,년월,금융회사코드,금융회사명,코드,구분,금액,금융구분,통계분류,통계표코드,통계표명
0,201306,0013361,㈜우리카드,A,카드자산,3746034000000,신용카드사,B,SC107,부문별 자산현황(카드자산)
1,201306,0013361,㈜우리카드,A1,카드자산_(대손충당금 등),118340000000,신용카드사,B,SC107,부문별 자산현황(카드자산)
2,201306,0013361,㈜우리카드,A2,카드자산_일시불 카드대급금,1598883000000,신용카드사,B,SC107,부문별 자산현황(카드자산)
3,201306,0013361,㈜우리카드,A3,카드자산_할부 카드대급금,954828000000,신용카드사,B,SC107,부문별 자산현황(카드자산)
4,201306,0013361,㈜우리카드,A4,카드자산_현금서비스,485544000000,신용카드사,B,SC107,부문별 자산현황(카드자산)
5,201306,0013361,㈜우리카드,A5,카드자산_카드론,533037000000,신용카드사,B,SC107,부문별 자산현황(카드자산)
6,201306,0013361,㈜우리카드,A6,카드자산_기타 카드자산,292082000000,신용카드사,B,SC107,부문별 자산현황(카드자산)
7,201306,0013361,㈜우리카드,A61,카드자산_기타 카드자산_리볼빙카드자산,287693000000,신용카드사,B,SC107,부문별 자산현황(카드자산)
8,201306,0013361,㈜우리카드,A610,카드자산_기타 카드자산_리볼빙카드자산_결제성리볼빙,250248000000,신용카드사,B,SC107,부문별 자산현황(카드자산)
9,201306,0013361,㈜우리카드,A611,카드자산_기타 카드자산_리볼빙카드자산_대출성리볼빙,37445000000,신용카드사,B,SC107,부문별 자산현황(카드자산)
10,201306,0013361,㈜우리카드,A62,카드자산_기타 카드자산_기타,4389000000,신용카드사,B,SC107,부문별 자산현황(카드자산)
11,201309,0013361,㈜우리카드,A,카드자산,4017766000000,신용카드사,B,SC107,부문별 자산현황(카드자산)
12,201309,0013361,㈜우리카드,A1,카드자산_(대손충당금 등),111979000000,신용카드사,B,SC107,부문별 자산현황(카드자산)
13,201309,0013361,㈜우리카드,A2,카드자산_일시불 카드대급금,1779240000000,신용카드사,B,SC107,부문별 자산현황(카드자산)
14,201309,0013361,㈜우리카드,A3,카드자산_할부 카드대급금,904528000000,신용카드사,B,SC107,부문별 자산현황(카드자산)
15,201309,0013361,㈜우리카드,A4,카드자산_현금서비스,488717000000,신용카드사,B,SC107,부문별 자산현황(카드자산)
16,201309,0013361,㈜우리카드,A5,카드자산_카드론,666316000000,신용카드사,B,SC107,부문별 자산현황(카드자산)
17,201309,0013361,㈜우리카드,A6,카드자산_기타 카드자산,290944000000,신용카드사,B,SC107,부문별 자산현황(카드자산)
18,201309,0013361,㈜우리카드,A61,카드자산_기타 카드자산_리볼빙카드자산,284516000000,신용카드사,B,SC107,부문별 자산현황(카드자산)
19,201309,0013361,㈜우리카드,A610,카드자산_기타 카드자산_리볼빙카드자산_결제성리볼빙,248692000000,신용카드사,B,SC107,부문별 자산현황(카드자산)
20,201309,0013361,㈜우리카드,A611,카드자산_기타 카드자산_리볼빙카드자산_대출성리볼빙,35824000000,신용카드사,B,SC107,부문별 자산현황(카드자산)
21,201309,0013361,㈜우리카드,A62,카드자산_기타 카드자산_기타,6428000000,신용카드사,B,SC107,부문별 자산현황(카드자산)
22,201312,0013361,㈜우리카드,A,카드자산,4107645000000,신용카드사,B,SC107,부문별 자산현황(카드자산)
23,201312,0013361,㈜우리카드,A1,카드자산_(대손충당금 등),109057000000,신용카드사,B,SC107,부문별 자산현황(카드자산)
24,201312,0013361,㈜우리카드,A2,카드자산_일시불 카드대급금,1748978000000,신용카드사,B,SC107,부문별 자산현황(카드자산)
25,201312,0013361,㈜우리카드,A3,카드자산_할부 카드대급금,924505000000,신용카드사,B,SC107,부문별 자산현황(카드자산)
26,201312,0013361,㈜우리카드,A4,카드자산_현금서비스,504181000000,신용카드사,B,SC107,부문별 자산현황(카드자산)
27,201312,0013361,㈜우리카드,A5,카드자산_카드론,749508000000,신용카드사,B,SC107,부문별 자산현황(카드자산)
28,201312,0013361,㈜우리카드,A6,카드자산_기타 카드자산,289531000000,신용카드사,B,SC107,부문별 자산현황(카드자산)
29,201312,0013361,㈜우리카드,A61,카드자산_기타 카드자산_리볼빙카드자산,282754000000,신용카드사,B,SC107,부문별 자산현황(카드자산)
30,201312,0013361,㈜우리카드,A610,카드자산_기타 카드자산_리볼빙카드자산_결제성리볼빙,247703000000,신용카드사,B,SC107,부문별 자산현황(카드자산)
31,201312,0013361,㈜우리카드,A611,카드자산_기타 카드자산_리볼빙카드자산_대출성리볼빙,35051000000,신용카드사,B,SC107,부문별 자산현황(카드자산)
32,201312,0013361,㈜우리카드,A62,카드자산_기타 카드자산_기타,6777000000,신용카드사,B,SC107,부문별 자산현황(카드자산)
33,201403,0013361,㈜우리카드,A,카드자산,4383286000000,신용카드사,B,SC107,부문별 자산현황(카드자산)
34,201403,0013361,㈜우리카드,A1,카드자산_(대손충당금 등),143517000000,신용카드사,B,SC107,부문별 자산현황(카드자산)
35,201403,0013361,㈜우리카드,A2,카드자산_일시불 카드대급금,1721736000000,신용카드사,B,SC107,부문별 자산현황(카드자산)
36,201403,0013361,㈜우리카드,A3,카드자산_할부 카드대급금,1284452000000,신용카드사,B,SC107,부문별 자산현황(카드자산)
37,201403,0013361,㈜우리카드,A4,카드자산_현금서비스,493916000000,신용카드사,B,SC107,부문별 자산현황(카드자산)
38,201403,0013361,㈜우리카드,A5,카드자산_카드론,742066000000,신용카드사,B,SC107,부문별 자산현황(카드자산)
39,201403,0013361,㈜우리카드,A6,카드자산_기타 카드자산,284635000000,신용카드사,B,SC107,부문별 자산현황(카드자산)
40,201403,0013361,㈜우리카드,A61,카드자산_기타 카드자산_리볼빙카드자산,277625000000,신용카드사,B,SC107,부문별 자산현황(카드자산)
41,201403,0013361,㈜우리카드,A610,카드자산_기타 카드자산_리볼빙카드자산_결제성리볼빙,243939000000,신용카드사,B,SC107,부문별 자산현황(카드자산)
42,201403,0013361,㈜우리카드,A611,카드자산_기타 카드자산_리볼빙카드자산_대출성리볼빙,33686000000,신용카드사,B,SC107,부문별 자산현황(카드자산)
43,201403,0013361,㈜우리카드,A62,카드자산_기타 카드자산_기타,7010000000,신용카드사,B,SC107,부문별 자산현황(카드자산)
44,201406,0013361,㈜우리카드,A,카드자산,4567169000000,신용카드사,B,SC107,부문별 자산현황(카드자산)
45,201406,0013361,㈜우리카드,A1,카드자산_(대손충당금 등),137601000000,신용카드사,B,SC107,부문별 자산현황(카드자산)
46,201406,0013361,㈜우리카드,A2,카드자산_일시불 카드대급금,1685603000000,신용카드사,B,SC107,부문별 자산현황(카드자산)
47,201406,0013361,㈜우리카드,A3,카드자산_할부 카드대급금,1171523000000,신용카드사,B,SC107,부문별 자산현황(카드자산)
48,201406,0013361,㈜우리카드,A4,카드자산_현금서비스,486141000000,신용카드사,B,SC107,부문별 자산현황(카드자산)
49,201406,0013361,㈜우리카드,A5,카드자산_카드론,1079094000000,신용카드사,B,SC107,부문별 자산현황(카드자산)
50,201406,0013361,㈜우리카드,A6,카드자산_기타 카드자산,282409000000,신용카드사,B,SC107,부문별 자산현황(카드자산)
51,201406,0013361,㈜우리카드,A61,카드자산_기타 카드자산_리볼빙카드자산,275743000000,신용카드사,B,SC107,부문별 자산현황(카드자산)
52,201406,0013361,㈜우리카드,A610,카드자산_기타 카드자산_리볼빙카드자산_결제성리볼빙,243504000000,신용카드사,B,SC107,부문별 자산현황(카드자산)
53,201406,0013361,㈜우리카드,A611,카드자산_기타 카드자산_리볼빙카드자산_대출성리볼빙,32239000000,신용카드사,B,SC107,부문별 자산현황(카드자산)
54,201406,0013361,㈜우리카드,A62,카드자산_기타 카드자산_기타,6665000000,신용카드사,B,SC107,부문별 자산현황(카드자산)
55,201409,0013361,㈜우리카드,A,카드자산,4726918000000,신용카드사,B,SC107,부문별 자산현황(카드자산)
56,201409,0013361,㈜우리카드,A1,카드자산_(대손충당금 등),128259000000,신용카드사,B,SC107,부문별 자산현황(카드자산)
57,201409,0013361,㈜우리카드,A2,카드자산_일시불 카드대급금,1722611000000,신용카드사,B,SC107,부문별 자산현황(카드자산)
58,201409,0013361,㈜우리카드,A3,카드자산_할부 카드대급금,1084699000000,신용카드사,B,SC107,부문별 자산현황(카드자산)
59,201409,0013361,㈜우리카드,A4,카드자산_현금서비스,497578000000,신용카드사,B,SC107,부문별 자산현황(카드자산)
60,201409,0013361,㈜우리카드,A5,카드자산_카드론,1267276000000,신용카드사,B,SC107,부문별 자산현황(카드자산)
61,201409,0013361,㈜우리카드,A6,카드자산_기타 카드자산,283012000000,신용카드사,B,SC107,부문별 자산현황(카드자산)
62,201409,0013361,㈜우리카드,A61,카드자산_기타 카드자산_리볼빙카드자산,273168000000,신용카드사,B,SC107,부문별 자산현황(카드자산)
63,201409,0013361,㈜우리카드,A610,카드자산_기타 카드자산_리볼빙카드자산_결제성리볼빙,242670000000,신용카드사,B,SC107,부문별 자산현황(카드자산)
64,201409,0013361,㈜우리카드,A611,카드자산_기타 카드자산_리볼빙카드자산_대출성리볼빙,30498000000,신용카드사,B,SC107,부문별 자산현황(카드자산)
65,201409,0013361,㈜우리카드,A62,카드자산_기타 카드자산_기타,9844000000,신용카드사,B,SC107,부문별 자산현황(카드자산)
66,201412,0013361,㈜우리카드,A,카드자산,4987410000000,신용카드사,B,SC107,부문별 자산현황(카드자산)
67,201412,0013361,㈜우리카드,A1,카드자산_(대손충당금 등),132940000000,신용카드사,B,SC107,부문별 자산현황(카드자산)
68,201412,0013361,㈜우리카드,A2,카드자산_일시불 카드대급금,1804089000000,신용카드사,B,SC107,부문별 자산현황(카드자산)
69,201412,0013361,㈜우리카드,A3,카드자산_할부 카드대급금,1131038000000,신용카드사,B,SC107,부문별 자산현황(카드자산)
70,201412,0013361,㈜우리카드,A4,카드자산_현금서비스,527844000000,신용카드사,B,SC107,부문별 자산현황(카드자산)
71,201412,0013361,㈜우리카드,A5,카드자산_카드론,1377546000000,신용카드사,B,SC107,부문별 자산현황(카드자산)
72,201412,0013361,㈜우리카드,A6,카드자산_기타 카드자산,279834000000,신용카드사,B,SC107,부문별 자산현황(카드자산)
73,201412,0013361,㈜우리카드,A61,카드자산_기타 카드자산_리볼빙카드자산,272335000000,신용카드사,B,SC107,부문별 자산현황(카드자산)
74,201412,0013361,㈜우리카드,A610,카드자산_기타 카드자산_리볼빙카드자산_결제성리볼빙,242511000000,신용카드사,B,SC107,부문별 자산현황(카드자산)
75,201412,0013361,㈜우리카드,A611,카드자산_기타 카드자산_리볼빙카드자산_대출성리볼빙,29824000000,신용카드사,B,SC107,부문별 자산현황(카드자산)
76,201412,0013361,㈜우리카드,A62,카드자산_기타 카드자산_기타,7499000000,신용카드사,B,SC107,부문별 자산현황(카드자산)
77,201503,0013361,㈜우리카드,A,카드자산,5037030000000,신용카드사,B,SC107,부문별 자산현황(카드자산)
78,201503,0013361,㈜우리카드,A1,카드자산_(대손충당금 등),133880000000,신용카드사,B,SC107,부문별 자산현황(카드자산)
79,201503,0013361,㈜우리카드,A2,카드자산_일시불 카드대급금,1687388000000,신용카드사,B,SC107,부문별 자산현황(카드자산)
80,201503,0013361,㈜우리카드,A3,카드자산_할부 카드대급금,1074096000000,신용카드사,B,SC107,부문별 자산현황(카드자산)
81,201503,0013361,㈜우리카드,A4,카드자산_현금서비스,515662000000,신용카드사,B,SC107,부문별 자산현황(카드자산)
82,201503,0013361,㈜우리카드,A5,카드자산_카드론,1618772000000,신용카드사,B,SC107,부문별 자산현황(카드자산)
83,201503,0013361,㈜우리카드,A6,카드자산_기타 카드자산,274992000000,신용카드사,B,SC107,부문별 자산현황(카드자산)
84,201503,0013361,㈜우리카드,A61,카드자산_기타 카드자산_리볼빙카드자산,263116000000,신용카드사,B,SC107,부문별 자산현황(카드자산)
85,201503,0013361,㈜우리카드,A610,카드자산_기타 카드자산_리볼빙카드자산_결제성리볼빙,235323000000,신용카드사,B,SC107,부문별 자산현황(카드자산)
86,201503,0013361,㈜우리카드,A611,카드자산_기타 카드자산_리볼빙카드자산_대출성리볼빙,27792000000,신용카드사,B,SC107,부문별 자산현황(카드자산)
87,201503,0013361,㈜우리카드,A62,카드자산_기타 카드자산_기타,11877000000,신용카드사,B,SC107,부문별 자산현황(카드자산)
88,201506,0013361,㈜우리카드,A,카드자산,5272379000000,신용카드사,B,SC107,부문별 자산현황(카드자산)
89,201506,0013361,㈜우리카드,A1,카드자산_(대손충당금 등),138211000000,신용카드사,B,SC107,부문별 자산현황(카드자산)
90,201506,0013361,㈜우리카드,A2,카드자산_일시불 카드대급금,1736247000000,신용카드사,B,SC107,부문별 자산현황(카드자산)
91,201506,0013361,㈜우리카드,A3,카드자산_할부 카드대급금,1111463000000,신용카드사,B,SC107,부문별 자산현황(카드자산)
92,201506,0013361,㈜우리카드,A4,카드자산_현금서비스,520472000000,신용카드사,B,SC107,부문별 자산현황(카드자산)
93,201506,0013361,㈜우리카드,A5,카드자산_카드론,1771304000000,신용카드사,B,SC107,부문별 자산현황(카드자산)
94,201506,0013361,㈜우리카드,A6,카드자산_기타 카드자산,271103000000,신용카드사,B,SC107,부문별 자산현황(카드자산)
95,201506,0013361,㈜우리카드,A61,카드자산_기타 카드자산_리볼빙카드자산,261392000000,신용카드사,B,SC107,부문별 자산현황(카드자산)
96,201506,0013361,㈜우리카드,A610,카드자산_기타 카드자산_리볼빙카드자산_결제성리볼빙,234986000000,신용카드사,B,SC107,부문별 자산현황(카드자산)
97,201506,0013361,㈜우리카드,A611,카드자산_기타 카드자산_리볼빙카드자산_대출성리볼빙,26406000000,신용카드사,B,SC107,부문별 자산현황(카드자산)
98,201506,0013361,㈜우리카드,A62,카드자산_기타 카드자산_기타,9711000000,신용카드사,B,SC107,부문별 자산현황(카드자산)
99,201509,0013361,㈜우리카드,A,카드자산,5857749000000,신용카드사,B,SC107,부문별 자산현황(카드자산)
100,201509,0013361,㈜우리카드,A1,카드자산_(대손충당금 등),152164000000,신용카드사,B,SC107,부문별 자산현황(카드자산)
101,201509,0013361,㈜우리카드,A2,카드자산_일시불 카드대급금,2067191000000,신용카드사,B,SC107,부문별 자산현황(카드자산)
102,201509,0013361,㈜우리카드,A3,카드자산_할부 카드대급금,1236539000000,신용카드사,B,SC107,부문별 자산현황(카드자산)
103,201509,0013361,㈜우리카드,A4,카드자산_현금서비스,525751000000,신용카드사,B,SC107,부문별 자산현황(카드자산)
104,201509,0013361,㈜우리카드,A5,카드자산_카드론,1899805000000,신용카드사,B,SC107,부문별 자산현황(카드자산)
105,201509,0013361,㈜우리카드,A6,카드자산_기타 카드자산,280625000000,신용카드사,B,SC107,부문별 자산현황(카드자산)
106,201509,0013361,㈜우리카드,A61,카드자산_기타 카드자산_리볼빙카드자산,263175000000,신용카드사,B,SC107,부문별 자산현황(카드자산)
107,201509,0013361,㈜우리카드,A610,카드자산_기타 카드자산_리볼빙카드자산_결제성리볼빙,237881000000,신용카드사,B,SC107,부문별 자산현황(카드자산)
108,201509,0013361,㈜우리카드,A611,카드자산_기타 카드자산_리볼빙카드자산_대출성리볼빙,25294000000,신용카드사,B,SC107,부문별 자산현황(카드자산)
109,201509,0013361,㈜우리카드,A62,카드자산_기타 카드자산_기타,17450000000,신용카드사,B,SC107,부문별 자산현황(카드자산)
110,201512,0013361,㈜우리카드,A,카드자산,5955191000000,신용카드사,B,SC107,부문별 자산현황(카드자산)
111,201512,0013361,㈜우리카드,A1,카드자산_(대손충당금 등),150688000000,신용카드사,B,SC107,부문별 자산현황(카드자산)
112,201512,0013361,㈜우리카드,A2,카드자산_일시불 카드대급금,2026837000000,신용카드사,B,SC107,부문별 자산현황(카드자산)
113,201512,0013361,㈜우리카드,A3,카드자산_할부 카드대급금,1314444000000,신용카드사,B,SC107,부문별 자산현황(카드자산)
114,201512,0013361,㈜우리카드,A4,카드자산_현금서비스,540304000000,신용카드사,B,SC107,부문별 자산현황(카드자산)
115,201512,0013361,㈜우리카드,A5,카드자산_카드론,1951460000000,신용카드사,B,SC107,부문별 자산현황(카드자산)
116,201512,0013361,㈜우리카드,A6,카드자산_기타 카드자산,272835000000,신용카드사,B,SC107,부문별 자산현황(카드자산)
117,201512,0013361,㈜우리카드,A61,카드자산_기타 카드자산_리볼빙카드자산,266842000000,신용카드사,B,SC107,부문별 자산현황(카드자산)
118,201512,0013361,㈜우리카드,A610,카드자산_기타 카드자산_리볼빙카드자산_결제성리볼빙,241935000000,신용카드사,B,SC107,부문별 자산현황(카드자산)
119,201512,0013361,㈜우리카드,A611,카드자산_기타 카드자산_리볼빙카드자산_대출성리볼빙,24908000000,신용카드사,B,SC107,부문별 자산현황(카드자산)
120,201512,0013361,㈜우리카드,A62,카드자산_기타 카드자산_기타,5992000000,신용카드사,B,SC107,부문별 자산현황(카드자산)
121,201603,0013361,㈜우리카드,A,카드자산,5921912000000,신용카드사,B,SC107,부문별 자산현황(카드자산)
122,201603,0013361,㈜우리카드,A1,카드자산_(대손충당금 등),156825000000,신용카드사,B,SC107,부문별 자산현황(카드자산)
123,201603,0013361,㈜우리카드,A2,카드자산_일시불 카드대급금,1957966000000,신용카드사,B,SC107,부문별 자산현황(카드자산)
124,201603,0013361,㈜우리카드,A3,카드자산_할부 카드대급금,1309296000000,신용카드사,B,SC107,부문별 자산현황(카드자산)
125,201603,0013361,㈜우리카드,A4,카드자산_현금서비스,540703000000,신용카드사,B,SC107,부문별 자산현황(카드자산)
126,201603,0013361,㈜우리카드,A5,카드자산_카드론,1982181000000,신용카드사,B,SC107,부문별 자산현황(카드자산)
127,201603,0013361,㈜우리카드,A6,카드자산_기타 카드자산,288590000000,신용카드사,B,SC107,부문별 자산현황(카드자산)
128,201603,0013361,㈜우리카드,A61,카드자산_기타 카드자산_리볼빙카드자산,274049000000,신용카드사,B,SC107,부문별 자산현황(카드자산)
129,201603,0013361,㈜우리카드,A610,카드자산_기타 카드자산_리볼빙카드자산_결제성리볼빙,250198000000,신용카드사,B,SC107,부문별 자산현황(카드자산)
130,201603,0013361,㈜우리카드,A611,카드자산_기타 카드자산_리볼빙카드자산_대출성리볼빙,23851000000,신용카드사,B,SC107,부문별 자산현황(카드자산)
131,201603,0013361,㈜우리카드,A62,카드자산_기타 카드자산_기타,14541000000,신용카드사,B,SC107,부문별 자산현황(카드자산)
132,201606,0013361,㈜우리카드,A,카드자산,6100508000000,신용카드사,B,SC107,부문별 자산현황(카드자산)
133,201606,0013361,㈜우리카드,A1,카드자산_(대손충당금 등),130741000000,신용카드사,B,SC107,부문별 자산현황(카드자산)
134,201606,0013361,㈜우리카드,A2,카드자산_일시불 카드대급금,2032475000000,신용카드사,B,SC107,부문별 자산현황(카드자산)
135,201606,0013361,㈜우리카드,A3,카드자산_할부 카드대급금,1304887000000,신용카드사,B,SC107,부문별 자산현황(카드자산)
136,201606,0013361,㈜우리카드,A4,카드자산_현금서비스,546694000000,신용카드사,B,SC107,부문별 자산현황(카드자산)
137,201606,0013361,㈜우리카드,A5,카드자산_카드론,2042562000000,신용카드사,B,SC107,부문별 자산현황(카드자산)
138,201606,0013361,㈜우리카드,A6,카드자산_기타 카드자산,304631000000,신용카드사,B,SC107,부문별 자산현황(카드자산)
139,201606,0013361,㈜우리카드,A61,카드자산_기타 카드자산_리볼빙카드자산,290001000000,신용카드사,B,SC107,부문별 자산현황(카드자산)
140,201606,0013361,㈜우리카드,A610,카드자산_기타 카드자산_리볼빙카드자산_결제성리볼빙,266670000000,신용카드사,B,SC107,부문별 자산현황(카드자산)
141,201606,0013361,㈜우리카드,A611,카드자산_기타 카드자산_리볼빙카드자산_대출성리볼빙,23331000000,신용카드사,B,SC107,부문별 자산현황(카드자산)
142,201606,0013361,㈜우리카드,A62,카드자산_기타 카드자산_기타,14630000000,신용카드사,B,SC107,부문별 자산현황(카드자산)
143,201609,0013361,㈜우리카드,A,카드자산,6280394000000,신용카드사,B,SC107,부문별 자산현황(카드자산)
144,201609,0013361,㈜우리카드,A1,카드자산_(대손충당금 등),150603000000,신용카드사,B,SC107,부문별 자산현황(카드자산)
145,201609,0013361,㈜우리카드,A2,카드자산_일시불 카드대급금,2113765000000,신용카드사,B,SC107,부문별 자산현황(카드자산)
146,201609,0013361,㈜우리카드,A3,카드자산_할부 카드대급금,1338719000000,신용카드사,B,SC107,부문별 자산현황(카드자산)
147,201609,0013361,㈜우리카드,A4,카드자산_현금서비스,553810000000,신용카드사,B,SC107,부문별 자산현황(카드자산)
148,201609,0013361,㈜우리카드,A5,카드자산_카드론,2103317000000,신용카드사,B,SC107,부문별 자산현황(카드자산)
149,201609,0013361,㈜우리카드,A6,카드자산_기타 카드자산,321386000000,신용카드사,B,SC107,부문별 자산현황(카드자산)
150,201609,0013361,㈜우리카드,A61,카드자산_기타 카드자산_리볼빙카드자산,305164000000,신용카드사,B,SC107,부문별 자산현황(카드자산)
151,201609,0013361,㈜우리카드,A610,카드자산_기타 카드자산_리볼빙카드자산_결제성리볼빙,282834000000,신용카드사,B,SC107,부문별 자산현황(카드자산)
152,201609,0013361,㈜우리카드,A611,카드자산_기타 카드자산_리볼빙카드자산_대출성리볼빙,22330000000,신용카드사,B,SC107,부문별 자산현황(카드자산)
153,201609,0013361,㈜우리카드,A62,카드자산_기타 카드자산_기타,16222000000,신용카드사,B,SC107,부문별 자산현황(카드자산)
154,201612,0013361,㈜우리카드,A,카드자산,6524878000000,신용카드사,B,SC107,부문별 자산현황(카드자산)
155,201612,0013361,㈜우리카드,A1,카드자산_(대손충당금 등),157461000000,신용카드사,B,SC107,부문별 자산현황(카드자산)
156,201612,0013361,㈜우리카드,A2,카드자산_일시불 카드대급금,2278458000000,신용카드사,B,SC107,부문별 자산현황(카드자산)
157,201612,0013361,㈜우리카드,A3,카드자산_할부 카드대급금,1383393000000,신용카드사,B,SC107,부문별 자산현황(카드자산)
158,201612,0013361,㈜우리카드,A4,카드자산_현금서비스,551779000000,신용카드사,B,SC107,부문별 자산현황(카드자산)
159,201612,0013361,㈜우리카드,A5,카드자산_카드론,2145658000000,신용카드사,B,SC107,부문별 자산현황(카드자산)
160,201612,0013361,㈜우리카드,A6,카드자산_기타 카드자산,323053000000,신용카드사,B,SC107,부문별 자산현황(카드자산)
161,201612,0013361,㈜우리카드,A61,카드자산_기타 카드자산_리볼빙카드자산,320359000000,신용카드사,B,SC107,부문별 자산현황(카드자산)
162,201612,0013361,㈜우리카드,A610,카드자산_기타 카드자산_리볼빙카드자산_결제성리볼빙,298889000000,신용카드사,B,SC107,부문별 자산현황(카드자산)
163,201612,0013361,㈜우리카드,A611,카드자산_기타 카드자산_리볼빙카드자산_대출성리볼빙,21470000000,신용카드사,B,SC107,부문별 자산현황(카드자산)
164,201612,0013361,㈜우리카드,A62,카드자산_기타 카드자산_기타,2693000000,신용카드사,B,SC107,부문별 자산현황(카드자산)
165,201103,0012627,㈜케이비국민카드,A,카드자산,11813295000000,신용카드사,B,SC107,부문별 자산현황(카드자산)
166,201103,0012627,㈜케이비국민카드,A1,카드자산_(대손충당금 등),354700000000,신용카드사,B,SC107,부문별 자산현황(카드자산)
167,201103,0012627,㈜케이비국민카드,A2,카드자산_일시불 카드대급금,2455010000000,신용카드사,B,SC107,부문별 자산현황(카드자산)
168,201103,0012627,㈜케이비국민카드,A3,카드자산_할부 카드대급금,2512602000000,신용카드사,B,SC107,부문별 자산현황(카드자산)
169,201103,0012627,㈜케이비국민카드,A4,카드자산_현금서비스,1394188000000,신용카드사,B,SC107,부문별 자산현황(카드자산)
170,201103,0012627,㈜케이비국민카드,A5,카드자산_카드론,2945599000000,신용카드사,B,SC107,부문별 자산현황(카드자산)
171,201103,0012627,㈜케이비국민카드,A6,카드자산_기타 카드자산,2873956000000,신용카드사,B,SC107,부문별 자산현황(카드자산)
172,201103,0012627,㈜케이비국민카드,A61,카드자산_기타 카드자산_리볼빙카드자산,2821128000000,신용카드사,B,SC107,부문별 자산현황(카드자산)
173,201103,0012627,㈜케이비국민카드,A610,카드자산_기타 카드자산_리볼빙카드자산_결제성리볼빙,1987723000000,신용카드사,B,SC107,부문별 자산현황(카드자산)
174,201103,0012627,㈜케이비국민카드,A611,카드자산_기타 카드자산_리볼빙카드자산_대출성리볼빙,833405000000,신용카드사,B,SC107,부문별 자산현황(카드자산)
175,201103,0012627,㈜케이비국민카드,A62,카드자산_기타 카드자산_기타,52828000000,신용카드사,B,SC107,부문별 자산현황(카드자산)
176,201106,0012627,㈜케이비국민카드,A,카드자산,11857124000000,신용카드사,B,SC107,부문별 자산현황(카드자산)
177,201106,0012627,㈜케이비국민카드,A1,카드자산_(대손충당금 등),360968000000,신용카드사,B,SC107,부문별 자산현황(카드자산)
178,201106,0012627,㈜케이비국민카드,A2,카드자산_일시불 카드대급금,2243363000000,신용카드사,B,SC107,부문별 자산현황(카드자산)
179,201106,0012627,㈜케이비국민카드,A3,카드자산_할부 카드대급금,2545827000000,신용카드사,B,SC107,부문별 자산현황(카드자산)
180,201106,0012627,㈜케이비국민카드,A4,카드자산_현금서비스,1412125000000,신용카드사,B,SC107,부문별 자산현황(카드자산)
181,201106,0012627,㈜케이비국민카드,A5,카드자산_카드론,3007890000000,신용카드사,B,SC107,부문별 자산현황(카드자산)
182,201106,0012627,㈜케이비국민카드,A6,카드자산_기타 카드자산,3031799000000,신용카드사,B,SC107,부문별 자산현황(카드자산)
183,201106,0012627,㈜케이비국민카드,A61,카드자산_기타 카드자산_리볼빙카드자산,2977331000000,신용카드사,B,SC107,부문별 자산현황(카드자산)
184,201106,0012627,㈜케이비국민카드,A610,카드자산_기타 카드자산_리볼빙카드자산_결제성리볼빙,2116743000000,신용카드사,B,SC107,부문별 자산현황(카드자산)
185,201106,0012627,㈜케이비국민카드,A611,카드자산_기타 카드자산_리볼빙카드자산_대출성리볼빙,860588000000,신용카드사,B,SC107,부문별 자산현황(카드자산)
186,201106,0012627,㈜케이비국민카드,A62,카드자산_기타 카드자산_기타,54468000000,신용카드사,B,SC107,부문별 자산현황(카드자산)
187,201109,0012627,㈜케이비국민카드,A,카드자산,11754633000000,신용카드사,B,SC107,부문별 자산현황(카드자산)
188,201109,0012627,㈜케이비국민카드,A1,카드자산_(대손충당금 등),341767000000,신용카드사,B,SC107,부문별 자산현황(카드자산)
189,201109,0012627,㈜케이비국민카드,A2,카드자산_일시불 카드대급금,2062294000000,신용카드사,B,SC107,부문별 자산현황(카드자산)
190,201109,0012627,㈜케이비국민카드,A3,카드자산_할부 카드대급금,2547682000000,신용카드사,B,SC107,부문별 자산현황(카드자산)
191,201109,0012627,㈜케이비국민카드,A4,카드자산_현금서비스,1366627000000,신용카드사,B,SC107,부문별 자산현황(카드자산)
192,201109,0012627,㈜케이비국민카드,A5,카드자산_카드론,3066344000000,신용카드사,B,SC107,부문별 자산현황(카드자산)
193,201109,0012627,㈜케이비국민카드,A6,카드자산_기타 카드자산,3079027000000,신용카드사,B,SC107,부문별 자산현황(카드자산)
194,201109,0012627,㈜케이비국민카드,A61,카드자산_기타 카드자산_리볼빙카드자산,3018459000000,신용카드사,B,SC107,부문별 자산현황(카드자산)
195,201109,0012627,㈜케이비국민카드,A610,카드자산_기타 카드자산_리볼빙카드자산_결제성리볼빙,2104561000000,신용카드사,B,SC107,부문별 자산현황(카드자산)
196,201109,0012627,㈜케이비국민카드,A611,카드자산_기타 카드자산_리볼빙카드자산_대출성리볼빙,913898000000,신용카드사,B,SC107,부문별 자산현황(카드자산)
197,201109,0012627,㈜케이비국민카드,A62,카드자산_기타 카드자산_기타,60568000000,신용카드사,B,SC107,부문별 자산현황(카드자산)
198,201112,0012627,㈜케이비국민카드,A,카드자산,12087376000000,신용카드사,B,SC107,부문별 자산현황(카드자산)
199,201112,0012627,㈜케이비국민카드,A1,카드자산_(대손충당금 등),335017000000,신용카드사,B,SC107,부문별 자산현황(카드자산)
200,201112,0012627,㈜케이비국민카드,A2,카드자산_일시불 카드대급금,2154262000000,신용카드사,B,SC107,부문별 자산현황(카드자산)
201,201112,0012627,㈜케이비국민카드,A3,카드자산_할부 카드대급금,2785336000000,신용카드사,B,SC107,부문별 자산현황(카드자산)
202,201112,0012627,㈜케이비국민카드,A4,카드자산_현금서비스,1337012000000,신용카드사,B,SC107,부문별 자산현황(카드자산)
203,201112,0012627,㈜케이비국민카드,A5,카드자산_카드론,2982148000000,신용카드사,B,SC107,부문별 자산현황(카드자산)
204,201112,0012627,㈜케이비국민카드,A6,카드자산_기타 카드자산,3194387000000,신용카드사,B,SC107,부문별 자산현황(카드자산)
205,201112,0012627,㈜케이비국민카드,A61,카드자산_기타 카드자산_리볼빙카드자산,3128506000000,신용카드사,B,SC107,부문별 자산현황(카드자산)
206,201112,0012627,㈜케이비국민카드,A610,카드자산_기타 카드자산_리볼빙카드자산_결제성리볼빙,2190126000000,신용카드사,B,SC107,부문별 자산현황(카드자산)
207,201112,0012627,㈜케이비국민카드,A611,카드자산_기타 카드자산_리볼빙카드자산_대출성리볼빙,938380000000,신용카드사,B,SC107,부문별 자산현황(카드자산)
208,201112,0012627,㈜케이비국민카드,A62,카드자산_기타 카드자산_기타,65881000000,신용카드사,B,SC107,부문별 자산현황(카드자산)
209,201203,0012627,㈜케이비국민카드,A,카드자산,11486668000000,신용카드사,B,SC107,부문별 자산현황(카드자산)
210,201203,0012627,㈜케이비국민카드,A1,카드자산_(대손충당금 등),317939000000,신용카드사,B,SC107,부문별 자산현황(카드자산)
211,201203,0012627,㈜케이비국민카드,A2,카드자산_일시불 카드대급금,1889184000000,신용카드사,B,SC107,부문별 자산현황(카드자산)
212,201203,0012627,㈜케이비국민카드,A3,카드자산_할부 카드대급금,2685095000000,신용카드사,B,SC107,부문별 자산현황(카드자산)
213,201203,0012627,㈜케이비국민카드,A4,카드자산_현금서비스,1235648000000,신용카드사,B,SC107,부문별 자산현황(카드자산)
214,201203,0012627,㈜케이비국민카드,A5,카드자산_카드론,2835457000000,신용카드사,B,SC107,부문별 자산현황(카드자산)
215,201203,0012627,㈜케이비국민카드,A6,카드자산_기타 카드자산,3188713000000,신용카드사,B,SC107,부문별 자산현황(카드자산)
216,201203,0012627,㈜케이비국민카드,A61,카드자산_기타 카드자산_리볼빙카드자산,3126736000000,신용카드사,B,SC107,부문별 자산현황(카드자산)
217,201203,0012627,㈜케이비국민카드,A610,카드자산_기타 카드자산_리볼빙카드자산_결제성리볼빙,2178169000000,신용카드사,B,SC107,부문별 자산현황(카드자산)
218,201203,0012627,㈜케이비국민카드,A611,카드자산_기타 카드자산_리볼빙카드자산_대출성리볼빙,948567000000,신용카드사,B,SC107,부문별 자산현황(카드자산)
219,201203,0012627,㈜케이비국민카드,A62,카드자산_기타 카드자산_기타,61977000000,신용카드사,B,SC107,부문별 자산현황(카드자산)
220,201206,0012627,㈜케이비국민카드,A,카드자산,11381931000000,신용카드사,B,SC107,부문별 자산현황(카드자산)
221,201206,0012627,㈜케이비국민카드,A1,카드자산_(대손충당금 등),298256000000,신용카드사,B,SC107,부문별 자산현황(카드자산)
222,201206,0012627,㈜케이비국민카드,A2,카드자산_일시불 카드대급금,1897600000000,신용카드사,B,SC107,부문별 자산현황(카드자산)
223,201206,0012627,㈜케이비국민카드,A3,카드자산_할부 카드대급금,2640856000000,신용카드사,B,SC107,부문별 자산현황(카드자산)
224,201206,0012627,㈜케이비국민카드,A4,카드자산_현금서비스,1181333000000,신용카드사,B,SC107,부문별 자산현황(카드자산)
225,201206,0012627,㈜케이비국민카드,A5,카드자산_카드론,2702535000000,신용카드사,B,SC107,부문별 자산현황(카드자산)
226,201206,0012627,㈜케이비국민카드,A6,카드자산_기타 카드자산,3283045000000,신용카드사,B,SC107,부문별 자산현황(카드자산)
227,201206,0012627,㈜케이비국민카드,A61,카드자산_기타 카드자산_리볼빙카드자산,3217589000000,신용카드사,B,SC107,부문별 자산현황(카드자산)
228,201206,0012627,㈜케이비국민카드,A610,카드자산_기타 카드자산_리볼빙카드자산_결제성리볼빙,2256057000000,신용카드사,B,SC107,부문별 자산현황(카드자산)
229,201206,0012627,㈜케이비국민카드,A611,카드자산_기타 카드자산_리볼빙카드자산_대출성리볼빙,961532000000,신용카드사,B,SC107,부문별 자산현황(카드자산)
230,201206,0012627,㈜케이비국민카드,A62,카드자산_기타 카드자산_기타,65456000000,신용카드사,B,SC107,부문별 자산현황(카드자산)
231,201209,0012627,㈜케이비국민카드,A,카드자산,11307485000000,신용카드사,B,SC107,부문별 자산현황(카드자산)
232,201209,0012627,㈜케이비국민카드,A1,카드자산_(대손충당금 등),306289000000,신용카드사,B,SC107,부문별 자산현황(카드자산)
233,201209,0012627,㈜케이비국민카드,A2,카드자산_일시불 카드대급금,1951201000000,신용카드사,B,SC107,부문별 자산현황(카드자산)
234,201209,0012627,㈜케이비국민카드,A3,카드자산_할부 카드대급금,2593211000000,신용카드사,B,SC107,부문별 자산현황(카드자산)
235,201209,0012627,㈜케이비국민카드,A4,카드자산_현금서비스,1127361000000,신용카드사,B,SC107,부문별 자산현황(카드자산)
236,201209,0012627,㈜케이비국민카드,A5,카드자산_카드론,2683004000000,신용카드사,B,SC107,부문별 자산현황(카드자산)
237,201209,0012627,㈜케이비국민카드,A6,카드자산_기타 카드자산,3280121000000,신용카드사,B,SC107,부문별 자산현황(카드자산)
238,201209,0012627,㈜케이비국민카드,A61,카드자산_기타 카드자산_리볼빙카드자산,3208082000000,신용카드사,B,SC107,부문별 자산현황(카드자산)
239,201209,0012627,㈜케이비국민카드,A610,카드자산_기타 카드자산_리볼빙카드자산_결제성리볼빙,2262874000000,신용카드사,B,SC107,부문별 자산현황(카드자산)
240,201209,0012627,㈜케이비국민카드,A611,카드자산_기타 카드자산_리볼빙카드자산_대출성리볼빙,945208000000,신용카드사,B,SC107,부문별 자산현황(카드자산)
241,201209,0012627,㈜케이비국민카드,A62,카드자산_기타 카드자산_기타,72039000000,신용카드사,B,SC107,부문별 자산현황(카드자산)
242,201212,0012627,㈜케이비국민카드,A,카드자산,11561266000000,신용카드사,B,SC107,부문별 자산현황(카드자산)
243,201212,0012627,㈜케이비국민카드,A1,카드자산_(대손충당금 등),320099000000,신용카드사,B,SC107,부문별 자산현황(카드자산)
244,201212,0012627,㈜케이비국민카드,A2,카드자산_일시불 카드대급금,2084352000000,신용카드사,B,SC107,부문별 자산현황(카드자산)
245,201212,0012627,㈜케이비국민카드,A3,카드자산_할부 카드대급금,2688841000000,신용카드사,B,SC107,부문별 자산현황(카드자산)
246,201212,0012627,㈜케이비국민카드,A4,카드자산_현금서비스,1102125000000,신용카드사,B,SC107,부문별 자산현황(카드자산)
247,201212,0012627,㈜케이비국민카드,A5,카드자산_카드론,2647360000000,신용카드사,B,SC107,부문별 자산현황(카드자산)
248,201212,0012627,㈜케이비국민카드,A6,카드자산_기타 카드자산,3377507000000,신용카드사,B,SC107,부문별 자산현황(카드자산)
249,201212,0012627,㈜케이비국민카드,A61,카드자산_기타 카드자산_리볼빙카드자산,3267682000000,신용카드사,B,SC107,부문별 자산현황(카드자산)
250,201212,0012627,㈜케이비국민카드,A610,카드자산_기타 카드자산_리볼빙카드자산_결제성리볼빙,2338323000000,신용카드사,B,SC107,부문별 자산현황(카드자산)
251,201212,0012627,㈜케이비국민카드,A611,카드자산_기타 카드자산_리볼빙카드자산_대출성리볼빙,929359000000,신용카드사,B,SC107,부문별 자산현황(카드자산)
252,201212,0012627,㈜케이비국민카드,A62,카드자산_기타 카드자산_기타,109825000000,신용카드사,B,SC107,부문별 자산현황(카드자산)
253,201303,0012627,㈜케이비국민카드,A,카드자산,10698500000000,신용카드사,B,SC107,부문별 자산현황(카드자산)
254,201303,0012627,㈜케이비국민카드,A1,카드자산_(대손충당금 등),382926000000,신용카드사,B,SC107,부문별 자산현황(카드자산)
255,201303,0012627,㈜케이비국민카드,A2,카드자산_일시불 카드대급금,1778493000000,신용카드사,B,SC107,부문별 자산현황(카드자산)
256,201303,0012627,㈜케이비국민카드,A3,카드자산_할부 카드대급금,2387545000000,신용카드사,B,SC107,부문별 자산현황(카드자산)
257,201303,0012627,㈜케이비국민카드,A4,카드자산_현금서비스,1110305000000,신용카드사,B,SC107,부문별 자산현황(카드자산)
258,201303,0012627,㈜케이비국민카드,A5,카드자산_카드론,2717591000000,신용카드사,B,SC107,부문별 자산현황(카드자산)
259,201303,0012627,㈜케이비국민카드,A6,카드자산_기타 카드자산,3101894000000,신용카드사,B,SC107,부문별 자산현황(카드자산)
260,201303,0012627,㈜케이비국민카드,A61,카드자산_기타 카드자산_리볼빙카드자산,3038563000000,신용카드사,B,SC107,부문별 자산현황(카드자산)
261,201303,0012627,㈜케이비국민카드,A610,카드자산_기타 카드자산_리볼빙카드자산_결제성리볼빙,2313090000000,신용카드사,B,SC107,부문별 자산현황(카드자산)
262,201303,0012627,㈜케이비국민카드,A611,카드자산_기타 카드자산_리볼빙카드자산_대출성리볼빙,725473000000,신용카드사,B,SC107,부문별 자산현황(카드자산)
263,201303,0012627,㈜케이비국민카드,A62,카드자산_기타 카드자산_기타,63331000000,신용카드사,B,SC107,부문별 자산현황(카드자산)
264,201306,0012627,㈜케이비국민카드,A,카드자산,10663543000000,신용카드사,B,SC107,부문별 자산현황(카드자산)
265,201306,0012627,㈜케이비국민카드,A1,카드자산_(대손충당금 등),388182000000,신용카드사,B,SC107,부문별 자산현황(카드자산)
266,201306,0012627,㈜케이비국민카드,A2,카드자산_일시불 카드대급금,1782354000000,신용카드사,B,SC107,부문별 자산현황(카드자산)
267,201306,0012627,㈜케이비국민카드,A3,카드자산_할부 카드대급금,2277208000000,신용카드사,B,SC107,부문별 자산현황(카드자산)
268,201306,0012627,㈜케이비국민카드,A4,카드자산_현금서비스,1054074000000,신용카드사,B,SC107,부문별 자산현황(카드자산)
269,201306,0012627,㈜케이비국민카드,A5,카드자산_카드론,2838363000000,신용카드사,B,SC107,부문별 자산현황(카드자산)
270,201306,0012627,㈜케이비국민카드,A6,카드자산_기타 카드자산,3114448000000,신용카드사,B,SC107,부문별 자산현황(카드자산)
271,201306,0012627,㈜케이비국민카드,A61,카드자산_기타 카드자산_리볼빙카드자산,3050267000000,신용카드사,B,SC107,부문별 자산현황(카드자산)
272,201306,0012627,㈜케이비국민카드,A610,카드자산_기타 카드자산_리볼빙카드자산_결제성리볼빙,2433828000000,신용카드사,B,SC107,부문별 자산현황(카드자산)
273,201306,0012627,㈜케이비국민카드,A611,카드자산_기타 카드자산_리볼빙카드자산_대출성리볼빙,616439000000,신용카드사,B,SC107,부문별 자산현황(카드자산)
274,201306,0012627,㈜케이비국민카드,A62,카드자산_기타 카드자산_기타,64181000000,신용카드사,B,SC107,부문별 자산현황(카드자산)
275,201309,0012627,㈜케이비국민카드,A,카드자산,11059338000000,신용카드사,B,SC107,부문별 자산현황(카드자산)
276,201309,0012627,㈜케이비국민카드,A1,카드자산_(대손충당금 등),387183000000,신용카드사,B,SC107,부문별 자산현황(카드자산)
277,201309,0012627,㈜케이비국민카드,A2,카드자산_일시불 카드대급금,1921585000000,신용카드사,B,SC107,부문별 자산현황(카드자산)
278,201309,0012627,㈜케이비국민카드,A3,카드자산_할부 카드대급금,2400178000000,신용카드사,B,SC107,부문별 자산현황(카드자산)
279,201309,0012627,㈜케이비국민카드,A4,카드자산_현금서비스,1040088000000,신용카드사,B,SC107,부문별 자산현황(카드자산)
280,201309,0012627,㈜케이비국민카드,A5,카드자산_카드론,2908582000000,신용카드사,B,SC107,부문별 자산현황(카드자산)
281,201309,0012627,㈜케이비국민카드,A6,카드자산_기타 카드자산,3192552000000,신용카드사,B,SC107,부문별 자산현황(카드자산)
282,201309,0012627,㈜케이비국민카드,A61,카드자산_기타 카드자산_리볼빙카드자산,3084803000000,신용카드사,B,SC107,부문별 자산현황(카드자산)
283,201309,0012627,㈜케이비국민카드,A610,카드자산_기타 카드자산_리볼빙카드자산_결제성리볼빙,2544943000000,신용카드사,B,SC107,부문별 자산현황(카드자산)
284,201309,0012627,㈜케이비국민카드,A611,카드자산_기타 카드자산_리볼빙카드자산_대출성리볼빙,539860000000,신용카드사,B,SC107,부문별 자산현황(카드자산)
285,201309,0012627,㈜케이비국민카드,A62,카드자산_기타 카드자산_기타,107749000000,신용카드사,B,SC107,부문별 자산현황(카드자산)
286,201312,0012627,㈜케이비국민카드,A,카드자산,11390135000000,신용카드사,B,SC107,부문별 자산현황(카드자산)
287,201312,0012627,㈜케이비국민카드,A1,카드자산_(대손충당금 등),400067000000,신용카드사,B,SC107,부문별 자산현황(카드자산)
288,201312,0012627,㈜케이비국민카드,A2,카드자산_일시불 카드대급금,1972680000000,신용카드사,B,SC107,부문별 자산현황(카드자산)
289,201312,0012627,㈜케이비국민카드,A3,카드자산_할부 카드대급금,2609513000000,신용카드사,B,SC107,부문별 자산현황(카드자산)
290,201312,0012627,㈜케이비국민카드,A4,카드자산_현금서비스,1039111000000,신용카드사,B,SC107,부문별 자산현황(카드자산)
291,201312,0012627,㈜케이비국민카드,A5,카드자산_카드론,2958766000000,신용카드사,B,SC107,부문별 자산현황(카드자산)
292,201312,0012627,㈜케이비국민카드,A6,카드자산_기타 카드자산,3229632000000,신용카드사,B,SC107,부문별 자산현황(카드자산)
293,201312,0012627,㈜케이비국민카드,A61,카드자산_기타 카드자산_리볼빙카드자산,3120268000000,신용카드사,B,SC107,부문별 자산현황(카드자산)
294,201312,0012627,㈜케이비국민카드,A610,카드자산_기타 카드자산_리볼빙카드자산_결제성리볼빙,2634118000000,신용카드사,B,SC107,부문별 자산현황(카드자산)
295,201312,0012627,㈜케이비국민카드,A611,카드자산_기타 카드자산_리볼빙카드자산_대출성리볼빙,486150000000,신용카드사,B,SC107,부문별 자산현황(카드자산)
296,201312,0012627,㈜케이비국민카드,A62,카드자산_기타 카드자산_기타,109364000000,신용카드사,B,SC107,부문별 자산현황(카드자산)
297,201403,0012627,㈜케이비국민카드,A,카드자산,10544700000000,신용카드사,B,SC107,부문별 자산현황(카드자산)
298,201403,0012627,㈜케이비국민카드,A1,카드자산_(대손충당금 등),400124000000,신용카드사,B,SC107,부문별 자산현황(카드자산)
299,201403,0012627,㈜케이비국민카드,A2,카드자산_일시불 카드대급금,1821129000000,신용카드사,B,SC107,부문별 자산현황(카드자산)
300,201403,0012627,㈜케이비국민카드,A3,카드자산_할부 카드대급금,2414507000000,신용카드사,B,SC107,부문별 자산현황(카드자산)
301,201403,0012627,㈜케이비국민카드,A4,카드자산_현금서비스,1004503000000,신용카드사,B,SC107,부문별 자산현황(카드자산)
302,201403,0012627,㈜케이비국민카드,A5,카드자산_카드론,2739591000000,신용카드사,B,SC107,부문별 자산현황(카드자산)
303,201403,0012627,㈜케이비국민카드,A6,카드자산_기타 카드자산,2983228000000,신용카드사,B,SC107,부문별 자산현황(카드자산)
304,201403,0012627,㈜케이비국민카드,A61,카드자산_기타 카드자산_리볼빙카드자산,2882726000000,신용카드사,B,SC107,부문별 자산현황(카드자산)
305,201403,0012627,㈜케이비국민카드,A610,카드자산_기타 카드자산_리볼빙카드자산_결제성리볼빙,2440815000000,신용카드사,B,SC107,부문별 자산현황(카드자산)
306,201403,0012627,㈜케이비국민카드,A611,카드자산_기타 카드자산_리볼빙카드자산_대출성리볼빙,441911000000,신용카드사,B,SC107,부문별 자산현황(카드자산)
307,201403,0012627,㈜케이비국민카드,A62,카드자산_기타 카드자산_기타,100502000000,신용카드사,B,SC107,부문별 자산현황(카드자산)
308,201406,0012627,㈜케이비국민카드,A,카드자산,10608349000000,신용카드사,B,SC107,부문별 자산현황(카드자산)
309,201406,0012627,㈜케이비국민카드,A1,카드자산_(대손충당금 등),393349000000,신용카드사,B,SC107,부문별 자산현황(카드자산)
310,201406,0012627,㈜케이비국민카드,A2,카드자산_일시불 카드대급금,1817691000000,신용카드사,B,SC107,부문별 자산현황(카드자산)
311,201406,0012627,㈜케이비국민카드,A3,카드자산_할부 카드대급금,2413827000000,신용카드사,B,SC107,부문별 자산현황(카드자산)
312,201406,0012627,㈜케이비국민카드,A4,카드자산_현금서비스,996914000000,신용카드사,B,SC107,부문별 자산현황(카드자산)
313,201406,0012627,㈜케이비국민카드,A5,카드자산_카드론,2814709000000,신용카드사,B,SC107,부문별 자산현황(카드자산)
314,201406,0012627,㈜케이비국민카드,A6,카드자산_기타 카드자산,2978681000000,신용카드사,B,SC107,부문별 자산현황(카드자산)
315,201406,0012627,㈜케이비국민카드,A61,카드자산_기타 카드자산_리볼빙카드자산,2882557000000,신용카드사,B,SC107,부문별 자산현황(카드자산)
316,201406,0012627,㈜케이비국민카드,A610,카드자산_기타 카드자산_리볼빙카드자산_결제성리볼빙,2472020000000,신용카드사,B,SC107,부문별 자산현황(카드자산)
317,201406,0012627,㈜케이비국민카드,A611,카드자산_기타 카드자산_리볼빙카드자산_대출성리볼빙,410537000000,신용카드사,B,SC107,부문별 자산현황(카드자산)
318,201406,0012627,㈜케이비국민카드,A62,카드자산_기타 카드자산_기타,96124000000,신용카드사,B,SC107,부문별 자산현황(카드자산)
319,201409,0012627,㈜케이비국민카드,A,카드자산,10757289000000,신용카드사,B,SC107,부문별 자산현황(카드자산)
320,201409,0012627,㈜케이비국민카드,A1,카드자산_(대손충당금 등),384454000000,신용카드사,B,SC107,부문별 자산현황(카드자산)
321,201409,0012627,㈜케이비국민카드,A2,카드자산_일시불 카드대급금,1836421000000,신용카드사,B,SC107,부문별 자산현황(카드자산)
322,201409,0012627,㈜케이비국민카드,A3,카드자산_할부 카드대급금,2481448000000,신용카드사,B,SC107,부문별 자산현황(카드자산)
323,201409,0012627,㈜케이비국민카드,A4,카드자산_현금서비스,968938000000,신용카드사,B,SC107,부문별 자산현황(카드자산)
324,201409,0012627,㈜케이비국민카드,A5,카드자산_카드론,2934666000000,신용카드사,B,SC107,부문별 자산현황(카드자산)
325,201409,0012627,㈜케이비국민카드,A6,카드자산_기타 카드자산,2941238000000,신용카드사,B,SC107,부문별 자산현황(카드자산)
326,201409,0012627,㈜케이비국민카드,A61,카드자산_기타 카드자산_리볼빙카드자산,2847950000000,신용카드사,B,SC107,부문별 자산현황(카드자산)
327,201409,0012627,㈜케이비국민카드,A610,카드자산_기타 카드자산_리볼빙카드자산_결제성리볼빙,2470854000000,신용카드사,B,SC107,부문별 자산현황(카드자산)
328,201409,0012627,㈜케이비국민카드,A611,카드자산_기타 카드자산_리볼빙카드자산_대출성리볼빙,377096000000,신용카드사,B,SC107,부문별 자산현황(카드자산)
329,201409,0012627,㈜케이비국민카드,A62,카드자산_기타 카드자산_기타,93288000000,신용카드사,B,SC107,부문별 자산현황(카드자산)
330,201412,0012627,㈜케이비국민카드,A,카드자산,11260912000000,신용카드사,B,SC107,부문별 자산현황(카드자산)
331,201412,0012627,㈜케이비국민카드,A1,카드자산_(대손충당금 등),378283000000,신용카드사,B,SC107,부문별 자산현황(카드자산)
332,201412,0012627,㈜케이비국민카드,A2,카드자산_일시불 카드대급금,1906555000000,신용카드사,B,SC107,부문별 자산현황(카드자산)
333,201412,0012627,㈜케이비국민카드,A3,카드자산_할부 카드대급금,2797994000000,신용카드사,B,SC107,부문별 자산현황(카드자산)
334,201412,0012627,㈜케이비국민카드,A4,카드자산_현금서비스,966792000000,신용카드사,B,SC107,부문별 자산현황(카드자산)
335,201412,0012627,㈜케이비국민카드,A5,카드자산_카드론,3045736000000,신용카드사,B,SC107,부문별 자산현황(카드자산)
336,201412,0012627,㈜케이비국민카드,A6,카드자산_기타 카드자산,2945642000000,신용카드사,B,SC107,부문별 자산현황(카드자산)
337,201412,0012627,㈜케이비국민카드,A61,카드자산_기타 카드자산_리볼빙카드자산,2882348000000,신용카드사,B,SC107,부문별 자산현황(카드자산)
338,201412,0012627,㈜케이비국민카드,A610,카드자산_기타 카드자산_리볼빙카드자산_결제성리볼빙,2526074000000,신용카드사,B,SC107,부문별 자산현황(카드자산)
339,201412,0012627,㈜케이비국민카드,A611,카드자산_기타 카드자산_리볼빙카드자산_대출성리볼빙,356274000000,신용카드사,B,SC107,부문별 자산현황(카드자산)
340,201412,0012627,㈜케이비국민카드,A62,카드자산_기타 카드자산_기타,63294000000,신용카드사,B,SC107,부문별 자산현황(카드자산)
341,201503,0012627,㈜케이비국민카드,A,카드자산,11171317000000,신용카드사,B,SC107,부문별 자산현황(카드자산)
342,201503,0012627,㈜케이비국민카드,A1,카드자산_(대손충당금 등),374333000000,신용카드사,B,SC107,부문별 자산현황(카드자산)
343,201503,0012627,㈜케이비국민카드,A2,카드자산_일시불 카드대급금,1835556000000,신용카드사,B,SC107,부문별 자산현황(카드자산)
344,201503,0012627,㈜케이비국민카드,A3,카드자산_할부 카드대급금,2744523000000,신용카드사,B,SC107,부문별 자산현황(카드자산)
345,201503,0012627,㈜케이비국민카드,A4,카드자산_현금서비스,929931000000,신용카드사,B,SC107,부문별 자산현황(카드자산)
346,201503,0012627,㈜케이비국민카드,A5,카드자산_카드론,3188653000000,신용카드사,B,SC107,부문별 자산현황(카드자산)
347,201503,0012627,㈜케이비국민카드,A6,카드자산_기타 카드자산,2868507000000,신용카드사,B,SC107,부문별 자산현황(카드자산)
348,201503,0012627,㈜케이비국민카드,A61,카드자산_기타 카드자산_리볼빙카드자산,2774789000000,신용카드사,B,SC107,부문별 자산현황(카드자산)
349,201503,0012627,㈜케이비국민카드,A610,카드자산_기타 카드자산_리볼빙카드자산_결제성리볼빙,2445017000000,신용카드사,B,SC107,부문별 자산현황(카드자산)
350,201503,0012627,㈜케이비국민카드,A611,카드자산_기타 카드자산_리볼빙카드자산_대출성리볼빙,329772000000,신용카드사,B,SC107,부문별 자산현황(카드자산)
351,201503,0012627,㈜케이비국민카드,A62,카드자산_기타 카드자산_기타,93718000000,신용카드사,B,SC107,부문별 자산현황(카드자산)
352,201506,0012627,㈜케이비국민카드,A,카드자산,11172046000000,신용카드사,B,SC107,부문별 자산현황(카드자산)
353,201506,0012627,㈜케이비국민카드,A1,카드자산_(대손충당금 등),394711000000,신용카드사,B,SC107,부문별 자산현황(카드자산)
354,201506,0012627,㈜케이비국민카드,A2,카드자산_일시불 카드대급금,1825513000000,신용카드사,B,SC107,부문별 자산현황(카드자산)
355,201506,0012627,㈜케이비국민카드,A3,카드자산_할부 카드대급금,2694307000000,신용카드사,B,SC107,부문별 자산현황(카드자산)
356,201506,0012627,㈜케이비국민카드,A4,카드자산_현금서비스,910296000000,신용카드사,B,SC107,부문별 자산현황(카드자산)
357,201506,0012627,㈜케이비국민카드,A5,카드자산_카드론,3336475000000,신용카드사,B,SC107,부문별 자산현황(카드자산)
358,201506,0012627,㈜케이비국민카드,A6,카드자산_기타 카드자산,2819246000000,신용카드사,B,SC107,부문별 자산현황(카드자산)
359,201506,0012627,㈜케이비국민카드,A61,카드자산_기타 카드자산_리볼빙카드자산,2737548000000,신용카드사,B,SC107,부문별 자산현황(카드자산)
360,201506,0012627,㈜케이비국민카드,A610,카드자산_기타 카드자산_리볼빙카드자산_결제성리볼빙,2429940000000,신용카드사,B,SC107,부문별 자산현황(카드자산)
361,201506,0012627,㈜케이비국민카드,A611,카드자산_기타 카드자산_리볼빙카드자산_대출성리볼빙,307608000000,신용카드사,B,SC107,부문별 자산현황(카드자산)
362,201506,0012627,㈜케이비국민카드,A62,카드자산_기타 카드자산_기타,81698000000,신용카드사,B,SC107,부문별 자산현황(카드자산)
363,201509,0012627,㈜케이비국민카드,A,카드자산,11582543000000,신용카드사,B,SC107,부문별 자산현황(카드자산)
364,201509,0012627,㈜케이비국민카드,A1,카드자산_(대손충당금 등),396282000000,신용카드사,B,SC107,부문별 자산현황(카드자산)
365,201509,0012627,㈜케이비국민카드,A2,카드자산_일시불 카드대급금,2023217000000,신용카드사,B,SC107,부문별 자산현황(카드자산)
366,201509,0012627,㈜케이비국민카드,A3,카드자산_할부 카드대급금,2724639000000,신용카드사,B,SC107,부문별 자산현황(카드자산)
367,201509,0012627,㈜케이비국민카드,A4,카드자산_현금서비스,904749000000,신용카드사,B,SC107,부문별 자산현황(카드자산)
368,201509,0012627,㈜케이비국민카드,A5,카드자산_카드론,3457450000000,신용카드사,B,SC107,부문별 자산현황(카드자산)
369,201509,0012627,㈜케이비국민카드,A6,카드자산_기타 카드자산,2885568000000,신용카드사,B,SC107,부문별 자산현황(카드자산)
370,201509,0012627,㈜케이비국민카드,A61,카드자산_기타 카드자산_리볼빙카드자산,2783913000000,신용카드사,B,SC107,부문별 자산현황(카드자산)
371,201509,0012627,㈜케이비국민카드,A610,카드자산_기타 카드자산_리볼빙카드자산_결제성리볼빙,2490249000000,신용카드사,B,SC107,부문별 자산현황(카드자산)
372,201509,0012627,㈜케이비국민카드,A611,카드자산_기타 카드자산_리볼빙카드자산_대출성리볼빙,293664000000,신용카드사,B,SC107,부문별 자산현황(카드자산)
373,201509,0012627,㈜케이비국민카드,A62,카드자산_기타 카드자산_기타,101655000000,신용카드사,B,SC107,부문별 자산현황(카드자산)
374,201512,0012627,㈜케이비국민카드,A,카드자산,11760747000000,신용카드사,B,SC107,부문별 자산현황(카드자산)
375,201512,0012627,㈜케이비국민카드,A1,카드자산_(대손충당금 등),389341000000,신용카드사,B,SC107,부문별 자산현황(카드자산)
376,201512,0012627,㈜케이비국민카드,A2,카드자산_일시불 카드대급금,1999261000000,신용카드사,B,SC107,부문별 자산현황(카드자산)
377,201512,0012627,㈜케이비국민카드,A3,카드자산_할부 카드대급금,2873857000000,신용카드사,B,SC107,부문별 자산현황(카드자산)
378,201512,0012627,㈜케이비국민카드,A4,카드자산_현금서비스,923436000000,신용카드사,B,SC107,부문별 자산현황(카드자산)
379,201512,0012627,㈜케이비국민카드,A5,카드자산_카드론,3528095000000,신용카드사,B,SC107,부문별 자산현황(카드자산)
380,201512,0012627,㈜케이비국민카드,A6,카드자산_기타 카드자산,2843563000000,신용카드사,B,SC107,부문별 자산현황(카드자산)
381,201512,0012627,㈜케이비국민카드,A61,카드자산_기타 카드자산_리볼빙카드자산,2788994000000,신용카드사,B,SC107,부문별 자산현황(카드자산)
382,201512,0012627,㈜케이비국민카드,A610,카드자산_기타 카드자산_리볼빙카드자산_결제성리볼빙,2502288000000,신용카드사,B,SC107,부문별 자산현황(카드자산)
383,201512,0012627,㈜케이비국민카드,A611,카드자산_기타 카드자산_리볼빙카드자산_대출성리볼빙,286706000000,신용카드사,B,SC107,부문별 자산현황(카드자산)
384,201512,0012627,㈜케이비국민카드,A62,카드자산_기타 카드자산_기타,54569000000,신용카드사,B,SC107,부문별 자산현황(카드자산)
385,201603,0012627,㈜케이비국민카드,A,카드자산,11649549000000,신용카드사,B,SC107,부문별 자산현황(카드자산)
386,201603,0012627,㈜케이비국민카드,A1,카드자산_(대손충당금 등),395852000000,신용카드사,B,SC107,부문별 자산현황(카드자산)
387,201603,0012627,㈜케이비국민카드,A2,카드자산_일시불 카드대급금,1964985000000,신용카드사,B,SC107,부문별 자산현황(카드자산)
388,201603,0012627,㈜케이비국민카드,A3,카드자산_할부 카드대급금,2769327000000,신용카드사,B,SC107,부문별 자산현황(카드자산)
389,201603,0012627,㈜케이비국민카드,A4,카드자산_현금서비스,916208000000,신용카드사,B,SC107,부문별 자산현황(카드자산)
390,201603,0012627,㈜케이비국민카드,A5,카드자산_카드론,3668356000000,신용카드사,B,SC107,부문별 자산현황(카드자산)
391,201603,0012627,㈜케이비국민카드,A6,카드자산_기타 카드자산,2742663000000,신용카드사,B,SC107,부문별 자산현황(카드자산)
392,201603,0012627,㈜케이비국민카드,A61,카드자산_기타 카드자산_리볼빙카드자산,2694815000000,신용카드사,B,SC107,부문별 자산현황(카드자산)
393,201603,0012627,㈜케이비국민카드,A610,카드자산_기타 카드자산_리볼빙카드자산_결제성리볼빙,2421769000000,신용카드사,B,SC107,부문별 자산현황(카드자산)
394,201603,0012627,㈜케이비국민카드,A611,카드자산_기타 카드자산_리볼빙카드자산_대출성리볼빙,273046000000,신용카드사,B,SC107,부문별 자산현황(카드자산)
395,201603,0012627,㈜케이비국민카드,A62,카드자산_기타 카드자산_기타,47848000000,신용카드사,B,SC107,부문별 자산현황(카드자산)
396,201606,0012627,㈜케이비국민카드,A,카드자산,12144326000000,신용카드사,B,SC107,부문별 자산현황(카드자산)
397,201606,0012627,㈜케이비국민카드,A1,카드자산_(대손충당금 등),402275000000,신용카드사,B,SC107,부문별 자산현황(카드자산)
398,201606,0012627,㈜케이비국민카드,A2,카드자산_일시불 카드대급금,2115521000000,신용카드사,B,SC107,부문별 자산현황(카드자산)
399,201606,0012627,㈜케이비국민카드,A3,카드자산_할부 카드대급금,2962043000000,신용카드사,B,SC107,부문별 자산현황(카드자산)
400,201606,0012627,㈜케이비국민카드,A4,카드자산_현금서비스,927231000000,신용카드사,B,SC107,부문별 자산현황(카드자산)
401,201606,0012627,㈜케이비국민카드,A5,카드자산_카드론,3802486000000,신용카드사,B,SC107,부문별 자산현황(카드자산)
402,201606,0012627,㈜케이비국민카드,A6,카드자산_기타 카드자산,2757380000000,신용카드사,B,SC107,부문별 자산현황(카드자산)
403,201606,0012627,㈜케이비국민카드,A61,카드자산_기타 카드자산_리볼빙카드자산,2707100000000,신용카드사,B,SC107,부문별 자산현황(카드자산)
404,201606,0012627,㈜케이비국민카드,A610,카드자산_기타 카드자산_리볼빙카드자산_결제성리볼빙,2443436000000,신용카드사,B,SC107,부문별 자산현황(카드자산)
405,201606,0012627,㈜케이비국민카드,A611,카드자산_기타 카드자산_리볼빙카드자산_대출성리볼빙,263664000000,신용카드사,B,SC107,부문별 자산현황(카드자산)
406,201606,0012627,㈜케이비국민카드,A62,카드자산_기타 카드자산_기타,50280000000,신용카드사,B,SC107,부문별 자산현황(카드자산)
407,201609,0012627,㈜케이비국민카드,A,카드자산,12626598000000,신용카드사,B,SC107,부문별 자산현황(카드자산)
408,201609,0012627,㈜케이비국민카드,A1,카드자산_(대손충당금 등),411998000000,신용카드사,B,SC107,부문별 자산현황(카드자산)
409,201609,0012627,㈜케이비국민카드,A2,카드자산_일시불 카드대급금,2119200000000,신용카드사,B,SC107,부문별 자산현황(카드자산)
410,201609,0012627,㈜케이비국민카드,A3,카드자산_할부 카드대급금,3178917000000,신용카드사,B,SC107,부문별 자산현황(카드자산)
411,201609,0012627,㈜케이비국민카드,A4,카드자산_현금서비스,928648000000,신용카드사,B,SC107,부문별 자산현황(카드자산)
412,201609,0012627,㈜케이비국민카드,A5,카드자산_카드론,4020614000000,신용카드사,B,SC107,부문별 자산현황(카드자산)
413,201609,0012627,㈜케이비국민카드,A6,카드자산_기타 카드자산,2791217000000,신용카드사,B,SC107,부문별 자산현황(카드자산)
414,201609,0012627,㈜케이비국민카드,A61,카드자산_기타 카드자산_리볼빙카드자산,2745559000000,신용카드사,B,SC107,부문별 자산현황(카드자산)
415,201609,0012627,㈜케이비국민카드,A610,카드자산_기타 카드자산_리볼빙카드자산_결제성리볼빙,2494386000000,신용카드사,B,SC107,부문별 자산현황(카드자산)
416,201609,0012627,㈜케이비국민카드,A611,카드자산_기타 카드자산_리볼빙카드자산_대출성리볼빙,251173000000,신용카드사,B,SC107,부문별 자산현황(카드자산)
417,201609,0012627,㈜케이비국민카드,A62,카드자산_기타 카드자산_기타,45658000000,신용카드사,B,SC107,부문별 자산현황(카드자산)
418,201612,0012627,㈜케이비국민카드,A,카드자산,13146523000000,신용카드사,B,SC107,부문별 자산현황(카드자산)
419,201612,0012627,㈜케이비국민카드,A1,카드자산_(대손충당금 등),425419000000,신용카드사,B,SC107,부문별 자산현황(카드자산)
420,201612,0012627,㈜케이비국민카드,A2,카드자산_일시불 카드대급금,2189779000000,신용카드사,B,SC107,부문별 자산현황(카드자산)
421,201612,0012627,㈜케이비국민카드,A3,카드자산_할부 카드대급금,3360179000000,신용카드사,B,SC107,부문별 자산현황(카드자산)
422,201612,0012627,㈜케이비국민카드,A4,카드자산_현금서비스,936145000000,신용카드사,B,SC107,부문별 자산현황(카드자산)
423,201612,0012627,㈜케이비국민카드,A5,카드자산_카드론,4286322000000,신용카드사,B,SC107,부문별 자산현황(카드자산)
424,201612,0012627,㈜케이비국민카드,A6,카드자산_기타 카드자산,2799517000000,신용카드사,B,SC107,부문별 자산현황(카드자산)
425,201612,0012627,㈜케이비국민카드,A61,카드자산_기타 카드자산_리볼빙카드자산,2751757000000,신용카드사,B,SC107,부문별 자산현황(카드자산)
426,201612,0012627,㈜케이비국민카드,A610,카드자산_기타 카드자산_리볼빙카드자산_결제성리볼빙,2509590000000,신용카드사,B,SC107,부문별 자산현황(카드자산)
427,201612,0012627,㈜케이비국민카드,A611,카드자산_기타 카드자산_리볼빙카드자산_대출성리볼빙,242167000000,신용카드사,B,SC107,부문별 자산현황(카드자산)
428,201612,0012627,㈜케이비국민카드,A62,카드자산_기타 카드자산_기타,47760000000,신용카드사,B,SC107,부문별 자산현황(카드자산)
429,200803,0010226,롯데카드㈜,A,카드자산,2850463000000,신용카드사,B,SC107,부문별 자산현황(카드자산)
430,200803,0010226,롯데카드㈜,A1,(대손충당금 등),92931000000,신용카드사,B,SC107,부문별 자산현황(카드자산)
431,200803,0010226,롯데카드㈜,A2,일시불 카드대급금,893315000000,신용카드사,B,SC107,부문별 자산현황(카드자산)
432,200803,0010226,롯데카드㈜,A3,할부 카드대급금,866684000000,신용카드사,B,SC107,부문별 자산현황(카드자산)
433,200803,0010226,롯데카드㈜,A4,현금서비스,665458000000,신용카드사,B,SC107,부문별 자산현황(카드자산)
434,200803,0010226,롯데카드㈜,A5,카드론,516755000000,신용카드사,B,SC107,부문별 자산현황(카드자산)
435,200803,0010226,롯데카드㈜,A6,기타 카드자산,1182000000,신용카드사,B,SC107,부문별 자산현황(카드자산)
436,200803,0010226,롯데카드㈜,A61,기타 카드자산_리볼빙카드자산,0,신용카드사,B,SC107,부문별 자산현황(카드자산)
437,200803,0010226,롯데카드㈜,A610,기타 카드자산_리볼빙카드자산_결제성리볼빙,0,신용카드사,B,SC107,부문별 자산현황(카드자산)
438,200803,0010226,롯데카드㈜,A611,기타 카드자산_리볼빙카드자산_대출성리볼빙,0,신용카드사,B,SC107,부문별 자산현황(카드자산)
439,200803,0010226,롯데카드㈜,A62,기타 카드자산_기타,1182000000,신용카드사,B,SC107,부문별 자산현황(카드자산)
440,200806,0010226,롯데카드㈜,A,카드자산,2418294000000,신용카드사,B,SC107,부문별 자산현황(카드자산)
441,200806,0010226,롯데카드㈜,A1,(대손충당금 등),88223000000,신용카드사,B,SC107,부문별 자산현황(카드자산)
442,200806,0010226,롯데카드㈜,A2,일시불 카드대급금,791166000000,신용카드사,B,SC107,부문별 자산현황(카드자산)
443,200806,0010226,롯데카드㈜,A3,할부 카드대급금,673220000000,신용카드사,B,SC107,부문별 자산현황(카드자산)
444,200806,0010226,롯데카드㈜,A4,현금서비스,505945000000,신용카드사,B,SC107,부문별 자산현황(카드자산)
445,200806,0010226,롯데카드㈜,A5,카드론,534979000000,신용카드사,B,SC107,부문별 자산현황(카드자산)
446,200806,0010226,롯데카드㈜,A6,기타 카드자산,1207000000,신용카드사,B,SC107,부문별 자산현황(카드자산)
447,200806,0010226,롯데카드㈜,A61,기타 카드자산_리볼빙카드자산,0,신용카드사,B,SC107,부문별 자산현황(카드자산)
448,200806,0010226,롯데카드㈜,A610,기타 카드자산_리볼빙카드자산_결제성리볼빙,0,신용카드사,B,SC107,부문별 자산현황(카드자산)
449,200806,0010226,롯데카드㈜,A611,기타 카드자산_리볼빙카드자산_대출성리볼빙,0,신용카드사,B,SC107,부문별 자산현황(카드자산)
450,200806,0010226,롯데카드㈜,A62,기타 카드자산_기타,1207000000,신용카드사,B,SC107,부문별 자산현황(카드자산)
451,200809,0010226,롯데카드㈜,A,카드자산,2567143000000,신용카드사,B,SC107,부문별 자산현황(카드자산)
452,200809,0010226,롯데카드㈜,A1,(대손충당금 등),88685000000,신용카드사,B,SC107,부문별 자산현황(카드자산)
453,200809,0010226,롯데카드㈜,A2,일시불 카드대급금,870115000000,신용카드사,B,SC107,부문별 자산현황(카드자산)
454,200809,0010226,롯데카드㈜,A3,할부 카드대급금,675175000000,신용카드사,B,SC107,부문별 자산현황(카드자산)
455,200809,0010226,롯데카드㈜,A4,현금서비스,511006000000,신용카드사,B,SC107,부문별 자산현황(카드자산)
456,200809,0010226,롯데카드㈜,A5,카드론,583550000000,신용카드사,B,SC107,부문별 자산현황(카드자산)
457,200809,0010226,롯데카드㈜,A6,기타 카드자산,15982000000,신용카드사,B,SC107,부문별 자산현황(카드자산)
458,200809,0010226,롯데카드㈜,A61,기타 카드자산_리볼빙카드자산,11571000000,신용카드사,B,SC107,부문별 자산현황(카드자산)
459,200809,0010226,롯데카드㈜,A610,기타 카드자산_리볼빙카드자산_결제성리볼빙,10077000000,신용카드사,B,SC107,부문별 자산현황(카드자산)
460,200809,0010226,롯데카드㈜,A611,기타 카드자산_리볼빙카드자산_대출성리볼빙,1494000000,신용카드사,B,SC107,부문별 자산현황(카드자산)
461,200809,0010226,롯데카드㈜,A62,기타 카드자산_기타,4411000000,신용카드사,B,SC107,부문별 자산현황(카드자산)
462,200812,0010226,롯데카드㈜,A,카드자산,2644929000000,신용카드사,B,SC107,부문별 자산현황(카드자산)
463,200812,0010226,롯데카드㈜,A1,(대손충당금 등),95311000000,신용카드사,B,SC107,부문별 자산현황(카드자산)
464,200812,0010226,롯데카드㈜,A2,일시불 카드대급금,725036000000,신용카드사,B,SC107,부문별 자산현황(카드자산)
465,200812,0010226,롯데카드㈜,A3,할부 카드대급금,826870000000,신용카드사,B,SC107,부문별 자산현황(카드자산)
466,200812,0010226,롯데카드㈜,A4,현금서비스,559706000000,신용카드사,B,SC107,부문별 자산현황(카드자산)
467,200812,0010226,롯데카드㈜,A5,카드론,601345000000,신용카드사,B,SC107,부문별 자산현황(카드자산)
468,200812,0010226,롯데카드㈜,A6,기타 카드자산,27283000000,신용카드사,B,SC107,부문별 자산현황(카드자산)
469,200812,0010226,롯데카드㈜,A61,기타 카드자산_리볼빙카드자산,14313000000,신용카드사,B,SC107,부문별 자산현황(카드자산)
470,200812,0010226,롯데카드㈜,A610,기타 카드자산_리볼빙카드자산_결제성리볼빙,11871000000,신용카드사,B,SC107,부문별 자산현황(카드자산)
471,200812,0010226,롯데카드㈜,A611,기타 카드자산_리볼빙카드자산_대출성리볼빙,2442000000,신용카드사,B,SC107,부문별 자산현황(카드자산)
472,200812,0010226,롯데카드㈜,A62,기타 카드자산_기타,12970000000,신용카드사,B,SC107,부문별 자산현황(카드자산)
473,200903,0010226,롯데카드㈜,A,카드자산,2709027000000,신용카드사,B,SC107,부문별 자산현황(카드자산)
474,200903,0010226,롯데카드㈜,A1,(대손충당금 등),103478000000,신용카드사,B,SC107,부문별 자산현황(카드자산)
475,200903,0010226,롯데카드㈜,A2,일시불 카드대급금,811917000000,신용카드사,B,SC107,부문별 자산현황(카드자산)
476,200903,0010226,롯데카드㈜,A3,할부 카드대급금,812418000000,신용카드사,B,SC107,부문별 자산현황(카드자산)
477,200903,0010226,롯데카드㈜,A4,현금서비스,529918000000,신용카드사,B,SC107,부문별 자산현황(카드자산)
478,200903,0010226,롯데카드㈜,A5,카드론,634712000000,신용카드사,B,SC107,부문별 자산현황(카드자산)
479,200903,0010226,롯데카드㈜,A6,기타 카드자산,23540000000,신용카드사,B,SC107,부문별 자산현황(카드자산)
480,200903,0010226,롯데카드㈜,A61,기타 카드자산_리볼빙카드자산,13771000000,신용카드사,B,SC107,부문별 자산현황(카드자산)
481,200903,0010226,롯데카드㈜,A610,기타 카드자산_리볼빙카드자산_결제성리볼빙,11311000000,신용카드사,B,SC107,부문별 자산현황(카드자산)
482,200903,0010226,롯데카드㈜,A611,기타 카드자산_리볼빙카드자산_대출성리볼빙,2460000000,신용카드사,B,SC107,부문별 자산현황(카드자산)
483,200903,0010226,롯데카드㈜,A62,기타 카드자산_기타,9769000000,신용카드사,B,SC107,부문별 자산현황(카드자산)
484,200906,0010226,롯데카드㈜,A,카드자산,2711087000000,신용카드사,B,SC107,부문별 자산현황(카드자산)
485,200906,0010226,롯데카드㈜,A1,(대손충당금 등),106732000000,신용카드사,B,SC107,부문별 자산현황(카드자산)
486,200906,0010226,롯데카드㈜,A2,일시불 카드대급금,740526000000,신용카드사,B,SC107,부문별 자산현황(카드자산)
487,200906,0010226,롯데카드㈜,A3,할부 카드대급금,839514000000,신용카드사,B,SC107,부문별 자산현황(카드자산)
488,200906,0010226,롯데카드㈜,A4,현금서비스,548157000000,신용카드사,B,SC107,부문별 자산현황(카드자산)
489,200906,0010226,롯데카드㈜,A5,카드론,663765000000,신용카드사,B,SC107,부문별 자산현황(카드자산)
490,200906,0010226,롯데카드㈜,A6,기타 카드자산,25857000000,신용카드사,B,SC107,부문별 자산현황(카드자산)
491,200906,0010226,롯데카드㈜,A61,기타 카드자산_리볼빙카드자산,19714000000,신용카드사,B,SC107,부문별 자산현황(카드자산)
492,200906,0010226,롯데카드㈜,A610,기타 카드자산_리볼빙카드자산_결제성리볼빙,16603000000,신용카드사,B,SC107,부문별 자산현황(카드자산)
493,200906,0010226,롯데카드㈜,A611,기타 카드자산_리볼빙카드자산_대출성리볼빙,3111000000,신용카드사,B,SC107,부문별 자산현황(카드자산)
494,200906,0010226,롯데카드㈜,A62,기타 카드자산_기타,6143000000,신용카드사,B,SC107,부문별 자산현황(카드자산)
495,200909,0010226,롯데카드㈜,A,카드자산,2830552000000,신용카드사,B,SC107,부문별 자산현황(카드자산)
496,200909,0010226,롯데카드㈜,A1,(대손충당금 등),98955000000,신용카드사,B,SC107,부문별 자산현황(카드자산)
497,200909,0010226,롯데카드㈜,A2,일시불 카드대급금,788269000000,신용카드사,B,SC107,부문별 자산현황(카드자산)
498,200909,0010226,롯데카드㈜,A3,할부 카드대급금,866131000000,신용카드사,B,SC107,부문별 자산현황(카드자산)
499,200909,0010226,롯데카드㈜,A4,현금서비스,526686000000,신용카드사,B,SC107,부문별 자산현황(카드자산)
500,200909,0010226,롯데카드㈜,A5,카드론,702667000000,신용카드사,B,SC107,부문별 자산현황(카드자산)
501,200909,0010226,롯데카드㈜,A6,기타 카드자산,45754000000,신용카드사,B,SC107,부문별 자산현황(카드자산)
502,200909,0010226,롯데카드㈜,A61,기타 카드자산_리볼빙카드자산,36227000000,신용카드사,B,SC107,부문별 자산현황(카드자산)
503,200909,0010226,롯데카드㈜,A610,기타 카드자산_리볼빙카드자산_결제성리볼빙,31490000000,신용카드사,B,SC107,부문별 자산현황(카드자산)
504,200909,0010226,롯데카드㈜,A611,기타 카드자산_리볼빙카드자산_대출성리볼빙,4737000000,신용카드사,B,SC107,부문별 자산현황(카드자산)
505,200909,0010226,롯데카드㈜,A62,기타 카드자산_기타,9527000000,신용카드사,B,SC107,부문별 자산현황(카드자산)
506,200912,0010226,롯데카드㈜,A,카드자산,3273650000000,신용카드사,B,SC107,부문별 자산현황(카드자산)
507,200912,0010226,롯데카드㈜,A1,(대손충당금 등),91213000000,신용카드사,B,SC107,부문별 자산현황(카드자산)
508,200912,0010226,롯데카드㈜,A2,일시불 카드대급금,860225000000,신용카드사,B,SC107,부문별 자산현황(카드자산)
509,200912,0010226,롯데카드㈜,A3,할부 카드대급금,1156562000000,신용카드사,B,SC107,부문별 자산현황(카드자산)
510,200912,0010226,롯데카드㈜,A4,현금서비스,516343000000,신용카드사,B,SC107,부문별 자산현황(카드자산)
511,200912,0010226,롯데카드㈜,A5,카드론,746291000000,신용카드사,B,SC107,부문별 자산현황(카드자산)
512,200912,0010226,롯데카드㈜,A6,기타 카드자산,85442000000,신용카드사,B,SC107,부문별 자산현황(카드자산)
513,200912,0010226,롯데카드㈜,A61,기타 카드자산_리볼빙카드자산,82556000000,신용카드사,B,SC107,부문별 자산현황(카드자산)
514,200912,0010226,롯데카드㈜,A610,기타 카드자산_리볼빙카드자산_결제성리볼빙,61535000000,신용카드사,B,SC107,부문별 자산현황(카드자산)
515,200912,0010226,롯데카드㈜,A611,기타 카드자산_리볼빙카드자산_대출성리볼빙,21021000000,신용카드사,B,SC107,부문별 자산현황(카드자산)
516,200912,0010226,롯데카드㈜,A62,기타 카드자산_기타,2886000000,신용카드사,B,SC107,부문별 자산현황(카드자산)
517,201003,0010226,롯데카드㈜,A,카드자산,3138805000000,신용카드사,B,SC107,부문별 자산현황(카드자산)
518,201003,0010226,롯데카드㈜,A1,(대손충당금 등),92693000000,신용카드사,B,SC107,부문별 자산현황(카드자산)
519,201003,0010226,롯데카드㈜,A2,일시불 카드대급금,738712000000,신용카드사,B,SC107,부문별 자산현황(카드자산)
520,201003,0010226,롯데카드㈜,A3,할부 카드대급금,972077000000,신용카드사,B,SC107,부문별 자산현황(카드자산)
521,201003,0010226,롯데카드㈜,A4,현금서비스,445796000000,신용카드사,B,SC107,부문별 자산현황(카드자산)
522,201003,0010226,롯데카드㈜,A5,카드론,847520000000,신용카드사,B,SC107,부문별 자산현황(카드자산)
523,201003,0010226,롯데카드㈜,A6,기타 카드자산,227393000000,신용카드사,B,SC107,부문별 자산현황(카드자산)
524,201003,0010226,롯데카드㈜,A61,기타 카드자산_리볼빙카드자산,224657000000,신용카드사,B,SC107,부문별 자산현황(카드자산)
525,201003,0010226,롯데카드㈜,A610,기타 카드자산_리볼빙카드자산_결제성리볼빙,145193000000,신용카드사,B,SC107,부문별 자산현황(카드자산)
526,201003,0010226,롯데카드㈜,A611,기타 카드자산_리볼빙카드자산_대출성리볼빙,79464000000,신용카드사,B,SC107,부문별 자산현황(카드자산)
527,201003,0010226,롯데카드㈜,A62,기타 카드자산_기타,2736000000,신용카드사,B,SC107,부문별 자산현황(카드자산)
528,201006,0010226,롯데카드㈜,A,카드자산,3510875000000,신용카드사,B,SC107,부문별 자산현황(카드자산)
529,201006,0010226,롯데카드㈜,A1,(대손충당금 등),101784000000,신용카드사,B,SC107,부문별 자산현황(카드자산)
530,201006,0010226,롯데카드㈜,A2,일시불 카드대급금,746923000000,신용카드사,B,SC107,부문별 자산현황(카드자산)
531,201006,0010226,롯데카드㈜,A3,할부 카드대급금,1057776000000,신용카드사,B,SC107,부문별 자산현황(카드자산)
532,201006,0010226,롯데카드㈜,A4,현금서비스,445477000000,신용카드사,B,SC107,부문별 자산현황(카드자산)
533,201006,0010226,롯데카드㈜,A5,카드론,995441000000,신용카드사,B,SC107,부문별 자산현황(카드자산)
534,201006,0010226,롯데카드㈜,A6,기타 카드자산,367042000000,신용카드사,B,SC107,부문별 자산현황(카드자산)
535,201006,0010226,롯데카드㈜,A61,기타 카드자산_리볼빙카드자산,363596000000,신용카드사,B,SC107,부문별 자산현황(카드자산)
536,201006,0010226,롯데카드㈜,A610,기타 카드자산_리볼빙카드자산_결제성리볼빙,219540000000,신용카드사,B,SC107,부문별 자산현황(카드자산)
537,201006,0010226,롯데카드㈜,A611,기타 카드자산_리볼빙카드자산_대출성리볼빙,144056000000,신용카드사,B,SC107,부문별 자산현황(카드자산)
538,201006,0010226,롯데카드㈜,A62,기타 카드자산_기타,3446000000,신용카드사,B,SC107,부문별 자산현황(카드자산)
539,201009,0010226,롯데카드㈜,A,카드자산,3896230000000,신용카드사,B,SC107,부문별 자산현황(카드자산)
540,201009,0010226,롯데카드㈜,A1,(대손충당금 등),113557000000,신용카드사,B,SC107,부문별 자산현황(카드자산)
541,201009,0010226,롯데카드㈜,A2,일시불 카드대급금,747449000000,신용카드사,B,SC107,부문별 자산현황(카드자산)
542,201009,0010226,롯데카드㈜,A3,할부 카드대급금,1083239000000,신용카드사,B,SC107,부문별 자산현황(카드자산)
543,201009,0010226,롯데카드㈜,A4,현금서비스,428992000000,신용카드사,B,SC107,부문별 자산현황(카드자산)
544,201009,0010226,롯데카드㈜,A5,카드론,1236864000000,신용카드사,B,SC107,부문별 자산현황(카드자산)
545,201009,0010226,롯데카드㈜,A6,기타 카드자산,513243000000,신용카드사,B,SC107,부문별 자산현황(카드자산)
546,201009,0010226,롯데카드㈜,A61,기타 카드자산_리볼빙카드자산,511231000000,신용카드사,B,SC107,부문별 자산현황(카드자산)
547,201009,0010226,롯데카드㈜,A610,기타 카드자산_리볼빙카드자산_결제성리볼빙,328924000000,신용카드사,B,SC107,부문별 자산현황(카드자산)
548,201009,0010226,롯데카드㈜,A611,기타 카드자산_리볼빙카드자산_대출성리볼빙,182307000000,신용카드사,B,SC107,부문별 자산현황(카드자산)
549,201009,0010226,롯데카드㈜,A62,기타 카드자산_기타,2012000000,신용카드사,B,SC107,부문별 자산현황(카드자산)
550,201012,0010226,롯데카드㈜,A,카드자산,4655562000000,신용카드사,B,SC107,부문별 자산현황(카드자산)
551,201012,0010226,롯데카드㈜,A1,(대손충당금 등),120378000000,신용카드사,B,SC107,부문별 자산현황(카드자산)
552,201012,0010226,롯데카드㈜,A2,일시불 카드대급금,861099000000,신용카드사,B,SC107,부문별 자산현황(카드자산)
553,201012,0010226,롯데카드㈜,A3,할부 카드대급금,1402547000000,신용카드사,B,SC107,부문별 자산현황(카드자산)
554,201012,0010226,롯데카드㈜,A4,현금서비스,443595000000,신용카드사,B,SC107,부문별 자산현황(카드자산)
555,201012,0010226,롯데카드㈜,A5,카드론,1401751000000,신용카드사,B,SC107,부문별 자산현황(카드자산)
556,201012,0010226,롯데카드㈜,A6,기타 카드자산,666948000000,신용카드사,B,SC107,부문별 자산현황(카드자산)
557,201012,0010226,롯데카드㈜,A61,기타 카드자산_리볼빙카드자산,664997000000,신용카드사,B,SC107,부문별 자산현황(카드자산)
558,201012,0010226,롯데카드㈜,A610,기타 카드자산_리볼빙카드자산_결제성리볼빙,447161000000,신용카드사,B,SC107,부문별 자산현황(카드자산)
559,201012,0010226,롯데카드㈜,A611,기타 카드자산_리볼빙카드자산_대출성리볼빙,217836000000,신용카드사,B,SC107,부문별 자산현황(카드자산)
560,201012,0010226,롯데카드㈜,A62,기타 카드자산_기타,1951000000,신용카드사,B,SC107,부문별 자산현황(카드자산)
561,201103,0010226,롯데카드㈜,A,카드자산,6064553000000,신용카드사,B,SC107,부문별 자산현황(카드자산)
562,201103,0010226,롯데카드㈜,A1,카드자산_(대손충당금 등),176847000000,신용카드사,B,SC107,부문별 자산현황(카드자산)
563,201103,0010226,롯데카드㈜,A2,카드자산_일시불 카드대급금,1112129000000,신용카드사,B,SC107,부문별 자산현황(카드자산)
564,201103,0010226,롯데카드㈜,A3,카드자산_할부 카드대급금,2054700000000,신용카드사,B,SC107,부문별 자산현황(카드자산)
565,201103,0010226,롯데카드㈜,A4,카드자산_현금서비스,722541000000,신용카드사,B,SC107,부문별 자산현황(카드자산)
566,201103,0010226,롯데카드㈜,A5,카드자산_카드론,1510051000000,신용카드사,B,SC107,부문별 자산현황(카드자산)
567,201103,0010226,롯데카드㈜,A6,카드자산_기타 카드자산,841981000000,신용카드사,B,SC107,부문별 자산현황(카드자산)
568,201103,0010226,롯데카드㈜,A61,카드자산_기타 카드자산_리볼빙카드자산,838329000000,신용카드사,B,SC107,부문별 자산현황(카드자산)
569,201103,0010226,롯데카드㈜,A610,카드자산_기타 카드자산_리볼빙카드자산_결제성리볼빙,548481000000,신용카드사,B,SC107,부문별 자산현황(카드자산)
570,201103,0010226,롯데카드㈜,A611,카드자산_기타 카드자산_리볼빙카드자산_대출성리볼빙,289848000000,신용카드사,B,SC107,부문별 자산현황(카드자산)
571,201103,0010226,롯데카드㈜,A62,카드자산_기타 카드자산_기타,3652000000,신용카드사,B,SC107,부문별 자산현황(카드자산)
572,201106,0010226,롯데카드㈜,A,카드자산,6307361000000,신용카드사,B,SC107,부문별 자산현황(카드자산)
573,201106,0010226,롯데카드㈜,A1,카드자산_(대손충당금 등),173380000000,신용카드사,B,SC107,부문별 자산현황(카드자산)
574,201106,0010226,롯데카드㈜,A2,카드자산_일시불 카드대급금,1141073000000,신용카드사,B,SC107,부문별 자산현황(카드자산)
575,201106,0010226,롯데카드㈜,A3,카드자산_할부 카드대급금,2045846000000,신용카드사,B,SC107,부문별 자산현황(카드자산)
576,201106,0010226,롯데카드㈜,A4,카드자산_현금서비스,733067000000,신용카드사,B,SC107,부문별 자산현황(카드자산)
577,201106,0010226,롯데카드㈜,A5,카드자산_카드론,1593308000000,신용카드사,B,SC107,부문별 자산현황(카드자산)
578,201106,0010226,롯데카드㈜,A6,카드자산_기타 카드자산,967447000000,신용카드사,B,SC107,부문별 자산현황(카드자산)
579,201106,0010226,롯데카드㈜,A61,카드자산_기타 카드자산_리볼빙카드자산,963509000000,신용카드사,B,SC107,부문별 자산현황(카드자산)
580,201106,0010226,롯데카드㈜,A610,카드자산_기타 카드자산_리볼빙카드자산_결제성리볼빙,623563000000,신용카드사,B,SC107,부문별 자산현황(카드자산)
581,201106,0010226,롯데카드㈜,A611,카드자산_기타 카드자산_리볼빙카드자산_대출성리볼빙,339946000000,신용카드사,B,SC107,부문별 자산현황(카드자산)
582,201106,0010226,롯데카드㈜,A62,카드자산_기타 카드자산_기타,3939000000,신용카드사,B,SC107,부문별 자산현황(카드자산)
583,201109,0010226,롯데카드㈜,A,카드자산,6285514000000,신용카드사,B,SC107,부문별 자산현황(카드자산)
584,201109,0010226,롯데카드㈜,A1,카드자산_(대손충당금 등),192586000000,신용카드사,B,SC107,부문별 자산현황(카드자산)
585,201109,0010226,롯데카드㈜,A2,카드자산_일시불 카드대급금,1204503000000,신용카드사,B,SC107,부문별 자산현황(카드자산)
586,201109,0010226,롯데카드㈜,A3,카드자산_할부 카드대급금,1977345000000,신용카드사,B,SC107,부문별 자산현황(카드자산)
587,201109,0010226,롯데카드㈜,A4,카드자산_현금서비스,720307000000,신용카드사,B,SC107,부문별 자산현황(카드자산)
588,201109,0010226,롯데카드㈜,A5,카드자산_카드론,1581939000000,신용카드사,B,SC107,부문별 자산현황(카드자산)
589,201109,0010226,롯데카드㈜,A6,카드자산_기타 카드자산,994007000000,신용카드사,B,SC107,부문별 자산현황(카드자산)
590,201109,0010226,롯데카드㈜,A61,카드자산_기타 카드자산_리볼빙카드자산,991113000000,신용카드사,B,SC107,부문별 자산현황(카드자산)
591,201109,0010226,롯데카드㈜,A610,카드자산_기타 카드자산_리볼빙카드자산_결제성리볼빙,641409000000,신용카드사,B,SC107,부문별 자산현황(카드자산)
592,201109,0010226,롯데카드㈜,A611,카드자산_기타 카드자산_리볼빙카드자산_대출성리볼빙,349704000000,신용카드사,B,SC107,부문별 자산현황(카드자산)
593,201109,0010226,롯데카드㈜,A62,카드자산_기타 카드자산_기타,2895000000,신용카드사,B,SC107,부문별 자산현황(카드자산)
594,201112,0010226,롯데카드㈜,A,카드자산,6837510000000,신용카드사,B,SC107,부문별 자산현황(카드자산)
595,201112,0010226,롯데카드㈜,A1,카드자산_(대손충당금 등),212273000000,신용카드사,B,SC107,부문별 자산현황(카드자산)
596,201112,0010226,롯데카드㈜,A2,카드자산_일시불 카드대급금,1516028000000,신용카드사,B,SC107,부문별 자산현황(카드자산)
597,201112,0010226,롯데카드㈜,A3,카드자산_할부 카드대급금,2282962000000,신용카드사,B,SC107,부문별 자산현황(카드자산)
598,201112,0010226,롯데카드㈜,A4,카드자산_현금서비스,682058000000,신용카드사,B,SC107,부문별 자산현황(카드자산)
599,201112,0010226,롯데카드㈜,A5,카드자산_카드론,1546878000000,신용카드사,B,SC107,부문별 자산현황(카드자산)
600,201112,0010226,롯데카드㈜,A6,카드자산_기타 카드자산,1021857000000,신용카드사,B,SC107,부문별 자산현황(카드자산)
601,201112,0010226,롯데카드㈜,A61,카드자산_기타 카드자산_리볼빙카드자산,1018980000000,신용카드사,B,SC107,부문별 자산현황(카드자산)
602,201112,0010226,롯데카드㈜,A610,카드자산_기타 카드자산_리볼빙카드자산_결제성리볼빙,678932000000,신용카드사,B,SC107,부문별 자산현황(카드자산)
603,201112,0010226,롯데카드㈜,A611,카드자산_기타 카드자산_리볼빙카드자산_대출성리볼빙,340048000000,신용카드사,B,SC107,부문별 자산현황(카드자산)
604,201112,0010226,롯데카드㈜,A62,카드자산_기타 카드자산_기타,2877000000,신용카드사,B,SC107,부문별 자산현황(카드자산)
605,201203,0010226,롯데카드㈜,A,카드자산,6519877000000,신용카드사,B,SC107,부문별 자산현황(카드자산)
606,201203,0010226,롯데카드㈜,A1,카드자산_(대손충당금 등),223711000000,신용카드사,B,SC107,부문별 자산현황(카드자산)
607,201203,0010226,롯데카드㈜,A2,카드자산_일시불 카드대급금,1321307000000,신용카드사,B,SC107,부문별 자산현황(카드자산)
608,201203,0010226,롯데카드㈜,A3,카드자산_할부 카드대급금,2219775000000,신용카드사,B,SC107,부문별 자산현황(카드자산)
609,201203,0010226,롯데카드㈜,A4,카드자산_현금서비스,650805000000,신용카드사,B,SC107,부문별 자산현황(카드자산)
610,201203,0010226,롯데카드㈜,A5,카드자산_카드론,1546369000000,신용카드사,B,SC107,부문별 자산현황(카드자산)
611,201203,0010226,롯데카드㈜,A6,카드자산_기타 카드자산,1005332000000,신용카드사,B,SC107,부문별 자산현황(카드자산)
612,201203,0010226,롯데카드㈜,A61,카드자산_기타 카드자산_리볼빙카드자산,1000559000000,신용카드사,B,SC107,부문별 자산현황(카드자산)
613,201203,0010226,롯데카드㈜,A610,카드자산_기타 카드자산_리볼빙카드자산_결제성리볼빙,669063000000,신용카드사,B,SC107,부문별 자산현황(카드자산)
614,201203,0010226,롯데카드㈜,A611,카드자산_기타 카드자산_리볼빙카드자산_대출성리볼빙,331496000000,신용카드사,B,SC107,부문별 자산현황(카드자산)
615,201203,0010226,롯데카드㈜,A62,카드자산_기타 카드자산_기타,4773000000,신용카드사,B,SC107,부문별 자산현황(카드자산)
616,201206,0010226,롯데카드㈜,A,카드자산,6728291000000,신용카드사,B,SC107,부문별 자산현황(카드자산)
617,201206,0010226,롯데카드㈜,A1,카드자산_(대손충당금 등),229514000000,신용카드사,B,SC107,부문별 자산현황(카드자산)
618,201206,0010226,롯데카드㈜,A2,카드자산_일시불 카드대급금,1476961000000,신용카드사,B,SC107,부문별 자산현황(카드자산)
619,201206,0010226,롯데카드㈜,A3,카드자산_할부 카드대급금,2214065000000,신용카드사,B,SC107,부문별 자산현황(카드자산)
620,201206,0010226,롯데카드㈜,A4,카드자산_현금서비스,646770000000,신용카드사,B,SC107,부문별 자산현황(카드자산)
621,201206,0010226,롯데카드㈜,A5,카드자산_카드론,1599667000000,신용카드사,B,SC107,부문별 자산현황(카드자산)
622,201206,0010226,롯데카드㈜,A6,카드자산_기타 카드자산,1020342000000,신용카드사,B,SC107,부문별 자산현황(카드자산)
623,201206,0010226,롯데카드㈜,A61,카드자산_기타 카드자산_리볼빙카드자산,1016310000000,신용카드사,B,SC107,부문별 자산현황(카드자산)
624,201206,0010226,롯데카드㈜,A610,카드자산_기타 카드자산_리볼빙카드자산_결제성리볼빙,688813000000,신용카드사,B,SC107,부문별 자산현황(카드자산)
625,201206,0010226,롯데카드㈜,A611,카드자산_기타 카드자산_리볼빙카드자산_대출성리볼빙,327496000000,신용카드사,B,SC107,부문별 자산현황(카드자산)
626,201206,0010226,롯데카드㈜,A62,카드자산_기타 카드자산_기타,4033000000,신용카드사,B,SC107,부문별 자산현황(카드자산)
627,201209,0010226,롯데카드㈜,A,카드자산,6875743000000,신용카드사,B,SC107,부문별 자산현황(카드자산)
628,201209,0010226,롯데카드㈜,A1,카드자산_(대손충당금 등),242105000000,신용카드사,B,SC107,부문별 자산현황(카드자산)
629,201209,0010226,롯데카드㈜,A2,카드자산_일시불 카드대급금,1511241000000,신용카드사,B,SC107,부문별 자산현황(카드자산)
630,201209,0010226,롯데카드㈜,A3,카드자산_할부 카드대급금,2260622000000,신용카드사,B,SC107,부문별 자산현황(카드자산)
631,201209,0010226,롯데카드㈜,A4,카드자산_현금서비스,636377000000,신용카드사,B,SC107,부문별 자산현황(카드자산)
632,201209,0010226,롯데카드㈜,A5,카드자산_카드론,1671539000000,신용카드사,B,SC107,부문별 자산현황(카드자산)
633,201209,0010226,롯데카드㈜,A6,카드자산_기타 카드자산,1038067000000,신용카드사,B,SC107,부문별 자산현황(카드자산)
634,201209,0010226,롯데카드㈜,A61,카드자산_기타 카드자산_리볼빙카드자산,1032868000000,신용카드사,B,SC107,부문별 자산현황(카드자산)
635,201209,0010226,롯데카드㈜,A610,카드자산_기타 카드자산_리볼빙카드자산_결제성리볼빙,717079000000,신용카드사,B,SC107,부문별 자산현황(카드자산)
636,201209,0010226,롯데카드㈜,A611,카드자산_기타 카드자산_리볼빙카드자산_대출성리볼빙,315790000000,신용카드사,B,SC107,부문별 자산현황(카드자산)
637,201209,0010226,롯데카드㈜,A62,카드자산_기타 카드자산_기타,5199000000,신용카드사,B,SC107,부문별 자산현황(카드자산)
638,201212,0010226,롯데카드㈜,A,카드자산,7200403000000,신용카드사,B,SC107,부문별 자산현황(카드자산)
639,201212,0010226,롯데카드㈜,A1,카드자산_(대손충당금 등),254717000000,신용카드사,B,SC107,부문별 자산현황(카드자산)
640,201212,0010226,롯데카드㈜,A2,카드자산_일시불 카드대급금,1305057000000,신용카드사,B,SC107,부문별 자산현황(카드자산)
641,201212,0010226,롯데카드㈜,A3,카드자산_할부 카드대급금,2683439000000,신용카드사,B,SC107,부문별 자산현황(카드자산)
642,201212,0010226,롯데카드㈜,A4,카드자산_현금서비스,653261000000,신용카드사,B,SC107,부문별 자산현황(카드자산)
643,201212,0010226,롯데카드㈜,A5,카드자산_카드론,1725102000000,신용카드사,B,SC107,부문별 자산현황(카드자산)
644,201212,0010226,롯데카드㈜,A6,카드자산_기타 카드자산,1088260000000,신용카드사,B,SC107,부문별 자산현황(카드자산)
645,201212,0010226,롯데카드㈜,A61,카드자산_기타 카드자산_리볼빙카드자산,1079695000000,신용카드사,B,SC107,부문별 자산현황(카드자산)
646,201212,0010226,롯데카드㈜,A610,카드자산_기타 카드자산_리볼빙카드자산_결제성리볼빙,759845000000,신용카드사,B,SC107,부문별 자산현황(카드자산)
647,201212,0010226,롯데카드㈜,A611,카드자산_기타 카드자산_리볼빙카드자산_대출성리볼빙,319849000000,신용카드사,B,SC107,부문별 자산현황(카드자산)
648,201212,0010226,롯데카드㈜,A62,카드자산_기타 카드자산_기타,8565000000,신용카드사,B,SC107,부문별 자산현황(카드자산)
649,201303,0010226,롯데카드㈜,A,카드자산,7206948000000,신용카드사,B,SC107,부문별 자산현황(카드자산)
650,201303,0010226,롯데카드㈜,A1,카드자산_(대손충당금 등),221600000000,신용카드사,B,SC107,부문별 자산현황(카드자산)
651,201303,0010226,롯데카드㈜,A2,카드자산_일시불 카드대급금,1643221000000,신용카드사,B,SC107,부문별 자산현황(카드자산)
652,201303,0010226,롯데카드㈜,A3,카드자산_할부 카드대급금,2341240000000,신용카드사,B,SC107,부문별 자산현황(카드자산)
653,201303,0010226,롯데카드㈜,A4,카드자산_현금서비스,641003000000,신용카드사,B,SC107,부문별 자산현황(카드자산)
654,201303,0010226,롯데카드㈜,A5,카드자산_카드론,1695343000000,신용카드사,B,SC107,부문별 자산현황(카드자산)
655,201303,0010226,롯데카드㈜,A6,카드자산_기타 카드자산,1107742000000,신용카드사,B,SC107,부문별 자산현황(카드자산)
656,201303,0010226,롯데카드㈜,A61,카드자산_기타 카드자산_리볼빙카드자산,1100862000000,신용카드사,B,SC107,부문별 자산현황(카드자산)
657,201303,0010226,롯데카드㈜,A610,카드자산_기타 카드자산_리볼빙카드자산_결제성리볼빙,784473000000,신용카드사,B,SC107,부문별 자산현황(카드자산)
658,201303,0010226,롯데카드㈜,A611,카드자산_기타 카드자산_리볼빙카드자산_대출성리볼빙,316389000000,신용카드사,B,SC107,부문별 자산현황(카드자산)
659,201303,0010226,롯데카드㈜,A62,카드자산_기타 카드자산_기타,6881000000,신용카드사,B,SC107,부문별 자산현황(카드자산)
660,201306,0010226,롯데카드㈜,A,카드자산,7263567000000,신용카드사,B,SC107,부문별 자산현황(카드자산)
661,201306,0010226,롯데카드㈜,A1,카드자산_(대손충당금 등),224473000000,신용카드사,B,SC107,부문별 자산현황(카드자산)
662,201306,0010226,롯데카드㈜,A2,카드자산_일시불 카드대급금,1710179000000,신용카드사,B,SC107,부문별 자산현황(카드자산)
663,201306,0010226,롯데카드㈜,A3,카드자산_할부 카드대급금,2246685000000,신용카드사,B,SC107,부문별 자산현황(카드자산)
664,201306,0010226,롯데카드㈜,A4,카드자산_현금서비스,606626000000,신용카드사,B,SC107,부문별 자산현황(카드자산)
665,201306,0010226,롯데카드㈜,A5,카드자산_카드론,1787676000000,신용카드사,B,SC107,부문별 자산현황(카드자산)
666,201306,0010226,롯데카드㈜,A6,카드자산_기타 카드자산,1136875000000,신용카드사,B,SC107,부문별 자산현황(카드자산)
667,201306,0010226,롯데카드㈜,A61,카드자산_기타 카드자산_리볼빙카드자산,1130293000000,신용카드사,B,SC107,부문별 자산현황(카드자산)
668,201306,0010226,롯데카드㈜,A610,카드자산_기타 카드자산_리볼빙카드자산_결제성리볼빙,808202000000,신용카드사,B,SC107,부문별 자산현황(카드자산)
669,201306,0010226,롯데카드㈜,A611,카드자산_기타 카드자산_리볼빙카드자산_대출성리볼빙,322090000000,신용카드사,B,SC107,부문별 자산현황(카드자산)
670,201306,0010226,롯데카드㈜,A62,카드자산_기타 카드자산_기타,6582000000,신용카드사,B,SC107,부문별 자산현황(카드자산)
671,201309,0010226,롯데카드㈜,A,카드자산,7044501000000,신용카드사,B,SC107,부문별 자산현황(카드자산)
672,201309,0010226,롯데카드㈜,A1,카드자산_(대손충당금 등),231377000000,신용카드사,B,SC107,부문별 자산현황(카드자산)
673,201309,0010226,롯데카드㈜,A2,카드자산_일시불 카드대급금,1440314000000,신용카드사,B,SC107,부문별 자산현황(카드자산)
674,201309,0010226,롯데카드㈜,A3,카드자산_할부 카드대급금,2134558000000,신용카드사,B,SC107,부문별 자산현황(카드자산)
675,201309,0010226,롯데카드㈜,A4,카드자산_현금서비스,586477000000,신용카드사,B,SC107,부문별 자산현황(카드자산)
676,201309,0010226,롯데카드㈜,A5,카드자산_카드론,1949523000000,신용카드사,B,SC107,부문별 자산현황(카드자산)
677,201309,0010226,롯데카드㈜,A6,카드자산_기타 카드자산,1165006000000,신용카드사,B,SC107,부문별 자산현황(카드자산)
678,201309,0010226,롯데카드㈜,A61,카드자산_기타 카드자산_리볼빙카드자산,1151648000000,신용카드사,B,SC107,부문별 자산현황(카드자산)
679,201309,0010226,롯데카드㈜,A610,카드자산_기타 카드자산_리볼빙카드자산_결제성리볼빙,830471000000,신용카드사,B,SC107,부문별 자산현황(카드자산)
680,201309,0010226,롯데카드㈜,A611,카드자산_기타 카드자산_리볼빙카드자산_대출성리볼빙,321177000000,신용카드사,B,SC107,부문별 자산현황(카드자산)
681,201309,0010226,롯데카드㈜,A62,카드자산_기타 카드자산_기타,13358000000,신용카드사,B,SC107,부문별 자산현황(카드자산)
682,201312,0010226,롯데카드㈜,A,카드자산,7597716000000,신용카드사,B,SC107,부문별 자산현황(카드자산)
683,201312,0010226,롯데카드㈜,A1,카드자산_(대손충당금 등),227278000000,신용카드사,B,SC107,부문별 자산현황(카드자산)
684,201312,0010226,롯데카드㈜,A2,카드자산_일시불 카드대급금,1498696000000,신용카드사,B,SC107,부문별 자산현황(카드자산)
685,201312,0010226,롯데카드㈜,A3,카드자산_할부 카드대급금,2495190000000,신용카드사,B,SC107,부문별 자산현황(카드자산)
686,201312,0010226,롯데카드㈜,A4,카드자산_현금서비스,573251000000,신용카드사,B,SC107,부문별 자산현황(카드자산)
687,201312,0010226,롯데카드㈜,A5,카드자산_카드론,2039260000000,신용카드사,B,SC107,부문별 자산현황(카드자산)
688,201312,0010226,롯데카드㈜,A6,카드자산_기타 카드자산,1218597000000,신용카드사,B,SC107,부문별 자산현황(카드자산)
689,201312,0010226,롯데카드㈜,A61,카드자산_기타 카드자산_리볼빙카드자산,1202541000000,신용카드사,B,SC107,부문별 자산현황(카드자산)
690,201312,0010226,롯데카드㈜,A610,카드자산_기타 카드자산_리볼빙카드자산_결제성리볼빙,893778000000,신용카드사,B,SC107,부문별 자산현황(카드자산)
691,201312,0010226,롯데카드㈜,A611,카드자산_기타 카드자산_리볼빙카드자산_대출성리볼빙,308764000000,신용카드사,B,SC107,부문별 자산현황(카드자산)
692,201312,0010226,롯데카드㈜,A62,카드자산_기타 카드자산_기타,16056000000,신용카드사,B,SC107,부문별 자산현황(카드자산)
693,201403,0010226,롯데카드㈜,A,카드자산,7103574000000,신용카드사,B,SC107,부문별 자산현황(카드자산)
694,201403,0010226,롯데카드㈜,A1,카드자산_(대손충당금 등),221962000000,신용카드사,B,SC107,부문별 자산현황(카드자산)
695,201403,0010226,롯데카드㈜,A2,카드자산_일시불 카드대급금,1372336000000,신용카드사,B,SC107,부문별 자산현황(카드자산)
696,201403,0010226,롯데카드㈜,A3,카드자산_할부 카드대급금,2282430000000,신용카드사,B,SC107,부문별 자산현황(카드자산)
697,201403,0010226,롯데카드㈜,A4,카드자산_현금서비스,557785000000,신용카드사,B,SC107,부문별 자산현황(카드자산)
698,201403,0010226,롯데카드㈜,A5,카드자산_카드론,1968407000000,신용카드사,B,SC107,부문별 자산현황(카드자산)
699,201403,0010226,롯데카드㈜,A6,카드자산_기타 카드자산,1144578000000,신용카드사,B,SC107,부문별 자산현황(카드자산)
700,201403,0010226,롯데카드㈜,A61,카드자산_기타 카드자산_리볼빙카드자산,1125975000000,신용카드사,B,SC107,부문별 자산현황(카드자산)
701,201403,0010226,롯데카드㈜,A610,카드자산_기타 카드자산_리볼빙카드자산_결제성리볼빙,846671000000,신용카드사,B,SC107,부문별 자산현황(카드자산)
702,201403,0010226,롯데카드㈜,A611,카드자산_기타 카드자산_리볼빙카드자산_대출성리볼빙,279305000000,신용카드사,B,SC107,부문별 자산현황(카드자산)
703,201403,0010226,롯데카드㈜,A62,카드자산_기타 카드자산_기타,18603000000,신용카드사,B,SC107,부문별 자산현황(카드자산)
704,201406,0010226,롯데카드㈜,A,카드자산,7093711000000,신용카드사,B,SC107,부문별 자산현황(카드자산)
705,201406,0010226,롯데카드㈜,A1,카드자산_(대손충당금 등),212205000000,신용카드사,B,SC107,부문별 자산현황(카드자산)
706,201406,0010226,롯데카드㈜,A2,카드자산_일시불 카드대급금,1290847000000,신용카드사,B,SC107,부문별 자산현황(카드자산)
707,201406,0010226,롯데카드㈜,A3,카드자산_할부 카드대급금,2304518000000,신용카드사,B,SC107,부문별 자산현황(카드자산)
708,201406,0010226,롯데카드㈜,A4,카드자산_현금서비스,544221000000,신용카드사,B,SC107,부문별 자산현황(카드자산)
709,201406,0010226,롯데카드㈜,A5,카드자산_카드론,2003538000000,신용카드사,B,SC107,부문별 자산현황(카드자산)
710,201406,0010226,롯데카드㈜,A6,카드자산_기타 카드자산,1162793000000,신용카드사,B,SC107,부문별 자산현황(카드자산)
711,201406,0010226,롯데카드㈜,A61,카드자산_기타 카드자산_리볼빙카드자산,1145224000000,신용카드사,B,SC107,부문별 자산현황(카드자산)
712,201406,0010226,롯데카드㈜,A610,카드자산_기타 카드자산_리볼빙카드자산_결제성리볼빙,879738000000,신용카드사,B,SC107,부문별 자산현황(카드자산)
713,201406,0010226,롯데카드㈜,A611,카드자산_기타 카드자산_리볼빙카드자산_대출성리볼빙,265486000000,신용카드사,B,SC107,부문별 자산현황(카드자산)
714,201406,0010226,롯데카드㈜,A62,카드자산_기타 카드자산_기타,17569000000,신용카드사,B,SC107,부문별 자산현황(카드자산)
715,201409,0010226,롯데카드㈜,A,카드자산,7224715000000,신용카드사,B,SC107,부문별 자산현황(카드자산)
716,201409,0010226,롯데카드㈜,A1,카드자산_(대손충당금 등),216987000000,신용카드사,B,SC107,부문별 자산현황(카드자산)
717,201409,0010226,롯데카드㈜,A2,카드자산_일시불 카드대급금,1410762000000,신용카드사,B,SC107,부문별 자산현황(카드자산)
718,201409,0010226,롯데카드㈜,A3,카드자산_할부 카드대급금,2213473000000,신용카드사,B,SC107,부문별 자산현황(카드자산)
719,201409,0010226,롯데카드㈜,A4,카드자산_현금서비스,531882000000,신용카드사,B,SC107,부문별 자산현황(카드자산)
720,201409,0010226,롯데카드㈜,A5,카드자산_카드론,2117511000000,신용카드사,B,SC107,부문별 자산현황(카드자산)
721,201409,0010226,롯데카드㈜,A6,카드자산_기타 카드자산,1168075000000,신용카드사,B,SC107,부문별 자산현황(카드자산)
722,201409,0010226,롯데카드㈜,A61,카드자산_기타 카드자산_리볼빙카드자산,1149785000000,신용카드사,B,SC107,부문별 자산현황(카드자산)
723,201409,0010226,롯데카드㈜,A610,카드자산_기타 카드자산_리볼빙카드자산_결제성리볼빙,895682000000,신용카드사,B,SC107,부문별 자산현황(카드자산)
724,201409,0010226,롯데카드㈜,A611,카드자산_기타 카드자산_리볼빙카드자산_대출성리볼빙,254103000000,신용카드사,B,SC107,부문별 자산현황(카드자산)
725,201409,0010226,롯데카드㈜,A62,카드자산_기타 카드자산_기타,18290000000,신용카드사,B,SC107,부문별 자산현황(카드자산)
726,201412,0010226,롯데카드㈜,A,카드자산,7584022000000,신용카드사,B,SC107,부문별 자산현황(카드자산)
727,201412,0010226,롯데카드㈜,A1,카드자산_(대손충당금 등),184284000000,신용카드사,B,SC107,부문별 자산현황(카드자산)
728,201412,0010226,롯데카드㈜,A2,카드자산_일시불 카드대급금,1479316000000,신용카드사,B,SC107,부문별 자산현황(카드자산)
729,201412,0010226,롯데카드㈜,A3,카드자산_할부 카드대급금,2438621000000,신용카드사,B,SC107,부문별 자산현황(카드자산)
730,201412,0010226,롯데카드㈜,A4,카드자산_현금서비스,512288000000,신용카드사,B,SC107,부문별 자산현황(카드자산)
731,201412,0010226,롯데카드㈜,A5,카드자산_카드론,2132493000000,신용카드사,B,SC107,부문별 자산현황(카드자산)
732,201412,0010226,롯데카드㈜,A6,카드자산_기타 카드자산,1205587000000,신용카드사,B,SC107,부문별 자산현황(카드자산)
733,201412,0010226,롯데카드㈜,A61,카드자산_기타 카드자산_리볼빙카드자산,1192880000000,신용카드사,B,SC107,부문별 자산현황(카드자산)
734,201412,0010226,롯데카드㈜,A610,카드자산_기타 카드자산_리볼빙카드자산_결제성리볼빙,951509000000,신용카드사,B,SC107,부문별 자산현황(카드자산)
735,201412,0010226,롯데카드㈜,A611,카드자산_기타 카드자산_리볼빙카드자산_대출성리볼빙,241371000000,신용카드사,B,SC107,부문별 자산현황(카드자산)
736,201412,0010226,롯데카드㈜,A62,카드자산_기타 카드자산_기타,12708000000,신용카드사,B,SC107,부문별 자산현황(카드자산)
737,201503,0010226,롯데카드㈜,A,카드자산,7416206000000,신용카드사,B,SC107,부문별 자산현황(카드자산)
738,201503,0010226,롯데카드㈜,A1,카드자산_(대손충당금 등),198525000000,신용카드사,B,SC107,부문별 자산현황(카드자산)
739,201503,0010226,롯데카드㈜,A2,카드자산_일시불 카드대급금,1451521000000,신용카드사,B,SC107,부문별 자산현황(카드자산)
740,201503,0010226,롯데카드㈜,A3,카드자산_할부 카드대급금,2337508000000,신용카드사,B,SC107,부문별 자산현황(카드자산)
741,201503,0010226,롯데카드㈜,A4,카드자산_현금서비스,498542000000,신용카드사,B,SC107,부문별 자산현황(카드자산)
742,201503,0010226,롯데카드㈜,A5,카드자산_카드론,2166674000000,신용카드사,B,SC107,부문별 자산현황(카드자산)
743,201503,0010226,롯데카드㈜,A6,카드자산_기타 카드자산,1160484000000,신용카드사,B,SC107,부문별 자산현황(카드자산)
744,201503,0010226,롯데카드㈜,A61,카드자산_기타 카드자산_리볼빙카드자산,1146931000000,신용카드사,B,SC107,부문별 자산현황(카드자산)
745,201503,0010226,롯데카드㈜,A610,카드자산_기타 카드자산_리볼빙카드자산_결제성리볼빙,921882000000,신용카드사,B,SC107,부문별 자산현황(카드자산)
746,201503,0010226,롯데카드㈜,A611,카드자산_기타 카드자산_리볼빙카드자산_대출성리볼빙,225050000000,신용카드사,B,SC107,부문별 자산현황(카드자산)
747,201503,0010226,롯데카드㈜,A62,카드자산_기타 카드자산_기타,13553000000,신용카드사,B,SC107,부문별 자산현황(카드자산)
748,201506,0010226,롯데카드㈜,A,카드자산,7442209000000,신용카드사,B,SC107,부문별 자산현황(카드자산)
749,201506,0010226,롯데카드㈜,A1,카드자산_(대손충당금 등),190545000000,신용카드사,B,SC107,부문별 자산현황(카드자산)
750,201506,0010226,롯데카드㈜,A2,카드자산_일시불 카드대급금,1393509000000,신용카드사,B,SC107,부문별 자산현황(카드자산)
751,201506,0010226,롯데카드㈜,A3,카드자산_할부 카드대급금,2361402000000,신용카드사,B,SC107,부문별 자산현황(카드자산)
752,201506,0010226,롯데카드㈜,A4,카드자산_현금서비스,483351000000,신용카드사,B,SC107,부문별 자산현황(카드자산)
753,201506,0010226,롯데카드㈜,A5,카드자산_카드론,2229659000000,신용카드사,B,SC107,부문별 자산현황(카드자산)
754,201506,0010226,롯데카드㈜,A6,카드자산_기타 카드자산,1164832000000,신용카드사,B,SC107,부문별 자산현황(카드자산)
755,201506,0010226,롯데카드㈜,A61,카드자산_기타 카드자산_리볼빙카드자산,1158768000000,신용카드사,B,SC107,부문별 자산현황(카드자산)
756,201506,0010226,롯데카드㈜,A610,카드자산_기타 카드자산_리볼빙카드자산_결제성리볼빙,948083000000,신용카드사,B,SC107,부문별 자산현황(카드자산)
757,201506,0010226,롯데카드㈜,A611,카드자산_기타 카드자산_리볼빙카드자산_대출성리볼빙,210685000000,신용카드사,B,SC107,부문별 자산현황(카드자산)
758,201506,0010226,롯데카드㈜,A62,카드자산_기타 카드자산_기타,6063000000,신용카드사,B,SC107,부문별 자산현황(카드자산)
759,201509,0010226,롯데카드㈜,A,카드자산,7592384000000,신용카드사,B,SC107,부문별 자산현황(카드자산)
760,201509,0010226,롯데카드㈜,A1,카드자산_(대손충당금 등),191496000000,신용카드사,B,SC107,부문별 자산현황(카드자산)
761,201509,0010226,롯데카드㈜,A2,카드자산_일시불 카드대급금,1489900000000,신용카드사,B,SC107,부문별 자산현황(카드자산)
762,201509,0010226,롯데카드㈜,A3,카드자산_할부 카드대급금,2343462000000,신용카드사,B,SC107,부문별 자산현황(카드자산)
763,201509,0010226,롯데카드㈜,A4,카드자산_현금서비스,461420000000,신용카드사,B,SC107,부문별 자산현황(카드자산)
764,201509,0010226,롯데카드㈜,A5,카드자산_카드론,2289013000000,신용카드사,B,SC107,부문별 자산현황(카드자산)
765,201509,0010226,롯데카드㈜,A6,카드자산_기타 카드자산,1200086000000,신용카드사,B,SC107,부문별 자산현황(카드자산)
766,201509,0010226,롯데카드㈜,A61,카드자산_기타 카드자산_리볼빙카드자산,1186394000000,신용카드사,B,SC107,부문별 자산현황(카드자산)
767,201509,0010226,롯데카드㈜,A610,카드자산_기타 카드자산_리볼빙카드자산_결제성리볼빙,987985000000,신용카드사,B,SC107,부문별 자산현황(카드자산)
768,201509,0010226,롯데카드㈜,A611,카드자산_기타 카드자산_리볼빙카드자산_대출성리볼빙,198410000000,신용카드사,B,SC107,부문별 자산현황(카드자산)
769,201509,0010226,롯데카드㈜,A62,카드자산_기타 카드자산_기타,13691000000,신용카드사,B,SC107,부문별 자산현황(카드자산)
770,201512,0010226,롯데카드㈜,A,카드자산,8001637000000,신용카드사,B,SC107,부문별 자산현황(카드자산)
771,201512,0010226,롯데카드㈜,A1,카드자산_(대손충당금 등),211312000000,신용카드사,B,SC107,부문별 자산현황(카드자산)
772,201512,0010226,롯데카드㈜,A2,카드자산_일시불 카드대급금,1511776000000,신용카드사,B,SC107,부문별 자산현황(카드자산)
773,201512,0010226,롯데카드㈜,A3,카드자산_할부 카드대급금,2616065000000,신용카드사,B,SC107,부문별 자산현황(카드자산)
774,201512,0010226,롯데카드㈜,A4,카드자산_현금서비스,471877000000,신용카드사,B,SC107,부문별 자산현황(카드자산)
775,201512,0010226,롯데카드㈜,A5,카드자산_카드론,2386795000000,신용카드사,B,SC107,부문별 자산현황(카드자산)
776,201512,0010226,롯데카드㈜,A6,카드자산_기타 카드자산,1226435000000,신용카드사,B,SC107,부문별 자산현황(카드자산)
777,201512,0010226,롯데카드㈜,A61,카드자산_기타 카드자산_리볼빙카드자산,1215314000000,신용카드사,B,SC107,부문별 자산현황(카드자산)
778,201512,0010226,롯데카드㈜,A610,카드자산_기타 카드자산_리볼빙카드자산_결제성리볼빙,1020291000000,신용카드사,B,SC107,부문별 자산현황(카드자산)
779,201512,0010226,롯데카드㈜,A611,카드자산_기타 카드자산_리볼빙카드자산_대출성리볼빙,195023000000,신용카드사,B,SC107,부문별 자산현황(카드자산)
780,201512,0010226,롯데카드㈜,A62,카드자산_기타 카드자산_기타,11121000000,신용카드사,B,SC107,부문별 자산현황(카드자산)
781,201603,0010226,롯데카드㈜,A,카드자산,7762123000000,신용카드사,B,SC107,부문별 자산현황(카드자산)
782,201603,0010226,롯데카드㈜,A1,카드자산_(대손충당금 등),198873000000,신용카드사,B,SC107,부문별 자산현황(카드자산)
783,201603,0010226,롯데카드㈜,A2,카드자산_일시불 카드대급금,1416474000000,신용카드사,B,SC107,부문별 자산현황(카드자산)
784,201603,0010226,롯데카드㈜,A3,카드자산_할부 카드대급금,2454310000000,신용카드사,B,SC107,부문별 자산현황(카드자산)
785,201603,0010226,롯데카드㈜,A4,카드자산_현금서비스,474566000000,신용카드사,B,SC107,부문별 자산현황(카드자산)
786,201603,0010226,롯데카드㈜,A5,카드자산_카드론,2420158000000,신용카드사,B,SC107,부문별 자산현황(카드자산)
787,201603,0010226,롯데카드㈜,A6,카드자산_기타 카드자산,1195487000000,신용카드사,B,SC107,부문별 자산현황(카드자산)
788,201603,0010226,롯데카드㈜,A61,카드자산_기타 카드자산_리볼빙카드자산,1183625000000,신용카드사,B,SC107,부문별 자산현황(카드자산)
789,201603,0010226,롯데카드㈜,A610,카드자산_기타 카드자산_리볼빙카드자산_결제성리볼빙,995440000000,신용카드사,B,SC107,부문별 자산현황(카드자산)
790,201603,0010226,롯데카드㈜,A611,카드자산_기타 카드자산_리볼빙카드자산_대출성리볼빙,188185000000,신용카드사,B,SC107,부문별 자산현황(카드자산)
791,201603,0010226,롯데카드㈜,A62,카드자산_기타 카드자산_기타,11863000000,신용카드사,B,SC107,부문별 자산현황(카드자산)
792,201606,0010226,롯데카드㈜,A,카드자산,7958359000000,신용카드사,B,SC107,부문별 자산현황(카드자산)
793,201606,0010226,롯데카드㈜,A1,카드자산_(대손충당금 등),202849000000,신용카드사,B,SC107,부문별 자산현황(카드자산)
794,201606,0010226,롯데카드㈜,A2,카드자산_일시불 카드대급금,1551663000000,신용카드사,B,SC107,부문별 자산현황(카드자산)
795,201606,0010226,롯데카드㈜,A3,카드자산_할부 카드대급금,2446478000000,신용카드사,B,SC107,부문별 자산현황(카드자산)
796,201606,0010226,롯데카드㈜,A4,카드자산_현금서비스,468089000000,신용카드사,B,SC107,부문별 자산현황(카드자산)
797,201606,0010226,롯데카드㈜,A5,카드자산_카드론,2474398000000,신용카드사,B,SC107,부문별 자산현황(카드자산)
798,201606,0010226,롯데카드㈜,A6,카드자산_기타 카드자산,1220580000000,신용카드사,B,SC107,부문별 자산현황(카드자산)
799,201606,0010226,롯데카드㈜,A61,카드자산_기타 카드자산_리볼빙카드자산,1212123000000,신용카드사,B,SC107,부문별 자산현황(카드자산)
800,201606,0010226,롯데카드㈜,A610,카드자산_기타 카드자산_리볼빙카드자산_결제성리볼빙,1031344000000,신용카드사,B,SC107,부문별 자산현황(카드자산)
801,201606,0010226,롯데카드㈜,A611,카드자산_기타 카드자산_리볼빙카드자산_대출성리볼빙,180779000000,신용카드사,B,SC107,부문별 자산현황(카드자산)
802,201606,0010226,롯데카드㈜,A62,카드자산_기타 카드자산_기타,8457000000,신용카드사,B,SC107,부문별 자산현황(카드자산)
803,201609,0010226,롯데카드㈜,A,카드자산,8037887000000,신용카드사,B,SC107,부문별 자산현황(카드자산)
804,201609,0010226,롯데카드㈜,A1,카드자산_(대손충당금 등),208926000000,신용카드사,B,SC107,부문별 자산현황(카드자산)
805,201609,0010226,롯데카드㈜,A2,카드자산_일시불 카드대급금,1627927000000,신용카드사,B,SC107,부문별 자산현황(카드자산)
806,201609,0010226,롯데카드㈜,A3,카드자산_할부 카드대급금,2454446000000,신용카드사,B,SC107,부문별 자산현황(카드자산)
807,201609,0010226,롯데카드㈜,A4,카드자산_현금서비스,464256000000,신용카드사,B,SC107,부문별 자산현황(카드자산)
808,201609,0010226,롯데카드㈜,A5,카드자산_카드론,2475656000000,신용카드사,B,SC107,부문별 자산현황(카드자산)
809,201609,0010226,롯데카드㈜,A6,카드자산_기타 카드자산,1224527000000,신용카드사,B,SC107,부문별 자산현황(카드자산)
810,201609,0010226,롯데카드㈜,A61,카드자산_기타 카드자산_리볼빙카드자산,1214295000000,신용카드사,B,SC107,부문별 자산현황(카드자산)
811,201609,0010226,롯데카드㈜,A610,카드자산_기타 카드자산_리볼빙카드자산_결제성리볼빙,1042520000000,신용카드사,B,SC107,부문별 자산현황(카드자산)
812,201609,0010226,롯데카드㈜,A611,카드자산_기타 카드자산_리볼빙카드자산_대출성리볼빙,171775000000,신용카드사,B,SC107,부문별 자산현황(카드자산)
813,201609,0010226,롯데카드㈜,A62,카드자산_기타 카드자산_기타,10232000000,신용카드사,B,SC107,부문별 자산현황(카드자산)
814,201612,0010226,롯데카드㈜,A,카드자산,8517735000000,신용카드사,B,SC107,부문별 자산현황(카드자산)
815,201612,0010226,롯데카드㈜,A1,카드자산_(대손충당금 등),213503000000,신용카드사,B,SC107,부문별 자산현황(카드자산)
816,201612,0010226,롯데카드㈜,A2,카드자산_일시불 카드대급금,1748518000000,신용카드사,B,SC107,부문별 자산현황(카드자산)
817,201612,0010226,롯데카드㈜,A3,카드자산_할부 카드대급금,2709933000000,신용카드사,B,SC107,부문별 자산현황(카드자산)
818,201612,0010226,롯데카드㈜,A4,카드자산_현금서비스,483626000000,신용카드사,B,SC107,부문별 자산현황(카드자산)
819,201612,0010226,롯데카드㈜,A5,카드자산_카드론,2525242000000,신용카드사,B,SC107,부문별 자산현황(카드자산)
820,201612,0010226,롯데카드㈜,A6,카드자산_기타 카드자산,1263920000000,신용카드사,B,SC107,부문별 자산현황(카드자산)
821,201612,0010226,롯데카드㈜,A61,카드자산_기타 카드자산_리볼빙카드자산,1249384000000,신용카드사,B,SC107,부문별 자산현황(카드자산)
822,201612,0010226,롯데카드㈜,A610,카드자산_기타 카드자산_리볼빙카드자산_결제성리볼빙,1081286000000,신용카드사,B,SC107,부문별 자산현황(카드자산)
823,201612,0010226,롯데카드㈜,A611,카드자산_기타 카드자산_리볼빙카드자산_대출성리볼빙,168098000000,신용카드사,B,SC107,부문별 자산현황(카드자산)
824,201612,0010226,롯데카드㈜,A62,카드자산_기타 카드자산_기타,14536000000,신용카드사,B,SC107,부문별 자산현황(카드자산)
825,200803,0010227,비씨카드㈜,A,카드자산,1929823000000,신용카드사,B,SC107,부문별 자산현황(카드자산)
826,200803,0010227,비씨카드㈜,A1,(대손충당금 등),29574000000,신용카드사,B,SC107,부문별 자산현황(카드자산)
827,200803,0010227,비씨카드㈜,A2,일시불 카드대급금,66420000000,신용카드사,B,SC107,부문별 자산현황(카드자산)
828,200803,0010227,비씨카드㈜,A3,할부 카드대급금,4842000000,신용카드사,B,SC107,부문별 자산현황(카드자산)
829,200803,0010227,비씨카드㈜,A4,현금서비스,2732000000,신용카드사,B,SC107,부문별 자산현황(카드자산)
830,200803,0010227,비씨카드㈜,A5,카드론,232000000,신용카드사,B,SC107,부문별 자산현황(카드자산)
831,200803,0010227,비씨카드㈜,A6,기타 카드자산,1885171000000,신용카드사,B,SC107,부문별 자산현황(카드자산)
832,200803,0010227,비씨카드㈜,A61,기타 카드자산_리볼빙카드자산,0,신용카드사,B,SC107,부문별 자산현황(카드자산)
833,200803,0010227,비씨카드㈜,A610,기타 카드자산_리볼빙카드자산_결제성리볼빙,0,신용카드사,B,SC107,부문별 자산현황(카드자산)
834,200803,0010227,비씨카드㈜,A611,기타 카드자산_리볼빙카드자산_대출성리볼빙,0,신용카드사,B,SC107,부문별 자산현황(카드자산)
835,200803,0010227,비씨카드㈜,A62,기타 카드자산_기타,1885171000000,신용카드사,B,SC107,부문별 자산현황(카드자산)
836,200806,0010227,비씨카드㈜,A,카드자산,958692000000,신용카드사,B,SC107,부문별 자산현황(카드자산)
837,200806,0010227,비씨카드㈜,A1,(대손충당금 등),14774000000,신용카드사,B,SC107,부문별 자산현황(카드자산)
838,200806,0010227,비씨카드㈜,A2,일시불 카드대급금,71562000000,신용카드사,B,SC107,부문별 자산현황(카드자산)
839,200806,0010227,비씨카드㈜,A3,할부 카드대급금,3837000000,신용카드사,B,SC107,부문별 자산현황(카드자산)
840,200806,0010227,비씨카드㈜,A4,현금서비스,2726000000,신용카드사,B,SC107,부문별 자산현황(카드자산)
841,200806,0010227,비씨카드㈜,A5,카드론,186000000,신용카드사,B,SC107,부문별 자산현황(카드자산)
842,200806,0010227,비씨카드㈜,A6,기타 카드자산,895155000000,신용카드사,B,SC107,부문별 자산현황(카드자산)
843,200806,0010227,비씨카드㈜,A61,기타 카드자산_리볼빙카드자산,0,신용카드사,B,SC107,부문별 자산현황(카드자산)
844,200806,0010227,비씨카드㈜,A610,기타 카드자산_리볼빙카드자산_결제성리볼빙,0,신용카드사,B,SC107,부문별 자산현황(카드자산)
845,200806,0010227,비씨카드㈜,A611,기타 카드자산_리볼빙카드자산_대출성리볼빙,0,신용카드사,B,SC107,부문별 자산현황(카드자산)
846,200806,0010227,비씨카드㈜,A62,기타 카드자산_기타,895155000000,신용카드사,B,SC107,부문별 자산현황(카드자산)
847,200809,0010227,비씨카드㈜,A,카드자산,1101988000000,신용카드사,B,SC107,부문별 자산현황(카드자산)
848,200809,0010227,비씨카드㈜,A1,(대손충당금 등),17054000000,신용카드사,B,SC107,부문별 자산현황(카드자산)
849,200809,0010227,비씨카드㈜,A2,일시불 카드대급금,67970000000,신용카드사,B,SC107,부문별 자산현황(카드자산)
850,200809,0010227,비씨카드㈜,A3,할부 카드대급금,3761000000,신용카드사,B,SC107,부문별 자산현황(카드자산)
851,200809,0010227,비씨카드㈜,A4,현금서비스,2688000000,신용카드사,B,SC107,부문별 자산현황(카드자산)
852,200809,0010227,비씨카드㈜,A5,카드론,154000000,신용카드사,B,SC107,부문별 자산현황(카드자산)
853,200809,0010227,비씨카드㈜,A6,기타 카드자산,1044469000000,신용카드사,B,SC107,부문별 자산현황(카드자산)
854,200809,0010227,비씨카드㈜,A61,기타 카드자산_리볼빙카드자산,0,신용카드사,B,SC107,부문별 자산현황(카드자산)
855,200809,0010227,비씨카드㈜,A610,기타 카드자산_리볼빙카드자산_결제성리볼빙,0,신용카드사,B,SC107,부문별 자산현황(카드자산)
856,200809,0010227,비씨카드㈜,A611,기타 카드자산_리볼빙카드자산_대출성리볼빙,0,신용카드사,B,SC107,부문별 자산현황(카드자산)
857,200809,0010227,비씨카드㈜,A62,기타 카드자산_기타,1044469000000,신용카드사,B,SC107,부문별 자산현황(카드자산)
858,200812,0010227,비씨카드㈜,A,카드자산,863331000000,신용카드사,B,SC107,부문별 자산현황(카드자산)
859,200812,0010227,비씨카드㈜,A1,(대손충당금 등),17304000000,신용카드사,B,SC107,부문별 자산현황(카드자산)
860,200812,0010227,비씨카드㈜,A2,일시불 카드대급금,79720000000,신용카드사,B,SC107,부문별 자산현황(카드자산)
861,200812,0010227,비씨카드㈜,A3,할부 카드대급금,3855000000,신용카드사,B,SC107,부문별 자산현황(카드자산)
862,200812,0010227,비씨카드㈜,A4,현금서비스,2806000000,신용카드사,B,SC107,부문별 자산현황(카드자산)
863,200812,0010227,비씨카드㈜,A5,카드론,135000000,신용카드사,B,SC107,부문별 자산현황(카드자산)
864,200812,0010227,비씨카드㈜,A6,기타 카드자산,794119000000,신용카드사,B,SC107,부문별 자산현황(카드자산)
865,200812,0010227,비씨카드㈜,A61,기타 카드자산_리볼빙카드자산,0,신용카드사,B,SC107,부문별 자산현황(카드자산)
866,200812,0010227,비씨카드㈜,A610,기타 카드자산_리볼빙카드자산_결제성리볼빙,0,신용카드사,B,SC107,부문별 자산현황(카드자산)
867,200812,0010227,비씨카드㈜,A611,기타 카드자산_리볼빙카드자산_대출성리볼빙,0,신용카드사,B,SC107,부문별 자산현황(카드자산)
868,200812,0010227,비씨카드㈜,A62,기타 카드자산_기타,794119000000,신용카드사,B,SC107,부문별 자산현황(카드자산)
869,200903,0010227,비씨카드㈜,A,카드자산,2301255000000,신용카드사,B,SC107,부문별 자산현황(카드자산)
870,200903,0010227,비씨카드㈜,A1,(대손충당금 등),47872000000,신용카드사,B,SC107,부문별 자산현황(카드자산)
871,200903,0010227,비씨카드㈜,A2,일시불 카드대급금,63107000000,신용카드사,B,SC107,부문별 자산현황(카드자산)
872,200903,0010227,비씨카드㈜,A3,할부 카드대급금,3434000000,신용카드사,B,SC107,부문별 자산현황(카드자산)
873,200903,0010227,비씨카드㈜,A4,현금서비스,2437000000,신용카드사,B,SC107,부문별 자산현황(카드자산)
874,200903,0010227,비씨카드㈜,A5,카드론,89000000,신용카드사,B,SC107,부문별 자산현황(카드자산)
875,200903,0010227,비씨카드㈜,A6,기타 카드자산,2280060000000,신용카드사,B,SC107,부문별 자산현황(카드자산)
876,200903,0010227,비씨카드㈜,A61,기타 카드자산_리볼빙카드자산,0,신용카드사,B,SC107,부문별 자산현황(카드자산)
877,200903,0010227,비씨카드㈜,A610,기타 카드자산_리볼빙카드자산_결제성리볼빙,0,신용카드사,B,SC107,부문별 자산현황(카드자산)
878,200903,0010227,비씨카드㈜,A611,기타 카드자산_리볼빙카드자산_대출성리볼빙,0,신용카드사,B,SC107,부문별 자산현황(카드자산)
879,200903,0010227,비씨카드㈜,A62,기타 카드자산_기타,2280060000000,신용카드사,B,SC107,부문별 자산현황(카드자산)
880,200906,0010227,비씨카드㈜,A,카드자산,1113938000000,신용카드사,B,SC107,부문별 자산현황(카드자산)
881,200906,0010227,비씨카드㈜,A1,(대손충당금 등),22866000000,신용카드사,B,SC107,부문별 자산현황(카드자산)
882,200906,0010227,비씨카드㈜,A2,일시불 카드대급금,73472000000,신용카드사,B,SC107,부문별 자산현황(카드자산)
883,200906,0010227,비씨카드㈜,A3,할부 카드대급금,3274000000,신용카드사,B,SC107,부문별 자산현황(카드자산)
884,200906,0010227,비씨카드㈜,A4,현금서비스,2235000000,신용카드사,B,SC107,부문별 자산현황(카드자산)
885,200906,0010227,비씨카드㈜,A5,카드론,54000000,신용카드사,B,SC107,부문별 자산현황(카드자산)
886,200906,0010227,비씨카드㈜,A6,기타 카드자산,1057769000000,신용카드사,B,SC107,부문별 자산현황(카드자산)
887,200906,0010227,비씨카드㈜,A61,기타 카드자산_리볼빙카드자산,0,신용카드사,B,SC107,부문별 자산현황(카드자산)
888,200906,0010227,비씨카드㈜,A610,기타 카드자산_리볼빙카드자산_결제성리볼빙,0,신용카드사,B,SC107,부문별 자산현황(카드자산)
889,200906,0010227,비씨카드㈜,A611,기타 카드자산_리볼빙카드자산_대출성리볼빙,0,신용카드사,B,SC107,부문별 자산현황(카드자산)
890,200906,0010227,비씨카드㈜,A62,기타 카드자산_기타,1057769000000,신용카드사,B,SC107,부문별 자산현황(카드자산)
891,200909,0010227,비씨카드㈜,A,카드자산,990963000000,신용카드사,B,SC107,부문별 자산현황(카드자산)
892,200909,0010227,비씨카드㈜,A1,(대손충당금 등),19028000000,신용카드사,B,SC107,부문별 자산현황(카드자산)
893,200909,0010227,비씨카드㈜,A2,일시불 카드대급금,73120000000,신용카드사,B,SC107,부문별 자산현황(카드자산)
894,200909,0010227,비씨카드㈜,A3,할부 카드대급금,3167000000,신용카드사,B,SC107,부문별 자산현황(카드자산)
895,200909,0010227,비씨카드㈜,A4,현금서비스,2005000000,신용카드사,B,SC107,부문별 자산현황(카드자산)
896,200909,0010227,비씨카드㈜,A5,카드론,30000000,신용카드사,B,SC107,부문별 자산현황(카드자산)
897,200909,0010227,비씨카드㈜,A6,기타 카드자산,931669000000,신용카드사,B,SC107,부문별 자산현황(카드자산)
898,200909,0010227,비씨카드㈜,A61,기타 카드자산_리볼빙카드자산,0,신용카드사,B,SC107,부문별 자산현황(카드자산)
899,200909,0010227,비씨카드㈜,A610,기타 카드자산_리볼빙카드자산_결제성리볼빙,0,신용카드사,B,SC107,부문별 자산현황(카드자산)
900,200909,0010227,비씨카드㈜,A611,기타 카드자산_리볼빙카드자산_대출성리볼빙,0,신용카드사,B,SC107,부문별 자산현황(카드자산)
901,200909,0010227,비씨카드㈜,A62,기타 카드자산_기타,931669000000,신용카드사,B,SC107,부문별 자산현황(카드자산)
902,200912,0010227,비씨카드㈜,A,카드자산,827950000000,신용카드사,B,SC107,부문별 자산현황(카드자산)
903,200912,0010227,비씨카드㈜,A1,(대손충당금 등),16902000000,신용카드사,B,SC107,부문별 자산현황(카드자산)
904,200912,0010227,비씨카드㈜,A2,일시불 카드대급금,14027000000,신용카드사,B,SC107,부문별 자산현황(카드자산)
905,200912,0010227,비씨카드㈜,A3,할부 카드대급금,3505000000,신용카드사,B,SC107,부문별 자산현황(카드자산)
906,200912,0010227,비씨카드㈜,A4,현금서비스,1882000000,신용카드사,B,SC107,부문별 자산현황(카드자산)
907,200912,0010227,비씨카드㈜,A5,카드론,20000000,신용카드사,B,SC107,부문별 자산현황(카드자산)
908,200912,0010227,비씨카드㈜,A6,기타 카드자산,825418000000,신용카드사,B,SC107,부문별 자산현황(카드자산)
909,200912,0010227,비씨카드㈜,A61,기타 카드자산_리볼빙카드자산,0,신용카드사,B,SC107,부문별 자산현황(카드자산)
910,200912,0010227,비씨카드㈜,A610,기타 카드자산_리볼빙카드자산_결제성리볼빙,0,신용카드사,B,SC107,부문별 자산현황(카드자산)
911,200912,0010227,비씨카드㈜,A611,기타 카드자산_리볼빙카드자산_대출성리볼빙,0,신용카드사,B,SC107,부문별 자산현황(카드자산)
912,200912,0010227,비씨카드㈜,A62,기타 카드자산_기타,825418000000,신용카드사,B,SC107,부문별 자산현황(카드자산)
913,201003,0010227,비씨카드㈜,A,카드자산,1982531000000,신용카드사,B,SC107,부문별 자산현황(카드자산)
914,201003,0010227,비씨카드㈜,A1,(대손충당금 등),30311000000,신용카드사,B,SC107,부문별 자산현황(카드자산)
915,201003,0010227,비씨카드㈜,A2,일시불 카드대급금,12469000000,신용카드사,B,SC107,부문별 자산현황(카드자산)
916,201003,0010227,비씨카드㈜,A3,할부 카드대급금,3053000000,신용카드사,B,SC107,부문별 자산현황(카드자산)
917,201003,0010227,비씨카드㈜,A4,현금서비스,1724000000,신용카드사,B,SC107,부문별 자산현황(카드자산)
918,201003,0010227,비씨카드㈜,A5,카드론,15000000,신용카드사,B,SC107,부문별 자산현황(카드자산)
919,201003,0010227,비씨카드㈜,A6,기타 카드자산,1995581000000,신용카드사,B,SC107,부문별 자산현황(카드자산)
920,201003,0010227,비씨카드㈜,A61,기타 카드자산_리볼빙카드자산,0,신용카드사,B,SC107,부문별 자산현황(카드자산)
921,201003,0010227,비씨카드㈜,A610,기타 카드자산_리볼빙카드자산_결제성리볼빙,0,신용카드사,B,SC107,부문별 자산현황(카드자산)
922,201003,0010227,비씨카드㈜,A611,기타 카드자산_리볼빙카드자산_대출성리볼빙,0,신용카드사,B,SC107,부문별 자산현황(카드자산)
923,201003,0010227,비씨카드㈜,A62,기타 카드자산_기타,1995581000000,신용카드사,B,SC107,부문별 자산현황(카드자산)
924,201006,0010227,비씨카드㈜,A,카드자산,803705000000,신용카드사,B,SC107,부문별 자산현황(카드자산)
925,201006,0010227,비씨카드㈜,A1,(대손충당금 등),12315000000,신용카드사,B,SC107,부문별 자산현황(카드자산)
926,201006,0010227,비씨카드㈜,A2,일시불 카드대급금,14011000000,신용카드사,B,SC107,부문별 자산현황(카드자산)
927,201006,0010227,비씨카드㈜,A3,할부 카드대급금,2897000000,신용카드사,B,SC107,부문별 자산현황(카드자산)
928,201006,0010227,비씨카드㈜,A4,현금서비스,1641000000,신용카드사,B,SC107,부문별 자산현황(카드자산)
929,201006,0010227,비씨카드㈜,A5,카드론,8000000,신용카드사,B,SC107,부문별 자산현황(카드자산)
930,201006,0010227,비씨카드㈜,A6,기타 카드자산,797463000000,신용카드사,B,SC107,부문별 자산현황(카드자산)
931,201006,0010227,비씨카드㈜,A61,기타 카드자산_리볼빙카드자산,0,신용카드사,B,SC107,부문별 자산현황(카드자산)
932,201006,0010227,비씨카드㈜,A610,기타 카드자산_리볼빙카드자산_결제성리볼빙,0,신용카드사,B,SC107,부문별 자산현황(카드자산)
933,201006,0010227,비씨카드㈜,A611,기타 카드자산_리볼빙카드자산_대출성리볼빙,0,신용카드사,B,SC107,부문별 자산현황(카드자산)
934,201006,0010227,비씨카드㈜,A62,기타 카드자산_기타,797463000000,신용카드사,B,SC107,부문별 자산현황(카드자산)
935,201009,0010227,비씨카드㈜,A,카드자산,780258000000,신용카드사,B,SC107,부문별 자산현황(카드자산)
936,201009,0010227,비씨카드㈜,A1,(대손충당금 등),11922000000,신용카드사,B,SC107,부문별 자산현황(카드자산)
937,201009,0010227,비씨카드㈜,A2,일시불 카드대급금,13334000000,신용카드사,B,SC107,부문별 자산현황(카드자산)
938,201009,0010227,비씨카드㈜,A3,할부 카드대급금,2829000000,신용카드사,B,SC107,부문별 자산현황(카드자산)
939,201009,0010227,비씨카드㈜,A4,현금서비스,1531000000,신용카드사,B,SC107,부문별 자산현황(카드자산)
940,201009,0010227,비씨카드㈜,A5,카드론,6000000,신용카드사,B,SC107,부문별 자산현황(카드자산)
941,201009,0010227,비씨카드㈜,A6,기타 카드자산,774480000000,신용카드사,B,SC107,부문별 자산현황(카드자산)
942,201009,0010227,비씨카드㈜,A61,기타 카드자산_리볼빙카드자산,0,신용카드사,B,SC107,부문별 자산현황(카드자산)
943,201009,0010227,비씨카드㈜,A610,기타 카드자산_리볼빙카드자산_결제성리볼빙,0,신용카드사,B,SC107,부문별 자산현황(카드자산)
944,201009,0010227,비씨카드㈜,A611,기타 카드자산_리볼빙카드자산_대출성리볼빙,0,신용카드사,B,SC107,부문별 자산현황(카드자산)
945,201009,0010227,비씨카드㈜,A62,기타 카드자산_기타,774480000000,신용카드사,B,SC107,부문별 자산현황(카드자산)
946,201012,0010227,비씨카드㈜,A,카드자산,826548000000,신용카드사,B,SC107,부문별 자산현황(카드자산)
947,201012,0010227,비씨카드㈜,A1,(대손충당금 등),12621000000,신용카드사,B,SC107,부문별 자산현황(카드자산)
948,201012,0010227,비씨카드㈜,A2,일시불 카드대급금,11995000000,신용카드사,B,SC107,부문별 자산현황(카드자산)
949,201012,0010227,비씨카드㈜,A3,할부 카드대급금,2878000000,신용카드사,B,SC107,부문별 자산현황(카드자산)
950,201012,0010227,비씨카드㈜,A4,현금서비스,1465000000,신용카드사,B,SC107,부문별 자산현황(카드자산)
951,201012,0010227,비씨카드㈜,A5,카드론,4000000,신용카드사,B,SC107,부문별 자산현황(카드자산)
952,201012,0010227,비씨카드㈜,A6,기타 카드자산,822827000000,신용카드사,B,SC107,부문별 자산현황(카드자산)
953,201012,0010227,비씨카드㈜,A61,기타 카드자산_리볼빙카드자산,0,신용카드사,B,SC107,부문별 자산현황(카드자산)
954,201012,0010227,비씨카드㈜,A610,기타 카드자산_리볼빙카드자산_결제성리볼빙,0,신용카드사,B,SC107,부문별 자산현황(카드자산)
955,201012,0010227,비씨카드㈜,A611,기타 카드자산_리볼빙카드자산_대출성리볼빙,0,신용카드사,B,SC107,부문별 자산현황(카드자산)
956,201012,0010227,비씨카드㈜,A62,기타 카드자산_기타,822827000000,신용카드사,B,SC107,부문별 자산현황(카드자산)
957,201103,0010227,비씨카드㈜,A,카드자산,1267336000000,신용카드사,B,SC107,부문별 자산현황(카드자산)
958,201103,0010227,비씨카드㈜,A1,카드자산_(대손충당금 등),-27000000,신용카드사,B,SC107,부문별 자산현황(카드자산)
959,201103,0010227,비씨카드㈜,A2,카드자산_일시불 카드대급금,66764000000,신용카드사,B,SC107,부문별 자산현황(카드자산)
960,201103,0010227,비씨카드㈜,A3,카드자산_할부 카드대급금,2617000000,신용카드사,B,SC107,부문별 자산현황(카드자산)
961,201103,0010227,비씨카드㈜,A4,카드자산_현금서비스,1373000000,신용카드사,B,SC107,부문별 자산현황(카드자산)
962,201103,0010227,비씨카드㈜,A5,카드자산_카드론,5000000,신용카드사,B,SC107,부문별 자산현황(카드자산)
963,201103,0010227,비씨카드㈜,A6,카드자산_기타 카드자산,1196604000000,신용카드사,B,SC107,부문별 자산현황(카드자산)
964,201103,0010227,비씨카드㈜,A61,카드자산_기타 카드자산_리볼빙카드자산, ,신용카드사,B,SC107,부문별 자산현황(카드자산)
965,201103,0010227,비씨카드㈜,A610,카드자산_기타 카드자산_리볼빙카드자산_결제성리볼빙, ,신용카드사,B,SC107,부문별 자산현황(카드자산)
966,201103,0010227,비씨카드㈜,A611,카드자산_기타 카드자산_리볼빙카드자산_대출성리볼빙, ,신용카드사,B,SC107,부문별 자산현황(카드자산)
967,201103,0010227,비씨카드㈜,A62,카드자산_기타 카드자산_기타,1196604000000,신용카드사,B,SC107,부문별 자산현황(카드자산)
968,201106,0010227,비씨카드㈜,A,카드자산,752899000000,신용카드사,B,SC107,부문별 자산현황(카드자산)
969,201106,0010227,비씨카드㈜,A1,카드자산_(대손충당금 등),-27000000,신용카드사,B,SC107,부문별 자산현황(카드자산)
970,201106,0010227,비씨카드㈜,A2,카드자산_일시불 카드대급금,9874000000,신용카드사,B,SC107,부문별 자산현황(카드자산)
971,201106,0010227,비씨카드㈜,A3,카드자산_할부 카드대급금,2409000000,신용카드사,B,SC107,부문별 자산현황(카드자산)
972,201106,0010227,비씨카드㈜,A4,카드자산_현금서비스,1331000000,신용카드사,B,SC107,부문별 자산현황(카드자산)
973,201106,0010227,비씨카드㈜,A5,카드자산_카드론,3000000,신용카드사,B,SC107,부문별 자산현황(카드자산)
974,201106,0010227,비씨카드㈜,A6,카드자산_기타 카드자산,739309000000,신용카드사,B,SC107,부문별 자산현황(카드자산)
975,201106,0010227,비씨카드㈜,A61,카드자산_기타 카드자산_리볼빙카드자산, ,신용카드사,B,SC107,부문별 자산현황(카드자산)
976,201106,0010227,비씨카드㈜,A610,카드자산_기타 카드자산_리볼빙카드자산_결제성리볼빙, ,신용카드사,B,SC107,부문별 자산현황(카드자산)
977,201106,0010227,비씨카드㈜,A611,카드자산_기타 카드자산_리볼빙카드자산_대출성리볼빙, ,신용카드사,B,SC107,부문별 자산현황(카드자산)
978,201106,0010227,비씨카드㈜,A62,카드자산_기타 카드자산_기타,739309000000,신용카드사,B,SC107,부문별 자산현황(카드자산)
979,201109,0010227,비씨카드㈜,A,카드자산,809947000000,신용카드사,B,SC107,부문별 자산현황(카드자산)
980,201109,0010227,비씨카드㈜,A1,카드자산_(대손충당금 등),-263000000,신용카드사,B,SC107,부문별 자산현황(카드자산)
981,201109,0010227,비씨카드㈜,A2,카드자산_일시불 카드대급금,10410000000,신용카드사,B,SC107,부문별 자산현황(카드자산)
982,201109,0010227,비씨카드㈜,A3,카드자산_할부 카드대급금,2436000000,신용카드사,B,SC107,부문별 자산현황(카드자산)
983,201109,0010227,비씨카드㈜,A4,카드자산_현금서비스,1299000000,신용카드사,B,SC107,부문별 자산현황(카드자산)
984,201109,0010227,비씨카드㈜,A5,카드자산_카드론,3000000,신용카드사,B,SC107,부문별 자산현황(카드자산)
985,201109,0010227,비씨카드㈜,A6,카드자산_기타 카드자산,796062000000,신용카드사,B,SC107,부문별 자산현황(카드자산)
986,201109,0010227,비씨카드㈜,A61,카드자산_기타 카드자산_리볼빙카드자산,0,신용카드사,B,SC107,부문별 자산현황(카드자산)
987,201109,0010227,비씨카드㈜,A610,카드자산_기타 카드자산_리볼빙카드자산_결제성리볼빙,0,신용카드사,B,SC107,부문별 자산현황(카드자산)
988,201109,0010227,비씨카드㈜,A611,카드자산_기타 카드자산_리볼빙카드자산_대출성리볼빙,0,신용카드사,B,SC107,부문별 자산현황(카드자산)
989,201109,0010227,비씨카드㈜,A62,카드자산_기타 카드자산_기타,796062000000,신용카드사,B,SC107,부문별 자산현황(카드자산)
990,201112,0010227,비씨카드㈜,A,카드자산,863856000000,신용카드사,B,SC107,부문별 자산현황(카드자산)
991,201112,0010227,비씨카드㈜,A1,카드자산_(대손충당금 등),-230000000,신용카드사,B,SC107,부문별 자산현황(카드자산)
992,201112,0010227,비씨카드㈜,A2,카드자산_일시불 카드대급금,9866000000,신용카드사,B,SC107,부문별 자산현황(카드자산)
993,201112,0010227,비씨카드㈜,A3,카드자산_할부 카드대급금,2408000000,신용카드사,B,SC107,부문별 자산현황(카드자산)
994,201112,0010227,비씨카드㈜,A4,카드자산_현금서비스,1181000000,신용카드사,B,SC107,부문별 자산현황(카드자산)
995,201112,0010227,비씨카드㈜,A5,카드자산_카드론,3000000,신용카드사,B,SC107,부문별 자산현황(카드자산)
996,201112,0010227,비씨카드㈜,A6,카드자산_기타 카드자산,850628000000,신용카드사,B,SC107,부문별 자산현황(카드자산)
997,201112,0010227,비씨카드㈜,A61,카드자산_기타 카드자산_리볼빙카드자산, ,신용카드사,B,SC107,부문별 자산현황(카드자산)
998,201112,0010227,비씨카드㈜,A610,카드자산_기타 카드자산_리볼빙카드자산_결제성리볼빙, ,신용카드사,B,SC107,부문별 자산현황(카드자산)
999,201112,0010227,비씨카드㈜,A611,카드자산_기타 카드자산_리볼빙카드자산_대출성리볼빙, ,신용카드사,B,SC107,부문별 자산현황(카드자산)
1000,201112,0010227,비씨카드㈜,A62,카드자산_기타 카드자산_기타,850628000000,신용카드사,B,SC107,부문별 자산현황(카드자산)
1001,201203,0010227,비씨카드㈜,A,카드자산,1166558000000,신용카드사,B,SC107,부문별 자산현황(카드자산)
1002,201203,0010227,비씨카드㈜,A1,카드자산_(대손충당금 등), ,신용카드사,B,SC107,부문별 자산현황(카드자산)
1003,201203,0010227,비씨카드㈜,A2,카드자산_일시불 카드대급금,8834000000,신용카드사,B,SC107,부문별 자산현황(카드자산)
1004,201203,0010227,비씨카드㈜,A3,카드자산_할부 카드대급금,2205000000,신용카드사,B,SC107,부문별 자산현황(카드자산)
1005,201203,0010227,비씨카드㈜,A4,카드자산_현금서비스,1110000000,신용카드사,B,SC107,부문별 자산현황(카드자산)
1006,201203,0010227,비씨카드㈜,A5,카드자산_카드론, ,신용카드사,B,SC107,부문별 자산현황(카드자산)
1007,201203,0010227,비씨카드㈜,A6,카드자산_기타 카드자산,1154713000000,신용카드사,B,SC107,부문별 자산현황(카드자산)
1008,201203,0010227,비씨카드㈜,A61,카드자산_기타 카드자산_리볼빙카드자산, ,신용카드사,B,SC107,부문별 자산현황(카드자산)
1009,201203,0010227,비씨카드㈜,A610,카드자산_기타 카드자산_리볼빙카드자산_결제성리볼빙, ,신용카드사,B,SC107,부문별 자산현황(카드자산)
1010,201203,0010227,비씨카드㈜,A611,카드자산_기타 카드자산_리볼빙카드자산_대출성리볼빙, ,신용카드사,B,SC107,부문별 자산현황(카드자산)
1011,201203,0010227,비씨카드㈜,A62,카드자산_기타 카드자산_기타, ,신용카드사,B,SC107,부문별 자산현황(카드자산)
1012,201206,0010227,비씨카드㈜,A,카드자산,1001766000000,신용카드사,B,SC107,부문별 자산현황(카드자산)
1013,201206,0010227,비씨카드㈜,A1,카드자산_(대손충당금 등),0,신용카드사,B,SC107,부문별 자산현황(카드자산)
1014,201206,0010227,비씨카드㈜,A2,카드자산_일시불 카드대급금,9970000000,신용카드사,B,SC107,부문별 자산현황(카드자산)
1015,201206,0010227,비씨카드㈜,A3,카드자산_할부 카드대급금,1986000000,신용카드사,B,SC107,부문별 자산현황(카드자산)
1016,201206,0010227,비씨카드㈜,A4,카드자산_현금서비스,1034000000,신용카드사,B,SC107,부문별 자산현황(카드자산)
1017,201206,0010227,비씨카드㈜,A5,카드자산_카드론,0,신용카드사,B,SC107,부문별 자산현황(카드자산)
1018,201206,0010227,비씨카드㈜,A6,카드자산_기타 카드자산,989100000000,신용카드사,B,SC107,부문별 자산현황(카드자산)
1019,201206,0010227,비씨카드㈜,A61,카드자산_기타 카드자산_리볼빙카드자산, ,신용카드사,B,SC107,부문별 자산현황(카드자산)
1020,201206,0010227,비씨카드㈜,A610,카드자산_기타 카드자산_리볼빙카드자산_결제성리볼빙, ,신용카드사,B,SC107,부문별 자산현황(카드자산)
1021,201206,0010227,비씨카드㈜,A611,카드자산_기타 카드자산_리볼빙카드자산_대출성리볼빙, ,신용카드사,B,SC107,부문별 자산현황(카드자산)
1022,201206,0010227,비씨카드㈜,A62,카드자산_기타 카드자산_기타, ,신용카드사,B,SC107,부문별 자산현황(카드자산)
1023,201209,0010227,비씨카드㈜,A,카드자산,1498631000000,신용카드사,B,SC107,부문별 자산현황(카드자산)
1024,201209,0010227,비씨카드㈜,A1,카드자산_(대손충당금 등), ,신용카드사,B,SC107,부문별 자산현황(카드자산)
1025,201209,0010227,비씨카드㈜,A2,카드자산_일시불 카드대급금,11615000000,신용카드사,B,SC107,부문별 자산현황(카드자산)
1026,201209,0010227,비씨카드㈜,A3,카드자산_할부 카드대급금,1910000000,신용카드사,B,SC107,부문별 자산현황(카드자산)
1027,201209,0010227,비씨카드㈜,A4,카드자산_현금서비스,948000000,신용카드사,B,SC107,부문별 자산현황(카드자산)
1028,201209,0010227,비씨카드㈜,A5,카드자산_카드론, ,신용카드사,B,SC107,부문별 자산현황(카드자산)
1029,201209,0010227,비씨카드㈜,A6,카드자산_기타 카드자산,1484486000000,신용카드사,B,SC107,부문별 자산현황(카드자산)
1030,201209,0010227,비씨카드㈜,A61,카드자산_기타 카드자산_리볼빙카드자산, ,신용카드사,B,SC107,부문별 자산현황(카드자산)
1031,201209,0010227,비씨카드㈜,A610,카드자산_기타 카드자산_리볼빙카드자산_결제성리볼빙, ,신용카드사,B,SC107,부문별 자산현황(카드자산)
1032,201209,0010227,비씨카드㈜,A611,카드자산_기타 카드자산_리볼빙카드자산_대출성리볼빙, ,신용카드사,B,SC107,부문별 자산현황(카드자산)
1033,201209,0010227,비씨카드㈜,A62,카드자산_기타 카드자산_기타, ,신용카드사,B,SC107,부문별 자산현황(카드자산)
1034,201212,0010227,비씨카드㈜,A,카드자산,1345735000000,신용카드사,B,SC107,부문별 자산현황(카드자산)
1035,201212,0010227,비씨카드㈜,A1,카드자산_(대손충당금 등), ,신용카드사,B,SC107,부문별 자산현황(카드자산)
1036,201212,0010227,비씨카드㈜,A2,카드자산_일시불 카드대급금,9965000000,신용카드사,B,SC107,부문별 자산현황(카드자산)
1037,201212,0010227,비씨카드㈜,A3,카드자산_할부 카드대급금,1876000000,신용카드사,B,SC107,부문별 자산현황(카드자산)
1038,201212,0010227,비씨카드㈜,A4,카드자산_현금서비스,934000000,신용카드사,B,SC107,부문별 자산현황(카드자산)
1039,201212,0010227,비씨카드㈜,A5,카드자산_카드론, ,신용카드사,B,SC107,부문별 자산현황(카드자산)
1040,201212,0010227,비씨카드㈜,A6,카드자산_기타 카드자산,1333254000000,신용카드사,B,SC107,부문별 자산현황(카드자산)
1041,201212,0010227,비씨카드㈜,A61,카드자산_기타 카드자산_리볼빙카드자산, ,신용카드사,B,SC107,부문별 자산현황(카드자산)
1042,201212,0010227,비씨카드㈜,A610,카드자산_기타 카드자산_리볼빙카드자산_결제성리볼빙, ,신용카드사,B,SC107,부문별 자산현황(카드자산)
1043,201212,0010227,비씨카드㈜,A611,카드자산_기타 카드자산_리볼빙카드자산_대출성리볼빙, ,신용카드사,B,SC107,부문별 자산현황(카드자산)
1044,201212,0010227,비씨카드㈜,A62,카드자산_기타 카드자산_기타, ,신용카드사,B,SC107,부문별 자산현황(카드자산)
1045,201303,0010227,비씨카드㈜,A,카드자산,1511605000000,신용카드사,B,SC107,부문별 자산현황(카드자산)
1046,201303,0010227,비씨카드㈜,A1,카드자산_(대손충당금 등),0,신용카드사,B,SC107,부문별 자산현황(카드자산)
1047,201303,0010227,비씨카드㈜,A2,카드자산_일시불 카드대급금,9497000000,신용카드사,B,SC107,부문별 자산현황(카드자산)
1048,201303,0010227,비씨카드㈜,A3,카드자산_할부 카드대급금,1736000000,신용카드사,B,SC107,부문별 자산현황(카드자산)
1049,201303,0010227,비씨카드㈜,A4,카드자산_현금서비스,876000000,신용카드사,B,SC107,부문별 자산현황(카드자산)
1050,201303,0010227,비씨카드㈜,A5,카드자산_카드론,0,신용카드사,B,SC107,부문별 자산현황(카드자산)
1051,201303,0010227,비씨카드㈜,A6,카드자산_기타 카드자산,1499782000000,신용카드사,B,SC107,부문별 자산현황(카드자산)
1052,201303,0010227,비씨카드㈜,A61,카드자산_기타 카드자산_리볼빙카드자산, ,신용카드사,B,SC107,부문별 자산현황(카드자산)
1053,201303,0010227,비씨카드㈜,A610,카드자산_기타 카드자산_리볼빙카드자산_결제성리볼빙, ,신용카드사,B,SC107,부문별 자산현황(카드자산)
1054,201303,0010227,비씨카드㈜,A611,카드자산_기타 카드자산_리볼빙카드자산_대출성리볼빙, ,신용카드사,B,SC107,부문별 자산현황(카드자산)
1055,201303,0010227,비씨카드㈜,A62,카드자산_기타 카드자산_기타, ,신용카드사,B,SC107,부문별 자산현황(카드자산)
1056,201306,0010227,비씨카드㈜,A,카드자산,1365560000000,신용카드사,B,SC107,부문별 자산현황(카드자산)
1057,201306,0010227,비씨카드㈜,A1,카드자산_(대손충당금 등), ,신용카드사,B,SC107,부문별 자산현황(카드자산)
1058,201306,0010227,비씨카드㈜,A2,카드자산_일시불 카드대급금,9198000000,신용카드사,B,SC107,부문별 자산현황(카드자산)
1059,201306,0010227,비씨카드㈜,A3,카드자산_할부 카드대급금,1466000000,신용카드사,B,SC107,부문별 자산현황(카드자산)
1060,201306,0010227,비씨카드㈜,A4,카드자산_현금서비스,805000000,신용카드사,B,SC107,부문별 자산현황(카드자산)
1061,201306,0010227,비씨카드㈜,A5,카드자산_카드론, ,신용카드사,B,SC107,부문별 자산현황(카드자산)
1062,201306,0010227,비씨카드㈜,A6,카드자산_기타 카드자산,1354339000000,신용카드사,B,SC107,부문별 자산현황(카드자산)
1063,201306,0010227,비씨카드㈜,A61,카드자산_기타 카드자산_리볼빙카드자산, ,신용카드사,B,SC107,부문별 자산현황(카드자산)
1064,201306,0010227,비씨카드㈜,A610,카드자산_기타 카드자산_리볼빙카드자산_결제성리볼빙, ,신용카드사,B,SC107,부문별 자산현황(카드자산)
1065,201306,0010227,비씨카드㈜,A611,카드자산_기타 카드자산_리볼빙카드자산_대출성리볼빙, ,신용카드사,B,SC107,부문별 자산현황(카드자산)
1066,201306,0010227,비씨카드㈜,A62,카드자산_기타 카드자산_기타, ,신용카드사,B,SC107,부문별 자산현황(카드자산)
1067,201309,0010227,비씨카드㈜,A,카드자산,1443008000000,신용카드사,B,SC107,부문별 자산현황(카드자산)
1068,201309,0010227,비씨카드㈜,A1,카드자산_(대손충당금 등),0,신용카드사,B,SC107,부문별 자산현황(카드자산)
1069,201309,0010227,비씨카드㈜,A2,카드자산_일시불 카드대급금,9496000000,신용카드사,B,SC107,부문별 자산현황(카드자산)
1070,201309,0010227,비씨카드㈜,A3,카드자산_할부 카드대급금,1332000000,신용카드사,B,SC107,부문별 자산현황(카드자산)
1071,201309,0010227,비씨카드㈜,A4,카드자산_현금서비스,741000000,신용카드사,B,SC107,부문별 자산현황(카드자산)
1072,201309,0010227,비씨카드㈜,A5,카드자산_카드론,0,신용카드사,B,SC107,부문별 자산현황(카드자산)
1073,201309,0010227,비씨카드㈜,A6,카드자산_기타 카드자산,1431681000000,신용카드사,B,SC107,부문별 자산현황(카드자산)
1074,201309,0010227,비씨카드㈜,A61,카드자산_기타 카드자산_리볼빙카드자산, ,신용카드사,B,SC107,부문별 자산현황(카드자산)
1075,201309,0010227,비씨카드㈜,A610,카드자산_기타 카드자산_리볼빙카드자산_결제성리볼빙, ,신용카드사,B,SC107,부문별 자산현황(카드자산)
1076,201309,0010227,비씨카드㈜,A611,카드자산_기타 카드자산_리볼빙카드자산_대출성리볼빙, ,신용카드사,B,SC107,부문별 자산현황(카드자산)
1077,201309,0010227,비씨카드㈜,A62,카드자산_기타 카드자산_기타, ,신용카드사,B,SC107,부문별 자산현황(카드자산)
1078,201312,0010227,비씨카드㈜,A,카드자산,1555844000000,신용카드사,B,SC107,부문별 자산현황(카드자산)
1079,201312,0010227,비씨카드㈜,A1,카드자산_(대손충당금 등), ,신용카드사,B,SC107,부문별 자산현황(카드자산)
1080,201312,0010227,비씨카드㈜,A2,카드자산_일시불 카드대급금,9489000000,신용카드사,B,SC107,부문별 자산현황(카드자산)
1081,201312,0010227,비씨카드㈜,A3,카드자산_할부 카드대급금,1558000000,신용카드사,B,SC107,부문별 자산현황(카드자산)
1082,201312,0010227,비씨카드㈜,A4,카드자산_현금서비스,715000000,신용카드사,B,SC107,부문별 자산현황(카드자산)
1083,201312,0010227,비씨카드㈜,A5,카드자산_카드론, ,신용카드사,B,SC107,부문별 자산현황(카드자산)
1084,201312,0010227,비씨카드㈜,A6,카드자산_기타 카드자산,1544290000000,신용카드사,B,SC107,부문별 자산현황(카드자산)
1085,201312,0010227,비씨카드㈜,A61,카드자산_기타 카드자산_리볼빙카드자산, ,신용카드사,B,SC107,부문별 자산현황(카드자산)
1086,201312,0010227,비씨카드㈜,A610,카드자산_기타 카드자산_리볼빙카드자산_결제성리볼빙, ,신용카드사,B,SC107,부문별 자산현황(카드자산)
1087,201312,0010227,비씨카드㈜,A611,카드자산_기타 카드자산_리볼빙카드자산_대출성리볼빙, ,신용카드사,B,SC107,부문별 자산현황(카드자산)
1088,201312,0010227,비씨카드㈜,A62,카드자산_기타 카드자산_기타, ,신용카드사,B,SC107,부문별 자산현황(카드자산)
1089,201403,0010227,비씨카드㈜,A,카드자산,1956642000000,신용카드사,B,SC107,부문별 자산현황(카드자산)
1090,201403,0010227,비씨카드㈜,A1,카드자산_(대손충당금 등), ,신용카드사,B,SC107,부문별 자산현황(카드자산)
1091,201403,0010227,비씨카드㈜,A2,카드자산_일시불 카드대급금,8489000000,신용카드사,B,SC107,부문별 자산현황(카드자산)
1092,201403,0010227,비씨카드㈜,A3,카드자산_할부 카드대급금,1493000000,신용카드사,B,SC107,부문별 자산현황(카드자산)
1093,201403,0010227,비씨카드㈜,A4,카드자산_현금서비스,699000000,신용카드사,B,SC107,부문별 자산현황(카드자산)
1094,201403,0010227,비씨카드㈜,A5,카드자산_카드론, ,신용카드사,B,SC107,부문별 자산현황(카드자산)
1095,201403,0010227,비씨카드㈜,A6,카드자산_기타 카드자산,1946134000000,신용카드사,B,SC107,부문별 자산현황(카드자산)
1096,201403,0010227,비씨카드㈜,A61,카드자산_기타 카드자산_리볼빙카드자산, ,신용카드사,B,SC107,부문별 자산현황(카드자산)
1097,201403,0010227,비씨카드㈜,A610,카드자산_기타 카드자산_리볼빙카드자산_결제성리볼빙, ,신용카드사,B,SC107,부문별 자산현황(카드자산)
1098,201403,0010227,비씨카드㈜,A611,카드자산_기타 카드자산_리볼빙카드자산_대출성리볼빙, ,신용카드사,B,SC107,부문별 자산현황(카드자산)
1099,201403,0010227,비씨카드㈜,A62,카드자산_기타 카드자산_기타, ,신용카드사,B,SC107,부문별 자산현황(카드자산)
1100,201406,0010227,비씨카드㈜,A,카드자산,1393887000000,신용카드사,B,SC107,부문별 자산현황(카드자산)
1101,201406,0010227,비씨카드㈜,A1,카드자산_(대손충당금 등), ,신용카드사,B,SC107,부문별 자산현황(카드자산)
1102,201406,0010227,비씨카드㈜,A2,카드자산_일시불 카드대급금,7397000000,신용카드사,B,SC107,부문별 자산현황(카드자산)
1103,201406,0010227,비씨카드㈜,A3,카드자산_할부 카드대급금,1447000000,신용카드사,B,SC107,부문별 자산현황(카드자산)
1104,201406,0010227,비씨카드㈜,A4,카드자산_현금서비스,654000000,신용카드사,B,SC107,부문별 자산현황(카드자산)
1105,201406,0010227,비씨카드㈜,A5,카드자산_카드론, ,신용카드사,B,SC107,부문별 자산현황(카드자산)
1106,201406,0010227,비씨카드㈜,A6,카드자산_기타 카드자산,1384637000000,신용카드사,B,SC107,부문별 자산현황(카드자산)
1107,201406,0010227,비씨카드㈜,A61,카드자산_기타 카드자산_리볼빙카드자산, ,신용카드사,B,SC107,부문별 자산현황(카드자산)
1108,201406,0010227,비씨카드㈜,A610,카드자산_기타 카드자산_리볼빙카드자산_결제성리볼빙, ,신용카드사,B,SC107,부문별 자산현황(카드자산)
1109,201406,0010227,비씨카드㈜,A611,카드자산_기타 카드자산_리볼빙카드자산_대출성리볼빙, ,신용카드사,B,SC107,부문별 자산현황(카드자산)
1110,201406,0010227,비씨카드㈜,A62,카드자산_기타 카드자산_기타, ,신용카드사,B,SC107,부문별 자산현황(카드자산)
1111,201409,0010227,비씨카드㈜,A,카드자산,1573927000000,신용카드사,B,SC107,부문별 자산현황(카드자산)
1112,201409,0010227,비씨카드㈜,A1,카드자산_(대손충당금 등), ,신용카드사,B,SC107,부문별 자산현황(카드자산)
1113,201409,0010227,비씨카드㈜,A2,카드자산_일시불 카드대급금,8306000000,신용카드사,B,SC107,부문별 자산현황(카드자산)
1114,201409,0010227,비씨카드㈜,A3,카드자산_할부 카드대급금,1373000000,신용카드사,B,SC107,부문별 자산현황(카드자산)
1115,201409,0010227,비씨카드㈜,A4,카드자산_현금서비스,623000000,신용카드사,B,SC107,부문별 자산현황(카드자산)
1116,201409,0010227,비씨카드㈜,A5,카드자산_카드론, ,신용카드사,B,SC107,부문별 자산현황(카드자산)
1117,201409,0010227,비씨카드㈜,A6,카드자산_기타 카드자산,1563796000000,신용카드사,B,SC107,부문별 자산현황(카드자산)
1118,201409,0010227,비씨카드㈜,A61,카드자산_기타 카드자산_리볼빙카드자산, ,신용카드사,B,SC107,부문별 자산현황(카드자산)
1119,201409,0010227,비씨카드㈜,A610,카드자산_기타 카드자산_리볼빙카드자산_결제성리볼빙, ,신용카드사,B,SC107,부문별 자산현황(카드자산)
1120,201409,0010227,비씨카드㈜,A611,카드자산_기타 카드자산_리볼빙카드자산_대출성리볼빙, ,신용카드사,B,SC107,부문별 자산현황(카드자산)
1121,201409,0010227,비씨카드㈜,A62,카드자산_기타 카드자산_기타, ,신용카드사,B,SC107,부문별 자산현황(카드자산)
1122,201412,0010227,비씨카드㈜,A,카드자산,1125469000000,신용카드사,B,SC107,부문별 자산현황(카드자산)
1123,201412,0010227,비씨카드㈜,A1,카드자산_(대손충당금 등), ,신용카드사,B,SC107,부문별 자산현황(카드자산)
1124,201412,0010227,비씨카드㈜,A2,카드자산_일시불 카드대급금,8143000000,신용카드사,B,SC107,부문별 자산현황(카드자산)
1125,201412,0010227,비씨카드㈜,A3,카드자산_할부 카드대급금,1439000000,신용카드사,B,SC107,부문별 자산현황(카드자산)
1126,201412,0010227,비씨카드㈜,A4,카드자산_현금서비스,575000000,신용카드사,B,SC107,부문별 자산현황(카드자산)
1127,201412,0010227,비씨카드㈜,A5,카드자산_카드론, ,신용카드사,B,SC107,부문별 자산현황(카드자산)
1128,201412,0010227,비씨카드㈜,A6,카드자산_기타 카드자산,1115439000000,신용카드사,B,SC107,부문별 자산현황(카드자산)
1129,201412,0010227,비씨카드㈜,A61,카드자산_기타 카드자산_리볼빙카드자산, ,신용카드사,B,SC107,부문별 자산현황(카드자산)
1130,201412,0010227,비씨카드㈜,A610,카드자산_기타 카드자산_리볼빙카드자산_결제성리볼빙, ,신용카드사,B,SC107,부문별 자산현황(카드자산)
1131,201412,0010227,비씨카드㈜,A611,카드자산_기타 카드자산_리볼빙카드자산_대출성리볼빙, ,신용카드사,B,SC107,부문별 자산현황(카드자산)
1132,201412,0010227,비씨카드㈜,A62,카드자산_기타 카드자산_기타, ,신용카드사,B,SC107,부문별 자산현황(카드자산)
1133,201503,0010227,비씨카드㈜,A,카드자산,1853575000000,신용카드사,B,SC107,부문별 자산현황(카드자산)
1134,201503,0010227,비씨카드㈜,A1,카드자산_(대손충당금 등), ,신용카드사,B,SC107,부문별 자산현황(카드자산)
1135,201503,0010227,비씨카드㈜,A2,카드자산_일시불 카드대급금,7488000000,신용카드사,B,SC107,부문별 자산현황(카드자산)
1136,201503,0010227,비씨카드㈜,A3,카드자산_할부 카드대급금,1591000000,신용카드사,B,SC107,부문별 자산현황(카드자산)
1137,201503,0010227,비씨카드㈜,A4,카드자산_현금서비스,527000000,신용카드사,B,SC107,부문별 자산현황(카드자산)
1138,201503,0010227,비씨카드㈜,A5,카드자산_카드론, ,신용카드사,B,SC107,부문별 자산현황(카드자산)
1139,201503,0010227,비씨카드㈜,A6,카드자산_기타 카드자산,1844079000000,신용카드사,B,SC107,부문별 자산현황(카드자산)
1140,201503,0010227,비씨카드㈜,A61,카드자산_기타 카드자산_리볼빙카드자산, ,신용카드사,B,SC107,부문별 자산현황(카드자산)
1141,201503,0010227,비씨카드㈜,A610,카드자산_기타 카드자산_리볼빙카드자산_결제성리볼빙, ,신용카드사,B,SC107,부문별 자산현황(카드자산)
1142,201503,0010227,비씨카드㈜,A611,카드자산_기타 카드자산_리볼빙카드자산_대출성리볼빙, ,신용카드사,B,SC107,부문별 자산현황(카드자산)
1143,201503,0010227,비씨카드㈜,A62,카드자산_기타 카드자산_기타, ,신용카드사,B,SC107,부문별 자산현황(카드자산)
1144,201506,0010227,비씨카드㈜,A,카드자산,1531017000000,신용카드사,B,SC107,부문별 자산현황(카드자산)
1145,201506,0010227,비씨카드㈜,A1,카드자산_(대손충당금 등), ,신용카드사,B,SC107,부문별 자산현황(카드자산)
1146,201506,0010227,비씨카드㈜,A2,카드자산_일시불 카드대급금,7185000000,신용카드사,B,SC107,부문별 자산현황(카드자산)
1147,201506,0010227,비씨카드㈜,A3,카드자산_할부 카드대급금,1574000000,신용카드사,B,SC107,부문별 자산현황(카드자산)
1148,201506,0010227,비씨카드㈜,A4,카드자산_현금서비스,511000000,신용카드사,B,SC107,부문별 자산현황(카드자산)
1149,201506,0010227,비씨카드㈜,A5,카드자산_카드론, ,신용카드사,B,SC107,부문별 자산현황(카드자산)
1150,201506,0010227,비씨카드㈜,A6,카드자산_기타 카드자산,1521864000000,신용카드사,B,SC107,부문별 자산현황(카드자산)
1151,201506,0010227,비씨카드㈜,A61,카드자산_기타 카드자산_리볼빙카드자산, ,신용카드사,B,SC107,부문별 자산현황(카드자산)
1152,201506,0010227,비씨카드㈜,A610,카드자산_기타 카드자산_리볼빙카드자산_결제성리볼빙, ,신용카드사,B,SC107,부문별 자산현황(카드자산)
1153,201506,0010227,비씨카드㈜,A611,카드자산_기타 카드자산_리볼빙카드자산_대출성리볼빙, ,신용카드사,B,SC107,부문별 자산현황(카드자산)
1154,201506,0010227,비씨카드㈜,A62,카드자산_기타 카드자산_기타, ,신용카드사,B,SC107,부문별 자산현황(카드자산)
1155,201509,0010227,비씨카드㈜,A,카드자산,2944379000000,신용카드사,B,SC107,부문별 자산현황(카드자산)
1156,201509,0010227,비씨카드㈜,A1,카드자산_(대손충당금 등), ,신용카드사,B,SC107,부문별 자산현황(카드자산)
1157,201509,0010227,비씨카드㈜,A2,카드자산_일시불 카드대급금,8192000000,신용카드사,B,SC107,부문별 자산현황(카드자산)
1158,201509,0010227,비씨카드㈜,A3,카드자산_할부 카드대급금,1623000000,신용카드사,B,SC107,부문별 자산현황(카드자산)
1159,201509,0010227,비씨카드㈜,A4,카드자산_현금서비스,534000000,신용카드사,B,SC107,부문별 자산현황(카드자산)
1160,201509,0010227,비씨카드㈜,A5,카드자산_카드론, ,신용카드사,B,SC107,부문별 자산현황(카드자산)
1161,201509,0010227,비씨카드㈜,A6,카드자산_기타 카드자산,2934171000000,신용카드사,B,SC107,부문별 자산현황(카드자산)
1162,201509,0010227,비씨카드㈜,A61,카드자산_기타 카드자산_리볼빙카드자산, ,신용카드사,B,SC107,부문별 자산현황(카드자산)
1163,201509,0010227,비씨카드㈜,A610,카드자산_기타 카드자산_리볼빙카드자산_결제성리볼빙, ,신용카드사,B,SC107,부문별 자산현황(카드자산)
1164,201509,0010227,비씨카드㈜,A611,카드자산_기타 카드자산_리볼빙카드자산_대출성리볼빙, ,신용카드사,B,SC107,부문별 자산현황(카드자산)
1165,201509,0010227,비씨카드㈜,A62,카드자산_기타 카드자산_기타, ,신용카드사,B,SC107,부문별 자산현황(카드자산)
1166,201512,0010227,비씨카드㈜,A,카드자산,1213995000000,신용카드사,B,SC107,부문별 자산현황(카드자산)
1167,201512,0010227,비씨카드㈜,A1,카드자산_(대손충당금 등), ,신용카드사,B,SC107,부문별 자산현황(카드자산)
1168,201512,0010227,비씨카드㈜,A2,카드자산_일시불 카드대급금,9026000000,신용카드사,B,SC107,부문별 자산현황(카드자산)
1169,201512,0010227,비씨카드㈜,A3,카드자산_할부 카드대급금,1699000000,신용카드사,B,SC107,부문별 자산현황(카드자산)
1170,201512,0010227,비씨카드㈜,A4,카드자산_현금서비스,488000000,신용카드사,B,SC107,부문별 자산현황(카드자산)
1171,201512,0010227,비씨카드㈜,A5,카드자산_카드론, ,신용카드사,B,SC107,부문별 자산현황(카드자산)
1172,201512,0010227,비씨카드㈜,A6,카드자산_기타 카드자산,1202926000000,신용카드사,B,SC107,부문별 자산현황(카드자산)
1173,201512,0010227,비씨카드㈜,A61,카드자산_기타 카드자산_리볼빙카드자산, ,신용카드사,B,SC107,부문별 자산현황(카드자산)
1174,201512,0010227,비씨카드㈜,A610,카드자산_기타 카드자산_리볼빙카드자산_결제성리볼빙, ,신용카드사,B,SC107,부문별 자산현황(카드자산)
1175,201512,0010227,비씨카드㈜,A611,카드자산_기타 카드자산_리볼빙카드자산_대출성리볼빙, ,신용카드사,B,SC107,부문별 자산현황(카드자산)
1176,201512,0010227,비씨카드㈜,A62,카드자산_기타 카드자산_기타, ,신용카드사,B,SC107,부문별 자산현황(카드자산)
1177,201603,0010227,비씨카드㈜,A,카드자산,1778945000000,신용카드사,B,SC107,부문별 자산현황(카드자산)
1178,201603,0010227,비씨카드㈜,A1,카드자산_(대손충당금 등), ,신용카드사,B,SC107,부문별 자산현황(카드자산)
1179,201603,0010227,비씨카드㈜,A2,카드자산_일시불 카드대급금,7893000000,신용카드사,B,SC107,부문별 자산현황(카드자산)
1180,201603,0010227,비씨카드㈜,A3,카드자산_할부 카드대급금,1799000000,신용카드사,B,SC107,부문별 자산현황(카드자산)
1181,201603,0010227,비씨카드㈜,A4,카드자산_현금서비스,450000000,신용카드사,B,SC107,부문별 자산현황(카드자산)
1182,201603,0010227,비씨카드㈜,A5,카드자산_카드론, ,신용카드사,B,SC107,부문별 자산현황(카드자산)
1183,201603,0010227,비씨카드㈜,A6,카드자산_기타 카드자산,1768973000000,신용카드사,B,SC107,부문별 자산현황(카드자산)
1184,201603,0010227,비씨카드㈜,A61,카드자산_기타 카드자산_리볼빙카드자산, ,신용카드사,B,SC107,부문별 자산현황(카드자산)
1185,201603,0010227,비씨카드㈜,A610,카드자산_기타 카드자산_리볼빙카드자산_결제성리볼빙, ,신용카드사,B,SC107,부문별 자산현황(카드자산)
1186,201603,0010227,비씨카드㈜,A611,카드자산_기타 카드자산_리볼빙카드자산_대출성리볼빙, ,신용카드사,B,SC107,부문별 자산현황(카드자산)
1187,201603,0010227,비씨카드㈜,A62,카드자산_기타 카드자산_기타,1768973000000,신용카드사,B,SC107,부문별 자산현황(카드자산)
1188,201606,0010227,비씨카드㈜,A,카드자산,1191243000000,신용카드사,B,SC107,부문별 자산현황(카드자산)
1189,201606,0010227,비씨카드㈜,A1,카드자산_(대손충당금 등), ,신용카드사,B,SC107,부문별 자산현황(카드자산)
1190,201606,0010227,비씨카드㈜,A2,카드자산_일시불 카드대급금,7666000000,신용카드사,B,SC107,부문별 자산현황(카드자산)
1191,201606,0010227,비씨카드㈜,A3,카드자산_할부 카드대급금,2080000000,신용카드사,B,SC107,부문별 자산현황(카드자산)
1192,201606,0010227,비씨카드㈜,A4,카드자산_현금서비스,485000000,신용카드사,B,SC107,부문별 자산현황(카드자산)
1193,201606,0010227,비씨카드㈜,A5,카드자산_카드론, ,신용카드사,B,SC107,부문별 자산현황(카드자산)
1194,201606,0010227,비씨카드㈜,A6,카드자산_기타 카드자산,1181229000000,신용카드사,B,SC107,부문별 자산현황(카드자산)
1195,201606,0010227,비씨카드㈜,A61,카드자산_기타 카드자산_리볼빙카드자산, ,신용카드사,B,SC107,부문별 자산현황(카드자산)
1196,201606,0010227,비씨카드㈜,A610,카드자산_기타 카드자산_리볼빙카드자산_결제성리볼빙, ,신용카드사,B,SC107,부문별 자산현황(카드자산)
1197,201606,0010227,비씨카드㈜,A611,카드자산_기타 카드자산_리볼빙카드자산_대출성리볼빙, ,신용카드사,B,SC107,부문별 자산현황(카드자산)
1198,201606,0010227,비씨카드㈜,A62,카드자산_기타 카드자산_기타,1181229000000,신용카드사,B,SC107,부문별 자산현황(카드자산)
1199,201609,0010227,비씨카드㈜,A,카드자산,1867729000000,신용카드사,B,SC107,부문별 자산현황(카드자산)
1200,201609,0010227,비씨카드㈜,A1,카드자산_(대손충당금 등),-68000000,신용카드사,B,SC107,부문별 자산현황(카드자산)
1201,201609,0010227,비씨카드㈜,A2,카드자산_일시불 카드대급금,12298000000,신용카드사,B,SC107,부문별 자산현황(카드자산)
1202,201609,0010227,비씨카드㈜,A3,카드자산_할부 카드대급금,2458000000,신용카드사,B,SC107,부문별 자산현황(카드자산)
1203,201609,0010227,비씨카드㈜,A4,카드자산_현금서비스,580000000,신용카드사,B,SC107,부문별 자산현황(카드자산)
1204,201609,0010227,비씨카드㈜,A5,카드자산_카드론, ,신용카드사,B,SC107,부문별 자산현황(카드자산)
1205,201609,0010227,비씨카드㈜,A6,카드자산_기타 카드자산,1852801000000,신용카드사,B,SC107,부문별 자산현황(카드자산)
1206,201609,0010227,비씨카드㈜,A61,카드자산_기타 카드자산_리볼빙카드자산, ,신용카드사,B,SC107,부문별 자산현황(카드자산)
1207,201609,0010227,비씨카드㈜,A610,카드자산_기타 카드자산_리볼빙카드자산_결제성리볼빙, ,신용카드사,B,SC107,부문별 자산현황(카드자산)
1208,201609,0010227,비씨카드㈜,A611,카드자산_기타 카드자산_리볼빙카드자산_대출성리볼빙, ,신용카드사,B,SC107,부문별 자산현황(카드자산)
1209,201609,0010227,비씨카드㈜,A62,카드자산_기타 카드자산_기타,1852801000000,신용카드사,B,SC107,부문별 자산현황(카드자산)
1210,201612,0010227,비씨카드㈜,A,카드자산,1964992000000,신용카드사,B,SC107,부문별 자산현황(카드자산)
1211,201612,0010227,비씨카드㈜,A1,카드자산_(대손충당금 등),-88000000,신용카드사,B,SC107,부문별 자산현황(카드자산)
1212,201612,0010227,비씨카드㈜,A2,카드자산_일시불 카드대급금,12316000000,신용카드사,B,SC107,부문별 자산현황(카드자산)
1213,201612,0010227,비씨카드㈜,A3,카드자산_할부 카드대급금,2764000000,신용카드사,B,SC107,부문별 자산현황(카드자산)
1214,201612,0010227,비씨카드㈜,A4,카드자산_현금서비스,585000000,신용카드사,B,SC107,부문별 자산현황(카드자산)
1215,201612,0010227,비씨카드㈜,A5,카드자산_카드론, ,신용카드사,B,SC107,부문별 자산현황(카드자산)
1216,201612,0010227,비씨카드㈜,A6,카드자산_기타 카드자산,1949799000000,신용카드사,B,SC107,부문별 자산현황(카드자산)
1217,201612,0010227,비씨카드㈜,A61,카드자산_기타 카드자산_리볼빙카드자산, ,신용카드사,B,SC107,부문별 자산현황(카드자산)
1218,201612,0010227,비씨카드㈜,A610,카드자산_기타 카드자산_리볼빙카드자산_결제성리볼빙, ,신용카드사,B,SC107,부문별 자산현황(카드자산)
1219,201612,0010227,비씨카드㈜,A611,카드자산_기타 카드자산_리볼빙카드자산_대출성리볼빙, ,신용카드사,B,SC107,부문별 자산현황(카드자산)
1220,201612,0010227,비씨카드㈜,A62,카드자산_기타 카드자산_기타,1949799000000,신용카드사,B,SC107,부문별 자산현황(카드자산)
1221,200803,0010228,삼성카드㈜,A,카드자산,4723475000000,신용카드사,B,SC107,부문별 자산현황(카드자산)
1222,200803,0010228,삼성카드㈜,A1,(대손충당금 등),554447000000,신용카드사,B,SC107,부문별 자산현황(카드자산)
1223,200803,0010228,삼성카드㈜,A2,일시불 카드대급금,770730000000,신용카드사,B,SC107,부문별 자산현황(카드자산)
1224,200803,0010228,삼성카드㈜,A3,할부 카드대급금,875294000000,신용카드사,B,SC107,부문별 자산현황(카드자산)
1225,200803,0010228,삼성카드㈜,A4,현금서비스,237860000000,신용카드사,B,SC107,부문별 자산현황(카드자산)
1226,200803,0010228,삼성카드㈜,A5,카드론,2761379000000,신용카드사,B,SC107,부문별 자산현황(카드자산)
1227,200803,0010228,삼성카드㈜,A6,기타 카드자산,632659000000,신용카드사,B,SC107,부문별 자산현황(카드자산)
1228,200803,0010228,삼성카드㈜,A61,기타 카드자산_리볼빙카드자산,632659000000,신용카드사,B,SC107,부문별 자산현황(카드자산)
1229,200803,0010228,삼성카드㈜,A610,기타 카드자산_리볼빙카드자산_결제성리볼빙,421267000000,신용카드사,B,SC107,부문별 자산현황(카드자산)
1230,200803,0010228,삼성카드㈜,A611,기타 카드자산_리볼빙카드자산_대출성리볼빙,211392000000,신용카드사,B,SC107,부문별 자산현황(카드자산)
1231,200803,0010228,삼성카드㈜,A62,기타 카드자산_기타,0,신용카드사,B,SC107,부문별 자산현황(카드자산)
1232,200806,0010228,삼성카드㈜,A,카드자산,5217953000000,신용카드사,B,SC107,부문별 자산현황(카드자산)
1233,200806,0010228,삼성카드㈜,A1,(대손충당금 등),532663000000,신용카드사,B,SC107,부문별 자산현황(카드자산)
1234,200806,0010228,삼성카드㈜,A2,일시불 카드대급금,550737000000,신용카드사,B,SC107,부문별 자산현황(카드자산)
1235,200806,0010228,삼성카드㈜,A3,할부 카드대급금,1119162000000,신용카드사,B,SC107,부문별 자산현황(카드자산)
1236,200806,0010228,삼성카드㈜,A4,현금서비스,345351000000,신용카드사,B,SC107,부문별 자산현황(카드자산)
1237,200806,0010228,삼성카드㈜,A5,카드론,2799047000000,신용카드사,B,SC107,부문별 자산현황(카드자산)
1238,200806,0010228,삼성카드㈜,A6,기타 카드자산,936319000000,신용카드사,B,SC107,부문별 자산현황(카드자산)
1239,200806,0010228,삼성카드㈜,A61,기타 카드자산_리볼빙카드자산,936319000000,신용카드사,B,SC107,부문별 자산현황(카드자산)
1240,200806,0010228,삼성카드㈜,A610,기타 카드자산_리볼빙카드자산_결제성리볼빙,634356000000,신용카드사,B,SC107,부문별 자산현황(카드자산)
1241,200806,0010228,삼성카드㈜,A611,기타 카드자산_리볼빙카드자산_대출성리볼빙,301963000000,신용카드사,B,SC107,부문별 자산현황(카드자산)
1242,200806,0010228,삼성카드㈜,A62,기타 카드자산_기타,0,신용카드사,B,SC107,부문별 자산현황(카드자산)
1243,200809,0010228,삼성카드㈜,A,카드자산,5494697000000,신용카드사,B,SC107,부문별 자산현황(카드자산)
1244,200809,0010228,삼성카드㈜,A1,(대손충당금 등),518810000000,신용카드사,B,SC107,부문별 자산현황(카드자산)
1245,200809,0010228,삼성카드㈜,A2,일시불 카드대급금,566359000000,신용카드사,B,SC107,부문별 자산현황(카드자산)
1246,200809,0010228,삼성카드㈜,A3,할부 카드대급금,1233311000000,신용카드사,B,SC107,부문별 자산현황(카드자산)
1247,200809,0010228,삼성카드㈜,A4,현금서비스,363443000000,신용카드사,B,SC107,부문별 자산현황(카드자산)
1248,200809,0010228,삼성카드㈜,A5,카드론,2794027000000,신용카드사,B,SC107,부문별 자산현황(카드자산)
1249,200809,0010228,삼성카드㈜,A6,기타 카드자산,1056367000000,신용카드사,B,SC107,부문별 자산현황(카드자산)
1250,200809,0010228,삼성카드㈜,A61,기타 카드자산_리볼빙카드자산,1056367000000,신용카드사,B,SC107,부문별 자산현황(카드자산)
1251,200809,0010228,삼성카드㈜,A610,기타 카드자산_리볼빙카드자산_결제성리볼빙,719587000000,신용카드사,B,SC107,부문별 자산현황(카드자산)
1252,200809,0010228,삼성카드㈜,A611,기타 카드자산_리볼빙카드자산_대출성리볼빙,336780000000,신용카드사,B,SC107,부문별 자산현황(카드자산)
1253,200809,0010228,삼성카드㈜,A62,기타 카드자산_기타,0,신용카드사,B,SC107,부문별 자산현황(카드자산)
1254,200812,0010228,삼성카드㈜,A,카드자산,5289759000000,신용카드사,B,SC107,부문별 자산현황(카드자산)
1255,200812,0010228,삼성카드㈜,A1,(대손충당금 등),493708000000,신용카드사,B,SC107,부문별 자산현황(카드자산)
1256,200812,0010228,삼성카드㈜,A2,일시불 카드대급금,575395000000,신용카드사,B,SC107,부문별 자산현황(카드자산)
1257,200812,0010228,삼성카드㈜,A3,할부 카드대급금,1246156000000,신용카드사,B,SC107,부문별 자산현황(카드자산)
1258,200812,0010228,삼성카드㈜,A4,현금서비스,332512000000,신용카드사,B,SC107,부문별 자산현황(카드자산)
1259,200812,0010228,삼성카드㈜,A5,카드론,2511344000000,신용카드사,B,SC107,부문별 자산현황(카드자산)
1260,200812,0010228,삼성카드㈜,A6,기타 카드자산,1118060000000,신용카드사,B,SC107,부문별 자산현황(카드자산)
1261,200812,0010228,삼성카드㈜,A61,기타 카드자산_리볼빙카드자산,1118060000000,신용카드사,B,SC107,부문별 자산현황(카드자산)
1262,200812,0010228,삼성카드㈜,A610,기타 카드자산_리볼빙카드자산_결제성리볼빙,779327000000,신용카드사,B,SC107,부문별 자산현황(카드자산)
1263,200812,0010228,삼성카드㈜,A611,기타 카드자산_리볼빙카드자산_대출성리볼빙,338733000000,신용카드사,B,SC107,부문별 자산현황(카드자산)
1264,200812,0010228,삼성카드㈜,A62,기타 카드자산_기타,0,신용카드사,B,SC107,부문별 자산현황(카드자산)
1265,200903,0010228,삼성카드㈜,A,카드자산,4756332000000,신용카드사,B,SC107,부문별 자산현황(카드자산)
1266,200903,0010228,삼성카드㈜,A1,(대손충당금 등),475522000000,신용카드사,B,SC107,부문별 자산현황(카드자산)
1267,200903,0010228,삼성카드㈜,A2,일시불 카드대급금,700332000000,신용카드사,B,SC107,부문별 자산현황(카드자산)
1268,200903,0010228,삼성카드㈜,A3,할부 카드대급금,1004812000000,신용카드사,B,SC107,부문별 자산현황(카드자산)
1269,200903,0010228,삼성카드㈜,A4,현금서비스,253130000000,신용카드사,B,SC107,부문별 자산현황(카드자산)
1270,200903,0010228,삼성카드㈜,A5,카드론,2300998000000,신용카드사,B,SC107,부문별 자산현황(카드자산)
1271,200903,0010228,삼성카드㈜,A6,기타 카드자산,972582000000,신용카드사,B,SC107,부문별 자산현황(카드자산)
1272,200903,0010228,삼성카드㈜,A61,기타 카드자산_리볼빙카드자산,972582000000,신용카드사,B,SC107,부문별 자산현황(카드자산)
1273,200903,0010228,삼성카드㈜,A610,기타 카드자산_리볼빙카드자산_결제성리볼빙,676009000000,신용카드사,B,SC107,부문별 자산현황(카드자산)
1274,200903,0010228,삼성카드㈜,A611,기타 카드자산_리볼빙카드자산_대출성리볼빙,296573000000,신용카드사,B,SC107,부문별 자산현황(카드자산)
1275,200903,0010228,삼성카드㈜,A62,기타 카드자산_기타,0,신용카드사,B,SC107,부문별 자산현황(카드자산)
1276,200906,0010228,삼성카드㈜,A,카드자산,4446817000000,신용카드사,B,SC107,부문별 자산현황(카드자산)
1277,200906,0010228,삼성카드㈜,A1,(대손충당금 등),309233000000,신용카드사,B,SC107,부문별 자산현황(카드자산)
1278,200906,0010228,삼성카드㈜,A2,일시불 카드대급금,515669000000,신용카드사,B,SC107,부문별 자산현황(카드자산)
1279,200906,0010228,삼성카드㈜,A3,할부 카드대급금,1035347000000,신용카드사,B,SC107,부문별 자산현황(카드자산)
1280,200906,0010228,삼성카드㈜,A4,현금서비스,266098000000,신용카드사,B,SC107,부문별 자산현황(카드자산)
1281,200906,0010228,삼성카드㈜,A5,카드론,1966400000000,신용카드사,B,SC107,부문별 자산현황(카드자산)
1282,200906,0010228,삼성카드㈜,A6,기타 카드자산,972536000000,신용카드사,B,SC107,부문별 자산현황(카드자산)
1283,200906,0010228,삼성카드㈜,A61,기타 카드자산_리볼빙카드자산,972536000000,신용카드사,B,SC107,부문별 자산현황(카드자산)
1284,200906,0010228,삼성카드㈜,A610,기타 카드자산_리볼빙카드자산_결제성리볼빙,679854000000,신용카드사,B,SC107,부문별 자산현황(카드자산)
1285,200906,0010228,삼성카드㈜,A611,기타 카드자산_리볼빙카드자산_대출성리볼빙,292682000000,신용카드사,B,SC107,부문별 자산현황(카드자산)
1286,200906,0010228,삼성카드㈜,A62,기타 카드자산_기타,0,신용카드사,B,SC107,부문별 자산현황(카드자산)
1287,200909,0010228,삼성카드㈜,A,카드자산,4785610000000,신용카드사,B,SC107,부문별 자산현황(카드자산)
1288,200909,0010228,삼성카드㈜,A1,(대손충당금 등),249386000000,신용카드사,B,SC107,부문별 자산현황(카드자산)
1289,200909,0010228,삼성카드㈜,A2,일시불 카드대급금,588961000000,신용카드사,B,SC107,부문별 자산현황(카드자산)
1290,200909,0010228,삼성카드㈜,A3,할부 카드대급금,1099350000000,신용카드사,B,SC107,부문별 자산현황(카드자산)
1291,200909,0010228,삼성카드㈜,A4,현금서비스,291256000000,신용카드사,B,SC107,부문별 자산현황(카드자산)
1292,200909,0010228,삼성카드㈜,A5,카드론,2031612000000,신용카드사,B,SC107,부문별 자산현황(카드자산)
1293,200909,0010228,삼성카드㈜,A6,기타 카드자산,1023817000000,신용카드사,B,SC107,부문별 자산현황(카드자산)
1294,200909,0010228,삼성카드㈜,A61,기타 카드자산_리볼빙카드자산,1023817000000,신용카드사,B,SC107,부문별 자산현황(카드자산)
1295,200909,0010228,삼성카드㈜,A610,기타 카드자산_리볼빙카드자산_결제성리볼빙,725353000000,신용카드사,B,SC107,부문별 자산현황(카드자산)
1296,200909,0010228,삼성카드㈜,A611,기타 카드자산_리볼빙카드자산_대출성리볼빙,298464000000,신용카드사,B,SC107,부문별 자산현황(카드자산)
1297,200909,0010228,삼성카드㈜,A62,기타 카드자산_기타,0,신용카드사,B,SC107,부문별 자산현황(카드자산)
1298,200912,0010228,삼성카드㈜,A,카드자산,5384847000000,신용카드사,B,SC107,부문별 자산현황(카드자산)
1299,200912,0010228,삼성카드㈜,A1,(대손충당금 등),256080000000,신용카드사,B,SC107,부문별 자산현황(카드자산)
1300,200912,0010228,삼성카드㈜,A2,일시불 카드대급금,667968000000,신용카드사,B,SC107,부문별 자산현황(카드자산)
1301,200912,0010228,삼성카드㈜,A3,할부 카드대급금,1335997000000,신용카드사,B,SC107,부문별 자산현황(카드자산)
1302,200912,0010228,삼성카드㈜,A4,현금서비스,343389000000,신용카드사,B,SC107,부문별 자산현황(카드자산)
1303,200912,0010228,삼성카드㈜,A5,카드론,2203902000000,신용카드사,B,SC107,부문별 자산현황(카드자산)
1304,200912,0010228,삼성카드㈜,A6,기타 카드자산,1089671000000,신용카드사,B,SC107,부문별 자산현황(카드자산)
1305,200912,0010228,삼성카드㈜,A61,기타 카드자산_리볼빙카드자산,1089671000000,신용카드사,B,SC107,부문별 자산현황(카드자산)
1306,200912,0010228,삼성카드㈜,A610,기타 카드자산_리볼빙카드자산_결제성리볼빙,785874000000,신용카드사,B,SC107,부문별 자산현황(카드자산)
1307,200912,0010228,삼성카드㈜,A611,기타 카드자산_리볼빙카드자산_대출성리볼빙,303797000000,신용카드사,B,SC107,부문별 자산현황(카드자산)
1308,200912,0010228,삼성카드㈜,A62,기타 카드자산_기타,0,신용카드사,B,SC107,부문별 자산현황(카드자산)
1309,201003,0010228,삼성카드㈜,A,카드자산,6022644000000,신용카드사,B,SC107,부문별 자산현황(카드자산)
1310,201003,0010228,삼성카드㈜,A1,(대손충당금 등),257053000000,신용카드사,B,SC107,부문별 자산현황(카드자산)
1311,201003,0010228,삼성카드㈜,A2,일시불 카드대급금,975840000000,신용카드사,B,SC107,부문별 자산현황(카드자산)
1312,201003,0010228,삼성카드㈜,A3,할부 카드대급금,1497882000000,신용카드사,B,SC107,부문별 자산현황(카드자산)
1313,201003,0010228,삼성카드㈜,A4,현금서비스,385980000000,신용카드사,B,SC107,부문별 자산현황(카드자산)
1314,201003,0010228,삼성카드㈜,A5,카드론,2355912000000,신용카드사,B,SC107,부문별 자산현황(카드자산)
1315,201003,0010228,삼성카드㈜,A6,기타 카드자산,1064083000000,신용카드사,B,SC107,부문별 자산현황(카드자산)
1316,201003,0010228,삼성카드㈜,A61,기타 카드자산_리볼빙카드자산,1049891000000,신용카드사,B,SC107,부문별 자산현황(카드자산)
1317,201003,0010228,삼성카드㈜,A610,기타 카드자산_리볼빙카드자산_결제성리볼빙,768133000000,신용카드사,B,SC107,부문별 자산현황(카드자산)
1318,201003,0010228,삼성카드㈜,A611,기타 카드자산_리볼빙카드자산_대출성리볼빙,281758000000,신용카드사,B,SC107,부문별 자산현황(카드자산)
1319,201003,0010228,삼성카드㈜,A62,기타 카드자산_기타,14192000000,신용카드사,B,SC107,부문별 자산현황(카드자산)
1320,201006,0010228,삼성카드㈜,A,카드자산,6111550000000,신용카드사,B,SC107,부문별 자산현황(카드자산)
1321,201006,0010228,삼성카드㈜,A1,(대손충당금 등),257560000000,신용카드사,B,SC107,부문별 자산현황(카드자산)
1322,201006,0010228,삼성카드㈜,A2,일시불 카드대급금,795451000000,신용카드사,B,SC107,부문별 자산현황(카드자산)
1323,201006,0010228,삼성카드㈜,A3,할부 카드대급금,1590159000000,신용카드사,B,SC107,부문별 자산현황(카드자산)
1324,201006,0010228,삼성카드㈜,A4,현금서비스,402361000000,신용카드사,B,SC107,부문별 자산현황(카드자산)
1325,201006,0010228,삼성카드㈜,A5,카드론,2528404000000,신용카드사,B,SC107,부문별 자산현황(카드자산)
1326,201006,0010228,삼성카드㈜,A6,기타 카드자산,1052735000000,신용카드사,B,SC107,부문별 자산현황(카드자산)
1327,201006,0010228,삼성카드㈜,A61,기타 카드자산_리볼빙카드자산,1040822000000,신용카드사,B,SC107,부문별 자산현황(카드자산)
1328,201006,0010228,삼성카드㈜,A610,기타 카드자산_리볼빙카드자산_결제성리볼빙,762452000000,신용카드사,B,SC107,부문별 자산현황(카드자산)
1329,201006,0010228,삼성카드㈜,A611,기타 카드자산_리볼빙카드자산_대출성리볼빙,278370000000,신용카드사,B,SC107,부문별 자산현황(카드자산)
1330,201006,0010228,삼성카드㈜,A62,기타 카드자산_기타,11913000000,신용카드사,B,SC107,부문별 자산현황(카드자산)
1331,201009,0010228,삼성카드㈜,A,카드자산,6072739000000,신용카드사,B,SC107,부문별 자산현황(카드자산)
1332,201009,0010228,삼성카드㈜,A1,(대손충당금 등),253478000000,신용카드사,B,SC107,부문별 자산현황(카드자산)
1333,201009,0010228,삼성카드㈜,A2,일시불 카드대급금,860043000000,신용카드사,B,SC107,부문별 자산현황(카드자산)
1334,201009,0010228,삼성카드㈜,A3,할부 카드대급금,1503232000000,신용카드사,B,SC107,부문별 자산현황(카드자산)
1335,201009,0010228,삼성카드㈜,A4,현금서비스,338126000000,신용카드사,B,SC107,부문별 자산현황(카드자산)
1336,201009,0010228,삼성카드㈜,A5,카드론,2689586000000,신용카드사,B,SC107,부문별 자산현황(카드자산)
1337,201009,0010228,삼성카드㈜,A6,기타 카드자산,935230000000,신용카드사,B,SC107,부문별 자산현황(카드자산)
1338,201009,0010228,삼성카드㈜,A61,기타 카드자산_리볼빙카드자산,925311000000,신용카드사,B,SC107,부문별 자산현황(카드자산)
1339,201009,0010228,삼성카드㈜,A610,기타 카드자산_리볼빙카드자산_결제성리볼빙,685657000000,신용카드사,B,SC107,부문별 자산현황(카드자산)
1340,201009,0010228,삼성카드㈜,A611,기타 카드자산_리볼빙카드자산_대출성리볼빙,239654000000,신용카드사,B,SC107,부문별 자산현황(카드자산)
1341,201009,0010228,삼성카드㈜,A62,기타 카드자산_기타,9919000000,신용카드사,B,SC107,부문별 자산현황(카드자산)
1342,201012,0010228,삼성카드㈜,A,카드자산,6889536000000,신용카드사,B,SC107,부문별 자산현황(카드자산)
1343,201012,0010228,삼성카드㈜,A1,(대손충당금 등),253522000000,신용카드사,B,SC107,부문별 자산현황(카드자산)
1344,201012,0010228,삼성카드㈜,A2,일시불 카드대급금,1031072000000,신용카드사,B,SC107,부문별 자산현황(카드자산)
1345,201012,0010228,삼성카드㈜,A3,할부 카드대급금,1729702000000,신용카드사,B,SC107,부문별 자산현황(카드자산)
1346,201012,0010228,삼성카드㈜,A4,현금서비스,389845000000,신용카드사,B,SC107,부문별 자산현황(카드자산)
1347,201012,0010228,삼성카드㈜,A5,카드론,3017742000000,신용카드사,B,SC107,부문별 자산현황(카드자산)
1348,201012,0010228,삼성카드㈜,A6,기타 카드자산,974697000000,신용카드사,B,SC107,부문별 자산현황(카드자산)
1349,201012,0010228,삼성카드㈜,A61,기타 카드자산_리볼빙카드자산,966461000000,신용카드사,B,SC107,부문별 자산현황(카드자산)
1350,201012,0010228,삼성카드㈜,A610,기타 카드자산_리볼빙카드자산_결제성리볼빙,720244000000,신용카드사,B,SC107,부문별 자산현황(카드자산)
1351,201012,0010228,삼성카드㈜,A611,기타 카드자산_리볼빙카드자산_대출성리볼빙,246217000000,신용카드사,B,SC107,부문별 자산현황(카드자산)
1352,201012,0010228,삼성카드㈜,A62,기타 카드자산_기타,8236000000,신용카드사,B,SC107,부문별 자산현황(카드자산)
1353,201103,0010228,삼성카드㈜,A,카드자산,10146215000000,신용카드사,B,SC107,부문별 자산현황(카드자산)
1354,201103,0010228,삼성카드㈜,A1,카드자산_(대손충당금 등),382857000000,신용카드사,B,SC107,부문별 자산현황(카드자산)
1355,201103,0010228,삼성카드㈜,A2,카드자산_일시불 카드대급금,1768796000000,신용카드사,B,SC107,부문별 자산현황(카드자산)
1356,201103,0010228,삼성카드㈜,A3,카드자산_할부 카드대급금,3093321000000,신용카드사,B,SC107,부문별 자산현황(카드자산)
1357,201103,0010228,삼성카드㈜,A4,카드자산_현금서비스,880876000000,신용카드사,B,SC107,부문별 자산현황(카드자산)
1358,201103,0010228,삼성카드㈜,A5,카드자산_카드론,3044773000000,신용카드사,B,SC107,부문별 자산현황(카드자산)
1359,201103,0010228,삼성카드㈜,A6,카드자산_기타 카드자산,1741307000000,신용카드사,B,SC107,부문별 자산현황(카드자산)
1360,201103,0010228,삼성카드㈜,A61,카드자산_기타 카드자산_리볼빙카드자산,1734427000000,신용카드사,B,SC107,부문별 자산현황(카드자산)
1361,201103,0010228,삼성카드㈜,A610,카드자산_기타 카드자산_리볼빙카드자산_결제성리볼빙,1269842000000,신용카드사,B,SC107,부문별 자산현황(카드자산)
1362,201103,0010228,삼성카드㈜,A611,카드자산_기타 카드자산_리볼빙카드자산_대출성리볼빙,464585000000,신용카드사,B,SC107,부문별 자산현황(카드자산)
1363,201103,0010228,삼성카드㈜,A62,카드자산_기타 카드자산_기타,6880000000,신용카드사,B,SC107,부문별 자산현황(카드자산)
1364,201106,0010228,삼성카드㈜,A,카드자산,10815533000000,신용카드사,B,SC107,부문별 자산현황(카드자산)
1365,201106,0010228,삼성카드㈜,A1,카드자산_(대손충당금 등),408128000000,신용카드사,B,SC107,부문별 자산현황(카드자산)
1366,201106,0010228,삼성카드㈜,A2,카드자산_일시불 카드대급금,2397531000000,신용카드사,B,SC107,부문별 자산현황(카드자산)
1367,201106,0010228,삼성카드㈜,A3,카드자산_할부 카드대급금,3438026000000,신용카드사,B,SC107,부문별 자산현황(카드자산)
1368,201106,0010228,삼성카드㈜,A4,카드자산_현금서비스,908547000000,신용카드사,B,SC107,부문별 자산현황(카드자산)
1369,201106,0010228,삼성카드㈜,A5,카드자산_카드론,2734232000000,신용카드사,B,SC107,부문별 자산현황(카드자산)
1370,201106,0010228,삼성카드㈜,A6,카드자산_기타 카드자산,1745325000000,신용카드사,B,SC107,부문별 자산현황(카드자산)
1371,201106,0010228,삼성카드㈜,A61,카드자산_기타 카드자산_리볼빙카드자산,1739520000000,신용카드사,B,SC107,부문별 자산현황(카드자산)
1372,201106,0010228,삼성카드㈜,A610,카드자산_기타 카드자산_리볼빙카드자산_결제성리볼빙,1292261000000,신용카드사,B,SC107,부문별 자산현황(카드자산)
1373,201106,0010228,삼성카드㈜,A611,카드자산_기타 카드자산_리볼빙카드자산_대출성리볼빙,447258000000,신용카드사,B,SC107,부문별 자산현황(카드자산)
1374,201106,0010228,삼성카드㈜,A62,카드자산_기타 카드자산_기타,5805000000,신용카드사,B,SC107,부문별 자산현황(카드자산)
1375,201109,0010228,삼성카드㈜,A,카드자산,11165420000000,신용카드사,B,SC107,부문별 자산현황(카드자산)
1376,201109,0010228,삼성카드㈜,A1,카드자산_(대손충당금 등),444816000000,신용카드사,B,SC107,부문별 자산현황(카드자산)
1377,201109,0010228,삼성카드㈜,A2,카드자산_일시불 카드대급금,2749807000000,신용카드사,B,SC107,부문별 자산현황(카드자산)
1378,201109,0010228,삼성카드㈜,A3,카드자산_할부 카드대급금,3664119000000,신용카드사,B,SC107,부문별 자산현황(카드자산)
1379,201109,0010228,삼성카드㈜,A4,카드자산_현금서비스,871022000000,신용카드사,B,SC107,부문별 자산현황(카드자산)
1380,201109,0010228,삼성카드㈜,A5,카드자산_카드론,2615925000000,신용카드사,B,SC107,부문별 자산현황(카드자산)
1381,201109,0010228,삼성카드㈜,A6,카드자산_기타 카드자산,1709362000000,신용카드사,B,SC107,부문별 자산현황(카드자산)
1382,201109,0010228,삼성카드㈜,A61,카드자산_기타 카드자산_리볼빙카드자산,1704478000000,신용카드사,B,SC107,부문별 자산현황(카드자산)
1383,201109,0010228,삼성카드㈜,A610,카드자산_기타 카드자산_리볼빙카드자산_결제성리볼빙,1293623000000,신용카드사,B,SC107,부문별 자산현황(카드자산)
1384,201109,0010228,삼성카드㈜,A611,카드자산_기타 카드자산_리볼빙카드자산_대출성리볼빙,410854000000,신용카드사,B,SC107,부문별 자산현황(카드자산)
1385,201109,0010228,삼성카드㈜,A62,카드자산_기타 카드자산_기타,4884000000,신용카드사,B,SC107,부문별 자산현황(카드자산)
1386,201112,0010228,삼성카드㈜,A,카드자산,11776190000000,신용카드사,B,SC107,부문별 자산현황(카드자산)
1387,201112,0010228,삼성카드㈜,A1,카드자산_(대손충당금 등),479054000000,신용카드사,B,SC107,부문별 자산현황(카드자산)
1388,201112,0010228,삼성카드㈜,A2,카드자산_일시불 카드대급금,3053073000000,신용카드사,B,SC107,부문별 자산현황(카드자산)
1389,201112,0010228,삼성카드㈜,A3,카드자산_할부 카드대급금,3965869000000,신용카드사,B,SC107,부문별 자산현황(카드자산)
1390,201112,0010228,삼성카드㈜,A4,카드자산_현금서비스,854439000000,신용카드사,B,SC107,부문별 자산현황(카드자산)
1391,201112,0010228,삼성카드㈜,A5,카드자산_카드론,2678848000000,신용카드사,B,SC107,부문별 자산현황(카드자산)
1392,201112,0010228,삼성카드㈜,A6,카드자산_기타 카드자산,1703016000000,신용카드사,B,SC107,부문별 자산현황(카드자산)
1393,201112,0010228,삼성카드㈜,A61,카드자산_기타 카드자산_리볼빙카드자산,1698823000000,신용카드사,B,SC107,부문별 자산현황(카드자산)
1394,201112,0010228,삼성카드㈜,A610,카드자산_기타 카드자산_리볼빙카드자산_결제성리볼빙,1314766000000,신용카드사,B,SC107,부문별 자산현황(카드자산)
1395,201112,0010228,삼성카드㈜,A611,카드자산_기타 카드자산_리볼빙카드자산_대출성리볼빙,384056000000,신용카드사,B,SC107,부문별 자산현황(카드자산)
1396,201112,0010228,삼성카드㈜,A62,카드자산_기타 카드자산_기타,4194000000,신용카드사,B,SC107,부문별 자산현황(카드자산)
1397,201203,0010228,삼성카드㈜,A,카드자산,11571199000000,신용카드사,B,SC107,부문별 자산현황(카드자산)
1398,201203,0010228,삼성카드㈜,A1,카드자산_(대손충당금 등),484883000000,신용카드사,B,SC107,부문별 자산현황(카드자산)
1399,201203,0010228,삼성카드㈜,A2,카드자산_일시불 카드대급금,2900824000000,신용카드사,B,SC107,부문별 자산현황(카드자산)
1400,201203,0010228,삼성카드㈜,A3,카드자산_할부 카드대급금,3946909000000,신용카드사,B,SC107,부문별 자산현황(카드자산)
1401,201203,0010228,삼성카드㈜,A4,카드자산_현금서비스,842308000000,신용카드사,B,SC107,부문별 자산현황(카드자산)
1402,201203,0010228,삼성카드㈜,A5,카드자산_카드론,2790636000000,신용카드사,B,SC107,부문별 자산현황(카드자산)
1403,201203,0010228,삼성카드㈜,A6,카드자산_기타 카드자산,1575406000000,신용카드사,B,SC107,부문별 자산현황(카드자산)
1404,201203,0010228,삼성카드㈜,A61,카드자산_기타 카드자산_리볼빙카드자산,1571774000000,신용카드사,B,SC107,부문별 자산현황(카드자산)
1405,201203,0010228,삼성카드㈜,A610,카드자산_기타 카드자산_리볼빙카드자산_결제성리볼빙,1222183000000,신용카드사,B,SC107,부문별 자산현황(카드자산)
1406,201203,0010228,삼성카드㈜,A611,카드자산_기타 카드자산_리볼빙카드자산_대출성리볼빙,349591000000,신용카드사,B,SC107,부문별 자산현황(카드자산)
1407,201203,0010228,삼성카드㈜,A62,카드자산_기타 카드자산_기타,3632000000,신용카드사,B,SC107,부문별 자산현황(카드자산)
1408,201206,0010228,삼성카드㈜,A,카드자산,11771537000000,신용카드사,B,SC107,부문별 자산현황(카드자산)
1409,201206,0010228,삼성카드㈜,A1,카드자산_(대손충당금 등),411237000000,신용카드사,B,SC107,부문별 자산현황(카드자산)
1410,201206,0010228,삼성카드㈜,A2,카드자산_일시불 카드대급금,3159670000000,신용카드사,B,SC107,부문별 자산현황(카드자산)
1411,201206,0010228,삼성카드㈜,A3,카드자산_할부 카드대급금,3910204000000,신용카드사,B,SC107,부문별 자산현황(카드자산)
1412,201206,0010228,삼성카드㈜,A4,카드자산_현금서비스,855376000000,신용카드사,B,SC107,부문별 자산현황(카드자산)
1413,201206,0010228,삼성카드㈜,A5,카드자산_카드론,2713759000000,신용카드사,B,SC107,부문별 자산현황(카드자산)
1414,201206,0010228,삼성카드㈜,A6,카드자산_기타 카드자산,1543766000000,신용카드사,B,SC107,부문별 자산현황(카드자산)
1415,201206,0010228,삼성카드㈜,A61,카드자산_기타 카드자산_리볼빙카드자산,1540573000000,신용카드사,B,SC107,부문별 자산현황(카드자산)
1416,201206,0010228,삼성카드㈜,A610,카드자산_기타 카드자산_리볼빙카드자산_결제성리볼빙,1209341000000,신용카드사,B,SC107,부문별 자산현황(카드자산)
1417,201206,0010228,삼성카드㈜,A611,카드자산_기타 카드자산_리볼빙카드자산_대출성리볼빙,331232000000,신용카드사,B,SC107,부문별 자산현황(카드자산)
1418,201206,0010228,삼성카드㈜,A62,카드자산_기타 카드자산_기타,3193000000,신용카드사,B,SC107,부문별 자산현황(카드자산)
1419,201209,0010228,삼성카드㈜,A,카드자산,12696103000000,신용카드사,B,SC107,부문별 자산현황(카드자산)
1420,201209,0010228,삼성카드㈜,A1,카드자산_(대손충당금 등),444291000000,신용카드사,B,SC107,부문별 자산현황(카드자산)
1421,201209,0010228,삼성카드㈜,A2,카드자산_일시불 카드대급금,3808604000000,신용카드사,B,SC107,부문별 자산현황(카드자산)
1422,201209,0010228,삼성카드㈜,A3,카드자산_할부 카드대급금,4092727000000,신용카드사,B,SC107,부문별 자산현황(카드자산)
1423,201209,0010228,삼성카드㈜,A4,카드자산_현금서비스,855715000000,신용카드사,B,SC107,부문별 자산현황(카드자산)
1424,201209,0010228,삼성카드㈜,A5,카드자산_카드론,2896260000000,신용카드사,B,SC107,부문별 자산현황(카드자산)
1425,201209,0010228,삼성카드㈜,A6,카드자산_기타 카드자산,1487087000000,신용카드사,B,SC107,부문별 자산현황(카드자산)
1426,201209,0010228,삼성카드㈜,A61,카드자산_기타 카드자산_리볼빙카드자산,1484204000000,신용카드사,B,SC107,부문별 자산현황(카드자산)
1427,201209,0010228,삼성카드㈜,A610,카드자산_기타 카드자산_리볼빙카드자산_결제성리볼빙,1179667000000,신용카드사,B,SC107,부문별 자산현황(카드자산)
1428,201209,0010228,삼성카드㈜,A611,카드자산_기타 카드자산_리볼빙카드자산_대출성리볼빙,304537000000,신용카드사,B,SC107,부문별 자산현황(카드자산)
1429,201209,0010228,삼성카드㈜,A62,카드자산_기타 카드자산_기타,2883000000,신용카드사,B,SC107,부문별 자산현황(카드자산)
1430,201212,0010228,삼성카드㈜,A,카드자산,12814479000000,신용카드사,B,SC107,부문별 자산현황(카드자산)
1431,201212,0010228,삼성카드㈜,A1,카드자산_(대손충당금 등),323222000000,신용카드사,B,SC107,부문별 자산현황(카드자산)
1432,201212,0010228,삼성카드㈜,A2,카드자산_일시불 카드대급금,3527230000000,신용카드사,B,SC107,부문별 자산현황(카드자산)
1433,201212,0010228,삼성카드㈜,A3,카드자산_할부 카드대급금,4373901000000,신용카드사,B,SC107,부문별 자산현황(카드자산)
1434,201212,0010228,삼성카드㈜,A4,카드자산_현금서비스,912503000000,신용카드사,B,SC107,부문별 자산현황(카드자산)
1435,201212,0010228,삼성카드㈜,A5,카드자산_카드론,2812643000000,신용카드사,B,SC107,부문별 자산현황(카드자산)
1436,201212,0010228,삼성카드㈜,A6,카드자산_기타 카드자산,1511425000000,신용카드사,B,SC107,부문별 자산현황(카드자산)
1437,201212,0010228,삼성카드㈜,A61,카드자산_기타 카드자산_리볼빙카드자산,1508869000000,신용카드사,B,SC107,부문별 자산현황(카드자산)
1438,201212,0010228,삼성카드㈜,A610,카드자산_기타 카드자산_리볼빙카드자산_결제성리볼빙,1204800000000,신용카드사,B,SC107,부문별 자산현황(카드자산)
1439,201212,0010228,삼성카드㈜,A611,카드자산_기타 카드자산_리볼빙카드자산_대출성리볼빙,304069000000,신용카드사,B,SC107,부문별 자산현황(카드자산)
1440,201212,0010228,삼성카드㈜,A62,카드자산_기타 카드자산_기타,2556000000,신용카드사,B,SC107,부문별 자산현황(카드자산)
1441,201303,0010228,삼성카드㈜,A,카드자산,12654500000000,신용카드사,B,SC107,부문별 자산현황(카드자산)
1442,201303,0010228,삼성카드㈜,A1,카드자산_(대손충당금 등),319901000000,신용카드사,B,SC107,부문별 자산현황(카드자산)
1443,201303,0010228,삼성카드㈜,A2,카드자산_일시불 카드대급금,3926239000000,신용카드사,B,SC107,부문별 자산현황(카드자산)
1444,201303,0010228,삼성카드㈜,A3,카드자산_할부 카드대급금,3869075000000,신용카드사,B,SC107,부문별 자산현황(카드자산)
1445,201303,0010228,삼성카드㈜,A4,카드자산_현금서비스,917469000000,신용카드사,B,SC107,부문별 자산현황(카드자산)
1446,201303,0010228,삼성카드㈜,A5,카드자산_카드론,2796506000000,신용카드사,B,SC107,부문별 자산현황(카드자산)
1447,201303,0010228,삼성카드㈜,A6,카드자산_기타 카드자산,1465113000000,신용카드사,B,SC107,부문별 자산현황(카드자산)
1448,201303,0010228,삼성카드㈜,A61,카드자산_기타 카드자산_리볼빙카드자산,1462833000000,신용카드사,B,SC107,부문별 자산현황(카드자산)
1449,201303,0010228,삼성카드㈜,A610,카드자산_기타 카드자산_리볼빙카드자산_결제성리볼빙,1152808000000,신용카드사,B,SC107,부문별 자산현황(카드자산)
1450,201303,0010228,삼성카드㈜,A611,카드자산_기타 카드자산_리볼빙카드자산_대출성리볼빙,310025000000,신용카드사,B,SC107,부문별 자산현황(카드자산)
1451,201303,0010228,삼성카드㈜,A62,카드자산_기타 카드자산_기타,2281000000,신용카드사,B,SC107,부문별 자산현황(카드자산)
1452,201306,0010228,삼성카드㈜,A,카드자산,12267028000000,신용카드사,B,SC107,부문별 자산현황(카드자산)
1453,201306,0010228,삼성카드㈜,A1,카드자산_(대손충당금 등),329196000000,신용카드사,B,SC107,부문별 자산현황(카드자산)
1454,201306,0010228,삼성카드㈜,A2,카드자산_일시불 카드대급금,3527348000000,신용카드사,B,SC107,부문별 자산현황(카드자산)
1455,201306,0010228,삼성카드㈜,A3,카드자산_할부 카드대급금,3842336000000,신용카드사,B,SC107,부문별 자산현황(카드자산)
1456,201306,0010228,삼성카드㈜,A4,카드자산_현금서비스,890559000000,신용카드사,B,SC107,부문별 자산현황(카드자산)
1457,201306,0010228,삼성카드㈜,A5,카드자산_카드론,2900013000000,신용카드사,B,SC107,부문별 자산현황(카드자산)
1458,201306,0010228,삼성카드㈜,A6,카드자산_기타 카드자산,1435968000000,신용카드사,B,SC107,부문별 자산현황(카드자산)
1459,201306,0010228,삼성카드㈜,A61,카드자산_기타 카드자산_리볼빙카드자산,1433925000000,신용카드사,B,SC107,부문별 자산현황(카드자산)
1460,201306,0010228,삼성카드㈜,A610,카드자산_기타 카드자산_리볼빙카드자산_결제성리볼빙,1126482000000,신용카드사,B,SC107,부문별 자산현황(카드자산)
1461,201306,0010228,삼성카드㈜,A611,카드자산_기타 카드자산_리볼빙카드자산_대출성리볼빙,307443000000,신용카드사,B,SC107,부문별 자산현황(카드자산)
1462,201306,0010228,삼성카드㈜,A62,카드자산_기타 카드자산_기타,2043000000,신용카드사,B,SC107,부문별 자산현황(카드자산)
1463,201309,0010228,삼성카드㈜,A,카드자산,13026738000000,신용카드사,B,SC107,부문별 자산현황(카드자산)
1464,201309,0010228,삼성카드㈜,A1,카드자산_(대손충당금 등),322020000000,신용카드사,B,SC107,부문별 자산현황(카드자산)
1465,201309,0010228,삼성카드㈜,A2,카드자산_일시불 카드대급금,4263500000000,신용카드사,B,SC107,부문별 자산현황(카드자산)
1466,201309,0010228,삼성카드㈜,A3,카드자산_할부 카드대급금,3922225000000,신용카드사,B,SC107,부문별 자산현황(카드자산)
1467,201309,0010228,삼성카드㈜,A4,카드자산_현금서비스,871825000000,신용카드사,B,SC107,부문별 자산현황(카드자산)
1468,201309,0010228,삼성카드㈜,A5,카드자산_카드론,2876259000000,신용카드사,B,SC107,부문별 자산현황(카드자산)
1469,201309,0010228,삼성카드㈜,A6,카드자산_기타 카드자산,1414948000000,신용카드사,B,SC107,부문별 자산현황(카드자산)
1470,201309,0010228,삼성카드㈜,A61,카드자산_기타 카드자산_리볼빙카드자산,1413100000000,신용카드사,B,SC107,부문별 자산현황(카드자산)
1471,201309,0010228,삼성카드㈜,A610,카드자산_기타 카드자산_리볼빙카드자산_결제성리볼빙,1120027000000,신용카드사,B,SC107,부문별 자산현황(카드자산)
1472,201309,0010228,삼성카드㈜,A611,카드자산_기타 카드자산_리볼빙카드자산_대출성리볼빙,293073000000,신용카드사,B,SC107,부문별 자산현황(카드자산)
1473,201309,0010228,삼성카드㈜,A62,카드자산_기타 카드자산_기타,1848000000,신용카드사,B,SC107,부문별 자산현황(카드자산)
1474,201312,0010228,삼성카드㈜,A,카드자산,12754978000000,신용카드사,B,SC107,부문별 자산현황(카드자산)
1475,201312,0010228,삼성카드㈜,A1,카드자산_(대손충당금 등),310936000000,신용카드사,B,SC107,부문별 자산현황(카드자산)
1476,201312,0010228,삼성카드㈜,A2,카드자산_일시불 카드대급금,3821739000000,신용카드사,B,SC107,부문별 자산현황(카드자산)
1477,201312,0010228,삼성카드㈜,A3,카드자산_할부 카드대급금,4175858000000,신용카드사,B,SC107,부문별 자산현황(카드자산)
1478,201312,0010228,삼성카드㈜,A4,카드자산_현금서비스,791688000000,신용카드사,B,SC107,부문별 자산현황(카드자산)
1479,201312,0010228,삼성카드㈜,A5,카드자산_카드론,2838343000000,신용카드사,B,SC107,부문별 자산현황(카드자산)
1480,201312,0010228,삼성카드㈜,A6,카드자산_기타 카드자산,1438286000000,신용카드사,B,SC107,부문별 자산현황(카드자산)
1481,201312,0010228,삼성카드㈜,A61,카드자산_기타 카드자산_리볼빙카드자산,1436598000000,신용카드사,B,SC107,부문별 자산현황(카드자산)
1482,201312,0010228,삼성카드㈜,A610,카드자산_기타 카드자산_리볼빙카드자산_결제성리볼빙,1146893000000,신용카드사,B,SC107,부문별 자산현황(카드자산)
1483,201312,0010228,삼성카드㈜,A611,카드자산_기타 카드자산_리볼빙카드자산_대출성리볼빙,289705000000,신용카드사,B,SC107,부문별 자산현황(카드자산)
1484,201312,0010228,삼성카드㈜,A62,카드자산_기타 카드자산_기타,1688000000,신용카드사,B,SC107,부문별 자산현황(카드자산)
1485,201403,0010228,삼성카드㈜,A,카드자산,12894607000000,신용카드사,B,SC107,부문별 자산현황(카드자산)
1486,201403,0010228,삼성카드㈜,A1,카드자산_(대손충당금 등),315196000000,신용카드사,B,SC107,부문별 자산현황(카드자산)
1487,201403,0010228,삼성카드㈜,A2,카드자산_일시불 카드대급금,4190526000000,신용카드사,B,SC107,부문별 자산현황(카드자산)
1488,201403,0010228,삼성카드㈜,A3,카드자산_할부 카드대급금,3973129000000,신용카드사,B,SC107,부문별 자산현황(카드자산)
1489,201403,0010228,삼성카드㈜,A4,카드자산_현금서비스,793824000000,신용카드사,B,SC107,부문별 자산현황(카드자산)
1490,201403,0010228,삼성카드㈜,A5,카드자산_카드론,2863872000000,신용카드사,B,SC107,부문별 자산현황(카드자산)
1491,201403,0010228,삼성카드㈜,A6,카드자산_기타 카드자산,1388450000000,신용카드사,B,SC107,부문별 자산현황(카드자산)
1492,201403,0010228,삼성카드㈜,A61,카드자산_기타 카드자산_리볼빙카드자산,1386902000000,신용카드사,B,SC107,부문별 자산현황(카드자산)
1493,201403,0010228,삼성카드㈜,A610,카드자산_기타 카드자산_리볼빙카드자산_결제성리볼빙,1105321000000,신용카드사,B,SC107,부문별 자산현황(카드자산)
1494,201403,0010228,삼성카드㈜,A611,카드자산_기타 카드자산_리볼빙카드자산_대출성리볼빙,281581000000,신용카드사,B,SC107,부문별 자산현황(카드자산)
1495,201403,0010228,삼성카드㈜,A62,카드자산_기타 카드자산_기타,1548000000,신용카드사,B,SC107,부문별 자산현황(카드자산)
1496,201406,0010228,삼성카드㈜,A,카드자산,13101827000000,신용카드사,B,SC107,부문별 자산현황(카드자산)
1497,201406,0010228,삼성카드㈜,A1,카드자산_(대손충당금 등),320052000000,신용카드사,B,SC107,부문별 자산현황(카드자산)
1498,201406,0010228,삼성카드㈜,A2,카드자산_일시불 카드대급금,4096223000000,신용카드사,B,SC107,부문별 자산현황(카드자산)
1499,201406,0010228,삼성카드㈜,A3,카드자산_할부 카드대급금,4091351000000,신용카드사,B,SC107,부문별 자산현황(카드자산)
1500,201406,0010228,삼성카드㈜,A4,카드자산_현금서비스,820018000000,신용카드사,B,SC107,부문별 자산현황(카드자산)
1501,201406,0010228,삼성카드㈜,A5,카드자산_카드론,3036653000000,신용카드사,B,SC107,부문별 자산현황(카드자산)
1502,201406,0010228,삼성카드㈜,A6,카드자산_기타 카드자산,1377633000000,신용카드사,B,SC107,부문별 자산현황(카드자산)
1503,201406,0010228,삼성카드㈜,A61,카드자산_기타 카드자산_리볼빙카드자산,1376220000000,신용카드사,B,SC107,부문별 자산현황(카드자산)
1504,201406,0010228,삼성카드㈜,A610,카드자산_기타 카드자산_리볼빙카드자산_결제성리볼빙,1091320000000,신용카드사,B,SC107,부문별 자산현황(카드자산)
1505,201406,0010228,삼성카드㈜,A611,카드자산_기타 카드자산_리볼빙카드자산_대출성리볼빙,284900000000,신용카드사,B,SC107,부문별 자산현황(카드자산)
1506,201406,0010228,삼성카드㈜,A62,카드자산_기타 카드자산_기타,1413000000,신용카드사,B,SC107,부문별 자산현황(카드자산)
1507,201409,0010228,삼성카드㈜,A,카드자산,14062986000000,신용카드사,B,SC107,부문별 자산현황(카드자산)
1508,201409,0010228,삼성카드㈜,A1,카드자산_(대손충당금 등),318214000000,신용카드사,B,SC107,부문별 자산현황(카드자산)
1509,201409,0010228,삼성카드㈜,A2,카드자산_일시불 카드대급금,4686104000000,신용카드사,B,SC107,부문별 자산현황(카드자산)
1510,201409,0010228,삼성카드㈜,A3,카드자산_할부 카드대급금,4341072000000,신용카드사,B,SC107,부문별 자산현황(카드자산)
1511,201409,0010228,삼성카드㈜,A4,카드자산_현금서비스,835752000000,신용카드사,B,SC107,부문별 자산현황(카드자산)
1512,201409,0010228,삼성카드㈜,A5,카드자산_카드론,3156391000000,신용카드사,B,SC107,부문별 자산현황(카드자산)
1513,201409,0010228,삼성카드㈜,A6,카드자산_기타 카드자산,1361880000000,신용카드사,B,SC107,부문별 자산현황(카드자산)
1514,201409,0010228,삼성카드㈜,A61,카드자산_기타 카드자산_리볼빙카드자산,1360578000000,신용카드사,B,SC107,부문별 자산현황(카드자산)
1515,201409,0010228,삼성카드㈜,A610,카드자산_기타 카드자산_리볼빙카드자산_결제성리볼빙,1073789000000,신용카드사,B,SC107,부문별 자산현황(카드자산)
1516,201409,0010228,삼성카드㈜,A611,카드자산_기타 카드자산_리볼빙카드자산_대출성리볼빙,286788000000,신용카드사,B,SC107,부문별 자산현황(카드자산)
1517,201409,0010228,삼성카드㈜,A62,카드자산_기타 카드자산_기타,1303000000,신용카드사,B,SC107,부문별 자산현황(카드자산)
1518,201412,0010228,삼성카드㈜,A,카드자산,14341450000000,신용카드사,B,SC107,부문별 자산현황(카드자산)
1519,201412,0010228,삼성카드㈜,A1,카드자산_(대손충당금 등),321336000000,신용카드사,B,SC107,부문별 자산현황(카드자산)
1520,201412,0010228,삼성카드㈜,A2,카드자산_일시불 카드대급금,4500478000000,신용카드사,B,SC107,부문별 자산현황(카드자산)
1521,201412,0010228,삼성카드㈜,A3,카드자산_할부 카드대급금,4677231000000,신용카드사,B,SC107,부문별 자산현황(카드자산)
1522,201412,0010228,삼성카드㈜,A4,카드자산_현금서비스,842680000000,신용카드사,B,SC107,부문별 자산현황(카드자산)
1523,201412,0010228,삼성카드㈜,A5,카드자산_카드론,3252563000000,신용카드사,B,SC107,부문별 자산현황(카드자산)
1524,201412,0010228,삼성카드㈜,A6,카드자산_기타 카드자산,1389835000000,신용카드사,B,SC107,부문별 자산현황(카드자산)
1525,201412,0010228,삼성카드㈜,A61,카드자산_기타 카드자산_리볼빙카드자산,1388631000000,신용카드사,B,SC107,부문별 자산현황(카드자산)
1526,201412,0010228,삼성카드㈜,A610,카드자산_기타 카드자산_리볼빙카드자산_결제성리볼빙,1101047000000,신용카드사,B,SC107,부문별 자산현황(카드자산)
1527,201412,0010228,삼성카드㈜,A611,카드자산_기타 카드자산_리볼빙카드자산_대출성리볼빙,287584000000,신용카드사,B,SC107,부문별 자산현황(카드자산)
1528,201412,0010228,삼성카드㈜,A62,카드자산_기타 카드자산_기타,1203000000,신용카드사,B,SC107,부문별 자산현황(카드자산)
1529,201503,0010228,삼성카드㈜,A,카드자산,13906975000000,신용카드사,B,SC107,부문별 자산현황(카드자산)
1530,201503,0010228,삼성카드㈜,A1,카드자산_(대손충당금 등),339445000000,신용카드사,B,SC107,부문별 자산현황(카드자산)
1531,201503,0010228,삼성카드㈜,A2,카드자산_일시불 카드대급금,4326498000000,신용카드사,B,SC107,부문별 자산현황(카드자산)
1532,201503,0010228,삼성카드㈜,A3,카드자산_할부 카드대급금,4459212000000,신용카드사,B,SC107,부문별 자산현황(카드자산)
1533,201503,0010228,삼성카드㈜,A4,카드자산_현금서비스,822598000000,신용카드사,B,SC107,부문별 자산현황(카드자산)
1534,201503,0010228,삼성카드㈜,A5,카드자산_카드론,3290460000000,신용카드사,B,SC107,부문별 자산현황(카드자산)
1535,201503,0010228,삼성카드㈜,A6,카드자산_기타 카드자산,1347653000000,신용카드사,B,SC107,부문별 자산현황(카드자산)
1536,201503,0010228,삼성카드㈜,A61,카드자산_기타 카드자산_리볼빙카드자산,1346544000000,신용카드사,B,SC107,부문별 자산현황(카드자산)
1537,201503,0010228,삼성카드㈜,A610,카드자산_기타 카드자산_리볼빙카드자산_결제성리볼빙,1088152000000,신용카드사,B,SC107,부문별 자산현황(카드자산)
1538,201503,0010228,삼성카드㈜,A611,카드자산_기타 카드자산_리볼빙카드자산_대출성리볼빙,258392000000,신용카드사,B,SC107,부문별 자산현황(카드자산)
1539,201503,0010228,삼성카드㈜,A62,카드자산_기타 카드자산_기타,1109000000,신용카드사,B,SC107,부문별 자산현황(카드자산)
1540,201506,0010228,삼성카드㈜,A,카드자산,13890426000000,신용카드사,B,SC107,부문별 자산현황(카드자산)
1541,201506,0010228,삼성카드㈜,A1,카드자산_(대손충당금 등),330158000000,신용카드사,B,SC107,부문별 자산현황(카드자산)
1542,201506,0010228,삼성카드㈜,A2,카드자산_일시불 카드대급금,4276362000000,신용카드사,B,SC107,부문별 자산현황(카드자산)
1543,201506,0010228,삼성카드㈜,A3,카드자산_할부 카드대급금,4423696000000,신용카드사,B,SC107,부문별 자산현황(카드자산)
1544,201506,0010228,삼성카드㈜,A4,카드자산_현금서비스,824354000000,신용카드사,B,SC107,부문별 자산현황(카드자산)
1545,201506,0010228,삼성카드㈜,A5,카드자산_카드론,3358538000000,신용카드사,B,SC107,부문별 자산현황(카드자산)
1546,201506,0010228,삼성카드㈜,A6,카드자산_기타 카드자산,1337633000000,신용카드사,B,SC107,부문별 자산현황(카드자산)
1547,201506,0010228,삼성카드㈜,A61,카드자산_기타 카드자산_리볼빙카드자산,1336610000000,신용카드사,B,SC107,부문별 자산현황(카드자산)
1548,201506,0010228,삼성카드㈜,A610,카드자산_기타 카드자산_리볼빙카드자산_결제성리볼빙,1095219000000,신용카드사,B,SC107,부문별 자산현황(카드자산)
1549,201506,0010228,삼성카드㈜,A611,카드자산_기타 카드자산_리볼빙카드자산_대출성리볼빙,241391000000,신용카드사,B,SC107,부문별 자산현황(카드자산)
1550,201506,0010228,삼성카드㈜,A62,카드자산_기타 카드자산_기타,1024000000,신용카드사,B,SC107,부문별 자산현황(카드자산)
1551,201509,0010228,삼성카드㈜,A,카드자산,14869131000000,신용카드사,B,SC107,부문별 자산현황(카드자산)
1552,201509,0010228,삼성카드㈜,A1,카드자산_(대손충당금 등),330484000000,신용카드사,B,SC107,부문별 자산현황(카드자산)
1553,201509,0010228,삼성카드㈜,A2,카드자산_일시불 카드대급금,4819192000000,신용카드사,B,SC107,부문별 자산현황(카드자산)
1554,201509,0010228,삼성카드㈜,A3,카드자산_할부 카드대급금,4699203000000,신용카드사,B,SC107,부문별 자산현황(카드자산)
1555,201509,0010228,삼성카드㈜,A4,카드자산_현금서비스,794762000000,신용카드사,B,SC107,부문별 자산현황(카드자산)
1556,201509,0010228,삼성카드㈜,A5,카드자산_카드론,3490562000000,신용카드사,B,SC107,부문별 자산현황(카드자산)
1557,201509,0010228,삼성카드㈜,A6,카드자산_기타 카드자산,1395896000000,신용카드사,B,SC107,부문별 자산현황(카드자산)
1558,201509,0010228,삼성카드㈜,A61,카드자산_기타 카드자산_리볼빙카드자산,1394963000000,신용카드사,B,SC107,부문별 자산현황(카드자산)
1559,201509,0010228,삼성카드㈜,A610,카드자산_기타 카드자산_리볼빙카드자산_결제성리볼빙,1169268000000,신용카드사,B,SC107,부문별 자산현황(카드자산)
1560,201509,0010228,삼성카드㈜,A611,카드자산_기타 카드자산_리볼빙카드자산_대출성리볼빙,225695000000,신용카드사,B,SC107,부문별 자산현황(카드자산)
1561,201509,0010228,삼성카드㈜,A62,카드자산_기타 카드자산_기타,933000000,신용카드사,B,SC107,부문별 자산현황(카드자산)
1562,201512,0010228,삼성카드㈜,A,카드자산,15283114000000,신용카드사,B,SC107,부문별 자산현황(카드자산)
1563,201512,0010228,삼성카드㈜,A1,카드자산_(대손충당금 등),348866000000,신용카드사,B,SC107,부문별 자산현황(카드자산)
1564,201512,0010228,삼성카드㈜,A2,카드자산_일시불 카드대급금,4652530000000,신용카드사,B,SC107,부문별 자산현황(카드자산)
1565,201512,0010228,삼성카드㈜,A3,카드자산_할부 카드대급금,4975447000000,신용카드사,B,SC107,부문별 자산현황(카드자산)
1566,201512,0010228,삼성카드㈜,A4,카드자산_현금서비스,839408000000,신용카드사,B,SC107,부문별 자산현황(카드자산)
1567,201512,0010228,삼성카드㈜,A5,카드자산_카드론,3694084000000,신용카드사,B,SC107,부문별 자산현황(카드자산)
1568,201512,0010228,삼성카드㈜,A6,카드자산_기타 카드자산,1470512000000,신용카드사,B,SC107,부문별 자산현황(카드자산)
1569,201512,0010228,삼성카드㈜,A61,카드자산_기타 카드자산_리볼빙카드자산,1469658000000,신용카드사,B,SC107,부문별 자산현황(카드자산)
1570,201512,0010228,삼성카드㈜,A610,카드자산_기타 카드자산_리볼빙카드자산_결제성리볼빙,1245058000000,신용카드사,B,SC107,부문별 자산현황(카드자산)
1571,201512,0010228,삼성카드㈜,A611,카드자산_기타 카드자산_리볼빙카드자산_대출성리볼빙,224600000000,신용카드사,B,SC107,부문별 자산현황(카드자산)
1572,201512,0010228,삼성카드㈜,A62,카드자산_기타 카드자산_기타,854000000,신용카드사,B,SC107,부문별 자산현황(카드자산)
1573,201603,0010228,삼성카드㈜,A,카드자산,14838537000000,신용카드사,B,SC107,부문별 자산현황(카드자산)
1574,201603,0010228,삼성카드㈜,A1,카드자산_(대손충당금 등),361595000000,신용카드사,B,SC107,부문별 자산현황(카드자산)
1575,201603,0010228,삼성카드㈜,A2,카드자산_일시불 카드대급금,4247848000000,신용카드사,B,SC107,부문별 자산현황(카드자산)
1576,201603,0010228,삼성카드㈜,A3,카드자산_할부 카드대급금,4836820000000,신용카드사,B,SC107,부문별 자산현황(카드자산)
1577,201603,0010228,삼성카드㈜,A4,카드자산_현금서비스,851853000000,신용카드사,B,SC107,부문별 자산현황(카드자산)
1578,201603,0010228,삼성카드㈜,A5,카드자산_카드론,3806596000000,신용카드사,B,SC107,부문별 자산현황(카드자산)
1579,201603,0010228,삼성카드㈜,A6,카드자산_기타 카드자산,1457016000000,신용카드사,B,SC107,부문별 자산현황(카드자산)
1580,201603,0010228,삼성카드㈜,A61,카드자산_기타 카드자산_리볼빙카드자산,1456233000000,신용카드사,B,SC107,부문별 자산현황(카드자산)
1581,201603,0010228,삼성카드㈜,A610,카드자산_기타 카드자산_리볼빙카드자산_결제성리볼빙,1239329000000,신용카드사,B,SC107,부문별 자산현황(카드자산)
1582,201603,0010228,삼성카드㈜,A611,카드자산_기타 카드자산_리볼빙카드자산_대출성리볼빙,216904000000,신용카드사,B,SC107,부문별 자산현황(카드자산)
1583,201603,0010228,삼성카드㈜,A62,카드자산_기타 카드자산_기타,783000000,신용카드사,B,SC107,부문별 자산현황(카드자산)
1584,201606,0010228,삼성카드㈜,A,카드자산,15272419000000,신용카드사,B,SC107,부문별 자산현황(카드자산)
1585,201606,0010228,삼성카드㈜,A1,카드자산_(대손충당금 등),367098000000,신용카드사,B,SC107,부문별 자산현황(카드자산)
1586,201606,0010228,삼성카드㈜,A2,카드자산_일시불 카드대급금,4390983000000,신용카드사,B,SC107,부문별 자산현황(카드자산)
1587,201606,0010228,삼성카드㈜,A3,카드자산_할부 카드대급금,4979250000000,신용카드사,B,SC107,부문별 자산현황(카드자산)
1588,201606,0010228,삼성카드㈜,A4,카드자산_현금서비스,876485000000,신용카드사,B,SC107,부문별 자산현황(카드자산)
1589,201606,0010228,삼성카드㈜,A5,카드자산_카드론,3871342000000,신용카드사,B,SC107,부문별 자산현황(카드자산)
1590,201606,0010228,삼성카드㈜,A6,카드자산_기타 카드자산,1521459000000,신용카드사,B,SC107,부문별 자산현황(카드자산)
1591,201606,0010228,삼성카드㈜,A61,카드자산_기타 카드자산_리볼빙카드자산,1520739000000,신용카드사,B,SC107,부문별 자산현황(카드자산)
1592,201606,0010228,삼성카드㈜,A610,카드자산_기타 카드자산_리볼빙카드자산_결제성리볼빙,1305901000000,신용카드사,B,SC107,부문별 자산현황(카드자산)
1593,201606,0010228,삼성카드㈜,A611,카드자산_기타 카드자산_리볼빙카드자산_대출성리볼빙,214838000000,신용카드사,B,SC107,부문별 자산현황(카드자산)
1594,201606,0010228,삼성카드㈜,A62,카드자산_기타 카드자산_기타,719000000,신용카드사,B,SC107,부문별 자산현황(카드자산)
1595,201609,0010228,삼성카드㈜,A,카드자산,16024646000000,신용카드사,B,SC107,부문별 자산현황(카드자산)
1596,201609,0010228,삼성카드㈜,A1,카드자산_(대손충당금 등),378596000000,신용카드사,B,SC107,부문별 자산현황(카드자산)
1597,201609,0010228,삼성카드㈜,A2,카드자산_일시불 카드대급금,4807227000000,신용카드사,B,SC107,부문별 자산현황(카드자산)
1598,201609,0010228,삼성카드㈜,A3,카드자산_할부 카드대급금,5220356000000,신용카드사,B,SC107,부문별 자산현황(카드자산)
1599,201609,0010228,삼성카드㈜,A4,카드자산_현금서비스,889382000000,신용카드사,B,SC107,부문별 자산현황(카드자산)
1600,201609,0010228,삼성카드㈜,A5,카드자산_카드론,3924542000000,신용카드사,B,SC107,부문별 자산현황(카드자산)
1601,201609,0010228,삼성카드㈜,A6,카드자산_기타 카드자산,1561734000000,신용카드사,B,SC107,부문별 자산현황(카드자산)
1602,201609,0010228,삼성카드㈜,A61,카드자산_기타 카드자산_리볼빙카드자산,1561059000000,신용카드사,B,SC107,부문별 자산현황(카드자산)
1603,201609,0010228,삼성카드㈜,A610,카드자산_기타 카드자산_리볼빙카드자산_결제성리볼빙,1351244000000,신용카드사,B,SC107,부문별 자산현황(카드자산)
1604,201609,0010228,삼성카드㈜,A611,카드자산_기타 카드자산_리볼빙카드자산_대출성리볼빙,209815000000,신용카드사,B,SC107,부문별 자산현황(카드자산)
1605,201609,0010228,삼성카드㈜,A62,카드자산_기타 카드자산_기타,674000000,신용카드사,B,SC107,부문별 자산현황(카드자산)
1606,201612,0010228,삼성카드㈜,A,카드자산,17123201000000,신용카드사,B,SC107,부문별 자산현황(카드자산)
1607,201612,0010228,삼성카드㈜,A1,카드자산_(대손충당금 등),397963000000,신용카드사,B,SC107,부문별 자산현황(카드자산)
1608,201612,0010228,삼성카드㈜,A2,카드자산_일시불 카드대급금,5548795000000,신용카드사,B,SC107,부문별 자산현황(카드자산)
1609,201612,0010228,삼성카드㈜,A3,카드자산_할부 카드대급금,5406170000000,신용카드사,B,SC107,부문별 자산현황(카드자산)
1610,201612,0010228,삼성카드㈜,A4,카드자산_현금서비스,892947000000,신용카드사,B,SC107,부문별 자산현황(카드자산)
1611,201612,0010228,삼성카드㈜,A5,카드자산_카드론,4008158000000,신용카드사,B,SC107,부문별 자산현황(카드자산)
1612,201612,0010228,삼성카드㈜,A6,카드자산_기타 카드자산,1665094000000,신용카드사,B,SC107,부문별 자산현황(카드자산)
1613,201612,0010228,삼성카드㈜,A61,카드자산_기타 카드자산_리볼빙카드자산,1664476000000,신용카드사,B,SC107,부문별 자산현황(카드자산)
1614,201612,0010228,삼성카드㈜,A610,카드자산_기타 카드자산_리볼빙카드자산_결제성리볼빙,1455822000000,신용카드사,B,SC107,부문별 자산현황(카드자산)
1615,201612,0010228,삼성카드㈜,A611,카드자산_기타 카드자산_리볼빙카드자산_대출성리볼빙,208654000000,신용카드사,B,SC107,부문별 자산현황(카드자산)
1616,201612,0010228,삼성카드㈜,A62,카드자산_기타 카드자산_기타,618000000,신용카드사,B,SC107,부문별 자산현황(카드자산)
1617,200803,0010229,신한카드㈜,A,카드자산,9871170000000,신용카드사,B,SC107,부문별 자산현황(카드자산)
1618,200803,0010229,신한카드㈜,A1,(대손충당금 등),830694000000,신용카드사,B,SC107,부문별 자산현황(카드자산)
1619,200803,0010229,신한카드㈜,A2,일시불 카드대급금,2511750000000,신용카드사,B,SC107,부문별 자산현황(카드자산)
1620,200803,0010229,신한카드㈜,A3,할부 카드대급금,2479256000000,신용카드사,B,SC107,부문별 자산현황(카드자산)
1621,200803,0010229,신한카드㈜,A4,현금서비스,1741707000000,신용카드사,B,SC107,부문별 자산현황(카드자산)
1622,200803,0010229,신한카드㈜,A5,카드론,3119034000000,신용카드사,B,SC107,부문별 자산현황(카드자산)
1623,200803,0010229,신한카드㈜,A6,기타 카드자산,850117000000,신용카드사,B,SC107,부문별 자산현황(카드자산)
1624,200803,0010229,신한카드㈜,A61,기타 카드자산_리볼빙카드자산,850117000000,신용카드사,B,SC107,부문별 자산현황(카드자산)
1625,200803,0010229,신한카드㈜,A610,기타 카드자산_리볼빙카드자산_결제성리볼빙,424042000000,신용카드사,B,SC107,부문별 자산현황(카드자산)
1626,200803,0010229,신한카드㈜,A611,기타 카드자산_리볼빙카드자산_대출성리볼빙,426074000000,신용카드사,B,SC107,부문별 자산현황(카드자산)
1627,200803,0010229,신한카드㈜,A62,기타 카드자산_기타,0,신용카드사,B,SC107,부문별 자산현황(카드자산)
1628,200806,0010229,신한카드㈜,A,카드자산,9877870000000,신용카드사,B,SC107,부문별 자산현황(카드자산)
1629,200806,0010229,신한카드㈜,A1,(대손충당금 등),768486000000,신용카드사,B,SC107,부문별 자산현황(카드자산)
1630,200806,0010229,신한카드㈜,A2,일시불 카드대급금,2581047000000,신용카드사,B,SC107,부문별 자산현황(카드자산)
1631,200806,0010229,신한카드㈜,A3,할부 카드대급금,2438886000000,신용카드사,B,SC107,부문별 자산현황(카드자산)
1632,200806,0010229,신한카드㈜,A4,현금서비스,1772887000000,신용카드사,B,SC107,부문별 자산현황(카드자산)
1633,200806,0010229,신한카드㈜,A5,카드론,3040448000000,신용카드사,B,SC107,부문별 자산현황(카드자산)
1634,200806,0010229,신한카드㈜,A6,기타 카드자산,813088000000,신용카드사,B,SC107,부문별 자산현황(카드자산)
1635,200806,0010229,신한카드㈜,A61,기타 카드자산_리볼빙카드자산,813088000000,신용카드사,B,SC107,부문별 자산현황(카드자산)
1636,200806,0010229,신한카드㈜,A610,기타 카드자산_리볼빙카드자산_결제성리볼빙,415692000000,신용카드사,B,SC107,부문별 자산현황(카드자산)
1637,200806,0010229,신한카드㈜,A611,기타 카드자산_리볼빙카드자산_대출성리볼빙,397396000000,신용카드사,B,SC107,부문별 자산현황(카드자산)
1638,200806,0010229,신한카드㈜,A62,기타 카드자산_기타,0,신용카드사,B,SC107,부문별 자산현황(카드자산)
1639,200809,0010229,신한카드㈜,A,카드자산,9406920000000,신용카드사,B,SC107,부문별 자산현황(카드자산)
1640,200809,0010229,신한카드㈜,A1,(대손충당금 등),708213000000,신용카드사,B,SC107,부문별 자산현황(카드자산)
1641,200809,0010229,신한카드㈜,A2,일시불 카드대급금,2392965000000,신용카드사,B,SC107,부문별 자산현황(카드자산)
1642,200809,0010229,신한카드㈜,A3,할부 카드대급금,2353034000000,신용카드사,B,SC107,부문별 자산현황(카드자산)
1643,200809,0010229,신한카드㈜,A4,현금서비스,1672754000000,신용카드사,B,SC107,부문별 자산현황(카드자산)
1644,200809,0010229,신한카드㈜,A5,카드론,2916710000000,신용카드사,B,SC107,부문별 자산현황(카드자산)
1645,200809,0010229,신한카드㈜,A6,기타 카드자산,779670000000,신용카드사,B,SC107,부문별 자산현황(카드자산)
1646,200809,0010229,신한카드㈜,A61,기타 카드자산_리볼빙카드자산,779670000000,신용카드사,B,SC107,부문별 자산현황(카드자산)
1647,200809,0010229,신한카드㈜,A610,기타 카드자산_리볼빙카드자산_결제성리볼빙,385972000000,신용카드사,B,SC107,부문별 자산현황(카드자산)
1648,200809,0010229,신한카드㈜,A611,기타 카드자산_리볼빙카드자산_대출성리볼빙,393698000000,신용카드사,B,SC107,부문별 자산현황(카드자산)
1649,200809,0010229,신한카드㈜,A62,기타 카드자산_기타,0,신용카드사,B,SC107,부문별 자산현황(카드자산)
1650,200812,0010229,신한카드㈜,A,카드자산,8577843000000,신용카드사,B,SC107,부문별 자산현황(카드자산)
1651,200812,0010229,신한카드㈜,A1,(대손충당금 등),626242000000,신용카드사,B,SC107,부문별 자산현황(카드자산)
1652,200812,0010229,신한카드㈜,A2,일시불 카드대급금,2344148000000,신용카드사,B,SC107,부문별 자산현황(카드자산)
1653,200812,0010229,신한카드㈜,A3,할부 카드대급금,2063709000000,신용카드사,B,SC107,부문별 자산현황(카드자산)
1654,200812,0010229,신한카드㈜,A4,현금서비스,1468468000000,신용카드사,B,SC107,부문별 자산현황(카드자산)
1655,200812,0010229,신한카드㈜,A5,카드론,2639172000000,신용카드사,B,SC107,부문별 자산현황(카드자산)
1656,200812,0010229,신한카드㈜,A6,기타 카드자산,688588000000,신용카드사,B,SC107,부문별 자산현황(카드자산)
1657,200812,0010229,신한카드㈜,A61,기타 카드자산_리볼빙카드자산,688588000000,신용카드사,B,SC107,부문별 자산현황(카드자산)
1658,200812,0010229,신한카드㈜,A610,기타 카드자산_리볼빙카드자산_결제성리볼빙,325930000000,신용카드사,B,SC107,부문별 자산현황(카드자산)
1659,200812,0010229,신한카드㈜,A611,기타 카드자산_리볼빙카드자산_대출성리볼빙,362658000000,신용카드사,B,SC107,부문별 자산현황(카드자산)
1660,200812,0010229,신한카드㈜,A62,기타 카드자산_기타,0,신용카드사,B,SC107,부문별 자산현황(카드자산)
1661,200903,0010229,신한카드㈜,A,카드자산,8052667000000,신용카드사,B,SC107,부문별 자산현황(카드자산)
1662,200903,0010229,신한카드㈜,A1,(대손충당금 등),634420000000,신용카드사,B,SC107,부문별 자산현황(카드자산)
1663,200903,0010229,신한카드㈜,A2,일시불 카드대급금,2257098000000,신용카드사,B,SC107,부문별 자산현황(카드자산)
1664,200903,0010229,신한카드㈜,A3,할부 카드대급금,2112882000000,신용카드사,B,SC107,부문별 자산현황(카드자산)
1665,200903,0010229,신한카드㈜,A4,현금서비스,1291890000000,신용카드사,B,SC107,부문별 자산현황(카드자산)
1666,200903,0010229,신한카드㈜,A5,카드론,2393809000000,신용카드사,B,SC107,부문별 자산현황(카드자산)
1667,200903,0010229,신한카드㈜,A6,기타 카드자산,631408000000,신용카드사,B,SC107,부문별 자산현황(카드자산)
1668,200903,0010229,신한카드㈜,A61,기타 카드자산_리볼빙카드자산,631408000000,신용카드사,B,SC107,부문별 자산현황(카드자산)
1669,200903,0010229,신한카드㈜,A610,기타 카드자산_리볼빙카드자산_결제성리볼빙,294910000000,신용카드사,B,SC107,부문별 자산현황(카드자산)
1670,200903,0010229,신한카드㈜,A611,기타 카드자산_리볼빙카드자산_대출성리볼빙,336498000000,신용카드사,B,SC107,부문별 자산현황(카드자산)
1671,200903,0010229,신한카드㈜,A62,기타 카드자산_기타,0,신용카드사,B,SC107,부문별 자산현황(카드자산)
1672,200906,0010229,신한카드㈜,A,카드자산,8342657000000,신용카드사,B,SC107,부문별 자산현황(카드자산)
1673,200906,0010229,신한카드㈜,A1,(대손충당금 등),679589000000,신용카드사,B,SC107,부문별 자산현황(카드자산)
1674,200906,0010229,신한카드㈜,A2,일시불 카드대급금,2394997000000,신용카드사,B,SC107,부문별 자산현황(카드자산)
1675,200906,0010229,신한카드㈜,A3,할부 카드대급금,2226375000000,신용카드사,B,SC107,부문별 자산현황(카드자산)
1676,200906,0010229,신한카드㈜,A4,현금서비스,1373450000000,신용카드사,B,SC107,부문별 자산현황(카드자산)
1677,200906,0010229,신한카드㈜,A5,카드론,2334666000000,신용카드사,B,SC107,부문별 자산현황(카드자산)
1678,200906,0010229,신한카드㈜,A6,기타 카드자산,692758000000,신용카드사,B,SC107,부문별 자산현황(카드자산)
1679,200906,0010229,신한카드㈜,A61,기타 카드자산_리볼빙카드자산,692758000000,신용카드사,B,SC107,부문별 자산현황(카드자산)
1680,200906,0010229,신한카드㈜,A610,기타 카드자산_리볼빙카드자산_결제성리볼빙,333380000000,신용카드사,B,SC107,부문별 자산현황(카드자산)
1681,200906,0010229,신한카드㈜,A611,기타 카드자산_리볼빙카드자산_대출성리볼빙,359378000000,신용카드사,B,SC107,부문별 자산현황(카드자산)
1682,200906,0010229,신한카드㈜,A62,기타 카드자산_기타,0,신용카드사,B,SC107,부문별 자산현황(카드자산)
1683,200909,0010229,신한카드㈜,A,카드자산,9023562000000,신용카드사,B,SC107,부문별 자산현황(카드자산)
1684,200909,0010229,신한카드㈜,A1,(대손충당금 등),640032000000,신용카드사,B,SC107,부문별 자산현황(카드자산)
1685,200909,0010229,신한카드㈜,A2,일시불 카드대급금,2581607000000,신용카드사,B,SC107,부문별 자산현황(카드자산)
1686,200909,0010229,신한카드㈜,A3,할부 카드대급금,2391693000000,신용카드사,B,SC107,부문별 자산현황(카드자산)
1687,200909,0010229,신한카드㈜,A4,현금서비스,1447835000000,신용카드사,B,SC107,부문별 자산현황(카드자산)
1688,200909,0010229,신한카드㈜,A5,카드론,2510852000000,신용카드사,B,SC107,부문별 자산현황(카드자산)
1689,200909,0010229,신한카드㈜,A6,기타 카드자산,731607000000,신용카드사,B,SC107,부문별 자산현황(카드자산)
1690,200909,0010229,신한카드㈜,A61,기타 카드자산_리볼빙카드자산,731607000000,신용카드사,B,SC107,부문별 자산현황(카드자산)
1691,200909,0010229,신한카드㈜,A610,기타 카드자산_리볼빙카드자산_결제성리볼빙,375639000000,신용카드사,B,SC107,부문별 자산현황(카드자산)
1692,200909,0010229,신한카드㈜,A611,기타 카드자산_리볼빙카드자산_대출성리볼빙,355968000000,신용카드사,B,SC107,부문별 자산현황(카드자산)
1693,200909,0010229,신한카드㈜,A62,기타 카드자산_기타,0,신용카드사,B,SC107,부문별 자산현황(카드자산)
1694,200912,0010229,신한카드㈜,A,카드자산,10940546000000,신용카드사,B,SC107,부문별 자산현황(카드자산)
1695,200912,0010229,신한카드㈜,A1,(대손충당금 등),720661000000,신용카드사,B,SC107,부문별 자산현황(카드자산)
1696,200912,0010229,신한카드㈜,A2,일시불 카드대급금,3152335000000,신용카드사,B,SC107,부문별 자산현황(카드자산)
1697,200912,0010229,신한카드㈜,A3,할부 카드대급금,3058251000000,신용카드사,B,SC107,부문별 자산현황(카드자산)
1698,200912,0010229,신한카드㈜,A4,현금서비스,1811071000000,신용카드사,B,SC107,부문별 자산현황(카드자산)
1699,200912,0010229,신한카드㈜,A5,카드론,2769928000000,신용카드사,B,SC107,부문별 자산현황(카드자산)
1700,200912,0010229,신한카드㈜,A6,기타 카드자산,869622000000,신용카드사,B,SC107,부문별 자산현황(카드자산)
1701,200912,0010229,신한카드㈜,A61,기타 카드자산_리볼빙카드자산,869622000000,신용카드사,B,SC107,부문별 자산현황(카드자산)
1702,200912,0010229,신한카드㈜,A610,기타 카드자산_리볼빙카드자산_결제성리볼빙,466923000000,신용카드사,B,SC107,부문별 자산현황(카드자산)
1703,200912,0010229,신한카드㈜,A611,기타 카드자산_리볼빙카드자산_대출성리볼빙,402699000000,신용카드사,B,SC107,부문별 자산현황(카드자산)
1704,200912,0010229,신한카드㈜,A62,기타 카드자산_기타,0,신용카드사,B,SC107,부문별 자산현황(카드자산)
1705,201003,0010229,신한카드㈜,A,카드자산,11301788000000,신용카드사,B,SC107,부문별 자산현황(카드자산)
1706,201003,0010229,신한카드㈜,A1,(대손충당금 등),634803000000,신용카드사,B,SC107,부문별 자산현황(카드자산)
1707,201003,0010229,신한카드㈜,A2,일시불 카드대급금,3080883000000,신용카드사,B,SC107,부문별 자산현황(카드자산)
1708,201003,0010229,신한카드㈜,A3,할부 카드대급금,3209623000000,신용카드사,B,SC107,부문별 자산현황(카드자산)
1709,201003,0010229,신한카드㈜,A4,현금서비스,1844414000000,신용카드사,B,SC107,부문별 자산현황(카드자산)
1710,201003,0010229,신한카드㈜,A5,카드론,2946237000000,신용카드사,B,SC107,부문별 자산현황(카드자산)
1711,201003,0010229,신한카드㈜,A6,기타 카드자산,855434000000,신용카드사,B,SC107,부문별 자산현황(카드자산)
1712,201003,0010229,신한카드㈜,A61,기타 카드자산_리볼빙카드자산,855434000000,신용카드사,B,SC107,부문별 자산현황(카드자산)
1713,201003,0010229,신한카드㈜,A610,기타 카드자산_리볼빙카드자산_결제성리볼빙,474674000000,신용카드사,B,SC107,부문별 자산현황(카드자산)
1714,201003,0010229,신한카드㈜,A611,기타 카드자산_리볼빙카드자산_대출성리볼빙,380760000000,신용카드사,B,SC107,부문별 자산현황(카드자산)
1715,201003,0010229,신한카드㈜,A62,기타 카드자산_기타,0,신용카드사,B,SC107,부문별 자산현황(카드자산)
1716,201006,0010229,신한카드㈜,A,카드자산,11833370000000,신용카드사,B,SC107,부문별 자산현황(카드자산)
1717,201006,0010229,신한카드㈜,A1,(대손충당금 등),515514000000,신용카드사,B,SC107,부문별 자산현황(카드자산)
1718,201006,0010229,신한카드㈜,A2,일시불 카드대급금,3161261000000,신용카드사,B,SC107,부문별 자산현황(카드자산)
1719,201006,0010229,신한카드㈜,A3,할부 카드대급금,3308661000000,신용카드사,B,SC107,부문별 자산현황(카드자산)
1720,201006,0010229,신한카드㈜,A4,현금서비스,1859734000000,신용카드사,B,SC107,부문별 자산현황(카드자산)
1721,201006,0010229,신한카드㈜,A5,카드론,3138866000000,신용카드사,B,SC107,부문별 자산현황(카드자산)
1722,201006,0010229,신한카드㈜,A6,기타 카드자산,880362000000,신용카드사,B,SC107,부문별 자산현황(카드자산)
1723,201006,0010229,신한카드㈜,A61,기타 카드자산_리볼빙카드자산,880362000000,신용카드사,B,SC107,부문별 자산현황(카드자산)
1724,201006,0010229,신한카드㈜,A610,기타 카드자산_리볼빙카드자산_결제성리볼빙,513503000000,신용카드사,B,SC107,부문별 자산현황(카드자산)
1725,201006,0010229,신한카드㈜,A611,기타 카드자산_리볼빙카드자산_대출성리볼빙,366859000000,신용카드사,B,SC107,부문별 자산현황(카드자산)
1726,201006,0010229,신한카드㈜,A62,기타 카드자산_기타,0,신용카드사,B,SC107,부문별 자산현황(카드자산)
1727,201009,0010229,신한카드㈜,A,카드자산,13032656000000,신용카드사,B,SC107,부문별 자산현황(카드자산)
1728,201009,0010229,신한카드㈜,A1,(대손충당금 등),529133000000,신용카드사,B,SC107,부문별 자산현황(카드자산)
1729,201009,0010229,신한카드㈜,A2,일시불 카드대급금,3543977000000,신용카드사,B,SC107,부문별 자산현황(카드자산)
1730,201009,0010229,신한카드㈜,A3,할부 카드대급금,3670414000000,신용카드사,B,SC107,부문별 자산현황(카드자산)
1731,201009,0010229,신한카드㈜,A4,현금서비스,1991778000000,신용카드사,B,SC107,부문별 자산현황(카드자산)
1732,201009,0010229,신한카드㈜,A5,카드론,3328435000000,신용카드사,B,SC107,부문별 자산현황(카드자산)
1733,201009,0010229,신한카드㈜,A6,기타 카드자산,1027185000000,신용카드사,B,SC107,부문별 자산현황(카드자산)
1734,201009,0010229,신한카드㈜,A61,기타 카드자산_리볼빙카드자산,1027185000000,신용카드사,B,SC107,부문별 자산현황(카드자산)
1735,201009,0010229,신한카드㈜,A610,기타 카드자산_리볼빙카드자산_결제성리볼빙,639007000000,신용카드사,B,SC107,부문별 자산현황(카드자산)
1736,201009,0010229,신한카드㈜,A611,기타 카드자산_리볼빙카드자산_대출성리볼빙,388178000000,신용카드사,B,SC107,부문별 자산현황(카드자산)
1737,201009,0010229,신한카드㈜,A62,기타 카드자산_기타,0,신용카드사,B,SC107,부문별 자산현황(카드자산)
1738,201012,0010229,신한카드㈜,A,카드자산,13362980000000,신용카드사,B,SC107,부문별 자산현황(카드자산)
1739,201012,0010229,신한카드㈜,A1,(대손충당금 등),537694000000,신용카드사,B,SC107,부문별 자산현황(카드자산)
1740,201012,0010229,신한카드㈜,A2,일시불 카드대급금,3686491000000,신용카드사,B,SC107,부문별 자산현황(카드자산)
1741,201012,0010229,신한카드㈜,A3,할부 카드대급금,3832767000000,신용카드사,B,SC107,부문별 자산현황(카드자산)
1742,201012,0010229,신한카드㈜,A4,현금서비스,1900672000000,신용카드사,B,SC107,부문별 자산현황(카드자산)
1743,201012,0010229,신한카드㈜,A5,카드론,3451238000000,신용카드사,B,SC107,부문별 자산현황(카드자산)
1744,201012,0010229,신한카드㈜,A6,기타 카드자산,1029506000000,신용카드사,B,SC107,부문별 자산현황(카드자산)
1745,201012,0010229,신한카드㈜,A61,기타 카드자산_리볼빙카드자산,1029506000000,신용카드사,B,SC107,부문별 자산현황(카드자산)
1746,201012,0010229,신한카드㈜,A610,기타 카드자산_리볼빙카드자산_결제성리볼빙,670584000000,신용카드사,B,SC107,부문별 자산현황(카드자산)
1747,201012,0010229,신한카드㈜,A611,기타 카드자산_리볼빙카드자산_대출성리볼빙,358922000000,신용카드사,B,SC107,부문별 자산현황(카드자산)
1748,201012,0010229,신한카드㈜,A62,기타 카드자산_기타,0,신용카드사,B,SC107,부문별 자산현황(카드자산)
1749,201103,0010229,신한카드㈜,A,카드자산,16561715000000,신용카드사,B,SC107,부문별 자산현황(카드자산)
1750,201103,0010229,신한카드㈜,A1,카드자산_(대손충당금 등),693898000000,신용카드사,B,SC107,부문별 자산현황(카드자산)
1751,201103,0010229,신한카드㈜,A2,카드자산_일시불 카드대급금,4397287000000,신용카드사,B,SC107,부문별 자산현황(카드자산)
1752,201103,0010229,신한카드㈜,A3,카드자산_할부 카드대급금,5126438000000,신용카드사,B,SC107,부문별 자산현황(카드자산)
1753,201103,0010229,신한카드㈜,A4,카드자산_현금서비스,2687844000000,신용카드사,B,SC107,부문별 자산현황(카드자산)
1754,201103,0010229,신한카드㈜,A5,카드자산_카드론,3451360000000,신용카드사,B,SC107,부문별 자산현황(카드자산)
1755,201103,0010229,신한카드㈜,A6,카드자산_기타 카드자산,1592684000000,신용카드사,B,SC107,부문별 자산현황(카드자산)
1756,201103,0010229,신한카드㈜,A61,카드자산_기타 카드자산_리볼빙카드자산,1592684000000,신용카드사,B,SC107,부문별 자산현황(카드자산)
1757,201103,0010229,신한카드㈜,A610,카드자산_기타 카드자산_리볼빙카드자산_결제성리볼빙,1052113000000,신용카드사,B,SC107,부문별 자산현황(카드자산)
1758,201103,0010229,신한카드㈜,A611,카드자산_기타 카드자산_리볼빙카드자산_대출성리볼빙,540571000000,신용카드사,B,SC107,부문별 자산현황(카드자산)
1759,201103,0010229,신한카드㈜,A62,카드자산_기타 카드자산_기타, ,신용카드사,B,SC107,부문별 자산현황(카드자산)
1760,201106,0010229,신한카드㈜,A,카드자산,16988565000000,신용카드사,B,SC107,부문별 자산현황(카드자산)
1761,201106,0010229,신한카드㈜,A1,카드자산_(대손충당금 등),714483000000,신용카드사,B,SC107,부문별 자산현황(카드자산)
1762,201106,0010229,신한카드㈜,A2,카드자산_일시불 카드대급금,4453146000000,신용카드사,B,SC107,부문별 자산현황(카드자산)
1763,201106,0010229,신한카드㈜,A3,카드자산_할부 카드대급금,5346598000000,신용카드사,B,SC107,부문별 자산현황(카드자산)
1764,201106,0010229,신한카드㈜,A4,카드자산_현금서비스,2741444000000,신용카드사,B,SC107,부문별 자산현황(카드자산)
1765,201106,0010229,신한카드㈜,A5,카드자산_카드론,3516471000000,신용카드사,B,SC107,부문별 자산현황(카드자산)
1766,201106,0010229,신한카드㈜,A6,카드자산_기타 카드자산,1645391000000,신용카드사,B,SC107,부문별 자산현황(카드자산)
1767,201106,0010229,신한카드㈜,A61,카드자산_기타 카드자산_리볼빙카드자산,1645391000000,신용카드사,B,SC107,부문별 자산현황(카드자산)
1768,201106,0010229,신한카드㈜,A610,카드자산_기타 카드자산_리볼빙카드자산_결제성리볼빙,1105954000000,신용카드사,B,SC107,부문별 자산현황(카드자산)
1769,201106,0010229,신한카드㈜,A611,카드자산_기타 카드자산_리볼빙카드자산_대출성리볼빙,539437000000,신용카드사,B,SC107,부문별 자산현황(카드자산)
1770,201106,0010229,신한카드㈜,A62,카드자산_기타 카드자산_기타, ,신용카드사,B,SC107,부문별 자산현황(카드자산)
1771,201109,0010229,신한카드㈜,A,카드자산,17392043000000,신용카드사,B,SC107,부문별 자산현황(카드자산)
1772,201109,0010229,신한카드㈜,A1,카드자산_(대손충당금 등),721357000000,신용카드사,B,SC107,부문별 자산현황(카드자산)
1773,201109,0010229,신한카드㈜,A2,카드자산_일시불 카드대급금,4812311000000,신용카드사,B,SC107,부문별 자산현황(카드자산)
1774,201109,0010229,신한카드㈜,A3,카드자산_할부 카드대급금,5357528000000,신용카드사,B,SC107,부문별 자산현황(카드자산)
1775,201109,0010229,신한카드㈜,A4,카드자산_현금서비스,2725188000000,신용카드사,B,SC107,부문별 자산현황(카드자산)
1776,201109,0010229,신한카드㈜,A5,카드자산_카드론,3531596000000,신용카드사,B,SC107,부문별 자산현황(카드자산)
1777,201109,0010229,신한카드㈜,A6,카드자산_기타 카드자산,1686778000000,신용카드사,B,SC107,부문별 자산현황(카드자산)
1778,201109,0010229,신한카드㈜,A61,카드자산_기타 카드자산_리볼빙카드자산,1686778000000,신용카드사,B,SC107,부문별 자산현황(카드자산)
1779,201109,0010229,신한카드㈜,A610,카드자산_기타 카드자산_리볼빙카드자산_결제성리볼빙,1152928000000,신용카드사,B,SC107,부문별 자산현황(카드자산)
1780,201109,0010229,신한카드㈜,A611,카드자산_기타 카드자산_리볼빙카드자산_대출성리볼빙,533850000000,신용카드사,B,SC107,부문별 자산현황(카드자산)
1781,201109,0010229,신한카드㈜,A62,카드자산_기타 카드자산_기타, ,신용카드사,B,SC107,부문별 자산현황(카드자산)
1782,201112,0010229,신한카드㈜,A,카드자산,17125580000000,신용카드사,B,SC107,부문별 자산현황(카드자산)
1783,201112,0010229,신한카드㈜,A1,카드자산_(대손충당금 등),717138000000,신용카드사,B,SC107,부문별 자산현황(카드자산)
1784,201112,0010229,신한카드㈜,A2,카드자산_일시불 카드대급금,4632228000000,신용카드사,B,SC107,부문별 자산현황(카드자산)
1785,201112,0010229,신한카드㈜,A3,카드자산_할부 카드대급금,5327052000000,신용카드사,B,SC107,부문별 자산현황(카드자산)
1786,201112,0010229,신한카드㈜,A4,카드자산_현금서비스,2672512000000,신용카드사,B,SC107,부문별 자산현황(카드자산)
1787,201112,0010229,신한카드㈜,A5,카드자산_카드론,3548544000000,신용카드사,B,SC107,부문별 자산현황(카드자산)
1788,201112,0010229,신한카드㈜,A6,카드자산_기타 카드자산,1662383000000,신용카드사,B,SC107,부문별 자산현황(카드자산)
1789,201112,0010229,신한카드㈜,A61,카드자산_기타 카드자산_리볼빙카드자산,1662383000000,신용카드사,B,SC107,부문별 자산현황(카드자산)
1790,201112,0010229,신한카드㈜,A610,카드자산_기타 카드자산_리볼빙카드자산_결제성리볼빙,1133209000000,신용카드사,B,SC107,부문별 자산현황(카드자산)
1791,201112,0010229,신한카드㈜,A611,카드자산_기타 카드자산_리볼빙카드자산_대출성리볼빙,529174000000,신용카드사,B,SC107,부문별 자산현황(카드자산)
1792,201112,0010229,신한카드㈜,A62,카드자산_기타 카드자산_기타, ,신용카드사,B,SC107,부문별 자산현황(카드자산)
1793,201203,0010229,신한카드㈜,A,카드자산,16288825000000,신용카드사,B,SC107,부문별 자산현황(카드자산)
1794,201203,0010229,신한카드㈜,A1,카드자산_(대손충당금 등),740705000000,신용카드사,B,SC107,부문별 자산현황(카드자산)
1795,201203,0010229,신한카드㈜,A2,카드자산_일시불 카드대급금,4393936000000,신용카드사,B,SC107,부문별 자산현황(카드자산)
1796,201203,0010229,신한카드㈜,A3,카드자산_할부 카드대급금,5058928000000,신용카드사,B,SC107,부문별 자산현황(카드자산)
1797,201203,0010229,신한카드㈜,A4,카드자산_현금서비스,2573561000000,신용카드사,B,SC107,부문별 자산현황(카드자산)
1798,201203,0010229,신한카드㈜,A5,카드자산_카드론,3379222000000,신용카드사,B,SC107,부문별 자산현황(카드자산)
1799,201203,0010229,신한카드㈜,A6,카드자산_기타 카드자산,1623883000000,신용카드사,B,SC107,부문별 자산현황(카드자산)
1800,201203,0010229,신한카드㈜,A61,카드자산_기타 카드자산_리볼빙카드자산,1623883000000,신용카드사,B,SC107,부문별 자산현황(카드자산)
1801,201203,0010229,신한카드㈜,A610,카드자산_기타 카드자산_리볼빙카드자산_결제성리볼빙,1113837000000,신용카드사,B,SC107,부문별 자산현황(카드자산)
1802,201203,0010229,신한카드㈜,A611,카드자산_기타 카드자산_리볼빙카드자산_대출성리볼빙,510046000000,신용카드사,B,SC107,부문별 자산현황(카드자산)
1803,201203,0010229,신한카드㈜,A62,카드자산_기타 카드자산_기타, ,신용카드사,B,SC107,부문별 자산현황(카드자산)
1804,201206,0010229,신한카드㈜,A,카드자산,16286947000000,신용카드사,B,SC107,부문별 자산현황(카드자산)
1805,201206,0010229,신한카드㈜,A1,카드자산_(대손충당금 등),763596000000,신용카드사,B,SC107,부문별 자산현황(카드자산)
1806,201206,0010229,신한카드㈜,A2,카드자산_일시불 카드대급금,4369670000000,신용카드사,B,SC107,부문별 자산현황(카드자산)
1807,201206,0010229,신한카드㈜,A3,카드자산_할부 카드대급금,5093956000000,신용카드사,B,SC107,부문별 자산현황(카드자산)
1808,201206,0010229,신한카드㈜,A4,카드자산_현금서비스,2512447000000,신용카드사,B,SC107,부문별 자산현황(카드자산)
1809,201206,0010229,신한카드㈜,A5,카드자산_카드론,3456584000000,신용카드사,B,SC107,부문별 자산현황(카드자산)
1810,201206,0010229,신한카드㈜,A6,카드자산_기타 카드자산,1617886000000,신용카드사,B,SC107,부문별 자산현황(카드자산)
1811,201206,0010229,신한카드㈜,A61,카드자산_기타 카드자산_리볼빙카드자산,1617886000000,신용카드사,B,SC107,부문별 자산현황(카드자산)
1812,201206,0010229,신한카드㈜,A610,카드자산_기타 카드자산_리볼빙카드자산_결제성리볼빙,1154167000000,신용카드사,B,SC107,부문별 자산현황(카드자산)
1813,201206,0010229,신한카드㈜,A611,카드자산_기타 카드자산_리볼빙카드자산_대출성리볼빙,463719000000,신용카드사,B,SC107,부문별 자산현황(카드자산)
1814,201206,0010229,신한카드㈜,A62,카드자산_기타 카드자산_기타, ,신용카드사,B,SC107,부문별 자산현황(카드자산)
1815,201209,0010229,신한카드㈜,A,카드자산,16821058000000,신용카드사,B,SC107,부문별 자산현황(카드자산)
1816,201209,0010229,신한카드㈜,A1,카드자산_(대손충당금 등),787630000000,신용카드사,B,SC107,부문별 자산현황(카드자산)
1817,201209,0010229,신한카드㈜,A2,카드자산_일시불 카드대급금,4763979000000,신용카드사,B,SC107,부문별 자산현황(카드자산)
1818,201209,0010229,신한카드㈜,A3,카드자산_할부 카드대급금,5323266000000,신용카드사,B,SC107,부문별 자산현황(카드자산)
1819,201209,0010229,신한카드㈜,A4,카드자산_현금서비스,2432776000000,신용카드사,B,SC107,부문별 자산현황(카드자산)
1820,201209,0010229,신한카드㈜,A5,카드자산_카드론,3469727000000,신용카드사,B,SC107,부문별 자산현황(카드자산)
1821,201209,0010229,신한카드㈜,A6,카드자산_기타 카드자산,1618941000000,신용카드사,B,SC107,부문별 자산현황(카드자산)
1822,201209,0010229,신한카드㈜,A61,카드자산_기타 카드자산_리볼빙카드자산,1618941000000,신용카드사,B,SC107,부문별 자산현황(카드자산)
1823,201209,0010229,신한카드㈜,A610,카드자산_기타 카드자산_리볼빙카드자산_결제성리볼빙,1205546000000,신용카드사,B,SC107,부문별 자산현황(카드자산)
1824,201209,0010229,신한카드㈜,A611,카드자산_기타 카드자산_리볼빙카드자산_대출성리볼빙,413395000000,신용카드사,B,SC107,부문별 자산현황(카드자산)
1825,201209,0010229,신한카드㈜,A62,카드자산_기타 카드자산_기타, ,신용카드사,B,SC107,부문별 자산현황(카드자산)
1826,201212,0010229,신한카드㈜,A,카드자산,17030632000000,신용카드사,B,SC107,부문별 자산현황(카드자산)
1827,201212,0010229,신한카드㈜,A1,카드자산_(대손충당금 등),783696000000,신용카드사,B,SC107,부문별 자산현황(카드자산)
1828,201212,0010229,신한카드㈜,A2,카드자산_일시불 카드대급금,4721111000000,신용카드사,B,SC107,부문별 자산현황(카드자산)
1829,201212,0010229,신한카드㈜,A3,카드자산_할부 카드대급금,5608052000000,신용카드사,B,SC107,부문별 자산현황(카드자산)
1830,201212,0010229,신한카드㈜,A4,카드자산_현금서비스,2394250000000,신용카드사,B,SC107,부문별 자산현황(카드자산)
1831,201212,0010229,신한카드㈜,A5,카드자산_카드론,3486214000000,신용카드사,B,SC107,부문별 자산현황(카드자산)
1832,201212,0010229,신한카드㈜,A6,카드자산_기타 카드자산,1604700000000,신용카드사,B,SC107,부문별 자산현황(카드자산)
1833,201212,0010229,신한카드㈜,A61,카드자산_기타 카드자산_리볼빙카드자산,1604700000000,신용카드사,B,SC107,부문별 자산현황(카드자산)
1834,201212,0010229,신한카드㈜,A610,카드자산_기타 카드자산_리볼빙카드자산_결제성리볼빙,1224047000000,신용카드사,B,SC107,부문별 자산현황(카드자산)
1835,201212,0010229,신한카드㈜,A611,카드자산_기타 카드자산_리볼빙카드자산_대출성리볼빙,380652000000,신용카드사,B,SC107,부문별 자산현황(카드자산)
1836,201212,0010229,신한카드㈜,A62,카드자산_기타 카드자산_기타, ,신용카드사,B,SC107,부문별 자산현황(카드자산)
1837,201303,0010229,신한카드㈜,A,카드자산,16389524000000,신용카드사,B,SC107,부문별 자산현황(카드자산)
1838,201303,0010229,신한카드㈜,A1,카드자산_(대손충당금 등),774896000000,신용카드사,B,SC107,부문별 자산현황(카드자산)
1839,201303,0010229,신한카드㈜,A2,카드자산_일시불 카드대급금,4761861000000,신용카드사,B,SC107,부문별 자산현황(카드자산)
1840,201303,0010229,신한카드㈜,A3,카드자산_할부 카드대급금,4916278000000,신용카드사,B,SC107,부문별 자산현황(카드자산)
1841,201303,0010229,신한카드㈜,A4,카드자산_현금서비스,2230684000000,신용카드사,B,SC107,부문별 자산현황(카드자산)
1842,201303,0010229,신한카드㈜,A5,카드자산_카드론,3695395000000,신용카드사,B,SC107,부문별 자산현황(카드자산)
1843,201303,0010229,신한카드㈜,A6,카드자산_기타 카드자산,1560201000000,신용카드사,B,SC107,부문별 자산현황(카드자산)
1844,201303,0010229,신한카드㈜,A61,카드자산_기타 카드자산_리볼빙카드자산,1560201000000,신용카드사,B,SC107,부문별 자산현황(카드자산)
1845,201303,0010229,신한카드㈜,A610,카드자산_기타 카드자산_리볼빙카드자산_결제성리볼빙,1216629000000,신용카드사,B,SC107,부문별 자산현황(카드자산)
1846,201303,0010229,신한카드㈜,A611,카드자산_기타 카드자산_리볼빙카드자산_대출성리볼빙,343572000000,신용카드사,B,SC107,부문별 자산현황(카드자산)
1847,201303,0010229,신한카드㈜,A62,카드자산_기타 카드자산_기타, ,신용카드사,B,SC107,부문별 자산현황(카드자산)
1848,201306,0010229,신한카드㈜,A,카드자산,16533841000000,신용카드사,B,SC107,부문별 자산현황(카드자산)
1849,201306,0010229,신한카드㈜,A1,카드자산_(대손충당금 등),739298000000,신용카드사,B,SC107,부문별 자산현황(카드자산)
1850,201306,0010229,신한카드㈜,A2,카드자산_일시불 카드대급금,4879328000000,신용카드사,B,SC107,부문별 자산현황(카드자산)
1851,201306,0010229,신한카드㈜,A3,카드자산_할부 카드대급금,4740784000000,신용카드사,B,SC107,부문별 자산현황(카드자산)
1852,201306,0010229,신한카드㈜,A4,카드자산_현금서비스,2148669000000,신용카드사,B,SC107,부문별 자산현황(카드자산)
1853,201306,0010229,신한카드㈜,A5,카드자산_카드론,3974903000000,신용카드사,B,SC107,부문별 자산현황(카드자산)
1854,201306,0010229,신한카드㈜,A6,카드자산_기타 카드자산,1529454000000,신용카드사,B,SC107,부문별 자산현황(카드자산)
1855,201306,0010229,신한카드㈜,A61,카드자산_기타 카드자산_리볼빙카드자산,1529454000000,신용카드사,B,SC107,부문별 자산현황(카드자산)
1856,201306,0010229,신한카드㈜,A610,카드자산_기타 카드자산_리볼빙카드자산_결제성리볼빙,1212414000000,신용카드사,B,SC107,부문별 자산현황(카드자산)
1857,201306,0010229,신한카드㈜,A611,카드자산_기타 카드자산_리볼빙카드자산_대출성리볼빙,317040000000,신용카드사,B,SC107,부문별 자산현황(카드자산)
1858,201306,0010229,신한카드㈜,A62,카드자산_기타 카드자산_기타, ,신용카드사,B,SC107,부문별 자산현황(카드자산)
1859,201309,0010229,신한카드㈜,A,카드자산,16393327000000,신용카드사,B,SC107,부문별 자산현황(카드자산)
1860,201309,0010229,신한카드㈜,A1,카드자산_(대손충당금 등),720855000000,신용카드사,B,SC107,부문별 자산현황(카드자산)
1861,201309,0010229,신한카드㈜,A2,카드자산_일시불 카드대급금,4677373000000,신용카드사,B,SC107,부문별 자산현황(카드자산)
1862,201309,0010229,신한카드㈜,A3,카드자산_할부 카드대급금,4663545000000,신용카드사,B,SC107,부문별 자산현황(카드자산)
1863,201309,0010229,신한카드㈜,A4,카드자산_현금서비스,2094842000000,신용카드사,B,SC107,부문별 자산현황(카드자산)
1864,201309,0010229,신한카드㈜,A5,카드자산_카드론,4179177000000,신용카드사,B,SC107,부문별 자산현황(카드자산)
1865,201309,0010229,신한카드㈜,A6,카드자산_기타 카드자산,1499245000000,신용카드사,B,SC107,부문별 자산현황(카드자산)
1866,201309,0010229,신한카드㈜,A61,카드자산_기타 카드자산_리볼빙카드자산,1499245000000,신용카드사,B,SC107,부문별 자산현황(카드자산)
1867,201309,0010229,신한카드㈜,A610,카드자산_기타 카드자산_리볼빙카드자산_결제성리볼빙,1202024000000,신용카드사,B,SC107,부문별 자산현황(카드자산)
1868,201309,0010229,신한카드㈜,A611,카드자산_기타 카드자산_리볼빙카드자산_대출성리볼빙,297221000000,신용카드사,B,SC107,부문별 자산현황(카드자산)
1869,201309,0010229,신한카드㈜,A62,카드자산_기타 카드자산_기타, ,신용카드사,B,SC107,부문별 자산현황(카드자산)
1870,201312,0010229,신한카드㈜,A,카드자산,16902943000000,신용카드사,B,SC107,부문별 자산현황(카드자산)
1871,201312,0010229,신한카드㈜,A1,카드자산_(대손충당금 등),679810000000,신용카드사,B,SC107,부문별 자산현황(카드자산)
1872,201312,0010229,신한카드㈜,A2,카드자산_일시불 카드대급금,4853068000000,신용카드사,B,SC107,부문별 자산현황(카드자산)
1873,201312,0010229,신한카드㈜,A3,카드자산_할부 카드대급금,4896377000000,신용카드사,B,SC107,부문별 자산현황(카드자산)
1874,201312,0010229,신한카드㈜,A4,카드자산_현금서비스,2088576000000,신용카드사,B,SC107,부문별 자산현황(카드자산)
1875,201312,0010229,신한카드㈜,A5,카드자산_카드론,4256126000000,신용카드사,B,SC107,부문별 자산현황(카드자산)
1876,201312,0010229,신한카드㈜,A6,카드자산_기타 카드자산,1488606000000,신용카드사,B,SC107,부문별 자산현황(카드자산)
1877,201312,0010229,신한카드㈜,A61,카드자산_기타 카드자산_리볼빙카드자산,1488606000000,신용카드사,B,SC107,부문별 자산현황(카드자산)
1878,201312,0010229,신한카드㈜,A610,카드자산_기타 카드자산_리볼빙카드자산_결제성리볼빙,1205838000000,신용카드사,B,SC107,부문별 자산현황(카드자산)
1879,201312,0010229,신한카드㈜,A611,카드자산_기타 카드자산_리볼빙카드자산_대출성리볼빙,282768000000,신용카드사,B,SC107,부문별 자산현황(카드자산)
1880,201312,0010229,신한카드㈜,A62,카드자산_기타 카드자산_기타, ,신용카드사,B,SC107,부문별 자산현황(카드자산)
1881,201403,0010229,신한카드㈜,A,카드자산,16546480000000,신용카드사,B,SC107,부문별 자산현황(카드자산)
1882,201403,0010229,신한카드㈜,A1,카드자산_(대손충당금 등),712725000000,신용카드사,B,SC107,부문별 자산현황(카드자산)
1883,201403,0010229,신한카드㈜,A2,카드자산_일시불 카드대급금,4772190000000,신용카드사,B,SC107,부문별 자산현황(카드자산)
1884,201403,0010229,신한카드㈜,A3,카드자산_할부 카드대급금,4626355000000,신용카드사,B,SC107,부문별 자산현황(카드자산)
1885,201403,0010229,신한카드㈜,A4,카드자산_현금서비스,2061760000000,신용카드사,B,SC107,부문별 자산현황(카드자산)
1886,201403,0010229,신한카드㈜,A5,카드자산_카드론,4341753000000,신용카드사,B,SC107,부문별 자산현황(카드자산)
1887,201403,0010229,신한카드㈜,A6,카드자산_기타 카드자산,1457146000000,신용카드사,B,SC107,부문별 자산현황(카드자산)
1888,201403,0010229,신한카드㈜,A61,카드자산_기타 카드자산_리볼빙카드자산,1457146000000,신용카드사,B,SC107,부문별 자산현황(카드자산)
1889,201403,0010229,신한카드㈜,A610,카드자산_기타 카드자산_리볼빙카드자산_결제성리볼빙,1185850000000,신용카드사,B,SC107,부문별 자산현황(카드자산)
1890,201403,0010229,신한카드㈜,A611,카드자산_기타 카드자산_리볼빙카드자산_대출성리볼빙,271296000000,신용카드사,B,SC107,부문별 자산현황(카드자산)
1891,201403,0010229,신한카드㈜,A62,카드자산_기타 카드자산_기타, ,신용카드사,B,SC107,부문별 자산현황(카드자산)
1892,201406,0010229,신한카드㈜,A,카드자산,16461628000000,신용카드사,B,SC107,부문별 자산현황(카드자산)
1893,201406,0010229,신한카드㈜,A1,카드자산_(대손충당금 등),723290000000,신용카드사,B,SC107,부문별 자산현황(카드자산)
1894,201406,0010229,신한카드㈜,A2,카드자산_일시불 카드대급금,4797442000000,신용카드사,B,SC107,부문별 자산현황(카드자산)
1895,201406,0010229,신한카드㈜,A3,카드자산_할부 카드대급금,4503838000000,신용카드사,B,SC107,부문별 자산현황(카드자산)
1896,201406,0010229,신한카드㈜,A4,카드자산_현금서비스,2025756000000,신용카드사,B,SC107,부문별 자산현황(카드자산)
1897,201406,0010229,신한카드㈜,A5,카드자산_카드론,4410059000000,신용카드사,B,SC107,부문별 자산현황(카드자산)
1898,201406,0010229,신한카드㈜,A6,카드자산_기타 카드자산,1447823000000,신용카드사,B,SC107,부문별 자산현황(카드자산)
1899,201406,0010229,신한카드㈜,A61,카드자산_기타 카드자산_리볼빙카드자산,1447823000000,신용카드사,B,SC107,부문별 자산현황(카드자산)
1900,201406,0010229,신한카드㈜,A610,카드자산_기타 카드자산_리볼빙카드자산_결제성리볼빙,1186380000000,신용카드사,B,SC107,부문별 자산현황(카드자산)
1901,201406,0010229,신한카드㈜,A611,카드자산_기타 카드자산_리볼빙카드자산_대출성리볼빙,261443000000,신용카드사,B,SC107,부문별 자산현황(카드자산)
1902,201406,0010229,신한카드㈜,A62,카드자산_기타 카드자산_기타, ,신용카드사,B,SC107,부문별 자산현황(카드자산)
1903,201409,0010229,신한카드㈜,A,카드자산,16703190000000,신용카드사,B,SC107,부문별 자산현황(카드자산)
1904,201409,0010229,신한카드㈜,A1,카드자산_(대손충당금 등),740230000000,신용카드사,B,SC107,부문별 자산현황(카드자산)
1905,201409,0010229,신한카드㈜,A2,카드자산_일시불 카드대급금,4846402000000,신용카드사,B,SC107,부문별 자산현황(카드자산)
1906,201409,0010229,신한카드㈜,A3,카드자산_할부 카드대급금,4747315000000,신용카드사,B,SC107,부문별 자산현황(카드자산)
1907,201409,0010229,신한카드㈜,A4,카드자산_현금서비스,1989897000000,신용카드사,B,SC107,부문별 자산현황(카드자산)
1908,201409,0010229,신한카드㈜,A5,카드자산_카드론,4434677000000,신용카드사,B,SC107,부문별 자산현황(카드자산)
1909,201409,0010229,신한카드㈜,A6,카드자산_기타 카드자산,1425129000000,신용카드사,B,SC107,부문별 자산현황(카드자산)
1910,201409,0010229,신한카드㈜,A61,카드자산_기타 카드자산_리볼빙카드자산,1425129000000,신용카드사,B,SC107,부문별 자산현황(카드자산)
1911,201409,0010229,신한카드㈜,A610,카드자산_기타 카드자산_리볼빙카드자산_결제성리볼빙,1175395000000,신용카드사,B,SC107,부문별 자산현황(카드자산)
1912,201409,0010229,신한카드㈜,A611,카드자산_기타 카드자산_리볼빙카드자산_대출성리볼빙,249734000000,신용카드사,B,SC107,부문별 자산현황(카드자산)
1913,201409,0010229,신한카드㈜,A62,카드자산_기타 카드자산_기타, ,신용카드사,B,SC107,부문별 자산현황(카드자산)
1914,201412,0010229,신한카드㈜,A,카드자산,17311060000000,신용카드사,B,SC107,부문별 자산현황(카드자산)
1915,201412,0010229,신한카드㈜,A1,카드자산_(대손충당금 등),759722000000,신용카드사,B,SC107,부문별 자산현황(카드자산)
1916,201412,0010229,신한카드㈜,A2,카드자산_일시불 카드대급금,5025542000000,신용카드사,B,SC107,부문별 자산현황(카드자산)
1917,201412,0010229,신한카드㈜,A3,카드자산_할부 카드대급금,5164403000000,신용카드사,B,SC107,부문별 자산현황(카드자산)
1918,201412,0010229,신한카드㈜,A4,카드자산_현금서비스,1979049000000,신용카드사,B,SC107,부문별 자산현황(카드자산)
1919,201412,0010229,신한카드㈜,A5,카드자산_카드론,4471270000000,신용카드사,B,SC107,부문별 자산현황(카드자산)
1920,201412,0010229,신한카드㈜,A6,카드자산_기타 카드자산,1430518000000,신용카드사,B,SC107,부문별 자산현황(카드자산)
1921,201412,0010229,신한카드㈜,A61,카드자산_기타 카드자산_리볼빙카드자산,1430518000000,신용카드사,B,SC107,부문별 자산현황(카드자산)
1922,201412,0010229,신한카드㈜,A610,카드자산_기타 카드자산_리볼빙카드자산_결제성리볼빙,1186744000000,신용카드사,B,SC107,부문별 자산현황(카드자산)
1923,201412,0010229,신한카드㈜,A611,카드자산_기타 카드자산_리볼빙카드자산_대출성리볼빙,243774000000,신용카드사,B,SC107,부문별 자산현황(카드자산)
1924,201412,0010229,신한카드㈜,A62,카드자산_기타 카드자산_기타, ,신용카드사,B,SC107,부문별 자산현황(카드자산)
1925,201503,0010229,신한카드㈜,A,카드자산,16706171000000,신용카드사,B,SC107,부문별 자산현황(카드자산)
1926,201503,0010229,신한카드㈜,A1,카드자산_(대손충당금 등),735846000000,신용카드사,B,SC107,부문별 자산현황(카드자산)
1927,201503,0010229,신한카드㈜,A2,카드자산_일시불 카드대급금,4828190000000,신용카드사,B,SC107,부문별 자산현황(카드자산)
1928,201503,0010229,신한카드㈜,A3,카드자산_할부 카드대급금,4918980000000,신용카드사,B,SC107,부문별 자산현황(카드자산)
1929,201503,0010229,신한카드㈜,A4,카드자산_현금서비스,1885002000000,신용카드사,B,SC107,부문별 자산현황(카드자산)
1930,201503,0010229,신한카드㈜,A5,카드자산_카드론,4440996000000,신용카드사,B,SC107,부문별 자산현황(카드자산)
1931,201503,0010229,신한카드㈜,A6,카드자산_기타 카드자산,1368850000000,신용카드사,B,SC107,부문별 자산현황(카드자산)
1932,201503,0010229,신한카드㈜,A61,카드자산_기타 카드자산_리볼빙카드자산,1368850000000,신용카드사,B,SC107,부문별 자산현황(카드자산)
1933,201503,0010229,신한카드㈜,A610,카드자산_기타 카드자산_리볼빙카드자산_결제성리볼빙,1144235000000,신용카드사,B,SC107,부문별 자산현황(카드자산)
1934,201503,0010229,신한카드㈜,A611,카드자산_기타 카드자산_리볼빙카드자산_대출성리볼빙,224615000000,신용카드사,B,SC107,부문별 자산현황(카드자산)
1935,201503,0010229,신한카드㈜,A62,카드자산_기타 카드자산_기타, ,신용카드사,B,SC107,부문별 자산현황(카드자산)
1936,201506,0010229,신한카드㈜,A,카드자산,16481079000000,신용카드사,B,SC107,부문별 자산현황(카드자산)
1937,201506,0010229,신한카드㈜,A1,카드자산_(대손충당금 등),710162000000,신용카드사,B,SC107,부문별 자산현황(카드자산)
1938,201506,0010229,신한카드㈜,A2,카드자산_일시불 카드대급금,4611505000000,신용카드사,B,SC107,부문별 자산현황(카드자산)
1939,201506,0010229,신한카드㈜,A3,카드자산_할부 카드대급금,4827589000000,신용카드사,B,SC107,부문별 자산현황(카드자산)
1940,201506,0010229,신한카드㈜,A4,카드자산_현금서비스,1843860000000,신용카드사,B,SC107,부문별 자산현황(카드자산)
1941,201506,0010229,신한카드㈜,A5,카드자산_카드론,4582993000000,신용카드사,B,SC107,부문별 자산현황(카드자산)
1942,201506,0010229,신한카드㈜,A6,카드자산_기타 카드자산,1325296000000,신용카드사,B,SC107,부문별 자산현황(카드자산)
1943,201506,0010229,신한카드㈜,A61,카드자산_기타 카드자산_리볼빙카드자산,1325296000000,신용카드사,B,SC107,부문별 자산현황(카드자산)
1944,201506,0010229,신한카드㈜,A610,카드자산_기타 카드자산_리볼빙카드자산_결제성리볼빙,1113920000000,신용카드사,B,SC107,부문별 자산현황(카드자산)
1945,201506,0010229,신한카드㈜,A611,카드자산_기타 카드자산_리볼빙카드자산_대출성리볼빙,211376000000,신용카드사,B,SC107,부문별 자산현황(카드자산)
1946,201506,0010229,신한카드㈜,A62,카드자산_기타 카드자산_기타, ,신용카드사,B,SC107,부문별 자산현황(카드자산)
1947,201509,0010229,신한카드㈜,A,카드자산,16851357000000,신용카드사,B,SC107,부문별 자산현황(카드자산)
1948,201509,0010229,신한카드㈜,A1,카드자산_(대손충당금 등),766259000000,신용카드사,B,SC107,부문별 자산현황(카드자산)
1949,201509,0010229,신한카드㈜,A2,카드자산_일시불 카드대급금,4768645000000,신용카드사,B,SC107,부문별 자산현황(카드자산)
1950,201509,0010229,신한카드㈜,A3,카드자산_할부 카드대급금,4958248000000,신용카드사,B,SC107,부문별 자산현황(카드자산)
1951,201509,0010229,신한카드㈜,A4,카드자산_현금서비스,1780868000000,신용카드사,B,SC107,부문별 자산현황(카드자산)
1952,201509,0010229,신한카드㈜,A5,카드자산_카드론,4791668000000,신용카드사,B,SC107,부문별 자산현황(카드자산)
1953,201509,0010229,신한카드㈜,A6,카드자산_기타 카드자산,1318188000000,신용카드사,B,SC107,부문별 자산현황(카드자산)
1954,201509,0010229,신한카드㈜,A61,카드자산_기타 카드자산_리볼빙카드자산,1318188000000,신용카드사,B,SC107,부문별 자산현황(카드자산)
1955,201509,0010229,신한카드㈜,A610,카드자산_기타 카드자산_리볼빙카드자산_결제성리볼빙,1118229000000,신용카드사,B,SC107,부문별 자산현황(카드자산)
1956,201509,0010229,신한카드㈜,A611,카드자산_기타 카드자산_리볼빙카드자산_대출성리볼빙,199958000000,신용카드사,B,SC107,부문별 자산현황(카드자산)
1957,201509,0010229,신한카드㈜,A62,카드자산_기타 카드자산_기타, ,신용카드사,B,SC107,부문별 자산현황(카드자산)
1958,201512,0010229,신한카드㈜,A,카드자산,17747577000000,신용카드사,B,SC107,부문별 자산현황(카드자산)
1959,201512,0010229,신한카드㈜,A1,카드자산_(대손충당금 등),712598000000,신용카드사,B,SC107,부문별 자산현황(카드자산)
1960,201512,0010229,신한카드㈜,A2,카드자산_일시불 카드대급금,5002561000000,신용카드사,B,SC107,부문별 자산현황(카드자산)
1961,201512,0010229,신한카드㈜,A3,카드자산_할부 카드대급금,5216905000000,신용카드사,B,SC107,부문별 자산현황(카드자산)
1962,201512,0010229,신한카드㈜,A4,카드자산_현금서비스,1852683000000,신용카드사,B,SC107,부문별 자산현황(카드자산)
1963,201512,0010229,신한카드㈜,A5,카드자산_카드론,5056554000000,신용카드사,B,SC107,부문별 자산현황(카드자산)
1964,201512,0010229,신한카드㈜,A6,카드자산_기타 카드자산,1331474000000,신용카드사,B,SC107,부문별 자산현황(카드자산)
1965,201512,0010229,신한카드㈜,A61,카드자산_기타 카드자산_리볼빙카드자산,1331474000000,신용카드사,B,SC107,부문별 자산현황(카드자산)
1966,201512,0010229,신한카드㈜,A610,카드자산_기타 카드자산_리볼빙카드자산_결제성리볼빙,1135651000000,신용카드사,B,SC107,부문별 자산현황(카드자산)
1967,201512,0010229,신한카드㈜,A611,카드자산_기타 카드자산_리볼빙카드자산_대출성리볼빙,195823000000,신용카드사,B,SC107,부문별 자산현황(카드자산)
1968,201512,0010229,신한카드㈜,A62,카드자산_기타 카드자산_기타, ,신용카드사,B,SC107,부문별 자산현황(카드자산)
1969,201603,0010229,신한카드㈜,A,카드자산,17888571000000,신용카드사,B,SC107,부문별 자산현황(카드자산)
1970,201603,0010229,신한카드㈜,A1,카드자산_(대손충당금 등),722173000000,신용카드사,B,SC107,부문별 자산현황(카드자산)
1971,201603,0010229,신한카드㈜,A2,카드자산_일시불 카드대급금,5164540000000,신용카드사,B,SC107,부문별 자산현황(카드자산)
1972,201603,0010229,신한카드㈜,A3,카드자산_할부 카드대급금,5004481000000,신용카드사,B,SC107,부문별 자산현황(카드자산)
1973,201603,0010229,신한카드㈜,A4,카드자산_현금서비스,1833593000000,신용카드사,B,SC107,부문별 자산현황(카드자산)
1974,201603,0010229,신한카드㈜,A5,카드자산_카드론,5288105000000,신용카드사,B,SC107,부문별 자산현황(카드자산)
1975,201603,0010229,신한카드㈜,A6,카드자산_기타 카드자산,1320026000000,신용카드사,B,SC107,부문별 자산현황(카드자산)
1976,201603,0010229,신한카드㈜,A61,카드자산_기타 카드자산_리볼빙카드자산,1320026000000,신용카드사,B,SC107,부문별 자산현황(카드자산)
1977,201603,0010229,신한카드㈜,A610,카드자산_기타 카드자산_리볼빙카드자산_결제성리볼빙,1131927000000,신용카드사,B,SC107,부문별 자산현황(카드자산)
1978,201603,0010229,신한카드㈜,A611,카드자산_기타 카드자산_리볼빙카드자산_대출성리볼빙,188099000000,신용카드사,B,SC107,부문별 자산현황(카드자산)
1979,201603,0010229,신한카드㈜,A62,카드자산_기타 카드자산_기타, ,신용카드사,B,SC107,부문별 자산현황(카드자산)
1980,201606,0010229,신한카드㈜,A,카드자산,17832516000000,신용카드사,B,SC107,부문별 자산현황(카드자산)
1981,201606,0010229,신한카드㈜,A1,카드자산_(대손충당금 등),714885000000,신용카드사,B,SC107,부문별 자산현황(카드자산)
1982,201606,0010229,신한카드㈜,A2,카드자산_일시불 카드대급금,4981586000000,신용카드사,B,SC107,부문별 자산현황(카드자산)
1983,201606,0010229,신한카드㈜,A3,카드자산_할부 카드대급금,4963196000000,신용카드사,B,SC107,부문별 자산현황(카드자산)
1984,201606,0010229,신한카드㈜,A4,카드자산_현금서비스,1829497000000,신용카드사,B,SC107,부문별 자산현황(카드자산)
1985,201606,0010229,신한카드㈜,A5,카드자산_카드론,5436054000000,신용카드사,B,SC107,부문별 자산현황(카드자산)
1986,201606,0010229,신한카드㈜,A6,카드자산_기타 카드자산,1337069000000,신용카드사,B,SC107,부문별 자산현황(카드자산)
1987,201606,0010229,신한카드㈜,A61,카드자산_기타 카드자산_리볼빙카드자산,1337069000000,신용카드사,B,SC107,부문별 자산현황(카드자산)
1988,201606,0010229,신한카드㈜,A610,카드자산_기타 카드자산_리볼빙카드자산_결제성리볼빙,1154416000000,신용카드사,B,SC107,부문별 자산현황(카드자산)
1989,201606,0010229,신한카드㈜,A611,카드자산_기타 카드자산_리볼빙카드자산_대출성리볼빙,182652000000,신용카드사,B,SC107,부문별 자산현황(카드자산)
1990,201606,0010229,신한카드㈜,A62,카드자산_기타 카드자산_기타, ,신용카드사,B,SC107,부문별 자산현황(카드자산)
1991,201609,0010229,신한카드㈜,A,카드자산,17946762000000,신용카드사,B,SC107,부문별 자산현황(카드자산)
1992,201609,0010229,신한카드㈜,A1,카드자산_(대손충당금 등),728664000000,신용카드사,B,SC107,부문별 자산현황(카드자산)
1993,201609,0010229,신한카드㈜,A2,카드자산_일시불 카드대급금,4908478000000,신용카드사,B,SC107,부문별 자산현황(카드자산)
1994,201609,0010229,신한카드㈜,A3,카드자산_할부 카드대급금,5105330000000,신용카드사,B,SC107,부문별 자산현황(카드자산)
1995,201609,0010229,신한카드㈜,A4,카드자산_현금서비스,1803192000000,신용카드사,B,SC107,부문별 자산현황(카드자산)
1996,201609,0010229,신한카드㈜,A5,카드자산_카드론,5506213000000,신용카드사,B,SC107,부문별 자산현황(카드자산)
1997,201609,0010229,신한카드㈜,A6,카드자산_기타 카드자산,1352213000000,신용카드사,B,SC107,부문별 자산현황(카드자산)
1998,201609,0010229,신한카드㈜,A61,카드자산_기타 카드자산_리볼빙카드자산,1352213000000,신용카드사,B,SC107,부문별 자산현황(카드자산)
1999,201609,0010229,신한카드㈜,A610,카드자산_기타 카드자산_리볼빙카드자산_결제성리볼빙,1177213000000,신용카드사,B,SC107,부문별 자산현황(카드자산)
2000,201609,0010229,신한카드㈜,A611,카드자산_기타 카드자산_리볼빙카드자산_대출성리볼빙,175000000000,신용카드사,B,SC107,부문별 자산현황(카드자산)
2001,201609,0010229,신한카드㈜,A62,카드자산_기타 카드자산_기타, ,신용카드사,B,SC107,부문별 자산현황(카드자산)
2002,201612,0010229,신한카드㈜,A,카드자산,18623998000000,신용카드사,B,SC107,부문별 자산현황(카드자산)
2003,201612,0010229,신한카드㈜,A1,카드자산_(대손충당금 등),742303000000,신용카드사,B,SC107,부문별 자산현황(카드자산)
2004,201612,0010229,신한카드㈜,A2,카드자산_일시불 카드대급금,5291648000000,신용카드사,B,SC107,부문별 자산현황(카드자산)
2005,201612,0010229,신한카드㈜,A3,카드자산_할부 카드대급금,5277322000000,신용카드사,B,SC107,부문별 자산현황(카드자산)
2006,201612,0010229,신한카드㈜,A4,카드자산_현금서비스,1781073000000,신용카드사,B,SC107,부문별 자산현황(카드자산)
2007,201612,0010229,신한카드㈜,A5,카드자산_카드론,5618137000000,신용카드사,B,SC107,부문별 자산현황(카드자산)
2008,201612,0010229,신한카드㈜,A6,카드자산_기타 카드자산,1398121000000,신용카드사,B,SC107,부문별 자산현황(카드자산)
2009,201612,0010229,신한카드㈜,A61,카드자산_기타 카드자산_리볼빙카드자산,1398121000000,신용카드사,B,SC107,부문별 자산현황(카드자산)
2010,201612,0010229,신한카드㈜,A610,카드자산_기타 카드자산_리볼빙카드자산_결제성리볼빙,1229344000000,신용카드사,B,SC107,부문별 자산현황(카드자산)
2011,201612,0010229,신한카드㈜,A611,카드자산_기타 카드자산_리볼빙카드자산_대출성리볼빙,168777000000,신용카드사,B,SC107,부문별 자산현황(카드자산)
2012,201612,0010229,신한카드㈜,A62,카드자산_기타 카드자산_기타, ,신용카드사,B,SC107,부문별 자산현황(카드자산)
2013,201409,0013640,하나카드㈜,A,카드자산,2577409000000,신용카드사,B,SC107,부문별 자산현황(카드자산)
2014,201409,0013640,하나카드㈜,A1,카드자산_(대손충당금 등),91001000000,신용카드사,B,SC107,부문별 자산현황(카드자산)
2015,201409,0013640,하나카드㈜,A2,카드자산_일시불 카드대급금,845870000000,신용카드사,B,SC107,부문별 자산현황(카드자산)
2016,201409,0013640,하나카드㈜,A3,카드자산_할부 카드대급금,473025000000,신용카드사,B,SC107,부문별 자산현황(카드자산)
2017,201409,0013640,하나카드㈜,A4,카드자산_현금서비스,268693000000,신용카드사,B,SC107,부문별 자산현황(카드자산)
2018,201409,0013640,하나카드㈜,A5,카드자산_카드론,628117000000,신용카드사,B,SC107,부문별 자산현황(카드자산)
2019,201409,0013640,하나카드㈜,A6,카드자산_기타 카드자산,452704000000,신용카드사,B,SC107,부문별 자산현황(카드자산)
2020,201409,0013640,하나카드㈜,A61,카드자산_기타 카드자산_리볼빙카드자산,371836000000,신용카드사,B,SC107,부문별 자산현황(카드자산)
2021,201409,0013640,하나카드㈜,A610,카드자산_기타 카드자산_리볼빙카드자산_결제성리볼빙,286372000000,신용카드사,B,SC107,부문별 자산현황(카드자산)
2022,201409,0013640,하나카드㈜,A611,카드자산_기타 카드자산_리볼빙카드자산_대출성리볼빙,85464000000,신용카드사,B,SC107,부문별 자산현황(카드자산)
2023,201409,0013640,하나카드㈜,A62,카드자산_기타 카드자산_기타,80868000000,신용카드사,B,SC107,부문별 자산현황(카드자산)
2024,201412,0013640,하나카드㈜,A,카드자산,5899436000000,신용카드사,B,SC107,부문별 자산현황(카드자산)
2025,201412,0013640,하나카드㈜,A1,카드자산_(대손충당금 등),194973000000,신용카드사,B,SC107,부문별 자산현황(카드자산)
2026,201412,0013640,하나카드㈜,A2,카드자산_일시불 카드대급금,2105942000000,신용카드사,B,SC107,부문별 자산현황(카드자산)
2027,201412,0013640,하나카드㈜,A3,카드자산_할부 카드대급금,1076436000000,신용카드사,B,SC107,부문별 자산현황(카드자산)
2028,201412,0013640,하나카드㈜,A4,카드자산_현금서비스,553649000000,신용카드사,B,SC107,부문별 자산현황(카드자산)
2029,201412,0013640,하나카드㈜,A5,카드자산_카드론,1601330000000,신용카드사,B,SC107,부문별 자산현황(카드자산)
2030,201412,0013640,하나카드㈜,A6,카드자산_기타 카드자산,757052000000,신용카드사,B,SC107,부문별 자산현황(카드자산)
2031,201412,0013640,하나카드㈜,A61,카드자산_기타 카드자산_리볼빙카드자산,696555000000,신용카드사,B,SC107,부문별 자산현황(카드자산)
2032,201412,0013640,하나카드㈜,A610,카드자산_기타 카드자산_리볼빙카드자산_결제성리볼빙,580162000000,신용카드사,B,SC107,부문별 자산현황(카드자산)
2033,201412,0013640,하나카드㈜,A611,카드자산_기타 카드자산_리볼빙카드자산_대출성리볼빙,116393000000,신용카드사,B,SC107,부문별 자산현황(카드자산)
2034,201412,0013640,하나카드㈜,A62,카드자산_기타 카드자산_기타,60497000000,신용카드사,B,SC107,부문별 자산현황(카드자산)
2035,201503,0013640,하나카드㈜,A,카드자산,5546800000000,신용카드사,B,SC107,부문별 자산현황(카드자산)
2036,201503,0013640,하나카드㈜,A1,카드자산_(대손충당금 등),210695000000,신용카드사,B,SC107,부문별 자산현황(카드자산)
2037,201503,0013640,하나카드㈜,A2,카드자산_일시불 카드대급금,1903130000000,신용카드사,B,SC107,부문별 자산현황(카드자산)
2038,201503,0013640,하나카드㈜,A3,카드자산_할부 카드대급금,1057420000000,신용카드사,B,SC107,부문별 자산현황(카드자산)
2039,201503,0013640,하나카드㈜,A4,카드자산_현금서비스,531011000000,신용카드사,B,SC107,부문별 자산현황(카드자산)
2040,201503,0013640,하나카드㈜,A5,카드자산_카드론,1587775000000,신용카드사,B,SC107,부문별 자산현황(카드자산)
2041,201503,0013640,하나카드㈜,A6,카드자산_기타 카드자산,678159000000,신용카드사,B,SC107,부문별 자산현황(카드자산)
2042,201503,0013640,하나카드㈜,A61,카드자산_기타 카드자산_리볼빙카드자산,664538000000,신용카드사,B,SC107,부문별 자산현황(카드자산)
2043,201503,0013640,하나카드㈜,A610,카드자산_기타 카드자산_리볼빙카드자산_결제성리볼빙,559017000000,신용카드사,B,SC107,부문별 자산현황(카드자산)
2044,201503,0013640,하나카드㈜,A611,카드자산_기타 카드자산_리볼빙카드자산_대출성리볼빙,105521000000,신용카드사,B,SC107,부문별 자산현황(카드자산)
2045,201503,0013640,하나카드㈜,A62,카드자산_기타 카드자산_기타,13622000000,신용카드사,B,SC107,부문별 자산현황(카드자산)
2046,201506,0013640,하나카드㈜,A,카드자산,5612741000000,신용카드사,B,SC107,부문별 자산현황(카드자산)
2047,201506,0013640,하나카드㈜,A1,카드자산_(대손충당금 등),192233000000,신용카드사,B,SC107,부문별 자산현황(카드자산)
2048,201506,0013640,하나카드㈜,A2,카드자산_일시불 카드대급금,1992520000000,신용카드사,B,SC107,부문별 자산현황(카드자산)
2049,201506,0013640,하나카드㈜,A3,카드자산_할부 카드대급금,1032991000000,신용카드사,B,SC107,부문별 자산현황(카드자산)
2050,201506,0013640,하나카드㈜,A4,카드자산_현금서비스,516521000000,신용카드사,B,SC107,부문별 자산현황(카드자산)
2051,201506,0013640,하나카드㈜,A5,카드자산_카드론,1569310000000,신용카드사,B,SC107,부문별 자산현황(카드자산)
2052,201506,0013640,하나카드㈜,A6,카드자산_기타 카드자산,693633000000,신용카드사,B,SC107,부문별 자산현황(카드자산)
2053,201506,0013640,하나카드㈜,A61,카드자산_기타 카드자산_리볼빙카드자산,656590000000,신용카드사,B,SC107,부문별 자산현황(카드자산)
2054,201506,0013640,하나카드㈜,A610,카드자산_기타 카드자산_리볼빙카드자산_결제성리볼빙,557925000000,신용카드사,B,SC107,부문별 자산현황(카드자산)
2055,201506,0013640,하나카드㈜,A611,카드자산_기타 카드자산_리볼빙카드자산_대출성리볼빙,98665000000,신용카드사,B,SC107,부문별 자산현황(카드자산)
2056,201506,0013640,하나카드㈜,A62,카드자산_기타 카드자산_기타,37043000000,신용카드사,B,SC107,부문별 자산현황(카드자산)
2057,201509,0013640,하나카드㈜,A,카드자산,5578942000000,신용카드사,B,SC107,부문별 자산현황(카드자산)
2058,201509,0013640,하나카드㈜,A1,카드자산_(대손충당금 등),194046000000,신용카드사,B,SC107,부문별 자산현황(카드자산)
2059,201509,0013640,하나카드㈜,A2,카드자산_일시불 카드대급금,1956363000000,신용카드사,B,SC107,부문별 자산현황(카드자산)
2060,201509,0013640,하나카드㈜,A3,카드자산_할부 카드대급금,1090656000000,신용카드사,B,SC107,부문별 자산현황(카드자산)
2061,201509,0013640,하나카드㈜,A4,카드자산_현금서비스,498519000000,신용카드사,B,SC107,부문별 자산현황(카드자산)
2062,201509,0013640,하나카드㈜,A5,카드자산_카드론,1542253000000,신용카드사,B,SC107,부문별 자산현황(카드자산)
2063,201509,0013640,하나카드㈜,A6,카드자산_기타 카드자산,685196000000,신용카드사,B,SC107,부문별 자산현황(카드자산)
2064,201509,0013640,하나카드㈜,A61,카드자산_기타 카드자산_리볼빙카드자산,665126000000,신용카드사,B,SC107,부문별 자산현황(카드자산)
2065,201509,0013640,하나카드㈜,A610,카드자산_기타 카드자산_리볼빙카드자산_결제성리볼빙,569867000000,신용카드사,B,SC107,부문별 자산현황(카드자산)
2066,201509,0013640,하나카드㈜,A611,카드자산_기타 카드자산_리볼빙카드자산_대출성리볼빙,95259000000,신용카드사,B,SC107,부문별 자산현황(카드자산)
2067,201509,0013640,하나카드㈜,A62,카드자산_기타 카드자산_기타,20070000000,신용카드사,B,SC107,부문별 자산현황(카드자산)
2068,201512,0013640,하나카드㈜,A,카드자산,5548176000000,신용카드사,B,SC107,부문별 자산현황(카드자산)
2069,201512,0013640,하나카드㈜,A1,카드자산_(대손충당금 등),181360000000,신용카드사,B,SC107,부문별 자산현황(카드자산)
2070,201512,0013640,하나카드㈜,A2,카드자산_일시불 카드대급금,1894086000000,신용카드사,B,SC107,부문별 자산현황(카드자산)
2071,201512,0013640,하나카드㈜,A3,카드자산_할부 카드대급금,1137040000000,신용카드사,B,SC107,부문별 자산현황(카드자산)
2072,201512,0013640,하나카드㈜,A4,카드자산_현금서비스,488335000000,신용카드사,B,SC107,부문별 자산현황(카드자산)
2073,201512,0013640,하나카드㈜,A5,카드자산_카드론,1547276000000,신용카드사,B,SC107,부문별 자산현황(카드자산)
2074,201512,0013640,하나카드㈜,A6,카드자산_기타 카드자산,662801000000,신용카드사,B,SC107,부문별 자산현황(카드자산)
2075,201512,0013640,하나카드㈜,A61,카드자산_기타 카드자산_리볼빙카드자산,649479000000,신용카드사,B,SC107,부문별 자산현황(카드자산)
2076,201512,0013640,하나카드㈜,A610,카드자산_기타 카드자산_리볼빙카드자산_결제성리볼빙,558540000000,신용카드사,B,SC107,부문별 자산현황(카드자산)
2077,201512,0013640,하나카드㈜,A611,카드자산_기타 카드자산_리볼빙카드자산_대출성리볼빙,90939000000,신용카드사,B,SC107,부문별 자산현황(카드자산)
2078,201512,0013640,하나카드㈜,A62,카드자산_기타 카드자산_기타,13323000000,신용카드사,B,SC107,부문별 자산현황(카드자산)
2079,201603,0013640,하나카드㈜,A,카드자산,5437276000000,신용카드사,B,SC107,부문별 자산현황(카드자산)
2080,201603,0013640,하나카드㈜,A1,카드자산_(대손충당금 등),167963000000,신용카드사,B,SC107,부문별 자산현황(카드자산)
2081,201603,0013640,하나카드㈜,A2,카드자산_일시불 카드대급금,1783781000000,신용카드사,B,SC107,부문별 자산현황(카드자산)
2082,201603,0013640,하나카드㈜,A3,카드자산_할부 카드대급금,1108948000000,신용카드사,B,SC107,부문별 자산현황(카드자산)
2083,201603,0013640,하나카드㈜,A4,카드자산_현금서비스,485361000000,신용카드사,B,SC107,부문별 자산현황(카드자산)
2084,201603,0013640,하나카드㈜,A5,카드자산_카드론,1591844000000,신용카드사,B,SC107,부문별 자산현황(카드자산)
2085,201603,0013640,하나카드㈜,A6,카드자산_기타 카드자산,635305000000,신용카드사,B,SC107,부문별 자산현황(카드자산)
2086,201603,0013640,하나카드㈜,A61,카드자산_기타 카드자산_리볼빙카드자산,626308000000,신용카드사,B,SC107,부문별 자산현황(카드자산)
2087,201603,0013640,하나카드㈜,A610,카드자산_기타 카드자산_리볼빙카드자산_결제성리볼빙,542629000000,신용카드사,B,SC107,부문별 자산현황(카드자산)
2088,201603,0013640,하나카드㈜,A611,카드자산_기타 카드자산_리볼빙카드자산_대출성리볼빙,83678000000,신용카드사,B,SC107,부문별 자산현황(카드자산)
2089,201603,0013640,하나카드㈜,A62,카드자산_기타 카드자산_기타,8997000000,신용카드사,B,SC107,부문별 자산현황(카드자산)
2090,201606,0013640,하나카드㈜,A,카드자산,5700748000000,신용카드사,B,SC107,부문별 자산현황(카드자산)
2091,201606,0013640,하나카드㈜,A1,카드자산_(대손충당금 등),176785000000,신용카드사,B,SC107,부문별 자산현황(카드자산)
2092,201606,0013640,하나카드㈜,A2,카드자산_일시불 카드대급금,1900123000000,신용카드사,B,SC107,부문별 자산현황(카드자산)
2093,201606,0013640,하나카드㈜,A3,카드자산_할부 카드대급금,1117927000000,신용카드사,B,SC107,부문별 자산현황(카드자산)
2094,201606,0013640,하나카드㈜,A4,카드자산_현금서비스,494777000000,신용카드사,B,SC107,부문별 자산현황(카드자산)
2095,201606,0013640,하나카드㈜,A5,카드자산_카드론,1711965000000,신용카드사,B,SC107,부문별 자산현황(카드자산)
2096,201606,0013640,하나카드㈜,A6,카드자산_기타 카드자산,652741000000,신용카드사,B,SC107,부문별 자산현황(카드자산)
2097,201606,0013640,하나카드㈜,A61,카드자산_기타 카드자산_리볼빙카드자산,646722000000,신용카드사,B,SC107,부문별 자산현황(카드자산)
2098,201606,0013640,하나카드㈜,A610,카드자산_기타 카드자산_리볼빙카드자산_결제성리볼빙,566803000000,신용카드사,B,SC107,부문별 자산현황(카드자산)
2099,201606,0013640,하나카드㈜,A611,카드자산_기타 카드자산_리볼빙카드자산_대출성리볼빙,79919000000,신용카드사,B,SC107,부문별 자산현황(카드자산)
2100,201606,0013640,하나카드㈜,A62,카드자산_기타 카드자산_기타,6019000000,신용카드사,B,SC107,부문별 자산현황(카드자산)
2101,201609,0013640,하나카드㈜,A,카드자산,5746043000000,신용카드사,B,SC107,부문별 자산현황(카드자산)
2102,201609,0013640,하나카드㈜,A1,카드자산_(대손충당금 등),197145000000,신용카드사,B,SC107,부문별 자산현황(카드자산)
2103,201609,0013640,하나카드㈜,A2,카드자산_일시불 카드대급금,1825925000000,신용카드사,B,SC107,부문별 자산현황(카드자산)
2104,201609,0013640,하나카드㈜,A3,카드자산_할부 카드대급금,1147704000000,신용카드사,B,SC107,부문별 자산현황(카드자산)
2105,201609,0013640,하나카드㈜,A4,카드자산_현금서비스,498346000000,신용카드사,B,SC107,부문별 자산현황(카드자산)
2106,201609,0013640,하나카드㈜,A5,카드자산_카드론,1799424000000,신용카드사,B,SC107,부문별 자산현황(카드자산)
2107,201609,0013640,하나카드㈜,A6,카드자산_기타 카드자산,671789000000,신용카드사,B,SC107,부문별 자산현황(카드자산)
2108,201609,0013640,하나카드㈜,A61,카드자산_기타 카드자산_리볼빙카드자산,667905000000,신용카드사,B,SC107,부문별 자산현황(카드자산)
2109,201609,0013640,하나카드㈜,A610,카드자산_기타 카드자산_리볼빙카드자산_결제성리볼빙,592479000000,신용카드사,B,SC107,부문별 자산현황(카드자산)
2110,201609,0013640,하나카드㈜,A611,카드자산_기타 카드자산_리볼빙카드자산_대출성리볼빙,75426000000,신용카드사,B,SC107,부문별 자산현황(카드자산)
2111,201609,0013640,하나카드㈜,A62,카드자산_기타 카드자산_기타,3884000000,신용카드사,B,SC107,부문별 자산현황(카드자산)
2112,201612,0013640,하나카드㈜,A,카드자산,6069066000000,신용카드사,B,SC107,부문별 자산현황(카드자산)
2113,201612,0013640,하나카드㈜,A1,카드자산_(대손충당금 등),194462000000,신용카드사,B,SC107,부문별 자산현황(카드자산)
2114,201612,0013640,하나카드㈜,A2,카드자산_일시불 카드대급금,1922226000000,신용카드사,B,SC107,부문별 자산현황(카드자산)
2115,201612,0013640,하나카드㈜,A3,카드자산_할부 카드대급금,1236103000000,신용카드사,B,SC107,부문별 자산현황(카드자산)
2116,201612,0013640,하나카드㈜,A4,카드자산_현금서비스,509089000000,신용카드사,B,SC107,부문별 자산현황(카드자산)
2117,201612,0013640,하나카드㈜,A5,카드자산_카드론,1880931000000,신용카드사,B,SC107,부문별 자산현황(카드자산)
2118,201612,0013640,하나카드㈜,A6,카드자산_기타 카드자산,715178000000,신용카드사,B,SC107,부문별 자산현황(카드자산)
2119,201612,0013640,하나카드㈜,A61,카드자산_기타 카드자산_리볼빙카드자산,712704000000,신용카드사,B,SC107,부문별 자산현황(카드자산)
2120,201612,0013640,하나카드㈜,A610,카드자산_기타 카드자산_리볼빙카드자산_결제성리볼빙,639796000000,신용카드사,B,SC107,부문별 자산현황(카드자산)
2121,201612,0013640,하나카드㈜,A611,카드자산_기타 카드자산_리볼빙카드자산_대출성리볼빙,72908000000,신용카드사,B,SC107,부문별 자산현황(카드자산)
2122,201612,0013640,하나카드㈜,A62,카드자산_기타 카드자산_기타,2474000000,신용카드사,B,SC107,부문별 자산현황(카드자산)
2123,200803,0010225,현대카드㈜,A,카드자산,4173669000000,신용카드사,B,SC107,부문별 자산현황(카드자산)
2124,200803,0010225,현대카드㈜,A1,(대손충당금 등),122926000000,신용카드사,B,SC107,부문별 자산현황(카드자산)
2125,200803,0010225,현대카드㈜,A2,일시불 카드대급금,1496266000000,신용카드사,B,SC107,부문별 자산현황(카드자산)
2126,200803,0010225,현대카드㈜,A3,할부 카드대급금,1396225000000,신용카드사,B,SC107,부문별 자산현황(카드자산)
2127,200803,0010225,현대카드㈜,A4,현금서비스,419177000000,신용카드사,B,SC107,부문별 자산현황(카드자산)
2128,200803,0010225,현대카드㈜,A5,카드론,572340000000,신용카드사,B,SC107,부문별 자산현황(카드자산)
2129,200803,0010225,현대카드㈜,A6,기타 카드자산,412587000000,신용카드사,B,SC107,부문별 자산현황(카드자산)
2130,200803,0010225,현대카드㈜,A61,기타 카드자산_리볼빙카드자산,412304000000,신용카드사,B,SC107,부문별 자산현황(카드자산)
2131,200803,0010225,현대카드㈜,A610,기타 카드자산_리볼빙카드자산_결제성리볼빙,312150000000,신용카드사,B,SC107,부문별 자산현황(카드자산)
2132,200803,0010225,현대카드㈜,A611,기타 카드자산_리볼빙카드자산_대출성리볼빙,100154000000,신용카드사,B,SC107,부문별 자산현황(카드자산)
2133,200803,0010225,현대카드㈜,A62,기타 카드자산_기타,283000000,신용카드사,B,SC107,부문별 자산현황(카드자산)
2134,200806,0010225,현대카드㈜,A,카드자산,3951334000000,신용카드사,B,SC107,부문별 자산현황(카드자산)
2135,200806,0010225,현대카드㈜,A1,(대손충당금 등),123250000000,신용카드사,B,SC107,부문별 자산현황(카드자산)
2136,200806,0010225,현대카드㈜,A2,일시불 카드대급금,1302858000000,신용카드사,B,SC107,부문별 자산현황(카드자산)
2137,200806,0010225,현대카드㈜,A3,할부 카드대급금,1068244000000,신용카드사,B,SC107,부문별 자산현황(카드자산)
2138,200806,0010225,현대카드㈜,A4,현금서비스,413232000000,신용카드사,B,SC107,부문별 자산현황(카드자산)
2139,200806,0010225,현대카드㈜,A5,카드론,668521000000,신용카드사,B,SC107,부문별 자산현황(카드자산)
2140,200806,0010225,현대카드㈜,A6,기타 카드자산,621729000000,신용카드사,B,SC107,부문별 자산현황(카드자산)
2141,200806,0010225,현대카드㈜,A61,기타 카드자산_리볼빙카드자산,621423000000,신용카드사,B,SC107,부문별 자산현황(카드자산)
2142,200806,0010225,현대카드㈜,A610,기타 카드자산_리볼빙카드자산_결제성리볼빙,474146000000,신용카드사,B,SC107,부문별 자산현황(카드자산)
2143,200806,0010225,현대카드㈜,A611,기타 카드자산_리볼빙카드자산_대출성리볼빙,147277000000,신용카드사,B,SC107,부문별 자산현황(카드자산)
2144,200806,0010225,현대카드㈜,A62,기타 카드자산_기타,306000000,신용카드사,B,SC107,부문별 자산현황(카드자산)
2145,200809,0010225,현대카드㈜,A,카드자산,3482765000000,신용카드사,B,SC107,부문별 자산현황(카드자산)
2146,200809,0010225,현대카드㈜,A1,(대손충당금 등),116893000000,신용카드사,B,SC107,부문별 자산현황(카드자산)
2147,200809,0010225,현대카드㈜,A2,일시불 카드대급금,1013275000000,신용카드사,B,SC107,부문별 자산현황(카드자산)
2148,200809,0010225,현대카드㈜,A3,할부 카드대급금,954675000000,신용카드사,B,SC107,부문별 자산현황(카드자산)
2149,200809,0010225,현대카드㈜,A4,현금서비스,278356000000,신용카드사,B,SC107,부문별 자산현황(카드자산)
2150,200809,0010225,현대카드㈜,A5,카드론,626183000000,신용카드사,B,SC107,부문별 자산현황(카드자산)
2151,200809,0010225,현대카드㈜,A6,기타 카드자산,727169000000,신용카드사,B,SC107,부문별 자산현황(카드자산)
2152,200809,0010225,현대카드㈜,A61,기타 카드자산_리볼빙카드자산,726818000000,신용카드사,B,SC107,부문별 자산현황(카드자산)
2153,200809,0010225,현대카드㈜,A610,기타 카드자산_리볼빙카드자산_결제성리볼빙,557604000000,신용카드사,B,SC107,부문별 자산현황(카드자산)
2154,200809,0010225,현대카드㈜,A611,기타 카드자산_리볼빙카드자산_대출성리볼빙,169214000000,신용카드사,B,SC107,부문별 자산현황(카드자산)
2155,200809,0010225,현대카드㈜,A62,기타 카드자산_기타,351000000,신용카드사,B,SC107,부문별 자산현황(카드자산)
2156,200812,0010225,현대카드㈜,A,카드자산,3859145000000,신용카드사,B,SC107,부문별 자산현황(카드자산)
2157,200812,0010225,현대카드㈜,A1,(대손충당금 등),126976000000,신용카드사,B,SC107,부문별 자산현황(카드자산)
2158,200812,0010225,현대카드㈜,A2,일시불 카드대급금,1200854000000,신용카드사,B,SC107,부문별 자산현황(카드자산)
2159,200812,0010225,현대카드㈜,A3,할부 카드대급금,1107016000000,신용카드사,B,SC107,부문별 자산현황(카드자산)
2160,200812,0010225,현대카드㈜,A4,현금서비스,294282000000,신용카드사,B,SC107,부문별 자산현황(카드자산)
2161,200812,0010225,현대카드㈜,A5,카드론,584208000000,신용카드사,B,SC107,부문별 자산현황(카드자산)
2162,200812,0010225,현대카드㈜,A6,기타 카드자산,799761000000,신용카드사,B,SC107,부문별 자산현황(카드자산)
2163,200812,0010225,현대카드㈜,A61,기타 카드자산_리볼빙카드자산,799043000000,신용카드사,B,SC107,부문별 자산현황(카드자산)
2164,200812,0010225,현대카드㈜,A610,기타 카드자산_리볼빙카드자산_결제성리볼빙,619283000000,신용카드사,B,SC107,부문별 자산현황(카드자산)
2165,200812,0010225,현대카드㈜,A611,기타 카드자산_리볼빙카드자산_대출성리볼빙,179760000000,신용카드사,B,SC107,부문별 자산현황(카드자산)
2166,200812,0010225,현대카드㈜,A62,기타 카드자산_기타,718000000,신용카드사,B,SC107,부문별 자산현황(카드자산)
2167,200903,0010225,현대카드㈜,A,카드자산,4110126000000,신용카드사,B,SC107,부문별 자산현황(카드자산)
2168,200903,0010225,현대카드㈜,A1,(대손충당금 등),122464000000,신용카드사,B,SC107,부문별 자산현황(카드자산)
2169,200903,0010225,현대카드㈜,A2,일시불 카드대급금,1242987000000,신용카드사,B,SC107,부문별 자산현황(카드자산)
2170,200903,0010225,현대카드㈜,A3,할부 카드대급금,1329502000000,신용카드사,B,SC107,부문별 자산현황(카드자산)
2171,200903,0010225,현대카드㈜,A4,현금서비스,292721000000,신용카드사,B,SC107,부문별 자산현황(카드자산)
2172,200903,0010225,현대카드㈜,A5,카드론,593095000000,신용카드사,B,SC107,부문별 자산현황(카드자산)
2173,200903,0010225,현대카드㈜,A6,기타 카드자산,774285000000,신용카드사,B,SC107,부문별 자산현황(카드자산)
2174,200903,0010225,현대카드㈜,A61,기타 카드자산_리볼빙카드자산,773938000000,신용카드사,B,SC107,부문별 자산현황(카드자산)
2175,200903,0010225,현대카드㈜,A610,기타 카드자산_리볼빙카드자산_결제성리볼빙,609319000000,신용카드사,B,SC107,부문별 자산현황(카드자산)
2176,200903,0010225,현대카드㈜,A611,기타 카드자산_리볼빙카드자산_대출성리볼빙,164619000000,신용카드사,B,SC107,부문별 자산현황(카드자산)
2177,200903,0010225,현대카드㈜,A62,기타 카드자산_기타,347000000,신용카드사,B,SC107,부문별 자산현황(카드자산)
2178,200906,0010225,현대카드㈜,A,카드자산,4486798000000,신용카드사,B,SC107,부문별 자산현황(카드자산)
2179,200906,0010225,현대카드㈜,A1,(대손충당금 등),119814000000,신용카드사,B,SC107,부문별 자산현황(카드자산)
2180,200906,0010225,현대카드㈜,A2,일시불 카드대급금,1772765000000,신용카드사,B,SC107,부문별 자산현황(카드자산)
2181,200906,0010225,현대카드㈜,A3,할부 카드대급금,1125869000000,신용카드사,B,SC107,부문별 자산현황(카드자산)
2182,200906,0010225,현대카드㈜,A4,현금서비스,304882000000,신용카드사,B,SC107,부문별 자산현황(카드자산)
2183,200906,0010225,현대카드㈜,A5,카드론,633459000000,신용카드사,B,SC107,부문별 자산현황(카드자산)
2184,200906,0010225,현대카드㈜,A6,기타 카드자산,769637000000,신용카드사,B,SC107,부문별 자산현황(카드자산)
2185,200906,0010225,현대카드㈜,A61,기타 카드자산_리볼빙카드자산,769315000000,신용카드사,B,SC107,부문별 자산현황(카드자산)
2186,200906,0010225,현대카드㈜,A610,기타 카드자산_리볼빙카드자산_결제성리볼빙,613850000000,신용카드사,B,SC107,부문별 자산현황(카드자산)
2187,200906,0010225,현대카드㈜,A611,기타 카드자산_리볼빙카드자산_대출성리볼빙,155465000000,신용카드사,B,SC107,부문별 자산현황(카드자산)
2188,200906,0010225,현대카드㈜,A62,기타 카드자산_기타,322000000,신용카드사,B,SC107,부문별 자산현황(카드자산)
2189,200909,0010225,현대카드㈜,A,카드자산,4650973000000,신용카드사,B,SC107,부문별 자산현황(카드자산)
2190,200909,0010225,현대카드㈜,A1,(대손충당금 등),117507000000,신용카드사,B,SC107,부문별 자산현황(카드자산)
2191,200909,0010225,현대카드㈜,A2,일시불 카드대급금,1733080000000,신용카드사,B,SC107,부문별 자산현황(카드자산)
2192,200909,0010225,현대카드㈜,A3,할부 카드대급금,1212067000000,신용카드사,B,SC107,부문별 자산현황(카드자산)
2193,200909,0010225,현대카드㈜,A4,현금서비스,323169000000,신용카드사,B,SC107,부문별 자산현황(카드자산)
2194,200909,0010225,현대카드㈜,A5,카드론,729094000000,신용카드사,B,SC107,부문별 자산현황(카드자산)
2195,200909,0010225,현대카드㈜,A6,기타 카드자산,771070000000,신용카드사,B,SC107,부문별 자산현황(카드자산)
2196,200909,0010225,현대카드㈜,A61,기타 카드자산_리볼빙카드자산,770819000000,신용카드사,B,SC107,부문별 자산현황(카드자산)
2197,200909,0010225,현대카드㈜,A610,기타 카드자산_리볼빙카드자산_결제성리볼빙,623998000000,신용카드사,B,SC107,부문별 자산현황(카드자산)
2198,200909,0010225,현대카드㈜,A611,기타 카드자산_리볼빙카드자산_대출성리볼빙,146821000000,신용카드사,B,SC107,부문별 자산현황(카드자산)
2199,200909,0010225,현대카드㈜,A62,기타 카드자산_기타,251000000,신용카드사,B,SC107,부문별 자산현황(카드자산)
2200,200912,0010225,현대카드㈜,A,카드자산,5411378000000,신용카드사,B,SC107,부문별 자산현황(카드자산)
2201,200912,0010225,현대카드㈜,A1,(대손충당금 등),129981000000,신용카드사,B,SC107,부문별 자산현황(카드자산)
2202,200912,0010225,현대카드㈜,A2,일시불 카드대급금,2076940000000,신용카드사,B,SC107,부문별 자산현황(카드자산)
2203,200912,0010225,현대카드㈜,A3,할부 카드대급금,1395200000000,신용카드사,B,SC107,부문별 자산현황(카드자산)
2204,200912,0010225,현대카드㈜,A4,현금서비스,403556000000,신용카드사,B,SC107,부문별 자산현황(카드자산)
2205,200912,0010225,현대카드㈜,A5,카드론,854381000000,신용카드사,B,SC107,부문별 자산현황(카드자산)
2206,200912,0010225,현대카드㈜,A6,기타 카드자산,811282000000,신용카드사,B,SC107,부문별 자산현황(카드자산)
2207,200912,0010225,현대카드㈜,A61,기타 카드자산_리볼빙카드자산,811047000000,신용카드사,B,SC107,부문별 자산현황(카드자산)
2208,200912,0010225,현대카드㈜,A610,기타 카드자산_리볼빙카드자산_결제성리볼빙,653070000000,신용카드사,B,SC107,부문별 자산현황(카드자산)
2209,200912,0010225,현대카드㈜,A611,기타 카드자산_리볼빙카드자산_대출성리볼빙,157977000000,신용카드사,B,SC107,부문별 자산현황(카드자산)
2210,200912,0010225,현대카드㈜,A62,기타 카드자산_기타,235000000,신용카드사,B,SC107,부문별 자산현황(카드자산)
2211,201003,0010225,현대카드㈜,A,카드자산,5552555000000,신용카드사,B,SC107,부문별 자산현황(카드자산)
2212,201003,0010225,현대카드㈜,A1,(대손충당금 등),133525000000,신용카드사,B,SC107,부문별 자산현황(카드자산)
2213,201003,0010225,현대카드㈜,A2,일시불 카드대급금,1691002000000,신용카드사,B,SC107,부문별 자산현황(카드자산)
2214,201003,0010225,현대카드㈜,A3,할부 카드대급금,1709103000000,신용카드사,B,SC107,부문별 자산현황(카드자산)
2215,201003,0010225,현대카드㈜,A4,현금서비스,439735000000,신용카드사,B,SC107,부문별 자산현황(카드자산)
2216,201003,0010225,현대카드㈜,A5,카드론,984340000000,신용카드사,B,SC107,부문별 자산현황(카드자산)
2217,201003,0010225,현대카드㈜,A6,기타 카드자산,861900000000,신용카드사,B,SC107,부문별 자산현황(카드자산)
2218,201003,0010225,현대카드㈜,A61,기타 카드자산_리볼빙카드자산,861670000000,신용카드사,B,SC107,부문별 자산현황(카드자산)
2219,201003,0010225,현대카드㈜,A610,기타 카드자산_리볼빙카드자산_결제성리볼빙,685369000000,신용카드사,B,SC107,부문별 자산현황(카드자산)
2220,201003,0010225,현대카드㈜,A611,기타 카드자산_리볼빙카드자산_대출성리볼빙,176301000000,신용카드사,B,SC107,부문별 자산현황(카드자산)
2221,201003,0010225,현대카드㈜,A62,기타 카드자산_기타,230000000,신용카드사,B,SC107,부문별 자산현황(카드자산)
2222,201006,0010225,현대카드㈜,A,카드자산,5779193000000,신용카드사,B,SC107,부문별 자산현황(카드자산)
2223,201006,0010225,현대카드㈜,A1,(대손충당금 등),140500000000,신용카드사,B,SC107,부문별 자산현황(카드자산)
2224,201006,0010225,현대카드㈜,A2,일시불 카드대급금,1659759000000,신용카드사,B,SC107,부문별 자산현황(카드자산)
2225,201006,0010225,현대카드㈜,A3,할부 카드대급금,1526712000000,신용카드사,B,SC107,부문별 자산현황(카드자산)
2226,201006,0010225,현대카드㈜,A4,현금서비스,513872000000,신용카드사,B,SC107,부문별 자산현황(카드자산)
2227,201006,0010225,현대카드㈜,A5,카드론,1215773000000,신용카드사,B,SC107,부문별 자산현황(카드자산)
2228,201006,0010225,현대카드㈜,A6,기타 카드자산,1003577000000,신용카드사,B,SC107,부문별 자산현황(카드자산)
2229,201006,0010225,현대카드㈜,A61,기타 카드자산_리볼빙카드자산,1003425000000,신용카드사,B,SC107,부문별 자산현황(카드자산)
2230,201006,0010225,현대카드㈜,A610,기타 카드자산_리볼빙카드자산_결제성리볼빙,783596000000,신용카드사,B,SC107,부문별 자산현황(카드자산)
2231,201006,0010225,현대카드㈜,A611,기타 카드자산_리볼빙카드자산_대출성리볼빙,219829000000,신용카드사,B,SC107,부문별 자산현황(카드자산)
2232,201006,0010225,현대카드㈜,A62,기타 카드자산_기타,152000000,신용카드사,B,SC107,부문별 자산현황(카드자산)
2233,201009,0010225,현대카드㈜,A,카드자산,6573526000000,신용카드사,B,SC107,부문별 자산현황(카드자산)
2234,201009,0010225,현대카드㈜,A1,(대손충당금 등),140448000000,신용카드사,B,SC107,부문별 자산현황(카드자산)
2235,201009,0010225,현대카드㈜,A2,일시불 카드대급금,1808065000000,신용카드사,B,SC107,부문별 자산현황(카드자산)
2236,201009,0010225,현대카드㈜,A3,할부 카드대급금,1652262000000,신용카드사,B,SC107,부문별 자산현황(카드자산)
2237,201009,0010225,현대카드㈜,A4,현금서비스,569584000000,신용카드사,B,SC107,부문별 자산현황(카드자산)
2238,201009,0010225,현대카드㈜,A5,카드론,1482056000000,신용카드사,B,SC107,부문별 자산현황(카드자산)
2239,201009,0010225,현대카드㈜,A6,기타 카드자산,1202007000000,신용카드사,B,SC107,부문별 자산현황(카드자산)
2240,201009,0010225,현대카드㈜,A61,기타 카드자산_리볼빙카드자산,1201878000000,신용카드사,B,SC107,부문별 자산현황(카드자산)
2241,201009,0010225,현대카드㈜,A610,기타 카드자산_리볼빙카드자산_결제성리볼빙,943144000000,신용카드사,B,SC107,부문별 자산현황(카드자산)
2242,201009,0010225,현대카드㈜,A611,기타 카드자산_리볼빙카드자산_대출성리볼빙,258734000000,신용카드사,B,SC107,부문별 자산현황(카드자산)
2243,201009,0010225,현대카드㈜,A62,기타 카드자산_기타,129000000,신용카드사,B,SC107,부문별 자산현황(카드자산)
2244,201012,0010225,현대카드㈜,A,카드자산,7391717000000,신용카드사,B,SC107,부문별 자산현황(카드자산)
2245,201012,0010225,현대카드㈜,A1,(대손충당금 등),166383000000,신용카드사,B,SC107,부문별 자산현황(카드자산)
2246,201012,0010225,현대카드㈜,A2,일시불 카드대급금,1951535000000,신용카드사,B,SC107,부문별 자산현황(카드자산)
2247,201012,0010225,현대카드㈜,A3,할부 카드대급금,1880548000000,신용카드사,B,SC107,부문별 자산현황(카드자산)
2248,201012,0010225,현대카드㈜,A4,현금서비스,627608000000,신용카드사,B,SC107,부문별 자산현황(카드자산)
2249,201012,0010225,현대카드㈜,A5,카드론,1702064000000,신용카드사,B,SC107,부문별 자산현황(카드자산)
2250,201012,0010225,현대카드㈜,A6,기타 카드자산,1396345000000,신용카드사,B,SC107,부문별 자산현황(카드자산)
2251,201012,0010225,현대카드㈜,A61,기타 카드자산_리볼빙카드자산,1396240000000,신용카드사,B,SC107,부문별 자산현황(카드자산)
2252,201012,0010225,현대카드㈜,A610,기타 카드자산_리볼빙카드자산_결제성리볼빙,1089740000000,신용카드사,B,SC107,부문별 자산현황(카드자산)
2253,201012,0010225,현대카드㈜,A611,기타 카드자산_리볼빙카드자산_대출성리볼빙,306500000000,신용카드사,B,SC107,부문별 자산현황(카드자산)
2254,201012,0010225,현대카드㈜,A62,기타 카드자산_기타,105000000,신용카드사,B,SC107,부문별 자산현황(카드자산)
2255,201103,0010225,현대카드㈜,A,카드자산,8951202000000,신용카드사,B,SC107,부문별 자산현황(카드자산)
2256,201103,0010225,현대카드㈜,A1,카드자산_(대손충당금 등),197486000000,신용카드사,B,SC107,부문별 자산현황(카드자산)
2257,201103,0010225,현대카드㈜,A2,카드자산_일시불 카드대급금,2368018000000,신용카드사,B,SC107,부문별 자산현황(카드자산)
2258,201103,0010225,현대카드㈜,A3,카드자산_할부 카드대급금,2219938000000,신용카드사,B,SC107,부문별 자산현황(카드자산)
2259,201103,0010225,현대카드㈜,A4,카드자산_현금서비스,804805000000,신용카드사,B,SC107,부문별 자산현황(카드자산)
2260,201103,0010225,현대카드㈜,A5,카드자산_카드론,2002435000000,신용카드사,B,SC107,부문별 자산현황(카드자산)
2261,201103,0010225,현대카드㈜,A6,카드자산_기타 카드자산,1753492000000,신용카드사,B,SC107,부문별 자산현황(카드자산)
2262,201103,0010225,현대카드㈜,A61,카드자산_기타 카드자산_리볼빙카드자산,1753383000000,신용카드사,B,SC107,부문별 자산현황(카드자산)
2263,201103,0010225,현대카드㈜,A610,카드자산_기타 카드자산_리볼빙카드자산_결제성리볼빙,1376444000000,신용카드사,B,SC107,부문별 자산현황(카드자산)
2264,201103,0010225,현대카드㈜,A611,카드자산_기타 카드자산_리볼빙카드자산_대출성리볼빙,376939000000,신용카드사,B,SC107,부문별 자산현황(카드자산)
2265,201103,0010225,현대카드㈜,A62,카드자산_기타 카드자산_기타,109000000,신용카드사,B,SC107,부문별 자산현황(카드자산)
2266,201106,0010225,현대카드㈜,A,카드자산,8581540000000,신용카드사,B,SC107,부문별 자산현황(카드자산)
2267,201106,0010225,현대카드㈜,A1,카드자산_(대손충당금 등),187111000000,신용카드사,B,SC107,부문별 자산현황(카드자산)
2268,201106,0010225,현대카드㈜,A2,카드자산_일시불 카드대급금,2257053000000,신용카드사,B,SC107,부문별 자산현황(카드자산)
2269,201106,0010225,현대카드㈜,A3,카드자산_할부 카드대급금,2047553000000,신용카드사,B,SC107,부문별 자산현황(카드자산)
2270,201106,0010225,현대카드㈜,A4,카드자산_현금서비스,765420000000,신용카드사,B,SC107,부문별 자산현황(카드자산)
2271,201106,0010225,현대카드㈜,A5,카드자산_카드론,1866254000000,신용카드사,B,SC107,부문별 자산현황(카드자산)
2272,201106,0010225,현대카드㈜,A6,카드자산_기타 카드자산,1832371000000,신용카드사,B,SC107,부문별 자산현황(카드자산)
2273,201106,0010225,현대카드㈜,A61,카드자산_기타 카드자산_리볼빙카드자산,1832220000000,신용카드사,B,SC107,부문별 자산현황(카드자산)
2274,201106,0010225,현대카드㈜,A610,카드자산_기타 카드자산_리볼빙카드자산_결제성리볼빙,1459735000000,신용카드사,B,SC107,부문별 자산현황(카드자산)
2275,201106,0010225,현대카드㈜,A611,카드자산_기타 카드자산_리볼빙카드자산_대출성리볼빙,372486000000,신용카드사,B,SC107,부문별 자산현황(카드자산)
2276,201106,0010225,현대카드㈜,A62,카드자산_기타 카드자산_기타,151000000,신용카드사,B,SC107,부문별 자산현황(카드자산)
2277,201109,0010225,현대카드㈜,A,카드자산,8698196000000,신용카드사,B,SC107,부문별 자산현황(카드자산)
2278,201109,0010225,현대카드㈜,A1,카드자산_(대손충당금 등),170988000000,신용카드사,B,SC107,부문별 자산현황(카드자산)
2279,201109,0010225,현대카드㈜,A2,카드자산_일시불 카드대급금,2239419000000,신용카드사,B,SC107,부문별 자산현황(카드자산)
2280,201109,0010225,현대카드㈜,A3,카드자산_할부 카드대급금,2131446000000,신용카드사,B,SC107,부문별 자산현황(카드자산)
2281,201109,0010225,현대카드㈜,A4,카드자산_현금서비스,688837000000,신용카드사,B,SC107,부문별 자산현황(카드자산)
2282,201109,0010225,현대카드㈜,A5,카드자산_카드론,1893260000000,신용카드사,B,SC107,부문별 자산현황(카드자산)
2283,201109,0010225,현대카드㈜,A6,카드자산_기타 카드자산,1916223000000,신용카드사,B,SC107,부문별 자산현황(카드자산)
2284,201109,0010225,현대카드㈜,A61,카드자산_기타 카드자산_리볼빙카드자산,1916088000000,신용카드사,B,SC107,부문별 자산현황(카드자산)
2285,201109,0010225,현대카드㈜,A610,카드자산_기타 카드자산_리볼빙카드자산_결제성리볼빙,1558633000000,신용카드사,B,SC107,부문별 자산현황(카드자산)
2286,201109,0010225,현대카드㈜,A611,카드자산_기타 카드자산_리볼빙카드자산_대출성리볼빙,357454000000,신용카드사,B,SC107,부문별 자산현황(카드자산)
2287,201109,0010225,현대카드㈜,A62,카드자산_기타 카드자산_기타,135000000,신용카드사,B,SC107,부문별 자산현황(카드자산)
2288,201112,0010225,현대카드㈜,A,카드자산,9374267000000,신용카드사,B,SC107,부문별 자산현황(카드자산)
2289,201112,0010225,현대카드㈜,A1,카드자산_(대손충당금 등),188741000000,신용카드사,B,SC107,부문별 자산현황(카드자산)
2290,201112,0010225,현대카드㈜,A2,카드자산_일시불 카드대급금,2415116000000,신용카드사,B,SC107,부문별 자산현황(카드자산)
2291,201112,0010225,현대카드㈜,A3,카드자산_할부 카드대급금,2426063000000,신용카드사,B,SC107,부문별 자산현황(카드자산)
2292,201112,0010225,현대카드㈜,A4,카드자산_현금서비스,667462000000,신용카드사,B,SC107,부문별 자산현황(카드자산)
2293,201112,0010225,현대카드㈜,A5,카드자산_카드론,2031461000000,신용카드사,B,SC107,부문별 자산현황(카드자산)
2294,201112,0010225,현대카드㈜,A6,카드자산_기타 카드자산,2022905000000,신용카드사,B,SC107,부문별 자산현황(카드자산)
2295,201112,0010225,현대카드㈜,A61,카드자산_기타 카드자산_리볼빙카드자산,2022760000000,신용카드사,B,SC107,부문별 자산현황(카드자산)
2296,201112,0010225,현대카드㈜,A610,카드자산_기타 카드자산_리볼빙카드자산_결제성리볼빙,1674194000000,신용카드사,B,SC107,부문별 자산현황(카드자산)
2297,201112,0010225,현대카드㈜,A611,카드자산_기타 카드자산_리볼빙카드자산_대출성리볼빙,348566000000,신용카드사,B,SC107,부문별 자산현황(카드자산)
2298,201112,0010225,현대카드㈜,A62,카드자산_기타 카드자산_기타,144000000,신용카드사,B,SC107,부문별 자산현황(카드자산)
2299,201203,0010225,현대카드㈜,A,카드자산,9251090000000,신용카드사,B,SC107,부문별 자산현황(카드자산)
2300,201203,0010225,현대카드㈜,A1,카드자산_(대손충당금 등),186567000000,신용카드사,B,SC107,부문별 자산현황(카드자산)
2301,201203,0010225,현대카드㈜,A2,카드자산_일시불 카드대급금,2259212000000,신용카드사,B,SC107,부문별 자산현황(카드자산)
2302,201203,0010225,현대카드㈜,A3,카드자산_할부 카드대급금,2427472000000,신용카드사,B,SC107,부문별 자산현황(카드자산)
2303,201203,0010225,현대카드㈜,A4,카드자산_현금서비스,628353000000,신용카드사,B,SC107,부문별 자산현황(카드자산)
2304,201203,0010225,현대카드㈜,A5,카드자산_카드론,2177393000000,신용카드사,B,SC107,부문별 자산현황(카드자산)
2305,201203,0010225,현대카드㈜,A6,카드자산_기타 카드자산,1945227000000,신용카드사,B,SC107,부문별 자산현황(카드자산)
2306,201203,0010225,현대카드㈜,A61,카드자산_기타 카드자산_리볼빙카드자산,1945082000000,신용카드사,B,SC107,부문별 자산현황(카드자산)
2307,201203,0010225,현대카드㈜,A610,카드자산_기타 카드자산_리볼빙카드자산_결제성리볼빙,1621808000000,신용카드사,B,SC107,부문별 자산현황(카드자산)
2308,201203,0010225,현대카드㈜,A611,카드자산_기타 카드자산_리볼빙카드자산_대출성리볼빙,323274000000,신용카드사,B,SC107,부문별 자산현황(카드자산)
2309,201203,0010225,현대카드㈜,A62,카드자산_기타 카드자산_기타,145000000,신용카드사,B,SC107,부문별 자산현황(카드자산)
2310,201206,0010225,현대카드㈜,A,카드자산,9499675000000,신용카드사,B,SC107,부문별 자산현황(카드자산)
2311,201206,0010225,현대카드㈜,A1,카드자산_(대손충당금 등),193516000000,신용카드사,B,SC107,부문별 자산현황(카드자산)
2312,201206,0010225,현대카드㈜,A2,카드자산_일시불 카드대급금,2330225000000,신용카드사,B,SC107,부문별 자산현황(카드자산)
2313,201206,0010225,현대카드㈜,A3,카드자산_할부 카드대급금,2472971000000,신용카드사,B,SC107,부문별 자산현황(카드자산)
2314,201206,0010225,현대카드㈜,A4,카드자산_현금서비스,633259000000,신용카드사,B,SC107,부문별 자산현황(카드자산)
2315,201206,0010225,현대카드㈜,A5,카드자산_카드론,2259186000000,신용카드사,B,SC107,부문별 자산현황(카드자산)
2316,201206,0010225,현대카드㈜,A6,카드자산_기타 카드자산,1997549000000,신용카드사,B,SC107,부문별 자산현황(카드자산)
2317,201206,0010225,현대카드㈜,A61,카드자산_기타 카드자산_리볼빙카드자산,1997398000000,신용카드사,B,SC107,부문별 자산현황(카드자산)
2318,201206,0010225,현대카드㈜,A610,카드자산_기타 카드자산_리볼빙카드자산_결제성리볼빙,1671515000000,신용카드사,B,SC107,부문별 자산현황(카드자산)
2319,201206,0010225,현대카드㈜,A611,카드자산_기타 카드자산_리볼빙카드자산_대출성리볼빙,325883000000,신용카드사,B,SC107,부문별 자산현황(카드자산)
2320,201206,0010225,현대카드㈜,A62,카드자산_기타 카드자산_기타,151000000,신용카드사,B,SC107,부문별 자산현황(카드자산)
2321,201209,0010225,현대카드㈜,A,카드자산,9265730000000,신용카드사,B,SC107,부문별 자산현황(카드자산)
2322,201209,0010225,현대카드㈜,A1,카드자산_(대손충당금 등),183903000000,신용카드사,B,SC107,부문별 자산현황(카드자산)
2323,201209,0010225,현대카드㈜,A2,카드자산_일시불 카드대급금,2326464000000,신용카드사,B,SC107,부문별 자산현황(카드자산)
2324,201209,0010225,현대카드㈜,A3,카드자산_할부 카드대급금,2219938000000,신용카드사,B,SC107,부문별 자산현황(카드자산)
2325,201209,0010225,현대카드㈜,A4,카드자산_현금서비스,611745000000,신용카드사,B,SC107,부문별 자산현황(카드자산)
2326,201209,0010225,현대카드㈜,A5,카드자산_카드론,2277285000000,신용카드사,B,SC107,부문별 자산현황(카드자산)
2327,201209,0010225,현대카드㈜,A6,카드자산_기타 카드자산,2014203000000,신용카드사,B,SC107,부문별 자산현황(카드자산)
2328,201209,0010225,현대카드㈜,A61,카드자산_기타 카드자산_리볼빙카드자산,2014063000000,신용카드사,B,SC107,부문별 자산현황(카드자산)
2329,201209,0010225,현대카드㈜,A610,카드자산_기타 카드자산_리볼빙카드자산_결제성리볼빙,1693150000000,신용카드사,B,SC107,부문별 자산현황(카드자산)
2330,201209,0010225,현대카드㈜,A611,카드자산_기타 카드자산_리볼빙카드자산_대출성리볼빙,320913000000,신용카드사,B,SC107,부문별 자산현황(카드자산)
2331,201209,0010225,현대카드㈜,A62,카드자산_기타 카드자산_기타,140000000,신용카드사,B,SC107,부문별 자산현황(카드자산)
2332,201212,0010225,현대카드㈜,A,카드자산,9707038000000,신용카드사,B,SC107,부문별 자산현황(카드자산)
2333,201212,0010225,현대카드㈜,A1,카드자산_(대손충당금 등),190592000000,신용카드사,B,SC107,부문별 자산현황(카드자산)
2334,201212,0010225,현대카드㈜,A2,카드자산_일시불 카드대급금,2612971000000,신용카드사,B,SC107,부문별 자산현황(카드자산)
2335,201212,0010225,현대카드㈜,A3,카드자산_할부 카드대급금,2211189000000,신용카드사,B,SC107,부문별 자산현황(카드자산)
2336,201212,0010225,현대카드㈜,A4,카드자산_현금서비스,612429000000,신용카드사,B,SC107,부문별 자산현황(카드자산)
2337,201212,0010225,현대카드㈜,A5,카드자산_카드론,2352281000000,신용카드사,B,SC107,부문별 자산현황(카드자산)
2338,201212,0010225,현대카드㈜,A6,카드자산_기타 카드자산,2108760000000,신용카드사,B,SC107,부문별 자산현황(카드자산)
2339,201212,0010225,현대카드㈜,A61,카드자산_기타 카드자산_리볼빙카드자산,2108621000000,신용카드사,B,SC107,부문별 자산현황(카드자산)
2340,201212,0010225,현대카드㈜,A610,카드자산_기타 카드자산_리볼빙카드자산_결제성리볼빙,1781031000000,신용카드사,B,SC107,부문별 자산현황(카드자산)
2341,201212,0010225,현대카드㈜,A611,카드자산_기타 카드자산_리볼빙카드자산_대출성리볼빙,327590000000,신용카드사,B,SC107,부문별 자산현황(카드자산)
2342,201212,0010225,현대카드㈜,A62,카드자산_기타 카드자산_기타,139000000,신용카드사,B,SC107,부문별 자산현황(카드자산)
2343,201303,0010225,현대카드㈜,A,카드자산,8975757000000,신용카드사,B,SC107,부문별 자산현황(카드자산)
2344,201303,0010225,현대카드㈜,A1,카드자산_(대손충당금 등),188802000000,신용카드사,B,SC107,부문별 자산현황(카드자산)
2345,201303,0010225,현대카드㈜,A2,카드자산_일시불 카드대급금,2405230000000,신용카드사,B,SC107,부문별 자산현황(카드자산)
2346,201303,0010225,현대카드㈜,A3,카드자산_할부 카드대급금,1711738000000,신용카드사,B,SC107,부문별 자산현황(카드자산)
2347,201303,0010225,현대카드㈜,A4,카드자산_현금서비스,578299000000,신용카드사,B,SC107,부문별 자산현황(카드자산)
2348,201303,0010225,현대카드㈜,A5,카드자산_카드론,2402530000000,신용카드사,B,SC107,부문별 자산현황(카드자산)
2349,201303,0010225,현대카드㈜,A6,카드자산_기타 카드자산,2066763000000,신용카드사,B,SC107,부문별 자산현황(카드자산)
2350,201303,0010225,현대카드㈜,A61,카드자산_기타 카드자산_리볼빙카드자산,2066645000000,신용카드사,B,SC107,부문별 자산현황(카드자산)
2351,201303,0010225,현대카드㈜,A610,카드자산_기타 카드자산_리볼빙카드자산_결제성리볼빙,1753263000000,신용카드사,B,SC107,부문별 자산현황(카드자산)
2352,201303,0010225,현대카드㈜,A611,카드자산_기타 카드자산_리볼빙카드자산_대출성리볼빙,313381000000,신용카드사,B,SC107,부문별 자산현황(카드자산)
2353,201303,0010225,현대카드㈜,A62,카드자산_기타 카드자산_기타,118000000,신용카드사,B,SC107,부문별 자산현황(카드자산)
2354,201306,0010225,현대카드㈜,A,카드자산,9110762000000,신용카드사,B,SC107,부문별 자산현황(카드자산)
2355,201306,0010225,현대카드㈜,A1,카드자산_(대손충당금 등),194987000000,신용카드사,B,SC107,부문별 자산현황(카드자산)
2356,201306,0010225,현대카드㈜,A2,카드자산_일시불 카드대급금,2328614000000,신용카드사,B,SC107,부문별 자산현황(카드자산)
2357,201306,0010225,현대카드㈜,A3,카드자산_할부 카드대급금,1794253000000,신용카드사,B,SC107,부문별 자산현황(카드자산)
2358,201306,0010225,현대카드㈜,A4,카드자산_현금서비스,571851000000,신용카드사,B,SC107,부문별 자산현황(카드자산)
2359,201306,0010225,현대카드㈜,A5,카드자산_카드론,2504234000000,신용카드사,B,SC107,부문별 자산현황(카드자산)
2360,201306,0010225,현대카드㈜,A6,카드자산_기타 카드자산,2106799000000,신용카드사,B,SC107,부문별 자산현황(카드자산)
2361,201306,0010225,현대카드㈜,A61,카드자산_기타 카드자산_리볼빙카드자산,2106663000000,신용카드사,B,SC107,부문별 자산현황(카드자산)
2362,201306,0010225,현대카드㈜,A610,카드자산_기타 카드자산_리볼빙카드자산_결제성리볼빙,1793714000000,신용카드사,B,SC107,부문별 자산현황(카드자산)
2363,201306,0010225,현대카드㈜,A611,카드자산_기타 카드자산_리볼빙카드자산_대출성리볼빙,312948000000,신용카드사,B,SC107,부문별 자산현황(카드자산)
2364,201306,0010225,현대카드㈜,A62,카드자산_기타 카드자산_기타,137000000,신용카드사,B,SC107,부문별 자산현황(카드자산)
2365,201309,0010225,현대카드㈜,A,카드자산,9229678000000,신용카드사,B,SC107,부문별 자산현황(카드자산)
2366,201309,0010225,현대카드㈜,A1,카드자산_(대손충당금 등),200855000000,신용카드사,B,SC107,부문별 자산현황(카드자산)
2367,201309,0010225,현대카드㈜,A2,카드자산_일시불 카드대급금,2249484000000,신용카드사,B,SC107,부문별 자산현황(카드자산)
2368,201309,0010225,현대카드㈜,A3,카드자산_할부 카드대급금,1906455000000,신용카드사,B,SC107,부문별 자산현황(카드자산)
2369,201309,0010225,현대카드㈜,A4,카드자산_현금서비스,542520000000,신용카드사,B,SC107,부문별 자산현황(카드자산)
2370,201309,0010225,현대카드㈜,A5,카드자산_카드론,2595090000000,신용카드사,B,SC107,부문별 자산현황(카드자산)
2371,201309,0010225,현대카드㈜,A6,카드자산_기타 카드자산,2136984000000,신용카드사,B,SC107,부문별 자산현황(카드자산)
2372,201309,0010225,현대카드㈜,A61,카드자산_기타 카드자산_리볼빙카드자산,2136882000000,신용카드사,B,SC107,부문별 자산현황(카드자산)
2373,201309,0010225,현대카드㈜,A610,카드자산_기타 카드자산_리볼빙카드자산_결제성리볼빙,1833615000000,신용카드사,B,SC107,부문별 자산현황(카드자산)
2374,201309,0010225,현대카드㈜,A611,카드자산_기타 카드자산_리볼빙카드자산_대출성리볼빙,303267000000,신용카드사,B,SC107,부문별 자산현황(카드자산)
2375,201309,0010225,현대카드㈜,A62,카드자산_기타 카드자산_기타,102000000,신용카드사,B,SC107,부문별 자산현황(카드자산)
2376,201312,0010225,현대카드㈜,A,카드자산,9729167000000,신용카드사,B,SC107,부문별 자산현황(카드자산)
2377,201312,0010225,현대카드㈜,A1,카드자산_(대손충당금 등),218201000000,신용카드사,B,SC107,부문별 자산현황(카드자산)
2378,201312,0010225,현대카드㈜,A2,카드자산_일시불 카드대급금,2357880000000,신용카드사,B,SC107,부문별 자산현황(카드자산)
2379,201312,0010225,현대카드㈜,A3,카드자산_할부 카드대급금,2138432000000,신용카드사,B,SC107,부문별 자산현황(카드자산)
2380,201312,0010225,현대카드㈜,A4,카드자산_현금서비스,545997000000,신용카드사,B,SC107,부문별 자산현황(카드자산)
2381,201312,0010225,현대카드㈜,A5,카드자산_카드론,2702253000000,신용카드사,B,SC107,부문별 자산현황(카드자산)
2382,201312,0010225,현대카드㈜,A6,카드자산_기타 카드자산,2202805000000,신용카드사,B,SC107,부문별 자산현황(카드자산)
2383,201312,0010225,현대카드㈜,A61,카드자산_기타 카드자산_리볼빙카드자산,2202674000000,신용카드사,B,SC107,부문별 자산현황(카드자산)
2384,201312,0010225,현대카드㈜,A610,카드자산_기타 카드자산_리볼빙카드자산_결제성리볼빙,1899249000000,신용카드사,B,SC107,부문별 자산현황(카드자산)
2385,201312,0010225,현대카드㈜,A611,카드자산_기타 카드자산_리볼빙카드자산_대출성리볼빙,303425000000,신용카드사,B,SC107,부문별 자산현황(카드자산)
2386,201312,0010225,현대카드㈜,A62,카드자산_기타 카드자산_기타,131000000,신용카드사,B,SC107,부문별 자산현황(카드자산)
2387,201403,0010225,현대카드㈜,A,카드자산,9640914000000,신용카드사,B,SC107,부문별 자산현황(카드자산)
2388,201403,0010225,현대카드㈜,A1,카드자산_(대손충당금 등),218357000000,신용카드사,B,SC107,부문별 자산현황(카드자산)
2389,201403,0010225,현대카드㈜,A2,카드자산_일시불 카드대급금,2319825000000,신용카드사,B,SC107,부문별 자산현황(카드자산)
2390,201403,0010225,현대카드㈜,A3,카드자산_할부 카드대급금,2090669000000,신용카드사,B,SC107,부문별 자산현황(카드자산)
2391,201403,0010225,현대카드㈜,A4,카드자산_현금서비스,547803000000,신용카드사,B,SC107,부문별 자산현황(카드자산)
2392,201403,0010225,현대카드㈜,A5,카드자산_카드론,2770539000000,신용카드사,B,SC107,부문별 자산현황(카드자산)
2393,201403,0010225,현대카드㈜,A6,카드자산_기타 카드자산,2130434000000,신용카드사,B,SC107,부문별 자산현황(카드자산)
2394,201403,0010225,현대카드㈜,A61,카드자산_기타 카드자산_리볼빙카드자산,2130312000000,신용카드사,B,SC107,부문별 자산현황(카드자산)
2395,201403,0010225,현대카드㈜,A610,카드자산_기타 카드자산_리볼빙카드자산_결제성리볼빙,1828797000000,신용카드사,B,SC107,부문별 자산현황(카드자산)
2396,201403,0010225,현대카드㈜,A611,카드자산_기타 카드자산_리볼빙카드자산_대출성리볼빙,301515000000,신용카드사,B,SC107,부문별 자산현황(카드자산)
2397,201403,0010225,현대카드㈜,A62,카드자산_기타 카드자산_기타,122000000,신용카드사,B,SC107,부문별 자산현황(카드자산)
2398,201406,0010225,현대카드㈜,A,카드자산,9942822000000,신용카드사,B,SC107,부문별 자산현황(카드자산)
2399,201406,0010225,현대카드㈜,A1,카드자산_(대손충당금 등),224189000000,신용카드사,B,SC107,부문별 자산현황(카드자산)
2400,201406,0010225,현대카드㈜,A2,카드자산_일시불 카드대급금,2306189000000,신용카드사,B,SC107,부문별 자산현황(카드자산)
2401,201406,0010225,현대카드㈜,A3,카드자산_할부 카드대급금,2176908000000,신용카드사,B,SC107,부문별 자산현황(카드자산)
2402,201406,0010225,현대카드㈜,A4,카드자산_현금서비스,558941000000,신용카드사,B,SC107,부문별 자산현황(카드자산)
2403,201406,0010225,현대카드㈜,A5,카드자산_카드론,2962599000000,신용카드사,B,SC107,부문별 자산현황(카드자산)
2404,201406,0010225,현대카드㈜,A6,카드자산_기타 카드자산,2162373000000,신용카드사,B,SC107,부문별 자산현황(카드자산)
2405,201406,0010225,현대카드㈜,A61,카드자산_기타 카드자산_리볼빙카드자산,2162250000000,신용카드사,B,SC107,부문별 자산현황(카드자산)
2406,201406,0010225,현대카드㈜,A610,카드자산_기타 카드자산_리볼빙카드자산_결제성리볼빙,1851262000000,신용카드사,B,SC107,부문별 자산현황(카드자산)
2407,201406,0010225,현대카드㈜,A611,카드자산_기타 카드자산_리볼빙카드자산_대출성리볼빙,310989000000,신용카드사,B,SC107,부문별 자산현황(카드자산)
2408,201406,0010225,현대카드㈜,A62,카드자산_기타 카드자산_기타,123000000,신용카드사,B,SC107,부문별 자산현황(카드자산)
2409,201409,0010225,현대카드㈜,A,카드자산,9968008000000,신용카드사,B,SC107,부문별 자산현황(카드자산)
2410,201409,0010225,현대카드㈜,A1,카드자산_(대손충당금 등),228667000000,신용카드사,B,SC107,부문별 자산현황(카드자산)
2411,201409,0010225,현대카드㈜,A2,카드자산_일시불 카드대급금,2234492000000,신용카드사,B,SC107,부문별 자산현황(카드자산)
2412,201409,0010225,현대카드㈜,A3,카드자산_할부 카드대급금,2206820000000,신용카드사,B,SC107,부문별 자산현황(카드자산)
2413,201409,0010225,현대카드㈜,A4,카드자산_현금서비스,551435000000,신용카드사,B,SC107,부문별 자산현황(카드자산)
2414,201409,0010225,현대카드㈜,A5,카드자산_카드론,3035870000000,신용카드사,B,SC107,부문별 자산현황(카드자산)
2415,201409,0010225,현대카드㈜,A6,카드자산_기타 카드자산,2168058000000,신용카드사,B,SC107,부문별 자산현황(카드자산)
2416,201409,0010225,현대카드㈜,A61,카드자산_기타 카드자산_리볼빙카드자산,2167797000000,신용카드사,B,SC107,부문별 자산현황(카드자산)
2417,201409,0010225,현대카드㈜,A610,카드자산_기타 카드자산_리볼빙카드자산_결제성리볼빙,1862124000000,신용카드사,B,SC107,부문별 자산현황(카드자산)
2418,201409,0010225,현대카드㈜,A611,카드자산_기타 카드자산_리볼빙카드자산_대출성리볼빙,305673000000,신용카드사,B,SC107,부문별 자산현황(카드자산)
2419,201409,0010225,현대카드㈜,A62,카드자산_기타 카드자산_기타,261000000,신용카드사,B,SC107,부문별 자산현황(카드자산)
2420,201412,0010225,현대카드㈜,A,카드자산,10549897000000,신용카드사,B,SC107,부문별 자산현황(카드자산)
2421,201412,0010225,현대카드㈜,A1,카드자산_(대손충당금 등),250015000000,신용카드사,B,SC107,부문별 자산현황(카드자산)
2422,201412,0010225,현대카드㈜,A2,카드자산_일시불 카드대급금,2530226000000,신용카드사,B,SC107,부문별 자산현황(카드자산)
2423,201412,0010225,현대카드㈜,A3,카드자산_할부 카드대급금,2470190000000,신용카드사,B,SC107,부문별 자산현황(카드자산)
2424,201412,0010225,현대카드㈜,A4,카드자산_현금서비스,539715000000,신용카드사,B,SC107,부문별 자산현황(카드자산)
2425,201412,0010225,현대카드㈜,A5,카드자산_카드론,3047466000000,신용카드사,B,SC107,부문별 자산현황(카드자산)
2426,201412,0010225,현대카드㈜,A6,카드자산_기타 카드자산,2212315000000,신용카드사,B,SC107,부문별 자산현황(카드자산)
2427,201412,0010225,현대카드㈜,A61,카드자산_기타 카드자산_리볼빙카드자산,2212352000000,신용카드사,B,SC107,부문별 자산현황(카드자산)
2428,201412,0010225,현대카드㈜,A610,카드자산_기타 카드자산_리볼빙카드자산_결제성리볼빙,1914519000000,신용카드사,B,SC107,부문별 자산현황(카드자산)
2429,201412,0010225,현대카드㈜,A611,카드자산_기타 카드자산_리볼빙카드자산_대출성리볼빙,297833000000,신용카드사,B,SC107,부문별 자산현황(카드자산)
2430,201412,0010225,현대카드㈜,A62,카드자산_기타 카드자산_기타,-36000000,신용카드사,B,SC107,부문별 자산현황(카드자산)
2431,201503,0010225,현대카드㈜,A,카드자산,10195615000000,신용카드사,B,SC107,부문별 자산현황(카드자산)
2432,201503,0010225,현대카드㈜,A1,카드자산_(대손충당금 등),249246000000,신용카드사,B,SC107,부문별 자산현황(카드자산)
2433,201503,0010225,현대카드㈜,A2,카드자산_일시불 카드대급금,2343405000000,신용카드사,B,SC107,부문별 자산현황(카드자산)
2434,201503,0010225,현대카드㈜,A3,카드자산_할부 카드대급금,2441066000000,신용카드사,B,SC107,부문별 자산현황(카드자산)
2435,201503,0010225,현대카드㈜,A4,카드자산_현금서비스,522613000000,신용카드사,B,SC107,부문별 자산현황(카드자산)
2436,201503,0010225,현대카드㈜,A5,카드자산_카드론,3052324000000,신용카드사,B,SC107,부문별 자산현황(카드자산)
2437,201503,0010225,현대카드㈜,A6,카드자산_기타 카드자산,2085453000000,신용카드사,B,SC107,부문별 자산현황(카드자산)
2438,201503,0010225,현대카드㈜,A61,카드자산_기타 카드자산_리볼빙카드자산,2085605000000,신용카드사,B,SC107,부문별 자산현황(카드자산)
2439,201503,0010225,현대카드㈜,A610,카드자산_기타 카드자산_리볼빙카드자산_결제성리볼빙,1818172000000,신용카드사,B,SC107,부문별 자산현황(카드자산)
2440,201503,0010225,현대카드㈜,A611,카드자산_기타 카드자산_리볼빙카드자산_대출성리볼빙,267433000000,신용카드사,B,SC107,부문별 자산현황(카드자산)
2441,201503,0010225,현대카드㈜,A62,카드자산_기타 카드자산_기타,-151000000,신용카드사,B,SC107,부문별 자산현황(카드자산)
2442,201506,0010225,현대카드㈜,A,카드자산,10212822000000,신용카드사,B,SC107,부문별 자산현황(카드자산)
2443,201506,0010225,현대카드㈜,A1,카드자산_(대손충당금 등),245230000000,신용카드사,B,SC107,부문별 자산현황(카드자산)
2444,201506,0010225,현대카드㈜,A2,카드자산_일시불 카드대급금,2287827000000,신용카드사,B,SC107,부문별 자산현황(카드자산)
2445,201506,0010225,현대카드㈜,A3,카드자산_할부 카드대급금,2488349000000,신용카드사,B,SC107,부문별 자산현황(카드자산)
2446,201506,0010225,현대카드㈜,A4,카드자산_현금서비스,530358000000,신용카드사,B,SC107,부문별 자산현황(카드자산)
2447,201506,0010225,현대카드㈜,A5,카드자산_카드론,3072363000000,신용카드사,B,SC107,부문별 자산현황(카드자산)
2448,201506,0010225,현대카드㈜,A6,카드자산_기타 카드자산,2079156000000,신용카드사,B,SC107,부문별 자산현황(카드자산)
2449,201506,0010225,현대카드㈜,A61,카드자산_기타 카드자산_리볼빙카드자산,2079407000000,신용카드사,B,SC107,부문별 자산현황(카드자산)
2450,201506,0010225,현대카드㈜,A610,카드자산_기타 카드자산_리볼빙카드자산_결제성리볼빙,1825184000000,신용카드사,B,SC107,부문별 자산현황(카드자산)
2451,201506,0010225,현대카드㈜,A611,카드자산_기타 카드자산_리볼빙카드자산_대출성리볼빙,254223000000,신용카드사,B,SC107,부문별 자산현황(카드자산)
2452,201506,0010225,현대카드㈜,A62,카드자산_기타 카드자산_기타,-251000000,신용카드사,B,SC107,부문별 자산현황(카드자산)
2453,201509,0010225,현대카드㈜,A,카드자산,10630230000000,신용카드사,B,SC107,부문별 자산현황(카드자산)
2454,201509,0010225,현대카드㈜,A1,카드자산_(대손충당금 등),252060000000,신용카드사,B,SC107,부문별 자산현황(카드자산)
2455,201509,0010225,현대카드㈜,A2,카드자산_일시불 카드대급금,2517565000000,신용카드사,B,SC107,부문별 자산현황(카드자산)
2456,201509,0010225,현대카드㈜,A3,카드자산_할부 카드대급금,2534288000000,신용카드사,B,SC107,부문별 자산현황(카드자산)
2457,201509,0010225,현대카드㈜,A4,카드자산_현금서비스,546470000000,신용카드사,B,SC107,부문별 자산현황(카드자산)
2458,201509,0010225,현대카드㈜,A5,카드자산_카드론,3148874000000,신용카드사,B,SC107,부문별 자산현황(카드자산)
2459,201509,0010225,현대카드㈜,A6,카드자산_기타 카드자산,2135095000000,신용카드사,B,SC107,부문별 자산현황(카드자산)
2460,201509,0010225,현대카드㈜,A61,카드자산_기타 카드자산_리볼빙카드자산,2135527000000,신용카드사,B,SC107,부문별 자산현황(카드자산)
2461,201509,0010225,현대카드㈜,A610,카드자산_기타 카드자산_리볼빙카드자산_결제성리볼빙,1889691000000,신용카드사,B,SC107,부문별 자산현황(카드자산)
2462,201509,0010225,현대카드㈜,A611,카드자산_기타 카드자산_리볼빙카드자산_대출성리볼빙,245836000000,신용카드사,B,SC107,부문별 자산현황(카드자산)
2463,201509,0010225,현대카드㈜,A62,카드자산_기타 카드자산_기타,-432000000,신용카드사,B,SC107,부문별 자산현황(카드자산)
2464,201512,0010225,현대카드㈜,A,카드자산,11406587000000,신용카드사,B,SC107,부문별 자산현황(카드자산)
2465,201512,0010225,현대카드㈜,A1,카드자산_(대손충당금 등),272352000000,신용카드사,B,SC107,부문별 자산현황(카드자산)
2466,201512,0010225,현대카드㈜,A2,카드자산_일시불 카드대급금,2819902000000,신용카드사,B,SC107,부문별 자산현황(카드자산)
2467,201512,0010225,현대카드㈜,A3,카드자산_할부 카드대급금,2806511000000,신용카드사,B,SC107,부문별 자산현황(카드자산)
2468,201512,0010225,현대카드㈜,A4,카드자산_현금서비스,580986000000,신용카드사,B,SC107,부문별 자산현황(카드자산)
2469,201512,0010225,현대카드㈜,A5,카드자산_카드론,3240008000000,신용카드사,B,SC107,부문별 자산현황(카드자산)
2470,201512,0010225,현대카드㈜,A6,카드자산_기타 카드자산,2231532000000,신용카드사,B,SC107,부문별 자산현황(카드자산)
2471,201512,0010225,현대카드㈜,A61,카드자산_기타 카드자산_리볼빙카드자산,2232107000000,신용카드사,B,SC107,부문별 자산현황(카드자산)
2472,201512,0010225,현대카드㈜,A610,카드자산_기타 카드자산_리볼빙카드자산_결제성리볼빙,1986090000000,신용카드사,B,SC107,부문별 자산현황(카드자산)
2473,201512,0010225,현대카드㈜,A611,카드자산_기타 카드자산_리볼빙카드자산_대출성리볼빙,246017000000,신용카드사,B,SC107,부문별 자산현황(카드자산)
2474,201512,0010225,현대카드㈜,A62,카드자산_기타 카드자산_기타,-575000000,신용카드사,B,SC107,부문별 자산현황(카드자산)
2475,201603,0010225,현대카드㈜,A,카드자산,11143240000000,신용카드사,B,SC107,부문별 자산현황(카드자산)
2476,201603,0010225,현대카드㈜,A1,카드자산_(대손충당금 등),278230000000,신용카드사,B,SC107,부문별 자산현황(카드자산)
2477,201603,0010225,현대카드㈜,A2,카드자산_일시불 카드대급금,2612038000000,신용카드사,B,SC107,부문별 자산현황(카드자산)
2478,201603,0010225,현대카드㈜,A3,카드자산_할부 카드대급금,2823470000000,신용카드사,B,SC107,부문별 자산현황(카드자산)
2479,201603,0010225,현대카드㈜,A4,카드자산_현금서비스,596380000000,신용카드사,B,SC107,부문별 자산현황(카드자산)
2480,201603,0010225,현대카드㈜,A5,카드자산_카드론,3239746000000,신용카드사,B,SC107,부문별 자산현황(카드자산)
2481,201603,0010225,현대카드㈜,A6,카드자산_기타 카드자산,2149837000000,신용카드사,B,SC107,부문별 자산현황(카드자산)
2482,201603,0010225,현대카드㈜,A61,카드자산_기타 카드자산_리볼빙카드자산,2150727000000,신용카드사,B,SC107,부문별 자산현황(카드자산)
2483,201603,0010225,현대카드㈜,A610,카드자산_기타 카드자산_리볼빙카드자산_결제성리볼빙,1913363000000,신용카드사,B,SC107,부문별 자산현황(카드자산)
2484,201603,0010225,현대카드㈜,A611,카드자산_기타 카드자산_리볼빙카드자산_대출성리볼빙,237364000000,신용카드사,B,SC107,부문별 자산현황(카드자산)
2485,201603,0010225,현대카드㈜,A62,카드자산_기타 카드자산_기타,-889000000,신용카드사,B,SC107,부문별 자산현황(카드자산)
2486,201606,0010225,현대카드㈜,A,카드자산,11254359000000,신용카드사,B,SC107,부문별 자산현황(카드자산)
2487,201606,0010225,현대카드㈜,A1,카드자산_(대손충당금 등),285291000000,신용카드사,B,SC107,부문별 자산현황(카드자산)
2488,201606,0010225,현대카드㈜,A2,카드자산_일시불 카드대급금,2724890000000,신용카드사,B,SC107,부문별 자산현황(카드자산)
2489,201606,0010225,현대카드㈜,A3,카드자산_할부 카드대급금,2762871000000,신용카드사,B,SC107,부문별 자산현황(카드자산)
2490,201606,0010225,현대카드㈜,A4,카드자산_현금서비스,618609000000,신용카드사,B,SC107,부문별 자산현황(카드자산)
2491,201606,0010225,현대카드㈜,A5,카드자산_카드론,3223099000000,신용카드사,B,SC107,부문별 자산현황(카드자산)
2492,201606,0010225,현대카드㈜,A6,카드자산_기타 카드자산,2210181000000,신용카드사,B,SC107,부문별 자산현황(카드자산)
2493,201606,0010225,현대카드㈜,A61,카드자산_기타 카드자산_리볼빙카드자산,2211300000000,신용카드사,B,SC107,부문별 자산현황(카드자산)
2494,201606,0010225,현대카드㈜,A610,카드자산_기타 카드자산_리볼빙카드자산_결제성리볼빙,1978507000000,신용카드사,B,SC107,부문별 자산현황(카드자산)
2495,201606,0010225,현대카드㈜,A611,카드자산_기타 카드자산_리볼빙카드자산_대출성리볼빙,232793000000,신용카드사,B,SC107,부문별 자산현황(카드자산)
2496,201606,0010225,현대카드㈜,A62,카드자산_기타 카드자산_기타,-1119000000,신용카드사,B,SC107,부문별 자산현황(카드자산)
2497,201609,0010225,현대카드㈜,A,카드자산,11185165000000,신용카드사,B,SC107,부문별 자산현황(카드자산)
2498,201609,0010225,현대카드㈜,A1,카드자산_(대손충당금 등),287721000000,신용카드사,B,SC107,부문별 자산현황(카드자산)
2499,201609,0010225,현대카드㈜,A2,카드자산_일시불 카드대급금,2681984000000,신용카드사,B,SC107,부문별 자산현황(카드자산)
2500,201609,0010225,현대카드㈜,A3,카드자산_할부 카드대급금,2775505000000,신용카드사,B,SC107,부문별 자산현황(카드자산)
2501,201609,0010225,현대카드㈜,A4,카드자산_현금서비스,623213000000,신용카드사,B,SC107,부문별 자산현황(카드자산)
2502,201609,0010225,현대카드㈜,A5,카드자산_카드론,3188149000000,신용카드사,B,SC107,부문별 자산현황(카드자산)
2503,201609,0010225,현대카드㈜,A6,카드자산_기타 카드자산,2204035000000,신용카드사,B,SC107,부문별 자산현황(카드자산)
2504,201609,0010225,현대카드㈜,A61,카드자산_기타 카드자산_리볼빙카드자산,2205378000000,신용카드사,B,SC107,부문별 자산현황(카드자산)
2505,201609,0010225,현대카드㈜,A610,카드자산_기타 카드자산_리볼빙카드자산_결제성리볼빙,1984770000000,신용카드사,B,SC107,부문별 자산현황(카드자산)
2506,201609,0010225,현대카드㈜,A611,카드자산_기타 카드자산_리볼빙카드자산_대출성리볼빙,220608000000,신용카드사,B,SC107,부문별 자산현황(카드자산)
2507,201609,0010225,현대카드㈜,A62,카드자산_기타 카드자산_기타,-1343000000,신용카드사,B,SC107,부문별 자산현황(카드자산)
2508,201612,0010225,현대카드㈜,A,카드자산,12059899000000,신용카드사,B,SC107,부문별 자산현황(카드자산)
2509,201612,0010225,현대카드㈜,A1,카드자산_(대손충당금 등),305156000000,신용카드사,B,SC107,부문별 자산현황(카드자산)
2510,201612,0010225,현대카드㈜,A2,카드자산_일시불 카드대급금,3277370000000,신용카드사,B,SC107,부문별 자산현황(카드자산)
2511,201612,0010225,현대카드㈜,A3,카드자산_할부 카드대급금,2979539000000,신용카드사,B,SC107,부문별 자산현황(카드자산)
2512,201612,0010225,현대카드㈜,A4,카드자산_현금서비스,640476000000,신용카드사,B,SC107,부문별 자산현황(카드자산)
2513,201612,0010225,현대카드㈜,A5,카드자산_카드론,3220050000000,신용카드사,B,SC107,부문별 자산현황(카드자산)
2514,201612,0010225,현대카드㈜,A6,카드자산_기타 카드자산,2247619000000,신용카드사,B,SC107,부문별 자산현황(카드자산)
2515,201612,0010225,현대카드㈜,A61,카드자산_기타 카드자산_리볼빙카드자산,2249513000000,신용카드사,B,SC107,부문별 자산현황(카드자산)
2516,201612,0010225,현대카드㈜,A610,카드자산_기타 카드자산_리볼빙카드자산_결제성리볼빙,2035205000000,신용카드사,B,SC107,부문별 자산현황(카드자산)
2517,201612,0010225,현대카드㈜,A611,카드자산_기타 카드자산_리볼빙카드자산_대출성리볼빙,214308000000,신용카드사,B,SC107,부문별 자산현황(카드자산)
2518,201612,0010225,현대카드㈜,A62,카드자산_기타 카드자산_기타,-1895000000,신용카드사,B,SC107,부문별 자산현황(카드자산)
