,년월,금융회사코드,금융회사명,코드,구분,금액,금융구분,통계분류,통계표코드,통계표명
0,201703,0013361,㈜우리카드,A,총자산(평잔),7193170000000,신용카드사,C,SC009,수익성
1,201703,0013361,㈜우리카드,I,자본(평잔),1404343000000,신용카드사,C,SC009,수익성
2,201703,0013361,㈜우리카드,B,세전수익,443349000000,신용카드사,C,SC009,수익성
3,201703,0013361,㈜우리카드,C,세전비용,439419000000,신용카드사,C,SC009,수익성
4,201703,0013361,㈜우리카드,D,총경비,152024000000,신용카드사,C,SC009,수익성
5,201703,0013361,㈜우리카드,E,당기순이익,75437000000,신용카드사,C,SC009,수익성
6,201703,0013361,㈜우리카드,F,총자산순이익률(ROA),1.05,신용카드사,C,SC009,수익성
7,201703,0013361,㈜우리카드,J,자기자본순이익률(ROE),5.37,신용카드사,C,SC009,수익성
8,201703,0013361,㈜우리카드,G,총자산경비율,2.11,신용카드사,C,SC009,수익성
9,201703,0013361,㈜우리카드,H,수지비율,99.11,신용카드사,C,SC009,수익성
10,201706,0013361,㈜우리카드,A,총자산(평잔),7415256000000,신용카드사,C,SC009,수익성
11,201706,0013361,㈜우리카드,I,자본(평잔),1453485000000,신용카드사,C,SC009,수익성
12,201706,0013361,㈜우리카드,B,세전수익,864241000000,신용카드사,C,SC009,수익성
13,201706,0013361,㈜우리카드,C,세전비용,837295000000,신용카드사,C,SC009,수익성
14,201706,0013361,㈜우리카드,D,총경비,157259000000,신용카드사,C,SC009,수익성
15,201706,0013361,㈜우리카드,E,당기순이익,55607000000,신용카드사,C,SC009,수익성
16,201706,0013361,㈜우리카드,F,총자산순이익률(ROA),.75,신용카드사,C,SC009,수익성
17,201706,0013361,㈜우리카드,J,자기자본순이익률(ROE),3.83,신용카드사,C,SC009,수익성
18,201706,0013361,㈜우리카드,G,총자산경비율,2.12,신용카드사,C,SC009,수익성
19,201706,0013361,㈜우리카드,H,수지비율,96.88,신용카드사,C,SC009,수익성
20,201709,0013361,㈜우리카드,A,총자산(평잔),7659938000000,신용카드사,C,SC009,수익성
21,201709,0013361,㈜우리카드,I,자본(평잔),1482577000000,신용카드사,C,SC009,수익성
22,201709,0013361,㈜우리카드,B,세전수익,1287115000000,신용카드사,C,SC009,수익성
23,201709,0013361,㈜우리카드,C,세전비용,1228592000000,신용카드사,C,SC009,수익성
24,201709,0013361,㈜우리카드,D,총경비,162322000000,신용카드사,C,SC009,수익성
25,201709,0013361,㈜우리카드,E,당기순이익,49630000000,신용카드사,C,SC009,수익성
26,201709,0013361,㈜우리카드,F,총자산순이익률(ROA),.65,신용카드사,C,SC009,수익성
27,201709,0013361,㈜우리카드,J,자기자본순이익률(ROE),3.35,신용카드사,C,SC009,수익성
28,201709,0013361,㈜우리카드,G,총자산경비율,2.12,신용카드사,C,SC009,수익성
29,201709,0013361,㈜우리카드,H,수지비율,95.45,신용카드사,C,SC009,수익성
30,201712,0013361,㈜우리카드,A,총자산(평잔),7900609000000,신용카드사,C,SC009,수익성
31,201712,0013361,㈜우리카드,I,자본(평잔),1538755000000,신용카드사,C,SC009,수익성
32,201712,0013361,㈜우리카드,B,세전수익,1773420000000,신용카드사,C,SC009,수익성
33,201712,0013361,㈜우리카드,C,세전비용,1701297000000,신용카드사,C,SC009,수익성
34,201712,0013361,㈜우리카드,D,총경비,162416000000,신용카드사,C,SC009,수익성
35,201712,0013361,㈜우리카드,E,당기순이익,40068000000,신용카드사,C,SC009,수익성
36,201712,0013361,㈜우리카드,F,총자산순이익률(ROA),.51,신용카드사,C,SC009,수익성
37,201712,0013361,㈜우리카드,J,자기자본순이익률(ROE),2.6,신용카드사,C,SC009,수익성
38,201712,0013361,㈜우리카드,G,총자산경비율,2.06,신용카드사,C,SC009,수익성
39,201712,0013361,㈜우리카드,H,수지비율,95.93,신용카드사,C,SC009,수익성
40,201803,0013361,㈜우리카드,A,총자산(평잔),8206701000000,신용카드사,C,SC009,수익성
41,201803,0013361,㈜우리카드,I,자본(평잔),1579919000000,신용카드사,C,SC009,수익성
42,201803,0013361,㈜우리카드,B,세전수익,1793952000000,신용카드사,C,SC009,수익성
43,201803,0013361,㈜우리카드,C,세전비용,1715936000000,신용카드사,C,SC009,수익성
44,201803,0013361,㈜우리카드,D,총경비,163298000000,신용카드사,C,SC009,수익성
45,201803,0013361,㈜우리카드,E,당기순이익,51285000000,신용카드사,C,SC009,수익성
46,201803,0013361,㈜우리카드,F,총자산순이익률(ROA),.62,신용카드사,C,SC009,수익성
47,201803,0013361,㈜우리카드,J,자기자본순이익률(ROE),3.25,신용카드사,C,SC009,수익성
48,201803,0013361,㈜우리카드,G,총자산경비율,1.99,신용카드사,C,SC009,수익성
49,201803,0013361,㈜우리카드,H,수지비율,95.65,신용카드사,C,SC009,수익성
50,201806,0013361,㈜우리카드,A,총자산(평잔),8544380000000,신용카드사,C,SC009,수익성
51,201806,0013361,㈜우리카드,I,자본(평잔),1604033000000,신용카드사,C,SC009,수익성
52,201806,0013361,㈜우리카드,B,세전수익,1854814000000,신용카드사,C,SC009,수익성
53,201806,0013361,㈜우리카드,C,세전비용,1743117000000,신용카드사,C,SC009,수익성
54,201806,0013361,㈜우리카드,D,총경비,167459000000,신용카드사,C,SC009,수익성
55,201806,0013361,㈜우리카드,E,당기순이익,76918000000,신용카드사,C,SC009,수익성
56,201806,0013361,㈜우리카드,F,총자산순이익률(ROA),.9,신용카드사,C,SC009,수익성
57,201806,0013361,㈜우리카드,J,자기자본순이익률(ROE),4.8,신용카드사,C,SC009,수익성
58,201806,0013361,㈜우리카드,G,총자산경비율,1.96,신용카드사,C,SC009,수익성
59,201806,0013361,㈜우리카드,H,수지비율,93.98,신용카드사,C,SC009,수익성
60,201809,0013361,㈜우리카드,A,총자산(평잔),8851472000000,신용카드사,C,SC009,수익성
61,201809,0013361,㈜우리카드,I,자본(평잔),1619975000000,신용카드사,C,SC009,수익성
62,201809,0013361,㈜우리카드,B,세전수익,1890034000000,신용카드사,C,SC009,수익성
63,201809,0013361,㈜우리카드,C,세전비용,1777123000000,신용카드사,C,SC009,수익성
64,201809,0013361,㈜우리카드,D,총경비,167062000000,신용카드사,C,SC009,수익성
65,201809,0013361,㈜우리카드,E,당기순이익,76989000000,신용카드사,C,SC009,수익성
66,201809,0013361,㈜우리카드,F,총자산순이익률(ROA),.87,신용카드사,C,SC009,수익성
67,201809,0013361,㈜우리카드,J,자기자본순이익률(ROE),4.75,신용카드사,C,SC009,수익성
68,201809,0013361,㈜우리카드,G,총자산경비율,1.89,신용카드사,C,SC009,수익성
69,201809,0013361,㈜우리카드,H,수지비율,94.03,신용카드사,C,SC009,수익성
70,201812,0013361,㈜우리카드,A,총자산(평잔),9135044000000,신용카드사,C,SC009,수익성
71,201812,0013361,㈜우리카드,I,자본(평잔),1646843000000,신용카드사,C,SC009,수익성
72,201812,0013361,㈜우리카드,B,세전수익,1890284000000,신용카드사,C,SC009,수익성
73,201812,0013361,㈜우리카드,C,세전비용,1783983000000,신용카드사,C,SC009,수익성
74,201812,0013361,㈜우리카드,D,총경비,169595000000,신용카드사,C,SC009,수익성
75,201812,0013361,㈜우리카드,E,당기순이익,65813000000,신용카드사,C,SC009,수익성
76,201812,0013361,㈜우리카드,F,총자산순이익률(ROA),.72,신용카드사,C,SC009,수익성
77,201812,0013361,㈜우리카드,J,자기자본순이익률(ROE),4,신용카드사,C,SC009,수익성
78,201812,0013361,㈜우리카드,G,총자산경비율,1.86,신용카드사,C,SC009,수익성
79,201812,0013361,㈜우리카드,H,수지비율,94.38,신용카드사,C,SC009,수익성
80,201903,0013361,㈜우리카드,A,총자산(평잔),9419399000000,신용카드사,C,SC009,수익성
81,201903,0013361,㈜우리카드,I,자본(평잔),1668164000000,신용카드사,C,SC009,수익성
82,201903,0013361,㈜우리카드,B,세전수익,1753520000000,신용카드사,C,SC009,수익성
83,201903,0013361,㈜우리카드,C,세전비용,1644675000000,신용카드사,C,SC009,수익성
84,201903,0013361,㈜우리카드,D,총경비,175334000000,신용카드사,C,SC009,수익성
85,201903,0013361,㈜우리카드,E,당기순이익,75431000000,신용카드사,C,SC009,수익성
86,201903,0013361,㈜우리카드,F,총자산순이익률(ROA),.8,신용카드사,C,SC009,수익성
87,201903,0013361,㈜우리카드,J,자기자본순이익률(ROE),4.52,신용카드사,C,SC009,수익성
88,201903,0013361,㈜우리카드,G,총자산경비율,1.86,신용카드사,C,SC009,수익성
89,201903,0013361,㈜우리카드,H,수지비율,93.79,신용카드사,C,SC009,수익성
90,201906,0013361,㈜우리카드,A,총자산(평잔),9626238000000,신용카드사,C,SC009,수익성
91,201906,0013361,㈜우리카드,I,자본(평잔),1696473000000,신용카드사,C,SC009,수익성
92,201906,0013361,㈜우리카드,B,세전수익,1926261000000,신용카드사,C,SC009,수익성
93,201906,0013361,㈜우리카드,C,세전비용,1811423000000,신용카드사,C,SC009,수익성
94,201906,0013361,㈜우리카드,D,총경비,177478000000,신용카드사,C,SC009,수익성
95,201906,0013361,㈜우리카드,E,당기순이익,76305000000,신용카드사,C,SC009,수익성
96,201906,0013361,㈜우리카드,F,총자산순이익률(ROA),.79,신용카드사,C,SC009,수익성
97,201906,0013361,㈜우리카드,J,자기자본순이익률(ROE),4.5,신용카드사,C,SC009,수익성
98,201906,0013361,㈜우리카드,G,총자산경비율,1.84,신용카드사,C,SC009,수익성
99,201906,0013361,㈜우리카드,H,수지비율,94.04,신용카드사,C,SC009,수익성
100,201909,0013361,㈜우리카드,A,총자산(평잔),9715386000000,신용카드사,C,SC009,수익성
101,201909,0013361,㈜우리카드,I,자본(평잔),1741244000000,신용카드사,C,SC009,수익성
102,201909,0013361,㈜우리카드,B,세전수익,1957382000000,신용카드사,C,SC009,수익성
103,201909,0013361,㈜우리카드,C,세전비용,1850248000000,신용카드사,C,SC009,수익성
104,201909,0013361,㈜우리카드,D,총경비,181977000000,신용카드사,C,SC009,수익성
105,201909,0013361,㈜우리카드,E,당기순이익,67737000000,신용카드사,C,SC009,수익성
106,201909,0013361,㈜우리카드,F,총자산순이익률(ROA),.7,신용카드사,C,SC009,수익성
107,201909,0013361,㈜우리카드,J,자기자본순이익률(ROE),3.89,신용카드사,C,SC009,수익성
108,201909,0013361,㈜우리카드,G,총자산경비율,1.87,신용카드사,C,SC009,수익성
109,201909,0013361,㈜우리카드,H,수지비율,94.53,신용카드사,C,SC009,수익성
110,201912,0013361,㈜우리카드,A,총자산(평잔),9813578000000,신용카드사,C,SC009,수익성
111,201912,0013361,㈜우리카드,I,자본(평잔),1752704000000,신용카드사,C,SC009,수익성
112,201912,0013361,㈜우리카드,B,세전수익,1918194000000,신용카드사,C,SC009,수익성
113,201912,0013361,㈜우리카드,C,세전비용,1794833000000,신용카드사,C,SC009,수익성
114,201912,0013361,㈜우리카드,D,총경비,188203000000,신용카드사,C,SC009,수익성
115,201912,0013361,㈜우리카드,E,당기순이익,88525000000,신용카드사,C,SC009,수익성
116,201912,0013361,㈜우리카드,F,총자산순이익률(ROA),.9,신용카드사,C,SC009,수익성
117,201912,0013361,㈜우리카드,J,자기자본순이익률(ROE),5.05,신용카드사,C,SC009,수익성
118,201912,0013361,㈜우리카드,G,총자산경비율,1.92,신용카드사,C,SC009,수익성
119,201912,0013361,㈜우리카드,H,수지비율,93.57,신용카드사,C,SC009,수익성
120,202003,0013361,㈜우리카드,A,총자산(평잔),9865595000000,신용카드사,C,SC009,수익성
121,202003,0013361,㈜우리카드,I,자본(평잔),1782140000000,신용카드사,C,SC009,수익성
122,202003,0013361,㈜우리카드,B,세전수익,2083777000000,신용카드사,C,SC009,수익성
123,202003,0013361,㈜우리카드,C,세전비용,1927781000000,신용카드사,C,SC009,수익성
124,202003,0013361,㈜우리카드,D,총경비,190288000000,신용카드사,C,SC009,수익성
125,202003,0013361,㈜우리카드,E,당기순이익,113166000000,신용카드사,C,SC009,수익성
126,202003,0013361,㈜우리카드,F,총자산순이익률(ROA),1.15,신용카드사,C,SC009,수익성
127,202003,0013361,㈜우리카드,J,자기자본순이익률(ROE),6.35,신용카드사,C,SC009,수익성
128,202003,0013361,㈜우리카드,G,총자산경비율,1.93,신용카드사,C,SC009,수익성
129,202003,0013361,㈜우리카드,H,수지비율,92.51,신용카드사,C,SC009,수익성
130,202006,0013361,㈜우리카드,A,총자산(평잔),9915191000000,신용카드사,C,SC009,수익성
131,202006,0013361,㈜우리카드,I,자본(평잔),1817299000000,신용카드사,C,SC009,수익성
132,202006,0013361,㈜우리카드,B,세전수익,1895327000000,신용카드사,C,SC009,수익성
133,202006,0013361,㈜우리카드,C,세전비용,1745697000000,신용카드사,C,SC009,수익성
134,202006,0013361,㈜우리카드,D,총경비,192884000000,신용카드사,C,SC009,수익성
135,202006,0013361,㈜우리카드,E,당기순이익,111567000000,신용카드사,C,SC009,수익성
136,202006,0013361,㈜우리카드,F,총자산순이익률(ROA),1.13,신용카드사,C,SC009,수익성
137,202006,0013361,㈜우리카드,J,자기자본순이익률(ROE),6.14,신용카드사,C,SC009,수익성
138,202006,0013361,㈜우리카드,G,총자산경비율,1.95,신용카드사,C,SC009,수익성
139,202006,0013361,㈜우리카드,H,수지비율,92.11,신용카드사,C,SC009,수익성
140,202009,0013361,㈜우리카드,A,총자산(평잔),10101691950000,신용카드사,C,SC009,수익성
141,202009,0013361,㈜우리카드,I,자본(평잔),1862944470000,신용카드사,C,SC009,수익성
142,202009,0013361,㈜우리카드,B,세전수익,1875171600000,신용카드사,C,SC009,수익성
143,202009,0013361,㈜우리카드,C,세전비용,1715337140000,신용카드사,C,SC009,수익성
144,202009,0013361,㈜우리카드,D,총경비,196656020000,신용카드사,C,SC009,수익성
145,202009,0013361,㈜우리카드,E,당기순이익,121763840000,신용카드사,C,SC009,수익성
146,202009,0013361,㈜우리카드,F,총자산순이익률(ROA),1.21,신용카드사,C,SC009,수익성
147,202009,0013361,㈜우리카드,J,자기자본순이익률(ROE),6.54,신용카드사,C,SC009,수익성
148,202009,0013361,㈜우리카드,G,총자산경비율,1.95,신용카드사,C,SC009,수익성
149,202009,0013361,㈜우리카드,H,수지비율,91.48,신용카드사,C,SC009,수익성
150,202012,0013361,㈜우리카드,A,총자산(평잔),10381469000000,신용카드사,C,SC009,수익성
151,202012,0013361,㈜우리카드,I,자본(평잔),1930310000000,신용카드사,C,SC009,수익성
152,202012,0013361,㈜우리카드,B,세전수익,1885266000000,신용카드사,C,SC009,수익성
153,202012,0013361,㈜우리카드,C,세전비용,1745477000000,신용카드사,C,SC009,수익성
154,202012,0013361,㈜우리카드,D,총경비,204244000000,신용카드사,C,SC009,수익성
155,202012,0013361,㈜우리카드,E,당기순이익,102074000000,신용카드사,C,SC009,수익성
156,202012,0013361,㈜우리카드,F,총자산순이익률(ROA),.98,신용카드사,C,SC009,수익성
157,202012,0013361,㈜우리카드,J,자기자본순이익률(ROE),5.29,신용카드사,C,SC009,수익성
158,202012,0013361,㈜우리카드,G,총자산경비율,1.97,신용카드사,C,SC009,수익성
159,202012,0013361,㈜우리카드,H,수지비율,92.59,신용카드사,C,SC009,수익성
160,202103,0013361,㈜우리카드,A,총자산(평잔),10687831000000,신용카드사,C,SC009,수익성
161,202103,0013361,㈜우리카드,I,자본(평잔),2005923000000,신용카드사,C,SC009,수익성
162,202103,0013361,㈜우리카드,B,세전수익,1910549000000,신용카드사,C,SC009,수익성
163,202103,0013361,㈜우리카드,C,세전비용,1760600000000,신용카드사,C,SC009,수익성
164,202103,0013361,㈜우리카드,D,총경비,206739000000,신용카드사,C,SC009,수익성
165,202103,0013361,㈜우리카드,E,당기순이익,101944000000,신용카드사,C,SC009,수익성
166,202103,0013361,㈜우리카드,F,총자산순이익률(ROA),.95,신용카드사,C,SC009,수익성
167,202103,0013361,㈜우리카드,J,자기자본순이익률(ROE),5.08,신용카드사,C,SC009,수익성
168,202103,0013361,㈜우리카드,G,총자산경비율,1.93,신용카드사,C,SC009,수익성
169,202103,0013361,㈜우리카드,H,수지비율,92.15,신용카드사,C,SC009,수익성
170,202106,0013361,㈜우리카드,A,총자산(평잔),11141179000000,신용카드사,C,SC009,수익성
171,202106,0013361,㈜우리카드,I,자본(평잔),2052388000000,신용카드사,C,SC009,수익성
172,202106,0013361,㈜우리카드,B,세전수익,1936129000000,신용카드사,C,SC009,수익성
173,202106,0013361,㈜우리카드,C,세전비용,1787465000000,신용카드사,C,SC009,수익성
174,202106,0013361,㈜우리카드,D,총경비,210872000000,신용카드사,C,SC009,수익성
175,202106,0013361,㈜우리카드,E,당기순이익,95362000000,신용카드사,C,SC009,수익성
176,202106,0013361,㈜우리카드,F,총자산순이익률(ROA),.86,신용카드사,C,SC009,수익성
177,202106,0013361,㈜우리카드,J,자기자본순이익률(ROE),4.65,신용카드사,C,SC009,수익성
178,202106,0013361,㈜우리카드,G,총자산경비율,1.89,신용카드사,C,SC009,수익성
179,202106,0013361,㈜우리카드,H,수지비율,92.32,신용카드사,C,SC009,수익성
180,202109,0013361,㈜우리카드,A,총자산(평잔),11707179000000,신용카드사,C,SC009,수익성
181,202109,0013361,㈜우리카드,I,자본(평잔),2098821000000,신용카드사,C,SC009,수익성
182,202109,0013361,㈜우리카드,B,세전수익,2016552000000,신용카드사,C,SC009,수익성
183,202109,0013361,㈜우리카드,C,세전비용,1817702000000,신용카드사,C,SC009,수익성
184,202109,0013361,㈜우리카드,D,총경비,216055000000,신용카드사,C,SC009,수익성
185,202109,0013361,㈜우리카드,E,당기순이익,134575000000,신용카드사,C,SC009,수익성
186,202109,0013361,㈜우리카드,F,총자산순이익률(ROA),1.15,신용카드사,C,SC009,수익성
187,202109,0013361,㈜우리카드,J,자기자본순이익률(ROE),6.41,신용카드사,C,SC009,수익성
188,202109,0013361,㈜우리카드,G,총자산경비율,1.85,신용카드사,C,SC009,수익성
189,202109,0013361,㈜우리카드,H,수지비율,90.14,신용카드사,C,SC009,수익성
190,202112,0013361,㈜우리카드,A,총자산(평잔),12466959000000,신용카드사,C,SC009,수익성
191,202112,0013361,㈜우리카드,I,자본(평잔),2150775000000,신용카드사,C,SC009,수익성
192,202112,0013361,㈜우리카드,B,세전수익,2062108000000,신용카드사,C,SC009,수익성
193,202112,0013361,㈜우리카드,C,세전비용,1853490000000,신용카드사,C,SC009,수익성
194,202112,0013361,㈜우리카드,D,총경비,222860000000,신용카드사,C,SC009,수익성
195,202112,0013361,㈜우리카드,E,당기순이익,136760000000,신용카드사,C,SC009,수익성
196,202112,0013361,㈜우리카드,F,총자산순이익률(ROA),1.1,신용카드사,C,SC009,수익성
197,202112,0013361,㈜우리카드,J,자기자본순이익률(ROE),6.36,신용카드사,C,SC009,수익성
198,202112,0013361,㈜우리카드,G,총자산경비율,1.79,신용카드사,C,SC009,수익성
199,202112,0013361,㈜우리카드,H,수지비율,89.88,신용카드사,C,SC009,수익성
200,202203,0013361,㈜우리카드,A,총자산(평잔),13108011000000,신용카드사,C,SC009,수익성
201,202203,0013361,㈜우리카드,I,자본(평잔),2221781000000,신용카드사,C,SC009,수익성
202,202203,0013361,㈜우리카드,B,세전수익,2126236000000,신용카드사,C,SC009,수익성
203,202203,0013361,㈜우리카드,C,세전비용,1884302000000,신용카드사,C,SC009,수익성
204,202203,0013361,㈜우리카드,D,총경비,234088000000,신용카드사,C,SC009,수익성
205,202203,0013361,㈜우리카드,E,당기순이익,163877000000,신용카드사,C,SC009,수익성
206,202203,0013361,㈜우리카드,F,총자산순이익률(ROA),1.25,신용카드사,C,SC009,수익성
207,202203,0013361,㈜우리카드,J,자기자본순이익률(ROE),7.38,신용카드사,C,SC009,수익성
208,202203,0013361,㈜우리카드,G,총자산경비율,1.79,신용카드사,C,SC009,수익성
209,202203,0013361,㈜우리카드,H,수지비율,88.62,신용카드사,C,SC009,수익성
210,202206,0013361,㈜우리카드,A,총자산(평잔),13927625000000,신용카드사,C,SC009,수익성
211,202206,0013361,㈜우리카드,I,자본(평잔),2266880000000,신용카드사,C,SC009,수익성
212,202206,0013361,㈜우리카드,B,세전수익,2237853000000,신용카드사,C,SC009,수익성
213,202206,0013361,㈜우리카드,C,세전비용,1982829000000,신용카드사,C,SC009,수익성
214,202206,0013361,㈜우리카드,D,총경비,242083000000,신용카드사,C,SC009,수익성
215,202206,0013361,㈜우리카드,E,당기순이익,175789000000,신용카드사,C,SC009,수익성
216,202206,0013361,㈜우리카드,F,총자산순이익률(ROA),1.26,신용카드사,C,SC009,수익성
217,202206,0013361,㈜우리카드,J,자기자본순이익률(ROE),7.75,신용카드사,C,SC009,수익성
218,202206,0013361,㈜우리카드,G,총자산경비율,1.74,신용카드사,C,SC009,수익성
219,202206,0013361,㈜우리카드,H,수지비율,88.6,신용카드사,C,SC009,수익성
220,202209,0013361,㈜우리카드,A,총자산(평잔),14765882000000,신용카드사,C,SC009,수익성
221,202209,0013361,㈜우리카드,I,자본(평잔),2312890000000,신용카드사,C,SC009,수익성
222,202209,0013361,㈜우리카드,B,세전수익,2418350000000,신용카드사,C,SC009,수익성
223,202209,0013361,㈜우리카드,C,세전비용,2084759000000,신용카드사,C,SC009,수익성
224,202209,0013361,㈜우리카드,D,총경비,246420000000,신용카드사,C,SC009,수익성
225,202209,0013361,㈜우리카드,E,당기순이익,257024000000,신용카드사,C,SC009,수익성
226,202209,0013361,㈜우리카드,F,총자산순이익률(ROA),1.74,신용카드사,C,SC009,수익성
227,202209,0013361,㈜우리카드,J,자기자본순이익률(ROE),11.11,신용카드사,C,SC009,수익성
228,202209,0013361,㈜우리카드,G,총자산경비율,1.67,신용카드사,C,SC009,수익성
229,202209,0013361,㈜우리카드,H,수지비율,86.21,신용카드사,C,SC009,수익성
230,202212,0013361,㈜우리카드,A,총자산(평잔),15235720000000,신용카드사,C,SC009,수익성
231,202212,0013361,㈜우리카드,I,자본(평잔),2379672000000,신용카드사,C,SC009,수익성
232,202212,0013361,㈜우리카드,B,세전수익,2388527000000,신용카드사,C,SC009,수익성
233,202212,0013361,㈜우리카드,C,세전비용,2142914000000,신용카드사,C,SC009,수익성
234,202212,0013361,㈜우리카드,D,총경비,254757000000,신용카드사,C,SC009,수익성
235,202212,0013361,㈜우리카드,E,당기순이익,173269000000,신용카드사,C,SC009,수익성
236,202212,0013361,㈜우리카드,F,총자산순이익률(ROA),1.14,신용카드사,C,SC009,수익성
237,202212,0013361,㈜우리카드,J,자기자본순이익률(ROE),7.28,신용카드사,C,SC009,수익성
238,202212,0013361,㈜우리카드,G,총자산경비율,1.67,신용카드사,C,SC009,수익성
239,202212,0013361,㈜우리카드,H,수지비율,89.72,신용카드사,C,SC009,수익성
240,202303,0013361,㈜우리카드,A,총자산(평잔),15746957000000,신용카드사,C,SC009,수익성
241,202303,0013361,㈜우리카드,I,자본(평잔),2395453000000,신용카드사,C,SC009,수익성
242,202303,0013361,㈜우리카드,B,세전수익,2562819000000,신용카드사,C,SC009,수익성
243,202303,0013361,㈜우리카드,C,세전비용,2260388000000,신용카드사,C,SC009,수익성
244,202303,0013361,㈜우리카드,D,총경비,254614000000,신용카드사,C,SC009,수익성
245,202303,0013361,㈜우리카드,E,당기순이익,247740000000,신용카드사,C,SC009,수익성
246,202303,0013361,㈜우리카드,F,총자산순이익률(ROA),1.57,신용카드사,C,SC009,수익성
247,202303,0013361,㈜우리카드,J,자기자본순이익률(ROE),10.34,신용카드사,C,SC009,수익성
248,202303,0013361,㈜우리카드,G,총자산경비율,1.62,신용카드사,C,SC009,수익성
249,202303,0013361,㈜우리카드,H,수지비율,88.2,신용카드사,C,SC009,수익성
250,202306,0013361,㈜우리카드,A,총자산(평잔),15903290060000,신용카드사,C,SC009,수익성
251,202306,0013361,㈜우리카드,I,자본(평잔),2424696820000,신용카드사,C,SC009,수익성
252,202306,0013361,㈜우리카드,B,세전수익,2639057300000,신용카드사,C,SC009,수익성
253,202306,0013361,㈜우리카드,C,세전비용,2367109230000,신용카드사,C,SC009,수익성
254,202306,0013361,㈜우리카드,D,총경비,263581570000,신용카드사,C,SC009,수익성
255,202306,0013361,㈜우리카드,E,당기순이익,225160990000,신용카드사,C,SC009,수익성
256,202306,0013361,㈜우리카드,F,총자산순이익률(ROA),1.42,신용카드사,C,SC009,수익성
257,202306,0013361,㈜우리카드,J,자기자본순이익률(ROE),9.29,신용카드사,C,SC009,수익성
258,202306,0013361,㈜우리카드,G,총자산경비율,1.66,신용카드사,C,SC009,수익성
259,202306,0013361,㈜우리카드,H,수지비율,89.7,신용카드사,C,SC009,수익성
260,202309,0013361,㈜우리카드,A,총자산(평잔),16010024000000,신용카드사,C,SC009,수익성
261,202309,0013361,㈜우리카드,I,자본(평잔),2450959000000,신용카드사,C,SC009,수익성
262,202309,0013361,㈜우리카드,B,세전수익,2614756000000,신용카드사,C,SC009,수익성
263,202309,0013361,㈜우리카드,C,세전비용,2469299000000,신용카드사,C,SC009,수익성
264,202309,0013361,㈜우리카드,D,총경비,268974000000,신용카드사,C,SC009,수익성
265,202309,0013361,㈜우리카드,E,당기순이익,101963000000,신용카드사,C,SC009,수익성
266,202309,0013361,㈜우리카드,F,총자산순이익률(ROA),.64,신용카드사,C,SC009,수익성
267,202309,0013361,㈜우리카드,J,자기자본순이익률(ROE),4.16,신용카드사,C,SC009,수익성
268,202309,0013361,㈜우리카드,G,총자산경비율,1.68,신용카드사,C,SC009,수익성
269,202309,0013361,㈜우리카드,H,수지비율,94.44,신용카드사,C,SC009,수익성
270,202312,0013361,㈜우리카드,A,총자산(평잔),16241565000000,신용카드사,C,SC009,수익성
271,202312,0013361,㈜우리카드,I,자본(평잔),2492806000000,신용카드사,C,SC009,수익성
272,202312,0013361,㈜우리카드,B,세전수익,2812149000000,신용카드사,C,SC009,수익성
273,202312,0013361,㈜우리카드,C,세전비용,2617728000000,신용카드사,C,SC009,수익성
274,202312,0013361,㈜우리카드,D,총경비,267165000000,신용카드사,C,SC009,수익성
275,202312,0013361,㈜우리카드,E,당기순이익,165576000000,신용카드사,C,SC009,수익성
276,202312,0013361,㈜우리카드,F,총자산순이익률(ROA),1.02,신용카드사,C,SC009,수익성
277,202312,0013361,㈜우리카드,J,자기자본순이익률(ROE),6.64,신용카드사,C,SC009,수익성
278,202312,0013361,㈜우리카드,G,총자산경비율,1.64,신용카드사,C,SC009,수익성
279,202312,0013361,㈜우리카드,H,수지비율,93.09,신용카드사,C,SC009,수익성
280,202403,0013361,㈜우리카드,A,총자산(평잔),16460985000000,신용카드사,C,SC009,수익성
281,202403,0013361,㈜우리카드,I,자본(평잔),2558110000000,신용카드사,C,SC009,수익성
282,202403,0013361,㈜우리카드,B,세전수익,2782326000000,신용카드사,C,SC009,수익성
283,202403,0013361,㈜우리카드,C,세전비용,2707775000000,신용카드사,C,SC009,수익성
284,202403,0013361,㈜우리카드,D,총경비,269264000000,신용카드사,C,SC009,수익성
285,202403,0013361,㈜우리카드,E,당기순이익,49180000000,신용카드사,C,SC009,수익성
286,202403,0013361,㈜우리카드,F,총자산순이익률(ROA),.3,신용카드사,C,SC009,수익성
287,202403,0013361,㈜우리카드,J,자기자본순이익률(ROE),1.92,신용카드사,C,SC009,수익성
288,202403,0013361,㈜우리카드,G,총자산경비율,1.64,신용카드사,C,SC009,수익성
289,202403,0013361,㈜우리카드,H,수지비율,97.32,신용카드사,C,SC009,수익성
290,202406,0013361,㈜우리카드,A,총자산(평잔),16453739000000,신용카드사,C,SC009,수익성
291,202406,0013361,㈜우리카드,I,자본(평잔),2621174000000,신용카드사,C,SC009,수익성
292,202406,0013361,㈜우리카드,B,세전수익,2806413000000,신용카드사,C,SC009,수익성
293,202406,0013361,㈜우리카드,C,세전비용,2698526000000,신용카드사,C,SC009,수익성
294,202406,0013361,㈜우리카드,D,총경비,269505000000,신용카드사,C,SC009,수익성
295,202406,0013361,㈜우리카드,E,당기순이익,77490000000,신용카드사,C,SC009,수익성
296,202406,0013361,㈜우리카드,F,총자산순이익률(ROA),.47,신용카드사,C,SC009,수익성
297,202406,0013361,㈜우리카드,J,자기자본순이익률(ROE),2.96,신용카드사,C,SC009,수익성
298,202406,0013361,㈜우리카드,G,총자산경비율,1.64,신용카드사,C,SC009,수익성
299,202406,0013361,㈜우리카드,H,수지비율,96.16,신용카드사,C,SC009,수익성
300,202409,0013361,㈜우리카드,A,총자산(평잔),16367592480000,신용카드사,C,SC009,수익성
301,202409,0013361,㈜우리카드,I,자본(평잔),2684862450000,신용카드사,C,SC009,수익성
302,202409,0013361,㈜우리카드,B,세전수익,2784256770000,신용카드사,C,SC009,수익성
303,202409,0013361,㈜우리카드,C,세전비용,2644599700000,신용카드사,C,SC009,수익성
304,202409,0013361,㈜우리카드,D,총경비,272107960000,신용카드사,C,SC009,수익성
305,202409,0013361,㈜우리카드,E,당기순이익,104085170000,신용카드사,C,SC009,수익성
306,202409,0013361,㈜우리카드,F,총자산순이익률(ROA),.64,신용카드사,C,SC009,수익성
307,202409,0013361,㈜우리카드,J,자기자본순이익률(ROE),3.88,신용카드사,C,SC009,수익성
308,202409,0013361,㈜우리카드,G,총자산경비율,1.66,신용카드사,C,SC009,수익성
309,202409,0013361,㈜우리카드,H,수지비율,94.98,신용카드사,C,SC009,수익성
310,202412,0013361,㈜우리카드,A,총자산(평잔),16273180260000,신용카드사,C,SC009,수익성
311,202412,0013361,㈜우리카드,I,자본(평잔),2706781740000,신용카드사,C,SC009,수익성
312,202412,0013361,㈜우리카드,B,세전수익,2857788130000,신용카드사,C,SC009,수익성
313,202412,0013361,㈜우리카드,C,세전비용,2668632990000,신용카드사,C,SC009,수익성
314,202412,0013361,㈜우리카드,D,총경비,282552720000,신용카드사,C,SC009,수익성
315,202412,0013361,㈜우리카드,E,당기순이익,150950560000,신용카드사,C,SC009,수익성
316,202412,0013361,㈜우리카드,F,총자산순이익률(ROA),.93,신용카드사,C,SC009,수익성
317,202412,0013361,㈜우리카드,J,자기자본순이익률(ROE),5.58,신용카드사,C,SC009,수익성
318,202412,0013361,㈜우리카드,G,총자산경비율,1.74,신용카드사,C,SC009,수익성
319,202412,0013361,㈜우리카드,H,수지비율,93.38,신용카드사,C,SC009,수익성
320,201703,0012627,㈜케이비국민카드,A,총자산(평잔),15336163000000,신용카드사,C,SC009,수익성
321,201703,0012627,㈜케이비국민카드,I,자본(평잔),3887349000000,신용카드사,C,SC009,수익성
322,201703,0012627,㈜케이비국민카드,B,세전수익,3084077000000,신용카드사,C,SC009,수익성
323,201703,0012627,㈜케이비국민카드,C,세전비용,2698544000000,신용카드사,C,SC009,수익성
324,201703,0012627,㈜케이비국민카드,D,총경비,355691000000,신용카드사,C,SC009,수익성
325,201703,0012627,㈜케이비국민카드,E,당기순이익,298082000000,신용카드사,C,SC009,수익성
326,201703,0012627,㈜케이비국민카드,F,총자산순이익률(ROA),1.94,신용카드사,C,SC009,수익성
327,201703,0012627,㈜케이비국민카드,J,자기자본순이익률(ROE),7.67,신용카드사,C,SC009,수익성
328,201703,0012627,㈜케이비국민카드,G,총자산경비율,2.32,신용카드사,C,SC009,수익성
329,201703,0012627,㈜케이비국민카드,H,수지비율,87.5,신용카드사,C,SC009,수익성
330,201706,0012627,㈜케이비국민카드,A,총자산(평잔),15563554000000,신용카드사,C,SC009,수익성
331,201706,0012627,㈜케이비국민카드,I,자본(평잔),3907938000000,신용카드사,C,SC009,수익성
332,201706,0012627,㈜케이비국민카드,B,세전수익,3169181000000,신용카드사,C,SC009,수익성
333,201706,0012627,㈜케이비국민카드,C,세전비용,2864366000000,신용카드사,C,SC009,수익성
334,201706,0012627,㈜케이비국민카드,D,총경비,372654000000,신용카드사,C,SC009,수익성
335,201706,0012627,㈜케이비국민카드,E,당기순이익,211529000000,신용카드사,C,SC009,수익성
336,201706,0012627,㈜케이비국민카드,F,총자산순이익률(ROA),1.36,신용카드사,C,SC009,수익성
337,201706,0012627,㈜케이비국민카드,J,자기자본순이익률(ROE),5.41,신용카드사,C,SC009,수익성
338,201706,0012627,㈜케이비국민카드,G,총자산경비율,2.39,신용카드사,C,SC009,수익성
339,201706,0012627,㈜케이비국민카드,H,수지비율,90.38,신용카드사,C,SC009,수익성
340,201709,0012627,㈜케이비국민카드,A,총자산(평잔),15876050000000,신용카드사,C,SC009,수익성
341,201709,0012627,㈜케이비국민카드,I,자본(평잔),3931686000000,신용카드사,C,SC009,수익성
342,201709,0012627,㈜케이비국민카드,B,세전수익,3242188000000,신용카드사,C,SC009,수익성
343,201709,0012627,㈜케이비국민카드,C,세전비용,2953282000000,신용카드사,C,SC009,수익성
344,201709,0012627,㈜케이비국민카드,D,총경비,369360000000,신용카드사,C,SC009,수익성
345,201709,0012627,㈜케이비국민카드,E,당기순이익,196134000000,신용카드사,C,SC009,수익성
346,201709,0012627,㈜케이비국민카드,F,총자산순이익률(ROA),1.24,신용카드사,C,SC009,수익성
347,201709,0012627,㈜케이비국민카드,J,자기자본순이익률(ROE),4.99,신용카드사,C,SC009,수익성
348,201709,0012627,㈜케이비국민카드,G,총자산경비율,2.33,신용카드사,C,SC009,수익성
349,201709,0012627,㈜케이비국민카드,H,수지비율,91.09,신용카드사,C,SC009,수익성
350,201712,0012627,㈜케이비국민카드,A,총자산(평잔),16309350000000,신용카드사,C,SC009,수익성
351,201712,0012627,㈜케이비국민카드,I,자본(평잔),3952226000000,신용카드사,C,SC009,수익성
352,201712,0012627,㈜케이비국민카드,B,세전수익,3327306000000,신용카드사,C,SC009,수익성
353,201712,0012627,㈜케이비국민카드,C,세전비용,3093679000000,신용카드사,C,SC009,수익성
354,201712,0012627,㈜케이비국민카드,D,총경비,370508000000,신용카드사,C,SC009,수익성
355,201712,0012627,㈜케이비국민카드,E,당기순이익,162558000000,신용카드사,C,SC009,수익성
356,201712,0012627,㈜케이비국민카드,F,총자산순이익률(ROA),1,신용카드사,C,SC009,수익성
357,201712,0012627,㈜케이비국민카드,J,자기자본순이익률(ROE),4.11,신용카드사,C,SC009,수익성
358,201712,0012627,㈜케이비국민카드,G,총자산경비율,2.27,신용카드사,C,SC009,수익성
359,201712,0012627,㈜케이비국민카드,H,수지비율,92.98,신용카드사,C,SC009,수익성
360,201803,0012627,㈜케이비국민카드,A,총자산(평잔),17028138000000,신용카드사,C,SC009,수익성
361,201803,0012627,㈜케이비국민카드,I,자본(평잔),3928270000000,신용카드사,C,SC009,수익성
362,201803,0012627,㈜케이비국민카드,B,세전수익,3323431000000,신용카드사,C,SC009,수익성
363,201803,0012627,㈜케이비국민카드,C,세전비용,3279722000000,신용카드사,C,SC009,수익성
364,201803,0012627,㈜케이비국민카드,D,총경비,385687000000,신용카드사,C,SC009,수익성
365,201803,0012627,㈜케이비국민카드,E,당기순이익,161314000000,신용카드사,C,SC009,수익성
366,201803,0012627,㈜케이비국민카드,F,총자산순이익률(ROA),.95,신용카드사,C,SC009,수익성
367,201803,0012627,㈜케이비국민카드,J,자기자본순이익률(ROE),4.11,신용카드사,C,SC009,수익성
368,201803,0012627,㈜케이비국민카드,G,총자산경비율,2.26,신용카드사,C,SC009,수익성
369,201803,0012627,㈜케이비국민카드,H,수지비율,98.68,신용카드사,C,SC009,수익성
370,201806,0012627,㈜케이비국민카드,A,총자산(평잔),17478597000000,신용카드사,C,SC009,수익성
371,201806,0012627,㈜케이비국민카드,I,자본(평잔),3927208000000,신용카드사,C,SC009,수익성
372,201806,0012627,㈜케이비국민카드,B,세전수익,3556241000000,신용카드사,C,SC009,수익성
373,201806,0012627,㈜케이비국민카드,C,세전비용,3256957000000,신용카드사,C,SC009,수익성
374,201806,0012627,㈜케이비국민카드,D,총경비,382273000000,신용카드사,C,SC009,수익성
375,201806,0012627,㈜케이비국민카드,E,당기순이익,208362000000,신용카드사,C,SC009,수익성
376,201806,0012627,㈜케이비국민카드,F,총자산순이익률(ROA),1.19,신용카드사,C,SC009,수익성
377,201806,0012627,㈜케이비국민카드,J,자기자본순이익률(ROE),5.31,신용카드사,C,SC009,수익성
378,201806,0012627,㈜케이비국민카드,G,총자산경비율,2.19,신용카드사,C,SC009,수익성
379,201806,0012627,㈜케이비국민카드,H,수지비율,91.58,신용카드사,C,SC009,수익성
380,201809,0012627,㈜케이비국민카드,A,총자산(평잔),18001360000000,신용카드사,C,SC009,수익성
381,201809,0012627,㈜케이비국민카드,I,자본(평잔),3923185000000,신용카드사,C,SC009,수익성
382,201809,0012627,㈜케이비국민카드,B,세전수익,3649282000000,신용카드사,C,SC009,수익성
383,201809,0012627,㈜케이비국민카드,C,세전비용,3344120000000,신용카드사,C,SC009,수익성
384,201809,0012627,㈜케이비국민카드,D,총경비,387228000000,신용카드사,C,SC009,수익성
385,201809,0012627,㈜케이비국민카드,E,당기순이익,213206000000,신용카드사,C,SC009,수익성
386,201809,0012627,㈜케이비국민카드,F,총자산순이익률(ROA),1.18,신용카드사,C,SC009,수익성
387,201809,0012627,㈜케이비국민카드,J,자기자본순이익률(ROE),5.43,신용카드사,C,SC009,수익성
388,201809,0012627,㈜케이비국민카드,G,총자산경비율,2.15,신용카드사,C,SC009,수익성
389,201809,0012627,㈜케이비국민카드,H,수지비율,91.64,신용카드사,C,SC009,수익성
390,201812,0012627,㈜케이비국민카드,A,총자산(평잔),18556640000000,신용카드사,C,SC009,수익성
391,201812,0012627,㈜케이비국민카드,I,자본(평잔),3919068000000,신용카드사,C,SC009,수익성
392,201812,0012627,㈜케이비국민카드,B,세전수익,3785843000000,신용카드사,C,SC009,수익성
393,201812,0012627,㈜케이비국민카드,C,세전비용,3437207000000,신용카드사,C,SC009,수익성
394,201812,0012627,㈜케이비국민카드,D,총경비,403658000000,신용카드사,C,SC009,수익성
395,201812,0012627,㈜케이비국민카드,E,당기순이익,199041000000,신용카드사,C,SC009,수익성
396,201812,0012627,㈜케이비국민카드,F,총자산순이익률(ROA),1.07,신용카드사,C,SC009,수익성
397,201812,0012627,㈜케이비국민카드,J,자기자본순이익률(ROE),5.08,신용카드사,C,SC009,수익성
398,201812,0012627,㈜케이비국민카드,G,총자산경비율,2.18,신용카드사,C,SC009,수익성
399,201812,0012627,㈜케이비국민카드,H,수지비율,90.79,신용카드사,C,SC009,수익성
400,201903,0012627,㈜케이비국민카드,A,총자산(평잔),19162438000000,신용카드사,C,SC009,수익성
401,201903,0012627,㈜케이비국민카드,I,자본(평잔),3950958000000,신용카드사,C,SC009,수익성
402,201903,0012627,㈜케이비국민카드,B,세전수익,3928542000000,신용카드사,C,SC009,수익성
403,201903,0012627,㈜케이비국민카드,C,세전비용,3391429000000,신용카드사,C,SC009,수익성
404,201903,0012627,㈜케이비국민카드,D,총경비,390106000000,신용카드사,C,SC009,수익성
405,201903,0012627,㈜케이비국민카드,E,당기순이익,195656000000,신용카드사,C,SC009,수익성
406,201903,0012627,㈜케이비국민카드,F,총자산순이익률(ROA),1.02,신용카드사,C,SC009,수익성
407,201903,0012627,㈜케이비국민카드,J,자기자본순이익률(ROE),4.95,신용카드사,C,SC009,수익성
408,201903,0012627,㈜케이비국민카드,G,총자산경비율,2.04,신용카드사,C,SC009,수익성
409,201903,0012627,㈜케이비국민카드,H,수지비율,86.33,신용카드사,C,SC009,수익성
410,201906,0012627,㈜케이비국민카드,A,총자산(평잔),19731197000000,신용카드사,C,SC009,수익성
411,201906,0012627,㈜케이비국민카드,I,자본(평잔),3959592000000,신용카드사,C,SC009,수익성
412,201906,0012627,㈜케이비국민카드,B,세전수익,3444339000000,신용카드사,C,SC009,수익성
413,201906,0012627,㈜케이비국민카드,C,세전비용,3148371000000,신용카드사,C,SC009,수익성
414,201906,0012627,㈜케이비국민카드,D,총경비,400417000000,신용카드사,C,SC009,수익성
415,201906,0012627,㈜케이비국민카드,E,당기순이익,158266000000,신용카드사,C,SC009,수익성
416,201906,0012627,㈜케이비국민카드,F,총자산순이익률(ROA),.8,신용카드사,C,SC009,수익성
417,201906,0012627,㈜케이비국민카드,J,자기자본순이익률(ROE),4,신용카드사,C,SC009,수익성
418,201906,0012627,㈜케이비국민카드,G,총자산경비율,2.03,신용카드사,C,SC009,수익성
419,201906,0012627,㈜케이비국민카드,H,수지비율,91.41,신용카드사,C,SC009,수익성
420,201909,0012627,㈜케이비국민카드,A,총자산(평잔),20260802000000,신용카드사,C,SC009,수익성
421,201909,0012627,㈜케이비국민카드,I,자본(평잔),3964769000000,신용카드사,C,SC009,수익성
422,201909,0012627,㈜케이비국민카드,B,세전수익,3894837000000,신용카드사,C,SC009,수익성
423,201909,0012627,㈜케이비국민카드,C,세전비용,3601242000000,신용카드사,C,SC009,수익성
424,201909,0012627,㈜케이비국민카드,D,총경비,413556000000,신용카드사,C,SC009,수익성
425,201909,0012627,㈜케이비국민카드,E,당기순이익,176828000000,신용카드사,C,SC009,수익성
426,201909,0012627,㈜케이비국민카드,F,총자산순이익률(ROA),.87,신용카드사,C,SC009,수익성
427,201909,0012627,㈜케이비국민카드,J,자기자본순이익률(ROE),4.46,신용카드사,C,SC009,수익성
428,201909,0012627,㈜케이비국민카드,G,총자산경비율,2.04,신용카드사,C,SC009,수익성
429,201909,0012627,㈜케이비국민카드,H,수지비율,92.46,신용카드사,C,SC009,수익성
430,201912,0012627,㈜케이비국민카드,A,총자산(평잔),20815060000000,신용카드사,C,SC009,수익성
431,201912,0012627,㈜케이비국민카드,I,자본(평잔),3979894000000,신용카드사,C,SC009,수익성
432,201912,0012627,㈜케이비국민카드,B,세전수익,3912552000000,신용카드사,C,SC009,수익성
433,201912,0012627,㈜케이비국민카드,C,세전비용,3633839000000,신용카드사,C,SC009,수익성
434,201912,0012627,㈜케이비국민카드,D,총경비,438710000000,신용카드사,C,SC009,수익성
435,201912,0012627,㈜케이비국민카드,E,당기순이익,180499000000,신용카드사,C,SC009,수익성
436,201912,0012627,㈜케이비국민카드,F,총자산순이익률(ROA),.87,신용카드사,C,SC009,수익성
437,201912,0012627,㈜케이비국민카드,J,자기자본순이익률(ROE),4.54,신용카드사,C,SC009,수익성
438,201912,0012627,㈜케이비국민카드,G,총자산경비율,2.11,신용카드사,C,SC009,수익성
439,201912,0012627,㈜케이비국민카드,H,수지비율,92.88,신용카드사,C,SC009,수익성
440,202003,0012627,㈜케이비국민카드,A,총자산(평잔),21356976000000,신용카드사,C,SC009,수익성
441,202003,0012627,㈜케이비국민카드,I,자본(평잔),3994212000000,신용카드사,C,SC009,수익성
442,202003,0012627,㈜케이비국민카드,B,세전수익,3846699000000,신용카드사,C,SC009,수익성
443,202003,0012627,㈜케이비국민카드,C,세전비용,3806482000000,신용카드사,C,SC009,수익성
444,202003,0012627,㈜케이비국민카드,D,총경비,450188000000,신용카드사,C,SC009,수익성
445,202003,0012627,㈜케이비국민카드,E,당기순이익,188323000000,신용카드사,C,SC009,수익성
446,202003,0012627,㈜케이비국민카드,F,총자산순이익률(ROA),.88,신용카드사,C,SC009,수익성
447,202003,0012627,㈜케이비국민카드,J,자기자본순이익률(ROE),4.71,신용카드사,C,SC009,수익성
448,202003,0012627,㈜케이비국민카드,G,총자산경비율,2.11,신용카드사,C,SC009,수익성
449,202003,0012627,㈜케이비국민카드,H,수지비율,98.95,신용카드사,C,SC009,수익성
450,202006,0012627,㈜케이비국민카드,A,총자산(평잔),21922895000000,신용카드사,C,SC009,수익성
451,202006,0012627,㈜케이비국민카드,I,자본(평잔),4043352000000,신용카드사,C,SC009,수익성
452,202006,0012627,㈜케이비국민카드,B,세전수익,3762176000000,신용카드사,C,SC009,수익성
453,202006,0012627,㈜케이비국민카드,C,세전비용,3861200000000,신용카드사,C,SC009,수익성
454,202006,0012627,㈜케이비국민카드,D,총경비,461757000000,신용카드사,C,SC009,수익성
455,202006,0012627,㈜케이비국민카드,E,당기순이익,263042000000,신용카드사,C,SC009,수익성
456,202006,0012627,㈜케이비국민카드,F,총자산순이익률(ROA),1.2,신용카드사,C,SC009,수익성
457,202006,0012627,㈜케이비국민카드,J,자기자본순이익률(ROE),6.51,신용카드사,C,SC009,수익성
458,202006,0012627,㈜케이비국민카드,G,총자산경비율,2.11,신용카드사,C,SC009,수익성
459,202006,0012627,㈜케이비국민카드,H,수지비율,102.63,신용카드사,C,SC009,수익성
460,202009,0012627,㈜케이비국민카드,A,총자산(평잔),22370944000000,신용카드사,C,SC009,수익성
461,202009,0012627,㈜케이비국민카드,I,자본(평잔),4107646000000,신용카드사,C,SC009,수익성
462,202009,0012627,㈜케이비국민카드,B,세전수익,3963313000000,신용카드사,C,SC009,수익성
463,202009,0012627,㈜케이비국민카드,C,세전비용,3575850000000,신용카드사,C,SC009,수익성
464,202009,0012627,㈜케이비국민카드,D,총경비,469632000000,신용카드사,C,SC009,수익성
465,202009,0012627,㈜케이비국민카드,E,당기순이익,278248000000,신용카드사,C,SC009,수익성
466,202009,0012627,㈜케이비국민카드,F,총자산순이익률(ROA),1.24,신용카드사,C,SC009,수익성
467,202009,0012627,㈜케이비국민카드,J,자기자본순이익률(ROE),6.77,신용카드사,C,SC009,수익성
468,202009,0012627,㈜케이비국민카드,G,총자산경비율,2.1,신용카드사,C,SC009,수익성
469,202009,0012627,㈜케이비국민카드,H,수지비율,90.22,신용카드사,C,SC009,수익성
470,202012,0012627,㈜케이비국민카드,A,총자산(평잔),22754756000000,신용카드사,C,SC009,수익성
471,202012,0012627,㈜케이비국민카드,I,자본(평잔),4159165000000,신용카드사,C,SC009,수익성
472,202012,0012627,㈜케이비국민카드,B,세전수익,3962283000000,신용카드사,C,SC009,수익성
473,202012,0012627,㈜케이비국민카드,C,세전비용,3557467000000,신용카드사,C,SC009,수익성
474,202012,0012627,㈜케이비국민카드,D,총경비,483435000000,신용카드사,C,SC009,수익성
475,202012,0012627,㈜케이비국민카드,E,당기순이익,290739000000,신용카드사,C,SC009,수익성
476,202012,0012627,㈜케이비국민카드,F,총자산순이익률(ROA),1.28,신용카드사,C,SC009,수익성
477,202012,0012627,㈜케이비국민카드,J,자기자본순이익률(ROE),6.99,신용카드사,C,SC009,수익성
478,202012,0012627,㈜케이비국민카드,G,총자산경비율,2.12,신용카드사,C,SC009,수익성
479,202012,0012627,㈜케이비국민카드,H,수지비율,89.78,신용카드사,C,SC009,수익성
480,202103,0012627,㈜케이비국민카드,A,총자산(평잔),23022840000000,신용카드사,C,SC009,수익성
481,202103,0012627,㈜케이비국민카드,I,자본(평잔),4221278000000,신용카드사,C,SC009,수익성
482,202103,0012627,㈜케이비국민카드,B,세전수익,3999149000000,신용카드사,C,SC009,수익성
483,202103,0012627,㈜케이비국민카드,C,세전비용,3592538000000,신용카드사,C,SC009,수익성
484,202103,0012627,㈜케이비국민카드,D,총경비,494635000000,신용카드사,C,SC009,수익성
485,202103,0012627,㈜케이비국민카드,E,당기순이익,278051000000,신용카드사,C,SC009,수익성
486,202103,0012627,㈜케이비국민카드,F,총자산순이익률(ROA),1.21,신용카드사,C,SC009,수익성
487,202103,0012627,㈜케이비국민카드,J,자기자본순이익률(ROE),6.59,신용카드사,C,SC009,수익성
488,202103,0012627,㈜케이비국민카드,G,총자산경비율,2.15,신용카드사,C,SC009,수익성
489,202103,0012627,㈜케이비국민카드,H,수지비율,89.83,신용카드사,C,SC009,수익성
490,202106,0012627,㈜케이비국민카드,A,총자산(평잔),23387220000000,신용카드사,C,SC009,수익성
491,202106,0012627,㈜케이비국민카드,I,자본(평잔),4271184000000,신용카드사,C,SC009,수익성
492,202106,0012627,㈜케이비국민카드,B,세전수익,4037719000000,신용카드사,C,SC009,수익성
493,202106,0012627,㈜케이비국민카드,C,세전비용,3690569000000,신용카드사,C,SC009,수익성
494,202106,0012627,㈜케이비국민카드,D,총경비,492190000000,신용카드사,C,SC009,수익성
495,202106,0012627,㈜케이비국민카드,E,당기순이익,206836000000,신용카드사,C,SC009,수익성
496,202106,0012627,㈜케이비국민카드,F,총자산순이익률(ROA),.88,신용카드사,C,SC009,수익성
497,202106,0012627,㈜케이비국민카드,J,자기자본순이익률(ROE),4.84,신용카드사,C,SC009,수익성
498,202106,0012627,㈜케이비국민카드,G,총자산경비율,2.1,신용카드사,C,SC009,수익성
499,202106,0012627,㈜케이비국민카드,H,수지비율,91.4,신용카드사,C,SC009,수익성
500,202109,0012627,㈜케이비국민카드,A,총자산(평잔),23949277000000,신용카드사,C,SC009,수익성
501,202109,0012627,㈜케이비국민카드,I,자본(평잔),4328376000000,신용카드사,C,SC009,수익성
502,202109,0012627,㈜케이비국민카드,B,세전수익,4100066000000,신용카드사,C,SC009,수익성
503,202109,0012627,㈜케이비국민카드,C,세전비용,3720948000000,신용카드사,C,SC009,수익성
504,202109,0012627,㈜케이비국민카드,D,총경비,497228000000,신용카드사,C,SC009,수익성
505,202109,0012627,㈜케이비국민카드,E,당기순이익,225366000000,신용카드사,C,SC009,수익성
506,202109,0012627,㈜케이비국민카드,F,총자산순이익률(ROA),.94,신용카드사,C,SC009,수익성
507,202109,0012627,㈜케이비국민카드,J,자기자본순이익률(ROE),5.21,신용카드사,C,SC009,수익성
508,202109,0012627,㈜케이비국민카드,G,총자산경비율,2.08,신용카드사,C,SC009,수익성
509,202109,0012627,㈜케이비국민카드,H,수지비율,90.75,신용카드사,C,SC009,수익성
510,202112,0012627,㈜케이비국민카드,A,총자산(평잔),24645610000000,신용카드사,C,SC009,수익성
511,202112,0012627,㈜케이비국민카드,I,자본(평잔),4395575000000,신용카드사,C,SC009,수익성
512,202112,0012627,㈜케이비국민카드,B,세전수익,4180187000000,신용카드사,C,SC009,수익성
513,202112,0012627,㈜케이비국민카드,C,세전비용,3794512000000,신용카드사,C,SC009,수익성
514,202112,0012627,㈜케이비국민카드,D,총경비,496338000000,신용카드사,C,SC009,수익성
515,202112,0012627,㈜케이비국민카드,E,당기순이익,246280000000,신용카드사,C,SC009,수익성
516,202112,0012627,㈜케이비국민카드,F,총자산순이익률(ROA),1,신용카드사,C,SC009,수익성
517,202112,0012627,㈜케이비국민카드,J,자기자본순이익률(ROE),5.6,신용카드사,C,SC009,수익성
518,202112,0012627,㈜케이비국민카드,G,총자산경비율,2.01,신용카드사,C,SC009,수익성
519,202112,0012627,㈜케이비국민카드,H,수지비율,90.77,신용카드사,C,SC009,수익성
520,202203,0012627,㈜케이비국민카드,A,총자산(평잔),25281412000000,신용카드사,C,SC009,수익성
521,202203,0012627,㈜케이비국민카드,I,자본(평잔),4448334000000,신용카드사,C,SC009,수익성
522,202203,0012627,㈜케이비국민카드,B,세전수익,4200983000000,신용카드사,C,SC009,수익성
523,202203,0012627,㈜케이비국민카드,C,세전비용,3762976000000,신용카드사,C,SC009,수익성
524,202203,0012627,㈜케이비국민카드,D,총경비,487784000000,신용카드사,C,SC009,수익성
525,202203,0012627,㈜케이비국민카드,E,당기순이익,295957000000,신용카드사,C,SC009,수익성
526,202203,0012627,㈜케이비국민카드,F,총자산순이익률(ROA),1.17,신용카드사,C,SC009,수익성
527,202203,0012627,㈜케이비국민카드,J,자기자본순이익률(ROE),6.65,신용카드사,C,SC009,수익성
528,202203,0012627,㈜케이비국민카드,G,총자산경비율,1.93,신용카드사,C,SC009,수익성
529,202203,0012627,㈜케이비국민카드,H,수지비율,89.57,신용카드사,C,SC009,수익성
530,202206,0012627,㈜케이비국민카드,A,총자산(평잔),25770778000000,신용카드사,C,SC009,수익성
531,202206,0012627,㈜케이비국민카드,I,자본(평잔),4491795000000,신용카드사,C,SC009,수익성
532,202206,0012627,㈜케이비국민카드,B,세전수익,4295893000000,신용카드사,C,SC009,수익성
533,202206,0012627,㈜케이비국민카드,C,세전비용,3824557000000,신용카드사,C,SC009,수익성
534,202206,0012627,㈜케이비국민카드,D,총경비,491586000000,신용카드사,C,SC009,수익성
535,202206,0012627,㈜케이비국민카드,E,당기순이익,329232000000,신용카드사,C,SC009,수익성
536,202206,0012627,㈜케이비국민카드,F,총자산순이익률(ROA),1.28,신용카드사,C,SC009,수익성
537,202206,0012627,㈜케이비국민카드,J,자기자본순이익률(ROE),7.33,신용카드사,C,SC009,수익성
538,202206,0012627,㈜케이비국민카드,G,총자산경비율,1.91,신용카드사,C,SC009,수익성
539,202206,0012627,㈜케이비국민카드,H,수지비율,89.03,신용카드사,C,SC009,수익성
540,202209,0012627,㈜케이비국민카드,A,총자산(평잔),26418645000000,신용카드사,C,SC009,수익성
541,202209,0012627,㈜케이비국민카드,I,자본(평잔),4530536000000,신용카드사,C,SC009,수익성
542,202209,0012627,㈜케이비국민카드,B,세전수익,4398596000000,신용카드사,C,SC009,수익성
543,202209,0012627,㈜케이비국민카드,C,세전비용,3920865000000,신용카드사,C,SC009,수익성
544,202209,0012627,㈜케이비국민카드,D,총경비,501763000000,신용카드사,C,SC009,수익성
545,202209,0012627,㈜케이비국민카드,E,당기순이익,346149000000,신용카드사,C,SC009,수익성
546,202209,0012627,㈜케이비국민카드,F,총자산순이익률(ROA),1.31,신용카드사,C,SC009,수익성
547,202209,0012627,㈜케이비국민카드,J,자기자본순이익률(ROE),7.64,신용카드사,C,SC009,수익성
548,202209,0012627,㈜케이비국민카드,G,총자산경비율,1.9,신용카드사,C,SC009,수익성
549,202209,0012627,㈜케이비국민카드,H,수지비율,89.14,신용카드사,C,SC009,수익성
550,202212,0012627,㈜케이비국민카드,A,총자산(평잔),26999529000000,신용카드사,C,SC009,수익성
551,202212,0012627,㈜케이비국민카드,I,자본(평잔),4564857000000,신용카드사,C,SC009,수익성
552,202212,0012627,㈜케이비국민카드,B,세전수익,4472629000000,신용카드사,C,SC009,수익성
553,202212,0012627,㈜케이비국민카드,C,세전비용,4075208000000,신용카드사,C,SC009,수익성
554,202212,0012627,㈜케이비국민카드,D,총경비,504028000000,신용카드사,C,SC009,수익성
555,202212,0012627,㈜케이비국민카드,E,당기순이익,260317000000,신용카드사,C,SC009,수익성
556,202212,0012627,㈜케이비국민카드,F,총자산순이익률(ROA),.96,신용카드사,C,SC009,수익성
557,202212,0012627,㈜케이비국민카드,J,자기자본순이익률(ROE),5.7,신용카드사,C,SC009,수익성
558,202212,0012627,㈜케이비국민카드,G,총자산경비율,1.87,신용카드사,C,SC009,수익성
559,202212,0012627,㈜케이비국민카드,H,수지비율,91.11,신용카드사,C,SC009,수익성
560,202303,0012627,㈜케이비국민카드,A,총자산(평잔),27493915000000,신용카드사,C,SC009,수익성
561,202303,0012627,㈜케이비국민카드,I,자본(평잔),4600077000000,신용카드사,C,SC009,수익성
562,202303,0012627,㈜케이비국민카드,B,세전수익,4638060000000,신용카드사,C,SC009,수익성
563,202303,0012627,㈜케이비국민카드,C,세전비용,4172896000000,신용카드사,C,SC009,수익성
564,202303,0012627,㈜케이비국민카드,D,총경비,526553000000,신용카드사,C,SC009,수익성
565,202303,0012627,㈜케이비국민카드,E,당기순이익,345023000000,신용카드사,C,SC009,수익성
566,202303,0012627,㈜케이비국민카드,F,총자산순이익률(ROA),1.25,신용카드사,C,SC009,수익성
567,202303,0012627,㈜케이비국민카드,J,자기자본순이익률(ROE),7.5,신용카드사,C,SC009,수익성
568,202303,0012627,㈜케이비국민카드,G,총자산경비율,1.92,신용카드사,C,SC009,수익성
569,202303,0012627,㈜케이비국민카드,H,수지비율,89.97,신용카드사,C,SC009,수익성
570,202306,0012627,㈜케이비국민카드,A,총자산(평잔),27588753000000,신용카드사,C,SC009,수익성
571,202306,0012627,㈜케이비국민카드,I,자본(평잔),4632056000000,신용카드사,C,SC009,수익성
572,202306,0012627,㈜케이비국민카드,B,세전수익,4749249000000,신용카드사,C,SC009,수익성
573,202306,0012627,㈜케이비국민카드,C,세전비용,4280678000000,신용카드사,C,SC009,수익성
574,202306,0012627,㈜케이비국민카드,D,총경비,525865000000,신용카드사,C,SC009,수익성
575,202306,0012627,㈜케이비국민카드,E,당기순이익,353182000000,신용카드사,C,SC009,수익성
576,202306,0012627,㈜케이비국민카드,F,총자산순이익률(ROA),1.28,신용카드사,C,SC009,수익성
577,202306,0012627,㈜케이비국민카드,J,자기자본순이익률(ROE),7.62,신용카드사,C,SC009,수익성
578,202306,0012627,㈜케이비국민카드,G,총자산경비율,1.91,신용카드사,C,SC009,수익성
579,202306,0012627,㈜케이비국민카드,H,수지비율,90.13,신용카드사,C,SC009,수익성
580,202309,0012627,㈜케이비국민카드,A,총자산(평잔),27462095000000,신용카드사,C,SC009,수익성
581,202309,0012627,㈜케이비국민카드,I,자본(평잔),4661860000000,신용카드사,C,SC009,수익성
582,202309,0012627,㈜케이비국민카드,B,세전수익,4829981000000,신용카드사,C,SC009,수익성
583,202309,0012627,㈜케이비국민카드,C,세전비용,4454334000000,신용카드사,C,SC009,수익성
584,202309,0012627,㈜케이비국민카드,D,총경비,519998000000,신용카드사,C,SC009,수익성
585,202309,0012627,㈜케이비국민카드,E,당기순이익,271756000000,신용카드사,C,SC009,수익성
586,202309,0012627,㈜케이비국민카드,F,총자산순이익률(ROA),.99,신용카드사,C,SC009,수익성
587,202309,0012627,㈜케이비국민카드,J,자기자본순이익률(ROE),5.83,신용카드사,C,SC009,수익성
588,202309,0012627,㈜케이비국민카드,G,총자산경비율,1.89,신용카드사,C,SC009,수익성
589,202309,0012627,㈜케이비국민카드,H,수지비율,92.22,신용카드사,C,SC009,수익성
590,202312,0012627,㈜케이비국민카드,A,총자산(평잔),27055487000000,신용카드사,C,SC009,수익성
591,202312,0012627,㈜케이비국민카드,I,자본(평잔),4698629000000,신용카드사,C,SC009,수익성
592,202312,0012627,㈜케이비국민카드,B,세전수익,5005830000000,신용카드사,C,SC009,수익성
593,202312,0012627,㈜케이비국민카드,C,세전비용,4738448000000,신용카드사,C,SC009,수익성
594,202312,0012627,㈜케이비국민카드,D,총경비,509064000000,신용카드사,C,SC009,수익성
595,202312,0012627,㈜케이비국민카드,E,당기순이익,146745000000,신용카드사,C,SC009,수익성
596,202312,0012627,㈜케이비국민카드,F,총자산순이익률(ROA),.54,신용카드사,C,SC009,수익성
597,202312,0012627,㈜케이비국민카드,J,자기자본순이익률(ROE),3.12,신용카드사,C,SC009,수익성
598,202312,0012627,㈜케이비국민카드,G,총자산경비율,1.88,신용카드사,C,SC009,수익성
599,202312,0012627,㈜케이비국민카드,H,수지비율,94.66,신용카드사,C,SC009,수익성
600,202403,0012627,㈜케이비국민카드,A,총자산(평잔),27202798000000,신용카드사,C,SC009,수익성
601,202403,0012627,㈜케이비국민카드,I,자본(평잔),4743248000000,신용카드사,C,SC009,수익성
602,202403,0012627,㈜케이비국민카드,B,세전수익,5076009000000,신용카드사,C,SC009,수익성
603,202403,0012627,㈜케이비국민카드,C,세전비용,4660676000000,신용카드사,C,SC009,수익성
604,202403,0012627,㈜케이비국민카드,D,총경비,488425000000,신용카드사,C,SC009,수익성
605,202403,0012627,㈜케이비국민카드,E,당기순이익,275868000000,신용카드사,C,SC009,수익성
606,202403,0012627,㈜케이비국민카드,F,총자산순이익률(ROA),1.01,신용카드사,C,SC009,수익성
607,202403,0012627,㈜케이비국민카드,J,자기자본순이익률(ROE),5.82,신용카드사,C,SC009,수익성
608,202403,0012627,㈜케이비국민카드,G,총자산경비율,1.8,신용카드사,C,SC009,수익성
609,202403,0012627,㈜케이비국민카드,H,수지비율,91.82,신용카드사,C,SC009,수익성
610,202406,0012627,㈜케이비국민카드,A,총자산(평잔),27393774000000,신용카드사,C,SC009,수익성
611,202406,0012627,㈜케이비국민카드,I,자본(평잔),4866893000000,신용카드사,C,SC009,수익성
612,202406,0012627,㈜케이비국민카드,B,세전수익,5122054000000,신용카드사,C,SC009,수익성
613,202406,0012627,㈜케이비국민카드,C,세전비용,4662584000000,신용카드사,C,SC009,수익성
614,202406,0012627,㈜케이비국민카드,D,총경비,487059000000,신용카드사,C,SC009,수익성
615,202406,0012627,㈜케이비국민카드,E,당기순이익,317623000000,신용카드사,C,SC009,수익성
616,202406,0012627,㈜케이비국민카드,F,총자산순이익률(ROA),1.16,신용카드사,C,SC009,수익성
617,202406,0012627,㈜케이비국민카드,J,자기자본순이익률(ROE),6.53,신용카드사,C,SC009,수익성
618,202406,0012627,㈜케이비국민카드,G,총자산경비율,1.78,신용카드사,C,SC009,수익성
619,202406,0012627,㈜케이비국민카드,H,수지비율,91.03,신용카드사,C,SC009,수익성
620,202409,0012627,㈜케이비국민카드,A,총자산(평잔),27607243000000,신용카드사,C,SC009,수익성
621,202409,0012627,㈜케이비국민카드,I,자본(평잔),4993294000000,신용카드사,C,SC009,수익성
622,202409,0012627,㈜케이비국민카드,B,세전수익,5179236000000,신용카드사,C,SC009,수익성
623,202409,0012627,㈜케이비국민카드,C,세전비용,4598140000000,신용카드사,C,SC009,수익성
624,202409,0012627,㈜케이비국민카드,D,총경비,485724000000,신용카드사,C,SC009,수익성
625,202409,0012627,㈜케이비국민카드,E,당기순이익,425445000000,신용카드사,C,SC009,수익성
626,202409,0012627,㈜케이비국민카드,F,총자산순이익률(ROA),1.54,신용카드사,C,SC009,수익성
627,202409,0012627,㈜케이비국민카드,J,자기자본순이익률(ROE),8.52,신용카드사,C,SC009,수익성
628,202409,0012627,㈜케이비국민카드,G,총자산경비율,1.76,신용카드사,C,SC009,수익성
629,202409,0012627,㈜케이비국민카드,H,수지비율,88.78,신용카드사,C,SC009,수익성
630,202412,0012627,㈜케이비국민카드,A,총자산(평잔),27515789000000,신용카드사,C,SC009,수익성
631,202412,0012627,㈜케이비국민카드,I,자본(평잔),5115046000000,신용카드사,C,SC009,수익성
632,202412,0012627,㈜케이비국민카드,B,세전수익,5113519000000,신용카드사,C,SC009,수익성
633,202412,0012627,㈜케이비국민카드,C,세전비용,4572317000000,신용카드사,C,SC009,수익성
634,202412,0012627,㈜케이비국민카드,D,총경비,519461000000,신용카드사,C,SC009,수익성
635,202412,0012627,㈜케이비국민카드,E,당기순이익,393433000000,신용카드사,C,SC009,수익성
636,202412,0012627,㈜케이비국민카드,F,총자산순이익률(ROA),1.43,신용카드사,C,SC009,수익성
637,202412,0012627,㈜케이비국민카드,J,자기자본순이익률(ROE),7.69,신용카드사,C,SC009,수익성
638,202412,0012627,㈜케이비국민카드,G,총자산경비율,1.89,신용카드사,C,SC009,수익성
639,202412,0012627,㈜케이비국민카드,H,수지비율,89.42,신용카드사,C,SC009,수익성
640,201703,0010226,롯데카드㈜,A,총자산(평잔),9689272000000,신용카드사,C,SC009,수익성
641,201703,0010226,롯데카드㈜,I,자본(평잔),2170464000000,신용카드사,C,SC009,수익성
642,201703,0010226,롯데카드㈜,B,세전수익,1700089000000,신용카드사,C,SC009,수익성
643,201703,0010226,롯데카드㈜,C,세전비용,1552425000000,신용카드사,C,SC009,수익성
644,201703,0010226,롯데카드㈜,D,총경비,279570000000,신용카드사,C,SC009,수익성
645,201703,0010226,롯데카드㈜,E,당기순이익,104825000000,신용카드사,C,SC009,수익성
646,201703,0010226,롯데카드㈜,F,총자산순이익률(ROA),1.08,신용카드사,C,SC009,수익성
647,201703,0010226,롯데카드㈜,J,자기자본순이익률(ROE),4.83,신용카드사,C,SC009,수익성
648,201703,0010226,롯데카드㈜,G,총자산경비율,2.89,신용카드사,C,SC009,수익성
649,201703,0010226,롯데카드㈜,H,수지비율,91.31,신용카드사,C,SC009,수익성
650,201706,0010226,롯데카드㈜,A,총자산(평잔),9915837000000,신용카드사,C,SC009,수익성
651,201706,0010226,롯데카드㈜,I,자본(평잔),2194879000000,신용카드사,C,SC009,수익성
652,201706,0010226,롯데카드㈜,B,세전수익,1680367000000,신용카드사,C,SC009,수익성
653,201706,0010226,롯데카드㈜,C,세전비용,1628671000000,신용카드사,C,SC009,수익성
654,201706,0010226,롯데카드㈜,D,총경비,278988000000,신용카드사,C,SC009,수익성
655,201706,0010226,롯데카드㈜,E,당기순이익,17196000000,신용카드사,C,SC009,수익성
656,201706,0010226,롯데카드㈜,F,총자산순이익률(ROA),.17,신용카드사,C,SC009,수익성
657,201706,0010226,롯데카드㈜,J,자기자본순이익률(ROE),.78,신용카드사,C,SC009,수익성
658,201706,0010226,롯데카드㈜,G,총자산경비율,2.81,신용카드사,C,SC009,수익성
659,201706,0010226,롯데카드㈜,H,수지비율,96.92,신용카드사,C,SC009,수익성
660,201709,0010226,롯데카드㈜,A,총자산(평잔),10104192000000,신용카드사,C,SC009,수익성
661,201709,0010226,롯데카드㈜,I,자본(평잔),2204864000000,신용카드사,C,SC009,수익성
662,201709,0010226,롯데카드㈜,B,세전수익,1697621000000,신용카드사,C,SC009,수익성
663,201709,0010226,롯데카드㈜,C,세전비용,1669626000000,신용카드사,C,SC009,수익성
664,201709,0010226,롯데카드㈜,D,총경비,282816000000,신용카드사,C,SC009,수익성
665,201709,0010226,롯데카드㈜,E,당기순이익,140000000,신용카드사,C,SC009,수익성
666,201709,0010226,롯데카드㈜,F,총자산순이익률(ROA),0,신용카드사,C,SC009,수익성
667,201709,0010226,롯데카드㈜,J,자기자본순이익률(ROE),.01,신용카드사,C,SC009,수익성
668,201709,0010226,롯데카드㈜,G,총자산경비율,2.8,신용카드사,C,SC009,수익성
669,201709,0010226,롯데카드㈜,H,수지비율,98.35,신용카드사,C,SC009,수익성
670,201712,0010226,롯데카드㈜,A,총자산(평잔),10403575000000,신용카드사,C,SC009,수익성
671,201712,0010226,롯데카드㈜,I,자본(평잔),2214431000000,신용카드사,C,SC009,수익성
672,201712,0010226,롯데카드㈜,B,세전수익,1713937000000,신용카드사,C,SC009,수익성
673,201712,0010226,롯데카드㈜,C,세전비용,1704512000000,신용카드사,C,SC009,수익성
674,201712,0010226,롯데카드㈜,D,총경비,286791000000,신용카드사,C,SC009,수익성
675,201712,0010226,롯데카드㈜,E,당기순이익,-12754000000,신용카드사,C,SC009,수익성
676,201712,0010226,롯데카드㈜,F,총자산순이익률(ROA),-.12,신용카드사,C,SC009,수익성
677,201712,0010226,롯데카드㈜,J,자기자본순이익률(ROE),-.58,신용카드사,C,SC009,수익성
678,201712,0010226,롯데카드㈜,G,총자산경비율,2.76,신용카드사,C,SC009,수익성
679,201712,0010226,롯데카드㈜,H,수지비율,99.45,신용카드사,C,SC009,수익성
680,201803,0010226,롯데카드㈜,A,총자산(평잔),10671662000000,신용카드사,C,SC009,수익성
681,201803,0010226,롯데카드㈜,I,자본(평잔),2196582000000,신용카드사,C,SC009,수익성
682,201803,0010226,롯데카드㈜,B,세전수익,1741771000000,신용카드사,C,SC009,수익성
683,201803,0010226,롯데카드㈜,C,세전비용,1732849000000,신용카드사,C,SC009,수익성
684,201803,0010226,롯데카드㈜,D,총경비,295926000000,신용카드사,C,SC009,수익성
685,201803,0010226,롯데카드㈜,E,당기순이익,-16981000000,신용카드사,C,SC009,수익성
686,201803,0010226,롯데카드㈜,F,총자산순이익률(ROA),-.16,신용카드사,C,SC009,수익성
687,201803,0010226,롯데카드㈜,J,자기자본순이익률(ROE),-.77,신용카드사,C,SC009,수익성
688,201803,0010226,롯데카드㈜,G,총자산경비율,2.77,신용카드사,C,SC009,수익성
689,201803,0010226,롯데카드㈜,H,수지비율,99.49,신용카드사,C,SC009,수익성
690,201806,0010226,롯데카드㈜,A,총자산(평잔),10916243000000,신용카드사,C,SC009,수익성
691,201806,0010226,롯데카드㈜,I,자본(평잔),2182566000000,신용카드사,C,SC009,수익성
692,201806,0010226,롯데카드㈜,B,세전수익,1782405000000,신용카드사,C,SC009,수익성
693,201806,0010226,롯데카드㈜,C,세전비용,1745766000000,신용카드사,C,SC009,수익성
694,201806,0010226,롯데카드㈜,D,총경비,304581000000,신용카드사,C,SC009,수익성
695,201806,0010226,롯데카드㈜,E,당기순이익,13963000000,신용카드사,C,SC009,수익성
696,201806,0010226,롯데카드㈜,F,총자산순이익률(ROA),.13,신용카드사,C,SC009,수익성
697,201806,0010226,롯데카드㈜,J,자기자본순이익률(ROE),.64,신용카드사,C,SC009,수익성
698,201806,0010226,롯데카드㈜,G,총자산경비율,2.79,신용카드사,C,SC009,수익성
699,201806,0010226,롯데카드㈜,H,수지비율,97.94,신용카드사,C,SC009,수익성
700,201809,0010226,롯데카드㈜,A,총자산(평잔),11352599000000,신용카드사,C,SC009,수익성
701,201809,0010226,롯데카드㈜,I,자본(평잔),2173483000000,신용카드사,C,SC009,수익성
702,201809,0010226,롯데카드㈜,B,세전수익,1847093000000,신용카드사,C,SC009,수익성
703,201809,0010226,롯데카드㈜,C,세전비용,1769008000000,신용카드사,C,SC009,수익성
704,201809,0010226,롯데카드㈜,D,총경비,306677000000,신용카드사,C,SC009,수익성
705,201809,0010226,롯데카드㈜,E,당기순이익,49176000000,신용카드사,C,SC009,수익성
706,201809,0010226,롯데카드㈜,F,총자산순이익률(ROA),.43,신용카드사,C,SC009,수익성
707,201809,0010226,롯데카드㈜,J,자기자본순이익률(ROE),2.26,신용카드사,C,SC009,수익성
708,201809,0010226,롯데카드㈜,G,총자산경비율,2.7,신용카드사,C,SC009,수익성
709,201809,0010226,롯데카드㈜,H,수지비율,95.77,신용카드사,C,SC009,수익성
710,201812,0010226,롯데카드㈜,A,총자산(평잔),11667041000000,신용카드사,C,SC009,수익성
711,201812,0010226,롯데카드㈜,I,자본(평잔),2168403000000,신용카드사,C,SC009,수익성
712,201812,0010226,롯데카드㈜,B,세전수익,1918038000000,신용카드사,C,SC009,수익성
713,201812,0010226,롯데카드㈜,C,세전비용,1838151000000,신용카드사,C,SC009,수익성
714,201812,0010226,롯데카드㈜,D,총경비,300132000000,신용카드사,C,SC009,수익성
715,201812,0010226,롯데카드㈜,E,당기순이익,53409000000,신용카드사,C,SC009,수익성
716,201812,0010226,롯데카드㈜,F,총자산순이익률(ROA),.46,신용카드사,C,SC009,수익성
717,201812,0010226,롯데카드㈜,J,자기자본순이익률(ROE),2.46,신용카드사,C,SC009,수익성
718,201812,0010226,롯데카드㈜,G,총자산경비율,2.57,신용카드사,C,SC009,수익성
719,201812,0010226,롯데카드㈜,H,수지비율,95.83,신용카드사,C,SC009,수익성
720,201903,0010226,롯데카드㈜,A,총자산(평잔),12133418000000,신용카드사,C,SC009,수익성
721,201903,0010226,롯데카드㈜,I,자본(평잔),2186510000000,신용카드사,C,SC009,수익성
722,201903,0010226,롯데카드㈜,B,세전수익,1956827000000,신용카드사,C,SC009,수익성
723,201903,0010226,롯데카드㈜,C,세전비용,1890188000000,신용카드사,C,SC009,수익성
724,201903,0010226,롯데카드㈜,D,총경비,288237000000,신용카드사,C,SC009,수익성
725,201903,0010226,롯데카드㈜,E,당기순이익,46822000000,신용카드사,C,SC009,수익성
726,201903,0010226,롯데카드㈜,F,총자산순이익률(ROA),.39,신용카드사,C,SC009,수익성
727,201903,0010226,롯데카드㈜,J,자기자본순이익률(ROE),2.14,신용카드사,C,SC009,수익성
728,201903,0010226,롯데카드㈜,G,총자산경비율,2.38,신용카드사,C,SC009,수익성
729,201903,0010226,롯데카드㈜,H,수지비율,96.59,신용카드사,C,SC009,수익성
730,201906,0010226,롯데카드㈜,A,총자산(평잔),12395407000000,신용카드사,C,SC009,수익성
731,201906,0010226,롯데카드㈜,I,자본(평잔),2202499000000,신용카드사,C,SC009,수익성
732,201906,0010226,롯데카드㈜,B,세전수익,2025679000000,신용카드사,C,SC009,수익성
733,201906,0010226,롯데카드㈜,C,세전비용,1950299000000,신용카드사,C,SC009,수익성
734,201906,0010226,롯데카드㈜,D,총경비,272866000000,신용카드사,C,SC009,수익성
735,201906,0010226,롯데카드㈜,E,당기순이익,50134000000,신용카드사,C,SC009,수익성
736,201906,0010226,롯데카드㈜,F,총자산순이익률(ROA),.4,신용카드사,C,SC009,수익성
737,201906,0010226,롯데카드㈜,J,자기자본순이익률(ROE),2.28,신용카드사,C,SC009,수익성
738,201906,0010226,롯데카드㈜,G,총자산경비율,2.2,신용카드사,C,SC009,수익성
739,201906,0010226,롯데카드㈜,H,수지비율,96.28,신용카드사,C,SC009,수익성
740,201909,0010226,롯데카드㈜,A,총자산(평잔),12503162000000,신용카드사,C,SC009,수익성
741,201909,0010226,롯데카드㈜,I,자본(평잔),2276037000000,신용카드사,C,SC009,수익성
742,201909,0010226,롯데카드㈜,B,세전수익,2064002000000,신용카드사,C,SC009,수익성
743,201909,0010226,롯데카드㈜,C,세전비용,2043043000000,신용카드사,C,SC009,수익성
744,201909,0010226,롯데카드㈜,D,총경비,280702000000,신용카드사,C,SC009,수익성
745,201909,0010226,롯데카드㈜,E,당기순이익,8450000000,신용카드사,C,SC009,수익성
746,201909,0010226,롯데카드㈜,F,총자산순이익률(ROA),.07,신용카드사,C,SC009,수익성
747,201909,0010226,롯데카드㈜,J,자기자본순이익률(ROE),.37,신용카드사,C,SC009,수익성
748,201909,0010226,롯데카드㈜,G,총자산경비율,2.25,신용카드사,C,SC009,수익성
749,201909,0010226,롯데카드㈜,H,수지비율,98.98,신용카드사,C,SC009,수익성
750,201912,0010226,롯데카드㈜,A,총자산(평잔),12601368000000,신용카드사,C,SC009,수익성
751,201912,0010226,롯데카드㈜,I,자본(평잔),2336082000000,신용카드사,C,SC009,수익성
752,201912,0010226,롯데카드㈜,B,세전수익,2112899000000,신용카드사,C,SC009,수익성
753,201912,0010226,롯데카드㈜,C,세전비용,2079776000000,신용카드사,C,SC009,수익성
754,201912,0010226,롯데카드㈜,D,총경비,278303000000,신용카드사,C,SC009,수익성
755,201912,0010226,롯데카드㈜,E,당기순이익,13329000000,신용카드사,C,SC009,수익성
756,201912,0010226,롯데카드㈜,F,총자산순이익률(ROA),.11,신용카드사,C,SC009,수익성
757,201912,0010226,롯데카드㈜,J,자기자본순이익률(ROE),.57,신용카드사,C,SC009,수익성
758,201912,0010226,롯데카드㈜,G,총자산경비율,2.21,신용카드사,C,SC009,수익성
759,201912,0010226,롯데카드㈜,H,수지비율,98.43,신용카드사,C,SC009,수익성
760,202003,0010226,롯데카드㈜,A,총자산(평잔),12733854000000,신용카드사,C,SC009,수익성
761,202003,0010226,롯데카드㈜,I,자본(평잔),2390451000000,신용카드사,C,SC009,수익성
762,202003,0010226,롯데카드㈜,B,세전수익,2162068000000,신용카드사,C,SC009,수익성
763,202003,0010226,롯데카드㈜,C,세전비용,2089837000000,신용카드사,C,SC009,수익성
764,202003,0010226,롯데카드㈜,D,총경비,275890000000,신용카드사,C,SC009,수익성
765,202003,0010226,롯데카드㈜,E,당기순이익,49049000000,신용카드사,C,SC009,수익성
766,202003,0010226,롯데카드㈜,F,총자산순이익률(ROA),.39,신용카드사,C,SC009,수익성
767,202003,0010226,롯데카드㈜,J,자기자본순이익률(ROE),2.05,신용카드사,C,SC009,수익성
768,202003,0010226,롯데카드㈜,G,총자산경비율,2.17,신용카드사,C,SC009,수익성
769,202003,0010226,롯데카드㈜,H,수지비율,96.66,신용카드사,C,SC009,수익성
770,202006,0010226,롯데카드㈜,A,총자산(평잔),12844901000000,신용카드사,C,SC009,수익성
771,202006,0010226,롯데카드㈜,I,자본(평잔),2451347000000,신용카드사,C,SC009,수익성
772,202006,0010226,롯데카드㈜,B,세전수익,2147649000000,신용카드사,C,SC009,수익성
773,202006,0010226,롯데카드㈜,C,세전비용,2089491000000,신용카드사,C,SC009,수익성
774,202006,0010226,롯데카드㈜,D,총경비,318866000000,신용카드사,C,SC009,수익성
775,202006,0010226,롯데카드㈜,E,당기순이익,34537000000,신용카드사,C,SC009,수익성
776,202006,0010226,롯데카드㈜,F,총자산순이익률(ROA),.27,신용카드사,C,SC009,수익성
777,202006,0010226,롯데카드㈜,J,자기자본순이익률(ROE),1.41,신용카드사,C,SC009,수익성
778,202006,0010226,롯데카드㈜,G,총자산경비율,2.48,신용카드사,C,SC009,수익성
779,202006,0010226,롯데카드㈜,H,수지비율,97.29,신용카드사,C,SC009,수익성
780,202009,0010226,롯데카드㈜,A,총자산(평잔),13299371000000,신용카드사,C,SC009,수익성
781,202009,0010226,롯데카드㈜,I,자본(평잔),2459450000000,신용카드사,C,SC009,수익성
782,202009,0010226,롯데카드㈜,B,세전수익,2146190000000,신용카드사,C,SC009,수익성
783,202009,0010226,롯데카드㈜,C,세전비용,2016050000000,신용카드사,C,SC009,수익성
784,202009,0010226,롯데카드㈜,D,총경비,304333000000,신용카드사,C,SC009,수익성
785,202009,0010226,롯데카드㈜,E,당기순이익,91262000000,신용카드사,C,SC009,수익성
786,202009,0010226,롯데카드㈜,F,총자산순이익률(ROA),.69,신용카드사,C,SC009,수익성
787,202009,0010226,롯데카드㈜,J,자기자본순이익률(ROE),3.71,신용카드사,C,SC009,수익성
788,202009,0010226,롯데카드㈜,G,총자산경비율,2.29,신용카드사,C,SC009,수익성
789,202009,0010226,롯데카드㈜,H,수지비율,93.94,신용카드사,C,SC009,수익성
790,202012,0010226,롯데카드㈜,A,총자산(평잔),13733781000000,신용카드사,C,SC009,수익성
791,202012,0010226,롯데카드㈜,I,자본(평잔),2478870000000,신용카드사,C,SC009,수익성
792,202012,0010226,롯데카드㈜,B,세전수익,2132912000000,신용카드사,C,SC009,수익성
793,202012,0010226,롯데카드㈜,C,세전비용,1962880000000,신용카드사,C,SC009,수익성
794,202012,0010226,롯데카드㈜,D,총경비,311523000000,신용카드사,C,SC009,수익성
795,202012,0010226,롯데카드㈜,E,당기순이익,132628000000,신용카드사,C,SC009,수익성
796,202012,0010226,롯데카드㈜,F,총자산순이익률(ROA),.97,신용카드사,C,SC009,수익성
797,202012,0010226,롯데카드㈜,J,자기자본순이익률(ROE),5.35,신용카드사,C,SC009,수익성
798,202012,0010226,롯데카드㈜,G,총자산경비율,2.27,신용카드사,C,SC009,수익성
799,202012,0010226,롯데카드㈜,H,수지비율,92.03,신용카드사,C,SC009,수익성
800,202103,0010226,롯데카드㈜,A,총자산(평잔),13918946000000,신용카드사,C,SC009,수익성
801,202103,0010226,롯데카드㈜,I,자본(평잔),2503769000000,신용카드사,C,SC009,수익성
802,202103,0010226,롯데카드㈜,B,세전수익,2142372000000,신용카드사,C,SC009,수익성
803,202103,0010226,롯데카드㈜,C,세전비용,2082242000000,신용카드사,C,SC009,수익성
804,202103,0010226,롯데카드㈜,D,총경비,315770000000,신용카드사,C,SC009,수익성
805,202103,0010226,롯데카드㈜,E,당기순이익,16367000000,신용카드사,C,SC009,수익성
806,202103,0010226,롯데카드㈜,F,총자산순이익률(ROA),.12,신용카드사,C,SC009,수익성
807,202103,0010226,롯데카드㈜,J,자기자본순이익률(ROE),.65,신용카드사,C,SC009,수익성
808,202103,0010226,롯데카드㈜,G,총자산경비율,2.27,신용카드사,C,SC009,수익성
809,202103,0010226,롯데카드㈜,H,수지비율,97.19,신용카드사,C,SC009,수익성
810,202106,0010226,롯데카드㈜,A,총자산(평잔),14398491000000,신용카드사,C,SC009,수익성
811,202106,0010226,롯데카드㈜,I,자본(평잔),2525019000000,신용카드사,C,SC009,수익성
812,202106,0010226,롯데카드㈜,B,세전수익,2254990000000,신용카드사,C,SC009,수익성
813,202106,0010226,롯데카드㈜,C,세전비용,2069163000000,신용카드사,C,SC009,수익성
814,202106,0010226,롯데카드㈜,D,총경비,277060000000,신용카드사,C,SC009,수익성
815,202106,0010226,롯데카드㈜,E,당기순이익,131974000000,신용카드사,C,SC009,수익성
816,202106,0010226,롯데카드㈜,F,총자산순이익률(ROA),.92,신용카드사,C,SC009,수익성
817,202106,0010226,롯데카드㈜,J,자기자본순이익률(ROE),5.23,신용카드사,C,SC009,수익성
818,202106,0010226,롯데카드㈜,G,총자산경비율,1.92,신용카드사,C,SC009,수익성
819,202106,0010226,롯데카드㈜,H,수지비율,91.76,신용카드사,C,SC009,수익성
820,202109,0010226,롯데카드㈜,A,총자산(평잔),14730053000000,신용카드사,C,SC009,수익성
821,202109,0010226,롯데카드㈜,I,자본(평잔),2556851000000,신용카드사,C,SC009,수익성
822,202109,0010226,롯데카드㈜,B,세전수익,2346807000000,신용카드사,C,SC009,수익성
823,202109,0010226,롯데카드㈜,C,세전비용,2122377000000,신용카드사,C,SC009,수익성
824,202109,0010226,롯데카드㈜,D,총경비,278386000000,신용카드사,C,SC009,수익성
825,202109,0010226,롯데카드㈜,E,당기순이익,153363000000,신용카드사,C,SC009,수익성
826,202109,0010226,롯데카드㈜,F,총자산순이익률(ROA),1.04,신용카드사,C,SC009,수익성
827,202109,0010226,롯데카드㈜,J,자기자본순이익률(ROE),6,신용카드사,C,SC009,수익성
828,202109,0010226,롯데카드㈜,G,총자산경비율,1.89,신용카드사,C,SC009,수익성
829,202109,0010226,롯데카드㈜,H,수지비율,90.44,신용카드사,C,SC009,수익성
830,202112,0010226,롯데카드㈜,A,총자산(평잔),15205726000000,신용카드사,C,SC009,수익성
831,202112,0010226,롯데카드㈜,I,자본(평잔),2600104000000,신용카드사,C,SC009,수익성
832,202112,0010226,롯데카드㈜,B,세전수익,2451574000000,신용카드사,C,SC009,수익성
833,202112,0010226,롯데카드㈜,C,세전비용,2222595000000,신용카드사,C,SC009,수익성
834,202112,0010226,롯데카드㈜,D,총경비,297092000000,신용카드사,C,SC009,수익성
835,202112,0010226,롯데카드㈜,E,당기순이익,150222000000,신용카드사,C,SC009,수익성
836,202112,0010226,롯데카드㈜,F,총자산순이익률(ROA),.99,신용카드사,C,SC009,수익성
837,202112,0010226,롯데카드㈜,J,자기자본순이익률(ROE),5.78,신용카드사,C,SC009,수익성
838,202112,0010226,롯데카드㈜,G,총자산경비율,1.95,신용카드사,C,SC009,수익성
839,202112,0010226,롯데카드㈜,H,수지비율,90.66,신용카드사,C,SC009,수익성
840,202203,0010226,롯데카드㈜,A,총자산(평잔),15872491000000,신용카드사,C,SC009,수익성
841,202203,0010226,롯데카드㈜,I,자본(평잔),2636973000000,신용카드사,C,SC009,수익성
842,202203,0010226,롯데카드㈜,B,세전수익,2591896000000,신용카드사,C,SC009,수익성
843,202203,0010226,롯데카드㈜,C,세전비용,2189945000000,신용카드사,C,SC009,수익성
844,202203,0010226,롯데카드㈜,D,총경비,300837000000,신용카드사,C,SC009,수익성
845,202203,0010226,롯데카드㈜,E,당기순이익,315372000000,신용카드사,C,SC009,수익성
846,202203,0010226,롯데카드㈜,F,총자산순이익률(ROA),1.99,신용카드사,C,SC009,수익성
847,202203,0010226,롯데카드㈜,J,자기자본순이익률(ROE),11.96,신용카드사,C,SC009,수익성
848,202203,0010226,롯데카드㈜,G,총자산경비율,1.9,신용카드사,C,SC009,수익성
849,202203,0010226,롯데카드㈜,H,수지비율,84.49,신용카드사,C,SC009,수익성
850,202206,0010226,롯데카드㈜,A,총자산(평잔),16529084000000,신용카드사,C,SC009,수익성
851,202206,0010226,롯데카드㈜,I,자본(평잔),2674624000000,신용카드사,C,SC009,수익성
852,202206,0010226,롯데카드㈜,B,세전수익,2612813000000,신용카드사,C,SC009,수익성
853,202206,0010226,롯데카드㈜,C,세전비용,2273317000000,신용카드사,C,SC009,수익성
854,202206,0010226,롯데카드㈜,D,총경비,311991000000,신용카드사,C,SC009,수익성
855,202206,0010226,롯데카드㈜,E,당기순이익,245183000000,신용카드사,C,SC009,수익성
856,202206,0010226,롯데카드㈜,F,총자산순이익률(ROA),1.48,신용카드사,C,SC009,수익성
857,202206,0010226,롯데카드㈜,J,자기자본순이익률(ROE),9.17,신용카드사,C,SC009,수익성
858,202206,0010226,롯데카드㈜,G,총자산경비율,1.89,신용카드사,C,SC009,수익성
859,202206,0010226,롯데카드㈜,H,수지비율,87.01,신용카드사,C,SC009,수익성
860,202209,0010226,롯데카드㈜,A,총자산(평잔),17157820000000,신용카드사,C,SC009,수익성
861,202209,0010226,롯데카드㈜,I,자본(평잔),2711906000000,신용카드사,C,SC009,수익성
862,202209,0010226,롯데카드㈜,B,세전수익,2726799000000,신용카드사,C,SC009,수익성
863,202209,0010226,롯데카드㈜,C,세전비용,2444052000000,신용카드사,C,SC009,수익성
864,202209,0010226,롯데카드㈜,D,총경비,324760000000,신용카드사,C,SC009,수익성
865,202209,0010226,롯데카드㈜,E,당기순이익,186773000000,신용카드사,C,SC009,수익성
866,202209,0010226,롯데카드㈜,F,총자산순이익률(ROA),1.09,신용카드사,C,SC009,수익성
867,202209,0010226,롯데카드㈜,J,자기자본순이익률(ROE),6.89,신용카드사,C,SC009,수익성
868,202209,0010226,롯데카드㈜,G,총자산경비율,1.89,신용카드사,C,SC009,수익성
869,202209,0010226,롯데카드㈜,H,수지비율,89.63,신용카드사,C,SC009,수익성
870,202212,0010226,롯데카드㈜,A,총자산(평잔),18038699000000,신용카드사,C,SC009,수익성
871,202212,0010226,롯데카드㈜,I,자본(평잔),2754331000000,신용카드사,C,SC009,수익성
872,202212,0010226,롯데카드㈜,B,세전수익,2835242000000,신용카드사,C,SC009,수익성
873,202212,0010226,롯데카드㈜,C,세전비용,2709838000000,신용카드사,C,SC009,수익성
874,202212,0010226,롯데카드㈜,D,총경비,327301000000,신용카드사,C,SC009,수익성
875,202212,0010226,롯데카드㈜,E,당기순이익,46179000000,신용카드사,C,SC009,수익성
876,202212,0010226,롯데카드㈜,F,총자산순이익률(ROA),.26,신용카드사,C,SC009,수익성
877,202212,0010226,롯데카드㈜,J,자기자본순이익률(ROE),1.68,신용카드사,C,SC009,수익성
878,202212,0010226,롯데카드㈜,G,총자산경비율,1.81,신용카드사,C,SC009,수익성
879,202212,0010226,롯데카드㈜,H,수지비율,95.58,신용카드사,C,SC009,수익성
880,202303,0010226,롯데카드㈜,A,총자산(평잔),18979812000000,신용카드사,C,SC009,수익성
881,202303,0010226,롯데카드㈜,I,자본(평잔),2794512000000,신용카드사,C,SC009,수익성
882,202303,0010226,롯데카드㈜,B,세전수익,2976322000000,신용카드사,C,SC009,수익성
883,202303,0010226,롯데카드㈜,C,세전비용,2853142000000,신용카드사,C,SC009,수익성
884,202303,0010226,롯데카드㈜,D,총경비,337655000000,신용카드사,C,SC009,수익성
885,202303,0010226,롯데카드㈜,E,당기순이익,57034000000,신용카드사,C,SC009,수익성
886,202303,0010226,롯데카드㈜,F,총자산순이익률(ROA),.3,신용카드사,C,SC009,수익성
887,202303,0010226,롯데카드㈜,J,자기자본순이익률(ROE),2.04,신용카드사,C,SC009,수익성
888,202303,0010226,롯데카드㈜,G,총자산경비율,1.78,신용카드사,C,SC009,수익성
889,202303,0010226,롯데카드㈜,H,수지비율,95.86,신용카드사,C,SC009,수익성
890,202306,0010226,롯데카드㈜,A,총자산(평잔),19688961000000,신용카드사,C,SC009,수익성
891,202306,0010226,롯데카드㈜,I,자본(평잔),2854423000000,신용카드사,C,SC009,수익성
892,202306,0010226,롯데카드㈜,B,세전수익,3387257000000,신용카드사,C,SC009,수익성
893,202306,0010226,롯데카드㈜,C,세전비용,3035248000000,신용카드사,C,SC009,수익성
894,202306,0010226,롯데카드㈜,D,총경비,342599000000,신용카드사,C,SC009,수익성
895,202306,0010226,롯데카드㈜,E,당기순이익,228229000000,신용카드사,C,SC009,수익성
896,202306,0010226,롯데카드㈜,F,총자산순이익률(ROA),1.16,신용카드사,C,SC009,수익성
897,202306,0010226,롯데카드㈜,J,자기자본순이익률(ROE),8,신용카드사,C,SC009,수익성
898,202306,0010226,롯데카드㈜,G,총자산경비율,1.74,신용카드사,C,SC009,수익성
899,202306,0010226,롯데카드㈜,H,수지비율,89.61,신용카드사,C,SC009,수익성
900,202309,0010226,롯데카드㈜,A,총자산(평잔),20369982000000,신용카드사,C,SC009,수익성
901,202309,0010226,롯데카드㈜,I,자본(평잔),2946184000000,신용카드사,C,SC009,수익성
902,202309,0010226,롯데카드㈜,B,세전수익,3524292000000,신용카드사,C,SC009,수익성
903,202309,0010226,롯데카드㈜,C,세전비용,3103498000000,신용카드사,C,SC009,수익성
904,202309,0010226,롯데카드㈜,D,총경비,341998000000,신용카드사,C,SC009,수익성
905,202309,0010226,롯데카드㈜,E,당기순이익,303534000000,신용카드사,C,SC009,수익성
906,202309,0010226,롯데카드㈜,F,총자산순이익률(ROA),1.49,신용카드사,C,SC009,수익성
907,202309,0010226,롯데카드㈜,J,자기자본순이익률(ROE),10.3,신용카드사,C,SC009,수익성
908,202309,0010226,롯데카드㈜,G,총자산경비율,1.68,신용카드사,C,SC009,수익성
909,202309,0010226,롯데카드㈜,H,수지비율,88.06,신용카드사,C,SC009,수익성
910,202312,0010226,롯데카드㈜,A,총자산(평잔),20903323000000,신용카드사,C,SC009,수익성
911,202312,0010226,롯데카드㈜,I,자본(평잔),3042635000000,신용카드사,C,SC009,수익성
912,202312,0010226,롯데카드㈜,B,세전수익,3700593000000,신용카드사,C,SC009,수익성
913,202312,0010226,롯데카드㈜,C,세전비용,3142055000000,신용카드사,C,SC009,수익성
914,202312,0010226,롯데카드㈜,D,총경비,343977000000,신용카드사,C,SC009,수익성
915,202312,0010226,롯데카드㈜,E,당기순이익,434352000000,신용카드사,C,SC009,수익성
916,202312,0010226,롯데카드㈜,F,총자산순이익률(ROA),2.08,신용카드사,C,SC009,수익성
917,202312,0010226,롯데카드㈜,J,자기자본순이익률(ROE),14.28,신용카드사,C,SC009,수익성
918,202312,0010226,롯데카드㈜,G,총자산경비율,1.65,신용카드사,C,SC009,수익성
919,202312,0010226,롯데카드㈜,H,수지비율,84.91,신용카드사,C,SC009,수익성
920,202403,0010226,롯데카드㈜,A,총자산(평잔),21363472000000,신용카드사,C,SC009,수익성
921,202403,0010226,롯데카드㈜,I,자본(평잔),3142207000000,신용카드사,C,SC009,수익성
922,202403,0010226,롯데카드㈜,B,세전수익,3699414000000,신용카드사,C,SC009,수익성
923,202403,0010226,롯데카드㈜,C,세전비용,3312677000000,신용카드사,C,SC009,수익성
924,202403,0010226,롯데카드㈜,D,총경비,361195000000,신용카드사,C,SC009,수익성
925,202403,0010226,롯데카드㈜,E,당기순이익,267668000000,신용카드사,C,SC009,수익성
926,202403,0010226,롯데카드㈜,F,총자산순이익률(ROA),1.25,신용카드사,C,SC009,수익성
927,202403,0010226,롯데카드㈜,J,자기자본순이익률(ROE),8.52,신용카드사,C,SC009,수익성
928,202403,0010226,롯데카드㈜,G,총자산경비율,1.69,신용카드사,C,SC009,수익성
929,202403,0010226,롯데카드㈜,H,수지비율,89.55,신용카드사,C,SC009,수익성
930,202406,0010226,롯데카드㈜,A,총자산(평잔),21852821000000,신용카드사,C,SC009,수익성
931,202406,0010226,롯데카드㈜,I,자본(평잔),3284086000000,신용카드사,C,SC009,수익성
932,202406,0010226,롯데카드㈜,B,세전수익,3536567000000,신용카드사,C,SC009,수익성
933,202406,0010226,롯데카드㈜,C,세전비용,3403136000000,신용카드사,C,SC009,수익성
934,202406,0010226,롯데카드㈜,D,총경비,371391000000,신용카드사,C,SC009,수익성
935,202406,0010226,롯데카드㈜,E,당기순이익,86996000000,신용카드사,C,SC009,수익성
936,202406,0010226,롯데카드㈜,F,총자산순이익률(ROA),.4,신용카드사,C,SC009,수익성
937,202406,0010226,롯데카드㈜,J,자기자본순이익률(ROE),2.65,신용카드사,C,SC009,수익성
938,202406,0010226,롯데카드㈜,G,총자산경비율,1.7,신용카드사,C,SC009,수익성
939,202406,0010226,롯데카드㈜,H,수지비율,96.23,신용카드사,C,SC009,수익성
940,202409,0010226,롯데카드㈜,A,총자산(평잔),22421345000000,신용카드사,C,SC009,수익성
941,202409,0010226,롯데카드㈜,I,자본(평잔),3410897000000,신용카드사,C,SC009,수익성
942,202409,0010226,롯데카드㈜,B,세전수익,3592033000000,신용카드사,C,SC009,수익성
943,202409,0010226,롯데카드㈜,C,세전비용,3499610000000,신용카드사,C,SC009,수익성
944,202409,0010226,롯데카드㈜,D,총경비,387425000000,신용카드사,C,SC009,수익성
945,202409,0010226,롯데카드㈜,E,당기순이익,51290000000,신용카드사,C,SC009,수익성
946,202409,0010226,롯데카드㈜,F,총자산순이익률(ROA),.23,신용카드사,C,SC009,수익성
947,202409,0010226,롯데카드㈜,J,자기자본순이익률(ROE),1.5,신용카드사,C,SC009,수익성
948,202409,0010226,롯데카드㈜,G,총자산경비율,1.73,신용카드사,C,SC009,수익성
949,202409,0010226,롯데카드㈜,H,수지비율,97.43,신용카드사,C,SC009,수익성
950,202412,0010226,롯데카드㈜,A,총자산(평잔),22919301000000,신용카드사,C,SC009,수익성
951,202412,0010226,롯데카드㈜,I,자본(평잔),3535272000000,신용카드사,C,SC009,수익성
952,202412,0010226,롯데카드㈜,B,세전수익,3664477000000,신용카드사,C,SC009,수익성
953,202412,0010226,롯데카드㈜,C,세전비용,3551660000000,신용카드사,C,SC009,수익성
954,202412,0010226,롯데카드㈜,D,총경비,385657000000,신용카드사,C,SC009,수익성
955,202412,0010226,롯데카드㈜,E,당기순이익,71930000000,신용카드사,C,SC009,수익성
956,202412,0010226,롯데카드㈜,F,총자산순이익률(ROA),.31,신용카드사,C,SC009,수익성
957,202412,0010226,롯데카드㈜,J,자기자본순이익률(ROE),2.03,신용카드사,C,SC009,수익성
958,202412,0010226,롯데카드㈜,G,총자산경비율,1.68,신용카드사,C,SC009,수익성
959,202412,0010226,롯데카드㈜,H,수지비율,96.92,신용카드사,C,SC009,수익성
960,201703,0010227,비씨카드㈜,A,총자산(평잔),3615640000000,신용카드사,C,SC009,수익성
961,201703,0010227,비씨카드㈜,I,자본(평잔),877524000000,신용카드사,C,SC009,수익성
962,201703,0010227,비씨카드㈜,B,세전수익,3529312000000,신용카드사,C,SC009,수익성
963,201703,0010227,비씨카드㈜,C,세전비용,3354547000000,신용카드사,C,SC009,수익성
964,201703,0010227,비씨카드㈜,D,총경비,181720000000,신용카드사,C,SC009,수익성
965,201703,0010227,비씨카드㈜,E,당기순이익,180325000000,신용카드사,C,SC009,수익성
966,201703,0010227,비씨카드㈜,F,총자산순이익률(ROA),4.99,신용카드사,C,SC009,수익성
967,201703,0010227,비씨카드㈜,J,자기자본순이익률(ROE),20.55,신용카드사,C,SC009,수익성
968,201703,0010227,비씨카드㈜,G,총자산경비율,5.03,신용카드사,C,SC009,수익성
969,201703,0010227,비씨카드㈜,H,수지비율,95.05,신용카드사,C,SC009,수익성
970,201706,0010227,비씨카드㈜,A,총자산(평잔),3537596000000,신용카드사,C,SC009,수익성
971,201706,0010227,비씨카드㈜,I,자본(평잔),942661000000,신용카드사,C,SC009,수익성
972,201706,0010227,비씨카드㈜,B,세전수익,3579901000000,신용카드사,C,SC009,수익성
973,201706,0010227,비씨카드㈜,C,세전비용,3357558000000,신용카드사,C,SC009,수익성
974,201706,0010227,비씨카드㈜,D,총경비,180634000000,신용카드사,C,SC009,수익성
975,201706,0010227,비씨카드㈜,E,당기순이익,208774000000,신용카드사,C,SC009,수익성
976,201706,0010227,비씨카드㈜,F,총자산순이익률(ROA),5.9,신용카드사,C,SC009,수익성
977,201706,0010227,비씨카드㈜,J,자기자본순이익률(ROE),22.15,신용카드사,C,SC009,수익성
978,201706,0010227,비씨카드㈜,G,총자산경비율,5.11,신용카드사,C,SC009,수익성
979,201706,0010227,비씨카드㈜,H,수지비율,93.79,신용카드사,C,SC009,수익성
980,201709,0010227,비씨카드㈜,A,총자산(평잔),3438000000000,신용카드사,C,SC009,수익성
981,201709,0010227,비씨카드㈜,I,자본(평잔),991624000000,신용카드사,C,SC009,수익성
982,201709,0010227,비씨카드㈜,B,세전수익,3577994000000,신용카드사,C,SC009,수익성
983,201709,0010227,비씨카드㈜,C,세전비용,3395029000000,신용카드사,C,SC009,수익성
984,201709,0010227,비씨카드㈜,D,총경비,186363000000,신용카드사,C,SC009,수익성
985,201709,0010227,비씨카드㈜,E,당기순이익,197035000000,신용카드사,C,SC009,수익성
986,201709,0010227,비씨카드㈜,F,총자산순이익률(ROA),5.73,신용카드사,C,SC009,수익성
987,201709,0010227,비씨카드㈜,J,자기자본순이익률(ROE),19.87,신용카드사,C,SC009,수익성
988,201709,0010227,비씨카드㈜,G,총자산경비율,5.42,신용카드사,C,SC009,수익성
989,201709,0010227,비씨카드㈜,H,수지비율,94.89,신용카드사,C,SC009,수익성
990,201712,0010227,비씨카드㈜,A,총자산(평잔),3522744000000,신용카드사,C,SC009,수익성
991,201712,0010227,비씨카드㈜,I,자본(평잔),984974000000,신용카드사,C,SC009,수익성
992,201712,0010227,비씨카드㈜,B,세전수익,3585499000000,신용카드사,C,SC009,수익성
993,201712,0010227,비씨카드㈜,C,세전비용,3393379000000,신용카드사,C,SC009,수익성
994,201712,0010227,비씨카드㈜,D,총경비,210890000000,신용카드사,C,SC009,수익성
995,201712,0010227,비씨카드㈜,E,당기순이익,144050000000,신용카드사,C,SC009,수익성
996,201712,0010227,비씨카드㈜,F,총자산순이익률(ROA),4.09,신용카드사,C,SC009,수익성
997,201712,0010227,비씨카드㈜,J,자기자본순이익률(ROE),14.62,신용카드사,C,SC009,수익성
998,201712,0010227,비씨카드㈜,G,총자산경비율,5.99,신용카드사,C,SC009,수익성
999,201712,0010227,비씨카드㈜,H,수지비율,94.64,신용카드사,C,SC009,수익성
1000,201803,0010227,비씨카드㈜,A,총자산(평잔),3509637000000,신용카드사,C,SC009,수익성
1001,201803,0010227,비씨카드㈜,I,자본(평잔),955447000000,신용카드사,C,SC009,수익성
1002,201803,0010227,비씨카드㈜,B,세전수익,3568498000000,신용카드사,C,SC009,수익성
1003,201803,0010227,비씨카드㈜,C,세전비용,3360326000000,신용카드사,C,SC009,수익성
1004,201803,0010227,비씨카드㈜,D,총경비,203219000000,신용카드사,C,SC009,수익성
1005,201803,0010227,비씨카드㈜,E,당기순이익,160099000000,신용카드사,C,SC009,수익성
1006,201803,0010227,비씨카드㈜,F,총자산순이익률(ROA),4.56,신용카드사,C,SC009,수익성
1007,201803,0010227,비씨카드㈜,J,자기자본순이익률(ROE),16.76,신용카드사,C,SC009,수익성
1008,201803,0010227,비씨카드㈜,G,총자산경비율,5.79,신용카드사,C,SC009,수익성
1009,201803,0010227,비씨카드㈜,H,수지비율,94.17,신용카드사,C,SC009,수익성
1010,201806,0010227,비씨카드㈜,A,총자산(평잔),3668630000000,신용카드사,C,SC009,수익성
1011,201806,0010227,비씨카드㈜,I,자본(평잔),1024716000000,신용카드사,C,SC009,수익성
1012,201806,0010227,비씨카드㈜,B,세전수익,3527189000000,신용카드사,C,SC009,수익성
1013,201806,0010227,비씨카드㈜,C,세전비용,3364849000000,신용카드사,C,SC009,수익성
1014,201806,0010227,비씨카드㈜,D,총경비,201887000000,신용카드사,C,SC009,수익성
1015,201806,0010227,비씨카드㈜,E,당기순이익,120416000000,신용카드사,C,SC009,수익성
1016,201806,0010227,비씨카드㈜,F,총자산순이익률(ROA),3.28,신용카드사,C,SC009,수익성
1017,201806,0010227,비씨카드㈜,J,자기자본순이익률(ROE),11.75,신용카드사,C,SC009,수익성
1018,201806,0010227,비씨카드㈜,G,총자산경비율,5.5,신용카드사,C,SC009,수익성
1019,201806,0010227,비씨카드㈜,H,수지비율,95.4,신용카드사,C,SC009,수익성
1020,201809,0010227,비씨카드㈜,A,총자산(평잔),3755155000000,신용카드사,C,SC009,수익성
1021,201809,0010227,비씨카드㈜,I,자본(평잔),1026238000000,신용카드사,C,SC009,수익성
1022,201809,0010227,비씨카드㈜,B,세전수익,3541181000000,신용카드사,C,SC009,수익성
1023,201809,0010227,비씨카드㈜,C,세전비용,3404076000000,신용카드사,C,SC009,수익성
1024,201809,0010227,비씨카드㈜,D,총경비,194332000000,신용카드사,C,SC009,수익성
1025,201809,0010227,비씨카드㈜,E,당기순이익,95452000000,신용카드사,C,SC009,수익성
1026,201809,0010227,비씨카드㈜,F,총자산순이익률(ROA),2.54,신용카드사,C,SC009,수익성
1027,201809,0010227,비씨카드㈜,J,자기자본순이익률(ROE),9.3,신용카드사,C,SC009,수익성
1028,201809,0010227,비씨카드㈜,G,총자산경비율,5.18,신용카드사,C,SC009,수익성
1029,201809,0010227,비씨카드㈜,H,수지비율,96.13,신용카드사,C,SC009,수익성
1030,201812,0010227,비씨카드㈜,A,총자산(평잔),3690875000000,신용카드사,C,SC009,수익성
1031,201812,0010227,비씨카드㈜,I,자본(평잔),1015154000000,신용카드사,C,SC009,수익성
1032,201812,0010227,비씨카드㈜,B,세전수익,3513566000000,신용카드사,C,SC009,수익성
1033,201812,0010227,비씨카드㈜,C,세전비용,3377223000000,신용카드사,C,SC009,수익성
1034,201812,0010227,비씨카드㈜,D,총경비,174994000000,신용카드사,C,SC009,수익성
1035,201812,0010227,비씨카드㈜,E,당기순이익,98894000000,신용카드사,C,SC009,수익성
1036,201812,0010227,비씨카드㈜,F,총자산순이익률(ROA),2.68,신용카드사,C,SC009,수익성
1037,201812,0010227,비씨카드㈜,J,자기자본순이익률(ROE),9.74,신용카드사,C,SC009,수익성
1038,201812,0010227,비씨카드㈜,G,총자산경비율,4.74,신용카드사,C,SC009,수익성
1039,201812,0010227,비씨카드㈜,H,수지비율,96.12,신용카드사,C,SC009,수익성
1040,201903,0010227,비씨카드㈜,A,총자산(평잔),3690608000000,신용카드사,C,SC009,수익성
1041,201903,0010227,비씨카드㈜,I,자본(평잔),1043799000000,신용카드사,C,SC009,수익성
1042,201903,0010227,비씨카드㈜,B,세전수익,3521755000000,신용카드사,C,SC009,수익성
1043,201903,0010227,비씨카드㈜,C,세전비용,3391107000000,신용카드사,C,SC009,수익성
1044,201903,0010227,비씨카드㈜,D,총경비,177908000000,신용카드사,C,SC009,수익성
1045,201903,0010227,비씨카드㈜,E,당기순이익,93872000000,신용카드사,C,SC009,수익성
1046,201903,0010227,비씨카드㈜,F,총자산순이익률(ROA),2.54,신용카드사,C,SC009,수익성
1047,201903,0010227,비씨카드㈜,J,자기자본순이익률(ROE),8.99,신용카드사,C,SC009,수익성
1048,201903,0010227,비씨카드㈜,G,총자산경비율,4.82,신용카드사,C,SC009,수익성
1049,201903,0010227,비씨카드㈜,H,수지비율,96.29,신용카드사,C,SC009,수익성
1050,201906,0010227,비씨카드㈜,A,총자산(평잔),3730312000000,신용카드사,C,SC009,수익성
1051,201906,0010227,비씨카드㈜,I,자본(평잔),1146328000000,신용카드사,C,SC009,수익성
1052,201906,0010227,비씨카드㈜,B,세전수익,3508043000000,신용카드사,C,SC009,수익성
1053,201906,0010227,비씨카드㈜,C,세전비용,3383312000000,신용카드사,C,SC009,수익성
1054,201906,0010227,비씨카드㈜,D,총경비,178132000000,신용카드사,C,SC009,수익성
1055,201906,0010227,비씨카드㈜,E,당기순이익,89362000000,신용카드사,C,SC009,수익성
1056,201906,0010227,비씨카드㈜,F,총자산순이익률(ROA),2.4,신용카드사,C,SC009,수익성
1057,201906,0010227,비씨카드㈜,J,자기자본순이익률(ROE),7.8,신용카드사,C,SC009,수익성
1058,201906,0010227,비씨카드㈜,G,총자산경비율,4.78,신용카드사,C,SC009,수익성
1059,201906,0010227,비씨카드㈜,H,수지비율,96.44,신용카드사,C,SC009,수익성
1060,201909,0010227,비씨카드㈜,A,총자산(평잔),3735836000000,신용카드사,C,SC009,수익성
1061,201909,0010227,비씨카드㈜,I,자본(평잔),1199033000000,신용카드사,C,SC009,수익성
1062,201909,0010227,비씨카드㈜,B,세전수익,3471181000000,신용카드사,C,SC009,수익성
1063,201909,0010227,비씨카드㈜,C,세전비용,3308199000000,신용카드사,C,SC009,수익성
1064,201909,0010227,비씨카드㈜,D,총경비,183009000000,신용카드사,C,SC009,수익성
1065,201909,0010227,비씨카드㈜,E,당기순이익,126017000000,신용카드사,C,SC009,수익성
1066,201909,0010227,비씨카드㈜,F,총자산순이익률(ROA),3.37,신용카드사,C,SC009,수익성
1067,201909,0010227,비씨카드㈜,J,자기자본순이익률(ROE),10.51,신용카드사,C,SC009,수익성
1068,201909,0010227,비씨카드㈜,G,총자산경비율,4.9,신용카드사,C,SC009,수익성
1069,201909,0010227,비씨카드㈜,H,수지비율,95.3,신용카드사,C,SC009,수익성
1070,201912,0010227,비씨카드㈜,A,총자산(평잔),3802551000000,신용카드사,C,SC009,수익성
1071,201912,0010227,비씨카드㈜,I,자본(평잔),1239056000000,신용카드사,C,SC009,수익성
1072,201912,0010227,비씨카드㈜,B,세전수익,3497475000000,신용카드사,C,SC009,수익성
1073,201912,0010227,비씨카드㈜,C,세전비용,3339110000000,신용카드사,C,SC009,수익성
1074,201912,0010227,비씨카드㈜,D,총경비,177674000000,신용카드사,C,SC009,수익성
1075,201912,0010227,비씨카드㈜,E,당기순이익,116568000000,신용카드사,C,SC009,수익성
1076,201912,0010227,비씨카드㈜,F,총자산순이익률(ROA),3.07,신용카드사,C,SC009,수익성
1077,201912,0010227,비씨카드㈜,J,자기자본순이익률(ROE),9.41,신용카드사,C,SC009,수익성
1078,201912,0010227,비씨카드㈜,G,총자산경비율,4.67,신용카드사,C,SC009,수익성
1079,201912,0010227,비씨카드㈜,H,수지비율,95.47,신용카드사,C,SC009,수익성
1080,202003,0010227,비씨카드㈜,A,총자산(평잔),3795103000000,신용카드사,C,SC009,수익성
1081,202003,0010227,비씨카드㈜,I,자본(평잔),1138916000000,신용카드사,C,SC009,수익성
1082,202003,0010227,비씨카드㈜,B,세전수익,3430075000000,신용카드사,C,SC009,수익성
1083,202003,0010227,비씨카드㈜,C,세전비용,3277711000000,신용카드사,C,SC009,수익성
1084,202003,0010227,비씨카드㈜,D,총경비,185851000000,신용카드사,C,SC009,수익성
1085,202003,0010227,비씨카드㈜,E,당기순이익,114016000000,신용카드사,C,SC009,수익성
1086,202003,0010227,비씨카드㈜,F,총자산순이익률(ROA),3,신용카드사,C,SC009,수익성
1087,202003,0010227,비씨카드㈜,J,자기자본순이익률(ROE),10.01,신용카드사,C,SC009,수익성
1088,202003,0010227,비씨카드㈜,G,총자산경비율,4.9,신용카드사,C,SC009,수익성
1089,202003,0010227,비씨카드㈜,H,수지비율,95.56,신용카드사,C,SC009,수익성
1090,202006,0010227,비씨카드㈜,A,총자산(평잔),3694164000000,신용카드사,C,SC009,수익성
1091,202006,0010227,비씨카드㈜,I,자본(평잔),1239867000000,신용카드사,C,SC009,수익성
1092,202006,0010227,비씨카드㈜,B,세전수익,3415707000000,신용카드사,C,SC009,수익성
1093,202006,0010227,비씨카드㈜,C,세전비용,3270969000000,신용카드사,C,SC009,수익성
1094,202006,0010227,비씨카드㈜,D,총경비,198147000000,신용카드사,C,SC009,수익성
1095,202006,0010227,비씨카드㈜,E,당기순이익,107265000000,신용카드사,C,SC009,수익성
1096,202006,0010227,비씨카드㈜,F,총자산순이익률(ROA),2.9,신용카드사,C,SC009,수익성
1097,202006,0010227,비씨카드㈜,J,자기자본순이익률(ROE),8.65,신용카드사,C,SC009,수익성
1098,202006,0010227,비씨카드㈜,G,총자산경비율,5.36,신용카드사,C,SC009,수익성
1099,202006,0010227,비씨카드㈜,H,수지비율,95.76,신용카드사,C,SC009,수익성
1100,202009,0010227,비씨카드㈜,A,총자산(평잔),3684714000000,신용카드사,C,SC009,수익성
1101,202009,0010227,비씨카드㈜,I,자본(평잔),1261059000000,신용카드사,C,SC009,수익성
1102,202009,0010227,비씨카드㈜,B,세전수익,3404849000000,신용카드사,C,SC009,수익성
1103,202009,0010227,비씨카드㈜,C,세전비용,3293549000000,신용카드사,C,SC009,수익성
1104,202009,0010227,비씨카드㈜,D,총경비,208274000000,신용카드사,C,SC009,수익성
1105,202009,0010227,비씨카드㈜,E,당기순이익,78865000000,신용카드사,C,SC009,수익성
1106,202009,0010227,비씨카드㈜,F,총자산순이익률(ROA),2.14,신용카드사,C,SC009,수익성
1107,202009,0010227,비씨카드㈜,J,자기자본순이익률(ROE),6.25,신용카드사,C,SC009,수익성
1108,202009,0010227,비씨카드㈜,G,총자산경비율,5.65,신용카드사,C,SC009,수익성
1109,202009,0010227,비씨카드㈜,H,수지비율,96.73,신용카드사,C,SC009,수익성
1110,202012,0010227,비씨카드㈜,A,총자산(평잔),3670364000000,신용카드사,C,SC009,수익성
1111,202012,0010227,비씨카드㈜,I,자본(평잔),1248192000000,신용카드사,C,SC009,수익성
1112,202012,0010227,비씨카드㈜,B,세전수익,3344064000000,신용카드사,C,SC009,수익성
1113,202012,0010227,비씨카드㈜,C,세전비용,3233317000000,신용카드사,C,SC009,수익성
1114,202012,0010227,비씨카드㈜,D,총경비,228856000000,신용카드사,C,SC009,수익성
1115,202012,0010227,비씨카드㈜,E,당기순이익,78896000000,신용카드사,C,SC009,수익성
1116,202012,0010227,비씨카드㈜,F,총자산순이익률(ROA),2.15,신용카드사,C,SC009,수익성
1117,202012,0010227,비씨카드㈜,J,자기자본순이익률(ROE),6.32,신용카드사,C,SC009,수익성
1118,202012,0010227,비씨카드㈜,G,총자산경비율,6.24,신용카드사,C,SC009,수익성
1119,202012,0010227,비씨카드㈜,H,수지비율,96.69,신용카드사,C,SC009,수익성
1120,202103,0010227,비씨카드㈜,A,총자산(평잔),3782413000000,신용카드사,C,SC009,수익성
1121,202103,0010227,비씨카드㈜,I,자본(평잔),1246498000000,신용카드사,C,SC009,수익성
1122,202103,0010227,비씨카드㈜,B,세전수익,3383116000000,신용카드사,C,SC009,수익성
1123,202103,0010227,비씨카드㈜,C,세전비용,3279136000000,신용카드사,C,SC009,수익성
1124,202103,0010227,비씨카드㈜,D,총경비,227110000000,신용카드사,C,SC009,수익성
1125,202103,0010227,비씨카드㈜,E,당기순이익,52871000000,신용카드사,C,SC009,수익성
1126,202103,0010227,비씨카드㈜,F,총자산순이익률(ROA),1.4,신용카드사,C,SC009,수익성
1127,202103,0010227,비씨카드㈜,J,자기자본순이익률(ROE),4.24,신용카드사,C,SC009,수익성
1128,202103,0010227,비씨카드㈜,G,총자산경비율,6,신용카드사,C,SC009,수익성
1129,202103,0010227,비씨카드㈜,H,수지비율,96.93,신용카드사,C,SC009,수익성
1130,202106,0010227,비씨카드㈜,A,총자산(평잔),3874044000000,신용카드사,C,SC009,수익성
1131,202106,0010227,비씨카드㈜,I,자본(평잔),1276815000000,신용카드사,C,SC009,수익성
1132,202106,0010227,비씨카드㈜,B,세전수익,3421381000000,신용카드사,C,SC009,수익성
1133,202106,0010227,비씨카드㈜,C,세전비용,3312543000000,신용카드사,C,SC009,수익성
1134,202106,0010227,비씨카드㈜,D,총경비,225913000000,신용카드사,C,SC009,수익성
1135,202106,0010227,비씨카드㈜,E,당기순이익,60959000000,신용카드사,C,SC009,수익성
1136,202106,0010227,비씨카드㈜,F,총자산순이익률(ROA),1.57,신용카드사,C,SC009,수익성
1137,202106,0010227,비씨카드㈜,J,자기자본순이익률(ROE),4.77,신용카드사,C,SC009,수익성
1138,202106,0010227,비씨카드㈜,G,총자산경비율,5.83,신용카드사,C,SC009,수익성
1139,202106,0010227,비씨카드㈜,H,수지비율,96.82,신용카드사,C,SC009,수익성
1140,202109,0010227,비씨카드㈜,A,총자산(평잔),3946635000000,신용카드사,C,SC009,수익성
1141,202109,0010227,비씨카드㈜,I,자본(평잔),1310674000000,신용카드사,C,SC009,수익성
1142,202109,0010227,비씨카드㈜,B,세전수익,3452008000000,신용카드사,C,SC009,수익성
1143,202109,0010227,비씨카드㈜,C,세전비용,3316256000000,신용카드사,C,SC009,수익성
1144,202109,0010227,비씨카드㈜,D,총경비,225059000000,신용카드사,C,SC009,수익성
1145,202109,0010227,비씨카드㈜,E,당기순이익,89238000000,신용카드사,C,SC009,수익성
1146,202109,0010227,비씨카드㈜,F,총자산순이익률(ROA),2.26,신용카드사,C,SC009,수익성
1147,202109,0010227,비씨카드㈜,J,자기자본순이익률(ROE),6.81,신용카드사,C,SC009,수익성
1148,202109,0010227,비씨카드㈜,G,총자산경비율,5.7,신용카드사,C,SC009,수익성
1149,202109,0010227,비씨카드㈜,H,수지비율,96.07,신용카드사,C,SC009,수익성
1150,202112,0010227,비씨카드㈜,A,총자산(평잔),4060849000000,신용카드사,C,SC009,수익성
1151,202112,0010227,비씨카드㈜,I,자본(평잔),1342568000000,신용카드사,C,SC009,수익성
1152,202112,0010227,비씨카드㈜,B,세전수익,3573376000000,신용카드사,C,SC009,수익성
1153,202112,0010227,비씨카드㈜,C,세전비용,3424030000000,신용카드사,C,SC009,수익성
1154,202112,0010227,비씨카드㈜,D,총경비,221083000000,신용카드사,C,SC009,수익성
1155,202112,0010227,비씨카드㈜,E,당기순이익,100117000000,신용카드사,C,SC009,수익성
1156,202112,0010227,비씨카드㈜,F,총자산순이익률(ROA),2.47,신용카드사,C,SC009,수익성
1157,202112,0010227,비씨카드㈜,J,자기자본순이익률(ROE),7.46,신용카드사,C,SC009,수익성
1158,202112,0010227,비씨카드㈜,G,총자산경비율,5.44,신용카드사,C,SC009,수익성
1159,202112,0010227,비씨카드㈜,H,수지비율,95.82,신용카드사,C,SC009,수익성
1160,202203,0010227,비씨카드㈜,A,총자산(평잔),4949619000000,신용카드사,C,SC009,수익성
1161,202203,0010227,비씨카드㈜,I,자본(평잔),1350461000000,신용카드사,C,SC009,수익성
1162,202203,0010227,비씨카드㈜,B,세전수익,3598418000000,신용카드사,C,SC009,수익성
1163,202203,0010227,비씨카드㈜,C,세전비용,3437023000000,신용카드사,C,SC009,수익성
1164,202203,0010227,비씨카드㈜,D,총경비,225488000000,신용카드사,C,SC009,수익성
1165,202203,0010227,비씨카드㈜,E,당기순이익,119654000000,신용카드사,C,SC009,수익성
1166,202203,0010227,비씨카드㈜,F,총자산순이익률(ROA),2.42,신용카드사,C,SC009,수익성
1167,202203,0010227,비씨카드㈜,J,자기자본순이익률(ROE),8.86,신용카드사,C,SC009,수익성
1168,202203,0010227,비씨카드㈜,G,총자산경비율,4.56,신용카드사,C,SC009,수익성
1169,202203,0010227,비씨카드㈜,H,수지비율,95.51,신용카드사,C,SC009,수익성
1170,202206,0010227,비씨카드㈜,A,총자산(평잔),5016304000000,신용카드사,C,SC009,수익성
1171,202206,0010227,비씨카드㈜,I,자본(평잔),1409365000000,신용카드사,C,SC009,수익성
1172,202206,0010227,비씨카드㈜,B,세전수익,3673643000000,신용카드사,C,SC009,수익성
1173,202206,0010227,비씨카드㈜,C,세전비용,3477545000000,신용카드사,C,SC009,수익성
1174,202206,0010227,비씨카드㈜,D,총경비,229666000000,신용카드사,C,SC009,수익성
1175,202206,0010227,비씨카드㈜,E,당기순이익,173772000000,신용카드사,C,SC009,수익성
1176,202206,0010227,비씨카드㈜,F,총자산순이익률(ROA),3.46,신용카드사,C,SC009,수익성
1177,202206,0010227,비씨카드㈜,J,자기자본순이익률(ROE),12.33,신용카드사,C,SC009,수익성
1178,202206,0010227,비씨카드㈜,G,총자산경비율,4.58,신용카드사,C,SC009,수익성
1179,202206,0010227,비씨카드㈜,H,수지비율,94.66,신용카드사,C,SC009,수익성
1180,202209,0010227,비씨카드㈜,A,총자산(평잔),5014332000000,신용카드사,C,SC009,수익성
1181,202209,0010227,비씨카드㈜,I,자본(평잔),1429180000000,신용카드사,C,SC009,수익성
1182,202209,0010227,비씨카드㈜,B,세전수익,3697058000000,신용카드사,C,SC009,수익성
1183,202209,0010227,비씨카드㈜,C,세전비용,3519348000000,신용카드사,C,SC009,수익성
1184,202209,0010227,비씨카드㈜,D,총경비,234778000000,신용카드사,C,SC009,수익성
1185,202209,0010227,비씨카드㈜,E,당기순이익,131108000000,신용카드사,C,SC009,수익성
1186,202209,0010227,비씨카드㈜,F,총자산순이익률(ROA),2.61,신용카드사,C,SC009,수익성
1187,202209,0010227,비씨카드㈜,J,자기자본순이익률(ROE),9.17,신용카드사,C,SC009,수익성
1188,202209,0010227,비씨카드㈜,G,총자산경비율,4.68,신용카드사,C,SC009,수익성
1189,202209,0010227,비씨카드㈜,H,수지비율,95.19,신용카드사,C,SC009,수익성
1190,202212,0010227,비씨카드㈜,A,총자산(평잔),4954143000000,신용카드사,C,SC009,수익성
1191,202212,0010227,비씨카드㈜,I,자본(평잔),1413650000000,신용카드사,C,SC009,수익성
1192,202212,0010227,비씨카드㈜,B,세전수익,3756175000000,신용카드사,C,SC009,수익성
1193,202212,0010227,비씨카드㈜,C,세전비용,3640948000000,신용카드사,C,SC009,수익성
1194,202212,0010227,비씨카드㈜,D,총경비,233900000000,신용카드사,C,SC009,수익성
1195,202212,0010227,비씨카드㈜,E,당기순이익,86237000000,신용카드사,C,SC009,수익성
1196,202212,0010227,비씨카드㈜,F,총자산순이익률(ROA),1.74,신용카드사,C,SC009,수익성
1197,202212,0010227,비씨카드㈜,J,자기자본순이익률(ROE),6.1,신용카드사,C,SC009,수익성
1198,202212,0010227,비씨카드㈜,G,총자산경비율,4.72,신용카드사,C,SC009,수익성
1199,202212,0010227,비씨카드㈜,H,수지비율,96.93,신용카드사,C,SC009,수익성
1200,202303,0010227,비씨카드㈜,A,총자산(평잔),5894415000000,신용카드사,C,SC009,수익성
1201,202303,0010227,비씨카드㈜,I,자본(평잔),1394763000000,신용카드사,C,SC009,수익성
1202,202303,0010227,비씨카드㈜,B,세전수익,3669893000000,신용카드사,C,SC009,수익성
1203,202303,0010227,비씨카드㈜,C,세전비용,3595545000000,신용카드사,C,SC009,수익성
1204,202303,0010227,비씨카드㈜,D,총경비,243671000000,신용카드사,C,SC009,수익성
1205,202303,0010227,비씨카드㈜,E,당기순이익,51588000000,신용카드사,C,SC009,수익성
1206,202303,0010227,비씨카드㈜,F,총자산순이익률(ROA),.88,신용카드사,C,SC009,수익성
1207,202303,0010227,비씨카드㈜,J,자기자본순이익률(ROE),3.7,신용카드사,C,SC009,수익성
1208,202303,0010227,비씨카드㈜,G,총자산경비율,4.13,신용카드사,C,SC009,수익성
1209,202303,0010227,비씨카드㈜,H,수지비율,97.97,신용카드사,C,SC009,수익성
1210,202306,0010227,비씨카드㈜,A,총자산(평잔),5829037000000,신용카드사,C,SC009,수익성
1211,202306,0010227,비씨카드㈜,I,자본(평잔),1410942000000,신용카드사,C,SC009,수익성
1212,202306,0010227,비씨카드㈜,B,세전수익,3659830000000,신용카드사,C,SC009,수익성
1213,202306,0010227,비씨카드㈜,C,세전비용,3635347000000,신용카드사,C,SC009,수익성
1214,202306,0010227,비씨카드㈜,D,총경비,240207000000,신용카드사,C,SC009,수익성
1215,202306,0010227,비씨카드㈜,E,당기순이익,14015000000,신용카드사,C,SC009,수익성
1216,202306,0010227,비씨카드㈜,F,총자산순이익률(ROA),.24,신용카드사,C,SC009,수익성
1217,202306,0010227,비씨카드㈜,J,자기자본순이익률(ROE),.99,신용카드사,C,SC009,수익성
1218,202306,0010227,비씨카드㈜,G,총자산경비율,4.12,신용카드사,C,SC009,수익성
1219,202306,0010227,비씨카드㈜,H,수지비율,99.33,신용카드사,C,SC009,수익성
1220,202309,0010227,비씨카드㈜,A,총자산(평잔),5700578000000,신용카드사,C,SC009,수익성
1221,202309,0010227,비씨카드㈜,I,자본(평잔),1417415000000,신용카드사,C,SC009,수익성
1222,202309,0010227,비씨카드㈜,B,세전수익,3675712000000,신용카드사,C,SC009,수익성
1223,202309,0010227,비씨카드㈜,C,세전비용,3656720000000,신용카드사,C,SC009,수익성
1224,202309,0010227,비씨카드㈜,D,총경비,232530000000,신용카드사,C,SC009,수익성
1225,202309,0010227,비씨카드㈜,E,당기순이익,20842000000,신용카드사,C,SC009,수익성
1226,202309,0010227,비씨카드㈜,F,총자산순이익률(ROA),.37,신용카드사,C,SC009,수익성
1227,202309,0010227,비씨카드㈜,J,자기자본순이익률(ROE),1.47,신용카드사,C,SC009,수익성
1228,202309,0010227,비씨카드㈜,G,총자산경비율,4.08,신용카드사,C,SC009,수익성
1229,202309,0010227,비씨카드㈜,H,수지비율,99.48,신용카드사,C,SC009,수익성
1230,202312,0010227,비씨카드㈜,A,총자산(평잔),5620237000000,신용카드사,C,SC009,수익성
1231,202312,0010227,비씨카드㈜,I,자본(평잔),1420524000000,신용카드사,C,SC009,수익성
1232,202312,0010227,비씨카드㈜,B,세전수익,3723947000000,신용카드사,C,SC009,수익성
1233,202312,0010227,비씨카드㈜,C,세전비용,3670600000000,신용카드사,C,SC009,수익성
1234,202312,0010227,비씨카드㈜,D,총경비,232429000000,신용카드사,C,SC009,수익성
1235,202312,0010227,비씨카드㈜,E,당기순이익,26606000000,신용카드사,C,SC009,수익성
1236,202312,0010227,비씨카드㈜,F,총자산순이익률(ROA),.47,신용카드사,C,SC009,수익성
1237,202312,0010227,비씨카드㈜,J,자기자본순이익률(ROE),1.87,신용카드사,C,SC009,수익성
1238,202312,0010227,비씨카드㈜,G,총자산경비율,4.14,신용카드사,C,SC009,수익성
1239,202312,0010227,비씨카드㈜,H,수지비율,98.57,신용카드사,C,SC009,수익성
1240,202403,0010227,비씨카드㈜,A,총자산(평잔),5666885000000,신용카드사,C,SC009,수익성
1241,202403,0010227,비씨카드㈜,I,자본(평잔),1444524000000,신용카드사,C,SC009,수익성
1242,202403,0010227,비씨카드㈜,B,세전수익,3723509000000,신용카드사,C,SC009,수익성
1243,202403,0010227,비씨카드㈜,C,세전비용,3629451000000,신용카드사,C,SC009,수익성
1244,202403,0010227,비씨카드㈜,D,총경비,221412000000,신용카드사,C,SC009,수익성
1245,202403,0010227,비씨카드㈜,E,당기순이익,57912000000,신용카드사,C,SC009,수익성
1246,202403,0010227,비씨카드㈜,F,총자산순이익률(ROA),1.02,신용카드사,C,SC009,수익성
1247,202403,0010227,비씨카드㈜,J,자기자본순이익률(ROE),4.01,신용카드사,C,SC009,수익성
1248,202403,0010227,비씨카드㈜,G,총자산경비율,3.91,신용카드사,C,SC009,수익성
1249,202403,0010227,비씨카드㈜,H,수지비율,97.47,신용카드사,C,SC009,수익성
1250,202406,0010227,비씨카드㈜,A,총자산(평잔),5648285000000,신용카드사,C,SC009,수익성
1251,202406,0010227,비씨카드㈜,I,자본(평잔),1489030000000,신용카드사,C,SC009,수익성
1252,202406,0010227,비씨카드㈜,B,세전수익,3682935000000,신용카드사,C,SC009,수익성
1253,202406,0010227,비씨카드㈜,C,세전비용,3553184000000,신용카드사,C,SC009,수익성
1254,202406,0010227,비씨카드㈜,D,총경비,223013000000,신용카드사,C,SC009,수익성
1255,202406,0010227,비씨카드㈜,E,당기순이익,87107000000,신용카드사,C,SC009,수익성
1256,202406,0010227,비씨카드㈜,F,총자산순이익률(ROA),1.54,신용카드사,C,SC009,수익성
1257,202406,0010227,비씨카드㈜,J,자기자본순이익률(ROE),5.85,신용카드사,C,SC009,수익성
1258,202406,0010227,비씨카드㈜,G,총자산경비율,3.95,신용카드사,C,SC009,수익성
1259,202406,0010227,비씨카드㈜,H,수지비율,96.48,신용카드사,C,SC009,수익성
1260,202409,0010227,비씨카드㈜,A,총자산(평잔),5677150000000,신용카드사,C,SC009,수익성
1261,202409,0010227,비씨카드㈜,I,자본(평잔),1503781000000,신용카드사,C,SC009,수익성
1262,202409,0010227,비씨카드㈜,B,세전수익,3610149000000,신용카드사,C,SC009,수익성
1263,202409,0010227,비씨카드㈜,C,세전비용,3474401000000,신용카드사,C,SC009,수익성
1264,202409,0010227,비씨카드㈜,D,총경비,228741000000,신용카드사,C,SC009,수익성
1265,202409,0010227,비씨카드㈜,E,당기순이익,97531000000,신용카드사,C,SC009,수익성
1266,202409,0010227,비씨카드㈜,F,총자산순이익률(ROA),1.72,신용카드사,C,SC009,수익성
1267,202409,0010227,비씨카드㈜,J,자기자본순이익률(ROE),6.49,신용카드사,C,SC009,수익성
1268,202409,0010227,비씨카드㈜,G,총자산경비율,4.03,신용카드사,C,SC009,수익성
1269,202409,0010227,비씨카드㈜,H,수지비율,96.24,신용카드사,C,SC009,수익성
1270,202412,0010227,비씨카드㈜,A,총자산(평잔),5700706000000,신용카드사,C,SC009,수익성
1271,202412,0010227,비씨카드㈜,I,자본(평잔),1525810000000,신용카드사,C,SC009,수익성
1272,202412,0010227,비씨카드㈜,B,세전수익,3560020000000,신용카드사,C,SC009,수익성
1273,202412,0010227,비씨카드㈜,C,세전비용,3419859000000,신용카드사,C,SC009,수익성
1274,202412,0010227,비씨카드㈜,D,총경비,229085000000,신용카드사,C,SC009,수익성
1275,202412,0010227,비씨카드㈜,E,당기순이익,113996000000,신용카드사,C,SC009,수익성
1276,202412,0010227,비씨카드㈜,F,총자산순이익률(ROA),2,신용카드사,C,SC009,수익성
1277,202412,0010227,비씨카드㈜,J,자기자본순이익률(ROE),7.47,신용카드사,C,SC009,수익성
1278,202412,0010227,비씨카드㈜,G,총자산경비율,4.02,신용카드사,C,SC009,수익성
1279,202412,0010227,비씨카드㈜,H,수지비율,96.06,신용카드사,C,SC009,수익성
1280,201703,0010228,삼성카드㈜,A,총자산(평잔),20066999970000,신용카드사,C,SC009,수익성
1281,201703,0010228,삼성카드㈜,I,자본(평잔),6635432260000,신용카드사,C,SC009,수익성
1282,201703,0010228,삼성카드㈜,B,세전수익,3495750810000,신용카드사,C,SC009,수익성
1283,201703,0010228,삼성카드㈜,C,세전비용,3127269940000,신용카드사,C,SC009,수익성
1284,201703,0010228,삼성카드㈜,D,총경비,595755830000,신용카드사,C,SC009,수익성
1285,201703,0010228,삼성카드㈜,E,당기순이익,258525430000,신용카드사,C,SC009,수익성
1286,201703,0010228,삼성카드㈜,F,총자산순이익률(ROA),1.29,신용카드사,C,SC009,수익성
1287,201703,0010228,삼성카드㈜,J,자기자본순이익률(ROE),3.9,신용카드사,C,SC009,수익성
1288,201703,0010228,삼성카드㈜,G,총자산경비율,2.97,신용카드사,C,SC009,수익성
1289,201703,0010228,삼성카드㈜,H,수지비율,89.46,신용카드사,C,SC009,수익성
1290,201706,0010228,삼성카드㈜,A,총자산(평잔),20641461950000,신용카드사,C,SC009,수익성
1291,201706,0010228,삼성카드㈜,I,자본(평잔),6657978540000,신용카드사,C,SC009,수익성
1292,201706,0010228,삼성카드㈜,B,세전수익,3554664470000,신용카드사,C,SC009,수익성
1293,201706,0010228,삼성카드㈜,C,세전비용,3196136000000,신용카드사,C,SC009,수익성
1294,201706,0010228,삼성카드㈜,D,총경비,587735380000,신용카드사,C,SC009,수익성
1295,201706,0010228,삼성카드㈜,E,당기순이익,243777000000,신용카드사,C,SC009,수익성
1296,201706,0010228,삼성카드㈜,F,총자산순이익률(ROA),1.18,신용카드사,C,SC009,수익성
1297,201706,0010228,삼성카드㈜,J,자기자본순이익률(ROE),3.66,신용카드사,C,SC009,수익성
1298,201706,0010228,삼성카드㈜,G,총자산경비율,2.85,신용카드사,C,SC009,수익성
1299,201706,0010228,삼성카드㈜,H,수지비율,89.91,신용카드사,C,SC009,수익성
1300,201709,0010228,삼성카드㈜,A,총자산(평잔),21338155390000,신용카드사,C,SC009,수익성
1301,201709,0010228,삼성카드㈜,I,자본(평잔),6690181700000,신용카드사,C,SC009,수익성
1302,201709,0010228,삼성카드㈜,B,세전수익,3604236330000,신용카드사,C,SC009,수익성
1303,201709,0010228,삼성카드㈜,C,세전비용,3265887210000,신용카드사,C,SC009,수익성
1304,201709,0010228,삼성카드㈜,D,총경비,598515560000,신용카드사,C,SC009,수익성
1305,201709,0010228,삼성카드㈜,E,당기순이익,226172750000,신용카드사,C,SC009,수익성
1306,201709,0010228,삼성카드㈜,F,총자산순이익률(ROA),1.06,신용카드사,C,SC009,수익성
1307,201709,0010228,삼성카드㈜,J,자기자본순이익률(ROE),3.38,신용카드사,C,SC009,수익성
1308,201709,0010228,삼성카드㈜,G,총자산경비율,2.8,신용카드사,C,SC009,수익성
1309,201709,0010228,삼성카드㈜,H,수지비율,90.61,신용카드사,C,SC009,수익성
1310,201712,0010228,삼성카드㈜,A,총자산(평잔),21662849370000,신용카드사,C,SC009,수익성
1311,201712,0010228,삼성카드㈜,I,자본(평잔),6614323810000,신용카드사,C,SC009,수익성
1312,201712,0010228,삼성카드㈜,B,세전수익,3616824490000,신용카드사,C,SC009,수익성
1313,201712,0010228,삼성카드㈜,C,세전비용,3185858950000,신용카드사,C,SC009,수익성
1314,201712,0010228,삼성카드㈜,D,총경비,520335880000,신용카드사,C,SC009,수익성
1315,201712,0010228,삼성카드㈜,E,당기순이익,316084490000,신용카드사,C,SC009,수익성
1316,201712,0010228,삼성카드㈜,F,총자산순이익률(ROA),1.46,신용카드사,C,SC009,수익성
1317,201712,0010228,삼성카드㈜,J,자기자본순이익률(ROE),4.78,신용카드사,C,SC009,수익성
1318,201712,0010228,삼성카드㈜,G,총자산경비율,2.4,신용카드사,C,SC009,수익성
1319,201712,0010228,삼성카드㈜,H,수지비율,88.08,신용카드사,C,SC009,수익성
1320,201803,0010228,삼성카드㈜,A,총자산(평잔),22311474000000,신용카드사,C,SC009,수익성
1321,201803,0010228,삼성카드㈜,I,자본(평잔),6701261000000,신용카드사,C,SC009,수익성
1322,201803,0010228,삼성카드㈜,B,세전수익,3701438000000,신용카드사,C,SC009,수익성
1323,201803,0010228,삼성카드㈜,C,세전비용,3228273000000,신용카드사,C,SC009,수익성
1324,201803,0010228,삼성카드㈜,D,총경비,523641000000,신용카드사,C,SC009,수익성
1325,201803,0010228,삼성카드㈜,E,당기순이익,356345000000,신용카드사,C,SC009,수익성
1326,201803,0010228,삼성카드㈜,F,총자산순이익률(ROA),1.6,신용카드사,C,SC009,수익성
1327,201803,0010228,삼성카드㈜,J,자기자본순이익률(ROE),5.32,신용카드사,C,SC009,수익성
1328,201803,0010228,삼성카드㈜,G,총자산경비율,2.35,신용카드사,C,SC009,수익성
1329,201803,0010228,삼성카드㈜,H,수지비율,87.22,신용카드사,C,SC009,수익성
1330,201806,0010228,삼성카드㈜,A,총자산(평잔),22928710000000,신용카드사,C,SC009,수익성
1331,201806,0010228,삼성카드㈜,I,자본(평잔),6749854000000,신용카드사,C,SC009,수익성
1332,201806,0010228,삼성카드㈜,B,세전수익,3778850000000,신용카드사,C,SC009,수익성
1333,201806,0010228,삼성카드㈜,C,세전비용,3291121000000,신용카드사,C,SC009,수익성
1334,201806,0010228,삼성카드㈜,D,총경비,522562000000,신용카드사,C,SC009,수익성
1335,201806,0010228,삼성카드㈜,E,당기순이익,369137000000,신용카드사,C,SC009,수익성
1336,201806,0010228,삼성카드㈜,F,총자산순이익률(ROA),1.61,신용카드사,C,SC009,수익성
1337,201806,0010228,삼성카드㈜,J,자기자본순이익률(ROE),5.47,신용카드사,C,SC009,수익성
1338,201806,0010228,삼성카드㈜,G,총자산경비율,2.28,신용카드사,C,SC009,수익성
1339,201806,0010228,삼성카드㈜,H,수지비율,87.09,신용카드사,C,SC009,수익성
1340,201809,0010228,삼성카드㈜,A,총자산(평잔),23381476000000,신용카드사,C,SC009,수익성
1341,201809,0010228,삼성카드㈜,I,자본(평잔),6819869000000,신용카드사,C,SC009,수익성
1342,201809,0010228,삼성카드㈜,B,세전수익,3843462000000,신용카드사,C,SC009,수익성
1343,201809,0010228,삼성카드㈜,C,세전비용,3362786000000,신용카드사,C,SC009,수익성
1344,201809,0010228,삼성카드㈜,D,총경비,520659000000,신용카드사,C,SC009,수익성
1345,201809,0010228,삼성카드㈜,E,당기순이익,362266000000,신용카드사,C,SC009,수익성
1346,201809,0010228,삼성카드㈜,F,총자산순이익률(ROA),1.55,신용카드사,C,SC009,수익성
1347,201809,0010228,삼성카드㈜,J,자기자본순이익률(ROE),5.31,신용카드사,C,SC009,수익성
1348,201809,0010228,삼성카드㈜,G,총자산경비율,2.23,신용카드사,C,SC009,수익성
1349,201809,0010228,삼성카드㈜,H,수지비율,87.49,신용카드사,C,SC009,수익성
1350,201812,0010228,삼성카드㈜,A,총자산(평잔),23539032000000,신용카드사,C,SC009,수익성
1351,201812,0010228,삼성카드㈜,I,자본(평잔),6891620000000,신용카드사,C,SC009,수익성
1352,201812,0010228,삼성카드㈜,B,세전수익,3265885000000,신용카드사,C,SC009,수익성
1353,201812,0010228,삼성카드㈜,C,세전비용,2822064000000,신용카드사,C,SC009,수익성
1354,201812,0010228,삼성카드㈜,D,총경비,534361000000,신용카드사,C,SC009,수익성
1355,201812,0010228,삼성카드㈜,E,당기순이익,320311000000,신용카드사,C,SC009,수익성
1356,201812,0010228,삼성카드㈜,F,총자산순이익률(ROA),1.36,신용카드사,C,SC009,수익성
1357,201812,0010228,삼성카드㈜,J,자기자본순이익률(ROE),4.65,신용카드사,C,SC009,수익성
1358,201812,0010228,삼성카드㈜,G,총자산경비율,2.27,신용카드사,C,SC009,수익성
1359,201812,0010228,삼성카드㈜,H,수지비율,86.41,신용카드사,C,SC009,수익성
1360,201903,0010228,삼성카드㈜,A,총자산(평잔),23371501000000,신용카드사,C,SC009,수익성
1361,201903,0010228,삼성카드㈜,I,자본(평잔),6893596000000,신용카드사,C,SC009,수익성
1362,201903,0010228,삼성카드㈜,B,세전수익,3278648000000,신용카드사,C,SC009,수익성
1363,201903,0010228,삼성카드㈜,C,세전비용,2819670000000,신용카드사,C,SC009,수익성
1364,201903,0010228,삼성카드㈜,D,총경비,542281000000,신용카드사,C,SC009,수익성
1365,201903,0010228,삼성카드㈜,E,당기순이익,345705000000,신용카드사,C,SC009,수익성
1366,201903,0010228,삼성카드㈜,F,총자산순이익률(ROA),1.48,신용카드사,C,SC009,수익성
1367,201903,0010228,삼성카드㈜,J,자기자본순이익률(ROE),5.01,신용카드사,C,SC009,수익성
1368,201903,0010228,삼성카드㈜,G,총자산경비율,2.32,신용카드사,C,SC009,수익성
1369,201903,0010228,삼성카드㈜,H,수지비율,86,신용카드사,C,SC009,수익성
1370,201906,0010228,삼성카드㈜,A,총자산(평잔),23004799000000,신용카드사,C,SC009,수익성
1371,201906,0010228,삼성카드㈜,I,자본(평잔),6919138000000,신용카드사,C,SC009,수익성
1372,201906,0010228,삼성카드㈜,B,세전수익,3281211000000,신용카드사,C,SC009,수익성
1373,201906,0010228,삼성카드㈜,C,세전비용,2815012000000,신용카드사,C,SC009,수익성
1374,201906,0010228,삼성카드㈜,D,총경비,535219000000,신용카드사,C,SC009,수익성
1375,201906,0010228,삼성카드㈜,E,당기순이익,360858000000,신용카드사,C,SC009,수익성
1376,201906,0010228,삼성카드㈜,F,총자산순이익률(ROA),1.57,신용카드사,C,SC009,수익성
1377,201906,0010228,삼성카드㈜,J,자기자본순이익률(ROE),5.22,신용카드사,C,SC009,수익성
1378,201906,0010228,삼성카드㈜,G,총자산경비율,2.33,신용카드사,C,SC009,수익성
1379,201906,0010228,삼성카드㈜,H,수지비율,85.79,신용카드사,C,SC009,수익성
1380,201909,0010228,삼성카드㈜,A,총자산(평잔),22384365000000,신용카드사,C,SC009,수익성
1381,201909,0010228,삼성카드㈜,I,자본(평잔),6928043000000,신용카드사,C,SC009,수익성
1382,201909,0010228,삼성카드㈜,B,세전수익,3273204000000,신용카드사,C,SC009,수익성
1383,201909,0010228,삼성카드㈜,C,세전비용,2804329000000,신용카드사,C,SC009,수익성
1384,201909,0010228,삼성카드㈜,D,총경비,509725000000,신용카드사,C,SC009,수익성
1385,201909,0010228,삼성카드㈜,E,당기순이익,361718000000,신용카드사,C,SC009,수익성
1386,201909,0010228,삼성카드㈜,F,총자산순이익률(ROA),1.62,신용카드사,C,SC009,수익성
1387,201909,0010228,삼성카드㈜,J,자기자본순이익률(ROE),5.22,신용카드사,C,SC009,수익성
1388,201909,0010228,삼성카드㈜,G,총자산경비율,2.28,신용카드사,C,SC009,수익성
1389,201909,0010228,삼성카드㈜,H,수지비율,85.68,신용카드사,C,SC009,수익성
1390,201912,0010228,삼성카드㈜,A,총자산(평잔),21970804000000,신용카드사,C,SC009,수익성
1391,201912,0010228,삼성카드㈜,I,자본(평잔),6945080000000,신용카드사,C,SC009,수익성
1392,201912,0010228,삼성카드㈜,B,세전수익,3911299000000,신용카드사,C,SC009,수익성
1393,201912,0010228,삼성카드㈜,C,세전비용,3497570000000,신용카드사,C,SC009,수익성
1394,201912,0010228,삼성카드㈜,D,총경비,507791000000,신용카드사,C,SC009,수익성
1395,201912,0010228,삼성카드㈜,E,당기순이익,312988000000,신용카드사,C,SC009,수익성
1396,201912,0010228,삼성카드㈜,F,총자산순이익률(ROA),1.42,신용카드사,C,SC009,수익성
1397,201912,0010228,삼성카드㈜,J,자기자본순이익률(ROE),4.51,신용카드사,C,SC009,수익성
1398,201912,0010228,삼성카드㈜,G,총자산경비율,2.31,신용카드사,C,SC009,수익성
1399,201912,0010228,삼성카드㈜,H,수지비율,89.42,신용카드사,C,SC009,수익성
1400,202003,0010228,삼성카드㈜,A,총자산(평잔),21693209000000,신용카드사,C,SC009,수익성
1401,202003,0010228,삼성카드㈜,I,자본(평잔),6978468000000,신용카드사,C,SC009,수익성
1402,202003,0010228,삼성카드㈜,B,세전수익,3886283000000,신용카드사,C,SC009,수익성
1403,202003,0010228,삼성카드㈜,C,세전비용,3472903000000,신용카드사,C,SC009,수익성
1404,202003,0010228,삼성카드㈜,D,총경비,495199000000,신용카드사,C,SC009,수익성
1405,202003,0010228,삼성카드㈜,E,당기순이익,300937000000,신용카드사,C,SC009,수익성
1406,202003,0010228,삼성카드㈜,F,총자산순이익률(ROA),1.39,신용카드사,C,SC009,수익성
1407,202003,0010228,삼성카드㈜,J,자기자본순이익률(ROE),4.31,신용카드사,C,SC009,수익성
1408,202003,0010228,삼성카드㈜,G,총자산경비율,2.28,신용카드사,C,SC009,수익성
1409,202003,0010228,삼성카드㈜,H,수지비율,89.36,신용카드사,C,SC009,수익성
1410,202006,0010228,삼성카드㈜,A,총자산(평잔),21711291000000,신용카드사,C,SC009,수익성
1411,202006,0010228,삼성카드㈜,I,자본(평잔),7006058000000,신용카드사,C,SC009,수익성
1412,202006,0010228,삼성카드㈜,B,세전수익,3901048000000,신용카드사,C,SC009,수익성
1413,202006,0010228,삼성카드㈜,C,세전비용,3440326000000,신용카드사,C,SC009,수익성
1414,202006,0010228,삼성카드㈜,D,총경비,484750000000,신용카드사,C,SC009,수익성
1415,202006,0010228,삼성카드㈜,E,당기순이익,336262000000,신용카드사,C,SC009,수익성
1416,202006,0010228,삼성카드㈜,F,총자산순이익률(ROA),1.55,신용카드사,C,SC009,수익성
1417,202006,0010228,삼성카드㈜,J,자기자본순이익률(ROE),4.8,신용카드사,C,SC009,수익성
1418,202006,0010228,삼성카드㈜,G,총자산경비율,2.23,신용카드사,C,SC009,수익성
1419,202006,0010228,삼성카드㈜,H,수지비율,88.19,신용카드사,C,SC009,수익성
1420,202009,0010228,삼성카드㈜,A,총자산(평잔),22136481000000,신용카드사,C,SC009,수익성
1421,202009,0010228,삼성카드㈜,I,자본(평잔),7048952000000,신용카드사,C,SC009,수익성
1422,202009,0010228,삼성카드㈜,B,세전수익,3928213000000,신용카드사,C,SC009,수익성
1423,202009,0010228,삼성카드㈜,C,세전비용,3431535000000,신용카드사,C,SC009,수익성
1424,202009,0010228,삼성카드㈜,D,총경비,503363000000,신용카드사,C,SC009,수익성
1425,202009,0010228,삼성카드㈜,E,당기순이익,358566000000,신용카드사,C,SC009,수익성
1426,202009,0010228,삼성카드㈜,F,총자산순이익률(ROA),1.62,신용카드사,C,SC009,수익성
1427,202009,0010228,삼성카드㈜,J,자기자본순이익률(ROE),5.09,신용카드사,C,SC009,수익성
1428,202009,0010228,삼성카드㈜,G,총자산경비율,2.27,신용카드사,C,SC009,수익성
1429,202009,0010228,삼성카드㈜,H,수지비율,87.36,신용카드사,C,SC009,수익성
1430,202012,0010228,삼성카드㈜,A,총자산(평잔),22664313000000,신용카드사,C,SC009,수익성
1431,202012,0010228,삼성카드㈜,I,자본(평잔),7077368000000,신용카드사,C,SC009,수익성
1432,202012,0010228,삼성카드㈜,B,세전수익,3958898000000,신용카드사,C,SC009,수익성
1433,202012,0010228,삼성카드㈜,C,세전비용,3463272000000,신용카드사,C,SC009,수익성
1434,202012,0010228,삼성카드㈜,D,총경비,498942000000,신용카드사,C,SC009,수익성
1435,202012,0010228,삼성카드㈜,E,당기순이익,362727000000,신용카드사,C,SC009,수익성
1436,202012,0010228,삼성카드㈜,F,총자산순이익률(ROA),1.6,신용카드사,C,SC009,수익성
1437,202012,0010228,삼성카드㈜,J,자기자본순이익률(ROE),5.13,신용카드사,C,SC009,수익성
1438,202012,0010228,삼성카드㈜,G,총자산경비율,2.2,신용카드사,C,SC009,수익성
1439,202012,0010228,삼성카드㈜,H,수지비율,87.48,신용카드사,C,SC009,수익성
1440,202103,0010228,삼성카드㈜,A,총자산(평잔),23123364000000,신용카드사,C,SC009,수익성
1441,202103,0010228,삼성카드㈜,I,자본(평잔),7139210000000,신용카드사,C,SC009,수익성
1442,202103,0010228,삼성카드㈜,B,세전수익,4019298000000,신용카드사,C,SC009,수익성
1443,202103,0010228,삼성카드㈜,C,세전비용,3477676000000,신용카드사,C,SC009,수익성
1444,202103,0010228,삼성카드㈜,D,총경비,494813000000,신용카드사,C,SC009,수익성
1445,202103,0010228,삼성카드㈜,E,당기순이익,399355000000,신용카드사,C,SC009,수익성
1446,202103,0010228,삼성카드㈜,F,총자산순이익률(ROA),1.73,신용카드사,C,SC009,수익성
1447,202103,0010228,삼성카드㈜,J,자기자본순이익률(ROE),5.59,신용카드사,C,SC009,수익성
1448,202103,0010228,삼성카드㈜,G,총자산경비율,2.14,신용카드사,C,SC009,수익성
1449,202103,0010228,삼성카드㈜,H,수지비율,86.52,신용카드사,C,SC009,수익성
1450,202106,0010228,삼성카드㈜,A,총자산(평잔),23616674000000,신용카드사,C,SC009,수익성
1451,202106,0010228,삼성카드㈜,I,자본(평잔),7198738000000,신용카드사,C,SC009,수익성
1452,202106,0010228,삼성카드㈜,B,세전수익,4084138000000,신용카드사,C,SC009,수익성
1453,202106,0010228,삼성카드㈜,C,세전비용,3516509000000,신용카드사,C,SC009,수익성
1454,202106,0010228,삼성카드㈜,D,총경비,507323000000,신용카드사,C,SC009,수익성
1455,202106,0010228,삼성카드㈜,E,당기순이익,411903000000,신용카드사,C,SC009,수익성
1456,202106,0010228,삼성카드㈜,F,총자산순이익률(ROA),1.74,신용카드사,C,SC009,수익성
1457,202106,0010228,삼성카드㈜,J,자기자본순이익률(ROE),5.72,신용카드사,C,SC009,수익성
1458,202106,0010228,삼성카드㈜,G,총자산경비율,2.15,신용카드사,C,SC009,수익성
1459,202106,0010228,삼성카드㈜,H,수지비율,86.1,신용카드사,C,SC009,수익성
1460,202109,0010228,삼성카드㈜,A,총자산(평잔),24142583000000,신용카드사,C,SC009,수익성
1461,202109,0010228,삼성카드㈜,I,자본(평잔),7267636000000,신용카드사,C,SC009,수익성
1462,202109,0010228,삼성카드㈜,B,세전수익,4156308000000,신용카드사,C,SC009,수익성
1463,202109,0010228,삼성카드㈜,C,세전비용,3580786000000,신용카드사,C,SC009,수익성
1464,202109,0010228,삼성카드㈜,D,총경비,522325000000,신용카드사,C,SC009,수익성
1465,202109,0010228,삼성카드㈜,E,당기순이익,412613000000,신용카드사,C,SC009,수익성
1466,202109,0010228,삼성카드㈜,F,총자산순이익률(ROA),1.71,신용카드사,C,SC009,수익성
1467,202109,0010228,삼성카드㈜,J,자기자본순이익률(ROE),5.68,신용카드사,C,SC009,수익성
1468,202109,0010228,삼성카드㈜,G,총자산경비율,2.16,신용카드사,C,SC009,수익성
1469,202109,0010228,삼성카드㈜,H,수지비율,86.15,신용카드사,C,SC009,수익성
1470,202112,0010228,삼성카드㈜,A,총자산(평잔),24949445000000,신용카드사,C,SC009,수익성
1471,202112,0010228,삼성카드㈜,I,자본(평잔),7355438000000,신용카드사,C,SC009,수익성
1472,202112,0010228,삼성카드㈜,B,세전수익,4258243000000,신용카드사,C,SC009,수익성
1473,202112,0010228,삼성카드㈜,C,세전비용,3573642000000,신용카드사,C,SC009,수익성
1474,202112,0010228,삼성카드㈜,D,총경비,550632000000,신용카드사,C,SC009,수익성
1475,202112,0010228,삼성카드㈜,E,당기순이익,488699000000,신용카드사,C,SC009,수익성
1476,202112,0010228,삼성카드㈜,F,총자산순이익률(ROA),1.96,신용카드사,C,SC009,수익성
1477,202112,0010228,삼성카드㈜,J,자기자본순이익률(ROE),6.64,신용카드사,C,SC009,수익성
1478,202112,0010228,삼성카드㈜,G,총자산경비율,2.21,신용카드사,C,SC009,수익성
1479,202112,0010228,삼성카드㈜,H,수지비율,83.92,신용카드사,C,SC009,수익성
1480,202203,0010228,삼성카드㈜,A,총자산(평잔),25869745840000,신용카드사,C,SC009,수익성
1481,202203,0010228,삼성카드㈜,I,자본(평잔),7401387100000,신용카드사,C,SC009,수익성
1482,202203,0010228,삼성카드㈜,B,세전수익,4322789090000,신용카드사,C,SC009,수익성
1483,202203,0010228,삼성카드㈜,C,세전비용,3613448050000,신용카드사,C,SC009,수익성
1484,202203,0010228,삼성카드㈜,D,총경비,554777760000,신용카드사,C,SC009,수익성
1485,202203,0010228,삼성카드㈜,E,당기순이익,504549670000,신용카드사,C,SC009,수익성
1486,202203,0010228,삼성카드㈜,F,총자산순이익률(ROA),1.95,신용카드사,C,SC009,수익성
1487,202203,0010228,삼성카드㈜,J,자기자본순이익률(ROE),6.82,신용카드사,C,SC009,수익성
1488,202203,0010228,삼성카드㈜,G,총자산경비율,2.14,신용카드사,C,SC009,수익성
1489,202203,0010228,삼성카드㈜,H,수지비율,83.59,신용카드사,C,SC009,수익성
1490,202206,0010228,삼성카드㈜,A,총자산(평잔),26818497850000,신용카드사,C,SC009,수익성
1491,202206,0010228,삼성카드㈜,I,자본(평잔),7450997980000,신용카드사,C,SC009,수익성
1492,202206,0010228,삼성카드㈜,B,세전수익,4417631560000,신용카드사,C,SC009,수익성
1493,202206,0010228,삼성카드㈜,C,세전비용,3713132300000,신용카드사,C,SC009,수익성
1494,202206,0010228,삼성카드㈜,D,총경비,564140810000,신용카드사,C,SC009,수익성
1495,202206,0010228,삼성카드㈜,E,당기순이익,495905360000,신용카드사,C,SC009,수익성
1496,202206,0010228,삼성카드㈜,F,총자산순이익률(ROA),1.85,신용카드사,C,SC009,수익성
1497,202206,0010228,삼성카드㈜,J,자기자본순이익률(ROE),6.66,신용카드사,C,SC009,수익성
1498,202206,0010228,삼성카드㈜,G,총자산경비율,2.1,신용카드사,C,SC009,수익성
1499,202206,0010228,삼성카드㈜,H,수지비율,84.05,신용카드사,C,SC009,수익성
1500,202209,0010228,삼성카드㈜,A,총자산(평잔),27720538380000,신용카드사,C,SC009,수익성
1501,202209,0010228,삼성카드㈜,I,자본(평잔),7513021920000,신용카드사,C,SC009,수익성
1502,202209,0010228,삼성카드㈜,B,세전수익,4517187850000,신용카드사,C,SC009,수익성
1503,202209,0010228,삼성카드㈜,C,세전비용,3783935390000,신용카드사,C,SC009,수익성
1504,202209,0010228,삼성카드㈜,D,총경비,574279740000,신용카드사,C,SC009,수익성
1505,202209,0010228,삼성카드㈜,E,당기순이익,524090110000,신용카드사,C,SC009,수익성
1506,202209,0010228,삼성카드㈜,F,총자산순이익률(ROA),1.89,신용카드사,C,SC009,수익성
1507,202209,0010228,삼성카드㈜,J,자기자본순이익률(ROE),6.98,신용카드사,C,SC009,수익성
1508,202209,0010228,삼성카드㈜,G,총자산경비율,2.07,신용카드사,C,SC009,수익성
1509,202209,0010228,삼성카드㈜,H,수지비율,83.77,신용카드사,C,SC009,수익성
1510,202212,0010228,삼성카드㈜,A,총자산(평잔),28381369760000,신용카드사,C,SC009,수익성
1511,202212,0010228,삼성카드㈜,I,자본(평잔),7615289170000,신용카드사,C,SC009,수익성
1512,202212,0010228,삼성카드㈜,B,세전수익,4609199350000,신용카드사,C,SC009,수익성
1513,202212,0010228,삼성카드㈜,C,세전비용,3832019860000,신용카드사,C,SC009,수익성
1514,202212,0010228,삼성카드㈜,D,총경비,564880450000,신용카드사,C,SC009,수익성
1515,202212,0010228,삼성카드㈜,E,당기순이익,550389630000,신용카드사,C,SC009,수익성
1516,202212,0010228,삼성카드㈜,F,총자산순이익률(ROA),1.94,신용카드사,C,SC009,수익성
1517,202212,0010228,삼성카드㈜,J,자기자본순이익률(ROE),7.23,신용카드사,C,SC009,수익성
1518,202212,0010228,삼성카드㈜,G,총자산경비율,1.99,신용카드사,C,SC009,수익성
1519,202212,0010228,삼성카드㈜,H,수지비율,83.14,신용카드사,C,SC009,수익성
1520,202303,0010228,삼성카드㈜,A,총자산(평잔),28937687260000,신용카드사,C,SC009,수익성
1521,202303,0010228,삼성카드㈜,I,자본(평잔),7704872290000,신용카드사,C,SC009,수익성
1522,202303,0010228,삼성카드㈜,B,세전수익,4818064070000,신용카드사,C,SC009,수익성
1523,202303,0010228,삼성카드㈜,C,세전비용,3926008410000,신용카드사,C,SC009,수익성
1524,202303,0010228,삼성카드㈜,D,총경비,561968820000,신용카드사,C,SC009,수익성
1525,202303,0010228,삼성카드㈜,E,당기순이익,674105540000,신용카드사,C,SC009,수익성
1526,202303,0010228,삼성카드㈜,F,총자산순이익률(ROA),2.33,신용카드사,C,SC009,수익성
1527,202303,0010228,삼성카드㈜,J,자기자본순이익률(ROE),8.75,신용카드사,C,SC009,수익성
1528,202303,0010228,삼성카드㈜,G,총자산경비율,1.94,신용카드사,C,SC009,수익성
1529,202303,0010228,삼성카드㈜,H,수지비율,81.49,신용카드사,C,SC009,수익성
1530,202306,0010228,삼성카드㈜,A,총자산(평잔),28861458470000,신용카드사,C,SC009,수익성
1531,202306,0010228,삼성카드㈜,I,자본(평잔),7758001710000,신용카드사,C,SC009,수익성
1532,202306,0010228,삼성카드㈜,B,세전수익,4916245020000,신용카드사,C,SC009,수익성
1533,202306,0010228,삼성카드㈜,C,세전비용,4014956480000,신용카드사,C,SC009,수익성
1534,202306,0010228,삼성카드㈜,D,총경비,552642610000,신용카드사,C,SC009,수익성
1535,202306,0010228,삼성카드㈜,E,당기순이익,689086310000,신용카드사,C,SC009,수익성
1536,202306,0010228,삼성카드㈜,F,총자산순이익률(ROA),2.39,신용카드사,C,SC009,수익성
1537,202306,0010228,삼성카드㈜,J,자기자본순이익률(ROE),8.88,신용카드사,C,SC009,수익성
1538,202306,0010228,삼성카드㈜,G,총자산경비율,1.91,신용카드사,C,SC009,수익성
1539,202306,0010228,삼성카드㈜,H,수지비율,81.67,신용카드사,C,SC009,수익성
1540,202309,0010228,삼성카드㈜,A,총자산(평잔),28627549450000,신용카드사,C,SC009,수익성
1541,202309,0010228,삼성카드㈜,I,자본(평잔),7821090500000,신용카드사,C,SC009,수익성
1542,202309,0010228,삼성카드㈜,B,세전수익,5014481330000,신용카드사,C,SC009,수익성
1543,202309,0010228,삼성카드㈜,C,세전비용,4087217280000,신용카드사,C,SC009,수익성
1544,202309,0010228,삼성카드㈜,D,총경비,542546290000,신용카드사,C,SC009,수익성
1545,202309,0010228,삼성카드㈜,E,당기순이익,719371710000,신용카드사,C,SC009,수익성
1546,202309,0010228,삼성카드㈜,F,총자산순이익률(ROA),2.51,신용카드사,C,SC009,수익성
1547,202309,0010228,삼성카드㈜,J,자기자본순이익률(ROE),9.2,신용카드사,C,SC009,수익성
1548,202309,0010228,삼성카드㈜,G,총자산경비율,1.9,신용카드사,C,SC009,수익성
1549,202309,0010228,삼성카드㈜,H,수지비율,81.51,신용카드사,C,SC009,수익성
1550,202312,0010228,삼성카드㈜,A,총자산(평잔),28317594750000,신용카드사,C,SC009,수익성
1551,202312,0010228,삼성카드㈜,I,자본(평잔),7871965000000,신용카드사,C,SC009,수익성
1552,202312,0010228,삼성카드㈜,B,세전수익,5059857780000,신용카드사,C,SC009,수익성
1553,202312,0010228,삼성카드㈜,C,세전비용,4118108290000,신용카드사,C,SC009,수익성
1554,202312,0010228,삼성카드㈜,D,총경비,566334010000,신용카드사,C,SC009,수익성
1555,202312,0010228,삼성카드㈜,E,당기순이익,740811890000,신용카드사,C,SC009,수익성
1556,202312,0010228,삼성카드㈜,F,총자산순이익률(ROA),2.62,신용카드사,C,SC009,수익성
1557,202312,0010228,삼성카드㈜,J,자기자본순이익률(ROE),9.41,신용카드사,C,SC009,수익성
1558,202312,0010228,삼성카드㈜,G,총자산경비율,2,신용카드사,C,SC009,수익성
1559,202312,0010228,삼성카드㈜,H,수지비율,81.39,신용카드사,C,SC009,수익성
1560,202403,0010228,삼성카드㈜,A,총자산(평잔),27976626340000,신용카드사,C,SC009,수익성
1561,202403,0010228,삼성카드㈜,I,자본(평잔),7950786800000,신용카드사,C,SC009,수익성
1562,202403,0010228,삼성카드㈜,B,세전수익,4934558110000,신용카드사,C,SC009,수익성
1563,202403,0010228,삼성카드㈜,C,세전비용,4081690530000,신용카드사,C,SC009,수익성
1564,202403,0010228,삼성카드㈜,D,총경비,572912100000,신용카드사,C,SC009,수익성
1565,202403,0010228,삼성카드㈜,E,당기순이익,635100490000,신용카드사,C,SC009,수익성
1566,202403,0010228,삼성카드㈜,F,총자산순이익률(ROA),2.27,신용카드사,C,SC009,수익성
1567,202403,0010228,삼성카드㈜,J,자기자본순이익률(ROE),7.99,신용카드사,C,SC009,수익성
1568,202403,0010228,삼성카드㈜,G,총자산경비율,2.05,신용카드사,C,SC009,수익성
1569,202403,0010228,삼성카드㈜,H,수지비율,82.72,신용카드사,C,SC009,수익성
1570,202406,0010228,삼성카드㈜,A,총자산(평잔),27935103490000,신용카드사,C,SC009,수익성
1571,202406,0010228,삼성카드㈜,I,자본(평잔),8087677550000,신용카드사,C,SC009,수익성
1572,202406,0010228,삼성카드㈜,B,세전수익,5057688060000,신용카드사,C,SC009,수익성
1573,202406,0010228,삼성카드㈜,C,세전비용,4055798180000,신용카드사,C,SC009,수익성
1574,202406,0010228,삼성카드㈜,D,총경비,592641990000,신용카드사,C,SC009,수익성
1575,202406,0010228,삼성카드㈜,E,당기순이익,769633300000,신용카드사,C,SC009,수익성
1576,202406,0010228,삼성카드㈜,F,총자산순이익률(ROA),2.76,신용카드사,C,SC009,수익성
1577,202406,0010228,삼성카드㈜,J,자기자본순이익률(ROE),9.52,신용카드사,C,SC009,수익성
1578,202406,0010228,삼성카드㈜,G,총자산경비율,2.12,신용카드사,C,SC009,수익성
1579,202406,0010228,삼성카드㈜,H,수지비율,80.19,신용카드사,C,SC009,수익성
1580,202409,0010228,삼성카드㈜,A,총자산(평잔),27946647250000,신용카드사,C,SC009,수익성
1581,202409,0010228,삼성카드㈜,I,자본(평잔),8213572100000,신용카드사,C,SC009,수익성
1582,202409,0010228,삼성카드㈜,B,세전수익,5083164010000,신용카드사,C,SC009,수익성
1583,202409,0010228,삼성카드㈜,C,세전비용,4043448850000,신용카드사,C,SC009,수익성
1584,202409,0010228,삼성카드㈜,D,총경비,596016450000,신용카드사,C,SC009,수익성
1585,202409,0010228,삼성카드㈜,E,당기순이익,784008930000,신용카드사,C,SC009,수익성
1586,202409,0010228,삼성카드㈜,F,총자산순이익률(ROA),2.81,신용카드사,C,SC009,수익성
1587,202409,0010228,삼성카드㈜,J,자기자본순이익률(ROE),9.55,신용카드사,C,SC009,수익성
1588,202409,0010228,삼성카드㈜,G,총자산경비율,2.13,신용카드사,C,SC009,수익성
1589,202409,0010228,삼성카드㈜,H,수지비율,79.55,신용카드사,C,SC009,수익성
1590,202412,0010228,삼성카드㈜,A,총자산(평잔),27988605860000,신용카드사,C,SC009,수익성
1591,202412,0010228,삼성카드㈜,I,자본(평잔),8318050360000,신용카드사,C,SC009,수익성
1592,202412,0010228,삼성카드㈜,B,세전수익,5073311320000,신용카드사,C,SC009,수익성
1593,202412,0010228,삼성카드㈜,C,세전비용,4156888790000,신용카드사,C,SC009,수익성
1594,202412,0010228,삼성카드㈜,D,총경비,601330650000,신용카드사,C,SC009,수익성
1595,202412,0010228,삼성카드㈜,E,당기순이익,693895690000,신용카드사,C,SC009,수익성
1596,202412,0010228,삼성카드㈜,F,총자산순이익률(ROA),2.48,신용카드사,C,SC009,수익성
1597,202412,0010228,삼성카드㈜,J,자기자본순이익률(ROE),8.34,신용카드사,C,SC009,수익성
1598,202412,0010228,삼성카드㈜,G,총자산경비율,2.15,신용카드사,C,SC009,수익성
1599,202412,0010228,삼성카드㈜,H,수지비율,81.94,신용카드사,C,SC009,수익성
1600,201703,0010229,신한카드㈜,A,총자산(평잔),23818218000000,신용카드사,C,SC009,수익성
1601,201703,0010229,신한카드㈜,I,자본(평잔),5747140000000,신용카드사,C,SC009,수익성
1602,201703,0010229,신한카드㈜,B,세전수익,4906014000000,신용카드사,C,SC009,수익성
1603,201703,0010229,신한카드㈜,C,세전비용,4012378000000,신용카드사,C,SC009,수익성
1604,201703,0010229,신한카드㈜,D,총경비,528301000000,신용카드사,C,SC009,수익성
1605,201703,0010229,신한카드㈜,E,당기순이익,597333000000,신용카드사,C,SC009,수익성
1606,201703,0010229,신한카드㈜,F,총자산순이익률(ROA),2.51,신용카드사,C,SC009,수익성
1607,201703,0010229,신한카드㈜,J,자기자본순이익률(ROE),10.39,신용카드사,C,SC009,수익성
1608,201703,0010229,신한카드㈜,G,총자산경비율,2.22,신용카드사,C,SC009,수익성
1609,201703,0010229,신한카드㈜,H,수지비율,81.78,신용카드사,C,SC009,수익성
1610,201706,0010229,신한카드㈜,A,총자산(평잔),24172501000000,신용카드사,C,SC009,수익성
1611,201706,0010229,신한카드㈜,I,자본(평잔),5857182000000,신용카드사,C,SC009,수익성
1612,201706,0010229,신한카드㈜,B,세전수익,4952522000000,신용카드사,C,SC009,수익성
1613,201706,0010229,신한카드㈜,C,세전비용,4081163000000,신용카드사,C,SC009,수익성
1614,201706,0010229,신한카드㈜,D,총경비,522427000000,신용카드사,C,SC009,수익성
1615,201706,0010229,신한카드㈜,E,당기순이익,567953000000,신용카드사,C,SC009,수익성
1616,201706,0010229,신한카드㈜,F,총자산순이익률(ROA),2.35,신용카드사,C,SC009,수익성
1617,201706,0010229,신한카드㈜,J,자기자본순이익률(ROE),9.7,신용카드사,C,SC009,수익성
1618,201706,0010229,신한카드㈜,G,총자산경비율,2.16,신용카드사,C,SC009,수익성
1619,201706,0010229,신한카드㈜,H,수지비율,82.41,신용카드사,C,SC009,수익성
1620,201709,0010229,신한카드㈜,A,총자산(평잔),24400694000000,신용카드사,C,SC009,수익성
1621,201709,0010229,신한카드㈜,I,자본(평잔),5979153000000,신용카드사,C,SC009,수익성
1622,201709,0010229,신한카드㈜,B,세전수익,4893123000000,신용카드사,C,SC009,수익성
1623,201709,0010229,신한카드㈜,C,세전비용,4111313000000,신용카드사,C,SC009,수익성
1624,201709,0010229,신한카드㈜,D,총경비,514890000000,신용카드사,C,SC009,수익성
1625,201709,0010229,신한카드㈜,E,당기순이익,487713000000,신용카드사,C,SC009,수익성
1626,201709,0010229,신한카드㈜,F,총자산순이익률(ROA),2,신용카드사,C,SC009,수익성
1627,201709,0010229,신한카드㈜,J,자기자본순이익률(ROE),8.16,신용카드사,C,SC009,수익성
1628,201709,0010229,신한카드㈜,G,총자산경비율,2.11,신용카드사,C,SC009,수익성
1629,201709,0010229,신한카드㈜,H,수지비율,84.02,신용카드사,C,SC009,수익성
1630,201712,0010229,신한카드㈜,A,총자산(평잔),25152331000000,신용카드사,C,SC009,수익성
1631,201712,0010229,신한카드㈜,I,자본(평잔),6093275000000,신용카드사,C,SC009,수익성
1632,201712,0010229,신한카드㈜,B,세전수익,4938334000000,신용카드사,C,SC009,수익성
1633,201712,0010229,신한카드㈜,C,세전비용,4271494000000,신용카드사,C,SC009,수익성
1634,201712,0010229,신한카드㈜,D,총경비,588006000000,신용카드사,C,SC009,수익성
1635,201712,0010229,신한카드㈜,E,당기순이익,422729000000,신용카드사,C,SC009,수익성
1636,201712,0010229,신한카드㈜,F,총자산순이익률(ROA),1.68,신용카드사,C,SC009,수익성
1637,201712,0010229,신한카드㈜,J,자기자본순이익률(ROE),6.94,신용카드사,C,SC009,수익성
1638,201712,0010229,신한카드㈜,G,총자산경비율,2.34,신용카드사,C,SC009,수익성
1639,201712,0010229,신한카드㈜,H,수지비율,86.5,신용카드사,C,SC009,수익성
1640,201803,0010229,신한카드㈜,A,총자산(평잔),25788867790000,신용카드사,C,SC009,수익성
1641,201803,0010229,신한카드㈜,I,자본(평잔),6120437880000,신용카드사,C,SC009,수익성
1642,201803,0010229,신한카드㈜,B,세전수익,4691421390000,신용카드사,C,SC009,수익성
1643,201803,0010229,신한카드㈜,C,세전비용,3924913290000,신용카드사,C,SC009,수익성
1644,201803,0010229,신한카드㈜,D,총경비,578637890000,신용카드사,C,SC009,수익성
1645,201803,0010229,신한카드㈜,E,당기순이익,595502810000,신용카드사,C,SC009,수익성
1646,201803,0010229,신한카드㈜,F,총자산순이익률(ROA),2.31,신용카드사,C,SC009,수익성
1647,201803,0010229,신한카드㈜,J,자기자본순이익률(ROE),9.73,신용카드사,C,SC009,수익성
1648,201803,0010229,신한카드㈜,G,총자산경비율,2.24,신용카드사,C,SC009,수익성
1649,201803,0010229,신한카드㈜,H,수지비율,83.66,신용카드사,C,SC009,수익성
1650,201806,0010229,신한카드㈜,A,총자산(평잔),26227842900000,신용카드사,C,SC009,수익성
1651,201806,0010229,신한카드㈜,I,자본(평잔),6068591040000,신용카드사,C,SC009,수익성
1652,201806,0010229,신한카드㈜,B,세전수익,4692484680000,신용카드사,C,SC009,수익성
1653,201806,0010229,신한카드㈜,C,세전비용,3996845040000,신용카드사,C,SC009,수익성
1654,201806,0010229,신한카드㈜,D,총경비,571096580000,신용카드사,C,SC009,수익성
1655,201806,0010229,신한카드㈜,E,당기순이익,542361560000,신용카드사,C,SC009,수익성
1656,201806,0010229,신한카드㈜,F,총자산순이익률(ROA),2.07,신용카드사,C,SC009,수익성
1657,201806,0010229,신한카드㈜,J,자기자본순이익률(ROE),8.94,신용카드사,C,SC009,수익성
1658,201806,0010229,신한카드㈜,G,총자산경비율,2.18,신용카드사,C,SC009,수익성
1659,201806,0010229,신한카드㈜,H,수지비율,85.18,신용카드사,C,SC009,수익성
1660,201809,0010229,신한카드㈜,A,총자산(평잔),26835002000000,신용카드사,C,SC009,수익성
1661,201809,0010229,신한카드㈜,I,자본(평잔),6001456000000,신용카드사,C,SC009,수익성
1662,201809,0010229,신한카드㈜,B,세전수익,4808733000000,신용카드사,C,SC009,수익성
1663,201809,0010229,신한카드㈜,C,세전비용,4104233000000,신용카드사,C,SC009,수익성
1664,201809,0010229,신한카드㈜,D,총경비,571990000000,신용카드사,C,SC009,수익성
1665,201809,0010229,신한카드㈜,E,당기순이익,557146000000,신용카드사,C,SC009,수익성
1666,201809,0010229,신한카드㈜,F,총자산순이익률(ROA),2.08,신용카드사,C,SC009,수익성
1667,201809,0010229,신한카드㈜,J,자기자본순이익률(ROE),9.28,신용카드사,C,SC009,수익성
1668,201809,0010229,신한카드㈜,G,총자산경비율,2.13,신용카드사,C,SC009,수익성
1669,201809,0010229,신한카드㈜,H,수지비율,85.35,신용카드사,C,SC009,수익성
1670,201812,0010229,신한카드㈜,A,총자산(평잔),27372351000000,신용카드사,C,SC009,수익성
1671,201812,0010229,신한카드㈜,I,자본(평잔),5939543000000,신용카드사,C,SC009,수익성
1672,201812,0010229,신한카드㈜,B,세전수익,4765672000000,신용카드사,C,SC009,수익성
1673,201812,0010229,신한카드㈜,C,세전비용,4072525000000,신용카드사,C,SC009,수익성
1674,201812,0010229,신한카드㈜,D,총경비,498606000000,신용카드사,C,SC009,수익성
1675,201812,0010229,신한카드㈜,E,당기순이익,509920000000,신용카드사,C,SC009,수익성
1676,201812,0010229,신한카드㈜,F,총자산순이익률(ROA),1.86,신용카드사,C,SC009,수익성
1677,201812,0010229,신한카드㈜,J,자기자본순이익률(ROE),8.59,신용카드사,C,SC009,수익성
1678,201812,0010229,신한카드㈜,G,총자산경비율,1.82,신용카드사,C,SC009,수익성
1679,201812,0010229,신한카드㈜,H,수지비율,85.46,신용카드사,C,SC009,수익성
1680,201903,0010229,신한카드㈜,A,총자산(평잔),28070886000000,신용카드사,C,SC009,수익성
1681,201903,0010229,신한카드㈜,I,자본(평잔),5930607000000,신용카드사,C,SC009,수익성
1682,201903,0010229,신한카드㈜,B,세전수익,4824609000000,신용카드사,C,SC009,수익성
1683,201903,0010229,신한카드㈜,C,세전비용,4219325000000,신용카드사,C,SC009,수익성
1684,201903,0010229,신한카드㈜,D,총경비,501906000000,신용카드사,C,SC009,수익성
1685,201903,0010229,신한카드㈜,E,당기순이익,434045000000,신용카드사,C,SC009,수익성
1686,201903,0010229,신한카드㈜,F,총자산순이익률(ROA),1.55,신용카드사,C,SC009,수익성
1687,201903,0010229,신한카드㈜,J,자기자본순이익률(ROE),7.32,신용카드사,C,SC009,수익성
1688,201903,0010229,신한카드㈜,G,총자산경비율,1.79,신용카드사,C,SC009,수익성
1689,201903,0010229,신한카드㈜,H,수지비율,87.45,신용카드사,C,SC009,수익성
1690,201906,0010229,신한카드㈜,A,총자산(평잔),28758117000000,신용카드사,C,SC009,수익성
1691,201906,0010229,신한카드㈜,I,자본(평잔),5958360000000,신용카드사,C,SC009,수익성
1692,201906,0010229,신한카드㈜,B,세전수익,4849397000000,신용카드사,C,SC009,수익성
1693,201906,0010229,신한카드㈜,C,세전비용,4248816000000,신용카드사,C,SC009,수익성
1694,201906,0010229,신한카드㈜,D,총경비,503512000000,신용카드사,C,SC009,수익성
1695,201906,0010229,신한카드㈜,E,당기순이익,433815000000,신용카드사,C,SC009,수익성
1696,201906,0010229,신한카드㈜,F,총자산순이익률(ROA),1.51,신용카드사,C,SC009,수익성
1697,201906,0010229,신한카드㈜,J,자기자본순이익률(ROE),7.28,신용카드사,C,SC009,수익성
1698,201906,0010229,신한카드㈜,G,총자산경비율,1.75,신용카드사,C,SC009,수익성
1699,201906,0010229,신한카드㈜,H,수지비율,87.62,신용카드사,C,SC009,수익성
1700,201909,0010229,신한카드㈜,A,총자산(평잔),29420428000000,신용카드사,C,SC009,수익성
1701,201909,0010229,신한카드㈜,I,자본(평잔),5994316000000,신용카드사,C,SC009,수익성
1702,201909,0010229,신한카드㈜,B,세전수익,4880859000000,신용카드사,C,SC009,수익성
1703,201909,0010229,신한카드㈜,C,세전비용,4255074000000,신용카드사,C,SC009,수익성
1704,201909,0010229,신한카드㈜,D,총경비,506538000000,신용카드사,C,SC009,수익성
1705,201909,0010229,신한카드㈜,E,당기순이익,452223000000,신용카드사,C,SC009,수익성
1706,201909,0010229,신한카드㈜,F,총자산순이익률(ROA),1.54,신용카드사,C,SC009,수익성
1707,201909,0010229,신한카드㈜,J,자기자본순이익률(ROE),7.54,신용카드사,C,SC009,수익성
1708,201909,0010229,신한카드㈜,G,총자산경비율,1.72,신용카드사,C,SC009,수익성
1709,201909,0010229,신한카드㈜,H,수지비율,87.18,신용카드사,C,SC009,수익성
1710,201912,0010229,신한카드㈜,A,총자산(평잔),30116652000000,신용카드사,C,SC009,수익성
1711,201912,0010229,신한카드㈜,I,자본(평잔),6020323000000,신용카드사,C,SC009,수익성
1712,201912,0010229,신한카드㈜,B,세전수익,4920370000000,신용카드사,C,SC009,수익성
1713,201912,0010229,신한카드㈜,C,세전비용,4315948000000,신용카드사,C,SC009,수익성
1714,201912,0010229,신한카드㈜,D,총경비,531218000000,신용카드사,C,SC009,수익성
1715,201912,0010229,신한카드㈜,E,당기순이익,442247000000,신용카드사,C,SC009,수익성
1716,201912,0010229,신한카드㈜,F,총자산순이익률(ROA),1.47,신용카드사,C,SC009,수익성
1717,201912,0010229,신한카드㈜,J,자기자본순이익률(ROE),7.35,신용카드사,C,SC009,수익성
1718,201912,0010229,신한카드㈜,G,총자산경비율,1.76,신용카드사,C,SC009,수익성
1719,201912,0010229,신한카드㈜,H,수지비율,87.72,신용카드사,C,SC009,수익성
1720,202003,0010229,신한카드㈜,A,총자산(평잔),31020019000000,신용카드사,C,SC009,수익성
1721,202003,0010229,신한카드㈜,I,자본(평잔),6055507000000,신용카드사,C,SC009,수익성
1722,202003,0010229,신한카드㈜,B,세전수익,4982132000000,신용카드사,C,SC009,수익성
1723,202003,0010229,신한카드㈜,C,세전비용,4351530000000,신용카드사,C,SC009,수익성
1724,202003,0010229,신한카드㈜,D,총경비,525894000000,신용카드사,C,SC009,수익성
1725,202003,0010229,신한카드㈜,E,당기순이익,471999000000,신용카드사,C,SC009,수익성
1726,202003,0010229,신한카드㈜,F,총자산순이익률(ROA),1.52,신용카드사,C,SC009,수익성
1727,202003,0010229,신한카드㈜,J,자기자본순이익률(ROE),7.79,신용카드사,C,SC009,수익성
1728,202003,0010229,신한카드㈜,G,총자산경비율,1.7,신용카드사,C,SC009,수익성
1729,202003,0010229,신한카드㈜,H,수지비율,87.34,신용카드사,C,SC009,수익성
1730,202006,0010229,신한카드㈜,A,총자산(평잔),31902388000000,신용카드사,C,SC009,수익성
1731,202006,0010229,신한카드㈜,I,자본(평잔),6089253000000,신용카드사,C,SC009,수익성
1732,202006,0010229,신한카드㈜,B,세전수익,4984448000000,신용카드사,C,SC009,수익성
1733,202006,0010229,신한카드㈜,C,세전비용,4296769000000,신용카드사,C,SC009,수익성
1734,202006,0010229,신한카드㈜,D,총경비,532448000000,신용카드사,C,SC009,수익성
1735,202006,0010229,신한카드㈜,E,당기순이익,513752000000,신용카드사,C,SC009,수익성
1736,202006,0010229,신한카드㈜,F,총자산순이익률(ROA),1.61,신용카드사,C,SC009,수익성
1737,202006,0010229,신한카드㈜,J,자기자본순이익률(ROE),8.44,신용카드사,C,SC009,수익성
1738,202006,0010229,신한카드㈜,G,총자산경비율,1.67,신용카드사,C,SC009,수익성
1739,202006,0010229,신한카드㈜,H,수지비율,86.2,신용카드사,C,SC009,수익성
1740,202009,0010229,신한카드㈜,A,총자산(평잔),32496571000000,신용카드사,C,SC009,수익성
1741,202009,0010229,신한카드㈜,I,자본(평잔),6129719000000,신용카드사,C,SC009,수익성
1742,202009,0010229,신한카드㈜,B,세전수익,4975439000000,신용카드사,C,SC009,수익성
1743,202009,0010229,신한카드㈜,C,세전비용,4259557000000,신용카드사,C,SC009,수익성
1744,202009,0010229,신한카드㈜,D,총경비,537352000000,신용카드사,C,SC009,수익성
1745,202009,0010229,신한카드㈜,E,당기순이익,531681000000,신용카드사,C,SC009,수익성
1746,202009,0010229,신한카드㈜,F,총자산순이익률(ROA),1.64,신용카드사,C,SC009,수익성
1747,202009,0010229,신한카드㈜,J,자기자본순이익률(ROE),8.67,신용카드사,C,SC009,수익성
1748,202009,0010229,신한카드㈜,G,총자산경비율,1.65,신용카드사,C,SC009,수익성
1749,202009,0010229,신한카드㈜,H,수지비율,85.61,신용카드사,C,SC009,수익성
1750,202012,0010229,신한카드㈜,A,총자산(평잔),33292271000000,신용카드사,C,SC009,수익성
1751,202012,0010229,신한카드㈜,I,자본(평잔),6188307000000,신용카드사,C,SC009,수익성
1752,202012,0010229,신한카드㈜,B,세전수익,5089261000000,신용카드사,C,SC009,수익성
1753,202012,0010229,신한카드㈜,C,세전비용,4350343000000,신용카드사,C,SC009,수익성
1754,202012,0010229,신한카드㈜,D,총경비,529113000000,신용카드사,C,SC009,수익성
1755,202012,0010229,신한카드㈜,E,당기순이익,530421000000,신용카드사,C,SC009,수익성
1756,202012,0010229,신한카드㈜,F,총자산순이익률(ROA),1.59,신용카드사,C,SC009,수익성
1757,202012,0010229,신한카드㈜,J,자기자본순이익률(ROE),8.57,신용카드사,C,SC009,수익성
1758,202012,0010229,신한카드㈜,G,총자산경비율,1.59,신용카드사,C,SC009,수익성
1759,202012,0010229,신한카드㈜,H,수지비율,85.48,신용카드사,C,SC009,수익성
1760,202103,0010229,신한카드㈜,A,총자산(평잔),33889774000000,신용카드사,C,SC009,수익성
1761,202103,0010229,신한카드㈜,I,자본(평잔),6247336000000,신용카드사,C,SC009,수익성
1762,202103,0010229,신한카드㈜,B,세전수익,5181467000000,신용카드사,C,SC009,수익성
1763,202103,0010229,신한카드㈜,C,세전비용,4382992000000,신용카드사,C,SC009,수익성
1764,202103,0010229,신한카드㈜,D,총경비,549466000000,신용카드사,C,SC009,수익성
1765,202103,0010229,신한카드㈜,E,당기순이익,566488000000,신용카드사,C,SC009,수익성
1766,202103,0010229,신한카드㈜,F,총자산순이익률(ROA),1.67,신용카드사,C,SC009,수익성
1767,202103,0010229,신한카드㈜,J,자기자본순이익률(ROE),9.07,신용카드사,C,SC009,수익성
1768,202103,0010229,신한카드㈜,G,총자산경비율,1.62,신용카드사,C,SC009,수익성
1769,202103,0010229,신한카드㈜,H,수지비율,84.59,신용카드사,C,SC009,수익성
1770,202106,0010229,신한카드㈜,A,총자산(평잔),34543297000000,신용카드사,C,SC009,수익성
1771,202106,0010229,신한카드㈜,I,자본(평잔),6316137000000,신용카드사,C,SC009,수익성
1772,202106,0010229,신한카드㈜,B,세전수익,5313508000000,신용카드사,C,SC009,수익성
1773,202106,0010229,신한카드㈜,C,세전비용,4488594000000,신용카드사,C,SC009,수익성
1774,202106,0010229,신한카드㈜,D,총경비,557320000000,신용카드사,C,SC009,수익성
1775,202106,0010229,신한카드㈜,E,당기순이익,588389000000,신용카드사,C,SC009,수익성
1776,202106,0010229,신한카드㈜,F,총자산순이익률(ROA),1.7,신용카드사,C,SC009,수익성
1777,202106,0010229,신한카드㈜,J,자기자본순이익률(ROE),9.32,신용카드사,C,SC009,수익성
1778,202106,0010229,신한카드㈜,G,총자산경비율,1.61,신용카드사,C,SC009,수익성
1779,202106,0010229,신한카드㈜,H,수지비율,84.48,신용카드사,C,SC009,수익성
1780,202109,0010229,신한카드㈜,A,총자산(평잔),35430548000000,신용카드사,C,SC009,수익성
1781,202109,0010229,신한카드㈜,I,자본(평잔),6397790000000,신용카드사,C,SC009,수익성
1782,202109,0010229,신한카드㈜,B,세전수익,5527927000000,신용카드사,C,SC009,수익성
1783,202109,0010229,신한카드㈜,C,세전비용,4692082000000,신용카드사,C,SC009,수익성
1784,202109,0010229,신한카드㈜,D,총경비,565662000000,신용카드사,C,SC009,수익성
1785,202109,0010229,신한카드㈜,E,당기순이익,595997000000,신용카드사,C,SC009,수익성
1786,202109,0010229,신한카드㈜,F,총자산순이익률(ROA),1.68,신용카드사,C,SC009,수익성
1787,202109,0010229,신한카드㈜,J,자기자본순이익률(ROE),9.32,신용카드사,C,SC009,수익성
1788,202109,0010229,신한카드㈜,G,총자산경비율,1.6,신용카드사,C,SC009,수익성
1789,202109,0010229,신한카드㈜,H,수지비율,84.88,신용카드사,C,SC009,수익성
1790,202112,0010229,신한카드㈜,A,총자산(평잔),36214191000000,신용카드사,C,SC009,수익성
1791,202112,0010229,신한카드㈜,I,자본(평잔),6468400000000,신용카드사,C,SC009,수익성
1792,202112,0010229,신한카드㈜,B,세전수익,5590363000000,신용카드사,C,SC009,수익성
1793,202112,0010229,신한카드㈜,C,세전비용,4734359000000,신용카드사,C,SC009,수익성
1794,202112,0010229,신한카드㈜,D,총경비,613998000000,신용카드사,C,SC009,수익성
1795,202112,0010229,신한카드㈜,E,당기순이익,627788000000,신용카드사,C,SC009,수익성
1796,202112,0010229,신한카드㈜,F,총자산순이익률(ROA),1.73,신용카드사,C,SC009,수익성
1797,202112,0010229,신한카드㈜,J,자기자본순이익률(ROE),9.71,신용카드사,C,SC009,수익성
1798,202112,0010229,신한카드㈜,G,총자산경비율,1.7,신용카드사,C,SC009,수익성
1799,202112,0010229,신한카드㈜,H,수지비율,84.69,신용카드사,C,SC009,수익성
1800,202203,0010229,신한카드㈜,A,총자산(평잔),37233335000000,신용카드사,C,SC009,수익성
1801,202203,0010229,신한카드㈜,I,자본(평잔),6574753000000,신용카드사,C,SC009,수익성
1802,202203,0010229,신한카드㈜,B,세전수익,5702732000000,신용카드사,C,SC009,수익성
1803,202203,0010229,신한카드㈜,C,세전비용,4840636000000,신용카드사,C,SC009,수익성
1804,202203,0010229,신한카드㈜,D,총경비,617292000000,신용카드사,C,SC009,수익성
1805,202203,0010229,신한카드㈜,E,당기순이익,634501000000,신용카드사,C,SC009,수익성
1806,202203,0010229,신한카드㈜,F,총자산순이익률(ROA),1.7,신용카드사,C,SC009,수익성
1807,202203,0010229,신한카드㈜,J,자기자본순이익률(ROE),9.65,신용카드사,C,SC009,수익성
1808,202203,0010229,신한카드㈜,G,총자산경비율,1.66,신용카드사,C,SC009,수익성
1809,202203,0010229,신한카드㈜,H,수지비율,84.88,신용카드사,C,SC009,수익성
1810,202206,0010229,신한카드㈜,A,총자산(평잔),38326921000000,신용카드사,C,SC009,수익성
1811,202206,0010229,신한카드㈜,I,자본(평잔),6757810000000,신용카드사,C,SC009,수익성
1812,202206,0010229,신한카드㈜,B,세전수익,6020105000000,신용카드사,C,SC009,수익성
1813,202206,0010229,신한카드㈜,C,세전비용,5136105000000,신용카드사,C,SC009,수익성
1814,202206,0010229,신한카드㈜,D,총경비,623202000000,신용카드사,C,SC009,수익성
1815,202206,0010229,신한카드㈜,E,당기순이익,643584000000,신용카드사,C,SC009,수익성
1816,202206,0010229,신한카드㈜,F,총자산순이익률(ROA),1.68,신용카드사,C,SC009,수익성
1817,202206,0010229,신한카드㈜,J,자기자본순이익률(ROE),9.52,신용카드사,C,SC009,수익성
1818,202206,0010229,신한카드㈜,G,총자산경비율,1.63,신용카드사,C,SC009,수익성
1819,202206,0010229,신한카드㈜,H,수지비율,85.32,신용카드사,C,SC009,수익성
1820,202209,0010229,신한카드㈜,A,총자산(평잔),39604330000000,신용카드사,C,SC009,수익성
1821,202209,0010229,신한카드㈜,I,자본(평잔),6921525000000,신용카드사,C,SC009,수익성
1822,202209,0010229,신한카드㈜,B,세전수익,6333378000000,신용카드사,C,SC009,수익성
1823,202209,0010229,신한카드㈜,C,세전비용,5495739000000,신용카드사,C,SC009,수익성
1824,202209,0010229,신한카드㈜,D,총경비,629452000000,신용카드사,C,SC009,수익성
1825,202209,0010229,신한카드㈜,E,당기순이익,629042000000,신용카드사,C,SC009,수익성
1826,202209,0010229,신한카드㈜,F,총자산순이익률(ROA),1.59,신용카드사,C,SC009,수익성
1827,202209,0010229,신한카드㈜,J,자기자본순이익률(ROE),9.09,신용카드사,C,SC009,수익성
1828,202209,0010229,신한카드㈜,G,총자산경비율,1.59,신용카드사,C,SC009,수익성
1829,202209,0010229,신한카드㈜,H,수지비율,86.77,신용카드사,C,SC009,수익성
1830,202212,0010229,신한카드㈜,A,총자산(평잔),40985679000000,신용카드사,C,SC009,수익성
1831,202212,0010229,신한카드㈜,I,자본(평잔),7072801000000,신용카드사,C,SC009,수익성
1832,202212,0010229,신한카드㈜,B,세전수익,6209166000000,신용카드사,C,SC009,수익성
1833,202212,0010229,신한카드㈜,C,세전비용,5489613000000,신용카드사,C,SC009,수익성
1834,202212,0010229,신한카드㈜,D,총경비,587925000000,신용카드사,C,SC009,수익성
1835,202212,0010229,신한카드㈜,E,당기순이익,533192000000,신용카드사,C,SC009,수익성
1836,202212,0010229,신한카드㈜,F,총자산순이익률(ROA),1.3,신용카드사,C,SC009,수익성
1837,202212,0010229,신한카드㈜,J,자기자본순이익률(ROE),7.54,신용카드사,C,SC009,수익성
1838,202212,0010229,신한카드㈜,G,총자산경비율,1.43,신용카드사,C,SC009,수익성
1839,202212,0010229,신한카드㈜,H,수지비율,88.41,신용카드사,C,SC009,수익성
1840,202303,0010229,신한카드㈜,A,총자산(평잔),41898890100000,신용카드사,C,SC009,수익성
1841,202303,0010229,신한카드㈜,I,자본(평잔),7253976510000,신용카드사,C,SC009,수익성
1842,202303,0010229,신한카드㈜,B,세전수익,6461518030000,신용카드사,C,SC009,수익성
1843,202303,0010229,신한카드㈜,C,세전비용,5686236300000,신용카드사,C,SC009,수익성
1844,202303,0010229,신한카드㈜,D,총경비,589607310000,신용카드사,C,SC009,수익성
1845,202303,0010229,신한카드㈜,E,당기순이익,614477130000,신용카드사,C,SC009,수익성
1846,202303,0010229,신한카드㈜,F,총자산순이익률(ROA),1.47,신용카드사,C,SC009,수익성
1847,202303,0010229,신한카드㈜,J,자기자본순이익률(ROE),8.47,신용카드사,C,SC009,수익성
1848,202303,0010229,신한카드㈜,G,총자산경비율,1.41,신용카드사,C,SC009,수익성
1849,202303,0010229,신한카드㈜,H,수지비율,88,신용카드사,C,SC009,수익성
1850,202306,0010229,신한카드㈜,A,총자산(평잔),42215796310000,신용카드사,C,SC009,수익성
1851,202306,0010229,신한카드㈜,I,자본(평잔),7394653850000,신용카드사,C,SC009,수익성
1852,202306,0010229,신한카드㈜,B,세전수익,6426580410000,신용카드사,C,SC009,수익성
1853,202306,0010229,신한카드㈜,C,세전비용,5789644930000,신용카드사,C,SC009,수익성
1854,202306,0010229,신한카드㈜,D,총경비,593961590000,신용카드사,C,SC009,수익성
1855,202306,0010229,신한카드㈜,E,당기순이익,507805570000,신용카드사,C,SC009,수익성
1856,202306,0010229,신한카드㈜,F,총자산순이익률(ROA),1.2,신용카드사,C,SC009,수익성
1857,202306,0010229,신한카드㈜,J,자기자본순이익률(ROE),6.87,신용카드사,C,SC009,수익성
1858,202306,0010229,신한카드㈜,G,총자산경비율,1.41,신용카드사,C,SC009,수익성
1859,202306,0010229,신한카드㈜,H,수지비율,90.09,신용카드사,C,SC009,수익성
1860,202309,0010229,신한카드㈜,A,총자산(평잔),42192014000000,신용카드사,C,SC009,수익성
1861,202309,0010229,신한카드㈜,I,자본(평잔),7547949000000,신용카드사,C,SC009,수익성
1862,202309,0010229,신한카드㈜,B,세전수익,6508071000000,신용카드사,C,SC009,수익성
1863,202309,0010229,신한카드㈜,C,세전비용,5843452000000,신용카드사,C,SC009,수익성
1864,202309,0010229,신한카드㈜,D,총경비,601838000000,신용카드사,C,SC009,수익성
1865,202309,0010229,신한카드㈜,E,당기순이익,516753000000,신용카드사,C,SC009,수익성
1866,202309,0010229,신한카드㈜,F,총자산순이익률(ROA),1.22,신용카드사,C,SC009,수익성
1867,202309,0010229,신한카드㈜,J,자기자본순이익률(ROE),6.85,신용카드사,C,SC009,수익성
1868,202309,0010229,신한카드㈜,G,총자산경비율,1.43,신용카드사,C,SC009,수익성
1869,202309,0010229,신한카드㈜,H,수지비율,89.79,신용카드사,C,SC009,수익성
1870,202312,0010229,신한카드㈜,A,총자산(평잔),41946098000000,신용카드사,C,SC009,수익성
1871,202312,0010229,신한카드㈜,I,자본(평잔),7722615000000,신용카드사,C,SC009,수익성
1872,202312,0010229,신한카드㈜,B,세전수익,6932917000000,신용카드사,C,SC009,수익성
1873,202312,0010229,신한카드㈜,C,세전비용,6067757000000,신용카드사,C,SC009,수익성
1874,202312,0010229,신한카드㈜,D,총경비,593525000000,신용카드사,C,SC009,수익성
1875,202312,0010229,신한카드㈜,E,당기순이익,685420000000,신용카드사,C,SC009,수익성
1876,202312,0010229,신한카드㈜,F,총자산순이익률(ROA),1.63,신용카드사,C,SC009,수익성
1877,202312,0010229,신한카드㈜,J,자기자본순이익률(ROE),8.88,신용카드사,C,SC009,수익성
1878,202312,0010229,신한카드㈜,G,총자산경비율,1.41,신용카드사,C,SC009,수익성
1879,202312,0010229,신한카드㈜,H,수지비율,87.52,신용카드사,C,SC009,수익성
1880,202403,0010229,신한카드㈜,A,총자산(평잔),41905512210000,신용카드사,C,SC009,수익성
1881,202403,0010229,신한카드㈜,I,자본(평잔),7821231570000,신용카드사,C,SC009,수익성
1882,202403,0010229,신한카드㈜,B,세전수익,7047046080000,신용카드사,C,SC009,수익성
1883,202403,0010229,신한카드㈜,C,세전비용,6241525690000,신용카드사,C,SC009,수익성
1884,202403,0010229,신한카드㈜,D,총경비,600927560000,신용카드사,C,SC009,수익성
1885,202403,0010229,신한카드㈜,E,당기순이익,605662290000,신용카드사,C,SC009,수익성
1886,202403,0010229,신한카드㈜,F,총자산순이익률(ROA),1.45,신용카드사,C,SC009,수익성
1887,202403,0010229,신한카드㈜,J,자기자본순이익률(ROE),7.74,신용카드사,C,SC009,수익성
1888,202403,0010229,신한카드㈜,G,총자산경비율,1.43,신용카드사,C,SC009,수익성
1889,202403,0010229,신한카드㈜,H,수지비율,88.57,신용카드사,C,SC009,수익성
1890,202406,0010229,신한카드㈜,A,총자산(평잔),41806809800000,신용카드사,C,SC009,수익성
1891,202406,0010229,신한카드㈜,I,자본(평잔),7896117990000,신용카드사,C,SC009,수익성
1892,202406,0010229,신한카드㈜,B,세전수익,7260363250000,신용카드사,C,SC009,수익성
1893,202406,0010229,신한카드㈜,C,세전비용,6378639070000,신용카드사,C,SC009,수익성
1894,202406,0010229,신한카드㈜,D,총경비,610280610000,신용카드사,C,SC009,수익성
1895,202406,0010229,신한카드㈜,E,당기순이익,676168050000,신용카드사,C,SC009,수익성
1896,202406,0010229,신한카드㈜,F,총자산순이익률(ROA),1.62,신용카드사,C,SC009,수익성
1897,202406,0010229,신한카드㈜,J,자기자본순이익률(ROE),8.56,신용카드사,C,SC009,수익성
1898,202406,0010229,신한카드㈜,G,총자산경비율,1.46,신용카드사,C,SC009,수익성
1899,202406,0010229,신한카드㈜,H,수지비율,87.86,신용카드사,C,SC009,수익성
1900,202409,0010229,신한카드㈜,A,총자산(평잔),41913966300000,신용카드사,C,SC009,수익성
1901,202409,0010229,신한카드㈜,I,자본(평잔),7980776220000,신용카드사,C,SC009,수익성
1902,202409,0010229,신한카드㈜,B,세전수익,7113710380000,신용카드사,C,SC009,수익성
1903,202409,0010229,신한카드㈜,C,세전비용,6245144030000,신용카드사,C,SC009,수익성
1904,202409,0010229,신한카드㈜,D,총경비,641213420000,신용카드사,C,SC009,수익성
1905,202409,0010229,신한카드㈜,E,당기순이익,656864530000,신용카드사,C,SC009,수익성
1906,202409,0010229,신한카드㈜,F,총자산순이익률(ROA),1.57,신용카드사,C,SC009,수익성
1907,202409,0010229,신한카드㈜,J,자기자본순이익률(ROE),8.23,신용카드사,C,SC009,수익성
1908,202409,0010229,신한카드㈜,G,총자산경비율,1.53,신용카드사,C,SC009,수익성
1909,202409,0010229,신한카드㈜,H,수지비율,87.79,신용카드사,C,SC009,수익성
1910,202412,0010229,신한카드㈜,A,총자산(평잔),41569943450000,신용카드사,C,SC009,수익성
1911,202412,0010229,신한카드㈜,I,자본(평잔),8026372080000,신용카드사,C,SC009,수익성
1912,202412,0010229,신한카드㈜,B,세전수익,7465356130000,신용카드사,C,SC009,수익성
1913,202412,0010229,신한카드㈜,C,세전비용,6755298980000,신용카드사,C,SC009,수익성
1914,202412,0010229,신한카드㈜,D,총경비,672413060000,신용카드사,C,SC009,수익성
1915,202412,0010229,신한카드㈜,E,당기순이익,523759250000,신용카드사,C,SC009,수익성
1916,202412,0010229,신한카드㈜,F,총자산순이익률(ROA),1.26,신용카드사,C,SC009,수익성
1917,202412,0010229,신한카드㈜,J,자기자본순이익률(ROE),6.53,신용카드사,C,SC009,수익성
1918,202412,0010229,신한카드㈜,G,총자산경비율,1.62,신용카드사,C,SC009,수익성
1919,202412,0010229,신한카드㈜,H,수지비율,90.49,신용카드사,C,SC009,수익성
1920,201703,0013640,하나카드㈜,A,총자산(평잔),6518141000000,신용카드사,C,SC009,수익성
1921,201703,0013640,하나카드㈜,I,자본(평잔),1442335000000,신용카드사,C,SC009,수익성
1922,201703,0013640,하나카드㈜,B,세전수익,1551193000000,신용카드사,C,SC009,수익성
1923,201703,0013640,하나카드㈜,C,세전비용,1414193000000,신용카드사,C,SC009,수익성
1924,201703,0013640,하나카드㈜,D,총경비,277522000000,신용카드사,C,SC009,수익성
1925,201703,0013640,하나카드㈜,E,당기순이익,98218000000,신용카드사,C,SC009,수익성
1926,201703,0013640,하나카드㈜,F,총자산순이익률(ROA),1.51,신용카드사,C,SC009,수익성
1927,201703,0013640,하나카드㈜,J,자기자본순이익률(ROE),6.81,신용카드사,C,SC009,수익성
1928,201703,0013640,하나카드㈜,G,총자산경비율,4.26,신용카드사,C,SC009,수익성
1929,201703,0013640,하나카드㈜,H,수지비율,91.17,신용카드사,C,SC009,수익성
1930,201706,0013640,하나카드㈜,A,총자산(평잔),6619185000000,신용카드사,C,SC009,수익성
1931,201706,0013640,하나카드㈜,I,자본(평잔),1357374000000,신용카드사,C,SC009,수익성
1932,201706,0013640,하나카드㈜,B,세전수익,1545865000000,신용카드사,C,SC009,수익성
1933,201706,0013640,하나카드㈜,C,세전비용,1467136000000,신용카드사,C,SC009,수익성
1934,201706,0013640,하나카드㈜,D,총경비,278094000000,신용카드사,C,SC009,수익성
1935,201706,0013640,하나카드㈜,E,당기순이익,45946000000,신용카드사,C,SC009,수익성
1936,201706,0013640,하나카드㈜,F,총자산순이익률(ROA),.69,신용카드사,C,SC009,수익성
1937,201706,0013640,하나카드㈜,J,자기자본순이익률(ROE),3.38,신용카드사,C,SC009,수익성
1938,201706,0013640,하나카드㈜,G,총자산경비율,4.2,신용카드사,C,SC009,수익성
1939,201706,0013640,하나카드㈜,H,수지비율,94.91,신용카드사,C,SC009,수익성
1940,201709,0013640,하나카드㈜,A,총자산(평잔),6802321000000,신용카드사,C,SC009,수익성
1941,201709,0013640,하나카드㈜,I,자본(평잔),1401038000000,신용카드사,C,SC009,수익성
1942,201709,0013640,하나카드㈜,B,세전수익,1586027000000,신용카드사,C,SC009,수익성
1943,201709,0013640,하나카드㈜,C,세전비용,1496359000000,신용카드사,C,SC009,수익성
1944,201709,0013640,하나카드㈜,D,총경비,284414000000,신용카드사,C,SC009,수익성
1945,201709,0013640,하나카드㈜,E,당기순이익,55675000000,신용카드사,C,SC009,수익성
1946,201709,0013640,하나카드㈜,F,총자산순이익률(ROA),.82,신용카드사,C,SC009,수익성
1947,201709,0013640,하나카드㈜,J,자기자본순이익률(ROE),3.97,신용카드사,C,SC009,수익성
1948,201709,0013640,하나카드㈜,G,총자산경비율,4.18,신용카드사,C,SC009,수익성
1949,201709,0013640,하나카드㈜,H,수지비율,94.35,신용카드사,C,SC009,수익성
1950,201712,0013640,하나카드㈜,A,총자산(평잔),7139332000000,신용카드사,C,SC009,수익성
1951,201712,0013640,하나카드㈜,I,자본(평잔),1547303000000,신용카드사,C,SC009,수익성
1952,201712,0013640,하나카드㈜,B,세전수익,1610979000000,신용카드사,C,SC009,수익성
1953,201712,0013640,하나카드㈜,C,세전비용,1520131000000,신용카드사,C,SC009,수익성
1954,201712,0013640,하나카드㈜,D,총경비,291260000000,신용카드사,C,SC009,수익성
1955,201712,0013640,하나카드㈜,E,당기순이익,56446000000,신용카드사,C,SC009,수익성
1956,201712,0013640,하나카드㈜,F,총자산순이익률(ROA),.79,신용카드사,C,SC009,수익성
1957,201712,0013640,하나카드㈜,J,자기자본순이익률(ROE),3.65,신용카드사,C,SC009,수익성
1958,201712,0013640,하나카드㈜,G,총자산경비율,4.08,신용카드사,C,SC009,수익성
1959,201712,0013640,하나카드㈜,H,수지비율,94.36,신용카드사,C,SC009,수익성
1960,201803,0013640,하나카드㈜,A,총자산(평잔),7386644000000,신용카드사,C,SC009,수익성
1961,201803,0013640,하나카드㈜,I,자본(평잔),1555227000000,신용카드사,C,SC009,수익성
1962,201803,0013640,하나카드㈜,B,세전수익,1608699000000,신용카드사,C,SC009,수익성
1963,201803,0013640,하나카드㈜,C,세전비용,1539359000000,신용카드사,C,SC009,수익성
1964,201803,0013640,하나카드㈜,D,총경비,294140000000,신용카드사,C,SC009,수익성
1965,201803,0013640,하나카드㈜,E,당기순이익,44168000000,신용카드사,C,SC009,수익성
1966,201803,0013640,하나카드㈜,F,총자산순이익률(ROA),.6,신용카드사,C,SC009,수익성
1967,201803,0013640,하나카드㈜,J,자기자본순이익률(ROE),2.84,신용카드사,C,SC009,수익성
1968,201803,0013640,하나카드㈜,G,총자산경비율,3.98,신용카드사,C,SC009,수익성
1969,201803,0013640,하나카드㈜,H,수지비율,95.69,신용카드사,C,SC009,수익성
1970,201806,0013640,하나카드㈜,A,총자산(평잔),7606784000000,신용카드사,C,SC009,수익성
1971,201806,0013640,하나카드㈜,I,자본(평잔),1574987000000,신용카드사,C,SC009,수익성
1972,201806,0013640,하나카드㈜,B,세전수익,1641658000000,신용카드사,C,SC009,수익성
1973,201806,0013640,하나카드㈜,C,세전비용,1525835000000,신용카드사,C,SC009,수익성
1974,201806,0013640,하나카드㈜,D,총경비,294698000000,신용카드사,C,SC009,수익성
1975,201806,0013640,하나카드㈜,E,당기순이익,89075000000,신용카드사,C,SC009,수익성
1976,201806,0013640,하나카드㈜,F,총자산순이익률(ROA),1.17,신용카드사,C,SC009,수익성
1977,201806,0013640,하나카드㈜,J,자기자본순이익률(ROE),5.66,신용카드사,C,SC009,수익성
1978,201806,0013640,하나카드㈜,G,총자산경비율,3.87,신용카드사,C,SC009,수익성
1979,201806,0013640,하나카드㈜,H,수지비율,92.94,신용카드사,C,SC009,수익성
1980,201809,0013640,하나카드㈜,A,총자산(평잔),7742350000000,신용카드사,C,SC009,수익성
1981,201809,0013640,하나카드㈜,I,자본(평잔),1571807000000,신용카드사,C,SC009,수익성
1982,201809,0013640,하나카드㈜,B,세전수익,1661863000000,신용카드사,C,SC009,수익성
1983,201809,0013640,하나카드㈜,C,세전비용,1555290000000,신용카드사,C,SC009,수익성
1984,201809,0013640,하나카드㈜,D,총경비,295099000000,신용카드사,C,SC009,수익성
1985,201809,0013640,하나카드㈜,E,당기순이익,78032000000,신용카드사,C,SC009,수익성
1986,201809,0013640,하나카드㈜,F,총자산순이익률(ROA),1.01,신용카드사,C,SC009,수익성
1987,201809,0013640,하나카드㈜,J,자기자본순이익률(ROE),4.96,신용카드사,C,SC009,수익성
1988,201809,0013640,하나카드㈜,G,총자산경비율,3.81,신용카드사,C,SC009,수익성
1989,201809,0013640,하나카드㈜,H,수지비율,93.59,신용카드사,C,SC009,수익성
1990,201812,0013640,하나카드㈜,A,총자산(평잔),7834388000000,신용카드사,C,SC009,수익성
1991,201812,0013640,하나카드㈜,I,자본(평잔),1584082000000,신용카드사,C,SC009,수익성
1992,201812,0013640,하나카드㈜,B,세전수익,1709326000000,신용카드사,C,SC009,수익성
1993,201812,0013640,하나카드㈜,C,세전비용,1573789000000,신용카드사,C,SC009,수익성
1994,201812,0013640,하나카드㈜,D,총경비,284499000000,신용카드사,C,SC009,수익성
1995,201812,0013640,하나카드㈜,E,당기순이익,101639000000,신용카드사,C,SC009,수익성
1996,201812,0013640,하나카드㈜,F,총자산순이익률(ROA),1.3,신용카드사,C,SC009,수익성
1997,201812,0013640,하나카드㈜,J,자기자본순이익률(ROE),6.42,신용카드사,C,SC009,수익성
1998,201812,0013640,하나카드㈜,G,총자산경비율,3.63,신용카드사,C,SC009,수익성
1999,201812,0013640,하나카드㈜,H,수지비율,92.07,신용카드사,C,SC009,수익성
2000,201903,0013640,하나카드㈜,A,총자산(평잔),7893943000000,신용카드사,C,SC009,수익성
2001,201903,0013640,하나카드㈜,I,자본(평잔),1609927000000,신용카드사,C,SC009,수익성
2002,201903,0013640,하나카드㈜,B,세전수익,1620682000000,신용카드사,C,SC009,수익성
2003,201903,0013640,하나카드㈜,C,세전비용,1504717000000,신용카드사,C,SC009,수익성
2004,201903,0013640,하나카드㈜,D,총경비,288494000000,신용카드사,C,SC009,수익성
2005,201903,0013640,하나카드㈜,E,당기순이익,83895000000,신용카드사,C,SC009,수익성
2006,201903,0013640,하나카드㈜,F,총자산순이익률(ROA),1.06,신용카드사,C,SC009,수익성
2007,201903,0013640,하나카드㈜,J,자기자본순이익률(ROE),5.21,신용카드사,C,SC009,수익성
2008,201903,0013640,하나카드㈜,G,총자산경비율,3.65,신용카드사,C,SC009,수익성
2009,201903,0013640,하나카드㈜,H,수지비율,92.84,신용카드사,C,SC009,수익성
2010,201906,0013640,하나카드㈜,A,총자산(평잔),7883407000000,신용카드사,C,SC009,수익성
2011,201906,0013640,하나카드㈜,I,자본(평잔),1630059000000,신용카드사,C,SC009,수익성
2012,201906,0013640,하나카드㈜,B,세전수익,1521777000000,신용카드사,C,SC009,수익성
2013,201906,0013640,하나카드㈜,C,세전비용,1424255000000,신용카드사,C,SC009,수익성
2014,201906,0013640,하나카드㈜,D,총경비,289818000000,신용카드사,C,SC009,수익성
2015,201906,0013640,하나카드㈜,E,당기순이익,69161000000,신용카드사,C,SC009,수익성
2016,201906,0013640,하나카드㈜,F,총자산순이익률(ROA),.88,신용카드사,C,SC009,수익성
2017,201906,0013640,하나카드㈜,J,자기자본순이익률(ROE),4.24,신용카드사,C,SC009,수익성
2018,201906,0013640,하나카드㈜,G,총자산경비율,3.68,신용카드사,C,SC009,수익성
2019,201906,0013640,하나카드㈜,H,수지비율,93.59,신용카드사,C,SC009,수익성
2020,201909,0013640,하나카드㈜,A,총자산(평잔),7899263000000,신용카드사,C,SC009,수익성
2021,201909,0013640,하나카드㈜,I,자본(평잔),1651696000000,신용카드사,C,SC009,수익성
2022,201909,0013640,하나카드㈜,B,세전수익,1421801000000,신용카드사,C,SC009,수익성
2023,201909,0013640,하나카드㈜,C,세전비용,1329000000000,신용카드사,C,SC009,수익성
2024,201909,0013640,하나카드㈜,D,총경비,288150000000,신용카드사,C,SC009,수익성
2025,201909,0013640,하나카드㈜,E,당기순이익,68723000000,신용카드사,C,SC009,수익성
2026,201909,0013640,하나카드㈜,F,총자산순이익률(ROA),.87,신용카드사,C,SC009,수익성
2027,201909,0013640,하나카드㈜,J,자기자본순이익률(ROE),4.16,신용카드사,C,SC009,수익성
2028,201909,0013640,하나카드㈜,G,총자산경비율,3.65,신용카드사,C,SC009,수익성
2029,201909,0013640,하나카드㈜,H,수지비율,93.47,신용카드사,C,SC009,수익성
2030,201912,0013640,하나카드㈜,A,총자산(평잔),7936239000000,신용카드사,C,SC009,수익성
2031,201912,0013640,하나카드㈜,I,자본(평잔),1654446000000,신용카드사,C,SC009,수익성
2032,201912,0013640,하나카드㈜,B,세전수익,1309412000000,신용카드사,C,SC009,수익성
2033,201912,0013640,하나카드㈜,C,세전비용,1250087000000,신용카드사,C,SC009,수익성
2034,201912,0013640,하나카드㈜,D,총경비,296978000000,신용카드사,C,SC009,수익성
2035,201912,0013640,하나카드㈜,E,당기순이익,41314000000,신용카드사,C,SC009,수익성
2036,201912,0013640,하나카드㈜,F,총자산순이익률(ROA),.52,신용카드사,C,SC009,수익성
2037,201912,0013640,하나카드㈜,J,자기자본순이익률(ROE),2.5,신용카드사,C,SC009,수익성
2038,201912,0013640,하나카드㈜,G,총자산경비율,3.74,신용카드사,C,SC009,수익성
2039,201912,0013640,하나카드㈜,H,수지비율,95.47,신용카드사,C,SC009,수익성
2040,202003,0013640,하나카드㈜,A,총자산(평잔),7984622000000,신용카드사,C,SC009,수익성
2041,202003,0013640,하나카드㈜,I,자본(평잔),1681074000000,신용카드사,C,SC009,수익성
2042,202003,0013640,하나카드㈜,B,세전수익,1305860000000,신용카드사,C,SC009,수익성
2043,202003,0013640,하나카드㈜,C,세전비용,1215186000000,신용카드사,C,SC009,수익성
2044,202003,0013640,하나카드㈜,D,총경비,276870000000,신용카드사,C,SC009,수익성
2045,202003,0013640,하나카드㈜,E,당기순이익,68369000000,신용카드사,C,SC009,수익성
2046,202003,0013640,하나카드㈜,F,총자산순이익률(ROA),.86,신용카드사,C,SC009,수익성
2047,202003,0013640,하나카드㈜,J,자기자본순이익률(ROE),4.07,신용카드사,C,SC009,수익성
2048,202003,0013640,하나카드㈜,G,총자산경비율,3.47,신용카드사,C,SC009,수익성
2049,202003,0013640,하나카드㈜,H,수지비율,93.06,신용카드사,C,SC009,수익성
2050,202006,0013640,하나카드㈜,A,총자산(평잔),8054488000000,신용카드사,C,SC009,수익성
2051,202006,0013640,하나카드㈜,I,자본(평잔),1681074000000,신용카드사,C,SC009,수익성
2052,202006,0013640,하나카드㈜,B,세전수익,1301272000000,신용카드사,C,SC009,수익성
2053,202006,0013640,하나카드㈜,C,세전비용,1173754000000,신용카드사,C,SC009,수익성
2054,202006,0013640,하나카드㈜,D,총경비,257823000000,신용카드사,C,SC009,수익성
2055,202006,0013640,하나카드㈜,E,당기순이익,97353000000,신용카드사,C,SC009,수익성
2056,202006,0013640,하나카드㈜,F,총자산순이익률(ROA),1.21,신용카드사,C,SC009,수익성
2057,202006,0013640,하나카드㈜,J,자기자본순이익률(ROE),5.79,신용카드사,C,SC009,수익성
2058,202006,0013640,하나카드㈜,G,총자산경비율,3.2,신용카드사,C,SC009,수익성
2059,202006,0013640,하나카드㈜,H,수지비율,90.2,신용카드사,C,SC009,수익성
2060,202009,0013640,하나카드㈜,A,총자산(평잔),8160102000000,신용카드사,C,SC009,수익성
2061,202009,0013640,하나카드㈜,I,자본(평잔),1732063000000,신용카드사,C,SC009,수익성
2062,202009,0013640,하나카드㈜,B,세전수익,1300796000000,신용카드사,C,SC009,수익성
2063,202009,0013640,하나카드㈜,C,세전비용,1115924000000,신용카드사,C,SC009,수익성
2064,202009,0013640,하나카드㈜,D,총경비,243966000000,신용카드사,C,SC009,수익성
2065,202009,0013640,하나카드㈜,E,당기순이익,141524000000,신용카드사,C,SC009,수익성
2066,202009,0013640,하나카드㈜,F,총자산순이익률(ROA),1.73,신용카드사,C,SC009,수익성
2067,202009,0013640,하나카드㈜,J,자기자본순이익률(ROE),8.17,신용카드사,C,SC009,수익성
2068,202009,0013640,하나카드㈜,G,총자산경비율,2.99,신용카드사,C,SC009,수익성
2069,202009,0013640,하나카드㈜,H,수지비율,85.79,신용카드사,C,SC009,수익성
2070,202012,0013640,하나카드㈜,A,총자산(평잔),8224007000000,신용카드사,C,SC009,수익성
2071,202012,0013640,하나카드㈜,I,자본(평잔),1771947000000,신용카드사,C,SC009,수익성
2072,202012,0013640,하나카드㈜,B,세전수익,1283459000000,신용카드사,C,SC009,수익성
2073,202012,0013640,하나카드㈜,C,세전비용,1030842000000,신용카드사,C,SC009,수익성
2074,202012,0013640,하나카드㈜,D,총경비,226610000000,신용카드사,C,SC009,수익성
2075,202012,0013640,하나카드㈜,E,당기순이익,196472000000,신용카드사,C,SC009,수익성
2076,202012,0013640,하나카드㈜,F,총자산순이익률(ROA),2.39,신용카드사,C,SC009,수익성
2077,202012,0013640,하나카드㈜,J,자기자본순이익률(ROE),11.09,신용카드사,C,SC009,수익성
2078,202012,0013640,하나카드㈜,G,총자산경비율,2.76,신용카드사,C,SC009,수익성
2079,202012,0013640,하나카드㈜,H,수지비율,80.32,신용카드사,C,SC009,수익성
2080,202103,0013640,하나카드㈜,A,총자산(평잔),8255910000000,신용카드사,C,SC009,수익성
2081,202103,0013640,하나카드㈜,I,자본(평잔),1812580000000,신용카드사,C,SC009,수익성
2082,202103,0013640,하나카드㈜,B,세전수익,1292163000000,신용카드사,C,SC009,수익성
2083,202103,0013640,하나카드㈜,C,세전비용,987699000000,신용카드사,C,SC009,수익성
2084,202103,0013640,하나카드㈜,D,총경비,221209000000,신용카드사,C,SC009,수익성
2085,202103,0013640,하나카드㈜,E,당기순이익,232737000000,신용카드사,C,SC009,수익성
2086,202103,0013640,하나카드㈜,F,총자산순이익률(ROA),2.82,신용카드사,C,SC009,수익성
2087,202103,0013640,하나카드㈜,J,자기자본순이익률(ROE),12.84,신용카드사,C,SC009,수익성
2088,202103,0013640,하나카드㈜,G,총자산경비율,2.68,신용카드사,C,SC009,수익성
2089,202103,0013640,하나카드㈜,H,수지비율,76.44,신용카드사,C,SC009,수익성
2090,202106,0013640,하나카드㈜,A,총자산(평잔),8435063000000,신용카드사,C,SC009,수익성
2091,202106,0013640,하나카드㈜,I,자본(평잔),1864829000000,신용카드사,C,SC009,수익성
2092,202106,0013640,하나카드㈜,B,세전수익,1313967000000,신용카드사,C,SC009,수익성
2093,202106,0013640,하나카드㈜,C,세전비용,973346000000,신용카드사,C,SC009,수익성
2094,202106,0013640,하나카드㈜,D,총경비,220476000000,신용카드사,C,SC009,수익성
2095,202106,0013640,하나카드㈜,E,당기순이익,256989000000,신용카드사,C,SC009,수익성
2096,202106,0013640,하나카드㈜,F,총자산순이익률(ROA),3.05,신용카드사,C,SC009,수익성
2097,202106,0013640,하나카드㈜,J,자기자본순이익률(ROE),13.78,신용카드사,C,SC009,수익성
2098,202106,0013640,하나카드㈜,G,총자산경비율,2.61,신용카드사,C,SC009,수익성
2099,202106,0013640,하나카드㈜,H,수지비율,74.08,신용카드사,C,SC009,수익성
2100,202109,0013640,하나카드㈜,A,총자산(평잔),8597957000000,신용카드사,C,SC009,수익성
2101,202109,0013640,하나카드㈜,I,자본(평잔),1931129000000,신용카드사,C,SC009,수익성
2102,202109,0013640,하나카드㈜,B,세전수익,1306877000000,신용카드사,C,SC009,수익성
2103,202109,0013640,하나카드㈜,C,세전비용,968760000000,신용카드사,C,SC009,수익성
2104,202109,0013640,하나카드㈜,D,총경비,218682000000,신용카드사,C,SC009,수익성
2105,202109,0013640,하나카드㈜,E,당기순이익,252163000000,신용카드사,C,SC009,수익성
2106,202109,0013640,하나카드㈜,F,총자산순이익률(ROA),2.93,신용카드사,C,SC009,수익성
2107,202109,0013640,하나카드㈜,J,자기자본순이익률(ROE),13.06,신용카드사,C,SC009,수익성
2108,202109,0013640,하나카드㈜,G,총자산경비율,2.54,신용카드사,C,SC009,수익성
2109,202109,0013640,하나카드㈜,H,수지비율,74.13,신용카드사,C,SC009,수익성
2110,202112,0013640,하나카드㈜,A,총자산(평잔),8886957000000,신용카드사,C,SC009,수익성
2111,202112,0013640,하나카드㈜,I,자본(평잔),1992624000000,신용카드사,C,SC009,수익성
2112,202112,0013640,하나카드㈜,B,세전수익,1325504000000,신용카드사,C,SC009,수익성
2113,202112,0013640,하나카드㈜,C,세전비용,995562000000,신용카드사,C,SC009,수익성
2114,202112,0013640,하나카드㈜,D,총경비,221589000000,신용카드사,C,SC009,수익성
2115,202112,0013640,하나카드㈜,E,당기순이익,238204000000,신용카드사,C,SC009,수익성
2116,202112,0013640,하나카드㈜,F,총자산순이익률(ROA),2.68,신용카드사,C,SC009,수익성
2117,202112,0013640,하나카드㈜,J,자기자본순이익률(ROE),11.95,신용카드사,C,SC009,수익성
2118,202112,0013640,하나카드㈜,G,총자산경비율,2.49,신용카드사,C,SC009,수익성
2119,202112,0013640,하나카드㈜,H,수지비율,75.11,신용카드사,C,SC009,수익성
2120,202203,0013640,하나카드㈜,A,총자산(평잔),9183554000000,신용카드사,C,SC009,수익성
2121,202203,0013640,하나카드㈜,I,자본(평잔),2040405000000,신용카드사,C,SC009,수익성
2122,202203,0013640,하나카드㈜,B,세전수익,1326655000000,신용카드사,C,SC009,수익성
2123,202203,0013640,하나카드㈜,C,세전비용,1032765000000,신용카드사,C,SC009,수익성
2124,202203,0013640,하나카드㈜,D,총경비,243231000000,신용카드사,C,SC009,수익성
2125,202203,0013640,하나카드㈜,E,당기순이익,210241000000,신용카드사,C,SC009,수익성
2126,202203,0013640,하나카드㈜,F,총자산순이익률(ROA),2.29,신용카드사,C,SC009,수익성
2127,202203,0013640,하나카드㈜,J,자기자본순이익률(ROE),10.3,신용카드사,C,SC009,수익성
2128,202203,0013640,하나카드㈜,G,총자산경비율,2.65,신용카드사,C,SC009,수익성
2129,202203,0013640,하나카드㈜,H,수지비율,77.85,신용카드사,C,SC009,수익성
2130,202206,0013640,하나카드㈜,A,총자산(평잔),9479713000000,신용카드사,C,SC009,수익성
2131,202206,0013640,하나카드㈜,I,자본(평잔),2079562000000,신용카드사,C,SC009,수익성
2132,202206,0013640,하나카드㈜,B,세전수익,1345721000000,신용카드사,C,SC009,수익성
2133,202206,0013640,하나카드㈜,C,세전비용,1052853000000,신용카드사,C,SC009,수익성
2134,202206,0013640,하나카드㈜,D,총경비,244538000000,신용카드사,C,SC009,수익성
2135,202206,0013640,하나카드㈜,E,당기순이익,212880000000,신용카드사,C,SC009,수익성
2136,202206,0013640,하나카드㈜,F,총자산순이익률(ROA),2.25,신용카드사,C,SC009,수익성
2137,202206,0013640,하나카드㈜,J,자기자본순이익률(ROE),10.24,신용카드사,C,SC009,수익성
2138,202206,0013640,하나카드㈜,G,총자산경비율,2.58,신용카드사,C,SC009,수익성
2139,202206,0013640,하나카드㈜,H,수지비율,78.24,신용카드사,C,SC009,수익성
2140,202209,0013640,하나카드㈜,A,총자산(평잔),9817641000000,신용카드사,C,SC009,수익성
2141,202209,0013640,하나카드㈜,I,자본(평잔),2122024000000,신용카드사,C,SC009,수익성
2142,202209,0013640,하나카드㈜,B,세전수익,1383111000000,신용카드사,C,SC009,수익성
2143,202209,0013640,하나카드㈜,C,세전비용,1146945000000,신용카드사,C,SC009,수익성
2144,202209,0013640,하나카드㈜,D,총경비,242316000000,신용카드사,C,SC009,수익성
2145,202209,0013640,하나카드㈜,E,당기순이익,161492000000,신용카드사,C,SC009,수익성
2146,202209,0013640,하나카드㈜,F,총자산순이익률(ROA),1.64,신용카드사,C,SC009,수익성
2147,202209,0013640,하나카드㈜,J,자기자본순이익률(ROE),7.61,신용카드사,C,SC009,수익성
2148,202209,0013640,하나카드㈜,G,총자산경비율,2.47,신용카드사,C,SC009,수익성
2149,202209,0013640,하나카드㈜,H,수지비율,82.93,신용카드사,C,SC009,수익성
2150,202212,0013640,하나카드㈜,A,총자산(평잔),10382994000000,신용카드사,C,SC009,수익성
2151,202212,0013640,하나카드㈜,I,자본(평잔),2163416000000,신용카드사,C,SC009,수익성
2152,202212,0013640,하나카드㈜,B,세전수익,1449728000000,신용카드사,C,SC009,수익성
2153,202212,0013640,하나카드㈜,C,세전비용,1267805000000,신용카드사,C,SC009,수익성
2154,202212,0013640,하나카드㈜,D,총경비,246238000000,신용카드사,C,SC009,수익성
2155,202212,0013640,하나카드㈜,E,당기순이익,127891000000,신용카드사,C,SC009,수익성
2156,202212,0013640,하나카드㈜,F,총자산순이익률(ROA),1.23,신용카드사,C,SC009,수익성
2157,202212,0013640,하나카드㈜,J,자기자본순이익률(ROE),5.91,신용카드사,C,SC009,수익성
2158,202212,0013640,하나카드㈜,G,총자산경비율,2.37,신용카드사,C,SC009,수익성
2159,202212,0013640,하나카드㈜,H,수지비율,87.45,신용카드사,C,SC009,수익성
2160,202303,0013640,하나카드㈜,A,총자산(평잔),11163828000000,신용카드사,C,SC009,수익성
2161,202303,0013640,하나카드㈜,I,자본(평잔),2208338000000,신용카드사,C,SC009,수익성
2162,202303,0013640,하나카드㈜,B,세전수익,1556237000000,신용카드사,C,SC009,수익성
2163,202303,0013640,하나카드㈜,C,세전비용,1374892000000,신용카드사,C,SC009,수익성
2164,202303,0013640,하나카드㈜,D,총경비,236938000000,신용카드사,C,SC009,수익성
2165,202303,0013640,하나카드㈜,E,당기순이익,141393000000,신용카드사,C,SC009,수익성
2166,202303,0013640,하나카드㈜,F,총자산순이익률(ROA),1.27,신용카드사,C,SC009,수익성
2167,202303,0013640,하나카드㈜,J,자기자본순이익률(ROE),6.4,신용카드사,C,SC009,수익성
2168,202303,0013640,하나카드㈜,G,총자산경비율,2.12,신용카드사,C,SC009,수익성
2169,202303,0013640,하나카드㈜,H,수지비율,88.35,신용카드사,C,SC009,수익성
2170,202306,0013640,하나카드㈜,A,총자산(평잔),11859501000000,신용카드사,C,SC009,수익성
2171,202306,0013640,하나카드㈜,I,자본(평잔),2163416000000,신용카드사,C,SC009,수익성
2172,202306,0013640,하나카드㈜,B,세전수익,1682392000000,신용카드사,C,SC009,수익성
2173,202306,0013640,하나카드㈜,C,세전비용,1546214000000,신용카드사,C,SC009,수익성
2174,202306,0013640,하나카드㈜,D,총경비,243062000000,신용카드사,C,SC009,수익성
2175,202306,0013640,하나카드㈜,E,당기순이익,101168000000,신용카드사,C,SC009,수익성
2176,202306,0013640,하나카드㈜,F,총자산순이익률(ROA),.85,신용카드사,C,SC009,수익성
2177,202306,0013640,하나카드㈜,J,자기자본순이익률(ROE),4.68,신용카드사,C,SC009,수익성
2178,202306,0013640,하나카드㈜,G,총자산경비율,2.05,신용카드사,C,SC009,수익성
2179,202306,0013640,하나카드㈜,H,수지비율,91.91,신용카드사,C,SC009,수익성
2180,202309,0013640,하나카드㈜,A,총자산(평잔),12463497000000,신용카드사,C,SC009,수익성
2181,202309,0013640,하나카드㈜,I,자본(평잔),2241001000000,신용카드사,C,SC009,수익성
2182,202309,0013640,하나카드㈜,B,세전수익,1816842000000,신용카드사,C,SC009,수익성
2183,202309,0013640,하나카드㈜,C,세전비용,1653223000000,신용카드사,C,SC009,수익성
2184,202309,0013640,하나카드㈜,D,총경비,248679000000,신용카드사,C,SC009,수익성
2185,202309,0013640,하나카드㈜,E,당기순이익,130515000000,신용카드사,C,SC009,수익성
2186,202309,0013640,하나카드㈜,F,총자산순이익률(ROA),1.05,신용카드사,C,SC009,수익성
2187,202309,0013640,하나카드㈜,J,자기자본순이익률(ROE),5.82,신용카드사,C,SC009,수익성
2188,202309,0013640,하나카드㈜,G,총자산경비율,2,신용카드사,C,SC009,수익성
2189,202309,0013640,하나카드㈜,H,수지비율,90.99,신용카드사,C,SC009,수익성
2190,202312,0013640,하나카드㈜,A,총자산(평잔),12855451000000,신용카드사,C,SC009,수익성
2191,202312,0013640,하나카드㈜,I,자본(평잔),2270459000000,신용카드사,C,SC009,수익성
2192,202312,0013640,하나카드㈜,B,세전수익,1912772000000,신용카드사,C,SC009,수익성
2193,202312,0013640,하나카드㈜,C,세전비용,1704311000000,신용카드사,C,SC009,수익성
2194,202312,0013640,하나카드㈜,D,총경비,241739000000,신용카드사,C,SC009,수익성
2195,202312,0013640,하나카드㈜,E,당기순이익,160900000000,신용카드사,C,SC009,수익성
2196,202312,0013640,하나카드㈜,F,총자산순이익률(ROA),1.25,신용카드사,C,SC009,수익성
2197,202312,0013640,하나카드㈜,J,자기자본순이익률(ROE),7.09,신용카드사,C,SC009,수익성
2198,202312,0013640,하나카드㈜,G,총자산경비율,1.88,신용카드사,C,SC009,수익성
2199,202312,0013640,하나카드㈜,H,수지비율,89.1,신용카드사,C,SC009,수익성
2200,202403,0013640,하나카드㈜,A,총자산(평잔),13025755000000,신용카드사,C,SC009,수익성
2201,202403,0013640,하나카드㈜,I,자본(평잔),2310500000000,신용카드사,C,SC009,수익성
2202,202403,0013640,하나카드㈜,B,세전수익,1985751000000,신용카드사,C,SC009,수익성
2203,202403,0013640,하나카드㈜,C,세전비용,1781911000000,신용카드사,C,SC009,수익성
2204,202403,0013640,하나카드㈜,D,총경비,251751000000,신용카드사,C,SC009,수익성
2205,202403,0013640,하나카드㈜,E,당기순이익,141164000000,신용카드사,C,SC009,수익성
2206,202403,0013640,하나카드㈜,F,총자산순이익률(ROA),1.08,신용카드사,C,SC009,수익성
2207,202403,0013640,하나카드㈜,J,자기자본순이익률(ROE),6.11,신용카드사,C,SC009,수익성
2208,202403,0013640,하나카드㈜,G,총자산경비율,1.93,신용카드사,C,SC009,수익성
2209,202403,0013640,하나카드㈜,H,수지비율,89.73,신용카드사,C,SC009,수익성
2210,202406,0013640,하나카드㈜,A,총자산(평잔),13104016000000,신용카드사,C,SC009,수익성
2211,202406,0013640,하나카드㈜,I,자본(평잔),2439460000000,신용카드사,C,SC009,수익성
2212,202406,0013640,하나카드㈜,B,세전수익,2025138000000,신용카드사,C,SC009,수익성
2213,202406,0013640,하나카드㈜,C,세전비용,1798642000000,신용카드사,C,SC009,수익성
2214,202406,0013640,하나카드㈜,D,총경비,254906000000,신용카드사,C,SC009,수익성
2215,202406,0013640,하나카드㈜,E,당기순이익,157882000000,신용카드사,C,SC009,수익성
2216,202406,0013640,하나카드㈜,F,총자산순이익률(ROA),1.2,신용카드사,C,SC009,수익성
2217,202406,0013640,하나카드㈜,J,자기자본순이익률(ROE),6.47,신용카드사,C,SC009,수익성
2218,202406,0013640,하나카드㈜,G,총자산경비율,1.95,신용카드사,C,SC009,수익성
2219,202406,0013640,하나카드㈜,H,수지비율,88.82,신용카드사,C,SC009,수익성
2220,202409,0013640,하나카드㈜,A,총자산(평잔),13199945000000,신용카드사,C,SC009,수익성
2221,202409,0013640,하나카드㈜,I,자본(평잔),2432108000000,신용카드사,C,SC009,수익성
2222,202409,0013640,하나카드㈜,B,세전수익,2059304000000,신용카드사,C,SC009,수익성
2223,202409,0013640,하나카드㈜,C,세전비용,1795072000000,신용카드사,C,SC009,수익성
2224,202409,0013640,하나카드㈜,D,총경비,258755000000,신용카드사,C,SC009,수익성
2225,202409,0013640,하나카드㈜,E,당기순이익,193637000000,신용카드사,C,SC009,수익성
2226,202409,0013640,하나카드㈜,F,총자산순이익률(ROA),1.47,신용카드사,C,SC009,수익성
2227,202409,0013640,하나카드㈜,J,자기자본순이익률(ROE),7.96,신용카드사,C,SC009,수익성
2228,202409,0013640,하나카드㈜,G,총자산경비율,1.96,신용카드사,C,SC009,수익성
2229,202409,0013640,하나카드㈜,H,수지비율,87.17,신용카드사,C,SC009,수익성
2230,202412,0013640,하나카드㈜,A,총자산(평잔),13234635000000,신용카드사,C,SC009,수익성
2231,202412,0013640,하나카드㈜,I,자본(평잔),2496952000000,신용카드사,C,SC009,수익성
2232,202412,0013640,하나카드㈜,B,세전수익,2086445000000,신용카드사,C,SC009,수익성
2233,202412,0013640,하나카드㈜,C,세전비용,1836124000000,신용카드사,C,SC009,수익성
2234,202412,0013640,하나카드㈜,D,총경비,261859000000,신용카드사,C,SC009,수익성
2235,202412,0013640,하나카드㈜,E,당기순이익,183223000000,신용카드사,C,SC009,수익성
2236,202412,0013640,하나카드㈜,F,총자산순이익률(ROA),1.38,신용카드사,C,SC009,수익성
2237,202412,0013640,하나카드㈜,J,자기자본순이익률(ROE),7.34,신용카드사,C,SC009,수익성
2238,202412,0013640,하나카드㈜,G,총자산경비율,1.98,신용카드사,C,SC009,수익성
2239,202412,0013640,하나카드㈜,H,수지비율,88,신용카드사,C,SC009,수익성
2240,201703,0010225,현대카드㈜,A,총자산(평잔),13435892000000,신용카드사,C,SC009,수익성
2241,201703,0010225,현대카드㈜,I,자본(평잔),2659568000000,신용카드사,C,SC009,수익성
2242,201703,0010225,현대카드㈜,B,세전수익,2749986000000,신용카드사,C,SC009,수익성
2243,201703,0010225,현대카드㈜,C,세전비용,2506530000000,신용카드사,C,SC009,수익성
2244,201703,0010225,현대카드㈜,D,총경비,653242000000,신용카드사,C,SC009,수익성
2245,201703,0010225,현대카드㈜,E,당기순이익,186280000000,신용카드사,C,SC009,수익성
2246,201703,0010225,현대카드㈜,F,총자산순이익률(ROA),1.39,신용카드사,C,SC009,수익성
2247,201703,0010225,현대카드㈜,J,자기자본순이익률(ROE),7,신용카드사,C,SC009,수익성
2248,201703,0010225,현대카드㈜,G,총자산경비율,4.86,신용카드사,C,SC009,수익성
2249,201703,0010225,현대카드㈜,H,수지비율,91.15,신용카드사,C,SC009,수익성
2250,201706,0010225,현대카드㈜,A,총자산(평잔),13579867000000,신용카드사,C,SC009,수익성
2251,201706,0010225,현대카드㈜,I,자본(평잔),2716394000000,신용카드사,C,SC009,수익성
2252,201706,0010225,현대카드㈜,B,세전수익,2820420000000,신용카드사,C,SC009,수익성
2253,201706,0010225,현대카드㈜,C,세전비용,2611329000000,신용카드사,C,SC009,수익성
2254,201706,0010225,현대카드㈜,D,총경비,655893000000,신용카드사,C,SC009,수익성
2255,201706,0010225,현대카드㈜,E,당기순이익,138769000000,신용카드사,C,SC009,수익성
2256,201706,0010225,현대카드㈜,F,총자산순이익률(ROA),1.02,신용카드사,C,SC009,수익성
2257,201706,0010225,현대카드㈜,J,자기자본순이익률(ROE),5.11,신용카드사,C,SC009,수익성
2258,201706,0010225,현대카드㈜,G,총자산경비율,4.83,신용카드사,C,SC009,수익성
2259,201706,0010225,현대카드㈜,H,수지비율,92.59,신용카드사,C,SC009,수익성
2260,201709,0010225,현대카드㈜,A,총자산(평잔),13857667000000,신용카드사,C,SC009,수익성
2261,201709,0010225,현대카드㈜,I,자본(평잔),2772173000000,신용카드사,C,SC009,수익성
2262,201709,0010225,현대카드㈜,B,세전수익,2842353000000,신용카드사,C,SC009,수익성
2263,201709,0010225,현대카드㈜,C,세전비용,2647963000000,신용카드사,C,SC009,수익성
2264,201709,0010225,현대카드㈜,D,총경비,667959000000,신용카드사,C,SC009,수익성
2265,201709,0010225,현대카드㈜,E,당기순이익,182394000000,신용카드사,C,SC009,수익성
2266,201709,0010225,현대카드㈜,F,총자산순이익률(ROA),1.32,신용카드사,C,SC009,수익성
2267,201709,0010225,현대카드㈜,J,자기자본순이익률(ROE),6.58,신용카드사,C,SC009,수익성
2268,201709,0010225,현대카드㈜,G,총자산경비율,4.82,신용카드사,C,SC009,수익성
2269,201709,0010225,현대카드㈜,H,수지비율,93.16,신용카드사,C,SC009,수익성
2270,201712,0010225,현대카드㈜,A,총자산(평잔),14031657000000,신용카드사,C,SC009,수익성
2271,201712,0010225,현대카드㈜,I,자본(평잔),2819876000000,신용카드사,C,SC009,수익성
2272,201712,0010225,현대카드㈜,B,세전수익,2866505000000,신용카드사,C,SC009,수익성
2273,201712,0010225,현대카드㈜,C,세전비용,2712681000000,신용카드사,C,SC009,수익성
2274,201712,0010225,현대카드㈜,D,총경비,683961000000,신용카드사,C,SC009,수익성
2275,201712,0010225,현대카드㈜,E,당기순이익,153825000000,신용카드사,C,SC009,수익성
2276,201712,0010225,현대카드㈜,F,총자산순이익률(ROA),1.1,신용카드사,C,SC009,수익성
2277,201712,0010225,현대카드㈜,J,자기자본순이익률(ROE),5.46,신용카드사,C,SC009,수익성
2278,201712,0010225,현대카드㈜,G,총자산경비율,4.87,신용카드사,C,SC009,수익성
2279,201712,0010225,현대카드㈜,H,수지비율,94.63,신용카드사,C,SC009,수익성
2280,201803,0010225,현대카드㈜,A,총자산(평잔),14343318280000,신용카드사,C,SC009,수익성
2281,201803,0010225,현대카드㈜,I,자본(평잔),2833429450000,신용카드사,C,SC009,수익성
2282,201803,0010225,현대카드㈜,B,세전수익,2889199370000,신용카드사,C,SC009,수익성
2283,201803,0010225,현대카드㈜,C,세전비용,2732994430000,신용카드사,C,SC009,수익성
2284,201803,0010225,현대카드㈜,D,총경비,699160820000,신용카드사,C,SC009,수익성
2285,201803,0010225,현대카드㈜,E,당기순이익,209871050000,신용카드사,C,SC009,수익성
2286,201803,0010225,현대카드㈜,F,총자산순이익률(ROA),1.46,신용카드사,C,SC009,수익성
2287,201803,0010225,현대카드㈜,J,자기자본순이익률(ROE),7.41,신용카드사,C,SC009,수익성
2288,201803,0010225,현대카드㈜,G,총자산경비율,4.87,신용카드사,C,SC009,수익성
2289,201803,0010225,현대카드㈜,H,수지비율,94.59,신용카드사,C,SC009,수익성
2290,201806,0010225,현대카드㈜,A,총자산(평잔),14597988200000,신용카드사,C,SC009,수익성
2291,201806,0010225,현대카드㈜,I,자본(평잔),2926763810000,신용카드사,C,SC009,수익성
2292,201806,0010225,현대카드㈜,B,세전수익,2974426090000,신용카드사,C,SC009,수익성
2293,201806,0010225,현대카드㈜,C,세전비용,2756236690000,신용카드사,C,SC009,수익성
2294,201806,0010225,현대카드㈜,D,총경비,703318900000,신용카드사,C,SC009,수익성
2295,201806,0010225,현대카드㈜,E,당기순이익,237312200000,신용카드사,C,SC009,수익성
2296,201806,0010225,현대카드㈜,F,총자산순이익률(ROA),1.63,신용카드사,C,SC009,수익성
2297,201806,0010225,현대카드㈜,J,자기자본순이익률(ROE),8.11,신용카드사,C,SC009,수익성
2298,201806,0010225,현대카드㈜,G,총자산경비율,4.82,신용카드사,C,SC009,수익성
2299,201806,0010225,현대카드㈜,H,수지비율,92.66,신용카드사,C,SC009,수익성
2300,201809,0010225,현대카드㈜,A,총자산(평잔),14824239000000,신용카드사,C,SC009,수익성
2301,201809,0010225,현대카드㈜,I,자본(평잔),2993136000000,신용카드사,C,SC009,수익성
2302,201809,0010225,현대카드㈜,B,세전수익,2902083000000,신용카드사,C,SC009,수익성
2303,201809,0010225,현대카드㈜,C,세전비용,2841096000000,신용카드사,C,SC009,수익성
2304,201809,0010225,현대카드㈜,D,총경비,716132000000,신용카드사,C,SC009,수익성
2305,201809,0010225,현대카드㈜,E,당기순이익,44945000000,신용카드사,C,SC009,수익성
2306,201809,0010225,현대카드㈜,F,총자산순이익률(ROA),.3,신용카드사,C,SC009,수익성
2307,201809,0010225,현대카드㈜,J,자기자본순이익률(ROE),1.5,신용카드사,C,SC009,수익성
2308,201809,0010225,현대카드㈜,G,총자산경비율,4.83,신용카드사,C,SC009,수익성
2309,201809,0010225,현대카드㈜,H,수지비율,97.9,신용카드사,C,SC009,수익성
2310,201812,0010225,현대카드㈜,A,총자산(평잔),15037121930000,신용카드사,C,SC009,수익성
2311,201812,0010225,현대카드㈜,I,자본(평잔),3073342090000,신용카드사,C,SC009,수익성
2312,201812,0010225,현대카드㈜,B,세전수익,2940007210000,신용카드사,C,SC009,수익성
2313,201812,0010225,현대카드㈜,C,세전비용,2775176630000,신용카드사,C,SC009,수익성
2314,201812,0010225,현대카드㈜,D,총경비,714383240000,신용카드사,C,SC009,수익성
2315,201812,0010225,현대카드㈜,E,당기순이익,114023850000,신용카드사,C,SC009,수익성
2316,201812,0010225,현대카드㈜,F,총자산순이익률(ROA),.76,신용카드사,C,SC009,수익성
2317,201812,0010225,현대카드㈜,J,자기자본순이익률(ROE),3.71,신용카드사,C,SC009,수익성
2318,201812,0010225,현대카드㈜,G,총자산경비율,4.75,신용카드사,C,SC009,수익성
2319,201812,0010225,현대카드㈜,H,수지비율,94.39,신용카드사,C,SC009,수익성
2320,201903,0010225,현대카드㈜,A,총자산(평잔),15590560090000,신용카드사,C,SC009,수익성
2321,201903,0010225,현대카드㈜,I,자본(평잔),3289161000000,신용카드사,C,SC009,수익성
2322,201903,0010225,현대카드㈜,B,세전수익,588202610000,신용카드사,C,SC009,수익성
2323,201903,0010225,현대카드㈜,C,세전비용,540914770000,신용카드사,C,SC009,수익성
2324,201903,0010225,현대카드㈜,D,총경비,695525620000,신용카드사,C,SC009,수익성
2325,201903,0010225,현대카드㈜,E,당기순이익,158310760000,신용카드사,C,SC009,수익성
2326,201903,0010225,현대카드㈜,F,총자산순이익률(ROA),1.02,신용카드사,C,SC009,수익성
2327,201903,0010225,현대카드㈜,J,자기자본순이익률(ROE),4.81,신용카드사,C,SC009,수익성
2328,201903,0010225,현대카드㈜,G,총자산경비율,4.46,신용카드사,C,SC009,수익성
2329,201903,0010225,현대카드㈜,H,수지비율,91.96,신용카드사,C,SC009,수익성
2330,201906,0010225,현대카드㈜,A,총자산(평잔),15523161450000,신용카드사,C,SC009,수익성
2331,201906,0010225,현대카드㈜,I,자본(평잔),3304546520000,신용카드사,C,SC009,수익성
2332,201906,0010225,현대카드㈜,B,세전수익,2665212090000,신용카드사,C,SC009,수익성
2333,201906,0010225,현대카드㈜,C,세전비용,2434180910000,신용카드사,C,SC009,수익성
2334,201906,0010225,현대카드㈜,D,총경비,676032760000,신용카드사,C,SC009,수익성
2335,201906,0010225,현대카드㈜,E,당기순이익,169662400000,신용카드사,C,SC009,수익성
2336,201906,0010225,현대카드㈜,F,총자산순이익률(ROA),1.09,신용카드사,C,SC009,수익성
2337,201906,0010225,현대카드㈜,J,자기자본순이익률(ROE),5.13,신용카드사,C,SC009,수익성
2338,201906,0010225,현대카드㈜,G,총자산경비율,4.35,신용카드사,C,SC009,수익성
2339,201906,0010225,현대카드㈜,H,수지비율,91.33,신용카드사,C,SC009,수익성
2340,201909,0010225,현대카드㈜,A,총자산(평잔),15286707590000,신용카드사,C,SC009,수익성
2341,201909,0010225,현대카드㈜,I,자본(평잔),3250689150000,신용카드사,C,SC009,수익성
2342,201909,0010225,현대카드㈜,B,세전수익,2467915170000,신용카드사,C,SC009,수익성
2343,201909,0010225,현대카드㈜,C,세전비용,2226720680000,신용카드사,C,SC009,수익성
2344,201909,0010225,현대카드㈜,D,총경비,655737510000,신용카드사,C,SC009,수익성
2345,201909,0010225,현대카드㈜,E,당기순이익,175064500000,신용카드사,C,SC009,수익성
2346,201909,0010225,현대카드㈜,F,총자산순이익률(ROA),1.15,신용카드사,C,SC009,수익성
2347,201909,0010225,현대카드㈜,J,자기자본순이익률(ROE),5.39,신용카드사,C,SC009,수익성
2348,201909,0010225,현대카드㈜,G,총자산경비율,4.29,신용카드사,C,SC009,수익성
2349,201909,0010225,현대카드㈜,H,수지비율,90.23,신용카드사,C,SC009,수익성
2350,201912,0010225,현대카드㈜,A,총자산(평잔),15590886000000,신용카드사,C,SC009,수익성
2351,201912,0010225,현대카드㈜,I,자본(평잔),3279355000000,신용카드사,C,SC009,수익성
2352,201912,0010225,현대카드㈜,B,세전수익,2293723000000,신용카드사,C,SC009,수익성
2353,201912,0010225,현대카드㈜,C,세전비용,2101555000000,신용카드사,C,SC009,수익성
2354,201912,0010225,현대카드㈜,D,총경비,645777000000,신용카드사,C,SC009,수익성
2355,201912,0010225,현대카드㈜,E,당기순이익,139586000000,신용카드사,C,SC009,수익성
2356,201912,0010225,현대카드㈜,F,총자산순이익률(ROA),.9,신용카드사,C,SC009,수익성
2357,201912,0010225,현대카드㈜,J,자기자본순이익률(ROE),4.26,신용카드사,C,SC009,수익성
2358,201912,0010225,현대카드㈜,G,총자산경비율,4.14,신용카드사,C,SC009,수익성
2359,201912,0010225,현대카드㈜,H,수지비율,91.62,신용카드사,C,SC009,수익성
2360,202003,0010225,현대카드㈜,A,총자산(평잔),15956096000000,신용카드사,C,SC009,수익성
2361,202003,0010225,현대카드㈜,I,자본(평잔),3279355000000,신용카드사,C,SC009,수익성
2362,202003,0010225,현대카드㈜,B,세전수익,2285301000000,신용카드사,C,SC009,수익성
2363,202003,0010225,현대카드㈜,C,세전비용,2120940000000,신용카드사,C,SC009,수익성
2364,202003,0010225,현대카드㈜,D,총경비,640351000000,신용카드사,C,SC009,수익성
2365,202003,0010225,현대카드㈜,E,당기순이익,105174000000,신용카드사,C,SC009,수익성
2366,202003,0010225,현대카드㈜,F,총자산순이익률(ROA),.66,신용카드사,C,SC009,수익성
2367,202003,0010225,현대카드㈜,J,자기자본순이익률(ROE),3.21,신용카드사,C,SC009,수익성
2368,202003,0010225,현대카드㈜,G,총자산경비율,4.01,신용카드사,C,SC009,수익성
2369,202003,0010225,현대카드㈜,H,수지비율,92.81,신용카드사,C,SC009,수익성
2370,202006,0010225,현대카드㈜,A,총자산(평잔),16448744000000,신용카드사,C,SC009,수익성
2371,202006,0010225,현대카드㈜,I,자본(평잔),3319075000000,신용카드사,C,SC009,수익성
2372,202006,0010225,현대카드㈜,B,세전수익,2285291000000,신용카드사,C,SC009,수익성
2373,202006,0010225,현대카드㈜,C,세전비용,2061630000000,신용카드사,C,SC009,수익성
2374,202006,0010225,현대카드㈜,D,총경비,646131000000,신용카드사,C,SC009,수익성
2375,202006,0010225,현대카드㈜,E,당기순이익,155338000000,신용카드사,C,SC009,수익성
2376,202006,0010225,현대카드㈜,F,총자산순이익률(ROA),.94,신용카드사,C,SC009,수익성
2377,202006,0010225,현대카드㈜,J,자기자본순이익률(ROE),4.68,신용카드사,C,SC009,수익성
2378,202006,0010225,현대카드㈜,G,총자산경비율,3.93,신용카드사,C,SC009,수익성
2379,202006,0010225,현대카드㈜,H,수지비율,90.21,신용카드사,C,SC009,수익성
2380,202009,0010225,현대카드㈜,A,총자산(평잔),16916510000000,신용카드사,C,SC009,수익성
2381,202009,0010225,현대카드㈜,I,자본(평잔),3353366000000,신용카드사,C,SC009,수익성
2382,202009,0010225,현대카드㈜,B,세전수익,2318153000000,신용카드사,C,SC009,수익성
2383,202009,0010225,현대카드㈜,C,세전비용,2089035000000,신용카드사,C,SC009,수익성
2384,202009,0010225,현대카드㈜,D,총경비,648600000000,신용카드사,C,SC009,수익성
2385,202009,0010225,현대카드㈜,E,당기순이익,158508000000,신용카드사,C,SC009,수익성
2386,202009,0010225,현대카드㈜,F,총자산순이익률(ROA),.94,신용카드사,C,SC009,수익성
2387,202009,0010225,현대카드㈜,J,자기자본순이익률(ROE),4.73,신용카드사,C,SC009,수익성
2388,202009,0010225,현대카드㈜,G,총자산경비율,3.83,신용카드사,C,SC009,수익성
2389,202009,0010225,현대카드㈜,H,수지비율,90.12,신용카드사,C,SC009,수익성
2390,202012,0010225,현대카드㈜,A,총자산(평잔),17687201000000,신용카드사,C,SC009,수익성
2391,202012,0010225,현대카드㈜,I,자본(평잔),3392084000000,신용카드사,C,SC009,수익성
2392,202012,0010225,현대카드㈜,B,세전수익,2340694000000,신용카드사,C,SC009,수익성
2393,202012,0010225,현대카드㈜,C,세전비용,2083899000000,신용카드사,C,SC009,수익성
2394,202012,0010225,현대카드㈜,D,총경비,654067000000,신용카드사,C,SC009,수익성
2395,202012,0010225,현대카드㈜,E,당기순이익,172315000000,신용카드사,C,SC009,수익성
2396,202012,0010225,현대카드㈜,F,총자산순이익률(ROA),.97,신용카드사,C,SC009,수익성
2397,202012,0010225,현대카드㈜,J,자기자본순이익률(ROE),5.08,신용카드사,C,SC009,수익성
2398,202012,0010225,현대카드㈜,G,총자산경비율,3.7,신용카드사,C,SC009,수익성
2399,202012,0010225,현대카드㈜,H,수지비율,89.03,신용카드사,C,SC009,수익성
2400,202103,0010225,현대카드㈜,A,총자산(평잔),18263370400000,신용카드사,C,SC009,수익성
2401,202103,0010225,현대카드㈜,I,자본(평잔),3426038760000,신용카드사,C,SC009,수익성
2402,202103,0010225,현대카드㈜,B,세전수익,2376339340000,신용카드사,C,SC009,수익성
2403,202103,0010225,현대카드㈜,C,세전비용,2130914370000,신용카드사,C,SC009,수익성
2404,202103,0010225,현대카드㈜,D,총경비,661059330000,신용카드사,C,SC009,수익성
2405,202103,0010225,현대카드㈜,E,당기순이익,168545170000,신용카드사,C,SC009,수익성
2406,202103,0010225,현대카드㈜,F,총자산순이익률(ROA),.92,신용카드사,C,SC009,수익성
2407,202103,0010225,현대카드㈜,J,자기자본순이익률(ROE),4.92,신용카드사,C,SC009,수익성
2408,202103,0010225,현대카드㈜,G,총자산경비율,3.62,신용카드사,C,SC009,수익성
2409,202103,0010225,현대카드㈜,H,수지비율,89.67,신용카드사,C,SC009,수익성
2410,202106,0010225,현대카드㈜,A,총자산(평잔),18784080000000,신용카드사,C,SC009,수익성
2411,202106,0010225,현대카드㈜,I,자본(평잔),3463765000000,신용카드사,C,SC009,수익성
2412,202106,0010225,현대카드㈜,B,세전수익,2433040000000,신용카드사,C,SC009,수익성
2413,202106,0010225,현대카드㈜,C,세전비용,2207857000000,신용카드사,C,SC009,수익성
2414,202106,0010225,현대카드㈜,D,총경비,664086000000,신용카드사,C,SC009,수익성
2415,202106,0010225,현대카드㈜,E,당기순이익,148026000000,신용카드사,C,SC009,수익성
2416,202106,0010225,현대카드㈜,F,총자산순이익률(ROA),.79,신용카드사,C,SC009,수익성
2417,202106,0010225,현대카드㈜,J,자기자본순이익률(ROE),4.27,신용카드사,C,SC009,수익성
2418,202106,0010225,현대카드㈜,G,총자산경비율,3.54,신용카드사,C,SC009,수익성
2419,202106,0010225,현대카드㈜,H,수지비율,90.74,신용카드사,C,SC009,수익성
2420,202109,0010225,현대카드㈜,A,총자산(평잔),19496998600000,신용카드사,C,SC009,수익성
2421,202109,0010225,현대카드㈜,I,자본(평잔),3495460400000,신용카드사,C,SC009,수익성
2422,202109,0010225,현대카드㈜,B,세전수익,2483001100000,신용카드사,C,SC009,수익성
2423,202109,0010225,현대카드㈜,C,세전비용,2197691900000,신용카드사,C,SC009,수익성
2424,202109,0010225,현대카드㈜,D,총경비,662268100000,신용카드사,C,SC009,수익성
2425,202109,0010225,현대카드㈜,E,당기순이익,209891800000,신용카드사,C,SC009,수익성
2426,202109,0010225,현대카드㈜,F,총자산순이익률(ROA),1.08,신용카드사,C,SC009,수익성
2427,202109,0010225,현대카드㈜,J,자기자본순이익률(ROE),6,신용카드사,C,SC009,수익성
2428,202109,0010225,현대카드㈜,G,총자산경비율,3.4,신용카드사,C,SC009,수익성
2429,202109,0010225,현대카드㈜,H,수지비율,88.51,신용카드사,C,SC009,수익성
2430,202112,0010225,현대카드㈜,A,총자산(평잔),19900353800000,신용카드사,C,SC009,수익성
2431,202112,0010225,현대카드㈜,I,자본(평잔),3523680400000,신용카드사,C,SC009,수익성
2432,202112,0010225,현대카드㈜,B,세전수익,2545473800000,신용카드사,C,SC009,수익성
2433,202112,0010225,현대카드㈜,C,세전비용,2284485800000,신용카드사,C,SC009,수익성
2434,202112,0010225,현대카드㈜,D,총경비,684425400000,신용카드사,C,SC009,수익성
2435,202112,0010225,현대카드㈜,E,당기순이익,165029300000,신용카드사,C,SC009,수익성
2436,202112,0010225,현대카드㈜,F,총자산순이익률(ROA),.83,신용카드사,C,SC009,수익성
2437,202112,0010225,현대카드㈜,J,자기자본순이익률(ROE),4.68,신용카드사,C,SC009,수익성
2438,202112,0010225,현대카드㈜,G,총자산경비율,3.44,신용카드사,C,SC009,수익성
2439,202112,0010225,현대카드㈜,H,수지비율,89.75,신용카드사,C,SC009,수익성
2440,202203,0010225,현대카드㈜,A,총자산(평잔),20462804500000,신용카드사,C,SC009,수익성
2441,202203,0010225,현대카드㈜,I,자본(평잔),3592194600000,신용카드사,C,SC009,수익성
2442,202203,0010225,현대카드㈜,B,세전수익,2553053000000,신용카드사,C,SC009,수익성
2443,202203,0010225,현대카드㈜,C,세전비용,2278156800000,신용카드사,C,SC009,수익성
2444,202203,0010225,현대카드㈜,D,총경비,700193500000,신용카드사,C,SC009,수익성
2445,202203,0010225,현대카드㈜,E,당기순이익,174611600000,신용카드사,C,SC009,수익성
2446,202203,0010225,현대카드㈜,F,총자산순이익률(ROA),.85,신용카드사,C,SC009,수익성
2447,202203,0010225,현대카드㈜,J,자기자본순이익률(ROE),4.86,신용카드사,C,SC009,수익성
2448,202203,0010225,현대카드㈜,G,총자산경비율,3.42,신용카드사,C,SC009,수익성
2449,202203,0010225,현대카드㈜,H,수지비율,89.23,신용카드사,C,SC009,수익성
2450,202206,0010225,현대카드㈜,A,총자산(평잔),21126545800000,신용카드사,C,SC009,수익성
2451,202206,0010225,현대카드㈜,I,자본(평잔),3656989200000,신용카드사,C,SC009,수익성
2452,202206,0010225,현대카드㈜,B,세전수익,2607303100000,신용카드사,C,SC009,수익성
2453,202206,0010225,현대카드㈜,C,세전비용,2346178600000,신용카드사,C,SC009,수익성
2454,202206,0010225,현대카드㈜,D,총경비,714674200000,신용카드사,C,SC009,수익성
2455,202206,0010225,현대카드㈜,E,당기순이익,161450300000,신용카드사,C,SC009,수익성
2456,202206,0010225,현대카드㈜,F,총자산순이익률(ROA),.76,신용카드사,C,SC009,수익성
2457,202206,0010225,현대카드㈜,J,자기자본순이익률(ROE),4.41,신용카드사,C,SC009,수익성
2458,202206,0010225,현대카드㈜,G,총자산경비율,3.38,신용카드사,C,SC009,수익성
2459,202206,0010225,현대카드㈜,H,수지비율,89.98,신용카드사,C,SC009,수익성
2460,202209,0010225,현대카드㈜,A,총자산(평잔),21801229100000,신용카드사,C,SC009,수익성
2461,202209,0010225,현대카드㈜,I,자본(평잔),3664985500000,신용카드사,C,SC009,수익성
2462,202209,0010225,현대카드㈜,B,세전수익,3302341600000,신용카드사,C,SC009,수익성
2463,202209,0010225,현대카드㈜,C,세전비용,2981520000000,신용카드사,C,SC009,수익성
2464,202209,0010225,현대카드㈜,D,총경비,886045300000,신용카드사,C,SC009,수익성
2465,202209,0010225,현대카드㈜,E,당기순이익,138174900000,신용카드사,C,SC009,수익성
2466,202209,0010225,현대카드㈜,F,총자산순이익률(ROA),.63,신용카드사,C,SC009,수익성
2467,202209,0010225,현대카드㈜,J,자기자본순이익률(ROE),3.77,신용카드사,C,SC009,수익성
2468,202209,0010225,현대카드㈜,G,총자산경비율,4.06,신용카드사,C,SC009,수익성
2469,202209,0010225,현대카드㈜,H,수지비율,90.29,신용카드사,C,SC009,수익성
2470,202212,0010225,현대카드㈜,A,총자산(평잔),22499885200000,신용카드사,C,SC009,수익성
2471,202212,0010225,현대카드㈜,I,자본(평잔),3771949900000,신용카드사,C,SC009,수익성
2472,202212,0010225,현대카드㈜,B,세전수익,2789273900000,신용카드사,C,SC009,수익성
2473,202212,0010225,현대카드㈜,C,세전비용,2662999000000,신용카드사,C,SC009,수익성
2474,202212,0010225,현대카드㈜,D,총경비,727664200000,신용카드사,C,SC009,수익성
2475,202212,0010225,현대카드㈜,E,당기순이익,50167400000,신용카드사,C,SC009,수익성
2476,202212,0010225,현대카드㈜,F,총자산순이익률(ROA),.22,신용카드사,C,SC009,수익성
2477,202212,0010225,현대카드㈜,J,자기자본순이익률(ROE),1.33,신용카드사,C,SC009,수익성
2478,202212,0010225,현대카드㈜,G,총자산경비율,3.23,신용카드사,C,SC009,수익성
2479,202212,0010225,현대카드㈜,H,수지비율,95.47,신용카드사,C,SC009,수익성
2480,202303,0010225,현대카드㈜,A,총자산(평잔),23196031900000,신용카드사,C,SC009,수익성
2481,202303,0010225,현대카드㈜,I,자본(평잔),3809363700000,신용카드사,C,SC009,수익성
2482,202303,0010225,현대카드㈜,B,세전수익,2879492500000,신용카드사,C,SC009,수익성
2483,202303,0010225,현대카드㈜,C,세전비용,2554884800000,신용카드사,C,SC009,수익성
2484,202303,0010225,현대카드㈜,D,총경비,736974600000,신용카드사,C,SC009,수익성
2485,202303,0010225,현대카드㈜,E,당기순이익,242277700000,신용카드사,C,SC009,수익성
2486,202303,0010225,현대카드㈜,F,총자산순이익률(ROA),1.04,신용카드사,C,SC009,수익성
2487,202303,0010225,현대카드㈜,J,자기자본순이익률(ROE),6.36,신용카드사,C,SC009,수익성
2488,202303,0010225,현대카드㈜,G,총자산경비율,3.18,신용카드사,C,SC009,수익성
2489,202303,0010225,현대카드㈜,H,수지비율,88.73,신용카드사,C,SC009,수익성
2490,202306,0010225,현대카드㈜,A,총자산(평잔),23333232200000,신용카드사,C,SC009,수익성
2491,202306,0010225,현대카드㈜,I,자본(평잔),3842905100000,신용카드사,C,SC009,수익성
2492,202306,0010225,현대카드㈜,B,세전수익,3049559700000,신용카드사,C,SC009,수익성
2493,202306,0010225,현대카드㈜,C,세전비용,2626804200000,신용카드사,C,SC009,수익성
2494,202306,0010225,현대카드㈜,D,총경비,941879900000,신용카드사,C,SC009,수익성
2495,202306,0010225,현대카드㈜,E,당기순이익,345367900000,신용카드사,C,SC009,수익성
2496,202306,0010225,현대카드㈜,F,총자산순이익률(ROA),1.48,신용카드사,C,SC009,수익성
2497,202306,0010225,현대카드㈜,J,자기자본순이익률(ROE),8.99,신용카드사,C,SC009,수익성
2498,202306,0010225,현대카드㈜,G,총자산경비율,4.04,신용카드사,C,SC009,수익성
2499,202306,0010225,현대카드㈜,H,수지비율,86.14,신용카드사,C,SC009,수익성
2500,202309,0010225,현대카드㈜,A,총자산(평잔),23050091800000,신용카드사,C,SC009,수익성
2501,202309,0010225,현대카드㈜,I,자본(평잔),3842905100000,신용카드사,C,SC009,수익성
2502,202309,0010225,현대카드㈜,B,세전수익,3193442000000,신용카드사,C,SC009,수익성
2503,202309,0010225,현대카드㈜,C,세전비용,2699042700000,신용카드사,C,SC009,수익성
2504,202309,0010225,현대카드㈜,D,총경비,768156700000,신용카드사,C,SC009,수익성
2505,202309,0010225,현대카드㈜,E,당기순이익,412155100000,신용카드사,C,SC009,수익성
2506,202309,0010225,현대카드㈜,F,총자산순이익률(ROA),1.79,신용카드사,C,SC009,수익성
2507,202309,0010225,현대카드㈜,J,자기자본순이익률(ROE),10.73,신용카드사,C,SC009,수익성
2508,202309,0010225,현대카드㈜,G,총자산경비율,3.33,신용카드사,C,SC009,수익성
2509,202309,0010225,현대카드㈜,H,수지비율,84.52,신용카드사,C,SC009,수익성
2510,202312,0010225,현대카드㈜,A,총자산(평잔),22807756000000,신용카드사,C,SC009,수익성
2511,202312,0010225,현대카드㈜,I,자본(평잔),3864824800000,신용카드사,C,SC009,수익성
2512,202312,0010225,현대카드㈜,B,세전수익,3382851300000,신용카드사,C,SC009,수익성
2513,202312,0010225,현대카드㈜,C,세전비용,2753187600000,신용카드사,C,SC009,수익성
2514,202312,0010225,현대카드㈜,D,총경비,736664900000,신용카드사,C,SC009,수익성
2515,202312,0010225,현대카드㈜,E,당기순이익,544018500000,신용카드사,C,SC009,수익성
2516,202312,0010225,현대카드㈜,F,총자산순이익률(ROA),2.39,신용카드사,C,SC009,수익성
2517,202312,0010225,현대카드㈜,J,자기자본순이익률(ROE),14.08,신용카드사,C,SC009,수익성
2518,202312,0010225,현대카드㈜,G,총자산경비율,3.23,신용카드사,C,SC009,수익성
2519,202312,0010225,현대카드㈜,H,수지비율,81.39,신용카드사,C,SC009,수익성
2520,202403,0010225,현대카드㈜,A,총자산(평잔),23021405400000,신용카드사,C,SC009,수익성
2521,202403,0010225,현대카드㈜,I,자본(평잔),3897834100000,신용카드사,C,SC009,수익성
2522,202403,0010225,현대카드㈜,B,세전수익,3320044700000,신용카드사,C,SC009,수익성
2523,202403,0010225,현대카드㈜,C,세전비용,2919859500000,신용카드사,C,SC009,수익성
2524,202403,0010225,현대카드㈜,D,총경비,750677100000,신용카드사,C,SC009,수익성
2525,202403,0010225,현대카드㈜,E,당기순이익,319967600000,신용카드사,C,SC009,수익성
2526,202403,0010225,현대카드㈜,F,총자산순이익률(ROA),1.39,신용카드사,C,SC009,수익성
2527,202403,0010225,현대카드㈜,J,자기자본순이익률(ROE),8.21,신용카드사,C,SC009,수익성
2528,202403,0010225,현대카드㈜,G,총자산경비율,3.26,신용카드사,C,SC009,수익성
2529,202403,0010225,현대카드㈜,H,수지비율,87.95,신용카드사,C,SC009,수익성
2530,202406,0010225,현대카드㈜,A,총자산(평잔),23441670700000,신용카드사,C,SC009,수익성
2531,202406,0010225,현대카드㈜,I,자본(평잔),3920287600000,신용카드사,C,SC009,수익성
2532,202406,0010225,현대카드㈜,B,세전수익,3343015000000,신용카드사,C,SC009,수익성
2533,202406,0010225,현대카드㈜,C,세전비용,3012238900000,신용카드사,C,SC009,수익성
2534,202406,0010225,현대카드㈜,D,총경비,738632500000,신용카드사,C,SC009,수익성
2535,202406,0010225,현대카드㈜,E,당기순이익,250586700000,신용카드사,C,SC009,수익성
2536,202406,0010225,현대카드㈜,F,총자산순이익률(ROA),1.07,신용카드사,C,SC009,수익성
2537,202406,0010225,현대카드㈜,J,자기자본순이익률(ROE),6.39,신용카드사,C,SC009,수익성
2538,202406,0010225,현대카드㈜,G,총자산경비율,3.15,신용카드사,C,SC009,수익성
2539,202406,0010225,현대카드㈜,H,수지비율,90.11,신용카드사,C,SC009,수익성
2540,202409,0010225,현대카드㈜,A,총자산(평잔),23908165300000,신용카드사,C,SC009,수익성
2541,202409,0010225,현대카드㈜,I,자본(평잔),3975562200000,신용카드사,C,SC009,수익성
2542,202409,0010225,현대카드㈜,B,세전수익,3492932600000,신용카드사,C,SC009,수익성
2543,202409,0010225,현대카드㈜,C,세전비용,3123010400000,신용카드사,C,SC009,수익성
2544,202409,0010225,현대카드㈜,D,총경비,752614500000,신용카드사,C,SC009,수익성
2545,202409,0010225,현대카드㈜,E,당기순이익,287634500000,신용카드사,C,SC009,수익성
2546,202409,0010225,현대카드㈜,F,총자산순이익률(ROA),1.2,신용카드사,C,SC009,수익성
2547,202409,0010225,현대카드㈜,J,자기자본순이익률(ROE),7.24,신용카드사,C,SC009,수익성
2548,202409,0010225,현대카드㈜,G,총자산경비율,3.15,신용카드사,C,SC009,수익성
2549,202409,0010225,현대카드㈜,H,수지비율,89.41,신용카드사,C,SC009,수익성
2550,202412,0010225,현대카드㈜,A,총자산(평잔),24741826900000,신용카드사,C,SC009,수익성
2551,202412,0010225,현대카드㈜,I,자본(평잔),4045792900000,신용카드사,C,SC009,수익성
2552,202412,0010225,현대카드㈜,B,세전수익,3782915700000,신용카드사,C,SC009,수익성
2553,202412,0010225,현대카드㈜,C,세전비용,3252234700000,신용카드사,C,SC009,수익성
2554,202412,0010225,현대카드㈜,D,총경비,775969200000,신용카드사,C,SC009,수익성
2555,202412,0010225,현대카드㈜,E,당기순이익,445890100000,신용카드사,C,SC009,수익성
2556,202412,0010225,현대카드㈜,F,총자산순이익률(ROA),1.8,신용카드사,C,SC009,수익성
2557,202412,0010225,현대카드㈜,J,자기자본순이익률(ROE),11.02,신용카드사,C,SC009,수익성
2558,202412,0010225,현대카드㈜,G,총자산경비율,3.14,신용카드사,C,SC009,수익성
2559,202412,0010225,현대카드㈜,H,수지비율,85.97,신용카드사,C,SC009,수익성
