,금융구분,금융회사코드,금융회사명,통계분류,통계표코드,통계표명,코드,구분,201106,201109,201112,201203,201206,201209,201212,201303,201306,201309,201312,201403,201406,201409,201412,201503,201506,201509,201512,201603,201606,201609,201612,201703,201706,201709,201712,201803,201806,201809,201812,201903,201906,201909,201912,202003,202006,202009,202012,202103,202106,202109,202112,202203,202206,202209,202212,202303,202306,202309,202312,202403,202406,202409
0,부동산신탁,10902,한국토지신탁,B,SM005,요약재무상태표(‘11.03월 이후),A,자산총계,565589893059,519419279400,509157671968,498134226581,560917779774,613279403771,572262549541,614850419397,564257107663,546430885040,554003525169,502741039377,480637064066,494320226975,514492686052,528970936453,521428270221,541467971413,644684104402,700785406509,687552937918,815177440967,914053792304,987866195174,1014684421160,1064271309779,1145487054033,1119026802676,1151069167910,1255621673405,1283632099202,1228355032223,1347674961189,1269032686555,1309813480257,1345600959873,1339870521587,1415362309022,1377411074433,1362348021255,1390162470846,1429897404066,1452266768368,1533644351120,1448147592913,1464912757849,1474379148944,1366744261452,1532424433157,1546812851527,1601297133367,1634120305655,1630880864418,1611054242515
1,부동산신탁,10902,한국토지신탁,B,SM005,요약재무상태표(‘11.03월 이후),A1,Ⅰ. 현금 및 예치금,44748952884,81086382489,39070069515,26775287430,46123913189,18832345298,27025087919,20449632264,84843733425,43105681843,65787139063,34517576138,49534866191,29508691205,36266343325,63279972975,26058960704,26231004821,38529985235,96794260177,43639284169,113528291947,31475332521,82848846146,103156757200,37002895806,51106284767,147791119045,107098268222,57314755796,177599616206,104640839539,69361707747,64875637608,80596972266,187177671917,201803530139,228538185230,344565896860,326489142713,323231854959,237753349720,339989187365,325272637382,189033665629,207386066682,250883343601,88846683616,127682669223,96537197315,134689941872,143312007235,181421069943,206207024690
2,부동산신탁,10902,한국토지신탁,B,SM005,요약재무상태표(‘11.03월 이후),A10,Ⅰ. 현금 및 예치금_현금 및 현금성 자산,43761826445,80098737553,38081907456,25786603979,45134704036,17842640651,26034909561,19459016204,71800618479,13825394900,40766872512,17035283307,31955904028,11836808204,19432707998,46367163143,9076421602,9186294413,21422875778,79625205452,26410419552,96247245017,14142514765,65464102543,85721030725,19519078231,33571026306,130196100226,89439547665,39590227499,165462709347,92457033710,64327796871,64398018371,80350631861,169630825626,191476995698,225338698644,342772923555,324624014435,321334543234,235953383467,338185485955,323463452717,187217565991,205559680499,250347789375,83135157802,126006260033,94337074537,134012013350,142674234912,180777695850,205557237965
3,부동산신탁,10902,한국토지신탁,B,SM005,요약재무상태표(‘11.03월 이후),A100,Ⅰ. 현금 및 예치금_현금 및 현금성 자산_현금, , ,0,0,0,0,0,0,0,0,0,0,0,0,0,0,0,0,0,0,0,0,0,0,0,0,0,0,0,0,0,0,0,0,0,0,0,0,0,0,0,0,0,0,0,0,0,0,0,0,0,0,0,0
4,부동산신탁,10902,한국토지신탁,B,SM005,요약재무상태표(‘11.03월 이후),A101,Ⅰ. 현금 및 예치금_현금 및 현금성 자산_정기예.적금, ,40000000000,20000000000,0,30000000000,0,0,0,40000000000,0,0,0,5000000000,0,0,0,0,0,0,0,0,0,0,0,0,0,0,0,0,0,0,0,6000000000,0,0,0,0,10000000,40000000,10000000000,10000000000,0,0,0,0,0,19000000000,0,0,0,0,0,0,0
5,부동산신탁,10902,한국토지신탁,B,SM005,요약재무상태표(‘11.03월 이후),A102,Ⅰ. 현금 및 예치금_현금 및 현금성 자산_보통예금,161023593,161060673,161069434,161106531,161441785,161481794,349676377,174682079,174732558,174768597,174815818,30074229,30088120,25380572,25393227,10076727,10082595,10082595,10087622,10087608,10092637,10092637,10097669,10097669,10102704,10102704,10107741,10107741,10112781,10112781,10117823,10117823,10122868,10122868,10128109,10128109,10133159,10133159,56944603,90751453,210093252362,98257842,30109859737,15060557092,135134112246,165128307054,5122529190,5215813440,15090451674,15025041271,5024245816,771891606,772087088,772285995
6,부동산신탁,10902,한국토지신탁,B,SM005,요약재무상태표(‘11.03월 이후),A103,Ⅰ. 현금 및 예치금_현금 및 현금성 자산_당좌예금,794000,794000,792000,792000,792000,792000,792000,792000,792000,792000,792000,792000,792000,792000,792000,792000,792000,792000,792000,792000,792000,792000,792000,792000,792000,792000,792000,792000,792010,0,0,0,0,0,0,0,0,0,0,0,0,0,0,0,0,0,0,0,0,0,0,0,0,0
7,부동산신탁,10902,한국토지신탁,B,SM005,요약재무상태표(‘11.03월 이후),A104,Ⅰ. 현금 및 예치금_현금 및 현금성 자산_외화예금, , ,0,0,0,0,0,0,0,0,0,0,0,0,0,0,0,0,0,0,0,0,0,0,0,0,0,0,0,0,0,0,0,0,0,0,0,0,0,0,0,0,0,0,0,0,0,0,0,0,0,0,0,0
8,부동산신탁,10902,한국토지신탁,B,SM005,요약재무상태표(‘11.03월 이후),A105,Ⅰ. 현금 및 예치금_현금 및 현금성 자산_양도성예금증서, , ,0,0,0,0,0,0,0,0,0,0,0,0,0,0,0,0,0,0,0,0,0,0,0,0,0,0,0,0,0,0,0,0,0,0,0,0,0,0,0,0,0,0,0,0,0,0,0,0,0,0,0,0
9,부동산신탁,10902,한국토지신탁,B,SM005,요약재무상태표(‘11.03월 이후),A106,Ⅰ. 현금 및 예치금_현금 및 현금성 자산_MMDA,43600008852,39936882880,17920046022,25624705448,14972470251,17680366857,25684441184,19283542125,31625093921,13649834303,40591264694,6996195389,16850606137,11810635632,19406522771,46356294416,9065547007,9175419818,21411996156,79614325844,26399534915,96236360380,14131625096,65453212874,85710136021,19508183527,33560126565,130185200485,89428642874,39580114718,165452591524,92446915887,58317674003,64387895503,80340503752,169620697517,191466862539,225318565485,342675978952,314533262982,101241290872,235855125625,308075626218,308402895625,52083453745,40431373445,226225260185,77919344362,110915808359,79312033266,128987767534,141902343306,180005608762,204784951970
10,부동산신탁,10902,한국토지신탁,B,SM005,요약재무상태표(‘11.03월 이후),A107,Ⅰ. 현금 및 예치금_현금 및 현금성 자산_MMF, , ,0,0,0,0,0,0,0,0,0,0,0,0,0,0,0,0,0,0,0,0,0,0,0,0,0,0,0,0,0,0,0,0,0,0,0,0,0,0,0,0,0,0,0,0,0,0,0,0,0,0,0,0
11,부동산신탁,10902,한국토지신탁,B,SM005,요약재무상태표(‘11.03월 이후),A108,Ⅰ. 현금 및 예치금_현금 및 현금성 자산_금융어음, , ,0,0,0,0,0,0,0,0,0,0,0,0,0,0,0,0,0,0,0,0,0,0,0,0,0,0,0,0,0,0,0,0,0,0,0,0,0,0,0,0,0,0,0,0,0,0,0,0,0,0,0,0
12,부동산신탁,10902,한국토지신탁,B,SM005,요약재무상태표(‘11.03월 이후),A109,Ⅰ. 현금 및 예치금_현금 및 현금성 자산_기타, , ,0,0,0,0,0,0,0,0,0,10008221689,10074417771,0,0,0,0,0,0,0,0,0,0,0,0,0,0,0,0,0,0,0,0,0,0,0,0,0,0,0,0,0,0,0,0,0,0,0,0,0,0,0,0,0
13,부동산신탁,10902,한국토지신탁,B,SM005,요약재무상태표(‘11.03월 이후),A11,Ⅰ. 현금 및 예치금_예치금,987126439,987644936,988162059,988683451,989209153,989704647,990178358,990616060,13043114946,29280286943,25020266551,17482292831,17578962163,17671883001,16833635327,16912809832,16982539102,17044710408,17107109457,17169054725,17228864617,17281046930,17332817756,17384743603,17435726475,17483817575,17535258461,17595018819,17658720557,17724528297,12136906859,12183805829,5033910876,477619237,246340405,17546846291,10326534441,3199486586,1792973305,1865128278,1897311725,1799966253,1803701410,1809184665,1816099638,1826386183,535554226,5711525814,1676409190,2200122778,677928522,637772323,643374093,649786725
14,부동산신탁,10902,한국토지신탁,B,SM005,요약재무상태표(‘11.03월 이후),A110,Ⅰ. 현금 및 예치금_예치금_장기성예금,2000000,2000000,2000000,2000000,2000000,2000000,2000000,2000000,2000000,2000000,2000000,2000000,2000000,2000000,2000000,2000000,2000000,2000000,2000000,2000000,2000000,2000000,2000000,2000000,2000000,2000000,2000000,2000000,2000000,2000000,2000000,2000000,2000000,2000000,2000000,2000000,2000000,2000000,2000000,72000000,102000000,2000000,2000000,2000000,2000000,2000000,2000000,2000000,2000000,2000000,2000000,2000000,2000000,2000000
15,부동산신탁,10902,한국토지신탁,B,SM005,요약재무상태표(‘11.03월 이후),A111,Ⅰ. 현금 및 예치금_예치금_특정예금 등,985126439,985644936,986162059,986683451,987209153,987704647,988178358,988616060,13041114946,29278286943,25018266551,17480292831,17576962163,17669883001,16831635327,16910809832,16980539102,17042710408,17105109457,17167054725,17226864617,17279046930,17330817756,17382743603,17433726475,17481817575,17533258461,17593018819,17656720557,17722528297,12134906859,12181805829,5031910876,475619237,244340405,17544846291,10324534441,3197486586,1790973305,1793128278,1795311725,1797966253,1801701410,1807184665,1814099638,1824386183,533554226,5709525814,1674409190,2198122778,675928522,635772323,641374093,647786725
16,부동산신탁,10902,한국토지신탁,B,SM005,요약재무상태표(‘11.03월 이후),A112,Ⅰ. 현금 및 예치금_예치금_신탁공탁금, , ,0,0,0,0,0,0,0,0,0,0,0,0,0,0,0,0,0,0,0,0,0,0,0,0,0,0,0,0,0,0,0,0,0,0,0,0,0,0,0,0,0,0,0,0,0,0,0,0,0,0,0,0
17,부동산신탁,10902,한국토지신탁,B,SM005,요약재무상태표(‘11.03월 이후),A113,Ⅰ. 현금 및 예치금_예치금_기타,0,0,0,0,0,0,0,0,0,0,0,0,0,0,0,0,0,0,0,0,0,0,0,0,0,0,0,0,0,0,0,0,0,0,0,0,0,0,0,0,0,0,0,0,0,0,0,0,0,0,0,0,0,0
18,부동산신탁,10902,한국토지신탁,B,SM005,요약재무상태표(‘11.03월 이후),A2,Ⅱ. 증권,37213723236,37472209763,31004753486,30610887140,62207034672,64279750096,64919813380,58808984738,59995571315,63401637444,63223909142,67453463879,46006132389,46981101122,110358006261,140372412316,113521082621,143711210205,184754671245,178993430168,178323936105,252428539063,209748987004,207322628845,207366535977,182146266418,166420191574,151921843536,153547045589,139740200258,130765402575,155799161073,223131858703,155644975258,155587481275,159762532028,155388367524,184469131859,211225117527,278170092291,342333333007,505216841111,463568656983,496031107447,504368423417,536905000785,616692896311,517746767011,524600909208,545956224219,543103432496,593686186316,605914315186,644967952935
19,부동산신탁,10902,한국토지신탁,B,SM005,요약재무상태표(‘11.03월 이후),A20,Ⅱ. 증권_당기손익-공정가치측정증권,0,0,0,0,0,0,0,0,0,0,0,0,0,1003572540,76162856432,105691669292,64077932443,63910326706,45963028259,38224272274,53124725999,38180634457,8950005835,12865356672,15894169930,0,0,15518229602,25547385449,15514756333,16185036988,27047009591,76904592448,16694916988,17562082230,14501838983,17902924522,46750361164,58435212563,87009065234,145000158892,191371129084,196228341525,200990791989,209955633144,210866922840,225797580857,185019818693,185173960890,198429184527,190336392804,190846176624,194443055494,197591284617
20,부동산신탁,10902,한국토지신탁,B,SM005,요약재무상태표(‘11.03월 이후),A200,Ⅱ. 증권_당기손익-공정가치측정증권_주식, , ,0,0,0,0,0,0,0,0,0,0,0,0,0,0,0,0,0,0,0,0,0,0,0,0,0,0,0,0,0,0,0,0,0,0,0,0,0,0,0,0,0,0,0,0,0,0,0,0,0,0,0,0
21,부동산신탁,10902,한국토지신탁,B,SM005,요약재무상태표(‘11.03월 이후),A201,Ⅱ. 증권_당기손익-공정가치측정증권_국채·지방채, , ,0,0,0,0,0,0,0,0,0,0,0,0,0,0,0,0,0,0,0,0,0,0,0,0,0,0,0,0,0,0,0,0,0,0,0,0,0,0,0,0,0,0,0,0,0,0,0,0,0,0,0,0
22,부동산신탁,10902,한국토지신탁,B,SM005,요약재무상태표(‘11.03월 이후),A202,Ⅱ. 증권_당기손익-공정가치측정증권_특수채, , ,0,0,0,0,0,0,0,0,0,0,0,0,0,0,0,0,0,0,0,0,0,0,0,0,0,0,0,0,0,0,0,0,0,0,0,0,0,0,0,0,0,0,0,0,0,0,0,0,0,0,0,0
23,부동산신탁,10902,한국토지신탁,B,SM005,요약재무상태표(‘11.03월 이후),A203,Ⅱ. 증권_당기손익-공정가치측정증권_회사채, , ,0,0,0,0,0,0,0,0,0,0,0,0,0,0,0,0,0,0,0,0,0,0,0,0,0,0,0,0,0,0,0,0,0,0,0,0,0,0,0,0,0,0,0,0,0,0,0,0,0,0,0,0
24,부동산신탁,10902,한국토지신탁,B,SM005,요약재무상태표(‘11.03월 이후),A204,Ⅱ. 증권_당기손익-공정가치측정증권_집합투자증권,0,0,0,0,0,0,0,0,0,0,0,0,0,0,0,0,0,0,0,0,0,0,0,0,0,0,0,0,0,0,0,0,0,0,0,0,0,0,0,0,0,0,0,0,0,0,0,0,0,0,0,0,0,0
25,부동산신탁,10902,한국토지신탁,B,SM005,요약재무상태표(‘11.03월 이후),A205,Ⅱ. 증권_당기손익-공정가치측정증권_기업어음증권, , ,0,0,0,0,0,0,0,0,0,0,0,0,0,0,0,0,0,0,0,0,0,0,0,0,0,0,0,0,0,0,0,0,0,0,0,0,0,0,0,0,0,0,0,0,0,0,0,0,0,0,0,0
26,부동산신탁,10902,한국토지신탁,B,SM005,요약재무상태표(‘11.03월 이후),A206,Ⅱ. 증권_당기손익-공정가치측정증권_외화증권,0,0,0,0,0,0,0,0,0,0,0,0,0,0,0,0,0,0,0,0,0,0,0,0,0,0,0,0,0,0,0,0,0,0,0,0,0,0,0,0,0,0,0,0,0,0,0,0,0,0,0,0,0,0
27,부동산신탁,10902,한국토지신탁,B,SM005,요약재무상태표(‘11.03월 이후),A207,Ⅱ. 증권_당기손익-공정가치측정증권_기타,0,0,0,0,0,0,0,0,0,0,0,0,0,1003572540,76162856432,105691669292,64077932443,63910326706,45963028259,38224272274,53124725999,38180634457,8950005835,12865356672,15894169930,0,0,15518229602,25547385449,15514756333,16185036988,27047009591,76904592448,16694916988,17562082230,14501838983,17902924522,46750361164,58435212563,87009065234,145000158892,191371129084,196228341525,200990791989,209955633144,210866922840,225797580857,185019818693,185173960890,198429184527,190336392804,190846176624,194443055494,197591284617
28,부동산신탁,10902,한국토지신탁,B,SM005,요약재무상태표(‘11.03월 이후),A21,Ⅱ. 증권_기타포괄손익-공정가치측정증권,37213723236,37085553294,28634683486,28441736549,24808644617,25941489422,26870624390,20397521381,21194858215,24664739616,24177873752,24265925536,24355916936,24689505529,9934320576,10446661771,9239931025,9297513346,9074060533,9112159991,8984273254,12067414245,13108950263,12385208931,12385530066,12369225589,14218046118,0,0,0,0,0,0,0,0,0,0,0,0,0,0,0,0,0,0,0,0,0,0,0,0,0,0,0
29,부동산신탁,10902,한국토지신탁,B,SM005,요약재무상태표(‘11.03월 이후),A210,Ⅱ. 증권_기타포괄손익-공정가치측정증권_주식, , ,0,0,0,0,0,0,0,0,0,0,0,0,0,0,0,0,0,0,0,0,0,0,0,0,0,0,0,0,0,0,0,0,0,0,0,0,0,0,0,0,0,0,0,0,0,0,0,0,0,0,0,0
30,부동산신탁,10902,한국토지신탁,B,SM005,요약재무상태표(‘11.03월 이후),A211,Ⅱ. 증권_기타포괄손익-공정가치측정증권_국채·지방채, , ,0,0,0,0,0,0,0,0,0,0,0,0,0,0,0,0,0,0,0,0,0,0,0,0,0,0,0,0,0,0,0,0,0,0,0,0,0,0,0,0,0,0,0,0,0,0,0,0,0,0,0,0
31,부동산신탁,10902,한국토지신탁,B,SM005,요약재무상태표(‘11.03월 이후),A212,Ⅱ. 증권_기타포괄손익-공정가치측정증권_특수채, , ,0,0,0,0,0,0,0,0,0,0,0,0,0,0,0,0,0,0,0,0,0,0,0,0,0,0,0,0,0,0,0,0,0,0,0,0,0,0,0,0,0,0,0,0,0,0,0,0,0,0,0,0
32,부동산신탁,10902,한국토지신탁,B,SM005,요약재무상태표(‘11.03월 이후),A213,Ⅱ. 증권_기타포괄손익-공정가치측정증권_회사채, , ,0,0,0,0,0,0,0,0,0,0,0,0,0,0,0,0,0,0,0,0,0,0,0,0,0,0,0,0,0,0,0,0,0,0,0,0,0,0,0,0,0,0,0,0,0,0,0,0,0,0,0,0
33,부동산신탁,10902,한국토지신탁,B,SM005,요약재무상태표(‘11.03월 이후),A214,Ⅱ. 증권_기타포괄손익-공정가치측정증권_집합투자증권,0,0,0,17107804549,16869565314,18002410119,17968778663,17931755654,18729092488,18563973192,17265107328,17353159112,17443150512,17428889105,2210413512,2222754707,2228790385,2286372706,1502395923,1540495381,1412608644,1045749635,1013022867,289281535,289602670,273298193,273499785,0,0,0,0,0,0,0,0,0,0,0,0,0,0,0,0,0,0,0,0,0,0,0,0,0,0,0
34,부동산신탁,10902,한국토지신탁,B,SM005,요약재무상태표(‘11.03월 이후),A215,Ⅱ. 증권_기타포괄손익-공정가치측정증권_기업어음증권, , ,0,0,0,0,0,0,0,0,0,0,0,0,0,0,0,0,0,0,0,0,0,0,0,0,0,0,0,0,0,0,0,0,0,0,0,0,0,0,0,0,0,0,0,0,0,0,0,0,0,0,0,0
35,부동산신탁,10902,한국토지신탁,B,SM005,요약재무상태표(‘11.03월 이후),A216,Ⅱ. 증권_기타포괄손익-공정가치측정증권_외화증권,0,0,0,0,0,0,0,0,0,0,0,0,0,0,0,0,0,0,0,0,0,0,0,0,0,0,0,0,0,0,0,0,0,0,0,0,0,0,0,0,0,0,0,0,0,0,0,0,0,0,0,0,0,0
36,부동산신탁,10902,한국토지신탁,B,SM005,요약재무상태표(‘11.03월 이후),A217,Ⅱ. 증권_기타포괄손익-공정가치측정증권_기타,37213723236,37085553294,28634683486,11333932000,7939079303,7939079303,8901845727,2465765727,2465765727,6100766424,6912766424,6912766424,6912766424,7260616424,7723907064,8223907064,7011140640,7011140640,7571664610,7571664610,7571664610,11021664610,12095927396,12095927396,12095927396,12095927396,13944546333,0,0,0,0,0,0,0,0,0,0,0,0,0,0,0,0,0,0,0,0,0,0,0,0,0,0,0
37,부동산신탁,10902,한국토지신탁,B,SM005,요약재무상태표(‘11.03월 이후),A22,Ⅱ. 증권_상각후원가측정증권,0,0,0,0,0,0,0,0,0,0,0,0,0,0,0,0,0,0,0,0,0,0,0,0,0,0,0,0,0,0,0,0,13909238358,0,5000000000,0,0,0,0,19810904112,55095334260,44653315074,0,0,28214367136,38109654808,78214367136,20046000000,20046000000,20046000000,20046000000,20046000000,22617250000,22617250000
38,부동산신탁,10902,한국토지신탁,B,SM005,요약재무상태표(‘11.03월 이후),A220,Ⅱ. 증권_상각후원가측정증권_국채·지방채, , ,0,0,0,0,0,0,0,0,0,0,0,0,0,0,0,0,0,0,0,0,0,0,0,0,0,0,0,0,0,0,0,0,0,0,0,0,0,0,0,0,0,0,0,0,0,0,0,0,0,0,0,0
39,부동산신탁,10902,한국토지신탁,B,SM005,요약재무상태표(‘11.03월 이후),A221,Ⅱ. 증권_상각후원가측정증권_특수채, , ,0,0,0,0,0,0,0,0,0,0,0,0,0,0,0,0,0,0,0,0,0,0,0,0,0,0,0,0,0,0,0,0,0,0,0,0,0,0,0,0,0,0,0,0,0,0,0,0,0,0,0,0
40,부동산신탁,10902,한국토지신탁,B,SM005,요약재무상태표(‘11.03월 이후),A222,Ⅱ. 증권_상각후원가측정증권_회사채, , ,0,0,0,0,0,0,0,0,0,0,0,0,0,0,0,0,0,0,0,0,0,0,0,0,0,0,0,0,0,0,0,0,0,0,0,0,0,0,0,0,0,0,0,0,0,0,0,0,0,0,0,0
41,부동산신탁,10902,한국토지신탁,B,SM005,요약재무상태표(‘11.03월 이후),A223,Ⅱ. 증권_상각후원가측정증권_기타, , ,0,0,0,0,0,0,0,0,0,0,0,0,0,0,0,0,0,0,0,0,0,0,0,0,0,0,0,0,0,0,13909238358,0,5000000000,0,0,0,0,19810904112,55095334260,44653315074,0,0,28214367136,38109654808,78214367136,20046000000,20046000000,20046000000,20046000000,20046000000,22617250000,22617250000
42,부동산신탁,10902,한국토지신탁,B,SM005,요약재무상태표(‘11.03월 이후),A23,Ⅱ. 증권_관계회사투자지분,0,386656469,2370070000,2169150591,37398390055,38338260674,38049188990,38411463357,38800713100,38736897828,39046035390,43187538343,21650215453,21288023053,24260829253,24234081253,40203219153,70503370153,129717582453,131656997903,116214936852,202180490361,187690030906,182072063242,179086835981,169777040829,152202145456,136403613934,127999660140,124225443925,114580365587,128752151482,132318027897,138950058270,133025399045,145260693045,137485443002,137718770695,152789904964,171350122945,142237839855,269192396953,267340315458,295040315458,266198423137,287928423137,312680948318,312680948318,319380948318,327481039692,332721039692,382794009692,388854009692,424759418318
43,부동산신탁,10902,한국토지신탁,B,SM005,요약재무상태표(‘11.03월 이후),A230,Ⅱ. 증권_관계회사투자지분_연결대상회사 투자지분,0,0,2035220000,1834300591,37063540055,38003410674,37714338990,38076613357,38465863100,38402047828,38711185390,39616890490,18079567600,18052225200,18025031400,17998283400,31517421300,65053370153,124267582453,126206997903,110764936852,135148490361,120658030906,118040063242,115054835981,105745040829,88170145456,72371613934,63967660140,60193443925,49066012587,53237798482,54044851897,49003353270,41993399045,41993399045,34218149002,34201476695,33772610964,52332828945,42654105191,169910396953,81864315458,109564315458,80722423137,100452423137,116131948318,116131948318,118131948318,121696539692,119696539692,169769509692,169769509692,165674918318
44,부동산신탁,10902,한국토지신탁,B,SM005,요약재무상태표(‘11.03월 이후),A231,Ⅱ. 증권_관계회사투자지분_비연결대상회사 투자지분,0,386656469,334850000,334850000,334850000,334850000,334850000,334850000,334850000,334850000,334850000,3570647853,3570647853,3235797853,6235797853,6235797853,8685797853,5450000000,5450000000,5450000000,5450000000,67032000000,67032000000,64032000000,64032000000,64032000000,64032000000,64032000000,64032000000,64032000000,65514353000,75514353000,78273176000,89946705000,91032000000,103267294000,103267294000,103517294000,119017294000,119017294000,99583734664,99282000000,185476000000,185476000000,185476000000,187476000000,196549000000,196549000000,201249000000,205784500000,213024500000,213024500000,219084500000,259084500000
45,부동산신탁,10902,한국토지신탁,B,SM005,요약재무상태표(‘11.03월 이후),A24,Ⅱ. 증권_파생결합증권,0,0,0,0,0,0,0,0,0,0,0,0,0,0,0,0,0,0,0,0,0,0,0,0,0,0,0,0,0,0,0,0,0,0,0,0,0,0,0,0,0,0,0,0,0,0,0,0,0,0,0,0,0,0
46,부동산신탁,10902,한국토지신탁,B,SM005,요약재무상태표(‘11.03월 이후),A25,Ⅱ. 증권_대손충당금(-), , , , , , , , , , , , , , , , , , , , , , , , , , , ,0,0,0,0,0,0,0,0,0,0,0,0,0,0,0,0,0,0,0,0,0,0,0,0,0,0,0
47,부동산신탁,10902,한국토지신탁,B,SM005,요약재무상태표(‘11.03월 이후),A3,Ⅲ. 파생상품자산,0,0,0,0,0,0,0,0,0,0,0,0,0,0,0,0,0,0,0,0,0,0,0,0,0,0,0,0,0,0,0,0,0,0,0,0,0,0,0,0,0,0,0,0,0,0,0,0,0,0,0,0,0,0
48,부동산신탁,10902,한국토지신탁,B,SM005,요약재무상태표(‘11.03월 이후),A30,Ⅲ. 파생상품자산_이자율관련,0,0,0,0,0,0,0,0,0,0,0,0,0,0,0,0,0,0,0,0,0,0,0,0,0,0,0,0,0,0,0,0,0,0,0,0,0,0,0,0,0,0,0,0,0,0,0,0,0,0,0,0,0,0
49,부동산신탁,10902,한국토지신탁,B,SM005,요약재무상태표(‘11.03월 이후),A31,Ⅲ. 파생상품자산_통화관련,0,0,0,0,0,0,0,0,0,0,0,0,0,0,0,0,0,0,0,0,0,0,0,0,0,0,0,0,0,0,0,0,0,0,0,0,0,0,0,0,0,0,0,0,0,0,0,0,0,0,0,0,0,0
50,부동산신탁,10902,한국토지신탁,B,SM005,요약재무상태표(‘11.03월 이후),A32,Ⅲ. 파생상품자산_주식관련,0,0,0,0,0,0,0,0,0,0,0,0,0,0,0,0,0,0,0,0,0,0,0,0,0,0,0,0,0,0,0,0,0,0,0,0,0,0,0,0,0,0,0,0,0,0,0,0,0,0,0,0,0,0
51,부동산신탁,10902,한국토지신탁,B,SM005,요약재무상태표(‘11.03월 이후),A33,Ⅲ. 파생상품자산_신용관련,0,0,0,0,0,0,0,0,0,0,0,0,0,0,0,0,0,0,0,0,0,0,0,0,0,0,0,0,0,0,0,0,0,0,0,0,0,0,0,0,0,0,0,0,0,0,0,0,0,0,0,0,0,0
52,부동산신탁,10902,한국토지신탁,B,SM005,요약재무상태표(‘11.03월 이후),A34,Ⅲ. 파생상품자산_상품관련,0,0,0,0,0,0,0,0,0,0,0,0,0,0,0,0,0,0,0,0,0,0,0,0,0,0,0,0,0,0,0,0,0,0,0,0,0,0,0,0,0,0,0,0,0,0,0,0,0,0,0,0,0,0
53,부동산신탁,10902,한국토지신탁,B,SM005,요약재무상태표(‘11.03월 이후),A35,Ⅲ. 파생상품자산_기타파생상품자산, , ,0,0,0,0,0,0,0,0,0,0,0,0,0,0,0,0,0,0,0,0,0,0,0,0,0,0,0,0,0,0,0,0,0,0,0,0,0,0,0,0,0,0,0,0,0,0,0,0,0,0,0,0
54,부동산신탁,10902,한국토지신탁,B,SM005,요약재무상태표(‘11.03월 이후),A36,Ⅲ. 파생상품자산_파생상품Ⅲ. 파생상품자산_신용위험평가조정액, , ,0,0,0,0,0,0,0,0,0,0,0,0,0,0,0,0,0,0,0,0,0,0,0,0,0,0,0,0,0,0,0,0,0,0,0,0,0,0,0,0,0,0,0,0,0,0,0,0,0,0,0,0
55,부동산신탁,10902,한국토지신탁,B,SM005,요약재무상태표(‘11.03월 이후),A37,Ⅲ. 파생상품자산_파생상품Ⅲ. 파생상품자산_거래일손익인식평가조정액, , ,0,0,0,0,0,0,0,0,0,0,0,0,0,0,0,0,0,0,0,0,0,0,0,0,0,0,0,0,0,0,0,0,0,0,0,0,0,0,0,0,0,0,0,0,0,0,0,0,0,0,0,0
56,부동산신탁,10902,한국토지신탁,B,SM005,요약재무상태표(‘11.03월 이후),A4,Ⅳ. 대출채권,416261645157,338737036854,348472391528,385645148517,391797396257,475969078239,435838782041,490571279945,373300329930,393470788233,377004336982,358994473056,349832596396,383870275799,329982054909,285632658164,340754537623,338355028175,385991117076,398303655116,401342676257,419217556513,635853774414,662362307145,660506795258,793212537704,851429726954,759082022292,824752293096,969187480511,876847853514,882298817592,973910820828,967967920526,994191391740,925890258551,895840172136,858517139765,694626511193,643037242876,595740527044,580498568345,533412275846,611023546260,645923266074,618663405358,502090167961,649809452154,775187758081,793975696507,812723454114,789151348937,734496818245,657000146255
57,부동산신탁,10902,한국토지신탁,B,SM005,요약재무상태표(‘11.03월 이후),A40,Ⅳ. 대출채권_(현재가치할인차금)(-),229365717,211939929,244267792,188092948,166524582,175792295,175934312,140134700,138421649,132731173,122650100,125266340,129958810,126792085,136331996,132981727,166542155,152188511,236462959,201004818,254399968,141530252,137377613,184133287,95809630,105342098,81340923,95080004,93011277,88487725,112947280,96542296,87696532,123833671,116183756,167592497,197802062,206192305,267774268,251301958,277949829,254133305,301265624,482310941,507616025,510861734,337152445,232393943,347779450,392991372,172460673,223217961,179591597,146538266
58,부동산신탁,10902,한국토지신탁,B,SM005,요약재무상태표(‘11.03월 이후),A41,Ⅳ. 대출채권_(현재가치할증차금)(+), , ,0,0,0,0,0,0,0,0,0,0,0,0,0,0,0,0,0,0,0,0,0,0,0,0,0,0,0,0,0,0,0,0,0,0,0,0,0,0,0,0,0,0,0,0,0,0,0,0,0,0,0,0
59,부동산신탁,10902,한국토지신탁,B,SM005,요약재무상태표(‘11.03월 이후),A42,Ⅳ. 대출채권_(이연대출부대손익), , ,0,0,0,0,0,0,0,0,0,0,0,0,0,0,0,0,0,0,0,0,0,0,0,0,0,0,0,0,0,0,0,0,0,0,0,0,0,0,0,0,0,0,0,0,0,0,0,0,0,0,0,0
60,부동산신탁,10902,한국토지신탁,B,SM005,요약재무상태표(‘11.03월 이후),A43,Ⅳ. 대출채권_대여금,4742005360,1931748611,1894327595,1738730906,1469277004,1541412694,1337665382,1205025677,1010774112,956325482,605716908,647917600,657126772,573134339,822776563,811200807,762097524,686783313,793518139,697388434,961258729,865129024,858999319,762869614,718314909,803310204,817905499,922500794,917496089,912491384,1120920056,1326415352,1251910648,1097405944,1002901240,1298396536,1388412572,1533970364,2183828156,2083685948,2269893740,2633868204,2628238497,2772608790,2766979083,2761349376,2818719669,2911125000,3055500000,2899875000,2593125000,2646749994,2531249988,2524874982
61,부동산신탁,10902,한국토지신탁,B,SM005,요약재무상태표(‘11.03월 이후),A44,Ⅳ. 대출채권_대지급금,0,0,0,0,0,0,0,0,0,0,0,0,0,0,0,0,0,0,0,0,0,0,0,0,0,0,0,0,0,0,0,0,0,0,0,0,0,0,0,0,0,0,0,0,0,0,0,0,0,0,0,0,0,0
62,부동산신탁,10902,한국토지신탁,B,SM005,요약재무상태표(‘11.03월 이후),A45,Ⅳ. 대출채권_신탁계정대,598248319863,524231358792,494804115019,522887187846,483784059515,567645351635,531665693771,583051299296,476704418206,519656729271,475865356718,465338650310,439534235484,485080682985,373689561852,326126299282,382370128151,343284833430,365665774447,336247473471,362417510025,404060276760,579614961826,572567141371,576540389896,758119896740,867459130321,763345884052,793871835026,975497892463,898662301227,905168188832,939604177636,995572434065,1025748229057,953175101975,895082736708,827053675822,740507844398,627946376748,515697073400,587068525329,544305581149,515991476934,580371354488,523500735231,551369800102,669670030640,715380552243,794832944346,820255549531,762084305095,786906963632,692799362425
63,부동산신탁,10902,한국토지신탁,B,SM005,요약재무상태표(‘11.03월 이후),A46,Ⅳ. 대출채권_기타 대출채권,3166958930,3038932120,3002143080,2935693252,2935693252,2935693252,2935693252,2935693252,1430269045,1050262879,1051772459,1051772459,26051772459,11020851570,58127095205,63491418903,65085864246,99392390032,74029799859,106046758770,83104252465,59136301237,76017008089,107852533845,98911350281,50706770418,1050262879,11042783428,47320478650,11001112195,1050262879,1050262879,61668224526,7204612861,17160804642,22132558067,57293816974,91326489579,32024681357,91710790953,156640216981,63775068362,51792930826,158374570834,137419030828,167328028556,30835673839,64094246993,149951325546,103286320830,105840514118,142100646507,62059368695,81796257463
64,부동산신탁,10902,한국토지신탁,B,SM005,요약재무상태표(‘11.03월 이후),A47,Ⅳ. 대출채권_대손충당금(-),189895638996,190465002669,151228194166,141916463487,96391633514,96153379342,100100270364,96620738280,105845131433,128192529399,100518509103,108043867313,116410538319,112804393095,102657378711,104796260828,107463552298,105008978600,54261512410,44486960741,44885944994,44702620256,20499817207,18636104398,15567450198,16312097560,17816230822,16134065978,17264505392,18135527806,23872683368,25149507175,28525795450,35782698673,49604359443,50548205530,57726992056,61190803695,79822068450,78452308815,78588707248,72724760245,65013209002,65632799357,74126482300,74415846071,82596873204,86633556536,92851840258,106650452297,115793273862,117457134698,116821172473,119973810349
65,부동산신탁,10902,한국토지신탁,B,SM005,요약재무상태표(‘11.03월 이후),A470,Ⅳ. 대출채권_대손충당금(-)_대여금대손충당금,103713710,21436884,21385953,19268237,16358015,17172048,17921859,16237465,14277819,13676428,7283669,7731838,7870855,6999263,9591085,9441824,9286396,8389717,7935181,6973884,9612587,8651289,8589992,7628695,7183148,8033101,8179054,9225007,9174960,9124913,11209200,13264152,12519105,10974059,10029011,12983965,13884125,15339703,21838281,20836858,22698936,26338681,26282384,27726087,27669790,27613493,28187196,29111249,30554999,28998749,25931249,26467499,25312499,25248748
66,부동산신탁,10902,한국토지신탁,B,SM005,요약재무상태표(‘11.03월 이후),A471,Ⅳ. 대출채권_대손충당금(-)_대지급금대손충당금, , ,0,0,0,0,0,0,0,0,0,0,0,0,0,0,0,0,0,0,0,0,0,0,0,0,0,0,0,0,0,0,0,0,0,0,0,0,0,0,0,0,0,0,0,0,0,0,0,0,0,0,0,0
67,부동산신탁,10902,한국토지신탁,B,SM005,요약재무상태표(‘11.03월 이후),A472,Ⅳ. 대출채권_대손충당금(-)_신탁계정대 대손충당금,186809978899,187487224760,148257824996,138961501998,93439582247,93200514042,97146655253,93668807563,104400584569,127128590092,99459452975,106984363016,115100895006,111645930582,101025261940,103110650081,105762152526,48918360827,52472024496,42378264535,43004035148,43062845705,18691296884,16510190115,13531393297,14757236505,16757788889,14974652887,15282224909,16976631521,22811211289,24085980144,26856833850,34659918236,42290155654,43181329252,50007603029,53129632364,72347416624,70381797316,69867039410,71020910631,63429237060,62981567312,71684861952,71675192043,81220569020,84923742567,90282011754,104548830090,113669177222,115011986005,115177591558,118132924297
68,부동산신탁,10902,한국토지신탁,B,SM005,요약재무상태표(‘11.03월 이후),A473,Ⅳ. 대출채권_대손충당금(-)_기타 대손충당금,2981946387,2956341025,2948983217,2935693252,2935693252,2935693252,2935693252,2935693252,1430269045,1050262879,1051772459,1051772459,1301772458,1151463250,1622525686,1676168923,1692113376,56082228056,1781552733,2101722322,1872297259,1631123262,1799930331,2118285588,2028873753,1546827954,1050262879,1150188084,1973105523,1149771372,1050262879,1050262879,1656442495,1111806378,7304174778,7353892313,7705504902,8045831628,7452813545,8049674641,8698968902,1677510933,1557689558,2623505958,2413950558,2713040535,1348116988,1680702720,2539273505,2072623458,2098165391,2418681194,1618268416,1815637304
69,부동산신탁,10902,한국토지신탁,B,SM005,요약재무상태표(‘11.03월 이후),A5,Ⅴ. 유형자산,340297254,383047491,337304325,421705129,467021277,518494625,463239379,409504543,358016290,321340015,294646578,269081170,313662675,375393251,498350137,462243813,720896248,825112627,759678082,772726970,714049575,1088105812,1022444217,975096988,919490925,991680492,943014533,958534789,853506941,785779319,959480383,2695606222,2444446215,2164018137,4042055513,3006540818,2150488511,67906730558,48911405345,47477213153,45889499171,44453393592,43095315010,41855076120,40306377948,39082227239,38096307998,36423637424,35047695115,33563938294,32141162607,30480832461,29251930864,27686431501
70,부동산신탁,10902,한국토지신탁,B,SM005,요약재무상태표(‘11.03월 이후),A50,유형자산_(손상차손누계액), , ,0,0,0,0,0,0,0,0,0,0,0,0,0,0,0,0,0,0,0,0,0,0,0,0,0,0,0,0,0,0,0,0,0,0,0,0,0,0,0,0,0,0,0,0,0,0,0,0,0,0,0,0
71,부동산신탁,10902,한국토지신탁,B,SM005,요약재무상태표(‘11.03월 이후),A51,유형자산__토지, , ,0,0,0,0,0,0,0,0,0,0,0,0,0,0,0,0,0,0,0,0,0,0,0,0,0,0,0,0,0,0,0,0,0,0,0,0,0,0,0,0,0,0,0,0,0,0,0,0,0,0,0,0
72,부동산신탁,10902,한국토지신탁,B,SM005,요약재무상태표(‘11.03월 이후),A52,유형자산_건물, , ,0,0,0,0,0,0,0,0,0,0,0,0,0,0,0,0,0,0,0,0,0,0,0,0,0,0,0,0,0,0,0,0,0,0,0,0,0,0,0,0,0,0,0,0,0,0,0,0,0,0,0,0
73,부동산신탁,10902,한국토지신탁,B,SM005,요약재무상태표(‘11.03월 이후),A53,유형자산_구축물, , ,0,0,0,0,0,0,0,0,0,0,0,0,0,0,0,0,0,0,0,0,0,0,0,0,0,0,0,0,0,0,0,0,0,0,0,0,0,0,0,0,0,0,0,0,0,0,0,0,0,0,0,0
74,부동산신탁,10902,한국토지신탁,B,SM005,요약재무상태표(‘11.03월 이후),A54,유형자산_차량운반구,99316577,183727275,183727275,225278249,314866779,430914879,430914879,430914879,430914879,430914879,430914879,430914879,430914879,430914879,510573019,510573019,806227047,806227047,806227047,806227047,806227047,690178947,690178947,690178947,690178947,690178947,418108948,418108948,273965623,273965623,273965623,273965623,117075678,117075678,117075678,0,0,0,0,0,0,0,0,0,0,0,0,0,0,0,0,0,0,0
75,부동산신탁,10902,한국토지신탁,B,SM005,요약재무상태표(‘11.03월 이후),A55,유형자산_비품,2853669768,2765840342,2769019738,1407726178,1421573649,1418988915,1422608690,1425487953,1430380272,1421664720,1433832702,1446739155,1529854844,1634492973,1729493265,1747896969,1785525497,1955774541,1597556264,1693715352,1712324254,2164718597,2195408135,2246911263,2294034466,2476657477,2542828098,2679774222,2713745000,2760578921,3041648723,2750420316,2752947186,2829552003,2913322857,2983300539,3001247366,4116130103,7900218335,7920273442,7961937250,8000194156,8152839467,8512671720,8541213850,8590854473,8641817851,8657340181,8657679861,8839781224,8886214499,8886214499,8887120535,8887120535
76,부동산신탁,10902,한국토지신탁,B,SM005,요약재무상태표(‘11.03월 이후),A56,유형자산_건설중인자산, , ,0,0,0,0,0,0,0,0,0,0,0,0,0,0,0,0,0,0,0,0,0,0,0,0,0,0,0,0,0,0,0,0,0,0,0,0,0,0,0,0,0,0,0,0,0,0,0,0,0,0,0,0
77,부동산신탁,10902,한국토지신탁,B,SM005,요약재무상태표(‘11.03월 이후),A57,유형자산_운용리스자산(종금계정), , ,0,0,0,0,0,0,0,0,0,0,0,0,0,0,0,0,0,0,0,0,0,0,0,0,0,0,0,0,0,0,0,0,0,0,0,0,0,0,0,0,0,0,0,0,0,0,0,0,0,0,0,0
78,부동산신탁,10902,한국토지신탁,B,SM005,요약재무상태표(‘11.03월 이후),A58,유형자산_선급리스자산(종금계정), , ,0,0,0,0,0,0,0,0,0,0,0,0,0,0,0,0,0,0,0,0,0,0,0,0,0,0,0,0,0,0,0,0,0,0,0,0,0,0,0,0,0,0,0,0,0,0,0,0,0,0,0,0
79,부동산신탁,10902,한국토지신탁,B,SM005,요약재무상태표(‘11.03월 이후),A59,유형자산_기타, , ,0,0,0,0,0,0,0,0,0,0,0,0,0,0,0,0,0,0,0,0,0,0,0,0,0,0,0,0,0,2949551930,3057460351,3601253801,6561170432,6273461793,6273461793,72708361012,51359574024,51534756782,51534756782,51687764730,51804373956,51847087638,51911543354,52277758718,52910855639,52910855639,53177213067,53177213067,53382599951,53382599951,53834302139,53923719100
80,부동산신탁,10902,한국토지신탁,B,SM005,요약재무상태표(‘11.03월 이후),A5A,유형자산_감가상각누계액(-),2612689091,2566520126,2615442688,1211299298,1269419151,1331409169,1390284190,1446898289,1503278861,1531239584,1570101003,1608572864,1647107048,1690014601,1741716147,1796226175,1870856296,1936888961,1644105229,1727215429,1804501726,1766791732,1863142865,1961993222,2064722488,2175155932,2017922513,2139348381,2134203682,2248765225,2356133963,3278331647,3483037000,4383863345,5549513454,6250221514,7124220648,8917760557,10348387014,11977817071,13607194861,15234565294,16861898413,18504683238,20146379256,21786385952,23456365492,25144558396,26787197813,28453055997,30127651843,31787981989,33469491810,35124408134
81,부동산신탁,10902,한국토지신탁,B,SM005,요약재무상태표(‘11.03월 이후),A5A0,유형자산__감가상각누계액(-)_건물, , ,0,0,0,0,0,0,0,0,0,0,0,0,0,0,0,0,0,0,0,0,0,0,0,0,0,0,0,0,0,0,0,0,0,0,0,0,0,0,0,0,0,0,0,0,0,0,0,0,0,0,0,0
82,부동산신탁,10902,한국토지신탁,B,SM005,요약재무상태표(‘11.03월 이후),A5A1,유형자산_감가상각누계액(-)_구축물, , ,0,0,0,0,0,0,0,0,0,0,0,0,0,0,0,0,0,0,0,0,0,0,0,0,0,0,0,0,0,0,0,0,0,0,0,0,0,0,0,0,0,0,0,0,0,0,0,0,0,0,0,0
83,부동산신탁,10902,한국토지신탁,B,SM005,요약재무상태표(‘11.03월 이후),A5A2,유형자산_감가상각누계액(-)_차량운반구,21834537,33317491,44800447,57149045,73970921,100903101,127835281,154767457,181699637,208631816,235563999,262496175,287073365,310473057,335532296,361235820,405417723,444323961,483230199,521270788,554838105,462247017,485704027,509161034,532618045,556075056,307462067,330919074,225916152,243039004,259332084,273965623,117075678,117075678,117075678,0,0,0,0,0,0,0,0,0,0,0,0,0,0,0,0,0,0,0
84,부동산신탁,10902,한국토지신탁,B,SM005,요약재무상태표(‘11.03월 이후),A5A3,유형자산_감가상각누계액(-)_비품,2590854554,2533202635,2570642241,1154150253,1195448230,1230506068,1262448909,1292130832,1321579224,1322607768,1334537004,1346076689,1360033683,1379541544,1406183851,1434990355,1465438573,1492565000,1160875030,1205944641,1249663621,1304544715,1377438838,1452832188,1532104443,1619080876,1710460446,1808429307,1908287530,2005726221,2096801879,1884503095,1990861381,2090566164,2191165480,2293077372,2393792982,2310884243,2634990963,3023640454,3410618213,3791371819,4171588022,4565456229,4961968871,5357587726,5745708357,6154860738,6507689226,6890629539,7276241714,7657754891,8037297768,8388369764
85,부동산신탁,10902,한국토지신탁,B,SM005,요약재무상태표(‘11.03월 이후),A5A4,유형자산_감가상각누계액(-)_기타, , ,0,0,0,0,0,0,0,0,0,0,0,0,0,0,0,0,0,0,0,0,0,0,0,0,0,0,0,0,0,1119862929,1375099941,2176221503,3241272296,3957144142,4730427666,6606876314,7713396051,8954176617,10196576648,11443193475,12690310391,13939227009,15184410385,16428798226,17710657135,18989697658,20279508587,21562426458,22851410129,24130227098,25432194042,26736038370
86,부동산신탁,10902,한국토지신탁,B,SM005,요약재무상태표(‘11.03월 이후),A5A5,유형자산_감가상각누계액(종금계정)(-), , ,0,0,0,0,0,0,0,0,0,0,0,0,0,0,0,0,0,0,0,0,0,0,0,0,0,0,0,0,0,0,0,0,0,0,0,0,0,0,0,0,0,0,0,0,0,0,0,0,0,0,0,0
87,부동산신탁,10902,한국토지신탁,B,SM005,요약재무상태표(‘11.03월 이후),A5A6,유형자산_처분손실충당금(종금계정)(-), , ,0,0,0,0,0,0,0,0,0,0,0,0,0,0,0,0,0,0,0,0,0,0,0,0,0,0,0,0,0,0,0,0,0,0,0,0,0,0,0,0,0,0,0,0,0,0,0,0,0,0,0,0
88,부동산신탁,10902,한국토지신탁,B,SM005,요약재무상태표(‘11.03월 이후),A6,Ⅵ. CMA운용자산(종금계정),0,0,0,0,0,0,0,0,0,0,0,0,0,0,0,0,0,0,0,0,0,0,0,0,0,0,0,0,0,0,0,0,0,0,0,0,0,0,0,0,0,0,0,0,0,0,0,0,0,0,0,0,0,0
89,부동산신탁,10902,한국토지신탁,B,SM005,요약재무상태표(‘11.03월 이후),A7,Ⅶ. 리스자산(종금계정),0,0,0,0,0,0,0,0,0,0,0,0,0,0,0,0,0,0,0,0,0,0,0,0,0,0,0,0,0,0,0,0,0,0,0,0,0,0,0,0,0,0,0,0,0,0,0,0,0,0,0,0,0,0
90,부동산신탁,10902,한국토지신탁,B,SM005,요약재무상태표(‘11.03월 이후),A8,Ⅷ. 기타자산,67025274528,61740602803,90273153114,54681198365,60322414379,53679735513,44015626822,44611017907,45759456703,46131437505,47693493404,41506445134,34949806415,33584765598,37387931420,39223649185,40372793025,32345615585,34648652764,25921334078,63532991812,28914947632,35953254148,34357316050,42734841800,50917929359,75587836205,59273283014,64818054062,88593457521,97459746524,82920607797,78826127696,78380135026,75395579463,69763956559,84687963277,75931121610,78082143508,67174330222,82967256665,61975251298,72201333164,59461983911,68515859845,62876057785,66616433073,73917721247,69905401530,76779795192,78639142278,77489930706,79796730180,75192687134
91,부동산신탁,10902,한국토지신탁,B,SM005,요약재무상태표(‘11.03월 이후),A80,Ⅷ. 기타자산_(현재가치할인차금)(-), , ,81870455,69854113,57837771,45821429,34659656,25207023,15754390,6301757,0,0,0,0,0,0,0,0,0,0,0,0,0,0,0,0,0,0,0,0,0,0,0,0,0,0,0,0,0,0,0,0,0,0,0,0,0,0,0,0,0,0,0,0
92,부동산신탁,10902,한국토지신탁,B,SM005,요약재무상태표(‘11.03월 이후),A81,Ⅷ. 기타자산_(현재가치할증차금)(+), , ,0,0,0,0,0,0,0,0,0,0,0,0,0,0,0,0,0,0,0,0,0,0,0,0,0,0,0,0,0,0,0,0,0,0,0,0,0,0,0,0,0,0,0,0,0,0,0,0,0,0,0,0
93,부동산신탁,10902,한국토지신탁,B,SM005,요약재무상태표(‘11.03월 이후),A82,Ⅷ. 기타자산_미수금,20485718747,17754555997,51929684136,17366262552,17267226544,7272051816,7174037179,8602122604,10884938020,13374201103,13218794537,9348016704,7189336089,6530247154,9174013801,8367162358,8967509283,6588989535,6653656241,6562904333,17848591363,6778933318,9172087395,8117973833,7783990021,8092747204,19078512715,7791263760,8238919860,23578549970,28335287755,15750769991,13926857631,15821411390,11759797595,12507144991,11954597841,10905667880,12514188790,13764436502,13183542360,13055945712,12741351624,14002495311,18139679555,18565956477,18997267038,28813726179,22735224539,24331614575,21742662574,22432437449,22285244142,17997939564
94,부동산신탁,10902,한국토지신탁,B,SM005,요약재무상태표(‘11.03월 이후),A820,Ⅷ. 기타자산_미수금_신탁보수미수금,5702388839,5131670517,4469142843,4729565042,5041704405,5238951286,5311861008,6498285332,9032290682,11489939072,10955950750,6659150833,5857893968,5185530613,5826783729,4702778435,5636754192,5261975044,5330064530,5116559132,6387425159,5449921516,8939030842,7734262050,6882494819,7307001326,8192993443,7004214451,6640199567,6982199213,9058369495,10214694954,11948907677,12091385202,9923447746,11595536529,11692785922,10856186605,12086989414,12248661951,12768471369,13040610146,12720308274,13141537311,16149221155,16613215887,17017026448,20238933866,20698133527,22103471599,19444678644,20018258033,19650127255,15495315695
95,부동산신탁,10902,한국토지신탁,B,SM005,요약재무상태표(‘11.03월 이후),A821,Ⅷ. 기타자산_미수금_기타,14783329908,12622885480,47460541293,12636697510,12225522139,2033100530,1862176171,2103837272,1852647338,1884262031,2262843787,2688865871,1331442121,1344716541,3347230072,3664383923,3330755091,1327014491,1323591711,1446345201,11461166204,1329011802,233056553,383711783,901495202,785745878,10885519272,787049309,1598720293,16596350757,19276918260,5536075037,1977949954,3730026188,1836349849,911608462,261811919,49481275,427199376,1515774551,415070991,15335566,21043350,860958000,1990458400,1952740590,1980240590,8574792313,2037091012,2228142976,2297983930,2414179416,2635116887,2502623869
96,부동산신탁,10902,한국토지신탁,B,SM005,요약재무상태표(‘11.03월 이후),A83,Ⅷ. 기타자산_미수수익,7210439477,7578806065,10971907174,9432734996,9980512382,13843281943,11531353970,9239103624,9355376641,9096766833,10685201888,9708929741,9195266564,9604131617,9987855826,9580294938,9879271884,9612142909,10449843430,8340643658,6970318124,8938679066,11731784971,13052718791,21649605747,29620707385,40756446246,36773190572,40684796262,52202660185,49327587440,47599816433,47317461970,41762983780,38878555324,31646106324,29794605677,28734000095,27280809370,24348540294,21176486585,20813165463,19645617736,21341104232,21554532919,22629318708,24504925480,28997637352,34417956285,39653916664,43695704298,42266539586,45735439013,48639001743
97,부동산신탁,10902,한국토지신탁,B,SM005,요약재무상태표(‘11.03월 이후),A830,Ⅷ. 기타자산_미수수익_미수수수료,4453848749,4205357780,6814572050,5051626280,4397148047,5671919154,4671949212,3846796733,3325985980,3496457036,5203803450,3392556735,4037698037,4603910684,5628235292,4904353349,5995631368,6893250082,7246428680,5600241441,4435662178,6019485101,7835950771,7771781538,15682641460,24189109073,35496311554,30488013158,34764531024,40996453681,40629326810,39037052074,37467091721,32585697405,30116075722,24394937427,21594915657,22247257180,20459834728,16697764829,13024595069,12738759569,11469853810,12704150883,11820446972,11505137837,12108186656,11314107949,13841054886,16209237484,21181209104,21474207628,23054058506,25312862220
98,부동산신탁,10902,한국토지신탁,B,SM005,요약재무상태표(‘11.03월 이후),A831,Ⅷ. 기타자산_미수수익_미수이자,2698350578,3330639445,4115783344,4339804506,5549438835,8145347469,6835379948,5370123961,6027704421,5598629067,5382280888,6218106946,5059318417,5000220933,4359620534,4675941589,3883640516,2718892827,3203414750,2740402217,2534655946,2919193965,3895834200,5280937253,5966964287,5431598312,5260134692,6285177414,5920265238,11206206504,8698260630,8562764359,9850370249,9177286375,8762479602,7251168897,8199690020,6486742915,6820974642,7650775465,8151891516,8074405894,8175763926,8636953349,9734085947,11124180871,12396738824,17683529403,20576901399,23444679180,22514495194,20792331958,22681380507,23326139523
99,부동산신탁,10902,한국토지신탁,B,SM005,요약재무상태표(‘11.03월 이후),A832,Ⅷ. 기타자산_미수수익_미수배당금, , ,0,0,0,0,0,0,0,0,94931500,94931500,94931500,0,0,0,0,0,0,0,0,0,0,0,0,0,0,0,0,0,0,0,0,0,0,0,0,0,0,0,0,0,0,0,0,0,0,0,0,0,0,0,0,0
100,부동산신탁,10902,한국토지신탁,B,SM005,요약재무상태표(‘11.03월 이후),A833,Ⅷ. 기타자산_미수수익_미수분배금, , ,0,0,0,0,0,0,0,0,0,0,0,0,0,0,0,0,0,0,0,0,0,0,0,0,0,0,0,0,0,0,0,0,0,0,0,0,0,0,0,0,0,0,0,0,0,0,0,0,0,0,0,0
101,부동산신탁,10902,한국토지신탁,B,SM005,요약재무상태표(‘11.03월 이후),A834,Ⅷ. 기타자산_미수수익_기타,58240150,42808840,41551780,41304210,33925500,26015320,24024810,22182930,1686240,1680730,4186050,3334560,3318610,0,0,0,0,0,0,0,0,0,0,0,0,0,0,0,0,0,0,0,0,0,0,0,0,0,0,0,0,0,0,0,0,0,0,0,0,0,0,0,0,0
102,부동산신탁,10902,한국토지신탁,B,SM005,요약재무상태표(‘11.03월 이후),A84,Ⅷ. 기타자산_선급금,35000000,0,0,0,0,0,0,1000000000,1000000000,950000000,950000000,24750000,24750000,0,0,0,0,0,0,0,25980000000,0,0,0,0,0,0,0,0,250352303,100000000,154754279,100000000,0,0,0,0,0,0,0,0,0,0,50000000,50000000,217373270,0,0,0,0,0,0,0,0
103,부동산신탁,10902,한국토지신탁,B,SM005,요약재무상태표(‘11.03월 이후),A85,Ⅷ. 기타자산_선급비용,1187388052,956260068,131414214,88943879,65168166,135897443,13750004,61707727,36534212,33754611,21686080,59516048,36235704,33815362,44853240,83472775,37906852,14765932,32565254,151240052,124024150,114209783,28774516,69876399,43283026,32886690,26509272,785328670,524007638,272069700,10791670,63416510,39824899,28483291,560135998,1157440707,798482171,1228262740,1456563045,2308289162,1944717289,1158586746,693523199,1959455593,1778079835,1140589827,587385099,1460949762,1363869785,1127467268,723906173,1591048521,1394002469,893618082
104,부동산신탁,10902,한국토지신탁,B,SM005,요약재무상태표(‘11.03월 이후),A86,Ⅷ. 기타자산_선급제세,0,0,0,0,0,240000,0,0,0,0,0,0,0,0,0,0,0,0,0,0,0,0,0,0,0,0,0,0,0,0,0,0,0,0,0,0,0,0,0,0,0,0,0,0,0,0,0,0,0,0,0,0,0,0
105,부동산신탁,10902,한국토지신탁,B,SM005,요약재무상태표(‘11.03월 이후),A87,Ⅷ. 기타자산_대리점, , ,0,0,0,0,0,0,0,0,0,0,0,0,0,0,0,0,0,0,0,0,0,0,0,0,0,0,0,0,0,0,0,0,0,0,0,0,0,0,0,0,0,0,0,0,0,0,0,0,0,0,0,0
106,부동산신탁,10902,한국토지신탁,B,SM005,요약재무상태표(‘11.03월 이후),A88,Ⅷ. 기타자산_본.지점, , ,0,0,0,0,0,0,0,0,0,0,0,0,0,0,0,0,0,0,0,0,0,0,0,0,0,0,0,0,0,0,0,0,0,0,0,0,0,0,0,0,0,0,0,0,0,0,0,0,0,0,0,0
107,부동산신탁,10902,한국토지신탁,B,SM005,요약재무상태표(‘11.03월 이후),A89,Ⅷ. 기타자산_보증금,9013753759,8623753759,10430628759,14711158859,20901158859,20959158859,13105722030,13935722030,14570716230,14560716230,12725716230,13257716230,13359285230,13331285230,13101285230,15252101270,16421519410,10431519410,11187719410,10597556228,10707232048,10722232048,11282232048,10772232048,11001632048,10485632048,12605632048,11987632048,12465632048,11588336848,10532280048,10462280048,10308080048,12977996648,12103996648,12001996648,28160496648,19503075109,28974711807,20098035279,39543191770,19516052508,34311250057,19495046442,22697447473,15620590164,13030333586,12934409474,12036685695,12701739093,13268842512,12549876358,12321236785,12432927517
108,부동산신탁,10902,한국토지신탁,B,SM005,요약재무상태표(‘11.03월 이후),A890,Ⅷ. 기타자산_보증금_전세권,5749144000,5659144000,5155019000,5185549100,5275549100,5103549100,5221549100,5051549100,4986543300,4976543300,4606543300,4606543300,4743112300,4715112300,4485112300,4255112300,4075112300,4435112300,4447112300,4557949118,4257949118,4297949118,4527949118,4417949118,5012949118,4472949118,4592949118,4499949118,4999949118,5137053918,5010997118,4940997118,4815997118,4555997118,4765997118,4345997118,4345997118,7070575579,4056990432,3919989209,3631073757,3554244643,3897502435,3868836442,3739195906,3609688302,3480314500,3501075374,3669496581,3990589405,4320909673,4372536370,4114489648,4296773231
109,부동산신탁,10902,한국토지신탁,B,SM005,요약재무상태표(‘11.03월 이후),A891,Ⅷ. 기타자산_보증금_전신전화가입권,13172930,13172930,13172930,13172930,13172930,13172930,13172930,13172930,13172930,13172930,13172930,13172930,13172930,13172930,13172930,13172930,13172930,13172930,13172930,13172930,13082930,13082930,13082930,13082930,13082930,13082930,13082930,13082930,13082930,13082930,13082930,13082930,13082930,13082930,13082930,13082930,13082930,13082930,13082930,13082930,13082930,13082930,13082930,13082930,13082930,13082930,13082930,13082930,13082930,13082930,13082930,13082930,13082930,13082930
110,부동산신탁,10902,한국토지신탁,B,SM005,요약재무상태표(‘11.03월 이후),A892,Ⅷ. 기타자산_보증금_임차보증금, , ,0,0,0,0,0,0,0,0,0,0,0,0,0,0,0,0,0,0,0,0,0,0,0,0,0,0,0,0,0,0,0,0,0,0,0,0,0,0,0,0,0,0,0,0,0,0,0,0,0,0,0,0
111,부동산신탁,10902,한국토지신탁,B,SM005,요약재무상태표(‘11.03월 이후),A893,Ⅷ. 기타자산_보증금_회원보증금, , ,0,0,0,0,0,0,0,0,0,0,0,0,0,0,0,0,0,0,0,0,0,0,0,0,0,0,0,0,0,0,5479000000,0,0,0,0,0,0,0,0,0,0,0,0,0,0,0,0,0,0,0,0,0
112,부동산신탁,10902,한국토지신탁,B,SM005,요약재무상태표(‘11.03월 이후),A894,Ⅷ. 기타자산_보증금_기타,3251436829,2951436829,5262436829,9512436829,15612436829,15842436829,7871000000,8871000000,9571000000,9571000000,8106000000,8638000000,8603000000,8603000000,8603000000,10983816040,12333234180,5983234180,6727434180,6026434180,6436200000,6411200000,6741200000,6341200000,5975600000,5999600000,7999600000,7474600000,7452600000,6438200000,5508200000,5508200000,0,8408916600,7324916600,7642916600,23801416600,12419416600,24904638445,16164963140,35899035083,15948724935,30400664692,15613127070,18945168637,11997818932,9536936156,9420251170,8354106184,8698066758,8934849909,8164257058,8193664207,8123071356
113,부동산신탁,10902,한국토지신탁,B,SM005,요약재무상태표(‘11.03월 이후),A8A,Ⅷ. 기타자산_투자부동산,0,0,0,0,0,0,0,0,0,0,0,0,0,0,0,0,0,0,0,0,0,0,0,0,0,0,0,0,0,0,0,0,0,0,0,0,0,0,0,0,0,0,0,0,0,0,0,0,0,0,0,0,0,0
114,부동산신탁,10902,한국토지신탁,B,SM005,요약재무상태표(‘11.03월 이후),A8A0,Ⅷ. 기타자산_투자부동산_(손상차손누계액), , ,0,0,0,0,0,0,0,0,0,0,0,0,0,0,0,0,0,0,0,0,0,0,0,0,0,0,0,0,0,0,0,0,0,0,0,0,0,0,0,0,0,0,0,0,0,0,0,0,0,0,0,0
115,부동산신탁,10902,한국토지신탁,B,SM005,요약재무상태표(‘11.03월 이후),A8A1,Ⅷ. 기타자산_투자부동산_토지, , ,0,0,0,0,0,0,0,0,0,0,0,0,0,0,0,0,0,0,0,0,0,0,0,0,0,0,0,0,0,0,0,0,0,0,0,0,0,0,0,0,0,0,0,0,0,0,0,0,0,0,0,0
116,부동산신탁,10902,한국토지신탁,B,SM005,요약재무상태표(‘11.03월 이후),A8A2,Ⅷ. 기타자산_투자부동산_건물, , ,0,0,0,0,0,0,0,0,0,0,0,0,0,0,0,0,0,0,0,0,0,0,0,0,0,0,0,0,0,0,0,0,0,0,0,0,0,0,0,0,0,0,0,0,0,0,0,0,0,0,0,0
117,부동산신탁,10902,한국토지신탁,B,SM005,요약재무상태표(‘11.03월 이후),A8A3,Ⅷ. 기타자산_투자부동산_건물감가상각누계액(-), , ,0,0,0,0,0,0,0,0,0,0,0,0,0,0,0,0,0,0,0,0,0,0,0,0,0,0,0,0,0,0,0,0,0,0,0,0,0,0,0,0,0,0,0,0,0,0,0,0,0,0,0,0
118,부동산신탁,10902,한국토지신탁,B,SM005,요약재무상태표(‘11.03월 이후),A8B,Ⅷ. 기타자산_무형자산,4670173539,4502783691,3138762333,3289042665,3121652817,2954262969,2352162066,2187132640,2029888315,1872643990,1511607998,1354363673,1197119348,975425000,902562500,901325000,1466007500,2739908590,2699264090,2355526590,2354289090,2604270968,2547433729,2657188314,2755765514,2734240565,2712715616,2691190667,2669665718,2648140769,3074920556,3030980372,3094205533,3045641266,5142972465,5084778630,4958009794,4908906868,1061046342,1011943416,962840490,913737564,864634638,820357018,1087667252,1058851775,1030036298,1001220821,972405344,943589867,632374390,625974112,621390231,620438990
119,부동산신탁,10902,한국토지신탁,B,SM005,요약재무상태표(‘11.03월 이후),A8B0,Ⅷ. 기타자산_무형자산_(손상차손누계액), , ,0,0,0,0,0,0,0,0,0,0,0,0,0,0,0,0,0,0,0,0,0,0,0,0,0,0,0,0,0,0,0,0,0,0,0,0,0,0,0,0,0,0,0,0,0,0,0,0,0,0,0,0
120,부동산신탁,10902,한국토지신탁,B,SM005,요약재무상태표(‘11.03월 이후),A8B1,Ⅷ. 기타자산_무형자산_영업권, , ,0,0,0,0,0,0,0,0,0,0,0,0,0,0,0,0,0,0,0,0,0,0,0,0,0,0,0,0,0,0,0,0,0,0,0,0,0,0,0,0,0,0,0,0,0,0,0,0,0,0,0,0
121,부동산신탁,10902,한국토지신탁,B,SM005,요약재무상태표(‘11.03월 이후),A8B2,Ⅷ. 기타자산_무형자산_개발비,2044176248,1886931923,1729687598,1572443273,1415198948,1257954623,1100710298,943465973,786221648,628977323,471732998,314488673,157244348,23925000,22687500,21450000,20212500,18975000,17737500,16500000,15262500,187578468,186491229,11550000,10312500,9075000,7837500,6600000,5362500,4125000,2887500,1650000,412500,0,0,0,0,0,0,0,0,0,0,0,0,0,0,0,0,0,0,0,0,0
122,부동산신탁,10902,한국토지신탁,B,SM005,요약재무상태표(‘11.03월 이후),A8B3,Ⅷ. 기타자산_무형자산_소프트웨어, , ,0,0,0,0,0,0,0,0,0,0,0,0,0,0,0,0,0,0,0,0,0,0,0,0,0,0,0,0,0,0,0,0,0,0,0,0,0,0,0,0,0,0,0,0,0,0,0,0,0,0,0,0
123,부동산신탁,10902,한국토지신탁,B,SM005,요약재무상태표(‘11.03월 이후),A8B4,Ⅷ. 기타자산_무형자산_회원권,2558125869,2558125869,1361494359,1679164539,1679164539,1679164539,1243666667,1243666667,1243666667,1243666667,1039875000,1039875000,1039875000,951500000,879875000,879875000,1445795000,2720933590,2681526590,2339026590,2339026590,2416692500,2360942500,2360942500,2360942500,2360942500,2360942500,2360942500,2360942500,2360942500,2360942500,2360942500,2360942500,2360942500,4488353409,4479262500,4401596590,4401596590,602838990,602838990,602838990,602838990,602838990,602838990,602838990,602838990,602838990,602838990,602838990,602838990,620438990,620438990,620438990,620438990
124,부동산신탁,10902,한국토지신탁,B,SM005,요약재무상태표(‘11.03월 이후),A8B5,Ⅷ. 기타자산_무형자산_기타,67871422,57725899,47580376,37434853,27289330,17143807,7785101,0,0,0,0,0,0,0,0,0,0,0,0,0,0,0,0,284695814,384510514,364223065,343935616,323648167,303360718,283073269,711090556,668387872,732850533,684698766,654619056,605516130,556413204,507310278,458207352,409104426,360001500,310898574,261795648,217518028,484828262,456012785,427197308,398381831,369566354,340750877,11935400,5535122,951241,0
125,부동산신탁,10902,한국토지신탁,B,SM005,요약재무상태표(‘11.03월 이후),A8C,Ⅷ. 기타자산_가지급금, , ,0,0,0,0,0,0,0,0,0,0,0,0,0,0,0,0,0,0,0,0,0,0,0,0,0,0,0,0,0,0,0,0,0,0,0,0,0,0,0,0,0,0,0,0,0,0,0,0,0,0,0,0
126,부동산신탁,10902,한국토지신탁,B,SM005,요약재무상태표(‘11.03월 이후),A8D,Ⅷ. 기타자산_이연법인세자산,27238863251,25359027101,18732033868,14400649719,14691488405,15015707076,16512028253,16506391970,15192666228,13815419977,15270317262,14391523472,10951481044,10924754630,12213305847,13100576087,11270191147,10313336255,11094227551,5334958934,6952229786,6876700854,7198933312,5547569453,5697733928,6372328751,6766464113,6076128562,6761127151,6594108692,14849357140,14393603964,13820960674,14576381171,16003696852,14640811832,16443964905,17115736272,12943672879,11831024282,12365704573,12871422407,13670050814,11558452600,12777335082,13311815375,12434550709,6863327140,5471339257,5216368503,1824882473,0,0,957143774
127,부동산신탁,10902,한국토지신탁,B,SM005,요약재무상태표(‘11.03월 이후),A8E,Ⅷ. 기타자산_일반상품, , ,0,0,0,0,0,0,0,0,0,0,0,0,0,0,0,0,0,0,0,0,0,0,0,0,0,0,0,0,0,0,0,0,0,0,0,0,0,0,0,0,0,0,0,0,0,0,0,0,0,0,0,0
128,부동산신탁,10902,한국토지신탁,B,SM005,요약재무상태표(‘11.03월 이후),A8F,Ⅷ. 기타자산_기타,2799065557,2799065557,1208411410,1208411410,1208411410,1208411410,1208411410,1208411410,1208411410,1208411410,1208411410,1208411410,1208411410,1208411410,1053705348,1053705348,1053705348,1053705348,0,0,0,0,0,0,0,0,0,0,0,0,0,0,0,0,0,0,0,0,0,0,0,0,0,0,0,0,6641802401,5029199183,4443644676,4863487476,5973419487,4076975186,4074607167,3476866829
129,부동산신탁,10902,한국토지신탁,B,SM005,요약재무상태표(‘11.03월 이후),A8G,Ⅷ. 기타자산_대손충당금(-),5615127854,5833649435,6269688780,5816005715,6913204204,7709276003,7881838090,8129574098,8519074353,8780476649,7898242001,7846782144,8212078974,9023304805,9089650372,9114988591,8723318399,8408752394,7468623212,7421495717,7403692749,7120078405,6007991823,5860242788,6197168484,6420613284,6358443805,6831451265,6526094615,8540760946,8770478085,8535013800,9781263059,9832762520,9053575419,7274322573,7422193759,6464527354,6148848725,6187938713,6209226402,6353659102,9725094904,9764927285,9568882271,9668437811,10609867538,11182748664,11535724051,12058388254,9222649629,6052920506,6635189627,9825249365
130,부동산신탁,10902,한국토지신탁,B,SM005,요약재무상태표(‘11.03월 이후),A8G0,Ⅷ. 기타자산_대손충당금(-)_미수금대손충당금,3628580389,3565627709,3959272648,3800891798,4888614980,5154365250,5164827979,5847701771,6231906892,6290102300,5455664274,5412407169,5437961146,5716375016,5782414234,5810543668,5581007610,5523288156,5480691070,5495061153,5573438584,5478623662,4403941098,4254614410,4279338399,4245785143,4131860831,4281379354,4157195024,5334631195,4926598122,4735246892,4700285735,5492957963,5147856881,4161296285,4101985304,4065022068,4006786658,3981386485,4032249222,4275114257,4147001517,4127567580,4169344765,4188583077,4734893059,4728488410,4774896523,4726183322,1546627385,1570095399,1320516975,1288851198
131,부동산신탁,10902,한국토지신탁,B,SM005,요약재무상태표(‘11.03월 이후),A8G1,Ⅷ. 기타자산_대손충당금(-)_미수수익대손충당금,1986547465,2268021726,2310416132,2015113917,2024589224,2554910753,2717010111,2271872327,2277167461,2480874349,2433077727,2434127475,2773870328,3306929789,3307236138,3304444923,3142310789,2885464238,1987932142,1926434564,1570454165,1641454743,1604050725,1605628378,1917830085,2174828141,2226582974,2550071911,2368899591,3203851388,3842879963,3798219366,5080977324,4339804557,3905718538,3113026288,3320208455,2399505286,2142062067,2206552228,2176977180,2078544845,5578093387,5637359705,5399537506,5479854734,5874974479,6454260254,6760827528,7332204932,7676022244,4482825107,5314672652,8536398167
132,부동산신탁,10902,한국토지신탁,B,SM005,요약재무상태표(‘11.03월 이후),A8G10,Ⅷ. 기타자산_대손충당금(-)_미수수익대손충당금_미수수수료대손충당금,1486118394,1603822464,1648039755,1360485718,1369638712,1900024252,2062605282,1616229898,1621356598,1829867800,1934979024,1934979024,1953696135,2059387659,2043981577,2003273910,2031037915,2032874164,1128404026,1090896057,729266451,784241021,882045436,914109185,1168440070,1470131497,1562895271,1766294249,1610681514,2007176781,1898900582,1998720794,3101945985,2120362938,1669722374,1201640381,1389759648,1178662290,807789869,748536751,588457697,519999428,517983504,533475758,613158510,558300672,598085348,543385879,601394167,647698994,648621772,562119096,624246230,971859301
133,부동산신탁,10902,한국토지신탁,B,SM005,요약재무상태표(‘11.03월 이후),A8G11,Ⅷ. 기타자산_대손충당금(-)_미수수익대손충당금_미수이자대손충당금,498921690,660088780,660088780,653977450,653977450,653977450,653977450,655120600,655120600,650733280,497943280,497943280,818825774,1247260845,1263213717,1300888205,1111267830,852583826,859505688,835538507,841187714,857213722,722005289,691519193,749390015,704696644,663687703,783777662,758218077,1196674607,1943979381,1799498572,1979031339,2219441619,2235996164,1911385907,1930448807,1220842996,1334272198,1458015477,1588519483,1558545417,5060109883,5103883947,4786378996,4921554062,5276889131,5910874375,6159433361,6684505938,7027400472,3920706011,4690426422,7564538866
134,부동산신탁,10902,한국토지신탁,B,SM005,요약재무상태표(‘11.03월 이후),A8G12,Ⅷ. 기타자산_대손충당금(-)_미수수익대손충당금_기타대손충당금,1507381,4110482,2287597,650749,973062,909051,427379,521829,690263,273269,155423,1205171,1348419,281285,40844,282808,5044,6248,22428,0,0,0,0,0,0,0,0,0,0,0,0,0,0,0,0,0,0,0,0,0,0,0,0,0,0,0,0,0,0,0,0,0,0,0
135,부동산신탁,10902,한국토지신탁,B,SM005,요약재무상태표(‘11.03월 이후),A8G2,Ⅷ. 기타자산_대손충당금(-)_선급금대손충당금, , ,0,0,0,0,0,10000000,10000000,9500000,9500000,247500,247500,0,0,0,0,0,0,0,259800000,0,0,0,0,0,0,0,0,2278363,1000000,1547542,0,0,0,0,0,0,0,0,0,0,0,0,0,0,0,0,0,0,0,0,0,0
136,부동산신탁,10902,한국토지신탁,B,SM005,요약재무상태표(‘11.03월 이후),A8G3,Ⅷ. 기타자산_대손충당금(-)_기타대손충당금, , ,0,0,0,0,0,0,0,0,0,0,0,0,0,0,0,0,0,0,0,0,0,0,0,0,0,0,0,0,0,0,0,0,0,0,0,0,0,0,0,0,0,0,0,0,0,0,0,0,0,0,0,0
137,부동산신탁,10902,한국토지신탁,B,SM005,요약재무상태표(‘11.03월 이후),B,부채총계,315519848355,262488299441,235727218926,207690900689,262380873211,300567280272,251756404743,276079421555,206281894080,169394814495,172344388240,119691592183,81314396526,76766488725,85657068177,94267938580,67394810798,64623144888,155303655656,206343698112,174553653477,278247267018,352756715381,416470340380,409631259358,426914944104,473885419035,456472899016,457371627657,530639924506,535469994271,478040893105,574945745095,478733787473,516330766881,553926944935,545365946447,613061609023,560191109217,556656572357,556139154164,566393578560,589453298772,685412389738,585407705497,589268390290,594273557085,504524719649,665310598928,683531696499,731886961629,767708550153,751569658348,728456080255
138,부동산신탁,10902,한국토지신탁,B,SM005,요약재무상태표(‘11.03월 이후),B1,Ⅰ. 예수부채,0,0,0,0,0,0,0,0,0,0,0,0,0,0,0,0,0,0,0,0,0,0,0,0,0,0,0,0,0,0,0,0,0,0,0,0,0,0,0,0,0,0,0,0,0,0,0,0,0,0,0,0,0,0
139,부동산신탁,10902,한국토지신탁,B,SM005,요약재무상태표(‘11.03월 이후),B2,Ⅱ. 차입부채,239871800837,221610643364,191364129429,161019710376,211449104033,248886762999,187042546864,203428684972,146008422003,121047275740,121082866347,71102640808,41109989410,33754353717,32312650397,32333616233,19946906804,19963532242,94980297591,124758138130,104780195385,204403651708,279665704668,343942790393,344041532937,354141448788,379372321441,379343929211,379446024440,449313269918,449437337066,399555912744,499304890663,399439653780,429541201976,473987683292,474091393092,475696181267,445801826799,445907391456,446014402350,445904553368,457840152584,562867416749,466546957532,467150123812,468628441626,364493470321,558813655497,566737447351,615320625997,637293360073,642769976065,614682743608
140,부동산신탁,10902,한국토지신탁,B,SM005,요약재무상태표(‘11.03월 이후),B20,Ⅱ. 차입부채_(현재가치할인차금)(-), , ,0,0,0,0,0,0,0,0,0,0,0,0,0,0,0,0,0,0,0,0,0,0,0,0,0,0,0,0,0,0,0,0,0,0,0,0,0,0,0,0,0,0,0,0,0,0,0,0,0,0,0,0
141,부동산신탁,10902,한국토지신탁,B,SM005,요약재무상태표(‘11.03월 이후),B21,Ⅱ. 차입부채_(현재가치할증차금)(+), , ,0,0,0,0,0,0,0,0,0,0,0,0,0,0,0,0,0,0,0,0,0,0,0,0,0,0,0,0,0,0,0,0,0,0,0,0,0,0,0,0,0,0,0,0,0,0,0,0,0,0,0,0
142,부동산신탁,10902,한국토지신탁,B,SM005,요약재무상태표(‘11.03월 이후),B22,Ⅱ. 차입부채_차입금,130435953730,112081883110,101749306950,101338715420,111961896510,149301159550,87355639450,123657377098,66370471780,41346268490,41317539450,11284229930,11246323090,3870091640,2407533340,2407533340,0,0,75000000000,55000000000,55000000000,55000000000,130210012778,45000000000,45000000000,55000000000,80129524054,80000000000,80000000000,90000000000,90000000000,90000000000,90000000000,90000000000,120000000000,115000000000,115000000000,116500000000,86500000000,86500000000,86500000000,86500000000,98329991390,103609314750,107165004100,107651870842,109012995807,125171935777,219740220716,227471536791,275858399639,298197975826,303491417085,325535560832
143,부동산신탁,10902,한국토지신탁,B,SM005,요약재무상태표(‘11.03월 이후),B23,Ⅱ. 차입부채_매도증권,0,0,0,0,0,0,0,0,0,0,0,0,0,0,0,0,0,0,0,0,0,0,0,0,0,0,0,0,0,0,0,0,0,0,0,0,0,0,0,0,0,0,0,0,0,0,0,0,0,0,0,0,0,0
144,부동산신탁,10902,한국토지신탁,B,SM005,요약재무상태표(‘11.03월 이후),B24,Ⅱ. 차입부채_사채,109435847107,109528760254,89614822479,59680994956,99487207523,99585603449,99686907414,79771307874,79637950223,79701007250,79765326897,59818410878,29863666320,29884262077,29905117057,29926082893,19946906804,19963532242,19980297591,69758138130,49780195385,149403651708,149455691890,298942790393,299041532937,299141448788,299242797387,299343929211,299446024440,359313269918,359437337066,309555912744,409304890663,309439653780,309541201976,358987683292,359091393092,359196181267,359301826799,359407391456,359514402350,359404553368,359510161194,459258101999,359381953432,359498252970,359615445819,239321534544,339073434781,339265910560,339462226358,339095384247,339278558980,289147182776
145,부동산신탁,10902,한국토지신탁,B,SM005,요약재무상태표(‘11.03월 이후),B240,Ⅱ. 차입부채_(사채발행차금),564152893,471239746,385177521,319005044,512792477,414396551,313092586,228692126,362049777,298992750,234673103,181589122,136333680,115737923,94882943,73917107,53093196,36467758,19702409,241861870,219804615,596348292,544308110,1057209607,958467063,858551212,757202613,656070789,553975560,686730082,562662934,444087256,695109337,560346220,458798024,1012316708,908606908,803818733,698173201,592608544,485597650,595446632,489838806,741898001,618046568,501747030,384554181,678465456,926565219,734089440,537773642,904615753,721441020,852817224
146,부동산신탁,10902,한국토지신탁,B,SM005,요약재무상태표(‘11.03월 이후),B25,Ⅱ. 차입부채_발행어음(종금계정), , ,0,0,0,0,0,0,0,0,0,0,0,0,0,0,0,0,0,0,0,0,0,0,0,0,0,0,0,0,0,0,0,0,0,0,0,0,0,0,0,0,0,0,0,0,0,0,0,0,0,0,0,0
147,부동산신탁,10902,한국토지신탁,B,SM005,요약재무상태표(‘11.03월 이후),B26,Ⅱ. 차입부채_기타,0,0,0,0,0,0,0,0,0,0,0,0,0,0,0,0,0,0,0,0,0,0,0,0,0,0,0,0,0,0,0,0,0,0,0,0,0,0,0,0,0,0,0,0,0,0,0,0,0,0,0,0,0,0
148,부동산신탁,10902,한국토지신탁,B,SM005,요약재무상태표(‘11.03월 이후),B3,Ⅳ. 기타부채,75648047518,40877656077,44363089497,46671190313,50931769178,51680517273,64713857879,72650736583,60273472077,48347538755,51261521893,48588951375,40204407116,43012135008,53344417780,61934322347,47447903994,44659612646,60323358065,81585559982,69773458092,73843615310,73091010713,72527549987,65589726421,72773495316,94513097594,77128969805,77925603217,81326654588,86032657205,78484980361,75640854432,79294133693,86789564905,79939261643,71274553355,137365427756,114389282418,110749180901,110124751814,120489025192,131613146188,122544972989,118860747965,122118266478,125645115459,140031249328,106496943431,116794249148,116566335632,130415190080,108799682283,113773336647
149,부동산신탁,10902,한국토지신탁,B,SM005,요약재무상태표(‘11.03월 이후),B30,Ⅳ. 기타부채_(현재가치할인차금)(-), , ,0,0,0,0,0,0,0,0,0,0,0,0,0,0,0,0,0,0,0,0,0,0,0,0,0,0,0,0,0,0,0,0,0,0,0,0,0,0,0,0,0,0,0,0,0,0,0,0,0,0,0,0
150,부동산신탁,10902,한국토지신탁,B,SM005,요약재무상태표(‘11.03월 이후),B31,Ⅳ. 기타부채_(현재가치할증차금)(+), , ,0,0,0,0,0,0,0,0,0,0,0,0,0,0,0,0,0,0,0,0,0,0,0,0,0,0,0,0,0,0,0,0,0,0,0,0,0,0,0,0,0,0,0,0,0,0,0,0,0,0,0,0
151,부동산신탁,10902,한국토지신탁,B,SM005,요약재무상태표(‘11.03월 이후),B32,Ⅳ. 기타부채_퇴직급여부채,866909741,1091953367,1426155330,1600207675,1742432051,675949545,1363429102,1606244111,1809354339,2059701890,2685019154,2985408138,3222409768,3539546021,3768770319,3968340773,3941874517,4256678253,2172935301,2547658933,2888303637,3299858762,1684272763,2091946175,1400529103,1805165743,1133391433,1820183212,1341286146,1640176955,1660209100,2238179208,2541225111,1968666856,2811121493,3893337401,2832163220,3135778310,537630479,1253083500,1774103316,2407891927,603157816,2423854604,3361251949,3867024958,0,0,0,0,0,0,0,0
152,부동산신탁,10902,한국토지신탁,B,SM005,요약재무상태표(‘11.03월 이후),B320,Ⅳ. 기타부채_퇴직급여부채_확정급여채무,1375970764,1598646424,1936101817,2113900614,2246021149,1011417004,1701832316,1946834992,2152048629,2404532646,3001679226,3303934202,3542923420,3862145824,4082423785,4283773832,4258961289,4575343876,5654468086,6048331069,6368766654,6648291917,7104580255,7519707047,7907348469,8300839581,8272688796,8226282059,8475927342,8808175495,9730571928,10007228006,9935656234,9402998272,11363878046,11757954842,11614230228,11962731494,13175893735,13634931302,14184074929,14613538566,16684492508,16799472904,17246524210,17654522466,17222765259,17761270793,18576901057,19100876861,19070914150,19898530393,20736209196,21317479669
153,부동산신탁,10902,한국토지신탁,B,SM005,요약재무상태표(‘11.03월 이후),B322,"Ⅳ. 기타부채_퇴직급여부채_미인식보험수리적손익(+,-)", , ,0,0,0,0,0,0,0,0,0,0,0,0,0,0,0,0,0,0,0,0,0,0,0,0,0,0,0,0,0,0,0,0,0,0,0,0,0,0,0,0,0,0,0,0,0,0,0,0,0,0,0,0
154,부동산신탁,10902,한국토지신탁,B,SM005,요약재무상태표(‘11.03월 이후),B323,Ⅳ. 기타부채_퇴직급여부채_미인식과거근무원가(-), , ,0,0,0,0,0,0,0,0,0,0,0,0,0,0,0,0,0,0,0,0,0,0,0,0,0,0,0,0,0,0,0,0,0,0,0,0,0,0,0,0,0,0,0,0,0,0,0,0,0,0,0,0
155,부동산신탁,10902,한국토지신탁,B,SM005,요약재무상태표(‘11.03월 이후),B324,Ⅳ. 기타부채_퇴직급여부채_사외적립자산(-),509061023,506693057,509946487,513692939,503589098,335467459,338403214,340590881,342694290,344830756,316660072,318526064,320513652,322599803,313653466,315433059,317086772,318665623,3481532785,3500672136,3480463017,3348433155,5420307492,5427760872,6506819366,6495673838,7139297363,6406098847,7134641196,7167998540,8070362828,7769048798,7394431123,7434331416,8552756553,7864617441,8782067008,8826953184,12638263256,12381847802,12409971613,12205646639,16081334692,14375618300,13885272261,13787497508,17222765259,17761270793,18576901057,19100876861,19070914150,19898530393,20736209196,21317479669
156,부동산신탁,10902,한국토지신탁,B,SM005,요약재무상태표(‘11.03월 이후),B33,Ⅳ. 기타부채_충당부채,49900752066,21278109186,21824091362,19197475815,20633713867,18952103215,18944105465,18962525859,18691527052,13298974255,12812511929,12544577495,8720079758,8788594242,9051528990,9051349064,8991337981,4865672596,4766366455,14836390439,15707248241,15612769658,9055153754,6640011481,7601277904,7983842982,8882093831,8019786432,8807195576,7804298453,10079711930,8299793626,7085648246,3886972284,3801199124,1820417357,2698933688,2518329723,1924861541,2934122377,4026211664,3323320226,1658674445,1969084493,2568858979,1629544756,5256007475,8245587129,5908537512,5212425553,3657768790,3625105636,3625090154,4525063586
157,부동산신탁,10902,한국토지신탁,B,SM005,요약재무상태표(‘11.03월 이후),B330,Ⅳ. 기타부채_충당부채_채무보증충당부채, , ,0,0,0,0,0,0,0,0,0,0,0,0,0,0,0,0,0,0,0,0,0,0,0,0,0,0,0,0,0,0,0,0,0,0,0,0,0,0,0,0,0,0,0,0,0,0,0,0,0,0,0,0
158,부동산신탁,10902,한국토지신탁,B,SM005,요약재무상태표(‘11.03월 이후),B331,Ⅳ. 기타부채_충당부채_복구충당부채,410098049,410098049,410098049,410098049,410098049,410098049,410098049,410098049,410098049,410098049,410098049,410098049,410098049,410098049,410098049,410098049,410098049,410098049,410098049,410098049,410098049,410098049,410098049,410098049,410098049,410098049,410098049,410098049,410098049,410098049,410098049,410098049,410098049,410098049,410098049,410098049,410098049,907032138,333188428,336290146,339420738,342580473,345769623,348988461,352237265,355516312,358825884,362166266,365537744,368940608,372375149,375841664,379340449,382871805
159,부동산신탁,10902,한국토지신탁,B,SM005,요약재무상태표(‘11.03월 이후),B332,Ⅳ. 기타부채_충당부채_특별대손충당금,43978430867,15600656072,16362549467,15311839979,17291916922,15532168879,15467058094,16047842315,12077357222,9679949147,12288346779,12017064613,8190853284,7831148840,7999980130,8562236124,7291610498,4242957333,4261466705,12958537981,13507589090,14586165190,8064685781,5670120915,6630037288,7041265758,7934975480,7609688383,8387306400,7378135746,7440671977,7386976400,5983295596,2788730040,2788730040,679783886,679783886,679783886,679783886,1014234014,1020450875,1031102925,1041790408,1041790408,1062747161,599015588,608562358,1202781018,1240688168,2622360444,344884016,190666326,190666326,190666326
160,부동산신탁,10902,한국토지신탁,B,SM005,요약재무상태표(‘11.03월 이후),B333,Ⅳ. 기타부채_충당부채_신탁위험충당금, , ,0,0,0,0,0,0,0,0,0,0,0,0,0,0,0,0,0,0,0,0,0,0,0,0,0,0,0,0,0,0,188341152,188341152,24093043,28980794,119274107,131793076,161021323,220649216,121831359,123207056,83196714,99551104,83163914,57051581,73863717,88037333,69657690,104563587,98218186,78056450,70653186,76728495
161,부동산신탁,10902,한국토지신탁,B,SM005,요약재무상태표(‘11.03월 이후),B334,Ⅳ. 기타부채_충당부채_기타,5512223150,5267355065,5051443846,3475537787,2931698896,3009836287,3066949322,2504585495,6204071781,3208927059,114067101,117414833,119128425,547347353,641450811,79014891,1289629434,212617214,94801701,1467754409,1789561102,616506419,580369924,559792517,561142567,532479175,537020302,0,9791127,16064658,2228941904,502719177,503913449,499803043,578277992,701554628,1489777646,799720623,750867904,1362949001,2544508692,1826429772,187917700,478754520,1070710639,617961275,4214755516,6592602512,4232653910,2116560914,2842291439,2980541196,2984430193,3874796960
162,부동산신탁,10902,한국토지신탁,B,SM005,요약재무상태표(‘11.03월 이후),B34,Ⅳ. 기타부채_미지급법인세,275250151, ,0,699764520,3283476407,6096685278,8151318599,13879719687,10382840572,9602018279,11682290926,10317198193,5113444934,8707650512,11621257967,12316920934,9696400713,8413124816,13899751033,8153062307,8081430015,8166827237,16234878733,16523043202,18195989137,23739984562,29700095889,14799730172,22135565012,22706189207,23120018313,13022649928,17966908344,20655705072,16913590123,9208700460,11592255854,7688976058,9346340881,3486747315,12193931253,14508030599,16009900680,3436242670,7367285674,6157415251,7969855434,5707869109,5156396321,1321727658,2037320690,2972796915,4332905742,5093438892
163,부동산신탁,10902,한국토지신탁,B,SM005,요약재무상태표(‘11.03월 이후),B35,Ⅳ. 기타부채_미지급배당금, , ,0,0,0,0,0,0,0,0,0,0,0,0,0,9811035160,0,0,0,14716552740,0,0,0,13777200,0,0,0,13470600,0,0,0,12861970,0,0,2989290,0,0,0,0,0,0,0,0,0,0,0,0,20438464770,0,0,0,15081305610,0,0
164,부동산신탁,10902,한국토지신탁,B,SM005,요약재무상태표(‘11.03월 이후),B36,Ⅳ. 기타부채_미지급금,3415223769,536883741,4163447493,4283803967,552809784,519696146,4603597841,4647926449,746213508,441093103,6170972039,798010774,459017335,472343327,5280026900,988852308,874464335,587019341,6964159609,777908142,3509374921,3937423014,8460401275,10023342253,4558901615,6668780802,18919348579,9974090684,4911650879,6744185221,10010715750,11598663539,5778773631,9105322915,11963450201,12638071307,5996353433,9869362177,12739787054,15714909810,9811901744,10386973756,15694436836,18348380622,8559449770,10743496364,14119034638,14277123791,6443159981,10178191784,14519942854,15266247900,6741482663,9636534363
165,부동산신탁,10902,한국토지신탁,B,SM005,요약재무상태표(‘11.03월 이후),B37,Ⅳ. 기타부채_미지급비용,808154529,788253329,1003534895,933652846,1021716653,968017673,1065066489,1173904513,1146927941,846126036,1211604594,874924900,887563139,698290613,1000186111,977043329,955025180,781457374,1142145385,1265347379,1036277834,889863156,1386978144,1874590939,1767734356,1588818230,2103326812,1970491343,1848537250,1774031747,2208737919,2161366308,2501286037,2246792602,2742324370,2526183813,2407919168,2266682244,3127734359,2691801564,2618803959,2741521469,3471205025,3504845440,2977307703,2929773223,3787137278,2682935645,2584725283,2555241094,3290003081,2821288930,2823267949,2249457666
166,부동산신탁,10902,한국토지신탁,B,SM005,요약재무상태표(‘11.03월 이후),B38,Ⅳ. 기타부채_임대보증금,100000000,100000000,0,0,0,0,0,0,0,0,0,0,0,0,0,0,0,0,0,0,0,0,0,0,0,0,0,0,0,0,0,0,0,0,0,0,0,0,0,0,0,0,0,0,0,0,0,0,0,0,0,0,0,0
167,부동산신탁,10902,한국토지신탁,B,SM005,요약재무상태표(‘11.03월 이후),B39,Ⅳ. 기타부채_선수금,16214127947,13153295544,12683491792,14482823156,20043184399,21619683244,28753180156,30773376475,23662578822,20114371756,14695424769,17662667629,19805497894,18596758405,21069259936,21858900013,21534973986,23975373031,26494536245,31767330111,33572467384,37095098169,31485174850,30469758253,27177649215,25928179179,24958954062,37734594951,36158278967,36544212957,37093517334,36991120803,36484763816,38157796849,43331290426,43463889799,40135598696,43842664458,40895138208,39602778343,35506749330,43086527967,51574887881,50925213981,51008398021,53349962425,51501994285,46523002039,45258733519,48669574676,45277035118,45357105142,47552359878,50586421159
168,부동산신탁,10902,한국토지신탁,B,SM005,요약재무상태표(‘11.03월 이후),B3A,Ⅳ. 기타부채_선수수익, , ,0,0,0,0,0,0,0,0,0,0,0,0,0,0,0,0,0,0,0,0,0,0,0,0,0,0,0,0,0,0,0,0,0,0,0,0,0,0,0,0,0,0,0,0,0,0,0,0,0,0,0,0
169,부동산신탁,10902,한국토지신탁,B,SM005,요약재무상태표(‘11.03월 이후),B3B,Ⅳ. 기타부채_가수금, , ,0,0,0,0,0,0,0,0,0,0,0,0,0,0,0,0,0,0,0,0,0,0,0,0,0,0,0,0,0,0,0,0,0,0,0,0,0,0,0,0,0,0,0,0,0,0,0,0,0,0,0,0
170,부동산신탁,10902,한국토지신탁,B,SM005,요약재무상태표(‘11.03월 이후),B3C,Ⅳ. 기타부채_대리점, , ,0,0,0,0,0,0,0,0,0,0,0,0,0,0,0,0,0,0,0,0,0,0,0,0,0,0,0,0,0,0,0,0,0,0,0,0,0,0,0,0,0,0,0,0,0,0,0,0,0,0,0,0
171,부동산신탁,10902,한국토지신탁,B,SM005,요약재무상태표(‘11.03월 이후),B3D,Ⅳ. 기타부채_본.지점, , ,0,0,0,0,0,0,0,0,0,0,0,0,0,0,0,0,0,0,0,0,0,0,0,0,0,0,0,0,0,0,0,0,0,0,0,0,0,0,0,0,0,0,0,0,0,0,0,0,0,0,0,0
172,부동산신탁,10902,한국토지신탁,B,SM005,요약재무상태표(‘11.03월 이후),B3E,Ⅳ. 기타부채_이연법인세부채, , ,0,0,0,0,0,0,0,0,0,0,0,0,0,0,0,0,0,0,0,0,0,0,0,0,0,0,0,0,0,0,0,0,0,0,0,0,0,0,0,0,0,0,0,0,0,0,0,0,0,383168500,155271738,0
173,부동산신탁,10902,한국토지신탁,B,SM005,요약재무상태표(‘11.03월 이후),B3F,Ⅳ. 기타부채_제세금예수금,130506390,135667320,730368495,897749130,119358623,119979753,135143156,131004505,146803522,241490982,141014625,1248855796,171972406,199739940,245761684,1680346507,168517740,270537690,204176210,2886465580,219263530,212725620,220650790,230958560,254314640,243183080,245503170,319026780,302076580,266763360,290974360,294386030,309606900,430059080,325782860,318777994,353623660,386146350,375043800,405949018,395544438,465119868,458575390,525497268,493615500,494067315,495048665,444743076,468346200,481704460,506249780,460994265,477063730,483016800
174,부동산신탁,10902,한국토지신탁,B,SM005,요약재무상태표(‘11.03월 이후),B3G,Ⅳ. 기타부채_신탁계정차, , ,0,0,0,0,0,0,0,0,0,0,0,0,0,0,0,0,0,0,0,0,0,0,0,0,0,0,0,0,0,0,0,0,0,0,0,0,0,0,0,0,0,0,0,0,0,0,0,0,0,0,0,0
175,부동산신탁,10902,한국토지신탁,B,SM005,요약재무상태표(‘11.03월 이후),B3H,Ⅳ. 기타부채_기타,3937122925,3793493590,2532000130,4575713204,3535077394,2728402419,1698017071,1476034984,3687226321,1743762454,1862683857,2157308450,1824421882,2009211948,1307625873,1281534259,1285309542,1509749545,4679287827,4634844351,4759092530,4629049694,4563500404,4660121924,4633330451,4815540738,8570383818,2477595631,2421012807,3846796688,1568772499,3865958949,2972642347,2842818035,4897817018,6069883512,5257705636,67657488436,45442746096,44659788974,43797506110,43569639380,42142308115,41411853911,42524580369,42946982186,42516037684,41711523769,40677044615,48375383923,47278015319,44447177182,43092240429,41199404181
176,부동산신탁,10902,한국토지신탁,B,SM005,요약재무상태표(‘11.03월 이후),B4,Ⅲ. 파생상품부채,0,0,0,0,0,0,0,0,0,0,0,0,0,0,0,0,0,0,0,0,0,0,0,0,0,0,0,0,0,0,0,0,0,0,0,0,0,0,0,0,0,0,0,0,0,0,0,0,0,0,0,0,0,0
177,부동산신탁,10902,한국토지신탁,B,SM005,요약재무상태표(‘11.03월 이후),B40,Ⅲ. 파생상품부채_이자율관련,0,0,0,0,0,0,0,0,0,0,0,0,0,0,0,0,0,0,0,0,0,0,0,0,0,0,0,0,0,0,0,0,0,0,0,0,0,0,0,0,0,0,0,0,0,0,0,0,0,0,0,0,0,0
178,부동산신탁,10902,한국토지신탁,B,SM005,요약재무상태표(‘11.03월 이후),B41,Ⅲ. 파생상품부채_통화관련,0,0,0,0,0,0,0,0,0,0,0,0,0,0,0,0,0,0,0,0,0,0,0,0,0,0,0,0,0,0,0,0,0,0,0,0,0,0,0,0,0,0,0,0,0,0,0,0,0,0,0,0,0,0
179,부동산신탁,10902,한국토지신탁,B,SM005,요약재무상태표(‘11.03월 이후),B42,Ⅲ. 파생상품부채_주식관련,0,0,0,0,0,0,0,0,0,0,0,0,0,0,0,0,0,0,0,0,0,0,0,0,0,0,0,0,0,0,0,0,0,0,0,0,0,0,0,0,0,0,0,0,0,0,0,0,0,0,0,0,0,0
180,부동산신탁,10902,한국토지신탁,B,SM005,요약재무상태표(‘11.03월 이후),B43,Ⅲ. 파생상품부채_신용관련,0,0,0,0,0,0,0,0,0,0,0,0,0,0,0,0,0,0,0,0,0,0,0,0,0,0,0,0,0,0,0,0,0,0,0,0,0,0,0,0,0,0,0,0,0,0,0,0,0,0,0,0,0,0
181,부동산신탁,10902,한국토지신탁,B,SM005,요약재무상태표(‘11.03월 이후),B44,Ⅲ. 파생상품부채_상품관련,0,0,0,0,0,0,0,0,0,0,0,0,0,0,0,0,0,0,0,0,0,0,0,0,0,0,0,0,0,0,0,0,0,0,0,0,0,0,0,0,0,0,0,0,0,0,0,0,0,0,0,0,0,0
182,부동산신탁,10902,한국토지신탁,B,SM005,요약재무상태표(‘11.03월 이후),B45,Ⅲ. 파생상품부채_기타파생상품부채, , ,0,0,0,0,0,0,0,0,0,0,0,0,0,0,0,0,0,0,0,0,0,0,0,0,0,0,0,0,0,0,0,0,0,0,0,0,0,0,0,0,0,0,0,0,0,0,0,0,0,0,0,0
183,부동산신탁,10902,한국토지신탁,B,SM005,요약재무상태표(‘11.03월 이후),B46,Ⅲ. 파생상품부채_파생상품 신용위험평가조정액,0,0,0,0,0,0,0,0,0,0,0,0,0,0,0,0,0,0,0,0,0,0,0,0,0,0,0,0,0,0,0,0,0,0,0,0,0,0,0,0,0,0,0,0,0,0,0,0,0,0,0,0,0,0
184,부동산신탁,10902,한국토지신탁,B,SM005,요약재무상태표(‘11.03월 이후),B47,Ⅲ. 파생상품부채_파생상품 거래일손익인식평가조정액, , ,0,0,0,0,0,0,0,0,0,0,0,0,0,0,0,0,0,0,0,0,0,0,0,0,0,0,0,0,0,0,0,0,0,0,0,0,0,0,0,0,0,0,0,0,0,0,0,0,0,0,0,0
185,부동산신탁,10902,한국토지신탁,B,SM005,요약재무상태표(‘11.03월 이후),B5,Ⅴ. 요구불상환지분,0,0,0,0,0,0,0,0,0,0,0,0,0,0,0,0,0,0,0,0,0,0,0,0,0,0,0,0,0,0,0,0,0,0,0,0,0,0,0,0,0,0,0,0,0,0,0,0,0,0,0,0,0,0
186,부동산신탁,10902,한국토지신탁,B,SM005,요약재무상태표(‘11.03월 이후),C,자본총계,250070044704,256930979959,273430453042,290443325892,298536906563,312712123499,320506144798,338770997842,357975213583,377036070545,381659136929,383049447194,399322667540,417553738250,428835617875,434702997873,454033459423,476844826525,489380448746,494441708397,512999284441,536930173949,561297076923,571395854794,605053161802,637356365675,671601634998,662553903660,693697540253,724981748899,748162104931,750314139118,772729216094,790298899082,793482713376,791674014938,794504575140,802300699999,817219965216,805691448898,834023316682,863503825506,862813469596,848231961382,862739887416,875644367559,880105591859,862219541803,867113834229,863281155028,869410171738,866411755502,879311206070,882598162260
187,부동산신탁,10902,한국토지신탁,B,SM005,요약재무상태표(‘11.03월 이후),C1,Ⅰ. 자본금,252489230000,252489230000,252489230000,252489230000,252489230000,252489230000,252489230000,252489230000,252489230000,252489230000,252489230000,252489230000,252489230000,252489230000,252489230000,252489230000,252489230000,252489230000,252489230000,252489230000,252489230000,252489230000,252489230000,252489230000,252489230000,252489230000,252489230000,252489230000,252489230000,252489230000,252489230000,252489230000,252489230000,252489230000,252489230000,252489230000,252489230000,252489230000,252489230000,252489230000,252489230000,252489230000,252489230000,252489230000,252489230000,252489230000,252489230000,252489230000,252489230000,252489230000,252489230000,252489230000,252489230000,252489230000
188,부동산신탁,10902,한국토지신탁,B,SM005,요약재무상태표(‘11.03월 이후),C10,Ⅰ. 자본금_보통주자본금,252489230000,252489230000,252489230000,252489230000,252489230000,252489230000,252489230000,252489230000,252489230000,252489230000,252489230000,252489230000,252489230000,252489230000,252489230000,252489230000,252489230000,252489230000,252489230000,252489230000,252489230000,252489230000,252489230000,252489230000,252489230000,252489230000,252489230000,252489230000,252489230000,252489230000,252489230000,252489230000,252489230000,252489230000,252489230000,252489230000,252489230000,252489230000,252489230000,252489230000,252489230000,252489230000,252489230000,252489230000,252489230000,252489230000,252489230000,252489230000,252489230000,252489230000,252489230000,252489230000,252489230000,252489230000
189,부동산신탁,10902,한국토지신탁,B,SM005,요약재무상태표(‘11.03월 이후),C11,Ⅰ. 자본금_우선주자본금,0,0,0,0,0,0,0,0,0,0,0,0,0,0,0,0,0,0,0,0,0,0,0,0,0,0,0,0,0,0,0,0,0,0,0,0,0,0,0,0,0,0,0,0,0,0,0,0,0,0,0,0,0,0
190,부동산신탁,10902,한국토지신탁,B,SM005,요약재무상태표(‘11.03월 이후),C110,Ⅰ. 자본금_우선주자본금_상환우선주, , ,0,0,0,0,0,0,0,0,0,0,0,0,0,0,0,0,0,0,0,0,0,0,0,0,0,0,0,0,0,0,0,0,0,0,0,0,0,0,0,0,0,0,0,0,0,0,0,0,0,0,0,0
191,부동산신탁,10902,한국토지신탁,B,SM005,요약재무상태표(‘11.03월 이후),C111,Ⅰ. 자본금_우선주자본금_전환우선주, , ,0,0,0,0,0,0,0,0,0,0,0,0,0,0,0,0,0,0,0,0,0,0,0,0,0,0,0,0,0,0,0,0,0,0,0,0,0,0,0,0,0,0,0,0,0,0,0,0,0,0,0,0
192,부동산신탁,10902,한국토지신탁,B,SM005,요약재무상태표(‘11.03월 이후),C112,Ⅰ. 자본금_우선주자본금_기타, , ,0,0,0,0,0,0,0,0,0,0,0,0,0,0,0,0,0,0,0,0,0,0,0,0,0,0,0,0,0,0,0,0,0,0,0,0,0,0,0,0,0,0,0,0,0,0,0,0,0,0,0,0
193,부동산신탁,10902,한국토지신탁,B,SM005,요약재무상태표(‘11.03월 이후),C2,Ⅱ. 자본잉여금,0,0,0,0,0,0,0,0,0,6313875290,6295891699,6295891699,6295891699,6295891699,6295891699,6295891699,6295891699,6295891699,6295891699,6295891699,6295891699,6295891699,6295891699,6295891699,6295891699,6295891699,6295891699,6295891699,6295891699,6295891699,6295891699,6295891699,6295891699,6295891699,6649825084,6649825084,6649825084,6649825084,6649825084,6649825084,6649825084,6649825084,6649825084,6649825084,6649825084,6649825084,6649825084,6649825084,6649825084,6649825084,6649825084,6649825084,6649825084,6649825084
194,부동산신탁,10902,한국토지신탁,B,SM005,요약재무상태표(‘11.03월 이후),C20,Ⅱ. 자본잉여금_주식발행초과금, , ,0,0,0,0,0,0,0,0,0,0,0,0,0,0,0,0,0,0,0,0,0,0,0,0,0,0,0,0,0,0,0,0,0,0,0,0,0,0,0,0,0,0,0,0,0,0,0,0,0,0,0,0
195,부동산신탁,10902,한국토지신탁,B,SM005,요약재무상태표(‘11.03월 이후),C21,Ⅱ. 자본잉여금_감자차익, , ,0,0,0,0,0,0,0,0,0,0,0,0,0,0,0,0,0,0,0,0,0,0,0,0,0,0,0,0,0,0,0,0,0,0,0,0,0,0,0,0,0,0,0,0,0,0,0,0,0,0,0,0
196,부동산신탁,10902,한국토지신탁,B,SM005,요약재무상태표(‘11.03월 이후),C22,Ⅱ. 자본잉여금_자기주식처분이익, , ,0,0,0,0,0,0,0,6313875290,6295891699,6295891699,6295891699,6295891699,6295891699,6295891699,6295891699,6295891699,6295891699,6295891699,6295891699,6295891699,6295891699,6295891699,6295891699,6295891699,6295891699,6295891699,6295891699,6295891699,6295891699,6295891699,6295891699,6295891699,6649825084,6649825084,6649825084,6649825084,6649825084,6649825084,6649825084,6649825084,6649825084,6649825084,6649825084,6649825084,6649825084,6649825084,6649825084,6649825084,6649825084,6649825084,6649825084,6649825084
197,부동산신탁,10902,한국토지신탁,B,SM005,요약재무상태표(‘11.03월 이후),C23,Ⅱ. 자본잉여금_기타자본잉여금, , ,0,0,0,0,0,0,0,0,0,0,0,0,0,0,0,0,0,0,0,0,0,0,0,0,0,0,0,0,0,0,0,0,0,0,0,0,0,0,0,0,0,0,0,0,0,0,0,0,0,0,0,0
198,부동산신탁,10902,한국토지신탁,B,SM005,요약재무상태표(‘11.03월 이후),C3,Ⅲ. 자본조정,-7989305659,-7989305659,-7989305659,-7989305659,-7989305659,-7989305659,-7989305659,-7989305659,-7989305659,0,-6060933275,-12050206055,-12050206055,-12050206055,-12050206055,-12050206055,-12050206055,-12050206055,-12050206055,-12050206055,-12050206055,-12050206055,-12050206055,-12050206055,-12050206055,-12050206055,-12050206055,-12050206055,-12050206055,-12050206055,-17695826005,-17695826005,-24887932395,-29453221595,-27961342441,-31050188386,-38261377461,-45121501461,-46443853281,-46443853281,-46443853281,-46443853281,-46443853281,-46443853281,-46443853281,-46443853281,-47740853276,-52769842683,-56752087349,-61467740005,-62735847114,-62782951180,-62782951180,-62782951180
199,부동산신탁,10902,한국토지신탁,B,SM005,요약재무상태표(‘11.03월 이후),C30,Ⅲ. 자본조정_주식할인발행차금, , ,0,0,0,0,0,0,0,0,0,0,0,0,0,0,0,0,0,0,0,0,0,0,0,0,0,0,0,0,0,0,0,0,0,0,0,0,0,0,0,0,0,0,0,0,0,0,0,0,0,0,0,0
200,부동산신탁,10902,한국토지신탁,B,SM005,요약재무상태표(‘11.03월 이후),C31,Ⅲ. 자본조정_자기주식,-7989305659,-7989305659,-7989305659,-7989305659,-7989305659,-7989305659,-7989305659,-7989305659,-7989305659,0,-6060933275,-12050206055,-12050206055,-12050206055,-12050206055,-12050206055,-12050206055,-12050206055,-12050206055,-12050206055,-12050206055,-12050206055,-12050206055,-12050206055,-12050206055,-12050206055,-12050206055,-12050206055,-12050206055,-12050206055,-17695826005,-17695826005,-24887932395,-29453221595,-27961342441,-31050188386,-38261377461,-45121501461,-46443853281,-46443853281,-46443853281,-46443853281,-46443853281,-46443853281,-46443853281,-46443853281,-47740853276,-52769842683,-56752087349,-61467740005,-62735847114,-62782951180,-62782951180,-62782951180
201,부동산신탁,10902,한국토지신탁,B,SM005,요약재무상태표(‘11.03월 이후),C32,Ⅲ. 자본조정_자기주식처분손실, , ,0,0,0,0,0,0,0,0,0,0,0,0,0,0,0,0,0,0,0,0,0,0,0,0,0,0,0,0,0,0,0,0,0,0,0,0,0,0,0,0,0,0,0,0,0,0,0,0,0,0,0,0
202,부동산신탁,10902,한국토지신탁,B,SM005,요약재무상태표(‘11.03월 이후),C33,Ⅲ. 자본조정_주식매입선택권, , ,0,0,0,0,0,0,0,0,0,0,0,0,0,0,0,0,0,0,0,0,0,0,0,0,0,0,0,0,0,0,0,0,0,0,0,0,0,0,0,0,0,0,0,0,0,0,0,0,0,0,0,0
203,부동산신탁,10902,한국토지신탁,B,SM005,요약재무상태표(‘11.03월 이후),C34,Ⅲ. 자본조정_신주청약증거금, , ,0,0,0,0,0,0,0,0,0,0,0,0,0,0,0,0,0,0,0,0,0,0,0,0,0,0,0,0,0,0,0,0,0,0,0,0,0,0,0,0,0,0,0,0,0,0,0,0,0,0,0,0
204,부동산신탁,10902,한국토지신탁,B,SM005,요약재무상태표(‘11.03월 이후),C35,Ⅲ. 자본조정_기타, , ,0,0,0,0,0,0,0,0,0,0,0,0,0,0,0,0,0,0,0,0,0,0,0,0,0,0,0,0,0,0,0,0,0,0,0,0,0,0,0,0,0,0,0,0,0,0,0,0,0,0,0,0
205,부동산신탁,10902,한국토지신탁,B,SM005,요약재무상태표(‘11.03월 이후),C4,Ⅳ. 기타포괄손익누계액,-922421574,-761211129,-1375834049,-1274053147,-1172868571,-537403175,-632179081,-1164775199,-248860592,346117245,622178162,1386549692,578954132,546030523,1519463339,1508925162,1532759207,1809804563,2925978092,4452935079,2073758000,2928809147,3636606438,4179857145,5171096209,5629628435,5657703840,2217958146,1894165711,1911862471,-3212151895,-3225111425,-3231653761,-3238446435,-4828426177,-4833300390,-4835511721,-4834230043,-5757849786,-5772065442,-5797461481,-5809202631,-7800704993,-7826423963,-7865838725,-7888635750,-7808737503,-7815462322,-7824502694,-7829383781,-8317262685,-8332731936,-8320526336,-8304762050
206,부동산신탁,10902,한국토지신탁,B,SM005,요약재무상태표(‘11.03월 이후),C40,Ⅳ. 기타포괄손익누계액_기타포괄손익-공정가치측정금융자산평가손익,-922421574,-761211129,-1375834049,-1300546923,-1484562909,-1575053580,-1601030517,-1629627088,-1013764117,-1141302262,-1145050695,-1077233211,-699841836,-710825971,395696797,405239009,409905796,454428447,870507442,899965941,913416343,884639451,1487376701,1438666414,1441018302,1430844626,2860352661,0,0,0,0,0,0,0,0,0,0,0,0,0,0,0,0,0,0,0,0,0,0,0,0,0,0,0
207,부동산신탁,10902,한국토지신탁,B,SM005,요약재무상태표(‘11.03월 이후),C41,Ⅳ. 기타포괄손익누계액_기타포괄손익-공정가치측정금융자산처분손익, , , , , , , , , , , , , , , , , , , , , , , , , , , ,0,0,0,0,0,0,0,0,0,0,0,0,0,0,0,0,0,0,0,0,0,0,0,0,0,0,0
208,부동산신탁,10902,한국토지신탁,B,SM005,요약재무상태표(‘11.03월 이후),C42,Ⅳ. 기타포괄손익누계액_지분법 자본변동, , ,0,0,0,0,0,0,0,0,0,0,0,0,0,0,0,0,0,0,0,0,0,0,0,0,0,0,0,0,0,0,0,0,0,0,0,0,0,0,0,0,0,0,0,0,0,0,0,0,0,0,0,0
209,부동산신탁,10902,한국토지신탁,B,SM005,요약재무상태표(‘11.03월 이후),C43,Ⅳ. 기타포괄손익누계액_부의 지분법 자본변동, , ,0,0,0,0,0,0,0,0,0,0,0,0,0,0,0,0,0,0,0,0,0,0,0,0,0,0,0,0,0,0,0,0,0,0,0,0,0,0,0,0,0,0,0,0,0,0,0,0,0,0,0,0
210,부동산신탁,10902,한국토지신탁,B,SM005,요약재무상태표(‘11.03월 이후),C44,Ⅳ. 기타포괄손익누계액_위험회피 파생상품평가손익, , ,0,0,0,0,0,0,0,0,0,0,0,0,0,0,0,0,0,0,0,0,0,0,0,0,0,0,0,0,0,0,0,0,0,0,0,0,0,0,0,0,0,0,0,0,0,0,0,0,0,0,0,0
211,부동산신탁,10902,한국토지신탁,B,SM005,요약재무상태표(‘11.03월 이후),C45,Ⅳ. 기타포괄손익누계액_외환차이누계액, , ,0,0,0,0,0,0,0,0,0,0,0,0,0,0,0,0,0,0,0,0,0,0,0,0,0,0,0,0,0,0,0,0,0,0,0,0,0,0,0,0,0,0,0,0,0,0,0,0,0,0,0,0
212,부동산신탁,10902,한국토지신탁,B,SM005,요약재무상태표(‘11.03월 이후),C46,Ⅳ. 기타포괄손익누계액_유형자산재평가이익, , ,0,0,0,0,0,0,0,0,0,0,0,0,0,0,0,0,0,0,0,0,0,0,0,0,0,0,0,0,0,0,0,0,0,0,0,0,0,0,0,0,0,0,0,0,0,0,0,0,0,0,0,0
213,부동산신탁,10902,한국토지신탁,B,SM005,요약재무상태표(‘11.03월 이후),C47,Ⅳ. 기타포괄손익누계액_기타, , ,0,26493776,311694338,1037650405,968851436,464851889,764903525,1487419507,1767228857,2463782903,1278795968,1256856494,1123766542,1103686153,1122853411,1355376116,2055470650,3552969138,1160341657,2044169696,2149229737,2741190731,3730077907,4198783809,2797351179,2217958146,1894165711,1911862471,-3212151895,-3225111425,-3231653761,-3238446435,-4828426177,-4833300390,-4835511721,-4834230043,-5757849786,-5772065442,-5797461481,-5809202631,-7800704993,-7826423963,-7865838725,-7888635750,-7808737503,-7815462322,-7824502694,-7829383781,-8317262685,-8332731936,-8320526336,-8304762050
214,부동산신탁,10902,한국토지신탁,B,SM005,요약재무상태표(‘11.03월 이후),C5,Ⅴ. 이익잉여금,6492541937,13192266747,30306362750,47217454698,55209850793,68749602333,76638399538,95435848700,113724149834,117886848010,128312770343,134927981858,152008797764,170272792083,180581238892,186459157067,205765784572,228300106318,239719555010,243253857674,264190610797,287266449158,310925554841,320481082005,353147149949,384991821596,419209015514,413601029870,445068458898,476334970784,510284961132,512449954849,542063680551,564205445413,567133426910,568418448630,578462409238,593117376419,610282613199,598768312537,627125576360,656617826334,657918972786,643363183542,657910524338,670837801506,676516127554,663665791724,672551369188,673439223730,681324226453,678388383534,691275628502,694546820406
215,부동산신탁,10902,한국토지신탁,B,SM005,요약재무상태표(‘11.03월 이후),C50,Ⅴ. 이익잉여금_이익준비금, , ,0,0,0,0,0,0,0,0,0,749545173,749545173,749545173,749545173,1730648689,1730648689,1730648689,1730648689,3202303963,3202303963,3202303963,3202303963,5041873056,5041873056,5041873056,5041873056,7494631846,7494631846,7494631846,7494631846,10167388306,10167388306,10167388306,10167388306,12793057957,12793057957,12793057957,12793057957,14845439890,14845439890,14845439890,14845439890,17125864260,17125864260,17125864260,17125864260,19169710737,19169710737,19169710737,19169710737,20677841298,20677841298,20677841298
216,부동산신탁,10902,한국토지신탁,B,SM005,요약재무상태표(‘11.03월 이후),C51,Ⅴ. 이익잉여금_대손준비금, , ,0,0,21030786894,16008344087,10730884539,38266007458,24797594060,32858049348,36075477271,26506868530,21041806500,18309834602,15199648399,9255115351,10642703265,5444656700,4094841115,6481050303,9354784123,12543068390,34247606112,36783248193,34251167237,47787763096,57193475698,56734680261,63677685799,99705312949,96435868162,100953798782,118521918587,132592846596,137684841471,141322261277,136128882720,140110272574,106303424426,99975886517,81472800496,80821083163,79743416248,77700356460,76657771485,75488014258,75775648037,90891732549,90977735684,92615316505,84896904983,88924015698,89133908220,92574273722
217,부동산신탁,10902,한국토지신탁,B,SM005,요약재무상태표(‘11.03월 이후),C52,Ⅴ. 이익잉여금_전자금융사고배상준비금, , ,0,0,0,0,0,0,0,0,0,0,0,0,0,0,0,0,0,0,0,0,0,0,0,0,0,0,0,0,0,0,0,0,0,0,0,0,0,0,0,0,0,0,0,0,0,0,0,0,0,0,0,0
218,부동산신탁,10902,한국토지신탁,B,SM005,요약재무상태표(‘11.03월 이후),C53,Ⅴ. 이익잉여금_기타법정준비금, , ,0,0,0,0,0,0,0,0,0,0,0,0,0,0,0,0,0,0,0,0,0,0,0,0,0,0,0,0,0,0,0,0,0,0,0,0,0,0,0,0,0,0,0,0,0,0,0,0,0,0,0,0
219,부동산신탁,10902,한국토지신탁,B,SM005,요약재무상태표(‘11.03월 이후),C54,Ⅴ. 이익잉여금_신탁사업적립금, , ,0,4504633000,4504633000,4504633000,4504633000,4504633000,9137837000,9137837000,9137837000,14226945000,14226945000,14226945000,14226945000,20203337000,20203337000,20203337000,20203337000,27098272128,27098272128,27098272128,27098272128,35690527386,35690527386,35690527386,35690527386,48358442546,48358442546,48358442546,48358442546,61705156179,61705156179,61705156179,61705156179,70778850940,70778850940,70778850940,70778850940,77003347497,77003347497,77003347497,77003347497,83819365389,83819365389,83819365389,83819365389,87959505236,87959505236,87959505236,87959505236,90484161603,90484161603,90484161603
220,부동산신탁,10902,한국토지신탁,B,SM005,요약재무상태표(‘11.03월 이후),C55,Ⅴ. 이익잉여금_임의적립금, , ,0,25801729750,25801729750,25801729750,25801729750,25801729750,56769677999,56769677999,56769677999,69765351169,69765351169,69765351169,69765351169,133636569644,133636569644,133636569644,133636569644,190607585064,190607585064,190607585064,190607585064,217549857362,217549857362,217549857362,217549857362,281634877524,281634877524,281634877524,281634877524,315248983885,315248983885,315248983885,315248983885,326780897262,326780897262,326780897262,326780897262,391606582056,391606582056,391606582056,391606582056,454426083189,454426083189,454426083189,454426083189,473172798774,473172798774,473172798774,473172798774,470184012959,470184012959,470184012959
221,부동산신탁,10902,한국토지신탁,B,SM005,요약재무상태표(‘11.03월 이후),C56,Ⅴ. 이익잉여금_미처분이익잉여금,6492541937,13192266747,30306362750,16911091948,3872701149,22434895496,35601152249,26863478492,23019040775,19121283663,26329778073,23679271986,46225149922,67221116139,80639749151,21633486383,39552525974,67284894285,80054158562,15864646216,33927665519,53815219613,55769787574,25415576008,60613724908,78921800696,103733282012,19378397693,43902821183,39141705919,76361141054,24374627697,36420233594,44491070447,42327057069,16743381194,31980720359,42654297686,93626382614,15337056577,62197406421,92341373728,94720187095,10291514244,25881440015,39978474410,45369166679,-7527955572,1271618757,521892478,16125306723,8118351976,20795704422,20626530824
222,부동산신탁,10902,한국토지신탁,B,SM005,요약재무상태표(‘11.03월 이후),C57,Ⅴ. 이익잉여금_(당기순이익),20847321110,27547045920,45046334283,16911091948,24903488043,38443239583,46332036788,18014154358,36302455492,40465153668,50891076001,14110663245,31191479151,49455473470,59763920279,15688953335,34995580840,57529902586,68949351278,18250855404,39187608527,62263446888,85922552571,27951218089,60617286033,92461957680,126679151598,43399560240,74866989268,106133501154,133467136326,28892558317,58506284019,80648048881,90736947608,20380801000,30424761608,45079728789,62244965569,9009518668,37366782491,66859032465,68160178917,8248454456,22795795252,35723072420,41401398468,7588128940,16473706404,17361560946,25246563669,12145462691,25032707659,28303899563
223,부동산신탁,10903,KB부동산신탁(주),B,SM005,요약재무상태표(‘11.03월 이후),A,자산총계,261588065607,261466993732,251228319662,255421282286,228209474705,203595550071,201572439453,206101255051,183969520495,189115371863,182657129160,191575075003,189030141652,194230661155,204888215863,211035446323,213405957688,220104486240,223820563891,182965003255,197562826389,207653768236,216686681910,206180315981,214477868727,229179754499,246685233329,257362985477,255922489234,276702236555,293063349904,327024129813,341997131386,365193468746,377937754823,374067462507,393398542777,420437117540,437518394077,438130682563,445111655874,475721912179,496522529199,476513999430,500958466542,519510028141,518980241856,496153576291,560633895407,741972827075,859407985767,940967068441,1148276714423,1079278498895
224,부동산신탁,10903,KB부동산신탁(주),B,SM005,요약재무상태표(‘11.03월 이후),A1,Ⅰ. 현금 및 예치금,472365751,1589901154,2910110871,2956227448,4629881550,1842509440,6710300091,7396189569,11027594127,32869978991,15251719408,603789808,1294053941,46974008099,106837953368,114925142576,137975047983,156255213687,163525105913,134581735559,147479315154,162919799885,171211330074,153494005044,153597814379,144781984788,169196807279,148704331397,126641294762,98085265369,138041982423,183148125336,185111288709,190563255648,219840030575,173101425703,221873139562,233359500605,261348253530,248724906205,250328924280,281213760217,293406589779,262941883330,260048743792,249002422348,199087071138,125065615735,112154624778,155086036925,181102300372,178955318160,386200297264,292386476116
225,부동산신탁,10903,KB부동산신탁(주),B,SM005,요약재무상태표(‘11.03월 이후),A10,Ⅰ. 현금 및 예치금_현금 및 현금성 자산,265336815,1301023886,2459317993,2564687505,4231651190,1450916366,6428772751,7135663429,10846985815,32619018040,15014283885,379834961,271877163,44896491877,105003157486,113775776265,136696860983,154057764204,162202708057,133653039650,143434021996,159263346004,168224971003,150975098235,147831370898,138008802297,164181318765,143748594736,120993332037,89922671357,131598915467,176356365768,173334973370,166793196762,75405820030,49902355037,110269272584,126545980286,138546393854,115600966000,116851245211,155082416062,185706074255,150345746712,139822871925,138230459866,122083751334,90106985942,90311560287,135198596855,158080603000,153583890677,362964135681,288411426116
226,부동산신탁,10903,KB부동산신탁(주),B,SM005,요약재무상태표(‘11.03월 이후),A100,Ⅰ. 현금 및 예치금_현금 및 현금성 자산_현금, , , , , , , , , , , , , , , , , , , , ,0,0,0,0,0,0,0, ,0,0,0,0, , , , , , , , , ,0, , , , , , , , , , , , 
227,부동산신탁,10903,KB부동산신탁(주),B,SM005,요약재무상태표(‘11.03월 이후),A101,Ⅰ. 현금 및 예치금_현금 및 현금성 자산_정기예.적금, , , , , , , , , ,20000000000,10000000000,0,0,35000000000,90000000000,105000000000,115000000000,149500000000,149500000000,120000000000,135000000000,150000000000,160000000000,145000000000,140000000000,128000000000,153000000000,105000000000,95000000000,75000000000,110000000000,170000000000,150000000000,150000000000,40000000000, ,80000000000,90000000000,90000000000,90000000000,90000000000,110000000000,110000000000,110000000000,110000000000,110000000000,100000000000,80000000000,20000000000,30000000000, , ,50000000000, 
228,부동산신탁,10903,KB부동산신탁(주),B,SM005,요약재무상태표(‘11.03월 이후),A102,Ⅰ. 현금 및 예치금_현금 및 현금성 자산_보통예금,265336815,1301023886,2459317993,2564687505,4231651190,1450916366,426772751,7135663429,242985815,292018040,456283885,379834961,271877163,243491877,455157486,483776265,15294860983,351764204,562708057,591039650,413021996,494346004,694971003,625098235,493370898,2688802297,1259318765,1738044736,3188785787,573097607,1453513467,1235035768,2631340151,2259755042,3134453029,3612355037,1870577584,945980286,2112854796,1601981084,8147593834,4642781707,3806074255,2961897705,1288323718,11575231011,3101313136,1513216670,26126412936,88990116993,103180603000,64456298967,66160597674,17142426116
229,부동산신탁,10903,KB부동산신탁(주),B,SM005,요약재무상태표(‘11.03월 이후),A103,Ⅰ. 현금 및 예치금_현금 및 현금성 자산_당좌예금, , , , , , , , , , , , , , , , , , , , ,0,0,0,0,0,0,0, ,0,0,0,0,0,0,0,0,0,0,0,0,0,0,0, , , , , , , , , , , 
230,부동산신탁,10903,KB부동산신탁(주),B,SM005,요약재무상태표(‘11.03월 이후),A104,Ⅰ. 현금 및 예치금_현금 및 현금성 자산_외화예금, , , , , , , , , , , , , , , , , , , , ,0,0,0,0,0,0,0, ,0,0,0,0,0,0,0,0,0,0,0,0,0,0,0, , , , , , , , , , , 
231,부동산신탁,10903,KB부동산신탁(주),B,SM005,요약재무상태표(‘11.03월 이후),A105,Ⅰ. 현금 및 예치금_현금 및 현금성 자산_양도성예금증서, , , , , , , , , , , , , , , , , , , , ,0,0,0,0,0,0,0, ,0,0,0,0,0,0,0,0,0,0,0,0,0,0,0, , , , , , , , , , , 
232,부동산신탁,10903,KB부동산신탁(주),B,SM005,요약재무상태표(‘11.03월 이후),A106,Ⅰ. 현금 및 예치금_현금 및 현금성 자산_MMDA, , , , , , ,6002000000, ,10604000000,12327000000,4558000000,0,0,9653000000,14548000000,8292000000,6402000000,4206000000,12140000000,13062000000,8021000000,8769000000,7530000000,5350000000,7338000000,7320000000,9922000000,37038000000,22826000000,14367000000,20169000000,5154000000,20733603219,14563411720,32278306001,46290000000,28398695000,35600000000,46433539058,23998984916,18703651377,40439634355,71900000000,37383849007,28534548207,16655228855,18982438198,8593769272,44185147351,16208479862,54900000000,89127591710,246803538007,271269000000
233,부동산신탁,10903,KB부동산신탁(주),B,SM005,요약재무상태표(‘11.03월 이후),A107,Ⅰ. 현금 및 예치금_현금 및 현금성 자산_MMF, , , , , , , , , , , , , , , , , , , , ,0,0,0,0,0,0,0, ,0,0,0,0,0,0,0,0,0,0,0,0,0,0,0, , , , , , , , , , , 
234,부동산신탁,10903,KB부동산신탁(주),B,SM005,요약재무상태표(‘11.03월 이후),A108,Ⅰ. 현금 및 예치금_현금 및 현금성 자산_금융어음, , , , , , , , , , , , , , , , , , , , ,0,0,0,0,0,0,0, ,0,0,0,0,0,0,0,0,0,0,0,0,0,0,0, , , , , , , , , , , 
235,부동산신탁,10903,KB부동산신탁(주),B,SM005,요약재무상태표(‘11.03월 이후),A109,Ⅰ. 현금 및 예치금_현금 및 현금성 자산_기타, , , , , , , , , , , , , , , , , , , , ,0,0,0,0,0,0,0,-27450000,-21453750,-17426250,-23598000,-32670000,-29970000,-29970000,-6939000,0,0,0,0,0,0,0,0, , , , , , , , , , , 
236,부동산신탁,10903,KB부동산신탁(주),B,SM005,요약재무상태표(‘11.03월 이후),A11,Ⅰ. 현금 및 예치금_예치금,207028936,288877268,450792878,391539943,398230360,391593074,281527340,260526140,180608312,250960951,237435523,223954847,1022176778,2077516222,1834795882,1149366311,1278187000,2197449483,1322397856,928695909,4045293158,3656453881,2986359071,2518906809,5766443481,6773182491,5015488514,4955736661,5647962725,8162594012,6443066956,6791759568,11776315339,23770058886,144434210545,123199070666,111603866978,106813520319,122801859676,133123940205,133477679069,126131344155,107700515524,112596136618,120225871867,110771962482,77003319804,34958629793,21843064491,19887440070,23021697372,25371427483,23236161583,3975050000
237,부동산신탁,10903,KB부동산신탁(주),B,SM005,요약재무상태표(‘11.03월 이후),A110,Ⅰ. 현금 및 예치금_예치금_장기성예금, , , , , , , , , , , , , , , , , , , , ,0,0,0,0,0,0,0,0,0,0,0,0,0,0,130000000000,110000000000,90000000000,80000000000,100000000000,110000000000,110000000000,100000000000,80000000000,80000000000,80000000000,80000000000,50000000000,10000000000, , , , , , 
238,부동산신탁,10903,KB부동산신탁(주),B,SM005,요약재무상태표(‘11.03월 이후),A111,Ⅰ. 현금 및 예치금_예치금_특정예금 등,207028936,138877268,300792878,241539943,248230360,241593074,241727340,220726140,140808312,211160951,193635523,180154847,1018176778,2077516222,1834795882,1149366311,1278187000,2197449483,1322397856,928695909,4045293158,3656453881,2986359071,2518906809,5766443481,6773182491,5005488514,4945736661,5080612653,7548243940,5818316884,6683009496,11667565267,23661308814,14414977545,13174059666,21621033978,26830687319,22835613676,23159944205,23513683069,26169773655,27743229024,32151496981,39781232230,30301522845,26515757667,24446820656,21319511354,19446040070,20310297372,19242877483,18659261583,12500000
239,부동산신탁,10903,KB부동산신탁(주),B,SM005,요약재무상태표(‘11.03월 이후),A112,Ⅰ. 현금 및 예치금_예치금_신탁공탁금, ,150000000,150000000,150000000,150000000,150000000,39800000,39800000,39800000,39800000,43800000,43800000,4000000, ,0,0,0,0, ,0,0,0,0,0,0,0,10000000,10000000,567350072,614350072,624750072,108750072,108750072,108750072,41400000,41400000,10400000,10400000,10400000,10400000,10400000,10400000,10400000,497753137,497753137,523553137,523553137,533553137,523553137,441400000,2711400000,6128550000,4576900000,3962550000
240,부동산신탁,10903,KB부동산신탁(주),B,SM005,요약재무상태표(‘11.03월 이후),A113,Ⅰ. 현금 및 예치금_예치금_기타,0,0,0,0,0,0,0,0,0,0,0,0,0,0,0,0,0,0,0,0,0,0,0,0,0,0,0,0,0,0,0,0,0,0,-22167000,-16389000,-27567000,-27567000,-44154000,-46404000,-46404000,-48829500,-53113500,-53113500,-53113500,-53113500,-35991000,-21744000,0,0,0,0,0,0
241,부동산신탁,10903,KB부동산신탁(주),B,SM005,요약재무상태표(‘11.03월 이후),A2,Ⅱ. 증권,23026578828,23277929268,22882733624,24218100504,25271353216,26800738246,26977104097,28916728233,30158833769,29959356093,31383121959,31881046451,31967658747,32407293002,36899712701,40243282593,19267113388,17399375388,17800941716,19883790437,20158114700,22929831097,22518948542,22374813841,22524648021,23366498879,23386672835,23532137441,24547879224,31036669160,30525603770,30545818105,32150490321,31732944073,34607170518,35155641635,38422766630,39590222476,39324613156,40880509041,41175083735,41454498703,37284875752,38217376797,41971549857,44773967460,43596959215,45482562935,44786993850,44745147395,44982129738,44414255085,44590546298,45651988409
242,부동산신탁,10903,KB부동산신탁(주),B,SM005,요약재무상태표(‘11.03월 이후),A20,Ⅱ. 증권_당기손익-공정가치측정증권,0,0,0,0,0,0,0,0,0,0,0,0,0,0,0,0,0,0,0,0,0,0,0,0,0,0,0,23532137441,24547879224,31036669160,30525603770,30545818105,32150490321,31732944073,34607170518,35155641635,38422766630,39590222476,39324613156,40880509041,41175083735,41454498703,37284875752,38217376797,41971549857,44773967460,43596959215,45482562935,44786993850,44745147395,44982129738,44414255085,44590546298,45651988409
243,부동산신탁,10903,KB부동산신탁(주),B,SM005,요약재무상태표(‘11.03월 이후),A200,Ⅱ. 증권_당기손익-공정가치측정증권_주식, , , , , , , , , , , , , , , , , , , , ,0,0,0,0,0,0,0,14661618000,14658958000,21663518000,21186508000,21223938000,21453988000,22191997997,24734065875,25236408768,28927509798,30122259651,30737094500,31691750887,32057555762,32259700633,33578515533,35087020590,38048370332,39260571265,39459526181,41299201411,40596066325,40537409387,40963054311,40443345234,40700805157,41754005649
244,부동산신탁,10903,KB부동산신탁(주),B,SM005,요약재무상태표(‘11.03월 이후),A201,Ⅱ. 증권_당기손익-공정가치측정증권_국채·지방채, , , , , , , , , , , , , , , , , , , , ,0,0,0,0,0,0,0,0,0,0,0,0,0,0,0,0,0,0,0,0,0,0,0, , , , , , , , , , , 
245,부동산신탁,10903,KB부동산신탁(주),B,SM005,요약재무상태표(‘11.03월 이후),A202,Ⅱ. 증권_당기손익-공정가치측정증권_특수채, , , , , , , , , , , , , , , , , , , , ,0,0,0,0,0,0,0,0,0,0,0,0,0,0,0,0,0,0,0,0,0,0,0, , , , , , , , , , , 
246,부동산신탁,10903,KB부동산신탁(주),B,SM005,요약재무상태표(‘11.03월 이후),A203,Ⅱ. 증권_당기손익-공정가치측정증권_회사채, , , , , , , , , , , , , , , , , , , , ,0,0,0,0,0,0,0,0,0,0,0,0,0,0,0,0,0,0,0,0,0,0,0, , , , , , , , , , , 
247,부동산신탁,10903,KB부동산신탁(주),B,SM005,요약재무상태표(‘11.03월 이후),A204,Ⅱ. 증권_당기손익-공정가치측정증권_집합투자증권,0,0,0,0,0,0,0,0,0,0,0,0,0,0,0,0,0,0,0,0,0,0,0,0,0,0,0,8870519441,9888921224,9373151160,9339095770,9321880105,10696502321,9540946076,9873104643,9919232867,9495256832,9467962825,8587518656,9188758154,9117527973,9194798070,3706360219,3130356207,3923179525,5513396195,4137433034,4183361524,4190927525,4207738008,4019075427,3970909851,3889741141,3897982760
248,부동산신탁,10903,KB부동산신탁(주),B,SM005,요약재무상태표(‘11.03월 이후),A205,Ⅱ. 증권_당기손익-공정가치측정증권_기업어음증권, , , , , , , , , , , , , , , , , , , , ,0,0,0,0,0,0,0,0,0,0,0,0,0,0,0,0,0,0,0,0,0,0,0, , , , , , , , , , , 
249,부동산신탁,10903,KB부동산신탁(주),B,SM005,요약재무상태표(‘11.03월 이후),A206,Ⅱ. 증권_당기손익-공정가치측정증권_외화증권,0,0,0,0,0,0,0,0,0,0,0,0,0,0,0,0,0,0,0,0,0,0,0,0,0,0,0,0,0,0,0,0,0,0,0,0,0,0,0,0,0,0,0,0,0,0,0,0,0,0,0,0,0,0
250,부동산신탁,10903,KB부동산신탁(주),B,SM005,요약재무상태표(‘11.03월 이후),A207,Ⅱ. 증권_당기손익-공정가치측정증권_기타,0,0,0,0,0,0,0,0,0,0,0,0,0,0,0,0,0,0,0,0,0,0,0,0,0,0,0,0,0,0,0,0,0,0,0,0,0,0,0,0,0,0,0,0,0,0,0,0,0,0,0,0,0,0
251,부동산신탁,10903,KB부동산신탁(주),B,SM005,요약재무상태표(‘11.03월 이후),A21,Ⅱ. 증권_기타포괄손익-공정가치측정증권,23019078828,23270429268,22875233624,24210600504,25263853216,26793238246,26969604097,28909228233,30151333769,29951856093,31383121959,31881046451,31967658747,32407293002,36899712701,40243282593,19267113388,17399375388,17800941716,19883790437,20158114700,22929831097,22518948542,22374813841,22524648021,23366498879,23386672835,0,0,0,0,0,0,0,0,0,0,0,0,0,0,0,0,0,0,0,0,0,0,0,0,0,0,0
252,부동산신탁,10903,KB부동산신탁(주),B,SM005,요약재무상태표(‘11.03월 이후),A210,Ⅱ. 증권_기타포괄손익-공정가치측정증권_주식,6928472208,6928472208,6781734224,7839394224,9169710976,10398210976,10472224000,10651479968,11199185248,11202958992,12880216312,13131216312,13062622036,13915622036,12394277808,12303477808,10798730000,8792850000,9243537000,11217117000,11326932000,14054044000,13568864000,13568864000,13589379000,14339378000,14515798000,0,0,0,0,0,0,0,0,0,0,0,0,0,0,0,0, , , , , , , , , , , 
253,부동산신탁,10903,KB부동산신탁(주),B,SM005,요약재무상태표(‘11.03월 이후),A211,Ⅱ. 증권_기타포괄손익-공정가치측정증권_국채·지방채, , , , , , , , , , , , , , , , , , , , ,0,0,0,0,0,0,0,0,0,0,0,0,0,0,0,0,0,0,0,0,0,0,0, , , , , , , , , , , 
254,부동산신탁,10903,KB부동산신탁(주),B,SM005,요약재무상태표(‘11.03월 이후),A212,Ⅱ. 증권_기타포괄손익-공정가치측정증권_특수채, , , , , , , , , , , , , , , , , , , , ,0,0,0,0,0,0,0,0,0,0,0,0,0,0,0,0,0,0,0,0,0,0,0, , , , , , , , , , , 
255,부동산신탁,10903,KB부동산신탁(주),B,SM005,요약재무상태표(‘11.03월 이후),A213,Ⅱ. 증권_기타포괄손익-공정가치측정증권_회사채, , , , , , , , , , , , , , , , , , , , ,0,0,0,0,0,0,0,0,0,0,0,0,0,0,0,0,0,0,0,0,0,0,0, , , , , , , , , , , 
256,부동산신탁,10903,KB부동산신탁(주),B,SM005,요약재무상태표(‘11.03월 이후),A214,Ⅱ. 증권_기타포괄손익-공정가치측정증권_집합투자증권,16090606620,16341957060,16093499400,16371206280,16094142240,16395027270,16497380097,18257748265,18952148521,18748897101,18502905647,18749830139,18905036711,18491670966,24505434893,27939804785,8468383388,8606525388,8557404716,8666673437,8831182700,8875787097,8950084542,8805949841,8935269021,9027120879,8870874835,0,0,0,0,0,0,0,0,0,0,0,0,0,0,0,0,0,0,0,0,0,0,0,0,0,0,0
257,부동산신탁,10903,KB부동산신탁(주),B,SM005,요약재무상태표(‘11.03월 이후),A215,Ⅱ. 증권_기타포괄손익-공정가치측정증권_기업어음증권, , , , , , , , , , , , , , , , , , , , ,0,0,0,0,0,0,0,0,0,0,0,0,0,0,0,0,0,0,0,0,0,0,0, , , , , , , , , , , 
258,부동산신탁,10903,KB부동산신탁(주),B,SM005,요약재무상태표(‘11.03월 이후),A216,Ⅱ. 증권_기타포괄손익-공정가치측정증권_외화증권,0,0,0,0,0,0,0,0,0,0,0,0,0,0,0,0,0,0,0,0,0,0,0,0,0,0,0,0,0,0,0,0,0,0,0,0,0,0,0,0,0,0,0,0,0,0,0,0,0,0,0,0,0,0
259,부동산신탁,10903,KB부동산신탁(주),B,SM005,요약재무상태표(‘11.03월 이후),A217,Ⅱ. 증권_기타포괄손익-공정가치측정증권_기타,0,0,0,0,0,0,0,0,0,0,0,0,0,0,0,0,0,0,0,0,0,0,0,0,0,0,0,0,0,0,0,0,0,0,0,0,0,0,0,0,0,0,0,0,0,0,0,0,0,0,0,0,0,0
260,부동산신탁,10903,KB부동산신탁(주),B,SM005,요약재무상태표(‘11.03월 이후),A22,Ⅱ. 증권_상각후원가측정증권,0,0,0,0,0,0,0,0,0,0,0,0,0,0,0,0,0,0,0,0,0,0,0,0,0,0,0,0,0,0,0,0,0,0,0,0,0,0,0,0,0,0,0,0,0,0,0,0,0,0,0,0,0,0
261,부동산신탁,10903,KB부동산신탁(주),B,SM005,요약재무상태표(‘11.03월 이후),A220,Ⅱ. 증권_상각후원가측정증권_국채·지방채, , , , , , , , , , , , , , , , , , , , ,0,0,0,0,0,0,0,0,0,0,0,0,0,0,0,0,0,0,0,0,0,0,0, , , , , , , , , , , 
262,부동산신탁,10903,KB부동산신탁(주),B,SM005,요약재무상태표(‘11.03월 이후),A221,Ⅱ. 증권_상각후원가측정증권_특수채, , , , , , , , , , , , , , , , , , , , ,0,0,0,0,0,0,0,0,0,0,0,0,0,0,0,0,0,0,0,0,0,0,0, , , , , , , , , , , 
263,부동산신탁,10903,KB부동산신탁(주),B,SM005,요약재무상태표(‘11.03월 이후),A222,Ⅱ. 증권_상각후원가측정증권_회사채, , , , , , , , , , , , , , , , , , , , ,0,0,0,0,0,0,0,0,0,0,0,0,0,0,0,0,0,0,0,0,0,0,0, , , , , , , , , , , 
264,부동산신탁,10903,KB부동산신탁(주),B,SM005,요약재무상태표(‘11.03월 이후),A223,Ⅱ. 증권_상각후원가측정증권_기타, , , , , , , , , , , , , , , , , , , , ,0,0,0,0,0,0,0,0,0,0,0,0,0,0,0,0,0,0,0,0,0,0,0, , , , , , , , , , , 
265,부동산신탁,10903,KB부동산신탁(주),B,SM005,요약재무상태표(‘11.03월 이후),A23,Ⅱ. 증권_관계회사투자지분,7500000,7500000,7500000,7500000,7500000,7500000,7500000,7500000,7500000,7500000,0,0,0,0,0,0,0,0,0,0,0,0,0,0,0,0,0,0,0,0,0,0,0,0,0,0,0,0,0,0,0,0,0,0,0,0,0,0,0,0,0,0,0,0
266,부동산신탁,10903,KB부동산신탁(주),B,SM005,요약재무상태표(‘11.03월 이후),A230,Ⅱ. 증권_관계회사투자지분_연결대상회사 투자지분,0,0,0,0,0,0,0,0,0,0,0,0,0,0,0,0,0,0,0,0,0,0,0,0,0,0,0,0,0,0,0,0,0,0,0,0,0,0,0,0,0,0,0,0,0,0,0,0,0,0,0,0,0,0
267,부동산신탁,10903,KB부동산신탁(주),B,SM005,요약재무상태표(‘11.03월 이후),A231,Ⅱ. 증권_관계회사투자지분_비연결대상회사 투자지분,7500000,7500000,7500000,7500000,7500000,7500000,7500000,7500000,7500000,7500000,0,0,0,0,0,0,0,0,0,0,0,0,0,0,0,0,0,0,0,0,0,0,0,0,0,0,0,0,0,0,0,0,0,0,0,0,0,0,0,0,0,0,0,0
268,부동산신탁,10903,KB부동산신탁(주),B,SM005,요약재무상태표(‘11.03월 이후),A24,Ⅱ. 증권_파생결합증권,0,0,0,0,0,0,0,0,0,0,0,0,0,0,0,0,0,0,0,0,0,0,0,0,0,0,0,0,0,0,0,0,0,0,0,0,0,0,0,0,0,0,0,0,0,0,0,0,0,0,0,0,0,0
269,부동산신탁,10903,KB부동산신탁(주),B,SM005,요약재무상태표(‘11.03월 이후),A25,Ⅱ. 증권_대손충당금(-), , , , , , , , , , , , , , , , , , , , , , , , , , , ,0,0,0,0,0,0,0,0,0,0,0,0,0,0,0,0,0,0,0,0,0,0,0,0,0,0,0
270,부동산신탁,10903,KB부동산신탁(주),B,SM005,요약재무상태표(‘11.03월 이후),A3,Ⅲ. 파생상품자산,0,0,0,0,0,0,0,0,0,0,0,0,598016697,598016697,122632653,122632653,140529700,140529700,147660133,147660133,341429200,0,0,0,0,0,0,0,0,0,0,0,0,0,0,0,0,0,0,0,0,0,0,0,0,0,0,0,0,0,0,0,0,0
271,부동산신탁,10903,KB부동산신탁(주),B,SM005,요약재무상태표(‘11.03월 이후),A30,Ⅲ. 파생상품자산_이자율관련,0,0,0,0,0,0,0,0,0,0,0,0,0,0,0,0,0,0,0,0,0,0,0,0,0,0,0,0,0,0,0,0,0,0,0,0,0,0,0,0,0,0,0,0,0,0,0,0,0,0,0,0,0,0
272,부동산신탁,10903,KB부동산신탁(주),B,SM005,요약재무상태표(‘11.03월 이후),A31,Ⅲ. 파생상품자산_통화관련,0,0,0,0,0,0,0,0,0,0,0,0,0,0,0,0,0,0,0,0,0,0,0,0,0,0,0,0,0,0,0,0,0,0,0,0,0,0,0,0,0,0,0,0,0,0,0,0,0,0,0,0,0,0
273,부동산신탁,10903,KB부동산신탁(주),B,SM005,요약재무상태표(‘11.03월 이후),A32,Ⅲ. 파생상품자산_주식관련,0,0,0,0,0,0,0,0,0,0,0,0,598016697,598016697,122632653,122632653,140529700,140529700,147660133,147660133,341429200,0,0,0,0,0,0,0,0,0,0,0,0,0,0,0,0,0,0,0,0,0,0,0,0,0,0,0,0,0,0,0,0,0
274,부동산신탁,10903,KB부동산신탁(주),B,SM005,요약재무상태표(‘11.03월 이후),A33,Ⅲ. 파생상품자산_신용관련,0,0,0,0,0,0,0,0,0,0,0,0,0,0,0,0,0,0,0,0,0,0,0,0,0,0,0,0,0,0,0,0,0,0,0,0,0,0,0,0,0,0,0,0,0,0,0,0,0,0,0,0,0,0
275,부동산신탁,10903,KB부동산신탁(주),B,SM005,요약재무상태표(‘11.03월 이후),A34,Ⅲ. 파생상품자산_상품관련,0,0,0,0,0,0,0,0,0,0,0,0,0,0,0,0,0,0,0,0,0,0,0,0,0,0,0,0,0,0,0,0,0,0,0,0,0,0,0,0,0,0,0,0,0,0,0,0,0,0,0,0,0,0
276,부동산신탁,10903,KB부동산신탁(주),B,SM005,요약재무상태표(‘11.03월 이후),A35,Ⅲ. 파생상품자산_기타파생상품자산, , , , , , , , , , , , , , , , , , , , ,0,0,0,0,0,0,0,0,0,0,0,0,0,0,0,0,0,0,0,0,0,0,0, , , , , , , , , , , 
277,부동산신탁,10903,KB부동산신탁(주),B,SM005,요약재무상태표(‘11.03월 이후),A36,Ⅲ. 파생상품자산_파생상품Ⅲ. 파생상품자산_신용위험평가조정액, , , , , , , , , , , , , , , , , , , , ,0,0,0,0,0,0,0,0,0,0,0,0,0,0,0,0,0,0,0,0,0,0,0,0, , , , , , , , , , 
278,부동산신탁,10903,KB부동산신탁(주),B,SM005,요약재무상태표(‘11.03월 이후),A37,Ⅲ. 파생상품자산_파생상품Ⅲ. 파생상품자산_거래일손익인식평가조정액, , , , , , , , , , , , , , , , , , , , ,0,0,0,0,0,0,0,0,0,0,0,0,0,0,0,0,0,0,0,0,0,0,0, , , , , , , , , , , 
279,부동산신탁,10903,KB부동산신탁(주),B,SM005,요약재무상태표(‘11.03월 이후),A4,Ⅳ. 대출채권,223221882659,224043758076,212460281906,215863103219,186127863859,163895369494,155339186953,159218645845,131956293413,114979531216,125857516096,148611543860,141393883527,101250332338,48849437121,44513085161,44244784840,33933587656,28260092238,13374080877,14445630193,7765006132,9104738225,16742469771,25383944019,41650843983,36763210212,64891644502,77818830711,124237139705,91015841174,61139777180,72014895223,93899645172,76609745765,116042028839,83774118688,97917351507,80164528103,89074279761,98154760207,96259111478,98083498188,108854382192,135207232673,158257450669,213071934103,259347834757,339711666958,468504594554,526874243636,595896840733,608798293736,645745671519
280,부동산신탁,10903,KB부동산신탁(주),B,SM005,요약재무상태표(‘11.03월 이후),A40,Ⅳ. 대출채권_(현재가치할인차금)(-), , , , , , , , , , , , , , , , , , , , ,0,0,0,0,0,0,0,0,0,0,0,0,0,0,0,0,0,0,0,0,0,0,0, , , , , , , , , , , 
281,부동산신탁,10903,KB부동산신탁(주),B,SM005,요약재무상태표(‘11.03월 이후),A41,Ⅳ. 대출채권_(현재가치할증차금)(+), , , , , , , , , , , , , , , , , , , , ,0,0,0,0,0,0,0,0,0,0,0,0,0,0,0,0,0,0,0,0,0,0,0, , , , , , , , , , , 
282,부동산신탁,10903,KB부동산신탁(주),B,SM005,요약재무상태표(‘11.03월 이후),A42,Ⅳ. 대출채권_(이연대출부대손익), , , , , , , , , , , , , , , , , , , , ,0,0,0,0,0,0,0,0,0,0,0,0,0,0,0,0,0,0,0,0,0,0,0, , , , , , , , , , , 
283,부동산신탁,10903,KB부동산신탁(주),B,SM005,요약재무상태표(‘11.03월 이후),A43,Ⅳ. 대출채권_대여금,0,0,0,0,0,0,0,0,0,0,0,0,0,0,0,0,0,0,0,0,0,0,0,0,0,0,0,0,0,0,0,0,0,0,0,0,0,0,0,0,0,0,0,0,0,0,0,0,0,0,0,0,0,0
284,부동산신탁,10903,KB부동산신탁(주),B,SM005,요약재무상태표(‘11.03월 이후),A44,Ⅳ. 대출채권_대지급금,0,0,0,0,0,0,0,0,0,0,0,0,0,0,0,0,0,0,0,0,0,0,0,0,0,0,0,0,0,0,0,0,0,0,0,0,0,0,0,0,0,0,0,0,0,0,0,0,0,0,0,0,0,0
285,부동산신탁,10903,KB부동산신탁(주),B,SM005,요약재무상태표(‘11.03월 이후),A45,Ⅳ. 대출채권_신탁계정대,277877409046,274612985040,264211459933,267554517023,239917926336,215576154072,206137530247,211882679920,189389333261,146032993636,165709091338,190493801580,188624514731,146943209670,92677897583,87571747545,87360605117,35119723523,29186290535,13687450371,14747999010,7910556131,9350649881,17263267352,26118914703,43003747430,37973348532,67235562345,92894266190,140632504570,109357426641,76480764173,87203825315,110698443208,92866464732,134538593922,102308852686,105344326272,90597200021,100218901084,110169206517,108116317181,118657116713,130288826627,158075755186,181397455901,242304347817,290103991863,372536175556,505072008020,685916686586,786615057992,885152818379,952301152706
286,부동산신탁,10903,KB부동산신탁(주),B,SM005,요약재무상태표(‘11.03월 이후),A46,Ⅳ. 대출채권_기타 대출채권,0,0,0,0,0,0,0,0,0,0,0,0,0,0,0,0,0,0,0,0,0,0,0,0,0,0,0,0,0,0,0,0,0,0,0,0,0,0,0,0,0,0,0,0,0,0,0,0,0,0,0,0,0,0
287,부동산신탁,10903,KB부동산신탁(주),B,SM005,요약재무상태표(‘11.03월 이후),A47,Ⅳ. 대출채권_대손충당금(-),54655526387,50569226964,51751178027,51691413804,53790062477,51680784578,50798343294,52664034075,57433039848,31053462420,39851575242,41882257720,47230631204,45692877332,43828460462,43058662384,43115820277,1186135867,926198297,313369494,302368817,145549999,245911656,520797581,734970684,1352903447,1210138320,2343917843,15075435479,16395364865,18341585467,15340986993,15188930092,16798798036,16256718967,18496565083,18534733998,7426974765,10432671918,11144621323,12014446310,11857205703,20573618525,21434444435,22868522513,23140005232,29232413714,30756157106,32824508598,36567413466,159042442950,190718217259,276354524643,306555481187
288,부동산신탁,10903,KB부동산신탁(주),B,SM005,요약재무상태표(‘11.03월 이후),A470,Ⅳ. 대출채권_대손충당금(-)_대여금대손충당금, , , , , , , , , , , , , , , , , , ,0, ,0,0,0,0,0,0,0,0,0,0,0,0,0,0,0,0,0,0,0,0,0,0,0, , , , , , , , , , , 
289,부동산신탁,10903,KB부동산신탁(주),B,SM005,요약재무상태표(‘11.03월 이후),A471,Ⅳ. 대출채권_대손충당금(-)_대지급금대손충당금, , , , , , , , , , , , , , , , , , ,0, ,0,0,0,0,0,0,0,0,0,0,0,0,0,0,0,0,0,0,0,0,0,0,0, , , , , , , , , , , 
290,부동산신탁,10903,KB부동산신탁(주),B,SM005,요약재무상태표(‘11.03월 이후),A472,Ⅳ. 대출채권_대손충당금(-)_신탁계정대 대손충당금,54655526387,50569226964,51751178027,51691413804,53790062477,51680784578,50798343294,52664034075,57433039848,31053462420,39851575242,41882257720,47230631204,45692877332,43828460462,43058662384,43115820277,1186135867,926198297,313369494,302368817,145549999,245911656,520797581,734970684,1352903447,1210138320,2343917843,15075435479,16395364865,18341585467,15340986993,15188930092,16798798036,16256718967,18496565083,18534733998,7426974765,10432671918,11144621323,12014446310,11857205703,20573618525,21434444435,22868522513,23140005232,29232413714,30756157106,32824508598,36567413466,159042442950,190718217259,276354524643,306555481187
291,부동산신탁,10903,KB부동산신탁(주),B,SM005,요약재무상태표(‘11.03월 이후),A473,Ⅳ. 대출채권_대손충당금(-)_기타 대손충당금,0,0,0,0,0,0,0,0,0,0,0,0,0,0,0,0,0,0,0,0,0,0,0,0,0,0,0,0,0,0,0,0,0,0,0,0,0,0,0,0,0,0,0,0,0,0,0,0,0,0,0,0,0,0
292,부동산신탁,10903,KB부동산신탁(주),B,SM005,요약재무상태표(‘11.03월 이후),A5,Ⅴ. 유형자산,281575628,274578530,399279813,380123918,340173035,299538177,305452028,282005992,382223158,432747041,355160352,379090995,324514699,281339497,367015694,357204452,308986596,262003610,595666661,797456088,702541357,594305749,671590329,615792271,529906610,452531013,553771173,543693036,505864038,421058426,2605165487,22159244992,21293260590,20408774352,19473118892,18855650881,18338556830,17622308424,17228939757,16891852022,16656096131,15868280946,15153359116,14569104763,17276393153,16645601514,15802794188,15487605665,14781480160,13909612927,13288151987,12384050501,11712750250,10973919322
293,부동산신탁,10903,KB부동산신탁(주),B,SM005,요약재무상태표(‘11.03월 이후),A50,유형자산_(손상차손누계액), , , , , , , , , , , , , , , , , , , , ,0,0,0,0,0,0,0,0,0,0,0,0,0,0,0,0,0,0,0,0,0,0,0, , , , , , , , , , , 
294,부동산신탁,10903,KB부동산신탁(주),B,SM005,요약재무상태표(‘11.03월 이후),A51,유형자산__토지,47765901,47765901,47765901,47765901,47765901,47765901,47765901,47765901,47765901,47765901, , , , , , , , , , ,0,0,0,0,0,0,0,0,0,0,0,0,0,0,0,0,0,0,0,0,0,0,0, , , , , , , , , , , 
295,부동산신탁,10903,KB부동산신탁(주),B,SM005,요약재무상태표(‘11.03월 이후),A52,유형자산_건물,90570099,90570099,90570099,90570099,90570099,90570099,90570099,90570099,90570099,90570099, , , , , , , , , , ,0,0,0,0,0,0,0,0,0,0,0,0,0,0,0,0,0,0,0,0,0,0,0, , , , , , , , , , , 
296,부동산신탁,10903,KB부동산신탁(주),B,SM005,요약재무상태표(‘11.03월 이후),A53,유형자산_구축물, , , , , , , , , , , , , , , , , , , , ,0,0,0,0,0,0,0,0,0,0,0,0,0,0,0,0,0,0,0,0,0,0,0, , , , , , , , , , , 
297,부동산신탁,10903,KB부동산신탁(주),B,SM005,요약재무상태표(‘11.03월 이후),A54,유형자산_차량운반구, , , , , , , , , , , , , , , , , , , , ,0,0,0,0,0,0,0,0,0,0,0,0,0,0,0,0,0,0,0,0,0,0,0, , , , , , , , , , , 
298,부동산신탁,10903,KB부동산신탁(주),B,SM005,요약재무상태표(‘11.03월 이후),A55,유형자산_비품,1151994238,1167248312,1300779727,1145655427,1145548665,1145772591,1152480551,1155837376,1288989826,1340568527,1347338318,1351602949,1354500010,1368900010,1523503744,1549061059,1549909616,1558525661,1991148917,2117868801,2113092907,2130231063,2168345485,2197588827,2210126803,2232572196,2279437865,2322410845,2362469749,2367008629,2530134305,2632367743,2647401619,2697604388,2710122396,2715435396,2799159209,2815264421,2690713013,2747069146,3072328370,3095032919,3148574613,3192794287,3317874820,3464851353,2915340816,2954135266,3004564022,3014219350,3080811844,3091296688,3094790804,3130845244
299,부동산신탁,10903,KB부동산신탁(주),B,SM005,요약재무상태표(‘11.03월 이후),A56,유형자산_건설중인자산, , , , , , , , , , , , , , , , , , , , ,0,0,0,0,0,0,0,0,0,0,0,0,0,0,0,0,0,0,0,0,0,0,0, , , , , , , , , , , 
300,부동산신탁,10903,KB부동산신탁(주),B,SM005,요약재무상태표(‘11.03월 이후),A57,유형자산_운용리스자산(종금계정), , , , , , , , , , , , , , , , , , , , ,0,0,0,0,0,0,0,0,0,0,0,0,0,0,0,0,0,0,0,0,0,0,0, , , , , , , , , , , 
301,부동산신탁,10903,KB부동산신탁(주),B,SM005,요약재무상태표(‘11.03월 이후),A58,유형자산_선급리스자산(종금계정), , , , , , , , , , , , , , , , , , , , ,0,0,0,0,0,0,0,0,0,0,0,0,0,0,0,0,0,0,0,0,0,0,0, , , , , , , , , , , 
302,부동산신탁,10903,KB부동산신탁(주),B,SM005,요약재무상태표(‘11.03월 이후),A59,유형자산_기타,526658486,535749395,540874524,542144624,542144624,542144624,542144624,542144624,542144624,593807715,623750721,667214649,670666635,670666635,670666635,686898454,688110258,688110258,688110258,869927459,882145922,882145922,882145922,891906740,892574196,892574196,1034298741,1058902957,1067836509,1067836509,1684197919,22065766637,22131740457,22133218153,22137806926,22206820669,22323562773,22330124577,22564799722,22836225796,22627572532,22588325152,22609226621,22603393803,25934119227,26028665876,26073535800,26444556804,26297515689,26311496918,26271392288,25849522028,25910471160,25834656381
303,부동산신탁,10903,KB부동산신탁(주),B,SM005,요약재무상태표(‘11.03월 이후),A5A,유형자산_감가상각누계액(-),1535413096,1566755177,1580710438,1446012133,1485856254,1526715038,1527509147,1554312008,1587247292,1639965201,1615928687,1639726603,1700651946,1758227148,1827154685,1878755061,1929033278,1984632309,2083592514,2190340172,2292697472,2418071236,2378901078,2473703296,2572794389,2672615379,2759965433,2837620766,2924442220,3013786712,1609166737,2538889388,3485881486,4422048189,5374810430,6066605184,6784165152,7523080574,8026572978,8691442920,9043804771,9815077125,10604442118,11227083327,11975600894,12847915715,13186082428,13911086405,14520599551,15416103341,16064052145,16556768215,17292511714,17991582303
304,부동산신탁,10903,KB부동산신탁(주),B,SM005,요약재무상태표(‘11.03월 이후),A5A0,유형자산__감가상각누계액(-)_건물,23030783,23596304,24102184,24646081,25189978,25733875,26277771,26821668,27365565,27909462, , , , , , , , , , ,0,0,0,0,0,0,0,0,0,0,0,0,0,0,0,0,0,0,0,0,0,0,0, , , , , , , , , , , 
305,부동산신탁,10903,KB부동산신탁(주),B,SM005,요약재무상태표(‘11.03월 이후),A5A1,유형자산_감가상각누계액(-)_구축물, , , , , , , , , , , , , , , , , , , , ,0,0,0,0,0,0,0,0,0,0,0,0,0,0,0,0,0,0,0,0,0,0,0, , , , , , , , , , , 
306,부동산신탁,10903,KB부동산신탁(주),B,SM005,요약재무상태표(‘11.03월 이후),A5A2,유형자산_감가상각누계액(-)_차량운반구, , , , , , , , , , , , , , , , , , , , ,0,0,0,0,0,0,0,0,0,0,0,0,0,0,0,0,0,0,0,0,0,0,0, , , , , , , , , , , 
307,부동산신탁,10903,KB부동산신탁(주),B,SM005,요약재무상태표(‘11.03월 이후),A5A3,유형자산_감가상각누계액(-)_비품,997680690,1026718670,1046641004,908081604,944066451,981081509,978027566,1002730142,1033565142,1081909591,1074720773,1082603770,1126675556,1168191910,1221060598,1263557877,1303752203,1349112167,1437641740,1517448231,1588071632,1683211437,1613807318,1692432528,1775170408,1856418454,1918291029,1969194394,2025997374,2086432271,1484893717,1636708954,1791326358,1964093174,2127108363,2207396335,2290419778,2380475128,2211371484,2280160873,2374478025,2493100855,2614655405,2693703558,2783605585,2886477273,2449058560,2516583841,2585552668,2660158773,2705066844,2757145497,2811404694,2865725640
308,부동산신탁,10903,KB부동산신탁(주),B,SM005,요약재무상태표(‘11.03월 이후),A5A4,유형자산_감가상각누계액(-)_기타,514701623,516440203,509967250,513284448,516599825,519899654,523203810,524760198,526316585,530146148,541207914,557122833,573976390,590035238,606094087,615197184,625281075,635520142,645950774,672891941,704625840,734859799,765093760,781270768,797623981,816196925,841674404,868426372,898444846,927354441,124273020,902180434,1694555128,2457955015,3247702067,3859208849,4493745374,5142605446,5815201494,6411282047,6669326746,7321976270,7989786713,8533379769,9191995309,9961438442,10737023868,11394502564,11935046883,12755944568,13358985301,13799622718,14481107020,15125856663
309,부동산신탁,10903,KB부동산신탁(주),B,SM005,요약재무상태표(‘11.03월 이후),A5A5,유형자산_감가상각누계액(종금계정)(-), , , , , , , , , , , , , , , , , , , , ,0,0,0,0,0,0,0,0,0,0,0,0,0,0,0,0,0,0,0,0,0,0,0, , , , , , , , , , , 
310,부동산신탁,10903,KB부동산신탁(주),B,SM005,요약재무상태표(‘11.03월 이후),A5A6,유형자산_처분손실충당금(종금계정)(-), , , , , , , , , , , , , , , , , , , , ,0,0,0,0,0,0,0,0,0,0,0,0,0,0,0,0,0,0,0,0,0,0,0, , , , , , , , , , , 
311,부동산신탁,10903,KB부동산신탁(주),B,SM005,요약재무상태표(‘11.03월 이후),A6,Ⅵ. CMA운용자산(종금계정),0,0,0,0,0,0,0,0,0,0,0,0,0,0,0,0,0,0,0,0,0,0,0,0,0,0,0,0,0,0,0,0,0,0,0,0,0,0,0,0,0,0,0,0,0,0,0,0,0,0,0,0,0,0
312,부동산신탁,10903,KB부동산신탁(주),B,SM005,요약재무상태표(‘11.03월 이후),A7,Ⅶ. 리스자산(종금계정),0,0,0,0,0,0,0,0,0,0,0,0,0,0,0,0,0,0,0,0,0,0,0,0,0,0,0,0,0,0,0,0,0,0,0,0,0,0,0,0,0,0,0,0,0,0,0,0,0,0,0,0,0,0
313,부동산신탁,10903,KB부동산신탁(주),B,SM005,요약재무상태표(‘11.03월 이후),A8,Ⅷ. 기타자산,14585662741,12280826704,12575913448,12003727197,11840203045,10757394714,12240396284,10287685412,10444576028,10873758522,9809611345,10099603889,13452014041,12719671522,11811464326,10874098888,11469495181,12113776199,13491097230,14180280161,14435795785,13444825373,13180074740,12953235054,12441555698,18927895836,16784771830,19691179101,26408620499,22922103895,30874757050,30031164200,31427196543,28588849501,27407689073,30912715449,30989961067,31947734528,39452059531,42559135534,38796791521,40926260835,52594206364,51931252348,46454547067,50830586150,47421483212,50769957199,49199129661,59727435274,93161160034,109316603962,96974826875,84520443529
314,부동산신탁,10903,KB부동산신탁(주),B,SM005,요약재무상태표(‘11.03월 이후),A80,Ⅷ. 기타자산_(현재가치할인차금)(-), , , , , , , , , , , , , , , , , , , , ,0,0,0,0,0,0,0,0,0,0,0,0,0,0,0,0,0,0,0,0,0,0, , , , , , , , , , , , 
315,부동산신탁,10903,KB부동산신탁(주),B,SM005,요약재무상태표(‘11.03월 이후),A81,Ⅷ. 기타자산_(현재가치할증차금)(+), , , , , , , , , , , , , , , , , , , , ,0,0,0,0,0,0,0,0,0,0,0,0,0,0,0,0,0,0,0,0,0,0, , , , , , , , , , , , 
316,부동산신탁,10903,KB부동산신탁(주),B,SM005,요약재무상태표(‘11.03월 이후),A82,Ⅷ. 기타자산_미수금,10150162250,9706541487,6900183240,7015104353,7182787283,6997610126,6725958910,5869885750,5728421646,6089058261,5935495494,6108668636,5268518293,5285138025,4965095532,4681259823,5051755423,4451888823,4611901142,4634887811,5444150147,5370566238,4817537284,5533917499,4792039714,5393828422,5583234972,5685156519,6747081811,6262470592,8490448239,6754333449,9942896681,7638314427,7303767471,7776279491,9468325127,10523309214,13388379128,15279517355,13338562355,11401077520,15469524984,15729019251,14453306751,17518801751,18266832037,22206868108,21556648108,24659124537,29855314073,33692638386,37467889722,38813649872
317,부동산신탁,10903,KB부동산신탁(주),B,SM005,요약재무상태표(‘11.03월 이후),A820,Ⅷ. 기타자산_미수금_신탁보수미수금,4014795256,3861361473,1897846499,2026605112,2067538042,1958210885,1862795977,1561824727,1406355609,1339942210,1264312492,1438566492,1333641309,1504396301,1361160001,1267359211,871243211,923903211,933223211,1101849880,1177933580,1808090580,1045132080,1134912413,959905780,1607042280,1613630330,1968796877,2275280500,2425803448,3857931095,2366798805,5456442037,3715137853,2245897945,3970432347,5751687983,6598192070,9478611984,11626905070,8871250070,7586479482,10884893306,11749156213,10937158713,13893753713,14618303999,18411440070,17643500070,20713086499,25899396035,29710070348,33455481684,33690407284
318,부동산신탁,10903,KB부동산신탁(주),B,SM005,요약재무상태표(‘11.03월 이후),A821,Ⅷ. 기타자산_미수금_기타,6135366994,5845180014,5002336741,4988499241,5115249241,5039399241,4863162933,4308061023,4322066037,4749116051,4671183002,4670102144,3934876984,3780741724,3603935531,3413900612,4180512212,3527985612,3678677931,3533037931,4266216567,3562475658,3772405204,4399005086,3832133934,3786786142,3969604642,3716359642,4471801311,3836667144,4632517144,4387534644,4486454644,3923176574,5057869526,3805847144,3716637144,3925117144,3909767144,3652612285,4467312285,3814598038,4584631678,3979863038,3516148038,3625048038,3648528038,3795428038,3913148038,3946038038,3955918038,3982568038,4012408038,5123242588
319,부동산신탁,10903,KB부동산신탁(주),B,SM005,요약재무상태표(‘11.03월 이후),A83,Ⅷ. 기타자산_미수수익,1554759712,1473926519,2513088476,2240950754,2174815748,1605940049,2042229896,1470738762,2312992335,1785821971,2004695979,2701212013,3684945167,2011102481,2759995704,3251833463,3352660179,4031491572,4295379988,4809710826,4646531411,3443104341,3905970761,3708613616,3719753102,4304218069,5831989098,8982898606,9557694183,9830147957,8669978949,10681804402,8690224373,8989135239,10049855200,12215399331,11687638241,11418269358,10092912238,11553673964,9211259481,13430110431,15524314909,15847014045,14579421806,15538951218,16558716004,17509953623,17488686734,20887624475,22717495221,25020829419,26269394388,26550618879
320,부동산신탁,10903,KB부동산신탁(주),B,SM005,요약재무상태표(‘11.03월 이후),A830,Ⅷ. 기타자산_미수수익_미수수수료,996179677,1426286364,1968775705,2194277040,1585553032,1570954934,1396950816,1420249652,1591738652,1706264976,1358339106,2615837078,3053779529,1879234391,1876355690,2737365437,2412751494,3313606520,3722803110,4086362592,4166032778,2716392645,3400398496,2865206376,3245052656,3536542541,5353176305,8075977541,9367959523,9364195006,8380905912,9888405543,8024454333,8324563645,9419413403,11510427258,11246606298,11111468440,9841958692,11100704063,8933926550,13096289628,15115136540,15297928190,13939736484,14699380637,15479463606,16547814365,16884871414,19910119463,20774801243,22421749536,23232405566,25048828885
321,부동산신탁,10903,KB부동산신탁(주),B,SM005,요약재무상태표(‘11.03월 이후),A831,Ⅷ. 기타자산_미수수익_미수이자,56460886,47640155,52302886,46673714,28400727,34985115,39096176,50489110,39042112,79556995,92085389,85374935,76896651,131868090,371852214,507222049,402813500,502000408,572576878,536959612,480498633,542891998,505572265,657557352,474700446,584395488,478812793,720519663,189734660,329598404,239073537,653399796,608789218,527454596,555460976,484499371,441031943,306800918,238753547,305916366,277332931,333820803,408317623,549085855,639685322,839570581,1079252398,962139258,603815320,977505012,1942693978,2599079883,3036988822,1501789994
322,부동산신탁,10903,KB부동산신탁(주),B,SM005,요약재무상태표(‘11.03월 이후),A832,Ⅷ. 기타자산_미수수익_미수배당금, , , , , , , , , , , , , , , , , , , , ,0,0,0,0,0,0,0, ,0,0,0,0,56980822,41580822,41580822,91580322, , , , , ,0,0, , , , , , , , , , , 
323,부동산신탁,10903,KB부동산신탁(주),B,SM005,요약재무상태표(‘11.03월 이후),A833,Ⅷ. 기타자산_미수수익_미수분배금,502119149, ,492009885, ,560861989, ,606182904, ,682211571, ,554271484,0,554268987, ,511787800,7245977,537095185,215884644, ,186388622,0,183819698,0,185849888,0,183280040,0,186401402,0,136354547,49999500,139999063,0,95536176,33399999,128892380,0,0,12199999,147053535,0,0,0, , , , , , , , , , , 
324,부동산신탁,10903,KB부동산신탁(주),B,SM005,요약재무상태표(‘11.03월 이후),A834,Ⅷ. 기타자산_미수수익_기타, , , , , , , , , , , , , , , , , , , , ,0,0,0,0,0,0,0,0,0,0,0,0,0,0,0, , , , , , ,0,860746, , , , , , , , , , , 
325,부동산신탁,10903,KB부동산신탁(주),B,SM005,요약재무상태표(‘11.03월 이후),A84,Ⅷ. 기타자산_선급금,0,0,50000000,0,0,0,0,0,0,0,0,0,0,0,0,0,0,0,0,0,0,0,0,0,0,558300000,801119060,925907587,1127080745,1259695084,1405961270,1541855795,1279587157,1279587157,1451737157,1475145147,1597052147,1771952147,1878073387,1855289385,2137949145,2264705545,1889899145,1900899145,1591621799,1729317299,1718671799,2134461799,1277011510,1455281510,1449111310,1449111310,1453111310,1453111310
326,부동산신탁,10903,KB부동산신탁(주),B,SM005,요약재무상태표(‘11.03월 이후),A85,Ⅷ. 기타자산_선급비용,209703627,151747243,100561676,147803993,204795546,138049268,119027353,153043888,155646284,180696538,171382720,173130548,143260540,124992788,88491881,114752607,149379335,112158034,79134433,62407326,168175276,158803056,133438273,120385325,142271617,147187269,111085314,86809097,139385987,122186553,525651663,88278238,107744909,129519192,191717211,144758044,661527935,585596904,614067761,621692657,709291215,784539817,787260910,765501994,1218415834,1805250612,1255526518,1714860591,1903471722,5620602225,9811205226,10414183005,7189997291,3441264307
327,부동산신탁,10903,KB부동산신탁(주),B,SM005,요약재무상태표(‘11.03월 이후),A86,Ⅷ. 기타자산_선급제세,55627624,68766770,103152993,67225384,76314596,62973172,85781704,57480549,85035900,73779139,98890910,75546600,67836334,87675894,107903631,79930618,73985267,69872482,117367536,110202306,90795700,78759556,116975904,81617402,88051959,141561419,131457854,100551434,146182910,100687088,455078193,237172477,264095358,201146807,208811847,146519393,230743300,158200842,274001526,151668983,249007231,189754645,244431212,157877645,262764437,269308964,276172203,226907185,201573425,203200857,9149447388,9072336529,191652793,190619947
328,부동산신탁,10903,KB부동산신탁(주),B,SM005,요약재무상태표(‘11.03월 이후),A87,Ⅷ. 기타자산_대리점, , , , , , , , , , , , , , , , , , , , ,0,0,0,0,0,0,0,0,0,0,0,0,0,0,0,0,0,0,0,0,0,0,0, , , , , , , , , , , 
329,부동산신탁,10903,KB부동산신탁(주),B,SM005,요약재무상태표(‘11.03월 이후),A88,Ⅷ. 기타자산_본.지점, , , , , , , , , , , , , , , , , , , , ,0,0,0,0,0,0,0,0,0,0,0,0,0,0,0,0,0,0,0,0,0,0,0, , , , , , , , , , , 
330,부동산신탁,10903,KB부동산신탁(주),B,SM005,요약재무상태표(‘11.03월 이후),A89,Ⅷ. 기타자산_보증금,7747581534,7903560241,3582791628,3413456306,3333454322,3141709826,3174706798,3150786031,2471618623,3010800232,3159549029,3051862888,5565291409,5568524672,2310828074,2240816122,2133206919,2178562532,1955432894,1964542393,1896763589,1805152664,1685014142,1527847183,1534361433,6405590550,1408005932,1507983644,6509051099,1646035825,3905271943,4086842876,4100004246,4119360776,3363302893,5434886336,3345878274,3571189439,3416311552,4008075119,4020307095,3901778169,7903254854,8169335018,4425692085,4449176447,4374622063,4354330700,4377127638,4598038119,4604187758,4661202179,4532282326,4836440307
331,부동산신탁,10903,KB부동산신탁(주),B,SM005,요약재무상태표(‘11.03월 이후),A890,Ⅷ. 기타자산_보증금_전세권, , , , , , , , , , , , , , , , , , , , ,0,0,0,0,0,0,0,0,0,0,0,0,0,0,0,0,0,0,0,0,0,0, , , , , , , , , , , , 
332,부동산신탁,10903,KB부동산신탁(주),B,SM005,요약재무상태표(‘11.03월 이후),A891,Ⅷ. 기타자산_보증금_전신전화가입권,9196000,9196000,9196000,9196000,9196000,9196000,9196000,9196000,9196000,9196000,9196000,9196000,9196000,9196000,9196000,8954000,8954000,8954000,8954000,8954000,8954000,8954000,8954000,8954000,8954000,8954000,8954000,8954000,8954000,8954000,8954000,8954000,8954000,8954000,8954000,8954000,8954000,8954000,8954000,8954000,8954000,8954000,8954000,8954000,8954000,8954000,8954000,8954000,8954000,8954000,8954000,8954000,8954000,8954000
333,부동산신탁,10903,KB부동산신탁(주),B,SM005,요약재무상태표(‘11.03월 이후),A892,Ⅷ. 기타자산_보증금_임차보증금,7738205534,7894184241,3573415628,3404080306,3324078322,3132333826,3165330798,3141410031,2462242623,3001424232,3150173029,3042486888,3055915409,3059148672,2301452074,2231682122,2124072919,2169428532,1946298894,1955408393,1887629589,1796018664,1675880142,1518713183,1525227433,1396456550,1398871932,1498849644,1499917099,1636901825,3894778047,4076348980,4088926110,4108282640,3352224757,3423808200,3334800138,3560111303,3405233416,3996844885,4009076861,3890547935,4042024620,4308066761,4414174118,4437658480,4363104096,4342812733,4366239926,4587150407,4593300046,4630314467,4501278834,4805436815
334,부동산신탁,10903,KB부동산신탁(주),B,SM005,요약재무상태표(‘11.03월 이후),A893,Ⅷ. 기타자산_보증금_회원보증금, , , , , , , , , , , , , , , , , , , , ,0,0, ,0,0,0,0,0,0,0,0,0,0,0,0,0,0,0,0,0,0,0, , , , , , , , , , , , 
335,부동산신탁,10903,KB부동산신탁(주),B,SM005,요약재무상태표(‘11.03월 이후),A894,Ⅷ. 기타자산_보증금_기타,180000,180000,180000,180000,180000,180000,180000,180000,180000,180000,180000,180000,2500180000,2500180000,180000,180000,180000,180000,180000,180000,180000,180000,180000,180000,180000,5000180000,180000,180000,5000180000,180000,1539896,1539896,2124136,2124136,2124136,2002124136,2124136,2124136,2124136,2276234,2276234,2276234,3852276234,3852314257,2563967,2563967,2563967,2563967,1933712,1933712,1933712,21933712,22049492,22049492
336,부동산신탁,10903,KB부동산신탁(주),B,SM005,요약재무상태표(‘11.03월 이후),A8A,Ⅷ. 기타자산_투자부동산,0,0,0,0,0,0,0,0,0,0,0,0,0,0,0,0,0,0,0,0,0,0,0,0,0,0,0,0,0,0,0,0,0,0,0,0,0,0,0,0,0,0,0,0,0,0,0,0,0,0,0,0,0,0
337,부동산신탁,10903,KB부동산신탁(주),B,SM005,요약재무상태표(‘11.03월 이후),A8A0,Ⅷ. 기타자산_투자부동산_(손상차손누계액), , , , , , , , , , , , , , , , , , , , ,0,0,0,0,0,0,0,0,0,0,0,0,0,0,0,0,0,0,0,0,0,0,0, , , , , , , , , , , 
338,부동산신탁,10903,KB부동산신탁(주),B,SM005,요약재무상태표(‘11.03월 이후),A8A1,Ⅷ. 기타자산_투자부동산_토지, , , , , , , , , , , , , , , , , , , , , ,0,0,0,0,0,0,0,0,0,0,0,0,0,0,0,0,0,0,0,0,0,0, , , , , , , , , , , 
339,부동산신탁,10903,KB부동산신탁(주),B,SM005,요약재무상태표(‘11.03월 이후),A8A2,Ⅷ. 기타자산_투자부동산_건물, , , , , , , , , , , , , , , , , , , , ,0,0,0,0,0,0,0,0,0,0,0,0,0,0,0,0,0,0,0,0,0,0,0, , , , , , , , , , , 
340,부동산신탁,10903,KB부동산신탁(주),B,SM005,요약재무상태표(‘11.03월 이후),A8A3,Ⅷ. 기타자산_투자부동산_건물감가상각누계액(-), , , , , , , , , , , , , , , , , , , , ,0,0,0,0,0,0,0,0,0,0,0,0,0,0,0,0,0,0,0,0,0,0,0, , , , , , , , , , , 
341,부동산신탁,10903,KB부동산신탁(주),B,SM005,요약재무상태표(‘11.03월 이후),A8B,Ⅷ. 기타자산_무형자산,485817369,439838838,4574647809,4628598667,4677774878,4614626966,4388328828,4318230346,4306656385,4241606159,2533940324,2459987040,2417526205,2594739356,2466305356,2413922727,2352781521,2291515704,2444212756,2375728500,2339357560,2289085362,2198292460,2155021401,2106733598,2060169944,2037326516,1834964571,1964685144,3367584773,5202938144,5182192985,6055219797,5874487100,5568660215,5378614495,5353565370,5195517012,5358536957,5154589482,5144415072,4952654991,4984134380,4751614474,5359543229,5089021734,4985029539,4799290915,4740518545,4799040803,4703665307,4595970081,4517179262,4279490051
342,부동산신탁,10903,KB부동산신탁(주),B,SM005,요약재무상태표(‘11.03월 이후),A8B0,Ⅷ. 기타자산_무형자산_(손상차손누계액), , ,381782713,381782713,381782713,381782713,631782713,631782713,631782713,631782713,2235467517,2235467517,2235467517,2235467517,2438129517,2438129517,2438129517,2438129517,2438129517,2438129517,2438129517,2438129517,1889119050,1889119050,1889119050,1889119050,1889119050,-1889119050,-1889119050,1889119050,1889119050,-1889119050,-1889119050,-1889119050,-1889119050,-1889119050,-1889119050,-1889119050,-1889119050,-1889119050,-1889119050,-1889119050,-1889119050,-1889119050,-1889119050,-1444102050,-1444102050,-1444102050,-1444102050,-1444102050,-1442359650,-1442359650,-1442359650,-969038653
343,부동산신탁,10903,KB부동산신탁(주),B,SM005,요약재무상태표(‘11.03월 이후),A8B1,Ⅷ. 기타자산_무형자산_영업권, , , , , , , , , , , , , , , , , , , , ,0,0,0,0,0,0,0, ,0,0,0,0,0,0,0,0,0,0,0,0,0,0,0, , , , , , , , , , , 
344,부동산신탁,10903,KB부동산신탁(주),B,SM005,요약재무상태표(‘11.03월 이후),A8B2,Ⅷ. 기타자산_무형자산_개발비,409198601,372487283,486854129,549151966,610129096,558734601,575336428,515935377,450735374,388020529,373487090,307697513,274014313,291361113,377551844,342584849,299018170,255451492,278864742,232106403,220780132,195552604,171830959,153234093,133039511,111550026,99448455,82019510,497025412,516314017,789869063,782646204,1566093216,1518837138,1411490097,1305634668,1322240738,1256208928,1239821898,1123916495,1031305805,942789512,953594814,835113887,921113109,780522508,645760996,518973494,478415017,428632746,374624979,323096429,297170191,255830981
345,부동산신탁,10903,KB부동산신탁(주),B,SM005,요약재무상태표(‘11.03월 이후),A8B3,Ⅷ. 기타자산_무형자산_소프트웨어,76618768,67351555,93487947,85140968,73340049,61586632,68686667,57989236,111615278,109279897,174220234,166056527,157278892,193483243,181520512,164104878,146530351,128831212,258115014,236389097,211344428,186299758,234228501,210429308,183211087,159011918,149145061,130087061,110676732,95162756,1090536081,1077888781,1168343581,1085741962,1038137118,954821827,914041632,822900084,1003182059,916014987,999326267,896957479,918506566,805342587,671337120,537200626,488106943,430030821,412691928,376561457,331107210,275815534,222950953,171850952
346,부동산신탁,10903,KB부동산신탁(주),B,SM005,요약재무상태표(‘11.03월 이후),A8B4,Ⅷ. 기타자산_무형자산_회원권, , ,3994305733,3994305733,3994305733,3994305733,3744305733,3744305733,3744305733,3744305733,1986233000,1986233000,1986233000,2109895000,1907233000,1907233000,1907233000,1907233000,1907233000,1907233000,1907233000,1907233000,1757233000,1757233000,1757233000,1757233000,1757233000,1592233000,1327233000,2727233000,3294533000,3294533000,3294533000,3244533000,3094533000,3094533000,3094533000,3094533000,3094533000,3094533000,3094533000,3094533000,3094533000,3094533000,3751343000,3756423600,3837161600,3837161600,3837161600,3982471600,3987433118,3987433118,3987433118,3843933118
347,부동산신탁,10903,KB부동산신탁(주),B,SM005,요약재무상태표(‘11.03월 이후),A8B5,Ⅷ. 기타자산_무형자산_기타, , , , , , , , , , , , , , , , , , , , ,0,0,35000000,34125000,33250000,32375000,31500000,30625000,29750000,28875000,28000000,27125000,26250000,25375000,24500000,23625000,22750000,21875000,21000000,20125000,19250000,18375000,17500000,16625000,15750000,14875000,14000000,13125000,12250000,11375000,10500000,9625000,9625000,7875000
348,부동산신탁,10903,KB부동산신탁(주),B,SM005,요약재무상태표(‘11.03월 이후),A8C,Ⅷ. 기타자산_가지급금, , , ,7377940, , , ,172070, ,179100, , , , , , , , , ,0,0,0, ,0,0,0,0,457740,0,0,0,0,0,0,0,0,0,0,0,0,0,0, , ,11240500,11240500, ,2116200,8320362,8320362, ,1479892,1779495,40971855
349,부동산신탁,10903,KB부동산신탁(주),B,SM005,요약재무상태표(‘11.03월 이후),A8D,Ⅷ. 기타자산_이연법인세자산,3563395629,1668888977,1266313153,1112143086,729093227,702628868,1915764973,871962188,662335955,805627787,1155696391,1038818537,1046559156,1281677226,3152817673,2221920463,1992080761,2673469863,3559406482,3790608384,3455917261,3660208011,3717531442,3723951208,3548434405,3655271178,4762463855,4476645861,4529553674,4775776387,5328016560,4846622646,4768072459,4748444786,4067309619,3298260422,3699505505,3630910333,9798806806,9634660714,9354715015,9608759227,10635710365,9265762071,9043039808,9109218194,4548160405,2683300228,2903951170,3174704784,18149871186,28273306176,24617089561,13376010199
350,부동산신탁,10903,KB부동산신탁(주),B,SM005,요약재무상태표(‘11.03월 이후),A8E,Ⅷ. 기타자산_일반상품, , , , , , , , , , , , , , , , , , , , ,0,0,0,0,0,0,0,0,0,0,0,0,0,0,0,0,0,0,0,0,0,0,0, , , , , , , , , , , 
351,부동산신탁,10903,KB부동산신탁(주),B,SM005,요약재무상태표(‘11.03월 이후),A8F,Ⅷ. 기타자산_기타,0,0,0,0,0,0,0,0,0,0,0,0,0,0,0,0,0,0,0,0,0,0,0,0,0,0,0,0,0,0,1542962404,1318267224,993667504,146595704,0,0,0,0,0,0,0,0,0,0,51019105,51019105,51019105,13835810,0,0,0,0,0,0
352,부동산신탁,10903,KB부동산신탁(주),B,SM005,요약재무상태표(‘11.03월 이후),A8G,Ⅷ. 기타자산_대손충당금(-),9181385004,9132443371,6514825527,6628933286,6538832555,6506143561,6211402178,5604614172,5278131100,5313810665,5250039502,5509622373,4741923063,4234178920,4039973525,4130336935,3636354224,3695182811,3571738001,3567807385,3605895159,3360853855,3394685526,3898118580,3490090130,3738231015,3881910771,3910195958,4312095054,4442480364,4651550315,4706205892,4774315941,4537741687,4797472540,4957147210,5054274832,4907210721,5369029824,5700032125,5368715088,5607119510,4844324395,4655771295,4541518287,4740719674,4613266461,4875967960,5258179553,5678502398,7279137435,7864453015,9265549273,8461733198
353,부동산신탁,10903,KB부동산신탁(주),B,SM005,요약재무상태표(‘11.03월 이후),A8G0,Ⅷ. 기타자산_대손충당금(-)_미수금대손충당금,8933275802,8846739257,6177083196,6233323015,6179384405,6107030434,5802466670,5212267797,4877030582,4922578128,5020099012,5221393147,4437256190,4062430153,3904777972,3964355290,3505143686,3552353772,3429859096,3470149174,3505949024,3289026294,3304595577,3822993677,3407738129,3642202171,3778134104,3779400969,3979185134,4005728178,4204419603,4192840678,4371941006,4104349628,4315249379,4336764500,4403127300,4245855104,4639340533,4913823457,4672738364,4616060776,4344183424,4147631534,4113478914,4296211833,4215688520,4313570557,4423977640,4615908499,5104056509,5391639314,6096386541,5441921245
354,부동산신탁,10903,KB부동산신탁(주),B,SM005,요약재무상태표(‘11.03월 이후),A8G1,Ⅷ. 기타자산_대손충당금(-)_미수수익대손충당금,248109202,285704114,337742331,395610271,359448150,399113127,408935508,392346375,401100518,391232537,229940490,288229226,304666873,171748767,135195553,165981645,131210538,142829039,141878905,97658211,99946135,71827561,90089949,75124903,82352001,96028844,103776667,112276838,289855436,388631834,389345704,449994941,360532435,391549559,428799234,566097369,567302295,568328130,588833787,584267779,472836353,758411633,406940756,414586446,354154561,363982339,333901271,482437689,790387010,1015061535,1224473710,1522206485,2217194377,2066885118
355,부동산신탁,10903,KB부동산신탁(주),B,SM005,요약재무상태표(‘11.03월 이후),A8G10,Ⅷ. 기타자산_대손충당금(-)_미수수익대손충당금_미수수수료대손충당금,245020895,283134278,334953967,393217094,358241582,398546562,407960427,390944527,399727770,390329710,228532540,285726610,302478568,170131433,133903026,164814522,130267312,142152661,141184586,97436492,99804025,71803135,90036952,74894296,81995910,95305920,103042643,110417182,287728497,383859333,384190084,447249266,355967583,373843483,383929487,466065514,564816171,565188696,588328498,581360853,471757149,757191032,405771114,411949745,349498423,357837095,324522172,469669803,774864589,992012153,1062718925,1488270836,2145175498,2014803385
356,부동산신탁,10903,KB부동산신탁(주),B,SM005,요약재무상태표(‘11.03월 이후),A8G11,Ⅷ. 기타자산_대손충당금(-)_미수수익대손충당금_미수이자대손충당금,3088307,2569836,2788364,2393177,1206568,566565,975081,1401848,1372748,902827,1407950,2502616,2188305,1617334,1292527,1167123,943226,676378,694319,221719,142110,24426,52997,230607,356091,722924,734024,1859656,2126939,4772501,5155620,2745675,1693019,2017669,2142421,4006443,2486124,3139434,322290,701123,1079204,1220601,1169642,2636701,4656138,6145244,9379099,12767886,15522421,23049382,161754785,33935649,72018879,52081733
357,부동산신탁,10903,KB부동산신탁(주),B,SM005,요약재무상태표(‘11.03월 이후),A8G12,Ⅷ. 기타자산_대손충당금(-)_미수수익대손충당금_기타대손충당금, , , , , , , , , , , , , , , , , , , , ,0,0,0,0,0,0,0, ,0,0,0,0,2871833,15688407,42727326,96025412, , ,182999,2205803, , , , , , , , , , , , , , 
358,부동산신탁,10903,KB부동산신탁(주),B,SM005,요약재무상태표(‘11.03월 이후),A8G2,Ⅷ. 기타자산_대손충당금(-)_선급금대손충당금, , , , , , , , , , , , , , , , , , , , ,0,0,0,0,0,0,0,18518151,43054484,48120352,57785008,63370273,41842500,41842500,53423927,54285341,83845237,93027487,140855504,201940889,223140371,232647101,93200215,93553315,73884812,80525502,63676670,79959714,43814903,47532364,950607216,950607216,951968355,952926835
359,부동산신탁,10903,KB부동산신탁(주),B,SM005,요약재무상태표(‘11.03월 이후),A8G3,Ⅷ. 기타자산_대손충당금(-)_기타대손충당금, , , , , , , , , , , , , , , , , , , , ,0,0,0,0,0,0,0,0,0,0,0,0,0,0,0,0,0,0,0,0,0,0, , , , , , , , , , , , 
360,부동산신탁,10903,KB부동산신탁(주),B,SM005,요약재무상태표(‘11.03월 이후),B,부채총계,128091374344,122111180463,106583744291,104932182812,72142897864,41971657535,35362766931,36682553015,13871948180,15654219430,13612070665,20615785479,16291299900,17466056584,20930362448,21450362451,17969853109,20688936506,20482386756,23589681491,27489904130,31292016853,33712630563,35203411850,33422341639,41445282646,47355398357,54093457171,46965335267,50182709764,57228963037,79761317798,80222374878,91489212404,85131565483,90242232748,92304688988,102141282980,107994504009,116541727289,107036718239,110063729116,119699600432,123954544663,129083259349,126909981580,113443633827,106861931672,154728379551,322184338143,573347864168,701850475474,798069025372,562890065722
361,부동산신탁,10903,KB부동산신탁(주),B,SM005,요약재무상태표(‘11.03월 이후),B1,Ⅰ. 예수부채,0,0,0,0,0,0,0,0,0,0,0,0,0,0,0,0,0,0,0,0,0,0,0,0,0,0,0,0,0,0,0,0,0,0,0,0,0,0,0,0,0,0,0,0,0,0,0,0,0,0,0,0,0,0
362,부동산신탁,10903,KB부동산신탁(주),B,SM005,요약재무상태표(‘11.03월 이후),B2,Ⅱ. 차입부채,116289328201,111521899561,93663218700,89254562633,58125412307,26031153340,16031153340,18177153340,1031153340,1031153340,1031153340,8459153340,2865153340,1031153340,1031153340,1031153340,0,0,0,0,0,0,0,0,0,0,0,0,0,0,0,0,0,0,0,0,0,0,0,0,0,0,0,0,0,0,0,0,55000000000,225000000000,429963000741,524967772118,637026869014,471892675552
363,부동산신탁,10903,KB부동산신탁(주),B,SM005,요약재무상태표(‘11.03월 이후),B20,Ⅱ. 차입부채_(현재가치할인차금)(-), , , , , , , , , , , , , , , , , , , , ,0,0,0,0,0,0,0,0,0,0,0,0,0,0,0,0,0,0,0,0,0,0,0, , , , , , , , , , , 
364,부동산신탁,10903,KB부동산신탁(주),B,SM005,요약재무상태표(‘11.03월 이후),B21,Ⅱ. 차입부채_(현재가치할증차금)(+), , , , , , , , , , , , , , , , , , , , ,0,0,0,0,0,0,0,0,0,0,0,0,0,0,0,0,0,0,0,0,0,0,0, , , , , , , , , , , 
365,부동산신탁,10903,KB부동산신탁(주),B,SM005,요약재무상태표(‘11.03월 이후),B22,Ⅱ. 차입부채_차입금,116289328201,111521899561,93663218700,89254562633,58125412307,26031153340,16031153340,18177153340,1031153340,1031153340,1031153340,8459153340,2865153340,1031153340,1031153340,1031153340,0,0,0,0,0,0,0,0,0,0,0,0,0,0,0,0,0,0,0,0,0,0,0,0,0,0,0,0,0,0,0,0,55000000000,225000000000,410000000000,505000000000,617054215437,426965056697
366,부동산신탁,10903,KB부동산신탁(주),B,SM005,요약재무상태표(‘11.03월 이후),B23,Ⅱ. 차입부채_매도증권,0,0,0,0,0,0,0,0,0,0,0,0,0,0,0,0,0,0,0,0,0,0,0,0,0,0,0,0,0,0,0,0,0,0,0,0,0,0,0,0,0,0,0,0,0,0,0,0,0,0,0,0,0,0
367,부동산신탁,10903,KB부동산신탁(주),B,SM005,요약재무상태표(‘11.03월 이후),B24,Ⅱ. 차입부채_사채,0,0,0,0,0, , ,0,0,0,0,0,0, ,0,0,0,0, ,0,0,0,0,0,0,0,0,0,0,0,0,0,0,0,0,0,0,0,0,0,0,0,0,0,0,0,0,0,0,0,19963000741,19967772118,19972653577,44927618855
368,부동산신탁,10903,KB부동산신탁(주),B,SM005,요약재무상태표(‘11.03월 이후),B240,Ⅱ. 차입부채_(사채발행차금), , , , , , , , , , , , , , , , , , , , ,0,0,0,0,0,0,0,0,0,0,0,0,0,0,0,0,0,0,0,0,0,0,0, , , , , , , ,-36999259,-32227882,-27346423,-72381145
369,부동산신탁,10903,KB부동산신탁(주),B,SM005,요약재무상태표(‘11.03월 이후),B25,Ⅱ. 차입부채_발행어음(종금계정), , , , , , , , , , , , , , , , , , , , ,0,0,0,0,0,0,0,0,0,0,0,0,0,0,0,0,0,0,0,0,0,0,0, , , , , , ,0,0, , , 
370,부동산신탁,10903,KB부동산신탁(주),B,SM005,요약재무상태표(‘11.03월 이후),B26,Ⅱ. 차입부채_기타,0,0,0,0,0,0,0,0,0,0,0,0,0,0,0,0,0,0,0,0,0,0,0,0,0,0,0,0,0,0,0,0,0,0,0,0,0,0,0,0,0,0,0,0,0,0,0,0,0,0,0,0,0,0
371,부동산신탁,10903,KB부동산신탁(주),B,SM005,요약재무상태표(‘11.03월 이후),B3,Ⅳ. 기타부채,11802046143,10589280902,12920525591,15677620179,14017485557,15940504195,19331613591,18505399675,12840794840,14623066090,12580917325,12156632139,13426146560,16434903244,19899209108,20419209111,17969853109,20688936506,20482386756,23589681491,27489904130,31292016853,33712630563,35203411850,33422341639,41445282646,47355398357,54093457171,46965335267,50182709764,57228963037,79761317798,80222374878,91489212404,85131565483,90242232748,92304688988,102141282980,107994504009,116541727289,107036718239,110063729116,119699600432,123954544663,129083259349,126909981580,113443633827,106861931672,99728379551,97184338143,143384863427,176882703356,161042156358,90997390170
372,부동산신탁,10903,KB부동산신탁(주),B,SM005,요약재무상태표(‘11.03월 이후),B30,Ⅳ. 기타부채_(현재가치할인차금)(-), , , , , , , , , , , , , , , , , , , , ,0,0,0,0,0,0,0,0,0,0,0,0,0,0,0,0,0,0,0,0,0,0, , , , , , , , , , , , 
373,부동산신탁,10903,KB부동산신탁(주),B,SM005,요약재무상태표(‘11.03월 이후),B31,Ⅳ. 기타부채_(현재가치할증차금)(+), , , , , , , , , , , , , , , , , , , , ,0,0,0,0,0,0,0,0,0,0,0,0,0,0,0,0,0,0,0,0,0,0, , , , , , , , , , , , 
374,부동산신탁,10903,KB부동산신탁(주),B,SM005,요약재무상태표(‘11.03월 이후),B32,Ⅳ. 기타부채_퇴직급여부채,1665262363,978297860,1040337088,1119462472,857226731,953424218,1062316157,1126821909,1200257199,1236534326,1082673934,1193302451,1285616538,1372433927,1780041832,1831454766,1965065362,2054537970,1881863503,1925288981,2009651989,2091093853,2010177041,2040161739,2165393558,2328061549,2477188100,2572414228,2639351901,2820514635,3274385242,3406757820,3411663402,3665048587,3892031470,4131381371,4398445523,4608405509,5009984080,5227035394,5455738758,5764536922,4906919986,5139430604,5304006869,5562128544,4499685746,4443585099,4581778983,4771202861,44152744,213600475,481750272,761711370
375,부동산신탁,10903,KB부동산신탁(주),B,SM005,요약재무상태표(‘11.03월 이후),B320,Ⅳ. 기타부채_퇴직급여부채_확정급여채무,2220719359,1441232734,1500703941,1568260470,1175541855,1272867085,1297420073,1344947301,1396932939,1428942617,1262453176,1374613165,1468489004,1556898983,1965086946,1999422432,2134479848,2225427844,2053039840,2091303057,2166502424,2249306511,2169527166,2190432298,2316958500,2477403632,2630677454,2727211100,2785161806,2967594362,3421917907,3555519216,3538724514,3793216242,4020596166,4261053482,4529234588,4740333583,5142378185,5360557314,5590410793,5900381782,5043830931,5277507842,5434781763,5694042323,4631806892,4943924050,5067636082,5264512144,6345004746,6522025032,6727431838,7130233251
376,부동산신탁,10903,KB부동산신탁(주),B,SM005,요약재무상태표(‘11.03월 이후),B322,"Ⅳ. 기타부채_퇴직급여부채_미인식보험수리적손익(+,-)", , , , , , , , , , , , , , , , , ,0, ,0, ,0,0,0,0,0,0,0,0,0,0,0,0,0,0,0,0,0,0,0,0,0, , , , , , , , , , , , 
377,부동산신탁,10903,KB부동산신탁(주),B,SM005,요약재무상태표(‘11.03월 이후),B323,Ⅳ. 기타부채_퇴직급여부채_미인식과거근무원가(-), , , , , , , , , , , , , , , , , , , , , ,0,0,0,0,0,0,0,0,0,0,0,0,0,0,0,0,0,0,0,0,0, , , , , , , , , , , , 
378,부동산신탁,10903,KB부동산신탁(주),B,SM005,요약재무상태표(‘11.03월 이후),B324,Ⅳ. 기타부채_퇴직급여부채_사외적립자산(-),555456996,462934874,460366853,448797998,318315124,319442867,235103916,218125392,196675740,192408291,179779242,181310714,182872466,184465056,185045114,167967666,169414486,170889874,171176337,166014076,156850435,158212658,159350125,150270559,151564942,149342083,153489354,154796872,145809905,147079727,147532665,148761396,127061112,128167655,128564696,129672111,130789065,131928074,132394105,133521920,134672035,135844860,136910945,138077238,130774894,131913779,132121146,500338951,485857099,493309283,6300852002,6308424557,6245681566,6368521881
379,부동산신탁,10903,KB부동산신탁(주),B,SM005,요약재무상태표(‘11.03월 이후),B33,Ⅳ. 기타부채_충당부채,2425110109,2434182952,2369857439,2376852856,174289100,0,0,0,0,0,0,0,0,0,0,0,0,0,280649062,289181043,297713024,306338763,314964502,323402725,331934706,0,878209099,903475336,929022310,954850019,2356502361,2188868449,1781378668,953883586,437976371,439932068,441887765,443864954,445842142,447754856,449710554,451687742,453664931,455577645,530323688,532662366,535001044,537288880,539602137,541940814,60629022285,100932334519,85934670000,44044398435
380,부동산신탁,10903,KB부동산신탁(주),B,SM005,요약재무상태표(‘11.03월 이후),B330,Ⅳ. 기타부채_충당부채_채무보증충당부채, , , , , , , , , , , , , , , , , , , , ,0,0,0,0,0,0,0,0,0,0,0,0,0,0,0,0,0,0,0,0,0,0, , , , , , , , , , , , 
381,부동산신탁,10903,KB부동산신탁(주),B,SM005,요약재무상태표(‘11.03월 이후),B331,Ⅳ. 기타부채_충당부채_복구충당부채, , , , , , , , , , , , , , , , , , , , ,0,0,0,0,0,0,0,0,0,0,0,0,434021994,5867091,437976371,439932068,441887765,443864954,445842142,447754856,449710554,451687742,453664931,455577645,530323688,532662366,535001044,537288880,539602137,541940814,60629022285,546592749,548906006,551244685
382,부동산신탁,10903,KB부동산신탁(주),B,SM005,요약재무상태표(‘11.03월 이후),B332,Ⅳ. 기타부채_충당부채_특별대손충당금, , , , , , , , , , , , , , , , , , , , ,0,0,0,0,0,0,0,0,0,0,0,0,0,0,0,0,0,0,0,0,0,0,0, , , , , , , , , , , 
383,부동산신탁,10903,KB부동산신탁(주),B,SM005,요약재무상태표(‘11.03월 이후),B333,Ⅳ. 기타부채_충당부채_신탁위험충당금, , , , , , , , , , , , , , , , , , , , ,0,0,0,0,0,0,0,0,0,0,0,0,0,0,0,0,0,0,0,0,0,0,0, , , , , , , , , , , 
384,부동산신탁,10903,KB부동산신탁(주),B,SM005,요약재무상태표(‘11.03월 이후),B334,Ⅳ. 기타부채_충당부채_기타,2425110109,2434182952,2369857439,2376852856,174289100, , , , , , , , , , , , , ,280649062,289181043,297713024,306338763,314964502,323402725,331934706,0,878209099,903475336,929022310,954850019,2356502361,2188868449,1347356674,948016495,0,0,0,0,0,0,0,0,0, , , , , , , , ,100385741770,85385763994,43493153750
385,부동산신탁,10903,KB부동산신탁(주),B,SM005,요약재무상태표(‘11.03월 이후),B34,Ⅳ. 기타부채_미지급법인세, , , , , , , , , , , , , , , , , , , , ,0,0,0,0,0,852381389,0, ,0,0,0,0,0,0,0,0,0,0,0,0,0,0,0, , , , , , , , , , , 
386,부동산신탁,10903,KB부동산신탁(주),B,SM005,요약재무상태표(‘11.03월 이후),B35,Ⅳ. 기타부채_미지급배당금, , , , , , , , , , , , , , , , , , , , ,0,0,0,0,0,0,0, ,0,0,0,0,0,0,0,0,0,0,0,0,0,0,0, , , , , , , , , , , 
387,부동산신탁,10903,KB부동산신탁(주),B,SM005,요약재무상태표(‘11.03월 이후),B36,Ⅳ. 기타부채_미지급금,256533577,370175892,1714954064,3251103903,3553878973,3891629996,5364690104,5067892219,484833013,1868266244,864715747,1203926917,1442441154,2754069131,6568006257,7150908276,3167660567,3846735844,4657178807,6714710336,5451640569,6319100607,7054042838,9069148042,5281289855,7897160818,12033323814,16677903529,7905348679,12475410576,13286334508,17673905130,10853627981,10532451859,12806262775,18759972926,13989967418,15356761238,21800801468,29330042394,15381176288,12130291924,17232939695,21397286348,11655341825,5818840589,6981766574,11060856526,10831488960,11350577833,1052952546,544512421,527353057,533062475
388,부동산신탁,10903,KB부동산신탁(주),B,SM005,요약재무상태표(‘11.03월 이후),B37,Ⅳ. 기타부채_미지급비용,1396439067,1524431905,1628633692,1236535482,1496442827,1753338399,2374391917,2085271519,1583496385,1907623319,1604174183,1262425357,1637212431,1947387541,1825726271,1568100877,1972069208,2295308504,2120155466,1636605644,2155441825,2594936685,3778785150,3333073235,3037057181,3256805327,4918993448,3738815590,3457915288,4064211190,7231543830,5128097281,3453519579,3969859269,6408289717,3833514075,3468306283,4092880449,6680691312,5844880800,4231089050,4859791258,10015152170,4671034036,4059618302,4657330053,9782003671,3441117710,4048796343,5451036808,8027481405,6426726765,8333810283,6612563409
389,부동산신탁,10903,KB부동산신탁(주),B,SM005,요약재무상태표(‘11.03월 이후),B38,Ⅳ. 기타부채_임대보증금, , , , , , , , , , , , , , , , , , , , ,0,0,0,0,0,0,0, ,0,0,0,0,0,0,0,0,0,0,0, , ,0, , , , , , , , , , , , 
390,부동산신탁,10903,KB부동산신탁(주),B,SM005,요약재무상태표(‘11.03월 이후),B39,Ⅳ. 기타부채_선수금, , , , , ,600000000,600000000,600000000, , , , , , , , , , , ,0,0,0,0,0,0, ,0, ,0,0,0,0,0,0,0,0,0,0,0,0,0,0, , , , , , , , , , , , 
391,부동산신탁,10903,KB부동산신탁(주),B,SM005,요약재무상태표(‘11.03월 이후),B3A,Ⅳ. 기타부채_선수수익,5502044664,4850169617,5531527561,6785912461,7228383182,8124313898,9036944892,8864985311,9034572619,8963746940,8379492015,7884223697,7567459213,7833853276,7226929151,8043606200,8889988681,9588387175,9491332120,10176427810,11403747770,14627904742,15478184667,15811517842,14825019585,16216727900,19070773171,21798355546,22403150274,19636253972,21984424224,21511316835,24681434083,25256285539,23189700305,25620165942,26511029661,30164130135,30085177005,30458813083,33717817045,37636331634,38176420092,41419695817,46961574247,49527563349,46038025389,43831173724,39977559693,38120977590,34651626065,33312420533,30555711681,23077204492
392,부동산신탁,10903,KB부동산신탁(주),B,SM005,요약재무상태표(‘11.03월 이후),B3B,Ⅳ. 기타부채_가수금, , , , , , , , , , , , , , , , , , , , ,0,0,0,0,0,0,0, ,0,0,0,0,0,0,0,0,0,0,0,0,0,0,0, , , , , , , , , , , 
393,부동산신탁,10903,KB부동산신탁(주),B,SM005,요약재무상태표(‘11.03월 이후),B3C,Ⅳ. 기타부채_대리점, , , , , , , , , , , , , , , , , , , , ,0,0,0,0,0,0,0, ,0,0,0,0,0,0,0,0,0,0,0,0,0,0,0, , , , , , , , , , , 
394,부동산신탁,10903,KB부동산신탁(주),B,SM005,요약재무상태표(‘11.03월 이후),B3D,Ⅳ. 기타부채_본.지점, , , , , , , , , , , , , , , , , , , , ,0,0,0,0,0,0,0, ,0,0,0,0,0,0,0,0,0,0,0,0,0,0,0, , , , , , , , , , , 
395,부동산신탁,10903,KB부동산신탁(주),B,SM005,요약재무상태표(‘11.03월 이후),B3E,Ⅳ. 기타부채_이연법인세부채, , , , , , , , , , , , , , , , , , , , ,0,0,0,0,0,0,0, ,0,0,0,0,0,0,0,0,0,0,0,0,0,0,0, , , , , , , , , , , 
396,부동산신탁,10903,KB부동산신탁(주),B,SM005,요약재무상태표(‘11.03월 이후),B3F,Ⅳ. 기타부채_제세금예수금,255237357,197955338,239232799,571022992,363844314,281014540,573243181,461383577,319308312,358215310,378706923,355079870,397721446,372124147,586190715,598253681,619363291,628998530,649390712,889352538,1086850341,663599328,1058778300,1077124234,980317619,3071914467,1922673506,2408007576,3482556041,1626361518,1771824915,1650271218,3129425584,2714972428,3898751932,4446118464,2108596282,1410991965,2037378354,3051243797,5827469973,5174808248,3912373827,1796094777,1732652362,12076696637,1143440910,1278695465,752931878,847870348,2683862065,1039692792,1774399108,1438382714
397,부동산신탁,10903,KB부동산신탁(주),B,SM005,요약재무상태표(‘11.03월 이후),B3G,Ⅳ. 기타부채_신탁계정차, , , , , , , , , , , , , , , , , , , , ,0,0,0,0,0,0,0, ,0,0,0,0,0,0,0,0,0,0,0,0,0,0, , , , , , , , , , , , 
398,부동산신탁,10903,KB부동산신탁(주),B,SM005,요약재무상태표(‘11.03월 이후),B3H,Ⅳ. 기타부채_기타,301419006,234067338,395982948,336730013,343420430,336783144,320027340,299045140,218327312,288679951,271154523,257673847,1095695778,2155035222,1912314882,1226885311,1355706000,2274968483,1401817086,1958115139,5084858612,4689042875,4017698065,3548984033,6801329135,7822231196,6054237219,5994485366,6147990774,8605107854,7323947957,28202101065,32911325581,44396711136,34498552913,33011147902,41386456056,46064248730,41934629648,42181956965,41973716571,44046281388,45002129731,49075425436,58839742056,48734760042,44463710493,42269214268,38996221557,36100731889,36295766317,34413415851,33434461957,14530067275
399,부동산신탁,10903,KB부동산신탁(주),B,SM005,요약재무상태표(‘11.03월 이후),B4,Ⅲ. 파생상품부채,0,0,0,0,0,0,0,0,0,0,0,0,0,0,0,0,0,0,0,0,0,0,0,0,0,0,0,0,0,0,0,0,0,0,0,0,0,0,0,0,0,0,0,0,0,0,0,0,0,0,0,0,0,0
400,부동산신탁,10903,KB부동산신탁(주),B,SM005,요약재무상태표(‘11.03월 이후),B40,Ⅲ. 파생상품부채_이자율관련,0,0,0,0,0,0,0,0,0,0,0,0,0,0,0,0,0,0,0,0,0,0,0,0,0,0,0,0,0,0,0,0,0,0,0,0,0,0,0,0,0,0,0,0,0,0,0,0,0,0,0,0,0,0
401,부동산신탁,10903,KB부동산신탁(주),B,SM005,요약재무상태표(‘11.03월 이후),B41,Ⅲ. 파생상품부채_통화관련,0,0,0,0,0,0,0,0,0,0,0,0,0,0,0,0,0,0,0,0,0,0,0,0,0,0,0,0,0,0,0,0,0,0,0,0,0,0,0,0,0,0,0,0,0,0,0,0,0,0,0,0,0,0
402,부동산신탁,10903,KB부동산신탁(주),B,SM005,요약재무상태표(‘11.03월 이후),B42,Ⅲ. 파생상품부채_주식관련,0,0,0,0,0,0,0,0,0,0,0,0,0,0,0,0,0,0,0,0,0,0,0,0,0,0,0,0,0,0,0,0,0,0,0,0,0,0,0,0,0,0,0,0,0,0,0,0,0,0,0,0,0,0
403,부동산신탁,10903,KB부동산신탁(주),B,SM005,요약재무상태표(‘11.03월 이후),B43,Ⅲ. 파생상품부채_신용관련,0,0,0,0,0,0,0,0,0,0,0,0,0,0,0,0,0,0,0,0,0,0,0,0,0,0,0,0,0,0,0,0,0,0,0,0,0,0,0,0,0,0,0,0,0,0,0,0,0,0,0,0,0,0
404,부동산신탁,10903,KB부동산신탁(주),B,SM005,요약재무상태표(‘11.03월 이후),B44,Ⅲ. 파생상품부채_상품관련,0,0,0,0,0,0,0,0,0,0,0,0,0,0,0,0,0,0,0,0,0,0,0,0,0,0,0,0,0,0,0,0,0,0,0,0,0,0,0,0,0,0,0,0,0,0,0,0,0,0,0,0,0,0
405,부동산신탁,10903,KB부동산신탁(주),B,SM005,요약재무상태표(‘11.03월 이후),B45,Ⅲ. 파생상품부채_기타파생상품부채, , , , , , , , , , , , , , , , , , , , ,0,0,0,0,0,0,0,0,0,0,0,0,0,0,0,0,0,0,0,0,0,0,0,0, , , , , , , , , , 
406,부동산신탁,10903,KB부동산신탁(주),B,SM005,요약재무상태표(‘11.03월 이후),B46,Ⅲ. 파생상품부채_파생상품 신용위험평가조정액,0,0,0,0,0,0,0,0,0,0,0,0,0,0,0,0,0,0,0,0,0,0,0,0,0,0,0,0,0,0,0,0,0,0,0,0,0,0,0,0,0,0,0,0,0,0,0,0,0,0,0,0,0,0
407,부동산신탁,10903,KB부동산신탁(주),B,SM005,요약재무상태표(‘11.03월 이후),B47,Ⅲ. 파생상품부채_파생상품 거래일손익인식평가조정액, , , , , , , , , , , , , , , , , , , , ,0,0,0,0,0,0,0,0,0,0,0,0,0,0,0,0,0,0,0,0,0,0,0, , , , , , , , , , , 
408,부동산신탁,10903,KB부동산신탁(주),B,SM005,요약재무상태표(‘11.03월 이후),B5,Ⅴ. 요구불상환지분,0,0,0,0,0,0,0,0,0,0,0,0,0,0,0,0,0,0,0,0,0,0,0,0,0,0,0,0,0,0,0,0,0,0,0,0,0,0,0,0,0,0,0,0,0,0,0,0,0,0,0,0,0,0
409,부동산신탁,10903,KB부동산신탁(주),B,SM005,요약재무상태표(‘11.03월 이후),C,자본총계,133496691263,139355813269,144644575371,150489099474,156066576841,161623892536,166209672522,169418702036,170097572315,173461152433,169045058495,170959289524,172738841752,176764604571,183957853415,189585083872,195436104579,199415549734,203338177135,159375321764,170072922259,176361751383,182974051347,170976904131,181055527088,187734471853,199329834972,203269528306,208957153967,226519526791,235834386867,247262812015,261774756508,273704256342,292806189340,283825229759,301093853789,318295834560,329523890068,321588955274,338074937635,365658183063,376822928767,352559454767,371875207193,392600046561,405536608029,389291644619,405905515856,419788488932,286060121599,239116592967,350207689051,516388433173
410,부동산신탁,10903,KB부동산신탁(주),B,SM005,요약재무상태표(‘11.03월 이후),C1,Ⅰ. 자본금,80000000000,80000000000,80000000000,80000000000,80000000000,80000000000,80000000000,80000000000,80000000000,80000000000,80000000000,80000000000,80000000000,80000000000,80000000000,80000000000,80000000000,80000000000,80000000000,80000000000,80000000000,80000000000,80000000000,80000000000,80000000000,80000000000,80000000000,80000000000,80000000000,80000000000,80000000000,80000000000,80000000000,80000000000,80000000000,80000000000,80000000000,80000000000,80000000000,80000000000,80000000000,80000000000,80000000000,80000000000,80000000000,80000000000,80000000000,80000000000,80000000000,80000000000,80000000000,80000000000,80000000000,108080425000
411,부동산신탁,10903,KB부동산신탁(주),B,SM005,요약재무상태표(‘11.03월 이후),C10,Ⅰ. 자본금_보통주자본금,80000000000,80000000000,80000000000,80000000000,80000000000,80000000000,80000000000,80000000000,80000000000,80000000000,80000000000,80000000000,80000000000,80000000000,80000000000,80000000000,80000000000,80000000000,80000000000,80000000000,80000000000,80000000000,80000000000,80000000000,80000000000,80000000000,80000000000,80000000000,80000000000,80000000000,80000000000,80000000000,80000000000,80000000000,80000000000,80000000000,80000000000,80000000000,80000000000,80000000000,80000000000,80000000000,80000000000,80000000000,80000000000,80000000000,80000000000,80000000000,80000000000,80000000000,80000000000,80000000000,80000000000,108080425000
412,부동산신탁,10903,KB부동산신탁(주),B,SM005,요약재무상태표(‘11.03월 이후),C11,Ⅰ. 자본금_우선주자본금,0,0,0,0,0,0,0,0,0,0,0,0,0,0,0,0,0,0,0,0,0,0,0,0,0,0,0,0,0,0,0,0,0,0,0,0,0,0,0,0,0,0,0,0,0,0,0,0,0,0,0,0,0,0
413,부동산신탁,10903,KB부동산신탁(주),B,SM005,요약재무상태표(‘11.03월 이후),C110,Ⅰ. 자본금_우선주자본금_상환우선주, , , , , , , , , , , , , , , , , , , , ,0,0,0,0,0,0,0,0,0,0,0,0,0,0,0,0,0,0,0,0,0,0,0, , , , , , , , , , , 
414,부동산신탁,10903,KB부동산신탁(주),B,SM005,요약재무상태표(‘11.03월 이후),C111,Ⅰ. 자본금_우선주자본금_전환우선주, , , , , , , , , , , , , , , , , , , , ,0,0,0,0,0,0,0,0,0,0,0,0,0,0,0,0,0,0,0,0,0,0,0, , , , , , , , , , , 
415,부동산신탁,10903,KB부동산신탁(주),B,SM005,요약재무상태표(‘11.03월 이후),C112,Ⅰ. 자본금_우선주자본금_기타, , , , , , , , , , , , , , , , , , , , ,0,0,0,0,0,0,0,0,0,0,0,0,0,0,0,0,0,0,0,0,0,0,0, , , , , , , , , , , 
416,부동산신탁,10903,KB부동산신탁(주),B,SM005,요약재무상태표(‘11.03월 이후),C2,Ⅱ. 자본잉여금,0,0,0,0,0,0,0,0,0,0,0,0,0,0,0,0,0,0,0,0,0,0,0,0,0,0,0,0,0,0,0,0,0,0,0,0,0,0,0,0,0,0,0,0,0,0,0,0,0,0,0,0,169941380000,291708973771
417,부동산신탁,10903,KB부동산신탁(주),B,SM005,요약재무상태표(‘11.03월 이후),C20,Ⅱ. 자본잉여금_주식발행초과금, , , , , , , , , , , , , , , , , , , , ,0,0,0,0,0,0,0,0,0,0,0,0,0,0,0,0,0,0,0,0,0,0,0, , , , , , , , , , , 
418,부동산신탁,10903,KB부동산신탁(주),B,SM005,요약재무상태표(‘11.03월 이후),C21,Ⅱ. 자본잉여금_감자차익, , , , , , , , , , , , , , , , , , , , ,0,0,0,0,0,0,0,0,0,0,0,0,0,0,0,0,0,0,0,0,0,0,0, , , , , , , , , , , 
419,부동산신탁,10903,KB부동산신탁(주),B,SM005,요약재무상태표(‘11.03월 이후),C22,Ⅱ. 자본잉여금_자기주식처분이익, , , , , , , , , , , , , , , , , , , , ,0,0,0,0,0,0,0,0,0,0,0,0,0,0,0,0,0,0,0,0,0,0,0, , , , , , , , , , , 
420,부동산신탁,10903,KB부동산신탁(주),B,SM005,요약재무상태표(‘11.03월 이후),C23,Ⅱ. 자본잉여금_기타자본잉여금, , , , , , , , , , , , , , , , , , , , ,0,0,0,0,0,0,0,0,0,0,0,0,0,0,0,0,0,0,0,0,0,0,0, , , , , , , , , ,169941380000,291708973771
421,부동산신탁,10903,KB부동산신탁(주),B,SM005,요약재무상태표(‘11.03월 이후),C3,Ⅲ. 자본조정,0,0,0,0,0,0,0,0,0,0,0,0,0,0,0,0,0,0,0,0,0,0,0,0,0,0,0,0,0,0,0,0,0,0,0,0,0,0,0,0,0,0,0,0,0,0,0,0,0,0,0,0,0,0
422,부동산신탁,10903,KB부동산신탁(주),B,SM005,요약재무상태표(‘11.03월 이후),C30,Ⅲ. 자본조정_주식할인발행차금, , , , , , , , , , , , , , , , , , , , ,0,0,0,0,0,0,0,0,0,0,0,0,0,0,0,0,0,0,0,0,0,0,0, , , , , , , , , , , 
423,부동산신탁,10903,KB부동산신탁(주),B,SM005,요약재무상태표(‘11.03월 이후),C31,Ⅲ. 자본조정_자기주식, , , , , , , , , , , , , , , , , , , , ,0,0,0,0,0,0,0,0,0,0,0,0,0,0,0,0,0,0,0,0,0,0,0, , , , , , , , , , , 
424,부동산신탁,10903,KB부동산신탁(주),B,SM005,요약재무상태표(‘11.03월 이후),C32,Ⅲ. 자본조정_자기주식처분손실, , , , , , , , , , , , , , , , , , , , ,0,0,0,0,0,0,0,0,0,0,0,0,0,0,0,0,0,0,0,0,0,0,0, , , , , , , , , , , 
425,부동산신탁,10903,KB부동산신탁(주),B,SM005,요약재무상태표(‘11.03월 이후),C33,Ⅲ. 자본조정_주식매입선택권, , , , , , , , , , , , , , , , , , , , ,0,0,0,0,0,0,0,0,0,0,0,0,0,0,0,0,0,0,0,0,0,0,0, , , , , , , , , , , 
426,부동산신탁,10903,KB부동산신탁(주),B,SM005,요약재무상태표(‘11.03월 이후),C34,Ⅲ. 자본조정_신주청약증거금, , , , , , , , , , , , , , , , , , , , ,0,0,0,0,0,0,0,0,0,0,0,0,0,0,0,0,0,0,0,0,0,0,0, , , , , , , , , , , 
427,부동산신탁,10903,KB부동산신탁(주),B,SM005,요약재무상태표(‘11.03월 이후),C35,Ⅲ. 자본조정_기타, , , , , , , , , , , , , , , , , , , , ,0,0,0,0,0,0,0,0,0,0,0,0,0,0,0,0,0,0,0,0,0,0,0, , , , , , , , , , , 
428,부동산신탁,10903,KB부동산신탁(주),B,SM005,요약재무상태표(‘11.03월 이후),C4,Ⅳ. 기타포괄손익누계액,230373168,426426512,313173910,529785276,224222393,441752716,431898080,538449287,537813112,400934305,675992856,867578074,1066529601,753113146,770391557,2767379766,-311885591,-207072527,-138639314,-55523212,81795075,51813725,227100150,118068546,231872866,301742168,175357533,-210764232,-210636201,-210494537,-401758402,-401482598,-401204156,-401016939,-443221805,-442884975,-442541231,-442181496,-599095768,-598734034,-598356133,-597961767,220236222,220436592,220645562,220826061,1211414418,1210985157,1210570961,1214728553,808183844,800934905,800734949,800734655
429,부동산신탁,10903,KB부동산신탁(주),B,SM005,요약재무상태표(‘11.03월 이후),C40,Ⅳ. 기타포괄손익누계액_기타포괄손익-공정가치측정금융자산평가손익,230373168,426426512,313173910,529785276,224222393,441752716,431898080,1020404837,1019754195,882952118,1003137464,1194854229,1393914350,1080583115,1350279287,3347131666,267786535,372498171,230104330,312930021,450003908,419800941,431366085,322111982,435690081,505313789,386290758,0,0,0,0,0,0,0,0,0,0,0,0,0,0,0,0,0,0,0,0,0,0,0,0,0,0,0
430,부동산신탁,10903,KB부동산신탁(주),B,SM005,요약재무상태표(‘11.03월 이후),C41,Ⅳ. 기타포괄손익누계액_기타포괄손익-공정가치측정금융자산처분손익, , , , , , , , , , , , , , , , , , , , , , , , , , , ,0,0,0,0,0,0,0,0,0,0,0,0,0,0,0,0, , , , , , , , , , , 
431,부동산신탁,10903,KB부동산신탁(주),B,SM005,요약재무상태표(‘11.03월 이후),C42,Ⅳ. 기타포괄손익누계액_지분법 자본변동, , , , , , , , , , , , , , , , , , , , ,0,0,0,0,0,0,0,0,0,0,0,0,0,0,0,0,0,0,0,0,0,0,0, , , , , , , , , , , 
432,부동산신탁,10903,KB부동산신탁(주),B,SM005,요약재무상태표(‘11.03월 이후),C43,Ⅳ. 기타포괄손익누계액_부의 지분법 자본변동, , , , , , , , , , , , , , , , , , , , ,0,0,0,0,0,0,0,0,0,0,0,0,0,0,0,0,0,0,0,0,0,0,0, , , , , , , , , , , 
433,부동산신탁,10903,KB부동산신탁(주),B,SM005,요약재무상태표(‘11.03월 이후),C44,Ⅳ. 기타포괄손익누계액_위험회피 파생상품평가손익, , , , , , , , , , , , , , , , , , , , ,0,0,0,0,0,0,0,0,0,0,0,0,0,0,0,0,0,0,0,0,0,0,0, , , , , , , , , , , 
434,부동산신탁,10903,KB부동산신탁(주),B,SM005,요약재무상태표(‘11.03월 이후),C45,Ⅳ. 기타포괄손익누계액_외환차이누계액, , , , , , , , , , , , , , , , , , , , ,0,0,0,0,0,0,0,0,0,0,0,0,0,0,0,0,0,0,0,0,0,0,0,0, , , , , , , , , , 
435,부동산신탁,10903,KB부동산신탁(주),B,SM005,요약재무상태표(‘11.03월 이후),C46,Ⅳ. 기타포괄손익누계액_유형자산재평가이익, , , , , , , , , , , , , , , , , , , , ,0,0,0,0,0,0,0,0,0,0,0,0,0,0,0,0,0,0,0,0,0,0,0,0, , , , , , , , , , 
436,부동산신탁,10903,KB부동산신탁(주),B,SM005,요약재무상태표(‘11.03월 이후),C47,Ⅳ. 기타포괄손익누계액_기타, , , , , , , ,-481955550,-481941083,-482017813,-327144608,-327276155,-327384749,-327469969,-579887730,-579751900,-579672126,-579570698,-368743644,-368453233,-368208833,-367987216,-204265935,-204043436,-203817215,-203571621,-210933225,-210764232,-210636201,-210494537,-401758402,-401482598,-401204156,-401016939,-443221805,-442884975,-442541231,-442181496,-599095768,-598734034,-598356133,-597961767,220236222,220436592,220645562,220826061,1211414418,1210985157,1210570961,1214728553,808183844,800934905,800734949,800734655
437,부동산신탁,10903,KB부동산신탁(주),B,SM005,요약재무상태표(‘11.03월 이후),C5,Ⅴ. 이익잉여금,53266318095,58929386757,64331401461,69959314198,75842354448,81182139820,85777774442,88880252749,89559759203,93060218128,88369065639,90091711450,91672312151,96011491425,103187461858,106817704106,115747990170,119622622261,123476816449,79430844976,89991127184,96309937658,102746951197,90858835585,100823654222,107432729685,119154477439,123480292538,129167790168,146730021328,156236145269,167664294613,182175960664,194105273281,213249411145,204268114734,221536395020,238738016056,250122985836,242187689308,258673293768,286256144830,296602692545,272339018175,291654561631,312379220500,324325193611,308080659462,324694944895,338573760379,205251937755,158315658062,99465574102,115798299747
438,부동산신탁,10903,KB부동산신탁(주),B,SM005,요약재무상태표(‘11.03월 이후),C50,Ⅴ. 이익잉여금_이익준비금,4733000000,4733000000,4733000000,4733000000,4733000000,4733000000,4733000000,4733000000,4733000000,4733000000,4733000000,4733000000,4733000000,4733000000,4733000000,4733000000,4733000000,4733000000,4733000000,9733000000,9733000000,9733000000,9733000000,11733000000,11733000000,11733000000,11733000000,12813000000,12813000000,12813000000,12813000000,13283000000,13283000000,13283000000,13283000000,16283000000,16283000000,16283000000,16283000000,19783000000,19783000000,19783000000,19783000000,23783000000,23783000000,23783000000,23783000000,27283000000,27283000000,27283000000,27283000000,27283000000,27283000000,27283000000
439,부동산신탁,10903,KB부동산신탁(주),B,SM005,요약재무상태표(‘11.03월 이후),C51,Ⅴ. 이익잉여금_대손준비금,9947387998,17385268666,11745834466,10600778399,3505119452,1035798870, ,10242272732,10427134748,17240682176,17182517959,16773946826,13671050652,6184874373,0,0,3919030288,3655671989,2071093819,2388064457,2612294638,1595606800,1884244468,2078324698,2541385252,3314213229,3012541079,4926991051,4077295929,5423398602,4108142333,3903116659,5238110708,6202834134,4400610718,5951518159,13579518608,17852995041,17341277413,16808384585,16541708212,17559404796,13346559315,13757496722,15198216382,15232674290,18439606333,20397167104,30940958721,57165201671,16178747174,21500181113,7054744695,19027118371
440,부동산신탁,10903,KB부동산신탁(주),B,SM005,요약재무상태표(‘11.03월 이후),C52,Ⅴ. 이익잉여금_전자금융사고배상준비금, , , , , , , , , , , , , , , , , , , , , , ,0,0,0,0,0, ,0,0,0,0,0,0,0,0,0,0,0,0,0,0, , , , , , , , , , , , 
441,부동산신탁,10903,KB부동산신탁(주),B,SM005,요약재무상태표(‘11.03월 이후),C53,Ⅴ. 이익잉여금_기타법정준비금, , , , , , , , , , , , , , , , , , , , , , ,0,0,0,0,0, ,0,0,0,0,0,0,0,0,0,0,0,0,0,0, , , , , , , , , , , , 
442,부동산신탁,10903,KB부동산신탁(주),B,SM005,요약재무상태표(‘11.03월 이후),C54,Ⅴ. 이익잉여금_신탁사업적립금,8569000000,8569000000,8569000000,10119000000,10119000000,10119000000,10119000000,12264000000,12264000000,12264000000,12264000000,12476000000,12476000000,12476000000,12476000000,13958000000,13958000000,13958000000,13958000000,15987000000,15987000000,15987000000,15987000000,18915000000,18915000000,18915000000,18915000000,22556000000,22556000000,22556000000,22556000000,27257000000,27257000000,27257000000,27257000000,33429000000,33429000000,33429000000,33429000000,40117000000,40117000000,40117000000,40117000000,48265000000,48265000000,48265000000,48265000000,55038000000,55038000000,55038000000,55038000000,55038000000,55038000000,55038000000
443,부동산신탁,10903,KB부동산신탁(주),B,SM005,요약재무상태표(‘11.03월 이후),C55,Ⅴ. 이익잉여금_임의적립금, , , , , , , , , , , , , , , , , , , , , ,0,0,0,0,0,0, ,0,0,0,0,0,0,0,0,0,0,0,0,0,0, , , , , , , , , , , , 
444,부동산신탁,10903,KB부동산신탁(주),B,SM005,요약재무상태표(‘11.03월 이후),C56,Ⅴ. 이익잉여금_미처분이익잉여금,30016930097,28242118091,39283566995,44506535799,57485234996,65294340950,70925774442,61640980017,62135624455,58822535952,54189547680,56108764624,60792261499,72617617052,85978461858,88126704106,93137959882,97275950272,102714722630,51322780519,61658832546,68994330858,75142706729,58132510887,67634268970,73470516456,85493936360,83184301487,89721494239,105937622726,116759002936,123221177954,136397849956,147362439147,168308800427,148604596575,158244876412,171173021015,183069708423,165479304723,182231585556,208796740034,223356133230,186533521453,204408345249,225098546210,233837587278,205362492358,211432986174,199087558708,106752190581,54494476949,10089829407,14450181376
445,부동산신탁,10903,KB부동산신탁(주),B,SM005,요약재무상태표(‘11.03월 이후),C57,Ⅴ. 이익잉여금_(당기순이익),4340292933,10003361595,15405376299,5627912737,11510952987,16850738359,21446372981,2621646573,3301153027,6801611952,2110459463,1722645811,3303246512,7642425786,14818396219,3630242248,12560528312,16435160403,20289354591,5954028527,16514310735,22833121209,29270134748,8111884388,18076703025,24685778488,36407526242,14625842566,20313340196,37875571356,47003924932,16128149344,30639815395,42569128012,61713265876,21018703589,38286983875,55488604911,66873574691,27064703472,43550307932,71133158994,81479706709,15736325630,35051869086,55776527955,67722501066,18755465851,35369751284,49248566768,-84073255856,-46936279693,-105786363653,-86138638008
446,부동산신탁,10904,대한토지신탁,B,SM005,요약재무상태표(‘11.03월 이후),A,자산총계,345628083970,327541930511,243397206122,219027825120,218298462188,194727173877,176674655425,164089283651,166513498236,196291121081,193714190641,197452493344,219470066244,221570611678,237501658818,221101790230,218567240411,208955949406,213803500547,218733073156,218688775957,225865588674,230335491992,275857367161,338888541657,434471566906,497759254839,568979248675,604508282193,624647181210,674550327434,739398613708,792086446983,783556551501,783154575713,723048343185,735768720501,623740982752,587880069929,627891934821,547069371715,528813000863,543894211975,530473017986,523318460542,557443245460,537569319199,604895672041,680199817779,723876571056,768672617305,865761624785,922712698874,997365969275
447,부동산신탁,10904,대한토지신탁,B,SM005,요약재무상태표(‘11.03월 이후),A1,Ⅰ. 현금 및 예치금,36246051175,36113936484,13068597248,7004183639,11103991336,12043011504,6889830641,9516083600,13595187182,34132090984,24017312094,29790619507,36622224620,42997207620,71879738284,64489710435,45101353993,11096149080,119799051724,115713871820,50910680565,62016014213,58391858490,9074347046,10201978105,43095918331,30331424976,41045971071,16148338177,14563452595,19793605774,52890184386,74726897393,12816900279,61151242722,109531617214,106514961345,41038841903,18857047891,56564869179,86089711218,40302733014,116696853198,105787522298,124028308448,117001542059,53439653495,80650024415,109216610817,30281202529,26125780993,44937734828,56402510166,83588942269
448,부동산신탁,10904,대한토지신탁,B,SM005,요약재무상태표(‘11.03월 이후),A10,Ⅰ. 현금 및 예치금_현금 및 현금성 자산,33233051175,33100936484,5055597248,3976183639,7985991336,6835011504,3591830641,6323083600,13582187182,13119090984,3004312094,13777619507,29609224620,42984207620,71866738284,64476710435,45088353993,11083149080,119786051724,115700871820,50897680565,62003014213,58378858490,9061347046,10188978105,43082918331,30318424976,41032971071,16135338177,13950452595,18340806450,51437725962,73274806180,11365292166,61138242722,109118617214,106506461345,41030341903,18848547891,56556369179,86081211218,40294233014,116688353198,35779022298,54019808448,66993042059,53431153495,80641524415,109208110817,30272702529,26117280993,44929234828,56394010166,83580442269
449,부동산신탁,10904,대한토지신탁,B,SM005,요약재무상태표(‘11.03월 이후),A100,Ⅰ. 현금 및 예치금_현금 및 현금성 자산_현금,0,0,0, , , ,0,0,0,0,0,0,0,0,0,0,0,0,0,0,0,0,0,0,0,0,0,0,0,0,0,0,0,0,0,0,0,0,0,0,0,0,0,0,0,0,0,0,0,0,0,0,0,0
450,부동산신탁,10904,대한토지신탁,B,SM005,요약재무상태표(‘11.03월 이후),A101,Ⅰ. 현금 및 예치금_현금 및 현금성 자산_정기예.적금,0,0, , , , ,0,0,0,0,0,5000000000,0,0,0,0,0,0,0,0,0,0,0,0,0,0,0,0,0,0,0,0,0,0,0,0,0,0,0,0,0,0,0,0,0,0,0,0,0,0,0,0,0,0
451,부동산신탁,10904,대한토지신탁,B,SM005,요약재무상태표(‘11.03월 이후),A102,Ⅰ. 현금 및 예치금_현금 및 현금성 자산_보통예금,124619335,148003600,75480842,16800056,133190308,223956036,27817390,22963622,450437878,310858063,6870450,16000007,98977311,989597191,8346833,14363492,18334698,10262228,49734299,568999699,270431830,667712873,185751680,157975943,414084713,14138838,13614001,396805333,708325175,273095444,28758138,145186087,997982744,772346691,267621982,1211454628,1107657934,2340681739,228937042,174989645,397925205,442548116,372741877,758811125,266733273,278253594,215671720,587046262,20735827013,323397686,518203964,510806967,1171626405,890175380
452,부동산신탁,10904,대한토지신탁,B,SM005,요약재무상태표(‘11.03월 이후),A103,Ⅰ. 현금 및 예치금_현금 및 현금성 자산_당좌예금,0,0, , , , ,0,0,0,0,0,0,0,0,0,0,0,0,0,0,0,0,0,0,0,0,0,0,0,0,0,0,0,0,0,0,0,0,0,0,0,0,0,0,0,0,0,0,0,0,0,0,0,0
453,부동산신탁,10904,대한토지신탁,B,SM005,요약재무상태표(‘11.03월 이후),A104,Ⅰ. 현금 및 예치금_현금 및 현금성 자산_외화예금,0,0, , , , ,0,0,0,0,0,0,0,0,0,0,0,0,0,0,0,0,0,0,0,0,0,0,0,0,0,0,0,0,0,0,0,0,0,0,0,0,0,0,0,0,0,0,0,0,0,0,0,0
454,부동산신탁,10904,대한토지신탁,B,SM005,요약재무상태표(‘11.03월 이후),A105,Ⅰ. 현금 및 예치금_현금 및 현금성 자산_양도성예금증서,0,0, , , , ,0,0,0,0,0,0,0,0,0,0,0,0,0,0,0,0,0,0,0,0,0,0,0,0,0,0,0,0,0,0,0,0,0,0,0,0,0,0,0,0,0,0,0,0,0,0,0,0
455,부동산신탁,10904,대한토지신탁,B,SM005,요약재무상태표(‘11.03월 이후),A106,Ⅰ. 현금 및 예치금_현금 및 현금성 자산_MMDA,33108431840,32952932884,4980116406,1959383583,1352801028,4611055468,1064013251,4300119978,10131749304,1308232921,2997441644,6761619500,14410247309,30894610429,71858391451,64462346943,45070019295,11072886852,119736317425,115131872121,50627248735,61335301340,58193106810,8903371103,9774893392,43068779493,30304810975,40636165738,15427013002,13677357151,18312048312,51292539875,72276823436,10592945475,60870620740,107907162586,105398803411,38689660164,18619610849,56381379534,85683286013,39851684898,116315611321,35020211173,53753075175,66714788465,53215481775,80054478153,88472283804,29949304843,25599077029,44418427861,55222383761,82690266889
456,부동산신탁,10904,대한토지신탁,B,SM005,요약재무상태표(‘11.03월 이후),A107,Ⅰ. 현금 및 예치금_현금 및 현금성 자산_MMF,0,0,0, ,3000000000, ,0,0,0,0,0,0,0,0,0,0,0,0,0,0,0,0,0,0,0,0,0,0,0,0,0,0,0,0,0,0,0,0,0,0,0,0,0,0,0,0,0,0,0,0,0,0,0,0
457,부동산신탁,10904,대한토지신탁,B,SM005,요약재무상태표(‘11.03월 이후),A108,Ⅰ. 현금 및 예치금_현금 및 현금성 자산_금융어음,0,0, , , , ,0,0,0,0,0,0,0,0,0,0,0,0,0,0,0,0,0,0,0,0,0,0,0,0,0,0,0,0,0,0,0,0,0,0,0,0,0,0,0,0,0,0,0,0,0,0,0,0
458,부동산신탁,10904,대한토지신탁,B,SM005,요약재무상태표(‘11.03월 이후),A109,Ⅰ. 현금 및 예치금_현금 및 현금성 자산_기타,0,0, ,2000000000,3500000000,2000000000,2500000000,2000000000,3000000000,11500000000,0,2000000000,15100000000,11100000000,0,0,0,0,0,0,0,0,0,0,0,0,0,0,0,0,0,0,0,0,0,0,0,0,0,0,0,0,0,0,0,0,0,0,0,0,0,0,0,0
459,부동산신탁,10904,대한토지신탁,B,SM005,요약재무상태표(‘11.03월 이후),A11,Ⅰ. 현금 및 예치금_예치금,3013000000,3013000000,8013000000,3028000000,3118000000,5208000000,3298000000,3193000000,13000000,21013000000,21013000000,16013000000,7013000000,13000000,13000000,13000000,13000000,13000000,13000000,13000000,13000000,13000000,13000000,13000000,13000000,13000000,13000000,13000000,13000000,613000000,1452799324,1452458424,1452091213,1451608113,13000000,413000000,8500000,8500000,8500000,8500000,8500000,8500000,8500000,70008500000,70008500000,50008500000,8500000,8500000,8500000,8500000,8500000,8500000,8500000,8500000
460,부동산신탁,10904,대한토지신탁,B,SM005,요약재무상태표(‘11.03월 이후),A110,Ⅰ. 현금 및 예치금_예치금_장기성예금,3000000000,3000000000,8000000000,3015000000,3105000000,5195000000,3285000000,3180000000,0,21000000000,21000000000,16000000000,7000000000,0,0,0,0,0,0,0,0,0,0,0,0,0,0,0,0,0,0,0,0,0,0,0,0,0,0,0,0,0,0,70000000000,70000000000,50000000000,0,0,0,0,0,0,0,0
461,부동산신탁,10904,대한토지신탁,B,SM005,요약재무상태표(‘11.03월 이후),A111,Ⅰ. 현금 및 예치금_예치금_특정예금 등,13000000,13000000,13000000,13000000,13000000,13000000,13000000,13000000,13000000,13000000,13000000,13000000,13000000,13000000,13000000,13000000,13000000,13000000,13000000,13000000,13000000,13000000,13000000,13000000,13000000,13000000,13000000,13000000,13000000,13000000,13000000,13000000,13000000,13000000,13000000,13000000,8500000,8500000,8500000,8500000,8500000,8500000,8500000,8500000,8500000,8500000,8500000,8500000,8500000,8500000,8500000,8500000,8500000,8500000
462,부동산신탁,10904,대한토지신탁,B,SM005,요약재무상태표(‘11.03월 이후),A112,Ⅰ. 현금 및 예치금_예치금_신탁공탁금,0,0,0, , , ,0,0,0,0,0,0,0,0,0,0,0,0,0,0,0,0,0,0,0,0,0,0,0,600000000,600000000,600000000,600000000,600000000,0,0,0,0,0,0,0,0,0,0,0,0,0,0,0,0,0,0,0,0
463,부동산신탁,10904,대한토지신탁,B,SM005,요약재무상태표(‘11.03월 이후),A113,Ⅰ. 현금 및 예치금_예치금_기타,0,0,0,0,0,0,0,0,0,0,0,0,0,0,0,0,0,0,0,0,0,0,0,0,0,0,0,0,0,0,839799324,839458424,839091213,838608113,0,400000000,0,0,0,0,0,0,0,0,0,0,0,0,0,0,0,0,0,0
464,부동산신탁,10904,대한토지신탁,B,SM005,요약재무상태표(‘11.03월 이후),A2,Ⅱ. 증권,22771630597,22789448031,22807265468,22954108475,21164242127,21421784875,21402919112,21410128011,20110128011,20110128011,21105128011,21105128011,20605128011,20505128011,20255128011,20255128011,20155128011,20202104414,1792328607,4749791887,24354255761,25816292679,31075529906,33849679184,34226817168,47730128314,48045498924,49137232756,43117651971,45828258963,46216349364,49816287193,53297639008,50074262107,52530729949,50112241976,41795043192,42602878118,44186659931,44453840263,50694539362,51502181129,64825937113,65770890190,72473394626,72344596868,71288206898,73082880796,73399798462,80971294645,82324586802,90144010692,93140874478,98398846844
465,부동산신탁,10904,대한토지신탁,B,SM005,요약재무상태표(‘11.03월 이후),A20,Ⅱ. 증권_당기손익-공정가치측정증권,0,0,0,0,0,0,0,0,0,0,0,0,0,0,0,0,0,0,0,0,0,0,0,0,0,0,0,18664287887,18660478639,22900122122,25569054618,29181370094,32739939890,34399453832,36817341653,38798954889,41795043192,42602878118,44186659931,44453840263,50694539362,51502181129,64825937113,65770890190,68473394626,68344596868,71288206898,73082880796,73399798462,80971294645,82324586802,90144010692,93140874478,98398846844
466,부동산신탁,10904,대한토지신탁,B,SM005,요약재무상태표(‘11.03월 이후),A200,Ⅱ. 증권_당기손익-공정가치측정증권_주식,0,0,0, , , ,0,0,0,0,0,0,0,0,0,0,0,0,0,0,0,0,0,0,0,0,0,18550000000,18550000000,22793600000,25468315902,29080315902,32630315902,34286715902,36706466101,38706466101,41706466101,40064914113,41553730175,41853730175,43598730175,44148730175,56966402683,57516402683,60210947721,61815947721,64145005964,65945005964,66245005964,73800005964,75375865051,83119865051,85975787858,89775787858
467,부동산신탁,10904,대한토지신탁,B,SM005,요약재무상태표(‘11.03월 이후),A201,Ⅱ. 증권_당기손익-공정가치측정증권_국채·지방채,0,0,0, , , ,0,0,0,0,0,0,0,0,0,0,0,0,0,0,0,0,0,0,0,0,0,0,0,0,0,0,0,0,0,0,0,0,0,0,0,0,0,0,0,0,0,0,0,0,0,0,0,0
468,부동산신탁,10904,대한토지신탁,B,SM005,요약재무상태표(‘11.03월 이후),A202,Ⅱ. 증권_당기손익-공정가치측정증권_특수채,0,0,0, , , ,0,0,0,0,0,0,0,0,0,0,0,0,0,0,0,0,0,0,0,0,0,0,0,0,0,0,0,0,0,0,0,0,0,0,0,0,0,0,0,0,0,0,0,0,0,0,0,0
469,부동산신탁,10904,대한토지신탁,B,SM005,요약재무상태표(‘11.03월 이후),A203,Ⅱ. 증권_당기손익-공정가치측정증권_회사채,0,0,0, , , ,0,0,0,0,0,0,0,0,0,0,0,0,0,0,0,0,0,0,0,0,0,0,0,0,0,0,0,0,0,0,0,0,0,0,0,0,0,0,0,0,0,0,0,0,0,0,0,0
470,부동산신탁,10904,대한토지신탁,B,SM005,요약재무상태표(‘11.03월 이후),A204,Ⅱ. 증권_당기손익-공정가치측정증권_집합투자증권,0,0,0,0,0,0,0,0,0,0,0,0,0,0,0,0,0,0,0,0,0,0,0,0,0,0,0,114287887,110478639,106522122,100738716,101054192,109623988,112737930,110875552,92488788,88577091,2537964005,2632929756,2600110088,7095809187,7353450954,7859534430,8254487507,8262446905,6528649147,7143200934,7137874832,7154792498,7171288681,6948721751,7024145641,7165086620,8623058986
471,부동산신탁,10904,대한토지신탁,B,SM005,요약재무상태표(‘11.03월 이후),A205,Ⅱ. 증권_당기손익-공정가치측정증권_기업어음증권,0,0,0, , , ,0,0,0,0,0,0,0,0,0,0,0,0,0,0,0,0,0,0,0,0,0,0,0,0,0,0,0,0,0,0,0,0,0,0,0,0,0,0,0,0,0,0,0,0,0,0,0,0
472,부동산신탁,10904,대한토지신탁,B,SM005,요약재무상태표(‘11.03월 이후),A206,Ⅱ. 증권_당기손익-공정가치측정증권_외화증권,0,0,0,0,0,0,0,0,0,0,0,0,0,0,0,0,0,0,0,0,0,0,0,0,0,0,0,0,0,0,0,0,0,0,0,0,0,0,0,0,0,0,0,0,0,0,0,0,0,0,0,0,0,0
473,부동산신탁,10904,대한토지신탁,B,SM005,요약재무상태표(‘11.03월 이후),A207,Ⅱ. 증권_당기손익-공정가치측정증권_기타,0,0,0,0,0,0,0,0,0,0,0,0,0,0,0,0,0,0,0,0,0,0,0,0,0,0,0,0,0,0,0,0,0,0,0,0,0,0,0,0,0,0,0,0,0,0,0,0,0,0,0,0,0,0
474,부동산신탁,10904,대한토지신탁,B,SM005,요약재무상태표(‘11.03월 이후),A21,Ⅱ. 증권_기타포괄손익-공정가치측정증권,4361502586,150000000,150000000,650000000,650000000,900000000,900000000,900000000,1000000000,1000000000,1995000000,1995000000,1995000000,1995000000,1745000000,1745000000,1745000000,1791976403,1792328607,4749791887,4751504429,5952096879,11211109005,13995114984,14362797476,17139673297,17468717022,0,0,0,0,0,0,0,0,0,0,0,0,0,0,0,0,0,0,0,0,0,0,0,0,0,0,0
475,부동산신탁,10904,대한토지신탁,B,SM005,요약재무상태표(‘11.03월 이후),A210,Ⅱ. 증권_기타포괄손익-공정가치측정증권_주식,150000000,150000000,150000000,650000000,650000000,900000000,900000000,900000000,1000000000,1000000000,1995000000,1995000000,1995000000,1995000000,1745000000,1745000000,1745000000,1745000000,1745000000,4699500000,4699500000,5897350000,11152350000,13931650000,14285900000,17054250000,17354250000,0,0,0,0,0,0,0,0,0,0,0,0,0,0,0,0,0,0,0,0,0,0,0,0,0,0,0
476,부동산신탁,10904,대한토지신탁,B,SM005,요약재무상태표(‘11.03월 이후),A211,Ⅱ. 증권_기타포괄손익-공정가치측정증권_국채·지방채,3511502586,0,0, , , ,0,0,0,0,0,0,0,0,0,0,0,0,0,0,0,0,0,0,0,0,0,0,0,0,0,0,0,0,0,0,0,0,0,0,0,0,0,0,0,0,0,0,0,0,0,0,0,0
477,부동산신탁,10904,대한토지신탁,B,SM005,요약재무상태표(‘11.03월 이후),A212,Ⅱ. 증권_기타포괄손익-공정가치측정증권_특수채,0,0,0, , , ,0,0,0,0,0,0,0,0,0,0,0,0,0,0,0,0,0,0,0,0,0,0,0,0,0,0,0,0,0,0,0,0,0,0,0,0,0,0,0,0,0,0,0,0,0,0,0,0
478,부동산신탁,10904,대한토지신탁,B,SM005,요약재무상태표(‘11.03월 이후),A213,Ⅱ. 증권_기타포괄손익-공정가치측정증권_회사채,700000000,0,0, , , ,0,0,0,0,0,0,0,0,0,0,0,0,0,0,0,0,0,0,0,0,0,0,0,0,0,0,0,0,0,0,0,0,0,0,0,0,0,0,0,0,0,0,0,0,0,0,0,0
479,부동산신탁,10904,대한토지신탁,B,SM005,요약재무상태표(‘11.03월 이후),A214,Ⅱ. 증권_기타포괄손익-공정가치측정증권_집합투자증권,0,0,0,0,0,0,0,0,0,0,0,0,0,0,0,0,0,46976403,47328607,50291887,52004429,54746879,58759005,63464984,76897476,85423297,114467022,0,0,0,0,0,0,0,0,0,0,0,0,0,0,0,0,0,0,0,0,0,0,0,0,0,0,0
480,부동산신탁,10904,대한토지신탁,B,SM005,요약재무상태표(‘11.03월 이후),A215,Ⅱ. 증권_기타포괄손익-공정가치측정증권_기업어음증권,0,0,0, , , ,0,0,0,0,0,0,0,0,0,0,0,0,0,0,0,0,0,0,0,0,0,0,0,0,0,0,0,0,0,0,0,0,0,0,0,0,0,0,0,0,0,0,0,0,0,0,0,0
481,부동산신탁,10904,대한토지신탁,B,SM005,요약재무상태표(‘11.03월 이후),A216,Ⅱ. 증권_기타포괄손익-공정가치측정증권_외화증권,0,0,0,0,0,0,0,0,0,0,0,0,0,0,0,0,0,0,0,0,0,0,0,0,0,0,0,0,0,0,0,0,0,0,0,0,0,0,0,0,0,0,0,0,0,0,0,0,0,0,0,0,0,0
482,부동산신탁,10904,대한토지신탁,B,SM005,요약재무상태표(‘11.03월 이후),A217,Ⅱ. 증권_기타포괄손익-공정가치측정증권_기타,0,0,0,0,0,0,0,0,0,0,0,0,0,0,0,0,0,0,0,0,0,0,0,0,0,0,0,0,0,0,0,0,0,0,0,0,0,0,0,0,0,0,0,0,0,0,0,0,0,0,0,0,0,0
483,부동산신탁,10904,대한토지신탁,B,SM005,요약재무상태표(‘11.03월 이후),A22,Ⅱ. 증권_상각후원가측정증권,0,4229320020,4247137457,3893980464,2104114116,2111656864,2092791101,2100000000,700000000,700000000,700000000,700000000,200000000,100000000,100000000,100000000,0,0,0,0,0,0,0,0,0,0,0,0,0,0,0,0,0,0,0,0,0,0,0,0,0,0,0,0,4000000000,4000000000,0,0,0,0,0,0,0,0
484,부동산신탁,10904,대한토지신탁,B,SM005,요약재무상태표(‘11.03월 이후),A220,Ⅱ. 증권_상각후원가측정증권_국채·지방채,0,3529320020,3547137457,3193980464,1404114116,1411656864,1392791101,1400000000,0,0,0,0,0,0,0,0,0,0,0,0,0,0,0,0,0,0,0,0,0,0,0,0,0,0,0,0,0,0,0,0,0,0,0,0,0,0,0,0,0,0,0,0,0,0
485,부동산신탁,10904,대한토지신탁,B,SM005,요약재무상태표(‘11.03월 이후),A221,Ⅱ. 증권_상각후원가측정증권_특수채,0,0, , , , ,0,0,0,0,0,0,0,0,0,0,0,0,0,0,0,0,0,0,0,0,0,0,0,0,0,0,0,0,0,0,0,0,0,0,0,0,0,0,0,0,0,0,0,0,0,0,0,0
486,부동산신탁,10904,대한토지신탁,B,SM005,요약재무상태표(‘11.03월 이후),A222,Ⅱ. 증권_상각후원가측정증권_회사채,0,700000000,700000000,700000000,700000000,700000000,700000000,700000000,700000000,700000000,700000000,700000000,200000000,100000000,100000000,100000000,0,0,0,0,0,0,0,0,0,0,0,0,0,0,0,0,0,0,0,0,0,0,0,0,0,0,0,0,4000000000,4000000000,0,0,0,0,0,0,0,0
487,부동산신탁,10904,대한토지신탁,B,SM005,요약재무상태표(‘11.03월 이후),A223,Ⅱ. 증권_상각후원가측정증권_기타,0,0,0, , , ,0,0,0,0,0,0,0,0,0,0,0,0,0,0,0,0,0,0,0,0,0,0,0,0,0,0,0,0,0,0,0,0,0,0,0,0,0,0,0,0,0,0,0,0,0,0,0,0
488,부동산신탁,10904,대한토지신탁,B,SM005,요약재무상태표(‘11.03월 이후),A23,Ⅱ. 증권_관계회사투자지분,18410128011,18410128011,18410128011,18410128011,18410128011,18410128011,18410128011,18410128011,18410128011,18410128011,18410128011,18410128011,18410128011,18410128011,18410128011,18410128011,18410128011,18410128011,0,0,19602751332,19864195800,19864420901,19854564200,19864019692,30590455017,30576781902,30472944869,24457173332,22928136841,20647294746,20634917099,20557699118,15674808275,15713388296,11313287087,0,0,0,0,0,0,0,0,0,0,0,0,0,0,0,0,0,0
489,부동산신탁,10904,대한토지신탁,B,SM005,요약재무상태표(‘11.03월 이후),A230,Ⅱ. 증권_관계회사투자지분_연결대상회사 투자지분,18410128011,18410128011,18410128011,18410128011,18410128011,18410128011,18410128011,18410128011,18410128011,18410128011,18410128011,18410128011,18410128011,18410128011,18410128011,18410128011,18410128011,18410128011,0,0,0,0,0,0,0,0,0,0,0,0,0,0,0,0,0,0,0,0,0,0,0,0,0,0,0,0,0,0,0,0,0,0,0,0
490,부동산신탁,10904,대한토지신탁,B,SM005,요약재무상태표(‘11.03월 이후),A231,Ⅱ. 증권_관계회사투자지분_비연결대상회사 투자지분,0,0,0,0,0,0,0,0,0,0,0,0,0,0,0,0,0,0,0,0,19602751332,19864195800,19864420901,19854564200,19864019692,30590455017,30576781902,30472944869,24457173332,22928136841,20647294746,20634917099,20557699118,15674808275,15713388296,11313287087,0,0,0,0,0,0,0,0,0,0,0,0,0,0,0,0,0,0
491,부동산신탁,10904,대한토지신탁,B,SM005,요약재무상태표(‘11.03월 이후),A24,Ⅱ. 증권_파생결합증권,0,0,0,0,0,0,0,0,0,0,0,0,0,0,0,0,0,0,0,0,0,0,0,0,0,0,0,0,0,0,0,0,0,0,0,0,0,0,0,0,0,0,0,0,0,0,0,0,0,0,0,0,0,0
492,부동산신탁,10904,대한토지신탁,B,SM005,요약재무상태표(‘11.03월 이후),A25,Ⅱ. 증권_대손충당금(-), , , , , , , , , , , , , , , , , , , , , , , , , , , ,0,0,0,0,0,0,0,0,0,0,0,0,0,0,0,0,0,0,0,0,0,0,0,0,0,0,0
493,부동산신탁,10904,대한토지신탁,B,SM005,요약재무상태표(‘11.03월 이후),A3,Ⅲ. 파생상품자산,0,0,0,0,0,0,0,0,0,0,0,0,0,0,0,0,0,0,0,0,0,0,0,0,0,0,0,0,0,0,0,0,0,0,0,0,0,0,0,0,0,0,0,0,0,0,0,0,0,0,0,0,0,0
494,부동산신탁,10904,대한토지신탁,B,SM005,요약재무상태표(‘11.03월 이후),A30,Ⅲ. 파생상품자산_이자율관련,0,0,0,0,0,0,0,0,0,0,0,0,0,0,0,0,0,0,0,0,0,0,0,0,0,0,0,0,0,0,0,0,0,0,0,0,0,0,0,0,0,0,0,0,0,0,0,0,0,0,0,0,0,0
495,부동산신탁,10904,대한토지신탁,B,SM005,요약재무상태표(‘11.03월 이후),A31,Ⅲ. 파생상품자산_통화관련,0,0,0,0,0,0,0,0,0,0,0,0,0,0,0,0,0,0,0,0,0,0,0,0,0,0,0,0,0,0,0,0,0,0,0,0,0,0,0,0,0,0,0,0,0,0,0,0,0,0,0,0,0,0
496,부동산신탁,10904,대한토지신탁,B,SM005,요약재무상태표(‘11.03월 이후),A32,Ⅲ. 파생상품자산_주식관련,0,0,0,0,0,0,0,0,0,0,0,0,0,0,0,0,0,0,0,0,0,0,0,0,0,0,0,0,0,0,0,0,0,0,0,0,0,0,0,0,0,0,0,0,0,0,0,0,0,0,0,0,0,0
497,부동산신탁,10904,대한토지신탁,B,SM005,요약재무상태표(‘11.03월 이후),A33,Ⅲ. 파생상품자산_신용관련,0,0,0,0,0,0,0,0,0,0,0,0,0,0,0,0,0,0,0,0,0,0,0,0,0,0,0,0,0,0,0,0,0,0,0,0,0,0,0,0,0,0,0,0,0,0,0,0,0,0,0,0,0,0
498,부동산신탁,10904,대한토지신탁,B,SM005,요약재무상태표(‘11.03월 이후),A34,Ⅲ. 파생상품자산_상품관련,0,0,0,0,0,0,0,0,0,0,0,0,0,0,0,0,0,0,0,0,0,0,0,0,0,0,0,0,0,0,0,0,0,0,0,0,0,0,0,0,0,0,0,0,0,0,0,0,0,0,0,0,0,0
499,부동산신탁,10904,대한토지신탁,B,SM005,요약재무상태표(‘11.03월 이후),A35,Ⅲ. 파생상품자산_기타파생상품자산,0,0,0, , , ,0,0,0,0,0,0,0,0,0,0,0,0,0,0,0,0,0,0,0,0,0,0,0,0,0,0,0,0,0,0,0,0,0,0,0,0,0,0,0,0,0,0,0,0,0,0,0,0
500,부동산신탁,10904,대한토지신탁,B,SM005,요약재무상태표(‘11.03월 이후),A36,Ⅲ. 파생상품자산_파생상품Ⅲ. 파생상품자산_신용위험평가조정액,0,0,0, , , ,0,0,0,0,0,0,0,0,0,0,0,0,0,0,0,0,0,0,0,0,0,0,0,0,0,0,0,0,0,0,0,0,0,0,0,0,0,0,0,0,0,0,0,0,0,0,0,0
501,부동산신탁,10904,대한토지신탁,B,SM005,요약재무상태표(‘11.03월 이후),A37,Ⅲ. 파생상품자산_파생상품Ⅲ. 파생상품자산_거래일손익인식평가조정액,0,0,0, , , ,0,0,0,0,0,0,0,0,0,0,0,0,0,0,0,0,0,0,0,0,0,0,0,0,0,0,0,0,0,0,0,0,0,0,0,0,0,0,0,0,0,0,0,0,0,0,0,0
502,부동산신탁,10904,대한토지신탁,B,SM005,요약재무상태표(‘11.03월 이후),A4,Ⅳ. 대출채권,184633503920,182786139781,126108230561,108731273651,106152720834,82297111608,83850797698,69093681698,68699432672,63535320054,75382572898,73800771261,88841287456,85589456779,74918719449,99200448241,116623451844,161048594480,77781160786,84797221110,130420411110,125790744079,129223586447,219709951737,278151940205,325910400922,393735169569,464187064444,527973825406,547506838454,585349747062,610578084662,638404464262,694954331666,647348802484,542120960209,565361414980,522220831793,508296254790,503083493327,387911373793,415766886364,341928751665,340574782502,308528450547,349997584857,391012307835,429383645203,472425701568,558621983708,637951370830,710965215058,745322180379,783309484129
503,부동산신탁,10904,대한토지신탁,B,SM005,요약재무상태표(‘11.03월 이후),A40,Ⅳ. 대출채권_(현재가치할인차금)(-),0,0,0, , , ,0,0,0,0,0,0,0,0,0,0,0,0,0,0,0,0,0,0,0,0,0,0,0,0,0,0,0,0,0,0,0,0,0,0,0,0,0,0,0,0,0,0,0,0,0,0,0,0
504,부동산신탁,10904,대한토지신탁,B,SM005,요약재무상태표(‘11.03월 이후),A41,Ⅳ. 대출채권_(현재가치할증차금)(+),0,0,0, , , ,0,0,0,0,0,0,0,0,0,0,0,0,0,0,0,0,0,0,0,0,0,0,0,0,0,0,0,0,0,0,0,0,0,0,0,0,0,0,0,0,0,0,0,0,0,0,0,0
505,부동산신탁,10904,대한토지신탁,B,SM005,요약재무상태표(‘11.03월 이후),A42,Ⅳ. 대출채권_(이연대출부대손익),0,0,0, , , ,0,0,0,0,0,0,0,0,0,0,0,0,0,0,0,0,0,0,0,0,0,0,0,0,0,0,0,0,0,0,0,0,0,0,0,0,0,0,0,0,0,0,0,0,0,0,0,0
506,부동산신탁,10904,대한토지신탁,B,SM005,요약재무상태표(‘11.03월 이후),A43,Ⅳ. 대출채권_대여금,29701135238,29601135238,29126322238,29066322238,28986322238,28766322238,17046322238,16896322238,16815735238,16775150238,16699023438,16635050938,16565050938,16545050938,16485050938,1216000000,1176000000,1126000000,1046000000,1026000000,986000000,986000000,986000000,986000000,986000000,986000000,946000000,575000000,450000000,450000000,390000000,270000000,120000000,80000000,80000000,80000000,80000000,80000000,80000000,0,0,0,0,0,0,0,0,0,0,0,0,0,0,0
507,부동산신탁,10904,대한토지신탁,B,SM005,요약재무상태표(‘11.03월 이후),A44,Ⅳ. 대출채권_대지급금,0,0,0,0,0,0,0,0,0,0,0,0,0,0,0,0,0,0,0,0,0,0,0,0,0,0,0,0,0,0,0,0,0,0,0,0,0,0,0,0,0,0,0,0,0,0,0,0,0,0,0,0,0,0
508,부동산신탁,10904,대한토지신탁,B,SM005,요약재무상태표(‘11.03월 이후),A45,Ⅳ. 대출채권_신탁계정대,233986171777,213488288102,201182671402,185384743582,184077411202,162756431940,162481200166,149690323447,150024693447,144249320847,159843407264,158767120847,174503415897,170297353497,160922155047,187150853047,205460064277,249600176377,165792619065,172182844295,138285944952,133441769052,139641769052,233827620269,294608820709,344499947309,410408105659,500637411351,566105192995,607877300755,653781031513,679842978743,708368978743,795833211363,734783211363,630992166415,661841209025,620703909025,611344866415,603547506415,483037506415,511887006415,431502115261,427029500900,390902071008,428731869533,473901180049,521691180049,566409204462,660176204462,752329965117,832274129246,866871196071,904798315239
509,부동산신탁,10904,대한토지신탁,B,SM005,요약재무상태표(‘11.03월 이후),A46,Ⅳ. 대출채권_기타 대출채권,0,0,0,0,0,0,0,0,0,0,0,0,0,0,0,0,0,0,0,0,0,0,0,0,0,0,0,0,0,0,0,0,0,0,0,0,0,0,0,0,0,0,0,0,0,0,4000000000,4000000000,4000000000,4000000000,4000000000,4000000000,4000000000,4000000000
510,부동산신탁,10904,대한토지신탁,B,SM005,요약재무상태표(‘11.03월 이후),A47,Ⅳ. 대출채권_대손충당금(-),79053803095,60303283559,104200763079,105719792169,106911012606,109225642570,95676724706,97492963987,98140996013,97489151031,101159857804,101601400524,102227179379,101252947656,102488486536,89166404806,90012612433,89677581897,89057458279,88411623185,8851533842,8637024973,11404182605,15103668532,17442880504,19575546387,17618936090,37025346907,38581367589,60820462301,68821284451,69534894081,70084514481,100958879697,87514408879,88951206206,96559794045,98563077232,103128611625,100464013088,95126132622,96120120051,89573363596,86454718398,82373620461,78734284676,86888872214,96307534846,97983502894,105554220754,118378594287,125308914188,125549015692,125488831110
511,부동산신탁,10904,대한토지신탁,B,SM005,요약재무상태표(‘11.03월 이후),A470,Ⅳ. 대출채권_대손충당금(-)_대여금대손충당금,4655432305,4654932306,26811769855,26811469855,26811069855,26809969855,15209369855,15208619855,15208216920,15208013995,15207633361,15207313498,15206963498,15206863498,15206563498,6080000,5880000,5630000,5230000,5130000,4930000,4930000,4930000,4930000,4930000,4930000,4730000,2875000,2250000,2250000,1950000,1350000,600000,400000,400000,400000,400000,400000,400000,0,0,0,0,0,0,0,0,0,0,0,0,0,0,0
512,부동산신탁,10904,대한토지신탁,B,SM005,요약재무상태표(‘11.03월 이후),A471,Ⅳ. 대출채권_대손충당금(-)_대지급금대손충당금,0,0, , , , ,0,0,0,0,0,0,0,0,0,0,0,0,0,0,0,0,0,0,0,0,0,0,0,0,0,0,0,0,0,0,0,0,0,0,0,0,0,0,0,0,0,0,0,0,0,0,0,0
513,부동산신탁,10904,대한토지신탁,B,SM005,요약재무상태표(‘11.03월 이후),A472,Ⅳ. 대출채권_대손충당금(-)_신탁계정대 대손충당금,74398370790,55648351253,77388993224,78908322314,80099942751,82415672715,80467354851,82284344132,82932779093,82281137036,85952224443,86394087026,87020215881,86046084158,87281923038,89160324806,90006732433,89671951897,89052228279,88406493185,8846603842,8632094973,11399252605,15098738532,17437950504,19570616387,17614206090,37022471907,38579117589,60818212301,68819334451,69533544081,70083914481,100958479697,87514008879,88950806206,96559394045,98562677232,103128211625,100464013088,95126132622,96120120051,89573363596,86454718398,82373620461,78734284676,86742472214,96179534846,97481902894,105102220754,117928194287,124863314188,125109815692,125049231110
514,부동산신탁,10904,대한토지신탁,B,SM005,요약재무상태표(‘11.03월 이후),A473,Ⅳ. 대출채권_대손충당금(-)_기타 대손충당금,0,0,0,0,0,0,0,0,0,0,0,0,0,0,0,0,0,0,0,0,0,0,0,0,0,0,0,0,0,0,0,0,0,0,0,0,0,0,0,0,0,0,0,0,0,0,146400000,128000000,501600000,452000000,450400000,445600000,439200000,439600000
515,부동산신탁,10904,대한토지신탁,B,SM005,요약재무상태표(‘11.03월 이후),A5,Ⅴ. 유형자산,791081299,727309945,658763575,622108597,560636838,502820223,458663712,456727331,970980691,913518869,876301274,822194866,2066779597,1959534282,1859590416,1846299163,1206921114,1723236451,1725690029,1647633866,1564696317,1543497878,1461548709,1475348437,1391196867,1304569589,1502529524,1454796277,1407107869,1305685781,1204595740,3380174061,3047171875,2675317866,2773202059,2213856761,5090513534,4606432271,4102464616,11842209766,11117210847,10392864200,9823825906,9095937030,8453989199,7724026305,7000043061,6285304803,5694453965,5077784658,4378549145,3675389802,3404885451,2739894722
516,부동산신탁,10904,대한토지신탁,B,SM005,요약재무상태표(‘11.03월 이후),A50,유형자산_(손상차손누계액),0,0, , , , ,0,0,0,0,0,0,0,0,0,0,0,0,0,0,0,0,0,0,0,0,0,0,0,0,0,0,0,0,0,0,0,0,0,0,0,0,0,0,0,0,0,0,0,0,0,0,0,0
517,부동산신탁,10904,대한토지신탁,B,SM005,요약재무상태표(‘11.03월 이후),A51,유형자산__토지,0,0, , , , ,0,0,37822918,37822918,37822918,37822918,37822918,37822918,37822918,37822918,37822918,37822918,37822918,37822918,37822918,37822918,37822918,37822918,37822918,37822918,37822918,37822918,37822918,37822918,37822918,37822918,37822918,37822918,37822918,37822918,37822918,37822918,37822918,37822918,37822918,37822918,37822918,37822918,37822918,37822918,37822918,37822918,37822918,37822918,37822918,37822918,37822918,37822918
518,부동산신탁,10904,대한토지신탁,B,SM005,요약재무상태표(‘11.03월 이후),A52,유형자산_건물,0,0, , , , ,0,0,539940699,539940699,539940699,539940699,539940699,539940699,539940699,539940699,539940699,539940699,539940699,539940699,539940699,539940699,539940699,539940699,539940699,539940699,539940699,539940699,539940699,539940699,539940699,539940699,539940699,539940699,539940699,539940699,539940699,539940699,539940699,539940699,539940699,539940699,539940699,539940699,539940699,539940699,539940699,539940699,539940699,539940699,539940699,539940699,539940699,539940699
519,부동산신탁,10904,대한토지신탁,B,SM005,요약재무상태표(‘11.03월 이후),A53,유형자산_구축물,0,0, , , , ,0,0,0,0,0,0,0,0,0,0,0,0,0,0,0,0,0,0,0,0,0,0,0,0,0,0,0,0,0,0,0,0,0,0,0,0,0,0,0,0,0,0,0,0,0,0,0,0
520,부동산신탁,10904,대한토지신탁,B,SM005,요약재무상태표(‘11.03월 이후),A54,유형자산_차량운반구,316040335,316040335,316040335,181421173,181421173,181421173,181421173,183726024,183726024,183726024,183726024,183726024,183726024,183726024,183726024,262039706,262039706,262039706,231425233,231425233,231425233,231425233,231425233,231425233,149029361,107782982,107782982,107782982,107782982,107782982,107782982,107782982,107782982,107782982,78313682,78313682,78313682,78313682,0,0,0,0,0,0,0,0,0,0,0,0,0,0,0,0
521,부동산신탁,10904,대한토지신탁,B,SM005,요약재무상태표(‘11.03월 이후),A55,유형자산_비품,3950172606,3960814446,3962469586,3813975786,3813975786,3813975786,3827369386,3842462986,3842462986,3842462986,3861215786,3539801036,3595155983,3595155983,3595712143,3602638623,2855682365,3397167565,3489061565,3496321565,3496321565,3555298065,3555298065,3653161625,3654375745,3655222745,3942267745,3991693745,4044546545,4044546545,4044546545,4044546545,4301420545,4516910545,5210080545,5278951545,5339955505,5472901585,5588156446,5880953646,3919717744,3919717744,4082643688,4071919128,4159688128,3829078138,3829078138,3829078138,3951381138,3951381138,3876138638,3898028638,3949621938,3999420038
522,부동산신탁,10904,대한토지신탁,B,SM005,요약재무상태표(‘11.03월 이후),A56,유형자산_건설중인자산,0,0, , , , ,0,0,0,0,0,0,0,0,0,0,0,0,0,0,0,0,0,0,0,0,0,0,0,0,0,0,0,0,0,0,0,0,0,0,0,0,0,0,0,0,0,0,0,0,0,0,0,0
523,부동산신탁,10904,대한토지신탁,B,SM005,요약재무상태표(‘11.03월 이후),A57,유형자산_운용리스자산(종금계정),0,0, , , , ,0,0,0,0,0,0,0,0,0,0,0,0,0,0,0,0,0,0,0,0,0,0,0,0,0,2765738231,2765738231,2765738231,2765738231,2765738231,3272707036,3272707036,3272707036,10412726047,10412726047,10412726047,10412726047,10412726047,10412726047,10412726047,10412726047,10412726047,10412726047,10528953527,10528953527,10528953527,10613479268,10613479268
524,부동산신탁,10904,대한토지신탁,B,SM005,요약재무상태표(‘11.03월 이후),A58,유형자산_선급리스자산(종금계정),0,0, , , , ,0,0,0,0,0,0,0,0,0,0,0,0,0,0,0,0,0,0,0,0,0,0,0,0,0,0,0,0,0,0,0,0,0,0,0,0,0,0,0,0,0,0,0,0,0,0,0,0
525,부동산신탁,10904,대한토지신탁,B,SM005,요약재무상태표(‘11.03월 이후),A59,유형자산_기타,0,0, , , , ,0,0,0,0,0,0,0,0,0,0,0,0,0,0,0,0,0,0,0,0,0,0,0,0,0,0,0,0,0,0,0,0,0,0,0,0,0,0,0,0,0,0,0,0,0,0,0,0
526,부동산신탁,10904,대한토지신탁,B,SM005,요약재무상태표(‘11.03월 이후),A5A,유형자산_감가상각누계액(-),3475131642,3549544836,3619746346,3373288362,3434760121,3492576736,3550126847,3569461679,3632971936,3690433758,3746404153,3479095811,2289866027,2397111342,2497611368,2596142783,2488564574,2513734437,2572560386,2657876549,2740814098,2820989037,2902938206,2987002038,2989971856,3036199755,3125284820,3222444067,3322985275,3424407363,3525497404,4115657314,4705533500,5292877509,5858694016,6486910314,4178226306,4795253649,5336162483,5029233544,3792996561,4517343208,5249307446,5966471762,6696188593,7095541497,7819524741,8534262999,9247416837,9980313624,10604306637,11329355980,11735979372,12450768201
527,부동산신탁,10904,대한토지신탁,B,SM005,요약재무상태표(‘11.03월 이후),A5A0,유형자산__감가상각누계액(-)_건물,0,0, , , , ,0,0,8748410,13122617,17496823,21871029,26245235,30619441,34993647,39367853,43742059,48116265,52490471,56864677,61238883,65613089,69987295,74361501,78735707,83109913,87484119,91858325,96232531,100606737,104980943,109355149,113729355,118103561,122477767,126851973,131226179,135600385,139974591,144348797,148723003,153097209,157471415,161845621,166219827,170594033,174968239,179342445,183716651,188090857,192465063,196839269,201213475,205587681
528,부동산신탁,10904,대한토지신탁,B,SM005,요약재무상태표(‘11.03월 이후),A5A1,유형자산_감가상각누계액(-)_구축물,0,0, , , , ,0,0,0,0,0,0,0,0,0,0,0,0,0,0,0,0,0,0,0,0,0,0,0,0,0,0,0,0,0,0,0,0,0,0,0,0,0,0,0,0,0,0,0,0,0,0,0,0
529,부동산신탁,10904,대한토지신탁,B,SM005,요약재무상태표(‘11.03월 이후),A5A2,유형자산_감가상각누계액(-)_차량운반구,240578519,247142012,253703505,97689119,103439227,109189335,114938440,83241971,90486029,97730087,104974146,112217206,118450867,124684530,130918191,140459072,150608409,160757756,140293640,150442987,159691042,167142511,174593980,181552287,105137418,71931360,75847044,79762728,83678412,87594096,91509780,95424470,99341148,103256832,77704222,78311682,78311682,78311682,0,0,0,0,0,0,0,0,0,0,0,0,0,0,0,0
530,부동산신탁,10904,대한토지신탁,B,SM005,요약재무상태표(‘11.03월 이후),A5A3,유형자산_감가상각누계액(-)_비품,3234553123,3302402824,3366042841,3275599243,3331320894,3383387401,3435188407,3486219708,3533737497,3579581054,3623933184,3345007576,2145169925,2241807371,2331699530,2416315858,2294214106,2304860416,2379776275,2450568885,2519884173,2588233437,2658356931,2731088250,2806098731,2881158482,2961953657,3050823014,3143074332,3236206530,3329006681,3421199230,3513106067,3602481721,3699798170,3833354336,3968688445,4069299167,4172103062,4283177449,2440858962,2559124105,2685006839,2796089651,2919724978,2712996378,2830898118,2939554875,3049362438,3159851171,3170891404,3282987970,3388682874,3489625596
531,부동산신탁,10904,대한토지신탁,B,SM005,요약재무상태표(‘11.03월 이후),A5A4,유형자산_감가상각누계액(-)_기타,0,0, , , , ,0,0,0,0,0,0,0,0,0,0,0,0,0,0,0,0,0,0,0,0,0,0,0,0,0,489678465,979356930,1469035395,1958713857,2448392323,0,512042415,1024084830,601707298,1203414596,1805121894,2406829192,3008536490,3610243788,4211951086,4813658384,5415365679,6014337748,6632371596,7240950170,7849528741,8146083023,8755554924
532,부동산신탁,10904,대한토지신탁,B,SM005,요약재무상태표(‘11.03월 이후),A5A5,유형자산_감가상각누계액(종금계정)(-),0,0, , , , ,0,0,0,0,0,0,0,0,0,0,0,0,0,0,0,0,0,0,0,0,0,0,0,0,0,0,0,0,0,0,0,0,0,0,0,0,0,0,0,0,0,0,0,0,0,0,0,0
533,부동산신탁,10904,대한토지신탁,B,SM005,요약재무상태표(‘11.03월 이후),A5A6,유형자산_처분손실충당금(종금계정)(-),0,0, , , , ,0,0,0,0,0,0,0,0,0,0,0,0,0,0,0,0,0,0,0,0,0,0,0,0,0,0,0,0,0,0,0,0,0,0,0,0,0,0,0,0,0,0,0,0,0,0,0,0
534,부동산신탁,10904,대한토지신탁,B,SM005,요약재무상태표(‘11.03월 이후),A6,Ⅵ. CMA운용자산(종금계정),0,0,0,0,0,0,0,0,0,0,0,0,0,0,0,0,0,0,0,0,0,0,0,0,0,0,0,0,0,0,0,0,0,0,0,0,0,0,0,0,0,0,0,0,0,0,0,0,0,0,0,0,0,0
535,부동산신탁,10904,대한토지신탁,B,SM005,요약재무상태표(‘11.03월 이후),A7,Ⅶ. 리스자산(종금계정),0,0,0,0,0,0,0,0,0,0,0,0,0,0,0,0,0,0,0,0,0,0,0,0,0,0,0,0,0,0,0,0,0,0,0,0,0,0,0,0,0,0,0,0,0,0,0,0,0,0,0,0,0,0
536,부동산신탁,10904,대한토지신탁,B,SM005,요약재무상태표(‘11.03월 이후),A8,Ⅷ. 기타자산,101185816979,85125096270,80754349270,79716150758,79316871053,78462445667,64072444262,63612663011,63137769680,77600063163,72332876364,71933779699,71334646560,70519284986,68588482658,35310204380,35480385449,14885864981,12705269401,11824554473,11438732204,10699039825,10182968440,11748040757,14916609312,16430549750,24144631846,13154184127,15861358770,15442945417,21986029494,22733883406,22610274445,23035739583,19350598499,19069667025,17006787450,13271998667,12437642701,11947522286,11256536495,10848336156,10618844093,9243885966,9834317722,10375495371,14829107910,15493816824,19463252967,48924305516,17892329535,16039274405,24442248400,29328801311
537,부동산신탁,10904,대한토지신탁,B,SM005,요약재무상태표(‘11.03월 이후),A80,Ⅷ. 기타자산_(현재가치할인차금)(-),0,0,0, , , ,0,0,0,0,0,0,0,0,0,0,0,0,0,0,0,0,0,0,0,0,0,0,0,0,0,0,0,0,0,0,0,0,0,0,0,0,0,0,0,0,0,0,0,0,0,0,0,0
538,부동산신탁,10904,대한토지신탁,B,SM005,요약재무상태표(‘11.03월 이후),A81,Ⅷ. 기타자산_(현재가치할증차금)(+),0,0,0, , , ,0,0,0,0,0,0,0,0,0,0,0,0,0,0,0,0,0,0,0,0,0,0,0,0,0,0,0,0,0,0,0,0,0,0,0,0,0,0,0,0,0,0,0,0,0,0,0,0
539,부동산신탁,10904,대한토지신탁,B,SM005,요약재무상태표(‘11.03월 이후),A82,Ⅷ. 기타자산_미수금,73051943663,72870487462,72149906082,71980206134,72201700797,72599484303,72704140553,73133877578,72574731324,73669276980,72188708285,72476712754,71938201571,72435789531,72134340323,21145733425,21739052202,2686470850,3811598998,3218706373,5132997043,5596795750,6956484564,8484637758,11702655250,11734512726,19363939009,7624871806,8032068963,6581073701,7789175891,7385731366,6997703146,6238681919,4736414051,4588298793,5311545902,4438226524,4833782287,4674750226,4643263034,4281284616,4452812175,3816732306,4680010567,5111848537,7503175037,8581877345,9029864324,37932437254,7254863181,7269509417,8125842819,8669704111
540,부동산신탁,10904,대한토지신탁,B,SM005,요약재무상태표(‘11.03월 이후),A820,Ⅷ. 기타자산_미수금_신탁보수미수금,3043925623,2866499528,2110232942,1979754884,2201596947,2599373647,2701362093,3129138728,2571958874,3203719643,2172660998,2467310467,1925626294,1885097724,2127166006,2533495296,3126742310,2685999584,3505684740,3217941083,5132183753,5566317953,6925489694,8454634988,11202442904,9106734891,10139682645,7594869036,6867343375,6441073701,7758328358,6151149588,6527784626,5628151015,4633981776,4585883793,5311545902,4379986524,4546893343,4674750226,4172102003,4227444616,4406422705,3771732306,4635010567,5078234292,7489506020,8581877345,9006457455,7422230125,6858583916,7269509417,8124767347,8490578485
541,부동산신탁,10904,대한토지신탁,B,SM005,요약재무상태표(‘11.03월 이후),A821,Ⅷ. 기타자산_미수금_기타,70008018040,70003987934,70039673140,70000451250,70000103850,70000110656,70002778460,70004738850,70002772450,70465557337,70016047287,70009402287,70012575277,70550691807,70007174317,18612238129,18612309892,471266,305914258,765290,813290,30477797,30994870,30002770,500212346,2627777835,9224256364,30002770,1164725588,140000000,30847533,1234581778,469918520,610530904,102432275,2415000,0,58240000,286888944,0,471161031,53840000,46389470,45000000,45000000,33614245,13669017,0,23406869,30510207129,396279265,0,1075472,179125626
542,부동산신탁,10904,대한토지신탁,B,SM005,요약재무상태표(‘11.03월 이후),A83,Ⅷ. 기타자산_미수수익,36798278601,7225685985,3622889775,3648893609,3322395963,3355736360,3410170887,3195402798,2835911824,2881240185,2989207929,2918985409,2654912895,2586121254,932001600,944399500,910056901,918755471,257906692,231533136,230833814,241135645,234597519,238581287,102524361,113679098,117311513,126566867,89698914,92801655,98029749,109602911,45847611,51748132,57652337,54366084,59725592,65473687,70562792,75928709,81363700,10943275,11485892,215907125,172198125,153297503,23153151,41500268,32565031,37348972,43342528,54086398,92227686,121177601
543,부동산신탁,10904,대한토지신탁,B,SM005,요약재무상태표(‘11.03월 이후),A830,Ⅷ. 기타자산_미수수익_미수수수료,0,0,0,0,0,0,0,0,0,0,0,0,0,0,0,0,0,0,0,0,0,0,0,0,0,0,0,0,0,0,0,0,0,0,0,0,0,0,0,0,0,0,0,0,0,0,0,0,0,0,0,0,0,0
544,부동산신탁,10904,대한토지신탁,B,SM005,요약재무상태표(‘11.03월 이후),A831,Ⅷ. 기타자산_미수수익_미수이자,36798278601,7225685985,3622889775,3648893609,3322395963,3355736360,3410170887,3195402798,2835911824,2881240185,2989207929,2918985409,2654912895,2586121254,932001600,944399500,910056901,918755471,257906692,231533136,230833814,241135645,234597519,238581287,102524361,113679098,117311513,126566867,89698914,92801655,98029749,109602911,45847611,51748132,57652337,54366084,59725592,65473687,70562792,75928709,81363700,10943275,11485892,215907125,172198125,153297503,23153151,41500268,32565031,37348972,43342528,54086398,92227686,121177601
545,부동산신탁,10904,대한토지신탁,B,SM005,요약재무상태표(‘11.03월 이후),A832,Ⅷ. 기타자산_미수수익_미수배당금,0,0,0, , , ,0,0,0,0,0,0,0,0,0,0,0,0,0,0,0,0,0,0,0,0,0,0,0,0,0,0,0,0,0,0,0,0,0,0,0,0,0,0,0,0,0,0,0,0,0,0,0,0
546,부동산신탁,10904,대한토지신탁,B,SM005,요약재무상태표(‘11.03월 이후),A833,Ⅷ. 기타자산_미수수익_미수분배금,0,0,0, , , ,0,0,0,0,0,0,0,0,0,0,0,0,0,0,0,0,0,0,0,0,0,0,0,0,0,0,0,0,0,0,0,0,0,0,0,0,0,0,0,0,0,0,0,0,0,0,0,0
547,부동산신탁,10904,대한토지신탁,B,SM005,요약재무상태표(‘11.03월 이후),A834,Ⅷ. 기타자산_미수수익_기타,0,0,0, , , ,0,0,0,0,0,0,0,0,0,0,0,0,0,0,0,0,0,0,0,0,0,0,0,0,0,0,0,0,0,0,0,0,0,0,0,0,0,0,0,0,0,0,0,0,0,0,0,0
548,부동산신탁,10904,대한토지신탁,B,SM005,요약재무상태표(‘11.03월 이후),A84,Ⅷ. 기타자산_선급금,0,0,0,0,0,0,0,0,0,0,0,0,0,0,0,0,415030000,0,0,0,0,0,0,0,0,0,0,0,0,0,0,0,0,0,0,0,0,0,0,0,0,0,0,0,0,0,0,0,0,0,0,0,0,0
549,부동산신탁,10904,대한토지신탁,B,SM005,요약재무상태표(‘11.03월 이후),A85,Ⅷ. 기타자산_선급비용,220368150,313368069,93471634,54119339,92230151,43466564,25180725,18090249,77973366,56804360,40867387,27129029,52358513,38087655,23790498,22597462,48698254,35442491,120248163,137054798,188723640,240167673,176015253,183813921,173531906,1375740739,1502371592,2251355789,3302460873,3667168543,3867995282,5178265994,4733006743,4818037307,3786810969,3548746342,3438436983,1369278496,370686546,272535992,89444978,15151211,7051963,16503042,23380614,15685102,7246725,13541796,3868990860,4632514072,3091028709,1670223218,4398202605,9073990514
550,부동산신탁,10904,대한토지신탁,B,SM005,요약재무상태표(‘11.03월 이후),A86,Ⅷ. 기타자산_선급제세,86035090,86035090,86035090,89616530,99067000,99067000,99422430,99422430,96862660,97034580,97034580,97034580,106220320,112326090,112326090,112326090,81976130,81976130,76071320,76071320,76071320,76071320,0,0,0,0,0,0,0,102557908,0,0,0,0,0,0,0,0,0,0,0,0,0,0,0,0,0,0,0,0,0,0,0,0
551,부동산신탁,10904,대한토지신탁,B,SM005,요약재무상태표(‘11.03월 이후),A87,Ⅷ. 기타자산_대리점,0,0, , , , ,0,0,0,0,0,0,0,0,0,0,0,0,0,0,0,0,0,0,0,0,0,0,0,0,0,0,0,0,0,0,0,0,0,0,0,0,0,0,0,0,0,0,0,0,0,0,0,0
552,부동산신탁,10904,대한토지신탁,B,SM005,요약재무상태표(‘11.03월 이후),A88,Ⅷ. 기타자산_본.지점,0,0, , , , ,0,0,0,0,0,0,0,0,0,0,0,0,0,0,0,0,0,0,0,0,0,0,0,0,0,0,0,0,0,0,0,0,0,0,0,0,0,0,0,0,0,0,0,0,0,0,0,0
553,부동산신탁,10904,대한토지신탁,B,SM005,요약재무상태표(‘11.03월 이후),A89,Ⅷ. 기타자산_보증금,1674717877,1676539877,1691342157,1691342157,1691342157,1707038757,1707966437,1707966437,718607620,718607620,741607620,718607620,1758166043,1758166043,1756356043,1756356043,1193600280,1193600280,1095154932,1100386195,1105617458,1110953660,1137015662,1142351864,1147688066,1153131312,1179668998,1185112244,1190555490,1196107928,1231495006,1237047444,1242599881,1248263701,1278393601,1284057421,1289721240,1289721240,1289721240,1627216800,1627216800,1627216800,1655732640,1655732640,1655732640,1655732640,1720142720,1720142720,1720142720,1720142720,1785728240,1785728240,1785728240,1785728240
554,부동산신탁,10904,대한토지신탁,B,SM005,요약재무상태표(‘11.03월 이후),A890,Ⅷ. 기타자산_보증금_전세권,0,0, , , , ,0,0,0,0,0,0,0,0,0,0,0,0,0,0,0,0,0,0,0,0,0,0,0,0,0,0,0,0,0,0,0,0,0,0,0,0,0,0,0,0,0,0,0,0,0,0,0,0
555,부동산신탁,10904,대한토지신탁,B,SM005,요약재무상태표(‘11.03월 이후),A891,Ⅷ. 기타자산_보증금_전신전화가입권,1600000,1600000,1600000,1600000,1600000,1600000,1600000,1600000,1600000,1600000,1600000,1600000,1600000,1600000,0,0,0,0,0,0,0,0,0,0,0,0,0,0,0,0,0,0,0,0,0,0,0,0,0,0,0,0,0,0,0,0,0,0,0,0,0,0,0,0
556,부동산신탁,10904,대한토지신탁,B,SM005,요약재무상태표(‘11.03월 이후),A892,Ⅷ. 기타자산_보증금_임차보증금,683059060,684881060,699683340,699683340,699683340,715379940,716307620,716307620,716307620,716307620,739307620,716307620,1756356043,1756356043,1756356043,1756356043,1193600280,1193600280,1095154932,1100386195,1105617458,1110953660,1137015662,1142351864,1147688066,1153131312,1179668998,1185112244,1190555490,1196107928,1231495006,1237047444,1242599881,1248263701,1278393601,1284057421,1289721240,1289721240,1289721240,1627216800,1627216800,1627216800,1655732640,1655732640,1655732640,1655732640,1720142720,1720142720,1720142720,1720142720,1785728240,1785728240,1785728240,1785728240
557,부동산신탁,10904,대한토지신탁,B,SM005,요약재무상태표(‘11.03월 이후),A893,Ⅷ. 기타자산_보증금_회원보증금,0,0, , , , ,0,0,0,0,0,0,0,0,0,0,0,0,0,0,0,0,0,0,0,0,0,0,0,0,0,0,0,0,0,0,0,0,0,0,0,0,0,0,0,0,0,0,0,0,0,0,0,0
558,부동산신탁,10904,대한토지신탁,B,SM005,요약재무상태표(‘11.03월 이후),A894,Ⅷ. 기타자산_보증금_기타,990058817,990058817,990058817,990058817,990058817,990058817,990058817,990058817,700000,700000,700000,700000,210000,210000,0,0,0,0,0,0,0,0,0,0,0,0,0,0,0,0,0,0,0,0,0,0,0,0,0,0,0,0,0,0,0,0,0,0,0,0,0,0,0,0
559,부동산신탁,10904,대한토지신탁,B,SM005,요약재무상태표(‘11.03월 이후),A8A,Ⅷ. 기타자산_투자부동산,0,0,0,0,0,0,0,0,0,0,0,0,0,0,0,0,0,0,0,0,0,0,0,0,0,0,0,0,0,0,0,0,0,0,0,0,0,0,0,0,0,0,0,0,0,0,0,0,0,0,0,0,0,0
560,부동산신탁,10904,대한토지신탁,B,SM005,요약재무상태표(‘11.03월 이후),A8A0,Ⅷ. 기타자산_투자부동산_(손상차손누계액),0,0,0, , , ,0,0,0,0,0,0,0,0,0,0,0,0,0,0,0,0,0,0,0,0,0,0,0,0,0,0,0,0,0,0,0,0,0,0,0,0,0,0,0,0,0,0,0,0,0,0,0,0
561,부동산신탁,10904,대한토지신탁,B,SM005,요약재무상태표(‘11.03월 이후),A8A1,Ⅷ. 기타자산_투자부동산_토지,0,0,0, , , ,0,0,0,0,0,0,0,0,0,0,0,0,0,0,0,0,0,0,0,0,0,0,0,0,0,0,0,0,0,0,0,0,0,0,0,0,0,0,0,0,0,0,0,0,0,0,0,0
562,부동산신탁,10904,대한토지신탁,B,SM005,요약재무상태표(‘11.03월 이후),A8A2,Ⅷ. 기타자산_투자부동산_건물,0,0,0, , , ,0,0,0,0,0,0,0,0,0,0,0,0,0,0,0,0,0,0,0,0,0,0,0,0,0,0,0,0,0,0,0,0,0,0,0,0,0,0,0,0,0,0,0,0,0,0,0,0
563,부동산신탁,10904,대한토지신탁,B,SM005,요약재무상태표(‘11.03월 이후),A8A3,Ⅷ. 기타자산_투자부동산_건물감가상각누계액(-),0,0,0, , , ,0,0,0,0,0,0,0,0,0,0,0,0,0,0,0,0,0,0,0,0,0,0,0,0,0,0,0,0,0,0,0,0,0,0,0,0,0,0,0,0,0,0,0,0,0,0,0,0
564,부동산신탁,10904,대한토지신탁,B,SM005,요약재무상태표(‘11.03월 이후),A8B,Ⅷ. 기타자산_무형자산,2785145480,2785145480,2785145480,2785145480,2785145480,2785145480,2435000000,2435000000,2663680000,1604000000,1433000000,1433000000,1433000000,1433000000,1373000000,1098000000,1378000000,1389000000,1361700000,1146738490,1453338490,1453338490,1366338490,1366338490,1366338490,1366338490,1366338490,1366338490,1366338490,1366338490,1366338490,1366338490,1366338490,1366338490,1366338490,1366338490,1366338490,1366338490,1366338490,1366338490,1366338490,1366338490,1340338490,1340338490,1340338490,1340338490,1340338490,1340338490,1340338490,1340338490,1340338490,1340338490,1340338490,1340338490
565,부동산신탁,10904,대한토지신탁,B,SM005,요약재무상태표(‘11.03월 이후),A8B0,Ⅷ. 기타자산_무형자산_(손상차손누계액),0,0,0, , , ,0,0,0,0,2913440690,2913440690,2913440690,2913440690,2973440690,1990684390,1556789690,1556789690,1300307160,1162007660,1162007660,1162007660,1249007660,1249007660,1249007660,1249007660,1249007660,1249007660,1249007660,1249007660,1249007660,1249007660,1249007660,1249007660,1249007660,1249007660,1249007660,1249007660,1249007660,1249007660,1249007660,1249007660,1220388193,1220388193,1220388193,1220388193,1220388193,1220388193,1220388193,1220388193,1220388193,1220388193,0,0
566,부동산신탁,10904,대한토지신탁,B,SM005,요약재무상태표(‘11.03월 이후),A8B1,Ⅷ. 기타자산_무형자산_영업권,0,0,0,0,0,0,0,0,0,0,0,0,0,0,0,0,0,0,0,0,0,0,0,0,0,0,0,0,0,0,0,0,0,0,0,0,0,0,0,0,0,0,0,0,0,0,0,0,0,0,0,0,0,0
567,부동산신탁,10904,대한토지신탁,B,SM005,요약재무상태표(‘11.03월 이후),A8B2,Ⅷ. 기타자산_무형자산_개발비,0,0,0, , , ,0,0,0,0,0,0,0,0,0,0,0,0,0,0,0,0,0,0,0,0,0,0,0,0,0,0,0,0,0,0,0,0,0,0,0,0,0,0,0,0,0,0,0,0,0,0,0,0
568,부동산신탁,10904,대한토지신탁,B,SM005,요약재무상태표(‘11.03월 이후),A8B3,Ⅷ. 기타자산_무형자산_소프트웨어,0,0,0,0,0,0,0,0,0,0,0,0,0,0,0,0,0,0,0,0,0,0,0,0,0,0,0,0,0,0,0,0,0,0,0,0,0,0,0,0,0,0,0,0,0,0,0,0,0,0,0,0,0,0
569,부동산신탁,10904,대한토지신탁,B,SM005,요약재무상태표(‘11.03월 이후),A8B4,Ⅷ. 기타자산_무형자산_회원권,2785145480,2785145480,2785145480,2785145480,2785145480,2785145480,2435000000,2435000000,2663680000,1604000000,1433000000,1433000000,1433000000,1433000000,1373000000,1098000000,1378000000,1389000000,1361700000,1146738490,1453338490,1453338490,1366338490,1366338490,1366338490,1366338490,1366338490,1366338490,1366338490,1366338490,1366338490,1366338490,1366338490,1366338490,1366338490,1366338490,1366338490,1366338490,1366338490,1366338490,1366338490,1366338490,1340338490,1340338490,1340338490,1340338490,1340338490,1340338490,1340338490,1340338490,1340338490,1340338490,1340338490,1340338490
570,부동산신탁,10904,대한토지신탁,B,SM005,요약재무상태표(‘11.03월 이후),A8B5,Ⅷ. 기타자산_무형자산_기타,0,0,0, , , ,0,0,0,0,0,0,0,0,0,0,0,0,0,0,0,0,0,0,0,0,0,0,0,0,0,0,0,0,0,0,0,0,0,0,0,0,0,0,0,0,0,0,0,0,0,0,0,0
571,부동산신탁,10904,대한토지신탁,B,SM005,요약재무상태표(‘11.03월 이후),A8C,Ⅷ. 기타자산_가지급금,0,0,0, , ,0,0,0,0,0,0,0,0,0,0,0,0,0,0,0,0,0,0,0,0,0,0,0,0,0,0,0,0,897972,0,0,0,0,0,0,0,0,0,0,0,0,0,0,0,0,0,0,0,0
572,부동산신탁,10904,대한토지신탁,B,SM005,요약재무상태표(‘11.03월 이후),A8D,Ⅷ. 기타자산_이연법인세자산,13004526604,13937902679,22116117398,21040802411,20480122397,19537141040,19898176957,19262696906,19484951633,14300551277,15115433031,14381372649,13425757504,12116359746,11257279407,10845189615,10360997338,9192193711,6317136662,6248055625,3554454496,2295991149,807873786,880099987,946219435,1124403177,1119857776,1126344866,2482600838,2898122626,8089698771,7930106086,8639306908,9777020430,8433320886,8491792076,5802202452,4988938137,4735005372,4197216576,3694728684,3762210553,3376130327,2414160214,2244885689,2361385893,544648181,636762842,792580216,797322836,937000361,942678186,6258576645,6292288956
573,부동산신탁,10904,대한토지신탁,B,SM005,요약재무상태표(‘11.03월 이후),A8E,Ⅷ. 기타자산_일반상품,0,0,0,0,0,0,0,0,0,0,0,0,0,0,0,0,0,0,0,0,0,0,0,0,0,0,0,0,0,0,0,0,0,0,0,0,0,0,0,0,0,0,0,0,0,0,0,0,0,0,0,0,0,0
574,부동산신탁,10904,대한토지신탁,B,SM005,요약재무상태표(‘11.03월 이후),A8F,Ⅷ. 기타자산_기타,0,0,0,185768291,420007189,124565954,272353475,6291784,0,0,78431862,0,0,0,0,0,0,0,0,0,0,0,0,0,0,0,0,0,0,0,0,0,0,0,0,0,0,0,0,0,0,0,0,0,0,0,4058326161,3581849590,3142163573,2872182710,3784006000,3353279533,3036178998,2715917274
575,부동산신탁,10904,대한토지신탁,B,SM005,요약재무상태표(‘11.03월 이후),A8G,Ⅷ. 기타자산_대손충당금(-),26435198486,13770068372,21790558346,21759743193,21775140081,21789199791,36479967202,36246085171,35314948747,15727451839,20351414330,20119062342,20033970286,19960565333,19000611303,614397755,647025656,611573952,334547366,333991464,303304057,315413862,495356834,547782550,522348196,437255792,504855532,526405935,602364798,461225434,456703695,473208885,414528334,465248368,308331835,263932181,261183209,245977907,228454026,266464507,245819191,214808789,224707394,215487851,282228403,262792794,367922555,422196227,463392247,407981538,343977974,376569077,594847083,670343875
576,부동산신탁,10904,대한토지신탁,B,SM005,요약재무상태표(‘11.03월 이후),A8G0,Ⅷ. 기타자산_대손충당금(-)_미수금대손충당금,12269393336,12263728232,20106908232,20064387889,20079792855,20095743701,34792449731,34837193970,33908958759,15097694890,19665293730,19432920933,19347899689,19274618613,18593267091,206593857,239176750,203456261,122482581,122266898,98738594,110715504,290275039,342587748,457461846,372053764,439941411,460569242,537730000,396489486,391793888,407916939,413029117,463023197,305985386,262366437,258913636,243201824,225462163,263359024,242434462,214346983,224215798,214947694,281625238,262036672,367075149,420868218,462294806,406760227,342534668,374538559,589628827,661786336
577,부동산신탁,10904,대한토지신탁,B,SM005,요약재무상태표(‘11.03월 이후),A8G1,Ⅷ. 기타자산_대손충당금(-)_미수수익대손충당금,14165805150,1506340140,1683650114,1695355304,1695347226,1693456090,1687517471,1408891201,1405989988,629756949,686120600,686141409,686070597,685946720,407344212,407803898,407848906,408117691,212064785,211724566,204565463,204698358,205081795,205194802,64886350,65202028,64914121,65836693,64634798,64735948,64909807,65291946,1499217,2225171,2346449,1565744,2269573,2776083,2991863,3105483,3384729,461806,491596,540157,603165,756122,847406,1328009,1097441,1221311,1443306,2030518,5218256,8557539
578,부동산신탁,10904,대한토지신탁,B,SM005,요약재무상태표(‘11.03월 이후),A8G10,Ⅷ. 기타자산_대손충당금(-)_미수수익대손충당금_미수수수료대손충당금,0,0, , , , ,0,0,0,0,0,0,0,0,0,0,0,0,0,0,0,0,0,0,0,0,0,0,0,0,0,0,0,0,0,0,0,0,0,0,0,0,0,0,0,0,0,0,0,0,0,0,0,0
579,부동산신탁,10904,대한토지신탁,B,SM005,요약재무상태표(‘11.03월 이후),A8G11,Ⅷ. 기타자산_대손충당금(-)_미수수익대손충당금_미수이자대손충당금,14165805150,1506340140,1683650114,1695355304,1695347226,1693456090,1687517471,1408891201,1405989988,629756949,686120600,686141409,686070597,685946720,407344212,407803898,407848906,408117691,212064785,211724566,204565463,204698358,205081795,205194802,64886350,65202028,64914121,65836693,64634798,64735948,64909807,65291946,1499217,2225171,2346449,1565744,2269573,2776083,2991863,3105483,3384729,461806,491596,540157,603165,756122,847406,1328009,1097441,1221311,1443306,2030518,5218256,8557539
580,부동산신탁,10904,대한토지신탁,B,SM005,요약재무상태표(‘11.03월 이후),A8G12,Ⅷ. 기타자산_대손충당금(-)_미수수익대손충당금_기타대손충당금,0,0,0,0,0,0,0,0,0,0,0,0,0,0,0,0,0,0,0,0,0,0,0,0,0,0,0,0,0,0,0,0,0,0,0,0,0,0,0,0,0,0,0,0,0,0,0,0,0,0,0,0,0,0
581,부동산신탁,10904,대한토지신탁,B,SM005,요약재무상태표(‘11.03월 이후),A8G2,Ⅷ. 기타자산_대손충당금(-)_선급금대손충당금,0,0,0, , , ,0,0,0,0,0,0,0,0,0,0,0,0,0,0,0,0,0,0,0,0,0,0,0,0,0,0,0,0,0,0,0,0,0,0,0,0,0,0,0,0,0,0,0,0,0,0,0,0
582,부동산신탁,10904,대한토지신탁,B,SM005,요약재무상태표(‘11.03월 이후),A8G3,Ⅷ. 기타자산_대손충당금(-)_기타대손충당금,0,0,0, , , ,0,0,0,0,0,0,0,0,0,0,0,0,0,0,0,0,0,0,0,0,0,0,0,0,0,0,0,0,0,0,0,0,0,0,0,0,0,0,0,0,0,0,0,0,0,0,0,0
583,부동산신탁,10904,대한토지신탁,B,SM005,요약재무상태표(‘11.03월 이후),B,부채총계,189489846418,174896016489,120277369081,92272405621,89705478738,62980406333,46531539770,33694730808,37104863130,48775758030,49873542656,55303639309,74145996395,72843061029,85878325224,71322889833,67233128881,53675654389,48244088004,53786424151,48661683430,47900888675,42401209015,86941825363,141374661084,191940336996,240633562521,336492052609,358187530799,383608098161,427015817611,478521699653,518445142436,521444657038,498188834712,428389498161,437153779505,315736637717,272723342697,307352655067,211601272054,185097918840,185759675631,175507419805,158359620978,180743674883,160171723751,225254708041,296086994011,332358396588,375870069274,466422584182,525536856586,593294550987
584,부동산신탁,10904,대한토지신탁,B,SM005,요약재무상태표(‘11.03월 이후),B1,Ⅰ. 예수부채,0,0,0,0,0,0,0,0,0,0,0,0,0,0,0,0,0,0,0,0,0,0,0,0,0,0,0,0,0,0,0,0,0,0,0,0,0,0,0,0,0,0,0,0,0,0,0,0,0,0,0,0,0,0
585,부동산신탁,10904,대한토지신탁,B,SM005,요약재무상태표(‘11.03월 이후),B2,Ⅱ. 차입부채,160039529720,145039424000,93039307300,60039179480,59039040500,34403890240,24865000000,13865000000,16865000000,6000000000,6000000000,6000000000,31000000000,31000000000,31000000000,31000000000,31000000000,36000000000,29000000000,29000000000,29000000000,28000000000,27000000000,64000000000,123600000000,168100000000,207500000000,290978466085,334374184164,358397801363,391996418562,435994522344,473892882835,476187967011,447968007764,377145510991,393523014218,272483333334,231973246756,246568971657,157164834241,128844167839,123856834773,109869226340,109881755590,129894422524,107900000000,178950000000,236391666667,264333333334,337675000001,431516666668,473053333335,537145000002
586,부동산신탁,10904,대한토지신탁,B,SM005,요약재무상태표(‘11.03월 이후),B20,Ⅱ. 차입부채_(현재가치할인차금)(-),0,0,0,0,0,0,0,0,0,0,0,0,0,0,0,0,0,0,0,0,0,0,0,0,0,0,0,0,0,0,0,0,0,0,0,0,0,0,0,0,0,0,0,0,0,0,0,0,0,0,0,0,0,0
587,부동산신탁,10904,대한토지신탁,B,SM005,요약재무상태표(‘11.03월 이후),B21,Ⅱ. 차입부채_(현재가치할증차금)(+),0,0,0, , , ,0,0,0,0,0,0,0,0,0,0,0,0,0,0,0,0,0,0,0,0,0,0,0,0,0,0,0,0,0,0,0,0,0,0,0,0,0,0,0,0,0,0,0,0,0,0,0,0
588,부동산신탁,10904,대한토지신탁,B,SM005,요약재무상태표(‘11.03월 이후),B22,Ⅱ. 차입부채_차입금,160039529720,145039424000,93039307300,60039179480,59039040500,34403890240,24865000000,13865000000,16865000000,6000000000,6000000000,6000000000,31000000000,31000000000,31000000000,31000000000,31000000000,36000000000,29000000000,29000000000,29000000000,28000000000,27000000000,64000000000,123600000000,118100000000,107500000000,91100000000,104500000000,128500000000,112075000000,106050000000,143925000000,136200000000,117975000000,77150000000,113525000000,102483333334,102066666668,106650000002,107233333336,78900000000,73900000000,59900000000,59900000000,79900000000,107900000000,178950000000,179391666667,177833333334,337675000001,431516666668,360553333335,347645000002
589,부동산신탁,10904,대한토지신탁,B,SM005,요약재무상태표(‘11.03월 이후),B23,Ⅱ. 차입부채_매도증권,0,0,0,0,0,0,0,0,0,0,0,0,0,0,0,0,0,0,0,0,0,0,0,0,0,0,0,0,0,0,0,0,0,0,0,0,0,0,0,0,0,0,0,0,0,0,0,0,0,0,0,0,0,0
590,부동산신탁,10904,대한토지신탁,B,SM005,요약재무상태표(‘11.03월 이후),B24,Ⅱ. 차입부채_사채,0,0,0, , , ,0,0,0,0,0,0,0,0,0,0,0,0,0,0,0,0,0,0,0,0,0,49878466085,59874184164,59897801363,59921418562,59944522344,59967882835,19987967011,9993007764,9995510991,9998014218,0,49906580088,49918971655,49931500905,49944167839,49956834773,49969226340,49981755590,49994422524,0,0,0,0,0,0,0,0
591,부동산신탁,10904,대한토지신탁,B,SM005,요약재무상태표(‘11.03월 이후),B240,Ⅱ. 차입부채_(사채발행차금),0,0,0, , , ,0,0,0,0,0,0,0,0,0,0,0,0,0,0,0,0,0,0,0,0,0,-121533915,-146653915,-102198637,-102198637,-55477656,-32117165,-12032989,-6992236,-4489009,-1985782,0,-93419912,-81028345,-68499095,-55832161,-43165227,-30773660,-18244410,-5577476,0,0,0,0,0,0,0,0
592,부동산신탁,10904,대한토지신탁,B,SM005,요약재무상태표(‘11.03월 이후),B25,Ⅱ. 차입부채_발행어음(종금계정),0,0,0, , , ,0,0,0,0,0,0,0,0,0,0,0,0,0,0,0,0,0,0,0,50000000000,100000000000,150000000000,170000000000,170000000000,220000000000,270000000000,270000000000,320000000000,320000000000,290000000000,270000000000,170000000000,80000000000,90000000000,0,0,0,0,0,0,0,0,57000000000,86500000000,0,0,112500000000,189500000000
593,부동산신탁,10904,대한토지신탁,B,SM005,요약재무상태표(‘11.03월 이후),B26,Ⅱ. 차입부채_기타,0,0,0,0,0,0,0,0,0,0,0,0,0,0,0,0,0,0,0,0,0,0,0,0,0,0,0,0,0,0,0,0,0,0,0,0,0,0,0,0,0,0,0,0,0,0,0,0,0,0,0,0,0,0
594,부동산신탁,10904,대한토지신탁,B,SM005,요약재무상태표(‘11.03월 이후),B3,Ⅳ. 기타부채,29450316698,29856592489,27238061781,32233226141,30666438238,28576516093,21666539770,19829730808,20239863130,42775758030,43873542656,49303639309,43145996395,41843061029,54878325224,40322889833,36233128881,17675654389,19244088004,24786424151,19661683430,19900888675,15401209015,22941825363,17774661084,23840336996,33133562521,45513586524,23813346635,25210296798,35019399049,42527177309,44552259601,45256690027,50220826948,51243987170,43630765287,43253304383,40750095941,60783683410,54436437813,56253751001,61902840858,65638193465,48477865388,50849252359,52271723751,46304708041,59695327344,68025063254,38195069273,34905917514,52483523251,56149550985
595,부동산신탁,10904,대한토지신탁,B,SM005,요약재무상태표(‘11.03월 이후),B30,Ⅳ. 기타부채_(현재가치할인차금)(-),0,0,0,0,0,0,0,0,0,0,0,0,0,0,0,0,0,0,0,0,0,0,0,0,0,0,0,0,0,0,0,0,0,0,0,0,0,0,0,0,0,0,0,0,0,0,0,0,0,0,0,0,0,0
596,부동산신탁,10904,대한토지신탁,B,SM005,요약재무상태표(‘11.03월 이후),B31,Ⅳ. 기타부채_(현재가치할증차금)(+),0,0,0, , , ,0,0,0,0,0,0,0,0,0,0,0,0,0,0,0,0,0,0,0,0,0,0,0,0,0,0,0,0,0,0,0,0,0,0,0,0,0,0,0,0,0,0,0,0,0,0,0,0
597,부동산신탁,10904,대한토지신탁,B,SM005,요약재무상태표(‘11.03월 이후),B32,Ⅳ. 기타부채_퇴직급여부채,700203092,689692069,352887764,0,0,0,0,0,279232224,409380728,0,103819326,278718372,454575749,112476532,346228477,523411811,704550488,876487235,1060459145,1284581284,1509342655,910674862,1158476965,1410189139,1654040059,1013774392,1320799424,1573082562,1818809781,1583411011,1914181902,2230622299,2548497719,388439218,670493924,948154956,1225471911,1064757900,1385965478,1703427655,2019950088,3882335461,298860140,691248365,1084181519,0,0,0,0,0,0,0,0
598,부동산신탁,10904,대한토지신탁,B,SM005,요약재무상태표(‘11.03월 이후),B320,Ⅳ. 기타부채_퇴직급여부채_확정급여채무,4555607717,4569920483,4684932862,4141793140,3948047533,4183012817,4495113147,4676143870,5004706224,5178410810,5170338967,5282241976,5475575843,5667248300,6093835128,6166875897,6291253806,6499343200,7626093274,7691510665,7841724996,8097177814,8291553099,8486602259,8728565581,8830731245,9511400893,9835432977,9893991529,9910296867,10778337129,10483214310,9985421652,9962886946,9746984436,10041745381,10350422457,10617642687,11814399825,12152172984,12489607608,12817309794,14664995471,14492254971,14407501943,14780100731,15549937957,15860603556,14238589037,14673300307,14361760884,14885470971,15391970182,15890109283
599,부동산신탁,10904,대한토지신탁,B,SM005,요약재무상태표(‘11.03월 이후),B322,"Ⅳ. 기타부채_퇴직급여부채_미인식보험수리적손익(+,-)",0,0, ,0,0,0,0,0,0,0,0,0,0,0,0,0,0,0,0,0,0,0,0,0,0,0,0,0,0,0,0,0,0,0,0,0,0,0,0,0,0,0,0,0,0,0,0,0,0,0,0,0,0,0
600,부동산신탁,10904,대한토지신탁,B,SM005,요약재무상태표(‘11.03월 이후),B323,Ⅳ. 기타부채_퇴직급여부채_미인식과거근무원가(-),0,0, , , , ,0,0,0,0,0,0,0,0,0,0,0,0,0,0,0,0,0,0,0,0,0,0,0,0,0,0,0,0,0,0,0,0,0,0,0,0,0,0,0,0,0,0,0,0,0,0,0,0
601,부동산신탁,10904,대한토지신탁,B,SM005,요약재무상태표(‘11.03월 이후),B324,Ⅳ. 기타부채_퇴직급여부채_사외적립자산(-),3855404625,3880228414,4332045098,4141793140,3948047533,4183012817,4495113147,4676143870,4725474000,4769030082,5170338967,5178422650,5196857471,5212672551,5981358596,5820647420,5767841995,5794792712,6749606039,6631051520,6557143712,6587835159,7380878237,7328125294,7318376442,7176691186,8497626501,8514633553,8320908967,8091487086,9194926118,8569032408,7754799353,7414389227,9358545218,9371251457,9402267501,9392170776,10749641925,10766207506,10786179953,10797359706,10782660010,14193394831,13716253578,13695919212,15549937957,15860603556,14238589037,14673300307,14361760884,14885470971,15391970182,15890109283
602,부동산신탁,10904,대한토지신탁,B,SM005,요약재무상태표(‘11.03월 이후),B33,Ⅳ. 기타부채_충당부채,526000000,526000000,526000000,526000000,526000000,526000000,526000000,526000000,1692934932,1692934932,1692934932,1692934932,1489397718,1492113005,1494828292,1497543579,1364136365,1365125330,7144144962,7145133927,7382401268,7383410072,203174902,204183706,205192509,956632509,1200396231,1003567302,1027034698,1050769313,1074503927,366828290,367877973,368948713,215648883,216719622,217790361,217790361,218683222,219890353,261836874,263044005,302529203,307317628,309873089,266125053,4336570134,4338047121,270524108,272001095,666904142,584990344,18344683652,18890596703
603,부동산신탁,10904,대한토지신탁,B,SM005,요약재무상태표(‘11.03월 이후),B330,Ⅳ. 기타부채_충당부채_채무보증충당부채,0,0, , , , ,0,0,0,0,0,0,0,0,0,0,0,0,0,0,0,0,0,0,0,0,0,0,0,0,0,0,0,0,0,0,0,0,0,0,0,0,0,0,0,0,0,0,0,0,0,0,0,0
604,부동산신탁,10904,대한토지신탁,B,SM005,요약재무상태표(‘11.03월 이후),B331,Ⅳ. 기타부채_충당부채_복구충당부채,526000000,526000000,526000000,526000000,526000000,526000000,526000000,526000000,526000000,526000000,526000000,526000000,322462786,325178073,327893360,330608647,197201433,198190398,199179363,200168328,201157294,202166098,203174902,204183706,205192509,206221550,207250591,208279631,209308671,210358354,211408037,212457720,213507403,214578143,215648883,216719622,217790361,217790361,218683222,219890353,221097484,222304615,261789813,263234893,264679973,266125053,267570134,269047121,270524108,272001095,273478082,274987681,276497280,278006879
605,부동산신탁,10904,대한토지신탁,B,SM005,요약재무상태표(‘11.03월 이후),B332,Ⅳ. 기타부채_충당부채_특별대손충당금,0,0, , , , ,0,0,0,0,0,0,0,0,0,0,0,0,0,0,0,0,0,0,0,0,0,0,0,0,0,0,0,0,0,0,0,0,0,0,0,0,0,0,0,0,0,0,0,0,0,0,0,0
606,부동산신탁,10904,대한토지신탁,B,SM005,요약재무상태표(‘11.03월 이후),B333,Ⅳ. 기타부채_충당부채_신탁위험충당금,0,0, , , , ,0,0,0,0,0,0,0,0,0,0,0,0,0,0,0,0,0,0,0,0,0,0,0,0,0,0,0,0,0,0,0,0,0,0,0,0,0,0,0,0,0,0,0,0,0,0,0,0
607,부동산신탁,10904,대한토지신탁,B,SM005,요약재무상태표(‘11.03월 이후),B334,Ⅳ. 기타부채_충당부채_기타,0,0, , , , ,0,0,1166934932,1166934932,1166934932,1166934932,1166934932,1166934932,1166934932,1166934932,1166934932,1166934932,6944965599,6944965599,7181243974,7181243974,0,0,0,750410959,993145640,795287671,817726027,840410959,863095890,154370570,154370570,154370570,0,0,0,0,0,0,40739390,40739390,40739390,44082735,45193116,0,4069000000,4069000000,0,0,393426060,310002663,18068186372,18612589824
608,부동산신탁,10904,대한토지신탁,B,SM005,요약재무상태표(‘11.03월 이후),B34,Ⅳ. 기타부채_미지급법인세,0,0, , , , ,0,0,0,0,0,0,0,0,0,0,0,0,237414861,1173591784,0,884109795,2318556265,3542908824,4773446413,7615641918,11515394789,14280913491,1682042084,0,5587153121,9603108324,8701536038,4641654291,10741965797,9599367679,2748824133,3979391846,5008847728,6602403450,8079609716,8223872309,13592125586,11022506663,7395874539,6826919715,6571480706,5037409762,3041192034,4266998286,4044687789,5979508933,6265741783,7217665431
609,부동산신탁,10904,대한토지신탁,B,SM005,요약재무상태표(‘11.03월 이후),B35,Ⅳ. 기타부채_미지급배당금,0,0, , , , ,0,0,0,0,0,4050000000,0,0,0,3070000000,0,0,0,4950000000,0,0,0,7275000000,0,0,0,11210000000,0,0,0,0,0,0,0,0,0,0,0,8020000000,0,0,0,13860000000,0,0,0,0,0,0,0,0,0,0
610,부동산신탁,10904,대한토지신탁,B,SM005,요약재무상태표(‘11.03월 이후),B36,Ⅳ. 기타부채_미지급금,49500000,104910960, , , , ,0,0,0,0,0,0,0,0,0,0,0,0,7072500,0,0,0,0,0,0,1872580192,3453846638,160853000,160853000,0,0,0,58995000,0,502810000,502810000,502810000,1980000,102680000,0,0,1627182,101779629,0,0,0,17840416,22776942,27797799,51948067,74660850,67226848,72577720,45238602
611,부동산신탁,10904,대한토지신탁,B,SM005,요약재무상태표(‘11.03월 이후),B37,Ⅳ. 기타부채_미지급비용,1002525214,1053643799,946429630,761128954,791238836,775974531,693009424,631648106,745919370,794772336,682594694,831794876,880615927,1044894752,620792784,775760965,786957102,732749764,513163758,565228072,474056766,557877696,601052343,592602007,723368998,765719490,852862351,1005128725,860478745,976932587,1241247254,1168752697,1007137165,891436505,2541539172,738213515,894126326,915334813,1063200934,1070891964,1028431186,1243796254,1883468296,965336803,1044075078,1181112284,1286043150,1083966242,1069245418,1456839338,1585780650,1731604397,1658742998,1628553697
612,부동산신탁,10904,대한토지신탁,B,SM005,요약재무상태표(‘11.03월 이후),B38,Ⅳ. 기타부채_임대보증금,0,0, ,0,0,0,0,0,0,0,0,0,0,0,0,0,0,0,0,0,0,0,0,0,0,0,0,0,0,0,0,0,0,0,0,0,0,0,0,0,0,0,0,0,0,0,0,0,0,0,0,0,0,0
613,부동산신탁,10904,대한토지신탁,B,SM005,요약재무상태표(‘11.03월 이후),B39,Ⅳ. 기타부채_선수금,0,0, , , , ,0,0,0,0,0,0,1450000000,1450000000,17531818182,0,0,0,0,0,0,0,0,0,0,0,0,0,0,0,0,0,0,0,0,0,0,0,0,0,0,0,0,0,0,0,0,0,0,0,0,0,0,0
614,부동산신탁,10904,대한토지신탁,B,SM005,요약재무상태표(‘11.03월 이후),B3A,Ⅳ. 기타부채_선수수익,26954785992,27278627580,25163393595,30683711801,29040836611,26660823733,19835976328,18140116276,16943921767,17158612767,19060920168,18662528691,16718582003,15005701091,15846119741,14954684400,13876456804,13868105912,9626478045,9094781875,9579126315,8623131308,8602618505,9260692922,9255675427,9287437745,8723282007,15692854654,17017801151,19269805731,23713910510,25535368389,29032555679,33325215811,32467025488,33417970047,30989030632,29781839242,28263825236,31298058281,30564599321,32654495412,32622991230,30658072966,30150779802,33359677830,32969204780,29508571809,29072480431,25785495478,26054771205,22678141784,22027657850,24656110290
615,부동산신탁,10904,대한토지신탁,B,SM005,요약재무상태표(‘11.03월 이후),B3B,Ⅳ. 기타부채_가수금,0,0, , , , ,0,0,0,0,0,0,0,0,0,0,0,0,0,0,0,0,1089144,1089144,1089144,1089144,5659752,119343142,512445115,1163901628,513457698,568676647,754141347,845980508,1219652556,1632126369,1651015161,3325357261,1438153765,1473126995,2017636220,1848616943,419544179,306044564,386118832,387709972,380909012,718434702,372794232,386373842,671161961,472798372,434018612,574411676
616,부동산신탁,10904,대한토지신탁,B,SM005,요약재무상태표(‘11.03월 이후),B3C,Ⅳ. 기타부채_대리점,0,0, , , , ,0,0,0,0,0,0,0,0,0,0,0,0,0,0,0,0,0,0,0,0,0,0,0,0,0,0,0,0,0,0,0,0,0,0,0,0,0,0,0,0,0,0,0,0,0,0,0,0
617,부동산신탁,10904,대한토지신탁,B,SM005,요약재무상태표(‘11.03월 이후),B3D,Ⅳ. 기타부채_본.지점,0,0, , , , ,0,0,0,0,0,0,0,0,0,0,0,0,0,0,0,0,0,0,0,0,0,0,0,0,0,0,0,0,0,0,0,0,0,0,0,0,0,0,0,0,0,0,0,0,0,0,0,0
618,부동산신탁,10904,대한토지신탁,B,SM005,요약재무상태표(‘11.03월 이후),B3E,Ⅳ. 기타부채_이연법인세부채,0,0, , , , ,0,0,0,0,0,0,0,0,0,0,0,0,0,0,0,0,0,0,0,0,0,0,0,0,0,0,0,0,0,0,0,0,0,0,0,0,0,0,0,0,0,0,0,0,0,0,0,0
619,부동산신탁,10904,대한토지신탁,B,SM005,요약재무상태표(‘11.03월 이후),B3F,Ⅳ. 기타부채_제세금예수금,217302400,203718081,249350792,262385386,308362791,613717829,611554018,531966426,577854837,22720057267,22437092862,23962561484,22328682375,22395776432,19272289693,19678672412,19682166799,1005122895,839326643,797229348,941517797,943017149,2764042994,906871795,1405699454,1687195939,6368346361,720126786,979609280,930077758,1305715528,1084873690,598330958,1322223799,1323382986,4142365784,2406306682,1037965483,1329072003,854626769,1449530607,1269865966,975731969,707148785,1527043299,1386325535,971460450,479623205,21275686075,31768029554,1698495095,635307488,1095512202,1198493181
620,부동산신탁,10904,대한토지신탁,B,SM005,요약재무상태표(‘11.03월 이후),B3G,Ⅳ. 기타부채_신탁계정차,0,0, , , , ,0,0,0,0,0,0,0,0,0,0,0,0,0,0,0,0,0,0,0,0,0,0,0,0,0,0,0,0,0,0,0,0,0,0,0,0,0,0,0,0,0,0,0,0,0,0,0,0
621,부동산신탁,10904,대한토지신탁,B,SM005,요약재무상태표(‘11.03월 이후),B3H,Ⅳ. 기타부채_기타,0,0,0,0,0,0,0,0,0,0,0,0,0,0,0,0,0,0,0,0,0,0,0,0,0,0,0,0,0,0,0,2285387370,1801063142,1312732681,820362848,323920230,3272707036,2768173466,2260875153,9858720120,9331366234,8728482842,8122335305,7512905916,6972852384,6357200451,5738215103,5115878258,4565607247,4037377594,3398607581,2756339348,2584588434,1938481405
622,부동산신탁,10904,대한토지신탁,B,SM005,요약재무상태표(‘11.03월 이후),B4,Ⅲ. 파생상품부채,0,0,0,0,0,0,0,0,0,0,0,0,0,0,0,0,0,0,0,0,0,0,0,0,0,0,0,0,0,0,0,0,0,0,0,0,0,0,0,0,0,0,0,0,0,0,0,0,0,0,0,0,0,0
623,부동산신탁,10904,대한토지신탁,B,SM005,요약재무상태표(‘11.03월 이후),B40,Ⅲ. 파생상품부채_이자율관련,0,0,0,0,0,0,0,0,0,0,0,0,0,0,0,0,0,0,0,0,0,0,0,0,0,0,0,0,0,0,0,0,0,0,0,0,0,0,0,0,0,0,0,0,0,0,0,0,0,0,0,0,0,0
624,부동산신탁,10904,대한토지신탁,B,SM005,요약재무상태표(‘11.03월 이후),B41,Ⅲ. 파생상품부채_통화관련,0,0,0,0,0,0,0,0,0,0,0,0,0,0,0,0,0,0,0,0,0,0,0,0,0,0,0,0,0,0,0,0,0,0,0,0,0,0,0,0,0,0,0,0,0,0,0,0,0,0,0,0,0,0
625,부동산신탁,10904,대한토지신탁,B,SM005,요약재무상태표(‘11.03월 이후),B42,Ⅲ. 파생상품부채_주식관련,0,0,0,0,0,0,0,0,0,0,0,0,0,0,0,0,0,0,0,0,0,0,0,0,0,0,0,0,0,0,0,0,0,0,0,0,0,0,0,0,0,0,0,0,0,0,0,0,0,0,0,0,0,0
626,부동산신탁,10904,대한토지신탁,B,SM005,요약재무상태표(‘11.03월 이후),B43,Ⅲ. 파생상품부채_신용관련,0,0,0,0,0,0,0,0,0,0,0,0,0,0,0,0,0,0,0,0,0,0,0,0,0,0,0,0,0,0,0,0,0,0,0,0,0,0,0,0,0,0,0,0,0,0,0,0,0,0,0,0,0,0
627,부동산신탁,10904,대한토지신탁,B,SM005,요약재무상태표(‘11.03월 이후),B44,Ⅲ. 파생상품부채_상품관련,0,0,0,0,0,0,0,0,0,0,0,0,0,0,0,0,0,0,0,0,0,0,0,0,0,0,0,0,0,0,0,0,0,0,0,0,0,0,0,0,0,0,0,0,0,0,0,0,0,0,0,0,0,0
628,부동산신탁,10904,대한토지신탁,B,SM005,요약재무상태표(‘11.03월 이후),B45,Ⅲ. 파생상품부채_기타파생상품부채,0,0,0,0,0,0,0,0,0,0,0,0,0,0,0,0,0,0,0,0,0,0,0,0,0,0,0,0,0,0,0,0,0,0,0,0,0,0,0,0,0,0,0,0,0,0,0,0,0,0,0,0,0,0
629,부동산신탁,10904,대한토지신탁,B,SM005,요약재무상태표(‘11.03월 이후),B46,Ⅲ. 파생상품부채_파생상품 신용위험평가조정액,0,0,0,0,0,0,0,0,0,0,0,0,0,0,0,0,0,0,0,0,0,0,0,0,0,0,0,0,0,0,0,0,0,0,0,0,0,0,0,0,0,0,0,0,0,0,0,0,0,0,0,0,0,0
630,부동산신탁,10904,대한토지신탁,B,SM005,요약재무상태표(‘11.03월 이후),B47,Ⅲ. 파생상품부채_파생상품 거래일손익인식평가조정액,0,0,0, , , ,0,0,0,0,0,0,0,0,0,0,0,0,0,0,0,0,0,0,0,0,0,0,0,0,0,0,0,0,0,0,0,0,0,0,0,0,0,0,0,0,0,0,0,0,0,0,0,0
631,부동산신탁,10904,대한토지신탁,B,SM005,요약재무상태표(‘11.03월 이후),B5,Ⅴ. 요구불상환지분,0,0,0,0,0,0,0,0,0,0,0,0,0,0,0,0,0,0,0,0,0,0,0,0,0,0,0,0,0,0,0,0,0,0,0,0,0,0,0,0,0,0,0,0,0,0,0,0,0,0,0,0,0,0
632,부동산신탁,10904,대한토지신탁,B,SM005,요약재무상태표(‘11.03월 이후),C,자본총계,156138237552,152645914022,123119837041,126755419499,128592983450,131746767544,130143115655,130394552843,129408635106,147515363051,143840647985,142148854035,145324069849,148727550649,151623333594,149778900397,151334111530,155280295017,165559412543,164946649005,170027092527,177964699999,187934282977,188915541798,197513880573,242531229910,257125692318,232487196066,246320751394,241039083049,247534509823,260876914055,273641304547,262111894463,284965741001,294658845024,298614940996,308004345035,315156727232,320539279754,335468099661,343715082023,358134536344,354965598181,364958839564,376699570577,377397595448,379640964000,384112823768,391518174468,392802548031,399339040603,397175842288,404071418288
633,부동산신탁,10904,대한토지신탁,B,SM005,요약재무상태표(‘11.03월 이후),C1,Ⅰ. 자본금,75000000000,75000000000,75000000000,75000000000,75000000000,75000000000,75000000000,75000000000,75000000000,75000000000,75000000000,75000000000,75000000000,75000000000,75000000000,75000000000,75000000000,75000000000,75000000000,75000000000,75000000000,75000000000,75000000000,75000000000,75000000000,110000000000,110000000000,110000000000,110000000000,110000000000,110000000000,110000000000,110000000000,110000000000,110000000000,110000000000,110000000000,110000000000,110000000000,110000000000,110000000000,110000000000,110000000000,110000000000,110000000000,110000000000,110000000000,110000000000,110000000000,110000000000,110000000000,110000000000,110000000000,110000000000
634,부동산신탁,10904,대한토지신탁,B,SM005,요약재무상태표(‘11.03월 이후),C10,Ⅰ. 자본금_보통주자본금,75000000000,75000000000,75000000000,75000000000,75000000000,75000000000,75000000000,75000000000,75000000000,75000000000,75000000000,75000000000,75000000000,75000000000,75000000000,75000000000,75000000000,75000000000,75000000000,75000000000,75000000000,75000000000,75000000000,75000000000,75000000000,110000000000,110000000000,110000000000,110000000000,110000000000,110000000000,110000000000,110000000000,110000000000,110000000000,110000000000,110000000000,110000000000,110000000000,110000000000,110000000000,110000000000,110000000000,110000000000,110000000000,110000000000,110000000000,110000000000,110000000000,110000000000,110000000000,110000000000,110000000000,110000000000
635,부동산신탁,10904,대한토지신탁,B,SM005,요약재무상태표(‘11.03월 이후),C11,Ⅰ. 자본금_우선주자본금,0,0,0,0,0,0,0,0,0,0,0,0,0,0,0,0,0,0,0,0,0,0,0,0,0,0,0,0,0,0,0,0,0,0,0,0,0,0,0,0,0,0,0,0,0,0,0,0,0,0,0,0,0,0
636,부동산신탁,10904,대한토지신탁,B,SM005,요약재무상태표(‘11.03월 이후),C110,Ⅰ. 자본금_우선주자본금_상환우선주,0,0,0, , , ,0,0,0,0,0,0,0,0,0,0,0,0,0,0,0,0,0,0,0,0,0,0,0,0,0,0,0,0,0,0,0,0,0,0,0,0,0,0,0,0,0,0,0,0,0,0,0,0
637,부동산신탁,10904,대한토지신탁,B,SM005,요약재무상태표(‘11.03월 이후),C111,Ⅰ. 자본금_우선주자본금_전환우선주,0,0,0, , , ,0,0,0,0,0,0,0,0,0,0,0,0,0,0,0,0,0,0,0,0,0,0,0,0,0,0,0,0,0,0,0,0,0,0,0,0,0,0,0,0,0,0,0,0,0,0,0,0
638,부동산신탁,10904,대한토지신탁,B,SM005,요약재무상태표(‘11.03월 이후),C112,Ⅰ. 자본금_우선주자본금_기타,0,0,0, , , ,0,0,0,0,0,0,0,0,0,0,0,0,0,0,0,0,0,0,0,0,0,0,0,0,0,0,0,0,0,0,0,0,0,0,0,0,0,0,0,0,0,0,0,0,0,0,0,0
639,부동산신탁,10904,대한토지신탁,B,SM005,요약재무상태표(‘11.03월 이후),C2,Ⅱ. 자본잉여금,0,0,0,0,0,0,0,0,0,0,0,0,0,0,0,0,0,0,0,0,0,0,0,0,0,0,0,0,0,0,0,0,0,0,0,0,0,0,0,0,0,0,0,0,0,0,0,0,0,0,0,0,0,0
640,부동산신탁,10904,대한토지신탁,B,SM005,요약재무상태표(‘11.03월 이후),C20,Ⅱ. 자본잉여금_주식발행초과금,0,0,0, , , ,0,0,0,0,0,0,0,0,0,0,0,0,0,0,0,0,0,0,0,0,0,0,0,0,0,0,0,0,0,0,0,0,0,0,0,0,0,0,0,0,0,0,0,0,0,0,0,0
641,부동산신탁,10904,대한토지신탁,B,SM005,요약재무상태표(‘11.03월 이후),C21,Ⅱ. 자본잉여금_감자차익,0,0,0, , , ,0,0,0,0,0,0,0,0,0,0,0,0,0,0,0,0,0,0,0,0,0,0,0,0,0,0,0,0,0,0,0,0,0,0,0,0,0,0,0,0,0,0,0,0,0,0,0,0
642,부동산신탁,10904,대한토지신탁,B,SM005,요약재무상태표(‘11.03월 이후),C22,Ⅱ. 자본잉여금_자기주식처분이익,0,0,0, , , ,0,0,0,0,0,0,0,0,0,0,0,0,0,0,0,0,0,0,0,0,0,0,0,0,0,0,0,0,0,0,0,0,0,0,0,0,0,0,0,0,0,0,0,0,0,0,0,0
643,부동산신탁,10904,대한토지신탁,B,SM005,요약재무상태표(‘11.03월 이후),C23,Ⅱ. 자본잉여금_기타자본잉여금,0,0,0, , , ,0,0,0,0,0,0,0,0,0,0,0,0,0,0,0,0,0,0,0,0,0,0,0,0,0,0,0,0,0,0,0,0,0,0,0,0,0,0,0,0,0,0,0,0,0,0,0,0
644,부동산신탁,10904,대한토지신탁,B,SM005,요약재무상태표(‘11.03월 이후),C3,Ⅲ. 자본조정,0,0,0,0,0,0,0,0,0,0,0,0,0,0,0,0,0,0,0,0,0,0,0,0,0,-170266000,-170266000,0,0,0,0,0,0,0,0,0,0,0,0,0,0,0,0,0,0,0,0,0,0,0,0,0,0,0
645,부동산신탁,10904,대한토지신탁,B,SM005,요약재무상태표(‘11.03월 이후),C30,Ⅲ. 자본조정_주식할인발행차금,0,0,0, , , ,0,0,0,0,0,0,0,0,0,0,0,0,0,0,0,0,0,0,0,-170266000,-170266000,0,0,0,0,0,0,0,0,0,0,0,0,0,0,0,0,0,0,0,0,0,0,0,0,0,0,0
646,부동산신탁,10904,대한토지신탁,B,SM005,요약재무상태표(‘11.03월 이후),C31,Ⅲ. 자본조정_자기주식,0,0,0, , , ,0,0,0,0,0,0,0,0,0,0,0,0,0,0,0,0,0,0,0,0,0,0,0,0,0,0,0,0,0,0,0,0,0,0,0,0,0,0,0,0,0,0,0,0,0,0,0,0
647,부동산신탁,10904,대한토지신탁,B,SM005,요약재무상태표(‘11.03월 이후),C32,Ⅲ. 자본조정_자기주식처분손실,0,0,0, , , ,0,0,0,0,0,0,0,0,0,0,0,0,0,0,0,0,0,0,0,0,0,0,0,0,0,0,0,0,0,0,0,0,0,0,0,0,0,0,0,0,0,0,0,0,0,0,0,0
648,부동산신탁,10904,대한토지신탁,B,SM005,요약재무상태표(‘11.03월 이후),C33,Ⅲ. 자본조정_주식매입선택권,0,0,0, , , ,0,0,0,0,0,0,0,0,0,0,0,0,0,0,0,0,0,0,0,0,0,0,0,0,0,0,0,0,0,0,0,0,0,0,0,0,0,0,0,0,0,0,0,0,0,0,0,0
649,부동산신탁,10904,대한토지신탁,B,SM005,요약재무상태표(‘11.03월 이후),C34,Ⅲ. 자본조정_신주청약증거금,0,0,0, , , ,0,0,0,0,0,0,0,0,0,0,0,0,0,0,0,0,0,0,0,0,0,0,0,0,0,0,0,0,0,0,0,0,0,0,0,0,0,0,0,0,0,0,0,0,0,0,0,0
650,부동산신탁,10904,대한토지신탁,B,SM005,요약재무상태표(‘11.03월 이후),C35,Ⅲ. 자본조정_기타,0,0,0, , , ,0,0,0,0,0,0,0,0,0,0,0,0,0,0,0,0,0,0,0,0,0,0,0,0,0,0,0,0,0,0,0,0,0,0,0,0,0,0,0,0,0,0,0,0,0,0,0,0
651,부동산신탁,10904,대한토지신탁,B,SM005,요약재무상태표(‘11.03월 이후),C4,Ⅳ. 기타포괄손익누계액,0,0,0,0,0,0,0,0,0,0,0,0,0,0,0,0,0,-1184425,167103,-2168841,-7425878,-7601836,-4472378,-1002900,4152406,10802546,11060513,0,0,0,0,0,0,0,0,0,0,0,0,0,0,0,0,0,0,0,0,0,0,0,0,0,0,0
652,부동산신탁,10904,대한토지신탁,B,SM005,요약재무상태표(‘11.03월 이후),C40,Ⅳ. 기타포괄손익누계액_기타포괄손익-공정가치측정금융자산평가손익,0,0,0,0,0,0,0,0,0,0,0,0,0,0,0,0,0,-1184425,167103,-2168841,-7425878,-7601836,-4472378,-1002900,4152406,10802546,11060513,0,0,0,0,0,0,0,0,0,0,0,0,0,0,0,0,0,0,0,0,0,0,0,0,0,0,0
653,부동산신탁,10904,대한토지신탁,B,SM005,요약재무상태표(‘11.03월 이후),C41,Ⅳ. 기타포괄손익누계액_기타포괄손익-공정가치측정금융자산처분손익, , , , , , , , , , , , , , , , , , , , , , , , , , , ,0,0,0,0,0,0,0,0,0,0,0,0,0,0,0,0,0,0,0,0,0,0,0,0,0,0,0
654,부동산신탁,10904,대한토지신탁,B,SM005,요약재무상태표(‘11.03월 이후),C42,Ⅳ. 기타포괄손익누계액_지분법 자본변동,0,0,0, , , ,0,0,0,0,0,0,0,0,0,0,0,0,0,0,0,0,0,0,0,0,0,0,0,0,0,0,0,0,0,0,0,0,0,0,0,0,0,0,0,0,0,0,0,0,0,0,0,0
655,부동산신탁,10904,대한토지신탁,B,SM005,요약재무상태표(‘11.03월 이후),C43,Ⅳ. 기타포괄손익누계액_부의 지분법 자본변동,0,0,0, , , ,0,0,0,0,0,0,0,0,0,0,0,0,0,0,0,0,0,0,0,0,0,0,0,0,0,0,0,0,0,0,0,0,0,0,0,0,0,0,0,0,0,0,0,0,0,0,0,0
656,부동산신탁,10904,대한토지신탁,B,SM005,요약재무상태표(‘11.03월 이후),C44,Ⅳ. 기타포괄손익누계액_위험회피 파생상품평가손익,0,0,0, , , ,0,0,0,0,0,0,0,0,0,0,0,0,0,0,0,0,0,0,0,0,0,0,0,0,0,0,0,0,0,0,0,0,0,0,0,0,0,0,0,0,0,0,0,0,0,0,0,0
657,부동산신탁,10904,대한토지신탁,B,SM005,요약재무상태표(‘11.03월 이후),C45,Ⅳ. 기타포괄손익누계액_외환차이누계액,0,0,0,0,0,0,0,0,0,0,0,0,0,0,0,0,0,0,0,0,0,0,0,0,0,0,0,0,0,0,0,0,0,0,0,0,0,0,0,0,0,0,0,0,0,0,0,0,0,0,0,0,0,0
658,부동산신탁,10904,대한토지신탁,B,SM005,요약재무상태표(‘11.03월 이후),C46,Ⅳ. 기타포괄손익누계액_유형자산재평가이익,0,0,0,0,0,0,0,0,0,0,0,0,0,0,0,0,0,0,0,0,0,0,0,0,0,0,0,0,0,0,0,0,0,0,0,0,0,0,0,0,0,0,0,0,0,0,0,0,0,0,0,0,0,0
659,부동산신탁,10904,대한토지신탁,B,SM005,요약재무상태표(‘11.03월 이후),C47,Ⅳ. 기타포괄손익누계액_기타,0,0,0, , , ,0,0,0,0,0,0,0,0,0,0,0,0,0,0,0,0,0,0,0,0,0,0,0,0,0,0,0,0,0,0,0,0,0,0,0,0,0,0,0,0,0,0,0,0,0,0,0,0
660,부동산신탁,10904,대한토지신탁,B,SM005,요약재무상태표(‘11.03월 이후),C5,Ⅴ. 이익잉여금,81138237552,77645914022,48119837041,51755419499,53592983450,56746767544,55143115655,55394552843,54408635106,72515363051,68840647985,67148854035,70324069849,73727550649,76623333594,74778900397,76334111530,80281479442,90559245440,89948817846,95034518405,102972301835,112938755355,113916544698,122509728167,132690693364,147284897805,122487196066,136320751394,131039083049,137534509823,150876914055,163641304547,152111894463,174965741001,184658845024,188614940996,198004345035,205156727232,210539279754,225468099661,233715082023,248134536344,244965598181,254958839564,266699570577,267397595448,269640964000,274112823768,281518174468,282802548031,289339040603,287175842288,294071418288
661,부동산신탁,10904,대한토지신탁,B,SM005,요약재무상태표(‘11.03월 이후),C50,Ⅴ. 이익잉여금_이익준비금,4401000000,4401000000,4401000000,4401000000,4401000000,4401000000,4401000000,4581000000,4581000000,4581000000,4581000000,4986000000,4986000000,4986000000,4986000000,5293000000,5293000000,5293000000,5293000000,5788000000,5788000000,5788000000,5788000000,6515500000,6515500000,6515500000,6515500000,7636500000,7636500000,7636500000,7636500000,7636500000,7636500000,7636500000,7636500000,7636500000,7636500000,7636500000,7636500000,8438500000,8438500000,8438500000,8438500000,9824500000,9824500000,9824500000,9824500000,9824500000,9824500000,9824500000,9824500000,9824500000,9824500000,9824500000
662,부동산신탁,10904,대한토지신탁,B,SM005,요약재무상태표(‘11.03월 이후),C51,Ⅴ. 이익잉여금_대손준비금,0,0, , , , ,0,0,0,0,0,0,0,0,0,0,0,0,0,0,3882932021,3234107705,3289990429,8093786110,16545657665,12502768689,22107684949,4649410765,10445297500,33586392058,35383274269,34834070282,45883409059,39499823983,32300505536,38532817478,50277354747,39756952214,34537379172,28010207099,24678637005,26495218699,25560959033,23846769380,21613896298,12759184969,17918357232,30155976639,35440523015,50348286778,45814080417,57418729406,53100167513,58024760410
663,부동산신탁,10904,대한토지신탁,B,SM005,요약재무상태표(‘11.03월 이후),C52,Ⅴ. 이익잉여금_전자금융사고배상준비금,0,0, ,0,0,0,0,0,0,0,0,0,0,0,0,0,0,0,0,0,0,0,0,0,0,0,0,0,0,0,0,0,0,0,0,0,0,0,0,0,0,0,0,0,0,0,0,0,0,0,0,0,0,0
664,부동산신탁,10904,대한토지신탁,B,SM005,요약재무상태표(‘11.03월 이후),C53,Ⅴ. 이익잉여금_기타법정준비금,0,0, ,0,0,0,0,0,0,0,0,0,0,0,0,0,0,0,0,0,0,0,0,0,0,0,0,0,0,0,0,0,0,0,0,0,0,0,0,0,0,0,0,0,0,0,0,0,0,0,0,0,0,0
665,부동산신탁,10904,대한토지신탁,B,SM005,요약재무상태표(‘11.03월 이후),C54,Ⅴ. 이익잉여금_신탁사업적립금,15043000000,15043000000,15043000000,15043000000,15043000000,15043000000,15043000000,15743000000,15743000000,15743000000,15743000000,17343000000,17343000000,17343000000,17343000000,18643000000,18643000000,18643000000,18643000000,20443000000,20443000000,20443000000,20443000000,23243000000,23243000000,23243000000,23243000000,27443000000,27443000000,27443000000,27443000000,29943000000,29943000000,29943000000,29943000000,33653000000,33653000000,33653000000,33653000000,36746000000,36746000000,36746000000,36746000000,41971000000,41971000000,41971000000,41971000000,45311000000,45311000000,45311000000,45311000000,46801000000,46801000000,46801000000
666,부동산신탁,10904,대한토지신탁,B,SM005,요약재무상태표(‘11.03월 이후),C55,Ⅴ. 이익잉여금_임의적립금,2500000000,2500000000,2500000000,2500000000,2500000000,2500000000,2500000000,2500000000,2500000000,2500000000,2500000000,2500000000,2500000000,2500000000,2500000000,2500000000,2500000000,2500000000,2500000000,2500000000,2500000000,2500000000,2500000000,2500000000,2500000000,2500000000,2500000000,2500000000,2500000000,2500000000,2500000000,2500000000,2500000000,2500000000,2500000000,2500000000,2500000000,2500000000,2500000000,2500000000,2500000000,2500000000,2500000000,2500000000,2500000000,2500000000,2500000000,2500000000,2500000000,2500000000,2500000000,2500000000,2500000000,2500000000
667,부동산신탁,10904,대한토지신탁,B,SM005,요약재무상태표(‘11.03월 이후),C56,Ⅴ. 이익잉여금_미처분이익잉여금,59194237552,55701914022,26175837041,29811419499,31648983450,34802767544,33199115655,32570552843,31584635106,49691363051,46016647985,42319854035,45495069849,48898550649,51794333594,48342900397,49898111530,53845479442,64123245440,61217817846,62420586384,71007194130,80917764926,73564258588,73705570502,87929424675,92918712856,80258285301,88295953894,59873190991,64571735554,75963343773,77678395488,72532570480,102585735465,102336527546,94548086249,114457892821,126829848060,134844572655,153104962656,159535363324,174889077311,166823328801,179049443266,199644885608,195183738216,181849487361,181036800753,173534387690,179352967614,172794811197,174950174775,176921157878
668,부동산신탁,10904,대한토지신탁,B,SM005,요약재무상태표(‘11.03월 이후),C57,Ⅴ. 이익잉여금_(당기순이익),-11125748416,-14618071946,-44144148927,3096405779,4728266772,8180738529,6644280419,2143360645,1261538966,19349900998,15580280764,2358206050,5533421864,8936902664,12045742866,1225566803,2780777936,6728145848,17799078397,4339572406,9425272965,17363056395,27419464055,8252789343,16845972812,27026938009,41970061598,13280201134,22585212952,17303544607,24749026416,13342404232,26106794724,14577384640,37077999123,9693104023,13649199995,23038604034,30924378878,13402552522,28331372429,36578354791,52245330011,10691061837,20684303220,32425034233,33395254321,2243368552,6715228320,14120579020,14895113714,6536492572,4373294257,11268870257
669,부동산신탁,10905,교보자산신탁,B,SM005,요약재무상태표(‘11.03월 이후),A,자산총계,69744347621,70862914936,71011119930,70333137269,69560004528,69327436883,69800703955,68749396417,68880328692,69253124712,69776751719,69291746475,71315623636,75666689552,75671680469,79144524028,83761720412,88862193644,94453677745,97201169352,98595171193,104343919732,113787317483,118479241969,112904985398,125868330977,140572037585,130596717944,118785187664,124842061308,136457383815,148542451202,143586967562,149151770930,158494820953,155771136287,160904015771,160595001224,171389377262,180559239725,188999685148,347442736479,381148077808,380843244054,392316187918,399694359679,410281260311,400740449386,431537391007,568763657640,559736592356,606163642223,582615800789,577886314332
670,부동산신탁,10905,교보자산신탁,B,SM005,요약재무상태표(‘11.03월 이후),A1,Ⅰ. 현금 및 예치금,36484797718,39686274115,40987645869,42552799790,37201631645,35724290579,43035127333,42397059803,42086823583,41454559120,42817210894,41435852459,45331415277,49686207031,51084633256,54349188320,58894641813,64362521891,71556314630,71985283517,73670462018,79024132841,91041757162,94427576301,83097765750,82010397015,86397735442,89133129541,75248661947,79229388582,90526233647,91773166268,79884196943,78741739451,93345942605,89460811181,90604332439,77131727240,59774396011,58991614630,65151915324,43991283794,41031590027,42150051262,40155920113,31789572256,12237458337,15350763234,18651427087,68552177457,31218324403,18274387303,24693928720,15214406185
671,부동산신탁,10905,교보자산신탁,B,SM005,요약재무상태표(‘11.03월 이후),A10,Ⅰ. 현금 및 예치금_현금 및 현금성 자산,4596949718,786274115,2127645869,5692799790,1841631645,1424290579,4235127333,1597059803,2286823583,554559120,4417210894,2035852459,6931415277,5286207031,2584633256,3849188320,4394641813,2862521891,5056314630,9985283517,6670462018,4024132841,6041757162,17427576301,5097765750,4510397015,4897735442,11133129541,3748661947,4229388582,9572154930,17819087551,4930118226,3787434317,11595614312,6710482888,17853777499,8904724359,3528065274,6765625810,12925926504,2765294974,7805601207,8887374079,7897161768,7530813911,10465222478,13578527375,16879191228,56779941598,19446088544,17978599386,24388140803,14438618268
672,부동산신탁,10905,교보자산신탁,B,SM005,요약재무상태표(‘11.03월 이후),A100,Ⅰ. 현금 및 예치금_현금 및 현금성 자산_현금,850000,1660000, ,900000,250000, ,0,1270000,1250000,522000, ,1250000,1480000,1365010, ,1380000,1980000,1250000,1230000,1790000,1310000,1470000, ,3409100,1880000,2320000,0,1765500,2290000,1780000, ,2340000,2005000,1435000, ,1550000,2000000,1990000, ,3600000,2490000,3390000, ,3590000,2590000,6290000, ,6700000,5000000,2800000, ,4100000,2500000,1600000
673,부동산신탁,10905,교보자산신탁,B,SM005,요약재무상태표(‘11.03월 이후),A101,Ⅰ. 현금 및 예치금_현금 및 현금성 자산_정기예.적금, ,0, , ,0, ,0, , , , , , , , , , , , , , , , , , , ,0, , , ,6000000000,12000000000,1000000000, ,4000000000, , , , , , , , , , , , , , ,35000000000, , , , 
674,부동산신탁,10905,교보자산신탁,B,SM005,요약재무상태표(‘11.03월 이후),A102,Ⅰ. 현금 및 예치금_현금 및 현금성 자산_보통예금,78699929,414044887,47529185,102497718,236469588,210141411,52763485,159963720,155591620,261561432,134636785,21354391,920903286,285193417,156383125,348355478,1389983796,343739484,70340547,1025036416,1985022422,729430835,612075050,1310016844,2121210425,1238619883,815549298,2358702861,2333645935,1984183568,756851374,1533209127,1820207629,2183911187,793139578,2281071356,2453813369,2119153016,1016996292,5071838286,6173850331,1984526864,1800490859,5365395512,4911049897,1770235471,357892156,744433885,659991989,459516648,1402332675,1670612582,21179067277,11278168712
675,부동산신탁,10905,교보자산신탁,B,SM005,요약재무상태표(‘11.03월 이후),A103,Ⅰ. 현금 및 예치금_현금 및 현금성 자산_당좌예금, ,0, , ,0, , , , , , , , , , , , , , , , , , , , , , , , , , , , , , , , , , , , , , , , , , , , ,2000000,2000000,2000000,2000000,2000000
676,부동산신탁,10905,교보자산신탁,B,SM005,요약재무상태표(‘11.03월 이후),A104,Ⅰ. 현금 및 예치금_현금 및 현금성 자산_외화예금, ,0, , ,0, , , , , , , , , , , , , , , , , , , , , , , , , , , , , , , , , , , , , , , , , , , , , , , , , 
677,부동산신탁,10905,교보자산신탁,B,SM005,요약재무상태표(‘11.03월 이후),A105,Ⅰ. 현금 및 예치금_현금 및 현금성 자산_양도성예금증서, ,0, , ,0, , , , , , , , , , , , , , , , , , , , , , , , , , , ,0, , , , , , , , , , , , , , , , , , , , , 
678,부동산신탁,10905,교보자산신탁,B,SM005,요약재무상태표(‘11.03월 이후),A106,Ⅰ. 현금 및 예치금_현금 및 현금성 자산_MMDA,1517399789,370569228,2080116684,5589402072,1604912057,1113855809,2982263364,235725599,1225550223,73097996,3861724154,1693552562,6009031991,4999648604,2428250131,3499452842,3002678017,2517532407,4984744083,8958457101,4684129596,3293232006,5429682112,16114150357,2974675325,3269457132,4082186144,8772661180,1412726012,2243425014,2815303556,4283538424,2107905597,1602088130,6802474734,4427861532,15397964129,4317558343,2511068982,1690187524,6749586173,777378110,6005110348,3518388567,2983521871,5754288440,10107330322,12827393490,16214199239,21315624950,18041755869,16301886804,3204573526,3156849556
679,부동산신탁,10905,교보자산신탁,B,SM005,요약재무상태표(‘11.03월 이후),A107,Ⅰ. 현금 및 예치금_현금 및 현금성 자산_MMF, ,0, , ,0, , , , , , , , , , , , , , , , , , , , , , , , , , , , , , , , , , , , , , , , , , , , , , , , , 
680,부동산신탁,10905,교보자산신탁,B,SM005,요약재무상태표(‘11.03월 이후),A108,Ⅰ. 현금 및 예치금_현금 및 현금성 자산_금융어음, ,0, , ,0, , , , , , , , , , , , , , , , , , , , , , , , , , , , , , , , , , , , , , , , , , , , , , , , , 
681,부동산신탁,10905,교보자산신탁,B,SM005,요약재무상태표(‘11.03월 이후),A109,Ⅰ. 현금 및 예치금_현금 및 현금성 자산_기타,3000000000,0, , ,0,100293359,1200100484,1200100484,904431740,219377692,420849955,319695506, , , , , , , , , , , , , , , , , , , , , , , , ,1,2466023000, ,0, , , , , , , , , , , , , , 
682,부동산신탁,10905,교보자산신탁,B,SM005,요약재무상태표(‘11.03월 이후),A11,Ⅰ. 현금 및 예치금_예치금,31887848000,38900000000,38860000000,36860000000,35360000000,34300000000,38800000000,40800000000,39800000000,40900000000,38400000000,39400000000,38400000000,44400000000,48500000000,50500000000,54500000000,61500000000,66500000000,62000000000,67000000000,75000000000,85000000000,77000000000,78000000000,77500000000,81500000000,78000000000,71500000000,75000000000,80954078717,73954078717,74954078717,74954305134,81750328293,82750328293,72750554940,68227002881,56246330737,52225988820,52225988820,41225988820,33225988820,33262677183,32258758345,24258758345,1772235859,1772235859,1772235859,11772235859,11772235859,295787917,305787917,775787917
683,부동산신탁,10905,교보자산신탁,B,SM005,요약재무상태표(‘11.03월 이후),A110,Ⅰ. 현금 및 예치금_예치금_장기성예금,31887848000,38900000000,38860000000,36860000000,35360000000,34300000000,38800000000,40800000000,39800000000,40900000000,38400000000,39400000000,37900000000,43900000000,48000000000,50000000000,54000000000,61000000000,66000000000,62000000000,67000000000,75000000000,85000000000,77000000000,78000000000,77500000000,81500000000, , , , , , , , , , , , , , , , , , , , , , ,10000000000,10000000000, , , 
684,부동산신탁,10905,교보자산신탁,B,SM005,요약재무상태표(‘11.03월 이후),A111,Ⅰ. 현금 및 예치금_예치금_특정예금 등,0,0, , ,0, , , , , , , , , , , , , , , , , , , , , , , , , , , , , , , , , , , , , , , , , , , , , , , , , 
685,부동산신탁,10905,교보자산신탁,B,SM005,요약재무상태표(‘11.03월 이후),A112,Ⅰ. 현금 및 예치금_예치금_신탁공탁금,0,0, , ,0, , , , , , , ,500000000,500000000,500000000,500000000,500000000,500000000,500000000, , , , , , , , , , , , , , , , , , , , , , , , , , , , , , , , , , , 
686,부동산신탁,10905,교보자산신탁,B,SM005,요약재무상태표(‘11.03월 이후),A113,Ⅰ. 현금 및 예치금_예치금_기타,0,0,0,0,0,0,0,0,0,0,0,0,0,0,0,0,0,0,0,0,0,0,0,0,0,0,0,78000000000,71500000000,75000000000,80954078717,73954078717,74954078717,74954305134,81750328293,82750328293,72750554940,68227002881,56246330737,52225988820,52225988820,41225988820,33225988820,33262677183,32258758345,24258758345,1772235859,1772235859,1772235859,1772235859,1772235859,295787917,305787917,775787917
687,부동산신탁,10905,교보자산신탁,B,SM005,요약재무상태표(‘11.03월 이후),A2,Ⅱ. 증권,18117741870,15214739954,15595763945,15642461713,15757013947,15863370733,11164179526,11228121364,12042063204,12106005043,11669946882,11737741812,10305536747,10618331680,12177470613,12254523194,12326862158,11746250994,9307004331,10335761544,10391618757,10697375969,9498445071,9525264988,14497752002,22139932530,24010676072,22669695718,24705525744,25151125128,25631499515,26078028066,33624556617,33921085168,33474438709,34022049389,39329359547,55225052048,78107607294,68386245303,83482429683,260518348291,260146039660,239870472175,209662549820,203261650808,181678829124,168602515855,170810137258,232527616363,97551077060,186352106598,121899292609,87724872895
688,부동산신탁,10905,교보자산신탁,B,SM005,요약재무상태표(‘11.03월 이후),A20,Ⅱ. 증권_당기손익-공정가치측정증권,0,0,0,0,0,0,0,0,0,0,0,0,0,0,0,0,0,0,0,0,0,0,0,0,0,0,0,0,0,0,0,0,0,0,13996964500,14496964500,14756664500,29067568525,49079084571,39304341189,54347144178,231329681395,226181313066,205837897341,175562126746,169093379494,147442709549,134296935023,136435192064,198083306807,63037403142,151767807892,89965221480,87724872895
689,부동산신탁,10905,교보자산신탁,B,SM005,요약재무상태표(‘11.03월 이후),A200,Ⅱ. 증권_당기손익-공정가치측정증권_주식,0,0, , ,0, , , , , , , , , , , , , , , , , , , , , , , , , , , , , ,13996964500,14196964500,14756664500,14556664500,16021642000,15846642000,15846642000,16609777500,22293695000,29173695000,29423695000,44663725000,45889495000,46139495000,46189495000,46189495000,42504653050,44504653050,44504653050,44504653050
690,부동산신탁,10905,교보자산신탁,B,SM005,요약재무상태표(‘11.03월 이후),A201,Ⅱ. 증권_당기손익-공정가치측정증권_국채·지방채,0,0, , ,0, , , , , , , , , , , , , , , , , , , , , , , , , , , , , , , , , , , , , , , , , , , , , , , , , 
691,부동산신탁,10905,교보자산신탁,B,SM005,요약재무상태표(‘11.03월 이후),A202,Ⅱ. 증권_당기손익-공정가치측정증권_특수채,0,0, , ,0, , , , , , , , , , , , , , , , , , , , , , , , , , , , , , , , , , , , , , , , , , , , , , , , , 
692,부동산신탁,10905,교보자산신탁,B,SM005,요약재무상태표(‘11.03월 이후),A203,Ⅱ. 증권_당기손익-공정가치측정증권_회사채,0,0, , ,0, , , , , , , , , , , , , , , , , , , , , , , , , , , , , , , , , , , , ,39775083470,1301977274, , ,40936224841, ,2407155771,6521517, , , , , 
693,부동산신탁,10905,교보자산신탁,B,SM005,요약재무상태표(‘11.03월 이후),A204,Ⅱ. 증권_당기손익-공정가치측정증권_집합투자증권,0,0,0,0,0,0,0,0,0,0,0,0,0,0,0,0,0,0,0,0,0,0,0,0,0,0,0,0,0,0,0,0,0,0,0,300000000,0,14510904025,33057442571,23457699189,38500502178,174944820425,178465914092,162463709881,127270165986,83493429653,101553214549,85750284252,90239175547,151893811807,20532750092,107263154842,45460568430,43220219845
694,부동산신탁,10905,교보자산신탁,B,SM005,요약재무상태표(‘11.03월 이후),A205,Ⅱ. 증권_당기손익-공정가치측정증권_기업어음증권,0,0, , ,0, , , , , , , , , , , , , , , , , , , , , , , , , , , , , , , , , , , , , ,24119726700,14200492460,18868265760, , , , , , , , , 
695,부동산신탁,10905,교보자산신탁,B,SM005,요약재무상태표(‘11.03월 이후),A206,Ⅱ. 증권_당기손익-공정가치측정증권_외화증권,0,0,0,0,0,0,0,0,0,0,0,0,0,0,0,0,0,0,0,0,0,0,0,0,0,0,0,0,0,0,0,0,0,0,0,0,0,0,0,0,0,0,0,0,0,0,0,0,0,0,0,0,0,0
696,부동산신탁,10905,교보자산신탁,B,SM005,요약재무상태표(‘11.03월 이후),A207,Ⅱ. 증권_당기손익-공정가치측정증권_기타,0,0,0,0,0,0,0,0,0,0,0,0,0,0,0,0,0,0,0,0,0,0,0,0,0,0,0,0,0,0,0,0,0,0,0,0,0,0,0,0,0,0,0,0,0,0,0,0,0,0,0,0,0,0
697,부동산신탁,10905,교보자산신탁,B,SM005,요약재무상태표(‘11.03월 이후),A21,Ⅱ. 증권_기타포괄손익-공정가치측정증권,4142715224,4164685128,4899434234,4878465608,4425351447,4464041837,700000000,700000000,950000000,950000000,450000000,450000000,450000000,695000000,2186344000,2191344000,2191344000,2540344000,2040000000,3015000000,3015100000,3265100000,6015110000,6015100000,5965100000,5765100000,5590100000,0,0,0,0,0,0,0,80000000,80000000,80000000,80000000,80000000,80000000,80000000,80000000,80000000,80000000,80000000,80000000,80000000,80000000,80000000,80000000,80000000,80000000,0,0
698,부동산신탁,10905,교보자산신탁,B,SM005,요약재무상태표(‘11.03월 이후),A210,Ⅱ. 증권_기타포괄손익-공정가치측정증권_주식,1577470000,1577470000,2077470000,2077470000,1577470000,1577470000,700000000,700000000,950000000,950000000,450000000,450000000,450000000,695000000,2186344000,2191344000,2191344000,2540344000,2040000000,3015000000,3015100000,3265100000,6015110000,6015100000,5965100000,5765100000,5590100000, , , , , , , ,80000000,80000000,80000000,80000000,80000000,80000000,80000000,80000000,80000000,80000000,80000000,80000000,80000000,80000000,80000000,80000000,80000000,80000000, , 
699,부동산신탁,10905,교보자산신탁,B,SM005,요약재무상태표(‘11.03월 이후),A211,Ⅱ. 증권_기타포괄손익-공정가치측정증권_국채·지방채,0,0, , ,0, , , , , , , , , , , , , , , , , , , , , , , , , , , , , , , , , , , , , , , , , , , , , , , , , 
700,부동산신탁,10905,교보자산신탁,B,SM005,요약재무상태표(‘11.03월 이후),A212,Ⅱ. 증권_기타포괄손익-공정가치측정증권_특수채,0,0, , ,0, , , , , , , , , , , , , , , , , , , , , , , , , , , , , , , , , , , , , , , , , , , , , , , , , 
701,부동산신탁,10905,교보자산신탁,B,SM005,요약재무상태표(‘11.03월 이후),A213,Ⅱ. 증권_기타포괄손익-공정가치측정증권_회사채,0,0, , ,0, , , , , , , , , , , , , , , , , , , , , , , , , , , , , , , , , , , , , , , , , , , , , , , , , 
702,부동산신탁,10905,교보자산신탁,B,SM005,요약재무상태표(‘11.03월 이후),A214,Ⅱ. 증권_기타포괄손익-공정가치측정증권_집합투자증권,2565245224,2587215128,2821964234,2800995608,2847881447,2886571837,0,0,0,0,0,0,0,0,0,0,0,0,0,0,0,0,0,0,0,0,0,0,0,0,0,0,0,0,0,0,0,0,0,0,0,0,0,0,0,0,0,0,0,0,0,0,0,0
703,부동산신탁,10905,교보자산신탁,B,SM005,요약재무상태표(‘11.03월 이후),A215,Ⅱ. 증권_기타포괄손익-공정가치측정증권_기업어음증권,0,0, , ,0, , , , , , , , , , , , , , , , , , , , , , , , , , , , , , , , , , , , , , , , , , , , , , , , , 
704,부동산신탁,10905,교보자산신탁,B,SM005,요약재무상태표(‘11.03월 이후),A216,Ⅱ. 증권_기타포괄손익-공정가치측정증권_외화증권,0,0,0,0,0,0,0,0,0,0,0,0,0,0,0,0,0,0,0,0,0,0,0,0,0,0,0,0,0,0,0,0,0,0,0,0,0,0,0,0,0,0,0,0,0,0,0,0,0,0,0,0,0,0
705,부동산신탁,10905,교보자산신탁,B,SM005,요약재무상태표(‘11.03월 이후),A217,Ⅱ. 증권_기타포괄손익-공정가치측정증권_기타,0,0,0,0,0,0,0,0,0,0,0,0,0,0,0,0,0,0,0,0,0,0,0,0,0,0,0,0,0,0,0,0,0,0,0,0,0,0,0,0,0,0,0,0,0,0,0,0,0,0,0,0,0,0
706,부동산신탁,10905,교보자산신탁,B,SM005,요약재무상태표(‘11.03월 이후),A22,Ⅱ. 증권_상각후원가측정증권,13975026646,11050054826,10696329711,10763996105,11331662500,11399328896,10464179526,10528121364,11092063204,11156005043,11219946882,11287741812,9855536747,9923331680,9991126613,10063179194,10135518158,9205906994,7267004331,7320761544,7376518757,7432275969,3483335071,3510164988,8532652002,16374832530,18420576072,17085231218,19120161244,19165760628,19211360015,19257888566,19304417117,19350945668,19397474209,19445084889,24492695047,26077483523,28948522723,29001904114,29055285505,29108666896,33884726594,33952574834,34020423074,34088271314,34156119575,34225580832,34294945194,34364309556,34433673918,34504298706,31934071129,0
707,부동산신탁,10905,교보자산신탁,B,SM005,요약재무상태표(‘11.03월 이후),A220,Ⅱ. 증권_상각후원가측정증권_국채·지방채,13475026646,10550054826,10196329711,10263996105,10331662500,10399328896,9464179526,9528121364,9592063204,9656005043,9719946882,9787741812,9855536747,9923331680,9991126613,10063179194,10135518158,9205906994,7267004331,7320761544,7376518757,7432275969,3483335071,3510164988,8532652002,16374832530,18420576072,17085231218,19120161244,19165760628,19211360015,19257888566,19304417117,19350945668,19397474209,19445084889,24492695047,26077483523,28948522723,29001904114,29055285505,29108666896,33884726594,33952574834,34020423074,34088271314,34156119575,34225580832,34294945194,34364309556,34433673918,34504298706,31934071129, 
708,부동산신탁,10905,교보자산신탁,B,SM005,요약재무상태표(‘11.03월 이후),A221,Ⅱ. 증권_상각후원가측정증권_특수채, , , , , , , , , , , , , , , , , , , , , , , , , , , , , , , , , , , , , , , , , , , , , , , , , , , , , , 
709,부동산신탁,10905,교보자산신탁,B,SM005,요약재무상태표(‘11.03월 이후),A222,Ⅱ. 증권_상각후원가측정증권_회사채,500000000,500000000,500000000,500000000,1000000000,1000000000,1000000000,1000000000,1500000000,1500000000,1500000000,1500000000, , , , , , , , , , , , , , , , , , , , , , , , , , , , , , , , , , , , , , , , , , 
710,부동산신탁,10905,교보자산신탁,B,SM005,요약재무상태표(‘11.03월 이후),A223,Ⅱ. 증권_상각후원가측정증권_기타,0,0, , ,0, , , , , , , , , , , , , , , , , , , , , , , , , , , , , , , , , , , , , , , , , , , , , , , , , 
711,부동산신탁,10905,교보자산신탁,B,SM005,요약재무상태표(‘11.03월 이후),A23,Ⅱ. 증권_관계회사투자지분,0,0,0,0,0,0,0,0,0,0,0,0,0,0,0,0,0,0,0,0,0,0,0,0,0,0,0,5584464500,5585364500,5985364500,6420139500,6820139500,14320139500,14570139500,0,0,0,0,0,0,0,0,0,0,0,0,0,0,0,0,0,0,0,0
712,부동산신탁,10905,교보자산신탁,B,SM005,요약재무상태표(‘11.03월 이후),A230,Ⅱ. 증권_관계회사투자지분_연결대상회사 투자지분,0,0,0,0,0,0,0,0,0,0,0,0,0,0,0,0,0,0,0,0,0,0,0,0,0,0,0,0,0,0,0,0,0,0,0,0,0,0,0,0,0,0,0,0,0,0,0,0,0,0,0,0,0,0
713,부동산신탁,10905,교보자산신탁,B,SM005,요약재무상태표(‘11.03월 이후),A231,Ⅱ. 증권_관계회사투자지분_비연결대상회사 투자지분,0,0,0,0,0,0,0,0,0,0,0,0,0,0,0,0,0,0,0,0,0,0,0,0,0,0,0,5584464500,5585364500,5985364500,6420139500,6820139500,14320139500,14570139500,0,0,0,0,0,0,0,0,0,0,0,0,0,0,0,0,0,0,0,0
714,부동산신탁,10905,교보자산신탁,B,SM005,요약재무상태표(‘11.03월 이후),A24,Ⅱ. 증권_파생결합증권,0,0,0,0,0,0,0,0,0,0,0,0,0,0,0,0,0,0,0,0,0,0,0,0,0,0,0,0,0,0,0,0,0,0,0,0,0,0,0,0,0,0,0,0,0,0,0,0,0,0,0,0,0,0
715,부동산신탁,10905,교보자산신탁,B,SM005,요약재무상태표(‘11.03월 이후),A25,Ⅱ. 증권_대손충당금(-), , , , , , , , , , , , , , , , , , , , , , , , , , , ,0,0,0,0,0,0,0,0,0,0,0,0,0,0,0,0,0,0,0,0,0,0,0,0,0,0,0
716,부동산신탁,10905,교보자산신탁,B,SM005,요약재무상태표(‘11.03월 이후),A3,Ⅲ. 파생상품자산,0,0,0,0,0,0,0,0,0,0,0,0,0,0,0,0,0,0,0,0,0,0,0,0,0,0,0,0,0,0,0,0,0,0,0,0,0,0,0,0,0,0,0,0,0,0,0,0,0,0,0,0,0,0
717,부동산신탁,10905,교보자산신탁,B,SM005,요약재무상태표(‘11.03월 이후),A30,Ⅲ. 파생상품자산_이자율관련,0,0,0,0,0,0,0,0,0,0,0,0,0,0,0,0,0,0,0,0,0,0,0,0,0,0,0,0,0,0,0,0,0,0,0,0,0,0,0,0,0,0,0,0,0,0,0,0,0,0,0,0,0,0
718,부동산신탁,10905,교보자산신탁,B,SM005,요약재무상태표(‘11.03월 이후),A31,Ⅲ. 파생상품자산_통화관련,0,0,0,0,0,0,0,0,0,0,0,0,0,0,0,0,0,0,0,0,0,0,0,0,0,0,0,0,0,0,0,0,0,0,0,0,0,0,0,0,0,0,0,0,0,0,0,0,0,0,0,0,0,0
719,부동산신탁,10905,교보자산신탁,B,SM005,요약재무상태표(‘11.03월 이후),A32,Ⅲ. 파생상품자산_주식관련,0,0,0,0,0,0,0,0,0,0,0,0,0,0,0,0,0,0,0,0,0,0,0,0,0,0,0,0,0,0,0,0,0,0,0,0,0,0,0,0,0,0,0,0,0,0,0,0,0,0,0,0,0,0
720,부동산신탁,10905,교보자산신탁,B,SM005,요약재무상태표(‘11.03월 이후),A33,Ⅲ. 파생상품자산_신용관련,0,0,0,0,0,0,0,0,0,0,0,0,0,0,0,0,0,0,0,0,0,0,0,0,0,0,0,0,0,0,0,0,0,0,0,0,0,0,0,0,0,0,0,0,0,0,0,0,0,0,0,0,0,0
721,부동산신탁,10905,교보자산신탁,B,SM005,요약재무상태표(‘11.03월 이후),A34,Ⅲ. 파생상품자산_상품관련,0,0,0,0,0,0,0,0,0,0,0,0,0,0,0,0,0,0,0,0,0,0,0,0,0,0,0,0,0,0,0,0,0,0,0,0,0,0,0,0,0,0,0,0,0,0,0,0,0,0,0,0,0,0
722,부동산신탁,10905,교보자산신탁,B,SM005,요약재무상태표(‘11.03월 이후),A35,Ⅲ. 파생상품자산_기타파생상품자산,0,0, , ,0, , , , , , , , , , , , , , , , , , , , , , , , , , , , , , , , , , , , , , , , , , , , , , , , , 
723,부동산신탁,10905,교보자산신탁,B,SM005,요약재무상태표(‘11.03월 이후),A36,Ⅲ. 파생상품자산_파생상품Ⅲ. 파생상품자산_신용위험평가조정액,0,0, , ,0, , , , , , , , , , , , , , , , , , , , , , , , , , , , , , , , , , , , , , , , , , , , , , , , , 
724,부동산신탁,10905,교보자산신탁,B,SM005,요약재무상태표(‘11.03월 이후),A37,Ⅲ. 파생상품자산_파생상품Ⅲ. 파생상품자산_거래일손익인식평가조정액,0,0, , ,0, , , , , , , , , , , , , , , , , , , , , , , , , , , , , , , , , , , , , , , , , , , , , , , , , 
725,부동산신탁,10905,교보자산신탁,B,SM005,요약재무상태표(‘11.03월 이후),A4,Ⅳ. 대출채권,321000000,312000000,312000000,312000000,353000000,243000000,66000000,0,30000000,30000000,60000000,60000000,60000000,60000000,189077256,60000000,60000000,60000000,80000000,60000000,60000000,60000000,60000000,60000000,60000000,60000000,57000000,57000000,57000000,57000000,54000000,54000000,54000000,54000000,30000000,30000000,30000000,30000000,1013530646,20261453646,6865246361,5967158308,23232823021,41581775630,69080767561,89843139171,144387378690,144509767995,166440742404,184395387875,338188203092,303683103681,327134112078,365178119728
726,부동산신탁,10905,교보자산신탁,B,SM005,요약재무상태표(‘11.03월 이후),A40,Ⅳ. 대출채권_(현재가치할인차금)(-),0,0, , ,0, , , , , , , , , , , , , , , , , , , , , ,0, , , , , , , , , , , , , , , , , , , , , , , , , , , 
727,부동산신탁,10905,교보자산신탁,B,SM005,요약재무상태표(‘11.03월 이후),A41,Ⅳ. 대출채권_(현재가치할증차금)(+),0,0, , ,0, , , , , , , , , , , , , , , , , , , , , ,0, , , , , , , , , , , , , , , , , , , , , , , , , , , 
728,부동산신탁,10905,교보자산신탁,B,SM005,요약재무상태표(‘11.03월 이후),A42,Ⅳ. 대출채권_(이연대출부대손익),0,0, , ,0, , , , , , , , , , , , , , , , , , , , , , , , , , , , , , , , , , , , , , , , , , , , , , , , , 
729,부동산신탁,10905,교보자산신탁,B,SM005,요약재무상태표(‘11.03월 이후),A43,Ⅳ. 대출채권_대여금,321000000,312000000,312000000,312000000,353000000,243000000,66000000,0,30000000,30000000,60000000,60000000,60000000,60000000,60000000,60000000,60000000,60000000,80000000,60000000,60000000,60000000,60000000,60000000,60000000,60000000,57000000,57000000,57000000,57000000,54000000,54000000,54000000,54000000,30000000,30000000,30000000,30000000,30000000,0,0,0,0,0,0,0,0,300000000,493000000,632000000,672000000,595983282,618483282,728483282
730,부동산신탁,10905,교보자산신탁,B,SM005,요약재무상태표(‘11.03월 이후),A44,Ⅳ. 대출채권_대지급금,0,0,0,0,0,0,0,0,0,0,0,0,0,0,0,0,0,0,0,0,0,0,0,0,0,0,0,0,0,0,0,0,0,0,0,0,0,0,0,0,0,0,0,0,0,0,0,0,0,0,0,0,0,0
731,부동산신탁,10905,교보자산신탁,B,SM005,요약재무상태표(‘11.03월 이후),A45,Ⅳ. 대출채권_신탁계정대,0,0, , ,0, , , , , , , , , ,184396080, , , , , , , , , , , , , , , , , , , , , , , ,1003602700,20674952700,7005353430,6088937049,23426263851,42021438044,69739933608,96449272803,157986284361,169261783366,202371100302,245699076764,440419601078,458770503017,557417921745,677243727814
732,부동산신탁,10905,교보자산신탁,B,SM005,요약재무상태표(‘11.03월 이후),A46,Ⅳ. 대출채권_기타 대출채권,0,0,0,0,0,0,0,0,0,0,0,0,0,0,0,0,0,0,0,0,0,0,0,0,0,0,0,0,0,0,0,0,0,0,0,0,0,0,0,0,0,0,0,0,0,0,0,0,0,0,0,0,0,0
733,부동산신탁,10905,교보자산신탁,B,SM005,요약재무상태표(‘11.03월 이후),A47,Ⅳ. 대출채권_대손충당금(-),0,0,0,0,0,0,0,0,0,0,0,0,0,0,55318824,0,0,0,0,0,0,0,0,0,0,0,0,0,0,0,0,0,0,0,0,0,0,0,20072054,413499054,140107069,121778741,193440830,439662414,659166047,6606133632,13598905671,25052015371,36423357898,61935688889,102903397986,155683382618,230902292949,312794091368
734,부동산신탁,10905,교보자산신탁,B,SM005,요약재무상태표(‘11.03월 이후),A470,Ⅳ. 대출채권_대손충당금(-)_대여금대손충당금,0,0, , ,0, , , , , , , , , , , , , , , , , , , , , , , , , , , , , , , , , , , , , , , , , , , , , , , , , 
735,부동산신탁,10905,교보자산신탁,B,SM005,요약재무상태표(‘11.03월 이후),A471,Ⅳ. 대출채권_대손충당금(-)_대지급금대손충당금,0,0, , ,0, , , , , , , , , , , , , , , , , , , , , , , , , , , , , , , , , , , , , , , , , , , , , , , , , 
736,부동산신탁,10905,교보자산신탁,B,SM005,요약재무상태표(‘11.03월 이후),A472,Ⅳ. 대출채권_대손충당금(-)_신탁계정대 대손충당금,0,0, , ,0, , , , , , , , , ,55318824, , , , , , , , , , , , , , , , , , , , , , , ,20072054,413499054,140107069,121778741,193440830,439662414,659166047,6606133632,13598905671,25052015371,36423357898,61935688889,102903397986,155683382618,230902292949,312794091368
737,부동산신탁,10905,교보자산신탁,B,SM005,요약재무상태표(‘11.03월 이후),A473,Ⅳ. 대출채권_대손충당금(-)_기타 대손충당금,0,0,0,0,0,0,0,0,0,0,0,0,0,0,0,0,0,0,0,0,0,0,0,0,0,0,0,0,0,0,0,0,0,0,0,0,0,0,0,0,0,0,0,0,0,0,0,0,0,0,0,0,0,0
738,부동산신탁,10905,교보자산신탁,B,SM005,요약재무상태표(‘11.03월 이후),A5,Ⅴ. 유형자산,341213960,310743898,288185482,647246148,694858251,657202651,644530264,598954998,552914242,580638769,530422329,530551672,576071525,594444901,559612151,517379780,595486526,593114927,883729049,811809133,876764069,863653050,920599584,1272713943,1251642950,1380000436,3264093075,4465745883,4435405896,5948907771,4698978059,14445997416,13640897553,12651605840,11626059953,11718197169,10895717721,10006740325,9062264028,8252653168,7961953383,7802104238,28239174365,27424210624,26287043968,25440505989,24973421747,24359423925,23728295787,22957517731,22081317049,21206065479,20415536504,19577948928
739,부동산신탁,10905,교보자산신탁,B,SM005,요약재무상태표(‘11.03월 이후),A50,유형자산_(손상차손누계액),0,0, , ,0, , , , , , , , , , , , , , , , , , , , , , , , , , , , , , , , , , , , , , , , , , , , , , , , , 
740,부동산신탁,10905,교보자산신탁,B,SM005,요약재무상태표(‘11.03월 이후),A51,유형자산__토지,0,0, , ,0, , , , , , , , , , , , , , , , , , , , , , , , , , , , , , , , , , , , , , , , , , , , , , , , , 
741,부동산신탁,10905,교보자산신탁,B,SM005,요약재무상태표(‘11.03월 이후),A52,유형자산_건물,0,0, , ,0, , , , , , , , , , , , , , , , , , , , , , , , , , , , , , , , , , , , , , , , , , , , , , , , , 
742,부동산신탁,10905,교보자산신탁,B,SM005,요약재무상태표(‘11.03월 이후),A53,유형자산_구축물,0,0, , ,0, , , , , , , , , , , , , , , , , , , , , , , , , , , , , , , , , , , , , , , , , , , , , , , , , 
743,부동산신탁,10905,교보자산신탁,B,SM005,요약재무상태표(‘11.03월 이후),A54,유형자산_차량운반구,0,0, , ,0, , , , , , , , , , , , , , , , , , , , , , , , , , , , , , , , , , , , , , , , , , , , , , , , , 
744,부동산신탁,10905,교보자산신탁,B,SM005,요약재무상태표(‘11.03월 이후),A55,유형자산_비품,1279759372,1283147372,1292112372,1296644372,1390281872,1401039872,1437130872,1440716872,1442509872,1518475872,1518475872,1536409172,1630405172,1701506972,1721585272,1734635672,1832717172,1892040172,2016463592,2021314592,2165172592,2234527592,2377069002,2397529002,2443562732,2978410632,2228811120,2368261420,2466040420,2511402020,2908308420,2939404820,2944993920,3056671420,3096761420,3397424420,3492618420,3576366900,3604232100,3643106100,4317890100,4318187100,4278203580,4361924580,4374079580,4384540580,4385453580,4394724380,4411230980,4533660980,4533660980,4533660980,4533660980,4537840980
745,부동산신탁,10905,교보자산신탁,B,SM005,요약재무상태표(‘11.03월 이후),A56,유형자산_건설중인자산,0,0, , ,0, , , , , , , , , , , , , , , , , , ,363160000,363160000, ,14388000,1250700000,1250700000,2918300000,1492260000,1492260000,1492260000,1492260000,1492260000,1492260000,1492260000,1492260000,1492260000,1607096700,1607096700,2442212300,267952300,267952300, , , ,84150000, , , , , , 
746,부동산신탁,10905,교보자산신탁,B,SM005,요약재무상태표(‘11.03월 이후),A57,유형자산_운용리스자산(종금계정),0,0, , ,0, , , , , , , , , , , , , , , , , , , , , , , , , , , , , , , , , , , , , , , , , , , , , , , , , 
747,부동산신탁,10905,교보자산신탁,B,SM005,요약재무상태표(‘11.03월 이후),A58,유형자산_선급리스자산(종금계정),0,0, , ,0, , , , , , , , , , , , , , , , , , , , , , , , , , , , , , , , , , , , , , , , , , , , , , , , , 
748,부동산신탁,10905,교보자산신탁,B,SM005,요약재무상태표(‘11.03월 이후),A59,유형자산_기타,1189567000,1189567000,1189567000,423110600,423110600,423110600,423110600,423110600,423110600,423110600,423110600,455780600,455780600,455780600,455780600,455780600,494280600,494280600,728839100,728839100,728839100,728839100,728839100,783289100,788690540,827355540,1760935000,1778975000,1852741000,1858901000,1860391500,12509914653,12631504484,12393321007,12186344492,12949402658,12951981779,12951981779,12951981779,12950744957,12926286105,12926286105,27123263086,27123263086,27101002998,27130247061,27159017595,27206260416,27390801634,27390801634,27390801634,27338235842,27422031212,27456778586
749,부동산신탁,10905,교보자산신탁,B,SM005,요약재무상태표(‘11.03월 이후),A5A,유형자산_감가상각누계액(-),2128112412,2161970474,2193493890,1072508824,1118534221,1166947821,1215711208,1264872474,1312706230,1360947703,1411164143,1461638100,1510114247,1562842671,1617753721,1673036492,1731511246,1793205845,1861573643,1938344559,2017247623,2099713642,2185308518,2271264159,2343770322,2425765736,740041045,932190537,1134075524,1339695249,1561981861,2495582057,3427860851,4290646587,5149305959,6120889909,7041142478,8013868354,8986209851,9948294589,10889319522,11884581267,3430244601,4328929342,5188038610,6074281652,6571049428,7325710871,8073736827,8966944883,9843145565,10665831343,11540155688,12416670638
750,부동산신탁,10905,교보자산신탁,B,SM005,요약재무상태표(‘11.03월 이후),A5A0,유형자산__감가상각누계액(-)_건물,0,0, , ,0, , , , , , , , , , , , , , , , , , , , , , , , , , , , , , , , , , , , , , , , , , , , , , , , , 
751,부동산신탁,10905,교보자산신탁,B,SM005,요약재무상태표(‘11.03월 이후),A5A1,유형자산_감가상각누계액(-)_구축물,0,0, , ,0, , , , , , , , , , , , , , , , , , , , , , , , , , , , , , , , , , , , , , , , , , , , , , , , , 
752,부동산신탁,10905,교보자산신탁,B,SM005,요약재무상태표(‘11.03월 이후),A5A2,유형자산_감가상각누계액(-)_차량운반구,0,0, , ,0, , , , , , , , , , , , , , , , , , , , , , , , , , , , , , , , , , , , , , , , , , , , , , , , , 
753,부동산신탁,10905,교보자산신탁,B,SM005,요약재무상태표(‘11.03월 이후),A5A3,유형자산_감가상각누계액(-)_비품,962941488,994875924,1024475716,1046250891,1071286584,1098710480,1126484159,1154655721,1181499773,1208839542,1238330274,1266589859,1293141301,1323945020,1356931365,1390289431,1426757348,1465441542,1506889624,1548995540,1593380271,1641327957,1692404512,1747529952,1801937160,1863927854,710692128,814193535,924697671,1037372344,1166664227,1297500669,1427040400,1555693383,1684541052,1825993166,1969441211,2111819845,2253814092,2396947074,2549921830,2717539525,2616116876,2778594394,2940403100,3092293923,2849480702,2979780454,3094907656,3229037717,3346160427,3461589499,3576740714,3689509598
754,부동산신탁,10905,교보자산신탁,B,SM005,요약재무상태표(‘11.03월 이후),A5A4,유형자산_감가상각누계액(-)_기타,1165170924,1167094550,1169018174,26257933,47247637,68237341,89227049,110216753,131206457,152108161,172833869,195048241,216972946,238897651,260822356,282747061,304753898,327764303,354684019,389349019,423867352,458385685,492904006,523734207,541833162,561837882,29348917,117997002,209377853,302322905,395317634,1198081388,2000820451,2734953204,3464764907,4294896743,5071701267,5902048509,6732395759,7551347515,8339397692,9167041742,814127725,1550334948,2247635510,2981987729,3721568726,4345930417,4978829171,5737907166,6496985138,7204241844,7963414974,8727161040
755,부동산신탁,10905,교보자산신탁,B,SM005,요약재무상태표(‘11.03월 이후),A5A5,유형자산_감가상각누계액(종금계정)(-),0,0, , ,0, , , , , , , , , , , , , , , , , , , , , , , , , , , , , , , , , , , , , , , , , , , , , , , , , 
756,부동산신탁,10905,교보자산신탁,B,SM005,요약재무상태표(‘11.03월 이후),A5A6,유형자산_처분손실충당금(종금계정)(-),0,0, , ,0, , , , , , , , , , , , , , , , , , , , , , , , , , , , , , , , , , , , , , , , , , , , , , , , , 
757,부동산신탁,10905,교보자산신탁,B,SM005,요약재무상태표(‘11.03월 이후),A6,Ⅵ. CMA운용자산(종금계정),0,0,0,0,0,0,0,0,0,0,0,0,0,0,0,0,0,0,0,0,0,0,0,0,0,0,0,0,0,0,0,0,0,0,0,0,0,0,0,0,0,0,0,0,0,0,0,0,0,0,0,0,0,0
758,부동산신탁,10905,교보자산신탁,B,SM005,요약재무상태표(‘11.03월 이후),A7,Ⅶ. 리스자산(종금계정),0,0,0,0,0,0,0,0,0,0,0,0,0,0,0,0,0,0,0,0,0,0,0,0,0,0,0,0,0,0,0,0,0,0,0,0,0,0,0,0,0,0,0,0,0,0,0,0,0,0,0,0,0,0
759,부동산신탁,10905,교보자산신탁,B,SM005,요약재무상태표(‘11.03월 이후),A8,Ⅷ. 기타자산,14479594073,15339156969,13827524634,11178629618,15553500685,16839572920,14890866832,14525260252,14168527663,15081921780,14699171614,15527600532,15042600087,14707705940,11660887193,11963432734,11884729915,12100305832,12626629735,14008315158,13596326349,13698757872,12266515666,13193686737,13997824696,20278000996,26842532996,14271146802,14338594077,14455639827,15546672594,16191259452,16383316449,23783340471,20018379686,20540078548,20044606064,18201481611,23431579283,24667272978,25538140397,29163841848,28498450735,29816734363,47129906456,49359491455,47004172413,47917978377,51906788471,60330958214,70697670752,76647979162,88472930878,90190966596
760,부동산신탁,10905,교보자산신탁,B,SM005,요약재무상태표(‘11.03월 이후),A80,Ⅷ. 기타자산_(현재가치할인차금)(-),0,0, , ,0, , , , , , , , , , , , , , , , , , , , , ,0, , , , , , , , , , , , , , , , , , , , , , , , , , , 
761,부동산신탁,10905,교보자산신탁,B,SM005,요약재무상태표(‘11.03월 이후),A81,Ⅷ. 기타자산_(현재가치할증차금)(+),0,0, , ,0, , , , , , , , , , , , , , , , , , , , , , , , , , , , , , , , , , , , , , , , , , , , , , , , , 
762,부동산신탁,10905,교보자산신탁,B,SM005,요약재무상태표(‘11.03월 이후),A82,Ⅷ. 기타자산_미수금,551975000,829366304,249533691,216824961,217179052,488779872,890459239,596528074,793542640,937007980,687020597,994909185,1259476581,1191855529,1128263270,1313301088,1533412581,1741005210,1480875980,1388583094,1652928404,1782495551,1396558234,2017161040,2437519698,7564735806,16725887165,2905786687,2664944354,2315413573,1439906462,1439696658,1519123940,6362408675,2350730903,8842953476,1736768885,1228021012,1371025722,1241832012,1561369141,4957182558,3234314756,1186991763,1191183507,995833048,2537981673,3451170070,5181859116,4047369430,5474184025,5377915696,6994623936,6834102733
763,부동산신탁,10905,교보자산신탁,B,SM005,요약재무상태표(‘11.03월 이후),A820,Ⅷ. 기타자산_미수금_신탁보수미수금,551975000,829366304,247333691,216824961,217179052,488779872,890459239,596528074,793542640,937007980,687020597,994909185,1259476581,1191855529,1128263270,1313301088,1533412581,1741005210,1480875980,1388583094,1652928404,1782495551,1396558234,2017161040,1667486180,1613640123,1942383705,2760200920,2525744354,2150751223,1393006462,1439696658,1511911940,6246114675,1521145256,1723538466,1340989717,1219381012,1299290390,1237019721,1171535633,1082504406,1052926750,1074111843,1019330225,951074708,2522117495,3347555700,5072532254,3982774758,5285637436,5297602150,5168765076,4321828647
764,부동산신탁,10905,교보자산신탁,B,SM005,요약재무상태표(‘11.03월 이후),A821,Ⅷ. 기타자산_미수금_기타,0,0,2200000,0,0,0,0,0,0,0,0,0,0,0,0,0,0,0,0,0,0,0,0,0,770033518,5951095683,14783503460,145585767,139200000,164662350,46900000,0,7212000,116294000,829585647,7119415010,395779168,8640000,71735332,4812291,389833508,3874678152,2181388006,112879920,171853282,44758340,15864178,103614370,109326862,64594672,188546589,80313546,1825858860,2512274086
765,부동산신탁,10905,교보자산신탁,B,SM005,요약재무상태표(‘11.03월 이후),A83,Ⅷ. 기타자산_미수수익,4234603749,4143410954,3020204823,3142727132,3547550488,3860235684,2880974653,3427127147,2959342037,3245319332,2808265508,3047365236,2857485359,3041563055,2768985799,2836404580,2871160793,2991880321,2529581202,2900499891,2989216399,3418361874,2174167553,2888056900,3269439605,4074160613,3491585107,4540041746,4664151675,4832678222,4723124041,4964991506,5150191107,5683055501,5123316193,5493324464,5192185836,4923553025,4075063831,5371941623,6687006071,7306507910,6733234718,7544054938,8363298793,11002802248,10517969989,12869863266,16255976301,22269177760,21509845109,19902259840,19480806573,17499343245
766,부동산신탁,10905,교보자산신탁,B,SM005,요약재무상태표(‘11.03월 이후),A830,Ⅷ. 기타자산_미수수익_미수수수료,2514027131,2502800484,1533414864,1542107703,1799479501,2026800011,1450539914,1843972547,1205794778,1319967936,1144771672,1306329345,957247963,977347165,807657445,770806565,574964042,821379091,762505692,1028085815,919606468,1313705125,953774743,1460171421,1725822557,2671574178,2626805614,3676511649,3730307109,3927512945,3774512846,3627834423,3771861561,4508575960,4065458629,4045870690,3708991471,3614116125,2917721209,3926445070,5219417766,5850944481,5106357761,5680142328,6299697196,8824523154,8202563284,10367428327,12637976122,18874768536,17130252035,15896739721,15165141796,14326109809
767,부동산신탁,10905,교보자산신탁,B,SM005,요약재무상태표(‘11.03월 이후),A831,Ⅷ. 기타자산_미수수익_미수이자,1720576618,1640610470,1486789959,1600619429,1748070987,1833435673,1430434739,1583154600,1753547259,1925351396,1663493836,1741035891,1900237396,2064215890,1961328354,2065598015,2296196751,2170501230,1767075510,1872414076,2069609931,2104656749,1220392810,1427885479,1543617048,1402586435,864779493,863530097,933844566,905165277,948611195,1337157083,1378329546,1174479541,1057857564,1447453774,1483194365,1309436900,1157342622,1445496553,1467588305,1455563429,1626876957,1863912610,2063601597,2178279094,2315406705,2502434939,3618000179,3394409224,4379593074,4005520119,4315664777,3173233436
768,부동산신탁,10905,교보자산신탁,B,SM005,요약재무상태표(‘11.03월 이후),A832,Ⅷ. 기타자산_미수수익_미수배당금,0,0, ,0,0, , , , , , , , , , , , , , , , , , , , , , , , , , , , , , , , , , , , , , , , , , , , , , , , , 
769,부동산신탁,10905,교보자산신탁,B,SM005,요약재무상태표(‘11.03월 이후),A833,Ⅷ. 기타자산_미수수익_미수분배금,0,0, , ,0, , , , , , , , , , , , , , , , , , , , , , , , , , , , , , , , , , , , , , , , , , , , , , , , , 
770,부동산신탁,10905,교보자산신탁,B,SM005,요약재무상태표(‘11.03월 이후),A834,Ⅷ. 기타자산_미수수익_기타,0,0, , ,0, , , , , , , , , , , , , , , , , , , , , , , , , , , , , , , , , , , , , , , , , , , , , , , , , 
771,부동산신탁,10905,교보자산신탁,B,SM005,요약재무상태표(‘11.03월 이후),A84,Ⅷ. 기타자산_선급금,0,0,0,70933570,0,0,0,25528980,0,0,0,63570100,0,0,85140000,85140000,0,0,0,0,0,0,0,40878940,0,1622187,0,69583170,5115192,10291942,0,357142410,3828222,18061672,127918972,153805391,6699882,29351552,63310512,44583382,1612767,3160539687,134100536,488968627,190163135,200163135,83739706,82585400,82585400,10000000,1050000,59829000,168539472,188539472
772,부동산신탁,10905,교보자산신탁,B,SM005,요약재무상태표(‘11.03월 이후),A85,Ⅷ. 기타자산_선급비용,11095329,9252500,72558125,9951690,8675753,8262500,12360000,7767500,7520000,7272500,7025000,6777500,6530000,6282500,6035000,5787500,5540000,5292500,5045000,4797500,4550000,4302500,4055000,3807500,3560000,3312500,249748396,237916939,260460948,245513013,187861154,216963117,202316942,1332500,12085000,11837500,9967692,9885192,495000,1993732124,1043016726,497107908,154058919,93433082,32134540,90245795,28357050,87813712,26597671,84708926,22820181,105784504,20388098,78499353
773,부동산신탁,10905,교보자산신탁,B,SM005,요약재무상태표(‘11.03월 이후),A86,Ⅷ. 기타자산_선급제세,0,0,0,0,0,154062995,0,0,0,138964778,378044160,325578855,0,0,0,0,0,0,0,0,0,0,0,0,0,0,0,0,0,0,0,0,0,13636,0,0,0,243429303,0,0,0,0,0,0,0,0,0,0,0,1108015720,1108015720,1108015720,35941700,286709880
774,부동산신탁,10905,교보자산신탁,B,SM005,요약재무상태표(‘11.03월 이후),A87,Ⅷ. 기타자산_대리점,0,0, , ,0, , , , , , , , , , , , , , , , , , , , , , , , , , , , , , , , , , , , , , , , , , , , , , , , , 
775,부동산신탁,10905,교보자산신탁,B,SM005,요약재무상태표(‘11.03월 이후),A88,Ⅷ. 기타자산_본.지점,0,0, , ,0, , , , , , , , , , , , , , , , , , , , , , , , , , , , , , , , , , , , , , , , , , , , , , , , , 
776,부동산신탁,10905,교보자산신탁,B,SM005,요약재무상태표(‘11.03월 이후),A89,Ⅷ. 기타자산_보증금,7918604230,8000558410,8000558410,4961776810,8451776810,8451776810,8451776810,8451776810,8450976810,8450976810,8450976810,8724713810,8766224810,8766224810,6117605215,6117605215,5588424510,5588424510,6726750000,7477082000,7477082000,7477082000,7477082000,7477082000,7594082000,7716277580,5020889184,5032473141,5346137632,5360838067,5418242426,5388892963,5403291638,5418363208,2313273340,5551828134,5567139807,2462894230,3213376014,2728586571,2509682531,2525505321,1929586269,2000668478,4022874148,2045332665,2226351887,2253855871,2282914316,2312639396,2343515979,4487886187,4518703215,2512374917
777,부동산신탁,10905,교보자산신탁,B,SM005,요약재무상태표(‘11.03월 이후),A890,Ⅷ. 기타자산_보증금_전세권,0,0, , ,0, , , , , , , , , , , , , , , , , , , , , , , , , , , , , , , , , , , , , , , , , , , , , , , , , 
778,부동산신탁,10905,교보자산신탁,B,SM005,요약재무상태표(‘11.03월 이후),A891,Ⅷ. 기타자산_보증금_전신전화가입권,4840000,4840000,4840000,0,0, , , , , , , , , , , , , , , , , , , , , , , , , , , , , , , , , , , , , , , , , , , , , , , , , 
779,부동산신탁,10905,교보자산신탁,B,SM005,요약재무상태표(‘11.03월 이후),A892,Ⅷ. 기타자산_보증금_임차보증금,2863082000,2863082000,2863082000,10000000,3500000000,3500000000,3500000000,3500000000,3500000000,3500000000,3500000000,3773737000,3815248000,3815248000,3815248000,3815248000,3845770000,3845770000,3845770000,4596102000,4596102000,4596102000,4596102000,4596102000,4596102000,4596102000,1900713604,2147397000,2483853000,2483853000,2483853000,2483853000,2483853000,2483853000,2483853000,2431652554,2446964227,2462394230,2829588800,2728086571,2509182531,2525005321,1929086269,1950168478,1972374148,1994832665,2018460836,2040519784,2063754243,2087253262,2111976126,2136024226,2160346150,2194945017
780,부동산신탁,10905,교보자산신탁,B,SM005,요약재무상태표(‘11.03월 이후),A893,Ⅷ. 기타자산_보증금_회원보증금, , , , , , , , , , , , , , , , , , , , , , , , , , , ,-235099439,-257890948,-243190513,-185786154,-215135617,-200736942,-185665372,-171079660, , , ,-116712786, , , , , , , , , , , , , , , 
781,부동산신탁,10905,교보자산신탁,B,SM005,요약재무상태표(‘11.03월 이후),A894,Ⅷ. 기타자산_보증금_기타,5050682230,5132636410,5132636410,4951776810,4951776810,4951776810,4951776810,4951776810,4950976810,4950976810,4950976810,4950976810,4950976810,4950976810,2302357215,2302357215,1742654510,1742654510,2880980000,2880980000,2880980000,2880980000,2880980000,2880980000,2997980000,3120175580,3120175580,3120175580,3120175580,3120175580,3120175580,3120175580,3120175580,3120175580,500000,3120175580,3120175580,500000,500500000,500000,500000,500000,500000,50500000,2050500000,50500000,207891051,213336087,219160073,225386134,231539853,2351861961,2358357065,317429900
782,부동산신탁,10905,교보자산신탁,B,SM005,요약재무상태표(‘11.03월 이후),A8A,Ⅷ. 기타자산_투자부동산,668457272,666720425,664983578,663246731,661509884,659773037,658036190,656299343,654562496,652825649,651088802,649351955,647615108,645878261,644141414,642404567,640667720,638930873,637194026,635457179,633720332,321000000,319635425,318270850,316906275,315541700,314177125,312812550,311447975,310083400,308718825,307354250,305989675,304625100,303260525,301895950,300531375,299166800,297802225,296437651,295073077,293708503,292343925,290979351,289614777,288250203,286885625,285521051,284156477,282791903,281427325,280062751,278698177,277333603
783,부동산신탁,10905,교보자산신탁,B,SM005,요약재무상태표(‘11.03월 이후),A8A0,Ⅷ. 기타자산_투자부동산_(손상차손누계액),0,0, , ,0, , , , , , , , , , , , , , , , , , , , , , , , , , , , , , , , , , , , , , , , , , , , , , , , , 
784,부동산신탁,10905,교보자산신탁,B,SM005,요약재무상태표(‘11.03월 이후),A8A1,Ⅷ. 기타자산_투자부동산_토지,0,0, , ,0, , , , , , , , , , , , , , , , , , , , , , , , , , , , ,96300000,96300000,96300000,96300000,96300000,96300000,96300000,96300000,96300000,96300000,96300000,96300000,96300000,96300000,96300000,96300000,96300000,96300000,96300000,96300000,96300000
785,부동산신탁,10905,교보자산신탁,B,SM005,요약재무상태표(‘11.03월 이후),A8A2,Ⅷ. 기타자산_투자부동산_건물,668457272,666720425,664983578,663246731,661509884,659773037,658036190,656299343,654562496,652825649,651088802,649351955,647615108,645878261,644141414,642404567,640667720,638930873,637194026,635457179,633720332,321000000,319635425,318270850,316906275,315541700,314177125,312812550,311447975,310083400,308718825,307354250,305989675,286068593,286068593,286068593,286068593,286068593,286068593,286068593,286068593,286068593,286068593,286068593,286068593,286068593,286068593,286068593,286068593,286068593,286068593,286068593,286068593,286068593
786,부동산신탁,10905,교보자산신탁,B,SM005,요약재무상태표(‘11.03월 이후),A8A3,Ⅷ. 기타자산_투자부동산_건물감가상각누계액(-),0,0, , ,0, , , , , , , , , , , , , , , , , , , , , , , , , , , , ,77743493,79108068,80472643,81837218,83201793,84566368,85930942,87295516,88660090,90024668,91389242,92753816,94118390,95482968,96847542,98212116,99576690,100941268,102305842,103670416,105034990
787,부동산신탁,10905,교보자산신탁,B,SM005,요약재무상태표(‘11.03월 이후),A8B,Ⅷ. 기타자산_무형자산,186551483,174530297,205775778,191554592,177333404,163112215,148891035,135785282,143712196,131993842,120275485,108557131,96985446,85707093,74428732,63150379,191407026,177892923,159263812,236065832,216382323,200994864,186340733,173153273,159965813,316776331,491071424,510573685,480093560,446258435,2016085978,1973219194,1930352410,461445626,3538254438,379878742,339157661,2380823244,2317673590,2267968739,3141037241,3109252343,4015770017,5141818352,5443693745,5193310214,5283089284,5200712992,5001648771,4786116634,4588582549,4374336241,4160089932,3945843625
788,부동산신탁,10905,교보자산신탁,B,SM005,요약재무상태표(‘11.03월 이후),A8B0,Ⅷ. 기타자산_무형자산_(손상차손누계액),0,0, ,0,0, , , , , , , , , , , , , , , , , , , , , , , , , , , , , , , , , , , , , , , , , , , , , , , , , 
789,부동산신탁,10905,교보자산신탁,B,SM005,요약재무상태표(‘11.03월 이후),A8B1,Ⅷ. 기타자산_무형자산_영업권,0,0, ,0,0, , , , , , , , , , , , , , , , , , , , , , , , , , , , , , , , , , , , , , , , , , , , , , , , , 
790,부동산신탁,10905,교보자산신탁,B,SM005,요약재무상태표(‘11.03월 이후),A8B2,Ⅷ. 기타자산_무형자산_개발비,0,0, ,0,0, , , , , , , , , , , , , , , , , , , , , , , , , , , , , , , , , , , , , , , , , , , , , , , , , 
791,부동산신탁,10905,교보자산신탁,B,SM005,요약재무상태표(‘11.03월 이후),A8B3,Ⅷ. 기타자산_무형자산_소프트웨어,0,0, ,0,0, , , , , , , , , , , , , , , , , , , , , , ,349205518,327948892,327948892,508582092,547179194,504312410,461445626,418578858,379878742,339157661,330005664,571958010,522253159,475783261,429313363,430977637,3396102772,3570338165,3351906234,3251335935,3177888570,2965753276,2759150066,2592544908,2387227527,2181910145,1976592765
792,부동산신탁,10905,교보자산신탁,B,SM005,요약재무상태표(‘11.03월 이후),A8B4,Ⅷ. 기타자산_무형자산_회원권,0,0, ,0,0, , , , , , , , , , , , , , , , , , , , , , , , , , , , , ,3119675580, , ,1973465580,1745715580,1745715580,1745715580,1745715580,1745715580,1745715580,1817915580,1749003980,2031753349,2022824422,2013895495,2004966568,1996037641,1987108714,1978179787,1969250860
793,부동산신탁,10905,교보자산신탁,B,SM005,요약재무상태표(‘11.03월 이후),A8B5,Ⅷ. 기타자산_무형자산_기타,186551483,174530297,205775778,191554592,177333404,163112215,148891035,135785282,143712196,131993842,120275485,108557131,96985446,85707093,74428732,63150379,191407026,177892923,159263812,236065832,216382323,200994864,186340733,173153273,159965813,316776331,491071424,161368167,152144668,118309543,1507503886,1426040000,1426040000, , , , ,77352000, , ,919538400,934223400,1839076800, ,55440000,92400000, , ,22000000,22000000, , , , 
794,부동산신탁,10905,교보자산신탁,B,SM005,요약재무상태표(‘11.03월 이후),A8C,Ⅷ. 기타자산_가지급금,1006607010,1615953415,1613910229,1921614132,2489475294,3073920729,1766818461,1175558529,1142401286,1586696026,1664856404,1816404368,1687293668,1332810355,1150349715,1266918499,1343494649,1247267191,1176957816,1511098945,837233511,684939035,706233952,298661663,274145756,263598646,261946356,342134966,344981136,609477763,590149883,739622868,1027471409,6217556779,6257270186, , , , , , , , , , , , , , , , , , , 
795,부동산신탁,10905,교보자산신탁,B,SM005,요약재무상태표(‘11.03월 이후),A8D,Ⅷ. 기타자산_이연법인세자산,0,0, ,0,0, ,157613463,130201161,107709853, , , , , ,41671677,4282061,103514651,160802713,372043964,341207120,338164586,392927788,716120092,847345392,852041255,777158545,1106798825,1285318174,1300541923,1189642942,1280254258,1196329667,1301351341,1226645228,1930475792,1881820862,2318854652,2299247209,2194098148,1517870976,963981975,723903783,2009884771,1043745192,2855923584,4432390172,1785955574,1156351205,1629322967,2344859074,10277745710,18069514975,31720220652,41972556933
796,부동산신탁,10905,교보자산신탁,B,SM005,요약재무상태표(‘11.03월 이후),A8E,Ⅷ. 기타자산_일반상품,0,0, ,0,0, , , , , , , , , , , , , , , , , , , , , , , , , , , , , , , , , , , , , , , , , , , , , , , , , 
797,부동산신탁,10905,교보자산신탁,B,SM005,요약재무상태표(‘11.03월 이후),A8F,Ⅷ. 기타자산_기타,0,0,0,0,0,0,0,0,0,0,0,0,0,0,0,0,0,0,0,0,0,0,0,0,0,0,0,0,0,0,0,0,0,0,0,510000,8565758847,8631679267,13973851587,13216700641,12295142140,8950313218,10586259519,12664950996,27597803282,28185244705,27763258973,27710225639,27307617157,31732899915,33237681065,31724166810,32061798662,31843856363
798,부동산신탁,10905,교보자산신탁,B,SM005,요약재무상태표(‘11.03월 이후),A8G,Ⅷ. 기타자산_대손충당금(-),98300000,100635336,0,0,0,20350922,76063019,81312574,91239655,69135137,68381152,209627608,279010885,362615663,355733629,371561155,392892015,451190409,461082065,486476403,552951206,583345740,713677323,870730821,909835706,755182912,819570586,965494256,1039280318,864557530,417670433,392953181,460600235,1910167454,1938205663,2077775971,3992458573,4306569223,4075117346,4012380741,2959781272,2360179383,591102695,638876416,2856783055,3074080730,3509417348,5180120829,6145889705,8647620544,8147196911,8841792562,10966879539,15248193528
799,부동산신탁,10905,교보자산신탁,B,SM005,요약재무상태표(‘11.03월 이후),A8G0,Ⅷ. 기타자산_대손충당금(-)_미수금대손충당금,98300000,0, ,0,0, , , , , , , , , , , , , , , , , , , , , , ,944854903,1010107184,826558669,384472777,371513220,430608520,376340373,366125053,495530714,366725716,461539231,229173860,204585458,243939944,263083018,446017020,443205691,431684256,349468540,970432470,1382082555,1877599502,1674167751,2090618943,1850108362,2130127045,1880676159
800,부동산신탁,10905,교보자산신탁,B,SM005,요약재무상태표(‘11.03월 이후),A8G1,Ⅷ. 기타자산_대손충당금(-)_미수수익대손충당금,0,100635336,0,0,0,20350922,76063019,81312574,91239655,69135137,68381152,209627608,279010885,362615663,355733629,371561155,392892015,451190409,461082065,486476403,552951206,583345740,713677323,870730821,909835706,755182912,819570586,20639353,29173134,37998861,33197656,21439961,29991715,33599581,31751722,41916369,23421834,22180765,23231554,25537251,33661546,38207774,113322103,163248719,195976945,293629418,354775453,598680713,800258413,1645554376,2346922384,4183188574,4965957931,8693103693
801,부동산신탁,10905,교보자산신탁,B,SM005,요약재무상태표(‘11.03월 이후),A8G10,Ⅷ. 기타자산_대손충당금(-)_미수수익대손충당금_미수수수료대손충당금,0,100635336, ,0,0,20350922,39850652,53454124,76770086,53042491,51372994,183708399,256972063,338628881,334221131,353397550,390318647,447392452,457210208,475256647,544268695,572608442,703731075,856528947,895842335,740296237,810188852,20639353,29173134,37998861,33197656,21439961,29991715,33599581,31751722,41916369,23421834,22180765,23231554,25537251,33661546,38207774,113322103,163248719,195976945,293629418,354775453,598680713,800258413,1645554376,2346922384,4183188574,4965957931,8693103693
802,부동산신탁,10905,교보자산신탁,B,SM005,요약재무상태표(‘11.03월 이후),A8G11,Ⅷ. 기타자산_대손충당금(-)_미수수익대손충당금_미수이자대손충당금,0,0, ,0,0, ,36212367,27858450,14469569,16092646,17008158,25919209,22038822,23986782,21512498,18163605,2573368,3797957,3871857,11219756,8682511,10737298,9946248,14201874,13993371,14886675,9381734, , , , , , , , , , , , , , , , , , , , , , , , , , , 
803,부동산신탁,10905,교보자산신탁,B,SM005,요약재무상태표(‘11.03월 이후),A8G12,Ⅷ. 기타자산_대손충당금(-)_미수수익대손충당금_기타대손충당금,0,0, ,0,0, , , , , , , , , , , , , , , , , , , , , , , , , , , , , , , , , , , , , , , , , , , , , , , , , 
804,부동산신탁,10905,교보자산신탁,B,SM005,요약재무상태표(‘11.03월 이후),A8G2,Ⅷ. 기타자산_대손충당금(-)_선급금대손충당금,0,0, ,0,0, , , , , , , , , , , , , , , , , , , , , , , , , , , , , , , , , , , , ,195000,9029872,9688306,11412804,11252452,13157703,12661219,15849740,611237, ,1779329,4236060,4051123
805,부동산신탁,10905,교보자산신탁,B,SM005,요약재무상태표(‘11.03월 이후),A8G3,Ⅷ. 기타자산_대손충당금(-)_기타대손충당금,0,0, ,0,0, , , , , , , , , , , , , , , , , , , , , , , , , , , , ,1500227500,1540328888,1540328888,3602311023,3822849227,3822711932,3782258032,2682179782,2058693591,22733700,22733700,2217709050,2419730320,2171051722,3186696342,3452182050,5327287180,3709655584,2806716297,3866558503,4670362553
806,부동산신탁,10905,교보자산신탁,B,SM005,요약재무상태표(‘11.03월 이후),B,부채총계,5514487334,5668017052,5009324806,5523797094,4106556539,3723829095,4853865284,4148444095,3705834162,3429686091,4607761847,4398663284,5525607654,8131573841,9069667167,10316461401,11454440758,13039305184,18302433082,23047499889,18245041915,18217315519,24026664962,31738649319,20343676070,24884056001,37274518225,39278051852,19175710565,17593878670,25707425733,45266624399,31119028851,28304915157,35965382841,29251070314,30566848832,26357647024,32719157096,35705007945,36383568626,35435370699,67305383480,58965977534,62410742448,60522911910,65531263933,52875565527,82522932921,77252144701,95060944964,167899923222,190102825286,250491676209
807,부동산신탁,10905,교보자산신탁,B,SM005,요약재무상태표(‘11.03월 이후),B1,Ⅰ. 예수부채,0,0,0,0,0,0,0,0,0,0,0,0,0,0,0,0,0,0,0,0,0,0,0,0,0,0,0,0,0,0,0,0,0,0,0,0,0,0,0,0,0,0,0,0,0,0,0,0,0,0,0,0,0,0
808,부동산신탁,10905,교보자산신탁,B,SM005,요약재무상태표(‘11.03월 이후),B2,Ⅱ. 차입부채,0,0,0,0,0,0,0,0,0,0,0,0,0,0,0,0,0,0,0,0,0,0,0,0,0,0,0,0,0,0,0,0,0,0,0,0,0,0,0,0,0,0,0,0,0,0,0,0,28000000000,28000000000,36000000000,111925210217,136319190328,203037637875
809,부동산신탁,10905,교보자산신탁,B,SM005,요약재무상태표(‘11.03월 이후),B20,Ⅱ. 차입부채_(현재가치할인차금)(-),0,0, ,0,0, , , , , , , , , , , , , , , , , , , , , , , , , , , , , , , , , , , , , , , , , , , , , , , , , 
810,부동산신탁,10905,교보자산신탁,B,SM005,요약재무상태표(‘11.03월 이후),B21,Ⅱ. 차입부채_(현재가치할증차금)(+),0,0, ,0,0, , , , , , , , , , , , , , , , , , , , , , , , , , , , , , , , , , , , , , , , , , , , , , , , , 
811,부동산신탁,10905,교보자산신탁,B,SM005,요약재무상태표(‘11.03월 이후),B22,Ⅱ. 차입부채_차입금,0,0,0,0,0,0,0,0,0,0,0,0,0,0,0,0,0,0,0,0,0,0,0,0,0,0,0,0,0,0,0,0,0,0,0,0,0,0,0,0,0,0,0,0,0,0,0,0,28000000000,28000000000,36000000000,41000000000,37500000001,54393966319
812,부동산신탁,10905,교보자산신탁,B,SM005,요약재무상태표(‘11.03월 이후),B23,Ⅱ. 차입부채_매도증권,0,0,0,0,0,0,0,0,0,0,0,0,0,0,0,0,0,0,0,0,0,0,0,0,0,0,0,0,0,0,0,0,0,0,0,0,0,0,0,0,0,0,0,0,0,0,0,0,0,0,0,0,0,0
813,부동산신탁,10905,교보자산신탁,B,SM005,요약재무상태표(‘11.03월 이후),B24,Ⅱ. 차입부채_사채,0,0, ,0,0, , , , , , , , , , , , , , , , , , , , , ,0,0,0,0,0,0,0,0,0,0,0,0,0,0,0,0,0,0,0,0,0,0,0,0,0,70925210217,98819190327,148643671556
814,부동산신탁,10905,교보자산신탁,B,SM005,요약재무상태표(‘11.03월 이후),B240,Ⅱ. 차입부채_(사채발행차금),0,0, ,0,0, , , , , , , , , , , , , , , , , , , , , , , , , , , , , , , , , , , , , , , , , , , , , , , , , 
815,부동산신탁,10905,교보자산신탁,B,SM005,요약재무상태표(‘11.03월 이후),B25,Ⅱ. 차입부채_발행어음(종금계정),0,0, ,0,0, , , , , , , , , , , , , , , , , , , , , , , , , , , , , , , , , , , , , , , , , , , , , , , , , 
816,부동산신탁,10905,교보자산신탁,B,SM005,요약재무상태표(‘11.03월 이후),B26,Ⅱ. 차입부채_기타,0,0,0,0,0,0,0,0,0,0,0,0,0,0,0,0,0,0,0,0,0,0,0,0,0,0,0,0,0,0,0,0,0,0,0,0,0,0,0,0,0,0,0,0,0,0,0,0,0,0,0,0,0,0
817,부동산신탁,10905,교보자산신탁,B,SM005,요약재무상태표(‘11.03월 이후),B3,Ⅳ. 기타부채,5514487334,5668017052,5009324806,5523797094,4106556539,3723829095,4853865284,4148444095,3705834162,3429686091,4607761847,4398663284,5525607654,8131573841,9069667167,10316461401,11454440758,13039305184,18302433082,23047499889,18245041915,18217315519,24026664962,31738649319,20343676070,24884056001,37274518225,39278051852,19175710565,17593878670,25707425733,45266624399,31119028851,28304915157,35965382841,29251070314,30566848832,26357647024,32719157096,35705007945,36383568626,35435370699,67305383480,58965977534,62410742448,60522911910,65531263933,52875565527,54522932921,49252144701,59060944964,55974713005,53783634958,47454038334
818,부동산신탁,10905,교보자산신탁,B,SM005,요약재무상태표(‘11.03월 이후),B30,Ⅳ. 기타부채_(현재가치할인차금)(-),0,0, ,0,0, , , , , , , , , , , , , , , , , , , , , ,0, , , , , , , , , , , , , , , , , , , , , , , , , , , 
819,부동산신탁,10905,교보자산신탁,B,SM005,요약재무상태표(‘11.03월 이후),B31,Ⅳ. 기타부채_(현재가치할증차금)(+),0,0, ,0,0, , , , , , , , , , , , , , , , , , , , , , , , , , , , , , , , , , , , , , , , , , , , , , , , , 
820,부동산신탁,10905,교보자산신탁,B,SM005,요약재무상태표(‘11.03월 이후),B32,Ⅳ. 기타부채_퇴직급여부채,1127317595,1370302641,427236802,505490472,476491839,745814958,392946541,444909419,738856537,825549935,614351482,801011125,772143035,1068565470,215113960,400884352,300832994,775013110,1994289354,2285910477,2578228426,2870320697,2450817347,2802753676,2803809675,2155007697,1418561201,1774386556,2130083343,2485611291,2514981696,2944802948,3374523424,3406289214,1430990367,1889613606,1900632400,2370401141,0,0,0,0,0,0,0,0,0,0,0,0,0,0,0,0
821,부동산신탁,10905,교보자산신탁,B,SM005,요약재무상태표(‘11.03월 이후),B320,Ⅳ. 기타부채_퇴직급여부채_확정급여채무,4092711407,4365570436,4230498165,4214369484,4172694673,4369057482,4432194205,4510299306,4623752406,4717155393,4968564461,5064962246,4524277141,4697878546,4949287355,4889458128,4816871820,4870398103,7004300782,7094328727,7369404583,7678988978,9146966913,9222845103,8502027403,8883380623,9025477360,9271081959,9607321578,9888988467,11065492148,11358340582,11769585556,10477665690,11376002887,11501843997,9362894038,9861495078,8679163808,8884163628,8758626118,9100695348,7876215088,8208252623,8471297428,8872341653,7838595216,8287950100,8418420644,8590901778,7800206555,8268007794,8730173703,9187222302
822,부동산신탁,10905,교보자산신탁,B,SM005,요약재무상태표(‘11.03월 이후),B322,"Ⅳ. 기타부채_퇴직급여부채_미인식보험수리적손익(+,-)",0,0, ,0,0, , , , , , , , , , , , , , , , , , , , , , , , , , , , , , , , , , , , , , , , , , , , , , , , , 
823,부동산신탁,10905,교보자산신탁,B,SM005,요약재무상태표(‘11.03월 이후),B323,Ⅳ. 기타부채_퇴직급여부채_미인식과거근무원가(-),0,0, ,0,0, , , , , , , , , , , , , , , , , , , , , ,0, , , , , , , , , , , , , , , , , , , , , , , , , , , 
824,부동산신탁,10905,교보자산신탁,B,SM005,요약재무상태표(‘11.03월 이후),B324,Ⅳ. 기타부채_퇴직급여부채_사외적립자산(-),2965393812,2995267795,3803261363,3708879012,3696202834,3623242524,4039247664,4065389887,3884895869,3891605458,4354212979,4263951121,3752134106,3629313076,4734173395,4488573776,4516038826,4095384993,5010011428,4808418250,4791176157,4808668281,6696149566,6420091427,5698217728,6728372926,7606916159,7496695403,7477238235,7403377176,8550510452,8413537634,8395062132,7071376476,9945012520,9612230391,7462261638,7491093937,8679163808,8884163628,8758626118,9100695348,7876215088,8208252623,8471297428,8872341653,7838595216,8287950100,8418420644,8590901778,7800206555,8268007794,8730173703,9187222302
825,부동산신탁,10905,교보자산신탁,B,SM005,요약재무상태표(‘11.03월 이후),B33,Ⅳ. 기타부채_충당부채,0,0,0,0,0,0,594182208,594520603,595819546,26643513,52975551,55357055,589122434,589444673,29284193,29522854,29763461,30006028,30191871,35917112,36105093,36294059,36121031,36230674,36426805,0,584842982,588407325,592143284,596053847,622464359,655920959,660084552,664442727,668660414,713911474,718395476,722910913,727456922,732017491,736615428,741245585,928127985,844348276,1165488411,1670780804,2818487344,2314042651,3640717820,3148788785,6031980915,5347161828,1790867449,1505150157
826,부동산신탁,10905,교보자산신탁,B,SM005,요약재무상태표(‘11.03월 이후),B330,Ⅳ. 기타부채_충당부채_채무보증충당부채,0,0, ,0,0, , , , , , , , , , , , , , , , , , , , , , , , , , , , , , , , , , , , , , , , , , , , , , , , , 
827,부동산신탁,10905,교보자산신탁,B,SM005,요약재무상태표(‘11.03월 이후),B331,Ⅳ. 기타부채_충당부채_복구충당부채,0,0, ,0,0, ,25614857,25953252,26296118,26643513,26422217,28803721,29122434,29444673,29284193,29522854,29763461,30006028,30191871,35917112,36105093,36294059,36121031,36230674,36426805, ,584842982,588407325,592143284,596053847,619421269,655920959,660084552,664442727,668660414,713911474,718395476,722910913,727456922,732017491,736615428,741245585,639117792,646169858,653527497,660968914,668728119,676106908,683805426,691591604,699710292,707677571,715735570,723885321
828,부동산신탁,10905,교보자산신탁,B,SM005,요약재무상태표(‘11.03월 이후),B332,Ⅳ. 기타부채_충당부채_특별대손충당금,0,0, ,0,0, , , , , , , , , , , , , , , , , , , , , , , , , , , , , , , , , , , , , , , , , , , , , , , , , 
829,부동산신탁,10905,교보자산신탁,B,SM005,요약재무상태표(‘11.03월 이후),B333,Ⅳ. 기타부채_충당부채_신탁위험충당금,0,0, ,0,0, ,568567351,568567351,569523428, ,26553334,26553334,560000000,560000000, , , , , , , , , , , , , , , , ,3043090, , , , , , , , , , , , , , , , , , , , , , , 
830,부동산신탁,10905,교보자산신탁,B,SM005,요약재무상태표(‘11.03월 이후),B334,Ⅳ. 기타부채_충당부채_기타,0,0, ,0,0, , , , , , , , , , , , , , , , , , , , , , , , , , , , , , , , , , , , , ,289010193,198178418,511960914,1009811890,2149759225,1637935743,2956912394,2457197181,5332270623,4639484257,1075131879,781264836
831,부동산신탁,10905,교보자산신탁,B,SM005,요약재무상태표(‘11.03월 이후),B34,Ⅳ. 기타부채_미지급법인세,490741387,289338951,546007659,400036722,261094323, ,404425420,272311607,190923451, , , ,443030822,967741046,937210991,1417567912,2051440917,2728931509,3127166085,2884856008,2975797804,3143919025,4787732681,4748699662,5776908852,4110161263,5217702229,5426292470,4992268835,3819062845,5292789056,4885500495,4809797609,3343412827,4956059739,4303362461,2986183425,378477199,1563921442,2335987816,3162229769,3474906492,5559486179,4622082843,5509885419,6390906790,5602950636,3651756221,1210017294, , , , , 
832,부동산신탁,10905,교보자산신탁,B,SM005,요약재무상태표(‘11.03월 이후),B35,Ⅳ. 기타부채_미지급배당금,0,0, ,1500000000, , , ,500000000, , , ,400000000, , , ,1000000000, , , ,6000000000, , , ,10000000000, , , ,20000000000, , , ,14000000000, , , , , , , , , , , , , , , , , , , , , , 
833,부동산신탁,10905,교보자산신탁,B,SM005,요약재무상태표(‘11.03월 이후),B36,Ⅳ. 기타부채_미지급금,0,0, ,0,134702240, , ,120992120, ,86261600, , ,120880540, , , ,286534420, , , , , , , , , , , , , , , , , ,5048460, , , , , , , ,50280840, , , ,323950086, ,48800000, ,1703763550, , , 
834,부동산신탁,10905,교보자산신탁,B,SM005,요약재무상태표(‘11.03월 이후),B37,Ⅳ. 기타부채_미지급비용,67852497,239617345,572303535,52091250,57063510,55132010,731571850,54745210,58479140,60584140,772439536,56104540,65610570,141227100,981735561,75642840,81644047,82335220,1737529030,83291980,95702120,104446070,2639293602,2202086840,130379760,129354910,2824486624,235338009,171644495,187370030,4473931895,692650470,1095766319,692245110,6728382182,1319075824,1730368191,1764573059,6163687265,2360897723,1395759279,2026531845,7366280591,1267663728,1118125919,1174633272,6849340296,1480858666,1563206531,1613794599,3474803101,1772304403,2570055668,3262052230
835,부동산신탁,10905,교보자산신탁,B,SM005,요약재무상태표(‘11.03월 이후),B38,Ⅳ. 기타부채_임대보증금,0,0, ,0, , , , , , , , , , , , , , , , , , , , , , , , , , , , , , , , , , , , , , , , , , , , , , , , , , 
836,부동산신탁,10905,교보자산신탁,B,SM005,요약재무상태표(‘11.03월 이후),B39,Ⅳ. 기타부채_선수금,0,0, ,0, , , , , , , , , , , , , , , , , , , , , , , , , , , , , , , , , , , , , , , , , , , , , , , , , , 
837,부동산신탁,10905,교보자산신탁,B,SM005,요약재무상태표(‘11.03월 이후),B3A,Ⅳ. 기타부채_선수수익,3132838891,3112982443,2690359416,2413170690,2431858664,2084046696,2357366020,1958756909,1884641393,2114202802,2552477623,2689775408,3110450486,4906138806,6380933187,7085833847,8281184935,9014286520,10302954722,11142555160,11395297350,11483001402,12361288798,11398605525,10157236707,9692380564,9919735047,9336268405,9170295119,8979298108,9660730863,10012000994,10216942309,10182227516,11798859386,10251865174,11220198663,12635512113,15689331947,19945949972,22387095853,19204641377,25097145740,25651396102,29497415219,27032744560,26057848211,22067737519,23973753217,20574687632,21531201600,25209318612,18167662642,14543326187
838,부동산신탁,10905,교보자산신탁,B,SM005,요약재무상태표(‘11.03월 이후),B3B,Ⅳ. 기타부채_가수금,0,0, ,0,0, , , , , , , , , , , , , , , , , , , , , , , , , , , , , , , , , , , , , , , , , , , , , , , , , 
839,부동산신탁,10905,교보자산신탁,B,SM005,요약재무상태표(‘11.03월 이후),B3C,Ⅳ. 기타부채_대리점,0,0, ,0,0, , , , , , , , , , , , , , , , , , , , , , , , , , , , , , , , , , , , , , , , , , , , , , , , , 
840,부동산신탁,10905,교보자산신탁,B,SM005,요약재무상태표(‘11.03월 이후),B3D,Ⅳ. 기타부채_본.지점,0,0, ,0,0, , , , , , , , , , , , , , , , , , , , , , , , , , , , , , , , , , , , , , , , , , , , , , , , , 
841,부동산신탁,10905,교보자산신탁,B,SM005,요약재무상태표(‘11.03월 이후),B3E,Ⅳ. 기타부채_이연법인세부채,472334242,445548758,456512531,483144941,524914392,565640296, , , ,55913990,184159740,183800967,88547003,115046220, , , , , , , , , , , , , , , , , , , , , , , , , , , , , , , , , , , , , , , , 
842,부동산신탁,10905,교보자산신탁,B,SM005,요약재무상태표(‘11.03월 이후),B3F,Ⅳ. 기타부채_제세금예수금,152192750,137843915,276472288,96286059,151100641,202858870,298961270,127579622,149477125,178186531,355947775,128737580,258201318,256304920,439347059,221307850,344979837,323620080,1015649274,518898596,401246530,477306641,1641499935,442497374,1323145806,8506922045,17087529167,1050458683,1885662720,1286024505,2885774642,1567812623,1048932821,1356053536,2726193722,2701935783,4716890374,2036612718,2779248155,4764489053,4354740469,6411951152,4743438689,2695235219,2813045292,1953230364,2641963164,2564162416,1782100503,1685736976,4786932542,2797950411,10956705322,7908427019
843,부동산신탁,10905,교보자산신탁,B,SM005,요약재무상태표(‘11.03월 이후),B3G,Ⅳ. 기타부채_신탁계정차,0,0, , , , , , , , , , , , , , , , , , , , , , , , , , , , , , , , , , , , , , , , , , , , , , , , , , , , 
844,부동산신탁,10905,교보자산신탁,B,SM005,요약재무상태표(‘11.03월 이후),B3H,Ⅳ. 기타부채_기타,71209972,72382999,40432575,73576960,69330930,70336265,74411975,74628605,87636970,82343580,75410140,83876609,77621446,87105606,86042216,85701746,78060147,85112717,94652746,96070556,762664592,102027625,109911568,107775568,115768465,290229522,221660975,866900404,233612769,240458044,256753222,10507935910,9912981817,8660244227,7651188571,8071305992,7294180303,6449159881,5795511365,5565665890,4347127828,3576094248,23560623456,23885251366,22306782188,22300616120,21236724196,20797008054,22304337556,22229136709,21532263256,20847977751,20298343877,20235082741
845,부동산신탁,10905,교보자산신탁,B,SM005,요약재무상태표(‘11.03월 이후),B4,Ⅲ. 파생상품부채,0,0,0,0,0,0,0,0,0,0,0,0,0,0,0,0,0,0,0,0,0,0,0,0,0,0,0,0,0,0,0,0,0,0,0,0,0,0,0,0,0,0,0,0,0,0,0,0,0,0,0,0,0,0
846,부동산신탁,10905,교보자산신탁,B,SM005,요약재무상태표(‘11.03월 이후),B40,Ⅲ. 파생상품부채_이자율관련,0,0,0,0,0,0,0,0,0,0,0,0,0,0,0,0,0,0,0,0,0,0,0,0,0,0,0,0,0,0,0,0,0,0,0,0,0,0,0,0,0,0,0,0,0,0,0,0,0,0,0,0,0,0
847,부동산신탁,10905,교보자산신탁,B,SM005,요약재무상태표(‘11.03월 이후),B41,Ⅲ. 파생상품부채_통화관련,0,0,0,0,0,0,0,0,0,0,0,0,0,0,0,0,0,0,0,0,0,0,0,0,0,0,0,0,0,0,0,0,0,0,0,0,0,0,0,0,0,0,0,0,0,0,0,0,0,0,0,0,0,0
848,부동산신탁,10905,교보자산신탁,B,SM005,요약재무상태표(‘11.03월 이후),B42,Ⅲ. 파생상품부채_주식관련,0,0,0,0,0,0,0,0,0,0,0,0,0,0,0,0,0,0,0,0,0,0,0,0,0,0,0,0,0,0,0,0,0,0,0,0,0,0,0,0,0,0,0,0,0,0,0,0,0,0,0,0,0,0
849,부동산신탁,10905,교보자산신탁,B,SM005,요약재무상태표(‘11.03월 이후),B43,Ⅲ. 파생상품부채_신용관련,0,0,0,0,0,0,0,0,0,0,0,0,0,0,0,0,0,0,0,0,0,0,0,0,0,0,0,0,0,0,0,0,0,0,0,0,0,0,0,0,0,0,0,0,0,0,0,0,0,0,0,0,0,0
850,부동산신탁,10905,교보자산신탁,B,SM005,요약재무상태표(‘11.03월 이후),B44,Ⅲ. 파생상품부채_상품관련,0,0,0,0,0,0,0,0,0,0,0,0,0,0,0,0,0,0,0,0,0,0,0,0,0,0,0,0,0,0,0,0,0,0,0,0,0,0,0,0,0,0,0,0,0,0,0,0,0,0,0,0,0,0
851,부동산신탁,10905,교보자산신탁,B,SM005,요약재무상태표(‘11.03월 이후),B45,Ⅲ. 파생상품부채_기타파생상품부채,0,0, ,0,0, , , , , , , , , , , , , , , , , , , , , ,0, , , , , , , , , , , , , , , , , , , , , , , , , , , 
852,부동산신탁,10905,교보자산신탁,B,SM005,요약재무상태표(‘11.03월 이후),B46,Ⅲ. 파생상품부채_파생상품 신용위험평가조정액,0,0,0,0,0,0,0,0,0,0,0,0,0,0,0,0,0,0,0,0,0,0,0,0,0,0,0,0,0,0,0,0,0,0,0,0,0,0,0,0,0,0,0,0,0,0,0,0,0,0,0,0,0,0
853,부동산신탁,10905,교보자산신탁,B,SM005,요약재무상태표(‘11.03월 이후),B47,Ⅲ. 파생상품부채_파생상품 거래일손익인식평가조정액,0,0, ,0,0, , , , , , , , , , , , , , , , , , , , , , , , , , , , , , , , , , , , , , , , , , , , , , , , , 
854,부동산신탁,10905,교보자산신탁,B,SM005,요약재무상태표(‘11.03월 이후),B5,Ⅴ. 요구불상환지분,0,0,0,0,0,0,0,0,0,0,0,0,0,0,0,0,0,0,0,0,0,0,0,0,0,0,0,0,0,0,0,0,0,0,0,0,0,0,0,0,0,0,0,0,0,0,0,0,0,0,0,0,0,0
855,부동산신탁,10905,교보자산신탁,B,SM005,요약재무상태표(‘11.03월 이후),C,자본총계,64229860287,65194897884,66001795124,64809340175,65453447989,65603607788,64946838671,64600952322,65174494530,65823438621,65168989872,64893083191,65790015982,67535115711,66602013302,68828062627,72307279654,75822888460,76151244663,74153669463,80350129278,86126604213,89760652521,86740592650,92561309328,100984274976,103297519360,91318666092,99609477099,107248182638,110749958082,103275826803,112467938711,120846855773,122529438112,126520065973,130337166939,134237354200,138670220166,144854231780,152616116522,312007365780,313842694328,321877266520,329905445470,339171447769,344749996378,347864883859,349014458086,491511512939,464675647392,438263719001,392512975503,327394638123
856,부동산신탁,10905,교보자산신탁,B,SM005,요약재무상태표(‘11.03월 이후),C1,Ⅰ. 자본금,10000000000,10000000000,10000000000,10000000000,10000000000,10000000000,10000000000,10000000000,10000000000,10000000000,10000000000,10000000000,10000000000,10000000000,10000000000,10000000000,10000000000,10000000000,10000000000,10000000000,10000000000,10000000000,10000000000,10000000000,10000000000,10000000000,10000000000,10000000000,10000000000,10000000000,10000000000,10000000000,10000000000,10000000000,10000000000,10000000000,10000000000,10000000000,10000000000,10000000000,10000000000,16500940000,16500940000,16500940000,16500940000,16500940000,16500940000,16500940000,16500940000,21648460000,21648460000,21648460000,21648460000,21648460000
857,부동산신탁,10905,교보자산신탁,B,SM005,요약재무상태표(‘11.03월 이후),C10,Ⅰ. 자본금_보통주자본금,10000000000,10000000000,10000000000,10000000000,10000000000,10000000000,10000000000,10000000000,10000000000,10000000000,10000000000,10000000000,10000000000,10000000000,10000000000,10000000000,10000000000,10000000000,10000000000,10000000000,10000000000,10000000000,10000000000,10000000000,10000000000,10000000000,10000000000,10000000000,10000000000,10000000000,10000000000,10000000000,10000000000,10000000000,10000000000,10000000000,10000000000,10000000000,10000000000,10000000000,10000000000,16500940000,16500940000,16500940000,16500940000,16500940000,16500940000,16500940000,16500940000,21648460000,21648460000,21648460000,21648460000,21648460000
858,부동산신탁,10905,교보자산신탁,B,SM005,요약재무상태표(‘11.03월 이후),C11,Ⅰ. 자본금_우선주자본금,0,0,0,0,0,0,0,0,0,0,0,0,0,0,0,0,0,0,0,0,0,0,0,0,0,0,0,0,0,0,0,0,0,0,0,0,0,0,0,0,0,0,0,0,0,0,0,0,0,0,0,0,0,0
859,부동산신탁,10905,교보자산신탁,B,SM005,요약재무상태표(‘11.03월 이후),C110,Ⅰ. 자본금_우선주자본금_상환우선주,0,0, ,0,0, , , , , , , , , , , , , , , , , , , , , , , , , , , , , , , , , , , , , , , , , , , , , , , , , 
860,부동산신탁,10905,교보자산신탁,B,SM005,요약재무상태표(‘11.03월 이후),C111,Ⅰ. 자본금_우선주자본금_전환우선주,0,0, ,0,0, , , , , , , , , , , , , , , , , , , , , , , , , , , , , , , , , , , , , , , , , , , , , , , , , 
861,부동산신탁,10905,교보자산신탁,B,SM005,요약재무상태표(‘11.03월 이후),C112,Ⅰ. 자본금_우선주자본금_기타,0,0, ,0,0, , , , , , , , , , , , , , , , , , , , , , , , , , , , , , , , , , , , , , , , , , , , , , , , , 
862,부동산신탁,10905,교보자산신탁,B,SM005,요약재무상태표(‘11.03월 이후),C2,Ⅱ. 자본잉여금,0,0,0,0,0,0,0,0,0,0,0,0,0,0,0,0,0,0,0,0,0,0,0,0,0,0,0,0,0,0,0,0,0,0,0,0,0,0,0,0,0,143455386474,143455386474,143455386474,143455386474,143455386474,143455386474,143455386474,143455386474,288271186240,288271186240,288271186240,288271186240,288271186240
863,부동산신탁,10905,교보자산신탁,B,SM005,요약재무상태표(‘11.03월 이후),C20,Ⅱ. 자본잉여금_주식발행초과금,0,0, ,0,0, , , , , , , , , , , , , , , , , , , , , , , , , , , , , , , , , , , , ,143455386474,143455386474,143455386474,143455386474,143455386474,143455386474,143455386474,143455386474,288271186240,288271186240,288271186240,288271186240,288271186240
864,부동산신탁,10905,교보자산신탁,B,SM005,요약재무상태표(‘11.03월 이후),C21,Ⅱ. 자본잉여금_감자차익,0,0, ,0,0, , , , , , , , , , , , , , , , , , , , , , , , , , , , , , , , , , , , , , , , , , , , , , , , , 
865,부동산신탁,10905,교보자산신탁,B,SM005,요약재무상태표(‘11.03월 이후),C22,Ⅱ. 자본잉여금_자기주식처분이익,0,0, ,0,0, , , , , , , , , , , , , , , , , , , , , , , , , , , , , , , , , , , , , , , , , , , , , , , , , 
866,부동산신탁,10905,교보자산신탁,B,SM005,요약재무상태표(‘11.03월 이후),C23,Ⅱ. 자본잉여금_기타자본잉여금,0,0, ,0,0, , , , , , , , , , , , , , , , , , , , , , , , , , , , , , , , , , , , , , , , , , , , , , , , , 
867,부동산신탁,10905,교보자산신탁,B,SM005,요약재무상태표(‘11.03월 이후),C3,Ⅲ. 자본조정,0,0,0,0,0,0,0,0,0,0,0,0,0,0,0,0,0,0,0,0,0,0,0,0,0,0,0,0,0,0,0,0,0,0,0,0,0,0,0,0,0,0,0,0,0,0,0,0,0,0,0,0,0,0
868,부동산신탁,10905,교보자산신탁,B,SM005,요약재무상태표(‘11.03월 이후),C30,Ⅲ. 자본조정_주식할인발행차금,0,0, ,0,0, , , , , , , , , , , , , , , , , , , , , , , , , , , , , , , , , , , , , , , , , , , , , , , , , 
869,부동산신탁,10905,교보자산신탁,B,SM005,요약재무상태표(‘11.03월 이후),C31,Ⅲ. 자본조정_자기주식,0,0, ,0,0, , , , , , , , , , , , , , , , , , , , , , , , , , , , , , , , , , , , , , , , , , , , , , , , , 
870,부동산신탁,10905,교보자산신탁,B,SM005,요약재무상태표(‘11.03월 이후),C32,Ⅲ. 자본조정_자기주식처분손실,0,0, ,0,0, , , , , , , , , , , , , , , , , , , , , , , , , , , , , , , , , , , , , , , , , , , , , , , , , 
871,부동산신탁,10905,교보자산신탁,B,SM005,요약재무상태표(‘11.03월 이후),C33,Ⅲ. 자본조정_주식매입선택권,0,0, ,0,0, , , , , , , , , , , , , , , , , , , , , , , , , , , , , , , , , , , , , , , , , , , , , , , , , 
872,부동산신탁,10905,교보자산신탁,B,SM005,요약재무상태표(‘11.03월 이후),C34,Ⅲ. 자본조정_신주청약증거금,0,0, ,0,0, , , , , , , , , , , , , , , , , , , , , , , , , , , , , , , , , , , , , , , , , , , , , , , , , 
873,부동산신탁,10905,교보자산신탁,B,SM005,요약재무상태표(‘11.03월 이후),C35,Ⅲ. 자본조정_기타,0,0, ,0,0, , , , , , , , , , , , , , , , , , , , , , , , , , , , , , , , , , , , , , , , , , , , , , , , , 
874,부동산신탁,10905,교보자산신탁,B,SM005,요약재무상태표(‘11.03월 이후),C4,Ⅳ. 기타포괄손익누계액,444822475,461959000,645063303,628707774,665278729,695457233,0,0,0,0,49627501,44815701,39390515,31338571,-176186528,-183313316,-190995988,-199585513,-1792846867,-1801664734,-1811026125,-1820211487,-2756352265,-2769690227,-2783991691,-2796770017,-2796770017,-2686109117,-2704806984,-2723376871,-2723376871,-3413605113,-3422814497,-3434721360,-4057222776,-4057061912,-4059372810,-4067701077,-4560784075,-4573740185,-4588129544,-4602673592,-4338405985,-4346120901,-4353892316,-4361124037,-3716118011,-3726721244,-3735100581,-3745718893,-4256734032,-4274399207,-3731137161,-4305494015
875,부동산신탁,10905,교보자산신탁,B,SM005,요약재무상태표(‘11.03월 이후),C40,Ⅳ. 기타포괄손익누계액_기타포괄손익-공정가치측정금융자산평가손익,444822475,461959000,645063303,628707774,665278729,695457233,0,0,0,0,0,0,0,0,0,0,0,0,0,0,0,0,0,0,0,0,0,0,0,0,0,0,0,0,0,0,0,0,0,0,0,0,0,0,0,0,0,0,0,0,0,0,560000000,0
876,부동산신탁,10905,교보자산신탁,B,SM005,요약재무상태표(‘11.03월 이후),C41,Ⅳ. 기타포괄손익누계액_기타포괄손익-공정가치측정금융자산처분손익, , , , , , , , , , , , , , , , , , , , , , , , , , , , , , , , , , , , , , , , , , , , , , , , , , , , , , 
877,부동산신탁,10905,교보자산신탁,B,SM005,요약재무상태표(‘11.03월 이후),C42,Ⅳ. 기타포괄손익누계액_지분법 자본변동,0,0, ,0,0, , , , , , , , , , , , , , , , , , , , , , , , , , , , , , , , , , , , , , , , , , , , , , , , , 
878,부동산신탁,10905,교보자산신탁,B,SM005,요약재무상태표(‘11.03월 이후),C43,Ⅳ. 기타포괄손익누계액_부의 지분법 자본변동,0,0, ,0,0, , , , , , , , , , , , , , , , , , , , , , , , , , , , , , , , , , , , , , , , , , , , , , , , , 
879,부동산신탁,10905,교보자산신탁,B,SM005,요약재무상태표(‘11.03월 이후),C44,Ⅳ. 기타포괄손익누계액_위험회피 파생상품평가손익,0,0, ,0,0, , , , , , , , , , , , , , , , , , , , , , , , , , , , , , , , , , , , , , , , , , , , , , , , , 
880,부동산신탁,10905,교보자산신탁,B,SM005,요약재무상태표(‘11.03월 이후),C45,Ⅳ. 기타포괄손익누계액_외환차이누계액,0,0, ,0,0, , , , , , , , , , , , , , , , , , , , , , , , , , , , , , , , , , , , , , , , , , , , , , , , , 
881,부동산신탁,10905,교보자산신탁,B,SM005,요약재무상태표(‘11.03월 이후),C46,Ⅳ. 기타포괄손익누계액_유형자산재평가이익,0,0, ,0,0, , , , , , , , , , , , , , , , , , , , , , , , , , , , , , , , , , , , , , , , , , , , , , , , , 
882,부동산신탁,10905,교보자산신탁,B,SM005,요약재무상태표(‘11.03월 이후),C47,Ⅳ. 기타포괄손익누계액_기타,0,0, ,0,0, , , , , ,49627501,44815701,39390515,31338571,-176186528,-183313316,-190995988,-199585513,-1792846867,-1801664734,-1811026125,-1820211487,-2756352265,-2769690227,-2783991691,-2796770017,-2796770017,-2686109117,-2704806984,-2723376871,-2723376871,-3413605113,-3422814497,-3434721360,-4057222776,-4057061912,-4059372810,-4067701077,-4560784075,-4573740185,-4588129544,-4602673592,-4338405985,-4346120901,-4353892316,-4361124037,-3716118011,-3726721244,-3735100581,-3745718893,-4256734032,-4274399207,-4291137161,-4305494015
883,부동산신탁,10905,교보자산신탁,B,SM005,요약재무상태표(‘11.03월 이후),C5,Ⅴ. 이익잉여금,53785037812,54732938884,55356731821,54180632401,54788169260,54908150555,54946838671,54600952322,55174494530,55823438621,55119362371,54848267490,55750625467,57503777140,56778199830,59011375943,62498275642,66022473973,67944091530,65955334197,72161155403,77946815700,82517004786,79510282877,85345301019,93781044993,96094289377,84004775209,92314284083,99971559509,103473334953,96689431916,105890753208,114281577133,116586660888,120577127885,124396539749,128305055277,133231004241,139427971965,147204246066,156653712898,158224773839,166267060947,174303011312,183576245332,188509787915,191635278629,192793232193,185337585592,159012735184,132618471968,86324466424,21780485898
884,부동산신탁,10905,교보자산신탁,B,SM005,요약재무상태표(‘11.03월 이후),C50,Ⅴ. 이익잉여금_이익준비금,10000000000,10000000000,10000000000,10000000000,10000000000,10000000000,10000000000,10000000000,10000000000,10000000000,10000000000,10000000000,10000000000,10000000000,10000000000,10000000000,10000000000,10000000000,10000000000,10000000000,10000000000,10000000000,10000000000,10000000000,10000000000,10000000000,10000000000,10000000000,10000000000,10000000000,10000000000,10000000000,10000000000,10000000000,10000000000,10000000000,10000000000,10000000000,10000000000,10000000000,10000000000,10000000000,10000000000,10000000000,10000000000,10000000000,10000000000,10000000000,10000000000,10000000000,10000000000,10000000000,10000000000,10000000000
885,부동산신탁,10905,교보자산신탁,B,SM005,요약재무상태표(‘11.03월 이후),C51,Ⅴ. 이익잉여금_대손준비금,0,105474572,86223868,93534125,98909651,95825033,146115496,174350891,192089654,271565781,309356330,354448561,415406588,411644529,421226567,465092239,471175227,446763623,427488091,438787231,484236859,536288083,136874064,175207214,199985566,127843042,232715766,345140576,510920160,307640658,332006663,328197683,355055215,475745584,385423432,439190005,433185482,448230414,475209011,499644856,436129784,453749966,584147874,3050545192,5764186290,5621218846,12234402728,15244227634,25255716366,15918004872,31413447117,39657284888,40481487832,31413447117
886,부동산신탁,10905,교보자산신탁,B,SM005,요약재무상태표(‘11.03월 이후),C52,Ⅴ. 이익잉여금_전자금융사고배상준비금,0,0, , , , , , , , , , , , , , , , , , , , , , , , , , , , , , , , , , , , , , , , , , , , , , , , , , , , 
887,부동산신탁,10905,교보자산신탁,B,SM005,요약재무상태표(‘11.03월 이후),C53,Ⅴ. 이익잉여금_기타법정준비금,0,0, , , , , , , , , , , , , , , , , , , , , , , , , , , , , , , , , , , , , , , , , , , , , , , , , , , , 
888,부동산신탁,10905,교보자산신탁,B,SM005,요약재무상태표(‘11.03월 이후),C54,Ⅴ. 이익잉여금_신탁사업적립금,10000000000,10000000000,10000000000,10000000000,10000000000,10000000000,10000000000,10000000000,10000000000,10000000000,10000000000,10000000000,10000000000,10000000000,10000000000,10000000000,10000000000,10000000000,10000000000,10000000000,10000000000,10000000000,10000000000,10000000000,10000000000,10000000000,10000000000,10000000000,10000000000,10000000000,10000000000,10000000000,10000000000,10000000000,10000000000,10000000000,10000000000,10000000000,10000000000,10000000000,10000000000,10000000000,10000000000,12500000000,12500000000,12500000000,12500000000,16500940000,16500940000,16500940000,16500940000,16500940000,16500940000,16500940000
889,부동산신탁,10905,교보자산신탁,B,SM005,요약재무상태표(‘11.03월 이후),C55,Ⅴ. 이익잉여금_임의적립금,10000000000,10000000000,10000000000,10000000000,10000000000,10000000000,10000000000,10000000000,10000000000,10000000000,10000000000,10000000000,10000000000,10000000000,10000000000,10000000000,10000000000,10000000000,10000000000,10000000000,10000000000,10000000000,10000000000,10000000000,10000000000,10000000000,10000000000,10000000000,10000000000,10000000000,10000000000,10000000000,10000000000,10000000000,10000000000,11000000000,11000000000,11000000000,10000000000,11000000000,11000000000,11000000000,11000000000,11000000000,11000000000,11000000000,11000000000,11000000000,11000000000,11000000000,11000000000,11000000000,11000000000,11000000000
890,부동산신탁,10905,교보자산신탁,B,SM005,요약재무상태표(‘11.03월 이후),C56,Ⅴ. 이익잉여금_미처분이익잉여금,23785037812,24627464312,25270507953,24087098276,24689259609,24812325522,24800723175,24426601431,24982404876,25551872840,24810006041,24493818929,25335218879,27092132611,26356973263,28546283704,32027100415,35575710350,37516603439,35516546966,41676918544,47410527617,52380130722,49335075663,55145315453,63653201951,65861573611,53659634633,61803363923,69663918851,73141328290,66361234233,75535697993,83805831549,86201237456,89137937880,92963354267,96856824863,102755795230,107928327109,115768116282,125199962932,126640625965,129716515755,135038825022,144455026486,142775385187,138890110995,130036575827,131918640720,90098348067,55460247080,8342038592,-47133901219
891,부동산신탁,10905,교보자산신탁,B,SM005,요약재무상태표(‘11.03월 이후),C57,Ⅴ. 이익잉여금_(당기순이익),1562915537,2510816609,3134609546,323900580,931437439,1051418734,1090106850,154113651,727655859,1376599950,823227462,128905119,1031263096,2784414769,2058837459,3233176113,6720075812,10244274143,12165891700,4011242667,10217063873,16002724170,20572913256,6993278091,12828296233,21264040207,23447828370,8039942053,16349450927,24006726353,28189444267,6535154493,15736475785,24127299710,26432383465,3990466997,7809878861,11718394389,16644343353,6196967724,13973241825,23422708657,24993769598,8042287108,16078237473,25351471493,30285014076,3125490714,4283444278,-3172202323,-29497052731,-26394263216,-72688268760,-137662889286
892,부동산신탁,10906,한국자산신탁,B,SM005,요약재무상태표(‘11.03월 이후),A,자산총계,167175114638,155721548067,162100770425,163344815784,171836488812,171823835893,192547298817,222450927978,236293948268,231007601544,217238175765,204325514089,231789324796,240045787496,271667831921,269795860825,293042630584,320626733002,320544750428,338643399660,356107983884,502464313218,521720900169,548474359024,621721602365,681427083821,718191959474,774816705899,781580256465,852971377317,944510001271,1132957969546,1202193364530,1141753838597,1151556758888,1145135065003,1138659895615,1082239775405,1092347163054,1105937417794,1040226286639,970439706027,964064318289,986027968905,934763572799,944713913692,969756963955,1024518706465,1021857185030,1018188403398,1048970061114,1132811304990,1185275365320,1188290746987
893,부동산신탁,10906,한국자산신탁,B,SM005,요약재무상태표(‘11.03월 이후),A1,Ⅰ. 현금 및 예치금,17837083527,8003779705,16826274447,9157118169,11098496187,4380939809,3921247,4006814,343189772,11116969024,895973338,7417953249,36716929,1413869737,3589735224,9979410,9198568530,45057681,29518892718,1007608755,25242914,24388107461,171888463,13823725608,13939802407,56941680982,9869885195,93881105506,37491780205,853138269,4263824010,55894287986,72604113027,28988505576,71623442871,147461247028,189138211187,301971457728,277212654426,253618934198,214218469764,52451054207,191102057201,206860522895,140359755709,64652774478,121659033337,108041984437,57122085857,8247582013,78987222528,68807364296,75979057608,38167620005
894,부동산신탁,10906,한국자산신탁,B,SM005,요약재무상태표(‘11.03월 이후),A10,Ⅰ. 현금 및 예치금_현금 및 현금성 자산,10834083527,500779705,10323274447,5654118169,9095496187,4377939809,921247,1006814,340189772,11113969024,892973338,7414953249,33716929,1413869737,3589735224,9979410,9198568530,45057681,29518892718,1007608755,25242914,24388107461,171888463,13823725608,13939802407,56941680982,9869885195,93881105506,37291780205,652456327,4062460520,55692201574,72151180178,28534872416,71169235299,147006503763,188401037051,301521457728,276762654426,253168934198,214018469764,52196054189,189359922632,205118388326,138617621140,62910639909,121459033319,107841984419,56922085839,8047581995,78787222510,68607364278,75869057590,38057619987
895,부동산신탁,10906,한국자산신탁,B,SM005,요약재무상태표(‘11.03월 이후),A100,Ⅰ. 현금 및 예치금_현금 및 현금성 자산_현금, , , , , , ,0,0,0,0,0,0,0,0,0,0,0,0,0,0,0,0,0,0, ,0,0,0,0,0,0,0,0,0,0,0,0, ,0,0,0,0,0,0,0,0,0,0,0,0,0,0,0,0
896,부동산신탁,10906,한국자산신탁,B,SM005,요약재무상태표(‘11.03월 이후),A101,Ⅰ. 현금 및 예치금_현금 및 현금성 자산_정기예.적금,1500000000,500000000,3500000000,3000000000, ,1500000000,0,0,0,0,0,0,0,0,0,0,0,0,0,0,0,0,0,0, ,0,0,0,0,0,0,0,0,0,0,0,0, ,0,0,0,0,0,0,0,0,0,0,0,0,0,0,0,0
897,부동산신탁,10906,한국자산신탁,B,SM005,요약재무상태표(‘11.03월 이후),A102,Ⅰ. 현금 및 예치금_현금 및 현금성 자산_보통예금, , ,10958, , ,1,0,0,50175000,0,0,0,0,0,0,11,4620863,12936862,0,0,5479130,223630363,44228278,115410332,120825768,55680236327,432357700,87956954967,36624127910,285566258,386936863,45615835627,72034716923,18273222633,10483539565,25724837512,26925921377,50449962350,70202975192,83254511491,22202974656,34239514656,73211216826,53202974656,48202873497,54202873497,70202873497,10202873497,10227327487,3202873497,202873497,224073497,10254112497,10279722618
898,부동산신탁,10906,한국자산신탁,B,SM005,요약재무상태표(‘11.03월 이후),A103,Ⅰ. 현금 및 예치금_현금 및 현금성 자산_당좌예금,1,1,1,1,1,1,1,1,1,1,1,1,1,1,1,1,1,1,1,1,1,1,0,0, ,0,0,0,0,0,0,0,0,0,0,0,0, ,0,0,0,0,0,0,0,0,0,0,0,0,0,0,0,0
899,부동산신탁,10906,한국자산신탁,B,SM005,요약재무상태표(‘11.03월 이후),A104,Ⅰ. 현금 및 예치금_현금 및 현금성 자산_외화예금, , , , , , ,0,0,0,0,0,0,0,0,0,0,0,0,0,0,0,0,0,0, ,0,0,0,0,0,0,0,0,0,0,0,0, ,0,0,0,0,0,0,0,0,0,0,0,0,0,0,0,0
900,부동산신탁,10906,한국자산신탁,B,SM005,요약재무상태표(‘11.03월 이후),A105,Ⅰ. 현금 및 예치금_현금 및 현금성 자산_양도성예금증서, , , , , , ,0,0,0,0,0,0,0,0,0,0,0,0,0,0,0,0,0,0, ,0,0,0,0,0,0,0,0,0,0,0,0, ,0,0,0,0,0,0,0,0,0,0,0,0,0,0,0,0
901,부동산신탁,10906,한국자산신탁,B,SM005,요약재무상태표(‘11.03월 이후),A106,Ⅰ. 현금 및 예치금_현금 및 현금성 자산_MMDA,215083526,779704,3406258420,97216,6241517953,8939807,921246,1006813,290014771,2126510112,105973337,1353480320,33716928,1413869736,589735223,9979398,1493885567,32120818,4518892717,1007608754,19763783,24164477097,127660185,13508595260,13818976639,1261444655,9437527495,5924150539,667652295,366890069,3675523657,10076365947,116463255,10261649783,60685695734,121281666251,161475115674,251071495378,206516515344,168036446078,185779251893,12287323575,110448586260,150990525428,89632260255,7229736194,49594232389,94852322213,43365101694,3131085788,76291888690,63602389067,62484327505,24590772979
902,부동산신탁,10906,한국자산신탁,B,SM005,요약재무상태표(‘11.03월 이후),A107,Ⅰ. 현금 및 예치금_현금 및 현금성 자산_MMF, , , ,500000000, , ,0,0,0,1000000000,0,4000357316,0,0,0,0,0,0,0,0,0,0,0,0, ,0,0,0,0,0,0,0,0,0,0,0,0, ,0,0,0,0,0,0,0,0,0,0,0,0,0,0,0,0
903,부동산신탁,10906,한국자산신탁,B,SM005,요약재무상태표(‘11.03월 이후),A108,Ⅰ. 현금 및 예치금_현금 및 현금성 자산_금융어음, , , , , , ,0,0,0,0,0,0,0,0,0,0,0,0,0,0,0,0,0,0, ,0,0,0,0,0,0,0,0,0,0,0,0, ,0,0,0,0,0,0,0,0,0,0,0,0,0,0,0,0
904,부동산신탁,10906,한국자산신탁,B,SM005,요약재무상태표(‘11.03월 이후),A109,Ⅰ. 현금 및 예치금_현금 및 현금성 자산_기타,9119000000, ,3417005068,2154020952,2853978233,2869000000,0,0,0,7987458911,787000000,2061115612,0,0,3000000000,0,7700062099,0,25000000000,0,0,0,0,199720016, ,0,0,0,0,0,0,0,0,0,0,0,0, ,43163890,1877976629,6036243215,5669215958,5700119546,924888242,782487388,1478030218,1661927433,2786788709,3329656658,1713622710,2292460323,4780901714,3130617588,3187124390
905,부동산신탁,10906,한국자산신탁,B,SM005,요약재무상태표(‘11.03월 이후),A11,Ⅰ. 현금 및 예치금_예치금,7003000000,7503000000,6503000000,3503000000,2003000000,3000000,3000000,3000000,3000000,3000000,3000000,3000000,3000000,0,0,0,0,0,0,0,0,0,0,0,0,0,0,0,200000000,200681942,201363490,202086412,452932849,453633160,454207572,454743265,737174136,450000000,450000000,450000000,200000000,255000018,1742134569,1742134569,1742134569,1742134569,200000018,200000018,200000018,200000018,200000018,200000018,110000018,110000018
906,부동산신탁,10906,한국자산신탁,B,SM005,요약재무상태표(‘11.03월 이후),A110,Ⅰ. 현금 및 예치금_예치금_장기성예금,7000000000,7500000000,6500000000,3500000000,2000000000, ,0,0,0,0,0,0,0,0,0,0,0,0,0,0,0,0,0,0, ,0,0,0,0,0,0,0,0,0,0,0,0, ,0,0,0,0,0,0,0,0,0,0,0,0,0,0,0,0
907,부동산신탁,10906,한국자산신탁,B,SM005,요약재무상태표(‘11.03월 이후),A111,Ⅰ. 현금 및 예치금_예치금_특정예금 등,3000000,3000000,3000000,3000000,3000000,3000000,3000000,3000000,3000000,3000000,3000000,3000000,3000000,0,0,0,0,0,0,0,0,0,0,0, ,0,0,0,200000000,200681942,201363490,202086412,452932849,453633160,454207572,454743265,737174136,450000000,450000000,450000000,200000000,255000018,1742134569,1742134569,1742134569,1742134569,200000018,200000018,200000018,200000018,200000018,200000018,110000018,110000018
908,부동산신탁,10906,한국자산신탁,B,SM005,요약재무상태표(‘11.03월 이후),A112,Ⅰ. 현금 및 예치금_예치금_신탁공탁금, , , , , , ,0,0,0,0,0,0,0,0,0,0,0,0,0,0,0,0,0,0, ,0,0,0,0,0,0,0,0,0,0,0,0, ,0,0,0,0,0,0,0,0,0,0,0,0,0,0,0,0
909,부동산신탁,10906,한국자산신탁,B,SM005,요약재무상태표(‘11.03월 이후),A113,Ⅰ. 현금 및 예치금_예치금_기타,0,0,0,0,0,0,0,0,0,0,0,0,0,0,0,0,0,0,0,0,0,0,0,0,0,0,0,0,0,0,0,0,0,0,0,0,0,0,0,0,0,0,0,0,0,0,0,0,0,0,0,0,0,0
910,부동산신탁,10906,한국자산신탁,B,SM005,요약재무상태표(‘11.03월 이후),A2,Ⅱ. 증권,80315418788,87893116092,76043422517,78844238874,77200268124,74993968272,81837930733,80952579470,79896870362,96605700243,101148365535,81122168161,113868035357,105547271407,121532587889,139206582655,117646334584,145078336309,102789527569,122971088537,129948291352,174259385679,158942875822,144500802699,130002140820,107181471922,87438922669,88124166126,106246736300,104862047238,90376641730,168715035890,114878718085,96505792525,100203030603,132685656633,200959497014,279035855646,366808987103,484034942264,484942848269,559680793924,473318586506,535662277616,576474674917,629269215900,625566359470,638899385339,595529329942,549568209243,498336234601,512639437859,505696173908,498795304273
911,부동산신탁,10906,한국자산신탁,B,SM005,요약재무상태표(‘11.03월 이후),A20,Ⅱ. 증권_당기손익-공정가치측정증권,0,0,0,0,0,0,0,0,0,0,0,0,0,0,0,0,0,0,182100000,127500000,1892174515,238410000,0,194550000,1185300000,1059287250,962135040,24997444006,24626996026,25638026325,25352292239,81003939587,53631195965,35240270405,30416472996,54236789694,76998334930,69767159155,81794546213,142764613663,150522142883,155872876541,168250831934,189335356970,193385121434,184988668046,185500016734,181760614916,187682399228,235852686232,238319593338,227824931072,226264203023,235013121852
912,부동산신탁,10906,한국자산신탁,B,SM005,요약재무상태표(‘11.03월 이후),A200,Ⅱ. 증권_당기손익-공정가치측정증권_주식, , , , , , ,0,0,0,0,0,0,0,0,0,0,0,0,182100000,127500000,1892174515,238410000,0,194550000,1185300000,1059287250,962135040,23324704900,22057962068,22030365187,22926385664,23338580565,24614944109,25531954159,25904155857,45102166810,59562997372,63932779172,67706349218,66841645218,64390855778,62722829618,63985389120,68562580655,66606276825,66100010190,68376246785,62384392272,67361719272,67350073897,71557808141,62357853380,59382221656,67330153176
913,부동산신탁,10906,한국자산신탁,B,SM005,요약재무상태표(‘11.03월 이후),A201,Ⅱ. 증권_당기손익-공정가치측정증권_국채·지방채, , , , , , ,0,0,0,0,0,0,0,0,0,0,0,0,0,0,0,0,0,0, ,0,0,0,0,0,0,0,0,0,0,0,0, ,0,0,0,0,0,0,0,0,0,0,0,0,0,0,0,0
914,부동산신탁,10906,한국자산신탁,B,SM005,요약재무상태표(‘11.03월 이후),A202,Ⅱ. 증권_당기손익-공정가치측정증권_특수채, , , , , , ,0,0,0,0,0,0,0,0,0,0,0,0,0,0,0,0,0,0, ,0,0,0,0,0,0,0,0,0,0,0,0, ,0,0,0,0,0,0,0,0,0,0,0,0,0,0,0,0
915,부동산신탁,10906,한국자산신탁,B,SM005,요약재무상태표(‘11.03월 이후),A203,Ⅱ. 증권_당기손익-공정가치측정증권_회사채, , , , , , ,0,0,0,0,0,0,0,0,0,0,0,0,0,0,0,0,0,0, ,0,0,0,0,0,0,19987342466,0,0,0,0,0, ,4989900000,5011500000,0,0,0,0,0,0,0,0,0,0,0,0,0,0
916,부동산신탁,10906,한국자산신탁,B,SM005,요약재무상태표(‘11.03월 이후),A204,Ⅱ. 증권_당기손익-공정가치측정증권_집합투자증권,0,0,0,0,0,0,0,0,0,0,0,0,0,0,0,0,0,0,0,0,0,0,0,0,0,0,0,1672739106,2569033958,3607661138,2425906575,37678016556,29016251856,9708316246,4512317139,4150949300,5442975887,5834379983,9083071995,70911468445,86131287105,93150046923,104265442814,110794788099,116802877381,118888657856,117123769949,119376222644,120320679956,168501571815,166761785197,165467077692,166881981367,167682968676
917,부동산신탁,10906,한국자산신탁,B,SM005,요약재무상태표(‘11.03월 이후),A205,Ⅱ. 증권_당기손익-공정가치측정증권_기업어음증권, , , , , , ,0,0,0,0,0,0,0,0,0,0,0,0,0,0,0,0,0,0, ,0,0,0,0,0,0,0,0,0,0,0,0, ,0,0,0,0,0,0,0,0,0,0,0,0,0,0,0,0
918,부동산신탁,10906,한국자산신탁,B,SM005,요약재무상태표(‘11.03월 이후),A206,Ⅱ. 증권_당기손익-공정가치측정증권_외화증권,0,0,0,0,0,0,0,0,0,0,0,0,0,0,0,0,0,0,0,0,0,0,0,0,0,0,0,0,0,0,0,0,0,0,0,0,0,0,0,0,0,0,0,0,0,0,0,0,0,0,0,0,0,0
919,부동산신탁,10906,한국자산신탁,B,SM005,요약재무상태표(‘11.03월 이후),A207,Ⅱ. 증권_당기손익-공정가치측정증권_기타,0,0,0,0,0,0,0,0,0,0,0,0,0,0,0,0,0,0,0,0,0,0,0,0,0,0,0,0,0,0,0,0,0,0,0,4983673584,11992361671,0,15225000,0,0,0,0,9977988216,9975967228,0,0,0,0,1040520,0,0,0,0
920,부동산신탁,10906,한국자산신탁,B,SM005,요약재무상태표(‘11.03월 이후),A21,Ⅱ. 증권_기타포괄손익-공정가치측정증권,80315418788,87893116092,76043422517,78344238874,33696968124,34493968272,41337930733,40952579470,39896870362,56605700243,60648365535,40622168161,70868035357,63524671407,81532587889,89197582655,67140150755,95072469557,50229959464,70466444931,75681832413,101047052800,85669318695,81334330579,56144918700,33450262552,23804865509,454800000,1068000000,612400000,703200000,474000000,575600000,593600000,716400000,706800000,744400000,818000000,664000000,595200000,627200000,605600000,642800000,0,200000000,200000000,200000000,200000000,200000000,200000000,200000000,200000000,200000000,200000000
921,부동산신탁,10906,한국자산신탁,B,SM005,요약재무상태표(‘11.03월 이후),A210,Ⅱ. 증권_기타포괄손익-공정가치측정증권_주식,14656797000,16832315000,17171315000,17735415000,16656365000,16361365000,15431839000,14756044300,13876065000,16556615000,15705665000,15535715000,15809165000,13769165000,12593765000,13651815000,12561737920,10925967000,10539187000,9890445000,9564338000,9470294000,9730732000,20677546400,22360874400,10862910400,1715652450,454800000,1068000000,612400000,703200000,474000000,575600000,593600000,716400000,706800000,744400000,818000000,664000000,595200000,627200000,605600000,642800000,0,200000000,200000000,200000000,200000000,200000000,200000000,200000000,200000000,200000000,200000000
922,부동산신탁,10906,한국자산신탁,B,SM005,요약재무상태표(‘11.03월 이후),A211,Ⅱ. 증권_기타포괄손익-공정가치측정증권_국채·지방채, , , , , , ,0,0,0,0,0,0,0,0,0,0,0,0,0,0,0,0,0,0, ,0,0,0,0,0,0,0,0,0,0,0,0, ,0,0,0,0,0,0,0,0,0,0,0,0,0,0,0,0
923,부동산신탁,10906,한국자산신탁,B,SM005,요약재무상태표(‘11.03월 이후),A212,Ⅱ. 증권_기타포괄손익-공정가치측정증권_특수채, , , , , , ,0,0,0,0,0,0,0,0,0,0,0,0,0,0,0,0,0,0, ,0,0,0,0,0,0,0,0,0,0,0,0, ,0,0,0,0,0,0,0,0,0,0,0,0,0,0,0,0
924,부동산신탁,10906,한국자산신탁,B,SM005,요약재무상태표(‘11.03월 이후),A213,Ⅱ. 증권_기타포괄손익-공정가치측정증권_회사채,53624590877,58001265044,45048957955,45196105880,1999703526,2937506703,0,0,0,13934998223,19836962410,0,29953904958,24632817248,42731305038,49311774381,27707215508,57726006336,14960146721,29905960436,40664661849,64556371405,45915673648,26248225690, ,0,0,0,0,0,0,0,0,0,0,0,0, ,0,0,0,0,0,0,0,0,0,0,0,0,0,0,0,0
925,부동산신탁,10906,한국자산신탁,B,SM005,요약재무상태표(‘11.03월 이후),A214,Ⅱ. 증권_기타포괄손익-공정가치측정증권_집합투자증권,5626540911,5606346048,5769959562,5859527994,5987708598,6141905569,6152899733,6193343170,6017613362,6094425020,6086076125,6066791161,6085303399,6103027159,6097845851,6124321274,6115525327,6060824221,6982870743,12922284495,9091877564,10659432395,12634936047,13569161489,12594647300,1664425152,1827800059,0,0,0,0,0,0,0,0,0,0,0,0,0,0,0,0,0,0,0,0,0,0,0,0,0,0,0
926,부동산신탁,10906,한국자산신탁,B,SM005,요약재무상태표(‘11.03월 이후),A215,Ⅱ. 증권_기타포괄손익-공정가치측정증권_기업어음증권, , , ,0, , ,0,0,0,0,0,0,0,0,0,0,0,0,0,0,0,0,0,0, ,0,0,0,0,0,0,0,0,0,0,0,0, ,0,0,0,0,0,0,0,0,0,0,0,0,0,0,0,0
927,부동산신탁,10906,한국자산신탁,B,SM005,요약재무상태표(‘11.03월 이후),A216,Ⅱ. 증권_기타포괄손익-공정가치측정증권_외화증권,0,0,0,0,0,0,0,0,0,0,0,0,0,0,0,0,0,0,0,0,0,0,0,0,0,0,0,0,0,0,0,0,0,0,0,0,0,0,0,0,0,0,0,0,0,0,0,0,0,0,0,0,0,0
928,부동산신탁,10906,한국자산신탁,B,SM005,요약재무상태표(‘11.03월 이후),A217,Ⅱ. 증권_기타포괄손익-공정가치측정증권_기타,6407490000,7453190000,8053190000,9553190000,9053191000,9053191000,19753192000,20003192000,20003192000,20019662000,19019662000,19019662000,19019662000,19019662000,20109672000,20109672000,20755672000,20359672000,17747755000,17747755000,16360955000,16360955000,17387977000,20839397000,21189397000,20922927000,20261413000,0,0,0,0,0,0,0,0,0,0,0,0,0,0,0,0,0,0,0,0,0,0,0,0,0,0,0
929,부동산신탁,10906,한국자산신탁,B,SM005,요약재무상태표(‘11.03월 이후),A22,Ⅱ. 증권_상각후원가측정증권,0,0,0,0,0,0,0,0,0,0,0,0,0,0,0,10009000000,10006183829,10005866752,10005545985,10005221486,10002362304,10002000759,10001635007,0,0,0,0,0,14891731539,12962358932,0,22934933303,0,0,2996852969,9973346161,56448044482,142417545579,178358179274,234452352728,227998318250,247584699283,98717094418,140747086444,177366899429,238608945692,184197383440,186579514366,136183264457,31885741129,0,24806766988,24770032176,0
930,부동산신탁,10906,한국자산신탁,B,SM005,요약재무상태표(‘11.03월 이후),A220,Ⅱ. 증권_상각후원가측정증권_국채·지방채, , , , , , ,0,0,0,0,0,0,0,0,0,0,0,0,0,0,0,0,0,0, ,0,0,0,0,0,0,0,0,0,0,0,0, ,0,0,0,0,0,0,0,0,0,0,0,0,0,0,0,0
931,부동산신탁,10906,한국자산신탁,B,SM005,요약재무상태표(‘11.03월 이후),A221,Ⅱ. 증권_상각후원가측정증권_특수채, , , , , , ,0,0,0,0,0,0,0,0,0,0,0,0,0,0,0,0,0,0, ,0,0,0,0,0,0,0,0,0,0,0,0, ,0,0,0,0,0,0,0,0,0,0,0,0,0,0,0,0
932,부동산신탁,10906,한국자산신탁,B,SM005,요약재무상태표(‘11.03월 이후),A222,Ⅱ. 증권_상각후원가측정증권_회사채, , , , , , ,0,0,0,0,0,0,0,0,0,10009000000,10006183829,10005866752,10005545985,10005221486,10002362304,10002000759,10001635007,0, ,0,0,0,14891731539,12962358932,0,22934933303,0,0,2996852969,9973346161,56448044482,132435922364,178358179274,234452352728,227998318250,247584699283,98717094418,140747086444,177366899429,238608945692,184197383440,186579514366,136183264457,31885741129,0,24806766988,24770032176,0
933,부동산신탁,10906,한국자산신탁,B,SM005,요약재무상태표(‘11.03월 이후),A223,Ⅱ. 증권_상각후원가측정증권_기타, , , , , , ,0,0,0,0,0,0,0,0,0,0,0,0,0,0,0,0,0,0, ,0,0,0,0,0,0,0,0,0,0,0,0,9981623215,0,0,0,0,0,0,0,0,0,0,0,0,0,0,0,0
934,부동산신탁,10906,한국자산신탁,B,SM005,요약재무상태표(‘11.03월 이후),A23,Ⅱ. 증권_관계회사투자지분,0,0,0,500000000,40500000000,40500000000,40500000000,40000000000,40000000000,40000000000,40500000000,40500000000,40000000000,40000000000,40000000000,40000000000,40500000000,40000000000,42371922120,42371922120,42371922120,62971922120,63271922120,62971922120,72671922120,72671922120,62671922120,62671922120,65671922120,65671922120,64321149491,64320510947,60671922120,60671922120,66075702120,67775702120,66775702120,66075702120,106075702120,106375702120,106075702120,155776962120,205776962120,205776962120,205776962120,205776962120,255776962120,260412662120,261411402120,261411402120,259816641263,259816641263,254476800729,263582182421
935,부동산신탁,10906,한국자산신탁,B,SM005,요약재무상태표(‘11.03월 이후),A230,Ⅱ. 증권_관계회사투자지분_연결대상회사 투자지분,0,0,0,500000000,40500000000,40500000000,40500000000,40000000000,40000000000,40000000000,40500000000,40500000000,40000000000,40000000000,40000000000,40000000000,40500000000,40000000000,42371922120,42371922120,42371922120,62971922120,63271922120,62971922120,72671922120,72671922120,62671922120,62671922120,65671922120,65671922120,60671922120,60671922120,60671922120,60671922120,60671922120,62371922120,61371922120,60671922120,100671922120,100971922120,100671922120,150371922120,200371922120,200371922120,200371922120,200371922120,250371922120,255007622120,256007622120,256007622120,254412861263,254412861263,254412861263,253518242955
936,부동산신탁,10906,한국자산신탁,B,SM005,요약재무상태표(‘11.03월 이후),A231,Ⅱ. 증권_관계회사투자지분_비연결대상회사 투자지분,0,0,0,0,0,0,0,0,0,0,0,0,0,0,0,0,0,0,0,0,0,0,0,0,0,0,0,0,0,0,3649227371,3648588827,0,0,5403780000,5403780000,5403780000,5403780000,5403780000,5403780000,5403780000,5405040000,5405040000,5405040000,5405040000,5405040000,5405040000,5405040000,5403780000,5403780000,5403780000,5403780000,63939466,10063939466
937,부동산신탁,10906,한국자산신탁,B,SM005,요약재무상태표(‘11.03월 이후),A24,Ⅱ. 증권_파생결합증권,0,0,0,0,3003300000,0,0,0,0,0,0,0,3000000000,2022600000,0,0,0,0,0,0,0,0,0,0,0,0,0,0,0,0,0,0,0,0,0,0,0,0,0,0,0,0,0,0,0,0,0,10000000000,10099930000,20221360000,0,0,0,0
938,부동산신탁,10906,한국자산신탁,B,SM005,요약재무상태표(‘11.03월 이후),A25,Ⅱ. 증권_대손충당금(-), , , , , , , , , , , , , , , , , , , , , , , , , , , ,0,11913385,22660139,0,18347947,0,0,2397482,6981342,6984518,42551208,83440504,152926247,280514984,159344020,69101966,197127918,254308066,305359958,108002824,53406063,47665863,2980238,0,8901464,14862020,0
939,부동산신탁,10906,한국자산신탁,B,SM005,요약재무상태표(‘11.03월 이후),A3,Ⅲ. 파생상품자산,0,0,0,0,0,0,0,0,0,0,0,0,0,0,0,0,0,0,1629316993,1629316993,0,0,0,0,0,0,929080274,0,0,0,0,0,0,0,0,0,0,0,0,0,0,0,0,0,0,0,0,0,0,0,0,0,0,0
940,부동산신탁,10906,한국자산신탁,B,SM005,요약재무상태표(‘11.03월 이후),A30,Ⅲ. 파생상품자산_이자율관련,0,0,0,0,0,0,0,0,0,0,0,0,0,0,0,0,0,0,0,0,0,0,0,0,0,0,0,0,0,0,0,0,0,0,0,0,0,0,0,0,0,0,0,0,0,0,0,0,0,0,0,0,0,0
941,부동산신탁,10906,한국자산신탁,B,SM005,요약재무상태표(‘11.03월 이후),A31,Ⅲ. 파생상품자산_통화관련,0,0,0,0,0,0,0,0,0,0,0,0,0,0,0,0,0,0,0,0,0,0,0,0,0,0,0,0,0,0,0,0,0,0,0,0,0,0,0,0,0,0,0,0,0,0,0,0,0,0,0,0,0,0
942,부동산신탁,10906,한국자산신탁,B,SM005,요약재무상태표(‘11.03월 이후),A32,Ⅲ. 파생상품자산_주식관련,0,0,0,0,0,0,0,0,0,0,0,0,0,0,0,0,0,0,0,0,0,0,0,0,0,0,0,0,0,0,0,0,0,0,0,0,0,0,0,0,0,0,0,0,0,0,0,0,0,0,0,0,0,0
943,부동산신탁,10906,한국자산신탁,B,SM005,요약재무상태표(‘11.03월 이후),A33,Ⅲ. 파생상품자산_신용관련,0,0,0,0,0,0,0,0,0,0,0,0,0,0,0,0,0,0,0,0,0,0,0,0,0,0,0,0,0,0,0,0,0,0,0,0,0,0,0,0,0,0,0,0,0,0,0,0,0,0,0,0,0,0
944,부동산신탁,10906,한국자산신탁,B,SM005,요약재무상태표(‘11.03월 이후),A34,Ⅲ. 파생상품자산_상품관련,0,0,0,0,0,0,0,0,0,0,0,0,0,0,0,0,0,0,0,0,0,0,0,0,0,0,0,0,0,0,0,0,0,0,0,0,0,0,0,0,0,0,0,0,0,0,0,0,0,0,0,0,0,0
945,부동산신탁,10906,한국자산신탁,B,SM005,요약재무상태표(‘11.03월 이후),A35,Ⅲ. 파생상품자산_기타파생상품자산, , , , ,0, ,0,0,0,0,0,0,0,0,0,0,0,0,1629316993,1629316993,0,0,0,0, ,0,929080274,0,0,0,0,0,0,0,0,0,0, ,0,0,0,0,0,0,0,0,0,0,0,0,0,0,0,0
946,부동산신탁,10906,한국자산신탁,B,SM005,요약재무상태표(‘11.03월 이후),A36,Ⅲ. 파생상품자산_파생상품Ⅲ. 파생상품자산_신용위험평가조정액, , , , ,0, ,0,0,0,0,0,0,0,0,0,0,0,0,0,0,0,0,0,0, ,0,0,0,0,0,0,0,0,0,0,0,0, ,0,0,0,0,0,0,0,0,0,0,0,0,0,0,0,0
947,부동산신탁,10906,한국자산신탁,B,SM005,요약재무상태표(‘11.03월 이후),A37,Ⅲ. 파생상품자산_파생상품Ⅲ. 파생상품자산_거래일손익인식평가조정액, , , , ,0, ,0,0,0,0,0,0,0,0,0,0,0,0,0,0,0,0,0,0, ,0,0,0,0,0,0,0,0,0,0,0,0, ,0,0,0,0,0,0,0,0,0,0,0,0,0,0,0,0
948,부동산신탁,10906,한국자산신탁,B,SM005,요약재무상태표(‘11.03월 이후),A4,Ⅳ. 대출채권,35381024500,24849391276,35443913661,38810648659,46651690386,54540992142,65591020381,101557225904,98729192446,65772228426,63291117149,63671924969,85312365179,100465107075,112662514261,93483607629,130635895212,139315877977,152846318231,179322889869,194740760929,272580163989,328917149907,355302492692,441532069068,477237229596,573560182812,569209744831,617259393101,720982509167,833429856916,883905084823,988819432951,989722599750,947836512779,836536294279,724288867435,479675014191,426090075608,345747541693,316598334816,336522496272,274610387794,214853404144,183402864921,218000250525,188409107796,236111787104,326380597264,418382370216,431227403737,509477241802,556869771377,607643351727
949,부동산신탁,10906,한국자산신탁,B,SM005,요약재무상태표(‘11.03월 이후),A40,Ⅳ. 대출채권_(현재가치할인차금)(-),0, , , ,0, ,0,0,0,0,0,0,0,0,0,0,0,0,0,0,0,0,0,0, ,0,0,0,0,0,0,0,0,0,0,0,0, ,0,0,0,0,0,0,0,0,0,0,0,0,0,0,0,0
950,부동산신탁,10906,한국자산신탁,B,SM005,요약재무상태표(‘11.03월 이후),A41,Ⅳ. 대출채권_(현재가치할증차금)(+), , , , ,0, ,0,0,0,0,0,0,0,0,0,0,0,0,0,0,0,0,0,0, ,0,0,0,0,0,0,0,0,0,0,0,0, ,0,0,0,0,0,0,0,0,0,0,0,0,0,0,0,0
951,부동산신탁,10906,한국자산신탁,B,SM005,요약재무상태표(‘11.03월 이후),A42,Ⅳ. 대출채권_(이연대출부대손익), , , , ,0, ,0,0,0,0,0,0,0,0,0,0,0,0,0,0,0,0,0,0, ,0,0,0,0,0,0,0,0,0,0,0,0, ,0,0,0,0,0,0,0,0,0,0,0,0,0,0,0,0
952,부동산신탁,10906,한국자산신탁,B,SM005,요약재무상태표(‘11.03월 이후),A43,Ⅳ. 대출채권_대여금,2673551930,2507349840,2554857155,2718497410,2785527365,2741163430,2780746295,2709028685,2524746365,2447844945,2437562625,2339232775,2169808465,1931384155,1766959845,1603054135,1564599755,1463862065,1329795835,1205491525,1078209015,1024444705,970044875,930647115,857341785,854274765,723826625,630686515,627401725,836731935,773447145,760638905,1026880145,1385026325,1533172505,1547071995,1475772065,1431754045,1324304045,1323854045,1152615000,1052615000,950000000,830000000,890000000,1166000000,1166000000,1436000000,1889000000,1968300000,1968300000,2078300000,1962300000,1853300000
953,부동산신탁,10906,한국자산신탁,B,SM005,요약재무상태표(‘11.03월 이후),A44,Ⅳ. 대출채권_대지급금,0,0,0,0,0,0,0,0,0,0,0,0,0,0,0,0,0,0,605078114,459782827,316042071,282335010,186819791,171108456,245787496,237289496,267743256,447043256,418854900,477517820,465551168,463721208,463721208,463721208,463721208,463721208,463721208,472079805,444046457,444046457,290774947,970796011,80293507,74793507,74793507,74793507,42752657,206242873,568085873,15222172303,15139611200,14982734976,15511156046,15580703530
954,부동산신탁,10906,한국자산신탁,B,SM005,요약재무상태표(‘11.03월 이후),A45,Ⅳ. 대출채권_신탁계정대,32856909259,22414516478,32961531548,36166005093,43940016865,51878766700,62891113259,98930898783,96287147645,63407085045,61012478728,61493874569,83303739089,99221768279,111600736791,92585735869,129779338182,138570446222,151553311569,178137562499,194465803914,273718793637,336137645893,364235881643,450339287758,492599154990,591963369567,599754967797,650121592930,765862592930,881309162544,940860010689,1063767949648,1069869245885,1036242691424,922485062112,813471608760,559515061882,447579531250,357888749782,326299563702,345358240083,261464923820,199626085007,188687043107,192943470779,223963277454,276767898122,369021119563,441458504976,468807518145,552036891302,604885369960,693151811546
955,부동산신탁,10906,한국자산신탁,B,SM005,요약재무상태표(‘11.03월 이후),A46,Ⅳ. 대출채권_기타 대출채권,0,0,0,0,0,0,0,0,0,0,0,0,0,0,0,0,0,0,0,0,0,0,0,0,0,0,0,0,0,0,0,0,0,0,0,0,0,0,49232752635,49777818148,48569108950,49005190116,49405108483,49493257007,29863651800,59177030259,0,0,0,19469473320,0,0,0,0
956,부동산신탁,10906,한국자산신탁,B,SM005,요약재무상태표(‘11.03월 이후),A47,Ⅳ. 대출채권_대손충당금(-),149436689,72475042,72475042,73853844,73853844,78937988,80839173,82701564,82701564,82701564,158924204,161182375,161182375,688045359,705182375,705182375,708042725,718430310,641867287,479946982,1119294071,2445409363,8377360652,10035144522,9910347971,16453489655,19394756636,31622952737,33908456454,46194333518,49118303941,58179285979,76439118050,81995393668,90403072358,87959561036,91122234598,81743881541,72490558779,63686926739,59713727783,59864344938,37289938016,35170731377,36112623493,35361044020,36762922315,42298353891,45097608172,59736080383,54688025608,59620684476,65489054629,102942463349
957,부동산신탁,10906,한국자산신탁,B,SM005,요약재무상태표(‘11.03월 이후),A470,Ⅳ. 대출채권_대손충당금(-)_대여금대손충당금, , , , , , ,0,0,0,0,0,0,0,0,0,0,0,0,0,0,0,0,0,0, ,0,0,0,0,0,763075,763075,763075,763075,763075,763075,763075,763075,30523000,30523000,30523000,763075,0,0,0,0,0,0,0,0,0,0,0,0
958,부동산신탁,10906,한국자산신탁,B,SM005,요약재무상태표(‘11.03월 이후),A471,Ⅳ. 대출채권_대손충당금(-)_대지급금대손충당금, , , , , , ,0,0,0,0,0,0,0,0,0,0,0,0,154907399,51351810,45550636,45550636,40813644,47532215,46827444,27665521,20873577,42794381,41514811,44943887,38332531,38242559,38242559,38242559,42106282,42106282,104177272,104666380,101660647,101660647,30317578,556452601,16031233,10531233,10531233,13923123,9099542,44573323,123126507,10809064801,2354392811,7552331235,7550460045,7565186315
959,부동산신탁,10906,한국자산신탁,B,SM005,요약재무상태표(‘11.03월 이후),A472,Ⅳ. 대출채권_대손충당금(-)_신탁계정대 대손충당금,149436689,72475042,72475042,73853844,73853844,78937988,80839173,82701564,82701564,82701564,158924204,161182375,161182375,688045359,705182375,705182375,708042725,718430310,486959888,428595172,1073743435,2399858727,8336547008,9987612307,9863520527,16425824134,19373883059,31580158356,33866941643,46149389631,49079208335,58140280345,76400112416,81956388034,90360203001,87916691679,91017294251,81638452086,72358375132,63554743092,59652887205,59307129262,37273906783,35160200144,36102092260,35347120897,36753822773,42253780568,44974481665,48927015582,52333632797,52068353241,57938594584,95377277034
960,부동산신탁,10906,한국자산신탁,B,SM005,요약재무상태표(‘11.03월 이후),A473,Ⅳ. 대출채권_대손충당금(-)_기타 대손충당금,0,0,0,0,0,0,0,0,0,0,0,0,0,0,0,0,0,0,0,0,0,0,0,0,0,0,0,0,0,0,0,0,0,0,0,0,0,0,0,0,0,0,0,0,0,0,0,0,0,0,0,0,0,0
961,부동산신탁,10906,한국자산신탁,B,SM005,요약재무상태표(‘11.03월 이후),A5,Ⅴ. 유형자산,592914221,545988612,502770021,466895643,441868640,393736990,345610176,726404166,719978949,657686289,626338788,571602751,687110994,647695371,832074474,809759316,733594375,656980283,1070990895,991511313,964385316,863198255,877462610,821121172,908715544,843120928,1169463880,1137705955,1026960549,978808661,874465200,520448906,481804187,423154866,427092814,419589547,363493639,331615555,326970402,289907710,294375609,275346259,285493036,404263754,406538793,531543631,511316971,481501632,442390402,393960242,629892574,611895245,568351467,550929700
962,부동산신탁,10906,한국자산신탁,B,SM005,요약재무상태표(‘11.03월 이후),A50,유형자산_(손상차손누계액), , , , ,0, ,0,0,0,0,0,0,0,0,0,0,0,0,0,0,0,0,0,0, ,0,0,0,0,0,0,0,0,0,0,0,0, ,0,0,0,0,0,0,0,0,0,0,0,0,0,0,0,0
963,부동산신탁,10906,한국자산신탁,B,SM005,요약재무상태표(‘11.03월 이후),A51,유형자산__토지, , , , , , ,0,0,0,0,0,0,0,0,0,0,0,0,0,0,0,0,0,0, ,0,0,0,0,0,0,0,0,0,0,0,0, ,0,0,0,0,0,0,0,0,0,0,0,0,0,0,0,0
964,부동산신탁,10906,한국자산신탁,B,SM005,요약재무상태표(‘11.03월 이후),A52,유형자산_건물, , , , , , ,0,0,0,0,0,0,0,0,0,0,0,0,0,0,0,0,0,0, ,0,0,0,0,0,0,0,0,0,0,0,0, ,0,0,0,0,0,0,0,0,0,0,0,0,0,0,0,0
965,부동산신탁,10906,한국자산신탁,B,SM005,요약재무상태표(‘11.03월 이후),A53,유형자산_구축물, , , , , , ,0,0,0,0,0,0,0,0,0,0,0,0,0,0,0,0,0,0, ,0,0,0,0,0,0,0,0,0,0,0,0, ,0,0,0,0,0,0,0,0,0,0,0,0,0,0,0,0
966,부동산신탁,10906,한국자산신탁,B,SM005,요약재무상태표(‘11.03월 이후),A54,유형자산_차량운반구, , , , , , ,0,0,0,0,0,0,0,0,0,0,0,0,0,0,0,0,0,0, ,0,0,0,0,0,0,0,0,0,0,0,0, ,0,0,0,0,0,0,0,0,0,0,0,0,0,0,0,0
967,부동산신탁,10906,한국자산신탁,B,SM005,요약재무상태표(‘11.03월 이후),A55,유형자산_비품,1684492686,1469861439,1478386489,1490132099,1475213609,1474797909,1474797909,1699792124,1758505814,1656374362,1687967362,1677049262,1864696762,1831193739,2044769179,2103548629,2107760399,2035469289,2047957739,2069662739,2145422439,2106846869,2207525259,2210718339,2382611259,2402833719,2546803499,2623762699,2423472101,2454998400,2491401250,2548653050,2550135660,2487759470,2515656730,2565946040,2567075241,2590324841,2640660550,2656911824,2705323733,2731849642,2785518861,2942690561,2991177561,2946373927,2938764407,2958502407,2967790507,2967790507,3241603134,3262563170,3193127162,3238947162
968,부동산신탁,10906,한국자산신탁,B,SM005,요약재무상태표(‘11.03월 이후),A56,유형자산_건설중인자산, , , , , , ,0,0,0,0,0,0,0,0,0,0,0,0,0,0,0,0,0,0, ,0,0,0,0,0,0,0,0,0,0,0,0, ,0,0,0,0,0,0,0,0,0,0,0,0,0,0,0,0
969,부동산신탁,10906,한국자산신탁,B,SM005,요약재무상태표(‘11.03월 이후),A57,유형자산_운용리스자산(종금계정), , , , , , ,0,0,0,0,0,0,0,0,0,0,0,0,0,0,0,0,0,0, ,0,0,0,0,0,0,0,0,0,0,0,0, ,0,0,0,0,0,0,0,0,0,0,0,0,0,0,0,0
970,부동산신탁,10906,한국자산신탁,B,SM005,요약재무상태표(‘11.03월 이후),A58,유형자산_선급리스자산(종금계정), , , , , , ,0,0,0,0,0,0,0,0,0,0,0,0,0,0,0,0,0,0, ,0,0,0,0,0,0,0,0,0,0,0,0, ,0,0,0,0,0,0,0,0,0,0,0,0,0,0,0,0
971,부동산신탁,10906,한국자산신탁,B,SM005,요약재무상태표(‘11.03월 이후),A59,유형자산_기타, , , , , , ,0,0,0,0,0,0,0,0,0,0,0,0,404690000,404690000,404690000,404690000,415250000,415250000,415250000,415250000,681230000,681230000,681230000,681230000,585750000,0,0,0,0,0,0, ,0,0,0,0,0,0,0,0,0,0,0,0,0,0,0,0
972,부동산신탁,10906,한국자산신탁,B,SM005,요약재무상태표(‘11.03월 이후),A5A,유형자산_감가상각누계액(-),1091578465,923872827,975616468,1023236456,1033344969,1081060919,1129187733,973387958,1038526865,998688073,1061628574,1105446511,1177585768,1183498368,1212694705,1293789313,1374166024,1378489006,1381656844,1482841426,1585727123,1648338614,1745312649,1804847167,1889145715,1974962791,2058569619,2167286744,2077741552,2157419739,2202686050,2028204144,2068331473,2064604604,2088563916,2146356493,2203581602,2258709286,2313690148,2367004114,2410948124,2456503383,2500025825,2538426807,2584638768,2414830296,2427447436,2477000775,2525400105,2573830265,2611710560,2650667925,2624775695,2688017462
973,부동산신탁,10906,한국자산신탁,B,SM005,요약재무상태표(‘11.03월 이후),A5A0,유형자산__감가상각누계액(-)_건물, , , , , , ,0,0,0,0,0,0,0,0,0,0,0,0,0,0,0,0,0,0, ,0,0,0,0,0,0,0,0,0,0,0,0, ,0,0,0,0,0,0,0,0,0,0,0,0,0,0,0,0
974,부동산신탁,10906,한국자산신탁,B,SM005,요약재무상태표(‘11.03월 이후),A5A1,유형자산_감가상각누계액(-)_구축물, , , , , , ,0,0,0,0,0,0,0,0,0,0,0,0,0,0,0,0,0,0, ,0,0,0,0,0,0,0,0,0,0,0,0, ,0,0,0,0,0,0,0,0,0,0,0,0,0,0,0,0
975,부동산신탁,10906,한국자산신탁,B,SM005,요약재무상태표(‘11.03월 이후),A5A2,유형자산_감가상각누계액(-)_차량운반구, , , , , , ,0,0,0,0,0,0,0,0,0,0,0,0,0,0,0,0,0,0, ,0,0,0,0,0,0,0,0,0,0,0,0, ,0,0,0,0,0,0,0,0,0,0,0,0,0,0,0,0
976,부동산신탁,10906,한국자산신탁,B,SM005,요약재무상태표(‘11.03월 이후),A5A3,유형자산_감가상각누계액(-)_비품,1091578465,923872827,975616468,1023236456,1033344969,1081060919,1129187733,973387958,1038526865,998688073,1061628574,1105446511,1177585768,1183498368,1212694705,1293789313,1374166024,1378489006,1332102966,1420899078,1511396305,1561619326,1646064091,1692787740,1764275419,1837281626,1908077585,1991113841,1875887780,1929885098,1967950539,2028204144,2068331473,2064604604,2088563916,2146356493,2203581602,2258709286,2313690148,2367004114,2410948124,2456503383,2500025825,2538426807,2584638768,2414830296,2427447436,2477000775,2525400105,2573830265,2611710560,2650667925,2624775695,2688017462
977,부동산신탁,10906,한국자산신탁,B,SM005,요약재무상태표(‘11.03월 이후),A5A4,유형자산_감가상각누계액(-)_기타, , , , , , ,0,0,0,0,0,0,0,0,0,0,0,0,49553878,61942348,74330818,86719288,99248558,112059427,124870296,137681165,150492034,176172903,201853772,227534641,234735511,0,0,0,0,0,0, ,0,0,0,0,0,0,0,0,0,0,0,0,0,0,0,0
978,부동산신탁,10906,한국자산신탁,B,SM005,요약재무상태표(‘11.03월 이후),A5A5,유형자산_감가상각누계액(종금계정)(-), , , , , , ,0,0,0,0,0,0,0,0,0,0,0,0,0,0,0,0,0,0, ,0,0,0,0,0,0,0,0,0,0,0,0, ,0,0,0,0,0,0,0,0,0,0,0,0,0,0,0,0
979,부동산신탁,10906,한국자산신탁,B,SM005,요약재무상태표(‘11.03월 이후),A5A6,유형자산_처분손실충당금(종금계정)(-), , , , , , ,0,0,0,0,0,0,0,0,0,0,0,0,0,0,0,0,0,0, ,0,0,0,0,0,0,0,0,0,0,0,0, ,0,0,0,0,0,0,0,0,0,0,0,0,0,0,0,0
980,부동산신탁,10906,한국자산신탁,B,SM005,요약재무상태표(‘11.03월 이후),A6,Ⅵ. CMA운용자산(종금계정),0,0,0,0,0,0,0,0,0,0,0,0,0,0,0,0,0,0,0,0,0,0,0,0,0,0,0,0,0,0,0,0,0,0,0,0,0,0,0,0,0,0,0,0,0,0,0,0,0,0,0,0,0,0
981,부동산신탁,10906,한국자산신탁,B,SM005,요약재무상태표(‘11.03월 이후),A7,Ⅶ. 리스자산(종금계정),0,0,0,0,0,0,0,0,0,0,0,0,0,0,0,0,0,0,0,0,0,0,0,0,0,0,0,0,0,0,0,0,0,0,0,0,0,0,0,0,0,0,0,0,0,0,0,0,0,0,0,0,0,0
982,부동산신탁,10906,한국자산신탁,B,SM005,요약재무상태표(‘11.03월 이후),A8,Ⅷ. 기타자산,33048673602,34429272382,33284389779,36065914439,36444165475,37514198680,44768816280,39210711624,56604716739,56855017562,51276380955,51541864959,31885096337,31971843906,33050920073,36285931815,34828237883,35530480752,32689704022,32720984193,30429303373,30373457834,32811523367,34026216853,35338874526,39223580393,45224424644,22463983481,19555386310,25294873982,15565213415,23923111941,25409296280,26113785880,31466679821,28032277516,23909826340,21225832285,21908475515,22246091929,24172258181,21510015365,24747793752,28247500496,34119738459,32260129158,33611146381,40984047953,42382781565,41596281684,39789307674,41275365788,46162010960,43133541282
983,부동산신탁,10906,한국자산신탁,B,SM005,요약재무상태표(‘11.03월 이후),A80,Ⅷ. 기타자산_(현재가치할인차금)(-),69092002,65481856,61871711,58211072,0, ,0,0,0,0,0,0,0,0,0,0,0,0,0,0,0,0,0,0, ,0,0,0,0,0,0,0,0,0,0,0,0, ,0,0,0,0,0,0,0,0,0,0,748316817,702658202,614674935,587683236,540750502,587004619
984,부동산신탁,10906,한국자산신탁,B,SM005,요약재무상태표(‘11.03월 이후),A81,Ⅷ. 기타자산_(현재가치할증차금)(+), , , , ,0, ,0,0,0,0,0,0,0,0,0,0,0,0,0,0,0,0,0,0, ,0,0,0,0,0,0,0,0,0,0,0,0, ,0,0,0,0,0,0,0,0,0,0,0,0,0,0,0,0
985,부동산신탁,10906,한국자산신탁,B,SM005,요약재무상태표(‘11.03월 이후),A82,Ⅷ. 기타자산_미수금,10729110292,12149400062,11854458696,12929830861,13963521261,14853575855,13753992253,12697359896,12118025408,10964057746,10040675182,8861003571,9961639149,8965108101,7019134997,7004129575,7029337204,7354444562,7323562217,6542168696,6524726118,6462366195,6847791833,8541249033,9503546214,12134049580,18287435116,11938594906,9108160938,13288553220,6525330044,6785147236,8522233217,10261417982,11182571835,7540669167,7601004170,9318907006,11075164552,12542779315,14746749497,13158455073,14299088348,13537858677,15278925236,16481648549,15964739315,18430465650,18560953900,19242301797,16657391346,18082984716,16692118152,17428266779
986,부동산신탁,10906,한국자산신탁,B,SM005,요약재무상태표(‘11.03월 이후),A820,Ⅷ. 기타자산_미수금_신탁보수미수금,10729110292,12149400062,11854458696,12929830861,13963521261,14853575855,13467377946,12697359896,12118025408,10964057746,10040675182,8861003571,9961639149,8965108101,7019134997,7004129575,6921615946,7286377741,6902617835,6542168696,6444233154,6462366195,6847791833,8311267293,9386901449,12129071361,14107182866,11938594906,9097213430,13288553220,6525330044,6731184122,8522233217,10261417982,11182571835,7433958797,7601004170,9318907006,11075164552,12448734190,13454711583,13119551074,13918329462,13022431128,15241349367,16413883239,15929319230,17668911868,18433548058,18826187479,15911142657,17627978803,16400089160,17293456484
987,부동산신탁,10906,한국자산신탁,B,SM005,요약재무상태표(‘11.03월 이후),A821,Ⅷ. 기타자산_미수금_기타,0,0,0,0,0,0,286614307,0,0,0,0,0,0,0,0,0,107721258,68066821,420944382,0,80492964,0,0,229981740,116644765,4978219,4180252250,0,10947508,0,0,53963114,0,0,0,106710370,0,0,0,94045125,1292037914,38903999,380758886,515427549,37575869,67765310,35420085,761553782,127405842,416114318,746248689,455005913,292028992,134810295
988,부동산신탁,10906,한국자산신탁,B,SM005,요약재무상태표(‘11.03월 이후),A83,Ⅷ. 기타자산_미수수익,18642676026,18597046174,18522676026,18786500168,18642676026,19081320553,18522676026,19009599423,18777631481,18723561554,19453253493,20385085013,19863547376,20321757799,20298777157,21486699768,21287393033,21287582256,21284515856,21972941328,21519052744,21535117833,21531648466,21535700058,22081823123,21513834038,21551082281,3806928521,3371886498,6650573172,3381365993,3599845274,3824978843,2207730318,7739420034,7496093755,6322197622,4766153805,4389728516,3855378501,3750240645,3816443315,3566213326,8476025292,8143213612,8146690636,8382935004,4079887033,4171722838,4603290786,4928973377,5836290761,5897565138,5924756927
989,부동산신탁,10906,한국자산신탁,B,SM005,요약재무상태표(‘11.03월 이후),A830,Ⅷ. 기타자산_미수수익_미수수수료,0,0,0,0,0,0,0,0,0,0,0,0,0,0,0,0,0,0,0,0,0,0,0,0,0,0,0,0,0,0,0,0,0,0,0,0,0,0,0,0,0,0,0,0,0,0,0,0,0,0,0,0,0,0
990,부동산신탁,10906,한국자산신탁,B,SM005,요약재무상태표(‘11.03월 이후),A831,Ⅷ. 기타자산_미수수익_미수이자,18522676026,18597046174,18522676026,18683900168,18522676026,18976636156,18522676026,18814735073,18522676026,18723561554,19453253493,19904372580,19863547376,20321757799,20298777157,20702658301,20788713033,20788902256,20785835856,20784717661,20785872744,20801937833,20798468466,20720779130,21310995178,20747941710,20785189953,2935932543,2638706498,5917393172,2648185993,2840732274,3091769603,2207730318,7739420034,7446093755,6322197622,4766068005,4389728516,3820982001,3750240645,3816443315,3566213326,3092580390,3035383810,3038860834,3275105202,3692882933,4116654345,4548222293,4873904884,5369658189,5635104179,5877456927
991,부동산신탁,10906,한국자산신탁,B,SM005,요약재무상태표(‘11.03월 이후),A832,Ⅷ. 기타자산_미수수익_미수배당금,120000000, , ,102600000, ,104684397,0,194864350,254955455,0,0,480712433,0,0,0,784041467,498680000,498680000,498680000,1188223667,733180000,733180000,733180000,814920928,770827945,765892328,765892328,870995978,733180000,733180000,733180000,759113000,733209240,0,0,50000000,0,85800,0,34396500,0,0,0,5383444902,5107829802,5107829802,5107829802,387004100,55068493,55068493,55068493,466632572,262460959,47300000
992,부동산신탁,10906,한국자산신탁,B,SM005,요약재무상태표(‘11.03월 이후),A833,Ⅷ. 기타자산_미수수익_미수분배금, , , , ,120000000, ,0,0,0,0,0,0,0,0,0,0,0,0,0,0,0,0,0,0, ,0,0,0,0,0,0,0,0,0,0,0,0, ,0,0,0,0,0,0,0,0,0,0,0,0,0,0,0,0
993,부동산신탁,10906,한국자산신탁,B,SM005,요약재무상태표(‘11.03월 이후),A834,Ⅷ. 기타자산_미수수익_기타, , , , , , ,0,0,0,0,0,0,0,0,0,0,0,0,0,0,0,0,0,0, ,0,0,0,0,0,0,0,0,0,0,0,0, ,0,0,0,0,0,0,0,0,0,0,0,0,0,0,0,0
994,부동산신탁,10906,한국자산신탁,B,SM005,요약재무상태표(‘11.03월 이후),A84,Ⅷ. 기타자산_선급금,0,0,0,0,0,0,3000000000,0,18614495000,18589745000,18754745000,18914745000,160000000,0,0,0,0,0,0,0,87898051,0,0,21290000,0,1839807220,2001780000,2805274415,166540000,261298200,166540000,166540000,201536500,166540000,166540000,166540000,244670950,166540000,166540000,173640300,167090000,168307500,166540000,169550764,197816670,184892880,166540000,234796520,179602550,702731830,166540000,172041470,197826265,166540000
995,부동산신탁,10906,한국자산신탁,B,SM005,요약재무상태표(‘11.03월 이후),A85,Ⅷ. 기타자산_선급비용, , , , , , ,0,0,0,0,0,0,0,0,0,0,0,0,0,0,0,0,0,0,1282191,0,0,0,0,0,10269000,10269000,23961000,816625382,469152781,227921781,71147808,34230000,34230000,0,0,0,0,78152000,48224500,39012000,18459500,0,0,0,0,0,3972493149,3269413079
996,부동산신탁,10906,한국자산신탁,B,SM005,요약재무상태표(‘11.03월 이후),A86,Ⅷ. 기타자산_선급제세,0,0,0,0,0,0,0,0,1452789,0,0,0,0,0,0,0,0,0,0,0,0,0,0,0,0,0,0,13500000,120990841,142026661,140857351,99275359,133480537,129702276,181362530,140876174,149464401,167279215,157938644,137860397,152973042,125740064,130837154,152584789,159043562,154887245,158024573,178953354,0,0,0,0,0,0
997,부동산신탁,10906,한국자산신탁,B,SM005,요약재무상태표(‘11.03월 이후),A87,Ⅷ. 기타자산_대리점, , , , , , ,0,0,0,0,0,0,0,0,0,0,0,0,0,0,0,0,0,0, ,0,0,0,0,0,0,0,0,0,0,0,0, ,0,0,0,0,0,0,0,0,0,0,0,0,0,0,0,0
998,부동산신탁,10906,한국자산신탁,B,SM005,요약재무상태표(‘11.03월 이후),A88,Ⅷ. 기타자산_본.지점, , , , , , ,0,0,0,0,0,0,0,0,0,0,0,0,0,0,0,0,0,0, ,0,0,0,0,0,0,0,0,0,0,0,0, ,0,0,0,0,0,0,0,0,0,0,0,0,0,0,0,0
999,부동산신탁,10906,한국자산신탁,B,SM005,요약재무상태표(‘11.03월 이후),A89,Ⅷ. 기타자산_보증금,1929408798,1433018944,1434209089,1495288828,1322093817,1322093817,1322093817,1665100917,1194640917,1182890917,2472890917,2505187917,1396488809,1396488809,1394488809,1436095474,1436095474,1436095474,1274010769,1312003092,1312003092,1322003092,1473422871,1507527528,1791269398,1791269398,2271211918,2136604296,1931856132,1931856132,1946475152,1978936972,1940210988,2382710988,2434068568,3585854459,3058585109,1958585109,1974094429,2006833766,2571285336,2079855336,4983569896,4736485717,6746066337,6006066337,6012520167,3937523135,3516511318,3262169933,3265355160,3318777712,3355710446,3309456329
1000,부동산신탁,10906,한국자산신탁,B,SM005,요약재무상태표(‘11.03월 이후),A890,Ⅷ. 기타자산_보증금_전세권, , , , , , ,0,0,0,0,0,0,0,0,0,0,0,0,0,0,0,0,0,0, ,0,0,0,0,0,0,0,0,0,0,0,0, ,0,0,0,0,0,0,0,0,0,0,0,0,0,0,0,0
1001,부동산신탁,10906,한국자산신탁,B,SM005,요약재무상태표(‘11.03월 이후),A891,Ⅷ. 기타자산_보증금_전신전화가입권, , , , , , ,0,0,0,0,0,0,0,0,0,0,0,0,0,0,0,0,0,0, ,0,0,0,0,0,0,0,0,0,0,0,0, ,0,0,0,0,0,0,0,0,0,0,0,0,0,0,0,0
1002,부동산신탁,10906,한국자산신탁,B,SM005,요약재무상태표(‘11.03월 이후),A892,Ⅷ. 기타자산_보증금_임차보증금,1158380800,1158380800,1158380800,1215799900,1215799900,1215799900,1215799900,1556607000,1086597000,1076597000,1076597000,1108894000,1386888809,1386888809,1386888809,1428495474,1428495474,1428495474,1266410769,1304403092,1304403092,1314403092,1465822871,1499927528,1783669398,1783669398,2263611918,2129004296,1924256132,1924256132,1938875152,1971336972,1925110988,1875110988,1890168568,1941954459,1950985109,1950985109,1966494429,1999233766,2008535336,2033605336,2037319896,2290235717,2299816337,3459816337,3466270167,3896773135,3175761318,3221419933,3224605160,3318777712,3355710446,3309456329
1003,부동산신탁,10906,한국자산신탁,B,SM005,요약재무상태표(‘11.03월 이후),A893,Ⅷ. 기타자산_보증금_회원보증금,759007998,262618144,266228289,269888928,96693917,96693917,96693917,96693917,96693917,96693917,96693917,96693917,0,0,0,0,0,0,0,0,0,0,0,0, ,0,0,0,0,0,0,0,0,0,0,0,0, ,0,0,0,0,0,0,0,0,0,0,0,0,0,0,0,0
1004,부동산신탁,10906,한국자산신탁,B,SM005,요약재무상태표(‘11.03월 이후),A894,Ⅷ. 기타자산_보증금_기타,12020000,12020000,9600000,9600000,9600000,9600000,9600000,11800000,11350000,9600000,1299600000,1299600000,9600000,9600000,7600000,7600000,7600000,7600000,7600000,7600000,7600000,7600000,7600000,7600000,7600000,7600000,7600000,7600000,7600000,7600000,7600000,7600000,15100000,507600000,543900000,1643900000,1107600000,7600000,7600000,7600000,562750000,46250000,2946250000,2446250000,4446250000,2546250000,2546250000,40750000,340750000,40750000,40750000,0,0,0
1005,부동산신탁,10906,한국자산신탁,B,SM005,요약재무상태표(‘11.03월 이후),A8A,Ⅷ. 기타자산_투자부동산,0,0,0,0,0,0,0,0,0,0,0,0,0,0,0,0,0,0,0,0,0,0,0,0,0,0,0,0,0,0,0,0,0,0,0,0,0,0,0,0,0,0,0,0,0,0,0,0,0,0,0,0,0,0
1006,부동산신탁,10906,한국자산신탁,B,SM005,요약재무상태표(‘11.03월 이후),A8A0,Ⅷ. 기타자산_투자부동산_(손상차손누계액), , , , , , ,0,0,0,0,0,0,0,0,0,0,0,0,0,0,0,0,0,0, ,0,0,0,0,0,0,0,0,0,0,0,0, ,0,0,0,0,0,0,0,0,0,0,0,0,0,0,0,0
1007,부동산신탁,10906,한국자산신탁,B,SM005,요약재무상태표(‘11.03월 이후),A8A1,Ⅷ. 기타자산_투자부동산_토지, , , , , , ,0,0,0,0,0,0,0,0,0,0,0,0,0,0,0,0,0,0, ,0,0,0,0,0,0,0,0,0,0,0,0, ,0,0,0,0,0,0,0,0,0,0,0,0,0,0,0,0
1008,부동산신탁,10906,한국자산신탁,B,SM005,요약재무상태표(‘11.03월 이후),A8A2,Ⅷ. 기타자산_투자부동산_건물, , , , , , ,0,0,0,0,0,0,0,0,0,0,0,0,0,0,0,0,0,0, ,0,0,0,0,0,0,0,0,0,0,0,0, ,0,0,0,0,0,0,0,0,0,0,0,0,0,0,0,0
1009,부동산신탁,10906,한국자산신탁,B,SM005,요약재무상태표(‘11.03월 이후),A8A3,Ⅷ. 기타자산_투자부동산_건물감가상각누계액(-), , , , , , ,0,0,0,0,0,0,0,0,0,0,0,0,0,0,0,0,0,0, ,0,0,0,0,0,0,0,0,0,0,0,0, ,0,0,0,0,0,0,0,0,0,0,0,0,0,0,0,0
1010,부동산신탁,10906,한국자산신탁,B,SM005,요약재무상태표(‘11.03월 이후),A8B,Ⅷ. 기타자산_무형자산,830225902,794170481,751929592,709688702,573762342,531521452,489280562,483689372,467598182,1500031992,1512315802,1501499612,1469350000,1462475000,1455600000,1928725000,1926410000,1919535000,1911660000,1906435000,1901210000,1895985000,1890760000,1885535000,1891310000,1884251667,1877193334,1870135001,5106464667,4989667333,4330001583,4161995833,3993990083,3825984333,3657978583,3489972833,3321967083,3153961333,2985955583,2817949833,2649944083,2481938333,2313932583,2145926833,4495141083,3127135333,2959129583,2791123833,2723612249,2723612249,2723612249,2769547366,2769547366,2769547366
1011,부동산신탁,10906,한국자산신탁,B,SM005,요약재무상태표(‘11.03월 이후),A8B0,Ⅷ. 기타자산_무형자산_(손상차손누계액), , , , , , ,0,0,0,0,0,0,0,0,0,0,0,0,0,0,0,0,0,0, ,0,0,0,0,0,0,0,0,0,0,0,0, ,0,0,0,0,0,0,0,0,0,0,0,0,0,0,0,0
1012,부동산신탁,10906,한국자산신탁,B,SM005,요약재무상태표(‘11.03월 이후),A8B1,Ⅷ. 기타자산_무형자산_영업권, , , , , , ,0,0,0,0,0,0,0,0,0,0,0,0,0,0,0,0,0,0, ,0,0,0,0,0,0,0,0,0,0,0,0, ,0,0,0,0,0,0,0,0,0,0,0,0,0,0,0,0
1013,부동산신탁,10906,한국자산신탁,B,SM005,요약재무상태표(‘11.03월 이후),A8B2,Ⅷ. 기타자산_무형자산_개발비,249598200,211298500,172998800,134699100,96399400,58099700,19800000,18150000,16500000,95975000,112200000,105325000,98450000,91575000,84700000,77825000,70950000,64075000,57200000,51975000,46750000,41525000,36300000,31075000,36850000,29791667,22733334,15675001,3254004667,3137207333,2968101583,2800095833,2632090083,2464084333,2296078583,2128072833,1960067083,1792061333,1624055583,1456049833,1288044083,1120038333,952032583,784026833,616021083,448015333,280009583,112003833,0,0,0,0,0,0
1014,부동산신탁,10906,한국자산신탁,B,SM005,요약재무상태표(‘11.03월 이후),A8B3,Ⅷ. 기타자산_무형자산_소프트웨어, , , , , , ,0,0,0,0,0,0,0,0,0,0,0,0,0,0,0,0,0,0, ,0,0,0,0,0,0,0,0,0,0,0,0, ,0,0,0,0,0,0,0,0,0,0,0,0,0,0,0,0
1015,부동산신탁,10906,한국자산신탁,B,SM005,요약재무상태표(‘11.03월 이후),A8B4,Ⅷ. 기타자산_무형자산_회원권,580627702,582871981,578930792,574989602,477362942,473421752,469480562,465539372,451098182,1404056992,1400115802,1396174612,1370900000,1370900000,1370900000,1850900000,1855460000,1855460000,1854460000,1854460000,1854460000,1854460000,1854460000,1854460000,1854460000,1854460000,1854460000,1854460000,1852460000,1852460000,1361900000,1361900000,1361900000,1361900000,1361900000,1361900000,1361900000,1361900000,1361900000,1361900000,1361900000,1361900000,1361900000,1361900000,3879120000,2679120000,2679120000,2679120000,2723612249,2723612249,2723612249,2769547366,2769547366,2769547366
1016,부동산신탁,10906,한국자산신탁,B,SM005,요약재무상태표(‘11.03월 이후),A8B5,Ⅷ. 기타자산_무형자산_기타, , , , , , ,0,0,0,0,0,0,0,0,0,0,0,0,0,0,0,0,0,0, ,0,0,0,0,0,0,0,0,0,0,0,0, ,0,0,0,0,0,0,0,0,0,0,0,0,0,0,0,0
1017,부동산신탁,10906,한국자산신탁,B,SM005,요약재무상태표(‘11.03월 이후),A8C,Ⅷ. 기타자산_가지급금,2130112075,2333339174,2733617661,4607903376,4829827373,4829766549,10380568049,7958529528,7753634021,9140971115,1051685936,1246558570,1006733640,1112576180,3116938883,4859223570,3391560266,3295274612,0,0,0,0,0,0, ,0,0,0,0,0,0,0,0,0,0,0,0, ,0,0,0,0,0,0,0,0,0,0,0,0,0,0,0,0
1018,부동산신탁,10906,한국자산신탁,B,SM005,요약재무상태표(‘11.03월 이후),A8D,Ⅷ. 기타자산_이연법인세자산,168645120,915411754,783155325,699072593,619279594,699639703,1006697100,1020265325,1273341699,722802651,1145741597,1207121769,950130088,1416419564,1698185845,1467327835,1633386754,2166904486,2420005520,2614286616,2671197717,2761234544,2625758598,2096035464,1554346444,1441697736,564281215,1314576116,1529896147,1900438129,2488645518,2146820637,2782441782,2760124277,2459564314,2847316639,1047917297,118484558,0,0,0,0,0,0,605297179,278424220,0,607063571,2584547374,1377906109,3893629590,4131832058,7007841091,4947940591
1019,부동산신탁,10906,한국자산신탁,B,SM005,요약재무상태표(‘11.03월 이후),A8E,Ⅷ. 기타자산_일반상품, , , , , , ,0,0,0,0,0,0,0,0,0,0,0,0,0,0,0,0,0,0, ,0,0,0,0,0,0,0,0,0,0,0,0, ,0,0,0,0,0,0,0,0,0,0,0,0,0,0,0,0
1020,부동산신탁,10906,한국자산신탁,B,SM005,요약재무상태표(‘11.03월 이후),A8F,Ⅷ. 기타자산_기타,438671487,407129052,317275039,187990102,95741094,13487671,0,0,0,0,0,0,0,0,0,0,0,0,0,0,0,0,0,0,0,0,0,0,0,0,0,8476029775,7510477227,7074089275,6662721729,6095915006,5606627547,5065513869,4598277336,4115105023,3637809127,3167813131,2769483986,2303855900,1830663025,1244542438,3518369775,14456829358,14469130091,13657917884,12208403911,11482871776,10715860593,10110069194
1021,부동산신탁,10906,한국자산신탁,B,SM005,요약재무상태표(‘11.03월 이후),A8G,Ⅷ. 기타자산_대손충당금(-),1820176098,2200243259,3112931649,3350360191,3602736032,3817206920,3706491527,3623832837,3596102758,3969043413,3154926972,3079336493,2922792725,2702981547,1932205618,1896269407,1875944848,1929355638,1524050340,1626850539,3586784349,3603248830,1557858401,1561120230,1484702844,1381329246,1328559220,1421629774,1780408913,3869538865,3424271226,3501748145,3524013897,3511138951,3486700553,3558882298,3513755647,3523822610,3473453545,3403455206,3503833549,3488537387,3481871541,3352939476,3384652745,3403170480,3569571536,3732594501,3823298755,3973648904,4054597959,4518980071,4446951240,4792448983
1022,부동산신탁,10906,한국자산신탁,B,SM005,요약재무상태표(‘11.03월 이후),A8G0,Ⅷ. 기타자산_대손충당금(-)_미수금대손충당금,1798859955,2117662572,2990682733,3200743064,3458208149,3713759236,3561332305,3501207915,3444034054,3819122485,3006279393,2935184961,2775630815,2536138592,1465953946,1443104184,1704243223,1764167601,1524050340,1626850539,1565245405,1581709886,1557858401,1561120230,1484702844,1373939377,1328559220,1420826132,1612684601,1668137281,1225801148,1302801468,1307745716,1313509111,1272804863,1253425732,1256007570,1274190866,1254360252,1180881871,1283295877,1258972231,1275175855,1150677669,1155595263,1194841514,1361276732,1498847237,1580942982,1730393842,1750038941,2230728840,2148546024,2457953799
1023,부동산신탁,10906,한국자산신탁,B,SM005,요약재무상태표(‘11.03월 이후),A8G1,Ⅷ. 기타자산_대손충당금(-)_미수수익대손충당금,0,0,0,0,0,0,0,0,0,0,0,0,0,0,0,0,0,0,0,0,2021538944,2021538944,0,0,0,7389869,0,803642,167724312,2201401584,2198470078,2198946677,2216268181,2197629840,2213895690,2305456566,2257748077,2249631744,2219093293,2222573335,2220537672,2229565156,2206695686,2202261807,2229057482,2208328966,2208294804,2233747264,2242355773,2243255062,2304559018,2288251231,2298405216,2334495184
1024,부동산신탁,10906,한국자산신탁,B,SM005,요약재무상태표(‘11.03월 이후),A8G10,Ⅷ. 기타자산_대손충당금(-)_미수수익대손충당금_미수수수료대손충당금, , , , , , ,0,0,0,0,0,0,0,0,0,0,0,0,0,0,0,0,0,0, ,0,0,0,0,0,0,0,0,0,0,0,0, ,0,0,0,0,0,0,0,0,0,0,0,0,0,0,0,0
1025,부동산신탁,10906,한국자산신탁,B,SM005,요약재무상태표(‘11.03월 이후),A8G11,Ⅷ. 기타자산_대손충당금(-)_미수수익대손충당금_미수이자대손충당금, , , , , , ,0,0,0,0,0,0,0,0,0,0,0,0,0,0,2021538944,2021538944,0,0, ,7389869,0,803642,167724312,2201401584,2198470078,2198946677,2216268181,2197629840,2213895690,2305456566,2257748077,2249631744,2219093293,2222573335,2220537672,2229565156,2206695686,2202261807,2229057482,2208328966,2208294804,2233747264,2242355773,2243255062,2304559018,2288251231,2298405216,2334495184
1026,부동산신탁,10906,한국자산신탁,B,SM005,요약재무상태표(‘11.03월 이후),A8G12,Ⅷ. 기타자산_대손충당금(-)_미수수익대손충당금_기타대손충당금, , , , , , ,0,0,0,0,0,0,0,0,0,0,0,0,0,0,0,0,0,0, ,0,0,0,0,0,0,0,0,0,0,0,0, ,0,0,0,0,0,0,0,0,0,0,0,0,0,0,0,0
1027,부동산신탁,10906,한국자산신탁,B,SM005,요약재무상태표(‘11.03월 이후),A8G2,Ⅷ. 기타자산_대손충당금(-)_선급금대손충당금, , , , , , ,0,0,0,0,0,0,0,0,0,0,0,0,0,0,0,0,0,0, ,0,0,0,0,0,0,0,0,0,0,0,0, ,0,0,0,0,0,0,0,0,0,0,0,0,0,0,0,0
1028,부동산신탁,10906,한국자산신탁,B,SM005,요약재무상태표(‘11.03월 이후),A8G3,Ⅷ. 기타자산_대손충당금(-)_기타대손충당금,21316143,82580687,122248916,149617127,144527883,103447684,145159222,122624922,152068704,149920928,148647579,144151532,147161910,166842955,466251672,453165223,171701625,165188037,0,0,0,0,0,0, ,0,0,0,0,0,0,0,0,0,0,0,0, ,0,0,0,0,0,0,0,0,0,0,0,0,0,0,0,0
1029,부동산신탁,10906,한국자산신탁,B,SM005,요약재무상태표(‘11.03월 이후),B,부채총계,56661382174,45097377124,50073512846,47395122935,51782002564,48475589989,67185325073,94921703037,106575918320,96737005056,80002382709,63923353225,84243782829,87766430101,99257090792,89855826830,99595761869,120615323309,103907504907,117217114505,121446853252,133853059652,132489157065,150358614918,192597046084,227911642484,242070115247,302947598717,280946922863,333687123378,395664396723,582725200861,634360725880,551767513273,543803441964,532927805359,496288411076,409071378620,384309993371,404609616983,314954363863,227460194346,201495248706,226379832693,157626192856,147534044598,157940747632,199779644239,185465277290,170517608757,185297792143,280930656911,329266999599,338393772225
1030,부동산신탁,10906,한국자산신탁,B,SM005,요약재무상태표(‘11.03월 이후),B1,Ⅰ. 예수부채,0,0,0,0,0,0,0,0,0,0,0,0,0,0,0,0,0,0,0,0,0,0,0,0,0,0,0,0,0,0,0,0,0,0,0,0,0,0,0,0,0,0,0,0,0,0,0,0,0,0,0,0,0,0
1031,부동산신탁,10906,한국자산신탁,B,SM005,요약재무상태표(‘11.03월 이후),B2,Ⅱ. 차입부채,29400000000,18715966589,21100000000,18123800000,23100000000,18100000000,36708438939,62872224923,74400000000,64100000000,43485000000,23346789000,43842789000,44040369950,47856029918,36591869970,41169107000,57306556665,30791107000,30791107000,39305311365,50980814000,38107814000,35585803000,99185803000,129040769660,134544652827,187302543696,209444332077,263353251919,330974927953,489717226939,577740650626,502199890208,486650385494,451095305777,435536286956,354968266470,319810457559,314863886211,255916982654,175952213381,140971004159,140985681604,99940687879,99947754082,99955064416,99962374338,99969700608,99977201947,99984878034,169992563909,248518338413,278805836713
1032,부동산신탁,10906,한국자산신탁,B,SM005,요약재무상태표(‘11.03월 이후),B20,Ⅱ. 차입부채_(현재가치할인차금)(-), , , , , , ,0,0,0,0,0,0,0,0,0,0,0,0,0,0,0,0,0,0, ,0,0,0,0,0,0,0,0,0,0,0,0, ,0,0,0,0,0,0,0,0,0,0,0,0,0,0,1204159485,946030813
1033,부동산신탁,10906,한국자산신탁,B,SM005,요약재무상태표(‘11.03월 이후),B21,Ⅱ. 차입부채_(현재가치할증차금)(+), , , , , , ,0,0,0,0,0,0,0,0,0,0,0,0,0,0,0,0,0,0, ,0,0,0,0,0,0,0,0,0,0,0,0, ,0,0,0,0,0,0,0,0,0,0,0,0,0,0,0,0
1034,부동산신탁,10906,한국자산신탁,B,SM005,요약재무상태표(‘11.03월 이후),B22,Ⅱ. 차입부채_차입금,29400000000,18715966589,21100000000,18123800000,23100000000,18100000000,36708438939,62872224923,74400000000,64100000000,43485000000,23346789000,43842789000,44040369950,47856029918,36591869970,41169107000,57306556665,30791107000,30791107000,39305311365,50980814000,38107814000,35585803000,99185803000,69187803000,74671803000,117423001000,139541001000,193425928320,201183044612,220105327597,193376625175,177756269391,162129647996,126497315389,110859050215,100215520904,90000001000,85000001000,80000001000,80000001000,80000001000,80000001000,80000001000,80000001000,80000001000,80000001000,80000001000,80000001000,80000001000,150000000000,148795840515,179053969187
1035,부동산신탁,10906,한국자산신탁,B,SM005,요약재무상태표(‘11.03월 이후),B23,Ⅱ. 차입부채_매도증권,0,0,0,0,0,0,0,0,0,0,0,0,0,0,0,0,0,0,0,0,0,0,0,0,0,0,0,0,0,0,0,0,0,0,0,0,0,0,0,0,0,0,0,0,0,0,0,0,0,0,0,0,0,0
1036,부동산신탁,10906,한국자산신탁,B,SM005,요약재무상태표(‘11.03월 이후),B24,Ⅱ. 차입부채_사채, , , , ,0, ,0,0,0,0,0,0,0,0,0,0,0,0,0,0,0,0,0,0, ,59852966660,59872849827,69879542696,69903331077,69927323599,129791883341,269611899342,384364025451,324443620817,324520737498,324597990388,324677236741,254752745566,229810456559,229863885211,175916981654,95952212381,60971003159,60985680604,19940686879,19947753082,19955063416,19962373338,19969699608,19977200947,19984877034,19992563909,99722497898,99751867526
1037,부동산신탁,10906,한국자산신탁,B,SM005,요약재무상태표(‘11.03월 이후),B240,Ⅱ. 차입부채_(사채발행차금), , , , ,0, ,0,0,0,0,0,0,0,0,0,0,0,0,0,0,0,0,0,0, ,-147033340,-127150173,-120457304,-96668923,-72676401,-208116659,-388100658,-635974549,-556379183,-479262502,-402009612,-322763259,-247254434,-189543441,-136114789,-83018346,-47787619,-28996841,-14319396,-59313121,-52246918,-44936584,-37626662,-30300392,-22799053,-15122966,-7436091,-277502102,-248132474
1038,부동산신탁,10906,한국자산신탁,B,SM005,요약재무상태표(‘11.03월 이후),B25,Ⅱ. 차입부채_발행어음(종금계정), , , , ,0, ,0,0,0,0,0,0,0,0,0,0,0,0,0,0,0,0,0,0, ,0,0,0,0,0,0,0,0,0,0,0,0, ,0,0,0,0,0,0,0,0,0,0,0,0,0,0,0,0
1039,부동산신탁,10906,한국자산신탁,B,SM005,요약재무상태표(‘11.03월 이후),B26,Ⅱ. 차입부채_기타,0,0,0,0,0,0,0,0,0,0,0,0,0,0,0,0,0,0,0,0,0,0,0,0,0,0,0,0,0,0,0,0,0,0,0,0,0,0,0,0,0,0,0,0,0,0,0,0,0,0,0,0,0,0
1040,부동산신탁,10906,한국자산신탁,B,SM005,요약재무상태표(‘11.03월 이후),B3,Ⅳ. 기타부채,27261382174,26381410535,28973512846,29271322935,28682002564,30375589989,30476886134,32049478114,32175918320,32637005056,36517382709,40576564225,40400993829,43726060151,51401060874,53263956860,58426654869,63308766644,73116397907,86426007505,82141541887,82872245652,94381343065,114772811918,93411243084,98870872824,107525462420,115645055021,71502590786,70333871459,64689468770,93007973922,56620075254,49567623065,57153056470,81832499582,60752124120,54103112150,64499535812,89745730772,59037381209,51507980965,60524244547,85394151089,57685504977,47586290516,57985683216,99817269901,85495576682,70540406810,85312914109,110938093002,80748661186,59587935512
1041,부동산신탁,10906,한국자산신탁,B,SM005,요약재무상태표(‘11.03월 이후),B30,Ⅳ. 기타부채_(현재가치할인차금)(-), , , , ,0, ,0,0,0,0,0,0,0,0,0,0,0,0,0,0,0,0,0,0, ,0,0,0,0,0,0,0,0,0,0,0,0, ,0,0,0,0,0,0,0,0,0,0,0,0,0,0,0,0
1042,부동산신탁,10906,한국자산신탁,B,SM005,요약재무상태표(‘11.03월 이후),B31,Ⅳ. 기타부채_(현재가치할증차금)(+), , , , ,0, ,0,0,0,0,0,0,0,0,0,0,0,0,0,0,0,0,0,0, ,0,0,0,0,0,0,0,0,0,0,0,0, ,0,0,0,0,0,0,0,0,0,0,0,0,0,0,0,0
1043,부동산신탁,10906,한국자산신탁,B,SM005,요약재무상태표(‘11.03월 이후),B32,Ⅳ. 기타부채_퇴직급여부채,503394761,643012059,452198517,617821752,767417740,932749503,473848880,422792609,577832015,732871421,314705100,482026835,605181890,764819966,662109477,813772113,825434749,977097385,817373104,997643150,1177913196,1358183242,1046378443,1277599615,1508820787,1714403060,1283768159,1545177324,1837289441,2129401558,1831737346,2161270909,2230140600,2559674163,2258386806,2467708164,2652493951,3003242878,2364580069,2700603724,3036627379,3370649647,2777264102,3145120277,3507740702,3860628125,2282325370,2580363646,2932492795,3304066509,2667073704,2851092738,3070146092,3457558997
1044,부동산신탁,10906,한국자산신탁,B,SM005,요약재무상태표(‘11.03월 이후),B320,Ⅳ. 기타부채_퇴직급여부채_확정급여채무,1790893586,1790833604,1976681523,2094448963,2116191009,2193036346,1998107388,2001511550,2076792838,2187384803,2043022800,2181774471,2266391062,2379177350,2772673451,2902229950,3034893708,3186556344,3363410752,3392815224,3550335706,3655203878,4038689513,3975961884,4170177556,4368926324,5146938625,5392510548,5572726959,5441079028,6093627967,6403925462,6312885605,6499794452,7362581921,7285716780,7445166248,7695867734,8017337447,7519209139,7750173958,7858096951,8183573339,7892196155,8084723054,8370639629,8119652107,8269959519,8479729486,8726771158,9451167751,9106336370,9151692037,9222515282
1045,부동산신탁,10906,한국자산신탁,B,SM005,요약재무상태표(‘11.03월 이후),B322,"Ⅳ. 기타부채_퇴직급여부채_미인식보험수리적손익(+,-)", , , , , , ,0,0,0,0,0,0,0,0,0,0,0,0,0,0,0,0,0,0, ,0,0,0,0,0,0,0,0,0,0,0,0, ,0,0,0,0,0,0,0,0,0,0,0,0,0,0,0,0
1046,부동산신탁,10906,한국자산신탁,B,SM005,요약재무상태표(‘11.03월 이후),B323,Ⅳ. 기타부채_퇴직급여부채_미인식과거근무원가(-), , , , , , ,0,0,0,0,0,0,0,0,0,0,0,0,0,0,0,0,0,0, ,0,0,0,0,0,0,0,0,0,0,0,0, ,0,0,0,0,0,0,0,0,0,0,0,0,0,0,0,0
1047,부동산신탁,10906,한국자산신탁,B,SM005,요약재무상태표(‘11.03월 이후),B324,Ⅳ. 기타부채_퇴직급여부채_사외적립자산(-),1287498825,1147821545,1524483006,1476627211,1348773269,1260286843,1524258508,1578718941,1498960823,1454513382,1728317700,1699747636,1661209172,1614357384,2110563974,2088457837,2209458959,2209458959,2546037648,2395172074,2372422510,2297020636,2992311070,2698362269,2661356769,2654523264,3863170466,3847333224,3735437518,3311677470,4261890621,4242654553,4082745005,3940120289,5104195115,4818008616,4792672297,4692624856,5652757378,4818605415,4713546579,4487447304,5406309237,4747075878,4576982352,4510011504,5837326737,5689595873,5547236691,5422704649,6784094047,6255243632,6081545945,5764956285
1048,부동산신탁,10906,한국자산신탁,B,SM005,요약재무상태표(‘11.03월 이후),B33,Ⅳ. 기타부채_충당부채,0,0,0,0,0,0,181500000,0,0,0,1290000000,1290000000,108516341,108516341,0,0,71440265,71440265,459567261,459567261,459567261,404690000,415250000,415250000,419517200,419517200,681230000,681230000,637450000,1593558639,2527115869,1818290575,1807928805,2069919359,3504768099,3029768099,2616198639,1626198639,1696763317,1671408639,1715047418,1522058853,4257005014,4850060904,4257005014,2798123346,3384082644,1884522353,9419802684,1836858853,12805830518,11949941748,21146076949,14162859217
1049,부동산신탁,10906,한국자산신탁,B,SM005,요약재무상태표(‘11.03월 이후),B330,Ⅳ. 기타부채_충당부채_채무보증충당부채, , , , , , ,0,0,0,0,0,0,0,0,0,0,0,0,0,0,0,0,0,0, ,0,0,0,0,0,0,0,0,0,0,0,0, ,0,0,0,0,0,0,0,0,0,0,0,0,0,0,0,0
1050,부동산신탁,10906,한국자산신탁,B,SM005,요약재무상태표(‘11.03월 이후),B331,Ⅳ. 기타부채_충당부채_복구충당부채, , , , , , ,181500000,0,0,0,0,0,0,0,0,0,0,0,404690000,404690000,404690000,404690000,415250000,415250000,415250000,415250000,681230000,681230000,637450000,637450000,541970000,541970000,539983600,539983600,659230000,659230000,659230000,659230000,715300000,715300000,715300000,715300000,873100000,873100000,873100000,873100000,1030100000,1030100000,1030100000,1030100000,805000000,805000000,805000000,805000000
1051,부동산신탁,10906,한국자산신탁,B,SM005,요약재무상태표(‘11.03월 이후),B332,Ⅳ. 기타부채_충당부채_특별대손충당금, , , , , , ,0,0,0,0,0,0,0,0,0,0,0,0,0,0,0,0,0,0, ,0,0,0,0,0,0,0,0,0,0,0,0, ,0,0,0,0,0,0,0,0,0,0,0,0,0,0,0,0
1052,부동산신탁,10906,한국자산신탁,B,SM005,요약재무상태표(‘11.03월 이후),B333,Ⅳ. 기타부채_충당부채_신탁위험충당금, , , , , , ,0,0,0,0,1290000000,1290000000,108516341,108516341,0,0,71440265,71440265,54877261,54877261,54877261,0,0,0,4267200,4267200,0,0,0,0,0,0,0,0,990000000,990000000,990000000, ,0,0,0,0,0,0,0,0,0,47663500,0,0,0,0,0,0
1053,부동산신탁,10906,한국자산신탁,B,SM005,요약재무상태표(‘11.03월 이후),B334,Ⅳ. 기타부채_충당부채_기타, , , , , , ,0,0,0,0,0,0,0,0,0,0,0,0,0,0,0,0,0,0, ,0,0,0,0,956108639,1985145869,1276320575,1267945205,1529935759,1855538099,1380538099,966968639,966968639,981463317,956108639,999747418,806758853,3383905014,3976960904,3383905014,1925023346,2353982644,806758853,8389702684,806758853,12000830518,11144941748,20341076949,13357859217
1054,부동산신탁,10906,한국자산신탁,B,SM005,요약재무상태표(‘11.03월 이후),B34,Ⅳ. 기타부채_미지급법인세,1588060589,906652759,1510693014,2403460009,1980190620,2515814224,2903254490,3504558876,1622131914,1615713113,2106123407,2089103638,2739422712,3786219993,5481231682,5025307229,6433441623,6289519155,9892935453,9455925649,8049268416,7623090200,13826842370,15423179252,16848894824,19965356712,24846596078,31581263164,14231345160,14003100484,18558181917,24948620009,12555875996,8110536310,15265582790,17619289019,16639773226,13915804263,24010493216,21705630592,15417002984,7252859614,17400926458,17415850288,13509410290,7119159720,12057898461,20051176779,18391260418,14991299668,16966555472,21694387429,8735176027,764218365
1055,부동산신탁,10906,한국자산신탁,B,SM005,요약재무상태표(‘11.03월 이후),B35,Ⅳ. 기타부채_미지급배당금, , , , , , ,0,0,0,0,0,0,0,0,0,0,0,0,0,7348752000,0,0,0,17000000000, ,0,0,18479778000,0,0,0,20226726250,0,0,0,22249002200,0, ,0,26920752100,0,0,0,26920752100,0,0,0,26920752100,0,0,0,26920752100,0,0
1056,부동산신탁,10906,한국자산신탁,B,SM005,요약재무상태표(‘11.03월 이후),B36,Ⅳ. 기타부채_미지급금,79157326,111035192,2200000,41545711,78691822,111119446,0,37111786,74223572,111335358,0,36314108,70564425,105846638,10200000,41388294,72776588,91610135,10000000,36959142,63918283,90877425,10000000,34127592,64255185,67418094,0,32499752,770880000,0,0,9210000,0,0,0,5430000,0, ,148650000,128662796,128662796,1210721840,322237155,48213811,48213811,63213811,217333811,48213811,79638909,48403909,48403909,66888909,224373756,103209789
1057,부동산신탁,10906,한국자산신탁,B,SM005,요약재무상태표(‘11.03월 이후),B37,Ⅳ. 기타부채_미지급비용,18641421224,18556976436,19705168483,18760863616,18752534665,18771303188,18842201157,18776519540,18794734291,18719637869,18922875541,18932237828,18818139490,18801872445,18997015382,18886062771,18873266940,18854877682,18957892987,19049693265,19083764249,19122671160,19477835560,19542420148,19809435548,20189381472,20672114542,2535629728,2190751160,2549282037,7233645927,6344108233,8157281917,6037826432,5862978385,5261356428,7145053965,6783296265,7768495797,5665572898,6990164735,5113057414,4999743210,3651522778,4712860575,4542608671,8051877141,7198488108,8600485748,7227622141,8280928592,7747550283,7409287821,3585151416
1058,부동산신탁,10906,한국자산신탁,B,SM005,요약재무상태표(‘11.03월 이후),B38,Ⅳ. 기타부채_임대보증금, , , , , , ,0,0,0,0,0,0,40581800,40581800,40581800,40581800,41799250,41799250,41799250,41799250,43053230,43053230,43053230,75070080,75070080,75070080,75070080,77322180,77322180,77322180,77322180,0,0,0,0,0,0, ,0,0,0,0,0,0,0,0,0,0,0,0,0,0,0,0
1059,부동산신탁,10906,한국자산신탁,B,SM005,요약재무상태표(‘11.03월 이후),B39,Ⅳ. 기타부채_선수금,6167690824,5788014281,6852155133,6807824777,6756602121,7465891787,7527032467,8888908896,10823520984,11108223340,13374318782,17353278615,17673203271,19371454026,25304529018,27936387868,31340219984,36195484647,42025295520,48372581215,52906627208,53655961388,58764058779,60572920501,53987811774,55535200664,58493556624,59904021694,51254878632,48893167612,33229519909,28681712538,24041184196,22488786223,22446355285,23633902494,25059825409,21945493615,20790474912,25148978543,25948783899,26888704035,26002710464,25959052452,28453921141,25931955607,26945173342,25266669199,31163392992,27850007993,30931703326,26798706955,28039693170,25112218613
1060,부동산신탁,10906,한국자산신탁,B,SM005,요약재무상태표(‘11.03월 이후),B3A,Ⅳ. 기타부채_선수수익, , , , , , ,0,0,0,0,0,0,0,0,0,0,0,0,0,0,0,0,0,0, ,0,0,0,0,0,0,0,0,0,0,0,0, ,0,0,0,0,0,0,0,0,0,0,0,0,0,0,0,0
1061,부동산신탁,10906,한국자산신탁,B,SM005,요약재무상태표(‘11.03월 이후),B3B,Ⅳ. 기타부채_가수금, ,11000000, ,4137390,6843530,246524030,0,12624030,1824030,1624030,0,21287170,31287170,40044708,0,53279300,5720000,184476000,0,3857,0,0,0,0,549230,1357130,0,0,0,13200000,0,11000000,0,1854603,0,0,0, ,0,0,0,0,0,0,0,0,0,0,0,0,0,0,0,0
1062,부동산신탁,10906,한국자산신탁,B,SM005,요약재무상태표(‘11.03월 이후),B3C,Ⅳ. 기타부채_대리점, , , , , , ,0,0,0,0,0,0,0,0,0,0,0,0,0,0,0,0,0,0, ,0,0,0,0,0,0,0,0,0,0,0,0, ,0,0,0,0,0,0,0,0,0,0,0,0,0,0,0,0
1063,부동산신탁,10906,한국자산신탁,B,SM005,요약재무상태표(‘11.03월 이후),B3D,Ⅳ. 기타부채_본.지점, , , , , , ,0,0,0,0,0,0,0,0,0,0,0,0,0,0,0,0,0,0, ,0,0,0,0,0,0,0,0,0,0,0,0, ,0,0,0,0,0,0,0,0,0,0,0,0,0,0,0,0
1064,부동산신탁,10906,한국자산신탁,B,SM005,요약재무상태표(‘11.03월 이후),B3E,Ⅳ. 기타부채_이연법인세부채, , , , , , ,0,0,0,0,0,0,0,0,0,0,0,0,0,0,0,0,0,0, ,0,0,0,0,0,0,0,0,0,0,0,0, ,2291745768,572302566,1161391071,893381807,186404670,178079077,0,0,417554349,0,0,0,0,0,0,0
1065,부동산신탁,10906,한국자산신탁,B,SM005,요약재무상태표(‘11.03월 이후),B3F,Ⅳ. 기타부채_제세금예수금,281657450,364719808,451097699,635669680,339722066,332187811,549049140,406962377,281651514,347599925,508072709,372316031,314096730,706704234,905393515,467177485,762555470,602462125,911534332,663082716,357430044,573719007,797924683,432244730,671588456,877868412,1447826937,808133179,502674213,1074838949,1231945622,579000538,491207026,1323213796,1348904039,1597443558,1102377538,1778709589,901970688,1141563378,990644241,2045264696,1949998995,1011066296,1413868688,2040817250,1198575001,1254143672,885145983,1891494343,1258791568,1175211788,1053705858,1937803864
1066,부동산신탁,10906,한국자산신탁,B,SM005,요약재무상태표(‘11.03월 이후),B3G,Ⅳ. 기타부채_신탁계정차, , , , , , ,0,0,0,0,0,0,0,0,0,0,0,0,0,0,0,0,0,0, ,0,0,0,0,0,0,0,0,0,0,0,0, ,0,0,0,0,0,0,0,0,0,0,0,0,0,0,0,0
1067,부동산신탁,10906,한국자산신탁,B,SM005,요약재무상태표(‘11.03월 이후),B3H,Ⅳ. 기타부채_기타,0,0,0,0,0,0,0,0,0,0,1287170,0,0,0,0,0,0,0,0,0,0,0,0,0,25300000,25300000,25300000,0,0,0,0,8228034870,7336456714,6975812179,6466081066,5968599620,5536401392,5050366901,4526362045,4090255536,3649056686,3211283059,2627954479,2214433106,1782484756,1229783986,3430863097,14612940233,14023357153,13390653394,12353627020,11733561052,11070201513,10464915251
1068,부동산신탁,10906,한국자산신탁,B,SM005,요약재무상태표(‘11.03월 이후),B4,Ⅲ. 파생상품부채,0,0,0,0,0,0,0,0,0,0,0,0,0,0,0,0,0,0,0,0,0,0,0,0,0,0,0,0,0,0,0,0,0,0,0,0,0,0,0,0,0,0,0,0,0,0,0,0,0,0,0,0,0,0
1069,부동산신탁,10906,한국자산신탁,B,SM005,요약재무상태표(‘11.03월 이후),B40,Ⅲ. 파생상품부채_이자율관련,0,0,0,0,0,0,0,0,0,0,0,0,0,0,0,0,0,0,0,0,0,0,0,0,0,0,0,0,0,0,0,0,0,0,0,0,0,0,0,0,0,0,0,0,0,0,0,0,0,0,0,0,0,0
1070,부동산신탁,10906,한국자산신탁,B,SM005,요약재무상태표(‘11.03월 이후),B41,Ⅲ. 파생상품부채_통화관련,0,0,0,0,0,0,0,0,0,0,0,0,0,0,0,0,0,0,0,0,0,0,0,0,0,0,0,0,0,0,0,0,0,0,0,0,0,0,0,0,0,0,0,0,0,0,0,0,0,0,0,0,0,0
1071,부동산신탁,10906,한국자산신탁,B,SM005,요약재무상태표(‘11.03월 이후),B42,Ⅲ. 파생상품부채_주식관련,0,0,0,0,0,0,0,0,0,0,0,0,0,0,0,0,0,0,0,0,0,0,0,0,0,0,0,0,0,0,0,0,0,0,0,0,0,0,0,0,0,0,0,0,0,0,0,0,0,0,0,0,0,0
1072,부동산신탁,10906,한국자산신탁,B,SM005,요약재무상태표(‘11.03월 이후),B43,Ⅲ. 파생상품부채_신용관련,0,0,0,0,0,0,0,0,0,0,0,0,0,0,0,0,0,0,0,0,0,0,0,0,0,0,0,0,0,0,0,0,0,0,0,0,0,0,0,0,0,0,0,0,0,0,0,0,0,0,0,0,0,0
1073,부동산신탁,10906,한국자산신탁,B,SM005,요약재무상태표(‘11.03월 이후),B44,Ⅲ. 파생상품부채_상품관련,0,0,0,0,0,0,0,0,0,0,0,0,0,0,0,0,0,0,0,0,0,0,0,0,0,0,0,0,0,0,0,0,0,0,0,0,0,0,0,0,0,0,0,0,0,0,0,0,0,0,0,0,0,0
1074,부동산신탁,10906,한국자산신탁,B,SM005,요약재무상태표(‘11.03월 이후),B45,Ⅲ. 파생상품부채_기타파생상품부채, , , , ,0, ,0,0,0,0,0,0,0,0,0,0,0,0,0,0,0,0,0,0, ,0,0,0,0,0,0,0,0,0,0,0,0, ,0,0,0,0,0,0,0,0,0,0,0,0,0,0,0,0
1075,부동산신탁,10906,한국자산신탁,B,SM005,요약재무상태표(‘11.03월 이후),B46,Ⅲ. 파생상품부채_파생상품 신용위험평가조정액,0,0,0,0,0,0,0,0,0,0,0,0,0,0,0,0,0,0,0,0,0,0,0,0,0,0,0,0,0,0,0,0,0,0,0,0,0,0,0,0,0,0,0,0,0,0,0,0,0,0,0,0,0,0
1076,부동산신탁,10906,한국자산신탁,B,SM005,요약재무상태표(‘11.03월 이후),B47,Ⅲ. 파생상품부채_파생상품 거래일손익인식평가조정액, , , , ,0, ,0,0,0,0,0,0,0,0,0,0,0,0,0,0,0,0,0,0, ,0,0,0,0,0,0,0,0,0,0,0,0, ,0,0,0,0,0,0,0,0,0,0,0,0,0,0,0,0
1077,부동산신탁,10906,한국자산신탁,B,SM005,요약재무상태표(‘11.03월 이후),B5,Ⅴ. 요구불상환지분,0,0,0,0,0,0,0,0,0,0,0,0,0,0,0,0,0,0,0,0,0,0,0,0,0,0,0,0,0,0,0,0,0,0,0,0,0,0,0,0,0,0,0,0,0,0,0,0,0,0,0,0,0,0
1078,부동산신탁,10906,한국자산신탁,B,SM005,요약재무상태표(‘11.03월 이후),C,자본총계,110513732464,110624170943,112027257579,115949692849,120054486248,123348245904,125361973744,127529224941,129718029948,134270596488,137235793056,140402160864,147545541967,152279357395,172410741129,179940033995,193446868715,200011409693,216637245521,221426285155,234661130632,368611253566,389231743104,398115744106,429124556281,453515441337,476121844227,471869107182,500633333602,519284253939,548845604548,550232768685,567832638650,589986325324,607753316924,612207259644,642371484539,673168396785,708037169683,701327800811,725271922776,742979511681,762569069583,759648136212,777137379943,797179869094,811816216323,824739062226,836391907740,847670794641,863672268971,851880648079,856008365721,849896974762
1079,부동산신탁,10906,한국자산신탁,B,SM005,요약재무상태표(‘11.03월 이후),C1,Ⅰ. 자본금,26945990000,26945990000,26945990000,26945990000,26945990000,26945990000,26945990000,26945990000,26945990000,26945990000,26945990000,26945990000,26945990000,26945990000,35504960000,35504960000,35504960000,35504960000,36743760000,36743760000,36743760000,42500000000,42500000000,46750000000,46750000000,46750000000,46750000000,51369944500,51369944500,51369944500,51369944500,56426625500,56426625500,56426625500,56426625500,61988876000,61988876000,61988876000,61988876000,61988876000,61988876000,61988876000,61988876000,61988876000,61988876000,61988876000,61988876000,61988876000,61988876000,61988876000,61988876000,61988876000,61988876000,61988876000
1080,부동산신탁,10906,한국자산신탁,B,SM005,요약재무상태표(‘11.03월 이후),C10,Ⅰ. 자본금_보통주자본금,26945990000,26945990000,26945990000,26945990000,26945990000,26945990000,26945990000,26945990000,26945990000,26945990000,26945990000,26945990000,26945990000,26945990000,35504960000,35504960000,35504960000,35504960000,36743760000,36743760000,36743760000,42500000000,42500000000,46750000000,46750000000,46750000000,46750000000,51369944500,51369944500,51369944500,51369944500,56426625500,56426625500,56426625500,56426625500,61988876000,61988876000,61988876000,61988876000,61988876000,61988876000,61988876000,61988876000,61988876000,61988876000,61988876000,61988876000,61988876000,61988876000,61988876000,61988876000,61988876000,61988876000,61988876000
1081,부동산신탁,10906,한국자산신탁,B,SM005,요약재무상태표(‘11.03월 이후),C11,Ⅰ. 자본금_우선주자본금,0,0,0,0,0,0,0,0,0,0,0,0,0,0,0,0,0,0,0,0,0,0,0,0,0,0,0,0,0,0,0,0,0,0,0,0,0,0,0,0,0,0,0,0,0,0,0,0,0,0,0,0,0,0
1082,부동산신탁,10906,한국자산신탁,B,SM005,요약재무상태표(‘11.03월 이후),C110,Ⅰ. 자본금_우선주자본금_상환우선주, , , , , , ,0,0,0,0,0,0,0,0,0,0,0,0,0,0,0,0,0,0, ,0,0,0,0,0,0,0,0,0,0,0,0, ,0,0,0,0,0,0,0,0,0,0,0,0,0,0,0,0
1083,부동산신탁,10906,한국자산신탁,B,SM005,요약재무상태표(‘11.03월 이후),C111,Ⅰ. 자본금_우선주자본금_전환우선주, , , , , , ,0,0,0,0,0,0,0,0,0,0,0,0,0,0,0,0,0,0, ,0,0,0,0,0,0,0,0,0,0,0,0, ,0,0,0,0,0,0,0,0,0,0,0,0,0,0,0,0
1084,부동산신탁,10906,한국자산신탁,B,SM005,요약재무상태표(‘11.03월 이후),C112,Ⅰ. 자본금_우선주자본금_기타, , , , , , ,0,0,0,0,0,0,0,0,0,0,0,0,0,0,0,0,0,0, ,0,0,0,0,0,0,0,0,0,0,0,0, ,0,0,0,0,0,0,0,0,0,0,0,0,0,0,0,0
1085,부동산신탁,10906,한국자산신탁,B,SM005,요약재무상태표(‘11.03월 이후),C2,Ⅱ. 자본잉여금,4785257258,4785257258,4785257258,4785257258,4785257258,4785257258,4785257258,4785257258,4785257258,4785257258,4785257258,4785257258,4785257258,4785257258,10776536258,10776536258,10776536258,10776536258,19912190738,19912190738,19912190738,130992979263,130992979263,130953706613,130953706613,130953706613,130953706613,130914254453,130914254453,130914254453,130914254453,130874787253,130874787253,130874787253,130874787253,130837249213,130837249213,130837249213,130837249213,130837249213,130837249213,130837249213,130837249213,130837249213,130837249213,130837249213,130837249213,130837249213,130837249213,130837249213,130837249213,130837249213,130837249213,130837249213
1086,부동산신탁,10906,한국자산신탁,B,SM005,요약재무상태표(‘11.03월 이후),C20,Ⅱ. 자본잉여금_주식발행초과금,4785257258,4785257258,4785257258,4785257258,4785257258,4785257258,4785257258,4785257258,4785257258,4785257258,4785257258,4785257258,4785257258,4785257258,10776536258,10776536258,10776536258,10776536258,19912190738,19912190738,19912190738,130992979263,130992979263,130953706613,130953706613,130953706613,130953706613,130914254453,130914254453,130914254453,130914254453,130874787253,130874787253,130874787253,130874787253,130837249213,130837249213,130837249213,130837249213,130837249213,130837249213,130837249213,130837249213,130837249213,130837249213,130837249213,130837249213,130837249213,130837249213,130837249213,130837249213,130837249213,130837249213,130837249213
1087,부동산신탁,10906,한국자산신탁,B,SM005,요약재무상태표(‘11.03월 이후),C21,Ⅱ. 자본잉여금_감자차익, , , , , , ,0,0,0,0,0,0,0,0,0,0,0,0,0,0,0,0,0,0, ,0,0,0,0,0,0,0,0,0,0,0,0, ,0,0,0,0,0,0,0,0,0,0,0,0,0,0,0,0
1088,부동산신탁,10906,한국자산신탁,B,SM005,요약재무상태표(‘11.03월 이후),C22,Ⅱ. 자본잉여금_자기주식처분이익, , , , , , ,0,0,0,0,0,0,0,0,0,0,0,0,0,0,0,0,0,0, ,0,0,0,0,0,0,0,0,0,0,0,0, ,0,0,0,0,0,0,0,0,0,0,0,0,0,0,0,0
1089,부동산신탁,10906,한국자산신탁,B,SM005,요약재무상태표(‘11.03월 이후),C23,Ⅱ. 자본잉여금_기타자본잉여금, , , , , , ,0,0,0,0,0,0,0,0,0,0,0,0,0,0,0,0,0,0, ,0,0,0,0,0,0,0,0,0,0,0,0, ,0,0,0,0,0,0,0,0,0,0,0,0,0,0,0,0
1090,부동산신탁,10906,한국자산신탁,B,SM005,요약재무상태표(‘11.03월 이후),C3,Ⅲ. 자본조정,0,0,0,0,0,0,0,0,0,0,0,0,0,0,0,0,0,0,0,0,0,0,0,0,-9357300,-9357300,-9965589760,-9965589760,-9973679400,-9973679400,-12579135740,-12579135740,-12587523090,-12587523090,-12587523090,-12587523090,-12591257882,-12591257882,-12591257882,-12591257882,-12591257882,-12591257882,-12591257882,-12591257882,-12591257882,-12591257882,-12591257882,-12591257882,-12591257882,-12591257882,-12591257882,-12591257882,-12591257882,-12591257882
1091,부동산신탁,10906,한국자산신탁,B,SM005,요약재무상태표(‘11.03월 이후),C30,Ⅲ. 자본조정_주식할인발행차금, , , , , , ,0,0,0,0,0,0,0,0,0,0,0,0,0,0,0,0,0,0, ,0,0,0,0,0,0,0,0,0,0,0,0, ,0,0,0,0,0,0,0,0,0,0,0,0,0,0,0,0
1092,부동산신탁,10906,한국자산신탁,B,SM005,요약재무상태표(‘11.03월 이후),C31,Ⅲ. 자본조정_자기주식, , , , , , ,0,0,0,0,0,0,0,0,0,0,0,0,0,0,0,0,0,0,-9357300,-9357300,-9965589760,-9965589760,-9973679400,-9973679400,-12579135740,-12579135740,-12587523090,-12587523090,-12587523090,-12587523090,-12591257882,-12591257882,-12591257882,-12591257882,-12591257882,-12591257882,-12591257882,-12591257882,-12591257882,-12591257882,-12591257882,-12591257882,-12591257882,-12591257882,-12591257882,-12591257882,-12591257882,-12591257882
1093,부동산신탁,10906,한국자산신탁,B,SM005,요약재무상태표(‘11.03월 이후),C32,Ⅲ. 자본조정_자기주식처분손실, , , , , , ,0,0,0,0,0,0,0,0,0,0,0,0,0,0,0,0,0,0, ,0,0,0,0,0,0,0,0,0,0,0,0, ,0,0,0,0,0,0,0,0,0,0,0,0,0,0,0,0
1094,부동산신탁,10906,한국자산신탁,B,SM005,요약재무상태표(‘11.03월 이후),C33,Ⅲ. 자본조정_주식매입선택권, , , , , , ,0,0,0,0,0,0,0,0,0,0,0,0,0,0,0,0,0,0, ,0,0,0,0,0,0,0,0,0,0,0,0, ,0,0,0,0,0,0,0,0,0,0,0,0,0,0,0,0
1095,부동산신탁,10906,한국자산신탁,B,SM005,요약재무상태표(‘11.03월 이후),C34,Ⅲ. 자본조정_신주청약증거금, , , , , , ,0,0,0,0,0,0,0,0,0,0,0,0,0,0,0,0,0,0, ,0,0,0,0,0,0,0,0,0,0,0,0, ,0,0,0,0,0,0,0,0,0,0,0,0,0,0,0,0
1096,부동산신탁,10906,한국자산신탁,B,SM005,요약재무상태표(‘11.03월 이후),C35,Ⅲ. 자본조정_기타, , , , , , ,0,0,0,0,0,0,0,0,0,0,0,0,0,0,0,0,0,0, ,0,0,0,0,0,0,0,0,0,0,0,0, ,0,0,0,0,0,0,0,0,0,0,0,0,0,0,0,0
1097,부동산신탁,10906,한국자산신탁,B,SM005,요약재무상태표(‘11.03월 이후),C4,Ⅳ. 기타포괄손익누계액,-545938131,-3286350705,-3052880734,-2576024400,-2012412402,-2145407502,-2544607768,-2811479075,-3590970332,-1463628240,-2130365894,-2326984857,-2118698156,-3715747779,48242681,866739321,242559072,-1354261022,-403800408,7496968,130630124,172723088,258366200,1823531481,4243553152,1077986248,-200472260,-2770624671,-2305819071,-2651163871,-2912624997,-3086358597,-3009345797,-2995701797,-3328724723,-3336001523,-3307500723,-3251711923,-3327357053,-3379507453,-3355251453,-3371624253,-3447350260,-2100232660,-2100232660,-2100232660,-1165582384,-1165582384,-1165582384,-1165582384,-1254184927,-1254184927,-1254184927,-1254184927
1098,부동산신탁,10906,한국자산신탁,B,SM005,요약재무상태표(‘11.03월 이후),C40,Ⅳ. 기타포괄손익누계액_기타포괄손익-공정가치측정금융자산평가손익,-545938131,-3286350705,-3052880734,-2576024400,-2012412402,-2145407502,-2544607768,-2811479075,-3590970332,-1463628240,-2131665703,-2328284666,-2119997965,-3717047588,227975981,1046472621,422292372,-1174527722,-149554033,261743343,384876499,426969463,652041630,2217206911,4637228582,1471661678,640890811,-1929261600,-1464456000,-1809800800,-1740974400,-1914708000,-1837695200,-1824051200,-1730968800,-1738245600,-1709744800,-1653956000,-1770688000,-1822838400,-1798582400,-1814955200,-1786757600,0,0,0,0,0,0,0,0,0,0,0
1099,부동산신탁,10906,한국자산신탁,B,SM005,요약재무상태표(‘11.03월 이후),C41,Ⅳ. 기타포괄손익누계액_기타포괄손익-공정가치측정금융자산처분손익, , , , , , , , , , , , , , , , , , , , , , , , , , , ,0,0,0,0,0,0,0,0,0,0, ,0,0,0,0,0,-439640000,-439640000,-439640000,0,0,0,0,0,0,0,0
1100,부동산신탁,10906,한국자산신탁,B,SM005,요약재무상태표(‘11.03월 이후),C42,Ⅳ. 기타포괄손익누계액_지분법 자본변동, , , , , , ,0,0,0,0,0,0,0,0,0,0,0,0,0,0,0,0,0,0, ,0,0,0,0,0,0,0,0,0,0,0,0, ,0,0,0,0,0,0,0,0,0,0,0,0,0,0,0,0
1101,부동산신탁,10906,한국자산신탁,B,SM005,요약재무상태표(‘11.03월 이후),C43,Ⅳ. 기타포괄손익누계액_부의 지분법 자본변동, , , , , , ,0,0,0,0,0,0,0,0,0,0,0,0,0,0,0,0,0,0, ,0,0,0,0,0,0,0,0,0,0,0,0, ,0,0,0,0,0,0,0,0,0,0,0,0,0,0,0,0
1102,부동산신탁,10906,한국자산신탁,B,SM005,요약재무상태표(‘11.03월 이후),C44,Ⅳ. 기타포괄손익누계액_위험회피 파생상품평가손익, , , , , , ,0,0,0,0,0,0,0,0,0,0,0,0,0,0,0,0,0,0, ,0,0,0,0,0,0,0,0,0,0,0,0, ,0,0,0,0,0,0,0,0,0,0,0,0,0,0,0,0
1103,부동산신탁,10906,한국자산신탁,B,SM005,요약재무상태표(‘11.03월 이후),C45,Ⅳ. 기타포괄손익누계액_외환차이누계액, , , , , , ,0,0,0,0,0,0,0,0,0,0,0,0,0,0,0,0,0,0, ,0,0,0,0,0,0,0,0,0,0,0,0, ,0,0,0,0,0,0,0,0,0,0,0,0,0,0,0,0
1104,부동산신탁,10906,한국자산신탁,B,SM005,요약재무상태표(‘11.03월 이후),C46,Ⅳ. 기타포괄손익누계액_유형자산재평가이익, , , , , , ,0,0,0,0,0,0,0,0,0,0,0,0,0,0,0,0,0,0, ,0,0, ,0,0,0,0,0,0,0,0,0, ,0,0,0,0,0,0,0,0,0,0,0,0,0,0,0,0
1105,부동산신탁,10906,한국자산신탁,B,SM005,요약재무상태표(‘11.03월 이후),C47,Ⅳ. 기타포괄손익누계액_기타, , , , , , ,0,0,0,0,1299809,1299809,1299809,1299809,-179733300,-179733300,-179733300,-179733300,-254246375,-254246375,-254246375,-254246375,-393675430,-393675430,-393675430,-393675430,-841363071,-841363071,-841363071,-841363071,-1171650597,-1171650597,-1171650597,-1171650597,-1597755923,-1597755923,-1597755923,-1597755923,-1556669053,-1556669053,-1556669053,-1556669053,-1660592660,-1660592660,-1660592660,-1660592660,-1165582384,-1165582384,-1165582384,-1165582384,-1254184927,-1254184927,-1254184927,-1254184927
1106,부동산신탁,10906,한국자산신탁,B,SM005,요약재무상태표(‘11.03월 이후),C5,Ⅴ. 이익잉여금,79328423337,82179274390,83348891055,86794469991,90335651392,93762406148,96175334254,98609456758,101577753022,104002977470,107634911692,110997898463,117932992865,124263857916,126081002190,132791798416,146922813385,155084174457,160385095191,164762837449,177874549770,194945551215,215480397641,218588506012,247186653816,274743105776,308584199634,302321122660,330628633120,349624898257,382053166332,378596850269,396128094784,418268137458,436368151984,435304659044,465444117931,496185241377,531129659405,524472440933,548392306898,566116268603,585781552512,581513501541,599002745272,619045234423,632746931376,645669777279,657322622793,668601509694,684691586567,672899965675,677027683317,670916292358
1107,부동산신탁,10906,한국자산신탁,B,SM005,요약재무상태표(‘11.03월 이후),C50,Ⅴ. 이익잉여금_이익준비금,3243081847,3243081847,3243081847,3243081847,3243081847,3243081847,3243081847,3243081847,3243081847,3243081847,3243081847,3243081847,3243081847,3243081847,3243081847,3243081847,3243081847,3243081847,3243081847,4176731747,4176731747,4176731747,4176731747,5876731747,5876731747,5876731747,5876731747,7724709547,7724709547,7724709547,7724709547,9747382127,9747382127,9747382127,9747382127,11972282347,11972282347,11972282347,11972282347,14664357557,14664357557,14664357557,14664357557,17356432767,17356432767,17356432767,17356432767,20048507977,20048507977,20048507977,20048507977,22740583187,22740583187,22740583187
1108,부동산신탁,10906,한국자산신탁,B,SM005,요약재무상태표(‘11.03월 이후),C51,Ⅴ. 이익잉여금_대손준비금,1303976314,682340937,355413322,549852454,719276818,1031392643,818932024,9553137518,9090886685,12645117140,12432559900,13645631678,16278245633,17599970703,17555886004,17489086967,23078577241,19219317511,19948455476,20980961860,27262694609,35385168138,37995649371,42593885691,50314623142,53165653098,59052140653,45011680959,97981332846,109301884471,89485462557,132967947789,202674499008,172455996303,112982726886,100052037823,59174554574,37646110656,21608653491,9901196328,7213855714,11099205347,9508065133,2884565214,3997087734,6418059671,9094863725,22237214509,28701936718,32473283838,76983223572,115303337989,131032180471,115038520538
1109,부동산신탁,10906,한국자산신탁,B,SM005,요약재무상태표(‘11.03월 이후),C52,Ⅴ. 이익잉여금_전자금융사고배상준비금, , , , , , ,0,0,0,0,0,0,0,0,0,0,0,0,0,0,0,0,0,0, ,0,0,0,0,0,0,0,0,0,0,0,0, ,0,0,0,0,0,0,0,0,0,0,0,0,0,0,0,0
1110,부동산신탁,10906,한국자산신탁,B,SM005,요약재무상태표(‘11.03월 이후),C53,Ⅴ. 이익잉여금_기타법정준비금, , , , , , ,0,0,0,0,0,0,0,0,0,0,0,0,0,0,0,0,0,0, ,0,0,0,0,0,0,0,0,0,0,0,0, ,0,0,0,0,0,0,0,0,0,0,0,0,0,0,0,0
1111,부동산신탁,10906,한국자산신탁,B,SM005,요약재무상태표(‘11.03월 이후),C54,Ⅴ. 이익잉여금_신탁사업적립금,10585847734,10585847734,10585847734,11527960230,11527960230,11527960230,11527960230,12810604550,12810604550,12810604550,12810604550,13923517851,13923517851,13923517851,13923517851,16253397777,16253397777,16253397777,16253397777,19882581777,19882581777,19882581777,19882581777,26126987222,26126987222,26126987222,26126987222,37562367421,37562367421,37562367421,37562367421,46879786633,46879786633,46879786633,46879786633,54839625923,54839625923,54839625923,54839625923,67096901935,67096901935,67096901935,67096901935,75254166456,75254166456,75254166456,75254166456,75254166456,75254166456,75254166456,75254166456,75254166456,75254166456,75254166456
1112,부동산신탁,10906,한국자산신탁,B,SM005,요약재무상태표(‘11.03월 이후),C55,Ⅴ. 이익잉여금_임의적립금, , , , , , ,0,0,0,0,0,0,0,0,0,0,0,0,1000000000,1000000000,1000000000,1000000000,1000000000,1000000000,1000000000,1000000000,1000000000,1000000000,1000000000,1000000000,1000000000,1000000000,1000000000,1000000000,1000000000,1000000000,1000000000,1000000000,1000000000,1000000000,1000000000,1000000000,1000000000,1000000000,1000000000,1000000000,1000000000,1000000000,1000000000,1000000000,1000000000,1000000000,1000000000,1000000000
1113,부동산신탁,10906,한국자산신탁,B,SM005,요약재무상태표(‘11.03월 이후),C56,Ⅴ. 이익잉여금_미처분이익잉여금,64195517442,67668003872,69164548152,71473575460,74845332497,77959971428,80585360153,73002632843,76433179940,75304173933,79148665395,80185667087,84488147534,89497287515,91358516488,95806231825,104347756520,116368377322,119940160091,118722562065,125552541637,134501069553,152425434746,142990901352,163868311705,188573733709,216528340012,211022364733,186360223306,194035936818,246280626807,188001733720,135826427016,188184972395,265758256338,267440712951,338457655087,390727222451,441709097644,431809985113,458417191692,472255803764,493512227887,485018337104,501395058315,519016575529,530041468428,527129888337,532318011642,539825551423,511405688562,458601878043,447000753203,456883022177
1114,부동산신탁,10906,한국자산신탁,B,SM005,요약재무상태표(‘11.03월 이후),C57,Ⅴ. 이익잉여금_(당기순이익),4854897160,7705748213,9421124961,3445578936,6986760337,10413515093,12826443199,2434122504,5402418768,7827643216,11129133014,3362986771,10298081173,16628946224,18446090498,6710796226,20841811195,30990919267,36291840001,11726494258,24838206579,41909208024,62444054450,24358108371,52956256175,80512708135,114353801993,21753903318,48716341816,67712606953,93174192124,21827091187,39358335702,61498378376,79598392902,26747759760,56887218647,87628342093,122572760121,20263533628,44183399593,61907361298,81572645207,22652701129,40141944860,60184434011,74325770964,39843598003,51496443517,62775330418,78865407291,15129131208,19256848850,13145457891
1115,부동산신탁,11452,하나자산신탁,B,SM005,요약재무상태표(‘11.03월 이후),A,자산총계,71068680073,71077418723,81311087607,82044674705,82750410147,87587769541,93088476476,94600735138,93656956600,96377422443,97555109087,98617539168,102605539406,104152094501,107580857140,110438178153,113799060544,122948095901,125782232521,131145732305,177503247777,188606371653,199045768334,190265809354,270605042479,290621515943,351027777570,299353849266,313188881319,323905989539,346828507538,374922209543,383309274481,399896811227,423113643528,440797615030,375995972376,408214212961,434455131155,438653755947,448498984132,466580220600,511368614795,519299648808,533475159438,536717742750,555239757133,565005769020,581850171296,595872811295,610523976265,642462600260,635733228872,703856583723
1116,부동산신탁,11452,하나자산신탁,B,SM005,요약재무상태표(‘11.03월 이후),A1,Ⅰ. 현금 및 예치금,21565738067,22427165995,32060941073,27360197138,25403173965,24543540335,24033052332,20658973116,8995813460,30922662561,41316250545,40427785699,38432245537,24593715106,34735289910,35182508422,35279550607,37357470275,43882923077,40090760911,54347278267,59381720535,47407074997,57142066730,68086677926,139472456870,102601511550,136880533784,170967877196,189705857459,189841553689,194356233683,259648469161,259741858920,265552592939,296482426081,208781528020,238919445005,250129878242,249076505386,290254750385,311643026042,324500160384,336704343053,322556548802,306052440740,264861206396,257565219911,257358324534,182482873439,183468191651,157292311800,84401769337,105303985147
1117,부동산신탁,11452,하나자산신탁,B,SM005,요약재무상태표(‘11.03월 이후),A10,Ⅰ. 현금 및 예치금_현금 및 현금성 자산,19075738067,19937165995,24569320525,3870097138,5913073965,13543440335,13033052332,12658973116,5995813460,27922662561,28316250545,19427785699,38432245537,24593715106,34735289910,35182508422,35279550607,37357470275,43882923077,40090760911,54347278267,59381720535,47407074997,57142066730,67513520187,95472456870,28601511550,32880533784,38967877196,57705857459,74841553689,51356233683,59648469161,159741858920,265552592939,191482426081,178781528020,238919445005,250129878242,249076505386,290254750385,311643026042,324500160384,336704343053,322556548802,56052440740,264861206396,182565219911,177358324534,125482873439,113468191651,117292311800,59401769337,105303985147
1118,부동산신탁,11452,하나자산신탁,B,SM005,요약재무상태표(‘11.03월 이후),A100,Ⅰ. 현금 및 예치금_현금 및 현금성 자산_현금,1610479,1042716,1370825,764715,1027563,1480084,444532,1000522,2069148,1026388,321388,362068,1950928,1286928,1375728,808928,682928,661928,1592328,563328,3675828,1505828,468628,1985228,565228,1045228,1329428,1803430,3579430,1865430,1398230,518230,1818230,1061000,1905480,575880,1615880,2714000,1624000,1774000,2374000,2474000,494000,943600,1530000,1930000,2070000,2130000,1720000,1420000,2820000,1170000,1770000,690000
1119,부동산신탁,11452,하나자산신탁,B,SM005,요약재무상태표(‘11.03월 이후),A101,Ⅰ. 현금 및 예치금_현금 및 현금성 자산_정기예.적금,1015750685,4027119178, , , , , , , , , , ,21000000000,24000000000,34000000000,34000000000,34000000000,35000000000,40000000000,38000000000,48000000000,42000000000,34000000000,34000000000,44000000000,50000000000,0,0,0,0,0, , ,90000000000,190000000000,60000000000,105000000000,155000000000,175000000000,145000000000,185000000000,235000000000,240000000000,250000000000,250000000000,0,250000000000,125000000000,115000000000,80000000000,62000000000,70000000000,40000000000,10000000000
1120,부동산신탁,11452,하나자산신탁,B,SM005,요약재무상태표(‘11.03월 이후),A102,Ⅰ. 현금 및 예치금_현금 및 현금성 자산_보통예금,865509582,478951718,629677590,194573483,1029040719,257346787,669416292,1575492942,1377218884,496684995,369682728,444397929,1066355803,592428178,733914182,1181699494,1278867679,2356808347,3881330749,2090197583,6343602439,17380214707,13406606369,23140081502,23512954959,45471411642,28600182122,32878730354,38964297766,57703992029,74840155459,51355715453,59646650931,69740797920,75550687459,131481850201,73779912140,83916731005,75128254242,104074731386,105252376385,76640552042,84499666384,86703399453,72555018802,56050510740,14859136396,57563089911,62356604534,45481453439,51465371651,47291141800,19399999337,95303295147
1121,부동산신탁,11452,하나자산신탁,B,SM005,요약재무상태표(‘11.03월 이후),A103,Ⅰ. 현금 및 예치금_현금 및 현금성 자산_당좌예금,0,0, , , , , , , , , , , ,0,0,0,0,0,0, ,0,0,0,0, , ,0,0,0,0,0, , , , , , , , , , , , , , , , , , , , , , , 
1122,부동산신탁,11452,하나자산신탁,B,SM005,요약재무상태표(‘11.03월 이후),A104,Ⅰ. 현금 및 예치금_현금 및 현금성 자산_외화예금,0,0, ,0,0,0,0,0,0,0,0,0,0,0,0,0,0,0,0, ,0,0,0,0, , ,0,0,0,0,0, , , , , , , , , , , , , , , , , , , , , , , 
1123,부동산신탁,11452,하나자산신탁,B,SM005,요약재무상태표(‘11.03월 이후),A105,Ⅰ. 현금 및 예치금_현금 및 현금성 자산_양도성예금증서,0,0, , , , , , , , , , , ,0,0,0,0,0,0, ,0,0,0,0, , ,0,0,0,0,0, , , , , , , , , , , , , , , , , , , , , , , 
1124,부동산신탁,11452,하나자산신탁,B,SM005,요약재무상태표(‘11.03월 이후),A106,Ⅰ. 현금 및 예치금_현금 및 현금성 자산_MMDA,0,0, , , , , , , , , , , ,0,0,0,0,0,0, ,0,0,0,0, , ,0,0,0,0,0, , , , , , , , , , , , , , , , , , , , , , , 
1125,부동산신탁,11452,하나자산신탁,B,SM005,요약재무상태표(‘11.03월 이후),A107,Ⅰ. 현금 및 예치금_현금 및 현금성 자산_MMF,17192867321,15430052383,23938272110,3674758940,4883005683,13284613464,12363191508,11082479652,4616525428,27424951178,27946246429,18983025702,16363938806,0,0,0,0,0,0, ,0,0,0,0, , ,0,0,0,0,0, , , , , , , , , , , , , , , , , , , , , , , 
1126,부동산신탁,11452,하나자산신탁,B,SM005,요약재무상태표(‘11.03월 이후),A108,Ⅰ. 현금 및 예치금_현금 및 현금성 자산_금융어음,0,0, , , , , , , , , , , ,0,0,0,0,0,0, ,0,0,0,0, , ,0,0,0,0,0, , , , , , , , , , , , , , , , , , , , , , , 
1127,부동산신탁,11452,하나자산신탁,B,SM005,요약재무상태표(‘11.03월 이후),A109,Ⅰ. 현금 및 예치금_현금 및 현금성 자산_기타,0,0, , , , , , , , , , , ,0,0,0,0,0,0, ,0,0,0,0, , ,0,0,0,0,0, , , , , , , , , , , , , , , , , , , , , , , 
1128,부동산신탁,11452,하나자산신탁,B,SM005,요약재무상태표(‘11.03월 이후),A11,Ⅰ. 현금 및 예치금_예치금,2490000000,2490000000,7491620548,23490100000,19490100000,11000100000,11000000000,8000000000,3000000000,3000000000,13000000000,21000000000,0,0,0,0,0,0,0,0,0,0,0,0,573157739,44000000000,74000000000,104000000000,132000000000,132000000000,115000000000,143000000000,200000000000,100000000000,0,105000000000,30000000000,0,0,0,0,0,0,0,0,250000000000,0,75000000000,80000000000,57000000000,70000000000,40000000000,25000000000,0
1129,부동산신탁,11452,하나자산신탁,B,SM005,요약재무상태표(‘11.03월 이후),A110,Ⅰ. 현금 및 예치금_예치금_장기성예금,0,0,0,0,0,0,0,0,0,0,0,0,0,0,0,0,0,0,0,0,0,0,0,0, ,44000000000,74000000000,104000000000,132000000000,132000000000,115000000000,143000000000,200000000000,100000000000,0,105000000000,30000000000,0,0,0,0,0,0,0,0,250000000000,0,75000000000,80000000000,57000000000,70000000000,40000000000,25000000000,0
1130,부동산신탁,11452,하나자산신탁,B,SM005,요약재무상태표(‘11.03월 이후),A111,Ⅰ. 현금 및 예치금_예치금_특정예금 등,0,0,0,0,0,0,0,0,0,0,0,0,0,0,0,0,0,0,0,0,0,0,0,0, , ,0,0,0, , , , , , , , , , , , , , , , , , , , , , , , , 
1131,부동산신탁,11452,하나자산신탁,B,SM005,요약재무상태표(‘11.03월 이후),A112,Ⅰ. 현금 및 예치금_예치금_신탁공탁금,0,0,0,0,0,0,0,0,0,0,0,0,0,0,0,0,0,0,0,0,0,0,0,0, , ,0,0,0, , , , , , , , , , , , , , , , , , , , , , , , , 
1132,부동산신탁,11452,하나자산신탁,B,SM005,요약재무상태표(‘11.03월 이후),A113,Ⅰ. 현금 및 예치금_예치금_기타,2490000000,2490000000,7491620548,23490100000,19490100000,11000100000,11000000000,8000000000,3000000000,3000000000,13000000000,21000000000,0,0,0,0,0,0,0,0,0,0,0,0,573157739,0,0,0,0,0,0,0,0,0,0,0,0,0,0,0,0,0,0,0,0,0,0,0,0,0,0,0,0,0
1133,부동산신탁,11452,하나자산신탁,B,SM005,요약재무상태표(‘11.03월 이후),A2,Ⅱ. 증권,21014639865,20857874865,22472347430,25477789233,25190773698,29494645041,30724736619,30455684542,30479298109,29825968049,29568271574,29630019801,29411531282,52389248589,45776978556,47227169340,46282305354,43138341203,41127109656,34677014160,62173155603,62880957179,57206293004,17541624772,17687700463,17752014155,18323849273,18039738348,19149996107,20367726582,20866442210,23659972202,27012220746,27747746837,31023170336,33675334647,38998098195,45290665385,52080247915,53707630121,54542551054,64277127701,71764272106,73020615629,84169479942,86255702504,90151265220,89741280448,108775200052,126792956535,148179563261,145827152334,132137544369,102917609564
1134,부동산신탁,11452,하나자산신탁,B,SM005,요약재무상태표(‘11.03월 이후),A20,Ⅱ. 증권_당기손익-공정가치측정증권,0,0,0,0,0,0,0,0,0,0,0,0,0,23149433620,26371655507,27317291440,26345987900,12355382952,12402942006,6246209436,45068145505,45255486718,40033406112,0,0,0,0,0,17130318880,18530284364,18951435851,21836619810,25044144787,25767952574,28702705703,31434021420,36679494484,42985160166,44961897519,46748749979,47567256516,57273584690,64768243371,66179195800,75269361968,77292028319,81158673600,80885329047,89921530728,92979155097,99403090418,102354412289,103891837967,97671887990
1135,부동산신탁,11452,하나자산신탁,B,SM005,요약재무상태표(‘11.03월 이후),A200,Ⅱ. 증권_당기손익-공정가치측정증권_주식,0,0,0,0,0,0,0,0,0,0,0,0,0,0,0,0,0,0,0,0,0,0,0,0, , ,0,0,0, , , , , , , , , , , , , , , , , , , , , , , , , 
1136,부동산신탁,11452,하나자산신탁,B,SM005,요약재무상태표(‘11.03월 이후),A201,Ⅱ. 증권_당기손익-공정가치측정증권_국채·지방채,0,0,0,0,0,0,0,0,0,0,0,0,0,0,0,0,0,0,0,0,0,0,0,0, , ,0,0,0, , , , , , , , , , , , , , , , , , , , , , , , , 
1137,부동산신탁,11452,하나자산신탁,B,SM005,요약재무상태표(‘11.03월 이후),A202,Ⅱ. 증권_당기손익-공정가치측정증권_특수채,0,0,0,0,0,0,0,0,0,0,0,0,0,0,0,0,0,0,0,0,0,0,0,0, , ,0,0,0, , , , , , , , , , , , , , , , , , , , , , , , , 
1138,부동산신탁,11452,하나자산신탁,B,SM005,요약재무상태표(‘11.03월 이후),A203,Ⅱ. 증권_당기손익-공정가치측정증권_회사채,0,0,0,0,0,0,0,0,0,0,0,0,0,0,0,0,0,0,0,0,0,0,0,0, , ,0,0,0, , , , , , , , , , , , , , , , , , , , , , , , , 
1139,부동산신탁,11452,하나자산신탁,B,SM005,요약재무상태표(‘11.03월 이후),A204,Ⅱ. 증권_당기손익-공정가치측정증권_집합투자증권,0,0,0,0,0,0,0,0,0,0,0,0,0,0,0,0,0,0,0,0,0,0,0,0,0,0,0,0,10734793880,10834759364,10689574101,10747772185,10675412237,10851558474,12030448560,11306341548,12103419694,12983195580,14036333365,14992820456,14749507317,15296910105,17909879779,18535235931,26200537472,27079203811,27412921227,26831303219,32710448069,33352549271,33844516939,33906037313,34598016091,15233183339
1140,부동산신탁,11452,하나자산신탁,B,SM005,요약재무상태표(‘11.03월 이후),A205,Ⅱ. 증권_당기손익-공정가치측정증권_기업어음증권,0,0,0,0,0,0,0,0,0,0,0,0,0,0,0,0,0,0,0,0,0,0,0,0, , ,0,0,0, ,0, , , , , , , , , , , , , , , , , , , , , , , 
1141,부동산신탁,11452,하나자산신탁,B,SM005,요약재무상태표(‘11.03월 이후),A206,Ⅱ. 증권_당기손익-공정가치측정증권_외화증권,0,0,0,0,0,0,0,0,0,0,0,0,0,0,0,0,0,0,0,0,0,0,0,0,0,0,0,0,0,0,0,0,0,0,0,0,0,0,0,0,0,0,0,0,0,0,0,0,0,0,0,0,0,0
1142,부동산신탁,11452,하나자산신탁,B,SM005,요약재무상태표(‘11.03월 이후),A207,Ⅱ. 증권_당기손익-공정가치측정증권_기타,0,0,0,0,0,0,0,0,0,0,0,0,0,23149433620,26371655507,27317291440,26345987900,12355382952,12402942006,6246209436,45068145505,45255486718,40033406112,0,0,0,0,0,6395525000,7695525000,8261861750,11088847625,14368732550,14916394100,16672257143,20127679872,24576074790,30001964586,30925564154,31755929523,32817749199,41976674585,46858363592,47643959869,49068824496,50212824508,53745752373,54054025828,57211082659,59626605826,65558573479,68448374976,69293821876,82438704651
1143,부동산신탁,11452,하나자산신탁,B,SM005,요약재무상태표(‘11.03월 이후),A21,Ⅱ. 증권_기타포괄손익-공정가치측정증권,7157295000,7000530000,8836257651,11841699454,11554683919,15858555262,17088646840,16819594763,16843208330,16189878270,15932181795,15993930022,15775441503,15603725190,5769233270,6273788121,6300227675,17146868472,15088077871,14794714945,15052662374,15573122737,15120539168,15489277048,15618338250,15692819165,16265310997,16059657575,0,0,0,0,0,0,0,0,0,0,0,0,0,0,0,0,0,0,0,0,0,0,0,0,0,0
1144,부동산신탁,11452,하나자산신탁,B,SM005,요약재무상태표(‘11.03월 이후),A210,Ⅱ. 증권_기타포괄손익-공정가치측정증권_주식,0,0,0,0,0,0,600000,2004000,3396000,772800,401400,0,0,0,0,0,0,0,0,0,0,0,0,0, , ,0,0,0, , , , , , , , , , , , , , , , , , , , , , , , , 
1145,부동산신탁,11452,하나자산신탁,B,SM005,요약재무상태표(‘11.03월 이후),A211,Ⅱ. 증권_기타포괄손익-공정가치측정증권_국채·지방채,0,0,1960564266,4926843425,4432463565,3956450864,5431035811,5431035811,5431035811,5431035811,5431035811,5431035811,5372588915,5412380261,0,0,0,0,0,0,0,0,0,0, , ,0,0,0, , , , , , , , , , , , , , , , , , , , , , , , , 
1146,부동산신탁,11452,하나자산신탁,B,SM005,요약재무상태표(‘11.03월 이후),A212,Ⅱ. 증권_기타포괄손익-공정가치측정증권_특수채,0,0,0,0,0,4497020350,4497020350,4497020350,4497020350,4497020350,4497020350,4497020350,4465401147,4460363467,0,0,0,0,0,0,0,0,0,0, , ,0,0,0, , , , , , , , , , , , , , , , , , , , , , , , , 
1147,부동산신탁,11452,하나자산신탁,B,SM005,요약재무상태표(‘11.03월 이후),A213,Ⅱ. 증권_기타포괄손익-공정가치측정증권_회사채,0,0,0,0,0,0,0,0,0,0,0,0,0,0,0,0,0,0,0,0,0,0,0,0, , ,0,0,0, , , , , , , , , , , , , , , , , , , , , , , , , 
1148,부동산신탁,11452,하나자산신탁,B,SM005,요약재무상태표(‘11.03월 이후),A214,Ⅱ. 증권_기타포괄손익-공정가치측정증권_집합투자증권,1520695000,1613930000,1489093385,1528256029,1485620354,1513484048,1518390679,1557870594,1586822124,1562511587,1545424234,1557573861,1543631441,1537161462,1338770885,1327296506,1330767675,11927408472,11881777871,11824714945,11832662374,11948102737,11495519168,11447902048,11491363250,11505819165,10679810997,10679132575,0,0,0,0,0,0,0,0,0,0,0,0,0,0,0,0,0,0,0,0,0,0,0,0,0,0
1149,부동산신탁,11452,하나자산신탁,B,SM005,요약재무상태표(‘11.03월 이후),A215,Ⅱ. 증권_기타포괄손익-공정가치측정증권_기업어음증권,0,0,0,0,0,0,0,0,0,0,0,0,0,0,0,0,0,0,0,0,0,0,0,0, , ,0,0,0, , , , , , , , , , , , , , , , , , , , , , , , , 
1150,부동산신탁,11452,하나자산신탁,B,SM005,요약재무상태표(‘11.03월 이후),A216,Ⅱ. 증권_기타포괄손익-공정가치측정증권_외화증권,0,0,0,0,0,0,0,0,0,0,0,0,0,0,0,0,0,0,0,0,0,0,0,0,0,0,0,0,0,0,0,0,0,0,0,0,0,0,0,0,0,0,0,0,0,0,0,0,0,0,0,0,0,0
1151,부동산신탁,11452,하나자산신탁,B,SM005,요약재무상태표(‘11.03월 이후),A217,Ⅱ. 증권_기타포괄손익-공정가치측정증권_기타,5636600000,5386600000,5386600000,5386600000,5636600000,5891600000,5641600000,5331664008,5324934045,4698537722,4458300000,4508300000,4393820000,4193820000,4430462385,4946491615,4969460000,5219460000,3206300000,2970000000,3220000000,3625020000,3625020000,4041375000,4126975000,4187000000,5585500000,5380525000,0,0,0,0,0,0,0,0,0,0,0,0,0,0,0,0,0,0,0,0,0,0,0,0,0,0
1152,부동산신탁,11452,하나자산신탁,B,SM005,요약재무상태표(‘11.03월 이후),A22,Ⅱ. 증권_상각후원가측정증권,0,0,0,0,0,0,0,0,0,0,0,0,0,0,0,0,0,0,0,0,0,0,0,0,0,0,0,0,0,0,0,0,0,0,0,0,0,0,0,0,0,0,0,0,0,0,0,0,10000000000,25000000000,40000000000,35000000000,20000000000,0
1153,부동산신탁,11452,하나자산신탁,B,SM005,요약재무상태표(‘11.03월 이후),A220,Ⅱ. 증권_상각후원가측정증권_국채·지방채,0,0,0,0,0,0,0,0,0,0,0,0,0,0,0,0,0,0,0,0,0,0,0,0, , ,0,0,0, , , , , , , , , , , , , , , , , , , , , , , , , 
1154,부동산신탁,11452,하나자산신탁,B,SM005,요약재무상태표(‘11.03월 이후),A221,Ⅱ. 증권_상각후원가측정증권_특수채,0,0,0,0,0,0,0,0,0,0,0,0,0,0,0,0,0,0,0,0,0,0,0,0, , ,0,0,0, , , , , , , , , , , , , , , , , , , , ,25000000000,20000000000,15000000000,5000000000,0
1155,부동산신탁,11452,하나자산신탁,B,SM005,요약재무상태표(‘11.03월 이후),A222,Ⅱ. 증권_상각후원가측정증권_회사채,0,0,0,0,0,0,0,0,0,0,0,0,0,0,0,0,0,0,0,0,0,0,0,0, , ,0,0,0, , , , , , , , , , , , , , , , , , , , , , , , , 
1156,부동산신탁,11452,하나자산신탁,B,SM005,요약재무상태표(‘11.03월 이후),A223,Ⅱ. 증권_상각후원가측정증권_기타,0,0,0,0,0,0,0,0,0,0,0,0,0,0,0,0,0,0,0,0,0,0,0,0, , ,0,0,0, , , , , , , , , , , , , , , , , , , ,10000000000,0,20000000000,20000000000,15000000000,0
1157,부동산신탁,11452,하나자산신탁,B,SM005,요약재무상태표(‘11.03월 이후),A23,Ⅱ. 증권_관계회사투자지분,13857344865,13857344865,13636089779,13636089779,13636089779,13636089779,13636089779,13636089779,13636089779,13636089779,13636089779,13636089779,13636089779,13636089779,13636089779,13636089779,13636089779,13636089779,13636089779,13636089779,2052347724,2052347724,2052347724,2052347724,2069362213,2059194990,2058538276,1980080773,2019677227,1837442218,1915006359,1823352392,1968075959,1979794263,2320464633,2241313227,2318603711,2305505219,7118350396,6958880142,6975294538,7003543011,6996028735,6841419829,8900117974,8963674185,8992591620,8855951401,8853669324,8813801438,8776472843,8472740045,8245706402,5245721574
1158,부동산신탁,11452,하나자산신탁,B,SM005,요약재무상태표(‘11.03월 이후),A230,Ⅱ. 증권_관계회사투자지분_연결대상회사 투자지분,11583742055,11583742055,11583742055,11583742055,11583742055,11583742055,11583742055,11583742055,11583742055,11583742055,11583742055,11583742055,11583742055,11583742055,11583742055,11583742055,11583742055,11583742055,11583742055,11583742055,2052347724,0,0,0,0,0,0,0,0,0,0,0,0,0,0,0,0,0,0,0,0,0,0,0,0,0,0,0,0,0,0,0,0,0
1159,부동산신탁,11452,하나자산신탁,B,SM005,요약재무상태표(‘11.03월 이후),A231,Ⅱ. 증권_관계회사투자지분_비연결대상회사 투자지분,2273602810,2273602810,2052347724,2052347724,2052347724,2052347724,2052347724,2052347724,2052347724,2052347724,2052347724,2052347724,2052347724,2052347724,2052347724,2052347724,2052347724,2052347724,2052347724,2052347724,0,2052347724,2052347724,2052347724,2069362213,2059194990,2058538276,1980080773,2019677227,1837442218,1915006359,1823352392,1968075959,1979794263,2320464633,2241313227,2318603711,2305505219,7118350396,6958880142,6975294538,7003543011,6996028735,6841419829,8900117974,8963674185,8992591620,8855951401,8853669324,8813801438,8776472843,8472740045,8245706402,5245721574
1160,부동산신탁,11452,하나자산신탁,B,SM005,요약재무상태표(‘11.03월 이후),A24,Ⅱ. 증권_파생결합증권,0,0,0,0,0,0,0,0,0,0,0,0,0,0,0,0,0,0,0,0,0,0,0,0,0,0,0,0,0,0,0,0,0,0,0,0,0,0,0,0,0,0,0,0,0,0,0,0,0,0,0,0,0,0
1161,부동산신탁,11452,하나자산신탁,B,SM005,요약재무상태표(‘11.03월 이후),A25,Ⅱ. 증권_대손충당금(-), , , , , , , , , , , , , , , , , , , , , , , , , , , ,0,0,0,0,0,0,0,0,0,0,0,0,0,0,0,0,0,0,0,0,0,0,0,0,0,0,0
1162,부동산신탁,11452,하나자산신탁,B,SM005,요약재무상태표(‘11.03월 이후),A3,Ⅲ. 파생상품자산,0,0,0,0,0,0,0,0,0,0,0,0,0,0,0,0,0,0,0,0,0,0,0,0,0,0,0,0,0,0,0,0,0,0,0,0,0,0,0,0,0,0,0,0,0,0,0,0,0,0,0,0,0,0
1163,부동산신탁,11452,하나자산신탁,B,SM005,요약재무상태표(‘11.03월 이후),A30,Ⅲ. 파생상품자산_이자율관련,0,0,0,0,0,0,0,0,0,0,0,0,0,0,0,0,0,0,0,0,0,0,0,0,0,0,0,0,0,0,0,0,0,0,0,0,0,0,0,0,0,0,0,0,0,0,0,0,0,0,0,0,0,0
1164,부동산신탁,11452,하나자산신탁,B,SM005,요약재무상태표(‘11.03월 이후),A31,Ⅲ. 파생상품자산_통화관련,0,0,0,0,0,0,0,0,0,0,0,0,0,0,0,0,0,0,0,0,0,0,0,0,0,0,0,0,0,0,0,0,0,0,0,0,0,0,0,0,0,0,0,0,0,0,0,0,0,0,0,0,0,0
1165,부동산신탁,11452,하나자산신탁,B,SM005,요약재무상태표(‘11.03월 이후),A32,Ⅲ. 파생상품자산_주식관련,0,0,0,0,0,0,0,0,0,0,0,0,0,0,0,0,0,0,0,0,0,0,0,0,0,0,0,0,0,0,0,0,0,0,0,0,0,0,0,0,0,0,0,0,0,0,0,0,0,0,0,0,0,0
1166,부동산신탁,11452,하나자산신탁,B,SM005,요약재무상태표(‘11.03월 이후),A33,Ⅲ. 파생상품자산_신용관련,0,0,0,0,0,0,0,0,0,0,0,0,0,0,0,0,0,0,0,0,0,0,0,0,0,0,0,0,0,0,0,0,0,0,0,0,0,0,0,0,0,0,0,0,0,0,0,0,0,0,0,0,0,0
1167,부동산신탁,11452,하나자산신탁,B,SM005,요약재무상태표(‘11.03월 이후),A34,Ⅲ. 파생상품자산_상품관련,0,0,0,0,0,0,0,0,0,0,0,0,0,0,0,0,0,0,0,0,0,0,0,0,0,0,0,0,0,0,0,0,0,0,0,0,0,0,0,0,0,0,0,0,0,0,0,0,0,0,0,0,0,0
1168,부동산신탁,11452,하나자산신탁,B,SM005,요약재무상태표(‘11.03월 이후),A35,Ⅲ. 파생상품자산_기타파생상품자산,0,0,0,0,0,0,0,0,0,0,0,0,0,0,0,0,0,0,0,0,0,0,0,0, , ,0,0,0,0,0, , , , , , , , , , , , , , , , , , , , , , , 
1169,부동산신탁,11452,하나자산신탁,B,SM005,요약재무상태표(‘11.03월 이후),A36,Ⅲ. 파생상품자산_파생상품Ⅲ. 파생상품자산_신용위험평가조정액,0,0,0,0,0,0,0,0,0,0,0,0,0,0,0,0,0,0,0,0,0,0,0,0, , ,0,0,0,0,0, , , , , , , , , , , , , , , , , , , , , , , 
1170,부동산신탁,11452,하나자산신탁,B,SM005,요약재무상태표(‘11.03월 이후),A37,Ⅲ. 파생상품자산_파생상품Ⅲ. 파생상품자산_거래일손익인식평가조정액,0,0,0,0,0,0,0,0,0,0,0,0,0,0,0,0,0,0,0,0,0,0,0,0, , ,0,0,0,0,0, , , , , , , , , , , , , , , , , , , , , , , 
1171,부동산신탁,11452,하나자산신탁,B,SM005,요약재무상태표(‘11.03월 이후),A4,Ⅳ. 대출채권,1335250237,1415250237,2106250237,3679260000,7474530000,9834000000,13209953524,16843022424,29613806103,9737943989,2871000000,4430997000,10866097000,6390100000,6365100000,6105100000,10846153733,22242398954,21494877569,36624356389,46107376389,52023278389,81404436499,103998320787,172460935792,123340172702,173351228164,132478476897,107366728124,98402387888,115427372524,130054342444,69210972761,82675104289,96384643179,84547897313,95900409220,83989887826,89927977017,98289640218,64574633647,51989708664,75131342935,79462985358,94080049210,109362217895,159884394787,174959302793,175192778594,243803439712,236229956338,293385970896,367180337648,439082647483
1172,부동산신탁,11452,하나자산신탁,B,SM005,요약재무상태표(‘11.03월 이후),A40,Ⅳ. 대출채권_(현재가치할인차금)(-),0,0,0,0,0,0,0,0,0,0,0,0,0,0,0,0,0,0,0,0,0,0,0,0, , ,0,0,0, , , , , , , , , , , , , , , , , , , , , , , , , 
1173,부동산신탁,11452,하나자산신탁,B,SM005,요약재무상태표(‘11.03월 이후),A41,Ⅳ. 대출채권_(현재가치할증차금)(+),0,0,0,0,0,0,0,0,0,0,0,0,0,0,0,0,0,0,0,0,0,0,0,0, , ,0,0,0, , , , , , , , , , , , , , , , , , , , , , , , , 
1174,부동산신탁,11452,하나자산신탁,B,SM005,요약재무상태표(‘11.03월 이후),A42,Ⅳ. 대출채권_(이연대출부대손익),0,0,0,0,0,0,0,0,0,0,0,0,0,0,0,0,0,0,0,0,0,0,0,0, , ,0,0,0, , , , , , , , , , , , , , , , , , , , , , , , , 
1175,부동산신탁,11452,하나자산신탁,B,SM005,요약재무상태표(‘11.03월 이후),A43,Ⅳ. 대출채권_대여금,1335250237,1415250237,1536250237,1522000000,1756000000,1704500000,1851000000,1806000000,1698000000,1755000000,1811000000,3370997000,1780997000,1805000000,1780000000,1520000000,1420000000,1180000000,840000000,770000000,850000000,850000000,900000000,700000000,750000000,650000000,620000000,670000000,620000000,620000000,670000000,620000000,530000000,880000000,1730000000,2238000000,2738000000,3530000000,4169000000,5090300000,5732300000,5842000000,6257000000,6500000000,6260000000,6270000000,5960000000,5824000000,5514000000,5364000000,5418500000,5072500000,4862500000,4962500000
1176,부동산신탁,11452,하나자산신탁,B,SM005,요약재무상태표(‘11.03월 이후),A44,Ⅳ. 대출채권_대지급금,0,0,0,0,0,0,0,0,0,0,0,0,0,0,0,0,0,0,0,0,0,0,0,0,0,0,0,0,0,0,0,0,0,0,0,0,0,0,0,0,0,0,0,0,0,0,0,0,0,0,0,0,0,0
1177,부동산신탁,11452,하나자산신탁,B,SM005,요약재무상태표(‘11.03월 이후),A45,Ⅳ. 대출채권_신탁계정대,0,0,570000000,2157260000,5718530000,8129500000,11358953524,15037022424,27915806103,7982943989,1060000000,1060000000,9085100000,4585100000,4585100000,4585100000,9426153733,21062398954,20654877569,35854356389,45257376389,51173278389,80504436499,103298320787,122284093531,122690172702,172731228164,132490079991,107177920000,101750000000,120250000000,134840000000,79460000000,95319369595,105866020923,93504573644,104398340383,91675360379,95225998698,102672764704,64749825777,52044101734,73805053168,77900233484,92776385705,108579451251,165354585106,183264632913,184276975168,255305991801,251109375044,312218496482,388480291751,462700905727
1178,부동산신탁,11452,하나자산신탁,B,SM005,요약재무상태표(‘11.03월 이후),A46,Ⅳ. 대출채권_기타 대출채권,0,0,0,0,0,0,0,0,0,0,0,0,0,0,0,0,0,0,0,0,0,0,0,0,49426842261,0,0,0,0,0,0,0,0,0,0,0,0,0,0,0,0,0,0,0,0,0,0,0,0,0,0,0,0,0
1179,부동산신탁,11452,하나자산신탁,B,SM005,요약재무상태표(‘11.03월 이후),A47,Ⅳ. 대출채권_대손충당금(-),0,0,0,0,0,0,0,0,0,0,0,0,0,0,0,0,0,0,0,0,0,0,0,0,0,0,0,681603094,431191876,3967612112,5492627476,5405657556,10779027239,13524265306,11211377744,11194676331,11235931163,11215472553,9467021681,9473424486,5907492130,5896393070,4930710233,4937248126,4956336495,5487233356,11430190319,14129330120,14598196574,16866552089,20297918706,23905025586,26162454103,28580758244
1180,부동산신탁,11452,하나자산신탁,B,SM005,요약재무상태표(‘11.03월 이후),A470,Ⅳ. 대출채권_대손충당금(-)_대여금대손충당금,0,0,0,0,0,0,0,0,0,0,0,0,0,0,0,0,0,0,0,0,0,0,0,0, , ,0,0,0, , , ,0,0,0, , , , ,0, , ,0,0,0,0,0,0,0,0,0,0,0,0
1181,부동산신탁,11452,하나자산신탁,B,SM005,요약재무상태표(‘11.03월 이후),A471,Ⅳ. 대출채권_대손충당금(-)_대지급금대손충당금,0,0,0,0,0,0,0,0,0,0,0,0,0,0,0,0,0,0,0,0,0,0,0,0, , ,0,0,0, , , , , , , , , , , , , , , , , , , , , , , , , 
1182,부동산신탁,11452,하나자산신탁,B,SM005,요약재무상태표(‘11.03월 이후),A472,Ⅳ. 대출채권_대손충당금(-)_신탁계정대 대손충당금,0,0,0,0,0,0,0,0,0,0,0,0,0,0,0,0,0,0,0,0,0,0,0,0, , ,0,681603094,431191876,3967612112,5492627476,5405657556,10779027239,13524265306,11211377744,11194676331,11235931163,11215472553,9467021681,9473424486,5907492130,5896393070,4930710233,4937248126,4956336495,5487233356,11430190319,14129330120,14598196574,16866552089,20297918706,23905025586,26162454103,28580758244
1183,부동산신탁,11452,하나자산신탁,B,SM005,요약재무상태표(‘11.03월 이후),A473,Ⅳ. 대출채권_대손충당금(-)_기타 대손충당금,0,0,0,0,0,0,0,0,0,0,0,0,0,0,0,0,0,0,0,0,0,0,0,0,0,0,0,0,0,0,0,0,0,0,0,0,0,0,0,0,0,0,0,0,0,0,0,0,0,0,0,0,0,0
1184,부동산신탁,11452,하나자산신탁,B,SM005,요약재무상태표(‘11.03월 이후),A5,Ⅴ. 유형자산,296304822,254550177,210513953,196781574,175989652,225421120,217597869,209301057,185949998,162173127,139937340,205497150,189413030,163629003,140507480,159134560,163196194,166874467,141853401,690910989,1006802428,918555882,804765586,745319181,649989595,563775487,502774044,584108037,533062815,456886406,809054095,7670163199,7062581509,6689434880,6816431789,6442599551,6417207229,6388646571,6097523380,5906669147,5875066661,5456301573,6396538263,5984158486,5572536982,5299959779,6015770284,6327244719,5871334716,5365202938,5670105841,5837071378,5488362810,5016769791
1185,부동산신탁,11452,하나자산신탁,B,SM005,요약재무상태표(‘11.03월 이후),A50,유형자산_(손상차손누계액),0,0,0,0,0,0,0,0,0,0,0,0,0,0,0,0,0,0,0,0,0,0,0,0, , ,0,0,0,0,0, ,0,0,0,0,0,0,0,0,0,0,0,0,0,0,0,0,0,0,0,0,0,0
1186,부동산신탁,11452,하나자산신탁,B,SM005,요약재무상태표(‘11.03월 이후),A51,유형자산__토지,0,0,0,0,0,0,0,0,0,0,0,0,0,0,0,0,0,0,0,0,0,0,0,0, , ,0,0,0, , , , , , , , ,30508334,30508334,30508334,30508334,30508334,30508334,30508334,30508334,65720302,65720302,65720302,65720302,65720302,355985302,355985302,355985302,355985302
1187,부동산신탁,11452,하나자산신탁,B,SM005,요약재무상태표(‘11.03월 이후),A52,유형자산_건물,0,0,0,0,0,0,0,0,0,0,0,0,0,0,0,0,0,0,0,0,0,0,0,0, , ,0,0,0, , , , , , , , ,205324986,205324986,220277487,220277487,220277487,220277487,220277487,220277487,364051735,364051735,364051735,364051735,364451735,858720256,899835281,899835281,899835281
1188,부동산신탁,11452,하나자산신탁,B,SM005,요약재무상태표(‘11.03월 이후),A53,유형자산_구축물,0,0,0,0,0,0,0,0,0,0,0,0,0,0,0,0,0,0,0,0,0,0,0,0, , ,0,0,0, , , , , , , , , , , , , , , , , , , , , , , , , 
1189,부동산신탁,11452,하나자산신탁,B,SM005,요약재무상태표(‘11.03월 이후),A54,유형자산_차량운반구,79059000,79059000,79059000,79059000,79059000,0,0,0,0,0,0,0,0,0,0,0,0,0,0,0,0,0,0,0, , ,0,0,0, , , , , , , , , , , , , , , , , , , , , , , , , 
1190,부동산신탁,11452,하나자산신탁,B,SM005,요약재무상태표(‘11.03월 이후),A55,유형자산_비품,2822264968,2823603575,2825296024,2838965497,2843392652,2921566408,2949978830,2967975738,2971524799,2974835686,2980203196,3070944126,3083896194,3085706716,3090654321,3129727018,3162645332,3183823189,3159332494,3759573417,4196121034,4245634105,4271701384,4305349213,4305295996,4318334452,4355762777,4505404594,4529728238,4565924500,2534178541,2578211114,2604137463,2651006021,2690950211,2696011852,2860053889,2932425995,3068641902,3247605642,3628276030,3679103221,3964565265,3992736717,4014027081,4055967303,4192191808,4241374120,4272553906,4277860806,4341585251,4352697718,4505875688,4578903979
1191,부동산신탁,11452,하나자산신탁,B,SM005,요약재무상태표(‘11.03월 이후),A56,유형자산_건설중인자산,0,0,0,0,0,0,0,0,0,0,0,0,0,0,0,0,0,0,0,0,0,0,0,0, , ,0,0,0, , , , , , , , , , , , , , , , , , , , , , , , , 
1192,부동산신탁,11452,하나자산신탁,B,SM005,요약재무상태표(‘11.03월 이후),A57,유형자산_운용리스자산(종금계정),0,0,0,0,0,0,0,0,0,0,0,0,0,0,0,0,0,0,0,0,0,0,0,0, , ,0,0,0, , , , , , , , , , , , , , , , , , , , , , , , , 
1193,부동산신탁,11452,하나자산신탁,B,SM005,요약재무상태표(‘11.03월 이후),A58,유형자산_선급리스자산(종금계정),0,0,0,0,0,0,0,0,0,0,0,0,0,0,0,0,0,0,0,0,0,0,0,0, , ,0,0,0, , , , , , , , , , , , , , , , , , , , , , , , , 
1194,부동산신탁,11452,하나자산신탁,B,SM005,요약재무상태표(‘11.03월 이후),A59,유형자산_기타,0,0,0,0,0,0,0,0,0,0,0,0,0,0,0,0,0,0,0,0,0,0,0,0, , ,0,0,0, ,313016102,7533317350,7301021810,7309959022,7757644092,7757644092,7888918235,7950314276,7926820513,7970773298,7991967499,7993198309,8861335533,8796961959,8843349110,8269763920,9428593747,10154674106,10103389495,10179023937,9572200842,10248882377,10277010746,10371328754
1195,부동산신탁,11452,하나자산신탁,B,SM005,요약재무상태표(‘11.03월 이후),A5A,유형자산_감가상각누계액(-),2605019146,2648112398,2693841071,2721242923,2746462000,2696145288,2732380961,2758674681,2785574801,2812662559,2840265856,2865446976,2894483164,2922077713,2950146841,2970592458,2999449138,3016948722,3017479093,3068662428,3189318606,3327078223,3466935798,3560030032,3655306401,3754558965,3852988733,3921296557,3996665423,4109038094,2038140548,2441365265,2842577764,3271530163,3632162514,4011056393,4331764895,4729927020,5133772355,5562495614,5995962689,6466785778,6680148356,7056326011,7535625030,7455543481,8034787308,8498575544,8934380722,9521853842,9458385810,10020329300,10550344207,11189283525
1196,부동산신탁,11452,하나자산신탁,B,SM005,요약재무상태표(‘11.03월 이후),A5A0,유형자산__감가상각누계액(-)_건물,0,0,0,0,0,0,0,0,0,0,0,0,0,0,0,0,0,0,0,0,0,0,0,0, , ,0,0,0, , , , , , , , ,684416,1711041,2803873,3896705,4989537,6082369,7153344,8224320,10105402,11925660,13745918,15566176,17392435,21686539,26185714,30684890,35184067
1197,부동산신탁,11452,하나자산신탁,B,SM005,요약재무상태표(‘11.03월 이후),A5A1,유형자산_감가상각누계액(-)_구축물,0,0,0,0,0,0,0,0,0,0,0,0,0,0,0,0,0,0,0,0,0,0,0,0, , ,0,0,0, , , , , , , , , , , , , , , , , , , , , , , , , 
1198,부동산신탁,11452,하나자산신탁,B,SM005,요약재무상태표(‘11.03월 이후),A5A2,유형자산_감가상각누계액(-)_차량운반구,79059000,79059000,79059000,79059000,79059000,0,0,0,0,0,0,0,0,0,0,0,0,0,0,0,0,0,0,0, , ,0,0,0, , , , , , , , , , , , , , , , , , , , , , , , , 
1199,부동산신탁,11452,하나자산신탁,B,SM005,요약재무상태표(‘11.03월 이후),A5A3,유형자산_감가상각누계액(-)_비품,2525960146,2569053398,2614782071,2642183923,2667403000,2696145288,2732380961,2758674681,2785574801,2812662559,2840265856,2865446976,2894483164,2922077713,2950146841,2970592458,2999449138,3016948722,3017479093,3068662428,3189318606,3327078223,3466935798,3560030032,3655306401,3754558965,3852988733,3921296557,3996665423,4109038094,2030628818,2083580452,2146786569,2216674258,2288960118,2334855163,2386915488,2463453034,2546016860,2646626499,2754476019,2879546460,3024126738,3069837306,3187897445,3313756662,3444074092,3532698741,3625344869,3719100462,3780009281,3850752042,3924554342,4025171923
1200,부동산신탁,11452,하나자산신탁,B,SM005,요약재무상태표(‘11.03월 이후),A5A4,유형자산_감가상각누계액(-)_기타,0,0,0,0,0,0,0,0,0,0,0,0,0,0,0,0,0,0,0,0,0,0,0,0, , ,0,0,0, ,7511730,357784813,695791195,1054855905,1343202396,1676201230,1944849407,2265789570,2586044454,2913065242,3237589965,3582249781,3649939249,3979335361,4339503265,4131681417,4578787556,4952130885,5293469677,5785360945,5656689990,6143391544,6595104975,7128927535
1201,부동산신탁,11452,하나자산신탁,B,SM005,요약재무상태표(‘11.03월 이후),A5A5,유형자산_감가상각누계액(종금계정)(-),0,0,0,0,0,0,0,0,0,0,0,0,0,0,0,0,0,0,0,0,0,0,0,0, , ,0,0,0, , , , , , , , , , , , , , , , , , , , , , , , , 
1202,부동산신탁,11452,하나자산신탁,B,SM005,요약재무상태표(‘11.03월 이후),A5A6,유형자산_처분손실충당금(종금계정)(-),0,0,0,0,0,0,0,0,0,0,0,0,0,0,0,0,0,0,0,0,0,0,0,0, , ,0,0,0, , , , , , , , , , , , , , , , , , , , , , , , , 
1203,부동산신탁,11452,하나자산신탁,B,SM005,요약재무상태표(‘11.03월 이후),A6,Ⅵ. CMA운용자산(종금계정),0,0,0,0,0,0,0,0,0,0,0,0,0,0,0,0,0,0,0,0,0,0,0,0,0,0,0,0,0,0,0,0,0,0,0,0,0,0,0,0,0,0,0,0,0,0,0,0,0,0,0,0,0,0
1204,부동산신탁,11452,하나자산신탁,B,SM005,요약재무상태표(‘11.03월 이후),A7,Ⅶ. 리스자산(종금계정),0,0,0,0,0,0,0,0,0,0,0,0,0,0,0,0,0,0,0,0,0,0,0,0,0,0,0,0,0,0,0,0,0,0,0,0,0,0,0,0,0,0,0,0,0,0,0,0,0,0,0,0,0,0
1205,부동산신탁,11452,하나자산신탁,B,SM005,요약재무상태표(‘11.03월 이후),A8,Ⅷ. 기타자산,26856747082,26122577449,24461034914,25330646760,24505942832,23490163045,24903136132,26433753999,24382088930,25728674717,23659649628,23923239518,23706252557,20615401803,20562981194,21764265831,21227854656,20043011002,19135468818,19062689856,13868635090,13401859668,12223198248,10838477884,11719738703,9493096729,56248414539,11370992200,15171217077,14973131204,19884085020,19181498015,20375030304,23042666301,23336805285,19649357438,25898729712,33625568174,36219504601,31673311075,33251982385,33214056620,33576301107,24127546282,27096544502,29747421832,34327120446,36412721149,34652533400,37428338671,36976159174,40120093852,46525214708,51535571738
1206,부동산신탁,11452,하나자산신탁,B,SM005,요약재무상태표(‘11.03월 이후),A80,Ⅷ. 기타자산_(현재가치할인차금)(-),0,0,0,0,0,0,0,0,0,0,0,0,0,0,0,0,0,0,0,0,0,0,0,0, , ,0,0,0,0,0, , , , , , , , , , , , , , , , , , , , , , , 
1207,부동산신탁,11452,하나자산신탁,B,SM005,요약재무상태표(‘11.03월 이후),A81,Ⅷ. 기타자산_(현재가치할증차금)(+),0,0,0,0,0,0,0,0,0,0,0,0,0,0,0,0,0,0,0,0,0,0,0,0, , ,0,0,0,0,0, ,0,0,0,0,0,0,0,0,0,0,0,0,0,0,0,0,0,0,0,0,0,0
1208,부동산신탁,11452,하나자산신탁,B,SM005,요약재무상태표(‘11.03월 이후),A82,Ⅷ. 기타자산_미수금,11365124033,10880558638,10508457804,10551762495,9664501464,9132823022,11344258311,12474197546,8857341770,10938043810,9573481130,10052645474,9012674568,6059691853,6801504014,7796265575,7667471864,6649060913,6616624294,5977101994,6594533913,6032428125,5259207882,5253628711,6272695619,5307828166,50889847578,9559152901,10495724822,12304201208,13805229824,13488825195,12072829130,13645797675,13255473027,13625711949,17133569984,24053672386,25177546415,22100615524,21110186040,24433980475,23438326531,15103433971,17121434190,18293602786,19857759845,22732529089,22086775214,24134148802,22795418193,24597566918,28091821880,29787000848
1209,부동산신탁,11452,하나자산신탁,B,SM005,요약재무상태표(‘11.03월 이후),A820,Ⅷ. 기타자산_미수금_신탁보수미수금,2329947533,1813647349,1576197753,1566573319,1292056017,1320773694,1512796588,1562429203,691328776,641374302,720221607,636539043,1561983156,736990397,923449361,946762858,1169104080,940529467,1504251000,1825071600,2270618718,2338965000,2396643333,2522941722,4060488460,3130630554,2456075666,7495371498,9469297763,11405778770,12992469654,12845061525,11428032910,12638500167,12611364242,12415983181,16489852287,23467646608,24744954317,21196958586,20693918780,24030241715,23037322421,14249194121,16722786396,16482961366,19456814325,22043397536,21666763794,23625622060,22286764673,24075792388,27376872660,29162059828
1210,부동산신탁,11452,하나자산신탁,B,SM005,요약재무상태표(‘11.03월 이후),A821,Ⅷ. 기타자산_미수금_기타,9035176500,9066911289,8932260051,8985189176,8372445447,7812049328,9831461723,10911768343,8166012994,10296669508,8853259523,9416106431,7450691412,5322701456,5878054653,6849502717,6498367784,5708531446,5112373294,4152030394,4323915195,3693463125,2862564549,2730686989,2212207159,2177197612,48433771912,2063781403,1026427059,898422438,812760170,643763670,644796220,1007297508,644108785,1209728768,643717697,586025778,432592098,903656938,416267260,403738760,401004110,854239850,398647794,1810641420,400945520,689131553,420011420,508526742,508653520,521774530,714949220,624941020
1211,부동산신탁,11452,하나자산신탁,B,SM005,요약재무상태표(‘11.03월 이후),A83,Ⅷ. 기타자산_미수수익,22647065,36396902,17182780,134530487,258691480,418860415,173604517,114121666,110802399,80659414,59723418,195725084,110209725,83446563,133873968,191251872,207120874,143321428,183364913,150907104,205976161,178916645,128959283,125338852,188023354,348930516,299617156,944607279,362049507,710202106,661468483,796530731,1027695544,945655513,770821825,424889613,1338311337,1502747542,2435395447,2834343326,2126157039,2205658424,2817694824,3269012056,4487980440,6390889295,9045740584,8902551091,8744363644,10230418022,10661559265,13486115077,16714906185,20526632894
1212,부동산신탁,11452,하나자산신탁,B,SM005,요약재무상태표(‘11.03월 이후),A830,Ⅷ. 기타자산_미수수익_미수수수료,0,0,0,0,0,0,0,0,0,0,0,0,0,0,0,0,0,0,0,0,0,0,0,0,0,0,0,0,0,0,0,0,0,0,0,0,0,0,0,0,0,0,0,0,0,0,0,0,0,0,0,0,0,0
1213,부동산신탁,11452,하나자산신탁,B,SM005,요약재무상태표(‘11.03월 이후),A831,Ⅷ. 기타자산_미수수익_미수이자,22647065,36396902,17182780,134530487,258691480,418860415,173604517,114121666,110802399,80659414,59723418,195725084,110209725,83446563,133873968,191251872,207120874,143321428,183364913,150907104,191947679,164888163,111977473,108357042,171041544,348930516,299617156,911903279,362049507,710202106,661468483,796530731,1027695544,945655513,770821825,359481613,1338311337,1502747542,2435395447,2801639326,2126157039,2205658424,2817694824,3236308056,4487980440,6390889295,9045740584,8869847091,8744363644,10230418022,10269980935,13417104427,16685706185,20487132894
1214,부동산신탁,11452,하나자산신탁,B,SM005,요약재무상태표(‘11.03월 이후),A832,Ⅷ. 기타자산_미수수익_미수배당금,0,0,0,0,0,0,0,0,0,0,0,0,0,0,0,0,0,0,0,0,0,0,0,0, , ,0,32704000,0,0,0, , , , ,65408000,0,0,0,32704000,0,0,0,32704000,0,0,0,32704000,0,0,391578330,69010650,29200000,39500000
1215,부동산신탁,11452,하나자산신탁,B,SM005,요약재무상태표(‘11.03월 이후),A833,Ⅷ. 기타자산_미수수익_미수분배금,0,0,0,0,0,0,0,0,0,0,0,0,0,0,0,0,0,0,0,0,0,0,0,0, , ,0,0,0,0,0, , , , , , , , , , , , , , , , , , , , , , , 
1216,부동산신탁,11452,하나자산신탁,B,SM005,요약재무상태표(‘11.03월 이후),A834,Ⅷ. 기타자산_미수수익_기타,0,0,0,0,0,0,0,0,0,0,0,0,0,0,0,0,0,0,0,0,14028482,14028482,16981810,16981810,16981810, ,0,0,0, , , , , , , , , , , , , , , , , , , , , , , , , 
1217,부동산신탁,11452,하나자산신탁,B,SM005,요약재무상태표(‘11.03월 이후),A84,Ⅷ. 기타자산_선급금,1047101792,1048731171,1065574592,1083790847,998543008,998543008,998543008,998543008,1017451891,1070357774,1026757854,1026757854,1046572563,1066427373,1026757854,1026757854,1046996128,1026757854,1026757854,998543008,998543008,998543008,998543008,998543008,998543008,0,0,0,0,0,0,2845000,4779466,4779466,9970,9970,0,0,0,0,0,0,0,0,0,0,0,0,0,0,0,0,0,0
1218,부동산신탁,11452,하나자산신탁,B,SM005,요약재무상태표(‘11.03월 이후),A85,Ⅷ. 기타자산_선급비용,7791117,18481787,13789963,10056585,5916909,15209202,10953657,8989979,5065375,30759742,19088353,15861753,8413981,33762452,26932353,18684916,12222530,26076283,19148063,19344354,13136351,37769582,29013163,125058164,105870267,122924915,103237300,111334680,98023185,103634014,84398270,111507474,87267452,110701611,92754500,96607403,78283002,79858019,59884906,68683402,57459476,83640735,64729359,63249928,50376971,72737171,58899331,49544173,46485861,66767539,52590103,41526557,32476961,60189591
1219,부동산신탁,11452,하나자산신탁,B,SM005,요약재무상태표(‘11.03월 이후),A86,Ⅷ. 기타자산_선급제세,0,0,0,0,0,0,0,0,0,49272384,0,0,0,0,6597483,0,0,0,0,0,0,47555440,63072265,0,0,16502956,0,0,0,0,0,0,29934543,180399771,0,148692390,314374227,327362546,365958001,280320727,365970796,298964408,314459203,366432505,299539502,305217350,351937766,315192632,327109617,348185790,419964675,264337856,223762963,208055765
1220,부동산신탁,11452,하나자산신탁,B,SM005,요약재무상태표(‘11.03월 이후),A87,Ⅷ. 기타자산_대리점,0,0,0,0,0,0,0,0,0,0,0,0,0,0,0,0,0,0,0,0,0,0,0,0, , ,0,0,0, , , , , , , , , , , , , , , , , , , , , , , , , 
1221,부동산신탁,11452,하나자산신탁,B,SM005,요약재무상태표(‘11.03월 이후),A88,Ⅷ. 기타자산_본.지점,0,0,0,0,0,0,0,0,0,0,0,0,0,0,0,0,0,0,0,0,0,0,0,0, , ,0,0,0, , , , , , , , , , , , , , , , , , , , , , , , , 
1222,부동산신탁,11452,하나자산신탁,B,SM005,요약재무상태표(‘11.03월 이후),A89,Ⅷ. 기타자산_보증금,15208022983,14901422983,8830521719,8943665630,9118761680,9097628000,9097628000,9619185000,10133591710,9462691710,9278944982,9164163272,9164163272,8751163272,8751219250,8757302250,8763902250,8765165250,6986501875,7792026675,2026557675,2026557675,855327050,835003050,835003050,828403050,991643050,991643050,819496287,815274755,750649341,819461107,832047415,1505744529,1335439587,844443166,2853346938,1862452071,871659741,881571142,3890939351,1026379986,1063651782,1073663021,2082578627,1785879238,1965229715,1946178219,1962124776,1978276256,1992732137,1480621712,1502804936,1534367800
1223,부동산신탁,11452,하나자산신탁,B,SM005,요약재무상태표(‘11.03월 이후),A890,Ⅷ. 기타자산_보증금_전세권,0,0,0,0,0,0,0,0,0,0,0,0,0,0,0,0,0,0,0,0,0,0,0,0, , ,0,0,0, , , , , , , , , , , , , , , , , , , , , , , , , 
1224,부동산신탁,11452,하나자산신탁,B,SM005,요약재무상태표(‘11.03월 이후),A891,Ⅷ. 기타자산_보증금_전신전화가입권,0,0,0,0,0,0,0,0,0,0,0,0,0,0,0,0,0,0,0,0,0,0,0,0, , ,0,0,0, , , , , , , , , , , , , , , , , , , , , , , , , 
1225,부동산신탁,11452,하나자산신탁,B,SM005,요약재무상태표(‘11.03월 이후),A892,Ⅷ. 기타자산_보증금_임차보증금,8943458630,8943458630,8743487719,8743458630,8727273700,8719180000,8719180000,8669180000,8669180000,8669180000,8669304272,8669304272,8669304272,8669304272,8669360250,8669360250,8669360250,8669360250,5744685250,6528196050,783691050,783691050,783691050,783691050,783691050,783691050,946931050,946931050,774784287,781545832,716668535,818231107,830817415,839612814,834209587,843113166,852116938,861222071,870429741,880341142,889709351,1025149986,1062421782,1072433021,1081348627,1238249238,1417599715,1398548219,1414494776,1430646256,1445102137,1446328527,1468511751,1500074615
1226,부동산신탁,11452,하나자산신탁,B,SM005,요약재무상태표(‘11.03월 이후),A893,Ⅷ. 기타자산_보증금_회원보증금,6180530353,5873930353,0, , , , , , ,0,0,0,0,0,0,0,0,0,0, , , ,0, , , ,0,0,0,0,0, , , , , , , , , , , , , , , , , , , , , , , 
1227,부동산신탁,11452,하나자산신탁,B,SM005,요약재무상태표(‘11.03월 이후),A894,Ⅷ. 기타자산_보증금_기타,84034000,84034000,87034000,200207000,391487980,378448000,378448000,950005000,1464411710,793511710,609640710,494859000,494859000,81859000,81859000,87942000,94542000,95805000,1241816625,1263830625,1242866625,1242866625,71636000,51312000,51312000,44712000,44712000,44712000,44712000,33728923,33980806,1230000,1230000,666131715,501230000,1330000,2001230000,1001230000,1230000,1230000,3001230000,1230000,1230000,1230000,1001230000,547630000,547630000,547630000,547630000,547630000,547630000,34293185,34293185,34293185
1228,부동산신탁,11452,하나자산신탁,B,SM005,요약재무상태표(‘11.03월 이후),A8A,Ⅷ. 기타자산_투자부동산,0,0,0,0,0,0,0,0,0,0,0,0,0,0,0,0,0,0,0,0,0,0,0,0,0,0,0,0,0,0,0,0,0,0,0,0,0,0,0,0,0,0,0,0,0,0,0,0,0,0,0,0,0,0
1229,부동산신탁,11452,하나자산신탁,B,SM005,요약재무상태표(‘11.03월 이후),A8A0,Ⅷ. 기타자산_투자부동산_(손상차손누계액),0,0,0,0,0,0,0,0,0,0,0,0,0,0,0,0,0,0,0,0,0,0,0,0, , ,0,0,0, , , , , , , , , , , , , , , , , , , , , , , , , 
1230,부동산신탁,11452,하나자산신탁,B,SM005,요약재무상태표(‘11.03월 이후),A8A1,Ⅷ. 기타자산_투자부동산_토지,0,0,0,0,0,0,0,0,0,0,0,0,0,0,0,0,0,0,0,0,0,0,0,0, , ,0,0,0, , , , , , , , , , , , , , , , , , , , , , , , , 
1231,부동산신탁,11452,하나자산신탁,B,SM005,요약재무상태표(‘11.03월 이후),A8A2,Ⅷ. 기타자산_투자부동산_건물,0,0,0,0,0,0,0,0,0,0,0,0,0,0,0,0,0,0,0,0,0,0,0,0, , ,0,0,0, , , , , , , , , , , , , , , , , , , , , , , , , 
1232,부동산신탁,11452,하나자산신탁,B,SM005,요약재무상태표(‘11.03월 이후),A8A3,Ⅷ. 기타자산_투자부동산_건물감가상각누계액(-),0,0,0,0,0,0,0,0,0,0,0,0,0,0,0,0,0,0,0,0,0,0,0,0, , ,0,0,0, , , , , , , , , , , , , , , , , , , , , , , , , 
1233,부동산신탁,11452,하나자산신탁,B,SM005,요약재무상태표(‘11.03월 이후),A8B,Ⅷ. 기타자산_무형자산,961107756,914815006,6016119302,6456504638,6309755553,6280436123,5822429638,5761123676,5721839247,5706584679,5046043682,4981523862,4918129650,4967002176,4511814268,4279759046,3990270182,3989530914,3613084919,3465755387,3391980365,3355211350,3026310766,2678519278,2624818004,2596387249,2518675798,2470958644,3382425199,3346271367,4255270455,4217831223,5513947466,5306662278,5361040308,5163103505,4997323746,4909274922,5050059673,4868385148,4930837470,5013030684,4956288325,5236441198,5314298232,5102631423,5238607378,4964371938,4672439827,4541493332,4241474641,4002737511,3878265577,3860180526
1234,부동산신탁,11452,하나자산신탁,B,SM005,요약재무상태표(‘11.03월 이후),A8B0,Ⅷ. 기타자산_무형자산_(손상차손누계액),0,0,0,0,0,0,0,0,0,0,0,0,0,0,0,0,0,0,0,0,0,0,0,0, , ,0,0,0, , , , , , , , , , , , , , , , , , , , , , , , , 
1235,부동산신탁,11452,하나자산신탁,B,SM005,요약재무상태표(‘11.03월 이후),A8B1,Ⅷ. 기타자산_무형자산_영업권,0,0,0,0,0,0,0,0,0,0,0,0,0,0,0,0,0,0,0,0,0,0,0,0, , ,0,0,0, , , , , , , , , , , , , , , , , , , , , , , , , 
1236,부동산신탁,11452,하나자산신탁,B,SM005,요약재무상태표(‘11.03월 이후),A8B2,Ⅷ. 기타자산_무형자산_개발비,0,0,0,0,0,0,0,0,0,0,0,0,0,0,0,0,0,0,0,0,0,0,0,0, , ,0,0,0, , , , , , , , , , , , , , , , , , , , , , , , , 
1237,부동산신탁,11452,하나자산신탁,B,SM005,요약재무상태표(‘11.03월 이후),A8B3,Ⅷ. 기타자산_무형자산_소프트웨어,0,0,0,0,0,0,0,0,0,0,0,0,0,0,0,0,0,0,0,0,0,0,0,0, , ,0,0,0, , , , , , , , , , , , , , , , , , , , , , , , , 
1238,부동산신탁,11452,하나자산신탁,B,SM005,요약재무상태표(‘11.03월 이후),A8B4,Ⅷ. 기타자산_무형자산_회원권,0,0,5097210353,5597210353,5508210353,5508210353,5107560199,5107560199,5107560199,5107560199,4408968999,4408968999,4408968999,4408968999,3999614551,3796395373,3532655373,3391866983,2851754716,2681068216,2646163046,2646163046,2372297578,2077297578,2072997578,2072997578,2047764245,2047764245,2047764245,2011564245,2041564245,2041564245,2041564245,2041564245,2125233333,2125233333,2125233333,2125233333,2157400000,2132900000,2132900000,2132900000,2132900000,2132900000,2407100000,2412862400,2412862400,2412862400,2412862400,2412862400,2412862400,2412862400,2412862400,2412862400
1239,부동산신탁,11452,하나자산신탁,B,SM005,요약재무상태표(‘11.03월 이후),A8B5,Ⅷ. 기타자산_무형자산_기타,961107756,914815006,918908949,859294285,801545200,772225770,714869439,653563477,614279048,599024480,637074683,572554863,509160651,558033177,512199717,483363673,457614809,597663931,761330203,784687171,745817319,709048304,654013188,601221700,551820426,523389671,470911553,423194399,1334660954,1334707122,2213706210,2176266978,3472383221,3265098033,3235806975,3037870172,2872090413,2784041589,2892659673,2735485148,2797937470,2880130684,2823388325,3103541198,2907198232,2689769023,2825744978,2551509538,2259577427,2128630932,1828612241,1589875111,1465403177,1447318126
1240,부동산신탁,11452,하나자산신탁,B,SM005,요약재무상태표(‘11.03월 이후),A8C,Ⅷ. 기타자산_가지급금,0,0,0,0,0,0,0,0,0,0,0,0,0,0,0,0,0,0,0,0,0,0,0,0, , ,0,0,0, , , , , , , , , , , , , , , , , , , , , , , , , 
1241,부동산신탁,11452,하나자산신탁,B,SM005,요약재무상태표(‘11.03월 이후),A8D,Ⅷ. 기타자산_이연법인세자산,0,0,0,0,0,0,0,0,0,46334713,339995702,330092196,299609887,245989100,612835224,525927645,592242593,614236354,1624615097,1772489791,1454461397,1472367729,2577917111,2123076550,2078330146,1910432150,2983538345,0,2212767278, ,2583486228,1499503142,2485197750,3160820577,4263266897,1187589600,1067258312,2989487934,4212101652,2674838134,2541002353,2148085259,2980807531,731046733,0,0,0,0,0,0,0,0,0,0
1242,부동산신탁,11452,하나자산신탁,B,SM005,요약재무상태표(‘11.03월 이후),A8E,Ⅷ. 기타자산_일반상품,0,0,0,0,0,0,0,0,0,0,0,0,0,0,0,0,0,0,0,0,0,0,0,0, , ,0,0,0, , , , , , , , , , , , , , , , , , , , , , , , , 
1243,부동산신탁,11452,하나자산신탁,B,SM005,요약재무상태표(‘11.03월 이후),A8F,Ⅷ. 기타자산_기타,0,0,0,0,0,0,0,0,0,0,0,0,0,0,0,0,0,0,0,0,0,0,0,0,0,0,0,0,165843703,158884136,215001155,0,0,0,0,0,0,0,0,0,0,0,0,0,0,0,0,0,0,0,0,0,0,0
1244,부동산신탁,11452,하나자산신탁,B,SM005,요약재무상태표(‘11.03월 이후),A8G,Ⅷ. 기타자산_대손충당금(-),1755047664,1677829038,1990611246,1849663922,1850227262,2453336725,2544280999,2542406876,1464003462,1656029509,1684385493,1843529977,853521089,592080986,1308553220,831683327,1052371765,1171137994,934628197,1113478457,816553780,747489886,715152280,1300689729,1383544745,1638312273,1538144688,2706704354,2365112904,2465336382,2471418736,1755005857,1678668462,1817895119,1742000829,1841690158,1883737834,2099287246,1953101234,2035446328,1770570140,1995683351,2059656448,1715733130,2259663460,2203535431,2191054173,2497645993,3186765539,3870951070,3187579840,3752811779,3918823794,4440855686
1245,부동산신탁,11452,하나자산신탁,B,SM005,요약재무상태표(‘11.03월 이후),A8G0,Ⅷ. 기타자산_대손충당금(-)_미수금대손충당금,1755047664,1677829038,1990611246,1849663922,1850227262,2453336725,2544280999,2542406876,1464003462,1656029509,1684385493,1843529977,853521089,592080986,1308553220,831683327,1052371765,1171137994,934628197,1113478457,816553780,747489886,715152280,1300689729,1383544745,1638312273,1538144688,2706704354,2365112904,2465336382, ,1755005857,1678668462,1817895119,1742000829,1841690158,1883737834,2099287246,1949030812,2030245562,1768058435,1993108116,1431121912,1053666282,1475695048,1325195348,1201835602,1290814318,1817707433,2300484525,1539604197,1805737184,1777033121,1953620230
1246,부동산신탁,11452,하나자산신탁,B,SM005,요약재무상태표(‘11.03월 이후),A8G1,Ⅷ. 기타자산_대손충당금(-)_미수수익대손충당금,0,0,0,0,0,0,0,0,0,0,0,0,0,0,0,0,0,0,0,0,0,0,0,0,0,0,0,0,0,0,2471418736,0,0,0,0,0,0,0,4070422,5200766,2511705,2575235,628534536,662066848,783968412,878340083,989218571,1206831675,1369058106,1570466545,1647975643,1947074595,2141790673,2487235456
1247,부동산신탁,11452,하나자산신탁,B,SM005,요약재무상태표(‘11.03월 이후),A8G10,Ⅷ. 기타자산_대손충당금(-)_미수수익대손충당금_미수수수료대손충당금,0,0,0,0,0,0,0,0,0,0,0,0,0,0,0,0,0,0,0,0,0,0,0,0, , ,0,0,0, ,2471418736, , , , , , , , , , , , , , , , , , , , , , , 
1248,부동산신탁,11452,하나자산신탁,B,SM005,요약재무상태표(‘11.03월 이후),A8G11,Ⅷ. 기타자산_대손충당금(-)_미수수익대손충당금_미수이자대손충당금,0,0,0,0,0,0,0,0,0,0,0,0,0,0,0,0,0,0,0,0,0,0,0,0, , ,0,0,0, , , , , , , , , ,4070422,5200766,2511705,2575235,628534536,662066848,783968412,878340083,989218571,1206831675,1369058106,1570466545,1647975643,1947074595,2141790673,2487235456
1249,부동산신탁,11452,하나자산신탁,B,SM005,요약재무상태표(‘11.03월 이후),A8G12,Ⅷ. 기타자산_대손충당금(-)_미수수익대손충당금_기타대손충당금,0,0,0,0,0,0,0,0,0,0,0,0,0,0,0,0,0,0,0,0,0,0,0,0, , ,0,0,0, , , , , , , , , , , , , , , , , , , , , , , , , 
1250,부동산신탁,11452,하나자산신탁,B,SM005,요약재무상태표(‘11.03월 이후),A8G2,Ⅷ. 기타자산_대손충당금(-)_선급금대손충당금,0,0,0,0,0,0,0,0,0,0,0,0,0,0,0,0,0,0,0,0,0,0,0,0, , ,0,0,0, , , , , , , , , , , , , , , , , , , , , , , , , 
1251,부동산신탁,11452,하나자산신탁,B,SM005,요약재무상태표(‘11.03월 이후),A8G3,Ⅷ. 기타자산_대손충당금(-)_기타대손충당금,0,0,0,0,0,0,0,0,0,0,0,0,0,0,0,0,0,0,0,0,0,0,0,0, , ,0,0,0, , , , , , , , , , , , , , , , , , , , , , , , , 
1252,부동산신탁,11452,하나자산신탁,B,SM005,요약재무상태표(‘11.03월 이후),B,부채총계,9114596414,8651440469,12535186388,11912705362,11318577261,12714872065,15140042569,16018214954,12577366762,12990232059,12476306061,11991450207,12493015289,11552596853,13201523804,13217773231,14410780352,19496551263,20652841872,21425412525,21576492633,25500024379,32677167931,36516341537,106825116151,118655131660,173846174983,119998776215,119750991323,120630621037,133586333787,142684163778,137721827009,138730144944,144170341266,142245694628,57822904546,63605305353,74691149413,79591253605,66133992510,67633456123,88865238215,93520325153,80826917591,73449383308,78828844619,81686244607,73514910989,69046655117,68399321910,102278095080,77257173904,124914255840
1253,부동산신탁,11452,하나자산신탁,B,SM005,요약재무상태표(‘11.03월 이후),B1,Ⅰ. 예수부채,0,0,0,0,0,0,0,0,0,0,0,0,0,0,0,0,0,0,0,0,0,0,0,0,0,0,0,0,0,0,0,0,0,0,0,0,0,0,0,0,0,0,0,0,0,0,0,0,0,0,0,0,0,0
1254,부동산신탁,11452,하나자산신탁,B,SM005,요약재무상태표(‘11.03월 이후),B2,Ⅱ. 차입부채,0,0,0,0,0,0,0,0,0,0,0,0,0,0,0,0,0,0,0,0,0,0,0,0,69768639081,69788923469,69809207858,69829051282,69853372848,69873791850,69894210851,69914185962,69934956545,69956026960,69977097375,69997938763,0,0,0,0,0,0,0,0,0,0,0,0,0,0,0,11427416479,12169863651,63110724546
1255,부동산신탁,11452,하나자산신탁,B,SM005,요약재무상태표(‘11.03월 이후),B20,Ⅱ. 차입부채_(현재가치할인차금)(-),0,0,0,0,0,0,0,0,0,0,0,0,0,0,0,0,0,0,0,0,0,0,0,0, , ,0,0,0, , , , , , , , , , , , , , , , , , , , , , , , , 
1256,부동산신탁,11452,하나자산신탁,B,SM005,요약재무상태표(‘11.03월 이후),B21,Ⅱ. 차입부채_(현재가치할증차금)(+),0,0,0,0,0,0,0,0,0,0,0,0,0,0,0,0,0,0,0,0,0,0,0,0, , ,0,0,0, , , , , , , , , , , , , , , , , , , , , , , , , 
1257,부동산신탁,11452,하나자산신탁,B,SM005,요약재무상태표(‘11.03월 이후),B22,Ⅱ. 차입부채_차입금,0,0,0,0,0,0,0,0,0,0,0,0,0,0,0,0,0,0,0,0,0,0,0,0,0,0,0,0,0,0,0,0,0,0,0,0,0,0,0,0,0,0,0,0,0,0,0,0,0,0,0,0,12169863651,63110724546
1258,부동산신탁,11452,하나자산신탁,B,SM005,요약재무상태표(‘11.03월 이후),B23,Ⅱ. 차입부채_매도증권,0,0,0,0,0,0,0,0,0,0,0,0,0,0,0,0,0,0,0,0,0,0,0,0,0,0,0,0,0,0,0,0,0,0,0,0,0,0,0,0,0,0,0,0,0,0,0,0,0,0,0,0,0,0
1259,부동산신탁,11452,하나자산신탁,B,SM005,요약재무상태표(‘11.03월 이후),B24,Ⅱ. 차입부채_사채,0,0,0,0,0,0,0,0,0,0,0,0,0,0,0,0,0,0,0,0,0,0,0,0,69768639081,69788923469,69809207858,69829051282,69853372848,69873791850,69894210851,69914185962,69934956545,69956026960,69977097375,69997938763,0,0,0,0,0,0,0,0,0,0,0,0,0,0,0,11427416479,0,0
1260,부동산신탁,11452,하나자산신탁,B,SM005,요약재무상태표(‘11.03월 이후),B240,Ⅱ. 차입부채_(사채발행차금),0,0,0,0,0,0,0,0,0,0,0,0,0,0,0,0,0,0,0,0,0,0,0,0,231360919,211076531,190792142,170948718,-146627152,-126208150,-105789149,-85814038,-65043455,-43973040,-22902625,-2061237,0,0,0,0,0,0,0,0,0,0,0,0,0,0,0,0,0,0
1261,부동산신탁,11452,하나자산신탁,B,SM005,요약재무상태표(‘11.03월 이후),B25,Ⅱ. 차입부채_발행어음(종금계정),0,0,0,0,0,0,0,0,0,0,0,0,0,0,0,0,0,0,0,0,0,0,0,0, , ,0,0,0, , , , , , , , , , , , , , , , , , , , , , , , , 
1262,부동산신탁,11452,하나자산신탁,B,SM005,요약재무상태표(‘11.03월 이후),B26,Ⅱ. 차입부채_기타,0,0,0,0,0,0,0,0,0,0,0,0,0,0,0,0,0,0,0,0,0,0,0,0,0,0,0,0,0,0,0,0,0,0,0,0,0,0,0,0,0,0,0,0,0,0,0,0,0,0,0,0,0,0
1263,부동산신탁,11452,하나자산신탁,B,SM005,요약재무상태표(‘11.03월 이후),B3,Ⅳ. 기타부채,9114596414,8651440469,12535186388,11912705362,11318577261,12714872065,15140042569,16018214954,12577366762,12990232059,12476306061,11991450207,12493015289,11552596853,13201523804,13217773231,14410780352,19496551263,20652841872,21425412525,21576492633,25500024379,32677167931,36516341537,37056477070,48866208191,104036967125,50169724933,49897618475,50756829187,63692122936,72769977816,67786870464,68774117984,74193243891,72247755865,57822904546,63605305353,74691149413,79591253605,66133992510,67633456123,88865238215,93520325153,80826917591,73449383308,78828844619,81686244607,73514910989,69046655117,68399321910,90850678601,65087310253,61803531294
1264,부동산신탁,11452,하나자산신탁,B,SM005,요약재무상태표(‘11.03월 이후),B30,Ⅳ. 기타부채_(현재가치할인차금)(-),0,0,0,0,0,0,0,0,0,0,0,0,0,0,0,0,0,0,0,0,0,0,0,0, , ,0,0,0, , ,-570014925,-743452396,-690134391,-636225543,-582431888,-539283308,-494518201,-447189990,-404625436,-362884787,-322723684,-507363447,-464191127,-432546208,-396173120,-441525872,-463939491,-418824494,-374652901,-338062202,-322988797,-321183498,-287421274
1265,부동산신탁,11452,하나자산신탁,B,SM005,요약재무상태표(‘11.03월 이후),B31,Ⅳ. 기타부채_(현재가치할증차금)(+),0,0,0,0,0,0,0,0,0,0,0,0,0,0,0,0,0,0,0,0,0,0,0,0, , ,0,0,0, , , , , , , , , , , , , , , , , , , , , , , , , 
1266,부동산신탁,11452,하나자산신탁,B,SM005,요약재무상태표(‘11.03월 이후),B32,Ⅳ. 기타부채_퇴직급여부채,60762555,71894975,83027395,95462204,107909076,117962203,129273678,75547944,84273970,88082190,94383560,102782343,113899543,120621005,127342466,71143837,74675800,78246577,0,0,0,0,0,0,0,0,0,0,0,0,0,0,0,0,0,0,0,0,0,0,0,0,0,0,0,0,0,0,0,0,0,0,0,0
1267,부동산신탁,11452,하나자산신탁,B,SM005,요약재무상태표(‘11.03월 이후),B320,Ⅳ. 기타부채_퇴직급여부채_확정급여채무,60762555,71894975,83027395,95462204,107909076,117962203,129273678,75547944,84273970,88082190,94383560,102782343,113899543,120621005,127342466,71143837,74675800,78246577,0,0,0,0,0,0, , ,0,0,0, , , , , , , , , , , , , , , , , , , , , , , , , 
1268,부동산신탁,11452,하나자산신탁,B,SM005,요약재무상태표(‘11.03월 이후),B322,"Ⅳ. 기타부채_퇴직급여부채_미인식보험수리적손익(+,-)",0,0,0,0,0,0,0,0,0,0,0,0,0,0,0,0,0,0,0,0,0,0,0,0, , ,0,0,0, , , , , , , , , , , , , , , , , , , , , , , , , 
1269,부동산신탁,11452,하나자산신탁,B,SM005,요약재무상태표(‘11.03월 이후),B323,Ⅳ. 기타부채_퇴직급여부채_미인식과거근무원가(-),0,0,0,0,0,0,0,0,0,0,0,0,0,0,0,0,0,0,0,0,0,0,0,0, , ,0,0,0, , , , , , , , , , , , , , , , , , , , , , , , , 
1270,부동산신탁,11452,하나자산신탁,B,SM005,요약재무상태표(‘11.03월 이후),B324,Ⅳ. 기타부채_퇴직급여부채_사외적립자산(-),0,0,0,0,0,0,0,0,0,0,0,0,0,0,0,0,0,0,0,0,0,0,0,0,0,0,0,0,0,0,0,0,0,0,0,0,0,0,0,0,0,0,0,0,0,0,0,0,0,0,0,0,0,0
1271,부동산신탁,11452,하나자산신탁,B,SM005,요약재무상태표(‘11.03월 이후),B33,Ⅳ. 기타부채_충당부채,0,0,0,0,311280980,290000000,290000000,860000000,111182030,111126710,111126710,0,0,0,0,0,0,0,1117648381,839859619,0,0,998543008,998543008,998543008,0,0,0,0,0,249917565,275847282,278524992,241425446,240362355,242702828,245066699,247454205,1249865585,1252301085,1254760950,957245428,299502085,302148443,304820217,266176026,323977952,366580829,370468774,374402109,352142477,457089612,462541024,468058585
1272,부동산신탁,11452,하나자산신탁,B,SM005,요약재무상태표(‘11.03월 이후),B330,Ⅳ. 기타부채_충당부채_채무보증충당부채,0,0,0,0,0,0,0,0,0,0,0,0,0,0,0,0,0,0,0,0,0,0,0,0, , ,0,0,0, , , , , , , , , , , , , , , , , , , , , , , , , 
1273,부동산신탁,11452,하나자산신탁,B,SM005,요약재무상태표(‘11.03월 이후),B331,Ⅳ. 기타부채_충당부채_복구충당부채,0,0,0,0,0,0,0,0,0,0,0,0,0,0,0,0,0,0,0,0,0,0,0,0, , ,0,0,0, ,249917565,275847282,278524992,241425446,240362355,242702828,245066699,247454205,249865585,252301085,254760950,257245428,299502085,302148443,304820217,266176026,323977952,366580829,370468774,374402109,352142477,457089612,462541024,468058585
1274,부동산신탁,11452,하나자산신탁,B,SM005,요약재무상태표(‘11.03월 이후),B332,Ⅳ. 기타부채_충당부채_특별대손충당금,0,0,0,0,0,0,0,0,0,0,0,0,0,0,0,0,0,0,0,0,0,0,0,0, , ,0,0,0, , , , , , , , , , , , , , , , , , , , , , , , , 
1275,부동산신탁,11452,하나자산신탁,B,SM005,요약재무상태표(‘11.03월 이후),B333,Ⅳ. 기타부채_충당부채_신탁위험충당금,0,0,0,0,0,0,0,0,0,0,0,0,0,0,0,0,0,0,0,0,0,0,0,0, , ,0,0,0, , , , , , , , , , , , , , , , , , , , , , , , , 
1276,부동산신탁,11452,하나자산신탁,B,SM005,요약재무상태표(‘11.03월 이후),B334,Ⅳ. 기타부채_충당부채_기타,0,0,0,0,311280980,290000000,290000000,860000000,111182030,111126710,111126710,0,0,0,0,0,0,0,1117648381,839859619,0,0,998543008,998543008,998543008, ,0,0,0, , , , , , , , , ,1000000000,1000000000,1000000000,700000000,0,0,0,0,0,0,0,0,0,0,0,0
1277,부동산신탁,11452,하나자산신탁,B,SM005,요약재무상태표(‘11.03월 이후),B34,Ⅳ. 기타부채_미지급법인세,1269370719,711771895,1856575697,2014280416,615408231,1219295705,1942520470,2135136677,837085004,1029428916,1133315919,1091189454,1355736005,898938944,1789123655,2200946964,1345464254,2443383363,3447028739,4104843136,2513723145,4218093513,5716344684,7658746461,5496543231,7334692454,7359228368,10132152533,12189110625,8418242904,8315737409,13420301247,10670313128,13132941559,14836360221,18186309027,10866821029,17794820031,18133437091,23792484265,13524264142,9596930311,18817433248,24936990871,13781773325,8383093962,13873405643,18957071677,12622887211,12098034023,11291092279,16186439412,12687532028,13511102038
1278,부동산신탁,11452,하나자산신탁,B,SM005,요약재무상태표(‘11.03월 이후),B35,Ⅳ. 기타부채_미지급배당금, , , , , , , , , , , , , , , , , , ,0, , ,0,0, , , ,0,0,0,0,0, , , , , , , , , , , , , , , , , , , , , , , 
1279,부동산신탁,11452,하나자산신탁,B,SM005,요약재무상태표(‘11.03월 이후),B36,Ⅳ. 기타부채_미지급금,640945296,506599872,2013127639,812852233,822151161,951011190,1987637896,1050380726,851088377,825763240,1350783864,983133184,679727893,771617836,1181092950,541013769,502221345,647975182,1676904316,693142640,858629505,1068360530,3900196994,1030329723,1461671757,1985850850,2035009430,2080591061,2029818561,2154116526,2258338599,1891164409,1375416406,1327752929,1735587523,1294553338,1225017011,1041521722,1318014289,1329877777,1310605784,1527061402,1717110086,1768338376,1732098356,1667267432,2053799573,1819920338,1294556593,1447643393,1588492304,22316013759,1350274792,1390533735
1280,부동산신탁,11452,하나자산신탁,B,SM005,요약재무상태표(‘11.03월 이후),B37,Ⅳ. 기타부채_미지급비용, , , , , , , , , , , , , , , , , , ,0, , ,0,0,206518102,555188514,589013365,4787862812,540174085,1146854887,1473524541,6013894353,1600543643,2244792984,2385136720,8473033100,1959630463,2077879611,2628099835,8978774618,1666091606,2098572984,3034152457,9123543045,2580984178,4805299875,6592631523,8064290064,3830147215,3732917451,5219049182,8747567621,3167975707,4150736962,5262959883
1281,부동산신탁,11452,하나자산신탁,B,SM005,요약재무상태표(‘11.03월 이후),B38,Ⅳ. 기타부채_임대보증금,2152697000,2152697000,2152697000,2152697000,2152697000,2797822300,2797822300,2797822300,2797822300,2797822300,2797822300,2797822300,2797822300,2797822300,3426408310,3426408310,3426408310,3426408310,0, , ,0,0, , , ,0,0,0,0,0, , , , , , , , , , , , , , , , , , , , , , , 
1282,부동산신탁,11452,하나자산신탁,B,SM005,요약재무상태표(‘11.03월 이후),B39,Ⅳ. 기타부채_선수금,3914460229,4325119900,4962210594,5691611775,6291773013,6311299963,7233372113,8423989426,7434751954,7537512206,6661862857,6778920697,7138177097,6655140925,6364138250,6514502247,8596062222,12279625541,13714471047,15154051217,17339961146,18654786977,21230179277,25424684824,27772372395,34236877641,40994201175,29349552284,33604705839,36853807695,45652082245,45029518324,44156623516,40578874816,40565928864,39699773734,36405925294,34424871816,37501964886,40331306099,41333406930,45275513221,48800673970,53637525013,53009111419,50114142936,47622152092,45172673687,45290778690,40855297081,38137896492,34913206288,35940599982,32516287590
1283,부동산신탁,11452,하나자산신탁,B,SM005,요약재무상태표(‘11.03월 이후),B3A,Ⅳ. 기타부채_선수수익,0,0,0,0,0,0,0,0,0,0,0,0,0,0,0,0,0,0,0,0,0,0,0,0, , ,0,0,0, , , , , , , , , , , , , , , , , , , , , , , , , 
1284,부동산신탁,11452,하나자산신탁,B,SM005,요약재무상태표(‘11.03월 이후),B3B,Ⅳ. 기타부채_가수금,0,0,0,0,0,0,0,0,0,0,0,0,0,0,0,0,0,0,0,0,0,0,0,0, , ,0,0,0, , , , , , , , , , , , , , , , , , , , , , , , , 
1285,부동산신탁,11452,하나자산신탁,B,SM005,요약재무상태표(‘11.03월 이후),B3C,Ⅳ. 기타부채_대리점,0,0,0,0,0,0,0,0,0,0,0,0,0,0,0,0,0,0,0,0,0,0,0,0, , ,0,0,0, , , , , , , , , , , , , , , , , , , , , , , , , 
1286,부동산신탁,11452,하나자산신탁,B,SM005,요약재무상태표(‘11.03월 이후),B3D,Ⅳ. 기타부채_본.지점,0,0,0,0,0,0,0,0,0,0,0,0,0,0,0,0,0,0,0,0,0,0,0,0, , ,0,0,0, , , , , , , , , , , , , , , , , , , , , , , , , 
1287,부동산신탁,11452,하나자산신탁,B,SM005,요약재무상태표(‘11.03월 이후),B3E,Ⅳ. 기타부채_이연법인세부채,589185422,602460389,389891480,638693511,548882621,436613265,70389003,79843572,147518800,0,0,0,0,0,0,0,0,0,0,0,0,0,0,0, , ,0,2790380491,0,387471906, , , , , , , , , , , , , , ,626452294,253635855,151046776,1126440928,2229853830,2145252300,1706696406,2758087781,2575393102,751898349
1288,부동산신탁,11452,하나자산신탁,B,SM005,요약재무상태표(‘11.03월 이후),B3F,Ⅳ. 기타부채_제세금예수금,316759420,137101630,853625020,232449460,182921110,338208940,423030970,179962030,89576088,211646968,64128756,44093272,168704121,81380983,97002883,172784619,249906171,422234120,342634949,293379423,352770337,331394679,472149368,1197519419,442931415,390780398,257768459,274217393,65845380,601544589,651188784,3910135320,2940037251,5220690090,2141874376,4982888768,1239700015,1946143150,2203071239,6184181674,1890950172,2862805453,4833794100,5407637971,1977610057,1946284696,1771833493,5141861126,3079537392,2416951928,2501247731,6878012257,4151940165,4587363790
1289,부동산신탁,11452,하나자산신탁,B,SM005,요약재무상태표(‘11.03월 이후),B3G,Ⅳ. 기타부채_신탁계정차,0,0,0,0,0,0,0,0,0,0,0,0,0,0,0,0,0, ,0, ,0,0,0,0, , ,0,0,0,0,0, , , , , , , , , , , , , , , , , , , , , , , 
1290,부동산신탁,11452,하나자산신탁,B,SM005,요약재무상태표(‘11.03월 이후),B3H,Ⅳ. 기타부채_기타,170415773,143794808,224031563,274658763,285554069,252658499,265996139,415532279,224068239,388849529,262882095,193508957,238948330,227074860,216415290,290973485,216042250,198678170,354154440,340136490,511408500,1227388680,359754600,0,329226750,4328993483,48602896881,5002657086,861283183,868121026,550963981,6642467591,6121162187,5887296424,6200097452,5881897707,5762494887,5522394594,5306021705,5035011099,4721431548,4379747851,5273181681,4886700301,4589752048,4226150878,4968339026,5271548807,4893911048,4490025101,4074186600,4173853785,3768292198,3315327324
1291,부동산신탁,11452,하나자산신탁,B,SM005,요약재무상태표(‘11.03월 이후),B4,Ⅲ. 파생상품부채,0,0,0,0,0,0,0,0,0,0,0,0,0,0,0,0,0,0,0,0,0,0,0,0,0,0,0,0,0,0,0,0,0,0,0,0,0,0,0,0,0,0,0,0,0,0,0,0,0,0,0,0,0,0
1292,부동산신탁,11452,하나자산신탁,B,SM005,요약재무상태표(‘11.03월 이후),B40,Ⅲ. 파생상품부채_이자율관련,0,0,0,0,0,0,0,0,0,0,0,0,0,0,0,0,0,0,0,0,0,0,0,0,0,0,0,0,0,0,0,0,0,0,0,0,0,0,0,0,0,0,0,0,0,0,0,0,0,0,0,0,0,0
1293,부동산신탁,11452,하나자산신탁,B,SM005,요약재무상태표(‘11.03월 이후),B41,Ⅲ. 파생상품부채_통화관련,0,0,0,0,0,0,0,0,0,0,0,0,0,0,0,0,0,0,0,0,0,0,0,0,0,0,0,0,0,0,0,0,0,0,0,0,0,0,0,0,0,0,0,0,0,0,0,0,0,0,0,0,0,0
1294,부동산신탁,11452,하나자산신탁,B,SM005,요약재무상태표(‘11.03월 이후),B42,Ⅲ. 파생상품부채_주식관련,0,0,0,0,0,0,0,0,0,0,0,0,0,0,0,0,0,0,0,0,0,0,0,0,0,0,0,0,0,0,0,0,0,0,0,0,0,0,0,0,0,0,0,0,0,0,0,0,0,0,0,0,0,0
1295,부동산신탁,11452,하나자산신탁,B,SM005,요약재무상태표(‘11.03월 이후),B43,Ⅲ. 파생상품부채_신용관련,0,0,0,0,0,0,0,0,0,0,0,0,0,0,0,0,0,0,0,0,0,0,0,0,0,0,0,0,0,0,0,0,0,0,0,0,0,0,0,0,0,0,0,0,0,0,0,0,0,0,0,0,0,0
1296,부동산신탁,11452,하나자산신탁,B,SM005,요약재무상태표(‘11.03월 이후),B44,Ⅲ. 파생상품부채_상품관련,0,0,0,0,0,0,0,0,0,0,0,0,0,0,0,0,0,0,0,0,0,0,0,0,0,0,0,0,0,0,0,0,0,0,0,0,0,0,0,0,0,0,0,0,0,0,0,0,0,0,0,0,0,0
1297,부동산신탁,11452,하나자산신탁,B,SM005,요약재무상태표(‘11.03월 이후),B45,Ⅲ. 파생상품부채_기타파생상품부채,0,0,0,0,0,0,0,0,0,0,0,0,0,0,0,0,0,0,0,0,0,0,0,0, , ,0,0,0, , , , , , , , , , , , , , , , , , , , , , , , , 
1298,부동산신탁,11452,하나자산신탁,B,SM005,요약재무상태표(‘11.03월 이후),B46,Ⅲ. 파생상품부채_파생상품 신용위험평가조정액,0,0,0,0,0,0,0,0,0,0,0,0,0,0,0,0,0,0,0,0,0,0,0,0,0,0,0,0,0,0,0,0,0,0,0,0,0,0,0,0,0,0,0,0,0,0,0,0,0,0,0,0,0,0
1299,부동산신탁,11452,하나자산신탁,B,SM005,요약재무상태표(‘11.03월 이후),B47,Ⅲ. 파생상품부채_파생상품 거래일손익인식평가조정액,0,0,0,0,0,0,0,0,0,0,0,0,0,0,0,0,0,0,0,0,0,0,0,0, , ,0,0,0, , , , , , , , , , , , , , , , , , , , , , , , , 
1300,부동산신탁,11452,하나자산신탁,B,SM005,요약재무상태표(‘11.03월 이후),B5,Ⅴ. 요구불상환지분,0,0,0,0,0,0,0,0,0,0,0,0,0,0,0,0,0,0,0,0,0,0,0,0,0,0,0,0,0,0,0,0,0,0,0,0,0,0,0,0,0,0,0,0,0,0,0,0,0,0,0,0,0,0
1301,부동산신탁,11452,하나자산신탁,B,SM005,요약재무상태표(‘11.03월 이후),C,자본총계,61954083659,62425978254,68775901219,70131969343,71431832886,74872897476,77948433907,78582520184,81079589838,83387190384,85078803026,86626088961,90112524117,92599497648,94379333336,97220404922,99388280192,103451544638,105129390649,109720319780,155926755144,163106347274,166368600403,153749467817,163779926328,171966384283,177181602587,179355073051,193437889996,203275368502,213242173751,232238045765,245587447472,261166666283,278943302262,298551920402,318173067830,344608907608,359763981742,359062502342,382364991622,398946764477,422503376580,425779323655,452648241847,463268359442,476410912514,483319524413,508335260307,526826156178,542124654355,540184505180,558476054968,578942327883
1302,부동산신탁,11452,하나자산신탁,B,SM005,요약재무상태표(‘11.03월 이후),C1,Ⅰ. 자본금,10000000000,10000000000,10000000000,10000000000,10000000000,10000000000,10000000000,10000000000,10000000000,10000000000,10000000000,10000000000,10000000000,10000000000,10000000000,10000000000,10000000000,10000000000,10000000000,10000000000,10000000000,10000000000,10000000000,10000000000,10000000000,10000000000,10000000000,10000000000,10000000000,10000000000,10000000000,10000000000,10000000000,10000000000,10000000000,10000000000,10000000000,10000000000,10000000000,10000000000,10000000000,10000000000,10000000000,10000000000,10000000000,10000000000,10000000000,10000000000,10000000000,10000000000,10000000000,10000000000,10000000000,10000000000
1303,부동산신탁,11452,하나자산신탁,B,SM005,요약재무상태표(‘11.03월 이후),C10,Ⅰ. 자본금_보통주자본금,10000000000,10000000000,10000000000,10000000000,10000000000,10000000000,10000000000,10000000000,10000000000,10000000000,10000000000,10000000000,10000000000,10000000000,10000000000,10000000000,10000000000,10000000000,10000000000,10000000000,10000000000,10000000000,10000000000,10000000000,10000000000,10000000000,10000000000,10000000000,10000000000,10000000000,10000000000,10000000000,10000000000,10000000000,10000000000,10000000000,10000000000,10000000000,10000000000,10000000000,10000000000,10000000000,10000000000,10000000000,10000000000,10000000000,10000000000,10000000000,10000000000,10000000000,10000000000,10000000000,10000000000,10000000000
1304,부동산신탁,11452,하나자산신탁,B,SM005,요약재무상태표(‘11.03월 이후),C11,Ⅰ. 자본금_우선주자본금,0,0,0,0,0,0,0,0,0,0,0,0,0,0,0,0,0,0,0,0,0,0,0,0,0,0,0,0,0,0,0,0,0,0,0,0,0,0,0,0,0,0,0,0,0,0,0,0,0,0,0,0,0,0
1305,부동산신탁,11452,하나자산신탁,B,SM005,요약재무상태표(‘11.03월 이후),C110,Ⅰ. 자본금_우선주자본금_상환우선주,0,0,0,0,0,0,0,0,0,0,0,0,0,0,0,0,0,0,0,0,0,0,0,0, , ,0,0,0, , , , , , , , , , , , , , , , , , , , , , , , , 
1306,부동산신탁,11452,하나자산신탁,B,SM005,요약재무상태표(‘11.03월 이후),C111,Ⅰ. 자본금_우선주자본금_전환우선주,0,0,0,0,0,0,0,0,0,0,0,0,0,0,0,0,0,0,0,0,0,0,0,0, , ,0,0,0, , , , , , , , , , , , , , , , , , , , , , , , , 
1307,부동산신탁,11452,하나자산신탁,B,SM005,요약재무상태표(‘11.03월 이후),C112,Ⅰ. 자본금_우선주자본금_기타,0,0,0,0,0,0,0,0,0,0,0,0,0,0,0,0,0,0,0,0,0,0,0,0, , ,0,0,0, , , , , , , , , , , , , , , , , , , , , , , , , 
1308,부동산신탁,11452,하나자산신탁,B,SM005,요약재무상태표(‘11.03월 이후),C2,Ⅱ. 자본잉여금,0,0,0,0,0,0,0,0,9221000,9221000,9221000,9221000,10882000,10882000,10882000,10882000,36886000,36886000,36886000,36886000,71597000,71597000,71597000,71597000,71597000,71597000,71597000,71597000,121586104,121586104,121586104,121586104,0,0,0,0,0,0,0,0,0,0,0,0,0,0,0,0,0,0,0,0,0,0
1309,부동산신탁,11452,하나자산신탁,B,SM005,요약재무상태표(‘11.03월 이후),C20,Ⅱ. 자본잉여금_주식발행초과금,0,0,0,0,0,0,0,0,0,0,0,0,0,0,0,0,0,0,0,0,0,0,0,0, , ,0,0,0, , , , , , , , , , , , , , , , , , , , , , , , , 
1310,부동산신탁,11452,하나자산신탁,B,SM005,요약재무상태표(‘11.03월 이후),C21,Ⅱ. 자본잉여금_감자차익,0,0,0,0,0,0,0,0,0,0,0,0,0,0,0,0,0,0,0,0,0,0,0,0, , ,0,0,0, , , , , , , , , , , , , , , , , , , , , , , , , 
1311,부동산신탁,11452,하나자산신탁,B,SM005,요약재무상태표(‘11.03월 이후),C22,Ⅱ. 자본잉여금_자기주식처분이익,0,0,0,0,0,0,0,0,0,0,0,0,0,0,0,0,0,0,0,0,0,0,0,0, , ,0,0,0, , , , , , , , , , , , , , , , , , , , , , , , , 
1312,부동산신탁,11452,하나자산신탁,B,SM005,요약재무상태표(‘11.03월 이후),C23,Ⅱ. 자본잉여금_기타자본잉여금,0,0,0,0,0,0,0,0,9221000,9221000,9221000,9221000,10882000,10882000,10882000,10882000,36886000,36886000,36886000,36886000,71597000,71597000,71597000,71597000,71597000,71597000,71597000,71597000,121586104,121586104,121586104,121586104,0,0,0,0,0,0,0,0,0,0,0,0,0,0,0,0,0,0,0,0,0,0
1313,부동산신탁,11452,하나자산신탁,B,SM005,요약재무상태표(‘11.03월 이후),C3,Ⅲ. 자본조정,3704440,27097920,-3118750,-26065000,17534000,36349000,44306000,3714000,47713000,23682000,-30150000,-26981000,-3397000,-30825000,29532000,41459000,37888000,62544000,91236000,105637000,102433729,70616786,8919382,-69558394,-864999856,-1003338578,-1097525139,-1110478240,-1148138522,-1161918432,-1089399133,-1089399133,-967561029,-967561029,-967561029,-967561029,-967561029,-967561029,-967561029,-967561029,-967561029,-967561029,-967561029,-967561029,-967561029,-967561029,-967561029,-967561029,-967561029,-967561029,-967561029,-967561029,-967561029,-967561029
1314,부동산신탁,11452,하나자산신탁,B,SM005,요약재무상태표(‘11.03월 이후),C30,Ⅲ. 자본조정_주식할인발행차금,0,0,0,0,0,0,0,0,0,0,0,0,0,0,0,0,0,0,0,0,0,0,0,0, , ,0,0,0, , , ,0,0,0,0,0,0,0,0,0,0,0,0,0,0,0,0,0,0,0,0,0,0
1315,부동산신탁,11452,하나자산신탁,B,SM005,요약재무상태표(‘11.03월 이후),C31,Ⅲ. 자본조정_자기주식,0,0,0,0,0,0,0,0,0,0,0,0,0,0,0,0,0,0,0,0,0,0,0,0, , ,0,0,0, , , , , , , , , , , , , , , , , , , , , , , , , 
1316,부동산신탁,11452,하나자산신탁,B,SM005,요약재무상태표(‘11.03월 이후),C32,Ⅲ. 자본조정_자기주식처분손실,0,0,0,0,0,0,0,0,0,0,0,0,0,0,0,0,0,0,0,0,0,0,0,0, , ,0,0,0, , , , , , , , , , , , , , , , , , , , , , , , , 
1317,부동산신탁,11452,하나자산신탁,B,SM005,요약재무상태표(‘11.03월 이후),C33,Ⅲ. 자본조정_주식매입선택권,3704440,27097920,-3118750,-26065000,17534000,36349000,44306000,3714000,47713000,23682000,-30150000,-26981000,-3397000,-30825000,29532000,41459000,37888000,62544000,91236000,105637000,102433729,70616786,8919382,-69558394,-197162539,-335501261,-429687822,-442640923,-480301205,-494081115,-421561816,-421561816,-208395493,-208395493,-208395493,-208395493,0,0,0,0,0,0,0,0,0,0,0,0,0,0,0,0,0,0
1318,부동산신탁,11452,하나자산신탁,B,SM005,요약재무상태표(‘11.03월 이후),C34,Ⅲ. 자본조정_신주청약증거금,0,0,0,0,0,0,0,0,0,0,0,0,0,0,0,0,0,0,0,0,0,0,0,0, , ,0,0,0,0,0, , , , , , , , , , , , , , , , , , , , , , , 
1319,부동산신탁,11452,하나자산신탁,B,SM005,요약재무상태표(‘11.03월 이후),C35,Ⅲ. 자본조정_기타,0,0,0,0,0,0,0,0,0,0,0,0,0,0,0,0,0,0,0,0,0,0,0,0,-667837317,-667837317,-667837317,-667837317,-667837317,-667837317,-667837317,-667837317,-759165536,-759165536,-759165536,-759165536,-967561029,-967561029,-967561029,-967561029,-967561029,-967561029,-967561029,-967561029,-967561029,-967561029,-967561029,-967561029,-967561029,-967561029,-967561029,-967561029,-967561029,-967561029
1320,부동산신탁,11452,하나자산신탁,B,SM005,요약재무상태표(‘11.03월 이후),C4,Ⅳ. 기타포괄손익누계액,16142100,88865400,93003259,123550121,133876407,155610088,159437261,184378316,214994668,193986353,180368526,184641165,19026867,49506920,-82686873,-91384453,-504622427,11054417,64181525,159936538,166432065,254413978,-88157816,-123756569,-90309865,-77364292,53056726,0,0,0,0,0,0,0,0,0,0,0,0,0,0,0,0,0,0,0,0,0,0,0,0,0,0,0
1321,부동산신탁,11452,하나자산신탁,B,SM005,요약재무상태표(‘11.03월 이후),C40,Ⅳ. 기타포괄손익누계액_기타포괄손익-공정가치측정금융자산평가손익,16142100,88865400,93003259,123550121,133876407,155610088,159437261,184378316,214994668,193986353,180368526,184641165,19026867,49506920,-82686873,-91384453,-504622427,11054417,64181525,159936538,166432065,254413978,-88157816,-123756569,-90309865,-77364292,53056726,0,0,0,0,0,0,0,0,0,0,0,0,0,0,0,0,0,0,0,0,0,0,0,0,0,0,0
1322,부동산신탁,11452,하나자산신탁,B,SM005,요약재무상태표(‘11.03월 이후),C41,Ⅳ. 기타포괄손익누계액_기타포괄손익-공정가치측정금융자산처분손익, , , , , , , , , , , , , , , , , , , , , , , , , , , ,0,0, , , , , , , , , , , , , , , , , , , , , , , , , 
1323,부동산신탁,11452,하나자산신탁,B,SM005,요약재무상태표(‘11.03월 이후),C42,Ⅳ. 기타포괄손익누계액_지분법 자본변동,0,0,0,0,0,0,0,0,0,0,0,0,0,0,0,0,0,0,0,0,0,0,0,0, , ,0,0,0, , , ,0,0,0,0,0,0,0,0,0,0,0,0,0,0,0,0,0,0,0,0,0,0
1324,부동산신탁,11452,하나자산신탁,B,SM005,요약재무상태표(‘11.03월 이후),C43,Ⅳ. 기타포괄손익누계액_부의 지분법 자본변동,0,0,0,0,0,0,0,0,0,0,0,0,0,0,0,0,0,0,0,0,0,0,0,0, , ,0,0,0, , , ,0,0,0,0,0,0,0,0,0,0,0,0,0,0,0,0,0,0,0,0,0,0
1325,부동산신탁,11452,하나자산신탁,B,SM005,요약재무상태표(‘11.03월 이후),C44,Ⅳ. 기타포괄손익누계액_위험회피 파생상품평가손익,0,0,0,0,0,0,0,0,0,0,0,0,0,0,0,0,0,0,0,0,0,0,0,0, , ,0,0,0, , , , , , , , , , , , , , , , , , , , , , , , , 
1326,부동산신탁,11452,하나자산신탁,B,SM005,요약재무상태표(‘11.03월 이후),C45,Ⅳ. 기타포괄손익누계액_외환차이누계액,0,0,0,0,0,0,0,0,0,0,0,0,0,0,0,0,0,0,0,0,0,0,0,0, , ,0,0,0, , , , , , , , , , , , , , , , , , , , , , , , , 
1327,부동산신탁,11452,하나자산신탁,B,SM005,요약재무상태표(‘11.03월 이후),C46,Ⅳ. 기타포괄손익누계액_유형자산재평가이익,0,0,0,0,0,0,0,0,0,0,0,0,0,0,0,0,0,0,0,0,0,0,0,0, , ,0,0,0, , , , , , , , , , , , , , , , , , , , , , , , , 
1328,부동산신탁,11452,하나자산신탁,B,SM005,요약재무상태표(‘11.03월 이후),C47,Ⅳ. 기타포괄손익누계액_기타,0,0,0,0,0,0,0,0,0,0,0,0,0,0,0,0,0,0,0,0,0,0,0,0, , ,0,0,0, , , , , , , , , , , , , , , , , , , , , , , , , 
1329,부동산신탁,11452,하나자산신탁,B,SM005,요약재무상태표(‘11.03월 이후),C5,Ⅴ. 이익잉여금,51934237119,52310014934,58686016710,60034484222,61280422479,64680938388,67744690646,68394427868,70807661170,73160301031,74919363500,76459207796,80086012250,82569933728,84421606209,87259448375,89818128619,93341060221,94937087124,99417860242,145586292350,152709719510,156376241837,143871185780,154663639049,162975490153,168154474000,170393954291,184464442414,194315700830,204209986780,223205858794,236555008501,252134227312,269910863291,289519481431,309140628859,335576468637,350731542771,350030063371,373332552651,389914325506,413470937609,416746884684,443615802876,454235920471,467378473543,474287085442,499302821336,517793717207,533092215384,531152066209,549443615997,569909888912
1330,부동산신탁,11452,하나자산신탁,B,SM005,요약재무상태표(‘11.03월 이후),C50,Ⅴ. 이익잉여금_이익준비금,5949984850,5949984850,5949984850,5949984850,5949984850,5949984850,5949984850,5949984850,5949984850,5949984850,5949984850,5949984850,5949984850,5949984850,5949984850,5949984850,5949984850,5949984850,5949984850,5949984850,5949984850,5949984850,5949984850,8029984850,8029984850,8029984850,8029984850,10125984850,10125984850,10125984850,10125984850,10125984850,10125984850,10125984850,10125984850,10125984850,10125984850,10125984850,10125984850,10125984850,10125984850,10125984850,10125984850,10125984850,10125984850,10125984850,10125984850,10125984850,10125984850,10125984850,10125984850,10125984850,10125984850,10125984850
1331,부동산신탁,11452,하나자산신탁,B,SM005,요약재무상태표(‘11.03월 이후),C51,Ⅴ. 이익잉여금_대손준비금,2644046923,2822217307,2536453662,2780156484,3820352225,2774052630,2636665662,3008298706,3879777982,3577582640,2438957765,2192445643,2492068650,2193291217,1479154617,1363300464,1078296382,1306656122,1856273369,3565995818,3614494871,4427931288,6271630836,7353146749,8974348474,8715345681,11779272361,9893704522,7580049232,6007130711,5867332844,5199633551,1563559092,4806818244,2960186278,3207529591,3334484513,2071648129,3491615561,1871659362,1803772448,1438174141,1476195464,1500896041,3438245612,3115024322,9164708308,22211110891,24068837098,33699700177,32237110171,47218684004,59613557405,76371164585
1332,부동산신탁,11452,하나자산신탁,B,SM005,요약재무상태표(‘11.03월 이후),C52,Ⅴ. 이익잉여금_전자금융사고배상준비금,0,0, , , , , , , , , , ,0,0,0,0,0, , ,0,0,0,0, , , ,0,0,0,0,0, ,0,0,0,0,0,0,0,0,0,0,0,0,0,0,0,0,0,0,0,0,0,0
1333,부동산신탁,11452,하나자산신탁,B,SM005,요약재무상태표(‘11.03월 이후),C53,Ⅴ. 이익잉여금_기타법정준비금,804000,804000,804000,804000,804000,804000,804000,804000,804000,804000,804000,804000,804000,804000,804000,804000,804000,804000,804000,0,0,0,0, , , ,0,0,0,0,0, ,804000,804000,804000,804000,804000,804000,804000,804000,804000,804000,804000,804000,804000,804000,804000,804000,804000,804000,804000,804000,804000,804000
1334,부동산신탁,11452,하나자산신탁,B,SM005,요약재무상태표(‘11.03월 이후),C54,Ⅴ. 이익잉여금_신탁사업적립금,5346331166,5346331166,5346331166,6395556255,6395556255,6395556255,6395556255,7301735524,7301735524,7301735524,7301735524,8019202809,8019202809,8019202809,8019202809,8969427080,8969427080,8969427080,8969427080,10020975172,10020975172,10020975172,10020975172,16164890643,16164890643,16164890643,16164890643,19356911322,19356911322,19356911322,19356911322,23771934018,23771934018,23771934018,23771934018,23771934018,30342021669,30342021669,30342021669,30342021669,30342021669,38424089617,38424089617,38424089617,38424089617,38424089617,38424089617,38424089617,38424089617,38424089617,38424089617,38424089617,38424089617,38424089617
1335,부동산신탁,11452,하나자산신탁,B,SM005,요약재무상태표(‘11.03월 이후),C55,Ⅴ. 이익잉여금_임의적립금,0,0, , , , , , , , , , ,0,0,0,0,0, , ,1000804000,1000804000,1000804000,1000804000,1000804000,1000804000,1000804000,1000804000,1000804000,1000804000,1000804000,1000804000,1000804000,1000000000,1000000000,1000000000,1000000000,1000000000,1000000000,1000000000,1000000000,1000000000,1000000000,1000000000,1000000000,1000000000,1000000000,1000000000,1000000000,1000000000,1000000000,1000000000,1000000000,1000000000,1000000000
1336,부동산신탁,11452,하나자산신탁,B,SM005,요약재무상태표(‘11.03월 이후),C56,Ⅴ. 이익잉여금_미처분이익잉여금,37993070180,38190677611,44852443032,44907982633,45113725149,49560540653,52761679879,52133604788,53675358814,56330194017,59227881361,60296770494,63623951941,66406650852,68972459933,70975931981,73819616307,77114188169,78160597825,78880100402,125000033457,131310024200,133132846979,111322359538,120493611082,129064464979,131179522146,130016549597,146400693010,157824869947,167858953764,183107502375,200092726541,212428686200,232051954145,251413228972,264337333827,292036009989,305771116691,306689593490,330059969684,338925272898,362443863678,365695110176,390626678797,401570017682,408662886768,402525096084,425683105771,434543138563,451304226746,434382503738,440279180125,443987845860
1337,부동산신탁,11452,하나자산신탁,B,SM005,요약재무상태표(‘11.03월 이후),C57,Ⅴ. 이익잉여금_(당기순이익),3740471298,4116249113,10492250889,1351586262,2597524519,5998040429,9061792686,649737222,3062970524,5415610385,7174672854,1539844296,5166648750,7650570228,9502242709,2837842166,5396522410,8919454012,10515480915,4480773118,50649205226,57772632386,61439154712,8294943944,18429371836,26741222940,31920206788,10334194470,24404682593,34255941009,44150226959,18995872014,32345021721,47924240532,65700876511,19608618140,39229765568,65665605346,80820679480,19298520600,42601009880,69182782735,92739394838,23275947075,50144865267,70764982862,83907535934,22108611899,47124347793,65615243664,80913741841,18059850825,36351400613,56817673528
1338,부동산신탁,11643,코람코자산신탁,B,SM005,요약재무상태표(‘11.03월 이후),A,자산총계,84780599401,87267944929,93812646998,124932078499,123171256802,132943858186,148605722465,129693880252,142419492229,147569718906,163779229661,160638648653,171137039019,151089257090,155212922610,158276844603,168368121794,219399769752,220573354764,229389981950,231438185396,295986202423,312179974226,323011887104,361264047955,388065889055,409054344052,388513719942,459105561030,495694754341,546481694136,618949121447,568868585579,630519683448,577709204123,648850386002,671225895984,641489263320,643026981031,581270121403,581125651483,636951398364,646743700516,582643353799,584946127685,572530668361,577831932528,560789343398,555006407654,570452841045,602531889905,626599142529,626636194244,705878739172
1339,부동산신탁,11643,코람코자산신탁,B,SM005,요약재무상태표(‘11.03월 이후),A1,Ⅰ. 현금 및 예치금,41892053232,46982214704,45913797238,47505492161,33189960232,24602778073,60282899367,46683887852,42894751579,23066802057,12490103295,16118478202,12462813731,32526706587,21395756592,12538110261,16863410249,7823924813,41466055058,31503939632,23471422330,9346523624,10547685530,12788205609,19404483312,10012800092,14054202179,16526703704,31960966624,38033058032,42222500487,76915205173,20071142380,14926180523,32441609481,37061810501,104776017155,98195414947,133361608206,58565845580,47030088814,59136133307,82004684227,134685239337,114948587498,115970806573,127229548886,107942102869,88375749833,89249964604,65572655813,57555185660,71769744489,67940230759
1340,부동산신탁,11643,코람코자산신탁,B,SM005,요약재무상태표(‘11.03월 이후),A10,Ⅰ. 현금 및 예치금_현금 및 현금성 자산,3889053232,1479214704,3410797238,13502492161,19186960232,8599778073,45079899367,27980887852,21191751579,21363802057,9797103295,12925478202,9769813731,22033706587,11392756592,7535110261,11860410249,7820924813,41463055058,31500939632,23468422330,7343523624,10544685530,12785205609,19401483312,10009800092,14051202179,16523703704,31957966624,38030058032,42219500487,76912205173,20068142380,14923180523,32438609481,37058810501,104773017155,98192414947,93358608206,58562845580,47027088814,59133133307,22001684227,54682239337,63445587498,64467806573,27226548886,25970944258,46411912611,37293448771,13623461369,42613312605,29828472823,24013386423
1341,부동산신탁,11643,코람코자산신탁,B,SM005,요약재무상태표(‘11.03월 이후),A100,Ⅰ. 현금 및 예치금_현금 및 현금성 자산_현금,0,0,0,0,0,0,0,0,0,0,0,0,0,0,0,0,0,0,0,0,0,0,0,0,0,0,0,0,0,0,0,0,0,0,0,0,0,0,0,0, ,0,0,0,0,0,0,0,0,0,0,0,0,0
1342,부동산신탁,11643,코람코자산신탁,B,SM005,요약재무상태표(‘11.03월 이후),A101,Ⅰ. 현금 및 예치금_현금 및 현금성 자산_정기예.적금,0,0,0,0,0,0,0,0,0,0,0,0,0,0,0,0,0,0,0,0,0,0,0,0,0,0,0,0,0,0,0,0,0,0,0,0,0,0,0,0, ,0,0,0,0,0,0,0,0,0,0,0,0,0
1343,부동산신탁,11643,코람코자산신탁,B,SM005,요약재무상태표(‘11.03월 이후),A102,Ⅰ. 현금 및 예치금_현금 및 현금성 자산_보통예금,109714909,162578955,71609253,3231280058,75276056,708358127,14191419,17190308,53544837,1204732457,1428218346,226518974,2194673867,1021471767,158340409,97594624,322886023,304549811,4315580880,36892594,746411051,1619686942,397519793,111839794,4124808190,527625661,4314207316,4213290822,493662226,5271608746,1041499972,30634431190,13014784778,4899152315,1072692781,26058810501,69773017155,58192414947,15358608206,41562845580,43027088814,53133133307,16001684227,49682239337,59445587498,58467806573,25226548886,22970944258,44411912611,34793448771,11123461369,41113312605,28228009789,22442650233
1344,부동산신탁,11643,코람코자산신탁,B,SM005,요약재무상태표(‘11.03월 이후),A103,Ⅰ. 현금 및 예치금_현금 및 현금성 자산_당좌예금,0,0,0,0,0,0,0,0,0,0,0,0,0,0,0,0,0,0,0,0,0,0,0,0,0,0,0,0,0,0,0,0,0,0,0,0,0,0,0,0, ,0,0,0,0,0,0,0,0,0,0,0,0,0
1345,부동산신탁,11643,코람코자산신탁,B,SM005,요약재무상태표(‘11.03월 이후),A104,Ⅰ. 현금 및 예치금_현금 및 현금성 자산_외화예금,0,0,0,0,0,0,0,0,0,0,0,0,0,0,0,0,0,0,0,0,0,0,0,0,0,0,0,0,0,0,0,0,0,0,0,0,0,0,0,0, ,0,0,0,0,0,0,0,0,0,0,0,0,0
1346,부동산신탁,11643,코람코자산신탁,B,SM005,요약재무상태표(‘11.03월 이후),A105,Ⅰ. 현금 및 예치금_현금 및 현금성 자산_양도성예금증서,0,0,0,0,0,0,0,0,0,0,0,0,0,0,0,0,0,0,0,0,0,0,0,0,0,0,0,0,0,0,0,0,0,0,0,0,0,0,0,0, ,0,0,0,0,0,0,0,0,0,0,0,0,0
1347,부동산신탁,11643,코람코자산신탁,B,SM005,요약재무상태표(‘11.03월 이후),A106,Ⅰ. 현금 및 예치금_현금 및 현금성 자산_MMDA,0,0,0,0,0,0,0,0,0,0,0,0,0,0,0,0,0,0,0,0,0,0,0,0,0,0,0,0,0,0,0,0,0,0,0,0,0,0,0,0, ,0,0,0,0,0,0,0,0,0,0,0,0,0
1348,부동산신탁,11643,코람코자산신탁,B,SM005,요약재무상태표(‘11.03월 이후),A107,Ⅰ. 현금 및 예치금_현금 및 현금성 자산_MMF,0,0,0,0,0,0,0,0,0,0,0,0,0,0,0,0,0,0,0,0,0,0,0,0,0,0,0,0,0,0,0,0,0,0,0,0,0,0,0,0, ,0,0,0,0,0,0,0,0,0,0,0,0,0
1349,부동산신탁,11643,코람코자산신탁,B,SM005,요약재무상태표(‘11.03월 이후),A108,Ⅰ. 현금 및 예치금_현금 및 현금성 자산_금융어음,0,0,0,0,0,0,0,0,0,0,0,0,0,0,0,0,0,0,0,0,0,0,0,0,0,0,0,0,0,0,0,0,0,0,0,0,0,0,0,0, ,0,0,0,0,0,0,0,0,0,0,0,0,0
1350,부동산신탁,11643,코람코자산신탁,B,SM005,요약재무상태표(‘11.03월 이후),A109,Ⅰ. 현금 및 예치금_현금 및 현금성 자산_기타,3779338323,1316635749,3339187985,10271212103,19111684176,7891419946,45065707948,27963697544,21138206742,20159069600,8368884949,12698959228,7575139864,21012234820,11234416183,7437515637,11537524226,7516375002,37147474178,31464047038,22722011279,5723836682,10147165737,12673365815,15276675122,9482174431,9736994863,12310412882,31464304398,32758449286,41178000515,46277773983,7053357602,10024028208,31365916700,11000000000,35000000000,40000000000,78000000000,17000000000,4000000000,6000000000,6000000000,5000000000,4000000000,6000000000,2000000000,3000000000,2000000000,2500000000,2500000000,1500000000,1600463034,1570736190
1351,부동산신탁,11643,코람코자산신탁,B,SM005,요약재무상태표(‘11.03월 이후),A11,Ⅰ. 현금 및 예치금_예치금,38003000000,45503000000,42503000000,34003000000,14003000000,16003000000,15203000000,18703000000,21703000000,1703000000,2693000000,3193000000,2693000000,10493000000,10003000000,5003000000,5003000000,3000000,3000000,3000000,3000000,2003000000,3000000,3000000,3000000,3000000,3000000,3000000,3000000,3000000,3000000,3000000,3000000,3000000,3000000,3000000,3000000,3000000,40003000000,3000000,3000000,3000000,60003000000,80003000000,51503000000,51503000000,100003000000,81971158611,41963837222,51956515833,51949194444,14941873055,41941271666,43926844336
1352,부동산신탁,11643,코람코자산신탁,B,SM005,요약재무상태표(‘11.03월 이후),A110,Ⅰ. 현금 및 예치금_예치금_장기성예금,38000000000,45500000000,42500000000,34000000000,14000000000,16000000000,15200000000,18700000000,21700000000,1700000000,2690000000,3190000000,2690000000,10490000000,10000000000,5000000000,5000000000,0, ,0,0,2000000000,0,0,0,0,0,0,0,0,0,0,0,0,0,0,0,0,40000000000,0, ,0,60000000000,80000000000,51500000000,51500000000,100000000000,81968158611,41960837222,51953515833,51946194444,14938873055,41938271666,43923844336
1353,부동산신탁,11643,코람코자산신탁,B,SM005,요약재무상태표(‘11.03월 이후),A111,Ⅰ. 현금 및 예치금_예치금_특정예금 등,0,3000000,3000000,3000000,3000000,3000000,3000000,3000000,3000000,3000000,3000000,3000000,3000000,3000000,3000000,3000000,3000000,3000000,3000000,3000000,3000000,3000000,3000000,3000000,3000000,3000000,3000000,3000000,3000000,3000000,3000000,3000000,3000000,3000000,3000000,3000000,3000000,3000000,3000000,3000000,3000000,3000000,3000000,3000000,3000000,3000000,3000000,3000000,3000000,3000000,3000000,3000000,3000000,3000000
1354,부동산신탁,11643,코람코자산신탁,B,SM005,요약재무상태표(‘11.03월 이후),A112,Ⅰ. 현금 및 예치금_예치금_신탁공탁금,0,0,0,0,0,0,0,0,0,0,0,0,0,0,0,0,0,0,0,0,0,0,0,0,0,0,0,0,0,0,0,0,0,0,0,0,0,0,0,0, ,0,0,0,0,0,0,0,0,0,0,0,0,0
1355,부동산신탁,11643,코람코자산신탁,B,SM005,요약재무상태표(‘11.03월 이후),A113,Ⅰ. 현금 및 예치금_예치금_기타,3000000,0,0,0,0,0,0,0,0,0,0,0,0,0,0,0,0,0,0,0,0,0,0,0,0,0,0,0,0,0,0,0,0,0,0,0,0,0,0,0,0,0,0,0,0,0,0,0,0,0,0,0,0,0
1356,부동산신탁,11643,코람코자산신탁,B,SM005,요약재무상태표(‘11.03월 이후),A2,Ⅱ. 증권,18183405347,19244587893,19717355734,19425591508,20403527854,20410748948,24427948103,26352278730,36537862573,46512137573,46784310453,47275755453,53715417108,54270337108,55665587108,55312432108,55760882108,56881622109,66292407108,69297732108,77348822108,86410422108,88008997521,85566100515,84955555607,88461731092,89953176077,90581406051,93815163623,82070725748,83921183294,82952900481,85038098131,87401600120,98615421128,98424713709,131553191857,131895017406,143784421382,141219853843,234525459153,230529740695,241653025119,157028671644,190161222669,188283153808,182938632003,183136653225,188355152065,190352913941,219844338694,246967075845,248714528936,254814600173
1357,부동산신탁,11643,코람코자산신탁,B,SM005,요약재무상태표(‘11.03월 이후),A20,Ⅱ. 증권_당기손익-공정가치측정증권,0,0,0,0,0,0,0,0,0,0,0,0,0,0,0,0,0,0,0,0,0,0,0,0,0,0,0,80581406051,83815163623,72070725748,73921183294,72952900481,75038098131,77401600120,88615421128,88424713709,121553191857,121895017406,133784421382,131219853843,222525459153,216658957151,225107689982,140474113200,170853832208,168059262937,165296761785,165649358919,170937216044,173385831955,203314823274,230435844180,232676854241,238827365367
1358,부동산신탁,11643,코람코자산신탁,B,SM005,요약재무상태표(‘11.03월 이후),A200,Ⅱ. 증권_당기손익-공정가치측정증권_주식,0,0,0,0,0,0,0,0,0,0,0,0,0,0,0,0,0,0,0,0,0,0,0,0,0,0,0,0,0,56852681359,57094135177,0,58080111327,60070840827,71404935543,72273777843,105648627843,105938860884,112763585423,109918786406,202110657353,196037980928,210949898726,125445334296,155964300356,153051652146,149668832036,150052960978,155285626723,157408002422,187796648844,206427054221,207592463806,210832899940
1359,부동산신탁,11643,코람코자산신탁,B,SM005,요약재무상태표(‘11.03월 이후),A201,Ⅱ. 증권_당기손익-공정가치측정증권_국채·지방채,0,0,0,0,0,0,0,0,0,0,0,0,0,0,0,0,0,0,0,0,0,0,0,0,0,0,0,0,0,0,0,0,0,0,0,0,0,0,0,0, ,0,0,0,0,0,0,0,0,0,0,0,0,0
1360,부동산신탁,11643,코람코자산신탁,B,SM005,요약재무상태표(‘11.03월 이후),A202,Ⅱ. 증권_당기손익-공정가치측정증권_특수채,0,0,0,0,0,0,0,0,0,0,0,0,0,0,0,0,0,0,0,0,0,0,0,0,0,0,0,0,0,0,0,0,0,0,0,0,0,0,0,0, ,0,0,0,0,0,0,0,0,0,0,0,0,0
1361,부동산신탁,11643,코람코자산신탁,B,SM005,요약재무상태표(‘11.03월 이후),A203,Ⅱ. 증권_당기손익-공정가치측정증권_회사채,0,0,0,0,0,0,0,0,0,0,0,0,0,0,0,0,0,0,0,0,0,0,0,0,0,0,0,0,0,0,0,0,0,0,0,0,0,0,0,0, ,0,0,0,0,0,0,0,0,0,0,0,0,0
1362,부동산신탁,11643,코람코자산신탁,B,SM005,요약재무상태표(‘11.03월 이후),A204,Ⅱ. 증권_당기손익-공정가치측정증권_집합투자증권,0,0,0,0,0,0,0,0,0,0,0,0,0,0,0,0,0,0,0,0,0,0,0,0,0,0,0,0,0,15218044389,16827048117,72952900481,16957986804,17330759293,17210485585,16150935866,15904564014,15956156522,21020835959,21301067437,20414801800,20620976223,14157791256,15028778904,14889531852,15007610791,15627929749,15596397941,15651589321,15977829533,15518174430,24008789959,25084390435,27994465427
1363,부동산신탁,11643,코람코자산신탁,B,SM005,요약재무상태표(‘11.03월 이후),A205,Ⅱ. 증권_당기손익-공정가치측정증권_기업어음증권,0,0,0,0,0,0,0,0,0,0,0,0,0,0,0,0,0,0,0,0,0,0,0,0,0,0,0,0,0,0,0,0,0,0,0,0,0,0,0,0, ,0,0,0,0,0,0,0,0,0,0,0,0,0
1364,부동산신탁,11643,코람코자산신탁,B,SM005,요약재무상태표(‘11.03월 이후),A206,Ⅱ. 증권_당기손익-공정가치측정증권_외화증권,0,0,0,0,0,0,0,0,0,0,0,0,0,0,0,0,0,0,0,0,0,0,0,0,0,0,0,0,0,0,0,0,0,0,0,0,0,0,0,0,0,0,0,0,0,0,0,0,0,0,0,0,0,0
1365,부동산신탁,11643,코람코자산신탁,B,SM005,요약재무상태표(‘11.03월 이후),A207,Ⅱ. 증권_당기손익-공정가치측정증권_기타,0,0,0,0,0,0,0,0,0,0,0,0,0,0,0,0,0,0,0,0,0,0,0,0,0,0,0,80581406051,83815163623,0,0,0,0,0,0,0,0,0,0,0,0,0,0,0,0,0,0,0,0,0,0,0,0,0
1366,부동산신탁,11643,코람코자산신탁,B,SM005,요약재무상태표(‘11.03월 이후),A21,Ⅱ. 증권_기타포괄손익-공정가치측정증권,7193529700,8631529700,9101083370,9393348370,10371093370,10378118370,14395118730,16352278730,26537862573,36512137573,36784310453,37275755453,43715417108,44270337108,45665587108,45312432108,45760882108,46881622109,56292407108,59297732108,67348822108,76410422108,78008997521,75566100515,74955555607,78461731092,79953176077,0,0,0,0,0,0,0,0,0,0,0,0,0,0,0,0,0,0,0,0,0,0,0,0,0,0,0
1367,부동산신탁,11643,코람코자산신탁,B,SM005,요약재무상태표(‘11.03월 이후),A210,Ⅱ. 증권_기타포괄손익-공정가치측정증권_주식,7193529700,8631529700,9101083370,9393348370,10371093370,10378118370,14395118730,16319278730,26537862573,36512137573,36784310453,37275755453,43715417108,44270337108,45665587108,43789217108,44230317108,45360317108,54761317108,54761317108,62761317108,66736317108,64218505015,61827896738,62199569238,64455692738,65953082152,0,0,0,0,0,0,0,0,0,0,0,0,0, ,0,0,0,0,0,0,0,0,0,0,0,0,0
1368,부동산신탁,11643,코람코자산신탁,B,SM005,요약재무상태표(‘11.03월 이후),A211,Ⅱ. 증권_기타포괄손익-공정가치측정증권_국채·지방채,0,0,0,0,0,0,0,33000000,0,0,0,0,0,0,0,0,0,0,0,0,0,0,0,0,0,0,0,0,0,0,0,0,0,0,0,0,0,0,0,0, ,0,0,0,0,0,0,0,0,0,0,0,0,0
1369,부동산신탁,11643,코람코자산신탁,B,SM005,요약재무상태표(‘11.03월 이후),A212,Ⅱ. 증권_기타포괄손익-공정가치측정증권_특수채,0,0,0,0,0,0,0,0,0,0,0,0,0,0,0,0,0,0,0,0,0,0,0,0,0,0,0,0,0,0,0,0,0,0,0,0,0,0,0,0, ,0,0,0,0,0,0,0,0,0,0,0,0,0
1370,부동산신탁,11643,코람코자산신탁,B,SM005,요약재무상태표(‘11.03월 이후),A213,Ⅱ. 증권_기타포괄손익-공정가치측정증권_회사채,0,0,0,0,0,0,0,0,0,0,0,0,0,0,0,0,0,0,0,0,0,0,0,0,0,0,0,0,0,0,0,0,0,0,0,0,0,0,0,0, ,0,0,0,0,0,0,0,0,0,0,0,0,0
1371,부동산신탁,11643,코람코자산신탁,B,SM005,요약재무상태표(‘11.03월 이후),A214,Ⅱ. 증권_기타포괄손익-공정가치측정증권_집합투자증권,0,0,0,0,0,0,0,0,0,0,0,0,0,0,0,1523215000,1530565000,1521305001,1531090000,4536415000,4587505000,9674105000,13790492506,13738203777,12755986369,14006038354,14000093925,0,0,0,0,0,0,0,0,0,0,0,0,0,0,0,0,0,0,0,0,0,0,0,0,0,0,0
1372,부동산신탁,11643,코람코자산신탁,B,SM005,요약재무상태표(‘11.03월 이후),A215,Ⅱ. 증권_기타포괄손익-공정가치측정증권_기업어음증권,0,0,0,0,0,0,0,0,0,0,0,0,0,0,0,0,0,0,0,0,0,0,0,0,0,0,0,0,0,0,0,0,0,0,0,0,0,0,0,0, ,0,0,0,0,0,0,0,0,0,0,0,0,0
1373,부동산신탁,11643,코람코자산신탁,B,SM005,요약재무상태표(‘11.03월 이후),A216,Ⅱ. 증권_기타포괄손익-공정가치측정증권_외화증권,0,0,0,0,0,0,0,0,0,0,0,0,0,0,0,0,0,0,0,0,0,0,0,0,0,0,0,0,0,0,0,0,0,0,0,0,0,0,0,0,0,0,0,0,0,0,0,0,0,0,0,0,0,0
1374,부동산신탁,11643,코람코자산신탁,B,SM005,요약재무상태표(‘11.03월 이후),A217,Ⅱ. 증권_기타포괄손익-공정가치측정증권_기타,0,0,0,0,0,0,0,0,0,0,0,0,0,0,0,0,0,0,0,0,0,0,0,0,0,0,0,0,0,0,0,0,0,0,0,0,0,0,0,0,0,0,0,0,0,0,0,0,0,0,0,0,0,0
1375,부동산신탁,11643,코람코자산신탁,B,SM005,요약재무상태표(‘11.03월 이후),A22,Ⅱ. 증권_상각후원가측정증권,989875647,613058193,616272364,32243138,32434484,32630578,32829373,0,0,0,0,0,0,0,0,0,0,0,0,0,0,0,0,0,0,0,0,0,0,0,0,0,0,0,0,0,0,0,0,0,0,0,0,0,0,0,0,0,0,0,0,0,0,0
1376,부동산신탁,11643,코람코자산신탁,B,SM005,요약재무상태표(‘11.03월 이후),A220,Ⅱ. 증권_상각후원가측정증권_국채·지방채,989875647,613058193,616272364,32243138,32434484,32630578,32829373,0,0,0,0,0,0,0,0,0,0,0,0,0,0,0,0,0,0,0,0,0,0,0,0,0,0,0,0,0,0,0,0,0, ,0,0,0,0,0,0,0,0,0,0,0,0,0
1377,부동산신탁,11643,코람코자산신탁,B,SM005,요약재무상태표(‘11.03월 이후),A221,Ⅱ. 증권_상각후원가측정증권_특수채,0,0,0,0,0,0,0,0,0,0,0,0,0,0,0,0,0,0,0,0,0,0,0,0,0,0,0,0,0,0,0,0,0,0,0,0,0,0,0,0, ,0,0,0,0,0,0,0,0,0,0,0,0,0
1378,부동산신탁,11643,코람코자산신탁,B,SM005,요약재무상태표(‘11.03월 이후),A222,Ⅱ. 증권_상각후원가측정증권_회사채,0,0,0,0,0,0,0,0,0,0,0,0,0,0,0,0,0,0,0,0,0,0,0,0,0,0,0,0,0,0,0,0,0,0,0,0,0,0,0,0, ,0,0,0,0,0,0,0,0,0,0,0,0,0
1379,부동산신탁,11643,코람코자산신탁,B,SM005,요약재무상태표(‘11.03월 이후),A223,Ⅱ. 증권_상각후원가측정증권_기타,0,0,0,0,0,0,0,0,0,0,0,0,0,0,0,0,0,0,0,0,0,0,0,0,0,0,0,0,0,0,0,0,0,0,0,0,0,0,0,0, ,0,0,0,0,0,0,0,0,0,0,0,0,0
1380,부동산신탁,11643,코람코자산신탁,B,SM005,요약재무상태표(‘11.03월 이후),A23,Ⅱ. 증권_관계회사투자지분,10000000000,10000000000,10000000000,10000000000,10000000000,10000000000,10000000000,10000000000,10000000000,10000000000,10000000000,10000000000,10000000000,10000000000,10000000000,10000000000,10000000000,10000000000,10000000000,10000000000,10000000000,10000000000,10000000000,10000000000,10000000000,10000000000,10000000000,10000000000,10000000000,10000000000,10000000000,10000000000,10000000000,10000000000,10000000000,10000000000,10000000000,10000000000,10000000000,10000000000,12000000000,13870783544,16545335137,16554558444,19307390461,20223890871,17641870218,17487294306,17417936021,16967081986,16529515420,16531231665,16037674695,15987234806
1381,부동산신탁,11643,코람코자산신탁,B,SM005,요약재무상태표(‘11.03월 이후),A230,Ⅱ. 증권_관계회사투자지분_연결대상회사 투자지분,10000000000,10000000000,10000000000,10000000000,10000000000,10000000000,10000000000,10000000000,10000000000,10000000000,10000000000,10000000000,10000000000,10000000000,10000000000,10000000000,10000000000,10000000000,10000000000,10000000000,10000000000,10000000000,10000000000,10000000000,10000000000,10000000000,10000000000,10000000000,10000000000,10000000000,10000000000,10000000000,10000000000,10000000000,10000000000,10000000000,10000000000,10000000000,10000000000,10000000000,12000000000,12000000000,12000000000,12000000000,13000000000,13000000000,12600000000,12600000000,12600000000,12134990159,12134990159,12134990159,11742658561,11742658561
1382,부동산신탁,11643,코람코자산신탁,B,SM005,요약재무상태표(‘11.03월 이후),A231,Ⅱ. 증권_관계회사투자지분_비연결대상회사 투자지분,0,0,0,0,0,0,0,0,0,0,0,0,0,0,0,0,0,0,0,0,0,0,0,0,0,0,0,0,0,0,0,0,0,0,0,0,0,0,0,0,0,1870783544,4545335137,4554558444,6307390461,7223890871,5041870218,4887294306,4817936021,4832091827,4394525261,4396241506,4295016134,4244576245
1383,부동산신탁,11643,코람코자산신탁,B,SM005,요약재무상태표(‘11.03월 이후),A24,Ⅱ. 증권_파생결합증권,0,0,0,0,0,0,0,0,0,0,0,0,0,0,0,0,0,0,0,0,0,0,0,0,0,0,0,0,0,0,0,0,0,0,0,0,0,0,0,0,0,0,0,0,0,0,0,0,0,0,0,0,0,0
1384,부동산신탁,11643,코람코자산신탁,B,SM005,요약재무상태표(‘11.03월 이후),A25,Ⅱ. 증권_대손충당금(-), , , , , , , , , , , , , , , , , , , , , , , , , , , ,0,0,0,0,0,0,0,0,0,0,0,0,0,0,0,0,0,0,0,0,0,0,0,0,0,0,0
1385,부동산신탁,11643,코람코자산신탁,B,SM005,요약재무상태표(‘11.03월 이후),A3,Ⅲ. 파생상품자산,0,0,0,0,0,0,0,0,0,0,0,0,0,0,0,0,0,0,0,0,0,0,0,0,0,0,0,0,0,0,0,0,0,0,0,0,0,0,0,0,0,0,0,0,0,0,0,0,0,0,0,0,0,0
1386,부동산신탁,11643,코람코자산신탁,B,SM005,요약재무상태표(‘11.03월 이후),A30,Ⅲ. 파생상품자산_이자율관련,0,0,0,0,0,0,0,0,0,0,0,0,0,0,0,0,0,0,0,0,0,0,0,0,0,0,0,0,0,0,0,0,0,0,0,0,0,0,0,0,0,0,0,0,0,0,0,0,0,0,0,0,0,0
1387,부동산신탁,11643,코람코자산신탁,B,SM005,요약재무상태표(‘11.03월 이후),A31,Ⅲ. 파생상품자산_통화관련,0,0,0,0,0,0,0,0,0,0,0,0,0,0,0,0,0,0,0,0,0,0,0,0,0,0,0,0,0,0,0,0,0,0,0,0,0,0,0,0,0,0,0,0,0,0,0,0,0,0,0,0,0,0
1388,부동산신탁,11643,코람코자산신탁,B,SM005,요약재무상태표(‘11.03월 이후),A32,Ⅲ. 파생상품자산_주식관련,0,0,0,0,0,0,0,0,0,0,0,0,0,0,0,0,0,0,0,0,0,0,0,0,0,0,0,0,0,0,0,0,0,0,0,0,0,0,0,0,0,0,0,0,0,0,0,0,0,0,0,0,0,0
1389,부동산신탁,11643,코람코자산신탁,B,SM005,요약재무상태표(‘11.03월 이후),A33,Ⅲ. 파생상품자산_신용관련,0,0,0,0,0,0,0,0,0,0,0,0,0,0,0,0,0,0,0,0,0,0,0,0,0,0,0,0,0,0,0,0,0,0,0,0,0,0,0,0,0,0,0,0,0,0,0,0,0,0,0,0,0,0
1390,부동산신탁,11643,코람코자산신탁,B,SM005,요약재무상태표(‘11.03월 이후),A34,Ⅲ. 파생상품자산_상품관련,0,0,0,0,0,0,0,0,0,0,0,0,0,0,0,0,0,0,0,0,0,0,0,0,0,0,0,0,0,0,0,0,0,0,0,0,0,0,0,0,0,0,0,0,0,0,0,0,0,0,0,0,0,0
1391,부동산신탁,11643,코람코자산신탁,B,SM005,요약재무상태표(‘11.03월 이후),A35,Ⅲ. 파생상품자산_기타파생상품자산,0,0,0,0,0,0,0,0,0,0,0,0,0,0,0,0,0,0,0,0,0,0,0,0,0,0,0,0,0,0,0,0,0,0,0,0,0,0,0,0, ,0,0,0,0,0,0,0,0,0,0,0,0,0
1392,부동산신탁,11643,코람코자산신탁,B,SM005,요약재무상태표(‘11.03월 이후),A36,Ⅲ. 파생상품자산_파생상품Ⅲ. 파생상품자산_신용위험평가조정액,0,0,0,0,0,0,0,0,0,0,0,0,0,0,0,0,0,0,0,0,0,0,0,0,0,0,0,0,0,0,0,0,0,0,0,0,0,0,0,0, ,0,0,0,0,0,0,0,0,0,0,0,0,0
1393,부동산신탁,11643,코람코자산신탁,B,SM005,요약재무상태표(‘11.03월 이후),A37,Ⅲ. 파생상품자산_파생상품Ⅲ. 파생상품자산_거래일손익인식평가조정액,0,0,0,0,0,0,0,0,0,0,0,0,0,0,0,0,0,0,0,0,0,0,0,0,0,0,0,0,0,0,0,0,0,0,0,0,0,0,0,0, ,0,0,0,0,0,0,0,0,0,0,0,0,0
1394,부동산신탁,11643,코람코자산신탁,B,SM005,요약재무상태표(‘11.03월 이후),A4,Ⅳ. 대출채권,8961162902,3707840815,11711625574,18463688490,32140145282,43405266479,22914516392,27540219260,44588854094,54713742494,81940108181,74123226723,81084860590,41184002235,57926544479,70116962833,78135327911,121695850132,85291942534,101075132640,109048598640,133551244875,167430399375,184596728300,218208015300,253950058467,264401979870,232535956393,286060542496,326106403048,368460711947,399231424823,401383155274,455940167854,368196470162,411308092675,368231305604,346992210813,303514236438,291716782197,236155098910,282775078694,251102471286,227953070977,216936038062,199959674908,204856404341,203768803645,205689920023,208331214265,217296070932,210427037403,196903349758,185502071513
1395,부동산신탁,11643,코람코자산신탁,B,SM005,요약재무상태표(‘11.03월 이후),A40,Ⅳ. 대출채권_(현재가치할인차금)(-),0,0,0,0,0,0,0,0,0,0,0,0,0,0,0,0,0,0,0,0,0,0,0,0,0,0,0,0,0,0,0,0,0,0,0,0,0,0,0,0, ,0,0,0,0,0,0,0,0,0,0,0,0,0
1396,부동산신탁,11643,코람코자산신탁,B,SM005,요약재무상태표(‘11.03월 이후),A41,Ⅳ. 대출채권_(현재가치할증차금)(+),0,0,0,0,0,0,0,0,0,0,0,0,0,0,0,0,0,0,0,0,0,0,0,0,0,0,0,0,0,0,0,0,0,0,0,0,0,0,0,0, ,0,0,0,0,0,0,0,0,0,0,0,0,0
1397,부동산신탁,11643,코람코자산신탁,B,SM005,요약재무상태표(‘11.03월 이후),A42,Ⅳ. 대출채권_(이연대출부대손익),0,0,0,0,0,0,0,0,0,0,0,0,0,0,0,0,0,0,0,0,0,0,0,0,0,0,0,0,0,0,0,0,0,0,0,0,0,0,0,0, ,0,0,0,0,0,0,0,0,0,0,0,0,0
1398,부동산신탁,11643,코람코자산신탁,B,SM005,요약재무상태표(‘11.03월 이후),A43,Ⅳ. 대출채권_대여금,1722578000,1939940815,2310836850,2344861850,2312861850,2270361850,2428661850,2534661850,7614661850,2658161850,2753161850,2699161850,2849911850,2473411850,2530161850,2520911850,2447161851,2427911850,2168161850,2161411850,2268161850,2368911850,2413499850,2319299850,2348275850,2872070517,3313890518,3350890519,3406390520,3433890521,2974525339,4371840407,5130322176,5745662745,6343983830,6871057383,7191926236,4028075152,4861758023,6272429767,11621674838,12374323081,14633218015,14529755773,20241106174,22014309415,31046429416,31886661897,32351985308,32804797131,33749019676,34257824038,34339436502,30490132398
1399,부동산신탁,11643,코람코자산신탁,B,SM005,요약재무상태표(‘11.03월 이후),A44,Ⅳ. 대출채권_대지급금,0,0,0,0,0,0,0,0,0,0,0,0,0,0,0,0,0,0,0,0,0,0,0,0,0,0,0,0,0,0,0,0,0,0,0,0,0,0,0,0,0,0,0,0,0,0,0,0,0,0,0,0,0,0
1400,부동산신탁,11643,코람코자산신탁,B,SM005,요약재무상태표(‘11.03월 이후),A45,Ⅳ. 대출채권_신탁계정대,7238584902,1767900000,9400788724,16118826640,29827283432,41134904629,20485854542,25005557410,36974192244,52055580644,79880858181,72117976723,78978110590,39404502235,56090294479,68289962833,76382077910,119961850132,87383398850,104210846200,112107246200,137719061974,173529061974,192370564000,227672664000,266100414000,276316809295,240965982477,299988361016,348252125491,418943416686,450912137372,463778305560,527874655784,464529561423,509697264384,464419301376,453265454417,419638560554,427045508487,386568859590,448839703436,424565333957,410759068391,404059475967,385249127934,382320729648,381795727056,383609346218,385701941764,393812510522,386613779500,373842858956,378953525560
1401,부동산신탁,11643,코람코자산신탁,B,SM005,요약재무상태표(‘11.03월 이후),A46,Ⅳ. 대출채권_기타 대출채권,0,0,0,0,0,0,0,0,0,0,0,0,0,0,0,0,0,0,0,0,0,0,0,0,0,0,0,0,0,0,0,0,0,0,0,0,0,0,0,0,0,0,0,0,0,0,0,0,0,0,0,0,0,0
1402,부동산신탁,11643,코람코자산신탁,B,SM005,요약재무상태표(‘11.03월 이후),A47,Ⅳ. 대출채권_대손충당금(-),0,0,0,0,0,0,0,0,0,0,693911850,693911850,743161850,693911850,693911850,693911850,693911850,693911850,4259618166,5297125410,5326809410,6536728949,8512162449,10093135550,11812924550,15022426050,15228719943,11780916603,17334209040,25579612964,53457230078,56052552956,67525472462,77680150675,102677075091,105260229092,103379922008,110301318756,120986082139,141601156057,162035435518,178438947823,188096080686,197335753187,207364544079,207303762441,208510754723,209913585308,210271411503,210175524630,210265459266,210444566135,211278945700,223941586445
1403,부동산신탁,11643,코람코자산신탁,B,SM005,요약재무상태표(‘11.03월 이후),A470,Ⅳ. 대출채권_대손충당금(-)_대여금대손충당금,0,0,0,0,0,0,0,0,0,0,693911850,693911850,743161850,693911850,693911850,693911850,693911850,693911850,693911850,693911850,693911850,693911850,693911850,693911850,693911850,693911850,693911850,693911850,693911850,693911850,0,0,0,0,0,0,0,584338153,616852838,1162255023,1702875006,2494733478,2958461471,3241076986,3684077328,3713917375,2918368585,3750192759,4089425722,4089425722,4089425722,3701265399,3706294708,2892430130
1404,부동산신탁,11643,코람코자산신탁,B,SM005,요약재무상태표(‘11.03월 이후),A471,Ⅳ. 대출채권_대손충당금(-)_대지급금대손충당금,0,0,0,0,0,0,0,0,0,0,0,0,0,0,0,0,0,0,0,0,0,0,0,0,0,0,0,0,0,0,0,0,0,0,0,0,0,0,0,0, ,0,0,0,0,0,0,0,0,0,0,0,0,0
1405,부동산신탁,11643,코람코자산신탁,B,SM005,요약재무상태표(‘11.03월 이후),A472,Ⅳ. 대출채권_대손충당금(-)_신탁계정대 대손충당금,0,0,0,0,0,0,0,0,0,0,0,0,0,0,0,0,0,0,3565706316,4603213560,4632897560,5842817099,7818250599,9399223700,11119012700,14328514200,14534808093,11087004753,16640297190,24885701114,53457230078,56052552956,67525472462,77680150675,102677075091,105260229092,103379922008,109716980603,120369229301,140438901034,160332560512,175944214345,185137619215,194094676201,203680466751,203589845066,205592386138,206163392549,206181985781,206086098908,206176033544,206743300736,207572650992,221049156315
1406,부동산신탁,11643,코람코자산신탁,B,SM005,요약재무상태표(‘11.03월 이후),A473,Ⅳ. 대출채권_대손충당금(-)_기타 대손충당금,0,0,0,0,0,0,0,0,0,0,0,0,0,0,0,0,0,0,0,0,0,0,0,0,0,0,0,0,0,0,0,0,0,0,0,0,0,0,0,0,0,0,0,0,0,0,0,0,0,0,0,0,0,0
1407,부동산신탁,11643,코람코자산신탁,B,SM005,요약재무상태표(‘11.03월 이후),A5,Ⅴ. 유형자산,747622972,673995232,619486827,546974676,512253271,442969173,393975061,348132762,357295859,2168818951,2355506173,2412205421,2357568828,2209024663,2083748593,1939998303,1867704034,1744997353,1629021922,1497828767,3177005973,3043262010,2883538431,2723004158,2527101307,2364160567,2218996247,2200051072,1964510273,1859331051,2210242952,10678891624,10387114552,9726672519,10529934278,9875367745,9272703862,8601841362,9389459807,8562286278,7302123699,6588034690,6663263687,6364056731,5711430093,5224300693,4387786437,4036781595,3215547081,2340465814,23150226565,21849756487,20518182096,19184149436
1408,부동산신탁,11643,코람코자산신탁,B,SM005,요약재무상태표(‘11.03월 이후),A50,유형자산_(손상차손누계액),0,0,0,0,0,0,0,0,0,0,0,0,0,0,0,0,0,0,0,0,0,0,0,0,0,0,0,0,0,0,0,0,0,0,0,0,0,0,0,0, ,0,0,0,0,0,0,0,0,0,0,0,0,0
1409,부동산신탁,11643,코람코자산신탁,B,SM005,요약재무상태표(‘11.03월 이후),A51,유형자산__토지,0,0,0,0,0,0,0,0,0,0,0,0,0,0,0,0,0,0,0,0,0,0,0,0,0,0,0,0,0,0,0,0,0,0,0,0,0,0,0,0, ,0,0,0,0,0,0,0,0,0,0,0,0,0
1410,부동산신탁,11643,코람코자산신탁,B,SM005,요약재무상태표(‘11.03월 이후),A52,유형자산_건물,0,0,0,0,0,0,0,0,0,0,0,0,0,0,0,0,0,0,0,0,0,0,0,0,0,0,0,0,0,0,0,0,0,0,0,0,0,0,0,0, ,0,0,0,0,0,0,0,0,0,0,0,0,0
1411,부동산신탁,11643,코람코자산신탁,B,SM005,요약재무상태표(‘11.03월 이후),A53,유형자산_구축물,0,0,0,0,0,0,0,0,0,0,0,0,0,0,0,0,0,0,0,0,0,0,0,0,0,0,0,0,0,0,0,0,0,0,0,0,0,0,0,0, ,0,0,0,0,0,0,0,0,0,0,0,0,0
1412,부동산신탁,11643,코람코자산신탁,B,SM005,요약재무상태표(‘11.03월 이후),A54,유형자산_차량운반구,181941279,181941279,181941279,181941279,181941279,181941279,181941279,181941279,181941279,181941279,181941279,213732313,213732313,213732313,213732313,213732313,213732313,213732313,213732313,213732313,213732313,213732313,213732313,213732313,213732313,213732313,213732313,398016898,184284585,184284585,184284585,184284585,184284585,0,0,0,0,0,0,0, ,0,0,0,0,0,0,0,0,0,0,0,0,0
1413,부동산신탁,11643,코람코자산신탁,B,SM005,요약재무상태표(‘11.03월 이후),A55,유형자산_비품,2191950920,2191950920,2212150920,2213380920,2250984011,2252756647,2273506647,2293296647,2271776047,4182034956,3453291710,3476506710,3573083710,3503356619,3154705446,3154705446,3227280646,3212014101,3242635101,3259221101,4366142444,4434582444,4444603144,4492888144,4484509690,4532131690,4600256590,4609974490,4622405126,4311959482,4836501488,4855494808,5029354808,4557584013,4246762622,4269895622,4323885622,4412951887,4606444887,4652593087,4640420682,4730227282,5291547066,5487771819,5510626343,5589283980,5623549980,6111928889,6215848889,6246932889,6313710169,6328110169,6244362988,6261367988
1414,부동산신탁,11643,코람코자산신탁,B,SM005,요약재무상태표(‘11.03월 이후),A56,유형자산_건설중인자산,0,0,0,0,0,0,0,0,0,0,0,0,0,0,0,0,0,0,0,0,0,0,0,0,0,0,0,0,0,0,0,0,0,0,0,0,0,0,0,0, ,0,0,0,0,0,0,0,0,0,0,0,0,0
1415,부동산신탁,11643,코람코자산신탁,B,SM005,요약재무상태표(‘11.03월 이후),A57,유형자산_운용리스자산(종금계정),0,0,0,0,0,0,0,0,0,0,0,0,0,0,0,0,0,0,0,0,0,0,0,0,0,0,0,0,0,0,0,0,0,0,0,0,0,0,0,0, ,0,0,0,0,0,0,0,0,0,0,0,0,0
1416,부동산신탁,11643,코람코자산신탁,B,SM005,요약재무상태표(‘11.03월 이후),A58,유형자산_선급리스자산(종금계정),0,0,0,0,0,0,0,0,0,0,0,0,0,0,0,0,0,0,0,0,0,0,0,0,0,0,0,0,0,0,0,0,0,0,0,0,0,0,0,0, ,0,0,0,0,0,0,0,0,0,0,0,0,0
1417,부동산신탁,11643,코람코자산신탁,B,SM005,요약재무상태표(‘11.03월 이후),A59,유형자산_기타,0,0,0,0,0,0,0,0,0,0,0,0,0,0,0,0,0,0,0,0,0,0,0,0,0,0,0,0,0,0,0,9108454397,9327584945,9954764855,11404563174,11505168305,11547102179,11577817574,12958265414,13011754521,12140379117,12140379117,12474351978,12629122067,12701043950,12827726638,12881014632,12978490524,12950021970,12978184712,23438721798,23430182525,23430182525,23380581315
1418,부동산신탁,11643,코람코자산신탁,B,SM005,요약재무상태표(‘11.03월 이후),A5A,유형자산_감가상각누계액(-),1626269227,1699896967,1774605372,1848347523,1920672019,1991728753,2061472865,2127105164,2096421467,2195157284,1279726816,1278033602,1429247195,1508064269,1284689166,1428439456,1573308925,1680749061,1827345492,1975124647,1402868784,1605052747,1774797026,1983616299,2171140696,2381703436,2594992656,2807940316,2842179438,2636913016,2810543121,3469342166,4154109786,4785676349,5121391518,5899696182,6598283939,7388928099,8175250494,9102061330,9478676100,10282571709,11102635357,11752837155,12500240200,13192709925,14116778175,15053637818,15950323778,16884651787,6602205402,7908536207,9156363417,10457799867
1419,부동산신탁,11643,코람코자산신탁,B,SM005,요약재무상태표(‘11.03월 이후),A5A0,유형자산__감가상각누계액(-)_건물,0,0,0,0,0,0,0,0,0,0,0,0,0,0,0,0,0,0,0,0,0,0,0,0,0,0,0,0,0,0,0,0,0,0,0,0,0,0,0,0, ,0,0,0,0,0,0,0,0,0,0,0,0,0
1420,부동산신탁,11643,코람코자산신탁,B,SM005,요약재무상태표(‘11.03월 이후),A5A1,유형자산_감가상각누계액(-)_구축물,0,0,0,0,0,0,0,0,0,0,0,0,0,0,0,0,0,0,0,0,0,0,0,0,0,0,0,0,0,0,0,0,0,0,0,0,0,0,0,0, ,0,0,0,0,0,0,0,0,0,0,0,0,0
1421,부동산신탁,11643,코람코자산신탁,B,SM005,요약재무상태표(‘11.03월 이후),A5A2,유형자산_감가상각누계액(-)_차량운반구,51550035,60647099,69744157,78841222,87938286,97035351,106132416,115229481,124326544,133423609,142520673,3562205,14248821,24935436,35622052,46308668,56995283,67681899,78368515,89055130,99741746,110428362,121114977,131801593,142488209,153174824,163861440,177619465,12285639,21499868,30714097,39928327,49142556,0,0,0,0,0,0,0, ,0,0,0,0,0,0,0,0,0,0,0,0,0
1422,부동산신탁,11643,코람코자산신탁,B,SM005,요약재무상태표(‘11.03월 이후),A5A3,유형자산_감가상각누계액(-)_비품,1574719192,1639249868,1704861215,1769506301,1832733733,1894693402,1955340449,2011875683,1972094923,2061733675,1137206143,1274471397,1414998374,1483128833,1249067114,1382130788,1516313642,1613067162,1748976977,1886069517,1303127038,1494624385,1653682049,1851814706,2028652487,2228528612,2431131216,2630320851,2829893799,2615413148,2779829024,2926631370,3091772763,3133167183,2798833796,2950440764,3104306274,3259970880,3419065764,3584901156,3676076649,3764685003,3866762258,3982791899,4041718226,4170101448,4298875554,4436000390,4591715239,4746975728,4880195829,5014329540,5042491162,5165596380
1423,부동산신탁,11643,코람코자산신탁,B,SM005,요약재무상태표(‘11.03월 이후),A5A4,유형자산_감가상각누계액(-)_기타,0,0,0,0,0,0,0,0,0,0,0,0,0,0,0,0,0,0,0,0,0,0,0,0,0,0,0,0,0,0,0,502782469,1013194467,1652509166,2322557722,2949255418,3493977665,4128957219,4756184730,5517160174,5802599451,6517886706,7235873099,7770045256,8458521974,9022608477,9817902621,10617637428,11358608539,12137676059,1722009573,2894206667,4113872255,5292203487
1424,부동산신탁,11643,코람코자산신탁,B,SM005,요약재무상태표(‘11.03월 이후),A5A5,유형자산_감가상각누계액(종금계정)(-),0,0,0,0,0,0,0,0,0,0,0,0,0,0,0,0,0,0,0,0,0,0,0,0,0,0,0,0,0,0,0,0,0,0,0,0,0,0,0,0, ,0,0,0,0,0,0,0,0,0,0,0,0,0
1425,부동산신탁,11643,코람코자산신탁,B,SM005,요약재무상태표(‘11.03월 이후),A5A6,유형자산_처분손실충당금(종금계정)(-),0,0,0,0,0,0,0,0,0,0,0,0,0,0,0,0,0,0,0,0,0,0,0,0,0,0,0,0,0,0,0,0,0,0,0,0,0,0,0,0, ,0,0,0,0,0,0,0,0,0,0,0,0,0
1426,부동산신탁,11643,코람코자산신탁,B,SM005,요약재무상태표(‘11.03월 이후),A6,Ⅵ. CMA운용자산(종금계정),0,0,0,0,0,0,0,0,0,0,0,0,0,0,0,0,0,0,0,0,0,0,0,0,0,0,0,0,0,0,0,0,0,0,0,0,0,0,0,0,0,0,0,0,0,0,0,0,0,0,0,0,0,0
1427,부동산신탁,11643,코람코자산신탁,B,SM005,요약재무상태표(‘11.03월 이후),A7,Ⅶ. 리스자산(종금계정),0,0,0,0,0,0,0,0,0,0,0,0,0,0,0,0,0,0,0,0,0,0,0,0,0,0,0,0,0,0,0,0,0,0,0,0,0,0,0,0,0,0,0,0,0,0,0,0,0,0,0,0,0,0
1428,부동산신탁,11643,코람코자산신탁,B,SM005,요약재무상태표(‘11.03월 이후),A8,Ⅷ. 기타자산,14996354948,16659306285,15850381625,38990331664,36925370163,44082095513,40586383542,28769361648,18040728124,21108217831,20209201559,20708982854,21516378762,20899186497,18141285838,18369341098,15740797492,31253375345,25893928142,26015348803,18392336345,63634749806,43309353369,37337848522,36168892429,33277138837,38425989679,46669602722,45304378014,47625236462,49667055456,49170699346,51989075242,62525062432,67925769074,92180401372,57392677506,55804778792,52977255198,81205353505,56112880907,57922410978,65320256197,56612315110,57188849363,63092732379,58419560861,61905002064,69370038652,80178282421,76668597901,89800087134,88730388965,178437687291
1429,부동산신탁,11643,코람코자산신탁,B,SM005,요약재무상태표(‘11.03월 이후),A80,Ⅷ. 기타자산_(현재가치할인차금)(-),0,0,0,0,0,0,0,0,0,0,0,0,0,0,0,0,0,0,0,0,0,0,0,0,0,0,0,0,0,0,0,0,0,0,0,0,0,0,0,0, ,0,0,0,0,0,0,0,0,0,0,0,0,0
1430,부동산신탁,11643,코람코자산신탁,B,SM005,요약재무상태표(‘11.03월 이후),A81,Ⅷ. 기타자산_(현재가치할증차금)(+),0,0,0,0,0,0,0,0,0,0,0,0,0,0,0,0,0,0,0,0,0,0,0,0,0,0,0,0,0,0,0,0,0,0,0,0,0,0,0,0, ,0,0,0,0,0,0,0,0,0,0,0,0,0
1431,부동산신탁,11643,코람코자산신탁,B,SM005,요약재무상태표(‘11.03월 이후),A82,Ⅷ. 기타자산_미수금,5447447704,7137868927,6140114819,7564057596,5693790578,12413328897,10111892673,10528112978,10379019406,12279489989,10821801139,10882089243,11562287951,11413766257,8995100964,8940060882,5766248720,6704983494,16304005976,8065882304,6992789323,50909745469,28903518754,7259956117,6314777428,6598268501,9990891203,11585691019,11467135543,12888097389,20702623774,17965814327,15973352705,17874049416,21500375129,17663878805,19674200866,19392995400,19108435123,58420688640,28176353500,29902852827,25531208778,23943065539,21145199880,24665139374,21788937262,23282671968,26329569163,37177052744,35370329513,30576227782,31003929271,114922697581
1432,부동산신탁,11643,코람코자산신탁,B,SM005,요약재무상태표(‘11.03월 이후),A820,Ⅷ. 기타자산_미수금_신탁보수미수금,2250721945,2519705706,2165755108,2274540108,2150248108,3058293608,2653738301,2609906287,2853731608,3153128108,2449243393,2762537257,3506589580,1649926580,1444005780,1757684580,1357092222,2185122000,2299281000,2416448000,2520047000,2342240000,3169882850,2054815000,2841119570,2761367000,5878919000,7816300000,7539045000,8605046000,11634550000,11838602000,9309160000,11815765000,13350125000,10871883666,12083581715,11518775331,9439786578,7399806170,8644415542,7874325884,8123995977,8475195401,7203596800,6419621825,5718653361,5929382852,5815614415,5889429315,8743876325,7830018835,6963960376,5718014520
1433,부동산신탁,11643,코람코자산신탁,B,SM005,요약재무상태표(‘11.03월 이후),A821,Ⅷ. 기타자산_미수금_기타,3196725759,4618163221,3974359711,5289517488,3543542470,9355035289,7458154372,7918206691,7525287798,9126361881,8372557746,8119551986,8055698371,9763839677,7551095184,7182376302,4409156498,4519861494,14004724976,5649434304,4472742323,48567505469,25733635904,5205141117,3473657858,3836901501,4111972203,3769391019,3928090543,4283051389,9068073774,6127212327,6664192705,6058284416,8150250129,6791995139,7590619151,7874220069,9668648545,51020882470,19531937958,22028526943,17407212801,15467870138,13941603080,18245517549,16070283901,17353289116,20513954748,31287623429,26626453188,22746208947,24039968895,109204683061
1434,부동산신탁,11643,코람코자산신탁,B,SM005,요약재무상태표(‘11.03월 이후),A83,Ⅷ. 기타자산_미수수익,741021062,839570662,1184213191,909974664,723009724,893592126,178807853,464722930,725577797,734161695,596823159,1092741947,1256039018,867233656,716870335,1060320587,1550550680,2225118680,690569182,1826078559,2205652681,3146381243,3204051915,3563749962,5155959018,6012975593,7936850064,10139657056,11936922666,13267099396,17650891270,22074926278,25209030564,31783199791,37283399746,41569286365,41406294995,39431096885,38515435303,38755998388,38158103009,39400923711,33039181428,33597149894,34142625211,34125978001,33641587976,34300970738,34256818300,35024676848,32312352404,32463241483,32358293323,30895913308
1435,부동산신탁,11643,코람코자산신탁,B,SM005,요약재무상태표(‘11.03월 이후),A830,Ⅷ. 기타자산_미수수익_미수수수료,0,0,0,0,0,0,0,0,0,0,0,0,0,0,0,0,0,0,0,0,0,0,0,0,0,0,0,0,0,0,0,0,0,0,0,0,0,0,0,0,0,0,0,0,0,0,0,0,0,0,0,0,0,0
1436,부동산신탁,11643,코람코자산신탁,B,SM005,요약재무상태표(‘11.03월 이후),A831,Ⅷ. 기타자산_미수수익_미수이자,741021062,839570662,1184213191,909974664,723009724,893592126,178807853,464722930,725577797,734161695,596823159,1092741947,1256039018,867233656,716870335,1060320587,1550550680,2225118680,690569182,1826078559,2205652681,3146381243,3204051915,3563749962,5155959018,6012975593,7936850064,10139657056,11936922666,13267099396,17650891270,22074926278,25209030564,31783199791,37283399746,41569286365,41406294995,39431096885,38515435303,38755998388,38158103009,39400923711,33039181428,33597149894,34142625211,34125978001,33641587976,34300970738,34256818300,35024676848,32312352404,32463241483,32358293323,30895913308
1437,부동산신탁,11643,코람코자산신탁,B,SM005,요약재무상태표(‘11.03월 이후),A832,Ⅷ. 기타자산_미수수익_미수배당금,0,0,0,0,0,0,0,0,0,0,0,0,0,0,0,0,0,0,0,0,0,0,0,0,0,0,0,0,0,0,0,0,0,0,0,0,0,0,0,0, ,0,0,0,0,0,0,0,0,0,0,0,0,0
1438,부동산신탁,11643,코람코자산신탁,B,SM005,요약재무상태표(‘11.03월 이후),A833,Ⅷ. 기타자산_미수수익_미수분배금,0,0,0,0,0,0,0,0,0,0,0,0,0,0,0,0,0,0,0,0,0,0,0,0,0,0,0,0,0,0,0,0,0,0,0,0,0,0,0,0, ,0,0,0,0,0,0,0,0,0,0,0,0,0
1439,부동산신탁,11643,코람코자산신탁,B,SM005,요약재무상태표(‘11.03월 이후),A834,Ⅷ. 기타자산_미수수익_기타,0,0,0,0,0,0,0,0,0,0,0,0,0,0,0,0,0,0,0,0,0,0,0,0,0,0,0,0,0,0,0,0,0,0,0,0,0,0,0,0, ,0,0,0,0,0,0,0,0,0,0,0,0,0
1440,부동산신탁,11643,코람코자산신탁,B,SM005,요약재무상태표(‘11.03월 이후),A84,Ⅷ. 기타자산_선급금,80000000,94245000,119072700,30093227956,30095746806,30095746806,30130017886,17647671630,321134630,202860070,121960670,119994070,76272780,50208600,119791550,122457540,228862630,10231788630,186090130,7931890630,829396397,677102017,3956926010,9615552620,9828030820,9838030820,9934030820,12178397809,10679706679,10552664038,1039269608,1044018554,998564009,998114009,1938602269,28640560198,2653315698,2653315698,746977508,743677508,1944690695,740937508,2934228514,2977566014,3188007359,2500505165,1872566172,2282203167,2355335972,2302698058,2629065318,2823813653,3027955468,3115922353
1441,부동산신탁,11643,코람코자산신탁,B,SM005,요약재무상태표(‘11.03월 이후),A85,Ⅷ. 기타자산_선급비용,29164009,30500170,17293994,9994508,33517589,34382793,19979264,13191073,39403035,33662933,69257308,61365387,93387327,91034827,70487280,61152110,93875554,85447952,69986049,59421435,97066599,86256031,56403415,42956735,67493251,52569965,45270997,2354530444,840974555,414811741,1770508400,1184029625,435577785,1858798757,6300718800,6339050500,5134669672,3390019783,1422829381,1273245174,1307059772,817434008,435782882,146130445,115327549,96248909,101412163,75945357,138083953,118861932,80321641,1279750252,1550603286,1051236975
1442,부동산신탁,11643,코람코자산신탁,B,SM005,요약재무상태표(‘11.03월 이후),A86,Ⅷ. 기타자산_선급제세,0,0,0,0,0,0,0,0,0,0,0,0,0,0,0,0,0,0,0,0,0,0,0,0,0,0,0,0,0,0,0,0,0,0,0,0,0,0,0,0,0,0,0,0,0,0,0,0,0,0,0,0,0,0
1443,부동산신탁,11643,코람코자산신탁,B,SM005,요약재무상태표(‘11.03월 이후),A87,Ⅷ. 기타자산_대리점,0,0,0,0,0,0,0,0,0,0,0,0,0,0,0,0,0,0,0,0,0,0,0,0,0,0,0,0,0,0,0,0,0,0,0,0,0,0,0,0, ,0,0,0,0,0,0,0,0,0,0,0,0,0
1444,부동산신탁,11643,코람코자산신탁,B,SM005,요약재무상태표(‘11.03월 이후),A88,Ⅷ. 기타자산_본.지점,0,0,0,0,0,0,0,0,0,0,0,0,0,0,0,0,0,0,0,0,0,0,0,0,0,0,0,0,0,0,0,0,0,0,0,0,0,0,0,0, ,0,0,0,0,0,0,0,0,0,0,0,0,0
1445,부동산신탁,11643,코람코자산신탁,B,SM005,요약재무상태표(‘11.03월 이후),A89,Ⅷ. 기타자산_보증금,1431417805,1318455933,1362743489,1362743489,1362743489,1662743489,1708802547,1690172547,1690172547,2771097147,1561653600,1532059600,1532059600,1532089600,1542229600,1494229600,1494189600,4514189600,1514189600,1199189600,3314885600,3375740018,1377740018,7375820018,5350860018,1387707669,1387707669,1409238569,1434238569,1541089669,2541089669,1481089669,4601089669,6845839599,5598449051,3612875037,3725501023,5985981428,4885121035,1900113315,6797927608,6920600948,11931062268,4149626088,5165548141,6181470194,2217677048,3600654552,2621606423,5310044080,4674079042,4702881169,2732823296,2662765423
1446,부동산신탁,11643,코람코자산신탁,B,SM005,요약재무상태표(‘11.03월 이후),A890,Ⅷ. 기타자산_보증금_전세권,0,0,0,0,0,0,0,0,0,0,0,0,0,0,0,0,0,0,0,0,0,0,0,0,0,0,0,0,0,0,0,0,0,0,0,0,0,0,0,0, ,0,0,0,0,0,0,0,0,0,0,0,0,0
1447,부동산신탁,11643,코람코자산신탁,B,SM005,요약재무상태표(‘11.03월 이후),A891,Ⅷ. 기타자산_보증금_전신전화가입권,0,0,0,0,0,0,0,0,0,0,0,0,0,0,0,0,0,0,0,0,0,0,0,0,0,0,0,0,0,0,0,0,0,0,0,0,0,0,0,0, ,0,0,0,0,0,0,0,0,0,0,0,0,0
1448,부동산신탁,11643,코람코자산신탁,B,SM005,요약재무상태표(‘11.03월 이후),A892,Ⅷ. 기타자산_보증금_임차보증금,1246676805,1233714933,1278002489,1278002489,1278002489,1278002489,1324061547,1305431547,1305431547,2322216147,1113943600,1084297600,1084297600,1084297600,1084297600,1084297600,1084297600,1084297600,1084297600,1084297600,1259993600,1295768018,1297768018,1295768018,1295768018,1332615669,1332615669,1332615669,1332615669,1462827669,1462827669,1422827669,1422827669,1667237599,1439847051,1453373037,1466899023,1526899428,1724779335,1740921615,1638735908,1761409248,1771105568,1789669388,1805591441,1821513494,1837720348,2220647852,2241599723,2950037380,2314072342,2342924469,2372866596,2402808723
1449,부동산신탁,11643,코람코자산신탁,B,SM005,요약재무상태표(‘11.03월 이후),A893,Ⅷ. 기타자산_보증금_회원보증금,0,0,0,0,0,0,0,0,0,0,0,0,0,0,0,0,0,0,0,0,0,0,0,0,0,0,0,0,0,0,0,0,0,0,0,0,0,0,0,0, ,0,0,0,0,0,0,0,0,0,0,0,0,0
1450,부동산신탁,11643,코람코자산신탁,B,SM005,요약재무상태표(‘11.03월 이후),A894,Ⅷ. 기타자산_보증금_기타,184741000,84741000,84741000,84741000,84741000,384741000,384741000,384741000,384741000,448881000,447710000,447762000,447762000,447792000,457932000,409932000,409892000,3429892000,429892000,114892000,2054892000,2079972000,79972000,6080052000,4055092000,55092000,55092000,76622900,101622900,78262000,1078262000,58262000,3178262000,5178602000,4158602000,2159502000,2258602000,4459082000,3160341700,159191700,5159191700,5159191700,10159956700,2359956700,3359956700,4359956700,379956700,1380006700,380006700,2360006700,2360006700,2359956700,359956700,259956700
1451,부동산신탁,11643,코람코자산신탁,B,SM005,요약재무상태표(‘11.03월 이후),A8A,Ⅷ. 기타자산_투자부동산,0,0,0,0,0,0,0,0,0,0,0,0,0,0,0,0,0,0,0,0,0,0,0,0,0,0,0,0,0,0,0,0,0,0,0,0,0,0,0,0,0,0,0,0,0,0,0,0,0,0,0,0,0,0
1452,부동산신탁,11643,코람코자산신탁,B,SM005,요약재무상태표(‘11.03월 이후),A8A0,Ⅷ. 기타자산_투자부동산_(손상차손누계액),0,0,0,0,0,0,0,0,0,0,0,0,0,0,0,0,0,0,0,0,0,0,0,0,0,0,0,0,0,0,0,0,0,0,0,0,0,0,0,0, ,0,0,0,0,0,0,0,0,0,0,0,0,0
1453,부동산신탁,11643,코람코자산신탁,B,SM005,요약재무상태표(‘11.03월 이후),A8A1,Ⅷ. 기타자산_투자부동산_토지,0,0,0,0,0,0,0,0,0,0,0,0,0,0,0,0,0,0,0,0,0,0,0,0,0,0,0,0,0,0,0,0,0,0,0,0,0,0,0,0, ,0,0,0,0,0,0,0,0,0,0,0,0,0
1454,부동산신탁,11643,코람코자산신탁,B,SM005,요약재무상태표(‘11.03월 이후),A8A2,Ⅷ. 기타자산_투자부동산_건물,0,0,0,0,0,0,0,0,0,0,0,0,0,0,0,0,0,0,0,0,0,0,0,0,0,0,0,0,0,0,0,0,0,0,0,0,0,0,0,0, ,0,0,0,0,0,0,0,0,0,0,0,0,0
1455,부동산신탁,11643,코람코자산신탁,B,SM005,요약재무상태표(‘11.03월 이후),A8A3,Ⅷ. 기타자산_투자부동산_건물감가상각누계액(-),0,0,0,0,0,0,0,0,0,0,0,0,0,0,0,0,0,0,0,0,0,0,0,0,0,0,0,0,0,0,0,0,0,0,0,0,0,0,0,0, ,0,0,0,0,0,0,0,0,0,0,0,0,0
1456,부동산신탁,11643,코람코자산신탁,B,SM005,요약재무상태표(‘11.03월 이후),A8B,Ⅷ. 기타자산_무형자산,8846367901,8807226326,8281889318,8248019910,8209352336,8178727261,6236729701,6209350648,6140366595,6116891883,6511058131,6485016288,6444565825,6402089696,6100128533,6054056903,6007985274,6893353644,6642736538,6514687253,5150770143,5072407039,5185662618,5137583755,5088326226,5037257271,4840296614,4792733617,4755736746,4748659875,4738540122,4710583767,4686498246,4605483758,3885071401,3853070139,3824365759,3993147703,6734060490,6648861110,6672053814,7358896435,8422011663,8305116774,8316189592,8114282037,9819624057,9782891809,9687757061,9590306901,9537254857,9409344790,9321762368,9222062280
1457,부동산신탁,11643,코람코자산신탁,B,SM005,요약재무상태표(‘11.03월 이후),A8B0,Ⅷ. 기타자산_무형자산_(손상차손누계액),0,0,0,0,0,0,0,1976371917,1072899127,1072899127,1072899127,1192048527,1192048527,1192048527,1510503727,1510503727,1510503727,1510503727,1494003170,1175547970,1175547970,1175547970,1494003170,1494003170,1494003170,1494003170,1696277581,1696277581,1696277581,1696277581,1696277581,1696277581,1696277581, , , , , , , , , , , , , , , , , ,0, , , 
1458,부동산신탁,11643,코람코자산신탁,B,SM005,요약재무상태표(‘11.03월 이후),A8B1,Ⅷ. 기타자산_무형자산_영업권,0,0,0,0,0,0,0,0,0,0,0,0,0,0,0,0,0,0,0,0,0,0,0,0,0,0, , , , , , , , , , , , , , , , , , ,0,0,0,0,0,0,0,0,0,0
1459,부동산신탁,11643,코람코자산신탁,B,SM005,요약재무상태표(‘11.03월 이후),A8B2,Ⅷ. 기타자산_무형자산_개발비,0,0,0,0,0,0,0,0,0,0,0,0,0,0,0,0,0,0,0,0,0,0,0,0,0,0,0,0,0,0,0,0,0,0,0,0,0,0,0,0, ,0,0,0,0,0,0,0,0,0,0,0,0,0
1460,부동산신탁,11643,코람코자산신탁,B,SM005,요약재무상태표(‘11.03월 이후),A8B3,Ⅷ. 기타자산_무형자산_소프트웨어,1231546890,1192405315,1178068307,1144198899,1105531325,1074906250,1109280607,1081901554,1066787501,1038321479,1025238583,987973120,947522657,905046528,921540565,875468935,829397306,783325676,834663213,786227728,757184598,708478951,821734530,773655667,724398138,673329183,678642937,631079940,594083069,587006198,576886445,548930090,524844569,532444881,571532524,539531262,510826882,496782836,3237695623,3152496243,3175688947,3096031568,3041046796,2945321037,2956393855,2901819633,2907161653,2833029405,2737894657,2640444497,2582482794,2481212574,2393910688,2294491135
1461,부동산신탁,11643,코람코자산신탁,B,SM005,요약재무상태표(‘11.03월 이후),A8B4,Ⅷ. 기타자산_무형자산_회원권,7614821011,7614821011,7103821011,7103821011,7103821011,7103821011,5127449094,5127449094,5073579094,5078570404,5485819548,5497043168,5497043168,5497043168,5178587968,5178587968,5178587968,6110027968,5808073325,5728459525,4393585545,4363928088,4363928088,4363928088,4363928088,4363928088,4161653677,4161653677,4161653677,4161653677,4161653677,4161653677,4161653677,4073038877,3313538877,3313538877,3313538877,3496364867,3496364867,3496364867,3496364867,4262864867,5380964867,5359795737,5359795737,5212462404,6912462404,6949862404,6949862404,6949862404,6949862404,6923246074,6923246074,6923246074
1462,부동산신탁,11643,코람코자산신탁,B,SM005,요약재무상태표(‘11.03월 이후),A8B5,Ⅷ. 기타자산_무형자산_기타,0,0,0,0,0,0,0,0,0,0,0,0,0,0,0,0,0,0,0,0,0,0,0,0,0,0,0,0,0,0,0,0,0,0,0,0,0,0,0,0, ,0,0,0,0,0,0,0,0,0,4909659,4886142,4605606,4325071
1463,부동산신탁,11643,코람코자산신탁,B,SM005,요약재무상태표(‘11.03월 이후),A8C,Ⅷ. 기타자산_가지급금,0,0,0,0,0,0,0,0,0,0,0,0,0,0,0,0,0,0,0,0,0,0,0,0,0,0,0,0,0,0,0,0,0,0,0,0,0,0,0,0, ,0,0,0,0,0,0,0,0,0,0,0,0,0
1464,부동산신탁,11643,코람코자산신탁,B,SM005,요약재무상태표(‘11.03월 이후),A8D,Ⅷ. 기타자산_이연법인세자산,0,10502800,0,1896603613,1901499713,1897864213,2057497563,2073483787,0,0,564008663,573077430,601339730,592337330,646251045,681636945,631446145,629743345,697100667,628949022,589070356,579581756,640050639,4357229315,4363445668,4350329018,4290942312,4209354208,4189663256,4212814354,4264225940,4276170431,4434265117,4332012534,1553051819,1577733875,1808724101,2078940787,3436629674,3094631899,4201802941,3920974915,13604715850,14953746440,18799271345,20586670919,19107540238,18822225821,23985078389,20830530331,18598430204,18634041350,18895920333,24350080030
1465,부동산신탁,11643,코람코자산신탁,B,SM005,요약재무상태표(‘11.03월 이후),A8E,Ⅷ. 기타자산_일반상품,0,0,0,0,0,0,0,0,0,0,0,0,0,0,0,0,0,0,0,0,0,0,0,0,0,0,0,0,0,0,0,0,0,0,0,0,0,0,0,0, ,0,0,0,0,0,0,0,0,0,0,0,0,0
1466,부동산신탁,11643,코람코자산신탁,B,SM005,요약재무상태표(‘11.03월 이후),A8F,Ⅷ. 기타자산_기타,0,0,0,0,0,0,0,0,0,0,0,0,0,0,0,0,0,0,0,0,0,0,0,0,0,0,0,0,0,0,0,0,0,0,0,0,0,0,0,0,0,0,0,0,0,0,0,0,0,0,0,16700000000,16840357403,16840357403
1467,부동산신탁,11643,코람코자산신탁,B,SM005,요약재무상태표(‘11.03월 이후),A8G,Ⅷ. 기타자산_대손충당금(-),1579063533,1579063533,1254945886,11094290072,11094290072,11094290072,9857343945,9857343945,1254945886,1029945886,37361111,37361111,49573469,49573469,49573469,44573469,32361111,31250000,210750000,210750000,787294754,212463767,15000000,15000000,0,0,0,0,0,0,3040093327,3565933305,4349302853,5772435432,10133899141,11076053547,20834394608,21120718892,21872233316,29631862529,31145110432,31140209374,30577935186,31460086084,33683319714,33177562220,30129784055,30242561348,30004210609,30175888473,26533235078,26789213345,27001255783,24623348062
1468,부동산신탁,11643,코람코자산신탁,B,SM005,요약재무상태표(‘11.03월 이후),A8G0,Ⅷ. 기타자산_대손충당금(-)_미수금대손충당금,1579063533,1579063533,1254945886,1254945886,1254945886,1254945886,1254945886,1254945886,1254945886,1029945886,37361111,37361111,49573469,49573469,49573469,44573469,32361111,31250000,210750000,210750000,210750000,31250000,15000000,15000000,0,0,0,0,0,0,0,0,0,0,112087213,111646659,59267020,323365994,370809754,1392346571,1518250299,2265738533,1960627171,2244744152,2246382467,2221955918,2201646061,2219966635,2202734628,2203006085,1047380137,1055198236,1052326137,1045988519
1469,부동산신탁,11643,코람코자산신탁,B,SM005,요약재무상태표(‘11.03월 이후),A8G1,Ⅷ. 기타자산_대손충당금(-)_미수수익대손충당금,0,0,0,0,0,0,0,0,0,0,0,0,0,0,0,0,0,0,0,0,395330987,0,0,0,0,0,0,0,0,0,3040093327,3565933305,4349302853,5772435432,10014310738,10956905698,20767626398,20789851708,21493922372,28232014768,29619358943,28866969651,26383843390,26980332123,29201829331,29282267057,26480320656,26574742901,26353624169,26502455700,23406391757,23465803590,23475281812,21015744824
1470,부동산신탁,11643,코람코자산신탁,B,SM005,요약재무상태표(‘11.03월 이후),A8G10,Ⅷ. 기타자산_대손충당금(-)_미수수익대손충당금_미수수수료대손충당금,0,0,0,0,0,0,0,0,0,0,0,0,0,0,0,0,0,0,0,0,0,0,0,0,0,0,0,0,0,0,0,0,0,0,0,0,0,0,0,0, ,0,0,0,0,0,0,0,0,0,0,0,0,0
1471,부동산신탁,11643,코람코자산신탁,B,SM005,요약재무상태표(‘11.03월 이후),A8G11,Ⅷ. 기타자산_대손충당금(-)_미수수익대손충당금_미수이자대손충당금,0,0,0,0,0,0,0,0,0,0,0,0,0,0,0,0,0,0,0,0,395330987,0,0,0,0,0,0,0,0,0,3040093327,3565933305,4349302853,5772435432,10014310738,10956905698,20767626398,20789851708,21493922372,28232014768,29619358943,28866969651,26383843390,26980332123,29201829331,29282267057,26480320656,26574742901,26353624169,26502455700,23406391757,23465803590,23475281812,21015744824
1472,부동산신탁,11643,코람코자산신탁,B,SM005,요약재무상태표(‘11.03월 이후),A8G12,Ⅷ. 기타자산_대손충당금(-)_미수수익대손충당금_기타대손충당금,0,0,0,0,0,0,0,0,0,0,0,0,0,0,0,0,0,0,0,0,0,0,0,0,0,0,0,0,0,0,0,0,0,0,0,0,0,0,0,0, ,0,0,0,0,0,0,0,0,0,0,0,0,0
1473,부동산신탁,11643,코람코자산신탁,B,SM005,요약재무상태표(‘11.03월 이후),A8G2,Ⅷ. 기타자산_대손충당금(-)_선급금대손충당금,0,0,0,9839344186,9839344186,9839344186,8602398059,8602398059,0,0,0,0,0,0,0,0,0,0,0,0,181213767,181213767,0,0,0,0,0,0,0,0,0,0,0,0,7501190,7501190,7501190,7501190,7501190,7501190,7501190,7501190,2233464625,2235009809,2235107916,1673339245,1447817338,1447851812,1447851812,1470426688,2079463184,2268211519,2473647834,2561614719
1474,부동산신탁,11643,코람코자산신탁,B,SM005,요약재무상태표(‘11.03월 이후),A8G3,Ⅷ. 기타자산_대손충당금(-)_기타대손충당금,0,0,0,0,0,0,0,0,0,0,0,0,0,0,0,0,0,0,0,0,0,0,0,0,0,0,0,0,0,0,0,0,0,0,0,0,0,0,0,0, ,0,0,0,0,0,0,0,0,0,0,0,0,0
1475,부동산신탁,11643,코람코자산신탁,B,SM005,요약재무상태표(‘11.03월 이후),B,부채총계,6663868290,6680765428,8803005410,47927794067,43597976657,46440186545,61254824787,43259696712,44168265556,43963652263,59717363140,55060348387,61092298278,38162417986,40421526089,42304162817,46697351305,91363314487,81647746447,88653967316,81500100924,109215216816,135584647275,140574001061,165535813719,180882708486,192812184033,156541725727,218858470424,233687395656,296390336546,361290755260,309523733777,369723949021,309289607106,369411078816,383868312046,354869829056,289921707247,214194100226,204221507057,257360113064,267287645566,175108823251,160658649336,135365921077,133972435615,110710853020,129222397295,130392570819,160364963028,181868275529,181409815110,222747647077
1476,부동산신탁,11643,코람코자산신탁,B,SM005,요약재무상태표(‘11.03월 이후),B1,Ⅰ. 예수부채,0,0,0,0,0,0,0,0,0,0,0,0,0,0,0,0,0,0,0,0,0,0,0,0,0,0,0,0,0,0,0,0,0,0,0,0,0,0,0,0,0,0,0,0,0,0,0,0,0,0,0,0,0,0
1477,부동산신탁,11643,코람코자산신탁,B,SM005,요약재무상태표(‘11.03월 이후),B2,Ⅱ. 차입부채,0,0,0,40000000000,35000000000,35000000000,50000000000,35000000000,35000000000,35000000000,46348774010,42781850478,47570750000,25000000000,25000000000,25000000000,25000000000,63306000000,45000000000,52500000000,45000000000,60000000000,67000000000,79022000000,110000000000,118000000000,117000000000,83700000000,152931091467,157942094799,235250265005,293928535644,246475925301,310280235690,252825389807,331616697817,344133883745,324925018486,254967577335,179981806035,166743189276,213662821625,207429479900,124938575268,94952562459,72969838200,72985748597,73495166935,83499299664,83500000000,93000000000,122500000000,128250000000,128000000000
1478,부동산신탁,11643,코람코자산신탁,B,SM005,요약재무상태표(‘11.03월 이후),B20,Ⅱ. 차입부채_(현재가치할인차금)(-),0,0,0,0,0,0,0,0,0,0,0,0,0,0,0,0,0,0,0,0,0,0,0,0,0,0,0,0,0,0,0,0,0,0,0,0,0,0,0,0, ,0,0,0,0,0,0,0,0,0,0,0,0,0
1479,부동산신탁,11643,코람코자산신탁,B,SM005,요약재무상태표(‘11.03월 이후),B21,Ⅱ. 차입부채_(현재가치할증차금)(+),0,0,0,0,0,0,0,0,0,0,0,0,0,0,0,0,0,0,0,0,0,0,0,0,0,0,0,0,0,0,0,0,0,0,0,0,0,0,0,0, ,0,0,0,0,0,0,0,0,0,0,0,0,0
1480,부동산신탁,11643,코람코자산신탁,B,SM005,요약재무상태표(‘11.03월 이후),B22,Ⅱ. 차입부채_차입금,0,0,0,40000000000,35000000000,35000000000,50000000000,35000000000,35000000000,35000000000,46348774010,42781850478,47570750000,25000000000,25000000000,25000000000,25000000000,63306000000,45000000000,52500000000,45000000000,60000000000,67000000000,79022000000,110000000000,118000000000,117000000000,83700000000,118000000000,123000000000,150500000000,159250000000,111750000000,125500000000,68000000000,71750000000,84250000000,83000000000,88000000000,83000000000,84750000000,81750000000,75500000000,23000000000,23000000000,23000000000,23000000000,23500000000,33500000000,83500000000,93000000000,102500000000,98250000000,98000000000
1481,부동산신탁,11643,코람코자산신탁,B,SM005,요약재무상태표(‘11.03월 이후),B23,Ⅱ. 차입부채_매도증권,0,0,0,0,0,0,0,0,0,0,0,0,0,0,0,0,0,0,0,0,0,0,0,0,0,0,0,0,0,0,0,0,0,0,0,0,0,0,0,0,0,0,0,0,0,0,0,0,0,0,0,0,0,0
1482,부동산신탁,11643,코람코자산신탁,B,SM005,요약재무상태표(‘11.03월 이후),B24,Ⅱ. 차입부채_사채,0,0,0,0,0,0,0,0,0,0,0,0,0,0,0,0,0,0,0,0,0,0,0,0,0,0,0,0,34931091467,34942094799,84750265005,134678535644,134725925301,134780235690,134825389807,134866697817,114883883745,136925018486,86967577335,36981806035,21993189276,71912821625,71929479900,71938575268,71952562459,49969838200,49985748597,49995166935,49999299664,0,0,0,0,0
1483,부동산신탁,11643,코람코자산신탁,B,SM005,요약재무상태표(‘11.03월 이후),B240,Ⅱ. 차입부채_(사채발행차금),0,0,0,0,0,0,0,0,0,0,0,0,0,0,0,0,0,0,0,0,0,0,0,0,0,0,0,0,68908533,57905201,249734995,321464356,274074699,219764310,174610193,133302183,116116255,74981514,32422665,18193965,6810724,87178375,70520100,61424732,47437541,30161800,14251403,4833065,700336,0,0,0,0,0
1484,부동산신탁,11643,코람코자산신탁,B,SM005,요약재무상태표(‘11.03월 이후),B25,Ⅱ. 차입부채_발행어음(종금계정),0,0,0,0,0,0,0,0,0,0,0,0,0,0,0,0,0,0,0,0,0,0,0,0,0,0,0,0,0,0,0,0,0,0,0,0,0,0,0,0, ,0,0,0,0,0,0,0,0,0,0,0,0,0
1485,부동산신탁,11643,코람코자산신탁,B,SM005,요약재무상태표(‘11.03월 이후),B26,Ⅱ. 차입부채_기타,0,0,0,0,0,0,0,0,0,0,0,0,0,0,0,0,0,0,0,0,0,0,0,0,0,0,0,0,0,0,0,0,0,50000000000,50000000000,125000000000,145000000000,105000000000,80000000000,60000000000,60000000000,60000000000,60000000000,30000000000,0,0,0,0,0,0,0,20000000000,30000000000,30000000000
1486,부동산신탁,11643,코람코자산신탁,B,SM005,요약재무상태표(‘11.03월 이후),B3,Ⅳ. 기타부채,6663868290,6680765428,8803005410,7927794067,8597976657,11440186545,11254824787,8259696712,9168265556,8963652263,13368589130,12278497909,13521548278,13162417986,15421526089,17304162817,21697351305,28057314487,36647746447,36153967316,36500100924,49215216816,68584647275,61552001061,55535813719,62882708486,75812184033,72841725727,65927378957,75745300857,61140071541,67362219616,63047808476,59443713331,56464217299,37794380999,39734428301,29944810570,34954129912,34212294191,37478317781,43697291439,59858165666,50170247983,65706086877,62396082877,60986687018,37215686085,45723097631,46892570819,67364963028,59368275529,53159815110,94747647077
1487,부동산신탁,11643,코람코자산신탁,B,SM005,요약재무상태표(‘11.03월 이후),B30,Ⅳ. 기타부채_(현재가치할인차금)(-),0,0,0,0,0,0,0,0,0,0,0,0,0,0,0,0,0,0,0,0,0,0,0,0,0,0,0,0,0,0,0,0,0,0,0,0,0,0,0,0, ,0,0,0,0,0,0,0,0,0,0,0,0,0
1488,부동산신탁,11643,코람코자산신탁,B,SM005,요약재무상태표(‘11.03월 이후),B31,Ⅳ. 기타부채_(현재가치할증차금)(+),0,0,0,0,0,0,0,0,0,0,0,0,0,0,0,0,0,0,0,0,0,0,0,0,0,0,0,0,0,0,0,0,0,0,0,0,0,0,0,0, ,0,0,0,0,0,0,0,0,0,0,0,0,0
1489,부동산신탁,11643,코람코자산신탁,B,SM005,요약재무상태표(‘11.03월 이후),B32,Ⅳ. 기타부채_퇴직급여부채,0,0,0,0,0,0,0,0,0,0,0,0,0,0,0,0,0,0,0,0,0,0,0,0,0,0,0,0,0,0,0,0,0,0,0,0,0,0,0,0,0,0,0,0,0,0,0,0,0,0,0,0,0,0
1490,부동산신탁,11643,코람코자산신탁,B,SM005,요약재무상태표(‘11.03월 이후),B320,Ⅳ. 기타부채_퇴직급여부채_확정급여채무,0,0,0,0,0,0,0,0,0,0,0,0,0,0,0,0,0,0,0,0,0,0,0,0,0,0,0,0,0,0,0,0,0,0,0,0,0,0,0,0, ,0,0,0,0,0,0,0,0,0,0,0,0,0
1491,부동산신탁,11643,코람코자산신탁,B,SM005,요약재무상태표(‘11.03월 이후),B322,"Ⅳ. 기타부채_퇴직급여부채_미인식보험수리적손익(+,-)",0,0,0,0,0,0,0,0,0,0,0,0,0,0,0,0,0,0,0,0,0,0,0,0,0,0,0,0,0,0,0,0,0,0,0,0,0,0,0,0, ,0,0,0,0,0,0,0,0,0,0,0,0,0
1492,부동산신탁,11643,코람코자산신탁,B,SM005,요약재무상태표(‘11.03월 이후),B323,Ⅳ. 기타부채_퇴직급여부채_미인식과거근무원가(-),0,0,0,0,0,0,0,0,0,0,0,0,0,0,0,0,0,0,0,0,0,0,0,0,0,0,0,0,0,0,0,0,0,0,0,0,0,0,0,0, ,0,0,0,0,0,0,0,0,0,0,0,0,0
1493,부동산신탁,11643,코람코자산신탁,B,SM005,요약재무상태표(‘11.03월 이후),B324,Ⅳ. 기타부채_퇴직급여부채_사외적립자산(-),0,0,0,0,0,0,0,0,0,0,0,0,0,0,0,0,0,0,0,0,0,0,0,0,0,0,0,0,0,0,0,0,0,0,0,0,0,0,0,0,0,0,0,0,0,0,0,0,0,0,0,0,0,0
1494,부동산신탁,11643,코람코자산신탁,B,SM005,요약재무상태표(‘11.03월 이후),B33,Ⅳ. 기타부채_충당부채,0,0,0,0,0,0,0,0,0,0,280000000,280000000,280000000,280000000,280000000,280000000,280000000,280000000,280000000,280000000,869400000,869400000,869400000,869400000,869400000,869400000,1363584335,1363584335,1363584335,1004765423,1172515156,1178403598,1184292040,1190180485,1182368870,1188500543,1194632216,1200763887,1273456930,1279934179,1212378821,1218175917,1361511608,1367871515,1374231422,1380591321,1256417778,1262777685,19401450473,20273010031,22191676494,17186569159,12356032811,13436755200
1495,부동산신탁,11643,코람코자산신탁,B,SM005,요약재무상태표(‘11.03월 이후),B330,Ⅳ. 기타부채_충당부채_채무보증충당부채,0,0,0,0,0,0,0,0,0,0,0,0,0,0,0,0,0,0,0,0,0,0,0,0,0,0,0,0,0,0,0,0,0,0,0,0,0,0,0,0, ,0,0,0,0,0,0,0,0,0,0,0,0,0
1496,부동산신탁,11643,코람코자산신탁,B,SM005,요약재무상태표(‘11.03월 이후),B331,Ⅳ. 기타부채_충당부채_복구충당부채,0,0,0,0,0,0,0,0,0,0,0,0,0,0,0,0,0,0,0,0,0,0,0,0,0,0,0,0,0,0,0,0,0,0,0,0,0,0,0,0, ,0,0,0,0,0,0,0,0,776791509,1092385776,1108276641,1124167506,1140058371
1497,부동산신탁,11643,코람코자산신탁,B,SM005,요약재무상태표(‘11.03월 이후),B332,Ⅳ. 기타부채_충당부채_특별대손충당금,0,0,0,0,0,0,0,0,0,0,0,0,0,0,0,0,0,0,0,0,0,0,0,0,0,0,0,0,0,0,0,0,0,0,0,0,0,0,0,0, ,0,0,0,0,0,0,0,0,0,0,0,0,0
1498,부동산신탁,11643,코람코자산신탁,B,SM005,요약재무상태표(‘11.03월 이후),B333,Ⅳ. 기타부채_충당부채_신탁위험충당금,0,0,0,0,0,0,0,0,0,0,0,0,0,0,0,0,0,0,0,0,0,0,0,0,0,0,0,0,0,0,0,0,0,0,0,0,0,0,0,0, ,0,0,0,0,0,0,0,0,0,0,0,0,0
1499,부동산신탁,11643,코람코자산신탁,B,SM005,요약재무상태표(‘11.03월 이후),B334,Ⅳ. 기타부채_충당부채_기타,0,0,0,0,0,0,0,0,0,0,280000000,280000000,280000000,280000000,280000000,280000000,280000000,280000000,280000000,280000000,869400000,869400000,869400000,869400000,869400000,869400000,1363584335,1363584335,1363584335,1004765423,1172515156,1178403598,1184292040,1190180485,1182368870,1188500543,1194632216,1200763887,1273456930,1279934179,1212378821,1218175917,1361511608,1367871515,1374231422,1380591321,1256417778,1262777685,19401450473,19496218522,21099290718,16078292518,11231865305,12296696829
1500,부동산신탁,11643,코람코자산신탁,B,SM005,요약재무상태표(‘11.03월 이후),B34,Ⅳ. 기타부채_미지급법인세,1035307370,928671872,2196561783,2006124552,1548931704,2128905921,2633170839,2178106101,1987724863,1778167821,2585063931,2911574084,2819823817,1682287660,2362110558,2625024782,3053615812,3084507423,7470766451,5608190088,4317519795,13888404309,10303146711,10593823638,7131771058,7554123532,9059070208,9487471301,6991609377,10867517551,5222825996,8374288534,4136645897,3129750084,992191048,3436245117,5713204339,5062348314,5429297582,6742484297,8309489428,5848159983,18886016991,19677873865,19006120208,16719826317,18682197253,10883148889,475177495,634688168,43369525,1689817423,2189970495,18930501458
1501,부동산신탁,11643,코람코자산신탁,B,SM005,요약재무상태표(‘11.03월 이후),B35,Ⅳ. 기타부채_미지급배당금,0,0,0,0,0,0,0,0,0,0,0,0,0,0,0,0,0,0,0,0,0,0,0,0,0,0,0,0,0,0,0,0,0,0,0,1677927000,0,0,0,0, ,0,0,0,0,0,0,0,0,0,0,0,0,0
1502,부동산신탁,11643,코람코자산신탁,B,SM005,요약재무상태표(‘11.03월 이후),B36,Ⅳ. 기타부채_미지급금,294170794,413647681,10131271,177115840,281003700,432409530,57790345,160087760,313667890,516514640,0,211230823,407971030,613970696,29194000,204422960,429008020,578937400,2213490,213805070,424388250,643483270,19729120,248156110,512874310,767296650,148866400,231328860,473341130,779253530,120328900,320392520,568241430,759008840,169472070,527853920,784448200,1061719300,486943540,774061160,1035043020,1322232820,55130440,356239980,686233410,1051635490,69665,479068763,838764030,1303504880,0,758340054,1015798817,1526587225
1503,부동산신탁,11643,코람코자산신탁,B,SM005,요약재무상태표(‘11.03월 이후),B37,Ⅳ. 기타부채_미지급비용,314049774,369192821,1696142018,420093269,473578793,580387130,2499371195,438091662,432755567,1111719999,3345949189,675906959,551232607,559318145,3161979938,574651908,526017669,756887590,3416588826,648690521,2199666038,808216899,26161291830,20685294094,20665803773,20920679659,28055331938,21062880673,20925278237,21045418792,27632659020,21390122027,21253797411,24179756412,5836939669,2083448514,3078383868,5119538378,6560125861,3406970095,9380752131,13744179398,19023110699,7835772831,22813235561,24527670027,23680172682,7462975991,7399838243,7366596918,9512702306,3750611266,3647071172,19059626023
1504,부동산신탁,11643,코람코자산신탁,B,SM005,요약재무상태표(‘11.03월 이후),B38,Ⅳ. 기타부채_임대보증금,0,0,0,0,0,0,0,0,0,0,0,0,0,0,0,0,0,0,0,0,0,0,0,0,0,0,0,0,0,0,0,0,0,0,0,0,0,0,0,0, ,0,0,0,0,0,0,0,0,0,0,0,0,0
1505,부동산신탁,11643,코람코자산신탁,B,SM005,요약재무상태표(‘11.03월 이후),B39,Ⅳ. 기타부채_선수금,4276915078,4241177514,3991023744,4665650157,5734124544,7373911677,5484540567,4975407967,5382567069,4656496930,6391036274,7421288935,8581810029,9378748163,8810118015,12730206139,16353530058,22183153283,23198572593,27196275243,27197622689,27251055404,29841233172,27264658749,24017195168,25400373672,25829754052,27962255758,24132315784,28332237793,24862087701,24856771507,24939162337,19092600584,14746004031,16163449310,10130322691,5897950220,7697653003,7308258515,7471132472,7581382164,8500553251,7665901091,9929123044,11307520492,10950614536,12208832640,11390826876,12380173365,11979757258,12836875245,13095404938,13996219008
1506,부동산신탁,11643,코람코자산신탁,B,SM005,요약재무상태표(‘11.03월 이후),B3A,Ⅳ. 기타부채_선수수익,0,0,0,0,0,0,0,0,0,0,0,0,0,0,0,0,0,0,0,0,0,0,0,0,0,0,0,0,0,0,0,0,0,0,0,0,0,0,0,0,107704109,106520547,104153424,106520548,107704109,106520547,0,0,0,0,0,0,0,0
1507,부동산신탁,11643,코람코자산신탁,B,SM005,요약재무상태표(‘11.03월 이후),B3B,Ⅳ. 기타부채_가수금,0,0,0,0,0,0,0,0,0,0,0,0,0,0,0,0,0,0,0,0,0,0,0,0,0,0,0,0,0,0,0,0,0,0,0,0,0,0,0,0, ,0,0,0,0,0,0,0,0,0,0,0,0,0
1508,부동산신탁,11643,코람코자산신탁,B,SM005,요약재무상태표(‘11.03월 이후),B3C,Ⅳ. 기타부채_대리점,0,0,0,0,0,0,0,0,0,0,0,0,0,0,0,0,0,0,0,0,0,0,0,0,0,0,0,0,0,0,0,0,0,0,0,0,0,0,0,0, ,0,0,0,0,0,0,0,0,0,0,0,0,0
1509,부동산신탁,11643,코람코자산신탁,B,SM005,요약재무상태표(‘11.03월 이후),B3D,Ⅳ. 기타부채_본.지점,0,0,0,0,0,0,0,0,0,0,0,0,0,0,0,0,0,0,0,0,0,0,0,0,0,0,0,0,0,0,0,0,0,0,0,0,0,0,0,0, ,0,0,0,0,0,0,0,0,0,0,0,0,0
1510,부동산신탁,11643,코람코자산신탁,B,SM005,요약재무상태표(‘11.03월 이후),B3E,Ⅳ. 기타부채_이연법인세부채,4501200,0,203753807,0,0,0,0,0,15281099,9621599,0,0,0,0,0,0,0,0,0,0,0,0,0,0,0,0,0,0,0,0,0,0,0,0,0,0,0,0,0,0, ,0,0,0,0,0,0,0,0,0,0,0,0,0
1511,부동산신탁,11643,코람코자산신탁,B,SM005,요약재무상태표(‘11.03월 이후),B3F,Ⅳ. 기타부채_제세금예수금,738924074,728075540,705392787,658810249,560337916,924572287,579951841,508003222,1036269068,891131274,766539736,778497108,880710795,648093322,778123578,889857028,1055179746,1173828791,2279605087,2207006394,1491504152,5754656934,1389846442,1890668470,2338769410,7370834973,11355577100,12734204800,12041250094,13716107768,2129654768,2659343417,2581412938,3064289309,24881839710,4585429759,11084185291,4320957255,5465893965,7373337975,3670073699,8207869103,6713565569,8335104120,7555935619,3424035247,3308297311,2563593298,4653221587,4078983051,3464026776,3799789508,2568043841,10408720664
1512,부동산신탁,11643,코람코자산신탁,B,SM005,요약재무상태표(‘11.03월 이후),B3G,Ⅳ. 기타부채_신탁계정차,0,0,0,0,0,0,0,0,0,0,0,0,0,0,0,0,0,0,0,0,0,0,0,0,0,0,0,0,0,0,0,0,0,0,0,0,0,0,0,0, ,0,0,0,0,0,0,0,0,0,0,0,0,0
1513,부동산신탁,11643,코람코자산신탁,B,SM005,요약재무상태표(‘11.03월 이후),B3H,Ⅳ. 기타부채_기타,0,0,0,0,0,0,0,0,0,0,0,0,0,0,0,0,0,0,0,0,0,0,0,0,0,0,0,0,0,0,0,8582898013,8384256423,8028127617,8655401901,8131526836,7749251696,7281533216,8040759031,7327247970,6291744101,5668771507,5214123684,4824964033,4233503504,3878283436,3108917793,2355288819,1563818927,855614406,20173430669,19346272874,18287493036,17389237499
1514,부동산신탁,11643,코람코자산신탁,B,SM005,요약재무상태표(‘11.03월 이후),B4,Ⅲ. 파생상품부채,0,0,0,0,0,0,0,0,0,0,0,0,0,0,0,0,0,0,0,0,0,0,0,0,0,0,0,0,0,0,0,0,0,0,0,0,0,0,0,0,0,0,0,0,0,0,0,0,0,0,0,0,0,0
1515,부동산신탁,11643,코람코자산신탁,B,SM005,요약재무상태표(‘11.03월 이후),B40,Ⅲ. 파생상품부채_이자율관련,0,0,0,0,0,0,0,0,0,0,0,0,0,0,0,0,0,0,0,0,0,0,0,0,0,0,0,0,0,0,0,0,0,0,0,0,0,0,0,0,0,0,0,0,0,0,0,0,0,0,0,0,0,0
1516,부동산신탁,11643,코람코자산신탁,B,SM005,요약재무상태표(‘11.03월 이후),B41,Ⅲ. 파생상품부채_통화관련,0,0,0,0,0,0,0,0,0,0,0,0,0,0,0,0,0,0,0,0,0,0,0,0,0,0,0,0,0,0,0,0,0,0,0,0,0,0,0,0,0,0,0,0,0,0,0,0,0,0,0,0,0,0
1517,부동산신탁,11643,코람코자산신탁,B,SM005,요약재무상태표(‘11.03월 이후),B42,Ⅲ. 파생상품부채_주식관련,0,0,0,0,0,0,0,0,0,0,0,0,0,0,0,0,0,0,0,0,0,0,0,0,0,0,0,0,0,0,0,0,0,0,0,0,0,0,0,0,0,0,0,0,0,0,0,0,0,0,0,0,0,0
1518,부동산신탁,11643,코람코자산신탁,B,SM005,요약재무상태표(‘11.03월 이후),B43,Ⅲ. 파생상품부채_신용관련,0,0,0,0,0,0,0,0,0,0,0,0,0,0,0,0,0,0,0,0,0,0,0,0,0,0,0,0,0,0,0,0,0,0,0,0,0,0,0,0,0,0,0,0,0,0,0,0,0,0,0,0,0,0
1519,부동산신탁,11643,코람코자산신탁,B,SM005,요약재무상태표(‘11.03월 이후),B44,Ⅲ. 파생상품부채_상품관련,0,0,0,0,0,0,0,0,0,0,0,0,0,0,0,0,0,0,0,0,0,0,0,0,0,0,0,0,0,0,0,0,0,0,0,0,0,0,0,0,0,0,0,0,0,0,0,0,0,0,0,0,0,0
1520,부동산신탁,11643,코람코자산신탁,B,SM005,요약재무상태표(‘11.03월 이후),B45,Ⅲ. 파생상품부채_기타파생상품부채,0,0,0,0,0,0,0,0,0,0,0,0,0,0,0,0,0,0,0,0,0,0,0,0,0,0,0,0,0,0,0,0,0,0,0,0,0,0,0,0, ,0,0,0,0,0,0,0,0,0,0,0,0,0
1521,부동산신탁,11643,코람코자산신탁,B,SM005,요약재무상태표(‘11.03월 이후),B46,Ⅲ. 파생상품부채_파생상품 신용위험평가조정액,0,0,0,0,0,0,0,0,0,0,0,0,0,0,0,0,0,0,0,0,0,0,0,0,0,0,0,0,0,0,0,0,0,50000000000,50000000000,125000000000,145000000000,105000000000,80000000000,60000000000,60000000000,60000000000,60000000000,30000000000,0,0,0,0,0,0,0,20000000000,30000000000,30000000000
1522,부동산신탁,11643,코람코자산신탁,B,SM005,요약재무상태표(‘11.03월 이후),B47,Ⅲ. 파생상품부채_파생상품 거래일손익인식평가조정액,0,0,0,0,0,0,0,0,0,0,0,0,0,0,0,0,0,0,0,0,0,0,0,0,0,0,0,0,0,0,0,0,0,0,0,0,0,0,0,0, ,0,0,0,0,0,0,0,0,0,0,0,0,0
1523,부동산신탁,11643,코람코자산신탁,B,SM005,요약재무상태표(‘11.03월 이후),B5,Ⅴ. 요구불상환지분,0,0,0,0,0,0,0,0,0,0,0,0,0,0,0,0,0,0,0,0,0,0,0,0,0,0,0,0,0,0,0,0,0,0,0,0,0,0,0,0,0,0,0,0,0,0,0,0,0,0,0,0,0,0
1524,부동산신탁,11643,코람코자산신탁,B,SM005,요약재무상태표(‘11.03월 이후),C,자본총계,78116731111,80587179501,85009641588,77004284432,79573280145,86503671641,87350897678,86434183540,98251226673,103606066643,104061866521,105578300266,110044740741,112926839104,114791396521,115972681786,121670770489,128036455265,138925608317,140736014634,149938084472,186770985607,176595326951,182437886043,195728234236,207183180569,216242160019,231971994215,240247090606,262007358685,250091357590,257658366187,259344851802,260795734427,268419597017,279439307186,287357583938,286619434264,353105273784,367076021177,376904144426,379591285300,379456054950,407534530548,424287478349,437164747284,443859496913,450078490378,425784010359,440060270226,442166926877,444730867000,445226379134,483131092095
1525,부동산신탁,11643,코람코자산신탁,B,SM005,요약재무상태표(‘11.03월 이후),C1,Ⅰ. 자본금,10000000000,10000000000,10000000000,10000000000,10000000000,10000000000,10000000000,10000000000,10000000000,10000000000,10000000000,10000000000,10000000000,10000000000,10000000000,10000000000,10000000000,10000000000,10000000000,10498935000,10498935000,10498935000,10498935000,11022815000,11022815000,11022815000,11022815000,11022815000,11022815000,11022815000,11022815000,11022815000,11022815000,11022815000,11022815000,11022815000,11022815000,11022815000,16092980000,16092980000,16092980000,16092980000,16092980000,16092980000,16092980000,16092980000,16092980000,16092980000,16092980000,16092980000,16092980000,16092980000,16092980000,16092980000
1526,부동산신탁,11643,코람코자산신탁,B,SM005,요약재무상태표(‘11.03월 이후),C10,Ⅰ. 자본금_보통주자본금,10000000000,10000000000,10000000000,10000000000,10000000000,10000000000,10000000000,10000000000,10000000000,10000000000,10000000000,10000000000,10000000000,10000000000,10000000000,10000000000,10000000000,10000000000,10000000000,10498935000,10498935000,10498935000,10498935000,11022815000,11022815000,11022815000,11022815000,11022815000,11022815000,11022815000,11022815000,11022815000,11022815000,11022815000,11022815000,11022815000,11022815000,11022815000,16092980000,16092980000,16092980000,16092980000,16092980000,16092980000,16092980000,16092980000,16092980000,16092980000,16092980000,16092980000,16092980000,16092980000,16092980000,16092980000
1527,부동산신탁,11643,코람코자산신탁,B,SM005,요약재무상태표(‘11.03월 이후),C11,Ⅰ. 자본금_우선주자본금,0,0,0,0,0,0,0,0,0,0,0,0,0,0,0,0,0,0,0,0,0,0,0,0,0,0,0,0,0,0,0,0,0,0,0,0,0,0,0,0,0,0,0,0,0,0,0,0,0,0,0,0,0,0
1528,부동산신탁,11643,코람코자산신탁,B,SM005,요약재무상태표(‘11.03월 이후),C110,Ⅰ. 자본금_우선주자본금_상환우선주,0,0,0,0,0,0,0,0,0,0,0,0,0,0,0,0,0,0,0,0,0,0,0,0,0,0,0,0,0,0,0,0,0,0,0,0,0,0,0,0, ,0,0,0,0,0,0,0,0,0,0,0,0,0
1529,부동산신탁,11643,코람코자산신탁,B,SM005,요약재무상태표(‘11.03월 이후),C111,Ⅰ. 자본금_우선주자본금_전환우선주,0,0,0,0,0,0,0,0,0,0,0,0,0,0,0,0,0,0,0,0,0,0,0,0,0,0,0,0,0,0,0,0,0,0,0,0,0,0,0,0, ,0,0,0,0,0,0,0,0,0,0,0,0,0
1530,부동산신탁,11643,코람코자산신탁,B,SM005,요약재무상태표(‘11.03월 이후),C112,Ⅰ. 자본금_우선주자본금_기타,0,0,0,0,0,0,0,0,0,0,0,0,0,0,0,0,0,0,0,0,0,0,0,0,0,0,0,0,0,0,0,0,0,0,0,0,0,0,0,0, ,0,0,0,0,0,0,0,0,0,0,0,0,0
1531,부동산신탁,11643,코람코자산신탁,B,SM005,요약재무상태표(‘11.03월 이후),C2,Ⅱ. 자본잉여금,702663200,702663200,702663200,702663200,702663200,702663200,702663200,702663200,702663200,702663200,702663200,702663200,702663200,702663200,702663200,702663200,702663200,702663200,702663200,702663200,702663200,702663200,702663200,702663200,702663200,702663200,702663200,702663200,702663200,702663200,702663200,702663200,702663200,702663200,702663200,702663200,702663200,702663200,61514260410,61514260410,61514260410,61514260410,61514260410,61514260410,61514260410,61514260410,61514260410,61514260410,61514260410,61514260410,61514260410,61514260410,61514260410,61514260410
1532,부동산신탁,11643,코람코자산신탁,B,SM005,요약재무상태표(‘11.03월 이후),C20,Ⅱ. 자본잉여금_주식발행초과금,702663200,702663200,702663200,702663200,702663200,702663200,702663200,702663200,702663200,702663200,702663200,702663200,702663200,702663200,702663200,702663200,702663200,702663200,702663200,702663200,702663200,702663200,702663200,702663200,702663200,702663200,702663200,702663200,702663200,702663200,702663200,702663200,702663200,702663200,702663200,702663200,702663200,702663200,61514260410,61514260410,61514260410,61514260410,61514260410,61514260410,61514260410,61514260410,61514260410,61514260410,61514260410,61514260410,61514260410,61514260410,61514260410,61514260410
1533,부동산신탁,11643,코람코자산신탁,B,SM005,요약재무상태표(‘11.03월 이후),C21,Ⅱ. 자본잉여금_감자차익,0,0,0,0,0,0,0,0,0,0,0,0,0,0,0,0,0,0,0,0,0,0,0,0,0,0,0,0,0,0,0,0,0,0,0,0,0,0,0,0, ,0,0,0,0,0,0,0,0,0,0,0,0,0
1534,부동산신탁,11643,코람코자산신탁,B,SM005,요약재무상태표(‘11.03월 이후),C22,Ⅱ. 자본잉여금_자기주식처분이익,0,0,0,0,0,0,0,0,0,0,0,0,0,0,0,0,0,0,0,0,0,0,0,0,0,0,0,0,0,0,0,0,0,0,0,0,0,0,0,0, ,0,0,0,0,0,0,0,0,0,0,0,0,0
1535,부동산신탁,11643,코람코자산신탁,B,SM005,요약재무상태표(‘11.03월 이후),C23,Ⅱ. 자본잉여금_기타자본잉여금,0,0,0,0,0,0,0,0,0,0,0,0,0,0,0,0,0,0,0,0,0,0,0,0,0,0,0,0,0,0,0,0,0,0,0,0,0,0,0,0, ,0,0,0,0,0,0,0,0,0,0,0,0,0
1536,부동산신탁,11643,코람코자산신탁,B,SM005,요약재무상태표(‘11.03월 이후),C3,Ⅲ. 자본조정,-102096000,-102096000,-102096000,-102096000,-102096000,-102096000,-102096000,-102096000,-102096000,-102096000,-102096000,-102096000,-102096000,-102096000,-102096000,-102096000,-102096000,-102096000,-102096000,-102096000,-102096000,-102096000,-102096000,-102096000,-102096000,-102096000,-102096000,-102096000,-102096000,-102096000,-102096000,-102096000,-102096000,-102096000,-102096000,-102096000,-102096000,-102096000,-102096000,-102096000,-102096000,-102096000,-102096000,0,0,0,0,0,0,0,0,0,0,0
1537,부동산신탁,11643,코람코자산신탁,B,SM005,요약재무상태표(‘11.03월 이후),C30,Ⅲ. 자본조정_주식할인발행차금,0,0,0,0,0,0,0,0,0,0,0,0,0,0,0,0,0,0,0,0,0,0,0,0,0,0,0,0,0,0,0,0,0,0,0,0,0,0,0,0, ,0,0,0,0,0,0,0,0,0,0,0,0,0
1538,부동산신탁,11643,코람코자산신탁,B,SM005,요약재무상태표(‘11.03월 이후),C31,Ⅲ. 자본조정_자기주식,-102096000,-102096000,-102096000,-102096000,-102096000,-102096000,-102096000,-102096000,-102096000,-102096000,-102096000,-102096000,-102096000,-102096000,-102096000,-102096000,-102096000,-102096000,-102096000,-102096000,-102096000,-102096000,-102096000,-102096000,-102096000,-102096000,-102096000,-102096000,-102096000,-102096000,-102096000,-102096000,-102096000,-102096000,-102096000,-102096000,-102096000,-102096000,-102096000,-102096000,-102096000,-102096000,-102096000,0,0,0,0,0,0,0,0,0,0,0
1539,부동산신탁,11643,코람코자산신탁,B,SM005,요약재무상태표(‘11.03월 이후),C32,Ⅲ. 자본조정_자기주식처분손실,0,0,0,0,0,0,0,0,0,0,0,0,0,0,0,0,0,0,0,0,0,0,0,0,0,0,0,0,0,0,0,0,0,0,0,0,0,0,0,0, ,0,0,0,0,0,0,0,0,0,0,0,0,0
1540,부동산신탁,11643,코람코자산신탁,B,SM005,요약재무상태표(‘11.03월 이후),C33,Ⅲ. 자본조정_주식매입선택권,0,0,0,0,0,0,0,0,0,0,0,0,0,0,0,0,0,0,0,0,0,0,0,0,0,0,0,0,0,0,0,0,0,0,0,0,0,0,0,0, ,0,0,0,0,0,0,0,0,0,0,0,0,0
1541,부동산신탁,11643,코람코자산신탁,B,SM005,요약재무상태표(‘11.03월 이후),C34,Ⅲ. 자본조정_신주청약증거금,0,0,0,0,0,0,0,0,0,0,0,0,0,0,0,0,0,0,0,0,0,0,0,0,0,0,0,0,0,0,0,0,0,0,0,0,0,0,0,0, ,0,0,0,0,0,0,0,0,0,0,0,0,0
1542,부동산신탁,11643,코람코자산신탁,B,SM005,요약재무상태표(‘11.03월 이후),C35,Ⅲ. 자본조정_기타,0,0,0,0,0,0,0,0,0,0,0,0,0,0,0,0,0,0,0,0,0,0,0,0,0,0,0,0,0,0,0,0,0,0,0,0,0,0,0,0, ,0,0,0,0,0,0,0,0,0,0,0,0,0
1543,부동산신탁,11643,코람코자산신탁,B,SM005,요약재무상태표(‘11.03월 이후),C4,Ⅳ. 기타포괄손익누계액,14098800,-32897200,722399863,950366563,933007663,945897163,959153263,899998063,891039763,870974263,513488563,506815663,417532963,460370563,1041197563,1155736663,1115527663,1132484864,1140117163,1144270663,1184120863,1251668863,226584154,186949298,194037668,268072312,263566436,0,0,0,0,0,0,0,0,0,0,0,0,0,0,0,0,0,0,0,0,0,0,0,0,0,0,0
1544,부동산신탁,11643,코람코자산신탁,B,SM005,요약재무상태표(‘11.03월 이후),C40,Ⅳ. 기타포괄손익누계액_기타포괄손익-공정가치측정금융자산평가손익,14098800,-32897200,722399863,950366563,933007663,945897163,959153263,899998063,891039763,870974263,513488563,506815663,417532963,460370563,1041197563,1155736663,1115527663,1132484864,1140117163,1144270663,1184120863,1251668863,226584154,186949298,194037668,268072312,263566436,0,0,0,0,0,0,0,0,0,0,0,0,0,0,0,0,0,0,0,0,0,0,0,0,0,0,0
1545,부동산신탁,11643,코람코자산신탁,B,SM005,요약재무상태표(‘11.03월 이후),C41,Ⅳ. 기타포괄손익누계액_기타포괄손익-공정가치측정금융자산처분손익, , , , , , , , , , , , , , , , , , , , , , , , , , , , , , , , , , , , , , , , , , , , , , , , , , ,0, , , 
1546,부동산신탁,11643,코람코자산신탁,B,SM005,요약재무상태표(‘11.03월 이후),C42,Ⅳ. 기타포괄손익누계액_지분법 자본변동,0,0,0,0,0,0,0,0,0,0,0,0,0,0,0,0,0,0,0,0,0,0,0,0,0,0,0,0,0,0,0,0,0,0,0,0,0,0,0,0, ,0,0,0,0,0,0,0,0,0,0,0,0,0
1547,부동산신탁,11643,코람코자산신탁,B,SM005,요약재무상태표(‘11.03월 이후),C43,Ⅳ. 기타포괄손익누계액_부의 지분법 자본변동,0,0,0,0,0,0,0,0,0,0,0,0,0,0,0,0,0,0,0,0,0,0,0,0,0,0,0,0,0,0,0,0,0,0,0,0,0,0,0,0, ,0,0,0,0,0,0,0,0,0,0,0,0,0
1548,부동산신탁,11643,코람코자산신탁,B,SM005,요약재무상태표(‘11.03월 이후),C44,Ⅳ. 기타포괄손익누계액_위험회피 파생상품평가손익,0,0,0,0,0,0,0,0,0,0,0,0,0,0,0,0,0,0,0,0,0,0,0,0,0,0,0,0,0,0,0,0,0,0,0,0,0,0,0,0, ,0,0,0,0,0,0,0,0,0,0,0,0,0
1549,부동산신탁,11643,코람코자산신탁,B,SM005,요약재무상태표(‘11.03월 이후),C45,Ⅳ. 기타포괄손익누계액_외환차이누계액,0,0,0,0,0,0,0,0,0,0,0,0,0,0,0,0,0,0,0,0,0,0,0,0,0,0,0,0,0,0,0,0,0,0,0,0,0,0,0,0, ,0,0,0,0,0,0,0,0,0,0,0,0,0
1550,부동산신탁,11643,코람코자산신탁,B,SM005,요약재무상태표(‘11.03월 이후),C46,Ⅳ. 기타포괄손익누계액_유형자산재평가이익,0,0,0,0,0,0,0,0,0,0,0,0,0,0,0,0,0,0,0,0,0,0,0,0,0,0,0,0,0,0,0,0,0,0,0,0,0,0,0,0, ,0,0,0,0,0,0,0,0,0,0,0,0,0
1551,부동산신탁,11643,코람코자산신탁,B,SM005,요약재무상태표(‘11.03월 이후),C47,Ⅳ. 기타포괄손익누계액_기타,0,0,0,0,0,0,0,0,0,0,0,0,0,0,0,0,0,0,0,0,0,0,0,0,0,0,0,0,0,0,0,0,0,0,0,0,0,0,0,0, ,0,0,0,0,0,0,0,0,0,0,0,0,0
1552,부동산신탁,11643,코람코자산신탁,B,SM005,요약재무상태표(‘11.03월 이후),C5,Ⅴ. 이익잉여금,67502065111,70019509501,73686674525,65453350669,68039705282,74957207278,75791177215,74933618277,86759619710,92134525180,92947810758,94470917403,99026640578,101865901341,103149631758,104216377923,109954675626,116303403201,127184923954,128492241771,137654461409,174419814544,165269240597,170627554545,183910814368,195291726057,204355211383,220348612015,228623708406,250383976485,238467975390,246034983987,247721469602,249172352227,256796214817,267815924986,275734201738,274996052064,275600129374,289570876767,299399000016,302086140890,301950910540,329927290138,346680237939,359557506874,366252256503,372471249968,348176769949,362453029816,364559686467,367123626590,367619138724,405523851685
1553,부동산신탁,11643,코람코자산신탁,B,SM005,요약재무상태표(‘11.03월 이후),C50,Ⅴ. 이익잉여금_이익준비금,5684098734,5684098734,5684098734,5684098734,5684098734,5684098734,5684098734,5684098734,5684098734,5684098734,5684098734,5684098734,5684098734,5684098734,5684098734,5684098734,5684098734,5684098734,5684098734,5684098734,5684098734,5684098734,5684098734,5684098734,5684098734,5684098734,5684098734,5684098734,5684098734,5684098734,5684098734,5684098734,5684098734,5684098734,5684098734,5684098734,5684098734,5684098734,5684098734,6166250034,6166250034,6166250034,6166250034,6648401334,6648401334,6648401334,6648401334,6648401334,6648401334,7130552634,7130552634,7371628284,7371628284,7371628284
1554,부동산신탁,11643,코람코자산신탁,B,SM005,요약재무상태표(‘11.03월 이후),C51,Ⅴ. 이익잉여금_대손준비금,81122733,58016953,109487899,143084647,201193366,1536023002,1811962258,2543594356,2558282360,3864826687,7427424004,6102759845,5001965020,3333661810,4831972431,5070011168,5283830111,9689980066,2841061392,3815750814,3804105775,6123759671,6179686820,7471972731,8476354155,11214227413,11237216844,9289808372,11639100697,15375557550,13839322017,15370925832,16479798948,19082478746,15135100751,16386017865,62116069197,68901998597,64902892475,65999488283,43733965752,25658420604,17105455967,9805519603,12399365214,14759153895,14940233966,16607330481,25473178262,25456855634,18020722746,18636449334,16892166583,11407456665
1555,부동산신탁,11643,코람코자산신탁,B,SM005,요약재무상태표(‘11.03월 이후),C52,Ⅴ. 이익잉여금_전자금융사고배상준비금,0,0,0,0,0,0,0,0,0,0,0,0,0,0,0,0,0,0,0,0,0,0,0,0,0,0,0,0,0,0,0,0,0,0,0,0,0,0,0,0, ,0,0,0,0,0,0,0,0,0,0,0,0,0
1556,부동산신탁,11643,코람코자산신탁,B,SM005,요약재무상태표(‘11.03월 이후),C53,Ⅴ. 이익잉여금_기타법정준비금,0,0,0,0,0,0,0,0,0,0,0,0,0,0,0,0,0,0,0,0,0,0,0,0,0,0,0,0,0,0,0,0,0,0,0,0,0,0,0,0, ,0,0,0,0,0,0,0,0,0,0,0,0,0
1557,부동산신탁,11643,코람코자산신탁,B,SM005,요약재무상태표(‘11.03월 이후),C54,Ⅴ. 이익잉여금_신탁사업적립금,7804131786,7804131786,7804131786,8723389263,8723389263,8723389263,8723389263,9233201432,9233201432,9233201432,9233201432,10000000000,10000000000,10000000000,10000000000,10000000000,10000000000,10000000000,10000000000,10000000000,10000000000,10000000000,10000000000,10000000000,10000000000,10000000000,10000000000,10000000000,10000000000,10000000000,10000000000,11022815000,11022815000,11022815000,11022815000,11022815000,11022815000,11022815000,11022815000,13233252806,13233252806,13233252806,13233252806,16092980000,16092980000,16092980000,16092980000,16092980000,16092980000,16092980000,16092980000,16092980000,16092980000,16092980000
1558,부동산신탁,11643,코람코자산신탁,B,SM005,요약재무상태표(‘11.03월 이후),C55,Ⅴ. 이익잉여금_임의적립금,0,0,0,0,0,0,0,0,0,0,0,0,0,0,0,0,0,0,0,0,0,0,0,0,0,0,0,0,0,0,0,0,0,0,0,0,0,0,0,0, ,0,0,0,0,0,0,0,0,0,0,0,0,0
1559,부동산신탁,11643,코람코자산신탁,B,SM005,요약재무상태표(‘11.03월 이후),C56,Ⅴ. 이익잉여금_미처분이익잉여금,53932711858,56473262028,60088956106,50902778025,53431023919,59013696279,59571726960,57472723755,69284037184,73352398327,70603086588,72684058824,78340576824,82848140797,82633560593,83462268021,88986746781,90929324401,108659763828,108992392223,118166256900,152611956139,143405455043,147471483080,159750361479,168393399910,177433895805,195374704909,201300508975,219324320201,208944554639,213957144421,214534756920,213382959747,224954200332,234722993387,196911218807,189387139733,193990323165,204171885644,236265531424,257028217446,265445951733,297380389201,311539491391,322056971645,328570641203,333122538153,299962210353,313772641548,323315431087,325022568972,327262363857,370651786736
1560,부동산신탁,11643,코람코자산신탁,B,SM005,요약재무상태표(‘11.03월 이후),C57,Ⅴ. 이익잉여금_(당기순이익),3007965352,5525409742,9192574766,-5239704856,-2653350243,4264151753,5098121690,2136060062,13962061495,19336966965,20150252543,4516725645,9072448820,11911709583,13195440000,4060365165,9798662868,16147390443,27028911196,4799873317,13962092955,50727446090,41576872143,9025496698,22308756521,33689668210,42753153536,18702316857,27305394087,49065662166,37149661071,10867472097,12553957712,14004840337,21628702927,14320173669,22238450421,21500300747,22104378057,18792260393,28620383642,31307524516,31172294166,32899988598,49652936399,62530205334,69224954963,11040506465,-13253973554,1022286313,3128942964,4974696623,5470208757,43374921718
1561,부동산신탁,11877,신한자산신탁주식회사,B,SM005,요약재무상태표(‘11.03월 이후),A,자산총계,25071857297,26541716111,28009322747,28675714550,29629383519,30838047587,31027204505,31355761779,33728659452,34619155034,37352178113,39892089182,38979020472,39697969971,46931387738,45138899676,50597066576,51707960173,59585666416,60251779214,69745538484,73041907906,89950425070,98039671263,108841873101,121137474259,130092604040,136833452812,127824185266,133282169601,134975088462,149901062179,152393787954,163822966646,172793418393,184866031990,202245883125,226344408516,259899043712,280995357066,296900616923,319483497392,373487875624,383747046240,395039649401,413501402629,435815484204,436358767338,440572404172,461123762222,463445169303,549804102308,617736017459,712472371041
1562,부동산신탁,11877,신한자산신탁주식회사,B,SM005,요약재무상태표(‘11.03월 이후),A1,Ⅰ. 현금 및 예치금,14640543448,15593132517,16777529708,17703076821,16353444386,13586123059,9763354777,11791495062,13790323071,13876483926,14803857501,11714117102,9368607771,9009297257,14201183723,12064849781,15309363931,14604416149,25023486875,22095536963,25433595958,31508910351,62935546090,70688829902,73773228769,84944028138,24934273861,40519955725,41364556761,35890762987,22916496399,27646788835,29973686229,25789896285,16225383907,111379305361,134734202648,165989654750,185500693591,175191975956,192650178548,214745260180,226575518019,112260112943,193343345578,337816384556,320233268648,307783796678,276080400389,241775723911,189534003668,205855616659,238960170018,239696495230
1563,부동산신탁,11877,신한자산신탁주식회사,B,SM005,요약재무상태표(‘11.03월 이후),A10,Ⅰ. 현금 및 예치금_현금 및 현금성 자산,9873694600,11576283669,12760680860,16553076821,14753444386,12586123059,9109367332,11137507617,13136335626,13876483926,14803857501,11714117102,9368607771,9009297257,14041887393,12064849781,15309363931,14604416149,24023486875,22095536963,25433595958,31508910351,62935546090,70688829902,73757446686,84905893305,21918491778,39504173642,39348774678,33874980904,22916496399,27646788835,29973686229,25789896285,16225383907,111379305361,134734202648,165989654750,35500693591,25191975956,32650178548,74745260180,136575518019,62260112943,143343345578,287816384556,320233268648,307783796678,276080400389,241775723911,189534003668,205855616659,238960170018,239696495230
1564,부동산신탁,11877,신한자산신탁주식회사,B,SM005,요약재무상태표(‘11.03월 이후),A100,Ⅰ. 현금 및 예치금_현금 및 현금성 자산_현금,0,0,0,0,0,0,0, , , , , , , , ,0, , ,0, , , , , , , ,0, , , , , , , , , , , , , , , , , , , , , , , , , , , 
1565,부동산신탁,11877,신한자산신탁주식회사,B,SM005,요약재무상태표(‘11.03월 이후),A101,Ⅰ. 현금 및 예치금_현금 및 현금성 자산_정기예.적금,2033151152,5033151152,7533151152,10900000000,11450000000,4000000000,5000000000,0,0,2000000000,2000000000,2000000000,4000000000,4000000000,4000000000,5000000000,5000000000,7000000000,9000000000,9007914520,11000000000,8000000000,14000000000,13000000000,11000000000,11000000000,10000000000,13000000000,9000000000,12000000000,11000000000,9000000000,9000000000,2000000000,2000000000,0,110000000000,130500000000,500000000,0,0,40000000000,90000000000,40000000000,120000000000,110000000000,110000000000,70078445205, ,50000000000,50172082662,0,85243378786,83472941896
1566,부동산신탁,11877,신한자산신탁주식회사,B,SM005,요약재무상태표(‘11.03월 이후),A102,Ⅰ. 현금 및 예치금_현금 및 현금성 자산_보통예금,0,1196965900,0,261485420,827315,1321202607,0,760676381,27585960,38514230,677218830,165209410,71058456,81253801,507854965,498179793,457944700,254909204,130283462,135135561,480412199,1784026263,605016131,1856085041,1753231496,8483576052,2403422085,16668190386,7727557100,9565273682,2350044937,3815051238,15009668989,6852553709,1727616540,8153458856,6451523172,14795502182,4901684861,12412714614,18353176201,22951582366,8627615861,13139822356,12304509855,13610019296,13004642491,9549847656,9622341556,17713029281,8729151143,16924927851,67131602378,36592915433
1567,부동산신탁,11877,신한자산신탁주식회사,B,SM005,요약재무상태표(‘11.03월 이후),A103,Ⅰ. 현금 및 예치금_현금 및 현금성 자산_당좌예금,0,0,0,0,0,0,0, , , , , , , , ,0, , ,0, , , , , , , ,0, , , , , , , , , , , , , , , , , , , , , , , , , , , 
1568,부동산신탁,11877,신한자산신탁주식회사,B,SM005,요약재무상태표(‘11.03월 이후),A104,Ⅰ. 현금 및 예치금_현금 및 현금성 자산_외화예금,0,0,0,0,0,0,0, , , , , , , , ,0, , ,0, , , , , , , ,0, , , , , , , , , , , , , , , , , , , , , , , , , , , 
1569,부동산신탁,11877,신한자산신탁주식회사,B,SM005,요약재무상태표(‘11.03월 이후),A105,Ⅰ. 현금 및 예치금_현금 및 현금성 자산_양도성예금증서,0,0,0,0,0,0,0, , , , , , , , ,0, , ,0, , , , , , , ,0, , , , , , , , , , , , , , , , , , , , , , , , , , , 
1570,부동산신탁,11877,신한자산신탁주식회사,B,SM005,요약재무상태표(‘11.03월 이후),A106,Ⅰ. 현금 및 예치금_현금 및 현금성 자산_MMDA,1263211724,94370038,215102864,132094721,210157849,159836376,375911362,1113871968,1886301377,2594811216,1569111193,4609336078,2394033531,1732188455,1478028714,1195111541,1174649943,731697507,471854580,931953739,488855599,1643372752,245432836,456207173,3912784377,3147331376,3954663707,3303659865,11240387265,1392817868,3395906911,4121529774,5905826566,7836501762,3228005204,103225846505,18282679476,20694152568,30099008730,12779261342,14297002347,11793677814,37947902158,9120290587,8038835723,6033489415,197228626157,374199724,9560164939,133076278245,130632769346,188930688808,86585188854,119630637901
1571,부동산신탁,11877,신한자산신탁주식회사,B,SM005,요약재무상태표(‘11.03월 이후),A107,Ⅰ. 현금 및 예치금_현금 및 현금성 자산_MMF,0,0,0,0,0,0,0, , , , , , , , ,0, , ,0, , , , , ,50064971186,56256009180,0,0,0,0,0,0,0,0,0,0,0,0,0,0,0,0,0,0,0,0,0,0, ,0,0,0,0,0
1572,부동산신탁,11877,신한자산신탁주식회사,B,SM005,요약재무상태표(‘11.03월 이후),A108,Ⅰ. 현금 및 예치금_현금 및 현금성 자산_금융어음,0,0,0,0,0,0,0, , , , , , , , ,0, , ,0, , , , , , , ,0, , , , , , , , , , , , , , , , , , , , , , , , , , , 
1573,부동산신탁,11877,신한자산신탁주식회사,B,SM005,요약재무상태표(‘11.03월 이후),A109,Ⅰ. 현금 및 예치금_현금 및 현금성 자산_기타,6577331724,5251796579,5012426844,5259496680,3092459222,7105084076,3733455970,9262959268,11222448289,9243158480,10557527478,4939571614,2903515784,3195855001,8056003714,5371558447,8676769288,6617809438,14421348833,12020533143,13464328160,20081511336,48085097123,55376537688,7026459627,6018976697,5560405986,6532323391,11380830313,10916889354,6170544551,10710207823,58190674,9100840814,9269762163,0,0,0,0,0,0,0,0,0,3000000000,158172875845,0,227781304093,256897893894,40986416385,517,0,0,0
1574,부동산신탁,11877,신한자산신탁주식회사,B,SM005,요약재무상태표(‘11.03월 이후),A11,Ⅰ. 현금 및 예치금_예치금,4766848848,4016848848,4016848848,1150000000,1600000000,1000000000,653987445,653987445,653987445,0,0,0,0,0,159296330,0,0,0,1000000000,0,0,0,0,0,15782083,38134833,3015782083,1015782083,2015782083,2015782083,0,0,0,0,0,0,0,0,150000000000,150000000000,160000000000,140000000000,90000000000,50000000000,50000000000,50000000000,0,0,0,0,0,0,0,0
1575,부동산신탁,11877,신한자산신탁주식회사,B,SM005,요약재무상태표(‘11.03월 이후),A110,Ⅰ. 현금 및 예치금_예치금_장기성예금,2300000000,1550000000,1550000000,1150000000,1600000000,1000000000,0,0,0,0,0,0,0,0,0,0,0,0,0,0,0,0,0,0,0,0,3000000000,1000000000,2000000000,2000000000,0,0,0,0,0,0,0,0,150000000000,150000000000,160000000000,140000000000,90000000000,50000000000,50000000000,50000000000,0,0, ,0,0,0,0,0
1576,부동산신탁,11877,신한자산신탁주식회사,B,SM005,요약재무상태표(‘11.03월 이후),A111,Ⅰ. 현금 및 예치금_예치금_특정예금 등,2466848848,2466848848,2466848848,0,0,0,653987445,653987445,653987445,0,0,0,0,0,159296330,0,0,0,1000000000,0,0,0,0,0,15782083,38134833,15782083,15782083,15782083,15782083,0,0,0,0,0,0,0,0,0,0,0,0,0,0,0,0,0,0, ,0,0,0,0,0
1577,부동산신탁,11877,신한자산신탁주식회사,B,SM005,요약재무상태표(‘11.03월 이후),A112,Ⅰ. 현금 및 예치금_예치금_신탁공탁금,0,0,0,0,0,0,0, , , , , , , , ,0, , ,0, , , , , , , ,0, , , , , , , , , , , , , , , , , , , , , , , , , , , 
1578,부동산신탁,11877,신한자산신탁주식회사,B,SM005,요약재무상태표(‘11.03월 이후),A113,Ⅰ. 현금 및 예치금_예치금_기타,0,0,0,0,0,0,0,0,0,0,0,0,0,0,0,0,0,0,0,0,0,0,0,0,0,0,0,0,0,0,0,0,0,0,0,0,0,0,0,0,0,0,0,0,0,0,0,0,0,0,0,0,0,0
1579,부동산신탁,11877,신한자산신탁주식회사,B,SM005,요약재무상태표(‘11.03월 이후),A2,Ⅱ. 증권,1250000000,1850000000,1850000000,1850000000,1850000000,3030000000,3180000000,3305000000,3404000000,3305000000,4205000000,4460000000,5145400000,5150400000,7101400000,6746400000,6896400000,6896400000,7401392600,7964682830,10742023400,8409850050,7966300000,9986290000,14009561645,14415615680,64010896879,44812210803,34982005871,49581468005,52175938819,53477228090,67775269337,83493930009,101360925715,16110597615,17117576615,19622396115,16770991848,47148623362,47525241030,49344494923,86500656241,217914199243,156182829423,22510568540,22884927290,22781488434,23771965657,32727845761,23418554485,23604278812,23585910460,21967908245
1580,부동산신탁,11877,신한자산신탁주식회사,B,SM005,요약재무상태표(‘11.03월 이후),A20,Ⅱ. 증권_당기손익-공정가치측정증권,0,0,0,0,0,0,0,0,0,0,0,0,0,0,0,0,0,0,357492600,295782830,523223400,161050050,0,20000000,3043271645,4029325680,48859865799,44712220803,34882015871,49581468005,52175938819,53477228090,67775269337,83493930009,101360925715,16110597615,17117576615,19622396115,16770991848,47148623362,47525241030,49344494923,86500656241,217914199243,156182829423,22510568540,22884927290,22781488434,23771965657,32727845761,23418554485,23604278812,23585910460,21967908245
1581,부동산신탁,11877,신한자산신탁주식회사,B,SM005,요약재무상태표(‘11.03월 이후),A200,Ⅱ. 증권_당기손익-공정가치측정증권_주식,0,0,0,0,0,0,0, , , , , , , , ,0, , ,357492600,295782830,523223400,161050050,0,20000000,3043271645,4029325680,4903435463,4994903704,3503136940,4059275070,112242200,227097800,69705900,44695000,0,0,0,0,0,0,0,0,0,0,0,0,0,0, ,0,0,0,0,0
1582,부동산신탁,11877,신한자산신탁주식회사,B,SM005,요약재무상태표(‘11.03월 이후),A201,Ⅱ. 증권_당기손익-공정가치측정증권_국채·지방채,0,0,0,0,0,0,0, , , , , , , , ,0, , ,0, , , , , , , ,0, , , , , , , , , , , , , , , , , , , , , , , , , , , 
1583,부동산신탁,11877,신한자산신탁주식회사,B,SM005,요약재무상태표(‘11.03월 이후),A202,Ⅱ. 증권_당기손익-공정가치측정증권_특수채,0,0,0,0,0,0,0, , , , , , , , ,0, , ,0, , , , , , , ,0, , , , , , , , , , , , , , , , , , , , , , , , , , , 
1584,부동산신탁,11877,신한자산신탁주식회사,B,SM005,요약재무상태표(‘11.03월 이후),A203,Ⅱ. 증권_당기손익-공정가치측정증권_회사채,0,0,0,0,0,0,0, , , , , , , , ,0, , ,0, , , , , , , ,0, , , , , , , , , , , , , , , , , , , , , , , , , , , 
1585,부동산신탁,11877,신한자산신탁주식회사,B,SM005,요약재무상태표(‘11.03월 이후),A204,Ⅱ. 증권_당기손익-공정가치측정증권_집합투자증권,0,0,0,0,0,0,0,0,0,0,0,0,0,0,0,0,0,0,0,0,0,0,0,0,0,0,43956430336,24106276019,15767837851,29786151855,37449308737,38635742408,54072053033,70857604365,85141248100,0,0,0,0,30007957514,30038690182,30089076075,65250815051,155536719790,132163304118,0,0,0,1571498486,1743267543,1741258846,1746884709,1748363692,1778278701
1586,부동산신탁,11877,신한자산신탁주식회사,B,SM005,요약재무상태표(‘11.03월 이후),A205,Ⅱ. 증권_당기손익-공정가치측정증권_기업어음증권,0,0,0,0,0,0,0, , , , , , , , ,0, , ,0, , , , , , , ,0, , , , , , , , , , , , , , , , , , , , , , , , , , , 
1587,부동산신탁,11877,신한자산신탁주식회사,B,SM005,요약재무상태표(‘11.03월 이후),A206,Ⅱ. 증권_당기손익-공정가치측정증권_외화증권,0,0,0,0,0,0,0,0,0,0,0,0,0,0,0,0,0,0,0,0,0,0,0,0,0,0,0,0,0,0,0,0,0,0,0,0,0,0,0,0,0,0,0,0,0,0,0,0,0,0,0,0,0,0
1588,부동산신탁,11877,신한자산신탁주식회사,B,SM005,요약재무상태표(‘11.03월 이후),A207,Ⅱ. 증권_당기손익-공정가치측정증권_기타,0,0,0,0,0,0,0,0,0,0,0,0,0,0,0,0,0,0,0,0,0,0,0,0,0,0,0,15611041080,15611041080,15736041080,14614387882,14614387882,13633510404,12591630644,16219677615,16110597615,17117576615,19622396115,16770991848,17140665848,17486550848,19255418848,21249841190,62377479453,24019525305,22510568540,22884927290,22781488434,22200467171,30984578218,21677295639,21857394103,21837546768,20189629544
1589,부동산신탁,11877,신한자산신탁주식회사,B,SM005,요약재무상태표(‘11.03월 이후),A21,Ⅱ. 증권_기타포괄손익-공정가치측정증권,1250000000,1850000000,1850000000,1850000000,1850000000,3030000000,3180000000,3305000000,3404000000,3305000000,4205000000,4460000000,5145400000,5150400000,7101400000,6746400000,6896400000,6896400000,7043900000,7668900000,10218800000,8248800000,7966300000,9966290000,10966290000,10386290000,15151031080,99990000,99990000,0,0,0,0,0,0,0,0,0,0,0,0,0,0,0,0,0,0,0,0,0,0,0,0,0
1590,부동산신탁,11877,신한자산신탁주식회사,B,SM005,요약재무상태표(‘11.03월 이후),A210,Ⅱ. 증권_기타포괄손익-공정가치측정증권_주식,1250000000,1850000000,1850000000,1850000000,1850000000,3030000000,3180000000,3305000000,3404000000,3305000000,4205000000,4460000000,5145400000,5150400000,7101400000,6746400000,6896400000,6896400000,7043900000,7668900000,10218800000,8248800000,7966300000,9966290000,10966290000,10386290000,15151031080,99990000,99990000,0,0,0,0,0,0,0,0,0,0,0,0,0,0,0,0,0,0,0, ,0,0,0,0,0
1591,부동산신탁,11877,신한자산신탁주식회사,B,SM005,요약재무상태표(‘11.03월 이후),A211,Ⅱ. 증권_기타포괄손익-공정가치측정증권_국채·지방채,0,0,0,0,0,0,0, , , , , , , , ,0, , ,0, , , , , , , ,0, , , , , , , , , , , , , , , , , , , , , , , , , , , 
1592,부동산신탁,11877,신한자산신탁주식회사,B,SM005,요약재무상태표(‘11.03월 이후),A212,Ⅱ. 증권_기타포괄손익-공정가치측정증권_특수채,0,0,0,0,0,0,0, , , , , , , , ,0, , ,0, , , , , , , ,0, , , , , , , , , , , , , , , , , , , , , , , , , , , 
1593,부동산신탁,11877,신한자산신탁주식회사,B,SM005,요약재무상태표(‘11.03월 이후),A213,Ⅱ. 증권_기타포괄손익-공정가치측정증권_회사채,0,0,0,0,0,0,0, , , , , , , , ,0, , ,0, , , , , , , ,0, , , , , , , , , , , , , , , , , , , , , , , , , , , 
1594,부동산신탁,11877,신한자산신탁주식회사,B,SM005,요약재무상태표(‘11.03월 이후),A214,Ⅱ. 증권_기타포괄손익-공정가치측정증권_집합투자증권,0,0,0,0,0,0,0,0,0,0,0,0,0,0,0,0,0,0,0,0,0,0,0,0,0,0,0,0,0,0,0,0,0,0,0,0,0,0,0,0,0,0,0,0,0,0,0,0,0,0,0,0,0,0
1595,부동산신탁,11877,신한자산신탁주식회사,B,SM005,요약재무상태표(‘11.03월 이후),A215,Ⅱ. 증권_기타포괄손익-공정가치측정증권_기업어음증권,0,0,0,0,0,0,0, , , , , , , , ,0, , ,0, , , , , , , ,0, , , , , , , , , , , , , , , , , , , , , , , , , , , 
1596,부동산신탁,11877,신한자산신탁주식회사,B,SM005,요약재무상태표(‘11.03월 이후),A216,Ⅱ. 증권_기타포괄손익-공정가치측정증권_외화증권,0,0,0,0,0,0,0,0,0,0,0,0,0,0,0,0,0,0,0,0,0,0,0,0,0,0,0,0,0,0,0,0,0,0,0,0,0,0,0,0,0,0,0,0,0,0,0,0,0,0,0,0,0,0
1597,부동산신탁,11877,신한자산신탁주식회사,B,SM005,요약재무상태표(‘11.03월 이후),A217,Ⅱ. 증권_기타포괄손익-공정가치측정증권_기타,0,0,0,0,0,0,0,0,0,0,0,0,0,0,0,0,0,0,0,0,0,0,0,0,0,0,0,0,0,0,0,0,0,0,0,0,0,0,0,0,0,0,0,0,0,0,0,0,0,0,0,0,0,0
1598,부동산신탁,11877,신한자산신탁주식회사,B,SM005,요약재무상태표(‘11.03월 이후),A22,Ⅱ. 증권_상각후원가측정증권,0,0,0,0,0,0,0,0,0,0,0,0,0,0,0,0,0,0,0,0,0,0,0,0,0,0,0,0,0,0,0,0,0,0,0,0,0,0,0,0,0,0,0,0,0,0,0,0,0,0,0,0,0,0
1599,부동산신탁,11877,신한자산신탁주식회사,B,SM005,요약재무상태표(‘11.03월 이후),A220,Ⅱ. 증권_상각후원가측정증권_국채·지방채,0,0,0,0,0,0,0, , , , , , , , ,0, , ,0, , , , , , , ,0, , , , , , , , , , , , , , , , , , , , , , , , , , , 
1600,부동산신탁,11877,신한자산신탁주식회사,B,SM005,요약재무상태표(‘11.03월 이후),A221,Ⅱ. 증권_상각후원가측정증권_특수채,0,0,0,0,0,0,0, , , , , , , , ,0, , ,0, , , , , , , ,0, , , , , , , , , , , , , , , , , , , , , , , , , , , 
1601,부동산신탁,11877,신한자산신탁주식회사,B,SM005,요약재무상태표(‘11.03월 이후),A222,Ⅱ. 증권_상각후원가측정증권_회사채,0,0,0,0,0,0,0, , , , , , , , ,0, , ,0, , , , , , , ,0, , , , , , , , , , , , , , , , , , , , , , , , , , , 
1602,부동산신탁,11877,신한자산신탁주식회사,B,SM005,요약재무상태표(‘11.03월 이후),A223,Ⅱ. 증권_상각후원가측정증권_기타,0,0,0,0,0,0,0, , , , , , , , ,0, , ,0, , , , , , , ,0, , , , , , , , , , , , , , , , , , , , , , , , , , , 
1603,부동산신탁,11877,신한자산신탁주식회사,B,SM005,요약재무상태표(‘11.03월 이후),A23,Ⅱ. 증권_관계회사투자지분,0,0,0,0,0,0,0,0,0,0,0,0,0,0,0,0,0,0,0,0,0,0,0,0,0,0,0,0,0,0,0,0,0,0,0,0,0,0,0,0,0,0,0,0,0,0,0,0,0,0,0,0,0,0
1604,부동산신탁,11877,신한자산신탁주식회사,B,SM005,요약재무상태표(‘11.03월 이후),A230,Ⅱ. 증권_관계회사투자지분_연결대상회사 투자지분,0,0,0,0,0,0,0,0,0,0,0,0,0,0,0,0,0,0,0,0,0,0,0,0,0,0,0,0,0,0,0,0,0,0,0,0,0,0,0,0,0,0,0,0,0,0,0,0,0,0,0,0,0,0
1605,부동산신탁,11877,신한자산신탁주식회사,B,SM005,요약재무상태표(‘11.03월 이후),A231,Ⅱ. 증권_관계회사투자지분_비연결대상회사 투자지분,0,0,0,0,0,0,0,0,0,0,0,0,0,0,0,0,0,0,0,0,0,0,0,0,0,0,0,0,0,0,0,0,0,0,0,0,0,0,0,0,0,0,0,0,0,0,0,0,0,0,0,0,0,0
1606,부동산신탁,11877,신한자산신탁주식회사,B,SM005,요약재무상태표(‘11.03월 이후),A24,Ⅱ. 증권_파생결합증권,0,0,0,0,0,0,0,0,0,0,0,0,0,0,0,0,0,0,0,0,0,0,0,0,0,0,0,0,0,0,0,0,0,0,0,0,0,0,0,0,0,0,0,0,0,0,0,0,0,0,0,0,0,0
1607,부동산신탁,11877,신한자산신탁주식회사,B,SM005,요약재무상태표(‘11.03월 이후),A25,Ⅱ. 증권_대손충당금(-), , , , , , , , , , , , , , , , , , , , , , , , , , , ,0,0,0,0,0,0,0,0,0,0,0,0,0,0,0,0,0,0,0,0,0,0,0,0,0,0,0
1608,부동산신탁,11877,신한자산신탁주식회사,B,SM005,요약재무상태표(‘11.03월 이후),A3,Ⅲ. 파생상품자산,0,0,0,0,0,0,0,0,0,0,0,0,0,0,0,0,0,0,0,0,0,0,0,0,0,0,0,0,0,0,0,0,0,0,0,0,0,0,0,0,0,0,0,0,0,0,0,0,0,0,0,0,0,0
1609,부동산신탁,11877,신한자산신탁주식회사,B,SM005,요약재무상태표(‘11.03월 이후),A30,Ⅲ. 파생상품자산_이자율관련,0,0,0,0,0,0,0,0,0,0,0,0,0,0,0,0,0,0,0,0,0,0,0,0,0,0,0,0,0,0,0,0,0,0,0,0,0,0,0,0,0,0,0,0,0,0,0,0,0,0,0,0,0,0
1610,부동산신탁,11877,신한자산신탁주식회사,B,SM005,요약재무상태표(‘11.03월 이후),A31,Ⅲ. 파생상품자산_통화관련,0,0,0,0,0,0,0,0,0,0,0,0,0,0,0,0,0,0,0,0,0,0,0,0,0,0,0,0,0,0,0,0,0,0,0,0,0,0,0,0,0,0,0,0,0,0,0,0,0,0,0,0,0,0
1611,부동산신탁,11877,신한자산신탁주식회사,B,SM005,요약재무상태표(‘11.03월 이후),A32,Ⅲ. 파생상품자산_주식관련,0,0,0,0,0,0,0,0,0,0,0,0,0,0,0,0,0,0,0,0,0,0,0,0,0,0,0,0,0,0,0,0,0,0,0,0,0,0,0,0,0,0,0,0,0,0,0,0,0,0,0,0,0,0
1612,부동산신탁,11877,신한자산신탁주식회사,B,SM005,요약재무상태표(‘11.03월 이후),A33,Ⅲ. 파생상품자산_신용관련,0,0,0,0,0,0,0,0,0,0,0,0,0,0,0,0,0,0,0,0,0,0,0,0,0,0,0,0,0,0,0,0,0,0,0,0,0,0,0,0,0,0,0,0,0,0,0,0,0,0,0,0,0,0
1613,부동산신탁,11877,신한자산신탁주식회사,B,SM005,요약재무상태표(‘11.03월 이후),A34,Ⅲ. 파생상품자산_상품관련,0,0,0,0,0,0,0,0,0,0,0,0,0,0,0,0,0,0,0,0,0,0,0,0,0,0,0,0,0,0,0,0,0,0,0,0,0,0,0,0,0,0,0,0,0,0,0,0,0,0,0,0,0,0
1614,부동산신탁,11877,신한자산신탁주식회사,B,SM005,요약재무상태표(‘11.03월 이후),A35,Ⅲ. 파생상품자산_기타파생상품자산,0,0,0,0,0,0,0, , , , , , , , ,0, , ,0, , , , , , , ,0, , , , , , , , , , , , , , , , , , , , , , , , , , , 
1615,부동산신탁,11877,신한자산신탁주식회사,B,SM005,요약재무상태표(‘11.03월 이후),A36,Ⅲ. 파생상품자산_파생상품Ⅲ. 파생상품자산_신용위험평가조정액,0,0,0,0,0,0,0, , , , , , , , ,0, , ,0, , , , , , , ,0, , , , , , , , , , , , , , , , , , , , , , , , , , , 
1616,부동산신탁,11877,신한자산신탁주식회사,B,SM005,요약재무상태표(‘11.03월 이후),A37,Ⅲ. 파생상품자산_파생상품Ⅲ. 파생상품자산_거래일손익인식평가조정액,0,0,0,0,0,0,0, , , , , , , , ,0, , ,0, , , , , , , ,0, , , , , , , , , , , , , , , , , , , , , , , , , , , 
1617,부동산신탁,11877,신한자산신탁주식회사,B,SM005,요약재무상태표(‘11.03월 이후),A4,Ⅳ. 대출채권,1789135657,2371282293,2406829559,2147496423,4220836289,7042312362,11369084490,6711610476,9228657168,10173863958,10950617927,16406152879,17309040624,18090606912,18623553252,20018455803,20887431895,22386216483,18858114916,19558862689,19434252066,18180060605,4221237518,3835048037,6456292669,6358632317,7568444288,20853027376,21959458690,17731723181,29284765711,32201465397,19380057445,21589667572,26940943612,28341200167,21146401200,11520960403,11955239421,11977702847,10773191164,6758151589,9748755268,3544117083,8923144736,12253798187,47816172731,59300862120,85040549147,129946535801,191031493090,256442930353,282593558921,386232421979
1618,부동산신탁,11877,신한자산신탁주식회사,B,SM005,요약재무상태표(‘11.03월 이후),A40,Ⅳ. 대출채권_(현재가치할인차금)(-),32702808,35924766,44485071,54087207,56534219,28541559,29982354,18953524,26679405,27567320,27330273,27419736,-21287631,13130515,10130208,357402,3009288,0,0,0,0,0,0,0,0,0,9611102,11187357,8933802,6017825,2127050,0,0,0,0,0,0,0,0,0,0,0,0,0,0,0,0,0, ,0,0,0,0,0
1619,부동산신탁,11877,신한자산신탁주식회사,B,SM005,요약재무상태표(‘11.03월 이후),A41,Ⅳ. 대출채권_(현재가치할증차금)(+),0,0,0,0,0,0,0,0, , , , , , , ,0, ,495754,0,0,0,0,0,0,0,0,0,0,0,0,0,528998,0,0,0,0,0,0,0,0,0,0,0,0,0,0,0,0, ,0,0,0,0,0
1620,부동산신탁,11877,신한자산신탁주식회사,B,SM005,요약재무상태표(‘11.03월 이후),A42,Ⅳ. 대출채권_(이연대출부대손익),0,0,0,0,0,0,0,0, , , , , , , ,0, , ,0, , , , , , , ,0, , , , , , , , , , , , , , , , , , , , , , , , , , , 
1621,부동산신탁,11877,신한자산신탁주식회사,B,SM005,요약재무상태표(‘11.03월 이후),A43,Ⅳ. 대출채권_대여금,1328944192,1643173234,1655612929,1654279793,1861832781,1892594441,2021153646,2036408476,1973682595,1980418680,2137655727,2039895264,1990027369,1867224485,1870224792,1889960598,1762808712,1616954754,1524092500,1436004500,1396004500,1465267500,1665267500,1666530500,1666530500,1671236500,1721236500,1671236500,1771236500,1606236500,1642054500,2032054500,2102054500,2142054500,1940288500,1920288500,1420288500,1434845500,1434845500,1384845500,1607917600,1570474600,1520474600,1573773600,1677588600,1777588600,1877588600,1918313100,2118313100,2118313100,2362495100,2547495100,2692495100,2819495100
1622,부동산신탁,11877,신한자산신탁주식회사,B,SM005,요약재무상태표(‘11.03월 이후),A44,Ⅳ. 대출채권_대지급금,0,0,0,0,0,0,0,0,0,0,0,0,0,0,0,0,0,0,0,0,0,0,0,0,0,0,0,0,0,0,0,0,0,0,0,0,0,0,0,0,0,0,0,0,0,0,0,0,0,0,0,0,0,0
1623,부동산신탁,11877,신한자산신탁주식회사,B,SM005,요약재무상태표(‘11.03월 이후),A45,Ⅳ. 대출채권_신탁계정대,469182100,740025050,751216630,751216630,3140394772,6139397142,11554910520,5933585380,10064604382,10958919364,12453839845,19134623342,21173593052,22637003373,20581238268,21909190261,27406501705,29414071416,26111848344,26972116747,26852063006,27259590941,11344460718,8378747312,7950598831,7846703831,13998952574,27327226986,28350526986,27823738206,39848878306,42323541856,33102241756,32675547456,38866716305,40266159305,32950568673,23064135693,23461512983,23533915924,22106332141,18128498041,17996032281,11749340781,17400048453,20267239073,57470171590,68620320809,94162112081,142327095387,209529412346,311070252698,428528513279,566639519627
1624,부동산신탁,11877,신한자산신탁주식회사,B,SM005,요약재무상태표(‘11.03월 이후),A46,Ⅳ. 대출채권_기타 대출채권,0,0,0,0,0,0,0,0,0,0,0,0,0,0,0,0,0,0,0,0,0,0,0,0,3250000000,3250000000,0,0,0,0,0,0,0,0,0,0,0,0,0,0,0,0,0,0,0,0,0,0,0,0,0,0,0,0
1625,부동산신탁,11877,신한자산신탁주식회사,B,SM005,요약재무상태표(‘11.03월 이후),A47,Ⅳ. 대출채권_대손충당금(-),8990635,11915991,0,258000000,781391264,989679221,2206979676,1258383380,2809629809,2765474086,3640877645,4768365727,5854579797,6413620946,3827909808,3780695056,8281878522,8644809687,8777825928,8849258558,8813815440,10544797836,8788490700,6210229775,6410836662,6409308014,8142133684,8134248753,8153370994,11692233700,12204040045,12154659957,15824238811,13227934384,13866061193,13845247638,13224455973,12978020790,12941119062,12941058577,12941058577,12940821052,9767751613,9778997298,10154492317,9791029486,11531587459,11237771789,11239876034,14498872686,20860414356,57174817445,148627449458,183226592748
1626,부동산신탁,11877,신한자산신탁주식회사,B,SM005,요약재무상태표(‘11.03월 이후),A470,Ⅳ. 대출채권_대손충당금(-)_대여금대손충당금,6644725,8215866,0,0,0,0,0,0,0,0,0,0,0,0,0,0,0,0,0,0,0,0,0,0,189475000,193375000,0,0,0,0,0,12267569,26630713,27120222,27600862,24994272,0,0,0,0,0,0,0,0,0,0,0,0, ,0,0,0,0,0
1627,부동산신탁,11877,신한자산신탁주식회사,B,SM005,요약재무상태표(‘11.03월 이후),A471,Ⅳ. 대출채권_대손충당금(-)_대지급금대손충당금,0,0,0,0,0,0,0,0, ,0, , , , , ,0, , ,0, , , , , , , ,0, , , , , , , , , , , , , , , , , , , , , , , , , , , 
1628,부동산신탁,11877,신한자산신탁주식회사,B,SM005,요약재무상태표(‘11.03월 이후),A472,Ⅳ. 대출채권_대손충당금(-)_신탁계정대 대손충당금,2345910,3700125,0,258000000,781391264,989679221,2206979676,1258383380,2809629809,2765474086,3640877645,4768365727,5854579797,6413620946,3827909808,3780695056,8281878522,8644809687,8777825928,8849258558,8813815440,10544797836,8788490700,6210229775,6221361662,6215933014,8142133684,8134248753,8153370994,11692233700,12204040045,12142392388,15797608098,13200814162,13838460331,13820253366,13224455973,12978020790,12941119062,12941058577,12941058577,12940821052,9767751613,9778997298,10154492317,9791029486,11531587459,11237771789,11239876034,14498872686,20860414356,57174817445,148627449458,183226592748
1629,부동산신탁,11877,신한자산신탁주식회사,B,SM005,요약재무상태표(‘11.03월 이후),A473,Ⅳ. 대출채권_대손충당금(-)_기타 대손충당금,0,0,0,0,0,0,0,0,0,0,0,0,0,0,0,0,0,0,0,0,0,0,0,0,0,0,0,0,0,0,0,0,0,0,0,0,0,0,0,0,0,0,0,0,0,0,0,0,0,0,0,0,0,0
1630,부동산신탁,11877,신한자산신탁주식회사,B,SM005,요약재무상태표(‘11.03월 이후),A5,Ⅴ. 유형자산,744628817,693317330,786989668,736593110,718551609,669747109,620447901,570502093,520764598,471058877,421404317,371903625,322511372,355302070,301712676,248123376,223673635,214528048,471954811,197793646,315101545,342397612,327123647,311877214,296685781,281494348,278494548,264315114,250135680,235956246,700804784,662227355,3251086627,3174102804,2696361513,2982184501,2478956230,2057678852,14912306735,14731565986,14115226477,13684853817,13484472944,13152917835,12714788833,12307676219,15593912691,15004029704,16858270732,15979698829,11461060684,10640409260,9719505504,8783548303
1631,부동산신탁,11877,신한자산신탁주식회사,B,SM005,요약재무상태표(‘11.03월 이후),A50,유형자산_(손상차손누계액),0,0,0,0,0,0,0,0, , , , , , , ,0, , ,0, , , , , , , ,0, , , , , , , , , , , , , , , , , , , , , , , , , , , 
1632,부동산신탁,11877,신한자산신탁주식회사,B,SM005,요약재무상태표(‘11.03월 이후),A51,유형자산__토지,0,0,0,0,0,0,0,0, , , , , , , ,0, , ,0, , , , , , , ,0, , , , , , , , , , , , , , , , , , , , , , , , , , , 
1633,부동산신탁,11877,신한자산신탁주식회사,B,SM005,요약재무상태표(‘11.03월 이후),A52,유형자산_건물,0,0,0,0,0,0,0,0, , , , , , , ,0, , ,0, , , , , , , ,0, , , , , , , , , , , , , , , , , , , , , , , , , , , 
1634,부동산신탁,11877,신한자산신탁주식회사,B,SM005,요약재무상태표(‘11.03월 이후),A53,유형자산_구축물,0,0,0,0,0,0,0,0, , , , , , , ,0, , ,0, , , , , , , ,0, , , , , , , , , , , , , , , , , , , , , , , , , , , 
1635,부동산신탁,11877,신한자산신탁주식회사,B,SM005,요약재무상태표(‘11.03월 이후),A54,유형자산_차량운반구,0,0,0,0,0,0,0,0, , , , , , , ,0, , ,0, , , , , , , ,0, , , , , , , , , , , , , , , , , , , , , , , , , , , 
1636,부동산신탁,11877,신한자산신탁주식회사,B,SM005,요약재무상태표(‘11.03월 이후),A55,유형자산_비품,1099200432,1099200432,1091750432,1093400432,1125300432,1125300432,1119732932,1119732932,1119732932,1119732932,1118379932,1118379932,1118379932,1203179932,1203179932,1203179932,1203179932,1203179932,1203179932,1203179932,1329679932,1372249932,1372249932,1372249932,1372249932,1372249932,1383909932,1383909932,1383909932,1383909932,1871869932,1871869932,1871869932,2245539932,2245539932,2966941932,2966941932,2966941932,2976066932,3028926532,2666364261,2688254261,2689904261,2699386261,2750263261,2794340261,2825509261,2870526261,5098608261,5109654261,5265653761,5265653761,5265653761,5265653761
1637,부동산신탁,11877,신한자산신탁주식회사,B,SM005,요약재무상태표(‘11.03월 이후),A56,유형자산_건설중인자산,0,0,0,0,0,0,0, , , , , , , , ,0, , ,0, , , , , , , ,0, , , , , , , , , , , , , , , , , , , , , , , , , , , 
1638,부동산신탁,11877,신한자산신탁주식회사,B,SM005,요약재무상태표(‘11.03월 이후),A57,유형자산_운용리스자산(종금계정),0,0,0,0,0,0,0, , , , , , , , ,0, , ,0, , , , , , , ,0, , , , , , , , , , , , , , , , , , , , , , , , , , , 
1639,부동산신탁,11877,신한자산신탁주식회사,B,SM005,요약재무상태표(‘11.03월 이후),A58,유형자산_선급리스자산(종금계정),0,0,0,0,0,0,0, , , , , , , , ,0, , ,0, , , , , , , ,0, , , , , , , , , , , , , , , , , , , , , , , , , , , 
1640,부동산신탁,11877,신한자산신탁주식회사,B,SM005,요약재무상태표(‘11.03월 이후),A59,유형자산_기타,0,0,152468000,152468000,152468000,152468000,152468000,152468000,152468000,152468000,152468000,152468000,152468000,152468000,152468000,152468000,152468000,152468000,418740574,152468000,152468000,152468000,152468000,152468000,152468000,152468000,152468000,152468000,152468000,152468000,152468000,152468000,3639675995,3684985434,3700818676,3751508731,3751816377,3777874266,14001211124,14237232409,14237731705,14220944073,14495820584,14543473012,14399736295,14393290787,15369188758,15442543178,15785650787,15772902796,11907927036,11844217363,11816447204,11794178014
1641,부동산신탁,11877,신한자산신탁주식회사,B,SM005,요약재무상태표(‘11.03월 이후),A5A,유형자산_감가상각누계액(-),354571615,405883102,457228764,509275322,559216823,608021323,651753031,701698839,751436334,801142055,849443615,898944307,948336560,1000345862,1053935256,1107524556,1131974297,1141119884,1149965695,1157854286,1167046387,1182320320,1197594285,1212840718,1228032151,1243223584,1257883384,1272062818,1286242252,1300421686,1323533148,1362110577,2260459300,2756422562,3249997095,3736266162,4239802079,4687137346,2064971321,2534592955,2788869489,3224344517,3701251901,4089941438,4435210723,4879954829,2600785328,3309039735,4025988316,4902858228,5712520113,6469461864,7362595461,8276283472
1642,부동산신탁,11877,신한자산신탁주식회사,B,SM005,요약재무상태표(‘11.03월 이후),A5A0,유형자산__감가상각누계액(-)_건물,0,0,0,0,0,0,0,0,0,0, , , , , ,0, , ,0, , , , , , , ,0, , , , , , , , , , , , , , , , , , , , , , , , , , , 
1643,부동산신탁,11877,신한자산신탁주식회사,B,SM005,요약재무상태표(‘11.03월 이후),A5A1,유형자산_감가상각누계액(-)_구축물,0,0,0,0,0,0,0,0,0,0, , , , , ,0, , ,0, , , , , , , ,0, , , , , , , , , , , , , , , , , , , , , , , , , , , 
1644,부동산신탁,11877,신한자산신탁주식회사,B,SM005,요약재무상태표(‘11.03월 이후),A5A2,유형자산_감가상각누계액(-)_차량운반구,0,0,0,0,0,0,0,0,0,0, , , , , ,0, , ,0, , , , , , , ,0, , , , , , , , , , , , , , , , , , , , , , , , , , , 
1645,부동산신탁,11877,신한자산신탁주식회사,B,SM005,요약재무상태표(‘11.03월 이후),A5A3,유형자산_감가상각누계액(-)_비품,354571615,405883102,450005234,501148852,550187413,598088973,640917736,689960604,738795159,787597940,834996555,883594307,932083620,983189982,1035876431,1088562791,1112109592,1120352239,1127850763,1135280756,1143569917,1157940910,1172311930,1186655423,1200943916,1215232409,1228989264,1242265758,1255542252,1268818746,1291027263,1328701752,1366376241,1413846409,1465964430,1554101185,1642289272,1730477359,1818900912,1910188227,1834022415,1899092946,1964893143,2031249937,2098883533,2169499993,2240825606,2313789897,2413055369,2599189171,2780800618,2955352409,3129926597,3299158785
1646,부동산신탁,11877,신한자산신탁주식회사,B,SM005,요약재무상태표(‘11.03월 이후),A5A4,유형자산_감가상각누계액(-)_기타,0,0,7223530,8126470,9029410,9932350,10835295,11738235,12641175,13544115,14447060,15350000,16252940,17155880,18058825,18961765,19864705,20767645,22114932,22573530,23476470,24379410,25282355,26185295,27088235,27991175,28894120,29797060,30700000,31602940,32505885,33408825,894083059,1342576153,1784032665,2182164977,2597512807,2956659987,246070409,624404728,954847074,1325251571,1736358758,2058691501,2336327190,2710454836,359959722,995249838,1612932947,2303669057,2931719495,3514109455,4232668864,4977124687
1647,부동산신탁,11877,신한자산신탁주식회사,B,SM005,요약재무상태표(‘11.03월 이후),A5A5,유형자산_감가상각누계액(종금계정)(-),0,0,0,0,0,0,0,0,0,0, , , , , ,0, , ,0, , , , , , , ,0, , , , , , , , , , , , , , , , , , , , , , , , , , , 
1648,부동산신탁,11877,신한자산신탁주식회사,B,SM005,요약재무상태표(‘11.03월 이후),A5A6,유형자산_처분손실충당금(종금계정)(-),0,0,0,0,0,0,0,0,0,0, , , , , ,0, , ,0, , , , , , , ,0, , , , , , , , , , , , , , , , , , , , , , , , , , , 
1649,부동산신탁,11877,신한자산신탁주식회사,B,SM005,요약재무상태표(‘11.03월 이후),A6,Ⅵ. CMA운용자산(종금계정),0,0,0,0,0,0,0,0,0,0,0,0,0,0,0,0,0,0,0,0,0,0,0,0,0,0,0,0,0,0,0,0,0,0,0,0,0,0,0,0,0,0,0,0,0,0,0,0,0,0,0,0,0,0
1650,부동산신탁,11877,신한자산신탁주식회사,B,SM005,요약재무상태표(‘11.03월 이후),A7,Ⅶ. 리스자산(종금계정),0,0,0,0,0,0,0,0,0,0,0,0,0,0,0,0,0,0,0,0,0,0,0,0,0,0,0,0,0,0,0,0,0,0,0,0,0,0,0,0,0,0,0,0,0,0,0,0,0,0,0,0,0,0
1651,부동산신탁,11877,신한자산신탁주식회사,B,SM005,요약재무상태표(‘11.03월 이후),A8,Ⅷ. 기타자산,6647549375,6033983971,6187973812,6238548196,6486551235,6509865057,6094317337,8977154148,6784914615,6792748273,6971298368,6939915576,6833460705,7092363732,6703538087,6061070716,7280197115,7606399493,7830717214,10434903086,13820565515,14600689288,14500217815,13217626110,14306104237,15137703776,33300494464,30383943794,29268028264,29842259182,29897082749,35913352502,32013688316,29775369976,25569803646,26052744346,26768746432,27153718396,30759812117,31945488915,31836779704,34950736883,37178473152,36875699136,23875540831,28612975127,29287202844,31488590402,38821218247,40693957920,48000057376,53260867224,62876872556,55791997284
1652,부동산신탁,11877,신한자산신탁주식회사,B,SM005,요약재무상태표(‘11.03월 이후),A80,Ⅷ. 기타자산_(현재가치할인차금)(-),38836142,29585849,23261029,16880807,11478101,6847300,3967639,20879483,20843662,17568283,13152130,10601731,-7465903,4993711,1967370,16775704,15310452,11533648,10196716,21250373,17736060,12297454,12078932,24388805,37623178,34754221,31290767,45665212,35956303,26575645,19253126,155703899,174106433,168948955,151151369,167056459,149937562,132772493,269107285,254264370,306334335,288141474,269948615,347244134,321537663,295360147,472940037,438365040,571041720,524470891,317392869,345732228,294013415,260560152
1653,부동산신탁,11877,신한자산신탁주식회사,B,SM005,요약재무상태표(‘11.03월 이후),A81,Ⅷ. 기타자산_(현재가치할증차금)(+),0,0,0,0,0,0,0,0, , , , , , , ,0, , ,0, , , , , , , ,0,0,0,0,0,0,0,0,0,0,0,0,0,0,0,0,0,0,0,0,0,0, ,0,0,0,0,0
1654,부동산신탁,11877,신한자산신탁주식회사,B,SM005,요약재무상태표(‘11.03월 이후),A82,Ⅷ. 기타자산_미수금,1577265179,1498784614,1439449223,1833916031,2079665748,2281128740,1897540718,4774506960,1612406984,1497523044,1410413343,1317445255,1433812663,1619329126,1188742298,1314473589,1352242084,1644643430,1177959675,1552527811,1819785312,1776938652,1489351625,2119685154,2741672323,3281416522,2938528408,3397909742,4159377129,4543720439,4004800022,4687461829,5244670601,5373886110,4615278494,4949748888,4855667892,4803765550,4632869556,5976787836,5174089893,5446712182,5703939490,5761990679,6123960230,7343196555,9110191617,14322977571,13895783854,14055099991,14029680072,14800365586,17723385511,14583925219
1655,부동산신탁,11877,신한자산신탁주식회사,B,SM005,요약재무상태표(‘11.03월 이후),A820,Ⅷ. 기타자산_미수금_신탁보수미수금,700279649,652731025,459431221,586652649,594953232,760739824,714930430,853326393,828776921,704650123,778438848,676558990,590604381,578096078,342410170,338454023,339604708,558827486,353436472,358480559,491252959,403321226,165473574,256564834,407814712,524507753,454267314,437597712,1200653260,1162547141,624005438,867503355,1299074654,1298580268,853521861,1087514060,1202428897,1277448232,1360532590,2328672713,1398407806,1872249511,1980461501,1573389586,2354376377,3234497640,4936796757,9882556951,8876597397,8554990953,9615610220,9627402492,9303542381,9584129330
1656,부동산신탁,11877,신한자산신탁주식회사,B,SM005,요약재무상태표(‘11.03월 이후),A821,Ⅷ. 기타자산_미수금_기타,876985530,846053589,980018002,1247263382,1484712516,1520388916,1182610288,3921180567,783630063,792872921,631974495,640886265,843208282,1041233048,846332128,976019566,1012637376,1085815944,824523203,1194047252,1328532353,1373617426,1323878051,1863120320,2333857611,2756908769,2484261094,2960312030,2958723869,3381173298,3380794584,3819958474,3945595947,4075305842,3761756633,3862234828,3653238995,3526317318,3272336966,3648115123,3775682087,3574462671,3723477989,4188601093,3769583853,4108698915,4173394860,4440420620,5019186457,5500109038,4414069852,5172963094,8419843130,4999795889
1657,부동산신탁,11877,신한자산신탁주식회사,B,SM005,요약재무상태표(‘11.03월 이후),A83,Ⅷ. 기타자산_미수수익,1262868450,805881271,1304824362,995781827,740630689,931628333,1347456214,1477168844,1386533087,1450786858,1497592952,1591114563,1162706879,1188718452,1491508036,1498193736,1732695390,1610844901,1725618388,3211825258,3327288105,3606345295,3462923479,1983897805,1586595599,2032208066,2561762237,2534677886,1882801293,2259103615,2214996510,1906345461,1714554500,1501702752,1476657599,1899406807,1550801501,1852833764,2952254544,3460492140,3049953739,5410480107,3851841748,4691843418,7929946863,9121404001,7383573120,5307476268,5133463191,5950077962,6604138974,6190687013,5542438552,7630217954
1658,부동산신탁,11877,신한자산신탁주식회사,B,SM005,요약재무상태표(‘11.03월 이후),A830,Ⅷ. 기타자산_미수수익_미수수수료,1165181447,660311499,1127273583,762665558,510459397,801693102,1226854559,1477168844,1386533087,1442962201,1341621947,1396815905,1005422789,1025856782,1317033160,1300183501,1529647136,1374852453,1472824388,1593407578,1668788542,2150170015,2112243695,1955952355,1559894641,1927606288,2522252800,2497662967,1754072315,2079230792,1956087250,1447359062,1449725895,1190698938,1057960555,1404419313,1297276758,1637447681,2659875893,3100496898,2802885489,4960526072,3451656447,4048658810,7295826129,8086410021,6282654900,4215698757,4598309671,5102859838,5222806402,4579296545,3274271894,4141746167
1659,부동산신탁,11877,신한자산신탁주식회사,B,SM005,요약재무상태표(‘11.03월 이후),A831,Ⅷ. 기타자산_미수수익_미수이자,97687003,145569772,177550779,233116269,230171292,129935231,120601655,0,0,7824657,155971005,194298658,157284090,162861670,174474876,198010235,203048254,235992448,252794000,297744990,337826873,135502590,30007094,27945450,26700958,104601778,39509437,37014919,128728978,179872823,258909260,458986399,264828605,311003814,418697044,494987494,253524743,215386083,292378651,359995242,247068250,449954035,400185301,433883238,403120734,803993980,869918220,860777511,304153520,637916754,1172031202,1402089098,2058865288,3488471787
1660,부동산신탁,11877,신한자산신탁주식회사,B,SM005,요약재무상태표(‘11.03월 이후),A832,Ⅷ. 기타자산_미수수익_미수배당금,0,0,0,0,0,0,0, , , , , , , , ,0, , ,0,1320672690,1320672690,1320672690,1320672690,0,0,0,0,0,0,0,0,0,0,0,0,0,0,0,0,0,0,0,0,209301370,231000000,231000000,231000000,231000000,231000000,209301370,209301370,209301370,209301370,0
1661,부동산신탁,11877,신한자산신탁주식회사,B,SM005,요약재무상태표(‘11.03월 이후),A833,Ⅷ. 기타자산_미수수익_미수분배금,0,0,0,0,0,0,0, , , , , , , , ,0, , ,0, , , , , , , ,0, , , , , , , , , , , , , , , , , , , , , , , , , , , 
1662,부동산신탁,11877,신한자산신탁주식회사,B,SM005,요약재무상태표(‘11.03월 이후),A834,Ⅷ. 기타자산_미수수익_기타,0,0,0,0,0,0,0, , , , , , , , ,0, , ,0, , , , , , , ,0, , , , , , , , , , , , , , , , , , , , , , , , , , , 
1663,부동산신탁,11877,신한자산신탁주식회사,B,SM005,요약재무상태표(‘11.03월 이후),A84,Ⅷ. 기타자산_선급금,0,0,0,0,0,800000000,0,0,25950000,51900000,77850000,77850000,301800000,129750000,155700000,155700000,181650000,259483114,0,0,0,0,0,21800600,85740600,0,29700000,0,38125000,0,0,0,52899600,50673000,227150200,430000,121252570,223715975,1267026049,233823099,105740222,176698397,83321577,45908840,49156260,10976850,33000000,1478290000,7001299,20054674,868216564,0,0,0
1664,부동산신탁,11877,신한자산신탁주식회사,B,SM005,요약재무상태표(‘11.03월 이후),A85,Ⅷ. 기타자산_선급비용,156744060,122665558,80059911,72692944,142512320,121888859,33949993,39833007,47523067,45135603,70732405,79448572,76051404,64555975,53276651,53059503,48993461,36954693,30365085,36166066,27399077,16707771,13986559,25059853,37741753,34754221,40901869,93152569,77890105,62293470,47780176,178803899,19800000,16500000,13200000,9900000,6600000,3300000,39295036,186221278,192885298,159880836,125681112,131374057,176771966,103669877,131174880,131869772,144814664,74509556,54507998,79778778,109533372,61070414
1665,부동산신탁,11877,신한자산신탁주식회사,B,SM005,요약재무상태표(‘11.03월 이후),A86,Ⅷ. 기타자산_선급제세,3127000,0,0,0,17000000,134643760,0,0,0,0,0,115456980,0,0,0,0,0,4000000,250000,0,0,0,0,0,0,0,1000000,0,1500000,7800000,45454,150000,1000000,0,0,0,0,2000000,0,0,350000,350000,0,0,0,0,0,0,0,0,0,0,0,0
1666,부동산신탁,11877,신한자산신탁주식회사,B,SM005,요약재무상태표(‘11.03월 이후),A87,Ⅷ. 기타자산_대리점,0,0,0,0,0,0,0, , , , , , , , ,0, , ,0, , , , , , , ,0, , , , , , , , , , , , , , , , , , , , , , , , , , , 
1667,부동산신탁,11877,신한자산신탁주식회사,B,SM005,요약재무상태표(‘11.03월 이후),A88,Ⅷ. 기타자산_본.지점,0,0,0,0,0,0,0, , , , , , , , ,0, , ,0, , , , , , , ,0, , , , , , , , , , , , , , , , , , , , , , , , , , , 
1668,부동산신탁,11877,신한자산신탁주식회사,B,SM005,요약재무상태표(‘11.03월 이후),A89,Ⅷ. 기타자산_보증금,827034358,849784651,856109471,862489693,867892399,874971200,877850861,1360939017,1355748838,1661862217,1672175370,1350462769,1332916597,1354786789,1357813130,913004796,920720048,924496852,931132284,1420078627,1625087140,1596963546,1588058068,1576362195,2086075822,2112246779,2156410233,2544087595,2553796504,2158137355,2237811874,2109061101,3050518567,3030246045,3060229631,3226424541,3252627438,3269792507,3152651715,3333654630,3799584665,3780787526,3798980385,4148096866,4196535337,4139888853,4013114363,4591657960,4462015280,4508586109,4655664131,4644071772,3828494585,3854863848
1669,부동산신탁,11877,신한자산신탁주식회사,B,SM005,요약재무상태표(‘11.03월 이후),A890,Ⅷ. 기타자산_보증금_전세권,0,0,0,0,0,0,0, , , , , , , , ,0, , ,0, , , , , , , ,0, , , , , , , , , , , , , , , , , , , , , , , , , , , 
1670,부동산신탁,11877,신한자산신탁주식회사,B,SM005,요약재무상태표(‘11.03월 이후),A891,Ⅷ. 기타자산_보증금_전신전화가입권,0,0,0,0,0,0,0, , , , , , , , ,0, , ,0, , , , , , , ,0, , , , , , , , , , , , , , , , , , , , , , , , , , , 
1671,부동산신탁,11877,신한자산신탁주식회사,B,SM005,요약재무상태표(‘11.03월 이후),A892,Ⅷ. 기타자산_보증금_임차보증금,712823858,722074151,728398971,734779193,740181899,744812700,747692361,680780517,680816338,684091717,688507870,691058269,694194097,696666289,699692630,804884296,806349548,810126352,811463284,1300409627,1434793940,1440232546,1440451068,1428141195,1944906822,1953775779,2027939233,2013564788,2023273697,2032654355,2101776874,1965326101,2873693567,2878851045,2896648631,3060743541,3077862438,3095027507,2958692715,3094535630,3560465665,3572658526,3590851385,3883555866,3909262337,3935439853,3813335363,4366138960,4129708280,4176279109,4323357131,4295017772,3546736585,3580189848
1672,부동산신탁,11877,신한자산신탁주식회사,B,SM005,요약재무상태표(‘11.03월 이후),A893,Ⅷ. 기타자산_보증금_회원보증금,0,0,0,0,0,0,0, , , , , , , , ,0, , ,0, , , , , , , ,0, , , , , , , , , , , , , , , , , , , , , , , , , , , 
1673,부동산신탁,11877,신한자산신탁주식회사,B,SM005,요약재무상태표(‘11.03월 이후),A894,Ⅷ. 기타자산_보증금_기타,114210500,127710500,127710500,127710500,127710500,130158500,130158500,680158500,674932500,977770500,983667500,659404500,638722500,658120500,658120500,108120500,114370500,114370500,119669000,119669000,190293200,156731000,147607000,148221000,141169000,158471000,128471000,530522807,530522807,125483000,136035000,143735000,176825000,151395000,163581000,165681000,174765000,174765000,193959000,239119000,239119000,208129000,208129000,264541000,287273000,204449000,199779000,225519000,332307000,332307000,332307000,349054000,281758000,274674000
1674,부동산신탁,11877,신한자산신탁주식회사,B,SM005,요약재무상태표(‘11.03월 이후),A8A,Ⅷ. 기타자산_투자부동산,0,0,0,0,0,0,0,0,0,0,0,0,0,0,0,0,0,0,0,0,0,0,0,0,0,0,17308406191,17304933334,17301460477,17297987620,17294514761,17291041904,17287569047,17284096190,0,0,0,0,0,0,0,0,0,0,0,0,0,0,0,0,0,0,0,0
1675,부동산신탁,11877,신한자산신탁주식회사,B,SM005,요약재무상태표(‘11.03월 이후),A8A0,Ⅷ. 기타자산_투자부동산_(손상차손누계액),0,0,0,0,0,0,0, , , , , , , , ,0, , ,0, , , , , , , ,0, , , , , , , , ,0,0,0,0,0,0,0,0,0,0,0,0,0, ,0,0,0,0,0
1676,부동산신탁,11877,신한자산신탁주식회사,B,SM005,요약재무상태표(‘11.03월 이후),A8A1,Ⅷ. 기타자산_투자부동산_토지,0,0,0,0,0,0,0, , , , , , , , ,0, , ,0, , , , , , , ,16753906607,16753906607,16753906607,16753906607,16753906607,16753906607,16753906607,16753906607,0,0,0,0,0,0,0,0,0,0,0,0,0,0, ,0,0,0,0,0
1677,부동산신탁,11877,신한자산신탁주식회사,B,SM005,요약재무상태표(‘11.03월 이후),A8A2,Ⅷ. 기타자산_투자부동산_건물,0,0,0,0,0,0,0, , , , , , , , ,0, , ,0, , , , , , , ,555657203,555657203,555657203,555657203,555657203,555657203,555657203,555657203,0,0,0,0,0,0,0,0,0,0,0,0,0,0, ,0,0,0,0,0
1678,부동산신탁,11877,신한자산신탁주식회사,B,SM005,요약재무상태표(‘11.03월 이후),A8A3,Ⅷ. 기타자산_투자부동산_건물감가상각누계액(-),0,0,0,0,0,0,0, , , , , , , , ,0, , ,0, , , , , , , ,1157619,4630476,8103333,11576190,15049049,18521906,21994763,25467620,0,0,0,0,0,0,0,0,0,0,0,0,0,0, ,0,0,0,0,0
1679,부동산신탁,11877,신한자산신탁주식회사,B,SM005,요약재무상태표(‘11.03월 이후),A8B,Ⅷ. 기타자산_무형자산,2295336870,2272185447,1772948906,1749797483,1726646060,1921137430,1934322595,1960496370,2112418145,2107234000,2098515775,2042404940,2047686715,2103171504,1745797724,1731441728,1717085732,1775629736,1848473714,1837504308,3880997480,3935014992,3916155786,4329269175,4310093742,4290918309,4668781256,4064635853,4053491420,4043421611,4049860612,4065323134,4060334094,3036624563,3019470228,3110969258,3531049486,3500146711,3914942122,5043554662,4899341263,4821664129,4950326392,5706398944,5805606307,5733176208,6019254886,6451014248,6368817221,6254816412,6662501993,7073527412,6001792999,5939072359
1680,부동산신탁,11877,신한자산신탁주식회사,B,SM005,요약재무상태표(‘11.03월 이후),A8B0,Ⅷ. 기타자산_무형자산_(손상차손누계액),0,0,0,0,0,0,0, , , , , , , , ,0, , ,0, , , , , , , ,0, , , , , , , , , , , , , , , , , , , , , , , , , , , 
1681,부동산신탁,11877,신한자산신탁주식회사,B,SM005,요약재무상태표(‘11.03월 이후),A8B1,Ⅷ. 기타자산_무형자산_영업권,0,0,0,0,0,0,0, , , , , , , , ,0, , ,0, , , , , , , ,0, , , , , , , , , , , , , , , , , , , , , , , , , , , 
1682,부동산신탁,11877,신한자산신탁주식회사,B,SM005,요약재무상태표(‘11.03월 이후),A8B2,Ⅷ. 기타자산_무형자산_개발비,0,0,0,0,0,0,0, , , , , , , , ,0, , ,0, , , , , , , ,0, , , , , , , , , , , , , , , , , , , , , , , , , , , 
1683,부동산신탁,11877,신한자산신탁주식회사,B,SM005,요약재무상태표(‘11.03월 이후),A8B3,Ⅷ. 기타자산_무형자산_소프트웨어,113153980,90002557,66851126,43699703,20548280,5039650,128547425,154721200,146002975,137284750,128566525,119848300,111130075,165065834,213959834,199603838,185247842,170891846,196685834,182329838,213303010,194864542,176005336,163365735,144190302,125014869,107944406,96227973,85083540,75013731,81452732,96915254,91926214,396816683,379662348,471161378,442215686,411312911,319809522,1448422062,1304208663,1226531529,1355193792,1396661344,1481657717,1448607618,1395686296,1365203568,1283006541,1169005732,1054691313,1016516742,915682329,852961689
1684,부동산신탁,11877,신한자산신탁주식회사,B,SM005,요약재무상태표(‘11.03월 이후),A8B4,Ⅷ. 기타자산_무형자산_회원권,2182182890,2182182890,1706097780,1706097780,1706097780,1916097780,1805775170,1805775170,1966415170,1969949250,1969949250,1922556640,1936556640,1938105670,1531837890,1531837890,1531837890,1604737890,1651787880,1655174470,3667694470,3740150450,3740150450,4165903440,4165903440,4165903440,4560836850,3968407880,3968407880,3968407880,3968407880,3968407880,3968407880,2639807880,2639807880,2639807880,3088833800,3088833800,3595132600,3595132600,3595132600,3595132600,3595132600,4309737600,4323948590,4284568590,4623568590,5085810680,5085810680,5085810680,5607810680,6057010670,5086110670,5086110670
1685,부동산신탁,11877,신한자산신탁주식회사,B,SM005,요약재무상태표(‘11.03월 이후),A8B5,Ⅷ. 기타자산_무형자산_기타,0,0,0,0,0,0,0, , , , , , , , ,0, , ,0, , , , , , , ,0, , , , , , , , , , , , , , , , , , , , , , , , , , , 
1686,부동산신탁,11877,신한자산신탁주식회사,B,SM005,요약재무상태표(‘11.03월 이후),A8C,Ⅷ. 기타자산_가지급금,0,0,0,0,0,0,0, , , , , , , , ,0, , ,0, , , , , , , ,0, , , , , , , , , , , , , , , , , , , , , , , , , , , 
1687,부동산신탁,11877,신한자산신탁주식회사,B,SM005,요약재무상태표(‘11.03월 이후),A8D,Ⅷ. 기타자산_이연법인세자산,1573588212,1561810556,1727980550,1673209929,1780702777,989656260,1511824784,1360773153,1542806528,1432128504,1750225176,1903688720,2098926803,2219815482,2153944169,2089183056,2977174846,3004209055,3565074172,3973905962,4791100953,5355535503,5619382402,4843897858,5225060286,5404811984,5425896552,2152409624,1001376627,1369942787,1716009158,1168546741,1423271078,1429253285,2130217456,1831446309,2406695664,2579679602,4313754582,3222846504,3954680113,4797191213,4453190891,2144809137,2810284880,5527812182,5784782671,3461995230,3921064020,4892298477,9383522189,17070294494,35495599924,29613121378
1688,부동산신탁,11877,신한자산신탁주식회사,B,SM005,요약재무상태표(‘11.03월 이후),A8E,Ⅷ. 기타자산_일반상품,0,0,0,0,0,0,0, , , , , , , , ,0, , ,0, , , , , , , ,0, , , , , , , , , , , , , , , , , , , , , , , , , , , 
1689,부동산신탁,11877,신한자산신탁주식회사,B,SM005,요약재무상태표(‘11.03월 이후),A8F,Ⅷ. 기타자산_기타,10693836,10693836,0,0,0,0,0,0,0,0,0,0,0,0,0,0,0,0,0,0,0,0,0,0,0,0,42674971,40212954,37750936,35288919,32826901,6390219054,1100932352,0,13158989085,13158989085,13158989085,13158989085,13158989085,13158989085,13158989085,13158989085,17280623331,17280623331,33352869,110752046,648914822,456989986,9466404400,9513618219,10270583169,9419648217,92512966,116199773
1690,부동산신탁,11877,신한자산신탁주식회사,B,SM005,요약재무상태표(‘11.03월 이후),A8G,Ⅷ. 기타자산_대손충당금(-),1059108590,1087821962,993398611,949339711,868498758,1545189525,1508627828,1996563203,1298472034,1453821953,1606206653,1537956223,1620440356,1587763596,1443243921,1693985692,1650364446,1653862288,1448156104,1597104946,1651092552,1686816471,1589640104,1682346530,1766875888,2018652105,1873567253,1748075763,1839541227,1935436634,1701562719,1883600621,1941861523,1947611969,2131389047,2134570542,2114937204,2240504798,2671970572,2670880319,2498834574,2802016592,3069431774,3035346136,3250073881,3477901445,3836803515,4713680633,4578145682,4575103480,4528757714,6017506048,5916885353,6006473661
1691,부동산신탁,11877,신한자산신탁주식회사,B,SM005,요약재무상태표(‘11.03월 이후),A8G0,Ⅷ. 기타자산_대손충당금(-)_미수금대손충당금,742145055,800233613,695112909,858911143,817070188,1322942743,1009865929,1497801304,781376807,727115424,826620956,773370526,1025778182,1219083882,825218181,1004062626,965441380,1021747232,812707716,927370844,981358450,1017082369,911334578,1295462136,1518324824,1612598849,1529874597,1356703473,1485706955,1521273944,1540060744,1732560179,1795231576,1806802875,1984532518,1974876935,1964983127,2184279021,2572567379,2566522396,2403674634,2636995437,2952948085,2897175055,3001015864,3202785716,3633883225,4577640234,4419298619,4387008053,4156861609,5501159647,5352557496,5383118315
1692,부동산신탁,11877,신한자산신탁주식회사,B,SM005,요약재무상태표(‘11.03월 이후),A8G1,Ⅷ. 기타자산_대손충당금(-)_미수수익대손충당금,316963535,287588349,298285702,90428568,51428570,93285686,498761899,498761899,517095227,719952367,779585697,764585697,594662174,368679714,618025740,689923066,684923066,632115056,635448388,669734102,669734102,669734102,678305526,386884394,248551064,406053256,343692656,391372290,353834272,414162690,161501975,151040442,146629947,140809094,146856529,159693607,149954077,56225777,99403193,104357923,95159940,165021155,116483689,138171081,249058017,275115729,202920290,136040399,158847063,188095427,371896105,516346401,564327857,623355346
1693,부동산신탁,11877,신한자산신탁주식회사,B,SM005,요약재무상태표(‘11.03월 이후),A8G10,Ⅷ. 기타자산_대손충당금(-)_미수수익대손충당금_미수수수료대손충당금,316475100,286860501,298285702,90428568,51428570,93285686,498761899,498761899,517095227,719952367,779585697,764585697,594662174,368205034,617551060,689448386,684448386,632115056,635448388,669734102,669734102,669734102,678305526,386884394,248551064,406053256,343692656,391086078,351272245,307843039,52992837,39210758,39274878,32257515,33840065,44921940,41818575,52784210,95332949,99609513,90048166,159366580,115983975,136044693,246464876,273172086,182198780,114179503,133319326,147984387,313412560,423325503,365163776,337839918
1694,부동산신탁,11877,신한자산신탁주식회사,B,SM005,요약재무상태표(‘11.03월 이후),A8G11,Ⅷ. 기타자산_대손충당금(-)_미수수익대손충당금_미수이자대손충당금,488435,727848,0,0,0,0,0,0,0,0,0,0,0,474680,474680,474680,474680,0,0,0,0,0,0,0,0,0,0,286212,2562027,106319651,108509138,111829684,107355069,108551579,113016464,114771667,108135502,3441567,4070244,4748410,5111774,5654575,499714,890060,1228641,587917,9702415,10841801,14508642,30127007,47118195,81655548,187798731,285515428
1695,부동산신탁,11877,신한자산신탁주식회사,B,SM005,요약재무상태표(‘11.03월 이후),A8G12,Ⅷ. 기타자산_대손충당금(-)_미수수익대손충당금_기타대손충당금,0,0,0,0,0,0,0,0, ,0, , , , , ,0, , ,0, , , , , , , ,0, , , , , , , , , , , , , , , , ,1236328,1364500,1355726,11019095,11019095,11019095,9984033,11365350,11365350,11365350,0
1696,부동산신탁,11877,신한자산신탁주식회사,B,SM005,요약재무상태표(‘11.03월 이후),A8G2,Ⅷ. 기타자산_대손충당금(-)_선급금대손충당금,0,0,0,0,0,128961096,0,0,0,6754162,0,0,0,0,0,0,0,0,0,0,0,0,0,0,0,0,0,0,0,0,0,0,0,0,0,0,0,0,0,0,0,0,0,0,0,0,0,0, ,0,0,0,0,0
1697,부동산신탁,11877,신한자산신탁주식회사,B,SM005,요약재무상태표(‘11.03월 이후),A8G3,Ⅷ. 기타자산_대손충당금(-)_기타대손충당금,0,0,0,0,0,0,0,0, ,0, , , , , ,0, , ,0, , , , , , , ,0, , , , , , , , , , , , , , , , , , , , , , , , , , , 
1698,부동산신탁,11877,신한자산신탁주식회사,B,SM005,요약재무상태표(‘11.03월 이후),B,부채총계,8597633158,8678939891,8492444079,8787003934,8162653696,7726583437,7579372034,7900405305,9507682486,8117099392,9349119617,12621971033,9896168047,9866694068,14437175899,11801430149,17552302979,16090785047,21531872267,21562171817,26369112117,26393098025,31643521690,32627567255,35074142463,40597524341,40625666784,50564232801,33265221768,34978075753,31415281647,39168723646,37938396286,40608722827,43933335342,48603373354,54090313814,67115685575,85273561711,89627362401,87280336544,92963934092,122889519891,114644892870,103548552196,107338721236,110980795180,93709932030,77586234182,80225558203,85555632034,194025615321,315619737056,415039264303
1699,부동산신탁,11877,신한자산신탁주식회사,B,SM005,요약재무상태표(‘11.03월 이후),B1,Ⅰ. 예수부채,0,0,0,0,0,0,0,0,0,0,0,0,0,0,0,0,0,0,0,0,0,0,0,0,0,0,0,0,0,0,0,0,0,0,0,0,0,0,0,0,0,0,0,0,0,0,0,0,0,0,0,0,0,0
1700,부동산신탁,11877,신한자산신탁주식회사,B,SM005,요약재무상태표(‘11.03월 이후),B2,Ⅱ. 차입부채,0,0,0,0,0,0,0,0,0,0,0,2000000000,3000000000,3000000000,3000000000,0,0,0,0,0,0,0,0,0,0,0,0,0,0,0,0,0,0,0,0,0,0,0,0,0,0,0,0,0,0,0,0,0,0,0,0,100000000000,150000000000,281090068498
1701,부동산신탁,11877,신한자산신탁주식회사,B,SM005,요약재무상태표(‘11.03월 이후),B20,Ⅱ. 차입부채_(현재가치할인차금)(-),0,0,0,0,0,0,0, , ,0, , , , , ,0, , ,0, , , , , , , ,0, , , , , , , , , , , , , , , , , , , , , , , , , , ,-3909931502
1702,부동산신탁,11877,신한자산신탁주식회사,B,SM005,요약재무상태표(‘11.03월 이후),B21,Ⅱ. 차입부채_(현재가치할증차금)(+),0,0,0,0,0,0,0, , ,0, , , , , ,0, , ,0, , , , , , , ,0, , , , , , , , , , , , , , , , , , , , , , , , , , , 
1703,부동산신탁,11877,신한자산신탁주식회사,B,SM005,요약재무상태표(‘11.03월 이후),B22,Ⅱ. 차입부채_차입금,0,0,0,0,0,0,0,0,0,0,0,2000000000,3000000000,3000000000,3000000000,0,0,0,0,0,0,0,0,0,0,0,0,0,0,0,0,0,0,0,0,0,0,0,0,0,0,0,0,0,0,0,0,0,0,0,0,100000000000,150000000000,281090068498
1704,부동산신탁,11877,신한자산신탁주식회사,B,SM005,요약재무상태표(‘11.03월 이후),B23,Ⅱ. 차입부채_매도증권,0,0,0,0,0,0,0,0,0,0,0,0,0,0,0,0,0,0,0,0,0,0,0,0,0,0,0,0,0,0,0,0,0,0,0,0,0,0,0,0,0,0,0,0,0,0,0,0,0,0,0,0,0,0
1705,부동산신탁,11877,신한자산신탁주식회사,B,SM005,요약재무상태표(‘11.03월 이후),B24,Ⅱ. 차입부채_사채,0,0,0,0,0,0,0, , ,0, , , , , ,0, , ,0, , , , , , , ,0,0,0,0,0,0,0,0,0,0,0,0,0,0,0,0,0,0,0,0,0,0,0,0,0,0,0,0
1706,부동산신탁,11877,신한자산신탁주식회사,B,SM005,요약재무상태표(‘11.03월 이후),B240,Ⅱ. 차입부채_(사채발행차금),0,0,0,0,0,0,0, , ,0, , , , , ,0, , ,0, , , , , , , ,0, , , , , , , , , , , , , , , , , , , , , , , , , , , 
1707,부동산신탁,11877,신한자산신탁주식회사,B,SM005,요약재무상태표(‘11.03월 이후),B25,Ⅱ. 차입부채_발행어음(종금계정),0,0,0,0,0,0,0, , ,0, , , , , ,0, , ,0, , , , , , , ,0, , , , , , , , , , , , , , , , , , , , , , , , , , , 
1708,부동산신탁,11877,신한자산신탁주식회사,B,SM005,요약재무상태표(‘11.03월 이후),B26,Ⅱ. 차입부채_기타,0,0,0,0,0,0,0,0,0,0,0,0,0,0,0,0,0,0,0,0,0,0,0,0,0,0,0,0,0,0,0,0,0,0,0,0,0,0,0,0,0,0,0,0,0,0,0,0,0,0,0,0,0,0
1709,부동산신탁,11877,신한자산신탁주식회사,B,SM005,요약재무상태표(‘11.03월 이후),B3,Ⅳ. 기타부채,8597633158,8678939891,8492444079,8787003934,8162653696,7726583437,7579372034,7900405305,9507682486,8117099392,9349119617,10621971033,6896168047,6866694068,11437175899,11801430149,17552302979,16090785047,21531872267,21562171817,26369112117,26393098025,31643521690,32627567255,35074142463,40597524341,40625666784,50564232801,33265221768,34978075753,31415281647,39168723646,37938396286,40608722827,43933335342,48603373354,54090313814,67115685575,85273561711,89627362401,87280336544,92963934092,122889519891,114644892870,103548552196,107338721236,110980795180,93709932030,77586234182,80225558203,85555632034,94025615321,165619737056,133949195805
1710,부동산신탁,11877,신한자산신탁주식회사,B,SM005,요약재무상태표(‘11.03월 이후),B30,Ⅳ. 기타부채_(현재가치할인차금)(-),0,0,0,0,0,0,0, , , , , , , , ,0, , ,0, , , , , , , ,0, , , , , , , , , , , , , , , , , , , , , , , , , , , 
1711,부동산신탁,11877,신한자산신탁주식회사,B,SM005,요약재무상태표(‘11.03월 이후),B31,Ⅳ. 기타부채_(현재가치할증차금)(+),0,0,0,0,0,0,0, , , , , , , , ,0, , ,0, , , , , , , ,0, , , , , , , , , , , , , , , , , , , , , , , , , , , 
1712,부동산신탁,11877,신한자산신탁주식회사,B,SM005,요약재무상태표(‘11.03월 이후),B32,Ⅳ. 기타부채_퇴직급여부채,414792068,443983756,444881931,451954772,417850112,553936639,510065428,590309486,563730500,563386566,353276873,545242863,586120260,602760258,807154621,854034414,878275910,887364274,767387354,769457738,834350029,857220307,1570915940,1542313279,1537723026,1402489342,938517400,980889746,328907129,474670645,307723129,448120145,0,353158819,61522408,583182977,914682132,883991427,742127147,771974253,749149625,737632033,425193857,568688690,0,0,0,0,0,0,0,0,0,0
1713,부동산신탁,11877,신한자산신탁주식회사,B,SM005,요약재무상태표(‘11.03월 이후),B320,Ⅳ. 기타부채_퇴직급여부채_확정급여채무,1091372493,1184233195,1284255328,1390366296,1480615184,1672525951,1724063122,1904592558,1993102244,2097477183,1925170187,2039916779,2107553501,2194982733,2540400952,2726220665,2812342109,2958590423,2945263219,2995878218,3116656629,3304880589,4182923527,4234706068,4456130800,4636174002,4580029629,4905394207,4932154167,5180837865,5430584940,5835533870,4451981200,4529368406,4380428476,4955086880,5230903643,5472641814,5607224339,5892348366,6073895420,6184217581,6092322180,6298389150,5622578515,5666816866,5420556025,5567768383,5914275960,6095572467,5683538764,5997592184,6010577746,6218552564
1714,부동산신탁,11877,신한자산신탁주식회사,B,SM005,요약재무상태표(‘11.03월 이후),B322,"Ⅳ. 기타부채_퇴직급여부채_미인식보험수리적손익(+,-)",0,0,0,0,0,0,0,0, , , , , , , ,0, , ,0, , , , , , , ,0, , , , , , , , , , , , , , , , , , , , , , , , , , , 
1715,부동산신탁,11877,신한자산신탁주식회사,B,SM005,요약재무상태표(‘11.03월 이후),B323,Ⅳ. 기타부채_퇴직급여부채_미인식과거근무원가(-),0,0,0,0,0,0,0,0, , , , , , , ,0, , ,0, , , , , , , ,0, , , , , , , , , , , , , , , , , , , , , , , , , , , 
1716,부동산신탁,11877,신한자산신탁주식회사,B,SM005,요약재무상태표(‘11.03월 이후),B324,Ⅳ. 기타부채_퇴직급여부채_사외적립자산(-),676580425,740249439,839373397,938411524,1062765072,1118589312,1213997694,1314283072,1429371744,1534090617,1571893314,1494673916,1521433241,1592222475,1733246331,1872186251,1934066199,2071226149,2177875865,2226420480,2282306600,2447660282,2612007587,2692392789,2918407774,3233684660,3641512229,3924504461,4603247038,4706167220,5122861811,5387413725,4451981200,4176209587,4318906068,4371903903,4316221511,4588650387,4865097192,5120374113,5324745795,5446585548,5667128323,5729700460,5622578515,5666816866,5420556025,5567768383,5914275960,6095572467,5683538764,5997592184,6010577746,6218552564
1717,부동산신탁,11877,신한자산신탁주식회사,B,SM005,요약재무상태표(‘11.03월 이후),B33,Ⅳ. 기타부채_충당부채,80000000,80000000,0,0,0,0,353987445,353987445,353987445,0,0,0,0,92002230,545516338,531329671,37002230,37002230,37002230,1993346764,4264062917,4264062917,4344070349,4344070349,4344070349,4400825749,5026494174,5102998501,490757142,490963499,455709857,520173292,520887170,116501241,117215119,117946390,118677662,119408934,152882878,154157920,155432963,156708006,2477086217,2048403795,2049721373,9821038951,9869007661,9671184250,9674464007,9677743765,28501184233,39982482336,130418301761,106818387838
1718,부동산신탁,11877,신한자산신탁주식회사,B,SM005,요약재무상태표(‘11.03월 이후),B330,Ⅳ. 기타부채_충당부채_채무보증충당부채,0,0,0,0,0,0,0, , , , , , , , ,0, , ,0, , , , , , , ,0, , , , , , , , , , , , , , , , , , , , , , , , , , , 
1719,부동산신탁,11877,신한자산신탁주식회사,B,SM005,요약재무상태표(‘11.03월 이후),B331,Ⅳ. 기타부채_충당부채_복구충당부채,0,0,0,0,0,0,0, , , , , , , , ,0, , ,0, , , , , , , ,0, , , , , , , , , , , , , , , ,157983049,159300627,160618205,161935783,209904493,213184250,216464007,219743765,627666284,619020275,623914090,628846594
1720,부동산신탁,11877,신한자산신탁주식회사,B,SM005,요약재무상태표(‘11.03월 이후),B332,Ⅳ. 기타부채_충당부채_특별대손충당금,0,0,0,0,0,0,0, , , , , , , , ,0, , ,0, , , , , , , ,0, , , , , , , , , , , , , , , , , , , , , , , , , , , 
1721,부동산신탁,11877,신한자산신탁주식회사,B,SM005,요약재무상태표(‘11.03월 이후),B333,Ⅳ. 기타부채_충당부채_신탁위험충당금,80000000,80000000,0,0,0,0,353987445,353987445,353987445,0,0,0,0,0,0,0,0,0,0,0,0,0,0,0,0,0,0,0,0,0,0,0,0,0,0,0,0,0,0,0,0,0,0,0,0,0,0,0, ,0,0,0,0,0
1722,부동산신탁,11877,신한자산신탁주식회사,B,SM005,요약재무상태표(‘11.03월 이후),B334,Ⅳ. 기타부채_충당부채_기타,0,0,0,0,0,0,0, , , , , , ,92002230,545516338,531329671,37002230,37002230,37002230,1993346764,4264062917,4264062917,4344070349,4344070349,4344070349,4400825749,5026494174,5102998501,490757142,490963499,455709857,520173292,520887170,116501241,117215119,117946390,118677662,119408934,152882878,154157920,155432963,156708006,2319103168,1889103168,1889103168,9659103168,9659103168,9458000000,9458000000,9458000000,27873517949,39363462061,129794387671,106189541244
1723,부동산신탁,11877,신한자산신탁주식회사,B,SM005,요약재무상태표(‘11.03월 이후),B34,Ⅳ. 기타부채_미지급법인세,998037770,383086530,1191297990,1605269510,1053865760,0,561919380,566589500,715693500,645568190,1468998110,1158234760,1103212770,574737730,1393384290,1370733500,1483242750,1275041890,2635125340,2186291470,3069869260,2852954840,5902397550,4897947480,4403776120,3503041130,7341819294,5063998770,2862505620,1871510700,4557435136,4397420490,3296508860,3090056820,6468741932,5880390140,6535145500,6204851010,14935141747,13123200684,12529766831,12032667415,19798755007,15768541655,13567517348,10162062083,16703910308,12531648402,10499779530,10565693827,8046272156,8004151289,0,0
1724,부동산신탁,11877,신한자산신탁주식회사,B,SM005,요약재무상태표(‘11.03월 이후),B35,Ⅳ. 기타부채_미지급배당금,0,0,0,0,0,0,0, , , , ,98000000,0,0,0,188000000,0,0,0,0,0,0,0,0,0,0,0,1466575763,0,0,0,0,0,0,0,0,0,0,0,0,0,0,0,0,0,0,0,0,0,0,0,0,499051630,499051630
1725,부동산신탁,11877,신한자산신탁주식회사,B,SM005,요약재무상태표(‘11.03월 이후),B36,Ⅳ. 기타부채_미지급금,0,0,0,0,0,0,0, , , , , , , , ,0, , ,0, , , , , , , ,0, , , , ,65560,65560,65560,65560,65560,65560,65560,138708923,171276116,106424584,226488563,211368244,197788639,595351939,323072784,221047340,590272515,72040025,307950019,378146994,104922828,555608715,273363627
1726,부동산신탁,11877,신한자산신탁주식회사,B,SM005,요약재무상태표(‘11.03월 이후),B37,Ⅳ. 기타부채_미지급비용,631507968,434241782,1030450252,613281883,695667676,529081977,1053048530,610903631,674899876,514591859,1122381849,750003358,673221749,552530971,1527539334,960254120,6539742740,3581929164,5292370744,4857406995,3944829490,2160394764,3715971327,2495434881,3410071805,4048308423,5022278261,2226039583,3160277271,3799886214,4965312304,2303040031,4358912005,3535045847,4959047041,2372808362,4075835206,5539265298,8287047666,4229180080,6646200867,8840892358,14006987232,4668384147,8034292289,9693914035,12813197832,4667275800,7073121072,10188718759,10800459414,8840043326,5554064344,6229443553
1727,부동산신탁,11877,신한자산신탁주식회사,B,SM005,요약재무상태표(‘11.03월 이후),B38,Ⅳ. 기타부채_임대보증금,0,0,0,0,0,0,0, , , , , , , , ,0, , ,0, , , , , , , ,30000000,30000000,30000000,30000000,0,0,0,0,0,0,0,0,0,0,50000000,50000000,50000000,50000000,0,0,0,0,0,0,0,0,0,0
1728,부동산신탁,11877,신한자산신탁주식회사,B,SM005,요약재무상태표(‘11.03월 이후),B39,Ⅳ. 기타부채_선수금,0,0,0,0,0,0,0, , , , ,0,0,0,0,0,0,0,0,0,0,0,0,130000000,130000000,0,0,0,0,0,0,0,0,0,0,0,0,0,0,0,0,0,0,0,0,0,0,0,0,0,750000000,0,10510000,0
1729,부동산신탁,11877,신한자산신탁주식회사,B,SM005,요약재무상태표(‘11.03월 이후),B3A,Ⅳ. 기타부채_선수수익,4576984371,5203511585,4933510934,4847960373,5063530501,4319237455,4120803119,3953154065,4581269714,4201055348,3533982666,3830799121,3959577855,4461278349,5970144791,6625446175,7293325150,9201826878,11572666419,10702100148,12530397972,13272275984,14150936094,15219915382,17681791065,17220512913,18225686142,17059019724,17291013717,17254667183,16921662220,18817978462,21501846675,23232006267,27683657409,27986044188,33598395758,36372213345,41366035743,45567418289,46506717525,47693009600,54236140000,57946275475,59400534299,57769234526,50208717338,40909320932,29508235810,25716731164,21035011198,17515354216,14228328037,12649572849
1730,부동산신탁,11877,신한자산신탁주식회사,B,SM005,요약재무상태표(‘11.03월 이후),B3B,Ⅳ. 기타부채_가수금,0,0,0,0,0,0,0, , , , , , , , ,0, , ,0, , , , , , , ,0, , , , , , , , , , , , , , , , , , , , , , , , , , , 
1731,부동산신탁,11877,신한자산신탁주식회사,B,SM005,요약재무상태표(‘11.03월 이후),B3C,Ⅳ. 기타부채_대리점,0,0,0,0,0,0,0, , , , , , , , ,0, , ,0, , , , , , , ,0, , , , , , , , , , , , , , , , , , , , , , , , , , , 
1732,부동산신탁,11877,신한자산신탁주식회사,B,SM005,요약재무상태표(‘11.03월 이후),B3D,Ⅳ. 기타부채_본.지점,0,0,0,0,0,0,0, , , , , , , , ,0, , ,0, , , , , , , ,0, , , , , , , , , , , , , , , , , , , , , , , , , , , 
1733,부동산신탁,11877,신한자산신탁주식회사,B,SM005,요약재무상태표(‘11.03월 이후),B3E,Ⅳ. 기타부채_이연법인세부채,0,0,0,0,0,0,0, , , , , , , , ,0, , ,0, , , , , , , ,0, , , , , , , , , , , , , , , , , , , , , , , , , , , 
1734,부동산신탁,11877,신한자산신탁주식회사,B,SM005,요약재무상태표(‘11.03월 이후),B3F,Ⅳ. 기타부채_제세금예수금,1896310981,2134116238,892302972,1268537396,931739647,2324327366,979548132,1825461178,2618101451,2192497429,2870480119,4239690931,574035413,583384530,1193436525,1271632269,1320714199,1107620611,1227320180,1053568702,1725602449,2986189213,1959230430,3997885884,3566710098,10022346784,4040871513,18634710714,9101760889,11056377512,4207439001,6340917916,5708277432,8204361001,2943566916,10304823185,7869657750,17320915821,6409238328,12433232148,7689139396,10699243275,19194221315,21213162169,8075902834,8057296788,6923419678,11516008966,7213566237,10780758792,7671713806,11795032080,7198951421,982401544
1735,부동산신탁,11877,신한자산신탁주식회사,B,SM005,요약재무상태표(‘11.03월 이후),B3G,Ⅳ. 기타부채_신탁계정차,0,0,0,0,0,0,0, , , , , , , , ,0, , ,0, , , , , , , ,0, , , , , , , , , , , , , , , , , , , , , , , , , , , 
1736,부동산신탁,11877,신한자산신탁주식회사,B,SM005,요약재무상태표(‘11.03월 이후),B3H,Ⅳ. 기타부채_기타,0,0,0,0,0,0,0,0,0,0,0,0,0,0,0,0,0,0,0,0,0,0,0,0,0,0,0,0,0,0,0,6341007750,2551898584,2077527272,1699518957,1358112552,977854246,674974180,13242379279,13176922911,12847504753,12527292842,12489768019,12183648300,11825232114,11512102069,14241495023,13824221165,13545027501,12987961877,8372844233,7783629246,7154921148,6496974764
1737,부동산신탁,11877,신한자산신탁주식회사,B,SM005,요약재무상태표(‘11.03월 이후),B4,Ⅲ. 파생상품부채,0,0,0,0,0,0,0,0,0,0,0,0,0,0,0,0,0,0,0,0,0,0,0,0,0,0,0,0,0,0,0,0,0,0,0,0,0,0,0,0,0,0,0,0,0,0,0,0,0,0,0,0,0,0
1738,부동산신탁,11877,신한자산신탁주식회사,B,SM005,요약재무상태표(‘11.03월 이후),B40,Ⅲ. 파생상품부채_이자율관련,0,0,0,0,0,0,0,0,0,0,0,0,0,0,0,0,0,0,0,0,0,0,0,0,0,0,0,0,0,0,0,0,0,0,0,0,0,0,0,0,0,0,0,0,0,0,0,0,0,0,0,0,0,0
1739,부동산신탁,11877,신한자산신탁주식회사,B,SM005,요약재무상태표(‘11.03월 이후),B41,Ⅲ. 파생상품부채_통화관련,0,0,0,0,0,0,0,0,0,0,0,0,0,0,0,0,0,0,0,0,0,0,0,0,0,0,0,0,0,0,0,0,0,0,0,0,0,0,0,0,0,0,0,0,0,0,0,0,0,0,0,0,0,0
1740,부동산신탁,11877,신한자산신탁주식회사,B,SM005,요약재무상태표(‘11.03월 이후),B42,Ⅲ. 파생상품부채_주식관련,0,0,0,0,0,0,0,0,0,0,0,0,0,0,0,0,0,0,0,0,0,0,0,0,0,0,0,0,0,0,0,0,0,0,0,0,0,0,0,0,0,0,0,0,0,0,0,0,0,0,0,0,0,0
1741,부동산신탁,11877,신한자산신탁주식회사,B,SM005,요약재무상태표(‘11.03월 이후),B43,Ⅲ. 파생상품부채_신용관련,0,0,0,0,0,0,0,0,0,0,0,0,0,0,0,0,0,0,0,0,0,0,0,0,0,0,0,0,0,0,0,0,0,0,0,0,0,0,0,0,0,0,0,0,0,0,0,0,0,0,0,0,0,0
1742,부동산신탁,11877,신한자산신탁주식회사,B,SM005,요약재무상태표(‘11.03월 이후),B44,Ⅲ. 파생상품부채_상품관련,0,0,0,0,0,0,0,0,0,0,0,0,0,0,0,0,0,0,0,0,0,0,0,0,0,0,0,0,0,0,0,0,0,0,0,0,0,0,0,0,0,0,0,0,0,0,0,0,0,0,0,0,0,0
1743,부동산신탁,11877,신한자산신탁주식회사,B,SM005,요약재무상태표(‘11.03월 이후),B45,Ⅲ. 파생상품부채_기타파생상품부채,0,0,0,0,0,0,0, , ,0, , , , , ,0, , ,0, , , , , , , ,0, , , , , , , , , , , , , , , , , , , , , , , , , , , 
1744,부동산신탁,11877,신한자산신탁주식회사,B,SM005,요약재무상태표(‘11.03월 이후),B46,Ⅲ. 파생상품부채_파생상품 신용위험평가조정액,0,0,0,0,0,0,0,0,0,0,0,0,0,0,0,0,0,0,0,0,0,0,0,0,0,0,0,0,0,0,0,0,0,0,0,0,0,0,0,0,0,0,0,0,0,0,0,0,0,0,0,0,0,0
1745,부동산신탁,11877,신한자산신탁주식회사,B,SM005,요약재무상태표(‘11.03월 이후),B47,Ⅲ. 파생상품부채_파생상품 거래일손익인식평가조정액,0,0,0,0,0,0,0, , ,0, , , , , ,0, , ,0, , , , , , , ,0, , , , , , , , , , , , , , , , , , , , , , , , , , , 
1746,부동산신탁,11877,신한자산신탁주식회사,B,SM005,요약재무상태표(‘11.03월 이후),B5,Ⅴ. 요구불상환지분,0,0,0,0,0,0,0,0,0,0,0,0,0,0,0,0,0,0,0,0,0,0,0,0,0,0,0,0,0,0,0,0,0,0,0,0,0,0,0,0,0,0,0,0,0,0,0,0,0,0,0,0,0,0
1747,부동산신탁,11877,신한자산신탁주식회사,B,SM005,요약재무상태표(‘11.03월 이후),C,자본총계,16474224139,17862776220,19516878668,19888710616,21466729823,23111464150,23447832471,23455356474,24220976966,26502055642,28003058496,27270118149,29082852425,29831275903,32494211839,33337469527,33044763597,35617175126,38053794149,38689607397,43376426367,46648809881,58306903380,65412104008,73767730638,80539949918,89466937256,86269220011,94558963498,98304093848,103559806815,110732338533,114455391668,123214243819,128860083051,136262658636,148155569311,159228722941,174625482001,191367994665,209620280379,226519563300,250598355733,269102153370,291491097205,306162681393,324834689024,342648835308,362986169990,380898204019,377889537269,355778486987,302116280403,297433106738
1748,부동산신탁,11877,신한자산신탁주식회사,B,SM005,요약재무상태표(‘11.03월 이후),C1,Ⅰ. 자본금,10000000000,10000000000,10000000000,10000000000,10000000000,10000000000,10000000000,10000000000,10000000000,10000000000,10000000000,10000000000,10000000000,10000000000,10000000000,10000000000,10000000000,10000000000,10000000000,10000000000,10000000000,10000000000,11734000000,11734000000,11734000000,11734000000,11734000000,11734000000,11734000000,11734000000,11734000000,11734000000,11734000000,11734000000,11734000000,11734000000,11734000000,11734000000,11734000000,11734000000,11734000000,11734000000,11734000000,11734000000,11734000000,11734000000,11734000000,11734000000,11734000000,11734000000,11734000000,11734000000,11734000000,11734000000
1749,부동산신탁,11877,신한자산신탁주식회사,B,SM005,요약재무상태표(‘11.03월 이후),C10,Ⅰ. 자본금_보통주자본금,10000000000,10000000000,10000000000,10000000000,10000000000,10000000000,10000000000,10000000000,10000000000,10000000000,10000000000,10000000000,10000000000,10000000000,10000000000,10000000000,10000000000,10000000000,10000000000,10000000000,10000000000,10000000000,11734000000,11734000000,11734000000,11734000000,11734000000,11734000000,11734000000,11734000000,11734000000,11734000000,11734000000,11734000000,11734000000,11734000000,11734000000,11734000000,11734000000,11734000000,11734000000,11734000000,11734000000,11734000000,11734000000,11734000000,11734000000,11734000000,11734000000,11734000000,11734000000,11734000000,11734000000,11734000000
1750,부동산신탁,11877,신한자산신탁주식회사,B,SM005,요약재무상태표(‘11.03월 이후),C11,Ⅰ. 자본금_우선주자본금,0,0,0,0,0,0,0,0,0,0,0,0,0,0,0,0,0,0,0,0,0,0,0,0,0,0,0,0,0,0,0,0,0,0,0,0,0,0,0,0,0,0,0,0,0,0,0,0,0,0,0,0,0,0
1751,부동산신탁,11877,신한자산신탁주식회사,B,SM005,요약재무상태표(‘11.03월 이후),C110,Ⅰ. 자본금_우선주자본금_상환우선주,0,0,0,0,0,0,0, , , , , , , , ,0, , ,0, , , , , , , ,0, , , , , , , , , , , , , , , , , , , , , , , , , , , 
1752,부동산신탁,11877,신한자산신탁주식회사,B,SM005,요약재무상태표(‘11.03월 이후),C111,Ⅰ. 자본금_우선주자본금_전환우선주,0,0,0,0,0,0,0, , , , , , , , ,0, , ,0, , , , , , , ,0, , , , , , , , , , , , , , , , , , , , , , , , , , , 
1753,부동산신탁,11877,신한자산신탁주식회사,B,SM005,요약재무상태표(‘11.03월 이후),C112,Ⅰ. 자본금_우선주자본금_기타,0,0,0,0,0,0,0, , , , , , , , ,0, , ,0, , , , , , , ,0, , , , , , , , , , , , , , , , , , , , , , , , , , , 
1754,부동산신탁,11877,신한자산신탁주식회사,B,SM005,요약재무상태표(‘11.03월 이후),C2,Ⅱ. 자본잉여금,0,0,0,0,0,0,0,0,0,0,0,0,0,0,0,0,0,0,0,0,0,0,858590800,858590800,858590800,858590800,858590800,858590800,858590800,858590800,858590800,858590800,858590800,858590800,858590800,858590800,858590800,858590800,858590800,858590800,858590800,858590800,858590800,858590800,858590800,858590800,858590800,858590800,858590800,858590800,858590800,858590800,100838090800,100838090800
1755,부동산신탁,11877,신한자산신탁주식회사,B,SM005,요약재무상태표(‘11.03월 이후),C20,Ⅱ. 자본잉여금_주식발행초과금,0,0,0,0,0,0,0, , , , , , , , ,0, , ,0, , , ,858590800,858590800,858590800,858590800,858590800,858590800,858590800,858590800,858590800,858590800,858590800,858590800,858590800,858590800,858590800,858590800,858590800,858590800,858590800,858590800,858590800,858590800,858590800,858590800,858590800,858590800,858590800,858590800,858590800,858590800,858590800,858590800
1756,부동산신탁,11877,신한자산신탁주식회사,B,SM005,요약재무상태표(‘11.03월 이후),C21,Ⅱ. 자본잉여금_감자차익,0,0,0,0,0,0,0, , , , , , , , ,0, , ,0, , , , , , , ,0, , , , , , , , , , , , , , , , , , , , , , , , , , , 
1757,부동산신탁,11877,신한자산신탁주식회사,B,SM005,요약재무상태표(‘11.03월 이후),C22,Ⅱ. 자본잉여금_자기주식처분이익,0,0,0,0,0,0,0, , , , , , , , ,0, , ,0, , , , , , , ,0, , , , , , , , , , , , , , , , , , , , , , , , , , , 
1758,부동산신탁,11877,신한자산신탁주식회사,B,SM005,요약재무상태표(‘11.03월 이후),C23,Ⅱ. 자본잉여금_기타자본잉여금,0,0,0,0,0,0,0, , , , , , , , ,0, , ,0, , , , , , , ,0, , , , , , , , , , , , , , , , , , , , , , , , , ,99979500000,99979500000
1759,부동산신탁,11877,신한자산신탁주식회사,B,SM005,요약재무상태표(‘11.03월 이후),C3,Ⅲ. 자본조정,0,0,0,0,0,0,0,0,0,0,0,0,0,0,0,0,0,0,0,0,0,0,0,0,0,0,0,0,0,0,0,0,0,0,0,0,0,0,0,0,0,0,0,0,0,0,0,0,0,0,0,0,0,0
1760,부동산신탁,11877,신한자산신탁주식회사,B,SM005,요약재무상태표(‘11.03월 이후),C30,Ⅲ. 자본조정_주식할인발행차금,0,0,0,0,0,0,0, , , , , , , , ,0, , ,0, , , , , , , ,0, , , , , , , , , , , , , , , , , , , , , , , , , , , 
1761,부동산신탁,11877,신한자산신탁주식회사,B,SM005,요약재무상태표(‘11.03월 이후),C31,Ⅲ. 자본조정_자기주식,0,0,0,0,0,0,0, , , , , , , , ,0, , ,0, , , , , , , ,0, , , , , , , , , , , , , , , , , , , , , , , , , , , 
1762,부동산신탁,11877,신한자산신탁주식회사,B,SM005,요약재무상태표(‘11.03월 이후),C32,Ⅲ. 자본조정_자기주식처분손실,0,0,0,0,0,0,0, , , , , , , , ,0, , ,0, , , , , , , ,0, , , , , , , , , , , , , , , , , , , , , , , , , , , 
1763,부동산신탁,11877,신한자산신탁주식회사,B,SM005,요약재무상태표(‘11.03월 이후),C33,Ⅲ. 자본조정_주식매입선택권,0,0,0,0,0,0,0, , , , , , , , ,0, , ,0, , , , , , , ,0, , , , , , , , , , , , , , , , , , , , , , , , , , , 
1764,부동산신탁,11877,신한자산신탁주식회사,B,SM005,요약재무상태표(‘11.03월 이후),C34,Ⅲ. 자본조정_신주청약증거금,0,0,0,0,0,0,0, , , , , , , , ,0, , ,0, , , , , , , ,0, , , , , , , , , , , , , , , , , , , , , , , , , , , 
1765,부동산신탁,11877,신한자산신탁주식회사,B,SM005,요약재무상태표(‘11.03월 이후),C35,Ⅲ. 자본조정_기타,0,0,0,0,0,0,0, , , , , , , , ,0, , ,0, , , , , , , ,0, , , , , , , , , , , , , , , , , , , , , , , , , , , 
1766,부동산신탁,11877,신한자산신탁주식회사,B,SM005,요약재무상태표(‘11.03월 이후),C4,Ⅳ. 기타포괄손익누계액,0,0,0,0,0,0,0,0,0,0,273000000,273000000,273000000,273000000,273000000,0,0,0,273000000,273000000,273000000,273000000,273000000,273000000,273000000,273000000,3024223739,0,0,0,0,0,0,0,0,0,0,0,0,0,0,0,0,0,0,0,0,0,0,0,0,0,0,0
1767,부동산신탁,11877,신한자산신탁주식회사,B,SM005,요약재무상태표(‘11.03월 이후),C40,Ⅳ. 기타포괄손익누계액_기타포괄손익-공정가치측정금융자산평가손익,0,0,0,0,0,0,0,0,0,0,0,0,0,0,0,0,0,0,0,0,0,0,0,0,0,0,3024223739,0,0,0,0,0,0,0,0,0,0,0,0,0,0,0,0,0,0,0,0,0,0,0,0,0,0,0
1768,부동산신탁,11877,신한자산신탁주식회사,B,SM005,요약재무상태표(‘11.03월 이후),C41,Ⅳ. 기타포괄손익누계액_기타포괄손익-공정가치측정금융자산처분손익, , , , , , , , , , , , , , , , , , , , , , , , , , , , , , , , , , , , , , , , , , , , , , , , , , , , , , 
1769,부동산신탁,11877,신한자산신탁주식회사,B,SM005,요약재무상태표(‘11.03월 이후),C42,Ⅳ. 기타포괄손익누계액_지분법 자본변동,0,0,0,0,0,0,0, , , , , , , , ,0, , ,0, , , , , , , ,0, , , , , , , , , , , , , , , , , , , , , , , , , , , 
1770,부동산신탁,11877,신한자산신탁주식회사,B,SM005,요약재무상태표(‘11.03월 이후),C43,Ⅳ. 기타포괄손익누계액_부의 지분법 자본변동,0,0,0,0,0,0,0, , , , , , , , ,0, , ,0, , , , , , , ,0, , , , , , , , , , , , , , , , , , , , , , , , , , , 
1771,부동산신탁,11877,신한자산신탁주식회사,B,SM005,요약재무상태표(‘11.03월 이후),C44,Ⅳ. 기타포괄손익누계액_위험회피 파생상품평가손익,0,0,0,0,0,0,0, , , , , , , , ,0, , ,0, , , , , , , ,0, , , , , , , , , , , , , , , , , , , , , , , , , , , 
1772,부동산신탁,11877,신한자산신탁주식회사,B,SM005,요약재무상태표(‘11.03월 이후),C45,Ⅳ. 기타포괄손익누계액_외환차이누계액,0,0,0,0,0,0,0, , , , , , , , ,0, , ,0, , , , , , , ,0, , , , , , , , , , , , , , , , , , , , , , , , , , , 
1773,부동산신탁,11877,신한자산신탁주식회사,B,SM005,요약재무상태표(‘11.03월 이후),C46,Ⅳ. 기타포괄손익누계액_유형자산재평가이익,0,0,0,0,0,0,0, , , , , , , , ,0, , ,0, , , , , , , ,0, , , , , , , , , , , , , , , , , , , , , , , , , , , 
1774,부동산신탁,11877,신한자산신탁주식회사,B,SM005,요약재무상태표(‘11.03월 이후),C47,Ⅳ. 기타포괄손익누계액_기타,0,0,0,0,0,0,0, , , ,273000000,273000000,273000000,273000000,273000000,0,0,0,273000000,273000000,273000000,273000000,273000000,273000000,273000000,273000000,0, , , , , , , , , , , , , , , , , , , , , , , , , , , 
1775,부동산신탁,11877,신한자산신탁주식회사,B,SM005,요약재무상태표(‘11.03월 이후),C5,Ⅴ. 이익잉여금,6474224139,7862776220,9516878668,9888710616,11466729823,13111464150,13447832471,13455356474,14220976966,16502055642,17730058496,16997118149,18809852425,19558275903,22221211839,23337469527,23044763597,25617175126,27780794149,28416607397,33103426367,36375809881,45441312580,52546513208,60902139838,67674359118,73850122717,73676629211,81966372698,85711503048,90967216015,98139747733,101862800868,110621653019,116267492251,123670067836,135562978511,146636132141,162032891201,178775403865,197027689579,213926972500,238005764933,256509562570,278898506405,293570090593,312242098224,330056244508,350393579190,368305613219,365296946469,343185896187,189544189603,184861015938
1776,부동산신탁,11877,신한자산신탁주식회사,B,SM005,요약재무상태표(‘11.03월 이후),C50,Ⅴ. 이익잉여금_이익준비금,190000000,190000000,190000000,290000000,290000000,290000000,290000000,390000000,390000000,390000000,390000000,490000000,490000000,490000000,490000000,590000000,590000000,590000000,590000000,590000000,590000000,590000000,590000000,590000000,590000000,590000000,590000000,1570000000,1570000000,1570000000,1570000000,1570000000,1570000000,1570000000,1570000000,1570000000,1570000000,1570000000,1570000000,1570000000,1570000000,1570000000,1570000000,1570000000,1570000000,1570000000,1570000000,1570000000,1570000000,1570000000,1570000000,1570000000,1570000000,1570000000
1777,부동산신탁,11877,신한자산신탁주식회사,B,SM005,요약재무상태표(‘11.03월 이후),C51,Ⅴ. 이익잉여금_대손준비금,0,0,163576704,177893265,0,0,1226117399,2219515066,1869376412,2070140207,3099446179,2620845206,3504501816,3578295761,4182816841,4090123518,3291239513,3419417262,2378787296,2509947291,2487630686,1360520818,0,0,0,0,0,0,124426751,1216973841,2218121894,2393926813,0,2208942475,651659644,1003165067,1633778991,706614245,157599345,153009313,189135290,0,119465868,0,0,0,0,0,6631049386,11769143700,33000423661,46721658718,20978406494,42416264614
1778,부동산신탁,11877,신한자산신탁주식회사,B,SM005,요약재무상태표(‘11.03월 이후),C52,Ⅴ. 이익잉여금_전자금융사고배상준비금,0,0,0,0,0,0,0, , , , , , , , ,0, , ,0, , , , , , , ,0, , , , , , , , , , , , , , , , , , , , , , ,0, , , , 
1779,부동산신탁,11877,신한자산신탁주식회사,B,SM005,요약재무상태표(‘11.03월 이후),C53,Ⅴ. 이익잉여금_기타법정준비금,0,0,0,0,0,0,0, , , , , , , , ,0, , ,0,1000000000,1000000000,1000000000,1000000000,1000000000,1000000000,1000000000,1000000000,1000000000,1000000000,1000000000,1000000000,1000000000,1000000000,1000000000,1000000000,1000000000,1000000000,1000000000,1000000000,1000000000,1000000000,1000000000,1000000000,1000000000,1000000000,1000000000,1000000000,1000000000,1000000000,1000000000,1000000000,1000000000,1000000000,1000000000
1780,부동산신탁,11877,신한자산신탁주식회사,B,SM005,요약재무상태표(‘11.03월 이후),C54,Ⅴ. 이익잉여금_신탁사업적립금,710655095,710655095,710655095,1250786653,1250786653,1250786653,1250786653,1743882033,1743882033,1743882033,1743882033,2264357284,2264357284,2264357284,2264357284,2829652407,2829652407,2829652407,2829652407,3471372056,3471372056,3471372056,3471372056,5238373829,5238373829,5238373829,5238373829,8061856722,8062497232,8062497232,8062497232,10485969292,10485969292,10485969292,10485969292,11734000000,11734000000,11734000000,11734000000,11734000000,11734000000,11734000000,11734000000,11734000000,11734000000,11734000000,11734000000,11734000000,11734000000,11734000000,11734000000,11734000000,11734000000,11734000000
1781,부동산신탁,11877,신한자산신탁주식회사,B,SM005,요약재무상태표(‘11.03월 이후),C55,Ⅴ. 이익잉여금_임의적립금,0,0,0,0,0,0,0, , , , , , , , ,0, , ,0, , , , , , , ,0, , , , , , , , , , , , , , , , , , , , , , ,0, , , , 
1782,부동산신탁,11877,신한자산신탁주식회사,B,SM005,요약재무상태표(‘11.03월 이후),C56,Ⅴ. 이익잉여금_미처분이익잉여금,5573569044,6962121125,8452646869,8170030698,9925943170,11570677497,10680928419,9101959375,10217718521,12298033402,12496730284,11621915659,12550993325,13225622858,15284037714,15827693602,16333871677,18778105457,21982354446,20845288050,25554423625,29953917007,40379940524,45718139379,54073766009,60845985289,67021748888,63044772489,71209448715,73862031975,78116596889,82689851628,88806831576,95356741252,102559863315,108362902769,119625199520,131625517896,147571291856,164318394552,182534554289,199622972500,223582299065,242205562570,264594506405,279266090593,297938098224,315752244508,329458529804,342232469519,317992522808,282160237469,154261783109,128140751324
1783,부동산신탁,11877,신한자산신탁주식회사,B,SM005,요약재무상태표(‘11.03월 이후),C57,Ⅴ. 이익잉여금_(당기순이익),2358661059,3747213140,5401315588,1371831948,2949851155,4594585482,4930953803,1034890397,1758955348,4026211091,5204752515,276454838,2098802540,2856831529,5652951230,2122473099,1836264707,4414208585,6417196495,644928598,5341253157,8627279165,17670017735,7117447406,15485272023,22271989083,28241234031,6586222838,14861915262,18631904867,24234720600,7311280620,11108583538,19777295742,25409202754,7404325102,19287937463,30392687203,45791013957,16747994461,35011239558,51925736013,75823495075,18471231941,40498294553,55025831966,73653520099,17752701400,38326891388,56288454116,53429807625,-22042375227,-175098857803,-178507222542
1784,부동산신탁,11892,우리자산신탁,B,SM005,요약재무상태표(‘11.03월 이후),A,자산총계,21345633190,21968667063,23802941336,24057674640,24075423241,26249206979,28779459310,29527232084,29226368328,29807470993,29128148482,30017318037,32381185027,33727849918,42779978509,41733638937,44818120299,48695317983,61530887522,67262451478,65086929557,70754594556,81122209400,79741307892,88639475188,96044083501,124902870643,105736348673,99035064020,104653947760,113785729124,116722931597,121769414660,125782723968,139838694471,148451744690,159155247741,168464613652,185633628351,197840086739,211428430178,231232709390,254772895315,277411618627,290462765270,301157445963,322098140246,326239467990,331372542138,342668842183,337976260674,541044737455,524210491128,520847494991
1785,부동산신탁,11892,우리자산신탁,B,SM005,요약재무상태표(‘11.03월 이후),A1,Ⅰ. 현금 및 예치금,12795733813,13782919713,16164069364,15767836511,14392004017,18406474188,21441389592,21915943385,15262162898,17382219139,21217489527,21995625007,23495438900,24809217035,25495117997,21432876382,25735327946,33490686897,39050942711,48473451473,51640193831,52038183288,63280738460,55017547522,55695576289,59260661902,61261479988,42880276612,45948728654,56813756978,61514072017,51485807464,62339898420,62015036836,67563567240,75159256027,87432292231,93515167006,148870602118,167645784073,168581558866,160603871634,178208015212,219075901798,230687788906,223739865149,232164421051,229768158648,219042079652,200100243029,173967021977,368245328620,323443453343,299096840905
1786,부동산신탁,11892,우리자산신탁,B,SM005,요약재무상태표(‘11.03월 이후),A10,Ⅰ. 현금 및 예치금_현금 및 현금성 자산,1477325813,2463095713,3842829364,985180511,3107932017,8920986188,7934485592,9167506172,8540669648,11159349852,14993244203,18770241871,20268840551,19081403473,19014195851,17950676537,22251850402,30757992565,35104822814,44526116363,49651569324,50280648022,62962105194,53998104114,55619403169,59180710822,61180313695,42800457853,45598272377,54865971884,61160878078,50964904599,61817626724,61657736404,67554897977,75149217933,87420885306,93502391250,148856456838,167630269269,168564674538,160407776362,176659526340,217526335824,230061442283,223612441424,232036132436,229638792931,218911636833,197995657976,171859710507,366172951980,320459932246,298799620875
1787,부동산신탁,11892,우리자산신탁,B,SM005,요약재무상태표(‘11.03월 이후),A100,Ⅰ. 현금 및 예치금_현금 및 현금성 자산_현금,369620,400000,2000000,1700000,400000,400000,1000000,2800000,600000,2000000,1000000,0,1151580,2591630,1378100,1171580,771580,649590,0,6522660,2232430,1232610,0,1376090,1388250,725640,0,765600,1507900,512240,0,1728280,3397280,1476980,0,1172780,2041780,1847780,0,454780,2236180,1514780,0,1618180,3246680,2739780,0,2719780,2997780,1347780,0,2311780,5091780,1441780
1788,부동산신탁,11892,우리자산신탁,B,SM005,요약재무상태표(‘11.03월 이후),A101,Ⅰ. 현금 및 예치금_현금 및 현금성 자산_정기예.적금,0,0,0,0,1500000000,7000000000,6000000000,6000000000,7500000000,9500000000,12500000000,15500000000,15500000000,14000000000,12750000000,16250000000,16250000000,26250000000,27750000000,28750000000,39250000000,44000000000,50440117213,44444628528,40000000000,46000000000,49000000000,42000000000,44000000000,53000000000,48000000000,50000000000,60000000000,60000000000,53000000000,53000000000,57000000000,57000000000,77000000000,136000000000,136000000000,136000000000,136000000000,186000000000,186000000000,186000000000,186000000000,206000000000,206000000000,156000000000,136000000000,336000000000,265000000000,245000000000
1789,부동산신탁,11892,우리자산신탁,B,SM005,요약재무상태표(‘11.03월 이후),A102,Ⅰ. 현금 및 예치금_현금 및 현금성 자산_보통예금,0,0,2377100,0,2307100,2314400,11520,0,0,0,0,0,0,0,0,0,0,2258045,73168024,111383975,94677699,85459456,154510262,175398781,47714571,2064269397,8643175389,120092943,46251315,68393543,142706268,180884268,155531252,188492564,148081763,0,0,0,0,0,179113650,0,0,0,0,0,0,0,0,0,0,0,22,0
1790,부동산신탁,11892,우리자산신탁,B,SM005,요약재무상태표(‘11.03월 이후),A103,Ⅰ. 현금 및 예치금_현금 및 현금성 자산_당좌예금,0,0,0,0,0,0,0,0,0,0,0,0,0,0,0,0,0,0,0,0,0,0,0,0,0,0,0,0,0,0,0,0,0,0,0,0,0,0,0,0,0,0,0,0,0,0,0,0,0,0,0,0,0,0
1791,부동산신탁,11892,우리자산신탁,B,SM005,요약재무상태표(‘11.03월 이후),A104,Ⅰ. 현금 및 예치금_현금 및 현금성 자산_외화예금,0,0,0,0,0,0,0,0,0,0,0,0,0,0,0,0,0,0,0,0,0,0,0,0,0,0,0,0,0,0,0,0,0,0,0,0,0,0,0,0,0,0,0,0,0,0,0,0,0,0,0,0,0,0
1792,부동산신탁,11892,우리자산신탁,B,SM005,요약재무상태표(‘11.03월 이후),A105,Ⅰ. 현금 및 예치금_현금 및 현금성 자산_양도성예금증서,0,0,0,0,0,0,0,0,0,0,0,0,0,0,0,0,0,0,0,0,0,0,0,0,0,0,0,0,0,0,0,0,0,0,0,0,0,0,0,0,0,0,0,0,0,0,0,0,0,0,0,0,0,0
1793,부동산신탁,11892,우리자산신탁,B,SM005,요약재무상태표(‘11.03월 이후),A106,Ⅰ. 현금 및 예치금_현금 및 현금성 자산_MMDA,1476956193,2462695713,3838452264,983480511,1605224917,1918271788,1933474072,3164706172,1040069648,1657349852,2492244203,3270241871,4767688971,5078811843,6262817751,1699504957,6001078822,4505084930,7281654790,15658209728,10304659195,6193955956,12367477719,9376700715,15570300348,11115715785,3537138306,679599310,1550513162,1797066101,13018171810,782292051,1658698192,1467766860,14406816214,22148045153,30418843526,36500543470,71856456838,31629814489,32383324708,24406261582,40659526340,31524717644,44058195603,37609701644,46036132436,23636073151,12908639053,41994310196,35859710507,30170640200,55454840444,53798179095
1794,부동산신탁,11892,우리자산신탁,B,SM005,요약재무상태표(‘11.03월 이후),A107,Ⅰ. 현금 및 예치금_현금 및 현금성 자산_MMF,0,0,0,0,0,0,0,0,0,0,0,0,0,0,0,0,0,0,0,0,0,0,0,0,0,0,0,0,0,0,0,0,0,0,0,0,0,0,0,0,0,0,0,0,0,0,0,0,0,0,0,0,0,0
1795,부동산신탁,11892,우리자산신탁,B,SM005,요약재무상태표(‘11.03월 이후),A108,Ⅰ. 현금 및 예치금_현금 및 현금성 자산_금융어음,0,0,0,0,0,0,0,0,0,0,0,0,0,0,0,0,0,0,0,0,0,0,0,0,0,0,0,0,0,0,0,0,0,0,0,0,0,0,0,0,0,0,0,0,0,0,0,0,0,0,0,0,0,0
1796,부동산신탁,11892,우리자산신탁,B,SM005,요약재무상태표(‘11.03월 이후),A109,Ⅰ. 현금 및 예치금_현금 및 현금성 자산_기타,0,0,0,0,0,0,0,0,0,0,0,0,0,0,0,0,0,0,0,0,0,0,0,0,0,0,0,0,0,0,0,0,0,0,0,0,0,0,0,0,0,0,0,0,0,0,0,0,0,0,0,0,0,0
1797,부동산신탁,11892,우리자산신탁,B,SM005,요약재무상태표(‘11.03월 이후),A11,Ⅰ. 현금 및 예치금_예치금,11318408000,11319824000,12321240000,14782656000,11284072000,9485488000,13506904000,12748437213,6721493250,6222869287,6224245324,3225383136,3226598349,5727813562,6480922146,3482199845,3483477544,2732694332,3946119897,3947335110,1988624507,1757535266,318633266,1019443408,76173120,79951080,81166293,79818759,350456277,1947785094,353193939,520902865,522271696,357300432,8669263,10038094,11406925,12775756,14145280,15514804,16884328,196095272,1548488872,1549565974,626346623,127423725,128288615,129365717,130442819,2104585053,2107311470,2072376640,2983521097,297220030
1798,부동산신탁,11892,우리자산신탁,B,SM005,요약재무상태표(‘11.03월 이후),A110,Ⅰ. 현금 및 예치금_예치금_장기성예금,11318408000,11319824000,12321240000,13822656000,10324072000,8525488000,12526904000,10028320000,4001376037,3502752074,3504128111,505265923,506481136,3007696349,3008911562,10126775,11341988,12557201,13772414,14987627,16202840,17418053,18633266,19443408,20658621,21873834,23089047,24304260,456277,1825108,3193939,4562770,5931601,7300432,8669263,10038094,11406925,12775756,14145280,15514804,16884328,18253852,1079874,2156976,3234078,4311180,5388282,6465384,7542486,8619588,9702613,10801420,11900227,12999034
1799,부동산신탁,11892,우리자산신탁,B,SM005,요약재무상태표(‘11.03월 이후),A111,Ⅰ. 현금 및 예치금_예치금_특정예금 등,0,0,0,0,0,0,0,1440117213,1440117213,1440117213,1440117213,1440117213,1440117213,1440117213,2192010584,2192073070,2192135556,1440137131,2672347483,2672347483,1672421667,1440117213,0,0,55514499,58077246,58077246,55514499,0,0,0,0,0,0,0,0,0,0,0,0,0,177841420,1047408998,1047408998,123112545,123112545,122900333,122900333,122900333,2095965465,2097608857,2061575220,2971620870,284220996
1800,부동산신탁,11892,우리자산신탁,B,SM005,요약재무상태표(‘11.03월 이후),A112,Ⅰ. 현금 및 예치금_예치금_신탁공탁금,0,0,0,960000000,960000000,960000000,980000000,1280000000,1280000000,1280000000,1280000000,1280000000,1280000000,1280000000,1280000000,1280000000,1280000000,1280000000,1260000000,1260000000,300000000,300000000,300000000,1000000000,0,0,0,0,350000000,1945959986,350000000,516340095,516340095,350000000,0,0,0,0,0,0,0,0,0,0,0,0,0,0,0,0,0,0,0,0
1801,부동산신탁,11892,우리자산신탁,B,SM005,요약재무상태표(‘11.03월 이후),A113,Ⅰ. 현금 및 예치금_예치금_기타,0,0,0,0,0,0,0,0,0,0,0,0,0,0,0,0,0,0,0,0,0,0,0,0,0,0,0,0,0,0,0,0,0,0,0,0,0,0,0,0,0,0,500000000,500000000,500000000,0,0,0,0,0,0,0,0,0
1802,부동산신탁,11892,우리자산신탁,B,SM005,요약재무상태표(‘11.03월 이후),A2,Ⅱ. 증권,1649525000,1159525000,1159525000,1909525000,1909525000,1909525000,1359525000,1368085000,1118085000,1113085000,1113085000,1613085000,1613085000,1863085000,3373085000,3373085000,3373095000,3373095000,4564535000,4659035000,4659035000,4709035000,6114510200,6114510200,8606610200,8518330200,9602610200,30670766017,27356139059,12271171260,6934888718,20272985217,15364539322,8692335172,654500200,1154500200,1154500200,1154500200,1404500200,1404500200,1404500200,1404500200,1654500200,4654500200,5364500200,6889500200,7322378598,7433597736,9042287733,9329045373,9297832555,9028694305,8857986430,8593454313
1803,부동산신탁,11892,우리자산신탁,B,SM005,요약재무상태표(‘11.03월 이후),A20,Ⅱ. 증권_당기손익-공정가치측정증권,0,0,0,0,0,0,0,0,0,0,0,0,0,0,0,0,0,0,0,0,0,0,0,0,0,0,0,28370766017,25056139059,9971171260,4634888718,17972985217,13064539322,8692335172,654500200,1154500200,1154500200,1154500200,1404500200,1404500200,1404500200,1404500200,1654500200,4654500200,5364500200,6889500200,7322378598,7433597736,9042287733,9329045373,9297832555,9028694305,8857986430,8593454313
1804,부동산신탁,11892,우리자산신탁,B,SM005,요약재무상태표(‘11.03월 이후),A200,Ⅱ. 증권_당기손익-공정가치측정증권_주식,0,0,0,0,0,0,0,0,0,0,0,0,0,0,0,0,0,0,0,0,0,0,0,0,0,0,0,2364510200,2364500200,2164500200,1759500200,1759500200,2264500200,1404500200,654500200,1154500200,1154500200,1154500200,1404500200,1404500200,1404500200,1404500200,1654500200,1654500200,2304500200,3829500200,4124500200,4224500200,5524500200,5724500200,5630000200,5630000000,5410000000,5271902021
1805,부동산신탁,11892,우리자산신탁,B,SM005,요약재무상태표(‘11.03월 이후),A201,Ⅱ. 증권_당기손익-공정가치측정증권_국채·지방채,0,0,0,0,0,0,0,0,0,0,0,0,0,0,0,0,0,0,0,0,0,0,0,0,0,0,0,0,0,0,0,0,0,0,0,0,0,0,0,0,0,0,0,0,0,0,0,0,0,0,0,0,0,0
1806,부동산신탁,11892,우리자산신탁,B,SM005,요약재무상태표(‘11.03월 이후),A202,Ⅱ. 증권_당기손익-공정가치측정증권_특수채,0,0,0,0,0,0,0,0,0,0,0,0,0,0,0,0,0,0,0,0,0,0,0,0,0,0,0,0,0,0,0,0,0,0,0,0,0,0,0,0,0,0,0,0,0,0,0,0,0,0,0,0,0,0
1807,부동산신탁,11892,우리자산신탁,B,SM005,요약재무상태표(‘11.03월 이후),A203,Ⅱ. 증권_당기손익-공정가치측정증권_회사채,0,0,0,0,0,0,0,0,0,0,0,0,0,0,0,0,0,0,0,0,0,0,0,0,0,0,0,0,0,0,0,0,0,0,0,0,0,0,0,0,0,0,0,0,0,0,0,0,0,0,0,0,0,0
1808,부동산신탁,11892,우리자산신탁,B,SM005,요약재무상태표(‘11.03월 이후),A204,Ⅱ. 증권_당기손익-공정가치측정증권_집합투자증권,0,0,0,0,0,0,0,0,0,0,0,0,0,0,0,0,0,0,0,0,0,0,0,0,0,0,0,0,0,0,0,0,0,0,0,0,0,0,0,0,0,0,0,3000000000,3060000000,3060000000,3197878398,3209097536,3517787533,3604545173,3667832355,3398694305,3447986430,3321552292
1809,부동산신탁,11892,우리자산신탁,B,SM005,요약재무상태표(‘11.03월 이후),A205,Ⅱ. 증권_당기손익-공정가치측정증권_기업어음증권,0,0,0,0,0,0,0,0,0,0,0,0,0,0,0,0,0,0,0,0,0,0,0,0,0,0,0,0,0,0,0,0,0,0,0,0,0,0,0,0,0,0,0,0,0,0,0,0,0,0,0,0,0,0
1810,부동산신탁,11892,우리자산신탁,B,SM005,요약재무상태표(‘11.03월 이후),A206,Ⅱ. 증권_당기손익-공정가치측정증권_외화증권,0,0,0,0,0,0,0,0,0,0,0,0,0,0,0,0,0,0,0,0,0,0,0,0,0,0,0,0,0,0,0,0,0,0,0,0,0,0,0,0,0,0,0,0,0,0,0,0,0,0,0,0,0,0
1811,부동산신탁,11892,우리자산신탁,B,SM005,요약재무상태표(‘11.03월 이후),A207,Ⅱ. 증권_당기손익-공정가치측정증권_기타,0,0,0,0,0,0,0,0,0,0,0,0,0,0,0,0,0,0,0,0,0,0,0,0,0,0,0,26006255817,22691638859,7806671060,2875388518,16213485017,10800039122,7287834972,0,0,0,0,0,0,0,0,0,0,0,0,0,0,0,0,0,0,0,0
1812,부동산신탁,11892,우리자산신탁,B,SM005,요약재무상태표(‘11.03월 이후),A21,Ⅱ. 증권_기타포괄손익-공정가치측정증권,1649525000,1159525000,1159525000,1909525000,1909525000,1909525000,1359525000,1368085000,1118085000,1113085000,1113085000,1613085000,1613085000,1863085000,3373085000,3373085000,3373095000,3373095000,4564535000,4659035000,4659035000,4709035000,4564510200,6114510200,8606610200,8518330200,7302610200,0,0,0,0,0,0,0,0,0,0,0,0,0,0,0,0,0,0,0,0,0,0,0,0,0,0,0
1813,부동산신탁,11892,우리자산신탁,B,SM005,요약재무상태표(‘11.03월 이후),A210,Ⅱ. 증권_기타포괄손익-공정가치측정증권_주식,94525000,94525000,94525000,594525000,594525000,594525000,594525000,603085000,603085000,603085000,603085000,1103085000,1103085000,1103085000,2103085000,2103085000,2103095000,2103085000,2094525000,2189025000,2189025000,2239025000,2094500000,3644500000,3144500000,3144500000,1594500000,0,0,0,0,0,0,0,0,0,0,0,0,0,0,0,0,0,0,0,0,0,0,0,0,0,0,0
1814,부동산신탁,11892,우리자산신탁,B,SM005,요약재무상태표(‘11.03월 이후),A211,Ⅱ. 증권_기타포괄손익-공정가치측정증권_국채·지방채,0,0,0,0,0,0,0,0,0,0,0,0,0,0,0,0,0,0,0,0,0,0,0,0,0,0,0,0,0,0,0,0,0,0,0,0,0,0,0,0,0,0,0,0,0,0,0,0,0,0,0,0,0,0
1815,부동산신탁,11892,우리자산신탁,B,SM005,요약재무상태표(‘11.03월 이후),A212,Ⅱ. 증권_기타포괄손익-공정가치측정증권_특수채,0,0,0,0,0,0,0,0,0,0,0,0,0,0,0,0,0,0,1450000000,0,0,0,0,0,0,0,0,0,0,0,0,0,0,0,0,0,0,0,0,0,0,0,0,0,0,0,0,0,0,0,0,0,0,0
1816,부동산신탁,11892,우리자산신탁,B,SM005,요약재무상태표(‘11.03월 이후),A213,Ⅱ. 증권_기타포괄손익-공정가치측정증권_회사채,0,0,0,0,0,0,0,0,0,0,0,0,0,0,0,0,0,0,0,0,0,0,0,0,0,0,0,0,0,0,0,0,0,0,0,0,0,0,0,0,0,0,0,0,0,0,0,0,0,0,0,0,0,0
1817,부동산신탁,11892,우리자산신탁,B,SM005,요약재무상태표(‘11.03월 이후),A214,Ⅱ. 증권_기타포괄손익-공정가치측정증권_집합투자증권,0,0,0,0,0,0,0,0,0,0,0,0,0,0,0,0,0,0,0,0,0,0,0,0,0,0,0,0,0,0,0,0,0,0,0,0,0,0,0,0,0,0,0,0,0,0,0,0,0,0,0,0,0,0
1818,부동산신탁,11892,우리자산신탁,B,SM005,요약재무상태표(‘11.03월 이후),A215,Ⅱ. 증권_기타포괄손익-공정가치측정증권_기업어음증권,0,0,0,0,0,0,0,0,0,0,0,0,0,0,0,0,0,0,0,0,0,0,0,0,0,0,0,0,0,0,0,0,0,0,0,0,0,0,0,0,0,0,0,0,0,0,0,0,0,0,0,0,0,0
1819,부동산신탁,11892,우리자산신탁,B,SM005,요약재무상태표(‘11.03월 이후),A216,Ⅱ. 증권_기타포괄손익-공정가치측정증권_외화증권,0,0,0,0,0,0,0,0,0,0,0,0,0,0,0,0,0,0,0,0,0,0,0,0,0,0,0,0,0,0,0,0,0,0,0,0,0,0,0,0,0,0,0,0,0,0,0,0,0,0,0,0,0,0
1820,부동산신탁,11892,우리자산신탁,B,SM005,요약재무상태표(‘11.03월 이후),A217,Ⅱ. 증권_기타포괄손익-공정가치측정증권_기타,1555000000,1065000000,1065000000,1315000000,1315000000,1315000000,765000000,765000000,515000000,510000000,510000000,510000000,510000000,760000000,1270000000,1270000000,1270000000,1270010000,1020010000,2470010000,2470010000,2470010000,2470010200,2470010200,5462110200,5373830200,5708110200,0,0,0,0,0,0,0,0,0,0,0,0,0,0,0,0,0,0,0,0,0,0,0,0,0,0,0
1821,부동산신탁,11892,우리자산신탁,B,SM005,요약재무상태표(‘11.03월 이후),A22,Ⅱ. 증권_상각후원가측정증권,0,0,0,0,0,0,0,0,0,0,0,0,0,0,0,0,0,0,0,0,0,0,0,0,0,0,0,0,0,0,0,0,0,0,0,0,0,0,0,0,0,0,0,0,0,0,0,0,0,0,0,0,0,0
1822,부동산신탁,11892,우리자산신탁,B,SM005,요약재무상태표(‘11.03월 이후),A220,Ⅱ. 증권_상각후원가측정증권_국채·지방채,0,0,0,0,0,0,0,0,0,0,0,0,0,0,0,0,0,0,0,0,0,0,0,0,0,0,0,0,0,0,0,0,0,0,0,0,0,0,0,0,0,0,0,0,0,0,0,0,0,0,0,0,0,0
1823,부동산신탁,11892,우리자산신탁,B,SM005,요약재무상태표(‘11.03월 이후),A221,Ⅱ. 증권_상각후원가측정증권_특수채,0,0,0,0,0,0,0,0,0,0,0,0,0,0,0,0,0,0,0,0,0,0,0,0,0,0,0,0,0,0,0,0,0,0,0,0,0,0,0,0,0,0,0,0,0,0,0,0,0,0,0,0,0,0
1824,부동산신탁,11892,우리자산신탁,B,SM005,요약재무상태표(‘11.03월 이후),A222,Ⅱ. 증권_상각후원가측정증권_회사채,0,0,0,0,0,0,0,0,0,0,0,0,0,0,0,0,0,0,0,0,0,0,0,0,0,0,0,0,0,0,0,0,0,0,0,0,0,0,0,0,0,0,0,0,0,0,0,0,0,0,0,0,0,0
1825,부동산신탁,11892,우리자산신탁,B,SM005,요약재무상태표(‘11.03월 이후),A223,Ⅱ. 증권_상각후원가측정증권_기타,0,0,0,0,0,0,0,0,0,0,0,0,0,0,0,0,0,0,0,0,0,0,0,0,0,0,0,0,0,0,0,0,0,0,0,0,0,0,0,0,0,0,0,0,0,0,0,0,0,0,0,0,0,0
1826,부동산신탁,11892,우리자산신탁,B,SM005,요약재무상태표(‘11.03월 이후),A23,Ⅱ. 증권_관계회사투자지분,0,0,0,0,0,0,0,0,0,0,0,0,0,0,0,0,0,0,0,0,0,0,1550000000,0,0,0,2300000000,2300000000,2300000000,2300000000,2300000000,2300000000,2300000000,0,0,0,0,0,0,0,0,0,0,0,0,0,0,0,0,0,0,0,0,0
1827,부동산신탁,11892,우리자산신탁,B,SM005,요약재무상태표(‘11.03월 이후),A230,Ⅱ. 증권_관계회사투자지분_연결대상회사 투자지분,0,0,0,0,0,0,0,0,0,0,0,0,0,0,0,0,0,0,0,0,0,0,0,0,0,0,2300000000,2300000000,2300000000,2300000000,2300000000,2300000000,2300000000,0,0,0,0,0,0,0,0,0,0,0,0,0,0,0,0,0,0,0,0,0
1828,부동산신탁,11892,우리자산신탁,B,SM005,요약재무상태표(‘11.03월 이후),A231,Ⅱ. 증권_관계회사투자지분_비연결대상회사 투자지분,0,0,0,0,0,0,0,0,0,0,0,0,0,0,0,0,0,0,0,0,0,0,1550000000,0,0,0,0,0,0,0,0,0,0,0,0,0,0,0,0,0,0,0,0,0,0,0,0,0,0,0,0,0,0,0
1829,부동산신탁,11892,우리자산신탁,B,SM005,요약재무상태표(‘11.03월 이후),A24,Ⅱ. 증권_파생결합증권,0,0,0,0,0,0,0,0,0,0,0,0,0,0,0,0,0,0,0,0,0,0,0,0,0,0,0,0,0,0,0,0,0,0,0,0,0,0,0,0,0,0,0,0,0,0,0,0,0,0,0,0,0,0
1830,부동산신탁,11892,우리자산신탁,B,SM005,요약재무상태표(‘11.03월 이후),A25,Ⅱ. 증권_대손충당금(-), , , , , , , , , , , , , , , , , , , , , , , , , , , ,0,0,0,0,0,0,0,0,0,0,0,0,0,0,0,0,0,0,0,0,0,0,0,0,0,0,0
1831,부동산신탁,11892,우리자산신탁,B,SM005,요약재무상태표(‘11.03월 이후),A3,Ⅲ. 파생상품자산,0,0,0,0,0,0,0,0,0,0,0,0,0,0,0,0,0,0,0,0,0,0,0,0,0,0,0,0,0,0,0,0,0,0,0,0,0,0,0,0,0,0,0,0,0,0,0,0,0,0,0,0,0,0
1832,부동산신탁,11892,우리자산신탁,B,SM005,요약재무상태표(‘11.03월 이후),A30,Ⅲ. 파생상품자산_이자율관련,0,0,0,0,0,0,0,0,0,0,0,0,0,0,0,0,0,0,0,0,0,0,0,0,0,0,0,0,0,0,0,0,0,0,0,0,0,0,0,0,0,0,0,0,0,0,0,0,0,0,0,0,0,0
1833,부동산신탁,11892,우리자산신탁,B,SM005,요약재무상태표(‘11.03월 이후),A31,Ⅲ. 파생상품자산_통화관련,0,0,0,0,0,0,0,0,0,0,0,0,0,0,0,0,0,0,0,0,0,0,0,0,0,0,0,0,0,0,0,0,0,0,0,0,0,0,0,0,0,0,0,0,0,0,0,0,0,0,0,0,0,0
1834,부동산신탁,11892,우리자산신탁,B,SM005,요약재무상태표(‘11.03월 이후),A32,Ⅲ. 파생상품자산_주식관련,0,0,0,0,0,0,0,0,0,0,0,0,0,0,0,0,0,0,0,0,0,0,0,0,0,0,0,0,0,0,0,0,0,0,0,0,0,0,0,0,0,0,0,0,0,0,0,0,0,0,0,0,0,0
1835,부동산신탁,11892,우리자산신탁,B,SM005,요약재무상태표(‘11.03월 이후),A33,Ⅲ. 파생상품자산_신용관련,0,0,0,0,0,0,0,0,0,0,0,0,0,0,0,0,0,0,0,0,0,0,0,0,0,0,0,0,0,0,0,0,0,0,0,0,0,0,0,0,0,0,0,0,0,0,0,0,0,0,0,0,0,0
1836,부동산신탁,11892,우리자산신탁,B,SM005,요약재무상태표(‘11.03월 이후),A34,Ⅲ. 파생상품자산_상품관련,0,0,0,0,0,0,0,0,0,0,0,0,0,0,0,0,0,0,0,0,0,0,0,0,0,0,0,0,0,0,0,0,0,0,0,0,0,0,0,0,0,0,0,0,0,0,0,0,0,0,0,0,0,0
1837,부동산신탁,11892,우리자산신탁,B,SM005,요약재무상태표(‘11.03월 이후),A35,Ⅲ. 파생상품자산_기타파생상품자산,0,0,0,0,0,0,0,0,0,0,0,0,0,0,0,0,0,0,0,0,0,0,0,0,0,0,0,0,0,0,0,0,0,0,0,0,0,0,0,0,0,0,0,0,0,0,0,0,0,0,0,0,0,0
1838,부동산신탁,11892,우리자산신탁,B,SM005,요약재무상태표(‘11.03월 이후),A36,Ⅲ. 파생상품자산_파생상품Ⅲ. 파생상품자산_신용위험평가조정액,0,0,0,0,0,0,0,0,0,0,0,0,0,0,0,0,0,0,0,0,0,0,0,0,0,0,0,0,0,0,0,0,0,0,0,0,0,0,0,0,0,0,0,0,0,0,0,0,0,0,0,0,0,0
1839,부동산신탁,11892,우리자산신탁,B,SM005,요약재무상태표(‘11.03월 이후),A37,Ⅲ. 파생상품자산_파생상품Ⅲ. 파생상품자산_거래일손익인식평가조정액,0,0,0,0,0,0,0,0,0,0,0,0,0,0,0,0,0,0,0,0,0,0,0,0,0,0,0,0,0,0,0,0,0,0,0,0,0,0,0,0,0,0,0,0,0,0,0,0,0,0,0,0,0,0
1840,부동산신탁,11892,우리자산신탁,B,SM005,요약재무상태표(‘11.03월 이후),A4,Ⅳ. 대출채권,1793000000,1893000000,1910000000,1900000000,3340000000,1402000000,1127986349,944114451,899743022,872671593,911600164,721796938,634457306,653385877,4182314448,5467543542,3992671590,3952814447,6435285710,2967428567,1498571424,4572714281,4204499995,10588571423,15930042851,19731114279,26643985707,21259140849,15294086920,24433690851,35397472994,32386680137,30682487279,42511479422,57704371565,58656526077,55345888577,58940533214,22287117142,14288601070,25018684998,40428611494,44316681422,22751627068,24660001924,28546099780,30749792637,38031412108,46872150406,70791191416,81848492848,91390762900,120871248625,155518734362
1841,부동산신탁,11892,우리자산신탁,B,SM005,요약재무상태표(‘11.03월 이후),A40,Ⅳ. 대출채권_(현재가치할인차금)(-),0,0,0,0,0,0,0,0,0,0,0,0,0,0,0,0,0,0,0,0,0,0,0,0,0,0,0,0,0,0,0,0,0,0,0,0,0,0,0,0,0,0,0,0,0,0,0,0,0,0,0,0,0,0
1842,부동산신탁,11892,우리자산신탁,B,SM005,요약재무상태표(‘11.03월 이후),A41,Ⅳ. 대출채권_(현재가치할증차금)(+),0,0,0,0,0,0,0,0,0,0,0,0,0,0,0,0,0,0,0,0,0,0,0,0,0,0,0,0,0,0,0,0,0,0,0,0,0,0,0,0,0,0,0,0,0,0,0,0,0,0,0,0,0,0
1843,부동산신탁,11892,우리자산신탁,B,SM005,요약재무상태표(‘11.03월 이후),A42,Ⅳ. 대출채권_(이연대출부대손익),0,0,0,0,0,0,0,0,0,0,0,0,0,0,0,0,0,0,0,0,0,0,0,0,0,0,0,0,0,0,0,0,0,0,0,0,0,0,0,0,0,0,0,0,0,0,0,0,0,0,0,0,0,0
1844,부동산신탁,11892,우리자산신탁,B,SM005,요약재무상태표(‘11.03월 이후),A43,Ⅳ. 대출채권_대여금,2093000000,2193000000,2210000000,2250000000,3890000000,1952000000,1987000000,1803128102,1758756673,1731685244,1770613815,1580810589,1184457306,1203385877,4732314448,6017543542,4542671590,4502814447,4504957304,1037100161,1068243018,4142385875,474171589,2948243017,6869714445,6870785873,7713985707,4823257135,2309328563,1518257137,2485399994,2572542851,1639685708,1669828565,1709971422,719071434,716571434,666214285,685142856,644071427,750999998,854928569,1071657140,1054871425,947328567,985185709,1163042851,1440899993,1450604244,1555402713,1652201182,1683999651,1624726691,1629025167
1845,부동산신탁,11892,우리자산신탁,B,SM005,요약재무상태표(‘11.03월 이후),A44,Ⅳ. 대출채권_대지급금,0,0,0,0,0,0,0,0,0,0,0,0,0,0,0,0,0,0,0,0,0,0,0,0,0,0,0,0,0,0,0,0,0,0,0,0,0,0,0,0,0,0,0,0,0,0,0,0,0,0,0,0,0,0
1846,부동산신탁,11892,우리자산신탁,B,SM005,요약재무상태표(‘11.03월 이후),A45,Ⅳ. 대출채권_신탁계정대,0,0,0,0,0,0,0,0,0,0,0,0,0,0,0,0,0,0,2500000000,2500000000,1000000000,1000000000,3750000000,7660000000,9080000000,12880000000,18930000000,17060000000,13349500000,24129500000,34090000000,31220000000,30580000000,43000000000,61161000000,63799000000,59985000000,64949000000,28680000000,20725000000,31456000000,46834659160,50549659160,26755682000,29124682000,33023682000,35085682000,42328398700,51549793162,78274293334,103563177442,117357965881,167883986881,216369057940
1847,부동산신탁,11892,우리자산신탁,B,SM005,요약재무상태표(‘11.03월 이후),A46,Ⅳ. 대출채권_기타 대출채권,0,0,0,0,0,0,0,0,0,0,0,0,0,0,0,0,0,0,0,0,0,0,0,0,0,0,0,0,0,0,0,0,0,0,0,0,0,0,0,0,0,0,0,0,0,0,0,0,0,0,0,0,0,0
1848,부동산신탁,11892,우리자산신탁,B,SM005,요약재무상태표(‘11.03월 이후),A47,Ⅳ. 대출채권_대손충당금(-),300000000,300000000,300000000,350000000,550000000,550000000,859013651,859013651,859013651,859013651,859013651,859013651,550000000,550000000,550000000,550000000,550000000,550000000,569671594,569671594,569671594,569671594,19671594,19671594,19671594,19671594,0,624116286,364741643,1214066286,1177927000,1405862714,1537198429,2158349143,5166599857,5861545357,5355682857,6674681071,7078025714,7080470357,7188315000,7260976235,7304634878,5058926357,5412008643,5462767929,5498932214,5737886585,6128247000,9038504631,23366885776,27651202632,48637464947,62479348745
1849,부동산신탁,11892,우리자산신탁,B,SM005,요약재무상태표(‘11.03월 이후),A470,Ⅳ. 대출채권_대손충당금(-)_대여금대손충당금,300000000,300000000,300000000,350000000,550000000,550000000,859013651,859013651,859013651,859013651,859013651,859013651,550000000,550000000,550000000,550000000,550000000,550000000,569671594,569671594,569671594,569671594,19671594,19671594,19671594,19671594,0,24116286,11546643,7591286,12427000,12862714,8198429,8349143,8549857,3595357,3582857,3331071,3425714,3220357,3755000,4274643,5358286,5274357,4736643,4925929,5815214,7204500,7253021,7777014,0,0,0,0
1850,부동산신탁,11892,우리자산신탁,B,SM005,요약재무상태표(‘11.03월 이후),A471,Ⅳ. 대출채권_대손충당금(-)_대지급금대손충당금,0,0,0,0,0,0,0,0,0,0,0,0,0,0,0,0,0,0,0,0,0,0,0,0,0,0,0,0,0,0,0,0,0,0,0,0,0,0,0,0,0,0,0,0,0,0,0,0,0,0,0,0,0,0
1851,부동산신탁,11892,우리자산신탁,B,SM005,요약재무상태표(‘11.03월 이후),A472,Ⅳ. 대출채권_대손충당금(-)_신탁계정대 대손충당금,0,0,0,0,0,0,0,0,0,0,0,0,0,0,0,0,0,0,0,0,0,0,0,0,0,0,0,600000000,353195000,1206475000,1165500000,1393000000,1529000000,2150000000,5158050000,5857950000,5352100000,6671350000,7074600000,7077250000,7184560000,7256701592,7299276592,5053652000,5407272000,5457842000,5493117000,5730682085,6120993979,9030727617,23366885776,27651202632,48637464947,62479348745
1852,부동산신탁,11892,우리자산신탁,B,SM005,요약재무상태표(‘11.03월 이후),A473,Ⅳ. 대출채권_대손충당금(-)_기타 대손충당금,0,0,0,0,0,0,0,0,0,0,0,0,0,0,0,0,0,0,0,0,0,0,0,0,0,0,0,0,0,0,0,0,0,0,0,0,0,0,0,0,0,0,0,0,0,0,0,0,0,0,0,0,0,0
1853,부동산신탁,11892,우리자산신탁,B,SM005,요약재무상태표(‘11.03월 이후),A5,Ⅴ. 유형자산,308503831,282269721,256418316,277793327,282493291,273643773,277262732,296269734,311990898,300394923,293295372,340247617,331846735,327980218,399997303,430801706,473645767,525284780,623639860,597427536,598370285,571506324,613450594,605291525,1151776014,1059566605,1012591661,2511969839,2464665973,2494496732,2538690841,4887675605,4581441603,3676884066,3982775227,4298061698,4685630436,4716964207,4522470290,4169234960,3696788879,13469271843,13799134873,13194179597,12685544674,11848563433,11086718365,10760731755,10692513928,9904531157,9182115942,8836182090,8045418191,7150611002
1854,부동산신탁,11892,우리자산신탁,B,SM005,요약재무상태표(‘11.03월 이후),A50,유형자산_(손상차손누계액),0,0,0,0,0,0,0,0,0,0,0,0,0,0,0,0,0,0,0,0,0,0,0,0,0,0,0,0,0,0,0,0,0,660147000,660147000,660147000,660147000,660147000,660147000,660147000,660147000,660147000,660147000,660147000,660147000,660147000,660147000,660147000,660147000,660147000,660147000,660147000,660147000,660147000
1855,부동산신탁,11892,우리자산신탁,B,SM005,요약재무상태표(‘11.03월 이후),A51,유형자산__토지,47807713,47807713,47807713,47807713,47807713,47807713,47807713,47807713,47807713,47807713,47807713,47807713,47807713,47807713,47807713,47807713,47807713,47807713,47807713,47807713,47807713,47807713,47807713,47807713,348078753,348078753,348078753,1845078753,1845078753,1845078753,1845078753,1845078753,1845078753,1184931753,1184931753,1184931753,1184931753,1184931753,1184931753,1184931753,1184931753,1184931753,1184931753,1184931753,1184931753,1184931753,1184931753,1184931753,1184931753,1184931753,1184931753,1184931753,1184931753,1184931753
1856,부동산신탁,11892,우리자산신탁,B,SM005,요약재무상태표(‘11.03월 이후),A52,유형자산_건물,97269806,97269806,97269806,97269806,97269806,97269806,97269806,97269806,97269806,97269806,97269806,97269806,97269806,97269806,97269806,97269806,97269806,97269806,97269806,97269806,97269806,97269806,97269806,97269806,110412856,110412856,110412856,110412856,110412856,110412856,110412856,110412856,110412856,110412856,110412856,110412856,137725586,137725586,137725586,137725586,137725586,137725586,137725586,137725586,137725586,137725586,137725586,137725586,137725586,137725586,137725586,137725586,137725586,137725586
1857,부동산신탁,11892,우리자산신탁,B,SM005,요약재무상태표(‘11.03월 이후),A53,유형자산_구축물,0,0,0,0,0,0,0,0,0,0,0,0,0,0,0,0,0,0,0,0,0,0,0,0,0,0,0,0,0,0,0,0,0,0,0,0,0,0,0,0,0,0,0,0,0,0,0,0,0,0,0,0,0,0
1858,부동산신탁,11892,우리자산신탁,B,SM005,요약재무상태표(‘11.03월 이후),A54,유형자산_차량운반구,0,0,0,0,0,0,4083996,4083996,4083996,4083996,4083996,4083996,4083996,8538996,8538996,8538996,0,0,0,0,0,0,0,0,0,0,0,0,0,0,0,0,0,0,0,0,0,0,0,0,0,0,0,0,0,0,0,0,0,0,0,0,0,0
1859,부동산신탁,11892,우리자산신탁,B,SM005,요약재무상태표(‘11.03월 이후),A55,유형자산_비품,574845726,574845726,575155726,616548182,649429182,669737182,694057182,733749182,745845000,746910000,752162000,810588900,814141320,820462320,916132320,968739247,1042476747,1075792055,1204378873,1214638873,1234350873,1245260873,1328085782,1345373355,1519527138,1580406875,1586075329,1634605057,1637436975,1719051193,1820977465,1839853101,1695128918,1708440918,1788818918,2152893388,2617917291,3022097291,2972584427,3054791427,3089573427,3150479072,4187407002,4250807912,4294176912,4324361412,4341077412,4343229512,4788360002,4771371411,4775409011,4866767067,4866767067,4878614667
1860,부동산신탁,11892,우리자산신탁,B,SM005,요약재무상태표(‘11.03월 이후),A56,유형자산_건설중인자산,0,0,0,0,0,0,0,0,0,0,0,0,0,0,0,0,0,0,0,0,0,0,0,0,0,0,0,0,0,0,0,0,0,0,0,0,0,0,0,0,0,0,0,0,0,0,0,0,0,0,0,0,0,0
1861,부동산신탁,11892,우리자산신탁,B,SM005,요약재무상태표(‘11.03월 이후),A57,유형자산_운용리스자산(종금계정),0,0,0,0,0,0,0,0,0,0,0,0,0,0,0,0,0,0,0,0,0,0,0,0,0,0,0,0,0,0,0,0,0,0,0,0,0,0,0,0,0,0,0,0,0,0,0,0,0,0,0,0,0,0
1862,부동산신탁,11892,우리자산신탁,B,SM005,요약재무상태표(‘11.03월 이후),A58,유형자산_선급리스자산(종금계정),0,0,0,0,0,0,0,0,0,0,0,0,0,0,0,0,0,0,0,0,0,0,0,0,0,0,0,0,0,0,0,0,0,0,0,0,0,0,0,0,0,0,0,0,0,0,0,0,0,0,0,0,0,0
1863,부동산신탁,11892,우리자산신탁,B,SM005,요약재무상태표(‘11.03월 이후),A59,유형자산_기타,0,0,0,0,0,0,0,0,0,0,0,0,0,0,0,0,0,0,0,0,0,0,0,0,102200000,0,0,0,0,0,0,2645271808,2645425440,2693736792,3256362119,3304951962,3634911798,3697677375,3762699887,3807739663,3807739663,10511104870,10527062026,10582797760,10790860866,10713802365,10713802365,11254556621,11048491927,11049820928,11218176668,11261398703,11259839252,11259839252
1864,부동산신탁,11892,우리자산신탁,B,SM005,요약재무상태표(‘11.03월 이후),A5A,유형자산_감가상각누계액(-),411419414,437653524,463814929,483832374,512013410,541170928,565955965,586640963,583015617,595676592,608028143,619502798,631456100,646098617,669751532,691554056,713908499,695584794,725816532,762288856,781058107,818832068,859712707,885159349,928442733,979331879,1031975277,1078126827,1128262611,1180046070,1237778233,1552940913,1714604364,2020638253,2357750419,2455128261,2889855992,3325467798,3535471363,4015953469,4523181550,1514969438,2237991494,2962083414,3722150443,4512257683,5290818751,6159711717,6466995340,7239318521,8134127076,8614641019,9403845467,10310500256
1865,부동산신탁,11892,우리자산신탁,B,SM005,요약재무상태표(‘11.03월 이후),A5A0,유형자산__감가상각누계액(-)_건물,14643769,15256702,15869635,16471287,17077143,17689656,18302170,18901368,19507223,20119737,20732250,21331448,21937304,22549817,23162331,23761529,24367385,24979898,25592412,26198267,26804123,27416637,28029150,28628348,29267489,29962764,30684821,31376117,32067413,32758709,33450018,34141314,34832610,35523906,36215215,36906511,37720837,38596678,39472532,40348373,41224214,42100055,42975911,43851752,44727593,45603434,46479290,47355131,48230972,49106813,49982654,50858495,51872280,52955037
1866,부동산신탁,11892,우리자산신탁,B,SM005,요약재무상태표(‘11.03월 이후),A5A1,유형자산_감가상각누계액(-)_구축물,0,0,0,0,0,0,0,0,0,0,0,0,0,0,0,0,0,0,0,0,0,0,0,0,0,0,0,0,0,0,0,0,0,0,0,0,0,0,0,0,0,0,0,0,0,0,0,0,0,0,0,0,0,0
1867,부동산신탁,11892,우리자산신탁,B,SM005,요약재무상태표(‘11.03월 이후),A5A2,유형자산_감가상각누계액(-)_차량운반구,0,0,0,0,0,0,187873,389165,592694,798459,1004225,1205517,1409046,1680684,2110908,2531779,0,0,0,0,0,0,0,0,0,0,0,0,0,0,0,0,0,0,0,0,0,0,0,0,0,0,0,0,0,0,0,0,0,0,0,0,0,0
1868,부동산신탁,11892,우리자산신탁,B,SM005,요약재무상태표(‘11.03월 이후),A5A3,유형자산_감가상각누계액(-)_비품,396775645,422396822,447945294,467361087,494936267,523481272,547465922,567350430,562915700,574758396,586291668,596965833,608109750,621868116,644478293,665260748,689541114,670604896,700224120,736090589,754253984,791415431,831683557,856531001,899175244,949369115,1001290456,1046750710,1096195198,1147287361,1204328215,1262178012,1169542516,1219277093,1262581579,1095162129,1196354526,1318557692,1165362236,1293817069,1421865223,720767913,892835187,1096953620,1299522541,1497081561,1694313910,1889935002,2103389520,2297909187,2511266634,2616423126,2839061595,3061353783
1869,부동산신탁,11892,우리자산신탁,B,SM005,요약재무상태표(‘11.03월 이후),A5A4,유형자산_감가상각누계액(-)_기타,0,0,0,0,0,0,0,0,0,0,0,0,0,0,0,0,0,0,0,0,0,0,0,0,0,0,0,0,0,0,0,256621587,510229238,765837254,1058953625,1323059621,1655780629,1968313428,2330636595,2681788027,3060092113,752101470,1302180396,1821278042,2377900309,2969572688,3550025551,4222421584,4315374848,4892302521,5572877788,5947359398,6512911592,7196191436
1870,부동산신탁,11892,우리자산신탁,B,SM005,요약재무상태표(‘11.03월 이후),A5A5,유형자산_감가상각누계액(종금계정)(-),0,0,0,0,0,0,0,0,0,0,0,0,0,0,0,0,0,0,0,0,0,0,0,0,0,0,0,0,0,0,0,0,0,0,0,0,0,0,0,0,0,0,0,0,0,0,0,0,0,0,0,0,0,0
1871,부동산신탁,11892,우리자산신탁,B,SM005,요약재무상태표(‘11.03월 이후),A5A6,유형자산_처분손실충당금(종금계정)(-),0,0,0,0,0,0,0,0,0,0,0,0,0,0,0,0,0,0,0,0,0,0,0,0,0,0,0,0,0,0,0,0,0,0,0,0,0,0,0,0,0,0,0,0,0,0,0,0,0,0,0,0,0,0
1872,부동산신탁,11892,우리자산신탁,B,SM005,요약재무상태표(‘11.03월 이후),A6,Ⅵ. CMA운용자산(종금계정),0,0,0,0,0,0,0,0,0,0,0,0,0,0,0,0,0,0,0,0,0,0,0,0,0,0,0,0,0,0,0,0,0,0,0,0,0,0,0,0,0,0,0,0,0,0,0,0,0,0,0,0,0,0
1873,부동산신탁,11892,우리자산신탁,B,SM005,요약재무상태표(‘11.03월 이후),A7,Ⅶ. 리스자산(종금계정),0,0,0,0,0,0,0,0,0,0,0,0,0,0,0,0,0,0,0,0,0,0,0,0,0,0,0,0,0,0,0,0,0,0,0,0,0,0,0,0,0,0,0,0,0,0,0,0,0,0,0,0,0,0
1874,부동산신탁,11892,우리자산신탁,B,SM005,요약재무상태표(‘11.03월 이후),A8,Ⅷ. 기타자산,4798870546,4850952629,4312928656,4202519802,4151400933,4257564018,4573295637,5002819514,11634386510,10139100338,5592678419,5346563475,6306357086,6074181788,9329463761,11029332307,11243379996,7353436859,10856484241,10565108902,6690759017,8863155663,6909010151,7415387222,7255469834,7474410515,26382203087,8414195356,7971443414,8640831939,7400604554,7689783174,8801048036,8886988472,9933480239,9183400688,10536936297,10137449025,8548938601,10331966436,12726897235,15326454219,16794563608,17735409964,17064929566,30133417401,40774829595,40245567743,45723510419,52543831208,63680797352,63543769540,62992384539,50487854409
1875,부동산신탁,11892,우리자산신탁,B,SM005,요약재무상태표(‘11.03월 이후),A80,Ⅷ. 기타자산_(현재가치할인차금)(-),0,0,0,0,0,0,0,0,0,0,0,0,0,0,0,0,0,0,0,0,0,0,0,0,0,0,0,0,0,0,0,0,0,0,0,0,0,0,0,0,0,0,0,0,0,0,0,0,0,0,0,0,0,0
1876,부동산신탁,11892,우리자산신탁,B,SM005,요약재무상태표(‘11.03월 이후),A81,Ⅷ. 기타자산_(현재가치할증차금)(+),0,0,0,0,0,0,0,0,0,0,0,0,0,0,0,0,0,0,0,0,0,0,0,0,0,0,0,0,0,0,0,0,0,0,0,0,0,0,0,0,0,0,0,0,0,0,0,0,0,0,0,0,0,0
1877,부동산신탁,11892,우리자산신탁,B,SM005,요약재무상태표(‘11.03월 이후),A82,Ⅷ. 기타자산_미수금,3262569676,3139723554,2890788654,3008767244,3162520208,3258449653,3538814173,3598282293,9982867302,9092563214,4777737951,4680432328,3046046184,2983832914,6040775137,6038960140,6122113150,2067847052,6249518015,7243532662,2922881480,3559004310,3839303629,4205947814,3931973934,3609719302,22355825872,4379040776,3807588655,3814956787,5495698696,5505948663,6693340848,5816542612,6557465788,6633268079,8297130229,8193555110,7364484448,8601528786,9178879187,10754935504,10576127891,9293948975,7639702774,17924845332,19404347529,18120245345,17143612327,18177994449,21761409608,25385132073,28738952747,20772976781
1878,부동산신탁,11892,우리자산신탁,B,SM005,요약재무상태표(‘11.03월 이후),A820,Ⅷ. 기타자산_미수금_신탁보수미수금,2976832182,3098763700,2824763700,2931263700,3116065634,3138163700,3393363700,3462463700,3673463700,3501563700,2681460443,2460023700,655760000,675260000,189000000,368500000,242500000,101500000,112200000,286300000,93500000,114300000,179300000,781740000,948340000,743890000,720840000,516790000,622340000,822690000,878490000,870090000,794090000,867420000,668068000,742641000,724191000,602500000,630200000,546500000,702400000,1387656000,1514000000,796400000,72012000,66000000,1420000000,160382000,8190000,252000000,1421000000,350000000,1206150000,1444339000
1879,부동산신탁,11892,우리자산신탁,B,SM005,요약재무상태표(‘11.03월 이후),A821,Ⅷ. 기타자산_미수금_기타,285737494,40959854,66024954,77503544,46454574,120285953,145450473,135818593,6309403602,5590999514,2096277508,2220408628,2390286184,2308572914,5851775137,5670460140,5879613150,1966347052,6137318015,6957232662,2829381480,3444704310,3660003629,3424207814,2983633934,2865829302,21634985872,3862250776,3185248655,2992266787,4617208696,4635858663,5899250848,4949122612,5889397788,5890627079,7572939229,7591055110,6734284448,8055028786,8476479187,9367279504,9062127891,8497548975,7567690774,17858845332,17984347529,17959863345,17135422327,17925994449,20340409608,25035132073,27532802747,19328637781
1880,부동산신탁,11892,우리자산신탁,B,SM005,요약재무상태표(‘11.03월 이후),A83,Ⅷ. 기타자산_미수수익,2106430308,2173387222,1938884581,1819453481,1858169785,1866939203,1719360995,1878995788,2021888378,2062238980,1950930902,1811091226,1651250766,1376191136,1435849515,1468285458,1539892295,1553572578,1758338463,1521042433,993614333,1114721805,947574077,868419657,1051022792,1181935034,1234348246,1427452981,1532136304,1376044898,1010146896,1350018757,1518175611,1419610974,1787967736,2639237106,2538472404,2433856583,2266898239,3100844864,3326349641,4675611574,5980028534,7477808029,8942279227,12041030423,14826289048,16117649128,20820004134,27100600483,30012926225,31054341094,30549879370,32535369733
1881,부동산신탁,11892,우리자산신탁,B,SM005,요약재무상태표(‘11.03월 이후),A830,Ⅷ. 기타자산_미수수익_미수수수료,1498016218,1567578476,1255157067,1819453481,1858169785,1289587442,1103478414,1279481743,1455334634,1525234366,1388996423,1276129474,1321611367,1047178169,1094863445,1153987759,1230653485,1227335957,679644500,652627000,601475400,782746000,890906000,814632000,1006566000,1129889000,1126315500,1328516000,1431617000,1250979000,897969300,1239543100,1389736000,1327914000,1690807600,2574613000,2478340900,2398545900,2210920160,2967529800,3192418000,4529283000,5763289814,7094950900,8572409100,11494721361,13956261403,15250469397,20013771304,26278604676,29151816048,30016023335,29695351112,31681783040
1882,부동산신탁,11892,우리자산신탁,B,SM005,요약재무상태표(‘11.03월 이후),A831,Ⅷ. 기타자산_미수수익_미수이자,608414090,605808746,683727514,0,0,577351761,615882581,599514045,566553744,537004614,561934479,534961752,329639399,329012967,340986070,314297699,309238810,326236621,1078693963,868415433,392138933,331975805,56668077,53787657,44456792,52046034,108032746,98936981,100519304,125065898,112177596,110475657,128439611,91696974,97160136,64624106,60131504,35310683,55978079,133315064,133931641,146328574,216738720,382857129,369870127,546309062,870027645,867179731,806232830,821995807,861110177,1038317759,854528258,853586693
1883,부동산신탁,11892,우리자산신탁,B,SM005,요약재무상태표(‘11.03월 이후),A832,Ⅷ. 기타자산_미수수익_미수배당금,0,0,0,0,0,0,0,0,0,0,0,0,0,0,0,0,0,0,0,0,0,0,0,0,0,0,0,0,0,0,0,0,0,0,0,0,0,0,0,0,0,0,0,0,0,0,0,0,0,0,0,0,0,0
1884,부동산신탁,11892,우리자산신탁,B,SM005,요약재무상태표(‘11.03월 이후),A833,Ⅷ. 기타자산_미수수익_미수분배금,0,0,0,0,0,0,0,0,0,0,0,0,0,0,0,0,0,0,0,0,0,0,0,0,0,0,0,0,0,0,0,0,0,0,0,0,0,0,0,0,0,0,0,0,0,0,0,0,0,0,0,0,0,0
1885,부동산신탁,11892,우리자산신탁,B,SM005,요약재무상태표(‘11.03월 이후),A834,Ⅷ. 기타자산_미수수익_기타,0,0,0,0,0,0,0,0,0,0,0,0,0,0,0,0,0,0,0,0,0,0,0,0,0,0,0,0,0,0,0,0,0,0,0,0,0,0,0,0,0,0,0,0,0,0,0,0,0,0,0,0,0,0
1886,부동산신탁,11892,우리자산신탁,B,SM005,요약재무상태표(‘11.03월 이후),A84,Ⅷ. 기타자산_선급금,0,0,0,0,0,0,0,10909091,21300000,15319000,0,0,0,0,150000000,0,0,0,690400000,57801036,6400000,6400000,6400000,166390000,406390000,413390000,36400000,6400000,6400000,78411580,7636364,7636364,1236364,0,0,21000000,30000000,84947500,225892500,264692500,555310000,830550000,135060000,2160000,1460000,994581880,2237272040,2376872040,15710000,271535000,517910000,18460000,83226000,18260000
1887,부동산신탁,11892,우리자산신탁,B,SM005,요약재무상태표(‘11.03월 이후),A85,Ⅷ. 기타자산_선급비용,2151290,1660000,110000,110000,110000,110000,521292,212370,2291950,11481250,1019100,1301800,21210000,97036560,19305000,20168750,42183000,46387950,5454250,7592550,23677550,32099650,3321150,22409346,50658700,30031505,1032000,8949546,2140000,1997000,10102906,30960607,23508286,2459600,2618700,2908800,42726900,35522000,31000000,29718000,26307300,25425500,227235928,170497360,177972322,201241963,129618100,118158500,179828900,144147900,103537300,166634000,109906400,78395600
1888,부동산신탁,11892,우리자산신탁,B,SM005,요약재무상태표(‘11.03월 이후),A86,Ⅷ. 기타자산_선급제세,0,0,0,0,0,0,0,0,0,0,0,0,0,0,0,0,0,0,0,0,32516180,1617636591,0,0,0,0,0,0,0,0,0,0,0,0,0,171280,0,0,0,0,0,0,0,0,0,0,0,0,0,0,0,0,0,0
1889,부동산신탁,11892,우리자산신탁,B,SM005,요약재무상태표(‘11.03월 이후),A87,Ⅷ. 기타자산_대리점,0,0,0,0,0,0,0,0,0,0,0,0,0,0,0,0,0,0,0,0,0,0,0,0,0,0,0,0,0,0,0,0,0,0,0,0,0,0,0,0,0,0,0,0,0,0,0,0,0,0,0,0,0,0
1890,부동산신탁,11892,우리자산신탁,B,SM005,요약재무상태표(‘11.03월 이후),A88,Ⅷ. 기타자산_본.지점,0,0,0,0,0,0,0,0,0,0,0,0,0,0,0,0,0,0,0,0,0,0,0,0,0,0,0,0,0,0,0,0,0,0,0,0,0,0,0,0,0,0,0,0,0,0,0,0,0,0,0,0,0,0
1891,부동산신탁,11892,우리자산신탁,B,SM005,요약재무상태표(‘11.03월 이후),A89,Ⅷ. 기타자산_보증금,450513000,467760000,943685755,1004427204,1025140753,1033932302,1074445951,1080600499,1087755047,830713797,855401197,854401197,1706485197,1728415197,1510927600,2000806200,2122268200,2194536080,2347583600,2347774600,1181974600,1186463800,1197336100,1175951000,1175951000,1191619600,1227619600,1132089600,1132089600,1131489600,1203501180,1208894980,1208894980,1225900680,1460493480,1303901480,1303901480,1321247280,1383825580,1397625580,2668375580,2669510580,1503904580,1503904580,1493904580,1497388580,1497388580,1689298580,1686798580,1663298580,1663298580,1668298580,1668298580,1778298580
1892,부동산신탁,11892,우리자산신탁,B,SM005,요약재무상태표(‘11.03월 이후),A890,Ⅷ. 기타자산_보증금_전세권,0,0,0,0,0,0,0,0,0,0,0,0,0,0,0,0,0,0,0,0,0,0,0,0,0,0,0,0,0,0,0,0,0,0,0,0,0,0,0,0,0,0,0,0,0,0,0,0,0,0,0,0,0,0
1893,부동산신탁,11892,우리자산신탁,B,SM005,요약재무상태표(‘11.03월 이후),A891,Ⅷ. 기타자산_보증금_전신전화가입권,0,0,0,0,0,0,0,0,0,0,0,0,0,0,0,0,0,0,0,0,0,0,0,0,0,0,0,0,0,0,0,0,0,0,0,0,0,0,0,0,0,0,0,0,0,484000,484000,484000,484000,484000,484000,484000,484000,484000
1894,부동산신탁,11892,우리자산신탁,B,SM005,요약재무상태표(‘11.03월 이후),A892,Ⅷ. 기타자산_보증금_임차보증금,359315000,359315000,376562000,431148900,445707900,448344900,489188000,489188000,490188000,490188000,514119400,513119400,513919400,540799400,536207600,749380200,749380200,821648080,974695600,974695600,974695600,978984800,990057100,993199000,998199000,1013867600,1049867600,974867600,974867600,974867600,1046879180,1052272980,1052272980,1069278680,1303871480,1303871480,1303871480,1321217280,1383795580,1397595580,2668345580,2668345580,1502739580,1502739580,1492739580,1495739580,1495739580,1687649580,1685149580,1661649580,1661649580,1666649580,1666649580,1776649580
1895,부동산신탁,11892,우리자산신탁,B,SM005,요약재무상태표(‘11.03월 이후),A893,Ⅷ. 기타자산_보증금_회원보증금,0,0,0,0,0,0,0,0,0,0,0,0,0,0,0,0,0,0,0,0,0,0,0,0,0,0,0,0,0,0,0,0,0,0,0,0,0,0,0,0,0,0,0,0,0,0,0,0,0,0,0,0,0,0
1896,부동산신탁,11892,우리자산신탁,B,SM005,요약재무상태표(‘11.03월 이후),A894,Ⅷ. 기타자산_보증금_기타,91198000,108445000,567123755,573278304,579432853,585587402,585257951,591412499,597567047,340525797,341281797,341281797,1192565797,1187615797,974720000,1251426000,1372888000,1372888000,1372888000,1373079000,207279000,207479000,207279000,182752000,177752000,177752000,177752000,157222000,157222000,156622000,156622000,156622000,156622000,156622000,156622000,30000,30000,30000,30000,30000,30000,1165000,1165000,1165000,1165000,1165000,1165000,1165000,1165000,1165000,1165000,1165000,1165000,1165000
1897,부동산신탁,11892,우리자산신탁,B,SM005,요약재무상태표(‘11.03월 이후),A8A,Ⅷ. 기타자산_투자부동산,0,0,0,0,0,0,0,0,0,0,0,0,0,0,0,0,0,0,0,0,0,0,0,0,0,0,0,0,0,0,0,0,0,0,0,0,0,0,0,0,0,0,0,0,0,0,0,0,0,0,0,0,0,0
1898,부동산신탁,11892,우리자산신탁,B,SM005,요약재무상태표(‘11.03월 이후),A8A0,Ⅷ. 기타자산_투자부동산_(손상차손누계액),0,0,0,0,0,0,0,0,0,0,0,0,0,0,0,0,0,0,0,0,0,0,0,0,0,0,0,0,0,0,0,0,0,0,0,0,0,0,0,0,0,0,0,0,0,0,0,0,0,0,0,0,0,0
1899,부동산신탁,11892,우리자산신탁,B,SM005,요약재무상태표(‘11.03월 이후),A8A1,Ⅷ. 기타자산_투자부동산_토지,0,0,0,0,0,0,0,0,0,0,0,0,0,0,0,0,0,0,0,0,0,0,0,0,0,0,0,0,0,0,0,0,0,0,0,0,0,0,0,0,0,0,0,0,0,0,0,0,0,0,0,0,0,0
1900,부동산신탁,11892,우리자산신탁,B,SM005,요약재무상태표(‘11.03월 이후),A8A2,Ⅷ. 기타자산_투자부동산_건물,0,0,0,0,0,0,0,0,0,0,0,0,0,0,0,0,0,0,0,0,0,0,0,0,0,0,0,0,0,0,0,0,0,0,0,0,0,0,0,0,0,0,0,0,0,0,0,0,0,0,0,0,0,0
1901,부동산신탁,11892,우리자산신탁,B,SM005,요약재무상태표(‘11.03월 이후),A8A3,Ⅷ. 기타자산_투자부동산_건물감가상각누계액(-),0,0,0,0,0,0,0,0,0,0,0,0,0,0,0,0,0,0,0,0,0,0,0,0,0,0,0,0,0,0,0,0,0,0,0,0,0,0,0,0,0,0,0,0,0,0,0,0,0,0,0,0,0,0
1902,부동산신탁,11892,우리자산신탁,B,SM005,요약재무상태표(‘11.03월 이후),A8B,Ⅷ. 기타자산_무형자산,1420011138,1398536472,789840602,769460959,748933070,736297636,716168188,713215269,785667869,844629229,873311920,881877332,900474188,907175441,1016299644,2392930459,2472698469,2514483796,634336688,616416353,2708728975,2504208298,2480486709,2212194190,2194267234,2165479549,2753760557,2773599708,2710915281,2995898007,2694343671,2633588014,2577499680,2547704493,2503272046,2453937635,2405176575,2379673299,2465249440,2414011664,2571372966,2511110355,3447908832,3472293000,3362253768,3251730536,6562911880,6527105791,9724841785,9441523184,9141121731,9496505384,9203489339,9056781475
1903,부동산신탁,11892,우리자산신탁,B,SM005,요약재무상태표(‘11.03월 이후),A8B0,Ⅷ. 기타자산_무형자산_(손상차손누계액),0,0,104990190,104990190,104990190,104990190,154990190,-154990190,154990190,154990190,154990190,154990190,154990190,154990190,154990190,232280435,232280435,0,0,726825890,1252617485,774707295,774707295,1005507295,1005507295,1005507295,1005507295,1005507295,1005507295,1005507295,1005507295,1005507295,1005507295,1005507295,1005507295,1005507295,1005507295,1005507295,1005507295,1005507295,1005507295,1005507295,1005507295,1005507295,1005507295,1005507295,816708895,773208895,707208895,747876048,805626048,853163440,919663440,946376048
1904,부동산신탁,11892,우리자산신탁,B,SM005,요약재무상태표(‘11.03월 이후),A8B1,Ⅷ. 기타자산_무형자산_영업권,0,0,0,0,0,0,0,0,0,0,0,0,0,0,0,0,0,0,0,0,401544975,0,0,0,0,0,0,0,0,0,0,0,0,0,0,0,0,0,0,0,0,0,0,0,0,0,0,0,0,0,0,0,0,0
1905,부동산신탁,11892,우리자산신탁,B,SM005,요약재무상태표(‘11.03월 이후),A8B2,Ⅷ. 기타자산_무형자산_개발비,0,0,0,0,0,0,0,0,0,0,0,0,0,0,0,0,0,0,0,0,0,0,0,0,0,0,0,0,0,0,0,0,0,0,0,0, , , , , ,0,0,0,0,0,0,0,0,0,0,0,0,0
1906,부동산신탁,11892,우리자산신탁,B,SM005,요약재무상태표(‘11.03월 이후),A8B3,Ⅷ. 기타자산_무형자산_소프트웨어,107536948,86062282,65066357,44686714,24158825,11523391,41393943,38441024,56348169,52309529,80992220,89557632,108154488,114855741,223979944,227901004,307669014,349454341,413852688,395932353,0,377024298,353302709,315810190,297883234,269095549,857376557,877215708,814531281,751846854,690292518,629536861,573448527,543653340,499220893,449886482,401125422,407920546,493496687,442258911,599620213,539357602,1476156079,1365540247,1255501015,1145461783,1167844727,1088538638,4220274632,3977623184,3734971731,4137892776,3911376731,3791381475
1907,부동산신탁,11892,우리자산신탁,B,SM005,요약재무상태표(‘11.03월 이후),A8B4,Ⅷ. 기타자산_무형자산_회원권,1311990190,1311990190,724290245,724290245,724290245,724290245,674290245,674290245,728835700,791835700,791835700,791835700,791835700,791835700,791835700,946825890,946825890,946825890,946825890,220000000,2306700000,2126700000,2126700000,1895900000,1895900000,1895900000,1895900000,1895900000,1895900000,2243567153,2003567153,2003567153,2003567153,2003567153,2003567153,2003567153,2003567153,1971268753,1971268753,1971268753,1971268753,1971268753,1971268753,2106268753,2106268753,2106268753,5395067153,5438567153,5504567153,5463900000,5406150000,5358612608,5292112608,5265400000
1908,부동산신탁,11892,우리자산신탁,B,SM005,요약재무상태표(‘11.03월 이후),A8B5,Ⅷ. 기타자산_무형자산_기타,484000,484000,484000,484000,484000,484000,484000,484000,484000,484000,484000,484000,484000,484000,484000,1218203565,1218203565,1218203565,-726341890,484000,484000,484000,484000,484000,484000,484000,484000,484000,484000,484000,484000,484000,484000,484000,484000,484000,484000,484000,484000,484000,484000,484000,484000,484000,484000,0,0,0,0,0,0,0,0,0
1909,부동산신탁,11892,우리자산신탁,B,SM005,요약재무상태표(‘11.03월 이후),A8C,Ⅷ. 기타자산_가지급금,0,0,0,0,0,0,0,0,0,0,0,0,0,0,0,0,0,0,0,0,0,0,0,0,0,0,0,0,0,0,0,0,0,0,0,0,0,0,0,0,0,0,0,0,0,0,0,0,0,0,0,0,0,0
1910,부동산신탁,11892,우리자산신탁,B,SM005,요약재무상태표(‘11.03월 이후),A8D,Ⅷ. 기타자산_이연법인세자산,53901020,180646509,197254604,182126326,294995607,309534029,662718150,819025235,844930621,972901126,859099360,774078370,853448875,854088664,865261716,932136151,1089673743,1122058264,1297414365,897510408,982527039,1025296339,995285295,1076316009,724244348,832701167,710706681,700784866,887315661,1322108099,1236590123,1263383191,1284796815,1813009790,1524398122,1546460913,1553862123,1483630205,1026867769,959391645,901426410,992080024,1674148583,1755522173,1845039957,2144679719,3917713092,3675332083,3540372677,3471505581,8857877032,8179376617,7179313430,5001215326
1911,부동산신탁,11892,우리자산신탁,B,SM005,요약재무상태표(‘11.03월 이후),A8E,Ⅷ. 기타자산_일반상품,0,0,0,0,0,0,0,0,0,0,0,0,0,0,0,0,0,0,0,0,0,0,0,0,0,0,38472093,0,0,0,0,0,0,0,0,0,0,0,0,0,0,0,0,0,0,0,0,0,0,0,0,0,0,0
1912,부동산신탁,11892,우리자산신탁,B,SM005,요약재무상태표(‘11.03월 이후),A8F,Ⅷ. 기타자산_기타,27700000,27700000,27700000,27700000,27700000,27700000,27700000,27700000,27700000,27700000,27700000,27700000,27700000,27700000,27700000,27700000,27700000,27700000,27700000,27700000,27700000,27700000,27700000,27700000,27700000,129900000,129900000,129900000,129900000,129900000,129900000,129900000,129900000,857620000,1824965267,129900000,129900000,129900000,467985532,132061011,129900000,129900000,408107577,129900000,129900000,129900000,766709452,129900000,129900000,129900000,1349698634,742824003,442529175,129900000
1913,부동산신탁,11892,우리자산신탁,B,SM005,요약재무상태표(‘11.03월 이후),A8G,Ⅷ. 기타자산_대손충당금(-),2524405886,2538461128,2475335540,2609525412,2966168490,2975398805,3166433112,3126121031,3140014657,3718446258,3752522011,3684318778,1900258124,1900258124,1736654851,1851654851,2173148861,2173148861,2154261140,2154261140,2189261140,2210375130,2588396809,2339940794,2306738174,2080365642,2105861962,2144022121,2237042087,2209974032,4387315282,4440547402,4636304548,4795859677,5727700900,5547384605,5764233414,5924882952,6683264907,6567907614,6631023849,7262669318,7157958317,6070624153,6527583062,8051981032,8567420126,8508993724,7517557984,7856673969,9726981758,13167802211,14983210502,18883343086
1914,부동산신탁,11892,우리자산신탁,B,SM005,요약재무상태표(‘11.03월 이후),A8G0,Ⅷ. 기타자산_대손충당금(-)_미수금대손충당금,1962500000,1962500000,1962500000,2183722604,2403722604,2403722604,2411722604,2411722604,2411722604,2984631631,3029471147,3034971147,1459014020,1459014020,1451177162,1451177162,1452671172,1000000,1868783451,1868783451,1903783451,1924897441,2588396809,2339940794,2306738174,2080365642,2105861962,2136884856,2229381405,2203093808,4382264547,4433797307,4628713670,4788761622,5718761060,5534188418,5644291051,5735713669,6597430416,6477903388,6540561758,7165522902,7054641866,5966899398,6223971016,7617407424,8020038818,7955141377,7041775903,7349567722,8163360528,11587270064,13094196782,13844841716
1915,부동산신탁,11892,우리자산신탁,B,SM005,요약재무상태표(‘11.03월 이후),A8G1,Ⅷ. 기타자산_대손충당금(-)_미수수익대손충당금,561905886,575961128,512835540,425802808,562445886,571676201,754710508,714398427,728292053,733814627,723050864,649347631,441244104,441244104,285477689,400477689,720477689,2172148861,285477689,285477689,285477689,285477689,0,0,0,0,0,7137265,7660682,6880224,5050735,6750095,7590878,7098055,8939840,13196187,119942363,189169283,85834491,90004226,90462091,97146416,103316451,103724755,303612046,434573608,547381308,553852347,475782081,507106247,1563621230,1580532147,1889013720,5038501370
1916,부동산신탁,11892,우리자산신탁,B,SM005,요약재무상태표(‘11.03월 이후),A8G10,Ⅷ. 기타자산_대손충당금(-)_미수수익대손충당금_미수수수료대손충당금,406411365,420466607,357341019,266019929,276968197,286198512,261129292,220817211,234710837,240233411,229469648,155766415,155766415,155766415,0,115000000,435000000,435000000,0,0,0,0,0,0,0,0,0,6642580,7158085,6254895,4489847,6197717,6948680,6639570,8454039,12873066,119641705,188992730,85554601,89337651,90462091,97146416,103316451,103724755,303612046,434573608,547381308,553778997,475716730,507048895,1563621230,1570404296,1593213578,4741826380
1917,부동산신탁,11892,우리자산신탁,B,SM005,요약재무상태표(‘11.03월 이후),A8G11,Ⅷ. 기타자산_대손충당금(-)_미수수익대손충당금_미수이자대손충당금,155494521,155494521,155494521,159782879,285477689,285477689,493581216,493581216,493581216,493581216,493581216,493581216,285477689,285477689,285477689,285477689,285477689,285477689,285477689,285477689,285477689,285477689,0,0,0,0,0,494685,502597,625329,560888,552378,642198,458485,485801,323121,300658,176553,279890,666575,0,0,0,0,0,0,0,0,0,0,0,10127851,295800142,296674990
1918,부동산신탁,11892,우리자산신탁,B,SM005,요약재무상태표(‘11.03월 이후),A8G12,Ⅷ. 기타자산_대손충당금(-)_미수수익대손충당금_기타대손충당금,0,0,0,0,0,0,0,0,0,0,0,0,0,0,0,0,0,1451671172,0,0,0,0,0,0,0,0,0,0,0,0,0,0,0,0,0,0,0,0,0,0,0,0,0,0,0,0,0,73350,65351,57352,0,0,0,0
1919,부동산신탁,11892,우리자산신탁,B,SM005,요약재무상태표(‘11.03월 이후),A8G2,Ⅷ. 기타자산_대손충당금(-)_선급금대손충당금,0,0,0,0,0,0,0,0,0,0,0,0,0,0,0,0,0,0,0,0,0,0,0,0,0,0,0,0,0,0,0,0,0,0,0,0,0,0,0,0,0,0,0,0,0,0,0,0,0,0,0,0,0,0
1920,부동산신탁,11892,우리자산신탁,B,SM005,요약재무상태표(‘11.03월 이후),A8G3,Ⅷ. 기타자산_대손충당금(-)_기타대손충당금,0,0,0,0,0,0,0,0,0,0,0,0,0,0,0,0,0,0,0,0,0,0,0,0,0,0,0,0,0,0,0,0,0,0,0,0,0,0,0,0,0,0,0,0,0,0,0,0,0,0,0,0,0,0
1921,부동산신탁,11892,우리자산신탁,B,SM005,요약재무상태표(‘11.03월 이후),B,부채총계,5990999131,6696768878,7839736547,8466656475,7752651730,8846739576,9967513370,12289837728,10528589680,10923731711,11061776129,11188749428,11613133722,12072527099,18265660946,16585988065,16313776290,17020294612,24562127867,25296544488,25094164290,29298998351,34736597855,37411667339,39111274540,44722820292,67203863563,52099614570,37382208531,35495849942,37333116486,43192201206,39636548576,36286520695,45410007003,45683113129,45695268888,47942988565,56396246117,60824266411,61779089760,70491699673,86417902605,89525399400,83037487309,78407230406,94572845867,82237517565,66668879120,63451515584,79747194237,74909063523,57051534626,45316304910
1922,부동산신탁,11892,우리자산신탁,B,SM005,요약재무상태표(‘11.03월 이후),B1,Ⅰ. 예수부채,0,0,0,0,0,0,0,0,0,0,0,0,0,0,0,0,0,0,0,0,0,0,0,0,0,0,0,0,0,0,0,0,0,0,0,0,0,0,0,0,0,0,0,0,0,0,0,0,0,0,0,0,0,0
1923,부동산신탁,11892,우리자산신탁,B,SM005,요약재무상태표(‘11.03월 이후),B2,Ⅱ. 차입부채,0,0,0,0,0,0,0,0,0,0,0,0,0,0,0,0,0,0,0,0,0,0,0,0,0,0,0,0,0,0,0,0,0,0,0,0,0,0,0,0,0,0,0,0,0,0,0,0,0,0,0,0,0,0
1924,부동산신탁,11892,우리자산신탁,B,SM005,요약재무상태표(‘11.03월 이후),B20,Ⅱ. 차입부채_(현재가치할인차금)(-),0,0,0,0,0,0,0,0,0,0,0,0,0,0,0,0,0,0,0,0,0,0,0,0,0,0,0,0,0,0,0,0,0,0,0,0,0,0,0,0,0,0,0,0,0,0,0,0,0,0,0,0,0,0
1925,부동산신탁,11892,우리자산신탁,B,SM005,요약재무상태표(‘11.03월 이후),B21,Ⅱ. 차입부채_(현재가치할증차금)(+),0,0,0,0,0,0,0,0,0,0,0,0,0,0,0,0,0,0,0,0,0,0,0,0,0,0,0,0,0,0,0,0,0,0,0,0,0,0,0,0,0,0,0,0,0,0,0,0,0,0,0,0,0,0
1926,부동산신탁,11892,우리자산신탁,B,SM005,요약재무상태표(‘11.03월 이후),B22,Ⅱ. 차입부채_차입금,0,0,0,0,0,0,0,0,0,0,0,0,0,0,0,0,0,0,0,0,0,0,0,0,0,0,0,0,0,0,0,0,0,0,0,0,0,0,0,0,0,0,0,0,0,0,0,0,0,0,0,0,0,0
1927,부동산신탁,11892,우리자산신탁,B,SM005,요약재무상태표(‘11.03월 이후),B23,Ⅱ. 차입부채_매도증권,0,0,0,0,0,0,0,0,0,0,0,0,0,0,0,0,0,0,0,0,0,0,0,0,0,0,0,0,0,0,0,0,0,0,0,0,0,0,0,0,0,0,0,0,0,0,0,0,0,0,0,0,0,0
1928,부동산신탁,11892,우리자산신탁,B,SM005,요약재무상태표(‘11.03월 이후),B24,Ⅱ. 차입부채_사채,0,0,0,0,0,0,0,0,0,0,0,0,0,0,0,0,0,0,0,0,0,0,0,0,0,0,0,0,0,0,0,0,0,0,0,0,0,0,0,0,0,0,0,0,0,0,0,0,0,0,0,0,0,0
1929,부동산신탁,11892,우리자산신탁,B,SM005,요약재무상태표(‘11.03월 이후),B240,Ⅱ. 차입부채_(사채발행차금),0,0,0,0,0,0,0,0,0,0,0,0,0,0,0,0,0,0,0,0,0,0,0,0,0,0,0,0,0,0,0,0,0,0,0,0,0,0,0,0,0,0,0,0,0,0,0,0,0,0,0,0,0,0
1930,부동산신탁,11892,우리자산신탁,B,SM005,요약재무상태표(‘11.03월 이후),B25,Ⅱ. 차입부채_발행어음(종금계정),0,0,0,0,0,0,0,0,0,0,0,0,0,0,0,0,0,0,0,0,0,0,0,0,0,0,0,0,0,0,0,0,0,0,0,0,0,0,0,0,0,0,0,0,0,0,0,0,0,0,0,0,0,0
1931,부동산신탁,11892,우리자산신탁,B,SM005,요약재무상태표(‘11.03월 이후),B26,Ⅱ. 차입부채_기타,0,0,0,0,0,0,0,0,0,0,0,0,0,0,0,0,0,0,0,0,0,0,0,0,0,0,0,0,0,0,0,0,0,0,0,0,0,0,0,0,0,0,0,0,0,0,0,0,0,0,0,0,0,0
1932,부동산신탁,11892,우리자산신탁,B,SM005,요약재무상태표(‘11.03월 이후),B3,Ⅳ. 기타부채,5990999131,6696768878,7839736547,8466656475,7752651730,8846739576,9967513370,12289837728,10528589680,10923731711,11061776129,11188749428,11613133722,12072527099,18265660946,16585988065,16313776290,17020294612,24562127867,25296544488,25094164290,29298998351,34736597855,37411667339,39111274540,44722820292,67203863563,52099614570,37382208531,35495849942,37333116486,43192201206,39636548576,36286520695,45410007003,45683113129,45695268888,47942988565,56396246117,60824266411,61779089760,70491699673,86417902605,89525399400,83037487309,78407230406,94572845867,82237517565,66668879120,63451515584,79747194237,74909063523,57051534626,45316304910
1933,부동산신탁,11892,우리자산신탁,B,SM005,요약재무상태표(‘11.03월 이후),B30,Ⅳ. 기타부채_(현재가치할인차금)(-),0,0,0,0,0,0,0,0,0,0,0,0,0,0,0,0,0,0,0,0,0,0,0,0,0,0,0,0,0,0,0,0,0,0,0,0,0,0,0,0,0,0,0,0,0,0,0,0,0,0,0,0,0,0
1934,부동산신탁,11892,우리자산신탁,B,SM005,요약재무상태표(‘11.03월 이후),B31,Ⅳ. 기타부채_(현재가치할증차금)(+),0,0,0,0,0,0,0,0,0,0,0,0,0,0,0,0,0,0,0,0,0,0,0,0,0,0,0,0,0,0,0,0,0,0,0,0,0,0,0,0,0,0,0,0,0,0,0,0,0,0,0,0,0,0
1935,부동산신탁,11892,우리자산신탁,B,SM005,요약재무상태표(‘11.03월 이후),B32,Ⅳ. 기타부채_퇴직급여부채,244013726,285562844,231620161,312315834,293160371,376111621,300547239,403262124,444892479,440844223,223120452,290387171,399330155,358903351,151288312,256251490,89885853,197477834,468896997,680180459,560809183,740593753,597972050,812214066,422956461,629439858,0,311209193,518314489,724973058,229732846,565468824,829174348,1092702955,0,15910745,64635353,412948183,0,0,324578410,651269562,0,289819120,615508906,940324772,0,243116992,587964501,925020656,0,0,0,35535288
1936,부동산신탁,11892,우리자산신탁,B,SM005,요약재무상태표(‘11.03월 이후),B320,Ⅳ. 기타부채_퇴직급여부채_확정급여채무,595150416,639815573,923924454,1002340196,1091373333,1183762344,1363562042,1450502426,1544646987,1545101631,1563756014,1642167878,1605030299,1654674029,1785937698,1601176823,1651635306,1668630087,2387095107,2577718237,2761585172,2952208295,3054007392,3129920070,3266595509,3432962882,3412290939,3634801778,3842317254,4038813641,4449093171,4730180640,4956546265,5182374567,4674312456,5175888463,5535035076,5827695090,5001628286,5081506174,5408005460,5696300987,5629796763,5708125751,5597970222,5784454130,5357300953,5621398494,5760456817,6003948889,6369991839,6706022107,6347192916,6563255529
1937,부동산신탁,11892,우리자산신탁,B,SM005,요약재무상태표(‘11.03월 이후),B322,"Ⅳ. 기타부채_퇴직급여부채_미인식보험수리적손익(+,-)",0,0,0,0,0,0,0,0,0,0,0,0,0,0,0,0,0,0,0,0,0,0,0,0,0,0,0,0,0,0,0,0,0,0,0,0,0,0,0,0,0,0,0,0,0,0,0,0,0,0,0,0,0,0
1938,부동산신탁,11892,우리자산신탁,B,SM005,요약재무상태표(‘11.03월 이후),B323,Ⅳ. 기타부채_퇴직급여부채_미인식과거근무원가(-),0,0,0,0,0,0,0,0,0,0,0,0,0,0,0,0,0,0,0,0,0,0,0,0,0,0,0,0,0,0,0,0,0,0,0,0,0,0,0,0,0,0,0,0,0,0,0,0,0,0,0,0,0,0
1939,부동산신탁,11892,우리자산신탁,B,SM005,요약재무상태표(‘11.03월 이후),B324,Ⅳ. 기타부채_퇴직급여부채_사외적립자산(-),351136690,354252729,692304293,690024362,798212962,807650723,1063014803,1047240302,1099754508,1104257408,1340635562,1351780707,1205700144,1295770678,1634649386,1344925333,1561749453,1471152253,1918198110,1897537778,2200775989,2211614542,2456035342,2317706004,2843639048,2803523024,3412290939,3323592585,3324002765,3313840583,4219360325,4164711816,4127371917,4089671612,4674312456,5159977718,5470399723,5414746907,5001628286,5081506174,5083427050,5045031425,5629796763,5418306631,4982461316,4844129358,5357300953,5378281502,5172492316,5078928233,6369991839,6706022107,6347192916,6527720241
1940,부동산신탁,11892,우리자산신탁,B,SM005,요약재무상태표(‘11.03월 이후),B33,Ⅳ. 기타부채_충당부채,0,0,400000000,400000000,400000000,400000000,960000000,1440117213,1518218108,1566767312,1615316516,1662810303,1710831798,1758853293,1807402497,1854896284,2600917779,2649466983,3233303837,1200000000,1200000000,1167967110,1350000000,1350000000,50000000,0,150000000,150000000,350000000,2000000000,1550000000,1550000000,1550000000,1200000000,3820000000,3820000000,3820000000,3475800000,1620000000,1620000000,1620000000,1620000000,4739244852,4743905859,4748609528,5553356248,14508146414,13372980424,12787858679,12532781583,35641506302,33148523126,28235241077,18608747931
1941,부동산신탁,11892,우리자산신탁,B,SM005,요약재무상태표(‘11.03월 이후),B330,Ⅳ. 기타부채_충당부채_채무보증충당부채,0,0,0,0,0,0,0,0,0,0,0,0,0,0,0,0,0,0,0,0,0,0,0,0,0,0,0,0,0,0,0,0,0,0,0,0,0,0,0,0,0,0,0,0,0,0,0,0,0,0,0,0,0,0
1942,부동산신탁,11892,우리자산신탁,B,SM005,요약재무상태표(‘11.03월 이후),B331,Ⅳ. 기타부채_충당부채_복구충당부채,0,0,0,0,0,0,0,0,0,0,0,0,0,0,0,0,0,0,0,0,0,0,0,0,0,0,0,0,0,0,0,0,0,0,0,0,0,0,0,0,0,0,509244852,513905859,518609528,523356248,528146414,532980424,537858679,542781583,547749545,552762978,557822298,562927924
1943,부동산신탁,11892,우리자산신탁,B,SM005,요약재무상태표(‘11.03월 이후),B332,Ⅳ. 기타부채_충당부채_특별대손충당금,0,0,0,0,0,0,0,0,0,0,0,0,0,0,0,0,0,0,0,0,0,0,0,0,0,0,0,0,0,0,0,0,0,0,0,0,0,0,0,0,0,0,0,0,0,0,0,0,0,0,0,0,0,0
1944,부동산신탁,11892,우리자산신탁,B,SM005,요약재무상태표(‘11.03월 이후),B333,Ⅳ. 기타부채_충당부채_신탁위험충당금,0,0,400000000,400000000,400000000,400000000,960000000,1440117213,1518218108,1566767312,1615316516,1662810303,1710831798,1758853293,1807402497,1854896284,2600917779,2649466983,3233303837,1200000000,1200000000,1167967110,1350000000,1350000000,50000000,0,150000000,150000000,350000000,2000000000,1550000000,1550000000,1550000000,1200000000,3820000000,3820000000,3820000000,3475800000,1620000000,1620000000,1620000000,1620000000,4230000000,4230000000,4230000000,5030000000,13980000000,12840000000,12250000000,11990000000,11800000000,10563014100,10563014100,10563014100
1945,부동산신탁,11892,우리자산신탁,B,SM005,요약재무상태표(‘11.03월 이후),B334,Ⅳ. 기타부채_충당부채_기타,0,0,0,0,0,0,0,0,0,0,0,0,0,0,0,0,0,0,0,0,0,0,0,0,0,0,0,0,0,0,0,0,0,0,0,0,0,0,0,0,0,0,0,0,0,0,0,0,0,0,23293756757,22032746048,17114404679,7482805907
1946,부동산신탁,11892,우리자산신탁,B,SM005,요약재무상태표(‘11.03월 이후),B34,Ⅳ. 기타부채_미지급법인세,649588015,796190599,1193165825,1200608640,385327926,569438300,1052463380,1323601295,751975163,338661480,1075393420,1067673840,1109500360,880824560,1506257350,1358935100,1649871585,1541702980,2432612787,2793068130,2816680710,4325803000,4308895249,2007346320,3932897460,3472185200,5338677080,2364553770,5044403870,4268447010,6461692230,2670462030,5367773410,3627876740,4856724591,3016974171,6370357390,4207098860,7513853670,2828096000,6772338240,5393741470,9865365506,6660503880,12998444350,11971402519,16448962074,5861187780,12699507580,7761655410,7870416766,3680389395,1243207869,749074532
1947,부동산신탁,11892,우리자산신탁,B,SM005,요약재무상태표(‘11.03월 이후),B35,Ⅳ. 기타부채_미지급배당금,0,0,0,0,0,0,0,1835160000,122040000,122040000,122040000,214470000,214470000,25470000,25470000,36900000,36900000,36900000,701100000,1044630000,48330000,80730000,80730000,197730000,197730000,4754849000,256230000,10191355590,655973035,655973035,655973035,655973035,655973035,655973035,655973035,655973035,634913035,634913035,634913035,634913035,634913035,634913035,634913035,634913035,472283035,472283035,472283035,472283035, , , , ,0,0
1948,부동산신탁,11892,우리자산신탁,B,SM005,요약재무상태표(‘11.03월 이후),B36,Ⅳ. 기타부채_미지급금,223086874,204533069,286955431,279248155,237496378,291458290,383044899,358279496,386718762,380876447,585918154,531592598,469254035,484217945,5020687604,1532686143,431539515,834634519,1819623008,1942819065,1005344100,1785104879,2841409332,6787081277,4679524315,3981756630,31186437505,7277427669,2192773321,2824208473,2292180842,10243117386,3139741010,2796027761,9080784019,7378155699,4158841452,6274000090,7522593309,12746086848,4903952458,4344881068,10217065941,14021303048,2774415073,2785193987,11586087842,19394702808,2163018386,9455779119,4656640765,10233238675,3833302393,3011658913
1949,부동산신탁,11892,우리자산신탁,B,SM005,요약재무상태표(‘11.03월 이후),B37,Ⅳ. 기타부채_미지급비용,0,0,0,0,0,0,0,0,0,0,0,0,0,0,0,0,0,0,0,0,0,0,0,0,0,0,0,0,0,0,0,0,0,0,0,0,0,0,0,0,492000000,0,0,0,0,0,0,0,804497809,804497809,3563689473,3518464468,1039225468,1039225468
1950,부동산신탁,11892,우리자산신탁,B,SM005,요약재무상태표(‘11.03월 이후),B38,Ⅳ. 기타부채_임대보증금,10000000,10000000,10000000,10000000,10000000,10000000,10000000,10000000,10000000,0,0,0,0,0,0,0,0,0,0,0,0,0,8739569,8739569,8739569,8739569,11915500,11915500,11915500,11915500,0,0,0,0,0,0,0,0,0,0,0,0,0,0,0,0,0,0,0,0,0,0,0,0
1951,부동산신탁,11892,우리자산신탁,B,SM005,요약재무상태표(‘11.03월 이후),B39,Ⅳ. 기타부채_선수금,4746824204,5273884025,5635054914,6213289350,6313786871,7102117299,7140532421,6863839710,7214651534,7999221619,7335797412,7306189599,7579697760,8389073366,9533641274,11420774982,11396600748,11741833962,15663447350,17389571406,19162816069,21164511569,25518346215,26217648197,29787028815,31097821215,30256032463,30123517153,28608567096,25009384896,26040740525,24800535361,25699835380,24706027200,24551814035,28631296309,28493666723,31032801274,37553389207,41855744544,46363247070,47778192646,51825629674,54469354079,53019597547,48841265391,44256835722,35476976966,29841664267,25311117999,21890619431,18556463881,17376573222,17090850279
1952,부동산신탁,11892,우리자산신탁,B,SM005,요약재무상태표(‘11.03월 이후),B3A,Ⅳ. 기타부채_선수수익,0,0,0,0,0,0,0,0,0,0,0,0,0,0,8726027,0,0,0,0,0,0,0,0,0,0,0,0,0,0,0,101824818,82116789,0,0,0,0,0,0,0,0,0,0,0,0,0,0,0,0,0,0,0,0,0,0
1953,부동산신탁,11892,우리자산신탁,B,SM005,요약재무상태표(‘11.03월 이후),B3B,Ⅳ. 기타부채_가수금,0,0,6000000,50000,0,0,22000000,12000000,0,0,0,0,0,0,0,0,0,0,0,0,0,0,0,0,0,0,0,0,0,0,0,0,0,0,0,0, , , , , ,0,0,0,0,0,0,0,0,0,0,0,0,0
1954,부동산신탁,11892,우리자산신탁,B,SM005,요약재무상태표(‘11.03월 이후),B3C,Ⅳ. 기타부채_대리점,0,0,0,0,0,0,0,0,0,0,0,0,0,0,0,0,0,0,0,0,0,0,0,0,0,0,0,0,0,0,0,0,0,0,0,0,0,0,0,0,0,0,0,0,0,0,0,0,0,0,0,0,0,0
1955,부동산신탁,11892,우리자산신탁,B,SM005,요약재무상태표(‘11.03월 이후),B3D,Ⅳ. 기타부채_본.지점,0,0,0,0,0,0,0,0,0,0,0,0,0,0,0,0,0,0,0,0,0,0,0,0,0,0,0,0,0,0,0,0,0,0,0,0,0,0,0,0,0,0,0,0,0,0,0,0,0,0,0,0,0,0
1956,부동산신탁,11892,우리자산신탁,B,SM005,요약재무상태표(‘11.03월 이후),B3E,Ⅳ. 기타부채_이연법인세부채,0,0,0,0,0,0,0,0,0,0,0,0,0,0,0,0,0,0,0,0,0,0,0,0,0,0,0,0,0,0,0,0,0,0,0,0,0,0,0,0,0,0,0,0,0,0,0,0,0,0,0,0,0,0
1957,부동산신탁,11892,우리자산신탁,B,SM005,요약재무상태표(‘11.03월 이후),B3F,Ⅳ. 기타부채_제세금예수금,117486312,126598341,76940216,51144496,112880184,99035431,100122851,44569534,80897963,75956402,104676451,115982067,130295319,175339843,212273016,125579725,108067978,18278334,243143888,246275428,300184228,34288040,30505440,30907910,32397920,778028820,4571015,1669635695,261220,947970,972190,714610,798050,1700840,1484607,5486897,2744957,4423277,4401497,3806927,21568225,7779077,14794287,4313814,16386722,11274942,15691842,21600082,573950725,20356153,28772252,15009999,105532058,201689526
1958,부동산신탁,11892,우리자산신탁,B,SM005,요약재무상태표(‘11.03월 이후),B3G,Ⅳ. 기타부채_신탁계정차,0,0,0,0,0,0,0,0,0,0,0,0,0,0,0,0,0,0,0,0,0,0,0,0,0,0,0,0,0,0,0,0,0,0,0,0,0,0,0,0,0,0,0,0,0,0,0,0,0,0,0,0,0,0
1959,부동산신탁,11892,우리자산신탁,B,SM005,요약재무상태표(‘11.03월 이후),B3H,Ⅳ. 기타부채_기타,0,0,0,0,0,-1421365,-1197420,-991644,-804329,-635772,-486276,-356150,-245705,-155259,-85134,-35659,-7168,0,0,0,0,0,0,0,0,0,0,0,0,0,0,2623813171,2393253343,2206212164,2443226716,2159316273,2150109978,1901003846,1547095399,1135619057,646492322,10060922815,9120889310,8701286565,8392242148,7832129512,7284838938,7394669478,7210417173,6640306855,6095549248,5756973979,5218452539,4579522973
1960,부동산신탁,11892,우리자산신탁,B,SM005,요약재무상태표(‘11.03월 이후),B4,Ⅲ. 파생상품부채,0,0,0,0,0,0,0,0,0,0,0,0,0,0,0,0,0,0,0,0,0,0,0,0,0,0,0,0,0,0,0,0,0,0,0,0,0,0,0,0,0,0,0,0,0,0,0,0,0,0,0,0,0,0
1961,부동산신탁,11892,우리자산신탁,B,SM005,요약재무상태표(‘11.03월 이후),B40,Ⅲ. 파생상품부채_이자율관련,0,0,0,0,0,0,0,0,0,0,0,0,0,0,0,0,0,0,0,0,0,0,0,0,0,0,0,0,0,0,0,0,0,0,0,0,0,0,0,0,0,0,0,0,0,0,0,0,0,0,0,0,0,0
1962,부동산신탁,11892,우리자산신탁,B,SM005,요약재무상태표(‘11.03월 이후),B41,Ⅲ. 파생상품부채_통화관련,0,0,0,0,0,0,0,0,0,0,0,0,0,0,0,0,0,0,0,0,0,0,0,0,0,0,0,0,0,0,0,0,0,0,0,0,0,0,0,0,0,0,0,0,0,0,0,0,0,0,0,0,0,0
1963,부동산신탁,11892,우리자산신탁,B,SM005,요약재무상태표(‘11.03월 이후),B42,Ⅲ. 파생상품부채_주식관련,0,0,0,0,0,0,0,0,0,0,0,0,0,0,0,0,0,0,0,0,0,0,0,0,0,0,0,0,0,0,0,0,0,0,0,0,0,0,0,0,0,0,0,0,0,0,0,0,0,0,0,0,0,0
1964,부동산신탁,11892,우리자산신탁,B,SM005,요약재무상태표(‘11.03월 이후),B43,Ⅲ. 파생상품부채_신용관련,0,0,0,0,0,0,0,0,0,0,0,0,0,0,0,0,0,0,0,0,0,0,0,0,0,0,0,0,0,0,0,0,0,0,0,0,0,0,0,0,0,0,0,0,0,0,0,0,0,0,0,0,0,0
1965,부동산신탁,11892,우리자산신탁,B,SM005,요약재무상태표(‘11.03월 이후),B44,Ⅲ. 파생상품부채_상품관련,0,0,0,0,0,0,0,0,0,0,0,0,0,0,0,0,0,0,0,0,0,0,0,0,0,0,0,0,0,0,0,0,0,0,0,0,0,0,0,0,0,0,0,0,0,0,0,0,0,0,0,0,0,0
1966,부동산신탁,11892,우리자산신탁,B,SM005,요약재무상태표(‘11.03월 이후),B45,Ⅲ. 파생상품부채_기타파생상품부채,0,0,0,0,0,0,0,0,0,0,0,0,0,0,0,0,0,0,0,0,0,0,0,0,0,0,0,0,0,0,0,0,0,0,0,0,0,0,0,0,0,0,0,0,0,0,0,0,0,0,0,0,0,0
1967,부동산신탁,11892,우리자산신탁,B,SM005,요약재무상태표(‘11.03월 이후),B46,Ⅲ. 파생상품부채_파생상품 신용위험평가조정액,0,0,0,0,0,0,0,0,0,0,0,0,0,0,0,0,0,0,0,0,0,0,0,0,0,0,0,0,0,0,0,0,0,0,0,0,0,0,0,0,0,0,0,0,0,0,0,0,0,0,0,0,0,0
1968,부동산신탁,11892,우리자산신탁,B,SM005,요약재무상태표(‘11.03월 이후),B47,Ⅲ. 파생상품부채_파생상품 거래일손익인식평가조정액,0,0,0,0,0,0,0,0,0,0,0,0,0,0,0,0,0,0,0,0,0,0,0,0,0,0,0,0,0,0,0,0,0,0,0,0,0,0,0,0,0,0,0,0,0,0,0,0,0,0,0,0,0,0
1969,부동산신탁,11892,우리자산신탁,B,SM005,요약재무상태표(‘11.03월 이후),B5,Ⅴ. 요구불상환지분,0,0,0,0,0,0,0,0,0,0,0,0,0,0,0,0,0,0,0,0,0,0,0,0,0,0,0,0,0,0,0,0,0,0,0,0,0,0,0,0,0,0,0,0,0,0,0,0,0,0,0,0,0,0
1970,부동산신탁,11892,우리자산신탁,B,SM005,요약재무상태표(‘11.03월 이후),C,자본총계,15354634059,15271898185,15963204789,15591018165,16322771511,17402467403,18811945940,17237394356,18697778648,18883739282,18066372353,18828568609,20768051305,21655322819,24514317563,25147650872,28504344009,31675023371,36968759655,41965906990,39992765267,41455596205,46385611545,42329640553,49528200648,51321263209,57699007080,53636734103,61652855489,69158097818,76452612638,73530730391,82132866084,89496203273,94428687468,102768631561,113459978853,120521625087,129237382234,137015820328,149649340418,160741009717,168354992710,187886219227,207425277961,222750215557,227525294379,244001950425,264703663018,279217326599,258229066437,466135673932,467158956502,475531190081
1971,부동산신탁,11892,우리자산신탁,B,SM005,요약재무상태표(‘11.03월 이후),C1,Ⅰ. 자본금,15293000000,15293000000,15293000000,15293000000,15293000000,15293000000,15293000000,15293000000,15293000000,15293000000,15293000000,15293000000,15293000000,15293000000,15293000000,15293000000,15293000000,15293000000,15293000000,15293000000,15293000000,15293000000,15293000000,15293000000,15293000000,15293000000,15293000000,15293000000,15293000000,15293000000,15293000000,15293000000,15293000000,15293000000,15293000000,15293000000,15293000000,15293000000,15293000000,15293000000,15293000000,15293000000,15293000000,15293000000,15293000000,15293000000,15293000000,15293000000,15293000000,15293000000,15293000000,16913225000,16913225000,16913225000
1972,부동산신탁,11892,우리자산신탁,B,SM005,요약재무상태표(‘11.03월 이후),C10,Ⅰ. 자본금_보통주자본금,15293000000,15293000000,15293000000,15293000000,15293000000,15293000000,15293000000,15293000000,15293000000,15293000000,15293000000,15293000000,15293000000,15293000000,15293000000,15293000000,15293000000,15293000000,15293000000,15293000000,15293000000,15293000000,15293000000,15293000000,15293000000,15293000000,15293000000,15293000000,15293000000,15293000000,15293000000,15293000000,15293000000,15293000000,15293000000,15293000000,15293000000,15293000000,15293000000,15293000000,15293000000,15293000000,15293000000,15293000000,15293000000,15293000000,15293000000,15293000000,15293000000,15293000000,15293000000,16913225000,16913225000,16913225000
1973,부동산신탁,11892,우리자산신탁,B,SM005,요약재무상태표(‘11.03월 이후),C11,Ⅰ. 자본금_우선주자본금,0,0,0,0,0,0,0,0,0,0,0,0,0,0,0,0,0,0,0,0,0,0,0,0,0,0,0,0,0,0,0,0,0,0,0,0,0,0,0,0,0,0,0,0,0,0,0,0,0,0,0,0,0,0
1974,부동산신탁,11892,우리자산신탁,B,SM005,요약재무상태표(‘11.03월 이후),C110,Ⅰ. 자본금_우선주자본금_상환우선주,0,0,0,0,0,0,0,0,0,0,0,0,0,0,0,0,0,0,0,0,0,0,0,0,0,0,0,0,0,0,0,0,0,0,0,0,0,0,0,0,0,0,0,0,0,0,0,0,0,0,0,0,0,0
1975,부동산신탁,11892,우리자산신탁,B,SM005,요약재무상태표(‘11.03월 이후),C111,Ⅰ. 자본금_우선주자본금_전환우선주,0,0,0,0,0,0,0,0,0,0,0,0,0,0,0,0,0,0,0,0,0,0,0,0,0,0,0,0,0,0,0,0,0,0,0,0,0,0,0,0,0,0,0,0,0,0,0,0,0,0,0,0,0,0
1976,부동산신탁,11892,우리자산신탁,B,SM005,요약재무상태표(‘11.03월 이후),C112,Ⅰ. 자본금_우선주자본금_기타,0,0,0,0,0,0,0,0,0,0,0,0,0,0,0,0,0,0,0,0,0,0,0,0,0,0,0,0,0,0,0,0,0,0,0,0,0,0,0,0,0,0,0,0,0,0,0,0,0,0,0,0,0,0
1977,부동산신탁,11892,우리자산신탁,B,SM005,요약재무상태표(‘11.03월 이후),C2,Ⅱ. 자본잉여금,1600000,1600000,1600000,1600000,1600000,1600000,15250000,15250000,15250000,15250000,15250000,15250000,15250000,15250000,87250000,87250000,87250000,87250000,87250000,87250000,87250000,87250000,87250000,87250000,87250000,87250000,87250000,87250000,87250000,87250000,87250000,87250000,87250000,87250000,87250000,87250000,87250000,87250000,87250000,87250000,87250000,87250000,87250000,87250000,87250000,87250000,87250000,87250000,87250000,87250000,87250000,194747560940,194747560940,194747560940
1978,부동산신탁,11892,우리자산신탁,B,SM005,요약재무상태표(‘11.03월 이후),C20,Ⅱ. 자본잉여금_주식발행초과금,0,0,0,0,0,0,0,0,0,0,0,0,0,0,0,0,0,0,0,0,0,0,0,0,0,0,0,0,0,0,0,0,0,0,0,0,0,0,0,0,0,0,0,0,0,0,0,0,0,0,0,194660310940,194660310940,194660310940
1979,부동산신탁,11892,우리자산신탁,B,SM005,요약재무상태표(‘11.03월 이후),C21,Ⅱ. 자본잉여금_감자차익,0,0,0,0,0,0,0,0,0,0,0,0,0,0,0,0,0,0,0,0,0,0,0,0,0,0,0,0,0,0,0,0,0,0,0,0,0,0,0,0,0,0,0,0,0,0,0,0,0,0,0,0,0,0
1980,부동산신탁,11892,우리자산신탁,B,SM005,요약재무상태표(‘11.03월 이후),C22,Ⅱ. 자본잉여금_자기주식처분이익,1600000,1600000,1600000,1600000,1600000,1600000,15250000,15250000,15250000,15250000,15250000,15250000,15250000,15250000,87250000,87250000,87250000,87250000,0,87250000,87250000,87250000,87250000,87250000,87250000,87250000,87250000,87250000,87250000,87250000,87250000,87250000,87250000,87250000,87250000,87250000,87250000,87250000,87250000,87250000,87250000,87250000,87250000,87250000,87250000,87250000,87250000,87250000,87250000,87250000,87250000,87250000,87250000,87250000
1981,부동산신탁,11892,우리자산신탁,B,SM005,요약재무상태표(‘11.03월 이후),C23,Ⅱ. 자본잉여금_기타자본잉여금,0,0,0,0,0,0,0,0,0,0,0,0,0,0,0,0,0,0,87250000,0,0,0,0,0,0,0,0,0,0,0,0,0,0,0,0,0,0,0,0,0,0,0,0,0,0,0,0,0,0,0,0,0,0,0
1982,부동산신탁,11892,우리자산신탁,B,SM005,요약재무상태표(‘11.03월 이후),C3,Ⅲ. 자본조정,0,0,0,0,-500000000,-500000000,0,0,0,0,-3690000000,-3690000000,-3690000000,-4590000000,-3690000000,-3690000000,-3690000000,-3690000000,0,0,-6273000000,-6273000000,-6273000000,-6273000000,-6273000000,-6273000000,-6273000000,-6273000000,-6273000000,-6273000000,-6273000000,-6273000000,-6273000000,-6273000000,-6273000000,-6273000000,-6273000000,-6273000000,-6273000000,-6273000000,-6273000000,-6273000000,-6273000000,-6273000000,-6273000000,-6273000000,-6273000000,-6273000000,-6273000000,-6273000000,-6273000000,-2583000000,-2583000000,-2583000000
1983,부동산신탁,11892,우리자산신탁,B,SM005,요약재무상태표(‘11.03월 이후),C30,Ⅲ. 자본조정_주식할인발행차금,0,0,0,0,0,0,0,0,0,0,0,0,0,0,0,0,0,0,0,0,0,0,0,0,0,0,0,0,0,0,0,0,0,0,0,0,0,0,0,0,0,0,0,0,0,0,0,0,0,0,0,0,0,0
1984,부동산신탁,11892,우리자산신탁,B,SM005,요약재무상태표(‘11.03월 이후),C31,Ⅲ. 자본조정_자기주식,0,0,0,0,-500000000,-500000000,0,0,0,0,-3690000000,-3690000000,-3690000000,-4590000000,-3690000000,-3690000000,-3690000000,-3690000000,0,0,-6273000000,-6273000000,-6273000000,-6273000000,-6273000000,-6273000000,-6273000000,-6273000000,-6273000000,-6273000000,-6273000000,-6273000000,-6273000000,-6273000000,-6273000000,-6273000000,-6273000000,-6273000000,-6273000000,-6273000000,-6273000000,-6273000000,-6273000000,-6273000000,-6273000000,-6273000000,-6273000000,-6273000000,-6273000000,-6273000000,-6273000000,0,0,0
1985,부동산신탁,11892,우리자산신탁,B,SM005,요약재무상태표(‘11.03월 이후),C32,Ⅲ. 자본조정_자기주식처분손실,0,0,0,0,0,0,0,0,0,0,0,0,0,0,0,0,0,0,0,0,0,0,0,0,0,0,0,0,0,0,0,0,0,0,0,0,0,0,0,0,0,0,0,0,0,0,0,0,0,0,0,0,0,0
1986,부동산신탁,11892,우리자산신탁,B,SM005,요약재무상태표(‘11.03월 이후),C33,Ⅲ. 자본조정_주식매입선택권,0,0,0,0,0,0,0,0,0,0,0,0,0,0,0,0,0,0,0,0,0,0,0,0,0,0,0,0,0,0,0,0,0,0,0,0,0,0,0,0,0,0,0,0,0,0,0,0,0,0,0,0,0,0
1987,부동산신탁,11892,우리자산신탁,B,SM005,요약재무상태표(‘11.03월 이후),C34,Ⅲ. 자본조정_신주청약증거금,0,0,0,0,0,0,0,0,0,0,0,0,0,0,0,0,0,0,0,0,0,0,0,0,0,0,0,0,0,0,0,0,0,0,0,0,0,0,0,0,0,0,0,0,0,0,0,0,0,0,0,0,0,0
1988,부동산신탁,11892,우리자산신탁,B,SM005,요약재무상태표(‘11.03월 이후),C35,Ⅲ. 자본조정_기타,0,0,0,0,0,0,0,0,0,0,0,0,0,0,0,0,0,0,0,0,0,0,0,0,0,0,0,0,0,0,0,0,0,0,0,0,0,0,0,0,0,0,0,0,0,0,0,0,0,0,0,-2583000000,-2583000000,-2583000000
1989,부동산신탁,11892,우리자산신탁,B,SM005,요약재무상태표(‘11.03월 이후),C4,Ⅳ. 기타포괄손익누계액,0,0,0,0,0,0,0,0,0,0,0,0,0,0,0,0,0,0,0,0,0,0,0,0,-7900000,-96180000,180479800,0,0,0,0,0,0,0,0,-10810915,-21706737,-31967095,641778305,635177755,628128039,621172146,605172350,598118729,589413641,580555048,601698212,563175355,521714406,479137158,154188860,130799587,103871806,74615734
1990,부동산신탁,11892,우리자산신탁,B,SM005,요약재무상태표(‘11.03월 이후),C40,Ⅳ. 기타포괄손익누계액_기타포괄손익-공정가치측정금융자산평가손익,0,0,0,0,0,0,0,0,0,0,0,0,0,0,0,0,0,0,0,0,0,0,0,0,-7900000,-96180000,180479800,0,0,0,0,0,0,0,0,0,0,0,0,0,0,0,0,0,0,0,0,0,0,0,0,0,0,0
1991,부동산신탁,11892,우리자산신탁,B,SM005,요약재무상태표(‘11.03월 이후),C41,Ⅳ. 기타포괄손익누계액_기타포괄손익-공정가치측정금융자산처분손익, , , , , , , , , , , , , , , , , , , , , , , , , , , ,0,0,0,0,0,0,0,0,0,0,0,0,0,0,0,0,0,0,0,0,0,0,0,0,0,0,0
1992,부동산신탁,11892,우리자산신탁,B,SM005,요약재무상태표(‘11.03월 이후),C42,Ⅳ. 기타포괄손익누계액_지분법 자본변동,0,0,0,0,0,0,0,0,0,0,0,0,0,0,0,0,0,0,0,0,0,0,0,0,0,0,0,0,0,0,0,0,0,0,0,0,0,0,0,0,0,0,0,0,0,0,0,0,0,0,0,0,0,0
1993,부동산신탁,11892,우리자산신탁,B,SM005,요약재무상태표(‘11.03월 이후),C43,Ⅳ. 기타포괄손익누계액_부의 지분법 자본변동,0,0,0,0,0,0,0,0,0,0,0,0,0,0,0,0,0,0,0,0,0,0,0,0,0,0,0,0,0,0,0,0,0,0,0,0,0,0,0,0,0,0,0,0,0,0,0,0,0,0,0,0,0,0
1994,부동산신탁,11892,우리자산신탁,B,SM005,요약재무상태표(‘11.03월 이후),C44,Ⅳ. 기타포괄손익누계액_위험회피 파생상품평가손익,0,0,0,0,0,0,0,0,0,0,0,0,0,0,0,0,0,0,0,0,0,0,0,0,0,0,0,0,0,0,0,0,0,0,0,0,0,0,0,0,0,0,0,0,0,0,0,0,0,0,0,0,0,0
1995,부동산신탁,11892,우리자산신탁,B,SM005,요약재무상태표(‘11.03월 이후),C45,Ⅳ. 기타포괄손익누계액_외환차이누계액,0,0,0,0,0,0,0,0,0,0,0,0,0,0,0,0,0,0,0,0,0,0,0,0,0,0,0,0,0,0,0,0,0,0,0,0,0,0,0,0,0,0,0,0,0,0,0,0,0,0,0,0,0,0
1996,부동산신탁,11892,우리자산신탁,B,SM005,요약재무상태표(‘11.03월 이후),C46,Ⅳ. 기타포괄손익누계액_유형자산재평가이익,0,0,0,0,0,0,0,0,0,0,0,0,0,0,0,0,0,0,0,0,0,0,0,0,0,0,0,0,0,0,0,0,0,0,0,0,0,0,0,0,0,0,0,0,0,0,0,0,0,0,0,0,0,0
1997,부동산신탁,11892,우리자산신탁,B,SM005,요약재무상태표(‘11.03월 이후),C47,Ⅳ. 기타포괄손익누계액_기타,0,0,0,0,0,0,0,0,0,0,0,0,0,0,0,0,0,0,0,0,0,0,0,0,0,0,0,0,0,0,0,0,0,0,0,-10810915,-21706737,-31967095,641778305,635177755,628128039,621172146,605172350,598118729,589413641,580555048,601698212,563175355,521714406,479137158,154188860,130799587,103871806,74615734
1998,부동산신탁,11892,우리자산신탁,B,SM005,요약재무상태표(‘11.03월 이후),C5,Ⅴ. 이익잉여금,60034059,-22701815,668604789,296418165,1528171511,2607867403,3503695940,1929144356,3389528648,3575489282,6448122353,7210318609,9149801305,10937072819,12824067563,13457400872,16814094009,19984773371,21588509655,26585656990,30885515267,32348346205,37278361545,33222390553,40428850648,42310193209,48411277280,44529484103,52545605489,60050847818,67345362638,64423480391,73025616084,80388953273,85321437468,93672192476,104374435590,111446342182,119488353929,127273392573,139913962379,151012587571,158642570360,178180850498,197728614320,213062410509,217816346167,234331525070,255074698612,269630939441,248967627577,256927088405,257977298756,266378788407
1999,부동산신탁,11892,우리자산신탁,B,SM005,요약재무상태표(‘11.03월 이후),C50,Ⅴ. 이익잉여금_이익준비금,0,0,0,0,0,0,0,183516000,183516000,183516000,183516000,287943000,287943000,287943000,287943000,392370000,392370000,392370000,392370000,530007000,530007000,878097000,878097000,2004817000,2004817000,2004817000,2004817000,3695267000,3695267000,3695267000,3695267000,4840567000,4840567000,4840567000,4840567000,4955097000,4955097000,4955097000,4955097000,5069627000,5069627000,5069627000,5069627000,5184157000,5184157000,5184157000,5184157000,5298687000,5298687000,5298687000,5298687000,5298687000,5298687000,5298687000
2000,부동산신탁,11892,우리자산신탁,B,SM005,요약재무상태표(‘11.03월 이후),C51,Ⅴ. 이익잉여금_대손준비금,60034059,0,668604789,668604789,668604789,668604789,668604789,79558073,105326747,0,241475554,827906933,799377199,821295476,452918635,409803018,164091965,452918635,452918635,50033713,18274030,37325326,34159905,68759991,95176507,114357014,242786493,600000000,353195000,1206475000,1165500000,1393000000,1529000000,2150000000,5158050000,5857950000,5352100000,6671350000,6702000000,6477250000,6585229658,16656433234,16699360285,286884286,640439351,691891545,2465760983,2759439028,3111320390,4235228332,5633183341,16295019568,22720022418,30552321665
2001,부동산신탁,11892,우리자산신탁,B,SM005,요약재무상태표(‘11.03월 이후),C52,Ⅴ. 이익잉여금_전자금융사고배상준비금,0,0,0,0,0,0,0,0,0,0,0,0,0,0,0,0,0,0,0,1000000000,1000000000,1000000000,1000000000,1000000000,1000000000,1000000000,1000000000,1000000000,1000000000,1000000000,1000000000,1000000000,1000000000,1000000000,1000000000,1000000000,1000000000,1000000000,1000000000,1000000000,1000000000,1000000000,1000000000,1000000000,1000000000,1000000000,1000000000,1000000000, , , , ,0,0
2002,부동산신탁,11892,우리자산신탁,B,SM005,요약재무상태표(‘11.03월 이후),C53,Ⅴ. 이익잉여금_기타법정준비금,0,0,0,0,0,0,0,0,0,0,0,0,0,0,0,0,0,0,0,0,0,0,0,0,0,0,0,0,0,0,0,0,0,0,0,0,0,0,0,0,0,0,0,0,0,0,0,0,0,0,0,0,0,0
2003,부동산신탁,11892,우리자산신탁,B,SM005,요약재무상태표(‘11.03월 이후),C54,Ⅴ. 이익잉여금_신탁사업적립금,0,0,0,0,0,0,0,788630670,788630670,788630670,788630670,1260191881,1260191881,1260191881,1260191881,2009550196,2009550196,2009550196,2009550196,3111229633,3111229633,3111229633,3111229633,5179399704,5179399704,5179399704,5179399704,7880433681,7880433681,7880433681,7880433681,11029926399,11029926399,11029926399,11029926399,14142134629,14142134629,14142134629,14142134629,17673356275,17673356275,17673356275,17673356275,21703307918,21703307918,21703307918,21703307918,27735215499,27735215499,27735215499,27735215499,30964873640,30964873640,30964873640
2004,부동산신탁,11892,우리자산신탁,B,SM005,요약재무상태표(‘11.03월 이후),C55,Ⅴ. 이익잉여금_임의적립금,0,0,0,0,0,0,0,0,0,0,0,0,0,0,0,0,0,0,0,0,0,0,0,0,0,0,0,0,0,0,0,0,0,0,0,0,0,0,0,0,0,0,0,0,0,0,0,0,1000000000,1000000000,1000000000,1000000000,1000000000,1000000000
2005,부동산신탁,11892,우리자산신탁,B,SM005,요약재무상태표(‘11.03월 이후),C56,Ⅴ. 이익잉여금_미처분이익잉여금,0,-22701815,0,-372186624,859566722,1939262614,2835091151,877439613,2312055231,2603342612,5234500129,4834276795,6802289225,8567642462,10823014047,10645677658,14248081848,17129934540,18733670824,21894386644,26226004604,27321694246,32254875007,24969413858,32149457437,34011619491,39984274083,31353783422,39616709808,46268672137,53604161957,46159986992,54626122685,61368459874,63292894069,67717010847,78925103961,84677760553,92689122300,97053159298,109585749446,110613171062,118200226800,150006501294,169200710051,184483054046,187463120266,197538183543,217929475723,231361808610,209300541737,203368508197,197993715698,198562906102
2006,부동산신탁,11892,우리자산신탁,B,SM005,요약재무상태표(‘11.03월 이후),C57,Ⅴ. 이익잉여금_(당기순이익),1250552434,1167816560,1859123164,-372186624,859566722,1939262614,2835091151,258946936,1717645708,1901819773,4715612109,1807410242,3748429030,5537728205,7493583148,1679002866,5037719001,8210300481,11016794368,6374059307,10674449522,15618053962,20681700714,6550131871,13759859046,20942646668,27010339773,8390688583,16413399559,23924892858,31494927182,8709233940,17314110777,24680055007,31122082301,9496055008,20198298122,27270204714,35312216461,8930338644,21570908450,32669533642,40299516431,20683580138,40231343960,55565140149,60319075807,17660478903,38403652445,52959893274,32296581410,7959460828,9009671179,17411160830
2007,부동산신탁,12279,무궁화신탁,B,SM005,요약재무상태표(‘11.03월 이후),A,자산총계,11772348474,11819260687,12170797139,12226062692,13156879909,15481900691,15856378366,15076557104,15560413014,15425614527,15784474098,15459636416,15497334984,15533317235,17184385963,19582152020,21561656838,23299029132,25497864945,28130113566,30708783632,32508862400,37030250765,41008382195,44171139481,58820732910,66389322964,94154268770,102688184176,119209910359,128159095364,144208124618,140504509974,148632891191,189271908033,245774384685,255638674630,286239109464,294273220975,307161244097,321945081385,397006022111,415805557943,432486505666,440386401159,475539041058,440918513382,465903205532,465648284397,468716339732,489521192874,521102534930,452623831954,472360321047
2008,부동산신탁,12279,무궁화신탁,B,SM005,요약재무상태표(‘11.03월 이후),A1,Ⅰ. 현금 및 예치금,9044767503,9077206060,9447585202,9034799953,9082533875,11594270915,8706630217,8146514799,2188807732,754273544,8368394484,8308782006,7969317778,9393053863,10732723373,10698562974,8238666209,8260227628,7100699871,13790609437,22371541466,22870831767,26088221353,25528174620,23142870919,18998159641,13260440929,40340805629,45598150548,37826950765,24602916518,19651814673,16491846633,34637716525,79384811543,92828290546,82594338068,59971733840,100866967607,90936598753,69740775335,110404595030,65921471391,92436350353,95484386896,96481201936,58757199145,64319746122,41017639967,24334721561,40622169663,81354335166,9968083778,10889351786
2009,부동산신탁,12279,무궁화신탁,B,SM005,요약재무상태표(‘11.03월 이후),A10,Ⅰ. 현금 및 예치금_현금 및 현금성 자산,9044767503,9077206060,9447585202,9034799953,9082533875,11594270915,8706630217,8146514799,2188807732,754273544,7868394484,7808782006,7969317778,9393053863,10732723373,10698562974,8238666209,8260227628,7100699871,13790609437,22371541466,22870831767,26088221353,25528174620,23142870919,18998159641,13260440929,40340805629,45598150548,37826950765,24602916518,19651814673,16491846633,29637716525,73884811543,87828290546,77594338068,54971733840,90712474911,80771476429,52107688012,62758687796,48166725143,75782341432,79830683356,80827498396,46077229663,54032515596,40356389439,23431064893,39428680481,80160845984,8779494596,9095862604
2010,부동산신탁,12279,무궁화신탁,B,SM005,요약재무상태표(‘11.03월 이후),A100,Ⅰ. 현금 및 예치금_현금 및 현금성 자산_현금,0,0,0,0,0,0,0,0,0,0,0,0,0,0, ,0,0,0,0,0,0,0,0,0,0,0,0,0,0,0,0,0, , , , , , , , , , , , , , , , , , , , , ,0
2011,부동산신탁,12279,무궁화신탁,B,SM005,요약재무상태표(‘11.03월 이후),A101,Ⅰ. 현금 및 예치금_현금 및 현금성 자산_정기예.적금,7251454743,7283675892,7368733518,7403122564,7512630724,7476902714,7551501797,6969877043,400000000,0,5900000000,5911922260,5924461254,6437039596,6544510496,6555054023,6559825326,6563345972,5657482835,5679059395,5682668556,6685312913,8163359603,8177553837,8177553837,4185205469,2128081907,7143344551,17626015784,30215045008,20215045008,7261863199,7261863199,2110650144,1610650144,2144492696,19144492696,17155718038,7017947494,7024498751,5004875000,7500000000,8521591970,7511591970,7517158329,10517158329,23000000000,20138433026,6000000000,6000000000,83209,83209,83209,83209
2012,부동산신탁,12279,무궁화신탁,B,SM005,요약재무상태표(‘11.03월 이후),A102,Ⅰ. 현금 및 예치금_현금 및 현금성 자산_보통예금,285491943,480724252,609762713,455040543,386928379,838796779,771770632,518192590,879316955,753416720,1267600778,1194679250,833293317,1442892607,1670586967,1618587644,984529425,1031913189,1223812373,4215809533,8966469398,15775253176,15796167544,12557064256,10097316042,13700422772,9142600460,27791273390,23918834366,5652863236,4172442547,11870967048,5605971341,7489089846,50382463835,49173605084,37769284037,33638989239,80057575868,69899727843,38876129701,44405978602,36609329276,64154580732,58479933811,48401565323,16667971383,24008481098,27974684390,10839235985,27203492618,67839040703,6526418189,1694695317
2013,부동산신탁,12279,무궁화신탁,B,SM005,요약재무상태표(‘11.03월 이후),A103,Ⅰ. 현금 및 예치금_현금 및 현금성 자산_당좌예금,0,0, , ,0, , , , , , , , , , , , , , , , , ,0,0,0,0,0,0,0,0,0,0, , , , , , , , , , , , , , , , , , , , , , 
2014,부동산신탁,12279,무궁화신탁,B,SM005,요약재무상태표(‘11.03월 이후),A104,Ⅰ. 현금 및 예치금_현금 및 현금성 자산_외화예금,0,0, , ,0, , , , , , , , , , , , , , , , , ,0,0,0,0,0,0,0,0,0,0, , , , , , , , , , , , , , , , , , , , , , 
2015,부동산신탁,12279,무궁화신탁,B,SM005,요약재무상태표(‘11.03월 이후),A105,Ⅰ. 현금 및 예치금_현금 및 현금성 자산_양도성예금증서,0,0, , ,0, , , , , , , , , , , , , , , , , ,0,0,0,0,0,0,0,0,0,0, , , , , , , , , , , , , , , , , , , , , , 
2016,부동산신탁,12279,무궁화신탁,B,SM005,요약재무상태표(‘11.03월 이후),A106,Ⅰ. 현금 및 예치금_현금 및 현금성 자산_MMDA,1507820817,1312805916,1469088971,1176636846,1182974772,3278571422,383357788,658445166,909490777,856824,700793706,702180496,1211563207,1513121660,2517625910,2524921307,694311458,664968467,219404663,3895740509,7722403512,410265678,2128694206,4293556527,1868001040,1112531400,889720334,4302939158,2944875856,846743800,215428963,518984426,2624012093,3524340535,5364966664,20063567850,6326292255,4177006071,3336088503,3546386597,7916608670,10547023450,3033713762,4094784902,13796822824,21856146788,6331355004,9778491145,6380636563,6585498566,12224906929,7867098287,168393108,5316204613
2017,부동산신탁,12279,무궁화신탁,B,SM005,요약재무상태표(‘11.03월 이후),A107,Ⅰ. 현금 및 예치금_현금 및 현금성 자산_MMF,0,0,0,0,0,0,0,0,0,0, ,0,0,0,0,0,0,0,0,0,0,0,0,500000000,0,0,0,0,0,0,0,0, , , , , , , , , , , , , , , , , , , , , , 
2018,부동산신탁,12279,무궁화신탁,B,SM005,요약재무상태표(‘11.03월 이후),A108,Ⅰ. 현금 및 예치금_현금 및 현금성 자산_금융어음,0,0,0,0,0,0,0,0,0,0, ,0,0,0,0,0,0,0,0,0,0,0,0,0,0,0,0,0,0,0,0,0, , , , , , , , , , , , , , , , , , , , , , 
2019,부동산신탁,12279,무궁화신탁,B,SM005,요약재무상태표(‘11.03월 이후),A109,Ⅰ. 현금 및 예치금_현금 및 현금성 자산_기타,0,0,0,0,0,0,0,0,0,0,0,0,0,0,0,0,0,0,0,0,0,0,0,0,3000000000,0,1100038228,1103248530,1108424542,1112298721,0,0,1000000000,16513636000,16526730900,16446624916,14354269080,20492,300863046,300863238,310074641,305685744,2090135,21383828,36768392,52627956,77903276,107110327,1068486,6330342,197725,4454623785,2084600090,2084879465
2020,부동산신탁,12279,무궁화신탁,B,SM005,요약재무상태표(‘11.03월 이후),A11,Ⅰ. 현금 및 예치금_예치금,0,0,0,0,0,0,0,0,0,0,500000000,500000000,0,0,0,0,0,0,0,0,0,0,0,0,0,0,0,0,0,0,0,0,0,5000000000,5500000000,5000000000,5000000000,5000000000,10154492696,10165122324,17633087323,47645907234,17754746248,16654008921,15653703540,15653703540,12679969482,10287230526,661250528,903656668,1193489182,1193489182,1188589182,1793489182
2021,부동산신탁,12279,무궁화신탁,B,SM005,요약재무상태표(‘11.03월 이후),A110,Ⅰ. 현금 및 예치금_예치금_장기성예금,0,0,0,0,0,0,0,0,0,0,0,0,0,0,0,0,0,0,0,0,0,0,0,0,0,0,0,0,0,0,0,0, , , , , , ,10154492696,10165122324,14231087323,14243892634,13226835870,13252008921,12251703540,12251703540,9277969482,6296048955, , , , , , 
2022,부동산신탁,12279,무궁화신탁,B,SM005,요약재무상태표(‘11.03월 이후),A111,Ⅰ. 현금 및 예치금_예치금_특정예금 등,0,0,0,0,0,0,0,0,0,0,0,0,0,0,0,0,0,0,0,0,0,0,0,0,0,0,0,0,0,0,0,0, , , , , , , , ,3402000000,3402000000,3402000000,3402000000,3402000000,3402000000,3402000000,3402000000, , , , , , 
2023,부동산신탁,12279,무궁화신탁,B,SM005,요약재무상태표(‘11.03월 이후),A112,Ⅰ. 현금 및 예치금_예치금_신탁공탁금,0,0,0,0,0,0,0,0,0,0,0,0,0,0,0,0,0,0,0,0,0,0,0,0,0,0,0,0,0,0,0,0, , , , , , , , , , , , , , , , , , , , , , 
2024,부동산신탁,12279,무궁화신탁,B,SM005,요약재무상태표(‘11.03월 이후),A113,Ⅰ. 현금 및 예치금_예치금_기타,0,0,0,0,0,0,0,0,0,0,500000000,500000000,0,0,0,0,0,0,0,0,0,0,0,0,0,0,0,0,0,0,0,0,0,5000000000,5500000000,5000000000,5000000000,5000000000,0,0,0,30000014600,1125910378,0,0,0,0,589181571,661250528,903656668,1193489182,1193489182,1188589182,1793489182
2025,부동산신탁,12279,무궁화신탁,B,SM005,요약재무상태표(‘11.03월 이후),A2,Ⅱ. 증권,0,50000000,50000000,50000000,300000000,300000000,800000000,800000000,1050000000,1050000000,1050000000,1050000000,1300000000,1570000000,1570000000,1570000000,1570000000,1570000000,1320000000,1370000000,1370000000,1120000000,870000000,3974991600,3942620970,17088013145,26654783786,26986014403,16557426735,25418312867,32633486597,46988140518,47637326050,53931786895,54643398166,94806095019,101457037770,100485929176,103669088610,112381591837,95311449938,122279489441,134941801958,134673202236,148077321356,158986944674,150715221947,149909468089,153296097975,151619392660,132743700062,123501379746,116125455294,104075861812
2026,부동산신탁,12279,무궁화신탁,B,SM005,요약재무상태표(‘11.03월 이후),A20,Ⅱ. 증권_당기손익-공정가치측정증권,0,0,0,0,0,0,0,0,0,0,0,0,0,0,0,0,0,0,0,0,0,0,0,0,0,0,0,0,0,10409473393,10781807926,3196012438,3481286070,7761880000,8156670000,12632079946,13432577291,11078189492,9181864000,10194951000,11007855000,21952792176,26529490506,27570574518,31392360334,37366550606,35178172507,36990321144,34591628104,33004287609,33373023834,33520034586,31853901509,32439952856
2027,부동산신탁,12279,무궁화신탁,B,SM005,요약재무상태표(‘11.03월 이후),A200,Ⅱ. 증권_당기손익-공정가치측정증권_주식,0,0,0,0,0,0,0,0,0,0,0,0,0,0,0,0,0,0,0,0,0,0,0,0,0,0,0,0,0,9911960955,10284295488,2686500000,2968500000,4761880000,5156670000,9632079946,10432577291,8078189492,6181864000,7194951000,10905715000,18848653176,23418954176,24513954176,28339516309,32305659848,33153596788,34008008430,31568072578,32970572578,33340111196,33487121948,31829888109,32415939456
2028,부동산신탁,12279,무궁화신탁,B,SM005,요약재무상태표(‘11.03월 이후),A201,Ⅱ. 증권_당기손익-공정가치측정증권_국채·지방채,0,0,0,0,0,0,0,0,0,0,0,0,0,0,0,0,0,0,0,0,0,0,0,0,0,0,0,0,0,0,0,0, , , , , , , , , , , , , , , , , , , , , , 
2029,부동산신탁,12279,무궁화신탁,B,SM005,요약재무상태표(‘11.03월 이후),A202,Ⅱ. 증권_당기손익-공정가치측정증권_특수채,0,0,0,0,0,0,0,0,0,0,0,0,0,0,0,0,0,0,0,0,0,0,0,0,0,0,0,0,0,0,0,0, , , , , , , , , , , , , , , , , , , , , , 
2030,부동산신탁,12279,무궁화신탁,B,SM005,요약재무상태표(‘11.03월 이후),A203,Ⅱ. 증권_당기손익-공정가치측정증권_회사채,0,0,0,0,0,0,0,0,0,0,0,0,0,0,0,0,0,0,0,0,0,0,0,0,0,0,0,0,0,0,0,0, , , , , , , , , , , , , , , , , , , , , , 
2031,부동산신탁,12279,무궁화신탁,B,SM005,요약재무상태표(‘11.03월 이후),A204,Ⅱ. 증권_당기손익-공정가치측정증권_집합투자증권,0,0,0,0,0,0,0,0,0,0,0,0,0,0,0,0,0,0,0,0,0,0,0,0,0,0,0,0,0,497512438,497512438,509512438,512786070,3000000000,3000000000,3000000000,3000000000,3000000000,3000000000,3000000000,102140000,104139000,108122000,56620342,54362925,52203923,19578727,19589522,33715031,33715031,32912638,32912638,24013400,24013400
2032,부동산신탁,12279,무궁화신탁,B,SM005,요약재무상태표(‘11.03월 이후),A205,Ⅱ. 증권_당기손익-공정가치측정증권_기업어음증권,0,0,0,0,0,0,0,0,0,0,0,0,0,0,0,0,0,0,0,0,0,0,0,0,0,0,0,0,0,0,0,0, , , , , , , , , , , , , , , , , , , , , , 
2033,부동산신탁,12279,무궁화신탁,B,SM005,요약재무상태표(‘11.03월 이후),A206,Ⅱ. 증권_당기손익-공정가치측정증권_외화증권,0,0,0,0,0,0,0,0,0,0,0,0,0,0,0,0,0,0,0,0,0,0,0,0,0,0,0,0,0,0,0,0,0,0,0,0,0,0,0,0,0,0,0,0,0,0,0,0,0,0,0,0,0,0
2034,부동산신탁,12279,무궁화신탁,B,SM005,요약재무상태표(‘11.03월 이후),A207,Ⅱ. 증권_당기손익-공정가치측정증권_기타,0,0,0,0,0,0,0,0,0,0,0,0,0,0,0,0,0,0,0,0,0,0,0,0,0,0,0,0,0,0,0,0,0,0,0,0,0,0,0,0,0,3000000000,3002414330,3000000000,2998481100,5008686835,2004996992,2962723192,2989840495,0,0,0,0,0
2035,부동산신탁,12279,무궁화신탁,B,SM005,요약재무상태표(‘11.03월 이후),A21,Ⅱ. 증권_기타포괄손익-공정가치측정증권,0,50000000,50000000,50000000,300000000,300000000,800000000,800000000,1050000000,1050000000,1050000000,1050000000,1300000000,1570000000,1570000000,1570000000,1570000000,1570000000,1320000000,1370000000,1370000000,1120000000,870000000,1374991600,1474991600,1686489076,1686489076,1686489076,1934012438,0,0,300000000,312500000,312500000,327500000,290000000,332500000,0,0,0,0,0,0,0,0,0,0,0,0,0,0,0,0,0
2036,부동산신탁,12279,무궁화신탁,B,SM005,요약재무상태표(‘11.03월 이후),A210,Ⅱ. 증권_기타포괄손익-공정가치측정증권_주식,0,0,0,0,0,0,0,0,0,0,0,0,0,0,0,0,0,0,0,0,0,0,0,499991600,499991600,499989076,499989076,499989076,1934012438,0,0,300000000,312500000,312500000,327500000,290000000,332500000, , , , , , , , , , , , , , , , , 
2037,부동산신탁,12279,무궁화신탁,B,SM005,요약재무상태표(‘11.03월 이후),A211,Ⅱ. 증권_기타포괄손익-공정가치측정증권_국채·지방채,0,0,0,0,0,0,0,0,0,0,0,0,0,0,0,0,0,0,0,0,0,0,0,0,0,0,0,0,0,0,0,0, , , , , , , , , , , , , , , , , , , , , , 
2038,부동산신탁,12279,무궁화신탁,B,SM005,요약재무상태표(‘11.03월 이후),A212,Ⅱ. 증권_기타포괄손익-공정가치측정증권_특수채,0,0,0,0,0,0,0,0,0,0,0,0,0,0,0,0,0,0,0,0,0,0,0,0,0,0,0,0,0,0,0,0, , , , , , , , , , , , , , , , , , , , , , 
2039,부동산신탁,12279,무궁화신탁,B,SM005,요약재무상태표(‘11.03월 이후),A213,Ⅱ. 증권_기타포괄손익-공정가치측정증권_회사채,0,0,0,0,0,0,0,0,0,0,0,0,0,0,0,0,0,0,0,0,0,0,0,0,0,0,0,0,0,0,0,0, , , , , , , , , , , , , , , , , , , , , , 
2040,부동산신탁,12279,무궁화신탁,B,SM005,요약재무상태표(‘11.03월 이후),A214,Ⅱ. 증권_기타포괄손익-공정가치측정증권_집합투자증권,0,0,0,0,0,0,0,0,0,0,0,0,0,0,0,0,0,0,0,0,0,0,0,0,100000000,0,0,0,0,0,0,0,0,0,0,0,0,0,0,0,0,0,0,0,0,0,0,0,0,0,0,0,0,0
2041,부동산신탁,12279,무궁화신탁,B,SM005,요약재무상태표(‘11.03월 이후),A215,Ⅱ. 증권_기타포괄손익-공정가치측정증권_기업어음증권,0,0,0,0,0,0,0,0,0,0,0,0,0,0,0,0,0,0,0,0,0,0,0,0,0,0,0,0,0,0,0,0, , , , , , , , , , , , , , , , , , , , , , 
2042,부동산신탁,12279,무궁화신탁,B,SM005,요약재무상태표(‘11.03월 이후),A216,Ⅱ. 증권_기타포괄손익-공정가치측정증권_외화증권,0,0,0,0,0,0,0,0,0,0,0,0,0,0,0,0,0,0,0,0,0,0,0,0,0,0,0,0,0,0,0,0,0,0,0,0,0,0,0,0,0,0,0,0,0,0,0,0,0,0,0,0,0,0
2043,부동산신탁,12279,무궁화신탁,B,SM005,요약재무상태표(‘11.03월 이후),A217,Ⅱ. 증권_기타포괄손익-공정가치측정증권_기타,0,50000000,50000000,50000000,300000000,300000000,800000000,800000000,1050000000,1050000000,1050000000,1050000000,1300000000,1570000000,1570000000,1570000000,1570000000,1570000000,1320000000,1370000000,1370000000,1120000000,870000000,875000000,875000000,1186500000,1186500000,1186500000,0,0,0,0,0,0,0,0,0,0,0,0,0,0,0,0,0,0,0,0,0,0,0,0,0,0
2044,부동산신탁,12279,무궁화신탁,B,SM005,요약재무상태표(‘11.03월 이후),A22,Ⅱ. 증권_상각후원가측정증권,0,0,0,0,0,0,0,0,0,0,0,0,0,0,0,0,0,0,0,0,0,0,0,0,0,0,0,0,0,0,0,0,0,0,0,0,0,0,0,0,0,0,0,0,0,0,0,0,0,0,0,0,0,0
2045,부동산신탁,12279,무궁화신탁,B,SM005,요약재무상태표(‘11.03월 이후),A220,Ⅱ. 증권_상각후원가측정증권_국채·지방채,0,0,0,0,0,0,0,0,0,0,0,0,0,0,0,0,0,0,0,0,0,0,0,0,0,0,0,0,0,0,0,0, , , , , , , , , , , , , , , , , , , , , , 
2046,부동산신탁,12279,무궁화신탁,B,SM005,요약재무상태표(‘11.03월 이후),A221,Ⅱ. 증권_상각후원가측정증권_특수채,0,0,0,0,0,0,0,0,0,0,0,0,0,0,0,0,0,0,0,0,0,0,0,0,0,0,0,0,0,0,0,0, , , , , , , , , , , , , , , , , , , , , , 
2047,부동산신탁,12279,무궁화신탁,B,SM005,요약재무상태표(‘11.03월 이후),A222,Ⅱ. 증권_상각후원가측정증권_회사채,0,0,0,0,0,0,0,0,0,0,0,0,0,0,0,0,0,0,0,0,0,0,0,0,0,0,0,0,0,0,0,0, , , , , , , , , , , , , , , , , , , , , , 
2048,부동산신탁,12279,무궁화신탁,B,SM005,요약재무상태표(‘11.03월 이후),A223,Ⅱ. 증권_상각후원가측정증권_기타,0,0,0,0,0,0,0,0,0,0,0,0,0,0,0,0,0,0,0,0,0,0,0,0,0,0,0,0,0,0,0,0, , , , , , , , , , , , , , , , , , , , , , 
2049,부동산신탁,12279,무궁화신탁,B,SM005,요약재무상태표(‘11.03월 이후),A23,Ⅱ. 증권_관계회사투자지분,0,0,0,0,0,0,0,0,0,0,0,0,0,0,0,0,0,0,0,0,0,0,0,2600000000,2467629370,15401524069,24968294710,25299525327,14623414297,15008839474,21851678671,43492128080,43843539980,45857406895,46159228166,81884015073,87691960479,89407739684,94487224610,102186640837,84303594938,100326697265,108412311452,107102627718,116684961022,121620394068,115537049440,112919146945,118704469871,118615105051,99370676228,89981345160,84271553785,71635908956
2050,부동산신탁,12279,무궁화신탁,B,SM005,요약재무상태표(‘11.03월 이후),A230,Ⅱ. 증권_관계회사투자지분_연결대상회사 투자지분,0,0,0,0,0,0,0,0,0,0,0,0,0,0,0,0,0,0,0,0,0,0,0,0,0,0,0,0,0,0,0,0,0,0,0,69256576052,72696576052,72696576052,73496576052,75896576052,58582432039,59782432039,59782432039,59782432039,59782432039,59782432039,55623432039,55623432039,55623432039,55623432039,52277448701,52277448701,53277458699,53277458699
2051,부동산신탁,12279,무궁화신탁,B,SM005,요약재무상태표(‘11.03월 이후),A231,Ⅱ. 증권_관계회사투자지분_비연결대상회사 투자지분,0,0,0,0,0,0,0,0,0,0,0,0,0,0,0,0,0,0,0,0,0,0,0,2600000000,2467629370,15401524069,24968294710,25299525327,14623414297,15008839474,21851678671,43492128080,43843539980,45857406895,46159228166,12627439021,14995384427,16711163632,20990648558,26290064785,25721162899,40544265226,48629879413,47320195679,56902528983,61837962029,59913617401,57295714906,63081037832,62991673012,47093227527,37703896459,30994095086,18358450257
2052,부동산신탁,12279,무궁화신탁,B,SM005,요약재무상태표(‘11.03월 이후),A24,Ⅱ. 증권_파생결합증권,0,0,0,0,0,0,0,0,0,0,0,0,0,0,0,0,0,0,0,0,0,0,0,0,0,0,0,0,0,0,0,0,0,0,0,0,0,0,0,0,0,0,0,0,0,0,0,0,0,0,0,0,0,0
2053,부동산신탁,12279,무궁화신탁,B,SM005,요약재무상태표(‘11.03월 이후),A25,Ⅱ. 증권_대손충당금(-), , , , , , , , , , , , , , , , , , , , , , , , , , , ,0,0,0,0,0,0,0,0,0,0,0,0,0,0,0,0,0,0,0,0,0,0,0,0,0,0,0
2054,부동산신탁,12279,무궁화신탁,B,SM005,요약재무상태표(‘11.03월 이후),A3,Ⅲ. 파생상품자산,0,0,0,0,0,0,0,0,0,0,0,0,0,0,0,0,0,0,0,0,0,0,0,0,0,0,0,0,0,0,0,0,0,0,0,428459466,228112054,0,0,173367368,140533770,1083172612,1081348725,0,0,0,0,0,0,0,0,0,0,0
2055,부동산신탁,12279,무궁화신탁,B,SM005,요약재무상태표(‘11.03월 이후),A30,Ⅲ. 파생상품자산_이자율관련,0,0,0,0,0,0,0,0,0,0,0,0,0,0,0,0,0,0,0,0,0,0,0,0,0,0,0,0,0,0,0,0,0,0,0,0,0,0,0,0,0,0,0,0,0,0,0,0,0,0,0,0,0,0
2056,부동산신탁,12279,무궁화신탁,B,SM005,요약재무상태표(‘11.03월 이후),A31,Ⅲ. 파생상품자산_통화관련,0,0,0,0,0,0,0,0,0,0,0,0,0,0,0,0,0,0,0,0,0,0,0,0,0,0,0,0,0,0,0,0,0,0,0,428459466,228112054,0,0,173367368,140533770,1083172612,1081348725,0,0,0,0,0,0,0,0,0,0,0
2057,부동산신탁,12279,무궁화신탁,B,SM005,요약재무상태표(‘11.03월 이후),A32,Ⅲ. 파생상품자산_주식관련,0,0,0,0,0,0,0,0,0,0,0,0,0,0,0,0,0,0,0,0,0,0,0,0,0,0,0,0,0,0,0,0,0,0,0,0,0,0,0,0,0,0,0,0,0,0,0,0,0,0,0,0,0,0
2058,부동산신탁,12279,무궁화신탁,B,SM005,요약재무상태표(‘11.03월 이후),A33,Ⅲ. 파생상품자산_신용관련,0,0,0,0,0,0,0,0,0,0,0,0,0,0,0,0,0,0,0,0,0,0,0,0,0,0,0,0,0,0,0,0,0,0,0,0,0,0,0,0,0,0,0,0,0,0,0,0,0,0,0,0,0,0
2059,부동산신탁,12279,무궁화신탁,B,SM005,요약재무상태표(‘11.03월 이후),A34,Ⅲ. 파생상품자산_상품관련,0,0,0,0,0,0,0,0,0,0,0,0,0,0,0,0,0,0,0,0,0,0,0,0,0,0,0,0,0,0,0,0,0,0,0,0,0,0,0,0,0,0,0,0,0,0,0,0,0,0,0,0,0,0
2060,부동산신탁,12279,무궁화신탁,B,SM005,요약재무상태표(‘11.03월 이후),A35,Ⅲ. 파생상품자산_기타파생상품자산,0,0,0,0,0,0,0,0,0,0,0,0,0,0,0,0,0,0,0,0,0,0,0,0,0,0,0,0,0,0,0,0, , , , , , , , , , , , , , , , , , , , , , 
2061,부동산신탁,12279,무궁화신탁,B,SM005,요약재무상태표(‘11.03월 이후),A36,Ⅲ. 파생상품자산_파생상품Ⅲ. 파생상품자산_신용위험평가조정액,0,0,0,0,0,0,0,0,0,0,0,0,0,0,0,0,0,0,0,0,0,0,0,0,0,0,0,0,0,0,0,0, , , , , , , , , , , , , , , , , , , , , , 
2062,부동산신탁,12279,무궁화신탁,B,SM005,요약재무상태표(‘11.03월 이후),A37,Ⅲ. 파생상품자산_파생상품Ⅲ. 파생상품자산_거래일손익인식평가조정액,0,0,0,0,0,0,0,0,0,0,0,0,0,0,0,0,0,0,0,0,0,0,0,0,0,0,0,0,0,0,0,0, , , , , , , , , , , , , , , , , , , , , , 
2063,부동산신탁,12279,무궁화신탁,B,SM005,요약재무상태표(‘11.03월 이후),A4,Ⅳ. 대출채권,0,0,0,0,398000000,392000000,626850000,504000000,6476702375,7815425792,1096947592,515396000,184777250,33437250,463925293,2690800697,7102878577,8599686432,11530264504,7571070214,1986701579,2445550771,2991355190,3250179270,9058224325,14670370693,15443446172,14537846860,25638422432,24993667176,42692305317,53630564093,48797383439,33264173397,28681575248,37415343756,47921487040,100921604629,61420777982,74054826563,114004062248,121800259497,164269635672,150420717355,149109175732,170619614547,179025425831,193753747628,205871134375,218978682805,232035681573,230324867943,229313322484,258499408385
2064,부동산신탁,12279,무궁화신탁,B,SM005,요약재무상태표(‘11.03월 이후),A40,Ⅳ. 대출채권_(현재가치할인차금)(-),0,0,0,0,0,0,0,0,0,0,0,0,0,0,0,0,0,0,0,0,0,0,0,0,0,0,0,0,0,0,0,0, , , , , , , , , , , , , , , , , , , , , , 
2065,부동산신탁,12279,무궁화신탁,B,SM005,요약재무상태표(‘11.03월 이후),A41,Ⅳ. 대출채권_(현재가치할증차금)(+),0,0,0,0,0,0,0,0,0,0,0,0,0,0,0,0,0,0,0,0,0,0,0,0,0,0,0,0,0,0,0,0, , , , , , , , , , , , , , , , , , , , , , 
2066,부동산신탁,12279,무궁화신탁,B,SM005,요약재무상태표(‘11.03월 이후),A42,Ⅳ. 대출채권_(이연대출부대손익),0,0,0,0,0,0,0,0,0,0,0,0,0,0,0,0,0,0,0,0,0,0,0,0,0,0,0,0,0,0,0,0, , , , , , , , , , , , , , , , , , , , , , 
2067,부동산신탁,12279,무궁화신탁,B,SM005,요약재무상태표(‘11.03월 이후),A43,Ⅳ. 대출채권_대여금,0,0,0,0,0,0,630000000,630000000,630000000,630000000,630000000,630000000,630000000,0,0,51533070,818540,318540,0,0,0,0,500000000,0,1938800000,1938800000,2038800000,108800000,127500000,148400000,162700000,936200000,863375949,713105980,709105980,694105980,679105980,559912173,544912173,548680457,505039564,490039564,398039564,383039564,304025382,239525382,224525382,209525382,6891033028,6876033028,7861033028,7946033028,9260226248,9247335278
2068,부동산신탁,12279,무궁화신탁,B,SM005,요약재무상태표(‘11.03월 이후),A44,Ⅳ. 대출채권_대지급금,0,0,0,0,400000000,400000000,0,0,0,0,0,0,0,0,0,0,0,0,0,0,0,0,0,0,0,0,0,0,0,0,0,3723410,1414780742,1427980742,150180838,167400838,188988048,309602038,537050527,615657582,0,0,0,0,0,0,0,0,0,0,0,0,0,0
2069,부동산신탁,12279,무궁화신탁,B,SM005,요약재무상태표(‘11.03월 이후),A45,Ⅳ. 대출채권_신탁계정대,0,0,0,0,0,0,0,0,5978879974,7460638563,671930116,16280000,38967500,47767500,487983870,2707983870,7264423500,8831431150,12261287898,8358101432,2221311370,2876810215,2939793129,3855602090,8015489311,13944985825,14308636201,14544207587,25854096416,25376950903,43275677288,53786306284,47916808119,35969853773,31188588736,40359557708,49746805364,104146640089,65753322237,78813327909,122443240669,132697686681,177002911567,157860681990,161305543865,184037214312,192158924624,207037545881,218252461689,231472556486,246498239377,245249018562,248648985772,280857921823
2070,부동산신탁,12279,무궁화신탁,B,SM005,요약재무상태표(‘11.03월 이후),A46,Ⅳ. 대출채권_기타 대출채권,0,0,0,0,0,0,0,0,0,0,0,0,0,0,0,0,0,0,0,0,0,0,0,0,0,0,0,0,0,0,0,0,0,0,0,0,0,0,0,0,0,0,0,0,0,0,0,0,0,0,0,0,0,0
2071,부동산신탁,12279,무궁화신탁,B,SM005,요약재무상태표(‘11.03월 이후),A47,Ⅳ. 대출채권_대손충당금(-),0,0,0,0,2000000,8000000,3150000,126000000,132177599,275212771,204982524,130884000,484190250,14330250,24058577,68716243,162363463,232063258,731023394,787031218,234609791,431259444,448437939,605422820,896064986,1213415132,903990029,115160727,343173984,531683727,746071971,1095665601,1397581371,4846767098,3366300306,3805720770,2693412352,4094549671,5414506955,5922839385,8944217985,11387466748,13131315459,7823004199,12500393515,13657125147,13358024175,13493323635,19272360342,19369906709,22323590832,22870183647,28595889536,31605848716
2072,부동산신탁,12279,무궁화신탁,B,SM005,요약재무상태표(‘11.03월 이후),A470,Ⅳ. 대출채권_대손충당금(-)_대여금대손충당금,0,0,0,0,0,0,3150000,126000000,12600000,126000000,126000000,126000000,472500000,0,0,257666,4093,1593,0,0,0,0,2500000,0,58076000,58076000,61076000,3176000,3176000,4012000,4012000,27217000,17267519,14462120,14182120,13882120,13582120,11198243,10898243,10973609,10100791,9800791,7960791,7660791,6080508,4790508,4490508,4190508,137820661,137520661,157220661,158920661,185204525,184808661
2073,부동산신탁,12279,무궁화신탁,B,SM005,요약재무상태표(‘11.03월 이후),A471,Ⅳ. 대출채권_대손충당금(-)_대지급금대손충당금,0,0,0,0,2000000,8000000,0,0,0,0,0,0, ,0,0, , , ,0,0,0,0,0,0,0,0,0,0,0,0,0,0,7073904,7139904,750904,837004,944940,1548010,2685253,3078288, , , , , , , , , , , , , , 
2074,부동산신탁,12279,무궁화신탁,B,SM005,요약재무상태표(‘11.03월 이후),A472,Ⅳ. 대출채권_대손충당금(-)_신탁계정대 대손충당금,0,0,0,0,0,0,0,0,119577599,149212771,78982524,4884000,11690250,14330250,24058577,68458577,162359370,232061665,731023394,787031218,234609791,431259444,445937939,605422820,837988986,1155339132,842914029,111984727,339997984,527671727,742059971,1068448601,1373239948,4825165074,3351367282,3791001646,2678885292,4081803418,5400923459,5908787488,8934117194,11377665957,13123354668,7815343408,12494313007,13652334639,13353533667,13489133127,19134539681,19232386048,22166370171,22711262986,28410685011,31421040055
2075,부동산신탁,12279,무궁화신탁,B,SM005,요약재무상태표(‘11.03월 이후),A473,Ⅳ. 대출채권_대손충당금(-)_기타 대손충당금,0,0,0,0,0,0,0,0,0,0,0,0,0,0,0,0,0,0,0,0,0,0,0,0,0,0,0,0,0,0,0,0,0,0,0,0,0,0,0,0,0,0,0,0,0,0,0,0,0,0,0,0,0,0
2076,부동산신탁,12279,무궁화신탁,B,SM005,요약재무상태표(‘11.03월 이후),A5,Ⅴ. 유형자산,151487137,134949439,118169496,109780079,91688667,74142401,113101981,105403361,96919735,92793643,103501344,100560130,255216900,247496728,225245617,218884555,203120481,192708878,179542971,182288243,166368498,164922894,264027269,563184265,545381907,511146920,496755630,501593554,1630306878,1609194840,2051148339,10401179571,9950967681,9471831636,9056345159,9036533778,11380756039,10617325934,9792757426,9607503962,8793765068,8422235183,7656165425,6950273603,7491017498,6795504006,13786381912,13053420971,12532230938,14873520588,13769361436,12814987809,11802098245,10594988103
2077,부동산신탁,12279,무궁화신탁,B,SM005,요약재무상태표(‘11.03월 이후),A50,유형자산_(손상차손누계액),0,0,0,0,0,0,0,0,0,0,0,0,0,0,0,0,0,0,0,0,0,0,0,0,0,0,0,0,0,0,0,0, , , , , , , , , , , , , , , , , , , , , , 
2078,부동산신탁,12279,무궁화신탁,B,SM005,요약재무상태표(‘11.03월 이후),A51,유형자산__토지,0,0,0,0,0,0,0,0,0,0,0,0,0,0,0,0,0,0,0,0,0,0,0,0,0,0,0,0,0,0,0,0, , , , , , , , , , , , , , , , , , , , , , 
2079,부동산신탁,12279,무궁화신탁,B,SM005,요약재무상태표(‘11.03월 이후),A52,유형자산_건물,0,0,0,0,0,0,0,0,0,0,0,0,0,0,0,0,0,0,0,0,0,0,0,0,0,0,0,0,0,0,0,0, , , , , , , , , , , , , , , , , , , , , , 
2080,부동산신탁,12279,무궁화신탁,B,SM005,요약재무상태표(‘11.03월 이후),A53,유형자산_구축물,0,0,0,0,0,0,0,0,0,0,0,0,0,0,0,0,0,0,0,0,0,0,0,0,0,0,0,0,0,0,0,0, , , , , , , , , , , , , , , , , , , , , , 
2081,부동산신탁,12279,무궁화신탁,B,SM005,요약재무상태표(‘11.03월 이후),A54,유형자산_차량운반구,0,0,0,0,0,0,0,0,0,0,0,0,0,0,0,0,0,0,0,0,0,0,0,0,0,0,16198570,16198570,16198570,16198570,16198570,16198570,16198570,16198570,16198570,16198570,16198570,16198570,16198570,16198570,16198570,16198570,16198570,16198570,16198570,16198570,16198570,16198570,16198570,16198570,16198570,16198570,16198570,16198570
2082,부동산신탁,12279,무궁화신탁,B,SM005,요약재무상태표(‘11.03월 이후),A55,유형자산_비품,278389830,279269830,279958600,289462600,289462600,290031450,350040350,364916550,368170920,372679895,391329305,379691975,535902470,547500100,547500100,559369721,559829191,567473591,575083391,597028391,604230091,614660421,736473721,1080878421,1109416821,1122743091,1144345591,1192244521,2149246220,2249522220,2834974564,2935682864,3081844064,3113098404,3157014510,3606887510,3905177520,3953301270,4005771360,4299415796,4363453796,4571081304,4688876768,4951389928,5012284289,5280692038,5274758938,5443059131,5410018240,5373818240,5370167490,5352242400,5165481060,5115145895
2083,부동산신탁,12279,무궁화신탁,B,SM005,요약재무상태표(‘11.03월 이후),A56,유형자산_건설중인자산,0,0, ,0,0,0,0,0,0,0, ,0,0,0,0, ,0, ,0,0,0,0,0,0,0,0,0,0,0,0,0,0, , , , , , , , , , , , , , , , , , , , , , 
2084,부동산신탁,12279,무궁화신탁,B,SM005,요약재무상태표(‘11.03월 이후),A57,유형자산_운용리스자산(종금계정),0,0, ,0,0,0,0,0,0,0, ,0,0,0,0, ,0, ,0,0,0,0,0,0,0,0,0,0,0,0,0,0, , , , , , , , , , , , , , , , , , , , , , 
2085,부동산신탁,12279,무궁화신탁,B,SM005,요약재무상태표(‘11.03월 이후),A58,유형자산_선급리스자산(종금계정),0,0, ,0,0,0,0,0,0,0, ,0,0,0,0, ,0, ,0,0,0,0,0,0,0,0,0,0,0,0,0,0, , , , , , , , , , , , , , , , , , , , , , 
2086,부동산신탁,12279,무궁화신탁,B,SM005,요약재무상태표(‘11.03월 이후),A59,유형자산_기타,0,0, ,0,0,0,0,0,0,0, ,0,0,0,0, ,0, ,0,0,0,0,0,0,0,0,0,0,0,0,0,8848692835,8848692835,9102465790,9308778624,9504401113,12359348553,12388251978,12378464834,12659294165,12703389632,13077839485,13190502208,13201107819,14691901744,14730638510,23367421756,23408014326,23826339462,27188196382,27198321647,27312362874,27248105811,25822840301
2087,부동산신탁,12279,무궁화신탁,B,SM005,요약재무상태표(‘11.03월 이후),A5A,유형자산_감가상각누계액(-),126902693,144320391,161789104,179682521,197773933,215889049,236938369,259513189,271251185,279886252,287827961,279131845,280685570,300003372,322254483,340485166,356708710,374764713,395540420,414740148,437861593,449737527,472446452,517694156,564034914,611596171,663788531,706849537,535137912,656525950,800024795,1399394698,1995767788,2759931128,3425646545,4090953415,4899968604,5740425884,6607677338,7367404569,8289276930,9242884176,10239412121,11218422714,12229367105,13232025112,14871997352,15813851056,16720325334,17704692604,18815326271,19865816035,20627687196,20359196663
2088,부동산신탁,12279,무궁화신탁,B,SM005,요약재무상태표(‘11.03월 이후),A5A0,유형자산__감가상각누계액(-)_건물,0,0, ,0,0,0,0,0,0,0, ,0,0,0,0, ,0, ,0,0,0,0,0,0,0,0,0,0,0,0,0,0, , , , , , , , , , , , , , , , , , , , , , 
2089,부동산신탁,12279,무궁화신탁,B,SM005,요약재무상태표(‘11.03월 이후),A5A1,유형자산_감가상각누계액(-)_구축물,0,0, ,0,0,0,0,0,0,0, ,0,0,0,0, ,0, ,0,0,0,0,0,0,0,0,0,0,0,0,0,0, , , , , , , , , , , , , , , , , , , , , , 
2090,부동산신탁,12279,무궁화신탁,B,SM005,요약재무상태표(‘11.03월 이후),A5A2,유형자산_감가상각누계액(-)_차량운반구,0,0, ,0,0,0,0,0,0,0, ,0,0,0,0, ,0, ,0,0,0,0,0,0,0,0,3374702,4312202,5249702,6187202,7424345,8436756,9449167,10461577,11473988,12486398,13161338,14511218,15523629,16198570,16198570,16198570,16198570,16198570,16198570,16198570,16198570,16198570,16198570,16198570,16198570,16198570,16198570,16198570
2091,부동산신탁,12279,무궁화신탁,B,SM005,요약재무상태표(‘11.03월 이후),A5A3,유형자산_감가상각누계액(-)_비품,126902693,144320391,161789104,179682521,197773933,215889049,236938369,259513189,271251185,279886252,287827961,279131845,280685570,300003372,322254483,340485166,356708710,374764713,395540420,414740148,437861593,449737527,472446452,517694156,564034914,611596171,660413829,702537335,529888210,650338748,792600450,956333414,1117069564,1280117203,1457280802,1644878906,1824194193,2034427923,2254310730,2462670064,2702842836,2920478306,3162030724,3403034406,3589779469,3733248099,3890489136,4037901850,4160155820,4283875887,4434041866,4550612939,4473654028,4530464041
2092,부동산신탁,12279,무궁화신탁,B,SM005,요약재무상태표(‘11.03월 이후),A5A4,유형자산_감가상각누계액(-)_기타,0,0,0,0,0,0,0,0,0,0,0,0,0,0,0,0,0, ,0,0,0,0,0,0,0,0,0,0,0,0,0,434624528,869249057,1469352348,1956891755,2433588111,3062613073,3691486743,4337842979,4888535935,5570235524,6306207300,7061182827,7799189738,8623389066,9482578443,10965309646,11759750636,12543970944,13404618147,14365085835,15299004526,16137834598,15812534052
2093,부동산신탁,12279,무궁화신탁,B,SM005,요약재무상태표(‘11.03월 이후),A5A5,유형자산_감가상각누계액(종금계정)(-),0,0,0,0,0,0,0,0,0,0,0,0,0,0,0,0,0, ,0,0,0,0,0,0,0,0,0,0,0,0,0,0, , , , , , , , , , , , , , , , , , , , , , 
2094,부동산신탁,12279,무궁화신탁,B,SM005,요약재무상태표(‘11.03월 이후),A5A6,유형자산_처분손실충당금(종금계정)(-),0,0,0,0,0,0,0,0,0,0,0,0,0,0,0,0,0, ,0,0,0,0,0,0,0,0,0,0,0,0,0,0, , , , , , , , , , , , , , , , , , , , , , 
2095,부동산신탁,12279,무궁화신탁,B,SM005,요약재무상태표(‘11.03월 이후),A6,Ⅵ. CMA운용자산(종금계정),0,0,0,0,0,0,0,0,0,0,0,0,0,0,0,0,0,0,0,0,0,0,0,0,0,0,0,0,0,0,0,0,0,0,0,0,0,0,0,0,0,0,0,0,0,0,0,0,0,0,0,0,0,0
2096,부동산신탁,12279,무궁화신탁,B,SM005,요약재무상태표(‘11.03월 이후),A7,Ⅶ. 리스자산(종금계정),0,0,0,0,0,0,0,0,0,0,0,0,0,0,0,0,0,0,0,0,0,0,0,0,0,0,0,0,0,0,0,0,0,0,0,0,0,0,0,0,0,0,0,0,0,0,0,0,0,0,0,0,0,0
2097,부동산신탁,12279,무궁화신탁,B,SM005,요약재무상태표(‘11.03월 이후),A8,Ⅷ. 기타자산,2576093834,2557105188,2555042441,3031482660,3284657367,3121487375,5609796168,5520638944,5747983172,5713121548,5165630678,5484898280,5788023056,4289329394,4192491680,4403903794,4446991571,4676406194,5367357599,5216145672,4814172089,5907556968,6816646953,7691852440,7482041360,7553042511,10533896447,11788008324,13263877583,29361784711,26179238593,13536425763,17626986171,17327382738,17505777917,11259662120,12056943659,14242515885,18523629350,20007355614,33954495026,33016270348,41935134772,48005962119,40224499677,42655775895,38634284547,44866822722,52931181142,58910022118,70350280140,73106964266,85414872153,88300710961
2098,부동산신탁,12279,무궁화신탁,B,SM005,요약재무상태표(‘11.03월 이후),A80,Ⅷ. 기타자산_(현재가치할인차금)(-),0,0,0,0,0,0,0,0,0,0,0,0,0,0,0,0,0,0,0,0,0,0,0,0,0,0,0,0,0,0,0,291940309,274615291,257290273,239965255,222640237,299009392,276838123,254666854,232495585,210324316,201566250,177645432,153724614,173843477,146036804,126013465,109881794,93750125,218418729,197503572,182154870,159928921,158512403
2099,부동산신탁,12279,무궁화신탁,B,SM005,요약재무상태표(‘11.03월 이후),A81,Ⅷ. 기타자산_(현재가치할증차금)(+),0,0,0,0,0,0,0,0,0,0,0,0,0,0,0,0,0,0,0,0,0,0,0,0,0,0,0,0,0,0,0,0, , , , , , , , , , , , , , , , , , , , , , 
2100,부동산신탁,12279,무궁화신탁,B,SM005,요약재무상태표(‘11.03월 이후),A82,Ⅷ. 기타자산_미수금,1500000,0,0,21117440,2800000,19080000,289080000,62720940,45080000,45680000,29400000,73563370,3400000,2800000,2800000,8078920,2800000,3160095,172423677,13543838,13543838,13543838,403691878,1517127628,1485309776,1333768303,2988645638,3006316954,5939874608,7215135618,4436593858,3320847627,3779160504,2926680698,4674297378,2263359165,2917048727,2919250167,2647972859,2519614817,27667500295,24589409244,29132579651,35303432350,30700004615,29050986540,26144293663,26615065908,25884500392,26954273967,32851029109,27056836983,25259127777,19578392670
2101,부동산신탁,12279,무궁화신탁,B,SM005,요약재무상태표(‘11.03월 이후),A820,Ⅷ. 기타자산_미수금_신탁보수미수금,0,0,0,0,0,0,0,0,0,0,0,0,0,0,0,0,0,0,0,0,0,0,0,1262387900,1469200000,1300820000,2933100000,2772650000,2716340000,3985350000,4160878000,3064448506,2827205000,2654435000,4508220000,2199477100,2716775000,2881849110,2530180222,1878284860,3789057660,3184907358,4965395310,3616095310,5958555810,7639712572,8445197310,8952633310,9035320310,9883440310,16245713261,10568481310,13534855810,12391990183
2102,부동산신탁,12279,무궁화신탁,B,SM005,요약재무상태표(‘11.03월 이후),A821,Ⅷ. 기타자산_미수금_기타,1500000,0,0,21117440,2800000,19080000,289080000,62720940,45080000,45680000,29400000,73563370,3400000,2800000,2800000,8078920,2800000,3160095,172423677,13543838,13543838,13543838,403691878,254739728,16109776,32948303,55545638,233666954,3223534608,3229785618,275715858,256399121,951955504,272245698,166077378,63882065,200273727,37401057,117792637,641329957,23878442635,21404501886,24167184341,31687337040,24741448805,21411273968,17699096353,17662432598,16849180082,17070833657,16605315848,16488355673,11724271967,7186402487
2103,부동산신탁,12279,무궁화신탁,B,SM005,요약재무상태표(‘11.03월 이후),A83,Ⅷ. 기타자산_미수수익,896166931,867666480,961582936,1156628276,1386154053,1296503304,1542824119,1561947966,1949527445,1928623613,1389761668,1558516644,1418470094,1339449977,1260187154,1448167509,1519348930,1748170485,2071588714,2165626113,1748772071,1994919234,2639659832,2333380922,2528961573,2872053061,3813411930,4352801153,5918631332,6428234038,6886316860,8348724800,8622602895,7157655671,7875999254,7419193242,7651915709,9331018725,8743012129,9804111684,10572510184,11532755196,15881678919,18030856433,13218787784,16875497695,17093755602,21454210354,24219289860,29416376435,32632546009,35993662574,39978860092,42272670702
2104,부동산신탁,12279,무궁화신탁,B,SM005,요약재무상태표(‘11.03월 이후),A830,Ⅷ. 기타자산_미수수익_미수수수료,848779509,788205560,898500437,1062333237,1332647738,1216511165,1485245697,1485266781,1949080322,1928623613,1375816191,1520356667,1355628735,1252958873,1245077795,1409644751,1448991035,1649597371,2004936456,2144134208,1710049413,1936804122,2575675140,2275923807,2446050460,2852590643,3366861703,4144710933,5433219480,5697632867,6229715110,7636600144,8258126239,6763591301,7072944086,6470072508,6603262248,7639683743,6871696061,7710136244,8482109594,9031825341,12696436360,14053207602,10111127522,13123799418,15213689004,18696079934,21490806593,25153027140,26876526147,30424497152,33563990840,36059010473
2105,부동산신탁,12279,무궁화신탁,B,SM005,요약재무상태표(‘11.03월 이후),A831,Ⅷ. 기타자산_미수수익_미수이자,47387422,79460920,63082499,94295039,53506315,79992139,57578422,76681185,447123,0,13945477,38159977,62841359,86491104,15109359,38522758,70357895,98573114,66652258,21491905,38722658,58115112,63984692,57457115,82911113,19462418,446550227,208090220,485411852,730601171,656601750,712124656,364476656,394064370,803055168,949120734,1048653461,1691334982,1871316068,2093975440,2090400590,2500929855,3185242559,3977648831,3107660262,3751698277,1880066598,2758130420,2728483267,4263349295,5756019862,5569165422,6414869252,6213660229
2106,부동산신탁,12279,무궁화신탁,B,SM005,요약재무상태표(‘11.03월 이후),A832,Ⅷ. 기타자산_미수수익_미수배당금,0,0,0,0,0,0,0,0,0,0,0,0,0,0,0,0,0,0,0,0,0,0,0,0,0,0,0,0,0,0,0,0, , , , , , , , , , , , , , , , , , , , , , 
2107,부동산신탁,12279,무궁화신탁,B,SM005,요약재무상태표(‘11.03월 이후),A833,Ⅷ. 기타자산_미수수익_미수분배금,0,0,0,0,0,0,0,0,0,0,0,0,0,0,0,0,0,0,0,0,0,0,0,0,0,0,0,0,0,0,0,0, , , , , , , , , , , , , , , , , , , , , , 
2108,부동산신탁,12279,무궁화신탁,B,SM005,요약재무상태표(‘11.03월 이후),A834,Ⅷ. 기타자산_미수수익_기타,0,0,0,0,0,0,0,0,0,0,0,0,0,0,0,0,0,0,0,0,0,0,0,0,0,0,0,0,0,0,0,0, , , , , , , , , , , , , , , , , , , , , , 
2109,부동산신탁,12279,무궁화신탁,B,SM005,요약재무상태표(‘11.03월 이후),A84,Ⅷ. 기타자산_선급금,0,0,0,0,0,0,0,0,0,0,0,0,0,0,0,0,0,0,0,0,0,0,0,0,0,0,0,0,0,14150337899,13287665754,803994521,4266823323,4266823323,4266823323,0,22000000,487240810,5355333327,5793708698,548835624,1000216191,1783008131,1516565854,1514045035,1429333142,501381800,1117946011,7789647821,7789647821,10047023981,15904468057,19837348626,21532102049
2110,부동산신탁,12279,무궁화신탁,B,SM005,요약재무상태표(‘11.03월 이후),A85,Ⅷ. 기타자산_선급비용,25000,25000,25000,0,0,0,0,0,0,0,0,0,0,0,0,0,0,0,2451530,0,0,0,220000,220000,1180000,231000,14991000,231000,0,0,67332000,38920000,65550000,53510000,53510000,53510000,29592500,28972500,27112500,27112500,27112500,27112500,58276667,712822123,494640307,264001824,40950000,37183333,28589000,28589000,18080000,18080000,6403333,6403333
2111,부동산신탁,12279,무궁화신탁,B,SM005,요약재무상태표(‘11.03월 이후),A86,Ⅷ. 기타자산_선급제세,0,27707150,0,0,0,0,0,0,0,67120710,0,0,0,0,0,0,0,0,0,0,0,912400840,0,0,0,0,1000,0,0,0,0,0,0,0,0,0,0,0,0,0,0,0,0,0,0,0,0,0,0,1897140,0,1928590,0,770315930
2112,부동산신탁,12279,무궁화신탁,B,SM005,요약재무상태표(‘11.03월 이후),A87,Ⅷ. 기타자산_대리점,0,0,0,0,0,0,0,0,0,0,0,0,0,0,0,0,0,0,0,0,0,0,0,0,0,0,0,0,0,0,0,0, , , , , , , , , , , , , , , , , , , , , , 
2113,부동산신탁,12279,무궁화신탁,B,SM005,요약재무상태표(‘11.03월 이후),A88,Ⅷ. 기타자산_본.지점,0,0,0,0,0,0,0,0,0,0,0,0,0,0,0,0,0,0,0,0,0,0,0,0,0,0,0,0,0,0,0,0, , , , , , , , , , , , , , , , , , , , , , 
2114,부동산신탁,12279,무궁화신탁,B,SM005,요약재무상태표(‘11.03월 이후),A89,Ⅷ. 기타자산_보증금,1098783200,1098783200,1098783200,1098783200,1098783200,1098783200,1708084750,1878873225,1878873225,1878873225,1878873225,1878873225,2417039782,2417039782,2417039782,2417039782,2417039782,2417039782,2417039782,2417039782,2417039782,2417039782,3097771487,3097771487,3097771487,3100271487,3514003487,4448391487,1502324000,1833800000,1842187500,1616247191,1567572209,3834897227,1802222245,2355147263,2328778108,2100449377,2122620646,2196209515,2218380784,2509446050,2533366868,2761217686,2845028823,2839110696,2859134035,2855265706,2871397375,2903618771,2924533928,2967608282,2889834231,2786250749
2115,부동산신탁,12279,무궁화신탁,B,SM005,요약재무상태표(‘11.03월 이후),A890,Ⅷ. 기타자산_보증금_전세권,0,0,0,0,0,0,0,0,0,0,0,0,0,0,0,0,0,0,0,0,0,0,0,0,0,0,0,0,0,0,0,0, , , , , , , , , , , , , , , , , , , , , , 
2116,부동산신탁,12279,무궁화신탁,B,SM005,요약재무상태표(‘11.03월 이후),A891,Ⅷ. 기타자산_보증금_전신전화가입권,0,0,0,0,0,0,0,0,0,0,0,0,0, ,0,0,0,0,0,0,0,0,0,0,0,0,0,0,0,0,0,0, , , , , , , , , , , , , , , , , , , , , , 
2117,부동산신탁,12279,무궁화신탁,B,SM005,요약재무상태표(‘11.03월 이후),A892,Ⅷ. 기타자산_보증금_임차보증금,1098583200,1098583200,1098583200,1098583200,1098583200,1098583200,1707884750,1878673225,1878673225,1878673225,1878673225,1878673225,2416839782,2416839782,2416839782,2416839782,2416839782,2416839782,2416839782,2416839782,2416839782,2416839782,3097071487,3097071487,3097071487,3099571487,3512523487,4446911487,1501044000,1832520000,1840520000,1614579691,1565904709,1583229727,1600554745,2153479763,2077110608,2099281877,2121453146,2195042015,2217213284,2408278550,2432199368,2660050186,2843861323,2837943196,2857966535,2854098206,2870229875,2902451271,2923366428,2966440782,2888666731,2785083249
2118,부동산신탁,12279,무궁화신탁,B,SM005,요약재무상태표(‘11.03월 이후),A893,Ⅷ. 기타자산_보증금_회원보증금,0,0, , , , , , , , , , , , , , , , , , , , ,0, ,0,0,0,0,0,0,0,0, , , , , , , , , , , , , , , , , , , , , , 
2119,부동산신탁,12279,무궁화신탁,B,SM005,요약재무상태표(‘11.03월 이후),A894,Ⅷ. 기타자산_보증금_기타,200000,200000,200000,200000,200000,200000,200000,200000,200000,200000,200000,200000,200000,200000,200000,200000,200000,200000,200000,200000,200000,200000,700000,700000,700000,700000,1480000,1480000,1280000,1280000,1667500,1667500,1667500,2251667500,201667500,201667500,251667500,1167500,1167500,1167500,1167500,101167500,101167500,101167500,1167500,1167500,1167500,1167500,1167500,1167500,1167500,1167500,1167500,1167500
2120,부동산신탁,12279,무궁화신탁,B,SM005,요약재무상태표(‘11.03월 이후),A8A,Ⅷ. 기타자산_투자부동산,0,0,0,0,0,0,0,0,0,0,0,0,0,0,0,0,0,0,0,0,0,0,0,0,0,0,0,0,0,0,0,0,0,0,0,0,0,0,0,0,0,0,0,0,0,0,0,0,0,0,0,0,0,0
2121,부동산신탁,12279,무궁화신탁,B,SM005,요약재무상태표(‘11.03월 이후),A8A0,Ⅷ. 기타자산_투자부동산_(손상차손누계액),0,0,0,0,0,0,0,0,0,0,0,0,0,0,0,0,0,0,0,0,0,0,0,0,0,0,0,0,0,0,0,0, , , , , , , , , , , , , , , , , , , , , , 
2122,부동산신탁,12279,무궁화신탁,B,SM005,요약재무상태표(‘11.03월 이후),A8A1,Ⅷ. 기타자산_투자부동산_토지,0,0,0,0,0,0,0,0,0,0,0,0,0,0,0,0,0,0,0,0,0,0,0,0,0,0,0,0,0,0,0,0, , , , , , , , , , , , , , , , , , , , , , 
2123,부동산신탁,12279,무궁화신탁,B,SM005,요약재무상태표(‘11.03월 이후),A8A2,Ⅷ. 기타자산_투자부동산_건물,0,0,0,0,0,0,0,0,0,0,0,0,0,0,0,0,0,0,0,0,0,0,0,0,0,0,0,0,0,0,0,0, , , , , , , , , , , , , , , , , , , , , , 
2124,부동산신탁,12279,무궁화신탁,B,SM005,요약재무상태표(‘11.03월 이후),A8A3,Ⅷ. 기타자산_투자부동산_건물감가상각누계액(-),0,0,0,0,0,0,0,0,0,0,0,0,0,0,0,0,0,0,0,0,0,0,0,0,0,0,0,0,0,0,0,0, , , , , , , , , , , , , , , , , , , , , , 
2125,부동산신탁,12279,무궁화신탁,B,SM005,요약재무상태표(‘11.03월 이후),A8B,Ⅷ. 기타자산_무형자산,210629022,187417991,534322157,751281125,842529164,819318133,821750622,810773772,788116857,765455287,812178194,916679372,903786988,891511287,878577791,886035298,871799852,858114401,848166663,914029900,898825169,935065818,954872343,967559508,952410206,927425341,910915751,989739454,991748501,970913583,960623773,1053699432,1079775700,1083220838,1050892439,1089048448,1052643531,1033970362,1007410059,1158254433,1300492653,1259801768,1235748529,1310539757,1520652819,1810047672,1840468874,1871024476,1811686017,1751977891,1694442682,1638607473,1581072264,1523802873
2126,부동산신탁,12279,무궁화신탁,B,SM005,요약재무상태표(‘11.03월 이후),A8B0,Ⅷ. 기타자산_무형자산_(손상차손누계액),0,0,0,0,0,0,0,0,0,0,0,0,0,0,0,0,0,0,0,0,0,0,0,0,0,0,0,0,0,0,0,0, , , , , , , , , , , , , , , , , , , , , , 
2127,부동산신탁,12279,무궁화신탁,B,SM005,요약재무상태표(‘11.03월 이후),A8B1,Ⅷ. 기타자산_무형자산_영업권,0,0,0,0,0,0,0,0,0,0,0,0,0,0,0,0,0,0,0,0,0,0,0,0,0,0,0,0,0,0,0,0, , , , , , , , , , , , , , , , , , , , , , 
2128,부동산신탁,12279,무궁화신탁,B,SM005,요약재무상태표(‘11.03월 이후),A8B2,Ⅷ. 기타자산_무형자산_개발비,0,0,0,0,0,0,0,0,0,0,0,0,0,0,0,0,0,0,0,0,0,0,0,0,0,0,0,0,0,0,0,0, , , , , , , , , , , , , , , , , , , , , , 
2129,부동산신탁,12279,무궁화신탁,B,SM005,요약재무상태표(‘11.03월 이후),A8B3,Ⅷ. 기타자산_무형자산_소프트웨어,210629022,187417991,164206957,140995925,117784894,94573863,97006352,86029502,61172587,38511017,85233924,189735102,176842718,164567017,151633521,159091028,144855582,130620131,120672393,186535630,171330899,207241548,227048073,239735238,224255936,199271071,182761481,261035184,263044231,242209313,231919503,324005162,350081430,353526568,321198169,282684268,246279351,226223182,196472879,345455904,363166585,322704351,297918779,371927579,331874502,621119882,651899944,681356624,622395532,563064773,505906931,448749089,391591247,334699223
2130,부동산신탁,12279,무궁화신탁,B,SM005,요약재무상태표(‘11.03월 이후),A8B4,Ⅷ. 기타자산_무형자산_회원권,0,0, , , , , , , , , , , , , , , , , , , , ,0, ,0,0,0,0,0,0,728704270,0, , , ,806364180,806364180,807747180,810937180,812798529,937326068,937097417,937829750,938612178,1188778317,1188927790,1188568930,1189667852,1189290485,1188913118,1188535751,1189858384,1189481017,1189103650
2131,부동산신탁,12279,무궁화신탁,B,SM005,요약재무상태표(‘11.03월 이후),A8B5,Ⅷ. 기타자산_무형자산_기타,0,0,370115200,610285200,724744270,724744270,724744270,724744270,726944270,726944270,726944270,726944270,726944270,726944270,726944270,726944270,726944270,727494270,727494270,727494270,727494270,727824270,727824270,727824270,728154270,728154270,728154270,728704270,728704270,728704270,0,729694270,729694270,729694270,729694270, , , , , , , , , , , , , , , , , , , 
2132,부동산신탁,12279,무궁화신탁,B,SM005,요약재무상태표(‘11.03월 이후),A8C,Ⅷ. 기타자산_가지급금,0,0,0, ,0, ,0,0,0, , , , ,0,0,0,0, , , , , ,0,0,0,0,0,0,0,0,0,0, , , , , , , , , , , , , , , , , , , , , , 
2133,부동산신탁,12279,무궁화신탁,B,SM005,요약재무상태표(‘11.03월 이후),A8D,Ⅷ. 기타자산_이연법인세자산,26570389,28823554,32700582,34683616,40884129,45307003,48513035,0,0, , , , ,0,0,0,0,16963662,236400902,119964858,103729733,61747618,451662974,455292139,237186093,142306407,213261783,105213571,198757065,246663951,122224100,0, , ,114279663,114279663,114279663,114279663,99489401,99489401,99489401, , , , , , , , , , , ,1831495877,4446151508
2134,부동산신탁,12279,무궁화신탁,B,SM005,요약재무상태표(‘11.03월 이후),A8E,Ⅷ. 기타자산_일반상품,0,0,0,0,0,0, ,0, , , , , ,0,0,0,0,0, , , , ,0,0,0,0,0,0,0,0,0,0, , , , , , , , , , , , , , , , , , , , , , 
2135,부동산신탁,12279,무궁화신탁,B,SM005,요약재무상태표(‘11.03월 이후),A8F,Ⅷ. 기타자산_기타,370115200,370115200,0,0,0,0,1499646575,1499646575,1499646575,1499646575,1499646575,1499646575,1499646575,0,0,0,0,0,2500000,2500000,2500000,2500000,4500000,4500000,4500000,4500000,4500000,4500000,4500000,4500000,4500000,4500000,4500000,4500000,2500000,2500000,2500000,2500000,2500000,2500000,2500000,2500000,2500000,2500000,184973556,184973556,184973556,184973556,522685894,522685894,522685894,597785894,597785894,597785894
2136,부동산신탁,12279,무궁화신탁,B,SM005,요약재무상태표(‘11.03월 이후),A8G,Ⅷ. 기타자산_대손충당금(-),27695908,23433387,72371434,31010997,86493179,157504265,300102933,293323534,413260930,472277862,444228984,442380906,454320383,361471652,366113047,355417715,363996993,367042231,383213669,416558819,370238504,429660162,735731561,683999244,825277775,827513088,925834142,1119185295,1291957923,1487800378,1428205252,1650507808,1758998460,1999905019,2334746385,2037375661,2061814579,1775165719,1481821571,1593645434,8482326415,7904970601,8692023993,11631972084,10253633262,9798175230,10030672983,9268846622,10196615217,10459044801,10340061463,11072013587,6567055941,5213164747
2137,부동산신탁,12279,무궁화신탁,B,SM005,요약재무상태표(‘11.03월 이후),A8G0,Ⅷ. 기타자산_대손충당금(-)_미수금대손충당금,0,0,0,0,0,0,0,0,0,0,0,0,0,0,0,0,0,0,0,0, , ,15494578,21061758,23262168,21266961,136351197,306609404,500305742,710726047,673263239,898203757,1005325021,1136691097,1274083930,1121839590,1061776437,1059314656,1033190929,1185162249,7970491945,7335585512,7777166634,10794521740,9432123616,8691688163,8831853679,8051402342,9129446646,9205947710,9078498313,9165605201,4643758073,3331007057
2138,부동산신탁,12279,무궁화신탁,B,SM005,요약재무상태표(‘11.03월 이후),A8G1,Ⅷ. 기타자산_대손충당금(-)_미수수익대손충당금,27688408,23433387,72371434,30905410,85933179,155322865,243677333,287034329,397550930,447435862,421808984,438780089,451070383,358671652,363313047,352568820,361196993,364240431,379404394,411610051,359380625,418802283,720236983,662937486,802015607,806246127,789482945,812575891,791652181,777074331,754942013,752304051,753673439,863213922,1060662455,915536071,1000038142,715851063,448630642,408483185,511834470,569385089,914857359,837450344,821509646,1106487067,1198819304,1217444280,1067168571,1253097091,1261563150,1281408386,1298297868,1257157690
2139,부동산신탁,12279,무궁화신탁,B,SM005,요약재무상태표(‘11.03월 이후),A8G10,Ⅷ. 기타자산_대손충당금(-)_미수수익대손충당금_미수수수료대손충당금,27451471,23036082,72056022,30433935,85665647,154922904,243389441,286650923,397548694,447435862,421739257,438589289,450756176,358239196,363237500,352376207,360845203,363747565,379071133,411502591,359187012,418511707,719917060,662650200,801601051,806148815,787250193,811535440,789225122,773421325,751659004,748743428,751851056,861243600,1056647179,910790467,994794875,707394388,304192455,293459658,383449120,450873513,793883595,816474982,814997305,1096749265,1191266068,1208678023,1056917600,1240962762,1247892755,1265632605,1281154042,1243879131
2140,부동산신탁,12279,무궁화신탁,B,SM005,요약재무상태표(‘11.03월 이후),A8G11,Ⅷ. 기타자산_대손충당금(-)_미수수익대손충당금_미수이자대손충당금,0,0, , , , , , , , , , , , ,11397,18986,53747,84247,224360,329,964,2959,319923,287286,414556,97312,2232752,1040451,2427059,3653006,3283009,3560623,1822383,1970322,4015276,4745604,5243267,8456675,144438187,115023527,128385350,118511576,120973764,20975362,6512341,9737802,7553236,8766257,10250971,12134329,13670395,15775781,17143826,13278559
2141,부동산신탁,12279,무궁화신탁,B,SM005,요약재무상태표(‘11.03월 이후),A8G12,Ⅷ. 기타자산_대손충당금(-)_미수수익대손충당금_기타대손충당금,236937,397305,315412,471475,267532,399961,287892,383406,2236, ,69727,190800,314207,432456,64150,173627,298043,408619,108901,107131,192649,287617,0,0,0,0,0,0,0,0,0,0, , , , , , , , , , , , , , , , , , , , , , 
2142,부동산신탁,12279,무궁화신탁,B,SM005,요약재무상태표(‘11.03월 이후),A8G2,Ⅷ. 기타자산_대손충당금(-)_선급금대손충당금,0,0,0,0, , , , , , , , , , , , , ,0, , , , ,0,0,0,0,0,0,0,0,0,0, , , , , , , , , , , , , , , , , , , ,625000000,625000000,625000000
2143,부동산신탁,12279,무궁화신탁,B,SM005,요약재무상태표(‘11.03월 이후),A8G3,Ⅷ. 기타자산_대손충당금(-)_기타대손충당금,7500,0,0,105587,560000,2181400,56425600,6289205,15710000,24842000,22420000,3600817,3250000,2800000,2800000,2848895,2800000,2801800,3809275,4948768,10857879,10857879,0,0,0,0,0,0,0,0,0,0, , , , , , , , , , , , , , , , , , , , , , 
2144,부동산신탁,12279,무궁화신탁,B,SM005,요약재무상태표(‘11.03월 이후),B,부채총계,1224207367,1328410362,1314186544,1365986276,1761068270,3801594520,4166080247,4181238255,4171074670,4378523198,4246340746,4003641870,3873870239,3044475024,3705088791,5775716078,6132005538,6095379228,7218692007,9144906565,7917635677,7804140850,9957869018,13651531618,14976665517,25875320749,28018494817,41735258821,46250919556,57525312954,60439597511,74616136136,67644052641,73490478539,78019772053,127754647615,132336417431,157924597570,158631650437,172109321763,182778173941,184911002378,192517297820,210554781370,209227736352,221563119161,181321184295,216482074827,216907214420,214887929229,218971302810,256563894080,199058739409,229777100931
2145,부동산신탁,12279,무궁화신탁,B,SM005,요약재무상태표(‘11.03월 이후),B1,Ⅰ. 예수부채,0,0,0,0,0,0,0,0,0,0,0,0,0,0,0,0,0,0,0,0,0,0,0,0,0,0,0,0,0,0,0,0,0,0,0,0,0,0,0,0,0,0,0,0,0,0,0,0,0,0,0,0,0,0
2146,부동산신탁,12279,무궁화신탁,B,SM005,요약재무상태표(‘11.03월 이후),B2,Ⅱ. 차입부채,0,0,0,0,0,0,0,0,500000000,500000000,500000000,0,0,0,0,0,0,0,0,0,0,0,0,0,2999857535,12000000000,14000000000,20730000000,27160000000,36499000000,35057000000,35000000000,35083333334,41881333335,40381333336,85750240276,85275218372,104663083924,104129956760,117476050298,104233292295,100806607210,103469421814,96379631764,112312126972,111914480316,82173297132,118633762124,132198012725,126286843678,138477079675,165554902698,126786017178,154014372601
2147,부동산신탁,12279,무궁화신탁,B,SM005,요약재무상태표(‘11.03월 이후),B20,Ⅱ. 차입부채_(현재가치할인차금)(-),0,0,0,0,0,0,0,0,0,0,0,0,0,0,0,0,0,0,0,0,0,0,0,0,0,0,0,0,0,0,0,0, , , , , , , , , , , , , , , , , , , , , , 
2148,부동산신탁,12279,무궁화신탁,B,SM005,요약재무상태표(‘11.03월 이후),B21,Ⅱ. 차입부채_(현재가치할증차금)(+),0,0,0,0,0,0,0,0,0,0,0,0,0,0,0,0,0,0,0,0,0,0,0,0,0,0,0,0,0,0,0,0, , , , , , , , , , , , , , , , , , , , , , 
2149,부동산신탁,12279,무궁화신탁,B,SM005,요약재무상태표(‘11.03월 이후),B22,Ⅱ. 차입부채_차입금,0,0,0,0,0,0,0,0,500000000,500000000,500000000,0,0,0,0,0,0,0,0,0,0,0,0,0,2999857535,12000000000,14000000000,20730000000,27160000000,36499000000,35057000000,35000000000,35083333334,41881333335,40381333336,55631333337,55131333338,74583333339,75121868340,87302101675,73722510010,68905843345,81989176680,74122510015,88197293055,98333453578,69996964843,118633762124,132198012725,126286843678,138477079675,165554902698,126786017178,154014372601
2150,부동산신탁,12279,무궁화신탁,B,SM005,요약재무상태표(‘11.03월 이후),B23,Ⅱ. 차입부채_매도증권,0,0,0,0,0,0,0,0,0,0,0,0,0,0,0,0,0,0,0,0,0,0,0,0,0,0,0,0,0,0,0,0,0,0,0,0,0,0,0,0,0,0,0,0,0,0,0,0,0,0,0,0,0,0
2151,부동산신탁,12279,무궁화신탁,B,SM005,요약재무상태표(‘11.03월 이후),B24,Ⅱ. 차입부채_사채,0,0,0,0,0,0,0,0,0,0,0,0,0,0,0,0,0,0,0,0,0,0,0,0,0,0,0,0,0,0,0,0,0,0,0,30118906939,30143885034,30079750585,29008088420,30173948623,30510782285,31900763865,21480245134,22257121749,24114833917,13581026738,12176332289,0,0,0,0,0,0,0
2152,부동산신탁,12279,무궁화신탁,B,SM005,요약재무상태표(‘11.03월 이후),B240,Ⅱ. 차입부채_(사채발행차금),0,0,0,0,0,0,0,0,0,0,0,0,0,0,0,0,0,0,0,0,0,0,0,0,0,0,0,0,0,0,0,0, , , ,-8361343061,-7870989966,-7357124415,-6611911580,-6412926377,-6001717715,-5778361135,-3711629866,-3472378251,-3359291083,-1663723262,-1288730211, , , , , , , 
2153,부동산신탁,12279,무궁화신탁,B,SM005,요약재무상태표(‘11.03월 이후),B25,Ⅱ. 차입부채_발행어음(종금계정),0,0,0,0,0,0,0,0,0,0,0,0,0,0,0,0,0,0,0,0,0,0,0,0,0,0,0,0,0,0,0,0, , , , , , , , , , , , , , , , , , , , , , 
2154,부동산신탁,12279,무궁화신탁,B,SM005,요약재무상태표(‘11.03월 이후),B26,Ⅱ. 차입부채_기타,0,0,0,0,0,0,0,0,0,0,0,0,0,0,0,0,0,0,0,0,0,0,0,0,0,0,0,0,0,0,0,0,0,0,0,0,0,0,0,0,0,0,0,0,0,0,0,0,0,0,0,0,0,0
2155,부동산신탁,12279,무궁화신탁,B,SM005,요약재무상태표(‘11.03월 이후),B3,Ⅳ. 기타부채,1224207367,1328410362,1314186544,1365986276,1761068270,3801594520,4166080247,4181238255,3671074670,3878523198,3746340746,4003641870,3873870239,3044475024,3705088791,5775716078,6132005538,6095379228,7218692007,9144906565,7917635677,7804140850,9957869018,13651531618,11976807982,13875320749,14018494817,21005258821,19090919556,21026312954,25382597511,39616136136,32490560539,31530589233,37576425115,41931836783,46990761975,53016961060,52800849106,54599549575,78521707465,84092728320,89043923776,114175149606,96915609380,109648638845,99147887163,97848312703,84709201695,88601085551,80494223135,91008991382,72272722231,75762728330
2156,부동산신탁,12279,무궁화신탁,B,SM005,요약재무상태표(‘11.03월 이후),B30,Ⅳ. 기타부채_(현재가치할인차금)(-),0,0,0,0,0,0,0,0,0,0,0,0,0,0,0,0,0,0,0,0,0,0,0,0,0,0,0,0,0,0,0,119550055,112455469,105360883,98266297,91171711,118614419,109733420,100852421,91971422,83090423,75041043,66051573,57062103,48072633,39083163,79700222,73179872,66659522,59651124,52398702,45146280,38388407,77058282
2157,부동산신탁,12279,무궁화신탁,B,SM005,요약재무상태표(‘11.03월 이후),B31,Ⅳ. 기타부채_(현재가치할증차금)(+),0,0,0,0,0,0,0,0,0,0,0,0,0,0,0,0,0,0,0,0,0,0,0,0,0,0,0,0,0,0,0,0, , , , , , , , , , , , , , , , , , , , , , 
2158,부동산신탁,12279,무궁화신탁,B,SM005,요약재무상태표(‘11.03월 이후),B32,Ⅳ. 기타부채_퇴직급여부채,0,0,0,0,0,0,0,0,0,0,0,0,0,0,0,0,0,0,0,0,0,0,0,0,0,0,0,0,0,0,0,0,0,0,0,0,0,0,0,0,0,0,0,0,0,0,0,0,0,0,0,0,0,0
2159,부동산신탁,12279,무궁화신탁,B,SM005,요약재무상태표(‘11.03월 이후),B320,Ⅳ. 기타부채_퇴직급여부채_확정급여채무,0,0,0,0,0,0,0,0,0,0,0,0,0,0,0,0,0,0,0,0,0,0,0,0,0,0,0,0,0,0,0,0, , , , , , , , , , , , , , , , , , , , , , 
2160,부동산신탁,12279,무궁화신탁,B,SM005,요약재무상태표(‘11.03월 이후),B322,"Ⅳ. 기타부채_퇴직급여부채_미인식보험수리적손익(+,-)",0,0,0,0,0,0,0,0,0,0,0,0,0,0,0,0,0,0,0,0,0,0,0,0,0,0,0,0,0,0,0,0, , , , , , , , , , , , , , , , , , , , , , 
2161,부동산신탁,12279,무궁화신탁,B,SM005,요약재무상태표(‘11.03월 이후),B323,Ⅳ. 기타부채_퇴직급여부채_미인식과거근무원가(-),0,0,0,0,0,0,0,0,0,0,0,0,0,0,0,0,0,0,0,0,0,0,0,0,0,0,0,0,0,0,0,0, , , , , , , , , , , , , , , , , , , , , , 
2162,부동산신탁,12279,무궁화신탁,B,SM005,요약재무상태표(‘11.03월 이후),B324,Ⅳ. 기타부채_퇴직급여부채_사외적립자산(-),0,0,0,0,0,0,0,0,0,0,0,0,0,0,0,0,0,0,0,0,0,0,0,0,0,0,0,0,0,0,0,0,0,0,0,0,0,0,0,0,0,0,0,0,0,0,0,0,0,0,0,0,0,0
2163,부동산신탁,12279,무궁화신탁,B,SM005,요약재무상태표(‘11.03월 이후),B33,Ⅳ. 기타부채_충당부채,120774494,131016155,148639009,157652802,185836950,205940921,220513794,0,0,0,0,0,0,0,0,0,0,0,0,0,0,0,0,0,0,0,0,0,0,0,0,619809945,626904531,633999117,641093703,648188289,808961581,817842580,826723579,835604578,844485577,864934957,873924427,882913897,891903367,900892837,930395666,936916016,943436366,904087538,911339960,918592382,919519701,2437520006
2164,부동산신탁,12279,무궁화신탁,B,SM005,요약재무상태표(‘11.03월 이후),B330,Ⅳ. 기타부채_충당부채_채무보증충당부채,0,0,0,0,0,0,0,0,0,0,0,0,0,0,0,0,0,0,0,0,0,0,0,0,0,0,0,0,0,0,0,0, , , , , , , , , , , , , , , , , , , , , , 
2165,부동산신탁,12279,무궁화신탁,B,SM005,요약재무상태표(‘11.03월 이후),B331,Ⅳ. 기타부채_충당부채_복구충당부채,0,0,0,0,0,0,0,0,0,0,0,0,0,0,0,0,0,0,0,0,0,0,0,0,0,0,0,0,0,0,0,619809945,626904531,633999117,641093703,648188289,808961581,817842580,826723579,835604578,844485577,864934957,873924427,882913897,891903367,900892837,930395666,936916016,943436366,904087538,911339960,918592382,919519701,920637606
2166,부동산신탁,12279,무궁화신탁,B,SM005,요약재무상태표(‘11.03월 이후),B332,Ⅳ. 기타부채_충당부채_특별대손충당금,0,0,0,0,0,0,0,0,0,0,0,0,0,0,0,0,0,0,0,0,0,0,0,0,0,0,0,0,0,0,0,0, , , , , , , , , , , , , , , , , , , , , , 
2167,부동산신탁,12279,무궁화신탁,B,SM005,요약재무상태표(‘11.03월 이후),B333,Ⅳ. 기타부채_충당부채_신탁위험충당금,120774494,131016155,148639009,157652802,185836950,205940921,220513794,0,0,0,0,0,0,0,0,0,0,0,0,0,0,0,0,0,0,0,0,0,0,0,0,0, , , , , , , , , , , , , , , , , , , , , , 
2168,부동산신탁,12279,무궁화신탁,B,SM005,요약재무상태표(‘11.03월 이후),B334,Ⅳ. 기타부채_충당부채_기타,0,0,0,0, , , ,0,0,0, ,0,0,0,0,0,0,0,0,0,0,0,0,0,0,0,0,0,0,0,0,0, , , , , , , , , , , , , , , , , , , , , ,1516882400
2169,부동산신탁,12279,무궁화신탁,B,SM005,요약재무상태표(‘11.03월 이후),B34,Ⅳ. 기타부채_미지급법인세,90949810,104390620,212598440,135247260,184407990,187184570,208667490,118429790,138471260,0,90899160,113520280,157420010,322152460,626191170,766405200,903294600,1127771820,1674872510,1492623130,1650734330,2183459370,2364975990,1953483300,1022696650,1348993000,2273377680,3989504210,3239391720,3287492800,5081088920,4545351147,2750024355,512345579,2611012300,4596999878,5020837255,5410621090,4452691460,4457741322,3043600068,6079306918,7446932093,8598816467,4904108850,5972986620,6040141549,6086065526,918945764,622437552,1328064881,1328064881,2297043384,2616034229
2170,부동산신탁,12279,무궁화신탁,B,SM005,요약재무상태표(‘11.03월 이후),B35,Ⅳ. 기타부채_미지급배당금,0,0, , , , , ,741300000,0,0, ,317700000, , , ,1059000000, , , ,1588500000, , ,0,1588500000,0,0,0,2118000000,0,0,0,4306500000, , , , , , , , , , , , , , , , , , , , , , 
2171,부동산신탁,12279,무궁화신탁,B,SM005,요약재무상태표(‘11.03월 이후),B36,Ⅳ. 기타부채_미지급금,295490361,256506376,194034982,226165572,302149682,327442633,478389931,294303163,406431924,485366700,217235464,375055145,436447623,588853988,436927230,435189778,434100622,696877296,1449422350,1232513223,1019254340,883156381,2636229196,2974531896,1826178293,2068352261,1669664121,2098012145,1751655151,2211869736,1814700880,2218572542,2330083211,2460961066,2982432692,2938078027,2892944338,3161405590,2749271193,3350300889,22456850414,20001284888,22395680701,30601287744,22849863406,20279135492,15634396654,15988944143,14793765944,15839831933,14104222793,14308437223,13431551777,9385670670
2172,부동산신탁,12279,무궁화신탁,B,SM005,요약재무상태표(‘11.03월 이후),B37,Ⅳ. 기타부채_미지급비용,0,0, , , , , , , , , , , , , , , , , , , , ,0,0,0,0,0,0,0,0,0,0, , , , , , , , , , , , , , , , , , , , ,839009327,794515883
2173,부동산신탁,12279,무궁화신탁,B,SM005,요약재무상태표(‘11.03월 이후),B38,Ⅳ. 기타부채_임대보증금,0,0, , , , , , , , , , , , , , , , , , , , ,0,0,0,0,0,0,0,0,0,0, , , , , , , , , , , , , , , ,37367482,37367482,37367482,37367482, , , 
2174,부동산신탁,12279,무궁화신탁,B,SM005,요약재무상태표(‘11.03월 이후),B39,Ⅳ. 기타부채_선수금,665646112,762850043,715144163,803374950,1023484439,3009271633,3037083822,3002928341,3028509257,3288081476,3353865932,3170759824,3168959948,1999698298,2539006851,3485413267,4244178789,4127363625,3852052357,4702054489,5104457746,4537494843,4331923075,6764738699,8822385477,10060794435,9407198815,12199421507,13281695760,14638520716,16832798133,16756076531,18008722417,19497251762,23305251921,24496746812,27234963709,32021055353,31002770596,33585839896,40747882091,41262929026,44931440495,51375750260,52961799816,53626091914,50568119667,45574127938,42547595575,37499325261,37168857320,36559110988,34220561640,33845503296
2175,부동산신탁,12279,무궁화신탁,B,SM005,요약재무상태표(‘11.03월 이후),B3A,Ⅳ. 기타부채_선수수익,0,0, ,0,0,0,0, , , ,0, , , , , , , , , , , ,0,0,0,0,0,0,0,0,0,0, , , , , , , , , , , , , , , , , , , , , , 
2176,부동산신탁,12279,무궁화신탁,B,SM005,요약재무상태표(‘11.03월 이후),B3B,Ⅳ. 기타부채_가수금,0,0, ,0,0,0,0, ,0, ,0, , , , , , , , , , , ,0,0,0,0,0,0,0,0,0,0, , , , , , , , , , , , , , , , , , , , , , 
2177,부동산신탁,12279,무궁화신탁,B,SM005,요약재무상태표(‘11.03월 이후),B3C,Ⅳ. 기타부채_대리점,0,0, ,0,0,0,0, , , ,0, , , , , , , , , , , ,0,0,0,0,0,0,0,0,0,0, , , , , , , , , , , , , , , , , , , , , , 
2178,부동산신탁,12279,무궁화신탁,B,SM005,요약재무상태표(‘11.03월 이후),B3D,Ⅳ. 기타부채_본.지점,0,0, ,0,0,0,0, , , ,0, , , , , , , , , , , ,0,0,0,0,0,0,0,0,0,0, , , , , , , , , , , , , , , , , , , , , , 
2179,부동산신탁,12279,무궁화신탁,B,SM005,요약재무상태표(‘11.03월 이후),B3E,Ⅳ. 기타부채_이연법인세부채,0,0, ,0,0,0,0, , , ,0, , , , , , , , , , , ,0,0,0,0,0,0,0,0,0,132267099,211266604,243467311, , , , ,1236917674,1236917674,1236917674,1137428273,1607533345,1607533345,4018719552,4554514822,2445572166,1678781628,2737928789,2659867608,1395548417,1395548417, , 
2180,부동산신탁,12279,무궁화신탁,B,SM005,요약재무상태표(‘11.03월 이후),B3F,Ⅳ. 기타부채_제세금예수금,51346590,73297168,43419950,43195692,64477209,71754763,143722630,24276961,97662229,105075022,82435120,26606621,111042658,113770278,82963540,29707833,106631527,137303487,240821150,126231841,142912217,199713166,617527757,359876255,298023732,384398533,389390320,457295870,619642999,637959409,891428357,476656423,637343648,844827945,833576294,1137332406,1216350592,1430608760,1225833236,1610244374,1150495403,1186798465,1902448134,1443704790,1514936884,1722930361,2048504091,1618974247,1965947222,1567487039,2365066749,1919012709,1082822634,1110154910
2181,부동산신탁,12279,무궁화신탁,B,SM005,요약재무상태표(‘11.03월 이후),B3G,Ⅳ. 기타부채_신탁계정차,0,0,0, , ,0, ,0,0,0, ,0,0, , ,0, , , , , , ,0,0,0,0,0,0,0,0,0,0, , , , , , , , , , , , , , , , , , , , , , 
2182,부동산신탁,12279,무궁화신탁,B,SM005,요약재무상태표(‘11.03월 이후),B3H,Ⅳ. 기타부채_기타,0,350000,350000,350000,712000,0,77702580,0,0,0,1905070,0,0,20000000,20000000,0,443800000,6063000,1523640,2983882,277044,317090,7213000,10401468,7523830,12782520,278863881,143025089,198533926,250470293,762581221,10560902449,7926215773,7337736453,7203058205,8114491371,9816704500,10175427687,11306641368,9522900842,9041476238,13560045793,9885964581,19665143103,9774277505,22592086799,21480757370,25927135723,20764214553,29470681138,23183755533,34580224782,19482213768,25573329336
2183,부동산신탁,12279,무궁화신탁,B,SM005,요약재무상태표(‘11.03월 이후),B4,Ⅲ. 파생상품부채,0,0,0,0,0,0,0,0,0,0,0,0,0,0,0,0,0,0,0,0,0,0,0,0,0,0,0,0,0,0,0,0,70158768,78555971,62013602,72570556,70437084,244552586,1700844571,33721890,23174181,11666848,3952230,0,0,0,0,0,0,0,0,0,0,0
2184,부동산신탁,12279,무궁화신탁,B,SM005,요약재무상태표(‘11.03월 이후),B40,Ⅲ. 파생상품부채_이자율관련,0,0,0,0,0,0,0,0,0,0,0,0,0,0,0,0,0,0,0,0,0,0,0,0,0,0,0,0,0,0,0,0,70158768,78555971,62013602,72570556,70437084,244552586,1700844571,33721890,23174181,11666848,3952230,0,0,0,0,0,0,0,0,0,0,0
2185,부동산신탁,12279,무궁화신탁,B,SM005,요약재무상태표(‘11.03월 이후),B41,Ⅲ. 파생상품부채_통화관련,0,0,0,0,0,0,0,0,0,0,0,0,0,0,0,0,0,0,0,0,0,0,0,0,0,0,0,0,0,0,0,0,0,0,0,0,0,0,0,0,0,0,0,0,0,0,0,0,0,0,0,0,0,0
2186,부동산신탁,12279,무궁화신탁,B,SM005,요약재무상태표(‘11.03월 이후),B42,Ⅲ. 파생상품부채_주식관련,0,0,0,0,0,0,0,0,0,0,0,0,0,0,0,0,0,0,0,0,0,0,0,0,0,0,0,0,0,0,0,0,0,0,0,0,0,0,0,0,0,0,0,0,0,0,0,0,0,0,0,0,0,0
2187,부동산신탁,12279,무궁화신탁,B,SM005,요약재무상태표(‘11.03월 이후),B43,Ⅲ. 파생상품부채_신용관련,0,0,0,0,0,0,0,0,0,0,0,0,0,0,0,0,0,0,0,0,0,0,0,0,0,0,0,0,0,0,0,0,0,0,0,0,0,0,0,0,0,0,0,0,0,0,0,0,0,0,0,0,0,0
2188,부동산신탁,12279,무궁화신탁,B,SM005,요약재무상태표(‘11.03월 이후),B44,Ⅲ. 파생상품부채_상품관련,0,0,0,0,0,0,0,0,0,0,0,0,0,0,0,0,0,0,0,0,0,0,0,0,0,0,0,0,0,0,0,0,0,0,0,0,0,0,0,0,0,0,0,0,0,0,0,0,0,0,0,0,0,0
2189,부동산신탁,12279,무궁화신탁,B,SM005,요약재무상태표(‘11.03월 이후),B45,Ⅲ. 파생상품부채_기타파생상품부채,0,0,0,0,0,0,0,0,0,0,0,0,0,0,0,0,0,0,0,0,0,0,0,0,0,0,0,0,0,0,0,0, , , , , , , , , , , , , , , , , , , , , , 
2190,부동산신탁,12279,무궁화신탁,B,SM005,요약재무상태표(‘11.03월 이후),B46,Ⅲ. 파생상품부채_파생상품 신용위험평가조정액,0,0,0,0,0,0,0,0,0,0,0,0,0,0,0,0,0,0,0,0,0,0,0,0,0,0,0,0,0,0,0,0,0,0,0,0,0,0,0,0,0,0,0,0,0,0,0,0,0,0,0,0,0,0
2191,부동산신탁,12279,무궁화신탁,B,SM005,요약재무상태표(‘11.03월 이후),B47,Ⅲ. 파생상품부채_파생상품 거래일손익인식평가조정액,0,0,0,0,0,0,0,0,0,0,0,0,0,0,0,0,0,0,0,0,0,0,0,0,0,0,0,0,0,0,0,0, , , , , , , , , , , , , , , , , , , , , , 
2192,부동산신탁,12279,무궁화신탁,B,SM005,요약재무상태표(‘11.03월 이후),B5,Ⅴ. 요구불상환지분,0,0,0,0,0,0,0,0,0,0,0,0,0,0,0,0,0,0,0,0,0,0,0,0,0,0,0,0,0,0,0,0,0,0,0,0,0,0,0,0,0,0,0,0,0,0,0,0,0,0,0,0,0,0
2193,부동산신탁,12279,무궁화신탁,B,SM005,요약재무상태표(‘11.03월 이후),C,자본총계,10548141107,10490850325,10856610595,10860076416,11395811639,11680306171,11690298119,10895318849,11389338344,11047091329,11538133352,11455994546,11623464745,12488842211,13479297172,13806435942,15429651300,17203649904,18279172938,18985207001,22791147955,24704721550,27072381747,27356850577,29194473964,32945412161,38370828147,52419009949,56437264620,61684597405,67719497853,69591988482,72860457333,75142412652,111252135980,118019737070,123302257199,128314511894,135641570538,135051922334,139166907444,212095019733,223288260123,221931724296,231158664807,253975921897,259597329087,249421130705,248741069977,253828410503,270549890064,264538640850,253565092545,242583220116
2194,부동산신탁,12279,무궁화신탁,B,SM005,요약재무상태표(‘11.03월 이후),C1,Ⅰ. 자본금,10590000000,10590000000,10590000000,10590000000,10590000000,10590000000,10590000000,10590000000,10590000000,10590000000,10590000000,10590000000,10590000000,10590000000,10590000000,10590000000,10590000000,10590000000,10590000000,10590000000,10590000000,10590000000,10590000000,10590000000,10590000000,10590000000,10590000000,11649000000,11649000000,11649000000,11649000000,11649000000,11649000000,11649000000,13981815000,13981815000,13981815000,13981815000,13981815000,13981815000,13981815000,15533005000,17084195000,17084195000,17084195000,17852630000,17852630000,17852630000,17852630000,17852630000,19403825000,19403825000,19403825000,19403825000
2195,부동산신탁,12279,무궁화신탁,B,SM005,요약재무상태표(‘11.03월 이후),C10,Ⅰ. 자본금_보통주자본금,10590000000,10590000000,10590000000,10590000000,10590000000,10590000000,10590000000,10590000000,10590000000,10590000000,10590000000,10590000000,10590000000,10590000000,10590000000,10590000000,10590000000,10590000000,10590000000,10590000000,10590000000,10590000000,10590000000,10590000000,10590000000,10590000000,10590000000,10590000000,10590000000,10590000000,10590000000,10590000000,10590000000,10590000000,10590000000,10590000000,10590000000,10590000000,10590000000,10590000000,10590000000,10590000000,10590000000,10590000000,11649000000,12417435000,12417435000,12417435000,12417435000,12417435000,12417435000,12417435000,12417435000,12417435000
2196,부동산신탁,12279,무궁화신탁,B,SM005,요약재무상태표(‘11.03월 이후),C11,Ⅰ. 자본금_우선주자본금,0,0,0,0,0,0,0,0,0,0,0,0,0,0,0,0,0,0,0,0,0,0,0,0,0,0,0,1059000000,1059000000,1059000000,1059000000,1059000000,1059000000,1059000000,3391815000,3391815000,3391815000,3391815000,3391815000,3391815000,3391815000,4943005000,6494195000,6494195000,5435195000,5435195000,5435195000,5435195000,5435195000,5435195000,6986390000,6986390000,6986390000,6986390000
2197,부동산신탁,12279,무궁화신탁,B,SM005,요약재무상태표(‘11.03월 이후),C110,Ⅰ. 자본금_우선주자본금_상환우선주,0,0,0,0,0,0,0,0,0,0,0,0,0,0,0,0,0, ,0,0,0,0,0,0,0,0,0,0,0,0,0,0, , , , , , , , , , , , , , , , , , , , , , 
2198,부동산신탁,12279,무궁화신탁,B,SM005,요약재무상태표(‘11.03월 이후),C111,Ⅰ. 자본금_우선주자본금_전환우선주,0,0,0,0,0,0,0,0,0,0,0,0,0,0,0,0,0, ,0,0,0,0,0,0,0,0,0,1059000000,1059000000,1059000000,1059000000,1059000000,1059000000,1059000000,3391815000,3391815000,3391815000,3391815000,3391815000,3391815000,3391815000,4943005000,6494195000,6494195000,5435195000,5435195000,5435195000,5435195000,5435195000,5435195000,6986390000,6986390000,6986390000,6986390000
2199,부동산신탁,12279,무궁화신탁,B,SM005,요약재무상태표(‘11.03월 이후),C112,Ⅰ. 자본금_우선주자본금_기타,0,0,0,0,0,0,0,0,0,0,0,0,0,0,0,0,0,0,0,0,0,0,0,0,0,0,0,0,0,0,0,0, , , , , , , , , , , , , , , , , , , , , , 
2200,부동산신탁,12279,무궁화신탁,B,SM005,요약재무상태표(‘11.03월 이후),C2,Ⅱ. 자본잉여금,0,0,0,0,0,0,0,0,0,0,0,0,0,0,0,0,0,0,0,0,0,0,0,0,0,0,0,8940925200,8940925200,8940925200,8940925200,8940925200,8940925200,8940925200,35695015350,35695015350,35695015350,35695015350,35695015350,35695015350,35695015350,63783105840,92155875030,92155875030,92155875030,103652090483,103652090483,103652090483,103652090483,103652090483,131342119053,131342119053,131342119053,131342119053
2201,부동산신탁,12279,무궁화신탁,B,SM005,요약재무상태표(‘11.03월 이후),C20,Ⅱ. 자본잉여금_주식발행초과금,0,0,0,0,0,0,0,0,0,0,0,0,0,0,0,0,0,0,0,0,0,0,0,0,0,0,0,0,8940925200,8940925200,8940925200,8940925200,8940925200,8940925200,35695015350,35695015350,35695015350,35695015350,35695015350,35695015350,35695015350,63783105840,92155875030,92155875030,92155875030,103652090483,103652090483,103652090483,103652090483,103652090483,131342119053,131342119053,131342119053,131342119053
2202,부동산신탁,12279,무궁화신탁,B,SM005,요약재무상태표(‘11.03월 이후),C21,Ⅱ. 자본잉여금_감자차익,0,0,0,0,0,0,0,0,0,0,0,0,0,0,0,0,0,0,0,0,0,0,0,0,0,0,0,0,0,0,0,0, , , , , , , , , , , , , , , , , , , , , , 
2203,부동산신탁,12279,무궁화신탁,B,SM005,요약재무상태표(‘11.03월 이후),C22,Ⅱ. 자본잉여금_자기주식처분이익,0,0,0,0,0,0,0,0,0,0,0,0,0,0,0,0,0,0,0,0,0,0,0,0,0,0,0,0,0,0,0,0, , , , , , , , , , , , , , , , , , , , , , 
2204,부동산신탁,12279,무궁화신탁,B,SM005,요약재무상태표(‘11.03월 이후),C23,Ⅱ. 자본잉여금_기타자본잉여금,0,0,0,0,0,0,0,0,0,0,0,0,0,0,0,0,0,0,0,0,0,0,0,0,0,0,0,8940925200,0,0,0,0, , , , , , , , , , , , , , , , , , , , , , 
2205,부동산신탁,12279,무궁화신탁,B,SM005,요약재무상태표(‘11.03월 이후),C3,Ⅲ. 자본조정,-55716700,-55716700,-55716700,0,0,0,0,0,0,0,0,0,0,0,0,0,0,0,0,0,0,0,0,0,0,0,0,0,0,0,0,0,0,0,0,0,0,0,0,0,0,30000014600,0,0,0,0,0,0,0,0,0,0,0,0
2206,부동산신탁,12279,무궁화신탁,B,SM005,요약재무상태표(‘11.03월 이후),C30,Ⅲ. 자본조정_주식할인발행차금,-55716700,-55716700,-55716700,0,0,0,0,0,0,0,0,0,0,0,0,0,0,0,0,0,0,0,0,0,0,0,0,0,0,0,0,0, , , , , , , , , , , , , , , , , , , , , , 
2207,부동산신탁,12279,무궁화신탁,B,SM005,요약재무상태표(‘11.03월 이후),C31,Ⅲ. 자본조정_자기주식,0,0,0,0,0,0,0,0,0,0,0,0,0,0,0,0,0,0,0,0,0,0,0,0,0,0,0,0,0,0,0,0, , , , , , , , , , , , , , , , , , , , , , 
2208,부동산신탁,12279,무궁화신탁,B,SM005,요약재무상태표(‘11.03월 이후),C32,Ⅲ. 자본조정_자기주식처분손실,0,0,0,0,0,0,0,0,0,0,0,0,0,0,0,0,0,0,0,0,0,0,0,0,0,0,0,0,0,0,0,0, , , , , , , , , , , , , , , , , , , , , , 
2209,부동산신탁,12279,무궁화신탁,B,SM005,요약재무상태표(‘11.03월 이후),C33,Ⅲ. 자본조정_주식매입선택권,0,0,0,0,0,0,0,0,0,0,0,0,0,0,0,0,0,0,0,0,0,0,0,0,0,0,0,0,0,0,0,0, , , , , , , , , , , , , , , , , , , , , , 
2210,부동산신탁,12279,무궁화신탁,B,SM005,요약재무상태표(‘11.03월 이후),C34,Ⅲ. 자본조정_신주청약증거금,0,0,0,0,0,0,0,0,0,0,0,0,0,0,0,0,0,0,0,0,0,0,0,0,0,0,0,0,0,0,0,0, , , , , , , , , ,30000014600, , , , , , , , , , , , 
2211,부동산신탁,12279,무궁화신탁,B,SM005,요약재무상태표(‘11.03월 이후),C35,Ⅲ. 자본조정_기타,0,0,0,0,0,0,0,0,0,0,0,0,0,0,0,0,0,0,0,0,0,0,0,0,0,0,0,0,0,0,0,0, , , , , , , , , , , , , , , , , , , , , , 
2212,부동산신탁,12279,무궁화신탁,B,SM005,요약재무상태표(‘11.03월 이후),C4,Ⅳ. 기타포괄손익누계액,0,0,0,0,0,0,0,0,0,0,0,0,0,0,0,0,0,0,0,0,0,0,0,0,0,0,22245386,422662341,0,0,0,0,23764264,23764264,6848961,-54623589,-14027801,323860678,40081339,136131339,1091138387,0,0,0,7798222,7798222,7798222,1041279241,2983026889,3265381977,3201988221,3019278302,2680933489,2581796824
2213,부동산신탁,12279,무궁화신탁,B,SM005,요약재무상태표(‘11.03월 이후),C40,Ⅳ. 기타포괄손익누계액_기타포괄손익-공정가치측정금융자산평가손익,0,0,0,0,0,0,0,0,0,0,0,0,0,0,0,0,0,0,0,0,0,0,0,0,0,0,0,0,0,0,0,0,12500000,12500000,27500000,-10000000,32500000,0,0,0,0,0,0,0,0,0,0,0,0,0,0,0,0,0
2214,부동산신탁,12279,무궁화신탁,B,SM005,요약재무상태표(‘11.03월 이후),C41,Ⅳ. 기타포괄손익누계액_기타포괄손익-공정가치측정금융자산처분손익, , , , , , , , , , , , , , , , , , , , , , , , , , , ,0,0,0,0,0,18941024,18941024, , , , , , , , , , , , , , , , , , , , 
2215,부동산신탁,12279,무궁화신탁,B,SM005,요약재무상태표(‘11.03월 이후),C42,Ⅳ. 기타포괄손익누계액_지분법 자본변동,0,0,0,0,0,0,0,0,0,0,0,0,0,0,0,0,0,0,0,0,0,0,0,0,0,0,22245386,422662341,0,0,0,0, , , , , , , , ,1091138387, , , ,7798222,7798222,7798222,1041279241,2983026889,3265381977,3201988221,3019278302,2680933489,2581796824
2216,부동산신탁,12279,무궁화신탁,B,SM005,요약재무상태표(‘11.03월 이후),C43,Ⅳ. 기타포괄손익누계액_부의 지분법 자본변동,0,0,0,0,0,0,0,0,0,0,0,0,0,0,0,0,0,0,0,0,0,0,0,0,0,0,0,0,0,0,0,0,-7676760,-7676760,-20651039,-44623589,-46527801,323860678,40081339,136131339, , , , , , , , , , , , , , 
2217,부동산신탁,12279,무궁화신탁,B,SM005,요약재무상태표(‘11.03월 이후),C44,Ⅳ. 기타포괄손익누계액_위험회피 파생상품평가손익,0,0,0,0,0,0,0,0,0,0,0,0,0,0,0,0,0,0,0,0,0,0,0,0,0,0,0,0,0,0,0,0, , , , , , , , , , , , , , , , , , , , , , 
2218,부동산신탁,12279,무궁화신탁,B,SM005,요약재무상태표(‘11.03월 이후),C45,Ⅳ. 기타포괄손익누계액_외환차이누계액,0,0,0,0,0,0,0,0,0,0,0,0,0,0,0,0,0,0,0,0,0,0,0,0,0,0,0,0,0,0,0,0, , , , , , , , , , , , , , , , , , , , , , 
2219,부동산신탁,12279,무궁화신탁,B,SM005,요약재무상태표(‘11.03월 이후),C46,Ⅳ. 기타포괄손익누계액_유형자산재평가이익,0,0,0,0,0,0,0,0,0,0,0,0,0,0,0,0,0,0,0,0,0,0,0,0,0,0,0,0,0,0,0,0, , , , , , , , , , , , , , , , , , , , , , 
2220,부동산신탁,12279,무궁화신탁,B,SM005,요약재무상태표(‘11.03월 이후),C47,Ⅳ. 기타포괄손익누계액_기타,0,0,0,0,0,0,0,0,0,0,0,0,0,0,0,0,0,0,0,0,0,0,0,0,0,0,0,0,0,0,0,0, , , , , , , , , , , , , , , , , , , , , , 
2221,부동산신탁,12279,무궁화신탁,B,SM005,요약재무상태표(‘11.03월 이후),C5,Ⅴ. 이익잉여금,13857807,-43432975,322327295,270076416,805811639,1090306171,1100298119,305318849,799338344,457091329,948133352,865994546,1033464745,1898842211,2889297172,3216435942,4839651300,6613649904,7689172938,8395207001,12201147955,14114721550,16482381747,16766850577,18604473964,22355412161,27758582761,31406422408,35847339420,41094672205,47129572653,49002063282,52246767869,54528723188,61568456669,68397530309,73639454650,78313820866,85924658849,85238960645,88398938707,102778894293,114048190093,112691654266,121910796555,132463403192,138084810382,126875130981,124253322605,129058308043,116601957790,110773418495,100138215003,89255479239
2222,부동산신탁,12279,무궁화신탁,B,SM005,요약재무상태표(‘11.03월 이후),C50,Ⅴ. 이익잉여금_이익준비금,0,0,0,0,0,0,0,74130000,74130000,74130000,74130000,105900000,105900000,105900000,105900000,211800000,211800000,211800000,211800000,370650000,370650000,370650000,370650000,529500000,529500000,529500000,529500000,741300000,741300000,741300000,741300000,1171950000,1171950000,1171950000,1171950000,1812602946,1812602946,1812602946,1812602946,2675645892,2675645892,2675645892,2675645892,4018689072,4018689072,4018689072,4018689072,5563405181,5563405181,5563405181,5563405181,5563405181,6643406481,6643406481
2223,부동산신탁,12279,무궁화신탁,B,SM005,요약재무상태표(‘11.03월 이후),C51,Ⅴ. 이익잉여금_대손준비금,0,0,0,0,0,0,0, , ,0, , , , , , , , , , , , ,0, ,0,0,0,0,0,0,2701049482,3140412618,3126637450,1579157899,2758867938,3575494507,4786574519,6963302334,3364169239,6358297087,13256655712,16197145101,20009063587,23583622777,20936443173,23446750238,24289068065,26062205483,23808134324,27024365782,24289068065,27872535932,28538285816,53843737726
2224,부동산신탁,12279,무궁화신탁,B,SM005,요약재무상태표(‘11.03월 이후),C52,Ⅴ. 이익잉여금_전자금융사고배상준비금,0,0,0,0,0,0,0, , ,0, , , , , , , , , , , , ,0, ,0,0,0,0,0,0,0,0, , , , , , , , , , , , , , , , , , , , , , 
2225,부동산신탁,12279,무궁화신탁,B,SM005,요약재무상태표(‘11.03월 이후),C53,Ⅴ. 이익잉여금_기타법정준비금,0,0,0,0,0,0,0, , ,0, , , , , , , , , , , , ,0, ,0,0,0,0,2417418222,2142930384, ,0, , , , , , , , , , , , , , , , , , , , , , 
2226,부동산신탁,12279,무궁화신탁,B,SM005,요약재무상태표(‘11.03월 이후),C54,Ⅴ. 이익잉여금_신탁사업적립금,0,0,0,48000000,48000000,48000000,48000000,132000000,132000000,132000000,132000000,191000000,191000000,191000000,191000000,417000000,417000000,417000000,417000000,1003000000,1003000000,1003000000,1003000000,2043000000,2043000000,2043000000,2043000000,3333000000,3333000000,3333000000,3333000000,5483000000,5483000000,5483000000,5483000000,7358000000,7358000000,7358000000,7358000000,10431000000,10431000000,10431000000,10431000000,14106000000,14106000000,14106000000,14106000000,17853000000,17853000000,17853000000,17853000000,17853000000,17853000000,17853000000
2227,부동산신탁,12279,무궁화신탁,B,SM005,요약재무상태표(‘11.03월 이후),C55,Ⅴ. 이익잉여금_임의적립금,0,0,0, , , , , , , , , , , , , , , , ,1000000000,1000000000,1000000000,1000000000,1000000000,1000000000,1000000000,1000000000,1000000000,1000000000,1000000000,1000000000,1000000000,1000000000,1000000000,1000000000,1000000000,1000000000,1000000000,1000000000,1000000000,1000000000,1000000000,1000000000,1000000000,1000000000,1000000000,1000000000,1000000000,1000000000,1000000000,1000000000,1000000000,1000000000,1000000000
2228,부동산신탁,12279,무궁화신탁,B,SM005,요약재무상태표(‘11.03월 이후),C56,Ⅴ. 이익잉여금_미처분이익잉여금,13857807,-43432975,322327295,222076416,757811639,1042306171,1052298119,99188849,593208344,250961329,742003352,569094546,736564745,1601942211,2592397172,2587635942,4210851300,5984849904,7060372938,6021557001,9827497955,11741071550,14108731747,13194350577,15031973964,18782912161,24186082761,26332122408,28355621198,33877441821,39354223171,38206700664,41465180419,45294615289,51154638731,54651432856,58682277185,61179915586,72389886664,64774017666,61035637103,72475103300,79932480614,69983342417,81849664310,89891963882,94671053245,76396520317,76028783100,77617537080,67896484544,58484477382,46103522706,9915335032
2229,부동산신탁,12279,무궁화신탁,B,SM005,요약재무상태표(‘11.03월 이후),C57,Ⅴ. 이익잉여금_(당기순이익),169418413,112127631,477887901,3465821,539201044,823695576,833687524,-53679270,440340225,98093210,589135233,235561194,403031393,1268408859,2258863820,1386138770,3009354128,4783352732,5858875766,2294534063,6100475017,8014048612,10381708809,1872968830,3710592217,7461530414,12864701014,5765839647,10187815635,15435148420,21470048868,6178990629,9442636240,11724591559,18745384016,13235603103,18477527444,23114393660,30725231643,7944731259,11104709321,25484664907,36753960707,12073895972,21293038261,31845644898,37467052088,4237481690,1615673314,6420658752,-6035691501,-5828539295,-5663729787,-16546465551
2230,부동산신탁,12306,코리아신탁,B,SM005,요약재무상태표(‘11.03월 이후),A,자산총계,9594309231,9850717291,11064154619,11287550690,12777074825,13899869831,15122455685,16589163765,17152719015,18282653213,19779473356,19584526999,20127954714,20888276125,21786746556,24052115163,26996994700,30022502780,35667699695,39401875605,43613244693,51469432356,57912042140,61579025589,62730576468,80224896878,110155241958,88546880783,89914796132,102698904735,108227063249,117437809857,127168921909,133112464006,137247751774,143462805350,143551417516,149810749382,162314831284,170960565149,177334668251,189576676042,211626054924,219670988631,232237828975,238526938413,251476818346,251859848067,250609005792,256289305075,270338221528,255174865033,275241342948,275382275061
2231,부동산신탁,12306,코리아신탁,B,SM005,요약재무상태표(‘11.03월 이후),A1,Ⅰ. 현금 및 예치금,7054565428,7415666111,8624694894,8780086636,9978468557,11429138241,12682194657,14454475250,14757801110,15893115057,17029210714,17179660400,17561661769,17709261989,19140612373,20813391784,23522926154,24252901512,27364027250,28582595818,36421950821,38023844168,44872005458,48730057861,42930306844,43890841367,51097360239,48795788841,45473691062,61755193922,70989679133,74035615330,50161664841,35813747834,68142861841,77904876372,69242681765,85403680176,85971913247,86725778043,82429595806,109371112580,137242853970,130722564439,135451476719,118064172197,139051715828,84228011311,120141107758,96985751986,96540736551,58242126151,63552288710,43585559591
2232,부동산신탁,12306,코리아신탁,B,SM005,요약재무상태표(‘11.03월 이후),A10,Ⅰ. 현금 및 예치금_현금 및 현금성 자산,7054565428,7415666111,8624694894,8780086636,9978468557,11429138241,12682194657,14454475250,14757801110,15893115057,17029210714,17179660400,17561661769,17709261989,19140612373,20813391784,23522926154,24252901512,27364027250,28582595818,36421950821,38023844168,44872005458,48730057861,42930306844,43890841367,51097360239,48795788841,45473691062,61755193922,70989679133,74035615330,50161664841,35813747834,68142861841,77904876372,69242681765,85403680176,36971913247,33725778043,29429595806,56371112580,84242853970,73722564439,76451476719,22564172197,53051715828,22228011311,62141107758,70485751986,71040736551,43742126151,46052288710,31085559591
2233,부동산신탁,12306,코리아신탁,B,SM005,요약재무상태표(‘11.03월 이후),A100,Ⅰ. 현금 및 예치금_현금 및 현금성 자산_현금,0,0,0,0,0,0,0,0,0,0,0,0,0,0,0,0,0,0,0,0,0,0,0,0,0,0,0,0,0,0,0, ,0,0,0,0,0,0,0,0,0,0,0,0,0,0,0,0,0,0,0,0,0,0
2234,부동산신탁,12306,코리아신탁,B,SM005,요약재무상태표(‘11.03월 이후),A101,Ⅰ. 현금 및 예치금_현금 및 현금성 자산_정기예.적금,3000000000,4000000000,4000000000,5500000000,6000000000,9000000000,9000000000,9500000000,8500000000,12000000000,12000000000,13000000000,14500000000,14500000000,15000000000,16000000000,16500000000,17500000000,15500000000,16500000000,18000000000,19000000000,19000000000,21000000000,20000000000,21000000000,21000000000,21500000000,21500000000,21500000000,21500000000,23500000000,22000000000,21000000000,24000000000,29000000000,29000000000,47000000000,0,0,0,1000000000,0,0,0,0,24000000000,3000000000,22000000000,27000000000,36000000000,20000000000,10000000000,7000000000
2235,부동산신탁,12306,코리아신탁,B,SM005,요약재무상태표(‘11.03월 이후),A102,Ⅰ. 현금 및 예치금_현금 및 현금성 자산_보통예금,75596882,88893192,241942517,134849190,371378450,1042753283,524789390,586347920,497286927,455585490,569299061,517698110,302618849,807025181,742120135,529049683,1132093782,291533555,3309728513,1220195459,1224223690,1180896864,1287668177,1312101214,1507471405,2717798359,7510383965,1354700095,4266427165,2421892076,3059728142,2411903747,2128875245,3783591003,904787968,2975261945,3723342673,1518145878,2367017017,1404861165,8845429029,3788102537,5057232246,3064492219,5005661970,3699400676,13374787028,3912762351,16510449021,6440901336,16487675932,10301669024,23103228228,11780718246
2236,부동산신탁,12306,코리아신탁,B,SM005,요약재무상태표(‘11.03월 이후),A103,Ⅰ. 현금 및 예치금_현금 및 현금성 자산_당좌예금,0,0,0,0,0,0,0,0,0,0,0,0,0,0,0,0,0,0,0,0,0,0,0,0,0,0,0,0,0,0,0, ,100,0,0,0,100,100,100,100,100,100,100,100,100,100,100,100,100,100,100,100,100,100
2237,부동산신탁,12306,코리아신탁,B,SM005,요약재무상태표(‘11.03월 이후),A104,Ⅰ. 현금 및 예치금_현금 및 현금성 자산_외화예금,0,0,0,0,0,0,0,0,0,0,0,0,0,0,0,0,0,0,0,0,0,0,0,0,0,0,0,0,0,0,0, ,0,0,0,0,0,0,0,0,0,0,0,0,0,0,0,0,0,0,0,0,0,0
2238,부동산신탁,12306,코리아신탁,B,SM005,요약재무상태표(‘11.03월 이후),A105,Ⅰ. 현금 및 예치금_현금 및 현금성 자산_양도성예금증서,0,0,0,0,0,0,0,0,0,0,0,0,0,0,0,0,0,0,0,0,0,0,0,0,0,0,0,0,0,0,0, ,0,0,0,0,0,0,0,0,0,0,0,0,0,0,0,0,0,12000000000,0,0,0,0
2239,부동산신탁,12306,코리아신탁,B,SM005,요약재무상태표(‘11.03월 이후),A106,Ⅰ. 현금 및 예치금_현금 및 현금성 자산_MMDA,578968546,626772919,3381385970,643871039,405723700,185018551,3156393917,867115980,459502833,2591976588,4459911106,2858037728,950172764,82305106,1068080759,1944281841,2037631732,2596173982,1673099183,3961566037,6196718430,6807827948,13517045488,15315166976,10285669893,9001983203,11380148188,14692236120,8415647336,26498233597,35047863601,36492192849,26032789496,11030156831,43238073873,45929614427,36519338992,36885534198,34604896130,32320916778,20584166677,51583009943,79185621624,70658072120,71445814649,18864771421,15676928700,15315248860,23630658637,25044850550,18553060519,13440457027,12949060382,12304841245
2240,부동산신탁,12306,코리아신탁,B,SM005,요약재무상태표(‘11.03월 이후),A107,Ⅰ. 현금 및 예치금_현금 및 현금성 자산_MMF,1400000000,1700000000,0,2501366407,3201366407,1201366407,1011350,3501011350,5301011350,845552979,547,803924562,1808870156,2319931702,2330411479,2340060260,3853200640,3865193975,6881199554,6900834322,11001008701,11035119356,11067291793,11102789671,11137165546,11171059805,11206828086,11248852626,11291616561,11335068249,11382087390,11631518734,0,0,0,0,0,0,0,0,0,0,0,0,0,0,0,0,0,0,0,0,0,0
2241,부동산신탁,12306,코리아신탁,B,SM005,요약재무상태표(‘11.03월 이후),A108,Ⅰ. 현금 및 예치금_현금 및 현금성 자산_금융어음,0,1000000000,1001366407,0,0,0,0,0,0,0,0,0,0,0,0,0,0,0,0,0,0,0,0,0,0,0,0,0,0,0,0, ,0,0,0,0,0,0,0,0,0,0,0,0,0,0,0,0,0,0,0,0,0,0
2242,부동산신탁,12306,코리아신탁,B,SM005,요약재무상태표(‘11.03월 이후),A109,Ⅰ. 현금 및 예치금_현금 및 현금성 자산_기타,2000000000, , , , , , , , , , , , , , , , , , , , , , , , , , ,0,0,0,0, ,0,0,0,0,0,0,0,0,0,0,0,0,0,0,0,0,0,0,0,0,0,0
2243,부동산신탁,12306,코리아신탁,B,SM005,요약재무상태표(‘11.03월 이후),A11,Ⅰ. 현금 및 예치금_예치금,0,0,0,0,0,0,0,0,0,0,0,0,0,0,0,0,0,0,0,0,0,0,0,0,0,0,0,0,0,0,0,0,0,0,0,0,0,0,49000000000,53000000000,53000000000,53000000000,53000000000,57000000000,59000000000,95500000000,86000000000,62000000000,58000000000,26500000000,25500000000,14500000000,17500000000,12500000000
2244,부동산신탁,12306,코리아신탁,B,SM005,요약재무상태표(‘11.03월 이후),A110,Ⅰ. 현금 및 예치금_예치금_장기성예금,0,0,0,0,0,0,0,0,0,0,0,0,0,0,0,0,0,0,0,0,0,0,0,0,0,0,0,0,0,0,0, ,0,0,0,0,0,0,49000000000,53000000000,53000000000,53000000000,53000000000,57000000000,59000000000,95500000000,86000000000,62000000000,58000000000,26500000000,25500000000,14500000000,17500000000,12500000000
2245,부동산신탁,12306,코리아신탁,B,SM005,요약재무상태표(‘11.03월 이후),A111,Ⅰ. 현금 및 예치금_예치금_특정예금 등,0,0,0,0,0,0,0,0,0,0,0,0,0,0,0,0,0,0,0,0,0,0,0,0,0,0,0,0,0,0,0, ,0,0,0,0,0,0,0,0,0,0,0,0,0,0,0,0,0,0,0,0,0,0
2246,부동산신탁,12306,코리아신탁,B,SM005,요약재무상태표(‘11.03월 이후),A112,Ⅰ. 현금 및 예치금_예치금_신탁공탁금,0,0,0,0,0,0,0,0,0,0,0,0,0,0,0,0,0,0,0,0,0,0,0,0,0,0,0,0,0,0,0, ,0,0,0,0,0,0,0,0,0,0,0,0,0,0,0,0,0,0,0,0,0,0
2247,부동산신탁,12306,코리아신탁,B,SM005,요약재무상태표(‘11.03월 이후),A113,Ⅰ. 현금 및 예치금_예치금_기타,0,0,0,0,0,0,0,0,0,0,0,0,0,0,0,0,0,0,0,0,0,0,0,0,0,0,0,0,0,0,0,0,0,0,0,0,0,0,0,0,0,0,0,0,0,0,0,0,0,0,0,0,0,0
2248,부동산신탁,12306,코리아신탁,B,SM005,요약재무상태표(‘11.03월 이후),A2,Ⅱ. 증권,622000000,622000000,622000000,622000000,622000000,622000000,72000000,72000000,322000000,322000000,322000000,322000000,322000000,322000000,300000000,300000000,300000000,900000000,850000000,850000000,850000000,2050000000,2070000000,2070000000,2170000000,2870000000,1320000000,1320000000,1320000000,1070000000,1080000000,1080000000,12810212356,12856913325,12976555554,13003105055,14028865564,19330228228,23099899875,26107289661,27108369363,25115734933,27219235539,33816614285,35523957067,46311723076,32458415984,67509583851,33766758528,32913378385,32235186420,32072259439,34901117389,32966110695
2249,부동산신탁,12306,코리아신탁,B,SM005,요약재무상태표(‘11.03월 이후),A20,Ⅱ. 증권_당기손익-공정가치측정증권,0,0,0,0,0,0,0,0,0,0,0,0,0,0,0,0,0,0,0,0,0,0,0,0,0,0,0,0,1320000000,1070000000,1080000000,1080000000,12810212356,12856913325,12976555554,13003105055,14028865564,19330228228,23099899875,26107289661,27108369363,22224788904,25229947867,30830586887,31549685011,32344113486,22458415984,57509583851,23766758528,22913378385,22235186420,22072259439,24901117389,22966110695
2250,부동산신탁,12306,코리아신탁,B,SM005,요약재무상태표(‘11.03월 이후),A200,Ⅱ. 증권_당기손익-공정가치측정증권_주식,0,0,0,0,0,0,0,0,0,0,0,0,0,0,0,0,0,0,0,0,0,0,0,0,0,0,0,0,1220000000,970000000,980000000,980000000,1230000000,1230000000,1210000000,1200000000,2200000000,2200000000,3949945000,3949945000,5049945000,5049945000,9729945000,10224945000,10725945000,11226945000,11226945000,11226945000,11476945000,10482045000,10726945000,10976945000,10406945000,10914495000
2251,부동산신탁,12306,코리아신탁,B,SM005,요약재무상태표(‘11.03월 이후),A201,Ⅱ. 증권_당기손익-공정가치측정증권_국채·지방채,0,0,0,0,0,0,0,0,0,0,0,0,0,0,0,0,0,0,0,0,0,0,0,0,0,0,0,0,0,0,0, ,0,0,0,0,0,0,0,0,0,0,0,0,0,0,0,0,0,0,0,0,0,0
2252,부동산신탁,12306,코리아신탁,B,SM005,요약재무상태표(‘11.03월 이후),A202,Ⅱ. 증권_당기손익-공정가치측정증권_특수채,0,0,0,0,0,0,0,0,0,0,0,0,0,0,0,0,0,0,0,0,0,0,0,0,0,0,0,0,0,0,0, ,0,0,0,0,0,0,0,0,0,0,0,0,0,0,0,0,0,0,0,0,0,0
2253,부동산신탁,12306,코리아신탁,B,SM005,요약재무상태표(‘11.03월 이후),A203,Ⅱ. 증권_당기손익-공정가치측정증권_회사채,0,0,0,0,0,0,0,0,0,0,0,0,0,0,0,0,0,0,0,0,0,0,0,0,0,0,0,0,0,0,0, ,0,0,0,0,0,4983391783,4974887496,4987134250,4887816715,0,0,0,0,0,0,0,0,0,0,0,0,0
2254,부동산신탁,12306,코리아신탁,B,SM005,요약재무상태표(‘11.03월 이후),A204,Ⅱ. 증권_당기손익-공정가치측정증권_집합투자증권,0,0,0,0,0,0,0,0,0,0,0,0,0,0,0,0,0,0,0,0,0,0,0,0,0,0,0,0,100000000,100000000,100000000,100000000,100000000,101000000,201220056,201367871,200460004,500390988,500210292,500492089,500837026,501019462,927285397,6125927607,6545009927,6928815710,6863094984,7634599107,7706918528,7779670385,6767874420,6290663439,6612088655,7147249695
2255,부동산신탁,12306,코리아신탁,B,SM005,요약재무상태표(‘11.03월 이후),A205,Ⅱ. 증권_당기손익-공정가치측정증권_기업어음증권,0,0,0,0,0,0,0,0,0,0,0,0,0,0,0,0,0,0,0,0,0,0,0,0,0,0,0,0,0,0,0, ,0,0,0,0,0,0,0,0,0,0,0,0,0,0,0,0,0,0,0,0,0,0
2256,부동산신탁,12306,코리아신탁,B,SM005,요약재무상태표(‘11.03월 이후),A206,Ⅱ. 증권_당기손익-공정가치측정증권_외화증권,0,0,0,0,0,0,0,0,0,0,0,0,0,0,0,0,0,0,0,0,0,0,0,0,0,0,0,0,0,0,0,0,0,0,0,0,0,0,0,0,0,0,0,0,0,0,0,0,0,0,0,0,0,0
2257,부동산신탁,12306,코리아신탁,B,SM005,요약재무상태표(‘11.03월 이후),A207,Ⅱ. 증권_당기손익-공정가치측정증권_기타,0,0,0,0,0,0,0,0,0,0,0,0,0,0,0,0,0,0,0,0,0,0,0,0,0,0,0,0,0,0,0,0,11480212356,11525913325,11565335498,11601737184,11628405560,11646445457,13674857087,16669718322,16669770622,16673824442,14572717470,14479714280,14278730084,14188352776,4368376000,38648039744,4582895000,4651663000,4740367000,4804651000,7882083734,4904366000
2258,부동산신탁,12306,코리아신탁,B,SM005,요약재무상태표(‘11.03월 이후),A21,Ⅱ. 증권_기타포괄손익-공정가치측정증권,622000000,622000000,622000000,622000000,622000000,622000000,72000000,72000000,322000000,322000000,322000000,322000000,322000000,322000000,300000000,300000000,300000000,900000000,850000000,850000000,850000000,2050000000,2070000000,2070000000,2170000000,2870000000,1320000000,1320000000,0,0,0,0,0,0,0,0,0,0,0,0,0,0,0,0,0,0,0,0,0,0,0,0,0,0
2259,부동산신탁,12306,코리아신탁,B,SM005,요약재무상태표(‘11.03월 이후),A210,Ⅱ. 증권_기타포괄손익-공정가치측정증권_주식,0,0,0,0,0,0,50000000,50000000,300000000,300000000,300000000,300000000,300000000,300000000,300000000,300000000,300000000,900000000,850000000,850000000,850000000,0,0,0,0,0,0,0,0,0,0, ,0,0,0,0,0,0,0,0,0,0,0,0,0,0,0,0,0,0,0,0,0,0
2260,부동산신탁,12306,코리아신탁,B,SM005,요약재무상태표(‘11.03월 이후),A211,Ⅱ. 증권_기타포괄손익-공정가치측정증권_국채·지방채,22000000,22000000,22000000,22000000,22000000,22000000,22000000,22000000,22000000,22000000,22000000,22000000,22000000,22000000,0,0,0,0,0,0,0,0,0,0,0,0,0,0,0,0,0, ,0,0,0,0,0,0,0,0,0,0,0,0,0,0,0,0,0,0,0,0,0,0
2261,부동산신탁,12306,코리아신탁,B,SM005,요약재무상태표(‘11.03월 이후),A212,Ⅱ. 증권_기타포괄손익-공정가치측정증권_특수채,0,0,0,0,0,0,0,0,0,0,0,0,0,0,0,0,0,0,0,0,0,0,0,0,0,0,0,0,0,0,0, ,0,0,0,0,0,0,0,0,0,0,0,0,0,0,0,0,0,0,0,0,0,0
2262,부동산신탁,12306,코리아신탁,B,SM005,요약재무상태표(‘11.03월 이후),A213,Ⅱ. 증권_기타포괄손익-공정가치측정증권_회사채,0,0,0,0,0,0,0,0,0,0,0,0,0,0,0,0,0,0,0,0,0,0,0,0,0,0,0,0,0,0,0, ,0,0,0,0,0,0,0,0,0,0,0,0,0,0,0,0,0,0,0,0,0,0
2263,부동산신탁,12306,코리아신탁,B,SM005,요약재무상태표(‘11.03월 이후),A214,Ⅱ. 증권_기타포괄손익-공정가치측정증권_집합투자증권,0,0,0,0,0,0,0,0,0,0,0,0,0,0,0,0,0,0,0,0,0,0,0,0,100000000,100000000,100000000,100000000,0,0,0,0,0,0,0,0,0,0,0,0,0,0,0,0,0,0,0,0,0,0,0,0,0,0
2264,부동산신탁,12306,코리아신탁,B,SM005,요약재무상태표(‘11.03월 이후),A215,Ⅱ. 증권_기타포괄손익-공정가치측정증권_기업어음증권,0,0,0,0,0,0,0,0,0,0,0,0,0,0,0,0,0,0,0,0,0,0,0,0,0,0,0,0,0,0,0, ,0,0,0,0,0,0,0,0,0,0,0,0,0,0,0,0,0,0,0,0,0,0
2265,부동산신탁,12306,코리아신탁,B,SM005,요약재무상태표(‘11.03월 이후),A216,Ⅱ. 증권_기타포괄손익-공정가치측정증권_외화증권,0,0,0,0,0,0,0,0,0,0,0,0,0,0,0,0,0,0,0,0,0,0,0,0,0,0,0,0,0,0,0,0,0,0,0,0,0,0,0,0,0,0,0,0,0,0,0,0,0,0,0,0,0,0
2266,부동산신탁,12306,코리아신탁,B,SM005,요약재무상태표(‘11.03월 이후),A217,Ⅱ. 증권_기타포괄손익-공정가치측정증권_기타,600000000,600000000,600000000,600000000,600000000,600000000,0,0,0,0,0,0,0,0,0,0,0,0,0,0,0,2050000000,2070000000,2070000000,2070000000,2770000000,1220000000,1220000000,0,0,0,0,0,0,0,0,0,0,0,0,0,0,0,0,0,0,0,0,0,0,0,0,0,0
2267,부동산신탁,12306,코리아신탁,B,SM005,요약재무상태표(‘11.03월 이후),A22,Ⅱ. 증권_상각후원가측정증권,0,0,0,0,0,0,0,0,0,0,0,0,0,0,0,0,0,0,0,0,0,0,0,0,0,0,0,0,0,0,0,0,0,0,0,0,0,0,0,0,0,2890946029,1989287672,2986027398,3974272056,3967609590,0,0,0,0,0,0,0,0
2268,부동산신탁,12306,코리아신탁,B,SM005,요약재무상태표(‘11.03월 이후),A220,Ⅱ. 증권_상각후원가측정증권_국채·지방채,0,0,0,0,0,0,0,0,0,0,0,0,0,0,0,0,0,0,0,0,0,0,0,0,0,0,0,0,0,0,0, ,0,0,0,0,0,0,0,0,0,0,0,0,0,0,0,0,0,0,0,0,0,0
2269,부동산신탁,12306,코리아신탁,B,SM005,요약재무상태표(‘11.03월 이후),A221,Ⅱ. 증권_상각후원가측정증권_특수채,0,0,0,0,0,0,0,0,0,0,0,0,0,0,0,0,0,0,0,0,0,0,0,0,0,0,0,0,0,0,0, ,0,0,0,0,0,0,0,0,0,0,0,0,0,0,0,0,0,0,0,0,0,0
2270,부동산신탁,12306,코리아신탁,B,SM005,요약재무상태표(‘11.03월 이후),A222,Ⅱ. 증권_상각후원가측정증권_회사채,0,0,0,0,0,0,0,0,0,0,0,0,0,0,0,0,0,0,0,0,0,0,0,0,0,0,0,0,0,0,0, ,0,0,0,0,0,0,0,0,0,2890946029,1989287672,2986027398,3974272056,3967609590,0,0,0,0,0,0,0,0
2271,부동산신탁,12306,코리아신탁,B,SM005,요약재무상태표(‘11.03월 이후),A223,Ⅱ. 증권_상각후원가측정증권_기타,0,0,0,0,0,0,0,0,0,0,0,0,0,0,0,0,0,0,0,0,0,0,0,0,0,0,0,0,0,0,0, ,0,0,0,0,0,0,0,0,0,0,0,0,0,0,0,0,0,0,0,0,0,0
2272,부동산신탁,12306,코리아신탁,B,SM005,요약재무상태표(‘11.03월 이후),A23,Ⅱ. 증권_관계회사투자지분,0,0,0,0,0,0,0,0,0,0,0,0,0,0,0,0,0,0,0,0,0,0,0,0,0,0,0,0,0,0,0,0,0,0,0,0,0,0,0,0,0,0,0,0,0,10000000000,10000000000,10000000000,10000000000,10000000000,10000000000,10000000000,10000000000,10000000000
2273,부동산신탁,12306,코리아신탁,B,SM005,요약재무상태표(‘11.03월 이후),A230,Ⅱ. 증권_관계회사투자지분_연결대상회사 투자지분,0,0,0,0,0,0,0,0,0,0,0,0,0,0,0,0,0,0,0,0,0,0,0,0,0,0,0,0,0,0,0,0,0,0,0,0,0,0,0,0,0,0,0,0,0,10000000000,10000000000,10000000000,10000000000,10000000000,10000000000,10000000000,10000000000,10000000000
2274,부동산신탁,12306,코리아신탁,B,SM005,요약재무상태표(‘11.03월 이후),A231,Ⅱ. 증권_관계회사투자지분_비연결대상회사 투자지분,0,0,0,0,0,0,0,0,0,0,0,0,0,0,0,0,0,0,0,0,0,0,0,0,0,0,0,0,0,0,0,0,0,0,0,0,0,0,0,0,0,0,0,0,0,0,0,0,0,0,0,0,0,0
2275,부동산신탁,12306,코리아신탁,B,SM005,요약재무상태표(‘11.03월 이후),A24,Ⅱ. 증권_파생결합증권,0,0,0,0,0,0,0,0,0,0,0,0,0,0,0,0,0,0,0,0,0,0,0,0,0,0,0,0,0,0,0,0,0,0,0,0,0,0,0,0,0,0,0,0,0,0,0,0,0,0,0,0,0,0
2276,부동산신탁,12306,코리아신탁,B,SM005,요약재무상태표(‘11.03월 이후),A25,Ⅱ. 증권_대손충당금(-), , , , , , , , , , , , , , , , , , , , , , , , , , , ,0,0,0,0,0,0,0,0,0,0,0,0,0,0,0,0,0,0,0,0,0,0,0,0,0,0,0
2277,부동산신탁,12306,코리아신탁,B,SM005,요약재무상태표(‘11.03월 이후),A3,Ⅲ. 파생상품자산,0,0,0,0,0,0,0,0,0,0,0,0,0,0,0,0,0,0,0,0,0,0,0,0,0,0,0,0,0,0,0,0,0,0,0,0,0,0,0,0,0,0,0,0,0,0,0,0,0,0,0,0,0,0
2278,부동산신탁,12306,코리아신탁,B,SM005,요약재무상태표(‘11.03월 이후),A30,Ⅲ. 파생상품자산_이자율관련,0,0,0,0,0,0,0,0,0,0,0,0,0,0,0,0,0,0,0,0,0,0,0,0,0,0,0,0,0,0,0,0,0,0,0,0,0,0,0,0,0,0,0,0,0,0,0,0,0,0,0,0,0,0
2279,부동산신탁,12306,코리아신탁,B,SM005,요약재무상태표(‘11.03월 이후),A31,Ⅲ. 파생상품자산_통화관련,0,0,0,0,0,0,0,0,0,0,0,0,0,0,0,0,0,0,0,0,0,0,0,0,0,0,0,0,0,0,0,0,0,0,0,0,0,0,0,0,0,0,0,0,0,0,0,0,0,0,0,0,0,0
2280,부동산신탁,12306,코리아신탁,B,SM005,요약재무상태표(‘11.03월 이후),A32,Ⅲ. 파생상품자산_주식관련,0,0,0,0,0,0,0,0,0,0,0,0,0,0,0,0,0,0,0,0,0,0,0,0,0,0,0,0,0,0,0,0,0,0,0,0,0,0,0,0,0,0,0,0,0,0,0,0,0,0,0,0,0,0
2281,부동산신탁,12306,코리아신탁,B,SM005,요약재무상태표(‘11.03월 이후),A33,Ⅲ. 파생상품자산_신용관련,0,0,0,0,0,0,0,0,0,0,0,0,0,0,0,0,0,0,0,0,0,0,0,0,0,0,0,0,0,0,0,0,0,0,0,0,0,0,0,0,0,0,0,0,0,0,0,0,0,0,0,0,0,0
2282,부동산신탁,12306,코리아신탁,B,SM005,요약재무상태표(‘11.03월 이후),A34,Ⅲ. 파생상품자산_상품관련,0,0,0,0,0,0,0,0,0,0,0,0,0,0,0,0,0,0,0,0,0,0,0,0,0,0,0,0,0,0,0,0,0,0,0,0,0,0,0,0,0,0,0,0,0,0,0,0,0,0,0,0,0,0
2283,부동산신탁,12306,코리아신탁,B,SM005,요약재무상태표(‘11.03월 이후),A35,Ⅲ. 파생상품자산_기타파생상품자산,0,0,0,0,0,0,0,0,0,0,0,0,0,0,0,0,0,0,0,0,0,0,0,0,0,0,0,0,0,0,0, ,0,0,0,0,0,0,0,0,0,0,0,0,0,0,0,0,0,0,0,0,0,0
2284,부동산신탁,12306,코리아신탁,B,SM005,요약재무상태표(‘11.03월 이후),A36,Ⅲ. 파생상품자산_파생상품Ⅲ. 파생상품자산_신용위험평가조정액,0,0,0,0,0,0,0,0,0,0,0,0,0,0,0,0,0,0,0,0,0,0,0,0,0,0,0,0,0,0,0, ,0,0,0,0,0,0,0,0,0,0,0,0,0,0,0,0,0,0,0,0,0,0
2285,부동산신탁,12306,코리아신탁,B,SM005,요약재무상태표(‘11.03월 이후),A37,Ⅲ. 파생상품자산_파생상품Ⅲ. 파생상품자산_거래일손익인식평가조정액,0,0,0,0,0,0,0,0,0,0,0,0,0,0,0,0,0,0,0,0,0,0,0,0,0,0,0,0,0,0,0, ,0,0,0,0,0,0,0,0,0,0,0,0,0,0,0,0,0,0,0,0,0,0
2286,부동산신탁,12306,코리아신탁,B,SM005,요약재무상태표(‘11.03월 이후),A4,Ⅳ. 대출채권,160683716,159065852,150185336,141214895,141939862,142674875,114790651,117083334,105833336,93333338,140659166,53333340,28333342,19583344,40833346,103333348,100000000,1650000000,3829043061,6137740173,1631061643,5005409816,4713123209,3889129259,10205568275,16172564227,21675435799,27842788592,31740148815,28795421696,24302601074,27657079189,49195145254,67205768727,39205942389,36526630507,44160612994,29159524032,36800950047,40786644235,50955281243,37565227377,28683714989,29549430918,29203322065,40583333283,43260800240,60867683038,57174671489,86748026503,100148708004,126587033043,141494902989,161541531915
2287,부동산신탁,12306,코리아신탁,B,SM005,요약재무상태표(‘11.03월 이후),A40,Ⅳ. 대출채권_(현재가치할인차금)(-), ,10934148,9814664,8785105,8060138,7325125,-5029349,0,0,0,0,0,0,0,0,0,0,0,0,0,0,0,0,0,0,0,0,0,0,0,0, ,0,0,0,0,0,0,0,0,0,0,0,0,0,0,0,0,0,0,0,0,0,0
2288,부동산신탁,12306,코리아신탁,B,SM005,요약재무상태표(‘11.03월 이후),A41,Ⅳ. 대출채권_(현재가치할증차금)(+),0,0,0,0,0,0,0,0,0,0,0,0,0,0,0,0,0,0,0,0,0,0,0,0,0,0,0,0,0,0,0, ,0,0,0,0,0,0,0,0,0,0,0,0,0,0,0,0,0,0,0,0,0,0
2289,부동산신탁,12306,코리아신탁,B,SM005,요약재무상태표(‘11.03월 이후),A42,Ⅳ. 대출채권_(이연대출부대손익),0,0,0,0,0,0,0,0,0,0,0,0,0,0,0,0,0,0,0,0,0,0,0,0,0,0,0,0,0,0,0, ,0,0,0,0,0,0,0,0,0,0,0,0,0,0,0,0,0,0,0,0,0,0
2290,부동산신탁,12306,코리아신탁,B,SM005,요약재무상태표(‘11.03월 이후),A43,Ⅳ. 대출채권_대여금,160683716,159065852,150185336,141214895,141939862,142674875,114790651,117083334,105833336,93333338,82500006,53333340,28333342,19583344,40833346,103333348,100000000,100000000,120000000,150000000,140000000,140000000,140000000,180000000,170000000,170000000,220000000,220000000,218888888,217222220,145555552,163888884,162222216,205555548,203888880,157222212,145555544,143888876,172222208,170555540,80000000,198333332,236666664,371805552,369555552,367305552,415055552,412805552,688555552,1133944439,1292499991,1635916669,2017111099,2054194429
2291,부동산신탁,12306,코리아신탁,B,SM005,요약재무상태표(‘11.03월 이후),A44,Ⅳ. 대출채권_대지급금,0,0,0,0,0,0,0,0,0,0,0,0,0,0,0,0,0,0,0,0,0,0,0,0,0,0,0,0,0,0,0,0,0,0,0,0,0,0,0,0,0,0,0,0,0,0,0,0,0,0,0,0,0,0
2292,부동산신탁,12306,코리아신탁,B,SM005,요약재무상태표(‘11.03월 이후),A45,Ⅳ. 대출채권_신탁계정대,0,0,0,0,0,0,0,0,0,0,58159160,58159160,58159160,27525137,27525137,27525137,27525137,1577525137,4015743482,6397810755,1518586780,4892934953,4573123209,3709129259,10335568275,16602564227,22451719978,28083415592,32914923927,29865700476,25112974522,28267474305,50408429038,69487175179,40675204509,38247324295,46475153450,31822831156,39616623839,43865789695,53733604243,40190137045,28970975325,29543157366,29042876513,40623427731,43287063688,61533535486,58291364937,91365112064,120381650013,150171613374,167374441890,195312803486
2293,부동산신탁,12306,코리아신탁,B,SM005,요약재무상태표(‘11.03월 이후),A46,Ⅳ. 대출채권_기타 대출채권,0,0,0,0,0,0,0,0,0,0,0,0,0,0,0,0,0,0,0,0,0,0,0,0,0,0,0,0,0,0,0,0,0,0,0,0,0,0,0,0,0,0,0,0,0,0,0,0,0,0,0,0,0,0
2294,부동산신탁,12306,코리아신탁,B,SM005,요약재무상태표(‘11.03월 이후),A47,Ⅳ. 대출채권_대손충당금(-),0,0,0,0,0,0,0,0,0,0,0,58159160,58159160,27525137,27525137,27525137,27525137,27525137,306700421,410070582,27525137,27525137,0,0,300000000,600000000,996284179,460627000,1393664000,1287501000,955929000,774284000,1375506000,2486962000,1673151000,1877916000,2460096000,2807196000,2987896000,3249701000,2858323000,2823243000,523927000,365532000,209110000,407400000,441319000,1078658000,1805249000,5751030000,21525442000,25220497000,27896650000,35825466000
2295,부동산신탁,12306,코리아신탁,B,SM005,요약재무상태표(‘11.03월 이후),A470,Ⅳ. 대출채권_대손충당금(-)_대여금대손충당금,0,0,0,0,0,0,0,0,0,0,0,0,0,0,0,0,0,0,0,0,0,0,0,0,0,0,0,0,0,0,0, ,0,0,0,0,0,0,0,0,0,0,0,0,0,0,0,0,0,0,0,0,0,0
2296,부동산신탁,12306,코리아신탁,B,SM005,요약재무상태표(‘11.03월 이후),A471,Ⅳ. 대출채권_대손충당금(-)_대지급금대손충당금,0,0,0,0,0,0,0,0,0,0,0,0,0,0,0,0,0,0,0,0,0,0,0,0,0,0,0,0,0,0,0, ,0,0,0,0,0,0,0,0,0,0,0,0,0,0,0,0,0,0,0,0,0,0
2297,부동산신탁,12306,코리아신탁,B,SM005,요약재무상태표(‘11.03월 이후),A472,Ⅳ. 대출채권_대손충당금(-)_신탁계정대 대손충당금,0,0,0,0,0,0,0,0,0,0,0,58159160,58159160,27525137,27525137,27525137,27525137,27525137,306700421,410070582,27525137,27525137,0,0,300000000,600000000,996284179,460627000,1393664000,1287501000,955929000,774284000,1375506000,2486962000,1673151000,1877916000,2460096000,2807196000,2987896000,3249701000,2858323000,2823243000,523927000,365532000,209110000,407400000,441319000,1078658000,1805249000,5751030000,21525442000,25220497000,27896650000,35825466000
2298,부동산신탁,12306,코리아신탁,B,SM005,요약재무상태표(‘11.03월 이후),A473,Ⅳ. 대출채권_대손충당금(-)_기타 대손충당금,0,0,0,0,0,0,0,0,0,0,0,0,0,0,0,0,0,0,0,0,0,0,0,0,0,0,0,0,0,0,0,0,0,0,0,0,0,0,0,0,0,0,0,0,0,0,0,0,0,0,0,0,0,0
2299,부동산신탁,12306,코리아신탁,B,SM005,요약재무상태표(‘11.03월 이후),A5,Ⅴ. 유형자산,585430339,536705161,492121610,450827397,402171986,358131787,332286596,315503252,268722136,217414551,219265804,208926421,191531647,292540375,118908472,207394667,197445834,237941110,445807538,452466985,455698206,440022605,410951334,571737045,535727673,586390250,545859330,765733113,709707706,700839524,653653860,4193378233,3829299699,4227565652,5110942136,4689581106,4170723042,3836919743,4664985832,3944735076,3223522314,2566722785,1978354284,8459848325,12080475817,10046727530,9532911845,8737918549,7894396646,6979502928,6117532747,3085165954,2330001501,1501976388
2300,부동산신탁,12306,코리아신탁,B,SM005,요약재무상태표(‘11.03월 이후),A50,유형자산_(손상차손누계액),0,0,0,0,0,0,0,0,0,0,0,0,0,0,0,0,0,0,0,0,0,0,0,0,0,0,0,0,0,0,0, ,0,0,0,0,0,0,0,0,0,0,0,0,0,0,0,0,0,0,0,0,0,0
2301,부동산신탁,12306,코리아신탁,B,SM005,요약재무상태표(‘11.03월 이후),A51,유형자산__토지,0,0,0,0,0,0,0,0,0,0,0,0,0,0,0,0,0,0,0,0,0,0,0,0,0,0,0,0,0,0,0, ,0,0,0,0,0,0,0,0,0,0,0,0,0,0,0,0,0,0,0,0,0,0
2302,부동산신탁,12306,코리아신탁,B,SM005,요약재무상태표(‘11.03월 이후),A52,유형자산_건물,0,0,0,0,0,0,0,0,0,0,0,0,0,0,0,0,0,0,0,0,0,0,0,0,0,0,0,0,0,0,0, ,0,0,0,0,0,0,0,0,0,0,0,0,0,0,0,0,0,0,0,0,0,0
2303,부동산신탁,12306,코리아신탁,B,SM005,요약재무상태표(‘11.03월 이후),A53,유형자산_구축물,0,0,0,0,0,0,0,0,0,0,0,0,0,0,0,0,0,0,0,0,0,0,0,0,0,0,0,0,0,0,0, ,0,0,815000000,815000000,815000000,815000000,1464600000,1513120000,1513120000,1513120000,1545410000,1545410000,1545410000,2239210000,2239210000,2310282000,2343842000,2363132000,2760602700,1977802700,1977802700,1977802700
2304,부동산신탁,12306,코리아신탁,B,SM005,요약재무상태표(‘11.03월 이후),A54,유형자산_차량운반구,0,0,0,0,0,0,0,0,0,0,0,0,0,0,0,0,0,0,0,0,0,0,0,0,0,0,0,0,0,0,0, ,0,0,0,0,0,0,0,0,0,0,0,0,0,0,0,0,0,0,0,0,0,0
2305,부동산신탁,12306,코리아신탁,B,SM005,요약재무상태표(‘11.03월 이후),A55,유형자산_비품,974507660,974507660,978779979,986574979,987259524,992627705,1016625887,1039571996,1044731996,1045509451,1100395451,1146960451,1177467906,1293823361,1119381361,1219929361,1224524361,1281464361,1511074089,1541516290,1575214472,1591250835,1594010835,1792870835,1798263562,1894186562,1899586562,2172376562,2173239280,2221993280,2189736554,2341028554,2346547309,2373367309,2587620338,2628126211,2649562756,2748748938,2752941847,2789421665,2848807165,2904387665,2983408847,3009658847,3067307938,3176581248,3204305248,3237565248,3241515248,2139850149,1742379449,1773264018,1773264018,1773264018
2306,부동산신탁,12306,코리아신탁,B,SM005,요약재무상태표(‘11.03월 이후),A56,유형자산_건설중인자산,0,0,0,0,0,0,0,0,0,0,0,0,0,0,0,0,0,0,0,0,0,0,0,0,0,0,0,0,0,0,0, ,0,0,0,0,0,0,0,0,0,0,0,0,0,0,0,0,0,0,0,0,0,0
2307,부동산신탁,12306,코리아신탁,B,SM005,요약재무상태표(‘11.03월 이후),A57,유형자산_운용리스자산(종금계정),0,0,0,0,0,0,0,0,0,0,0,0,0,0,0,0,0,0,0,0,0,0,0,0,0,0,0,0,0,0,0, ,0,0,0,0,0,0,0,0,0,0,0,0,0,0,0,0,0,0,0,0,0,0
2308,부동산신탁,12306,코리아신탁,B,SM005,요약재무상태표(‘11.03월 이후),A58,유형자산_선급리스자산(종금계정),0,0,0,0,0,0,0,0,0,0,0,0,0,0,0,0,0,0,0,0,0,0,0,0,0,0,0,0,0,0,0, ,0,0,0,0,0,0,0,0,0,0,0,0,0,0,0,0,0,0,0,0,0,0
2309,부동산신탁,12306,코리아신탁,B,SM005,요약재무상태표(‘11.03월 이후),A59,유형자산_기타,0,0,0,0,0,0,0,0,0,0,0,0,0,0,0,0,0,0,0,4000000,4000000,4000000,4000000,4000000,4000000,4000000,4000000,4000000,4000000,4000000,4000000,3769784032,3769784032,4562606886,4923763890,5026824510,5026824510,5166034084,6085350732,6090664870,6090664870,6162793476,6255821335,8194571799,12485716742,10498890069,10885003444,10912960448,10965165241,10882906194,10987985606,8455661405,8530202327,8530202327
2310,부동산신탁,12306,코리아신탁,B,SM005,요약재무상태표(‘11.03월 이후),A5A,유형자산_감가상각누계액(-),389077321,437802499,486658369,535747582,585087538,634495918,684339291,724068744,776009860,828094900,881129647,938034030,985936259,1001282986,1000472889,1012534694,1027078527,1043523251,1065266551,1093049305,1123516266,1155228230,1187059501,1225133790,1266535889,1311796312,1357727232,1410643449,1467531574,1525153756,1540082694,1917434353,2287031642,2708408543,3215442092,3780369615,4320664224,4892863279,5637906747,6448471459,7229069721,8013578356,8806285898,4289792321,5017958863,5867953787,6795606847,7722889147,8656125843,8406385415,9373435008,9121562169,9951267544,10779292657
2311,부동산신탁,12306,코리아신탁,B,SM005,요약재무상태표(‘11.03월 이후),A5A0,유형자산__감가상각누계액(-)_건물,0,0,0,0,0,0,0,0,0,0,0,0,0,0,0,0,0,0,0,0,0,0,0,0,0,0,0,0,0,0,0, ,0,0,0,0,0,0,0,0,0,0,0,0,0,0,0,0,0,0,0,0,0,0
2312,부동산신탁,12306,코리아신탁,B,SM005,요약재무상태표(‘11.03월 이후),A5A1,유형자산_감가상각누계액(-)_구축물,0,0,0,0,0,0,0,0,0,0,0,0,0,0,0,0,0,0,0,0,0,0,0,0,0,0,0,0,0,0,0, ,0,0,13583333,54333332,95083331,135833330,187410000,262882001,338538002,414194003,490926338,568196840,645467342,745864510,857825003,970970037,1087602803,1205437902,1610203408,1483200883,1575613061,1667673734
2313,부동산신탁,12306,코리아신탁,B,SM005,요약재무상태표(‘11.03월 이후),A5A2,유형자산_감가상각누계액(-)_차량운반구,0,0,0,0,0,0,0,0,0,0,0,0,0,0,0,0,0,0,0,0,0,0,0,0,0,0,0,0,0,0,0, ,0,0,0,0,0,0,0,0,0,0,0,0,0,0,0,0,0,0,0,0,0,0
2314,부동산신탁,12306,코리아신탁,B,SM005,요약재무상태표(‘11.03월 이후),A5A3,유형자산_감가상각누계액(-)_비품,389077321,437802499,486658369,535747582,585087538,634495918,684339291,724068744,776009860,828094900,881129647,938034030,985936259,1001282986,1000472889,1012534694,1027078527,1043523251,1065266551,1093049305,1123516266,1155228230,1187059501,1225133790,1266535889,1311796312,1357727232,1410643449,1467531574,1525153756,1540082694,1599737405,1651592946,1717679805,1782959485,1860083541,1909711887,1986612151,2060028976,2126061176,2193390171,2262201820,2334170114,2401788282,2468118621,2537083834,2605772351,2666503564,2723977150,1642216572,1412626509,1449279201,1486330407,1522052856
2315,부동산신탁,12306,코리아신탁,B,SM005,요약재무상태표(‘11.03월 이후),A5A4,유형자산_감가상각누계액(-)_기타,0,0,0,0,0,0,0,0,0,0,0,0,0,0,0,0,0,0,0,0, , , , , , , ,0,0,0,0,317696948,635438696,990728738,1418899274,1865952742,2315869006,2770417798,3390467771,4059528282,4697141548,5337182533,5981189446,1319807199,1904372900,2585005443,3332009493,4085415546,4844545890,5558730941,6350605091,6189082085,6889324076,7589566067
2316,부동산신탁,12306,코리아신탁,B,SM005,요약재무상태표(‘11.03월 이후),A5A5,유형자산_감가상각누계액(종금계정)(-),0,0,0,0,0,0,0,0,0,0,0,0,0,0,0,0,0,0,0,0,0,0,0,0,0,0,0,0,0,0,0, ,0,0,0,0,0,0,0,0,0,0,0,0,0,0,0,0,0,0,0,0,0,0
2317,부동산신탁,12306,코리아신탁,B,SM005,요약재무상태표(‘11.03월 이후),A5A6,유형자산_처분손실충당금(종금계정)(-),0,0,0,0,0,0,0,0,0,0,0,0,0,0,0,0,0,0,0,0,0,0,0,0,0,0,0,0,0,0,0, ,0,0,0,0,0,0,0,0,0,0,0,0,0,0,0,0,0,0,0,0,0,0
2318,부동산신탁,12306,코리아신탁,B,SM005,요약재무상태표(‘11.03월 이후),A6,Ⅵ. CMA운용자산(종금계정),0,0,0,0,0,0,0,0,0,0,0,0,0,0,0,0,0,0,0,0,0,0,0,0,0,0,0,0,0,0,0,0,0,0,0,0,0,0,0,0,0,0,0,0,0,0,0,0,0,0,0,0,0,0
2319,부동산신탁,12306,코리아신탁,B,SM005,요약재무상태표(‘11.03월 이후),A7,Ⅶ. 리스자산(종금계정),0,0,0,0,0,0,0,0,0,0,0,0,0,0,0,0,0,0,0,0,0,0,0,0,0,0,0,0,0,0,0,0,0,0,0,0,0,0,0,0,0,0,0,0,0,0,0,0,0,0,0,0,0,0
2320,부동산신탁,12306,코리아신탁,B,SM005,요약재무상태표(‘11.03월 이후),A8,Ⅷ. 기타자산,1171629748,1117280167,1175152779,1293421762,1632494420,1347924928,1921183781,1630101929,1698362433,1756790267,2068337672,1820606838,2024427956,2544890417,2186392365,2627995364,2876622712,2981660158,3178821846,3379072629,4254534023,5950155767,5845962139,6318101424,6888973676,16705101034,35516586590,9822570237,10671248549,10377449593,11201129182,10471737105,11172599759,13008468468,11811449854,11338612310,11948534151,12080397203,11777082283,13396118134,13617899525,14957878367,16501896142,17122530664,19978597307,23520982327,27172974449,30516651318,31632071371,32662645273,35296057806,35188280446,32963032359,35787096472
2321,부동산신탁,12306,코리아신탁,B,SM005,요약재무상태표(‘11.03월 이후),A80,Ⅷ. 기타자산_(현재가치할인차금)(-),0,0,0,0,0,0,0,0,0,0,0,0,0,0,0,0,0,0,0,0,0,0,0,0,0,0,0,0,0,0,0, ,0,0,0,0,0,0,0,0,0,0,0,0,0,0,0,0,0,0,0,0,0,0
2322,부동산신탁,12306,코리아신탁,B,SM005,요약재무상태표(‘11.03월 이후),A81,Ⅷ. 기타자산_(현재가치할증차금)(+),0,0,0,0,0,0,0,0,0,0,0,0,0,0,0,0,0,0,0,0,0,0,0,0,0,0,0,0,0,0,0, ,0,0,0,0,0,0,0,0,0,0,0,0,0,0,0,0,0,0,0,0,0,0
2323,부동산신탁,12306,코리아신탁,B,SM005,요약재무상태표(‘11.03월 이후),A82,Ⅷ. 기타자산_미수금,185470302,173637237,252755521,365315364,700809299,715479847,1136626635,849057710,932436075,1107087237,1389021469,1288240842,402753670,832614514,379658583,589694677,928499560,871864820,1124158622,1197454609,1428779806,2061083781,1827589117,1958805228,2330018429,11921680753,29656132297,2886833770,3541851703,3496655828,4759392460,4073177516,5068990903,5282400514,5265243779,6191784787,7719311135,6441527968,7377308702,8279660618,7905031017,9927818348,10044745289,9736412452,11466128004,12755067226,11868137951,12906656269,14396889955,15880023885,16054048164,18406411463,19375210562,21109160529
2324,부동산신탁,12306,코리아신탁,B,SM005,요약재무상태표(‘11.03월 이후),A820,Ⅷ. 기타자산_미수금_신탁보수미수금,185470302,173637237,252755521,327379744,699640289,714381577,845979304,745915090,926936075,1089076077,1372645719,1253100886,321300000,742900000,277050000,488750000,825950000,775530000,903450000,884300000,1160200000,1868720700,1612801221,1552590000,1706774000,2220974000,2510074000,2135474000,2992221723,2931894000,3256444000,2280206500,3195489193,3202278032,2510189097,3177264420,4475691563,3774428743,4171864420,3976113320,3850170500,4547727260,3126256493,2914019493,4527725508,5470610493,4839818507,5676810493,7625570493,8545500493,10343112993,12227986081,12154951881,13628287181
2325,부동산신탁,12306,코리아신탁,B,SM005,요약재무상태표(‘11.03월 이후),A821,Ⅷ. 기타자산_미수금_기타,0,0,0,37935620,1169010,1098270,290647331,103142620,5500000,18011160,16375750,35139956,81453670,89714514,102608583,100944677,102549560,96334820,220708622,313154609,268579806,192363081,214787896,406215228,623244429,9700706753,27146058297,751359770,549629980,564761828,1502948460,1792971016,1873501710,2080122482,2755054682,3014520367,3243619572,2667099225,3205444282,4303547298,4054860517,5380091088,6918488796,6822392959,6938402496,7284456733,7028319444,7229845776,6771319462,7334523392,5710935171,6178425382,7220258681,7480873348
2326,부동산신탁,12306,코리아신탁,B,SM005,요약재무상태표(‘11.03월 이후),A83,Ⅷ. 기타자산_미수수익,64681960,37156164,57013699,58658219,82759726,65616438,86785205,63939863,111874737,58991781,89941545,97691485,1233220898,1322789371,1191375837,1374225517,1227369258,1427394085,1311498798,1505996872,2502108377,3472685202,3618221566,4518203598,5031009404,5900017883,6794485123,7842964624,7596570440,7303133783,7441777010,7324444168,7426087316,9223241349,7874722518,6571808625,6551894372,7092590036,6388598667,7385179925,7683047738,7205712011,6809331669,8433451789,9436375585,10175734926,11715409164,14249228816,15748799615,16858051112,18342300197,20865463037,19835829271,19655228308
2327,부동산신탁,12306,코리아신탁,B,SM005,요약재무상태표(‘11.03월 이후),A830,Ⅷ. 기타자산_미수수익_미수수수료,0,0,0,0,0,0,0,0,0,0,0,0,1129180288,1210209618,1099174604,1286557160,1143434737,1348640523,1244682222,1442960846,2429000707,3397448765,3546951154,4450338256,4943953651,5836610488,6693218274,7779969147,7541050204,7233279309,7381155504,7247045706,7344242624,9166195064,7838324342,6528353584,6524133275,7039390314,6248275111,7139411155,7329384037,6997638463,6531698928,7983900419,8810487505,9637960956,10578677458,12810945828,13750356089,15591900755,16047979126,17800698160,16552560820,16235125826
2328,부동산신탁,12306,코리아신탁,B,SM005,요약재무상태표(‘11.03월 이후),A831,Ⅷ. 기타자산_미수수익_미수이자,64681960,37156164,57013699,58658219,82759726,65616438,86785205,63939863,111874737,58991781,89941545,97691485,104040610,112579753,92201233,87668357,83934521,78753562,66816576,63036026,73107670,75236437,71270412,67865342,87055753,63407395,101266849,62995477,55520236,69854474,60621506,77398462,81844692,57046285,36398176,43455041,27761097,53199722,140323556,245768770,353663701,208073548,277632741,449551370,625888080,537773970,1136731706,1438282988,1998443526,1266150357,2294321071,3064764877,3283268451,3420102482
2329,부동산신탁,12306,코리아신탁,B,SM005,요약재무상태표(‘11.03월 이후),A832,Ⅷ. 기타자산_미수수익_미수배당금,0,0,0,0,0,0,0,0,0,0,0,0,0,0,0,0,0,0,0,0,0,0,0,0,0,0,0,0,0,0,0, ,0,0,0,0,0,0,0,0,0,0,0,0,0,0,0,0,0,0,0,0,0,0
2330,부동산신탁,12306,코리아신탁,B,SM005,요약재무상태표(‘11.03월 이후),A833,Ⅷ. 기타자산_미수수익_미수분배금,0,0,0,0,0,0,0,0,0,0,0,0,0,0,0,0,0,0,0,0,0,0,0,0,0,0,0,0,0,0,0, ,0,0,0,0,0,0,0,0,0,0,0,0,0,0,0,0,0,0,0,0,0,0
2331,부동산신탁,12306,코리아신탁,B,SM005,요약재무상태표(‘11.03월 이후),A834,Ⅷ. 기타자산_미수수익_기타,0,0,0,0,0,0,0,0,0,0,0,0,0,0,0,0,0,0,0,0,0,0,0,0,0,0,0,0,0,0,0, ,0,0,0,0,0,0,0,0,0,0,0,0,0,0,0,0,0,0,0,0,0,0
2332,부동산신탁,12306,코리아신탁,B,SM005,요약재무상태표(‘11.03월 이후),A84,Ⅷ. 기타자산_선급금,0,0,0,0,2504535,0,5554840,0,0,0,0,0,0,0,0,0,0,0,0,28594260,29795000,16847000,9142500,6571500,37606500,23937500,152490000,106558000,205051568,223431568,233200868,322906434,392867149,226944328,199320458,226718684,201968591,566737156,204507126,534742126,513165959,1096933064,1074599931,1411681264,1749114931,1354647690,1307188930,1548354930,1484548931,1438114264,1221150597,1241374930,1143760264,1094800264
2333,부동산신탁,12306,코리아신탁,B,SM005,요약재무상태표(‘11.03월 이후),A85,Ⅷ. 기타자산_선급비용,47956286,41517566,31959762,22892408,13987379,7832350,6242775,0,0,2897600,0,0,0,1071380,99980820,0,0,1535000,8204919,5594264,2983608,344264,7378770,5048630,2692600,310680,6871230,4701370,2507400,289320,6387120,4370140,2330740,268930,6519860,4438080,2356300,251640,6168490,4220550,2250960,20024242,25429168,22988347,20520399,18025335,23430264,22089443,19621495,17126431,22281499,18803032,16420034,14010840
2334,부동산신탁,12306,코리아신탁,B,SM005,요약재무상태표(‘11.03월 이후),A86,Ⅷ. 기타자산_선급제세,4135303,4135303,4135303,4135303,3115013,3115013,3115013,0,0,0,0,0,0,0,0,0,0,0,0,0,0,0,0,0,0,0,0,0,0,0,0,0,0,0,0,0,0,0,0,5297530,12568710,19838740,0,7451100,14996700,37441466,92401106,435794372,10787700,16181550,0,5393850,10787700,16181550
2335,부동산신탁,12306,코리아신탁,B,SM005,요약재무상태표(‘11.03월 이후),A87,Ⅷ. 기타자산_대리점,0,0,0,0,0,0,0,0,0,0,0,0,0,0,0,0,0,0,0,0,0,0,0,0,0,0,0,0,0,0,0, ,0,0,0,0,0,0,0,0,0,0,0,0,0,0,0,0,0,0,0,0,0,0
2336,부동산신탁,12306,코리아신탁,B,SM005,요약재무상태표(‘11.03월 이후),A88,Ⅷ. 기타자산_본.지점,0,0,0,0,0,0,0,0,0,0,0,0,0,0,0,0,0,0,0,0,0,0,0,0,0,0,0,0,0,0,0, ,0,0,0,0,0,0,0,0,0,0,0,0,0,0,0,0,0,0,0,0,0,0
2337,부동산신탁,12306,코리아신탁,B,SM005,요약재무상태표(‘11.03월 이후),A89,Ⅷ. 기타자산_보증금,442167000,433615000,433915000,451815000,438713000,438713000,438713000,434547000,434547000,434547000,434547000,430715000,430715000,430715000,430715000,430715000,456311000,456311000,590081000,593813000,586231000,586231000,586231000,665661000,665661000,665661000,665661000,667341000,680827000,680827000,680827000,699119666,705509601,918821471,908681591,953495466,961545314,987021924,1372620891,1363792017,1371846219,1380465083,1390101181,1342578862,1990688743,2024998300,2188671252,2250159412,2327496319,2347972011,2368577414,1691233417,1712597298,1728198698
2338,부동산신탁,12306,코리아신탁,B,SM005,요약재무상태표(‘11.03월 이후),A890,Ⅷ. 기타자산_보증금_전세권,0,0,0,0,0,0,0,0,0,0,0,0,0,0,0,0,0,0,0,0,0,0,0,0,0,0,0,0,0,0,0, ,0,0,0,0,0,0,0,0,0,0,0,0,0,0,0,0,0,0,0,0,0,0
2339,부동산신탁,12306,코리아신탁,B,SM005,요약재무상태표(‘11.03월 이후),A891,Ⅷ. 기타자산_보증금_전신전화가입권,0,0,0,0,0,0,0,0,0,0,0,0,0,0,0,0,0,0,0,0,0,0,0,0,0,0,0,0,0,0,0, ,0,0,0,0,0,0,0,0,0,0,0,0,0,0,0,0,0,0,0,0,0,0
2340,부동산신탁,12306,코리아신탁,B,SM005,요약재무상태표(‘11.03월 이후),A892,Ⅷ. 기타자산_보증금_임차보증금,408265000,408265000,408265000,408265000,408265000,408265000,408265000,408265000,408265000,408265000,408265000,408265000,408265000,408265000,408265000,408265000,408265000,408265000,542035000,542035000,542035000,542035000,542035000,621465000,621465000,621465000,621465000,621465000,621465000,621465000,621465000,698449666,703339601,918151471,908011591,952825466,959375314,984851924,1370450891,1361622017,1338096219,1362655083,1387931181,1340408862,1988518743,2022828300,2186501252,2247607746,2324836434,2345203907,2365701091,1688248875,1709504537,1724997718
2341,부동산신탁,12306,코리아신탁,B,SM005,요약재무상태표(‘11.03월 이후),A893,Ⅷ. 기타자산_보증금_회원보증금,0,0,0,0,0,0,0,0,0,0,0,0,0,0,0,0,0,0,0,0,0,0,0,0,0,0,0,0,0,0,0, ,0,0,0,0,0,0,0,0,0,0,0,0,0,0,0,0,0,0,0,0,0,0
2342,부동산신탁,12306,코리아신탁,B,SM005,요약재무상태표(‘11.03월 이후),A894,Ⅷ. 기타자산_보증금_기타,33902000,25350000,25650000,43550000,30448000,30448000,30448000,26282000,26282000,26282000,26282000,22450000,22450000,22450000,22450000,22450000,48046000,48046000,48046000,51778000,44196000,44196000,44196000,44196000,44196000,44196000,44196000,45876000,59362000,59362000,59362000,670000,2170000,670000,670000,670000,2170000,2170000,2170000,2170000,33750000,17810000,2170000,2170000,2170000,2170000,2170000,2551666,2659885,2768104,2876323,2984542,3092761,3200980
2343,부동산신탁,12306,코리아신탁,B,SM005,요약재무상태표(‘11.03월 이후),A8A,Ⅷ. 기타자산_투자부동산,0,0,0,0,0,0,0,0,0,0,0,0,0,0,0,0,0,0,0,0,0,0,0,0,0,0,0,0,0,0,0,0,0,0,0,0,0,0,0,0,0,0,0,0,0,0,0,0,0,0,0,0,0,0
2344,부동산신탁,12306,코리아신탁,B,SM005,요약재무상태표(‘11.03월 이후),A8A0,Ⅷ. 기타자산_투자부동산_(손상차손누계액),0,0,0,0,0,0,0,0,0,0,0,0,0,0,0,0,0,0,0,0,0,0,0,0,0,0,0,0,0,0,0, ,0,0,0,0,0,0,0,0,0,0,0,0,0,0,0,0,0,0,0,0,0,0
2345,부동산신탁,12306,코리아신탁,B,SM005,요약재무상태표(‘11.03월 이후),A8A1,Ⅷ. 기타자산_투자부동산_토지,0,0,0,0,0,0,0,0,0,0,0,0,0,0,0,0,0,0,0,0,0,0,0,0,0,0,0,0,0,0,0, ,0,0,0,0,0,0,0,0,0,0,0,0,0,0,0,0,0,0,0,0,0,0
2346,부동산신탁,12306,코리아신탁,B,SM005,요약재무상태표(‘11.03월 이후),A8A2,Ⅷ. 기타자산_투자부동산_건물,0,0,0,0,0,0,0,0,0,0,0,0,0,0,0,0,0,0,0,0,0,0,0,0,0,0,0,0,0,0,0, ,0,0,0,0,0,0,0,0,0,0,0,0,0,0,0,0,0,0,0,0,0,0
2347,부동산신탁,12306,코리아신탁,B,SM005,요약재무상태표(‘11.03월 이후),A8A3,Ⅷ. 기타자산_투자부동산_건물감가상각누계액(-),0,0,0,0,0,0,0,0,0,0,0,0,0,0,0,0,0,0,0,0,0,0,0,0,0,0,0,0,0,0,0, ,0,0,0,0,0,0,0,0,0,0,0,0,0,0,0,0,0,0,0,0,0,0
2348,부동산신탁,12306,코리아신탁,B,SM005,요약재무상태표(‘11.03월 이후),A8B,Ⅷ. 기타자산_무형자산,543706950,543706950,543706950,543706950,543706950,290000000,260000000,260000000,260000000,260000000,260000000,260000000,260000000,260000000,530867810,567088657,602962669,609735015,505339869,511129880,507502055,538380063,521470955,505377096,478200971,451058312,423915685,420856857,392933696,383794533,363226460,352874852,325197540,576111393,547746761,521507654,503430378,553568601,577147663,634347257,958617730,1111954955,1804470302,1756014647,1697051148,1611295131,1528401781,2169868342,2087346344,2008016271,1912716409,1818558572,1724514186,1635332964
2349,부동산신탁,12306,코리아신탁,B,SM005,요약재무상태표(‘11.03월 이후),A8B0,Ⅷ. 기타자산_무형자산_(손상차손누계액),0,0,0,0,0,0,0,0,0,0,0,0,0,0,0,0,0,0,0,0,0,0,0,0,0,0,0,0,0,0,0, ,0,0,0,0,0,0,0,0,0,0,0,0,0,0,0,0,0,0,0,0,0,0
2350,부동산신탁,12306,코리아신탁,B,SM005,요약재무상태표(‘11.03월 이후),A8B1,Ⅷ. 기타자산_무형자산_영업권,0,0,0,0,0,0,0,0,0,0,0,0,0,0,0,0,0,0,0,0,0,0,0,0,0,0,0,0,0,0,0, ,0,0,0,0,0,0,0,0,0,0,0,0,0,0,0,0,0,0,0,0,0,0
2351,부동산신탁,12306,코리아신탁,B,SM005,요약재무상태표(‘11.03월 이후),A8B2,Ⅷ. 기타자산_무형자산_개발비,0,0,0,0,0,0,0,0,0,0,0,0,0,0,0,0,0,0,0,0,0,0,0,0,0,0,0,0,0,0,0, ,0,0,0,0,0,0,0,0,0,0,0,0,0,0,0,0,0,0,0,0,0,0
2352,부동산신탁,12306,코리아신탁,B,SM005,요약재무상태표(‘11.03월 이후),A8B3,Ⅷ. 기타자산_무형자산_소프트웨어,0,0,0,0,0,0,0,0,0,0,0,0,0,0,270867810,307088657,342962669,349735015,328249869,324039880,320412055,351290063,334380955,318287096,291110971,263968312,236825685,233766857,205843696,196704533,176136460,165784852,138107540,389021393,360656761,354417654,336340378,386478601,410057663,467257257,791527730,816864955,1509380302,1460924647,1401961148,1316205131,1233311781,1174778342,1092256344,1012926271,917626409,823468572,729424186,640242964
2353,부동산신탁,12306,코리아신탁,B,SM005,요약재무상태표(‘11.03월 이후),A8B4,Ⅷ. 기타자산_무형자산_회원권,533706950,543706950,543706950,543706950,543706950,280000000,250000000,250000000,250000000,250000000,250000000,250000000,250000000,250000000,250000000,250000000,250000000,250000000,167090000,167090000,167090000,167090000,167090000,167090000,167090000,167090000,167090000,167090000,167090000,167090000,167090000,167090000,167090000,167090000,167090000,167090000,167090000,167090000,167090000,167090000,167090000,295090000,295090000,295090000,295090000,295090000,295090000,995090000,995090000,995090000,995090000,995090000,995090000,995090000
2354,부동산신탁,12306,코리아신탁,B,SM005,요약재무상태표(‘11.03월 이후),A8B5,Ⅷ. 기타자산_무형자산_기타,10000000,0,0,0,0,10000000,10000000,10000000,10000000,10000000,10000000,10000000,10000000,10000000,10000000,10000000,10000000,10000000,10000000,20000000,20000000,20000000,20000000,20000000,20000000,20000000,20000000,20000000,20000000,20000000,20000000,20000000,20000000,20000000,20000000,0,0,0,0,0,0,0,0,0,0,0,0,0,0,0,0,0,0,0
2355,부동산신탁,12306,코리아신탁,B,SM005,요약재무상태표(‘11.03월 이후),A8C,Ⅷ. 기타자산_가지급금,0,0,0,0,0,0,0,0,0,0,0,0,0,0,0,0,0,0,0,0,0,0,0,0,0,0,0,0,0,0,0, ,0,0,0,0,0,0,0,0,0,0,0,0,0,0,0,0,0,0,0,0,0,0
2356,부동산신탁,12306,코리아신탁,B,SM005,요약재무상태표(‘11.03월 이후),A8D,Ⅷ. 기타자산_이연법인세자산,0,0,0,0,0,0,210035123,231530286,217801719,235860455,287130624,204673418,203452295,203414059,91808222,93399320,104306032,116046045,289112712,303301245,359302718,397151781,239892041,262026374,251005603,287942966,230936095,340022168,330397343,563795327,415270465,471516488,329525245,356975005,555687938,608994454,559573619,637842488,641812734,560266939,572229076,693449501,806062016,941266203,643326992,876104933,1810553940,1702140786,1742986789,502314300,2881135555,2843543715,2617602800,2421270003
2357,부동산신탁,12306,코리아신탁,B,SM005,요약재무상태표(‘11.03월 이후),A8E,Ⅷ. 기타자산_일반상품,0,0,0,0,0,0,0,0,0,0,0,0,0,0,0,0,0,0,0,0,0,0,0,0,0,0,0,0,0,0,0, ,0,0,0,0,0,0,0,0,0,0,0,0,0,0,0,0,0,0,0,0,0,0
2358,부동산신탁,12306,코리아신탁,B,SM005,요약재무상태표(‘11.03월 이후),A8F,Ⅷ. 기타자산_기타,0,0,0,0,0,0,0,0,0,0,0,0,0,0,0,0,0,0,0,0,0,0,0,0,0,0,0,0,0,0,56480023,0,0,0,0,0,0,0,72878202,0,0,0,865987586,208406868,0,2050826144,4099339975,3510899987,3035454115,2640540397,2943163856,825822867,464350081,3024425305
2359,부동산신탁,12306,코리아신탁,B,SM005,요약재무상태표(‘11.03월 이후),A8G,Ⅷ. 기타자산_대손충당금(-),116488053,116488053,148333456,153101482,153101482,172831720,225888810,208972930,258297098,342593806,392302966,460713907,505713907,505713907,538013907,427127807,442825807,501225807,649574074,766811501,1162168541,1122567324,963963810,1603592002,1907220831,2545508060,2413904840,2446707552,2078890601,2274477766,2755432224,2776672159,3077908735,3576294522,3546473051,3740135440,4551545558,4199142610,4863960192,5371388828,5400857884,6498317577,6318831000,6737720868,7039605195,7383158824,7460559914,8278541039,9221859892,9045694948,10449315885,12528324437,13938039837,14911511989
2360,부동산신탁,12306,코리아신탁,B,SM005,요약재무상태표(‘11.03월 이후),A8G0,Ⅷ. 기타자산_대손충당금(-)_미수금대손충당금,0,116488053,148333456,153101482,153101482,172831720,225888810,208972930,258297098,342593806,392302966,460713907,135550000,135550000,149850000,56963900,62661900,96061900,284807223,380147328,563775599,528602636,476494042,876972394,1040774798,1182959913,1187235798,1070570733,1051381908,1162678756,1592102123,1632661800,1938408276,2221325200,2382950184,2769077024,3478503415,3098034745,3672639006,4114797370,4136906680,5230207161,5441627732,5797527764,6114126628,6394873291,6428732002,6739196021,7450065437,6676078823,7171059088,8194847365,9306955962,9930106707
2361,부동산신탁,12306,코리아신탁,B,SM005,요약재무상태표(‘11.03월 이후),A8G1,Ⅷ. 기타자산_대손충당금(-)_미수수익대손충당금,116488053,0,0,0,0,0,0,0,0,0,0,0,370163907,370163907,388163907,370163907,380163907,405163907,364766851,386664173,598392942,593964688,487469768,726619608,866446033,1362548147,1226669042,1376136819,1027508693,1111799010,1163330101,1144010359,1139500459,1354969322,1163522867,971058416,1073042143,1101107865,1191321186,1256591458,1263951204,1268110416,877203268,940193104,925478567,988285533,1031827912,1539345018,1771794455,2369616125,3278256797,4333477072,4631083875,4981405282
2362,부동산신탁,12306,코리아신탁,B,SM005,요약재무상태표(‘11.03월 이후),A8G10,Ⅷ. 기타자산_대손충당금(-)_미수수익대손충당금_미수수수료대손충당금,116488053, , , , , , , , , , , ,370163907,370163907,388163907,370163907,380163907,405163907,364766851,386664173,598392942,593964688,487469768,726619608,866446033,1362548147,1226669042,1376136819,1027508693,1111799010,1163330101,1144010359,1139500459,1354969322,1163522867,971058416,1073042143,1101107865,1191321186,1256591458,1263951204,1268110416,877203268,940193104,925478567,988285533,1031827912,1539345018,1751900626,2141817667,2173720820,2567899507,2736585421,2910818143
2363,부동산신탁,12306,코리아신탁,B,SM005,요약재무상태표(‘11.03월 이후),A8G11,Ⅷ. 기타자산_대손충당금(-)_미수수익대손충당금_미수이자대손충당금,0,0,0,0,0,0,0,0,0,0,0,0,0,0,0,0,0,0,0,0,0,0,0,0,0,0,0,0,0,0,0, ,0,0,0,0,0,0,0,0,0,0,0,0,0,0,0,0,19893829,227798458,1104535977,1765577565,1894498454,2070587139
2364,부동산신탁,12306,코리아신탁,B,SM005,요약재무상태표(‘11.03월 이후),A8G12,Ⅷ. 기타자산_대손충당금(-)_미수수익대손충당금_기타대손충당금,0,0,0,0,0,0,0,0,0,0,0,0,0,0,0,0,0,0,0,0,0,0,0,0,0,0,0,0,0,0,0, ,0,0,0,0,0,0,0,0,0,0,0,0,0,0,0,0,0,0,0,0,0,0
2365,부동산신탁,12306,코리아신탁,B,SM005,요약재무상태표(‘11.03월 이후),A8G2,Ⅷ. 기타자산_대손충당금(-)_선급금대손충당금,0,0,0,0,0,0,0,0,0,0,0,0,0,0,0,0,0,0,0,0,0,0,0,0,0,0,0,0,0,0,0, ,0,0,0,0,0,0,0,0,0,0,0,0,0,0,0,0,0,0,0,0,0,0
2366,부동산신탁,12306,코리아신탁,B,SM005,요약재무상태표(‘11.03월 이후),A8G3,Ⅷ. 기타자산_대손충당금(-)_기타대손충당금,0,0,0,0,0,0,0,0,0,0,0,0,0,0,0,0,0,0,0,0,0,0,0,0,0,0,0,0,0,0,0, ,0,0,0,0,0,0,0,0,0,0,0,0,0,0,0,0,0,0,0,0,0,0
2367,부동산신탁,12306,코리아신탁,B,SM005,요약재무상태표(‘11.03월 이후),B,부채총계,1322096219,1470163728,1836240772,2063515153,2678261318,3158016716,3752116023,4623379961,4306849137,4189735473,4506253125,3718095206,3237142817,3433820487,3682318444,4755649133,6715396892,8600720201,11708470589,13646484287,13867387380,17446682582,19141618415,18901477100,17588173225,28992346822,53667255084,27419387575,25297665392,30835336579,29746521033,37135395785,39590940060,38189876260,35119914049,37094720069,31387772542,31902437585,35231716850,40170633249,36550282133,38288364764,49627978432,53739951523,54948126730,51618204367,57568272257,52901559969,46091900912,48516582207,61665579905,47274425540,66270019335,70873056970
2368,부동산신탁,12306,코리아신탁,B,SM005,요약재무상태표(‘11.03월 이후),B1,Ⅰ. 예수부채,0,0,0,0,0,0,0,0,0,0,0,0,0,0,0,0,0,0,0,0,0,0,0,0,0,0,0,0,0,0,0,0,0,0,0,0,0,0,0,0,0,0,0,0,0,0,0,0,0,0,0,0,0,0
2369,부동산신탁,12306,코리아신탁,B,SM005,요약재무상태표(‘11.03월 이후),B2,Ⅱ. 차입부채,0,0,0,0,0,0,0,0,0,0,0,0,0,0,0,0,0,0,0,0,0,0,0,0,0,0,0,0,0,2000000000,0,0,6377222490,4677222490,1277222490,1277222490,0,0,0,0,0,0,1500000000,1500000000,1500000000,1500000000,1500000000,1500000000,2250000000,3000000000,24500000000,18003952464,41000000000,45750000002
2370,부동산신탁,12306,코리아신탁,B,SM005,요약재무상태표(‘11.03월 이후),B20,Ⅱ. 차입부채_(현재가치할인차금)(-),0,0,0,0,0,0,0,0,0,0,0,0,0,0,0,0,0,0,0,0,0,0,0,0,0,0,0,0,0,0,0, ,0,0,0,0,0,0,0,0,0,0,0,0,0,0,0,0,0,0,0,0,0,0
2371,부동산신탁,12306,코리아신탁,B,SM005,요약재무상태표(‘11.03월 이후),B21,Ⅱ. 차입부채_(현재가치할증차금)(+),0,0,0,0,0,0,0,0,0,0,0,0,0,0,0,0,0,0,0,0,0,0,0,0,0,0,0,0,0,0,0, ,0,0,0,0,0,0,0,0,0,0,0,0,0,0,0,0,0,0,0,0,0,0
2372,부동산신탁,12306,코리아신탁,B,SM005,요약재무상태표(‘11.03월 이후),B22,Ⅱ. 차입부채_차입금,0,0,0,0,0,0,0,0,0,0,0,0,0,0,0,0,0,0,0,0,0,0,0,0,0,0,0,0,0,2000000000,0,0,6377222490,4677222490,1277222490,1277222490,0,0,0,0,0,0,1500000000,1500000000,1500000000,1500000000,1500000000,1500000000,2250000000,3000000000,24500000000,18003952464,41000000000,45750000002
2373,부동산신탁,12306,코리아신탁,B,SM005,요약재무상태표(‘11.03월 이후),B23,Ⅱ. 차입부채_매도증권,0,0,0,0,0,0,0,0,0,0,0,0,0,0,0,0,0,0,0,0,0,0,0,0,0,0,0,0,0,0,0,0,0,0,0,0,0,0,0,0,0,0,0,0,0,0,0,0,0,0,0,0,0,0
2374,부동산신탁,12306,코리아신탁,B,SM005,요약재무상태표(‘11.03월 이후),B24,Ⅱ. 차입부채_사채,0,0,0,0,0,0,0,0,0,0,0,0,0,0,0,0,0,0,0,0,0,0,0,0,0,0,0,0,0,0,0,0,0,0,0,0,0,0,0,0,0,0,0,0,0,0,0,0,0,0,0,0,0,0
2375,부동산신탁,12306,코리아신탁,B,SM005,요약재무상태표(‘11.03월 이후),B240,Ⅱ. 차입부채_(사채발행차금),0,0,0,0,0,0,0,0,0,0,0,0,0,0,0,0,0,0,0,0,0,0,0,0,0,0,0,0,0,0,0, ,0,0,0,0,0,0,0,0,0,0,0,0,0,0,0,0,0,0,0,0,0,0
2376,부동산신탁,12306,코리아신탁,B,SM005,요약재무상태표(‘11.03월 이후),B25,Ⅱ. 차입부채_발행어음(종금계정),0,0,0,0,0,0,0,0,0,0,0,0,0,0,0,0,0,0,0,0,0,0,0,0,0,0,0,0,0,0,0, ,0,0,0,0,0,0,0,0,0,0,0,0,0,0,0,0,0,0,0,0,0,0
2377,부동산신탁,12306,코리아신탁,B,SM005,요약재무상태표(‘11.03월 이후),B26,Ⅱ. 차입부채_기타,0,0,0,0,0,0,0,0,0,0,0,0,0,0,0,0,0,0,0,0,0,0,0,0,0,0,0,0,0,0,0,0,0,0,0,0,0,0,0,0,0,0,0,0,0,0,0,0,0,0,0,0,0,0
2378,부동산신탁,12306,코리아신탁,B,SM005,요약재무상태표(‘11.03월 이후),B3,Ⅳ. 기타부채,1322096219,1470163728,1836240772,2063515153,2678261318,3158016716,3752116023,4623379961,4306849137,4189735473,4506253125,3718095206,3237142817,3433820487,3682318444,4755649133,6715396892,8600720201,11708470589,13646484287,13867387380,17446682582,19141618415,18901477100,17588173225,28992346822,53667255084,27419387575,25297665392,28835336579,29746521033,37135395785,33213717570,33512653770,33842691559,35817497579,31387772542,31902437585,35231716850,40170633249,36550282133,38288364764,48127978432,52239951523,53448126730,50118204367,56068272257,51401559969,43841900912,45516582207,37165579905,29270473076,25270019335,25123056968
2379,부동산신탁,12306,코리아신탁,B,SM005,요약재무상태표(‘11.03월 이후),B30,Ⅳ. 기타부채_(현재가치할인차금)(-),0,0,0,0,0,0,0,0,0,0,0,0,0,0,0,0,0,0,0,0,0,0,0,0,0,0,0,0,0,0,0, ,0,0,0,0,0,0,0,0,0,0,0,0,0,0,0,0,0,0,0,0,0,0
2380,부동산신탁,12306,코리아신탁,B,SM005,요약재무상태표(‘11.03월 이후),B31,Ⅳ. 기타부채_(현재가치할증차금)(+),0,0,0,0,0,0,0,0,0,0,0,0,0,0,0,0,0,0,0,0,0,0,0,0,0,0,0,0,0,0,0, ,0,0,0,0,0,0,0,0,0,0,0,0,0,0,0,0,0,0,0,0,0,0
2381,부동산신탁,12306,코리아신탁,B,SM005,요약재무상태표(‘11.03월 이후),B32,Ⅳ. 기타부채_퇴직급여부채,203179376,195884155,298298266,337951182,213694956,250903177,48577420,104205907,157988036,215082156,27321851,91300892,20915598,85137564,69792871,167897723,235419201,299151594,184049389,331873464,474426510,614154778,39134418,223484898,404713394,586785527,40025317,268688505,492121900,707597704,0,202844788,468253958,717183615,194420663,563284633,938743397,1257613415,0,318234196,686911394,1075641835,0,0,188557402,575695526,0,0,0,0,0,0,0,0
2382,부동산신탁,12306,코리아신탁,B,SM005,요약재무상태표(‘11.03월 이후),B320,Ⅳ. 기타부채_퇴직급여부채_확정급여채무,203179376,195884155,298298266,337951182,213694956,250903177,364695476,420323963,469577349,525459328,593536880,580448697,496141875,514420978,602220752,682474007,737443177,785874965,1131130414,1266878309,1372267532,1496110006,1786112456,1934886263,2092936413,2254947693,2728491243,268688505,3099768384,3212741528,3711777708,3741262291,3935865387,3990258369,5101991641,5057556808,5436745512,5382849398,5353340470,5638863037,5789303497,6151350547,5579413930,5975793621,6178232503,6560380053,5544404960,5951431493,6288380236,6525317378,6378186856,5979596502,6280485745,6576698540
2383,부동산신탁,12306,코리아신탁,B,SM005,요약재무상태표(‘11.03월 이후),B322,"Ⅳ. 기타부채_퇴직급여부채_미인식보험수리적손익(+,-)",0,0,0,0,0,0,0,0,0,0,0,0,0,0,0,0,0,0,0,0,0,0,0,0,0,0,0,0,0,0,0, ,0,0,0,0,0,0,0,0,0,0,0,0,0,0,0,0,0,0,0,0,0,0
2384,부동산신탁,12306,코리아신탁,B,SM005,요약재무상태표(‘11.03월 이후),B323,Ⅳ. 기타부채_퇴직급여부채_미인식과거근무원가(-),0,0,0,0,0,0,0,0,0,0,0,0,0,0,0,0,0,0,0,0,0,0,0,0,0,0,0,0,0,0,0, ,0,0,0,0,0,0,0,0,0,0,0,0,0,0,0,0,0,0,0,0,0,0
2385,부동산신탁,12306,코리아신탁,B,SM005,요약재무상태표(‘11.03월 이후),B324,Ⅳ. 기타부채_퇴직급여부채_사외적립자산(-),0,0,0,0,0,0,316118056,316118056,311589313,310377172,566215029,489147805,475226277,429283414,532427881,514576284,502023976,486723371,947081025,935004845,897841022,881955228,1746978038,1711401365,1688223019,1668162166,2688465926,0,2607646484,2505143824,3711777708,3538417503,3467611429,3273074754,4907570978,4494272175,4498002115,4125235983,5353340470,5320628841,5102392103,5075708712,5579413930,5975793621,5989675101,5984684527,5544404960,5951431493,6288380236,6525317378,6378186856,5979596502,6280485745,6576698540
2386,부동산신탁,12306,코리아신탁,B,SM005,요약재무상태표(‘11.03월 이후),B33,Ⅳ. 기타부채_충당부채,0,0,0,0,0,0,0,0,0,0,0,0,0,0,0,0,0,0,0,0,0,0,0,0,0,0,0,434369000,1263064000,1770893000,1542628000,2733213000,2390079000,2894319000,2368328521,1783768105,2445856212,3475019922,2961042826,2123138105,1969101778,2195558941,2011409021,2892541380,2261409999,3540840728,3582482431,4344684204,6195952041,8710982706,808381764,603798847,613690343,617644501
2387,부동산신탁,12306,코리아신탁,B,SM005,요약재무상태표(‘11.03월 이후),B330,Ⅳ. 기타부채_충당부채_채무보증충당부채,0,0,0,0,0,0,0,0,0,0,0,0,0,0,0,0,0,0,0,0,0,0,0,0,0,0,0,0,0,0,0, ,0,0,0,0,0,0,0,0,0,0,0,0,0,0,0,0,0,0,0,0,0,0
2388,부동산신탁,12306,코리아신탁,B,SM005,요약재무상태표(‘11.03월 이후),B331,Ⅳ. 기타부채_충당부채_복구충당부채,0,0,0,0,0,0,0,0,0,0,0,0,0,0,0,0,0,0,0,0,0,0,0,0,0,0,0,0,0,0,0, ,0,0,306823665,308783813,310756484,312741758,414333088,416868880,419288066,421721742,424169998,454183852,653838966,655614190,657403613,659207349,661327149,663313777,665317163,454097784,454382818,454670514
2389,부동산신탁,12306,코리아신탁,B,SM005,요약재무상태표(‘11.03월 이후),B332,Ⅳ. 기타부채_충당부채_특별대손충당금,0,0,0,0,0,0,0,0,0,0,0,0,0,0,0,0,0,0,0,0,0,0,0,0,0,0,0,0,0,0,0, ,0,0,0,0,0,0,0,0,0,0,0,0,0,0,0,0,0,0,0,0,0,0
2390,부동산신탁,12306,코리아신탁,B,SM005,요약재무상태표(‘11.03월 이후),B333,Ⅳ. 기타부채_충당부채_신탁위험충당금,0,0,0,0,0,0,0,0,0,0,0,0,0,0,0,0,0,0,0,0,0,0,0,0,0,0,0,0,0,0,0, ,0,0,0,0,0,0,0,0,0,0,0,0,0,0,0,0,0,0,0,0,0,0
2391,부동산신탁,12306,코리아신탁,B,SM005,요약재무상태표(‘11.03월 이후),B334,Ⅳ. 기타부채_충당부채_기타,0,0,0,0,0,0,0,0,0,0,0,0,0,0,0,0,0,0,0,0,0,0,0,0,0,0,0,434369000,1263064000,1770893000,1542628000,2733213000,2390079000,2894319000,2061504856,1474984292,2135099728,3162278164,2546709738,1706269225,1549813712,1773837199,1587239023,2438357528,1607571033,2885226538,2925078818,3685476855,5534624892,8047668929,143064601,149701063,159307525,162973987
2392,부동산신탁,12306,코리아신탁,B,SM005,요약재무상태표(‘11.03월 이후),B34,Ⅳ. 기타부채_미지급법인세,0,0,0,0,156505220,241064239,576323759,766112729,447886053,506440560,914429656,584163414,379202749,5423342,130288880,439199348,705822656,801297276,1787913059,1897461192,2175520063,2558135408,3917340370,3795040648,2387885288,2034995143,4052445786,5962182476,3293527829,4203381187,5058042514,6843489714,4372666729,3425156733,6167822524,5657779368,4427044152,2753419500,6406678781,5764085548,5854030434,4606283316,8014665889,6358983241,5248621201,3993965296,7251054563,6310617237,3863738333,904373077,853414937,854900849,693658905,0
2393,부동산신탁,12306,코리아신탁,B,SM005,요약재무상태표(‘11.03월 이후),B35,Ⅳ. 기타부채_미지급배당금,0,0,0,0,0,0,0,0,0,0,0,0,0,0,0,0,0,0,0,1100000000,0,0,0,1100000000,0,0,0,1100000000,0,0,0,1100000000,0,0,0,1100000000,0,0,0,1100000000,0,0,0,1100000000,0,0,0,2200000000,0,0,0,2200000000,0,0
2394,부동산신탁,12306,코리아신탁,B,SM005,요약재무상태표(‘11.03월 이후),B36,Ⅳ. 기타부채_미지급금,87974370,103909340,73865691,87494493,57238086,69469731,50172569,29413291,16591291,11528976,100494308,27829738,24420894,107304647,101791830,39050841,269035380,208067608,255516138,39767550,36336459,56494579,120285640,77687043,72958385,85886100,110488034,1517251726,1124598073,1464499765,298922242,271735823,263454000,245676872,275632432,2897816994,297195394,268093762,981712396,3230363328,331586158,460409261,1239934362,1477337804,615446282,391658984,724648340,751203516,313860484,263748335,486558856,565316667,276450814,1035946450
2395,부동산신탁,12306,코리아신탁,B,SM005,요약재무상태표(‘11.03월 이후),B37,Ⅳ. 기타부채_미지급비용,103357883,89400127,99122938,86517031,102910536,89722285,111399544,129299326,90560461,112507466,479967843,89378999,95133218,118280524,182496255,149965053,201836932,242501007,282958072,386889382,268191256,287519620,508626625,339207400,355390312,464092343,635095948,419887277,463984517,491692152,537023053,521259417,525747877,535188002,528629165,462905865,502992467,561798103,587586755,619017714,602273196,673077068,1187937529,768667282,855566469,899962098,6148707646,1328400801,1312182806,1501078136,1299540187,1070793849,1049523605,1128420266
2396,부동산신탁,12306,코리아신탁,B,SM005,요약재무상태표(‘11.03월 이후),B38,Ⅳ. 기타부채_임대보증금,0,0,0,0,0,0,0,0,0,0,0,0,0,0,0,0,0,0,0, , , , , , , , ,0,0,0,0, ,0,0,0,0,0,0,0,0,0,0,0,0,0,316425684,130757581,131841414,132934230,134036105,135147112,0,0,0
2397,부동산신탁,12306,코리아신탁,B,SM005,요약재무상태표(‘11.03월 이후),B39,Ⅳ. 기타부채_선수금,888614160,1045951577,1285591468,1481661320,2056753984,2406820385,2880771775,3450542991,3464968847,3249629841,2899754709,2751396592,2611891059,3009456778,3080638768,3784189281,5088680469,6770597208,8749589278,9458459146,10421763731,13333816014,13903419832,12909548973,13559546788,15107543507,16083853259,16991567061,17772117146,18891725680,20390278444,20045207009,20018662466,20929250813,19557505277,17272728001,18946022226,20082222636,20416031566,21035406418,24449225041,27505861478,30591738522,29066862105,31184492779,28966938850,26640603035,23659781501,22210760317,21696631087,19256738376,19730426465,18723605231,18541128849
2398,부동산신탁,12306,코리아신탁,B,SM005,요약재무상태표(‘11.03월 이후),B3A,Ⅳ. 기타부채_선수수익,0,0,0,0,0,0,0,0,0,0,0,0,0,0,0,0,0,0,0,0,0,0,0,0,0,0,0,0,0,0,0, ,0,0,0,0,0,0,0,0,0,0,0,0,0,54618315,21193222,20037229,18881236,17725243,16569250,0,0,0
2399,부동산신탁,12306,코리아신탁,B,SM005,요약재무상태표(‘11.03월 이후),B3B,Ⅳ. 기타부채_가수금, ,0,0,0,0,0,0,0,0,0,0,0,0,0,0,0,0,0,0,0,0,0,0,0,0,0,0,0,0,0,0, ,0,0,0,0,0,0,0,0,0,0,0,0,0,0,0,0,0,0,0,0,0,0
2400,부동산신탁,12306,코리아신탁,B,SM005,요약재무상태표(‘11.03월 이후),B3C,Ⅳ. 기타부채_대리점,0,0,0,0,0,0,0,0,0,0,0,0,0,0,0,0,0,0,0,0,0,0,0,0,0,0,0,0,0,0,0, ,0,0,0,0,0,0,0,0,0,0,0,0,0,0,0,0,0,0,0,0,0,0
2401,부동산신탁,12306,코리아신탁,B,SM005,요약재무상태표(‘11.03월 이후),B3D,Ⅳ. 기타부채_본.지점,0,0,0,0,0,0,0,0,0,0,0,0,0,0,0,0,0,0,0,0,0,0,0,0,0,0,0,0,0,0,0, ,0,0,0,0,0,0,0,0,0,0,0,0,0,0,0,0,0,0,0,0,0,0
2402,부동산신탁,12306,코리아신탁,B,SM005,요약재무상태표(‘11.03월 이후),B3E,Ⅳ. 기타부채_이연법인세부채,0,0,0,0,0,0,0,0,0,0,0,0,0,0,0,0,0,0,0,0,0,0,0,0,0,0,0,0,0,0,0, ,0,0,0,0,0,0,0,0,0,0,0,0,0,0,0,0,0,0,0,0,0,0
2403,부동산신탁,12306,코리아신탁,B,SM005,요약재무상태표(‘11.03월 이후),B3F,Ⅳ. 기타부채_제세금예수금,38970430,35018529,79362409,69891127,91158536,100036899,84870956,143805717,128854449,94546474,84284758,174025571,105579299,108217632,117309840,175346887,214602254,279105508,448444653,432033553,491149361,596562183,652811530,456508138,807679058,10713044202,32745346740,725441530,888251927,1305547091,1919626780,2021890571,2109077104,1255261631,1527056380,3194497980,1390041099,1378512668,1370760311,4125235777,1457690636,1162625816,4813017679,3831414779,2865673163,1317149179,1810555175,3689448480,1695130748,5084789031,7656302314,1993618267,2363326117,3032683152
2404,부동산신탁,12306,코리아신탁,B,SM005,요약재무상태표(‘11.03월 이후),B3G,Ⅳ. 기타부채_신탁계정차,0,0,0,0,0,0,0,0,0,0,0,0,0,0,0,0,0,0,0,0,0,0,0,0,0,0,0,0,0,0,0, ,0,0,0,0,0,0,0,0,0,0,0,0,0,0,0,0,0,0,0,0,0,0
2405,부동산신탁,12306,코리아신탁,B,SM005,요약재무상태표(‘11.03월 이후),B3H,Ⅳ. 기타부채_기타,0,0,0,0,0,0,0,0,0,0,0,0,0,0,0,0,0,0,0,0,0,0,0,0,0,0,0,0,0,0,0,3395755463,3065776436,3510617104,3223296597,2884716633,2439877595,2125757579,2507904215,1855152163,1199463496,608907049,269275430,6744144932,10228359435,10060949707,9758270264,8965545587,8098460717,7203218487,6652927109,2251618132,1549764320,767233750
2406,부동산신탁,12306,코리아신탁,B,SM005,요약재무상태표(‘11.03월 이후),B4,Ⅲ. 파생상품부채,0,0,0,0,0,0,0,0,0,0,0,0,0,0,0,0,0,0,0,0,0,0,0,0,0,0,0,0,0,0,0,0,0,0,0,0,0,0,0,0,0,0,0,0,0,0,0,0,0,0,0,0,0,0
2407,부동산신탁,12306,코리아신탁,B,SM005,요약재무상태표(‘11.03월 이후),B40,Ⅲ. 파생상품부채_이자율관련,0,0,0,0,0,0,0,0,0,0,0,0,0,0,0,0,0,0,0,0,0,0,0,0,0,0,0,0,0,0,0,0,0,0,0,0,0,0,0,0,0,0,0,0,0,0,0,0,0,0,0,0,0,0
2408,부동산신탁,12306,코리아신탁,B,SM005,요약재무상태표(‘11.03월 이후),B41,Ⅲ. 파생상품부채_통화관련,0,0,0,0,0,0,0,0,0,0,0,0,0,0,0,0,0,0,0,0,0,0,0,0,0,0,0,0,0,0,0,0,0,0,0,0,0,0,0,0,0,0,0,0,0,0,0,0,0,0,0,0,0,0
2409,부동산신탁,12306,코리아신탁,B,SM005,요약재무상태표(‘11.03월 이후),B42,Ⅲ. 파생상품부채_주식관련,0,0,0,0,0,0,0,0,0,0,0,0,0,0,0,0,0,0,0,0,0,0,0,0,0,0,0,0,0,0,0,0,0,0,0,0,0,0,0,0,0,0,0,0,0,0,0,0,0,0,0,0,0,0
2410,부동산신탁,12306,코리아신탁,B,SM005,요약재무상태표(‘11.03월 이후),B43,Ⅲ. 파생상품부채_신용관련,0,0,0,0,0,0,0,0,0,0,0,0,0,0,0,0,0,0,0,0,0,0,0,0,0,0,0,0,0,0,0,0,0,0,0,0,0,0,0,0,0,0,0,0,0,0,0,0,0,0,0,0,0,0
2411,부동산신탁,12306,코리아신탁,B,SM005,요약재무상태표(‘11.03월 이후),B44,Ⅲ. 파생상품부채_상품관련,0,0,0,0,0,0,0,0,0,0,0,0,0,0,0,0,0,0,0,0,0,0,0,0,0,0,0,0,0,0,0,0,0,0,0,0,0,0,0,0,0,0,0,0,0,0,0,0,0,0,0,0,0,0
2412,부동산신탁,12306,코리아신탁,B,SM005,요약재무상태표(‘11.03월 이후),B45,Ⅲ. 파생상품부채_기타파생상품부채,0,0,0,0,0,0,0,0,0,0,0,0,0,0,0,0,0,0,0,0,0,0,0,0,0,0,0,0,0,0,0, ,0,0,0,0,0,0,0,0,0,0,0,0,0,0,0,0,0,0,0,0,0,0
2413,부동산신탁,12306,코리아신탁,B,SM005,요약재무상태표(‘11.03월 이후),B46,Ⅲ. 파생상품부채_파생상품 신용위험평가조정액,0,0,0,0,0,0,0,0,0,0,0,0,0,0,0,0,0,0,0,0,0,0,0,0,0,0,0,0,0,0,0,0,0,0,0,0,0,0,0,0,0,0,0,0,0,0,0,0,0,0,0,0,0,0
2414,부동산신탁,12306,코리아신탁,B,SM005,요약재무상태표(‘11.03월 이후),B47,Ⅲ. 파생상품부채_파생상품 거래일손익인식평가조정액,0,0,0,0,0,0,0,0,0,0,0,0,0,0,0,0,0,0,0,0,0,0,0,0,0,0,0,0,0,0,0, ,0,0,0,0,0,0,0,0,0,0,0,0,0,0,0,0,0,0,0,0,0,0
2415,부동산신탁,12306,코리아신탁,B,SM005,요약재무상태표(‘11.03월 이후),B5,Ⅴ. 요구불상환지분,0,0,0,0,0,0,0,0,0,0,0,0,0,0,0,0,0,0,0,0,0,0,0,0,0,0,0,0,0,0,0,0,0,0,0,0,0,0,0,0,0,0,0,0,0,0,0,0,0,0,0,0,0,0
2416,부동산신탁,12306,코리아신탁,B,SM005,요약재무상태표(‘11.03월 이후),C,자본총계,8272213012,8380553563,9227913847,9224035537,10098813507,10741853115,11370339662,11965783804,12845869878,14092917740,15273220231,15866431793,16890811897,17454455638,18104428112,19296466030,20281597808,21421782579,23959229106,25755391318,29745857313,34022749774,38770423725,42677548489,45142403243,51232550056,56487986874,61127493208,64617130740,71863568156,78480542216,80302414072,87577981849,94922587746,102127837725,106368085281,112163644974,117908311797,127083114434,130789931900,140784386118,151288311278,161998076492,165931037108,177289702245,186908734046,193908546089,198958288098,204517104880,207772722868,208672641623,207900439493,208971323613,204509218091
2417,부동산신탁,12306,코리아신탁,B,SM005,요약재무상태표(‘11.03월 이후),C1,Ⅰ. 자본금,11000000000,11000000000,11000000000,11000000000,11000000000,11000000000,11000000000,11000000000,11000000000,11000000000,11000000000,11000000000,11000000000,11000000000,11000000000,11000000000,11000000000,11000000000,11000000000,11000000000,11000000000,11000000000,11000000000,11000000000,11000000000,11000000000,11000000000,11000000000,11000000000,11000000000,11000000000,11000000000,11000000000,11000000000,11000000000,11000000000,11000000000,11000000000,11000000000,11000000000,11000000000,11000000000,11000000000,11000000000,11000000000,11000000000,11000000000,11000000000,11000000000,11000000000,11000000000,11000000000,11000000000,11000000000
2418,부동산신탁,12306,코리아신탁,B,SM005,요약재무상태표(‘11.03월 이후),C10,Ⅰ. 자본금_보통주자본금,11000000000,11000000000,11000000000,11000000000,11000000000,11000000000,11000000000,11000000000,11000000000,11000000000,11000000000,11000000000,11000000000,11000000000,11000000000,11000000000,11000000000,11000000000,11000000000,11000000000,11000000000,11000000000,11000000000,11000000000,11000000000,11000000000,11000000000,11000000000,11000000000,11000000000,11000000000,11000000000,11000000000,11000000000,11000000000,11000000000,11000000000,11000000000,11000000000,11000000000,11000000000,11000000000,11000000000,11000000000,11000000000,11000000000,11000000000,11000000000,11000000000,11000000000,11000000000,11000000000,11000000000,11000000000
2419,부동산신탁,12306,코리아신탁,B,SM005,요약재무상태표(‘11.03월 이후),C11,Ⅰ. 자본금_우선주자본금,0,0,0,0,0,0,0,0,0,0,0,0,0,0,0,0,0,0,0,0,0,0,0,0,0,0,0,0,0,0,0,0,0,0,0,0,0,0,0,0,0,0,0,0,0,0,0,0,0,0,0,0,0,0
2420,부동산신탁,12306,코리아신탁,B,SM005,요약재무상태표(‘11.03월 이후),C110,Ⅰ. 자본금_우선주자본금_상환우선주,0,0,0,0,0,0,0,0,0,0,0,0,0,0,0,0,0,0,0,0,0,0,0,0,0,0,0,0,0,0,0, ,0,0,0,0,0,0,0,0,0,0,0,0,0,0,0,0,0,0,0,0,0,0
2421,부동산신탁,12306,코리아신탁,B,SM005,요약재무상태표(‘11.03월 이후),C111,Ⅰ. 자본금_우선주자본금_전환우선주,0,0,0,0,0,0,0,0,0,0,0,0,0,0,0,0,0,0,0,0,0,0,0,0,0,0,0,0,0,0,0, ,0,0,0,0,0,0,0,0,0,0,0,0,0,0,0,0,0,0,0,0,0,0
2422,부동산신탁,12306,코리아신탁,B,SM005,요약재무상태표(‘11.03월 이후),C112,Ⅰ. 자본금_우선주자본금_기타,0,0,0,0,0,0,0,0,0,0,0,0,0,0,0,0,0,0,0,0,0,0,0,0,0,0,0,0,0,0,0, ,0,0,0,0,0,0,0,0,0,0,0,0,0,0,0,0,0,0,0,0,0,0
2423,부동산신탁,12306,코리아신탁,B,SM005,요약재무상태표(‘11.03월 이후),C2,Ⅱ. 자본잉여금,0,0,0,0,0,0,0,0,0,0,0,0,0,0,0,0,0,0,0,0,0,0,0,0,0,0,0,0,0,0,0,0,0,0,0,0,0,0,0,0,0,0,0,0,0,0,0,0,0,0,0,0,0,0
2424,부동산신탁,12306,코리아신탁,B,SM005,요약재무상태표(‘11.03월 이후),C20,Ⅱ. 자본잉여금_주식발행초과금,0,0,0,0,0,0,0,0,0,0,0,0,0,0,0,0,0,0,0,0,0,0,0,0,0,0,0,0,0,0,0, ,0,0,0,0,0,0,0,0,0,0,0,0,0,0,0,0,0,0,0,0,0,0
2425,부동산신탁,12306,코리아신탁,B,SM005,요약재무상태표(‘11.03월 이후),C21,Ⅱ. 자본잉여금_감자차익,0,0,0,0,0,0,0,0,0,0,0,0,0,0,0,0,0,0,0,0,0,0,0,0,0,0,0,0,0,0,0, ,0,0,0,0,0,0,0,0,0,0,0,0,0,0,0,0,0,0,0,0,0,0
2426,부동산신탁,12306,코리아신탁,B,SM005,요약재무상태표(‘11.03월 이후),C22,Ⅱ. 자본잉여금_자기주식처분이익,0,0,0,0,0,0,0,0,0,0,0,0,0,0,0,0,0,0,0,0,0,0,0,0,0,0,0,0,0,0,0, ,0,0,0,0,0,0,0,0,0,0,0,0,0,0,0,0,0,0,0,0,0,0
2427,부동산신탁,12306,코리아신탁,B,SM005,요약재무상태표(‘11.03월 이후),C23,Ⅱ. 자본잉여금_기타자본잉여금,0,0,0,0,0,0,0,0,0,0,0,0,0,0,0,0,0,0,0,0,0,0,0,0,0,0,0,0,0,0,0, ,0,0,0,0,0,0,0,0,0,0,0,0,0,0,0,0,0,0,0,0,0,0
2428,부동산신탁,12306,코리아신탁,B,SM005,요약재무상태표(‘11.03월 이후),C3,Ⅲ. 자본조정,-58321500,-58321500,-58321500,-58321500,-58321500,-58321500,-58321500,0,0,0,0,0,0,0,0,0,0,0,0,0,0,0,0,0,0,0,0,0,0,0,0,0,0,0,0,0,0,0,0,0,0,0,0,0,0,0,0,0,0,0,0,0,0,0
2429,부동산신탁,12306,코리아신탁,B,SM005,요약재무상태표(‘11.03월 이후),C30,Ⅲ. 자본조정_주식할인발행차금,-58321500,-58321500,-58321500,-58321500,-58321500,-58321500,-58321500,0,0,0,0,0,0,0,0,0,0,0,0,0,0,0,0,0,0,0,0,0,0,0,0, ,0,0,0,0,0,0,0,0,0,0,0,0,0,0,0,0,0,0,0,0,0,0
2430,부동산신탁,12306,코리아신탁,B,SM005,요약재무상태표(‘11.03월 이후),C31,Ⅲ. 자본조정_자기주식,0,0,0,0,0,0,0,0,0,0,0,0,0,0,0,0,0,0,0,0,0,0,0,0,0,0,0,0,0,0,0, ,0,0,0,0,0,0,0,0,0,0,0,0,0,0,0,0,0,0,0,0,0,0
2431,부동산신탁,12306,코리아신탁,B,SM005,요약재무상태표(‘11.03월 이후),C32,Ⅲ. 자본조정_자기주식처분손실,0,0,0,0,0,0,0,0,0,0,0,0,0,0,0,0,0,0,0,0,0,0,0,0,0,0,0,0,0,0,0, ,0,0,0,0,0,0,0,0,0,0,0,0,0,0,0,0,0,0,0,0,0,0
2432,부동산신탁,12306,코리아신탁,B,SM005,요약재무상태표(‘11.03월 이후),C33,Ⅲ. 자본조정_주식매입선택권,0,0,0,0,0,0,0,0,0,0,0,0,0,0,0,0,0,0,0,0,0,0,0,0,0,0,0,0,0,0,0, ,0,0,0,0,0,0,0,0,0,0,0,0,0,0,0,0,0,0,0,0,0,0
2433,부동산신탁,12306,코리아신탁,B,SM005,요약재무상태표(‘11.03월 이후),C34,Ⅲ. 자본조정_신주청약증거금,0,0,0,0,0,0,0,0,0,0,0,0,0,0,0,0,0,0,0,0,0,0,0,0,0,0,0,0,0,0,0, ,0,0,0,0,0,0,0,0,0,0,0,0,0,0,0,0,0,0,0,0,0,0
2434,부동산신탁,12306,코리아신탁,B,SM005,요약재무상태표(‘11.03월 이후),C35,Ⅲ. 자본조정_기타,0,0,0,0,0,0,0,0,0,0,0,0,0,0,0,0,0,0,0,0,0,0,0,0,0,0,0,0,0,0,0, ,0,0,0,0,0,0,0,0,0,0,0,0,0,0,0,0,0,0,0,0,0,0
2435,부동산신탁,12306,코리아신탁,B,SM005,요약재무상태표(‘11.03월 이후),C4,Ⅳ. 기타포괄손익누계액,0,0,0,0,0,0,0,0,0,0,0,0,0,0,0,0,0,0,0,0,0,0,0,0,0,0,0,0,0,0,0,0,0,0,0,0,0,0,0,0,0,0,0,0,0,0,0,0,0,0,0,0,0,0
2436,부동산신탁,12306,코리아신탁,B,SM005,요약재무상태표(‘11.03월 이후),C40,Ⅳ. 기타포괄손익누계액_기타포괄손익-공정가치측정금융자산평가손익,0,0,0,0,0,0,0,0,0,0,0,0,0,0,0,0,0,0,0,0,0,0,0,0,0,0,0,0,0,0,0,0,0,0,0,0,0,0,0,0,0,0,0,0,0,0,0,0,0,0,0,0,0,0
2437,부동산신탁,12306,코리아신탁,B,SM005,요약재무상태표(‘11.03월 이후),C41,Ⅳ. 기타포괄손익누계액_기타포괄손익-공정가치측정금융자산처분손익, , , , , , , , , , , , , , , , , , , , , , , , , , , ,0,0,0,0, ,0,0,0,0,0,0,0,0,0,0,0,0,0,0,0,0,0,0,0,0,0,0
2438,부동산신탁,12306,코리아신탁,B,SM005,요약재무상태표(‘11.03월 이후),C42,Ⅳ. 기타포괄손익누계액_지분법 자본변동,0,0,0,0,0,0,0,0,0,0,0,0,0,0,0,0,0,0,0,0,0,0,0,0,0,0,0,0,0,0,0, ,0,0,0,0,0,0,0,0,0,0,0,0,0,0,0,0,0,0,0,0,0,0
2439,부동산신탁,12306,코리아신탁,B,SM005,요약재무상태표(‘11.03월 이후),C43,Ⅳ. 기타포괄손익누계액_부의 지분법 자본변동,0,0,0,0,0,0,0,0,0,0,0,0,0,0,0,0,0,0,0,0,0,0,0,0,0,0,0,0,0,0,0, ,0,0,0,0,0,0,0,0,0,0,0,0,0,0,0,0,0,0,0,0,0,0
2440,부동산신탁,12306,코리아신탁,B,SM005,요약재무상태표(‘11.03월 이후),C44,Ⅳ. 기타포괄손익누계액_위험회피 파생상품평가손익,0,0,0,0,0,0,0,0,0,0,0,0,0,0,0,0,0,0,0,0,0,0,0,0,0,0,0,0,0,0,0, ,0,0,0,0,0,0,0,0,0,0,0,0,0,0,0,0,0,0,0,0,0,0
2441,부동산신탁,12306,코리아신탁,B,SM005,요약재무상태표(‘11.03월 이후),C45,Ⅳ. 기타포괄손익누계액_외환차이누계액,0,0,0,0,0,0,0,0,0,0,0,0,0,0,0,0,0,0,0,0,0,0,0,0,0,0,0,0,0,0,0, ,0,0,0,0,0,0,0,0,0,0,0,0,0,0,0,0,0,0,0,0,0,0
2442,부동산신탁,12306,코리아신탁,B,SM005,요약재무상태표(‘11.03월 이후),C46,Ⅳ. 기타포괄손익누계액_유형자산재평가이익,0,0,0,0,0,0,0,0,0,0,0,0,0,0,0,0,0,0,0,0,0,0,0,0,0,0,0,0,0,0,0, ,0,0,0,0,0,0,0,0,0,0,0,0,0,0,0,0,0,0,0,0,0,0
2443,부동산신탁,12306,코리아신탁,B,SM005,요약재무상태표(‘11.03월 이후),C47,Ⅳ. 기타포괄손익누계액_기타,0,0,0,0,0,0,0,0,0,0,0,0,0,0,0,0,0,0,0,0,0,0,0,0,0,0,0,0,0,0,0, ,0,0,0,0,0,0,0,0,0,0,0,0,0,0,0,0,0,0,0,0,0,0
2444,부동산신탁,12306,코리아신탁,B,SM005,요약재무상태표(‘11.03월 이후),C5,Ⅴ. 이익잉여금,-2669465488,-2561124937,-1713764653,-1717642963,-842864993,-199825385,428661162,965783804,1845869878,3092917740,4273220231,4866431793,5890811897,6454455638,7104428112,8296466030,9281597808,10421782579,12959229106,14755391318,18745857313,23022749774,27770423725,31677548489,34142403243,40232550056,45487986874,50127493208,53617130740,60863568156,67480542216,69302414072,76577981849,83922587746,91127837725,95368085281,101163644974,106908311797,116083114434,119789931900,129784386118,140288311278,150998076492,154931037108,166289702245,175908734046,182908546089,187958288098,193517104880,196772722868,197672641623,196900439493,197971323613,193509218091
2445,부동산신탁,12306,코리아신탁,B,SM005,요약재무상태표(‘11.03월 이후),C50,Ⅴ. 이익잉여금_이익준비금,0,0,0,0,0,0,0,0,0,0,0,0,0,0,0,0,0,0,0,110000000,110000000,110000000,110000000,220000000,220000000,220000000,220000000,330000000,330000000,330000000,330000000,440000000,440000000,440000000,440000000,550000000,550000000,550000000,550000000,660000000,660000000,660000000,660000000,770000000,770000000,770000000,770000000,990000000,990000000,990000000,990000000,1210000000,1210000000,1210000000
2446,부동산신탁,12306,코리아신탁,B,SM005,요약재무상태표(‘11.03월 이후),C51,Ⅴ. 이익잉여금_대손준비금,0,0,0,0,0,0,0,0,13747245,0,60979799,117220201,982984,42174285,80156773,94954814,67850284,155855046,76988071,0,0,0,0,0,0,0,449522821,1074021874,107863914,0,0, ,1995482129,3284716373,1210156928,1664305063,2234766019,565270530,2663220518,2571117573,3421764863,1500633576,0,11000000000,482939641,498619611,1194785239,2087829911,3068300168,6888428406,4755011977,8011145654,20047036185,22104532716
2447,부동산신탁,12306,코리아신탁,B,SM005,요약재무상태표(‘11.03월 이후),C52,Ⅴ. 이익잉여금_전자금융사고배상준비금,0,0,0,0,0,0,0,0,0,0,0,0,0,0,0,0,0,0,0,0,0,0,0,0,0,0,0,0,0,0,0, ,0,0,0,0,0,0,0,0,0,0,0,0,0,0,0,0,0,0,0,0,0,0
2448,부동산신탁,12306,코리아신탁,B,SM005,요약재무상태표(‘11.03월 이후),C53,Ⅴ. 이익잉여금_기타법정준비금,0,0,0,0,0,0,0,0,0,0,0,0,0,0,0,0,0,0,0,0,0,0,0,0,0,0,0,0,0,0,0, ,0,0,0,0,0,0,0,0,0,0,0,0,0,0,0,0,0,0,0,0,0,0
2449,부동산신탁,12306,코리아신탁,B,SM005,요약재무상태표(‘11.03월 이후),C54,Ⅴ. 이익잉여금_신탁사업적립금,0,0,0,0,0,0,0,214242582,214242582,214242582,214242582,609002364,609002364,609002364,609002364,900384313,900384313,900384313,900384313,1490396322,1490396322,1490396322,1490396322,3086634490,3086634490,3086634490,3086634490,4989540360,4989540360,4989540360,4989540360,7273365831,7273365831,7273365831,7273365831,9809486962,9809486962,9809486962,9809486962,11000000000,11000000000,11000000000,11000000000,0,11000000000,11000000000,11000000000,11000000000,11000000000,11000000000,11000000000,11000000000,11000000000,11000000000
2450,부동산신탁,12306,코리아신탁,B,SM005,요약재무상태표(‘11.03월 이후),C55,Ⅴ. 이익잉여금_임의적립금,0,0,0,0,0,0,0,0,0,0,0,0,0,0,0,0,0,0,0,13154994996,0,0,0,0,0,0,0,0,0,0,0, ,0,0,0,0,0,0,0,0,0,0,0,0,0,0,0,0,0,0,0,0,0,0
2451,부동산신탁,12306,코리아신탁,B,SM005,요약재무상태표(‘11.03월 이후),C56,Ⅴ. 이익잉여금_미처분이익잉여금,-2669465488,-2561124937,-1713764653,-1717642963,-842864993,-199825385,428661162,751541222,1617880051,2878675158,3997997850,4140209228,5280826549,5803278989,6415268975,7301126903,8313363211,9365543220,11981856722,0,17145460991,21422353452,26170027403,28370913999,30835768753,36925915566,41731829563,43733930974,48189726466,55544027796,62161001856,61589048241,66869133889,72924505542,82204314966,83344293256,88569391993,95983554305,103060406954,105558814327,114702621255,127127677702,139338076492,143161037108,154036762604,163640114435,169943760850,173880458187,178458804712,177894294462,180927629646,176679293839,165714287428,159194685375
2452,부동산신탁,12306,코리아신탁,B,SM005,요약재무상태표(‘11.03월 이후),C57,Ⅴ. 이익잉여금_(당기순이익),215200764,323541315,1170901599,-3878310,870899660,1513939268,2142415815,595444142,1481056715,2723304624,3947597825,595589477,1622862337,2186506078,2913819499,1193790759,2180007065,3320714435,5900120093,2899190688,6890868084,11163520668,15962381672,5013701874,7484111316,13562126331,19029058693,5752099196,9255465816,16512834636,22838254706,2929841380,10218910934,17573751922,25361211301,5351664350,11163639690,16921113464,25766646402,4825947626,14845266122,25368667140,35490944036,5052058916,16436386064,26074316206,31994550280,7260523318,12838709854,16106473918,16969590611,1441072275,2531024906,-1920631494
2453,부동산신탁,16953,대신자산신탁,B,SM005,요약재무상태표(‘11.03월 이후),A,자산총계,,,,,,,,,,,,,,,,,,,,,,,,,,,,,,,,,,98769230515,100336011655,100473975601,100828026887,101152507874,102849527662,104512405181,156909842745,159379613115,165402648326,169419414485,174978423224,177723611202,180743598777,177259559152,175041701613,180313601006,248953513144,279821777119,282297024443,306547105811
2454,부동산신탁,16953,대신자산신탁,B,SM005,요약재무상태표(‘11.03월 이후),A1,Ⅰ. 현금 및 예치금,,,,,,,,,,,,,,,,,,,,,,,,,,,,,,,,,,32575183668,31998955896,31337847926,51615533647,36829038191,35366642523,39988869442,101097864926,119796186490,105161464421,84863695660,104369342746,55401282963,46113481957,45405802284,22848138178,17632448917,44783933411,31342242340,10396412475,19612496979
2455,부동산신탁,16953,대신자산신탁,B,SM005,요약재무상태표(‘11.03월 이후),A10,Ⅰ. 현금 및 예치금_현금 및 현금성 자산,,,,,,,,,,,,,,,,,,,,,,,,,,,,,,,,,,4575183668,3998955896,3337847926,3615533647,6829038191,5366642523,9988869442,16097864926,24796186490,10161464421,9863695660,64369342746,55401282963,36113481957,45405802284,22848138178,17632448917,44783933411,31016200905,10396412475,19612496979
2456,부동산신탁,16953,대신자산신탁,B,SM005,요약재무상태표(‘11.03월 이후),A100,Ⅰ. 현금 및 예치금_현금 및 현금성 자산_현금,,,,,,,,,,,,,,,,,,,,,,,,,,,,,,,,,,0,0, ,0,0,0,0,0,0,0,0,0,0,0,0,0,0,0,0,0,0
2457,부동산신탁,16953,대신자산신탁,B,SM005,요약재무상태표(‘11.03월 이후),A101,Ⅰ. 현금 및 예치금_현금 및 현금성 자산_정기예.적금,,,,,,,,,,,,,,,,,,,,,,,,,,,,,,,,,,0,0, ,0,0,0,0,0,2000000000,0,0,0,0,30000000000,37000000000,12000000000,15000000000,7000000000,5000000000,5000000000,5000000000
2458,부동산신탁,16953,대신자산신탁,B,SM005,요약재무상태표(‘11.03월 이후),A102,Ⅰ. 현금 및 예치금_현금 및 현금성 자산_보통예금,,,,,,,,,,,,,,,,,,,,,,,,,,,,,,,,,,72019648,1066986412,1056995778,1525218695,1769202315,478370870,505055074,5742760209,5623421014,1722788912,1619060426,5828956713,3939138826,737332645,6045715437,5263440533,1011034380,27916190075,6078534764,2848603126,12014629273
2459,부동산신탁,16953,대신자산신탁,B,SM005,요약재무상태표(‘11.03월 이후),A103,Ⅰ. 현금 및 예치금_현금 및 현금성 자산_당좌예금,,,,,,,,,,,,,,,,,,,,,,,,,,,,,,,,,,0,0, ,0,0,0,0,0,0,0,0,0,0,0,0,0,0,0,0,0,0
2460,부동산신탁,16953,대신자산신탁,B,SM005,요약재무상태표(‘11.03월 이후),A104,Ⅰ. 현금 및 예치금_현금 및 현금성 자산_외화예금,,,,,,,,,,,,,,,,,,,,,,,,,,,,,,,,,,0,0, ,0,0,0,0,0,0,0,0,0,0,0,0,0,0,0,0,834371,0
2461,부동산신탁,16953,대신자산신탁,B,SM005,요약재무상태표(‘11.03월 이후),A105,Ⅰ. 현금 및 예치금_현금 및 현금성 자산_양도성예금증서,,,,,,,,,,,,,,,,,,,,,,,,,,,,,,,,,,0,0, ,0,0,0,0,0,0,0,0,0,0,0,0,0,0,0,0,0,0
2462,부동산신탁,16953,대신자산신탁,B,SM005,요약재무상태표(‘11.03월 이후),A106,Ⅰ. 현금 및 예치금_현금 및 현금성 자산_MMDA,,,,,,,,,,,,,,,,,,,,,,,,,,,,,,,,,,103511007,93274426, ,0,0,24109726,0,0,0,0,0,0,0,4154461838,196657651,5408598130,16350654,0,0,0,0
2463,부동산신탁,16953,대신자산신탁,B,SM005,요약재무상태표(‘11.03월 이후),A107,Ⅰ. 현금 및 예치금_현금 및 현금성 자산_MMF,,,,,,,,,,,,,,,,,,,,,,,,,,,,,,,,,,0,0, ,0,0,0,0,0,0,0,0,0,0,0,0,0,0,0,0,0,0
2464,부동산신탁,16953,대신자산신탁,B,SM005,요약재무상태표(‘11.03월 이후),A108,Ⅰ. 현금 및 예치금_현금 및 현금성 자산_금융어음,,,,,,,,,,,,,,,,,,,,,,,,,,,,,,,,,,0,0, ,0,0,0,0,0,0,0,0,0,0,0,0,0,0,0,0,0,0
2465,부동산신탁,16953,대신자산신탁,B,SM005,요약재무상태표(‘11.03월 이후),A109,Ⅰ. 현금 및 예치금_현금 및 현금성 자산_기타,,,,,,,,,,,,,,,,,,,,,,,,,,,,,,,,,,4399653013,2838695058,2280852148,2090314952,5059835876,4864161927,9483814368,10355104717,17172765476,8438675509,8244635234,58540386033,51462144137,1221687474,2163429196,176099515,1605063883,9867743336,19937666141,2546974978,2597867706
2466,부동산신탁,16953,대신자산신탁,B,SM005,요약재무상태표(‘11.03월 이후),A11,Ⅰ. 현금 및 예치금_예치금,,,,,,,,,,,,,,,,,,,,,,,,,,,,,,,,,,28000000000,28000000000,28000000000,48000000000,30000000000,30000000000,30000000000,85000000000,95000000000,95000000000,75000000000,40000000000,0,10000000000,0,0,0,0,326041435,0,0
2467,부동산신탁,16953,대신자산신탁,B,SM005,요약재무상태표(‘11.03월 이후),A110,Ⅰ. 현금 및 예치금_예치금_장기성예금,,,,,,,,,,,,,,,,,,,,,,,,,,,,,,,,,,28000000000,28000000000,28000000000,48000000000,30000000000,30000000000,30000000000,85000000000,95000000000,95000000000,75000000000,40000000000,0,10000000000,0,0,0,0,0,0,0
2468,부동산신탁,16953,대신자산신탁,B,SM005,요약재무상태표(‘11.03월 이후),A111,Ⅰ. 현금 및 예치금_예치금_특정예금 등,,,,,,,,,,,,,,,,,,,,,,,,,,,,,,,,,,0,0, ,0,0,0,0,0,0,0,0,0,0,0,0,0,0,0,0,0,0
2469,부동산신탁,16953,대신자산신탁,B,SM005,요약재무상태표(‘11.03월 이후),A112,Ⅰ. 현금 및 예치금_예치금_신탁공탁금,,,,,,,,,,,,,,,,,,,,,,,,,,,,,,,,,,0,0, ,0,0,0,0,0,0,0,0,0,0,0,0,0,0,0,0,0,0
2470,부동산신탁,16953,대신자산신탁,B,SM005,요약재무상태표(‘11.03월 이후),A113,Ⅰ. 현금 및 예치금_예치금_기타,,,,,,,,,,,,,,,,,,,,,,,,,,,,,,,,,,0,0,0,0,0,0,0,0,0,0,0,0,0,0,0,0,0,0,326041435,0,0
2471,부동산신탁,16953,대신자산신탁,B,SM005,요약재무상태표(‘11.03월 이후),A2,Ⅱ. 증권,,,,,,,,,,,,,,,,,,,,,,,,,,,,,,,,,,62982534962,62736242085,63104289439,43213581168,58889402950,61520799235,56540616605,48431016805,32858120928,47948455902,70693050239,56016424780,67206703259,71426308631,67813136084,48566418605,34436510846,33008055845,33073507837,37082365661,37635292716
2472,부동산신탁,16953,대신자산신탁,B,SM005,요약재무상태표(‘11.03월 이후),A20,Ⅱ. 증권_당기손익-공정가치측정증권,,,,,,,,,,,,,,,,,,,,,,,,,,,,,,,,,,62982534962,62736242085,63104289439,43213581168,58889402950,59520799235,54540616605,46431016805,30858120928,45648455902,68393050239,53126424780,63167703259,67387308631,63774136084,44527418605,30397510846,29613755845,29679207837,30688065661,36240992716
2473,부동산신탁,16953,대신자산신탁,B,SM005,요약재무상태표(‘11.03월 이후),A200,Ⅱ. 증권_당기손익-공정가치측정증권_주식,,,,,,,,,,,,,,,,,,,,,,,,,,,,,,,,,,45000000,45000000,45000000,310240000,3310240000,1310240000,1560240000,1560240000,1810240000,1810240000,1810240000,2290240000,2290240000,2275423185,2010183185,2287717432,2287717432,1307717432,1262717432,1512717432,6102717432
2474,부동산신탁,16953,대신자산신탁,B,SM005,요약재무상태표(‘11.03월 이후),A201,Ⅱ. 증권_당기손익-공정가치측정증권_국채·지방채,,,,,,,,,,,,,,,,,,,,,,,,,,,,,,,,,,0,0, ,0,0,0,0,0,0,0,0,0,0,0,0,0,0,0,0,0,0
2475,부동산신탁,16953,대신자산신탁,B,SM005,요약재무상태표(‘11.03월 이후),A202,Ⅱ. 증권_당기손익-공정가치측정증권_특수채,,,,,,,,,,,,,,,,,,,,,,,,,,,,,,,,,,0,0, ,0,0,0,0,0,0,0,0,0,0,0,0,0,0,0,0,0,0
2476,부동산신탁,16953,대신자산신탁,B,SM005,요약재무상태표(‘11.03월 이후),A203,Ⅱ. 증권_당기손익-공정가치측정증권_회사채,,,,,,,,,,,,,,,,,,,,,,,,,,,,,,,,,,18024746537,13003022427,13019002427,13012964208,13013950373,8143983112,8141760783,0,0,0,0,0,3954588000,0,0,0,0,0,0,0,0
2477,부동산신탁,16953,대신자산신탁,B,SM005,요약재무상태표(‘11.03월 이후),A204,Ⅱ. 증권_당기손익-공정가치측정증권_집합투자증권,,,,,,,,,,,,,,,,,,,,,,,,,,,,,,,,,,5092042669,15180501395,15371453496,14776770018,32606124527,40119884479,39853074042,25104261054,5133844629,5752352176,5709647945,11200458755,6123366584,13460042746,14702062799,14760071323,14570375714,19194110413,19130289055,19344979179,20193139734
2478,부동산신탁,16953,대신자산신탁,B,SM005,요약재무상태표(‘11.03월 이후),A205,Ⅱ. 증권_당기손익-공정가치측정증권_기업어음증권,,,,,,,,,,,,,,,,,,,,,,,,,,,,,,,,,,39820745756,34507718263,34668833516,15113606942,9959088050,9946691644,4985541780,19766515751,23914036299,38085863726,60873162294,39635726025,50799508675,51651842700,47061890100,27479629850,13539417700,9111928000,9286201350,9410369050,9520935550
2479,부동산신탁,16953,대신자산신탁,B,SM005,요약재무상태표(‘11.03월 이후),A206,Ⅱ. 증권_당기손익-공정가치측정증권_외화증권,,,,,,,,,,,,,,,,,,,,,,,,,,,,,,,,,,0,0,0,0,0,0,0,0,0,0,0,0,0,0,0,0,0,0,0,0,0
2480,부동산신탁,16953,대신자산신탁,B,SM005,요약재무상태표(‘11.03월 이후),A207,Ⅱ. 증권_당기손익-공정가치측정증권_기타,,,,,,,,,,,,,,,,,,,,,,,,,,,,,,,,,,0,0,0,0,0,0,0,0,0,0,0,0,0,0,0,0,0,0,0,420000000,424200000
2481,부동산신탁,16953,대신자산신탁,B,SM005,요약재무상태표(‘11.03월 이후),A21,Ⅱ. 증권_기타포괄손익-공정가치측정증권,,,,,,,,,,,,,,,,,,,,,,,,,,,,,,,,,,0,0,0,0,0,0,0,0,0,0,0,0,0,0,0,0,0,0,0,0,0
2482,부동산신탁,16953,대신자산신탁,B,SM005,요약재무상태표(‘11.03월 이후),A210,Ⅱ. 증권_기타포괄손익-공정가치측정증권_주식,,,,,,,,,,,,,,,,,,,,,,,,,,,,,,,,,,0,0, ,0,0,0,0,0,0,0,0,0,0,0,0,0,0,0,0,0,0
2483,부동산신탁,16953,대신자산신탁,B,SM005,요약재무상태표(‘11.03월 이후),A211,Ⅱ. 증권_기타포괄손익-공정가치측정증권_국채·지방채,,,,,,,,,,,,,,,,,,,,,,,,,,,,,,,,,,0,0, ,0,0,0,0,0,0,0,0,0,0,0,0,0,0,0,0,0,0
2484,부동산신탁,16953,대신자산신탁,B,SM005,요약재무상태표(‘11.03월 이후),A212,Ⅱ. 증권_기타포괄손익-공정가치측정증권_특수채,,,,,,,,,,,,,,,,,,,,,,,,,,,,,,,,,,0,0, ,0,0,0,0,0,0,0,0,0,0,0,0,0,0,0,0,0,0
2485,부동산신탁,16953,대신자산신탁,B,SM005,요약재무상태표(‘11.03월 이후),A213,Ⅱ. 증권_기타포괄손익-공정가치측정증권_회사채,,,,,,,,,,,,,,,,,,,,,,,,,,,,,,,,,,0,0, ,0,0,0,0,0,0,0,0,0,0,0,0,0,0,0,0,0,0
2486,부동산신탁,16953,대신자산신탁,B,SM005,요약재무상태표(‘11.03월 이후),A214,Ⅱ. 증권_기타포괄손익-공정가치측정증권_집합투자증권,,,,,,,,,,,,,,,,,,,,,,,,,,,,,,,,,,0,0,0,0,0,0,0,0,0,0,0,0,0,0,0,0,0,0,0,0,0
2487,부동산신탁,16953,대신자산신탁,B,SM005,요약재무상태표(‘11.03월 이후),A215,Ⅱ. 증권_기타포괄손익-공정가치측정증권_기업어음증권,,,,,,,,,,,,,,,,,,,,,,,,,,,,,,,,,,0,0, ,0,0,0,0,0,0,0,0,0,0,0,0,0,0,0,0,0,0
2488,부동산신탁,16953,대신자산신탁,B,SM005,요약재무상태표(‘11.03월 이후),A216,Ⅱ. 증권_기타포괄손익-공정가치측정증권_외화증권,,,,,,,,,,,,,,,,,,,,,,,,,,,,,,,,,,0,0,0,0,0,0,0,0,0,0,0,0,0,0,0,0,0,0,0,0,0
2489,부동산신탁,16953,대신자산신탁,B,SM005,요약재무상태표(‘11.03월 이후),A217,Ⅱ. 증권_기타포괄손익-공정가치측정증권_기타,,,,,,,,,,,,,,,,,,,,,,,,,,,,,,,,,,0,0,0,0,0,0,0,0,0,0,0,0,0,0,0,0,0,0,0,0,0
2490,부동산신탁,16953,대신자산신탁,B,SM005,요약재무상태표(‘11.03월 이후),A22,Ⅱ. 증권_상각후원가측정증권,,,,,,,,,,,,,,,,,,,,,,,,,,,,,,,,,,0,0,0,0,0,0,0,0,0,0,0,0,0,0,0,0,0,0,0,0,0
2491,부동산신탁,16953,대신자산신탁,B,SM005,요약재무상태표(‘11.03월 이후),A220,Ⅱ. 증권_상각후원가측정증권_국채·지방채,,,,,,,,,,,,,,,,,,,,,,,,,,,,,,,,,,0,0, ,0,0,0,0,0,0,0,0,0,0,0,0,0,0,0,0,0,0
2492,부동산신탁,16953,대신자산신탁,B,SM005,요약재무상태표(‘11.03월 이후),A221,Ⅱ. 증권_상각후원가측정증권_특수채,,,,,,,,,,,,,,,,,,,,,,,,,,,,,,,,,,0,0, ,0,0,0,0,0,0,0,0,0,0,0,0,0,0,0,0,0,0
2493,부동산신탁,16953,대신자산신탁,B,SM005,요약재무상태표(‘11.03월 이후),A222,Ⅱ. 증권_상각후원가측정증권_회사채,,,,,,,,,,,,,,,,,,,,,,,,,,,,,,,,,,0,0, ,0,0,0,0,0,0,0,0,0,0,0,0,0,0,0,0,0,0
2494,부동산신탁,16953,대신자산신탁,B,SM005,요약재무상태표(‘11.03월 이후),A223,Ⅱ. 증권_상각후원가측정증권_기타,,,,,,,,,,,,,,,,,,,,,,,,,,,,,,,,,,0,0, ,0,0,0,0,0,0,0,0,0,0,0,0,0,0,0,0,0,0
2495,부동산신탁,16953,대신자산신탁,B,SM005,요약재무상태표(‘11.03월 이후),A23,Ⅱ. 증권_관계회사투자지분,,,,,,,,,,,,,,,,,,,,,,,,,,,,,,,,,,0,0,0,0,0,2000000000,2000000000,2000000000,2000000000,2300000000,2300000000,2890000000,4039000000,4039000000,4039000000,4039000000,4039000000,3394300000,3394300000,6394300000,1394300000
2496,부동산신탁,16953,대신자산신탁,B,SM005,요약재무상태표(‘11.03월 이후),A230,Ⅱ. 증권_관계회사투자지분_연결대상회사 투자지분,,,,,,,,,,,,,,,,,,,,,,,,,,,,,,,,,,0,0,0,0,0,0,0,0,0,0,0,0,0,0,0,0,0,0,0,0,0
2497,부동산신탁,16953,대신자산신탁,B,SM005,요약재무상태표(‘11.03월 이후),A231,Ⅱ. 증권_관계회사투자지분_비연결대상회사 투자지분,,,,,,,,,,,,,,,,,,,,,,,,,,,,,,,,,,0,0,0,0,0,2000000000,2000000000,2000000000,2000000000,2300000000,2300000000,2890000000,4039000000,4039000000,4039000000,4039000000,4039000000,3394300000,3394300000,6394300000,1394300000
2498,부동산신탁,16953,대신자산신탁,B,SM005,요약재무상태표(‘11.03월 이후),A24,Ⅱ. 증권_파생결합증권,,,,,,,,,,,,,,,,,,,,,,,,,,,,,,,,,,0,0,0,0,0,0,0,0,0,0,0,0,0,0,0,0,0,0,0,0,0
2499,부동산신탁,16953,대신자산신탁,B,SM005,요약재무상태표(‘11.03월 이후),A25,Ⅱ. 증권_대손충당금(-),,,,,,,,,,,,,,,,,,,,,,,,,,,,,,,,,,0,0,0,0,0,0,0,0,0,0,0,0,0,0,0,0,0,0,0,0,0
2500,부동산신탁,16953,대신자산신탁,B,SM005,요약재무상태표(‘11.03월 이후),A3,Ⅲ. 파생상품자산,,,,,,,,,,,,,,,,,,,,,,,,,,,,,,,,,,0,0,0,0,0,0,0,0,0,0,0,0,0,0,0,0,0,0,0,0,0
2501,부동산신탁,16953,대신자산신탁,B,SM005,요약재무상태표(‘11.03월 이후),A30,Ⅲ. 파생상품자산_이자율관련,,,,,,,,,,,,,,,,,,,,,,,,,,,,,,,,,,0,0,0,0,0,0,0,0,0,0,0,0,0,0,0,0,0,0,0,0,0
2502,부동산신탁,16953,대신자산신탁,B,SM005,요약재무상태표(‘11.03월 이후),A31,Ⅲ. 파생상품자산_통화관련,,,,,,,,,,,,,,,,,,,,,,,,,,,,,,,,,,0,0,0,0,0,0,0,0,0,0,0,0,0,0,0,0,0,0,0,0,0
2503,부동산신탁,16953,대신자산신탁,B,SM005,요약재무상태표(‘11.03월 이후),A32,Ⅲ. 파생상품자산_주식관련,,,,,,,,,,,,,,,,,,,,,,,,,,,,,,,,,,0,0,0,0,0,0,0,0,0,0,0,0,0,0,0,0,0,0,0,0,0
2504,부동산신탁,16953,대신자산신탁,B,SM005,요약재무상태표(‘11.03월 이후),A33,Ⅲ. 파생상품자산_신용관련,,,,,,,,,,,,,,,,,,,,,,,,,,,,,,,,,,0,0,0,0,0,0,0,0,0,0,0,0,0,0,0,0,0,0,0,0,0
2505,부동산신탁,16953,대신자산신탁,B,SM005,요약재무상태표(‘11.03월 이후),A34,Ⅲ. 파생상품자산_상품관련,,,,,,,,,,,,,,,,,,,,,,,,,,,,,,,,,,0,0,0,0,0,0,0,0,0,0,0,0,0,0,0,0,0,0,0,0,0
2506,부동산신탁,16953,대신자산신탁,B,SM005,요약재무상태표(‘11.03월 이후),A35,Ⅲ. 파생상품자산_기타파생상품자산,,,,,,,,,,,,,,,,,,,,,,,,,,,,,,,,,,0,0, ,0,0,0,0,0,0,0,0,0,0,0,0,0,0,0,0,0,0
2507,부동산신탁,16953,대신자산신탁,B,SM005,요약재무상태표(‘11.03월 이후),A36,Ⅲ. 파생상품자산_파생상품Ⅲ. 파생상품자산_신용위험평가조정액,,,,,,,,,,,,,,,,,,,,,,,,,,,,,,,,,,0,0, ,0,0,0,0,0,0,0,0,0,0,0,0,0,0,0,0,0,0
2508,부동산신탁,16953,대신자산신탁,B,SM005,요약재무상태표(‘11.03월 이후),A37,Ⅲ. 파생상품자산_파생상품Ⅲ. 파생상품자산_거래일손익인식평가조정액,,,,,,,,,,,,,,,,,,,,,,,,,,,,,,,,,,0,0, ,0,0,0,0,0,0,0,0,0,0,0,0,0,0,0,0,0,0
2509,부동산신탁,16953,대신자산신탁,B,SM005,요약재무상태표(‘11.03월 이후),A4,Ⅳ. 대출채권,,,,,,,,,,,,,,,,,,,,,,,,,,,,,,,,,,0,0,0,0,0,0,0,0,0,5188133209,5138170489,5048905052,45378581118,51380498434,51645104498,90506192203,114781213227,154605480784,197511164822,215405368349,227716223618
2510,부동산신탁,16953,대신자산신탁,B,SM005,요약재무상태표(‘11.03월 이후),A40,Ⅳ. 대출채권_(현재가치할인차금)(-),,,,,,,,,,,,,,,,,,,,,,,,,,,,,,,,,,0,0, ,0,0,0,0,0,0,0,0,0,0,0,0,0,0,0,0,0,0
2511,부동산신탁,16953,대신자산신탁,B,SM005,요약재무상태표(‘11.03월 이후),A41,Ⅳ. 대출채권_(현재가치할증차금)(+),,,,,,,,,,,,,,,,,,,,,,,,,,,,,,,,,,0,0, ,0,0,0,0,0,0,0,0,0,0,0,0,0,0,0,0,0,0
2512,부동산신탁,16953,대신자산신탁,B,SM005,요약재무상태표(‘11.03월 이후),A42,Ⅳ. 대출채권_(이연대출부대손익),,,,,,,,,,,,,,,,,,,,,,,,,,,,,,,,,,0,0, ,0,0,0,0,0,0,0,0,0,0,0,0,0,0,0,0,0,0
2513,부동산신탁,16953,대신자산신탁,B,SM005,요약재무상태표(‘11.03월 이후),A43,Ⅳ. 대출채권_대여금,,,,,,,,,,,,,,,,,,,,,,,,,,,,,,,,,,0,0,0,0,0,0,0,0,0,44972046,88568096,44846435,89887517,179596667,180003653,179488559,223228277,247044307,202411028,271597647,267751730
2514,부동산신탁,16953,대신자산신탁,B,SM005,요약재무상태표(‘11.03월 이후),A44,Ⅳ. 대출채권_대지급금,,,,,,,,,,,,,,,,,,,,,,,,,,,,,,,,,,0,0,0,0,0,0,0,0,0,143161163,49602393,4058617,0,0,0,40000000,4950000,33255690,33255690,33255690,33255690
2515,부동산신탁,16953,대신자산신탁,B,SM005,요약재무상태표(‘11.03월 이후),A45,Ⅳ. 대출채권_신탁계정대,,,,,,,,,,,,,,,,,,,,,,,,,,,,,,,,,,0,0, ,0,0,0,0,0,0,0,0,0,0,1495279700,16062635678,60288859326,82060972854,112363554369,167063011142,169381353453,184658057081
2516,부동산신탁,16953,대신자산신탁,B,SM005,요약재무상태표(‘11.03월 이후),A46,Ⅳ. 대출채권_기타 대출채권,,,,,,,,,,,,,,,,,,,,,,,,,,,,,,,,,,0,0,0,0,0,0,0,0,0,5000000000,5000000000,5000000000,45288693601,49762367123,37760000000,37760000000,37760000000,47995484899,37593312940,54981982475,53514774301
2517,부동산신탁,16953,대신자산신탁,B,SM005,요약재무상태표(‘11.03월 이후),A47,Ⅳ. 대출채권_대손충당금(-),,,,,,,,,,,,,,,,,,,,,,,,,,,,,,,,,,0,0,0,0,0,0,0,0,0,0,0,0,0,56745056,2357534833,7762155682,5267937904,6033858481,7380825978,9262820916,10757615184
2518,부동산신탁,16953,대신자산신탁,B,SM005,요약재무상태표(‘11.03월 이후),A470,Ⅳ. 대출채권_대손충당금(-)_대여금대손충당금,,,,,,,,,,,,,,,,,,,,,,,,,,,,,,,,,,0,0, ,0,0,0,0,0,0,0,0,0,0,0,0,0,0,0,0,0,0
2519,부동산신탁,16953,대신자산신탁,B,SM005,요약재무상태표(‘11.03월 이후),A471,Ⅳ. 대출채권_대손충당금(-)_대지급금대손충당금,,,,,,,,,,,,,,,,,,,,,,,,,,,,,,,,,,0,0, ,0,0,0,0,0,0,0,0,0,0,0,0,0,0,0,0,0,0
2520,부동산신탁,16953,대신자산신탁,B,SM005,요약재무상태표(‘11.03월 이후),A472,Ⅳ. 대출채권_대손충당금(-)_신탁계정대 대손충당금,,,,,,,,,,,,,,,,,,,,,,,,,,,,,,,,,,0,0, ,0,0,0,0,0,0,0,0,0,0,56745056,2357534833,7762155682,5267937904,5728996490,7091554148,8978833692,10480583535
2521,부동산신탁,16953,대신자산신탁,B,SM005,요약재무상태표(‘11.03월 이후),A473,Ⅳ. 대출채권_대손충당금(-)_기타 대손충당금,,,,,,,,,,,,,,,,,,,,,,,,,,,,,,,,,,0,0,0,0,0,0,0,0,0,0,0,0,0,0,0,0,0,304861991,289271830,283987224,277031649
2522,부동산신탁,16953,대신자산신탁,B,SM005,요약재무상태표(‘11.03월 이후),A5,Ⅴ. 유형자산,,,,,,,,,,,,,,,,,,,,,,,,,,,,,,,,,,1313428770,3255030436,3190815004,3043571539,2849409506,2672792967,3971016997,3729599368,3461578979,3217287119,4705184066,5731171827,5484037042,5164453242,5094465174,4830291574,4534060918,4216248171,3917522569,3657268631,3430535311
2523,부동산신탁,16953,대신자산신탁,B,SM005,요약재무상태표(‘11.03월 이후),A50,유형자산_(손상차손누계액),,,,,,,,,,,,,,,,,,,,,,,,,,,,,,,,,,0,0, ,0,0,0,0,0,0,0,0,0,0,0,0,0,0,0,0,0,0
2524,부동산신탁,16953,대신자산신탁,B,SM005,요약재무상태표(‘11.03월 이후),A51,유형자산__토지,,,,,,,,,,,,,,,,,,,,,,,,,,,,,,,,,,0,0, ,0,0,0,0,0,0,0,0,0,0,0,0,0,0,0,0,0,0
2525,부동산신탁,16953,대신자산신탁,B,SM005,요약재무상태표(‘11.03월 이후),A52,유형자산_건물,,,,,,,,,,,,,,,,,,,,,,,,,,,,,,,,,,0,0, ,0,0,0,0,0,0,0,0,0,0,0,0,0,0,0,0,0,0
2526,부동산신탁,16953,대신자산신탁,B,SM005,요약재무상태표(‘11.03월 이후),A53,유형자산_구축물,,,,,,,,,,,,,,,,,,,,,,,,,,,,,,,,,,0,0, ,0,0,0,0,0,0,0,0,0,0,0,0,0,0,0,0,0,0
2527,부동산신탁,16953,대신자산신탁,B,SM005,요약재무상태표(‘11.03월 이후),A54,유형자산_차량운반구,,,,,,,,,,,,,,,,,,,,,,,,,,,,,,,,,,0,0, ,0,0,0,0,0,0,0,0,0,0,0,0,0,0,0,0,0,0
2528,부동산신탁,16953,대신자산신탁,B,SM005,요약재무상태표(‘11.03월 이후),A55,유형자산_비품,,,,,,,,,,,,,,,,,,,,,,,,,,,,,,,,,,395605900,407723300,534522500,583535200,586993200,608492700,978157600,978157600,983957600,1014574010,1138207410,1194802410,1228806710,1244178110,1249310910,1277360910,1299910910,1299910910,1293178910,1293178910,1319869310
2529,부동산신탁,16953,대신자산신탁,B,SM005,요약재무상태표(‘11.03월 이후),A56,유형자산_건설중인자산,,,,,,,,,,,,,,,,,,,,,,,,,,,,,,,,,,0,0, ,0,0,0,0,0,0,0,0,0,0,0,0,0,0,0,0,0,0
2530,부동산신탁,16953,대신자산신탁,B,SM005,요약재무상태표(‘11.03월 이후),A57,유형자산_운용리스자산(종금계정),,,,,,,,,,,,,,,,,,,,,,,,,,,,,,,,,,0,0, ,0,0,0,0,0,0,0,0,0,0,0,0,0,0,0,0,0,0
2531,부동산신탁,16953,대신자산신탁,B,SM005,요약재무상태표(‘11.03월 이후),A58,유형자산_선급리스자산(종금계정),,,,,,,,,,,,,,,,,,,,,,,,,,,,,,,,,,0,0, ,0,0,0,0,0,0,0,0,0,0,0,0,0,0,0,0,0,0
2532,부동산신탁,16953,대신자산신탁,B,SM005,요약재무상태표(‘11.03월 이후),A59,유형자산_기타,,,,,,,,,,,,,,,,,,,,,,,,,,,,,,,,,,1120754523,3255174992,3255174992,3255174992,3255174992,3255174992,4338155058,4355793242,4355793242,4355793242,6058004366,5101190647,5150955344,5150955344,4801549605,4819214957,4819214957,4819214957,4802357525,4857174638,4910993595
2533,부동산신탁,16953,대신자산신탁,B,SM005,요약재무상태표(‘11.03월 이후),A5A,유형자산_감가상각누계액(-),,,,,,,,,,,,,,,,,,,,,,,,,,,,,,,,,,202931653,407867856,598882488,795138653,992758686,1190874725,1345295661,1604351474,1878171863,2153080133,2491027710,564821230,895725012,1230680212,956395341,1266284293,1585064949,1902877696,2178013866,2493084917,2800327594
2534,부동산신탁,16953,대신자산신탁,B,SM005,요약재무상태표(‘11.03월 이후),A5A0,유형자산__감가상각누계액(-)_건물,,,,,,,,,,,,,,,,,,,,,,,,,,,,,,,,,,0,0, ,0,0,0,0,0,0,0,0,0,0,0,0,0,0,0,0,0,0
2535,부동산신탁,16953,대신자산신탁,B,SM005,요약재무상태표(‘11.03월 이후),A5A1,유형자산_감가상각누계액(-)_구축물,,,,,,,,,,,,,,,,,,,,,,,,,,,,,,,,,,0,0, ,0,0,0,0,0,0,0,0,0,0,0,0,0,0,0,0,0,0
2536,부동산신탁,16953,대신자산신탁,B,SM005,요약재무상태표(‘11.03월 이후),A5A2,유형자산_감가상각누계액(-)_차량운반구,,,,,,,,,,,,,,,,,,,,,,,,,,,,,,,,,,0,0, ,0,0,0,0,0,0,0,0,0,0,0,0,0,0,0,0,0,0
2537,부동산신탁,16953,대신자산신탁,B,SM005,요약재무상태표(‘11.03월 이후),A5A3,유형자산_감가상각누계액(-)_비품,,,,,,,,,,,,,,,,,,,,,,,,,,,,,,,,,,24807439,44805106,67549395,95535219,124884909,154730609,196237205,245145062,294342923,344628665,397436235,456424606,517298095,577460981,639840879,703525450,767684972,832764942,892530351,951361046,998342848
2538,부동산신탁,16953,대신자산신탁,B,SM005,요약재무상태표(‘11.03월 이후),A5A4,유형자산_감가상각누계액(-)_기타,,,,,,,,,,,,,,,,,,,,,,,,,,,,,,,,,,178124214,363062750,531333093,699603434,867873777,1036144116,1149058456,1359206412,1583828940,1808451468,2093591475,108396624,378426917,653219231,316554462,562758843,817379977,1070112754,1285483515,1541723871,1801984746
2539,부동산신탁,16953,대신자산신탁,B,SM005,요약재무상태표(‘11.03월 이후),A5A5,유형자산_감가상각누계액(종금계정)(-),,,,,,,,,,,,,,,,,,,,,,,,,,,,,,,,,,0,0, ,0,0,0,0,0,0,0,0,0,0,0,0,0,0,0,0,0,0
2540,부동산신탁,16953,대신자산신탁,B,SM005,요약재무상태표(‘11.03월 이후),A5A6,유형자산_처분손실충당금(종금계정)(-),,,,,,,,,,,,,,,,,,,,,,,,,,,,,,,,,,0,0, ,0,0,0,0,0,0,0,0,0,0,0,0,0,0,0,0,0,0
2541,부동산신탁,16953,대신자산신탁,B,SM005,요약재무상태표(‘11.03월 이후),A6,Ⅵ. CMA운용자산(종금계정),,,,,,,,,,,,,,,,,,,,,,,,,,,,,,,,,,0,0,0,0,0,0,0,0,0,0,0,0,0,0,0,0,0,0,0,0,0
2542,부동산신탁,16953,대신자산신탁,B,SM005,요약재무상태표(‘11.03월 이후),A7,Ⅶ. 리스자산(종금계정),,,,,,,,,,,,,,,,,,,,,,,,,,,,,,,,,,0,0,0,0,0,0,0,0,0,0,0,0,0,0,0,0,0,0,0,0,0
2543,부동산신탁,16953,대신자산신탁,B,SM005,요약재무상태표(‘11.03월 이후),A8,Ⅷ. 기타자산,,,,,,,,,,,,,,,,,,,,,,,,,,,,,,,,,,1898083115,2345783238,2841023232,2955340533,2584657227,3289292937,4011902137,3651361646,3263726718,3887307675,4019314031,3812578819,4253006820,6658856513,7301051112,8290661053,8929367098,12339794933,13977339551,15755609327,18152557187
2544,부동산신탁,16953,대신자산신탁,B,SM005,요약재무상태표(‘11.03월 이후),A80,Ⅷ. 기타자산_(현재가치할인차금)(-),,,,,,,,,,,,,,,,,,,,,,,,,,,,,,,,,,0,0, ,0,0,0,0,0,0,0,0,0,0,0,0,0,0,0,0,0,0
2545,부동산신탁,16953,대신자산신탁,B,SM005,요약재무상태표(‘11.03월 이후),A81,Ⅷ. 기타자산_(현재가치할증차금)(+),,,,,,,,,,,,,,,,,,,,,,,,,,,,,,,,,,0,0, ,0,0,0,0,0,0,0,0,0,0,0,0,0,0,0,0,0,0
2546,부동산신탁,16953,대신자산신탁,B,SM005,요약재무상태표(‘11.03월 이후),A82,Ⅷ. 기타자산_미수금,,,,,,,,,,,,,,,,,,,,,,,,,,,,,,,,,,11000000,86211108,14500000,9020000,99400000,1838796,9940000,117500000,21500000,82287740,32720265,32064380,149560000,519660000,508160000,1450203747,1138783747,1601143747,1427443747,1928133747,3480343747
2547,부동산신탁,16953,대신자산신탁,B,SM005,요약재무상태표(‘11.03월 이후),A820,Ⅷ. 기타자산_미수금_신탁보수미수금,,,,,,,,,,,,,,,,,,,,,,,,,,,,,,,,,,11000000,0,14500000,1320000,99400000,0,9940000,117500000,21500000,82160000,31402109,30500000,148000000,517500000,506000000,572700000,261000000,722800000,546100000,1049790000,2602000000
2548,부동산신탁,16953,대신자산신탁,B,SM005,요약재무상태표(‘11.03월 이후),A821,Ⅷ. 기타자산_미수금_기타,,,,,,,,,,,,,,,,,,,,,,,,,,,,,,,,,,0,86211108,0,7700000,0,1838796,0,0,0,127740,1318156,1564380,1560000,2160000,2160000,877503747,877783747,878343747,881343747,878343747,878343747
2549,부동산신탁,16953,대신자산신탁,B,SM005,요약재무상태표(‘11.03월 이후),A83,Ⅷ. 기타자산_미수수익,,,,,,,,,,,,,,,,,,,,,,,,,,,,,,,,,,180657636,353455294,530870626,739412179,457470503,1339927817,2036371659,1995902017,1761176142,2198742615,2326823864,2349180662,1411005916,2815517383,4123356649,5041623987,5637747824,8597164346,11647822466,14693303252,15831174404
2550,부동산신탁,16953,대신자산신탁,B,SM005,요약재무상태표(‘11.03월 이후),A830,Ⅷ. 기타자산_미수수익_미수수수료,,,,,,,,,,,,,,,,,,,,,,,,,,,,,,,,,,0,0,0,0,0,731868773,1283303225,1480570118,821829967,823851426,834820427,1160637443,1373790210,2552934045,3950112834,4905844260,5466391680,8346348300,11271660678,14182761361,15322093365
2551,부동산신탁,16953,대신자산신탁,B,SM005,요약재무상태표(‘11.03월 이후),A831,Ⅷ. 기타자산_미수수익_미수이자,,,,,,,,,,,,,,,,,,,,,,,,,,,,,,,,,,31979589,32883699,32883699,31151918,31565753,19733014,18905343,0,0,14052603,14064726,13529589,29589,6067451,40903889,97853538,153000609,243184204,362877730,502712383,492047321
2552,부동산신탁,16953,대신자산신탁,B,SM005,요약재무상태표(‘11.03월 이후),A832,Ⅷ. 기타자산_미수수익_미수배당금,,,,,,,,,,,,,,,,,,,,,,,,,,,,,,,,,,0,0, ,0,0,0,0,0,0,0,0,0,0,0,0,0,0,0,0,0,0
2553,부동산신탁,16953,대신자산신탁,B,SM005,요약재무상태표(‘11.03월 이후),A833,Ⅷ. 기타자산_미수수익_미수분배금,,,,,,,,,,,,,,,,,,,,,,,,,,,,,,,,,,0,0, ,0,0,0,0,0,0,0,0,0,0,0,0,0,0,0,0,0,0
2554,부동산신탁,16953,대신자산신탁,B,SM005,요약재무상태표(‘11.03월 이후),A834,Ⅷ. 기타자산_미수수익_기타,,,,,,,,,,,,,,,,,,,,,,,,,,,,,,,,,,148678047,320571595,497986927,708260261,425904750,588326030,734163091,515331899,939346175,1360838586,1477938711,1175013630,37186117,256515887,132339926,37926189,18355535,7631842,13284058,7829508,17033718
2555,부동산신탁,16953,대신자산신탁,B,SM005,요약재무상태표(‘11.03월 이후),A84,Ⅷ. 기타자산_선급금,,,,,,,,,,,,,,,,,,,,,,,,,,,,,,,,,,251810274,241911274,268443274,256278574,265881824,285662224,369808174,221452700,227637700,7481300,29016000,13646000,538796838,717353276,764295507,535611082,617154925,955088225,526406347,337973780,387448983
2556,부동산신탁,16953,대신자산신탁,B,SM005,요약재무상태표(‘11.03월 이후),A85,Ⅷ. 기타자산_선급비용,,,,,,,,,,,,,,,,,,,,,,,,,,,,,,,,,,0,0, ,0,0,0,0,0,0,5065958,10270817,5237246,10278009,20745869,20206898,19667927,24868675,27744926,22662147,29635594,28806550
2557,부동산신탁,16953,대신자산신탁,B,SM005,요약재무상태표(‘11.03월 이후),A86,Ⅷ. 기타자산_선급제세,,,,,,,,,,,,,,,,,,,,,,,,,,,,,,,,,,58056780,114511230,150942250,67515040,99174840,72603627,92025197,0,0,0,0,0,0,0,0,0,0,0,0,0,0
2558,부동산신탁,16953,대신자산신탁,B,SM005,요약재무상태표(‘11.03월 이후),A87,Ⅷ. 기타자산_대리점,,,,,,,,,,,,,,,,,,,,,,,,,,,,,,,,,,0,0, ,0,0,0,0,0,0,0,0,0,0,0,0,0,0,0,0,0,0
2559,부동산신탁,16953,대신자산신탁,B,SM005,요약재무상태표(‘11.03월 이후),A88,Ⅷ. 기타자산_본.지점,,,,,,,,,,,,,,,,,,,,,,,,,,,,,,,,,,0,0, ,0,0,0,0,0,0,0,0,0,0,0,0,0,0,0,0,0,0
2560,부동산신탁,16953,대신자산신탁,B,SM005,요약재무상태표(‘11.03월 이후),A89,Ⅷ. 기타자산_보증금,,,,,,,,,,,,,,,,,,,,,,,,,,,,,,,,,,269039327,304740555,306490741,308253339,310059257,311883549,485377185,479572680,481557942,483543204,684307838,576449344,580171570,583893796,515937914,523532429,530410058,538027125,545669003,553419422,579894033
2561,부동산신탁,16953,대신자산신탁,B,SM005,요약재무상태표(‘11.03월 이후),A890,Ⅷ. 기타자산_보증금_전세권,,,,,,,,,,,,,,,,,,,,,,,,,,,,,,,,,,0,0, ,0,0,0,0,0,0,0,0,0,0,0,0,0,0,0,0,0,0
2562,부동산신탁,16953,대신자산신탁,B,SM005,요약재무상태표(‘11.03월 이후),A891,Ⅷ. 기타자산_보증금_전신전화가입권,,,,,,,,,,,,,,,,,,,,,,,,,,,,,,,,,,0,0, ,0,0,0,0,0,0,0,0,0,0,0,0,0,0,0,0,0,0
2563,부동산신탁,16953,대신자산신탁,B,SM005,요약재무상태표(‘11.03월 이후),A892,Ⅷ. 기타자산_보증금_임차보증금,,,,,,,,,,,,,,,,,,,,,,,,,,,,,,,,,,269039327,304740555,306490741,308253339,310059257,311883549,485377185,479572680,481557942,483543204,684307838,576449344,580171570,583893796,515937914,523532429,530410058,538027125,545669003,553419422,579894033
2564,부동산신탁,16953,대신자산신탁,B,SM005,요약재무상태표(‘11.03월 이후),A893,Ⅷ. 기타자산_보증금_회원보증금,,,,,,,,,,,,,,,,,,,,,,,,,,,,,,,,,,0,0, ,0,0,0,0,0,0,0,0,0,0,0,0,0,0,0,0,0,0
2565,부동산신탁,16953,대신자산신탁,B,SM005,요약재무상태표(‘11.03월 이후),A894,Ⅷ. 기타자산_보증금_기타,,,,,,,,,,,,,,,,,,,,,,,,,,,,,,,,,,0,0, ,0,0,0,0,0,0,0,0,0,0,0,0,0,0,0,0,0,0
2566,부동산신탁,16953,대신자산신탁,B,SM005,요약재무상태표(‘11.03월 이후),A8A,Ⅷ. 기타자산_투자부동산,,,,,,,,,,,,,,,,,,,,,,,,,,,,,,,,,,0,0,0,0,0,0,0,0,0,0,0,0,0,0,0,0,0,0,0,0,0
2567,부동산신탁,16953,대신자산신탁,B,SM005,요약재무상태표(‘11.03월 이후),A8A0,Ⅷ. 기타자산_투자부동산_(손상차손누계액),,,,,,,,,,,,,,,,,,,,,,,,,,,,,,,,,,0,0, ,0,0,0,0,0,0,0,0,0,0,0,0,0,0,0,0,0,0
2568,부동산신탁,16953,대신자산신탁,B,SM005,요약재무상태표(‘11.03월 이후),A8A1,Ⅷ. 기타자산_투자부동산_토지,,,,,,,,,,,,,,,,,,,,,,,,,,,,,,,,,,0,0, ,0,0,0,0,0,0,0,0,0,0,0,0,0,0,0,0,0,0
2569,부동산신탁,16953,대신자산신탁,B,SM005,요약재무상태표(‘11.03월 이후),A8A2,Ⅷ. 기타자산_투자부동산_건물,,,,,,,,,,,,,,,,,,,,,,,,,,,,,,,,,,0,0, ,0,0,0,0,0,0,0,0,0,0,0,0,0,0,0,0,0,0
2570,부동산신탁,16953,대신자산신탁,B,SM005,요약재무상태표(‘11.03월 이후),A8A3,Ⅷ. 기타자산_투자부동산_건물감가상각누계액(-),,,,,,,,,,,,,,,,,,,,,,,,,,,,,,,,,,0,0, ,0,0,0,0,0,0,0,0,0,0,0,0,0,0,0,0,0,0
2571,부동산신탁,16953,대신자산신탁,B,SM005,요약재무상태표(‘11.03월 이후),A8B,Ⅷ. 기타자산_무형자산,,,,,,,,,,,,,,,,,,,,,,,,,,,,,,,,,,804272218,779626219,1049039809,988877492,930649857,915363177,902013564,836934249,771854934,923629055,847505738,836001187,756535519,700327314,621571978,540827476,501186307,418351826,384111657,312547951,270331110
2572,부동산신탁,16953,대신자산신탁,B,SM005,요약재무상태표(‘11.03월 이후),A8B0,Ⅷ. 기타자산_무형자산_(손상차손누계액),,,,,,,,,,,,,,,,,,,,,,,,,,,,,,,,,,0,0, ,0,0,0,0,0,0,0,0,0,0,0,0,0,0,0,0,0,0
2573,부동산신탁,16953,대신자산신탁,B,SM005,요약재무상태표(‘11.03월 이후),A8B1,Ⅷ. 기타자산_무형자산_영업권,,,,,,,,,,,,,,,,,,,,,,,,,,,,,,,,,,0,0, ,0,0,0,0,0,0,0,0,0,0,0,0,0,0,0,0,0,0
2574,부동산신탁,16953,대신자산신탁,B,SM005,요약재무상태표(‘11.03월 이후),A8B2,Ⅷ. 기타자산_무형자산_개발비,,,,,,,,,,,,,,,,,,,,,,,,,,,,,,,,,,0,0, ,0,0,0,0,0,0,0,0,0,0,0,0,0,0,0,0,0,0
2575,부동산신탁,16953,대신자산신탁,B,SM005,요약재무상태표(‘11.03월 이후),A8B3,Ⅷ. 기타자산_무형자산_소프트웨어,,,,,,,,,,,,,,,,,,,,,,,,,,,,,,,,,,200146949,207821948,509556536,481716434,455810097,472844723,491816408,459058391,426300374,610395801,566593782,587410529,540266159,516379260,469945222,421522018,414202147,363688972,361770101,312164114,270321110
2576,부동산신탁,16953,대신자산신탁,B,SM005,요약재무상태표(‘11.03월 이후),A8B4,Ⅷ. 기타자산_무형자산_회원권,,,,,,,,,,,,,,,,,,,,,,,,,,,,,,,,,,0,0, ,0,0,0,0,0,0,0,0,0,0,0,0,0,0,0,0,0,0
2577,부동산신탁,16953,대신자산신탁,B,SM005,요약재무상태표(‘11.03월 이후),A8B5,Ⅷ. 기타자산_무형자산_기타,,,,,,,,,,,,,,,,,,,,,,,,,,,,,,,,,,604125269,571804271,539483273,507161058,474839760,442518454,410197156,377875858,345554560,313233254,280911956,248590658,216269360,183948054,151626756,119305458,86984160,54662854,22341556,383837,10000
2578,부동산신탁,16953,대신자산신탁,B,SM005,요약재무상태표(‘11.03월 이후),A8C,Ⅷ. 기타자산_가지급금,,,,,,,,,,,,,,,,,,,,,,,,,,,,,,,,,,0,0, ,0,0,0,0,0,0,0,0,0,0,0,0,0,0,0,0,0,0
2579,부동산신탁,16953,대신자산신탁,B,SM005,요약재무상태표(‘11.03월 이후),A8D,Ⅷ. 기타자산_이연법인세자산,,,,,,,,,,,,,,,,,,,,,,,,,,,,,,,,,,323246880,465327558,520736532,585983909,422020946,362013747,116366358,0,0,186557803,88669509,0,545071471,1301467023,748019390,443040929,743565518,777975009,0,386782636,599486376
2580,부동산신탁,16953,대신자산신탁,B,SM005,요약재무상태표(‘11.03월 이후),A8E,Ⅷ. 기타자산_일반상품,,,,,,,,,,,,,,,,,,,,,,,,,,,,,,,,,,0,0, ,0,0,0,0,0,0,0,0,0,0,0,0,0,0,0,0,0,0
2581,부동산신탁,16953,대신자산신탁,B,SM005,요약재무상태표(‘11.03월 이후),A8F,Ⅷ. 기타자산_기타,,,,,,,,,,,,,,,,,,,,,,,,,,,,,,,,,,0,0,0,0,0,0,0,0,0,0,0,0,261587497,0,0,0,0,0,0,0,0
2582,부동산신탁,16953,대신자산신탁,B,SM005,요약재무상태표(‘11.03월 이후),A8G,Ⅷ. 기타자산_대손충당금(-),,,,,,,,,,,,,,,,,,,,,,,,,,,,,,,,,,0,0,0,0,0,0,0,0,0,0,0,0,0,108148,497224,263846524,264349956,575700271,576775816,2486187055,3024928016
2583,부동산신탁,16953,대신자산신탁,B,SM005,요약재무상태표(‘11.03월 이후),A8G0,Ⅷ. 기타자산_대손충당금(-)_미수금대손충당금,,,,,,,,,,,,,,,,,,,,,,,,,,,,,,,,,,0,0, ,0,0,0,0,0,0,0,0,0,0,0,0,262603124,262603124,262603124,262603124,550271512,565070724
2584,부동산신탁,16953,대신자산신탁,B,SM005,요약재무상태표(‘11.03월 이후),A8G1,Ⅷ. 기타자산_대손충당금(-)_미수수익대손충당금,,,,,,,,,,,,,,,,,,,,,,,,,,,,,,,,,,0,0,0,0,0,0,0,0,0,0,0,0,0,108148,497224,1243400,1746832,313097147,314172692,1935915543,2459857292
2585,부동산신탁,16953,대신자산신탁,B,SM005,요약재무상태표(‘11.03월 이후),A8G10,Ⅷ. 기타자산_대손충당금(-)_미수수익대손충당금_미수수수료대손충당금,,,,,,,,,,,,,,,,,,,,,,,,,,,,,,,,,,0,0, ,0,0,0,0,0,0,0,0,0,0,0,0,0,0,310500000,310500000,1930928891,2455104076
2586,부동산신탁,16953,대신자산신탁,B,SM005,요약재무상태표(‘11.03월 이후),A8G11,Ⅷ. 기타자산_대손충당금(-)_미수수익대손충당금_미수이자대손충당금,,,,,,,,,,,,,,,,,,,,,,,,,,,,,,,,,,0,0, ,0,0,0,0,0,0,0,0,0,0,108148,497224,1243400,1746832,2597147,3672692,4986652,4753216
2587,부동산신탁,16953,대신자산신탁,B,SM005,요약재무상태표(‘11.03월 이후),A8G12,Ⅷ. 기타자산_대손충당금(-)_미수수익대손충당금_기타대손충당금,,,,,,,,,,,,,,,,,,,,,,,,,,,,,,,,,,0,0, ,0,0,0,0,0,0,0,0,0,0,0,0,0,0,0,0,0,0
2588,부동산신탁,16953,대신자산신탁,B,SM005,요약재무상태표(‘11.03월 이후),A8G2,Ⅷ. 기타자산_대손충당금(-)_선급금대손충당금,,,,,,,,,,,,,,,,,,,,,,,,,,,,,,,,,,0,0, ,0,0,0,0,0,0,0,0,0,0,0,0,0,0,0,0,0,0
2589,부동산신탁,16953,대신자산신탁,B,SM005,요약재무상태표(‘11.03월 이후),A8G3,Ⅷ. 기타자산_대손충당금(-)_기타대손충당금,,,,,,,,,,,,,,,,,,,,,,,,,,,,,,,,,,0,0, ,0,0,0,0,0,0,0,0,0,0,0,0,0,0,0,0,0,0
2590,부동산신탁,16953,대신자산신탁,B,SM005,요약재무상태표(‘11.03월 이후),B,부채총계,,,,,,,,,,,,,,,,,,,,,,,,,,,,,,,,,,1428631203,3590911635,4015696882,4723688522,4458208465,5697673756,6633779158,8384242468,9522482528,14613889952,17456717944,18712422080,20256544812,23979782419,17424799372,15220375661,15624134950,81456981349,110715130501,111985193584,135887112643
2591,부동산신탁,16953,대신자산신탁,B,SM005,요약재무상태표(‘11.03월 이후),B1,Ⅰ. 예수부채,,,,,,,,,,,,,,,,,,,,,,,,,,,,,,,,,,0,0,0,0,0,0,0,0,0,0,0,0,0,0,0,0,0,0,0,0,0
2592,부동산신탁,16953,대신자산신탁,B,SM005,요약재무상태표(‘11.03월 이후),B2,Ⅱ. 차입부채,,,,,,,,,,,,,,,,,,,,,,,,,,,,,,,,,,0,0,0,0,0,0,0,0,0,0,0,0,0,0,0,0,0,62000000000,93000000000,99000000000,116000000000
2593,부동산신탁,16953,대신자산신탁,B,SM005,요약재무상태표(‘11.03월 이후),B20,Ⅱ. 차입부채_(현재가치할인차금)(-),,,,,,,,,,,,,,,,,,,,,,,,,,,,,,,,,,0,0, ,0,0,0,0,0,0,0,0,0,0,0,0,0,0,0,0,0,0
2594,부동산신탁,16953,대신자산신탁,B,SM005,요약재무상태표(‘11.03월 이후),B21,Ⅱ. 차입부채_(현재가치할증차금)(+),,,,,,,,,,,,,,,,,,,,,,,,,,,,,,,,,,0,0, ,0,0,0,0,0,0,0,0,0,0,0,0,0,0,0,0,0,0
2595,부동산신탁,16953,대신자산신탁,B,SM005,요약재무상태표(‘11.03월 이후),B22,Ⅱ. 차입부채_차입금,,,,,,,,,,,,,,,,,,,,,,,,,,,,,,,,,,0,0,0,0,0,0,0,0,0,0,0,0,0,0,0,0,0,62000000000,93000000000,99000000000,116000000000
2596,부동산신탁,16953,대신자산신탁,B,SM005,요약재무상태표(‘11.03월 이후),B23,Ⅱ. 차입부채_매도증권,,,,,,,,,,,,,,,,,,,,,,,,,,,,,,,,,,0,0,0,0,0,0,0,0,0,0,0,0,0,0,0,0,0,0,0,0,0
2597,부동산신탁,16953,대신자산신탁,B,SM005,요약재무상태표(‘11.03월 이후),B24,Ⅱ. 차입부채_사채,,,,,,,,,,,,,,,,,,,,,,,,,,,,,,,,,,0,0,0,0,0,0,0,0,0,0,0,0,0,0,0,0,0,0,0,0,0
2598,부동산신탁,16953,대신자산신탁,B,SM005,요약재무상태표(‘11.03월 이후),B240,Ⅱ. 차입부채_(사채발행차금),,,,,,,,,,,,,,,,,,,,,,,,,,,,,,,,,,0,0, ,0,0,0,0,0,0,0,0,0,0,0,0,0,0,0,0,0,0
2599,부동산신탁,16953,대신자산신탁,B,SM005,요약재무상태표(‘11.03월 이후),B25,Ⅱ. 차입부채_발행어음(종금계정),,,,,,,,,,,,,,,,,,,,,,,,,,,,,,,,,,0,0, ,0,0,0,0,0,0,0,0,0,0,0,0,0,0,0,0,0,0
2600,부동산신탁,16953,대신자산신탁,B,SM005,요약재무상태표(‘11.03월 이후),B26,Ⅱ. 차입부채_기타,,,,,,,,,,,,,,,,,,,,,,,,,,,,,,,,,,0,0,0,0,0,0,0,0,0,0,0,0,0,0,0,0,0,0,0,0,0
2601,부동산신탁,16953,대신자산신탁,B,SM005,요약재무상태표(‘11.03월 이후),B3,Ⅳ. 기타부채,,,,,,,,,,,,,,,,,,,,,,,,,,,,,,,,,,1428631203,3590911635,4015696882,4723688522,4458208465,5697673756,6633779158,8384242468,9522482528,14613889952,17456717944,18712422080,20256544812,23979782419,17424799372,15220375661,15624134950,19456981349,17715130501,12985193584,19887112643
2602,부동산신탁,16953,대신자산신탁,B,SM005,요약재무상태표(‘11.03월 이후),B30,Ⅳ. 기타부채_(현재가치할인차금)(-),,,,,,,,,,,,,,,,,,,,,,,,,,,,,,,,,,0,0, ,0,0,0,0,0,0,0,0,0,0,0,0,0,0,0,0,0,0
2603,부동산신탁,16953,대신자산신탁,B,SM005,요약재무상태표(‘11.03월 이후),B31,Ⅳ. 기타부채_(현재가치할증차금)(+),,,,,,,,,,,,,,,,,,,,,,,,,,,,,,,,,,0,0, ,0,0,0,0,0,0,0,0,0,0,0,0,0,0,0,0,0,0
2604,부동산신탁,16953,대신자산신탁,B,SM005,요약재무상태표(‘11.03월 이후),B32,Ⅳ. 기타부채_퇴직급여부채,,,,,,,,,,,,,,,,,,,,,,,,,,,,,,,,,,271322839,36190235,61959674,87729113,86495295,165301629,183400632,62437125,80536128,123463317,158167458,-54201640,0,198635898,247227951,219892281,268484334,392986634,451885238,381369266,440267870
2605,부동산신탁,16953,대신자산신탁,B,SM005,요약재무상태표(‘11.03월 이후),B320,Ⅳ. 기타부채_퇴직급여부채_확정급여채무,,,,,,,,,,,,,,,,,,,,,,,,,,,,,,,,,,294340129,278093005,305279698,332466391,359653084,400801420,420232531,439663642,459094753,714788519,753936431,1373259343,1170317257,1482225447,1547285331,1612345215,1677405099,1883023283,1957279214,2025835145,2100091076
2606,부동산신탁,16953,대신자산신탁,B,SM005,요약재무상태표(‘11.03월 이후),B322,"Ⅳ. 기타부채_퇴직급여부채_미인식보험수리적손익(+,-)",,,,,,,,,,,,,,,,,,,,,,,,,,,,,,,,,,0,0, ,0,0,0,0,0,0,0,0,0,0,0,0,0,0,0,0,0,0
2607,부동산신탁,16953,대신자산신탁,B,SM005,요약재무상태표(‘11.03월 이후),B323,Ⅳ. 기타부채_퇴직급여부채_미인식과거근무원가(-),,,,,,,,,,,,,,,,,,,,,,,,,,,,,,,,,,0,0, ,0,0,0,0,0,0,0,0,0,0,0,0,0,0,0,0,0,0
2608,부동산신탁,16953,대신자산신탁,B,SM005,요약재무상태표(‘11.03월 이후),B324,Ⅳ. 기타부채_퇴직급여부채_사외적립자산(-),,,,,,,,,,,,,,,,,,,,,,,,,,,,,,,,,,23017290,241902770,243320024,244737278,273157789,235499791,236831899,377226517,378558625,591325202,595768973,1427460983,1170317257,1283589549,1300057380,1392452934,1408920765,1490036649,1505393976,1644465879,1659823206
2609,부동산신탁,16953,대신자산신탁,B,SM005,요약재무상태표(‘11.03월 이후),B33,Ⅳ. 기타부채_충당부채,,,,,,,,,,,,,,,,,,,,,,,,,,,,,,,,,,0,0,0,0,0,0,0,0,0,0,0,0,0,2245555520,0,0,0,0,0,0,0
2610,부동산신탁,16953,대신자산신탁,B,SM005,요약재무상태표(‘11.03월 이후),B330,Ⅳ. 기타부채_충당부채_채무보증충당부채,,,,,,,,,,,,,,,,,,,,,,,,,,,,,,,,,,0,0, ,0,0,0,0,0,0,0,0,0,0,0,0,0,0,0,0,0,0
2611,부동산신탁,16953,대신자산신탁,B,SM005,요약재무상태표(‘11.03월 이후),B331,Ⅳ. 기타부채_충당부채_복구충당부채,,,,,,,,,,,,,,,,,,,,,,,,,,,,,,,,,,0,0, ,0,0,0,0,0,0,0,0,0,0,0,0,0,0,0,0,0,0
2612,부동산신탁,16953,대신자산신탁,B,SM005,요약재무상태표(‘11.03월 이후),B332,Ⅳ. 기타부채_충당부채_특별대손충당금,,,,,,,,,,,,,,,,,,,,,,,,,,,,,,,,,,0,0, ,0,0,0,0,0,0,0,0,0,0,0,0,0,0,0,0,0,0
2613,부동산신탁,16953,대신자산신탁,B,SM005,요약재무상태표(‘11.03월 이후),B333,Ⅳ. 기타부채_충당부채_신탁위험충당금,,,,,,,,,,,,,,,,,,,,,,,,,,,,,,,,,,0,0, ,0,0,0,0,0,0,0,0,0,0,0,0,0,0,0,0,0,0
2614,부동산신탁,16953,대신자산신탁,B,SM005,요약재무상태표(‘11.03월 이후),B334,Ⅳ. 기타부채_충당부채_기타,,,,,,,,,,,,,,,,,,,,,,,,,,,,,,,,,,0,0, ,0,0,0,0,0,0,0,0,0,0,2245555520,0,0,0,0,0,0,0
2615,부동산신탁,16953,대신자산신탁,B,SM005,요약재무상태표(‘11.03월 이후),B34,Ⅳ. 기타부채_미지급법인세,,,,,,,,,,,,,,,,,,,,,,,,,,,,,,,,,,0,0, ,0,0,0,0,33580615,162974459,992555883,1221813183,1585846925,2203430153,2876843597,2539054951,590718280,1956660850,2484329606,2485417606,451094462,399263804
2616,부동산신탁,16953,대신자산신탁,B,SM005,요약재무상태표(‘11.03월 이후),B35,Ⅳ. 기타부채_미지급배당금,,,,,,,,,,,,,,,,,,,,,,,,,,,,,,,,,,0,0, ,0,0,0,0,0,0,0,0,0,0,0,0,0,0,0,0,0,0
2617,부동산신탁,16953,대신자산신탁,B,SM005,요약재무상태표(‘11.03월 이후),B36,Ⅳ. 기타부채_미지급금,,,,,,,,,,,,,,,,,,,,,,,,,,,,,,,,,,0,0, ,0,0,0,0,0,0,0,0,0,242089998,19053100,0,0,0,0,0,0,114400
2618,부동산신탁,16953,대신자산신탁,B,SM005,요약재무상태표(‘11.03월 이후),B37,Ⅳ. 기타부채_미지급비용,,,,,,,,,,,,,,,,,,,,,,,,,,,,,,,,,,104071156,186150409,123537201,154822110,262548660,538380936,381033864,376178625,482032211,2128900989,474351009,522520600,587313748,2995323648,705912614,648307062,725405163,3667458887,1010436416,862936928,1000679202
2619,부동산신탁,16953,대신자산신탁,B,SM005,요약재무상태표(‘11.03월 이후),B38,Ⅳ. 기타부채_임대보증금,,,,,,,,,,,,,,,,,,,,,,,,,,,,,,,,,,0,0, ,0,0,0,0,0,0,0,0,0,0,0,0,0,0,0,0,0,0
2620,부동산신탁,16953,대신자산신탁,B,SM005,요약재무상태표(‘11.03월 이후),B39,Ⅳ. 기타부채_선수금,,,,,,,,,,,,,,,,,,,,,,,,,,,,,,,,,,25000000,0,34000000,42700000,54000000,82790000,161530000,136000000,144000000,142600000,148600000,201200000,201200000,156900000,746900000,822500000,807500000,457500000,397500000,408100000,485913500
2621,부동산신탁,16953,대신자산신탁,B,SM005,요약재무상태표(‘11.03월 이후),B3A,Ⅳ. 기타부채_선수수익,,,,,,,,,,,,,,,,,,,,,,,,,,,,,,,,,,28898968,315620240,853401653,1177798806,603158733,1842793325,2061292463,4387772604,5182520291,8137237144,10684068479,10258713049,11056697101,10462612057,8326624881,8279927646,7060705686,6912603190,6053303784,5054937327,6000292410
2622,부동산신탁,16953,대신자산신탁,B,SM005,요약재무상태표(‘11.03월 이후),B3B,Ⅳ. 기타부채_가수금,,,,,,,,,,,,,,,,,,,,,,,,,,,,,,,,,,0,0, ,0,0,0,0,0,0,0,0,0,0,0,0,0,0,0,0,0,0
2623,부동산신탁,16953,대신자산신탁,B,SM005,요약재무상태표(‘11.03월 이후),B3C,Ⅳ. 기타부채_대리점,,,,,,,,,,,,,,,,,,,,,,,,,,,,,,,,,,0,0, ,0,0,0,0,0,0,0,0,0,0,0,0,0,0,0,0,0,0
2624,부동산신탁,16953,대신자산신탁,B,SM005,요약재무상태표(‘11.03월 이후),B3D,Ⅳ. 기타부채_본.지점,,,,,,,,,,,,,,,,,,,,,,,,,,,,,,,,,,0,0, ,0,0,0,0,0,0,0,0,0,0,0,0,0,0,0,0,0,0
2625,부동산신탁,16953,대신자산신탁,B,SM005,요약재무상태표(‘11.03월 이후),B3E,Ⅳ. 기타부채_이연법인세부채,,,,,,,,,,,,,,,,,,,,,,,,,,,,,,,,,,0,0, ,0,0,0,0,63067870,339690322,0,0,230920019,0,0,0,0,0,0,204502918,0,0
2626,부동산신탁,16953,대신자산신탁,B,SM005,요약재무상태표(‘11.03월 이후),B3F,Ⅳ. 기타부채_제세금예수금,,,,,,,,,,,,,,,,,,,,,,,,,,,,,,,,,,62774880,91944930,119511125,575811664,906385173,662224568,563440616,225244962,240433529,410279961,646839613,967961660,1130321123,410530586,364713257,332344616,675294893,1613237672,3373766085,2250825651,8157333608
2627,부동산신탁,16953,대신자산신탁,B,SM005,요약재무상태표(‘11.03월 이후),B3G,Ⅳ. 기타부채_신탁계정차,,,,,,,,,,,,,,,,,,,,,,,,,,,,,,,,,,0,0, ,0,0,0,0,0,0,0,0,0,0,0,0,0,0,0,0,0,0
2628,부동산신탁,16953,대신자산신탁,B,SM005,요약재무상태표(‘11.03월 이후),B3H,Ⅳ. 기타부채_기타,,,,,,,,,,,,,,,,,,,,,,,,,,,,,,,,,,936563360,2961005821,2823287229,2684826829,2545620604,2406183298,3283081583,3099960667,2890295588,2678852658,4122878202,4999461467,4835492689,4614328013,4494365718,4326685776,4130084024,3928865360,3738318454,3575929950,3403247849
2629,부동산신탁,16953,대신자산신탁,B,SM005,요약재무상태표(‘11.03월 이후),B4,Ⅲ. 파생상품부채,,,,,,,,,,,,,,,,,,,,,,,,,,,,,,,,,,0,0,0,0,0,0,0,0,0,0,0,0,0,0,0,0,0,0,0,0,0
2630,부동산신탁,16953,대신자산신탁,B,SM005,요약재무상태표(‘11.03월 이후),B40,Ⅲ. 파생상품부채_이자율관련,,,,,,,,,,,,,,,,,,,,,,,,,,,,,,,,,,0,0,0,0,0,0,0,0,0,0,0,0,0,0,0,0,0,0,0,0,0
2631,부동산신탁,16953,대신자산신탁,B,SM005,요약재무상태표(‘11.03월 이후),B41,Ⅲ. 파생상품부채_통화관련,,,,,,,,,,,,,,,,,,,,,,,,,,,,,,,,,,0,0,0,0,0,0,0,0,0,0,0,0,0,0,0,0,0,0,0,0,0
2632,부동산신탁,16953,대신자산신탁,B,SM005,요약재무상태표(‘11.03월 이후),B42,Ⅲ. 파생상품부채_주식관련,,,,,,,,,,,,,,,,,,,,,,,,,,,,,,,,,,0,0,0,0,0,0,0,0,0,0,0,0,0,0,0,0,0,0,0,0,0
2633,부동산신탁,16953,대신자산신탁,B,SM005,요약재무상태표(‘11.03월 이후),B43,Ⅲ. 파생상품부채_신용관련,,,,,,,,,,,,,,,,,,,,,,,,,,,,,,,,,,0,0,0,0,0,0,0,0,0,0,0,0,0,0,0,0,0,0,0,0,0
2634,부동산신탁,16953,대신자산신탁,B,SM005,요약재무상태표(‘11.03월 이후),B44,Ⅲ. 파생상품부채_상품관련,,,,,,,,,,,,,,,,,,,,,,,,,,,,,,,,,,0,0,0,0,0,0,0,0,0,0,0,0,0,0,0,0,0,0,0,0,0
2635,부동산신탁,16953,대신자산신탁,B,SM005,요약재무상태표(‘11.03월 이후),B45,Ⅲ. 파생상품부채_기타파생상품부채,,,,,,,,,,,,,,,,,,,,,,,,,,,,,,,,,,0,0, ,0,0,0,0,0,0,0,0,0,0,0,0,0,0,0,0,0,0
2636,부동산신탁,16953,대신자산신탁,B,SM005,요약재무상태표(‘11.03월 이후),B46,Ⅲ. 파생상품부채_파생상품 신용위험평가조정액,,,,,,,,,,,,,,,,,,,,,,,,,,,,,,,,,,0,0,0,0,0,0,0,0,0,0,0,0,0,0,0,0,0,0,0,0,0
2637,부동산신탁,16953,대신자산신탁,B,SM005,요약재무상태표(‘11.03월 이후),B47,Ⅲ. 파생상품부채_파생상품 거래일손익인식평가조정액,,,,,,,,,,,,,,,,,,,,,,,,,,,,,,,,,,0,0, ,0,0,0,0,0,0,0,0,0,0,0,0,0,0,0,0,0,0
2638,부동산신탁,16953,대신자산신탁,B,SM005,요약재무상태표(‘11.03월 이후),B5,Ⅴ. 요구불상환지분,,,,,,,,,,,,,,,,,,,,,,,,,,,,,,,,,,0,0,0,0,0,0,0,0,0,0,0,0,0,0,0,0,0,0,0,0,0
2639,부동산신탁,16953,대신자산신탁,B,SM005,요약재무상태표(‘11.03월 이후),C,자본총계,,,,,,,,,,,,,,,,,,,,,,,,,,,,,,,,,,97340599312,96745100020,96458278719,96104338365,96694299409,97151853906,97878626023,148525600277,149857130587,150788758374,151962696541,156266001144,157467066390,156763816358,159834759780,159821325952,164689466056,167496531795,169106646618,170311830859,170659993168
2640,부동산신탁,16953,대신자산신탁,B,SM005,요약재무상태표(‘11.03월 이후),C1,Ⅰ. 자본금,,,,,,,,,,,,,,,,,,,,,,,,,,,,,,,,,,100000000000,100000000000,100000000000,100000000000,100000000000,100000000000,100000000000,110000000000,110000000000,110000000000,110000000000,110000000000,110000000000,110000000000,110000000000,110000000000,110000000000,111000000000,111000000000,111000000000,111000000000
2641,부동산신탁,16953,대신자산신탁,B,SM005,요약재무상태표(‘11.03월 이후),C10,Ⅰ. 자본금_보통주자본금,,,,,,,,,,,,,,,,,,,,,,,,,,,,,,,,,,100000000000,100000000000,100000000000,100000000000,100000000000,100000000000,100000000000,110000000000,110000000000,110000000000,110000000000,110000000000,110000000000,110000000000,110000000000,110000000000,110000000000,111000000000,111000000000,111000000000,111000000000
2642,부동산신탁,16953,대신자산신탁,B,SM005,요약재무상태표(‘11.03월 이후),C11,Ⅰ. 자본금_우선주자본금,,,,,,,,,,,,,,,,,,,,,,,,,,,,,,,,,,0,0,0,0,0,0,0,0,0,0,0,0,0,0,0,0,0,0,0,0,0
2643,부동산신탁,16953,대신자산신탁,B,SM005,요약재무상태표(‘11.03월 이후),C110,Ⅰ. 자본금_우선주자본금_상환우선주,,,,,,,,,,,,,,,,,,,,,,,,,,,,,,,,,,0,0, ,0,0,0,0,0,0,0,0,0,0,0,0,0,0,0,0,0,0
2644,부동산신탁,16953,대신자산신탁,B,SM005,요약재무상태표(‘11.03월 이후),C111,Ⅰ. 자본금_우선주자본금_전환우선주,,,,,,,,,,,,,,,,,,,,,,,,,,,,,,,,,,0,0, ,0,0,0,0,0,0,0,0,0,0,0,0,0,0,0,0,0,0
2645,부동산신탁,16953,대신자산신탁,B,SM005,요약재무상태표(‘11.03월 이후),C112,Ⅰ. 자본금_우선주자본금_기타,,,,,,,,,,,,,,,,,,,,,,,,,,,,,,,,,,0,0, ,0,0,0,0,0,0,0,0,0,0,0,0,0,0,0,0,0,0
2646,부동산신탁,16953,대신자산신탁,B,SM005,요약재무상태표(‘11.03월 이후),C2,Ⅱ. 자본잉여금,,,,,,,,,,,,,,,,,,,,,,,,,,,,,,,,,,0,0,0,0,0,0,0,38416000000,38416000000,38416000000,38416000000,38416000000,38416000000,38416000000,38416000000,38416000000,38416000000,42460063000,42460063000,42460063000,42460063000
2647,부동산신탁,16953,대신자산신탁,B,SM005,요약재무상태표(‘11.03월 이후),C20,Ⅱ. 자본잉여금_주식발행초과금,,,,,,,,,,,,,,,,,,,,,,,,,,,,,,,,,,0,0, ,0,0,0,0,38416000000,38416000000,38416000000,38416000000,38416000000,38416000000,38416000000,38416000000,38416000000,38416000000,42460063000,42460063000,42460063000,42460063000
2648,부동산신탁,16953,대신자산신탁,B,SM005,요약재무상태표(‘11.03월 이후),C21,Ⅱ. 자본잉여금_감자차익,,,,,,,,,,,,,,,,,,,,,,,,,,,,,,,,,,0,0, ,0,0,0,0,0,0,0,0,0,0,0,0,0,0,0,0,0,0
2649,부동산신탁,16953,대신자산신탁,B,SM005,요약재무상태표(‘11.03월 이후),C22,Ⅱ. 자본잉여금_자기주식처분이익,,,,,,,,,,,,,,,,,,,,,,,,,,,,,,,,,,0,0, ,0,0,0,0,0,0,0,0,0,0,0,0,0,0,0,0,0,0
2650,부동산신탁,16953,대신자산신탁,B,SM005,요약재무상태표(‘11.03월 이후),C23,Ⅱ. 자본잉여금_기타자본잉여금,,,,,,,,,,,,,,,,,,,,,,,,,,,,,,,,,,0,0, ,0,0,0,0,0,0,0,0,0,0,0,0,0,0,0,0,0,0
2651,부동산신탁,16953,대신자산신탁,B,SM005,요약재무상태표(‘11.03월 이후),C3,Ⅲ. 자본조정,,,,,,,,,,,,,,,,,,,,,,,,,,,,,,,,,,-1440000000,-1440000000,-1440000000,-1440000000,-1440000000,-1440000000,-1440000000,0,0,0,0,0,0,0,0,0,0,0,0,0,0
2652,부동산신탁,16953,대신자산신탁,B,SM005,요약재무상태표(‘11.03월 이후),C30,Ⅲ. 자본조정_주식할인발행차금,,,,,,,,,,,,,,,,,,,,,,,,,,,,,,,,,,0,0, ,0,0,0,0,0,0,0,0,0,0,0,0,0,0,0,0,0,0
2653,부동산신탁,16953,대신자산신탁,B,SM005,요약재무상태표(‘11.03월 이후),C31,Ⅲ. 자본조정_자기주식,,,,,,,,,,,,,,,,,,,,,,,,,,,,,,,,,,0,0, ,0,0,0,0,0,0,0,0,0,0,0,0,0,0,0,0,0,0
2654,부동산신탁,16953,대신자산신탁,B,SM005,요약재무상태표(‘11.03월 이후),C32,Ⅲ. 자본조정_자기주식처분손실,,,,,,,,,,,,,,,,,,,,,,,,,,,,,,,,,,0,0, ,0,0,0,0,0,0,0,0,0,0,0,0,0,0,0,0,0,0
2655,부동산신탁,16953,대신자산신탁,B,SM005,요약재무상태표(‘11.03월 이후),C33,Ⅲ. 자본조정_주식매입선택권,,,,,,,,,,,,,,,,,,,,,,,,,,,,,,,,,,0,0, ,0,0,0,0,0,0,0,0,0,0,0,0,0,0,0,0,0,0
2656,부동산신탁,16953,대신자산신탁,B,SM005,요약재무상태표(‘11.03월 이후),C34,Ⅲ. 자본조정_신주청약증거금,,,,,,,,,,,,,,,,,,,,,,,,,,,,,,,,,,0,0, ,0,0,0,0,0,0,0,0,0,0,0,0,0,0,0,0,0,0
2657,부동산신탁,16953,대신자산신탁,B,SM005,요약재무상태표(‘11.03월 이후),C35,Ⅲ. 자본조정_기타,,,,,,,,,,,,,,,,,,,,,,,,,,,,,,,,,,-1440000000,-1440000000,-1440000000,-1440000000,-1440000000,-1440000000,-1440000000,0,0,0,0,0,0,0,0,0,0,0,0,0,0
2658,부동산신탁,16953,대신자산신탁,B,SM005,요약재무상태표(‘11.03월 이후),C4,Ⅳ. 기타포괄손익누계액,,,,,,,,,,,,,,,,,,,,,,,,,,,,,,,,,,0,141366,141366,141366,141366,-123160103,-123160103,-123160103,-123160103,-377256562,-377256562,-377256562,-377256562,-742655510,-748438325,-748438325,-748438325,-824038133,-824038133,-824038133,-824038133
2659,부동산신탁,16953,대신자산신탁,B,SM005,요약재무상태표(‘11.03월 이후),C40,Ⅳ. 기타포괄손익누계액_기타포괄손익-공정가치측정금융자산평가손익,,,,,,,,,,,,,,,,,,,,,,,,,,,,,,,,,,0,0,0,0,0,0,0,0,0,0,0,0,0,0,0,0,0,0,0,0,0
2660,부동산신탁,16953,대신자산신탁,B,SM005,요약재무상태표(‘11.03월 이후),C41,Ⅳ. 기타포괄손익누계액_기타포괄손익-공정가치측정금융자산처분손익,,,,,,,,,,,,,,,,,,,,,,,,,,,,,,,,,,0,0, ,0,0,0,0,0,0,0,0,0,0,0,0,0,0,0,0,0,0
2661,부동산신탁,16953,대신자산신탁,B,SM005,요약재무상태표(‘11.03월 이후),C42,Ⅳ. 기타포괄손익누계액_지분법 자본변동,,,,,,,,,,,,,,,,,,,,,,,,,,,,,,,,,,0,0, ,0,0,0,0,0,0,0,0,0,0,0,0,0,0,0,0,0,0
2662,부동산신탁,16953,대신자산신탁,B,SM005,요약재무상태표(‘11.03월 이후),C43,Ⅳ. 기타포괄손익누계액_부의 지분법 자본변동,,,,,,,,,,,,,,,,,,,,,,,,,,,,,,,,,,0,0, ,0,0,0,0,0,0,0,0,0,0,0,0,0,0,0,0,0,0
2663,부동산신탁,16953,대신자산신탁,B,SM005,요약재무상태표(‘11.03월 이후),C44,Ⅳ. 기타포괄손익누계액_위험회피 파생상품평가손익,,,,,,,,,,,,,,,,,,,,,,,,,,,,,,,,,,0,0, ,0,0,0,0,0,0,0,0,0,0,0,0,0,0,0,0,0,0
2664,부동산신탁,16953,대신자산신탁,B,SM005,요약재무상태표(‘11.03월 이후),C45,Ⅳ. 기타포괄손익누계액_외환차이누계액,,,,,,,,,,,,,,,,,,,,,,,,,,,,,,,,,,0,0, ,0,0,0,0,0,0,0,0,0,0,0,0,0,0,0,0,0,0
2665,부동산신탁,16953,대신자산신탁,B,SM005,요약재무상태표(‘11.03월 이후),C46,Ⅳ. 기타포괄손익누계액_유형자산재평가이익,,,,,,,,,,,,,,,,,,,,,,,,,,,,,,,,,,0,0, ,0,0,0,0,0,0,0,0,0,0,0,0,0,0,0,0,0,0
2666,부동산신탁,16953,대신자산신탁,B,SM005,요약재무상태표(‘11.03월 이후),C47,Ⅳ. 기타포괄손익누계액_기타,,,,,,,,,,,,,,,,,,,,,,,,,,,,,,,,,,0,141366,141366,141366,141366,-123160103,-123160103,-123160103,-123160103,-377256562,-377256562,-377256562,-377256562,-742655510,-748438325,-748438325,-748438325,-824038133,-824038133,-824038133,-824038133
2667,부동산신탁,16953,대신자산신탁,B,SM005,요약재무상태표(‘11.03월 이후),C5,Ⅴ. 이익잉여금,,,,,,,,,,,,,,,,,,,,,,,,,,,,,,,,,,-1219400688,-1815041346,-2101862647,-2455803001,-1865841957,-1284985991,-558213874,232760380,1564290690,2750014936,3923953103,8227257706,9428322952,9090471868,12167198105,12153764277,17021904381,14860506928,16470621751,17675805992,18023968301
2668,부동산신탁,16953,대신자산신탁,B,SM005,요약재무상태표(‘11.03월 이후),C50,Ⅴ. 이익잉여금_이익준비금,,,,,,,,,,,,,,,,,,,,,,,,,,,,,,,,,,0,0, ,0,0,0,0,0,0,0,154000000,154000000,154000000,154000000,391600000,391600000,391600000,391600000,897600000,897600000,897600000
2669,부동산신탁,16953,대신자산신탁,B,SM005,요약재무상태표(‘11.03월 이후),C51,Ⅴ. 이익잉여금_대손준비금,,,,,,,,,,,,,,,,,,,,,,,,,,,,,,,,,,0,0, ,0,0,0,0,0,0,0,39763530,39763530,39763530,39763530,332124812,332124812,332124812,332124812,11397752100,11397752100,11397752100
2670,부동산신탁,16953,대신자산신탁,B,SM005,요약재무상태표(‘11.03월 이후),C52,Ⅴ. 이익잉여금_전자금융사고배상준비금,,,,,,,,,,,,,,,,,,,,,,,,,,,,,,,,,,0,0, ,0,0,0,0,0,0,0,0,0,0,0,0,0,0,0,0,0,0
2671,부동산신탁,16953,대신자산신탁,B,SM005,요약재무상태표(‘11.03월 이후),C53,Ⅴ. 이익잉여금_기타법정준비금,,,,,,,,,,,,,,,,,,,,,,,,,,,,,,,,,,0,0, ,0,0,0,0,0,0,0,0,0,0,0,0,0,0,0,0,0,0
2672,부동산신탁,16953,대신자산신탁,B,SM005,요약재무상태표(‘11.03월 이후),C54,Ⅴ. 이익잉여금_신탁사업적립금,,,,,,,,,,,,,,,,,,,,,,,,,,,,,,,,,,0,0, ,0,0,0,53005536,53005536,53005536,53005536,456505629,456505629,456505629,456505629,1244551322,1244551322,1244551322,1244551322,2565154828,2565154828,2565154828
2673,부동산신탁,16953,대신자산신탁,B,SM005,요약재무상태표(‘11.03월 이후),C55,Ⅴ. 이익잉여금_임의적립금,,,,,,,,,,,,,,,,,,,,,,,,,,,,,,,,,,0,0, ,0,0,0,0,0,0,0,0,0,0,0,0,0,0,0,0,0,0
2674,부동산신탁,16953,대신자산신탁,B,SM005,요약재무상태표(‘11.03월 이후),C56,Ⅴ. 이익잉여금_미처분이익잉여금,,,,,,,,,,,,,,,,,,,,,,,,,,,,,,,,,,-1219400688,-1815041346,-2101862647,-2455803001,-1865841957,-1284985991,-611219410,179754844,1511285154,2697009400,3273683944,7576988547,8778053793,8440202709,10198921971,10185488143,15053628247,12892230794,1610114823,2815299064,3163461373
2675,부동산신탁,16953,대신자산신탁,B,SM005,요약재무상태표(‘11.03월 이후),C57,Ⅴ. 이익잉여금_(당기순이익),,,,,,,,,,,,,,,,,,,,,,,,,,,,,,,,,,-1219400688,-1815041346,-286821301,-640761655,-50800611,530055355,726772117,1517746371,2849276681,4035000927,2713938167,7017242770,8218308016,7880456932,5452726237,5439292409,10307432513,13206035060,1610114823,2815299064,3163461373
2676,부동산신탁,17106,한국투자부동산신탁,B,SM005,요약재무상태표(‘11.03월 이후),A,자산총계,,,,,,,,,,,,,,,,,,,,,,,,,,,,,,,,,,,47343629436,44770063371,42684881063,40528833500,39888333264,39451683414,189589336422,191895927962,196005917063,199413702456,207060611531,214125327813,220963338898,225213071882,226584286565,235964564424,332680523986,377989247061,452610667708,526059171349
2677,부동산신탁,17106,한국투자부동산신탁,B,SM005,요약재무상태표(‘11.03월 이후),A1,Ⅰ. 현금 및 예치금,,,,,,,,,,,,,,,,,,,,,,,,,,,,,,,,,,,39869034018,37166253993,35280473377,33397695789,31962525872,30542778016,158708942833,171842417691,175713965096,166629064137,160868051677,146495286066,119646291581,95792825764,45210032849,13216356203,19282914535,16040700783,26874707761,31900075088
2678,부동산신탁,17106,한국투자부동산신탁,B,SM005,요약재무상태표(‘11.03월 이후),A10,Ⅰ. 현금 및 예치금_현금 및 현금성 자산,,,,,,,,,,,,,,,,,,,,,,,,,,,,,,,,,,,919034018,166253993,280473377,397695789,13962525872,5542778016,26708942833,28842417691,37713965096,11629064137,32868051677,86495286066,56646291581,75792825764,45210032849,13216356203,19282914535,16040700783,26874707761,31900075088
2679,부동산신탁,17106,한국투자부동산신탁,B,SM005,요약재무상태표(‘11.03월 이후),A100,Ⅰ. 현금 및 예치금_현금 및 현금성 자산_현금,,,,,,,,,,,,,,,,,,,,,,,,,,,,,,,,,,, , , , , , , , , , , , , , , , , , , , 
2680,부동산신탁,17106,한국투자부동산신탁,B,SM005,요약재무상태표(‘11.03월 이후),A101,Ⅰ. 현금 및 예치금_현금 및 현금성 자산_정기예.적금,,,,,,,,,,,,,,,,,,,,,,,,,,,,,,,,,,, , , , ,10000000000, ,19000000000,19000000000,25000000000, ,22000000000,75000000000,50000000000,54000000000,20000000000, , , , , 
2681,부동산신탁,17106,한국투자부동산신탁,B,SM005,요약재무상태표(‘11.03월 이후),A102,Ⅰ. 현금 및 예치금_현금 및 현금성 자산_보통예금,,,,,,,,,,,,,,,,,,,,,,,,,,,,,,,,,,,21816915,8331905,3847542,2909046,13632094,22602432,3705507,10670281,12655511,4550440,6088051,25841968,7529808,11845699,143786787,4040424,470529,835738,240897372,67039499
2682,부동산신탁,17106,한국투자부동산신탁,B,SM005,요약재무상태표(‘11.03월 이후),A103,Ⅰ. 현금 및 예치금_현금 및 현금성 자산_당좌예금,,,,,,,,,,,,,,,,,,,,,,,,,,,,,,,,,,, , , , , , , , , , , , , , , , , , , , 
2683,부동산신탁,17106,한국투자부동산신탁,B,SM005,요약재무상태표(‘11.03월 이후),A104,Ⅰ. 현금 및 예치금_현금 및 현금성 자산_외화예금,,,,,,,,,,,,,,,,,,,,,,,,,,,,,,,,,,, , , , , , , , , , , , , , , , , , , , 
2684,부동산신탁,17106,한국투자부동산신탁,B,SM005,요약재무상태표(‘11.03월 이후),A105,Ⅰ. 현금 및 예치금_현금 및 현금성 자산_양도성예금증서,,,,,,,,,,,,,,,,,,,,,,,,,,,,,,,,,,, , , , , , , , , , , , , , , , , , , , 
2685,부동산신탁,17106,한국투자부동산신탁,B,SM005,요약재무상태표(‘11.03월 이후),A106,Ⅰ. 현금 및 예치금_현금 및 현금성 자산_MMDA,,,,,,,,,,,,,,,,,,,,,,,,,,,,,,,,,,, , , , , , , , , , , , , , , , , , , , 
2686,부동산신탁,17106,한국투자부동산신탁,B,SM005,요약재무상태표(‘11.03월 이후),A107,Ⅰ. 현금 및 예치금_현금 및 현금성 자산_MMF,,,,,,,,,,,,,,,,,,,,,,,,,,,,,,,,,,, , , , , , , , , , , , , , , , , , , , 
2687,부동산신탁,17106,한국투자부동산신탁,B,SM005,요약재무상태표(‘11.03월 이후),A108,Ⅰ. 현금 및 예치금_현금 및 현금성 자산_금융어음,,,,,,,,,,,,,,,,,,,,,,,,,,,,,,,,,,, , , , , , , , , , , , , , , , , , , , 
2688,부동산신탁,17106,한국투자부동산신탁,B,SM005,요약재무상태표(‘11.03월 이후),A109,Ⅰ. 현금 및 예치금_현금 및 현금성 자산_기타,,,,,,,,,,,,,,,,,,,,,,,,,,,,,,,,,,,897217103,157922088,276625835,394786743,3948893778,5520175584,7705237326,9831747410,12701309585,11624513697,10861963626,11469444098,6638761773,21780980065,25066246062,13212315779,19282444006,16039865045,26633810389,31833035589
2689,부동산신탁,17106,한국투자부동산신탁,B,SM005,요약재무상태표(‘11.03월 이후),A11,Ⅰ. 현금 및 예치금_예치금,,,,,,,,,,,,,,,,,,,,,,,,,,,,,,,,,,,38950000000,37000000000,35000000000,33000000000,18000000000,25000000000,132000000000,143000000000,138000000000,155000000000,128000000000,60000000000,63000000000,20000000000,0,0,0,0,0,0
2690,부동산신탁,17106,한국투자부동산신탁,B,SM005,요약재무상태표(‘11.03월 이후),A110,Ⅰ. 현금 및 예치금_예치금_장기성예금,,,,,,,,,,,,,,,,,,,,,,,,,,,,,,,,,,,4000000000,4000000000,4000000000,14000000000, , ,132000000000,143000000000,138000000000,155000000000,128000000000,60000000000,63000000000,20000000000, , , , , , 
2691,부동산신탁,17106,한국투자부동산신탁,B,SM005,요약재무상태표(‘11.03월 이후),A111,Ⅰ. 현금 및 예치금_예치금_특정예금 등,,,,,,,,,,,,,,,,,,,,,,,,,,,,,,,,,,, , , , , , , , , , , , , , , , , , , , 
2692,부동산신탁,17106,한국투자부동산신탁,B,SM005,요약재무상태표(‘11.03월 이후),A112,Ⅰ. 현금 및 예치금_예치금_신탁공탁금,,,,,,,,,,,,,,,,,,,,,,,,,,,,,,,,,,, , , , , , , , , , , , , , , , , , , , 
2693,부동산신탁,17106,한국투자부동산신탁,B,SM005,요약재무상태표(‘11.03월 이후),A113,Ⅰ. 현금 및 예치금_예치금_기타,,,,,,,,,,,,,,,,,,,,,,,,,,,,,,,,,,,34950000000,33000000000,31000000000,19000000000,18000000000,25000000000,0,0,0,0,0,0,0,0,0,0,0,0,0,0
2694,부동산신탁,17106,한국투자부동산신탁,B,SM005,요약재무상태표(‘11.03월 이후),A2,Ⅱ. 증권,,,,,,,,,,,,,,,,,,,,,,,,,,,,,,,,,,,9923300,20025100,20035400,20041600,801083400,1860630000,23153553499,10285197229,12041896475,18866589972,24175131814,25776036723,29068984946,28075040280,32556267562,43341382491,49065527838,52290736389,33372651007,35527954214
2695,부동산신탁,17106,한국투자부동산신탁,B,SM005,요약재무상태표(‘11.03월 이후),A20,Ⅱ. 증권_당기손익-공정가치측정증권,,,,,,,,,,,,,,,,,,,,,,,,,,,,,,,,,,,9923300,20025100,20035400,20041600,801083400,1860630000,23153553499,10285197229,12041896475,18866589972,24175131814,25776036723,29018958951,26581029358,28027303478,38736575403,44630440027,47793198325,28110457754,25129754639
2696,부동산신탁,17106,한국투자부동산신탁,B,SM005,요약재무상태표(‘11.03월 이후),A200,Ⅱ. 증권_당기손익-공정가치측정증권_주식,,,,,,,,,,,,,,,,,,,,,,,,,,,,,,,,,,, , , , , , , , , , , , , , , , , , , , 
2697,부동산신탁,17106,한국투자부동산신탁,B,SM005,요약재무상태표(‘11.03월 이후),A201,Ⅱ. 증권_당기손익-공정가치측정증권_국채·지방채,,,,,,,,,,,,,,,,,,,,,,,,,,,,,,,,,,, , , , , , , , , , , , , , , , , , , , 
2698,부동산신탁,17106,한국투자부동산신탁,B,SM005,요약재무상태표(‘11.03월 이후),A202,Ⅱ. 증권_당기손익-공정가치측정증권_특수채,,,,,,,,,,,,,,,,,,,,,,,,,,,,,,,,,,, , , , , , , , , , , , , , , , , , , , 
2699,부동산신탁,17106,한국투자부동산신탁,B,SM005,요약재무상태표(‘11.03월 이후),A203,Ⅱ. 증권_당기손익-공정가치측정증권_회사채,,,,,,,,,,,,,,,,,,,,,,,,,,,,,,,,,,, , , , , , ,10022516338, , , , , ,2600000000, , , , , , , 
2700,부동산신탁,17106,한국투자부동산신탁,B,SM005,요약재무상태표(‘11.03월 이후),A204,Ⅱ. 증권_당기손익-공정가치측정증권_집합투자증권,,,,,,,,,,,,,,,,,,,,,,,,,,,,,,,,,,,9923300,20025100,20035400,20041600,20039400,29586000,39806400,4954148229,5905665065,10093316196,11850841349,12191757713,12840470411,13605480376,14389726490,25102002909,31127541877,34266943503,14266879338,9768200880
2701,부동산신탁,17106,한국투자부동산신탁,B,SM005,요약재무상태표(‘11.03월 이후),A205,Ⅱ. 증권_당기손익-공정가치측정증권_기업어음증권,,,,,,,,,,,,,,,,,,,,,,,,,,,,,,,,,,, , , , , , , , , , , , , , , , , , , , 
2702,부동산신탁,17106,한국투자부동산신탁,B,SM005,요약재무상태표(‘11.03월 이후),A206,Ⅱ. 증권_당기손익-공정가치측정증권_외화증권,,,,,,,,,,,,,,,,,,,,,,,,,,,,,,,,,,,0,0,0,0,0,0,0,0,0,0,0,0,0,0,0,0,0,0,0,0
2703,부동산신탁,17106,한국투자부동산신탁,B,SM005,요약재무상태표(‘11.03월 이후),A207,Ⅱ. 증권_당기손익-공정가치측정증권_기타,,,,,,,,,,,,,,,,,,,,,,,,,,,,,,,,,,,0,0,0,0,781044000,1831044000,13091230761,5331049000,6136231410,8773273776,12324290465,13584279010,13578488540,12975548982,13637576988,13634572494,13502898150,13526254822,13843578416,15361553759
2704,부동산신탁,17106,한국투자부동산신탁,B,SM005,요약재무상태표(‘11.03월 이후),A21,Ⅱ. 증권_기타포괄손익-공정가치측정증권,,,,,,,,,,,,,,,,,,,,,,,,,,,,,,,,,,,0,0,0,0,0,0,0,0,0,0,0,0,0,0,0,0,0,0,0,0
2705,부동산신탁,17106,한국투자부동산신탁,B,SM005,요약재무상태표(‘11.03월 이후),A210,Ⅱ. 증권_기타포괄손익-공정가치측정증권_주식,,,,,,,,,,,,,,,,,,,,,,,,,,,,,,,,,,, , , , , , , , , , , , , , , , , , , , 
2706,부동산신탁,17106,한국투자부동산신탁,B,SM005,요약재무상태표(‘11.03월 이후),A211,Ⅱ. 증권_기타포괄손익-공정가치측정증권_국채·지방채,,,,,,,,,,,,,,,,,,,,,,,,,,,,,,,,,,, , , , , , , , , , , , , , , , , , , , 
2707,부동산신탁,17106,한국투자부동산신탁,B,SM005,요약재무상태표(‘11.03월 이후),A212,Ⅱ. 증권_기타포괄손익-공정가치측정증권_특수채,,,,,,,,,,,,,,,,,,,,,,,,,,,,,,,,,,, , , , , , , , , , , , , , , , , , , , 
2708,부동산신탁,17106,한국투자부동산신탁,B,SM005,요약재무상태표(‘11.03월 이후),A213,Ⅱ. 증권_기타포괄손익-공정가치측정증권_회사채,,,,,,,,,,,,,,,,,,,,,,,,,,,,,,,,,,, , , , , , , , , , , , , , , , , , , , 
2709,부동산신탁,17106,한국투자부동산신탁,B,SM005,요약재무상태표(‘11.03월 이후),A214,Ⅱ. 증권_기타포괄손익-공정가치측정증권_집합투자증권,,,,,,,,,,,,,,,,,,,,,,,,,,,,,,,,,,,0,0,0,0,0,0,0,0,0,0,0,0,0,0,0,0,0,0,0,0
2710,부동산신탁,17106,한국투자부동산신탁,B,SM005,요약재무상태표(‘11.03월 이후),A215,Ⅱ. 증권_기타포괄손익-공정가치측정증권_기업어음증권,,,,,,,,,,,,,,,,,,,,,,,,,,,,,,,,,,, , , , , , , , , , , , , , , , , , , , 
2711,부동산신탁,17106,한국투자부동산신탁,B,SM005,요약재무상태표(‘11.03월 이후),A216,Ⅱ. 증권_기타포괄손익-공정가치측정증권_외화증권,,,,,,,,,,,,,,,,,,,,,,,,,,,,,,,,,,,0,0,0,0,0,0,0,0,0,0,0,0,0,0,0,0,0,0,0,0
2712,부동산신탁,17106,한국투자부동산신탁,B,SM005,요약재무상태표(‘11.03월 이후),A217,Ⅱ. 증권_기타포괄손익-공정가치측정증권_기타,,,,,,,,,,,,,,,,,,,,,,,,,,,,,,,,,,,0,0,0,0,0,0,0,0,0,0,0,0,0,0,0,0,0,0,0,0
2713,부동산신탁,17106,한국투자부동산신탁,B,SM005,요약재무상태표(‘11.03월 이후),A22,Ⅱ. 증권_상각후원가측정증권,,,,,,,,,,,,,,,,,,,,,,,,,,,,,,,,,,,0,0,0,0,0,0,0,0,0,0,0,0,0,0,0,0,0,0,0,0
2714,부동산신탁,17106,한국투자부동산신탁,B,SM005,요약재무상태표(‘11.03월 이후),A220,Ⅱ. 증권_상각후원가측정증권_국채·지방채,,,,,,,,,,,,,,,,,,,,,,,,,,,,,,,,,,, , , , , , , , , , , , , , , , , , , , 
2715,부동산신탁,17106,한국투자부동산신탁,B,SM005,요약재무상태표(‘11.03월 이후),A221,Ⅱ. 증권_상각후원가측정증권_특수채,,,,,,,,,,,,,,,,,,,,,,,,,,,,,,,,,,, , , , , , , , , , , , , , , , , , , , 
2716,부동산신탁,17106,한국투자부동산신탁,B,SM005,요약재무상태표(‘11.03월 이후),A222,Ⅱ. 증권_상각후원가측정증권_회사채,,,,,,,,,,,,,,,,,,,,,,,,,,,,,,,,,,, , , , , , , , , , , , , , , , , , , , 
2717,부동산신탁,17106,한국투자부동산신탁,B,SM005,요약재무상태표(‘11.03월 이후),A223,Ⅱ. 증권_상각후원가측정증권_기타,,,,,,,,,,,,,,,,,,,,,,,,,,,,,,,,,,, , , , , , , , , , , , , , , , , , , , 
2718,부동산신탁,17106,한국투자부동산신탁,B,SM005,요약재무상태표(‘11.03월 이후),A23,Ⅱ. 증권_관계회사투자지분,,,,,,,,,,,,,,,,,,,,,,,,,,,,,,,,,,,0,0,0,0,0,0,0,0,0,0,0,0,50025995,1494010922,4528964084,4604807088,4435087811,4497538064,5262193253,10398199575
2719,부동산신탁,17106,한국투자부동산신탁,B,SM005,요약재무상태표(‘11.03월 이후),A230,Ⅱ. 증권_관계회사투자지분_연결대상회사 투자지분,,,,,,,,,,,,,,,,,,,,,,,,,,,,,,,,,,,0,0,0,0,0,0,0,0,0,0,0,0,0,0,0,0,0,0,0,0
2720,부동산신탁,17106,한국투자부동산신탁,B,SM005,요약재무상태표(‘11.03월 이후),A231,Ⅱ. 증권_관계회사투자지분_비연결대상회사 투자지분,,,,,,,,,,,,,,,,,,,,,,,,,,,,,,,,,,,0,0,0,0,0,0,0,0,0,0,0,0,50025995,1494010922,4528964084,4604807088,4435087811,4497538064,5262193253,10398199575
2721,부동산신탁,17106,한국투자부동산신탁,B,SM005,요약재무상태표(‘11.03월 이후),A24,Ⅱ. 증권_파생결합증권,,,,,,,,,,,,,,,,,,,,,,,,,,,,,,,,,,,0,0,0,0,0,0,0,0,0,0,0,0,0,0,0,0,0,0,0,0
2722,부동산신탁,17106,한국투자부동산신탁,B,SM005,요약재무상태표(‘11.03월 이후),A25,Ⅱ. 증권_대손충당금(-),,,,,,,,,,,,,,,,,,,,,,,,,,,,,,,,,,,0,0,0,0,0,0,0,0,0,0,0,0,0,0,0,0,0,0,0,0
2723,부동산신탁,17106,한국투자부동산신탁,B,SM005,요약재무상태표(‘11.03월 이후),A3,Ⅲ. 파생상품자산,,,,,,,,,,,,,,,,,,,,,,,,,,,,,,,,,,,0,0,0,0,0,0,0,0,0,0,0,0,0,0,0,0,0,0,0,0
2724,부동산신탁,17106,한국투자부동산신탁,B,SM005,요약재무상태표(‘11.03월 이후),A30,Ⅲ. 파생상품자산_이자율관련,,,,,,,,,,,,,,,,,,,,,,,,,,,,,,,,,,,0,0,0,0,0,0,0,0,0,0,0,0,0,0,0,0,0,0,0,0
2725,부동산신탁,17106,한국투자부동산신탁,B,SM005,요약재무상태표(‘11.03월 이후),A31,Ⅲ. 파생상품자산_통화관련,,,,,,,,,,,,,,,,,,,,,,,,,,,,,,,,,,,0,0,0,0,0,0,0,0,0,0,0,0,0,0,0,0,0,0,0,0
2726,부동산신탁,17106,한국투자부동산신탁,B,SM005,요약재무상태표(‘11.03월 이후),A32,Ⅲ. 파생상품자산_주식관련,,,,,,,,,,,,,,,,,,,,,,,,,,,,,,,,,,,0,0,0,0,0,0,0,0,0,0,0,0,0,0,0,0,0,0,0,0
2727,부동산신탁,17106,한국투자부동산신탁,B,SM005,요약재무상태표(‘11.03월 이후),A33,Ⅲ. 파생상품자산_신용관련,,,,,,,,,,,,,,,,,,,,,,,,,,,,,,,,,,,0,0,0,0,0,0,0,0,0,0,0,0,0,0,0,0,0,0,0,0
2728,부동산신탁,17106,한국투자부동산신탁,B,SM005,요약재무상태표(‘11.03월 이후),A34,Ⅲ. 파생상품자산_상품관련,,,,,,,,,,,,,,,,,,,,,,,,,,,,,,,,,,,0,0,0,0,0,0,0,0,0,0,0,0,0,0,0,0,0,0,0,0
2729,부동산신탁,17106,한국투자부동산신탁,B,SM005,요약재무상태표(‘11.03월 이후),A35,Ⅲ. 파생상품자산_기타파생상품자산,,,,,,,,,,,,,,,,,,,,,,,,,,,,,,,,,,, , , , , , , , , , , , , , , , , , , , 
2730,부동산신탁,17106,한국투자부동산신탁,B,SM005,요약재무상태표(‘11.03월 이후),A36,Ⅲ. 파생상품자산_파생상품Ⅲ. 파생상품자산_신용위험평가조정액,,,,,,,,,,,,,,,,,,,,,,,,,,,,,,,,,,, , , , , , , , , , , , , , , , , , , , 
2731,부동산신탁,17106,한국투자부동산신탁,B,SM005,요약재무상태표(‘11.03월 이후),A37,Ⅲ. 파생상품자산_파생상품Ⅲ. 파생상품자산_거래일손익인식평가조정액,,,,,,,,,,,,,,,,,,,,,,,,,,,,,,,,,,, , , , , , , , , , , , , , , , , , , , 
2732,부동산신탁,17106,한국투자부동산신탁,B,SM005,요약재무상태표(‘11.03월 이후),A4,Ⅳ. 대출채권,,,,,,,,,,,,,,,,,,,,,,,,,,,,,,,,,,,40000000,240555570,270555600,286666750,261666790,323611280,256944610,209722410,184722450,5048701536,10467518645,28491736964,56220415995,82312613746,124646426693,151462099440,235291594199,280238473730,360440184390,431764345618
2733,부동산신탁,17106,한국투자부동산신탁,B,SM005,요약재무상태표(‘11.03월 이후),A40,Ⅳ. 대출채권_(현재가치할인차금)(-),,,,,,,,,,,,,,,,,,,,,,,,,,,,,,,,,,, , , , , , , , , , , , , , , , , , , , 
2734,부동산신탁,17106,한국투자부동산신탁,B,SM005,요약재무상태표(‘11.03월 이후),A41,Ⅳ. 대출채권_(현재가치할증차금)(+),,,,,,,,,,,,,,,,,,,,,,,,,,,,,,,,,,, , , , , , , , , , , , , , , , , , , , 
2735,부동산신탁,17106,한국투자부동산신탁,B,SM005,요약재무상태표(‘11.03월 이후),A42,Ⅳ. 대출채권_(이연대출부대손익),,,,,,,,,,,,,,,,,,,,,,,,,,,,,,,,,,, , , , , , , , , , , , , , , , , , , , 
2736,부동산신탁,17106,한국투자부동산신탁,B,SM005,요약재무상태표(‘11.03월 이후),A43,Ⅳ. 대출채권_대여금,,,,,,,,,,,,,,,,,,,,,,,,,,,,,,,,,,,40000000,240555570,270555600,286666750,261666790,323611280,256944610,209722410,184722450,257341536,328770145,437143164,777988395,1102250216,1470678804,1838551794,1871424824,2006275422,2064815350,2024474087
2737,부동산신탁,17106,한국투자부동산신탁,B,SM005,요약재무상태표(‘11.03월 이후),A44,Ⅳ. 대출채권_대지급금,,,,,,,,,,,,,,,,,,,,,,,,,,,,,,,,,,,0,0,0,0,0,0,0,0,0,0,0,0,0,0,0,0,0,0,0,0
2738,부동산신탁,17106,한국투자부동산신탁,B,SM005,요약재무상태표(‘11.03월 이후),A45,Ⅳ. 대출채권_신탁계정대,,,,,,,,,,,,,,,,,,,,,,,,,,,,,,,,,,, , , , , , , , , ,4800000000,10405000000,28844000000,56091000000,82571000000,128412800000,154591640000,236973000000,285589000000,376965000000,453980000000
2739,부동산신탁,17106,한국투자부동산신탁,B,SM005,요약재무상태표(‘11.03월 이후),A46,Ⅳ. 대출채권_기타 대출채권,,,,,,,,,,,,,,,,,,,,,,,,,,,,,,,,,,,0,0,0,0,0,0,0,0,0,0,0,0,0,0,0,0,0,0,0,0
2740,부동산신탁,17106,한국투자부동산신탁,B,SM005,요약재무상태표(‘11.03월 이후),A47,Ⅳ. 대출채권_대손충당금(-),,,,,,,,,,,,,,,,,,,,,,,,,,,,,,,,,,,0,0,0,0,0,0,0,0,0,8640000,266251500,789406200,648572400,1360636470,5237052111,4968092354,3552830625,7356801692,18589630960,24240128469
2741,부동산신탁,17106,한국투자부동산신탁,B,SM005,요약재무상태표(‘11.03월 이후),A470,Ⅳ. 대출채권_대손충당금(-)_대여금대손충당금,,,,,,,,,,,,,,,,,,,,,,,,,,,,,,,,,,, , , , , , , , , , , , , , , , , , , , 
2742,부동산신탁,17106,한국투자부동산신탁,B,SM005,요약재무상태표(‘11.03월 이후),A471,Ⅳ. 대출채권_대손충당금(-)_대지급금대손충당금,,,,,,,,,,,,,,,,,,,,,,,,,,,,,,,,,,, , , , , , , , , , , , , , , , , , , , 
2743,부동산신탁,17106,한국투자부동산신탁,B,SM005,요약재무상태표(‘11.03월 이후),A472,Ⅳ. 대출채권_대손충당금(-)_신탁계정대 대손충당금,,,,,,,,,,,,,,,,,,,,,,,,,,,,,,,,,,, , , , , , , , , ,8640000,266251500,789406200,648572400,1360636470,5237052111,4968092354,3552830625,7356801692,18589630960,24240128469
2744,부동산신탁,17106,한국투자부동산신탁,B,SM005,요약재무상태표(‘11.03월 이후),A473,Ⅳ. 대출채권_대손충당금(-)_기타 대손충당금,,,,,,,,,,,,,,,,,,,,,,,,,,,,,,,,,,,0,0,0,0,0,0,0,0,0,0,0,0,0,0,0,0,0,0,0,0
2745,부동산신탁,17106,한국투자부동산신탁,B,SM005,요약재무상태표(‘11.03월 이후),A5,Ⅴ. 유형자산,,,,,,,,,,,,,,,,,,,,,,,,,,,,,,,,,,,3939866412,3681502712,3502444966,3159290864,2893973399,2591713814,2245834228,1895368445,1544902662,2130294814,4310803828,4345864435,3949686757,3525503020,3274759816,2859937589,2405226008,2061567029,3118294347,2591560912
2746,부동산신탁,17106,한국투자부동산신탁,B,SM005,요약재무상태표(‘11.03월 이후),A50,유형자산_(손상차손누계액),,,,,,,,,,,,,,,,,,,,,,,,,,,,,,,,,,, , , , , , , , , , , , , , , , , , , , 
2747,부동산신탁,17106,한국투자부동산신탁,B,SM005,요약재무상태표(‘11.03월 이후),A51,유형자산__토지,,,,,,,,,,,,,,,,,,,,,,,,,,,,,,,,,,, , , , , , , , , , , , , , , , , , , , 
2748,부동산신탁,17106,한국투자부동산신탁,B,SM005,요약재무상태표(‘11.03월 이후),A52,유형자산_건물,,,,,,,,,,,,,,,,,,,,,,,,,,,,,,,,,,, , , , , , , , , , , , , , , , , , , , 
2749,부동산신탁,17106,한국투자부동산신탁,B,SM005,요약재무상태표(‘11.03월 이후),A53,유형자산_구축물,,,,,,,,,,,,,,,,,,,,,,,,,,,,,,,,,,, , , , , , , , , , , , , , , , , , , , 
2750,부동산신탁,17106,한국투자부동산신탁,B,SM005,요약재무상태표(‘11.03월 이후),A54,유형자산_차량운반구,,,,,,,,,,,,,,,,,,,,,,,,,,,,,,,,,,, , , , , , , , , , , , , , , , , , , , 
2751,부동산신탁,17106,한국투자부동산신탁,B,SM005,요약재무상태표(‘11.03월 이후),A55,유형자산_비품,,,,,,,,,,,,,,,,,,,,,,,,,,,,,,,,,,,1034370500,1034370500,1157386800,1157386800,1174367610,1183851810,1185391810,1185391810,1185391810,1201250610,1292418610,1304741622,1316687952,1316687952,1320264952,1322004952,1329378472,1332997472,1449810322,1449810322
2752,부동산신탁,17106,한국투자부동산신탁,B,SM005,요약재무상태표(‘11.03월 이후),A56,유형자산_건설중인자산,,,,,,,,,,,,,,,,,,,,,,,,,,,,,,,,,,, , , , , , , , , , , , , , , , , , , , 
2753,부동산신탁,17106,한국투자부동산신탁,B,SM005,요약재무상태표(‘11.03월 이후),A57,유형자산_운용리스자산(종금계정),,,,,,,,,,,,,,,,,,,,,,,,,,,,,,,,,,, , , , , , , , , , , , , , , , , , , , 
2754,부동산신탁,17106,한국투자부동산신탁,B,SM005,요약재무상태표(‘11.03월 이후),A58,유형자산_선급리스자산(종금계정),,,,,,,,,,,,,,,,,,,,,,,,,,,,,,,,,,, , , , , , , , , , , , , , , , , , , , 
2755,부동산신탁,17106,한국투자부동산신탁,B,SM005,요약재무상태표(‘11.03월 이후),A59,유형자산_기타,,,,,,,,,,,,,,,,,,,,,,,,,,,,,,,,,,,3534783757,3603157517,3636726340,3636726340,3700036340,3731595569,3732748766,3732748766,3732748766,4687419981,4945064755,4731442500,4776492500,4730694014,4866354496,4910024496,4910024496,4973434181,6455832765,6455832765
2756,부동산신탁,17106,한국투자부동산신탁,B,SM005,요약재무상태표(‘11.03월 이후),A5A,유형자산_감가상각누계액(-),,,,,,,,,,,,,,,,,,,,,,,,,,,,,,,,,,,629287845,956025305,1291668174,1634822276,1980430551,2323733565,2672306348,3022772131,3373237914,3758375777,1926679537,1690319687,2143493695,2521878946,2911859632,3372091859,3834176960,4244864624,4787348740,5314082175
2757,부동산신탁,17106,한국투자부동산신탁,B,SM005,요약재무상태표(‘11.03월 이후),A5A0,유형자산__감가상각누계액(-)_건물,,,,,,,,,,,,,,,,,,,,,,,,,,,,,,,,,,, , , , , , , , , , , , , , , , , , , , 
2758,부동산신탁,17106,한국투자부동산신탁,B,SM005,요약재무상태표(‘11.03월 이후),A5A1,유형자산_감가상각누계액(-)_구축물,,,,,,,,,,,,,,,,,,,,,,,,,,,,,,,,,,, , , , , , , , , , , , , , , , , , , , 
2759,부동산신탁,17106,한국투자부동산신탁,B,SM005,요약재무상태표(‘11.03월 이후),A5A2,유형자산_감가상각누계액(-)_차량운반구,,,,,,,,,,,,,,,,,,,,,,,,,,,,,,,,,,, , , , , , , , , , , , , , , , , , , , 
2760,부동산신탁,17106,한국투자부동산신탁,B,SM005,요약재무상태표(‘11.03월 이후),A5A3,유형자산_감가상각누계액(-)_비품,,,,,,,,,,,,,,,,,,,,,,,,,,,,,,,,,,,63842459,115560983,169329779,227199119,285418300,344334901,403604491,462874081,522143671,581677575,646289155,711417887,776912742,842747142,908641158,974712406,1041180964,1107811734,1177730544,1237893348
2761,부동산신탁,17106,한국투자부동산신탁,B,SM005,요약재무상태표(‘11.03월 이후),A5A4,유형자산_감가상각누계액(-)_기타,,,,,,,,,,,,,,,,,,,,,,,,,,,,,,,,,,,565445386,840464322,1122338395,1407623157,1695012251,1979398664,2268701857,2559898050,2851094243,3176698202,1280390382,978901800,1366580953,1679131804,2003218474,2397379453,2792995996,3137052890,3609618196,4076188827
2762,부동산신탁,17106,한국투자부동산신탁,B,SM005,요약재무상태표(‘11.03월 이후),A5A5,유형자산_감가상각누계액(종금계정)(-),,,,,,,,,,,,,,,,,,,,,,,,,,,,,,,,,,, , , , , , , , , , , , , , , , , , , , 
2763,부동산신탁,17106,한국투자부동산신탁,B,SM005,요약재무상태표(‘11.03월 이후),A5A6,유형자산_처분손실충당금(종금계정)(-),,,,,,,,,,,,,,,,,,,,,,,,,,,,,,,,,,, , , , , , , , , , , , , , , , , , , , 
2764,부동산신탁,17106,한국투자부동산신탁,B,SM005,요약재무상태표(‘11.03월 이후),A6,Ⅵ. CMA운용자산(종금계정),,,,,,,,,,,,,,,,,,,,,,,,,,,,,,,,,,,0,0,0,0,0,0,0,0,0,0,0,0,0,0,0,0,0,0,0,0
2765,부동산신탁,17106,한국투자부동산신탁,B,SM005,요약재무상태표(‘11.03월 이후),A7,Ⅶ. 리스자산(종금계정),,,,,,,,,,,,,,,,,,,,,,,,,,,,,,,,,,,0,0,0,0,0,0,0,0,0,0,0,0,0,0,0,0,0,0,0,0
2766,부동산신탁,17106,한국투자부동산신탁,B,SM005,요약재무상태표(‘11.03월 이후),A8,Ⅷ. 기타자산,,,,,,,,,,,,,,,,,,,,,,,,,,,,,,,,,,,3484805706,3661725996,3611371720,3665138497,3969083803,4132950304,5224061252,7663222187,6520430380,6739051997,7239105567,9016403625,12077959619,15507089072,20896799645,25084788701,26635261406,27357769130,28804830203,24275235517
2767,부동산신탁,17106,한국투자부동산신탁,B,SM005,요약재무상태표(‘11.03월 이후),A80,Ⅷ. 기타자산_(현재가치할인차금)(-),,,,,,,,,,,,,,,,,,,,,,,,,,,,,,,,,,, , , , , , , , , , , , , , , , , , , , 
2768,부동산신탁,17106,한국투자부동산신탁,B,SM005,요약재무상태표(‘11.03월 이후),A81,Ⅷ. 기타자산_(현재가치할증차금)(+),,,,,,,,,,,,,,,,,,,,,,,,,,,,,,,,,,, , , , , , , , , , , , , , , , , , , , 
2769,부동산신탁,17106,한국투자부동산신탁,B,SM005,요약재무상태표(‘11.03월 이후),A82,Ⅷ. 기타자산_미수금,,,,,,,,,,,,,,,,,,,,,,,,,,,,,,,,,,,0,0,0,84400000,47400000,106925750,706000000,528660000,756230000,768597320,374830000,749980000,1334020000,3884907330,1684218888,2793990000,4027940000,3288798820,4073870000,3652500000
2770,부동산신탁,17106,한국투자부동산신탁,B,SM005,요약재무상태표(‘11.03월 이후),A820,Ⅷ. 기타자산_미수금_신탁보수미수금,,,,,,,,,,,,,,,,,,,,,,,,,,,,,,,,,,, , , ,84400000,47400000,85800000,706000000,528660000,756230000,650640000,374830000,749980000,1296620000,3666410000,1645890000,2793990000,3988340000,3049910000,4034270000,3652500000
2771,부동산신탁,17106,한국투자부동산신탁,B,SM005,요약재무상태표(‘11.03월 이후),A821,Ⅷ. 기타자산_미수금_기타,,,,,,,,,,,,,,,,,,,,,,,,,,,,,,,,,,,0,0,0,0,0,21125750,0,0,0,117957320,0,0,37400000,218497330,38328888,0,39600000,238888820,39600000,0
2772,부동산신탁,17106,한국투자부동산신탁,B,SM005,요약재무상태표(‘11.03월 이후),A83,Ⅷ. 기타자산_미수수익,,,,,,,,,,,,,,,,,,,,,,,,,,,,,,,,,,,100015285,210394814,296942434,273955093,481041149,677575091,1326292446,2026238728,2747424051,3044846663,4076064944,5354423205,7474343452,8734009530,11016989329,14087526313,14817773482,16432323127,18051991487,13811941832
2773,부동산신탁,17106,한국투자부동산신탁,B,SM005,요약재무상태표(‘11.03월 이후),A830,Ⅷ. 기타자산_미수수익_미수수수료,,,,,,,,,,,,,,,,,,,,,,,,,,,,,,,,,,,0,0,105555554,232222220,431473083,582964585,883529906,1115920439,1551434178,1809675065,3468995727,4602319147,6006181845,8341818845,10936544123,12054285056,11891496402,12133252431,12624405208,11638985686
2774,부동산신탁,17106,한국투자부동산신탁,B,SM005,요약재무상태표(‘11.03월 이후),A831,Ⅷ. 기타자산_미수수익_미수이자,,,,,,,,,,,,,,,,,,,,,,,,,,,,,,,,,,,0,0,0,0,0,0,0,0,0,0,0,0,590216870,0,0,1971405641,2813940367,3993281655,5232723265,1947846557
2775,부동산신탁,17106,한국투자부동산신탁,B,SM005,요약재무상태표(‘11.03월 이후),A832,Ⅷ. 기타자산_미수수익_미수배당금,,,,,,,,,,,,,,,,,,,,,,,,,,,,,,,,,,, , , , , , , , , , , , , , , , ,3870960,151200000, , 
2776,부동산신탁,17106,한국투자부동산신탁,B,SM005,요약재무상태표(‘11.03월 이후),A833,Ⅷ. 기타자산_미수수익_미수분배금,,,,,,,,,,,,,,,,,,,,,,,,,,,,,,,,,,, , , , , , , , , , , , , , , , , , , , 
2777,부동산신탁,17106,한국투자부동산신탁,B,SM005,요약재무상태표(‘11.03월 이후),A834,Ⅷ. 기타자산_미수수익_기타,,,,,,,,,,,,,,,,,,,,,,,,,,,,,,,,,,,100015285,210394814,191386880,41732873,49568066,94610506,442762540,910318289,1195989873,1235171598,607069217,752104058,877944737,392190685,80445206,61835616,108465753,154589041,194863014,225109589
2778,부동산신탁,17106,한국투자부동산신탁,B,SM005,요약재무상태표(‘11.03월 이후),A84,Ⅷ. 기타자산_선급금,,,,,,,,,,,,,,,,,,,,,,,,,,,,,,,,,,,55290160,40379080,47177920,104652810,148142560,145208560,138181580,136793480,19065980,14379900,36532900,36532900,36532900,36532900,36532900,36532900,36532900,36532900,30118900,25498900
2779,부동산신탁,17106,한국투자부동산신탁,B,SM005,요약재무상태표(‘11.03월 이후),A85,Ⅷ. 기타자산_선급비용,,,,,,,,,,,,,,,,,,,,,,,,,,,,,,,,,,,14299453,8171116,11284468,47160390,32600844,18221946,13243134,46316450,32103103,17913099,14001104,47696789,32949534,18492979,13248020,59674643,41384924,23287087,9825734,110911668
2780,부동산신탁,17106,한국투자부동산신탁,B,SM005,요약재무상태표(‘11.03월 이후),A86,Ⅷ. 기타자산_선급제세,,,,,,,,,,,,,,,,,,,,,,,,,,,,,,,,,,,49149130,57234370,34265170,58725780,62114820,62114820,0,6210820,0,0,0,0,0,0,13700,181020,183440,240400,0,400670
2781,부동산신탁,17106,한국투자부동산신탁,B,SM005,요약재무상태표(‘11.03월 이후),A87,Ⅷ. 기타자산_대리점,,,,,,,,,,,,,,,,,,,,,,,,,,,,,,,,,,, , , , , , , , , , , , , , , , , , , , 
2782,부동산신탁,17106,한국투자부동산신탁,B,SM005,요약재무상태표(‘11.03월 이후),A88,Ⅷ. 기타자산_본.지점,,,,,,,,,,,,,,,,,,,,,,,,,,,,,,,,,,, , , , , , , , , , , , , , , , , , , , 
2783,부동산신탁,17106,한국투자부동산신탁,B,SM005,요약재무상태표(‘11.03월 이후),A89,Ⅷ. 기타자산_보증금,,,,,,,,,,,,,,,,,,,,,,,,,,,,,,,,,,,602994467,607934040,612782317,617723178,622703877,627548668,632567138,2637681554,642837320,842442795,796804745,802328410,807890856,813472896,5819040421,5824708348,5830415986,6836043089,7087515031,7095626737
2784,부동산신탁,17106,한국투자부동산신탁,B,SM005,요약재무상태표(‘11.03월 이후),A890,Ⅷ. 기타자산_보증금_전세권,,,,,,,,,,,,,,,,,,,,,,,,,,,,,,,,,,, , , , , , , , , , , , , , , , , , , , 
2785,부동산신탁,17106,한국투자부동산신탁,B,SM005,요약재무상태표(‘11.03월 이후),A891,Ⅷ. 기타자산_보증금_전신전화가입권,,,,,,,,,,,,,,,,,,,,,,,,,,,,,,,,,,, , , , , , , , , , , , , , , , , , , , 
2786,부동산신탁,17106,한국투자부동산신탁,B,SM005,요약재무상태표(‘11.03월 이후),A892,Ⅷ. 기타자산_보증금_임차보증금,,,,,,,,,,,,,,,,,,,,,,,,,,,,,,,,,,,602994467,607934040,612782317,617723178,622703877,627548668,632567138,637681554,642837320,842442795,796804745,802328410,807890856,813472896,819040421,824708348,830415986,836043089,1087515031,1095626737
2787,부동산신탁,17106,한국투자부동산신탁,B,SM005,요약재무상태표(‘11.03월 이후),A893,Ⅷ. 기타자산_보증금_회원보증금,,,,,,,,,,,,,,,,,,,,,,,,,,,,,,,,,,, , , , , , , , , , , , , , , , , , , , 
2788,부동산신탁,17106,한국투자부동산신탁,B,SM005,요약재무상태표(‘11.03월 이후),A894,Ⅷ. 기타자산_보증금_기타,,,,,,,,,,,,,,,,,,,,,,,,,,,,,,,,,,, , , , , , , ,2000000000, , , , , , ,5000000000,5000000000,5000000000,6000000000,6000000000,6000000000
2789,부동산신탁,17106,한국투자부동산신탁,B,SM005,요약재무상태표(‘11.03월 이후),A8A,Ⅷ. 기타자산_투자부동산,,,,,,,,,,,,,,,,,,,,,,,,,,,,,,,,,,,0,0,0,0,0,0,0,0,0,0,0,0,0,0,0,0,0,0,0,0
2790,부동산신탁,17106,한국투자부동산신탁,B,SM005,요약재무상태표(‘11.03월 이후),A8A0,Ⅷ. 기타자산_투자부동산_(손상차손누계액),,,,,,,,,,,,,,,,,,,,,,,,,,,,,,,,,,, , , , , , , , , , , , , , , , , , , , 
2791,부동산신탁,17106,한국투자부동산신탁,B,SM005,요약재무상태표(‘11.03월 이후),A8A1,Ⅷ. 기타자산_투자부동산_토지,,,,,,,,,,,,,,,,,,,,,,,,,,,,,,,,,,, , , , , , , , , , , , , , , , , , , , 
2792,부동산신탁,17106,한국투자부동산신탁,B,SM005,요약재무상태표(‘11.03월 이후),A8A2,Ⅷ. 기타자산_투자부동산_건물,,,,,,,,,,,,,,,,,,,,,,,,,,,,,,,,,,, , , , , , , , , , , , , , , , , , , , 
2793,부동산신탁,17106,한국투자부동산신탁,B,SM005,요약재무상태표(‘11.03월 이후),A8A3,Ⅷ. 기타자산_투자부동산_건물감가상각누계액(-),,,,,,,,,,,,,,,,,,,,,,,,,,,,,,,,,,, , , , , , , , , , , , , , , , , , , , 
2794,부동산신탁,17106,한국투자부동산신탁,B,SM005,요약재무상태표(‘11.03월 이후),A8B,Ⅷ. 기타자산_무형자산,,,,,,,,,,,,,,,,,,,,,,,,,,,,,,,,,,,2663057211,2737612576,2608919411,2478521246,2648116618,2533906404,2480378734,2356437368,2428172489,2277323342,2144323309,2280905433,2056246557,2425249321,2291287302,2145059697,2056034186,1902645596,1809424660,1659739431
2795,부동산신탁,17106,한국투자부동산신탁,B,SM005,요약재무상태표(‘11.03월 이후),A8B0,Ⅷ. 기타자산_무형자산_(손상차손누계액),,,,,,,,,,,,,,,,,,,,,,,,,,,,,,,,,,, , , , , , , , , , , , ,-80676000,-80676000,-80676000,-80676000,-16313084,-16313084,-16313084,-16313084
2796,부동산신탁,17106,한국투자부동산신탁,B,SM005,요약재무상태표(‘11.03월 이후),A8B1,Ⅷ. 기타자산_무형자산_영업권,,,,,,,,,,,,,,,,,,,,,,,,,,,,,,,,,,, , , , , , , , , , , , , , , , , , , , 
2797,부동산신탁,17106,한국투자부동산신탁,B,SM005,요약재무상태표(‘11.03월 이후),A8B2,Ⅷ. 기타자산_무형자산_개발비,,,,,,,,,,,,,,,,,,,,,,,,,,,,,,,,,,,564746000,535535000,506324000,477113000,455502001,425891002,396280003,366669004,510379046,470957420,431535794,392114168,352692542,313270916,273849290,234427664,195006065,155584442,116162819,76741196
2798,부동산신탁,17106,한국투자부동산신탁,B,SM005,요약재무상태표(‘11.03월 이후),A8B3,Ⅷ. 기타자산_무형자산_소프트웨어,,,,,,,,,,,,,,,,,,,,,,,,,,,,,,,,,,,1942175801,1841071136,1741588971,1640401806,1605204457,1500605242,1476688571,1382358204,1310383283,1198955762,1105377355,999841105,887143855,774446605,679906212,573100233,459133405,345166438,291367125,181103519
2799,부동산신탁,17106,한국투자부동산신탁,B,SM005,요약재무상태표(‘11.03월 이후),A8B4,Ⅷ. 기타자산_무형자산_회원권,,,,,,,,,,,,,,,,,,,,,,,,,,,,,,,,,,,139135410,344006440,344006440,344006440,570410160,570410160,570410160,570410160,570410160,570410160,570410160,851950160,779410160,1300531800,1300531800,1300531800,1364894716,1364894716,1364894716,1364894716
2800,부동산신탁,17106,한국투자부동산신탁,B,SM005,요약재무상태표(‘11.03월 이후),A8B5,Ⅷ. 기타자산_무형자산_기타,,,,,,,,,,,,,,,,,,,,,,,,,,,,,,,,,,,17000000,17000000,17000000,17000000,17000000,37000000,37000000,37000000,37000000,37000000,37000000,37000000,37000000,37000000,37000000,37000000,37000000,37000000,37000000,37000000
2801,부동산신탁,17106,한국투자부동산신탁,B,SM005,요약재무상태표(‘11.03월 이후),A8C,Ⅷ. 기타자산_가지급금,,,,,,,,,,,,,,,,,,,,,,,,,,,,,,,,,,, , , , , , , , , , , , , , , , , , , , 
2802,부동산신탁,17106,한국투자부동산신탁,B,SM005,요약재무상태표(‘11.03월 이후),A8D,Ⅷ. 기타자산_이연법인세자산,,,,,,,,,,,,,,,,,,,,,,,,,,,,,,,,,,, , , , , , , , , , , , ,877585631,877585631,1549208074,1549208074,1266494250,722289104,104158137,104158137
2803,부동산신탁,17106,한국투자부동산신탁,B,SM005,요약재무상태표(‘11.03월 이후),A8E,Ⅷ. 기타자산_일반상품,,,,,,,,,,,,,,,,,,,,,,,,,,,,,,,,,,, , , , , , , , , , , , , , , , , , , , 
2804,부동산신탁,17106,한국투자부동산신탁,B,SM005,요약재무상태표(‘11.03월 이후),A8F,Ⅷ. 기타자산_기타,,,,,,,,,,,,,,,,,,,,,,,,,,,,,,,,,,,0,0,0,0,0,0,0,0,0,0,0,0,0,0,0,0,0,0,0,0
2805,부동산신탁,17106,한국투자부동산신탁,B,SM005,요약재무상태표(‘11.03월 이후),A8G,Ⅷ. 기타자산_대손충당금(-),,,,,,,,,,,,,,,,,,,,,,,,,,,,,,,,,,,0,0,0,0,73036065,38550935,72601780,75116213,105402563,226451122,203451435,255463112,541609311,1283161515,1513738989,1412092294,1441497762,1884390993,2362073746,2185541858
2806,부동산신탁,17106,한국투자부동산신탁,B,SM005,요약재무상태표(‘11.03월 이후),A8G0,Ⅷ. 기타자산_대손충당금(-)_미수금대손충당금,,,,,,,,,,,,,,,,,,,,,,,,,,,,,,,,,,, , , , ,7998750,4945942,32246551,24146546,34540805,149832072,54546165,60785010,264156750,837424001,547482992,688524044,748333976,968670813,1280117697,1334023963
2807,부동산신탁,17106,한국투자부동산신탁,B,SM005,요약재무상태표(‘11.03월 이후),A8G1,Ⅷ. 기타자산_대손충당금(-)_미수수익대손충당금,,,,,,,,,,,,,,,,,,,,,,,,,,,,,,,,,,,0,0,0,0,65037315,33604993,40355229,50969667,70861758,76549255,148905270,194678102,277452561,445737514,964227632,723568250,691068154,915720180,1079802294,851517895
2808,부동산신탁,17106,한국투자부동산신탁,B,SM005,요약재무상태표(‘11.03월 이후),A8G10,Ⅷ. 기타자산_대손충당금(-)_미수수익대손충당금_미수수수료대손충당금,,,,,,,,,,,,,,,,,,,,,,,,,,,,,,,,,,, , , , ,65037315,33604993,40355229,50969667,70861758,76549255,148905270,194678102,270278181,445737514,964227632,654741378,644354556,852827919,1025300952,851354167
2809,부동산신탁,17106,한국투자부동산신탁,B,SM005,요약재무상태표(‘11.03월 이후),A8G11,Ⅷ. 기타자산_대손충당금(-)_미수수익대손충당금_미수이자대손충당금,,,,,,,,,,,,,,,,,,,,,,,,,,,,,,,,,,, , , , , , , , , , , , ,7174380, , ,68826872,46713598,62892261,54501342,163728
2810,부동산신탁,17106,한국투자부동산신탁,B,SM005,요약재무상태표(‘11.03월 이후),A8G12,Ⅷ. 기타자산_대손충당금(-)_미수수익대손충당금_기타대손충당금,,,,,,,,,,,,,,,,,,,,,,,,,,,,,,,,,,, , , , , , , , , , , , , , , , , , , , 
2811,부동산신탁,17106,한국투자부동산신탁,B,SM005,요약재무상태표(‘11.03월 이후),A8G2,Ⅷ. 기타자산_대손충당금(-)_선급금대손충당금,,,,,,,,,,,,,,,,,,,,,,,,,,,,,,,,,,, , , , , , , , , , , , , , , , , , , , 
2812,부동산신탁,17106,한국투자부동산신탁,B,SM005,요약재무상태표(‘11.03월 이후),A8G3,Ⅷ. 기타자산_대손충당금(-)_기타대손충당금,,,,,,,,,,,,,,,,,,,,,,,,,,,,,,,,,,, , , , , , , , , ,69795, , , , ,2028365, ,2095632, ,2153755, 
2813,부동산신탁,17106,한국투자부동산신탁,B,SM005,요약재무상태표(‘11.03월 이후),B,부채총계,,,,,,,,,,,,,,,,,,,,,,,,,,,,,,,,,,,3163934656,2974552630,3320527900,3073314226,3599856777,4048462647,4698873511,4581264564,8013686939,7510270291,11891006386,12365026172,16878098530,14621820723,14016218066,15727643483,107443621077,146344398446,223305755793,287449745952
2814,부동산신탁,17106,한국투자부동산신탁,B,SM005,요약재무상태표(‘11.03월 이후),B1,Ⅰ. 예수부채,,,,,,,,,,,,,,,,,,,,,,,,,,,,,,,,,,,0,0,0,0,0,0,0,0,0,0,0,0,0,0,0,0,0,0,0,0
2815,부동산신탁,17106,한국투자부동산신탁,B,SM005,요약재무상태표(‘11.03월 이후),B2,Ⅱ. 차입부채,,,,,,,,,,,,,,,,,,,,,,,,,,,,,,,,,,,0,0,0,0,0,0,0,0,0,0,0,0,0,0,0,0,90000000000,130000000000,210000000000,270000000000
2816,부동산신탁,17106,한국투자부동산신탁,B,SM005,요약재무상태표(‘11.03월 이후),B20,Ⅱ. 차입부채_(현재가치할인차금)(-),,,,,,,,,,,,,,,,,,,,,,,,,,,,,,,,,,, , , , , , , , , , , , , , , , , , , , 
2817,부동산신탁,17106,한국투자부동산신탁,B,SM005,요약재무상태표(‘11.03월 이후),B21,Ⅱ. 차입부채_(현재가치할증차금)(+),,,,,,,,,,,,,,,,,,,,,,,,,,,,,,,,,,, , , , , , , , , , , , , , , , , , , , 
2818,부동산신탁,17106,한국투자부동산신탁,B,SM005,요약재무상태표(‘11.03월 이후),B22,Ⅱ. 차입부채_차입금,,,,,,,,,,,,,,,,,,,,,,,,,,,,,,,,,,,0,0,0,0,0,0,0,0,0,0,0,0,0,0,0,0,90000000000,130000000000,210000000000,270000000000
2819,부동산신탁,17106,한국투자부동산신탁,B,SM005,요약재무상태표(‘11.03월 이후),B23,Ⅱ. 차입부채_매도증권,,,,,,,,,,,,,,,,,,,,,,,,,,,,,,,,,,,0,0,0,0,0,0,0,0,0,0,0,0,0,0,0,0,0,0,0,0
2820,부동산신탁,17106,한국투자부동산신탁,B,SM005,요약재무상태표(‘11.03월 이후),B24,Ⅱ. 차입부채_사채,,,,,,,,,,,,,,,,,,,,,,,,,,,,,,,,,,,0,0,0,0,0,0,0,0,0,0,0,0,0,0,0,0,0,0,0,0
2821,부동산신탁,17106,한국투자부동산신탁,B,SM005,요약재무상태표(‘11.03월 이후),B240,Ⅱ. 차입부채_(사채발행차금),,,,,,,,,,,,,,,,,,,,,,,,,,,,,,,,,,, , , , , , , , , , , , , , , , , , , , 
2822,부동산신탁,17106,한국투자부동산신탁,B,SM005,요약재무상태표(‘11.03월 이후),B25,Ⅱ. 차입부채_발행어음(종금계정),,,,,,,,,,,,,,,,,,,,,,,,,,,,,,,,,,, , , , , , , , , , , , , , , , , , , , 
2823,부동산신탁,17106,한국투자부동산신탁,B,SM005,요약재무상태표(‘11.03월 이후),B26,Ⅱ. 차입부채_기타,,,,,,,,,,,,,,,,,,,,,,,,,,,,,,,,,,,0,0,0,0,0,0,0,0,0,0,0,0,0,0,0,0,0,0,0,0
2824,부동산신탁,17106,한국투자부동산신탁,B,SM005,요약재무상태표(‘11.03월 이후),B3,Ⅳ. 기타부채,,,,,,,,,,,,,,,,,,,,,,,,,,,,,,,,,,,3163934656,2974552630,3320527900,3073314226,3599856777,4048462647,4698873511,4581264564,8013686939,7510270291,11891006386,12365026172,16878098530,14621820723,14016218066,15727643483,17443621077,16344398446,13305755793,17449745952
2825,부동산신탁,17106,한국투자부동산신탁,B,SM005,요약재무상태표(‘11.03월 이후),B30,Ⅳ. 기타부채_(현재가치할인차금)(-),,,,,,,,,,,,,,,,,,,,,,,,,,,,,,,,,,, , , , , , , , , , , , , , , , , , , , 
2826,부동산신탁,17106,한국투자부동산신탁,B,SM005,요약재무상태표(‘11.03월 이후),B31,Ⅳ. 기타부채_(현재가치할증차금)(+),,,,,,,,,,,,,,,,,,,,,,,,,,,,,,,,,,, , , , , , , , , , , , , , , , , , , , 
2827,부동산신탁,17106,한국투자부동산신탁,B,SM005,요약재무상태표(‘11.03월 이후),B32,Ⅳ. 기타부채_퇴직급여부채,,,,,,,,,,,,,,,,,,,,,,,,,,,,,,,,,,,0,0,0,0,0,0,0,0,0,0,0,0,0,0,0,0,84350000,84350000,0,0
2828,부동산신탁,17106,한국투자부동산신탁,B,SM005,요약재무상태표(‘11.03월 이후),B320,Ⅳ. 기타부채_퇴직급여부채_확정급여채무,,,,,,,,,,,,,,,,,,,,,,,,,,,,,,,,,,, , , , , , , , , , , , , , , , ,84350000,84350000, , 
2829,부동산신탁,17106,한국투자부동산신탁,B,SM005,요약재무상태표(‘11.03월 이후),B322,"Ⅳ. 기타부채_퇴직급여부채_미인식보험수리적손익(+,-)",,,,,,,,,,,,,,,,,,,,,,,,,,,,,,,,,,, , , , , , , , , , , , , , , , , , , , 
2830,부동산신탁,17106,한국투자부동산신탁,B,SM005,요약재무상태표(‘11.03월 이후),B323,Ⅳ. 기타부채_퇴직급여부채_미인식과거근무원가(-),,,,,,,,,,,,,,,,,,,,,,,,,,,,,,,,,,, , , , , , , , , , , , , , , , , , , , 
2831,부동산신탁,17106,한국투자부동산신탁,B,SM005,요약재무상태표(‘11.03월 이후),B324,Ⅳ. 기타부채_퇴직급여부채_사외적립자산(-),,,,,,,,,,,,,,,,,,,,,,,,,,,,,,,,,,,0,0,0,0,0,0,0,0,0,0,0,0,0,0,0,0,0,0,0,0
2832,부동산신탁,17106,한국투자부동산신탁,B,SM005,요약재무상태표(‘11.03월 이후),B33,Ⅳ. 기타부채_충당부채,,,,,,,,,,,,,,,,,,,,,,,,,,,,,,,,,,,200863448,202657033,204466635,206312548,208175127,210013484,211888774,213801694,215731884,277587072,283644237,286035451,288446841,290825498,293250546,295722817,298215949,300702678,342186166,345102885
2833,부동산신탁,17106,한국투자부동산신탁,B,SM005,요약재무상태표(‘11.03월 이후),B330,Ⅳ. 기타부채_충당부채_채무보증충당부채,,,,,,,,,,,,,,,,,,,,,,,,,,,,,,,,,,, , , , , , , , , , , , , , , , , , , , 
2834,부동산신탁,17106,한국투자부동산신탁,B,SM005,요약재무상태표(‘11.03월 이후),B331,Ⅳ. 기타부채_충당부채_복구충당부채,,,,,,,,,,,,,,,,,,,,,,,,,,,,,,,,,,,200863448,202657033,204466635,206312548,208175127,210013484,211888774,213801694,215731884,277587072,283644237,286035451,288446841,290825498,293250546,295722817,298215949,300702678,342186166,345102885
2835,부동산신탁,17106,한국투자부동산신탁,B,SM005,요약재무상태표(‘11.03월 이후),B332,Ⅳ. 기타부채_충당부채_특별대손충당금,,,,,,,,,,,,,,,,,,,,,,,,,,,,,,,,,,, , , , , , , , , , , , , , , , , , , , 
2836,부동산신탁,17106,한국투자부동산신탁,B,SM005,요약재무상태표(‘11.03월 이후),B333,Ⅳ. 기타부채_충당부채_신탁위험충당금,,,,,,,,,,,,,,,,,,,,,,,,,,,,,,,,,,, , , , , , , , , , , , , , , , , , , , 
2837,부동산신탁,17106,한국투자부동산신탁,B,SM005,요약재무상태표(‘11.03월 이후),B334,Ⅳ. 기타부채_충당부채_기타,,,,,,,,,,,,,,,,,,,,,,,,,,,,,,,,,,, , , , , , , , , , , , , , , , , , , , 
2838,부동산신탁,17106,한국투자부동산신탁,B,SM005,요약재무상태표(‘11.03월 이후),B34,Ⅳ. 기타부채_미지급법인세,,,,,,,,,,,,,,,,,,,,,,,,,,,,,,,,,,, , , , , , ,69126480, ,387740151,67338941,577463870,397540170,3126623159,296703639,3255849769,1752290669,4767022699,538631787,642649752,180684392
2839,부동산신탁,17106,한국투자부동산신탁,B,SM005,요약재무상태표(‘11.03월 이후),B35,Ⅳ. 기타부채_미지급배당금,,,,,,,,,,,,,,,,,,,,,,,,,,,,,,,,,,, , , , , , , , , , , , , , , , , , , , 
2840,부동산신탁,17106,한국투자부동산신탁,B,SM005,요약재무상태표(‘11.03월 이후),B36,Ⅳ. 기타부채_미지급금,,,,,,,,,,,,,,,,,,,,,,,,,,,,,,,,,,,106112751,98250044,273807896,95382408,313260426,197133660,127153019,152182737,340852124,596560437,316173930,223228560,373412403,1611147052,185705679,962097213,406501689,4261864326,200382172,584583083
2841,부동산신탁,17106,한국투자부동산신탁,B,SM005,요약재무상태표(‘11.03월 이후),B37,Ⅳ. 기타부채_미지급비용,,,,,,,,,,,,,,,,,,,,,,,,,,,,,,,,,,,347995438,88030907,137569447,119731926,408691025,240114585,234810145,225063345,2115969901,251136990,241940350,238425550,3885169473,1847545210,2732597180,3623329580,4566063678,3474651367,4082486890,6195577578
2842,부동산신탁,17106,한국투자부동산신탁,B,SM005,요약재무상태표(‘11.03월 이후),B38,Ⅳ. 기타부채_임대보증금,,,,,,,,,,,,,,,,,,,,,,,,,,,,,,,,,,, , , , , , , , , , , , , , , , , , , , 
2843,부동산신탁,17106,한국투자부동산신탁,B,SM005,요약재무상태표(‘11.03월 이후),B39,Ⅳ. 기타부채_선수금,,,,,,,,,,,,,,,,,,,,,,,,,,,,,,,,,,,147777778,296973389,661336933,834087310,1077469341,1994436833,2823440664,3054091567,4224607413,4566155669,7296507735,7731711556,6025376844,6774663836,4741242477,6505991908,4722296239,4979950830,5367779895,7717218885
2844,부동산신탁,17106,한국투자부동산신탁,B,SM005,요약재무상태표(‘11.03월 이후),B3A,Ⅳ. 기타부채_선수수익,,,,,,,,,,,,,,,,,,,,,,,,,,,,,,,,,,, , , , , , ,5217200, , , , , ,11397260, , , , , , , 
2845,부동산신탁,17106,한국투자부동산신탁,B,SM005,요약재무상태표(‘11.03월 이후),B3B,Ⅳ. 기타부채_가수금,,,,,,,,,,,,,,,,,,,,,,,,,,,,,,,,,,, , , , , , , , , , , , , , , , , , , , 
2846,부동산신탁,17106,한국투자부동산신탁,B,SM005,요약재무상태표(‘11.03월 이후),B3C,Ⅳ. 기타부채_대리점,,,,,,,,,,,,,,,,,,,,,,,,,,,,,,,,,,, , , , , , , , , , , , , , , , , , , , 
2847,부동산신탁,17106,한국투자부동산신탁,B,SM005,요약재무상태표(‘11.03월 이후),B3D,Ⅳ. 기타부채_본.지점,,,,,,,,,,,,,,,,,,,,,,,,,,,,,,,,,,, , , , , , , , , , , , , , , , , , , , 
2848,부동산신탁,17106,한국투자부동산신탁,B,SM005,요약재무상태표(‘11.03월 이후),B3E,Ⅳ. 기타부채_이연법인세부채,,,,,,,,,,,,,,,,,,,,,,,,,,,,,,,,,,, , , , , , , , , , , , , , , , , , , , 
2849,부동산신탁,17106,한국투자부동산신탁,B,SM005,요약재무상태표(‘11.03월 이후),B3F,Ⅳ. 기타부채_제세금예수금,,,,,,,,,,,,,,,,,,,,,,,,,,,,,,,,,,,55012800,129703710,75861105,82452780,88487071,102071480,152472850,107409013,142578110,736102679,240647069,370842854,342530030,1244028720,364903353,493393490,805174112,1099290439,185329269,345714599
2850,부동산신탁,17106,한국투자부동산신탁,B,SM005,요약재무상태표(‘11.03월 이후),B3G,Ⅳ. 기타부채_신탁계정차,,,,,,,,,,,,,,,,,,,,,,,,,,,,,,,,,,, , , , , , , , , , , , , , , , , , , , 
2851,부동산신탁,17106,한국투자부동산신탁,B,SM005,요약재무상태표(‘11.03월 이후),B3H,Ⅳ. 기타부채_기타,,,,,,,,,,,,,,,,,,,,,,,,,,,,,,,,,,,2306172441,2158937547,1967485884,1735347254,1503773787,1304692605,1074764379,828716208,586207356,1015388503,2934629195,3117242031,2825142520,2556906768,2442669062,2094817806,1793996711,1604957019,2484941649,2080864530
2852,부동산신탁,17106,한국투자부동산신탁,B,SM005,요약재무상태표(‘11.03월 이후),B4,Ⅲ. 파생상품부채,,,,,,,,,,,,,,,,,,,,,,,,,,,,,,,,,,,0,0,0,0,0,0,0,0,0,0,0,0,0,0,0,0,0,0,0,0
2853,부동산신탁,17106,한국투자부동산신탁,B,SM005,요약재무상태표(‘11.03월 이후),B40,Ⅲ. 파생상품부채_이자율관련,,,,,,,,,,,,,,,,,,,,,,,,,,,,,,,,,,,0,0,0,0,0,0,0,0,0,0,0,0,0,0,0,0,0,0,0,0
2854,부동산신탁,17106,한국투자부동산신탁,B,SM005,요약재무상태표(‘11.03월 이후),B41,Ⅲ. 파생상품부채_통화관련,,,,,,,,,,,,,,,,,,,,,,,,,,,,,,,,,,,0,0,0,0,0,0,0,0,0,0,0,0,0,0,0,0,0,0,0,0
2855,부동산신탁,17106,한국투자부동산신탁,B,SM005,요약재무상태표(‘11.03월 이후),B42,Ⅲ. 파생상품부채_주식관련,,,,,,,,,,,,,,,,,,,,,,,,,,,,,,,,,,,0,0,0,0,0,0,0,0,0,0,0,0,0,0,0,0,0,0,0,0
2856,부동산신탁,17106,한국투자부동산신탁,B,SM005,요약재무상태표(‘11.03월 이후),B43,Ⅲ. 파생상품부채_신용관련,,,,,,,,,,,,,,,,,,,,,,,,,,,,,,,,,,,0,0,0,0,0,0,0,0,0,0,0,0,0,0,0,0,0,0,0,0
2857,부동산신탁,17106,한국투자부동산신탁,B,SM005,요약재무상태표(‘11.03월 이후),B44,Ⅲ. 파생상품부채_상품관련,,,,,,,,,,,,,,,,,,,,,,,,,,,,,,,,,,,0,0,0,0,0,0,0,0,0,0,0,0,0,0,0,0,0,0,0,0
2858,부동산신탁,17106,한국투자부동산신탁,B,SM005,요약재무상태표(‘11.03월 이후),B45,Ⅲ. 파생상품부채_기타파생상품부채,,,,,,,,,,,,,,,,,,,,,,,,,,,,,,,,,,, , , , , , , , , , , , , , , , , , , , 
2859,부동산신탁,17106,한국투자부동산신탁,B,SM005,요약재무상태표(‘11.03월 이후),B46,Ⅲ. 파생상품부채_파생상품 신용위험평가조정액,,,,,,,,,,,,,,,,,,,,,,,,,,,,,,,,,,,0,0,0,0,0,0,0,0,0,0,0,0,0,0,0,0,0,0,0,0
2860,부동산신탁,17106,한국투자부동산신탁,B,SM005,요약재무상태표(‘11.03월 이후),B47,Ⅲ. 파생상품부채_파생상품 거래일손익인식평가조정액,,,,,,,,,,,,,,,,,,,,,,,,,,,,,,,,,,, , , , , , , , , , , , , , , , , , , , 
2861,부동산신탁,17106,한국투자부동산신탁,B,SM005,요약재무상태표(‘11.03월 이후),B5,Ⅴ. 요구불상환지분,,,,,,,,,,,,,,,,,,,,,,,,,,,,,,,,,,,0,0,0,0,0,0,0,0,0,0,0,0,0,0,0,0,0,0,0,0
2862,부동산신탁,17106,한국투자부동산신탁,B,SM005,요약재무상태표(‘11.03월 이후),C,자본총계,,,,,,,,,,,,,,,,,,,,,,,,,,,,,,,,,,,44179694780,41795510741,39364353163,37455519274,36288476487,35403220767,184890462911,187314663398,187992230124,191903432165,195169605145,201760301641,204085240368,210591251159,212568068499,220236920941,225236902909,231644848615,229304911915,238609425397
2863,부동산신탁,17106,한국투자부동산신탁,B,SM005,요약재무상태표(‘11.03월 이후),C1,Ⅰ. 자본금,,,,,,,,,,,,,,,,,,,,,,,,,,,,,,,,,,,50000000000,50000000000,50000000000,50000000000,50000000000,50000000000,200000000000,200000000000,200000000000,200000000000,200000000000,200000000000,200000000000,200000000000,200000000000,200000000000,200000000000,200000000000,200000000000,200000000000
2864,부동산신탁,17106,한국투자부동산신탁,B,SM005,요약재무상태표(‘11.03월 이후),C10,Ⅰ. 자본금_보통주자본금,,,,,,,,,,,,,,,,,,,,,,,,,,,,,,,,,,,50000000000,50000000000,50000000000,50000000000,50000000000,50000000000,200000000000,200000000000,200000000000,200000000000,200000000000,200000000000,200000000000,200000000000,200000000000,200000000000,200000000000,200000000000,200000000000,200000000000
2865,부동산신탁,17106,한국투자부동산신탁,B,SM005,요약재무상태표(‘11.03월 이후),C11,Ⅰ. 자본금_우선주자본금,,,,,,,,,,,,,,,,,,,,,,,,,,,,,,,,,,,0,0,0,0,0,0,0,0,0,0,0,0,0,0,0,0,0,0,0,0
2866,부동산신탁,17106,한국투자부동산신탁,B,SM005,요약재무상태표(‘11.03월 이후),C110,Ⅰ. 자본금_우선주자본금_상환우선주,,,,,,,,,,,,,,,,,,,,,,,,,,,,,,,,,,, , , , , , , , , , , , , , , , , , , , 
2867,부동산신탁,17106,한국투자부동산신탁,B,SM005,요약재무상태표(‘11.03월 이후),C111,Ⅰ. 자본금_우선주자본금_전환우선주,,,,,,,,,,,,,,,,,,,,,,,,,,,,,,,,,,, , , , , , , , , , , , , , , , , , , , 
2868,부동산신탁,17106,한국투자부동산신탁,B,SM005,요약재무상태표(‘11.03월 이후),C112,Ⅰ. 자본금_우선주자본금_기타,,,,,,,,,,,,,,,,,,,,,,,,,,,,,,,,,,, , , , , , , , , , , , , , , , , , , , 
2869,부동산신탁,17106,한국투자부동산신탁,B,SM005,요약재무상태표(‘11.03월 이후),C2,Ⅱ. 자본잉여금,,,,,,,,,,,,,,,,,,,,,,,,,,,,,,,,,,,0,0,0,0,0,0,0,0,0,0,0,0,0,0,0,0,0,0,0,0
2870,부동산신탁,17106,한국투자부동산신탁,B,SM005,요약재무상태표(‘11.03월 이후),C20,Ⅱ. 자본잉여금_주식발행초과금,,,,,,,,,,,,,,,,,,,,,,,,,,,,,,,,,,, , , , , , , , , , , , , , , , , , , , 
2871,부동산신탁,17106,한국투자부동산신탁,B,SM005,요약재무상태표(‘11.03월 이후),C21,Ⅱ. 자본잉여금_감자차익,,,,,,,,,,,,,,,,,,,,,,,,,,,,,,,,,,, , , , , , , , , , , , , , , , , , , , 
2872,부동산신탁,17106,한국투자부동산신탁,B,SM005,요약재무상태표(‘11.03월 이후),C22,Ⅱ. 자본잉여금_자기주식처분이익,,,,,,,,,,,,,,,,,,,,,,,,,,,,,,,,,,, , , , , , , , , , , , , , , , , , , , 
2873,부동산신탁,17106,한국투자부동산신탁,B,SM005,요약재무상태표(‘11.03월 이후),C23,Ⅱ. 자본잉여금_기타자본잉여금,,,,,,,,,,,,,,,,,,,,,,,,,,,,,,,,,,, , , , , , , , , , , , , , , , , , , , 
2874,부동산신탁,17106,한국투자부동산신탁,B,SM005,요약재무상태표(‘11.03월 이후),C3,Ⅲ. 자본조정,,,,,,,,,,,,,,,,,,,,,,,,,,,,,,,,,,,-720000000,-720000000,-720000000,-720000000,-720000000,-720000000,-2880000000,-2880000000,-2880000000,-2880000000,-2880000000,-2880000000,-2880000000,-2880000000,-2880000000,-2880000000,-2880000000,-2880000000,-2880000000,-2880000000
2875,부동산신탁,17106,한국투자부동산신탁,B,SM005,요약재무상태표(‘11.03월 이후),C30,Ⅲ. 자본조정_주식할인발행차금,,,,,,,,,,,,,,,,,,,,,,,,,,,,,,,,,,,-720000000,-720000000,-720000000,-720000000,-720000000,-720000000,-2880000000,-2880000000,-2880000000,-2880000000,-2880000000,-2880000000,-2880000000,-2880000000,-2880000000,-2880000000,-2880000000,-2880000000,-2880000000,-2880000000
2876,부동산신탁,17106,한국투자부동산신탁,B,SM005,요약재무상태표(‘11.03월 이후),C31,Ⅲ. 자본조정_자기주식,,,,,,,,,,,,,,,,,,,,,,,,,,,,,,,,,,, , , , , , , , , , , , , , , , , , , , 
2877,부동산신탁,17106,한국투자부동산신탁,B,SM005,요약재무상태표(‘11.03월 이후),C32,Ⅲ. 자본조정_자기주식처분손실,,,,,,,,,,,,,,,,,,,,,,,,,,,,,,,,,,, , , , , , , , , , , , , , , , , , , , 
2878,부동산신탁,17106,한국투자부동산신탁,B,SM005,요약재무상태표(‘11.03월 이후),C33,Ⅲ. 자본조정_주식매입선택권,,,,,,,,,,,,,,,,,,,,,,,,,,,,,,,,,,, , , , , , , , , , , , , , , , , , , , 
2879,부동산신탁,17106,한국투자부동산신탁,B,SM005,요약재무상태표(‘11.03월 이후),C34,Ⅲ. 자본조정_신주청약증거금,,,,,,,,,,,,,,,,,,,,,,,,,,,,,,,,,,, , , , , , , , , , , , , , , , , , , , 
2880,부동산신탁,17106,한국투자부동산신탁,B,SM005,요약재무상태표(‘11.03월 이후),C35,Ⅲ. 자본조정_기타,,,,,,,,,,,,,,,,,,,,,,,,,,,,,,,,,,, , , , , , , , , , , , , , , , , , , , 
2881,부동산신탁,17106,한국투자부동산신탁,B,SM005,요약재무상태표(‘11.03월 이후),C4,Ⅳ. 기타포괄손익누계액,,,,,,,,,,,,,,,,,,,,,,,,,,,,,,,,,,,0,0,0,0,0,0,0,0,0,0,0,0,0,0,0,0,0,0,0,0
2882,부동산신탁,17106,한국투자부동산신탁,B,SM005,요약재무상태표(‘11.03월 이후),C40,Ⅳ. 기타포괄손익누계액_기타포괄손익-공정가치측정금융자산평가손익,,,,,,,,,,,,,,,,,,,,,,,,,,,,,,,,,,,0,0,0,0,0,0,0,0,0,0,0,0,0,0,0,0,0,0,0,0
2883,부동산신탁,17106,한국투자부동산신탁,B,SM005,요약재무상태표(‘11.03월 이후),C41,Ⅳ. 기타포괄손익누계액_기타포괄손익-공정가치측정금융자산처분손익,,,,,,,,,,,,,,,,,,,,,,,,,,,,,,,,,,, , , , , , , , , , , , , , , , , , , , 
2884,부동산신탁,17106,한국투자부동산신탁,B,SM005,요약재무상태표(‘11.03월 이후),C42,Ⅳ. 기타포괄손익누계액_지분법 자본변동,,,,,,,,,,,,,,,,,,,,,,,,,,,,,,,,,,, , , , , , , , , , , , , , , , , , , , 
2885,부동산신탁,17106,한국투자부동산신탁,B,SM005,요약재무상태표(‘11.03월 이후),C43,Ⅳ. 기타포괄손익누계액_부의 지분법 자본변동,,,,,,,,,,,,,,,,,,,,,,,,,,,,,,,,,,, , , , , , , , , , , , , , , , , , , , 
2886,부동산신탁,17106,한국투자부동산신탁,B,SM005,요약재무상태표(‘11.03월 이후),C44,Ⅳ. 기타포괄손익누계액_위험회피 파생상품평가손익,,,,,,,,,,,,,,,,,,,,,,,,,,,,,,,,,,, , , , , , , , , , , , , , , , , , , , 
2887,부동산신탁,17106,한국투자부동산신탁,B,SM005,요약재무상태표(‘11.03월 이후),C45,Ⅳ. 기타포괄손익누계액_외환차이누계액,,,,,,,,,,,,,,,,,,,,,,,,,,,,,,,,,,, , , , , , , , , , , , , , , , , , , , 
2888,부동산신탁,17106,한국투자부동산신탁,B,SM005,요약재무상태표(‘11.03월 이후),C46,Ⅳ. 기타포괄손익누계액_유형자산재평가이익,,,,,,,,,,,,,,,,,,,,,,,,,,,,,,,,,,, , , , , , , , , , , , , , , , , , , , 
2889,부동산신탁,17106,한국투자부동산신탁,B,SM005,요약재무상태표(‘11.03월 이후),C47,Ⅳ. 기타포괄손익누계액_기타,,,,,,,,,,,,,,,,,,,,,,,,,,,,,,,,,,, , , , , , , , , , , , , , , , , , , , 
2890,부동산신탁,17106,한국투자부동산신탁,B,SM005,요약재무상태표(‘11.03월 이후),C5,Ⅴ. 이익잉여금,,,,,,,,,,,,,,,,,,,,,,,,,,,,,,,,,,,-5100305220,-7484489259,-9915646837,-11824480726,-12991523513,-13876779233,-12229537089,-9805336602,-9127769876,-5216567835,-1950394855,4640301641,6965240368,13471251159,15448068499,23116920941,28116902909,34524848615,32184911915,41489425397
2891,부동산신탁,17106,한국투자부동산신탁,B,SM005,요약재무상태표(‘11.03월 이후),C50,Ⅴ. 이익잉여금_이익준비금,,,,,,,,,,,,,,,,,,,,,,,,,,,,,,,,,,, , , , , , , , , , , , , , , , , , , , 
2892,부동산신탁,17106,한국투자부동산신탁,B,SM005,요약재무상태표(‘11.03월 이후),C51,Ⅴ. 이익잉여금_대손준비금,,,,,,,,,,,,,,,,,,,,,,,,,,,,,,,,,,, , , , , , , , , , , ,205591298,1136447918,10921437765,13452392111,21121244553,17289048806,30125286357,28074069273,37378582755
2893,부동산신탁,17106,한국투자부동산신탁,B,SM005,요약재무상태표(‘11.03월 이후),C52,Ⅴ. 이익잉여금_전자금융사고배상준비금,,,,,,,,,,,,,,,,,,,,,,,,,,,,,,,,,,, , , , , , , , , , , , , , , , , , , , 
2894,부동산신탁,17106,한국투자부동산신탁,B,SM005,요약재무상태표(‘11.03월 이후),C53,Ⅴ. 이익잉여금_기타법정준비금,,,,,,,,,,,,,,,,,,,,,,,,,,,,,,,,,,, , , , , , , , , , , , , , , , , , , , 
2895,부동산신탁,17106,한국투자부동산신탁,B,SM005,요약재무상태표(‘11.03월 이후),C54,Ⅴ. 이익잉여금_신탁사업적립금,,,,,,,,,,,,,,,,,,,,,,,,,,,,,,,,,,, , , , , , , , , ,386375364,386375364,386375364,386375364,1995676388,1995676388,1995676388,1995676388,4110842642,4110842642,4110842642
2896,부동산신탁,17106,한국투자부동산신탁,B,SM005,요약재무상태표(‘11.03월 이후),C55,Ⅴ. 이익잉여금_임의적립금,,,,,,,,,,,,,,,,,,,,,,,,,,,,,,,,,,, , , , , , , , , , , , , , , , , , , , 
2897,부동산신탁,17106,한국투자부동산신탁,B,SM005,요약재무상태표(‘11.03월 이후),C56,Ⅴ. 이익잉여금_미처분이익잉여금,,,,,,,,,,,,,,,,,,,,,,,,,,,,,,,,,,,-5100305220,-7484489259,-9915646837,-11824480726,-12991523513,-13876779233,-12229537089,-9805336602,-9127769876,-5602943199,-2336770219,4048334979,5442417086,554137006, , ,8832177715,288719616, , 
2898,부동산신탁,17106,한국투자부동산신탁,B,SM005,요약재무상태표(‘11.03월 이후),C57,Ⅴ. 이익잉여금_(당기순이익),,,,,,,,,,,,,,,,,,,,,,,,,,,,,,,,,,,-5100305220,-2384184039,-4815341617,-6724175506,-7891218293,-885255720,761986424,3186186911,3863753637,3911202041,7177375021,13768071517,16093010244,6506010791,8482828131,16151680573,21151662541,6407945706,4068009006,13372522488
2899,부동산신탁,17107,신영부동산신탁,B,SM005,요약재무상태표(‘11.03월 이후),A,자산총계,,,,,,,,,,,,,,,,,,,,,,,,,,,,,,,,,,,28706266827,28288452965,29149134581,30862775757,33967620520,107297032679,109964235578,116636035996,124849463870,135377349001,140344214896,145871484215,148822644424,154728921556,146499514555,149939681155,157615503440,158595637982,153634659921,155237293991
2900,부동산신탁,17107,신영부동산신탁,B,SM005,요약재무상태표(‘11.03월 이후),A1,Ⅰ. 현금 및 예치금,,,,,,,,,,,,,,,,,,,,,,,,,,,,,,,,,,,24602093921,1672335707,3360686823,2726482343,6664498646,40051393477,62293043893,35733645227,23209442636,23703996941,17206727888,12900573931,29680079508,9347782182,6198887199,4747873274,8223584900,6214822922,6905759633,8009153332
2901,부동산신탁,17107,신영부동산신탁,B,SM005,요약재무상태표(‘11.03월 이후),A10,Ⅰ. 현금 및 예치금_현금 및 현금성 자산,,,,,,,,,,,,,,,,,,,,,,,,,,,,,,,,,,,1602093921,1672335707,3318834823,2726482343,6664498646,3103898477,5363153893,3733405227,4226317636,4718846941,2227026238,2914306631,19697500248,4364207182,6195857199,4747873274,8223584900,6211442922,6900996633,8009153332
2902,부동산신탁,17107,신영부동산신탁,B,SM005,요약재무상태표(‘11.03월 이후),A100,Ⅰ. 현금 및 예치금_현금 및 현금성 자산_현금,,,,,,,,,,,,,,,,,,,,,,,,,,,,,,,,,,,0,0,0,0,0,0,0,0,0,0,0,0,0,0,0,0,0, ,0,0
2903,부동산신탁,17107,신영부동산신탁,B,SM005,요약재무상태표(‘11.03월 이후),A101,Ⅰ. 현금 및 예치금_현금 및 현금성 자산_정기예.적금,,,,,,,,,,,,,,,,,,,,,,,,,,,,,,,,,,,0,0,0,0,0,0,0,0,19862328,0,28044520,62542602,15000000000,0,0,0,0, ,0,0
2904,부동산신탁,17107,신영부동산신탁,B,SM005,요약재무상태표(‘11.03월 이후),A102,Ⅰ. 현금 및 예치금_현금 및 현금성 자산_보통예금,,,,,,,,,,,,,,,,,,,,,,,,,,,,,,,,,,,7188,11401,9950,1060437758,1884745,12584764,2031723954,138465834,139973789,31236295,1030477439,100262361,50480271,68649405,247604815,1554671232,1730723808,2237652770,3091480176,3303695150
2905,부동산신탁,17107,신영부동산신탁,B,SM005,요약재무상태표(‘11.03월 이후),A103,Ⅰ. 현금 및 예치금_현금 및 현금성 자산_당좌예금,,,,,,,,,,,,,,,,,,,,,,,,,,,,,,,,,,,0,0,0,0,0,0,0,0,0,0,0,0,0,0,0,0,0, ,0,0
2906,부동산신탁,17107,신영부동산신탁,B,SM005,요약재무상태표(‘11.03월 이후),A104,Ⅰ. 현금 및 예치금_현금 및 현금성 자산_외화예금,,,,,,,,,,,,,,,,,,,,,,,,,,,,,,,,,,,0,0,0,0,0,0,0,0,0,0,0,0,0,0,0,0,0, ,0,0
2907,부동산신탁,17107,신영부동산신탁,B,SM005,요약재무상태표(‘11.03월 이후),A105,Ⅰ. 현금 및 예치금_현금 및 현금성 자산_양도성예금증서,,,,,,,,,,,,,,,,,,,,,,,,,,,,,,,,,,,0,0,0,0,0,0,0,0,0,0,0,0,0,0,0,0,0, ,0,0
2908,부동산신탁,17107,신영부동산신탁,B,SM005,요약재무상태표(‘11.03월 이후),A106,Ⅰ. 현금 및 예치금_현금 및 현금성 자산_MMDA,,,,,,,,,,,,,,,,,,,,,,,,,,,,,,,,,,,1602086733,1672324306,3301575705,1666044585,6662613901,3091313713,3331429939,3563924674,3923231332,4687610646,1168504159,2579492485,4410297467,4295557777,5948195272,3193202042,6492861092,3973790152,3809516457,4705458182
2909,부동산신탁,17107,신영부동산신탁,B,SM005,요약재무상태표(‘11.03월 이후),A107,Ⅰ. 현금 및 예치금_현금 및 현금성 자산_MMF,,,,,,,,,,,,,,,,,,,,,,,,,,,,,,,,,,,0,0,0,0,0,0,0,0,0,0,0,0,0,0,0,0,0, ,0,0
2910,부동산신탁,17107,신영부동산신탁,B,SM005,요약재무상태표(‘11.03월 이후),A108,Ⅰ. 현금 및 예치금_현금 및 현금성 자산_금융어음,,,,,,,,,,,,,,,,,,,,,,,,,,,,,,,,,,,0,0,0,0,0,0,0,0,0,0,0,172009180,0,0,0,0,0, ,0,0
2911,부동산신탁,17107,신영부동산신탁,B,SM005,요약재무상태표(‘11.03월 이후),A109,Ⅰ. 현금 및 예치금_현금 및 현금성 자산_기타,,,,,,,,,,,,,,,,,,,,,,,,,,,,,,,,,,,0,0,17249168,0,0,0,0,31014719,143250187,0,120,3,236722510,0,57112,0,0, ,0,0
2912,부동산신탁,17107,신영부동산신탁,B,SM005,요약재무상태표(‘11.03월 이후),A11,Ⅰ. 현금 및 예치금_예치금,,,,,,,,,,,,,,,,,,,,,,,,,,,,,,,,,,,23000000000,0,41852000,0,0,36947495000,56929890000,32000240000,18983125000,18985150000,14979701650,9986267300,9982579260,4983575000,3030000,0,0,3380000,4763000,0
2913,부동산신탁,17107,신영부동산신탁,B,SM005,요약재무상태표(‘11.03월 이후),A110,Ⅰ. 현금 및 예치금_예치금_장기성예금,,,,,,,,,,,,,,,,,,,,,,,,,,,,,,,,,,,23000000000,0,0,0,0,36943885000,56929890000,31969490000,18983125000,18985150000,14976887650,9982579300,9982579260,4983575000,0,0,0, ,0,0
2914,부동산신탁,17107,신영부동산신탁,B,SM005,요약재무상태표(‘11.03월 이후),A111,Ⅰ. 현금 및 예치금_예치금_특정예금 등,,,,,,,,,,,,,,,,,,,,,,,,,,,,,,,,,,,0,0,0,0,0,0,0,0,0,0,0,0,0,0,0,0,0, ,0,0
2915,부동산신탁,17107,신영부동산신탁,B,SM005,요약재무상태표(‘11.03월 이후),A112,Ⅰ. 현금 및 예치금_예치금_신탁공탁금,,,,,,,,,,,,,,,,,,,,,,,,,,,,,,,,,,,0,0,0,0,0,0,0,0,0,0,0,0,0,0,0,0,0, ,0,0
2916,부동산신탁,17107,신영부동산신탁,B,SM005,요약재무상태표(‘11.03월 이후),A113,Ⅰ. 현금 및 예치금_예치금_기타,,,,,,,,,,,,,,,,,,,,,,,,,,,,,,,,,,,0,0,41852000,0,0,3610000,0,30750000,0,0,2814000,3688000,0,0,3030000,0,0,3380000,4763000,0
2917,부동산신탁,17107,신영부동산신탁,B,SM005,요약재무상태표(‘11.03월 이후),A2,Ⅱ. 증권,,,,,,,,,,,,,,,,,,,,,,,,,,,,,,,,,,,0,15009180328,0,5261880000,250000000,4274081910,9256855186,14241300782,1179641451,818150824,4615473182,5538419547,5736659996,5688483380,5688483380,6438483380,6438483380,6081909002,6361909002,8694610053
2918,부동산신탁,17107,신영부동산신탁,B,SM005,요약재무상태표(‘11.03월 이후),A20,Ⅱ. 증권_당기손익-공정가치측정증권,,,,,,,,,,,,,,,,,,,,,,,,,,,,,,,,,,,0,0,0,5261880000,250000000,250000000,1242608611,6200840508,1179641451,0,0,0,0,0,0,0,0,0,0,2012701051
2919,부동산신탁,17107,신영부동산신탁,B,SM005,요약재무상태표(‘11.03월 이후),A200,Ⅱ. 증권_당기손익-공정가치측정증권_주식,,,,,,,,,,,,,,,,,,,,,,,,,,,,,,,,,,,0,0,0,1250000000,250000000,250000000,250000000,250000000,250000000,0,0,0,0,0,0,0,0, ,0,0
2920,부동산신탁,17107,신영부동산신탁,B,SM005,요약재무상태표(‘11.03월 이후),A201,Ⅱ. 증권_당기손익-공정가치측정증권_국채·지방채,,,,,,,,,,,,,,,,,,,,,,,,,,,,,,,,,,,0,0,0,0,0,0,0,0,0,0,0,0,0,0,0,0,0, ,0,0
2921,부동산신탁,17107,신영부동산신탁,B,SM005,요약재무상태표(‘11.03월 이후),A202,Ⅱ. 증권_당기손익-공정가치측정증권_특수채,,,,,,,,,,,,,,,,,,,,,,,,,,,,,,,,,,,0,0,0,0,0,0,0,0,0,0,0,0,0,0,0,0,0, ,0,0
2922,부동산신탁,17107,신영부동산신탁,B,SM005,요약재무상태표(‘11.03월 이후),A203,Ⅱ. 증권_당기손익-공정가치측정증권_회사채,,,,,,,,,,,,,,,,,,,,,,,,,,,,,,,,,,,0,0,0,0,0,0,0,0,0,0,0,0,0,0,0,0,0, ,0,0
2923,부동산신탁,17107,신영부동산신탁,B,SM005,요약재무상태표(‘11.03월 이후),A204,Ⅱ. 증권_당기손익-공정가치측정증권_집합투자증권,,,,,,,,,,,,,,,,,,,,,,,,,,,,,,,,,,,0,0,0,4011880000,0,0,992608611,979780235,929641451,0,0,0,0,0,0,0,0,0,0,0
2924,부동산신탁,17107,신영부동산신탁,B,SM005,요약재무상태표(‘11.03월 이후),A205,Ⅱ. 증권_당기손익-공정가치측정증권_기업어음증권,,,,,,,,,,,,,,,,,,,,,,,,,,,,,,,,,,,0,0,0,0,0,0,0,4971060273,0,0,0,0,0,0,0,0,0, ,0,0
2925,부동산신탁,17107,신영부동산신탁,B,SM005,요약재무상태표(‘11.03월 이후),A206,Ⅱ. 증권_당기손익-공정가치측정증권_외화증권,,,,,,,,,,,,,,,,,,,,,,,,,,,,,,,,,,,0,0,0,0,0,0,0,0,0,0,0,0,0,0,0,0,0,0,0,0
2926,부동산신탁,17107,신영부동산신탁,B,SM005,요약재무상태표(‘11.03월 이후),A207,Ⅱ. 증권_당기손익-공정가치측정증권_기타,,,,,,,,,,,,,,,,,,,,,,,,,,,,,,,,,,,0,0,0,0,0,0,0,0,0,0,0,0,0,0,0,0,0,0,0,2012701051
2927,부동산신탁,17107,신영부동산신탁,B,SM005,요약재무상태표(‘11.03월 이후),A21,Ⅱ. 증권_기타포괄손익-공정가치측정증권,,,,,,,,,,,,,,,,,,,,,,,,,,,,,,,,,,,0,0,0,0,0,0,0,0,0,0,0,0,0,0,0,0,0,0,0,0
2928,부동산신탁,17107,신영부동산신탁,B,SM005,요약재무상태표(‘11.03월 이후),A210,Ⅱ. 증권_기타포괄손익-공정가치측정증권_주식,,,,,,,,,,,,,,,,,,,,,,,,,,,,,,,,,,,0,0,0,0,0,0,0,0,0,0,0,0,0,0,0,0,0, ,0,0
2929,부동산신탁,17107,신영부동산신탁,B,SM005,요약재무상태표(‘11.03월 이후),A211,Ⅱ. 증권_기타포괄손익-공정가치측정증권_국채·지방채,,,,,,,,,,,,,,,,,,,,,,,,,,,,,,,,,,,0,0,0,0,0,0,0,0,0,0,0,0,0,0,0,0,0, ,0,0
2930,부동산신탁,17107,신영부동산신탁,B,SM005,요약재무상태표(‘11.03월 이후),A212,Ⅱ. 증권_기타포괄손익-공정가치측정증권_특수채,,,,,,,,,,,,,,,,,,,,,,,,,,,,,,,,,,,0,0,0,0,0,0,0,0,0,0,0,0,0,0,0,0,0, ,0,0
2931,부동산신탁,17107,신영부동산신탁,B,SM005,요약재무상태표(‘11.03월 이후),A213,Ⅱ. 증권_기타포괄손익-공정가치측정증권_회사채,,,,,,,,,,,,,,,,,,,,,,,,,,,,,,,,,,,0,0,0,0,0,0,0,0,0,0,0,0,0,0,0,0,0, ,0,0
2932,부동산신탁,17107,신영부동산신탁,B,SM005,요약재무상태표(‘11.03월 이후),A214,Ⅱ. 증권_기타포괄손익-공정가치측정증권_집합투자증권,,,,,,,,,,,,,,,,,,,,,,,,,,,,,,,,,,,0,0,0,0,0,0,0,0,0,0,0,0,0,0,0,0,0,0,0,0
2933,부동산신탁,17107,신영부동산신탁,B,SM005,요약재무상태표(‘11.03월 이후),A215,Ⅱ. 증권_기타포괄손익-공정가치측정증권_기업어음증권,,,,,,,,,,,,,,,,,,,,,,,,,,,,,,,,,,,0,0,0,0,0,0,0,0,0,0,0,0,0,0,0,0,0, ,0,0
2934,부동산신탁,17107,신영부동산신탁,B,SM005,요약재무상태표(‘11.03월 이후),A216,Ⅱ. 증권_기타포괄손익-공정가치측정증권_외화증권,,,,,,,,,,,,,,,,,,,,,,,,,,,,,,,,,,,0,0,0,0,0,0,0,0,0,0,0,0,0,0,0,0,0,0,0,0
2935,부동산신탁,17107,신영부동산신탁,B,SM005,요약재무상태표(‘11.03월 이후),A217,Ⅱ. 증권_기타포괄손익-공정가치측정증권_기타,,,,,,,,,,,,,,,,,,,,,,,,,,,,,,,,,,,0,0,0,0,0,0,0,0,0,0,0,0,0,0,0,0,0,0,0,0
2936,부동산신탁,17107,신영부동산신탁,B,SM005,요약재무상태표(‘11.03월 이후),A22,Ⅱ. 증권_상각후원가측정증권,,,,,,,,,,,,,,,,,,,,,,,,,,,,,,,,,,,0,0,0,0,0,4026800000,0,0,0,839475000,4636175000,5576372880,5826367880,5826367880,5826367880,6576367880,6576367880,6126367880,6406367880,6726367880
2937,부동산신탁,17107,신영부동산신탁,B,SM005,요약재무상태표(‘11.03월 이후),A220,Ⅱ. 증권_상각후원가측정증권_국채·지방채,,,,,,,,,,,,,,,,,,,,,,,,,,,,,,,,,,,0,0,0,0,0,0,0,0,0,0,0,0,0,0,0,0,0, ,0,0
2938,부동산신탁,17107,신영부동산신탁,B,SM005,요약재무상태표(‘11.03월 이후),A221,Ⅱ. 증권_상각후원가측정증권_특수채,,,,,,,,,,,,,,,,,,,,,,,,,,,,,,,,,,,0,0,0,0,0,0,0,0,0,0,0,0,0,0,0,0,0, ,0,0
2939,부동산신탁,17107,신영부동산신탁,B,SM005,요약재무상태표(‘11.03월 이후),A222,Ⅱ. 증권_상각후원가측정증권_회사채,,,,,,,,,,,,,,,,,,,,,,,,,,,,,,,,,,,0,0,0,0,0,4026800000,0,0,0,0,0,0,0,0,0,0,0, ,0,0
2940,부동산신탁,17107,신영부동산신탁,B,SM005,요약재무상태표(‘11.03월 이후),A223,Ⅱ. 증권_상각후원가측정증권_기타,,,,,,,,,,,,,,,,,,,,,,,,,,,,,,,,,,,0,0,0,0,0,0,0,0,0,839475000,4636175000,5576372880,5826367880,5826367880,5826367880,6576367880,6576367880,6126367880,6406367880,6726367880
2941,부동산신탁,17107,신영부동산신탁,B,SM005,요약재무상태표(‘11.03월 이후),A23,Ⅱ. 증권_관계회사투자지분,,,,,,,,,,,,,,,,,,,,,,,,,,,,,,,,,,,0,0,0,0,0,0,0,0,0,0,0,0,0,0,0,0,0,0,0,0
2942,부동산신탁,17107,신영부동산신탁,B,SM005,요약재무상태표(‘11.03월 이후),A230,Ⅱ. 증권_관계회사투자지분_연결대상회사 투자지분,,,,,,,,,,,,,,,,,,,,,,,,,,,,,,,,,,,0,0,0,0,0,0,0,0,0,0,0,0,0,0,0,0,0,0,0,0
2943,부동산신탁,17107,신영부동산신탁,B,SM005,요약재무상태표(‘11.03월 이후),A231,Ⅱ. 증권_관계회사투자지분_비연결대상회사 투자지분,,,,,,,,,,,,,,,,,,,,,,,,,,,,,,,,,,,0,0,0,0,0,0,0,0,0,0,0,0,0,0,0,0,0,0,0,0
2944,부동산신탁,17107,신영부동산신탁,B,SM005,요약재무상태표(‘11.03월 이후),A24,Ⅱ. 증권_파생결합증권,,,,,,,,,,,,,,,,,,,,,,,,,,,,,,,,,,,0,15009180328,0,0,0,0,8014246575,8040460274,0,0,0,0,0,0,0,0,0,0,0,0
2945,부동산신탁,17107,신영부동산신탁,B,SM005,요약재무상태표(‘11.03월 이후),A25,Ⅱ. 증권_대손충당금(-),,,,,,,,,,,,,,,,,,,,,,,,,,,,,,,,,,,0,0,0,0,0,2718090,0,0,0,21324176,20701818,37953333,89707884,137884500,137884500,137884500,137884500,44458878,44458878,44458878
2946,부동산신탁,17107,신영부동산신탁,B,SM005,요약재무상태표(‘11.03월 이후),A3,Ⅲ. 파생상품자산,,,,,,,,,,,,,,,,,,,,,,,,,,,,,,,,,,,0,0,0,0,0,0,0,0,0,0,0,0,0,0,0,0,0,0,0,0
2947,부동산신탁,17107,신영부동산신탁,B,SM005,요약재무상태표(‘11.03월 이후),A30,Ⅲ. 파생상품자산_이자율관련,,,,,,,,,,,,,,,,,,,,,,,,,,,,,,,,,,,0,0,0,0,0,0,0,0,0,0,0,0,0,0,0,0,0,0,0,0
2948,부동산신탁,17107,신영부동산신탁,B,SM005,요약재무상태표(‘11.03월 이후),A31,Ⅲ. 파생상품자산_통화관련,,,,,,,,,,,,,,,,,,,,,,,,,,,,,,,,,,,0,0,0,0,0,0,0,0,0,0,0,0,0,0,0,0,0,0,0,0
2949,부동산신탁,17107,신영부동산신탁,B,SM005,요약재무상태표(‘11.03월 이후),A32,Ⅲ. 파생상품자산_주식관련,,,,,,,,,,,,,,,,,,,,,,,,,,,,,,,,,,,0,0,0,0,0,0,0,0,0,0,0,0,0,0,0,0,0,0,0,0
2950,부동산신탁,17107,신영부동산신탁,B,SM005,요약재무상태표(‘11.03월 이후),A33,Ⅲ. 파생상품자산_신용관련,,,,,,,,,,,,,,,,,,,,,,,,,,,,,,,,,,,0,0,0,0,0,0,0,0,0,0,0,0,0,0,0,0,0,0,0,0
2951,부동산신탁,17107,신영부동산신탁,B,SM005,요약재무상태표(‘11.03월 이후),A34,Ⅲ. 파생상품자산_상품관련,,,,,,,,,,,,,,,,,,,,,,,,,,,,,,,,,,,0,0,0,0,0,0,0,0,0,0,0,0,0,0,0,0,0,0,0,0
2952,부동산신탁,17107,신영부동산신탁,B,SM005,요약재무상태표(‘11.03월 이후),A35,Ⅲ. 파생상품자산_기타파생상품자산,,,,,,,,,,,,,,,,,,,,,,,,,,,,,,,,,,,0,0,0,0,0,0,0,0,0,0,0,0,0,0,0,0,0, ,0,0
2953,부동산신탁,17107,신영부동산신탁,B,SM005,요약재무상태표(‘11.03월 이후),A36,Ⅲ. 파생상품자산_파생상품Ⅲ. 파생상품자산_신용위험평가조정액,,,,,,,,,,,,,,,,,,,,,,,,,,,,,,,,,,,0,0,0,0,0,0,0,0,0,0,0,0,0,0,0,0,0, ,0,0
2954,부동산신탁,17107,신영부동산신탁,B,SM005,요약재무상태표(‘11.03월 이후),A37,Ⅲ. 파생상품자산_파생상품Ⅲ. 파생상품자산_거래일손익인식평가조정액,,,,,,,,,,,,,,,,,,,,,,,,,,,,,,,,,,,0,0,0,0,0,0,0,0,0,0,0,0,0,0,0,0,0, ,0,0
2955,부동산신탁,17107,신영부동산신탁,B,SM005,요약재무상태표(‘11.03월 이후),A4,Ⅳ. 대출채권,,,,,,,,,,,,,,,,,,,,,,,,,,,,,,,,,,,0,7798596000,21988740208,18976620854,22958135287,58443063289,33937807906,60821717796,91933780729,101185375144,108022409320,117145451014,102294994580,128242323398,123608191378,126626616785,127308572419,128990329810,122325745675,119802239734
2956,부동산신탁,17107,신영부동산신탁,B,SM005,요약재무상태표(‘11.03월 이후),A40,Ⅳ. 대출채권_(현재가치할인차금)(-),,,,,,,,,,,,,,,,,,,,,,,,,,,,,,,,,,,0,0,0,0,0,0,0,0,0,0,0,0,0,0,0,0,0, ,0,0
2957,부동산신탁,17107,신영부동산신탁,B,SM005,요약재무상태표(‘11.03월 이후),A41,Ⅳ. 대출채권_(현재가치할증차금)(+),,,,,,,,,,,,,,,,,,,,,,,,,,,,,,,,,,,0,0,0,0,0,0,0,0,0,0,0,0,0,0,0,0,0, ,0,0
2958,부동산신탁,17107,신영부동산신탁,B,SM005,요약재무상태표(‘11.03월 이후),A42,Ⅳ. 대출채권_(이연대출부대손익),,,,,,,,,,,,,,,,,,,,,,,,,,,,,,,,,,,0,0,0,0,0,0,0,0,0,0,0,0,0,0,0,0,0, ,0,0
2959,부동산신탁,17107,신영부동산신탁,B,SM005,요약재무상태표(‘11.03월 이후),A43,Ⅳ. 대출채권_대여금,,,,,,,,,,,,,,,,,,,,,,,,,,,,,,,,,,,0,0,0,0,0,0,0,0,0,0,0,70000000,140000000,190000000,220000000,219583000,218332000,214915000,210664000,325162000
2960,부동산신탁,17107,신영부동산신탁,B,SM005,요약재무상태표(‘11.03월 이후),A44,Ⅳ. 대출채권_대지급금,,,,,,,,,,,,,,,,,,,,,,,,,,,,,,,,,,,0,0,0,0,0,0,0,0,0,0,0,0,0,0,0,0,0,0,0,0
2961,부동산신탁,17107,신영부동산신탁,B,SM005,요약재무상태표(‘11.03월 이후),A45,Ⅳ. 대출채권_신탁계정대,,,,,,,,,,,,,,,,,,,,,,,,,,,,,,,,,,,0,0,0,0,0,0,0,0,0,0,0,0,344395910,1088771398,8841041161,11631666840,13121029055,19002249374,38021516945,33283138419
2962,부동산신탁,17107,신영부동산신탁,B,SM005,요약재무상태표(‘11.03월 이후),A46,Ⅳ. 대출채권_기타 대출채권,,,,,,,,,,,,,,,,,,,,,,,,,,,,,,,,,,,0,7800000000,21992698894,18980037261,22962268495,58453584934,33943917811,60832667675,91950331790,101203591792,108056652474,117112563984,101856098639,127090651928,115125135104,115517983841,115297599326,113237915763,87864988497,90518858909
2963,부동산신탁,17107,신영부동산신탁,B,SM005,요약재무상태표(‘11.03월 이후),A47,Ⅳ. 대출채권_대손충당금(-),,,,,,,,,,,,,,,,,,,,,,,,,,,,,,,,,,,0,1404000,3958686,3416407,4133208,10521645,6109905,10949879,16551061,18216648,34243154,37112970,45499969,127099928,577984887,742616896,1328387962,3464750327,3771423767,4324919594
2964,부동산신탁,17107,신영부동산신탁,B,SM005,요약재무상태표(‘11.03월 이후),A470,Ⅳ. 대출채권_대손충당금(-)_대여금대손충당금,,,,,,,,,,,,,,,,,,,,,,,,,,,,,,,,,,,0,0,0,0,0,0,0,0,0,0,0,0,18900,34200,39600,39525,39300,39214,38438,59331
2965,부동산신탁,17107,신영부동산신탁,B,SM005,요약재무상태표(‘11.03월 이후),A471,Ⅳ. 대출채권_대손충당금(-)_대지급금대손충당금,,,,,,,,,,,,,,,,,,,,,,,,,,,,,,,,,,,0,0,0,0,0,0,0,0,0,0,0,0,0,0,0,0,0, ,0,0
2966,부동산신탁,17107,신영부동산신탁,B,SM005,요약재무상태표(‘11.03월 이후),A472,Ⅳ. 대출채권_대손충당금(-)_신탁계정대 대손충당금,,,,,,,,,,,,,,,,,,,,,,,,,,,,,,,,,,,0,0,0,0,0,0,0,0,0,0,0,0,13203003,127065728,520958349,685395968,1271276351,3413370413,3731548406,4283820107
2967,부동산신탁,17107,신영부동산신탁,B,SM005,요약재무상태표(‘11.03월 이후),A473,Ⅳ. 대출채권_대손충당금(-)_기타 대손충당금,,,,,,,,,,,,,,,,,,,,,,,,,,,,,,,,,,,0,1404000,3958686,3416407,4133208,10521645,6109905,10949879,16551061,18216648,34243154,37112970,32278066,0,56986938,57181403,57072311,51340700,39836923,41040156
2968,부동산신탁,17107,신영부동산신탁,B,SM005,요약재무상태표(‘11.03월 이후),A5,Ⅴ. 유형자산,,,,,,,,,,,,,,,,,,,,,,,,,,,,,,,,,,,2427208505,2254226613,2056668771,1848722872,1627432435,1415315325,1221010124,1055095330,2194291251,2158831784,3606081772,3349204185,2995749244,2767662343,2407150714,2048725133,1752078495,1445269759,1132256923,813349698
2969,부동산신탁,17107,신영부동산신탁,B,SM005,요약재무상태표(‘11.03월 이후),A50,유형자산_(손상차손누계액),,,,,,,,,,,,,,,,,,,,,,,,,,,,,,,,,,,0,0,0,0,0,0,0,0,0,0,0,0,0,0,0,0,0, ,0,0
2970,부동산신탁,17107,신영부동산신탁,B,SM005,요약재무상태표(‘11.03월 이후),A51,유형자산__토지,,,,,,,,,,,,,,,,,,,,,,,,,,,,,,,,,,,0,0,0,0,0,0,0,0,0,0,0,0,0,0,0,0,0, ,0,0
2971,부동산신탁,17107,신영부동산신탁,B,SM005,요약재무상태표(‘11.03월 이후),A52,유형자산_건물,,,,,,,,,,,,,,,,,,,,,,,,,,,,,,,,,,,0,0,0,0,0,0,0,0,0,0,0,0,0,0,0,0,0, ,0,0
2972,부동산신탁,17107,신영부동산신탁,B,SM005,요약재무상태표(‘11.03월 이후),A53,유형자산_구축물,,,,,,,,,,,,,,,,,,,,,,,,,,,,,,,,,,,0,0,0,0,0,0,0,0,0,0,0,0,0,0,0,0,0, ,0,0
2973,부동산신탁,17107,신영부동산신탁,B,SM005,요약재무상태표(‘11.03월 이후),A54,유형자산_차량운반구,,,,,,,,,,,,,,,,,,,,,,,,,,,,,,,,,,,0,0,0,0,0,0,0,0,0,0,0,0,0,0,0,0,0, ,0,0
2974,부동산신탁,17107,신영부동산신탁,B,SM005,요약재무상태표(‘11.03월 이후),A55,유형자산_비품,,,,,,,,,,,,,,,,,,,,,,,,,,,,,,,,,,,765834896,818600796,844732396,863991196,870802396,887645596,923713496,943144296,952528946,1279487046,1320438946,1329727346,1342520346,1342520346,1346150346,1346150346,1355243496,1355243496,1364986196,1377489896
2975,부동산신탁,17107,신영부동산신탁,B,SM005,요약재무상태표(‘11.03월 이후),A56,유형자산_건설중인자산,,,,,,,,,,,,,,,,,,,,,,,,,,,,,,,,,,,0,0,0,0,0,0,0,0,0,0,0,0,0,0,0,0,0, ,0,0
2976,부동산신탁,17107,신영부동산신탁,B,SM005,요약재무상태표(‘11.03월 이후),A57,유형자산_운용리스자산(종금계정),,,,,,,,,,,,,,,,,,,,,,,,,,,,,,,,,,,0,0,0,0,0,0,0,0,0,0,0,0,0,0,0,0,0, ,0,0
2977,부동산신탁,17107,신영부동산신탁,B,SM005,요약재무상태표(‘11.03월 이후),A58,유형자산_선급리스자산(종금계정),,,,,,,,,,,,,,,,,,,,,,,,,,,,,,,,,,,0,0,0,0,0,0,0,0,0,0,0,0,0,0,0,0,0, ,0,0
2978,부동산신탁,17107,신영부동산신탁,B,SM005,요약재무상태표(‘11.03월 이후),A59,유형자산_기타,,,,,,,,,,,,,,,,,,,,,,,,,,,,,,,,,,,2134077635,2134077635,2134077635,2134077635,2134077635,2134077635,2134077635,2178082286,3582940595,3588695733,5373119854,3380061729,3380061729,3485444081,3485444081,3489253878,3542887604,3485715256,3518609460,3530189401
2979,부동산신탁,17107,신영부동산신탁,B,SM005,요약재무상태표(‘11.03월 이후),A5A,유형자산_감가상각누계액(-),,,,,,,,,,,,,,,,,,,,,,,,,,,,,,,,,,,472704026,698451818,922141260,1149345959,1377447596,1606407906,1836781007,2066131252,2341178290,2709350995,3087477028,1360584890,1726832831,2060302084,2424443713,2786679091,3146052605,3395688993,3751338733,4094329599
2980,부동산신탁,17107,신영부동산신탁,B,SM005,요약재무상태표(‘11.03월 이후),A5A0,유형자산__감가상각누계액(-)_건물,,,,,,,,,,,,,,,,,,,,,,,,,,,,,,,,,,,0,0,0,0,0,0,0,0,0,0,0,0,0,0,0,0,0, ,0,0
2981,부동산신탁,17107,신영부동산신탁,B,SM005,요약재무상태표(‘11.03월 이후),A5A1,유형자산_감가상각누계액(-)_구축물,,,,,,,,,,,,,,,,,,,,,,,,,,,,,,,,,,,0,0,0,0,0,0,0,0,0,0,0,0,0,0,0,0,0, ,0,0
2982,부동산신탁,17107,신영부동산신탁,B,SM005,요약재무상태표(‘11.03월 이후),A5A2,유형자산_감가상각누계액(-)_차량운반구,,,,,,,,,,,,,,,,,,,,,,,,,,,,,,,,,,,0,0,0,0,0,0,0,0,0,0,0,0,0,0,0,0,0, ,0,0
2983,부동산신탁,17107,신영부동산신탁,B,SM005,요약재무상태표(‘11.03월 이후),A5A3,유형자산_감가상각누계액(-)_비품,,,,,,,,,,,,,,,,,,,,,,,,,,,,,,,,,,,74287335,123022077,170442252,220808432,272071550,324193354,377727936,432293463,487346589,559060429,632249967,687171965,742291625,797779272,853448454,909117636,965241477,1021365259,1077656195,1119709513
2984,부동산신탁,17107,신영부동산신탁,B,SM005,요약재무상태표(‘11.03월 이후),A5A4,유형자산_감가상각누계액(-)_기타,,,,,,,,,,,,,,,,,,,,,,,,,,,,,,,,,,,398416691,575429741,751699008,928537527,1105376046,1282214552,1459053071,1633837789,1853831701,2150290566,2455227061,673412925,984541206,1262522812,1570995259,1877561455,2180811128,2374323734,2673682538,2974620086
2985,부동산신탁,17107,신영부동산신탁,B,SM005,요약재무상태표(‘11.03월 이후),A5A5,유형자산_감가상각누계액(종금계정)(-),,,,,,,,,,,,,,,,,,,,,,,,,,,,,,,,,,,0,0,0,0,0,0,0,0,0,0,0,0,0,0,0,0,0, ,0,0
2986,부동산신탁,17107,신영부동산신탁,B,SM005,요약재무상태표(‘11.03월 이후),A5A6,유형자산_처분손실충당금(종금계정)(-),,,,,,,,,,,,,,,,,,,,,,,,,,,,,,,,,,,0,0,0,0,0,0,0,0,0,0,0,0,0,0,0,0,0, ,0,0
2987,부동산신탁,17107,신영부동산신탁,B,SM005,요약재무상태표(‘11.03월 이후),A6,Ⅵ. CMA운용자산(종금계정),,,,,,,,,,,,,,,,,,,,,,,,,,,,,,,,,,,0,0,0,0,0,0,0,0,0,0,0,0,0,0,0,0,0,0,0,0
2988,부동산신탁,17107,신영부동산신탁,B,SM005,요약재무상태표(‘11.03월 이후),A7,Ⅶ. 리스자산(종금계정),,,,,,,,,,,,,,,,,,,,,,,,,,,,,,,,,,,0,0,0,0,0,0,0,0,0,0,0,0,0,0,0,0,0,0,0,0
2989,부동산신탁,17107,신영부동산신탁,B,SM005,요약재무상태표(‘11.03월 이후),A8,Ⅷ. 기타자산,,,,,,,,,,,,,,,,,,,,,,,,,,,,,,,,,,,1676964401,1554114317,1743038779,2049069688,2467554152,3113178678,3255518469,4784276861,6332307803,7510994308,6893522734,6937835538,8115161096,8682670253,8596801884,10077982583,13892784246,15863306489,16908988688,17917941174
2990,부동산신탁,17107,신영부동산신탁,B,SM005,요약재무상태표(‘11.03월 이후),A80,Ⅷ. 기타자산_(현재가치할인차금)(-),,,,,,,,,,,,,,,,,,,,,,,,,,,,,,,,,,,-20427581,-18356472,-16275764,-14185413,-12085375,-9975605,-7856058,-5726689,-17019400,-13831198,-38055987,-34491540,-30909465,-27309672,-23692070,-20056568,-16403074,-12731496,-9041740,-5333714
2991,부동산신탁,17107,신영부동산신탁,B,SM005,요약재무상태표(‘11.03월 이후),A81,Ⅷ. 기타자산_(현재가치할증차금)(+),,,,,,,,,,,,,,,,,,,,,,,,,,,,,,,,,,,0,0,0,0,0,0,0,0,0,0,0,0,0,0,0,0,0, ,0,0
2992,부동산신탁,17107,신영부동산신탁,B,SM005,요약재무상태표(‘11.03월 이후),A82,Ⅷ. 기타자산_미수금,,,,,,,,,,,,,,,,,,,,,,,,,,,,,,,,,,,3500000,5900000,208200000,497270880,709313370,683912903,948170000,1231238073,2271038800,2964860332,3557303146,3228314350,3712045982,3559204905,4369808000,4888811150,8367950000,9540684465,11306277977,11554391929
2993,부동산신탁,17107,신영부동산신탁,B,SM005,요약재무상태표(‘11.03월 이후),A820,Ⅷ. 기타자산_미수금_신탁보수미수금,,,,,,,,,,,,,,,,,,,,,,,,,,,,,,,,,,,3500000,5900000,208200000,497264000,209300000,683896593,948170000,1218824150,2263350017,2955292454,3557303146,3190300000,3703692276,3437350009,4369808000,4854805800,8367950000,9305355000,11240652609,11539567068
2994,부동산신탁,17107,신영부동산신탁,B,SM005,요약재무상태표(‘11.03월 이후),A821,Ⅷ. 기타자산_미수금_기타,,,,,,,,,,,,,,,,,,,,,,,,,,,,,,,,,,,0,0,0,6880,500013370,16310,0,12413923,7688783,9567878,0,38014350,8353706,121854896,0,34005350,0,235329465,65625368,14824861
2995,부동산신탁,17107,신영부동산신탁,B,SM005,요약재무상태표(‘11.03월 이후),A83,Ⅷ. 기타자산_미수수익,,,,,,,,,,,,,,,,,,,,,,,,,,,,,,,,,,,90016330,25360920,63242181,100319075,242380000,309157887,639303007,1126974570,1266478969,1161689023,1006837508,1223715238,2128622158,2085511871,2230205588,3295150467,3735571881,3696737458,3715980061,4398744323
2996,부동산신탁,17107,신영부동산신탁,B,SM005,요약재무상태표(‘11.03월 이후),A830,Ⅷ. 기타자산_미수수익_미수수수료,,,,,,,,,,,,,,,,,,,,,,,,,,,,,,,,,,,0,13495550,34938741,82647079,202222334,177376949,384294801,834873241,829043429,690615313,499606222,439173349,1031492409,1238736572,1318037656,2221348211,2064123069,2068304053,1977790141,2033640997
2997,부동산신탁,17107,신영부동산신탁,B,SM005,요약재무상태표(‘11.03월 이후),A831,Ⅷ. 기타자산_미수수익_미수이자,,,,,,,,,,,,,,,,,,,,,,,,,,,,,,,,,,,90016330,11865370,28303440,17671996,26960945,131780938,255008206,292101329,437435540,471073710,507231286,784541889,1097129749,846775299,912167932,1073802256,1671448812,1628433405,1738189920,2365103326
2998,부동산신탁,17107,신영부동산신탁,B,SM005,요약재무상태표(‘11.03월 이후),A832,Ⅷ. 기타자산_미수수익_미수배당금,,,,,,,,,,,,,,,,,,,,,,,,,,,,,,,,,,,0,0,0,0,13196721,0,0,0,0,0,0,0,0,0,0,0,0, ,0,0
2999,부동산신탁,17107,신영부동산신탁,B,SM005,요약재무상태표(‘11.03월 이후),A833,Ⅷ. 기타자산_미수수익_미수분배금,,,,,,,,,,,,,,,,,,,,,,,,,,,,,,,,,,,0,0,0,0,0,0,0,0,0,0,0,0,0,0,0,0,0, ,0,0
3000,부동산신탁,17107,신영부동산신탁,B,SM005,요약재무상태표(‘11.03월 이후),A834,Ⅷ. 기타자산_미수수익_기타,,,,,,,,,,,,,,,,,,,,,,,,,,,,,,,,,,,0,0,0,0,0,0,0,0,0,0,0,0,0,0,0,0,0, ,0,0
3001,부동산신탁,17107,신영부동산신탁,B,SM005,요약재무상태표(‘11.03월 이후),A84,Ⅷ. 기타자산_선급금,,,,,,,,,,,,,,,,,,,,,,,,,,,,,,,,,,,28568800,22050000,0,0,0,0,0,0,60225000,4517700,2975850,1434000,0,0,0,0,0,0,0,0
3002,부동산신탁,17107,신영부동산신탁,B,SM005,요약재무상태표(‘11.03월 이후),A85,Ⅷ. 기타자산_선급비용,,,,,,,,,,,,,,,,,,,,,,,,,,,,,,,,,,,0,0,29035600,37013500,30066272,74018359,43943214,40313895,86915282,63152163,31280308,71011458,86208639,71557213,61875691,75516077,186109472,101068934,52515763,61712549
3003,부동산신탁,17107,신영부동산신탁,B,SM005,요약재무상태표(‘11.03월 이후),A86,Ⅷ. 기타자산_선급제세,,,,,,,,,,,,,,,,,,,,,,,,,,,,,,,,,,,17051750,18253460,18253460,0,0,0,0,0,0,0,0,0,0,0,0,0,0,0,0,0
3004,부동산신탁,17107,신영부동산신탁,B,SM005,요약재무상태표(‘11.03월 이후),A87,Ⅷ. 기타자산_대리점,,,,,,,,,,,,,,,,,,,,,,,,,,,,,,,,,,,0,0,0,0,0,0,0,0,0,0,0,0,0,0,0,0,0, ,0,0
3005,부동산신탁,17107,신영부동산신탁,B,SM005,요약재무상태표(‘11.03월 이후),A88,Ⅷ. 기타자산_본.지점,,,,,,,,,,,,,,,,,,,,,,,,,,,,,,,,,,,0,0,0,0,0,0,0,0,0,0,0,0,0,0,0,0,0, ,0,0
3006,부동산신탁,17107,신영부동산신탁,B,SM005,요약재무상태표(‘11.03월 이후),A89,Ⅷ. 기타자산_보증금,,,,,,,,,,,,,,,,,,,,,,,,,,,,,,,,,,,446903819,448974928,451055636,453145987,455246025,457355795,459475342,461604711,762169500,765357702,753936513,757500960,761083035,764682828,768300430,771935932,775589426,781261004,782950760,786658786
3007,부동산신탁,17107,신영부동산신탁,B,SM005,요약재무상태표(‘11.03월 이후),A890,Ⅷ. 기타자산_보증금_전세권,,,,,,,,,,,,,,,,,,,,,,,,,,,,,,,,,,,0,0,0,0,0,0,0,0,0,0,0,0,0,0,0,0,0, ,0,0
3008,부동산신탁,17107,신영부동산신탁,B,SM005,요약재무상태표(‘11.03월 이후),A891,Ⅷ. 기타자산_보증금_전신전화가입권,,,,,,,,,,,,,,,,,,,,,,,,,,,,,,,,,,,0,0,0,0,0,0,0,0,0,0,0,0,0,0,0,0,0, ,0,0
3009,부동산신탁,17107,신영부동산신탁,B,SM005,요약재무상태표(‘11.03월 이후),A892,Ⅷ. 기타자산_보증금_임차보증금,,,,,,,,,,,,,,,,,,,,,,,,,,,,,,,,,,,446903819,448974928,451055636,453145987,455246025,457355795,459475342,461604711,762169500,765357702,753936513,757500960,761083035,764682828,768300430,771935932,775589426,781261004,782950760,786658786
3010,부동산신탁,17107,신영부동산신탁,B,SM005,요약재무상태표(‘11.03월 이후),A893,Ⅷ. 기타자산_보증금_회원보증금,,,,,,,,,,,,,,,,,,,,,,,,,,,,,,,,,,,0,0,0,0,0,0,0,0,0,0,0,0,0,0,0,0,0, ,0,0
3011,부동산신탁,17107,신영부동산신탁,B,SM005,요약재무상태표(‘11.03월 이후),A894,Ⅷ. 기타자산_보증금_기타,,,,,,,,,,,,,,,,,,,,,,,,,,,,,,,,,,,0,0,0,0,0,0,0,0,0,0,0,0,0,0,0,0,0, ,0,0
3012,부동산신탁,17107,신영부동산신탁,B,SM005,요약재무상태표(‘11.03월 이후),A8A,Ⅷ. 기타자산_투자부동산,,,,,,,,,,,,,,,,,,,,,,,,,,,,,,,,,,,0,0,0,0,0,0,0,0,0,0,0,0,0,0,0,0,0,0,0,0
3013,부동산신탁,17107,신영부동산신탁,B,SM005,요약재무상태표(‘11.03월 이후),A8A0,Ⅷ. 기타자산_투자부동산_(손상차손누계액),,,,,,,,,,,,,,,,,,,,,,,,,,,,,,,,,,,0,0,0,0,0,0,0,0,0,0,0,0,0,0,0,0,0, ,0,0
3014,부동산신탁,17107,신영부동산신탁,B,SM005,요약재무상태표(‘11.03월 이후),A8A1,Ⅷ. 기타자산_투자부동산_토지,,,,,,,,,,,,,,,,,,,,,,,,,,,,,,,,,,,0,0,0,0,0,0,0,0,0,0,0,0,0,0,0,0,0, ,0,0
3015,부동산신탁,17107,신영부동산신탁,B,SM005,요약재무상태표(‘11.03월 이후),A8A2,Ⅷ. 기타자산_투자부동산_건물,,,,,,,,,,,,,,,,,,,,,,,,,,,,,,,,,,,0,0,0,0,0,0,0,0,0,0,0,0,0,0,0,0,0, ,0,0
3016,부동산신탁,17107,신영부동산신탁,B,SM005,요약재무상태표(‘11.03월 이후),A8A3,Ⅷ. 기타자산_투자부동산_건물감가상각누계액(-),,,,,,,,,,,,,,,,,,,,,,,,,,,,,,,,,,,0,0,0,0,0,0,0,0,0,0,0,0,0,0,0,0,0, ,0,0
3017,부동산신탁,17107,신영부동산신탁,B,SM005,요약재무상태표(‘11.03월 이후),A8B,Ⅷ. 기타자산_무형자산,,,,,,,,,,,,,,,,,,,,,,,,,,,,,,,,,,,1091858865,1033991429,975870268,939586054,1037393308,987323897,959712819,1562078409,1499369999,1485195417,1445878508,1447875768,1391562029,1312551605,1236663367,1166992513,1090380661,1020286275,941006924,861062242
3018,부동산신탁,17107,신영부동산신탁,B,SM005,요약재무상태표(‘11.03월 이후),A8B0,Ⅷ. 기타자산_무형자산_(손상차손누계액),,,,,,,,,,,,,,,,,,,,,,,,,,,,,,,,,,,0,0,0,0,0,0,0,0,0,0,0,0,0,0,0,0,0, ,0,0
3019,부동산신탁,17107,신영부동산신탁,B,SM005,요약재무상태표(‘11.03월 이후),A8B1,Ⅷ. 기타자산_무형자산_영업권,,,,,,,,,,,,,,,,,,,,,,,,,,,,,,,,,,,0,0,0,0,0,0,0,0,0,0,0,0,0,0,0,0,0, ,0,0
3020,부동산신탁,17107,신영부동산신탁,B,SM005,요약재무상태표(‘11.03월 이후),A8B2,Ⅷ. 기타자산_무형자산_개발비,,,,,,,,,,,,,,,,,,,,,,,,,,,,,,,,,,,0,0,0,0,0,0,0,0,0,0,0,0,0,0,0,0,0, ,0,0
3021,부동산신탁,17107,신영부동산신탁,B,SM005,요약재무상태표(‘11.03월 이후),A8B3,Ⅷ. 기타자산_무형자산_소프트웨어,,,,,,,,,,,,,,,,,,,,,,,,,,,,,,,,,,,1091858865,1033991429,975870268,939586054,1037393308,987323897,959712819,890624409,827915999,813741417,774424508,776421768,720108029,641097605,565209367,495538513,418926661,348832275,269552924,189608242
3022,부동산신탁,17107,신영부동산신탁,B,SM005,요약재무상태표(‘11.03월 이후),A8B4,Ⅷ. 기타자산_무형자산_회원권,,,,,,,,,,,,,,,,,,,,,,,,,,,,,,,,,,,0,0,0,0,0,0,0,671454000,671454000,671454000,671454000,671454000,671454000,671454000,671454000,671454000,671454000,671454000,671454000,671454000
3023,부동산신탁,17107,신영부동산신탁,B,SM005,요약재무상태표(‘11.03월 이후),A8B5,Ⅷ. 기타자산_무형자산_기타,,,,,,,,,,,,,,,,,,,,,,,,,,,,,,,,,,,0,0,0,0,0,0,0,0,0,0,0,0,0,0,0,0,0, ,0,0
3024,부동산신탁,17107,신영부동산신탁,B,SM005,요약재무상태표(‘11.03월 이후),A8C,Ⅷ. 기타자산_가지급금,,,,,,,,,,,,,,,,,,,,,,,,,,,,,,,,,,,0,0,0,0,0,0,0,0,0,0,0,0,0,0,0,0,0, ,0,0
3025,부동산신탁,17107,신영부동산신탁,B,SM005,요약재무상태표(‘11.03월 이후),A8D,Ⅷ. 기타자산_이연법인세자산,,,,,,,,,,,,,,,,,,,,,,,,,,,,,,,,,,,0,0,0,0,0,619121130,227754886,392454990,485128773,1141326721,344375824,422314458,288323788,1262630482,329967352,441387145,449504905,1041131553,517974370,637434199
3026,부동산신탁,17107,신영부동산신탁,B,SM005,요약재무상태표(‘11.03월 이후),A8E,Ⅷ. 기타자산_일반상품,,,,,,,,,,,,,,,,,,,,,,,,,,,,,,,,,,,0,0,0,0,0,0,0,0,0,0,0,0,0,0,0,0,0, ,0,0
3027,부동산신탁,17107,신영부동산신탁,B,SM005,요약재무상태표(‘11.03월 이후),A8F,Ⅷ. 기타자산_기타,,,,,,,,,,,,,,,,,,,,,,,,,,,,,,,,,,,0,0,0,26897771,0,0,0,43829383,15274252,21229870,0,18842262,0,55500109,34622621,65591537,35460376,57406212,26605402,92716010
3028,부동산신탁,17107,신영부동산신탁,B,SM005,요약재무상태표(‘11.03월 이후),A8G,Ⅷ. 기타자산_대손충당금(-),,,,,,,,,,,,,,,,,,,,,,,,,,,,,,,,,,,935163,416420,2618366,5163579,6844823,17711293,22840799,74217170,114292772,96334620,249064923,233172956,252684535,428968760,434641165,627402238,747782475,375269412,434322569,474778864
3029,부동산신탁,17107,신영부동산신탁,B,SM005,요약재무상태표(‘11.03월 이후),A8G0,Ⅷ. 기타자산_대손충당금(-)_미수금대손충당금,,,,,,,,,,,,,,,,,,,,,,,,,,,,,,,,,,,35000,193955,2264000,4333989,6708134,15849129,18715100,65660840,105762307,91288828,244705561,224145636,239091699,401060250,377977422,557491674,646213473,273188900,326469486,338996954
3030,부동산신탁,17107,신영부동산신탁,B,SM005,요약재무상태표(‘11.03월 이후),A8G1,Ⅷ. 기타자산_대손충당금(-)_미수수익대손충당금,,,,,,,,,,,,,,,,,,,,,,,,,,,,,,,,,,,900163,1965,354366,829590,136689,1862164,4125699,8556330,8530465,5045792,4359362,9027320,13592836,27908510,56663743,69910564,101569002,102080512,107853083,135781910
3031,부동산신탁,17107,신영부동산신탁,B,SM005,요약재무상태표(‘11.03월 이후),A8G10,Ⅷ. 기타자산_대손충당금(-)_미수수익대손충당금_미수수수료대손충당금,,,,,,,,,,,,,,,,,,,,,,,,,,,,,,,,,,,0,0,349386,826470,0,1773769,3842948,8348731,8290435,4677164,2498031,4447892,5869737,9808556,25837913,25386557,49806919,70734211,68033046,73974029
3032,부동산신탁,17107,신영부동산신탁,B,SM005,요약재무상태표(‘11.03월 이후),A8G11,Ⅷ. 기타자산_대손충당금(-)_미수수익대손충당금_미수이자대손충당금,,,,,,,,,,,,,,,,,,,,,,,,,,,,,,,,,,,900163,1965,4980,3120,4722,88395,282751,207599,240030,368628,1861331,4579428,7723099,18099954,30825830,44524007,51762083,31346301,39820037,61807881
3033,부동산신탁,17107,신영부동산신탁,B,SM005,요약재무상태표(‘11.03월 이후),A8G12,Ⅷ. 기타자산_대손충당금(-)_미수수익대손충당금_기타대손충당금,,,,,,,,,,,,,,,,,,,,,,,,,,,,,,,,,,,0,0,0,0,131967,0,0,0,0,0,0,0,0,0,0,0,0, ,0,0
3034,부동산신탁,17107,신영부동산신탁,B,SM005,요약재무상태표(‘11.03월 이후),A8G2,Ⅷ. 기타자산_대손충당금(-)_선급금대손충당금,,,,,,,,,,,,,,,,,,,,,,,,,,,,,,,,,,,0,220500,0,0,0,0,0,0,0,0,0,0,0,0,0,0,0, ,0,0
3035,부동산신탁,17107,신영부동산신탁,B,SM005,요약재무상태표(‘11.03월 이후),A8G3,Ⅷ. 기타자산_대손충당금(-)_기타대손충당금,,,,,,,,,,,,,,,,,,,,,,,,,,,,,,,,,,,0,0,0,0,0,0,0,0,0,0,0,0,0,0,0,0,0, ,0,0
3036,부동산신탁,17107,신영부동산신탁,B,SM005,요약재무상태표(‘11.03월 이후),B,부채총계,,,,,,,,,,,,,,,,,,,,,,,,,,,,,,,,,,,2919406999,3833817813,4822445998,6115497733,7656640012,10505422571,10902121188,14015935877,18847156736,26351804621,27001680933,27105943206,24827963212,27505219875,20235292821,19686937337,23317134348,23855346135,20755490004,19744307239
3037,부동산신탁,17107,신영부동산신탁,B,SM005,요약재무상태표(‘11.03월 이후),B1,Ⅰ. 예수부채,,,,,,,,,,,,,,,,,,,,,,,,,,,,,,,,,,,0,0,0,0,0,0,0,0,0,0,0,0,0,0,0,0,0,0,0,0
3038,부동산신탁,17107,신영부동산신탁,B,SM005,요약재무상태표(‘11.03월 이후),B2,Ⅱ. 차입부채,,,,,,,,,,,,,,,,,,,,,,,,,,,,,,,,,,,0,0,0,0,0,0,0,0,0,0,0,0,0,0,0,0,0,0,0,0
3039,부동산신탁,17107,신영부동산신탁,B,SM005,요약재무상태표(‘11.03월 이후),B20,Ⅱ. 차입부채_(현재가치할인차금)(-),,,,,,,,,,,,,,,,,,,,,,,,,,,,,,,,,,,0,0,0,0,0,0,0,0,0,0,0,0,0,0,0,0,0, ,0,0
3040,부동산신탁,17107,신영부동산신탁,B,SM005,요약재무상태표(‘11.03월 이후),B21,Ⅱ. 차입부채_(현재가치할증차금)(+),,,,,,,,,,,,,,,,,,,,,,,,,,,,,,,,,,,0,0,0,0,0,0,0,0,0,0,0,0,0,0,0,0,0, ,0,0
3041,부동산신탁,17107,신영부동산신탁,B,SM005,요약재무상태표(‘11.03월 이후),B22,Ⅱ. 차입부채_차입금,,,,,,,,,,,,,,,,,,,,,,,,,,,,,,,,,,,0,0,0,0,0,0,0,0,0,0,0,0,0,0,0,0,0,0,0,0
3042,부동산신탁,17107,신영부동산신탁,B,SM005,요약재무상태표(‘11.03월 이후),B23,Ⅱ. 차입부채_매도증권,,,,,,,,,,,,,,,,,,,,,,,,,,,,,,,,,,,0,0,0,0,0,0,0,0,0,0,0,0,0,0,0,0,0,0,0,0
3043,부동산신탁,17107,신영부동산신탁,B,SM005,요약재무상태표(‘11.03월 이후),B24,Ⅱ. 차입부채_사채,,,,,,,,,,,,,,,,,,,,,,,,,,,,,,,,,,,0,0,0,0,0,0,0,0,0,0,0,0,0,0,0,0,0,0,0,0
3044,부동산신탁,17107,신영부동산신탁,B,SM005,요약재무상태표(‘11.03월 이후),B240,Ⅱ. 차입부채_(사채발행차금),,,,,,,,,,,,,,,,,,,,,,,,,,,,,,,,,,,0,0,0,0,0,0,0,0,0,0,0,0,0,0,0,0,0, ,0,0
3045,부동산신탁,17107,신영부동산신탁,B,SM005,요약재무상태표(‘11.03월 이후),B25,Ⅱ. 차입부채_발행어음(종금계정),,,,,,,,,,,,,,,,,,,,,,,,,,,,,,,,,,,0,0,0,0,0,0,0,0,0,0,0,0,0,0,0,0,0, ,0,0
3046,부동산신탁,17107,신영부동산신탁,B,SM005,요약재무상태표(‘11.03월 이후),B26,Ⅱ. 차입부채_기타,,,,,,,,,,,,,,,,,,,,,,,,,,,,,,,,,,,0,0,0,0,0,0,0,0,0,0,0,0,0,0,0,0,0,0,0,0
3047,부동산신탁,17107,신영부동산신탁,B,SM005,요약재무상태표(‘11.03월 이후),B3,Ⅳ. 기타부채,,,,,,,,,,,,,,,,,,,,,,,,,,,,,,,,,,,2919406999,3833817813,4822445998,6115497733,7656640012,10505422571,10902121188,14015935877,18847156736,26351804621,27001680933,27105943206,24827963212,27505219875,20235292821,19686937337,23317134348,23855346135,20755490004,19744307239
3048,부동산신탁,17107,신영부동산신탁,B,SM005,요약재무상태표(‘11.03월 이후),B30,Ⅳ. 기타부채_(현재가치할인차금)(-),,,,,,,,,,,,,,,,,,,,,,,,,,,,,,,,,,,0,0,0,0,0,0,0,0,0,0,0,0,0,0,0,0,0, ,0,0
3049,부동산신탁,17107,신영부동산신탁,B,SM005,요약재무상태표(‘11.03월 이후),B31,Ⅳ. 기타부채_(현재가치할증차금)(+),,,,,,,,,,,,,,,,,,,,,,,,,,,,,,,,,,,0,0,0,0,0,0,0,0,0,0,0,0,0,0,0,0,0, ,0,0
3050,부동산신탁,17107,신영부동산신탁,B,SM005,요약재무상태표(‘11.03월 이후),B32,Ⅳ. 기타부채_퇴직급여부채,,,,,,,,,,,,,,,,,,,,,,,,,,,,,,,,,,,53561732,83120822,112192801,0,345660,7618001,36530042,0,0,0,9879170,0,13102827,0,0,0,0,0,0,0
3051,부동산신탁,17107,신영부동산신탁,B,SM005,요약재무상태표(‘11.03월 이후),B320,Ⅳ. 기타부채_퇴직급여부채_확정급여채무,,,,,,,,,,,,,,,,,,,,,,,,,,,,,,,,,,,53561732,83120822,112192801,140202229,168211657,231118782,261019521,290920260,320820999,334565545,367401946,341905853,376807892,417236635,374566645,410646655,446726665,503304450,540507849,577711248
3052,부동산신탁,17107,신영부동산신탁,B,SM005,요약재무상태표(‘11.03월 이후),B322,"Ⅳ. 기타부채_퇴직급여부채_미인식보험수리적손익(+,-)",,,,,,,,,,,,,,,,,,,,,,,,,,,,,,,,,,,0,0,0,0,0,0,0,0,0,0,0,0,0,0,0,0,0, ,0,0
3053,부동산신탁,17107,신영부동산신탁,B,SM005,요약재무상태표(‘11.03월 이후),B323,Ⅳ. 기타부채_퇴직급여부채_미인식과거근무원가(-),,,,,,,,,,,,,,,,,,,,,,,,,,,,,,,,,,,0,0,0,0,0,0,0,0,0,0,0,0,0,0,0,0,0, ,0,0
3054,부동산신탁,17107,신영부동산신탁,B,SM005,요약재무상태표(‘11.03월 이후),B324,Ⅳ. 기타부채_퇴직급여부채_사외적립자산(-),,,,,,,,,,,,,,,,,,,,,,,,,,,,,,,,,,,0,0,0,140202229,167865997,223500781,224489479,290920260,320820999,334565545,357522776,341905853,363705065,417236635,374566645,410646655,446726665,503304450,540507849,577711248
3055,부동산신탁,17107,신영부동산신탁,B,SM005,요약재무상태표(‘11.03월 이후),B33,Ⅳ. 기타부채_충당부채,,,,,,,,,,,,,,,,,,,,,,,,,,,,,,,,,,,75415301,75797939,76182519,76569051,76957543,77348006,77740451,78134888,99344307,100095073,106093052,108159900,110267189,112415714,114606285,116839727,119116884,135639409,438354398,724811541
3056,부동산신탁,17107,신영부동산신탁,B,SM005,요약재무상태표(‘11.03월 이후),B330,Ⅳ. 기타부채_충당부채_채무보증충당부채,,,,,,,,,,,,,,,,,,,,,,,,,,,,,,,,,,,0,0,0,0,0,0,0,0,0,0,0,0,0,0,0,0,0, ,0,0
3057,부동산신탁,17107,신영부동산신탁,B,SM005,요약재무상태표(‘11.03월 이후),B331,Ⅳ. 기타부채_충당부채_복구충당부채,,,,,,,,,,,,,,,,,,,,,,,,,,,,,,,,,,,75415301,75797939,76182519,76569051,76957543,77348006,77740451,78134888,99344307,100095073,106093052,108159900,110267189,112415714,114606285,116839727,119116884,121438613,123805791,126219312
3058,부동산신탁,17107,신영부동산신탁,B,SM005,요약재무상태표(‘11.03월 이후),B332,Ⅳ. 기타부채_충당부채_특별대손충당금,,,,,,,,,,,,,,,,,,,,,,,,,,,,,,,,,,,0,0,0,0,0,0,0,0,0,0,0,0,0,0,0,0,0, ,0,0
3059,부동산신탁,17107,신영부동산신탁,B,SM005,요약재무상태표(‘11.03월 이후),B333,Ⅳ. 기타부채_충당부채_신탁위험충당금,,,,,,,,,,,,,,,,,,,,,,,,,,,,,,,,,,,0,0,0,0,0,0,0,0,0,0,0,0,0,0,0,0,0, ,0,0
3060,부동산신탁,17107,신영부동산신탁,B,SM005,요약재무상태표(‘11.03월 이후),B334,Ⅳ. 기타부채_충당부채_기타,,,,,,,,,,,,,,,,,,,,,,,,,,,,,,,,,,,0,0,0,0,0,0,0,0,0,0,0,0,0,0,0,0,0,14200796,314548607,598592229
3061,부동산신탁,17107,신영부동산신탁,B,SM005,요약재무상태표(‘11.03월 이후),B34,Ⅳ. 기타부채_미지급법인세,,,,,,,,,,,,,,,,,,,,,,,,,,,,,,,,,,,0,0,3287791,16307546,186731039,330074633,504674998,1563305120,2538712224,3988103384,2572330116,2356311431,2048992876,3314944553,1901282969,1097921874,1089037497,1626925914,1941116028,1059772165
3062,부동산신탁,17107,신영부동산신탁,B,SM005,요약재무상태표(‘11.03월 이후),B35,Ⅳ. 기타부채_미지급배당금,,,,,,,,,,,,,,,,,,,,,,,,,,,,,,,,,,,0,0,0,0,0,0,0,0,0,0,0,0,0,0,0,0,0, ,0,0
3063,부동산신탁,17107,신영부동산신탁,B,SM005,요약재무상태표(‘11.03월 이후),B36,Ⅳ. 기타부채_미지급금,,,,,,,,,,,,,,,,,,,,,,,,,,,,,,,,,,,269016090,282685439,345590470,404415562,402127915,420561172,488856429,535449169,575503302,793803009,642812740,654308705,528134686,759431021,488374654,701754863,2840409346,1084832494,1576306815,1135099883
3064,부동산신탁,17107,신영부동산신탁,B,SM005,요약재무상태표(‘11.03월 이후),B37,Ⅳ. 기타부채_미지급비용,,,,,,,,,,,,,,,,,,,,,,,,,,,,,,,,,,,127463615,307225490,377398775,214522015,786706216,1889659788,869171347,1664993991,2038829221,5448978439,1854106858,3290395219,3545136826,6116885501,1763686535,2180422062,2605382108,5124066463,2278032860,2476376384
3065,부동산신탁,17107,신영부동산신탁,B,SM005,요약재무상태표(‘11.03월 이후),B38,Ⅳ. 기타부채_임대보증금,,,,,,,,,,,,,,,,,,,,,,,,,,,,,,,,,,,0,0,0,0,0,0,0,0,0,0,0,0,0,0,0,0,0, ,0,0
3066,부동산신탁,17107,신영부동산신탁,B,SM005,요약재무상태표(‘11.03월 이후),B39,Ⅳ. 기타부채_선수금,,,,,,,,,,,,,,,,,,,,,,,,,,,,,,,,,,,397714803,1299017074,2288064826,0,0,0,0,0,0,0,0,0,0,0,0,0,0, ,0,0
3067,부동산신탁,17107,신영부동산신탁,B,SM005,요약재무상태표(‘11.03월 이후),B3A,Ⅳ. 기타부채_선수수익,,,,,,,,,,,,,,,,,,,,,,,,,,,,,,,,,,,0,0,0,3850143679,4895997284,6595344816,7974878993,8924418866,11294309944,13471441197,16324481256,15366034619,13598210917,12525514596,11214760217,9800257176,10801910291,11844937215,10728553153,10574642977
3068,부동산신탁,17107,신영부동산신탁,B,SM005,요약재무상태표(‘11.03월 이후),B3B,Ⅳ. 기타부채_가수금,,,,,,,,,,,,,,,,,,,,,,,,,,,,,,,,,,,0,0,0,0,0,0,0,0,0,0,0,0,0,0,0,0,0, ,0,0
3069,부동산신탁,17107,신영부동산신탁,B,SM005,요약재무상태표(‘11.03월 이후),B3C,Ⅳ. 기타부채_대리점,,,,,,,,,,,,,,,,,,,,,,,,,,,,,,,,,,,0,0,0,0,0,0,0,0,0,0,0,0,0,0,0,0,0, ,0,0
3070,부동산신탁,17107,신영부동산신탁,B,SM005,요약재무상태표(‘11.03월 이후),B3D,Ⅳ. 기타부채_본.지점,,,,,,,,,,,,,,,,,,,,,,,,,,,,,,,,,,,0,0,0,0,0,0,0,0,0,0,0,0,0,0,0,0,0, ,0,0
3071,부동산신탁,17107,신영부동산신탁,B,SM005,요약재무상태표(‘11.03월 이후),B3E,Ⅳ. 기타부채_이연법인세부채,,,,,,,,,,,,,,,,,,,,,,,,,,,,,,,,,,,0,0,0,0,0,0,0,0,0,0,0,0,0,0,0,0,0, ,0,0
3072,부동산신탁,17107,신영부동산신탁,B,SM005,요약재무상태표(‘11.03월 이후),B3F,Ⅳ. 기타부채_제세금예수금,,,,,,,,,,,,,,,,,,,,,,,,,,,,,,,,,,,139368780,151677270,209126560,274208215,160210622,193278028,179486328,561195282,367736548,940623971,468473139,369963178,341791936,223227271,631138032,1846129775,2195676351,707900472,780720648,955051268
3073,부동산신탁,17107,신영부동산신탁,B,SM005,요약재무상태표(‘11.03월 이후),B3G,Ⅳ. 기타부채_신탁계정차,,,,,,,,,,,,,,,,,,,,,,,,,,,,,,,,,,,0,0,0,0,0,0,0,0,0,0,0,0,0,0,0,0,0, ,0,0
3074,부동산신탁,17107,신영부동산신탁,B,SM005,요약재무상태표(‘11.03월 이후),B3H,Ⅳ. 기타부채_기타,,,,,,,,,,,,,,,,,,,,,,,,,,,,,,,,,,,1856866678,1634293779,1410602256,1279331665,1147563733,991538127,770782600,688438561,1932721190,1608759548,5023504602,4960770154,4642325955,4452801219,4121444129,3943611860,3665601871,3331044168,3012406102,2818553021
3075,부동산신탁,17107,신영부동산신탁,B,SM005,요약재무상태표(‘11.03월 이후),B4,Ⅲ. 파생상품부채,,,,,,,,,,,,,,,,,,,,,,,,,,,,,,,,,,,0,0,0,0,0,0,0,0,0,0,0,0,0,0,0,0,0,0,0,0
3076,부동산신탁,17107,신영부동산신탁,B,SM005,요약재무상태표(‘11.03월 이후),B40,Ⅲ. 파생상품부채_이자율관련,,,,,,,,,,,,,,,,,,,,,,,,,,,,,,,,,,,0,0,0,0,0,0,0,0,0,0,0,0,0,0,0,0,0,0,0,0
3077,부동산신탁,17107,신영부동산신탁,B,SM005,요약재무상태표(‘11.03월 이후),B41,Ⅲ. 파생상품부채_통화관련,,,,,,,,,,,,,,,,,,,,,,,,,,,,,,,,,,,0,0,0,0,0,0,0,0,0,0,0,0,0,0,0,0,0,0,0,0
3078,부동산신탁,17107,신영부동산신탁,B,SM005,요약재무상태표(‘11.03월 이후),B42,Ⅲ. 파생상품부채_주식관련,,,,,,,,,,,,,,,,,,,,,,,,,,,,,,,,,,,0,0,0,0,0,0,0,0,0,0,0,0,0,0,0,0,0,0,0,0
3079,부동산신탁,17107,신영부동산신탁,B,SM005,요약재무상태표(‘11.03월 이후),B43,Ⅲ. 파생상품부채_신용관련,,,,,,,,,,,,,,,,,,,,,,,,,,,,,,,,,,,0,0,0,0,0,0,0,0,0,0,0,0,0,0,0,0,0,0,0,0
3080,부동산신탁,17107,신영부동산신탁,B,SM005,요약재무상태표(‘11.03월 이후),B44,Ⅲ. 파생상품부채_상품관련,,,,,,,,,,,,,,,,,,,,,,,,,,,,,,,,,,,0,0,0,0,0,0,0,0,0,0,0,0,0,0,0,0,0,0,0,0
3081,부동산신탁,17107,신영부동산신탁,B,SM005,요약재무상태표(‘11.03월 이후),B45,Ⅲ. 파생상품부채_기타파생상품부채,,,,,,,,,,,,,,,,,,,,,,,,,,,,,,,,,,,0,0,0,0,0,0,0,0,0,0,0,0,0,0,0,0,0, ,0,0
3082,부동산신탁,17107,신영부동산신탁,B,SM005,요약재무상태표(‘11.03월 이후),B46,Ⅲ. 파생상품부채_파생상품 신용위험평가조정액,,,,,,,,,,,,,,,,,,,,,,,,,,,,,,,,,,,0,0,0,0,0,0,0,0,0,0,0,0,0,0,0,0,0,0,0,0
3083,부동산신탁,17107,신영부동산신탁,B,SM005,요약재무상태표(‘11.03월 이후),B47,Ⅲ. 파생상품부채_파생상품 거래일손익인식평가조정액,,,,,,,,,,,,,,,,,,,,,,,,,,,,,,,,,,,0,0,0,0,0,0,0,0,0,0,0,0,0,0,0,0,0, ,0,0
3084,부동산신탁,17107,신영부동산신탁,B,SM005,요약재무상태표(‘11.03월 이후),B5,Ⅴ. 요구불상환지분,,,,,,,,,,,,,,,,,,,,,,,,,,,,,,,,,,,0,0,0,0,0,0,0,0,0,0,0,0,0,0,0,0,0,0,0,0
3085,부동산신탁,17107,신영부동산신탁,B,SM005,요약재무상태표(‘11.03월 이후),C,자본총계,,,,,,,,,,,,,,,,,,,,,,,,,,,,,,,,,,,25786859828,24454635152,24326688583,24747278024,26310980508,96791610108,99062114390,102620100119,106002307134,109025544380,113342533963,118765541009,123994681212,127223701681,126264221734,130252743818,134298369092,134740291847,132879169917,135492986752
3086,부동산신탁,17107,신영부동산신탁,B,SM005,요약재무상태표(‘11.03월 이후),C1,Ⅰ. 자본금,,,,,,,,,,,,,,,,,,,,,,,,,,,,,,,,,,,30000000000,30000000000,30000000000,30000000000,30000000000,100000000000,100000000000,100000000000,100000000000,100000000000,100000000000,100000000000,100000000000,100000000000,100000000000,100000000000,100000000000,100000000000,100000000000,100000000000
3087,부동산신탁,17107,신영부동산신탁,B,SM005,요약재무상태표(‘11.03월 이후),C10,Ⅰ. 자본금_보통주자본금,,,,,,,,,,,,,,,,,,,,,,,,,,,,,,,,,,,30000000000,30000000000,30000000000,30000000000,30000000000,100000000000,100000000000,100000000000,100000000000,100000000000,100000000000,100000000000,100000000000,100000000000,100000000000,100000000000,100000000000,100000000000,100000000000,100000000000
3088,부동산신탁,17107,신영부동산신탁,B,SM005,요약재무상태표(‘11.03월 이후),C11,Ⅰ. 자본금_우선주자본금,,,,,,,,,,,,,,,,,,,,,,,,,,,,,,,,,,,0,0,0,0,0,0,0,0,0,0,0,0,0,0,0,0,0,0,0,0
3089,부동산신탁,17107,신영부동산신탁,B,SM005,요약재무상태표(‘11.03월 이후),C110,Ⅰ. 자본금_우선주자본금_상환우선주,,,,,,,,,,,,,,,,,,,,,,,,,,,,,,,,,,,0,0,0,0,0,0,0,0,0,0,0,0,0,0,0,0,0, ,0,0
3090,부동산신탁,17107,신영부동산신탁,B,SM005,요약재무상태표(‘11.03월 이후),C111,Ⅰ. 자본금_우선주자본금_전환우선주,,,,,,,,,,,,,,,,,,,,,,,,,,,,,,,,,,,0,0,0,0,0,0,0,0,0,0,0,0,0,0,0,0,0, ,0,0
3091,부동산신탁,17107,신영부동산신탁,B,SM005,요약재무상태표(‘11.03월 이후),C112,Ⅰ. 자본금_우선주자본금_기타,,,,,,,,,,,,,,,,,,,,,,,,,,,,,,,,,,,0,0,0,0,0,0,0,0,0,0,0,0,0,0,0,0,0, ,0,0
3092,부동산신탁,17107,신영부동산신탁,B,SM005,요약재무상태표(‘11.03월 이후),C2,Ⅱ. 자본잉여금,,,,,,,,,,,,,,,,,,,,,,,,,,,,,,,,,,,0,0,0,0,0,0,0,0,0,0,0,0,0,0,0,0,0,0,0,0
3093,부동산신탁,17107,신영부동산신탁,B,SM005,요약재무상태표(‘11.03월 이후),C20,Ⅱ. 자본잉여금_주식발행초과금,,,,,,,,,,,,,,,,,,,,,,,,,,,,,,,,,,,0,0,0,0,0,0,0,0,0,0,0,0,0,0,0,0,0, ,0,0
3094,부동산신탁,17107,신영부동산신탁,B,SM005,요약재무상태표(‘11.03월 이후),C21,Ⅱ. 자본잉여금_감자차익,,,,,,,,,,,,,,,,,,,,,,,,,,,,,,,,,,,0,0,0,0,0,0,0,0,0,0,0,0,0,0,0,0,0, ,0,0
3095,부동산신탁,17107,신영부동산신탁,B,SM005,요약재무상태표(‘11.03월 이후),C22,Ⅱ. 자본잉여금_자기주식처분이익,,,,,,,,,,,,,,,,,,,,,,,,,,,,,,,,,,,0,0,0,0,0,0,0,0,0,0,0,0,0,0,0,0,0, ,0,0
3096,부동산신탁,17107,신영부동산신탁,B,SM005,요약재무상태표(‘11.03월 이후),C23,Ⅱ. 자본잉여금_기타자본잉여금,,,,,,,,,,,,,,,,,,,,,,,,,,,,,,,,,,,0,0,0,0,0,0,0,0,0,0,0,0,0,0,0,0,0, ,0,0
3097,부동산신탁,17107,신영부동산신탁,B,SM005,요약재무상태표(‘11.03월 이후),C3,Ⅲ. 자본조정,,,,,,,,,,,,,,,,,,,,,,,,,,,,,,,,,,,-432000000,-432000000,-432000000,-432000000,-432000000,-1440000000,-1440000000,-1440000000,-1440000000,-1440000000,-1440000000,-1440000000,-1440000000,-1440000000,-1440000000,-1440000000,-1440000000,-1440000000,-1440000000,-1440000000
3098,부동산신탁,17107,신영부동산신탁,B,SM005,요약재무상태표(‘11.03월 이후),C30,Ⅲ. 자본조정_주식할인발행차금,,,,,,,,,,,,,,,,,,,,,,,,,,,,,,,,,,,-432000000,-432000000,-432000000,-432000000,-432000000,-1440000000,-1440000000,-1440000000,-1440000000,-1440000000,-1440000000,-1440000000,-1440000000,-1440000000,-1440000000,-1440000000,-1440000000,-1440000000,-1440000000,-1440000000
3099,부동산신탁,17107,신영부동산신탁,B,SM005,요약재무상태표(‘11.03월 이후),C31,Ⅲ. 자본조정_자기주식,,,,,,,,,,,,,,,,,,,,,,,,,,,,,,,,,,,0,0,0,0,0,0,0,0,0,0,0,0,0,0,0,0,0, ,0,0
3100,부동산신탁,17107,신영부동산신탁,B,SM005,요약재무상태표(‘11.03월 이후),C32,Ⅲ. 자본조정_자기주식처분손실,,,,,,,,,,,,,,,,,,,,,,,,,,,,,,,,,,,0,0,0,0,0,0,0,0,0,0,0,0,0,0,0,0,0, ,0,0
3101,부동산신탁,17107,신영부동산신탁,B,SM005,요약재무상태표(‘11.03월 이후),C33,Ⅲ. 자본조정_주식매입선택권,,,,,,,,,,,,,,,,,,,,,,,,,,,,,,,,,,,0,0,0,0,0,0,0,0,0,0,0,0,0,0,0,0,0, ,0,0
3102,부동산신탁,17107,신영부동산신탁,B,SM005,요약재무상태표(‘11.03월 이후),C34,Ⅲ. 자본조정_신주청약증거금,,,,,,,,,,,,,,,,,,,,,,,,,,,,,,,,,,,0,0,0,0,0,0,0,0,0,0,0,0,0,0,0,0,0, ,0,0
3103,부동산신탁,17107,신영부동산신탁,B,SM005,요약재무상태표(‘11.03월 이후),C35,Ⅲ. 자본조정_기타,,,,,,,,,,,,,,,,,,,,,,,,,,,,,,,,,,,0,0,0,0,0,0,0,0,0,0,0,0,0,0,0,0,0, ,0,0
3104,부동산신탁,17107,신영부동산신탁,B,SM005,요약재무상태표(‘11.03월 이후),C4,Ⅳ. 기타포괄손익누계액,,,,,,,,,,,,,,,,,,,,,,,,,,,,,,,,,,,0,0,0,0,0,-26049594,-26366161,-26665984,-26704161,-51498954,-52607206,-33202896,-34485172,-38580976,-37666432,-37072129,-36507154,-43436302,-42960975,-42851352
3105,부동산신탁,17107,신영부동산신탁,B,SM005,요약재무상태표(‘11.03월 이후),C40,Ⅳ. 기타포괄손익누계액_기타포괄손익-공정가치측정금융자산평가손익,,,,,,,,,,,,,,,,,,,,,,,,,,,,,,,,,,,0,0,0,0,0,0,0,0,0,0,0,0,0,0,0,0,0,0,0,0
3106,부동산신탁,17107,신영부동산신탁,B,SM005,요약재무상태표(‘11.03월 이후),C41,Ⅳ. 기타포괄손익누계액_기타포괄손익-공정가치측정금융자산처분손익,,,,,,,,,,,,,,,,,,,,,,,,,,,,,,,,,,,0,0,0,0,0,0,0,0,0,0,0,0,0,0,0,0,0, ,0,0
3107,부동산신탁,17107,신영부동산신탁,B,SM005,요약재무상태표(‘11.03월 이후),C42,Ⅳ. 기타포괄손익누계액_지분법 자본변동,,,,,,,,,,,,,,,,,,,,,,,,,,,,,,,,,,,0,0,0,0,0,0,0,0,0,0,0,0,0,0,0,0,0, ,0,0
3108,부동산신탁,17107,신영부동산신탁,B,SM005,요약재무상태표(‘11.03월 이후),C43,Ⅳ. 기타포괄손익누계액_부의 지분법 자본변동,,,,,,,,,,,,,,,,,,,,,,,,,,,,,,,,,,,0,0,0,0,0,0,0,0,0,0,0,0,0,0,0,0,0, ,0,0
3109,부동산신탁,17107,신영부동산신탁,B,SM005,요약재무상태표(‘11.03월 이후),C44,Ⅳ. 기타포괄손익누계액_위험회피 파생상품평가손익,,,,,,,,,,,,,,,,,,,,,,,,,,,,,,,,,,,0,0,0,0,0,0,0,0,0,0,0,0,0,0,0,0,0, ,0,0
3110,부동산신탁,17107,신영부동산신탁,B,SM005,요약재무상태표(‘11.03월 이후),C45,Ⅳ. 기타포괄손익누계액_외환차이누계액,,,,,,,,,,,,,,,,,,,,,,,,,,,,,,,,,,,0,0,0,0,0,0,0,0,0,0,0,0,0,0,0,0,0, ,0,0
3111,부동산신탁,17107,신영부동산신탁,B,SM005,요약재무상태표(‘11.03월 이후),C46,Ⅳ. 기타포괄손익누계액_유형자산재평가이익,,,,,,,,,,,,,,,,,,,,,,,,,,,,,,,,,,,0,0,0,0,0,0,0,0,0,0,0,0,0,0,0,0,0, ,0,0
3112,부동산신탁,17107,신영부동산신탁,B,SM005,요약재무상태표(‘11.03월 이후),C47,Ⅳ. 기타포괄손익누계액_기타,,,,,,,,,,,,,,,,,,,,,,,,,,,,,,,,,,,0,0,0,0,0,-26049594,-26366161,-26665984,-26704161,-51498954,-52607206,-33202896,-34485172,-38580976,-37666432,-37072129,-36507154,-43436302,-42960975,-42851352
3113,부동산신탁,17107,신영부동산신탁,B,SM005,요약재무상태표(‘11.03월 이후),C5,Ⅴ. 이익잉여금,,,,,,,,,,,,,,,,,,,,,,,,,,,,,,,,,,,-3781140172,-5113364848,-5241311417,-4820721976,-3257019492,-1742340298,528480551,4086766103,7469011295,10517043334,14835141169,20238743905,25469166384,28702282657,27741888166,31729815947,35774876246,36223728149,34362130892,36975838104
3114,부동산신탁,17107,신영부동산신탁,B,SM005,요약재무상태표(‘11.03월 이후),C50,Ⅴ. 이익잉여금_이익준비금,,,,,,,,,,,,,,,,,,,,,,,,,,,,,,,,,,,0,0,0,0,0,0,0,0,0,0,0,0,0,0,500000000,500000000,500000000,500000000,1000000000,1000000000
3115,부동산신탁,17107,신영부동산신탁,B,SM005,요약재무상태표(‘11.03월 이후),C51,Ⅴ. 이익잉여금_대손준비금,,,,,,,,,,,,,,,,,,,,,,,,,,,,,,,,,,,0,0,0,0,0,0,381792984,465807209,573055598,594251388,610215349,638660062,691518065,965098526,965098526,965098526,2929711176,4041030282,6666955346,7779682530
3116,부동산신탁,17107,신영부동산신탁,B,SM005,요약재무상태표(‘11.03월 이후),C52,Ⅴ. 이익잉여금_전자금융사고배상준비금,,,,,,,,,,,,,,,,,,,,,,,,,,,,,,,,,,,0,0,0,0,0,0,0,0,0,0,0,0,0,0,0,0,0, ,0,0
3117,부동산신탁,17107,신영부동산신탁,B,SM005,요약재무상태표(‘11.03월 이후),C53,Ⅴ. 이익잉여금_기타법정준비금,,,,,,,,,,,,,,,,,,,,,,,,,,,,,,,,,,,0,0,0,0,0,0,0,0,0,0,0,0,0,0,0,0,0, ,0,0
3118,부동산신탁,17107,신영부동산신탁,B,SM005,요약재무상태표(‘11.03월 이후),C54,Ⅴ. 이익잉여금_신탁사업적립금,,,,,,,,,,,,,,,,,,,,,,,,,,,,,,,,,,,0,0,0,0,0,0,0,0,0,0,1225938363,1225938363,1225938363,1225938363,3044462295,3044462295,3044462295,3044462295,4296606844,4296606844
3119,부동산신탁,17107,신영부동산신탁,B,SM005,요약재무상태표(‘11.03월 이후),C55,Ⅴ. 이익잉여금_임의적립금,,,,,,,,,,,,,,,,,,,,,,,,,,,,,,,,,,,0,0,0,0,0,0,0,0,0,0,0,0,0,0,0,0,0, ,0,0
3120,부동산신탁,17107,신영부동산신탁,B,SM005,요약재무상태표(‘11.03월 이후),C56,Ⅴ. 이익잉여금_미처분이익잉여금,,,,,,,,,,,,,,,,,,,,,,,,,,,,,,,,,,,-3781140172,-5113364848,-5241311417,-4820721976,-3257019492,-1742340298,146687567,3620958894,6895955697,9922791946,12998987457,18374145480,23551709956,26511245768,23232327345,27220255126,29300702775,28638235572,22398568702,23899548730
3121,부동산신탁,17107,신영부동산신탁,B,SM005,요약재무상태표(‘11.03월 이후),C57,Ⅴ. 이익잉여금_(당기순이익),,,,,,,,,,,,,,,,,,,,,,,,,,,,,,,,,,,-3781140172,-5113364848,-127946569,292642872,1856345356,3371024550,2270820849,5829106401,9211351593,12259383632,4318097835,9721700571,14952123050,18185239323,4039605509,8027533290,12072593589,12521445492,3138402743,5752109955
