,년월,금융회사코드,금융회사명,코드,구분,건수,금액,금융구분,통계분류,통계표코드,통계표명
0,202303,0010619,DB생명보험주식회사,A,[일반계정 보험상품],41416,988064000000,국내생보사,D,SH160,신계약(23.3월 이후)
1,202303,0010619,DB생명보험주식회사,A1,[일반계정 보험상품]_개인,41416,988064000000,국내생보사,D,SH160,신계약(23.3월 이후)
2,202303,0010619,DB생명보험주식회사,A11,[일반계정 보험상품]_개인_보장성,41366,986222400000,국내생보사,D,SH160,신계약(23.3월 이후)
3,202303,0010619,DB생명보험주식회사,A111,[일반계정 보험상품]_개인_보장성_사망담보,16080,889584330000,국내생보사,D,SH160,신계약(23.3월 이후)
4,202303,0010619,DB생명보험주식회사,A111A,[일반계정 보험상품]_개인_보장성_사망담보_(종신보험),15479,710179140000,국내생보사,D,SH160,신계약(23.3월 이후)
5,202303,0010619,DB생명보험주식회사,A112,[일반계정 보험상품]_개인_보장성_사망담보_사망담보외,25286,96638070000,국내생보사,D,SH160,신계약(23.3월 이후)
6,202303,0010619,DB생명보험주식회사,A12,[일반계정 보험상품]_개인_보장성_저축성,50,1841600000,국내생보사,D,SH160,신계약(23.3월 이후)
7,202303,0010619,DB생명보험주식회사,A2,[일반계정 보험상품]_개인_단체,0,0,국내생보사,D,SH160,신계약(23.3월 이후)
8,202303,0010619,DB생명보험주식회사,B,[특별계정 보험상품],6235,10521137000,국내생보사,D,SH160,신계약(23.3월 이후)
9,202303,0010619,DB생명보험주식회사,B1,[특별계정 보험상품]_연금저축,0,0,국내생보사,D,SH160,신계약(23.3월 이후)
10,202303,0010619,DB생명보험주식회사,B2,[특별계정 보험상품]_연금저축_자산연계형, , ,국내생보사,D,SH160,신계약(23.3월 이후)
11,202303,0010619,DB생명보험주식회사,B3,[특별계정 보험상품]_연금저축_퇴직연금,6165,6371137000,국내생보사,D,SH160,신계약(23.3월 이후)
12,202303,0010619,DB생명보험주식회사,B4,[특별계정 보험상품]_연금저축_퇴직보험, , ,국내생보사,D,SH160,신계약(23.3월 이후)
13,202303,0010619,DB생명보험주식회사,B5,[특별계정 보험상품]_연금저축_변액보험,70,4150000000,국내생보사,D,SH160,신계약(23.3월 이후)
14,202303,0010619,DB생명보험주식회사,C,[일반계정 보험상품 + 특별계정 보험상품],47651,998585137000,국내생보사,D,SH160,신계약(23.3월 이후)
15,202306,0010619,DB생명보험주식회사,A,[일반계정 보험상품],80007,1941942800000,국내생보사,D,SH160,신계약(23.3월 이후)
16,202306,0010619,DB생명보험주식회사,A1,[일반계정 보험상품]_개인,80007,1941942800000,국내생보사,D,SH160,신계약(23.3월 이후)
17,202306,0010619,DB생명보험주식회사,A11,[일반계정 보험상품]_개인_보장성,79923,1938799190000,국내생보사,D,SH160,신계약(23.3월 이후)
18,202306,0010619,DB생명보험주식회사,A111,[일반계정 보험상품]_개인_보장성_사망담보,31145,1761556890000,국내생보사,D,SH160,신계약(23.3월 이후)
19,202306,0010619,DB생명보험주식회사,A111A,[일반계정 보험상품]_개인_보장성_사망담보_(종신보험),29813,1366694520000,국내생보사,D,SH160,신계약(23.3월 이후)
20,202306,0010619,DB생명보험주식회사,A112,[일반계정 보험상품]_개인_보장성_사망담보_사망담보외,48778,177242300000,국내생보사,D,SH160,신계약(23.3월 이후)
21,202306,0010619,DB생명보험주식회사,A12,[일반계정 보험상품]_개인_보장성_저축성,84,3143610000,국내생보사,D,SH160,신계약(23.3월 이후)
22,202306,0010619,DB생명보험주식회사,A2,[일반계정 보험상품]_개인_단체,0,0,국내생보사,D,SH160,신계약(23.3월 이후)
23,202306,0010619,DB생명보험주식회사,B,[특별계정 보험상품],6696,22745937000,국내생보사,D,SH160,신계약(23.3월 이후)
24,202306,0010619,DB생명보험주식회사,B1,[특별계정 보험상품]_연금저축,0,0,국내생보사,D,SH160,신계약(23.3월 이후)
25,202306,0010619,DB생명보험주식회사,B2,[특별계정 보험상품]_연금저축_자산연계형, , ,국내생보사,D,SH160,신계약(23.3월 이후)
26,202306,0010619,DB생명보험주식회사,B3,[특별계정 보험상품]_연금저축_퇴직연금,6593,16077137000,국내생보사,D,SH160,신계약(23.3월 이후)
27,202306,0010619,DB생명보험주식회사,B4,[특별계정 보험상품]_연금저축_퇴직보험, , ,국내생보사,D,SH160,신계약(23.3월 이후)
28,202306,0010619,DB생명보험주식회사,B5,[특별계정 보험상품]_연금저축_변액보험,103,6668800000,국내생보사,D,SH160,신계약(23.3월 이후)
29,202306,0010619,DB생명보험주식회사,C,[일반계정 보험상품 + 특별계정 보험상품],86703,1964688737000,국내생보사,D,SH160,신계약(23.3월 이후)
30,202309,0010619,DB생명보험주식회사,A,[일반계정 보험상품],123914,3182479850000,국내생보사,D,SH160,신계약(23.3월 이후)
31,202309,0010619,DB생명보험주식회사,A1,[일반계정 보험상품]_개인,123914,3182479850000,국내생보사,D,SH160,신계약(23.3월 이후)
32,202309,0010619,DB생명보험주식회사,A11,[일반계정 보험상품]_개인_보장성,123804,3178053890000,국내생보사,D,SH160,신계약(23.3월 이후)
33,202309,0010619,DB생명보험주식회사,A111,[일반계정 보험상품]_개인_보장성_사망담보,52420,2942919350000,국내생보사,D,SH160,신계약(23.3월 이후)
34,202309,0010619,DB생명보험주식회사,A111A,[일반계정 보험상품]_개인_보장성_사망담보_(종신보험),50449,2388324940000,국내생보사,D,SH160,신계약(23.3월 이후)
35,202309,0010619,DB생명보험주식회사,A112,[일반계정 보험상품]_개인_보장성_사망담보_사망담보외,71384,235134540000,국내생보사,D,SH160,신계약(23.3월 이후)
36,202309,0010619,DB생명보험주식회사,A12,[일반계정 보험상품]_개인_보장성_저축성,110,4425960000,국내생보사,D,SH160,신계약(23.3월 이후)
37,202309,0010619,DB생명보험주식회사,A2,[일반계정 보험상품]_개인_단체,0,0,국내생보사,D,SH160,신계약(23.3월 이후)
38,202309,0010619,DB생명보험주식회사,B,[특별계정 보험상품],6815,53264658000,국내생보사,D,SH160,신계약(23.3월 이후)
39,202309,0010619,DB생명보험주식회사,B1,[특별계정 보험상품]_연금저축,0,0,국내생보사,D,SH160,신계약(23.3월 이후)
40,202309,0010619,DB생명보험주식회사,B2,[특별계정 보험상품]_연금저축_자산연계형, , ,국내생보사,D,SH160,신계약(23.3월 이후)
41,202309,0010619,DB생명보험주식회사,B3,[특별계정 보험상품]_연금저축_퇴직연금,6686,44753058000,국내생보사,D,SH160,신계약(23.3월 이후)
42,202309,0010619,DB생명보험주식회사,B4,[특별계정 보험상품]_연금저축_퇴직보험, , ,국내생보사,D,SH160,신계약(23.3월 이후)
43,202309,0010619,DB생명보험주식회사,B5,[특별계정 보험상품]_연금저축_변액보험,129,8511600000,국내생보사,D,SH160,신계약(23.3월 이후)
44,202309,0010619,DB생명보험주식회사,C,[일반계정 보험상품 + 특별계정 보험상품],130729,3235744508000,국내생보사,D,SH160,신계약(23.3월 이후)
45,202312,0010619,DB생명보험주식회사,A,[일반계정 보험상품],167086,3880627510000,국내생보사,D,SH160,신계약(23.3월 이후)
46,202312,0010619,DB생명보험주식회사,A1,[일반계정 보험상품]_개인,167086,3880627510000,국내생보사,D,SH160,신계약(23.3월 이후)
47,202312,0010619,DB생명보험주식회사,A11,[일반계정 보험상품]_개인_보장성,166927,3874410520000,국내생보사,D,SH160,신계약(23.3월 이후)
48,202312,0010619,DB생명보험주식회사,A111,[일반계정 보험상품]_개인_보장성_사망담보,64907,3573992730000,국내생보사,D,SH160,신계약(23.3월 이후)
49,202312,0010619,DB생명보험주식회사,A111A,[일반계정 보험상품]_개인_보장성_사망담보_(종신보험),62383,2903896240000,국내생보사,D,SH160,신계약(23.3월 이후)
50,202312,0010619,DB생명보험주식회사,A112,[일반계정 보험상품]_개인_보장성_사망담보_사망담보외,102020,300417790000,국내생보사,D,SH160,신계약(23.3월 이후)
51,202312,0010619,DB생명보험주식회사,A12,[일반계정 보험상품]_개인_보장성_저축성,159,6216990000,국내생보사,D,SH160,신계약(23.3월 이후)
52,202312,0010619,DB생명보험주식회사,A2,[일반계정 보험상품]_개인_단체,0,0,국내생보사,D,SH160,신계약(23.3월 이후)
53,202312,0010619,DB생명보험주식회사,B,[특별계정 보험상품],8248,200075978000,국내생보사,D,SH160,신계약(23.3월 이후)
54,202312,0010619,DB생명보험주식회사,B1,[특별계정 보험상품]_연금저축,0,0,국내생보사,D,SH160,신계약(23.3월 이후)
55,202312,0010619,DB생명보험주식회사,B2,[특별계정 보험상품]_연금저축_자산연계형, , ,국내생보사,D,SH160,신계약(23.3월 이후)
56,202312,0010619,DB생명보험주식회사,B3,[특별계정 보험상품]_연금저축_퇴직연금,8079,188451378000,국내생보사,D,SH160,신계약(23.3월 이후)
57,202312,0010619,DB생명보험주식회사,B4,[특별계정 보험상품]_연금저축_퇴직보험, , ,국내생보사,D,SH160,신계약(23.3월 이후)
58,202312,0010619,DB생명보험주식회사,B5,[특별계정 보험상품]_연금저축_변액보험,169,11624600000,국내생보사,D,SH160,신계약(23.3월 이후)
59,202312,0010619,DB생명보험주식회사,C,[일반계정 보험상품 + 특별계정 보험상품],175334,4080703488000,국내생보사,D,SH160,신계약(23.3월 이후)
0,202303,0010605,DGB생명보험주식회사,A,[일반계정 보험상품],57630,615002760000,국내생보사,D,SH160,신계약(23.3월 이후)
1,202303,0010605,DGB생명보험주식회사,A1,[일반계정 보험상품]_개인,5104,220827160000,국내생보사,D,SH160,신계약(23.3월 이후)
2,202303,0010605,DGB생명보험주식회사,A11,[일반계정 보험상품]_개인_보장성,5087,220140108000,국내생보사,D,SH160,신계약(23.3월 이후)
3,202303,0010605,DGB생명보험주식회사,A111,[일반계정 보험상품]_개인_보장성_사망담보,4924,216926000000,국내생보사,D,SH160,신계약(23.3월 이후)
4,202303,0010605,DGB생명보험주식회사,A111A,[일반계정 보험상품]_개인_보장성_사망담보_(종신보험),4908,215476000000,국내생보사,D,SH160,신계약(23.3월 이후)
5,202303,0010605,DGB생명보험주식회사,A112,[일반계정 보험상품]_개인_보장성_사망담보_사망담보외,163,3214108000,국내생보사,D,SH160,신계약(23.3월 이후)
6,202303,0010605,DGB생명보험주식회사,A12,[일반계정 보험상품]_개인_보장성_저축성,17,687052000,국내생보사,D,SH160,신계약(23.3월 이후)
7,202303,0010605,DGB생명보험주식회사,A2,[일반계정 보험상품]_개인_단체,52526,394175600000,국내생보사,D,SH160,신계약(23.3월 이후)
8,202303,0010605,DGB생명보험주식회사,B,[특별계정 보험상품],4769,240619120000,국내생보사,D,SH160,신계약(23.3월 이후)
9,202303,0010605,DGB생명보험주식회사,B1,[특별계정 보험상품]_연금저축,0,0,국내생보사,D,SH160,신계약(23.3월 이후)
10,202303,0010605,DGB생명보험주식회사,B2,[특별계정 보험상품]_연금저축_자산연계형,0,0,국내생보사,D,SH160,신계약(23.3월 이후)
11,202303,0010605,DGB생명보험주식회사,B3,[특별계정 보험상품]_연금저축_퇴직연금,0,0,국내생보사,D,SH160,신계약(23.3월 이후)
12,202303,0010605,DGB생명보험주식회사,B4,[특별계정 보험상품]_연금저축_퇴직보험,0,0,국내생보사,D,SH160,신계약(23.3월 이후)
13,202303,0010605,DGB생명보험주식회사,B5,[특별계정 보험상품]_연금저축_변액보험,4769,240619120000,국내생보사,D,SH160,신계약(23.3월 이후)
14,202303,0010605,DGB생명보험주식회사,C,[일반계정 보험상품 + 특별계정 보험상품],62399,855621880000,국내생보사,D,SH160,신계약(23.3월 이후)
15,202306,0010605,DGB생명보험주식회사,A,[일반계정 보험상품],84161,1405996065000,국내생보사,D,SH160,신계약(23.3월 이후)
16,202306,0010605,DGB생명보험주식회사,A1,[일반계정 보험상품]_개인,19571,679508965000,국내생보사,D,SH160,신계약(23.3월 이후)
17,202306,0010605,DGB생명보험주식회사,A11,[일반계정 보험상품]_개인_보장성,19299,676598570000,국내생보사,D,SH160,신계약(23.3월 이후)
18,202306,0010605,DGB생명보험주식회사,A111,[일반계정 보험상품]_개인_보장성_사망담보,18920,670901000000,국내생보사,D,SH160,신계약(23.3월 이후)
19,202306,0010605,DGB생명보험주식회사,A111A,[일반계정 보험상품]_개인_보장성_사망담보_(종신보험),18891,668251000000,국내생보사,D,SH160,신계약(23.3월 이후)
20,202306,0010605,DGB생명보험주식회사,A112,[일반계정 보험상품]_개인_보장성_사망담보_사망담보외,379,5697570000,국내생보사,D,SH160,신계약(23.3월 이후)
21,202306,0010605,DGB생명보험주식회사,A12,[일반계정 보험상품]_개인_보장성_저축성,272,2910395000,국내생보사,D,SH160,신계약(23.3월 이후)
22,202306,0010605,DGB생명보험주식회사,A2,[일반계정 보험상품]_개인_단체,64590,726487100000,국내생보사,D,SH160,신계약(23.3월 이후)
23,202306,0010605,DGB생명보험주식회사,B,[특별계정 보험상품],6516,345216720000,국내생보사,D,SH160,신계약(23.3월 이후)
24,202306,0010605,DGB생명보험주식회사,B1,[특별계정 보험상품]_연금저축,0,0,국내생보사,D,SH160,신계약(23.3월 이후)
25,202306,0010605,DGB생명보험주식회사,B2,[특별계정 보험상품]_연금저축_자산연계형,0,0,국내생보사,D,SH160,신계약(23.3월 이후)
26,202306,0010605,DGB생명보험주식회사,B3,[특별계정 보험상품]_연금저축_퇴직연금,0,0,국내생보사,D,SH160,신계약(23.3월 이후)
27,202306,0010605,DGB생명보험주식회사,B4,[특별계정 보험상품]_연금저축_퇴직보험,0,0,국내생보사,D,SH160,신계약(23.3월 이후)
28,202306,0010605,DGB생명보험주식회사,B5,[특별계정 보험상품]_연금저축_변액보험,6516,345216720000,국내생보사,D,SH160,신계약(23.3월 이후)
29,202306,0010605,DGB생명보험주식회사,C,[일반계정 보험상품 + 특별계정 보험상품],90677,1751212785000,국내생보사,D,SH160,신계약(23.3월 이후)
30,202309,0010605,DGB생명보험주식회사,A,[일반계정 보험상품],184382,2300646854000,국내생보사,D,SH160,신계약(23.3월 이후)
31,202309,0010605,DGB생명보험주식회사,A1,[일반계정 보험상품]_개인,41089,1345546254000,국내생보사,D,SH160,신계약(23.3월 이후)
32,202309,0010605,DGB생명보험주식회사,A11,[일반계정 보험상품]_개인_보장성,40689,1341455370000,국내생보사,D,SH160,신계약(23.3월 이후)
33,202309,0010605,DGB생명보험주식회사,A111,[일반계정 보험상품]_개인_보장성_사망담보,39945,1331124000000,국내생보사,D,SH160,신계약(23.3월 이후)
34,202309,0010605,DGB생명보험주식회사,A111A,[일반계정 보험상품]_개인_보장성_사망담보_(종신보험),39889,1325774000000,국내생보사,D,SH160,신계약(23.3월 이후)
35,202309,0010605,DGB생명보험주식회사,A112,[일반계정 보험상품]_개인_보장성_사망담보_사망담보외,744,10331370000,국내생보사,D,SH160,신계약(23.3월 이후)
36,202309,0010605,DGB생명보험주식회사,A12,[일반계정 보험상품]_개인_보장성_저축성,400,4090884000,국내생보사,D,SH160,신계약(23.3월 이후)
37,202309,0010605,DGB생명보험주식회사,A2,[일반계정 보험상품]_개인_단체,143293,955100600000,국내생보사,D,SH160,신계약(23.3월 이후)
38,202309,0010605,DGB생명보험주식회사,B,[특별계정 보험상품],8366,458994600000,국내생보사,D,SH160,신계약(23.3월 이후)
39,202309,0010605,DGB생명보험주식회사,B1,[특별계정 보험상품]_연금저축,0,0,국내생보사,D,SH160,신계약(23.3월 이후)
40,202309,0010605,DGB생명보험주식회사,B2,[특별계정 보험상품]_연금저축_자산연계형,0,0,국내생보사,D,SH160,신계약(23.3월 이후)
41,202309,0010605,DGB생명보험주식회사,B3,[특별계정 보험상품]_연금저축_퇴직연금,0,0,국내생보사,D,SH160,신계약(23.3월 이후)
42,202309,0010605,DGB생명보험주식회사,B4,[특별계정 보험상품]_연금저축_퇴직보험,0,0,국내생보사,D,SH160,신계약(23.3월 이후)
43,202309,0010605,DGB생명보험주식회사,B5,[특별계정 보험상품]_연금저축_변액보험,8366,458994600000,국내생보사,D,SH160,신계약(23.3월 이후)
44,202309,0010605,DGB생명보험주식회사,C,[일반계정 보험상품 + 특별계정 보험상품],192748,2759641454000,국내생보사,D,SH160,신계약(23.3월 이후)
45,202312,0010605,DGB생명보험주식회사,A,[일반계정 보험상품],269339,2602928104000,국내생보사,D,SH160,신계약(23.3월 이후)
46,202312,0010605,DGB생명보험주식회사,A1,[일반계정 보험상품]_개인,44081,1452342504000,국내생보사,D,SH160,신계약(23.3월 이후)
47,202312,0010605,DGB생명보험주식회사,A11,[일반계정 보험상품]_개인_보장성,43590,1447465800000,국내생보사,D,SH160,신계약(23.3월 이후)
48,202312,0010605,DGB생명보험주식회사,A111,[일반계정 보험상품]_개인_보장성_사망담보,42578,1432363000000,국내생보사,D,SH160,신계약(23.3월 이후)
49,202312,0010605,DGB생명보험주식회사,A111A,[일반계정 보험상품]_개인_보장성_사망담보_(종신보험),42482,1423363000000,국내생보사,D,SH160,신계약(23.3월 이후)
50,202312,0010605,DGB생명보험주식회사,A112,[일반계정 보험상품]_개인_보장성_사망담보_사망담보외,1012,15102800000,국내생보사,D,SH160,신계약(23.3월 이후)
51,202312,0010605,DGB생명보험주식회사,A12,[일반계정 보험상품]_개인_보장성_저축성,491,4876704000,국내생보사,D,SH160,신계약(23.3월 이후)
52,202312,0010605,DGB생명보험주식회사,A2,[일반계정 보험상품]_개인_단체,225258,1150585600000,국내생보사,D,SH160,신계약(23.3월 이후)
53,202312,0010605,DGB생명보험주식회사,B,[특별계정 보험상품],10211,599644920000,국내생보사,D,SH160,신계약(23.3월 이후)
54,202312,0010605,DGB생명보험주식회사,B1,[특별계정 보험상품]_연금저축,0,0,국내생보사,D,SH160,신계약(23.3월 이후)
55,202312,0010605,DGB생명보험주식회사,B2,[특별계정 보험상품]_연금저축_자산연계형,0,0,국내생보사,D,SH160,신계약(23.3월 이후)
56,202312,0010605,DGB생명보험주식회사,B3,[특별계정 보험상품]_연금저축_퇴직연금,0,0,국내생보사,D,SH160,신계약(23.3월 이후)
57,202312,0010605,DGB생명보험주식회사,B4,[특별계정 보험상품]_연금저축_퇴직보험,0,0,국내생보사,D,SH160,신계약(23.3월 이후)
58,202312,0010605,DGB생명보험주식회사,B5,[특별계정 보험상품]_연금저축_변액보험,10211,599644920000,국내생보사,D,SH160,신계약(23.3월 이후)
59,202312,0010605,DGB생명보험주식회사,C,[일반계정 보험상품 + 특별계정 보험상품],279550,3202573024000,국내생보사,D,SH160,신계약(23.3월 이후)
0,202303,0010616,KB라이프생명보험,A,[일반계정 보험상품],43662,1450269011000,국내생보사,D,SH160,신계약(23.3월 이후)
1,202303,0010616,KB라이프생명보험,A1,[일반계정 보험상품]_개인,24805,1426569911000,국내생보사,D,SH160,신계약(23.3월 이후)
2,202303,0010616,KB라이프생명보험,A11,[일반계정 보험상품]_개인_보장성,22618,1256558532000,국내생보사,D,SH160,신계약(23.3월 이후)
3,202303,0010616,KB라이프생명보험,A111,[일반계정 보험상품]_개인_보장성_사망담보,18318,1061035032000,국내생보사,D,SH160,신계약(23.3월 이후)
4,202303,0010616,KB라이프생명보험,A111A,[일반계정 보험상품]_개인_보장성_사망담보_(종신보험),15322,632383659000,국내생보사,D,SH160,신계약(23.3월 이후)
5,202303,0010616,KB라이프생명보험,A112,[일반계정 보험상품]_개인_보장성_사망담보_사망담보외,4300,195523500000,국내생보사,D,SH160,신계약(23.3월 이후)
6,202303,0010616,KB라이프생명보험,A12,[일반계정 보험상품]_개인_보장성_저축성,2187,170011379000,국내생보사,D,SH160,신계약(23.3월 이후)
7,202303,0010616,KB라이프생명보험,A2,[일반계정 보험상품]_개인_단체,18857,23699100000,국내생보사,D,SH160,신계약(23.3월 이후)
8,202303,0010616,KB라이프생명보험,B,[특별계정 보험상품],788,59521889000,국내생보사,D,SH160,신계약(23.3월 이후)
9,202303,0010616,KB라이프생명보험,B1,[특별계정 보험상품]_연금저축,0,0,국내생보사,D,SH160,신계약(23.3월 이후)
10,202303,0010616,KB라이프생명보험,B2,[특별계정 보험상품]_연금저축_자산연계형, , ,국내생보사,D,SH160,신계약(23.3월 이후)
11,202303,0010616,KB라이프생명보험,B3,[특별계정 보험상품]_연금저축_퇴직연금, , ,국내생보사,D,SH160,신계약(23.3월 이후)
12,202303,0010616,KB라이프생명보험,B4,[특별계정 보험상품]_연금저축_퇴직보험, , ,국내생보사,D,SH160,신계약(23.3월 이후)
13,202303,0010616,KB라이프생명보험,B5,[특별계정 보험상품]_연금저축_변액보험,788,59521889000,국내생보사,D,SH160,신계약(23.3월 이후)
14,202303,0010616,KB라이프생명보험,C,[일반계정 보험상품 + 특별계정 보험상품],44450,1509790900000,국내생보사,D,SH160,신계약(23.3월 이후)
15,202306,0010616,KB라이프생명보험,A,[일반계정 보험상품],84056,3173735670000,국내생보사,D,SH160,신계약(23.3월 이후)
16,202306,0010616,KB라이프생명보험,A1,[일반계정 보험상품]_개인,64105,3147797670000,국내생보사,D,SH160,신계약(23.3월 이후)
17,202306,0010616,KB라이프생명보험,A11,[일반계정 보험상품]_개인_보장성,59984,2824246744000,국내생보사,D,SH160,신계약(23.3월 이후)
18,202306,0010616,KB라이프생명보험,A111,[일반계정 보험상품]_개인_보장성_사망담보,52728,2482667244000,국내생보사,D,SH160,신계약(23.3월 이후)
19,202306,0010616,KB라이프생명보험,A111A,[일반계정 보험상품]_개인_보장성_사망담보_(종신보험),46864,1722555838000,국내생보사,D,SH160,신계약(23.3월 이후)
20,202306,0010616,KB라이프생명보험,A112,[일반계정 보험상품]_개인_보장성_사망담보_사망담보외,7256,341579500000,국내생보사,D,SH160,신계약(23.3월 이후)
21,202306,0010616,KB라이프생명보험,A12,[일반계정 보험상품]_개인_보장성_저축성,4121,323550926000,국내생보사,D,SH160,신계약(23.3월 이후)
22,202306,0010616,KB라이프생명보험,A2,[일반계정 보험상품]_개인_단체,19951,25938000000,국내생보사,D,SH160,신계약(23.3월 이후)
23,202306,0010616,KB라이프생명보험,B,[특별계정 보험상품],1268,96205176000,국내생보사,D,SH160,신계약(23.3월 이후)
24,202306,0010616,KB라이프생명보험,B1,[특별계정 보험상품]_연금저축,0,0,국내생보사,D,SH160,신계약(23.3월 이후)
25,202306,0010616,KB라이프생명보험,B2,[특별계정 보험상품]_연금저축_자산연계형, , ,국내생보사,D,SH160,신계약(23.3월 이후)
26,202306,0010616,KB라이프생명보험,B3,[특별계정 보험상품]_연금저축_퇴직연금, , ,국내생보사,D,SH160,신계약(23.3월 이후)
27,202306,0010616,KB라이프생명보험,B4,[특별계정 보험상품]_연금저축_퇴직보험, , ,국내생보사,D,SH160,신계약(23.3월 이후)
28,202306,0010616,KB라이프생명보험,B5,[특별계정 보험상품]_연금저축_변액보험,1268,96205176000,국내생보사,D,SH160,신계약(23.3월 이후)
29,202306,0010616,KB라이프생명보험,C,[일반계정 보험상품 + 특별계정 보험상품],85324,3269940846000,국내생보사,D,SH160,신계약(23.3월 이후)
30,202309,0010616,KB라이프생명보험,A,[일반계정 보험상품],132764,4799729199000,국내생보사,D,SH160,신계약(23.3월 이후)
31,202309,0010616,KB라이프생명보험,A1,[일반계정 보험상품]_개인,111638,4772139599000,국내생보사,D,SH160,신계약(23.3월 이후)
32,202309,0010616,KB라이프생명보험,A11,[일반계정 보험상품]_개인_보장성,106070,4341163353000,국내생보사,D,SH160,신계약(23.3월 이후)
33,202309,0010616,KB라이프생명보험,A111,[일반계정 보험상품]_개인_보장성_사망담보,84055,3759228853000,국내생보사,D,SH160,신계약(23.3월 이후)
34,202309,0010616,KB라이프생명보험,A111A,[일반계정 보험상품]_개인_보장성_사망담보_(종신보험),75490,2696071182000,국내생보사,D,SH160,신계약(23.3월 이후)
35,202309,0010616,KB라이프생명보험,A112,[일반계정 보험상품]_개인_보장성_사망담보_사망담보외,22015,581934500000,국내생보사,D,SH160,신계약(23.3월 이후)
36,202309,0010616,KB라이프생명보험,A12,[일반계정 보험상품]_개인_보장성_저축성,5568,430976246000,국내생보사,D,SH160,신계약(23.3월 이후)
37,202309,0010616,KB라이프생명보험,A2,[일반계정 보험상품]_개인_단체,21126,27589600000,국내생보사,D,SH160,신계약(23.3월 이후)
38,202309,0010616,KB라이프생명보험,B,[특별계정 보험상품],2055,165168296000,국내생보사,D,SH160,신계약(23.3월 이후)
39,202309,0010616,KB라이프생명보험,B1,[특별계정 보험상품]_연금저축,0,0,국내생보사,D,SH160,신계약(23.3월 이후)
40,202309,0010616,KB라이프생명보험,B2,[특별계정 보험상품]_연금저축_자산연계형, , ,국내생보사,D,SH160,신계약(23.3월 이후)
41,202309,0010616,KB라이프생명보험,B3,[특별계정 보험상품]_연금저축_퇴직연금, , ,국내생보사,D,SH160,신계약(23.3월 이후)
42,202309,0010616,KB라이프생명보험,B4,[특별계정 보험상품]_연금저축_퇴직보험, , ,국내생보사,D,SH160,신계약(23.3월 이후)
43,202309,0010616,KB라이프생명보험,B5,[특별계정 보험상품]_연금저축_변액보험,1886,145152584000,국내생보사,D,SH160,신계약(23.3월 이후)
44,202309,0010616,KB라이프생명보험,C,[일반계정 보험상품 + 특별계정 보험상품],134819,4964897495000,국내생보사,D,SH160,신계약(23.3월 이후)
45,202312,0010616,KB라이프생명보험,A,[일반계정 보험상품],171189,6379597310000,국내생보사,D,SH160,신계약(23.3월 이후)
46,202312,0010616,KB라이프생명보험,A1,[일반계정 보험상품]_개인,146066,6348906310000,국내생보사,D,SH160,신계약(23.3월 이후)
47,202312,0010616,KB라이프생명보험,A11,[일반계정 보험상품]_개인_보장성,129285,5125249104000,국내생보사,D,SH160,신계약(23.3월 이후)
48,202312,0010616,KB라이프생명보험,A111,[일반계정 보험상품]_개인_보장성_사망담보,92124,4313788104000,국내생보사,D,SH160,신계약(23.3월 이후)
49,202312,0010616,KB라이프생명보험,A111A,[일반계정 보험상품]_개인_보장성_사망담보_(종신보험),79986,2959188182000,국내생보사,D,SH160,신계약(23.3월 이후)
50,202312,0010616,KB라이프생명보험,A112,[일반계정 보험상품]_개인_보장성_사망담보_사망담보외,37161,811461000000,국내생보사,D,SH160,신계약(23.3월 이후)
51,202312,0010616,KB라이프생명보험,A12,[일반계정 보험상품]_개인_보장성_저축성,16781,1223657206000,국내생보사,D,SH160,신계약(23.3월 이후)
52,202312,0010616,KB라이프생명보험,A2,[일반계정 보험상품]_개인_단체,25123,30691000000,국내생보사,D,SH160,신계약(23.3월 이후)
53,202312,0010616,KB라이프생명보험,B,[특별계정 보험상품],2867,260947721000,국내생보사,D,SH160,신계약(23.3월 이후)
54,202312,0010616,KB라이프생명보험,B1,[특별계정 보험상품]_연금저축,0,0,국내생보사,D,SH160,신계약(23.3월 이후)
55,202312,0010616,KB라이프생명보험,B2,[특별계정 보험상품]_연금저축_자산연계형, , ,국내생보사,D,SH160,신계약(23.3월 이후)
56,202312,0010616,KB라이프생명보험,B3,[특별계정 보험상품]_연금저축_퇴직연금,2,16849463000,국내생보사,D,SH160,신계약(23.3월 이후)
57,202312,0010616,KB라이프생명보험,B4,[특별계정 보험상품]_연금저축_퇴직보험, , ,국내생보사,D,SH160,신계약(23.3월 이후)
58,202312,0010616,KB라이프생명보험,B5,[특별계정 보험상품]_연금저축_변액보험,2536,203223712000,국내생보사,D,SH160,신계약(23.3월 이후)
59,202312,0010616,KB라이프생명보험,C,[일반계정 보험상품 + 특별계정 보험상품],174056,6640545031000,국내생보사,D,SH160,신계약(23.3월 이후)
0,202303,0013436,교보라이프플래닛생명보험주식회사,A,[일반계정 보험상품],4711,316589560000,국내생보사,D,SH160,신계약(23.3월 이후)
1,202303,0013436,교보라이프플래닛생명보험주식회사,A1,[일반계정 보험상품]_개인,4711,316589560000,국내생보사,D,SH160,신계약(23.3월 이후)
2,202303,0013436,교보라이프플래닛생명보험주식회사,A11,[일반계정 보험상품]_개인_보장성,2931,205099000000,국내생보사,D,SH160,신계약(23.3월 이후)
3,202303,0013436,교보라이프플래닛생명보험주식회사,A111,[일반계정 보험상품]_개인_보장성_사망담보,1053,160490000000,국내생보사,D,SH160,신계약(23.3월 이후)
4,202303,0013436,교보라이프플래닛생명보험주식회사,A111A,[일반계정 보험상품]_개인_보장성_사망담보_(종신보험),25,2840000000,국내생보사,D,SH160,신계약(23.3월 이후)
5,202303,0013436,교보라이프플래닛생명보험주식회사,A112,[일반계정 보험상품]_개인_보장성_사망담보_사망담보외,1878,44609000000,국내생보사,D,SH160,신계약(23.3월 이후)
6,202303,0013436,교보라이프플래닛생명보험주식회사,A12,[일반계정 보험상품]_개인_보장성_저축성,1780,111490560000,국내생보사,D,SH160,신계약(23.3월 이후)
7,202303,0013436,교보라이프플래닛생명보험주식회사,A2,[일반계정 보험상품]_개인_단체,0,0,국내생보사,D,SH160,신계약(23.3월 이후)
8,202303,0013436,교보라이프플래닛생명보험주식회사,B,[특별계정 보험상품],373,6793560000,국내생보사,D,SH160,신계약(23.3월 이후)
9,202303,0013436,교보라이프플래닛생명보험주식회사,B1,[특별계정 보험상품]_연금저축,373,6793560000,국내생보사,D,SH160,신계약(23.3월 이후)
10,202303,0013436,교보라이프플래닛생명보험주식회사,B2,[특별계정 보험상품]_연금저축_자산연계형,0,0,국내생보사,D,SH160,신계약(23.3월 이후)
11,202303,0013436,교보라이프플래닛생명보험주식회사,B3,[특별계정 보험상품]_연금저축_퇴직연금,0,0,국내생보사,D,SH160,신계약(23.3월 이후)
12,202303,0013436,교보라이프플래닛생명보험주식회사,B4,[특별계정 보험상품]_연금저축_퇴직보험,0,0,국내생보사,D,SH160,신계약(23.3월 이후)
13,202303,0013436,교보라이프플래닛생명보험주식회사,B5,[특별계정 보험상품]_연금저축_변액보험,0,0,국내생보사,D,SH160,신계약(23.3월 이후)
14,202303,0013436,교보라이프플래닛생명보험주식회사,C,[일반계정 보험상품 + 특별계정 보험상품],5084,323383120000,국내생보사,D,SH160,신계약(23.3월 이후)
15,202306,0013436,교보라이프플래닛생명보험주식회사,A,[일반계정 보험상품],7586,506859149000,국내생보사,D,SH160,신계약(23.3월 이후)
16,202306,0013436,교보라이프플래닛생명보험주식회사,A1,[일반계정 보험상품]_개인,7486,503859149000,국내생보사,D,SH160,신계약(23.3월 이후)
17,202306,0013436,교보라이프플래닛생명보험주식회사,A11,[일반계정 보험상품]_개인_보장성,5550,390236000000,국내생보사,D,SH160,신계약(23.3월 이후)
18,202306,0013436,교보라이프플래닛생명보험주식회사,A111,[일반계정 보험상품]_개인_보장성_사망담보,1995,301370000000,국내생보사,D,SH160,신계약(23.3월 이후)
19,202306,0013436,교보라이프플래닛생명보험주식회사,A111A,[일반계정 보험상품]_개인_보장성_사망담보_(종신보험),36,4040000000,국내생보사,D,SH160,신계약(23.3월 이후)
20,202306,0013436,교보라이프플래닛생명보험주식회사,A112,[일반계정 보험상품]_개인_보장성_사망담보_사망담보외,3555,88866000000,국내생보사,D,SH160,신계약(23.3월 이후)
21,202306,0013436,교보라이프플래닛생명보험주식회사,A12,[일반계정 보험상품]_개인_보장성_저축성,1936,113623149000,국내생보사,D,SH160,신계약(23.3월 이후)
22,202306,0013436,교보라이프플래닛생명보험주식회사,A2,[일반계정 보험상품]_개인_단체,100,3000000000,국내생보사,D,SH160,신계약(23.3월 이후)
23,202306,0013436,교보라이프플래닛생명보험주식회사,B,[특별계정 보험상품],476,9033360000,국내생보사,D,SH160,신계약(23.3월 이후)
24,202306,0013436,교보라이프플래닛생명보험주식회사,B1,[특별계정 보험상품]_연금저축,476,9033360000,국내생보사,D,SH160,신계약(23.3월 이후)
25,202306,0013436,교보라이프플래닛생명보험주식회사,B2,[특별계정 보험상품]_연금저축_자산연계형,0,0,국내생보사,D,SH160,신계약(23.3월 이후)
26,202306,0013436,교보라이프플래닛생명보험주식회사,B3,[특별계정 보험상품]_연금저축_퇴직연금,0,0,국내생보사,D,SH160,신계약(23.3월 이후)
27,202306,0013436,교보라이프플래닛생명보험주식회사,B4,[특별계정 보험상품]_연금저축_퇴직보험,0,0,국내생보사,D,SH160,신계약(23.3월 이후)
28,202306,0013436,교보라이프플래닛생명보험주식회사,B5,[특별계정 보험상품]_연금저축_변액보험,0,0,국내생보사,D,SH160,신계약(23.3월 이후)
29,202306,0013436,교보라이프플래닛생명보험주식회사,C,[일반계정 보험상품 + 특별계정 보험상품],8062,515892509000,국내생보사,D,SH160,신계약(23.3월 이후)
30,202309,0013436,교보라이프플래닛생명보험주식회사,A,[일반계정 보험상품],12981,709487709000,국내생보사,D,SH160,신계약(23.3월 이후)
31,202309,0013436,교보라이프플래닛생명보험주식회사,A1,[일반계정 보험상품]_개인,12856,698987709000,국내생보사,D,SH160,신계약(23.3월 이후)
32,202309,0013436,교보라이프플래닛생명보험주식회사,A11,[일반계정 보험상품]_개인_보장성,10702,581208000000,국내생보사,D,SH160,신계약(23.3월 이후)
33,202309,0013436,교보라이프플래닛생명보험주식회사,A111,[일반계정 보험상품]_개인_보장성_사망담보,2821,427800000000,국내생보사,D,SH160,신계약(23.3월 이후)
34,202309,0013436,교보라이프플래닛생명보험주식회사,A111A,[일반계정 보험상품]_개인_보장성_사망담보_(종신보험),45,4940000000,국내생보사,D,SH160,신계약(23.3월 이후)
35,202309,0013436,교보라이프플래닛생명보험주식회사,A112,[일반계정 보험상품]_개인_보장성_사망담보_사망담보외,7881,153408000000,국내생보사,D,SH160,신계약(23.3월 이후)
36,202309,0013436,교보라이프플래닛생명보험주식회사,A12,[일반계정 보험상품]_개인_보장성_저축성,2154,117779709000,국내생보사,D,SH160,신계약(23.3월 이후)
37,202309,0013436,교보라이프플래닛생명보험주식회사,A2,[일반계정 보험상품]_개인_단체,125,10500000000,국내생보사,D,SH160,신계약(23.3월 이후)
38,202309,0013436,교보라이프플래닛생명보험주식회사,B,[특별계정 보험상품],598,12160014000,국내생보사,D,SH160,신계약(23.3월 이후)
39,202309,0013436,교보라이프플래닛생명보험주식회사,B1,[특별계정 보험상품]_연금저축,598,12160014000,국내생보사,D,SH160,신계약(23.3월 이후)
40,202309,0013436,교보라이프플래닛생명보험주식회사,B2,[특별계정 보험상품]_연금저축_자산연계형,0,0,국내생보사,D,SH160,신계약(23.3월 이후)
41,202309,0013436,교보라이프플래닛생명보험주식회사,B3,[특별계정 보험상품]_연금저축_퇴직연금,0,0,국내생보사,D,SH160,신계약(23.3월 이후)
42,202309,0013436,교보라이프플래닛생명보험주식회사,B4,[특별계정 보험상품]_연금저축_퇴직보험,0,0,국내생보사,D,SH160,신계약(23.3월 이후)
43,202309,0013436,교보라이프플래닛생명보험주식회사,B5,[특별계정 보험상품]_연금저축_변액보험,0,0,국내생보사,D,SH160,신계약(23.3월 이후)
44,202309,0013436,교보라이프플래닛생명보험주식회사,C,[일반계정 보험상품 + 특별계정 보험상품],13579,721647723000,국내생보사,D,SH160,신계약(23.3월 이후)
45,202312,0013436,교보라이프플래닛생명보험주식회사,A,[일반계정 보험상품],16979,895489807000,국내생보사,D,SH160,신계약(23.3월 이후)
46,202312,0013436,교보라이프플래닛생명보험주식회사,A1,[일반계정 보험상품]_개인,16820,881589807000,국내생보사,D,SH160,신계약(23.3월 이후)
47,202312,0013436,교보라이프플래닛생명보험주식회사,A11,[일반계정 보험상품]_개인_보장성,14478,761064150000,국내생보사,D,SH160,신계약(23.3월 이후)
48,202312,0013436,교보라이프플래닛생명보험주식회사,A111,[일반계정 보험상품]_개인_보장성_사망담보,3649,559160000000,국내생보사,D,SH160,신계약(23.3월 이후)
49,202312,0013436,교보라이프플래닛생명보험주식회사,A111A,[일반계정 보험상품]_개인_보장성_사망담보_(종신보험),57,5990000000,국내생보사,D,SH160,신계약(23.3월 이후)
50,202312,0013436,교보라이프플래닛생명보험주식회사,A112,[일반계정 보험상품]_개인_보장성_사망담보_사망담보외,10829,201904150000,국내생보사,D,SH160,신계약(23.3월 이후)
51,202312,0013436,교보라이프플래닛생명보험주식회사,A12,[일반계정 보험상품]_개인_보장성_저축성,2342,120525657000,국내생보사,D,SH160,신계약(23.3월 이후)
52,202312,0013436,교보라이프플래닛생명보험주식회사,A2,[일반계정 보험상품]_개인_단체,159,13900000000,국내생보사,D,SH160,신계약(23.3월 이후)
53,202312,0013436,교보라이프플래닛생명보험주식회사,B,[특별계정 보험상품],775,16182318000,국내생보사,D,SH160,신계약(23.3월 이후)
54,202312,0013436,교보라이프플래닛생명보험주식회사,B1,[특별계정 보험상품]_연금저축,775,16182318000,국내생보사,D,SH160,신계약(23.3월 이후)
55,202312,0013436,교보라이프플래닛생명보험주식회사,B2,[특별계정 보험상품]_연금저축_자산연계형,0,0,국내생보사,D,SH160,신계약(23.3월 이후)
56,202312,0013436,교보라이프플래닛생명보험주식회사,B3,[특별계정 보험상품]_연금저축_퇴직연금,0,0,국내생보사,D,SH160,신계약(23.3월 이후)
57,202312,0013436,교보라이프플래닛생명보험주식회사,B4,[특별계정 보험상품]_연금저축_퇴직보험,0,0,국내생보사,D,SH160,신계약(23.3월 이후)
58,202312,0013436,교보라이프플래닛생명보험주식회사,B5,[특별계정 보험상품]_연금저축_변액보험,0,0,국내생보사,D,SH160,신계약(23.3월 이후)
59,202312,0013436,교보라이프플래닛생명보험주식회사,C,[일반계정 보험상품 + 특별계정 보험상품],17754,911672125000,국내생보사,D,SH160,신계약(23.3월 이후)
0,202303,0010597,교보생명보험주식회사,A,[일반계정 보험상품],504951,12909686990000,국내생보사,D,SH160,신계약(23.3월 이후)
1,202303,0010597,교보생명보험주식회사,A1,[일반계정 보험상품]_개인,152164,7473284660000,국내생보사,D,SH160,신계약(23.3월 이후)
2,202303,0010597,교보생명보험주식회사,A11,[일반계정 보험상품]_개인_보장성,104911,4453048844000,국내생보사,D,SH160,신계약(23.3월 이후)
3,202303,0010597,교보생명보험주식회사,A111,[일반계정 보험상품]_개인_보장성_사망담보,42318,2616655170000,국내생보사,D,SH160,신계약(23.3월 이후)
4,202303,0010597,교보생명보험주식회사,A111A,[일반계정 보험상품]_개인_보장성_사망담보_(종신보험),41476,2446349170000,국내생보사,D,SH160,신계약(23.3월 이후)
5,202303,0010597,교보생명보험주식회사,A112,[일반계정 보험상품]_개인_보장성_사망담보_사망담보외,62593,1836393674000,국내생보사,D,SH160,신계약(23.3월 이후)
6,202303,0010597,교보생명보험주식회사,A12,[일반계정 보험상품]_개인_보장성_저축성,47253,3020235816000,국내생보사,D,SH160,신계약(23.3월 이후)
7,202303,0010597,교보생명보험주식회사,A2,[일반계정 보험상품]_개인_단체,352787,5436402330000,국내생보사,D,SH160,신계약(23.3월 이후)
8,202303,0010597,교보생명보험주식회사,B,[특별계정 보험상품],477580,518050081849,국내생보사,D,SH160,신계약(23.3월 이후)
9,202303,0010597,교보생명보험주식회사,B1,[특별계정 보험상품]_연금저축,2041,54375256000,국내생보사,D,SH160,신계약(23.3월 이후)
10,202303,0010597,교보생명보험주식회사,B2,[특별계정 보험상품]_연금저축_자산연계형,0,0,국내생보사,D,SH160,신계약(23.3월 이후)
11,202303,0010597,교보생명보험주식회사,B3,[특별계정 보험상품]_연금저축_퇴직연금,473777,382476516849,국내생보사,D,SH160,신계약(23.3월 이후)
12,202303,0010597,교보생명보험주식회사,B4,[특별계정 보험상품]_연금저축_퇴직보험,0,0,국내생보사,D,SH160,신계약(23.3월 이후)
13,202303,0010597,교보생명보험주식회사,B5,[특별계정 보험상품]_연금저축_변액보험,1762,81198309000,국내생보사,D,SH160,신계약(23.3월 이후)
14,202303,0010597,교보생명보험주식회사,C,[일반계정 보험상품 + 특별계정 보험상품],982531,13427737071849,국내생보사,D,SH160,신계약(23.3월 이후)
15,202306,0010597,교보생명보험주식회사,A,[일반계정 보험상품],770454,20266725005000,국내생보사,D,SH160,신계약(23.3월 이후)
16,202306,0010597,교보생명보험주식회사,A1,[일반계정 보험상품]_개인,284195,12484981363000,국내생보사,D,SH160,신계약(23.3월 이후)
17,202306,0010597,교보생명보험주식회사,A11,[일반계정 보험상품]_개인_보장성,220533,8555936213000,국내생보사,D,SH160,신계약(23.3월 이후)
18,202306,0010597,교보생명보험주식회사,A111,[일반계정 보험상품]_개인_보장성_사망담보,87315,4881961170000,국내생보사,D,SH160,신계약(23.3월 이후)
19,202306,0010597,교보생명보험주식회사,A111A,[일반계정 보험상품]_개인_보장성_사망담보_(종신보험),85752,4536256170000,국내생보사,D,SH160,신계약(23.3월 이후)
20,202306,0010597,교보생명보험주식회사,A112,[일반계정 보험상품]_개인_보장성_사망담보_사망담보외,133218,3673975043000,국내생보사,D,SH160,신계약(23.3월 이후)
21,202306,0010597,교보생명보험주식회사,A12,[일반계정 보험상품]_개인_보장성_저축성,63662,3929045150000,국내생보사,D,SH160,신계약(23.3월 이후)
22,202306,0010597,교보생명보험주식회사,A2,[일반계정 보험상품]_개인_단체,486259,7781743642000,국내생보사,D,SH160,신계약(23.3월 이후)
23,202306,0010597,교보생명보험주식회사,B,[특별계정 보험상품],1150749,1510601270392,국내생보사,D,SH160,신계약(23.3월 이후)
24,202306,0010597,교보생명보험주식회사,B1,[특별계정 보험상품]_연금저축,3158,86498635000,국내생보사,D,SH160,신계약(23.3월 이후)
25,202306,0010597,교보생명보험주식회사,B2,[특별계정 보험상품]_연금저축_자산연계형,0,0,국내생보사,D,SH160,신계약(23.3월 이후)
26,202306,0010597,교보생명보험주식회사,B3,[특별계정 보험상품]_연금저축_퇴직연금,1144784,1280098310392,국내생보사,D,SH160,신계약(23.3월 이후)
27,202306,0010597,교보생명보험주식회사,B4,[특별계정 보험상품]_연금저축_퇴직보험,0,0,국내생보사,D,SH160,신계약(23.3월 이후)
28,202306,0010597,교보생명보험주식회사,B5,[특별계정 보험상품]_연금저축_변액보험,2807,144004325000,국내생보사,D,SH160,신계약(23.3월 이후)
29,202306,0010597,교보생명보험주식회사,C,[일반계정 보험상품 + 특별계정 보험상품],1921203,21777326275392,국내생보사,D,SH160,신계약(23.3월 이후)
30,202309,0010597,교보생명보험주식회사,A,[일반계정 보험상품],1060276,29644097129000,국내생보사,D,SH160,신계약(23.3월 이후)
31,202309,0010597,교보생명보험주식회사,A1,[일반계정 보험상품]_개인,441099,18605533357000,국내생보사,D,SH160,신계약(23.3월 이후)
32,202309,0010597,교보생명보험주식회사,A11,[일반계정 보험상품]_개인_보장성,353664,13188098162000,국내생보사,D,SH160,신계약(23.3월 이후)
33,202309,0010597,교보생명보험주식회사,A111,[일반계정 보험상품]_개인_보장성_사망담보,141957,7660494070000,국내생보사,D,SH160,신계약(23.3월 이후)
34,202309,0010597,교보생명보험주식회사,A111A,[일반계정 보험상품]_개인_보장성_사망담보_(종신보험),139837,7169458070000,국내생보사,D,SH160,신계약(23.3월 이후)
35,202309,0010597,교보생명보험주식회사,A112,[일반계정 보험상품]_개인_보장성_사망담보_사망담보외,211707,5527604092000,국내생보사,D,SH160,신계약(23.3월 이후)
36,202309,0010597,교보생명보험주식회사,A12,[일반계정 보험상품]_개인_보장성_저축성,87435,5417435195000,국내생보사,D,SH160,신계약(23.3월 이후)
37,202309,0010597,교보생명보험주식회사,A2,[일반계정 보험상품]_개인_단체,619177,11038563772000,국내생보사,D,SH160,신계약(23.3월 이후)
38,202309,0010597,교보생명보험주식회사,B,[특별계정 보험상품],1754680,1996896684939,국내생보사,D,SH160,신계약(23.3월 이후)
39,202309,0010597,교보생명보험주식회사,B1,[특별계정 보험상품]_연금저축,3756,104757033000,국내생보사,D,SH160,신계약(23.3월 이후)
40,202309,0010597,교보생명보험주식회사,B2,[특별계정 보험상품]_연금저축_자산연계형,0,0,국내생보사,D,SH160,신계약(23.3월 이후)
41,202309,0010597,교보생명보험주식회사,B3,[특별계정 보험상품]_연금저축_퇴직연금,1747392,1701722957939,국내생보사,D,SH160,신계약(23.3월 이후)
42,202309,0010597,교보생명보험주식회사,B4,[특별계정 보험상품]_연금저축_퇴직보험,0,0,국내생보사,D,SH160,신계약(23.3월 이후)
43,202309,0010597,교보생명보험주식회사,B5,[특별계정 보험상품]_연금저축_변액보험,3532,190416694000,국내생보사,D,SH160,신계약(23.3월 이후)
44,202309,0010597,교보생명보험주식회사,C,[일반계정 보험상품 + 특별계정 보험상품],2814956,31640993813939,국내생보사,D,SH160,신계약(23.3월 이후)
45,202312,0010597,교보생명보험주식회사,A,[일반계정 보험상품],1290827,37895446417000,국내생보사,D,SH160,신계약(23.3월 이후)
46,202312,0010597,교보생명보험주식회사,A1,[일반계정 보험상품]_개인,597366,24722957693000,국내생보사,D,SH160,신계약(23.3월 이후)
47,202312,0010597,교보생명보험주식회사,A11,[일반계정 보험상품]_개인_보장성,487810,17844835787000,국내생보사,D,SH160,신계약(23.3월 이후)
48,202312,0010597,교보생명보험주식회사,A111,[일반계정 보험상품]_개인_보장성_사망담보,196075,10362107610000,국내생보사,D,SH160,신계약(23.3월 이후)
49,202312,0010597,교보생명보험주식회사,A111A,[일반계정 보험상품]_개인_보장성_사망담보_(종신보험),193254,9709396610000,국내생보사,D,SH160,신계약(23.3월 이후)
50,202312,0010597,교보생명보험주식회사,A112,[일반계정 보험상품]_개인_보장성_사망담보_사망담보외,291735,7482728177000,국내생보사,D,SH160,신계약(23.3월 이후)
51,202312,0010597,교보생명보험주식회사,A12,[일반계정 보험상품]_개인_보장성_저축성,109556,6878121906000,국내생보사,D,SH160,신계약(23.3월 이후)
52,202312,0010597,교보생명보험주식회사,A2,[일반계정 보험상품]_개인_단체,693461,13172488724000,국내생보사,D,SH160,신계약(23.3월 이후)
53,202312,0010597,교보생명보험주식회사,B,[특별계정 보험상품],2807874,6679594084846,국내생보사,D,SH160,신계약(23.3월 이후)
54,202312,0010597,교보생명보험주식회사,B1,[특별계정 보험상품]_연금저축,4341,122095390000,국내생보사,D,SH160,신계약(23.3월 이후)
55,202312,0010597,교보생명보험주식회사,B2,[특별계정 보험상품]_연금저축_자산연계형,0,0,국내생보사,D,SH160,신계약(23.3월 이후)
56,202312,0010597,교보생명보험주식회사,B3,[특별계정 보험상품]_연금저축_퇴직연금,2799430,6338468819846,국내생보사,D,SH160,신계약(23.3월 이후)
57,202312,0010597,교보생명보험주식회사,B4,[특별계정 보험상품]_연금저축_퇴직보험,0,0,국내생보사,D,SH160,신계약(23.3월 이후)
58,202312,0010597,교보생명보험주식회사,B5,[특별계정 보험상품]_연금저축_변액보험,4103,219029875000,국내생보사,D,SH160,신계약(23.3월 이후)
59,202312,0010597,교보생명보험주식회사,C,[일반계정 보험상품 + 특별계정 보험상품],4098701,44575040501846,국내생보사,D,SH160,신계약(23.3월 이후)
0,202303,0013173,농협생명보험주식회사,A,[일반계정 보험상품],547464,6188761594000,국내생보사,D,SH160,신계약(23.3월 이후)
1,202303,0013173,농협생명보험주식회사,A1,[일반계정 보험상품]_개인,547464,6188761594000,국내생보사,D,SH160,신계약(23.3월 이후)
2,202303,0013173,농협생명보험주식회사,A11,[일반계정 보험상품]_개인_보장성,545228,6122187894000,국내생보사,D,SH160,신계약(23.3월 이후)
3,202303,0013173,농협생명보험주식회사,A111,[일반계정 보험상품]_개인_보장성_사망담보,25349,831890272000,국내생보사,D,SH160,신계약(23.3월 이후)
4,202303,0013173,농협생명보험주식회사,A111A,[일반계정 보험상품]_개인_보장성_사망담보_(종신보험),25143,780699272000,국내생보사,D,SH160,신계약(23.3월 이후)
5,202303,0013173,농협생명보험주식회사,A112,[일반계정 보험상품]_개인_보장성_사망담보_사망담보외,519879,5290297622000,국내생보사,D,SH160,신계약(23.3월 이후)
6,202303,0013173,농협생명보험주식회사,A12,[일반계정 보험상품]_개인_보장성_저축성,2236,66573700000,국내생보사,D,SH160,신계약(23.3월 이후)
7,202303,0013173,농협생명보험주식회사,A2,[일반계정 보험상품]_개인_단체,0,0,국내생보사,D,SH160,신계약(23.3월 이후)
8,202303,0013173,농협생명보험주식회사,B,[특별계정 보험상품],4771,107528408000,국내생보사,D,SH160,신계약(23.3월 이후)
9,202303,0013173,농협생명보험주식회사,B1,[특별계정 보험상품]_연금저축,4771,107528408000,국내생보사,D,SH160,신계약(23.3월 이후)
10,202303,0013173,농협생명보험주식회사,B2,[특별계정 보험상품]_연금저축_자산연계형, , ,국내생보사,D,SH160,신계약(23.3월 이후)
11,202303,0013173,농협생명보험주식회사,B3,[특별계정 보험상품]_연금저축_퇴직연금, , ,국내생보사,D,SH160,신계약(23.3월 이후)
12,202303,0013173,농협생명보험주식회사,B4,[특별계정 보험상품]_연금저축_퇴직보험, , ,국내생보사,D,SH160,신계약(23.3월 이후)
13,202303,0013173,농협생명보험주식회사,B5,[특별계정 보험상품]_연금저축_변액보험,0,0,국내생보사,D,SH160,신계약(23.3월 이후)
14,202303,0013173,농협생명보험주식회사,C,[일반계정 보험상품 + 특별계정 보험상품],552235,6296290002000,국내생보사,D,SH160,신계약(23.3월 이후)
15,202306,0013173,농협생명보험주식회사,A,[일반계정 보험상품],908721,10327386683000,국내생보사,D,SH160,신계약(23.3월 이후)
16,202306,0013173,농협생명보험주식회사,A1,[일반계정 보험상품]_개인,908721,10327386683000,국내생보사,D,SH160,신계약(23.3월 이후)
17,202306,0013173,농협생명보험주식회사,A11,[일반계정 보험상품]_개인_보장성,904444,10204658403000,국내생보사,D,SH160,신계약(23.3월 이후)
18,202306,0013173,농협생명보험주식회사,A111,[일반계정 보험상품]_개인_보장성_사망담보,42665,1417790983000,국내생보사,D,SH160,신계약(23.3월 이후)
19,202306,0013173,농협생명보험주식회사,A111A,[일반계정 보험상품]_개인_보장성_사망담보_(종신보험),42224,1319312983000,국내생보사,D,SH160,신계약(23.3월 이후)
20,202306,0013173,농협생명보험주식회사,A112,[일반계정 보험상품]_개인_보장성_사망담보_사망담보외,861779,8786867420000,국내생보사,D,SH160,신계약(23.3월 이후)
21,202306,0013173,농협생명보험주식회사,A12,[일반계정 보험상품]_개인_보장성_저축성,4277,122728280000,국내생보사,D,SH160,신계약(23.3월 이후)
22,202306,0013173,농협생명보험주식회사,A2,[일반계정 보험상품]_개인_단체,0,0,국내생보사,D,SH160,신계약(23.3월 이후)
23,202306,0013173,농협생명보험주식회사,B,[특별계정 보험상품],6795,157605810000,국내생보사,D,SH160,신계약(23.3월 이후)
24,202306,0013173,농협생명보험주식회사,B1,[특별계정 보험상품]_연금저축,6795,157605810000,국내생보사,D,SH160,신계약(23.3월 이후)
25,202306,0013173,농협생명보험주식회사,B2,[특별계정 보험상품]_연금저축_자산연계형, , ,국내생보사,D,SH160,신계약(23.3월 이후)
26,202306,0013173,농협생명보험주식회사,B3,[특별계정 보험상품]_연금저축_퇴직연금, , ,국내생보사,D,SH160,신계약(23.3월 이후)
27,202306,0013173,농협생명보험주식회사,B4,[특별계정 보험상품]_연금저축_퇴직보험, , ,국내생보사,D,SH160,신계약(23.3월 이후)
28,202306,0013173,농협생명보험주식회사,B5,[특별계정 보험상품]_연금저축_변액보험,0,0,국내생보사,D,SH160,신계약(23.3월 이후)
29,202306,0013173,농협생명보험주식회사,C,[일반계정 보험상품 + 특별계정 보험상품],915516,10484992493000,국내생보사,D,SH160,신계약(23.3월 이후)
30,202309,0013173,농협생명보험주식회사,A,[일반계정 보험상품],1049764,12643095097000,국내생보사,D,SH160,신계약(23.3월 이후)
31,202309,0013173,농협생명보험주식회사,A1,[일반계정 보험상품]_개인,1049764,12643095097000,국내생보사,D,SH160,신계약(23.3월 이후)
32,202309,0013173,농협생명보험주식회사,A11,[일반계정 보험상품]_개인_보장성,1035056,11917150187000,국내생보사,D,SH160,신계약(23.3월 이후)
33,202309,0013173,농협생명보험주식회사,A111,[일반계정 보험상품]_개인_보장성_사망담보,54914,1868119532000,국내생보사,D,SH160,신계약(23.3월 이후)
34,202309,0013173,농협생명보험주식회사,A111A,[일반계정 보험상품]_개인_보장성_사망담보_(종신보험),54323,1735467532000,국내생보사,D,SH160,신계약(23.3월 이후)
35,202309,0013173,농협생명보험주식회사,A112,[일반계정 보험상품]_개인_보장성_사망담보_사망담보외,980142,10049030655000,국내생보사,D,SH160,신계약(23.3월 이후)
36,202309,0013173,농협생명보험주식회사,A12,[일반계정 보험상품]_개인_보장성_저축성,14708,725944910000,국내생보사,D,SH160,신계약(23.3월 이후)
37,202309,0013173,농협생명보험주식회사,A2,[일반계정 보험상품]_개인_단체,0,0,국내생보사,D,SH160,신계약(23.3월 이후)
38,202309,0013173,농협생명보험주식회사,B,[특별계정 보험상품],8025,189152646000,국내생보사,D,SH160,신계약(23.3월 이후)
39,202309,0013173,농협생명보험주식회사,B1,[특별계정 보험상품]_연금저축,8025,189152646000,국내생보사,D,SH160,신계약(23.3월 이후)
40,202309,0013173,농협생명보험주식회사,B2,[특별계정 보험상품]_연금저축_자산연계형, , ,국내생보사,D,SH160,신계약(23.3월 이후)
41,202309,0013173,농협생명보험주식회사,B3,[특별계정 보험상품]_연금저축_퇴직연금, , ,국내생보사,D,SH160,신계약(23.3월 이후)
42,202309,0013173,농협생명보험주식회사,B4,[특별계정 보험상품]_연금저축_퇴직보험, , ,국내생보사,D,SH160,신계약(23.3월 이후)
43,202309,0013173,농협생명보험주식회사,B5,[특별계정 보험상품]_연금저축_변액보험,0,0,국내생보사,D,SH160,신계약(23.3월 이후)
44,202309,0013173,농협생명보험주식회사,C,[일반계정 보험상품 + 특별계정 보험상품],1057789,12832247743000,국내생보사,D,SH160,신계약(23.3월 이후)
45,202312,0013173,농협생명보험주식회사,A,[일반계정 보험상품],1123868,13910841840000,국내생보사,D,SH160,신계약(23.3월 이후)
46,202312,0013173,농협생명보험주식회사,A1,[일반계정 보험상품]_개인,1123868,13910841840000,국내생보사,D,SH160,신계약(23.3월 이후)
47,202312,0013173,농협생명보험주식회사,A11,[일반계정 보험상품]_개인_보장성,1104944,12986262730000,국내생보사,D,SH160,신계약(23.3월 이후)
48,202312,0013173,농협생명보험주식회사,A111,[일반계정 보험상품]_개인_보장성_사망담보,64097,2255027646000,국내생보사,D,SH160,신계약(23.3월 이후)
49,202312,0013173,농협생명보험주식회사,A111A,[일반계정 보험상품]_개인_보장성_사망담보_(종신보험),63288,2079769646000,국내생보사,D,SH160,신계약(23.3월 이후)
50,202312,0013173,농협생명보험주식회사,A112,[일반계정 보험상품]_개인_보장성_사망담보_사망담보외,1040847,10731235084000,국내생보사,D,SH160,신계약(23.3월 이후)
51,202312,0013173,농협생명보험주식회사,A12,[일반계정 보험상품]_개인_보장성_저축성,18924,924579110000,국내생보사,D,SH160,신계약(23.3월 이후)
52,202312,0013173,농협생명보험주식회사,A2,[일반계정 보험상품]_개인_단체,0,0,국내생보사,D,SH160,신계약(23.3월 이후)
53,202312,0013173,농협생명보험주식회사,B,[특별계정 보험상품],9263,219932370000,국내생보사,D,SH160,신계약(23.3월 이후)
54,202312,0013173,농협생명보험주식회사,B1,[특별계정 보험상품]_연금저축,9263,219932370000,국내생보사,D,SH160,신계약(23.3월 이후)
55,202312,0013173,농협생명보험주식회사,B2,[특별계정 보험상품]_연금저축_자산연계형, , ,국내생보사,D,SH160,신계약(23.3월 이후)
56,202312,0013173,농협생명보험주식회사,B3,[특별계정 보험상품]_연금저축_퇴직연금, , ,국내생보사,D,SH160,신계약(23.3월 이후)
57,202312,0013173,농협생명보험주식회사,B4,[특별계정 보험상품]_연금저축_퇴직보험, , ,국내생보사,D,SH160,신계약(23.3월 이후)
58,202312,0013173,농협생명보험주식회사,B5,[특별계정 보험상품]_연금저축_변액보험,0,0,국내생보사,D,SH160,신계약(23.3월 이후)
59,202312,0013173,농협생명보험주식회사,C,[일반계정 보험상품 + 특별계정 보험상품],1133131,14130774210000,국내생보사,D,SH160,신계약(23.3월 이후)
0,202303,0010608,미래에셋생명보험주식회사,A,[일반계정 보험상품],24694,842086311000,국내생보사,D,SH160,신계약(23.3월 이후)
1,202303,0010608,미래에셋생명보험주식회사,A1,[일반계정 보험상품]_개인,24406,833410311000,국내생보사,D,SH160,신계약(23.3월 이후)
2,202303,0010608,미래에셋생명보험주식회사,A11,[일반계정 보험상품]_개인_보장성,24406,833410311000,국내생보사,D,SH160,신계약(23.3월 이후)
3,202303,0010608,미래에셋생명보험주식회사,A111,[일반계정 보험상품]_개인_보장성_사망담보,9888,354159311000,국내생보사,D,SH160,신계약(23.3월 이후)
4,202303,0010608,미래에셋생명보험주식회사,A111A,[일반계정 보험상품]_개인_보장성_사망담보_(종신보험),2254,143128870000,국내생보사,D,SH160,신계약(23.3월 이후)
5,202303,0010608,미래에셋생명보험주식회사,A112,[일반계정 보험상품]_개인_보장성_사망담보_사망담보외,14518,479251000000,국내생보사,D,SH160,신계약(23.3월 이후)
6,202303,0010608,미래에셋생명보험주식회사,A12,[일반계정 보험상품]_개인_보장성_저축성,0,0,국내생보사,D,SH160,신계약(23.3월 이후)
7,202303,0010608,미래에셋생명보험주식회사,A2,[일반계정 보험상품]_개인_단체,288,8676000000,국내생보사,D,SH160,신계약(23.3월 이후)
8,202303,0010608,미래에셋생명보험주식회사,B,[특별계정 보험상품],47525,543200135011,국내생보사,D,SH160,신계약(23.3월 이후)
9,202303,0010608,미래에셋생명보험주식회사,B1,[특별계정 보험상품]_연금저축,0,0,국내생보사,D,SH160,신계약(23.3월 이후)
10,202303,0010608,미래에셋생명보험주식회사,B2,[특별계정 보험상품]_연금저축_자산연계형,0, ,국내생보사,D,SH160,신계약(23.3월 이후)
11,202303,0010608,미래에셋생명보험주식회사,B3,[특별계정 보험상품]_연금저축_퇴직연금,43833,235269471011,국내생보사,D,SH160,신계약(23.3월 이후)
12,202303,0010608,미래에셋생명보험주식회사,B4,[특별계정 보험상품]_연금저축_퇴직보험,0, ,국내생보사,D,SH160,신계약(23.3월 이후)
13,202303,0010608,미래에셋생명보험주식회사,B5,[특별계정 보험상품]_연금저축_변액보험,3692,307930664000,국내생보사,D,SH160,신계약(23.3월 이후)
14,202303,0010608,미래에셋생명보험주식회사,C,[일반계정 보험상품 + 특별계정 보험상품],72219,1385286446011,국내생보사,D,SH160,신계약(23.3월 이후)
15,202306,0010608,미래에셋생명보험주식회사,A,[일반계정 보험상품],49432,1576561032000,국내생보사,D,SH160,신계약(23.3월 이후)
16,202306,0010608,미래에셋생명보험주식회사,A1,[일반계정 보험상품]_개인,49013,1564011032000,국내생보사,D,SH160,신계약(23.3월 이후)
17,202306,0010608,미래에셋생명보험주식회사,A11,[일반계정 보험상품]_개인_보장성,49013,1564011032000,국내생보사,D,SH160,신계약(23.3월 이후)
18,202306,0010608,미래에셋생명보험주식회사,A111,[일반계정 보험상품]_개인_보장성_사망담보,21868,750979332000,국내생보사,D,SH160,신계약(23.3월 이후)
19,202306,0010608,미래에셋생명보험주식회사,A111A,[일반계정 보험상품]_개인_보장성_사망담보_(종신보험),5162,331752940000,국내생보사,D,SH160,신계약(23.3월 이후)
20,202306,0010608,미래에셋생명보험주식회사,A112,[일반계정 보험상품]_개인_보장성_사망담보_사망담보외,27145,813031700000,국내생보사,D,SH160,신계약(23.3월 이후)
21,202306,0010608,미래에셋생명보험주식회사,A12,[일반계정 보험상품]_개인_보장성_저축성,0,0,국내생보사,D,SH160,신계약(23.3월 이후)
22,202306,0010608,미래에셋생명보험주식회사,A2,[일반계정 보험상품]_개인_단체,419,12550000000,국내생보사,D,SH160,신계약(23.3월 이후)
23,202306,0010608,미래에셋생명보험주식회사,B,[특별계정 보험상품],73098,970541987169,국내생보사,D,SH160,신계약(23.3월 이후)
24,202306,0010608,미래에셋생명보험주식회사,B1,[특별계정 보험상품]_연금저축,0,0,국내생보사,D,SH160,신계약(23.3월 이후)
25,202306,0010608,미래에셋생명보험주식회사,B2,[특별계정 보험상품]_연금저축_자산연계형,0, ,국내생보사,D,SH160,신계약(23.3월 이후)
26,202306,0010608,미래에셋생명보험주식회사,B3,[특별계정 보험상품]_연금저축_퇴직연금,66233,369764608169,국내생보사,D,SH160,신계약(23.3월 이후)
27,202306,0010608,미래에셋생명보험주식회사,B4,[특별계정 보험상품]_연금저축_퇴직보험,0, ,국내생보사,D,SH160,신계약(23.3월 이후)
28,202306,0010608,미래에셋생명보험주식회사,B5,[특별계정 보험상품]_연금저축_변액보험,6865,600777379000,국내생보사,D,SH160,신계약(23.3월 이후)
29,202306,0010608,미래에셋생명보험주식회사,C,[일반계정 보험상품 + 특별계정 보험상품],122530,2547103019169,국내생보사,D,SH160,신계약(23.3월 이후)
30,202309,0010608,미래에셋생명보험주식회사,A,[일반계정 보험상품],78440,2533801691000,국내생보사,D,SH160,신계약(23.3월 이후)
31,202309,0010608,미래에셋생명보험주식회사,A1,[일반계정 보험상품]_개인,77865,2515483691000,국내생보사,D,SH160,신계약(23.3월 이후)
32,202309,0010608,미래에셋생명보험주식회사,A11,[일반계정 보험상품]_개인_보장성,77865,2515483691000,국내생보사,D,SH160,신계약(23.3월 이후)
33,202309,0010608,미래에셋생명보험주식회사,A111,[일반계정 보험상품]_개인_보장성_사망담보,35809,1344520891000,국내생보사,D,SH160,신계약(23.3월 이후)
34,202309,0010608,미래에셋생명보험주식회사,A111A,[일반계정 보험상품]_개인_보장성_사망담보_(종신보험),10417,704661360000,국내생보사,D,SH160,신계약(23.3월 이후)
35,202309,0010608,미래에셋생명보험주식회사,A112,[일반계정 보험상품]_개인_보장성_사망담보_사망담보외,42056,1170962800000,국내생보사,D,SH160,신계약(23.3월 이후)
36,202309,0010608,미래에셋생명보험주식회사,A12,[일반계정 보험상품]_개인_보장성_저축성,0,0,국내생보사,D,SH160,신계약(23.3월 이후)
37,202309,0010608,미래에셋생명보험주식회사,A2,[일반계정 보험상품]_개인_단체,575,18318000000,국내생보사,D,SH160,신계약(23.3월 이후)
38,202309,0010608,미래에셋생명보험주식회사,B,[특별계정 보험상품],83466,1437748711901,국내생보사,D,SH160,신계약(23.3월 이후)
39,202309,0010608,미래에셋생명보험주식회사,B1,[특별계정 보험상품]_연금저축,0,0,국내생보사,D,SH160,신계약(23.3월 이후)
40,202309,0010608,미래에셋생명보험주식회사,B2,[특별계정 보험상품]_연금저축_자산연계형,0, ,국내생보사,D,SH160,신계약(23.3월 이후)
41,202309,0010608,미래에셋생명보험주식회사,B3,[특별계정 보험상품]_연금저축_퇴직연금,72997,507558892901,국내생보사,D,SH160,신계약(23.3월 이후)
42,202309,0010608,미래에셋생명보험주식회사,B4,[특별계정 보험상품]_연금저축_퇴직보험,0, ,국내생보사,D,SH160,신계약(23.3월 이후)
43,202309,0010608,미래에셋생명보험주식회사,B5,[특별계정 보험상품]_연금저축_변액보험,10469,930189819000,국내생보사,D,SH160,신계약(23.3월 이후)
44,202309,0010608,미래에셋생명보험주식회사,C,[일반계정 보험상품 + 특별계정 보험상품],161906,3971550402901,국내생보사,D,SH160,신계약(23.3월 이후)
45,202312,0010608,미래에셋생명보험주식회사,A,[일반계정 보험상품],105863,3474278640000,국내생보사,D,SH160,신계약(23.3월 이후)
46,202312,0010608,미래에셋생명보험주식회사,A1,[일반계정 보험상품]_개인,105150,3452473640000,국내생보사,D,SH160,신계약(23.3월 이후)
47,202312,0010608,미래에셋생명보험주식회사,A11,[일반계정 보험상품]_개인_보장성,105150,3452473640000,국내생보사,D,SH160,신계약(23.3월 이후)
48,202312,0010608,미래에셋생명보험주식회사,A111,[일반계정 보험상품]_개인_보장성_사망담보,48565,1918819740000,국내생보사,D,SH160,신계약(23.3월 이후)
49,202312,0010608,미래에셋생명보험주식회사,A111A,[일반계정 보험상품]_개인_보장성_사망담보_(종신보험),14577,1036933260000,국내생보사,D,SH160,신계약(23.3월 이후)
50,202312,0010608,미래에셋생명보험주식회사,A112,[일반계정 보험상품]_개인_보장성_사망담보_사망담보외,56585,1533653900000,국내생보사,D,SH160,신계약(23.3월 이후)
51,202312,0010608,미래에셋생명보험주식회사,A12,[일반계정 보험상품]_개인_보장성_저축성,0,0,국내생보사,D,SH160,신계약(23.3월 이후)
52,202312,0010608,미래에셋생명보험주식회사,A2,[일반계정 보험상품]_개인_단체,713,21805000000,국내생보사,D,SH160,신계약(23.3월 이후)
53,202312,0010608,미래에셋생명보험주식회사,B,[특별계정 보험상품],96955,2440556341669,국내생보사,D,SH160,신계약(23.3월 이후)
54,202312,0010608,미래에셋생명보험주식회사,B1,[특별계정 보험상품]_연금저축,0,0,국내생보사,D,SH160,신계약(23.3월 이후)
55,202312,0010608,미래에셋생명보험주식회사,B2,[특별계정 보험상품]_연금저축_자산연계형,0, ,국내생보사,D,SH160,신계약(23.3월 이후)
56,202312,0010608,미래에셋생명보험주식회사,B3,[특별계정 보험상품]_연금저축_퇴직연금,83629,1210170832669,국내생보사,D,SH160,신계약(23.3월 이후)
57,202312,0010608,미래에셋생명보험주식회사,B4,[특별계정 보험상품]_연금저축_퇴직보험,0, ,국내생보사,D,SH160,신계약(23.3월 이후)
58,202312,0010608,미래에셋생명보험주식회사,B5,[특별계정 보험상품]_연금저축_변액보험,13326,1230385509000,국내생보사,D,SH160,신계약(23.3월 이후)
59,202312,0010608,미래에셋생명보험주식회사,C,[일반계정 보험상품 + 특별계정 보험상품],202818,5914834981669,국내생보사,D,SH160,신계약(23.3월 이후)
0,202303,0010595,삼성생명보험주식회사,A,[일반계정 보험상품],631179,12504220706000,국내생보사,D,SH160,신계약(23.3월 이후)
1,202303,0010595,삼성생명보험주식회사,A1,[일반계정 보험상품]_개인,305009,10361906856000,국내생보사,D,SH160,신계약(23.3월 이후)
2,202303,0010595,삼성생명보험주식회사,A11,[일반계정 보험상품]_개인_보장성,282121,8480205812000,국내생보사,D,SH160,신계약(23.3월 이후)
3,202303,0010595,삼성생명보험주식회사,A111,[일반계정 보험상품]_개인_보장성_사망담보,74020,4600621412000,국내생보사,D,SH160,신계약(23.3월 이후)
4,202303,0010595,삼성생명보험주식회사,A111A,[일반계정 보험상품]_개인_보장성_사망담보_(종신보험),71064,3820953412000,국내생보사,D,SH160,신계약(23.3월 이후)
5,202303,0010595,삼성생명보험주식회사,A112,[일반계정 보험상품]_개인_보장성_사망담보_사망담보외,208101,3879584400000,국내생보사,D,SH160,신계약(23.3월 이후)
6,202303,0010595,삼성생명보험주식회사,A12,[일반계정 보험상품]_개인_보장성_저축성,22888,1881701044000,국내생보사,D,SH160,신계약(23.3월 이후)
7,202303,0010595,삼성생명보험주식회사,A2,[일반계정 보험상품]_개인_단체,326170,2142313850000,국내생보사,D,SH160,신계약(23.3월 이후)
8,202303,0010595,삼성생명보험주식회사,B,[특별계정 보험상품],110353,475348030000,국내생보사,D,SH160,신계약(23.3월 이후)
9,202303,0010595,삼성생명보험주식회사,B1,[특별계정 보험상품]_연금저축,12915,347195811000,국내생보사,D,SH160,신계약(23.3월 이후)
10,202303,0010595,삼성생명보험주식회사,B2,[특별계정 보험상품]_연금저축_자산연계형,0,0,국내생보사,D,SH160,신계약(23.3월 이후)
11,202303,0010595,삼성생명보험주식회사,B3,[특별계정 보험상품]_연금저축_퇴직연금,96567,64288339000,국내생보사,D,SH160,신계약(23.3월 이후)
12,202303,0010595,삼성생명보험주식회사,B4,[특별계정 보험상품]_연금저축_퇴직보험,0,0,국내생보사,D,SH160,신계약(23.3월 이후)
13,202303,0010595,삼성생명보험주식회사,B5,[특별계정 보험상품]_연금저축_변액보험,871,63863880000,국내생보사,D,SH160,신계약(23.3월 이후)
14,202303,0010595,삼성생명보험주식회사,C,[일반계정 보험상품 + 특별계정 보험상품],741532,12979568736000,국내생보사,D,SH160,신계약(23.3월 이후)
15,202306,0010595,삼성생명보험주식회사,A,[일반계정 보험상품],1183973,23105090805000,국내생보사,D,SH160,신계약(23.3월 이후)
16,202306,0010595,삼성생명보험주식회사,A1,[일반계정 보험상품]_개인,648064,19134736285000,국내생보사,D,SH160,신계약(23.3월 이후)
17,202306,0010595,삼성생명보험주식회사,A11,[일반계정 보험상품]_개인_보장성,607611,16446090812000,국내생보사,D,SH160,신계약(23.3월 이후)
18,202306,0010595,삼성생명보험주식회사,A111,[일반계정 보험상품]_개인_보장성_사망담보,177876,9082205312000,국내생보사,D,SH160,신계약(23.3월 이후)
19,202306,0010595,삼성생명보험주식회사,A111A,[일반계정 보험상품]_개인_보장성_사망담보_(종신보험),172272,7589611312000,국내생보사,D,SH160,신계약(23.3월 이후)
20,202306,0010595,삼성생명보험주식회사,A112,[일반계정 보험상품]_개인_보장성_사망담보_사망담보외,429735,7363885500000,국내생보사,D,SH160,신계약(23.3월 이후)
21,202306,0010595,삼성생명보험주식회사,A12,[일반계정 보험상품]_개인_보장성_저축성,40453,2688645473000,국내생보사,D,SH160,신계약(23.3월 이후)
22,202306,0010595,삼성생명보험주식회사,A2,[일반계정 보험상품]_개인_단체,535909,3970354520000,국내생보사,D,SH160,신계약(23.3월 이후)
23,202306,0010595,삼성생명보험주식회사,B,[특별계정 보험상품],180182,757089885000,국내생보사,D,SH160,신계약(23.3월 이후)
24,202306,0010595,삼성생명보험주식회사,B1,[특별계정 보험상품]_연금저축,20604,544011799000,국내생보사,D,SH160,신계약(23.3월 이후)
25,202306,0010595,삼성생명보험주식회사,B2,[특별계정 보험상품]_연금저축_자산연계형,0,0,국내생보사,D,SH160,신계약(23.3월 이후)
26,202306,0010595,삼성생명보험주식회사,B3,[특별계정 보험상품]_연금저축_퇴직연금,158144,102729114000,국내생보사,D,SH160,신계약(23.3월 이후)
27,202306,0010595,삼성생명보험주식회사,B4,[특별계정 보험상품]_연금저축_퇴직보험,0,0,국내생보사,D,SH160,신계약(23.3월 이후)
28,202306,0010595,삼성생명보험주식회사,B5,[특별계정 보험상품]_연금저축_변액보험,1434,110348972000,국내생보사,D,SH160,신계약(23.3월 이후)
29,202306,0010595,삼성생명보험주식회사,C,[일반계정 보험상품 + 특별계정 보험상품],1364155,23862180690000,국내생보사,D,SH160,신계약(23.3월 이후)
30,202309,0010595,삼성생명보험주식회사,A,[일반계정 보험상품],1762131,32320836736000,국내생보사,D,SH160,신계약(23.3월 이후)
31,202309,0010595,삼성생명보험주식회사,A1,[일반계정 보험상품]_개인,977135,26382253056000,국내생보사,D,SH160,신계약(23.3월 이후)
32,202309,0010595,삼성생명보험주식회사,A11,[일반계정 보험상품]_개인_보장성,920495,22812796212000,국내생보사,D,SH160,신계약(23.3월 이후)
33,202309,0010595,삼성생명보험주식회사,A111,[일반계정 보험상품]_개인_보장성_사망담보,244057,12225904612000,국내생보사,D,SH160,신계약(23.3월 이후)
34,202309,0010595,삼성생명보험주식회사,A111A,[일반계정 보험상품]_개인_보장성_사망담보_(종신보험),234986,9703310612000,국내생보사,D,SH160,신계약(23.3월 이후)
35,202309,0010595,삼성생명보험주식회사,A112,[일반계정 보험상품]_개인_보장성_사망담보_사망담보외,676438,10586891600000,국내생보사,D,SH160,신계약(23.3월 이후)
36,202309,0010595,삼성생명보험주식회사,A12,[일반계정 보험상품]_개인_보장성_저축성,56640,3569456844000,국내생보사,D,SH160,신계약(23.3월 이후)
37,202309,0010595,삼성생명보험주식회사,A2,[일반계정 보험상품]_개인_단체,784996,5938583680000,국내생보사,D,SH160,신계약(23.3월 이후)
38,202309,0010595,삼성생명보험주식회사,B,[특별계정 보험상품],222756,1004761728000,국내생보사,D,SH160,신계약(23.3월 이후)
39,202309,0010595,삼성생명보험주식회사,B1,[특별계정 보험상품]_연금저축,27536,709249826000,국내생보사,D,SH160,신계약(23.3월 이후)
40,202309,0010595,삼성생명보험주식회사,B2,[특별계정 보험상품]_연금저축_자산연계형,0,0,국내생보사,D,SH160,신계약(23.3월 이후)
41,202309,0010595,삼성생명보험주식회사,B3,[특별계정 보험상품]_연금저축_퇴직연금,193387,125992510000,국내생보사,D,SH160,신계약(23.3월 이후)
42,202309,0010595,삼성생명보험주식회사,B4,[특별계정 보험상품]_연금저축_퇴직보험,0,0,국내생보사,D,SH160,신계약(23.3월 이후)
43,202309,0010595,삼성생명보험주식회사,B5,[특별계정 보험상품]_연금저축_변액보험,1833,169519392000,국내생보사,D,SH160,신계약(23.3월 이후)
44,202309,0010595,삼성생명보험주식회사,C,[일반계정 보험상품 + 특별계정 보험상품],1984887,33325598464000,국내생보사,D,SH160,신계약(23.3월 이후)
45,202312,0010595,삼성생명보험주식회사,A,[일반계정 보험상품],2216779,41045733403000,국내생보사,D,SH160,신계약(23.3월 이후)
46,202312,0010595,삼성생명보험주식회사,A1,[일반계정 보험상품]_개인,1296311,33639476333000,국내생보사,D,SH160,신계약(23.3월 이후)
47,202312,0010595,삼성생명보험주식회사,A11,[일반계정 보험상품]_개인_보장성,1221024,29039954112000,국내생보사,D,SH160,신계약(23.3월 이후)
48,202312,0010595,삼성생명보험주식회사,A111,[일반계정 보험상품]_개인_보장성_사망담보,285029,14675625612000,국내생보사,D,SH160,신계약(23.3월 이후)
49,202312,0010595,삼성생명보험주식회사,A111A,[일반계정 보험상품]_개인_보장성_사망담보_(종신보험),272670,11182347612000,국내생보사,D,SH160,신계약(23.3월 이후)
50,202312,0010595,삼성생명보험주식회사,A112,[일반계정 보험상품]_개인_보장성_사망담보_사망담보외,935995,14364328500000,국내생보사,D,SH160,신계약(23.3월 이후)
51,202312,0010595,삼성생명보험주식회사,A12,[일반계정 보험상품]_개인_보장성_저축성,75287,4599522221000,국내생보사,D,SH160,신계약(23.3월 이후)
52,202312,0010595,삼성생명보험주식회사,A2,[일반계정 보험상품]_개인_단체,920468,7406257070000,국내생보사,D,SH160,신계약(23.3월 이후)
53,202312,0010595,삼성생명보험주식회사,B,[특별계정 보험상품],309186,1341844609000,국내생보사,D,SH160,신계약(23.3월 이후)
54,202312,0010595,삼성생명보험주식회사,B1,[특별계정 보험상품]_연금저축,34930,887857773000,국내생보사,D,SH160,신계약(23.3월 이후)
55,202312,0010595,삼성생명보험주식회사,B2,[특별계정 보험상품]_연금저축_자산연계형,0,0,국내생보사,D,SH160,신계약(23.3월 이후)
56,202312,0010595,삼성생명보험주식회사,B3,[특별계정 보험상품]_연금저축_퇴직연금,272021,242305016000,국내생보사,D,SH160,신계약(23.3월 이후)
57,202312,0010595,삼성생명보험주식회사,B4,[특별계정 보험상품]_연금저축_퇴직보험,0,0,국내생보사,D,SH160,신계약(23.3월 이후)
58,202312,0010595,삼성생명보험주식회사,B5,[특별계정 보험상품]_연금저축_변액보험,2235,211681820000,국내생보사,D,SH160,신계약(23.3월 이후)
59,202312,0010595,삼성생명보험주식회사,C,[일반계정 보험상품 + 특별계정 보험상품],2525965,42387578012000,국내생보사,D,SH160,신계약(23.3월 이후)
0,202303,0010599,신한라이프생명보험주식회사,A,[일반계정 보험상품],158448,4929739369000,국내생보사,D,SH160,신계약(23.3월 이후)
1,202303,0010599,신한라이프생명보험주식회사,A1,[일반계정 보험상품]_개인,155185,4846819369000,국내생보사,D,SH160,신계약(23.3월 이후)
2,202303,0010599,신한라이프생명보험주식회사,A11,[일반계정 보험상품]_개인_보장성,153776,4846339869000,국내생보사,D,SH160,신계약(23.3월 이후)
3,202303,0010599,신한라이프생명보험주식회사,A111,[일반계정 보험상품]_개인_보장성_사망담보,29974,2077818200000,국내생보사,D,SH160,신계약(23.3월 이후)
4,202303,0010599,신한라이프생명보험주식회사,A111A,[일반계정 보험상품]_개인_보장성_사망담보_(종신보험),25929,1612550300000,국내생보사,D,SH160,신계약(23.3월 이후)
5,202303,0010599,신한라이프생명보험주식회사,A112,[일반계정 보험상품]_개인_보장성_사망담보_사망담보외,123802,2768521669000,국내생보사,D,SH160,신계약(23.3월 이후)
6,202303,0010599,신한라이프생명보험주식회사,A12,[일반계정 보험상품]_개인_보장성_저축성,1409,479500000,국내생보사,D,SH160,신계약(23.3월 이후)
7,202303,0010599,신한라이프생명보험주식회사,A2,[일반계정 보험상품]_개인_단체,3263,82920000000,국내생보사,D,SH160,신계약(23.3월 이후)
8,202303,0010599,신한라이프생명보험주식회사,B,[특별계정 보험상품],9937,446143110000,국내생보사,D,SH160,신계약(23.3월 이후)
9,202303,0010599,신한라이프생명보험주식회사,B1,[특별계정 보험상품]_연금저축,0,0,국내생보사,D,SH160,신계약(23.3월 이후)
10,202303,0010599,신한라이프생명보험주식회사,B2,[특별계정 보험상품]_연금저축_자산연계형,0,0,국내생보사,D,SH160,신계약(23.3월 이후)
11,202303,0010599,신한라이프생명보험주식회사,B3,[특별계정 보험상품]_연금저축_퇴직연금,9937,446143110000,국내생보사,D,SH160,신계약(23.3월 이후)
12,202303,0010599,신한라이프생명보험주식회사,B4,[특별계정 보험상품]_연금저축_퇴직보험,0,0,국내생보사,D,SH160,신계약(23.3월 이후)
13,202303,0010599,신한라이프생명보험주식회사,B5,[특별계정 보험상품]_연금저축_변액보험,0,0,국내생보사,D,SH160,신계약(23.3월 이후)
14,202303,0010599,신한라이프생명보험주식회사,C,[일반계정 보험상품 + 특별계정 보험상품],168385,5375882479000,국내생보사,D,SH160,신계약(23.3월 이후)
15,202306,0010599,신한라이프생명보험주식회사,A,[일반계정 보험상품],299093,8917536568813,국내생보사,D,SH160,신계약(23.3월 이후)
16,202306,0010599,신한라이프생명보험주식회사,A1,[일반계정 보험상품]_개인,295298,8828862568813,국내생보사,D,SH160,신계약(23.3월 이후)
17,202306,0010599,신한라이프생명보험주식회사,A11,[일반계정 보험상품]_개인_보장성,293018,8827623968813,국내생보사,D,SH160,신계약(23.3월 이후)
18,202306,0010599,신한라이프생명보험주식회사,A111,[일반계정 보험상품]_개인_보장성_사망담보,55291,3912000400000,국내생보사,D,SH160,신계약(23.3월 이후)
19,202306,0010599,신한라이프생명보험주식회사,A111A,[일반계정 보험상품]_개인_보장성_사망담보_(종신보험),49055,3030069800000,국내생보사,D,SH160,신계약(23.3월 이후)
20,202306,0010599,신한라이프생명보험주식회사,A112,[일반계정 보험상품]_개인_보장성_사망담보_사망담보외,237727,4915623568813,국내생보사,D,SH160,신계약(23.3월 이후)
21,202306,0010599,신한라이프생명보험주식회사,A12,[일반계정 보험상품]_개인_보장성_저축성,2280,1238600000,국내생보사,D,SH160,신계약(23.3월 이후)
22,202306,0010599,신한라이프생명보험주식회사,A2,[일반계정 보험상품]_개인_단체,3795,88674000000,국내생보사,D,SH160,신계약(23.3월 이후)
23,202306,0010599,신한라이프생명보험주식회사,B,[특별계정 보험상품],20498,453293205931,국내생보사,D,SH160,신계약(23.3월 이후)
24,202306,0010599,신한라이프생명보험주식회사,B1,[특별계정 보험상품]_연금저축,0,0,국내생보사,D,SH160,신계약(23.3월 이후)
25,202306,0010599,신한라이프생명보험주식회사,B2,[특별계정 보험상품]_연금저축_자산연계형,0,0,국내생보사,D,SH160,신계약(23.3월 이후)
26,202306,0010599,신한라이프생명보험주식회사,B3,[특별계정 보험상품]_연금저축_퇴직연금,20498,453293205931,국내생보사,D,SH160,신계약(23.3월 이후)
27,202306,0010599,신한라이프생명보험주식회사,B4,[특별계정 보험상품]_연금저축_퇴직보험,0,0,국내생보사,D,SH160,신계약(23.3월 이후)
28,202306,0010599,신한라이프생명보험주식회사,B5,[특별계정 보험상품]_연금저축_변액보험,0,0,국내생보사,D,SH160,신계약(23.3월 이후)
29,202306,0010599,신한라이프생명보험주식회사,C,[일반계정 보험상품 + 특별계정 보험상품],319591,9370829774744,국내생보사,D,SH160,신계약(23.3월 이후)
30,202309,0010599,신한라이프생명보험주식회사,A,[일반계정 보험상품],444454,13509121868813,국내생보사,D,SH160,신계약(23.3월 이후)
31,202309,0010599,신한라이프생명보험주식회사,A1,[일반계정 보험상품]_개인,440468,13414207868813,국내생보사,D,SH160,신계약(23.3월 이후)
32,202309,0010599,신한라이프생명보험주식회사,A11,[일반계정 보험상품]_개인_보장성,436754,13412561568813,국내생보사,D,SH160,신계약(23.3월 이후)
33,202309,0010599,신한라이프생명보험주식회사,A111,[일반계정 보험상품]_개인_보장성_사망담보,92006,6307351900000,국내생보사,D,SH160,신계약(23.3월 이후)
34,202309,0010599,신한라이프생명보험주식회사,A111A,[일반계정 보험상품]_개인_보장성_사망담보_(종신보험),83722,5041949100000,국내생보사,D,SH160,신계약(23.3월 이후)
35,202309,0010599,신한라이프생명보험주식회사,A112,[일반계정 보험상품]_개인_보장성_사망담보_사망담보외,344748,7105209668813,국내생보사,D,SH160,신계약(23.3월 이후)
36,202309,0010599,신한라이프생명보험주식회사,A12,[일반계정 보험상품]_개인_보장성_저축성,3714,1646300000,국내생보사,D,SH160,신계약(23.3월 이후)
37,202309,0010599,신한라이프생명보험주식회사,A2,[일반계정 보험상품]_개인_단체,3986,94914000000,국내생보사,D,SH160,신계약(23.3월 이후)
38,202309,0010599,신한라이프생명보험주식회사,B,[특별계정 보험상품],23351,463396579451,국내생보사,D,SH160,신계약(23.3월 이후)
39,202309,0010599,신한라이프생명보험주식회사,B1,[특별계정 보험상품]_연금저축,0,0,국내생보사,D,SH160,신계약(23.3월 이후)
40,202309,0010599,신한라이프생명보험주식회사,B2,[특별계정 보험상품]_연금저축_자산연계형,0,0,국내생보사,D,SH160,신계약(23.3월 이후)
41,202309,0010599,신한라이프생명보험주식회사,B3,[특별계정 보험상품]_연금저축_퇴직연금,23351,463396579451,국내생보사,D,SH160,신계약(23.3월 이후)
42,202309,0010599,신한라이프생명보험주식회사,B4,[특별계정 보험상품]_연금저축_퇴직보험,0,0,국내생보사,D,SH160,신계약(23.3월 이후)
43,202309,0010599,신한라이프생명보험주식회사,B5,[특별계정 보험상품]_연금저축_변액보험,0,0,국내생보사,D,SH160,신계약(23.3월 이후)
44,202309,0010599,신한라이프생명보험주식회사,C,[일반계정 보험상품 + 특별계정 보험상품],467805,13972518448264,국내생보사,D,SH160,신계약(23.3월 이후)
45,202312,0010599,신한라이프생명보험주식회사,A,[일반계정 보험상품],599760,17151426368813,국내생보사,D,SH160,신계약(23.3월 이후)
46,202312,0010599,신한라이프생명보험주식회사,A1,[일반계정 보험상품]_개인,595703,17054102368813,국내생보사,D,SH160,신계약(23.3월 이후)
47,202312,0010599,신한라이프생명보험주식회사,A11,[일반계정 보험상품]_개인_보장성,591893,17051868568813,국내생보사,D,SH160,신계약(23.3월 이후)
48,202312,0010599,신한라이프생명보험주식회사,A111,[일반계정 보험상품]_개인_보장성_사망담보,110642,7844411300000,국내생보사,D,SH160,신계약(23.3월 이후)
49,202312,0010599,신한라이프생명보험주식회사,A111A,[일반계정 보험상품]_개인_보장성_사망담보_(종신보험),100710,6177510100000,국내생보사,D,SH160,신계약(23.3월 이후)
50,202312,0010599,신한라이프생명보험주식회사,A112,[일반계정 보험상품]_개인_보장성_사망담보_사망담보외,481251,9207457268813,국내생보사,D,SH160,신계약(23.3월 이후)
51,202312,0010599,신한라이프생명보험주식회사,A12,[일반계정 보험상품]_개인_보장성_저축성,3810,2233800000,국내생보사,D,SH160,신계약(23.3월 이후)
52,202312,0010599,신한라이프생명보험주식회사,A2,[일반계정 보험상품]_개인_단체,4057,97324000000,국내생보사,D,SH160,신계약(23.3월 이후)
53,202312,0010599,신한라이프생명보험주식회사,B,[특별계정 보험상품],31411,894348153105,국내생보사,D,SH160,신계약(23.3월 이후)
54,202312,0010599,신한라이프생명보험주식회사,B1,[특별계정 보험상품]_연금저축,780,0,국내생보사,D,SH160,신계약(23.3월 이후)
55,202312,0010599,신한라이프생명보험주식회사,B2,[특별계정 보험상품]_연금저축_자산연계형,300,0,국내생보사,D,SH160,신계약(23.3월 이후)
56,202312,0010599,신한라이프생명보험주식회사,B3,[특별계정 보험상품]_연금저축_퇴직연금,30331,894348153105,국내생보사,D,SH160,신계약(23.3월 이후)
57,202312,0010599,신한라이프생명보험주식회사,B4,[특별계정 보험상품]_연금저축_퇴직보험,0,0,국내생보사,D,SH160,신계약(23.3월 이후)
58,202312,0010599,신한라이프생명보험주식회사,B5,[특별계정 보험상품]_연금저축_변액보험,0,0,국내생보사,D,SH160,신계약(23.3월 이후)
59,202312,0010599,신한라이프생명보험주식회사,C,[일반계정 보험상품 + 특별계정 보험상품],631171,18045774521918,국내생보사,D,SH160,신계약(23.3월 이후)
0,202303,0012455,아이비케이연금보험 주식회사,A,[일반계정 보험상품],2647,109003920000,국내생보사,D,SH160,신계약(23.3월 이후)
1,202303,0012455,아이비케이연금보험 주식회사,A1,[일반계정 보험상품]_개인,2647,109003920000,국내생보사,D,SH160,신계약(23.3월 이후)
2,202303,0012455,아이비케이연금보험 주식회사,A11,[일반계정 보험상품]_개인_보장성,0,0,국내생보사,D,SH160,신계약(23.3월 이후)
3,202303,0012455,아이비케이연금보험 주식회사,A111,[일반계정 보험상품]_개인_보장성_사망담보,0,0,국내생보사,D,SH160,신계약(23.3월 이후)
4,202303,0012455,아이비케이연금보험 주식회사,A111A,[일반계정 보험상품]_개인_보장성_사망담보_(종신보험),0,0,국내생보사,D,SH160,신계약(23.3월 이후)
5,202303,0012455,아이비케이연금보험 주식회사,A112,[일반계정 보험상품]_개인_보장성_사망담보_사망담보외,0,0,국내생보사,D,SH160,신계약(23.3월 이후)
6,202303,0012455,아이비케이연금보험 주식회사,A12,[일반계정 보험상품]_개인_보장성_저축성,2647,109003920000,국내생보사,D,SH160,신계약(23.3월 이후)
7,202303,0012455,아이비케이연금보험 주식회사,A2,[일반계정 보험상품]_개인_단체,0,0,국내생보사,D,SH160,신계약(23.3월 이후)
8,202303,0012455,아이비케이연금보험 주식회사,B,[특별계정 보험상품],3410,121928118600,국내생보사,D,SH160,신계약(23.3월 이후)
9,202303,0012455,아이비케이연금보험 주식회사,B1,[특별계정 보험상품]_연금저축,2462,67845265734,국내생보사,D,SH160,신계약(23.3월 이후)
10,202303,0012455,아이비케이연금보험 주식회사,B2,[특별계정 보험상품]_연금저축_자산연계형,0,0,국내생보사,D,SH160,신계약(23.3월 이후)
11,202303,0012455,아이비케이연금보험 주식회사,B3,[특별계정 보험상품]_연금저축_퇴직연금,239,7381252866,국내생보사,D,SH160,신계약(23.3월 이후)
12,202303,0012455,아이비케이연금보험 주식회사,B4,[특별계정 보험상품]_연금저축_퇴직보험,0,0,국내생보사,D,SH160,신계약(23.3월 이후)
13,202303,0012455,아이비케이연금보험 주식회사,B5,[특별계정 보험상품]_연금저축_변액보험,709,46701600000,국내생보사,D,SH160,신계약(23.3월 이후)
14,202303,0012455,아이비케이연금보험 주식회사,C,[일반계정 보험상품 + 특별계정 보험상품],6057,230932038600,국내생보사,D,SH160,신계약(23.3월 이후)
15,202306,0012455,아이비케이연금보험 주식회사,A,[일반계정 보험상품],5505,288583080000,국내생보사,D,SH160,신계약(23.3월 이후)
16,202306,0012455,아이비케이연금보험 주식회사,A1,[일반계정 보험상품]_개인,5505,288583080000,국내생보사,D,SH160,신계약(23.3월 이후)
17,202306,0012455,아이비케이연금보험 주식회사,A11,[일반계정 보험상품]_개인_보장성,0,0,국내생보사,D,SH160,신계약(23.3월 이후)
18,202306,0012455,아이비케이연금보험 주식회사,A111,[일반계정 보험상품]_개인_보장성_사망담보,0,0,국내생보사,D,SH160,신계약(23.3월 이후)
19,202306,0012455,아이비케이연금보험 주식회사,A111A,[일반계정 보험상품]_개인_보장성_사망담보_(종신보험),0,0,국내생보사,D,SH160,신계약(23.3월 이후)
20,202306,0012455,아이비케이연금보험 주식회사,A112,[일반계정 보험상품]_개인_보장성_사망담보_사망담보외,0,0,국내생보사,D,SH160,신계약(23.3월 이후)
21,202306,0012455,아이비케이연금보험 주식회사,A12,[일반계정 보험상품]_개인_보장성_저축성,5505,288583080000,국내생보사,D,SH160,신계약(23.3월 이후)
22,202306,0012455,아이비케이연금보험 주식회사,A2,[일반계정 보험상품]_개인_단체,0,0,국내생보사,D,SH160,신계약(23.3월 이후)
23,202306,0012455,아이비케이연금보험 주식회사,B,[특별계정 보험상품],5873,226144843937,국내생보사,D,SH160,신계약(23.3월 이후)
24,202306,0012455,아이비케이연금보험 주식회사,B1,[특별계정 보험상품]_연금저축,4068,114381865734,국내생보사,D,SH160,신계약(23.3월 이후)
25,202306,0012455,아이비케이연금보험 주식회사,B2,[특별계정 보험상품]_연금저축_자산연계형,0,0,국내생보사,D,SH160,신계약(23.3월 이후)
26,202306,0012455,아이비케이연금보험 주식회사,B3,[특별계정 보험상품]_연금저축_퇴직연금,442,28090978203,국내생보사,D,SH160,신계약(23.3월 이후)
27,202306,0012455,아이비케이연금보험 주식회사,B4,[특별계정 보험상품]_연금저축_퇴직보험,0,0,국내생보사,D,SH160,신계약(23.3월 이후)
28,202306,0012455,아이비케이연금보험 주식회사,B5,[특별계정 보험상품]_연금저축_변액보험,1363,83672000000,국내생보사,D,SH160,신계약(23.3월 이후)
29,202306,0012455,아이비케이연금보험 주식회사,C,[일반계정 보험상품 + 특별계정 보험상품],11378,514727923937,국내생보사,D,SH160,신계약(23.3월 이후)
30,202309,0012455,아이비케이연금보험 주식회사,A,[일반계정 보험상품],9460,589311840000,국내생보사,D,SH160,신계약(23.3월 이후)
31,202309,0012455,아이비케이연금보험 주식회사,A1,[일반계정 보험상품]_개인,9460,589311840000,국내생보사,D,SH160,신계약(23.3월 이후)
32,202309,0012455,아이비케이연금보험 주식회사,A11,[일반계정 보험상품]_개인_보장성,0,0,국내생보사,D,SH160,신계약(23.3월 이후)
33,202309,0012455,아이비케이연금보험 주식회사,A111,[일반계정 보험상품]_개인_보장성_사망담보,0,0,국내생보사,D,SH160,신계약(23.3월 이후)
34,202309,0012455,아이비케이연금보험 주식회사,A111A,[일반계정 보험상품]_개인_보장성_사망담보_(종신보험),0,0,국내생보사,D,SH160,신계약(23.3월 이후)
35,202309,0012455,아이비케이연금보험 주식회사,A112,[일반계정 보험상품]_개인_보장성_사망담보_사망담보외,0,0,국내생보사,D,SH160,신계약(23.3월 이후)
36,202309,0012455,아이비케이연금보험 주식회사,A12,[일반계정 보험상품]_개인_보장성_저축성,9460,589311840000,국내생보사,D,SH160,신계약(23.3월 이후)
37,202309,0012455,아이비케이연금보험 주식회사,A2,[일반계정 보험상품]_개인_단체,0,0,국내생보사,D,SH160,신계약(23.3월 이후)
38,202309,0012455,아이비케이연금보험 주식회사,B,[특별계정 보험상품],7624,294673037281,국내생보사,D,SH160,신계약(23.3월 이후)
39,202309,0012455,아이비케이연금보험 주식회사,B1,[특별계정 보험상품]_연금저축,5120,147129265734,국내생보사,D,SH160,신계약(23.3월 이후)
40,202309,0012455,아이비케이연금보험 주식회사,B2,[특별계정 보험상품]_연금저축_자산연계형,0,0,국내생보사,D,SH160,신계약(23.3월 이후)
41,202309,0012455,아이비케이연금보험 주식회사,B3,[특별계정 보험상품]_연금저축_퇴직연금,721,33654971547,국내생보사,D,SH160,신계약(23.3월 이후)
42,202309,0012455,아이비케이연금보험 주식회사,B4,[특별계정 보험상품]_연금저축_퇴직보험,0,0,국내생보사,D,SH160,신계약(23.3월 이후)
43,202309,0012455,아이비케이연금보험 주식회사,B5,[특별계정 보험상품]_연금저축_변액보험,1783,113888800000,국내생보사,D,SH160,신계약(23.3월 이후)
44,202309,0012455,아이비케이연금보험 주식회사,C,[일반계정 보험상품 + 특별계정 보험상품],17084,883984877281,국내생보사,D,SH160,신계약(23.3월 이후)
45,202312,0012455,아이비케이연금보험 주식회사,A,[일반계정 보험상품],14263,894205920000,국내생보사,D,SH160,신계약(23.3월 이후)
46,202312,0012455,아이비케이연금보험 주식회사,A1,[일반계정 보험상품]_개인,14263,894205920000,국내생보사,D,SH160,신계약(23.3월 이후)
47,202312,0012455,아이비케이연금보험 주식회사,A11,[일반계정 보험상품]_개인_보장성,0,0,국내생보사,D,SH160,신계약(23.3월 이후)
48,202312,0012455,아이비케이연금보험 주식회사,A111,[일반계정 보험상품]_개인_보장성_사망담보,0,0,국내생보사,D,SH160,신계약(23.3월 이후)
49,202312,0012455,아이비케이연금보험 주식회사,A111A,[일반계정 보험상품]_개인_보장성_사망담보_(종신보험),0,0,국내생보사,D,SH160,신계약(23.3월 이후)
50,202312,0012455,아이비케이연금보험 주식회사,A112,[일반계정 보험상품]_개인_보장성_사망담보_사망담보외,0,0,국내생보사,D,SH160,신계약(23.3월 이후)
51,202312,0012455,아이비케이연금보험 주식회사,A12,[일반계정 보험상품]_개인_보장성_저축성,14263,894205920000,국내생보사,D,SH160,신계약(23.3월 이후)
52,202312,0012455,아이비케이연금보험 주식회사,A2,[일반계정 보험상품]_개인_단체,0,0,국내생보사,D,SH160,신계약(23.3월 이후)
53,202312,0012455,아이비케이연금보험 주식회사,B,[특별계정 보험상품],10456,396542631609,국내생보사,D,SH160,신계약(23.3월 이후)
54,202312,0012455,아이비케이연금보험 주식회사,B1,[특별계정 보험상품]_연금저축,6171,178297566209,국내생보사,D,SH160,신계약(23.3월 이후)
55,202312,0012455,아이비케이연금보험 주식회사,B2,[특별계정 보험상품]_연금저축_자산연계형,0,0,국내생보사,D,SH160,신계약(23.3월 이후)
56,202312,0012455,아이비케이연금보험 주식회사,B3,[특별계정 보험상품]_연금저축_퇴직연금,2254,69261065400,국내생보사,D,SH160,신계약(23.3월 이후)
57,202312,0012455,아이비케이연금보험 주식회사,B4,[특별계정 보험상품]_연금저축_퇴직보험,0,0,국내생보사,D,SH160,신계약(23.3월 이후)
58,202312,0012455,아이비케이연금보험 주식회사,B5,[특별계정 보험상품]_연금저축_변액보험,2031,148984000000,국내생보사,D,SH160,신계약(23.3월 이후)
59,202312,0012455,아이비케이연금보험 주식회사,C,[일반계정 보험상품 + 특별계정 보험상품],24719,1290748551609,국내생보사,D,SH160,신계약(23.3월 이후)
0,202303,0010607,케이디비생명보험주식회사,A,[일반계정 보험상품],10669,311550588000,국내생보사,D,SH160,신계약(23.3월 이후)
1,202303,0010607,케이디비생명보험주식회사,A1,[일반계정 보험상품]_개인,9483,305902428000,국내생보사,D,SH160,신계약(23.3월 이후)
2,202303,0010607,케이디비생명보험주식회사,A11,[일반계정 보험상품]_개인_보장성,9409,300430596000,국내생보사,D,SH160,신계약(23.3월 이후)
3,202303,0010607,케이디비생명보험주식회사,A111,[일반계정 보험상품]_개인_보장성_사망담보,5929,247567800000,국내생보사,D,SH160,신계약(23.3월 이후)
4,202303,0010607,케이디비생명보험주식회사,A111A,[일반계정 보험상품]_개인_보장성_사망담보_(종신보험),5504,219972800000,국내생보사,D,SH160,신계약(23.3월 이후)
5,202303,0010607,케이디비생명보험주식회사,A112,[일반계정 보험상품]_개인_보장성_사망담보_사망담보외,3480,52862796000,국내생보사,D,SH160,신계약(23.3월 이후)
6,202303,0010607,케이디비생명보험주식회사,A12,[일반계정 보험상품]_개인_보장성_저축성,74,5471832000,국내생보사,D,SH160,신계약(23.3월 이후)
7,202303,0010607,케이디비생명보험주식회사,A2,[일반계정 보험상품]_개인_단체,1186,5648160000,국내생보사,D,SH160,신계약(23.3월 이후)
8,202303,0010607,케이디비생명보험주식회사,B,[특별계정 보험상품],3124,173317420000,국내생보사,D,SH160,신계약(23.3월 이후)
9,202303,0010607,케이디비생명보험주식회사,B1,[특별계정 보험상품]_연금저축,540,17095320000,국내생보사,D,SH160,신계약(23.3월 이후)
10,202303,0010607,케이디비생명보험주식회사,B2,[특별계정 보험상품]_연금저축_자산연계형,0,0,국내생보사,D,SH160,신계약(23.3월 이후)
11,202303,0010607,케이디비생명보험주식회사,B3,[특별계정 보험상품]_연금저축_퇴직연금,0,0,국내생보사,D,SH160,신계약(23.3월 이후)
12,202303,0010607,케이디비생명보험주식회사,B4,[특별계정 보험상품]_연금저축_퇴직보험,0,0,국내생보사,D,SH160,신계약(23.3월 이후)
13,202303,0010607,케이디비생명보험주식회사,B5,[특별계정 보험상품]_연금저축_변액보험,2584,156222100000,국내생보사,D,SH160,신계약(23.3월 이후)
14,202303,0010607,케이디비생명보험주식회사,C,[일반계정 보험상품 + 특별계정 보험상품],13793,484868008000,국내생보사,D,SH160,신계약(23.3월 이후)
15,202306,0010607,케이디비생명보험주식회사,A,[일반계정 보험상품],26931,819904382000,국내생보사,D,SH160,신계약(23.3월 이후)
16,202306,0010607,케이디비생명보험주식회사,A1,[일반계정 보험상품]_개인,24484,808619522000,국내생보사,D,SH160,신계약(23.3월 이후)
17,202306,0010607,케이디비생명보험주식회사,A11,[일반계정 보험상품]_개인_보장성,24380,801868050000,국내생보사,D,SH160,신계약(23.3월 이후)
18,202306,0010607,케이디비생명보험주식회사,A111,[일반계정 보험상품]_개인_보장성_사망담보,18561,709213100000,국내생보사,D,SH160,신계약(23.3월 이후)
19,202306,0010607,케이디비생명보험주식회사,A111A,[일반계정 보험상품]_개인_보장성_사망담보_(종신보험),16891,604986100000,국내생보사,D,SH160,신계약(23.3월 이후)
20,202306,0010607,케이디비생명보험주식회사,A112,[일반계정 보험상품]_개인_보장성_사망담보_사망담보외,5819,92654950000,국내생보사,D,SH160,신계약(23.3월 이후)
21,202306,0010607,케이디비생명보험주식회사,A12,[일반계정 보험상품]_개인_보장성_저축성,104,6751472000,국내생보사,D,SH160,신계약(23.3월 이후)
22,202306,0010607,케이디비생명보험주식회사,A2,[일반계정 보험상품]_개인_단체,2447,11284860000,국내생보사,D,SH160,신계약(23.3월 이후)
23,202306,0010607,케이디비생명보험주식회사,B,[특별계정 보험상품],6796,381106480000,국내생보사,D,SH160,신계약(23.3월 이후)
24,202306,0010607,케이디비생명보험주식회사,B1,[특별계정 보험상품]_연금저축,684,20920920000,국내생보사,D,SH160,신계약(23.3월 이후)
25,202306,0010607,케이디비생명보험주식회사,B2,[특별계정 보험상품]_연금저축_자산연계형,0,0,국내생보사,D,SH160,신계약(23.3월 이후)
26,202306,0010607,케이디비생명보험주식회사,B3,[특별계정 보험상품]_연금저축_퇴직연금,0,0,국내생보사,D,SH160,신계약(23.3월 이후)
27,202306,0010607,케이디비생명보험주식회사,B4,[특별계정 보험상품]_연금저축_퇴직보험,0,0,국내생보사,D,SH160,신계약(23.3월 이후)
28,202306,0010607,케이디비생명보험주식회사,B5,[특별계정 보험상품]_연금저축_변액보험,6112,360185560000,국내생보사,D,SH160,신계약(23.3월 이후)
29,202306,0010607,케이디비생명보험주식회사,C,[일반계정 보험상품 + 특별계정 보험상품],33727,1201010862000,국내생보사,D,SH160,신계약(23.3월 이후)
30,202309,0010607,케이디비생명보험주식회사,A,[일반계정 보험상품],48636,1443201327000,국내생보사,D,SH160,신계약(23.3월 이후)
31,202309,0010607,케이디비생명보험주식회사,A1,[일반계정 보험상품]_개인,45399,1427226667000,국내생보사,D,SH160,신계약(23.3월 이후)
32,202309,0010607,케이디비생명보험주식회사,A11,[일반계정 보험상품]_개인_보장성,45252,1418908335000,국내생보사,D,SH160,신계약(23.3월 이후)
33,202309,0010607,케이디비생명보험주식회사,A111,[일반계정 보험상품]_개인_보장성_사망담보,36285,1285186400000,국내생보사,D,SH160,신계약(23.3월 이후)
34,202309,0010607,케이디비생명보험주식회사,A111A,[일반계정 보험상품]_개인_보장성_사망담보_(종신보험),33555,1142458400000,국내생보사,D,SH160,신계약(23.3월 이후)
35,202309,0010607,케이디비생명보험주식회사,A112,[일반계정 보험상품]_개인_보장성_사망담보_사망담보외,8967,133721935000,국내생보사,D,SH160,신계약(23.3월 이후)
36,202309,0010607,케이디비생명보험주식회사,A12,[일반계정 보험상품]_개인_보장성_저축성,147,8318332000,국내생보사,D,SH160,신계약(23.3월 이후)
37,202309,0010607,케이디비생명보험주식회사,A2,[일반계정 보험상품]_개인_단체,3237,15974660000,국내생보사,D,SH160,신계약(23.3월 이후)
38,202309,0010607,케이디비생명보험주식회사,B,[특별계정 보험상품],10383,598665100000,국내생보사,D,SH160,신계약(23.3월 이후)
39,202309,0010607,케이디비생명보험주식회사,B1,[특별계정 보험상품]_연금저축,794,23708040000,국내생보사,D,SH160,신계약(23.3월 이후)
40,202309,0010607,케이디비생명보험주식회사,B2,[특별계정 보험상품]_연금저축_자산연계형,0,0,국내생보사,D,SH160,신계약(23.3월 이후)
41,202309,0010607,케이디비생명보험주식회사,B3,[특별계정 보험상품]_연금저축_퇴직연금,0,0,국내생보사,D,SH160,신계약(23.3월 이후)
42,202309,0010607,케이디비생명보험주식회사,B4,[특별계정 보험상품]_연금저축_퇴직보험,0,0,국내생보사,D,SH160,신계약(23.3월 이후)
43,202309,0010607,케이디비생명보험주식회사,B5,[특별계정 보험상품]_연금저축_변액보험,9589,574957060000,국내생보사,D,SH160,신계약(23.3월 이후)
44,202309,0010607,케이디비생명보험주식회사,C,[일반계정 보험상품 + 특별계정 보험상품],59019,2041866427000,국내생보사,D,SH160,신계약(23.3월 이후)
45,202312,0010607,케이디비생명보험주식회사,A,[일반계정 보험상품],73684,1959709877000,국내생보사,D,SH160,신계약(23.3월 이후)
46,202312,0010607,케이디비생명보험주식회사,A1,[일반계정 보험상품]_개인,61325,1853178417000,국내생보사,D,SH160,신계약(23.3월 이후)
47,202312,0010607,케이디비생명보험주식회사,A11,[일반계정 보험상품]_개인_보장성,60080,1839803845000,국내생보사,D,SH160,신계약(23.3월 이후)
48,202312,0010607,케이디비생명보험주식회사,A111,[일반계정 보험상품]_개인_보장성_사망담보,48688,1663692500000,국내생보사,D,SH160,신계약(23.3월 이후)
49,202312,0010607,케이디비생명보험주식회사,A111A,[일반계정 보험상품]_개인_보장성_사망담보_(종신보험),43082,1473179500000,국내생보사,D,SH160,신계약(23.3월 이후)
50,202312,0010607,케이디비생명보험주식회사,A112,[일반계정 보험상품]_개인_보장성_사망담보_사망담보외,11392,176111345000,국내생보사,D,SH160,신계약(23.3월 이후)
51,202312,0010607,케이디비생명보험주식회사,A12,[일반계정 보험상품]_개인_보장성_저축성,1245,13374572000,국내생보사,D,SH160,신계약(23.3월 이후)
52,202312,0010607,케이디비생명보험주식회사,A2,[일반계정 보험상품]_개인_단체,12359,106531460000,국내생보사,D,SH160,신계약(23.3월 이후)
53,202312,0010607,케이디비생명보험주식회사,B,[특별계정 보험상품],13944,822450260000,국내생보사,D,SH160,신계약(23.3월 이후)
54,202312,0010607,케이디비생명보험주식회사,B1,[특별계정 보험상품]_연금저축,1022,30222720000,국내생보사,D,SH160,신계약(23.3월 이후)
55,202312,0010607,케이디비생명보험주식회사,B2,[특별계정 보험상품]_연금저축_자산연계형,0,0,국내생보사,D,SH160,신계약(23.3월 이후)
56,202312,0010607,케이디비생명보험주식회사,B3,[특별계정 보험상품]_연금저축_퇴직연금,0,0,국내생보사,D,SH160,신계약(23.3월 이후)
57,202312,0010607,케이디비생명보험주식회사,B4,[특별계정 보험상품]_연금저축_퇴직보험,0,0,국내생보사,D,SH160,신계약(23.3월 이후)
58,202312,0010607,케이디비생명보험주식회사,B5,[특별계정 보험상품]_연금저축_변액보험,12922,792227540000,국내생보사,D,SH160,신계약(23.3월 이후)
59,202312,0010607,케이디비생명보험주식회사,C,[일반계정 보험상품 + 특별계정 보험상품],87628,2782160137000,국내생보사,D,SH160,신계약(23.3월 이후)
0,202303,0010618,하나생명보험주식회사,A,[일반계정 보험상품],196816,472256964000,국내생보사,D,SH160,신계약(23.3월 이후)
1,202303,0010618,하나생명보험주식회사,A1,[일반계정 보험상품]_개인,15552,301853464000,국내생보사,D,SH160,신계약(23.3월 이후)
2,202303,0010618,하나생명보험주식회사,A11,[일반계정 보험상품]_개인_보장성,13188,71987334000,국내생보사,D,SH160,신계약(23.3월 이후)
3,202303,0010618,하나생명보험주식회사,A111,[일반계정 보험상품]_개인_보장성_사망담보,1265,43174000000,국내생보사,D,SH160,신계약(23.3월 이후)
4,202303,0010618,하나생명보험주식회사,A111A,[일반계정 보험상품]_개인_보장성_사망담보_(종신보험),1027,38884000000,국내생보사,D,SH160,신계약(23.3월 이후)
5,202303,0010618,하나생명보험주식회사,A112,[일반계정 보험상품]_개인_보장성_사망담보_사망담보외,11923,28813334000,국내생보사,D,SH160,신계약(23.3월 이후)
6,202303,0010618,하나생명보험주식회사,A12,[일반계정 보험상품]_개인_보장성_저축성,2364,229866130000,국내생보사,D,SH160,신계약(23.3월 이후)
7,202303,0010618,하나생명보험주식회사,A2,[일반계정 보험상품]_개인_단체,181264,170403500000,국내생보사,D,SH160,신계약(23.3월 이후)
8,202303,0010618,하나생명보험주식회사,B,[특별계정 보험상품],4064,337410515000,국내생보사,D,SH160,신계약(23.3월 이후)
9,202303,0010618,하나생명보험주식회사,B1,[특별계정 보험상품]_연금저축,970,22224588000,국내생보사,D,SH160,신계약(23.3월 이후)
10,202303,0010618,하나생명보험주식회사,B2,[특별계정 보험상품]_연금저축_자산연계형,0,0,국내생보사,D,SH160,신계약(23.3월 이후)
11,202303,0010618,하나생명보험주식회사,B3,[특별계정 보험상품]_연금저축_퇴직연금,846,215108737000,국내생보사,D,SH160,신계약(23.3월 이후)
12,202303,0010618,하나생명보험주식회사,B4,[특별계정 보험상품]_연금저축_퇴직보험,0,0,국내생보사,D,SH160,신계약(23.3월 이후)
13,202303,0010618,하나생명보험주식회사,B5,[특별계정 보험상품]_연금저축_변액보험,2248,100077190000,국내생보사,D,SH160,신계약(23.3월 이후)
14,202303,0010618,하나생명보험주식회사,C,[일반계정 보험상품 + 특별계정 보험상품],200880,809667479000,국내생보사,D,SH160,신계약(23.3월 이후)
15,202306,0010618,하나생명보험주식회사,A,[일반계정 보험상품],222942,695689619000,국내생보사,D,SH160,신계약(23.3월 이후)
16,202306,0010618,하나생명보험주식회사,A1,[일반계정 보험상품]_개인,31710,513692619000,국내생보사,D,SH160,신계약(23.3월 이후)
17,202306,0010618,하나생명보험주식회사,A11,[일반계정 보험상품]_개인_보장성,28817,271360089000,국내생보사,D,SH160,신계약(23.3월 이후)
18,202306,0010618,하나생명보험주식회사,A111,[일반계정 보험상품]_개인_보장성_사망담보,7442,209901900000,국내생보사,D,SH160,신계약(23.3월 이후)
19,202306,0010618,하나생명보험주식회사,A111A,[일반계정 보험상품]_개인_보장성_사망담보_(종신보험),6904,200564900000,국내생보사,D,SH160,신계약(23.3월 이후)
20,202306,0010618,하나생명보험주식회사,A112,[일반계정 보험상품]_개인_보장성_사망담보_사망담보외,21375,61458189000,국내생보사,D,SH160,신계약(23.3월 이후)
21,202306,0010618,하나생명보험주식회사,A12,[일반계정 보험상품]_개인_보장성_저축성,2893,242332530000,국내생보사,D,SH160,신계약(23.3월 이후)
22,202306,0010618,하나생명보험주식회사,A2,[일반계정 보험상품]_개인_단체,191232,181997000000,국내생보사,D,SH160,신계약(23.3월 이후)
23,202306,0010618,하나생명보험주식회사,B,[특별계정 보험상품],6324,472875380000,국내생보사,D,SH160,신계약(23.3월 이후)
24,202306,0010618,하나생명보험주식회사,B1,[특별계정 보험상품]_연금저축,1388,31495104000,국내생보사,D,SH160,신계약(23.3월 이후)
25,202306,0010618,하나생명보험주식회사,B2,[특별계정 보험상품]_연금저축_자산연계형,0,0,국내생보사,D,SH160,신계약(23.3월 이후)
26,202306,0010618,하나생명보험주식회사,B3,[특별계정 보험상품]_연금저축_퇴직연금,919,223447406000,국내생보사,D,SH160,신계약(23.3월 이후)
27,202306,0010618,하나생명보험주식회사,B4,[특별계정 보험상품]_연금저축_퇴직보험,0,0,국내생보사,D,SH160,신계약(23.3월 이후)
28,202306,0010618,하나생명보험주식회사,B5,[특별계정 보험상품]_연금저축_변액보험,4017,217932870000,국내생보사,D,SH160,신계약(23.3월 이후)
29,202306,0010618,하나생명보험주식회사,C,[일반계정 보험상품 + 특별계정 보험상품],229266,1168564999000,국내생보사,D,SH160,신계약(23.3월 이후)
30,202309,0010618,하나생명보험주식회사,A,[일반계정 보험상품],272934,1044521387000,국내생보사,D,SH160,신계약(23.3월 이후)
31,202309,0010618,하나생명보험주식회사,A1,[일반계정 보험상품]_개인,52829,828203887000,국내생보사,D,SH160,신계약(23.3월 이후)
32,202309,0010618,하나생명보험주식회사,A11,[일반계정 보험상품]_개인_보장성,49529,577656917000,국내생보사,D,SH160,신계약(23.3월 이후)
33,202309,0010618,하나생명보험주식회사,A111,[일반계정 보험상품]_개인_보장성_사망담보,16652,478622000000,국내생보사,D,SH160,신계약(23.3월 이후)
34,202309,0010618,하나생명보험주식회사,A111A,[일반계정 보험상품]_개인_보장성_사망담보_(종신보험),14344,463900000000,국내생보사,D,SH160,신계약(23.3월 이후)
35,202309,0010618,하나생명보험주식회사,A112,[일반계정 보험상품]_개인_보장성_사망담보_사망담보외,32877,99034917000,국내생보사,D,SH160,신계약(23.3월 이후)
36,202309,0010618,하나생명보험주식회사,A12,[일반계정 보험상품]_개인_보장성_저축성,3300,250546970000,국내생보사,D,SH160,신계약(23.3월 이후)
37,202309,0010618,하나생명보험주식회사,A2,[일반계정 보험상품]_개인_단체,220105,216317500000,국내생보사,D,SH160,신계약(23.3월 이후)
38,202309,0010618,하나생명보험주식회사,B,[특별계정 보험상품],8466,678204442000,국내생보사,D,SH160,신계약(23.3월 이후)
39,202309,0010618,하나생명보험주식회사,B1,[특별계정 보험상품]_연금저축,1483,33527544000,국내생보사,D,SH160,신계약(23.3월 이후)
40,202309,0010618,하나생명보험주식회사,B2,[특별계정 보험상품]_연금저축_자산연계형,0,0,국내생보사,D,SH160,신계약(23.3월 이후)
41,202309,0010618,하나생명보험주식회사,B3,[특별계정 보험상품]_연금저축_퇴직연금,1188,287378218000,국내생보사,D,SH160,신계약(23.3월 이후)
42,202309,0010618,하나생명보험주식회사,B4,[특별계정 보험상품]_연금저축_퇴직보험,0,0,국내생보사,D,SH160,신계약(23.3월 이후)
43,202309,0010618,하나생명보험주식회사,B5,[특별계정 보험상품]_연금저축_변액보험,5795,357298680000,국내생보사,D,SH160,신계약(23.3월 이후)
44,202309,0010618,하나생명보험주식회사,C,[일반계정 보험상품 + 특별계정 보험상품],281400,1722725829000,국내생보사,D,SH160,신계약(23.3월 이후)
45,202312,0010618,하나생명보험주식회사,A,[일반계정 보험상품],315337,2230278525000,국내생보사,D,SH160,신계약(23.3월 이후)
46,202312,0010618,하나생명보험주식회사,A1,[일반계정 보험상품]_개인,90350,2004691425000,국내생보사,D,SH160,신계약(23.3월 이후)
47,202312,0010618,하나생명보험주식회사,A11,[일반계정 보험상품]_개인_보장성,86664,1729382455000,국내생보사,D,SH160,신계약(23.3월 이후)
48,202312,0010618,하나생명보험주식회사,A111,[일반계정 보험상품]_개인_보장성_사망담보,44719,1612201800000,국내생보사,D,SH160,신계약(23.3월 이후)
49,202312,0010618,하나생명보험주식회사,A111A,[일반계정 보험상품]_개인_보장성_사망담보_(종신보험),43876,1596012800000,국내생보사,D,SH160,신계약(23.3월 이후)
50,202312,0010618,하나생명보험주식회사,A112,[일반계정 보험상품]_개인_보장성_사망담보_사망담보외,41945,117180655000,국내생보사,D,SH160,신계약(23.3월 이후)
51,202312,0010618,하나생명보험주식회사,A12,[일반계정 보험상품]_개인_보장성_저축성,3686,275308970000,국내생보사,D,SH160,신계약(23.3월 이후)
52,202312,0010618,하나생명보험주식회사,A2,[일반계정 보험상품]_개인_단체,224987,225587100000,국내생보사,D,SH160,신계약(23.3월 이후)
53,202312,0010618,하나생명보험주식회사,B,[특별계정 보험상품],9511,800275529000,국내생보사,D,SH160,신계약(23.3월 이후)
54,202312,0010618,하나생명보험주식회사,B1,[특별계정 보험상품]_연금저축,1583,35945304000,국내생보사,D,SH160,신계약(23.3월 이후)
55,202312,0010618,하나생명보험주식회사,B2,[특별계정 보험상품]_연금저축_자산연계형,0,0,국내생보사,D,SH160,신계약(23.3월 이후)
56,202312,0010618,하나생명보험주식회사,B3,[특별계정 보험상품]_연금저축_퇴직연금,1256,354733485000,국내생보사,D,SH160,신계약(23.3월 이후)
57,202312,0010618,하나생명보험주식회사,B4,[특별계정 보험상품]_연금저축_퇴직보험,0,0,국내생보사,D,SH160,신계약(23.3월 이후)
58,202312,0010618,하나생명보험주식회사,B5,[특별계정 보험상품]_연금저축_변액보험,6672,409596740000,국내생보사,D,SH160,신계약(23.3월 이후)
59,202312,0010618,하나생명보험주식회사,C,[일반계정 보험상품 + 특별계정 보험상품],324848,3030554054000,국내생보사,D,SH160,신계약(23.3월 이후)
0,202303,0010593,한화생명보험주식회사,A,[일반계정 보험상품],386955,9784713128000,국내생보사,D,SH160,신계약(23.3월 이후)
1,202303,0010593,한화생명보험주식회사,A1,[일반계정 보험상품]_개인,247709,9385737978000,국내생보사,D,SH160,신계약(23.3월 이후)
2,202303,0010593,한화생명보험주식회사,A11,[일반계정 보험상품]_개인_보장성,219478,6945354382000,국내생보사,D,SH160,신계약(23.3월 이후)
3,202303,0010593,한화생명보험주식회사,A111,[일반계정 보험상품]_개인_보장성_사망담보,69509,4643843478000,국내생보사,D,SH160,신계약(23.3월 이후)
4,202303,0010593,한화생명보험주식회사,A111A,[일반계정 보험상품]_개인_보장성_사망담보_(종신보험),66033,4105642600000,국내생보사,D,SH160,신계약(23.3월 이후)
5,202303,0010593,한화생명보험주식회사,A112,[일반계정 보험상품]_개인_보장성_사망담보_사망담보외,149969,2301510904000,국내생보사,D,SH160,신계약(23.3월 이후)
6,202303,0010593,한화생명보험주식회사,A12,[일반계정 보험상품]_개인_보장성_저축성,28231,2440383596000,국내생보사,D,SH160,신계약(23.3월 이후)
7,202303,0010593,한화생명보험주식회사,A2,[일반계정 보험상품]_개인_단체,139246,398975150000,국내생보사,D,SH160,신계약(23.3월 이후)
8,202303,0010593,한화생명보험주식회사,B,[특별계정 보험상품],7662,220410898000,국내생보사,D,SH160,신계약(23.3월 이후)
9,202303,0010593,한화생명보험주식회사,B1,[특별계정 보험상품]_연금저축,6070,140547873000,국내생보사,D,SH160,신계약(23.3월 이후)
10,202303,0010593,한화생명보험주식회사,B2,[특별계정 보험상품]_연금저축_자산연계형,0,0,국내생보사,D,SH160,신계약(23.3월 이후)
11,202303,0010593,한화생명보험주식회사,B3,[특별계정 보험상품]_연금저축_퇴직연금,1411,46167526000,국내생보사,D,SH160,신계약(23.3월 이후)
12,202303,0010593,한화생명보험주식회사,B4,[특별계정 보험상품]_연금저축_퇴직보험,0,0,국내생보사,D,SH160,신계약(23.3월 이후)
13,202303,0010593,한화생명보험주식회사,B5,[특별계정 보험상품]_연금저축_변액보험,181,33695499000,국내생보사,D,SH160,신계약(23.3월 이후)
14,202303,0010593,한화생명보험주식회사,C,[일반계정 보험상품 + 특별계정 보험상품],394617,10005124026000,국내생보사,D,SH160,신계약(23.3월 이후)
15,202306,0010593,한화생명보험주식회사,A,[일반계정 보험상품],705793,16901870694000,국내생보사,D,SH160,신계약(23.3월 이후)
16,202306,0010593,한화생명보험주식회사,A1,[일반계정 보험상품]_개인,467098,16113464026000,국내생보사,D,SH160,신계약(23.3월 이후)
17,202306,0010593,한화생명보험주식회사,A11,[일반계정 보험상품]_개인_보장성,435702,13549600472000,국내생보사,D,SH160,신계약(23.3월 이후)
18,202306,0010593,한화생명보험주식회사,A111,[일반계정 보험상품]_개인_보장성_사망담보,168535,9552209123000,국내생보사,D,SH160,신계약(23.3월 이후)
19,202306,0010593,한화생명보험주식회사,A111A,[일반계정 보험상품]_개인_보장성_사망담보_(종신보험),161481,8411045483000,국내생보사,D,SH160,신계약(23.3월 이후)
20,202306,0010593,한화생명보험주식회사,A112,[일반계정 보험상품]_개인_보장성_사망담보_사망담보외,267167,3997391349000,국내생보사,D,SH160,신계약(23.3월 이후)
21,202306,0010593,한화생명보험주식회사,A12,[일반계정 보험상품]_개인_보장성_저축성,31396,2563863554000,국내생보사,D,SH160,신계약(23.3월 이후)
22,202306,0010593,한화생명보험주식회사,A2,[일반계정 보험상품]_개인_단체,238695,788406668000,국내생보사,D,SH160,신계약(23.3월 이후)
23,202306,0010593,한화생명보험주식회사,B,[특별계정 보험상품],12379,381142386000,국내생보사,D,SH160,신계약(23.3월 이후)
24,202306,0010593,한화생명보험주식회사,B1,[특별계정 보험상품]_연금저축,9518,219927809000,국내생보사,D,SH160,신계약(23.3월 이후)
25,202306,0010593,한화생명보험주식회사,B2,[특별계정 보험상품]_연금저축_자산연계형,0,0,국내생보사,D,SH160,신계약(23.3월 이후)
26,202306,0010593,한화생명보험주식회사,B3,[특별계정 보험상품]_연금저축_퇴직연금,2546,108230379000,국내생보사,D,SH160,신계약(23.3월 이후)
27,202306,0010593,한화생명보험주식회사,B4,[특별계정 보험상품]_연금저축_퇴직보험,0,0,국내생보사,D,SH160,신계약(23.3월 이후)
28,202306,0010593,한화생명보험주식회사,B5,[특별계정 보험상품]_연금저축_변액보험,315,52984198000,국내생보사,D,SH160,신계약(23.3월 이후)
29,202306,0010593,한화생명보험주식회사,C,[일반계정 보험상품 + 특별계정 보험상품],718172,17283013080000,국내생보사,D,SH160,신계약(23.3월 이후)
30,202309,0010593,한화생명보험주식회사,A,[일반계정 보험상품],1070798,22997286989000,국내생보사,D,SH160,신계약(23.3월 이후)
31,202309,0010593,한화생명보험주식회사,A1,[일반계정 보험상품]_개인,700491,21878181608000,국내생보사,D,SH160,신계약(23.3월 이후)
32,202309,0010593,한화생명보험주식회사,A11,[일반계정 보험상품]_개인_보장성,664818,19124923258000,국내생보사,D,SH160,신계약(23.3월 이후)
33,202309,0010593,한화생명보험주식회사,A111,[일반계정 보험상품]_개인_보장성_사망담보,252153,13179587211000,국내생보사,D,SH160,신계약(23.3월 이후)
34,202309,0010593,한화생명보험주식회사,A111A,[일반계정 보험상품]_개인_보장성_사망담보_(종신보험),240176,11488454913000,국내생보사,D,SH160,신계약(23.3월 이후)
35,202309,0010593,한화생명보험주식회사,A112,[일반계정 보험상품]_개인_보장성_사망담보_사망담보외,412665,5945336047000,국내생보사,D,SH160,신계약(23.3월 이후)
36,202309,0010593,한화생명보험주식회사,A12,[일반계정 보험상품]_개인_보장성_저축성,35673,2753258350000,국내생보사,D,SH160,신계약(23.3월 이후)
37,202309,0010593,한화생명보험주식회사,A2,[일반계정 보험상품]_개인_단체,370307,1119105381000,국내생보사,D,SH160,신계약(23.3월 이후)
38,202309,0010593,한화생명보험주식회사,B,[특별계정 보험상품],17651,524209821000,국내생보사,D,SH160,신계약(23.3월 이후)
39,202309,0010593,한화생명보험주식회사,B1,[특별계정 보험상품]_연금저축,13552,313203129000,국내생보사,D,SH160,신계약(23.3월 이후)
40,202309,0010593,한화생명보험주식회사,B2,[특별계정 보험상품]_연금저축_자산연계형,0,0,국내생보사,D,SH160,신계약(23.3월 이후)
41,202309,0010593,한화생명보험주식회사,B3,[특별계정 보험상품]_연금저축_퇴직연금,3616,131273147000,국내생보사,D,SH160,신계약(23.3월 이후)
42,202309,0010593,한화생명보험주식회사,B4,[특별계정 보험상품]_연금저축_퇴직보험,0,0,국내생보사,D,SH160,신계약(23.3월 이후)
43,202309,0010593,한화생명보험주식회사,B5,[특별계정 보험상품]_연금저축_변액보험,483,79733545000,국내생보사,D,SH160,신계약(23.3월 이후)
44,202309,0010593,한화생명보험주식회사,C,[일반계정 보험상품 + 특별계정 보험상품],1088449,23521496810000,국내생보사,D,SH160,신계약(23.3월 이후)
45,202312,0010593,한화생명보험주식회사,A,[일반계정 보험상품],1345239,28552453173000,국내생보사,D,SH160,신계약(23.3월 이후)
46,202312,0010593,한화생명보험주식회사,A1,[일반계정 보험상품]_개인,941066,27279044844000,국내생보사,D,SH160,신계약(23.3월 이후)
47,202312,0010593,한화생명보험주식회사,A11,[일반계정 보험상품]_개인_보장성,896874,24318017006000,국내생보사,D,SH160,신계약(23.3월 이후)
48,202312,0010593,한화생명보험주식회사,A111,[일반계정 보험상품]_개인_보장성_사망담보,340498,16478361944000,국내생보사,D,SH160,신계약(23.3월 이후)
49,202312,0010593,한화생명보험주식회사,A111A,[일반계정 보험상품]_개인_보장성_사망담보_(종신보험),317135,13973926259000,국내생보사,D,SH160,신계약(23.3월 이후)
50,202312,0010593,한화생명보험주식회사,A112,[일반계정 보험상품]_개인_보장성_사망담보_사망담보외,556376,7839655062000,국내생보사,D,SH160,신계약(23.3월 이후)
51,202312,0010593,한화생명보험주식회사,A12,[일반계정 보험상품]_개인_보장성_저축성,44192,2961027838000,국내생보사,D,SH160,신계약(23.3월 이후)
52,202312,0010593,한화생명보험주식회사,A2,[일반계정 보험상품]_개인_단체,404173,1273408329000,국내생보사,D,SH160,신계약(23.3월 이후)
53,202312,0010593,한화생명보험주식회사,B,[특별계정 보험상품],21947,808715483000,국내생보사,D,SH160,신계약(23.3월 이후)
54,202312,0010593,한화생명보험주식회사,B1,[특별계정 보험상품]_연금저축,16517,376793461000,국내생보사,D,SH160,신계약(23.3월 이후)
55,202312,0010593,한화생명보험주식회사,B2,[특별계정 보험상품]_연금저축_자산연계형,0,0,국내생보사,D,SH160,신계약(23.3월 이후)
56,202312,0010593,한화생명보험주식회사,B3,[특별계정 보험상품]_연금저축_퇴직연금,4732,329603448000,국내생보사,D,SH160,신계약(23.3월 이후)
57,202312,0010593,한화생명보험주식회사,B4,[특별계정 보험상품]_연금저축_퇴직보험,47,356249000,국내생보사,D,SH160,신계약(23.3월 이후)
58,202312,0010593,한화생명보험주식회사,B5,[특별계정 보험상품]_연금저축_변액보험,651,101962325000,국내생보사,D,SH160,신계약(23.3월 이후)
59,202312,0010593,한화생명보험주식회사,C,[일반계정 보험상품 + 특별계정 보험상품],1367186,29361168656000,국내생보사,D,SH160,신계약(23.3월 이후)
0,202303,0010596,흥국생명보험주식회사,A,[일반계정 보험상품],54334,665654675308,국내생보사,D,SH160,신계약(23.3월 이후)
1,202303,0010596,흥국생명보험주식회사,A1,[일반계정 보험상품]_개인,53519,658926675308,국내생보사,D,SH160,신계약(23.3월 이후)
2,202303,0010596,흥국생명보험주식회사,A11,[일반계정 보험상품]_개인_보장성,49229,365391880000,국내생보사,D,SH160,신계약(23.3월 이후)
3,202303,0010596,흥국생명보험주식회사,A111,[일반계정 보험상품]_개인_보장성_사망담보,41624,95789080000,국내생보사,D,SH160,신계약(23.3월 이후)
4,202303,0010596,흥국생명보험주식회사,A111A,[일반계정 보험상품]_개인_보장성_사망담보_(종신보험),324,9558000000,국내생보사,D,SH160,신계약(23.3월 이후)
5,202303,0010596,흥국생명보험주식회사,A112,[일반계정 보험상품]_개인_보장성_사망담보_사망담보외,7605,269602800000,국내생보사,D,SH160,신계약(23.3월 이후)
6,202303,0010596,흥국생명보험주식회사,A12,[일반계정 보험상품]_개인_보장성_저축성,4290,293534795308,국내생보사,D,SH160,신계약(23.3월 이후)
7,202303,0010596,흥국생명보험주식회사,A2,[일반계정 보험상품]_개인_단체,815,6728000000,국내생보사,D,SH160,신계약(23.3월 이후)
8,202303,0010596,흥국생명보험주식회사,B,[특별계정 보험상품],10050,58658633500,국내생보사,D,SH160,신계약(23.3월 이후)
9,202303,0010596,흥국생명보험주식회사,B1,[특별계정 보험상품]_연금저축,8,182400000,국내생보사,D,SH160,신계약(23.3월 이후)
10,202303,0010596,흥국생명보험주식회사,B2,[특별계정 보험상품]_연금저축_자산연계형,0,0,국내생보사,D,SH160,신계약(23.3월 이후)
11,202303,0010596,흥국생명보험주식회사,B3,[특별계정 보험상품]_연금저축_퇴직연금,9819,53381903500,국내생보사,D,SH160,신계약(23.3월 이후)
12,202303,0010596,흥국생명보험주식회사,B4,[특별계정 보험상품]_연금저축_퇴직보험,0,0,국내생보사,D,SH160,신계약(23.3월 이후)
13,202303,0010596,흥국생명보험주식회사,B5,[특별계정 보험상품]_연금저축_변액보험,223,5094330000,국내생보사,D,SH160,신계약(23.3월 이후)
14,202303,0010596,흥국생명보험주식회사,C,[일반계정 보험상품 + 특별계정 보험상품],64384,724313308808,국내생보사,D,SH160,신계약(23.3월 이후)
15,202306,0010596,흥국생명보험주식회사,A,[일반계정 보험상품],114953,1013495968961,국내생보사,D,SH160,신계약(23.3월 이후)
16,202306,0010596,흥국생명보험주식회사,A1,[일반계정 보험상품]_개인,114106,1005520968961,국내생보사,D,SH160,신계약(23.3월 이후)
17,202306,0010596,흥국생명보험주식회사,A11,[일반계정 보험상품]_개인_보장성,109747,708370930000,국내생보사,D,SH160,신계약(23.3월 이후)
18,202306,0010596,흥국생명보험주식회사,A111,[일반계정 보험상품]_개인_보장성_사망담보,95695,192135620000,국내생보사,D,SH160,신계약(23.3월 이후)
19,202306,0010596,흥국생명보험주식회사,A111A,[일반계정 보험상품]_개인_보장성_사망담보_(종신보험),538,16474000000,국내생보사,D,SH160,신계약(23.3월 이후)
20,202306,0010596,흥국생명보험주식회사,A112,[일반계정 보험상품]_개인_보장성_사망담보_사망담보외,14052,516235310000,국내생보사,D,SH160,신계약(23.3월 이후)
21,202306,0010596,흥국생명보험주식회사,A12,[일반계정 보험상품]_개인_보장성_저축성,4359,297150038961,국내생보사,D,SH160,신계약(23.3월 이후)
22,202306,0010596,흥국생명보험주식회사,A2,[일반계정 보험상품]_개인_단체,847,7975000000,국내생보사,D,SH160,신계약(23.3월 이후)
23,202306,0010596,흥국생명보험주식회사,B,[특별계정 보험상품],13721,107322991175,국내생보사,D,SH160,신계약(23.3월 이후)
24,202306,0010596,흥국생명보험주식회사,B1,[특별계정 보험상품]_연금저축,13,275400000,국내생보사,D,SH160,신계약(23.3월 이후)
25,202306,0010596,흥국생명보험주식회사,B2,[특별계정 보험상품]_연금저축_자산연계형,0,0,국내생보사,D,SH160,신계약(23.3월 이후)
26,202306,0010596,흥국생명보험주식회사,B3,[특별계정 보험상품]_연금저축_퇴직연금,13262,95123586440,국내생보사,D,SH160,신계약(23.3월 이후)
27,202306,0010596,흥국생명보험주식회사,B4,[특별계정 보험상품]_연금저축_퇴직보험,0,0,국내생보사,D,SH160,신계약(23.3월 이후)
28,202306,0010596,흥국생명보험주식회사,B5,[특별계정 보험상품]_연금저축_변액보험,446,11924004735,국내생보사,D,SH160,신계약(23.3월 이후)
29,202306,0010596,흥국생명보험주식회사,C,[일반계정 보험상품 + 특별계정 보험상품],128674,1120818960136,국내생보사,D,SH160,신계약(23.3월 이후)
30,202309,0010596,흥국생명보험주식회사,A,[일반계정 보험상품],176138,1361574550767,국내생보사,D,SH160,신계약(23.3월 이후)
31,202309,0010596,흥국생명보험주식회사,A1,[일반계정 보험상품]_개인,175283,1353171550767,국내생보사,D,SH160,신계약(23.3월 이후)
32,202309,0010596,흥국생명보험주식회사,A11,[일반계정 보험상품]_개인_보장성,170792,1051553904507,국내생보사,D,SH160,신계약(23.3월 이후)
33,202309,0010596,흥국생명보험주식회사,A111,[일반계정 보험상품]_개인_보장성_사망담보,150301,276884680000,국내생보사,D,SH160,신계약(23.3월 이후)
34,202309,0010596,흥국생명보험주식회사,A111A,[일반계정 보험상품]_개인_보장성_사망담보_(종신보험),685,19659000000,국내생보사,D,SH160,신계약(23.3월 이후)
35,202309,0010596,흥국생명보험주식회사,A112,[일반계정 보험상품]_개인_보장성_사망담보_사망담보외,20491,774669224507,국내생보사,D,SH160,신계약(23.3월 이후)
36,202309,0010596,흥국생명보험주식회사,A12,[일반계정 보험상품]_개인_보장성_저축성,4491,301617646260,국내생보사,D,SH160,신계약(23.3월 이후)
37,202309,0010596,흥국생명보험주식회사,A2,[일반계정 보험상품]_개인_단체,855,8403000000,국내생보사,D,SH160,신계약(23.3월 이후)
38,202309,0010596,흥국생명보험주식회사,B,[특별계정 보험상품],14812,241400474935,국내생보사,D,SH160,신계약(23.3월 이후)
39,202309,0010596,흥국생명보험주식회사,B1,[특별계정 보험상품]_연금저축,17,371400000,국내생보사,D,SH160,신계약(23.3월 이후)
40,202309,0010596,흥국생명보험주식회사,B2,[특별계정 보험상품]_연금저축_자산연계형,0,0,국내생보사,D,SH160,신계약(23.3월 이후)
41,202309,0010596,흥국생명보험주식회사,B3,[특별계정 보험상품]_연금저축_퇴직연금,14168,225869570200,국내생보사,D,SH160,신계약(23.3월 이후)
42,202309,0010596,흥국생명보험주식회사,B4,[특별계정 보험상품]_연금저축_퇴직보험,0,0,국내생보사,D,SH160,신계약(23.3월 이후)
43,202309,0010596,흥국생명보험주식회사,B5,[특별계정 보험상품]_연금저축_변액보험,627,15159504735,국내생보사,D,SH160,신계약(23.3월 이후)
44,202309,0010596,흥국생명보험주식회사,C,[일반계정 보험상품 + 특별계정 보험상품],190950,1602975025702,국내생보사,D,SH160,신계약(23.3월 이후)
45,202312,0010596,흥국생명보험주식회사,A,[일반계정 보험상품],252601,1750258701597,국내생보사,D,SH160,신계약(23.3월 이후)
46,202312,0010596,흥국생명보험주식회사,A1,[일반계정 보험상품]_개인,251295,1697406701597,국내생보사,D,SH160,신계약(23.3월 이후)
47,202312,0010596,흥국생명보험주식회사,A11,[일반계정 보험상품]_개인_보장성,246741,1392361477527,국내생보사,D,SH160,신계약(23.3월 이후)
48,202312,0010596,흥국생명보험주식회사,A111,[일반계정 보험상품]_개인_보장성_사망담보,220193,374323560000,국내생보사,D,SH160,신계약(23.3월 이후)
49,202312,0010596,흥국생명보험주식회사,A111A,[일반계정 보험상품]_개인_보장성_사망담보_(종신보험),816,22930000000,국내생보사,D,SH160,신계약(23.3월 이후)
50,202312,0010596,흥국생명보험주식회사,A112,[일반계정 보험상품]_개인_보장성_사망담보_사망담보외,26548,1018037917527,국내생보사,D,SH160,신계약(23.3월 이후)
51,202312,0010596,흥국생명보험주식회사,A12,[일반계정 보험상품]_개인_보장성_저축성,4554,305045224070,국내생보사,D,SH160,신계약(23.3월 이후)
52,202312,0010596,흥국생명보험주식회사,A2,[일반계정 보험상품]_개인_단체,1306,52852000000,국내생보사,D,SH160,신계약(23.3월 이후)
53,202312,0010596,흥국생명보험주식회사,B,[특별계정 보험상품],24823,1010394325535,국내생보사,D,SH160,신계약(23.3월 이후)
54,202312,0010596,흥국생명보험주식회사,B1,[특별계정 보험상품]_연금저축,21,487800000,국내생보사,D,SH160,신계약(23.3월 이후)
55,202312,0010596,흥국생명보험주식회사,B2,[특별계정 보험상품]_연금저축_자산연계형,0,0,국내생보사,D,SH160,신계약(23.3월 이후)
56,202312,0010596,흥국생명보험주식회사,B3,[특별계정 보험상품]_연금저축_퇴직연금,24135,993835770800,국내생보사,D,SH160,신계약(23.3월 이후)
57,202312,0010596,흥국생명보험주식회사,B4,[특별계정 보험상품]_연금저축_퇴직보험,0,0,국내생보사,D,SH160,신계약(23.3월 이후)
58,202312,0010596,흥국생명보험주식회사,B5,[특별계정 보험상품]_연금저축_변액보험,667,16070754735,국내생보사,D,SH160,신계약(23.3월 이후)
59,202312,0010596,흥국생명보험주식회사,C,[일반계정 보험상품 + 특별계정 보험상품],277424,2760653027132,국내생보사,D,SH160,신계약(23.3월 이후)
0,202303,0010622,동양생명보험주식회사,A,[일반계정 보험상품],117925,1828060048000,외국생보사,D,SH160,신계약(23.3월 이후)
1,202303,0010622,동양생명보험주식회사,A1,[일반계정 보험상품]_개인,117925,1828060048000,외국생보사,D,SH160,신계약(23.3월 이후)
2,202303,0010622,동양생명보험주식회사,A11,[일반계정 보험상품]_개인_보장성,115540,1763768614000,외국생보사,D,SH160,신계약(23.3월 이후)
3,202303,0010622,동양생명보험주식회사,A111,[일반계정 보험상품]_개인_보장성_사망담보,77426,1261613000000,외국생보사,D,SH160,신계약(23.3월 이후)
4,202303,0010622,동양생명보험주식회사,A111A,[일반계정 보험상품]_개인_보장성_사망담보_(종신보험),70902,1210120000000,외국생보사,D,SH160,신계약(23.3월 이후)
5,202303,0010622,동양생명보험주식회사,A112,[일반계정 보험상품]_개인_보장성_사망담보_사망담보외,38114,502155614000,외국생보사,D,SH160,신계약(23.3월 이후)
6,202303,0010622,동양생명보험주식회사,A12,[일반계정 보험상품]_개인_보장성_저축성,2385,64291434000,외국생보사,D,SH160,신계약(23.3월 이후)
7,202303,0010622,동양생명보험주식회사,A2,[일반계정 보험상품]_개인_단체,0,0,외국생보사,D,SH160,신계약(23.3월 이후)
8,202303,0010622,동양생명보험주식회사,B,[특별계정 보험상품],424,14708228000,외국생보사,D,SH160,신계약(23.3월 이후)
9,202303,0010622,동양생명보험주식회사,B1,[특별계정 보험상품]_연금저축,339,9316560000,외국생보사,D,SH160,신계약(23.3월 이후)
10,202303,0010622,동양생명보험주식회사,B2,[특별계정 보험상품]_연금저축_자산연계형, , ,외국생보사,D,SH160,신계약(23.3월 이후)
11,202303,0010622,동양생명보험주식회사,B3,[특별계정 보험상품]_연금저축_퇴직연금,51,1256668000,외국생보사,D,SH160,신계약(23.3월 이후)
12,202303,0010622,동양생명보험주식회사,B4,[특별계정 보험상품]_연금저축_퇴직보험, , ,외국생보사,D,SH160,신계약(23.3월 이후)
13,202303,0010622,동양생명보험주식회사,B5,[특별계정 보험상품]_연금저축_변액보험,34,4135000000,외국생보사,D,SH160,신계약(23.3월 이후)
14,202303,0010622,동양생명보험주식회사,C,[일반계정 보험상품 + 특별계정 보험상품],118349,1842768276000,외국생보사,D,SH160,신계약(23.3월 이후)
15,202306,0010622,동양생명보험주식회사,A,[일반계정 보험상품],248187,3605189993000,외국생보사,D,SH160,신계약(23.3월 이후)
16,202306,0010622,동양생명보험주식회사,A1,[일반계정 보험상품]_개인,248187,3605189993000,외국생보사,D,SH160,신계약(23.3월 이후)
17,202306,0010622,동양생명보험주식회사,A11,[일반계정 보험상품]_개인_보장성,240387,3353402844000,외국생보사,D,SH160,신계약(23.3월 이후)
18,202306,0010622,동양생명보험주식회사,A111,[일반계정 보험상품]_개인_보장성_사망담보,138699,2347683000000,외국생보사,D,SH160,신계약(23.3월 이후)
19,202306,0010622,동양생명보험주식회사,A111A,[일반계정 보험상품]_개인_보장성_사망담보_(종신보험),126557,2254597000000,외국생보사,D,SH160,신계약(23.3월 이후)
20,202306,0010622,동양생명보험주식회사,A112,[일반계정 보험상품]_개인_보장성_사망담보_사망담보외,101688,1005719844000,외국생보사,D,SH160,신계약(23.3월 이후)
21,202306,0010622,동양생명보험주식회사,A12,[일반계정 보험상품]_개인_보장성_저축성,7800,251787149000,외국생보사,D,SH160,신계약(23.3월 이후)
22,202306,0010622,동양생명보험주식회사,A2,[일반계정 보험상품]_개인_단체,0,0,외국생보사,D,SH160,신계약(23.3월 이후)
23,202306,0010622,동양생명보험주식회사,B,[특별계정 보험상품],14428,36549701000,외국생보사,D,SH160,신계약(23.3월 이후)
24,202306,0010622,동양생명보험주식회사,B1,[특별계정 보험상품]_연금저축,516,14729280000,외국생보사,D,SH160,신계약(23.3월 이후)
25,202306,0010622,동양생명보험주식회사,B2,[특별계정 보험상품]_연금저축_자산연계형, , ,외국생보사,D,SH160,신계약(23.3월 이후)
26,202306,0010622,동양생명보험주식회사,B3,[특별계정 보험상품]_연금저축_퇴직연금,13846,12891421000,외국생보사,D,SH160,신계약(23.3월 이후)
27,202306,0010622,동양생명보험주식회사,B4,[특별계정 보험상품]_연금저축_퇴직보험, , ,외국생보사,D,SH160,신계약(23.3월 이후)
28,202306,0010622,동양생명보험주식회사,B5,[특별계정 보험상품]_연금저축_변액보험,66,8929000000,외국생보사,D,SH160,신계약(23.3월 이후)
29,202306,0010622,동양생명보험주식회사,C,[일반계정 보험상품 + 특별계정 보험상품],262615,3641739694000,외국생보사,D,SH160,신계약(23.3월 이후)
30,202309,0010622,동양생명보험주식회사,A,[일반계정 보험상품],370361,5417379112000,외국생보사,D,SH160,신계약(23.3월 이후)
31,202309,0010622,동양생명보험주식회사,A1,[일반계정 보험상품]_개인,370361,5417379112000,외국생보사,D,SH160,신계약(23.3월 이후)
32,202309,0010622,동양생명보험주식회사,A11,[일반계정 보험상품]_개인_보장성,355486,4906822400000,외국생보사,D,SH160,신계약(23.3월 이후)
33,202309,0010622,동양생명보험주식회사,A111,[일반계정 보험상품]_개인_보장성_사망담보,241739,3508081000000,외국생보사,D,SH160,신계약(23.3월 이후)
34,202309,0010622,동양생명보험주식회사,A111A,[일반계정 보험상품]_개인_보장성_사망담보_(종신보험),223660,3385547000000,외국생보사,D,SH160,신계약(23.3월 이후)
35,202309,0010622,동양생명보험주식회사,A112,[일반계정 보험상품]_개인_보장성_사망담보_사망담보외,113747,1398741400000,외국생보사,D,SH160,신계약(23.3월 이후)
36,202309,0010622,동양생명보험주식회사,A12,[일반계정 보험상품]_개인_보장성_저축성,14875,510556712000,외국생보사,D,SH160,신계약(23.3월 이후)
37,202309,0010622,동양생명보험주식회사,A2,[일반계정 보험상품]_개인_단체,0,0,외국생보사,D,SH160,신계약(23.3월 이후)
38,202309,0010622,동양생명보험주식회사,B,[특별계정 보험상품],14549,40319983000,외국생보사,D,SH160,신계약(23.3월 이후)
39,202309,0010622,동양생명보험주식회사,B1,[특별계정 보험상품]_연금저축,609,17415240000,외국생보사,D,SH160,신계약(23.3월 이후)
40,202309,0010622,동양생명보험주식회사,B2,[특별계정 보험상품]_연금저축_자산연계형, , ,외국생보사,D,SH160,신계약(23.3월 이후)
41,202309,0010622,동양생명보험주식회사,B3,[특별계정 보험상품]_연금저축_퇴직연금,13866,13399743000,외국생보사,D,SH160,신계약(23.3월 이후)
42,202309,0010622,동양생명보험주식회사,B4,[특별계정 보험상품]_연금저축_퇴직보험, , ,외국생보사,D,SH160,신계약(23.3월 이후)
43,202309,0010622,동양생명보험주식회사,B5,[특별계정 보험상품]_연금저축_변액보험,74,9505000000,외국생보사,D,SH160,신계약(23.3월 이후)
44,202309,0010622,동양생명보험주식회사,C,[일반계정 보험상품 + 특별계정 보험상품],384910,5457699095000,외국생보사,D,SH160,신계약(23.3월 이후)
45,202312,0010622,동양생명보험주식회사,A,[일반계정 보험상품],493802,7286026285000,외국생보사,D,SH160,신계약(23.3월 이후)
46,202312,0010622,동양생명보험주식회사,A1,[일반계정 보험상품]_개인,493802,7286026285000,외국생보사,D,SH160,신계약(23.3월 이후)
47,202312,0010622,동양생명보험주식회사,A11,[일반계정 보험상품]_개인_보장성,469892,6331012304000,외국생보사,D,SH160,신계약(23.3월 이후)
48,202312,0010622,동양생명보험주식회사,A111,[일반계정 보험상품]_개인_보장성_사망담보,316574,4488135000000,외국생보사,D,SH160,신계약(23.3월 이후)
49,202312,0010622,동양생명보험주식회사,A111A,[일반계정 보험상품]_개인_보장성_사망담보_(종신보험),292491,4339679000000,외국생보사,D,SH160,신계약(23.3월 이후)
50,202312,0010622,동양생명보험주식회사,A112,[일반계정 보험상품]_개인_보장성_사망담보_사망담보외,153318,1842877304000,외국생보사,D,SH160,신계약(23.3월 이후)
51,202312,0010622,동양생명보험주식회사,A12,[일반계정 보험상품]_개인_보장성_저축성,23910,955013981000,외국생보사,D,SH160,신계약(23.3월 이후)
52,202312,0010622,동양생명보험주식회사,A2,[일반계정 보험상품]_개인_단체,0,0,외국생보사,D,SH160,신계약(23.3월 이후)
53,202312,0010622,동양생명보험주식회사,B,[특별계정 보험상품],19737,92345850000,외국생보사,D,SH160,신계약(23.3월 이후)
54,202312,0010622,동양생명보험주식회사,B1,[특별계정 보험상품]_연금저축,706,20265840000,외국생보사,D,SH160,신계약(23.3월 이후)
55,202312,0010622,동양생명보험주식회사,B2,[특별계정 보험상품]_연금저축_자산연계형, , ,외국생보사,D,SH160,신계약(23.3월 이후)
56,202312,0010622,동양생명보험주식회사,B3,[특별계정 보험상품]_연금저축_퇴직연금,18955,62281010000,외국생보사,D,SH160,신계약(23.3월 이후)
57,202312,0010622,동양생명보험주식회사,B4,[특별계정 보험상품]_연금저축_퇴직보험, , ,외국생보사,D,SH160,신계약(23.3월 이후)
58,202312,0010622,동양생명보험주식회사,B5,[특별계정 보험상품]_연금저축_변액보험,76,9799000000,외국생보사,D,SH160,신계약(23.3월 이후)
59,202312,0010622,동양생명보험주식회사,C,[일반계정 보험상품 + 특별계정 보험상품],513539,7378372135000,외국생보사,D,SH160,신계약(23.3월 이후)
0,202303,0011434,라이나생명보험주식회사,A,[일반계정 보험상품],233361,2763519948000,외국생보사,D,SH160,신계약(23.3월 이후)
1,202303,0011434,라이나생명보험주식회사,A1,[일반계정 보험상품]_개인,233361,2763519948000,외국생보사,D,SH160,신계약(23.3월 이후)
2,202303,0011434,라이나생명보험주식회사,A11,[일반계정 보험상품]_개인_보장성,233361,2763519948000,외국생보사,D,SH160,신계약(23.3월 이후)
3,202303,0011434,라이나생명보험주식회사,A111,[일반계정 보험상품]_개인_보장성_사망담보,4153,172288000000,외국생보사,D,SH160,신계약(23.3월 이후)
4,202303,0011434,라이나생명보험주식회사,A111A,[일반계정 보험상품]_개인_보장성_사망담보_(종신보험),3126,114395000000,외국생보사,D,SH160,신계약(23.3월 이후)
5,202303,0011434,라이나생명보험주식회사,A112,[일반계정 보험상품]_개인_보장성_사망담보_사망담보외,229208,2591231948000,외국생보사,D,SH160,신계약(23.3월 이후)
6,202303,0011434,라이나생명보험주식회사,A12,[일반계정 보험상품]_개인_보장성_저축성,0,0,외국생보사,D,SH160,신계약(23.3월 이후)
7,202303,0011434,라이나생명보험주식회사,A2,[일반계정 보험상품]_개인_단체,0,0,외국생보사,D,SH160,신계약(23.3월 이후)
8,202303,0011434,라이나생명보험주식회사,B,[특별계정 보험상품],0,0,외국생보사,D,SH160,신계약(23.3월 이후)
9,202303,0011434,라이나생명보험주식회사,B1,[특별계정 보험상품]_연금저축,0,0,외국생보사,D,SH160,신계약(23.3월 이후)
10,202303,0011434,라이나생명보험주식회사,B2,[특별계정 보험상품]_연금저축_자산연계형, , ,외국생보사,D,SH160,신계약(23.3월 이후)
11,202303,0011434,라이나생명보험주식회사,B3,[특별계정 보험상품]_연금저축_퇴직연금, , ,외국생보사,D,SH160,신계약(23.3월 이후)
12,202303,0011434,라이나생명보험주식회사,B4,[특별계정 보험상품]_연금저축_퇴직보험, , ,외국생보사,D,SH160,신계약(23.3월 이후)
13,202303,0011434,라이나생명보험주식회사,B5,[특별계정 보험상품]_연금저축_변액보험,0,0,외국생보사,D,SH160,신계약(23.3월 이후)
14,202303,0011434,라이나생명보험주식회사,C,[일반계정 보험상품 + 특별계정 보험상품],233361,2763519948000,외국생보사,D,SH160,신계약(23.3월 이후)
15,202306,0011434,라이나생명보험주식회사,A,[일반계정 보험상품],461445,5570006477000,외국생보사,D,SH160,신계약(23.3월 이후)
16,202306,0011434,라이나생명보험주식회사,A1,[일반계정 보험상품]_개인,461445,5570006477000,외국생보사,D,SH160,신계약(23.3월 이후)
17,202306,0011434,라이나생명보험주식회사,A11,[일반계정 보험상품]_개인_보장성,461445,5570006477000,외국생보사,D,SH160,신계약(23.3월 이후)
18,202306,0011434,라이나생명보험주식회사,A111,[일반계정 보험상품]_개인_보장성_사망담보,9323,361575000000,외국생보사,D,SH160,신계약(23.3월 이후)
19,202306,0011434,라이나생명보험주식회사,A111A,[일반계정 보험상품]_개인_보장성_사망담보_(종신보험),7332,247605000000,외국생보사,D,SH160,신계약(23.3월 이후)
20,202306,0011434,라이나생명보험주식회사,A112,[일반계정 보험상품]_개인_보장성_사망담보_사망담보외,452122,5208431477000,외국생보사,D,SH160,신계약(23.3월 이후)
21,202306,0011434,라이나생명보험주식회사,A12,[일반계정 보험상품]_개인_보장성_저축성,0,0,외국생보사,D,SH160,신계약(23.3월 이후)
22,202306,0011434,라이나생명보험주식회사,A2,[일반계정 보험상품]_개인_단체,0,0,외국생보사,D,SH160,신계약(23.3월 이후)
23,202306,0011434,라이나생명보험주식회사,B,[특별계정 보험상품],0,0,외국생보사,D,SH160,신계약(23.3월 이후)
24,202306,0011434,라이나생명보험주식회사,B1,[특별계정 보험상품]_연금저축,0,0,외국생보사,D,SH160,신계약(23.3월 이후)
25,202306,0011434,라이나생명보험주식회사,B2,[특별계정 보험상품]_연금저축_자산연계형, , ,외국생보사,D,SH160,신계약(23.3월 이후)
26,202306,0011434,라이나생명보험주식회사,B3,[특별계정 보험상품]_연금저축_퇴직연금, , ,외국생보사,D,SH160,신계약(23.3월 이후)
27,202306,0011434,라이나생명보험주식회사,B4,[특별계정 보험상품]_연금저축_퇴직보험, , ,외국생보사,D,SH160,신계약(23.3월 이후)
28,202306,0011434,라이나생명보험주식회사,B5,[특별계정 보험상품]_연금저축_변액보험,0,0,외국생보사,D,SH160,신계약(23.3월 이후)
29,202306,0011434,라이나생명보험주식회사,C,[일반계정 보험상품 + 특별계정 보험상품],461445,5570006477000,외국생보사,D,SH160,신계약(23.3월 이후)
30,202309,0011434,라이나생명보험주식회사,A,[일반계정 보험상품],693884,8659391254000,외국생보사,D,SH160,신계약(23.3월 이후)
31,202309,0011434,라이나생명보험주식회사,A1,[일반계정 보험상품]_개인,693884,8659391254000,외국생보사,D,SH160,신계약(23.3월 이후)
32,202309,0011434,라이나생명보험주식회사,A11,[일반계정 보험상품]_개인_보장성,693884,8659391254000,외국생보사,D,SH160,신계약(23.3월 이후)
33,202309,0011434,라이나생명보험주식회사,A111,[일반계정 보험상품]_개인_보장성_사망담보,14546,553965000000,외국생보사,D,SH160,신계약(23.3월 이후)
34,202309,0011434,라이나생명보험주식회사,A111A,[일반계정 보험상품]_개인_보장성_사망담보_(종신보험),11516,382695000000,외국생보사,D,SH160,신계약(23.3월 이후)
35,202309,0011434,라이나생명보험주식회사,A112,[일반계정 보험상품]_개인_보장성_사망담보_사망담보외,679338,8105426254000,외국생보사,D,SH160,신계약(23.3월 이후)
36,202309,0011434,라이나생명보험주식회사,A12,[일반계정 보험상품]_개인_보장성_저축성,0,0,외국생보사,D,SH160,신계약(23.3월 이후)
37,202309,0011434,라이나생명보험주식회사,A2,[일반계정 보험상품]_개인_단체,0,0,외국생보사,D,SH160,신계약(23.3월 이후)
38,202309,0011434,라이나생명보험주식회사,B,[특별계정 보험상품],0,0,외국생보사,D,SH160,신계약(23.3월 이후)
39,202309,0011434,라이나생명보험주식회사,B1,[특별계정 보험상품]_연금저축,0,0,외국생보사,D,SH160,신계약(23.3월 이후)
40,202309,0011434,라이나생명보험주식회사,B2,[특별계정 보험상품]_연금저축_자산연계형, , ,외국생보사,D,SH160,신계약(23.3월 이후)
41,202309,0011434,라이나생명보험주식회사,B3,[특별계정 보험상품]_연금저축_퇴직연금, , ,외국생보사,D,SH160,신계약(23.3월 이후)
42,202309,0011434,라이나생명보험주식회사,B4,[특별계정 보험상품]_연금저축_퇴직보험, , ,외국생보사,D,SH160,신계약(23.3월 이후)
43,202309,0011434,라이나생명보험주식회사,B5,[특별계정 보험상품]_연금저축_변액보험,0,0,외국생보사,D,SH160,신계약(23.3월 이후)
44,202309,0011434,라이나생명보험주식회사,C,[일반계정 보험상품 + 특별계정 보험상품],693884,8659391254000,외국생보사,D,SH160,신계약(23.3월 이후)
45,202312,0011434,라이나생명보험주식회사,A,[일반계정 보험상품],989065,12517551055000,외국생보사,D,SH160,신계약(23.3월 이후)
46,202312,0011434,라이나생명보험주식회사,A1,[일반계정 보험상품]_개인,989065,12517551055000,외국생보사,D,SH160,신계약(23.3월 이후)
47,202312,0011434,라이나생명보험주식회사,A11,[일반계정 보험상품]_개인_보장성,989065,12517551055000,외국생보사,D,SH160,신계약(23.3월 이후)
48,202312,0011434,라이나생명보험주식회사,A111,[일반계정 보험상품]_개인_보장성_사망담보,19230,741957000000,외국생보사,D,SH160,신계약(23.3월 이후)
49,202312,0011434,라이나생명보험주식회사,A111A,[일반계정 보험상품]_개인_보장성_사망담보_(종신보험),15163,507040000000,외국생보사,D,SH160,신계약(23.3월 이후)
50,202312,0011434,라이나생명보험주식회사,A112,[일반계정 보험상품]_개인_보장성_사망담보_사망담보외,969835,11775594055000,외국생보사,D,SH160,신계약(23.3월 이후)
51,202312,0011434,라이나생명보험주식회사,A12,[일반계정 보험상품]_개인_보장성_저축성,0,0,외국생보사,D,SH160,신계약(23.3월 이후)
52,202312,0011434,라이나생명보험주식회사,A2,[일반계정 보험상품]_개인_단체,0,0,외국생보사,D,SH160,신계약(23.3월 이후)
53,202312,0011434,라이나생명보험주식회사,B,[특별계정 보험상품],0,0,외국생보사,D,SH160,신계약(23.3월 이후)
54,202312,0011434,라이나생명보험주식회사,B1,[특별계정 보험상품]_연금저축,0,0,외국생보사,D,SH160,신계약(23.3월 이후)
55,202312,0011434,라이나생명보험주식회사,B2,[특별계정 보험상품]_연금저축_자산연계형, , ,외국생보사,D,SH160,신계약(23.3월 이후)
56,202312,0011434,라이나생명보험주식회사,B3,[특별계정 보험상품]_연금저축_퇴직연금, , ,외국생보사,D,SH160,신계약(23.3월 이후)
57,202312,0011434,라이나생명보험주식회사,B4,[특별계정 보험상품]_연금저축_퇴직보험, , ,외국생보사,D,SH160,신계약(23.3월 이후)
58,202312,0011434,라이나생명보험주식회사,B5,[특별계정 보험상품]_연금저축_변액보험,0,0,외국생보사,D,SH160,신계약(23.3월 이후)
59,202312,0011434,라이나생명보험주식회사,C,[일반계정 보험상품 + 특별계정 보험상품],989065,12517551055000,외국생보사,D,SH160,신계약(23.3월 이후)
0,202303,0010620,메트라이프생명보험(주),A,[일반계정 보험상품],30557,1063774329000,외국생보사,D,SH160,신계약(23.3월 이후)
1,202303,0010620,메트라이프생명보험(주),A1,[일반계정 보험상품]_개인,30557,1063774329000,외국생보사,D,SH160,신계약(23.3월 이후)
2,202303,0010620,메트라이프생명보험(주),A11,[일반계정 보험상품]_개인_보장성,30555,1063198329000,외국생보사,D,SH160,신계약(23.3월 이후)
3,202303,0010620,메트라이프생명보험(주),A111,[일반계정 보험상품]_개인_보장성_사망담보,26363,919766329000,외국생보사,D,SH160,신계약(23.3월 이후)
4,202303,0010620,메트라이프생명보험(주),A111A,[일반계정 보험상품]_개인_보장성_사망담보_(종신보험),24671,651724736000,외국생보사,D,SH160,신계약(23.3월 이후)
5,202303,0010620,메트라이프생명보험(주),A112,[일반계정 보험상품]_개인_보장성_사망담보_사망담보외,4192,143432000000,외국생보사,D,SH160,신계약(23.3월 이후)
6,202303,0010620,메트라이프생명보험(주),A12,[일반계정 보험상품]_개인_보장성_저축성,2,576000000,외국생보사,D,SH160,신계약(23.3월 이후)
7,202303,0010620,메트라이프생명보험(주),A2,[일반계정 보험상품]_개인_단체,0,0,외국생보사,D,SH160,신계약(23.3월 이후)
8,202303,0010620,메트라이프생명보험(주),B,[특별계정 보험상품],6631,569941200000,외국생보사,D,SH160,신계약(23.3월 이후)
9,202303,0010620,메트라이프생명보험(주),B1,[특별계정 보험상품]_연금저축,0,0,외국생보사,D,SH160,신계약(23.3월 이후)
10,202303,0010620,메트라이프생명보험(주),B2,[특별계정 보험상품]_연금저축_자산연계형,1021,68110000000,외국생보사,D,SH160,신계약(23.3월 이후)
11,202303,0010620,메트라이프생명보험(주),B3,[특별계정 보험상품]_연금저축_퇴직연금,0,0,외국생보사,D,SH160,신계약(23.3월 이후)
12,202303,0010620,메트라이프생명보험(주),B4,[특별계정 보험상품]_연금저축_퇴직보험,0,0,외국생보사,D,SH160,신계약(23.3월 이후)
13,202303,0010620,메트라이프생명보험(주),B5,[특별계정 보험상품]_연금저축_변액보험,5610,501831200000,외국생보사,D,SH160,신계약(23.3월 이후)
14,202303,0010620,메트라이프생명보험(주),C,[일반계정 보험상품 + 특별계정 보험상품],37188,1633715529000,외국생보사,D,SH160,신계약(23.3월 이후)
15,202306,0010620,메트라이프생명보험(주),A,[일반계정 보험상품],56379,2098588154000,외국생보사,D,SH160,신계약(23.3월 이후)
16,202306,0010620,메트라이프생명보험(주),A1,[일반계정 보험상품]_개인,56379,2098588154000,외국생보사,D,SH160,신계약(23.3월 이후)
17,202306,0010620,메트라이프생명보험(주),A11,[일반계정 보험상품]_개인_보장성,56373,2098681854000,외국생보사,D,SH160,신계약(23.3월 이후)
18,202306,0010620,메트라이프생명보험(주),A111,[일반계정 보험상품]_개인_보장성_사망담보,48266,1833838854000,외국생보사,D,SH160,신계약(23.3월 이후)
19,202306,0010620,메트라이프생명보험(주),A111A,[일반계정 보험상품]_개인_보장성_사망담보_(종신보험),43209,1240722998000,외국생보사,D,SH160,신계약(23.3월 이후)
20,202306,0010620,메트라이프생명보험(주),A112,[일반계정 보험상품]_개인_보장성_사망담보_사망담보외,8107,264843000000,외국생보사,D,SH160,신계약(23.3월 이후)
21,202306,0010620,메트라이프생명보험(주),A12,[일반계정 보험상품]_개인_보장성_저축성,6,-93700000,외국생보사,D,SH160,신계약(23.3월 이후)
22,202306,0010620,메트라이프생명보험(주),A2,[일반계정 보험상품]_개인_단체,0,0,외국생보사,D,SH160,신계약(23.3월 이후)
23,202306,0010620,메트라이프생명보험(주),B,[특별계정 보험상품],11031,919478160000,외국생보사,D,SH160,신계약(23.3월 이후)
24,202306,0010620,메트라이프생명보험(주),B1,[특별계정 보험상품]_연금저축,0,0,외국생보사,D,SH160,신계약(23.3월 이후)
25,202306,0010620,메트라이프생명보험(주),B2,[특별계정 보험상품]_연금저축_자산연계형,1740,114374000000,외국생보사,D,SH160,신계약(23.3월 이후)
26,202306,0010620,메트라이프생명보험(주),B3,[특별계정 보험상품]_연금저축_퇴직연금,0,0,외국생보사,D,SH160,신계약(23.3월 이후)
27,202306,0010620,메트라이프생명보험(주),B4,[특별계정 보험상품]_연금저축_퇴직보험,0,0,외국생보사,D,SH160,신계약(23.3월 이후)
28,202306,0010620,메트라이프생명보험(주),B5,[특별계정 보험상품]_연금저축_변액보험,9291,805104160000,외국생보사,D,SH160,신계약(23.3월 이후)
29,202306,0010620,메트라이프생명보험(주),C,[일반계정 보험상품 + 특별계정 보험상품],67410,3018066314000,외국생보사,D,SH160,신계약(23.3월 이후)
30,202309,0010620,메트라이프생명보험(주),A,[일반계정 보험상품],89217,3331030361000,외국생보사,D,SH160,신계약(23.3월 이후)
31,202309,0010620,메트라이프생명보험(주),A1,[일반계정 보험상품]_개인,89217,3331030361000,외국생보사,D,SH160,신계약(23.3월 이후)
32,202309,0010620,메트라이프생명보험(주),A11,[일반계정 보험상품]_개인_보장성,89199,3330324061000,외국생보사,D,SH160,신계약(23.3월 이후)
33,202309,0010620,메트라이프생명보험(주),A111,[일반계정 보험상품]_개인_보장성_사망담보,77140,2953417061000,외국생보사,D,SH160,신계약(23.3월 이후)
34,202309,0010620,메트라이프생명보험(주),A111A,[일반계정 보험상품]_개인_보장성_사망담보_(종신보험),69429,2029690000000,외국생보사,D,SH160,신계약(23.3월 이후)
35,202309,0010620,메트라이프생명보험(주),A112,[일반계정 보험상품]_개인_보장성_사망담보_사망담보외,12059,376907000000,외국생보사,D,SH160,신계약(23.3월 이후)
36,202309,0010620,메트라이프생명보험(주),A12,[일반계정 보험상품]_개인_보장성_저축성,18,706300000,외국생보사,D,SH160,신계약(23.3월 이후)
37,202309,0010620,메트라이프생명보험(주),A2,[일반계정 보험상품]_개인_단체,0,0,외국생보사,D,SH160,신계약(23.3월 이후)
38,202309,0010620,메트라이프생명보험(주),B,[특별계정 보험상품],17949,1413996453000,외국생보사,D,SH160,신계약(23.3월 이후)
39,202309,0010620,메트라이프생명보험(주),B1,[특별계정 보험상품]_연금저축,0,0,외국생보사,D,SH160,신계약(23.3월 이후)
40,202309,0010620,메트라이프생명보험(주),B2,[특별계정 보험상품]_연금저축_자산연계형,2480,160098000000,외국생보사,D,SH160,신계약(23.3월 이후)
41,202309,0010620,메트라이프생명보험(주),B3,[특별계정 보험상품]_연금저축_퇴직연금,0,0,외국생보사,D,SH160,신계약(23.3월 이후)
42,202309,0010620,메트라이프생명보험(주),B4,[특별계정 보험상품]_연금저축_퇴직보험,0,0,외국생보사,D,SH160,신계약(23.3월 이후)
43,202309,0010620,메트라이프생명보험(주),B5,[특별계정 보험상품]_연금저축_변액보험,13902,1128988210000,외국생보사,D,SH160,신계약(23.3월 이후)
44,202309,0010620,메트라이프생명보험(주),C,[일반계정 보험상품 + 특별계정 보험상품],107166,4745026814000,외국생보사,D,SH160,신계약(23.3월 이후)
45,202312,0010620,메트라이프생명보험(주),A,[일반계정 보험상품],107429,4006955241000,외국생보사,D,SH160,신계약(23.3월 이후)
46,202312,0010620,메트라이프생명보험(주),A1,[일반계정 보험상품]_개인,107429,4006955241000,외국생보사,D,SH160,신계약(23.3월 이후)
47,202312,0010620,메트라이프생명보험(주),A11,[일반계정 보험상품]_개인_보장성,107383,4004874061000,외국생보사,D,SH160,신계약(23.3월 이후)
48,202312,0010620,메트라이프생명보험(주),A111,[일반계정 보험상품]_개인_보장성_사망담보,90633,3510093061000,외국생보사,D,SH160,신계약(23.3월 이후)
49,202312,0010620,메트라이프생명보험(주),A111A,[일반계정 보험상품]_개인_보장성_사망담보_(종신보험),80240,2305629000000,외국생보사,D,SH160,신계약(23.3월 이후)
50,202312,0010620,메트라이프생명보험(주),A112,[일반계정 보험상품]_개인_보장성_사망담보_사망담보외,16750,494781000000,외국생보사,D,SH160,신계약(23.3월 이후)
51,202312,0010620,메트라이프생명보험(주),A12,[일반계정 보험상품]_개인_보장성_저축성,46,2081180000,외국생보사,D,SH160,신계약(23.3월 이후)
52,202312,0010620,메트라이프생명보험(주),A2,[일반계정 보험상품]_개인_단체,0,0,외국생보사,D,SH160,신계약(23.3월 이후)
53,202312,0010620,메트라이프생명보험(주),B,[특별계정 보험상품],25494,1956266441000,외국생보사,D,SH160,신계약(23.3월 이후)
54,202312,0010620,메트라이프생명보험(주),B1,[특별계정 보험상품]_연금저축,0,0,외국생보사,D,SH160,신계약(23.3월 이후)
55,202312,0010620,메트라이프생명보험(주),B2,[특별계정 보험상품]_연금저축_자산연계형,4008,265645000000,외국생보사,D,SH160,신계약(23.3월 이후)
56,202312,0010620,메트라이프생명보험(주),B3,[특별계정 보험상품]_연금저축_퇴직연금,0,0,외국생보사,D,SH160,신계약(23.3월 이후)
57,202312,0010620,메트라이프생명보험(주),B4,[특별계정 보험상품]_연금저축_퇴직보험,0,0,외국생보사,D,SH160,신계약(23.3월 이후)
58,202312,0010620,메트라이프생명보험(주),B5,[특별계정 보험상품]_연금저축_변액보험,18501,1460998060000,외국생보사,D,SH160,신계약(23.3월 이후)
59,202312,0010620,메트라이프생명보험(주),C,[일반계정 보험상품 + 특별계정 보험상품],132923,5963221682000,외국생보사,D,SH160,신계약(23.3월 이후)
0,202303,0011226,비엔피파리바카디프생명보험주식회사,A,[일반계정 보험상품],6175,165709784000,외국생보사,D,SH160,신계약(23.3월 이후)
1,202303,0011226,비엔피파리바카디프생명보험주식회사,A1,[일반계정 보험상품]_개인,1438,95936985000,외국생보사,D,SH160,신계약(23.3월 이후)
2,202303,0011226,비엔피파리바카디프생명보험주식회사,A11,[일반계정 보험상품]_개인_보장성,1438,95936985000,외국생보사,D,SH160,신계약(23.3월 이후)
3,202303,0011226,비엔피파리바카디프생명보험주식회사,A111,[일반계정 보험상품]_개인_보장성_사망담보,1152,84478000000,외국생보사,D,SH160,신계약(23.3월 이후)
4,202303,0011226,비엔피파리바카디프생명보험주식회사,A111A,[일반계정 보험상품]_개인_보장성_사망담보_(종신보험), , ,외국생보사,D,SH160,신계약(23.3월 이후)
5,202303,0011226,비엔피파리바카디프생명보험주식회사,A112,[일반계정 보험상품]_개인_보장성_사망담보_사망담보외,286,11458985000,외국생보사,D,SH160,신계약(23.3월 이후)
6,202303,0011226,비엔피파리바카디프생명보험주식회사,A12,[일반계정 보험상품]_개인_보장성_저축성,0,0,외국생보사,D,SH160,신계약(23.3월 이후)
7,202303,0011226,비엔피파리바카디프생명보험주식회사,A2,[일반계정 보험상품]_개인_단체,4737,69772799000,외국생보사,D,SH160,신계약(23.3월 이후)
8,202303,0011226,비엔피파리바카디프생명보험주식회사,B,[특별계정 보험상품],1073,34921600000,외국생보사,D,SH160,신계약(23.3월 이후)
9,202303,0011226,비엔피파리바카디프생명보험주식회사,B1,[특별계정 보험상품]_연금저축,0,0,외국생보사,D,SH160,신계약(23.3월 이후)
10,202303,0011226,비엔피파리바카디프생명보험주식회사,B2,[특별계정 보험상품]_연금저축_자산연계형, , ,외국생보사,D,SH160,신계약(23.3월 이후)
11,202303,0011226,비엔피파리바카디프생명보험주식회사,B3,[특별계정 보험상품]_연금저축_퇴직연금, , ,외국생보사,D,SH160,신계약(23.3월 이후)
12,202303,0011226,비엔피파리바카디프생명보험주식회사,B4,[특별계정 보험상품]_연금저축_퇴직보험, , ,외국생보사,D,SH160,신계약(23.3월 이후)
13,202303,0011226,비엔피파리바카디프생명보험주식회사,B5,[특별계정 보험상품]_연금저축_변액보험,1073,34921600000,외국생보사,D,SH160,신계약(23.3월 이후)
14,202303,0011226,비엔피파리바카디프생명보험주식회사,C,[일반계정 보험상품 + 특별계정 보험상품],7248,200631384000,외국생보사,D,SH160,신계약(23.3월 이후)
15,202306,0011226,비엔피파리바카디프생명보험주식회사,A,[일반계정 보험상품],14652,549678842000,외국생보사,D,SH160,신계약(23.3월 이후)
16,202306,0011226,비엔피파리바카디프생명보험주식회사,A1,[일반계정 보험상품]_개인,6320,422483511000,외국생보사,D,SH160,신계약(23.3월 이후)
17,202306,0011226,비엔피파리바카디프생명보험주식회사,A11,[일반계정 보험상품]_개인_보장성,6320,422483511000,외국생보사,D,SH160,신계약(23.3월 이후)
18,202306,0011226,비엔피파리바카디프생명보험주식회사,A111,[일반계정 보험상품]_개인_보장성_사망담보,5763,399002000000,외국생보사,D,SH160,신계약(23.3월 이후)
19,202306,0011226,비엔피파리바카디프생명보험주식회사,A111A,[일반계정 보험상품]_개인_보장성_사망담보_(종신보험), , ,외국생보사,D,SH160,신계약(23.3월 이후)
20,202306,0011226,비엔피파리바카디프생명보험주식회사,A112,[일반계정 보험상품]_개인_보장성_사망담보_사망담보외,557,23481511000,외국생보사,D,SH160,신계약(23.3월 이후)
21,202306,0011226,비엔피파리바카디프생명보험주식회사,A12,[일반계정 보험상품]_개인_보장성_저축성,0,0,외국생보사,D,SH160,신계약(23.3월 이후)
22,202306,0011226,비엔피파리바카디프생명보험주식회사,A2,[일반계정 보험상품]_개인_단체,8332,127195331000,외국생보사,D,SH160,신계약(23.3월 이후)
23,202306,0011226,비엔피파리바카디프생명보험주식회사,B,[특별계정 보험상품],5083,285011900000,외국생보사,D,SH160,신계약(23.3월 이후)
24,202306,0011226,비엔피파리바카디프생명보험주식회사,B1,[특별계정 보험상품]_연금저축,0,0,외국생보사,D,SH160,신계약(23.3월 이후)
25,202306,0011226,비엔피파리바카디프생명보험주식회사,B2,[특별계정 보험상품]_연금저축_자산연계형,2609,204111800000,외국생보사,D,SH160,신계약(23.3월 이후)
26,202306,0011226,비엔피파리바카디프생명보험주식회사,B3,[특별계정 보험상품]_연금저축_퇴직연금, , ,외국생보사,D,SH160,신계약(23.3월 이후)
27,202306,0011226,비엔피파리바카디프생명보험주식회사,B4,[특별계정 보험상품]_연금저축_퇴직보험, , ,외국생보사,D,SH160,신계약(23.3월 이후)
28,202306,0011226,비엔피파리바카디프생명보험주식회사,B5,[특별계정 보험상품]_연금저축_변액보험,2474,80900100000,외국생보사,D,SH160,신계약(23.3월 이후)
29,202306,0011226,비엔피파리바카디프생명보험주식회사,C,[일반계정 보험상품 + 특별계정 보험상품],19735,834690742000,외국생보사,D,SH160,신계약(23.3월 이후)
30,202309,0011226,비엔피파리바카디프생명보험주식회사,A,[일반계정 보험상품],22811,936180214000,외국생보사,D,SH160,신계약(23.3월 이후)
31,202309,0011226,비엔피파리바카디프생명보험주식회사,A1,[일반계정 보험상품]_개인,12105,774367578000,외국생보사,D,SH160,신계약(23.3월 이후)
32,202309,0011226,비엔피파리바카디프생명보험주식회사,A11,[일반계정 보험상품]_개인_보장성,12105,774367578000,외국생보사,D,SH160,신계약(23.3월 이후)
33,202309,0011226,비엔피파리바카디프생명보험주식회사,A111,[일반계정 보험상품]_개인_보장성_사망담보,11195,732688000000,외국생보사,D,SH160,신계약(23.3월 이후)
34,202309,0011226,비엔피파리바카디프생명보험주식회사,A111A,[일반계정 보험상품]_개인_보장성_사망담보_(종신보험), , ,외국생보사,D,SH160,신계약(23.3월 이후)
35,202309,0011226,비엔피파리바카디프생명보험주식회사,A112,[일반계정 보험상품]_개인_보장성_사망담보_사망담보외,910,41679578000,외국생보사,D,SH160,신계약(23.3월 이후)
36,202309,0011226,비엔피파리바카디프생명보험주식회사,A12,[일반계정 보험상품]_개인_보장성_저축성,0,0,외국생보사,D,SH160,신계약(23.3월 이후)
37,202309,0011226,비엔피파리바카디프생명보험주식회사,A2,[일반계정 보험상품]_개인_단체,10706,161812636000,외국생보사,D,SH160,신계약(23.3월 이후)
38,202309,0011226,비엔피파리바카디프생명보험주식회사,B,[특별계정 보험상품],12969,779032200000,외국생보사,D,SH160,신계약(23.3월 이후)
39,202309,0011226,비엔피파리바카디프생명보험주식회사,B1,[특별계정 보험상품]_연금저축,0,0,외국생보사,D,SH160,신계약(23.3월 이후)
40,202309,0011226,비엔피파리바카디프생명보험주식회사,B2,[특별계정 보험상품]_연금저축_자산연계형,8992,651023500000,외국생보사,D,SH160,신계약(23.3월 이후)
41,202309,0011226,비엔피파리바카디프생명보험주식회사,B3,[특별계정 보험상품]_연금저축_퇴직연금, , ,외국생보사,D,SH160,신계약(23.3월 이후)
42,202309,0011226,비엔피파리바카디프생명보험주식회사,B4,[특별계정 보험상품]_연금저축_퇴직보험, , ,외국생보사,D,SH160,신계약(23.3월 이후)
43,202309,0011226,비엔피파리바카디프생명보험주식회사,B5,[특별계정 보험상품]_연금저축_변액보험,3977,128008700000,외국생보사,D,SH160,신계약(23.3월 이후)
44,202309,0011226,비엔피파리바카디프생명보험주식회사,C,[일반계정 보험상품 + 특별계정 보험상품],35780,1715212414000,외국생보사,D,SH160,신계약(23.3월 이후)
45,202312,0011226,비엔피파리바카디프생명보험주식회사,A,[일반계정 보험상품],38635,1379125822000,외국생보사,D,SH160,신계약(23.3월 이후)
46,202312,0011226,비엔피파리바카디프생명보험주식회사,A1,[일반계정 보험상품]_개인,16853,1082411185000,외국생보사,D,SH160,신계약(23.3월 이후)
47,202312,0011226,비엔피파리바카디프생명보험주식회사,A11,[일반계정 보험상품]_개인_보장성,16853,1082411185000,외국생보사,D,SH160,신계약(23.3월 이후)
48,202312,0011226,비엔피파리바카디프생명보험주식회사,A111,[일반계정 보험상품]_개인_보장성_사망담보,15680,1027900000000,외국생보사,D,SH160,신계약(23.3월 이후)
49,202312,0011226,비엔피파리바카디프생명보험주식회사,A111A,[일반계정 보험상품]_개인_보장성_사망담보_(종신보험), , ,외국생보사,D,SH160,신계약(23.3월 이후)
50,202312,0011226,비엔피파리바카디프생명보험주식회사,A112,[일반계정 보험상품]_개인_보장성_사망담보_사망담보외,1173,54511185000,외국생보사,D,SH160,신계약(23.3월 이후)
51,202312,0011226,비엔피파리바카디프생명보험주식회사,A12,[일반계정 보험상품]_개인_보장성_저축성,0,0,외국생보사,D,SH160,신계약(23.3월 이후)
52,202312,0011226,비엔피파리바카디프생명보험주식회사,A2,[일반계정 보험상품]_개인_단체,21782,296714637000,외국생보사,D,SH160,신계약(23.3월 이후)
53,202312,0011226,비엔피파리바카디프생명보험주식회사,B,[특별계정 보험상품],13815,819469300000,외국생보사,D,SH160,신계약(23.3월 이후)
54,202312,0011226,비엔피파리바카디프생명보험주식회사,B1,[특별계정 보험상품]_연금저축,0,0,외국생보사,D,SH160,신계약(23.3월 이후)
55,202312,0011226,비엔피파리바카디프생명보험주식회사,B2,[특별계정 보험상품]_연금저축_자산연계형,8979,650333500000,외국생보사,D,SH160,신계약(23.3월 이후)
56,202312,0011226,비엔피파리바카디프생명보험주식회사,B3,[특별계정 보험상품]_연금저축_퇴직연금, , ,외국생보사,D,SH160,신계약(23.3월 이후)
57,202312,0011226,비엔피파리바카디프생명보험주식회사,B4,[특별계정 보험상품]_연금저축_퇴직보험, , ,외국생보사,D,SH160,신계약(23.3월 이후)
58,202312,0011226,비엔피파리바카디프생명보험주식회사,B5,[특별계정 보험상품]_연금저축_변액보험,4836,169135800000,외국생보사,D,SH160,신계약(23.3월 이후)
59,202312,0011226,비엔피파리바카디프생명보험주식회사,C,[일반계정 보험상품 + 특별계정 보험상품],52450,2198595122000,외국생보사,D,SH160,신계약(23.3월 이후)
0,202303,0010594,에이비엘생명보험주식회사,A,[일반계정 보험상품],642772,6589698880000,외국생보사,D,SH160,신계약(23.3월 이후)
1,202303,0010594,에이비엘생명보험주식회사,A1,[일반계정 보험상품]_개인,31962,597667380000,외국생보사,D,SH160,신계약(23.3월 이후)
2,202303,0010594,에이비엘생명보험주식회사,A11,[일반계정 보험상품]_개인_보장성,29318,592787300000,외국생보사,D,SH160,신계약(23.3월 이후)
3,202303,0010594,에이비엘생명보험주식회사,A111,[일반계정 보험상품]_개인_보장성_사망담보,9175,506072300000,외국생보사,D,SH160,신계약(23.3월 이후)
4,202303,0010594,에이비엘생명보험주식회사,A111A,[일반계정 보험상품]_개인_보장성_사망담보_(종신보험),9133,498550000000,외국생보사,D,SH160,신계약(23.3월 이후)
5,202303,0010594,에이비엘생명보험주식회사,A112,[일반계정 보험상품]_개인_보장성_사망담보_사망담보외,20143,86715000000,외국생보사,D,SH160,신계약(23.3월 이후)
6,202303,0010594,에이비엘생명보험주식회사,A12,[일반계정 보험상품]_개인_보장성_저축성,2644,4880080000,외국생보사,D,SH160,신계약(23.3월 이후)
7,202303,0010594,에이비엘생명보험주식회사,A2,[일반계정 보험상품]_개인_단체,610810,5992031500000,외국생보사,D,SH160,신계약(23.3월 이후)
8,202303,0010594,에이비엘생명보험주식회사,B,[특별계정 보험상품],838,51286560000,외국생보사,D,SH160,신계약(23.3월 이후)
9,202303,0010594,에이비엘생명보험주식회사,B1,[특별계정 보험상품]_연금저축,192,2175600000,외국생보사,D,SH160,신계약(23.3월 이후)
10,202303,0010594,에이비엘생명보험주식회사,B2,[특별계정 보험상품]_연금저축_자산연계형,0,0,외국생보사,D,SH160,신계약(23.3월 이후)
11,202303,0010594,에이비엘생명보험주식회사,B3,[특별계정 보험상품]_연금저축_퇴직연금,0,0,외국생보사,D,SH160,신계약(23.3월 이후)
12,202303,0010594,에이비엘생명보험주식회사,B4,[특별계정 보험상품]_연금저축_퇴직보험,0,0,외국생보사,D,SH160,신계약(23.3월 이후)
13,202303,0010594,에이비엘생명보험주식회사,B5,[특별계정 보험상품]_연금저축_변액보험,646,49110960000,외국생보사,D,SH160,신계약(23.3월 이후)
14,202303,0010594,에이비엘생명보험주식회사,C,[일반계정 보험상품 + 특별계정 보험상품],643610,6640985440000,외국생보사,D,SH160,신계약(23.3월 이후)
15,202306,0010594,에이비엘생명보험주식회사,A,[일반계정 보험상품],741839,8032799820000,외국생보사,D,SH160,신계약(23.3월 이후)
16,202306,0010594,에이비엘생명보험주식회사,A1,[일반계정 보험상품]_개인,72355,1775115320000,외국생보사,D,SH160,신계약(23.3월 이후)
17,202306,0010594,에이비엘생명보험주식회사,A11,[일반계정 보험상품]_개인_보장성,62328,1383787300000,외국생보사,D,SH160,신계약(23.3월 이후)
18,202306,0010594,에이비엘생명보험주식회사,A111,[일반계정 보험상품]_개인_보장성_사망담보,23784,1214408300000,외국생보사,D,SH160,신계약(23.3월 이후)
19,202306,0010594,에이비엘생명보험주식회사,A111A,[일반계정 보험상품]_개인_보장성_사망담보_(종신보험),23699,1196111000000,외국생보사,D,SH160,신계약(23.3월 이후)
20,202306,0010594,에이비엘생명보험주식회사,A112,[일반계정 보험상품]_개인_보장성_사망담보_사망담보외,38544,169379000000,외국생보사,D,SH160,신계약(23.3월 이후)
21,202306,0010594,에이비엘생명보험주식회사,A12,[일반계정 보험상품]_개인_보장성_저축성,10027,391328020000,외국생보사,D,SH160,신계약(23.3월 이후)
22,202306,0010594,에이비엘생명보험주식회사,A2,[일반계정 보험상품]_개인_단체,669484,6257684500000,외국생보사,D,SH160,신계약(23.3월 이후)
23,202306,0010594,에이비엘생명보험주식회사,B,[특별계정 보험상품],1312,82721340000,외국생보사,D,SH160,신계약(23.3월 이후)
24,202306,0010594,에이비엘생명보험주식회사,B1,[특별계정 보험상품]_연금저축,287,3824880000,외국생보사,D,SH160,신계약(23.3월 이후)
25,202306,0010594,에이비엘생명보험주식회사,B2,[특별계정 보험상품]_연금저축_자산연계형,0,0,외국생보사,D,SH160,신계약(23.3월 이후)
26,202306,0010594,에이비엘생명보험주식회사,B3,[특별계정 보험상품]_연금저축_퇴직연금,0,0,외국생보사,D,SH160,신계약(23.3월 이후)
27,202306,0010594,에이비엘생명보험주식회사,B4,[특별계정 보험상품]_연금저축_퇴직보험,0,0,외국생보사,D,SH160,신계약(23.3월 이후)
28,202306,0010594,에이비엘생명보험주식회사,B5,[특별계정 보험상품]_연금저축_변액보험,1025,78896460000,외국생보사,D,SH160,신계약(23.3월 이후)
29,202306,0010594,에이비엘생명보험주식회사,C,[일반계정 보험상품 + 특별계정 보험상품],743151,8115521160000,외국생보사,D,SH160,신계약(23.3월 이후)
30,202309,0010594,에이비엘생명보험주식회사,A,[일반계정 보험상품],812496,9502820234000,외국생보사,D,SH160,신계약(23.3월 이후)
31,202309,0010594,에이비엘생명보험주식회사,A1,[일반계정 보험상품]_개인,113523,3001673040000,외국생보사,D,SH160,신계약(23.3월 이후)
32,202309,0010594,에이비엘생명보험주식회사,A11,[일반계정 보험상품]_개인_보장성,95420,2201177600000,외국생보사,D,SH160,신계약(23.3월 이후)
33,202309,0010594,에이비엘생명보험주식회사,A111,[일반계정 보험상품]_개인_보장성_사망담보,39992,1954771600000,외국생보사,D,SH160,신계약(23.3월 이후)
34,202309,0010594,에이비엘생명보험주식회사,A111A,[일반계정 보험상품]_개인_보장성_사망담보_(종신보험),39878,1930271000000,외국생보사,D,SH160,신계약(23.3월 이후)
35,202309,0010594,에이비엘생명보험주식회사,A112,[일반계정 보험상품]_개인_보장성_사망담보_사망담보외,55428,246406000000,외국생보사,D,SH160,신계약(23.3월 이후)
36,202309,0010594,에이비엘생명보험주식회사,A12,[일반계정 보험상품]_개인_보장성_저축성,18103,800495440000,외국생보사,D,SH160,신계약(23.3월 이후)
37,202309,0010594,에이비엘생명보험주식회사,A2,[일반계정 보험상품]_개인_단체,698973,6501147194000,외국생보사,D,SH160,신계약(23.3월 이후)
38,202309,0010594,에이비엘생명보험주식회사,B,[특별계정 보험상품],1720,107472204000,외국생보사,D,SH160,신계약(23.3월 이후)
39,202309,0010594,에이비엘생명보험주식회사,B1,[특별계정 보험상품]_연금저축,360,5000880000,외국생보사,D,SH160,신계약(23.3월 이후)
40,202309,0010594,에이비엘생명보험주식회사,B2,[특별계정 보험상품]_연금저축_자산연계형,0,0,외국생보사,D,SH160,신계약(23.3월 이후)
41,202309,0010594,에이비엘생명보험주식회사,B3,[특별계정 보험상품]_연금저축_퇴직연금,0,0,외국생보사,D,SH160,신계약(23.3월 이후)
42,202309,0010594,에이비엘생명보험주식회사,B4,[특별계정 보험상품]_연금저축_퇴직보험,0,7064000,외국생보사,D,SH160,신계약(23.3월 이후)
43,202309,0010594,에이비엘생명보험주식회사,B5,[특별계정 보험상품]_연금저축_변액보험,1360,102464260000,외국생보사,D,SH160,신계약(23.3월 이후)
44,202309,0010594,에이비엘생명보험주식회사,C,[일반계정 보험상품 + 특별계정 보험상품],814216,9610292438000,외국생보사,D,SH160,신계약(23.3월 이후)
45,202312,0010594,에이비엘생명보험주식회사,A,[일반계정 보험상품],892555,10647303824000,외국생보사,D,SH160,신계약(23.3월 이후)
46,202312,0010594,에이비엘생명보험주식회사,A1,[일반계정 보험상품]_개인,143615,3682890130000,외국생보사,D,SH160,신계약(23.3월 이후)
47,202312,0010594,에이비엘생명보험주식회사,A11,[일반계정 보험상품]_개인_보장성,122441,2754432900000,외국생보사,D,SH160,신계약(23.3월 이후)
48,202312,0010594,에이비엘생명보험주식회사,A111,[일반계정 보험상품]_개인_보장성_사망담보,49832,2432949900000,외국생보사,D,SH160,신계약(23.3월 이후)
49,202312,0010594,에이비엘생명보험주식회사,A111A,[일반계정 보험상품]_개인_보장성_사망담보_(종신보험),49634,2393230000000,외국생보사,D,SH160,신계약(23.3월 이후)
50,202312,0010594,에이비엘생명보험주식회사,A112,[일반계정 보험상품]_개인_보장성_사망담보_사망담보외,72609,321483000000,외국생보사,D,SH160,신계약(23.3월 이후)
51,202312,0010594,에이비엘생명보험주식회사,A12,[일반계정 보험상품]_개인_보장성_저축성,21174,928457230000,외국생보사,D,SH160,신계약(23.3월 이후)
52,202312,0010594,에이비엘생명보험주식회사,A2,[일반계정 보험상품]_개인_단체,748940,6964413694000,외국생보사,D,SH160,신계약(23.3월 이후)
53,202312,0010594,에이비엘생명보험주식회사,B,[특별계정 보험상품],2203,137384464000,외국생보사,D,SH160,신계약(23.3월 이후)
54,202312,0010594,에이비엘생명보험주식회사,B1,[특별계정 보험상품]_연금저축,426,5710740000,외국생보사,D,SH160,신계약(23.3월 이후)
55,202312,0010594,에이비엘생명보험주식회사,B2,[특별계정 보험상품]_연금저축_자산연계형,0,0,외국생보사,D,SH160,신계약(23.3월 이후)
56,202312,0010594,에이비엘생명보험주식회사,B3,[특별계정 보험상품]_연금저축_퇴직연금,0,0,외국생보사,D,SH160,신계약(23.3월 이후)
57,202312,0010594,에이비엘생명보험주식회사,B4,[특별계정 보험상품]_연금저축_퇴직보험,0,7064000,외국생보사,D,SH160,신계약(23.3월 이후)
58,202312,0010594,에이비엘생명보험주식회사,B5,[특별계정 보험상품]_연금저축_변액보험,1777,131666660000,외국생보사,D,SH160,신계약(23.3월 이후)
59,202312,0010594,에이비엘생명보험주식회사,C,[일반계정 보험상품 + 특별계정 보험상품],894758,10784688288000,외국생보사,D,SH160,신계약(23.3월 이후)
0,202303,0010615,에이아이에이생명보험 주식회사,A,[일반계정 보험상품],103225,5790089930000,외국생보사,D,SH160,신계약(23.3월 이후)
1,202303,0010615,에이아이에이생명보험 주식회사,A1,[일반계정 보험상품]_개인,93394,3877985930000,외국생보사,D,SH160,신계약(23.3월 이후)
2,202303,0010615,에이아이에이생명보험 주식회사,A11,[일반계정 보험상품]_개인_보장성,93382,3877584680000,외국생보사,D,SH160,신계약(23.3월 이후)
3,202303,0010615,에이아이에이생명보험 주식회사,A111,[일반계정 보험상품]_개인_보장성_사망담보,1040,116169000000,외국생보사,D,SH160,신계약(23.3월 이후)
4,202303,0010615,에이아이에이생명보험 주식회사,A111A,[일반계정 보험상품]_개인_보장성_사망담보_(종신보험),775,87805000000,외국생보사,D,SH160,신계약(23.3월 이후)
5,202303,0010615,에이아이에이생명보험 주식회사,A112,[일반계정 보험상품]_개인_보장성_사망담보_사망담보외,92342,3761415680000,외국생보사,D,SH160,신계약(23.3월 이후)
6,202303,0010615,에이아이에이생명보험 주식회사,A12,[일반계정 보험상품]_개인_보장성_저축성,12,401250000,외국생보사,D,SH160,신계약(23.3월 이후)
7,202303,0010615,에이아이에이생명보험 주식회사,A2,[일반계정 보험상품]_개인_단체,9831,1912104000000,외국생보사,D,SH160,신계약(23.3월 이후)
8,202303,0010615,에이아이에이생명보험 주식회사,B,[특별계정 보험상품],997,97825649570,외국생보사,D,SH160,신계약(23.3월 이후)
9,202303,0010615,에이아이에이생명보험 주식회사,B1,[특별계정 보험상품]_연금저축,0,0,외국생보사,D,SH160,신계약(23.3월 이후)
10,202303,0010615,에이아이에이생명보험 주식회사,B2,[특별계정 보험상품]_연금저축_자산연계형,891,91784449570,외국생보사,D,SH160,신계약(23.3월 이후)
11,202303,0010615,에이아이에이생명보험 주식회사,B3,[특별계정 보험상품]_연금저축_퇴직연금,0,0,외국생보사,D,SH160,신계약(23.3월 이후)
12,202303,0010615,에이아이에이생명보험 주식회사,B4,[특별계정 보험상품]_연금저축_퇴직보험,0,0,외국생보사,D,SH160,신계약(23.3월 이후)
13,202303,0010615,에이아이에이생명보험 주식회사,B5,[특별계정 보험상품]_연금저축_변액보험,106,6041200000,외국생보사,D,SH160,신계약(23.3월 이후)
14,202303,0010615,에이아이에이생명보험 주식회사,C,[일반계정 보험상품 + 특별계정 보험상품],104222,5887915579570,외국생보사,D,SH160,신계약(23.3월 이후)
15,202306,0010615,에이아이에이생명보험 주식회사,A,[일반계정 보험상품],193478,9721610419000,외국생보사,D,SH160,신계약(23.3월 이후)
16,202306,0010615,에이아이에이생명보험 주식회사,A1,[일반계정 보험상품]_개인,181175,7388731219000,외국생보사,D,SH160,신계약(23.3월 이후)
17,202306,0010615,에이아이에이생명보험 주식회사,A11,[일반계정 보험상품]_개인_보장성,181156,7388136769000,외국생보사,D,SH160,신계약(23.3월 이후)
18,202306,0010615,에이아이에이생명보험 주식회사,A111,[일반계정 보험상품]_개인_보장성_사망담보,2041,241197000000,외국생보사,D,SH160,신계약(23.3월 이후)
19,202306,0010615,에이아이에이생명보험 주식회사,A111A,[일반계정 보험상품]_개인_보장성_사망담보_(종신보험),1600,193505000000,외국생보사,D,SH160,신계약(23.3월 이후)
20,202306,0010615,에이아이에이생명보험 주식회사,A112,[일반계정 보험상품]_개인_보장성_사망담보_사망담보외,179115,7146939769000,외국생보사,D,SH160,신계약(23.3월 이후)
21,202306,0010615,에이아이에이생명보험 주식회사,A12,[일반계정 보험상품]_개인_보장성_저축성,19,594450000,외국생보사,D,SH160,신계약(23.3월 이후)
22,202306,0010615,에이아이에이생명보험 주식회사,A2,[일반계정 보험상품]_개인_단체,12303,2332879200000,외국생보사,D,SH160,신계약(23.3월 이후)
23,202306,0010615,에이아이에이생명보험 주식회사,B,[특별계정 보험상품],2061,222353268740,외국생보사,D,SH160,신계약(23.3월 이후)
24,202306,0010615,에이아이에이생명보험 주식회사,B1,[특별계정 보험상품]_연금저축,0,0,외국생보사,D,SH160,신계약(23.3월 이후)
25,202306,0010615,에이아이에이생명보험 주식회사,B2,[특별계정 보험상품]_연금저축_자산연계형,1850,210054368740,외국생보사,D,SH160,신계약(23.3월 이후)
26,202306,0010615,에이아이에이생명보험 주식회사,B3,[특별계정 보험상품]_연금저축_퇴직연금,0,0,외국생보사,D,SH160,신계약(23.3월 이후)
27,202306,0010615,에이아이에이생명보험 주식회사,B4,[특별계정 보험상품]_연금저축_퇴직보험,0,0,외국생보사,D,SH160,신계약(23.3월 이후)
28,202306,0010615,에이아이에이생명보험 주식회사,B5,[특별계정 보험상품]_연금저축_변액보험,211,12298900000,외국생보사,D,SH160,신계약(23.3월 이후)
29,202306,0010615,에이아이에이생명보험 주식회사,C,[일반계정 보험상품 + 특별계정 보험상품],195539,9943963687740,외국생보사,D,SH160,신계약(23.3월 이후)
30,202309,0010615,에이아이에이생명보험 주식회사,A,[일반계정 보험상품],287628,14171408784000,외국생보사,D,SH160,신계약(23.3월 이후)
31,202309,0010615,에이아이에이생명보험 주식회사,A1,[일반계정 보험상품]_개인,271444,10960075184000,외국생보사,D,SH160,신계약(23.3월 이후)
32,202309,0010615,에이아이에이생명보험 주식회사,A11,[일반계정 보험상품]_개인_보장성,271420,10959324734000,외국생보사,D,SH160,신계약(23.3월 이후)
33,202309,0010615,에이아이에이생명보험 주식회사,A111,[일반계정 보험상품]_개인_보장성_사망담보,5181,424224100000,외국생보사,D,SH160,신계약(23.3월 이후)
34,202309,0010615,에이아이에이생명보험 주식회사,A111A,[일반계정 보험상품]_개인_보장성_사망담보_(종신보험),4602,360744100000,외국생보사,D,SH160,신계약(23.3월 이후)
35,202309,0010615,에이아이에이생명보험 주식회사,A112,[일반계정 보험상품]_개인_보장성_사망담보_사망담보외,266239,10535100634000,외국생보사,D,SH160,신계약(23.3월 이후)
36,202309,0010615,에이아이에이생명보험 주식회사,A12,[일반계정 보험상품]_개인_보장성_저축성,24,750450000,외국생보사,D,SH160,신계약(23.3월 이후)
37,202309,0010615,에이아이에이생명보험 주식회사,A2,[일반계정 보험상품]_개인_단체,16184,3211333600000,외국생보사,D,SH160,신계약(23.3월 이후)
38,202309,0010615,에이아이에이생명보험 주식회사,B,[특별계정 보험상품],3193,353498323220,외국생보사,D,SH160,신계약(23.3월 이후)
39,202309,0010615,에이아이에이생명보험 주식회사,B1,[특별계정 보험상품]_연금저축,0,0,외국생보사,D,SH160,신계약(23.3월 이후)
40,202309,0010615,에이아이에이생명보험 주식회사,B2,[특별계정 보험상품]_연금저축_자산연계형,2917,336761623220,외국생보사,D,SH160,신계약(23.3월 이후)
41,202309,0010615,에이아이에이생명보험 주식회사,B3,[특별계정 보험상품]_연금저축_퇴직연금,0,0,외국생보사,D,SH160,신계약(23.3월 이후)
42,202309,0010615,에이아이에이생명보험 주식회사,B4,[특별계정 보험상품]_연금저축_퇴직보험,0,0,외국생보사,D,SH160,신계약(23.3월 이후)
43,202309,0010615,에이아이에이생명보험 주식회사,B5,[특별계정 보험상품]_연금저축_변액보험,276,16736700000,외국생보사,D,SH160,신계약(23.3월 이후)
44,202309,0010615,에이아이에이생명보험 주식회사,C,[일반계정 보험상품 + 특별계정 보험상품],290821,14524907107220,외국생보사,D,SH160,신계약(23.3월 이후)
45,202312,0010615,에이아이에이생명보험 주식회사,A,[일반계정 보험상품],388454,18246375998000,외국생보사,D,SH160,신계약(23.3월 이후)
46,202312,0010615,에이아이에이생명보험 주식회사,A1,[일반계정 보험상품]_개인,371289,14845951198000,외국생보사,D,SH160,신계약(23.3월 이후)
47,202312,0010615,에이아이에이생명보험 주식회사,A11,[일반계정 보험상품]_개인_보장성,371262,14845074748000,외국생보사,D,SH160,신계약(23.3월 이후)
48,202312,0010615,에이아이에이생명보험 주식회사,A111,[일반계정 보험상품]_개인_보장성_사망담보,7372,688956500000,외국생보사,D,SH160,신계약(23.3월 이후)
49,202312,0010615,에이아이에이생명보험 주식회사,A111A,[일반계정 보험상품]_개인_보장성_사망담보_(종신보험),6384,596738500000,외국생보사,D,SH160,신계약(23.3월 이후)
50,202312,0010615,에이아이에이생명보험 주식회사,A112,[일반계정 보험상품]_개인_보장성_사망담보_사망담보외,363890,14156118248000,외국생보사,D,SH160,신계약(23.3월 이후)
51,202312,0010615,에이아이에이생명보험 주식회사,A12,[일반계정 보험상품]_개인_보장성_저축성,27,876450000,외국생보사,D,SH160,신계약(23.3월 이후)
52,202312,0010615,에이아이에이생명보험 주식회사,A2,[일반계정 보험상품]_개인_단체,17165,3400424800000,외국생보사,D,SH160,신계약(23.3월 이후)
53,202312,0010615,에이아이에이생명보험 주식회사,B,[특별계정 보험상품],5632,617593979570,외국생보사,D,SH160,신계약(23.3월 이후)
54,202312,0010615,에이아이에이생명보험 주식회사,B1,[특별계정 보험상품]_연금저축,0,0,외국생보사,D,SH160,신계약(23.3월 이후)
55,202312,0010615,에이아이에이생명보험 주식회사,B2,[특별계정 보험상품]_연금저축_자산연계형,5327,599785279570,외국생보사,D,SH160,신계약(23.3월 이후)
56,202312,0010615,에이아이에이생명보험 주식회사,B3,[특별계정 보험상품]_연금저축_퇴직연금,0,0,외국생보사,D,SH160,신계약(23.3월 이후)
57,202312,0010615,에이아이에이생명보험 주식회사,B4,[특별계정 보험상품]_연금저축_퇴직보험,0,0,외국생보사,D,SH160,신계약(23.3월 이후)
58,202312,0010615,에이아이에이생명보험 주식회사,B5,[특별계정 보험상품]_연금저축_변액보험,305,17808700000,외국생보사,D,SH160,신계약(23.3월 이후)
59,202312,0010615,에이아이에이생명보험 주식회사,C,[일반계정 보험상품 + 특별계정 보험상품],394086,18863969977570,외국생보사,D,SH160,신계약(23.3월 이후)
0,202303,0010625,처브라이프생명보험주식회사,A,[일반계정 보험상품],1682,46085000000,외국생보사,D,SH160,신계약(23.3월 이후)
1,202303,0010625,처브라이프생명보험주식회사,A1,[일반계정 보험상품]_개인,1682,46085000000,외국생보사,D,SH160,신계약(23.3월 이후)
2,202303,0010625,처브라이프생명보험주식회사,A11,[일반계정 보험상품]_개인_보장성,1682,46085000000,외국생보사,D,SH160,신계약(23.3월 이후)
3,202303,0010625,처브라이프생명보험주식회사,A111,[일반계정 보험상품]_개인_보장성_사망담보,1588,44800000000,외국생보사,D,SH160,신계약(23.3월 이후)
4,202303,0010625,처브라이프생명보험주식회사,A111A,[일반계정 보험상품]_개인_보장성_사망담보_(종신보험),1576,43100000000,외국생보사,D,SH160,신계약(23.3월 이후)
5,202303,0010625,처브라이프생명보험주식회사,A112,[일반계정 보험상품]_개인_보장성_사망담보_사망담보외,94,1285000000,외국생보사,D,SH160,신계약(23.3월 이후)
6,202303,0010625,처브라이프생명보험주식회사,A12,[일반계정 보험상품]_개인_보장성_저축성,0,0,외국생보사,D,SH160,신계약(23.3월 이후)
7,202303,0010625,처브라이프생명보험주식회사,A2,[일반계정 보험상품]_개인_단체,0,0,외국생보사,D,SH160,신계약(23.3월 이후)
8,202303,0010625,처브라이프생명보험주식회사,B,[특별계정 보험상품],72,7531000000,외국생보사,D,SH160,신계약(23.3월 이후)
9,202303,0010625,처브라이프생명보험주식회사,B1,[특별계정 보험상품]_연금저축,0,0,외국생보사,D,SH160,신계약(23.3월 이후)
10,202303,0010625,처브라이프생명보험주식회사,B2,[특별계정 보험상품]_연금저축_자산연계형,0,0,외국생보사,D,SH160,신계약(23.3월 이후)
11,202303,0010625,처브라이프생명보험주식회사,B3,[특별계정 보험상품]_연금저축_퇴직연금,0,0,외국생보사,D,SH160,신계약(23.3월 이후)
12,202303,0010625,처브라이프생명보험주식회사,B4,[특별계정 보험상품]_연금저축_퇴직보험,0,0,외국생보사,D,SH160,신계약(23.3월 이후)
13,202303,0010625,처브라이프생명보험주식회사,B5,[특별계정 보험상품]_연금저축_변액보험,72,7531000000,외국생보사,D,SH160,신계약(23.3월 이후)
14,202303,0010625,처브라이프생명보험주식회사,C,[일반계정 보험상품 + 특별계정 보험상품],1754,53616000000,외국생보사,D,SH160,신계약(23.3월 이후)
15,202306,0010625,처브라이프생명보험주식회사,A,[일반계정 보험상품],2368,68086000000,외국생보사,D,SH160,신계약(23.3월 이후)
16,202306,0010625,처브라이프생명보험주식회사,A1,[일반계정 보험상품]_개인,2366,67886000000,외국생보사,D,SH160,신계약(23.3월 이후)
17,202306,0010625,처브라이프생명보험주식회사,A11,[일반계정 보험상품]_개인_보장성,2366,67886000000,외국생보사,D,SH160,신계약(23.3월 이후)
18,202306,0010625,처브라이프생명보험주식회사,A111,[일반계정 보험상품]_개인_보장성_사망담보,2217,66071000000,외국생보사,D,SH160,신계약(23.3월 이후)
19,202306,0010625,처브라이프생명보험주식회사,A111A,[일반계정 보험상품]_개인_보장성_사망담보_(종신보험),2189,61821000000,외국생보사,D,SH160,신계약(23.3월 이후)
20,202306,0010625,처브라이프생명보험주식회사,A112,[일반계정 보험상품]_개인_보장성_사망담보_사망담보외,149,1815000000,외국생보사,D,SH160,신계약(23.3월 이후)
21,202306,0010625,처브라이프생명보험주식회사,A12,[일반계정 보험상품]_개인_보장성_저축성,0,0,외국생보사,D,SH160,신계약(23.3월 이후)
22,202306,0010625,처브라이프생명보험주식회사,A2,[일반계정 보험상품]_개인_단체,2,200000000,외국생보사,D,SH160,신계약(23.3월 이후)
23,202306,0010625,처브라이프생명보험주식회사,B,[특별계정 보험상품],93,10351000000,외국생보사,D,SH160,신계약(23.3월 이후)
24,202306,0010625,처브라이프생명보험주식회사,B1,[특별계정 보험상품]_연금저축,0,0,외국생보사,D,SH160,신계약(23.3월 이후)
25,202306,0010625,처브라이프생명보험주식회사,B2,[특별계정 보험상품]_연금저축_자산연계형,0,0,외국생보사,D,SH160,신계약(23.3월 이후)
26,202306,0010625,처브라이프생명보험주식회사,B3,[특별계정 보험상품]_연금저축_퇴직연금,0,0,외국생보사,D,SH160,신계약(23.3월 이후)
27,202306,0010625,처브라이프생명보험주식회사,B4,[특별계정 보험상품]_연금저축_퇴직보험,0,0,외국생보사,D,SH160,신계약(23.3월 이후)
28,202306,0010625,처브라이프생명보험주식회사,B5,[특별계정 보험상품]_연금저축_변액보험,93,10351000000,외국생보사,D,SH160,신계약(23.3월 이후)
29,202306,0010625,처브라이프생명보험주식회사,C,[일반계정 보험상품 + 특별계정 보험상품],2461,78437000000,외국생보사,D,SH160,신계약(23.3월 이후)
30,202309,0010625,처브라이프생명보험주식회사,A,[일반계정 보험상품],3311,94744000000,외국생보사,D,SH160,신계약(23.3월 이후)
31,202309,0010625,처브라이프생명보험주식회사,A1,[일반계정 보험상품]_개인,3308,94444000000,외국생보사,D,SH160,신계약(23.3월 이후)
32,202309,0010625,처브라이프생명보험주식회사,A11,[일반계정 보험상품]_개인_보장성,3308,94444000000,외국생보사,D,SH160,신계약(23.3월 이후)
33,202309,0010625,처브라이프생명보험주식회사,A111,[일반계정 보험상품]_개인_보장성_사망담보,3129,92314000000,외국생보사,D,SH160,신계약(23.3월 이후)
34,202309,0010625,처브라이프생명보험주식회사,A111A,[일반계정 보험상품]_개인_보장성_사망담보_(종신보험),3095,87464000000,외국생보사,D,SH160,신계약(23.3월 이후)
35,202309,0010625,처브라이프생명보험주식회사,A112,[일반계정 보험상품]_개인_보장성_사망담보_사망담보외,179,2130000000,외국생보사,D,SH160,신계약(23.3월 이후)
36,202309,0010625,처브라이프생명보험주식회사,A12,[일반계정 보험상품]_개인_보장성_저축성,0,0,외국생보사,D,SH160,신계약(23.3월 이후)
37,202309,0010625,처브라이프생명보험주식회사,A2,[일반계정 보험상품]_개인_단체,3,300000000,외국생보사,D,SH160,신계약(23.3월 이후)
38,202309,0010625,처브라이프생명보험주식회사,B,[특별계정 보험상품],110,13280000000,외국생보사,D,SH160,신계약(23.3월 이후)
39,202309,0010625,처브라이프생명보험주식회사,B1,[특별계정 보험상품]_연금저축,0,0,외국생보사,D,SH160,신계약(23.3월 이후)
40,202309,0010625,처브라이프생명보험주식회사,B2,[특별계정 보험상품]_연금저축_자산연계형,0,0,외국생보사,D,SH160,신계약(23.3월 이후)
41,202309,0010625,처브라이프생명보험주식회사,B3,[특별계정 보험상품]_연금저축_퇴직연금,0,0,외국생보사,D,SH160,신계약(23.3월 이후)
42,202309,0010625,처브라이프생명보험주식회사,B4,[특별계정 보험상품]_연금저축_퇴직보험,0,0,외국생보사,D,SH160,신계약(23.3월 이후)
43,202309,0010625,처브라이프생명보험주식회사,B5,[특별계정 보험상품]_연금저축_변액보험,110,13280000000,외국생보사,D,SH160,신계약(23.3월 이후)
44,202309,0010625,처브라이프생명보험주식회사,C,[일반계정 보험상품 + 특별계정 보험상품],3421,108024000000,외국생보사,D,SH160,신계약(23.3월 이후)
45,202312,0010625,처브라이프생명보험주식회사,A,[일반계정 보험상품],5652,125318000000,외국생보사,D,SH160,신계약(23.3월 이후)
46,202312,0010625,처브라이프생명보험주식회사,A1,[일반계정 보험상품]_개인,5649,125018000000,외국생보사,D,SH160,신계약(23.3월 이후)
47,202312,0010625,처브라이프생명보험주식회사,A11,[일반계정 보험상품]_개인_보장성,5649,125018000000,외국생보사,D,SH160,신계약(23.3월 이후)
48,202312,0010625,처브라이프생명보험주식회사,A111,[일반계정 보험상품]_개인_보장성_사망담보,5448,122638000000,외국생보사,D,SH160,신계약(23.3월 이후)
49,202312,0010625,처브라이프생명보험주식회사,A111A,[일반계정 보험상품]_개인_보장성_사망담보_(종신보험),5404,116488000000,외국생보사,D,SH160,신계약(23.3월 이후)
50,202312,0010625,처브라이프생명보험주식회사,A112,[일반계정 보험상품]_개인_보장성_사망담보_사망담보외,201,2380000000,외국생보사,D,SH160,신계약(23.3월 이후)
51,202312,0010625,처브라이프생명보험주식회사,A12,[일반계정 보험상품]_개인_보장성_저축성,0,0,외국생보사,D,SH160,신계약(23.3월 이후)
52,202312,0010625,처브라이프생명보험주식회사,A2,[일반계정 보험상품]_개인_단체,3,300000000,외국생보사,D,SH160,신계약(23.3월 이후)
53,202312,0010625,처브라이프생명보험주식회사,B,[특별계정 보험상품],130,16904000000,외국생보사,D,SH160,신계약(23.3월 이후)
54,202312,0010625,처브라이프생명보험주식회사,B1,[특별계정 보험상품]_연금저축,0,0,외국생보사,D,SH160,신계약(23.3월 이후)
55,202312,0010625,처브라이프생명보험주식회사,B2,[특별계정 보험상품]_연금저축_자산연계형,0,0,외국생보사,D,SH160,신계약(23.3월 이후)
56,202312,0010625,처브라이프생명보험주식회사,B3,[특별계정 보험상품]_연금저축_퇴직연금,0,0,외국생보사,D,SH160,신계약(23.3월 이후)
57,202312,0010625,처브라이프생명보험주식회사,B4,[특별계정 보험상품]_연금저축_퇴직보험,0,0,외국생보사,D,SH160,신계약(23.3월 이후)
58,202312,0010625,처브라이프생명보험주식회사,B5,[특별계정 보험상품]_연금저축_변액보험,130,16904000000,외국생보사,D,SH160,신계약(23.3월 이후)
59,202312,0010625,처브라이프생명보험주식회사,C,[일반계정 보험상품 + 특별계정 보험상품],5782,142222000000,외국생보사,D,SH160,신계약(23.3월 이후)
0,202303,0011320,푸본현대생명보험주식회사,A,[일반계정 보험상품],334244,2216746542000,외국생보사,D,SH160,신계약(23.3월 이후)
1,202303,0011320,푸본현대생명보험주식회사,A1,[일반계정 보험상품]_개인,267867,616758542000,외국생보사,D,SH160,신계약(23.3월 이후)
2,202303,0011320,푸본현대생명보험주식회사,A11,[일반계정 보험상품]_개인_보장성,262643,232753129000,외국생보사,D,SH160,신계약(23.3월 이후)
3,202303,0011320,푸본현대생명보험주식회사,A111,[일반계정 보험상품]_개인_보장성_사망담보,1712,107555000000,외국생보사,D,SH160,신계약(23.3월 이후)
4,202303,0011320,푸본현대생명보험주식회사,A111A,[일반계정 보험상품]_개인_보장성_사망담보_(종신보험),1304,83702000000,외국생보사,D,SH160,신계약(23.3월 이후)
5,202303,0011320,푸본현대생명보험주식회사,A112,[일반계정 보험상품]_개인_보장성_사망담보_사망담보외,260931,125198129000,외국생보사,D,SH160,신계약(23.3월 이후)
6,202303,0011320,푸본현대생명보험주식회사,A12,[일반계정 보험상품]_개인_보장성_저축성,5224,384005413000,외국생보사,D,SH160,신계약(23.3월 이후)
7,202303,0011320,푸본현대생명보험주식회사,A2,[일반계정 보험상품]_개인_단체,66377,1599988000000,외국생보사,D,SH160,신계약(23.3월 이후)
8,202303,0011320,푸본현대생명보험주식회사,B,[특별계정 보험상품],5709,71016851000,외국생보사,D,SH160,신계약(23.3월 이후)
9,202303,0011320,푸본현대생명보험주식회사,B1,[특별계정 보험상품]_연금저축,775,6032777000,외국생보사,D,SH160,신계약(23.3월 이후)
10,202303,0011320,푸본현대생명보험주식회사,B2,[특별계정 보험상품]_연금저축_자산연계형,0,0,외국생보사,D,SH160,신계약(23.3월 이후)
11,202303,0011320,푸본현대생명보험주식회사,B3,[특별계정 보험상품]_연금저축_퇴직연금,4934,64984074000,외국생보사,D,SH160,신계약(23.3월 이후)
12,202303,0011320,푸본현대생명보험주식회사,B4,[특별계정 보험상품]_연금저축_퇴직보험,0,0,외국생보사,D,SH160,신계약(23.3월 이후)
13,202303,0011320,푸본현대생명보험주식회사,B5,[특별계정 보험상품]_연금저축_변액보험,0,0,외국생보사,D,SH160,신계약(23.3월 이후)
14,202303,0011320,푸본현대생명보험주식회사,C,[일반계정 보험상품 + 특별계정 보험상품],339953,2287763393000,외국생보사,D,SH160,신계약(23.3월 이후)
15,202306,0011320,푸본현대생명보험주식회사,A,[일반계정 보험상품],653887,3138764207000,외국생보사,D,SH160,신계약(23.3월 이후)
16,202306,0011320,푸본현대생명보험주식회사,A1,[일반계정 보험상품]_개인,585828,1473535207000,외국생보사,D,SH160,신계약(23.3월 이후)
17,202306,0011320,푸본현대생명보험주식회사,A11,[일반계정 보험상품]_개인_보장성,572969,606053360000,외국생보사,D,SH160,신계약(23.3월 이후)
18,202306,0011320,푸본현대생명보험주식회사,A111,[일반계정 보험상품]_개인_보장성_사망담보,6517,339309000000,외국생보사,D,SH160,신계약(23.3월 이후)
19,202306,0011320,푸본현대생명보험주식회사,A111A,[일반계정 보험상품]_개인_보장성_사망담보_(종신보험),5565,286153000000,외국생보사,D,SH160,신계약(23.3월 이후)
20,202306,0011320,푸본현대생명보험주식회사,A112,[일반계정 보험상품]_개인_보장성_사망담보_사망담보외,566452,266744360000,외국생보사,D,SH160,신계약(23.3월 이후)
21,202306,0011320,푸본현대생명보험주식회사,A12,[일반계정 보험상품]_개인_보장성_저축성,12859,867481847000,외국생보사,D,SH160,신계약(23.3월 이후)
22,202306,0011320,푸본현대생명보험주식회사,A2,[일반계정 보험상품]_개인_단체,68059,1665229000000,외국생보사,D,SH160,신계약(23.3월 이후)
23,202306,0011320,푸본현대생명보험주식회사,B,[특별계정 보험상품],6921,74857693000,외국생보사,D,SH160,신계약(23.3월 이후)
24,202306,0011320,푸본현대생명보험주식회사,B1,[특별계정 보험상품]_연금저축,1979,9668081000,외국생보사,D,SH160,신계약(23.3월 이후)
25,202306,0011320,푸본현대생명보험주식회사,B2,[특별계정 보험상품]_연금저축_자산연계형,0,0,외국생보사,D,SH160,신계약(23.3월 이후)
26,202306,0011320,푸본현대생명보험주식회사,B3,[특별계정 보험상품]_연금저축_퇴직연금,4942,65189612000,외국생보사,D,SH160,신계약(23.3월 이후)
27,202306,0011320,푸본현대생명보험주식회사,B4,[특별계정 보험상품]_연금저축_퇴직보험,0,0,외국생보사,D,SH160,신계약(23.3월 이후)
28,202306,0011320,푸본현대생명보험주식회사,B5,[특별계정 보험상품]_연금저축_변액보험,0,0,외국생보사,D,SH160,신계약(23.3월 이후)
29,202306,0011320,푸본현대생명보험주식회사,C,[일반계정 보험상품 + 특별계정 보험상품],660808,3213621900000,외국생보사,D,SH160,신계약(23.3월 이후)
30,202309,0011320,푸본현대생명보험주식회사,A,[일반계정 보험상품],937704,3771387584000,외국생보사,D,SH160,신계약(23.3월 이후)
31,202309,0011320,푸본현대생명보험주식회사,A1,[일반계정 보험상품]_개인,869618,2105398584000,외국생보사,D,SH160,신계약(23.3월 이후)
32,202309,0011320,푸본현대생명보험주식회사,A11,[일반계정 보험상품]_개인_보장성,852600,1063255980000,외국생보사,D,SH160,신계약(23.3월 이후)
33,202309,0011320,푸본현대생명보험주식회사,A111,[일반계정 보험상품]_개인_보장성_사망담보,14341,668313000000,외국생보사,D,SH160,신계약(23.3월 이후)
34,202309,0011320,푸본현대생명보험주식회사,A111A,[일반계정 보험상품]_개인_보장성_사망담보_(종신보험),12909,588636000000,외국생보사,D,SH160,신계약(23.3월 이후)
35,202309,0011320,푸본현대생명보험주식회사,A112,[일반계정 보험상품]_개인_보장성_사망담보_사망담보외,838259,394942980000,외국생보사,D,SH160,신계약(23.3월 이후)
36,202309,0011320,푸본현대생명보험주식회사,A12,[일반계정 보험상품]_개인_보장성_저축성,17018,1042142604000,외국생보사,D,SH160,신계약(23.3월 이후)
37,202309,0011320,푸본현대생명보험주식회사,A2,[일반계정 보험상품]_개인_단체,68086,1665989000000,외국생보사,D,SH160,신계약(23.3월 이후)
38,202309,0011320,푸본현대생명보험주식회사,B,[특별계정 보험상품],7553,80175958000,외국생보사,D,SH160,신계약(23.3월 이후)
39,202309,0011320,푸본현대생명보험주식회사,B1,[특별계정 보험상품]_연금저축,2599,14928113000,외국생보사,D,SH160,신계약(23.3월 이후)
40,202309,0011320,푸본현대생명보험주식회사,B2,[특별계정 보험상품]_연금저축_자산연계형,0,0,외국생보사,D,SH160,신계약(23.3월 이후)
41,202309,0011320,푸본현대생명보험주식회사,B3,[특별계정 보험상품]_연금저축_퇴직연금,4954,65247845000,외국생보사,D,SH160,신계약(23.3월 이후)
42,202309,0011320,푸본현대생명보험주식회사,B4,[특별계정 보험상품]_연금저축_퇴직보험,0,0,외국생보사,D,SH160,신계약(23.3월 이후)
43,202309,0011320,푸본현대생명보험주식회사,B5,[특별계정 보험상품]_연금저축_변액보험,0,0,외국생보사,D,SH160,신계약(23.3월 이후)
44,202309,0011320,푸본현대생명보험주식회사,C,[일반계정 보험상품 + 특별계정 보험상품],945257,3851563542000,외국생보사,D,SH160,신계약(23.3월 이후)
45,202312,0011320,푸본현대생명보험주식회사,A,[일반계정 보험상품],1324145,6843731675000,외국생보사,D,SH160,신계약(23.3월 이후)
46,202312,0011320,푸본현대생명보험주식회사,A1,[일반계정 보험상품]_개인,1169331,2726378675000,외국생보사,D,SH160,신계약(23.3월 이후)
47,202312,0011320,푸본현대생명보험주식회사,A11,[일반계정 보험상품]_개인_보장성,1147125,1385639271000,외국생보사,D,SH160,신계약(23.3월 이후)
48,202312,0011320,푸본현대생명보험주식회사,A111,[일반계정 보험상품]_개인_보장성_사망담보,19713,876635000000,외국생보사,D,SH160,신계약(23.3월 이후)
49,202312,0011320,푸본현대생명보험주식회사,A111A,[일반계정 보험상품]_개인_보장성_사망담보_(종신보험),17878,774238000000,외국생보사,D,SH160,신계약(23.3월 이후)
50,202312,0011320,푸본현대생명보험주식회사,A112,[일반계정 보험상품]_개인_보장성_사망담보_사망담보외,1127412,509004271000,외국생보사,D,SH160,신계약(23.3월 이후)
51,202312,0011320,푸본현대생명보험주식회사,A12,[일반계정 보험상품]_개인_보장성_저축성,22206,1340739404000,외국생보사,D,SH160,신계약(23.3월 이후)
52,202312,0011320,푸본현대생명보험주식회사,A2,[일반계정 보험상품]_개인_단체,154814,4117353000000,외국생보사,D,SH160,신계약(23.3월 이후)
53,202312,0011320,푸본현대생명보험주식회사,B,[특별계정 보험상품],31300,138672786000,외국생보사,D,SH160,신계약(23.3월 이후)
54,202312,0011320,푸본현대생명보험주식회사,B1,[특별계정 보험상품]_연금저축,3376,18097529000,외국생보사,D,SH160,신계약(23.3월 이후)
55,202312,0011320,푸본현대생명보험주식회사,B2,[특별계정 보험상품]_연금저축_자산연계형,0,0,외국생보사,D,SH160,신계약(23.3월 이후)
56,202312,0011320,푸본현대생명보험주식회사,B3,[특별계정 보험상품]_연금저축_퇴직연금,27924,120575257000,외국생보사,D,SH160,신계약(23.3월 이후)
57,202312,0011320,푸본현대생명보험주식회사,B4,[특별계정 보험상품]_연금저축_퇴직보험,0,0,외국생보사,D,SH160,신계약(23.3월 이후)
58,202312,0011320,푸본현대생명보험주식회사,B5,[특별계정 보험상품]_연금저축_변액보험,0,0,외국생보사,D,SH160,신계약(23.3월 이후)
59,202312,0011320,푸본현대생명보험주식회사,C,[일반계정 보험상품 + 특별계정 보험상품],1355445,6982404461000,외국생보사,D,SH160,신계약(23.3월 이후)
