,년월,금융회사코드,금융회사명,코드,구분,금액,금융구분,통계분류,통계표코드,통계표명
0,201703,0010619,DB생명보험주식회사,A,"농업, 임업 및 어업",0,국내생보사,B,SH122,업종별 대출금
1,201703,0010619,DB생명보험주식회사,B,제조업,54396000000,국내생보사,B,SH122,업종별 대출금
2,201703,0010619,DB생명보험주식회사,C,건설업,82316929000,국내생보사,B,SH122,업종별 대출금
3,201703,0010619,DB생명보험주식회사,D,도매 및 소매업,12734891000,국내생보사,B,SH122,업종별 대출금
4,201703,0010619,DB생명보험주식회사,E,숙박 및 음식점업,15144276000,국내생보사,B,SH122,업종별 대출금
5,201703,0010619,DB생명보험주식회사,F,"출판, 영상, 방송통신 및 정보서비스업",0,국내생보사,B,SH122,업종별 대출금
6,201703,0010619,DB생명보험주식회사,G,부동산업 및 임대업,44074548000,국내생보사,B,SH122,업종별 대출금
7,201703,0010619,DB생명보험주식회사,H,기타,912290018000,국내생보사,B,SH122,업종별 대출금
8,201703,0010619,DB생명보험주식회사,I,계,1120956662000,국내생보사,B,SH122,업종별 대출금
9,201706,0010619,DB생명보험주식회사,A,"농업, 임업 및 어업",0,국내생보사,B,SH122,업종별 대출금
10,201706,0010619,DB생명보험주식회사,B,제조업,54116000000,국내생보사,B,SH122,업종별 대출금
11,201706,0010619,DB생명보험주식회사,C,건설업,178040144000,국내생보사,B,SH122,업종별 대출금
12,201706,0010619,DB생명보험주식회사,D,도매 및 소매업,12734891000,국내생보사,B,SH122,업종별 대출금
13,201706,0010619,DB생명보험주식회사,E,숙박 및 음식점업,14998231000,국내생보사,B,SH122,업종별 대출금
14,201706,0010619,DB생명보험주식회사,F,"출판, 영상, 방송통신 및 정보서비스업",40000000000,국내생보사,B,SH122,업종별 대출금
15,201706,0010619,DB생명보험주식회사,G,부동산업 및 임대업,60960024000,국내생보사,B,SH122,업종별 대출금
16,201706,0010619,DB생명보험주식회사,H,기타,1345646640000,국내생보사,B,SH122,업종별 대출금
17,201706,0010619,DB생명보험주식회사,I,계,1706495930000,국내생보사,B,SH122,업종별 대출금
18,201709,0010619,DB생명보험주식회사,A,"농업, 임업 및 어업",0,국내생보사,B,SH122,업종별 대출금
19,201709,0010619,DB생명보험주식회사,B,제조업,54116000000,국내생보사,B,SH122,업종별 대출금
20,201709,0010619,DB생명보험주식회사,C,건설업,159099374000,국내생보사,B,SH122,업종별 대출금
21,201709,0010619,DB생명보험주식회사,D,도매 및 소매업,11741353000,국내생보사,B,SH122,업종별 대출금
22,201709,0010619,DB생명보험주식회사,E,숙박 및 음식점업,0,국내생보사,B,SH122,업종별 대출금
23,201709,0010619,DB생명보험주식회사,F,"출판, 영상, 방송통신 및 정보서비스업",40000000000,국내생보사,B,SH122,업종별 대출금
24,201709,0010619,DB생명보험주식회사,G,부동산업 및 임대업,197974927000,국내생보사,B,SH122,업종별 대출금
25,201709,0010619,DB생명보험주식회사,H,기타,1762470888000,국내생보사,B,SH122,업종별 대출금
26,201709,0010619,DB생명보험주식회사,I,계,2225402542000,국내생보사,B,SH122,업종별 대출금
27,201712,0010619,DB생명보험주식회사,A,"농업, 임업 및 어업",0,국내생보사,B,SH122,업종별 대출금
28,201712,0010619,DB생명보험주식회사,B,제조업,77403575000,국내생보사,B,SH122,업종별 대출금
29,201712,0010619,DB생명보험주식회사,C,건설업,172356790000,국내생보사,B,SH122,업종별 대출금
30,201712,0010619,DB생명보험주식회사,D,도매 및 소매업,11687068000,국내생보사,B,SH122,업종별 대출금
31,201712,0010619,DB생명보험주식회사,E,숙박 및 음식점업,0,국내생보사,B,SH122,업종별 대출금
32,201712,0010619,DB생명보험주식회사,F,"출판, 영상, 방송통신 및 정보서비스업",40000000000,국내생보사,B,SH122,업종별 대출금
33,201712,0010619,DB생명보험주식회사,G,부동산업 및 임대업,239799776000,국내생보사,B,SH122,업종별 대출금
34,201712,0010619,DB생명보험주식회사,H,기타,1866490148000,국내생보사,B,SH122,업종별 대출금
35,201712,0010619,DB생명보험주식회사,I,계,2407737357000,국내생보사,B,SH122,업종별 대출금
36,201803,0010619,DB생명보험주식회사,A,"농업, 임업 및 어업",0,국내생보사,B,SH122,업종별 대출금
37,201803,0010619,DB생명보험주식회사,B,제조업,77403575000,국내생보사,B,SH122,업종별 대출금
38,201803,0010619,DB생명보험주식회사,C,건설업,90569814000,국내생보사,B,SH122,업종별 대출금
39,201803,0010619,DB생명보험주식회사,D,도매 및 소매업,10326268000,국내생보사,B,SH122,업종별 대출금
40,201803,0010619,DB생명보험주식회사,E,숙박 및 음식점업,0,국내생보사,B,SH122,업종별 대출금
41,201803,0010619,DB생명보험주식회사,F,"출판, 영상, 방송통신 및 정보서비스업",40000000000,국내생보사,B,SH122,업종별 대출금
42,201803,0010619,DB생명보험주식회사,G,부동산업 및 임대업,231852731000,국내생보사,B,SH122,업종별 대출금
43,201803,0010619,DB생명보험주식회사,H,기타,2051817601000,국내생보사,B,SH122,업종별 대출금
44,201803,0010619,DB생명보험주식회사,I,계,2501969989000,국내생보사,B,SH122,업종별 대출금
45,201806,0010619,DB생명보험주식회사,A,"농업, 임업 및 어업",0,국내생보사,B,SH122,업종별 대출금
46,201806,0010619,DB생명보험주식회사,B,제조업,101107975000,국내생보사,B,SH122,업종별 대출금
47,201806,0010619,DB생명보험주식회사,C,건설업,61353560000,국내생보사,B,SH122,업종별 대출금
48,201806,0010619,DB생명보험주식회사,D,도매 및 소매업,22336605000,국내생보사,B,SH122,업종별 대출금
49,201806,0010619,DB생명보험주식회사,E,숙박 및 음식점업,0,국내생보사,B,SH122,업종별 대출금
50,201806,0010619,DB생명보험주식회사,F,"출판, 영상, 방송통신 및 정보서비스업",689669517000,국내생보사,B,SH122,업종별 대출금
51,201806,0010619,DB생명보험주식회사,G,부동산업 및 임대업,196760090000,국내생보사,B,SH122,업종별 대출금
52,201806,0010619,DB생명보험주식회사,H,기타,2922601936000,국내생보사,B,SH122,업종별 대출금
53,201806,0010619,DB생명보험주식회사,I,계,3993829683000,국내생보사,B,SH122,업종별 대출금
54,201809,0010619,DB생명보험주식회사,A,"농업, 임업 및 어업",0,국내생보사,B,SH122,업종별 대출금
55,201809,0010619,DB생명보험주식회사,B,제조업,121107975000,국내생보사,B,SH122,업종별 대출금
56,201809,0010619,DB생명보험주식회사,C,건설업,208702413000,국내생보사,B,SH122,업종별 대출금
57,201809,0010619,DB생명보험주식회사,D,도매 및 소매업,49801268000,국내생보사,B,SH122,업종별 대출금
58,201809,0010619,DB생명보험주식회사,E,숙박 및 음식점업,60000000000,국내생보사,B,SH122,업종별 대출금
59,201809,0010619,DB생명보험주식회사,F,"출판, 영상, 방송통신 및 정보서비스업",40000000000,국내생보사,B,SH122,업종별 대출금
60,201809,0010619,DB생명보험주식회사,G,부동산업 및 임대업,236315178000,국내생보사,B,SH122,업종별 대출금
61,201809,0010619,DB생명보험주식회사,H,기타,2377891577000,국내생보사,B,SH122,업종별 대출금
62,201809,0010619,DB생명보험주식회사,I,계,3093818411000,국내생보사,B,SH122,업종별 대출금
63,201812,0010619,DB생명보험주식회사,A,"농업, 임업 및 어업",0,국내생보사,B,SH122,업종별 대출금
64,201812,0010619,DB생명보험주식회사,B,제조업,238993311000,국내생보사,B,SH122,업종별 대출금
65,201812,0010619,DB생명보험주식회사,C,건설업,271620008000,국내생보사,B,SH122,업종별 대출금
66,201812,0010619,DB생명보험주식회사,D,도매 및 소매업,69213054000,국내생보사,B,SH122,업종별 대출금
67,201812,0010619,DB생명보험주식회사,E,숙박 및 음식점업,60000000000,국내생보사,B,SH122,업종별 대출금
68,201812,0010619,DB생명보험주식회사,F,"출판, 영상, 방송통신 및 정보서비스업",20000000000,국내생보사,B,SH122,업종별 대출금
69,201812,0010619,DB생명보험주식회사,G,부동산업 및 임대업,282347617000,국내생보사,B,SH122,업종별 대출금
70,201812,0010619,DB생명보험주식회사,H,기타,2409490668000,국내생보사,B,SH122,업종별 대출금
71,201812,0010619,DB생명보험주식회사,I,계,3351664658000,국내생보사,B,SH122,업종별 대출금
72,201903,0010619,DB생명보험주식회사,A,"농업, 임업 및 어업",0,국내생보사,B,SH122,업종별 대출금
73,201903,0010619,DB생명보험주식회사,B,제조업,238993311000,국내생보사,B,SH122,업종별 대출금
74,201903,0010619,DB생명보험주식회사,C,건설업,321859783000,국내생보사,B,SH122,업종별 대출금
75,201903,0010619,DB생명보험주식회사,D,도매 및 소매업,69167554000,국내생보사,B,SH122,업종별 대출금
76,201903,0010619,DB생명보험주식회사,E,숙박 및 음식점업,60000000000,국내생보사,B,SH122,업종별 대출금
77,201903,0010619,DB생명보험주식회사,F,"출판, 영상, 방송통신 및 정보서비스업",0,국내생보사,B,SH122,업종별 대출금
78,201903,0010619,DB생명보험주식회사,G,부동산업 및 임대업,274106144000,국내생보사,B,SH122,업종별 대출금
79,201903,0010619,DB생명보험주식회사,H,기타,2248398666000,국내생보사,B,SH122,업종별 대출금
80,201903,0010619,DB생명보험주식회사,I,계,3212525458000,국내생보사,B,SH122,업종별 대출금
81,201906,0010619,DB생명보험주식회사,A,"농업, 임업 및 어업",0,국내생보사,B,SH122,업종별 대출금
82,201906,0010619,DB생명보험주식회사,B,제조업,282697711000,국내생보사,B,SH122,업종별 대출금
83,201906,0010619,DB생명보험주식회사,C,건설업,165866598000,국내생보사,B,SH122,업종별 대출금
84,201906,0010619,DB생명보험주식회사,D,도매 및 소매업,58642554000,국내생보사,B,SH122,업종별 대출금
85,201906,0010619,DB생명보험주식회사,E,숙박 및 음식점업,60000000000,국내생보사,B,SH122,업종별 대출금
86,201906,0010619,DB생명보험주식회사,F,"출판, 영상, 방송통신 및 정보서비스업",0,국내생보사,B,SH122,업종별 대출금
87,201906,0010619,DB생명보험주식회사,G,부동산업 및 임대업,254432345000,국내생보사,B,SH122,업종별 대출금
88,201906,0010619,DB생명보험주식회사,H,기타,2227088279000,국내생보사,B,SH122,업종별 대출금
89,201906,0010619,DB생명보험주식회사,I,계,3048727487000,국내생보사,B,SH122,업종별 대출금
90,201909,0010619,DB생명보험주식회사,A,"농업, 임업 및 어업",0,국내생보사,B,SH122,업종별 대출금
91,201909,0010619,DB생명보험주식회사,B,제조업,282697711000,국내생보사,B,SH122,업종별 대출금
92,201909,0010619,DB생명보험주식회사,C,건설업,210842701000,국내생보사,B,SH122,업종별 대출금
93,201909,0010619,DB생명보험주식회사,D,도매 및 소매업,57613982000,국내생보사,B,SH122,업종별 대출금
94,201909,0010619,DB생명보험주식회사,E,숙박 및 음식점업,60000000000,국내생보사,B,SH122,업종별 대출금
95,201909,0010619,DB생명보험주식회사,F,"출판, 영상, 방송통신 및 정보서비스업",0,국내생보사,B,SH122,업종별 대출금
96,201909,0010619,DB생명보험주식회사,G,부동산업 및 임대업,310822776000,국내생보사,B,SH122,업종별 대출금
97,201909,0010619,DB생명보험주식회사,H,기타,2164352613000,국내생보사,B,SH122,업종별 대출금
98,201909,0010619,DB생명보험주식회사,I,계,3086329783000,국내생보사,B,SH122,업종별 대출금
99,201912,0010619,DB생명보험주식회사,A,"농업, 임업 및 어업",0,국내생보사,B,SH122,업종별 대출금
100,201912,0010619,DB생명보험주식회사,B,제조업,286402111000,국내생보사,B,SH122,업종별 대출금
101,201912,0010619,DB생명보험주식회사,C,건설업,175807605000,국내생보사,B,SH122,업종별 대출금
102,201912,0010619,DB생명보험주식회사,D,도매 및 소매업,50000000000,국내생보사,B,SH122,업종별 대출금
103,201912,0010619,DB생명보험주식회사,E,숙박 및 음식점업,60000000000,국내생보사,B,SH122,업종별 대출금
104,201912,0010619,DB생명보험주식회사,F,"출판, 영상, 방송통신 및 정보서비스업",0,국내생보사,B,SH122,업종별 대출금
105,201912,0010619,DB생명보험주식회사,G,부동산업 및 임대업,363483715000,국내생보사,B,SH122,업종별 대출금
106,201912,0010619,DB생명보험주식회사,H,기타,2082251627000,국내생보사,B,SH122,업종별 대출금
107,201912,0010619,DB생명보험주식회사,I,계,3017945058000,국내생보사,B,SH122,업종별 대출금
108,202003,0010619,DB생명보험주식회사,A,"농업, 임업 및 어업",0,국내생보사,B,SH122,업종별 대출금
109,202003,0010619,DB생명보험주식회사,B,제조업,202221175000,국내생보사,B,SH122,업종별 대출금
110,202003,0010619,DB생명보험주식회사,C,건설업,174766117000,국내생보사,B,SH122,업종별 대출금
111,202003,0010619,DB생명보험주식회사,D,도매 및 소매업,50000000000,국내생보사,B,SH122,업종별 대출금
112,202003,0010619,DB생명보험주식회사,E,숙박 및 음식점업,90000000000,국내생보사,B,SH122,업종별 대출금
113,202003,0010619,DB생명보험주식회사,F,"출판, 영상, 방송통신 및 정보서비스업",0,국내생보사,B,SH122,업종별 대출금
114,202003,0010619,DB생명보험주식회사,G,부동산업 및 임대업,371131631000,국내생보사,B,SH122,업종별 대출금
115,202003,0010619,DB생명보험주식회사,H,기타,2123027850000,국내생보사,B,SH122,업종별 대출금
116,202003,0010619,DB생명보험주식회사,I,계,3011146773000,국내생보사,B,SH122,업종별 대출금
117,202006,0010619,DB생명보험주식회사,A,"농업, 임업 및 어업",0,국내생보사,B,SH122,업종별 대출금
118,202006,0010619,DB생명보험주식회사,B,제조업,205925575000,국내생보사,B,SH122,업종별 대출금
119,202006,0010619,DB생명보험주식회사,C,건설업,71394807000,국내생보사,B,SH122,업종별 대출금
120,202006,0010619,DB생명보험주식회사,D,도매 및 소매업,70000000000,국내생보사,B,SH122,업종별 대출금
121,202006,0010619,DB생명보험주식회사,E,숙박 및 음식점업,90000000000,국내생보사,B,SH122,업종별 대출금
122,202006,0010619,DB생명보험주식회사,F,"출판, 영상, 방송통신 및 정보서비스업",0,국내생보사,B,SH122,업종별 대출금
123,202006,0010619,DB생명보험주식회사,G,부동산업 및 임대업,484965230000,국내생보사,B,SH122,업종별 대출금
124,202006,0010619,DB생명보험주식회사,H,기타,2041080984000,국내생보사,B,SH122,업종별 대출금
125,202006,0010619,DB생명보험주식회사,I,계,2963366596000,국내생보사,B,SH122,업종별 대출금
126,202009,0010619,DB생명보험주식회사,A,"농업, 임업 및 어업",0,국내생보사,B,SH122,업종별 대출금
127,202009,0010619,DB생명보험주식회사,B,제조업,205925575000,국내생보사,B,SH122,업종별 대출금
128,202009,0010619,DB생명보험주식회사,C,건설업,160333277000,국내생보사,B,SH122,업종별 대출금
129,202009,0010619,DB생명보험주식회사,D,도매 및 소매업,70000000000,국내생보사,B,SH122,업종별 대출금
130,202009,0010619,DB생명보험주식회사,E,숙박 및 음식점업,90000000000,국내생보사,B,SH122,업종별 대출금
131,202009,0010619,DB생명보험주식회사,F,"출판, 영상, 방송통신 및 정보서비스업",0,국내생보사,B,SH122,업종별 대출금
132,202009,0010619,DB생명보험주식회사,G,부동산업 및 임대업,445707801000,국내생보사,B,SH122,업종별 대출금
133,202009,0010619,DB생명보험주식회사,H,기타,1866152784000,국내생보사,B,SH122,업종별 대출금
134,202009,0010619,DB생명보험주식회사,I,계,2838119437000,국내생보사,B,SH122,업종별 대출금
135,202012,0010619,DB생명보험주식회사,A,"농업, 임업 및 어업",0,국내생보사,B,SH122,업종별 대출금
136,202012,0010619,DB생명보험주식회사,B,제조업,209629975000,국내생보사,B,SH122,업종별 대출금
137,202012,0010619,DB생명보험주식회사,C,건설업,159275645000,국내생보사,B,SH122,업종별 대출금
138,202012,0010619,DB생명보험주식회사,D,도매 및 소매업,70000000000,국내생보사,B,SH122,업종별 대출금
139,202012,0010619,DB생명보험주식회사,E,숙박 및 음식점업,90000000000,국내생보사,B,SH122,업종별 대출금
140,202012,0010619,DB생명보험주식회사,F,"출판, 영상, 방송통신 및 정보서비스업",0,국내생보사,B,SH122,업종별 대출금
141,202012,0010619,DB생명보험주식회사,G,부동산업 및 임대업,578990642000,국내생보사,B,SH122,업종별 대출금
142,202012,0010619,DB생명보험주식회사,H,기타,1857819597000,국내생보사,B,SH122,업종별 대출금
143,202012,0010619,DB생명보험주식회사,I,계,2965715859000,국내생보사,B,SH122,업종별 대출금
144,202103,0010619,DB생명보험주식회사,A,"농업, 임업 및 어업",0,국내생보사,B,SH122,업종별 대출금
145,202103,0010619,DB생명보험주식회사,B,제조업,209629975000,국내생보사,B,SH122,업종별 대출금
146,202103,0010619,DB생명보험주식회사,C,건설업,172606760000,국내생보사,B,SH122,업종별 대출금
147,202103,0010619,DB생명보험주식회사,D,도매 및 소매업,70000000000,국내생보사,B,SH122,업종별 대출금
148,202103,0010619,DB생명보험주식회사,E,숙박 및 음식점업,90000000000,국내생보사,B,SH122,업종별 대출금
149,202103,0010619,DB생명보험주식회사,F,"출판, 영상, 방송통신 및 정보서비스업",0,국내생보사,B,SH122,업종별 대출금
150,202103,0010619,DB생명보험주식회사,G,부동산업 및 임대업,850886568000,국내생보사,B,SH122,업종별 대출금
151,202103,0010619,DB생명보험주식회사,H,기타,1902917409000,국내생보사,B,SH122,업종별 대출금
152,202103,0010619,DB생명보험주식회사,I,계,3296040712000,국내생보사,B,SH122,업종별 대출금
153,202106,0010619,DB생명보험주식회사,A,"농업, 임업 및 어업",0,국내생보사,B,SH122,업종별 대출금
154,202106,0010619,DB생명보험주식회사,B,제조업,242900000000,국내생보사,B,SH122,업종별 대출금
155,202106,0010619,DB생명보험주식회사,C,건설업,222018242000,국내생보사,B,SH122,업종별 대출금
156,202106,0010619,DB생명보험주식회사,D,도매 및 소매업,70000000000,국내생보사,B,SH122,업종별 대출금
157,202106,0010619,DB생명보험주식회사,E,숙박 및 음식점업,90000000000,국내생보사,B,SH122,업종별 대출금
158,202106,0010619,DB생명보험주식회사,F,"출판, 영상, 방송통신 및 정보서비스업",0,국내생보사,B,SH122,업종별 대출금
159,202106,0010619,DB생명보험주식회사,G,부동산업 및 임대업,889817354000,국내생보사,B,SH122,업종별 대출금
160,202106,0010619,DB생명보험주식회사,H,기타,2002285543000,국내생보사,B,SH122,업종별 대출금
161,202106,0010619,DB생명보험주식회사,I,계,3517021139000,국내생보사,B,SH122,업종별 대출금
162,202109,0010619,DB생명보험주식회사,A,"농업, 임업 및 어업",0,국내생보사,B,SH122,업종별 대출금
163,202109,0010619,DB생명보험주식회사,B,제조업,251515385000,국내생보사,B,SH122,업종별 대출금
164,202109,0010619,DB생명보험주식회사,C,건설업,238431309000,국내생보사,B,SH122,업종별 대출금
165,202109,0010619,DB생명보험주식회사,D,도매 및 소매업,70000000000,국내생보사,B,SH122,업종별 대출금
166,202109,0010619,DB생명보험주식회사,E,숙박 및 음식점업,90000000000,국내생보사,B,SH122,업종별 대출금
167,202109,0010619,DB생명보험주식회사,F,"출판, 영상, 방송통신 및 정보서비스업",0,국내생보사,B,SH122,업종별 대출금
168,202109,0010619,DB생명보험주식회사,G,부동산업 및 임대업,755501002000,국내생보사,B,SH122,업종별 대출금
169,202109,0010619,DB생명보험주식회사,H,기타,2221792779000,국내생보사,B,SH122,업종별 대출금
170,202109,0010619,DB생명보험주식회사,I,계,3627240475000,국내생보사,B,SH122,업종별 대출금
171,202112,0010619,DB생명보험주식회사,A,"농업, 임업 및 어업",0,국내생보사,B,SH122,업종별 대출금
172,202112,0010619,DB생명보험주식회사,B,제조업,218615385000,국내생보사,B,SH122,업종별 대출금
173,202112,0010619,DB생명보험주식회사,C,건설업,260721275000,국내생보사,B,SH122,업종별 대출금
174,202112,0010619,DB생명보험주식회사,D,도매 및 소매업,70000000000,국내생보사,B,SH122,업종별 대출금
175,202112,0010619,DB생명보험주식회사,E,숙박 및 음식점업,90000000000,국내생보사,B,SH122,업종별 대출금
176,202112,0010619,DB생명보험주식회사,F,"출판, 영상, 방송통신 및 정보서비스업",0,국내생보사,B,SH122,업종별 대출금
177,202112,0010619,DB생명보험주식회사,G,부동산업 및 임대업,753609440000,국내생보사,B,SH122,업종별 대출금
178,202112,0010619,DB생명보험주식회사,H,기타,2275907930000,국내생보사,B,SH122,업종별 대출금
179,202112,0010619,DB생명보험주식회사,I,계,3668854030000,국내생보사,B,SH122,업종별 대출금
180,202203,0010619,DB생명보험주식회사,A,"농업, 임업 및 어업",0,국내생보사,B,SH122,업종별 대출금
181,202203,0010619,DB생명보험주식회사,B,제조업,190000000000,국내생보사,B,SH122,업종별 대출금
182,202203,0010619,DB생명보험주식회사,C,건설업,245832043000,국내생보사,B,SH122,업종별 대출금
183,202203,0010619,DB생명보험주식회사,D,도매 및 소매업,70000000000,국내생보사,B,SH122,업종별 대출금
184,202203,0010619,DB생명보험주식회사,E,숙박 및 음식점업,90000000000,국내생보사,B,SH122,업종별 대출금
185,202203,0010619,DB생명보험주식회사,F,"출판, 영상, 방송통신 및 정보서비스업",0,국내생보사,B,SH122,업종별 대출금
186,202203,0010619,DB생명보험주식회사,G,부동산업 및 임대업,778581741000,국내생보사,B,SH122,업종별 대출금
187,202203,0010619,DB생명보험주식회사,H,기타,2288386298000,국내생보사,B,SH122,업종별 대출금
188,202203,0010619,DB생명보험주식회사,I,계,3662800082000,국내생보사,B,SH122,업종별 대출금
189,202206,0010619,DB생명보험주식회사,A,"농업, 임업 및 어업",0,국내생보사,B,SH122,업종별 대출금
190,202206,0010619,DB생명보험주식회사,B,제조업,190000000000,국내생보사,B,SH122,업종별 대출금
191,202206,0010619,DB생명보험주식회사,C,건설업,200657173000,국내생보사,B,SH122,업종별 대출금
192,202206,0010619,DB생명보험주식회사,D,도매 및 소매업,70000000000,국내생보사,B,SH122,업종별 대출금
193,202206,0010619,DB생명보험주식회사,E,숙박 및 음식점업,90000000000,국내생보사,B,SH122,업종별 대출금
194,202206,0010619,DB생명보험주식회사,F,"출판, 영상, 방송통신 및 정보서비스업",0,국내생보사,B,SH122,업종별 대출금
195,202206,0010619,DB생명보험주식회사,G,부동산업 및 임대업,833055256000,국내생보사,B,SH122,업종별 대출금
196,202206,0010619,DB생명보험주식회사,H,기타,2277083080000,국내생보사,B,SH122,업종별 대출금
197,202206,0010619,DB생명보험주식회사,I,계,3660795509000,국내생보사,B,SH122,업종별 대출금
198,202209,0010619,DB생명보험주식회사,A,"농업, 임업 및 어업",0,국내생보사,B,SH122,업종별 대출금
199,202209,0010619,DB생명보험주식회사,B,제조업,190000000000,국내생보사,B,SH122,업종별 대출금
200,202209,0010619,DB생명보험주식회사,C,건설업,192745909000,국내생보사,B,SH122,업종별 대출금
201,202209,0010619,DB생명보험주식회사,D,도매 및 소매업,70000000000,국내생보사,B,SH122,업종별 대출금
202,202209,0010619,DB생명보험주식회사,E,숙박 및 음식점업,90000000000,국내생보사,B,SH122,업종별 대출금
203,202209,0010619,DB생명보험주식회사,F,"출판, 영상, 방송통신 및 정보서비스업",0,국내생보사,B,SH122,업종별 대출금
204,202209,0010619,DB생명보험주식회사,G,부동산업 및 임대업,812627354000,국내생보사,B,SH122,업종별 대출금
205,202209,0010619,DB생명보험주식회사,H,기타,2404768694000,국내생보사,B,SH122,업종별 대출금
206,202209,0010619,DB생명보험주식회사,I,계,3760141957000,국내생보사,B,SH122,업종별 대출금
207,202212,0010619,DB생명보험주식회사,A,"농업, 임업 및 어업",0,국내생보사,B,SH122,업종별 대출금
208,202212,0010619,DB생명보험주식회사,B,제조업,190000000000,국내생보사,B,SH122,업종별 대출금
209,202212,0010619,DB생명보험주식회사,C,건설업,177531352000,국내생보사,B,SH122,업종별 대출금
210,202212,0010619,DB생명보험주식회사,D,도매 및 소매업,70000000000,국내생보사,B,SH122,업종별 대출금
211,202212,0010619,DB생명보험주식회사,E,숙박 및 음식점업,90000000000,국내생보사,B,SH122,업종별 대출금
212,202212,0010619,DB생명보험주식회사,F,"출판, 영상, 방송통신 및 정보서비스업",0,국내생보사,B,SH122,업종별 대출금
213,202212,0010619,DB생명보험주식회사,G,부동산업 및 임대업,808021179000,국내생보사,B,SH122,업종별 대출금
214,202212,0010619,DB생명보험주식회사,H,기타,2208530467000,국내생보사,B,SH122,업종별 대출금
215,202212,0010619,DB생명보험주식회사,I,계,3544082998000,국내생보사,B,SH122,업종별 대출금
216,202303,0010619,DB생명보험주식회사,A,"농업, 임업 및 어업",0,국내생보사,B,SH122,업종별 대출금
217,202303,0010619,DB생명보험주식회사,B,제조업,190000000000,국내생보사,B,SH122,업종별 대출금
218,202303,0010619,DB생명보험주식회사,C,건설업,174709482000,국내생보사,B,SH122,업종별 대출금
219,202303,0010619,DB생명보험주식회사,D,도매 및 소매업,70000000000,국내생보사,B,SH122,업종별 대출금
220,202303,0010619,DB생명보험주식회사,E,숙박 및 음식점업,90000000000,국내생보사,B,SH122,업종별 대출금
221,202303,0010619,DB생명보험주식회사,F,"출판, 영상, 방송통신 및 정보서비스업",0,국내생보사,B,SH122,업종별 대출금
222,202303,0010619,DB생명보험주식회사,G,부동산업 및 임대업,823494682000,국내생보사,B,SH122,업종별 대출금
223,202303,0010619,DB생명보험주식회사,H,기타,2211437051000,국내생보사,B,SH122,업종별 대출금
224,202303,0010619,DB생명보험주식회사,I,계,3559641215000,국내생보사,B,SH122,업종별 대출금
225,202306,0010619,DB생명보험주식회사,A,"농업, 임업 및 어업",0,국내생보사,B,SH122,업종별 대출금
226,202306,0010619,DB생명보험주식회사,B,제조업,190000000000,국내생보사,B,SH122,업종별 대출금
227,202306,0010619,DB생명보험주식회사,C,건설업,186752256000,국내생보사,B,SH122,업종별 대출금
228,202306,0010619,DB생명보험주식회사,D,도매 및 소매업,70000000000,국내생보사,B,SH122,업종별 대출금
229,202306,0010619,DB생명보험주식회사,E,숙박 및 음식점업,90000000000,국내생보사,B,SH122,업종별 대출금
230,202306,0010619,DB생명보험주식회사,F,"출판, 영상, 방송통신 및 정보서비스업",0,국내생보사,B,SH122,업종별 대출금
231,202306,0010619,DB생명보험주식회사,G,부동산업 및 임대업,768979980000,국내생보사,B,SH122,업종별 대출금
232,202306,0010619,DB생명보험주식회사,H,기타,2222588872000,국내생보사,B,SH122,업종별 대출금
233,202306,0010619,DB생명보험주식회사,I,계,3528321108000,국내생보사,B,SH122,업종별 대출금
234,202309,0010619,DB생명보험주식회사,A,"농업, 임업 및 어업",0,국내생보사,B,SH122,업종별 대출금
235,202309,0010619,DB생명보험주식회사,B,제조업,190000000000,국내생보사,B,SH122,업종별 대출금
236,202309,0010619,DB생명보험주식회사,C,건설업,178294520000,국내생보사,B,SH122,업종별 대출금
237,202309,0010619,DB생명보험주식회사,D,도매 및 소매업,70000000000,국내생보사,B,SH122,업종별 대출금
238,202309,0010619,DB생명보험주식회사,E,숙박 및 음식점업,90000000000,국내생보사,B,SH122,업종별 대출금
239,202309,0010619,DB생명보험주식회사,F,"출판, 영상, 방송통신 및 정보서비스업",0,국내생보사,B,SH122,업종별 대출금
240,202309,0010619,DB생명보험주식회사,G,부동산업 및 임대업,699657990000,국내생보사,B,SH122,업종별 대출금
241,202309,0010619,DB생명보험주식회사,H,기타,2268702788000,국내생보사,B,SH122,업종별 대출금
242,202309,0010619,DB생명보험주식회사,I,계,3496655298000,국내생보사,B,SH122,업종별 대출금
243,202312,0010619,DB생명보험주식회사,A,"농업, 임업 및 어업",0,국내생보사,B,SH122,업종별 대출금
244,202312,0010619,DB생명보험주식회사,B,제조업,190000000000,국내생보사,B,SH122,업종별 대출금
245,202312,0010619,DB생명보험주식회사,C,건설업,160276489000,국내생보사,B,SH122,업종별 대출금
246,202312,0010619,DB생명보험주식회사,D,도매 및 소매업,70000000000,국내생보사,B,SH122,업종별 대출금
247,202312,0010619,DB생명보험주식회사,E,숙박 및 음식점업,90000000000,국내생보사,B,SH122,업종별 대출금
248,202312,0010619,DB생명보험주식회사,F,"출판, 영상, 방송통신 및 정보서비스업",0,국내생보사,B,SH122,업종별 대출금
249,202312,0010619,DB생명보험주식회사,G,부동산업 및 임대업,676366210000,국내생보사,B,SH122,업종별 대출금
250,202312,0010619,DB생명보험주식회사,H,기타,2215544277000,국내생보사,B,SH122,업종별 대출금
251,202312,0010619,DB생명보험주식회사,I,계,3402186976000,국내생보사,B,SH122,업종별 대출금
252,202403,0010619,DB생명보험주식회사,A,"농업, 임업 및 어업",0,국내생보사,B,SH122,업종별 대출금
253,202403,0010619,DB생명보험주식회사,B,제조업,190000000000,국내생보사,B,SH122,업종별 대출금
254,202403,0010619,DB생명보험주식회사,C,건설업,161285887000,국내생보사,B,SH122,업종별 대출금
255,202403,0010619,DB생명보험주식회사,D,도매 및 소매업,70000000000,국내생보사,B,SH122,업종별 대출금
256,202403,0010619,DB생명보험주식회사,E,숙박 및 음식점업,90000000000,국내생보사,B,SH122,업종별 대출금
257,202403,0010619,DB생명보험주식회사,F,"출판, 영상, 방송통신 및 정보서비스업",0,국내생보사,B,SH122,업종별 대출금
258,202403,0010619,DB생명보험주식회사,G,부동산업 및 임대업,638674052000,국내생보사,B,SH122,업종별 대출금
259,202403,0010619,DB생명보험주식회사,H,기타,2301041149000,국내생보사,B,SH122,업종별 대출금
260,202403,0010619,DB생명보험주식회사,I,계,3451001088000,국내생보사,B,SH122,업종별 대출금
261,202406,0010619,DB생명보험주식회사,A,"농업, 임업 및 어업",0,국내생보사,B,SH122,업종별 대출금
262,202406,0010619,DB생명보험주식회사,B,제조업,190000000000,국내생보사,B,SH122,업종별 대출금
263,202406,0010619,DB생명보험주식회사,C,건설업,201247354000,국내생보사,B,SH122,업종별 대출금
264,202406,0010619,DB생명보험주식회사,D,도매 및 소매업,70000000000,국내생보사,B,SH122,업종별 대출금
265,202406,0010619,DB생명보험주식회사,E,숙박 및 음식점업,90000000000,국내생보사,B,SH122,업종별 대출금
266,202406,0010619,DB생명보험주식회사,F,"출판, 영상, 방송통신 및 정보서비스업",0,국내생보사,B,SH122,업종별 대출금
267,202406,0010619,DB생명보험주식회사,G,부동산업 및 임대업,483818818000,국내생보사,B,SH122,업종별 대출금
268,202406,0010619,DB생명보험주식회사,H,기타,2395814710000,국내생보사,B,SH122,업종별 대출금
269,202406,0010619,DB생명보험주식회사,I,계,3430880882000,국내생보사,B,SH122,업종별 대출금
270,202409,0010619,DB생명보험주식회사,A,"농업, 임업 및 어업",0,국내생보사,B,SH122,업종별 대출금
271,202409,0010619,DB생명보험주식회사,B,제조업,190000000000,국내생보사,B,SH122,업종별 대출금
272,202409,0010619,DB생명보험주식회사,C,건설업,200513893000,국내생보사,B,SH122,업종별 대출금
273,202409,0010619,DB생명보험주식회사,D,도매 및 소매업,70000000000,국내생보사,B,SH122,업종별 대출금
274,202409,0010619,DB생명보험주식회사,E,숙박 및 음식점업,90000000000,국내생보사,B,SH122,업종별 대출금
275,202409,0010619,DB생명보험주식회사,F,"출판, 영상, 방송통신 및 정보서비스업",0,국내생보사,B,SH122,업종별 대출금
276,202409,0010619,DB생명보험주식회사,G,부동산업 및 임대업,532996666000,국내생보사,B,SH122,업종별 대출금
277,202409,0010619,DB생명보험주식회사,H,기타,2346504353000,국내생보사,B,SH122,업종별 대출금
278,202409,0010619,DB생명보험주식회사,I,계,3430014912000,국내생보사,B,SH122,업종별 대출금
279,202412,0010619,DB생명보험주식회사,A,"농업, 임업 및 어업",0,국내생보사,B,SH122,업종별 대출금
280,202412,0010619,DB생명보험주식회사,B,제조업,180000000000,국내생보사,B,SH122,업종별 대출금
281,202412,0010619,DB생명보험주식회사,C,건설업,243025069000,국내생보사,B,SH122,업종별 대출금
282,202412,0010619,DB생명보험주식회사,D,도매 및 소매업,70000000000,국내생보사,B,SH122,업종별 대출금
283,202412,0010619,DB생명보험주식회사,E,숙박 및 음식점업,90000000000,국내생보사,B,SH122,업종별 대출금
284,202412,0010619,DB생명보험주식회사,F,"출판, 영상, 방송통신 및 정보서비스업",0,국내생보사,B,SH122,업종별 대출금
285,202412,0010619,DB생명보험주식회사,G,부동산업 및 임대업,624583332000,국내생보사,B,SH122,업종별 대출금
286,202412,0010619,DB생명보험주식회사,H,기타,2399896250000,국내생보사,B,SH122,업종별 대출금
287,202412,0010619,DB생명보험주식회사,I,계,3607504651000,국내생보사,B,SH122,업종별 대출금
288,202503,0010619,DB생명보험주식회사,A,"농업, 임업 및 어업",0,국내생보사,B,SH122,업종별 대출금
289,202503,0010619,DB생명보험주식회사,B,제조업,180000000000,국내생보사,B,SH122,업종별 대출금
290,202503,0010619,DB생명보험주식회사,C,건설업,225030654000,국내생보사,B,SH122,업종별 대출금
291,202503,0010619,DB생명보험주식회사,D,도매 및 소매업,70000000000,국내생보사,B,SH122,업종별 대출금
292,202503,0010619,DB생명보험주식회사,E,숙박 및 음식점업,90000000000,국내생보사,B,SH122,업종별 대출금
293,202503,0010619,DB생명보험주식회사,F,"출판, 영상, 방송통신 및 정보서비스업",0,국내생보사,B,SH122,업종별 대출금
294,202503,0010619,DB생명보험주식회사,G,부동산업 및 임대업,815395553000,국내생보사,B,SH122,업종별 대출금
295,202503,0010619,DB생명보험주식회사,H,기타,2443867961000,국내생보사,B,SH122,업종별 대출금
296,202503,0010619,DB생명보험주식회사,I,계,3824294168000,국내생보사,B,SH122,업종별 대출금
297,201703,0010616,KB라이프생명보험,A,"농업, 임업 및 어업",0,국내생보사,B,SH122,업종별 대출금
298,201703,0010616,KB라이프생명보험,B,제조업,0,국내생보사,B,SH122,업종별 대출금
299,201703,0010616,KB라이프생명보험,C,건설업,0,국내생보사,B,SH122,업종별 대출금
300,201703,0010616,KB라이프생명보험,D,도매 및 소매업,0,국내생보사,B,SH122,업종별 대출금
301,201703,0010616,KB라이프생명보험,E,숙박 및 음식점업,0,국내생보사,B,SH122,업종별 대출금
302,201703,0010616,KB라이프생명보험,F,"출판, 영상, 방송통신 및 정보서비스업",0,국내생보사,B,SH122,업종별 대출금
303,201703,0010616,KB라이프생명보험,G,부동산업 및 임대업,0,국내생보사,B,SH122,업종별 대출금
304,201703,0010616,KB라이프생명보험,H,기타,291542702000,국내생보사,B,SH122,업종별 대출금
305,201703,0010616,KB라이프생명보험,I,계,291542702000,국내생보사,B,SH122,업종별 대출금
306,201706,0010616,KB라이프생명보험,A,"농업, 임업 및 어업",0,국내생보사,B,SH122,업종별 대출금
307,201706,0010616,KB라이프생명보험,B,제조업,0,국내생보사,B,SH122,업종별 대출금
308,201706,0010616,KB라이프생명보험,C,건설업,0,국내생보사,B,SH122,업종별 대출금
309,201706,0010616,KB라이프생명보험,D,도매 및 소매업,0,국내생보사,B,SH122,업종별 대출금
310,201706,0010616,KB라이프생명보험,E,숙박 및 음식점업,0,국내생보사,B,SH122,업종별 대출금
311,201706,0010616,KB라이프생명보험,F,"출판, 영상, 방송통신 및 정보서비스업",0,국내생보사,B,SH122,업종별 대출금
312,201706,0010616,KB라이프생명보험,G,부동산업 및 임대업,0,국내생보사,B,SH122,업종별 대출금
313,201706,0010616,KB라이프생명보험,H,기타,293952008000,국내생보사,B,SH122,업종별 대출금
314,201706,0010616,KB라이프생명보험,I,계,293952008000,국내생보사,B,SH122,업종별 대출금
315,201709,0010616,KB라이프생명보험,A,"농업, 임업 및 어업",0,국내생보사,B,SH122,업종별 대출금
316,201709,0010616,KB라이프생명보험,B,제조업,0,국내생보사,B,SH122,업종별 대출금
317,201709,0010616,KB라이프생명보험,C,건설업,0,국내생보사,B,SH122,업종별 대출금
318,201709,0010616,KB라이프생명보험,D,도매 및 소매업,0,국내생보사,B,SH122,업종별 대출금
319,201709,0010616,KB라이프생명보험,E,숙박 및 음식점업,0,국내생보사,B,SH122,업종별 대출금
320,201709,0010616,KB라이프생명보험,F,"출판, 영상, 방송통신 및 정보서비스업",0,국내생보사,B,SH122,업종별 대출금
321,201709,0010616,KB라이프생명보험,G,부동산업 및 임대업,0,국내생보사,B,SH122,업종별 대출금
322,201709,0010616,KB라이프생명보험,H,기타,298482203000,국내생보사,B,SH122,업종별 대출금
323,201709,0010616,KB라이프생명보험,I,계,298482203000,국내생보사,B,SH122,업종별 대출금
324,201712,0010616,KB라이프생명보험,A,"농업, 임업 및 어업",0,국내생보사,B,SH122,업종별 대출금
325,201712,0010616,KB라이프생명보험,B,제조업,0,국내생보사,B,SH122,업종별 대출금
326,201712,0010616,KB라이프생명보험,C,건설업,0,국내생보사,B,SH122,업종별 대출금
327,201712,0010616,KB라이프생명보험,D,도매 및 소매업,0,국내생보사,B,SH122,업종별 대출금
328,201712,0010616,KB라이프생명보험,E,숙박 및 음식점업,0,국내생보사,B,SH122,업종별 대출금
329,201712,0010616,KB라이프생명보험,F,"출판, 영상, 방송통신 및 정보서비스업",0,국내생보사,B,SH122,업종별 대출금
330,201712,0010616,KB라이프생명보험,G,부동산업 및 임대업,0,국내생보사,B,SH122,업종별 대출금
331,201712,0010616,KB라이프생명보험,H,기타,297640336000,국내생보사,B,SH122,업종별 대출금
332,201712,0010616,KB라이프생명보험,I,계,297640336000,국내생보사,B,SH122,업종별 대출금
333,201803,0010616,KB라이프생명보험,A,"농업, 임업 및 어업",0,국내생보사,B,SH122,업종별 대출금
334,201803,0010616,KB라이프생명보험,B,제조업,0,국내생보사,B,SH122,업종별 대출금
335,201803,0010616,KB라이프생명보험,C,건설업,0,국내생보사,B,SH122,업종별 대출금
336,201803,0010616,KB라이프생명보험,D,도매 및 소매업,0,국내생보사,B,SH122,업종별 대출금
337,201803,0010616,KB라이프생명보험,E,숙박 및 음식점업,0,국내생보사,B,SH122,업종별 대출금
338,201803,0010616,KB라이프생명보험,F,"출판, 영상, 방송통신 및 정보서비스업",0,국내생보사,B,SH122,업종별 대출금
339,201803,0010616,KB라이프생명보험,G,부동산업 및 임대업,0,국내생보사,B,SH122,업종별 대출금
340,201803,0010616,KB라이프생명보험,H,기타,287917734000,국내생보사,B,SH122,업종별 대출금
341,201803,0010616,KB라이프생명보험,I,계,287917734000,국내생보사,B,SH122,업종별 대출금
342,201806,0010616,KB라이프생명보험,A,"농업, 임업 및 어업",0,국내생보사,B,SH122,업종별 대출금
343,201806,0010616,KB라이프생명보험,B,제조업,0,국내생보사,B,SH122,업종별 대출금
344,201806,0010616,KB라이프생명보험,C,건설업,0,국내생보사,B,SH122,업종별 대출금
345,201806,0010616,KB라이프생명보험,D,도매 및 소매업,0,국내생보사,B,SH122,업종별 대출금
346,201806,0010616,KB라이프생명보험,E,숙박 및 음식점업,0,국내생보사,B,SH122,업종별 대출금
347,201806,0010616,KB라이프생명보험,F,"출판, 영상, 방송통신 및 정보서비스업",0,국내생보사,B,SH122,업종별 대출금
348,201806,0010616,KB라이프생명보험,G,부동산업 및 임대업,0,국내생보사,B,SH122,업종별 대출금
349,201806,0010616,KB라이프생명보험,H,기타,259930963000,국내생보사,B,SH122,업종별 대출금
350,201806,0010616,KB라이프생명보험,I,계,259930963000,국내생보사,B,SH122,업종별 대출금
351,201809,0010616,KB라이프생명보험,A,"농업, 임업 및 어업",0,국내생보사,B,SH122,업종별 대출금
352,201809,0010616,KB라이프생명보험,B,제조업,0,국내생보사,B,SH122,업종별 대출금
353,201809,0010616,KB라이프생명보험,C,건설업,0,국내생보사,B,SH122,업종별 대출금
354,201809,0010616,KB라이프생명보험,D,도매 및 소매업,0,국내생보사,B,SH122,업종별 대출금
355,201809,0010616,KB라이프생명보험,E,숙박 및 음식점업,0,국내생보사,B,SH122,업종별 대출금
356,201809,0010616,KB라이프생명보험,F,"출판, 영상, 방송통신 및 정보서비스업",0,국내생보사,B,SH122,업종별 대출금
357,201809,0010616,KB라이프생명보험,G,부동산업 및 임대업,0,국내생보사,B,SH122,업종별 대출금
358,201809,0010616,KB라이프생명보험,H,기타,262724147000,국내생보사,B,SH122,업종별 대출금
359,201809,0010616,KB라이프생명보험,I,계,262724147000,국내생보사,B,SH122,업종별 대출금
360,201812,0010616,KB라이프생명보험,A,"농업, 임업 및 어업",0,국내생보사,B,SH122,업종별 대출금
361,201812,0010616,KB라이프생명보험,B,제조업,0,국내생보사,B,SH122,업종별 대출금
362,201812,0010616,KB라이프생명보험,C,건설업,0,국내생보사,B,SH122,업종별 대출금
363,201812,0010616,KB라이프생명보험,D,도매 및 소매업,0,국내생보사,B,SH122,업종별 대출금
364,201812,0010616,KB라이프생명보험,E,숙박 및 음식점업,0,국내생보사,B,SH122,업종별 대출금
365,201812,0010616,KB라이프생명보험,F,"출판, 영상, 방송통신 및 정보서비스업",0,국내생보사,B,SH122,업종별 대출금
366,201812,0010616,KB라이프생명보험,G,부동산업 및 임대업,0,국내생보사,B,SH122,업종별 대출금
367,201812,0010616,KB라이프생명보험,H,기타,265994293000,국내생보사,B,SH122,업종별 대출금
368,201812,0010616,KB라이프생명보험,I,계,265994293000,국내생보사,B,SH122,업종별 대출금
369,201903,0010616,KB라이프생명보험,A,"농업, 임업 및 어업",0,국내생보사,B,SH122,업종별 대출금
370,201903,0010616,KB라이프생명보험,B,제조업,0,국내생보사,B,SH122,업종별 대출금
371,201903,0010616,KB라이프생명보험,C,건설업,0,국내생보사,B,SH122,업종별 대출금
372,201903,0010616,KB라이프생명보험,D,도매 및 소매업,0,국내생보사,B,SH122,업종별 대출금
373,201903,0010616,KB라이프생명보험,E,숙박 및 음식점업,0,국내생보사,B,SH122,업종별 대출금
374,201903,0010616,KB라이프생명보험,F,"출판, 영상, 방송통신 및 정보서비스업",0,국내생보사,B,SH122,업종별 대출금
375,201903,0010616,KB라이프생명보험,G,부동산업 및 임대업,0,국내생보사,B,SH122,업종별 대출금
376,201903,0010616,KB라이프생명보험,H,기타,246266323000,국내생보사,B,SH122,업종별 대출금
377,201903,0010616,KB라이프생명보험,I,계,246266323000,국내생보사,B,SH122,업종별 대출금
378,201906,0010616,KB라이프생명보험,A,"농업, 임업 및 어업",0,국내생보사,B,SH122,업종별 대출금
379,201906,0010616,KB라이프생명보험,B,제조업,0,국내생보사,B,SH122,업종별 대출금
380,201906,0010616,KB라이프생명보험,C,건설업,0,국내생보사,B,SH122,업종별 대출금
381,201906,0010616,KB라이프생명보험,D,도매 및 소매업,0,국내생보사,B,SH122,업종별 대출금
382,201906,0010616,KB라이프생명보험,E,숙박 및 음식점업,0,국내생보사,B,SH122,업종별 대출금
383,201906,0010616,KB라이프생명보험,F,"출판, 영상, 방송통신 및 정보서비스업",0,국내생보사,B,SH122,업종별 대출금
384,201906,0010616,KB라이프생명보험,G,부동산업 및 임대업,0,국내생보사,B,SH122,업종별 대출금
385,201906,0010616,KB라이프생명보험,H,기타,261564815000,국내생보사,B,SH122,업종별 대출금
386,201906,0010616,KB라이프생명보험,I,계,261564815000,국내생보사,B,SH122,업종별 대출금
387,201909,0010616,KB라이프생명보험,A,"농업, 임업 및 어업",0,국내생보사,B,SH122,업종별 대출금
388,201909,0010616,KB라이프생명보험,B,제조업,0,국내생보사,B,SH122,업종별 대출금
389,201909,0010616,KB라이프생명보험,C,건설업,0,국내생보사,B,SH122,업종별 대출금
390,201909,0010616,KB라이프생명보험,D,도매 및 소매업,0,국내생보사,B,SH122,업종별 대출금
391,201909,0010616,KB라이프생명보험,E,숙박 및 음식점업,0,국내생보사,B,SH122,업종별 대출금
392,201909,0010616,KB라이프생명보험,F,"출판, 영상, 방송통신 및 정보서비스업",0,국내생보사,B,SH122,업종별 대출금
393,201909,0010616,KB라이프생명보험,G,부동산업 및 임대업,0,국내생보사,B,SH122,업종별 대출금
394,201909,0010616,KB라이프생명보험,H,기타,261552404000,국내생보사,B,SH122,업종별 대출금
395,201909,0010616,KB라이프생명보험,I,계,261552404000,국내생보사,B,SH122,업종별 대출금
396,201912,0010616,KB라이프생명보험,A,"농업, 임업 및 어업",0,국내생보사,B,SH122,업종별 대출금
397,201912,0010616,KB라이프생명보험,B,제조업,0,국내생보사,B,SH122,업종별 대출금
398,201912,0010616,KB라이프생명보험,C,건설업,0,국내생보사,B,SH122,업종별 대출금
399,201912,0010616,KB라이프생명보험,D,도매 및 소매업,0,국내생보사,B,SH122,업종별 대출금
400,201912,0010616,KB라이프생명보험,E,숙박 및 음식점업,0,국내생보사,B,SH122,업종별 대출금
401,201912,0010616,KB라이프생명보험,F,"출판, 영상, 방송통신 및 정보서비스업",0,국내생보사,B,SH122,업종별 대출금
402,201912,0010616,KB라이프생명보험,G,부동산업 및 임대업,0,국내생보사,B,SH122,업종별 대출금
403,201912,0010616,KB라이프생명보험,H,기타,254510418000,국내생보사,B,SH122,업종별 대출금
404,201912,0010616,KB라이프생명보험,I,계,254510418000,국내생보사,B,SH122,업종별 대출금
405,202003,0010616,KB라이프생명보험,A,"농업, 임업 및 어업",0,국내생보사,B,SH122,업종별 대출금
406,202003,0010616,KB라이프생명보험,B,제조업,0,국내생보사,B,SH122,업종별 대출금
407,202003,0010616,KB라이프생명보험,C,건설업,0,국내생보사,B,SH122,업종별 대출금
408,202003,0010616,KB라이프생명보험,D,도매 및 소매업,0,국내생보사,B,SH122,업종별 대출금
409,202003,0010616,KB라이프생명보험,E,숙박 및 음식점업,0,국내생보사,B,SH122,업종별 대출금
410,202003,0010616,KB라이프생명보험,F,"출판, 영상, 방송통신 및 정보서비스업",0,국내생보사,B,SH122,업종별 대출금
411,202003,0010616,KB라이프생명보험,G,부동산업 및 임대업,0,국내생보사,B,SH122,업종별 대출금
412,202003,0010616,KB라이프생명보험,H,기타,265420401000,국내생보사,B,SH122,업종별 대출금
413,202003,0010616,KB라이프생명보험,I,계,265420401000,국내생보사,B,SH122,업종별 대출금
414,202006,0010616,KB라이프생명보험,A,"농업, 임업 및 어업",0,국내생보사,B,SH122,업종별 대출금
415,202006,0010616,KB라이프생명보험,B,제조업,0,국내생보사,B,SH122,업종별 대출금
416,202006,0010616,KB라이프생명보험,C,건설업,0,국내생보사,B,SH122,업종별 대출금
417,202006,0010616,KB라이프생명보험,D,도매 및 소매업,0,국내생보사,B,SH122,업종별 대출금
418,202006,0010616,KB라이프생명보험,E,숙박 및 음식점업,0,국내생보사,B,SH122,업종별 대출금
419,202006,0010616,KB라이프생명보험,F,"출판, 영상, 방송통신 및 정보서비스업",0,국내생보사,B,SH122,업종별 대출금
420,202006,0010616,KB라이프생명보험,G,부동산업 및 임대업,0,국내생보사,B,SH122,업종별 대출금
421,202006,0010616,KB라이프생명보험,H,기타,254161760000,국내생보사,B,SH122,업종별 대출금
422,202006,0010616,KB라이프생명보험,I,계,254161760000,국내생보사,B,SH122,업종별 대출금
423,202009,0010616,KB라이프생명보험,A,"농업, 임업 및 어업",0,국내생보사,B,SH122,업종별 대출금
424,202009,0010616,KB라이프생명보험,B,제조업,0,국내생보사,B,SH122,업종별 대출금
425,202009,0010616,KB라이프생명보험,C,건설업,0,국내생보사,B,SH122,업종별 대출금
426,202009,0010616,KB라이프생명보험,D,도매 및 소매업,0,국내생보사,B,SH122,업종별 대출금
427,202009,0010616,KB라이프생명보험,E,숙박 및 음식점업,0,국내생보사,B,SH122,업종별 대출금
428,202009,0010616,KB라이프생명보험,F,"출판, 영상, 방송통신 및 정보서비스업",0,국내생보사,B,SH122,업종별 대출금
429,202009,0010616,KB라이프생명보험,G,부동산업 및 임대업,0,국내생보사,B,SH122,업종별 대출금
430,202009,0010616,KB라이프생명보험,H,기타,49800000000,국내생보사,B,SH122,업종별 대출금
431,202009,0010616,KB라이프생명보험,I,계,49800000000,국내생보사,B,SH122,업종별 대출금
432,202012,0010616,KB라이프생명보험,A,"농업, 임업 및 어업",0,국내생보사,B,SH122,업종별 대출금
433,202012,0010616,KB라이프생명보험,B,제조업,0,국내생보사,B,SH122,업종별 대출금
434,202012,0010616,KB라이프생명보험,C,건설업,0,국내생보사,B,SH122,업종별 대출금
435,202012,0010616,KB라이프생명보험,D,도매 및 소매업,0,국내생보사,B,SH122,업종별 대출금
436,202012,0010616,KB라이프생명보험,E,숙박 및 음식점업,0,국내생보사,B,SH122,업종별 대출금
437,202012,0010616,KB라이프생명보험,F,"출판, 영상, 방송통신 및 정보서비스업",0,국내생보사,B,SH122,업종별 대출금
438,202012,0010616,KB라이프생명보험,G,부동산업 및 임대업,0,국내생보사,B,SH122,업종별 대출금
439,202012,0010616,KB라이프생명보험,H,기타,52000000000,국내생보사,B,SH122,업종별 대출금
440,202012,0010616,KB라이프생명보험,I,계,52000000000,국내생보사,B,SH122,업종별 대출금
441,202103,0010616,KB라이프생명보험,A,"농업, 임업 및 어업",0,국내생보사,B,SH122,업종별 대출금
442,202103,0010616,KB라이프생명보험,B,제조업,0,국내생보사,B,SH122,업종별 대출금
443,202103,0010616,KB라이프생명보험,C,건설업,0,국내생보사,B,SH122,업종별 대출금
444,202103,0010616,KB라이프생명보험,D,도매 및 소매업,0,국내생보사,B,SH122,업종별 대출금
445,202103,0010616,KB라이프생명보험,E,숙박 및 음식점업,0,국내생보사,B,SH122,업종별 대출금
446,202103,0010616,KB라이프생명보험,F,"출판, 영상, 방송통신 및 정보서비스업",0,국내생보사,B,SH122,업종별 대출금
447,202103,0010616,KB라이프생명보험,G,부동산업 및 임대업,0,국내생보사,B,SH122,업종별 대출금
448,202103,0010616,KB라이프생명보험,H,기타,76600000000,국내생보사,B,SH122,업종별 대출금
449,202103,0010616,KB라이프생명보험,I,계,76600000000,국내생보사,B,SH122,업종별 대출금
450,202106,0010616,KB라이프생명보험,A,"농업, 임업 및 어업",0,국내생보사,B,SH122,업종별 대출금
451,202106,0010616,KB라이프생명보험,B,제조업,0,국내생보사,B,SH122,업종별 대출금
452,202106,0010616,KB라이프생명보험,C,건설업,0,국내생보사,B,SH122,업종별 대출금
453,202106,0010616,KB라이프생명보험,D,도매 및 소매업,0,국내생보사,B,SH122,업종별 대출금
454,202106,0010616,KB라이프생명보험,E,숙박 및 음식점업,0,국내생보사,B,SH122,업종별 대출금
455,202106,0010616,KB라이프생명보험,F,"출판, 영상, 방송통신 및 정보서비스업",0,국내생보사,B,SH122,업종별 대출금
456,202106,0010616,KB라이프생명보험,G,부동산업 및 임대업,0,국내생보사,B,SH122,업종별 대출금
457,202106,0010616,KB라이프생명보험,H,기타,84000000000,국내생보사,B,SH122,업종별 대출금
458,202106,0010616,KB라이프생명보험,I,계,84000000000,국내생보사,B,SH122,업종별 대출금
459,202109,0010616,KB라이프생명보험,A,"농업, 임업 및 어업",0,국내생보사,B,SH122,업종별 대출금
460,202109,0010616,KB라이프생명보험,B,제조업,0,국내생보사,B,SH122,업종별 대출금
461,202109,0010616,KB라이프생명보험,C,건설업,0,국내생보사,B,SH122,업종별 대출금
462,202109,0010616,KB라이프생명보험,D,도매 및 소매업,0,국내생보사,B,SH122,업종별 대출금
463,202109,0010616,KB라이프생명보험,E,숙박 및 음식점업,0,국내생보사,B,SH122,업종별 대출금
464,202109,0010616,KB라이프생명보험,F,"출판, 영상, 방송통신 및 정보서비스업",0,국내생보사,B,SH122,업종별 대출금
465,202109,0010616,KB라이프생명보험,G,부동산업 및 임대업,0,국내생보사,B,SH122,업종별 대출금
466,202109,0010616,KB라이프생명보험,H,기타,80600000000,국내생보사,B,SH122,업종별 대출금
467,202109,0010616,KB라이프생명보험,I,계,80600000000,국내생보사,B,SH122,업종별 대출금
468,202112,0010616,KB라이프생명보험,A,"농업, 임업 및 어업",0,국내생보사,B,SH122,업종별 대출금
469,202112,0010616,KB라이프생명보험,B,제조업,0,국내생보사,B,SH122,업종별 대출금
470,202112,0010616,KB라이프생명보험,C,건설업,0,국내생보사,B,SH122,업종별 대출금
471,202112,0010616,KB라이프생명보험,D,도매 및 소매업,0,국내생보사,B,SH122,업종별 대출금
472,202112,0010616,KB라이프생명보험,E,숙박 및 음식점업,0,국내생보사,B,SH122,업종별 대출금
473,202112,0010616,KB라이프생명보험,F,"출판, 영상, 방송통신 및 정보서비스업",0,국내생보사,B,SH122,업종별 대출금
474,202112,0010616,KB라이프생명보험,G,부동산업 및 임대업,0,국내생보사,B,SH122,업종별 대출금
475,202112,0010616,KB라이프생명보험,H,기타,43800000000,국내생보사,B,SH122,업종별 대출금
476,202112,0010616,KB라이프생명보험,I,계,43800000000,국내생보사,B,SH122,업종별 대출금
477,202203,0010616,KB라이프생명보험,A,"농업, 임업 및 어업",0,국내생보사,B,SH122,업종별 대출금
478,202203,0010616,KB라이프생명보험,B,제조업,0,국내생보사,B,SH122,업종별 대출금
479,202203,0010616,KB라이프생명보험,C,건설업,0,국내생보사,B,SH122,업종별 대출금
480,202203,0010616,KB라이프생명보험,D,도매 및 소매업,0,국내생보사,B,SH122,업종별 대출금
481,202203,0010616,KB라이프생명보험,E,숙박 및 음식점업,0,국내생보사,B,SH122,업종별 대출금
482,202203,0010616,KB라이프생명보험,F,"출판, 영상, 방송통신 및 정보서비스업",0,국내생보사,B,SH122,업종별 대출금
483,202203,0010616,KB라이프생명보험,G,부동산업 및 임대업,0,국내생보사,B,SH122,업종별 대출금
484,202203,0010616,KB라이프생명보험,H,기타,73600000000,국내생보사,B,SH122,업종별 대출금
485,202203,0010616,KB라이프생명보험,I,계,73600000000,국내생보사,B,SH122,업종별 대출금
486,202206,0010616,KB라이프생명보험,A,"농업, 임업 및 어업",0,국내생보사,B,SH122,업종별 대출금
487,202206,0010616,KB라이프생명보험,B,제조업,0,국내생보사,B,SH122,업종별 대출금
488,202206,0010616,KB라이프생명보험,C,건설업,0,국내생보사,B,SH122,업종별 대출금
489,202206,0010616,KB라이프생명보험,D,도매 및 소매업,0,국내생보사,B,SH122,업종별 대출금
490,202206,0010616,KB라이프생명보험,E,숙박 및 음식점업,0,국내생보사,B,SH122,업종별 대출금
491,202206,0010616,KB라이프생명보험,F,"출판, 영상, 방송통신 및 정보서비스업",0,국내생보사,B,SH122,업종별 대출금
492,202206,0010616,KB라이프생명보험,G,부동산업 및 임대업,0,국내생보사,B,SH122,업종별 대출금
493,202206,0010616,KB라이프생명보험,H,기타,52800000000,국내생보사,B,SH122,업종별 대출금
494,202206,0010616,KB라이프생명보험,I,계,52800000000,국내생보사,B,SH122,업종별 대출금
495,202209,0010616,KB라이프생명보험,A,"농업, 임업 및 어업",0,국내생보사,B,SH122,업종별 대출금
496,202209,0010616,KB라이프생명보험,B,제조업,0,국내생보사,B,SH122,업종별 대출금
497,202209,0010616,KB라이프생명보험,C,건설업,0,국내생보사,B,SH122,업종별 대출금
498,202209,0010616,KB라이프생명보험,D,도매 및 소매업,0,국내생보사,B,SH122,업종별 대출금
499,202209,0010616,KB라이프생명보험,E,숙박 및 음식점업,0,국내생보사,B,SH122,업종별 대출금
500,202209,0010616,KB라이프생명보험,F,"출판, 영상, 방송통신 및 정보서비스업",0,국내생보사,B,SH122,업종별 대출금
501,202209,0010616,KB라이프생명보험,G,부동산업 및 임대업,0,국내생보사,B,SH122,업종별 대출금
502,202209,0010616,KB라이프생명보험,H,기타,77200000000,국내생보사,B,SH122,업종별 대출금
503,202209,0010616,KB라이프생명보험,I,계,77200000000,국내생보사,B,SH122,업종별 대출금
504,202212,0010616,KB라이프생명보험,A,"농업, 임업 및 어업",0,국내생보사,B,SH122,업종별 대출금
505,202212,0010616,KB라이프생명보험,B,제조업,0,국내생보사,B,SH122,업종별 대출금
506,202212,0010616,KB라이프생명보험,C,건설업,0,국내생보사,B,SH122,업종별 대출금
507,202212,0010616,KB라이프생명보험,D,도매 및 소매업,0,국내생보사,B,SH122,업종별 대출금
508,202212,0010616,KB라이프생명보험,E,숙박 및 음식점업,0,국내생보사,B,SH122,업종별 대출금
509,202212,0010616,KB라이프생명보험,F,"출판, 영상, 방송통신 및 정보서비스업",0,국내생보사,B,SH122,업종별 대출금
510,202212,0010616,KB라이프생명보험,G,부동산업 및 임대업,0,국내생보사,B,SH122,업종별 대출금
511,202212,0010616,KB라이프생명보험,H,기타,122500000000,국내생보사,B,SH122,업종별 대출금
512,202212,0010616,KB라이프생명보험,I,계,122500000000,국내생보사,B,SH122,업종별 대출금
513,202303,0010616,KB라이프생명보험,A,"농업, 임업 및 어업",0,국내생보사,B,SH122,업종별 대출금
514,202303,0010616,KB라이프생명보험,B,제조업,0,국내생보사,B,SH122,업종별 대출금
515,202303,0010616,KB라이프생명보험,C,건설업,20264289000,국내생보사,B,SH122,업종별 대출금
516,202303,0010616,KB라이프생명보험,D,도매 및 소매업,0,국내생보사,B,SH122,업종별 대출금
517,202303,0010616,KB라이프생명보험,E,숙박 및 음식점업,20000000000,국내생보사,B,SH122,업종별 대출금
518,202303,0010616,KB라이프생명보험,F,"출판, 영상, 방송통신 및 정보서비스업",0,국내생보사,B,SH122,업종별 대출금
519,202303,0010616,KB라이프생명보험,G,부동산업 및 임대업,311179630000,국내생보사,B,SH122,업종별 대출금
520,202303,0010616,KB라이프생명보험,H,기타,864980123000,국내생보사,B,SH122,업종별 대출금
521,202303,0010616,KB라이프생명보험,I,계,1216424042000,국내생보사,B,SH122,업종별 대출금
522,202306,0010616,KB라이프생명보험,A,"농업, 임업 및 어업",0,국내생보사,B,SH122,업종별 대출금
523,202306,0010616,KB라이프생명보험,B,제조업,0,국내생보사,B,SH122,업종별 대출금
524,202306,0010616,KB라이프생명보험,C,건설업,19813483000,국내생보사,B,SH122,업종별 대출금
525,202306,0010616,KB라이프생명보험,D,도매 및 소매업,0,국내생보사,B,SH122,업종별 대출금
526,202306,0010616,KB라이프생명보험,E,숙박 및 음식점업,0,국내생보사,B,SH122,업종별 대출금
527,202306,0010616,KB라이프생명보험,F,"출판, 영상, 방송통신 및 정보서비스업",0,국내생보사,B,SH122,업종별 대출금
528,202306,0010616,KB라이프생명보험,G,부동산업 및 임대업,280673374000,국내생보사,B,SH122,업종별 대출금
529,202306,0010616,KB라이프생명보험,H,기타,884882661000,국내생보사,B,SH122,업종별 대출금
530,202306,0010616,KB라이프생명보험,I,계,1185369518000,국내생보사,B,SH122,업종별 대출금
531,202309,0010616,KB라이프생명보험,A,"농업, 임업 및 어업",0,국내생보사,B,SH122,업종별 대출금
532,202309,0010616,KB라이프생명보험,B,제조업,0,국내생보사,B,SH122,업종별 대출금
533,202309,0010616,KB라이프생명보험,C,건설업,19495218000,국내생보사,B,SH122,업종별 대출금
534,202309,0010616,KB라이프생명보험,D,도매 및 소매업,0,국내생보사,B,SH122,업종별 대출금
535,202309,0010616,KB라이프생명보험,E,숙박 및 음식점업,0,국내생보사,B,SH122,업종별 대출금
536,202309,0010616,KB라이프생명보험,F,"출판, 영상, 방송통신 및 정보서비스업",0,국내생보사,B,SH122,업종별 대출금
537,202309,0010616,KB라이프생명보험,G,부동산업 및 임대업,238488102000,국내생보사,B,SH122,업종별 대출금
538,202309,0010616,KB라이프생명보험,H,기타,899277864000,국내생보사,B,SH122,업종별 대출금
539,202309,0010616,KB라이프생명보험,I,계,1157261184000,국내생보사,B,SH122,업종별 대출금
540,202312,0010616,KB라이프생명보험,A,"농업, 임업 및 어업",0,국내생보사,B,SH122,업종별 대출금
541,202312,0010616,KB라이프생명보험,B,제조업,0,국내생보사,B,SH122,업종별 대출금
542,202312,0010616,KB라이프생명보험,C,건설업,19040122000,국내생보사,B,SH122,업종별 대출금
543,202312,0010616,KB라이프생명보험,D,도매 및 소매업,0,국내생보사,B,SH122,업종별 대출금
544,202312,0010616,KB라이프생명보험,E,숙박 및 음식점업,0,국내생보사,B,SH122,업종별 대출금
545,202312,0010616,KB라이프생명보험,F,"출판, 영상, 방송통신 및 정보서비스업",0,국내생보사,B,SH122,업종별 대출금
546,202312,0010616,KB라이프생명보험,G,부동산업 및 임대업,290176764000,국내생보사,B,SH122,업종별 대출금
547,202312,0010616,KB라이프생명보험,H,기타,905609360000,국내생보사,B,SH122,업종별 대출금
548,202312,0010616,KB라이프생명보험,I,계,1214826246000,국내생보사,B,SH122,업종별 대출금
549,202403,0010616,KB라이프생명보험,A,"농업, 임업 및 어업",0,국내생보사,B,SH122,업종별 대출금
550,202403,0010616,KB라이프생명보험,B,제조업,0,국내생보사,B,SH122,업종별 대출금
551,202403,0010616,KB라이프생명보험,C,건설업,18584606000,국내생보사,B,SH122,업종별 대출금
552,202403,0010616,KB라이프생명보험,D,도매 및 소매업,0,국내생보사,B,SH122,업종별 대출금
553,202403,0010616,KB라이프생명보험,E,숙박 및 음식점업,0,국내생보사,B,SH122,업종별 대출금
554,202403,0010616,KB라이프생명보험,F,"출판, 영상, 방송통신 및 정보서비스업",0,국내생보사,B,SH122,업종별 대출금
555,202403,0010616,KB라이프생명보험,G,부동산업 및 임대업,245260827000,국내생보사,B,SH122,업종별 대출금
556,202403,0010616,KB라이프생명보험,H,기타,896585323000,국내생보사,B,SH122,업종별 대출금
557,202403,0010616,KB라이프생명보험,I,계,1160430756000,국내생보사,B,SH122,업종별 대출금
558,202406,0010616,KB라이프생명보험,A,"농업, 임업 및 어업",0,국내생보사,B,SH122,업종별 대출금
559,202406,0010616,KB라이프생명보험,B,제조업,0,국내생보사,B,SH122,업종별 대출금
560,202406,0010616,KB라이프생명보험,C,건설업,18122954000,국내생보사,B,SH122,업종별 대출금
561,202406,0010616,KB라이프생명보험,D,도매 및 소매업,0,국내생보사,B,SH122,업종별 대출금
562,202406,0010616,KB라이프생명보험,E,숙박 및 음식점업,0,국내생보사,B,SH122,업종별 대출금
563,202406,0010616,KB라이프생명보험,F,"출판, 영상, 방송통신 및 정보서비스업",0,국내생보사,B,SH122,업종별 대출금
564,202406,0010616,KB라이프생명보험,G,부동산업 및 임대업,243012847000,국내생보사,B,SH122,업종별 대출금
565,202406,0010616,KB라이프생명보험,H,기타,873653014000,국내생보사,B,SH122,업종별 대출금
566,202406,0010616,KB라이프생명보험,I,계,1134788815000,국내생보사,B,SH122,업종별 대출금
567,202409,0010616,KB라이프생명보험,A,"농업, 임업 및 어업",0,국내생보사,B,SH122,업종별 대출금
568,202409,0010616,KB라이프생명보험,B,제조업,0,국내생보사,B,SH122,업종별 대출금
569,202409,0010616,KB라이프생명보험,C,건설업,17518905000,국내생보사,B,SH122,업종별 대출금
570,202409,0010616,KB라이프생명보험,D,도매 및 소매업,0,국내생보사,B,SH122,업종별 대출금
571,202409,0010616,KB라이프생명보험,E,숙박 및 음식점업,0,국내생보사,B,SH122,업종별 대출금
572,202409,0010616,KB라이프생명보험,F,"출판, 영상, 방송통신 및 정보서비스업",0,국내생보사,B,SH122,업종별 대출금
573,202409,0010616,KB라이프생명보험,G,부동산업 및 임대업,221294372000,국내생보사,B,SH122,업종별 대출금
574,202409,0010616,KB라이프생명보험,H,기타,861888077000,국내생보사,B,SH122,업종별 대출금
575,202409,0010616,KB라이프생명보험,I,계,1100701354000,국내생보사,B,SH122,업종별 대출금
576,202412,0010616,KB라이프생명보험,A,"농업, 임업 및 어업",0,국내생보사,B,SH122,업종별 대출금
577,202412,0010616,KB라이프생명보험,B,제조업,0,국내생보사,B,SH122,업종별 대출금
578,202412,0010616,KB라이프생명보험,C,건설업,17056358000,국내생보사,B,SH122,업종별 대출금
579,202412,0010616,KB라이프생명보험,D,도매 및 소매업,0,국내생보사,B,SH122,업종별 대출금
580,202412,0010616,KB라이프생명보험,E,숙박 및 음식점업,0,국내생보사,B,SH122,업종별 대출금
581,202412,0010616,KB라이프생명보험,F,"출판, 영상, 방송통신 및 정보서비스업",0,국내생보사,B,SH122,업종별 대출금
582,202412,0010616,KB라이프생명보험,G,부동산업 및 임대업,153465749000,국내생보사,B,SH122,업종별 대출금
583,202412,0010616,KB라이프생명보험,H,기타,831426448000,국내생보사,B,SH122,업종별 대출금
584,202412,0010616,KB라이프생명보험,I,계,1001948555000,국내생보사,B,SH122,업종별 대출금
585,202503,0010616,KB라이프생명보험,A,"농업, 임업 및 어업",0,국내생보사,B,SH122,업종별 대출금
586,202503,0010616,KB라이프생명보험,B,제조업,106166667000,국내생보사,B,SH122,업종별 대출금
587,202503,0010616,KB라이프생명보험,C,건설업,16583980000,국내생보사,B,SH122,업종별 대출금
588,202503,0010616,KB라이프생명보험,D,도매 및 소매업,0,국내생보사,B,SH122,업종별 대출금
589,202503,0010616,KB라이프생명보험,E,숙박 및 음식점업,0,국내생보사,B,SH122,업종별 대출금
590,202503,0010616,KB라이프생명보험,F,"출판, 영상, 방송통신 및 정보서비스업",0,국내생보사,B,SH122,업종별 대출금
591,202503,0010616,KB라이프생명보험,G,부동산업 및 임대업,154564085000,국내생보사,B,SH122,업종별 대출금
592,202503,0010616,KB라이프생명보험,H,기타,772329258000,국내생보사,B,SH122,업종별 대출금
593,202503,0010616,KB라이프생명보험,I,계,1049643990000,국내생보사,B,SH122,업종별 대출금
594,202103,0013436,교보라이프플래닛생명보험주식회사,A,"농업, 임업 및 어업",0,국내생보사,B,SH122,업종별 대출금
595,202103,0013436,교보라이프플래닛생명보험주식회사,B,제조업,0,국내생보사,B,SH122,업종별 대출금
596,202103,0013436,교보라이프플래닛생명보험주식회사,C,건설업,0,국내생보사,B,SH122,업종별 대출금
597,202103,0013436,교보라이프플래닛생명보험주식회사,D,도매 및 소매업,0,국내생보사,B,SH122,업종별 대출금
598,202103,0013436,교보라이프플래닛생명보험주식회사,E,숙박 및 음식점업,0,국내생보사,B,SH122,업종별 대출금
599,202103,0013436,교보라이프플래닛생명보험주식회사,F,"출판, 영상, 방송통신 및 정보서비스업",0,국내생보사,B,SH122,업종별 대출금
600,202103,0013436,교보라이프플래닛생명보험주식회사,G,부동산업 및 임대업,0,국내생보사,B,SH122,업종별 대출금
601,202103,0013436,교보라이프플래닛생명보험주식회사,H,기타,25000000000,국내생보사,B,SH122,업종별 대출금
602,202103,0013436,교보라이프플래닛생명보험주식회사,I,계,25000000000,국내생보사,B,SH122,업종별 대출금
603,202106,0013436,교보라이프플래닛생명보험주식회사,A,"농업, 임업 및 어업",0,국내생보사,B,SH122,업종별 대출금
604,202106,0013436,교보라이프플래닛생명보험주식회사,B,제조업,0,국내생보사,B,SH122,업종별 대출금
605,202106,0013436,교보라이프플래닛생명보험주식회사,C,건설업,0,국내생보사,B,SH122,업종별 대출금
606,202106,0013436,교보라이프플래닛생명보험주식회사,D,도매 및 소매업,0,국내생보사,B,SH122,업종별 대출금
607,202106,0013436,교보라이프플래닛생명보험주식회사,E,숙박 및 음식점업,0,국내생보사,B,SH122,업종별 대출금
608,202106,0013436,교보라이프플래닛생명보험주식회사,F,"출판, 영상, 방송통신 및 정보서비스업",0,국내생보사,B,SH122,업종별 대출금
609,202106,0013436,교보라이프플래닛생명보험주식회사,G,부동산업 및 임대업,0,국내생보사,B,SH122,업종별 대출금
610,202106,0013436,교보라이프플래닛생명보험주식회사,H,기타,35000000000,국내생보사,B,SH122,업종별 대출금
611,202106,0013436,교보라이프플래닛생명보험주식회사,I,계,35000000000,국내생보사,B,SH122,업종별 대출금
612,202109,0013436,교보라이프플래닛생명보험주식회사,A,"농업, 임업 및 어업",0,국내생보사,B,SH122,업종별 대출금
613,202109,0013436,교보라이프플래닛생명보험주식회사,B,제조업,0,국내생보사,B,SH122,업종별 대출금
614,202109,0013436,교보라이프플래닛생명보험주식회사,C,건설업,0,국내생보사,B,SH122,업종별 대출금
615,202109,0013436,교보라이프플래닛생명보험주식회사,D,도매 및 소매업,0,국내생보사,B,SH122,업종별 대출금
616,202109,0013436,교보라이프플래닛생명보험주식회사,E,숙박 및 음식점업,0,국내생보사,B,SH122,업종별 대출금
617,202109,0013436,교보라이프플래닛생명보험주식회사,F,"출판, 영상, 방송통신 및 정보서비스업",0,국내생보사,B,SH122,업종별 대출금
618,202109,0013436,교보라이프플래닛생명보험주식회사,G,부동산업 및 임대업,0,국내생보사,B,SH122,업종별 대출금
619,202109,0013436,교보라이프플래닛생명보험주식회사,H,기타,35000000000,국내생보사,B,SH122,업종별 대출금
620,202109,0013436,교보라이프플래닛생명보험주식회사,I,계,35000000000,국내생보사,B,SH122,업종별 대출금
621,202112,0013436,교보라이프플래닛생명보험주식회사,A,"농업, 임업 및 어업",0,국내생보사,B,SH122,업종별 대출금
622,202112,0013436,교보라이프플래닛생명보험주식회사,B,제조업,0,국내생보사,B,SH122,업종별 대출금
623,202112,0013436,교보라이프플래닛생명보험주식회사,C,건설업,0,국내생보사,B,SH122,업종별 대출금
624,202112,0013436,교보라이프플래닛생명보험주식회사,D,도매 및 소매업,0,국내생보사,B,SH122,업종별 대출금
625,202112,0013436,교보라이프플래닛생명보험주식회사,E,숙박 및 음식점업,0,국내생보사,B,SH122,업종별 대출금
626,202112,0013436,교보라이프플래닛생명보험주식회사,F,"출판, 영상, 방송통신 및 정보서비스업",0,국내생보사,B,SH122,업종별 대출금
627,202112,0013436,교보라이프플래닛생명보험주식회사,G,부동산업 및 임대업,0,국내생보사,B,SH122,업종별 대출금
628,202112,0013436,교보라이프플래닛생명보험주식회사,H,기타,35000000000,국내생보사,B,SH122,업종별 대출금
629,202112,0013436,교보라이프플래닛생명보험주식회사,I,계,35000000000,국내생보사,B,SH122,업종별 대출금
630,202203,0013436,교보라이프플래닛생명보험주식회사,A,"농업, 임업 및 어업",0,국내생보사,B,SH122,업종별 대출금
631,202203,0013436,교보라이프플래닛생명보험주식회사,B,제조업,0,국내생보사,B,SH122,업종별 대출금
632,202203,0013436,교보라이프플래닛생명보험주식회사,C,건설업,0,국내생보사,B,SH122,업종별 대출금
633,202203,0013436,교보라이프플래닛생명보험주식회사,D,도매 및 소매업,0,국내생보사,B,SH122,업종별 대출금
634,202203,0013436,교보라이프플래닛생명보험주식회사,E,숙박 및 음식점업,0,국내생보사,B,SH122,업종별 대출금
635,202203,0013436,교보라이프플래닛생명보험주식회사,F,"출판, 영상, 방송통신 및 정보서비스업",0,국내생보사,B,SH122,업종별 대출금
636,202203,0013436,교보라이프플래닛생명보험주식회사,G,부동산업 및 임대업,0,국내생보사,B,SH122,업종별 대출금
637,202203,0013436,교보라이프플래닛생명보험주식회사,H,기타,35000000000,국내생보사,B,SH122,업종별 대출금
638,202203,0013436,교보라이프플래닛생명보험주식회사,I,계,35000000000,국내생보사,B,SH122,업종별 대출금
639,202206,0013436,교보라이프플래닛생명보험주식회사,A,"농업, 임업 및 어업",0,국내생보사,B,SH122,업종별 대출금
640,202206,0013436,교보라이프플래닛생명보험주식회사,B,제조업,0,국내생보사,B,SH122,업종별 대출금
641,202206,0013436,교보라이프플래닛생명보험주식회사,C,건설업,0,국내생보사,B,SH122,업종별 대출금
642,202206,0013436,교보라이프플래닛생명보험주식회사,D,도매 및 소매업,0,국내생보사,B,SH122,업종별 대출금
643,202206,0013436,교보라이프플래닛생명보험주식회사,E,숙박 및 음식점업,0,국내생보사,B,SH122,업종별 대출금
644,202206,0013436,교보라이프플래닛생명보험주식회사,F,"출판, 영상, 방송통신 및 정보서비스업",0,국내생보사,B,SH122,업종별 대출금
645,202206,0013436,교보라이프플래닛생명보험주식회사,G,부동산업 및 임대업,0,국내생보사,B,SH122,업종별 대출금
646,202206,0013436,교보라이프플래닛생명보험주식회사,H,기타,34250000000,국내생보사,B,SH122,업종별 대출금
647,202206,0013436,교보라이프플래닛생명보험주식회사,I,계,34250000000,국내생보사,B,SH122,업종별 대출금
648,202209,0013436,교보라이프플래닛생명보험주식회사,A,"농업, 임업 및 어업",0,국내생보사,B,SH122,업종별 대출금
649,202209,0013436,교보라이프플래닛생명보험주식회사,B,제조업,0,국내생보사,B,SH122,업종별 대출금
650,202209,0013436,교보라이프플래닛생명보험주식회사,C,건설업,0,국내생보사,B,SH122,업종별 대출금
651,202209,0013436,교보라이프플래닛생명보험주식회사,D,도매 및 소매업,0,국내생보사,B,SH122,업종별 대출금
652,202209,0013436,교보라이프플래닛생명보험주식회사,E,숙박 및 음식점업,0,국내생보사,B,SH122,업종별 대출금
653,202209,0013436,교보라이프플래닛생명보험주식회사,F,"출판, 영상, 방송통신 및 정보서비스업",0,국내생보사,B,SH122,업종별 대출금
654,202209,0013436,교보라이프플래닛생명보험주식회사,G,부동산업 및 임대업,0,국내생보사,B,SH122,업종별 대출금
655,202209,0013436,교보라이프플래닛생명보험주식회사,H,기타,34250000000,국내생보사,B,SH122,업종별 대출금
656,202209,0013436,교보라이프플래닛생명보험주식회사,I,계,34250000000,국내생보사,B,SH122,업종별 대출금
657,202212,0013436,교보라이프플래닛생명보험주식회사,A,"농업, 임업 및 어업",0,국내생보사,B,SH122,업종별 대출금
658,202212,0013436,교보라이프플래닛생명보험주식회사,B,제조업,0,국내생보사,B,SH122,업종별 대출금
659,202212,0013436,교보라이프플래닛생명보험주식회사,C,건설업,0,국내생보사,B,SH122,업종별 대출금
660,202212,0013436,교보라이프플래닛생명보험주식회사,D,도매 및 소매업,0,국내생보사,B,SH122,업종별 대출금
661,202212,0013436,교보라이프플래닛생명보험주식회사,E,숙박 및 음식점업,0,국내생보사,B,SH122,업종별 대출금
662,202212,0013436,교보라이프플래닛생명보험주식회사,F,"출판, 영상, 방송통신 및 정보서비스업",0,국내생보사,B,SH122,업종별 대출금
663,202212,0013436,교보라이프플래닛생명보험주식회사,G,부동산업 및 임대업,0,국내생보사,B,SH122,업종별 대출금
664,202212,0013436,교보라이프플래닛생명보험주식회사,H,기타,33500000000,국내생보사,B,SH122,업종별 대출금
665,202212,0013436,교보라이프플래닛생명보험주식회사,I,계,33500000000,국내생보사,B,SH122,업종별 대출금
666,202303,0013436,교보라이프플래닛생명보험주식회사,A,"농업, 임업 및 어업",0,국내생보사,B,SH122,업종별 대출금
667,202303,0013436,교보라이프플래닛생명보험주식회사,B,제조업,0,국내생보사,B,SH122,업종별 대출금
668,202303,0013436,교보라이프플래닛생명보험주식회사,C,건설업,0,국내생보사,B,SH122,업종별 대출금
669,202303,0013436,교보라이프플래닛생명보험주식회사,D,도매 및 소매업,0,국내생보사,B,SH122,업종별 대출금
670,202303,0013436,교보라이프플래닛생명보험주식회사,E,숙박 및 음식점업,0,국내생보사,B,SH122,업종별 대출금
671,202303,0013436,교보라이프플래닛생명보험주식회사,F,"출판, 영상, 방송통신 및 정보서비스업",0,국내생보사,B,SH122,업종별 대출금
672,202303,0013436,교보라이프플래닛생명보험주식회사,G,부동산업 및 임대업,0,국내생보사,B,SH122,업종별 대출금
673,202303,0013436,교보라이프플래닛생명보험주식회사,H,기타,33500000000,국내생보사,B,SH122,업종별 대출금
674,202303,0013436,교보라이프플래닛생명보험주식회사,I,계,33500000000,국내생보사,B,SH122,업종별 대출금
675,202306,0013436,교보라이프플래닛생명보험주식회사,A,"농업, 임업 및 어업",0,국내생보사,B,SH122,업종별 대출금
676,202306,0013436,교보라이프플래닛생명보험주식회사,B,제조업,0,국내생보사,B,SH122,업종별 대출금
677,202306,0013436,교보라이프플래닛생명보험주식회사,C,건설업,0,국내생보사,B,SH122,업종별 대출금
678,202306,0013436,교보라이프플래닛생명보험주식회사,D,도매 및 소매업,0,국내생보사,B,SH122,업종별 대출금
679,202306,0013436,교보라이프플래닛생명보험주식회사,E,숙박 및 음식점업,0,국내생보사,B,SH122,업종별 대출금
680,202306,0013436,교보라이프플래닛생명보험주식회사,F,"출판, 영상, 방송통신 및 정보서비스업",0,국내생보사,B,SH122,업종별 대출금
681,202306,0013436,교보라이프플래닛생명보험주식회사,G,부동산업 및 임대업,0,국내생보사,B,SH122,업종별 대출금
682,202306,0013436,교보라이프플래닛생명보험주식회사,H,기타,32500000000,국내생보사,B,SH122,업종별 대출금
683,202306,0013436,교보라이프플래닛생명보험주식회사,I,계,32500000000,국내생보사,B,SH122,업종별 대출금
684,202309,0013436,교보라이프플래닛생명보험주식회사,A,"농업, 임업 및 어업",0,국내생보사,B,SH122,업종별 대출금
685,202309,0013436,교보라이프플래닛생명보험주식회사,B,제조업,0,국내생보사,B,SH122,업종별 대출금
686,202309,0013436,교보라이프플래닛생명보험주식회사,C,건설업,0,국내생보사,B,SH122,업종별 대출금
687,202309,0013436,교보라이프플래닛생명보험주식회사,D,도매 및 소매업,0,국내생보사,B,SH122,업종별 대출금
688,202309,0013436,교보라이프플래닛생명보험주식회사,E,숙박 및 음식점업,0,국내생보사,B,SH122,업종별 대출금
689,202309,0013436,교보라이프플래닛생명보험주식회사,F,"출판, 영상, 방송통신 및 정보서비스업",0,국내생보사,B,SH122,업종별 대출금
690,202309,0013436,교보라이프플래닛생명보험주식회사,G,부동산업 및 임대업,0,국내생보사,B,SH122,업종별 대출금
691,202309,0013436,교보라이프플래닛생명보험주식회사,H,기타,32500000000,국내생보사,B,SH122,업종별 대출금
692,202309,0013436,교보라이프플래닛생명보험주식회사,I,계,32500000000,국내생보사,B,SH122,업종별 대출금
693,202312,0013436,교보라이프플래닛생명보험주식회사,A,"농업, 임업 및 어업",0,국내생보사,B,SH122,업종별 대출금
694,202312,0013436,교보라이프플래닛생명보험주식회사,B,제조업,0,국내생보사,B,SH122,업종별 대출금
695,202312,0013436,교보라이프플래닛생명보험주식회사,C,건설업,0,국내생보사,B,SH122,업종별 대출금
696,202312,0013436,교보라이프플래닛생명보험주식회사,D,도매 및 소매업,0,국내생보사,B,SH122,업종별 대출금
697,202312,0013436,교보라이프플래닛생명보험주식회사,E,숙박 및 음식점업,0,국내생보사,B,SH122,업종별 대출금
698,202312,0013436,교보라이프플래닛생명보험주식회사,F,"출판, 영상, 방송통신 및 정보서비스업",0,국내생보사,B,SH122,업종별 대출금
699,202312,0013436,교보라이프플래닛생명보험주식회사,G,부동산업 및 임대업,0,국내생보사,B,SH122,업종별 대출금
700,202312,0013436,교보라이프플래닛생명보험주식회사,H,기타,27500000000,국내생보사,B,SH122,업종별 대출금
701,202312,0013436,교보라이프플래닛생명보험주식회사,I,계,27500000000,국내생보사,B,SH122,업종별 대출금
702,202403,0013436,교보라이프플래닛생명보험주식회사,A,"농업, 임업 및 어업",0,국내생보사,B,SH122,업종별 대출금
703,202403,0013436,교보라이프플래닛생명보험주식회사,B,제조업,0,국내생보사,B,SH122,업종별 대출금
704,202403,0013436,교보라이프플래닛생명보험주식회사,C,건설업,0,국내생보사,B,SH122,업종별 대출금
705,202403,0013436,교보라이프플래닛생명보험주식회사,D,도매 및 소매업,0,국내생보사,B,SH122,업종별 대출금
706,202403,0013436,교보라이프플래닛생명보험주식회사,E,숙박 및 음식점업,0,국내생보사,B,SH122,업종별 대출금
707,202403,0013436,교보라이프플래닛생명보험주식회사,F,"출판, 영상, 방송통신 및 정보서비스업",0,국내생보사,B,SH122,업종별 대출금
708,202403,0013436,교보라이프플래닛생명보험주식회사,G,부동산업 및 임대업,0,국내생보사,B,SH122,업종별 대출금
709,202403,0013436,교보라이프플래닛생명보험주식회사,H,기타,27500000000,국내생보사,B,SH122,업종별 대출금
710,202403,0013436,교보라이프플래닛생명보험주식회사,I,계,27500000000,국내생보사,B,SH122,업종별 대출금
711,202406,0013436,교보라이프플래닛생명보험주식회사,A,"농업, 임업 및 어업",0,국내생보사,B,SH122,업종별 대출금
712,202406,0013436,교보라이프플래닛생명보험주식회사,B,제조업,0,국내생보사,B,SH122,업종별 대출금
713,202406,0013436,교보라이프플래닛생명보험주식회사,C,건설업,0,국내생보사,B,SH122,업종별 대출금
714,202406,0013436,교보라이프플래닛생명보험주식회사,D,도매 및 소매업,0,국내생보사,B,SH122,업종별 대출금
715,202406,0013436,교보라이프플래닛생명보험주식회사,E,숙박 및 음식점업,0,국내생보사,B,SH122,업종별 대출금
716,202406,0013436,교보라이프플래닛생명보험주식회사,F,"출판, 영상, 방송통신 및 정보서비스업",0,국내생보사,B,SH122,업종별 대출금
717,202406,0013436,교보라이프플래닛생명보험주식회사,G,부동산업 및 임대업,0,국내생보사,B,SH122,업종별 대출금
718,202406,0013436,교보라이프플래닛생명보험주식회사,H,기타,26250000000,국내생보사,B,SH122,업종별 대출금
719,202406,0013436,교보라이프플래닛생명보험주식회사,I,계,26250000000,국내생보사,B,SH122,업종별 대출금
720,202409,0013436,교보라이프플래닛생명보험주식회사,A,"농업, 임업 및 어업",0,국내생보사,B,SH122,업종별 대출금
721,202409,0013436,교보라이프플래닛생명보험주식회사,B,제조업,0,국내생보사,B,SH122,업종별 대출금
722,202409,0013436,교보라이프플래닛생명보험주식회사,C,건설업,0,국내생보사,B,SH122,업종별 대출금
723,202409,0013436,교보라이프플래닛생명보험주식회사,D,도매 및 소매업,0,국내생보사,B,SH122,업종별 대출금
724,202409,0013436,교보라이프플래닛생명보험주식회사,E,숙박 및 음식점업,0,국내생보사,B,SH122,업종별 대출금
725,202409,0013436,교보라이프플래닛생명보험주식회사,F,"출판, 영상, 방송통신 및 정보서비스업",0,국내생보사,B,SH122,업종별 대출금
726,202409,0013436,교보라이프플래닛생명보험주식회사,G,부동산업 및 임대업,0,국내생보사,B,SH122,업종별 대출금
727,202409,0013436,교보라이프플래닛생명보험주식회사,H,기타,26250000000,국내생보사,B,SH122,업종별 대출금
728,202409,0013436,교보라이프플래닛생명보험주식회사,I,계,26250000000,국내생보사,B,SH122,업종별 대출금
729,202412,0013436,교보라이프플래닛생명보험주식회사,A,"농업, 임업 및 어업",0,국내생보사,B,SH122,업종별 대출금
730,202412,0013436,교보라이프플래닛생명보험주식회사,B,제조업,0,국내생보사,B,SH122,업종별 대출금
731,202412,0013436,교보라이프플래닛생명보험주식회사,C,건설업,0,국내생보사,B,SH122,업종별 대출금
732,202412,0013436,교보라이프플래닛생명보험주식회사,D,도매 및 소매업,0,국내생보사,B,SH122,업종별 대출금
733,202412,0013436,교보라이프플래닛생명보험주식회사,E,숙박 및 음식점업,0,국내생보사,B,SH122,업종별 대출금
734,202412,0013436,교보라이프플래닛생명보험주식회사,F,"출판, 영상, 방송통신 및 정보서비스업",0,국내생보사,B,SH122,업종별 대출금
735,202412,0013436,교보라이프플래닛생명보험주식회사,G,부동산업 및 임대업,0,국내생보사,B,SH122,업종별 대출금
736,202412,0013436,교보라이프플래닛생명보험주식회사,H,기타,19000000000,국내생보사,B,SH122,업종별 대출금
737,202412,0013436,교보라이프플래닛생명보험주식회사,I,계,19000000000,국내생보사,B,SH122,업종별 대출금
738,202503,0013436,교보라이프플래닛생명보험주식회사,A,"농업, 임업 및 어업",0,국내생보사,B,SH122,업종별 대출금
739,202503,0013436,교보라이프플래닛생명보험주식회사,B,제조업,0,국내생보사,B,SH122,업종별 대출금
740,202503,0013436,교보라이프플래닛생명보험주식회사,C,건설업,0,국내생보사,B,SH122,업종별 대출금
741,202503,0013436,교보라이프플래닛생명보험주식회사,D,도매 및 소매업,0,국내생보사,B,SH122,업종별 대출금
742,202503,0013436,교보라이프플래닛생명보험주식회사,E,숙박 및 음식점업,0,국내생보사,B,SH122,업종별 대출금
743,202503,0013436,교보라이프플래닛생명보험주식회사,F,"출판, 영상, 방송통신 및 정보서비스업",0,국내생보사,B,SH122,업종별 대출금
744,202503,0013436,교보라이프플래닛생명보험주식회사,G,부동산업 및 임대업,0,국내생보사,B,SH122,업종별 대출금
745,202503,0013436,교보라이프플래닛생명보험주식회사,H,기타,19000000000,국내생보사,B,SH122,업종별 대출금
746,202503,0013436,교보라이프플래닛생명보험주식회사,I,계,19000000000,국내생보사,B,SH122,업종별 대출금
747,201703,0010597,교보생명보험주식회사,A,"농업, 임업 및 어업",0,국내생보사,B,SH122,업종별 대출금
748,201703,0010597,교보생명보험주식회사,B,제조업,46474783000,국내생보사,B,SH122,업종별 대출금
749,201703,0010597,교보생명보험주식회사,C,건설업,762379444000,국내생보사,B,SH122,업종별 대출금
750,201703,0010597,교보생명보험주식회사,D,도매 및 소매업,67950751000,국내생보사,B,SH122,업종별 대출금
751,201703,0010597,교보생명보험주식회사,E,숙박 및 음식점업,1200000000,국내생보사,B,SH122,업종별 대출금
752,201703,0010597,교보생명보험주식회사,F,"출판, 영상, 방송통신 및 정보서비스업",0,국내생보사,B,SH122,업종별 대출금
753,201703,0010597,교보생명보험주식회사,G,부동산업 및 임대업,1814992059000,국내생보사,B,SH122,업종별 대출금
754,201703,0010597,교보생명보험주식회사,H,기타,4067552065000,국내생보사,B,SH122,업종별 대출금
755,201703,0010597,교보생명보험주식회사,I,계,6760549102000,국내생보사,B,SH122,업종별 대출금
756,201706,0010597,교보생명보험주식회사,A,"농업, 임업 및 어업",0,국내생보사,B,SH122,업종별 대출금
757,201706,0010597,교보생명보험주식회사,B,제조업,42644253000,국내생보사,B,SH122,업종별 대출금
758,201706,0010597,교보생명보험주식회사,C,건설업,723326217000,국내생보사,B,SH122,업종별 대출금
759,201706,0010597,교보생명보험주식회사,D,도매 및 소매업,67950751000,국내생보사,B,SH122,업종별 대출금
760,201706,0010597,교보생명보험주식회사,E,숙박 및 음식점업,1200000000,국내생보사,B,SH122,업종별 대출금
761,201706,0010597,교보생명보험주식회사,F,"출판, 영상, 방송통신 및 정보서비스업",0,국내생보사,B,SH122,업종별 대출금
762,201706,0010597,교보생명보험주식회사,G,부동산업 및 임대업,1842088785000,국내생보사,B,SH122,업종별 대출금
763,201706,0010597,교보생명보험주식회사,H,기타,3984694690000,국내생보사,B,SH122,업종별 대출금
764,201706,0010597,교보생명보험주식회사,I,계,6661904696000,국내생보사,B,SH122,업종별 대출금
765,201709,0010597,교보생명보험주식회사,A,"농업, 임업 및 어업",0,국내생보사,B,SH122,업종별 대출금
766,201709,0010597,교보생명보험주식회사,B,제조업,41077739000,국내생보사,B,SH122,업종별 대출금
767,201709,0010597,교보생명보험주식회사,C,건설업,715026827000,국내생보사,B,SH122,업종별 대출금
768,201709,0010597,교보생명보험주식회사,D,도매 및 소매업,62672698000,국내생보사,B,SH122,업종별 대출금
769,201709,0010597,교보생명보험주식회사,E,숙박 및 음식점업,1200000000,국내생보사,B,SH122,업종별 대출금
770,201709,0010597,교보생명보험주식회사,F,"출판, 영상, 방송통신 및 정보서비스업",0,국내생보사,B,SH122,업종별 대출금
771,201709,0010597,교보생명보험주식회사,G,부동산업 및 임대업,1964199282000,국내생보사,B,SH122,업종별 대출금
772,201709,0010597,교보생명보험주식회사,H,기타,4090784024000,국내생보사,B,SH122,업종별 대출금
773,201709,0010597,교보생명보험주식회사,I,계,6874960570000,국내생보사,B,SH122,업종별 대출금
774,201712,0010597,교보생명보험주식회사,A,"농업, 임업 및 어업",0,국내생보사,B,SH122,업종별 대출금
775,201712,0010597,교보생명보험주식회사,B,제조업,39480007000,국내생보사,B,SH122,업종별 대출금
776,201712,0010597,교보생명보험주식회사,C,건설업,726295363000,국내생보사,B,SH122,업종별 대출금
777,201712,0010597,교보생명보험주식회사,D,도매 및 소매업,62384471000,국내생보사,B,SH122,업종별 대출금
778,201712,0010597,교보생명보험주식회사,E,숙박 및 음식점업,12200000000,국내생보사,B,SH122,업종별 대출금
779,201712,0010597,교보생명보험주식회사,F,"출판, 영상, 방송통신 및 정보서비스업",0,국내생보사,B,SH122,업종별 대출금
780,201712,0010597,교보생명보험주식회사,G,부동산업 및 임대업,2037583634000,국내생보사,B,SH122,업종별 대출금
781,201712,0010597,교보생명보험주식회사,H,기타,4213240018000,국내생보사,B,SH122,업종별 대출금
782,201712,0010597,교보생명보험주식회사,I,계,7091183493000,국내생보사,B,SH122,업종별 대출금
783,201803,0010597,교보생명보험주식회사,A,"농업, 임업 및 어업",0,국내생보사,B,SH122,업종별 대출금
784,201803,0010597,교보생명보험주식회사,B,제조업,75474056000,국내생보사,B,SH122,업종별 대출금
785,201803,0010597,교보생명보험주식회사,C,건설업,712495623000,국내생보사,B,SH122,업종별 대출금
786,201803,0010597,교보생명보험주식회사,D,도매 및 소매업,55142946000,국내생보사,B,SH122,업종별 대출금
787,201803,0010597,교보생명보험주식회사,E,숙박 및 음식점업,18600000000,국내생보사,B,SH122,업종별 대출금
788,201803,0010597,교보생명보험주식회사,F,"출판, 영상, 방송통신 및 정보서비스업",0,국내생보사,B,SH122,업종별 대출금
789,201803,0010597,교보생명보험주식회사,G,부동산업 및 임대업,2204872084000,국내생보사,B,SH122,업종별 대출금
790,201803,0010597,교보생명보험주식회사,H,기타,4900109251000,국내생보사,B,SH122,업종별 대출금
791,201803,0010597,교보생명보험주식회사,I,계,7966693960000,국내생보사,B,SH122,업종별 대출금
792,201806,0010597,교보생명보험주식회사,A,"농업, 임업 및 어업",0,국내생보사,B,SH122,업종별 대출금
793,201806,0010597,교보생명보험주식회사,B,제조업,73847727000,국내생보사,B,SH122,업종별 대출금
794,201806,0010597,교보생명보험주식회사,C,건설업,740599487000,국내생보사,B,SH122,업종별 대출금
795,201806,0010597,교보생명보험주식회사,D,도매 및 소매업,107355446000,국내생보사,B,SH122,업종별 대출금
796,201806,0010597,교보생명보험주식회사,E,숙박 및 음식점업,30200000000,국내생보사,B,SH122,업종별 대출금
797,201806,0010597,교보생명보험주식회사,F,"출판, 영상, 방송통신 및 정보서비스업",0,국내생보사,B,SH122,업종별 대출금
798,201806,0010597,교보생명보험주식회사,G,부동산업 및 임대업,2547607788000,국내생보사,B,SH122,업종별 대출금
799,201806,0010597,교보생명보험주식회사,H,기타,5076989282000,국내생보사,B,SH122,업종별 대출금
800,201806,0010597,교보생명보험주식회사,I,계,8576599730000,국내생보사,B,SH122,업종별 대출금
801,201809,0010597,교보생명보험주식회사,A,"농업, 임업 및 어업",0,국내생보사,B,SH122,업종별 대출금
802,201809,0010597,교보생명보험주식회사,B,제조업,72263783000,국내생보사,B,SH122,업종별 대출금
803,201809,0010597,교보생명보험주식회사,C,건설업,732138808000,국내생보사,B,SH122,업종별 대출금
804,201809,0010597,교보생명보험주식회사,D,도매 및 소매업,157355446000,국내생보사,B,SH122,업종별 대출금
805,201809,0010597,교보생명보험주식회사,E,숙박 및 음식점업,30200000000,국내생보사,B,SH122,업종별 대출금
806,201809,0010597,교보생명보험주식회사,F,"출판, 영상, 방송통신 및 정보서비스업",0,국내생보사,B,SH122,업종별 대출금
807,201809,0010597,교보생명보험주식회사,G,부동산업 및 임대업,3103198837000,국내생보사,B,SH122,업종별 대출금
808,201809,0010597,교보생명보험주식회사,H,기타,5092038439000,국내생보사,B,SH122,업종별 대출금
809,201809,0010597,교보생명보험주식회사,I,계,9187195313000,국내생보사,B,SH122,업종별 대출금
810,201812,0010597,교보생명보험주식회사,A,"농업, 임업 및 어업",0,국내생보사,B,SH122,업종별 대출금
811,201812,0010597,교보생명보험주식회사,B,제조업,70673611000,국내생보사,B,SH122,업종별 대출금
812,201812,0010597,교보생명보험주식회사,C,건설업,783945367000,국내생보사,B,SH122,업종별 대출금
813,201812,0010597,교보생명보험주식회사,D,도매 및 소매업,154194330000,국내생보사,B,SH122,업종별 대출금
814,201812,0010597,교보생명보험주식회사,E,숙박 및 음식점업,30200000000,국내생보사,B,SH122,업종별 대출금
815,201812,0010597,교보생명보험주식회사,F,"출판, 영상, 방송통신 및 정보서비스업",0,국내생보사,B,SH122,업종별 대출금
816,201812,0010597,교보생명보험주식회사,G,부동산업 및 임대업,3265351401000,국내생보사,B,SH122,업종별 대출금
817,201812,0010597,교보생명보험주식회사,H,기타,5190945881000,국내생보사,B,SH122,업종별 대출금
818,201812,0010597,교보생명보험주식회사,I,계,9495310590000,국내생보사,B,SH122,업종별 대출금
819,201903,0010597,교보생명보험주식회사,A,"농업, 임업 및 어업",0,국내생보사,B,SH122,업종별 대출금
820,201903,0010597,교보생명보험주식회사,B,제조업,87550469000,국내생보사,B,SH122,업종별 대출금
821,201903,0010597,교보생명보험주식회사,C,건설업,799492118000,국내생보사,B,SH122,업종별 대출금
822,201903,0010597,교보생명보험주식회사,D,도매 및 소매업,148530814000,국내생보사,B,SH122,업종별 대출금
823,201903,0010597,교보생명보험주식회사,E,숙박 및 음식점업,30200000000,국내생보사,B,SH122,업종별 대출금
824,201903,0010597,교보생명보험주식회사,F,"출판, 영상, 방송통신 및 정보서비스업",0,국내생보사,B,SH122,업종별 대출금
825,201903,0010597,교보생명보험주식회사,G,부동산업 및 임대업,3414971066000,국내생보사,B,SH122,업종별 대출금
826,201903,0010597,교보생명보험주식회사,H,기타,5212384578000,국내생보사,B,SH122,업종별 대출금
827,201903,0010597,교보생명보험주식회사,I,계,9693129045000,국내생보사,B,SH122,업종별 대출금
828,201906,0010597,교보생명보험주식회사,A,"농업, 임업 및 어업",0,국내생보사,B,SH122,업종별 대출금
829,201906,0010597,교보생명보험주식회사,B,제조업,85958824000,국내생보사,B,SH122,업종별 대출금
830,201906,0010597,교보생명보험주식회사,C,건설업,881035816000,국내생보사,B,SH122,업종별 대출금
831,201906,0010597,교보생명보험주식회사,D,도매 및 소매업,151157956000,국내생보사,B,SH122,업종별 대출금
832,201906,0010597,교보생명보험주식회사,E,숙박 및 음식점업,30200000000,국내생보사,B,SH122,업종별 대출금
833,201906,0010597,교보생명보험주식회사,F,"출판, 영상, 방송통신 및 정보서비스업",0,국내생보사,B,SH122,업종별 대출금
834,201906,0010597,교보생명보험주식회사,G,부동산업 및 임대업,3671406484000,국내생보사,B,SH122,업종별 대출금
835,201906,0010597,교보생명보험주식회사,H,기타,5762515032000,국내생보사,B,SH122,업종별 대출금
836,201906,0010597,교보생명보험주식회사,I,계,10582274112000,국내생보사,B,SH122,업종별 대출금
837,201909,0010597,교보생명보험주식회사,A,"농업, 임업 및 어업",0,국내생보사,B,SH122,업종별 대출금
838,201909,0010597,교보생명보험주식회사,B,제조업,84369257000,국내생보사,B,SH122,업종별 대출금
839,201909,0010597,교보생명보험주식회사,C,건설업,1032174530000,국내생보사,B,SH122,업종별 대출금
840,201909,0010597,교보생명보험주식회사,D,도매 및 소매업,145586528000,국내생보사,B,SH122,업종별 대출금
841,201909,0010597,교보생명보험주식회사,E,숙박 및 음식점업,30200000000,국내생보사,B,SH122,업종별 대출금
842,201909,0010597,교보생명보험주식회사,F,"출판, 영상, 방송통신 및 정보서비스업",0,국내생보사,B,SH122,업종별 대출금
843,201909,0010597,교보생명보험주식회사,G,부동산업 및 임대업,3796281255000,국내생보사,B,SH122,업종별 대출금
844,201909,0010597,교보생명보험주식회사,H,기타,5884424649000,국내생보사,B,SH122,업종별 대출금
845,201909,0010597,교보생명보험주식회사,I,계,10973036219000,국내생보사,B,SH122,업종별 대출금
846,201912,0010597,교보생명보험주식회사,A,"농업, 임업 및 어업",0,국내생보사,B,SH122,업종별 대출금
847,201912,0010597,교보생명보험주식회사,B,제조업,82772451000,국내생보사,B,SH122,업종별 대출금
848,201912,0010597,교보생명보험주식회사,C,건설업,1051537643000,국내생보사,B,SH122,업종별 대출금
849,201912,0010597,교보생명보험주식회사,D,도매 및 소매업,102981722000,국내생보사,B,SH122,업종별 대출금
850,201912,0010597,교보생명보험주식회사,E,숙박 및 음식점업,30200000000,국내생보사,B,SH122,업종별 대출금
851,201912,0010597,교보생명보험주식회사,F,"출판, 영상, 방송통신 및 정보서비스업",7000000000,국내생보사,B,SH122,업종별 대출금
852,201912,0010597,교보생명보험주식회사,G,부동산업 및 임대업,3911481334000,국내생보사,B,SH122,업종별 대출금
853,201912,0010597,교보생명보험주식회사,H,기타,5786343188000,국내생보사,B,SH122,업종별 대출금
854,201912,0010597,교보생명보험주식회사,I,계,10972316338000,국내생보사,B,SH122,업종별 대출금
855,202003,0010597,교보생명보험주식회사,A,"농업, 임업 및 어업",0,국내생보사,B,SH122,업종별 대출금
856,202003,0010597,교보생명보험주식회사,B,제조업,91180706000,국내생보사,B,SH122,업종별 대출금
857,202003,0010597,교보생명보험주식회사,C,건설업,1099549813000,국내생보사,B,SH122,업종별 대출금
858,202003,0010597,교보생명보험주식회사,D,도매 및 소매업,99073971000,국내생보사,B,SH122,업종별 대출금
859,202003,0010597,교보생명보험주식회사,E,숙박 및 음식점업,30200000000,국내생보사,B,SH122,업종별 대출금
860,202003,0010597,교보생명보험주식회사,F,"출판, 영상, 방송통신 및 정보서비스업",7840000000,국내생보사,B,SH122,업종별 대출금
861,202003,0010597,교보생명보험주식회사,G,부동산업 및 임대업,4081916566000,국내생보사,B,SH122,업종별 대출금
862,202003,0010597,교보생명보험주식회사,H,기타,6218595245000,국내생보사,B,SH122,업종별 대출금
863,202003,0010597,교보생명보험주식회사,I,계,11628356301000,국내생보사,B,SH122,업종별 대출금
864,202006,0010597,교보생명보험주식회사,A,"농업, 임업 및 어업",0,국내생보사,B,SH122,업종별 대출금
865,202006,0010597,교보생명보험주식회사,B,제조업,70549922000,국내생보사,B,SH122,업종별 대출금
866,202006,0010597,교보생명보험주식회사,C,건설업,1065112252000,국내생보사,B,SH122,업종별 대출금
867,202006,0010597,교보생명보험주식회사,D,도매 및 소매업,50000000000,국내생보사,B,SH122,업종별 대출금
868,202006,0010597,교보생명보험주식회사,E,숙박 및 음식점업,44545000000,국내생보사,B,SH122,업종별 대출금
869,202006,0010597,교보생명보험주식회사,F,"출판, 영상, 방송통신 및 정보서비스업",0,국내생보사,B,SH122,업종별 대출금
870,202006,0010597,교보생명보험주식회사,G,부동산업 및 임대업,4528073940000,국내생보사,B,SH122,업종별 대출금
871,202006,0010597,교보생명보험주식회사,H,기타,6317828831000,국내생보사,B,SH122,업종별 대출금
872,202006,0010597,교보생명보험주식회사,I,계,12076109945000,국내생보사,B,SH122,업종별 대출금
873,202009,0010597,교보생명보험주식회사,A,"농업, 임업 및 어업",0,국내생보사,B,SH122,업종별 대출금
874,202009,0010597,교보생명보험주식회사,B,제조업,68609719000,국내생보사,B,SH122,업종별 대출금
875,202009,0010597,교보생명보험주식회사,C,건설업,1150339401000,국내생보사,B,SH122,업종별 대출금
876,202009,0010597,교보생명보험주식회사,D,도매 및 소매업,50000000000,국내생보사,B,SH122,업종별 대출금
877,202009,0010597,교보생명보험주식회사,E,숙박 및 음식점업,29910000000,국내생보사,B,SH122,업종별 대출금
878,202009,0010597,교보생명보험주식회사,F,"출판, 영상, 방송통신 및 정보서비스업",0,국내생보사,B,SH122,업종별 대출금
879,202009,0010597,교보생명보험주식회사,G,부동산업 및 임대업,4380275335000,국내생보사,B,SH122,업종별 대출금
880,202009,0010597,교보생명보험주식회사,H,기타,6834145322000,국내생보사,B,SH122,업종별 대출금
881,202009,0010597,교보생명보험주식회사,I,계,12513279777000,국내생보사,B,SH122,업종별 대출금
882,202012,0010597,교보생명보험주식회사,A,"농업, 임업 및 어업",0,국내생보사,B,SH122,업종별 대출금
883,202012,0010597,교보생명보험주식회사,B,제조업,67645327000,국내생보사,B,SH122,업종별 대출금
884,202012,0010597,교보생명보험주식회사,C,건설업,1215346148000,국내생보사,B,SH122,업종별 대출금
885,202012,0010597,교보생명보험주식회사,D,도매 및 소매업,50000000000,국내생보사,B,SH122,업종별 대출금
886,202012,0010597,교보생명보험주식회사,E,숙박 및 음식점업,29620000000,국내생보사,B,SH122,업종별 대출금
887,202012,0010597,교보생명보험주식회사,F,"출판, 영상, 방송통신 및 정보서비스업",0,국내생보사,B,SH122,업종별 대출금
888,202012,0010597,교보생명보험주식회사,G,부동산업 및 임대업,4462379300000,국내생보사,B,SH122,업종별 대출금
889,202012,0010597,교보생명보험주식회사,H,기타,7074260322000,국내생보사,B,SH122,업종별 대출금
890,202012,0010597,교보생명보험주식회사,I,계,12899251097000,국내생보사,B,SH122,업종별 대출금
891,202103,0010597,교보생명보험주식회사,A,"농업, 임업 및 어업",0,국내생보사,B,SH122,업종별 대출금
892,202103,0010597,교보생명보험주식회사,B,제조업,81579580000,국내생보사,B,SH122,업종별 대출금
893,202103,0010597,교보생명보험주식회사,C,건설업,1233671769000,국내생보사,B,SH122,업종별 대출금
894,202103,0010597,교보생명보험주식회사,D,도매 및 소매업,50000000000,국내생보사,B,SH122,업종별 대출금
895,202103,0010597,교보생명보험주식회사,E,숙박 및 음식점업,29330000000,국내생보사,B,SH122,업종별 대출금
896,202103,0010597,교보생명보험주식회사,F,"출판, 영상, 방송통신 및 정보서비스업",0,국내생보사,B,SH122,업종별 대출금
897,202103,0010597,교보생명보험주식회사,G,부동산업 및 임대업,4789188623000,국내생보사,B,SH122,업종별 대출금
898,202103,0010597,교보생명보험주식회사,H,기타,7290156838000,국내생보사,B,SH122,업종별 대출금
899,202103,0010597,교보생명보험주식회사,I,계,13473926810000,국내생보사,B,SH122,업종별 대출금
900,202106,0010597,교보생명보험주식회사,A,"농업, 임업 및 어업",0,국내생보사,B,SH122,업종별 대출금
901,202106,0010597,교보생명보험주식회사,B,제조업,81533580000,국내생보사,B,SH122,업종별 대출금
902,202106,0010597,교보생명보험주식회사,C,건설업,1522432798000,국내생보사,B,SH122,업종별 대출금
903,202106,0010597,교보생명보험주식회사,D,도매 및 소매업,50000000000,국내생보사,B,SH122,업종별 대출금
904,202106,0010597,교보생명보험주식회사,E,숙박 및 음식점업,42185000000,국내생보사,B,SH122,업종별 대출금
905,202106,0010597,교보생명보험주식회사,F,"출판, 영상, 방송통신 및 정보서비스업",0,국내생보사,B,SH122,업종별 대출금
906,202106,0010597,교보생명보험주식회사,G,부동산업 및 임대업,4872654910000,국내생보사,B,SH122,업종별 대출금
907,202106,0010597,교보생명보험주식회사,H,기타,7335721124000,국내생보사,B,SH122,업종별 대출금
908,202106,0010597,교보생명보험주식회사,I,계,13904527412000,국내생보사,B,SH122,업종별 대출금
909,202109,0010597,교보생명보험주식회사,A,"농업, 임업 및 어업",0,국내생보사,B,SH122,업종별 대출금
910,202109,0010597,교보생명보험주식회사,B,제조업,100904277000,국내생보사,B,SH122,업종별 대출금
911,202109,0010597,교보생명보험주식회사,C,건설업,1452796866000,국내생보사,B,SH122,업종별 대출금
912,202109,0010597,교보생명보험주식회사,D,도매 및 소매업,0,국내생보사,B,SH122,업종별 대출금
913,202109,0010597,교보생명보험주식회사,E,숙박 및 음식점업,41895000000,국내생보사,B,SH122,업종별 대출금
914,202109,0010597,교보생명보험주식회사,F,"출판, 영상, 방송통신 및 정보서비스업",0,국내생보사,B,SH122,업종별 대출금
915,202109,0010597,교보생명보험주식회사,G,부동산업 및 임대업,4808163426000,국내생보사,B,SH122,업종별 대출금
916,202109,0010597,교보생명보험주식회사,H,기타,7309709304000,국내생보사,B,SH122,업종별 대출금
917,202109,0010597,교보생명보험주식회사,I,계,13713468873000,국내생보사,B,SH122,업종별 대출금
918,202112,0010597,교보생명보험주식회사,A,"농업, 임업 및 어업",0,국내생보사,B,SH122,업종별 대출금
919,202112,0010597,교보생명보험주식회사,B,제조업,100826972000,국내생보사,B,SH122,업종별 대출금
920,202112,0010597,교보생명보험주식회사,C,건설업,1535250815000,국내생보사,B,SH122,업종별 대출금
921,202112,0010597,교보생명보험주식회사,D,도매 및 소매업,0,국내생보사,B,SH122,업종별 대출금
922,202112,0010597,교보생명보험주식회사,E,숙박 및 음식점업,41605000000,국내생보사,B,SH122,업종별 대출금
923,202112,0010597,교보생명보험주식회사,F,"출판, 영상, 방송통신 및 정보서비스업",0,국내생보사,B,SH122,업종별 대출금
924,202112,0010597,교보생명보험주식회사,G,부동산업 및 임대업,4872259316000,국내생보사,B,SH122,업종별 대출금
925,202112,0010597,교보생명보험주식회사,H,기타,7532826637000,국내생보사,B,SH122,업종별 대출금
926,202112,0010597,교보생명보험주식회사,I,계,14082768740000,국내생보사,B,SH122,업종별 대출금
927,202203,0010597,교보생명보험주식회사,A,"농업, 임업 및 어업",0,국내생보사,B,SH122,업종별 대출금
928,202203,0010597,교보생명보험주식회사,B,제조업,79175364000,국내생보사,B,SH122,업종별 대출금
929,202203,0010597,교보생명보험주식회사,C,건설업,1491541789000,국내생보사,B,SH122,업종별 대출금
930,202203,0010597,교보생명보험주식회사,D,도매 및 소매업,0,국내생보사,B,SH122,업종별 대출금
931,202203,0010597,교보생명보험주식회사,E,숙박 및 음식점업,41315000000,국내생보사,B,SH122,업종별 대출금
932,202203,0010597,교보생명보험주식회사,F,"출판, 영상, 방송통신 및 정보서비스업",0,국내생보사,B,SH122,업종별 대출금
933,202203,0010597,교보생명보험주식회사,G,부동산업 및 임대업,4870386680000,국내생보사,B,SH122,업종별 대출금
934,202203,0010597,교보생명보험주식회사,H,기타,8347711322000,국내생보사,B,SH122,업종별 대출금
935,202203,0010597,교보생명보험주식회사,I,계,14830130155000,국내생보사,B,SH122,업종별 대출금
936,202206,0010597,교보생명보험주식회사,A,"농업, 임업 및 어업",0,국내생보사,B,SH122,업종별 대출금
937,202206,0010597,교보생명보험주식회사,B,제조업,74743364000,국내생보사,B,SH122,업종별 대출금
938,202206,0010597,교보생명보험주식회사,C,건설업,1439624108000,국내생보사,B,SH122,업종별 대출금
939,202206,0010597,교보생명보험주식회사,D,도매 및 소매업,0,국내생보사,B,SH122,업종별 대출금
940,202206,0010597,교보생명보험주식회사,E,숙박 및 음식점업,41025000000,국내생보사,B,SH122,업종별 대출금
941,202206,0010597,교보생명보험주식회사,F,"출판, 영상, 방송통신 및 정보서비스업",0,국내생보사,B,SH122,업종별 대출금
942,202206,0010597,교보생명보험주식회사,G,부동산업 및 임대업,5168050294000,국내생보사,B,SH122,업종별 대출금
943,202206,0010597,교보생명보험주식회사,H,기타,8806717022000,국내생보사,B,SH122,업종별 대출금
944,202206,0010597,교보생명보험주식회사,I,계,15530159788000,국내생보사,B,SH122,업종별 대출금
945,202209,0010597,교보생명보험주식회사,A,"농업, 임업 및 어업",0,국내생보사,B,SH122,업종별 대출금
946,202209,0010597,교보생명보험주식회사,B,제조업,70322872000,국내생보사,B,SH122,업종별 대출금
947,202209,0010597,교보생명보험주식회사,C,건설업,1438066639000,국내생보사,B,SH122,업종별 대출금
948,202209,0010597,교보생명보험주식회사,D,도매 및 소매업,0,국내생보사,B,SH122,업종별 대출금
949,202209,0010597,교보생명보험주식회사,E,숙박 및 음식점업,40735000000,국내생보사,B,SH122,업종별 대출금
950,202209,0010597,교보생명보험주식회사,F,"출판, 영상, 방송통신 및 정보서비스업",0,국내생보사,B,SH122,업종별 대출금
951,202209,0010597,교보생명보험주식회사,G,부동산업 및 임대업,5323917135000,국내생보사,B,SH122,업종별 대출금
952,202209,0010597,교보생명보험주식회사,H,기타,8814000891000,국내생보사,B,SH122,업종별 대출금
953,202209,0010597,교보생명보험주식회사,I,계,15687042537000,국내생보사,B,SH122,업종별 대출금
954,202212,0010597,교보생명보험주식회사,A,"농업, 임업 및 어업",0,국내생보사,B,SH122,업종별 대출금
955,202212,0010597,교보생명보험주식회사,B,제조업,74671623000,국내생보사,B,SH122,업종별 대출금
956,202212,0010597,교보생명보험주식회사,C,건설업,1417727994000,국내생보사,B,SH122,업종별 대출금
957,202212,0010597,교보생명보험주식회사,D,도매 및 소매업,0,국내생보사,B,SH122,업종별 대출금
958,202212,0010597,교보생명보험주식회사,E,숙박 및 음식점업,40445000000,국내생보사,B,SH122,업종별 대출금
959,202212,0010597,교보생명보험주식회사,F,"출판, 영상, 방송통신 및 정보서비스업",0,국내생보사,B,SH122,업종별 대출금
960,202212,0010597,교보생명보험주식회사,G,부동산업 및 임대업,5165531031000,국내생보사,B,SH122,업종별 대출금
961,202212,0010597,교보생명보험주식회사,H,기타,8715135272000,국내생보사,B,SH122,업종별 대출금
962,202212,0010597,교보생명보험주식회사,I,계,15413510920000,국내생보사,B,SH122,업종별 대출금
963,202303,0010597,교보생명보험주식회사,A,"농업, 임업 및 어업",0,국내생보사,B,SH122,업종별 대출금
964,202303,0010597,교보생명보험주식회사,B,제조업,75462225000,국내생보사,B,SH122,업종별 대출금
965,202303,0010597,교보생명보험주식회사,C,건설업,1408533602000,국내생보사,B,SH122,업종별 대출금
966,202303,0010597,교보생명보험주식회사,D,도매 및 소매업,0,국내생보사,B,SH122,업종별 대출금
967,202303,0010597,교보생명보험주식회사,E,숙박 및 음식점업,40118750000,국내생보사,B,SH122,업종별 대출금
968,202303,0010597,교보생명보험주식회사,F,"출판, 영상, 방송통신 및 정보서비스업",0,국내생보사,B,SH122,업종별 대출금
969,202303,0010597,교보생명보험주식회사,G,부동산업 및 임대업,5115865999000,국내생보사,B,SH122,업종별 대출금
970,202303,0010597,교보생명보험주식회사,H,기타,8410936272000,국내생보사,B,SH122,업종별 대출금
971,202303,0010597,교보생명보험주식회사,I,계,15050916848000,국내생보사,B,SH122,업종별 대출금
972,202306,0010597,교보생명보험주식회사,A,"농업, 임업 및 어업",0,국내생보사,B,SH122,업종별 대출금
973,202306,0010597,교보생명보험주식회사,B,제조업,77379325000,국내생보사,B,SH122,업종별 대출금
974,202306,0010597,교보생명보험주식회사,C,건설업,1348304635000,국내생보사,B,SH122,업종별 대출금
975,202306,0010597,교보생명보험주식회사,D,도매 및 소매업,0,국내생보사,B,SH122,업종별 대출금
976,202306,0010597,교보생명보험주식회사,E,숙박 및 음식점업,39792500000,국내생보사,B,SH122,업종별 대출금
977,202306,0010597,교보생명보험주식회사,F,"출판, 영상, 방송통신 및 정보서비스업",0,국내생보사,B,SH122,업종별 대출금
978,202306,0010597,교보생명보험주식회사,G,부동산업 및 임대업,5427874409000,국내생보사,B,SH122,업종별 대출금
979,202306,0010597,교보생명보험주식회사,H,기타,8483263701000,국내생보사,B,SH122,업종별 대출금
980,202306,0010597,교보생명보험주식회사,I,계,15376614570000,국내생보사,B,SH122,업종별 대출금
981,202309,0010597,교보생명보험주식회사,A,"농업, 임업 및 어업",0,국내생보사,B,SH122,업종별 대출금
982,202309,0010597,교보생명보험주식회사,B,제조업,85240325000,국내생보사,B,SH122,업종별 대출금
983,202309,0010597,교보생명보험주식회사,C,건설업,1365579519000,국내생보사,B,SH122,업종별 대출금
984,202309,0010597,교보생명보험주식회사,D,도매 및 소매업,0,국내생보사,B,SH122,업종별 대출금
985,202309,0010597,교보생명보험주식회사,E,숙박 및 음식점업,39466250000,국내생보사,B,SH122,업종별 대출금
986,202309,0010597,교보생명보험주식회사,F,"출판, 영상, 방송통신 및 정보서비스업",0,국내생보사,B,SH122,업종별 대출금
987,202309,0010597,교보생명보험주식회사,G,부동산업 및 임대업,5680932114000,국내생보사,B,SH122,업종별 대출금
988,202309,0010597,교보생명보험주식회사,H,기타,8327164985000,국내생보사,B,SH122,업종별 대출금
989,202309,0010597,교보생명보험주식회사,I,계,15498383193000,국내생보사,B,SH122,업종별 대출금
990,202312,0010597,교보생명보험주식회사,A,"농업, 임업 및 어업",0,국내생보사,B,SH122,업종별 대출금
991,202312,0010597,교보생명보험주식회사,B,제조업,88474325000,국내생보사,B,SH122,업종별 대출금
992,202312,0010597,교보생명보험주식회사,C,건설업,1345137381000,국내생보사,B,SH122,업종별 대출금
993,202312,0010597,교보생명보험주식회사,D,도매 및 소매업,0,국내생보사,B,SH122,업종별 대출금
994,202312,0010597,교보생명보험주식회사,E,숙박 및 음식점업,39140000000,국내생보사,B,SH122,업종별 대출금
995,202312,0010597,교보생명보험주식회사,F,"출판, 영상, 방송통신 및 정보서비스업",0,국내생보사,B,SH122,업종별 대출금
996,202312,0010597,교보생명보험주식회사,G,부동산업 및 임대업,5566353900000,국내생보사,B,SH122,업종별 대출금
997,202312,0010597,교보생명보험주식회사,H,기타,8391966691000,국내생보사,B,SH122,업종별 대출금
998,202312,0010597,교보생명보험주식회사,I,계,15431072297000,국내생보사,B,SH122,업종별 대출금
999,202403,0010597,교보생명보험주식회사,A,"농업, 임업 및 어업",0,국내생보사,B,SH122,업종별 대출금
1000,202403,0010597,교보생명보험주식회사,B,제조업,85730713000,국내생보사,B,SH122,업종별 대출금
1001,202403,0010597,교보생명보험주식회사,C,건설업,1347502962000,국내생보사,B,SH122,업종별 대출금
1002,202403,0010597,교보생명보험주식회사,D,도매 및 소매업,0,국내생보사,B,SH122,업종별 대출금
1003,202403,0010597,교보생명보험주식회사,E,숙박 및 음식점업,38777500000,국내생보사,B,SH122,업종별 대출금
1004,202403,0010597,교보생명보험주식회사,F,"출판, 영상, 방송통신 및 정보서비스업",0,국내생보사,B,SH122,업종별 대출금
1005,202403,0010597,교보생명보험주식회사,G,부동산업 및 임대업,5484764790000,국내생보사,B,SH122,업종별 대출금
1006,202403,0010597,교보생명보험주식회사,H,기타,7949958530000,국내생보사,B,SH122,업종별 대출금
1007,202403,0010597,교보생명보험주식회사,I,계,14906734495000,국내생보사,B,SH122,업종별 대출금
1008,202406,0010597,교보생명보험주식회사,A,"농업, 임업 및 어업",0,국내생보사,B,SH122,업종별 대출금
1009,202406,0010597,교보생명보험주식회사,B,제조업,134145199000,국내생보사,B,SH122,업종별 대출금
1010,202406,0010597,교보생명보험주식회사,C,건설업,1135087917000,국내생보사,B,SH122,업종별 대출금
1011,202406,0010597,교보생명보험주식회사,D,도매 및 소매업,0,국내생보사,B,SH122,업종별 대출금
1012,202406,0010597,교보생명보험주식회사,E,숙박 및 음식점업,37270000000,국내생보사,B,SH122,업종별 대출금
1013,202406,0010597,교보생명보험주식회사,F,"출판, 영상, 방송통신 및 정보서비스업",0,국내생보사,B,SH122,업종별 대출금
1014,202406,0010597,교보생명보험주식회사,G,부동산업 및 임대업,5620023398000,국내생보사,B,SH122,업종별 대출금
1015,202406,0010597,교보생명보험주식회사,H,기타,8127361816000,국내생보사,B,SH122,업종별 대출금
1016,202406,0010597,교보생명보험주식회사,I,계,15053888330000,국내생보사,B,SH122,업종별 대출금
1017,202409,0010597,교보생명보험주식회사,A,"농업, 임업 및 어업",0,국내생보사,B,SH122,업종별 대출금
1018,202409,0010597,교보생명보험주식회사,B,제조업,134289202000,국내생보사,B,SH122,업종별 대출금
1019,202409,0010597,교보생명보험주식회사,C,건설업,1080482702000,국내생보사,B,SH122,업종별 대출금
1020,202409,0010597,교보생명보험주식회사,D,도매 및 소매업,0,국내생보사,B,SH122,업종별 대출금
1021,202409,0010597,교보생명보험주식회사,E,숙박 및 음식점업,23707500000,국내생보사,B,SH122,업종별 대출금
1022,202409,0010597,교보생명보험주식회사,F,"출판, 영상, 방송통신 및 정보서비스업",0,국내생보사,B,SH122,업종별 대출금
1023,202409,0010597,교보생명보험주식회사,G,부동산업 및 임대업,5753867423000,국내생보사,B,SH122,업종별 대출금
1024,202409,0010597,교보생명보험주식회사,H,기타,8129036696000,국내생보사,B,SH122,업종별 대출금
1025,202409,0010597,교보생명보험주식회사,I,계,15121383523000,국내생보사,B,SH122,업종별 대출금
1026,202412,0010597,교보생명보험주식회사,A,"농업, 임업 및 어업",0,국내생보사,B,SH122,업종별 대출금
1027,202412,0010597,교보생명보험주식회사,B,제조업,107139442000,국내생보사,B,SH122,업종별 대출금
1028,202412,0010597,교보생명보험주식회사,C,건설업,1121528632000,국내생보사,B,SH122,업종별 대출금
1029,202412,0010597,교보생명보험주식회사,D,도매 및 소매업,0,국내생보사,B,SH122,업종별 대출금
1030,202412,0010597,교보생명보험주식회사,E,숙박 및 음식점업,0,국내생보사,B,SH122,업종별 대출금
1031,202412,0010597,교보생명보험주식회사,F,"출판, 영상, 방송통신 및 정보서비스업",0,국내생보사,B,SH122,업종별 대출금
1032,202412,0010597,교보생명보험주식회사,G,부동산업 및 임대업,5998801148000,국내생보사,B,SH122,업종별 대출금
1033,202412,0010597,교보생명보험주식회사,H,기타,7883575627000,국내생보사,B,SH122,업종별 대출금
1034,202412,0010597,교보생명보험주식회사,I,계,15111044849000,국내생보사,B,SH122,업종별 대출금
1035,202503,0010597,교보생명보험주식회사,A,"농업, 임업 및 어업",0,국내생보사,B,SH122,업종별 대출금
1036,202503,0010597,교보생명보험주식회사,B,제조업,22417000000,국내생보사,B,SH122,업종별 대출금
1037,202503,0010597,교보생명보험주식회사,C,건설업,1069695652000,국내생보사,B,SH122,업종별 대출금
1038,202503,0010597,교보생명보험주식회사,D,도매 및 소매업,0,국내생보사,B,SH122,업종별 대출금
1039,202503,0010597,교보생명보험주식회사,E,숙박 및 음식점업,0,국내생보사,B,SH122,업종별 대출금
1040,202503,0010597,교보생명보험주식회사,F,"출판, 영상, 방송통신 및 정보서비스업",0,국내생보사,B,SH122,업종별 대출금
1041,202503,0010597,교보생명보험주식회사,G,부동산업 및 임대업,5641660793000,국내생보사,B,SH122,업종별 대출금
1042,202503,0010597,교보생명보험주식회사,H,기타,8592443265000,국내생보사,B,SH122,업종별 대출금
1043,202503,0010597,교보생명보험주식회사,I,계,15326216710000,국내생보사,B,SH122,업종별 대출금
1044,201703,0013173,농협생명보험주식회사,A,"농업, 임업 및 어업",750000000,국내생보사,B,SH122,업종별 대출금
1045,201703,0013173,농협생명보험주식회사,B,제조업,51607630000,국내생보사,B,SH122,업종별 대출금
1046,201703,0013173,농협생명보험주식회사,C,건설업,729855085000,국내생보사,B,SH122,업종별 대출금
1047,201703,0013173,농협생명보험주식회사,D,도매 및 소매업,113705843000,국내생보사,B,SH122,업종별 대출금
1048,201703,0013173,농협생명보험주식회사,E,숙박 및 음식점업,20613878000,국내생보사,B,SH122,업종별 대출금
1049,201703,0013173,농협생명보험주식회사,F,"출판, 영상, 방송통신 및 정보서비스업",9250000000,국내생보사,B,SH122,업종별 대출금
1050,201703,0013173,농협생명보험주식회사,G,부동산업 및 임대업,1364279984000,국내생보사,B,SH122,업종별 대출금
1051,201703,0013173,농협생명보험주식회사,H,기타,2115251853000,국내생보사,B,SH122,업종별 대출금
1052,201703,0013173,농협생명보험주식회사,I,계,4405314273000,국내생보사,B,SH122,업종별 대출금
1053,201706,0013173,농협생명보험주식회사,A,"농업, 임업 및 어업",750000000,국내생보사,B,SH122,업종별 대출금
1054,201706,0013173,농협생명보험주식회사,B,제조업,68359556000,국내생보사,B,SH122,업종별 대출금
1055,201706,0013173,농협생명보험주식회사,C,건설업,736929377000,국내생보사,B,SH122,업종별 대출금
1056,201706,0013173,농협생명보험주식회사,D,도매 및 소매업,111988659000,국내생보사,B,SH122,업종별 대출금
1057,201706,0013173,농협생명보험주식회사,E,숙박 및 음식점업,40609378000,국내생보사,B,SH122,업종별 대출금
1058,201706,0013173,농협생명보험주식회사,F,"출판, 영상, 방송통신 및 정보서비스업",9250000000,국내생보사,B,SH122,업종별 대출금
1059,201706,0013173,농협생명보험주식회사,G,부동산업 및 임대업,1449908193000,국내생보사,B,SH122,업종별 대출금
1060,201706,0013173,농협생명보험주식회사,H,기타,2048791375000,국내생보사,B,SH122,업종별 대출금
1061,201706,0013173,농협생명보험주식회사,I,계,4466586538000,국내생보사,B,SH122,업종별 대출금
1062,201709,0013173,농협생명보험주식회사,A,"농업, 임업 및 어업",750000000,국내생보사,B,SH122,업종별 대출금
1063,201709,0013173,농협생명보험주식회사,B,제조업,68369556000,국내생보사,B,SH122,업종별 대출금
1064,201709,0013173,농협생명보험주식회사,C,건설업,803117500000,국내생보사,B,SH122,업종별 대출금
1065,201709,0013173,농협생명보험주식회사,D,도매 및 소매업,105268145000,국내생보사,B,SH122,업종별 대출금
1066,201709,0013173,농협생명보험주식회사,E,숙박 및 음식점업,20608500000,국내생보사,B,SH122,업종별 대출금
1067,201709,0013173,농협생명보험주식회사,F,"출판, 영상, 방송통신 및 정보서비스업",9250000000,국내생보사,B,SH122,업종별 대출금
1068,201709,0013173,농협생명보험주식회사,G,부동산업 및 임대업,1675627298000,국내생보사,B,SH122,업종별 대출금
1069,201709,0013173,농협생명보험주식회사,H,기타,2035085635000,국내생보사,B,SH122,업종별 대출금
1070,201709,0013173,농협생명보험주식회사,I,계,4718076634000,국내생보사,B,SH122,업종별 대출금
1071,201712,0013173,농협생명보험주식회사,A,"농업, 임업 및 어업",750000000,국내생보사,B,SH122,업종별 대출금
1072,201712,0013173,농협생명보험주식회사,B,제조업,66471918000,국내생보사,B,SH122,업종별 대출금
1073,201712,0013173,농협생명보험주식회사,C,건설업,794105341000,국내생보사,B,SH122,업종별 대출금
1074,201712,0013173,농협생명보험주식회사,D,도매 및 소매업,102283038000,국내생보사,B,SH122,업종별 대출금
1075,201712,0013173,농협생명보험주식회사,E,숙박 및 음식점업,20608500000,국내생보사,B,SH122,업종별 대출금
1076,201712,0013173,농협생명보험주식회사,F,"출판, 영상, 방송통신 및 정보서비스업",8625000000,국내생보사,B,SH122,업종별 대출금
1077,201712,0013173,농협생명보험주식회사,G,부동산업 및 임대업,1857820569000,국내생보사,B,SH122,업종별 대출금
1078,201712,0013173,농협생명보험주식회사,H,기타,1972671155000,국내생보사,B,SH122,업종별 대출금
1079,201712,0013173,농협생명보험주식회사,I,계,4823335521000,국내생보사,B,SH122,업종별 대출금
1080,201803,0013173,농협생명보험주식회사,A,"농업, 임업 및 어업",750000000,국내생보사,B,SH122,업종별 대출금
1081,201803,0013173,농협생명보험주식회사,B,제조업,66184640000,국내생보사,B,SH122,업종별 대출금
1082,201803,0013173,농협생명보험주식회사,C,건설업,741972064000,국내생보사,B,SH122,업종별 대출금
1083,201803,0013173,농협생명보험주식회사,D,도매 및 소매업,93116589000,국내생보사,B,SH122,업종별 대출금
1084,201803,0013173,농협생명보험주식회사,E,숙박 및 음식점업,20597800000,국내생보사,B,SH122,업종별 대출금
1085,201803,0013173,농협생명보험주식회사,F,"출판, 영상, 방송통신 및 정보서비스업",8625000000,국내생보사,B,SH122,업종별 대출금
1086,201803,0013173,농협생명보험주식회사,G,부동산업 및 임대업,1875401552000,국내생보사,B,SH122,업종별 대출금
1087,201803,0013173,농협생명보험주식회사,H,기타,2071744109000,국내생보사,B,SH122,업종별 대출금
1088,201803,0013173,농협생명보험주식회사,I,계,4878391754000,국내생보사,B,SH122,업종별 대출금
1089,201806,0013173,농협생명보험주식회사,A,"농업, 임업 및 어업",750000000,국내생보사,B,SH122,업종별 대출금
1090,201806,0013173,농협생명보험주식회사,B,제조업,128873943000,국내생보사,B,SH122,업종별 대출금
1091,201806,0013173,농협생명보험주식회사,C,건설업,679728307000,국내생보사,B,SH122,업종별 대출금
1092,201806,0013173,농협생명보험주식회사,D,도매 및 소매업,129224289000,국내생보사,B,SH122,업종별 대출금
1093,201806,0013173,농협생명보험주식회사,E,숙박 및 음식점업,60021840000,국내생보사,B,SH122,업종별 대출금
1094,201806,0013173,농협생명보험주식회사,F,"출판, 영상, 방송통신 및 정보서비스업",8625000000,국내생보사,B,SH122,업종별 대출금
1095,201806,0013173,농협생명보험주식회사,G,부동산업 및 임대업,2106542614000,국내생보사,B,SH122,업종별 대출금
1096,201806,0013173,농협생명보험주식회사,H,기타,2312803378000,국내생보사,B,SH122,업종별 대출금
1097,201806,0013173,농협생명보험주식회사,I,계,5426569371000,국내생보사,B,SH122,업종별 대출금
1098,201809,0013173,농협생명보험주식회사,A,"농업, 임업 및 어업",750000000,국내생보사,B,SH122,업종별 대출금
1099,201809,0013173,농협생명보험주식회사,B,제조업,190774969000,국내생보사,B,SH122,업종별 대출금
1100,201809,0013173,농협생명보험주식회사,C,건설업,721150544000,국내생보사,B,SH122,업종별 대출금
1101,201809,0013173,농협생명보험주식회사,D,도매 및 소매업,128302489000,국내생보사,B,SH122,업종별 대출금
1102,201809,0013173,농협생명보험주식회사,E,숙박 및 음식점업,39878040000,국내생보사,B,SH122,업종별 대출금
1103,201809,0013173,농협생명보험주식회사,F,"출판, 영상, 방송통신 및 정보서비스업",8625000000,국내생보사,B,SH122,업종별 대출금
1104,201809,0013173,농협생명보험주식회사,G,부동산업 및 임대업,2122920763000,국내생보사,B,SH122,업종별 대출금
1105,201809,0013173,농협생명보험주식회사,H,기타,2374734043000,국내생보사,B,SH122,업종별 대출금
1106,201809,0013173,농협생명보험주식회사,I,계,5587135848000,국내생보사,B,SH122,업종별 대출금
1107,201812,0013173,농협생명보험주식회사,A,"농업, 임업 및 어업",750000000,국내생보사,B,SH122,업종별 대출금
1108,201812,0013173,농협생명보험주식회사,B,제조업,180588371000,국내생보사,B,SH122,업종별 대출금
1109,201812,0013173,농협생명보험주식회사,C,건설업,639106377000,국내생보사,B,SH122,업종별 대출금
1110,201812,0013173,농협생명보험주식회사,D,도매 및 소매업,124321110000,국내생보사,B,SH122,업종별 대출금
1111,201812,0013173,농협생명보험주식회사,E,숙박 및 음식점업,39735240000,국내생보사,B,SH122,업종별 대출금
1112,201812,0013173,농협생명보험주식회사,F,"출판, 영상, 방송통신 및 정보서비스업",8375000000,국내생보사,B,SH122,업종별 대출금
1113,201812,0013173,농협생명보험주식회사,G,부동산업 및 임대업,1959363929000,국내생보사,B,SH122,업종별 대출금
1114,201812,0013173,농협생명보험주식회사,H,기타,2388777533000,국내생보사,B,SH122,업종별 대출금
1115,201812,0013173,농협생명보험주식회사,I,계,5341017560000,국내생보사,B,SH122,업종별 대출금
1116,201903,0013173,농협생명보험주식회사,A,"농업, 임업 및 어업",750000000,국내생보사,B,SH122,업종별 대출금
1117,201903,0013173,농협생명보험주식회사,B,제조업,181577426000,국내생보사,B,SH122,업종별 대출금
1118,201903,0013173,농협생명보험주식회사,C,건설업,592303645000,국내생보사,B,SH122,업종별 대출금
1119,201903,0013173,농협생명보험주식회사,D,도매 및 소매업,152045458000,국내생보사,B,SH122,업종별 대출금
1120,201903,0013173,농협생명보험주식회사,E,숙박 및 음식점업,20596200000,국내생보사,B,SH122,업종별 대출금
1121,201903,0013173,농협생명보험주식회사,F,"출판, 영상, 방송통신 및 정보서비스업",58375000000,국내생보사,B,SH122,업종별 대출금
1122,201903,0013173,농협생명보험주식회사,G,부동산업 및 임대업,1997902647000,국내생보사,B,SH122,업종별 대출금
1123,201903,0013173,농협생명보험주식회사,H,기타,2361453345000,국내생보사,B,SH122,업종별 대출금
1124,201903,0013173,농협생명보험주식회사,I,계,5365003721000,국내생보사,B,SH122,업종별 대출금
1125,201906,0013173,농협생명보험주식회사,A,"농업, 임업 및 어업",750000000,국내생보사,B,SH122,업종별 대출금
1126,201906,0013173,농협생명보험주식회사,B,제조업,180171845000,국내생보사,B,SH122,업종별 대출금
1127,201906,0013173,농협생명보험주식회사,C,건설업,563117985000,국내생보사,B,SH122,업종별 대출금
1128,201906,0013173,농협생명보험주식회사,D,도매 및 소매업,145605528000,국내생보사,B,SH122,업종별 대출금
1129,201906,0013173,농협생명보험주식회사,E,숙박 및 음식점업,20596200000,국내생보사,B,SH122,업종별 대출금
1130,201906,0013173,농협생명보험주식회사,F,"출판, 영상, 방송통신 및 정보서비스업",57875000000,국내생보사,B,SH122,업종별 대출금
1131,201906,0013173,농협생명보험주식회사,G,부동산업 및 임대업,1997262297000,국내생보사,B,SH122,업종별 대출금
1132,201906,0013173,농협생명보험주식회사,H,기타,2428050292000,국내생보사,B,SH122,업종별 대출금
1133,201906,0013173,농협생명보험주식회사,I,계,5393429147000,국내생보사,B,SH122,업종별 대출금
1134,201909,0013173,농협생명보험주식회사,A,"농업, 임업 및 어업",750000000,국내생보사,B,SH122,업종별 대출금
1135,201909,0013173,농협생명보험주식회사,B,제조업,183265023000,국내생보사,B,SH122,업종별 대출금
1136,201909,0013173,농협생명보험주식회사,C,건설업,526395972000,국내생보사,B,SH122,업종별 대출금
1137,201909,0013173,농협생명보험주식회사,D,도매 및 소매업,133908171000,국내생보사,B,SH122,업종별 대출금
1138,201909,0013173,농협생명보험주식회사,E,숙박 및 음식점업,20593500000,국내생보사,B,SH122,업종별 대출금
1139,201909,0013173,농협생명보험주식회사,F,"출판, 영상, 방송통신 및 정보서비스업",52301917000,국내생보사,B,SH122,업종별 대출금
1140,201909,0013173,농협생명보험주식회사,G,부동산업 및 임대업,1954373489000,국내생보사,B,SH122,업종별 대출금
1141,201909,0013173,농협생명보험주식회사,H,기타,2556661535000,국내생보사,B,SH122,업종별 대출금
1142,201909,0013173,농협생명보험주식회사,I,계,5428249607000,국내생보사,B,SH122,업종별 대출금
1143,201912,0013173,농협생명보험주식회사,A,"농업, 임업 및 어업",600000000,국내생보사,B,SH122,업종별 대출금
1144,201912,0013173,농협생명보험주식회사,B,제조업,181490029000,국내생보사,B,SH122,업종별 대출금
1145,201912,0013173,농협생명보험주식회사,C,건설업,534388348000,국내생보사,B,SH122,업종별 대출금
1146,201912,0013173,농협생명보험주식회사,D,도매 및 소매업,152750298000,국내생보사,B,SH122,업종별 대출금
1147,201912,0013173,농협생명보험주식회사,E,숙박 및 음식점업,20587400000,국내생보사,B,SH122,업종별 대출금
1148,201912,0013173,농협생명보험주식회사,F,"출판, 영상, 방송통신 및 정보서비스업",52301917000,국내생보사,B,SH122,업종별 대출금
1149,201912,0013173,농협생명보험주식회사,G,부동산업 및 임대업,2061718455000,국내생보사,B,SH122,업종별 대출금
1150,201912,0013173,농협생명보험주식회사,H,기타,2764467358000,국내생보사,B,SH122,업종별 대출금
1151,201912,0013173,농협생명보험주식회사,I,계,5768303805000,국내생보사,B,SH122,업종별 대출금
1152,202003,0013173,농협생명보험주식회사,A,"농업, 임업 및 어업",600000000,국내생보사,B,SH122,업종별 대출금
1153,202003,0013173,농협생명보험주식회사,B,제조업,157283947000,국내생보사,B,SH122,업종별 대출금
1154,202003,0013173,농협생명보험주식회사,C,건설업,531569533000,국내생보사,B,SH122,업종별 대출금
1155,202003,0013173,농협생명보험주식회사,D,도매 및 소매업,152659898000,국내생보사,B,SH122,업종별 대출금
1156,202003,0013173,농협생명보험주식회사,E,숙박 및 음식점업,20583310000,국내생보사,B,SH122,업종별 대출금
1157,202003,0013173,농협생명보험주식회사,F,"출판, 영상, 방송통신 및 정보서비스업",7875000000,국내생보사,B,SH122,업종별 대출금
1158,202003,0013173,농협생명보험주식회사,G,부동산업 및 임대업,2125208838000,국내생보사,B,SH122,업종별 대출금
1159,202003,0013173,농협생명보험주식회사,H,기타,3003351131000,국내생보사,B,SH122,업종별 대출금
1160,202003,0013173,농협생명보험주식회사,I,계,5999131657000,국내생보사,B,SH122,업종별 대출금
1161,202006,0013173,농협생명보험주식회사,A,"농업, 임업 및 어업",600000000,국내생보사,B,SH122,업종별 대출금
1162,202006,0013173,농협생명보험주식회사,B,제조업,176308216000,국내생보사,B,SH122,업종별 대출금
1163,202006,0013173,농협생명보험주식회사,C,건설업,553011635000,국내생보사,B,SH122,업종별 대출금
1164,202006,0013173,농협생명보험주식회사,D,도매 및 소매업,140635709000,국내생보사,B,SH122,업종별 대출금
1165,202006,0013173,농협생명보험주식회사,E,숙박 및 음식점업,20536860000,국내생보사,B,SH122,업종별 대출금
1166,202006,0013173,농협생명보험주식회사,F,"출판, 영상, 방송통신 및 정보서비스업",7875000000,국내생보사,B,SH122,업종별 대출금
1167,202006,0013173,농협생명보험주식회사,G,부동산업 및 임대업,2306220906000,국내생보사,B,SH122,업종별 대출금
1168,202006,0013173,농협생명보험주식회사,H,기타,3061682562000,국내생보사,B,SH122,업종별 대출금
1169,202006,0013173,농협생명보험주식회사,I,계,6266870888000,국내생보사,B,SH122,업종별 대출금
1170,202009,0013173,농협생명보험주식회사,A,"농업, 임업 및 어업",600000000,국내생보사,B,SH122,업종별 대출금
1171,202009,0013173,농협생명보험주식회사,B,제조업,140592479000,국내생보사,B,SH122,업종별 대출금
1172,202009,0013173,농협생명보험주식회사,C,건설업,449660830000,국내생보사,B,SH122,업종별 대출금
1173,202009,0013173,농협생명보험주식회사,D,도매 및 소매업,140609929000,국내생보사,B,SH122,업종별 대출금
1174,202009,0013173,농협생명보험주식회사,E,숙박 및 음식점업,20536860000,국내생보사,B,SH122,업종별 대출금
1175,202009,0013173,농협생명보험주식회사,F,"출판, 영상, 방송통신 및 정보서비스업",7875000000,국내생보사,B,SH122,업종별 대출금
1176,202009,0013173,농협생명보험주식회사,G,부동산업 및 임대업,2367559100000,국내생보사,B,SH122,업종별 대출금
1177,202009,0013173,농협생명보험주식회사,H,기타,3053965801000,국내생보사,B,SH122,업종별 대출금
1178,202009,0013173,농협생명보험주식회사,I,계,6181399999000,국내생보사,B,SH122,업종별 대출금
1179,202012,0013173,농협생명보험주식회사,A,"농업, 임업 및 어업",600000000,국내생보사,B,SH122,업종별 대출금
1180,202012,0013173,농협생명보험주식회사,B,제조업,139170891000,국내생보사,B,SH122,업종별 대출금
1181,202012,0013173,농협생명보험주식회사,C,건설업,397794648000,국내생보사,B,SH122,업종별 대출금
1182,202012,0013173,농협생명보험주식회사,D,도매 및 소매업,133659168000,국내생보사,B,SH122,업종별 대출금
1183,202012,0013173,농협생명보험주식회사,E,숙박 및 음식점업,20516860000,국내생보사,B,SH122,업종별 대출금
1184,202012,0013173,농협생명보험주식회사,F,"출판, 영상, 방송통신 및 정보서비스업",0,국내생보사,B,SH122,업종별 대출금
1185,202012,0013173,농협생명보험주식회사,G,부동산업 및 임대업,2280298647000,국내생보사,B,SH122,업종별 대출금
1186,202012,0013173,농협생명보험주식회사,H,기타,3268250584000,국내생보사,B,SH122,업종별 대출금
1187,202012,0013173,농협생명보험주식회사,I,계,6240290798000,국내생보사,B,SH122,업종별 대출금
1188,202103,0013173,농협생명보험주식회사,A,"농업, 임업 및 어업",600000000,국내생보사,B,SH122,업종별 대출금
1189,202103,0013173,농협생명보험주식회사,B,제조업,139111770000,국내생보사,B,SH122,업종별 대출금
1190,202103,0013173,농협생명보험주식회사,C,건설업,350466401000,국내생보사,B,SH122,업종별 대출금
1191,202103,0013173,농협생명보험주식회사,D,도매 및 소매업,125790010000,국내생보사,B,SH122,업종별 대출금
1192,202103,0013173,농협생명보험주식회사,E,숙박 및 음식점업,20516360000,국내생보사,B,SH122,업종별 대출금
1193,202103,0013173,농협생명보험주식회사,F,"출판, 영상, 방송통신 및 정보서비스업",0,국내생보사,B,SH122,업종별 대출금
1194,202103,0013173,농협생명보험주식회사,G,부동산업 및 임대업,3907746105000,국내생보사,B,SH122,업종별 대출금
1195,202103,0013173,농협생명보험주식회사,H,기타,1556588611000,국내생보사,B,SH122,업종별 대출금
1196,202103,0013173,농협생명보험주식회사,I,계,6100819257000,국내생보사,B,SH122,업종별 대출금
1197,202106,0013173,농협생명보험주식회사,A,"농업, 임업 및 어업",0,국내생보사,B,SH122,업종별 대출금
1198,202106,0013173,농협생명보험주식회사,B,제조업,147041001000,국내생보사,B,SH122,업종별 대출금
1199,202106,0013173,농협생명보험주식회사,C,건설업,375554855000,국내생보사,B,SH122,업종별 대출금
1200,202106,0013173,농협생명보험주식회사,D,도매 및 소매업,96128478000,국내생보사,B,SH122,업종별 대출금
1201,202106,0013173,농협생명보험주식회사,E,숙박 및 음식점업,20512000000,국내생보사,B,SH122,업종별 대출금
1202,202106,0013173,농협생명보험주식회사,F,"출판, 영상, 방송통신 및 정보서비스업",50000000000,국내생보사,B,SH122,업종별 대출금
1203,202106,0013173,농협생명보험주식회사,G,부동산업 및 임대업,2377763101000,국내생보사,B,SH122,업종별 대출금
1204,202106,0013173,농협생명보험주식회사,H,기타,3064899991000,국내생보사,B,SH122,업종별 대출금
1205,202106,0013173,농협생명보험주식회사,I,계,6131899426000,국내생보사,B,SH122,업종별 대출금
1206,202109,0013173,농협생명보험주식회사,A,"농업, 임업 및 어업",0,국내생보사,B,SH122,업종별 대출금
1207,202109,0013173,농협생명보험주식회사,B,제조업,141899590000,국내생보사,B,SH122,업종별 대출금
1208,202109,0013173,농협생명보험주식회사,C,건설업,367997226000,국내생보사,B,SH122,업종별 대출금
1209,202109,0013173,농협생명보험주식회사,D,도매 및 소매업,116126898000,국내생보사,B,SH122,업종별 대출금
1210,202109,0013173,농협생명보험주식회사,E,숙박 및 음식점업,20512000000,국내생보사,B,SH122,업종별 대출금
1211,202109,0013173,농협생명보험주식회사,F,"출판, 영상, 방송통신 및 정보서비스업",45306740000,국내생보사,B,SH122,업종별 대출금
1212,202109,0013173,농협생명보험주식회사,G,부동산업 및 임대업,2386529286000,국내생보사,B,SH122,업종별 대출금
1213,202109,0013173,농협생명보험주식회사,H,기타,3032958497000,국내생보사,B,SH122,업종별 대출금
1214,202109,0013173,농협생명보험주식회사,I,계,6111330237000,국내생보사,B,SH122,업종별 대출금
1215,202112,0013173,농협생명보험주식회사,A,"농업, 임업 및 어업",0,국내생보사,B,SH122,업종별 대출금
1216,202112,0013173,농협생명보험주식회사,B,제조업,152330869000,국내생보사,B,SH122,업종별 대출금
1217,202112,0013173,농협생명보험주식회사,C,건설업,415343778000,국내생보사,B,SH122,업종별 대출금
1218,202112,0013173,농협생명보험주식회사,D,도매 및 소매업,113636904000,국내생보사,B,SH122,업종별 대출금
1219,202112,0013173,농협생명보험주식회사,E,숙박 및 음식점업,20489442000,국내생보사,B,SH122,업종별 대출금
1220,202112,0013173,농협생명보험주식회사,F,"출판, 영상, 방송통신 및 정보서비스업",0,국내생보사,B,SH122,업종별 대출금
1221,202112,0013173,농협생명보험주식회사,G,부동산업 및 임대업,2462619699000,국내생보사,B,SH122,업종별 대출금
1222,202112,0013173,농협생명보험주식회사,H,기타,3036207631000,국내생보사,B,SH122,업종별 대출금
1223,202112,0013173,농협생명보험주식회사,I,계,6200628323000,국내생보사,B,SH122,업종별 대출금
1224,202203,0013173,농협생명보험주식회사,A,"농업, 임업 및 어업",0,국내생보사,B,SH122,업종별 대출금
1225,202203,0013173,농협생명보험주식회사,B,제조업,151327029000,국내생보사,B,SH122,업종별 대출금
1226,202203,0013173,농협생명보험주식회사,C,건설업,411842434000,국내생보사,B,SH122,업종별 대출금
1227,202203,0013173,농협생명보험주식회사,D,도매 및 소매업,113636904000,국내생보사,B,SH122,업종별 대출금
1228,202203,0013173,농협생명보험주식회사,E,숙박 및 음식점업,477000000,국내생보사,B,SH122,업종별 대출금
1229,202203,0013173,농협생명보험주식회사,F,"출판, 영상, 방송통신 및 정보서비스업",0,국내생보사,B,SH122,업종별 대출금
1230,202203,0013173,농협생명보험주식회사,G,부동산업 및 임대업,2509567464000,국내생보사,B,SH122,업종별 대출금
1231,202203,0013173,농협생명보험주식회사,H,기타,3120713136000,국내생보사,B,SH122,업종별 대출금
1232,202203,0013173,농협생명보험주식회사,I,계,6307563967000,국내생보사,B,SH122,업종별 대출금
1233,202206,0013173,농협생명보험주식회사,A,"농업, 임업 및 어업",0,국내생보사,B,SH122,업종별 대출금
1234,202206,0013173,농협생명보험주식회사,B,제조업,204143671000,국내생보사,B,SH122,업종별 대출금
1235,202206,0013173,농협생명보험주식회사,C,건설업,391048437000,국내생보사,B,SH122,업종별 대출금
1236,202206,0013173,농협생명보험주식회사,D,도매 및 소매업,104000021000,국내생보사,B,SH122,업종별 대출금
1237,202206,0013173,농협생명보험주식회사,E,숙박 및 음식점업,477000000,국내생보사,B,SH122,업종별 대출금
1238,202206,0013173,농협생명보험주식회사,F,"출판, 영상, 방송통신 및 정보서비스업",0,국내생보사,B,SH122,업종별 대출금
1239,202206,0013173,농협생명보험주식회사,G,부동산업 및 임대업,2375798816000,국내생보사,B,SH122,업종별 대출금
1240,202206,0013173,농협생명보험주식회사,H,기타,3176188969000,국내생보사,B,SH122,업종별 대출금
1241,202206,0013173,농협생명보험주식회사,I,계,6251656914000,국내생보사,B,SH122,업종별 대출금
1242,202209,0013173,농협생명보험주식회사,A,"농업, 임업 및 어업",0,국내생보사,B,SH122,업종별 대출금
1243,202209,0013173,농협생명보험주식회사,B,제조업,186997275000,국내생보사,B,SH122,업종별 대출금
1244,202209,0013173,농협생명보험주식회사,C,건설업,266717169000,국내생보사,B,SH122,업종별 대출금
1245,202209,0013173,농협생명보험주식회사,D,도매 및 소매업,93667576000,국내생보사,B,SH122,업종별 대출금
1246,202209,0013173,농협생명보험주식회사,E,숙박 및 음식점업,475000000,국내생보사,B,SH122,업종별 대출금
1247,202209,0013173,농협생명보험주식회사,F,"출판, 영상, 방송통신 및 정보서비스업",0,국내생보사,B,SH122,업종별 대출금
1248,202209,0013173,농협생명보험주식회사,G,부동산업 및 임대업,2225837623000,국내생보사,B,SH122,업종별 대출금
1249,202209,0013173,농협생명보험주식회사,H,기타,3189381067000,국내생보사,B,SH122,업종별 대출금
1250,202209,0013173,농협생명보험주식회사,I,계,5963075710000,국내생보사,B,SH122,업종별 대출금
1251,202212,0013173,농협생명보험주식회사,A,"농업, 임업 및 어업",0,국내생보사,B,SH122,업종별 대출금
1252,202212,0013173,농협생명보험주식회사,B,제조업,199654245000,국내생보사,B,SH122,업종별 대출금
1253,202212,0013173,농협생명보험주식회사,C,건설업,250452206000,국내생보사,B,SH122,업종별 대출금
1254,202212,0013173,농협생명보험주식회사,D,도매 및 소매업,83631836000,국내생보사,B,SH122,업종별 대출금
1255,202212,0013173,농협생명보험주식회사,E,숙박 및 음식점업,475000000,국내생보사,B,SH122,업종별 대출금
1256,202212,0013173,농협생명보험주식회사,F,"출판, 영상, 방송통신 및 정보서비스업",0,국내생보사,B,SH122,업종별 대출금
1257,202212,0013173,농협생명보험주식회사,G,부동산업 및 임대업,2153680815000,국내생보사,B,SH122,업종별 대출금
1258,202212,0013173,농협생명보험주식회사,H,기타,3210094868000,국내생보사,B,SH122,업종별 대출금
1259,202212,0013173,농협생명보험주식회사,I,계,5897988970000,국내생보사,B,SH122,업종별 대출금
1260,202303,0013173,농협생명보험주식회사,A,"농업, 임업 및 어업",0,국내생보사,B,SH122,업종별 대출금
1261,202303,0013173,농협생명보험주식회사,B,제조업,191739114000,국내생보사,B,SH122,업종별 대출금
1262,202303,0013173,농협생명보험주식회사,C,건설업,196365701000,국내생보사,B,SH122,업종별 대출금
1263,202303,0013173,농협생명보험주식회사,D,도매 및 소매업,82979662000,국내생보사,B,SH122,업종별 대출금
1264,202303,0013173,농협생명보험주식회사,E,숙박 및 음식점업,475000000,국내생보사,B,SH122,업종별 대출금
1265,202303,0013173,농협생명보험주식회사,F,"출판, 영상, 방송통신 및 정보서비스업",0,국내생보사,B,SH122,업종별 대출금
1266,202303,0013173,농협생명보험주식회사,G,부동산업 및 임대업,1930624115000,국내생보사,B,SH122,업종별 대출금
1267,202303,0013173,농협생명보험주식회사,H,기타,3087223073000,국내생보사,B,SH122,업종별 대출금
1268,202303,0013173,농협생명보험주식회사,I,계,5489406665000,국내생보사,B,SH122,업종별 대출금
1269,202306,0013173,농협생명보험주식회사,A,"농업, 임업 및 어업",0,국내생보사,B,SH122,업종별 대출금
1270,202306,0013173,농협생명보험주식회사,B,제조업,216738614000,국내생보사,B,SH122,업종별 대출금
1271,202306,0013173,농협생명보험주식회사,C,건설업,175983994000,국내생보사,B,SH122,업종별 대출금
1272,202306,0013173,농협생명보험주식회사,D,도매 및 소매업,59391314000,국내생보사,B,SH122,업종별 대출금
1273,202306,0013173,농협생명보험주식회사,E,숙박 및 음식점업,475000000,국내생보사,B,SH122,업종별 대출금
1274,202306,0013173,농협생명보험주식회사,F,"출판, 영상, 방송통신 및 정보서비스업",0,국내생보사,B,SH122,업종별 대출금
1275,202306,0013173,농협생명보험주식회사,G,부동산업 및 임대업,1865611652000,국내생보사,B,SH122,업종별 대출금
1276,202306,0013173,농협생명보험주식회사,H,기타,2995512104000,국내생보사,B,SH122,업종별 대출금
1277,202306,0013173,농협생명보험주식회사,I,계,5313712678000,국내생보사,B,SH122,업종별 대출금
1278,202309,0013173,농협생명보험주식회사,A,"농업, 임업 및 어업",0,국내생보사,B,SH122,업종별 대출금
1279,202309,0013173,농협생명보험주식회사,B,제조업,211024328000,국내생보사,B,SH122,업종별 대출금
1280,202309,0013173,농협생명보험주식회사,C,건설업,188829964000,국내생보사,B,SH122,업종별 대출금
1281,202309,0013173,농협생명보험주식회사,D,도매 및 소매업,58737640000,국내생보사,B,SH122,업종별 대출금
1282,202309,0013173,농협생명보험주식회사,E,숙박 및 음식점업,470000000,국내생보사,B,SH122,업종별 대출금
1283,202309,0013173,농협생명보험주식회사,F,"출판, 영상, 방송통신 및 정보서비스업",820000000,국내생보사,B,SH122,업종별 대출금
1284,202309,0013173,농협생명보험주식회사,G,부동산업 및 임대업,1912751930000,국내생보사,B,SH122,업종별 대출금
1285,202309,0013173,농협생명보험주식회사,H,기타,2990916580000,국내생보사,B,SH122,업종별 대출금
1286,202309,0013173,농협생명보험주식회사,I,계,5363550442000,국내생보사,B,SH122,업종별 대출금
1287,202312,0013173,농협생명보험주식회사,A,"농업, 임업 및 어업",0,국내생보사,B,SH122,업종별 대출금
1288,202312,0013173,농협생명보험주식회사,B,제조업,196738614000,국내생보사,B,SH122,업종별 대출금
1289,202312,0013173,농협생명보험주식회사,C,건설업,216879563000,국내생보사,B,SH122,업종별 대출금
1290,202312,0013173,농협생명보험주식회사,D,도매 및 소매업,56354283000,국내생보사,B,SH122,업종별 대출금
1291,202312,0013173,농협생명보험주식회사,E,숙박 및 음식점업,470000000,국내생보사,B,SH122,업종별 대출금
1292,202312,0013173,농협생명보험주식회사,F,"출판, 영상, 방송통신 및 정보서비스업",5731200000,국내생보사,B,SH122,업종별 대출금
1293,202312,0013173,농협생명보험주식회사,G,부동산업 및 임대업,2114610324000,국내생보사,B,SH122,업종별 대출금
1294,202312,0013173,농협생명보험주식회사,H,기타,2985479485000,국내생보사,B,SH122,업종별 대출금
1295,202312,0013173,농협생명보험주식회사,I,계,5576263469000,국내생보사,B,SH122,업종별 대출금
1296,202403,0013173,농협생명보험주식회사,A,"농업, 임업 및 어업",0,국내생보사,B,SH122,업종별 대출금
1297,202403,0013173,농협생명보험주식회사,B,제조업,182695017000,국내생보사,B,SH122,업종별 대출금
1298,202403,0013173,농협생명보험주식회사,C,건설업,222019872000,국내생보사,B,SH122,업종별 대출금
1299,202403,0013173,농협생명보험주식회사,D,도매 및 소매업,54210810000,국내생보사,B,SH122,업종별 대출금
1300,202403,0013173,농협생명보험주식회사,E,숙박 및 음식점업,470000000,국내생보사,B,SH122,업종별 대출금
1301,202403,0013173,농협생명보험주식회사,F,"출판, 영상, 방송통신 및 정보서비스업",23117200000,국내생보사,B,SH122,업종별 대출금
1302,202403,0013173,농협생명보험주식회사,G,부동산업 및 임대업,2112103152000,국내생보사,B,SH122,업종별 대출금
1303,202403,0013173,농협생명보험주식회사,H,기타,2990851006000,국내생보사,B,SH122,업종별 대출금
1304,202403,0013173,농협생명보험주식회사,I,계,5585467057000,국내생보사,B,SH122,업종별 대출금
1305,202406,0013173,농협생명보험주식회사,A,"농업, 임업 및 어업",0,국내생보사,B,SH122,업종별 대출금
1306,202406,0013173,농협생명보험주식회사,B,제조업,182590501000,국내생보사,B,SH122,업종별 대출금
1307,202406,0013173,농협생명보험주식회사,C,건설업,228781334000,국내생보사,B,SH122,업종별 대출금
1308,202406,0013173,농협생명보험주식회사,D,도매 및 소매업,22693065000,국내생보사,B,SH122,업종별 대출금
1309,202406,0013173,농협생명보험주식회사,E,숙박 및 음식점업,400000000,국내생보사,B,SH122,업종별 대출금
1310,202406,0013173,농협생명보험주식회사,F,"출판, 영상, 방송통신 및 정보서비스업",52606200000,국내생보사,B,SH122,업종별 대출금
1311,202406,0013173,농협생명보험주식회사,G,부동산업 및 임대업,1981553119000,국내생보사,B,SH122,업종별 대출금
1312,202406,0013173,농협생명보험주식회사,H,기타,3006409975000,국내생보사,B,SH122,업종별 대출금
1313,202406,0013173,농협생명보험주식회사,I,계,5475034194000,국내생보사,B,SH122,업종별 대출금
1314,202409,0013173,농협생명보험주식회사,A,"농업, 임업 및 어업",0,국내생보사,B,SH122,업종별 대출금
1315,202409,0013173,농협생명보험주식회사,B,제조업,202576081000,국내생보사,B,SH122,업종별 대출금
1316,202409,0013173,농협생명보험주식회사,C,건설업,209614100000,국내생보사,B,SH122,업종별 대출금
1317,202409,0013173,농협생명보험주식회사,D,도매 및 소매업,42690745000,국내생보사,B,SH122,업종별 대출금
1318,202409,0013173,농협생명보험주식회사,E,숙박 및 음식점업,400000000,국내생보사,B,SH122,업종별 대출금
1319,202409,0013173,농협생명보험주식회사,F,"출판, 영상, 방송통신 및 정보서비스업",58360200000,국내생보사,B,SH122,업종별 대출금
1320,202409,0013173,농협생명보험주식회사,G,부동산업 및 임대업,1938240908000,국내생보사,B,SH122,업종별 대출금
1321,202409,0013173,농협생명보험주식회사,H,기타,3017923492000,국내생보사,B,SH122,업종별 대출금
1322,202409,0013173,농협생명보험주식회사,I,계,5469805526000,국내생보사,B,SH122,업종별 대출금
1323,202412,0013173,농협생명보험주식회사,A,"농업, 임업 및 어업",0,국내생보사,B,SH122,업종별 대출금
1324,202412,0013173,농협생명보험주식회사,B,제조업,139043301000,국내생보사,B,SH122,업종별 대출금
1325,202412,0013173,농협생명보험주식회사,C,건설업,246670368000,국내생보사,B,SH122,업종별 대출금
1326,202412,0013173,농협생명보험주식회사,D,도매 및 소매업,39134708000,국내생보사,B,SH122,업종별 대출금
1327,202412,0013173,농협생명보험주식회사,E,숙박 및 음식점업,400000000,국내생보사,B,SH122,업종별 대출금
1328,202412,0013173,농협생명보험주식회사,F,"출판, 영상, 방송통신 및 정보서비스업",71587200000,국내생보사,B,SH122,업종별 대출금
1329,202412,0013173,농협생명보험주식회사,G,부동산업 및 임대업,1919837294000,국내생보사,B,SH122,업종별 대출금
1330,202412,0013173,농협생명보험주식회사,H,기타,3007767196000,국내생보사,B,SH122,업종별 대출금
1331,202412,0013173,농협생명보험주식회사,I,계,5424440067000,국내생보사,B,SH122,업종별 대출금
1332,202503,0013173,농협생명보험주식회사,A,"농업, 임업 및 어업",0,국내생보사,B,SH122,업종별 대출금
1333,202503,0013173,농협생명보험주식회사,B,제조업,132209931000,국내생보사,B,SH122,업종별 대출금
1334,202503,0013173,농협생명보험주식회사,C,건설업,287228992000,국내생보사,B,SH122,업종별 대출금
1335,202503,0013173,농협생명보험주식회사,D,도매 및 소매업,39126208000,국내생보사,B,SH122,업종별 대출금
1336,202503,0013173,농협생명보험주식회사,E,숙박 및 음식점업,400000000,국내생보사,B,SH122,업종별 대출금
1337,202503,0013173,농협생명보험주식회사,F,"출판, 영상, 방송통신 및 정보서비스업",80903200000,국내생보사,B,SH122,업종별 대출금
1338,202503,0013173,농협생명보험주식회사,G,부동산업 및 임대업,1829398362000,국내생보사,B,SH122,업종별 대출금
1339,202503,0013173,농협생명보험주식회사,H,기타,2998494665000,국내생보사,B,SH122,업종별 대출금
1340,202503,0013173,농협생명보험주식회사,I,계,5367761358000,국내생보사,B,SH122,업종별 대출금
1341,201703,0010608,미래에셋생명보험주식회사,A,"농업, 임업 및 어업",0,국내생보사,B,SH122,업종별 대출금
1342,201703,0010608,미래에셋생명보험주식회사,B,제조업,0,국내생보사,B,SH122,업종별 대출금
1343,201703,0010608,미래에셋생명보험주식회사,C,건설업,79441165000,국내생보사,B,SH122,업종별 대출금
1344,201703,0010608,미래에셋생명보험주식회사,D,도매 및 소매업,25492872000,국내생보사,B,SH122,업종별 대출금
1345,201703,0010608,미래에셋생명보험주식회사,E,숙박 및 음식점업,0,국내생보사,B,SH122,업종별 대출금
1346,201703,0010608,미래에셋생명보험주식회사,F,"출판, 영상, 방송통신 및 정보서비스업",0,국내생보사,B,SH122,업종별 대출금
1347,201703,0010608,미래에셋생명보험주식회사,G,부동산업 및 임대업,498903953000,국내생보사,B,SH122,업종별 대출금
1348,201703,0010608,미래에셋생명보험주식회사,H,기타,795928465000,국내생보사,B,SH122,업종별 대출금
1349,201703,0010608,미래에셋생명보험주식회사,I,계,1399766455000,국내생보사,B,SH122,업종별 대출금
1350,201706,0010608,미래에셋생명보험주식회사,A,"농업, 임업 및 어업",0,국내생보사,B,SH122,업종별 대출금
1351,201706,0010608,미래에셋생명보험주식회사,B,제조업,0,국내생보사,B,SH122,업종별 대출금
1352,201706,0010608,미래에셋생명보험주식회사,C,건설업,80520566000,국내생보사,B,SH122,업종별 대출금
1353,201706,0010608,미래에셋생명보험주식회사,D,도매 및 소매업,25492872000,국내생보사,B,SH122,업종별 대출금
1354,201706,0010608,미래에셋생명보험주식회사,E,숙박 및 음식점업,0,국내생보사,B,SH122,업종별 대출금
1355,201706,0010608,미래에셋생명보험주식회사,F,"출판, 영상, 방송통신 및 정보서비스업",0,국내생보사,B,SH122,업종별 대출금
1356,201706,0010608,미래에셋생명보험주식회사,G,부동산업 및 임대업,608120271000,국내생보사,B,SH122,업종별 대출금
1357,201706,0010608,미래에셋생명보험주식회사,H,기타,835970329000,국내생보사,B,SH122,업종별 대출금
1358,201706,0010608,미래에셋생명보험주식회사,I,계,1550104038000,국내생보사,B,SH122,업종별 대출금
1359,201709,0010608,미래에셋생명보험주식회사,A,"농업, 임업 및 어업",0,국내생보사,B,SH122,업종별 대출금
1360,201709,0010608,미래에셋생명보험주식회사,B,제조업,0,국내생보사,B,SH122,업종별 대출금
1361,201709,0010608,미래에셋생명보험주식회사,C,건설업,36069059000,국내생보사,B,SH122,업종별 대출금
1362,201709,0010608,미래에셋생명보험주식회사,D,도매 및 소매업,23508622000,국내생보사,B,SH122,업종별 대출금
1363,201709,0010608,미래에셋생명보험주식회사,E,숙박 및 음식점업,0,국내생보사,B,SH122,업종별 대출금
1364,201709,0010608,미래에셋생명보험주식회사,F,"출판, 영상, 방송통신 및 정보서비스업",0,국내생보사,B,SH122,업종별 대출금
1365,201709,0010608,미래에셋생명보험주식회사,G,부동산업 및 임대업,459828628000,국내생보사,B,SH122,업종별 대출금
1366,201709,0010608,미래에셋생명보험주식회사,H,기타,501096751000,국내생보사,B,SH122,업종별 대출금
1367,201709,0010608,미래에셋생명보험주식회사,I,계,1020503060000,국내생보사,B,SH122,업종별 대출금
1368,201712,0010608,미래에셋생명보험주식회사,A,"농업, 임업 및 어업",0,국내생보사,B,SH122,업종별 대출금
1369,201712,0010608,미래에셋생명보험주식회사,B,제조업,0,국내생보사,B,SH122,업종별 대출금
1370,201712,0010608,미래에셋생명보험주식회사,C,건설업,73077705000,국내생보사,B,SH122,업종별 대출금
1371,201712,0010608,미래에셋생명보험주식회사,D,도매 및 소매업,23400052000,국내생보사,B,SH122,업종별 대출금
1372,201712,0010608,미래에셋생명보험주식회사,E,숙박 및 음식점업,0,국내생보사,B,SH122,업종별 대출금
1373,201712,0010608,미래에셋생명보험주식회사,F,"출판, 영상, 방송통신 및 정보서비스업",0,국내생보사,B,SH122,업종별 대출금
1374,201712,0010608,미래에셋생명보험주식회사,G,부동산업 및 임대업,899532454000,국내생보사,B,SH122,업종별 대출금
1375,201712,0010608,미래에셋생명보험주식회사,H,기타,640362414000,국내생보사,B,SH122,업종별 대출금
1376,201712,0010608,미래에셋생명보험주식회사,I,계,1636372625000,국내생보사,B,SH122,업종별 대출금
1377,201803,0010608,미래에셋생명보험주식회사,A,"농업, 임업 및 어업",0,국내생보사,B,SH122,업종별 대출금
1378,201803,0010608,미래에셋생명보험주식회사,B,제조업,0,국내생보사,B,SH122,업종별 대출금
1379,201803,0010608,미래에셋생명보험주식회사,C,건설업,74181188000,국내생보사,B,SH122,업종별 대출금
1380,201803,0010608,미래에셋생명보험주식회사,D,도매 및 소매업,20694859000,국내생보사,B,SH122,업종별 대출금
1381,201803,0010608,미래에셋생명보험주식회사,E,숙박 및 음식점업,0,국내생보사,B,SH122,업종별 대출금
1382,201803,0010608,미래에셋생명보험주식회사,F,"출판, 영상, 방송통신 및 정보서비스업",0,국내생보사,B,SH122,업종별 대출금
1383,201803,0010608,미래에셋생명보험주식회사,G,부동산업 및 임대업,1100193094000,국내생보사,B,SH122,업종별 대출금
1384,201803,0010608,미래에셋생명보험주식회사,H,기타,705477359000,국내생보사,B,SH122,업종별 대출금
1385,201803,0010608,미래에셋생명보험주식회사,I,계,1900546500000,국내생보사,B,SH122,업종별 대출금
1386,201806,0010608,미래에셋생명보험주식회사,A,"농업, 임업 및 어업",0,국내생보사,B,SH122,업종별 대출금
1387,201806,0010608,미래에셋생명보험주식회사,B,제조업,0,국내생보사,B,SH122,업종별 대출금
1388,201806,0010608,미래에셋생명보험주식회사,C,건설업,76109946000,국내생보사,B,SH122,업종별 대출금
1389,201806,0010608,미래에셋생명보험주식회사,D,도매 및 소매업,19644859000,국내생보사,B,SH122,업종별 대출금
1390,201806,0010608,미래에셋생명보험주식회사,E,숙박 및 음식점업,0,국내생보사,B,SH122,업종별 대출금
1391,201806,0010608,미래에셋생명보험주식회사,F,"출판, 영상, 방송통신 및 정보서비스업",0,국내생보사,B,SH122,업종별 대출금
1392,201806,0010608,미래에셋생명보험주식회사,G,부동산업 및 임대업,1224475894000,국내생보사,B,SH122,업종별 대출금
1393,201806,0010608,미래에셋생명보험주식회사,H,기타,681850104000,국내생보사,B,SH122,업종별 대출금
1394,201806,0010608,미래에셋생명보험주식회사,I,계,2002080803000,국내생보사,B,SH122,업종별 대출금
1395,201809,0010608,미래에셋생명보험주식회사,A,"농업, 임업 및 어업",0,국내생보사,B,SH122,업종별 대출금
1396,201809,0010608,미래에셋생명보험주식회사,B,제조업,0,국내생보사,B,SH122,업종별 대출금
1397,201809,0010608,미래에셋생명보험주식회사,C,건설업,72522982000,국내생보사,B,SH122,업종별 대출금
1398,201809,0010608,미래에셋생명보험주식회사,D,도매 및 소매업,19644859000,국내생보사,B,SH122,업종별 대출금
1399,201809,0010608,미래에셋생명보험주식회사,E,숙박 및 음식점업,0,국내생보사,B,SH122,업종별 대출금
1400,201809,0010608,미래에셋생명보험주식회사,F,"출판, 영상, 방송통신 및 정보서비스업",0,국내생보사,B,SH122,업종별 대출금
1401,201809,0010608,미래에셋생명보험주식회사,G,부동산업 및 임대업,1505563245000,국내생보사,B,SH122,업종별 대출금
1402,201809,0010608,미래에셋생명보험주식회사,H,기타,719362748000,국내생보사,B,SH122,업종별 대출금
1403,201809,0010608,미래에셋생명보험주식회사,I,계,2317093834000,국내생보사,B,SH122,업종별 대출금
1404,201812,0010608,미래에셋생명보험주식회사,A,"농업, 임업 및 어업",0,국내생보사,B,SH122,업종별 대출금
1405,201812,0010608,미래에셋생명보험주식회사,B,제조업,0,국내생보사,B,SH122,업종별 대출금
1406,201812,0010608,미래에셋생명보험주식회사,C,건설업,66901189000,국내생보사,B,SH122,업종별 대출금
1407,201812,0010608,미래에셋생명보험주식회사,D,도매 및 소매업,18457910000,국내생보사,B,SH122,업종별 대출금
1408,201812,0010608,미래에셋생명보험주식회사,E,숙박 및 음식점업,0,국내생보사,B,SH122,업종별 대출금
1409,201812,0010608,미래에셋생명보험주식회사,F,"출판, 영상, 방송통신 및 정보서비스업",0,국내생보사,B,SH122,업종별 대출금
1410,201812,0010608,미래에셋생명보험주식회사,G,부동산업 및 임대업,1713293664000,국내생보사,B,SH122,업종별 대출금
1411,201812,0010608,미래에셋생명보험주식회사,H,기타,756833076000,국내생보사,B,SH122,업종별 대출금
1412,201812,0010608,미래에셋생명보험주식회사,I,계,2555485839000,국내생보사,B,SH122,업종별 대출금
1413,201903,0010608,미래에셋생명보험주식회사,A,"농업, 임업 및 어업",0,국내생보사,B,SH122,업종별 대출금
1414,201903,0010608,미래에셋생명보험주식회사,B,제조업,0,국내생보사,B,SH122,업종별 대출금
1415,201903,0010608,미래에셋생명보험주식회사,C,건설업,68611795000,국내생보사,B,SH122,업종별 대출금
1416,201903,0010608,미래에셋생명보험주식회사,D,도매 및 소매업,88367439000,국내생보사,B,SH122,업종별 대출금
1417,201903,0010608,미래에셋생명보험주식회사,E,숙박 및 음식점업,0,국내생보사,B,SH122,업종별 대출금
1418,201903,0010608,미래에셋생명보험주식회사,F,"출판, 영상, 방송통신 및 정보서비스업",0,국내생보사,B,SH122,업종별 대출금
1419,201903,0010608,미래에셋생명보험주식회사,G,부동산업 및 임대업,1654751723000,국내생보사,B,SH122,업종별 대출금
1420,201903,0010608,미래에셋생명보험주식회사,H,기타,724620875000,국내생보사,B,SH122,업종별 대출금
1421,201903,0010608,미래에셋생명보험주식회사,I,계,2536351832000,국내생보사,B,SH122,업종별 대출금
1422,201906,0010608,미래에셋생명보험주식회사,A,"농업, 임업 및 어업",0,국내생보사,B,SH122,업종별 대출금
1423,201906,0010608,미래에셋생명보험주식회사,B,제조업,0,국내생보사,B,SH122,업종별 대출금
1424,201906,0010608,미래에셋생명보험주식회사,C,건설업,63828776000,국내생보사,B,SH122,업종별 대출금
1425,201906,0010608,미래에셋생명보험주식회사,D,도매 및 소매업,87324533000,국내생보사,B,SH122,업종별 대출금
1426,201906,0010608,미래에셋생명보험주식회사,E,숙박 및 음식점업,0,국내생보사,B,SH122,업종별 대출금
1427,201906,0010608,미래에셋생명보험주식회사,F,"출판, 영상, 방송통신 및 정보서비스업",0,국내생보사,B,SH122,업종별 대출금
1428,201906,0010608,미래에셋생명보험주식회사,G,부동산업 및 임대업,1723308882000,국내생보사,B,SH122,업종별 대출금
1429,201906,0010608,미래에셋생명보험주식회사,H,기타,684763271000,국내생보사,B,SH122,업종별 대출금
1430,201906,0010608,미래에셋생명보험주식회사,I,계,2559225462000,국내생보사,B,SH122,업종별 대출금
1431,201909,0010608,미래에셋생명보험주식회사,A,"농업, 임업 및 어업",0,국내생보사,B,SH122,업종별 대출금
1432,201909,0010608,미래에셋생명보험주식회사,B,제조업,0,국내생보사,B,SH122,업종별 대출금
1433,201909,0010608,미래에셋생명보험주식회사,C,건설업,58895141000,국내생보사,B,SH122,업종별 대출금
1434,201909,0010608,미래에셋생명보험주식회사,D,도매 및 소매업,77422216000,국내생보사,B,SH122,업종별 대출금
1435,201909,0010608,미래에셋생명보험주식회사,E,숙박 및 음식점업,0,국내생보사,B,SH122,업종별 대출금
1436,201909,0010608,미래에셋생명보험주식회사,F,"출판, 영상, 방송통신 및 정보서비스업",0,국내생보사,B,SH122,업종별 대출금
1437,201909,0010608,미래에셋생명보험주식회사,G,부동산업 및 임대업,1732974567000,국내생보사,B,SH122,업종별 대출금
1438,201909,0010608,미래에셋생명보험주식회사,H,기타,676717809000,국내생보사,B,SH122,업종별 대출금
1439,201909,0010608,미래에셋생명보험주식회사,I,계,2546009733000,국내생보사,B,SH122,업종별 대출금
1440,201912,0010608,미래에셋생명보험주식회사,A,"농업, 임업 및 어업",0,국내생보사,B,SH122,업종별 대출금
1441,201912,0010608,미래에셋생명보험주식회사,B,제조업,0,국내생보사,B,SH122,업종별 대출금
1442,201912,0010608,미래에셋생명보험주식회사,C,건설업,58482837000,국내생보사,B,SH122,업종별 대출금
1443,201912,0010608,미래에셋생명보험주식회사,D,도매 및 소매업,62197683000,국내생보사,B,SH122,업종별 대출금
1444,201912,0010608,미래에셋생명보험주식회사,E,숙박 및 음식점업,0,국내생보사,B,SH122,업종별 대출금
1445,201912,0010608,미래에셋생명보험주식회사,F,"출판, 영상, 방송통신 및 정보서비스업",0,국내생보사,B,SH122,업종별 대출금
1446,201912,0010608,미래에셋생명보험주식회사,G,부동산업 및 임대업,1905990373000,국내생보사,B,SH122,업종별 대출금
1447,201912,0010608,미래에셋생명보험주식회사,H,기타,736254426000,국내생보사,B,SH122,업종별 대출금
1448,201912,0010608,미래에셋생명보험주식회사,I,계,2762925319000,국내생보사,B,SH122,업종별 대출금
1449,202003,0010608,미래에셋생명보험주식회사,A,"농업, 임업 및 어업",0,국내생보사,B,SH122,업종별 대출금
1450,202003,0010608,미래에셋생명보험주식회사,B,제조업,0,국내생보사,B,SH122,업종별 대출금
1451,202003,0010608,미래에셋생명보험주식회사,C,건설업,51854353000,국내생보사,B,SH122,업종별 대출금
1452,202003,0010608,미래에셋생명보험주식회사,D,도매 및 소매업,0,국내생보사,B,SH122,업종별 대출금
1453,202003,0010608,미래에셋생명보험주식회사,E,숙박 및 음식점업,0,국내생보사,B,SH122,업종별 대출금
1454,202003,0010608,미래에셋생명보험주식회사,F,"출판, 영상, 방송통신 및 정보서비스업",0,국내생보사,B,SH122,업종별 대출금
1455,202003,0010608,미래에셋생명보험주식회사,G,부동산업 및 임대업,2024888600000,국내생보사,B,SH122,업종별 대출금
1456,202003,0010608,미래에셋생명보험주식회사,H,기타,723555495000,국내생보사,B,SH122,업종별 대출금
1457,202003,0010608,미래에셋생명보험주식회사,I,계,2800298448000,국내생보사,B,SH122,업종별 대출금
1458,202006,0010608,미래에셋생명보험주식회사,A,"농업, 임업 및 어업",0,국내생보사,B,SH122,업종별 대출금
1459,202006,0010608,미래에셋생명보험주식회사,B,제조업,0,국내생보사,B,SH122,업종별 대출금
1460,202006,0010608,미래에셋생명보험주식회사,C,건설업,47872680000,국내생보사,B,SH122,업종별 대출금
1461,202006,0010608,미래에셋생명보험주식회사,D,도매 및 소매업,0,국내생보사,B,SH122,업종별 대출금
1462,202006,0010608,미래에셋생명보험주식회사,E,숙박 및 음식점업,0,국내생보사,B,SH122,업종별 대출금
1463,202006,0010608,미래에셋생명보험주식회사,F,"출판, 영상, 방송통신 및 정보서비스업",0,국내생보사,B,SH122,업종별 대출금
1464,202006,0010608,미래에셋생명보험주식회사,G,부동산업 및 임대업,2357504330000,국내생보사,B,SH122,업종별 대출금
1465,202006,0010608,미래에셋생명보험주식회사,H,기타,763491857000,국내생보사,B,SH122,업종별 대출금
1466,202006,0010608,미래에셋생명보험주식회사,I,계,3168868867000,국내생보사,B,SH122,업종별 대출금
1467,202009,0010608,미래에셋생명보험주식회사,A,"농업, 임업 및 어업",0,국내생보사,B,SH122,업종별 대출금
1468,202009,0010608,미래에셋생명보험주식회사,B,제조업,0,국내생보사,B,SH122,업종별 대출금
1469,202009,0010608,미래에셋생명보험주식회사,C,건설업,36545512000,국내생보사,B,SH122,업종별 대출금
1470,202009,0010608,미래에셋생명보험주식회사,D,도매 및 소매업,0,국내생보사,B,SH122,업종별 대출금
1471,202009,0010608,미래에셋생명보험주식회사,E,숙박 및 음식점업,0,국내생보사,B,SH122,업종별 대출금
1472,202009,0010608,미래에셋생명보험주식회사,F,"출판, 영상, 방송통신 및 정보서비스업",0,국내생보사,B,SH122,업종별 대출금
1473,202009,0010608,미래에셋생명보험주식회사,G,부동산업 및 임대업,2613511259000,국내생보사,B,SH122,업종별 대출금
1474,202009,0010608,미래에셋생명보험주식회사,H,기타,734906730000,국내생보사,B,SH122,업종별 대출금
1475,202009,0010608,미래에셋생명보험주식회사,I,계,3384963501000,국내생보사,B,SH122,업종별 대출금
1476,202012,0010608,미래에셋생명보험주식회사,A,"농업, 임업 및 어업",0,국내생보사,B,SH122,업종별 대출금
1477,202012,0010608,미래에셋생명보험주식회사,B,제조업,0,국내생보사,B,SH122,업종별 대출금
1478,202012,0010608,미래에셋생명보험주식회사,C,건설업,35959810000,국내생보사,B,SH122,업종별 대출금
1479,202012,0010608,미래에셋생명보험주식회사,D,도매 및 소매업,0,국내생보사,B,SH122,업종별 대출금
1480,202012,0010608,미래에셋생명보험주식회사,E,숙박 및 음식점업,0,국내생보사,B,SH122,업종별 대출금
1481,202012,0010608,미래에셋생명보험주식회사,F,"출판, 영상, 방송통신 및 정보서비스업",0,국내생보사,B,SH122,업종별 대출금
1482,202012,0010608,미래에셋생명보험주식회사,G,부동산업 및 임대업,2634714027000,국내생보사,B,SH122,업종별 대출금
1483,202012,0010608,미래에셋생명보험주식회사,H,기타,612746776000,국내생보사,B,SH122,업종별 대출금
1484,202012,0010608,미래에셋생명보험주식회사,I,계,3283420613000,국내생보사,B,SH122,업종별 대출금
1485,202103,0010608,미래에셋생명보험주식회사,A,"농업, 임업 및 어업",0,국내생보사,B,SH122,업종별 대출금
1486,202103,0010608,미래에셋생명보험주식회사,B,제조업,0,국내생보사,B,SH122,업종별 대출금
1487,202103,0010608,미래에셋생명보험주식회사,C,건설업,30658953000,국내생보사,B,SH122,업종별 대출금
1488,202103,0010608,미래에셋생명보험주식회사,D,도매 및 소매업,0,국내생보사,B,SH122,업종별 대출금
1489,202103,0010608,미래에셋생명보험주식회사,E,숙박 및 음식점업,0,국내생보사,B,SH122,업종별 대출금
1490,202103,0010608,미래에셋생명보험주식회사,F,"출판, 영상, 방송통신 및 정보서비스업",0,국내생보사,B,SH122,업종별 대출금
1491,202103,0010608,미래에셋생명보험주식회사,G,부동산업 및 임대업,2805241400000,국내생보사,B,SH122,업종별 대출금
1492,202103,0010608,미래에셋생명보험주식회사,H,기타,686318876000,국내생보사,B,SH122,업종별 대출금
1493,202103,0010608,미래에셋생명보험주식회사,I,계,3522219229000,국내생보사,B,SH122,업종별 대출금
1494,202106,0010608,미래에셋생명보험주식회사,A,"농업, 임업 및 어업",0,국내생보사,B,SH122,업종별 대출금
1495,202106,0010608,미래에셋생명보험주식회사,B,제조업,0,국내생보사,B,SH122,업종별 대출금
1496,202106,0010608,미래에셋생명보험주식회사,C,건설업,30215831000,국내생보사,B,SH122,업종별 대출금
1497,202106,0010608,미래에셋생명보험주식회사,D,도매 및 소매업,0,국내생보사,B,SH122,업종별 대출금
1498,202106,0010608,미래에셋생명보험주식회사,E,숙박 및 음식점업,0,국내생보사,B,SH122,업종별 대출금
1499,202106,0010608,미래에셋생명보험주식회사,F,"출판, 영상, 방송통신 및 정보서비스업",0,국내생보사,B,SH122,업종별 대출금
1500,202106,0010608,미래에셋생명보험주식회사,G,부동산업 및 임대업,2832965581000,국내생보사,B,SH122,업종별 대출금
1501,202106,0010608,미래에셋생명보험주식회사,H,기타,673672944000,국내생보사,B,SH122,업종별 대출금
1502,202106,0010608,미래에셋생명보험주식회사,I,계,3536854356000,국내생보사,B,SH122,업종별 대출금
1503,202109,0010608,미래에셋생명보험주식회사,A,"농업, 임업 및 어업",0,국내생보사,B,SH122,업종별 대출금
1504,202109,0010608,미래에셋생명보험주식회사,B,제조업,0,국내생보사,B,SH122,업종별 대출금
1505,202109,0010608,미래에셋생명보험주식회사,C,건설업,29777319000,국내생보사,B,SH122,업종별 대출금
1506,202109,0010608,미래에셋생명보험주식회사,D,도매 및 소매업,0,국내생보사,B,SH122,업종별 대출금
1507,202109,0010608,미래에셋생명보험주식회사,E,숙박 및 음식점업,0,국내생보사,B,SH122,업종별 대출금
1508,202109,0010608,미래에셋생명보험주식회사,F,"출판, 영상, 방송통신 및 정보서비스업",0,국내생보사,B,SH122,업종별 대출금
1509,202109,0010608,미래에셋생명보험주식회사,G,부동산업 및 임대업,2759726909000,국내생보사,B,SH122,업종별 대출금
1510,202109,0010608,미래에셋생명보험주식회사,H,기타,660544975000,국내생보사,B,SH122,업종별 대출금
1511,202109,0010608,미래에셋생명보험주식회사,I,계,3450049203000,국내생보사,B,SH122,업종별 대출금
1512,202112,0010608,미래에셋생명보험주식회사,A,"농업, 임업 및 어업",0,국내생보사,B,SH122,업종별 대출금
1513,202112,0010608,미래에셋생명보험주식회사,B,제조업,0,국내생보사,B,SH122,업종별 대출금
1514,202112,0010608,미래에셋생명보험주식회사,C,건설업,29337011000,국내생보사,B,SH122,업종별 대출금
1515,202112,0010608,미래에셋생명보험주식회사,D,도매 및 소매업,0,국내생보사,B,SH122,업종별 대출금
1516,202112,0010608,미래에셋생명보험주식회사,E,숙박 및 음식점업,0,국내생보사,B,SH122,업종별 대출금
1517,202112,0010608,미래에셋생명보험주식회사,F,"출판, 영상, 방송통신 및 정보서비스업",0,국내생보사,B,SH122,업종별 대출금
1518,202112,0010608,미래에셋생명보험주식회사,G,부동산업 및 임대업,2799000228000,국내생보사,B,SH122,업종별 대출금
1519,202112,0010608,미래에셋생명보험주식회사,H,기타,782198673000,국내생보사,B,SH122,업종별 대출금
1520,202112,0010608,미래에셋생명보험주식회사,I,계,3610535912000,국내생보사,B,SH122,업종별 대출금
1521,202203,0010608,미래에셋생명보험주식회사,A,"농업, 임업 및 어업",0,국내생보사,B,SH122,업종별 대출금
1522,202203,0010608,미래에셋생명보험주식회사,B,제조업,0,국내생보사,B,SH122,업종별 대출금
1523,202203,0010608,미래에셋생명보험주식회사,C,건설업,28895484000,국내생보사,B,SH122,업종별 대출금
1524,202203,0010608,미래에셋생명보험주식회사,D,도매 및 소매업,0,국내생보사,B,SH122,업종별 대출금
1525,202203,0010608,미래에셋생명보험주식회사,E,숙박 및 음식점업,0,국내생보사,B,SH122,업종별 대출금
1526,202203,0010608,미래에셋생명보험주식회사,F,"출판, 영상, 방송통신 및 정보서비스업",0,국내생보사,B,SH122,업종별 대출금
1527,202203,0010608,미래에셋생명보험주식회사,G,부동산업 및 임대업,2832295211000,국내생보사,B,SH122,업종별 대출금
1528,202203,0010608,미래에셋생명보험주식회사,H,기타,930587645000,국내생보사,B,SH122,업종별 대출금
1529,202203,0010608,미래에셋생명보험주식회사,I,계,3791778340000,국내생보사,B,SH122,업종별 대출금
1530,202206,0010608,미래에셋생명보험주식회사,A,"농업, 임업 및 어업",0,국내생보사,B,SH122,업종별 대출금
1531,202206,0010608,미래에셋생명보험주식회사,B,제조업,0,국내생보사,B,SH122,업종별 대출금
1532,202206,0010608,미래에셋생명보험주식회사,C,건설업,28442477000,국내생보사,B,SH122,업종별 대출금
1533,202206,0010608,미래에셋생명보험주식회사,D,도매 및 소매업,0,국내생보사,B,SH122,업종별 대출금
1534,202206,0010608,미래에셋생명보험주식회사,E,숙박 및 음식점업,0,국내생보사,B,SH122,업종별 대출금
1535,202206,0010608,미래에셋생명보험주식회사,F,"출판, 영상, 방송통신 및 정보서비스업",0,국내생보사,B,SH122,업종별 대출금
1536,202206,0010608,미래에셋생명보험주식회사,G,부동산업 및 임대업,2605422134000,국내생보사,B,SH122,업종별 대출금
1537,202206,0010608,미래에셋생명보험주식회사,H,기타,883220834000,국내생보사,B,SH122,업종별 대출금
1538,202206,0010608,미래에셋생명보험주식회사,I,계,3517085445000,국내생보사,B,SH122,업종별 대출금
1539,202209,0010608,미래에셋생명보험주식회사,A,"농업, 임업 및 어업",0,국내생보사,B,SH122,업종별 대출금
1540,202209,0010608,미래에셋생명보험주식회사,B,제조업,0,국내생보사,B,SH122,업종별 대출금
1541,202209,0010608,미래에셋생명보험주식회사,C,건설업,27991833000,국내생보사,B,SH122,업종별 대출금
1542,202209,0010608,미래에셋생명보험주식회사,D,도매 및 소매업,0,국내생보사,B,SH122,업종별 대출금
1543,202209,0010608,미래에셋생명보험주식회사,E,숙박 및 음식점업,0,국내생보사,B,SH122,업종별 대출금
1544,202209,0010608,미래에셋생명보험주식회사,F,"출판, 영상, 방송통신 및 정보서비스업",0,국내생보사,B,SH122,업종별 대출금
1545,202209,0010608,미래에셋생명보험주식회사,G,부동산업 및 임대업,2493984114000,국내생보사,B,SH122,업종별 대출금
1546,202209,0010608,미래에셋생명보험주식회사,H,기타,936605023000,국내생보사,B,SH122,업종별 대출금
1547,202209,0010608,미래에셋생명보험주식회사,I,계,3458580970000,국내생보사,B,SH122,업종별 대출금
1548,202212,0010608,미래에셋생명보험주식회사,A,"농업, 임업 및 어업",0,국내생보사,B,SH122,업종별 대출금
1549,202212,0010608,미래에셋생명보험주식회사,B,제조업,0,국내생보사,B,SH122,업종별 대출금
1550,202212,0010608,미래에셋생명보험주식회사,C,건설업,27721434000,국내생보사,B,SH122,업종별 대출금
1551,202212,0010608,미래에셋생명보험주식회사,D,도매 및 소매업,0,국내생보사,B,SH122,업종별 대출금
1552,202212,0010608,미래에셋생명보험주식회사,E,숙박 및 음식점업,0,국내생보사,B,SH122,업종별 대출금
1553,202212,0010608,미래에셋생명보험주식회사,F,"출판, 영상, 방송통신 및 정보서비스업",0,국내생보사,B,SH122,업종별 대출금
1554,202212,0010608,미래에셋생명보험주식회사,G,부동산업 및 임대업,2470759598000,국내생보사,B,SH122,업종별 대출금
1555,202212,0010608,미래에셋생명보험주식회사,H,기타,894608073000,국내생보사,B,SH122,업종별 대출금
1556,202212,0010608,미래에셋생명보험주식회사,I,계,3393089105000,국내생보사,B,SH122,업종별 대출금
1557,202303,0010608,미래에셋생명보험주식회사,A,"농업, 임업 및 어업",0,국내생보사,B,SH122,업종별 대출금
1558,202303,0010608,미래에셋생명보험주식회사,B,제조업,0,국내생보사,B,SH122,업종별 대출금
1559,202303,0010608,미래에셋생명보험주식회사,C,건설업,27082817000,국내생보사,B,SH122,업종별 대출금
1560,202303,0010608,미래에셋생명보험주식회사,D,도매 및 소매업,0,국내생보사,B,SH122,업종별 대출금
1561,202303,0010608,미래에셋생명보험주식회사,E,숙박 및 음식점업,0,국내생보사,B,SH122,업종별 대출금
1562,202303,0010608,미래에셋생명보험주식회사,F,"출판, 영상, 방송통신 및 정보서비스업",0,국내생보사,B,SH122,업종별 대출금
1563,202303,0010608,미래에셋생명보험주식회사,G,부동산업 및 임대업,2273201042000,국내생보사,B,SH122,업종별 대출금
1564,202303,0010608,미래에셋생명보험주식회사,H,기타,881250688000,국내생보사,B,SH122,업종별 대출금
1565,202303,0010608,미래에셋생명보험주식회사,I,계,3181534547000,국내생보사,B,SH122,업종별 대출금
1566,202306,0010608,미래에셋생명보험주식회사,A,"농업, 임업 및 어업",0,국내생보사,B,SH122,업종별 대출금
1567,202306,0010608,미래에셋생명보험주식회사,B,제조업,0,국내생보사,B,SH122,업종별 대출금
1568,202306,0010608,미래에셋생명보험주식회사,C,건설업,26622985000,국내생보사,B,SH122,업종별 대출금
1569,202306,0010608,미래에셋생명보험주식회사,D,도매 및 소매업,0,국내생보사,B,SH122,업종별 대출금
1570,202306,0010608,미래에셋생명보험주식회사,E,숙박 및 음식점업,0,국내생보사,B,SH122,업종별 대출금
1571,202306,0010608,미래에셋생명보험주식회사,F,"출판, 영상, 방송통신 및 정보서비스업",0,국내생보사,B,SH122,업종별 대출금
1572,202306,0010608,미래에셋생명보험주식회사,G,부동산업 및 임대업,2180742394000,국내생보사,B,SH122,업종별 대출금
1573,202306,0010608,미래에셋생명보험주식회사,H,기타,882581090000,국내생보사,B,SH122,업종별 대출금
1574,202306,0010608,미래에셋생명보험주식회사,I,계,3089946469000,국내생보사,B,SH122,업종별 대출금
1575,202309,0010608,미래에셋생명보험주식회사,A,"농업, 임업 및 어업",0,국내생보사,B,SH122,업종별 대출금
1576,202309,0010608,미래에셋생명보험주식회사,B,제조업,0,국내생보사,B,SH122,업종별 대출금
1577,202309,0010608,미래에셋생명보험주식회사,C,건설업,26342642000,국내생보사,B,SH122,업종별 대출금
1578,202309,0010608,미래에셋생명보험주식회사,D,도매 및 소매업,0,국내생보사,B,SH122,업종별 대출금
1579,202309,0010608,미래에셋생명보험주식회사,E,숙박 및 음식점업,0,국내생보사,B,SH122,업종별 대출금
1580,202309,0010608,미래에셋생명보험주식회사,F,"출판, 영상, 방송통신 및 정보서비스업",0,국내생보사,B,SH122,업종별 대출금
1581,202309,0010608,미래에셋생명보험주식회사,G,부동산업 및 임대업,1982313902000,국내생보사,B,SH122,업종별 대출금
1582,202309,0010608,미래에셋생명보험주식회사,H,기타,887931624000,국내생보사,B,SH122,업종별 대출금
1583,202309,0010608,미래에셋생명보험주식회사,I,계,2896588168000,국내생보사,B,SH122,업종별 대출금
1584,202312,0010608,미래에셋생명보험주식회사,A,"농업, 임업 및 어업",0,국내생보사,B,SH122,업종별 대출금
1585,202312,0010608,미래에셋생명보험주식회사,B,제조업,0,국내생보사,B,SH122,업종별 대출금
1586,202312,0010608,미래에셋생명보험주식회사,C,건설업,25884975000,국내생보사,B,SH122,업종별 대출금
1587,202312,0010608,미래에셋생명보험주식회사,D,도매 및 소매업,0,국내생보사,B,SH122,업종별 대출금
1588,202312,0010608,미래에셋생명보험주식회사,E,숙박 및 음식점업,0,국내생보사,B,SH122,업종별 대출금
1589,202312,0010608,미래에셋생명보험주식회사,F,"출판, 영상, 방송통신 및 정보서비스업",0,국내생보사,B,SH122,업종별 대출금
1590,202312,0010608,미래에셋생명보험주식회사,G,부동산업 및 임대업,1806839778000,국내생보사,B,SH122,업종별 대출금
1591,202312,0010608,미래에셋생명보험주식회사,H,기타,920303383000,국내생보사,B,SH122,업종별 대출금
1592,202312,0010608,미래에셋생명보험주식회사,I,계,2753028136000,국내생보사,B,SH122,업종별 대출금
1593,202403,0010608,미래에셋생명보험주식회사,A,"농업, 임업 및 어업",0,국내생보사,B,SH122,업종별 대출금
1594,202403,0010608,미래에셋생명보험주식회사,B,제조업,0,국내생보사,B,SH122,업종별 대출금
1595,202403,0010608,미래에셋생명보험주식회사,C,건설업,25413420000,국내생보사,B,SH122,업종별 대출금
1596,202403,0010608,미래에셋생명보험주식회사,D,도매 및 소매업,0,국내생보사,B,SH122,업종별 대출금
1597,202403,0010608,미래에셋생명보험주식회사,E,숙박 및 음식점업,0,국내생보사,B,SH122,업종별 대출금
1598,202403,0010608,미래에셋생명보험주식회사,F,"출판, 영상, 방송통신 및 정보서비스업",0,국내생보사,B,SH122,업종별 대출금
1599,202403,0010608,미래에셋생명보험주식회사,G,부동산업 및 임대업,1694628163000,국내생보사,B,SH122,업종별 대출금
1600,202403,0010608,미래에셋생명보험주식회사,H,기타,918298072000,국내생보사,B,SH122,업종별 대출금
1601,202403,0010608,미래에셋생명보험주식회사,I,계,2638339655000,국내생보사,B,SH122,업종별 대출금
1602,202406,0010608,미래에셋생명보험주식회사,A,"농업, 임업 및 어업",0,국내생보사,B,SH122,업종별 대출금
1603,202406,0010608,미래에셋생명보험주식회사,B,제조업,0,국내생보사,B,SH122,업종별 대출금
1604,202406,0010608,미래에셋생명보험주식회사,C,건설업,24937782000,국내생보사,B,SH122,업종별 대출금
1605,202406,0010608,미래에셋생명보험주식회사,D,도매 및 소매업,0,국내생보사,B,SH122,업종별 대출금
1606,202406,0010608,미래에셋생명보험주식회사,E,숙박 및 음식점업,0,국내생보사,B,SH122,업종별 대출금
1607,202406,0010608,미래에셋생명보험주식회사,F,"출판, 영상, 방송통신 및 정보서비스업",0,국내생보사,B,SH122,업종별 대출금
1608,202406,0010608,미래에셋생명보험주식회사,G,부동산업 및 임대업,1576304746000,국내생보사,B,SH122,업종별 대출금
1609,202406,0010608,미래에셋생명보험주식회사,H,기타,938020752000,국내생보사,B,SH122,업종별 대출금
1610,202406,0010608,미래에셋생명보험주식회사,I,계,2539263280000,국내생보사,B,SH122,업종별 대출금
1611,202409,0010608,미래에셋생명보험주식회사,A,"농업, 임업 및 어업",0,국내생보사,B,SH122,업종별 대출금
1612,202409,0010608,미래에셋생명보험주식회사,B,제조업,0,국내생보사,B,SH122,업종별 대출금
1613,202409,0010608,미래에셋생명보험주식회사,C,건설업,24286968000,국내생보사,B,SH122,업종별 대출금
1614,202409,0010608,미래에셋생명보험주식회사,D,도매 및 소매업,0,국내생보사,B,SH122,업종별 대출금
1615,202409,0010608,미래에셋생명보험주식회사,E,숙박 및 음식점업,0,국내생보사,B,SH122,업종별 대출금
1616,202409,0010608,미래에셋생명보험주식회사,F,"출판, 영상, 방송통신 및 정보서비스업",0,국내생보사,B,SH122,업종별 대출금
1617,202409,0010608,미래에셋생명보험주식회사,G,부동산업 및 임대업,1278417227000,국내생보사,B,SH122,업종별 대출금
1618,202409,0010608,미래에셋생명보험주식회사,H,기타,956904686000,국내생보사,B,SH122,업종별 대출금
1619,202409,0010608,미래에셋생명보험주식회사,I,계,2259608881000,국내생보사,B,SH122,업종별 대출금
1620,202412,0010608,미래에셋생명보험주식회사,A,"농업, 임업 및 어업",0,국내생보사,B,SH122,업종별 대출금
1621,202412,0010608,미래에셋생명보험주식회사,B,제조업,0,국내생보사,B,SH122,업종별 대출금
1622,202412,0010608,미래에셋생명보험주식회사,C,건설업,23819127000,국내생보사,B,SH122,업종별 대출금
1623,202412,0010608,미래에셋생명보험주식회사,D,도매 및 소매업,0,국내생보사,B,SH122,업종별 대출금
1624,202412,0010608,미래에셋생명보험주식회사,E,숙박 및 음식점업,0,국내생보사,B,SH122,업종별 대출금
1625,202412,0010608,미래에셋생명보험주식회사,F,"출판, 영상, 방송통신 및 정보서비스업",0,국내생보사,B,SH122,업종별 대출금
1626,202412,0010608,미래에셋생명보험주식회사,G,부동산업 및 임대업,1263396393000,국내생보사,B,SH122,업종별 대출금
1627,202412,0010608,미래에셋생명보험주식회사,H,기타,968469714000,국내생보사,B,SH122,업종별 대출금
1628,202412,0010608,미래에셋생명보험주식회사,I,계,2255685234000,국내생보사,B,SH122,업종별 대출금
1629,202503,0010608,미래에셋생명보험주식회사,A,"농업, 임업 및 어업",0,국내생보사,B,SH122,업종별 대출금
1630,202503,0010608,미래에셋생명보험주식회사,B,제조업,0,국내생보사,B,SH122,업종별 대출금
1631,202503,0010608,미래에셋생명보험주식회사,C,건설업,23342868000,국내생보사,B,SH122,업종별 대출금
1632,202503,0010608,미래에셋생명보험주식회사,D,도매 및 소매업,0,국내생보사,B,SH122,업종별 대출금
1633,202503,0010608,미래에셋생명보험주식회사,E,숙박 및 음식점업,0,국내생보사,B,SH122,업종별 대출금
1634,202503,0010608,미래에셋생명보험주식회사,F,"출판, 영상, 방송통신 및 정보서비스업",0,국내생보사,B,SH122,업종별 대출금
1635,202503,0010608,미래에셋생명보험주식회사,G,부동산업 및 임대업,1006415305000,국내생보사,B,SH122,업종별 대출금
1636,202503,0010608,미래에셋생명보험주식회사,H,기타,963817562000,국내생보사,B,SH122,업종별 대출금
1637,202503,0010608,미래에셋생명보험주식회사,I,계,1993575735000,국내생보사,B,SH122,업종별 대출금
1638,201703,0010595,삼성생명보험주식회사,A,"농업, 임업 및 어업",95475000,국내생보사,B,SH122,업종별 대출금
1639,201703,0010595,삼성생명보험주식회사,B,제조업,5830688000,국내생보사,B,SH122,업종별 대출금
1640,201703,0010595,삼성생명보험주식회사,C,건설업,2733473400000,국내생보사,B,SH122,업종별 대출금
1641,201703,0010595,삼성생명보험주식회사,D,도매 및 소매업,72467797000,국내생보사,B,SH122,업종별 대출금
1642,201703,0010595,삼성생명보험주식회사,E,숙박 및 음식점업,69502441000,국내생보사,B,SH122,업종별 대출금
1643,201703,0010595,삼성생명보험주식회사,F,"출판, 영상, 방송통신 및 정보서비스업",17048854000,국내생보사,B,SH122,업종별 대출금
1644,201703,0010595,삼성생명보험주식회사,G,부동산업 및 임대업,2504199948000,국내생보사,B,SH122,업종별 대출금
1645,201703,0010595,삼성생명보험주식회사,H,기타,7292104686000,국내생보사,B,SH122,업종별 대출금
1646,201703,0010595,삼성생명보험주식회사,I,계,12694723289000,국내생보사,B,SH122,업종별 대출금
1647,201706,0010595,삼성생명보험주식회사,A,"농업, 임업 및 어업",78253000,국내생보사,B,SH122,업종별 대출금
1648,201706,0010595,삼성생명보험주식회사,B,제조업,26778832000,국내생보사,B,SH122,업종별 대출금
1649,201706,0010595,삼성생명보험주식회사,C,건설업,2697762074000,국내생보사,B,SH122,업종별 대출금
1650,201706,0010595,삼성생명보험주식회사,D,도매 및 소매업,72003113000,국내생보사,B,SH122,업종별 대출금
1651,201706,0010595,삼성생명보험주식회사,E,숙박 및 음식점업,67360221000,국내생보사,B,SH122,업종별 대출금
1652,201706,0010595,삼성생명보험주식회사,F,"출판, 영상, 방송통신 및 정보서비스업",15326827000,국내생보사,B,SH122,업종별 대출금
1653,201706,0010595,삼성생명보험주식회사,G,부동산업 및 임대업,2784255255000,국내생보사,B,SH122,업종별 대출금
1654,201706,0010595,삼성생명보험주식회사,H,기타,7761210028000,국내생보사,B,SH122,업종별 대출금
1655,201706,0010595,삼성생명보험주식회사,I,계,13424774603000,국내생보사,B,SH122,업종별 대출금
1656,201709,0010595,삼성생명보험주식회사,A,"농업, 임업 및 어업",77951000,국내생보사,B,SH122,업종별 대출금
1657,201709,0010595,삼성생명보험주식회사,B,제조업,26425511000,국내생보사,B,SH122,업종별 대출금
1658,201709,0010595,삼성생명보험주식회사,C,건설업,2867586887000,국내생보사,B,SH122,업종별 대출금
1659,201709,0010595,삼성생명보험주식회사,D,도매 및 소매업,97185118000,국내생보사,B,SH122,업종별 대출금
1660,201709,0010595,삼성생명보험주식회사,E,숙박 및 음식점업,67288542000,국내생보사,B,SH122,업종별 대출금
1661,201709,0010595,삼성생명보험주식회사,F,"출판, 영상, 방송통신 및 정보서비스업",13578698000,국내생보사,B,SH122,업종별 대출금
1662,201709,0010595,삼성생명보험주식회사,G,부동산업 및 임대업,3599218344000,국내생보사,B,SH122,업종별 대출금
1663,201709,0010595,삼성생명보험주식회사,H,기타,8138490203000,국내생보사,B,SH122,업종별 대출금
1664,201709,0010595,삼성생명보험주식회사,I,계,14809851254000,국내생보사,B,SH122,업종별 대출금
1665,201712,0010595,삼성생명보험주식회사,A,"농업, 임업 및 어업",100284000,국내생보사,B,SH122,업종별 대출금
1666,201712,0010595,삼성생명보험주식회사,B,제조업,96316021000,국내생보사,B,SH122,업종별 대출금
1667,201712,0010595,삼성생명보험주식회사,C,건설업,2987359189000,국내생보사,B,SH122,업종별 대출금
1668,201712,0010595,삼성생명보험주식회사,D,도매 및 소매업,149946590000,국내생보사,B,SH122,업종별 대출금
1669,201712,0010595,삼성생명보험주식회사,E,숙박 및 음식점업,69588430000,국내생보사,B,SH122,업종별 대출금
1670,201712,0010595,삼성생명보험주식회사,F,"출판, 영상, 방송통신 및 정보서비스업",41802840000,국내생보사,B,SH122,업종별 대출금
1671,201712,0010595,삼성생명보험주식회사,G,부동산업 및 임대업,3729863736000,국내생보사,B,SH122,업종별 대출금
1672,201712,0010595,삼성생명보험주식회사,H,기타,8681259688000,국내생보사,B,SH122,업종별 대출금
1673,201712,0010595,삼성생명보험주식회사,I,계,15756236778000,국내생보사,B,SH122,업종별 대출금
1674,201803,0010595,삼성생명보험주식회사,A,"농업, 임업 및 어업",136928000,국내생보사,B,SH122,업종별 대출금
1675,201803,0010595,삼성생명보험주식회사,B,제조업,108333961000,국내생보사,B,SH122,업종별 대출금
1676,201803,0010595,삼성생명보험주식회사,C,건설업,2931320978000,국내생보사,B,SH122,업종별 대출금
1677,201803,0010595,삼성생명보험주식회사,D,도매 및 소매업,142847174000,국내생보사,B,SH122,업종별 대출금
1678,201803,0010595,삼성생명보험주식회사,E,숙박 및 음식점업,61594885000,국내생보사,B,SH122,업종별 대출금
1679,201803,0010595,삼성생명보험주식회사,F,"출판, 영상, 방송통신 및 정보서비스업",40003638000,국내생보사,B,SH122,업종별 대출금
1680,201803,0010595,삼성생명보험주식회사,G,부동산업 및 임대업,3741157149000,국내생보사,B,SH122,업종별 대출금
1681,201803,0010595,삼성생명보험주식회사,H,기타,9283928967000,국내생보사,B,SH122,업종별 대출금
1682,201803,0010595,삼성생명보험주식회사,I,계,16309323680000,국내생보사,B,SH122,업종별 대출금
1683,201806,0010595,삼성생명보험주식회사,A,"농업, 임업 및 어업",0,국내생보사,B,SH122,업종별 대출금
1684,201806,0010595,삼성생명보험주식회사,B,제조업,94159700000,국내생보사,B,SH122,업종별 대출금
1685,201806,0010595,삼성생명보험주식회사,C,건설업,2811864626000,국내생보사,B,SH122,업종별 대출금
1686,201806,0010595,삼성생명보험주식회사,D,도매 및 소매업,134234066000,국내생보사,B,SH122,업종별 대출금
1687,201806,0010595,삼성생명보험주식회사,E,숙박 및 음식점업,60777960000,국내생보사,B,SH122,업종별 대출금
1688,201806,0010595,삼성생명보험주식회사,F,"출판, 영상, 방송통신 및 정보서비스업",38175088000,국내생보사,B,SH122,업종별 대출금
1689,201806,0010595,삼성생명보험주식회사,G,부동산업 및 임대업,3921490903000,국내생보사,B,SH122,업종별 대출금
1690,201806,0010595,삼성생명보험주식회사,H,기타,9409594092000,국내생보사,B,SH122,업종별 대출금
1691,201806,0010595,삼성생명보험주식회사,I,계,16470296435000,국내생보사,B,SH122,업종별 대출금
1692,201809,0010595,삼성생명보험주식회사,A,"농업, 임업 및 어업",0,국내생보사,B,SH122,업종별 대출금
1693,201809,0010595,삼성생명보험주식회사,B,제조업,93638700000,국내생보사,B,SH122,업종별 대출금
1694,201809,0010595,삼성생명보험주식회사,C,건설업,2673817896000,국내생보사,B,SH122,업종별 대출금
1695,201809,0010595,삼성생명보험주식회사,D,도매 및 소매업,134219066000,국내생보사,B,SH122,업종별 대출금
1696,201809,0010595,삼성생명보험주식회사,E,숙박 및 음식점업,60299331000,국내생보사,B,SH122,업종별 대출금
1697,201809,0010595,삼성생명보험주식회사,F,"출판, 영상, 방송통신 및 정보서비스업",36328839000,국내생보사,B,SH122,업종별 대출금
1698,201809,0010595,삼성생명보험주식회사,G,부동산업 및 임대업,3891581559000,국내생보사,B,SH122,업종별 대출금
1699,201809,0010595,삼성생명보험주식회사,H,기타,9983994177000,국내생보사,B,SH122,업종별 대출금
1700,201809,0010595,삼성생명보험주식회사,I,계,16873879568000,국내생보사,B,SH122,업종별 대출금
1701,201812,0010595,삼성생명보험주식회사,A,"농업, 임업 및 어업",0,국내생보사,B,SH122,업종별 대출금
1702,201812,0010595,삼성생명보험주식회사,B,제조업,102637700000,국내생보사,B,SH122,업종별 대출금
1703,201812,0010595,삼성생명보험주식회사,C,건설업,2868939502000,국내생보사,B,SH122,업종별 대출금
1704,201812,0010595,삼성생명보험주식회사,D,도매 및 소매업,151056950000,국내생보사,B,SH122,업종별 대출금
1705,201812,0010595,삼성생명보험주식회사,E,숙박 및 음식점업,66289588000,국내생보사,B,SH122,업종별 대출금
1706,201812,0010595,삼성생명보험주식회사,F,"출판, 영상, 방송통신 및 정보서비스업",34291058000,국내생보사,B,SH122,업종별 대출금
1707,201812,0010595,삼성생명보험주식회사,G,부동산업 및 임대업,3618362538000,국내생보사,B,SH122,업종별 대출금
1708,201812,0010595,삼성생명보험주식회사,H,기타,9913959799000,국내생보사,B,SH122,업종별 대출금
1709,201812,0010595,삼성생명보험주식회사,I,계,16755537135000,국내생보사,B,SH122,업종별 대출금
1710,201903,0010595,삼성생명보험주식회사,A,"농업, 임업 및 어업",0,국내생보사,B,SH122,업종별 대출금
1711,201903,0010595,삼성생명보험주식회사,B,제조업,122637700000,국내생보사,B,SH122,업종별 대출금
1712,201903,0010595,삼성생명보험주식회사,C,건설업,2938504187000,국내생보사,B,SH122,업종별 대출금
1713,201903,0010595,삼성생명보험주식회사,D,도매 및 소매업,150902833000,국내생보사,B,SH122,업종별 대출금
1714,201903,0010595,삼성생명보험주식회사,E,숙박 및 음식점업,66186733000,국내생보사,B,SH122,업종별 대출금
1715,201903,0010595,삼성생명보험주식회사,F,"출판, 영상, 방송통신 및 정보서비스업",52391430000,국내생보사,B,SH122,업종별 대출금
1716,201903,0010595,삼성생명보험주식회사,G,부동산업 및 임대업,3364964328000,국내생보사,B,SH122,업종별 대출금
1717,201903,0010595,삼성생명보험주식회사,H,기타,10361695671000,국내생보사,B,SH122,업종별 대출금
1718,201903,0010595,삼성생명보험주식회사,I,계,17057282882000,국내생보사,B,SH122,업종별 대출금
1719,201906,0010595,삼성생명보험주식회사,A,"농업, 임업 및 어업",0,국내생보사,B,SH122,업종별 대출금
1720,201906,0010595,삼성생명보험주식회사,B,제조업,104437700000,국내생보사,B,SH122,업종별 대출금
1721,201906,0010595,삼성생명보험주식회사,C,건설업,2699302423000,국내생보사,B,SH122,업종별 대출금
1722,201906,0010595,삼성생명보험주식회사,D,도매 및 소매업,158404576000,국내생보사,B,SH122,업종별 대출금
1723,201906,0010595,삼성생명보험주식회사,E,숙박 및 음식점업,67796831000,국내생보사,B,SH122,업종별 대출금
1724,201906,0010595,삼성생명보험주식회사,F,"출판, 영상, 방송통신 및 정보서비스업",50467506000,국내생보사,B,SH122,업종별 대출금
1725,201906,0010595,삼성생명보험주식회사,G,부동산업 및 임대업,3698059586000,국내생보사,B,SH122,업종별 대출금
1726,201906,0010595,삼성생명보험주식회사,H,기타,10696914756000,국내생보사,B,SH122,업종별 대출금
1727,201906,0010595,삼성생명보험주식회사,I,계,17475383378000,국내생보사,B,SH122,업종별 대출금
1728,201909,0010595,삼성생명보험주식회사,A,"농업, 임업 및 어업",0,국내생보사,B,SH122,업종별 대출금
1729,201909,0010595,삼성생명보험주식회사,B,제조업,175179700000,국내생보사,B,SH122,업종별 대출금
1730,201909,0010595,삼성생명보험주식회사,C,건설업,2940905004000,국내생보사,B,SH122,업종별 대출금
1731,201909,0010595,삼성생명보험주식회사,D,도매 및 소매업,154827148000,국내생보사,B,SH122,업종별 대출금
1732,201909,0010595,삼성생명보험주식회사,E,숙박 및 음식점업,69422838000,국내생보사,B,SH122,업종별 대출금
1733,201909,0010595,삼성생명보험주식회사,F,"출판, 영상, 방송통신 및 정보서비스업",144487805000,국내생보사,B,SH122,업종별 대출금
1734,201909,0010595,삼성생명보험주식회사,G,부동산업 및 임대업,3929619663000,국내생보사,B,SH122,업종별 대출금
1735,201909,0010595,삼성생명보험주식회사,H,기타,10751082948000,국내생보사,B,SH122,업종별 대출금
1736,201909,0010595,삼성생명보험주식회사,I,계,18165525106000,국내생보사,B,SH122,업종별 대출금
1737,201912,0010595,삼성생명보험주식회사,A,"농업, 임업 및 어업",0,국내생보사,B,SH122,업종별 대출금
1738,201912,0010595,삼성생명보험주식회사,B,제조업,173046700000,국내생보사,B,SH122,업종별 대출금
1739,201912,0010595,삼성생명보험주식회사,C,건설업,2942452200000,국내생보사,B,SH122,업종별 대출금
1740,201912,0010595,삼성생명보험주식회사,D,도매 및 소매업,117080620000,국내생보사,B,SH122,업종별 대출금
1741,201912,0010595,삼성생명보험주식회사,E,숙박 및 음식점업,70064730000,국내생보사,B,SH122,업종별 대출금
1742,201912,0010595,삼성생명보험주식회사,F,"출판, 영상, 방송통신 및 정보서비스업",140520774000,국내생보사,B,SH122,업종별 대출금
1743,201912,0010595,삼성생명보험주식회사,G,부동산업 및 임대업,4529131617000,국내생보사,B,SH122,업종별 대출금
1744,201912,0010595,삼성생명보험주식회사,H,기타,10984635209000,국내생보사,B,SH122,업종별 대출금
1745,201912,0010595,삼성생명보험주식회사,I,계,18956931850000,국내생보사,B,SH122,업종별 대출금
1746,202003,0010595,삼성생명보험주식회사,A,"농업, 임업 및 어업",0,국내생보사,B,SH122,업종별 대출금
1747,202003,0010595,삼성생명보험주식회사,B,제조업,193046700000,국내생보사,B,SH122,업종별 대출금
1748,202003,0010595,삼성생명보험주식회사,C,건설업,3016326560000,국내생보사,B,SH122,업종별 대출금
1749,202003,0010595,삼성생명보험주식회사,D,도매 및 소매업,121354620000,국내생보사,B,SH122,업종별 대출금
1750,202003,0010595,삼성생명보험주식회사,E,숙박 및 음식점업,69763525000,국내생보사,B,SH122,업종별 대출금
1751,202003,0010595,삼성생명보험주식회사,F,"출판, 영상, 방송통신 및 정보서비스업",211759397000,국내생보사,B,SH122,업종별 대출금
1752,202003,0010595,삼성생명보험주식회사,G,부동산업 및 임대업,4339055624000,국내생보사,B,SH122,업종별 대출금
1753,202003,0010595,삼성생명보험주식회사,H,기타,11562016548000,국내생보사,B,SH122,업종별 대출금
1754,202003,0010595,삼성생명보험주식회사,I,계,19513322974000,국내생보사,B,SH122,업종별 대출금
1755,202006,0010595,삼성생명보험주식회사,A,"농업, 임업 및 어업",0,국내생보사,B,SH122,업종별 대출금
1756,202006,0010595,삼성생명보험주식회사,B,제조업,203036700000,국내생보사,B,SH122,업종별 대출금
1757,202006,0010595,삼성생명보험주식회사,C,건설업,3048681961000,국내생보사,B,SH122,업종별 대출금
1758,202006,0010595,삼성생명보험주식회사,D,도매 및 소매업,153808614000,국내생보사,B,SH122,업종별 대출금
1759,202006,0010595,삼성생명보험주식회사,E,숙박 및 음식점업,71132244000,국내생보사,B,SH122,업종별 대출금
1760,202006,0010595,삼성생명보험주식회사,F,"출판, 영상, 방송통신 및 정보서비스업",276259773000,국내생보사,B,SH122,업종별 대출금
1761,202006,0010595,삼성생명보험주식회사,G,부동산업 및 임대업,4327961558000,국내생보사,B,SH122,업종별 대출금
1762,202006,0010595,삼성생명보험주식회사,H,기타,11213152487000,국내생보사,B,SH122,업종별 대출금
1763,202006,0010595,삼성생명보험주식회사,I,계,19294033337000,국내생보사,B,SH122,업종별 대출금
1764,202009,0010595,삼성생명보험주식회사,A,"농업, 임업 및 어업",0,국내생보사,B,SH122,업종별 대출금
1765,202009,0010595,삼성생명보험주식회사,B,제조업,204736700000,국내생보사,B,SH122,업종별 대출금
1766,202009,0010595,삼성생명보험주식회사,C,건설업,3434158318000,국내생보사,B,SH122,업종별 대출금
1767,202009,0010595,삼성생명보험주식회사,D,도매 및 소매업,85843614000,국내생보사,B,SH122,업종별 대출금
1768,202009,0010595,삼성생명보험주식회사,E,숙박 및 음식점업,71244186000,국내생보사,B,SH122,업종별 대출금
1769,202009,0010595,삼성생명보험주식회사,F,"출판, 영상, 방송통신 및 정보서비스업",279613064000,국내생보사,B,SH122,업종별 대출금
1770,202009,0010595,삼성생명보험주식회사,G,부동산업 및 임대업,4669191280000,국내생보사,B,SH122,업종별 대출금
1771,202009,0010595,삼성생명보험주식회사,H,기타,12144455311000,국내생보사,B,SH122,업종별 대출금
1772,202009,0010595,삼성생명보험주식회사,I,계,20889242473000,국내생보사,B,SH122,업종별 대출금
1773,202012,0010595,삼성생명보험주식회사,A,"농업, 임업 및 어업",0,국내생보사,B,SH122,업종별 대출금
1774,202012,0010595,삼성생명보험주식회사,B,제조업,204686549000,국내생보사,B,SH122,업종별 대출금
1775,202012,0010595,삼성생명보험주식회사,C,건설업,3587003815000,국내생보사,B,SH122,업종별 대출금
1776,202012,0010595,삼성생명보험주식회사,D,도매 및 소매업,77061614000,국내생보사,B,SH122,업종별 대출금
1777,202012,0010595,삼성생명보험주식회사,E,숙박 및 음식점업,90298537000,국내생보사,B,SH122,업종별 대출금
1778,202012,0010595,삼성생명보험주식회사,F,"출판, 영상, 방송통신 및 정보서비스업",232303482000,국내생보사,B,SH122,업종별 대출금
1779,202012,0010595,삼성생명보험주식회사,G,부동산업 및 임대업,4524448691000,국내생보사,B,SH122,업종별 대출금
1780,202012,0010595,삼성생명보험주식회사,H,기타,12538691521000,국내생보사,B,SH122,업종별 대출금
1781,202012,0010595,삼성생명보험주식회사,I,계,21254494209000,국내생보사,B,SH122,업종별 대출금
1782,202103,0010595,삼성생명보험주식회사,A,"농업, 임업 및 어업",0,국내생보사,B,SH122,업종별 대출금
1783,202103,0010595,삼성생명보험주식회사,B,제조업,256681000000,국내생보사,B,SH122,업종별 대출금
1784,202103,0010595,삼성생명보험주식회사,C,건설업,3313252429000,국내생보사,B,SH122,업종별 대출금
1785,202103,0010595,삼성생명보험주식회사,D,도매 및 소매업,77170614000,국내생보사,B,SH122,업종별 대출금
1786,202103,0010595,삼성생명보험주식회사,E,숙박 및 음식점업,76718797000,국내생보사,B,SH122,업종별 대출금
1787,202103,0010595,삼성생명보험주식회사,F,"출판, 영상, 방송통신 및 정보서비스업",229467504000,국내생보사,B,SH122,업종별 대출금
1788,202103,0010595,삼성생명보험주식회사,G,부동산업 및 임대업,4880807679000,국내생보사,B,SH122,업종별 대출금
1789,202103,0010595,삼성생명보험주식회사,H,기타,13313911179000,국내생보사,B,SH122,업종별 대출금
1790,202103,0010595,삼성생명보험주식회사,I,계,22148009202000,국내생보사,B,SH122,업종별 대출금
1791,202106,0010595,삼성생명보험주식회사,A,"농업, 임업 및 어업",0,국내생보사,B,SH122,업종별 대출금
1792,202106,0010595,삼성생명보험주식회사,B,제조업,410728393000,국내생보사,B,SH122,업종별 대출금
1793,202106,0010595,삼성생명보험주식회사,C,건설업,3094602429000,국내생보사,B,SH122,업종별 대출금
1794,202106,0010595,삼성생명보험주식회사,D,도매 및 소매업,68362620000,국내생보사,B,SH122,업종별 대출금
1795,202106,0010595,삼성생명보험주식회사,E,숙박 및 음식점업,77870047000,국내생보사,B,SH122,업종별 대출금
1796,202106,0010595,삼성생명보험주식회사,F,"출판, 영상, 방송통신 및 정보서비스업",325198925000,국내생보사,B,SH122,업종별 대출금
1797,202106,0010595,삼성생명보험주식회사,G,부동산업 및 임대업,5086023772000,국내생보사,B,SH122,업종별 대출금
1798,202106,0010595,삼성생명보험주식회사,H,기타,13470245523000,국내생보사,B,SH122,업종별 대출금
1799,202106,0010595,삼성생명보험주식회사,I,계,22533031709000,국내생보사,B,SH122,업종별 대출금
1800,202109,0010595,삼성생명보험주식회사,A,"농업, 임업 및 어업",0,국내생보사,B,SH122,업종별 대출금
1801,202109,0010595,삼성생명보험주식회사,B,제조업,410232544000,국내생보사,B,SH122,업종별 대출금
1802,202109,0010595,삼성생명보험주식회사,C,건설업,3375511170000,국내생보사,B,SH122,업종별 대출금
1803,202109,0010595,삼성생명보험주식회사,D,도매 및 소매업,66816620000,국내생보사,B,SH122,업종별 대출금
1804,202109,0010595,삼성생명보험주식회사,E,숙박 및 음식점업,77884439000,국내생보사,B,SH122,업종별 대출금
1805,202109,0010595,삼성생명보험주식회사,F,"출판, 영상, 방송통신 및 정보서비스업",359227180000,국내생보사,B,SH122,업종별 대출금
1806,202109,0010595,삼성생명보험주식회사,G,부동산업 및 임대업,6213052924000,국내생보사,B,SH122,업종별 대출금
1807,202109,0010595,삼성생명보험주식회사,H,기타,13318725972000,국내생보사,B,SH122,업종별 대출금
1808,202109,0010595,삼성생명보험주식회사,I,계,23821450849000,국내생보사,B,SH122,업종별 대출금
1809,202112,0010595,삼성생명보험주식회사,A,"농업, 임업 및 어업",0,국내생보사,B,SH122,업종별 대출금
1810,202112,0010595,삼성생명보험주식회사,B,제조업,369695721000,국내생보사,B,SH122,업종별 대출금
1811,202112,0010595,삼성생명보험주식회사,C,건설업,3042756239000,국내생보사,B,SH122,업종별 대출금
1812,202112,0010595,삼성생명보험주식회사,D,도매 및 소매업,66559120000,국내생보사,B,SH122,업종별 대출금
1813,202112,0010595,삼성생명보험주식회사,E,숙박 및 음식점업,77768601000,국내생보사,B,SH122,업종별 대출금
1814,202112,0010595,삼성생명보험주식회사,F,"출판, 영상, 방송통신 및 정보서비스업",349687237000,국내생보사,B,SH122,업종별 대출금
1815,202112,0010595,삼성생명보험주식회사,G,부동산업 및 임대업,6178818329000,국내생보사,B,SH122,업종별 대출금
1816,202112,0010595,삼성생명보험주식회사,H,기타,13371471102000,국내생보사,B,SH122,업종별 대출금
1817,202112,0010595,삼성생명보험주식회사,I,계,23456756349000,국내생보사,B,SH122,업종별 대출금
1818,202203,0010595,삼성생명보험주식회사,A,"농업, 임업 및 어업",0,국내생보사,B,SH122,업종별 대출금
1819,202203,0010595,삼성생명보험주식회사,B,제조업,315813735000,국내생보사,B,SH122,업종별 대출금
1820,202203,0010595,삼성생명보험주식회사,C,건설업,3029886976000,국내생보사,B,SH122,업종별 대출금
1821,202203,0010595,삼성생명보험주식회사,D,도매 및 소매업,66234520000,국내생보사,B,SH122,업종별 대출금
1822,202203,0010595,삼성생명보험주식회사,E,숙박 및 음식점업,77742466000,국내생보사,B,SH122,업종별 대출금
1823,202203,0010595,삼성생명보험주식회사,F,"출판, 영상, 방송통신 및 정보서비스업",350853984000,국내생보사,B,SH122,업종별 대출금
1824,202203,0010595,삼성생명보험주식회사,G,부동산업 및 임대업,6468028940000,국내생보사,B,SH122,업종별 대출금
1825,202203,0010595,삼성생명보험주식회사,H,기타,13665945275000,국내생보사,B,SH122,업종별 대출금
1826,202203,0010595,삼성생명보험주식회사,I,계,23974505896000,국내생보사,B,SH122,업종별 대출금
1827,202206,0010595,삼성생명보험주식회사,A,"농업, 임업 및 어업",0,국내생보사,B,SH122,업종별 대출금
1828,202206,0010595,삼성생명보험주식회사,B,제조업,336146543000,국내생보사,B,SH122,업종별 대출금
1829,202206,0010595,삼성생명보험주식회사,C,건설업,3048890283000,국내생보사,B,SH122,업종별 대출금
1830,202206,0010595,삼성생명보험주식회사,D,도매 및 소매업,68776020000,국내생보사,B,SH122,업종별 대출금
1831,202206,0010595,삼성생명보험주식회사,E,숙박 및 음식점업,78402960000,국내생보사,B,SH122,업종별 대출금
1832,202206,0010595,삼성생명보험주식회사,F,"출판, 영상, 방송통신 및 정보서비스업",410089954000,국내생보사,B,SH122,업종별 대출금
1833,202206,0010595,삼성생명보험주식회사,G,부동산업 및 임대업,6554764079000,국내생보사,B,SH122,업종별 대출금
1834,202206,0010595,삼성생명보험주식회사,H,기타,14287993565000,국내생보사,B,SH122,업종별 대출금
1835,202206,0010595,삼성생명보험주식회사,I,계,24785063404000,국내생보사,B,SH122,업종별 대출금
1836,202209,0010595,삼성생명보험주식회사,A,"농업, 임업 및 어업",0,국내생보사,B,SH122,업종별 대출금
1837,202209,0010595,삼성생명보험주식회사,B,제조업,316692078000,국내생보사,B,SH122,업종별 대출금
1838,202209,0010595,삼성생명보험주식회사,C,건설업,2837873398000,국내생보사,B,SH122,업종별 대출금
1839,202209,0010595,삼성생명보험주식회사,D,도매 및 소매업,70262020000,국내생보사,B,SH122,업종별 대출금
1840,202209,0010595,삼성생명보험주식회사,E,숙박 및 음식점업,78646663000,국내생보사,B,SH122,업종별 대출금
1841,202209,0010595,삼성생명보험주식회사,F,"출판, 영상, 방송통신 및 정보서비스업",428038021000,국내생보사,B,SH122,업종별 대출금
1842,202209,0010595,삼성생명보험주식회사,G,부동산업 및 임대업,6485971696000,국내생보사,B,SH122,업종별 대출금
1843,202209,0010595,삼성생명보험주식회사,H,기타,14105039476000,국내생보사,B,SH122,업종별 대출금
1844,202209,0010595,삼성생명보험주식회사,I,계,24322523352000,국내생보사,B,SH122,업종별 대출금
1845,202212,0010595,삼성생명보험주식회사,A,"농업, 임업 및 어업",0,국내생보사,B,SH122,업종별 대출금
1846,202212,0010595,삼성생명보험주식회사,B,제조업,296249434000,국내생보사,B,SH122,업종별 대출금
1847,202212,0010595,삼성생명보험주식회사,C,건설업,2727475385000,국내생보사,B,SH122,업종별 대출금
1848,202212,0010595,삼성생명보험주식회사,D,도매 및 소매업,70489400000,국내생보사,B,SH122,업종별 대출금
1849,202212,0010595,삼성생명보험주식회사,E,숙박 및 음식점업,78151429000,국내생보사,B,SH122,업종별 대출금
1850,202212,0010595,삼성생명보험주식회사,F,"출판, 영상, 방송통신 및 정보서비스업",371437672000,국내생보사,B,SH122,업종별 대출금
1851,202212,0010595,삼성생명보험주식회사,G,부동산업 및 임대업,6550226846000,국내생보사,B,SH122,업종별 대출금
1852,202212,0010595,삼성생명보험주식회사,H,기타,13698140776000,국내생보사,B,SH122,업종별 대출금
1853,202212,0010595,삼성생명보험주식회사,I,계,23792170942000,국내생보사,B,SH122,업종별 대출금
1854,202303,0010595,삼성생명보험주식회사,A,"농업, 임업 및 어업",0,국내생보사,B,SH122,업종별 대출금
1855,202303,0010595,삼성생명보험주식회사,B,제조업,265856920000,국내생보사,B,SH122,업종별 대출금
1856,202303,0010595,삼성생명보험주식회사,C,건설업,2597603665000,국내생보사,B,SH122,업종별 대출금
1857,202303,0010595,삼성생명보험주식회사,D,도매 및 소매업,41184900000,국내생보사,B,SH122,업종별 대출금
1858,202303,0010595,삼성생명보험주식회사,E,숙박 및 음식점업,77563914000,국내생보사,B,SH122,업종별 대출금
1859,202303,0010595,삼성생명보험주식회사,F,"출판, 영상, 방송통신 및 정보서비스업",391329894000,국내생보사,B,SH122,업종별 대출금
1860,202303,0010595,삼성생명보험주식회사,G,부동산업 및 임대업,6424384744000,국내생보사,B,SH122,업종별 대출금
1861,202303,0010595,삼성생명보험주식회사,H,기타,13039928163000,국내생보사,B,SH122,업종별 대출금
1862,202303,0010595,삼성생명보험주식회사,I,계,22837852200000,국내생보사,B,SH122,업종별 대출금
1863,202306,0010595,삼성생명보험주식회사,A,"농업, 임업 및 어업",0,국내생보사,B,SH122,업종별 대출금
1864,202306,0010595,삼성생명보험주식회사,B,제조업,264971160000,국내생보사,B,SH122,업종별 대출금
1865,202306,0010595,삼성생명보험주식회사,C,건설업,2449430511000,국내생보사,B,SH122,업종별 대출금
1866,202306,0010595,삼성생명보험주식회사,D,도매 및 소매업,42078900000,국내생보사,B,SH122,업종별 대출금
1867,202306,0010595,삼성생명보험주식회사,E,숙박 및 음식점업,77926990000,국내생보사,B,SH122,업종별 대출금
1868,202306,0010595,삼성생명보험주식회사,F,"출판, 영상, 방송통신 및 정보서비스업",414105181000,국내생보사,B,SH122,업종별 대출금
1869,202306,0010595,삼성생명보험주식회사,G,부동산업 및 임대업,6354969275000,국내생보사,B,SH122,업종별 대출금
1870,202306,0010595,삼성생명보험주식회사,H,기타,13134574954000,국내생보사,B,SH122,업종별 대출금
1871,202306,0010595,삼성생명보험주식회사,I,계,22738056971000,국내생보사,B,SH122,업종별 대출금
1872,202309,0010595,삼성생명보험주식회사,A,"농업, 임업 및 어업",0,국내생보사,B,SH122,업종별 대출금
1873,202309,0010595,삼성생명보험주식회사,B,제조업,264612399000,국내생보사,B,SH122,업종별 대출금
1874,202309,0010595,삼성생명보험주식회사,C,건설업,2242639745000,국내생보사,B,SH122,업종별 대출금
1875,202309,0010595,삼성생명보험주식회사,D,도매 및 소매업,41290900000,국내생보사,B,SH122,업종별 대출금
1876,202309,0010595,삼성생명보험주식회사,E,숙박 및 음식점업,78268440000,국내생보사,B,SH122,업종별 대출금
1877,202309,0010595,삼성생명보험주식회사,F,"출판, 영상, 방송통신 및 정보서비스업",412507813000,국내생보사,B,SH122,업종별 대출금
1878,202309,0010595,삼성생명보험주식회사,G,부동산업 및 임대업,6156935237000,국내생보사,B,SH122,업종별 대출금
1879,202309,0010595,삼성생명보험주식회사,H,기타,12567819300000,국내생보사,B,SH122,업종별 대출금
1880,202309,0010595,삼성생명보험주식회사,I,계,21764073834000,국내생보사,B,SH122,업종별 대출금
1881,202312,0010595,삼성생명보험주식회사,A,"농업, 임업 및 어업",0,국내생보사,B,SH122,업종별 대출금
1882,202312,0010595,삼성생명보험주식회사,B,제조업,264183639000,국내생보사,B,SH122,업종별 대출금
1883,202312,0010595,삼성생명보험주식회사,C,건설업,1848891128000,국내생보사,B,SH122,업종별 대출금
1884,202312,0010595,삼성생명보험주식회사,D,도매 및 소매업,40537400000,국내생보사,B,SH122,업종별 대출금
1885,202312,0010595,삼성생명보험주식회사,E,숙박 및 음식점업,78623763000,국내생보사,B,SH122,업종별 대출금
1886,202312,0010595,삼성생명보험주식회사,F,"출판, 영상, 방송통신 및 정보서비스업",414146753000,국내생보사,B,SH122,업종별 대출금
1887,202312,0010595,삼성생명보험주식회사,G,부동산업 및 임대업,5989976143000,국내생보사,B,SH122,업종별 대출금
1888,202312,0010595,삼성생명보험주식회사,H,기타,12439038562000,국내생보사,B,SH122,업종별 대출금
1889,202312,0010595,삼성생명보험주식회사,I,계,21075397388000,국내생보사,B,SH122,업종별 대출금
1890,202403,0010595,삼성생명보험주식회사,A,"농업, 임업 및 어업",0,국내생보사,B,SH122,업종별 대출금
1891,202403,0010595,삼성생명보험주식회사,B,제조업,243632378000,국내생보사,B,SH122,업종별 대출금
1892,202403,0010595,삼성생명보험주식회사,C,건설업,1637181084000,국내생보사,B,SH122,업종별 대출금
1893,202403,0010595,삼성생명보험주식회사,D,도매 및 소매업,41540400000,국내생보사,B,SH122,업종별 대출금
1894,202403,0010595,삼성생명보험주식회사,E,숙박 및 음식점업,79228760000,국내생보사,B,SH122,업종별 대출금
1895,202403,0010595,삼성생명보험주식회사,F,"출판, 영상, 방송통신 및 정보서비스업",421767178000,국내생보사,B,SH122,업종별 대출금
1896,202403,0010595,삼성생명보험주식회사,G,부동산업 및 임대업,5458931241000,국내생보사,B,SH122,업종별 대출금
1897,202403,0010595,삼성생명보험주식회사,H,기타,12091400485000,국내생보사,B,SH122,업종별 대출금
1898,202403,0010595,삼성생명보험주식회사,I,계,19973681526000,국내생보사,B,SH122,업종별 대출금
1899,202406,0010595,삼성생명보험주식회사,A,"농업, 임업 및 어업",0,국내생보사,B,SH122,업종별 대출금
1900,202406,0010595,삼성생명보험주식회사,B,제조업,203091117000,국내생보사,B,SH122,업종별 대출금
1901,202406,0010595,삼성생명보험주식회사,C,건설업,1558638185000,국내생보사,B,SH122,업종별 대출금
1902,202406,0010595,삼성생명보험주식회사,D,도매 및 소매업,61748400000,국내생보사,B,SH122,업종별 대출금
1903,202406,0010595,삼성생명보험주식회사,E,숙박 및 음식점업,33491000000,국내생보사,B,SH122,업종별 대출금
1904,202406,0010595,삼성생명보험주식회사,F,"출판, 영상, 방송통신 및 정보서비스업",217045150000,국내생보사,B,SH122,업종별 대출금
1905,202406,0010595,삼성생명보험주식회사,G,부동산업 및 임대업,5039206002000,국내생보사,B,SH122,업종별 대출금
1906,202406,0010595,삼성생명보험주식회사,H,기타,11751912999000,국내생보사,B,SH122,업종별 대출금
1907,202406,0010595,삼성생명보험주식회사,I,계,18865132853000,국내생보사,B,SH122,업종별 대출금
1908,202409,0010595,삼성생명보험주식회사,A,"농업, 임업 및 어업",0,국내생보사,B,SH122,업종별 대출금
1909,202409,0010595,삼성생명보험주식회사,B,제조업,150479856000,국내생보사,B,SH122,업종별 대출금
1910,202409,0010595,삼성생명보험주식회사,C,건설업,1438489323000,국내생보사,B,SH122,업종별 대출금
1911,202409,0010595,삼성생명보험주식회사,D,도매 및 소매업,42646400000,국내생보사,B,SH122,업종별 대출금
1912,202409,0010595,삼성생명보험주식회사,E,숙박 및 음식점업,34532000000,국내생보사,B,SH122,업종별 대출금
1913,202409,0010595,삼성생명보험주식회사,F,"출판, 영상, 방송통신 및 정보서비스업",214458700000,국내생보사,B,SH122,업종별 대출금
1914,202409,0010595,삼성생명보험주식회사,G,부동산업 및 임대업,4466045795000,국내생보사,B,SH122,업종별 대출금
1915,202409,0010595,삼성생명보험주식회사,H,기타,11253935179000,국내생보사,B,SH122,업종별 대출금
1916,202409,0010595,삼성생명보험주식회사,I,계,17600587253000,국내생보사,B,SH122,업종별 대출금
1917,202412,0010595,삼성생명보험주식회사,A,"농업, 임업 및 어업",0,국내생보사,B,SH122,업종별 대출금
1918,202412,0010595,삼성생명보험주식회사,B,제조업,130098269000,국내생보사,B,SH122,업종별 대출금
1919,202412,0010595,삼성생명보험주식회사,C,건설업,1166392466000,국내생보사,B,SH122,업종별 대출금
1920,202412,0010595,삼성생명보험주식회사,D,도매 및 소매업,41633700000,국내생보사,B,SH122,업종별 대출금
1921,202412,0010595,삼성생명보험주식회사,E,숙박 및 음식점업,14724000000,국내생보사,B,SH122,업종별 대출금
1922,202412,0010595,삼성생명보험주식회사,F,"출판, 영상, 방송통신 및 정보서비스업",222385850000,국내생보사,B,SH122,업종별 대출금
1923,202412,0010595,삼성생명보험주식회사,G,부동산업 및 임대업,4245606686000,국내생보사,B,SH122,업종별 대출금
1924,202412,0010595,삼성생명보험주식회사,H,기타,11294963471000,국내생보사,B,SH122,업종별 대출금
1925,202412,0010595,삼성생명보험주식회사,I,계,17115804442000,국내생보사,B,SH122,업종별 대출금
1926,202503,0010595,삼성생명보험주식회사,A,"농업, 임업 및 어업",0,국내생보사,B,SH122,업종별 대출금
1927,202503,0010595,삼성생명보험주식회사,B,제조업,129560850000,국내생보사,B,SH122,업종별 대출금
1928,202503,0010595,삼성생명보험주식회사,C,건설업,1085806587000,국내생보사,B,SH122,업종별 대출금
1929,202503,0010595,삼성생명보험주식회사,D,도매 및 소매업,43364800000,국내생보사,B,SH122,업종별 대출금
1930,202503,0010595,삼성생명보험주식회사,E,숙박 및 음식점업,14581000000,국내생보사,B,SH122,업종별 대출금
1931,202503,0010595,삼성생명보험주식회사,F,"출판, 영상, 방송통신 및 정보서비스업",230958250000,국내생보사,B,SH122,업종별 대출금
1932,202503,0010595,삼성생명보험주식회사,G,부동산업 및 임대업,3773830539000,국내생보사,B,SH122,업종별 대출금
1933,202503,0010595,삼성생명보험주식회사,H,기타,11072468464000,국내생보사,B,SH122,업종별 대출금
1934,202503,0010595,삼성생명보험주식회사,I,계,16350570490000,국내생보사,B,SH122,업종별 대출금
1935,201703,0010599,신한라이프생명보험주식회사,A,"농업, 임업 및 어업",55000000,국내생보사,B,SH122,업종별 대출금
1936,201703,0010599,신한라이프생명보험주식회사,B,제조업,28484474000,국내생보사,B,SH122,업종별 대출금
1937,201703,0010599,신한라이프생명보험주식회사,C,건설업,202922278000,국내생보사,B,SH122,업종별 대출금
1938,201703,0010599,신한라이프생명보험주식회사,D,도매 및 소매업,43809749000,국내생보사,B,SH122,업종별 대출금
1939,201703,0010599,신한라이프생명보험주식회사,E,숙박 및 음식점업,24253784000,국내생보사,B,SH122,업종별 대출금
1940,201703,0010599,신한라이프생명보험주식회사,F,"출판, 영상, 방송통신 및 정보서비스업",5842086000,국내생보사,B,SH122,업종별 대출금
1941,201703,0010599,신한라이프생명보험주식회사,G,부동산업 및 임대업,723104703000,국내생보사,B,SH122,업종별 대출금
1942,201703,0010599,신한라이프생명보험주식회사,H,기타,1582678475000,국내생보사,B,SH122,업종별 대출금
1943,201703,0010599,신한라이프생명보험주식회사,I,계,2611150549000,국내생보사,B,SH122,업종별 대출금
1944,201706,0010599,신한라이프생명보험주식회사,A,"농업, 임업 및 어업",55000000,국내생보사,B,SH122,업종별 대출금
1945,201706,0010599,신한라이프생명보험주식회사,B,제조업,26573947000,국내생보사,B,SH122,업종별 대출금
1946,201706,0010599,신한라이프생명보험주식회사,C,건설업,209392420000,국내생보사,B,SH122,업종별 대출금
1947,201706,0010599,신한라이프생명보험주식회사,D,도매 및 소매업,43809749000,국내생보사,B,SH122,업종별 대출금
1948,201706,0010599,신한라이프생명보험주식회사,E,숙박 및 음식점업,23992220000,국내생보사,B,SH122,업종별 대출금
1949,201706,0010599,신한라이프생명보험주식회사,F,"출판, 영상, 방송통신 및 정보서비스업",5691721000,국내생보사,B,SH122,업종별 대출금
1950,201706,0010599,신한라이프생명보험주식회사,G,부동산업 및 임대업,1307718138000,국내생보사,B,SH122,업종별 대출금
1951,201706,0010599,신한라이프생명보험주식회사,H,기타,964172745000,국내생보사,B,SH122,업종별 대출금
1952,201706,0010599,신한라이프생명보험주식회사,I,계,2581405940000,국내생보사,B,SH122,업종별 대출금
1953,201709,0010599,신한라이프생명보험주식회사,A,"농업, 임업 및 어업",55000000,국내생보사,B,SH122,업종별 대출금
1954,201709,0010599,신한라이프생명보험주식회사,B,제조업,25336842000,국내생보사,B,SH122,업종별 대출금
1955,201709,0010599,신한라이프생명보험주식회사,C,건설업,221364112000,국내생보사,B,SH122,업종별 대출금
1956,201709,0010599,신한라이프생명보험주식회사,D,도매 및 소매업,40500854000,국내생보사,B,SH122,업종별 대출금
1957,201709,0010599,신한라이프생명보험주식회사,E,숙박 및 음식점업,23976417000,국내생보사,B,SH122,업종별 대출금
1958,201709,0010599,신한라이프생명보험주식회사,F,"출판, 영상, 방송통신 및 정보서비스업",5691721000,국내생보사,B,SH122,업종별 대출금
1959,201709,0010599,신한라이프생명보험주식회사,G,부동산업 및 임대업,1312929608000,국내생보사,B,SH122,업종별 대출금
1960,201709,0010599,신한라이프생명보험주식회사,H,기타,994622469000,국내생보사,B,SH122,업종별 대출금
1961,201709,0010599,신한라이프생명보험주식회사,I,계,2624477023000,국내생보사,B,SH122,업종별 대출금
1962,201712,0010599,신한라이프생명보험주식회사,A,"농업, 임업 및 어업",55000000,국내생보사,B,SH122,업종별 대출금
1963,201712,0010599,신한라이프생명보험주식회사,B,제조업,24294737000,국내생보사,B,SH122,업종별 대출금
1964,201712,0010599,신한라이프생명보험주식회사,C,건설업,223378670000,국내생보사,B,SH122,업종별 대출금
1965,201712,0010599,신한라이프생명보험주식회사,D,도매 및 소매업,40319904000,국내생보사,B,SH122,업종별 대출금
1966,201712,0010599,신한라이프생명보험주식회사,E,숙박 및 음식점업,23287485000,국내생보사,B,SH122,업종별 대출금
1967,201712,0010599,신한라이프생명보험주식회사,F,"출판, 영상, 방송통신 및 정보서비스업",5691721000,국내생보사,B,SH122,업종별 대출금
1968,201712,0010599,신한라이프생명보험주식회사,G,부동산업 및 임대업,1287098828000,국내생보사,B,SH122,업종별 대출금
1969,201712,0010599,신한라이프생명보험주식회사,H,기타,1080894504000,국내생보사,B,SH122,업종별 대출금
1970,201712,0010599,신한라이프생명보험주식회사,I,계,2685020849000,국내생보사,B,SH122,업종별 대출금
1971,201803,0010599,신한라이프생명보험주식회사,A,"농업, 임업 및 어업",55000000,국내생보사,B,SH122,업종별 대출금
1972,201803,0010599,신한라이프생명보험주식회사,B,제조업,23252632000,국내생보사,B,SH122,업종별 대출금
1973,201803,0010599,신한라이프생명보험주식회사,C,건설업,223995606000,국내생보사,B,SH122,업종별 대출금
1974,201803,0010599,신한라이프생명보험주식회사,D,도매 및 소매업,35799979000,국내생보사,B,SH122,업종별 대출금
1975,201803,0010599,신한라이프생명보험주식회사,E,숙박 및 음식점업,20155639000,국내생보사,B,SH122,업종별 대출금
1976,201803,0010599,신한라이프생명보험주식회사,F,"출판, 영상, 방송통신 및 정보서비스업",5691721000,국내생보사,B,SH122,업종별 대출금
1977,201803,0010599,신한라이프생명보험주식회사,G,부동산업 및 임대업,1302887961000,국내생보사,B,SH122,업종별 대출금
1978,201803,0010599,신한라이프생명보험주식회사,H,기타,1098648158000,국내생보사,B,SH122,업종별 대출금
1979,201803,0010599,신한라이프생명보험주식회사,I,계,2710486696000,국내생보사,B,SH122,업종별 대출금
1980,201806,0010599,신한라이프생명보험주식회사,A,"농업, 임업 및 어업",0,국내생보사,B,SH122,업종별 대출금
1981,201806,0010599,신한라이프생명보험주식회사,B,제조업,42210526000,국내생보사,B,SH122,업종별 대출금
1982,201806,0010599,신한라이프생명보험주식회사,C,건설업,214391673000,국내생보사,B,SH122,업종별 대출금
1983,201806,0010599,신한라이프생명보험주식회사,D,도매 및 소매업,34049979000,국내생보사,B,SH122,업종별 대출금
1984,201806,0010599,신한라이프생명보험주식회사,E,숙박 및 음식점업,19734904000,국내생보사,B,SH122,업종별 대출금
1985,201806,0010599,신한라이프생명보험주식회사,F,"출판, 영상, 방송통신 및 정보서비스업",5691721000,국내생보사,B,SH122,업종별 대출금
1986,201806,0010599,신한라이프생명보험주식회사,G,부동산업 및 임대업,765774592000,국내생보사,B,SH122,업종별 대출금
1987,201806,0010599,신한라이프생명보험주식회사,H,기타,1893568944000,국내생보사,B,SH122,업종별 대출금
1988,201806,0010599,신한라이프생명보험주식회사,I,계,2975422339000,국내생보사,B,SH122,업종별 대출금
1989,201809,0010599,신한라이프생명보험주식회사,A,"농업, 임업 및 어업",0,국내생보사,B,SH122,업종별 대출금
1990,201809,0010599,신한라이프생명보험주식회사,B,제조업,41168421000,국내생보사,B,SH122,업종별 대출금
1991,201809,0010599,신한라이프생명보험주식회사,C,건설업,210841743000,국내생보사,B,SH122,업종별 대출금
1992,201809,0010599,신한라이프생명보험주식회사,D,도매 및 소매업,34049979000,국내생보사,B,SH122,업종별 대출금
1993,201809,0010599,신한라이프생명보험주식회사,E,숙박 및 음식점업,19512175000,국내생보사,B,SH122,업종별 대출금
1994,201809,0010599,신한라이프생명보험주식회사,F,"출판, 영상, 방송통신 및 정보서비스업",5691721000,국내생보사,B,SH122,업종별 대출금
1995,201809,0010599,신한라이프생명보험주식회사,G,부동산업 및 임대업,715997142000,국내생보사,B,SH122,업종별 대출금
1996,201809,0010599,신한라이프생명보험주식회사,H,기타,1840259658000,국내생보사,B,SH122,업종별 대출금
1997,201809,0010599,신한라이프생명보험주식회사,I,계,2867520839000,국내생보사,B,SH122,업종별 대출금
1998,201812,0010599,신한라이프생명보험주식회사,A,"농업, 임업 및 어업",0,국내생보사,B,SH122,업종별 대출금
1999,201812,0010599,신한라이프생명보험주식회사,B,제조업,40126316000,국내생보사,B,SH122,업종별 대출금
2000,201812,0010599,신한라이프생명보험주식회사,C,건설업,192322220000,국내생보사,B,SH122,업종별 대출금
2001,201812,0010599,신한라이프생명보험주식회사,D,도매 및 소매업,32078863000,국내생보사,B,SH122,업종별 대출금
2002,201812,0010599,신한라이프생명보험주식회사,E,숙박 및 음식점업,19054722000,국내생보사,B,SH122,업종별 대출금
2003,201812,0010599,신한라이프생명보험주식회사,F,"출판, 영상, 방송통신 및 정보서비스업",5362986000,국내생보사,B,SH122,업종별 대출금
2004,201812,0010599,신한라이프생명보험주식회사,G,부동산업 및 임대업,821544342000,국내생보사,B,SH122,업종별 대출금
2005,201812,0010599,신한라이프생명보험주식회사,H,기타,1824716810000,국내생보사,B,SH122,업종별 대출금
2006,201812,0010599,신한라이프생명보험주식회사,I,계,2935206259000,국내생보사,B,SH122,업종별 대출금
2007,201903,0010599,신한라이프생명보험주식회사,A,"농업, 임업 및 어업",0,국내생보사,B,SH122,업종별 대출금
2008,201903,0010599,신한라이프생명보험주식회사,B,제조업,59084211000,국내생보사,B,SH122,업종별 대출금
2009,201903,0010599,신한라이프생명보험주식회사,C,건설업,194968765000,국내생보사,B,SH122,업종별 대출금
2010,201903,0010599,신한라이프생명보험주식회사,D,도매 및 소매업,31927746000,국내생보사,B,SH122,업종별 대출금
2011,201903,0010599,신한라이프생명보험주식회사,E,숙박 및 음식점업,19054722000,국내생보사,B,SH122,업종별 대출금
2012,201903,0010599,신한라이프생명보험주식회사,F,"출판, 영상, 방송통신 및 정보서비스업",5362986000,국내생보사,B,SH122,업종별 대출금
2013,201903,0010599,신한라이프생명보험주식회사,G,부동산업 및 임대업,799583736000,국내생보사,B,SH122,업종별 대출금
2014,201903,0010599,신한라이프생명보험주식회사,H,기타,1831979755000,국내생보사,B,SH122,업종별 대출금
2015,201903,0010599,신한라이프생명보험주식회사,I,계,2941961921000,국내생보사,B,SH122,업종별 대출금
2016,201906,0010599,신한라이프생명보험주식회사,A,"농업, 임업 및 어업",0,국내생보사,B,SH122,업종별 대출금
2017,201906,0010599,신한라이프생명보험주식회사,B,제조업,78042105000,국내생보사,B,SH122,업종별 대출금
2018,201906,0010599,신한라이프생명보험주식회사,C,건설업,190657439000,국내생보사,B,SH122,업종별 대출금
2019,201906,0010599,신한라이프생명보험주식회사,D,도매 및 소매업,30133489000,국내생보사,B,SH122,업종별 대출금
2020,201906,0010599,신한라이프생명보험주식회사,E,숙박 및 음식점업,18822531000,국내생보사,B,SH122,업종별 대출금
2021,201906,0010599,신한라이프생명보험주식회사,F,"출판, 영상, 방송통신 및 정보서비스업",5362986000,국내생보사,B,SH122,업종별 대출금
2022,201906,0010599,신한라이프생명보험주식회사,G,부동산업 및 임대업,796041317000,국내생보사,B,SH122,업종별 대출금
2023,201906,0010599,신한라이프생명보험주식회사,H,기타,1826241076000,국내생보사,B,SH122,업종별 대출금
2024,201906,0010599,신한라이프생명보험주식회사,I,계,2945300943000,국내생보사,B,SH122,업종별 대출금
2025,201909,0010599,신한라이프생명보험주식회사,A,"농업, 임업 및 어업",0,국내생보사,B,SH122,업종별 대출금
2026,201909,0010599,신한라이프생명보험주식회사,B,제조업,76901376000,국내생보사,B,SH122,업종별 대출금
2027,201909,0010599,신한라이프생명보험주식회사,C,건설업,184311108000,국내생보사,B,SH122,업종별 대출금
2028,201909,0010599,신한라이프생명보험주식회사,D,도매 및 소매업,25662061000,국내생보사,B,SH122,업종별 대출금
2029,201909,0010599,신한라이프생명보험주식회사,E,숙박 및 음식점업,18351100000,국내생보사,B,SH122,업종별 대출금
2030,201909,0010599,신한라이프생명보험주식회사,F,"출판, 영상, 방송통신 및 정보서비스업",5362986000,국내생보사,B,SH122,업종별 대출금
2031,201909,0010599,신한라이프생명보험주식회사,G,부동산업 및 임대업,808140737000,국내생보사,B,SH122,업종별 대출금
2032,201909,0010599,신한라이프생명보험주식회사,H,기타,1832720306000,국내생보사,B,SH122,업종별 대출금
2033,201909,0010599,신한라이프생명보험주식회사,I,계,2951449674000,국내생보사,B,SH122,업종별 대출금
2034,201912,0010599,신한라이프생명보험주식회사,A,"농업, 임업 및 어업",0,국내생보사,B,SH122,업종별 대출금
2035,201912,0010599,신한라이프생명보험주식회사,B,제조업,75158977000,국내생보사,B,SH122,업종별 대출금
2036,201912,0010599,신한라이프생명보험주식회사,C,건설업,220620759000,국내생보사,B,SH122,업종별 대출금
2037,201912,0010599,신한라이프생명보험주식회사,D,도매 및 소매업,289000000,국내생보사,B,SH122,업종별 대출금
2038,201912,0010599,신한라이프생명보험주식회사,E,숙박 및 음식점업,18113749000,국내생보사,B,SH122,업종별 대출금
2039,201912,0010599,신한라이프생명보험주식회사,F,"출판, 영상, 방송통신 및 정보서비스업",5362986000,국내생보사,B,SH122,업종별 대출금
2040,201912,0010599,신한라이프생명보험주식회사,G,부동산업 및 임대업,806157172000,국내생보사,B,SH122,업종별 대출금
2041,201912,0010599,신한라이프생명보험주식회사,H,기타,1788674512000,국내생보사,B,SH122,업종별 대출금
2042,201912,0010599,신한라이프생명보험주식회사,I,계,2914377155000,국내생보사,B,SH122,업종별 대출금
2043,202003,0010599,신한라이프생명보험주식회사,A,"농업, 임업 및 어업",0,국내생보사,B,SH122,업종별 대출금
2044,202003,0010599,신한라이프생명보험주식회사,B,제조업,90815789000,국내생보사,B,SH122,업종별 대출금
2045,202003,0010599,신한라이프생명보험주식회사,C,건설업,209739632000,국내생보사,B,SH122,업종별 대출금
2046,202003,0010599,신한라이프생명보험주식회사,D,도매 및 소매업,289000000,국내생보사,B,SH122,업종별 대출금
2047,202003,0010599,신한라이프생명보험주식회사,E,숙박 및 음식점업,17872069000,국내생보사,B,SH122,업종별 대출금
2048,202003,0010599,신한라이프생명보험주식회사,F,"출판, 영상, 방송통신 및 정보서비스업",5362986000,국내생보사,B,SH122,업종별 대출금
2049,202003,0010599,신한라이프생명보험주식회사,G,부동산업 및 임대업,811553425000,국내생보사,B,SH122,업종별 대출금
2050,202003,0010599,신한라이프생명보험주식회사,H,기타,1817502871000,국내생보사,B,SH122,업종별 대출금
2051,202003,0010599,신한라이프생명보험주식회사,I,계,2953135772000,국내생보사,B,SH122,업종별 대출금
2052,202006,0010599,신한라이프생명보험주식회사,A,"농업, 임업 및 어업",0,국내생보사,B,SH122,업종별 대출금
2053,202006,0010599,신한라이프생명보험주식회사,B,제조업,86400000000,국내생보사,B,SH122,업종별 대출금
2054,202006,0010599,신한라이프생명보험주식회사,C,건설업,224854859000,국내생보사,B,SH122,업종별 대출금
2055,202006,0010599,신한라이프생명보험주식회사,D,도매 및 소매업,289000000,국내생보사,B,SH122,업종별 대출금
2056,202006,0010599,신한라이프생명보험주식회사,E,숙박 및 음식점업,17627953000,국내생보사,B,SH122,업종별 대출금
2057,202006,0010599,신한라이프생명보험주식회사,F,"출판, 영상, 방송통신 및 정보서비스업",5362986000,국내생보사,B,SH122,업종별 대출금
2058,202006,0010599,신한라이프생명보험주식회사,G,부동산업 및 임대업,898425255000,국내생보사,B,SH122,업종별 대출금
2059,202006,0010599,신한라이프생명보험주식회사,H,기타,1939518937000,국내생보사,B,SH122,업종별 대출금
2060,202006,0010599,신한라이프생명보험주식회사,I,계,3172478990000,국내생보사,B,SH122,업종별 대출금
2061,202009,0010599,신한라이프생명보험주식회사,A,"농업, 임업 및 어업",0,국내생보사,B,SH122,업종별 대출금
2062,202009,0010599,신한라이프생명보험주식회사,B,제조업,86265438000,국내생보사,B,SH122,업종별 대출금
2063,202009,0010599,신한라이프생명보험주식회사,C,건설업,206301843000,국내생보사,B,SH122,업종별 대출금
2064,202009,0010599,신한라이프생명보험주식회사,D,도매 및 소매업,289000000,국내생보사,B,SH122,업종별 대출금
2065,202009,0010599,신한라이프생명보험주식회사,E,숙박 및 음식점업,17627953000,국내생보사,B,SH122,업종별 대출금
2066,202009,0010599,신한라이프생명보험주식회사,F,"출판, 영상, 방송통신 및 정보서비스업",5087954000,국내생보사,B,SH122,업종별 대출금
2067,202009,0010599,신한라이프생명보험주식회사,G,부동산업 및 임대업,1041969259000,국내생보사,B,SH122,업종별 대출금
2068,202009,0010599,신한라이프생명보험주식회사,H,기타,1829489254000,국내생보사,B,SH122,업종별 대출금
2069,202009,0010599,신한라이프생명보험주식회사,I,계,3187030701000,국내생보사,B,SH122,업종별 대출금
2070,202012,0010599,신한라이프생명보험주식회사,A,"농업, 임업 및 어업",0,국내생보사,B,SH122,업종별 대출금
2071,202012,0010599,신한라이프생명보험주식회사,B,제조업,114396655000,국내생보사,B,SH122,업종별 대출금
2072,202012,0010599,신한라이프생명보험주식회사,C,건설업,188367034000,국내생보사,B,SH122,업종별 대출금
2073,202012,0010599,신한라이프생명보험주식회사,D,도매 및 소매업,289000000,국내생보사,B,SH122,업종별 대출금
2074,202012,0010599,신한라이프생명보험주식회사,E,숙박 및 음식점업,17136236000,국내생보사,B,SH122,업종별 대출금
2075,202012,0010599,신한라이프생명보험주식회사,F,"출판, 영상, 방송통신 및 정보서비스업",5087954000,국내생보사,B,SH122,업종별 대출금
2076,202012,0010599,신한라이프생명보험주식회사,G,부동산업 및 임대업,1093938858000,국내생보사,B,SH122,업종별 대출금
2077,202012,0010599,신한라이프생명보험주식회사,H,기타,1966583346000,국내생보사,B,SH122,업종별 대출금
2078,202012,0010599,신한라이프생명보험주식회사,I,계,3385799083000,국내생보사,B,SH122,업종별 대출금
2079,202103,0010599,신한라이프생명보험주식회사,A,"농업, 임업 및 어업",0,국내생보사,B,SH122,업종별 대출금
2080,202103,0010599,신한라이프생명보험주식회사,B,제조업,189804493000,국내생보사,B,SH122,업종별 대출금
2081,202103,0010599,신한라이프생명보험주식회사,C,건설업,154890024000,국내생보사,B,SH122,업종별 대출금
2082,202103,0010599,신한라이프생명보험주식회사,D,도매 및 소매업,289000000,국내생보사,B,SH122,업종별 대출금
2083,202103,0010599,신한라이프생명보험주식회사,E,숙박 및 음식점업,16882900000,국내생보사,B,SH122,업종별 대출금
2084,202103,0010599,신한라이프생명보험주식회사,F,"출판, 영상, 방송통신 및 정보서비스업",5087954000,국내생보사,B,SH122,업종별 대출금
2085,202103,0010599,신한라이프생명보험주식회사,G,부동산업 및 임대업,1116646673000,국내생보사,B,SH122,업종별 대출금
2086,202103,0010599,신한라이프생명보험주식회사,H,기타,1897362866000,국내생보사,B,SH122,업종별 대출금
2087,202103,0010599,신한라이프생명보험주식회사,I,계,3380963910000,국내생보사,B,SH122,업종별 대출금
2088,202106,0010599,신한라이프생명보험주식회사,A,"농업, 임업 및 어업",0,국내생보사,B,SH122,업종별 대출금
2089,202106,0010599,신한라이프생명보험주식회사,B,제조업,89199089000,국내생보사,B,SH122,업종별 대출금
2090,202106,0010599,신한라이프생명보험주식회사,C,건설업,39333654000,국내생보사,B,SH122,업종별 대출금
2091,202106,0010599,신한라이프생명보험주식회사,D,도매 및 소매업,0,국내생보사,B,SH122,업종별 대출금
2092,202106,0010599,신한라이프생명보험주식회사,E,숙박 및 음식점업,890000000,국내생보사,B,SH122,업종별 대출금
2093,202106,0010599,신한라이프생명보험주식회사,F,"출판, 영상, 방송통신 및 정보서비스업",5087954000,국내생보사,B,SH122,업종별 대출금
2094,202106,0010599,신한라이프생명보험주식회사,G,부동산업 및 임대업,1125600083000,국내생보사,B,SH122,업종별 대출금
2095,202106,0010599,신한라이프생명보험주식회사,H,기타,2147634397000,국내생보사,B,SH122,업종별 대출금
2096,202106,0010599,신한라이프생명보험주식회사,I,계,3407745177000,국내생보사,B,SH122,업종별 대출금
2097,202109,0010599,신한라이프생명보험주식회사,A,"농업, 임업 및 어업",0,국내생보사,B,SH122,업종별 대출금
2098,202109,0010599,신한라이프생명보험주식회사,B,제조업,119776316000,국내생보사,B,SH122,업종별 대출금
2099,202109,0010599,신한라이프생명보험주식회사,C,건설업,38613454000,국내생보사,B,SH122,업종별 대출금
2100,202109,0010599,신한라이프생명보험주식회사,D,도매 및 소매업,0,국내생보사,B,SH122,업종별 대출금
2101,202109,0010599,신한라이프생명보험주식회사,E,숙박 및 음식점업,890000000,국내생보사,B,SH122,업종별 대출금
2102,202109,0010599,신한라이프생명보험주식회사,F,"출판, 영상, 방송통신 및 정보서비스업",4421950000,국내생보사,B,SH122,업종별 대출금
2103,202109,0010599,신한라이프생명보험주식회사,G,부동산업 및 임대업,1170434363000,국내생보사,B,SH122,업종별 대출금
2104,202109,0010599,신한라이프생명보험주식회사,H,기타,2156578575000,국내생보사,B,SH122,업종별 대출금
2105,202109,0010599,신한라이프생명보험주식회사,I,계,3490714658000,국내생보사,B,SH122,업종별 대출금
2106,202112,0010599,신한라이프생명보험주식회사,A,"농업, 임업 및 어업",0,국내생보사,B,SH122,업종별 대출금
2107,202112,0010599,신한라이프생명보험주식회사,B,제조업,92825944000,국내생보사,B,SH122,업종별 대출금
2108,202112,0010599,신한라이프생명보험주식회사,C,건설업,74489449000,국내생보사,B,SH122,업종별 대출금
2109,202112,0010599,신한라이프생명보험주식회사,D,도매 및 소매업,0,국내생보사,B,SH122,업종별 대출금
2110,202112,0010599,신한라이프생명보험주식회사,E,숙박 및 음식점업,890000000,국내생보사,B,SH122,업종별 대출금
2111,202112,0010599,신한라이프생명보험주식회사,F,"출판, 영상, 방송통신 및 정보서비스업",4421950000,국내생보사,B,SH122,업종별 대출금
2112,202112,0010599,신한라이프생명보험주식회사,G,부동산업 및 임대업,1180121344000,국내생보사,B,SH122,업종별 대출금
2113,202112,0010599,신한라이프생명보험주식회사,H,기타,2094140144000,국내생보사,B,SH122,업종별 대출금
2114,202112,0010599,신한라이프생명보험주식회사,I,계,3446888831000,국내생보사,B,SH122,업종별 대출금
2115,202203,0010599,신한라이프생명보험주식회사,A,"농업, 임업 및 어업",0,국내생보사,B,SH122,업종별 대출금
2116,202203,0010599,신한라이프생명보험주식회사,B,제조업,89725585000,국내생보사,B,SH122,업종별 대출금
2117,202203,0010599,신한라이프생명보험주식회사,C,건설업,75118760000,국내생보사,B,SH122,업종별 대출금
2118,202203,0010599,신한라이프생명보험주식회사,D,도매 및 소매업,0,국내생보사,B,SH122,업종별 대출금
2119,202203,0010599,신한라이프생명보험주식회사,E,숙박 및 음식점업,890000000,국내생보사,B,SH122,업종별 대출금
2120,202203,0010599,신한라이프생명보험주식회사,F,"출판, 영상, 방송통신 및 정보서비스업",4421950000,국내생보사,B,SH122,업종별 대출금
2121,202203,0010599,신한라이프생명보험주식회사,G,부동산업 및 임대업,1122331914000,국내생보사,B,SH122,업종별 대출금
2122,202203,0010599,신한라이프생명보험주식회사,H,기타,2204323083000,국내생보사,B,SH122,업종별 대출금
2123,202203,0010599,신한라이프생명보험주식회사,I,계,3496811292000,국내생보사,B,SH122,업종별 대출금
2124,202206,0010599,신한라이프생명보험주식회사,A,"농업, 임업 및 어업",0,국내생보사,B,SH122,업종별 대출금
2125,202206,0010599,신한라이프생명보험주식회사,B,제조업,91886299000,국내생보사,B,SH122,업종별 대출금
2126,202206,0010599,신한라이프생명보험주식회사,C,건설업,133104143000,국내생보사,B,SH122,업종별 대출금
2127,202206,0010599,신한라이프생명보험주식회사,D,도매 및 소매업,0,국내생보사,B,SH122,업종별 대출금
2128,202206,0010599,신한라이프생명보험주식회사,E,숙박 및 음식점업,890000000,국내생보사,B,SH122,업종별 대출금
2129,202206,0010599,신한라이프생명보험주식회사,F,"출판, 영상, 방송통신 및 정보서비스업",4421950000,국내생보사,B,SH122,업종별 대출금
2130,202206,0010599,신한라이프생명보험주식회사,G,부동산업 및 임대업,1014991878000,국내생보사,B,SH122,업종별 대출금
2131,202206,0010599,신한라이프생명보험주식회사,H,기타,2142206985000,국내생보사,B,SH122,업종별 대출금
2132,202206,0010599,신한라이프생명보험주식회사,I,계,3387501255000,국내생보사,B,SH122,업종별 대출금
2133,202209,0010599,신한라이프생명보험주식회사,A,"농업, 임업 및 어업",0,국내생보사,B,SH122,업종별 대출금
2134,202209,0010599,신한라이프생명보험주식회사,B,제조업,94169029000,국내생보사,B,SH122,업종별 대출금
2135,202209,0010599,신한라이프생명보험주식회사,C,건설업,135630524000,국내생보사,B,SH122,업종별 대출금
2136,202209,0010599,신한라이프생명보험주식회사,D,도매 및 소매업,0,국내생보사,B,SH122,업종별 대출금
2137,202209,0010599,신한라이프생명보험주식회사,E,숙박 및 음식점업,890000000,국내생보사,B,SH122,업종별 대출금
2138,202209,0010599,신한라이프생명보험주식회사,F,"출판, 영상, 방송통신 및 정보서비스업",4141285000,국내생보사,B,SH122,업종별 대출금
2139,202209,0010599,신한라이프생명보험주식회사,G,부동산업 및 임대업,1052971738000,국내생보사,B,SH122,업종별 대출금
2140,202209,0010599,신한라이프생명보험주식회사,H,기타,2130222230000,국내생보사,B,SH122,업종별 대출금
2141,202209,0010599,신한라이프생명보험주식회사,I,계,3418024806000,국내생보사,B,SH122,업종별 대출금
2142,202212,0010599,신한라이프생명보험주식회사,A,"농업, 임업 및 어업",0,국내생보사,B,SH122,업종별 대출금
2143,202212,0010599,신한라이프생명보험주식회사,B,제조업,102302845000,국내생보사,B,SH122,업종별 대출금
2144,202212,0010599,신한라이프생명보험주식회사,C,건설업,130352868000,국내생보사,B,SH122,업종별 대출금
2145,202212,0010599,신한라이프생명보험주식회사,D,도매 및 소매업,0,국내생보사,B,SH122,업종별 대출금
2146,202212,0010599,신한라이프생명보험주식회사,E,숙박 및 음식점업,890000000,국내생보사,B,SH122,업종별 대출금
2147,202212,0010599,신한라이프생명보험주식회사,F,"출판, 영상, 방송통신 및 정보서비스업",4141285000,국내생보사,B,SH122,업종별 대출금
2148,202212,0010599,신한라이프생명보험주식회사,G,부동산업 및 임대업,1100575276000,국내생보사,B,SH122,업종별 대출금
2149,202212,0010599,신한라이프생명보험주식회사,H,기타,2098706408000,국내생보사,B,SH122,업종별 대출금
2150,202212,0010599,신한라이프생명보험주식회사,I,계,3436968682000,국내생보사,B,SH122,업종별 대출금
2151,202303,0010599,신한라이프생명보험주식회사,A,"농업, 임업 및 어업",0,국내생보사,B,SH122,업종별 대출금
2152,202303,0010599,신한라이프생명보험주식회사,B,제조업,99578050000,국내생보사,B,SH122,업종별 대출금
2153,202303,0010599,신한라이프생명보험주식회사,C,건설업,127774620000,국내생보사,B,SH122,업종별 대출금
2154,202303,0010599,신한라이프생명보험주식회사,D,도매 및 소매업,0,국내생보사,B,SH122,업종별 대출금
2155,202303,0010599,신한라이프생명보험주식회사,E,숙박 및 음식점업,890000000,국내생보사,B,SH122,업종별 대출금
2156,202303,0010599,신한라이프생명보험주식회사,F,"출판, 영상, 방송통신 및 정보서비스업",4141285000,국내생보사,B,SH122,업종별 대출금
2157,202303,0010599,신한라이프생명보험주식회사,G,부동산업 및 임대업,1071005824000,국내생보사,B,SH122,업종별 대출금
2158,202303,0010599,신한라이프생명보험주식회사,H,기타,2046909193000,국내생보사,B,SH122,업종별 대출금
2159,202303,0010599,신한라이프생명보험주식회사,I,계,3350298972000,국내생보사,B,SH122,업종별 대출금
2160,202306,0010599,신한라이프생명보험주식회사,A,"농업, 임업 및 어업",0,국내생보사,B,SH122,업종별 대출금
2161,202306,0010599,신한라이프생명보험주식회사,B,제조업,98078050000,국내생보사,B,SH122,업종별 대출금
2162,202306,0010599,신한라이프생명보험주식회사,C,건설업,134070172000,국내생보사,B,SH122,업종별 대출금
2163,202306,0010599,신한라이프생명보험주식회사,D,도매 및 소매업,0,국내생보사,B,SH122,업종별 대출금
2164,202306,0010599,신한라이프생명보험주식회사,E,숙박 및 음식점업,0,국내생보사,B,SH122,업종별 대출금
2165,202306,0010599,신한라이프생명보험주식회사,F,"출판, 영상, 방송통신 및 정보서비스업",4141285000,국내생보사,B,SH122,업종별 대출금
2166,202306,0010599,신한라이프생명보험주식회사,G,부동산업 및 임대업,1016016620000,국내생보사,B,SH122,업종별 대출금
2167,202306,0010599,신한라이프생명보험주식회사,H,기타,1949837511000,국내생보사,B,SH122,업종별 대출금
2168,202306,0010599,신한라이프생명보험주식회사,I,계,3202143638000,국내생보사,B,SH122,업종별 대출금
2169,202309,0010599,신한라이프생명보험주식회사,A,"농업, 임업 및 어업",0,국내생보사,B,SH122,업종별 대출금
2170,202309,0010599,신한라이프생명보험주식회사,B,제조업,91506621000,국내생보사,B,SH122,업종별 대출금
2171,202309,0010599,신한라이프생명보험주식회사,C,건설업,116176274000,국내생보사,B,SH122,업종별 대출금
2172,202309,0010599,신한라이프생명보험주식회사,D,도매 및 소매업,0,국내생보사,B,SH122,업종별 대출금
2173,202309,0010599,신한라이프생명보험주식회사,E,숙박 및 음식점업,0,국내생보사,B,SH122,업종별 대출금
2174,202309,0010599,신한라이프생명보험주식회사,F,"출판, 영상, 방송통신 및 정보서비스업",3866253000,국내생보사,B,SH122,업종별 대출금
2175,202309,0010599,신한라이프생명보험주식회사,G,부동산업 및 임대업,883197078000,국내생보사,B,SH122,업종별 대출금
2176,202309,0010599,신한라이프생명보험주식회사,H,기타,1880279541000,국내생보사,B,SH122,업종별 대출금
2177,202309,0010599,신한라이프생명보험주식회사,I,계,2975025767000,국내생보사,B,SH122,업종별 대출금
2178,202312,0010599,신한라이프생명보험주식회사,A,"농업, 임업 및 어업",0,국내생보사,B,SH122,업종별 대출금
2179,202312,0010599,신한라이프생명보험주식회사,B,제조업,73578050000,국내생보사,B,SH122,업종별 대출금
2180,202312,0010599,신한라이프생명보험주식회사,C,건설업,116704555000,국내생보사,B,SH122,업종별 대출금
2181,202312,0010599,신한라이프생명보험주식회사,D,도매 및 소매업,0,국내생보사,B,SH122,업종별 대출금
2182,202312,0010599,신한라이프생명보험주식회사,E,숙박 및 음식점업,0,국내생보사,B,SH122,업종별 대출금
2183,202312,0010599,신한라이프생명보험주식회사,F,"출판, 영상, 방송통신 및 정보서비스업",3866253000,국내생보사,B,SH122,업종별 대출금
2184,202312,0010599,신한라이프생명보험주식회사,G,부동산업 및 임대업,876741207000,국내생보사,B,SH122,업종별 대출금
2185,202312,0010599,신한라이프생명보험주식회사,H,기타,1788252835000,국내생보사,B,SH122,업종별 대출금
2186,202312,0010599,신한라이프생명보험주식회사,I,계,2859142900000,국내생보사,B,SH122,업종별 대출금
2187,202403,0010599,신한라이프생명보험주식회사,A,"농업, 임업 및 어업",0,국내생보사,B,SH122,업종별 대출금
2188,202403,0010599,신한라이프생명보험주식회사,B,제조업,70853254000,국내생보사,B,SH122,업종별 대출금
2189,202403,0010599,신한라이프생명보험주식회사,C,건설업,99196781000,국내생보사,B,SH122,업종별 대출금
2190,202403,0010599,신한라이프생명보험주식회사,D,도매 및 소매업,0,국내생보사,B,SH122,업종별 대출금
2191,202403,0010599,신한라이프생명보험주식회사,E,숙박 및 음식점업,0,국내생보사,B,SH122,업종별 대출금
2192,202403,0010599,신한라이프생명보험주식회사,F,"출판, 영상, 방송통신 및 정보서비스업",3866253000,국내생보사,B,SH122,업종별 대출금
2193,202403,0010599,신한라이프생명보험주식회사,G,부동산업 및 임대업,857117843000,국내생보사,B,SH122,업종별 대출금
2194,202403,0010599,신한라이프생명보험주식회사,H,기타,1650032181000,국내생보사,B,SH122,업종별 대출금
2195,202403,0010599,신한라이프생명보험주식회사,I,계,2681066312000,국내생보사,B,SH122,업종별 대출금
2196,202406,0010599,신한라이프생명보험주식회사,A,"농업, 임업 및 어업",0,국내생보사,B,SH122,업종별 대출금
2197,202406,0010599,신한라이프생명보험주식회사,B,제조업,68859643000,국내생보사,B,SH122,업종별 대출금
2198,202406,0010599,신한라이프생명보험주식회사,C,건설업,82187279000,국내생보사,B,SH122,업종별 대출금
2199,202406,0010599,신한라이프생명보험주식회사,D,도매 및 소매업,0,국내생보사,B,SH122,업종별 대출금
2200,202406,0010599,신한라이프생명보험주식회사,E,숙박 및 음식점업,0,국내생보사,B,SH122,업종별 대출금
2201,202406,0010599,신한라이프생명보험주식회사,F,"출판, 영상, 방송통신 및 정보서비스업",3866253000,국내생보사,B,SH122,업종별 대출금
2202,202406,0010599,신한라이프생명보험주식회사,G,부동산업 및 임대업,735603871000,국내생보사,B,SH122,업종별 대출금
2203,202406,0010599,신한라이프생명보험주식회사,H,기타,1580509290000,국내생보사,B,SH122,업종별 대출금
2204,202406,0010599,신한라이프생명보험주식회사,I,계,2471026336000,국내생보사,B,SH122,업종별 대출금
2205,202409,0010599,신한라이프생명보험주식회사,A,"농업, 임업 및 어업",0,국내생보사,B,SH122,업종별 대출금
2206,202409,0010599,신한라이프생명보험주식회사,B,제조업,37050072000,국내생보사,B,SH122,업종별 대출금
2207,202409,0010599,신한라이프생명보험주식회사,C,건설업,44143334000,국내생보사,B,SH122,업종별 대출금
2208,202409,0010599,신한라이프생명보험주식회사,D,도매 및 소매업,0,국내생보사,B,SH122,업종별 대출금
2209,202409,0010599,신한라이프생명보험주식회사,E,숙박 및 음식점업,0,국내생보사,B,SH122,업종별 대출금
2210,202409,0010599,신한라이프생명보험주식회사,F,"출판, 영상, 방송통신 및 정보서비스업",3591221000,국내생보사,B,SH122,업종별 대출금
2211,202409,0010599,신한라이프생명보험주식회사,G,부동산업 및 임대업,610555637000,국내생보사,B,SH122,업종별 대출금
2212,202409,0010599,신한라이프생명보험주식회사,H,기타,1597811486000,국내생보사,B,SH122,업종별 대출금
2213,202409,0010599,신한라이프생명보험주식회사,I,계,2293151750000,국내생보사,B,SH122,업종별 대출금
2214,202412,0010599,신한라이프생명보험주식회사,A,"농업, 임업 및 어업",0,국내생보사,B,SH122,업종별 대출금
2215,202412,0010599,신한라이프생명보험주식회사,B,제조업,26000000000,국내생보사,B,SH122,업종별 대출금
2216,202412,0010599,신한라이프생명보험주식회사,C,건설업,49078079000,국내생보사,B,SH122,업종별 대출금
2217,202412,0010599,신한라이프생명보험주식회사,D,도매 및 소매업,0,국내생보사,B,SH122,업종별 대출금
2218,202412,0010599,신한라이프생명보험주식회사,E,숙박 및 음식점업,0,국내생보사,B,SH122,업종별 대출금
2219,202412,0010599,신한라이프생명보험주식회사,F,"출판, 영상, 방송통신 및 정보서비스업",3591221000,국내생보사,B,SH122,업종별 대출금
2220,202412,0010599,신한라이프생명보험주식회사,G,부동산업 및 임대업,566765540000,국내생보사,B,SH122,업종별 대출금
2221,202412,0010599,신한라이프생명보험주식회사,H,기타,1481209297000,국내생보사,B,SH122,업종별 대출금
2222,202412,0010599,신한라이프생명보험주식회사,I,계,2126644137000,국내생보사,B,SH122,업종별 대출금
2223,202503,0010599,신한라이프생명보험주식회사,A,"농업, 임업 및 어업",0,국내생보사,B,SH122,업종별 대출금
2224,202503,0010599,신한라이프생명보험주식회사,B,제조업,26000000000,국내생보사,B,SH122,업종별 대출금
2225,202503,0010599,신한라이프생명보험주식회사,C,건설업,49387894000,국내생보사,B,SH122,업종별 대출금
2226,202503,0010599,신한라이프생명보험주식회사,D,도매 및 소매업,0,국내생보사,B,SH122,업종별 대출금
2227,202503,0010599,신한라이프생명보험주식회사,E,숙박 및 음식점업,0,국내생보사,B,SH122,업종별 대출금
2228,202503,0010599,신한라이프생명보험주식회사,F,"출판, 영상, 방송통신 및 정보서비스업",3591221000,국내생보사,B,SH122,업종별 대출금
2229,202503,0010599,신한라이프생명보험주식회사,G,부동산업 및 임대업,501662040000,국내생보사,B,SH122,업종별 대출금
2230,202503,0010599,신한라이프생명보험주식회사,H,기타,1360276506000,국내생보사,B,SH122,업종별 대출금
2231,202503,0010599,신한라이프생명보험주식회사,I,계,1940917661000,국내생보사,B,SH122,업종별 대출금
2232,201703,0012455,아이비케이연금보험 주식회사,A,"농업, 임업 및 어업",0,국내생보사,B,SH122,업종별 대출금
2233,201703,0012455,아이비케이연금보험 주식회사,B,제조업,36800000000,국내생보사,B,SH122,업종별 대출금
2234,201703,0012455,아이비케이연금보험 주식회사,C,건설업,452781687000,국내생보사,B,SH122,업종별 대출금
2235,201703,0012455,아이비케이연금보험 주식회사,D,도매 및 소매업,12734891000,국내생보사,B,SH122,업종별 대출금
2236,201703,0012455,아이비케이연금보험 주식회사,E,숙박 및 음식점업,30000000000,국내생보사,B,SH122,업종별 대출금
2237,201703,0012455,아이비케이연금보험 주식회사,F,"출판, 영상, 방송통신 및 정보서비스업",0,국내생보사,B,SH122,업종별 대출금
2238,201703,0012455,아이비케이연금보험 주식회사,G,부동산업 및 임대업,249079930000,국내생보사,B,SH122,업종별 대출금
2239,201703,0012455,아이비케이연금보험 주식회사,H,기타,827225602000,국내생보사,B,SH122,업종별 대출금
2240,201703,0012455,아이비케이연금보험 주식회사,I,계,1608622110000,국내생보사,B,SH122,업종별 대출금
2241,201706,0012455,아이비케이연금보험 주식회사,A,"농업, 임업 및 어업",0,국내생보사,B,SH122,업종별 대출금
2242,201706,0012455,아이비케이연금보험 주식회사,B,제조업,37737390000,국내생보사,B,SH122,업종별 대출금
2243,201706,0012455,아이비케이연금보험 주식회사,C,건설업,462713925000,국내생보사,B,SH122,업종별 대출금
2244,201706,0012455,아이비케이연금보험 주식회사,D,도매 및 소매업,12734891000,국내생보사,B,SH122,업종별 대출금
2245,201706,0012455,아이비케이연금보험 주식회사,E,숙박 및 음식점업,30000000000,국내생보사,B,SH122,업종별 대출금
2246,201706,0012455,아이비케이연금보험 주식회사,F,"출판, 영상, 방송통신 및 정보서비스업",0,국내생보사,B,SH122,업종별 대출금
2247,201706,0012455,아이비케이연금보험 주식회사,G,부동산업 및 임대업,271786352000,국내생보사,B,SH122,업종별 대출금
2248,201706,0012455,아이비케이연금보험 주식회사,H,기타,942296556000,국내생보사,B,SH122,업종별 대출금
2249,201706,0012455,아이비케이연금보험 주식회사,I,계,1757269114000,국내생보사,B,SH122,업종별 대출금
2250,201709,0012455,아이비케이연금보험 주식회사,A,"농업, 임업 및 어업",0,국내생보사,B,SH122,업종별 대출금
2251,201709,0012455,아이비케이연금보험 주식회사,B,제조업,37737390000,국내생보사,B,SH122,업종별 대출금
2252,201709,0012455,아이비케이연금보험 주식회사,C,건설업,447430986000,국내생보사,B,SH122,업종별 대출금
2253,201709,0012455,아이비케이연금보험 주식회사,D,도매 및 소매업,11741353000,국내생보사,B,SH122,업종별 대출금
2254,201709,0012455,아이비케이연금보험 주식회사,E,숙박 및 음식점업,30000000000,국내생보사,B,SH122,업종별 대출금
2255,201709,0012455,아이비케이연금보험 주식회사,F,"출판, 영상, 방송통신 및 정보서비스업",0,국내생보사,B,SH122,업종별 대출금
2256,201709,0012455,아이비케이연금보험 주식회사,G,부동산업 및 임대업,260256279000,국내생보사,B,SH122,업종별 대출금
2257,201709,0012455,아이비케이연금보험 주식회사,H,기타,1048582033000,국내생보사,B,SH122,업종별 대출금
2258,201709,0012455,아이비케이연금보험 주식회사,I,계,1835748041000,국내생보사,B,SH122,업종별 대출금
2259,201712,0012455,아이비케이연금보험 주식회사,A,"농업, 임업 및 어업",0,국내생보사,B,SH122,업종별 대출금
2260,201712,0012455,아이비케이연금보험 주식회사,B,제조업,57737390000,국내생보사,B,SH122,업종별 대출금
2261,201712,0012455,아이비케이연금보험 주식회사,C,건설업,440547534000,국내생보사,B,SH122,업종별 대출금
2262,201712,0012455,아이비케이연금보험 주식회사,D,도매 및 소매업,11687068000,국내생보사,B,SH122,업종별 대출금
2263,201712,0012455,아이비케이연금보험 주식회사,E,숙박 및 음식점업,30000000000,국내생보사,B,SH122,업종별 대출금
2264,201712,0012455,아이비케이연금보험 주식회사,F,"출판, 영상, 방송통신 및 정보서비스업",8750000000,국내생보사,B,SH122,업종별 대출금
2265,201712,0012455,아이비케이연금보험 주식회사,G,부동산업 및 임대업,308716516000,국내생보사,B,SH122,업종별 대출금
2266,201712,0012455,아이비케이연금보험 주식회사,H,기타,1198566044000,국내생보사,B,SH122,업종별 대출금
2267,201712,0012455,아이비케이연금보험 주식회사,I,계,2056004552000,국내생보사,B,SH122,업종별 대출금
2268,201803,0012455,아이비케이연금보험 주식회사,A,"농업, 임업 및 어업",0,국내생보사,B,SH122,업종별 대출금
2269,201803,0012455,아이비케이연금보험 주식회사,B,제조업,92737390000,국내생보사,B,SH122,업종별 대출금
2270,201803,0012455,아이비케이연금보험 주식회사,C,건설업,406249107000,국내생보사,B,SH122,업종별 대출금
2271,201803,0012455,아이비케이연금보험 주식회사,D,도매 및 소매업,10326268000,국내생보사,B,SH122,업종별 대출금
2272,201803,0012455,아이비케이연금보험 주식회사,E,숙박 및 음식점업,70000000000,국내생보사,B,SH122,업종별 대출금
2273,201803,0012455,아이비케이연금보험 주식회사,F,"출판, 영상, 방송통신 및 정보서비스업",11500000000,국내생보사,B,SH122,업종별 대출금
2274,201803,0012455,아이비케이연금보험 주식회사,G,부동산업 및 임대업,341725007000,국내생보사,B,SH122,업종별 대출금
2275,201803,0012455,아이비케이연금보험 주식회사,H,기타,1274121304000,국내생보사,B,SH122,업종별 대출금
2276,201803,0012455,아이비케이연금보험 주식회사,I,계,2206659076000,국내생보사,B,SH122,업종별 대출금
2277,201806,0012455,아이비케이연금보험 주식회사,A,"농업, 임업 및 어업",0,국내생보사,B,SH122,업종별 대출금
2278,201806,0012455,아이비케이연금보험 주식회사,B,제조업,140000000000,국내생보사,B,SH122,업종별 대출금
2279,201806,0012455,아이비케이연금보험 주식회사,C,건설업,403471536000,국내생보사,B,SH122,업종별 대출금
2280,201806,0012455,아이비케이연금보험 주식회사,D,도매 및 소매업,9801268000,국내생보사,B,SH122,업종별 대출금
2281,201806,0012455,아이비케이연금보험 주식회사,E,숙박 및 음식점업,90000000000,국내생보사,B,SH122,업종별 대출금
2282,201806,0012455,아이비케이연금보험 주식회사,F,"출판, 영상, 방송통신 및 정보서비스업",13600000000,국내생보사,B,SH122,업종별 대출금
2283,201806,0012455,아이비케이연금보험 주식회사,G,부동산업 및 임대업,505746922000,국내생보사,B,SH122,업종별 대출금
2284,201806,0012455,아이비케이연금보험 주식회사,H,기타,1423848597000,국내생보사,B,SH122,업종별 대출금
2285,201806,0012455,아이비케이연금보험 주식회사,I,계,2586468323000,국내생보사,B,SH122,업종별 대출금
2286,201809,0012455,아이비케이연금보험 주식회사,A,"농업, 임업 및 어업",0,국내생보사,B,SH122,업종별 대출금
2287,201809,0012455,아이비케이연금보험 주식회사,B,제조업,145900000000,국내생보사,B,SH122,업종별 대출금
2288,201809,0012455,아이비케이연금보험 주식회사,C,건설업,346243233000,국내생보사,B,SH122,업종별 대출금
2289,201809,0012455,아이비케이연금보험 주식회사,D,도매 및 소매업,9801268000,국내생보사,B,SH122,업종별 대출금
2290,201809,0012455,아이비케이연금보험 주식회사,E,숙박 및 음식점업,120000000000,국내생보사,B,SH122,업종별 대출금
2291,201809,0012455,아이비케이연금보험 주식회사,F,"출판, 영상, 방송통신 및 정보서비스업",15500000000,국내생보사,B,SH122,업종별 대출금
2292,201809,0012455,아이비케이연금보험 주식회사,G,부동산업 및 임대업,486932407000,국내생보사,B,SH122,업종별 대출금
2293,201809,0012455,아이비케이연금보험 주식회사,H,기타,1545511790000,국내생보사,B,SH122,업종별 대출금
2294,201809,0012455,아이비케이연금보험 주식회사,I,계,2669888698000,국내생보사,B,SH122,업종별 대출금
2295,201812,0012455,아이비케이연금보험 주식회사,A,"농업, 임업 및 어업",0,국내생보사,B,SH122,업종별 대출금
2296,201812,0012455,아이비케이연금보험 주식회사,B,제조업,144958182000,국내생보사,B,SH122,업종별 대출금
2297,201812,0012455,아이비케이연금보험 주식회사,C,건설업,448578440000,국내생보사,B,SH122,업종별 대출금
2298,201812,0012455,아이비케이연금보험 주식회사,D,도매 및 소매업,9213054000,국내생보사,B,SH122,업종별 대출금
2299,201812,0012455,아이비케이연금보험 주식회사,E,숙박 및 음식점업,90000000000,국내생보사,B,SH122,업종별 대출금
2300,201812,0012455,아이비케이연금보험 주식회사,F,"출판, 영상, 방송통신 및 정보서비스업",20000000000,국내생보사,B,SH122,업종별 대출금
2301,201812,0012455,아이비케이연금보험 주식회사,G,부동산업 및 임대업,514652429000,국내생보사,B,SH122,업종별 대출금
2302,201812,0012455,아이비케이연금보험 주식회사,H,기타,1679810747000,국내생보사,B,SH122,업종별 대출금
2303,201812,0012455,아이비케이연금보험 주식회사,I,계,2907212852000,국내생보사,B,SH122,업종별 대출금
2304,201903,0012455,아이비케이연금보험 주식회사,A,"농업, 임업 및 어업",0,국내생보사,B,SH122,업종별 대출금
2305,201903,0012455,아이비케이연금보험 주식회사,B,제조업,144944727000,국내생보사,B,SH122,업종별 대출금
2306,201903,0012455,아이비케이연금보험 주식회사,C,건설업,455790591000,국내생보사,B,SH122,업종별 대출금
2307,201903,0012455,아이비케이연금보험 주식회사,D,도매 및 소매업,9167554000,국내생보사,B,SH122,업종별 대출금
2308,201903,0012455,아이비케이연금보험 주식회사,E,숙박 및 음식점업,90000000000,국내생보사,B,SH122,업종별 대출금
2309,201903,0012455,아이비케이연금보험 주식회사,F,"출판, 영상, 방송통신 및 정보서비스업",20000000000,국내생보사,B,SH122,업종별 대출금
2310,201903,0012455,아이비케이연금보험 주식회사,G,부동산업 및 임대업,605298941000,국내생보사,B,SH122,업종별 대출금
2311,201903,0012455,아이비케이연금보험 주식회사,H,기타,1672556423000,국내생보사,B,SH122,업종별 대출금
2312,201903,0012455,아이비케이연금보험 주식회사,I,계,2997758236000,국내생보사,B,SH122,업종별 대출금
2313,201906,0012455,아이비케이연금보험 주식회사,A,"농업, 임업 및 어업",0,국내생보사,B,SH122,업종별 대출금
2314,201906,0012455,아이비케이연금보험 주식회사,B,제조업,144944727000,국내생보사,B,SH122,업종별 대출금
2315,201906,0012455,아이비케이연금보험 주식회사,C,건설업,468581108000,국내생보사,B,SH122,업종별 대출금
2316,201906,0012455,아이비케이연금보험 주식회사,D,도매 및 소매업,8642554000,국내생보사,B,SH122,업종별 대출금
2317,201906,0012455,아이비케이연금보험 주식회사,E,숙박 및 음식점업,90000000000,국내생보사,B,SH122,업종별 대출금
2318,201906,0012455,아이비케이연금보험 주식회사,F,"출판, 영상, 방송통신 및 정보서비스업",0,국내생보사,B,SH122,업종별 대출금
2319,201906,0012455,아이비케이연금보험 주식회사,G,부동산업 및 임대업,615764880000,국내생보사,B,SH122,업종별 대출금
2320,201906,0012455,아이비케이연금보험 주식회사,H,기타,1698303084000,국내생보사,B,SH122,업종별 대출금
2321,201906,0012455,아이비케이연금보험 주식회사,I,계,3026236353000,국내생보사,B,SH122,업종별 대출금
2322,201909,0012455,아이비케이연금보험 주식회사,A,"농업, 임업 및 어업",0,국내생보사,B,SH122,업종별 대출금
2323,201909,0012455,아이비케이연금보험 주식회사,B,제조업,143444727000,국내생보사,B,SH122,업종별 대출금
2324,201909,0012455,아이비케이연금보험 주식회사,C,건설업,356640140000,국내생보사,B,SH122,업종별 대출금
2325,201909,0012455,아이비케이연금보험 주식회사,D,도매 및 소매업,7613982000,국내생보사,B,SH122,업종별 대출금
2326,201909,0012455,아이비케이연금보험 주식회사,E,숙박 및 음식점업,90000000000,국내생보사,B,SH122,업종별 대출금
2327,201909,0012455,아이비케이연금보험 주식회사,F,"출판, 영상, 방송통신 및 정보서비스업",0,국내생보사,B,SH122,업종별 대출금
2328,201909,0012455,아이비케이연금보험 주식회사,G,부동산업 및 임대업,630478106000,국내생보사,B,SH122,업종별 대출금
2329,201909,0012455,아이비케이연금보험 주식회사,H,기타,1725605983000,국내생보사,B,SH122,업종별 대출금
2330,201909,0012455,아이비케이연금보험 주식회사,I,계,2953782938000,국내생보사,B,SH122,업종별 대출금
2331,201912,0012455,아이비케이연금보험 주식회사,A,"농업, 임업 및 어업",0,국내생보사,B,SH122,업종별 대출금
2332,201912,0012455,아이비케이연금보험 주식회사,B,제조업,143108364000,국내생보사,B,SH122,업종별 대출금
2333,201912,0012455,아이비케이연금보험 주식회사,C,건설업,399102238000,국내생보사,B,SH122,업종별 대출금
2334,201912,0012455,아이비케이연금보험 주식회사,D,도매 및 소매업,0,국내생보사,B,SH122,업종별 대출금
2335,201912,0012455,아이비케이연금보험 주식회사,E,숙박 및 음식점업,90000000000,국내생보사,B,SH122,업종별 대출금
2336,201912,0012455,아이비케이연금보험 주식회사,F,"출판, 영상, 방송통신 및 정보서비스업",0,국내생보사,B,SH122,업종별 대출금
2337,201912,0012455,아이비케이연금보험 주식회사,G,부동산업 및 임대업,763515207000,국내생보사,B,SH122,업종별 대출금
2338,201912,0012455,아이비케이연금보험 주식회사,H,기타,1795840897000,국내생보사,B,SH122,업종별 대출금
2339,201912,0012455,아이비케이연금보험 주식회사,I,계,3191566706000,국내생보사,B,SH122,업종별 대출금
2340,202003,0012455,아이비케이연금보험 주식회사,A,"농업, 임업 및 어업",0,국내생보사,B,SH122,업종별 대출금
2341,202003,0012455,아이비케이연금보험 주식회사,B,제조업,150108364000,국내생보사,B,SH122,업종별 대출금
2342,202003,0012455,아이비케이연금보험 주식회사,C,건설업,386340764000,국내생보사,B,SH122,업종별 대출금
2343,202003,0012455,아이비케이연금보험 주식회사,D,도매 및 소매업,0,국내생보사,B,SH122,업종별 대출금
2344,202003,0012455,아이비케이연금보험 주식회사,E,숙박 및 음식점업,110000000000,국내생보사,B,SH122,업종별 대출금
2345,202003,0012455,아이비케이연금보험 주식회사,F,"출판, 영상, 방송통신 및 정보서비스업",0,국내생보사,B,SH122,업종별 대출금
2346,202003,0012455,아이비케이연금보험 주식회사,G,부동산업 및 임대업,781630365000,국내생보사,B,SH122,업종별 대출금
2347,202003,0012455,아이비케이연금보험 주식회사,H,기타,1849244082000,국내생보사,B,SH122,업종별 대출금
2348,202003,0012455,아이비케이연금보험 주식회사,I,계,3277323575000,국내생보사,B,SH122,업종별 대출금
2349,202006,0012455,아이비케이연금보험 주식회사,A,"농업, 임업 및 어업",0,국내생보사,B,SH122,업종별 대출금
2350,202006,0012455,아이비케이연금보험 주식회사,B,제조업,150108364000,국내생보사,B,SH122,업종별 대출금
2351,202006,0012455,아이비케이연금보험 주식회사,C,건설업,389677656000,국내생보사,B,SH122,업종별 대출금
2352,202006,0012455,아이비케이연금보험 주식회사,D,도매 및 소매업,0,국내생보사,B,SH122,업종별 대출금
2353,202006,0012455,아이비케이연금보험 주식회사,E,숙박 및 음식점업,110000000000,국내생보사,B,SH122,업종별 대출금
2354,202006,0012455,아이비케이연금보험 주식회사,F,"출판, 영상, 방송통신 및 정보서비스업",0,국내생보사,B,SH122,업종별 대출금
2355,202006,0012455,아이비케이연금보험 주식회사,G,부동산업 및 임대업,825358207000,국내생보사,B,SH122,업종별 대출금
2356,202006,0012455,아이비케이연금보험 주식회사,H,기타,1797593041000,국내생보사,B,SH122,업종별 대출금
2357,202006,0012455,아이비케이연금보험 주식회사,I,계,3272737268000,국내생보사,B,SH122,업종별 대출금
2358,202009,0012455,아이비케이연금보험 주식회사,A,"농업, 임업 및 어업",0,국내생보사,B,SH122,업종별 대출금
2359,202009,0012455,아이비케이연금보험 주식회사,B,제조업,144000000000,국내생보사,B,SH122,업종별 대출금
2360,202009,0012455,아이비케이연금보험 주식회사,C,건설업,428705208000,국내생보사,B,SH122,업종별 대출금
2361,202009,0012455,아이비케이연금보험 주식회사,D,도매 및 소매업,0,국내생보사,B,SH122,업종별 대출금
2362,202009,0012455,아이비케이연금보험 주식회사,E,숙박 및 음식점업,110000000000,국내생보사,B,SH122,업종별 대출금
2363,202009,0012455,아이비케이연금보험 주식회사,F,"출판, 영상, 방송통신 및 정보서비스업",0,국내생보사,B,SH122,업종별 대출금
2364,202009,0012455,아이비케이연금보험 주식회사,G,부동산업 및 임대업,856249069000,국내생보사,B,SH122,업종별 대출금
2365,202009,0012455,아이비케이연금보험 주식회사,H,기타,1751895989000,국내생보사,B,SH122,업종별 대출금
2366,202009,0012455,아이비케이연금보험 주식회사,I,계,3290850266000,국내생보사,B,SH122,업종별 대출금
2367,202012,0012455,아이비케이연금보험 주식회사,A,"농업, 임업 및 어업",0,국내생보사,B,SH122,업종별 대출금
2368,202012,0012455,아이비케이연금보험 주식회사,B,제조업,134000000000,국내생보사,B,SH122,업종별 대출금
2369,202012,0012455,아이비케이연금보험 주식회사,C,건설업,543909977000,국내생보사,B,SH122,업종별 대출금
2370,202012,0012455,아이비케이연금보험 주식회사,D,도매 및 소매업,0,국내생보사,B,SH122,업종별 대출금
2371,202012,0012455,아이비케이연금보험 주식회사,E,숙박 및 음식점업,110000000000,국내생보사,B,SH122,업종별 대출금
2372,202012,0012455,아이비케이연금보험 주식회사,F,"출판, 영상, 방송통신 및 정보서비스업",0,국내생보사,B,SH122,업종별 대출금
2373,202012,0012455,아이비케이연금보험 주식회사,G,부동산업 및 임대업,853431829000,국내생보사,B,SH122,업종별 대출금
2374,202012,0012455,아이비케이연금보험 주식회사,H,기타,1735248788000,국내생보사,B,SH122,업종별 대출금
2375,202012,0012455,아이비케이연금보험 주식회사,I,계,3376590594000,국내생보사,B,SH122,업종별 대출금
2376,202103,0012455,아이비케이연금보험 주식회사,A,"농업, 임업 및 어업",0,국내생보사,B,SH122,업종별 대출금
2377,202103,0012455,아이비케이연금보험 주식회사,B,제조업,164000000000,국내생보사,B,SH122,업종별 대출금
2378,202103,0012455,아이비케이연금보험 주식회사,C,건설업,560378607000,국내생보사,B,SH122,업종별 대출금
2379,202103,0012455,아이비케이연금보험 주식회사,D,도매 및 소매업,0,국내생보사,B,SH122,업종별 대출금
2380,202103,0012455,아이비케이연금보험 주식회사,E,숙박 및 음식점업,110000000000,국내생보사,B,SH122,업종별 대출금
2381,202103,0012455,아이비케이연금보험 주식회사,F,"출판, 영상, 방송통신 및 정보서비스업",0,국내생보사,B,SH122,업종별 대출금
2382,202103,0012455,아이비케이연금보험 주식회사,G,부동산업 및 임대업,838339478000,국내생보사,B,SH122,업종별 대출금
2383,202103,0012455,아이비케이연금보험 주식회사,H,기타,1767885542000,국내생보사,B,SH122,업종별 대출금
2384,202103,0012455,아이비케이연금보험 주식회사,I,계,3440603627000,국내생보사,B,SH122,업종별 대출금
2385,202106,0012455,아이비케이연금보험 주식회사,A,"농업, 임업 및 어업",0,국내생보사,B,SH122,업종별 대출금
2386,202106,0012455,아이비케이연금보험 주식회사,B,제조업,164000000000,국내생보사,B,SH122,업종별 대출금
2387,202106,0012455,아이비케이연금보험 주식회사,C,건설업,622348321000,국내생보사,B,SH122,업종별 대출금
2388,202106,0012455,아이비케이연금보험 주식회사,D,도매 및 소매업,0,국내생보사,B,SH122,업종별 대출금
2389,202106,0012455,아이비케이연금보험 주식회사,E,숙박 및 음식점업,110000000000,국내생보사,B,SH122,업종별 대출금
2390,202106,0012455,아이비케이연금보험 주식회사,F,"출판, 영상, 방송통신 및 정보서비스업",0,국내생보사,B,SH122,업종별 대출금
2391,202106,0012455,아이비케이연금보험 주식회사,G,부동산업 및 임대업,886840947000,국내생보사,B,SH122,업종별 대출금
2392,202106,0012455,아이비케이연금보험 주식회사,H,기타,1863839870000,국내생보사,B,SH122,업종별 대출금
2393,202106,0012455,아이비케이연금보험 주식회사,I,계,3647029138000,국내생보사,B,SH122,업종별 대출금
2394,202109,0012455,아이비케이연금보험 주식회사,A,"농업, 임업 및 어업",0,국내생보사,B,SH122,업종별 대출금
2395,202109,0012455,아이비케이연금보험 주식회사,B,제조업,137000000000,국내생보사,B,SH122,업종별 대출금
2396,202109,0012455,아이비케이연금보험 주식회사,C,건설업,568215342000,국내생보사,B,SH122,업종별 대출금
2397,202109,0012455,아이비케이연금보험 주식회사,D,도매 및 소매업,0,국내생보사,B,SH122,업종별 대출금
2398,202109,0012455,아이비케이연금보험 주식회사,E,숙박 및 음식점업,140000000000,국내생보사,B,SH122,업종별 대출금
2399,202109,0012455,아이비케이연금보험 주식회사,F,"출판, 영상, 방송통신 및 정보서비스업",0,국내생보사,B,SH122,업종별 대출금
2400,202109,0012455,아이비케이연금보험 주식회사,G,부동산업 및 임대업,904737034000,국내생보사,B,SH122,업종별 대출금
2401,202109,0012455,아이비케이연금보험 주식회사,H,기타,1726476793000,국내생보사,B,SH122,업종별 대출금
2402,202109,0012455,아이비케이연금보험 주식회사,I,계,3476429169000,국내생보사,B,SH122,업종별 대출금
2403,202112,0012455,아이비케이연금보험 주식회사,A,"농업, 임업 및 어업",0,국내생보사,B,SH122,업종별 대출금
2404,202112,0012455,아이비케이연금보험 주식회사,B,제조업,137000000000,국내생보사,B,SH122,업종별 대출금
2405,202112,0012455,아이비케이연금보험 주식회사,C,건설업,514731898000,국내생보사,B,SH122,업종별 대출금
2406,202112,0012455,아이비케이연금보험 주식회사,D,도매 및 소매업,0,국내생보사,B,SH122,업종별 대출금
2407,202112,0012455,아이비케이연금보험 주식회사,E,숙박 및 음식점업,140000000000,국내생보사,B,SH122,업종별 대출금
2408,202112,0012455,아이비케이연금보험 주식회사,F,"출판, 영상, 방송통신 및 정보서비스업",0,국내생보사,B,SH122,업종별 대출금
2409,202112,0012455,아이비케이연금보험 주식회사,G,부동산업 및 임대업,916916244000,국내생보사,B,SH122,업종별 대출금
2410,202112,0012455,아이비케이연금보험 주식회사,H,기타,1830236750000,국내생보사,B,SH122,업종별 대출금
2411,202112,0012455,아이비케이연금보험 주식회사,I,계,3538884892000,국내생보사,B,SH122,업종별 대출금
2412,202203,0012455,아이비케이연금보험 주식회사,A,"농업, 임업 및 어업",0,국내생보사,B,SH122,업종별 대출금
2413,202203,0012455,아이비케이연금보험 주식회사,B,제조업,137000000000,국내생보사,B,SH122,업종별 대출금
2414,202203,0012455,아이비케이연금보험 주식회사,C,건설업,488010992000,국내생보사,B,SH122,업종별 대출금
2415,202203,0012455,아이비케이연금보험 주식회사,D,도매 및 소매업,0,국내생보사,B,SH122,업종별 대출금
2416,202203,0012455,아이비케이연금보험 주식회사,E,숙박 및 음식점업,140000000000,국내생보사,B,SH122,업종별 대출금
2417,202203,0012455,아이비케이연금보험 주식회사,F,"출판, 영상, 방송통신 및 정보서비스업",0,국내생보사,B,SH122,업종별 대출금
2418,202203,0012455,아이비케이연금보험 주식회사,G,부동산업 및 임대업,916260829000,국내생보사,B,SH122,업종별 대출금
2419,202203,0012455,아이비케이연금보험 주식회사,H,기타,1883952431000,국내생보사,B,SH122,업종별 대출금
2420,202203,0012455,아이비케이연금보험 주식회사,I,계,3565224252000,국내생보사,B,SH122,업종별 대출금
2421,202206,0012455,아이비케이연금보험 주식회사,A,"농업, 임업 및 어업",0,국내생보사,B,SH122,업종별 대출금
2422,202206,0012455,아이비케이연금보험 주식회사,B,제조업,136475000000,국내생보사,B,SH122,업종별 대출금
2423,202206,0012455,아이비케이연금보험 주식회사,C,건설업,476401998000,국내생보사,B,SH122,업종별 대출금
2424,202206,0012455,아이비케이연금보험 주식회사,D,도매 및 소매업,0,국내생보사,B,SH122,업종별 대출금
2425,202206,0012455,아이비케이연금보험 주식회사,E,숙박 및 음식점업,141000012000,국내생보사,B,SH122,업종별 대출금
2426,202206,0012455,아이비케이연금보험 주식회사,F,"출판, 영상, 방송통신 및 정보서비스업",0,국내생보사,B,SH122,업종별 대출금
2427,202206,0012455,아이비케이연금보험 주식회사,G,부동산업 및 임대업,814543004000,국내생보사,B,SH122,업종별 대출금
2428,202206,0012455,아이비케이연금보험 주식회사,H,기타,1891519054000,국내생보사,B,SH122,업종별 대출금
2429,202206,0012455,아이비케이연금보험 주식회사,I,계,3459939068000,국내생보사,B,SH122,업종별 대출금
2430,202209,0012455,아이비케이연금보험 주식회사,A,"농업, 임업 및 어업",0,국내생보사,B,SH122,업종별 대출금
2431,202209,0012455,아이비케이연금보험 주식회사,B,제조업,136475000000,국내생보사,B,SH122,업종별 대출금
2432,202209,0012455,아이비케이연금보험 주식회사,C,건설업,501348532000,국내생보사,B,SH122,업종별 대출금
2433,202209,0012455,아이비케이연금보험 주식회사,D,도매 및 소매업,0,국내생보사,B,SH122,업종별 대출금
2434,202209,0012455,아이비케이연금보험 주식회사,E,숙박 및 음식점업,141000012000,국내생보사,B,SH122,업종별 대출금
2435,202209,0012455,아이비케이연금보험 주식회사,F,"출판, 영상, 방송통신 및 정보서비스업",0,국내생보사,B,SH122,업종별 대출금
2436,202209,0012455,아이비케이연금보험 주식회사,G,부동산업 및 임대업,914160241000,국내생보사,B,SH122,업종별 대출금
2437,202209,0012455,아이비케이연금보험 주식회사,H,기타,1933197662000,국내생보사,B,SH122,업종별 대출금
2438,202209,0012455,아이비케이연금보험 주식회사,I,계,3626181447000,국내생보사,B,SH122,업종별 대출금
2439,202212,0012455,아이비케이연금보험 주식회사,A,"농업, 임업 및 어업",0,국내생보사,B,SH122,업종별 대출금
2440,202212,0012455,아이비케이연금보험 주식회사,B,제조업,135950000000,국내생보사,B,SH122,업종별 대출금
2441,202212,0012455,아이비케이연금보험 주식회사,C,건설업,704216165000,국내생보사,B,SH122,업종별 대출금
2442,202212,0012455,아이비케이연금보험 주식회사,D,도매 및 소매업,0,국내생보사,B,SH122,업종별 대출금
2443,202212,0012455,아이비케이연금보험 주식회사,E,숙박 및 음식점업,142000006000,국내생보사,B,SH122,업종별 대출금
2444,202212,0012455,아이비케이연금보험 주식회사,F,"출판, 영상, 방송통신 및 정보서비스업",0,국내생보사,B,SH122,업종별 대출금
2445,202212,0012455,아이비케이연금보험 주식회사,G,부동산업 및 임대업,841351217000,국내생보사,B,SH122,업종별 대출금
2446,202212,0012455,아이비케이연금보험 주식회사,H,기타,1914824709000,국내생보사,B,SH122,업종별 대출금
2447,202212,0012455,아이비케이연금보험 주식회사,I,계,3738342097000,국내생보사,B,SH122,업종별 대출금
2448,202303,0012455,아이비케이연금보험 주식회사,A,"농업, 임업 및 어업",0,국내생보사,B,SH122,업종별 대출금
2449,202303,0012455,아이비케이연금보험 주식회사,B,제조업,159900000000,국내생보사,B,SH122,업종별 대출금
2450,202303,0012455,아이비케이연금보험 주식회사,C,건설업,669943547000,국내생보사,B,SH122,업종별 대출금
2451,202303,0012455,아이비케이연금보험 주식회사,D,도매 및 소매업,0,국내생보사,B,SH122,업종별 대출금
2452,202303,0012455,아이비케이연금보험 주식회사,E,숙박 및 음식점업,142000006000,국내생보사,B,SH122,업종별 대출금
2453,202303,0012455,아이비케이연금보험 주식회사,F,"출판, 영상, 방송통신 및 정보서비스업",0,국내생보사,B,SH122,업종별 대출금
2454,202303,0012455,아이비케이연금보험 주식회사,G,부동산업 및 임대업,731543724000,국내생보사,B,SH122,업종별 대출금
2455,202303,0012455,아이비케이연금보험 주식회사,H,기타,1896119609000,국내생보사,B,SH122,업종별 대출금
2456,202303,0012455,아이비케이연금보험 주식회사,I,계,3599506886000,국내생보사,B,SH122,업종별 대출금
2457,202306,0012455,아이비케이연금보험 주식회사,A,"농업, 임업 및 어업",0,국내생보사,B,SH122,업종별 대출금
2458,202306,0012455,아이비케이연금보험 주식회사,B,제조업,111880000000,국내생보사,B,SH122,업종별 대출금
2459,202306,0012455,아이비케이연금보험 주식회사,C,건설업,712109328000,국내생보사,B,SH122,업종별 대출금
2460,202306,0012455,아이비케이연금보험 주식회사,D,도매 및 소매업,0,국내생보사,B,SH122,업종별 대출금
2461,202306,0012455,아이비케이연금보험 주식회사,E,숙박 및 음식점업,143000000000,국내생보사,B,SH122,업종별 대출금
2462,202306,0012455,아이비케이연금보험 주식회사,F,"출판, 영상, 방송통신 및 정보서비스업",0,국내생보사,B,SH122,업종별 대출금
2463,202306,0012455,아이비케이연금보험 주식회사,G,부동산업 및 임대업,743790644000,국내생보사,B,SH122,업종별 대출금
2464,202306,0012455,아이비케이연금보험 주식회사,H,기타,1870611066000,국내생보사,B,SH122,업종별 대출금
2465,202306,0012455,아이비케이연금보험 주식회사,I,계,3581391038000,국내생보사,B,SH122,업종별 대출금
2466,202309,0012455,아이비케이연금보험 주식회사,A,"농업, 임업 및 어업",0,국내생보사,B,SH122,업종별 대출금
2467,202309,0012455,아이비케이연금보험 주식회사,B,제조업,116380000000,국내생보사,B,SH122,업종별 대출금
2468,202309,0012455,아이비케이연금보험 주식회사,C,건설업,783285294000,국내생보사,B,SH122,업종별 대출금
2469,202309,0012455,아이비케이연금보험 주식회사,D,도매 및 소매업,0,국내생보사,B,SH122,업종별 대출금
2470,202309,0012455,아이비케이연금보험 주식회사,E,숙박 및 음식점업,143000000000,국내생보사,B,SH122,업종별 대출금
2471,202309,0012455,아이비케이연금보험 주식회사,F,"출판, 영상, 방송통신 및 정보서비스업",410000000,국내생보사,B,SH122,업종별 대출금
2472,202309,0012455,아이비케이연금보험 주식회사,G,부동산업 및 임대업,800545076000,국내생보사,B,SH122,업종별 대출금
2473,202309,0012455,아이비케이연금보험 주식회사,H,기타,1949980715000,국내생보사,B,SH122,업종별 대출금
2474,202309,0012455,아이비케이연금보험 주식회사,I,계,3793601085000,국내생보사,B,SH122,업종별 대출금
2475,202312,0012455,아이비케이연금보험 주식회사,A,"농업, 임업 및 어업",0,국내생보사,B,SH122,업종별 대출금
2476,202312,0012455,아이비케이연금보험 주식회사,B,제조업,117097000000,국내생보사,B,SH122,업종별 대출금
2477,202312,0012455,아이비케이연금보험 주식회사,C,건설업,670289442000,국내생보사,B,SH122,업종별 대출금
2478,202312,0012455,아이비케이연금보험 주식회사,D,도매 및 소매업,0,국내생보사,B,SH122,업종별 대출금
2479,202312,0012455,아이비케이연금보험 주식회사,E,숙박 및 음식점업,140000000000,국내생보사,B,SH122,업종별 대출금
2480,202312,0012455,아이비케이연금보험 주식회사,F,"출판, 영상, 방송통신 및 정보서비스업",2865600000,국내생보사,B,SH122,업종별 대출금
2481,202312,0012455,아이비케이연금보험 주식회사,G,부동산업 및 임대업,721131886000,국내생보사,B,SH122,업종별 대출금
2482,202312,0012455,아이비케이연금보험 주식회사,H,기타,1973544727000,국내생보사,B,SH122,업종별 대출금
2483,202312,0012455,아이비케이연금보험 주식회사,I,계,3624928655000,국내생보사,B,SH122,업종별 대출금
2484,202403,0012455,아이비케이연금보험 주식회사,A,"농업, 임업 및 어업",0,국내생보사,B,SH122,업종별 대출금
2485,202403,0012455,아이비케이연금보험 주식회사,B,제조업,118924000000,국내생보사,B,SH122,업종별 대출금
2486,202403,0012455,아이비케이연금보험 주식회사,C,건설업,631930462000,국내생보사,B,SH122,업종별 대출금
2487,202403,0012455,아이비케이연금보험 주식회사,D,도매 및 소매업,0,국내생보사,B,SH122,업종별 대출금
2488,202403,0012455,아이비케이연금보험 주식회사,E,숙박 및 음식점업,140000000000,국내생보사,B,SH122,업종별 대출금
2489,202403,0012455,아이비케이연금보험 주식회사,F,"출판, 영상, 방송통신 및 정보서비스업",11558600000,국내생보사,B,SH122,업종별 대출금
2490,202403,0012455,아이비케이연금보험 주식회사,G,부동산업 및 임대업,689138651000,국내생보사,B,SH122,업종별 대출금
2491,202403,0012455,아이비케이연금보험 주식회사,H,기타,2014768407000,국내생보사,B,SH122,업종별 대출금
2492,202403,0012455,아이비케이연금보험 주식회사,I,계,3606320120000,국내생보사,B,SH122,업종별 대출금
2493,202406,0012455,아이비케이연금보험 주식회사,A,"농업, 임업 및 어업",0,국내생보사,B,SH122,업종별 대출금
2494,202406,0012455,아이비케이연금보험 주식회사,B,제조업,126340000000,국내생보사,B,SH122,업종별 대출금
2495,202406,0012455,아이비케이연금보험 주식회사,C,건설업,563776327000,국내생보사,B,SH122,업종별 대출금
2496,202406,0012455,아이비케이연금보험 주식회사,D,도매 및 소매업,0,국내생보사,B,SH122,업종별 대출금
2497,202406,0012455,아이비케이연금보험 주식회사,E,숙박 및 음식점업,140000000000,국내생보사,B,SH122,업종별 대출금
2498,202406,0012455,아이비케이연금보험 주식회사,F,"출판, 영상, 방송통신 및 정보서비스업",26303100000,국내생보사,B,SH122,업종별 대출금
2499,202406,0012455,아이비케이연금보험 주식회사,G,부동산업 및 임대업,662592767000,국내생보사,B,SH122,업종별 대출금
2500,202406,0012455,아이비케이연금보험 주식회사,H,기타,2224108724000,국내생보사,B,SH122,업종별 대출금
2501,202406,0012455,아이비케이연금보험 주식회사,I,계,3743120918000,국내생보사,B,SH122,업종별 대출금
2502,202409,0012455,아이비케이연금보험 주식회사,A,"농업, 임업 및 어업",0,국내생보사,B,SH122,업종별 대출금
2503,202409,0012455,아이비케이연금보험 주식회사,B,제조업,159299000000,국내생보사,B,SH122,업종별 대출금
2504,202409,0012455,아이비케이연금보험 주식회사,C,건설업,560726792000,국내생보사,B,SH122,업종별 대출금
2505,202409,0012455,아이비케이연금보험 주식회사,D,도매 및 소매업,0,국내생보사,B,SH122,업종별 대출금
2506,202409,0012455,아이비케이연금보험 주식회사,E,숙박 및 음식점업,140000000000,국내생보사,B,SH122,업종별 대출금
2507,202409,0012455,아이비케이연금보험 주식회사,F,"출판, 영상, 방송통신 및 정보서비스업",29180100000,국내생보사,B,SH122,업종별 대출금
2508,202409,0012455,아이비케이연금보험 주식회사,G,부동산업 및 임대업,733716021000,국내생보사,B,SH122,업종별 대출금
2509,202409,0012455,아이비케이연금보험 주식회사,H,기타,2255093013000,국내생보사,B,SH122,업종별 대출금
2510,202409,0012455,아이비케이연금보험 주식회사,I,계,3878014926000,국내생보사,B,SH122,업종별 대출금
2511,202412,0012455,아이비케이연금보험 주식회사,A,"농업, 임업 및 어업",0,국내생보사,B,SH122,업종별 대출금
2512,202412,0012455,아이비케이연금보험 주식회사,B,제조업,160437000000,국내생보사,B,SH122,업종별 대출금
2513,202412,0012455,아이비케이연금보험 주식회사,C,건설업,552744587000,국내생보사,B,SH122,업종별 대출금
2514,202412,0012455,아이비케이연금보험 주식회사,D,도매 및 소매업,0,국내생보사,B,SH122,업종별 대출금
2515,202412,0012455,아이비케이연금보험 주식회사,E,숙박 및 음식점업,140000000000,국내생보사,B,SH122,업종별 대출금
2516,202412,0012455,아이비케이연금보험 주식회사,F,"출판, 영상, 방송통신 및 정보서비스업",35793600000,국내생보사,B,SH122,업종별 대출금
2517,202412,0012455,아이비케이연금보험 주식회사,G,부동산업 및 임대업,733005038000,국내생보사,B,SH122,업종별 대출금
2518,202412,0012455,아이비케이연금보험 주식회사,H,기타,2369281066000,국내생보사,B,SH122,업종별 대출금
2519,202412,0012455,아이비케이연금보험 주식회사,I,계,3991261291000,국내생보사,B,SH122,업종별 대출금
2520,202503,0012455,아이비케이연금보험 주식회사,A,"농업, 임업 및 어업",0,국내생보사,B,SH122,업종별 대출금
2521,202503,0012455,아이비케이연금보험 주식회사,B,제조업,252800000000,국내생보사,B,SH122,업종별 대출금
2522,202503,0012455,아이비케이연금보험 주식회사,C,건설업,518488037000,국내생보사,B,SH122,업종별 대출금
2523,202503,0012455,아이비케이연금보험 주식회사,D,도매 및 소매업,39997690000,국내생보사,B,SH122,업종별 대출금
2524,202503,0012455,아이비케이연금보험 주식회사,E,숙박 및 음식점업,140000000000,국내생보사,B,SH122,업종별 대출금
2525,202503,0012455,아이비케이연금보험 주식회사,F,"출판, 영상, 방송통신 및 정보서비스업",40451600000,국내생보사,B,SH122,업종별 대출금
2526,202503,0012455,아이비케이연금보험 주식회사,G,부동산업 및 임대업,819018269000,국내생보사,B,SH122,업종별 대출금
2527,202503,0012455,아이비케이연금보험 주식회사,H,기타,2468425179000,국내생보사,B,SH122,업종별 대출금
2528,202503,0012455,아이비케이연금보험 주식회사,I,계,4279180775000,국내생보사,B,SH122,업종별 대출금
2529,201703,0010605,아이엠라이프생명보험 주식회사,A,"농업, 임업 및 어업",0,국내생보사,B,SH122,업종별 대출금
2530,201703,0010605,아이엠라이프생명보험 주식회사,B,제조업,0,국내생보사,B,SH122,업종별 대출금
2531,201703,0010605,아이엠라이프생명보험 주식회사,C,건설업,0,국내생보사,B,SH122,업종별 대출금
2532,201703,0010605,아이엠라이프생명보험 주식회사,D,도매 및 소매업,0,국내생보사,B,SH122,업종별 대출금
2533,201703,0010605,아이엠라이프생명보험 주식회사,E,숙박 및 음식점업,0,국내생보사,B,SH122,업종별 대출금
2534,201703,0010605,아이엠라이프생명보험 주식회사,F,"출판, 영상, 방송통신 및 정보서비스업",0,국내생보사,B,SH122,업종별 대출금
2535,201703,0010605,아이엠라이프생명보험 주식회사,G,부동산업 및 임대업,0,국내생보사,B,SH122,업종별 대출금
2536,201703,0010605,아이엠라이프생명보험 주식회사,H,기타,30280676000,국내생보사,B,SH122,업종별 대출금
2537,201703,0010605,아이엠라이프생명보험 주식회사,I,계,30280676000,국내생보사,B,SH122,업종별 대출금
2538,201706,0010605,아이엠라이프생명보험 주식회사,A,"농업, 임업 및 어업",0,국내생보사,B,SH122,업종별 대출금
2539,201706,0010605,아이엠라이프생명보험 주식회사,B,제조업,0,국내생보사,B,SH122,업종별 대출금
2540,201706,0010605,아이엠라이프생명보험 주식회사,C,건설업,0,국내생보사,B,SH122,업종별 대출금
2541,201706,0010605,아이엠라이프생명보험 주식회사,D,도매 및 소매업,0,국내생보사,B,SH122,업종별 대출금
2542,201706,0010605,아이엠라이프생명보험 주식회사,E,숙박 및 음식점업,0,국내생보사,B,SH122,업종별 대출금
2543,201706,0010605,아이엠라이프생명보험 주식회사,F,"출판, 영상, 방송통신 및 정보서비스업",0,국내생보사,B,SH122,업종별 대출금
2544,201706,0010605,아이엠라이프생명보험 주식회사,G,부동산업 및 임대업,0,국내생보사,B,SH122,업종별 대출금
2545,201706,0010605,아이엠라이프생명보험 주식회사,H,기타,29913109000,국내생보사,B,SH122,업종별 대출금
2546,201706,0010605,아이엠라이프생명보험 주식회사,I,계,29913109000,국내생보사,B,SH122,업종별 대출금
2547,201709,0010605,아이엠라이프생명보험 주식회사,A,"농업, 임업 및 어업",0,국내생보사,B,SH122,업종별 대출금
2548,201709,0010605,아이엠라이프생명보험 주식회사,B,제조업,0,국내생보사,B,SH122,업종별 대출금
2549,201709,0010605,아이엠라이프생명보험 주식회사,C,건설업,0,국내생보사,B,SH122,업종별 대출금
2550,201709,0010605,아이엠라이프생명보험 주식회사,D,도매 및 소매업,0,국내생보사,B,SH122,업종별 대출금
2551,201709,0010605,아이엠라이프생명보험 주식회사,E,숙박 및 음식점업,0,국내생보사,B,SH122,업종별 대출금
2552,201709,0010605,아이엠라이프생명보험 주식회사,F,"출판, 영상, 방송통신 및 정보서비스업",0,국내생보사,B,SH122,업종별 대출금
2553,201709,0010605,아이엠라이프생명보험 주식회사,G,부동산업 및 임대업,0,국내생보사,B,SH122,업종별 대출금
2554,201709,0010605,아이엠라이프생명보험 주식회사,H,기타,29621920000,국내생보사,B,SH122,업종별 대출금
2555,201709,0010605,아이엠라이프생명보험 주식회사,I,계,29621920000,국내생보사,B,SH122,업종별 대출금
2556,201712,0010605,아이엠라이프생명보험 주식회사,A,"농업, 임업 및 어업",0,국내생보사,B,SH122,업종별 대출금
2557,201712,0010605,아이엠라이프생명보험 주식회사,B,제조업,0,국내생보사,B,SH122,업종별 대출금
2558,201712,0010605,아이엠라이프생명보험 주식회사,C,건설업,0,국내생보사,B,SH122,업종별 대출금
2559,201712,0010605,아이엠라이프생명보험 주식회사,D,도매 및 소매업,0,국내생보사,B,SH122,업종별 대출금
2560,201712,0010605,아이엠라이프생명보험 주식회사,E,숙박 및 음식점업,0,국내생보사,B,SH122,업종별 대출금
2561,201712,0010605,아이엠라이프생명보험 주식회사,F,"출판, 영상, 방송통신 및 정보서비스업",0,국내생보사,B,SH122,업종별 대출금
2562,201712,0010605,아이엠라이프생명보험 주식회사,G,부동산업 및 임대업,0,국내생보사,B,SH122,업종별 대출금
2563,201712,0010605,아이엠라이프생명보험 주식회사,H,기타,29270680000,국내생보사,B,SH122,업종별 대출금
2564,201712,0010605,아이엠라이프생명보험 주식회사,I,계,29270680000,국내생보사,B,SH122,업종별 대출금
2565,201803,0010605,아이엠라이프생명보험 주식회사,A,"농업, 임업 및 어업",0,국내생보사,B,SH122,업종별 대출금
2566,201803,0010605,아이엠라이프생명보험 주식회사,B,제조업,0,국내생보사,B,SH122,업종별 대출금
2567,201803,0010605,아이엠라이프생명보험 주식회사,C,건설업,0,국내생보사,B,SH122,업종별 대출금
2568,201803,0010605,아이엠라이프생명보험 주식회사,D,도매 및 소매업,0,국내생보사,B,SH122,업종별 대출금
2569,201803,0010605,아이엠라이프생명보험 주식회사,E,숙박 및 음식점업,0,국내생보사,B,SH122,업종별 대출금
2570,201803,0010605,아이엠라이프생명보험 주식회사,F,"출판, 영상, 방송통신 및 정보서비스업",0,국내생보사,B,SH122,업종별 대출금
2571,201803,0010605,아이엠라이프생명보험 주식회사,G,부동산업 및 임대업,0,국내생보사,B,SH122,업종별 대출금
2572,201803,0010605,아이엠라이프생명보험 주식회사,H,기타,28782978000,국내생보사,B,SH122,업종별 대출금
2573,201803,0010605,아이엠라이프생명보험 주식회사,I,계,28782978000,국내생보사,B,SH122,업종별 대출금
2574,201806,0010605,아이엠라이프생명보험 주식회사,A,"농업, 임업 및 어업",0,국내생보사,B,SH122,업종별 대출금
2575,201806,0010605,아이엠라이프생명보험 주식회사,B,제조업,0,국내생보사,B,SH122,업종별 대출금
2576,201806,0010605,아이엠라이프생명보험 주식회사,C,건설업,0,국내생보사,B,SH122,업종별 대출금
2577,201806,0010605,아이엠라이프생명보험 주식회사,D,도매 및 소매업,0,국내생보사,B,SH122,업종별 대출금
2578,201806,0010605,아이엠라이프생명보험 주식회사,E,숙박 및 음식점업,0,국내생보사,B,SH122,업종별 대출금
2579,201806,0010605,아이엠라이프생명보험 주식회사,F,"출판, 영상, 방송통신 및 정보서비스업",0,국내생보사,B,SH122,업종별 대출금
2580,201806,0010605,아이엠라이프생명보험 주식회사,G,부동산업 및 임대업,0,국내생보사,B,SH122,업종별 대출금
2581,201806,0010605,아이엠라이프생명보험 주식회사,H,기타,28354801000,국내생보사,B,SH122,업종별 대출금
2582,201806,0010605,아이엠라이프생명보험 주식회사,I,계,28354801000,국내생보사,B,SH122,업종별 대출금
2583,201809,0010605,아이엠라이프생명보험 주식회사,A,"농업, 임업 및 어업",0,국내생보사,B,SH122,업종별 대출금
2584,201809,0010605,아이엠라이프생명보험 주식회사,B,제조업,0,국내생보사,B,SH122,업종별 대출금
2585,201809,0010605,아이엠라이프생명보험 주식회사,C,건설업,0,국내생보사,B,SH122,업종별 대출금
2586,201809,0010605,아이엠라이프생명보험 주식회사,D,도매 및 소매업,0,국내생보사,B,SH122,업종별 대출금
2587,201809,0010605,아이엠라이프생명보험 주식회사,E,숙박 및 음식점업,0,국내생보사,B,SH122,업종별 대출금
2588,201809,0010605,아이엠라이프생명보험 주식회사,F,"출판, 영상, 방송통신 및 정보서비스업",0,국내생보사,B,SH122,업종별 대출금
2589,201809,0010605,아이엠라이프생명보험 주식회사,G,부동산업 및 임대업,0,국내생보사,B,SH122,업종별 대출금
2590,201809,0010605,아이엠라이프생명보험 주식회사,H,기타,27846197000,국내생보사,B,SH122,업종별 대출금
2591,201809,0010605,아이엠라이프생명보험 주식회사,I,계,27846197000,국내생보사,B,SH122,업종별 대출금
2592,201812,0010605,아이엠라이프생명보험 주식회사,A,"농업, 임업 및 어업",0,국내생보사,B,SH122,업종별 대출금
2593,201812,0010605,아이엠라이프생명보험 주식회사,B,제조업,0,국내생보사,B,SH122,업종별 대출금
2594,201812,0010605,아이엠라이프생명보험 주식회사,C,건설업,0,국내생보사,B,SH122,업종별 대출금
2595,201812,0010605,아이엠라이프생명보험 주식회사,D,도매 및 소매업,0,국내생보사,B,SH122,업종별 대출금
2596,201812,0010605,아이엠라이프생명보험 주식회사,E,숙박 및 음식점업,0,국내생보사,B,SH122,업종별 대출금
2597,201812,0010605,아이엠라이프생명보험 주식회사,F,"출판, 영상, 방송통신 및 정보서비스업",0,국내생보사,B,SH122,업종별 대출금
2598,201812,0010605,아이엠라이프생명보험 주식회사,G,부동산업 및 임대업,0,국내생보사,B,SH122,업종별 대출금
2599,201812,0010605,아이엠라이프생명보험 주식회사,H,기타,27054517000,국내생보사,B,SH122,업종별 대출금
2600,201812,0010605,아이엠라이프생명보험 주식회사,I,계,27054517000,국내생보사,B,SH122,업종별 대출금
2601,201903,0010605,아이엠라이프생명보험 주식회사,A,"농업, 임업 및 어업",0,국내생보사,B,SH122,업종별 대출금
2602,201903,0010605,아이엠라이프생명보험 주식회사,B,제조업,0,국내생보사,B,SH122,업종별 대출금
2603,201903,0010605,아이엠라이프생명보험 주식회사,C,건설업,0,국내생보사,B,SH122,업종별 대출금
2604,201903,0010605,아이엠라이프생명보험 주식회사,D,도매 및 소매업,0,국내생보사,B,SH122,업종별 대출금
2605,201903,0010605,아이엠라이프생명보험 주식회사,E,숙박 및 음식점업,0,국내생보사,B,SH122,업종별 대출금
2606,201903,0010605,아이엠라이프생명보험 주식회사,F,"출판, 영상, 방송통신 및 정보서비스업",0,국내생보사,B,SH122,업종별 대출금
2607,201903,0010605,아이엠라이프생명보험 주식회사,G,부동산업 및 임대업,20000000000,국내생보사,B,SH122,업종별 대출금
2608,201903,0010605,아이엠라이프생명보험 주식회사,H,기타,26903755000,국내생보사,B,SH122,업종별 대출금
2609,201903,0010605,아이엠라이프생명보험 주식회사,I,계,46903755000,국내생보사,B,SH122,업종별 대출금
2610,201906,0010605,아이엠라이프생명보험 주식회사,A,"농업, 임업 및 어업",0,국내생보사,B,SH122,업종별 대출금
2611,201906,0010605,아이엠라이프생명보험 주식회사,B,제조업,0,국내생보사,B,SH122,업종별 대출금
2612,201906,0010605,아이엠라이프생명보험 주식회사,C,건설업,0,국내생보사,B,SH122,업종별 대출금
2613,201906,0010605,아이엠라이프생명보험 주식회사,D,도매 및 소매업,0,국내생보사,B,SH122,업종별 대출금
2614,201906,0010605,아이엠라이프생명보험 주식회사,E,숙박 및 음식점업,0,국내생보사,B,SH122,업종별 대출금
2615,201906,0010605,아이엠라이프생명보험 주식회사,F,"출판, 영상, 방송통신 및 정보서비스업",0,국내생보사,B,SH122,업종별 대출금
2616,201906,0010605,아이엠라이프생명보험 주식회사,G,부동산업 및 임대업,0,국내생보사,B,SH122,업종별 대출금
2617,201906,0010605,아이엠라이프생명보험 주식회사,H,기타,26956537000,국내생보사,B,SH122,업종별 대출금
2618,201906,0010605,아이엠라이프생명보험 주식회사,I,계,26956537000,국내생보사,B,SH122,업종별 대출금
2619,201909,0010605,아이엠라이프생명보험 주식회사,A,"농업, 임업 및 어업",0,국내생보사,B,SH122,업종별 대출금
2620,201909,0010605,아이엠라이프생명보험 주식회사,B,제조업,0,국내생보사,B,SH122,업종별 대출금
2621,201909,0010605,아이엠라이프생명보험 주식회사,C,건설업,0,국내생보사,B,SH122,업종별 대출금
2622,201909,0010605,아이엠라이프생명보험 주식회사,D,도매 및 소매업,0,국내생보사,B,SH122,업종별 대출금
2623,201909,0010605,아이엠라이프생명보험 주식회사,E,숙박 및 음식점업,0,국내생보사,B,SH122,업종별 대출금
2624,201909,0010605,아이엠라이프생명보험 주식회사,F,"출판, 영상, 방송통신 및 정보서비스업",0,국내생보사,B,SH122,업종별 대출금
2625,201909,0010605,아이엠라이프생명보험 주식회사,G,부동산업 및 임대업,0,국내생보사,B,SH122,업종별 대출금
2626,201909,0010605,아이엠라이프생명보험 주식회사,H,기타,26052607000,국내생보사,B,SH122,업종별 대출금
2627,201909,0010605,아이엠라이프생명보험 주식회사,I,계,26052607000,국내생보사,B,SH122,업종별 대출금
2628,201912,0010605,아이엠라이프생명보험 주식회사,A,"농업, 임업 및 어업",0,국내생보사,B,SH122,업종별 대출금
2629,201912,0010605,아이엠라이프생명보험 주식회사,B,제조업,0,국내생보사,B,SH122,업종별 대출금
2630,201912,0010605,아이엠라이프생명보험 주식회사,C,건설업,0,국내생보사,B,SH122,업종별 대출금
2631,201912,0010605,아이엠라이프생명보험 주식회사,D,도매 및 소매업,0,국내생보사,B,SH122,업종별 대출금
2632,201912,0010605,아이엠라이프생명보험 주식회사,E,숙박 및 음식점업,0,국내생보사,B,SH122,업종별 대출금
2633,201912,0010605,아이엠라이프생명보험 주식회사,F,"출판, 영상, 방송통신 및 정보서비스업",0,국내생보사,B,SH122,업종별 대출금
2634,201912,0010605,아이엠라이프생명보험 주식회사,G,부동산업 및 임대업,0,국내생보사,B,SH122,업종별 대출금
2635,201912,0010605,아이엠라이프생명보험 주식회사,H,기타,25618946000,국내생보사,B,SH122,업종별 대출금
2636,201912,0010605,아이엠라이프생명보험 주식회사,I,계,25618946000,국내생보사,B,SH122,업종별 대출금
2637,202003,0010605,아이엠라이프생명보험 주식회사,A,"농업, 임업 및 어업",0,국내생보사,B,SH122,업종별 대출금
2638,202003,0010605,아이엠라이프생명보험 주식회사,B,제조업,0,국내생보사,B,SH122,업종별 대출금
2639,202003,0010605,아이엠라이프생명보험 주식회사,C,건설업,0,국내생보사,B,SH122,업종별 대출금
2640,202003,0010605,아이엠라이프생명보험 주식회사,D,도매 및 소매업,0,국내생보사,B,SH122,업종별 대출금
2641,202003,0010605,아이엠라이프생명보험 주식회사,E,숙박 및 음식점업,0,국내생보사,B,SH122,업종별 대출금
2642,202003,0010605,아이엠라이프생명보험 주식회사,F,"출판, 영상, 방송통신 및 정보서비스업",0,국내생보사,B,SH122,업종별 대출금
2643,202003,0010605,아이엠라이프생명보험 주식회사,G,부동산업 및 임대업,6472002000,국내생보사,B,SH122,업종별 대출금
2644,202003,0010605,아이엠라이프생명보험 주식회사,H,기타,25380861000,국내생보사,B,SH122,업종별 대출금
2645,202003,0010605,아이엠라이프생명보험 주식회사,I,계,31852863000,국내생보사,B,SH122,업종별 대출금
2646,202006,0010605,아이엠라이프생명보험 주식회사,A,"농업, 임업 및 어업",0,국내생보사,B,SH122,업종별 대출금
2647,202006,0010605,아이엠라이프생명보험 주식회사,B,제조업,0,국내생보사,B,SH122,업종별 대출금
2648,202006,0010605,아이엠라이프생명보험 주식회사,C,건설업,0,국내생보사,B,SH122,업종별 대출금
2649,202006,0010605,아이엠라이프생명보험 주식회사,D,도매 및 소매업,0,국내생보사,B,SH122,업종별 대출금
2650,202006,0010605,아이엠라이프생명보험 주식회사,E,숙박 및 음식점업,0,국내생보사,B,SH122,업종별 대출금
2651,202006,0010605,아이엠라이프생명보험 주식회사,F,"출판, 영상, 방송통신 및 정보서비스업",0,국내생보사,B,SH122,업종별 대출금
2652,202006,0010605,아이엠라이프생명보험 주식회사,G,부동산업 및 임대업,7358212000,국내생보사,B,SH122,업종별 대출금
2653,202006,0010605,아이엠라이프생명보험 주식회사,H,기타,25641806000,국내생보사,B,SH122,업종별 대출금
2654,202006,0010605,아이엠라이프생명보험 주식회사,I,계,33000018000,국내생보사,B,SH122,업종별 대출금
2655,202009,0010605,아이엠라이프생명보험 주식회사,A,"농업, 임업 및 어업",0,국내생보사,B,SH122,업종별 대출금
2656,202009,0010605,아이엠라이프생명보험 주식회사,B,제조업,0,국내생보사,B,SH122,업종별 대출금
2657,202009,0010605,아이엠라이프생명보험 주식회사,C,건설업,0,국내생보사,B,SH122,업종별 대출금
2658,202009,0010605,아이엠라이프생명보험 주식회사,D,도매 및 소매업,0,국내생보사,B,SH122,업종별 대출금
2659,202009,0010605,아이엠라이프생명보험 주식회사,E,숙박 및 음식점업,0,국내생보사,B,SH122,업종별 대출금
2660,202009,0010605,아이엠라이프생명보험 주식회사,F,"출판, 영상, 방송통신 및 정보서비스업",0,국내생보사,B,SH122,업종별 대출금
2661,202009,0010605,아이엠라이프생명보험 주식회사,G,부동산업 및 임대업,14666213000,국내생보사,B,SH122,업종별 대출금
2662,202009,0010605,아이엠라이프생명보험 주식회사,H,기타,25978407000,국내생보사,B,SH122,업종별 대출금
2663,202009,0010605,아이엠라이프생명보험 주식회사,I,계,40644620000,국내생보사,B,SH122,업종별 대출금
2664,202012,0010605,아이엠라이프생명보험 주식회사,A,"농업, 임업 및 어업",0,국내생보사,B,SH122,업종별 대출금
2665,202012,0010605,아이엠라이프생명보험 주식회사,B,제조업,0,국내생보사,B,SH122,업종별 대출금
2666,202012,0010605,아이엠라이프생명보험 주식회사,C,건설업,0,국내생보사,B,SH122,업종별 대출금
2667,202012,0010605,아이엠라이프생명보험 주식회사,D,도매 및 소매업,0,국내생보사,B,SH122,업종별 대출금
2668,202012,0010605,아이엠라이프생명보험 주식회사,E,숙박 및 음식점업,0,국내생보사,B,SH122,업종별 대출금
2669,202012,0010605,아이엠라이프생명보험 주식회사,F,"출판, 영상, 방송통신 및 정보서비스업",0,국내생보사,B,SH122,업종별 대출금
2670,202012,0010605,아이엠라이프생명보험 주식회사,G,부동산업 및 임대업,15085700000,국내생보사,B,SH122,업종별 대출금
2671,202012,0010605,아이엠라이프생명보험 주식회사,H,기타,31675736000,국내생보사,B,SH122,업종별 대출금
2672,202012,0010605,아이엠라이프생명보험 주식회사,I,계,46761436000,국내생보사,B,SH122,업종별 대출금
2673,202103,0010605,아이엠라이프생명보험 주식회사,A,"농업, 임업 및 어업",0,국내생보사,B,SH122,업종별 대출금
2674,202103,0010605,아이엠라이프생명보험 주식회사,B,제조업,0,국내생보사,B,SH122,업종별 대출금
2675,202103,0010605,아이엠라이프생명보험 주식회사,C,건설업,0,국내생보사,B,SH122,업종별 대출금
2676,202103,0010605,아이엠라이프생명보험 주식회사,D,도매 및 소매업,0,국내생보사,B,SH122,업종별 대출금
2677,202103,0010605,아이엠라이프생명보험 주식회사,E,숙박 및 음식점업,0,국내생보사,B,SH122,업종별 대출금
2678,202103,0010605,아이엠라이프생명보험 주식회사,F,"출판, 영상, 방송통신 및 정보서비스업",0,국내생보사,B,SH122,업종별 대출금
2679,202103,0010605,아이엠라이프생명보험 주식회사,G,부동산업 및 임대업,15085700000,국내생보사,B,SH122,업종별 대출금
2680,202103,0010605,아이엠라이프생명보험 주식회사,H,기타,35399844000,국내생보사,B,SH122,업종별 대출금
2681,202103,0010605,아이엠라이프생명보험 주식회사,I,계,50485544000,국내생보사,B,SH122,업종별 대출금
2682,202106,0010605,아이엠라이프생명보험 주식회사,A,"농업, 임업 및 어업",0,국내생보사,B,SH122,업종별 대출금
2683,202106,0010605,아이엠라이프생명보험 주식회사,B,제조업,0,국내생보사,B,SH122,업종별 대출금
2684,202106,0010605,아이엠라이프생명보험 주식회사,C,건설업,0,국내생보사,B,SH122,업종별 대출금
2685,202106,0010605,아이엠라이프생명보험 주식회사,D,도매 및 소매업,0,국내생보사,B,SH122,업종별 대출금
2686,202106,0010605,아이엠라이프생명보험 주식회사,E,숙박 및 음식점업,0,국내생보사,B,SH122,업종별 대출금
2687,202106,0010605,아이엠라이프생명보험 주식회사,F,"출판, 영상, 방송통신 및 정보서비스업",0,국내생보사,B,SH122,업종별 대출금
2688,202106,0010605,아이엠라이프생명보험 주식회사,G,부동산업 및 임대업,15870617000,국내생보사,B,SH122,업종별 대출금
2689,202106,0010605,아이엠라이프생명보험 주식회사,H,기타,40321735000,국내생보사,B,SH122,업종별 대출금
2690,202106,0010605,아이엠라이프생명보험 주식회사,I,계,56192352000,국내생보사,B,SH122,업종별 대출금
2691,202109,0010605,아이엠라이프생명보험 주식회사,A,"농업, 임업 및 어업",0,국내생보사,B,SH122,업종별 대출금
2692,202109,0010605,아이엠라이프생명보험 주식회사,B,제조업,0,국내생보사,B,SH122,업종별 대출금
2693,202109,0010605,아이엠라이프생명보험 주식회사,C,건설업,0,국내생보사,B,SH122,업종별 대출금
2694,202109,0010605,아이엠라이프생명보험 주식회사,D,도매 및 소매업,0,국내생보사,B,SH122,업종별 대출금
2695,202109,0010605,아이엠라이프생명보험 주식회사,E,숙박 및 음식점업,0,국내생보사,B,SH122,업종별 대출금
2696,202109,0010605,아이엠라이프생명보험 주식회사,F,"출판, 영상, 방송통신 및 정보서비스업",0,국내생보사,B,SH122,업종별 대출금
2697,202109,0010605,아이엠라이프생명보험 주식회사,G,부동산업 및 임대업,26399461000,국내생보사,B,SH122,업종별 대출금
2698,202109,0010605,아이엠라이프생명보험 주식회사,H,기타,45438258000,국내생보사,B,SH122,업종별 대출금
2699,202109,0010605,아이엠라이프생명보험 주식회사,I,계,71837719000,국내생보사,B,SH122,업종별 대출금
2700,202112,0010605,아이엠라이프생명보험 주식회사,A,"농업, 임업 및 어업",0,국내생보사,B,SH122,업종별 대출금
2701,202112,0010605,아이엠라이프생명보험 주식회사,B,제조업,0,국내생보사,B,SH122,업종별 대출금
2702,202112,0010605,아이엠라이프생명보험 주식회사,C,건설업,0,국내생보사,B,SH122,업종별 대출금
2703,202112,0010605,아이엠라이프생명보험 주식회사,D,도매 및 소매업,0,국내생보사,B,SH122,업종별 대출금
2704,202112,0010605,아이엠라이프생명보험 주식회사,E,숙박 및 음식점업,0,국내생보사,B,SH122,업종별 대출금
2705,202112,0010605,아이엠라이프생명보험 주식회사,F,"출판, 영상, 방송통신 및 정보서비스업",0,국내생보사,B,SH122,업종별 대출금
2706,202112,0010605,아이엠라이프생명보험 주식회사,G,부동산업 및 임대업,26919270000,국내생보사,B,SH122,업종별 대출금
2707,202112,0010605,아이엠라이프생명보험 주식회사,H,기타,50445336000,국내생보사,B,SH122,업종별 대출금
2708,202112,0010605,아이엠라이프생명보험 주식회사,I,계,77364606000,국내생보사,B,SH122,업종별 대출금
2709,202203,0010605,아이엠라이프생명보험 주식회사,A,"농업, 임업 및 어업",0,국내생보사,B,SH122,업종별 대출금
2710,202203,0010605,아이엠라이프생명보험 주식회사,B,제조업,0,국내생보사,B,SH122,업종별 대출금
2711,202203,0010605,아이엠라이프생명보험 주식회사,C,건설업,0,국내생보사,B,SH122,업종별 대출금
2712,202203,0010605,아이엠라이프생명보험 주식회사,D,도매 및 소매업,0,국내생보사,B,SH122,업종별 대출금
2713,202203,0010605,아이엠라이프생명보험 주식회사,E,숙박 및 음식점업,0,국내생보사,B,SH122,업종별 대출금
2714,202203,0010605,아이엠라이프생명보험 주식회사,F,"출판, 영상, 방송통신 및 정보서비스업",0,국내생보사,B,SH122,업종별 대출금
2715,202203,0010605,아이엠라이프생명보험 주식회사,G,부동산업 및 임대업,37781931000,국내생보사,B,SH122,업종별 대출금
2716,202203,0010605,아이엠라이프생명보험 주식회사,H,기타,54644582000,국내생보사,B,SH122,업종별 대출금
2717,202203,0010605,아이엠라이프생명보험 주식회사,I,계,92426513000,국내생보사,B,SH122,업종별 대출금
2718,202206,0010605,아이엠라이프생명보험 주식회사,A,"농업, 임업 및 어업",0,국내생보사,B,SH122,업종별 대출금
2719,202206,0010605,아이엠라이프생명보험 주식회사,B,제조업,0,국내생보사,B,SH122,업종별 대출금
2720,202206,0010605,아이엠라이프생명보험 주식회사,C,건설업,0,국내생보사,B,SH122,업종별 대출금
2721,202206,0010605,아이엠라이프생명보험 주식회사,D,도매 및 소매업,0,국내생보사,B,SH122,업종별 대출금
2722,202206,0010605,아이엠라이프생명보험 주식회사,E,숙박 및 음식점업,0,국내생보사,B,SH122,업종별 대출금
2723,202206,0010605,아이엠라이프생명보험 주식회사,F,"출판, 영상, 방송통신 및 정보서비스업",0,국내생보사,B,SH122,업종별 대출금
2724,202206,0010605,아이엠라이프생명보험 주식회사,G,부동산업 및 임대업,37866505000,국내생보사,B,SH122,업종별 대출금
2725,202206,0010605,아이엠라이프생명보험 주식회사,H,기타,58405515000,국내생보사,B,SH122,업종별 대출금
2726,202206,0010605,아이엠라이프생명보험 주식회사,I,계,96272020000,국내생보사,B,SH122,업종별 대출금
2727,202209,0010605,아이엠라이프생명보험 주식회사,A,"농업, 임업 및 어업",0,국내생보사,B,SH122,업종별 대출금
2728,202209,0010605,아이엠라이프생명보험 주식회사,B,제조업,0,국내생보사,B,SH122,업종별 대출금
2729,202209,0010605,아이엠라이프생명보험 주식회사,C,건설업,0,국내생보사,B,SH122,업종별 대출금
2730,202209,0010605,아이엠라이프생명보험 주식회사,D,도매 및 소매업,0,국내생보사,B,SH122,업종별 대출금
2731,202209,0010605,아이엠라이프생명보험 주식회사,E,숙박 및 음식점업,0,국내생보사,B,SH122,업종별 대출금
2732,202209,0010605,아이엠라이프생명보험 주식회사,F,"출판, 영상, 방송통신 및 정보서비스업",0,국내생보사,B,SH122,업종별 대출금
2733,202209,0010605,아이엠라이프생명보험 주식회사,G,부동산업 및 임대업,40310190000,국내생보사,B,SH122,업종별 대출금
2734,202209,0010605,아이엠라이프생명보험 주식회사,H,기타,65153743000,국내생보사,B,SH122,업종별 대출금
2735,202209,0010605,아이엠라이프생명보험 주식회사,I,계,105463933000,국내생보사,B,SH122,업종별 대출금
2736,202212,0010605,아이엠라이프생명보험 주식회사,A,"농업, 임업 및 어업",0,국내생보사,B,SH122,업종별 대출금
2737,202212,0010605,아이엠라이프생명보험 주식회사,B,제조업,0,국내생보사,B,SH122,업종별 대출금
2738,202212,0010605,아이엠라이프생명보험 주식회사,C,건설업,0,국내생보사,B,SH122,업종별 대출금
2739,202212,0010605,아이엠라이프생명보험 주식회사,D,도매 및 소매업,0,국내생보사,B,SH122,업종별 대출금
2740,202212,0010605,아이엠라이프생명보험 주식회사,E,숙박 및 음식점업,0,국내생보사,B,SH122,업종별 대출금
2741,202212,0010605,아이엠라이프생명보험 주식회사,F,"출판, 영상, 방송통신 및 정보서비스업",0,국내생보사,B,SH122,업종별 대출금
2742,202212,0010605,아이엠라이프생명보험 주식회사,G,부동산업 및 임대업,42752318000,국내생보사,B,SH122,업종별 대출금
2743,202212,0010605,아이엠라이프생명보험 주식회사,H,기타,66678988000,국내생보사,B,SH122,업종별 대출금
2744,202212,0010605,아이엠라이프생명보험 주식회사,I,계,109431306000,국내생보사,B,SH122,업종별 대출금
2745,202303,0010605,아이엠라이프생명보험 주식회사,A,"농업, 임업 및 어업",0,국내생보사,B,SH122,업종별 대출금
2746,202303,0010605,아이엠라이프생명보험 주식회사,B,제조업,0,국내생보사,B,SH122,업종별 대출금
2747,202303,0010605,아이엠라이프생명보험 주식회사,C,건설업,0,국내생보사,B,SH122,업종별 대출금
2748,202303,0010605,아이엠라이프생명보험 주식회사,D,도매 및 소매업,0,국내생보사,B,SH122,업종별 대출금
2749,202303,0010605,아이엠라이프생명보험 주식회사,E,숙박 및 음식점업,0,국내생보사,B,SH122,업종별 대출금
2750,202303,0010605,아이엠라이프생명보험 주식회사,F,"출판, 영상, 방송통신 및 정보서비스업",0,국내생보사,B,SH122,업종별 대출금
2751,202303,0010605,아이엠라이프생명보험 주식회사,G,부동산업 및 임대업,42752318000,국내생보사,B,SH122,업종별 대출금
2752,202303,0010605,아이엠라이프생명보험 주식회사,H,기타,66446465000,국내생보사,B,SH122,업종별 대출금
2753,202303,0010605,아이엠라이프생명보험 주식회사,I,계,109198783000,국내생보사,B,SH122,업종별 대출금
2754,202306,0010605,아이엠라이프생명보험 주식회사,A,"농업, 임업 및 어업",0,국내생보사,B,SH122,업종별 대출금
2755,202306,0010605,아이엠라이프생명보험 주식회사,B,제조업,0,국내생보사,B,SH122,업종별 대출금
2756,202306,0010605,아이엠라이프생명보험 주식회사,C,건설업,0,국내생보사,B,SH122,업종별 대출금
2757,202306,0010605,아이엠라이프생명보험 주식회사,D,도매 및 소매업,0,국내생보사,B,SH122,업종별 대출금
2758,202306,0010605,아이엠라이프생명보험 주식회사,E,숙박 및 음식점업,0,국내생보사,B,SH122,업종별 대출금
2759,202306,0010605,아이엠라이프생명보험 주식회사,F,"출판, 영상, 방송통신 및 정보서비스업",0,국내생보사,B,SH122,업종별 대출금
2760,202306,0010605,아이엠라이프생명보험 주식회사,G,부동산업 및 임대업,29537318000,국내생보사,B,SH122,업종별 대출금
2761,202306,0010605,아이엠라이프생명보험 주식회사,H,기타,67641356000,국내생보사,B,SH122,업종별 대출금
2762,202306,0010605,아이엠라이프생명보험 주식회사,I,계,97178674000,국내생보사,B,SH122,업종별 대출금
2763,202309,0010605,아이엠라이프생명보험 주식회사,A,"농업, 임업 및 어업",0,국내생보사,B,SH122,업종별 대출금
2764,202309,0010605,아이엠라이프생명보험 주식회사,B,제조업,0,국내생보사,B,SH122,업종별 대출금
2765,202309,0010605,아이엠라이프생명보험 주식회사,C,건설업,0,국내생보사,B,SH122,업종별 대출금
2766,202309,0010605,아이엠라이프생명보험 주식회사,D,도매 및 소매업,0,국내생보사,B,SH122,업종별 대출금
2767,202309,0010605,아이엠라이프생명보험 주식회사,E,숙박 및 음식점업,0,국내생보사,B,SH122,업종별 대출금
2768,202309,0010605,아이엠라이프생명보험 주식회사,F,"출판, 영상, 방송통신 및 정보서비스업",82000000,국내생보사,B,SH122,업종별 대출금
2769,202309,0010605,아이엠라이프생명보험 주식회사,G,부동산업 및 임대업,29537318000,국내생보사,B,SH122,업종별 대출금
2770,202309,0010605,아이엠라이프생명보험 주식회사,H,기타,69305572000,국내생보사,B,SH122,업종별 대출금
2771,202309,0010605,아이엠라이프생명보험 주식회사,I,계,98924890000,국내생보사,B,SH122,업종별 대출금
2772,202312,0010605,아이엠라이프생명보험 주식회사,A,"농업, 임업 및 어업",0,국내생보사,B,SH122,업종별 대출금
2773,202312,0010605,아이엠라이프생명보험 주식회사,B,제조업,0,국내생보사,B,SH122,업종별 대출금
2774,202312,0010605,아이엠라이프생명보험 주식회사,C,건설업,0,국내생보사,B,SH122,업종별 대출금
2775,202312,0010605,아이엠라이프생명보험 주식회사,D,도매 및 소매업,0,국내생보사,B,SH122,업종별 대출금
2776,202312,0010605,아이엠라이프생명보험 주식회사,E,숙박 및 음식점업,0,국내생보사,B,SH122,업종별 대출금
2777,202312,0010605,아이엠라이프생명보험 주식회사,F,"출판, 영상, 방송통신 및 정보서비스업",573120000,국내생보사,B,SH122,업종별 대출금
2778,202312,0010605,아이엠라이프생명보험 주식회사,G,부동산업 및 임대업,33737318000,국내생보사,B,SH122,업종별 대출금
2779,202312,0010605,아이엠라이프생명보험 주식회사,H,기타,75017980000,국내생보사,B,SH122,업종별 대출금
2780,202312,0010605,아이엠라이프생명보험 주식회사,I,계,109328418000,국내생보사,B,SH122,업종별 대출금
2781,202403,0010605,아이엠라이프생명보험 주식회사,A,"농업, 임업 및 어업",0,국내생보사,B,SH122,업종별 대출금
2782,202403,0010605,아이엠라이프생명보험 주식회사,B,제조업,0,국내생보사,B,SH122,업종별 대출금
2783,202403,0010605,아이엠라이프생명보험 주식회사,C,건설업,0,국내생보사,B,SH122,업종별 대출금
2784,202403,0010605,아이엠라이프생명보험 주식회사,D,도매 및 소매업,0,국내생보사,B,SH122,업종별 대출금
2785,202403,0010605,아이엠라이프생명보험 주식회사,E,숙박 및 음식점업,0,국내생보사,B,SH122,업종별 대출금
2786,202403,0010605,아이엠라이프생명보험 주식회사,F,"출판, 영상, 방송통신 및 정보서비스업",2311720000,국내생보사,B,SH122,업종별 대출금
2787,202403,0010605,아이엠라이프생명보험 주식회사,G,부동산업 및 임대업,33737318000,국내생보사,B,SH122,업종별 대출금
2788,202403,0010605,아이엠라이프생명보험 주식회사,H,기타,75352934000,국내생보사,B,SH122,업종별 대출금
2789,202403,0010605,아이엠라이프생명보험 주식회사,I,계,111401972000,국내생보사,B,SH122,업종별 대출금
2790,202406,0010605,아이엠라이프생명보험 주식회사,A,"농업, 임업 및 어업",0,국내생보사,B,SH122,업종별 대출금
2791,202406,0010605,아이엠라이프생명보험 주식회사,B,제조업,0,국내생보사,B,SH122,업종별 대출금
2792,202406,0010605,아이엠라이프생명보험 주식회사,C,건설업,0,국내생보사,B,SH122,업종별 대출금
2793,202406,0010605,아이엠라이프생명보험 주식회사,D,도매 및 소매업,0,국내생보사,B,SH122,업종별 대출금
2794,202406,0010605,아이엠라이프생명보험 주식회사,E,숙박 및 음식점업,0,국내생보사,B,SH122,업종별 대출금
2795,202406,0010605,아이엠라이프생명보험 주식회사,F,"출판, 영상, 방송통신 및 정보서비스업",5260620000,국내생보사,B,SH122,업종별 대출금
2796,202406,0010605,아이엠라이프생명보험 주식회사,G,부동산업 및 임대업,34237318000,국내생보사,B,SH122,업종별 대출금
2797,202406,0010605,아이엠라이프생명보험 주식회사,H,기타,82242940000,국내생보사,B,SH122,업종별 대출금
2798,202406,0010605,아이엠라이프생명보험 주식회사,I,계,121740878000,국내생보사,B,SH122,업종별 대출금
2799,202409,0010605,아이엠라이프생명보험 주식회사,A,"농업, 임업 및 어업",0,국내생보사,B,SH122,업종별 대출금
2800,202409,0010605,아이엠라이프생명보험 주식회사,B,제조업,0,국내생보사,B,SH122,업종별 대출금
2801,202409,0010605,아이엠라이프생명보험 주식회사,C,건설업,0,국내생보사,B,SH122,업종별 대출금
2802,202409,0010605,아이엠라이프생명보험 주식회사,D,도매 및 소매업,0,국내생보사,B,SH122,업종별 대출금
2803,202409,0010605,아이엠라이프생명보험 주식회사,E,숙박 및 음식점업,0,국내생보사,B,SH122,업종별 대출금
2804,202409,0010605,아이엠라이프생명보험 주식회사,F,"출판, 영상, 방송통신 및 정보서비스업",5836020000,국내생보사,B,SH122,업종별 대출금
2805,202409,0010605,아이엠라이프생명보험 주식회사,G,부동산업 및 임대업,48237318000,국내생보사,B,SH122,업종별 대출금
2806,202409,0010605,아이엠라이프생명보험 주식회사,H,기타,97828351000,국내생보사,B,SH122,업종별 대출금
2807,202409,0010605,아이엠라이프생명보험 주식회사,I,계,151901689000,국내생보사,B,SH122,업종별 대출금
2808,202412,0010605,아이엠라이프생명보험 주식회사,A,"농업, 임업 및 어업",0,국내생보사,B,SH122,업종별 대출금
2809,202412,0010605,아이엠라이프생명보험 주식회사,B,제조업,0,국내생보사,B,SH122,업종별 대출금
2810,202412,0010605,아이엠라이프생명보험 주식회사,C,건설업,0,국내생보사,B,SH122,업종별 대출금
2811,202412,0010605,아이엠라이프생명보험 주식회사,D,도매 및 소매업,0,국내생보사,B,SH122,업종별 대출금
2812,202412,0010605,아이엠라이프생명보험 주식회사,E,숙박 및 음식점업,0,국내생보사,B,SH122,업종별 대출금
2813,202412,0010605,아이엠라이프생명보험 주식회사,F,"출판, 영상, 방송통신 및 정보서비스업",7158720000,국내생보사,B,SH122,업종별 대출금
2814,202412,0010605,아이엠라이프생명보험 주식회사,G,부동산업 및 임대업,31588860000,국내생보사,B,SH122,업종별 대출금
2815,202412,0010605,아이엠라이프생명보험 주식회사,H,기타,117094799000,국내생보사,B,SH122,업종별 대출금
2816,202412,0010605,아이엠라이프생명보험 주식회사,I,계,155842379000,국내생보사,B,SH122,업종별 대출금
2817,202503,0010605,아이엠라이프생명보험 주식회사,A,"농업, 임업 및 어업",0,국내생보사,B,SH122,업종별 대출금
2818,202503,0010605,아이엠라이프생명보험 주식회사,B,제조업,0,국내생보사,B,SH122,업종별 대출금
2819,202503,0010605,아이엠라이프생명보험 주식회사,C,건설업,0,국내생보사,B,SH122,업종별 대출금
2820,202503,0010605,아이엠라이프생명보험 주식회사,D,도매 및 소매업,0,국내생보사,B,SH122,업종별 대출금
2821,202503,0010605,아이엠라이프생명보험 주식회사,E,숙박 및 음식점업,0,국내생보사,B,SH122,업종별 대출금
2822,202503,0010605,아이엠라이프생명보험 주식회사,F,"출판, 영상, 방송통신 및 정보서비스업",8090320000,국내생보사,B,SH122,업종별 대출금
2823,202503,0010605,아이엠라이프생명보험 주식회사,G,부동산업 및 임대업,32863860000,국내생보사,B,SH122,업종별 대출금
2824,202503,0010605,아이엠라이프생명보험 주식회사,H,기타,125180140000,국내생보사,B,SH122,업종별 대출금
2825,202503,0010605,아이엠라이프생명보험 주식회사,I,계,166134320000,국내생보사,B,SH122,업종별 대출금
2826,201703,0010607,케이디비생명보험주식회사,A,"농업, 임업 및 어업",0,국내생보사,B,SH122,업종별 대출금
2827,201703,0010607,케이디비생명보험주식회사,B,제조업,22439596000,국내생보사,B,SH122,업종별 대출금
2828,201703,0010607,케이디비생명보험주식회사,C,건설업,135349585000,국내생보사,B,SH122,업종별 대출금
2829,201703,0010607,케이디비생명보험주식회사,D,도매 및 소매업,701683000,국내생보사,B,SH122,업종별 대출금
2830,201703,0010607,케이디비생명보험주식회사,E,숙박 및 음식점업,17215000000,국내생보사,B,SH122,업종별 대출금
2831,201703,0010607,케이디비생명보험주식회사,F,"출판, 영상, 방송통신 및 정보서비스업",5842086000,국내생보사,B,SH122,업종별 대출금
2832,201703,0010607,케이디비생명보험주식회사,G,부동산업 및 임대업,539284786000,국내생보사,B,SH122,업종별 대출금
2833,201703,0010607,케이디비생명보험주식회사,H,기타,880584493000,국내생보사,B,SH122,업종별 대출금
2834,201703,0010607,케이디비생명보험주식회사,I,계,1601417229000,국내생보사,B,SH122,업종별 대출금
2835,201706,0010607,케이디비생명보험주식회사,A,"농업, 임업 및 어업",0,국내생보사,B,SH122,업종별 대출금
2836,201706,0010607,케이디비생명보험주식회사,B,제조업,5771506000,국내생보사,B,SH122,업종별 대출금
2837,201706,0010607,케이디비생명보험주식회사,C,건설업,139628584000,국내생보사,B,SH122,업종별 대출금
2838,201706,0010607,케이디비생명보험주식회사,D,도매 및 소매업,349734000,국내생보사,B,SH122,업종별 대출금
2839,201706,0010607,케이디비생명보험주식회사,E,숙박 및 음식점업,16510000000,국내생보사,B,SH122,업종별 대출금
2840,201706,0010607,케이디비생명보험주식회사,F,"출판, 영상, 방송통신 및 정보서비스업",5691721000,국내생보사,B,SH122,업종별 대출금
2841,201706,0010607,케이디비생명보험주식회사,G,부동산업 및 임대업,557328234000,국내생보사,B,SH122,업종별 대출금
2842,201706,0010607,케이디비생명보험주식회사,H,기타,884214284000,국내생보사,B,SH122,업종별 대출금
2843,201706,0010607,케이디비생명보험주식회사,I,계,1609494063000,국내생보사,B,SH122,업종별 대출금
2844,201709,0010607,케이디비생명보험주식회사,A,"농업, 임업 및 어업",0,국내생보사,B,SH122,업종별 대출금
2845,201709,0010607,케이디비생명보험주식회사,B,제조업,5771506000,국내생보사,B,SH122,업종별 대출금
2846,201709,0010607,케이디비생명보험주식회사,C,건설업,123119188000,국내생보사,B,SH122,업종별 대출금
2847,201709,0010607,케이디비생명보험주식회사,D,도매 및 소매업,349734000,국내생보사,B,SH122,업종별 대출금
2848,201709,0010607,케이디비생명보험주식회사,E,숙박 및 음식점업,16440000000,국내생보사,B,SH122,업종별 대출금
2849,201709,0010607,케이디비생명보험주식회사,F,"출판, 영상, 방송통신 및 정보서비스업",5691721000,국내생보사,B,SH122,업종별 대출금
2850,201709,0010607,케이디비생명보험주식회사,G,부동산업 및 임대업,511442749000,국내생보사,B,SH122,업종별 대출금
2851,201709,0010607,케이디비생명보험주식회사,H,기타,891080509000,국내생보사,B,SH122,업종별 대출금
2852,201709,0010607,케이디비생명보험주식회사,I,계,1553895407000,국내생보사,B,SH122,업종별 대출금
2853,201712,0010607,케이디비생명보험주식회사,A,"농업, 임업 및 어업",0,국내생보사,B,SH122,업종별 대출금
2854,201712,0010607,케이디비생명보험주식회사,B,제조업,52000000,국내생보사,B,SH122,업종별 대출금
2855,201712,0010607,케이디비생명보험주식회사,C,건설업,119160447000,국내생보사,B,SH122,업종별 대출금
2856,201712,0010607,케이디비생명보험주식회사,D,도매 및 소매업,346690000,국내생보사,B,SH122,업종별 대출금
2857,201712,0010607,케이디비생명보험주식회사,E,숙박 및 음식점업,16390000000,국내생보사,B,SH122,업종별 대출금
2858,201712,0010607,케이디비생명보험주식회사,F,"출판, 영상, 방송통신 및 정보서비스업",5691721000,국내생보사,B,SH122,업종별 대출금
2859,201712,0010607,케이디비생명보험주식회사,G,부동산업 및 임대업,505521503000,국내생보사,B,SH122,업종별 대출금
2860,201712,0010607,케이디비생명보험주식회사,H,기타,984624802000,국내생보사,B,SH122,업종별 대출금
2861,201712,0010607,케이디비생명보험주식회사,I,계,1631787163000,국내생보사,B,SH122,업종별 대출금
2862,201803,0010607,케이디비생명보험주식회사,A,"농업, 임업 및 어업",0,국내생보사,B,SH122,업종별 대출금
2863,201803,0010607,케이디비생명보험주식회사,B,제조업,52000000,국내생보사,B,SH122,업종별 대출금
2864,201803,0010607,케이디비생명보험주식회사,C,건설업,114194439000,국내생보사,B,SH122,업종별 대출금
2865,201803,0010607,케이디비생명보험주식회사,D,도매 및 소매업,336690000,국내생보사,B,SH122,업종별 대출금
2866,201803,0010607,케이디비생명보험주식회사,E,숙박 및 음식점업,15340000000,국내생보사,B,SH122,업종별 대출금
2867,201803,0010607,케이디비생명보험주식회사,F,"출판, 영상, 방송통신 및 정보서비스업",5691721000,국내생보사,B,SH122,업종별 대출금
2868,201803,0010607,케이디비생명보험주식회사,G,부동산업 및 임대업,433152389000,국내생보사,B,SH122,업종별 대출금
2869,201803,0010607,케이디비생명보험주식회사,H,기타,1021266138000,국내생보사,B,SH122,업종별 대출금
2870,201803,0010607,케이디비생명보험주식회사,I,계,1590033377000,국내생보사,B,SH122,업종별 대출금
2871,201806,0010607,케이디비생명보험주식회사,A,"농업, 임업 및 어업",0,국내생보사,B,SH122,업종별 대출금
2872,201806,0010607,케이디비생명보험주식회사,B,제조업,52000000,국내생보사,B,SH122,업종별 대출금
2873,201806,0010607,케이디비생명보험주식회사,C,건설업,112574892000,국내생보사,B,SH122,업종별 대출금
2874,201806,0010607,케이디비생명보험주식회사,D,도매 및 소매업,326690000,국내생보사,B,SH122,업종별 대출금
2875,201806,0010607,케이디비생명보험주식회사,E,숙박 및 음식점업,15340000000,국내생보사,B,SH122,업종별 대출금
2876,201806,0010607,케이디비생명보험주식회사,F,"출판, 영상, 방송통신 및 정보서비스업",5691721000,국내생보사,B,SH122,업종별 대출금
2877,201806,0010607,케이디비생명보험주식회사,G,부동산업 및 임대업,388332170000,국내생보사,B,SH122,업종별 대출금
2878,201806,0010607,케이디비생명보험주식회사,H,기타,1051668576000,국내생보사,B,SH122,업종별 대출금
2879,201806,0010607,케이디비생명보험주식회사,I,계,1573986049000,국내생보사,B,SH122,업종별 대출금
2880,201809,0010607,케이디비생명보험주식회사,A,"농업, 임업 및 어업",0,국내생보사,B,SH122,업종별 대출금
2881,201809,0010607,케이디비생명보험주식회사,B,제조업,52000000,국내생보사,B,SH122,업종별 대출금
2882,201809,0010607,케이디비생명보험주식회사,C,건설업,153664509000,국내생보사,B,SH122,업종별 대출금
2883,201809,0010607,케이디비생명보험주식회사,D,도매 및 소매업,325763000,국내생보사,B,SH122,업종별 대출금
2884,201809,0010607,케이디비생명보험주식회사,E,숙박 및 음식점업,15320000000,국내생보사,B,SH122,업종별 대출금
2885,201809,0010607,케이디비생명보험주식회사,F,"출판, 영상, 방송통신 및 정보서비스업",5691721000,국내생보사,B,SH122,업종별 대출금
2886,201809,0010607,케이디비생명보험주식회사,G,부동산업 및 임대업,295399173000,국내생보사,B,SH122,업종별 대출금
2887,201809,0010607,케이디비생명보험주식회사,H,기타,1018746912000,국내생보사,B,SH122,업종별 대출금
2888,201809,0010607,케이디비생명보험주식회사,I,계,1489200078000,국내생보사,B,SH122,업종별 대출금
2889,201812,0010607,케이디비생명보험주식회사,A,"농업, 임업 및 어업",0,국내생보사,B,SH122,업종별 대출금
2890,201812,0010607,케이디비생명보험주식회사,B,제조업,52000000,국내생보사,B,SH122,업종별 대출금
2891,201812,0010607,케이디비생명보험주식회사,C,건설업,166744333000,국내생보사,B,SH122,업종별 대출금
2892,201812,0010607,케이디비생명보험주식회사,D,도매 및 소매업,322929000,국내생보사,B,SH122,업종별 대출금
2893,201812,0010607,케이디비생명보험주식회사,E,숙박 및 음식점업,15320000000,국내생보사,B,SH122,업종별 대출금
2894,201812,0010607,케이디비생명보험주식회사,F,"출판, 영상, 방송통신 및 정보서비스업",5362986000,국내생보사,B,SH122,업종별 대출금
2895,201812,0010607,케이디비생명보험주식회사,G,부동산업 및 임대업,385053543000,국내생보사,B,SH122,업종별 대출금
2896,201812,0010607,케이디비생명보험주식회사,H,기타,1059499964000,국내생보사,B,SH122,업종별 대출금
2897,201812,0010607,케이디비생명보험주식회사,I,계,1632355755000,국내생보사,B,SH122,업종별 대출금
2898,201903,0010607,케이디비생명보험주식회사,A,"농업, 임업 및 어업",0,국내생보사,B,SH122,업종별 대출금
2899,201903,0010607,케이디비생명보험주식회사,B,제조업,51484000,국내생보사,B,SH122,업종별 대출금
2900,201903,0010607,케이디비생명보험주식회사,C,건설업,152827850000,국내생보사,B,SH122,업종별 대출금
2901,201903,0010607,케이디비생명보험주식회사,D,도매 및 소매업,247191000,국내생보사,B,SH122,업종별 대출금
2902,201903,0010607,케이디비생명보험주식회사,E,숙박 및 음식점업,15320000000,국내생보사,B,SH122,업종별 대출금
2903,201903,0010607,케이디비생명보험주식회사,F,"출판, 영상, 방송통신 및 정보서비스업",5362986000,국내생보사,B,SH122,업종별 대출금
2904,201903,0010607,케이디비생명보험주식회사,G,부동산업 및 임대업,395933103000,국내생보사,B,SH122,업종별 대출금
2905,201903,0010607,케이디비생명보험주식회사,H,기타,1095735399000,국내생보사,B,SH122,업종별 대출금
2906,201903,0010607,케이디비생명보험주식회사,I,계,1665478013000,국내생보사,B,SH122,업종별 대출금
2907,201906,0010607,케이디비생명보험주식회사,A,"농업, 임업 및 어업",0,국내생보사,B,SH122,업종별 대출금
2908,201906,0010607,케이디비생명보험주식회사,B,제조업,50890000,국내생보사,B,SH122,업종별 대출금
2909,201906,0010607,케이디비생명보험주식회사,C,건설업,205958092000,국내생보사,B,SH122,업종별 대출금
2910,201906,0010607,케이디비생명보험주식회사,D,도매 및 소매업,200507000,국내생보사,B,SH122,업종별 대출금
2911,201906,0010607,케이디비생명보험주식회사,E,숙박 및 음식점업,15250000000,국내생보사,B,SH122,업종별 대출금
2912,201906,0010607,케이디비생명보험주식회사,F,"출판, 영상, 방송통신 및 정보서비스업",5362986000,국내생보사,B,SH122,업종별 대출금
2913,201906,0010607,케이디비생명보험주식회사,G,부동산업 및 임대업,367523146000,국내생보사,B,SH122,업종별 대출금
2914,201906,0010607,케이디비생명보험주식회사,H,기타,1165425421000,국내생보사,B,SH122,업종별 대출금
2915,201906,0010607,케이디비생명보험주식회사,I,계,1759771042000,국내생보사,B,SH122,업종별 대출금
2916,201909,0010607,케이디비생명보험주식회사,A,"농업, 임업 및 어업",0,국내생보사,B,SH122,업종별 대출금
2917,201909,0010607,케이디비생명보험주식회사,B,제조업,50890000,국내생보사,B,SH122,업종별 대출금
2918,201909,0010607,케이디비생명보험주식회사,C,건설업,255254108000,국내생보사,B,SH122,업종별 대출금
2919,201909,0010607,케이디비생명보험주식회사,D,도매 및 소매업,200488000,국내생보사,B,SH122,업종별 대출금
2920,201909,0010607,케이디비생명보험주식회사,E,숙박 및 음식점업,15230000000,국내생보사,B,SH122,업종별 대출금
2921,201909,0010607,케이디비생명보험주식회사,F,"출판, 영상, 방송통신 및 정보서비스업",5362986000,국내생보사,B,SH122,업종별 대출금
2922,201909,0010607,케이디비생명보험주식회사,G,부동산업 및 임대업,358880703000,국내생보사,B,SH122,업종별 대출금
2923,201909,0010607,케이디비생명보험주식회사,H,기타,1209784401000,국내생보사,B,SH122,업종별 대출금
2924,201909,0010607,케이디비생명보험주식회사,I,계,1844763576000,국내생보사,B,SH122,업종별 대출금
2925,201912,0010607,케이디비생명보험주식회사,A,"농업, 임업 및 어업",0,국내생보사,B,SH122,업종별 대출금
2926,201912,0010607,케이디비생명보험주식회사,B,제조업,49890000,국내생보사,B,SH122,업종별 대출금
2927,201912,0010607,케이디비생명보험주식회사,C,건설업,336917921000,국내생보사,B,SH122,업종별 대출금
2928,201912,0010607,케이디비생명보험주식회사,D,도매 및 소매업,199015000,국내생보사,B,SH122,업종별 대출금
2929,201912,0010607,케이디비생명보험주식회사,E,숙박 및 음식점업,15230000000,국내생보사,B,SH122,업종별 대출금
2930,201912,0010607,케이디비생명보험주식회사,F,"출판, 영상, 방송통신 및 정보서비스업",5362986000,국내생보사,B,SH122,업종별 대출금
2931,201912,0010607,케이디비생명보험주식회사,G,부동산업 및 임대업,381048723000,국내생보사,B,SH122,업종별 대출금
2932,201912,0010607,케이디비생명보험주식회사,H,기타,1219607045000,국내생보사,B,SH122,업종별 대출금
2933,201912,0010607,케이디비생명보험주식회사,I,계,1958415580000,국내생보사,B,SH122,업종별 대출금
2934,202003,0010607,케이디비생명보험주식회사,A,"농업, 임업 및 어업",0,국내생보사,B,SH122,업종별 대출금
2935,202003,0010607,케이디비생명보험주식회사,B,제조업,49890000,국내생보사,B,SH122,업종별 대출금
2936,202003,0010607,케이디비생명보험주식회사,C,건설업,431784598000,국내생보사,B,SH122,업종별 대출금
2937,202003,0010607,케이디비생명보험주식회사,D,도매 및 소매업,150529000,국내생보사,B,SH122,업종별 대출금
2938,202003,0010607,케이디비생명보험주식회사,E,숙박 및 음식점업,15230000000,국내생보사,B,SH122,업종별 대출금
2939,202003,0010607,케이디비생명보험주식회사,F,"출판, 영상, 방송통신 및 정보서비스업",5362986000,국내생보사,B,SH122,업종별 대출금
2940,202003,0010607,케이디비생명보험주식회사,G,부동산업 및 임대업,403347193000,국내생보사,B,SH122,업종별 대출금
2941,202003,0010607,케이디비생명보험주식회사,H,기타,1137739475000,국내생보사,B,SH122,업종별 대출금
2942,202003,0010607,케이디비생명보험주식회사,I,계,1993664671000,국내생보사,B,SH122,업종별 대출금
2943,202006,0010607,케이디비생명보험주식회사,A,"농업, 임업 및 어업",0,국내생보사,B,SH122,업종별 대출금
2944,202006,0010607,케이디비생명보험주식회사,B,제조업,49890000,국내생보사,B,SH122,업종별 대출금
2945,202006,0010607,케이디비생명보험주식회사,C,건설업,488212464000,국내생보사,B,SH122,업종별 대출금
2946,202006,0010607,케이디비생명보험주식회사,D,도매 및 소매업,149046000,국내생보사,B,SH122,업종별 대출금
2947,202006,0010607,케이디비생명보험주식회사,E,숙박 및 음식점업,15230000000,국내생보사,B,SH122,업종별 대출금
2948,202006,0010607,케이디비생명보험주식회사,F,"출판, 영상, 방송통신 및 정보서비스업",5362986000,국내생보사,B,SH122,업종별 대출금
2949,202006,0010607,케이디비생명보험주식회사,G,부동산업 및 임대업,374715746000,국내생보사,B,SH122,업종별 대출금
2950,202006,0010607,케이디비생명보험주식회사,H,기타,1212848142000,국내생보사,B,SH122,업종별 대출금
2951,202006,0010607,케이디비생명보험주식회사,I,계,2096568274000,국내생보사,B,SH122,업종별 대출금
2952,202009,0010607,케이디비생명보험주식회사,A,"농업, 임업 및 어업",0,국내생보사,B,SH122,업종별 대출금
2953,202009,0010607,케이디비생명보험주식회사,B,제조업,49890000,국내생보사,B,SH122,업종별 대출금
2954,202009,0010607,케이디비생명보험주식회사,C,건설업,506445052000,국내생보사,B,SH122,업종별 대출금
2955,202009,0010607,케이디비생명보험주식회사,D,도매 및 소매업,147578000,국내생보사,B,SH122,업종별 대출금
2956,202009,0010607,케이디비생명보험주식회사,E,숙박 및 음식점업,15230000000,국내생보사,B,SH122,업종별 대출금
2957,202009,0010607,케이디비생명보험주식회사,F,"출판, 영상, 방송통신 및 정보서비스업",5087954000,국내생보사,B,SH122,업종별 대출금
2958,202009,0010607,케이디비생명보험주식회사,G,부동산업 및 임대업,417629444000,국내생보사,B,SH122,업종별 대출금
2959,202009,0010607,케이디비생명보험주식회사,H,기타,1301781950000,국내생보사,B,SH122,업종별 대출금
2960,202009,0010607,케이디비생명보험주식회사,I,계,2246371868000,국내생보사,B,SH122,업종별 대출금
2961,202012,0010607,케이디비생명보험주식회사,A,"농업, 임업 및 어업",0,국내생보사,B,SH122,업종별 대출금
2962,202012,0010607,케이디비생명보험주식회사,B,제조업,49890000,국내생보사,B,SH122,업종별 대출금
2963,202012,0010607,케이디비생명보험주식회사,C,건설업,573800512000,국내생보사,B,SH122,업종별 대출금
2964,202012,0010607,케이디비생명보험주식회사,D,도매 및 소매업,146100000,국내생보사,B,SH122,업종별 대출금
2965,202012,0010607,케이디비생명보험주식회사,E,숙박 및 음식점업,230000000,국내생보사,B,SH122,업종별 대출금
2966,202012,0010607,케이디비생명보험주식회사,F,"출판, 영상, 방송통신 및 정보서비스업",5087954000,국내생보사,B,SH122,업종별 대출금
2967,202012,0010607,케이디비생명보험주식회사,G,부동산업 및 임대업,529293983000,국내생보사,B,SH122,업종별 대출금
2968,202012,0010607,케이디비생명보험주식회사,H,기타,1408596011000,국내생보사,B,SH122,업종별 대출금
2969,202012,0010607,케이디비생명보험주식회사,I,계,2517204450000,국내생보사,B,SH122,업종별 대출금
2970,202103,0010607,케이디비생명보험주식회사,A,"농업, 임업 및 어업",0,국내생보사,B,SH122,업종별 대출금
2971,202103,0010607,케이디비생명보험주식회사,B,제조업,49300000,국내생보사,B,SH122,업종별 대출금
2972,202103,0010607,케이디비생명보험주식회사,C,건설업,612417655000,국내생보사,B,SH122,업종별 대출금
2973,202103,0010607,케이디비생명보험주식회사,D,도매 및 소매업,145500000,국내생보사,B,SH122,업종별 대출금
2974,202103,0010607,케이디비생명보험주식회사,E,숙박 및 음식점업,0,국내생보사,B,SH122,업종별 대출금
2975,202103,0010607,케이디비생명보험주식회사,F,"출판, 영상, 방송통신 및 정보서비스업",5087954000,국내생보사,B,SH122,업종별 대출금
2976,202103,0010607,케이디비생명보험주식회사,G,부동산업 및 임대업,575634048000,국내생보사,B,SH122,업종별 대출금
2977,202103,0010607,케이디비생명보험주식회사,H,기타,1317246806000,국내생보사,B,SH122,업종별 대출금
2978,202103,0010607,케이디비생명보험주식회사,I,계,2510581263000,국내생보사,B,SH122,업종별 대출금
2979,202106,0010607,케이디비생명보험주식회사,A,"농업, 임업 및 어업",0,국내생보사,B,SH122,업종별 대출금
2980,202106,0010607,케이디비생명보험주식회사,B,제조업,49300000,국내생보사,B,SH122,업종별 대출금
2981,202106,0010607,케이디비생명보험주식회사,C,건설업,668905405000,국내생보사,B,SH122,업종별 대출금
2982,202106,0010607,케이디비생명보험주식회사,D,도매 및 소매업,125500000,국내생보사,B,SH122,업종별 대출금
2983,202106,0010607,케이디비생명보험주식회사,E,숙박 및 음식점업,0,국내생보사,B,SH122,업종별 대출금
2984,202106,0010607,케이디비생명보험주식회사,F,"출판, 영상, 방송통신 및 정보서비스업",5087954000,국내생보사,B,SH122,업종별 대출금
2985,202106,0010607,케이디비생명보험주식회사,G,부동산업 및 임대업,590901668000,국내생보사,B,SH122,업종별 대출금
2986,202106,0010607,케이디비생명보험주식회사,H,기타,1298086871000,국내생보사,B,SH122,업종별 대출금
2987,202106,0010607,케이디비생명보험주식회사,I,계,2563156698000,국내생보사,B,SH122,업종별 대출금
2988,202109,0010607,케이디비생명보험주식회사,A,"농업, 임업 및 어업",0,국내생보사,B,SH122,업종별 대출금
2989,202109,0010607,케이디비생명보험주식회사,B,제조업,49300000,국내생보사,B,SH122,업종별 대출금
2990,202109,0010607,케이디비생명보험주식회사,C,건설업,689724633000,국내생보사,B,SH122,업종별 대출금
2991,202109,0010607,케이디비생명보험주식회사,D,도매 및 소매업,68500000,국내생보사,B,SH122,업종별 대출금
2992,202109,0010607,케이디비생명보험주식회사,E,숙박 및 음식점업,0,국내생보사,B,SH122,업종별 대출금
2993,202109,0010607,케이디비생명보험주식회사,F,"출판, 영상, 방송통신 및 정보서비스업",4421950000,국내생보사,B,SH122,업종별 대출금
2994,202109,0010607,케이디비생명보험주식회사,G,부동산업 및 임대업,519845853000,국내생보사,B,SH122,업종별 대출금
2995,202109,0010607,케이디비생명보험주식회사,H,기타,1295176432000,국내생보사,B,SH122,업종별 대출금
2996,202109,0010607,케이디비생명보험주식회사,I,계,2509286668000,국내생보사,B,SH122,업종별 대출금
2997,202112,0010607,케이디비생명보험주식회사,A,"농업, 임업 및 어업",0,국내생보사,B,SH122,업종별 대출금
2998,202112,0010607,케이디비생명보험주식회사,B,제조업,49300000,국내생보사,B,SH122,업종별 대출금
2999,202112,0010607,케이디비생명보험주식회사,C,건설업,706711583000,국내생보사,B,SH122,업종별 대출금
3000,202112,0010607,케이디비생명보험주식회사,D,도매 및 소매업,48500000,국내생보사,B,SH122,업종별 대출금
3001,202112,0010607,케이디비생명보험주식회사,E,숙박 및 음식점업,0,국내생보사,B,SH122,업종별 대출금
3002,202112,0010607,케이디비생명보험주식회사,F,"출판, 영상, 방송통신 및 정보서비스업",4421950000,국내생보사,B,SH122,업종별 대출금
3003,202112,0010607,케이디비생명보험주식회사,G,부동산업 및 임대업,526256442000,국내생보사,B,SH122,업종별 대출금
3004,202112,0010607,케이디비생명보험주식회사,H,기타,1257260902000,국내생보사,B,SH122,업종별 대출금
3005,202112,0010607,케이디비생명보험주식회사,I,계,2494748677000,국내생보사,B,SH122,업종별 대출금
3006,202203,0010607,케이디비생명보험주식회사,A,"농업, 임업 및 어업",0,국내생보사,B,SH122,업종별 대출금
3007,202203,0010607,케이디비생명보험주식회사,B,제조업,49300000,국내생보사,B,SH122,업종별 대출금
3008,202203,0010607,케이디비생명보험주식회사,C,건설업,616948060000,국내생보사,B,SH122,업종별 대출금
3009,202203,0010607,케이디비생명보험주식회사,D,도매 및 소매업,48500000,국내생보사,B,SH122,업종별 대출금
3010,202203,0010607,케이디비생명보험주식회사,E,숙박 및 음식점업,0,국내생보사,B,SH122,업종별 대출금
3011,202203,0010607,케이디비생명보험주식회사,F,"출판, 영상, 방송통신 및 정보서비스업",4421950000,국내생보사,B,SH122,업종별 대출금
3012,202203,0010607,케이디비생명보험주식회사,G,부동산업 및 임대업,531725877000,국내생보사,B,SH122,업종별 대출금
3013,202203,0010607,케이디비생명보험주식회사,H,기타,1169887069000,국내생보사,B,SH122,업종별 대출금
3014,202203,0010607,케이디비생명보험주식회사,I,계,2323080756000,국내생보사,B,SH122,업종별 대출금
3015,202206,0010607,케이디비생명보험주식회사,A,"농업, 임업 및 어업",0,국내생보사,B,SH122,업종별 대출금
3016,202206,0010607,케이디비생명보험주식회사,B,제조업,49300000,국내생보사,B,SH122,업종별 대출금
3017,202206,0010607,케이디비생명보험주식회사,C,건설업,604783355000,국내생보사,B,SH122,업종별 대출금
3018,202206,0010607,케이디비생명보험주식회사,D,도매 및 소매업,48500000,국내생보사,B,SH122,업종별 대출금
3019,202206,0010607,케이디비생명보험주식회사,E,숙박 및 음식점업,0,국내생보사,B,SH122,업종별 대출금
3020,202206,0010607,케이디비생명보험주식회사,F,"출판, 영상, 방송통신 및 정보서비스업",4421950000,국내생보사,B,SH122,업종별 대출금
3021,202206,0010607,케이디비생명보험주식회사,G,부동산업 및 임대업,511514603000,국내생보사,B,SH122,업종별 대출금
3022,202206,0010607,케이디비생명보험주식회사,H,기타,1203167833000,국내생보사,B,SH122,업종별 대출금
3023,202206,0010607,케이디비생명보험주식회사,I,계,2323985541000,국내생보사,B,SH122,업종별 대출금
3024,202209,0010607,케이디비생명보험주식회사,A,"농업, 임업 및 어업",0,국내생보사,B,SH122,업종별 대출금
3025,202209,0010607,케이디비생명보험주식회사,B,제조업,49000000,국내생보사,B,SH122,업종별 대출금
3026,202209,0010607,케이디비생명보험주식회사,C,건설업,492830358000,국내생보사,B,SH122,업종별 대출금
3027,202209,0010607,케이디비생명보험주식회사,D,도매 및 소매업,48500000,국내생보사,B,SH122,업종별 대출금
3028,202209,0010607,케이디비생명보험주식회사,E,숙박 및 음식점업,0,국내생보사,B,SH122,업종별 대출금
3029,202209,0010607,케이디비생명보험주식회사,F,"출판, 영상, 방송통신 및 정보서비스업",4141285000,국내생보사,B,SH122,업종별 대출금
3030,202209,0010607,케이디비생명보험주식회사,G,부동산업 및 임대업,531538917000,국내생보사,B,SH122,업종별 대출금
3031,202209,0010607,케이디비생명보험주식회사,H,기타,1254103671000,국내생보사,B,SH122,업종별 대출금
3032,202209,0010607,케이디비생명보험주식회사,I,계,2282711731000,국내생보사,B,SH122,업종별 대출금
3033,202212,0010607,케이디비생명보험주식회사,A,"농업, 임업 및 어업",0,국내생보사,B,SH122,업종별 대출금
3034,202212,0010607,케이디비생명보험주식회사,B,제조업,49000000,국내생보사,B,SH122,업종별 대출금
3035,202212,0010607,케이디비생명보험주식회사,C,건설업,421024554000,국내생보사,B,SH122,업종별 대출금
3036,202212,0010607,케이디비생명보험주식회사,D,도매 및 소매업,48500000,국내생보사,B,SH122,업종별 대출금
3037,202212,0010607,케이디비생명보험주식회사,E,숙박 및 음식점업,0,국내생보사,B,SH122,업종별 대출금
3038,202212,0010607,케이디비생명보험주식회사,F,"출판, 영상, 방송통신 및 정보서비스업",4141285000,국내생보사,B,SH122,업종별 대출금
3039,202212,0010607,케이디비생명보험주식회사,G,부동산업 및 임대업,487406192000,국내생보사,B,SH122,업종별 대출금
3040,202212,0010607,케이디비생명보험주식회사,H,기타,1175463200000,국내생보사,B,SH122,업종별 대출금
3041,202212,0010607,케이디비생명보험주식회사,I,계,2088132731000,국내생보사,B,SH122,업종별 대출금
3042,202303,0010607,케이디비생명보험주식회사,A,"농업, 임업 및 어업",0,국내생보사,B,SH122,업종별 대출금
3043,202303,0010607,케이디비생명보험주식회사,B,제조업,49000000,국내생보사,B,SH122,업종별 대출금
3044,202303,0010607,케이디비생명보험주식회사,C,건설업,419609459000,국내생보사,B,SH122,업종별 대출금
3045,202303,0010607,케이디비생명보험주식회사,D,도매 및 소매업,28500000,국내생보사,B,SH122,업종별 대출금
3046,202303,0010607,케이디비생명보험주식회사,E,숙박 및 음식점업,0,국내생보사,B,SH122,업종별 대출금
3047,202303,0010607,케이디비생명보험주식회사,F,"출판, 영상, 방송통신 및 정보서비스업",4141285000,국내생보사,B,SH122,업종별 대출금
3048,202303,0010607,케이디비생명보험주식회사,G,부동산업 및 임대업,493908036000,국내생보사,B,SH122,업종별 대출금
3049,202303,0010607,케이디비생명보험주식회사,H,기타,1180851729000,국내생보사,B,SH122,업종별 대출금
3050,202303,0010607,케이디비생명보험주식회사,I,계,2098588009000,국내생보사,B,SH122,업종별 대출금
3051,202306,0010607,케이디비생명보험주식회사,A,"농업, 임업 및 어업",0,국내생보사,B,SH122,업종별 대출금
3052,202306,0010607,케이디비생명보험주식회사,B,제조업,49000000,국내생보사,B,SH122,업종별 대출금
3053,202306,0010607,케이디비생명보험주식회사,C,건설업,422326234000,국내생보사,B,SH122,업종별 대출금
3054,202306,0010607,케이디비생명보험주식회사,D,도매 및 소매업,28500000,국내생보사,B,SH122,업종별 대출금
3055,202306,0010607,케이디비생명보험주식회사,E,숙박 및 음식점업,0,국내생보사,B,SH122,업종별 대출금
3056,202306,0010607,케이디비생명보험주식회사,F,"출판, 영상, 방송통신 및 정보서비스업",4141285000,국내생보사,B,SH122,업종별 대출금
3057,202306,0010607,케이디비생명보험주식회사,G,부동산업 및 임대업,501970413000,국내생보사,B,SH122,업종별 대출금
3058,202306,0010607,케이디비생명보험주식회사,H,기타,1101869075000,국내생보사,B,SH122,업종별 대출금
3059,202306,0010607,케이디비생명보험주식회사,I,계,2030384507000,국내생보사,B,SH122,업종별 대출금
3060,202309,0010607,케이디비생명보험주식회사,A,"농업, 임업 및 어업",0,국내생보사,B,SH122,업종별 대출금
3061,202309,0010607,케이디비생명보험주식회사,B,제조업,49000000,국내생보사,B,SH122,업종별 대출금
3062,202309,0010607,케이디비생명보험주식회사,C,건설업,347016790000,국내생보사,B,SH122,업종별 대출금
3063,202309,0010607,케이디비생명보험주식회사,D,도매 및 소매업,18500000,국내생보사,B,SH122,업종별 대출금
3064,202309,0010607,케이디비생명보험주식회사,E,숙박 및 음식점업,0,국내생보사,B,SH122,업종별 대출금
3065,202309,0010607,케이디비생명보험주식회사,F,"출판, 영상, 방송통신 및 정보서비스업",3866253000,국내생보사,B,SH122,업종별 대출금
3066,202309,0010607,케이디비생명보험주식회사,G,부동산업 및 임대업,537380541000,국내생보사,B,SH122,업종별 대출금
3067,202309,0010607,케이디비생명보험주식회사,H,기타,1100182210000,국내생보사,B,SH122,업종별 대출금
3068,202309,0010607,케이디비생명보험주식회사,I,계,1988513294000,국내생보사,B,SH122,업종별 대출금
3069,202312,0010607,케이디비생명보험주식회사,A,"농업, 임업 및 어업",0,국내생보사,B,SH122,업종별 대출금
3070,202312,0010607,케이디비생명보험주식회사,B,제조업,49000000,국내생보사,B,SH122,업종별 대출금
3071,202312,0010607,케이디비생명보험주식회사,C,건설업,336375533000,국내생보사,B,SH122,업종별 대출금
3072,202312,0010607,케이디비생명보험주식회사,D,도매 및 소매업,18500000,국내생보사,B,SH122,업종별 대출금
3073,202312,0010607,케이디비생명보험주식회사,E,숙박 및 음식점업,0,국내생보사,B,SH122,업종별 대출금
3074,202312,0010607,케이디비생명보험주식회사,F,"출판, 영상, 방송통신 및 정보서비스업",3866253000,국내생보사,B,SH122,업종별 대출금
3075,202312,0010607,케이디비생명보험주식회사,G,부동산업 및 임대업,566365456000,국내생보사,B,SH122,업종별 대출금
3076,202312,0010607,케이디비생명보험주식회사,H,기타,1061493550000,국내생보사,B,SH122,업종별 대출금
3077,202312,0010607,케이디비생명보험주식회사,I,계,1968168292000,국내생보사,B,SH122,업종별 대출금
3078,202403,0010607,케이디비생명보험주식회사,A,"농업, 임업 및 어업",0,국내생보사,B,SH122,업종별 대출금
3079,202403,0010607,케이디비생명보험주식회사,B,제조업,49000000,국내생보사,B,SH122,업종별 대출금
3080,202403,0010607,케이디비생명보험주식회사,C,건설업,309133246000,국내생보사,B,SH122,업종별 대출금
3081,202403,0010607,케이디비생명보험주식회사,D,도매 및 소매업,18500000,국내생보사,B,SH122,업종별 대출금
3082,202403,0010607,케이디비생명보험주식회사,E,숙박 및 음식점업,0,국내생보사,B,SH122,업종별 대출금
3083,202403,0010607,케이디비생명보험주식회사,F,"출판, 영상, 방송통신 및 정보서비스업",3866253000,국내생보사,B,SH122,업종별 대출금
3084,202403,0010607,케이디비생명보험주식회사,G,부동산업 및 임대업,577563429000,국내생보사,B,SH122,업종별 대출금
3085,202403,0010607,케이디비생명보험주식회사,H,기타,1033736951000,국내생보사,B,SH122,업종별 대출금
3086,202403,0010607,케이디비생명보험주식회사,I,계,1924367379000,국내생보사,B,SH122,업종별 대출금
3087,202406,0010607,케이디비생명보험주식회사,A,"농업, 임업 및 어업",0,국내생보사,B,SH122,업종별 대출금
3088,202406,0010607,케이디비생명보험주식회사,B,제조업,49000000,국내생보사,B,SH122,업종별 대출금
3089,202406,0010607,케이디비생명보험주식회사,C,건설업,242187830000,국내생보사,B,SH122,업종별 대출금
3090,202406,0010607,케이디비생명보험주식회사,D,도매 및 소매업,18500000,국내생보사,B,SH122,업종별 대출금
3091,202406,0010607,케이디비생명보험주식회사,E,숙박 및 음식점업,0,국내생보사,B,SH122,업종별 대출금
3092,202406,0010607,케이디비생명보험주식회사,F,"출판, 영상, 방송통신 및 정보서비스업",3866253000,국내생보사,B,SH122,업종별 대출금
3093,202406,0010607,케이디비생명보험주식회사,G,부동산업 및 임대업,569017135000,국내생보사,B,SH122,업종별 대출금
3094,202406,0010607,케이디비생명보험주식회사,H,기타,1019966511000,국내생보사,B,SH122,업종별 대출금
3095,202406,0010607,케이디비생명보험주식회사,I,계,1835105229000,국내생보사,B,SH122,업종별 대출금
3096,202409,0010607,케이디비생명보험주식회사,A,"농업, 임업 및 어업",0,국내생보사,B,SH122,업종별 대출금
3097,202409,0010607,케이디비생명보험주식회사,B,제조업,49000000,국내생보사,B,SH122,업종별 대출금
3098,202409,0010607,케이디비생명보험주식회사,C,건설업,237843774000,국내생보사,B,SH122,업종별 대출금
3099,202409,0010607,케이디비생명보험주식회사,D,도매 및 소매업,18500000,국내생보사,B,SH122,업종별 대출금
3100,202409,0010607,케이디비생명보험주식회사,E,숙박 및 음식점업,0,국내생보사,B,SH122,업종별 대출금
3101,202409,0010607,케이디비생명보험주식회사,F,"출판, 영상, 방송통신 및 정보서비스업",3591221000,국내생보사,B,SH122,업종별 대출금
3102,202409,0010607,케이디비생명보험주식회사,G,부동산업 및 임대업,473494000000,국내생보사,B,SH122,업종별 대출금
3103,202409,0010607,케이디비생명보험주식회사,H,기타,1007431640000,국내생보사,B,SH122,업종별 대출금
3104,202409,0010607,케이디비생명보험주식회사,I,계,1722428135000,국내생보사,B,SH122,업종별 대출금
3105,202412,0010607,케이디비생명보험주식회사,A,"농업, 임업 및 어업",0,국내생보사,B,SH122,업종별 대출금
3106,202412,0010607,케이디비생명보험주식회사,B,제조업,49000000,국내생보사,B,SH122,업종별 대출금
3107,202412,0010607,케이디비생명보험주식회사,C,건설업,214401631000,국내생보사,B,SH122,업종별 대출금
3108,202412,0010607,케이디비생명보험주식회사,D,도매 및 소매업,18500000,국내생보사,B,SH122,업종별 대출금
3109,202412,0010607,케이디비생명보험주식회사,E,숙박 및 음식점업,0,국내생보사,B,SH122,업종별 대출금
3110,202412,0010607,케이디비생명보험주식회사,F,"출판, 영상, 방송통신 및 정보서비스업",3591221000,국내생보사,B,SH122,업종별 대출금
3111,202412,0010607,케이디비생명보험주식회사,G,부동산업 및 임대업,299661993000,국내생보사,B,SH122,업종별 대출금
3112,202412,0010607,케이디비생명보험주식회사,H,기타,931578727000,국내생보사,B,SH122,업종별 대출금
3113,202412,0010607,케이디비생명보험주식회사,I,계,1449301072000,국내생보사,B,SH122,업종별 대출금
3114,202503,0010607,케이디비생명보험주식회사,A,"농업, 임업 및 어업",0,국내생보사,B,SH122,업종별 대출금
3115,202503,0010607,케이디비생명보험주식회사,B,제조업,49000000,국내생보사,B,SH122,업종별 대출금
3116,202503,0010607,케이디비생명보험주식회사,C,건설업,210817085000,국내생보사,B,SH122,업종별 대출금
3117,202503,0010607,케이디비생명보험주식회사,D,도매 및 소매업,8500000,국내생보사,B,SH122,업종별 대출금
3118,202503,0010607,케이디비생명보험주식회사,E,숙박 및 음식점업,0,국내생보사,B,SH122,업종별 대출금
3119,202503,0010607,케이디비생명보험주식회사,F,"출판, 영상, 방송통신 및 정보서비스업",3591221000,국내생보사,B,SH122,업종별 대출금
3120,202503,0010607,케이디비생명보험주식회사,G,부동산업 및 임대업,316917636000,국내생보사,B,SH122,업종별 대출금
3121,202503,0010607,케이디비생명보험주식회사,H,기타,926645894000,국내생보사,B,SH122,업종별 대출금
3122,202503,0010607,케이디비생명보험주식회사,I,계,1458029336000,국내생보사,B,SH122,업종별 대출금
3123,201703,0010618,하나생명보험주식회사,A,"농업, 임업 및 어업",0,국내생보사,B,SH122,업종별 대출금
3124,201703,0010618,하나생명보험주식회사,B,제조업,21585951000,국내생보사,B,SH122,업종별 대출금
3125,201703,0010618,하나생명보험주식회사,C,건설업,0,국내생보사,B,SH122,업종별 대출금
3126,201703,0010618,하나생명보험주식회사,D,도매 및 소매업,16991065000,국내생보사,B,SH122,업종별 대출금
3127,201703,0010618,하나생명보험주식회사,E,숙박 및 음식점업,0,국내생보사,B,SH122,업종별 대출금
3128,201703,0010618,하나생명보험주식회사,F,"출판, 영상, 방송통신 및 정보서비스업",0,국내생보사,B,SH122,업종별 대출금
3129,201703,0010618,하나생명보험주식회사,G,부동산업 및 임대업,144239833000,국내생보사,B,SH122,업종별 대출금
3130,201703,0010618,하나생명보험주식회사,H,기타,132189349000,국내생보사,B,SH122,업종별 대출금
3131,201703,0010618,하나생명보험주식회사,I,계,315006198000,국내생보사,B,SH122,업종별 대출금
3132,201706,0010618,하나생명보험주식회사,A,"농업, 임업 및 어업",0,국내생보사,B,SH122,업종별 대출금
3133,201706,0010618,하나생명보험주식회사,B,제조업,10000000000,국내생보사,B,SH122,업종별 대출금
3134,201706,0010618,하나생명보험주식회사,C,건설업,0,국내생보사,B,SH122,업종별 대출금
3135,201706,0010618,하나생명보험주식회사,D,도매 및 소매업,16991065000,국내생보사,B,SH122,업종별 대출금
3136,201706,0010618,하나생명보험주식회사,E,숙박 및 음식점업,0,국내생보사,B,SH122,업종별 대출금
3137,201706,0010618,하나생명보험주식회사,F,"출판, 영상, 방송통신 및 정보서비스업",0,국내생보사,B,SH122,업종별 대출금
3138,201706,0010618,하나생명보험주식회사,G,부동산업 및 임대업,136401148000,국내생보사,B,SH122,업종별 대출금
3139,201706,0010618,하나생명보험주식회사,H,기타,140145365000,국내생보사,B,SH122,업종별 대출금
3140,201706,0010618,하나생명보험주식회사,I,계,303537578000,국내생보사,B,SH122,업종별 대출금
3141,201709,0010618,하나생명보험주식회사,A,"농업, 임업 및 어업",0,국내생보사,B,SH122,업종별 대출금
3142,201709,0010618,하나생명보험주식회사,B,제조업,10000000000,국내생보사,B,SH122,업종별 대출금
3143,201709,0010618,하나생명보험주식회사,C,건설업,0,국내생보사,B,SH122,업종별 대출금
3144,201709,0010618,하나생명보험주식회사,D,도매 및 소매업,15684228000,국내생보사,B,SH122,업종별 대출금
3145,201709,0010618,하나생명보험주식회사,E,숙박 및 음식점업,0,국내생보사,B,SH122,업종별 대출금
3146,201709,0010618,하나생명보험주식회사,F,"출판, 영상, 방송통신 및 정보서비스업",0,국내생보사,B,SH122,업종별 대출금
3147,201709,0010618,하나생명보험주식회사,G,부동산업 및 임대업,151142564000,국내생보사,B,SH122,업종별 대출금
3148,201709,0010618,하나생명보험주식회사,H,기타,173455496000,국내생보사,B,SH122,업종별 대출금
3149,201709,0010618,하나생명보험주식회사,I,계,350282288000,국내생보사,B,SH122,업종별 대출금
3150,201712,0010618,하나생명보험주식회사,A,"농업, 임업 및 어업",0,국내생보사,B,SH122,업종별 대출금
3151,201712,0010618,하나생명보험주식회사,B,제조업,10000000000,국내생보사,B,SH122,업종별 대출금
3152,201712,0010618,하나생명보험주식회사,C,건설업,0,국내생보사,B,SH122,업종별 대출금
3153,201712,0010618,하나생명보험주식회사,D,도매 및 소매업,15613141000,국내생보사,B,SH122,업종별 대출금
3154,201712,0010618,하나생명보험주식회사,E,숙박 및 음식점업,0,국내생보사,B,SH122,업종별 대출금
3155,201712,0010618,하나생명보험주식회사,F,"출판, 영상, 방송통신 및 정보서비스업",0,국내생보사,B,SH122,업종별 대출금
3156,201712,0010618,하나생명보험주식회사,G,부동산업 및 임대업,160424439000,국내생보사,B,SH122,업종별 대출금
3157,201712,0010618,하나생명보험주식회사,H,기타,179071690000,국내생보사,B,SH122,업종별 대출금
3158,201712,0010618,하나생명보험주식회사,I,계,365109270000,국내생보사,B,SH122,업종별 대출금
3159,201803,0010618,하나생명보험주식회사,A,"농업, 임업 및 어업",0,국내생보사,B,SH122,업종별 대출금
3160,201803,0010618,하나생명보험주식회사,B,제조업,9253174000,국내생보사,B,SH122,업종별 대출금
3161,201803,0010618,하나생명보험주식회사,C,건설업,0,국내생보사,B,SH122,업종별 대출금
3162,201803,0010618,하나생명보험주식회사,D,도매 및 소매업,13798906000,국내생보사,B,SH122,업종별 대출금
3163,201803,0010618,하나생명보험주식회사,E,숙박 및 음식점업,0,국내생보사,B,SH122,업종별 대출금
3164,201803,0010618,하나생명보험주식회사,F,"출판, 영상, 방송통신 및 정보서비스업",0,국내생보사,B,SH122,업종별 대출금
3165,201803,0010618,하나생명보험주식회사,G,부동산업 및 임대업,194831677000,국내생보사,B,SH122,업종별 대출금
3166,201803,0010618,하나생명보험주식회사,H,기타,214164550000,국내생보사,B,SH122,업종별 대출금
3167,201803,0010618,하나생명보험주식회사,I,계,432048307000,국내생보사,B,SH122,업종별 대출금
3168,201806,0010618,하나생명보험주식회사,A,"농업, 임업 및 어업",0,국내생보사,B,SH122,업종별 대출금
3169,201806,0010618,하나생명보험주식회사,B,제조업,9253174000,국내생보사,B,SH122,업종별 대출금
3170,201806,0010618,하나생명보험주식회사,C,건설업,0,국내생보사,B,SH122,업종별 대출금
3171,201806,0010618,하나생명보험주식회사,D,도매 및 소매업,21411406000,국내생보사,B,SH122,업종별 대출금
3172,201806,0010618,하나생명보험주식회사,E,숙박 및 음식점업,0,국내생보사,B,SH122,업종별 대출금
3173,201806,0010618,하나생명보험주식회사,F,"출판, 영상, 방송통신 및 정보서비스업",0,국내생보사,B,SH122,업종별 대출금
3174,201806,0010618,하나생명보험주식회사,G,부동산업 및 임대업,202367065000,국내생보사,B,SH122,업종별 대출금
3175,201806,0010618,하나생명보험주식회사,H,기타,219673198000,국내생보사,B,SH122,업종별 대출금
3176,201806,0010618,하나생명보험주식회사,I,계,452704843000,국내생보사,B,SH122,업종별 대출금
3177,201809,0010618,하나생명보험주식회사,A,"농업, 임업 및 어업",0,국내생보사,B,SH122,업종별 대출금
3178,201809,0010618,하나생명보험주식회사,B,제조업,9253174000,국내생보사,B,SH122,업종별 대출금
3179,201809,0010618,하나생명보험주식회사,C,건설업,0,국내생보사,B,SH122,업종별 대출금
3180,201809,0010618,하나생명보험주식회사,D,도매 및 소매업,23111406000,국내생보사,B,SH122,업종별 대출금
3181,201809,0010618,하나생명보험주식회사,E,숙박 및 음식점업,30000000000,국내생보사,B,SH122,업종별 대출금
3182,201809,0010618,하나생명보험주식회사,F,"출판, 영상, 방송통신 및 정보서비스업",0,국내생보사,B,SH122,업종별 대출금
3183,201809,0010618,하나생명보험주식회사,G,부동산업 및 임대업,220061866000,국내생보사,B,SH122,업종별 대출금
3184,201809,0010618,하나생명보험주식회사,H,기타,231618018000,국내생보사,B,SH122,업종별 대출금
3185,201809,0010618,하나생명보험주식회사,I,계,514044464000,국내생보사,B,SH122,업종별 대출금
3186,201812,0010618,하나생명보험주식회사,A,"농업, 임업 및 어업",0,국내생보사,B,SH122,업종별 대출금
3187,201812,0010618,하나생명보험주식회사,B,제조업,9253174000,국내생보사,B,SH122,업종별 대출금
3188,201812,0010618,하나생명보험주식회사,C,건설업,0,국내생보사,B,SH122,업종별 대출금
3189,201812,0010618,하나생명보험주식회사,D,도매 및 소매업,22313490000,국내생보사,B,SH122,업종별 대출금
3190,201812,0010618,하나생명보험주식회사,E,숙박 및 음식점업,30000000000,국내생보사,B,SH122,업종별 대출금
3191,201812,0010618,하나생명보험주식회사,F,"출판, 영상, 방송통신 및 정보서비스업",0,국내생보사,B,SH122,업종별 대출금
3192,201812,0010618,하나생명보험주식회사,G,부동산업 및 임대업,241417139000,국내생보사,B,SH122,업종별 대출금
3193,201812,0010618,하나생명보험주식회사,H,기타,224830574000,국내생보사,B,SH122,업종별 대출금
3194,201812,0010618,하나생명보험주식회사,I,계,527814377000,국내생보사,B,SH122,업종별 대출금
3195,201903,0010618,하나생명보험주식회사,A,"농업, 임업 및 어업",0,국내생보사,B,SH122,업종별 대출금
3196,201903,0010618,하나생명보험주식회사,B,제조업,8319642000,국내생보사,B,SH122,업종별 대출금
3197,201903,0010618,하나생명보험주식회사,C,건설업,0,국내생보사,B,SH122,업종별 대출금
3198,201903,0010618,하나생명보험주식회사,D,도매 및 소매업,22252813000,국내생보사,B,SH122,업종별 대출금
3199,201903,0010618,하나생명보험주식회사,E,숙박 및 음식점업,30000000000,국내생보사,B,SH122,업종별 대출금
3200,201903,0010618,하나생명보험주식회사,F,"출판, 영상, 방송통신 및 정보서비스업",0,국내생보사,B,SH122,업종별 대출금
3201,201903,0010618,하나생명보험주식회사,G,부동산업 및 임대업,266654634000,국내생보사,B,SH122,업종별 대출금
3202,201903,0010618,하나생명보험주식회사,H,기타,209208708000,국내생보사,B,SH122,업종별 대출금
3203,201903,0010618,하나생명보험주식회사,I,계,536435797000,국내생보사,B,SH122,업종별 대출금
3204,201906,0010618,하나생명보험주식회사,A,"농업, 임업 및 어업",0,국내생보사,B,SH122,업종별 대출금
3205,201906,0010618,하나생명보험주식회사,B,제조업,8319642000,국내생보사,B,SH122,업종별 대출금
3206,201906,0010618,하나생명보험주식회사,C,건설업,0,국내생보사,B,SH122,업종별 대출금
3207,201906,0010618,하나생명보험주식회사,D,도매 및 소매업,16553489000,국내생보사,B,SH122,업종별 대출금
3208,201906,0010618,하나생명보험주식회사,E,숙박 및 음식점업,30000000000,국내생보사,B,SH122,업종별 대출금
3209,201906,0010618,하나생명보험주식회사,F,"출판, 영상, 방송통신 및 정보서비스업",0,국내생보사,B,SH122,업종별 대출금
3210,201906,0010618,하나생명보험주식회사,G,부동산업 및 임대업,285820259000,국내생보사,B,SH122,업종별 대출금
3211,201906,0010618,하나생명보험주식회사,H,기타,187298740000,국내생보사,B,SH122,업종별 대출금
3212,201906,0010618,하나생명보험주식회사,I,계,527992130000,국내생보사,B,SH122,업종별 대출금
3213,201909,0010618,하나생명보험주식회사,A,"농업, 임업 및 어업",0,국내생보사,B,SH122,업종별 대출금
3214,201909,0010618,하나생명보험주식회사,B,제조업,0,국내생보사,B,SH122,업종별 대출금
3215,201909,0010618,하나생명보험주식회사,C,건설업,10000000000,국내생보사,B,SH122,업종별 대출금
3216,201909,0010618,하나생명보험주식회사,D,도매 및 소매업,15139203000,국내생보사,B,SH122,업종별 대출금
3217,201909,0010618,하나생명보험주식회사,E,숙박 및 음식점업,30000000000,국내생보사,B,SH122,업종별 대출금
3218,201909,0010618,하나생명보험주식회사,F,"출판, 영상, 방송통신 및 정보서비스업",0,국내생보사,B,SH122,업종별 대출금
3219,201909,0010618,하나생명보험주식회사,G,부동산업 및 임대업,287337846000,국내생보사,B,SH122,업종별 대출금
3220,201909,0010618,하나생명보험주식회사,H,기타,188791121000,국내생보사,B,SH122,업종별 대출금
3221,201909,0010618,하나생명보험주식회사,I,계,531268170000,국내생보사,B,SH122,업종별 대출금
3222,201912,0010618,하나생명보험주식회사,A,"농업, 임업 및 어업",0,국내생보사,B,SH122,업종별 대출금
3223,201912,0010618,하나생명보험주식회사,B,제조업,0,국내생보사,B,SH122,업종별 대출금
3224,201912,0010618,하나생명보험주식회사,C,건설업,10000000000,국내생보사,B,SH122,업종별 대출금
3225,201912,0010618,하나생명보험주식회사,D,도매 및 소매업,5000000000,국내생보사,B,SH122,업종별 대출금
3226,201912,0010618,하나생명보험주식회사,E,숙박 및 음식점업,30000000000,국내생보사,B,SH122,업종별 대출금
3227,201912,0010618,하나생명보험주식회사,F,"출판, 영상, 방송통신 및 정보서비스업",0,국내생보사,B,SH122,업종별 대출금
3228,201912,0010618,하나생명보험주식회사,G,부동산업 및 임대업,302427064000,국내생보사,B,SH122,업종별 대출금
3229,201912,0010618,하나생명보험주식회사,H,기타,188726251000,국내생보사,B,SH122,업종별 대출금
3230,201912,0010618,하나생명보험주식회사,I,계,536153315000,국내생보사,B,SH122,업종별 대출금
3231,202003,0010618,하나생명보험주식회사,A,"농업, 임업 및 어업",0,국내생보사,B,SH122,업종별 대출금
3232,202003,0010618,하나생명보험주식회사,B,제조업,0,국내생보사,B,SH122,업종별 대출금
3233,202003,0010618,하나생명보험주식회사,C,건설업,10000000000,국내생보사,B,SH122,업종별 대출금
3234,202003,0010618,하나생명보험주식회사,D,도매 및 소매업,5000000000,국내생보사,B,SH122,업종별 대출금
3235,202003,0010618,하나생명보험주식회사,E,숙박 및 음식점업,30000000000,국내생보사,B,SH122,업종별 대출금
3236,202003,0010618,하나생명보험주식회사,F,"출판, 영상, 방송통신 및 정보서비스업",0,국내생보사,B,SH122,업종별 대출금
3237,202003,0010618,하나생명보험주식회사,G,부동산업 및 임대업,294689552000,국내생보사,B,SH122,업종별 대출금
3238,202003,0010618,하나생명보험주식회사,H,기타,237709132000,국내생보사,B,SH122,업종별 대출금
3239,202003,0010618,하나생명보험주식회사,I,계,577398684000,국내생보사,B,SH122,업종별 대출금
3240,202006,0010618,하나생명보험주식회사,A,"농업, 임업 및 어업",0,국내생보사,B,SH122,업종별 대출금
3241,202006,0010618,하나생명보험주식회사,B,제조업,25000000000,국내생보사,B,SH122,업종별 대출금
3242,202006,0010618,하나생명보험주식회사,C,건설업,10000000000,국내생보사,B,SH122,업종별 대출금
3243,202006,0010618,하나생명보험주식회사,D,도매 및 소매업,5000000000,국내생보사,B,SH122,업종별 대출금
3244,202006,0010618,하나생명보험주식회사,E,숙박 및 음식점업,40000000000,국내생보사,B,SH122,업종별 대출금
3245,202006,0010618,하나생명보험주식회사,F,"출판, 영상, 방송통신 및 정보서비스업",0,국내생보사,B,SH122,업종별 대출금
3246,202006,0010618,하나생명보험주식회사,G,부동산업 및 임대업,279683455000,국내생보사,B,SH122,업종별 대출금
3247,202006,0010618,하나생명보험주식회사,H,기타,234456181000,국내생보사,B,SH122,업종별 대출금
3248,202006,0010618,하나생명보험주식회사,I,계,594139636000,국내생보사,B,SH122,업종별 대출금
3249,202009,0010618,하나생명보험주식회사,A,"농업, 임업 및 어업",0,국내생보사,B,SH122,업종별 대출금
3250,202009,0010618,하나생명보험주식회사,B,제조업,25000000000,국내생보사,B,SH122,업종별 대출금
3251,202009,0010618,하나생명보험주식회사,C,건설업,10000000000,국내생보사,B,SH122,업종별 대출금
3252,202009,0010618,하나생명보험주식회사,D,도매 및 소매업,5000000000,국내생보사,B,SH122,업종별 대출금
3253,202009,0010618,하나생명보험주식회사,E,숙박 및 음식점업,40621000000,국내생보사,B,SH122,업종별 대출금
3254,202009,0010618,하나생명보험주식회사,F,"출판, 영상, 방송통신 및 정보서비스업",0,국내생보사,B,SH122,업종별 대출금
3255,202009,0010618,하나생명보험주식회사,G,부동산업 및 임대업,267110793000,국내생보사,B,SH122,업종별 대출금
3256,202009,0010618,하나생명보험주식회사,H,기타,277150736000,국내생보사,B,SH122,업종별 대출금
3257,202009,0010618,하나생명보험주식회사,I,계,624882529000,국내생보사,B,SH122,업종별 대출금
3258,202012,0010618,하나생명보험주식회사,A,"농업, 임업 및 어업",0,국내생보사,B,SH122,업종별 대출금
3259,202012,0010618,하나생명보험주식회사,B,제조업,25000000000,국내생보사,B,SH122,업종별 대출금
3260,202012,0010618,하나생명보험주식회사,C,건설업,10000000000,국내생보사,B,SH122,업종별 대출금
3261,202012,0010618,하나생명보험주식회사,D,도매 및 소매업,6000000000,국내생보사,B,SH122,업종별 대출금
3262,202012,0010618,하나생명보험주식회사,E,숙박 및 음식점업,40783000000,국내생보사,B,SH122,업종별 대출금
3263,202012,0010618,하나생명보험주식회사,F,"출판, 영상, 방송통신 및 정보서비스업",30000000000,국내생보사,B,SH122,업종별 대출금
3264,202012,0010618,하나생명보험주식회사,G,부동산업 및 임대업,275430845000,국내생보사,B,SH122,업종별 대출금
3265,202012,0010618,하나생명보험주식회사,H,기타,308911815000,국내생보사,B,SH122,업종별 대출금
3266,202012,0010618,하나생명보험주식회사,I,계,696125660000,국내생보사,B,SH122,업종별 대출금
3267,202103,0010618,하나생명보험주식회사,A,"농업, 임업 및 어업",0,국내생보사,B,SH122,업종별 대출금
3268,202103,0010618,하나생명보험주식회사,B,제조업,25000000000,국내생보사,B,SH122,업종별 대출금
3269,202103,0010618,하나생명보험주식회사,C,건설업,3505700000,국내생보사,B,SH122,업종별 대출금
3270,202103,0010618,하나생명보험주식회사,D,도매 및 소매업,6000000000,국내생보사,B,SH122,업종별 대출금
3271,202103,0010618,하나생명보험주식회사,E,숙박 및 음식점업,41026000000,국내생보사,B,SH122,업종별 대출금
3272,202103,0010618,하나생명보험주식회사,F,"출판, 영상, 방송통신 및 정보서비스업",30000000000,국내생보사,B,SH122,업종별 대출금
3273,202103,0010618,하나생명보험주식회사,G,부동산업 및 임대업,261002261000,국내생보사,B,SH122,업종별 대출금
3274,202103,0010618,하나생명보험주식회사,H,기타,290990305000,국내생보사,B,SH122,업종별 대출금
3275,202103,0010618,하나생명보험주식회사,I,계,657524266000,국내생보사,B,SH122,업종별 대출금
3276,202106,0010618,하나생명보험주식회사,A,"농업, 임업 및 어업",0,국내생보사,B,SH122,업종별 대출금
3277,202106,0010618,하나생명보험주식회사,B,제조업,24285714000,국내생보사,B,SH122,업종별 대출금
3278,202106,0010618,하나생명보험주식회사,C,건설업,5507600000,국내생보사,B,SH122,업종별 대출금
3279,202106,0010618,하나생명보험주식회사,D,도매 및 소매업,6000000000,국내생보사,B,SH122,업종별 대출금
3280,202106,0010618,하나생명보험주식회사,E,숙박 및 음식점업,41701000000,국내생보사,B,SH122,업종별 대출금
3281,202106,0010618,하나생명보험주식회사,F,"출판, 영상, 방송통신 및 정보서비스업",30000000000,국내생보사,B,SH122,업종별 대출금
3282,202106,0010618,하나생명보험주식회사,G,부동산업 및 임대업,246841340000,국내생보사,B,SH122,업종별 대출금
3283,202106,0010618,하나생명보험주식회사,H,기타,319734516000,국내생보사,B,SH122,업종별 대출금
3284,202106,0010618,하나생명보험주식회사,I,계,674070170000,국내생보사,B,SH122,업종별 대출금
3285,202109,0010618,하나생명보험주식회사,A,"농업, 임업 및 어업",0,국내생보사,B,SH122,업종별 대출금
3286,202109,0010618,하나생명보험주식회사,B,제조업,23571429000,국내생보사,B,SH122,업종별 대출금
3287,202109,0010618,하나생명보험주식회사,C,건설업,5507600000,국내생보사,B,SH122,업종별 대출금
3288,202109,0010618,하나생명보험주식회사,D,도매 및 소매업,6266826000,국내생보사,B,SH122,업종별 대출금
3289,202109,0010618,하나생명보험주식회사,E,숙박 및 음식점업,42376000000,국내생보사,B,SH122,업종별 대출금
3290,202109,0010618,하나생명보험주식회사,F,"출판, 영상, 방송통신 및 정보서비스업",0,국내생보사,B,SH122,업종별 대출금
3291,202109,0010618,하나생명보험주식회사,G,부동산업 및 임대업,227411091000,국내생보사,B,SH122,업종별 대출금
3292,202109,0010618,하나생명보험주식회사,H,기타,343735336000,국내생보사,B,SH122,업종별 대출금
3293,202109,0010618,하나생명보험주식회사,I,계,648868282000,국내생보사,B,SH122,업종별 대출금
3294,202112,0010618,하나생명보험주식회사,A,"농업, 임업 및 어업",0,국내생보사,B,SH122,업종별 대출금
3295,202112,0010618,하나생명보험주식회사,B,제조업,23571429000,국내생보사,B,SH122,업종별 대출금
3296,202112,0010618,하나생명보험주식회사,C,건설업,17509500000,국내생보사,B,SH122,업종별 대출금
3297,202112,0010618,하나생명보험주식회사,D,도매 및 소매업,7141826000,국내생보사,B,SH122,업종별 대출금
3298,202112,0010618,하나생명보험주식회사,E,숙박 및 음식점업,38051000000,국내생보사,B,SH122,업종별 대출금
3299,202112,0010618,하나생명보험주식회사,F,"출판, 영상, 방송통신 및 정보서비스업",0,국내생보사,B,SH122,업종별 대출금
3300,202112,0010618,하나생명보험주식회사,G,부동산업 및 임대업,239361956000,국내생보사,B,SH122,업종별 대출금
3301,202112,0010618,하나생명보험주식회사,H,기타,350185768000,국내생보사,B,SH122,업종별 대출금
3302,202112,0010618,하나생명보험주식회사,I,계,675821479000,국내생보사,B,SH122,업종별 대출금
3303,202203,0010618,하나생명보험주식회사,A,"농업, 임업 및 어업",0,국내생보사,B,SH122,업종별 대출금
3304,202203,0010618,하나생명보험주식회사,B,제조업,23571429000,국내생보사,B,SH122,업종별 대출금
3305,202203,0010618,하나생명보험주식회사,C,건설업,17509500000,국내생보사,B,SH122,업종별 대출금
3306,202203,0010618,하나생명보험주식회사,D,도매 및 소매업,2966826000,국내생보사,B,SH122,업종별 대출금
3307,202203,0010618,하나생명보험주식회사,E,숙박 및 음식점업,41021000000,국내생보사,B,SH122,업종별 대출금
3308,202203,0010618,하나생명보험주식회사,F,"출판, 영상, 방송통신 및 정보서비스업",0,국내생보사,B,SH122,업종별 대출금
3309,202203,0010618,하나생명보험주식회사,G,부동산업 및 임대업,247214933000,국내생보사,B,SH122,업종별 대출금
3310,202203,0010618,하나생명보험주식회사,H,기타,369034194000,국내생보사,B,SH122,업종별 대출금
3311,202203,0010618,하나생명보험주식회사,I,계,701317882000,국내생보사,B,SH122,업종별 대출금
3312,202206,0010618,하나생명보험주식회사,A,"농업, 임업 및 어업",0,국내생보사,B,SH122,업종별 대출금
3313,202206,0010618,하나생명보험주식회사,B,제조업,23571429000,국내생보사,B,SH122,업종별 대출금
3314,202206,0010618,하나생명보험주식회사,C,건설업,19511400000,국내생보사,B,SH122,업종별 대출금
3315,202206,0010618,하나생명보험주식회사,D,도매 및 소매업,4016826000,국내생보사,B,SH122,업종별 대출금
3316,202206,0010618,하나생명보험주식회사,E,숙박 및 음식점업,44750000000,국내생보사,B,SH122,업종별 대출금
3317,202206,0010618,하나생명보험주식회사,F,"출판, 영상, 방송통신 및 정보서비스업",0,국내생보사,B,SH122,업종별 대출금
3318,202206,0010618,하나생명보험주식회사,G,부동산업 및 임대업,221666774000,국내생보사,B,SH122,업종별 대출금
3319,202206,0010618,하나생명보험주식회사,H,기타,366605045000,국내생보사,B,SH122,업종별 대출금
3320,202206,0010618,하나생명보험주식회사,I,계,680121474000,국내생보사,B,SH122,업종별 대출금
3321,202209,0010618,하나생명보험주식회사,A,"농업, 임업 및 어업",0,국내생보사,B,SH122,업종별 대출금
3322,202209,0010618,하나생명보험주식회사,B,제조업,23571218000,국내생보사,B,SH122,업종별 대출금
3323,202209,0010618,하나생명보험주식회사,C,건설업,19511400000,국내생보사,B,SH122,업종별 대출금
3324,202209,0010618,하나생명보험주식회사,D,도매 및 소매업,5316826000,국내생보사,B,SH122,업종별 대출금
3325,202209,0010618,하나생명보험주식회사,E,숙박 및 음식점업,40000000000,국내생보사,B,SH122,업종별 대출금
3326,202209,0010618,하나생명보험주식회사,F,"출판, 영상, 방송통신 및 정보서비스업",0,국내생보사,B,SH122,업종별 대출금
3327,202209,0010618,하나생명보험주식회사,G,부동산업 및 임대업,208298729000,국내생보사,B,SH122,업종별 대출금
3328,202209,0010618,하나생명보험주식회사,H,기타,383226861000,국내생보사,B,SH122,업종별 대출금
3329,202209,0010618,하나생명보험주식회사,I,계,679925034000,국내생보사,B,SH122,업종별 대출금
3330,202212,0010618,하나생명보험주식회사,A,"농업, 임업 및 어업",0,국내생보사,B,SH122,업종별 대출금
3331,202212,0010618,하나생명보험주식회사,B,제조업,23571218000,국내생보사,B,SH122,업종별 대출금
3332,202212,0010618,하나생명보험주식회사,C,건설업,20000000000,국내생보사,B,SH122,업종별 대출금
3333,202212,0010618,하나생명보험주식회사,D,도매 및 소매업,0,국내생보사,B,SH122,업종별 대출금
3334,202212,0010618,하나생명보험주식회사,E,숙박 및 음식점업,40000000000,국내생보사,B,SH122,업종별 대출금
3335,202212,0010618,하나생명보험주식회사,F,"출판, 영상, 방송통신 및 정보서비스업",0,국내생보사,B,SH122,업종별 대출금
3336,202212,0010618,하나생명보험주식회사,G,부동산업 및 임대업,222484537000,국내생보사,B,SH122,업종별 대출금
3337,202212,0010618,하나생명보험주식회사,H,기타,402076499000,국내생보사,B,SH122,업종별 대출금
3338,202212,0010618,하나생명보험주식회사,I,계,708132254000,국내생보사,B,SH122,업종별 대출금
3339,202303,0010618,하나생명보험주식회사,A,"농업, 임업 및 어업",0,국내생보사,B,SH122,업종별 대출금
3340,202303,0010618,하나생명보험주식회사,B,제조업,23392857000,국내생보사,B,SH122,업종별 대출금
3341,202303,0010618,하나생명보험주식회사,C,건설업,20000000000,국내생보사,B,SH122,업종별 대출금
3342,202303,0010618,하나생명보험주식회사,D,도매 및 소매업,0,국내생보사,B,SH122,업종별 대출금
3343,202303,0010618,하나생명보험주식회사,E,숙박 및 음식점업,40000000000,국내생보사,B,SH122,업종별 대출금
3344,202303,0010618,하나생명보험주식회사,F,"출판, 영상, 방송통신 및 정보서비스업",0,국내생보사,B,SH122,업종별 대출금
3345,202303,0010618,하나생명보험주식회사,G,부동산업 및 임대업,222472392000,국내생보사,B,SH122,업종별 대출금
3346,202303,0010618,하나생명보험주식회사,H,기타,408711813000,국내생보사,B,SH122,업종별 대출금
3347,202303,0010618,하나생명보험주식회사,I,계,714577062000,국내생보사,B,SH122,업종별 대출금
3348,202306,0010618,하나생명보험주식회사,A,"농업, 임업 및 어업",0,국내생보사,B,SH122,업종별 대출금
3349,202306,0010618,하나생명보험주식회사,B,제조업,23071429000,국내생보사,B,SH122,업종별 대출금
3350,202306,0010618,하나생명보험주식회사,C,건설업,20000000000,국내생보사,B,SH122,업종별 대출금
3351,202306,0010618,하나생명보험주식회사,D,도매 및 소매업,0,국내생보사,B,SH122,업종별 대출금
3352,202306,0010618,하나생명보험주식회사,E,숙박 및 음식점업,40000000000,국내생보사,B,SH122,업종별 대출금
3353,202306,0010618,하나생명보험주식회사,F,"출판, 영상, 방송통신 및 정보서비스업",0,국내생보사,B,SH122,업종별 대출금
3354,202306,0010618,하나생명보험주식회사,G,부동산업 및 임대업,205060466000,국내생보사,B,SH122,업종별 대출금
3355,202306,0010618,하나생명보험주식회사,H,기타,410163937000,국내생보사,B,SH122,업종별 대출금
3356,202306,0010618,하나생명보험주식회사,I,계,698295832000,국내생보사,B,SH122,업종별 대출금
3357,202309,0010618,하나생명보험주식회사,A,"농업, 임업 및 어업",0,국내생보사,B,SH122,업종별 대출금
3358,202309,0010618,하나생명보험주식회사,B,제조업,37250000000,국내생보사,B,SH122,업종별 대출금
3359,202309,0010618,하나생명보험주식회사,C,건설업,10000000000,국내생보사,B,SH122,업종별 대출금
3360,202309,0010618,하나생명보험주식회사,D,도매 및 소매업,0,국내생보사,B,SH122,업종별 대출금
3361,202309,0010618,하나생명보험주식회사,E,숙박 및 음식점업,40000000000,국내생보사,B,SH122,업종별 대출금
3362,202309,0010618,하나생명보험주식회사,F,"출판, 영상, 방송통신 및 정보서비스업",0,국내생보사,B,SH122,업종별 대출금
3363,202309,0010618,하나생명보험주식회사,G,부동산업 및 임대업,166940186000,국내생보사,B,SH122,업종별 대출금
3364,202309,0010618,하나생명보험주식회사,H,기타,397336044000,국내생보사,B,SH122,업종별 대출금
3365,202309,0010618,하나생명보험주식회사,I,계,651526230000,국내생보사,B,SH122,업종별 대출금
3366,202312,0010618,하나생명보험주식회사,A,"농업, 임업 및 어업",0,국내생보사,B,SH122,업종별 대출금
3367,202312,0010618,하나생명보험주식회사,B,제조업,32428571000,국내생보사,B,SH122,업종별 대출금
3368,202312,0010618,하나생명보험주식회사,C,건설업,10000000000,국내생보사,B,SH122,업종별 대출금
3369,202312,0010618,하나생명보험주식회사,D,도매 및 소매업,0,국내생보사,B,SH122,업종별 대출금
3370,202312,0010618,하나생명보험주식회사,E,숙박 및 음식점업,40000000000,국내생보사,B,SH122,업종별 대출금
3371,202312,0010618,하나생명보험주식회사,F,"출판, 영상, 방송통신 및 정보서비스업",0,국내생보사,B,SH122,업종별 대출금
3372,202312,0010618,하나생명보험주식회사,G,부동산업 및 임대업,176052743000,국내생보사,B,SH122,업종별 대출금
3373,202312,0010618,하나생명보험주식회사,H,기타,390264087000,국내생보사,B,SH122,업종별 대출금
3374,202312,0010618,하나생명보험주식회사,I,계,648745401000,국내생보사,B,SH122,업종별 대출금
3375,202403,0010618,하나생명보험주식회사,A,"농업, 임업 및 어업",0,국내생보사,B,SH122,업종별 대출금
3376,202403,0010618,하나생명보험주식회사,B,제조업,31815476000,국내생보사,B,SH122,업종별 대출금
3377,202403,0010618,하나생명보험주식회사,C,건설업,10000000000,국내생보사,B,SH122,업종별 대출금
3378,202403,0010618,하나생명보험주식회사,D,도매 및 소매업,0,국내생보사,B,SH122,업종별 대출금
3379,202403,0010618,하나생명보험주식회사,E,숙박 및 음식점업,40000000000,국내생보사,B,SH122,업종별 대출금
3380,202403,0010618,하나생명보험주식회사,F,"출판, 영상, 방송통신 및 정보서비스업",0,국내생보사,B,SH122,업종별 대출금
3381,202403,0010618,하나생명보험주식회사,G,부동산업 및 임대업,170471411000,국내생보사,B,SH122,업종별 대출금
3382,202403,0010618,하나생명보험주식회사,H,기타,388638735000,국내생보사,B,SH122,업종별 대출금
3383,202403,0010618,하나생명보험주식회사,I,계,640925622000,국내생보사,B,SH122,업종별 대출금
3384,202406,0010618,하나생명보험주식회사,A,"농업, 임업 및 어업",0,국내생보사,B,SH122,업종별 대출금
3385,202406,0010618,하나생명보험주식회사,B,제조업,31202381000,국내생보사,B,SH122,업종별 대출금
3386,202406,0010618,하나생명보험주식회사,C,건설업,55470048000,국내생보사,B,SH122,업종별 대출금
3387,202406,0010618,하나생명보험주식회사,D,도매 및 소매업,0,국내생보사,B,SH122,업종별 대출금
3388,202406,0010618,하나생명보험주식회사,E,숙박 및 음식점업,40000000000,국내생보사,B,SH122,업종별 대출금
3389,202406,0010618,하나생명보험주식회사,F,"출판, 영상, 방송통신 및 정보서비스업",0,국내생보사,B,SH122,업종별 대출금
3390,202406,0010618,하나생명보험주식회사,G,부동산업 및 임대업,182200898000,국내생보사,B,SH122,업종별 대출금
3391,202406,0010618,하나생명보험주식회사,H,기타,388563096000,국내생보사,B,SH122,업종별 대출금
3392,202406,0010618,하나생명보험주식회사,I,계,697436423000,국내생보사,B,SH122,업종별 대출금
3393,202409,0010618,하나생명보험주식회사,A,"농업, 임업 및 어업",0,국내생보사,B,SH122,업종별 대출금
3394,202409,0010618,하나생명보험주식회사,B,제조업,30589286000,국내생보사,B,SH122,업종별 대출금
3395,202409,0010618,하나생명보험주식회사,C,건설업,55385571000,국내생보사,B,SH122,업종별 대출금
3396,202409,0010618,하나생명보험주식회사,D,도매 및 소매업,0,국내생보사,B,SH122,업종별 대출금
3397,202409,0010618,하나생명보험주식회사,E,숙박 및 음식점업,40000000000,국내생보사,B,SH122,업종별 대출금
3398,202409,0010618,하나생명보험주식회사,F,"출판, 영상, 방송통신 및 정보서비스업",0,국내생보사,B,SH122,업종별 대출금
3399,202409,0010618,하나생명보험주식회사,G,부동산업 및 임대업,183664254000,국내생보사,B,SH122,업종별 대출금
3400,202409,0010618,하나생명보험주식회사,H,기타,393951525000,국내생보사,B,SH122,업종별 대출금
3401,202409,0010618,하나생명보험주식회사,I,계,703590636000,국내생보사,B,SH122,업종별 대출금
3402,202412,0010618,하나생명보험주식회사,A,"농업, 임업 및 어업",0,국내생보사,B,SH122,업종별 대출금
3403,202412,0010618,하나생명보험주식회사,B,제조업,29976190000,국내생보사,B,SH122,업종별 대출금
3404,202412,0010618,하나생명보험주식회사,C,건설업,55766878000,국내생보사,B,SH122,업종별 대출금
3405,202412,0010618,하나생명보험주식회사,D,도매 및 소매업,0,국내생보사,B,SH122,업종별 대출금
3406,202412,0010618,하나생명보험주식회사,E,숙박 및 음식점업,40000000000,국내생보사,B,SH122,업종별 대출금
3407,202412,0010618,하나생명보험주식회사,F,"출판, 영상, 방송통신 및 정보서비스업",0,국내생보사,B,SH122,업종별 대출금
3408,202412,0010618,하나생명보험주식회사,G,부동산업 및 임대업,171265473000,국내생보사,B,SH122,업종별 대출금
3409,202412,0010618,하나생명보험주식회사,H,기타,379493666000,국내생보사,B,SH122,업종별 대출금
3410,202412,0010618,하나생명보험주식회사,I,계,676502207000,국내생보사,B,SH122,업종별 대출금
3411,202503,0010618,하나생명보험주식회사,A,"농업, 임업 및 어업",0,국내생보사,B,SH122,업종별 대출금
3412,202503,0010618,하나생명보험주식회사,B,제조업,29363095000,국내생보사,B,SH122,업종별 대출금
3413,202503,0010618,하나생명보험주식회사,C,건설업,54635461000,국내생보사,B,SH122,업종별 대출금
3414,202503,0010618,하나생명보험주식회사,D,도매 및 소매업,0,국내생보사,B,SH122,업종별 대출금
3415,202503,0010618,하나생명보험주식회사,E,숙박 및 음식점업,40000000000,국내생보사,B,SH122,업종별 대출금
3416,202503,0010618,하나생명보험주식회사,F,"출판, 영상, 방송통신 및 정보서비스업",0,국내생보사,B,SH122,업종별 대출금
3417,202503,0010618,하나생명보험주식회사,G,부동산업 및 임대업,157701728000,국내생보사,B,SH122,업종별 대출금
3418,202503,0010618,하나생명보험주식회사,H,기타,330250590000,국내생보사,B,SH122,업종별 대출금
3419,202503,0010618,하나생명보험주식회사,I,계,611950874000,국내생보사,B,SH122,업종별 대출금
3420,201703,0010593,한화생명보험주식회사,A,"농업, 임업 및 어업",0,국내생보사,B,SH122,업종별 대출금
3421,201703,0010593,한화생명보험주식회사,B,제조업,247922618000,국내생보사,B,SH122,업종별 대출금
3422,201703,0010593,한화생명보험주식회사,C,건설업,532735225000,국내생보사,B,SH122,업종별 대출금
3423,201703,0010593,한화생명보험주식회사,D,도매 및 소매업,10304300000,국내생보사,B,SH122,업종별 대출금
3424,201703,0010593,한화생명보험주식회사,E,숙박 및 음식점업,242986000,국내생보사,B,SH122,업종별 대출금
3425,201703,0010593,한화생명보험주식회사,F,"출판, 영상, 방송통신 및 정보서비스업",58526132000,국내생보사,B,SH122,업종별 대출금
3426,201703,0010593,한화생명보험주식회사,G,부동산업 및 임대업,2105126429000,국내생보사,B,SH122,업종별 대출금
3427,201703,0010593,한화생명보험주식회사,H,기타,5081801213000,국내생보사,B,SH122,업종별 대출금
3428,201703,0010593,한화생명보험주식회사,I,계,8036658903000,국내생보사,B,SH122,업종별 대출금
3429,201706,0010593,한화생명보험주식회사,A,"농업, 임업 및 어업",0,국내생보사,B,SH122,업종별 대출금
3430,201706,0010593,한화생명보험주식회사,B,제조업,247922618000,국내생보사,B,SH122,업종별 대출금
3431,201706,0010593,한화생명보험주식회사,C,건설업,538186976000,국내생보사,B,SH122,업종별 대출금
3432,201706,0010593,한화생명보험주식회사,D,도매 및 소매업,10299280000,국내생보사,B,SH122,업종별 대출금
3433,201706,0010593,한화생명보험주식회사,E,숙박 및 음식점업,242986000,국내생보사,B,SH122,업종별 대출금
3434,201706,0010593,한화생명보험주식회사,F,"출판, 영상, 방송통신 및 정보서비스업",57122729000,국내생보사,B,SH122,업종별 대출금
3435,201706,0010593,한화생명보험주식회사,G,부동산업 및 임대업,2449427516000,국내생보사,B,SH122,업종별 대출금
3436,201706,0010593,한화생명보험주식회사,H,기타,5046220651000,국내생보사,B,SH122,업종별 대출금
3437,201706,0010593,한화생명보험주식회사,I,계,8349422756000,국내생보사,B,SH122,업종별 대출금
3438,201709,0010593,한화생명보험주식회사,A,"농업, 임업 및 어업",19952000,국내생보사,B,SH122,업종별 대출금
3439,201709,0010593,한화생명보험주식회사,B,제조업,249066330000,국내생보사,B,SH122,업종별 대출금
3440,201709,0010593,한화생명보험주식회사,C,건설업,577894900000,국내생보사,B,SH122,업종별 대출금
3441,201709,0010593,한화생명보험주식회사,D,도매 및 소매업,11923498000,국내생보사,B,SH122,업종별 대출금
3442,201709,0010593,한화생명보험주식회사,E,숙박 및 음식점업,973868000,국내생보사,B,SH122,업종별 대출금
3443,201709,0010593,한화생명보험주식회사,F,"출판, 영상, 방송통신 및 정보서비스업",57122729000,국내생보사,B,SH122,업종별 대출금
3444,201709,0010593,한화생명보험주식회사,G,부동산업 및 임대업,2576905874000,국내생보사,B,SH122,업종별 대출금
3445,201709,0010593,한화생명보험주식회사,H,기타,4967668844000,국내생보사,B,SH122,업종별 대출금
3446,201709,0010593,한화생명보험주식회사,I,계,8441575995000,국내생보사,B,SH122,업종별 대출금
3447,201712,0010593,한화생명보험주식회사,A,"농업, 임업 및 어업",19810000,국내생보사,B,SH122,업종별 대출금
3448,201712,0010593,한화생명보험주식회사,B,제조업,269082654000,국내생보사,B,SH122,업종별 대출금
3449,201712,0010593,한화생명보험주식회사,C,건설업,569864957000,국내생보사,B,SH122,업종별 대출금
3450,201712,0010593,한화생명보험주식회사,D,도매 및 소매업,13195370000,국내생보사,B,SH122,업종별 대출금
3451,201712,0010593,한화생명보험주식회사,E,숙박 및 음식점업,1157902000,국내생보사,B,SH122,업종별 대출금
3452,201712,0010593,한화생명보험주식회사,F,"출판, 영상, 방송통신 및 정보서비스업",57122729000,국내생보사,B,SH122,업종별 대출금
3453,201712,0010593,한화생명보험주식회사,G,부동산업 및 임대업,3028686909000,국내생보사,B,SH122,업종별 대출금
3454,201712,0010593,한화생명보험주식회사,H,기타,4549623089000,국내생보사,B,SH122,업종별 대출금
3455,201712,0010593,한화생명보험주식회사,I,계,8488753420000,국내생보사,B,SH122,업종별 대출금
3456,201803,0010593,한화생명보험주식회사,A,"농업, 임업 및 어업",19667000,국내생보사,B,SH122,업종별 대출금
3457,201803,0010593,한화생명보험주식회사,B,제조업,315308912000,국내생보사,B,SH122,업종별 대출금
3458,201803,0010593,한화생명보험주식회사,C,건설업,492022622000,국내생보사,B,SH122,업종별 대출금
3459,201803,0010593,한화생명보험주식회사,D,도매 및 소매업,13134579000,국내생보사,B,SH122,업종별 대출금
3460,201803,0010593,한화생명보험주식회사,E,숙박 및 음식점업,1152426000,국내생보사,B,SH122,업종별 대출금
3461,201803,0010593,한화생명보험주식회사,F,"출판, 영상, 방송통신 및 정보서비스업",57122729000,국내생보사,B,SH122,업종별 대출금
3462,201803,0010593,한화생명보험주식회사,G,부동산업 및 임대업,2928897415000,국내생보사,B,SH122,업종별 대출금
3463,201803,0010593,한화생명보험주식회사,H,기타,4853367791000,국내생보사,B,SH122,업종별 대출금
3464,201803,0010593,한화생명보험주식회사,I,계,8661026141000,국내생보사,B,SH122,업종별 대출금
3465,201806,0010593,한화생명보험주식회사,A,"농업, 임업 및 어업",19524000,국내생보사,B,SH122,업종별 대출금
3466,201806,0010593,한화생명보험주식회사,B,제조업,400365300000,국내생보사,B,SH122,업종별 대출금
3467,201806,0010593,한화생명보험주식회사,C,건설업,67782395000,국내생보사,B,SH122,업종별 대출금
3468,201806,0010593,한화생명보험주식회사,D,도매 및 소매업,13104584000,국내생보사,B,SH122,업종별 대출금
3469,201806,0010593,한화생명보험주식회사,E,숙박 및 음식점업,1297593000,국내생보사,B,SH122,업종별 대출금
3470,201806,0010593,한화생명보험주식회사,F,"출판, 영상, 방송통신 및 정보서비스업",57122729000,국내생보사,B,SH122,업종별 대출금
3471,201806,0010593,한화생명보험주식회사,G,부동산업 및 임대업,2980777639000,국내생보사,B,SH122,업종별 대출금
3472,201806,0010593,한화생명보험주식회사,H,기타,5439171566000,국내생보사,B,SH122,업종별 대출금
3473,201806,0010593,한화생명보험주식회사,I,계,8959641330000,국내생보사,B,SH122,업종별 대출금
3474,201809,0010593,한화생명보험주식회사,A,"농업, 임업 및 어업",19381000,국내생보사,B,SH122,업종별 대출금
3475,201809,0010593,한화생명보험주식회사,B,제조업,400214776000,국내생보사,B,SH122,업종별 대출금
3476,201809,0010593,한화생명보험주식회사,C,건설업,68920760000,국내생보사,B,SH122,업종별 대출금
3477,201809,0010593,한화생명보험주식회사,D,도매 및 소매업,12965505000,국내생보사,B,SH122,업종별 대출금
3478,201809,0010593,한화생명보험주식회사,E,숙박 및 음식점업,1230151000,국내생보사,B,SH122,업종별 대출금
3479,201809,0010593,한화생명보험주식회사,F,"출판, 영상, 방송통신 및 정보서비스업",57122729000,국내생보사,B,SH122,업종별 대출금
3480,201809,0010593,한화생명보험주식회사,G,부동산업 및 임대업,3204379563000,국내생보사,B,SH122,업종별 대출금
3481,201809,0010593,한화생명보험주식회사,H,기타,5467334644000,국내생보사,B,SH122,업종별 대출금
3482,201809,0010593,한화생명보험주식회사,I,계,9212187509000,국내생보사,B,SH122,업종별 대출금
3483,201812,0010593,한화생명보험주식회사,A,"농업, 임업 및 어업",19238000,국내생보사,B,SH122,업종별 대출금
3484,201812,0010593,한화생명보험주식회사,B,제조업,400197045000,국내생보사,B,SH122,업종별 대출금
3485,201812,0010593,한화생명보험주식회사,C,건설업,102096090000,국내생보사,B,SH122,업종별 대출금
3486,201812,0010593,한화생명보험주식회사,D,도매 및 소매업,12745572000,국내생보사,B,SH122,업종별 대출금
3487,201812,0010593,한화생명보험주식회사,E,숙박 및 음식점업,1222490000,국내생보사,B,SH122,업종별 대출금
3488,201812,0010593,한화생명보험주식회사,F,"출판, 영상, 방송통신 및 정보서비스업",54054540000,국내생보사,B,SH122,업종별 대출금
3489,201812,0010593,한화생명보험주식회사,G,부동산업 및 임대업,3340798648000,국내생보사,B,SH122,업종별 대출금
3490,201812,0010593,한화생명보험주식회사,H,기타,5488151211000,국내생보사,B,SH122,업종별 대출금
3491,201812,0010593,한화생명보험주식회사,I,계,9399284834000,국내생보사,B,SH122,업종별 대출금
3492,201903,0010593,한화생명보험주식회사,A,"농업, 임업 및 어업",19095000,국내생보사,B,SH122,업종별 대출금
3493,201903,0010593,한화생명보험주식회사,B,제조업,390176369000,국내생보사,B,SH122,업종별 대출금
3494,201903,0010593,한화생명보험주식회사,C,건설업,109937674000,국내생보사,B,SH122,업종별 대출금
3495,201903,0010593,한화생명보험주식회사,D,도매 및 소매업,2719794000,국내생보사,B,SH122,업종별 대출금
3496,201903,0010593,한화생명보험주식회사,E,숙박 및 음식점업,1209828000,국내생보사,B,SH122,업종별 대출금
3497,201903,0010593,한화생명보험주식회사,F,"출판, 영상, 방송통신 및 정보서비스업",54054540000,국내생보사,B,SH122,업종별 대출금
3498,201903,0010593,한화생명보험주식회사,G,부동산업 및 임대업,3411274923000,국내생보사,B,SH122,업종별 대출금
3499,201903,0010593,한화생명보험주식회사,H,기타,5581957192000,국내생보사,B,SH122,업종별 대출금
3500,201903,0010593,한화생명보험주식회사,I,계,9551349415000,국내생보사,B,SH122,업종별 대출금
3501,201906,0010593,한화생명보험주식회사,A,"농업, 임업 및 어업",18952000,국내생보사,B,SH122,업종별 대출금
3502,201906,0010593,한화생명보험주식회사,B,제조업,315953690000,국내생보사,B,SH122,업종별 대출금
3503,201906,0010593,한화생명보험주식회사,C,건설업,194599903000,국내생보사,B,SH122,업종별 대출금
3504,201906,0010593,한화생명보험주식회사,D,도매 및 소매업,2606844000,국내생보사,B,SH122,업종별 대출금
3505,201906,0010593,한화생명보험주식회사,E,숙박 및 음식점업,1156366000,국내생보사,B,SH122,업종별 대출금
3506,201906,0010593,한화생명보험주식회사,F,"출판, 영상, 방송통신 및 정보서비스업",54054540000,국내생보사,B,SH122,업종별 대출금
3507,201906,0010593,한화생명보험주식회사,G,부동산업 및 임대업,3436151201000,국내생보사,B,SH122,업종별 대출금
3508,201906,0010593,한화생명보험주식회사,H,기타,6044610707000,국내생보사,B,SH122,업종별 대출금
3509,201906,0010593,한화생명보험주식회사,I,계,10049152203000,국내생보사,B,SH122,업종별 대출금
3510,201909,0010593,한화생명보험주식회사,A,"농업, 임업 및 어업",18810000,국내생보사,B,SH122,업종별 대출금
3511,201909,0010593,한화생명보험주식회사,B,제조업,307539558000,국내생보사,B,SH122,업종별 대출금
3512,201909,0010593,한화생명보험주식회사,C,건설업,392578132000,국내생보사,B,SH122,업종별 대출금
3513,201909,0010593,한화생명보험주식회사,D,도매 및 소매업,2572446000,국내생보사,B,SH122,업종별 대출금
3514,201909,0010593,한화생명보험주식회사,E,숙박 및 음식점업,1147505000,국내생보사,B,SH122,업종별 대출금
3515,201909,0010593,한화생명보험주식회사,F,"출판, 영상, 방송통신 및 정보서비스업",54054540000,국내생보사,B,SH122,업종별 대출금
3516,201909,0010593,한화생명보험주식회사,G,부동산업 및 임대업,3595565783000,국내생보사,B,SH122,업종별 대출금
3517,201909,0010593,한화생명보험주식회사,H,기타,5918829705000,국내생보사,B,SH122,업종별 대출금
3518,201909,0010593,한화생명보험주식회사,I,계,10272306479000,국내생보사,B,SH122,업종별 대출금
3519,201912,0010593,한화생명보험주식회사,A,"농업, 임업 및 어업",18667000,국내생보사,B,SH122,업종별 대출금
3520,201912,0010593,한화생명보험주식회사,B,제조업,302991936000,국내생보사,B,SH122,업종별 대출금
3521,201912,0010593,한화생명보험주식회사,C,건설업,626832670000,국내생보사,B,SH122,업종별 대출금
3522,201912,0010593,한화생명보험주식회사,D,도매 및 소매업,2533406000,국내생보사,B,SH122,업종별 대출금
3523,201912,0010593,한화생명보험주식회사,E,숙박 및 음식점업,1129044000,국내생보사,B,SH122,업종별 대출금
3524,201912,0010593,한화생명보험주식회사,F,"출판, 영상, 방송통신 및 정보서비스업",54054540000,국내생보사,B,SH122,업종별 대출금
3525,201912,0010593,한화생명보험주식회사,G,부동산업 및 임대업,3751005952000,국내생보사,B,SH122,업종별 대출금
3526,201912,0010593,한화생명보험주식회사,H,기타,6160747010000,국내생보사,B,SH122,업종별 대출금
3527,201912,0010593,한화생명보험주식회사,I,계,10899313225000,국내생보사,B,SH122,업종별 대출금
3528,202003,0010593,한화생명보험주식회사,A,"농업, 임업 및 어업",18524000,국내생보사,B,SH122,업종별 대출금
3529,202003,0010593,한화생명보험주식회사,B,제조업,292214615000,국내생보사,B,SH122,업종별 대출금
3530,202003,0010593,한화생명보험주식회사,C,건설업,574102398000,국내생보사,B,SH122,업종별 대출금
3531,202003,0010593,한화생명보험주식회사,D,도매 및 소매업,2096839000,국내생보사,B,SH122,업종별 대출금
3532,202003,0010593,한화생명보험주식회사,E,숙박 및 음식점업,34101187000,국내생보사,B,SH122,업종별 대출금
3533,202003,0010593,한화생명보험주식회사,F,"출판, 영상, 방송통신 및 정보서비스업",54054540000,국내생보사,B,SH122,업종별 대출금
3534,202003,0010593,한화생명보험주식회사,G,부동산업 및 임대업,3935032666000,국내생보사,B,SH122,업종별 대출금
3535,202003,0010593,한화생명보험주식회사,H,기타,6364527449000,국내생보사,B,SH122,업종별 대출금
3536,202003,0010593,한화생명보험주식회사,I,계,11256148218000,국내생보사,B,SH122,업종별 대출금
3537,202006,0010593,한화생명보험주식회사,A,"농업, 임업 및 어업",18381000,국내생보사,B,SH122,업종별 대출금
3538,202006,0010593,한화생명보험주식회사,B,제조업,306926950000,국내생보사,B,SH122,업종별 대출금
3539,202006,0010593,한화생명보험주식회사,C,건설업,548657713000,국내생보사,B,SH122,업종별 대출금
3540,202006,0010593,한화생명보험주식회사,D,도매 및 소매업,1890713000,국내생보사,B,SH122,업종별 대출금
3541,202006,0010593,한화생명보험주식회사,E,숙박 및 음식점업,33847378000,국내생보사,B,SH122,업종별 대출금
3542,202006,0010593,한화생명보험주식회사,F,"출판, 영상, 방송통신 및 정보서비스업",54054540000,국내생보사,B,SH122,업종별 대출금
3543,202006,0010593,한화생명보험주식회사,G,부동산업 및 임대업,3915487748000,국내생보사,B,SH122,업종별 대출금
3544,202006,0010593,한화생명보험주식회사,H,기타,6675739963000,국내생보사,B,SH122,업종별 대출금
3545,202006,0010593,한화생명보험주식회사,I,계,11536623386000,국내생보사,B,SH122,업종별 대출금
3546,202009,0010593,한화생명보험주식회사,A,"농업, 임업 및 어업",18238000,국내생보사,B,SH122,업종별 대출금
3547,202009,0010593,한화생명보험주식회사,B,제조업,306845300000,국내생보사,B,SH122,업종별 대출금
3548,202009,0010593,한화생명보험주식회사,C,건설업,555756061000,국내생보사,B,SH122,업종별 대출금
3549,202009,0010593,한화생명보험주식회사,D,도매 및 소매업,1510254000,국내생보사,B,SH122,업종별 대출금
3550,202009,0010593,한화생명보험주식회사,E,숙박 및 음식점업,83833584000,국내생보사,B,SH122,업종별 대출금
3551,202009,0010593,한화생명보험주식회사,F,"출판, 영상, 방송통신 및 정보서비스업",51487574000,국내생보사,B,SH122,업종별 대출금
3552,202009,0010593,한화생명보험주식회사,G,부동산업 및 임대업,3783254850000,국내생보사,B,SH122,업종별 대출금
3553,202009,0010593,한화생명보험주식회사,H,기타,7213606671000,국내생보사,B,SH122,업종별 대출금
3554,202009,0010593,한화생명보험주식회사,I,계,11996312532000,국내생보사,B,SH122,업종별 대출금
3555,202012,0010593,한화생명보험주식회사,A,"농업, 임업 및 어업",18095000,국내생보사,B,SH122,업종별 대출금
3556,202012,0010593,한화생명보험주식회사,B,제조업,250611145000,국내생보사,B,SH122,업종별 대출금
3557,202012,0010593,한화생명보험주식회사,C,건설업,449800033000,국내생보사,B,SH122,업종별 대출금
3558,202012,0010593,한화생명보험주식회사,D,도매 및 소매업,1486985000,국내생보사,B,SH122,업종별 대출금
3559,202012,0010593,한화생명보험주식회사,E,숙박 및 음식점업,83818275000,국내생보사,B,SH122,업종별 대출금
3560,202012,0010593,한화생명보험주식회사,F,"출판, 영상, 방송통신 및 정보서비스업",51487574000,국내생보사,B,SH122,업종별 대출금
3561,202012,0010593,한화생명보험주식회사,G,부동산업 및 임대업,2920352458000,국내생보사,B,SH122,업종별 대출금
3562,202012,0010593,한화생명보험주식회사,H,기타,7129721719000,국내생보사,B,SH122,업종별 대출금
3563,202012,0010593,한화생명보험주식회사,I,계,10887296284000,국내생보사,B,SH122,업종별 대출금
3564,202103,0010593,한화생명보험주식회사,A,"농업, 임업 및 어업",17952000,국내생보사,B,SH122,업종별 대출금
3565,202103,0010593,한화생명보험주식회사,B,제조업,260553196000,국내생보사,B,SH122,업종별 대출금
3566,202103,0010593,한화생명보험주식회사,C,건설업,381035879000,국내생보사,B,SH122,업종별 대출금
3567,202103,0010593,한화생명보험주식회사,D,도매 및 소매업,1464356000,국내생보사,B,SH122,업종별 대출금
3568,202103,0010593,한화생명보험주식회사,E,숙박 및 음식점업,83570912000,국내생보사,B,SH122,업종별 대출금
3569,202103,0010593,한화생명보험주식회사,F,"출판, 영상, 방송통신 및 정보서비스업",51487574000,국내생보사,B,SH122,업종별 대출금
3570,202103,0010593,한화생명보험주식회사,G,부동산업 및 임대업,2850925604000,국내생보사,B,SH122,업종별 대출금
3571,202103,0010593,한화생명보험주식회사,H,기타,6893826908000,국내생보사,B,SH122,업종별 대출금
3572,202103,0010593,한화생명보험주식회사,I,계,10522882381000,국내생보사,B,SH122,업종별 대출금
3573,202106,0010593,한화생명보험주식회사,A,"농업, 임업 및 어업",17809000,국내생보사,B,SH122,업종별 대출금
3574,202106,0010593,한화생명보험주식회사,B,제조업,260548565000,국내생보사,B,SH122,업종별 대출금
3575,202106,0010593,한화생명보험주식회사,C,건설업,268658976000,국내생보사,B,SH122,업종별 대출금
3576,202106,0010593,한화생명보험주식회사,D,도매 및 소매업,1335787000,국내생보사,B,SH122,업종별 대출금
3577,202106,0010593,한화생명보험주식회사,E,숙박 및 음식점업,83566247000,국내생보사,B,SH122,업종별 대출금
3578,202106,0010593,한화생명보험주식회사,F,"출판, 영상, 방송통신 및 정보서비스업",51487574000,국내생보사,B,SH122,업종별 대출금
3579,202106,0010593,한화생명보험주식회사,G,부동산업 및 임대업,3012007370000,국내생보사,B,SH122,업종별 대출금
3580,202106,0010593,한화생명보험주식회사,H,기타,6836215616000,국내생보사,B,SH122,업종별 대출금
3581,202106,0010593,한화생명보험주식회사,I,계,10513837944000,국내생보사,B,SH122,업종별 대출금
3582,202109,0010593,한화생명보험주식회사,A,"농업, 임업 및 어업",17667000,국내생보사,B,SH122,업종별 대출금
3583,202109,0010593,한화생명보험주식회사,B,제조업,280500559000,국내생보사,B,SH122,업종별 대출금
3584,202109,0010593,한화생명보험주식회사,C,건설업,252748384000,국내생보사,B,SH122,업종별 대출금
3585,202109,0010593,한화생명보험주식회사,D,도매 및 소매업,1317806000,국내생보사,B,SH122,업종별 대출금
3586,202109,0010593,한화생명보험주식회사,E,숙박 및 음식점업,83499772000,국내생보사,B,SH122,업종별 대출금
3587,202109,0010593,한화생명보험주식회사,F,"출판, 영상, 방송통신 및 정보서비스업",45271531000,국내생보사,B,SH122,업종별 대출금
3588,202109,0010593,한화생명보험주식회사,G,부동산업 및 임대업,3273080777000,국내생보사,B,SH122,업종별 대출금
3589,202109,0010593,한화생명보험주식회사,H,기타,6302107503000,국내생보사,B,SH122,업종별 대출금
3590,202109,0010593,한화생명보험주식회사,I,계,10238543999000,국내생보사,B,SH122,업종별 대출금
3591,202112,0010593,한화생명보험주식회사,A,"농업, 임업 및 어업",0,국내생보사,B,SH122,업종별 대출금
3592,202112,0010593,한화생명보험주식회사,B,제조업,280496303000,국내생보사,B,SH122,업종별 대출금
3593,202112,0010593,한화생명보험주식회사,C,건설업,270094480000,국내생보사,B,SH122,업종별 대출금
3594,202112,0010593,한화생명보험주식회사,D,도매 및 소매업,1281055000,국내생보사,B,SH122,업종별 대출금
3595,202112,0010593,한화생명보험주식회사,E,숙박 및 음식점업,83493398000,국내생보사,B,SH122,업종별 대출금
3596,202112,0010593,한화생명보험주식회사,F,"출판, 영상, 방송통신 및 정보서비스업",45271531000,국내생보사,B,SH122,업종별 대출금
3597,202112,0010593,한화생명보험주식회사,G,부동산업 및 임대업,3298883761000,국내생보사,B,SH122,업종별 대출금
3598,202112,0010593,한화생명보험주식회사,H,기타,5892315772000,국내생보사,B,SH122,업종별 대출금
3599,202112,0010593,한화생명보험주식회사,I,계,9871836300000,국내생보사,B,SH122,업종별 대출금
3600,202203,0010593,한화생명보험주식회사,A,"농업, 임업 및 어업",0,국내생보사,B,SH122,업종별 대출금
3601,202203,0010593,한화생명보험주식회사,B,제조업,280492047000,국내생보사,B,SH122,업종별 대출금
3602,202203,0010593,한화생명보험주식회사,C,건설업,284069704000,국내생보사,B,SH122,업종별 대출금
3603,202203,0010593,한화생명보험주식회사,D,도매 및 소매업,1239994000,국내생보사,B,SH122,업종별 대출금
3604,202203,0010593,한화생명보험주식회사,E,숙박 및 음식점업,83489529000,국내생보사,B,SH122,업종별 대출금
3605,202203,0010593,한화생명보험주식회사,F,"출판, 영상, 방송통신 및 정보서비스업",45271531000,국내생보사,B,SH122,업종별 대출금
3606,202203,0010593,한화생명보험주식회사,G,부동산업 및 임대업,3194459765000,국내생보사,B,SH122,업종별 대출금
3607,202203,0010593,한화생명보험주식회사,H,기타,6098870537000,국내생보사,B,SH122,업종별 대출금
3608,202203,0010593,한화생명보험주식회사,I,계,9987893107000,국내생보사,B,SH122,업종별 대출금
3609,202206,0010593,한화생명보험주식회사,A,"농업, 임업 및 어업",0,국내생보사,B,SH122,업종별 대출금
3610,202206,0010593,한화생명보험주식회사,B,제조업,280487791000,국내생보사,B,SH122,업종별 대출금
3611,202206,0010593,한화생명보험주식회사,C,건설업,265424558000,국내생보사,B,SH122,업종별 대출금
3612,202206,0010593,한화생명보험주식회사,D,도매 및 소매업,1205289000,국내생보사,B,SH122,업종별 대출금
3613,202206,0010593,한화생명보험주식회사,E,숙박 및 음식점업,83476160000,국내생보사,B,SH122,업종별 대출금
3614,202206,0010593,한화생명보험주식회사,F,"출판, 영상, 방송통신 및 정보서비스업",45271531000,국내생보사,B,SH122,업종별 대출금
3615,202206,0010593,한화생명보험주식회사,G,부동산업 및 임대업,3322778264000,국내생보사,B,SH122,업종별 대출금
3616,202206,0010593,한화생명보험주식회사,H,기타,6266948216000,국내생보사,B,SH122,업종별 대출금
3617,202206,0010593,한화생명보험주식회사,I,계,10265591809000,국내생보사,B,SH122,업종별 대출금
3618,202209,0010593,한화생명보험주식회사,A,"농업, 임업 및 어업",0,국내생보사,B,SH122,업종별 대출금
3619,202209,0010593,한화생명보험주식회사,B,제조업,260877285000,국내생보사,B,SH122,업종별 대출금
3620,202209,0010593,한화생명보험주식회사,C,건설업,299509566000,국내생보사,B,SH122,업종별 대출금
3621,202209,0010593,한화생명보험주식회사,D,도매 및 소매업,1195118000,국내생보사,B,SH122,업종별 대출금
3622,202209,0010593,한화생명보험주식회사,E,숙박 및 음식점업,84425337000,국내생보사,B,SH122,업종별 대출금
3623,202209,0010593,한화생명보험주식회사,F,"출판, 영상, 방송통신 및 정보서비스업",42651996000,국내생보사,B,SH122,업종별 대출금
3624,202209,0010593,한화생명보험주식회사,G,부동산업 및 임대업,3598814905000,국내생보사,B,SH122,업종별 대출금
3625,202209,0010593,한화생명보험주식회사,H,기타,6052915718000,국내생보사,B,SH122,업종별 대출금
3626,202209,0010593,한화생명보험주식회사,I,계,10340389925000,국내생보사,B,SH122,업종별 대출금
3627,202212,0010593,한화생명보험주식회사,A,"농업, 임업 및 어업",0,국내생보사,B,SH122,업종별 대출금
3628,202212,0010593,한화생명보험주식회사,B,제조업,280479419000,국내생보사,B,SH122,업종별 대출금
3629,202212,0010593,한화생명보험주식회사,C,건설업,324570834000,국내생보사,B,SH122,업종별 대출금
3630,202212,0010593,한화생명보험주식회사,D,도매 및 소매업,1035280000,국내생보사,B,SH122,업종별 대출금
3631,202212,0010593,한화생명보험주식회사,E,숙박 및 음식점업,97222960000,국내생보사,B,SH122,업종별 대출금
3632,202212,0010593,한화생명보험주식회사,F,"출판, 영상, 방송통신 및 정보서비스업",42651996000,국내생보사,B,SH122,업종별 대출금
3633,202212,0010593,한화생명보험주식회사,G,부동산업 및 임대업,3512462928000,국내생보사,B,SH122,업종별 대출금
3634,202212,0010593,한화생명보험주식회사,H,기타,5617256174000,국내생보사,B,SH122,업종별 대출금
3635,202212,0010593,한화생명보험주식회사,I,계,9875679591000,국내생보사,B,SH122,업종별 대출금
3636,202303,0010593,한화생명보험주식회사,A,"농업, 임업 및 어업",0,국내생보사,B,SH122,업종별 대출금
3637,202303,0010593,한화생명보험주식회사,B,제조업,280475023000,국내생보사,B,SH122,업종별 대출금
3638,202303,0010593,한화생명보험주식회사,C,건설업,342250790000,국내생보사,B,SH122,업종별 대출금
3639,202303,0010593,한화생명보험주식회사,D,도매 및 소매업,30986026000,국내생보사,B,SH122,업종별 대출금
3640,202303,0010593,한화생명보험주식회사,E,숙박 및 음식점업,83453607000,국내생보사,B,SH122,업종별 대출금
3641,202303,0010593,한화생명보험주식회사,F,"출판, 영상, 방송통신 및 정보서비스업",42651996000,국내생보사,B,SH122,업종별 대출금
3642,202303,0010593,한화생명보험주식회사,G,부동산업 및 임대업,3712195674000,국내생보사,B,SH122,업종별 대출금
3643,202303,0010593,한화생명보험주식회사,H,기타,5268149004000,국내생보사,B,SH122,업종별 대출금
3644,202303,0010593,한화생명보험주식회사,I,계,9760162120000,국내생보사,B,SH122,업종별 대출금
3645,202306,0010593,한화생명보험주식회사,A,"농업, 임업 및 어업",0,국내생보사,B,SH122,업종별 대출금
3646,202306,0010593,한화생명보험주식회사,B,제조업,110470767000,국내생보사,B,SH122,업종별 대출금
3647,202306,0010593,한화생명보험주식회사,C,건설업,364530292000,국내생보사,B,SH122,업종별 대출금
3648,202306,0010593,한화생명보험주식회사,D,도매 및 소매업,30977104000,국내생보사,B,SH122,업종별 대출금
3649,202306,0010593,한화생명보험주식회사,E,숙박 및 음식점업,83450571000,국내생보사,B,SH122,업종별 대출금
3650,202306,0010593,한화생명보험주식회사,F,"출판, 영상, 방송통신 및 정보서비스업",62651996000,국내생보사,B,SH122,업종별 대출금
3651,202306,0010593,한화생명보험주식회사,G,부동산업 및 임대업,3751651605000,국내생보사,B,SH122,업종별 대출금
3652,202306,0010593,한화생명보험주식회사,H,기타,5528662128000,국내생보사,B,SH122,업종별 대출금
3653,202306,0010593,한화생명보험주식회사,I,계,9932394463000,국내생보사,B,SH122,업종별 대출금
3654,202309,0010593,한화생명보험주식회사,A,"농업, 임업 및 어업",0,국내생보사,B,SH122,업종별 대출금
3655,202309,0010593,한화생명보험주식회사,B,제조업,110466651000,국내생보사,B,SH122,업종별 대출금
3656,202309,0010593,한화생명보험주식회사,C,건설업,351734904000,국내생보사,B,SH122,업종별 대출금
3657,202309,0010593,한화생명보험주식회사,D,도매 및 소매업,30944349000,국내생보사,B,SH122,업종별 대출금
3658,202309,0010593,한화생명보험주식회사,E,숙박 및 음식점업,33447535000,국내생보사,B,SH122,업종별 대출금
3659,202309,0010593,한화생명보험주식회사,F,"출판, 영상, 방송통신 및 정보서비스업",60085029000,국내생보사,B,SH122,업종별 대출금
3660,202309,0010593,한화생명보험주식회사,G,부동산업 및 임대업,3773924130000,국내생보사,B,SH122,업종별 대출금
3661,202309,0010593,한화생명보험주식회사,H,기타,5238663501000,국내생보사,B,SH122,업종별 대출금
3662,202309,0010593,한화생명보험주식회사,I,계,9599266099000,국내생보사,B,SH122,업종별 대출금
3663,202312,0010593,한화생명보험주식회사,A,"농업, 임업 및 어업",0,국내생보사,B,SH122,업종별 대출금
3664,202312,0010593,한화생명보험주식회사,B,제조업,110462396000,국내생보사,B,SH122,업종별 대출금
3665,202312,0010593,한화생명보험주식회사,C,건설업,196027692000,국내생보사,B,SH122,업종별 대출금
3666,202312,0010593,한화생명보험주식회사,D,도매 및 소매업,30906334000,국내생보사,B,SH122,업종별 대출금
3667,202312,0010593,한화생명보험주식회사,E,숙박 및 음식점업,33441523000,국내생보사,B,SH122,업종별 대출금
3668,202312,0010593,한화생명보험주식회사,F,"출판, 영상, 방송통신 및 정보서비스업",60085029000,국내생보사,B,SH122,업종별 대출금
3669,202312,0010593,한화생명보험주식회사,G,부동산업 및 임대업,3659749558000,국내생보사,B,SH122,업종별 대출금
3670,202312,0010593,한화생명보험주식회사,H,기타,5195675453000,국내생보사,B,SH122,업종별 대출금
3671,202312,0010593,한화생명보험주식회사,I,계,9286347985000,국내생보사,B,SH122,업종별 대출금
3672,202403,0010593,한화생명보험주식회사,A,"농업, 임업 및 어업",0,국내생보사,B,SH122,업종별 대출금
3673,202403,0010593,한화생명보험주식회사,B,제조업,100445210000,국내생보사,B,SH122,업종별 대출금
3674,202403,0010593,한화생명보험주식회사,C,건설업,163089989000,국내생보사,B,SH122,업종별 대출금
3675,202403,0010593,한화생명보험주식회사,D,도매 및 소매업,30857434000,국내생보사,B,SH122,업종별 대출금
3676,202403,0010593,한화생명보험주식회사,E,숙박 및 음식점업,33428503000,국내생보사,B,SH122,업종별 대출금
3677,202403,0010593,한화생명보험주식회사,F,"출판, 영상, 방송통신 및 정보서비스업",60085029000,국내생보사,B,SH122,업종별 대출금
3678,202403,0010593,한화생명보험주식회사,G,부동산업 및 임대업,3519058693000,국내생보사,B,SH122,업종별 대출금
3679,202403,0010593,한화생명보험주식회사,H,기타,5145095278000,국내생보사,B,SH122,업종별 대출금
3680,202403,0010593,한화생명보험주식회사,I,계,9052060136000,국내생보사,B,SH122,업종별 대출금
3681,202406,0010593,한화생명보험주식회사,A,"농업, 임업 및 어업",0,국내생보사,B,SH122,업종별 대출금
3682,202406,0010593,한화생명보험주식회사,B,제조업,100440955000,국내생보사,B,SH122,업종별 대출금
3683,202406,0010593,한화생명보험주식회사,C,건설업,89089706000,국내생보사,B,SH122,업종별 대출금
3684,202406,0010593,한화생명보험주식회사,D,도매 및 소매업,30827030000,국내생보사,B,SH122,업종별 대출금
3685,202406,0010593,한화생명보험주식회사,E,숙박 및 음식점업,17635484000,국내생보사,B,SH122,업종별 대출금
3686,202406,0010593,한화생명보험주식회사,F,"출판, 영상, 방송통신 및 정보서비스업",60085029000,국내생보사,B,SH122,업종별 대출금
3687,202406,0010593,한화생명보험주식회사,G,부동산업 및 임대업,3467021701000,국내생보사,B,SH122,업종별 대출금
3688,202406,0010593,한화생명보험주식회사,H,기타,4973364257000,국내생보사,B,SH122,업종별 대출금
3689,202406,0010593,한화생명보험주식회사,I,계,8738464162000,국내생보사,B,SH122,업종별 대출금
3690,202409,0010593,한화생명보험주식회사,A,"농업, 임업 및 어업",0,국내생보사,B,SH122,업종별 대출금
3691,202409,0010593,한화생명보험주식회사,B,제조업,100431558000,국내생보사,B,SH122,업종별 대출금
3692,202409,0010593,한화생명보험주식회사,C,건설업,90115495000,국내생보사,B,SH122,업종별 대출금
3693,202409,0010593,한화생명보험주식회사,D,도매 및 소매업,30774271000,국내생보사,B,SH122,업종별 대출금
3694,202409,0010593,한화생명보험주식회사,E,숙박 및 음식점업,431353000,국내생보사,B,SH122,업종별 대출금
3695,202409,0010593,한화생명보험주식회사,F,"출판, 영상, 방송통신 및 정보서비스업",57518063000,국내생보사,B,SH122,업종별 대출금
3696,202409,0010593,한화생명보험주식회사,G,부동산업 및 임대업,3471811883000,국내생보사,B,SH122,업종별 대출금
3697,202409,0010593,한화생명보험주식회사,H,기타,4928399268000,국내생보사,B,SH122,업종별 대출금
3698,202409,0010593,한화생명보험주식회사,I,계,8679481891000,국내생보사,B,SH122,업종별 대출금
3699,202412,0010593,한화생명보험주식회사,A,"농업, 임업 및 어업",0,국내생보사,B,SH122,업종별 대출금
3700,202412,0010593,한화생명보험주식회사,B,제조업,80424302000,국내생보사,B,SH122,업종별 대출금
3701,202412,0010593,한화생명보험주식회사,C,건설업,91257942000,국내생보사,B,SH122,업종별 대출금
3702,202412,0010593,한화생명보험주식회사,D,도매 및 소매업,30761878000,국내생보사,B,SH122,업종별 대출금
3703,202412,0010593,한화생명보험주식회사,E,숙박 및 음식점업,426501000,국내생보사,B,SH122,업종별 대출금
3704,202412,0010593,한화생명보험주식회사,F,"출판, 영상, 방송통신 및 정보서비스업",57518063000,국내생보사,B,SH122,업종별 대출금
3705,202412,0010593,한화생명보험주식회사,G,부동산업 및 임대업,3136681717000,국내생보사,B,SH122,업종별 대출금
3706,202412,0010593,한화생명보험주식회사,H,기타,4861836063000,국내생보사,B,SH122,업종별 대출금
3707,202412,0010593,한화생명보험주식회사,I,계,8258906466000,국내생보사,B,SH122,업종별 대출금
3708,202503,0010593,한화생명보험주식회사,A,"농업, 임업 및 어업",0,국내생보사,B,SH122,업종별 대출금
3709,202503,0010593,한화생명보험주식회사,B,제조업,80420046000,국내생보사,B,SH122,업종별 대출금
3710,202503,0010593,한화생명보험주식회사,C,건설업,97519049000,국내생보사,B,SH122,업종별 대출금
3711,202503,0010593,한화생명보험주식회사,D,도매 및 소매업,30749485000,국내생보사,B,SH122,업종별 대출금
3712,202503,0010593,한화생명보험주식회사,E,숙박 및 음식점업,421648000,국내생보사,B,SH122,업종별 대출금
3713,202503,0010593,한화생명보험주식회사,F,"출판, 영상, 방송통신 및 정보서비스업",57518063000,국내생보사,B,SH122,업종별 대출금
3714,202503,0010593,한화생명보험주식회사,G,부동산업 및 임대업,3326925492000,국내생보사,B,SH122,업종별 대출금
3715,202503,0010593,한화생명보험주식회사,H,기타,4240138833000,국내생보사,B,SH122,업종별 대출금
3716,202503,0010593,한화생명보험주식회사,I,계,7833692616000,국내생보사,B,SH122,업종별 대출금
3717,201703,0010596,흥국생명보험주식회사,A,"농업, 임업 및 어업",711800000,국내생보사,B,SH122,업종별 대출금
3718,201703,0010596,흥국생명보험주식회사,B,제조업,324988200000,국내생보사,B,SH122,업종별 대출금
3719,201703,0010596,흥국생명보험주식회사,C,건설업,226814646000,국내생보사,B,SH122,업종별 대출금
3720,201703,0010596,흥국생명보험주식회사,D,도매 및 소매업,64843452000,국내생보사,B,SH122,업종별 대출금
3721,201703,0010596,흥국생명보험주식회사,E,숙박 및 음식점업,4797000000,국내생보사,B,SH122,업종별 대출금
3722,201703,0010596,흥국생명보험주식회사,F,"출판, 영상, 방송통신 및 정보서비스업",14048600000,국내생보사,B,SH122,업종별 대출금
3723,201703,0010596,흥국생명보험주식회사,G,부동산업 및 임대업,658567948000,국내생보사,B,SH122,업종별 대출금
3724,201703,0010596,흥국생명보험주식회사,H,기타,1805410844000,국내생보사,B,SH122,업종별 대출금
3725,201703,0010596,흥국생명보험주식회사,I,계,3100182490000,국내생보사,B,SH122,업종별 대출금
3726,201706,0010596,흥국생명보험주식회사,A,"농업, 임업 및 어업",711800000,국내생보사,B,SH122,업종별 대출금
3727,201706,0010596,흥국생명보험주식회사,B,제조업,274688200000,국내생보사,B,SH122,업종별 대출금
3728,201706,0010596,흥국생명보험주식회사,C,건설업,227400726000,국내생보사,B,SH122,업종별 대출금
3729,201706,0010596,흥국생명보험주식회사,D,도매 및 소매업,61825813000,국내생보사,B,SH122,업종별 대출금
3730,201706,0010596,흥국생명보험주식회사,E,숙박 및 음식점업,4597000000,국내생보사,B,SH122,업종별 대출금
3731,201706,0010596,흥국생명보험주식회사,F,"출판, 영상, 방송통신 및 정보서비스업",13874237000,국내생보사,B,SH122,업종별 대출금
3732,201706,0010596,흥국생명보험주식회사,G,부동산업 및 임대업,681884385000,국내생보사,B,SH122,업종별 대출금
3733,201706,0010596,흥국생명보험주식회사,H,기타,1713964132000,국내생보사,B,SH122,업종별 대출금
3734,201706,0010596,흥국생명보험주식회사,I,계,2978946293000,국내생보사,B,SH122,업종별 대출금
3735,201709,0010596,흥국생명보험주식회사,A,"농업, 임업 및 어업",684800000,국내생보사,B,SH122,업종별 대출금
3736,201709,0010596,흥국생명보험주식회사,B,제조업,274445500000,국내생보사,B,SH122,업종별 대출금
3737,201709,0010596,흥국생명보험주식회사,C,건설업,216153926000,국내생보사,B,SH122,업종별 대출금
3738,201709,0010596,흥국생명보험주식회사,D,도매 및 소매업,60195004000,국내생보사,B,SH122,업종별 대출금
3739,201709,0010596,흥국생명보험주식회사,E,숙박 및 음식점업,4143000000,국내생보사,B,SH122,업종별 대출금
3740,201709,0010596,흥국생명보험주식회사,F,"출판, 영상, 방송통신 및 정보서비스업",1606600000,국내생보사,B,SH122,업종별 대출금
3741,201709,0010596,흥국생명보험주식회사,G,부동산업 및 임대업,715182525000,국내생보사,B,SH122,업종별 대출금
3742,201709,0010596,흥국생명보험주식회사,H,기타,1838328725000,국내생보사,B,SH122,업종별 대출금
3743,201709,0010596,흥국생명보험주식회사,I,계,3110740080000,국내생보사,B,SH122,업종별 대출금
3744,201712,0010596,흥국생명보험주식회사,A,"농업, 임업 및 어업",684800000,국내생보사,B,SH122,업종별 대출금
3745,201712,0010596,흥국생명보험주식회사,B,제조업,274147500000,국내생보사,B,SH122,업종별 대출금
3746,201712,0010596,흥국생명보험주식회사,C,건설업,220604222000,국내생보사,B,SH122,업종별 대출금
3747,201712,0010596,흥국생명보험주식회사,D,도매 및 소매업,55575449000,국내생보사,B,SH122,업종별 대출금
3748,201712,0010596,흥국생명보험주식회사,E,숙박 및 음식점업,3738000000,국내생보사,B,SH122,업종별 대출금
3749,201712,0010596,흥국생명보험주식회사,F,"출판, 영상, 방송통신 및 정보서비스업",1532600000,국내생보사,B,SH122,업종별 대출금
3750,201712,0010596,흥국생명보험주식회사,G,부동산업 및 임대업,746308011000,국내생보사,B,SH122,업종별 대출금
3751,201712,0010596,흥국생명보험주식회사,H,기타,2084244842000,국내생보사,B,SH122,업종별 대출금
3752,201712,0010596,흥국생명보험주식회사,I,계,3386835424000,국내생보사,B,SH122,업종별 대출금
3753,201803,0010596,흥국생명보험주식회사,A,"농업, 임업 및 어업",634800000,국내생보사,B,SH122,업종별 대출금
3754,201803,0010596,흥국생명보험주식회사,B,제조업,273461500000,국내생보사,B,SH122,업종별 대출금
3755,201803,0010596,흥국생명보험주식회사,C,건설업,222075149000,국내생보사,B,SH122,업종별 대출금
3756,201803,0010596,흥국생명보험주식회사,D,도매 및 소매업,52261051000,국내생보사,B,SH122,업종별 대출금
3757,201803,0010596,흥국생명보험주식회사,E,숙박 및 음식점업,3588000000,국내생보사,B,SH122,업종별 대출금
3758,201803,0010596,흥국생명보험주식회사,F,"출판, 영상, 방송통신 및 정보서비스업",1532600000,국내생보사,B,SH122,업종별 대출금
3759,201803,0010596,흥국생명보험주식회사,G,부동산업 및 임대업,746984130000,국내생보사,B,SH122,업종별 대출금
3760,201803,0010596,흥국생명보험주식회사,H,기타,2046994381000,국내생보사,B,SH122,업종별 대출금
3761,201803,0010596,흥국생명보험주식회사,I,계,3347531611000,국내생보사,B,SH122,업종별 대출금
3762,201806,0010596,흥국생명보험주식회사,A,"농업, 임업 및 어업",454000000,국내생보사,B,SH122,업종별 대출금
3763,201806,0010596,흥국생명보험주식회사,B,제조업,273312700000,국내생보사,B,SH122,업종별 대출금
3764,201806,0010596,흥국생명보험주식회사,C,건설업,238030703000,국내생보사,B,SH122,업종별 대출금
3765,201806,0010596,흥국생명보험주식회사,D,도매 및 소매업,51258321000,국내생보사,B,SH122,업종별 대출금
3766,201806,0010596,흥국생명보험주식회사,E,숙박 및 음식점업,3486000000,국내생보사,B,SH122,업종별 대출금
3767,201806,0010596,흥국생명보험주식회사,F,"출판, 영상, 방송통신 및 정보서비스업",1461000000,국내생보사,B,SH122,업종별 대출금
3768,201806,0010596,흥국생명보험주식회사,G,부동산업 및 임대업,825882470000,국내생보사,B,SH122,업종별 대출금
3769,201806,0010596,흥국생명보험주식회사,H,기타,2021794634000,국내생보사,B,SH122,업종별 대출금
3770,201806,0010596,흥국생명보험주식회사,I,계,3415679828000,국내생보사,B,SH122,업종별 대출금
3771,201809,0010596,흥국생명보험주식회사,A,"농업, 임업 및 어업",454000000,국내생보사,B,SH122,업종별 대출금
3772,201809,0010596,흥국생명보험주식회사,B,제조업,272826700000,국내생보사,B,SH122,업종별 대출금
3773,201809,0010596,흥국생명보험주식회사,C,건설업,235946684000,국내생보사,B,SH122,업종별 대출금
3774,201809,0010596,흥국생명보험주식회사,D,도매 및 소매업,48821245000,국내생보사,B,SH122,업종별 대출금
3775,201809,0010596,흥국생명보험주식회사,E,숙박 및 음식점업,2703000000,국내생보사,B,SH122,업종별 대출금
3776,201809,0010596,흥국생명보험주식회사,F,"출판, 영상, 방송통신 및 정보서비스업",1407000000,국내생보사,B,SH122,업종별 대출금
3777,201809,0010596,흥국생명보험주식회사,G,부동산업 및 임대업,696581577000,국내생보사,B,SH122,업종별 대출금
3778,201809,0010596,흥국생명보험주식회사,H,기타,2270425027000,국내생보사,B,SH122,업종별 대출금
3779,201809,0010596,흥국생명보험주식회사,I,계,3529165233000,국내생보사,B,SH122,업종별 대출금
3780,201812,0010596,흥국생명보험주식회사,A,"농업, 임업 및 어업",454000000,국내생보사,B,SH122,업종별 대출금
3781,201812,0010596,흥국생명보험주식회사,B,제조업,272284367000,국내생보사,B,SH122,업종별 대출금
3782,201812,0010596,흥국생명보험주식회사,C,건설업,192991430000,국내생보사,B,SH122,업종별 대출금
3783,201812,0010596,흥국생명보험주식회사,D,도매 및 소매업,46391664000,국내생보사,B,SH122,업종별 대출금
3784,201812,0010596,흥국생명보험주식회사,E,숙박 및 음식점업,2493000000,국내생보사,B,SH122,업종별 대출금
3785,201812,0010596,흥국생명보험주식회사,F,"출판, 영상, 방송통신 및 정보서비스업",1373000000,국내생보사,B,SH122,업종별 대출금
3786,201812,0010596,흥국생명보험주식회사,G,부동산업 및 임대업,767186011000,국내생보사,B,SH122,업종별 대출금
3787,201812,0010596,흥국생명보험주식회사,H,기타,2231210454000,국내생보사,B,SH122,업종별 대출금
3788,201812,0010596,흥국생명보험주식회사,I,계,3514383926000,국내생보사,B,SH122,업종별 대출금
3789,201903,0010596,흥국생명보험주식회사,A,"농업, 임업 및 어업",454000000,국내생보사,B,SH122,업종별 대출금
3790,201903,0010596,흥국생명보험주식회사,B,제조업,312023113000,국내생보사,B,SH122,업종별 대출금
3791,201903,0010596,흥국생명보험주식회사,C,건설업,165349609000,국내생보사,B,SH122,업종별 대출금
3792,201903,0010596,흥국생명보험주식회사,D,도매 및 소매업,45660409000,국내생보사,B,SH122,업종별 대출금
3793,201903,0010596,흥국생명보험주식회사,E,숙박 및 음식점업,2493561000,국내생보사,B,SH122,업종별 대출금
3794,201903,0010596,흥국생명보험주식회사,F,"출판, 영상, 방송통신 및 정보서비스업",1312000000,국내생보사,B,SH122,업종별 대출금
3795,201903,0010596,흥국생명보험주식회사,G,부동산업 및 임대업,763398739000,국내생보사,B,SH122,업종별 대출금
3796,201903,0010596,흥국생명보험주식회사,H,기타,2286982238000,국내생보사,B,SH122,업종별 대출금
3797,201903,0010596,흥국생명보험주식회사,I,계,3577673669000,국내생보사,B,SH122,업종별 대출금
3798,201906,0010596,흥국생명보험주식회사,A,"농업, 임업 및 어업",454000000,국내생보사,B,SH122,업종별 대출금
3799,201906,0010596,흥국생명보험주식회사,B,제조업,296751067000,국내생보사,B,SH122,업종별 대출금
3800,201906,0010596,흥국생명보험주식회사,C,건설업,153343775000,국내생보사,B,SH122,업종별 대출금
3801,201906,0010596,흥국생명보험주식회사,D,도매 및 소매업,44012949000,국내생보사,B,SH122,업종별 대출금
3802,201906,0010596,흥국생명보험주식회사,E,숙박 및 음식점업,2145000000,국내생보사,B,SH122,업종별 대출금
3803,201906,0010596,흥국생명보험주식회사,F,"출판, 영상, 방송통신 및 정보서비스업",1278000000,국내생보사,B,SH122,업종별 대출금
3804,201906,0010596,흥국생명보험주식회사,G,부동산업 및 임대업,782187621000,국내생보사,B,SH122,업종별 대출금
3805,201906,0010596,흥국생명보험주식회사,H,기타,2300783901000,국내생보사,B,SH122,업종별 대출금
3806,201906,0010596,흥국생명보험주식회사,I,계,3580956313000,국내생보사,B,SH122,업종별 대출금
3807,201909,0010596,흥국생명보험주식회사,A,"농업, 임업 및 어업",454000000,국내생보사,B,SH122,업종별 대출금
3808,201909,0010596,흥국생명보험주식회사,B,제조업,303265355000,국내생보사,B,SH122,업종별 대출금
3809,201909,0010596,흥국생명보험주식회사,C,건설업,169933964000,국내생보사,B,SH122,업종별 대출금
3810,201909,0010596,흥국생명보험주식회사,D,도매 및 소매업,43732250000,국내생보사,B,SH122,업종별 대출금
3811,201909,0010596,흥국생명보험주식회사,E,숙박 및 음식점업,2145000000,국내생보사,B,SH122,업종별 대출금
3812,201909,0010596,흥국생명보험주식회사,F,"출판, 영상, 방송통신 및 정보서비스업",1236000000,국내생보사,B,SH122,업종별 대출금
3813,201909,0010596,흥국생명보험주식회사,G,부동산업 및 임대업,780224464000,국내생보사,B,SH122,업종별 대출금
3814,201909,0010596,흥국생명보험주식회사,H,기타,2317907343000,국내생보사,B,SH122,업종별 대출금
3815,201909,0010596,흥국생명보험주식회사,I,계,3618898376000,국내생보사,B,SH122,업종별 대출금
3816,201912,0010596,흥국생명보험주식회사,A,"농업, 임업 및 어업",234000000,국내생보사,B,SH122,업종별 대출금
3817,201912,0010596,흥국생명보험주식회사,B,제조업,302943541000,국내생보사,B,SH122,업종별 대출금
3818,201912,0010596,흥국생명보험주식회사,C,건설업,196061776000,국내생보사,B,SH122,업종별 대출금
3819,201912,0010596,흥국생명보험주식회사,D,도매 및 소매업,41221564000,국내생보사,B,SH122,업종별 대출금
3820,201912,0010596,흥국생명보험주식회사,E,숙박 및 음식점업,2144000000,국내생보사,B,SH122,업종별 대출금
3821,201912,0010596,흥국생명보험주식회사,F,"출판, 영상, 방송통신 및 정보서비스업",1176000000,국내생보사,B,SH122,업종별 대출금
3822,201912,0010596,흥국생명보험주식회사,G,부동산업 및 임대업,911155279000,국내생보사,B,SH122,업종별 대출금
3823,201912,0010596,흥국생명보험주식회사,H,기타,2268245615000,국내생보사,B,SH122,업종별 대출금
3824,201912,0010596,흥국생명보험주식회사,I,계,3723181775000,국내생보사,B,SH122,업종별 대출금
3825,202003,0010596,흥국생명보험주식회사,A,"농업, 임업 및 어업",234000000,국내생보사,B,SH122,업종별 대출금
3826,202003,0010596,흥국생명보험주식회사,B,제조업,315307000000,국내생보사,B,SH122,업종별 대출금
3827,202003,0010596,흥국생명보험주식회사,C,건설업,209585398000,국내생보사,B,SH122,업종별 대출금
3828,202003,0010596,흥국생명보험주식회사,D,도매 및 소매업,42783490000,국내생보사,B,SH122,업종별 대출금
3829,202003,0010596,흥국생명보험주식회사,E,숙박 및 음식점업,1611000000,국내생보사,B,SH122,업종별 대출금
3830,202003,0010596,흥국생명보험주식회사,F,"출판, 영상, 방송통신 및 정보서비스업",1162000000,국내생보사,B,SH122,업종별 대출금
3831,202003,0010596,흥국생명보험주식회사,G,부동산업 및 임대업,1111104929000,국내생보사,B,SH122,업종별 대출금
3832,202003,0010596,흥국생명보험주식회사,H,기타,2303671740000,국내생보사,B,SH122,업종별 대출금
3833,202003,0010596,흥국생명보험주식회사,I,계,3985459557000,국내생보사,B,SH122,업종별 대출금
3834,202006,0010596,흥국생명보험주식회사,A,"농업, 임업 및 어업",234000000,국내생보사,B,SH122,업종별 대출금
3835,202006,0010596,흥국생명보험주식회사,B,제조업,300307000000,국내생보사,B,SH122,업종별 대출금
3836,202006,0010596,흥국생명보험주식회사,C,건설업,224144722000,국내생보사,B,SH122,업종별 대출금
3837,202006,0010596,흥국생명보험주식회사,D,도매 및 소매업,39151177000,국내생보사,B,SH122,업종별 대출금
3838,202006,0010596,흥국생명보험주식회사,E,숙박 및 음식점업,16606000000,국내생보사,B,SH122,업종별 대출금
3839,202006,0010596,흥국생명보험주식회사,F,"출판, 영상, 방송통신 및 정보서비스업",18662000000,국내생보사,B,SH122,업종별 대출금
3840,202006,0010596,흥국생명보험주식회사,G,부동산업 및 임대업,1156038743000,국내생보사,B,SH122,업종별 대출금
3841,202006,0010596,흥국생명보험주식회사,H,기타,2487855786000,국내생보사,B,SH122,업종별 대출금
3842,202006,0010596,흥국생명보험주식회사,I,계,4242999428000,국내생보사,B,SH122,업종별 대출금
3843,202009,0010596,흥국생명보험주식회사,A,"농업, 임업 및 어업",269000000,국내생보사,B,SH122,업종별 대출금
3844,202009,0010596,흥국생명보험주식회사,B,제조업,299075544000,국내생보사,B,SH122,업종별 대출금
3845,202009,0010596,흥국생명보험주식회사,C,건설업,228463783000,국내생보사,B,SH122,업종별 대출금
3846,202009,0010596,흥국생명보험주식회사,D,도매 및 소매업,37464116000,국내생보사,B,SH122,업종별 대출금
3847,202009,0010596,흥국생명보험주식회사,E,숙박 및 음식점업,66543000000,국내생보사,B,SH122,업종별 대출금
3848,202009,0010596,흥국생명보험주식회사,F,"출판, 영상, 방송통신 및 정보서비스업",18662000000,국내생보사,B,SH122,업종별 대출금
3849,202009,0010596,흥국생명보험주식회사,G,부동산업 및 임대업,1106625735000,국내생보사,B,SH122,업종별 대출금
3850,202009,0010596,흥국생명보험주식회사,H,기타,2617643455000,국내생보사,B,SH122,업종별 대출금
3851,202009,0010596,흥국생명보험주식회사,I,계,4374746633000,국내생보사,B,SH122,업종별 대출금
3852,202012,0010596,흥국생명보험주식회사,A,"농업, 임업 및 어업",269000000,국내생보사,B,SH122,업종별 대출금
3853,202012,0010596,흥국생명보험주식회사,B,제조업,298837665000,국내생보사,B,SH122,업종별 대출금
3854,202012,0010596,흥국생명보험주식회사,C,건설업,256396095000,국내생보사,B,SH122,업종별 대출금
3855,202012,0010596,흥국생명보험주식회사,D,도매 및 소매업,11364570000,국내생보사,B,SH122,업종별 대출금
3856,202012,0010596,흥국생명보험주식회사,E,숙박 및 음식점업,66473000000,국내생보사,B,SH122,업종별 대출금
3857,202012,0010596,흥국생명보험주식회사,F,"출판, 영상, 방송통신 및 정보서비스업",48585000000,국내생보사,B,SH122,업종별 대출금
3858,202012,0010596,흥국생명보험주식회사,G,부동산업 및 임대업,1296341220000,국내생보사,B,SH122,업종별 대출금
3859,202012,0010596,흥국생명보험주식회사,H,기타,2866169347000,국내생보사,B,SH122,업종별 대출금
3860,202012,0010596,흥국생명보험주식회사,I,계,4844435897000,국내생보사,B,SH122,업종별 대출금
3861,202103,0010596,흥국생명보험주식회사,A,"농업, 임업 및 어업",234000000,국내생보사,B,SH122,업종별 대출금
3862,202103,0010596,흥국생명보험주식회사,B,제조업,291996116000,국내생보사,B,SH122,업종별 대출금
3863,202103,0010596,흥국생명보험주식회사,C,건설업,284768213000,국내생보사,B,SH122,업종별 대출금
3864,202103,0010596,흥국생명보험주식회사,D,도매 및 소매업,10741205000,국내생보사,B,SH122,업종별 대출금
3865,202103,0010596,흥국생명보험주식회사,E,숙박 및 음식점업,66060000000,국내생보사,B,SH122,업종별 대출금
3866,202103,0010596,흥국생명보험주식회사,F,"출판, 영상, 방송통신 및 정보서비스업",48565000000,국내생보사,B,SH122,업종별 대출금
3867,202103,0010596,흥국생명보험주식회사,G,부동산업 및 임대업,1350469326000,국내생보사,B,SH122,업종별 대출금
3868,202103,0010596,흥국생명보험주식회사,H,기타,2969112689000,국내생보사,B,SH122,업종별 대출금
3869,202103,0010596,흥국생명보험주식회사,I,계,5021946549000,국내생보사,B,SH122,업종별 대출금
3870,202106,0010596,흥국생명보험주식회사,A,"농업, 임업 및 어업",234000000,국내생보사,B,SH122,업종별 대출금
3871,202106,0010596,흥국생명보험주식회사,B,제조업,291996116000,국내생보사,B,SH122,업종별 대출금
3872,202106,0010596,흥국생명보험주식회사,C,건설업,289145257000,국내생보사,B,SH122,업종별 대출금
3873,202106,0010596,흥국생명보험주식회사,D,도매 및 소매업,10234444000,국내생보사,B,SH122,업종별 대출금
3874,202106,0010596,흥국생명보험주식회사,E,숙박 및 음식점업,66019000000,국내생보사,B,SH122,업종별 대출금
3875,202106,0010596,흥국생명보험주식회사,F,"출판, 영상, 방송통신 및 정보서비스업",48556531000,국내생보사,B,SH122,업종별 대출금
3876,202106,0010596,흥국생명보험주식회사,G,부동산업 및 임대업,1500972224000,국내생보사,B,SH122,업종별 대출금
3877,202106,0010596,흥국생명보험주식회사,H,기타,3083300846000,국내생보사,B,SH122,업종별 대출금
3878,202106,0010596,흥국생명보험주식회사,I,계,5290458418000,국내생보사,B,SH122,업종별 대출금
3879,202109,0010596,흥국생명보험주식회사,A,"농업, 임업 및 어업",234000000,국내생보사,B,SH122,업종별 대출금
3880,202109,0010596,흥국생명보험주식회사,B,제조업,291609655000,국내생보사,B,SH122,업종별 대출금
3881,202109,0010596,흥국생명보험주식회사,C,건설업,307542192000,국내생보사,B,SH122,업종별 대출금
3882,202109,0010596,흥국생명보험주식회사,D,도매 및 소매업,9600780000,국내생보사,B,SH122,업종별 대출금
3883,202109,0010596,흥국생명보험주식회사,E,숙박 및 음식점업,66019000000,국내생보사,B,SH122,업종별 대출금
3884,202109,0010596,흥국생명보험주식회사,F,"출판, 영상, 방송통신 및 정보서비스업",45740575000,국내생보사,B,SH122,업종별 대출금
3885,202109,0010596,흥국생명보험주식회사,G,부동산업 및 임대업,1428518976000,국내생보사,B,SH122,업종별 대출금
3886,202109,0010596,흥국생명보험주식회사,H,기타,3026066664000,국내생보사,B,SH122,업종별 대출금
3887,202109,0010596,흥국생명보험주식회사,I,계,5175331842000,국내생보사,B,SH122,업종별 대출금
3888,202112,0010596,흥국생명보험주식회사,A,"농업, 임업 및 어업",234000000,국내생보사,B,SH122,업종별 대출금
3889,202112,0010596,흥국생명보험주식회사,B,제조업,291596594000,국내생보사,B,SH122,업종별 대출금
3890,202112,0010596,흥국생명보험주식회사,C,건설업,429936870000,국내생보사,B,SH122,업종별 대출금
3891,202112,0010596,흥국생명보험주식회사,D,도매 및 소매업,8859815000,국내생보사,B,SH122,업종별 대출금
3892,202112,0010596,흥국생명보험주식회사,E,숙박 및 음식점업,56519000000,국내생보사,B,SH122,업종별 대출금
3893,202112,0010596,흥국생명보험주식회사,F,"출판, 영상, 방송통신 및 정보서비스업",44914854000,국내생보사,B,SH122,업종별 대출금
3894,202112,0010596,흥국생명보험주식회사,G,부동산업 및 임대업,1385434018000,국내생보사,B,SH122,업종별 대출금
3895,202112,0010596,흥국생명보험주식회사,H,기타,3002965910000,국내생보사,B,SH122,업종별 대출금
3896,202112,0010596,흥국생명보험주식회사,I,계,5220461061000,국내생보사,B,SH122,업종별 대출금
3897,202203,0010596,흥국생명보험주식회사,A,"농업, 임업 및 어업",234000000,국내생보사,B,SH122,업종별 대출금
3898,202203,0010596,흥국생명보험주식회사,B,제조업,271610295000,국내생보사,B,SH122,업종별 대출금
3899,202203,0010596,흥국생명보험주식회사,C,건설업,415703746000,국내생보사,B,SH122,업종별 대출금
3900,202203,0010596,흥국생명보험주식회사,D,도매 및 소매업,8667045000,국내생보사,B,SH122,업종별 대출금
3901,202203,0010596,흥국생명보험주식회사,E,숙박 및 음식점업,56505000000,국내생보사,B,SH122,업종별 대출금
3902,202203,0010596,흥국생명보험주식회사,F,"출판, 영상, 방송통신 및 정보서비스업",44914854000,국내생보사,B,SH122,업종별 대출금
3903,202203,0010596,흥국생명보험주식회사,G,부동산업 및 임대업,1405775425000,국내생보사,B,SH122,업종별 대출금
3904,202203,0010596,흥국생명보험주식회사,H,기타,3052847958000,국내생보사,B,SH122,업종별 대출금
3905,202203,0010596,흥국생명보험주식회사,I,계,5256258323000,국내생보사,B,SH122,업종별 대출금
3906,202206,0010596,흥국생명보험주식회사,A,"농업, 임업 및 어업",234000000,국내생보사,B,SH122,업종별 대출금
3907,202206,0010596,흥국생명보험주식회사,B,제조업,271177295000,국내생보사,B,SH122,업종별 대출금
3908,202206,0010596,흥국생명보험주식회사,C,건설업,419221698000,국내생보사,B,SH122,업종별 대출금
3909,202206,0010596,흥국생명보험주식회사,D,도매 및 소매업,8574400000,국내생보사,B,SH122,업종별 대출금
3910,202206,0010596,흥국생명보험주식회사,E,숙박 및 음식점업,56505000000,국내생보사,B,SH122,업종별 대출금
3911,202206,0010596,흥국생명보험주식회사,F,"출판, 영상, 방송통신 및 정보서비스업",27414854000,국내생보사,B,SH122,업종별 대출금
3912,202206,0010596,흥국생명보험주식회사,G,부동산업 및 임대업,1313354905000,국내생보사,B,SH122,업종별 대출금
3913,202206,0010596,흥국생명보험주식회사,H,기타,3003338552000,국내생보사,B,SH122,업종별 대출금
3914,202206,0010596,흥국생명보험주식회사,I,계,5099820704000,국내생보사,B,SH122,업종별 대출금
3915,202209,0010596,흥국생명보험주식회사,A,"농업, 임업 및 어업",234000000,국내생보사,B,SH122,업종별 대출금
3916,202209,0010596,흥국생명보험주식회사,B,제조업,267044996000,국내생보사,B,SH122,업종별 대출금
3917,202209,0010596,흥국생명보험주식회사,C,건설업,433546607000,국내생보사,B,SH122,업종별 대출금
3918,202209,0010596,흥국생명보험주식회사,D,도매 및 소매업,8446434000,국내생보사,B,SH122,업종별 대출금
3919,202209,0010596,흥국생명보험주식회사,E,숙박 및 음식점업,56505000000,국내생보사,B,SH122,업종별 대출금
3920,202209,0010596,흥국생명보험주식회사,F,"출판, 영상, 방송통신 및 정보서비스업",27378854000,국내생보사,B,SH122,업종별 대출금
3921,202209,0010596,흥국생명보험주식회사,G,부동산업 및 임대업,1317593258000,국내생보사,B,SH122,업종별 대출금
3922,202209,0010596,흥국생명보험주식회사,H,기타,2967559683000,국내생보사,B,SH122,업종별 대출금
3923,202209,0010596,흥국생명보험주식회사,I,계,5078308832000,국내생보사,B,SH122,업종별 대출금
3924,202212,0010596,흥국생명보험주식회사,A,"농업, 임업 및 어업",234000000,국내생보사,B,SH122,업종별 대출금
3925,202212,0010596,흥국생명보험주식회사,B,제조업,263979307000,국내생보사,B,SH122,업종별 대출금
3926,202212,0010596,흥국생명보험주식회사,C,건설업,492929887000,국내생보사,B,SH122,업종별 대출금
3927,202212,0010596,흥국생명보험주식회사,D,도매 및 소매업,8363200000,국내생보사,B,SH122,업종별 대출금
3928,202212,0010596,흥국생명보험주식회사,E,숙박 및 음식점업,56505000000,국내생보사,B,SH122,업종별 대출금
3929,202212,0010596,흥국생명보험주식회사,F,"출판, 영상, 방송통신 및 정보서비스업",27298854000,국내생보사,B,SH122,업종별 대출금
3930,202212,0010596,흥국생명보험주식회사,G,부동산업 및 임대업,1231444209000,국내생보사,B,SH122,업종별 대출금
3931,202212,0010596,흥국생명보험주식회사,H,기타,2822089447000,국내생보사,B,SH122,업종별 대출금
3932,202212,0010596,흥국생명보험주식회사,I,계,4902843904000,국내생보사,B,SH122,업종별 대출금
3933,202303,0010596,흥국생명보험주식회사,A,"농업, 임업 및 어업",234000000,국내생보사,B,SH122,업종별 대출금
3934,202303,0010596,흥국생명보험주식회사,B,제조업,13686827000,국내생보사,B,SH122,업종별 대출금
3935,202303,0010596,흥국생명보험주식회사,C,건설업,480056944000,국내생보사,B,SH122,업종별 대출금
3936,202303,0010596,흥국생명보험주식회사,D,도매 및 소매업,8233234000,국내생보사,B,SH122,업종별 대출금
3937,202303,0010596,흥국생명보험주식회사,E,숙박 및 음식점업,41501000000,국내생보사,B,SH122,업종별 대출금
3938,202303,0010596,흥국생명보험주식회사,F,"출판, 영상, 방송통신 및 정보서비스업",27291854000,국내생보사,B,SH122,업종별 대출금
3939,202303,0010596,흥국생명보험주식회사,G,부동산업 및 임대업,1153863402000,국내생보사,B,SH122,업종별 대출금
3940,202303,0010596,흥국생명보험주식회사,H,기타,2595730719000,국내생보사,B,SH122,업종별 대출금
3941,202303,0010596,흥국생명보험주식회사,I,계,4320597980000,국내생보사,B,SH122,업종별 대출금
3942,202306,0010596,흥국생명보험주식회사,A,"농업, 임업 및 어업",234000000,국내생보사,B,SH122,업종별 대출금
3943,202306,0010596,흥국생명보험주식회사,B,제조업,13685827000,국내생보사,B,SH122,업종별 대출금
3944,202306,0010596,흥국생명보험주식회사,C,건설업,468685447000,국내생보사,B,SH122,업종별 대출금
3945,202306,0010596,흥국생명보험주식회사,D,도매 및 소매업,8054834000,국내생보사,B,SH122,업종별 대출금
3946,202306,0010596,흥국생명보험주식회사,E,숙박 및 음식점업,41501000000,국내생보사,B,SH122,업종별 대출금
3947,202306,0010596,흥국생명보험주식회사,F,"출판, 영상, 방송통신 및 정보서비스업",27291854000,국내생보사,B,SH122,업종별 대출금
3948,202306,0010596,흥국생명보험주식회사,G,부동산업 및 임대업,1230885508000,국내생보사,B,SH122,업종별 대출금
3949,202306,0010596,흥국생명보험주식회사,H,기타,2400025463000,국내생보사,B,SH122,업종별 대출금
3950,202306,0010596,흥국생명보험주식회사,I,계,4190363933000,국내생보사,B,SH122,업종별 대출금
3951,202309,0010596,흥국생명보험주식회사,A,"농업, 임업 및 어업",234000000,국내생보사,B,SH122,업종별 대출금
3952,202309,0010596,흥국생명보험주식회사,B,제조업,1911827000,국내생보사,B,SH122,업종별 대출금
3953,202309,0010596,흥국생명보험주식회사,C,건설업,440728910000,국내생보사,B,SH122,업종별 대출금
3954,202309,0010596,흥국생명보험주식회사,D,도매 및 소매업,7605774000,국내생보사,B,SH122,업종별 대출금
3955,202309,0010596,흥국생명보험주식회사,E,숙박 및 음식점업,1001000000,국내생보사,B,SH122,업종별 대출금
3956,202309,0010596,흥국생명보험주식회사,F,"출판, 영상, 방송통신 및 정보서비스업",459531000,국내생보사,B,SH122,업종별 대출금
3957,202309,0010596,흥국생명보험주식회사,G,부동산업 및 임대업,1171710422000,국내생보사,B,SH122,업종별 대출금
3958,202309,0010596,흥국생명보험주식회사,H,기타,2326814585000,국내생보사,B,SH122,업종별 대출금
3959,202309,0010596,흥국생명보험주식회사,I,계,3950466049000,국내생보사,B,SH122,업종별 대출금
3960,202312,0010596,흥국생명보험주식회사,A,"농업, 임업 및 어업",234000000,국내생보사,B,SH122,업종별 대출금
3961,202312,0010596,흥국생명보험주식회사,B,제조업,1911827000,국내생보사,B,SH122,업종별 대출금
3962,202312,0010596,흥국생명보험주식회사,C,건설업,393880272000,국내생보사,B,SH122,업종별 대출금
3963,202312,0010596,흥국생명보험주식회사,D,도매 및 소매업,7405633000,국내생보사,B,SH122,업종별 대출금
3964,202312,0010596,흥국생명보험주식회사,E,숙박 및 음식점업,1001000000,국내생보사,B,SH122,업종별 대출금
3965,202312,0010596,흥국생명보험주식회사,F,"출판, 영상, 방송통신 및 정보서비스업",459531000,국내생보사,B,SH122,업종별 대출금
3966,202312,0010596,흥국생명보험주식회사,G,부동산업 및 임대업,985261437000,국내생보사,B,SH122,업종별 대출금
3967,202312,0010596,흥국생명보험주식회사,H,기타,2203467905000,국내생보사,B,SH122,업종별 대출금
3968,202312,0010596,흥국생명보험주식회사,I,계,3593621605000,국내생보사,B,SH122,업종별 대출금
3969,202403,0010596,흥국생명보험주식회사,A,"농업, 임업 및 어업",234000000,국내생보사,B,SH122,업종별 대출금
3970,202403,0010596,흥국생명보험주식회사,B,제조업,1419325000,국내생보사,B,SH122,업종별 대출금
3971,202403,0010596,흥국생명보험주식회사,C,건설업,398117570000,국내생보사,B,SH122,업종별 대출금
3972,202403,0010596,흥국생명보험주식회사,D,도매 및 소매업,6721155000,국내생보사,B,SH122,업종별 대출금
3973,202403,0010596,흥국생명보험주식회사,E,숙박 및 음식점업,897000000,국내생보사,B,SH122,업종별 대출금
3974,202403,0010596,흥국생명보험주식회사,F,"출판, 영상, 방송통신 및 정보서비스업",459531000,국내생보사,B,SH122,업종별 대출금
3975,202403,0010596,흥국생명보험주식회사,G,부동산업 및 임대업,812802739000,국내생보사,B,SH122,업종별 대출금
3976,202403,0010596,흥국생명보험주식회사,H,기타,2106792148000,국내생보사,B,SH122,업종별 대출금
3977,202403,0010596,흥국생명보험주식회사,I,계,3327443468000,국내생보사,B,SH122,업종별 대출금
3978,202406,0010596,흥국생명보험주식회사,A,"농업, 임업 및 어업",234000000,국내생보사,B,SH122,업종별 대출금
3979,202406,0010596,흥국생명보험주식회사,B,제조업,1417430000,국내생보사,B,SH122,업종별 대출금
3980,202406,0010596,흥국생명보험주식회사,C,건설업,306788862000,국내생보사,B,SH122,업종별 대출금
3981,202406,0010596,흥국생명보험주식회사,D,도매 및 소매업,6561299000,국내생보사,B,SH122,업종별 대출금
3982,202406,0010596,흥국생명보험주식회사,E,숙박 및 음식점업,887000000,국내생보사,B,SH122,업종별 대출금
3983,202406,0010596,흥국생명보험주식회사,F,"출판, 영상, 방송통신 및 정보서비스업",459531000,국내생보사,B,SH122,업종별 대출금
3984,202406,0010596,흥국생명보험주식회사,G,부동산업 및 임대업,769442785000,국내생보사,B,SH122,업종별 대출금
3985,202406,0010596,흥국생명보험주식회사,H,기타,1940055357000,국내생보사,B,SH122,업종별 대출금
3986,202406,0010596,흥국생명보험주식회사,I,계,3025846264000,국내생보사,B,SH122,업종별 대출금
3987,202409,0010596,흥국생명보험주식회사,A,"농업, 임업 및 어업",234000000,국내생보사,B,SH122,업종별 대출금
3988,202409,0010596,흥국생명보험주식회사,B,제조업,1415507000,국내생보사,B,SH122,업종별 대출금
3989,202409,0010596,흥국생명보험주식회사,C,건설업,303661173000,국내생보사,B,SH122,업종별 대출금
3990,202409,0010596,흥국생명보험주식회사,D,도매 및 소매업,5942427000,국내생보사,B,SH122,업종별 대출금
3991,202409,0010596,흥국생명보험주식회사,E,숙박 및 음식점업,887000000,국내생보사,B,SH122,업종별 대출금
3992,202409,0010596,흥국생명보험주식회사,F,"출판, 영상, 방송통신 및 정보서비스업",434531000,국내생보사,B,SH122,업종별 대출금
3993,202409,0010596,흥국생명보험주식회사,G,부동산업 및 임대업,671561939000,국내생보사,B,SH122,업종별 대출금
3994,202409,0010596,흥국생명보험주식회사,H,기타,1839468442000,국내생보사,B,SH122,업종별 대출금
3995,202409,0010596,흥국생명보험주식회사,I,계,2823605019000,국내생보사,B,SH122,업종별 대출금
3996,202412,0010596,흥국생명보험주식회사,A,"농업, 임업 및 어업",234000000,국내생보사,B,SH122,업종별 대출금
3997,202412,0010596,흥국생명보험주식회사,B,제조업,472000000,국내생보사,B,SH122,업종별 대출금
3998,202412,0010596,흥국생명보험주식회사,C,건설업,285167850000,국내생보사,B,SH122,업종별 대출금
3999,202412,0010596,흥국생명보험주식회사,D,도매 및 소매업,5835128000,국내생보사,B,SH122,업종별 대출금
4000,202412,0010596,흥국생명보험주식회사,E,숙박 및 음식점업,887000000,국내생보사,B,SH122,업종별 대출금
4001,202412,0010596,흥국생명보험주식회사,F,"출판, 영상, 방송통신 및 정보서비스업",434531000,국내생보사,B,SH122,업종별 대출금
4002,202412,0010596,흥국생명보험주식회사,G,부동산업 및 임대업,603283328000,국내생보사,B,SH122,업종별 대출금
4003,202412,0010596,흥국생명보험주식회사,H,기타,1693448592000,국내생보사,B,SH122,업종별 대출금
4004,202412,0010596,흥국생명보험주식회사,I,계,2589762429000,국내생보사,B,SH122,업종별 대출금
4005,202503,0010596,흥국생명보험주식회사,A,"농업, 임업 및 어업",234000000,국내생보사,B,SH122,업종별 대출금
4006,202503,0010596,흥국생명보험주식회사,B,제조업,472000000,국내생보사,B,SH122,업종별 대출금
4007,202503,0010596,흥국생명보험주식회사,C,건설업,382685473000,국내생보사,B,SH122,업종별 대출금
4008,202503,0010596,흥국생명보험주식회사,D,도매 및 소매업,5119628000,국내생보사,B,SH122,업종별 대출금
4009,202503,0010596,흥국생명보험주식회사,E,숙박 및 음식점업,883000000,국내생보사,B,SH122,업종별 대출금
4010,202503,0010596,흥국생명보험주식회사,F,"출판, 영상, 방송통신 및 정보서비스업",434531000,국내생보사,B,SH122,업종별 대출금
4011,202503,0010596,흥국생명보험주식회사,G,부동산업 및 임대업,512315771000,국내생보사,B,SH122,업종별 대출금
4012,202503,0010596,흥국생명보험주식회사,H,기타,1634432662000,국내생보사,B,SH122,업종별 대출금
4013,202503,0010596,흥국생명보험주식회사,I,계,2536577065000,국내생보사,B,SH122,업종별 대출금
4014,201703,0010622,동양생명보험주식회사,A,"농업, 임업 및 어업",1217010000,외국생보사,B,SH122,업종별 대출금
4015,201703,0010622,동양생명보험주식회사,B,제조업,137024690000,외국생보사,B,SH122,업종별 대출금
4016,201703,0010622,동양생명보험주식회사,C,건설업,546523672000,외국생보사,B,SH122,업종별 대출금
4017,201703,0010622,동양생명보험주식회사,D,도매 및 소매업,420073753000,외국생보사,B,SH122,업종별 대출금
4018,201703,0010622,동양생명보험주식회사,E,숙박 및 음식점업,322298041000,외국생보사,B,SH122,업종별 대출금
4019,201703,0010622,동양생명보험주식회사,F,"출판, 영상, 방송통신 및 정보서비스업",24215214000,외국생보사,B,SH122,업종별 대출금
4020,201703,0010622,동양생명보험주식회사,G,부동산업 및 임대업,451665582000,외국생보사,B,SH122,업종별 대출금
4021,201703,0010622,동양생명보험주식회사,H,기타,1080515567000,외국생보사,B,SH122,업종별 대출금
4022,201703,0010622,동양생명보험주식회사,I,계,2983533529000,외국생보사,B,SH122,업종별 대출금
4023,201706,0010622,동양생명보험주식회사,A,"농업, 임업 및 어업",1168610000,외국생보사,B,SH122,업종별 대출금
4024,201706,0010622,동양생명보험주식회사,B,제조업,113166479000,외국생보사,B,SH122,업종별 대출금
4025,201706,0010622,동양생명보험주식회사,C,건설업,538184163000,외국생보사,B,SH122,업종별 대출금
4026,201706,0010622,동양생명보험주식회사,D,도매 및 소매업,405074409000,외국생보사,B,SH122,업종별 대출금
4027,201706,0010622,동양생명보험주식회사,E,숙박 및 음식점업,328602902000,외국생보사,B,SH122,업종별 대출금
4028,201706,0010622,동양생명보험주식회사,F,"출판, 영상, 방송통신 및 정보서비스업",23839302000,외국생보사,B,SH122,업종별 대출금
4029,201706,0010622,동양생명보험주식회사,G,부동산업 및 임대업,521944411000,외국생보사,B,SH122,업종별 대출금
4030,201706,0010622,동양생명보험주식회사,H,기타,1006733090000,외국생보사,B,SH122,업종별 대출금
4031,201706,0010622,동양생명보험주식회사,I,계,2938713366000,외국생보사,B,SH122,업종별 대출금
4032,201709,0010622,동양생명보험주식회사,A,"농업, 임업 및 어업",1080699000,외국생보사,B,SH122,업종별 대출금
4033,201709,0010622,동양생명보험주식회사,B,제조업,112614294000,외국생보사,B,SH122,업종별 대출금
4034,201709,0010622,동양생명보험주식회사,C,건설업,569515907000,외국생보사,B,SH122,업종별 대출금
4035,201709,0010622,동양생명보험주식회사,D,도매 및 소매업,389418422000,외국생보사,B,SH122,업종별 대출금
4036,201709,0010622,동양생명보험주식회사,E,숙박 및 음식점업,330403231000,외국생보사,B,SH122,업종별 대출금
4037,201709,0010622,동양생명보험주식회사,F,"출판, 영상, 방송통신 및 정보서비스업",14229302000,외국생보사,B,SH122,업종별 대출금
4038,201709,0010622,동양생명보험주식회사,G,부동산업 및 임대업,442051333000,외국생보사,B,SH122,업종별 대출금
4039,201709,0010622,동양생명보험주식회사,H,기타,884681974000,외국생보사,B,SH122,업종별 대출금
4040,201709,0010622,동양생명보험주식회사,I,계,2743995162000,외국생보사,B,SH122,업종별 대출금
4041,201712,0010622,동양생명보험주식회사,A,"농업, 임업 및 어업",775477000,외국생보사,B,SH122,업종별 대출금
4042,201712,0010622,동양생명보험주식회사,B,제조업,100440990000,외국생보사,B,SH122,업종별 대출금
4043,201712,0010622,동양생명보험주식회사,C,건설업,526822311000,외국생보사,B,SH122,업종별 대출금
4044,201712,0010622,동양생명보험주식회사,D,도매 및 소매업,386293813000,외국생보사,B,SH122,업종별 대출금
4045,201712,0010622,동양생명보험주식회사,E,숙박 및 음식점업,309537510000,외국생보사,B,SH122,업종별 대출금
4046,201712,0010622,동양생명보험주식회사,F,"출판, 영상, 방송통신 및 정보서비스업",14229302000,외국생보사,B,SH122,업종별 대출금
4047,201712,0010622,동양생명보험주식회사,G,부동산업 및 임대업,470636052000,외국생보사,B,SH122,업종별 대출금
4048,201712,0010622,동양생명보험주식회사,H,기타,916686231000,외국생보사,B,SH122,업종별 대출금
4049,201712,0010622,동양생명보험주식회사,I,계,2725421686000,외국생보사,B,SH122,업종별 대출금
4050,201803,0010622,동양생명보험주식회사,A,"농업, 임업 및 어업",773900000,외국생보사,B,SH122,업종별 대출금
4051,201803,0010622,동양생명보험주식회사,B,제조업,100386397000,외국생보사,B,SH122,업종별 대출금
4052,201803,0010622,동양생명보험주식회사,C,건설업,525822759000,외국생보사,B,SH122,업종별 대출금
4053,201803,0010622,동양생명보험주식회사,D,도매 및 소매업,382940591000,외국생보사,B,SH122,업종별 대출금
4054,201803,0010622,동양생명보험주식회사,E,숙박 및 음식점업,308031993000,외국생보사,B,SH122,업종별 대출금
4055,201803,0010622,동양생명보험주식회사,F,"출판, 영상, 방송통신 및 정보서비스업",14229302000,외국생보사,B,SH122,업종별 대출금
4056,201803,0010622,동양생명보험주식회사,G,부동산업 및 임대업,515859437000,외국생보사,B,SH122,업종별 대출금
4057,201803,0010622,동양생명보험주식회사,H,기타,992472743000,외국생보사,B,SH122,업종별 대출금
4058,201803,0010622,동양생명보험주식회사,I,계,2840517122000,외국생보사,B,SH122,업종별 대출금
4059,201806,0010622,동양생명보험주식회사,A,"농업, 임업 및 어업",755334000,외국생보사,B,SH122,업종별 대출금
4060,201806,0010622,동양생명보험주식회사,B,제조업,72342057000,외국생보사,B,SH122,업종별 대출금
4061,201806,0010622,동양생명보험주식회사,C,건설업,542451589000,외국생보사,B,SH122,업종별 대출금
4062,201806,0010622,동양생명보험주식회사,D,도매 및 소매업,67868932000,외국생보사,B,SH122,업종별 대출금
4063,201806,0010622,동양생명보험주식회사,E,숙박 및 음식점업,323059995000,외국생보사,B,SH122,업종별 대출금
4064,201806,0010622,동양생명보험주식회사,F,"출판, 영상, 방송통신 및 정보서비스업",14229302000,외국생보사,B,SH122,업종별 대출금
4065,201806,0010622,동양생명보험주식회사,G,부동산업 및 임대업,544085225000,외국생보사,B,SH122,업종별 대출금
4066,201806,0010622,동양생명보험주식회사,H,기타,1072703467000,외국생보사,B,SH122,업종별 대출금
4067,201806,0010622,동양생명보험주식회사,I,계,2637495901000,외국생보사,B,SH122,업종별 대출금
4068,201809,0010622,동양생명보험주식회사,A,"농업, 임업 및 어업",753626000,외국생보사,B,SH122,업종별 대출금
4069,201809,0010622,동양생명보험주식회사,B,제조업,47298726000,외국생보사,B,SH122,업종별 대출금
4070,201809,0010622,동양생명보험주식회사,C,건설업,502936363000,외국생보사,B,SH122,업종별 대출금
4071,201809,0010622,동양생명보험주식회사,D,도매 및 소매업,67868430000,외국생보사,B,SH122,업종별 대출금
4072,201809,0010622,동양생명보험주식회사,E,숙박 및 음식점업,320433273000,외국생보사,B,SH122,업종별 대출금
4073,201809,0010622,동양생명보험주식회사,F,"출판, 영상, 방송통신 및 정보서비스업",14229302000,외국생보사,B,SH122,업종별 대출금
4074,201809,0010622,동양생명보험주식회사,G,부동산업 및 임대업,550676929000,외국생보사,B,SH122,업종별 대출금
4075,201809,0010622,동양생명보험주식회사,H,기타,1109632098000,외국생보사,B,SH122,업종별 대출금
4076,201809,0010622,동양생명보험주식회사,I,계,2613828747000,외국생보사,B,SH122,업종별 대출금
4077,201812,0010622,동양생명보험주식회사,A,"농업, 임업 및 어업",751849000,외국생보사,B,SH122,업종별 대출금
4078,201812,0010622,동양생명보험주식회사,B,제조업,56864548000,외국생보사,B,SH122,업종별 대출금
4079,201812,0010622,동양생명보험주식회사,C,건설업,523034847000,외국생보사,B,SH122,업종별 대출금
4080,201812,0010622,동양생명보험주식회사,D,도매 및 소매업,66237988000,외국생보사,B,SH122,업종별 대출금
4081,201812,0010622,동양생명보험주식회사,E,숙박 및 음식점업,321765389000,외국생보사,B,SH122,업종별 대출금
4082,201812,0010622,동양생명보험주식회사,F,"출판, 영상, 방송통신 및 정보서비스업",13407466000,외국생보사,B,SH122,업종별 대출금
4083,201812,0010622,동양생명보험주식회사,G,부동산업 및 임대업,674718858000,외국생보사,B,SH122,업종별 대출금
4084,201812,0010622,동양생명보험주식회사,H,기타,1377076229000,외국생보사,B,SH122,업종별 대출금
4085,201812,0010622,동양생명보험주식회사,I,계,3033857174000,외국생보사,B,SH122,업종별 대출금
4086,201903,0010622,동양생명보험주식회사,A,"농업, 임업 및 어업",750000000,외국생보사,B,SH122,업종별 대출금
4087,201903,0010622,동양생명보험주식회사,B,제조업,86837389000,외국생보사,B,SH122,업종별 대출금
4088,201903,0010622,동양생명보험주식회사,C,건설업,570913845000,외국생보사,B,SH122,업종별 대출금
4089,201903,0010622,동양생명보험주식회사,D,도매 및 소매업,63644748000,외국생보사,B,SH122,업종별 대출금
4090,201903,0010622,동양생명보험주식회사,E,숙박 및 음식점업,327031208000,외국생보사,B,SH122,업종별 대출금
4091,201903,0010622,동양생명보험주식회사,F,"출판, 영상, 방송통신 및 정보서비스업",13407466000,외국생보사,B,SH122,업종별 대출금
4092,201903,0010622,동양생명보험주식회사,G,부동산업 및 임대업,892954135000,외국생보사,B,SH122,업종별 대출금
4093,201903,0010622,동양생명보험주식회사,H,기타,1445588210000,외국생보사,B,SH122,업종별 대출금
4094,201903,0010622,동양생명보험주식회사,I,계,3401127001000,외국생보사,B,SH122,업종별 대출금
4095,201906,0010622,동양생명보험주식회사,A,"농업, 임업 및 어업",750000000,외국생보사,B,SH122,업종별 대출금
4096,201906,0010622,동양생명보험주식회사,B,제조업,76836500000,외국생보사,B,SH122,업종별 대출금
4097,201906,0010622,동양생명보험주식회사,C,건설업,601325857000,외국생보사,B,SH122,업종별 대출금
4098,201906,0010622,동양생명보험주식회사,D,도매 및 소매업,79888763000,외국생보사,B,SH122,업종별 대출금
4099,201906,0010622,동양생명보험주식회사,E,숙박 및 음식점업,332098636000,외국생보사,B,SH122,업종별 대출금
4100,201906,0010622,동양생명보험주식회사,F,"출판, 영상, 방송통신 및 정보서비스업",13407466000,외국생보사,B,SH122,업종별 대출금
4101,201906,0010622,동양생명보험주식회사,G,부동산업 및 임대업,952868810000,외국생보사,B,SH122,업종별 대출금
4102,201906,0010622,동양생명보험주식회사,H,기타,1685416106000,외국생보사,B,SH122,업종별 대출금
4103,201906,0010622,동양생명보험주식회사,I,계,3742592138000,외국생보사,B,SH122,업종별 대출금
4104,201909,0010622,동양생명보험주식회사,A,"농업, 임업 및 어업",750000000,외국생보사,B,SH122,업종별 대출금
4105,201909,0010622,동양생명보험주식회사,B,제조업,76836500000,외국생보사,B,SH122,업종별 대출금
4106,201909,0010622,동양생명보험주식회사,C,건설업,681471725000,외국생보사,B,SH122,업종별 대출금
4107,201909,0010622,동양생명보험주식회사,D,도매 및 소매업,77439581000,외국생보사,B,SH122,업종별 대출금
4108,201909,0010622,동양생명보험주식회사,E,숙박 및 음식점업,344179714000,외국생보사,B,SH122,업종별 대출금
4109,201909,0010622,동양생명보험주식회사,F,"출판, 영상, 방송통신 및 정보서비스업",13407466000,외국생보사,B,SH122,업종별 대출금
4110,201909,0010622,동양생명보험주식회사,G,부동산업 및 임대업,1246743038000,외국생보사,B,SH122,업종별 대출금
4111,201909,0010622,동양생명보험주식회사,H,기타,1869407801000,외국생보사,B,SH122,업종별 대출금
4112,201909,0010622,동양생명보험주식회사,I,계,4310235825000,외국생보사,B,SH122,업종별 대출금
4113,201912,0010622,동양생명보험주식회사,A,"농업, 임업 및 어업",750000000,외국생보사,B,SH122,업종별 대출금
4114,201912,0010622,동양생명보험주식회사,B,제조업,90597952000,외국생보사,B,SH122,업종별 대출금
4115,201912,0010622,동양생명보험주식회사,C,건설업,825940976000,외국생보사,B,SH122,업종별 대출금
4116,201912,0010622,동양생명보험주식회사,D,도매 및 소매업,57697042000,외국생보사,B,SH122,업종별 대출금
4117,201912,0010622,동양생명보험주식회사,E,숙박 및 음식점업,332060741000,외국생보사,B,SH122,업종별 대출금
4118,201912,0010622,동양생명보험주식회사,F,"출판, 영상, 방송통신 및 정보서비스업",13407466000,외국생보사,B,SH122,업종별 대출금
4119,201912,0010622,동양생명보험주식회사,G,부동산업 및 임대업,1340371120000,외국생보사,B,SH122,업종별 대출금
4120,201912,0010622,동양생명보험주식회사,H,기타,2051825883000,외국생보사,B,SH122,업종별 대출금
4121,201912,0010622,동양생명보험주식회사,I,계,4712651180000,외국생보사,B,SH122,업종별 대출금
4122,202003,0010622,동양생명보험주식회사,A,"농업, 임업 및 어업",750000000,외국생보사,B,SH122,업종별 대출금
4123,202003,0010622,동양생명보험주식회사,B,제조업,100517952000,외국생보사,B,SH122,업종별 대출금
4124,202003,0010622,동양생명보험주식회사,C,건설업,974345936000,외국생보사,B,SH122,업종별 대출금
4125,202003,0010622,동양생명보험주식회사,D,도매 및 소매업,54845041000,외국생보사,B,SH122,업종별 대출금
4126,202003,0010622,동양생명보험주식회사,E,숙박 및 음식점업,349724190000,외국생보사,B,SH122,업종별 대출금
4127,202003,0010622,동양생명보험주식회사,F,"출판, 영상, 방송통신 및 정보서비스업",53407466000,외국생보사,B,SH122,업종별 대출금
4128,202003,0010622,동양생명보험주식회사,G,부동산업 및 임대업,1518614797000,외국생보사,B,SH122,업종별 대출금
4129,202003,0010622,동양생명보험주식회사,H,기타,2130871066000,외국생보사,B,SH122,업종별 대출금
4130,202003,0010622,동양생명보험주식회사,I,계,5183076448000,외국생보사,B,SH122,업종별 대출금
4131,202006,0010622,동양생명보험주식회사,A,"농업, 임업 및 어업",750000000,외국생보사,B,SH122,업종별 대출금
4132,202006,0010622,동양생명보험주식회사,B,제조업,119332000000,외국생보사,B,SH122,업종별 대출금
4133,202006,0010622,동양생명보험주식회사,C,건설업,1051137508000,외국생보사,B,SH122,업종별 대출금
4134,202006,0010622,동양생명보험주식회사,D,도매 및 소매업,19140880000,외국생보사,B,SH122,업종별 대출금
4135,202006,0010622,동양생명보험주식회사,E,숙박 및 음식점업,343351040000,외국생보사,B,SH122,업종별 대출금
4136,202006,0010622,동양생명보험주식회사,F,"출판, 영상, 방송통신 및 정보서비스업",53407466000,외국생보사,B,SH122,업종별 대출금
4137,202006,0010622,동양생명보험주식회사,G,부동산업 및 임대업,1574385973000,외국생보사,B,SH122,업종별 대출금
4138,202006,0010622,동양생명보험주식회사,H,기타,2248366390000,외국생보사,B,SH122,업종별 대출금
4139,202006,0010622,동양생명보험주식회사,I,계,5409871257000,외국생보사,B,SH122,업종별 대출금
4140,202009,0010622,동양생명보험주식회사,A,"농업, 임업 및 어업",750000000,외국생보사,B,SH122,업종별 대출금
4141,202009,0010622,동양생명보험주식회사,B,제조업,98584719000,외국생보사,B,SH122,업종별 대출금
4142,202009,0010622,동양생명보험주식회사,C,건설업,1046810295000,외국생보사,B,SH122,업종별 대출금
4143,202009,0010622,동양생명보험주식회사,D,도매 및 소매업,18695037000,외국생보사,B,SH122,업종별 대출금
4144,202009,0010622,동양생명보험주식회사,E,숙박 및 음식점업,335709788000,외국생보사,B,SH122,업종별 대출금
4145,202009,0010622,동양생명보험주식회사,F,"출판, 영상, 방송통신 및 정보서비스업",52719886000,외국생보사,B,SH122,업종별 대출금
4146,202009,0010622,동양생명보험주식회사,G,부동산업 및 임대업,1716717867000,외국생보사,B,SH122,업종별 대출금
4147,202009,0010622,동양생명보험주식회사,H,기타,2421859297000,외국생보사,B,SH122,업종별 대출금
4148,202009,0010622,동양생명보험주식회사,I,계,5691846889000,외국생보사,B,SH122,업종별 대출금
4149,202012,0010622,동양생명보험주식회사,A,"농업, 임업 및 어업",750000000,외국생보사,B,SH122,업종별 대출금
4150,202012,0010622,동양생명보험주식회사,B,제조업,101150327000,외국생보사,B,SH122,업종별 대출금
4151,202012,0010622,동양생명보험주식회사,C,건설업,1104381757000,외국생보사,B,SH122,업종별 대출금
4152,202012,0010622,동양생명보험주식회사,D,도매 및 소매업,18633895000,외국생보사,B,SH122,업종별 대출금
4153,202012,0010622,동양생명보험주식회사,E,숙박 및 음식점업,312040270000,외국생보사,B,SH122,업종별 대출금
4154,202012,0010622,동양생명보험주식회사,F,"출판, 영상, 방송통신 및 정보서비스업",52719886000,외국생보사,B,SH122,업종별 대출금
4155,202012,0010622,동양생명보험주식회사,G,부동산업 및 임대업,2011187641000,외국생보사,B,SH122,업종별 대출금
4156,202012,0010622,동양생명보험주식회사,H,기타,2532113866000,외국생보사,B,SH122,업종별 대출금
4157,202012,0010622,동양생명보험주식회사,I,계,6132977642000,외국생보사,B,SH122,업종별 대출금
4158,202103,0010622,동양생명보험주식회사,A,"농업, 임업 및 어업",750000000,외국생보사,B,SH122,업종별 대출금
4159,202103,0010622,동양생명보험주식회사,B,제조업,101137580000,외국생보사,B,SH122,업종별 대출금
4160,202103,0010622,동양생명보험주식회사,C,건설업,1089692315000,외국생보사,B,SH122,업종별 대출금
4161,202103,0010622,동양생명보험주식회사,D,도매 및 소매업,18318896000,외국생보사,B,SH122,업종별 대출금
4162,202103,0010622,동양생명보험주식회사,E,숙박 및 음식점업,324388274000,외국생보사,B,SH122,업종별 대출금
4163,202103,0010622,동양생명보험주식회사,F,"출판, 영상, 방송통신 및 정보서비스업",52719886000,외국생보사,B,SH122,업종별 대출금
4164,202103,0010622,동양생명보험주식회사,G,부동산업 및 임대업,1801681889000,외국생보사,B,SH122,업종별 대출금
4165,202103,0010622,동양생명보험주식회사,H,기타,2600271493000,외국생보사,B,SH122,업종별 대출금
4166,202103,0010622,동양생명보험주식회사,I,계,5988960333000,외국생보사,B,SH122,업종별 대출금
4167,202106,0010622,동양생명보험주식회사,A,"농업, 임업 및 어업",750000000,외국생보사,B,SH122,업종별 대출금
4168,202106,0010622,동양생명보험주식회사,B,제조업,89197042000,외국생보사,B,SH122,업종별 대출금
4169,202106,0010622,동양생명보험주식회사,C,건설업,1104665088000,외국생보사,B,SH122,업종별 대출금
4170,202106,0010622,동양생명보험주식회사,D,도매 및 소매업,18318896000,외국생보사,B,SH122,업종별 대출금
4171,202106,0010622,동양생명보험주식회사,E,숙박 및 음식점업,323252736000,외국생보사,B,SH122,업종별 대출금
4172,202106,0010622,동양생명보험주식회사,F,"출판, 영상, 방송통신 및 정보서비스업",32719886000,외국생보사,B,SH122,업종별 대출금
4173,202106,0010622,동양생명보험주식회사,G,부동산업 및 임대업,1976451305000,외국생보사,B,SH122,업종별 대출금
4174,202106,0010622,동양생명보험주식회사,H,기타,2795625288000,외국생보사,B,SH122,업종별 대출금
4175,202106,0010622,동양생명보험주식회사,I,계,6340980241000,외국생보사,B,SH122,업종별 대출금
4176,202109,0010622,동양생명보험주식회사,A,"농업, 임업 및 어업",750000000,외국생보사,B,SH122,업종별 대출금
4177,202109,0010622,동양생명보험주식회사,B,제조업,56064086000,외국생보사,B,SH122,업종별 대출금
4178,202109,0010622,동양생명보험주식회사,C,건설업,1123521535000,외국생보사,B,SH122,업종별 대출금
4179,202109,0010622,동양생명보험주식회사,D,도매 및 소매업,18318896000,외국생보사,B,SH122,업종별 대출금
4180,202109,0010622,동양생명보험주식회사,E,숙박 및 음식점업,338180206000,외국생보사,B,SH122,업종별 대출금
4181,202109,0010622,동양생명보험주식회사,F,"출판, 영상, 방송통신 및 정보서비스업",11054874000,외국생보사,B,SH122,업종별 대출금
4182,202109,0010622,동양생명보험주식회사,G,부동산업 및 임대업,1961816237000,외국생보사,B,SH122,업종별 대출금
4183,202109,0010622,동양생명보험주식회사,H,기타,2698070849000,외국생보사,B,SH122,업종별 대출금
4184,202109,0010622,동양생명보험주식회사,I,계,6207776683000,외국생보사,B,SH122,업종별 대출금
4185,202112,0010622,동양생명보험주식회사,A,"농업, 임업 및 어업",750000000,외국생보사,B,SH122,업종별 대출금
4186,202112,0010622,동양생명보험주식회사,B,제조업,47519972000,외국생보사,B,SH122,업종별 대출금
4187,202112,0010622,동양생명보험주식회사,C,건설업,1053950951000,외국생보사,B,SH122,업종별 대출금
4188,202112,0010622,동양생명보험주식회사,D,도매 및 소매업,18318896000,외국생보사,B,SH122,업종별 대출금
4189,202112,0010622,동양생명보험주식회사,E,숙박 및 음식점업,62163638000,외국생보사,B,SH122,업종별 대출금
4190,202112,0010622,동양생명보험주식회사,F,"출판, 영상, 방송통신 및 정보서비스업",11054874000,외국생보사,B,SH122,업종별 대출금
4191,202112,0010622,동양생명보험주식회사,G,부동산업 및 임대업,1965105601000,외국생보사,B,SH122,업종별 대출금
4192,202112,0010622,동양생명보험주식회사,H,기타,2760677661000,외국생보사,B,SH122,업종별 대출금
4193,202112,0010622,동양생명보험주식회사,I,계,5919541593000,외국생보사,B,SH122,업종별 대출금
4194,202203,0010622,동양생명보험주식회사,A,"농업, 임업 및 어업",750000000,외국생보사,B,SH122,업종별 대출금
4195,202203,0010622,동양생명보험주식회사,B,제조업,40098364000,외국생보사,B,SH122,업종별 대출금
4196,202203,0010622,동양생명보험주식회사,C,건설업,1081939496000,외국생보사,B,SH122,업종별 대출금
4197,202203,0010622,동양생명보험주식회사,D,도매 및 소매업,18318896000,외국생보사,B,SH122,업종별 대출금
4198,202203,0010622,동양생명보험주식회사,E,숙박 및 음식점업,61995260000,외국생보사,B,SH122,업종별 대출금
4199,202203,0010622,동양생명보험주식회사,F,"출판, 영상, 방송통신 및 정보서비스업",11054874000,외국생보사,B,SH122,업종별 대출금
4200,202203,0010622,동양생명보험주식회사,G,부동산업 및 임대업,2132317993000,외국생보사,B,SH122,업종별 대출금
4201,202203,0010622,동양생명보험주식회사,H,기타,3263869702000,외국생보사,B,SH122,업종별 대출금
4202,202203,0010622,동양생명보험주식회사,I,계,6610344585000,외국생보사,B,SH122,업종별 대출금
4203,202206,0010622,동양생명보험주식회사,A,"농업, 임업 및 어업",750000000,외국생보사,B,SH122,업종별 대출금
4204,202206,0010622,동양생명보험주식회사,B,제조업,33448364000,외국생보사,B,SH122,업종별 대출금
4205,202206,0010622,동양생명보험주식회사,C,건설업,1089461964000,외국생보사,B,SH122,업종별 대출금
4206,202206,0010622,동양생명보험주식회사,D,도매 및 소매업,18318896000,외국생보사,B,SH122,업종별 대출금
4207,202206,0010622,동양생명보험주식회사,E,숙박 및 음식점업,61820016000,외국생보사,B,SH122,업종별 대출금
4208,202206,0010622,동양생명보험주식회사,F,"출판, 영상, 방송통신 및 정보서비스업",11054874000,외국생보사,B,SH122,업종별 대출금
4209,202206,0010622,동양생명보험주식회사,G,부동산업 및 임대업,2166633586000,외국생보사,B,SH122,업종별 대출금
4210,202206,0010622,동양생명보험주식회사,H,기타,3525583908000,외국생보사,B,SH122,업종별 대출금
4211,202206,0010622,동양생명보험주식회사,I,계,6907071608000,외국생보사,B,SH122,업종별 대출금
4212,202209,0010622,동양생명보험주식회사,A,"농업, 임업 및 어업",750000000,외국생보사,B,SH122,업종별 대출금
4213,202209,0010622,동양생명보험주식회사,B,제조업,29746872000,외국생보사,B,SH122,업종별 대출금
4214,202209,0010622,동양생명보험주식회사,C,건설업,1020918575000,외국생보사,B,SH122,업종별 대출금
4215,202209,0010622,동양생명보험주식회사,D,도매 및 소매업,18318896000,외국생보사,B,SH122,업종별 대출금
4216,202209,0010622,동양생명보험주식회사,E,숙박 및 음식점업,61646343000,외국생보사,B,SH122,업종별 대출금
4217,202209,0010622,동양생명보험주식회사,F,"출판, 영상, 방송통신 및 정보서비스업",10353213000,외국생보사,B,SH122,업종별 대출금
4218,202209,0010622,동양생명보험주식회사,G,부동산업 및 임대업,2022767917000,외국생보사,B,SH122,업종별 대출금
4219,202209,0010622,동양생명보험주식회사,H,기타,3466766475000,외국생보사,B,SH122,업종별 대출금
4220,202209,0010622,동양생명보험주식회사,I,계,6631268291000,외국생보사,B,SH122,업종별 대출금
4221,202212,0010622,동양생명보험주식회사,A,"농업, 임업 및 어업",750000000,외국생보사,B,SH122,업종별 대출금
4222,202212,0010622,동양생명보험주식회사,B,제조업,33483423000,외국생보사,B,SH122,업종별 대출금
4223,202212,0010622,동양생명보험주식회사,C,건설업,978157977000,외국생보사,B,SH122,업종별 대출금
4224,202212,0010622,동양생명보험주식회사,D,도매 및 소매업,18318896000,외국생보사,B,SH122,업종별 대출금
4225,202212,0010622,동양생명보험주식회사,E,숙박 및 음식점업,61475080000,외국생보사,B,SH122,업종별 대출금
4226,202212,0010622,동양생명보험주식회사,F,"출판, 영상, 방송통신 및 정보서비스업",10353213000,외국생보사,B,SH122,업종별 대출금
4227,202212,0010622,동양생명보험주식회사,G,부동산업 및 임대업,2110634835000,외국생보사,B,SH122,업종별 대출금
4228,202212,0010622,동양생명보험주식회사,H,기타,3299071369000,외국생보사,B,SH122,업종별 대출금
4229,202212,0010622,동양생명보험주식회사,I,계,6512244793000,외국생보사,B,SH122,업종별 대출금
4230,202303,0010622,동양생명보험주식회사,A,"농업, 임업 및 어업",750000000,외국생보사,B,SH122,업종별 대출금
4231,202303,0010622,동양생명보험주식회사,B,제조업,25421025000,외국생보사,B,SH122,업종별 대출금
4232,202303,0010622,동양생명보험주식회사,C,건설업,1000000397000,외국생보사,B,SH122,업종별 대출금
4233,202303,0010622,동양생명보험주식회사,D,도매 및 소매업,17500619000,외국생보사,B,SH122,업종별 대출금
4234,202303,0010622,동양생명보험주식회사,E,숙박 및 음식점업,60798059000,외국생보사,B,SH122,업종별 대출금
4235,202303,0010622,동양생명보험주식회사,F,"출판, 영상, 방송통신 및 정보서비스업",10353213000,외국생보사,B,SH122,업종별 대출금
4236,202303,0010622,동양생명보험주식회사,G,부동산업 및 임대업,2217425926000,외국생보사,B,SH122,업종별 대출금
4237,202303,0010622,동양생명보험주식회사,H,기타,3310415391000,외국생보사,B,SH122,업종별 대출금
4238,202303,0010622,동양생명보험주식회사,I,계,6642664630000,외국생보사,B,SH122,업종별 대출금
4239,202306,0010622,동양생명보험주식회사,A,"농업, 임업 및 어업",750000000,외국생보사,B,SH122,업종별 대출금
4240,202306,0010622,동양생명보험주식회사,B,제조업,31521025000,외국생보사,B,SH122,업종별 대출금
4241,202306,0010622,동양생명보험주식회사,C,건설업,1009017335000,외국생보사,B,SH122,업종별 대출금
4242,202306,0010622,동양생명보험주식회사,D,도매 및 소매업,17500619000,외국생보사,B,SH122,업종별 대출금
4243,202306,0010622,동양생명보험주식회사,E,숙박 및 음식점업,60120678000,외국생보사,B,SH122,업종별 대출금
4244,202306,0010622,동양생명보험주식회사,F,"출판, 영상, 방송통신 및 정보서비스업",10353213000,외국생보사,B,SH122,업종별 대출금
4245,202306,0010622,동양생명보험주식회사,G,부동산업 및 임대업,2000548106000,외국생보사,B,SH122,업종별 대출금
4246,202306,0010622,동양생명보험주식회사,H,기타,3232454101000,외국생보사,B,SH122,업종별 대출금
4247,202306,0010622,동양생명보험주식회사,I,계,6362265077000,외국생보사,B,SH122,업종별 대출금
4248,202309,0010622,동양생명보험주식회사,A,"농업, 임업 및 어업",750000000,외국생보사,B,SH122,업종별 대출금
4249,202309,0010622,동양생명보험주식회사,B,제조업,40321025000,외국생보사,B,SH122,업종별 대출금
4250,202309,0010622,동양생명보험주식회사,C,건설업,1001347542000,외국생보사,B,SH122,업종별 대출금
4251,202309,0010622,동양생명보험주식회사,D,도매 및 소매업,17391776000,외국생보사,B,SH122,업종별 대출금
4252,202309,0010622,동양생명보험주식회사,E,숙박 및 음식점업,59442037000,외국생보사,B,SH122,업종별 대출금
4253,202309,0010622,동양생명보험주식회사,F,"출판, 영상, 방송통신 및 정보서비스업",9665633000,외국생보사,B,SH122,업종별 대출금
4254,202309,0010622,동양생명보험주식회사,G,부동산업 및 임대업,1932180489000,외국생보사,B,SH122,업종별 대출금
4255,202309,0010622,동양생명보험주식회사,H,기타,3094014655000,외국생보사,B,SH122,업종별 대출금
4256,202309,0010622,동양생명보험주식회사,I,계,6155113157000,외국생보사,B,SH122,업종별 대출금
4257,202312,0010622,동양생명보험주식회사,A,"농업, 임업 및 어업",0,외국생보사,B,SH122,업종별 대출금
4258,202312,0010622,동양생명보험주식회사,B,제조업,52469025000,외국생보사,B,SH122,업종별 대출금
4259,202312,0010622,동양생명보험주식회사,C,건설업,1005269001000,외국생보사,B,SH122,업종별 대출금
4260,202312,0010622,동양생명보험주식회사,D,도매 및 소매업,17391776000,외국생보사,B,SH122,업종별 대출금
4261,202312,0010622,동양생명보험주식회사,E,숙박 및 음식점업,54453839000,외국생보사,B,SH122,업종별 대출금
4262,202312,0010622,동양생명보험주식회사,F,"출판, 영상, 방송통신 및 정보서비스업",9665633000,외국생보사,B,SH122,업종별 대출금
4263,202312,0010622,동양생명보험주식회사,G,부동산업 및 임대업,1833884000000,외국생보사,B,SH122,업종별 대출금
4264,202312,0010622,동양생명보험주식회사,H,기타,3078488668000,외국생보사,B,SH122,업종별 대출금
4265,202312,0010622,동양생명보험주식회사,I,계,6051621942000,외국생보사,B,SH122,업종별 대출금
4266,202403,0010622,동양생명보험주식회사,A,"농업, 임업 및 어업",0,외국생보사,B,SH122,업종별 대출금
4267,202403,0010622,동양생명보험주식회사,B,제조업,51106627000,외국생보사,B,SH122,업종별 대출금
4268,202403,0010622,동양생명보험주식회사,C,건설업,1023621579000,외국생보사,B,SH122,업종별 대출금
4269,202403,0010622,동양생명보험주식회사,D,도매 및 소매업,17391776000,외국생보사,B,SH122,업종별 대출금
4270,202403,0010622,동양생명보험주식회사,E,숙박 및 음식점업,54271821000,외국생보사,B,SH122,업종별 대출금
4271,202403,0010622,동양생명보험주식회사,F,"출판, 영상, 방송통신 및 정보서비스업",9665633000,외국생보사,B,SH122,업종별 대출금
4272,202403,0010622,동양생명보험주식회사,G,부동산업 및 임대업,1891511533000,외국생보사,B,SH122,업종별 대출금
4273,202403,0010622,동양생명보험주식회사,H,기타,3184281139000,외국생보사,B,SH122,업종별 대출금
4274,202403,0010622,동양생명보험주식회사,I,계,6231850108000,외국생보사,B,SH122,업종별 대출금
4275,202406,0010622,동양생명보험주식회사,A,"농업, 임업 및 어업",0,외국생보사,B,SH122,업종별 대출금
4276,202406,0010622,동양생명보험주식회사,B,제조업,9847149000,외국생보사,B,SH122,업종별 대출금
4277,202406,0010622,동양생명보험주식회사,C,건설업,896148590000,외국생보사,B,SH122,업종별 대출금
4278,202406,0010622,동양생명보험주식회사,D,도매 및 소매업,17371278000,외국생보사,B,SH122,업종별 대출금
4279,202406,0010622,동양생명보험주식회사,E,숙박 및 음식점업,57500523000,외국생보사,B,SH122,업종별 대출금
4280,202406,0010622,동양생명보험주식회사,F,"출판, 영상, 방송통신 및 정보서비스업",75000633000,외국생보사,B,SH122,업종별 대출금
4281,202406,0010622,동양생명보험주식회사,G,부동산업 및 임대업,2109442687000,외국생보사,B,SH122,업종별 대출금
4282,202406,0010622,동양생명보험주식회사,H,기타,3161897655000,외국생보사,B,SH122,업종별 대출금
4283,202406,0010622,동양생명보험주식회사,I,계,6327208515000,외국생보사,B,SH122,업종별 대출금
4284,202409,0010622,동양생명보험주식회사,A,"농업, 임업 및 어업",0,외국생보사,B,SH122,업종별 대출금
4285,202409,0010622,동양생명보험주식회사,B,제조업,9837536000,외국생보사,B,SH122,업종별 대출금
4286,202409,0010622,동양생명보험주식회사,C,건설업,758701006000,외국생보사,B,SH122,업종별 대출금
4287,202409,0010622,동양생명보험주식회사,D,도매 및 소매업,17371278000,외국생보사,B,SH122,업종별 대출금
4288,202409,0010622,동양생명보험주식회사,E,숙박 및 음식점업,50216752000,외국생보사,B,SH122,업종별 대출금
4289,202409,0010622,동양생명보험주식회사,F,"출판, 영상, 방송통신 및 정보서비스업",80372052000,외국생보사,B,SH122,업종별 대출금
4290,202409,0010622,동양생명보험주식회사,G,부동산업 및 임대업,2122280213000,외국생보사,B,SH122,업종별 대출금
4291,202409,0010622,동양생명보험주식회사,H,기타,2937876263000,외국생보사,B,SH122,업종별 대출금
4292,202409,0010622,동양생명보험주식회사,I,계,5976655100000,외국생보사,B,SH122,업종별 대출금
4293,202412,0010622,동양생명보험주식회사,A,"농업, 임업 및 어업",0,외국생보사,B,SH122,업종별 대출금
4294,202412,0010622,동양생명보험주식회사,B,제조업,4000000000,외국생보사,B,SH122,업종별 대출금
4295,202412,0010622,동양생명보험주식회사,C,건설업,653837740000,외국생보사,B,SH122,업종별 대출금
4296,202412,0010622,동양생명보험주식회사,D,도매 및 소매업,12039350000,외국생보사,B,SH122,업종별 대출금
4297,202412,0010622,동양생명보험주식회사,E,숙박 및 음식점업,49220274000,외국생보사,B,SH122,업종별 대출금
4298,202412,0010622,동양생명보험주식회사,F,"출판, 영상, 방송통신 및 정보서비스업",81431052000,외국생보사,B,SH122,업종별 대출금
4299,202412,0010622,동양생명보험주식회사,G,부동산업 및 임대업,2092720044000,외국생보사,B,SH122,업종별 대출금
4300,202412,0010622,동양생명보험주식회사,H,기타,2963691777000,외국생보사,B,SH122,업종별 대출금
4301,202412,0010622,동양생명보험주식회사,I,계,5856940237000,외국생보사,B,SH122,업종별 대출금
4302,202503,0010622,동양생명보험주식회사,A,"농업, 임업 및 어업",0,외국생보사,B,SH122,업종별 대출금
4303,202503,0010622,동양생명보험주식회사,B,제조업,4000000000,외국생보사,B,SH122,업종별 대출금
4304,202503,0010622,동양생명보험주식회사,C,건설업,435751508000,외국생보사,B,SH122,업종별 대출금
4305,202503,0010622,동양생명보험주식회사,D,도매 및 소매업,12039350000,외국생보사,B,SH122,업종별 대출금
4306,202503,0010622,동양생명보험주식회사,E,숙박 및 음식점업,44965678000,외국생보사,B,SH122,업종별 대출금
4307,202503,0010622,동양생명보험주식회사,F,"출판, 영상, 방송통신 및 정보서비스업",81978052000,외국생보사,B,SH122,업종별 대출금
4308,202503,0010622,동양생명보험주식회사,G,부동산업 및 임대업,1913733972000,외국생보사,B,SH122,업종별 대출금
4309,202503,0010622,동양생명보험주식회사,H,기타,2981064295000,외국생보사,B,SH122,업종별 대출금
4310,202503,0010622,동양생명보험주식회사,I,계,5473532855000,외국생보사,B,SH122,업종별 대출금
4311,201703,0011434,라이나생명보험주식회사,A,"농업, 임업 및 어업",0,외국생보사,B,SH122,업종별 대출금
4312,201703,0011434,라이나생명보험주식회사,B,제조업,0,외국생보사,B,SH122,업종별 대출금
4313,201703,0011434,라이나생명보험주식회사,C,건설업,10944000,외국생보사,B,SH122,업종별 대출금
4314,201703,0011434,라이나생명보험주식회사,D,도매 및 소매업,0,외국생보사,B,SH122,업종별 대출금
4315,201703,0011434,라이나생명보험주식회사,E,숙박 및 음식점업,0,외국생보사,B,SH122,업종별 대출금
4316,201703,0011434,라이나생명보험주식회사,F,"출판, 영상, 방송통신 및 정보서비스업",0,외국생보사,B,SH122,업종별 대출금
4317,201703,0011434,라이나생명보험주식회사,G,부동산업 및 임대업,0,외국생보사,B,SH122,업종별 대출금
4318,201703,0011434,라이나생명보험주식회사,H,기타,0,외국생보사,B,SH122,업종별 대출금
4319,201703,0011434,라이나생명보험주식회사,I,계,10944000,외국생보사,B,SH122,업종별 대출금
4320,201909,0011434,라이나생명보험주식회사,A,"농업, 임업 및 어업",0,외국생보사,B,SH122,업종별 대출금
4321,201909,0011434,라이나생명보험주식회사,B,제조업,0,외국생보사,B,SH122,업종별 대출금
4322,201909,0011434,라이나생명보험주식회사,C,건설업,0,외국생보사,B,SH122,업종별 대출금
4323,201909,0011434,라이나생명보험주식회사,D,도매 및 소매업,0,외국생보사,B,SH122,업종별 대출금
4324,201909,0011434,라이나생명보험주식회사,E,숙박 및 음식점업,0,외국생보사,B,SH122,업종별 대출금
4325,201909,0011434,라이나생명보험주식회사,F,"출판, 영상, 방송통신 및 정보서비스업",0,외국생보사,B,SH122,업종별 대출금
4326,201909,0011434,라이나생명보험주식회사,G,부동산업 및 임대업,0,외국생보사,B,SH122,업종별 대출금
4327,201909,0011434,라이나생명보험주식회사,H,기타,0,외국생보사,B,SH122,업종별 대출금
4328,201909,0011434,라이나생명보험주식회사,I,계,0,외국생보사,B,SH122,업종별 대출금
4329,201912,0011434,라이나생명보험주식회사,A,"농업, 임업 및 어업",0,외국생보사,B,SH122,업종별 대출금
4330,201912,0011434,라이나생명보험주식회사,B,제조업,0,외국생보사,B,SH122,업종별 대출금
4331,201912,0011434,라이나생명보험주식회사,C,건설업,0,외국생보사,B,SH122,업종별 대출금
4332,201912,0011434,라이나생명보험주식회사,D,도매 및 소매업,0,외국생보사,B,SH122,업종별 대출금
4333,201912,0011434,라이나생명보험주식회사,E,숙박 및 음식점업,0,외국생보사,B,SH122,업종별 대출금
4334,201912,0011434,라이나생명보험주식회사,F,"출판, 영상, 방송통신 및 정보서비스업",0,외국생보사,B,SH122,업종별 대출금
4335,201912,0011434,라이나생명보험주식회사,G,부동산업 및 임대업,0,외국생보사,B,SH122,업종별 대출금
4336,201912,0011434,라이나생명보험주식회사,H,기타,0,외국생보사,B,SH122,업종별 대출금
4337,201912,0011434,라이나생명보험주식회사,I,계,0,외국생보사,B,SH122,업종별 대출금
4338,202003,0011434,라이나생명보험주식회사,A,"농업, 임업 및 어업",0,외국생보사,B,SH122,업종별 대출금
4339,202003,0011434,라이나생명보험주식회사,B,제조업,0,외국생보사,B,SH122,업종별 대출금
4340,202003,0011434,라이나생명보험주식회사,C,건설업,0,외국생보사,B,SH122,업종별 대출금
4341,202003,0011434,라이나생명보험주식회사,D,도매 및 소매업,0,외국생보사,B,SH122,업종별 대출금
4342,202003,0011434,라이나생명보험주식회사,E,숙박 및 음식점업,0,외국생보사,B,SH122,업종별 대출금
4343,202003,0011434,라이나생명보험주식회사,F,"출판, 영상, 방송통신 및 정보서비스업",0,외국생보사,B,SH122,업종별 대출금
4344,202003,0011434,라이나생명보험주식회사,G,부동산업 및 임대업,0,외국생보사,B,SH122,업종별 대출금
4345,202003,0011434,라이나생명보험주식회사,H,기타,0,외국생보사,B,SH122,업종별 대출금
4346,202003,0011434,라이나생명보험주식회사,I,계,0,외국생보사,B,SH122,업종별 대출금
4347,202006,0011434,라이나생명보험주식회사,A,"농업, 임업 및 어업",0,외국생보사,B,SH122,업종별 대출금
4348,202006,0011434,라이나생명보험주식회사,B,제조업,0,외국생보사,B,SH122,업종별 대출금
4349,202006,0011434,라이나생명보험주식회사,C,건설업,0,외국생보사,B,SH122,업종별 대출금
4350,202006,0011434,라이나생명보험주식회사,D,도매 및 소매업,0,외국생보사,B,SH122,업종별 대출금
4351,202006,0011434,라이나생명보험주식회사,E,숙박 및 음식점업,0,외국생보사,B,SH122,업종별 대출금
4352,202006,0011434,라이나생명보험주식회사,F,"출판, 영상, 방송통신 및 정보서비스업",0,외국생보사,B,SH122,업종별 대출금
4353,202006,0011434,라이나생명보험주식회사,G,부동산업 및 임대업,0,외국생보사,B,SH122,업종별 대출금
4354,202006,0011434,라이나생명보험주식회사,H,기타,0,외국생보사,B,SH122,업종별 대출금
4355,202006,0011434,라이나생명보험주식회사,I,계,0,외국생보사,B,SH122,업종별 대출금
4356,202009,0011434,라이나생명보험주식회사,A,"농업, 임업 및 어업",0,외국생보사,B,SH122,업종별 대출금
4357,202009,0011434,라이나생명보험주식회사,B,제조업,0,외국생보사,B,SH122,업종별 대출금
4358,202009,0011434,라이나생명보험주식회사,C,건설업,0,외국생보사,B,SH122,업종별 대출금
4359,202009,0011434,라이나생명보험주식회사,D,도매 및 소매업,0,외국생보사,B,SH122,업종별 대출금
4360,202009,0011434,라이나생명보험주식회사,E,숙박 및 음식점업,0,외국생보사,B,SH122,업종별 대출금
4361,202009,0011434,라이나생명보험주식회사,F,"출판, 영상, 방송통신 및 정보서비스업",0,외국생보사,B,SH122,업종별 대출금
4362,202009,0011434,라이나생명보험주식회사,G,부동산업 및 임대업,0,외국생보사,B,SH122,업종별 대출금
4363,202009,0011434,라이나생명보험주식회사,H,기타,0,외국생보사,B,SH122,업종별 대출금
4364,202009,0011434,라이나생명보험주식회사,I,계,0,외국생보사,B,SH122,업종별 대출금
4365,202012,0011434,라이나생명보험주식회사,A,"농업, 임업 및 어업",0,외국생보사,B,SH122,업종별 대출금
4366,202012,0011434,라이나생명보험주식회사,B,제조업,0,외국생보사,B,SH122,업종별 대출금
4367,202012,0011434,라이나생명보험주식회사,C,건설업,0,외국생보사,B,SH122,업종별 대출금
4368,202012,0011434,라이나생명보험주식회사,D,도매 및 소매업,0,외국생보사,B,SH122,업종별 대출금
4369,202012,0011434,라이나생명보험주식회사,E,숙박 및 음식점업,0,외국생보사,B,SH122,업종별 대출금
4370,202012,0011434,라이나생명보험주식회사,F,"출판, 영상, 방송통신 및 정보서비스업",0,외국생보사,B,SH122,업종별 대출금
4371,202012,0011434,라이나생명보험주식회사,G,부동산업 및 임대업,0,외국생보사,B,SH122,업종별 대출금
4372,202012,0011434,라이나생명보험주식회사,H,기타,0,외국생보사,B,SH122,업종별 대출금
4373,202012,0011434,라이나생명보험주식회사,I,계,0,외국생보사,B,SH122,업종별 대출금
4374,201703,0010620,메트라이프생명보험(주),A,"농업, 임업 및 어업",0,외국생보사,B,SH122,업종별 대출금
4375,201703,0010620,메트라이프생명보험(주),B,제조업,0,외국생보사,B,SH122,업종별 대출금
4376,201703,0010620,메트라이프생명보험(주),C,건설업,89877807000,외국생보사,B,SH122,업종별 대출금
4377,201703,0010620,메트라이프생명보험(주),D,도매 및 소매업,0,외국생보사,B,SH122,업종별 대출금
4378,201703,0010620,메트라이프생명보험(주),E,숙박 및 음식점업,0,외국생보사,B,SH122,업종별 대출금
4379,201703,0010620,메트라이프생명보험(주),F,"출판, 영상, 방송통신 및 정보서비스업",30000000000,외국생보사,B,SH122,업종별 대출금
4380,201703,0010620,메트라이프생명보험(주),G,부동산업 및 임대업,102383226000,외국생보사,B,SH122,업종별 대출금
4381,201703,0010620,메트라이프생명보험(주),H,기타,353496403000,외국생보사,B,SH122,업종별 대출금
4382,201703,0010620,메트라이프생명보험(주),I,계,575757436000,외국생보사,B,SH122,업종별 대출금
4383,201706,0010620,메트라이프생명보험(주),A,"농업, 임업 및 어업",0,외국생보사,B,SH122,업종별 대출금
4384,201706,0010620,메트라이프생명보험(주),B,제조업,0,외국생보사,B,SH122,업종별 대출금
4385,201706,0010620,메트라이프생명보험(주),C,건설업,89000102000,외국생보사,B,SH122,업종별 대출금
4386,201706,0010620,메트라이프생명보험(주),D,도매 및 소매업,0,외국생보사,B,SH122,업종별 대출금
4387,201706,0010620,메트라이프생명보험(주),E,숙박 및 음식점업,0,외국생보사,B,SH122,업종별 대출금
4388,201706,0010620,메트라이프생명보험(주),F,"출판, 영상, 방송통신 및 정보서비스업",30000000000,외국생보사,B,SH122,업종별 대출금
4389,201706,0010620,메트라이프생명보험(주),G,부동산업 및 임대업,112079741000,외국생보사,B,SH122,업종별 대출금
4390,201706,0010620,메트라이프생명보험(주),H,기타,360627541000,외국생보사,B,SH122,업종별 대출금
4391,201706,0010620,메트라이프생명보험(주),I,계,591707384000,외국생보사,B,SH122,업종별 대출금
4392,201709,0010620,메트라이프생명보험(주),A,"농업, 임업 및 어업",0,외국생보사,B,SH122,업종별 대출금
4393,201709,0010620,메트라이프생명보험(주),B,제조업,0,외국생보사,B,SH122,업종별 대출금
4394,201709,0010620,메트라이프생명보험(주),C,건설업,94928340000,외국생보사,B,SH122,업종별 대출금
4395,201709,0010620,메트라이프생명보험(주),D,도매 및 소매업,0,외국생보사,B,SH122,업종별 대출금
4396,201709,0010620,메트라이프생명보험(주),E,숙박 및 음식점업,0,외국생보사,B,SH122,업종별 대출금
4397,201709,0010620,메트라이프생명보험(주),F,"출판, 영상, 방송통신 및 정보서비스업",30000000000,외국생보사,B,SH122,업종별 대출금
4398,201709,0010620,메트라이프생명보험(주),G,부동산업 및 임대업,124388697000,외국생보사,B,SH122,업종별 대출금
4399,201709,0010620,메트라이프생명보험(주),H,기타,396035315000,외국생보사,B,SH122,업종별 대출금
4400,201709,0010620,메트라이프생명보험(주),I,계,645352352000,외국생보사,B,SH122,업종별 대출금
4401,201712,0010620,메트라이프생명보험(주),A,"농업, 임업 및 어업",0,외국생보사,B,SH122,업종별 대출금
4402,201712,0010620,메트라이프생명보험(주),B,제조업,0,외국생보사,B,SH122,업종별 대출금
4403,201712,0010620,메트라이프생명보험(주),C,건설업,97686716000,외국생보사,B,SH122,업종별 대출금
4404,201712,0010620,메트라이프생명보험(주),D,도매 및 소매업,0,외국생보사,B,SH122,업종별 대출금
4405,201712,0010620,메트라이프생명보험(주),E,숙박 및 음식점업,0,외국생보사,B,SH122,업종별 대출금
4406,201712,0010620,메트라이프생명보험(주),F,"출판, 영상, 방송통신 및 정보서비스업",30000000000,외국생보사,B,SH122,업종별 대출금
4407,201712,0010620,메트라이프생명보험(주),G,부동산업 및 임대업,129433248000,외국생보사,B,SH122,업종별 대출금
4408,201712,0010620,메트라이프생명보험(주),H,기타,376229940000,외국생보사,B,SH122,업종별 대출금
4409,201712,0010620,메트라이프생명보험(주),I,계,633349904000,외국생보사,B,SH122,업종별 대출금
4410,201803,0010620,메트라이프생명보험(주),A,"농업, 임업 및 어업",0,외국생보사,B,SH122,업종별 대출금
4411,201803,0010620,메트라이프생명보험(주),B,제조업,0,외국생보사,B,SH122,업종별 대출금
4412,201803,0010620,메트라이프생명보험(주),C,건설업,83811192000,외국생보사,B,SH122,업종별 대출금
4413,201803,0010620,메트라이프생명보험(주),D,도매 및 소매업,0,외국생보사,B,SH122,업종별 대출금
4414,201803,0010620,메트라이프생명보험(주),E,숙박 및 음식점업,0,외국생보사,B,SH122,업종별 대출금
4415,201803,0010620,메트라이프생명보험(주),F,"출판, 영상, 방송통신 및 정보서비스업",30000000000,외국생보사,B,SH122,업종별 대출금
4416,201803,0010620,메트라이프생명보험(주),G,부동산업 및 임대업,129510381000,외국생보사,B,SH122,업종별 대출금
4417,201803,0010620,메트라이프생명보험(주),H,기타,356025832000,외국생보사,B,SH122,업종별 대출금
4418,201803,0010620,메트라이프생명보험(주),I,계,599347405000,외국생보사,B,SH122,업종별 대출금
4419,201806,0010620,메트라이프생명보험(주),A,"농업, 임업 및 어업",0,외국생보사,B,SH122,업종별 대출금
4420,201806,0010620,메트라이프생명보험(주),B,제조업,0,외국생보사,B,SH122,업종별 대출금
4421,201806,0010620,메트라이프생명보험(주),C,건설업,0,외국생보사,B,SH122,업종별 대출금
4422,201806,0010620,메트라이프생명보험(주),D,도매 및 소매업,0,외국생보사,B,SH122,업종별 대출금
4423,201806,0010620,메트라이프생명보험(주),E,숙박 및 음식점업,0,외국생보사,B,SH122,업종별 대출금
4424,201806,0010620,메트라이프생명보험(주),F,"출판, 영상, 방송통신 및 정보서비스업",283600000000,외국생보사,B,SH122,업종별 대출금
4425,201806,0010620,메트라이프생명보험(주),G,부동산업 및 임대업,95389143000,외국생보사,B,SH122,업종별 대출금
4426,201806,0010620,메트라이프생명보험(주),H,기타,581720052000,외국생보사,B,SH122,업종별 대출금
4427,201806,0010620,메트라이프생명보험(주),I,계,960709195000,외국생보사,B,SH122,업종별 대출금
4428,201809,0010620,메트라이프생명보험(주),A,"농업, 임업 및 어업",0,외국생보사,B,SH122,업종별 대출금
4429,201809,0010620,메트라이프생명보험(주),B,제조업,0,외국생보사,B,SH122,업종별 대출금
4430,201809,0010620,메트라이프생명보험(주),C,건설업,81348657000,외국생보사,B,SH122,업종별 대출금
4431,201809,0010620,메트라이프생명보험(주),D,도매 및 소매업,0,외국생보사,B,SH122,업종별 대출금
4432,201809,0010620,메트라이프생명보험(주),E,숙박 및 음식점업,0,외국생보사,B,SH122,업종별 대출금
4433,201809,0010620,메트라이프생명보험(주),F,"출판, 영상, 방송통신 및 정보서비스업",30000000000,외국생보사,B,SH122,업종별 대출금
4434,201809,0010620,메트라이프생명보험(주),G,부동산업 및 임대업,65371631000,외국생보사,B,SH122,업종별 대출금
4435,201809,0010620,메트라이프생명보험(주),H,기타,346372319000,외국생보사,B,SH122,업종별 대출금
4436,201809,0010620,메트라이프생명보험(주),I,계,523092607000,외국생보사,B,SH122,업종별 대출금
4437,201812,0010620,메트라이프생명보험(주),A,"농업, 임업 및 어업",0,외국생보사,B,SH122,업종별 대출금
4438,201812,0010620,메트라이프생명보험(주),B,제조업,0,외국생보사,B,SH122,업종별 대출금
4439,201812,0010620,메트라이프생명보험(주),C,건설업,103898259000,외국생보사,B,SH122,업종별 대출금
4440,201812,0010620,메트라이프생명보험(주),D,도매 및 소매업,0,외국생보사,B,SH122,업종별 대출금
4441,201812,0010620,메트라이프생명보험(주),E,숙박 및 음식점업,0,외국생보사,B,SH122,업종별 대출금
4442,201812,0010620,메트라이프생명보험(주),F,"출판, 영상, 방송통신 및 정보서비스업",30000000000,외국생보사,B,SH122,업종별 대출금
4443,201812,0010620,메트라이프생명보험(주),G,부동산업 및 임대업,49313177000,외국생보사,B,SH122,업종별 대출금
4444,201812,0010620,메트라이프생명보험(주),H,기타,395518266000,외국생보사,B,SH122,업종별 대출금
4445,201812,0010620,메트라이프생명보험(주),I,계,578729702000,외국생보사,B,SH122,업종별 대출금
4446,201903,0010620,메트라이프생명보험(주),A,"농업, 임업 및 어업",0,외국생보사,B,SH122,업종별 대출금
4447,201903,0010620,메트라이프생명보험(주),B,제조업,0,외국생보사,B,SH122,업종별 대출금
4448,201903,0010620,메트라이프생명보험(주),C,건설업,78694828000,외국생보사,B,SH122,업종별 대출금
4449,201903,0010620,메트라이프생명보험(주),D,도매 및 소매업,0,외국생보사,B,SH122,업종별 대출금
4450,201903,0010620,메트라이프생명보험(주),E,숙박 및 음식점업,0,외국생보사,B,SH122,업종별 대출금
4451,201903,0010620,메트라이프생명보험(주),F,"출판, 영상, 방송통신 및 정보서비스업",30000000000,외국생보사,B,SH122,업종별 대출금
4452,201903,0010620,메트라이프생명보험(주),G,부동산업 및 임대업,64489238000,외국생보사,B,SH122,업종별 대출금
4453,201903,0010620,메트라이프생명보험(주),H,기타,398598320000,외국생보사,B,SH122,업종별 대출금
4454,201903,0010620,메트라이프생명보험(주),I,계,571782386000,외국생보사,B,SH122,업종별 대출금
4455,201906,0010620,메트라이프생명보험(주),A,"농업, 임업 및 어업",0,외국생보사,B,SH122,업종별 대출금
4456,201906,0010620,메트라이프생명보험(주),B,제조업,0,외국생보사,B,SH122,업종별 대출금
4457,201906,0010620,메트라이프생명보험(주),C,건설업,17203833000,외국생보사,B,SH122,업종별 대출금
4458,201906,0010620,메트라이프생명보험(주),D,도매 및 소매업,0,외국생보사,B,SH122,업종별 대출금
4459,201906,0010620,메트라이프생명보험(주),E,숙박 및 음식점업,0,외국생보사,B,SH122,업종별 대출금
4460,201906,0010620,메트라이프생명보험(주),F,"출판, 영상, 방송통신 및 정보서비스업",30000000000,외국생보사,B,SH122,업종별 대출금
4461,201906,0010620,메트라이프생명보험(주),G,부동산업 및 임대업,98880985000,외국생보사,B,SH122,업종별 대출금
4462,201906,0010620,메트라이프생명보험(주),H,기타,491012551000,외국생보사,B,SH122,업종별 대출금
4463,201906,0010620,메트라이프생명보험(주),I,계,637097369000,외국생보사,B,SH122,업종별 대출금
4464,201909,0010620,메트라이프생명보험(주),A,"농업, 임업 및 어업",0,외국생보사,B,SH122,업종별 대출금
4465,201909,0010620,메트라이프생명보험(주),B,제조업,0,외국생보사,B,SH122,업종별 대출금
4466,201909,0010620,메트라이프생명보험(주),C,건설업,16774804000,외국생보사,B,SH122,업종별 대출금
4467,201909,0010620,메트라이프생명보험(주),D,도매 및 소매업,0,외국생보사,B,SH122,업종별 대출금
4468,201909,0010620,메트라이프생명보험(주),E,숙박 및 음식점업,0,외국생보사,B,SH122,업종별 대출금
4469,201909,0010620,메트라이프생명보험(주),F,"출판, 영상, 방송통신 및 정보서비스업",30000000000,외국생보사,B,SH122,업종별 대출금
4470,201909,0010620,메트라이프생명보험(주),G,부동산업 및 임대업,109291601000,외국생보사,B,SH122,업종별 대출금
4471,201909,0010620,메트라이프생명보험(주),H,기타,470423723000,외국생보사,B,SH122,업종별 대출금
4472,201909,0010620,메트라이프생명보험(주),I,계,626490128000,외국생보사,B,SH122,업종별 대출금
4473,201912,0010620,메트라이프생명보험(주),A,"농업, 임업 및 어업",0,외국생보사,B,SH122,업종별 대출금
4474,201912,0010620,메트라이프생명보험(주),B,제조업,0,외국생보사,B,SH122,업종별 대출금
4475,201912,0010620,메트라이프생명보험(주),C,건설업,16542049000,외국생보사,B,SH122,업종별 대출금
4476,201912,0010620,메트라이프생명보험(주),D,도매 및 소매업,0,외국생보사,B,SH122,업종별 대출금
4477,201912,0010620,메트라이프생명보험(주),E,숙박 및 음식점업,0,외국생보사,B,SH122,업종별 대출금
4478,201912,0010620,메트라이프생명보험(주),F,"출판, 영상, 방송통신 및 정보서비스업",30000000000,외국생보사,B,SH122,업종별 대출금
4479,201912,0010620,메트라이프생명보험(주),G,부동산업 및 임대업,131343515000,외국생보사,B,SH122,업종별 대출금
4480,201912,0010620,메트라이프생명보험(주),H,기타,501165500000,외국생보사,B,SH122,업종별 대출금
4481,201912,0010620,메트라이프생명보험(주),I,계,679051064000,외국생보사,B,SH122,업종별 대출금
4482,202003,0010620,메트라이프생명보험(주),A,"농업, 임업 및 어업",0,외국생보사,B,SH122,업종별 대출금
4483,202003,0010620,메트라이프생명보험(주),B,제조업,0,외국생보사,B,SH122,업종별 대출금
4484,202003,0010620,메트라이프생명보험(주),C,건설업,16306666000,외국생보사,B,SH122,업종별 대출금
4485,202003,0010620,메트라이프생명보험(주),D,도매 및 소매업,0,외국생보사,B,SH122,업종별 대출금
4486,202003,0010620,메트라이프생명보험(주),E,숙박 및 음식점업,0,외국생보사,B,SH122,업종별 대출금
4487,202003,0010620,메트라이프생명보험(주),F,"출판, 영상, 방송통신 및 정보서비스업",0,외국생보사,B,SH122,업종별 대출금
4488,202003,0010620,메트라이프생명보험(주),G,부동산업 및 임대업,135790822000,외국생보사,B,SH122,업종별 대출금
4489,202003,0010620,메트라이프생명보험(주),H,기타,499496287000,외국생보사,B,SH122,업종별 대출금
4490,202003,0010620,메트라이프생명보험(주),I,계,651593775000,외국생보사,B,SH122,업종별 대출금
4491,202006,0010620,메트라이프생명보험(주),A,"농업, 임업 및 어업",0,외국생보사,B,SH122,업종별 대출금
4492,202006,0010620,메트라이프생명보험(주),B,제조업,0,외국생보사,B,SH122,업종별 대출금
4493,202006,0010620,메트라이프생명보험(주),C,건설업,16069801000,외국생보사,B,SH122,업종별 대출금
4494,202006,0010620,메트라이프생명보험(주),D,도매 및 소매업,0,외국생보사,B,SH122,업종별 대출금
4495,202006,0010620,메트라이프생명보험(주),E,숙박 및 음식점업,16100000000,외국생보사,B,SH122,업종별 대출금
4496,202006,0010620,메트라이프생명보험(주),F,"출판, 영상, 방송통신 및 정보서비스업",0,외국생보사,B,SH122,업종별 대출금
4497,202006,0010620,메트라이프생명보험(주),G,부동산업 및 임대업,145179406000,외국생보사,B,SH122,업종별 대출금
4498,202006,0010620,메트라이프생명보험(주),H,기타,587286014000,외국생보사,B,SH122,업종별 대출금
4499,202006,0010620,메트라이프생명보험(주),I,계,764635221000,외국생보사,B,SH122,업종별 대출금
4500,202009,0010620,메트라이프생명보험(주),A,"농업, 임업 및 어업",0,외국생보사,B,SH122,업종별 대출금
4501,202009,0010620,메트라이프생명보험(주),B,제조업,0,외국생보사,B,SH122,업종별 대출금
4502,202009,0010620,메트라이프생명보험(주),C,건설업,16069801000,외국생보사,B,SH122,업종별 대출금
4503,202009,0010620,메트라이프생명보험(주),D,도매 및 소매업,0,외국생보사,B,SH122,업종별 대출금
4504,202009,0010620,메트라이프생명보험(주),E,숙박 및 음식점업,0,외국생보사,B,SH122,업종별 대출금
4505,202009,0010620,메트라이프생명보험(주),F,"출판, 영상, 방송통신 및 정보서비스업",0,외국생보사,B,SH122,업종별 대출금
4506,202009,0010620,메트라이프생명보험(주),G,부동산업 및 임대업,147698016000,외국생보사,B,SH122,업종별 대출금
4507,202009,0010620,메트라이프생명보험(주),H,기타,653505853000,외국생보사,B,SH122,업종별 대출금
4508,202009,0010620,메트라이프생명보험(주),I,계,817273670000,외국생보사,B,SH122,업종별 대출금
4509,202012,0010620,메트라이프생명보험(주),A,"농업, 임업 및 어업",0,외국생보사,B,SH122,업종별 대출금
4510,202012,0010620,메트라이프생명보험(주),B,제조업,0,외국생보사,B,SH122,업종별 대출금
4511,202012,0010620,메트라이프생명보험(주),C,건설업,15593914000,외국생보사,B,SH122,업종별 대출금
4512,202012,0010620,메트라이프생명보험(주),D,도매 및 소매업,0,외국생보사,B,SH122,업종별 대출금
4513,202012,0010620,메트라이프생명보험(주),E,숙박 및 음식점업,0,외국생보사,B,SH122,업종별 대출금
4514,202012,0010620,메트라이프생명보험(주),F,"출판, 영상, 방송통신 및 정보서비스업",0,외국생보사,B,SH122,업종별 대출금
4515,202012,0010620,메트라이프생명보험(주),G,부동산업 및 임대업,145631712000,외국생보사,B,SH122,업종별 대출금
4516,202012,0010620,메트라이프생명보험(주),H,기타,679428482000,외국생보사,B,SH122,업종별 대출금
4517,202012,0010620,메트라이프생명보험(주),I,계,840654108000,외국생보사,B,SH122,업종별 대출금
4518,202103,0010620,메트라이프생명보험(주),A,"농업, 임업 및 어업",0,외국생보사,B,SH122,업종별 대출금
4519,202103,0010620,메트라이프생명보험(주),B,제조업,0,외국생보사,B,SH122,업종별 대출금
4520,202103,0010620,메트라이프생명보험(주),C,건설업,15351479000,외국생보사,B,SH122,업종별 대출금
4521,202103,0010620,메트라이프생명보험(주),D,도매 및 소매업,0,외국생보사,B,SH122,업종별 대출금
4522,202103,0010620,메트라이프생명보험(주),E,숙박 및 음식점업,0,외국생보사,B,SH122,업종별 대출금
4523,202103,0010620,메트라이프생명보험(주),F,"출판, 영상, 방송통신 및 정보서비스업",0,외국생보사,B,SH122,업종별 대출금
4524,202103,0010620,메트라이프생명보험(주),G,부동산업 및 임대업,160327663000,외국생보사,B,SH122,업종별 대출금
4525,202103,0010620,메트라이프생명보험(주),H,기타,684707527000,외국생보사,B,SH122,업종별 대출금
4526,202103,0010620,메트라이프생명보험(주),I,계,860386669000,외국생보사,B,SH122,업종별 대출금
4527,202106,0010620,메트라이프생명보험(주),A,"농업, 임업 및 어업",0,외국생보사,B,SH122,업종별 대출금
4528,202106,0010620,메트라이프생명보험(주),B,제조업,0,외국생보사,B,SH122,업종별 대출금
4529,202106,0010620,메트라이프생명보험(주),C,건설업,15108595000,외국생보사,B,SH122,업종별 대출금
4530,202106,0010620,메트라이프생명보험(주),D,도매 및 소매업,0,외국생보사,B,SH122,업종별 대출금
4531,202106,0010620,메트라이프생명보험(주),E,숙박 및 음식점업,0,외국생보사,B,SH122,업종별 대출금
4532,202106,0010620,메트라이프생명보험(주),F,"출판, 영상, 방송통신 및 정보서비스업",0,외국생보사,B,SH122,업종별 대출금
4533,202106,0010620,메트라이프생명보험(주),G,부동산업 및 임대업,129016822000,외국생보사,B,SH122,업종별 대출금
4534,202106,0010620,메트라이프생명보험(주),H,기타,781687976000,외국생보사,B,SH122,업종별 대출금
4535,202106,0010620,메트라이프생명보험(주),I,계,925813393000,외국생보사,B,SH122,업종별 대출금
4536,202109,0010620,메트라이프생명보험(주),A,"농업, 임업 및 어업",0,외국생보사,B,SH122,업종별 대출금
4537,202109,0010620,메트라이프생명보험(주),B,제조업,0,외국생보사,B,SH122,업종별 대출금
4538,202109,0010620,메트라이프생명보험(주),C,건설업,14865228000,외국생보사,B,SH122,업종별 대출금
4539,202109,0010620,메트라이프생명보험(주),D,도매 및 소매업,0,외국생보사,B,SH122,업종별 대출금
4540,202109,0010620,메트라이프생명보험(주),E,숙박 및 음식점업,0,외국생보사,B,SH122,업종별 대출금
4541,202109,0010620,메트라이프생명보험(주),F,"출판, 영상, 방송통신 및 정보서비스업",0,외국생보사,B,SH122,업종별 대출금
4542,202109,0010620,메트라이프생명보험(주),G,부동산업 및 임대업,97701107000,외국생보사,B,SH122,업종별 대출금
4543,202109,0010620,메트라이프생명보험(주),H,기타,897913001000,외국생보사,B,SH122,업종별 대출금
4544,202109,0010620,메트라이프생명보험(주),I,계,1010479336000,외국생보사,B,SH122,업종별 대출금
4545,202112,0010620,메트라이프생명보험(주),A,"농업, 임업 및 어업",0,외국생보사,B,SH122,업종별 대출금
4546,202112,0010620,메트라이프생명보험(주),B,제조업,0,외국생보사,B,SH122,업종별 대출금
4547,202112,0010620,메트라이프생명보험(주),C,건설업,14620310000,외국생보사,B,SH122,업종별 대출금
4548,202112,0010620,메트라이프생명보험(주),D,도매 및 소매업,0,외국생보사,B,SH122,업종별 대출금
4549,202112,0010620,메트라이프생명보험(주),E,숙박 및 음식점업,0,외국생보사,B,SH122,업종별 대출금
4550,202112,0010620,메트라이프생명보험(주),F,"출판, 영상, 방송통신 및 정보서비스업",0,외국생보사,B,SH122,업종별 대출금
4551,202112,0010620,메트라이프생명보험(주),G,부동산업 및 임대업,100116112000,외국생보사,B,SH122,업종별 대출금
4552,202112,0010620,메트라이프생명보험(주),H,기타,950471496000,외국생보사,B,SH122,업종별 대출금
4553,202112,0010620,메트라이프생명보험(주),I,계,1065207918000,외국생보사,B,SH122,업종별 대출금
4554,202203,0010620,메트라이프생명보험(주),A,"농업, 임업 및 어업",0,외국생보사,B,SH122,업종별 대출금
4555,202203,0010620,메트라이프생명보험(주),B,제조업,0,외국생보사,B,SH122,업종별 대출금
4556,202203,0010620,메트라이프생명보험(주),C,건설업,14371807000,외국생보사,B,SH122,업종별 대출금
4557,202203,0010620,메트라이프생명보험(주),D,도매 및 소매업,0,외국생보사,B,SH122,업종별 대출금
4558,202203,0010620,메트라이프생명보험(주),E,숙박 및 음식점업,0,외국생보사,B,SH122,업종별 대출금
4559,202203,0010620,메트라이프생명보험(주),F,"출판, 영상, 방송통신 및 정보서비스업",0,외국생보사,B,SH122,업종별 대출금
4560,202203,0010620,메트라이프생명보험(주),G,부동산업 및 임대업,68611543000,외국생보사,B,SH122,업종별 대출금
4561,202203,0010620,메트라이프생명보험(주),H,기타,969601284000,외국생보사,B,SH122,업종별 대출금
4562,202203,0010620,메트라이프생명보험(주),I,계,1052584634000,외국생보사,B,SH122,업종별 대출금
4563,202206,0010620,메트라이프생명보험(주),A,"농업, 임업 및 어업",0,외국생보사,B,SH122,업종별 대출금
4564,202206,0010620,메트라이프생명보험(주),B,제조업,0,외국생보사,B,SH122,업종별 대출금
4565,202206,0010620,메트라이프생명보험(주),C,건설업,14122752000,외국생보사,B,SH122,업종별 대출금
4566,202206,0010620,메트라이프생명보험(주),D,도매 및 소매업,0,외국생보사,B,SH122,업종별 대출금
4567,202206,0010620,메트라이프생명보험(주),E,숙박 및 음식점업,0,외국생보사,B,SH122,업종별 대출금
4568,202206,0010620,메트라이프생명보험(주),F,"출판, 영상, 방송통신 및 정보서비스업",0,외국생보사,B,SH122,업종별 대출금
4569,202206,0010620,메트라이프생명보험(주),G,부동산업 및 임대업,74106215000,외국생보사,B,SH122,업종별 대출금
4570,202206,0010620,메트라이프생명보험(주),H,기타,1027806819000,외국생보사,B,SH122,업종별 대출금
4571,202206,0010620,메트라이프생명보험(주),I,계,1116035786000,외국생보사,B,SH122,업종별 대출금
4572,202209,0010620,메트라이프생명보험(주),A,"농업, 임업 및 어업",0,외국생보사,B,SH122,업종별 대출금
4573,202209,0010620,메트라이프생명보험(주),B,제조업,0,외국생보사,B,SH122,업종별 대출금
4574,202209,0010620,메트라이프생명보험(주),C,건설업,13873105000,외국생보사,B,SH122,업종별 대출금
4575,202209,0010620,메트라이프생명보험(주),D,도매 및 소매업,0,외국생보사,B,SH122,업종별 대출금
4576,202209,0010620,메트라이프생명보험(주),E,숙박 및 음식점업,0,외국생보사,B,SH122,업종별 대출금
4577,202209,0010620,메트라이프생명보험(주),F,"출판, 영상, 방송통신 및 정보서비스업",0,외국생보사,B,SH122,업종별 대출금
4578,202209,0010620,메트라이프생명보험(주),G,부동산업 및 임대업,72594209000,외국생보사,B,SH122,업종별 대출금
4579,202209,0010620,메트라이프생명보험(주),H,기타,1068745006000,외국생보사,B,SH122,업종별 대출금
4580,202209,0010620,메트라이프생명보험(주),I,계,1155212320000,외국생보사,B,SH122,업종별 대출금
4581,202212,0010620,메트라이프생명보험(주),A,"농업, 임업 및 어업",0,외국생보사,B,SH122,업종별 대출금
4582,202212,0010620,메트라이프생명보험(주),B,제조업,0,외국생보사,B,SH122,업종별 대출금
4583,202212,0010620,메트라이프생명보험(주),C,건설업,13873105000,외국생보사,B,SH122,업종별 대출금
4584,202212,0010620,메트라이프생명보험(주),D,도매 및 소매업,0,외국생보사,B,SH122,업종별 대출금
4585,202212,0010620,메트라이프생명보험(주),E,숙박 및 음식점업,0,외국생보사,B,SH122,업종별 대출금
4586,202212,0010620,메트라이프생명보험(주),F,"출판, 영상, 방송통신 및 정보서비스업",0,외국생보사,B,SH122,업종별 대출금
4587,202212,0010620,메트라이프생명보험(주),G,부동산업 및 임대업,72077041000,외국생보사,B,SH122,업종별 대출금
4588,202212,0010620,메트라이프생명보험(주),H,기타,1022529233000,외국생보사,B,SH122,업종별 대출금
4589,202212,0010620,메트라이프생명보험(주),I,계,1108479379000,외국생보사,B,SH122,업종별 대출금
4590,202303,0010620,메트라이프생명보험(주),A,"농업, 임업 및 어업",0,외국생보사,B,SH122,업종별 대출금
4591,202303,0010620,메트라이프생명보험(주),B,제조업,0,외국생보사,B,SH122,업종별 대출금
4592,202303,0010620,메트라이프생명보험(주),C,건설업,13367191000,외국생보사,B,SH122,업종별 대출금
4593,202303,0010620,메트라이프생명보험(주),D,도매 및 소매업,0,외국생보사,B,SH122,업종별 대출금
4594,202303,0010620,메트라이프생명보험(주),E,숙박 및 음식점업,0,외국생보사,B,SH122,업종별 대출금
4595,202303,0010620,메트라이프생명보험(주),F,"출판, 영상, 방송통신 및 정보서비스업",0,외국생보사,B,SH122,업종별 대출금
4596,202303,0010620,메트라이프생명보험(주),G,부동산업 및 임대업,69760694000,외국생보사,B,SH122,업종별 대출금
4597,202303,0010620,메트라이프생명보험(주),H,기타,976923707000,외국생보사,B,SH122,업종별 대출금
4598,202303,0010620,메트라이프생명보험(주),I,계,1060051592000,외국생보사,B,SH122,업종별 대출금
4599,202306,0010620,메트라이프생명보험(주),A,"농업, 임업 및 어업",0,외국생보사,B,SH122,업종별 대출금
4600,202306,0010620,메트라이프생명보험(주),B,제조업,0,외국생보사,B,SH122,업종별 대출금
4601,202306,0010620,메트라이프생명보험(주),C,건설업,13111806000,외국생보사,B,SH122,업종별 대출금
4602,202306,0010620,메트라이프생명보험(주),D,도매 및 소매업,0,외국생보사,B,SH122,업종별 대출금
4603,202306,0010620,메트라이프생명보험(주),E,숙박 및 음식점업,0,외국생보사,B,SH122,업종별 대출금
4604,202306,0010620,메트라이프생명보험(주),F,"출판, 영상, 방송통신 및 정보서비스업",0,외국생보사,B,SH122,업종별 대출금
4605,202306,0010620,메트라이프생명보험(주),G,부동산업 및 임대업,68446077000,외국생보사,B,SH122,업종별 대출금
4606,202306,0010620,메트라이프생명보험(주),H,기타,876591201000,외국생보사,B,SH122,업종별 대출금
4607,202306,0010620,메트라이프생명보험(주),I,계,958149084000,외국생보사,B,SH122,업종별 대출금
4608,202309,0010620,메트라이프생명보험(주),A,"농업, 임업 및 어업",0,외국생보사,B,SH122,업종별 대출금
4609,202309,0010620,메트라이프생명보험(주),B,제조업,0,외국생보사,B,SH122,업종별 대출금
4610,202309,0010620,메트라이프생명보험(주),C,건설업,13111806000,외국생보사,B,SH122,업종별 대출금
4611,202309,0010620,메트라이프생명보험(주),D,도매 및 소매업,0,외국생보사,B,SH122,업종별 대출금
4612,202309,0010620,메트라이프생명보험(주),E,숙박 및 음식점업,0,외국생보사,B,SH122,업종별 대출금
4613,202309,0010620,메트라이프생명보험(주),F,"출판, 영상, 방송통신 및 정보서비스업",0,외국생보사,B,SH122,업종별 대출금
4614,202309,0010620,메트라이프생명보험(주),G,부동산업 및 임대업,68149218000,외국생보사,B,SH122,업종별 대출금
4615,202309,0010620,메트라이프생명보험(주),H,기타,846454552000,외국생보사,B,SH122,업종별 대출금
4616,202309,0010620,메트라이프생명보험(주),I,계,927715576000,외국생보사,B,SH122,업종별 대출금
4617,202312,0010620,메트라이프생명보험(주),A,"농업, 임업 및 어업",0,외국생보사,B,SH122,업종별 대출금
4618,202312,0010620,메트라이프생명보험(주),B,제조업,0,외국생보사,B,SH122,업종별 대출금
4619,202312,0010620,메트라이프생명보험(주),C,건설업,12859351000,외국생보사,B,SH122,업종별 대출금
4620,202312,0010620,메트라이프생명보험(주),D,도매 및 소매업,0,외국생보사,B,SH122,업종별 대출금
4621,202312,0010620,메트라이프생명보험(주),E,숙박 및 음식점업,0,외국생보사,B,SH122,업종별 대출금
4622,202312,0010620,메트라이프생명보험(주),F,"출판, 영상, 방송통신 및 정보서비스업",0,외국생보사,B,SH122,업종별 대출금
4623,202312,0010620,메트라이프생명보험(주),G,부동산업 및 임대업,66829208000,외국생보사,B,SH122,업종별 대출금
4624,202312,0010620,메트라이프생명보험(주),H,기타,860356979000,외국생보사,B,SH122,업종별 대출금
4625,202312,0010620,메트라이프생명보험(주),I,계,940045538000,외국생보사,B,SH122,업종별 대출금
4626,202403,0010620,메트라이프생명보험(주),A,"농업, 임업 및 어업",0,외국생보사,B,SH122,업종별 대출금
4627,202403,0010620,메트라이프생명보험(주),B,제조업,0,외국생보사,B,SH122,업종별 대출금
4628,202403,0010620,메트라이프생명보험(주),C,건설업,12599876000,외국생보사,B,SH122,업종별 대출금
4629,202403,0010620,메트라이프생명보험(주),D,도매 및 소매업,0,외국생보사,B,SH122,업종별 대출금
4630,202403,0010620,메트라이프생명보험(주),E,숙박 및 음식점업,0,외국생보사,B,SH122,업종별 대출금
4631,202403,0010620,메트라이프생명보험(주),F,"출판, 영상, 방송통신 및 정보서비스업",0,외국생보사,B,SH122,업종별 대출금
4632,202403,0010620,메트라이프생명보험(주),G,부동산업 및 임대업,49260755000,외국생보사,B,SH122,업종별 대출금
4633,202403,0010620,메트라이프생명보험(주),H,기타,914677274000,외국생보사,B,SH122,업종별 대출금
4634,202403,0010620,메트라이프생명보험(주),I,계,976537905000,외국생보사,B,SH122,업종별 대출금
4635,202406,0010620,메트라이프생명보험(주),A,"농업, 임업 및 어업",0,외국생보사,B,SH122,업종별 대출금
4636,202406,0010620,메트라이프생명보험(주),B,제조업,0,외국생보사,B,SH122,업종별 대출금
4637,202406,0010620,메트라이프생명보험(주),C,건설업,12338785000,외국생보사,B,SH122,업종별 대출금
4638,202406,0010620,메트라이프생명보험(주),D,도매 및 소매업,0,외국생보사,B,SH122,업종별 대출금
4639,202406,0010620,메트라이프생명보험(주),E,숙박 및 음식점업,0,외국생보사,B,SH122,업종별 대출금
4640,202406,0010620,메트라이프생명보험(주),F,"출판, 영상, 방송통신 및 정보서비스업",0,외국생보사,B,SH122,업종별 대출금
4641,202406,0010620,메트라이프생명보험(주),G,부동산업 및 임대업,55061518000,외국생보사,B,SH122,업종별 대출금
4642,202406,0010620,메트라이프생명보험(주),H,기타,922840929000,외국생보사,B,SH122,업종별 대출금
4643,202406,0010620,메트라이프생명보험(주),I,계,990241232000,외국생보사,B,SH122,업종별 대출금
4644,202409,0010620,메트라이프생명보험(주),A,"농업, 임업 및 어업",0,외국생보사,B,SH122,업종별 대출금
4645,202409,0010620,메트라이프생명보험(주),B,제조업,0,외국생보사,B,SH122,업종별 대출금
4646,202409,0010620,메트라이프생명보험(주),C,건설업,11827049000,외국생보사,B,SH122,업종별 대출금
4647,202409,0010620,메트라이프생명보험(주),D,도매 및 소매업,0,외국생보사,B,SH122,업종별 대출금
4648,202409,0010620,메트라이프생명보험(주),E,숙박 및 음식점업,0,외국생보사,B,SH122,업종별 대출금
4649,202409,0010620,메트라이프생명보험(주),F,"출판, 영상, 방송통신 및 정보서비스업",0,외국생보사,B,SH122,업종별 대출금
4650,202409,0010620,메트라이프생명보험(주),G,부동산업 및 임대업,97364676000,외국생보사,B,SH122,업종별 대출금
4651,202409,0010620,메트라이프생명보험(주),H,기타,875966761000,외국생보사,B,SH122,업종별 대출금
4652,202409,0010620,메트라이프생명보험(주),I,계,985158486000,외국생보사,B,SH122,업종별 대출금
4653,202412,0010620,메트라이프생명보험(주),A,"농업, 임업 및 어업",0,외국생보사,B,SH122,업종별 대출금
4654,202412,0010620,메트라이프생명보험(주),B,제조업,0,외국생보사,B,SH122,업종별 대출금
4655,202412,0010620,메트라이프생명보험(주),C,건설업,11583686000,외국생보사,B,SH122,업종별 대출금
4656,202412,0010620,메트라이프생명보험(주),D,도매 및 소매업,0,외국생보사,B,SH122,업종별 대출금
4657,202412,0010620,메트라이프생명보험(주),E,숙박 및 음식점업,0,외국생보사,B,SH122,업종별 대출금
4658,202412,0010620,메트라이프생명보험(주),F,"출판, 영상, 방송통신 및 정보서비스업",0,외국생보사,B,SH122,업종별 대출금
4659,202412,0010620,메트라이프생명보험(주),G,부동산업 및 임대업,106440370000,외국생보사,B,SH122,업종별 대출금
4660,202412,0010620,메트라이프생명보험(주),H,기타,839243748000,외국생보사,B,SH122,업종별 대출금
4661,202412,0010620,메트라이프생명보험(주),I,계,957267804000,외국생보사,B,SH122,업종별 대출금
4662,202503,0010620,메트라이프생명보험(주),A,"농업, 임업 및 어업",0,외국생보사,B,SH122,업종별 대출금
4663,202503,0010620,메트라이프생명보험(주),B,제조업,0,외국생보사,B,SH122,업종별 대출금
4664,202503,0010620,메트라이프생명보험(주),C,건설업,11335092000,외국생보사,B,SH122,업종별 대출금
4665,202503,0010620,메트라이프생명보험(주),D,도매 및 소매업,0,외국생보사,B,SH122,업종별 대출금
4666,202503,0010620,메트라이프생명보험(주),E,숙박 및 음식점업,0,외국생보사,B,SH122,업종별 대출금
4667,202503,0010620,메트라이프생명보험(주),F,"출판, 영상, 방송통신 및 정보서비스업",0,외국생보사,B,SH122,업종별 대출금
4668,202503,0010620,메트라이프생명보험(주),G,부동산업 및 임대업,106037831000,외국생보사,B,SH122,업종별 대출금
4669,202503,0010620,메트라이프생명보험(주),H,기타,881050619000,외국생보사,B,SH122,업종별 대출금
4670,202503,0010620,메트라이프생명보험(주),I,계,998423542000,외국생보사,B,SH122,업종별 대출금
4671,201703,0011226,비엔피파리바카디프생명보험주식회사,A,"농업, 임업 및 어업",0,외국생보사,B,SH122,업종별 대출금
4672,201703,0011226,비엔피파리바카디프생명보험주식회사,B,제조업,0,외국생보사,B,SH122,업종별 대출금
4673,201703,0011226,비엔피파리바카디프생명보험주식회사,C,건설업,0,외국생보사,B,SH122,업종별 대출금
4674,201703,0011226,비엔피파리바카디프생명보험주식회사,D,도매 및 소매업,0,외국생보사,B,SH122,업종별 대출금
4675,201703,0011226,비엔피파리바카디프생명보험주식회사,E,숙박 및 음식점업,0,외국생보사,B,SH122,업종별 대출금
4676,201703,0011226,비엔피파리바카디프생명보험주식회사,F,"출판, 영상, 방송통신 및 정보서비스업",0,외국생보사,B,SH122,업종별 대출금
4677,201703,0011226,비엔피파리바카디프생명보험주식회사,G,부동산업 및 임대업,0,외국생보사,B,SH122,업종별 대출금
4678,201703,0011226,비엔피파리바카디프생명보험주식회사,H,기타,10300000000,외국생보사,B,SH122,업종별 대출금
4679,201703,0011226,비엔피파리바카디프생명보험주식회사,I,계,10300000000,외국생보사,B,SH122,업종별 대출금
4680,201706,0011226,비엔피파리바카디프생명보험주식회사,A,"농업, 임업 및 어업",0,외국생보사,B,SH122,업종별 대출금
4681,201706,0011226,비엔피파리바카디프생명보험주식회사,B,제조업,0,외국생보사,B,SH122,업종별 대출금
4682,201706,0011226,비엔피파리바카디프생명보험주식회사,C,건설업,0,외국생보사,B,SH122,업종별 대출금
4683,201706,0011226,비엔피파리바카디프생명보험주식회사,D,도매 및 소매업,0,외국생보사,B,SH122,업종별 대출금
4684,201706,0011226,비엔피파리바카디프생명보험주식회사,E,숙박 및 음식점업,0,외국생보사,B,SH122,업종별 대출금
4685,201706,0011226,비엔피파리바카디프생명보험주식회사,F,"출판, 영상, 방송통신 및 정보서비스업",0,외국생보사,B,SH122,업종별 대출금
4686,201706,0011226,비엔피파리바카디프생명보험주식회사,G,부동산업 및 임대업,0,외국생보사,B,SH122,업종별 대출금
4687,201706,0011226,비엔피파리바카디프생명보험주식회사,H,기타,16500000000,외국생보사,B,SH122,업종별 대출금
4688,201706,0011226,비엔피파리바카디프생명보험주식회사,I,계,16500000000,외국생보사,B,SH122,업종별 대출금
4689,201709,0011226,비엔피파리바카디프생명보험주식회사,A,"농업, 임업 및 어업",0,외국생보사,B,SH122,업종별 대출금
4690,201709,0011226,비엔피파리바카디프생명보험주식회사,B,제조업,0,외국생보사,B,SH122,업종별 대출금
4691,201709,0011226,비엔피파리바카디프생명보험주식회사,C,건설업,0,외국생보사,B,SH122,업종별 대출금
4692,201709,0011226,비엔피파리바카디프생명보험주식회사,D,도매 및 소매업,0,외국생보사,B,SH122,업종별 대출금
4693,201709,0011226,비엔피파리바카디프생명보험주식회사,E,숙박 및 음식점업,0,외국생보사,B,SH122,업종별 대출금
4694,201709,0011226,비엔피파리바카디프생명보험주식회사,F,"출판, 영상, 방송통신 및 정보서비스업",0,외국생보사,B,SH122,업종별 대출금
4695,201709,0011226,비엔피파리바카디프생명보험주식회사,G,부동산업 및 임대업,0,외국생보사,B,SH122,업종별 대출금
4696,201709,0011226,비엔피파리바카디프생명보험주식회사,H,기타,16800000000,외국생보사,B,SH122,업종별 대출금
4697,201709,0011226,비엔피파리바카디프생명보험주식회사,I,계,16800000000,외국생보사,B,SH122,업종별 대출금
4698,201712,0011226,비엔피파리바카디프생명보험주식회사,A,"농업, 임업 및 어업",0,외국생보사,B,SH122,업종별 대출금
4699,201712,0011226,비엔피파리바카디프생명보험주식회사,B,제조업,0,외국생보사,B,SH122,업종별 대출금
4700,201712,0011226,비엔피파리바카디프생명보험주식회사,C,건설업,0,외국생보사,B,SH122,업종별 대출금
4701,201712,0011226,비엔피파리바카디프생명보험주식회사,D,도매 및 소매업,0,외국생보사,B,SH122,업종별 대출금
4702,201712,0011226,비엔피파리바카디프생명보험주식회사,E,숙박 및 음식점업,0,외국생보사,B,SH122,업종별 대출금
4703,201712,0011226,비엔피파리바카디프생명보험주식회사,F,"출판, 영상, 방송통신 및 정보서비스업",0,외국생보사,B,SH122,업종별 대출금
4704,201712,0011226,비엔피파리바카디프생명보험주식회사,G,부동산업 및 임대업,0,외국생보사,B,SH122,업종별 대출금
4705,201712,0011226,비엔피파리바카디프생명보험주식회사,H,기타,5300000000,외국생보사,B,SH122,업종별 대출금
4706,201712,0011226,비엔피파리바카디프생명보험주식회사,I,계,5300000000,외국생보사,B,SH122,업종별 대출금
4707,201803,0011226,비엔피파리바카디프생명보험주식회사,A,"농업, 임업 및 어업",0,외국생보사,B,SH122,업종별 대출금
4708,201803,0011226,비엔피파리바카디프생명보험주식회사,B,제조업,0,외국생보사,B,SH122,업종별 대출금
4709,201803,0011226,비엔피파리바카디프생명보험주식회사,C,건설업,0,외국생보사,B,SH122,업종별 대출금
4710,201803,0011226,비엔피파리바카디프생명보험주식회사,D,도매 및 소매업,0,외국생보사,B,SH122,업종별 대출금
4711,201803,0011226,비엔피파리바카디프생명보험주식회사,E,숙박 및 음식점업,0,외국생보사,B,SH122,업종별 대출금
4712,201803,0011226,비엔피파리바카디프생명보험주식회사,F,"출판, 영상, 방송통신 및 정보서비스업",0,외국생보사,B,SH122,업종별 대출금
4713,201803,0011226,비엔피파리바카디프생명보험주식회사,G,부동산업 및 임대업,0,외국생보사,B,SH122,업종별 대출금
4714,201803,0011226,비엔피파리바카디프생명보험주식회사,H,기타,8000000000,외국생보사,B,SH122,업종별 대출금
4715,201803,0011226,비엔피파리바카디프생명보험주식회사,I,계,8000000000,외국생보사,B,SH122,업종별 대출금
4716,201806,0011226,비엔피파리바카디프생명보험주식회사,A,"농업, 임업 및 어업",0,외국생보사,B,SH122,업종별 대출금
4717,201806,0011226,비엔피파리바카디프생명보험주식회사,B,제조업,0,외국생보사,B,SH122,업종별 대출금
4718,201806,0011226,비엔피파리바카디프생명보험주식회사,C,건설업,0,외국생보사,B,SH122,업종별 대출금
4719,201806,0011226,비엔피파리바카디프생명보험주식회사,D,도매 및 소매업,0,외국생보사,B,SH122,업종별 대출금
4720,201806,0011226,비엔피파리바카디프생명보험주식회사,E,숙박 및 음식점업,0,외국생보사,B,SH122,업종별 대출금
4721,201806,0011226,비엔피파리바카디프생명보험주식회사,F,"출판, 영상, 방송통신 및 정보서비스업",0,외국생보사,B,SH122,업종별 대출금
4722,201806,0011226,비엔피파리바카디프생명보험주식회사,G,부동산업 및 임대업,0,외국생보사,B,SH122,업종별 대출금
4723,201806,0011226,비엔피파리바카디프생명보험주식회사,H,기타,21000000000,외국생보사,B,SH122,업종별 대출금
4724,201806,0011226,비엔피파리바카디프생명보험주식회사,I,계,21000000000,외국생보사,B,SH122,업종별 대출금
4725,201809,0011226,비엔피파리바카디프생명보험주식회사,A,"농업, 임업 및 어업",0,외국생보사,B,SH122,업종별 대출금
4726,201809,0011226,비엔피파리바카디프생명보험주식회사,B,제조업,0,외국생보사,B,SH122,업종별 대출금
4727,201809,0011226,비엔피파리바카디프생명보험주식회사,C,건설업,0,외국생보사,B,SH122,업종별 대출금
4728,201809,0011226,비엔피파리바카디프생명보험주식회사,D,도매 및 소매업,0,외국생보사,B,SH122,업종별 대출금
4729,201809,0011226,비엔피파리바카디프생명보험주식회사,E,숙박 및 음식점업,0,외국생보사,B,SH122,업종별 대출금
4730,201809,0011226,비엔피파리바카디프생명보험주식회사,F,"출판, 영상, 방송통신 및 정보서비스업",0,외국생보사,B,SH122,업종별 대출금
4731,201809,0011226,비엔피파리바카디프생명보험주식회사,G,부동산업 및 임대업,0,외국생보사,B,SH122,업종별 대출금
4732,201809,0011226,비엔피파리바카디프생명보험주식회사,H,기타,19000000000,외국생보사,B,SH122,업종별 대출금
4733,201809,0011226,비엔피파리바카디프생명보험주식회사,I,계,19000000000,외국생보사,B,SH122,업종별 대출금
4734,201812,0011226,비엔피파리바카디프생명보험주식회사,A,"농업, 임업 및 어업",0,외국생보사,B,SH122,업종별 대출금
4735,201812,0011226,비엔피파리바카디프생명보험주식회사,B,제조업,0,외국생보사,B,SH122,업종별 대출금
4736,201812,0011226,비엔피파리바카디프생명보험주식회사,C,건설업,0,외국생보사,B,SH122,업종별 대출금
4737,201812,0011226,비엔피파리바카디프생명보험주식회사,D,도매 및 소매업,0,외국생보사,B,SH122,업종별 대출금
4738,201812,0011226,비엔피파리바카디프생명보험주식회사,E,숙박 및 음식점업,0,외국생보사,B,SH122,업종별 대출금
4739,201812,0011226,비엔피파리바카디프생명보험주식회사,F,"출판, 영상, 방송통신 및 정보서비스업",0,외국생보사,B,SH122,업종별 대출금
4740,201812,0011226,비엔피파리바카디프생명보험주식회사,G,부동산업 및 임대업,0,외국생보사,B,SH122,업종별 대출금
4741,201812,0011226,비엔피파리바카디프생명보험주식회사,H,기타,20451560000,외국생보사,B,SH122,업종별 대출금
4742,201812,0011226,비엔피파리바카디프생명보험주식회사,I,계,20451560000,외국생보사,B,SH122,업종별 대출금
4743,201903,0011226,비엔피파리바카디프생명보험주식회사,A,"농업, 임업 및 어업",0,외국생보사,B,SH122,업종별 대출금
4744,201903,0011226,비엔피파리바카디프생명보험주식회사,B,제조업,0,외국생보사,B,SH122,업종별 대출금
4745,201903,0011226,비엔피파리바카디프생명보험주식회사,C,건설업,0,외국생보사,B,SH122,업종별 대출금
4746,201903,0011226,비엔피파리바카디프생명보험주식회사,D,도매 및 소매업,0,외국생보사,B,SH122,업종별 대출금
4747,201903,0011226,비엔피파리바카디프생명보험주식회사,E,숙박 및 음식점업,0,외국생보사,B,SH122,업종별 대출금
4748,201903,0011226,비엔피파리바카디프생명보험주식회사,F,"출판, 영상, 방송통신 및 정보서비스업",0,외국생보사,B,SH122,업종별 대출금
4749,201903,0011226,비엔피파리바카디프생명보험주식회사,G,부동산업 및 임대업,0,외국생보사,B,SH122,업종별 대출금
4750,201903,0011226,비엔피파리바카디프생명보험주식회사,H,기타,20391750000,외국생보사,B,SH122,업종별 대출금
4751,201903,0011226,비엔피파리바카디프생명보험주식회사,I,계,20391750000,외국생보사,B,SH122,업종별 대출금
4752,201906,0011226,비엔피파리바카디프생명보험주식회사,A,"농업, 임업 및 어업",0,외국생보사,B,SH122,업종별 대출금
4753,201906,0011226,비엔피파리바카디프생명보험주식회사,B,제조업,0,외국생보사,B,SH122,업종별 대출금
4754,201906,0011226,비엔피파리바카디프생명보험주식회사,C,건설업,0,외국생보사,B,SH122,업종별 대출금
4755,201906,0011226,비엔피파리바카디프생명보험주식회사,D,도매 및 소매업,0,외국생보사,B,SH122,업종별 대출금
4756,201906,0011226,비엔피파리바카디프생명보험주식회사,E,숙박 및 음식점업,0,외국생보사,B,SH122,업종별 대출금
4757,201906,0011226,비엔피파리바카디프생명보험주식회사,F,"출판, 영상, 방송통신 및 정보서비스업",0,외국생보사,B,SH122,업종별 대출금
4758,201906,0011226,비엔피파리바카디프생명보험주식회사,G,부동산업 및 임대업,0,외국생보사,B,SH122,업종별 대출금
4759,201906,0011226,비엔피파리바카디프생명보험주식회사,H,기타,15385750000,외국생보사,B,SH122,업종별 대출금
4760,201906,0011226,비엔피파리바카디프생명보험주식회사,I,계,15385750000,외국생보사,B,SH122,업종별 대출금
4761,201909,0011226,비엔피파리바카디프생명보험주식회사,A,"농업, 임업 및 어업",0,외국생보사,B,SH122,업종별 대출금
4762,201909,0011226,비엔피파리바카디프생명보험주식회사,B,제조업,0,외국생보사,B,SH122,업종별 대출금
4763,201909,0011226,비엔피파리바카디프생명보험주식회사,C,건설업,0,외국생보사,B,SH122,업종별 대출금
4764,201909,0011226,비엔피파리바카디프생명보험주식회사,D,도매 및 소매업,0,외국생보사,B,SH122,업종별 대출금
4765,201909,0011226,비엔피파리바카디프생명보험주식회사,E,숙박 및 음식점업,0,외국생보사,B,SH122,업종별 대출금
4766,201909,0011226,비엔피파리바카디프생명보험주식회사,F,"출판, 영상, 방송통신 및 정보서비스업",0,외국생보사,B,SH122,업종별 대출금
4767,201909,0011226,비엔피파리바카디프생명보험주식회사,G,부동산업 및 임대업,0,외국생보사,B,SH122,업종별 대출금
4768,201909,0011226,비엔피파리바카디프생명보험주식회사,H,기타,20410750000,외국생보사,B,SH122,업종별 대출금
4769,201909,0011226,비엔피파리바카디프생명보험주식회사,I,계,20410750000,외국생보사,B,SH122,업종별 대출금
4770,201912,0011226,비엔피파리바카디프생명보험주식회사,A,"농업, 임업 및 어업",0,외국생보사,B,SH122,업종별 대출금
4771,201912,0011226,비엔피파리바카디프생명보험주식회사,B,제조업,0,외국생보사,B,SH122,업종별 대출금
4772,201912,0011226,비엔피파리바카디프생명보험주식회사,C,건설업,0,외국생보사,B,SH122,업종별 대출금
4773,201912,0011226,비엔피파리바카디프생명보험주식회사,D,도매 및 소매업,0,외국생보사,B,SH122,업종별 대출금
4774,201912,0011226,비엔피파리바카디프생명보험주식회사,E,숙박 및 음식점업,0,외국생보사,B,SH122,업종별 대출금
4775,201912,0011226,비엔피파리바카디프생명보험주식회사,F,"출판, 영상, 방송통신 및 정보서비스업",0,외국생보사,B,SH122,업종별 대출금
4776,201912,0011226,비엔피파리바카디프생명보험주식회사,G,부동산업 및 임대업,0,외국생보사,B,SH122,업종별 대출금
4777,201912,0011226,비엔피파리바카디프생명보험주식회사,H,기타,3590800000,외국생보사,B,SH122,업종별 대출금
4778,201912,0011226,비엔피파리바카디프생명보험주식회사,I,계,3590800000,외국생보사,B,SH122,업종별 대출금
4779,202003,0011226,비엔피파리바카디프생명보험주식회사,A,"농업, 임업 및 어업",0,외국생보사,B,SH122,업종별 대출금
4780,202003,0011226,비엔피파리바카디프생명보험주식회사,B,제조업,0,외국생보사,B,SH122,업종별 대출금
4781,202003,0011226,비엔피파리바카디프생명보험주식회사,C,건설업,0,외국생보사,B,SH122,업종별 대출금
4782,202003,0011226,비엔피파리바카디프생명보험주식회사,D,도매 및 소매업,0,외국생보사,B,SH122,업종별 대출금
4783,202003,0011226,비엔피파리바카디프생명보험주식회사,E,숙박 및 음식점업,0,외국생보사,B,SH122,업종별 대출금
4784,202003,0011226,비엔피파리바카디프생명보험주식회사,F,"출판, 영상, 방송통신 및 정보서비스업",0,외국생보사,B,SH122,업종별 대출금
4785,202003,0011226,비엔피파리바카디프생명보험주식회사,G,부동산업 및 임대업,0,외국생보사,B,SH122,업종별 대출금
4786,202003,0011226,비엔피파리바카디프생명보험주식회사,H,기타,6727550000,외국생보사,B,SH122,업종별 대출금
4787,202003,0011226,비엔피파리바카디프생명보험주식회사,I,계,6727550000,외국생보사,B,SH122,업종별 대출금
4788,202006,0011226,비엔피파리바카디프생명보험주식회사,A,"농업, 임업 및 어업",0,외국생보사,B,SH122,업종별 대출금
4789,202006,0011226,비엔피파리바카디프생명보험주식회사,B,제조업,0,외국생보사,B,SH122,업종별 대출금
4790,202006,0011226,비엔피파리바카디프생명보험주식회사,C,건설업,0,외국생보사,B,SH122,업종별 대출금
4791,202006,0011226,비엔피파리바카디프생명보험주식회사,D,도매 및 소매업,0,외국생보사,B,SH122,업종별 대출금
4792,202006,0011226,비엔피파리바카디프생명보험주식회사,E,숙박 및 음식점업,0,외국생보사,B,SH122,업종별 대출금
4793,202006,0011226,비엔피파리바카디프생명보험주식회사,F,"출판, 영상, 방송통신 및 정보서비스업",0,외국생보사,B,SH122,업종별 대출금
4794,202006,0011226,비엔피파리바카디프생명보험주식회사,G,부동산업 및 임대업,0,외국생보사,B,SH122,업종별 대출금
4795,202006,0011226,비엔피파리바카디프생명보험주식회사,H,기타,14135000000,외국생보사,B,SH122,업종별 대출금
4796,202006,0011226,비엔피파리바카디프생명보험주식회사,I,계,14135000000,외국생보사,B,SH122,업종별 대출금
4797,202009,0011226,비엔피파리바카디프생명보험주식회사,A,"농업, 임업 및 어업",0,외국생보사,B,SH122,업종별 대출금
4798,202009,0011226,비엔피파리바카디프생명보험주식회사,B,제조업,0,외국생보사,B,SH122,업종별 대출금
4799,202009,0011226,비엔피파리바카디프생명보험주식회사,C,건설업,0,외국생보사,B,SH122,업종별 대출금
4800,202009,0011226,비엔피파리바카디프생명보험주식회사,D,도매 및 소매업,0,외국생보사,B,SH122,업종별 대출금
4801,202009,0011226,비엔피파리바카디프생명보험주식회사,E,숙박 및 음식점업,0,외국생보사,B,SH122,업종별 대출금
4802,202009,0011226,비엔피파리바카디프생명보험주식회사,F,"출판, 영상, 방송통신 및 정보서비스업",0,외국생보사,B,SH122,업종별 대출금
4803,202009,0011226,비엔피파리바카디프생명보험주식회사,G,부동산업 및 임대업,0,외국생보사,B,SH122,업종별 대출금
4804,202009,0011226,비엔피파리바카디프생명보험주식회사,H,기타,3170430000,외국생보사,B,SH122,업종별 대출금
4805,202009,0011226,비엔피파리바카디프생명보험주식회사,I,계,3170430000,외국생보사,B,SH122,업종별 대출금
4806,202012,0011226,비엔피파리바카디프생명보험주식회사,A,"농업, 임업 및 어업",0,외국생보사,B,SH122,업종별 대출금
4807,202012,0011226,비엔피파리바카디프생명보험주식회사,B,제조업,0,외국생보사,B,SH122,업종별 대출금
4808,202012,0011226,비엔피파리바카디프생명보험주식회사,C,건설업,0,외국생보사,B,SH122,업종별 대출금
4809,202012,0011226,비엔피파리바카디프생명보험주식회사,D,도매 및 소매업,0,외국생보사,B,SH122,업종별 대출금
4810,202012,0011226,비엔피파리바카디프생명보험주식회사,E,숙박 및 음식점업,0,외국생보사,B,SH122,업종별 대출금
4811,202012,0011226,비엔피파리바카디프생명보험주식회사,F,"출판, 영상, 방송통신 및 정보서비스업",0,외국생보사,B,SH122,업종별 대출금
4812,202012,0011226,비엔피파리바카디프생명보험주식회사,G,부동산업 및 임대업,0,외국생보사,B,SH122,업종별 대출금
4813,202012,0011226,비엔피파리바카디프생명보험주식회사,H,기타,7586000000,외국생보사,B,SH122,업종별 대출금
4814,202012,0011226,비엔피파리바카디프생명보험주식회사,I,계,7586000000,외국생보사,B,SH122,업종별 대출금
4815,202103,0011226,비엔피파리바카디프생명보험주식회사,A,"농업, 임업 및 어업",0,외국생보사,B,SH122,업종별 대출금
4816,202103,0011226,비엔피파리바카디프생명보험주식회사,B,제조업,0,외국생보사,B,SH122,업종별 대출금
4817,202103,0011226,비엔피파리바카디프생명보험주식회사,C,건설업,0,외국생보사,B,SH122,업종별 대출금
4818,202103,0011226,비엔피파리바카디프생명보험주식회사,D,도매 및 소매업,0,외국생보사,B,SH122,업종별 대출금
4819,202103,0011226,비엔피파리바카디프생명보험주식회사,E,숙박 및 음식점업,0,외국생보사,B,SH122,업종별 대출금
4820,202103,0011226,비엔피파리바카디프생명보험주식회사,F,"출판, 영상, 방송통신 및 정보서비스업",0,외국생보사,B,SH122,업종별 대출금
4821,202103,0011226,비엔피파리바카디프생명보험주식회사,G,부동산업 및 임대업,0,외국생보사,B,SH122,업종별 대출금
4822,202103,0011226,비엔피파리바카디프생명보험주식회사,H,기타,15949740000,외국생보사,B,SH122,업종별 대출금
4823,202103,0011226,비엔피파리바카디프생명보험주식회사,I,계,15949740000,외국생보사,B,SH122,업종별 대출금
4824,202106,0011226,비엔피파리바카디프생명보험주식회사,A,"농업, 임업 및 어업",0,외국생보사,B,SH122,업종별 대출금
4825,202106,0011226,비엔피파리바카디프생명보험주식회사,B,제조업,0,외국생보사,B,SH122,업종별 대출금
4826,202106,0011226,비엔피파리바카디프생명보험주식회사,C,건설업,0,외국생보사,B,SH122,업종별 대출금
4827,202106,0011226,비엔피파리바카디프생명보험주식회사,D,도매 및 소매업,0,외국생보사,B,SH122,업종별 대출금
4828,202106,0011226,비엔피파리바카디프생명보험주식회사,E,숙박 및 음식점업,0,외국생보사,B,SH122,업종별 대출금
4829,202106,0011226,비엔피파리바카디프생명보험주식회사,F,"출판, 영상, 방송통신 및 정보서비스업",0,외국생보사,B,SH122,업종별 대출금
4830,202106,0011226,비엔피파리바카디프생명보험주식회사,G,부동산업 및 임대업,0,외국생보사,B,SH122,업종별 대출금
4831,202106,0011226,비엔피파리바카디프생명보험주식회사,H,기타,18754950000,외국생보사,B,SH122,업종별 대출금
4832,202106,0011226,비엔피파리바카디프생명보험주식회사,I,계,18754950000,외국생보사,B,SH122,업종별 대출금
4833,202109,0011226,비엔피파리바카디프생명보험주식회사,A,"농업, 임업 및 어업",0,외국생보사,B,SH122,업종별 대출금
4834,202109,0011226,비엔피파리바카디프생명보험주식회사,B,제조업,0,외국생보사,B,SH122,업종별 대출금
4835,202109,0011226,비엔피파리바카디프생명보험주식회사,C,건설업,0,외국생보사,B,SH122,업종별 대출금
4836,202109,0011226,비엔피파리바카디프생명보험주식회사,D,도매 및 소매업,0,외국생보사,B,SH122,업종별 대출금
4837,202109,0011226,비엔피파리바카디프생명보험주식회사,E,숙박 및 음식점업,0,외국생보사,B,SH122,업종별 대출금
4838,202109,0011226,비엔피파리바카디프생명보험주식회사,F,"출판, 영상, 방송통신 및 정보서비스업",0,외국생보사,B,SH122,업종별 대출금
4839,202109,0011226,비엔피파리바카디프생명보험주식회사,G,부동산업 및 임대업,0,외국생보사,B,SH122,업종별 대출금
4840,202109,0011226,비엔피파리바카디프생명보험주식회사,H,기타,1906220000,외국생보사,B,SH122,업종별 대출금
4841,202109,0011226,비엔피파리바카디프생명보험주식회사,I,계,1906220000,외국생보사,B,SH122,업종별 대출금
4842,202112,0011226,비엔피파리바카디프생명보험주식회사,A,"농업, 임업 및 어업",0,외국생보사,B,SH122,업종별 대출금
4843,202112,0011226,비엔피파리바카디프생명보험주식회사,B,제조업,0,외국생보사,B,SH122,업종별 대출금
4844,202112,0011226,비엔피파리바카디프생명보험주식회사,C,건설업,0,외국생보사,B,SH122,업종별 대출금
4845,202112,0011226,비엔피파리바카디프생명보험주식회사,D,도매 및 소매업,0,외국생보사,B,SH122,업종별 대출금
4846,202112,0011226,비엔피파리바카디프생명보험주식회사,E,숙박 및 음식점업,0,외국생보사,B,SH122,업종별 대출금
4847,202112,0011226,비엔피파리바카디프생명보험주식회사,F,"출판, 영상, 방송통신 및 정보서비스업",0,외국생보사,B,SH122,업종별 대출금
4848,202112,0011226,비엔피파리바카디프생명보험주식회사,G,부동산업 및 임대업,0,외국생보사,B,SH122,업종별 대출금
4849,202112,0011226,비엔피파리바카디프생명보험주식회사,H,기타,16374490000,외국생보사,B,SH122,업종별 대출금
4850,202112,0011226,비엔피파리바카디프생명보험주식회사,I,계,16374490000,외국생보사,B,SH122,업종별 대출금
4851,202203,0011226,비엔피파리바카디프생명보험주식회사,A,"농업, 임업 및 어업",0,외국생보사,B,SH122,업종별 대출금
4852,202203,0011226,비엔피파리바카디프생명보험주식회사,B,제조업,0,외국생보사,B,SH122,업종별 대출금
4853,202203,0011226,비엔피파리바카디프생명보험주식회사,C,건설업,0,외국생보사,B,SH122,업종별 대출금
4854,202203,0011226,비엔피파리바카디프생명보험주식회사,D,도매 및 소매업,0,외국생보사,B,SH122,업종별 대출금
4855,202203,0011226,비엔피파리바카디프생명보험주식회사,E,숙박 및 음식점업,0,외국생보사,B,SH122,업종별 대출금
4856,202203,0011226,비엔피파리바카디프생명보험주식회사,F,"출판, 영상, 방송통신 및 정보서비스업",0,외국생보사,B,SH122,업종별 대출금
4857,202203,0011226,비엔피파리바카디프생명보험주식회사,G,부동산업 및 임대업,0,외국생보사,B,SH122,업종별 대출금
4858,202203,0011226,비엔피파리바카디프생명보험주식회사,H,기타,20036850000,외국생보사,B,SH122,업종별 대출금
4859,202203,0011226,비엔피파리바카디프생명보험주식회사,I,계,20036850000,외국생보사,B,SH122,업종별 대출금
4860,202206,0011226,비엔피파리바카디프생명보험주식회사,A,"농업, 임업 및 어업",0,외국생보사,B,SH122,업종별 대출금
4861,202206,0011226,비엔피파리바카디프생명보험주식회사,B,제조업,0,외국생보사,B,SH122,업종별 대출금
4862,202206,0011226,비엔피파리바카디프생명보험주식회사,C,건설업,0,외국생보사,B,SH122,업종별 대출금
4863,202206,0011226,비엔피파리바카디프생명보험주식회사,D,도매 및 소매업,0,외국생보사,B,SH122,업종별 대출금
4864,202206,0011226,비엔피파리바카디프생명보험주식회사,E,숙박 및 음식점업,0,외국생보사,B,SH122,업종별 대출금
4865,202206,0011226,비엔피파리바카디프생명보험주식회사,F,"출판, 영상, 방송통신 및 정보서비스업",0,외국생보사,B,SH122,업종별 대출금
4866,202206,0011226,비엔피파리바카디프생명보험주식회사,G,부동산업 및 임대업,0,외국생보사,B,SH122,업종별 대출금
4867,202206,0011226,비엔피파리바카디프생명보험주식회사,H,기타,18459530000,외국생보사,B,SH122,업종별 대출금
4868,202206,0011226,비엔피파리바카디프생명보험주식회사,I,계,18459530000,외국생보사,B,SH122,업종별 대출금
4869,202209,0011226,비엔피파리바카디프생명보험주식회사,A,"농업, 임업 및 어업",0,외국생보사,B,SH122,업종별 대출금
4870,202209,0011226,비엔피파리바카디프생명보험주식회사,B,제조업,0,외국생보사,B,SH122,업종별 대출금
4871,202209,0011226,비엔피파리바카디프생명보험주식회사,C,건설업,0,외국생보사,B,SH122,업종별 대출금
4872,202209,0011226,비엔피파리바카디프생명보험주식회사,D,도매 및 소매업,0,외국생보사,B,SH122,업종별 대출금
4873,202209,0011226,비엔피파리바카디프생명보험주식회사,E,숙박 및 음식점업,0,외국생보사,B,SH122,업종별 대출금
4874,202209,0011226,비엔피파리바카디프생명보험주식회사,F,"출판, 영상, 방송통신 및 정보서비스업",0,외국생보사,B,SH122,업종별 대출금
4875,202209,0011226,비엔피파리바카디프생명보험주식회사,G,부동산업 및 임대업,0,외국생보사,B,SH122,업종별 대출금
4876,202209,0011226,비엔피파리바카디프생명보험주식회사,H,기타,16711670000,외국생보사,B,SH122,업종별 대출금
4877,202209,0011226,비엔피파리바카디프생명보험주식회사,I,계,16711670000,외국생보사,B,SH122,업종별 대출금
4878,202212,0011226,비엔피파리바카디프생명보험주식회사,A,"농업, 임업 및 어업",0,외국생보사,B,SH122,업종별 대출금
4879,202212,0011226,비엔피파리바카디프생명보험주식회사,B,제조업,0,외국생보사,B,SH122,업종별 대출금
4880,202212,0011226,비엔피파리바카디프생명보험주식회사,C,건설업,0,외국생보사,B,SH122,업종별 대출금
4881,202212,0011226,비엔피파리바카디프생명보험주식회사,D,도매 및 소매업,0,외국생보사,B,SH122,업종별 대출금
4882,202212,0011226,비엔피파리바카디프생명보험주식회사,E,숙박 및 음식점업,0,외국생보사,B,SH122,업종별 대출금
4883,202212,0011226,비엔피파리바카디프생명보험주식회사,F,"출판, 영상, 방송통신 및 정보서비스업",0,외국생보사,B,SH122,업종별 대출금
4884,202212,0011226,비엔피파리바카디프생명보험주식회사,G,부동산업 및 임대업,0,외국생보사,B,SH122,업종별 대출금
4885,202212,0011226,비엔피파리바카디프생명보험주식회사,H,기타,13128010000,외국생보사,B,SH122,업종별 대출금
4886,202212,0011226,비엔피파리바카디프생명보험주식회사,I,계,13128010000,외국생보사,B,SH122,업종별 대출금
4887,202303,0011226,비엔피파리바카디프생명보험주식회사,A,"농업, 임업 및 어업",0,외국생보사,B,SH122,업종별 대출금
4888,202303,0011226,비엔피파리바카디프생명보험주식회사,B,제조업,0,외국생보사,B,SH122,업종별 대출금
4889,202303,0011226,비엔피파리바카디프생명보험주식회사,C,건설업,0,외국생보사,B,SH122,업종별 대출금
4890,202303,0011226,비엔피파리바카디프생명보험주식회사,D,도매 및 소매업,0,외국생보사,B,SH122,업종별 대출금
4891,202303,0011226,비엔피파리바카디프생명보험주식회사,E,숙박 및 음식점업,0,외국생보사,B,SH122,업종별 대출금
4892,202303,0011226,비엔피파리바카디프생명보험주식회사,F,"출판, 영상, 방송통신 및 정보서비스업",0,외국생보사,B,SH122,업종별 대출금
4893,202303,0011226,비엔피파리바카디프생명보험주식회사,G,부동산업 및 임대업,0,외국생보사,B,SH122,업종별 대출금
4894,202303,0011226,비엔피파리바카디프생명보험주식회사,H,기타,25200000000,외국생보사,B,SH122,업종별 대출금
4895,202303,0011226,비엔피파리바카디프생명보험주식회사,I,계,25200000000,외국생보사,B,SH122,업종별 대출금
4896,202306,0011226,비엔피파리바카디프생명보험주식회사,A,"농업, 임업 및 어업",0,외국생보사,B,SH122,업종별 대출금
4897,202306,0011226,비엔피파리바카디프생명보험주식회사,B,제조업,0,외국생보사,B,SH122,업종별 대출금
4898,202306,0011226,비엔피파리바카디프생명보험주식회사,C,건설업,0,외국생보사,B,SH122,업종별 대출금
4899,202306,0011226,비엔피파리바카디프생명보험주식회사,D,도매 및 소매업,0,외국생보사,B,SH122,업종별 대출금
4900,202306,0011226,비엔피파리바카디프생명보험주식회사,E,숙박 및 음식점업,0,외국생보사,B,SH122,업종별 대출금
4901,202306,0011226,비엔피파리바카디프생명보험주식회사,F,"출판, 영상, 방송통신 및 정보서비스업",0,외국생보사,B,SH122,업종별 대출금
4902,202306,0011226,비엔피파리바카디프생명보험주식회사,G,부동산업 및 임대업,0,외국생보사,B,SH122,업종별 대출금
4903,202306,0011226,비엔피파리바카디프생명보험주식회사,H,기타,15200000000,외국생보사,B,SH122,업종별 대출금
4904,202306,0011226,비엔피파리바카디프생명보험주식회사,I,계,15200000000,외국생보사,B,SH122,업종별 대출금
4905,202309,0011226,비엔피파리바카디프생명보험주식회사,A,"농업, 임업 및 어업",0,외국생보사,B,SH122,업종별 대출금
4906,202309,0011226,비엔피파리바카디프생명보험주식회사,B,제조업,0,외국생보사,B,SH122,업종별 대출금
4907,202309,0011226,비엔피파리바카디프생명보험주식회사,C,건설업,0,외국생보사,B,SH122,업종별 대출금
4908,202309,0011226,비엔피파리바카디프생명보험주식회사,D,도매 및 소매업,0,외국생보사,B,SH122,업종별 대출금
4909,202309,0011226,비엔피파리바카디프생명보험주식회사,E,숙박 및 음식점업,0,외국생보사,B,SH122,업종별 대출금
4910,202309,0011226,비엔피파리바카디프생명보험주식회사,F,"출판, 영상, 방송통신 및 정보서비스업",0,외국생보사,B,SH122,업종별 대출금
4911,202309,0011226,비엔피파리바카디프생명보험주식회사,G,부동산업 및 임대업,0,외국생보사,B,SH122,업종별 대출금
4912,202309,0011226,비엔피파리바카디프생명보험주식회사,H,기타,12700000000,외국생보사,B,SH122,업종별 대출금
4913,202309,0011226,비엔피파리바카디프생명보험주식회사,I,계,12700000000,외국생보사,B,SH122,업종별 대출금
4914,202312,0011226,비엔피파리바카디프생명보험주식회사,A,"농업, 임업 및 어업",0,외국생보사,B,SH122,업종별 대출금
4915,202312,0011226,비엔피파리바카디프생명보험주식회사,B,제조업,0,외국생보사,B,SH122,업종별 대출금
4916,202312,0011226,비엔피파리바카디프생명보험주식회사,C,건설업,0,외국생보사,B,SH122,업종별 대출금
4917,202312,0011226,비엔피파리바카디프생명보험주식회사,D,도매 및 소매업,0,외국생보사,B,SH122,업종별 대출금
4918,202312,0011226,비엔피파리바카디프생명보험주식회사,E,숙박 및 음식점업,0,외국생보사,B,SH122,업종별 대출금
4919,202312,0011226,비엔피파리바카디프생명보험주식회사,F,"출판, 영상, 방송통신 및 정보서비스업",0,외국생보사,B,SH122,업종별 대출금
4920,202312,0011226,비엔피파리바카디프생명보험주식회사,G,부동산업 및 임대업,0,외국생보사,B,SH122,업종별 대출금
4921,202312,0011226,비엔피파리바카디프생명보험주식회사,H,기타,17800000000,외국생보사,B,SH122,업종별 대출금
4922,202312,0011226,비엔피파리바카디프생명보험주식회사,I,계,17800000000,외국생보사,B,SH122,업종별 대출금
4923,202403,0011226,비엔피파리바카디프생명보험주식회사,A,"농업, 임업 및 어업",0,외국생보사,B,SH122,업종별 대출금
4924,202403,0011226,비엔피파리바카디프생명보험주식회사,B,제조업,0,외국생보사,B,SH122,업종별 대출금
4925,202403,0011226,비엔피파리바카디프생명보험주식회사,C,건설업,0,외국생보사,B,SH122,업종별 대출금
4926,202403,0011226,비엔피파리바카디프생명보험주식회사,D,도매 및 소매업,0,외국생보사,B,SH122,업종별 대출금
4927,202403,0011226,비엔피파리바카디프생명보험주식회사,E,숙박 및 음식점업,0,외국생보사,B,SH122,업종별 대출금
4928,202403,0011226,비엔피파리바카디프생명보험주식회사,F,"출판, 영상, 방송통신 및 정보서비스업",0,외국생보사,B,SH122,업종별 대출금
4929,202403,0011226,비엔피파리바카디프생명보험주식회사,G,부동산업 및 임대업,0,외국생보사,B,SH122,업종별 대출금
4930,202403,0011226,비엔피파리바카디프생명보험주식회사,H,기타,9800000000,외국생보사,B,SH122,업종별 대출금
4931,202403,0011226,비엔피파리바카디프생명보험주식회사,I,계,9800000000,외국생보사,B,SH122,업종별 대출금
4932,202406,0011226,비엔피파리바카디프생명보험주식회사,A,"농업, 임업 및 어업",0,외국생보사,B,SH122,업종별 대출금
4933,202406,0011226,비엔피파리바카디프생명보험주식회사,B,제조업,0,외국생보사,B,SH122,업종별 대출금
4934,202406,0011226,비엔피파리바카디프생명보험주식회사,C,건설업,0,외국생보사,B,SH122,업종별 대출금
4935,202406,0011226,비엔피파리바카디프생명보험주식회사,D,도매 및 소매업,0,외국생보사,B,SH122,업종별 대출금
4936,202406,0011226,비엔피파리바카디프생명보험주식회사,E,숙박 및 음식점업,0,외국생보사,B,SH122,업종별 대출금
4937,202406,0011226,비엔피파리바카디프생명보험주식회사,F,"출판, 영상, 방송통신 및 정보서비스업",0,외국생보사,B,SH122,업종별 대출금
4938,202406,0011226,비엔피파리바카디프생명보험주식회사,G,부동산업 및 임대업,0,외국생보사,B,SH122,업종별 대출금
4939,202406,0011226,비엔피파리바카디프생명보험주식회사,H,기타,30300000000,외국생보사,B,SH122,업종별 대출금
4940,202406,0011226,비엔피파리바카디프생명보험주식회사,I,계,30300000000,외국생보사,B,SH122,업종별 대출금
4941,202409,0011226,비엔피파리바카디프생명보험주식회사,A,"농업, 임업 및 어업",0,외국생보사,B,SH122,업종별 대출금
4942,202409,0011226,비엔피파리바카디프생명보험주식회사,B,제조업,0,외국생보사,B,SH122,업종별 대출금
4943,202409,0011226,비엔피파리바카디프생명보험주식회사,C,건설업,0,외국생보사,B,SH122,업종별 대출금
4944,202409,0011226,비엔피파리바카디프생명보험주식회사,D,도매 및 소매업,0,외국생보사,B,SH122,업종별 대출금
4945,202409,0011226,비엔피파리바카디프생명보험주식회사,E,숙박 및 음식점업,0,외국생보사,B,SH122,업종별 대출금
4946,202409,0011226,비엔피파리바카디프생명보험주식회사,F,"출판, 영상, 방송통신 및 정보서비스업",0,외국생보사,B,SH122,업종별 대출금
4947,202409,0011226,비엔피파리바카디프생명보험주식회사,G,부동산업 및 임대업,0,외국생보사,B,SH122,업종별 대출금
4948,202409,0011226,비엔피파리바카디프생명보험주식회사,H,기타,32900000000,외국생보사,B,SH122,업종별 대출금
4949,202409,0011226,비엔피파리바카디프생명보험주식회사,I,계,32900000000,외국생보사,B,SH122,업종별 대출금
4950,202412,0011226,비엔피파리바카디프생명보험주식회사,A,"농업, 임업 및 어업",0,외국생보사,B,SH122,업종별 대출금
4951,202412,0011226,비엔피파리바카디프생명보험주식회사,B,제조업,0,외국생보사,B,SH122,업종별 대출금
4952,202412,0011226,비엔피파리바카디프생명보험주식회사,C,건설업,0,외국생보사,B,SH122,업종별 대출금
4953,202412,0011226,비엔피파리바카디프생명보험주식회사,D,도매 및 소매업,0,외국생보사,B,SH122,업종별 대출금
4954,202412,0011226,비엔피파리바카디프생명보험주식회사,E,숙박 및 음식점업,0,외국생보사,B,SH122,업종별 대출금
4955,202412,0011226,비엔피파리바카디프생명보험주식회사,F,"출판, 영상, 방송통신 및 정보서비스업",0,외국생보사,B,SH122,업종별 대출금
4956,202412,0011226,비엔피파리바카디프생명보험주식회사,G,부동산업 및 임대업,0,외국생보사,B,SH122,업종별 대출금
4957,202412,0011226,비엔피파리바카디프생명보험주식회사,H,기타,31400000000,외국생보사,B,SH122,업종별 대출금
4958,202412,0011226,비엔피파리바카디프생명보험주식회사,I,계,31400000000,외국생보사,B,SH122,업종별 대출금
4959,202503,0011226,비엔피파리바카디프생명보험주식회사,A,"농업, 임업 및 어업",0,외국생보사,B,SH122,업종별 대출금
4960,202503,0011226,비엔피파리바카디프생명보험주식회사,B,제조업,0,외국생보사,B,SH122,업종별 대출금
4961,202503,0011226,비엔피파리바카디프생명보험주식회사,C,건설업,0,외국생보사,B,SH122,업종별 대출금
4962,202503,0011226,비엔피파리바카디프생명보험주식회사,D,도매 및 소매업,0,외국생보사,B,SH122,업종별 대출금
4963,202503,0011226,비엔피파리바카디프생명보험주식회사,E,숙박 및 음식점업,0,외국생보사,B,SH122,업종별 대출금
4964,202503,0011226,비엔피파리바카디프생명보험주식회사,F,"출판, 영상, 방송통신 및 정보서비스업",0,외국생보사,B,SH122,업종별 대출금
4965,202503,0011226,비엔피파리바카디프생명보험주식회사,G,부동산업 및 임대업,0,외국생보사,B,SH122,업종별 대출금
4966,202503,0011226,비엔피파리바카디프생명보험주식회사,H,기타,36400000000,외국생보사,B,SH122,업종별 대출금
4967,202503,0011226,비엔피파리바카디프생명보험주식회사,I,계,36400000000,외국생보사,B,SH122,업종별 대출금
4968,201703,0010594,에이비엘생명보험주식회사,A,"농업, 임업 및 어업",0,외국생보사,B,SH122,업종별 대출금
4969,201703,0010594,에이비엘생명보험주식회사,B,제조업,0,외국생보사,B,SH122,업종별 대출금
4970,201703,0010594,에이비엘생명보험주식회사,C,건설업,50198948000,외국생보사,B,SH122,업종별 대출금
4971,201703,0010594,에이비엘생명보험주식회사,D,도매 및 소매업,0,외국생보사,B,SH122,업종별 대출금
4972,201703,0010594,에이비엘생명보험주식회사,E,숙박 및 음식점업,0,외국생보사,B,SH122,업종별 대출금
4973,201703,0010594,에이비엘생명보험주식회사,F,"출판, 영상, 방송통신 및 정보서비스업",0,외국생보사,B,SH122,업종별 대출금
4974,201703,0010594,에이비엘생명보험주식회사,G,부동산업 및 임대업,209916842000,외국생보사,B,SH122,업종별 대출금
4975,201703,0010594,에이비엘생명보험주식회사,H,기타,531989815000,외국생보사,B,SH122,업종별 대출금
4976,201703,0010594,에이비엘생명보험주식회사,I,계,792105605000,외국생보사,B,SH122,업종별 대출금
4977,201706,0010594,에이비엘생명보험주식회사,A,"농업, 임업 및 어업",0,외국생보사,B,SH122,업종별 대출금
4978,201706,0010594,에이비엘생명보험주식회사,B,제조업,0,외국생보사,B,SH122,업종별 대출금
4979,201706,0010594,에이비엘생명보험주식회사,C,건설업,61315990000,외국생보사,B,SH122,업종별 대출금
4980,201706,0010594,에이비엘생명보험주식회사,D,도매 및 소매업,0,외국생보사,B,SH122,업종별 대출금
4981,201706,0010594,에이비엘생명보험주식회사,E,숙박 및 음식점업,0,외국생보사,B,SH122,업종별 대출금
4982,201706,0010594,에이비엘생명보험주식회사,F,"출판, 영상, 방송통신 및 정보서비스업",0,외국생보사,B,SH122,업종별 대출금
4983,201706,0010594,에이비엘생명보험주식회사,G,부동산업 및 임대업,203119203000,외국생보사,B,SH122,업종별 대출금
4984,201706,0010594,에이비엘생명보험주식회사,H,기타,661244595000,외국생보사,B,SH122,업종별 대출금
4985,201706,0010594,에이비엘생명보험주식회사,I,계,925679788000,외국생보사,B,SH122,업종별 대출금
4986,201709,0010594,에이비엘생명보험주식회사,A,"농업, 임업 및 어업",0,외국생보사,B,SH122,업종별 대출금
4987,201709,0010594,에이비엘생명보험주식회사,B,제조업,0,외국생보사,B,SH122,업종별 대출금
4988,201709,0010594,에이비엘생명보험주식회사,C,건설업,62077990000,외국생보사,B,SH122,업종별 대출금
4989,201709,0010594,에이비엘생명보험주식회사,D,도매 및 소매업,0,외국생보사,B,SH122,업종별 대출금
4990,201709,0010594,에이비엘생명보험주식회사,E,숙박 및 음식점업,0,외국생보사,B,SH122,업종별 대출금
4991,201709,0010594,에이비엘생명보험주식회사,F,"출판, 영상, 방송통신 및 정보서비스업",0,외국생보사,B,SH122,업종별 대출금
4992,201709,0010594,에이비엘생명보험주식회사,G,부동산업 및 임대업,243065461000,외국생보사,B,SH122,업종별 대출금
4993,201709,0010594,에이비엘생명보험주식회사,H,기타,717698384000,외국생보사,B,SH122,업종별 대출금
4994,201709,0010594,에이비엘생명보험주식회사,I,계,1022841835000,외국생보사,B,SH122,업종별 대출금
4995,201712,0010594,에이비엘생명보험주식회사,A,"농업, 임업 및 어업",0,외국생보사,B,SH122,업종별 대출금
4996,201712,0010594,에이비엘생명보험주식회사,B,제조업,0,외국생보사,B,SH122,업종별 대출금
4997,201712,0010594,에이비엘생명보험주식회사,C,건설업,62638481000,외국생보사,B,SH122,업종별 대출금
4998,201712,0010594,에이비엘생명보험주식회사,D,도매 및 소매업,0,외국생보사,B,SH122,업종별 대출금
4999,201712,0010594,에이비엘생명보험주식회사,E,숙박 및 음식점업,0,외국생보사,B,SH122,업종별 대출금
5000,201712,0010594,에이비엘생명보험주식회사,F,"출판, 영상, 방송통신 및 정보서비스업",0,외국생보사,B,SH122,업종별 대출금
5001,201712,0010594,에이비엘생명보험주식회사,G,부동산업 및 임대업,273222150000,외국생보사,B,SH122,업종별 대출금
5002,201712,0010594,에이비엘생명보험주식회사,H,기타,694531627000,외국생보사,B,SH122,업종별 대출금
5003,201712,0010594,에이비엘생명보험주식회사,I,계,1030392258000,외국생보사,B,SH122,업종별 대출금
5004,201803,0010594,에이비엘생명보험주식회사,A,"농업, 임업 및 어업",0,외국생보사,B,SH122,업종별 대출금
5005,201803,0010594,에이비엘생명보험주식회사,B,제조업,30000000000,외국생보사,B,SH122,업종별 대출금
5006,201803,0010594,에이비엘생명보험주식회사,C,건설업,62505751000,외국생보사,B,SH122,업종별 대출금
5007,201803,0010594,에이비엘생명보험주식회사,D,도매 및 소매업,0,외국생보사,B,SH122,업종별 대출금
5008,201803,0010594,에이비엘생명보험주식회사,E,숙박 및 음식점업,0,외국생보사,B,SH122,업종별 대출금
5009,201803,0010594,에이비엘생명보험주식회사,F,"출판, 영상, 방송통신 및 정보서비스업",0,외국생보사,B,SH122,업종별 대출금
5010,201803,0010594,에이비엘생명보험주식회사,G,부동산업 및 임대업,272997021000,외국생보사,B,SH122,업종별 대출금
5011,201803,0010594,에이비엘생명보험주식회사,H,기타,749488742000,외국생보사,B,SH122,업종별 대출금
5012,201803,0010594,에이비엘생명보험주식회사,I,계,1114991514000,외국생보사,B,SH122,업종별 대출금
5013,201806,0010594,에이비엘생명보험주식회사,A,"농업, 임업 및 어업",0,외국생보사,B,SH122,업종별 대출금
5014,201806,0010594,에이비엘생명보험주식회사,B,제조업,50000000000,외국생보사,B,SH122,업종별 대출금
5015,201806,0010594,에이비엘생명보험주식회사,C,건설업,62378526000,외국생보사,B,SH122,업종별 대출금
5016,201806,0010594,에이비엘생명보험주식회사,D,도매 및 소매업,15000000000,외국생보사,B,SH122,업종별 대출금
5017,201806,0010594,에이비엘생명보험주식회사,E,숙박 및 음식점업,0,외국생보사,B,SH122,업종별 대출금
5018,201806,0010594,에이비엘생명보험주식회사,F,"출판, 영상, 방송통신 및 정보서비스업",0,외국생보사,B,SH122,업종별 대출금
5019,201806,0010594,에이비엘생명보험주식회사,G,부동산업 및 임대업,250292842000,외국생보사,B,SH122,업종별 대출금
5020,201806,0010594,에이비엘생명보험주식회사,H,기타,702406619000,외국생보사,B,SH122,업종별 대출금
5021,201806,0010594,에이비엘생명보험주식회사,I,계,1080077987000,외국생보사,B,SH122,업종별 대출금
5022,201809,0010594,에이비엘생명보험주식회사,A,"농업, 임업 및 어업",0,외국생보사,B,SH122,업종별 대출금
5023,201809,0010594,에이비엘생명보험주식회사,B,제조업,50000000000,외국생보사,B,SH122,업종별 대출금
5024,201809,0010594,에이비엘생명보험주식회사,C,건설업,62250944000,외국생보사,B,SH122,업종별 대출금
5025,201809,0010594,에이비엘생명보험주식회사,D,도매 및 소매업,15000000000,외국생보사,B,SH122,업종별 대출금
5026,201809,0010594,에이비엘생명보험주식회사,E,숙박 및 음식점업,30000000000,외국생보사,B,SH122,업종별 대출금
5027,201809,0010594,에이비엘생명보험주식회사,F,"출판, 영상, 방송통신 및 정보서비스업",0,외국생보사,B,SH122,업종별 대출금
5028,201809,0010594,에이비엘생명보험주식회사,G,부동산업 및 임대업,248074020000,외국생보사,B,SH122,업종별 대출금
5029,201809,0010594,에이비엘생명보험주식회사,H,기타,667221303000,외국생보사,B,SH122,업종별 대출금
5030,201809,0010594,에이비엘생명보험주식회사,I,계,1072546267000,외국생보사,B,SH122,업종별 대출금
5031,201812,0010594,에이비엘생명보험주식회사,A,"농업, 임업 및 어업",0,외국생보사,B,SH122,업종별 대출금
5032,201812,0010594,에이비엘생명보험주식회사,B,제조업,50000000000,외국생보사,B,SH122,업종별 대출금
5033,201812,0010594,에이비엘생명보험주식회사,C,건설업,6539014000,외국생보사,B,SH122,업종별 대출금
5034,201812,0010594,에이비엘생명보험주식회사,D,도매 및 소매업,15000000000,외국생보사,B,SH122,업종별 대출금
5035,201812,0010594,에이비엘생명보험주식회사,E,숙박 및 음식점업,30000000000,외국생보사,B,SH122,업종별 대출금
5036,201812,0010594,에이비엘생명보험주식회사,F,"출판, 영상, 방송통신 및 정보서비스업",0,외국생보사,B,SH122,업종별 대출금
5037,201812,0010594,에이비엘생명보험주식회사,G,부동산업 및 임대업,257061711000,외국생보사,B,SH122,업종별 대출금
5038,201812,0010594,에이비엘생명보험주식회사,H,기타,630299746000,외국생보사,B,SH122,업종별 대출금
5039,201812,0010594,에이비엘생명보험주식회사,I,계,988900471000,외국생보사,B,SH122,업종별 대출금
5040,201903,0010594,에이비엘생명보험주식회사,A,"농업, 임업 및 어업",0,외국생보사,B,SH122,업종별 대출금
5041,201903,0010594,에이비엘생명보험주식회사,B,제조업,50000000000,외국생보사,B,SH122,업종별 대출금
5042,201903,0010594,에이비엘생명보험주식회사,C,건설업,6539014000,외국생보사,B,SH122,업종별 대출금
5043,201903,0010594,에이비엘생명보험주식회사,D,도매 및 소매업,13521437000,외국생보사,B,SH122,업종별 대출금
5044,201903,0010594,에이비엘생명보험주식회사,E,숙박 및 음식점업,30000000000,외국생보사,B,SH122,업종별 대출금
5045,201903,0010594,에이비엘생명보험주식회사,F,"출판, 영상, 방송통신 및 정보서비스업",0,외국생보사,B,SH122,업종별 대출금
5046,201903,0010594,에이비엘생명보험주식회사,G,부동산업 및 임대업,256680017000,외국생보사,B,SH122,업종별 대출금
5047,201903,0010594,에이비엘생명보험주식회사,H,기타,599545714000,외국생보사,B,SH122,업종별 대출금
5048,201903,0010594,에이비엘생명보험주식회사,I,계,956286182000,외국생보사,B,SH122,업종별 대출금
5049,201906,0010594,에이비엘생명보험주식회사,A,"농업, 임업 및 어업",0,외국생보사,B,SH122,업종별 대출금
5050,201906,0010594,에이비엘생명보험주식회사,B,제조업,50000000000,외국생보사,B,SH122,업종별 대출금
5051,201906,0010594,에이비엘생명보험주식회사,C,건설업,6408654000,외국생보사,B,SH122,업종별 대출금
5052,201906,0010594,에이비엘생명보험주식회사,D,도매 및 소매업,0,외국생보사,B,SH122,업종별 대출금
5053,201906,0010594,에이비엘생명보험주식회사,E,숙박 및 음식점업,30000000000,외국생보사,B,SH122,업종별 대출금
5054,201906,0010594,에이비엘생명보험주식회사,F,"출판, 영상, 방송통신 및 정보서비스업",0,외국생보사,B,SH122,업종별 대출금
5055,201906,0010594,에이비엘생명보험주식회사,G,부동산업 및 임대업,249822690000,외국생보사,B,SH122,업종별 대출금
5056,201906,0010594,에이비엘생명보험주식회사,H,기타,613025280000,외국생보사,B,SH122,업종별 대출금
5057,201906,0010594,에이비엘생명보험주식회사,I,계,949256624000,외국생보사,B,SH122,업종별 대출금
5058,201909,0010594,에이비엘생명보험주식회사,A,"농업, 임업 및 어업",0,외국생보사,B,SH122,업종별 대출금
5059,201909,0010594,에이비엘생명보험주식회사,B,제조업,50000000000,외국생보사,B,SH122,업종별 대출금
5060,201909,0010594,에이비엘생명보험주식회사,C,건설업,6145109000,외국생보사,B,SH122,업종별 대출금
5061,201909,0010594,에이비엘생명보험주식회사,D,도매 및 소매업,0,외국생보사,B,SH122,업종별 대출금
5062,201909,0010594,에이비엘생명보험주식회사,E,숙박 및 음식점업,30000000000,외국생보사,B,SH122,업종별 대출금
5063,201909,0010594,에이비엘생명보험주식회사,F,"출판, 영상, 방송통신 및 정보서비스업",0,외국생보사,B,SH122,업종별 대출금
5064,201909,0010594,에이비엘생명보험주식회사,G,부동산업 및 임대업,211514359000,외국생보사,B,SH122,업종별 대출금
5065,201909,0010594,에이비엘생명보험주식회사,H,기타,637674711000,외국생보사,B,SH122,업종별 대출금
5066,201909,0010594,에이비엘생명보험주식회사,I,계,935334179000,외국생보사,B,SH122,업종별 대출금
5067,201912,0010594,에이비엘생명보험주식회사,A,"농업, 임업 및 어업",0,외국생보사,B,SH122,업종별 대출금
5068,201912,0010594,에이비엘생명보험주식회사,B,제조업,50000000000,외국생보사,B,SH122,업종별 대출금
5069,201912,0010594,에이비엘생명보험주식회사,C,건설업,6012397000,외국생보사,B,SH122,업종별 대출금
5070,201912,0010594,에이비엘생명보험주식회사,D,도매 및 소매업,0,외국생보사,B,SH122,업종별 대출금
5071,201912,0010594,에이비엘생명보험주식회사,E,숙박 및 음식점업,30000000000,외국생보사,B,SH122,업종별 대출금
5072,201912,0010594,에이비엘생명보험주식회사,F,"출판, 영상, 방송통신 및 정보서비스업",0,외국생보사,B,SH122,업종별 대출금
5073,201912,0010594,에이비엘생명보험주식회사,G,부동산업 및 임대업,202564193000,외국생보사,B,SH122,업종별 대출금
5074,201912,0010594,에이비엘생명보험주식회사,H,기타,634357876000,외국생보사,B,SH122,업종별 대출금
5075,201912,0010594,에이비엘생명보험주식회사,I,계,922934466000,외국생보사,B,SH122,업종별 대출금
5076,202003,0010594,에이비엘생명보험주식회사,A,"농업, 임업 및 어업",0,외국생보사,B,SH122,업종별 대출금
5077,202003,0010594,에이비엘생명보험주식회사,B,제조업,50000000000,외국생보사,B,SH122,업종별 대출금
5078,202003,0010594,에이비엘생명보험주식회사,C,건설업,5878243000,외국생보사,B,SH122,업종별 대출금
5079,202003,0010594,에이비엘생명보험주식회사,D,도매 및 소매업,0,외국생보사,B,SH122,업종별 대출금
5080,202003,0010594,에이비엘생명보험주식회사,E,숙박 및 음식점업,30000000000,외국생보사,B,SH122,업종별 대출금
5081,202003,0010594,에이비엘생명보험주식회사,F,"출판, 영상, 방송통신 및 정보서비스업",0,외국생보사,B,SH122,업종별 대출금
5082,202003,0010594,에이비엘생명보험주식회사,G,부동산업 및 임대업,198975838000,외국생보사,B,SH122,업종별 대출금
5083,202003,0010594,에이비엘생명보험주식회사,H,기타,638097806000,외국생보사,B,SH122,업종별 대출금
5084,202003,0010594,에이비엘생명보험주식회사,I,계,922951887000,외국생보사,B,SH122,업종별 대출금
5085,202006,0010594,에이비엘생명보험주식회사,A,"농업, 임업 및 어업",0,외국생보사,B,SH122,업종별 대출금
5086,202006,0010594,에이비엘생명보험주식회사,B,제조업,50000000000,외국생보사,B,SH122,업종별 대출금
5087,202006,0010594,에이비엘생명보험주식회사,C,건설업,5743121000,외국생보사,B,SH122,업종별 대출금
5088,202006,0010594,에이비엘생명보험주식회사,D,도매 및 소매업,0,외국생보사,B,SH122,업종별 대출금
5089,202006,0010594,에이비엘생명보험주식회사,E,숙박 및 음식점업,30000000000,외국생보사,B,SH122,업종별 대출금
5090,202006,0010594,에이비엘생명보험주식회사,F,"출판, 영상, 방송통신 및 정보서비스업",0,외국생보사,B,SH122,업종별 대출금
5091,202006,0010594,에이비엘생명보험주식회사,G,부동산업 및 임대업,189307557000,외국생보사,B,SH122,업종별 대출금
5092,202006,0010594,에이비엘생명보험주식회사,H,기타,607330959000,외국생보사,B,SH122,업종별 대출금
5093,202006,0010594,에이비엘생명보험주식회사,I,계,882381637000,외국생보사,B,SH122,업종별 대출금
5094,202009,0010594,에이비엘생명보험주식회사,A,"농업, 임업 및 어업",0,외국생보사,B,SH122,업종별 대출금
5095,202009,0010594,에이비엘생명보험주식회사,B,제조업,50000000000,외국생보사,B,SH122,업종별 대출금
5096,202009,0010594,에이비엘생명보험주식회사,C,건설업,5743121000,외국생보사,B,SH122,업종별 대출금
5097,202009,0010594,에이비엘생명보험주식회사,D,도매 및 소매업,0,외국생보사,B,SH122,업종별 대출금
5098,202009,0010594,에이비엘생명보험주식회사,E,숙박 및 음식점업,30000000000,외국생보사,B,SH122,업종별 대출금
5099,202009,0010594,에이비엘생명보험주식회사,F,"출판, 영상, 방송통신 및 정보서비스업",0,외국생보사,B,SH122,업종별 대출금
5100,202009,0010594,에이비엘생명보험주식회사,G,부동산업 및 임대업,158412546000,외국생보사,B,SH122,업종별 대출금
5101,202009,0010594,에이비엘생명보험주식회사,H,기타,592214088000,외국생보사,B,SH122,업종별 대출금
5102,202009,0010594,에이비엘생명보험주식회사,I,계,836369755000,외국생보사,B,SH122,업종별 대출금
5103,202012,0010594,에이비엘생명보험주식회사,A,"농업, 임업 및 어업",0,외국생보사,B,SH122,업종별 대출금
5104,202012,0010594,에이비엘생명보험주식회사,B,제조업,70000000000,외국생보사,B,SH122,업종별 대출금
5105,202012,0010594,에이비엘생명보험주식회사,C,건설업,5460759000,외국생보사,B,SH122,업종별 대출금
5106,202012,0010594,에이비엘생명보험주식회사,D,도매 및 소매업,0,외국생보사,B,SH122,업종별 대출금
5107,202012,0010594,에이비엘생명보험주식회사,E,숙박 및 음식점업,30000000000,외국생보사,B,SH122,업종별 대출금
5108,202012,0010594,에이비엘생명보험주식회사,F,"출판, 영상, 방송통신 및 정보서비스업",0,외국생보사,B,SH122,업종별 대출금
5109,202012,0010594,에이비엘생명보험주식회사,G,부동산업 및 임대업,187417814000,외국생보사,B,SH122,업종별 대출금
5110,202012,0010594,에이비엘생명보험주식회사,H,기타,587761082000,외국생보사,B,SH122,업종별 대출금
5111,202012,0010594,에이비엘생명보험주식회사,I,계,880639655000,외국생보사,B,SH122,업종별 대출금
5112,202103,0010594,에이비엘생명보험주식회사,A,"농업, 임업 및 어업",0,외국생보사,B,SH122,업종별 대출금
5113,202103,0010594,에이비엘생명보험주식회사,B,제조업,70000000000,외국생보사,B,SH122,업종별 대출금
5114,202103,0010594,에이비엘생명보험주식회사,C,건설업,5316358000,외국생보사,B,SH122,업종별 대출금
5115,202103,0010594,에이비엘생명보험주식회사,D,도매 및 소매업,0,외국생보사,B,SH122,업종별 대출금
5116,202103,0010594,에이비엘생명보험주식회사,E,숙박 및 음식점업,30000000000,외국생보사,B,SH122,업종별 대출금
5117,202103,0010594,에이비엘생명보험주식회사,F,"출판, 영상, 방송통신 및 정보서비스업",0,외국생보사,B,SH122,업종별 대출금
5118,202103,0010594,에이비엘생명보험주식회사,G,부동산업 및 임대업,177362303000,외국생보사,B,SH122,업종별 대출금
5119,202103,0010594,에이비엘생명보험주식회사,H,기타,586975457000,외국생보사,B,SH122,업종별 대출금
5120,202103,0010594,에이비엘생명보험주식회사,I,계,869654118000,외국생보사,B,SH122,업종별 대출금
5121,202106,0010594,에이비엘생명보험주식회사,A,"농업, 임업 및 어업",0,외국생보사,B,SH122,업종별 대출금
5122,202106,0010594,에이비엘생명보험주식회사,B,제조업,70000000000,외국생보사,B,SH122,업종별 대출금
5123,202106,0010594,에이비엘생명보험주식회사,C,건설업,5171558000,외국생보사,B,SH122,업종별 대출금
5124,202106,0010594,에이비엘생명보험주식회사,D,도매 및 소매업,0,외국생보사,B,SH122,업종별 대출금
5125,202106,0010594,에이비엘생명보험주식회사,E,숙박 및 음식점업,30000000000,외국생보사,B,SH122,업종별 대출금
5126,202106,0010594,에이비엘생명보험주식회사,F,"출판, 영상, 방송통신 및 정보서비스업",0,외국생보사,B,SH122,업종별 대출금
5127,202106,0010594,에이비엘생명보험주식회사,G,부동산업 및 임대업,175802882000,외국생보사,B,SH122,업종별 대출금
5128,202106,0010594,에이비엘생명보험주식회사,H,기타,498155142000,외국생보사,B,SH122,업종별 대출금
5129,202106,0010594,에이비엘생명보험주식회사,I,계,779129582000,외국생보사,B,SH122,업종별 대출금
5130,202109,0010594,에이비엘생명보험주식회사,A,"농업, 임업 및 어업",0,외국생보사,B,SH122,업종별 대출금
5131,202109,0010594,에이비엘생명보험주식회사,B,제조업,70000000000,외국생보사,B,SH122,업종별 대출금
5132,202109,0010594,에이비엘생명보험주식회사,C,건설업,5026342000,외국생보사,B,SH122,업종별 대출금
5133,202109,0010594,에이비엘생명보험주식회사,D,도매 및 소매업,0,외국생보사,B,SH122,업종별 대출금
5134,202109,0010594,에이비엘생명보험주식회사,E,숙박 및 음식점업,30000000000,외국생보사,B,SH122,업종별 대출금
5135,202109,0010594,에이비엘생명보험주식회사,F,"출판, 영상, 방송통신 및 정보서비스업",0,외국생보사,B,SH122,업종별 대출금
5136,202109,0010594,에이비엘생명보험주식회사,G,부동산업 및 임대업,174142549000,외국생보사,B,SH122,업종별 대출금
5137,202109,0010594,에이비엘생명보험주식회사,H,기타,572184933000,외국생보사,B,SH122,업종별 대출금
5138,202109,0010594,에이비엘생명보험주식회사,I,계,851353824000,외국생보사,B,SH122,업종별 대출금
5139,202112,0010594,에이비엘생명보험주식회사,A,"농업, 임업 및 어업",0,외국생보사,B,SH122,업종별 대출금
5140,202112,0010594,에이비엘생명보험주식회사,B,제조업,40000000000,외국생보사,B,SH122,업종별 대출금
5141,202112,0010594,에이비엘생명보험주식회사,C,건설업,4880430000,외국생보사,B,SH122,업종별 대출금
5142,202112,0010594,에이비엘생명보험주식회사,D,도매 및 소매업,0,외국생보사,B,SH122,업종별 대출금
5143,202112,0010594,에이비엘생명보험주식회사,E,숙박 및 음식점업,30000000000,외국생보사,B,SH122,업종별 대출금
5144,202112,0010594,에이비엘생명보험주식회사,F,"출판, 영상, 방송통신 및 정보서비스업",0,외국생보사,B,SH122,업종별 대출금
5145,202112,0010594,에이비엘생명보험주식회사,G,부동산업 및 임대업,182162419000,외국생보사,B,SH122,업종별 대출금
5146,202112,0010594,에이비엘생명보험주식회사,H,기타,593381546000,외국생보사,B,SH122,업종별 대출금
5147,202112,0010594,에이비엘생명보험주식회사,I,계,850424395000,외국생보사,B,SH122,업종별 대출금
5148,202203,0010594,에이비엘생명보험주식회사,A,"농업, 임업 및 어업",0,외국생보사,B,SH122,업종별 대출금
5149,202203,0010594,에이비엘생명보험주식회사,B,제조업,40000000000,외국생보사,B,SH122,업종별 대출금
5150,202203,0010594,에이비엘생명보험주식회사,C,건설업,4733311000,외국생보사,B,SH122,업종별 대출금
5151,202203,0010594,에이비엘생명보험주식회사,D,도매 및 소매업,0,외국생보사,B,SH122,업종별 대출금
5152,202203,0010594,에이비엘생명보험주식회사,E,숙박 및 음식점업,30000000000,외국생보사,B,SH122,업종별 대출금
5153,202203,0010594,에이비엘생명보험주식회사,F,"출판, 영상, 방송통신 및 정보서비스업",0,외국생보사,B,SH122,업종별 대출금
5154,202203,0010594,에이비엘생명보험주식회사,G,부동산업 및 임대업,182898770000,외국생보사,B,SH122,업종별 대출금
5155,202203,0010594,에이비엘생명보험주식회사,H,기타,591084252000,외국생보사,B,SH122,업종별 대출금
5156,202203,0010594,에이비엘생명보험주식회사,I,계,848716333000,외국생보사,B,SH122,업종별 대출금
5157,202206,0010594,에이비엘생명보험주식회사,A,"농업, 임업 및 어업",0,외국생보사,B,SH122,업종별 대출금
5158,202206,0010594,에이비엘생명보험주식회사,B,제조업,40000000000,외국생보사,B,SH122,업종별 대출금
5159,202206,0010594,에이비엘생명보험주식회사,C,건설업,18472749000,외국생보사,B,SH122,업종별 대출금
5160,202206,0010594,에이비엘생명보험주식회사,D,도매 및 소매업,0,외국생보사,B,SH122,업종별 대출금
5161,202206,0010594,에이비엘생명보험주식회사,E,숙박 및 음식점업,30000000000,외국생보사,B,SH122,업종별 대출금
5162,202206,0010594,에이비엘생명보험주식회사,F,"출판, 영상, 방송통신 및 정보서비스업",0,외국생보사,B,SH122,업종별 대출금
5163,202206,0010594,에이비엘생명보험주식회사,G,부동산업 및 임대업,173593716000,외국생보사,B,SH122,업종별 대출금
5164,202206,0010594,에이비엘생명보험주식회사,H,기타,588330532000,외국생보사,B,SH122,업종별 대출금
5165,202206,0010594,에이비엘생명보험주식회사,I,계,850396997000,외국생보사,B,SH122,업종별 대출금
5166,202209,0010594,에이비엘생명보험주식회사,A,"농업, 임업 및 어업",0,외국생보사,B,SH122,업종별 대출금
5167,202209,0010594,에이비엘생명보험주식회사,B,제조업,40000000000,외국생보사,B,SH122,업종별 대출금
5168,202209,0010594,에이비엘생명보험주식회사,C,건설업,4437727000,외국생보사,B,SH122,업종별 대출금
5169,202209,0010594,에이비엘생명보험주식회사,D,도매 및 소매업,0,외국생보사,B,SH122,업종별 대출금
5170,202209,0010594,에이비엘생명보험주식회사,E,숙박 및 음식점업,30000000000,외국생보사,B,SH122,업종별 대출금
5171,202209,0010594,에이비엘생명보험주식회사,F,"출판, 영상, 방송통신 및 정보서비스업",0,외국생보사,B,SH122,업종별 대출금
5172,202209,0010594,에이비엘생명보험주식회사,G,부동산업 및 임대업,189987717000,외국생보사,B,SH122,업종별 대출금
5173,202209,0010594,에이비엘생명보험주식회사,H,기타,603343423000,외국생보사,B,SH122,업종별 대출금
5174,202209,0010594,에이비엘생명보험주식회사,I,계,867768867000,외국생보사,B,SH122,업종별 대출금
5175,202212,0010594,에이비엘생명보험주식회사,A,"농업, 임업 및 어업",0,외국생보사,B,SH122,업종별 대출금
5176,202212,0010594,에이비엘생명보험주식회사,B,제조업,40000000000,외국생보사,B,SH122,업종별 대출금
5177,202212,0010594,에이비엘생명보험주식회사,C,건설업,4437727000,외국생보사,B,SH122,업종별 대출금
5178,202212,0010594,에이비엘생명보험주식회사,D,도매 및 소매업,0,외국생보사,B,SH122,업종별 대출금
5179,202212,0010594,에이비엘생명보험주식회사,E,숙박 및 음식점업,30000000000,외국생보사,B,SH122,업종별 대출금
5180,202212,0010594,에이비엘생명보험주식회사,F,"출판, 영상, 방송통신 및 정보서비스업",0,외국생보사,B,SH122,업종별 대출금
5181,202212,0010594,에이비엘생명보험주식회사,G,부동산업 및 임대업,201640301000,외국생보사,B,SH122,업종별 대출금
5182,202212,0010594,에이비엘생명보험주식회사,H,기타,587779663000,외국생보사,B,SH122,업종별 대출금
5183,202212,0010594,에이비엘생명보험주식회사,I,계,863857691000,외국생보사,B,SH122,업종별 대출금
5184,202303,0010594,에이비엘생명보험주식회사,A,"농업, 임업 및 어업",0,외국생보사,B,SH122,업종별 대출금
5185,202303,0010594,에이비엘생명보험주식회사,B,제조업,40000000000,외국생보사,B,SH122,업종별 대출금
5186,202303,0010594,에이비엘생명보험주식회사,C,건설업,4139123000,외국생보사,B,SH122,업종별 대출금
5187,202303,0010594,에이비엘생명보험주식회사,D,도매 및 소매업,0,외국생보사,B,SH122,업종별 대출금
5188,202303,0010594,에이비엘생명보험주식회사,E,숙박 및 음식점업,30000000000,외국생보사,B,SH122,업종별 대출금
5189,202303,0010594,에이비엘생명보험주식회사,F,"출판, 영상, 방송통신 및 정보서비스업",0,외국생보사,B,SH122,업종별 대출금
5190,202303,0010594,에이비엘생명보험주식회사,G,부동산업 및 임대업,198574871000,외국생보사,B,SH122,업종별 대출금
5191,202303,0010594,에이비엘생명보험주식회사,H,기타,611314372000,외국생보사,B,SH122,업종별 대출금
5192,202303,0010594,에이비엘생명보험주식회사,I,계,884028366000,외국생보사,B,SH122,업종별 대출금
5193,202306,0010594,에이비엘생명보험주식회사,A,"농업, 임업 및 어업",0,외국생보사,B,SH122,업종별 대출금
5194,202306,0010594,에이비엘생명보험주식회사,B,제조업,40000000000,외국생보사,B,SH122,업종별 대출금
5195,202306,0010594,에이비엘생명보험주식회사,C,건설업,3988747000,외국생보사,B,SH122,업종별 대출금
5196,202306,0010594,에이비엘생명보험주식회사,D,도매 및 소매업,0,외국생보사,B,SH122,업종별 대출금
5197,202306,0010594,에이비엘생명보험주식회사,E,숙박 및 음식점업,30000000000,외국생보사,B,SH122,업종별 대출금
5198,202306,0010594,에이비엘생명보험주식회사,F,"출판, 영상, 방송통신 및 정보서비스업",0,외국생보사,B,SH122,업종별 대출금
5199,202306,0010594,에이비엘생명보험주식회사,G,부동산업 및 임대업,191420983000,외국생보사,B,SH122,업종별 대출금
5200,202306,0010594,에이비엘생명보험주식회사,H,기타,621171303000,외국생보사,B,SH122,업종별 대출금
5201,202306,0010594,에이비엘생명보험주식회사,I,계,886581033000,외국생보사,B,SH122,업종별 대출금
5202,202309,0010594,에이비엘생명보험주식회사,A,"농업, 임업 및 어업",0,외국생보사,B,SH122,업종별 대출금
5203,202309,0010594,에이비엘생명보험주식회사,B,제조업,40000000000,외국생보사,B,SH122,업종별 대출금
5204,202309,0010594,에이비엘생명보험주식회사,C,건설업,3988747000,외국생보사,B,SH122,업종별 대출금
5205,202309,0010594,에이비엘생명보험주식회사,D,도매 및 소매업,0,외국생보사,B,SH122,업종별 대출금
5206,202309,0010594,에이비엘생명보험주식회사,E,숙박 및 음식점업,30000000000,외국생보사,B,SH122,업종별 대출금
5207,202309,0010594,에이비엘생명보험주식회사,F,"출판, 영상, 방송통신 및 정보서비스업",0,외국생보사,B,SH122,업종별 대출금
5208,202309,0010594,에이비엘생명보험주식회사,G,부동산업 및 임대업,164440026000,외국생보사,B,SH122,업종별 대출금
5209,202309,0010594,에이비엘생명보험주식회사,H,기타,558947308000,외국생보사,B,SH122,업종별 대출금
5210,202309,0010594,에이비엘생명보험주식회사,I,계,797376081000,외국생보사,B,SH122,업종별 대출금
5211,202312,0010594,에이비엘생명보험주식회사,A,"농업, 임업 및 어업",0,외국생보사,B,SH122,업종별 대출금
5212,202312,0010594,에이비엘생명보험주식회사,B,제조업,40000000000,외국생보사,B,SH122,업종별 대출금
5213,202312,0010594,에이비엘생명보험주식회사,C,건설업,3838696000,외국생보사,B,SH122,업종별 대출금
5214,202312,0010594,에이비엘생명보험주식회사,D,도매 및 소매업,0,외국생보사,B,SH122,업종별 대출금
5215,202312,0010594,에이비엘생명보험주식회사,E,숙박 및 음식점업,30000000000,외국생보사,B,SH122,업종별 대출금
5216,202312,0010594,에이비엘생명보험주식회사,F,"출판, 영상, 방송통신 및 정보서비스업",0,외국생보사,B,SH122,업종별 대출금
5217,202312,0010594,에이비엘생명보험주식회사,G,부동산업 및 임대업,119999684000,외국생보사,B,SH122,업종별 대출금
5218,202312,0010594,에이비엘생명보험주식회사,H,기타,614569324000,외국생보사,B,SH122,업종별 대출금
5219,202312,0010594,에이비엘생명보험주식회사,I,계,808407704000,외국생보사,B,SH122,업종별 대출금
5220,202403,0010594,에이비엘생명보험주식회사,A,"농업, 임업 및 어업",0,외국생보사,B,SH122,업종별 대출금
5221,202403,0010594,에이비엘생명보험주식회사,B,제조업,40000000000,외국생보사,B,SH122,업종별 대출금
5222,202403,0010594,에이비엘생명보험주식회사,C,건설업,3686697000,외국생보사,B,SH122,업종별 대출금
5223,202403,0010594,에이비엘생명보험주식회사,D,도매 및 소매업,0,외국생보사,B,SH122,업종별 대출금
5224,202403,0010594,에이비엘생명보험주식회사,E,숙박 및 음식점업,30000000000,외국생보사,B,SH122,업종별 대출금
5225,202403,0010594,에이비엘생명보험주식회사,F,"출판, 영상, 방송통신 및 정보서비스업",0,외국생보사,B,SH122,업종별 대출금
5226,202403,0010594,에이비엘생명보험주식회사,G,부동산업 및 임대업,117078368000,외국생보사,B,SH122,업종별 대출금
5227,202403,0010594,에이비엘생명보험주식회사,H,기타,685130781000,외국생보사,B,SH122,업종별 대출금
5228,202403,0010594,에이비엘생명보험주식회사,I,계,875895846000,외국생보사,B,SH122,업종별 대출금
5229,202406,0010594,에이비엘생명보험주식회사,A,"농업, 임업 및 어업",0,외국생보사,B,SH122,업종별 대출금
5230,202406,0010594,에이비엘생명보험주식회사,B,제조업,40000000000,외국생보사,B,SH122,업종별 대출금
5231,202406,0010594,에이비엘생명보험주식회사,C,건설업,3533985000,외국생보사,B,SH122,업종별 대출금
5232,202406,0010594,에이비엘생명보험주식회사,D,도매 및 소매업,0,외국생보사,B,SH122,업종별 대출금
5233,202406,0010594,에이비엘생명보험주식회사,E,숙박 및 음식점업,30000000000,외국생보사,B,SH122,업종별 대출금
5234,202406,0010594,에이비엘생명보험주식회사,F,"출판, 영상, 방송통신 및 정보서비스업",0,외국생보사,B,SH122,업종별 대출금
5235,202406,0010594,에이비엘생명보험주식회사,G,부동산업 및 임대업,114415481000,외국생보사,B,SH122,업종별 대출금
5236,202406,0010594,에이비엘생명보험주식회사,H,기타,663232379000,외국생보사,B,SH122,업종별 대출금
5237,202406,0010594,에이비엘생명보험주식회사,I,계,851181845000,외국생보사,B,SH122,업종별 대출금
5238,202409,0010594,에이비엘생명보험주식회사,A,"농업, 임업 및 어업",0,외국생보사,B,SH122,업종별 대출금
5239,202409,0010594,에이비엘생명보험주식회사,B,제조업,40000000000,외국생보사,B,SH122,업종별 대출금
5240,202409,0010594,에이비엘생명보험주식회사,C,건설업,3226773000,외국생보사,B,SH122,업종별 대출금
5241,202409,0010594,에이비엘생명보험주식회사,D,도매 및 소매업,0,외국생보사,B,SH122,업종별 대출금
5242,202409,0010594,에이비엘생명보험주식회사,E,숙박 및 음식점업,30000000000,외국생보사,B,SH122,업종별 대출금
5243,202409,0010594,에이비엘생명보험주식회사,F,"출판, 영상, 방송통신 및 정보서비스업",0,외국생보사,B,SH122,업종별 대출금
5244,202409,0010594,에이비엘생명보험주식회사,G,부동산업 및 임대업,108940881000,외국생보사,B,SH122,업종별 대출금
5245,202409,0010594,에이비엘생명보험주식회사,H,기타,678295508000,외국생보사,B,SH122,업종별 대출금
5246,202409,0010594,에이비엘생명보험주식회사,I,계,860463162000,외국생보사,B,SH122,업종별 대출금
5247,202412,0010594,에이비엘생명보험주식회사,A,"농업, 임업 및 어업",0,외국생보사,B,SH122,업종별 대출금
5248,202412,0010594,에이비엘생명보험주식회사,B,제조업,40000000000,외국생보사,B,SH122,업종별 대출금
5249,202412,0010594,에이비엘생명보험주식회사,C,건설업,3072243000,외국생보사,B,SH122,업종별 대출금
5250,202412,0010594,에이비엘생명보험주식회사,D,도매 및 소매업,0,외국생보사,B,SH122,업종별 대출금
5251,202412,0010594,에이비엘생명보험주식회사,E,숙박 및 음식점업,30000000000,외국생보사,B,SH122,업종별 대출금
5252,202412,0010594,에이비엘생명보험주식회사,F,"출판, 영상, 방송통신 및 정보서비스업",0,외국생보사,B,SH122,업종별 대출금
5253,202412,0010594,에이비엘생명보험주식회사,G,부동산업 및 임대업,106249364000,외국생보사,B,SH122,업종별 대출금
5254,202412,0010594,에이비엘생명보험주식회사,H,기타,728025081000,외국생보사,B,SH122,업종별 대출금
5255,202412,0010594,에이비엘생명보험주식회사,I,계,907346688000,외국생보사,B,SH122,업종별 대출금
5256,202503,0010594,에이비엘생명보험주식회사,A,"농업, 임업 및 어업",0,외국생보사,B,SH122,업종별 대출금
5257,202503,0010594,에이비엘생명보험주식회사,B,제조업,40000000000,외국생보사,B,SH122,업종별 대출금
5258,202503,0010594,에이비엘생명보험주식회사,C,건설업,34916652000,외국생보사,B,SH122,업종별 대출금
5259,202503,0010594,에이비엘생명보험주식회사,D,도매 및 소매업,0,외국생보사,B,SH122,업종별 대출금
5260,202503,0010594,에이비엘생명보험주식회사,E,숙박 및 음식점업,30000000000,외국생보사,B,SH122,업종별 대출금
5261,202503,0010594,에이비엘생명보험주식회사,F,"출판, 영상, 방송통신 및 정보서비스업",0,외국생보사,B,SH122,업종별 대출금
5262,202503,0010594,에이비엘생명보험주식회사,G,부동산업 및 임대업,103225784000,외국생보사,B,SH122,업종별 대출금
5263,202503,0010594,에이비엘생명보험주식회사,H,기타,739185111000,외국생보사,B,SH122,업종별 대출금
5264,202503,0010594,에이비엘생명보험주식회사,I,계,947327547000,외국생보사,B,SH122,업종별 대출금
5265,201703,0010615,에이아이에이생명보험 주식회사,A,"농업, 임업 및 어업",0,외국생보사,B,SH122,업종별 대출금
5266,201703,0010615,에이아이에이생명보험 주식회사,B,제조업,0,외국생보사,B,SH122,업종별 대출금
5267,201703,0010615,에이아이에이생명보험 주식회사,C,건설업,0,외국생보사,B,SH122,업종별 대출금
5268,201703,0010615,에이아이에이생명보험 주식회사,D,도매 및 소매업,0,외국생보사,B,SH122,업종별 대출금
5269,201703,0010615,에이아이에이생명보험 주식회사,E,숙박 및 음식점업,0,외국생보사,B,SH122,업종별 대출금
5270,201703,0010615,에이아이에이생명보험 주식회사,F,"출판, 영상, 방송통신 및 정보서비스업",0,외국생보사,B,SH122,업종별 대출금
5271,201703,0010615,에이아이에이생명보험 주식회사,G,부동산업 및 임대업,0,외국생보사,B,SH122,업종별 대출금
5272,201703,0010615,에이아이에이생명보험 주식회사,H,기타,58375296000,외국생보사,B,SH122,업종별 대출금
5273,201703,0010615,에이아이에이생명보험 주식회사,I,계,58375296000,외국생보사,B,SH122,업종별 대출금
5274,201706,0010615,에이아이에이생명보험 주식회사,A,"농업, 임업 및 어업",0,외국생보사,B,SH122,업종별 대출금
5275,201706,0010615,에이아이에이생명보험 주식회사,B,제조업,0,외국생보사,B,SH122,업종별 대출금
5276,201706,0010615,에이아이에이생명보험 주식회사,C,건설업,0,외국생보사,B,SH122,업종별 대출금
5277,201706,0010615,에이아이에이생명보험 주식회사,D,도매 및 소매업,0,외국생보사,B,SH122,업종별 대출금
5278,201706,0010615,에이아이에이생명보험 주식회사,E,숙박 및 음식점업,0,외국생보사,B,SH122,업종별 대출금
5279,201706,0010615,에이아이에이생명보험 주식회사,F,"출판, 영상, 방송통신 및 정보서비스업",0,외국생보사,B,SH122,업종별 대출금
5280,201706,0010615,에이아이에이생명보험 주식회사,G,부동산업 및 임대업,0,외국생보사,B,SH122,업종별 대출금
5281,201706,0010615,에이아이에이생명보험 주식회사,H,기타,14257005000,외국생보사,B,SH122,업종별 대출금
5282,201706,0010615,에이아이에이생명보험 주식회사,I,계,14257005000,외국생보사,B,SH122,업종별 대출금
5283,201709,0010615,에이아이에이생명보험 주식회사,A,"농업, 임업 및 어업",0,외국생보사,B,SH122,업종별 대출금
5284,201709,0010615,에이아이에이생명보험 주식회사,B,제조업,0,외국생보사,B,SH122,업종별 대출금
5285,201709,0010615,에이아이에이생명보험 주식회사,C,건설업,0,외국생보사,B,SH122,업종별 대출금
5286,201709,0010615,에이아이에이생명보험 주식회사,D,도매 및 소매업,0,외국생보사,B,SH122,업종별 대출금
5287,201709,0010615,에이아이에이생명보험 주식회사,E,숙박 및 음식점업,0,외국생보사,B,SH122,업종별 대출금
5288,201709,0010615,에이아이에이생명보험 주식회사,F,"출판, 영상, 방송통신 및 정보서비스업",0,외국생보사,B,SH122,업종별 대출금
5289,201709,0010615,에이아이에이생명보험 주식회사,G,부동산업 및 임대업,0,외국생보사,B,SH122,업종별 대출금
5290,201709,0010615,에이아이에이생명보험 주식회사,H,기타,12443715000,외국생보사,B,SH122,업종별 대출금
5291,201709,0010615,에이아이에이생명보험 주식회사,I,계,12443715000,외국생보사,B,SH122,업종별 대출금
5292,201712,0010615,에이아이에이생명보험 주식회사,A,"농업, 임업 및 어업",0,외국생보사,B,SH122,업종별 대출금
5293,201712,0010615,에이아이에이생명보험 주식회사,B,제조업,0,외국생보사,B,SH122,업종별 대출금
5294,201712,0010615,에이아이에이생명보험 주식회사,C,건설업,0,외국생보사,B,SH122,업종별 대출금
5295,201712,0010615,에이아이에이생명보험 주식회사,D,도매 및 소매업,0,외국생보사,B,SH122,업종별 대출금
5296,201712,0010615,에이아이에이생명보험 주식회사,E,숙박 및 음식점업,0,외국생보사,B,SH122,업종별 대출금
5297,201712,0010615,에이아이에이생명보험 주식회사,F,"출판, 영상, 방송통신 및 정보서비스업",0,외국생보사,B,SH122,업종별 대출금
5298,201712,0010615,에이아이에이생명보험 주식회사,G,부동산업 및 임대업,0,외국생보사,B,SH122,업종별 대출금
5299,201712,0010615,에이아이에이생명보험 주식회사,H,기타,282556583000,외국생보사,B,SH122,업종별 대출금
5300,201712,0010615,에이아이에이생명보험 주식회사,I,계,282556583000,외국생보사,B,SH122,업종별 대출금
5301,201803,0010615,에이아이에이생명보험 주식회사,A,"농업, 임업 및 어업",0,외국생보사,B,SH122,업종별 대출금
5302,201803,0010615,에이아이에이생명보험 주식회사,B,제조업,0,외국생보사,B,SH122,업종별 대출금
5303,201803,0010615,에이아이에이생명보험 주식회사,C,건설업,0,외국생보사,B,SH122,업종별 대출금
5304,201803,0010615,에이아이에이생명보험 주식회사,D,도매 및 소매업,0,외국생보사,B,SH122,업종별 대출금
5305,201803,0010615,에이아이에이생명보험 주식회사,E,숙박 및 음식점업,0,외국생보사,B,SH122,업종별 대출금
5306,201803,0010615,에이아이에이생명보험 주식회사,F,"출판, 영상, 방송통신 및 정보서비스업",0,외국생보사,B,SH122,업종별 대출금
5307,201803,0010615,에이아이에이생명보험 주식회사,G,부동산업 및 임대업,0,외국생보사,B,SH122,업종별 대출금
5308,201803,0010615,에이아이에이생명보험 주식회사,H,기타,251421715000,외국생보사,B,SH122,업종별 대출금
5309,201803,0010615,에이아이에이생명보험 주식회사,I,계,251421715000,외국생보사,B,SH122,업종별 대출금
5310,201806,0010615,에이아이에이생명보험 주식회사,A,"농업, 임업 및 어업",0,외국생보사,B,SH122,업종별 대출금
5311,201806,0010615,에이아이에이생명보험 주식회사,B,제조업,0,외국생보사,B,SH122,업종별 대출금
5312,201806,0010615,에이아이에이생명보험 주식회사,C,건설업,0,외국생보사,B,SH122,업종별 대출금
5313,201806,0010615,에이아이에이생명보험 주식회사,D,도매 및 소매업,0,외국생보사,B,SH122,업종별 대출금
5314,201806,0010615,에이아이에이생명보험 주식회사,E,숙박 및 음식점업,0,외국생보사,B,SH122,업종별 대출금
5315,201806,0010615,에이아이에이생명보험 주식회사,F,"출판, 영상, 방송통신 및 정보서비스업",0,외국생보사,B,SH122,업종별 대출금
5316,201806,0010615,에이아이에이생명보험 주식회사,G,부동산업 및 임대업,0,외국생보사,B,SH122,업종별 대출금
5317,201806,0010615,에이아이에이생명보험 주식회사,H,기타,110113249000,외국생보사,B,SH122,업종별 대출금
5318,201806,0010615,에이아이에이생명보험 주식회사,I,계,110113249000,외국생보사,B,SH122,업종별 대출금
5319,201809,0010615,에이아이에이생명보험 주식회사,A,"농업, 임업 및 어업",0,외국생보사,B,SH122,업종별 대출금
5320,201809,0010615,에이아이에이생명보험 주식회사,B,제조업,0,외국생보사,B,SH122,업종별 대출금
5321,201809,0010615,에이아이에이생명보험 주식회사,C,건설업,0,외국생보사,B,SH122,업종별 대출금
5322,201809,0010615,에이아이에이생명보험 주식회사,D,도매 및 소매업,0,외국생보사,B,SH122,업종별 대출금
5323,201809,0010615,에이아이에이생명보험 주식회사,E,숙박 및 음식점업,0,외국생보사,B,SH122,업종별 대출금
5324,201809,0010615,에이아이에이생명보험 주식회사,F,"출판, 영상, 방송통신 및 정보서비스업",0,외국생보사,B,SH122,업종별 대출금
5325,201809,0010615,에이아이에이생명보험 주식회사,G,부동산업 및 임대업,0,외국생보사,B,SH122,업종별 대출금
5326,201809,0010615,에이아이에이생명보험 주식회사,H,기타,107014763000,외국생보사,B,SH122,업종별 대출금
5327,201809,0010615,에이아이에이생명보험 주식회사,I,계,107014763000,외국생보사,B,SH122,업종별 대출금
5328,201812,0010615,에이아이에이생명보험 주식회사,A,"농업, 임업 및 어업",0,외국생보사,B,SH122,업종별 대출금
5329,201812,0010615,에이아이에이생명보험 주식회사,B,제조업,0,외국생보사,B,SH122,업종별 대출금
5330,201812,0010615,에이아이에이생명보험 주식회사,C,건설업,0,외국생보사,B,SH122,업종별 대출금
5331,201812,0010615,에이아이에이생명보험 주식회사,D,도매 및 소매업,0,외국생보사,B,SH122,업종별 대출금
5332,201812,0010615,에이아이에이생명보험 주식회사,E,숙박 및 음식점업,0,외국생보사,B,SH122,업종별 대출금
5333,201812,0010615,에이아이에이생명보험 주식회사,F,"출판, 영상, 방송통신 및 정보서비스업",0,외국생보사,B,SH122,업종별 대출금
5334,201812,0010615,에이아이에이생명보험 주식회사,G,부동산업 및 임대업,0,외국생보사,B,SH122,업종별 대출금
5335,201812,0010615,에이아이에이생명보험 주식회사,H,기타,72684098000,외국생보사,B,SH122,업종별 대출금
5336,201812,0010615,에이아이에이생명보험 주식회사,I,계,72684098000,외국생보사,B,SH122,업종별 대출금
5337,201903,0010615,에이아이에이생명보험 주식회사,A,"농업, 임업 및 어업",0,외국생보사,B,SH122,업종별 대출금
5338,201903,0010615,에이아이에이생명보험 주식회사,B,제조업,0,외국생보사,B,SH122,업종별 대출금
5339,201903,0010615,에이아이에이생명보험 주식회사,C,건설업,0,외국생보사,B,SH122,업종별 대출금
5340,201903,0010615,에이아이에이생명보험 주식회사,D,도매 및 소매업,0,외국생보사,B,SH122,업종별 대출금
5341,201903,0010615,에이아이에이생명보험 주식회사,E,숙박 및 음식점업,0,외국생보사,B,SH122,업종별 대출금
5342,201903,0010615,에이아이에이생명보험 주식회사,F,"출판, 영상, 방송통신 및 정보서비스업",0,외국생보사,B,SH122,업종별 대출금
5343,201903,0010615,에이아이에이생명보험 주식회사,G,부동산업 및 임대업,0,외국생보사,B,SH122,업종별 대출금
5344,201903,0010615,에이아이에이생명보험 주식회사,H,기타,96821069000,외국생보사,B,SH122,업종별 대출금
5345,201903,0010615,에이아이에이생명보험 주식회사,I,계,96821069000,외국생보사,B,SH122,업종별 대출금
5346,201906,0010615,에이아이에이생명보험 주식회사,A,"농업, 임업 및 어업",0,외국생보사,B,SH122,업종별 대출금
5347,201906,0010615,에이아이에이생명보험 주식회사,B,제조업,0,외국생보사,B,SH122,업종별 대출금
5348,201906,0010615,에이아이에이생명보험 주식회사,C,건설업,0,외국생보사,B,SH122,업종별 대출금
5349,201906,0010615,에이아이에이생명보험 주식회사,D,도매 및 소매업,0,외국생보사,B,SH122,업종별 대출금
5350,201906,0010615,에이아이에이생명보험 주식회사,E,숙박 및 음식점업,0,외국생보사,B,SH122,업종별 대출금
5351,201906,0010615,에이아이에이생명보험 주식회사,F,"출판, 영상, 방송통신 및 정보서비스업",0,외국생보사,B,SH122,업종별 대출금
5352,201906,0010615,에이아이에이생명보험 주식회사,G,부동산업 및 임대업,0,외국생보사,B,SH122,업종별 대출금
5353,201906,0010615,에이아이에이생명보험 주식회사,H,기타,35826006000,외국생보사,B,SH122,업종별 대출금
5354,201906,0010615,에이아이에이생명보험 주식회사,I,계,35826006000,외국생보사,B,SH122,업종별 대출금
5355,201909,0010615,에이아이에이생명보험 주식회사,A,"농업, 임업 및 어업",0,외국생보사,B,SH122,업종별 대출금
5356,201909,0010615,에이아이에이생명보험 주식회사,B,제조업,0,외국생보사,B,SH122,업종별 대출금
5357,201909,0010615,에이아이에이생명보험 주식회사,C,건설업,0,외국생보사,B,SH122,업종별 대출금
5358,201909,0010615,에이아이에이생명보험 주식회사,D,도매 및 소매업,0,외국생보사,B,SH122,업종별 대출금
5359,201909,0010615,에이아이에이생명보험 주식회사,E,숙박 및 음식점업,0,외국생보사,B,SH122,업종별 대출금
5360,201909,0010615,에이아이에이생명보험 주식회사,F,"출판, 영상, 방송통신 및 정보서비스업",0,외국생보사,B,SH122,업종별 대출금
5361,201909,0010615,에이아이에이생명보험 주식회사,G,부동산업 및 임대업,0,외국생보사,B,SH122,업종별 대출금
5362,201909,0010615,에이아이에이생명보험 주식회사,H,기타,84998052000,외국생보사,B,SH122,업종별 대출금
5363,201909,0010615,에이아이에이생명보험 주식회사,I,계,84998052000,외국생보사,B,SH122,업종별 대출금
5364,201912,0010615,에이아이에이생명보험 주식회사,A,"농업, 임업 및 어업",0,외국생보사,B,SH122,업종별 대출금
5365,201912,0010615,에이아이에이생명보험 주식회사,B,제조업,0,외국생보사,B,SH122,업종별 대출금
5366,201912,0010615,에이아이에이생명보험 주식회사,C,건설업,0,외국생보사,B,SH122,업종별 대출금
5367,201912,0010615,에이아이에이생명보험 주식회사,D,도매 및 소매업,0,외국생보사,B,SH122,업종별 대출금
5368,201912,0010615,에이아이에이생명보험 주식회사,E,숙박 및 음식점업,0,외국생보사,B,SH122,업종별 대출금
5369,201912,0010615,에이아이에이생명보험 주식회사,F,"출판, 영상, 방송통신 및 정보서비스업",0,외국생보사,B,SH122,업종별 대출금
5370,201912,0010615,에이아이에이생명보험 주식회사,G,부동산업 및 임대업,0,외국생보사,B,SH122,업종별 대출금
5371,201912,0010615,에이아이에이생명보험 주식회사,H,기타,28987629000,외국생보사,B,SH122,업종별 대출금
5372,201912,0010615,에이아이에이생명보험 주식회사,I,계,28987629000,외국생보사,B,SH122,업종별 대출금
5373,202003,0010615,에이아이에이생명보험 주식회사,A,"농업, 임업 및 어업",0,외국생보사,B,SH122,업종별 대출금
5374,202003,0010615,에이아이에이생명보험 주식회사,B,제조업,0,외국생보사,B,SH122,업종별 대출금
5375,202003,0010615,에이아이에이생명보험 주식회사,C,건설업,0,외국생보사,B,SH122,업종별 대출금
5376,202003,0010615,에이아이에이생명보험 주식회사,D,도매 및 소매업,0,외국생보사,B,SH122,업종별 대출금
5377,202003,0010615,에이아이에이생명보험 주식회사,E,숙박 및 음식점업,0,외국생보사,B,SH122,업종별 대출금
5378,202003,0010615,에이아이에이생명보험 주식회사,F,"출판, 영상, 방송통신 및 정보서비스업",0,외국생보사,B,SH122,업종별 대출금
5379,202003,0010615,에이아이에이생명보험 주식회사,G,부동산업 및 임대업,0,외국생보사,B,SH122,업종별 대출금
5380,202003,0010615,에이아이에이생명보험 주식회사,H,기타,21502058000,외국생보사,B,SH122,업종별 대출금
5381,202003,0010615,에이아이에이생명보험 주식회사,I,계,21502058000,외국생보사,B,SH122,업종별 대출금
5382,202006,0010615,에이아이에이생명보험 주식회사,A,"농업, 임업 및 어업",0,외국생보사,B,SH122,업종별 대출금
5383,202006,0010615,에이아이에이생명보험 주식회사,B,제조업,0,외국생보사,B,SH122,업종별 대출금
5384,202006,0010615,에이아이에이생명보험 주식회사,C,건설업,0,외국생보사,B,SH122,업종별 대출금
5385,202006,0010615,에이아이에이생명보험 주식회사,D,도매 및 소매업,0,외국생보사,B,SH122,업종별 대출금
5386,202006,0010615,에이아이에이생명보험 주식회사,E,숙박 및 음식점업,0,외국생보사,B,SH122,업종별 대출금
5387,202006,0010615,에이아이에이생명보험 주식회사,F,"출판, 영상, 방송통신 및 정보서비스업",0,외국생보사,B,SH122,업종별 대출금
5388,202006,0010615,에이아이에이생명보험 주식회사,G,부동산업 및 임대업,0,외국생보사,B,SH122,업종별 대출금
5389,202006,0010615,에이아이에이생명보험 주식회사,H,기타,137158308000,외국생보사,B,SH122,업종별 대출금
5390,202006,0010615,에이아이에이생명보험 주식회사,I,계,137158308000,외국생보사,B,SH122,업종별 대출금
5391,202009,0010615,에이아이에이생명보험 주식회사,A,"농업, 임업 및 어업",0,외국생보사,B,SH122,업종별 대출금
5392,202009,0010615,에이아이에이생명보험 주식회사,B,제조업,0,외국생보사,B,SH122,업종별 대출금
5393,202009,0010615,에이아이에이생명보험 주식회사,C,건설업,0,외국생보사,B,SH122,업종별 대출금
5394,202009,0010615,에이아이에이생명보험 주식회사,D,도매 및 소매업,0,외국생보사,B,SH122,업종별 대출금
5395,202009,0010615,에이아이에이생명보험 주식회사,E,숙박 및 음식점업,0,외국생보사,B,SH122,업종별 대출금
5396,202009,0010615,에이아이에이생명보험 주식회사,F,"출판, 영상, 방송통신 및 정보서비스업",0,외국생보사,B,SH122,업종별 대출금
5397,202009,0010615,에이아이에이생명보험 주식회사,G,부동산업 및 임대업,0,외국생보사,B,SH122,업종별 대출금
5398,202009,0010615,에이아이에이생명보험 주식회사,H,기타,171532442000,외국생보사,B,SH122,업종별 대출금
5399,202009,0010615,에이아이에이생명보험 주식회사,I,계,171532442000,외국생보사,B,SH122,업종별 대출금
5400,202012,0010615,에이아이에이생명보험 주식회사,A,"농업, 임업 및 어업",0,외국생보사,B,SH122,업종별 대출금
5401,202012,0010615,에이아이에이생명보험 주식회사,B,제조업,0,외국생보사,B,SH122,업종별 대출금
5402,202012,0010615,에이아이에이생명보험 주식회사,C,건설업,0,외국생보사,B,SH122,업종별 대출금
5403,202012,0010615,에이아이에이생명보험 주식회사,D,도매 및 소매업,0,외국생보사,B,SH122,업종별 대출금
5404,202012,0010615,에이아이에이생명보험 주식회사,E,숙박 및 음식점업,0,외국생보사,B,SH122,업종별 대출금
5405,202012,0010615,에이아이에이생명보험 주식회사,F,"출판, 영상, 방송통신 및 정보서비스업",0,외국생보사,B,SH122,업종별 대출금
5406,202012,0010615,에이아이에이생명보험 주식회사,G,부동산업 및 임대업,0,외국생보사,B,SH122,업종별 대출금
5407,202012,0010615,에이아이에이생명보험 주식회사,H,기타,159420120000,외국생보사,B,SH122,업종별 대출금
5408,202012,0010615,에이아이에이생명보험 주식회사,I,계,159420120000,외국생보사,B,SH122,업종별 대출금
5409,202103,0010615,에이아이에이생명보험 주식회사,A,"농업, 임업 및 어업",0,외국생보사,B,SH122,업종별 대출금
5410,202103,0010615,에이아이에이생명보험 주식회사,B,제조업,0,외국생보사,B,SH122,업종별 대출금
5411,202103,0010615,에이아이에이생명보험 주식회사,C,건설업,0,외국생보사,B,SH122,업종별 대출금
5412,202103,0010615,에이아이에이생명보험 주식회사,D,도매 및 소매업,0,외국생보사,B,SH122,업종별 대출금
5413,202103,0010615,에이아이에이생명보험 주식회사,E,숙박 및 음식점업,0,외국생보사,B,SH122,업종별 대출금
5414,202103,0010615,에이아이에이생명보험 주식회사,F,"출판, 영상, 방송통신 및 정보서비스업",0,외국생보사,B,SH122,업종별 대출금
5415,202103,0010615,에이아이에이생명보험 주식회사,G,부동산업 및 임대업,0,외국생보사,B,SH122,업종별 대출금
5416,202103,0010615,에이아이에이생명보험 주식회사,H,기타,169079231000,외국생보사,B,SH122,업종별 대출금
5417,202103,0010615,에이아이에이생명보험 주식회사,I,계,169079231000,외국생보사,B,SH122,업종별 대출금
5418,202106,0010615,에이아이에이생명보험 주식회사,A,"농업, 임업 및 어업",0,외국생보사,B,SH122,업종별 대출금
5419,202106,0010615,에이아이에이생명보험 주식회사,B,제조업,0,외국생보사,B,SH122,업종별 대출금
5420,202106,0010615,에이아이에이생명보험 주식회사,C,건설업,0,외국생보사,B,SH122,업종별 대출금
5421,202106,0010615,에이아이에이생명보험 주식회사,D,도매 및 소매업,0,외국생보사,B,SH122,업종별 대출금
5422,202106,0010615,에이아이에이생명보험 주식회사,E,숙박 및 음식점업,0,외국생보사,B,SH122,업종별 대출금
5423,202106,0010615,에이아이에이생명보험 주식회사,F,"출판, 영상, 방송통신 및 정보서비스업",0,외국생보사,B,SH122,업종별 대출금
5424,202106,0010615,에이아이에이생명보험 주식회사,G,부동산업 및 임대업,0,외국생보사,B,SH122,업종별 대출금
5425,202106,0010615,에이아이에이생명보험 주식회사,H,기타,5850488000,외국생보사,B,SH122,업종별 대출금
5426,202106,0010615,에이아이에이생명보험 주식회사,I,계,5850488000,외국생보사,B,SH122,업종별 대출금
5427,202109,0010615,에이아이에이생명보험 주식회사,A,"농업, 임업 및 어업",0,외국생보사,B,SH122,업종별 대출금
5428,202109,0010615,에이아이에이생명보험 주식회사,B,제조업,0,외국생보사,B,SH122,업종별 대출금
5429,202109,0010615,에이아이에이생명보험 주식회사,C,건설업,0,외국생보사,B,SH122,업종별 대출금
5430,202109,0010615,에이아이에이생명보험 주식회사,D,도매 및 소매업,0,외국생보사,B,SH122,업종별 대출금
5431,202109,0010615,에이아이에이생명보험 주식회사,E,숙박 및 음식점업,0,외국생보사,B,SH122,업종별 대출금
5432,202109,0010615,에이아이에이생명보험 주식회사,F,"출판, 영상, 방송통신 및 정보서비스업",0,외국생보사,B,SH122,업종별 대출금
5433,202109,0010615,에이아이에이생명보험 주식회사,G,부동산업 및 임대업,0,외국생보사,B,SH122,업종별 대출금
5434,202109,0010615,에이아이에이생명보험 주식회사,H,기타,192159228000,외국생보사,B,SH122,업종별 대출금
5435,202109,0010615,에이아이에이생명보험 주식회사,I,계,192159228000,외국생보사,B,SH122,업종별 대출금
5436,202112,0010615,에이아이에이생명보험 주식회사,A,"농업, 임업 및 어업",0,외국생보사,B,SH122,업종별 대출금
5437,202112,0010615,에이아이에이생명보험 주식회사,B,제조업,0,외국생보사,B,SH122,업종별 대출금
5438,202112,0010615,에이아이에이생명보험 주식회사,C,건설업,0,외국생보사,B,SH122,업종별 대출금
5439,202112,0010615,에이아이에이생명보험 주식회사,D,도매 및 소매업,0,외국생보사,B,SH122,업종별 대출금
5440,202112,0010615,에이아이에이생명보험 주식회사,E,숙박 및 음식점업,0,외국생보사,B,SH122,업종별 대출금
5441,202112,0010615,에이아이에이생명보험 주식회사,F,"출판, 영상, 방송통신 및 정보서비스업",0,외국생보사,B,SH122,업종별 대출금
5442,202112,0010615,에이아이에이생명보험 주식회사,G,부동산업 및 임대업,0,외국생보사,B,SH122,업종별 대출금
5443,202112,0010615,에이아이에이생명보험 주식회사,H,기타,128561795000,외국생보사,B,SH122,업종별 대출금
5444,202112,0010615,에이아이에이생명보험 주식회사,I,계,128561795000,외국생보사,B,SH122,업종별 대출금
5445,202203,0010615,에이아이에이생명보험 주식회사,A,"농업, 임업 및 어업",0,외국생보사,B,SH122,업종별 대출금
5446,202203,0010615,에이아이에이생명보험 주식회사,B,제조업,0,외국생보사,B,SH122,업종별 대출금
5447,202203,0010615,에이아이에이생명보험 주식회사,C,건설업,0,외국생보사,B,SH122,업종별 대출금
5448,202203,0010615,에이아이에이생명보험 주식회사,D,도매 및 소매업,0,외국생보사,B,SH122,업종별 대출금
5449,202203,0010615,에이아이에이생명보험 주식회사,E,숙박 및 음식점업,0,외국생보사,B,SH122,업종별 대출금
5450,202203,0010615,에이아이에이생명보험 주식회사,F,"출판, 영상, 방송통신 및 정보서비스업",0,외국생보사,B,SH122,업종별 대출금
5451,202203,0010615,에이아이에이생명보험 주식회사,G,부동산업 및 임대업,0,외국생보사,B,SH122,업종별 대출금
5452,202203,0010615,에이아이에이생명보험 주식회사,H,기타,36596404000,외국생보사,B,SH122,업종별 대출금
5453,202203,0010615,에이아이에이생명보험 주식회사,I,계,36596404000,외국생보사,B,SH122,업종별 대출금
5454,202206,0010615,에이아이에이생명보험 주식회사,A,"농업, 임업 및 어업",0,외국생보사,B,SH122,업종별 대출금
5455,202206,0010615,에이아이에이생명보험 주식회사,B,제조업,0,외국생보사,B,SH122,업종별 대출금
5456,202206,0010615,에이아이에이생명보험 주식회사,C,건설업,0,외국생보사,B,SH122,업종별 대출금
5457,202206,0010615,에이아이에이생명보험 주식회사,D,도매 및 소매업,0,외국생보사,B,SH122,업종별 대출금
5458,202206,0010615,에이아이에이생명보험 주식회사,E,숙박 및 음식점업,0,외국생보사,B,SH122,업종별 대출금
5459,202206,0010615,에이아이에이생명보험 주식회사,F,"출판, 영상, 방송통신 및 정보서비스업",0,외국생보사,B,SH122,업종별 대출금
5460,202206,0010615,에이아이에이생명보험 주식회사,G,부동산업 및 임대업,0,외국생보사,B,SH122,업종별 대출금
5461,202206,0010615,에이아이에이생명보험 주식회사,H,기타,2652720000,외국생보사,B,SH122,업종별 대출금
5462,202206,0010615,에이아이에이생명보험 주식회사,I,계,2652720000,외국생보사,B,SH122,업종별 대출금
5463,202209,0010615,에이아이에이생명보험 주식회사,A,"농업, 임업 및 어업",0,외국생보사,B,SH122,업종별 대출금
5464,202209,0010615,에이아이에이생명보험 주식회사,B,제조업,0,외국생보사,B,SH122,업종별 대출금
5465,202209,0010615,에이아이에이생명보험 주식회사,C,건설업,0,외국생보사,B,SH122,업종별 대출금
5466,202209,0010615,에이아이에이생명보험 주식회사,D,도매 및 소매업,0,외국생보사,B,SH122,업종별 대출금
5467,202209,0010615,에이아이에이생명보험 주식회사,E,숙박 및 음식점업,0,외국생보사,B,SH122,업종별 대출금
5468,202209,0010615,에이아이에이생명보험 주식회사,F,"출판, 영상, 방송통신 및 정보서비스업",0,외국생보사,B,SH122,업종별 대출금
5469,202209,0010615,에이아이에이생명보험 주식회사,G,부동산업 및 임대업,0,외국생보사,B,SH122,업종별 대출금
5470,202209,0010615,에이아이에이생명보험 주식회사,H,기타,2760660000,외국생보사,B,SH122,업종별 대출금
5471,202209,0010615,에이아이에이생명보험 주식회사,I,계,2760660000,외국생보사,B,SH122,업종별 대출금
5472,202212,0010615,에이아이에이생명보험 주식회사,A,"농업, 임업 및 어업",0,외국생보사,B,SH122,업종별 대출금
5473,202212,0010615,에이아이에이생명보험 주식회사,B,제조업,0,외국생보사,B,SH122,업종별 대출금
5474,202212,0010615,에이아이에이생명보험 주식회사,C,건설업,0,외국생보사,B,SH122,업종별 대출금
5475,202212,0010615,에이아이에이생명보험 주식회사,D,도매 및 소매업,0,외국생보사,B,SH122,업종별 대출금
5476,202212,0010615,에이아이에이생명보험 주식회사,E,숙박 및 음식점업,0,외국생보사,B,SH122,업종별 대출금
5477,202212,0010615,에이아이에이생명보험 주식회사,F,"출판, 영상, 방송통신 및 정보서비스업",0,외국생보사,B,SH122,업종별 대출금
5478,202212,0010615,에이아이에이생명보험 주식회사,G,부동산업 및 임대업,0,외국생보사,B,SH122,업종별 대출금
5479,202212,0010615,에이아이에이생명보험 주식회사,H,기타,2942840000,외국생보사,B,SH122,업종별 대출금
5480,202212,0010615,에이아이에이생명보험 주식회사,I,계,2942840000,외국생보사,B,SH122,업종별 대출금
5481,202303,0010615,에이아이에이생명보험 주식회사,A,"농업, 임업 및 어업",0,외국생보사,B,SH122,업종별 대출금
5482,202303,0010615,에이아이에이생명보험 주식회사,B,제조업,0,외국생보사,B,SH122,업종별 대출금
5483,202303,0010615,에이아이에이생명보험 주식회사,C,건설업,0,외국생보사,B,SH122,업종별 대출금
5484,202303,0010615,에이아이에이생명보험 주식회사,D,도매 및 소매업,0,외국생보사,B,SH122,업종별 대출금
5485,202303,0010615,에이아이에이생명보험 주식회사,E,숙박 및 음식점업,0,외국생보사,B,SH122,업종별 대출금
5486,202303,0010615,에이아이에이생명보험 주식회사,F,"출판, 영상, 방송통신 및 정보서비스업",0,외국생보사,B,SH122,업종별 대출금
5487,202303,0010615,에이아이에이생명보험 주식회사,G,부동산업 및 임대업,0,외국생보사,B,SH122,업종별 대출금
5488,202303,0010615,에이아이에이생명보험 주식회사,H,기타,0,외국생보사,B,SH122,업종별 대출금
5489,202303,0010615,에이아이에이생명보험 주식회사,I,계,0,외국생보사,B,SH122,업종별 대출금
5490,202503,0010615,에이아이에이생명보험 주식회사,A,"농업, 임업 및 어업",0,외국생보사,B,SH122,업종별 대출금
5491,202503,0010615,에이아이에이생명보험 주식회사,B,제조업,0,외국생보사,B,SH122,업종별 대출금
5492,202503,0010615,에이아이에이생명보험 주식회사,C,건설업,0,외국생보사,B,SH122,업종별 대출금
5493,202503,0010615,에이아이에이생명보험 주식회사,D,도매 및 소매업,0,외국생보사,B,SH122,업종별 대출금
5494,202503,0010615,에이아이에이생명보험 주식회사,E,숙박 및 음식점업,0,외국생보사,B,SH122,업종별 대출금
5495,202503,0010615,에이아이에이생명보험 주식회사,F,"출판, 영상, 방송통신 및 정보서비스업",0,외국생보사,B,SH122,업종별 대출금
5496,202503,0010615,에이아이에이생명보험 주식회사,G,부동산업 및 임대업,0,외국생보사,B,SH122,업종별 대출금
5497,202503,0010615,에이아이에이생명보험 주식회사,H,기타,15000000000,외국생보사,B,SH122,업종별 대출금
5498,202503,0010615,에이아이에이생명보험 주식회사,I,계,15000000000,외국생보사,B,SH122,업종별 대출금
5499,201703,0010625,처브라이프생명보험주식회사,A,"농업, 임업 및 어업",0,외국생보사,B,SH122,업종별 대출금
5500,201703,0010625,처브라이프생명보험주식회사,B,제조업,0,외국생보사,B,SH122,업종별 대출금
5501,201703,0010625,처브라이프생명보험주식회사,C,건설업,0,외국생보사,B,SH122,업종별 대출금
5502,201703,0010625,처브라이프생명보험주식회사,D,도매 및 소매업,0,외국생보사,B,SH122,업종별 대출금
5503,201703,0010625,처브라이프생명보험주식회사,E,숙박 및 음식점업,0,외국생보사,B,SH122,업종별 대출금
5504,201703,0010625,처브라이프생명보험주식회사,F,"출판, 영상, 방송통신 및 정보서비스업",0,외국생보사,B,SH122,업종별 대출금
5505,201703,0010625,처브라이프생명보험주식회사,G,부동산업 및 임대업,0,외국생보사,B,SH122,업종별 대출금
5506,201703,0010625,처브라이프생명보험주식회사,H,기타,26809607000,외국생보사,B,SH122,업종별 대출금
5507,201703,0010625,처브라이프생명보험주식회사,I,계,26809607000,외국생보사,B,SH122,업종별 대출금
5508,201706,0010625,처브라이프생명보험주식회사,A,"농업, 임업 및 어업",0,외국생보사,B,SH122,업종별 대출금
5509,201706,0010625,처브라이프생명보험주식회사,B,제조업,0,외국생보사,B,SH122,업종별 대출금
5510,201706,0010625,처브라이프생명보험주식회사,C,건설업,0,외국생보사,B,SH122,업종별 대출금
5511,201706,0010625,처브라이프생명보험주식회사,D,도매 및 소매업,0,외국생보사,B,SH122,업종별 대출금
5512,201706,0010625,처브라이프생명보험주식회사,E,숙박 및 음식점업,0,외국생보사,B,SH122,업종별 대출금
5513,201706,0010625,처브라이프생명보험주식회사,F,"출판, 영상, 방송통신 및 정보서비스업",0,외국생보사,B,SH122,업종별 대출금
5514,201706,0010625,처브라이프생명보험주식회사,G,부동산업 및 임대업,0,외국생보사,B,SH122,업종별 대출금
5515,201706,0010625,처브라이프생명보험주식회사,H,기타,26899057000,외국생보사,B,SH122,업종별 대출금
5516,201706,0010625,처브라이프생명보험주식회사,I,계,26899057000,외국생보사,B,SH122,업종별 대출금
5517,201709,0010625,처브라이프생명보험주식회사,A,"농업, 임업 및 어업",0,외국생보사,B,SH122,업종별 대출금
5518,201709,0010625,처브라이프생명보험주식회사,B,제조업,0,외국생보사,B,SH122,업종별 대출금
5519,201709,0010625,처브라이프생명보험주식회사,C,건설업,0,외국생보사,B,SH122,업종별 대출금
5520,201709,0010625,처브라이프생명보험주식회사,D,도매 및 소매업,0,외국생보사,B,SH122,업종별 대출금
5521,201709,0010625,처브라이프생명보험주식회사,E,숙박 및 음식점업,0,외국생보사,B,SH122,업종별 대출금
5522,201709,0010625,처브라이프생명보험주식회사,F,"출판, 영상, 방송통신 및 정보서비스업",0,외국생보사,B,SH122,업종별 대출금
5523,201709,0010625,처브라이프생명보험주식회사,G,부동산업 및 임대업,0,외국생보사,B,SH122,업종별 대출금
5524,201709,0010625,처브라이프생명보험주식회사,H,기타,17909257000,외국생보사,B,SH122,업종별 대출금
5525,201709,0010625,처브라이프생명보험주식회사,I,계,17909257000,외국생보사,B,SH122,업종별 대출금
5526,201712,0010625,처브라이프생명보험주식회사,A,"농업, 임업 및 어업",0,외국생보사,B,SH122,업종별 대출금
5527,201712,0010625,처브라이프생명보험주식회사,B,제조업,0,외국생보사,B,SH122,업종별 대출금
5528,201712,0010625,처브라이프생명보험주식회사,C,건설업,0,외국생보사,B,SH122,업종별 대출금
5529,201712,0010625,처브라이프생명보험주식회사,D,도매 및 소매업,0,외국생보사,B,SH122,업종별 대출금
5530,201712,0010625,처브라이프생명보험주식회사,E,숙박 및 음식점업,0,외국생보사,B,SH122,업종별 대출금
5531,201712,0010625,처브라이프생명보험주식회사,F,"출판, 영상, 방송통신 및 정보서비스업",0,외국생보사,B,SH122,업종별 대출금
5532,201712,0010625,처브라이프생명보험주식회사,G,부동산업 및 임대업,0,외국생보사,B,SH122,업종별 대출금
5533,201712,0010625,처브라이프생명보험주식회사,H,기타,14003727000,외국생보사,B,SH122,업종별 대출금
5534,201712,0010625,처브라이프생명보험주식회사,I,계,14003727000,외국생보사,B,SH122,업종별 대출금
5535,201803,0010625,처브라이프생명보험주식회사,A,"농업, 임업 및 어업",0,외국생보사,B,SH122,업종별 대출금
5536,201803,0010625,처브라이프생명보험주식회사,B,제조업,0,외국생보사,B,SH122,업종별 대출금
5537,201803,0010625,처브라이프생명보험주식회사,C,건설업,0,외국생보사,B,SH122,업종별 대출금
5538,201803,0010625,처브라이프생명보험주식회사,D,도매 및 소매업,0,외국생보사,B,SH122,업종별 대출금
5539,201803,0010625,처브라이프생명보험주식회사,E,숙박 및 음식점업,0,외국생보사,B,SH122,업종별 대출금
5540,201803,0010625,처브라이프생명보험주식회사,F,"출판, 영상, 방송통신 및 정보서비스업",0,외국생보사,B,SH122,업종별 대출금
5541,201803,0010625,처브라이프생명보험주식회사,G,부동산업 및 임대업,0,외국생보사,B,SH122,업종별 대출금
5542,201803,0010625,처브라이프생명보험주식회사,H,기타,26933767000,외국생보사,B,SH122,업종별 대출금
5543,201803,0010625,처브라이프생명보험주식회사,I,계,26933767000,외국생보사,B,SH122,업종별 대출금
5544,201806,0010625,처브라이프생명보험주식회사,A,"농업, 임업 및 어업",0,외국생보사,B,SH122,업종별 대출금
5545,201806,0010625,처브라이프생명보험주식회사,B,제조업,0,외국생보사,B,SH122,업종별 대출금
5546,201806,0010625,처브라이프생명보험주식회사,C,건설업,0,외국생보사,B,SH122,업종별 대출금
5547,201806,0010625,처브라이프생명보험주식회사,D,도매 및 소매업,0,외국생보사,B,SH122,업종별 대출금
5548,201806,0010625,처브라이프생명보험주식회사,E,숙박 및 음식점업,0,외국생보사,B,SH122,업종별 대출금
5549,201806,0010625,처브라이프생명보험주식회사,F,"출판, 영상, 방송통신 및 정보서비스업",0,외국생보사,B,SH122,업종별 대출금
5550,201806,0010625,처브라이프생명보험주식회사,G,부동산업 및 임대업,0,외국생보사,B,SH122,업종별 대출금
5551,201806,0010625,처브라이프생명보험주식회사,H,기타,24651577000,외국생보사,B,SH122,업종별 대출금
5552,201806,0010625,처브라이프생명보험주식회사,I,계,24651577000,외국생보사,B,SH122,업종별 대출금
5553,201809,0010625,처브라이프생명보험주식회사,A,"농업, 임업 및 어업",0,외국생보사,B,SH122,업종별 대출금
5554,201809,0010625,처브라이프생명보험주식회사,B,제조업,0,외국생보사,B,SH122,업종별 대출금
5555,201809,0010625,처브라이프생명보험주식회사,C,건설업,0,외국생보사,B,SH122,업종별 대출금
5556,201809,0010625,처브라이프생명보험주식회사,D,도매 및 소매업,0,외국생보사,B,SH122,업종별 대출금
5557,201809,0010625,처브라이프생명보험주식회사,E,숙박 및 음식점업,0,외국생보사,B,SH122,업종별 대출금
5558,201809,0010625,처브라이프생명보험주식회사,F,"출판, 영상, 방송통신 및 정보서비스업",0,외국생보사,B,SH122,업종별 대출금
5559,201809,0010625,처브라이프생명보험주식회사,G,부동산업 및 임대업,0,외국생보사,B,SH122,업종별 대출금
5560,201809,0010625,처브라이프생명보험주식회사,H,기타,28506657000,외국생보사,B,SH122,업종별 대출금
5561,201809,0010625,처브라이프생명보험주식회사,I,계,28506657000,외국생보사,B,SH122,업종별 대출금
5562,201812,0010625,처브라이프생명보험주식회사,A,"농업, 임업 및 어업",0,외국생보사,B,SH122,업종별 대출금
5563,201812,0010625,처브라이프생명보험주식회사,B,제조업,0,외국생보사,B,SH122,업종별 대출금
5564,201812,0010625,처브라이프생명보험주식회사,C,건설업,0,외국생보사,B,SH122,업종별 대출금
5565,201812,0010625,처브라이프생명보험주식회사,D,도매 및 소매업,0,외국생보사,B,SH122,업종별 대출금
5566,201812,0010625,처브라이프생명보험주식회사,E,숙박 및 음식점업,0,외국생보사,B,SH122,업종별 대출금
5567,201812,0010625,처브라이프생명보험주식회사,F,"출판, 영상, 방송통신 및 정보서비스업",0,외국생보사,B,SH122,업종별 대출금
5568,201812,0010625,처브라이프생명보험주식회사,G,부동산업 및 임대업,0,외국생보사,B,SH122,업종별 대출금
5569,201812,0010625,처브라이프생명보험주식회사,H,기타,30681537000,외국생보사,B,SH122,업종별 대출금
5570,201812,0010625,처브라이프생명보험주식회사,I,계,30681537000,외국생보사,B,SH122,업종별 대출금
5571,201903,0010625,처브라이프생명보험주식회사,A,"농업, 임업 및 어업",0,외국생보사,B,SH122,업종별 대출금
5572,201903,0010625,처브라이프생명보험주식회사,B,제조업,0,외국생보사,B,SH122,업종별 대출금
5573,201903,0010625,처브라이프생명보험주식회사,C,건설업,0,외국생보사,B,SH122,업종별 대출금
5574,201903,0010625,처브라이프생명보험주식회사,D,도매 및 소매업,0,외국생보사,B,SH122,업종별 대출금
5575,201903,0010625,처브라이프생명보험주식회사,E,숙박 및 음식점업,0,외국생보사,B,SH122,업종별 대출금
5576,201903,0010625,처브라이프생명보험주식회사,F,"출판, 영상, 방송통신 및 정보서비스업",0,외국생보사,B,SH122,업종별 대출금
5577,201903,0010625,처브라이프생명보험주식회사,G,부동산업 및 임대업,0,외국생보사,B,SH122,업종별 대출금
5578,201903,0010625,처브라이프생명보험주식회사,H,기타,32433477000,외국생보사,B,SH122,업종별 대출금
5579,201903,0010625,처브라이프생명보험주식회사,I,계,32433477000,외국생보사,B,SH122,업종별 대출금
5580,201906,0010625,처브라이프생명보험주식회사,A,"농업, 임업 및 어업",0,외국생보사,B,SH122,업종별 대출금
5581,201906,0010625,처브라이프생명보험주식회사,B,제조업,0,외국생보사,B,SH122,업종별 대출금
5582,201906,0010625,처브라이프생명보험주식회사,C,건설업,0,외국생보사,B,SH122,업종별 대출금
5583,201906,0010625,처브라이프생명보험주식회사,D,도매 및 소매업,0,외국생보사,B,SH122,업종별 대출금
5584,201906,0010625,처브라이프생명보험주식회사,E,숙박 및 음식점업,0,외국생보사,B,SH122,업종별 대출금
5585,201906,0010625,처브라이프생명보험주식회사,F,"출판, 영상, 방송통신 및 정보서비스업",0,외국생보사,B,SH122,업종별 대출금
5586,201906,0010625,처브라이프생명보험주식회사,G,부동산업 및 임대업,0,외국생보사,B,SH122,업종별 대출금
5587,201906,0010625,처브라이프생명보험주식회사,H,기타,31878957000,외국생보사,B,SH122,업종별 대출금
5588,201906,0010625,처브라이프생명보험주식회사,I,계,31878957000,외국생보사,B,SH122,업종별 대출금
5589,201909,0010625,처브라이프생명보험주식회사,A,"농업, 임업 및 어업",0,외국생보사,B,SH122,업종별 대출금
5590,201909,0010625,처브라이프생명보험주식회사,B,제조업,0,외국생보사,B,SH122,업종별 대출금
5591,201909,0010625,처브라이프생명보험주식회사,C,건설업,0,외국생보사,B,SH122,업종별 대출금
5592,201909,0010625,처브라이프생명보험주식회사,D,도매 및 소매업,0,외국생보사,B,SH122,업종별 대출금
5593,201909,0010625,처브라이프생명보험주식회사,E,숙박 및 음식점업,0,외국생보사,B,SH122,업종별 대출금
5594,201909,0010625,처브라이프생명보험주식회사,F,"출판, 영상, 방송통신 및 정보서비스업",0,외국생보사,B,SH122,업종별 대출금
5595,201909,0010625,처브라이프생명보험주식회사,G,부동산업 및 임대업,0,외국생보사,B,SH122,업종별 대출금
5596,201909,0010625,처브라이프생명보험주식회사,H,기타,29640337000,외국생보사,B,SH122,업종별 대출금
5597,201909,0010625,처브라이프생명보험주식회사,I,계,29640337000,외국생보사,B,SH122,업종별 대출금
5598,201912,0010625,처브라이프생명보험주식회사,A,"농업, 임업 및 어업",0,외국생보사,B,SH122,업종별 대출금
5599,201912,0010625,처브라이프생명보험주식회사,B,제조업,0,외국생보사,B,SH122,업종별 대출금
5600,201912,0010625,처브라이프생명보험주식회사,C,건설업,0,외국생보사,B,SH122,업종별 대출금
5601,201912,0010625,처브라이프생명보험주식회사,D,도매 및 소매업,0,외국생보사,B,SH122,업종별 대출금
5602,201912,0010625,처브라이프생명보험주식회사,E,숙박 및 음식점업,0,외국생보사,B,SH122,업종별 대출금
5603,201912,0010625,처브라이프생명보험주식회사,F,"출판, 영상, 방송통신 및 정보서비스업",0,외국생보사,B,SH122,업종별 대출금
5604,201912,0010625,처브라이프생명보험주식회사,G,부동산업 및 임대업,0,외국생보사,B,SH122,업종별 대출금
5605,201912,0010625,처브라이프생명보험주식회사,H,기타,38335017000,외국생보사,B,SH122,업종별 대출금
5606,201912,0010625,처브라이프생명보험주식회사,I,계,38335017000,외국생보사,B,SH122,업종별 대출금
5607,202003,0010625,처브라이프생명보험주식회사,A,"농업, 임업 및 어업",0,외국생보사,B,SH122,업종별 대출금
5608,202003,0010625,처브라이프생명보험주식회사,B,제조업,0,외국생보사,B,SH122,업종별 대출금
5609,202003,0010625,처브라이프생명보험주식회사,C,건설업,0,외국생보사,B,SH122,업종별 대출금
5610,202003,0010625,처브라이프생명보험주식회사,D,도매 및 소매업,0,외국생보사,B,SH122,업종별 대출금
5611,202003,0010625,처브라이프생명보험주식회사,E,숙박 및 음식점업,0,외국생보사,B,SH122,업종별 대출금
5612,202003,0010625,처브라이프생명보험주식회사,F,"출판, 영상, 방송통신 및 정보서비스업",0,외국생보사,B,SH122,업종별 대출금
5613,202003,0010625,처브라이프생명보험주식회사,G,부동산업 및 임대업,0,외국생보사,B,SH122,업종별 대출금
5614,202003,0010625,처브라이프생명보험주식회사,H,기타,24305247000,외국생보사,B,SH122,업종별 대출금
5615,202003,0010625,처브라이프생명보험주식회사,I,계,24305247000,외국생보사,B,SH122,업종별 대출금
5616,202006,0010625,처브라이프생명보험주식회사,A,"농업, 임업 및 어업",0,외국생보사,B,SH122,업종별 대출금
5617,202006,0010625,처브라이프생명보험주식회사,B,제조업,0,외국생보사,B,SH122,업종별 대출금
5618,202006,0010625,처브라이프생명보험주식회사,C,건설업,0,외국생보사,B,SH122,업종별 대출금
5619,202006,0010625,처브라이프생명보험주식회사,D,도매 및 소매업,0,외국생보사,B,SH122,업종별 대출금
5620,202006,0010625,처브라이프생명보험주식회사,E,숙박 및 음식점업,0,외국생보사,B,SH122,업종별 대출금
5621,202006,0010625,처브라이프생명보험주식회사,F,"출판, 영상, 방송통신 및 정보서비스업",0,외국생보사,B,SH122,업종별 대출금
5622,202006,0010625,처브라이프생명보험주식회사,G,부동산업 및 임대업,0,외국생보사,B,SH122,업종별 대출금
5623,202006,0010625,처브라이프생명보험주식회사,H,기타,39559342000,외국생보사,B,SH122,업종별 대출금
5624,202006,0010625,처브라이프생명보험주식회사,I,계,39559342000,외국생보사,B,SH122,업종별 대출금
5625,202009,0010625,처브라이프생명보험주식회사,A,"농업, 임업 및 어업",0,외국생보사,B,SH122,업종별 대출금
5626,202009,0010625,처브라이프생명보험주식회사,B,제조업,0,외국생보사,B,SH122,업종별 대출금
5627,202009,0010625,처브라이프생명보험주식회사,C,건설업,0,외국생보사,B,SH122,업종별 대출금
5628,202009,0010625,처브라이프생명보험주식회사,D,도매 및 소매업,0,외국생보사,B,SH122,업종별 대출금
5629,202009,0010625,처브라이프생명보험주식회사,E,숙박 및 음식점업,0,외국생보사,B,SH122,업종별 대출금
5630,202009,0010625,처브라이프생명보험주식회사,F,"출판, 영상, 방송통신 및 정보서비스업",0,외국생보사,B,SH122,업종별 대출금
5631,202009,0010625,처브라이프생명보험주식회사,G,부동산업 및 임대업,0,외국생보사,B,SH122,업종별 대출금
5632,202009,0010625,처브라이프생명보험주식회사,H,기타,36882227000,외국생보사,B,SH122,업종별 대출금
5633,202009,0010625,처브라이프생명보험주식회사,I,계,36882227000,외국생보사,B,SH122,업종별 대출금
5634,202012,0010625,처브라이프생명보험주식회사,A,"농업, 임업 및 어업",0,외국생보사,B,SH122,업종별 대출금
5635,202012,0010625,처브라이프생명보험주식회사,B,제조업,0,외국생보사,B,SH122,업종별 대출금
5636,202012,0010625,처브라이프생명보험주식회사,C,건설업,0,외국생보사,B,SH122,업종별 대출금
5637,202012,0010625,처브라이프생명보험주식회사,D,도매 및 소매업,0,외국생보사,B,SH122,업종별 대출금
5638,202012,0010625,처브라이프생명보험주식회사,E,숙박 및 음식점업,0,외국생보사,B,SH122,업종별 대출금
5639,202012,0010625,처브라이프생명보험주식회사,F,"출판, 영상, 방송통신 및 정보서비스업",0,외국생보사,B,SH122,업종별 대출금
5640,202012,0010625,처브라이프생명보험주식회사,G,부동산업 및 임대업,0,외국생보사,B,SH122,업종별 대출금
5641,202012,0010625,처브라이프생명보험주식회사,H,기타,35433497000,외국생보사,B,SH122,업종별 대출금
5642,202012,0010625,처브라이프생명보험주식회사,I,계,35433497000,외국생보사,B,SH122,업종별 대출금
5643,202103,0010625,처브라이프생명보험주식회사,A,"농업, 임업 및 어업",0,외국생보사,B,SH122,업종별 대출금
5644,202103,0010625,처브라이프생명보험주식회사,B,제조업,0,외국생보사,B,SH122,업종별 대출금
5645,202103,0010625,처브라이프생명보험주식회사,C,건설업,0,외국생보사,B,SH122,업종별 대출금
5646,202103,0010625,처브라이프생명보험주식회사,D,도매 및 소매업,0,외국생보사,B,SH122,업종별 대출금
5647,202103,0010625,처브라이프생명보험주식회사,E,숙박 및 음식점업,0,외국생보사,B,SH122,업종별 대출금
5648,202103,0010625,처브라이프생명보험주식회사,F,"출판, 영상, 방송통신 및 정보서비스업",0,외국생보사,B,SH122,업종별 대출금
5649,202103,0010625,처브라이프생명보험주식회사,G,부동산업 및 임대업,0,외국생보사,B,SH122,업종별 대출금
5650,202103,0010625,처브라이프생명보험주식회사,H,기타,33128867000,외국생보사,B,SH122,업종별 대출금
5651,202103,0010625,처브라이프생명보험주식회사,I,계,33128867000,외국생보사,B,SH122,업종별 대출금
5652,202106,0010625,처브라이프생명보험주식회사,A,"농업, 임업 및 어업",0,외국생보사,B,SH122,업종별 대출금
5653,202106,0010625,처브라이프생명보험주식회사,B,제조업,0,외국생보사,B,SH122,업종별 대출금
5654,202106,0010625,처브라이프생명보험주식회사,C,건설업,0,외국생보사,B,SH122,업종별 대출금
5655,202106,0010625,처브라이프생명보험주식회사,D,도매 및 소매업,0,외국생보사,B,SH122,업종별 대출금
5656,202106,0010625,처브라이프생명보험주식회사,E,숙박 및 음식점업,0,외국생보사,B,SH122,업종별 대출금
5657,202106,0010625,처브라이프생명보험주식회사,F,"출판, 영상, 방송통신 및 정보서비스업",0,외국생보사,B,SH122,업종별 대출금
5658,202106,0010625,처브라이프생명보험주식회사,G,부동산업 및 임대업,0,외국생보사,B,SH122,업종별 대출금
5659,202106,0010625,처브라이프생명보험주식회사,H,기타,31117917000,외국생보사,B,SH122,업종별 대출금
5660,202106,0010625,처브라이프생명보험주식회사,I,계,31117917000,외국생보사,B,SH122,업종별 대출금
5661,202109,0010625,처브라이프생명보험주식회사,A,"농업, 임업 및 어업",0,외국생보사,B,SH122,업종별 대출금
5662,202109,0010625,처브라이프생명보험주식회사,B,제조업,0,외국생보사,B,SH122,업종별 대출금
5663,202109,0010625,처브라이프생명보험주식회사,C,건설업,0,외국생보사,B,SH122,업종별 대출금
5664,202109,0010625,처브라이프생명보험주식회사,D,도매 및 소매업,0,외국생보사,B,SH122,업종별 대출금
5665,202109,0010625,처브라이프생명보험주식회사,E,숙박 및 음식점업,0,외국생보사,B,SH122,업종별 대출금
5666,202109,0010625,처브라이프생명보험주식회사,F,"출판, 영상, 방송통신 및 정보서비스업",0,외국생보사,B,SH122,업종별 대출금
5667,202109,0010625,처브라이프생명보험주식회사,G,부동산업 및 임대업,0,외국생보사,B,SH122,업종별 대출금
5668,202109,0010625,처브라이프생명보험주식회사,H,기타,28882297000,외국생보사,B,SH122,업종별 대출금
5669,202109,0010625,처브라이프생명보험주식회사,I,계,28882297000,외국생보사,B,SH122,업종별 대출금
5670,202112,0010625,처브라이프생명보험주식회사,A,"농업, 임업 및 어업",0,외국생보사,B,SH122,업종별 대출금
5671,202112,0010625,처브라이프생명보험주식회사,B,제조업,0,외국생보사,B,SH122,업종별 대출금
5672,202112,0010625,처브라이프생명보험주식회사,C,건설업,0,외국생보사,B,SH122,업종별 대출금
5673,202112,0010625,처브라이프생명보험주식회사,D,도매 및 소매업,0,외국생보사,B,SH122,업종별 대출금
5674,202112,0010625,처브라이프생명보험주식회사,E,숙박 및 음식점업,0,외국생보사,B,SH122,업종별 대출금
5675,202112,0010625,처브라이프생명보험주식회사,F,"출판, 영상, 방송통신 및 정보서비스업",0,외국생보사,B,SH122,업종별 대출금
5676,202112,0010625,처브라이프생명보험주식회사,G,부동산업 및 임대업,0,외국생보사,B,SH122,업종별 대출금
5677,202112,0010625,처브라이프생명보험주식회사,H,기타,31846817000,외국생보사,B,SH122,업종별 대출금
5678,202112,0010625,처브라이프생명보험주식회사,I,계,31846817000,외국생보사,B,SH122,업종별 대출금
5679,202203,0010625,처브라이프생명보험주식회사,A,"농업, 임업 및 어업",0,외국생보사,B,SH122,업종별 대출금
5680,202203,0010625,처브라이프생명보험주식회사,B,제조업,0,외국생보사,B,SH122,업종별 대출금
5681,202203,0010625,처브라이프생명보험주식회사,C,건설업,0,외국생보사,B,SH122,업종별 대출금
5682,202203,0010625,처브라이프생명보험주식회사,D,도매 및 소매업,0,외국생보사,B,SH122,업종별 대출금
5683,202203,0010625,처브라이프생명보험주식회사,E,숙박 및 음식점업,0,외국생보사,B,SH122,업종별 대출금
5684,202203,0010625,처브라이프생명보험주식회사,F,"출판, 영상, 방송통신 및 정보서비스업",0,외국생보사,B,SH122,업종별 대출금
5685,202203,0010625,처브라이프생명보험주식회사,G,부동산업 및 임대업,0,외국생보사,B,SH122,업종별 대출금
5686,202203,0010625,처브라이프생명보험주식회사,H,기타,28954567000,외국생보사,B,SH122,업종별 대출금
5687,202203,0010625,처브라이프생명보험주식회사,I,계,28954567000,외국생보사,B,SH122,업종별 대출금
5688,202206,0010625,처브라이프생명보험주식회사,A,"농업, 임업 및 어업",0,외국생보사,B,SH122,업종별 대출금
5689,202206,0010625,처브라이프생명보험주식회사,B,제조업,0,외국생보사,B,SH122,업종별 대출금
5690,202206,0010625,처브라이프생명보험주식회사,C,건설업,0,외국생보사,B,SH122,업종별 대출금
5691,202206,0010625,처브라이프생명보험주식회사,D,도매 및 소매업,0,외국생보사,B,SH122,업종별 대출금
5692,202206,0010625,처브라이프생명보험주식회사,E,숙박 및 음식점업,0,외국생보사,B,SH122,업종별 대출금
5693,202206,0010625,처브라이프생명보험주식회사,F,"출판, 영상, 방송통신 및 정보서비스업",0,외국생보사,B,SH122,업종별 대출금
5694,202206,0010625,처브라이프생명보험주식회사,G,부동산업 및 임대업,0,외국생보사,B,SH122,업종별 대출금
5695,202206,0010625,처브라이프생명보험주식회사,H,기타,29029177000,외국생보사,B,SH122,업종별 대출금
5696,202206,0010625,처브라이프생명보험주식회사,I,계,29029177000,외국생보사,B,SH122,업종별 대출금
5697,202209,0010625,처브라이프생명보험주식회사,A,"농업, 임업 및 어업",0,외국생보사,B,SH122,업종별 대출금
5698,202209,0010625,처브라이프생명보험주식회사,B,제조업,0,외국생보사,B,SH122,업종별 대출금
5699,202209,0010625,처브라이프생명보험주식회사,C,건설업,0,외국생보사,B,SH122,업종별 대출금
5700,202209,0010625,처브라이프생명보험주식회사,D,도매 및 소매업,0,외국생보사,B,SH122,업종별 대출금
5701,202209,0010625,처브라이프생명보험주식회사,E,숙박 및 음식점업,0,외국생보사,B,SH122,업종별 대출금
5702,202209,0010625,처브라이프생명보험주식회사,F,"출판, 영상, 방송통신 및 정보서비스업",0,외국생보사,B,SH122,업종별 대출금
5703,202209,0010625,처브라이프생명보험주식회사,G,부동산업 및 임대업,0,외국생보사,B,SH122,업종별 대출금
5704,202209,0010625,처브라이프생명보험주식회사,H,기타,31230727000,외국생보사,B,SH122,업종별 대출금
5705,202209,0010625,처브라이프생명보험주식회사,I,계,31230727000,외국생보사,B,SH122,업종별 대출금
5706,202212,0010625,처브라이프생명보험주식회사,A,"농업, 임업 및 어업",0,외국생보사,B,SH122,업종별 대출금
5707,202212,0010625,처브라이프생명보험주식회사,B,제조업,0,외국생보사,B,SH122,업종별 대출금
5708,202212,0010625,처브라이프생명보험주식회사,C,건설업,0,외국생보사,B,SH122,업종별 대출금
5709,202212,0010625,처브라이프생명보험주식회사,D,도매 및 소매업,0,외국생보사,B,SH122,업종별 대출금
5710,202212,0010625,처브라이프생명보험주식회사,E,숙박 및 음식점업,0,외국생보사,B,SH122,업종별 대출금
5711,202212,0010625,처브라이프생명보험주식회사,F,"출판, 영상, 방송통신 및 정보서비스업",0,외국생보사,B,SH122,업종별 대출금
5712,202212,0010625,처브라이프생명보험주식회사,G,부동산업 및 임대업,0,외국생보사,B,SH122,업종별 대출금
5713,202212,0010625,처브라이프생명보험주식회사,H,기타,28732147000,외국생보사,B,SH122,업종별 대출금
5714,202212,0010625,처브라이프생명보험주식회사,I,계,28732147000,외국생보사,B,SH122,업종별 대출금
5715,202303,0010625,처브라이프생명보험주식회사,A,"농업, 임업 및 어업",0,외국생보사,B,SH122,업종별 대출금
5716,202303,0010625,처브라이프생명보험주식회사,B,제조업,0,외국생보사,B,SH122,업종별 대출금
5717,202303,0010625,처브라이프생명보험주식회사,C,건설업,0,외국생보사,B,SH122,업종별 대출금
5718,202303,0010625,처브라이프생명보험주식회사,D,도매 및 소매업,0,외국생보사,B,SH122,업종별 대출금
5719,202303,0010625,처브라이프생명보험주식회사,E,숙박 및 음식점업,0,외국생보사,B,SH122,업종별 대출금
5720,202303,0010625,처브라이프생명보험주식회사,F,"출판, 영상, 방송통신 및 정보서비스업",0,외국생보사,B,SH122,업종별 대출금
5721,202303,0010625,처브라이프생명보험주식회사,G,부동산업 및 임대업,0,외국생보사,B,SH122,업종별 대출금
5722,202303,0010625,처브라이프생명보험주식회사,H,기타,22500000000,외국생보사,B,SH122,업종별 대출금
5723,202303,0010625,처브라이프생명보험주식회사,I,계,22500000000,외국생보사,B,SH122,업종별 대출금
5724,202306,0010625,처브라이프생명보험주식회사,A,"농업, 임업 및 어업",0,외국생보사,B,SH122,업종별 대출금
5725,202306,0010625,처브라이프생명보험주식회사,B,제조업,0,외국생보사,B,SH122,업종별 대출금
5726,202306,0010625,처브라이프생명보험주식회사,C,건설업,0,외국생보사,B,SH122,업종별 대출금
5727,202306,0010625,처브라이프생명보험주식회사,D,도매 및 소매업,0,외국생보사,B,SH122,업종별 대출금
5728,202306,0010625,처브라이프생명보험주식회사,E,숙박 및 음식점업,0,외국생보사,B,SH122,업종별 대출금
5729,202306,0010625,처브라이프생명보험주식회사,F,"출판, 영상, 방송통신 및 정보서비스업",0,외국생보사,B,SH122,업종별 대출금
5730,202306,0010625,처브라이프생명보험주식회사,G,부동산업 및 임대업,0,외국생보사,B,SH122,업종별 대출금
5731,202306,0010625,처브라이프생명보험주식회사,H,기타,24600000000,외국생보사,B,SH122,업종별 대출금
5732,202306,0010625,처브라이프생명보험주식회사,I,계,24600000000,외국생보사,B,SH122,업종별 대출금
5733,202309,0010625,처브라이프생명보험주식회사,A,"농업, 임업 및 어업",0,외국생보사,B,SH122,업종별 대출금
5734,202309,0010625,처브라이프생명보험주식회사,B,제조업,0,외국생보사,B,SH122,업종별 대출금
5735,202309,0010625,처브라이프생명보험주식회사,C,건설업,0,외국생보사,B,SH122,업종별 대출금
5736,202309,0010625,처브라이프생명보험주식회사,D,도매 및 소매업,0,외국생보사,B,SH122,업종별 대출금
5737,202309,0010625,처브라이프생명보험주식회사,E,숙박 및 음식점업,0,외국생보사,B,SH122,업종별 대출금
5738,202309,0010625,처브라이프생명보험주식회사,F,"출판, 영상, 방송통신 및 정보서비스업",0,외국생보사,B,SH122,업종별 대출금
5739,202309,0010625,처브라이프생명보험주식회사,G,부동산업 및 임대업,0,외국생보사,B,SH122,업종별 대출금
5740,202309,0010625,처브라이프생명보험주식회사,H,기타,28700000000,외국생보사,B,SH122,업종별 대출금
5741,202309,0010625,처브라이프생명보험주식회사,I,계,28700000000,외국생보사,B,SH122,업종별 대출금
5742,202312,0010625,처브라이프생명보험주식회사,A,"농업, 임업 및 어업",0,외국생보사,B,SH122,업종별 대출금
5743,202312,0010625,처브라이프생명보험주식회사,B,제조업,0,외국생보사,B,SH122,업종별 대출금
5744,202312,0010625,처브라이프생명보험주식회사,C,건설업,0,외국생보사,B,SH122,업종별 대출금
5745,202312,0010625,처브라이프생명보험주식회사,D,도매 및 소매업,0,외국생보사,B,SH122,업종별 대출금
5746,202312,0010625,처브라이프생명보험주식회사,E,숙박 및 음식점업,0,외국생보사,B,SH122,업종별 대출금
5747,202312,0010625,처브라이프생명보험주식회사,F,"출판, 영상, 방송통신 및 정보서비스업",0,외국생보사,B,SH122,업종별 대출금
5748,202312,0010625,처브라이프생명보험주식회사,G,부동산업 및 임대업,0,외국생보사,B,SH122,업종별 대출금
5749,202312,0010625,처브라이프생명보험주식회사,H,기타,27700000000,외국생보사,B,SH122,업종별 대출금
5750,202312,0010625,처브라이프생명보험주식회사,I,계,27700000000,외국생보사,B,SH122,업종별 대출금
5751,202403,0010625,처브라이프생명보험주식회사,A,"농업, 임업 및 어업",0,외국생보사,B,SH122,업종별 대출금
5752,202403,0010625,처브라이프생명보험주식회사,B,제조업,0,외국생보사,B,SH122,업종별 대출금
5753,202403,0010625,처브라이프생명보험주식회사,C,건설업,0,외국생보사,B,SH122,업종별 대출금
5754,202403,0010625,처브라이프생명보험주식회사,D,도매 및 소매업,0,외국생보사,B,SH122,업종별 대출금
5755,202403,0010625,처브라이프생명보험주식회사,E,숙박 및 음식점업,0,외국생보사,B,SH122,업종별 대출금
5756,202403,0010625,처브라이프생명보험주식회사,F,"출판, 영상, 방송통신 및 정보서비스업",0,외국생보사,B,SH122,업종별 대출금
5757,202403,0010625,처브라이프생명보험주식회사,G,부동산업 및 임대업,0,외국생보사,B,SH122,업종별 대출금
5758,202403,0010625,처브라이프생명보험주식회사,H,기타,20900000000,외국생보사,B,SH122,업종별 대출금
5759,202403,0010625,처브라이프생명보험주식회사,I,계,20900000000,외국생보사,B,SH122,업종별 대출금
5760,202406,0010625,처브라이프생명보험주식회사,A,"농업, 임업 및 어업",0,외국생보사,B,SH122,업종별 대출금
5761,202406,0010625,처브라이프생명보험주식회사,B,제조업,0,외국생보사,B,SH122,업종별 대출금
5762,202406,0010625,처브라이프생명보험주식회사,C,건설업,0,외국생보사,B,SH122,업종별 대출금
5763,202406,0010625,처브라이프생명보험주식회사,D,도매 및 소매업,0,외국생보사,B,SH122,업종별 대출금
5764,202406,0010625,처브라이프생명보험주식회사,E,숙박 및 음식점업,0,외국생보사,B,SH122,업종별 대출금
5765,202406,0010625,처브라이프생명보험주식회사,F,"출판, 영상, 방송통신 및 정보서비스업",0,외국생보사,B,SH122,업종별 대출금
5766,202406,0010625,처브라이프생명보험주식회사,G,부동산업 및 임대업,0,외국생보사,B,SH122,업종별 대출금
5767,202406,0010625,처브라이프생명보험주식회사,H,기타,22300000000,외국생보사,B,SH122,업종별 대출금
5768,202406,0010625,처브라이프생명보험주식회사,I,계,22300000000,외국생보사,B,SH122,업종별 대출금
5769,202409,0010625,처브라이프생명보험주식회사,A,"농업, 임업 및 어업",0,외국생보사,B,SH122,업종별 대출금
5770,202409,0010625,처브라이프생명보험주식회사,B,제조업,0,외국생보사,B,SH122,업종별 대출금
5771,202409,0010625,처브라이프생명보험주식회사,C,건설업,0,외국생보사,B,SH122,업종별 대출금
5772,202409,0010625,처브라이프생명보험주식회사,D,도매 및 소매업,0,외국생보사,B,SH122,업종별 대출금
5773,202409,0010625,처브라이프생명보험주식회사,E,숙박 및 음식점업,0,외국생보사,B,SH122,업종별 대출금
5774,202409,0010625,처브라이프생명보험주식회사,F,"출판, 영상, 방송통신 및 정보서비스업",0,외국생보사,B,SH122,업종별 대출금
5775,202409,0010625,처브라이프생명보험주식회사,G,부동산업 및 임대업,0,외국생보사,B,SH122,업종별 대출금
5776,202409,0010625,처브라이프생명보험주식회사,H,기타,29600000000,외국생보사,B,SH122,업종별 대출금
5777,202409,0010625,처브라이프생명보험주식회사,I,계,29600000000,외국생보사,B,SH122,업종별 대출금
5778,202412,0010625,처브라이프생명보험주식회사,A,"농업, 임업 및 어업",0,외국생보사,B,SH122,업종별 대출금
5779,202412,0010625,처브라이프생명보험주식회사,B,제조업,0,외국생보사,B,SH122,업종별 대출금
5780,202412,0010625,처브라이프생명보험주식회사,C,건설업,0,외국생보사,B,SH122,업종별 대출금
5781,202412,0010625,처브라이프생명보험주식회사,D,도매 및 소매업,0,외국생보사,B,SH122,업종별 대출금
5782,202412,0010625,처브라이프생명보험주식회사,E,숙박 및 음식점업,0,외국생보사,B,SH122,업종별 대출금
5783,202412,0010625,처브라이프생명보험주식회사,F,"출판, 영상, 방송통신 및 정보서비스업",0,외국생보사,B,SH122,업종별 대출금
5784,202412,0010625,처브라이프생명보험주식회사,G,부동산업 및 임대업,0,외국생보사,B,SH122,업종별 대출금
5785,202412,0010625,처브라이프생명보험주식회사,H,기타,24900000000,외국생보사,B,SH122,업종별 대출금
5786,202412,0010625,처브라이프생명보험주식회사,I,계,24900000000,외국생보사,B,SH122,업종별 대출금
5787,202503,0010625,처브라이프생명보험주식회사,A,"농업, 임업 및 어업",0,외국생보사,B,SH122,업종별 대출금
5788,202503,0010625,처브라이프생명보험주식회사,B,제조업,0,외국생보사,B,SH122,업종별 대출금
5789,202503,0010625,처브라이프생명보험주식회사,C,건설업,0,외국생보사,B,SH122,업종별 대출금
5790,202503,0010625,처브라이프생명보험주식회사,D,도매 및 소매업,0,외국생보사,B,SH122,업종별 대출금
5791,202503,0010625,처브라이프생명보험주식회사,E,숙박 및 음식점업,0,외국생보사,B,SH122,업종별 대출금
5792,202503,0010625,처브라이프생명보험주식회사,F,"출판, 영상, 방송통신 및 정보서비스업",0,외국생보사,B,SH122,업종별 대출금
5793,202503,0010625,처브라이프생명보험주식회사,G,부동산업 및 임대업,0,외국생보사,B,SH122,업종별 대출금
5794,202503,0010625,처브라이프생명보험주식회사,H,기타,23800000000,외국생보사,B,SH122,업종별 대출금
5795,202503,0010625,처브라이프생명보험주식회사,I,계,23800000000,외국생보사,B,SH122,업종별 대출금
5796,201703,0011320,푸본현대생명보험주식회사,A,"농업, 임업 및 어업",310039000,외국생보사,B,SH122,업종별 대출금
5797,201703,0011320,푸본현대생명보험주식회사,B,제조업,13833313000,외국생보사,B,SH122,업종별 대출금
5798,201703,0011320,푸본현대생명보험주식회사,C,건설업,187757255000,외국생보사,B,SH122,업종별 대출금
5799,201703,0011320,푸본현대생명보험주식회사,D,도매 및 소매업,78373351000,외국생보사,B,SH122,업종별 대출금
5800,201703,0011320,푸본현대생명보험주식회사,E,숙박 및 음식점업,5875314000,외국생보사,B,SH122,업종별 대출금
5801,201703,0011320,푸본현대생명보험주식회사,F,"출판, 영상, 방송통신 및 정보서비스업",1419000000,외국생보사,B,SH122,업종별 대출금
5802,201703,0011320,푸본현대생명보험주식회사,G,부동산업 및 임대업,715721099000,외국생보사,B,SH122,업종별 대출금
5803,201703,0011320,푸본현대생명보험주식회사,H,기타,1094938726000,외국생보사,B,SH122,업종별 대출금
5804,201703,0011320,푸본현대생명보험주식회사,I,계,2098228097000,외국생보사,B,SH122,업종별 대출금
5805,201706,0011320,푸본현대생명보험주식회사,A,"농업, 임업 및 어업",299570000,외국생보사,B,SH122,업종별 대출금
5806,201706,0011320,푸본현대생명보험주식회사,B,제조업,15586687000,외국생보사,B,SH122,업종별 대출금
5807,201706,0011320,푸본현대생명보험주식회사,C,건설업,205584297000,외국생보사,B,SH122,업종별 대출금
5808,201706,0011320,푸본현대생명보험주식회사,D,도매 및 소매업,82189324000,외국생보사,B,SH122,업종별 대출금
5809,201706,0011320,푸본현대생명보험주식회사,E,숙박 및 음식점업,4797374000,외국생보사,B,SH122,업종별 대출금
5810,201706,0011320,푸본현대생명보험주식회사,F,"출판, 영상, 방송통신 및 정보서비스업",867976000,외국생보사,B,SH122,업종별 대출금
5811,201706,0011320,푸본현대생명보험주식회사,G,부동산업 및 임대업,688955015000,외국생보사,B,SH122,업종별 대출금
5812,201706,0011320,푸본현대생명보험주식회사,H,기타,1042352125000,외국생보사,B,SH122,업종별 대출금
5813,201706,0011320,푸본현대생명보험주식회사,I,계,2040632368000,외국생보사,B,SH122,업종별 대출금
5814,201709,0011320,푸본현대생명보험주식회사,A,"농업, 임업 및 어업",292470000,외국생보사,B,SH122,업종별 대출금
5815,201709,0011320,푸본현대생명보험주식회사,B,제조업,14337447000,외국생보사,B,SH122,업종별 대출금
5816,201709,0011320,푸본현대생명보험주식회사,C,건설업,233719951000,외국생보사,B,SH122,업종별 대출금
5817,201709,0011320,푸본현대생명보험주식회사,D,도매 및 소매업,77768961000,외국생보사,B,SH122,업종별 대출금
5818,201709,0011320,푸본현대생명보험주식회사,E,숙박 및 음식점업,4257207000,외국생보사,B,SH122,업종별 대출금
5819,201709,0011320,푸본현대생명보험주식회사,F,"출판, 영상, 방송통신 및 정보서비스업",407246000,외국생보사,B,SH122,업종별 대출금
5820,201709,0011320,푸본현대생명보험주식회사,G,부동산업 및 임대업,665403354000,외국생보사,B,SH122,업종별 대출금
5821,201709,0011320,푸본현대생명보험주식회사,H,기타,1069388418000,외국생보사,B,SH122,업종별 대출금
5822,201709,0011320,푸본현대생명보험주식회사,I,계,2065575054000,외국생보사,B,SH122,업종별 대출금
5823,201712,0011320,푸본현대생명보험주식회사,A,"농업, 임업 및 어업",170000000,외국생보사,B,SH122,업종별 대출금
5824,201712,0011320,푸본현대생명보험주식회사,B,제조업,13613848000,외국생보사,B,SH122,업종별 대출금
5825,201712,0011320,푸본현대생명보험주식회사,C,건설업,257721602000,외국생보사,B,SH122,업종별 대출금
5826,201712,0011320,푸본현대생명보험주식회사,D,도매 및 소매업,77122541000,외국생보사,B,SH122,업종별 대출금
5827,201712,0011320,푸본현대생명보험주식회사,E,숙박 및 음식점업,3433323000,외국생보사,B,SH122,업종별 대출금
5828,201712,0011320,푸본현대생명보험주식회사,F,"출판, 영상, 방송통신 및 정보서비스업",265246000,외국생보사,B,SH122,업종별 대출금
5829,201712,0011320,푸본현대생명보험주식회사,G,부동산업 및 임대업,660264970000,외국생보사,B,SH122,업종별 대출금
5830,201712,0011320,푸본현대생명보험주식회사,H,기타,990481023000,외국생보사,B,SH122,업종별 대출금
5831,201712,0011320,푸본현대생명보험주식회사,I,계,2003072553000,외국생보사,B,SH122,업종별 대출금
5832,201803,0011320,푸본현대생명보험주식회사,A,"농업, 임업 및 어업",170000000,외국생보사,B,SH122,업종별 대출금
5833,201803,0011320,푸본현대생명보험주식회사,B,제조업,7682406000,외국생보사,B,SH122,업종별 대출금
5834,201803,0011320,푸본현대생명보험주식회사,C,건설업,259172916000,외국생보사,B,SH122,업종별 대출금
5835,201803,0011320,푸본현대생명보험주식회사,D,도매 및 소매업,70759765000,외국생보사,B,SH122,업종별 대출금
5836,201803,0011320,푸본현대생명보험주식회사,E,숙박 및 음식점업,2908296000,외국생보사,B,SH122,업종별 대출금
5837,201803,0011320,푸본현대생명보험주식회사,F,"출판, 영상, 방송통신 및 정보서비스업",115270000,외국생보사,B,SH122,업종별 대출금
5838,201803,0011320,푸본현대생명보험주식회사,G,부동산업 및 임대업,627532966000,외국생보사,B,SH122,업종별 대출금
5839,201803,0011320,푸본현대생명보험주식회사,H,기타,944477193000,외국생보사,B,SH122,업종별 대출금
5840,201803,0011320,푸본현대생명보험주식회사,I,계,1912818812000,외국생보사,B,SH122,업종별 대출금
5841,201806,0011320,푸본현대생명보험주식회사,A,"농업, 임업 및 어업",88000000,외국생보사,B,SH122,업종별 대출금
5842,201806,0011320,푸본현대생명보험주식회사,B,제조업,6957353000,외국생보사,B,SH122,업종별 대출금
5843,201806,0011320,푸본현대생명보험주식회사,C,건설업,196036509000,외국생보사,B,SH122,업종별 대출금
5844,201806,0011320,푸본현대생명보험주식회사,D,도매 및 소매업,67955372000,외국생보사,B,SH122,업종별 대출금
5845,201806,0011320,푸본현대생명보험주식회사,E,숙박 및 음식점업,2410014000,외국생보사,B,SH122,업종별 대출금
5846,201806,0011320,푸본현대생명보험주식회사,F,"출판, 영상, 방송통신 및 정보서비스업",42000000,외국생보사,B,SH122,업종별 대출금
5847,201806,0011320,푸본현대생명보험주식회사,G,부동산업 및 임대업,500382458000,외국생보사,B,SH122,업종별 대출금
5848,201806,0011320,푸본현대생명보험주식회사,H,기타,879823964000,외국생보사,B,SH122,업종별 대출금
5849,201806,0011320,푸본현대생명보험주식회사,I,계,1653695670000,외국생보사,B,SH122,업종별 대출금
5850,201809,0011320,푸본현대생명보험주식회사,A,"농업, 임업 및 어업",88000000,외국생보사,B,SH122,업종별 대출금
5851,201809,0011320,푸본현대생명보험주식회사,B,제조업,6316097000,외국생보사,B,SH122,업종별 대출금
5852,201809,0011320,푸본현대생명보험주식회사,C,건설업,206573895000,외국생보사,B,SH122,업종별 대출금
5853,201809,0011320,푸본현대생명보험주식회사,D,도매 및 소매업,67453905000,외국생보사,B,SH122,업종별 대출금
5854,201809,0011320,푸본현대생명보험주식회사,E,숙박 및 음식점업,2326014000,외국생보사,B,SH122,업종별 대출금
5855,201809,0011320,푸본현대생명보험주식회사,F,"출판, 영상, 방송통신 및 정보서비스업",42000000,외국생보사,B,SH122,업종별 대출금
5856,201809,0011320,푸본현대생명보험주식회사,G,부동산업 및 임대업,367471495000,외국생보사,B,SH122,업종별 대출금
5857,201809,0011320,푸본현대생명보험주식회사,H,기타,869273947000,외국생보사,B,SH122,업종별 대출금
5858,201809,0011320,푸본현대생명보험주식회사,I,계,1519545353000,외국생보사,B,SH122,업종별 대출금
5859,201812,0011320,푸본현대생명보험주식회사,A,"농업, 임업 및 어업",88000000,외국생보사,B,SH122,업종별 대출금
5860,201812,0011320,푸본현대생명보험주식회사,B,제조업,5861265000,외국생보사,B,SH122,업종별 대출금
5861,201812,0011320,푸본현대생명보험주식회사,C,건설업,235137884000,외국생보사,B,SH122,업종별 대출금
5862,201812,0011320,푸본현대생명보험주식회사,D,도매 및 소매업,64751022000,외국생보사,B,SH122,업종별 대출금
5863,201812,0011320,푸본현대생명보험주식회사,E,숙박 및 음식점업,2288014000,외국생보사,B,SH122,업종별 대출금
5864,201812,0011320,푸본현대생명보험주식회사,F,"출판, 영상, 방송통신 및 정보서비스업",38500000,외국생보사,B,SH122,업종별 대출금
5865,201812,0011320,푸본현대생명보험주식회사,G,부동산업 및 임대업,360859415000,외국생보사,B,SH122,업종별 대출금
5866,201812,0011320,푸본현대생명보험주식회사,H,기타,814539444000,외국생보사,B,SH122,업종별 대출금
5867,201812,0011320,푸본현대생명보험주식회사,I,계,1483563544000,외국생보사,B,SH122,업종별 대출금
5868,201903,0011320,푸본현대생명보험주식회사,A,"농업, 임업 및 어업",88000000,외국생보사,B,SH122,업종별 대출금
5869,201903,0011320,푸본현대생명보험주식회사,B,제조업,4932751000,외국생보사,B,SH122,업종별 대출금
5870,201903,0011320,푸본현대생명보험주식회사,C,건설업,269359202000,외국생보사,B,SH122,업종별 대출금
5871,201903,0011320,푸본현대생명보험주식회사,D,도매 및 소매업,63284621000,외국생보사,B,SH122,업종별 대출금
5872,201903,0011320,푸본현대생명보험주식회사,E,숙박 및 음식점업,1548014000,외국생보사,B,SH122,업종별 대출금
5873,201903,0011320,푸본현대생명보험주식회사,F,"출판, 영상, 방송통신 및 정보서비스업",38500000,외국생보사,B,SH122,업종별 대출금
5874,201903,0011320,푸본현대생명보험주식회사,G,부동산업 및 임대업,384639314000,외국생보사,B,SH122,업종별 대출금
5875,201903,0011320,푸본현대생명보험주식회사,H,기타,781956591000,외국생보사,B,SH122,업종별 대출금
5876,201903,0011320,푸본현대생명보험주식회사,I,계,1505846993000,외국생보사,B,SH122,업종별 대출금
5877,201906,0011320,푸본현대생명보험주식회사,A,"농업, 임업 및 어업",88000000,외국생보사,B,SH122,업종별 대출금
5878,201906,0011320,푸본현대생명보험주식회사,B,제조업,4086544000,외국생보사,B,SH122,업종별 대출금
5879,201906,0011320,푸본현대생명보험주식회사,C,건설업,333076275000,외국생보사,B,SH122,업종별 대출금
5880,201906,0011320,푸본현대생명보험주식회사,D,도매 및 소매업,60646215000,외국생보사,B,SH122,업종별 대출금
5881,201906,0011320,푸본현대생명보험주식회사,E,숙박 및 음식점업,1109014000,외국생보사,B,SH122,업종별 대출금
5882,201906,0011320,푸본현대생명보험주식회사,F,"출판, 영상, 방송통신 및 정보서비스업",28500000,외국생보사,B,SH122,업종별 대출금
5883,201906,0011320,푸본현대생명보험주식회사,G,부동산업 및 임대업,310038627000,외국생보사,B,SH122,업종별 대출금
5884,201906,0011320,푸본현대생명보험주식회사,H,기타,751934730000,외국생보사,B,SH122,업종별 대출금
5885,201906,0011320,푸본현대생명보험주식회사,I,계,1461007905000,외국생보사,B,SH122,업종별 대출금
5886,201909,0011320,푸본현대생명보험주식회사,A,"농업, 임업 및 어업",88000000,외국생보사,B,SH122,업종별 대출금
5887,201909,0011320,푸본현대생명보험주식회사,B,제조업,3589953000,외국생보사,B,SH122,업종별 대출금
5888,201909,0011320,푸본현대생명보험주식회사,C,건설업,332618787000,외국생보사,B,SH122,업종별 대출금
5889,201909,0011320,푸본현대생명보험주식회사,D,도매 및 소매업,56987951000,외국생보사,B,SH122,업종별 대출금
5890,201909,0011320,푸본현대생명보험주식회사,E,숙박 및 음식점업,832575000,외국생보사,B,SH122,업종별 대출금
5891,201909,0011320,푸본현대생명보험주식회사,F,"출판, 영상, 방송통신 및 정보서비스업",0,외국생보사,B,SH122,업종별 대출금
5892,201909,0011320,푸본현대생명보험주식회사,G,부동산업 및 임대업,266900603000,외국생보사,B,SH122,업종별 대출금
5893,201909,0011320,푸본현대생명보험주식회사,H,기타,731024631000,외국생보사,B,SH122,업종별 대출금
5894,201909,0011320,푸본현대생명보험주식회사,I,계,1392042500000,외국생보사,B,SH122,업종별 대출금
5895,201912,0011320,푸본현대생명보험주식회사,A,"농업, 임업 및 어업",88000000,외국생보사,B,SH122,업종별 대출금
5896,201912,0011320,푸본현대생명보험주식회사,B,제조업,2747817000,외국생보사,B,SH122,업종별 대출금
5897,201912,0011320,푸본현대생명보험주식회사,C,건설업,328618048000,외국생보사,B,SH122,업종별 대출금
5898,201912,0011320,푸본현대생명보험주식회사,D,도매 및 소매업,31074199000,외국생보사,B,SH122,업종별 대출금
5899,201912,0011320,푸본현대생명보험주식회사,E,숙박 및 음식점업,928798000,외국생보사,B,SH122,업종별 대출금
5900,201912,0011320,푸본현대생명보험주식회사,F,"출판, 영상, 방송통신 및 정보서비스업",0,외국생보사,B,SH122,업종별 대출금
5901,201912,0011320,푸본현대생명보험주식회사,G,부동산업 및 임대업,258010048000,외국생보사,B,SH122,업종별 대출금
5902,201912,0011320,푸본현대생명보험주식회사,H,기타,714256121000,외국생보사,B,SH122,업종별 대출금
5903,201912,0011320,푸본현대생명보험주식회사,I,계,1335723031000,외국생보사,B,SH122,업종별 대출금
5904,202003,0011320,푸본현대생명보험주식회사,A,"농업, 임업 및 어업",0,외국생보사,B,SH122,업종별 대출금
5905,202003,0011320,푸본현대생명보험주식회사,B,제조업,1870376000,외국생보사,B,SH122,업종별 대출금
5906,202003,0011320,푸본현대생명보험주식회사,C,건설업,345531194000,외국생보사,B,SH122,업종별 대출금
5907,202003,0011320,푸본현대생명보험주식회사,D,도매 및 소매업,31024153000,외국생보사,B,SH122,업종별 대출금
5908,202003,0011320,푸본현대생명보험주식회사,E,숙박 및 음식점업,921601000,외국생보사,B,SH122,업종별 대출금
5909,202003,0011320,푸본현대생명보험주식회사,F,"출판, 영상, 방송통신 및 정보서비스업",0,외국생보사,B,SH122,업종별 대출금
5910,202003,0011320,푸본현대생명보험주식회사,G,부동산업 및 임대업,213903361000,외국생보사,B,SH122,업종별 대출금
5911,202003,0011320,푸본현대생명보험주식회사,H,기타,655710681000,외국생보사,B,SH122,업종별 대출금
5912,202003,0011320,푸본현대생명보험주식회사,I,계,1248961366000,외국생보사,B,SH122,업종별 대출금
5913,202006,0011320,푸본현대생명보험주식회사,A,"농업, 임업 및 어업",0,외국생보사,B,SH122,업종별 대출금
5914,202006,0011320,푸본현대생명보험주식회사,B,제조업,1554261000,외국생보사,B,SH122,업종별 대출금
5915,202006,0011320,푸본현대생명보험주식회사,C,건설업,385988753000,외국생보사,B,SH122,업종별 대출금
5916,202006,0011320,푸본현대생명보험주식회사,D,도매 및 소매업,30757830000,외국생보사,B,SH122,업종별 대출금
5917,202006,0011320,푸본현대생명보험주식회사,E,숙박 및 음식점업,887314000,외국생보사,B,SH122,업종별 대출금
5918,202006,0011320,푸본현대생명보험주식회사,F,"출판, 영상, 방송통신 및 정보서비스업",0,외국생보사,B,SH122,업종별 대출금
5919,202006,0011320,푸본현대생명보험주식회사,G,부동산업 및 임대업,300472476000,외국생보사,B,SH122,업종별 대출금
5920,202006,0011320,푸본현대생명보험주식회사,H,기타,694380981000,외국생보사,B,SH122,업종별 대출금
5921,202006,0011320,푸본현대생명보험주식회사,I,계,1414041615000,외국생보사,B,SH122,업종별 대출금
5922,202009,0011320,푸본현대생명보험주식회사,A,"농업, 임업 및 어업",0,외국생보사,B,SH122,업종별 대출금
5923,202009,0011320,푸본현대생명보험주식회사,B,제조업,1202062000,외국생보사,B,SH122,업종별 대출금
5924,202009,0011320,푸본현대생명보험주식회사,C,건설업,326007407000,외국생보사,B,SH122,업종별 대출금
5925,202009,0011320,푸본현대생명보험주식회사,D,도매 및 소매업,30741666000,외국생보사,B,SH122,업종별 대출금
5926,202009,0011320,푸본현대생명보험주식회사,E,숙박 및 음식점업,879921000,외국생보사,B,SH122,업종별 대출금
5927,202009,0011320,푸본현대생명보험주식회사,F,"출판, 영상, 방송통신 및 정보서비스업",0,외국생보사,B,SH122,업종별 대출금
5928,202009,0011320,푸본현대생명보험주식회사,G,부동산업 및 임대업,326221546000,외국생보사,B,SH122,업종별 대출금
5929,202009,0011320,푸본현대생명보험주식회사,H,기타,660196232000,외국생보사,B,SH122,업종별 대출금
5930,202009,0011320,푸본현대생명보험주식회사,I,계,1345248834000,외국생보사,B,SH122,업종별 대출금
5931,202012,0011320,푸본현대생명보험주식회사,A,"농업, 임업 및 어업",0,외국생보사,B,SH122,업종별 대출금
5932,202012,0011320,푸본현대생명보험주식회사,B,제조업,1036144000,외국생보사,B,SH122,업종별 대출금
5933,202012,0011320,푸본현대생명보험주식회사,C,건설업,334986721000,외국생보사,B,SH122,업종별 대출금
5934,202012,0011320,푸본현대생명보험주식회사,D,도매 및 소매업,29194095000,외국생보사,B,SH122,업종별 대출금
5935,202012,0011320,푸본현대생명보험주식회사,E,숙박 및 음식점업,638412000,외국생보사,B,SH122,업종별 대출금
5936,202012,0011320,푸본현대생명보험주식회사,F,"출판, 영상, 방송통신 및 정보서비스업",0,외국생보사,B,SH122,업종별 대출금
5937,202012,0011320,푸본현대생명보험주식회사,G,부동산업 및 임대업,361864250000,외국생보사,B,SH122,업종별 대출금
5938,202012,0011320,푸본현대생명보험주식회사,H,기타,652046970000,외국생보사,B,SH122,업종별 대출금
5939,202012,0011320,푸본현대생명보험주식회사,I,계,1379766592000,외국생보사,B,SH122,업종별 대출금
5940,202103,0011320,푸본현대생명보험주식회사,A,"농업, 임업 및 어업",0,외국생보사,B,SH122,업종별 대출금
5941,202103,0011320,푸본현대생명보험주식회사,B,제조업,831813000,외국생보사,B,SH122,업종별 대출금
5942,202103,0011320,푸본현대생명보험주식회사,C,건설업,105893981000,외국생보사,B,SH122,업종별 대출금
5943,202103,0011320,푸본현대생명보험주식회사,D,도매 및 소매업,29100561000,외국생보사,B,SH122,업종별 대출금
5944,202103,0011320,푸본현대생명보험주식회사,E,숙박 및 음식점업,630324000,외국생보사,B,SH122,업종별 대출금
5945,202103,0011320,푸본현대생명보험주식회사,F,"출판, 영상, 방송통신 및 정보서비스업",0,외국생보사,B,SH122,업종별 대출금
5946,202103,0011320,푸본현대생명보험주식회사,G,부동산업 및 임대업,374600032000,외국생보사,B,SH122,업종별 대출금
5947,202103,0011320,푸본현대생명보험주식회사,H,기타,557728291000,외국생보사,B,SH122,업종별 대출금
5948,202103,0011320,푸본현대생명보험주식회사,I,계,1068785002000,외국생보사,B,SH122,업종별 대출금
5949,202106,0011320,푸본현대생명보험주식회사,A,"농업, 임업 및 어업",0,외국생보사,B,SH122,업종별 대출금
5950,202106,0011320,푸본현대생명보험주식회사,B,제조업,541789000,외국생보사,B,SH122,업종별 대출금
5951,202106,0011320,푸본현대생명보험주식회사,C,건설업,256480686000,외국생보사,B,SH122,업종별 대출금
5952,202106,0011320,푸본현대생명보험주식회사,D,도매 및 소매업,128962818000,외국생보사,B,SH122,업종별 대출금
5953,202106,0011320,푸본현대생명보험주식회사,E,숙박 및 음식점업,375535000,외국생보사,B,SH122,업종별 대출금
5954,202106,0011320,푸본현대생명보험주식회사,F,"출판, 영상, 방송통신 및 정보서비스업",0,외국생보사,B,SH122,업종별 대출금
5955,202106,0011320,푸본현대생명보험주식회사,G,부동산업 및 임대업,434212798000,외국생보사,B,SH122,업종별 대출금
5956,202106,0011320,푸본현대생명보험주식회사,H,기타,348152290000,외국생보사,B,SH122,업종별 대출금
5957,202106,0011320,푸본현대생명보험주식회사,I,계,1168725916000,외국생보사,B,SH122,업종별 대출금
5958,202109,0011320,푸본현대생명보험주식회사,A,"농업, 임업 및 어업",0,외국생보사,B,SH122,업종별 대출금
5959,202109,0011320,푸본현대생명보험주식회사,B,제조업,411253000,외국생보사,B,SH122,업종별 대출금
5960,202109,0011320,푸본현대생명보험주식회사,C,건설업,253598586000,외국생보사,B,SH122,업종별 대출금
5961,202109,0011320,푸본현대생명보험주식회사,D,도매 및 소매업,128872334000,외국생보사,B,SH122,업종별 대출금
5962,202109,0011320,푸본현대생명보험주식회사,E,숙박 및 음식점업,290000000,외국생보사,B,SH122,업종별 대출금
5963,202109,0011320,푸본현대생명보험주식회사,F,"출판, 영상, 방송통신 및 정보서비스업",0,외국생보사,B,SH122,업종별 대출금
5964,202109,0011320,푸본현대생명보험주식회사,G,부동산업 및 임대업,587928433000,외국생보사,B,SH122,업종별 대출금
5965,202109,0011320,푸본현대생명보험주식회사,H,기타,371785569000,외국생보사,B,SH122,업종별 대출금
5966,202109,0011320,푸본현대생명보험주식회사,I,계,1342886175000,외국생보사,B,SH122,업종별 대출금
5967,202112,0011320,푸본현대생명보험주식회사,A,"농업, 임업 및 어업",0,외국생보사,B,SH122,업종별 대출금
5968,202112,0011320,푸본현대생명보험주식회사,B,제조업,108162000,외국생보사,B,SH122,업종별 대출금
5969,202112,0011320,푸본현대생명보험주식회사,C,건설업,263473201000,외국생보사,B,SH122,업종별 대출금
5970,202112,0011320,푸본현대생명보험주식회사,D,도매 및 소매업,126938179000,외국생보사,B,SH122,업종별 대출금
5971,202112,0011320,푸본현대생명보험주식회사,E,숙박 및 음식점업,120000000,외국생보사,B,SH122,업종별 대출금
5972,202112,0011320,푸본현대생명보험주식회사,F,"출판, 영상, 방송통신 및 정보서비스업",0,외국생보사,B,SH122,업종별 대출금
5973,202112,0011320,푸본현대생명보험주식회사,G,부동산업 및 임대업,694601054000,외국생보사,B,SH122,업종별 대출금
5974,202112,0011320,푸본현대생명보험주식회사,H,기타,384347249000,외국생보사,B,SH122,업종별 대출금
5975,202112,0011320,푸본현대생명보험주식회사,I,계,1469587845000,외국생보사,B,SH122,업종별 대출금
5976,202203,0011320,푸본현대생명보험주식회사,A,"농업, 임업 및 어업",0,외국생보사,B,SH122,업종별 대출금
5977,202203,0011320,푸본현대생명보험주식회사,B,제조업,42259000,외국생보사,B,SH122,업종별 대출금
5978,202203,0011320,푸본현대생명보험주식회사,C,건설업,263438938000,외국생보사,B,SH122,업종별 대출금
5979,202203,0011320,푸본현대생명보험주식회사,D,도매 및 소매업,126910990000,외국생보사,B,SH122,업종별 대출금
5980,202203,0011320,푸본현대생명보험주식회사,E,숙박 및 음식점업,120000000,외국생보사,B,SH122,업종별 대출금
5981,202203,0011320,푸본현대생명보험주식회사,F,"출판, 영상, 방송통신 및 정보서비스업",0,외국생보사,B,SH122,업종별 대출금
5982,202203,0011320,푸본현대생명보험주식회사,G,부동산업 및 임대업,899836479000,외국생보사,B,SH122,업종별 대출금
5983,202203,0011320,푸본현대생명보험주식회사,H,기타,409197532000,외국생보사,B,SH122,업종별 대출금
5984,202203,0011320,푸본현대생명보험주식회사,I,계,1699546198000,외국생보사,B,SH122,업종별 대출금
5985,202206,0011320,푸본현대생명보험주식회사,A,"농업, 임업 및 어업",0,외국생보사,B,SH122,업종별 대출금
5986,202206,0011320,푸본현대생명보험주식회사,B,제조업,10308000,외국생보사,B,SH122,업종별 대출금
5987,202206,0011320,푸본현대생명보험주식회사,C,건설업,261753057000,외국생보사,B,SH122,업종별 대출금
5988,202206,0011320,푸본현대생명보험주식회사,D,도매 및 소매업,126910748000,외국생보사,B,SH122,업종별 대출금
5989,202206,0011320,푸본현대생명보험주식회사,E,숙박 및 음식점업,120000000,외국생보사,B,SH122,업종별 대출금
5990,202206,0011320,푸본현대생명보험주식회사,F,"출판, 영상, 방송통신 및 정보서비스업",0,외국생보사,B,SH122,업종별 대출금
5991,202206,0011320,푸본현대생명보험주식회사,G,부동산업 및 임대업,1014590827000,외국생보사,B,SH122,업종별 대출금
5992,202206,0011320,푸본현대생명보험주식회사,H,기타,360215088000,외국생보사,B,SH122,업종별 대출금
5993,202206,0011320,푸본현대생명보험주식회사,I,계,1763600028000,외국생보사,B,SH122,업종별 대출금
5994,202209,0011320,푸본현대생명보험주식회사,A,"농업, 임업 및 어업",0,외국생보사,B,SH122,업종별 대출금
5995,202209,0011320,푸본현대생명보험주식회사,B,제조업,265190000,외국생보사,B,SH122,업종별 대출금
5996,202209,0011320,푸본현대생명보험주식회사,C,건설업,105927529000,외국생보사,B,SH122,업종별 대출금
5997,202209,0011320,푸본현대생명보험주식회사,D,도매 및 소매업,613613000,외국생보사,B,SH122,업종별 대출금
5998,202209,0011320,푸본현대생명보험주식회사,E,숙박 및 음식점업,293000000,외국생보사,B,SH122,업종별 대출금
5999,202209,0011320,푸본현대생명보험주식회사,F,"출판, 영상, 방송통신 및 정보서비스업",0,외국생보사,B,SH122,업종별 대출금
6000,202209,0011320,푸본현대생명보험주식회사,G,부동산업 및 임대업,1005878423000,외국생보사,B,SH122,업종별 대출금
6001,202209,0011320,푸본현대생명보험주식회사,H,기타,631824789000,외국생보사,B,SH122,업종별 대출금
6002,202209,0011320,푸본현대생명보험주식회사,I,계,1744802544000,외국생보사,B,SH122,업종별 대출금
6003,202212,0011320,푸본현대생명보험주식회사,A,"농업, 임업 및 어업",0,외국생보사,B,SH122,업종별 대출금
6004,202212,0011320,푸본현대생명보험주식회사,B,제조업,460000000,외국생보사,B,SH122,업종별 대출금
6005,202212,0011320,푸본현대생명보험주식회사,C,건설업,245004179000,외국생보사,B,SH122,업종별 대출금
6006,202212,0011320,푸본현대생명보험주식회사,D,도매 및 소매업,100608532000,외국생보사,B,SH122,업종별 대출금
6007,202212,0011320,푸본현대생명보험주식회사,E,숙박 및 음식점업,461306000,외국생보사,B,SH122,업종별 대출금
6008,202212,0011320,푸본현대생명보험주식회사,F,"출판, 영상, 방송통신 및 정보서비스업",100000000,외국생보사,B,SH122,업종별 대출금
6009,202212,0011320,푸본현대생명보험주식회사,G,부동산업 및 임대업,708904160000,외국생보사,B,SH122,업종별 대출금
6010,202212,0011320,푸본현대생명보험주식회사,H,기타,537825418000,외국생보사,B,SH122,업종별 대출금
6011,202212,0011320,푸본현대생명보험주식회사,I,계,1593363595000,외국생보사,B,SH122,업종별 대출금
6012,202303,0011320,푸본현대생명보험주식회사,A,"농업, 임업 및 어업",0,외국생보사,B,SH122,업종별 대출금
6013,202303,0011320,푸본현대생명보험주식회사,B,제조업,260000000,외국생보사,B,SH122,업종별 대출금
6014,202303,0011320,푸본현대생명보험주식회사,C,건설업,249912314000,외국생보사,B,SH122,업종별 대출금
6015,202303,0011320,푸본현대생명보험주식회사,D,도매 및 소매업,101226396000,외국생보사,B,SH122,업종별 대출금
6016,202303,0011320,푸본현대생명보험주식회사,E,숙박 및 음식점업,461306000,외국생보사,B,SH122,업종별 대출금
6017,202303,0011320,푸본현대생명보험주식회사,F,"출판, 영상, 방송통신 및 정보서비스업",100000000,외국생보사,B,SH122,업종별 대출금
6018,202303,0011320,푸본현대생명보험주식회사,G,부동산업 및 임대업,743090442000,외국생보사,B,SH122,업종별 대출금
6019,202303,0011320,푸본현대생명보험주식회사,H,기타,526190312000,외국생보사,B,SH122,업종별 대출금
6020,202303,0011320,푸본현대생명보험주식회사,I,계,1621240770000,외국생보사,B,SH122,업종별 대출금
6021,202306,0011320,푸본현대생명보험주식회사,A,"농업, 임업 및 어업",0,외국생보사,B,SH122,업종별 대출금
6022,202306,0011320,푸본현대생명보험주식회사,B,제조업,260000000,외국생보사,B,SH122,업종별 대출금
6023,202306,0011320,푸본현대생명보험주식회사,C,건설업,198704655000,외국생보사,B,SH122,업종별 대출금
6024,202306,0011320,푸본현대생명보험주식회사,D,도매 및 소매업,100926315000,외국생보사,B,SH122,업종별 대출금
6025,202306,0011320,푸본현대생명보험주식회사,E,숙박 및 음식점업,461306000,외국생보사,B,SH122,업종별 대출금
6026,202306,0011320,푸본현대생명보험주식회사,F,"출판, 영상, 방송통신 및 정보서비스업",100000000,외국생보사,B,SH122,업종별 대출금
6027,202306,0011320,푸본현대생명보험주식회사,G,부동산업 및 임대업,704350031000,외국생보사,B,SH122,업종별 대출금
6028,202306,0011320,푸본현대생명보험주식회사,H,기타,409591390000,외국생보사,B,SH122,업종별 대출금
6029,202306,0011320,푸본현대생명보험주식회사,I,계,1414393697000,외국생보사,B,SH122,업종별 대출금
6030,202309,0011320,푸본현대생명보험주식회사,A,"농업, 임업 및 어업",0,외국생보사,B,SH122,업종별 대출금
6031,202309,0011320,푸본현대생명보험주식회사,B,제조업,260000000,외국생보사,B,SH122,업종별 대출금
6032,202309,0011320,푸본현대생명보험주식회사,C,건설업,98846463000,외국생보사,B,SH122,업종별 대출금
6033,202309,0011320,푸본현대생명보험주식회사,D,도매 및 소매업,100921073000,외국생보사,B,SH122,업종별 대출금
6034,202309,0011320,푸본현대생명보험주식회사,E,숙박 및 음식점업,461306000,외국생보사,B,SH122,업종별 대출금
6035,202309,0011320,푸본현대생명보험주식회사,F,"출판, 영상, 방송통신 및 정보서비스업",100000000,외국생보사,B,SH122,업종별 대출금
6036,202309,0011320,푸본현대생명보험주식회사,G,부동산업 및 임대업,730568931000,외국생보사,B,SH122,업종별 대출금
6037,202309,0011320,푸본현대생명보험주식회사,H,기타,418062254000,외국생보사,B,SH122,업종별 대출금
6038,202309,0011320,푸본현대생명보험주식회사,I,계,1349220027000,외국생보사,B,SH122,업종별 대출금
6039,202312,0011320,푸본현대생명보험주식회사,A,"농업, 임업 및 어업",0,외국생보사,B,SH122,업종별 대출금
6040,202312,0011320,푸본현대생명보험주식회사,B,제조업,260000000,외국생보사,B,SH122,업종별 대출금
6041,202312,0011320,푸본현대생명보험주식회사,C,건설업,100447803000,외국생보사,B,SH122,업종별 대출금
6042,202312,0011320,푸본현대생명보험주식회사,D,도매 및 소매업,100920830000,외국생보사,B,SH122,업종별 대출금
6043,202312,0011320,푸본현대생명보험주식회사,E,숙박 및 음식점업,373000000,외국생보사,B,SH122,업종별 대출금
6044,202312,0011320,푸본현대생명보험주식회사,F,"출판, 영상, 방송통신 및 정보서비스업",100000000,외국생보사,B,SH122,업종별 대출금
6045,202312,0011320,푸본현대생명보험주식회사,G,부동산업 및 임대업,761654743000,외국생보사,B,SH122,업종별 대출금
6046,202312,0011320,푸본현대생명보험주식회사,H,기타,437136056000,외국생보사,B,SH122,업종별 대출금
6047,202312,0011320,푸본현대생명보험주식회사,I,계,1400892432000,외국생보사,B,SH122,업종별 대출금
6048,202403,0011320,푸본현대생명보험주식회사,A,"농업, 임업 및 어업",0,외국생보사,B,SH122,업종별 대출금
6049,202403,0011320,푸본현대생명보험주식회사,B,제조업,260000000,외국생보사,B,SH122,업종별 대출금
6050,202403,0011320,푸본현대생명보험주식회사,C,건설업,74462000000,외국생보사,B,SH122,업종별 대출금
6051,202403,0011320,푸본현대생명보험주식회사,D,도매 및 소매업,93720072000,외국생보사,B,SH122,업종별 대출금
6052,202403,0011320,푸본현대생명보험주식회사,E,숙박 및 음식점업,373000000,외국생보사,B,SH122,업종별 대출금
6053,202403,0011320,푸본현대생명보험주식회사,F,"출판, 영상, 방송통신 및 정보서비스업",100000000,외국생보사,B,SH122,업종별 대출금
6054,202403,0011320,푸본현대생명보험주식회사,G,부동산업 및 임대업,771117258000,외국생보사,B,SH122,업종별 대출금
6055,202403,0011320,푸본현대생명보험주식회사,H,기타,390247247000,외국생보사,B,SH122,업종별 대출금
6056,202403,0011320,푸본현대생명보험주식회사,I,계,1330279577000,외국생보사,B,SH122,업종별 대출금
6057,202406,0011320,푸본현대생명보험주식회사,A,"농업, 임업 및 어업",0,외국생보사,B,SH122,업종별 대출금
6058,202406,0011320,푸본현대생명보험주식회사,B,제조업,260000000,외국생보사,B,SH122,업종별 대출금
6059,202406,0011320,푸본현대생명보험주식회사,C,건설업,77685283000,외국생보사,B,SH122,업종별 대출금
6060,202406,0011320,푸본현대생명보험주식회사,D,도매 및 소매업,86486072000,외국생보사,B,SH122,업종별 대출금
6061,202406,0011320,푸본현대생명보험주식회사,E,숙박 및 음식점업,273000000,외국생보사,B,SH122,업종별 대출금
6062,202406,0011320,푸본현대생명보험주식회사,F,"출판, 영상, 방송통신 및 정보서비스업",100000000,외국생보사,B,SH122,업종별 대출금
6063,202406,0011320,푸본현대생명보험주식회사,G,부동산업 및 임대업,731987413000,외국생보사,B,SH122,업종별 대출금
6064,202406,0011320,푸본현대생명보험주식회사,H,기타,397723583000,외국생보사,B,SH122,업종별 대출금
6065,202406,0011320,푸본현대생명보험주식회사,I,계,1294515351000,외국생보사,B,SH122,업종별 대출금
6066,202409,0011320,푸본현대생명보험주식회사,A,"농업, 임업 및 어업",0,외국생보사,B,SH122,업종별 대출금
6067,202409,0011320,푸본현대생명보험주식회사,B,제조업,260000000,외국생보사,B,SH122,업종별 대출금
6068,202409,0011320,푸본현대생명보험주식회사,C,건설업,80800422000,외국생보사,B,SH122,업종별 대출금
6069,202409,0011320,푸본현대생명보험주식회사,D,도매 및 소매업,70452072000,외국생보사,B,SH122,업종별 대출금
6070,202409,0011320,푸본현대생명보험주식회사,E,숙박 및 음식점업,273000000,외국생보사,B,SH122,업종별 대출금
6071,202409,0011320,푸본현대생명보험주식회사,F,"출판, 영상, 방송통신 및 정보서비스업",100000000,외국생보사,B,SH122,업종별 대출금
6072,202409,0011320,푸본현대생명보험주식회사,G,부동산업 및 임대업,650906694000,외국생보사,B,SH122,업종별 대출금
6073,202409,0011320,푸본현대생명보험주식회사,H,기타,423396159000,외국생보사,B,SH122,업종별 대출금
6074,202409,0011320,푸본현대생명보험주식회사,I,계,1226188347000,외국생보사,B,SH122,업종별 대출금
6075,202412,0011320,푸본현대생명보험주식회사,A,"농업, 임업 및 어업",0,외국생보사,B,SH122,업종별 대출금
6076,202412,0011320,푸본현대생명보험주식회사,B,제조업,260000000,외국생보사,B,SH122,업종별 대출금
6077,202412,0011320,푸본현대생명보험주식회사,C,건설업,86431524000,외국생보사,B,SH122,업종별 대출금
6078,202412,0011320,푸본현대생명보험주식회사,D,도매 및 소매업,70348072000,외국생보사,B,SH122,업종별 대출금
6079,202412,0011320,푸본현대생명보험주식회사,E,숙박 및 음식점업,273000000,외국생보사,B,SH122,업종별 대출금
6080,202412,0011320,푸본현대생명보험주식회사,F,"출판, 영상, 방송통신 및 정보서비스업",100000000,외국생보사,B,SH122,업종별 대출금
6081,202412,0011320,푸본현대생명보험주식회사,G,부동산업 및 임대업,634959756000,외국생보사,B,SH122,업종별 대출금
6082,202412,0011320,푸본현대생명보험주식회사,H,기타,399353836000,외국생보사,B,SH122,업종별 대출금
6083,202412,0011320,푸본현대생명보험주식회사,I,계,1191726188000,외국생보사,B,SH122,업종별 대출금
6084,202503,0011320,푸본현대생명보험주식회사,A,"농업, 임업 및 어업",0,외국생보사,B,SH122,업종별 대출금
6085,202503,0011320,푸본현대생명보험주식회사,B,제조업,260000000,외국생보사,B,SH122,업종별 대출금
6086,202503,0011320,푸본현대생명보험주식회사,C,건설업,87441037000,외국생보사,B,SH122,업종별 대출금
6087,202503,0011320,푸본현대생명보험주식회사,D,도매 및 소매업,54301019000,외국생보사,B,SH122,업종별 대출금
6088,202503,0011320,푸본현대생명보험주식회사,E,숙박 및 음식점업,273000000,외국생보사,B,SH122,업종별 대출금
6089,202503,0011320,푸본현대생명보험주식회사,F,"출판, 영상, 방송통신 및 정보서비스업",100000000,외국생보사,B,SH122,업종별 대출금
6090,202503,0011320,푸본현대생명보험주식회사,G,부동산업 및 임대업,568522467000,외국생보사,B,SH122,업종별 대출금
6091,202503,0011320,푸본현대생명보험주식회사,H,기타,396627637000,외국생보사,B,SH122,업종별 대출금
6092,202503,0011320,푸본현대생명보험주식회사,I,계,1107525160000,외국생보사,B,SH122,업종별 대출금
