,년월,금융회사코드,금융회사명,코드,구분,당분기,누계,금융구분,통계분류,통계표코드,통계표명
0,200903,0010903,KB부동산신탁(주),A,수수료손익,6869206892,6869206892,부동산신탁,B,SM025,부문별 손익(수수료)
1,200903,0010903,KB부동산신탁(주),A1,수수료수익,6869206892,6869206892,부동산신탁,B,SM025,부문별 손익(수수료)
2,200903,0010903,KB부동산신탁(주),A11,집합투자기구운용보수,0,0,부동산신탁,B,SM025,부문별 손익(수수료)
3,200903,0010903,KB부동산신탁(주),A12,신탁보수,5642689964,5642689964,부동산신탁,B,SM025,부문별 손익(수수료)
4,200903,0010903,KB부동산신탁(주),A121,금전신탁,0,0,부동산신탁,B,SM025,부문별 손익(수수료)
5,200903,0010903,KB부동산신탁(주),A122,토지신탁,1664188988,1664188988,부동산신탁,B,SM025,부문별 손익(수수료)
6,200903,0010903,KB부동산신탁(주),A123,관리신탁,62776928,62776928,부동산신탁,B,SM025,부문별 손익(수수료)
7,200903,0010903,KB부동산신탁(주),A124,처분신탁,241216125,241216125,부동산신탁,B,SM025,부문별 손익(수수료)
8,200903,0010903,KB부동산신탁(주),A125,담보신탁,2110204189,2110204189,부동산신탁,B,SM025,부문별 손익(수수료)
9,200903,0010903,KB부동산신탁(주),A126,분양관리신탁,1564303734,1564303734,부동산신탁,B,SM025,부문별 손익(수수료)
10,200903,0010903,KB부동산신탁(주),A127,기타,0,0,부동산신탁,B,SM025,부문별 손익(수수료)
11,200903,0010903,KB부동산신탁(주),A13,대리업무보수,1226516928,1226516928,부동산신탁,B,SM025,부문별 손익(수수료)
12,200903,0010903,KB부동산신탁(주),A14,기타,0,0,부동산신탁,B,SM025,부문별 손익(수수료)
13,200903,0010903,KB부동산신탁(주),A2,수수료비용,0,0,부동산신탁,B,SM025,부문별 손익(수수료)
14,201106,0010903,KB부동산신탁(주),A,수수료손익,14336845735,14336845735,부동산신탁,B,SM025,부문별 손익(수수료)
15,201106,0010903,KB부동산신탁(주),A1,수수료수익,14336845735,14336845735,부동산신탁,B,SM025,부문별 손익(수수료)
16,201106,0010903,KB부동산신탁(주),A11,집합투자기구운용보수,1158440510,1158440510,부동산신탁,B,SM025,부문별 손익(수수료)
17,201106,0010903,KB부동산신탁(주),A12,신탁보수,11206673133,11206673133,부동산신탁,B,SM025,부문별 손익(수수료)
18,201106,0010903,KB부동산신탁(주),A121,금전신탁,0, ,부동산신탁,B,SM025,부문별 손익(수수료)
19,201106,0010903,KB부동산신탁(주),A122,토지신탁,2377583990,2377583990,부동산신탁,B,SM025,부문별 손익(수수료)
20,201106,0010903,KB부동산신탁(주),A123,관리신탁,63481451,63481451,부동산신탁,B,SM025,부문별 손익(수수료)
21,201106,0010903,KB부동산신탁(주),A124,처분신탁,216914204,216914204,부동산신탁,B,SM025,부문별 손익(수수료)
22,201106,0010903,KB부동산신탁(주),A125,담보신탁,6685901119,6685901119,부동산신탁,B,SM025,부문별 손익(수수료)
23,201106,0010903,KB부동산신탁(주),A126,분양관리신탁,1862792369,1862792369,부동산신탁,B,SM025,부문별 손익(수수료)
24,201106,0010903,KB부동산신탁(주),A127,기타,0, ,부동산신탁,B,SM025,부문별 손익(수수료)
25,201106,0010903,KB부동산신탁(주),A13,대리업무보수,1827385968,1827385968,부동산신탁,B,SM025,부문별 손익(수수료)
26,201106,0010903,KB부동산신탁(주),A14,기타,144346124,144346124,부동산신탁,B,SM025,부문별 손익(수수료)
27,201106,0010903,KB부동산신탁(주),A2,수수료비용,0,0,부동산신탁,B,SM025,부문별 손익(수수료)
28,201109,0010903,KB부동산신탁(주),A,수수료손익,6476227259,20813072994,부동산신탁,B,SM025,부문별 손익(수수료)
29,201109,0010903,KB부동산신탁(주),A1,수수료수익,6476227259,20813072994,부동산신탁,B,SM025,부문별 손익(수수료)
30,201109,0010903,KB부동산신탁(주),A11,집합투자기구운용보수,97220166,1255660676,부동산신탁,B,SM025,부문별 손익(수수료)
31,201109,0010903,KB부동산신탁(주),A12,신탁보수,4941468637,16148141770,부동산신탁,B,SM025,부문별 손익(수수료)
32,201109,0010903,KB부동산신탁(주),A121,금전신탁,0, ,부동산신탁,B,SM025,부문별 손익(수수료)
33,201109,0010903,KB부동산신탁(주),A122,토지신탁,965612488,3343196478,부동산신탁,B,SM025,부문별 손익(수수료)
34,201109,0010903,KB부동산신탁(주),A123,관리신탁,32495791,95977242,부동산신탁,B,SM025,부문별 손익(수수료)
35,201109,0010903,KB부동산신탁(주),A124,처분신탁,80848406,297762610,부동산신탁,B,SM025,부문별 손익(수수료)
36,201109,0010903,KB부동산신탁(주),A125,담보신탁,2935255376,9621156495,부동산신탁,B,SM025,부문별 손익(수수료)
37,201109,0010903,KB부동산신탁(주),A126,분양관리신탁,927256576,2790048945,부동산신탁,B,SM025,부문별 손익(수수료)
38,201109,0010903,KB부동산신탁(주),A127,기타,0, ,부동산신탁,B,SM025,부문별 손익(수수료)
39,201109,0010903,KB부동산신탁(주),A13,대리업무보수,1172538456,2999924424,부동산신탁,B,SM025,부문별 손익(수수료)
40,201109,0010903,KB부동산신탁(주),A14,기타,265000000,409346124,부동산신탁,B,SM025,부문별 손익(수수료)
41,201109,0010903,KB부동산신탁(주),A2,수수료비용,0,0,부동산신탁,B,SM025,부문별 손익(수수료)
42,201112,0010903,KB부동산신탁(주),A,수수료손익,6124207518,26937280512,부동산신탁,B,SM025,부문별 손익(수수료)
43,201112,0010903,KB부동산신탁(주),A1,수수료수익,6124207518,26937280512,부동산신탁,B,SM025,부문별 손익(수수료)
44,201112,0010903,KB부동산신탁(주),A11,집합투자기구운용보수,546745049,1802405725,부동산신탁,B,SM025,부문별 손익(수수료)
45,201112,0010903,KB부동산신탁(주),A12,신탁보수,4691192606,20839334376,부동산신탁,B,SM025,부문별 손익(수수료)
46,201112,0010903,KB부동산신탁(주),A121,금전신탁,0, ,부동산신탁,B,SM025,부문별 손익(수수료)
47,201112,0010903,KB부동산신탁(주),A122,토지신탁,1085610446,4428806924,부동산신탁,B,SM025,부문별 손익(수수료)
48,201112,0010903,KB부동산신탁(주),A123,관리신탁,39050874,135028116,부동산신탁,B,SM025,부문별 손익(수수료)
49,201112,0010903,KB부동산신탁(주),A124,처분신탁,235561097,533323707,부동산신탁,B,SM025,부문별 손익(수수료)
50,201112,0010903,KB부동산신탁(주),A125,담보신탁,2489745827,12110902322,부동산신탁,B,SM025,부문별 손익(수수료)
51,201112,0010903,KB부동산신탁(주),A126,분양관리신탁,841224362,3631273307,부동산신탁,B,SM025,부문별 손익(수수료)
52,201112,0010903,KB부동산신탁(주),A127,기타,0, ,부동산신탁,B,SM025,부문별 손익(수수료)
53,201112,0010903,KB부동산신탁(주),A13,대리업무보수,744395800,3744320224,부동산신탁,B,SM025,부문별 손익(수수료)
54,201112,0010903,KB부동산신탁(주),A14,기타,141874063,551220187,부동산신탁,B,SM025,부문별 손익(수수료)
55,201112,0010903,KB부동산신탁(주),A2,수수료비용,0,0,부동산신탁,B,SM025,부문별 손익(수수료)
56,201203,0010903,KB부동산신탁(주),A,수수료손익,6936223079,6936223079,부동산신탁,B,SM025,부문별 손익(수수료)
57,201203,0010903,KB부동산신탁(주),A1,수수료수익,6936223079,6936223079,부동산신탁,B,SM025,부문별 손익(수수료)
58,201203,0010903,KB부동산신탁(주),A11,집합투자기구운용보수,1460690732,1460690732,부동산신탁,B,SM025,부문별 손익(수수료)
59,201203,0010903,KB부동산신탁(주),A12,신탁보수,3584229137,3584229137,부동산신탁,B,SM025,부문별 손익(수수료)
60,201203,0010903,KB부동산신탁(주),A121,금전신탁,0, ,부동산신탁,B,SM025,부문별 손익(수수료)
61,201203,0010903,KB부동산신탁(주),A122,토지신탁,369165320,369165320,부동산신탁,B,SM025,부문별 손익(수수료)
62,201203,0010903,KB부동산신탁(주),A123,관리신탁,25293436,25293436,부동산신탁,B,SM025,부문별 손익(수수료)
63,201203,0010903,KB부동산신탁(주),A124,처분신탁,131600784,131600784,부동산신탁,B,SM025,부문별 손익(수수료)
64,201203,0010903,KB부동산신탁(주),A125,담보신탁,2266650644,2266650644,부동산신탁,B,SM025,부문별 손익(수수료)
65,201203,0010903,KB부동산신탁(주),A126,분양관리신탁,791518953,791518953,부동산신탁,B,SM025,부문별 손익(수수료)
66,201203,0010903,KB부동산신탁(주),A127,기타,0, ,부동산신탁,B,SM025,부문별 손익(수수료)
67,201203,0010903,KB부동산신탁(주),A13,대리업무보수,908285968,908285968,부동산신탁,B,SM025,부문별 손익(수수료)
68,201203,0010903,KB부동산신탁(주),A14,기타,983017242,983017242,부동산신탁,B,SM025,부문별 손익(수수료)
69,201203,0010903,KB부동산신탁(주),A2,수수료비용,0,0,부동산신탁,B,SM025,부문별 손익(수수료)
70,201206,0010903,KB부동산신탁(주),A,수수료손익,7818702371,14754925450,부동산신탁,B,SM025,부문별 손익(수수료)
71,201206,0010903,KB부동산신탁(주),A1,수수료수익,7818702371,14754925450,부동산신탁,B,SM025,부문별 손익(수수료)
72,201206,0010903,KB부동산신탁(주),A11,집합투자기구운용보수,385068273,1845759005,부동산신탁,B,SM025,부문별 손익(수수료)
73,201206,0010903,KB부동산신탁(주),A12,신탁보수,5762900457,9347129594,부동산신탁,B,SM025,부문별 손익(수수료)
74,201206,0010903,KB부동산신탁(주),A121,금전신탁,0, ,부동산신탁,B,SM025,부문별 손익(수수료)
75,201206,0010903,KB부동산신탁(주),A122,토지신탁,1396028941,1765194261,부동산신탁,B,SM025,부문별 손익(수수료)
76,201206,0010903,KB부동산신탁(주),A123,관리신탁,15137355,40430791,부동산신탁,B,SM025,부문별 손익(수수료)
77,201206,0010903,KB부동산신탁(주),A124,처분신탁,131806671,263407455,부동산신탁,B,SM025,부문별 손익(수수료)
78,201206,0010903,KB부동산신탁(주),A125,담보신탁,2994342825,5260993469,부동산신탁,B,SM025,부문별 손익(수수료)
79,201206,0010903,KB부동산신탁(주),A126,분양관리신탁,1225584665,2017103618,부동산신탁,B,SM025,부문별 손익(수수료)
80,201206,0010903,KB부동산신탁(주),A127,기타,0, ,부동산신탁,B,SM025,부문별 손익(수수료)
81,201206,0010903,KB부동산신탁(주),A13,대리업무보수,1042733641,1951019609,부동산신탁,B,SM025,부문별 손익(수수료)
82,201206,0010903,KB부동산신탁(주),A14,기타,628000000,1611017242,부동산신탁,B,SM025,부문별 손익(수수료)
83,201206,0010903,KB부동산신탁(주),A2,수수료비용,0,0,부동산신탁,B,SM025,부문별 손익(수수료)
84,201209,0010903,KB부동산신탁(주),A,수수료손익,6185482786,20940408236,부동산신탁,B,SM025,부문별 손익(수수료)
85,201209,0010903,KB부동산신탁(주),A1,수수료수익,6185482786,20940408236,부동산신탁,B,SM025,부문별 손익(수수료)
86,201209,0010903,KB부동산신탁(주),A11,집합투자기구운용보수,338759206,2184518211,부동산신탁,B,SM025,부문별 손익(수수료)
87,201209,0010903,KB부동산신탁(주),A12,신탁보수,4624843830,13971973424,부동산신탁,B,SM025,부문별 손익(수수료)
88,201209,0010903,KB부동산신탁(주),A121,금전신탁,0, ,부동산신탁,B,SM025,부문별 손익(수수료)
89,201209,0010903,KB부동산신탁(주),A122,토지신탁,1252403159,3017597420,부동산신탁,B,SM025,부문별 손익(수수료)
90,201209,0010903,KB부동산신탁(주),A123,관리신탁,20578989,61009780,부동산신탁,B,SM025,부문별 손익(수수료)
91,201209,0010903,KB부동산신탁(주),A124,처분신탁,60927315,324334770,부동산신탁,B,SM025,부문별 손익(수수료)
92,201209,0010903,KB부동산신탁(주),A125,담보신탁,2615814184,7876807653,부동산신탁,B,SM025,부문별 손익(수수료)
93,201209,0010903,KB부동산신탁(주),A126,분양관리신탁,675120183,2692223801,부동산신탁,B,SM025,부문별 손익(수수료)
94,201209,0010903,KB부동산신탁(주),A127,기타,0, ,부동산신탁,B,SM025,부문별 손익(수수료)
95,201209,0010903,KB부동산신탁(주),A13,대리업무보수,1206879750,3157899359,부동산신탁,B,SM025,부문별 손익(수수료)
96,201209,0010903,KB부동산신탁(주),A14,기타,15000000,1626017242,부동산신탁,B,SM025,부문별 손익(수수료)
97,201209,0010903,KB부동산신탁(주),A2,수수료비용,0,0,부동산신탁,B,SM025,부문별 손익(수수료)
98,201212,0010903,KB부동산신탁(주),A,수수료손익,7752131030,28692539266,부동산신탁,B,SM025,부문별 손익(수수료)
99,201212,0010903,KB부동산신탁(주),A1,수수료수익,7752131030,28692539266,부동산신탁,B,SM025,부문별 손익(수수료)
100,201212,0010903,KB부동산신탁(주),A11,집합투자기구운용보수,2226459879,4410978090,부동산신탁,B,SM025,부문별 손익(수수료)
101,201212,0010903,KB부동산신탁(주),A12,신탁보수,4270571066,18242544490,부동산신탁,B,SM025,부문별 손익(수수료)
102,201212,0010903,KB부동산신탁(주),A121,금전신탁,0, ,부동산신탁,B,SM025,부문별 손익(수수료)
103,201212,0010903,KB부동산신탁(주),A122,토지신탁,2141008890,5158606310,부동산신탁,B,SM025,부문별 손익(수수료)
104,201212,0010903,KB부동산신탁(주),A123,관리신탁,25375819,86385599,부동산신탁,B,SM025,부문별 손익(수수료)
105,201212,0010903,KB부동산신탁(주),A124,처분신탁,209807758,534142528,부동산신탁,B,SM025,부문별 손익(수수료)
106,201212,0010903,KB부동산신탁(주),A125,담보신탁,1296668307,9173475960,부동산신탁,B,SM025,부문별 손익(수수료)
107,201212,0010903,KB부동산신탁(주),A126,분양관리신탁,597710292,3289934093,부동산신탁,B,SM025,부문별 손익(수수료)
108,201212,0010903,KB부동산신탁(주),A127,기타,0, ,부동산신탁,B,SM025,부문별 손익(수수료)
109,201212,0010903,KB부동산신탁(주),A13,대리업무보수,965100085,4122999444,부동산신탁,B,SM025,부문별 손익(수수료)
110,201212,0010903,KB부동산신탁(주),A14,기타,290000000,1916017242,부동산신탁,B,SM025,부문별 손익(수수료)
111,201212,0010903,KB부동산신탁(주),A2,수수료비용,0,0,부동산신탁,B,SM025,부문별 손익(수수료)
112,201303,0010903,KB부동산신탁(주),A,수수료손익,6509230368,6509230368,부동산신탁,B,SM025,부문별 손익(수수료)
113,201303,0010903,KB부동산신탁(주),A1,수수료수익,6509230368,6509230368,부동산신탁,B,SM025,부문별 손익(수수료)
114,201303,0010903,KB부동산신탁(주),A11,집합투자기구운용보수,659047365,659047365,부동산신탁,B,SM025,부문별 손익(수수료)
115,201303,0010903,KB부동산신탁(주),A12,신탁보수,4187933777,4187933777,부동산신탁,B,SM025,부문별 손익(수수료)
116,201303,0010903,KB부동산신탁(주),A121,금전신탁,0, ,부동산신탁,B,SM025,부문별 손익(수수료)
117,201303,0010903,KB부동산신탁(주),A122,토지신탁,1993991890,1993991890,부동산신탁,B,SM025,부문별 손익(수수료)
118,201303,0010903,KB부동산신탁(주),A123,관리신탁,25952006,25952006,부동산신탁,B,SM025,부문별 손익(수수료)
119,201303,0010903,KB부동산신탁(주),A124,처분신탁,50968230,50968230,부동산신탁,B,SM025,부문별 손익(수수료)
120,201303,0010903,KB부동산신탁(주),A125,담보신탁,1386351773,1386351773,부동산신탁,B,SM025,부문별 손익(수수료)
121,201303,0010903,KB부동산신탁(주),A126,분양관리신탁,730669878,730669878,부동산신탁,B,SM025,부문별 손익(수수료)
122,201303,0010903,KB부동산신탁(주),A127,기타,0, ,부동산신탁,B,SM025,부문별 손익(수수료)
123,201303,0010903,KB부동산신탁(주),A13,대리업무보수,1349525089,1349525089,부동산신탁,B,SM025,부문별 손익(수수료)
124,201303,0010903,KB부동산신탁(주),A14,기타,312724137,312724137,부동산신탁,B,SM025,부문별 손익(수수료)
125,201303,0010903,KB부동산신탁(주),A2,수수료비용,0,0,부동산신탁,B,SM025,부문별 손익(수수료)
126,201306,0010903,KB부동산신탁(주),A,수수료손익,10013478600,16522708968,부동산신탁,B,SM025,부문별 손익(수수료)
127,201306,0010903,KB부동산신탁(주),A1,수수료수익,10013478600,16522708968,부동산신탁,B,SM025,부문별 손익(수수료)
128,201306,0010903,KB부동산신탁(주),A11,집합투자기구운용보수,241097552,900144917,부동산신탁,B,SM025,부문별 손익(수수료)
129,201306,0010903,KB부동산신탁(주),A12,신탁보수,7630468386,11818402163,부동산신탁,B,SM025,부문별 손익(수수료)
130,201306,0010903,KB부동산신탁(주),A121,금전신탁,0, ,부동산신탁,B,SM025,부문별 손익(수수료)
131,201306,0010903,KB부동산신탁(주),A122,토지신탁,3031089599,5025081489,부동산신탁,B,SM025,부문별 손익(수수료)
132,201306,0010903,KB부동산신탁(주),A123,관리신탁,18226924,44178930,부동산신탁,B,SM025,부문별 손익(수수료)
133,201306,0010903,KB부동산신탁(주),A124,처분신탁,316114466,367082696,부동산신탁,B,SM025,부문별 손익(수수료)
134,201306,0010903,KB부동산신탁(주),A125,담보신탁,3243136393,4629488166,부동산신탁,B,SM025,부문별 손익(수수료)
135,201306,0010903,KB부동산신탁(주),A126,분양관리신탁,1021901004,1752570882,부동산신탁,B,SM025,부문별 손익(수수료)
136,201306,0010903,KB부동산신탁(주),A127,기타,0, ,부동산신탁,B,SM025,부문별 손익(수수료)
137,201306,0010903,KB부동산신탁(주),A13,대리업무보수,1719861099,3069386188,부동산신탁,B,SM025,부문별 손익(수수료)
138,201306,0010903,KB부동산신탁(주),A14,기타,422051563,734775700,부동산신탁,B,SM025,부문별 손익(수수료)
139,201306,0010903,KB부동산신탁(주),A2,수수료비용,0,0,부동산신탁,B,SM025,부문별 손익(수수료)
140,201309,0010903,KB부동산신탁(주),A,수수료손익,7242108716,23764817684,부동산신탁,B,SM025,부문별 손익(수수료)
141,201309,0010903,KB부동산신탁(주),A1,수수료수익,7242108716,23764817684,부동산신탁,B,SM025,부문별 손익(수수료)
142,201309,0010903,KB부동산신탁(주),A11,집합투자기구운용보수,523338655,1423483572,부동산신탁,B,SM025,부문별 손익(수수료)
143,201309,0010903,KB부동산신탁(주),A12,신탁보수,5418018545,17236420708,부동산신탁,B,SM025,부문별 손익(수수료)
144,201309,0010903,KB부동산신탁(주),A121,금전신탁,0, ,부동산신탁,B,SM025,부문별 손익(수수료)
145,201309,0010903,KB부동산신탁(주),A122,토지신탁,2948037391,7973118880,부동산신탁,B,SM025,부문별 손익(수수료)
146,201309,0010903,KB부동산신탁(주),A123,관리신탁,23022287,67201217,부동산신탁,B,SM025,부문별 손익(수수료)
147,201309,0010903,KB부동산신탁(주),A124,처분신탁,67829278,434911974,부동산신탁,B,SM025,부문별 손익(수수료)
148,201309,0010903,KB부동산신탁(주),A125,담보신탁,1949888357,6579376523,부동산신탁,B,SM025,부문별 손익(수수료)
149,201309,0010903,KB부동산신탁(주),A126,분양관리신탁,429241232,2181812114,부동산신탁,B,SM025,부문별 손익(수수료)
150,201309,0010903,KB부동산신탁(주),A127,기타,0, ,부동산신탁,B,SM025,부문별 손익(수수료)
151,201309,0010903,KB부동산신탁(주),A13,대리업무보수,954263956,4023650144,부동산신탁,B,SM025,부문별 손익(수수료)
152,201309,0010903,KB부동산신탁(주),A14,기타,346487560,1081263260,부동산신탁,B,SM025,부문별 손익(수수료)
153,201309,0010903,KB부동산신탁(주),A2,수수료비용,0,0,부동산신탁,B,SM025,부문별 손익(수수료)
154,201312,0010903,KB부동산신탁(주),A,수수료손익,9249338506,33014156190,부동산신탁,B,SM025,부문별 손익(수수료)
155,201312,0010903,KB부동산신탁(주),A1,수수료수익,9249338506,33014156190,부동산신탁,B,SM025,부문별 손익(수수료)
156,201312,0010903,KB부동산신탁(주),A11,집합투자기구운용보수,233304694,1656788266,부동산신탁,B,SM025,부문별 손익(수수료)
157,201312,0010903,KB부동산신탁(주),A12,신탁보수,7430832915,24667253623,부동산신탁,B,SM025,부문별 손익(수수료)
158,201312,0010903,KB부동산신탁(주),A121,금전신탁,0, ,부동산신탁,B,SM025,부문별 손익(수수료)
159,201312,0010903,KB부동산신탁(주),A122,토지신탁,3452161715,11425280595,부동산신탁,B,SM025,부문별 손익(수수료)
160,201312,0010903,KB부동산신탁(주),A123,관리신탁,33916982,101118199,부동산신탁,B,SM025,부문별 손익(수수료)
161,201312,0010903,KB부동산신탁(주),A124,처분신탁,174557803,609469777,부동산신탁,B,SM025,부문별 손익(수수료)
162,201312,0010903,KB부동산신탁(주),A125,담보신탁,3159693650,9739070173,부동산신탁,B,SM025,부문별 손익(수수료)
163,201312,0010903,KB부동산신탁(주),A126,분양관리신탁,610502765,2792314879,부동산신탁,B,SM025,부문별 손익(수수료)
164,201312,0010903,KB부동산신탁(주),A127,기타,0, ,부동산신탁,B,SM025,부문별 손익(수수료)
165,201312,0010903,KB부동산신탁(주),A13,대리업무보수,988656976,5012307120,부동산신탁,B,SM025,부문별 손익(수수료)
166,201312,0010903,KB부동산신탁(주),A14,기타,596543921,1677807181,부동산신탁,B,SM025,부문별 손익(수수료)
167,201312,0010903,KB부동산신탁(주),A2,수수료비용,0,0,부동산신탁,B,SM025,부문별 손익(수수료)
168,201403,0010903,KB부동산신탁(주),A,수수료손익,7943383037,7943383037,부동산신탁,B,SM025,부문별 손익(수수료)
169,201403,0010903,KB부동산신탁(주),A1,수수료수익,7943383037,7943383037,부동산신탁,B,SM025,부문별 손익(수수료)
170,201403,0010903,KB부동산신탁(주),A11,집합투자기구운용보수,228872793,228872793,부동산신탁,B,SM025,부문별 손익(수수료)
171,201403,0010903,KB부동산신탁(주),A12,신탁보수,6546027126,6546027126,부동산신탁,B,SM025,부문별 손익(수수료)
172,201403,0010903,KB부동산신탁(주),A121,금전신탁,0, ,부동산신탁,B,SM025,부문별 손익(수수료)
173,201403,0010903,KB부동산신탁(주),A122,토지신탁,3164618421,3164618421,부동산신탁,B,SM025,부문별 손익(수수료)
174,201403,0010903,KB부동산신탁(주),A123,관리신탁,7184943,7184943,부동산신탁,B,SM025,부문별 손익(수수료)
175,201403,0010903,KB부동산신탁(주),A124,처분신탁,102447097,102447097,부동산신탁,B,SM025,부문별 손익(수수료)
176,201403,0010903,KB부동산신탁(주),A125,담보신탁,2745989306,2745989306,부동산신탁,B,SM025,부문별 손익(수수료)
177,201403,0010903,KB부동산신탁(주),A126,분양관리신탁,525787359,525787359,부동산신탁,B,SM025,부문별 손익(수수료)
178,201403,0010903,KB부동산신탁(주),A127,기타,0, ,부동산신탁,B,SM025,부문별 손익(수수료)
179,201403,0010903,KB부동산신탁(주),A13,대리업무보수,922399885,922399885,부동산신탁,B,SM025,부문별 손익(수수료)
180,201403,0010903,KB부동산신탁(주),A14,기타,246083233,246083233,부동산신탁,B,SM025,부문별 손익(수수료)
181,201403,0010903,KB부동산신탁(주),A2,수수료비용,0,0,부동산신탁,B,SM025,부문별 손익(수수료)
182,201406,0010903,KB부동산신탁(주),A,수수료손익,10507296379,18450679416,부동산신탁,B,SM025,부문별 손익(수수료)
183,201406,0010903,KB부동산신탁(주),A1,수수료수익,10507296379,18450679416,부동산신탁,B,SM025,부문별 손익(수수료)
184,201406,0010903,KB부동산신탁(주),A11,집합투자기구운용보수,615419279,844292072,부동산신탁,B,SM025,부문별 손익(수수료)
185,201406,0010903,KB부동산신탁(주),A12,신탁보수,7567707468,14113734594,부동산신탁,B,SM025,부문별 손익(수수료)
186,201406,0010903,KB부동산신탁(주),A121,금전신탁,0, ,부동산신탁,B,SM025,부문별 손익(수수료)
187,201406,0010903,KB부동산신탁(주),A122,토지신탁,4704667587,7869286008,부동산신탁,B,SM025,부문별 손익(수수료)
188,201406,0010903,KB부동산신탁(주),A123,관리신탁,7248893,14433836,부동산신탁,B,SM025,부문별 손익(수수료)
189,201406,0010903,KB부동산신탁(주),A124,처분신탁,51660768,154107865,부동산신탁,B,SM025,부문별 손익(수수료)
190,201406,0010903,KB부동산신탁(주),A125,담보신탁,2298361332,5044350638,부동산신탁,B,SM025,부문별 손익(수수료)
191,201406,0010903,KB부동산신탁(주),A126,분양관리신탁,505768888,1031556247,부동산신탁,B,SM025,부문별 손익(수수료)
192,201406,0010903,KB부동산신탁(주),A127,기타,0, ,부동산신탁,B,SM025,부문별 손익(수수료)
193,201406,0010903,KB부동산신탁(주),A13,대리업무보수,1555850267,2478250152,부동산신탁,B,SM025,부문별 손익(수수료)
194,201406,0010903,KB부동산신탁(주),A14,기타,768319365,1014402598,부동산신탁,B,SM025,부문별 손익(수수료)
195,201406,0010903,KB부동산신탁(주),A2,수수료비용,0,0,부동산신탁,B,SM025,부문별 손익(수수료)
196,201409,0010903,KB부동산신탁(주),A,수수료손익,8714180170,27164859586,부동산신탁,B,SM025,부문별 손익(수수료)
197,201409,0010903,KB부동산신탁(주),A1,수수료수익,8714180170,27164859586,부동산신탁,B,SM025,부문별 손익(수수료)
198,201409,0010903,KB부동산신탁(주),A11,집합투자기구운용보수,-844292072,0,부동산신탁,B,SM025,부문별 손익(수수료)
199,201409,0010903,KB부동산신탁(주),A12,신탁보수,6584312371,20698046965,부동산신탁,B,SM025,부문별 손익(수수료)
200,201409,0010903,KB부동산신탁(주),A121,금전신탁,0, ,부동산신탁,B,SM025,부문별 손익(수수료)
201,201409,0010903,KB부동산신탁(주),A122,토지신탁,2549707960,10418993968,부동산신탁,B,SM025,부문별 손익(수수료)
202,201409,0010903,KB부동산신탁(주),A123,관리신탁,14563728,28997564,부동산신탁,B,SM025,부문별 손익(수수료)
203,201409,0010903,KB부동산신탁(주),A124,처분신탁,27912107,182019972,부동산신탁,B,SM025,부문별 손익(수수료)
204,201409,0010903,KB부동산신탁(주),A125,담보신탁,3318742030,8363092668,부동산신탁,B,SM025,부문별 손익(수수료)
205,201409,0010903,KB부동산신탁(주),A126,분양관리신탁,673386546,1704942793,부동산신탁,B,SM025,부문별 손익(수수료)
206,201409,0010903,KB부동산신탁(주),A127,기타,0, ,부동산신탁,B,SM025,부문별 손익(수수료)
207,201409,0010903,KB부동산신탁(주),A13,대리업무보수,1259123519,3737373671,부동산신탁,B,SM025,부문별 손익(수수료)
208,201409,0010903,KB부동산신탁(주),A14,기타,1715036352,2729438950,부동산신탁,B,SM025,부문별 손익(수수료)
209,201409,0010903,KB부동산신탁(주),A2,수수료비용,0,0,부동산신탁,B,SM025,부문별 손익(수수료)
210,201412,0010903,KB부동산신탁(주),A,수수료손익,11224065038,38388924624,부동산신탁,B,SM025,부문별 손익(수수료)
211,201412,0010903,KB부동산신탁(주),A1,수수료수익,11224065038,38388924624,부동산신탁,B,SM025,부문별 손익(수수료)
212,201412,0010903,KB부동산신탁(주),A11,집합투자기구운용보수,0,0,부동산신탁,B,SM025,부문별 손익(수수료)
213,201412,0010903,KB부동산신탁(주),A12,신탁보수,7480651340,28178698305,부동산신탁,B,SM025,부문별 손익(수수료)
214,201412,0010903,KB부동산신탁(주),A121,금전신탁,0, ,부동산신탁,B,SM025,부문별 손익(수수료)
215,201412,0010903,KB부동산신탁(주),A122,토지신탁,3075330806,13494324774,부동산신탁,B,SM025,부문별 손익(수수료)
216,201412,0010903,KB부동산신탁(주),A123,관리신탁,38942835,67940399,부동산신탁,B,SM025,부문별 손익(수수료)
217,201412,0010903,KB부동산신탁(주),A124,처분신탁,25485555,207505527,부동산신탁,B,SM025,부문별 손익(수수료)
218,201412,0010903,KB부동산신탁(주),A125,담보신탁,3625915388,11989008056,부동산신탁,B,SM025,부문별 손익(수수료)
219,201412,0010903,KB부동산신탁(주),A126,분양관리신탁,714976756,2419919549,부동산신탁,B,SM025,부문별 손익(수수료)
220,201412,0010903,KB부동산신탁(주),A127,기타,0, ,부동산신탁,B,SM025,부문별 손익(수수료)
221,201412,0010903,KB부동산신탁(주),A13,대리업무보수,1475197730,5212571401,부동산신탁,B,SM025,부문별 손익(수수료)
222,201412,0010903,KB부동산신탁(주),A14,기타,2268215968,4997654918,부동산신탁,B,SM025,부문별 손익(수수료)
223,201412,0010903,KB부동산신탁(주),A2,수수료비용,0,0,부동산신탁,B,SM025,부문별 손익(수수료)
224,201503,0010903,KB부동산신탁(주),A,수수료손익,8368166086,8368166086,부동산신탁,B,SM025,부문별 손익(수수료)
225,201503,0010903,KB부동산신탁(주),A1,수수료수익,8368166086,8368166086,부동산신탁,B,SM025,부문별 손익(수수료)
226,201503,0010903,KB부동산신탁(주),A11,집합투자기구운용보수,0,0,부동산신탁,B,SM025,부문별 손익(수수료)
227,201503,0010903,KB부동산신탁(주),A12,신탁보수,5646364720,5646364720,부동산신탁,B,SM025,부문별 손익(수수료)
228,201503,0010903,KB부동산신탁(주),A121,금전신탁,0, ,부동산신탁,B,SM025,부문별 손익(수수료)
229,201503,0010903,KB부동산신탁(주),A122,토지신탁,2245890840,2245890840,부동산신탁,B,SM025,부문별 손익(수수료)
230,201503,0010903,KB부동산신탁(주),A123,관리신탁,61891196,61891196,부동산신탁,B,SM025,부문별 손익(수수료)
231,201503,0010903,KB부동산신탁(주),A124,처분신탁,19017375,19017375,부동산신탁,B,SM025,부문별 손익(수수료)
232,201503,0010903,KB부동산신탁(주),A125,담보신탁,2605587267,2605587267,부동산신탁,B,SM025,부문별 손익(수수료)
233,201503,0010903,KB부동산신탁(주),A126,분양관리신탁,713978042,713978042,부동산신탁,B,SM025,부문별 손익(수수료)
234,201503,0010903,KB부동산신탁(주),A127,기타,0, ,부동산신탁,B,SM025,부문별 손익(수수료)
235,201503,0010903,KB부동산신탁(주),A13,대리업무보수,1332813160,1332813160,부동산신탁,B,SM025,부문별 손익(수수료)
236,201503,0010903,KB부동산신탁(주),A14,기타,1388988206,1388988206,부동산신탁,B,SM025,부문별 손익(수수료)
237,201503,0010903,KB부동산신탁(주),A2,수수료비용,0,0,부동산신탁,B,SM025,부문별 손익(수수료)
238,201506,0010903,KB부동산신탁(주),A,수수료손익,11057573923,19425740009,부동산신탁,B,SM025,부문별 손익(수수료)
239,201506,0010903,KB부동산신탁(주),A1,수수료수익,11057573923,19425740009,부동산신탁,B,SM025,부문별 손익(수수료)
240,201506,0010903,KB부동산신탁(주),A11,집합투자기구운용보수,0,0,부동산신탁,B,SM025,부문별 손익(수수료)
241,201506,0010903,KB부동산신탁(주),A12,신탁보수,7801573256,13447937976,부동산신탁,B,SM025,부문별 손익(수수료)
242,201506,0010903,KB부동산신탁(주),A121,금전신탁,0, ,부동산신탁,B,SM025,부문별 손익(수수료)
243,201506,0010903,KB부동산신탁(주),A122,토지신탁,3279280896,5525171736,부동산신탁,B,SM025,부문별 손익(수수료)
244,201506,0010903,KB부동산신탁(주),A123,관리신탁,58935583,120826779,부동산신탁,B,SM025,부문별 손익(수수료)
245,201506,0010903,KB부동산신탁(주),A124,처분신탁,73125550,92142925,부동산신탁,B,SM025,부문별 손익(수수료)
246,201506,0010903,KB부동산신탁(주),A125,담보신탁,3332202301,5937789568,부동산신탁,B,SM025,부문별 손익(수수료)
247,201506,0010903,KB부동산신탁(주),A126,분양관리신탁,1058028926,1772006968,부동산신탁,B,SM025,부문별 손익(수수료)
248,201506,0010903,KB부동산신탁(주),A127,기타,0, ,부동산신탁,B,SM025,부문별 손익(수수료)
249,201506,0010903,KB부동산신탁(주),A13,대리업무보수,1470091717,2802904877,부동산신탁,B,SM025,부문별 손익(수수료)
250,201506,0010903,KB부동산신탁(주),A14,기타,1785908950,3174897156,부동산신탁,B,SM025,부문별 손익(수수료)
251,201506,0010903,KB부동산신탁(주),A2,수수료비용,0,0,부동산신탁,B,SM025,부문별 손익(수수료)
252,201509,0010903,KB부동산신탁(주),A,수수료손익,11135651524,30561391533,부동산신탁,B,SM025,부문별 손익(수수료)
253,201509,0010903,KB부동산신탁(주),A1,수수료수익,11135651524,30561391533,부동산신탁,B,SM025,부문별 손익(수수료)
254,201509,0010903,KB부동산신탁(주),A11,집합투자기구운용보수,0,0,부동산신탁,B,SM025,부문별 손익(수수료)
255,201509,0010903,KB부동산신탁(주),A12,신탁보수,7748000298,21195938274,부동산신탁,B,SM025,부문별 손익(수수료)
256,201509,0010903,KB부동산신탁(주),A121,금전신탁,0, ,부동산신탁,B,SM025,부문별 손익(수수료)
257,201509,0010903,KB부동산신탁(주),A122,토지신탁,3793029529,9318201265,부동산신탁,B,SM025,부문별 손익(수수료)
258,201509,0010903,KB부동산신탁(주),A123,관리신탁,45049846,165876625,부동산신탁,B,SM025,부문별 손익(수수료)
259,201509,0010903,KB부동산신탁(주),A124,처분신탁,-16384104,75758821,부동산신탁,B,SM025,부문별 손익(수수료)
260,201509,0010903,KB부동산신탁(주),A125,담보신탁,3075362791,9013152359,부동산신탁,B,SM025,부문별 손익(수수료)
261,201509,0010903,KB부동산신탁(주),A126,분양관리신탁,850942236,2622949204,부동산신탁,B,SM025,부문별 손익(수수료)
262,201509,0010903,KB부동산신탁(주),A127,기타,0, ,부동산신탁,B,SM025,부문별 손익(수수료)
263,201509,0010903,KB부동산신탁(주),A13,대리업무보수,1740283520,4543188397,부동산신탁,B,SM025,부문별 손익(수수료)
264,201509,0010903,KB부동산신탁(주),A14,기타,1647367706,4822264862,부동산신탁,B,SM025,부문별 손익(수수료)
265,201509,0010903,KB부동산신탁(주),A2,수수료비용,0,0,부동산신탁,B,SM025,부문별 손익(수수료)
266,201512,0010903,KB부동산신탁(주),A,수수료손익,12180543276,42741934809,부동산신탁,B,SM025,부문별 손익(수수료)
267,201512,0010903,KB부동산신탁(주),A1,수수료수익,12180543276,42741934809,부동산신탁,B,SM025,부문별 손익(수수료)
268,201512,0010903,KB부동산신탁(주),A11,집합투자기구운용보수,0,0,부동산신탁,B,SM025,부문별 손익(수수료)
269,201512,0010903,KB부동산신탁(주),A12,신탁보수,9178659438,30374597712,부동산신탁,B,SM025,부문별 손익(수수료)
270,201512,0010903,KB부동산신탁(주),A121,금전신탁,0, ,부동산신탁,B,SM025,부문별 손익(수수료)
271,201512,0010903,KB부동산신탁(주),A122,토지신탁,4477560419,13795761684,부동산신탁,B,SM025,부문별 손익(수수료)
272,201512,0010903,KB부동산신탁(주),A123,관리신탁,92900451,258777076,부동산신탁,B,SM025,부문별 손익(수수료)
273,201512,0010903,KB부동산신탁(주),A124,처분신탁,59517716,135276537,부동산신탁,B,SM025,부문별 손익(수수료)
274,201512,0010903,KB부동산신탁(주),A125,담보신탁,3596079685,12609232044,부동산신탁,B,SM025,부문별 손익(수수료)
275,201512,0010903,KB부동산신탁(주),A126,분양관리신탁,952601167,3575550371,부동산신탁,B,SM025,부문별 손익(수수료)
276,201512,0010903,KB부동산신탁(주),A127,기타,0, ,부동산신탁,B,SM025,부문별 손익(수수료)
277,201512,0010903,KB부동산신탁(주),A13,대리업무보수,2174094601,6717282998,부동산신탁,B,SM025,부문별 손익(수수료)
278,201512,0010903,KB부동산신탁(주),A14,기타,827789237,5650054099,부동산신탁,B,SM025,부문별 손익(수수료)
279,201512,0010903,KB부동산신탁(주),A2,수수료비용,0,0,부동산신탁,B,SM025,부문별 손익(수수료)
280,201603,0010903,KB부동산신탁(주),A,수수료손익,11238604295,11238604295,부동산신탁,B,SM025,부문별 손익(수수료)
281,201603,0010903,KB부동산신탁(주),A1,수수료수익,11238604295,11238604295,부동산신탁,B,SM025,부문별 손익(수수료)
282,201603,0010903,KB부동산신탁(주),A11,집합투자기구운용보수,0,0,부동산신탁,B,SM025,부문별 손익(수수료)
283,201603,0010903,KB부동산신탁(주),A12,신탁보수,8012858744,8012858744,부동산신탁,B,SM025,부문별 손익(수수료)
284,201603,0010903,KB부동산신탁(주),A121,금전신탁,0, ,부동산신탁,B,SM025,부문별 손익(수수료)
285,201603,0010903,KB부동산신탁(주),A122,토지신탁,3977922908,3977922908,부동산신탁,B,SM025,부문별 손익(수수료)
286,201603,0010903,KB부동산신탁(주),A123,관리신탁,34697191,34697191,부동산신탁,B,SM025,부문별 손익(수수료)
287,201603,0010903,KB부동산신탁(주),A124,처분신탁,40044519,40044519,부동산신탁,B,SM025,부문별 손익(수수료)
288,201603,0010903,KB부동산신탁(주),A125,담보신탁,3057165571,3057165571,부동산신탁,B,SM025,부문별 손익(수수료)
289,201603,0010903,KB부동산신탁(주),A126,분양관리신탁,903028555,903028555,부동산신탁,B,SM025,부문별 손익(수수료)
290,201603,0010903,KB부동산신탁(주),A127,기타,0, ,부동산신탁,B,SM025,부문별 손익(수수료)
291,201603,0010903,KB부동산신탁(주),A13,대리업무보수,1653897777,1653897777,부동산신탁,B,SM025,부문별 손익(수수료)
292,201603,0010903,KB부동산신탁(주),A14,기타,1571847774,1571847774,부동산신탁,B,SM025,부문별 손익(수수료)
293,201603,0010903,KB부동산신탁(주),A2,수수료비용,0,0,부동산신탁,B,SM025,부문별 손익(수수료)
294,201606,0010903,KB부동산신탁(주),A,수수료손익,18792320862,30030925157,부동산신탁,B,SM025,부문별 손익(수수료)
295,201606,0010903,KB부동산신탁(주),A1,수수료수익,18792320862,30030925157,부동산신탁,B,SM025,부문별 손익(수수료)
296,201606,0010903,KB부동산신탁(주),A11,집합투자기구운용보수,0,0,부동산신탁,B,SM025,부문별 손익(수수료)
297,201606,0010903,KB부동산신탁(주),A12,신탁보수,9612718283,17625577027,부동산신탁,B,SM025,부문별 손익(수수료)
298,201606,0010903,KB부동산신탁(주),A121,금전신탁,0,0,부동산신탁,B,SM025,부문별 손익(수수료)
299,201606,0010903,KB부동산신탁(주),A122,토지신탁,5799940810,9777863718,부동산신탁,B,SM025,부문별 손익(수수료)
300,201606,0010903,KB부동산신탁(주),A123,관리신탁,38883756,73580947,부동산신탁,B,SM025,부문별 손익(수수료)
301,201606,0010903,KB부동산신탁(주),A124,처분신탁,18374147,58418666,부동산신탁,B,SM025,부문별 손익(수수료)
302,201606,0010903,KB부동산신탁(주),A125,담보신탁,2964765221,6021930792,부동산신탁,B,SM025,부문별 손익(수수료)
303,201606,0010903,KB부동산신탁(주),A126,분양관리신탁,790754349,1693782904,부동산신탁,B,SM025,부문별 손익(수수료)
304,201606,0010903,KB부동산신탁(주),A127,기타,0,0,부동산신탁,B,SM025,부문별 손익(수수료)
305,201606,0010903,KB부동산신탁(주),A13,대리업무보수,4798010243,6451908020,부동산신탁,B,SM025,부문별 손익(수수료)
306,201606,0010903,KB부동산신탁(주),A14,기타,4381592336,5953440110,부동산신탁,B,SM025,부문별 손익(수수료)
307,201606,0010903,KB부동산신탁(주),A2,수수료비용,0,0,부동산신탁,B,SM025,부문별 손익(수수료)
308,201609,0010903,KB부동산신탁(주),A,수수료손익,13147370656,43178295813,부동산신탁,B,SM025,부문별 손익(수수료)
309,201609,0010903,KB부동산신탁(주),A1,수수료수익,13147370656,43178295813,부동산신탁,B,SM025,부문별 손익(수수료)
310,201609,0010903,KB부동산신탁(주),A11,집합투자기구운용보수,0,0,부동산신탁,B,SM025,부문별 손익(수수료)
311,201609,0010903,KB부동산신탁(주),A12,신탁보수,9922045454,27547622481,부동산신탁,B,SM025,부문별 손익(수수료)
312,201609,0010903,KB부동산신탁(주),A121,금전신탁,0,0,부동산신탁,B,SM025,부문별 손익(수수료)
313,201609,0010903,KB부동산신탁(주),A122,토지신탁,5787771328,15565635046,부동산신탁,B,SM025,부문별 손익(수수료)
314,201609,0010903,KB부동산신탁(주),A123,관리신탁,49420699,123001646,부동산신탁,B,SM025,부문별 손익(수수료)
315,201609,0010903,KB부동산신탁(주),A124,처분신탁,31448780,89867446,부동산신탁,B,SM025,부문별 손익(수수료)
316,201609,0010903,KB부동산신탁(주),A125,담보신탁,3252744246,9274675038,부동산신탁,B,SM025,부문별 손익(수수료)
317,201609,0010903,KB부동산신탁(주),A126,분양관리신탁,800660401,2494443305,부동산신탁,B,SM025,부문별 손익(수수료)
318,201609,0010903,KB부동산신탁(주),A127,기타,0,0,부동산신탁,B,SM025,부문별 손익(수수료)
319,201609,0010903,KB부동산신탁(주),A13,대리업무보수,2812676511,9264584531,부동산신탁,B,SM025,부문별 손익(수수료)
320,201609,0010903,KB부동산신탁(주),A14,기타,412648691,6366088801,부동산신탁,B,SM025,부문별 손익(수수료)
321,201609,0010903,KB부동산신탁(주),A2,수수료비용,0,0,부동산신탁,B,SM025,부문별 손익(수수료)
322,201612,0010903,KB부동산신탁(주),A,수수료손익,16123179570,59301475383,부동산신탁,B,SM025,부문별 손익(수수료)
323,201612,0010903,KB부동산신탁(주),A1,수수료수익,16123179570,59301475383,부동산신탁,B,SM025,부문별 손익(수수료)
324,201612,0010903,KB부동산신탁(주),A11,집합투자기구운용보수,0,0,부동산신탁,B,SM025,부문별 손익(수수료)
325,201612,0010903,KB부동산신탁(주),A12,신탁보수,10457422808,38005045289,부동산신탁,B,SM025,부문별 손익(수수료)
326,201612,0010903,KB부동산신탁(주),A121,금전신탁,0,0,부동산신탁,B,SM025,부문별 손익(수수료)
327,201612,0010903,KB부동산신탁(주),A122,토지신탁,7019111837,22584746883,부동산신탁,B,SM025,부문별 손익(수수료)
328,201612,0010903,KB부동산신탁(주),A123,관리신탁,45821715,168823361,부동산신탁,B,SM025,부문별 손익(수수료)
329,201612,0010903,KB부동산신탁(주),A124,처분신탁,124159679,214027125,부동산신탁,B,SM025,부문별 손익(수수료)
330,201612,0010903,KB부동산신탁(주),A125,담보신탁,2363473637,11638148675,부동산신탁,B,SM025,부문별 손익(수수료)
331,201612,0010903,KB부동산신탁(주),A126,분양관리신탁,904855940,3399299245,부동산신탁,B,SM025,부문별 손익(수수료)
332,201612,0010903,KB부동산신탁(주),A127,기타,0,0,부동산신탁,B,SM025,부문별 손익(수수료)
333,201612,0010903,KB부동산신탁(주),A13,대리업무보수,1986812550,11251397081,부동산신탁,B,SM025,부문별 손익(수수료)
334,201612,0010903,KB부동산신탁(주),A14,기타,3678944212,10045033013,부동산신탁,B,SM025,부문별 손익(수수료)
335,201612,0010903,KB부동산신탁(주),A2,수수료비용,0,0,부동산신탁,B,SM025,부문별 손익(수수료)
336,200903,0010905,교보자산신탁,A,수수료손익,3583381446,3583381446,부동산신탁,B,SM025,부문별 손익(수수료)
337,200903,0010905,교보자산신탁,A1,수수료수익,3583381446,3583381446,부동산신탁,B,SM025,부문별 손익(수수료)
338,200903,0010905,교보자산신탁,A11,집합투자기구운용보수,0,0,부동산신탁,B,SM025,부문별 손익(수수료)
339,200903,0010905,교보자산신탁,A12,신탁보수,3323845646,3323845646,부동산신탁,B,SM025,부문별 손익(수수료)
340,200903,0010905,교보자산신탁,A121,금전신탁,0,0,부동산신탁,B,SM025,부문별 손익(수수료)
341,200903,0010905,교보자산신탁,A122,토지신탁,370873000,370873000,부동산신탁,B,SM025,부문별 손익(수수료)
342,200903,0010905,교보자산신탁,A123,관리신탁,172165181,172165181,부동산신탁,B,SM025,부문별 손익(수수료)
343,200903,0010905,교보자산신탁,A124,처분신탁,856710000,856710000,부동산신탁,B,SM025,부문별 손익(수수료)
344,200903,0010905,교보자산신탁,A125,담보신탁,791475000,791475000,부동산신탁,B,SM025,부문별 손익(수수료)
345,200903,0010905,교보자산신탁,A126,분양관리신탁,1131636164,1131636164,부동산신탁,B,SM025,부문별 손익(수수료)
346,200903,0010905,교보자산신탁,A127,기타,986301,986301,부동산신탁,B,SM025,부문별 손익(수수료)
347,200903,0010905,교보자산신탁,A13,대리업무보수,259535800,259535800,부동산신탁,B,SM025,부문별 손익(수수료)
348,200903,0010905,교보자산신탁,A14,기타,0,0,부동산신탁,B,SM025,부문별 손익(수수료)
349,200903,0010905,교보자산신탁,A2,수수료비용,0,0,부동산신탁,B,SM025,부문별 손익(수수료)
350,201106,0010905,교보자산신탁,A,수수료손익,6714500416,6714500416,부동산신탁,B,SM025,부문별 손익(수수료)
351,201106,0010905,교보자산신탁,A1,수수료수익,6714500416,6714500416,부동산신탁,B,SM025,부문별 손익(수수료)
352,201106,0010905,교보자산신탁,A11,집합투자기구운용보수,0,0,부동산신탁,B,SM025,부문별 손익(수수료)
353,201106,0010905,교보자산신탁,A12,신탁보수,6429968071,6429968071,부동산신탁,B,SM025,부문별 손익(수수료)
354,201106,0010905,교보자산신탁,A121,금전신탁,0,0,부동산신탁,B,SM025,부문별 손익(수수료)
355,201106,0010905,교보자산신탁,A122,토지신탁,1478889000,1478889000,부동산신탁,B,SM025,부문별 손익(수수료)
356,201106,0010905,교보자산신탁,A123,관리신탁,407270549,407270549,부동산신탁,B,SM025,부문별 손익(수수료)
357,201106,0010905,교보자산신탁,A124,처분신탁,1223709963,1223709963,부동산신탁,B,SM025,부문별 손익(수수료)
358,201106,0010905,교보자산신탁,A125,담보신탁,1246927261,1246927261,부동산신탁,B,SM025,부문별 손익(수수료)
359,201106,0010905,교보자산신탁,A126,분양관리신탁,2073171298,2073171298,부동산신탁,B,SM025,부문별 손익(수수료)
360,201106,0010905,교보자산신탁,A127,기타,0,0,부동산신탁,B,SM025,부문별 손익(수수료)
361,201106,0010905,교보자산신탁,A13,대리업무보수,284532345,284532345,부동산신탁,B,SM025,부문별 손익(수수료)
362,201106,0010905,교보자산신탁,A14,기타,0,0,부동산신탁,B,SM025,부문별 손익(수수료)
363,201106,0010905,교보자산신탁,A2,수수료비용,0,0,부동산신탁,B,SM025,부문별 손익(수수료)
364,201109,0010905,교보자산신탁,A,수수료손익,3899746525,10614246941,부동산신탁,B,SM025,부문별 손익(수수료)
365,201109,0010905,교보자산신탁,A1,수수료수익,3899746525,10614246941,부동산신탁,B,SM025,부문별 손익(수수료)
366,201109,0010905,교보자산신탁,A11,집합투자기구운용보수,0,0,부동산신탁,B,SM025,부문별 손익(수수료)
367,201109,0010905,교보자산신탁,A12,신탁보수,3439295347,9869263418,부동산신탁,B,SM025,부문별 손익(수수료)
368,201109,0010905,교보자산신탁,A121,금전신탁,0,0,부동산신탁,B,SM025,부문별 손익(수수료)
369,201109,0010905,교보자산신탁,A122,토지신탁,1167949700,2646838700,부동산신탁,B,SM025,부문별 손익(수수료)
370,201109,0010905,교보자산신탁,A123,관리신탁,195838702,603109251,부동산신탁,B,SM025,부문별 손익(수수료)
371,201109,0010905,교보자산신탁,A124,처분신탁,125730000,1349439963,부동산신탁,B,SM025,부문별 손익(수수료)
372,201109,0010905,교보자산신탁,A125,담보신탁,1148823413,2395750674,부동산신탁,B,SM025,부문별 손익(수수료)
373,201109,0010905,교보자산신탁,A126,분양관리신탁,800953532,2874124830,부동산신탁,B,SM025,부문별 손익(수수료)
374,201109,0010905,교보자산신탁,A127,기타,0,0,부동산신탁,B,SM025,부문별 손익(수수료)
375,201109,0010905,교보자산신탁,A13,대리업무보수,460451178,744983523,부동산신탁,B,SM025,부문별 손익(수수료)
376,201109,0010905,교보자산신탁,A14,기타,0,0,부동산신탁,B,SM025,부문별 손익(수수료)
377,201109,0010905,교보자산신탁,A2,수수료비용,0,0,부동산신탁,B,SM025,부문별 손익(수수료)
378,201112,0010905,교보자산신탁,A,수수료손익,3215733697,13829980638,부동산신탁,B,SM025,부문별 손익(수수료)
379,201112,0010905,교보자산신탁,A1,수수료수익,3215733697,13829980638,부동산신탁,B,SM025,부문별 손익(수수료)
380,201112,0010905,교보자산신탁,A11,집합투자기구운용보수,0,0,부동산신탁,B,SM025,부문별 손익(수수료)
381,201112,0010905,교보자산신탁,A12,신탁보수,3314566887,13183830305,부동산신탁,B,SM025,부문별 손익(수수료)
382,201112,0010905,교보자산신탁,A121,금전신탁,0, ,부동산신탁,B,SM025,부문별 손익(수수료)
383,201112,0010905,교보자산신탁,A122,토지신탁,1216768300,3863607000,부동산신탁,B,SM025,부문별 손익(수수료)
384,201112,0010905,교보자산신탁,A123,관리신탁,205657742,808766993,부동산신탁,B,SM025,부문별 손익(수수료)
385,201112,0010905,교보자산신탁,A124,처분신탁,304943567,1654383530,부동산신탁,B,SM025,부문별 손익(수수료)
386,201112,0010905,교보자산신탁,A125,담보신탁,735746905,3131497579,부동산신탁,B,SM025,부문별 손익(수수료)
387,201112,0010905,교보자산신탁,A126,분양관리신탁,851450373,3725575203,부동산신탁,B,SM025,부문별 손익(수수료)
388,201112,0010905,교보자산신탁,A127,기타,0, ,부동산신탁,B,SM025,부문별 손익(수수료)
389,201112,0010905,교보자산신탁,A13,대리업무보수,-227864578,517118945,부동산신탁,B,SM025,부문별 손익(수수료)
390,201112,0010905,교보자산신탁,A14,기타,129031388,129031388,부동산신탁,B,SM025,부문별 손익(수수료)
391,201112,0010905,교보자산신탁,A2,수수료비용,0,0,부동산신탁,B,SM025,부문별 손익(수수료)
392,201203,0010905,교보자산신탁,A,수수료손익,2465689942,2465689942,부동산신탁,B,SM025,부문별 손익(수수료)
393,201203,0010905,교보자산신탁,A1,수수료수익,2465689942,2465689942,부동산신탁,B,SM025,부문별 손익(수수료)
394,201203,0010905,교보자산신탁,A11,집합투자기구운용보수,0,0,부동산신탁,B,SM025,부문별 손익(수수료)
395,201203,0010905,교보자산신탁,A12,신탁보수,1876020219,1876020219,부동산신탁,B,SM025,부문별 손익(수수료)
396,201203,0010905,교보자산신탁,A121,금전신탁,0,0,부동산신탁,B,SM025,부문별 손익(수수료)
397,201203,0010905,교보자산신탁,A122,토지신탁,521075400,521075400,부동산신탁,B,SM025,부문별 손익(수수료)
398,201203,0010905,교보자산신탁,A123,관리신탁,199869434,199869434,부동산신탁,B,SM025,부문별 손익(수수료)
399,201203,0010905,교보자산신탁,A124,처분신탁,92256500,92256500,부동산신탁,B,SM025,부문별 손익(수수료)
400,201203,0010905,교보자산신탁,A125,담보신탁,681245190,681245190,부동산신탁,B,SM025,부문별 손익(수수료)
401,201203,0010905,교보자산신탁,A126,분양관리신탁,381573695,381573695,부동산신탁,B,SM025,부문별 손익(수수료)
402,201203,0010905,교보자산신탁,A127,기타,0, ,부동산신탁,B,SM025,부문별 손익(수수료)
403,201203,0010905,교보자산신탁,A13,대리업무보수,399670762,399670762,부동산신탁,B,SM025,부문별 손익(수수료)
404,201203,0010905,교보자산신탁,A14,기타,189998961,189998961,부동산신탁,B,SM025,부문별 손익(수수료)
405,201203,0010905,교보자산신탁,A2,수수료비용,0,0,부동산신탁,B,SM025,부문별 손익(수수료)
406,201206,0010905,교보자산신탁,A,수수료손익,2687616941,5153306883,부동산신탁,B,SM025,부문별 손익(수수료)
407,201206,0010905,교보자산신탁,A1,수수료수익,2687616941,5153306883,부동산신탁,B,SM025,부문별 손익(수수료)
408,201206,0010905,교보자산신탁,A11,집합투자기구운용보수,0,0,부동산신탁,B,SM025,부문별 손익(수수료)
409,201206,0010905,교보자산신탁,A12,신탁보수,2149509772,4025529991,부동산신탁,B,SM025,부문별 손익(수수료)
410,201206,0010905,교보자산신탁,A121,금전신탁,0,0,부동산신탁,B,SM025,부문별 손익(수수료)
411,201206,0010905,교보자산신탁,A122,토지신탁,857328600,1378404000,부동산신탁,B,SM025,부문별 손익(수수료)
412,201206,0010905,교보자산신탁,A123,관리신탁,203160305,403029739,부동산신탁,B,SM025,부문별 손익(수수료)
413,201206,0010905,교보자산신탁,A124,처분신탁,151402480,243658980,부동산신탁,B,SM025,부문별 손익(수수료)
414,201206,0010905,교보자산신탁,A125,담보신탁,360713600,1041958790,부동산신탁,B,SM025,부문별 손익(수수료)
415,201206,0010905,교보자산신탁,A126,분양관리신탁,576904787,958478482,부동산신탁,B,SM025,부문별 손익(수수료)
416,201206,0010905,교보자산신탁,A127,기타,0,0,부동산신탁,B,SM025,부문별 손익(수수료)
417,201206,0010905,교보자산신탁,A13,대리업무보수,188108206,587778968,부동산신탁,B,SM025,부문별 손익(수수료)
418,201206,0010905,교보자산신탁,A14,기타,349998963,539997924,부동산신탁,B,SM025,부문별 손익(수수료)
419,201206,0010905,교보자산신탁,A2,수수료비용,0,0,부동산신탁,B,SM025,부문별 손익(수수료)
420,201209,0010905,교보자산신탁,A,수수료손익,2479864935,7633171818,부동산신탁,B,SM025,부문별 손익(수수료)
421,201209,0010905,교보자산신탁,A1,수수료수익,2479864935,7633171818,부동산신탁,B,SM025,부문별 손익(수수료)
422,201209,0010905,교보자산신탁,A11,집합투자기구운용보수,0,0,부동산신탁,B,SM025,부문별 손익(수수료)
423,201209,0010905,교보자산신탁,A12,신탁보수,1806633445,5832163436,부동산신탁,B,SM025,부문별 손익(수수료)
424,201209,0010905,교보자산신탁,A121,금전신탁,0,0,부동산신탁,B,SM025,부문별 손익(수수료)
425,201209,0010905,교보자산신탁,A122,토지신탁,915510800,2293914800,부동산신탁,B,SM025,부문별 손익(수수료)
426,201209,0010905,교보자산신탁,A123,관리신탁,212371209,615400948,부동산신탁,B,SM025,부문별 손익(수수료)
427,201209,0010905,교보자산신탁,A124,처분신탁,72508500,316167480,부동산신탁,B,SM025,부문별 손익(수수료)
428,201209,0010905,교보자산신탁,A125,담보신탁,252963600,1294922390,부동산신탁,B,SM025,부문별 손익(수수료)
429,201209,0010905,교보자산신탁,A126,분양관리신탁,353279336,1311757818,부동산신탁,B,SM025,부문별 손익(수수료)
430,201209,0010905,교보자산신탁,A127,기타,0, ,부동산신탁,B,SM025,부문별 손익(수수료)
431,201209,0010905,교보자산신탁,A13,대리업무보수,707888746,1295667714,부동산신탁,B,SM025,부문별 손익(수수료)
432,201209,0010905,교보자산신탁,A14,기타,-34657256,505340668,부동산신탁,B,SM025,부문별 손익(수수료)
433,201209,0010905,교보자산신탁,A2,수수료비용,0,0,부동산신탁,B,SM025,부문별 손익(수수료)
434,201212,0010905,교보자산신탁,A,수수료손익,3574720983,11207892801,부동산신탁,B,SM025,부문별 손익(수수료)
435,201212,0010905,교보자산신탁,A1,수수료수익,3574720983,11207892801,부동산신탁,B,SM025,부문별 손익(수수료)
436,201212,0010905,교보자산신탁,A11,집합투자기구운용보수,0,0,부동산신탁,B,SM025,부문별 손익(수수료)
437,201212,0010905,교보자산신탁,A12,신탁보수,2954976641,8787140077,부동산신탁,B,SM025,부문별 손익(수수료)
438,201212,0010905,교보자산신탁,A121,금전신탁,0, ,부동산신탁,B,SM025,부문별 손익(수수료)
439,201212,0010905,교보자산신탁,A122,토지신탁,1175857200,3469772000,부동산신탁,B,SM025,부문별 손익(수수료)
440,201212,0010905,교보자산신탁,A123,관리신탁,213184123,828585071,부동산신탁,B,SM025,부문별 손익(수수료)
441,201212,0010905,교보자산신탁,A124,처분신탁,233100000,549267480,부동산신탁,B,SM025,부문별 손익(수수료)
442,201212,0010905,교보자산신탁,A125,담보신탁,644899000,1939821390,부동산신탁,B,SM025,부문별 손익(수수료)
443,201212,0010905,교보자산신탁,A126,분양관리신탁,687936318,1999694136,부동산신탁,B,SM025,부문별 손익(수수료)
444,201212,0010905,교보자산신탁,A127,기타,0, ,부동산신탁,B,SM025,부문별 손익(수수료)
445,201212,0010905,교보자산신탁,A13,대리업무보수,600266638,1895934352,부동산신탁,B,SM025,부문별 손익(수수료)
446,201212,0010905,교보자산신탁,A14,기타,19477704,524818372,부동산신탁,B,SM025,부문별 손익(수수료)
447,201212,0010905,교보자산신탁,A2,수수료비용,0,0,부동산신탁,B,SM025,부문별 손익(수수료)
448,201303,0010905,교보자산신탁,A,수수료손익,2365298004,2365298004,부동산신탁,B,SM025,부문별 손익(수수료)
449,201303,0010905,교보자산신탁,A1,수수료수익,2365298004,2365298004,부동산신탁,B,SM025,부문별 손익(수수료)
450,201303,0010905,교보자산신탁,A11,집합투자기구운용보수,0,0,부동산신탁,B,SM025,부문별 손익(수수료)
451,201303,0010905,교보자산신탁,A12,신탁보수,1711738431,1711738431,부동산신탁,B,SM025,부문별 손익(수수료)
452,201303,0010905,교보자산신탁,A121,금전신탁,0, ,부동산신탁,B,SM025,부문별 손익(수수료)
453,201303,0010905,교보자산신탁,A122,토지신탁,369969800,369969800,부동산신탁,B,SM025,부문별 손익(수수료)
454,201303,0010905,교보자산신탁,A123,관리신탁,243880307,243880307,부동산신탁,B,SM025,부문별 손익(수수료)
455,201303,0010905,교보자산신탁,A124,처분신탁,50299094,50299094,부동산신탁,B,SM025,부문별 손익(수수료)
456,201303,0010905,교보자산신탁,A125,담보신탁,324460250,324460250,부동산신탁,B,SM025,부문별 손익(수수료)
457,201303,0010905,교보자산신탁,A126,분양관리신탁,723128980,723128980,부동산신탁,B,SM025,부문별 손익(수수료)
458,201303,0010905,교보자산신탁,A127,기타,0, ,부동산신탁,B,SM025,부문별 손익(수수료)
459,201303,0010905,교보자산신탁,A13,대리업무보수,522681991,522681991,부동산신탁,B,SM025,부문별 손익(수수료)
460,201303,0010905,교보자산신탁,A14,기타,130877582,130877582,부동산신탁,B,SM025,부문별 손익(수수료)
461,201303,0010905,교보자산신탁,A2,수수료비용,0,0,부동산신탁,B,SM025,부문별 손익(수수료)
462,201306,0010905,교보자산신탁,A,수수료손익,2623887049,4989185053,부동산신탁,B,SM025,부문별 손익(수수료)
463,201306,0010905,교보자산신탁,A1,수수료수익,2623887049,4989185053,부동산신탁,B,SM025,부문별 손익(수수료)
464,201306,0010905,교보자산신탁,A11,집합투자기구운용보수,0,0,부동산신탁,B,SM025,부문별 손익(수수료)
465,201306,0010905,교보자산신탁,A12,신탁보수,2512517468,4224255899,부동산신탁,B,SM025,부문별 손익(수수료)
466,201306,0010905,교보자산신탁,A121,금전신탁,0, ,부동산신탁,B,SM025,부문별 손익(수수료)
467,201306,0010905,교보자산신탁,A122,토지신탁,1278093200,1648063000,부동산신탁,B,SM025,부문별 손익(수수료)
468,201306,0010905,교보자산신탁,A123,관리신탁,166170100,410050407,부동산신탁,B,SM025,부문별 손익(수수료)
469,201306,0010905,교보자산신탁,A124,처분신탁,29985531,80284625,부동산신탁,B,SM025,부문별 손익(수수료)
470,201306,0010905,교보자산신탁,A125,담보신탁,812262000,1136722250,부동산신탁,B,SM025,부문별 손익(수수료)
471,201306,0010905,교보자산신탁,A126,분양관리신탁,226006637,949135617,부동산신탁,B,SM025,부문별 손익(수수료)
472,201306,0010905,교보자산신탁,A127,기타,0, ,부동산신탁,B,SM025,부문별 손익(수수료)
473,201306,0010905,교보자산신탁,A13,대리업무보수,24283313,546965304,부동산신탁,B,SM025,부문별 손익(수수료)
474,201306,0010905,교보자산신탁,A14,기타,87086268,217963850,부동산신탁,B,SM025,부문별 손익(수수료)
475,201306,0010905,교보자산신탁,A2,수수료비용,0,0,부동산신탁,B,SM025,부문별 손익(수수료)
476,201309,0010905,교보자산신탁,A,수수료손익,3050656163,8039841216,부동산신탁,B,SM025,부문별 손익(수수료)
477,201309,0010905,교보자산신탁,A1,수수료수익,3050656163,8039841216,부동산신탁,B,SM025,부문별 손익(수수료)
478,201309,0010905,교보자산신탁,A11,집합투자기구운용보수,0,0,부동산신탁,B,SM025,부문별 손익(수수료)
479,201309,0010905,교보자산신탁,A12,신탁보수,2168887790,6393143689,부동산신탁,B,SM025,부문별 손익(수수료)
480,201309,0010905,교보자산신탁,A121,금전신탁,0, ,부동산신탁,B,SM025,부문별 손익(수수료)
481,201309,0010905,교보자산신탁,A122,토지신탁,684178000,2332241000,부동산신탁,B,SM025,부문별 손익(수수료)
482,201309,0010905,교보자산신탁,A123,관리신탁,177376871,587427278,부동산신탁,B,SM025,부문별 손익(수수료)
483,201309,0010905,교보자산신탁,A124,처분신탁,13917000,94201625,부동산신탁,B,SM025,부문별 손익(수수료)
484,201309,0010905,교보자산신탁,A125,담보신탁,1100451000,2237173250,부동산신탁,B,SM025,부문별 손익(수수료)
485,201309,0010905,교보자산신탁,A126,분양관리신탁,192964919,1142100536,부동산신탁,B,SM025,부문별 손익(수수료)
486,201309,0010905,교보자산신탁,A127,기타,0, ,부동산신탁,B,SM025,부문별 손익(수수료)
487,201309,0010905,교보자산신탁,A13,대리업무보수,791318537,1338283841,부동산신탁,B,SM025,부문별 손익(수수료)
488,201309,0010905,교보자산신탁,A14,기타,90449836,308413686,부동산신탁,B,SM025,부문별 손익(수수료)
489,201309,0010905,교보자산신탁,A2,수수료비용,0,0,부동산신탁,B,SM025,부문별 손익(수수료)
490,201312,0010905,교보자산신탁,A,수수료손익,2890316832,10930158048,부동산신탁,B,SM025,부문별 손익(수수료)
491,201312,0010905,교보자산신탁,A1,수수료수익,2890316832,10930158048,부동산신탁,B,SM025,부문별 손익(수수료)
492,201312,0010905,교보자산신탁,A11,집합투자기구운용보수,0,0,부동산신탁,B,SM025,부문별 손익(수수료)
493,201312,0010905,교보자산신탁,A12,신탁보수,2125195814,8518339503,부동산신탁,B,SM025,부문별 손익(수수료)
494,201312,0010905,교보자산신탁,A121,금전신탁,0, ,부동산신탁,B,SM025,부문별 손익(수수료)
495,201312,0010905,교보자산신탁,A122,토지신탁,486124700,2818365700,부동산신탁,B,SM025,부문별 손익(수수료)
496,201312,0010905,교보자산신탁,A123,관리신탁,166501291,753928569,부동산신탁,B,SM025,부문별 손익(수수료)
497,201312,0010905,교보자산신탁,A124,처분신탁,372281740,466483365,부동산신탁,B,SM025,부문별 손익(수수료)
498,201312,0010905,교보자산신탁,A125,담보신탁,852104000,3089277250,부동산신탁,B,SM025,부문별 손익(수수료)
499,201312,0010905,교보자산신탁,A126,분양관리신탁,248184083,1390284619,부동산신탁,B,SM025,부문별 손익(수수료)
500,201312,0010905,교보자산신탁,A127,기타,0, ,부동산신탁,B,SM025,부문별 손익(수수료)
501,201312,0010905,교보자산신탁,A13,대리업무보수,717350552,2055634393,부동산신탁,B,SM025,부문별 손익(수수료)
502,201312,0010905,교보자산신탁,A14,기타,47770466,356184152,부동산신탁,B,SM025,부문별 손익(수수료)
503,201312,0010905,교보자산신탁,A2,수수료비용,0,0,부동산신탁,B,SM025,부문별 손익(수수료)
504,201403,0010905,교보자산신탁,A,수수료손익,2594367947,2594367947,부동산신탁,B,SM025,부문별 손익(수수료)
505,201403,0010905,교보자산신탁,A1,수수료수익,2594367947,2594367947,부동산신탁,B,SM025,부문별 손익(수수료)
506,201403,0010905,교보자산신탁,A11,집합투자기구운용보수,0,0,부동산신탁,B,SM025,부문별 손익(수수료)
507,201403,0010905,교보자산신탁,A12,신탁보수,1704390556,1704390556,부동산신탁,B,SM025,부문별 손익(수수료)
508,201403,0010905,교보자산신탁,A121,금전신탁,0, ,부동산신탁,B,SM025,부문별 손익(수수료)
509,201403,0010905,교보자산신탁,A122,토지신탁,230577283,230577283,부동산신탁,B,SM025,부문별 손익(수수료)
510,201403,0010905,교보자산신탁,A123,관리신탁,157700961,157700961,부동산신탁,B,SM025,부문별 손익(수수료)
511,201403,0010905,교보자산신탁,A124,처분신탁,26000000,26000000,부동산신탁,B,SM025,부문별 손익(수수료)
512,201403,0010905,교보자산신탁,A125,담보신탁,790200920,790200920,부동산신탁,B,SM025,부문별 손익(수수료)
513,201403,0010905,교보자산신탁,A126,분양관리신탁,499911392,499911392,부동산신탁,B,SM025,부문별 손익(수수료)
514,201403,0010905,교보자산신탁,A127,기타,0, ,부동산신탁,B,SM025,부문별 손익(수수료)
515,201403,0010905,교보자산신탁,A13,대리업무보수,713875378,713875378,부동산신탁,B,SM025,부문별 손익(수수료)
516,201403,0010905,교보자산신탁,A14,기타,176102013,176102013,부동산신탁,B,SM025,부문별 손익(수수료)
517,201403,0010905,교보자산신탁,A2,수수료비용,0,0,부동산신탁,B,SM025,부문별 손익(수수료)
518,201406,0010905,교보자산신탁,A,수수료손익,3980088041,6574455988,부동산신탁,B,SM025,부문별 손익(수수료)
519,201406,0010905,교보자산신탁,A1,수수료수익,3980088041,6574455988,부동산신탁,B,SM025,부문별 손익(수수료)
520,201406,0010905,교보자산신탁,A11,집합투자기구운용보수,0,0,부동산신탁,B,SM025,부문별 손익(수수료)
521,201406,0010905,교보자산신탁,A12,신탁보수,3273666744,4978057300,부동산신탁,B,SM025,부문별 손익(수수료)
522,201406,0010905,교보자산신탁,A121,금전신탁,0, ,부동산신탁,B,SM025,부문별 손익(수수료)
523,201406,0010905,교보자산신탁,A122,토지신탁,182321082,412898365,부동산신탁,B,SM025,부문별 손익(수수료)
524,201406,0010905,교보자산신탁,A123,관리신탁,159952169,317653130,부동산신탁,B,SM025,부문별 손익(수수료)
525,201406,0010905,교보자산신탁,A124,처분신탁,267393873,293393873,부동산신탁,B,SM025,부문별 손익(수수료)
526,201406,0010905,교보자산신탁,A125,담보신탁,1887717511,2677918431,부동산신탁,B,SM025,부문별 손익(수수료)
527,201406,0010905,교보자산신탁,A126,분양관리신탁,776282109,1276193501,부동산신탁,B,SM025,부문별 손익(수수료)
528,201406,0010905,교보자산신탁,A127,기타,0, ,부동산신탁,B,SM025,부문별 손익(수수료)
529,201406,0010905,교보자산신탁,A13,대리업무보수,618269578,1332144956,부동산신탁,B,SM025,부문별 손익(수수료)
530,201406,0010905,교보자산신탁,A14,기타,88151719,264253732,부동산신탁,B,SM025,부문별 손익(수수료)
531,201406,0010905,교보자산신탁,A2,수수료비용,0,0,부동산신탁,B,SM025,부문별 손익(수수료)
532,201409,0010905,교보자산신탁,A,수수료손익,5005244755,11579700743,부동산신탁,B,SM025,부문별 손익(수수료)
533,201409,0010905,교보자산신탁,A1,수수료수익,5005244755,11579700743,부동산신탁,B,SM025,부문별 손익(수수료)
534,201409,0010905,교보자산신탁,A11,집합투자기구운용보수,0,0,부동산신탁,B,SM025,부문별 손익(수수료)
535,201409,0010905,교보자산신탁,A12,신탁보수,4142211376,9120268676,부동산신탁,B,SM025,부문별 손익(수수료)
536,201409,0010905,교보자산신탁,A121,금전신탁,0, ,부동산신탁,B,SM025,부문별 손익(수수료)
537,201409,0010905,교보자산신탁,A122,토지신탁,832915939,1245814304,부동산신탁,B,SM025,부문별 손익(수수료)
538,201409,0010905,교보자산신탁,A123,관리신탁,156965019,474618149,부동산신탁,B,SM025,부문별 손익(수수료)
539,201409,0010905,교보자산신탁,A124,처분신탁,53321849,346715722,부동산신탁,B,SM025,부문별 손익(수수료)
540,201409,0010905,교보자산신탁,A125,담보신탁,2154071415,4831989846,부동산신탁,B,SM025,부문별 손익(수수료)
541,201409,0010905,교보자산신탁,A126,분양관리신탁,944937154,2221130655,부동산신탁,B,SM025,부문별 손익(수수료)
542,201409,0010905,교보자산신탁,A127,기타,0, ,부동산신탁,B,SM025,부문별 손익(수수료)
543,201409,0010905,교보자산신탁,A13,대리업무보수,688688292,2020833248,부동산신탁,B,SM025,부문별 손익(수수료)
544,201409,0010905,교보자산신탁,A14,기타,174345087,438598819,부동산신탁,B,SM025,부문별 손익(수수료)
545,201409,0010905,교보자산신탁,A2,수수료비용,0,0,부동산신탁,B,SM025,부문별 손익(수수료)
546,201412,0010905,교보자산신탁,A,수수료손익,5425315377,17005016120,부동산신탁,B,SM025,부문별 손익(수수료)
547,201412,0010905,교보자산신탁,A1,수수료수익,5425315377,17005016120,부동산신탁,B,SM025,부문별 손익(수수료)
548,201412,0010905,교보자산신탁,A11,집합투자기구운용보수,0,0,부동산신탁,B,SM025,부문별 손익(수수료)
549,201412,0010905,교보자산신탁,A12,신탁보수,3903570573,13023839249,부동산신탁,B,SM025,부문별 손익(수수료)
550,201412,0010905,교보자산신탁,A121,금전신탁,0, ,부동산신탁,B,SM025,부문별 손익(수수료)
551,201412,0010905,교보자산신탁,A122,토지신탁,121082029,1366896333,부동산신탁,B,SM025,부문별 손익(수수료)
552,201412,0010905,교보자산신탁,A123,관리신탁,157259419,631877568,부동산신탁,B,SM025,부문별 손익(수수료)
553,201412,0010905,교보자산신탁,A124,처분신탁,185449290,532165012,부동산신탁,B,SM025,부문별 손익(수수료)
554,201412,0010905,교보자산신탁,A125,담보신탁,2202959210,7034949056,부동산신탁,B,SM025,부문별 손익(수수료)
555,201412,0010905,교보자산신탁,A126,분양관리신탁,1236820625,3457951280,부동산신탁,B,SM025,부문별 손익(수수료)
556,201412,0010905,교보자산신탁,A127,기타,0, ,부동산신탁,B,SM025,부문별 손익(수수료)
557,201412,0010905,교보자산신탁,A13,대리업무보수,1196479919,3217313167,부동산신탁,B,SM025,부문별 손익(수수료)
558,201412,0010905,교보자산신탁,A14,기타,325264885,763863704,부동산신탁,B,SM025,부문별 손익(수수료)
559,201412,0010905,교보자산신탁,A2,수수료비용,0,0,부동산신탁,B,SM025,부문별 손익(수수료)
560,201503,0010905,교보자산신탁,A,수수료손익,6739771361,6739771361,부동산신탁,B,SM025,부문별 손익(수수료)
561,201503,0010905,교보자산신탁,A1,수수료수익,6739771361,6739771361,부동산신탁,B,SM025,부문별 손익(수수료)
562,201503,0010905,교보자산신탁,A11,집합투자기구운용보수,0,0,부동산신탁,B,SM025,부문별 손익(수수료)
563,201503,0010905,교보자산신탁,A12,신탁보수,5543602735,5543602735,부동산신탁,B,SM025,부문별 손익(수수료)
564,201503,0010905,교보자산신탁,A121,금전신탁,0, ,부동산신탁,B,SM025,부문별 손익(수수료)
565,201503,0010905,교보자산신탁,A122,토지신탁,766284515,766284515,부동산신탁,B,SM025,부문별 손익(수수료)
566,201503,0010905,교보자산신탁,A123,관리신탁,160246536,160246536,부동산신탁,B,SM025,부문별 손익(수수료)
567,201503,0010905,교보자산신탁,A124,처분신탁,217782676,217782676,부동산신탁,B,SM025,부문별 손익(수수료)
568,201503,0010905,교보자산신탁,A125,담보신탁,3101510700,3101510700,부동산신탁,B,SM025,부문별 손익(수수료)
569,201503,0010905,교보자산신탁,A126,분양관리신탁,1297778308,1297778308,부동산신탁,B,SM025,부문별 손익(수수료)
570,201503,0010905,교보자산신탁,A127,기타,0, ,부동산신탁,B,SM025,부문별 손익(수수료)
571,201503,0010905,교보자산신탁,A13,대리업무보수,737175042,737175042,부동산신탁,B,SM025,부문별 손익(수수료)
572,201503,0010905,교보자산신탁,A14,기타,458993584,458993584,부동산신탁,B,SM025,부문별 손익(수수료)
573,201503,0010905,교보자산신탁,A2,수수료비용,0,0,부동산신탁,B,SM025,부문별 손익(수수료)
574,201506,0010905,교보자산신탁,A,수수료손익,7847581257,14587352618,부동산신탁,B,SM025,부문별 손익(수수료)
575,201506,0010905,교보자산신탁,A1,수수료수익,7847581257,14587352618,부동산신탁,B,SM025,부문별 손익(수수료)
576,201506,0010905,교보자산신탁,A11,집합투자기구운용보수,0,0,부동산신탁,B,SM025,부문별 손익(수수료)
577,201506,0010905,교보자산신탁,A12,신탁보수,6294912708,11838515443,부동산신탁,B,SM025,부문별 손익(수수료)
578,201506,0010905,교보자산신탁,A121,금전신탁,0, ,부동산신탁,B,SM025,부문별 손익(수수료)
579,201506,0010905,교보자산신탁,A122,토지신탁,973141416,1739425931,부동산신탁,B,SM025,부문별 손익(수수료)
580,201506,0010905,교보자산신탁,A123,관리신탁,155133146,315379682,부동산신탁,B,SM025,부문별 손익(수수료)
581,201506,0010905,교보자산신탁,A124,처분신탁,113428500,331211176,부동산신탁,B,SM025,부문별 손익(수수료)
582,201506,0010905,교보자산신탁,A125,담보신탁,3364260280,6465770980,부동산신탁,B,SM025,부문별 손익(수수료)
583,201506,0010905,교보자산신탁,A126,분양관리신탁,1688949366,2986727674,부동산신탁,B,SM025,부문별 손익(수수료)
584,201506,0010905,교보자산신탁,A127,기타,0, ,부동산신탁,B,SM025,부문별 손익(수수료)
585,201506,0010905,교보자산신탁,A13,대리업무보수,1166399834,1903574876,부동산신탁,B,SM025,부문별 손익(수수료)
586,201506,0010905,교보자산신탁,A14,기타,386268715,845262299,부동산신탁,B,SM025,부문별 손익(수수료)
587,201506,0010905,교보자산신탁,A2,수수료비용,0,0,부동산신탁,B,SM025,부문별 손익(수수료)
588,201509,0010905,교보자산신탁,A,수수료손익,7638544826,22225897444,부동산신탁,B,SM025,부문별 손익(수수료)
589,201509,0010905,교보자산신탁,A1,수수료수익,7638544826,22225897444,부동산신탁,B,SM025,부문별 손익(수수료)
590,201509,0010905,교보자산신탁,A11,집합투자기구운용보수,0,0,부동산신탁,B,SM025,부문별 손익(수수료)
591,201509,0010905,교보자산신탁,A12,신탁보수,5871563231,17710078674,부동산신탁,B,SM025,부문별 손익(수수료)
592,201509,0010905,교보자산신탁,A121,금전신탁,0, ,부동산신탁,B,SM025,부문별 손익(수수료)
593,201509,0010905,교보자산신탁,A122,토지신탁,1312161183,3051587114,부동산신탁,B,SM025,부문별 손익(수수료)
594,201509,0010905,교보자산신탁,A123,관리신탁,159268413,474648095,부동산신탁,B,SM025,부문별 손익(수수료)
595,201509,0010905,교보자산신탁,A124,처분신탁,127595000,458806176,부동산신탁,B,SM025,부문별 손익(수수료)
596,201509,0010905,교보자산신탁,A125,담보신탁,2489748950,8955519930,부동산신탁,B,SM025,부문별 손익(수수료)
597,201509,0010905,교보자산신탁,A126,분양관리신탁,1782789685,4769517359,부동산신탁,B,SM025,부문별 손익(수수료)
598,201509,0010905,교보자산신탁,A127,기타,0, ,부동산신탁,B,SM025,부문별 손익(수수료)
599,201509,0010905,교보자산신탁,A13,대리업무보수,1461943159,3365518035,부동산신탁,B,SM025,부문별 손익(수수료)
600,201509,0010905,교보자산신탁,A14,기타,305038436,1150300735,부동산신탁,B,SM025,부문별 손익(수수료)
601,201509,0010905,교보자산신탁,A2,수수료비용,0,0,부동산신탁,B,SM025,부문별 손익(수수료)
602,201512,0010905,교보자산신탁,A,수수료손익,8688224455,30914121899,부동산신탁,B,SM025,부문별 손익(수수료)
603,201512,0010905,교보자산신탁,A1,수수료수익,8688224455,30914121899,부동산신탁,B,SM025,부문별 손익(수수료)
604,201512,0010905,교보자산신탁,A11,집합투자기구운용보수,0,0,부동산신탁,B,SM025,부문별 손익(수수료)
605,201512,0010905,교보자산신탁,A12,신탁보수,6921908680,24631987354,부동산신탁,B,SM025,부문별 손익(수수료)
606,201512,0010905,교보자산신탁,A121,금전신탁,0, ,부동산신탁,B,SM025,부문별 손익(수수료)
607,201512,0010905,교보자산신탁,A122,토지신탁,1781142983,4832730097,부동산신탁,B,SM025,부문별 손익(수수료)
608,201512,0010905,교보자산신탁,A123,관리신탁,154231667,628879762,부동산신탁,B,SM025,부문별 손익(수수료)
609,201512,0010905,교보자산신탁,A124,처분신탁,20000000,478806176,부동산신탁,B,SM025,부문별 손익(수수료)
610,201512,0010905,교보자산신탁,A125,담보신탁,2925099450,11880619380,부동산신탁,B,SM025,부문별 손익(수수료)
611,201512,0010905,교보자산신탁,A126,분양관리신탁,2041434580,6810951939,부동산신탁,B,SM025,부문별 손익(수수료)
612,201512,0010905,교보자산신탁,A127,기타,0, ,부동산신탁,B,SM025,부문별 손익(수수료)
613,201512,0010905,교보자산신탁,A13,대리업무보수,1440266523,4805784558,부동산신탁,B,SM025,부문별 손익(수수료)
614,201512,0010905,교보자산신탁,A14,기타,326049252,1476349987,부동산신탁,B,SM025,부문별 손익(수수료)
615,201512,0010905,교보자산신탁,A2,수수료비용,0,0,부동산신탁,B,SM025,부문별 손익(수수료)
616,201603,0010905,교보자산신탁,A,수수료손익,8370927666,8370927666,부동산신탁,B,SM025,부문별 손익(수수료)
617,201603,0010905,교보자산신탁,A1,수수료수익,8370927666,8370927666,부동산신탁,B,SM025,부문별 손익(수수료)
618,201603,0010905,교보자산신탁,A11,집합투자기구운용보수,0,0,부동산신탁,B,SM025,부문별 손익(수수료)
619,201603,0010905,교보자산신탁,A12,신탁보수,6549891171,6549891171,부동산신탁,B,SM025,부문별 손익(수수료)
620,201603,0010905,교보자산신탁,A121,금전신탁,0,0,부동산신탁,B,SM025,부문별 손익(수수료)
621,201603,0010905,교보자산신탁,A122,토지신탁,1693811283,1693811283,부동산신탁,B,SM025,부문별 손익(수수료)
622,201603,0010905,교보자산신탁,A123,관리신탁,156293270,156293270,부동산신탁,B,SM025,부문별 손익(수수료)
623,201603,0010905,교보자산신탁,A124,처분신탁,79401818,79401818,부동산신탁,B,SM025,부문별 손익(수수료)
624,201603,0010905,교보자산신탁,A125,담보신탁,3319464000,3319464000,부동산신탁,B,SM025,부문별 손익(수수료)
625,201603,0010905,교보자산신탁,A126,분양관리신탁,1300920800,1300920800,부동산신탁,B,SM025,부문별 손익(수수료)
626,201603,0010905,교보자산신탁,A127,기타,0,0,부동산신탁,B,SM025,부문별 손익(수수료)
627,201603,0010905,교보자산신탁,A13,대리업무보수,1465806038,1465806038,부동산신탁,B,SM025,부문별 손익(수수료)
628,201603,0010905,교보자산신탁,A14,기타,355230457,355230457,부동산신탁,B,SM025,부문별 손익(수수료)
629,201603,0010905,교보자산신탁,A2,수수료비용,0,0,부동산신탁,B,SM025,부문별 손익(수수료)
630,201606,0010905,교보자산신탁,A,수수료손익,10969777977,19340705643,부동산신탁,B,SM025,부문별 손익(수수료)
631,201606,0010905,교보자산신탁,A1,수수료수익,10969777977,19340705643,부동산신탁,B,SM025,부문별 손익(수수료)
632,201606,0010905,교보자산신탁,A11,집합투자기구운용보수,0,0,부동산신탁,B,SM025,부문별 손익(수수료)
633,201606,0010905,교보자산신탁,A12,신탁보수,8716718224,15266609395,부동산신탁,B,SM025,부문별 손익(수수료)
634,201606,0010905,교보자산신탁,A121,금전신탁,0,0,부동산신탁,B,SM025,부문별 손익(수수료)
635,201606,0010905,교보자산신탁,A122,토지신탁,2084789505,3778600788,부동산신탁,B,SM025,부문별 손익(수수료)
636,201606,0010905,교보자산신탁,A123,관리신탁,156389067,312682337,부동산신탁,B,SM025,부문별 손익(수수료)
637,201606,0010905,교보자산신탁,A124,처분신탁,157370900,236772718,부동산신탁,B,SM025,부문별 손익(수수료)
638,201606,0010905,교보자산신탁,A125,담보신탁,4352687499,7672151499,부동산신탁,B,SM025,부문별 손익(수수료)
639,201606,0010905,교보자산신탁,A126,분양관리신탁,1965481253,3266402053,부동산신탁,B,SM025,부문별 손익(수수료)
640,201606,0010905,교보자산신탁,A127,기타,0,0,부동산신탁,B,SM025,부문별 손익(수수료)
641,201606,0010905,교보자산신탁,A13,대리업무보수,1838189872,3303995910,부동산신탁,B,SM025,부문별 손익(수수료)
642,201606,0010905,교보자산신탁,A14,기타,414869881,770100338,부동산신탁,B,SM025,부문별 손익(수수료)
643,201606,0010905,교보자산신탁,A2,수수료비용,0,0,부동산신탁,B,SM025,부문별 손익(수수료)
644,201609,0010905,교보자산신탁,A,수수료손익,11296299444,30637005087,부동산신탁,B,SM025,부문별 손익(수수료)
645,201609,0010905,교보자산신탁,A1,수수료수익,11296299444,30637005087,부동산신탁,B,SM025,부문별 손익(수수료)
646,201609,0010905,교보자산신탁,A11,집합투자기구운용보수,0,0,부동산신탁,B,SM025,부문별 손익(수수료)
647,201609,0010905,교보자산신탁,A12,신탁보수,9450125145,24716734540,부동산신탁,B,SM025,부문별 손익(수수료)
648,201609,0010905,교보자산신탁,A121,금전신탁,0,0,부동산신탁,B,SM025,부문별 손익(수수료)
649,201609,0010905,교보자산신탁,A122,토지신탁,2213150983,5991751771,부동산신탁,B,SM025,부문별 손익(수수료)
650,201609,0010905,교보자산신탁,A123,관리신탁,155360247,468042584,부동산신탁,B,SM025,부문별 손익(수수료)
651,201609,0010905,교보자산신탁,A124,처분신탁,83000000,319772718,부동산신탁,B,SM025,부문별 손익(수수료)
652,201609,0010905,교보자산신탁,A125,담보신탁,4832783000,12504934499,부동산신탁,B,SM025,부문별 손익(수수료)
653,201609,0010905,교보자산신탁,A126,분양관리신탁,2165830915,5432232968,부동산신탁,B,SM025,부문별 손익(수수료)
654,201609,0010905,교보자산신탁,A127,기타,0,0,부동산신탁,B,SM025,부문별 손익(수수료)
655,201609,0010905,교보자산신탁,A13,대리업무보수,1469988852,4773984762,부동산신탁,B,SM025,부문별 손익(수수료)
656,201609,0010905,교보자산신탁,A14,기타,376185447,1146285785,부동산신탁,B,SM025,부문별 손익(수수료)
657,201609,0010905,교보자산신탁,A2,수수료비용,0,0,부동산신탁,B,SM025,부문별 손익(수수료)
658,201612,0010905,교보자산신탁,A,수수료손익,14045721241,44682726328,부동산신탁,B,SM025,부문별 손익(수수료)
659,201612,0010905,교보자산신탁,A1,수수료수익,14045721241,44682726328,부동산신탁,B,SM025,부문별 손익(수수료)
660,201612,0010905,교보자산신탁,A11,집합투자기구운용보수,0,0,부동산신탁,B,SM025,부문별 손익(수수료)
661,201612,0010905,교보자산신탁,A12,신탁보수,11350972387,36067706927,부동산신탁,B,SM025,부문별 손익(수수료)
662,201612,0010905,교보자산신탁,A121,금전신탁,0,0,부동산신탁,B,SM025,부문별 손익(수수료)
663,201612,0010905,교보자산신탁,A122,토지신탁,3229766483,9221518254,부동산신탁,B,SM025,부문별 손익(수수료)
664,201612,0010905,교보자산신탁,A123,관리신탁,156111695,624154279,부동산신탁,B,SM025,부문별 손익(수수료)
665,201612,0010905,교보자산신탁,A124,처분신탁,81311000,401083718,부동산신탁,B,SM025,부문별 손익(수수료)
666,201612,0010905,교보자산신탁,A125,담보신탁,5778161200,18283095699,부동산신탁,B,SM025,부문별 손익(수수료)
667,201612,0010905,교보자산신탁,A126,분양관리신탁,2105622009,7537854977,부동산신탁,B,SM025,부문별 손익(수수료)
668,201612,0010905,교보자산신탁,A127,기타,0,0,부동산신탁,B,SM025,부문별 손익(수수료)
669,201612,0010905,교보자산신탁,A13,대리업무보수,2373131661,7147116423,부동산신탁,B,SM025,부문별 손익(수수료)
670,201612,0010905,교보자산신탁,A14,기타,321617193,1467902978,부동산신탁,B,SM025,부문별 손익(수수료)
671,201612,0010905,교보자산신탁,A2,수수료비용,0,0,부동산신탁,B,SM025,부문별 손익(수수료)
672,200903,0010904,대한토지신탁,A,수수료손익,4893702086,4893702086,부동산신탁,B,SM025,부문별 손익(수수료)
673,200903,0010904,대한토지신탁,A1,수수료수익,4893702086,4893702086,부동산신탁,B,SM025,부문별 손익(수수료)
674,200903,0010904,대한토지신탁,A11,집합투자기구운용보수,0,0,부동산신탁,B,SM025,부문별 손익(수수료)
675,200903,0010904,대한토지신탁,A12,신탁보수,4893702086,4893702086,부동산신탁,B,SM025,부문별 손익(수수료)
676,200903,0010904,대한토지신탁,A121,금전신탁,0,0,부동산신탁,B,SM025,부문별 손익(수수료)
677,200903,0010904,대한토지신탁,A122,토지신탁,3634225671,3634225671,부동산신탁,B,SM025,부문별 손익(수수료)
678,200903,0010904,대한토지신탁,A123,관리신탁,46755649,46755649,부동산신탁,B,SM025,부문별 손익(수수료)
679,200903,0010904,대한토지신탁,A124,처분신탁,562879434,562879434,부동산신탁,B,SM025,부문별 손익(수수료)
680,200903,0010904,대한토지신탁,A125,담보신탁,575490000,575490000,부동산신탁,B,SM025,부문별 손익(수수료)
681,200903,0010904,대한토지신탁,A126,분양관리신탁,74351332,74351332,부동산신탁,B,SM025,부문별 손익(수수료)
682,200903,0010904,대한토지신탁,A127,기타,0,0,부동산신탁,B,SM025,부문별 손익(수수료)
683,200903,0010904,대한토지신탁,A13,대리업무보수,0,0,부동산신탁,B,SM025,부문별 손익(수수료)
684,200903,0010904,대한토지신탁,A14,기타,0,0,부동산신탁,B,SM025,부문별 손익(수수료)
685,200903,0010904,대한토지신탁,A2,수수료비용,0,0,부동산신탁,B,SM025,부문별 손익(수수료)
686,201106,0010904,대한토지신탁,A,수수료손익,3935610667,7847920047,부동산신탁,B,SM025,부문별 손익(수수료)
687,201106,0010904,대한토지신탁,A1,수수료수익,3935610667,7847920047,부동산신탁,B,SM025,부문별 손익(수수료)
688,201106,0010904,대한토지신탁,A11,집합투자기구운용보수,0,0,부동산신탁,B,SM025,부문별 손익(수수료)
689,201106,0010904,대한토지신탁,A12,신탁보수,3833065212,7655374592,부동산신탁,B,SM025,부문별 손익(수수료)
690,201106,0010904,대한토지신탁,A121,금전신탁,0,0,부동산신탁,B,SM025,부문별 손익(수수료)
691,201106,0010904,대한토지신탁,A122,토지신탁,2867403462,5542926215,부동산신탁,B,SM025,부문별 손익(수수료)
692,201106,0010904,대한토지신탁,A123,관리신탁,32674407,44596333,부동산신탁,B,SM025,부문별 손익(수수료)
693,201106,0010904,대한토지신탁,A124,처분신탁,329891247,461549501,부동산신탁,B,SM025,부문별 손익(수수료)
694,201106,0010904,대한토지신탁,A125,담보신탁,540479000,1491598000,부동산신탁,B,SM025,부문별 손익(수수료)
695,201106,0010904,대한토지신탁,A126,분양관리신탁,62391096,114108543,부동산신탁,B,SM025,부문별 손익(수수료)
696,201106,0010904,대한토지신탁,A127,기타,226000,596000,부동산신탁,B,SM025,부문별 손익(수수료)
697,201106,0010904,대한토지신탁,A13,대리업무보수,102545455,192545455,부동산신탁,B,SM025,부문별 손익(수수료)
698,201106,0010904,대한토지신탁,A14,기타,0,0,부동산신탁,B,SM025,부문별 손익(수수료)
699,201106,0010904,대한토지신탁,A2,수수료비용,0,0,부동산신탁,B,SM025,부문별 손익(수수료)
700,201109,0010904,대한토지신탁,A,수수료손익,3312785203,11160705250,부동산신탁,B,SM025,부문별 손익(수수료)
701,201109,0010904,대한토지신탁,A1,수수료수익,3312785203,11160705250,부동산신탁,B,SM025,부문별 손익(수수료)
702,201109,0010904,대한토지신탁,A11,집합투자기구운용보수,0,0,부동산신탁,B,SM025,부문별 손익(수수료)
703,201109,0010904,대한토지신탁,A12,신탁보수,3207285203,10862659795,부동산신탁,B,SM025,부문별 손익(수수료)
704,201109,0010904,대한토지신탁,A121,금전신탁,0,0,부동산신탁,B,SM025,부문별 손익(수수료)
705,201109,0010904,대한토지신탁,A122,토지신탁,2069743013,7612669228,부동산신탁,B,SM025,부문별 손익(수수료)
706,201109,0010904,대한토지신탁,A123,관리신탁,27996647,72592980,부동산신탁,B,SM025,부문별 손익(수수료)
707,201109,0010904,대한토지신탁,A124,처분신탁,160508856,622058357,부동산신탁,B,SM025,부문별 손익(수수료)
708,201109,0010904,대한토지신탁,A125,담보신탁,872210696,2363808696,부동산신탁,B,SM025,부문별 손익(수수료)
709,201109,0010904,대한토지신탁,A126,분양관리신탁,74970991,189079534,부동산신탁,B,SM025,부문별 손익(수수료)
710,201109,0010904,대한토지신탁,A127,기타,1855000,2451000,부동산신탁,B,SM025,부문별 손익(수수료)
711,201109,0010904,대한토지신탁,A13,대리업무보수,105500000,298045455,부동산신탁,B,SM025,부문별 손익(수수료)
712,201109,0010904,대한토지신탁,A14,기타,0,0,부동산신탁,B,SM025,부문별 손익(수수료)
713,201109,0010904,대한토지신탁,A2,수수료비용,0,0,부동산신탁,B,SM025,부문별 손익(수수료)
714,201112,0010904,대한토지신탁,A,수수료손익,4875502425,16036207675,부동산신탁,B,SM025,부문별 손익(수수료)
715,201112,0010904,대한토지신탁,A1,수수료수익,4875502425,16036207675,부동산신탁,B,SM025,부문별 손익(수수료)
716,201112,0010904,대한토지신탁,A11,집합투자기구운용보수,0,0,부동산신탁,B,SM025,부문별 손익(수수료)
717,201112,0010904,대한토지신탁,A12,신탁보수,4676138789,15538798584,부동산신탁,B,SM025,부문별 손익(수수료)
718,201112,0010904,대한토지신탁,A121,금전신탁,0, ,부동산신탁,B,SM025,부문별 손익(수수료)
719,201112,0010904,대한토지신탁,A122,토지신탁,3469513182,11082182410,부동산신탁,B,SM025,부문별 손익(수수료)
720,201112,0010904,대한토지신탁,A123,관리신탁,56811476,129404456,부동산신탁,B,SM025,부문별 손익(수수료)
721,201112,0010904,대한토지신탁,A124,처분신탁,106966628,729024985,부동산신탁,B,SM025,부문별 손익(수수료)
722,201112,0010904,대한토지신탁,A125,담보신탁,931893090,3295701786,부동산신탁,B,SM025,부문별 손익(수수료)
723,201112,0010904,대한토지신탁,A126,분양관리신탁,110954413,300033947,부동산신탁,B,SM025,부문별 손익(수수료)
724,201112,0010904,대한토지신탁,A127,기타,0,2451000,부동산신탁,B,SM025,부문별 손익(수수료)
725,201112,0010904,대한토지신탁,A13,대리업무보수,199363636,497409091,부동산신탁,B,SM025,부문별 손익(수수료)
726,201112,0010904,대한토지신탁,A14,기타,0,0,부동산신탁,B,SM025,부문별 손익(수수료)
727,201112,0010904,대한토지신탁,A2,수수료비용,0,0,부동산신탁,B,SM025,부문별 손익(수수료)
728,201203,0010904,대한토지신탁,A,수수료손익,5036028614,5036028614,부동산신탁,B,SM025,부문별 손익(수수료)
729,201203,0010904,대한토지신탁,A1,수수료수익,5036028614,5036028614,부동산신탁,B,SM025,부문별 손익(수수료)
730,201203,0010904,대한토지신탁,A11,집합투자기구운용보수,0,0,부동산신탁,B,SM025,부문별 손익(수수료)
731,201203,0010904,대한토지신탁,A12,신탁보수,4682301342,4682301342,부동산신탁,B,SM025,부문별 손익(수수료)
732,201203,0010904,대한토지신탁,A121,금전신탁,0, ,부동산신탁,B,SM025,부문별 손익(수수료)
733,201203,0010904,대한토지신탁,A122,토지신탁,2906111061,2906111061,부동산신탁,B,SM025,부문별 손익(수수료)
734,201203,0010904,대한토지신탁,A123,관리신탁,62837480,62837480,부동산신탁,B,SM025,부문별 손익(수수료)
735,201203,0010904,대한토지신탁,A124,처분신탁,1001150412,1001150412,부동산신탁,B,SM025,부문별 손익(수수료)
736,201203,0010904,대한토지신탁,A125,담보신탁,481719530,481719530,부동산신탁,B,SM025,부문별 손익(수수료)
737,201203,0010904,대한토지신탁,A126,분양관리신탁,229582859,229582859,부동산신탁,B,SM025,부문별 손익(수수료)
738,201203,0010904,대한토지신탁,A127,기타,900000,900000,부동산신탁,B,SM025,부문별 손익(수수료)
739,201203,0010904,대한토지신탁,A13,대리업무보수,353727272,353727272,부동산신탁,B,SM025,부문별 손익(수수료)
740,201203,0010904,대한토지신탁,A14,기타,0,0,부동산신탁,B,SM025,부문별 손익(수수료)
741,201203,0010904,대한토지신탁,A2,수수료비용,0,0,부동산신탁,B,SM025,부문별 손익(수수료)
742,201206,0010904,대한토지신탁,A,수수료손익,4976564428,10012593042,부동산신탁,B,SM025,부문별 손익(수수료)
743,201206,0010904,대한토지신탁,A1,수수료수익,4976564428,10012593042,부동산신탁,B,SM025,부문별 손익(수수료)
744,201206,0010904,대한토지신탁,A11,집합투자기구운용보수,0,0,부동산신탁,B,SM025,부문별 손익(수수료)
745,201206,0010904,대한토지신탁,A12,신탁보수,4586751700,9269053042,부동산신탁,B,SM025,부문별 손익(수수료)
746,201206,0010904,대한토지신탁,A121,금전신탁,0, ,부동산신탁,B,SM025,부문별 손익(수수료)
747,201206,0010904,대한토지신탁,A122,토지신탁,2983757308,5889868369,부동산신탁,B,SM025,부문별 손익(수수료)
748,201206,0010904,대한토지신탁,A123,관리신탁,45172910,108010390,부동산신탁,B,SM025,부문별 손익(수수료)
749,201206,0010904,대한토지신탁,A124,처분신탁,391884670,1393035082,부동산신탁,B,SM025,부문별 손익(수수료)
750,201206,0010904,대한토지신탁,A125,담보신탁,1079669441,1561388971,부동산신탁,B,SM025,부문별 손익(수수료)
751,201206,0010904,대한토지신탁,A126,분양관리신탁,86267371,315850230,부동산신탁,B,SM025,부문별 손익(수수료)
752,201206,0010904,대한토지신탁,A127,기타,0,900000,부동산신탁,B,SM025,부문별 손익(수수료)
753,201206,0010904,대한토지신탁,A13,대리업무보수,389812728,743540000,부동산신탁,B,SM025,부문별 손익(수수료)
754,201206,0010904,대한토지신탁,A14,기타,0,0,부동산신탁,B,SM025,부문별 손익(수수료)
755,201206,0010904,대한토지신탁,A2,수수료비용,0,0,부동산신탁,B,SM025,부문별 손익(수수료)
756,201209,0010904,대한토지신탁,A,수수료손익,5280778461,15293371503,부동산신탁,B,SM025,부문별 손익(수수료)
757,201209,0010904,대한토지신탁,A1,수수료수익,5280778461,15293371503,부동산신탁,B,SM025,부문별 손익(수수료)
758,201209,0010904,대한토지신탁,A11,집합투자기구운용보수,0,0,부동산신탁,B,SM025,부문별 손익(수수료)
759,201209,0010904,대한토지신탁,A12,신탁보수,5125778461,14394831503,부동산신탁,B,SM025,부문별 손익(수수료)
760,201209,0010904,대한토지신탁,A121,금전신탁,0,0,부동산신탁,B,SM025,부문별 손익(수수료)
761,201209,0010904,대한토지신탁,A122,토지신탁,3865104889,9754973258,부동산신탁,B,SM025,부문별 손익(수수료)
762,201209,0010904,대한토지신탁,A123,관리신탁,31626882,139637272,부동산신탁,B,SM025,부문별 손익(수수료)
763,201209,0010904,대한토지신탁,A124,처분신탁,505449845,1898484927,부동산신탁,B,SM025,부문별 손익(수수료)
764,201209,0010904,대한토지신탁,A125,담보신탁,585959940,2147348911,부동산신탁,B,SM025,부문별 손익(수수료)
765,201209,0010904,대한토지신탁,A126,분양관리신탁,137636905,453487135,부동산신탁,B,SM025,부문별 손익(수수료)
766,201209,0010904,대한토지신탁,A127,기타,0,900000,부동산신탁,B,SM025,부문별 손익(수수료)
767,201209,0010904,대한토지신탁,A13,대리업무보수,155000000,898540000,부동산신탁,B,SM025,부문별 손익(수수료)
768,201209,0010904,대한토지신탁,A14,기타,0,0,부동산신탁,B,SM025,부문별 손익(수수료)
769,201209,0010904,대한토지신탁,A2,수수료비용,0,0,부동산신탁,B,SM025,부문별 손익(수수료)
770,201212,0010904,대한토지신탁,A,수수료손익,12041314348,27334685851,부동산신탁,B,SM025,부문별 손익(수수료)
771,201212,0010904,대한토지신탁,A1,수수료수익,12041314348,27334685851,부동산신탁,B,SM025,부문별 손익(수수료)
772,201212,0010904,대한토지신탁,A11,집합투자기구운용보수,0,0,부동산신탁,B,SM025,부문별 손익(수수료)
773,201212,0010904,대한토지신탁,A12,신탁보수,11309422348,25704253851,부동산신탁,B,SM025,부문별 손익(수수료)
774,201212,0010904,대한토지신탁,A121,금전신탁,0,0,부동산신탁,B,SM025,부문별 손익(수수료)
775,201212,0010904,대한토지신탁,A122,토지신탁,6863842172,16618815430,부동산신탁,B,SM025,부문별 손익(수수료)
776,201212,0010904,대한토지신탁,A123,관리신탁,161043770,300681042,부동산신탁,B,SM025,부문별 손익(수수료)
777,201212,0010904,대한토지신탁,A124,처분신탁,2738002595,4636487522,부동산신탁,B,SM025,부문별 손익(수수료)
778,201212,0010904,대한토지신탁,A125,담보신탁,1417142380,3564491291,부동산신탁,B,SM025,부문별 손익(수수료)
779,201212,0010904,대한토지신탁,A126,분양관리신탁,129391431,582878566,부동산신탁,B,SM025,부문별 손익(수수료)
780,201212,0010904,대한토지신탁,A127,기타,0,900000,부동산신탁,B,SM025,부문별 손익(수수료)
781,201212,0010904,대한토지신탁,A13,대리업무보수,731892000,1630432000,부동산신탁,B,SM025,부문별 손익(수수료)
782,201212,0010904,대한토지신탁,A14,기타,0,0,부동산신탁,B,SM025,부문별 손익(수수료)
783,201212,0010904,대한토지신탁,A2,수수료비용,0,0,부동산신탁,B,SM025,부문별 손익(수수료)
784,201303,0010904,대한토지신탁,A,수수료손익,4296698890,4296698890,부동산신탁,B,SM025,부문별 손익(수수료)
785,201303,0010904,대한토지신탁,A1,수수료수익,4296698890,4296698890,부동산신탁,B,SM025,부문별 손익(수수료)
786,201303,0010904,대한토지신탁,A11,집합투자기구운용보수,0,0,부동산신탁,B,SM025,부문별 손익(수수료)
787,201303,0010904,대한토지신탁,A12,신탁보수,3976244344,3976244344,부동산신탁,B,SM025,부문별 손익(수수료)
788,201303,0010904,대한토지신탁,A121,금전신탁,0,0,부동산신탁,B,SM025,부문별 손익(수수료)
789,201303,0010904,대한토지신탁,A122,토지신탁,2997708207,2997708207,부동산신탁,B,SM025,부문별 손익(수수료)
790,201303,0010904,대한토지신탁,A123,관리신탁,59096604,59096604,부동산신탁,B,SM025,부문별 손익(수수료)
791,201303,0010904,대한토지신탁,A124,처분신탁,248315673,248315673,부동산신탁,B,SM025,부문별 손익(수수료)
792,201303,0010904,대한토지신탁,A125,담보신탁,549478015,549478015,부동산신탁,B,SM025,부문별 손익(수수료)
793,201303,0010904,대한토지신탁,A126,분양관리신탁,121645845,121645845,부동산신탁,B,SM025,부문별 손익(수수료)
794,201303,0010904,대한토지신탁,A127,기타,0,0,부동산신탁,B,SM025,부문별 손익(수수료)
795,201303,0010904,대한토지신탁,A13,대리업무보수,320454546,320454546,부동산신탁,B,SM025,부문별 손익(수수료)
796,201303,0010904,대한토지신탁,A14,기타,0,0,부동산신탁,B,SM025,부문별 손익(수수료)
797,201303,0010904,대한토지신탁,A2,수수료비용,0,0,부동산신탁,B,SM025,부문별 손익(수수료)
798,201306,0010904,대한토지신탁,A,수수료손익,4855732615,9152431505,부동산신탁,B,SM025,부문별 손익(수수료)
799,201306,0010904,대한토지신탁,A1,수수료수익,4855732615,9152431505,부동산신탁,B,SM025,부문별 손익(수수료)
800,201306,0010904,대한토지신탁,A11,집합투자기구운용보수,0,0,부동산신탁,B,SM025,부문별 손익(수수료)
801,201306,0010904,대한토지신탁,A12,신탁보수,4678596252,8654840596,부동산신탁,B,SM025,부문별 손익(수수료)
802,201306,0010904,대한토지신탁,A121,금전신탁,0,0,부동산신탁,B,SM025,부문별 손익(수수료)
803,201306,0010904,대한토지신탁,A122,토지신탁,3031763915,6029472122,부동산신탁,B,SM025,부문별 손익(수수료)
804,201306,0010904,대한토지신탁,A123,관리신탁,35236679,94333283,부동산신탁,B,SM025,부문별 손익(수수료)
805,201306,0010904,대한토지신탁,A124,처분신탁,670256110,918571783,부동산신탁,B,SM025,부문별 손익(수수료)
806,201306,0010904,대한토지신탁,A125,담보신탁,803933926,1353411941,부동산신탁,B,SM025,부문별 손익(수수료)
807,201306,0010904,대한토지신탁,A126,분양관리신탁,137405622,259051467,부동산신탁,B,SM025,부문별 손익(수수료)
808,201306,0010904,대한토지신탁,A127,기타,0,0,부동산신탁,B,SM025,부문별 손익(수수료)
809,201306,0010904,대한토지신탁,A13,대리업무보수,177136363,497590909,부동산신탁,B,SM025,부문별 손익(수수료)
810,201306,0010904,대한토지신탁,A14,기타,0,0,부동산신탁,B,SM025,부문별 손익(수수료)
811,201306,0010904,대한토지신탁,A2,수수료비용,0,0,부동산신탁,B,SM025,부문별 손익(수수료)
812,201309,0010904,대한토지신탁,A,수수료손익,5601674511,14754106016,부동산신탁,B,SM025,부문별 손익(수수료)
813,201309,0010904,대한토지신탁,A1,수수료수익,5601674511,14754106016,부동산신탁,B,SM025,부문별 손익(수수료)
814,201309,0010904,대한토지신탁,A11,집합투자기구운용보수,0,0,부동산신탁,B,SM025,부문별 손익(수수료)
815,201309,0010904,대한토지신탁,A12,신탁보수,5504904238,14159744834,부동산신탁,B,SM025,부문별 손익(수수료)
816,201309,0010904,대한토지신탁,A121,금전신탁,0,0,부동산신탁,B,SM025,부문별 손익(수수료)
817,201309,0010904,대한토지신탁,A122,토지신탁,4238255811,10267727933,부동산신탁,B,SM025,부문별 손익(수수료)
818,201309,0010904,대한토지신탁,A123,관리신탁,38307730,132641013,부동산신탁,B,SM025,부문별 손익(수수료)
819,201309,0010904,대한토지신탁,A124,처분신탁,423069260,1341641043,부동산신탁,B,SM025,부문별 손익(수수료)
820,201309,0010904,대한토지신탁,A125,담보신탁,707916691,2061328632,부동산신탁,B,SM025,부문별 손익(수수료)
821,201309,0010904,대한토지신탁,A126,분양관리신탁,97354746,356406213,부동산신탁,B,SM025,부문별 손익(수수료)
822,201309,0010904,대한토지신탁,A127,기타,0,0,부동산신탁,B,SM025,부문별 손익(수수료)
823,201309,0010904,대한토지신탁,A13,대리업무보수,96770273,594361182,부동산신탁,B,SM025,부문별 손익(수수료)
824,201309,0010904,대한토지신탁,A14,기타,0,0,부동산신탁,B,SM025,부문별 손익(수수료)
825,201309,0010904,대한토지신탁,A2,수수료비용,0,0,부동산신탁,B,SM025,부문별 손익(수수료)
826,201312,0010904,대한토지신탁,A,수수료손익,6096982041,20851088057,부동산신탁,B,SM025,부문별 손익(수수료)
827,201312,0010904,대한토지신탁,A1,수수료수익,6096982041,20851088057,부동산신탁,B,SM025,부문별 손익(수수료)
828,201312,0010904,대한토지신탁,A11,집합투자기구운용보수,0,0,부동산신탁,B,SM025,부문별 손익(수수료)
829,201312,0010904,대한토지신탁,A12,신탁보수,5618462405,19778207239,부동산신탁,B,SM025,부문별 손익(수수료)
830,201312,0010904,대한토지신탁,A121,금전신탁,0,0,부동산신탁,B,SM025,부문별 손익(수수료)
831,201312,0010904,대한토지신탁,A122,토지신탁,3808507658,14076235591,부동산신탁,B,SM025,부문별 손익(수수료)
832,201312,0010904,대한토지신탁,A123,관리신탁,31061667,163702680,부동산신탁,B,SM025,부문별 손익(수수료)
833,201312,0010904,대한토지신탁,A124,처분신탁,145895561,1487536604,부동산신탁,B,SM025,부문별 손익(수수료)
834,201312,0010904,대한토지신탁,A125,담보신탁,1502953590,3564282222,부동산신탁,B,SM025,부문별 손익(수수료)
835,201312,0010904,대한토지신탁,A126,분양관리신탁,129843929,486250142,부동산신탁,B,SM025,부문별 손익(수수료)
836,201312,0010904,대한토지신탁,A127,기타,200000,200000,부동산신탁,B,SM025,부문별 손익(수수료)
837,201312,0010904,대한토지신탁,A13,대리업무보수,478519636,1072880818,부동산신탁,B,SM025,부문별 손익(수수료)
838,201312,0010904,대한토지신탁,A14,기타,0,0,부동산신탁,B,SM025,부문별 손익(수수료)
839,201312,0010904,대한토지신탁,A2,수수료비용,0,0,부동산신탁,B,SM025,부문별 손익(수수료)
840,201403,0010904,대한토지신탁,A,수수료손익,6052501269,6052501269,부동산신탁,B,SM025,부문별 손익(수수료)
841,201403,0010904,대한토지신탁,A1,수수료수익,6052501269,6052501269,부동산신탁,B,SM025,부문별 손익(수수료)
842,201403,0010904,대한토지신탁,A11,집합투자기구운용보수,0,0,부동산신탁,B,SM025,부문별 손익(수수료)
843,201403,0010904,대한토지신탁,A12,신탁보수,5766501269,5766501269,부동산신탁,B,SM025,부문별 손익(수수료)
844,201403,0010904,대한토지신탁,A121,금전신탁,0,0,부동산신탁,B,SM025,부문별 손익(수수료)
845,201403,0010904,대한토지신탁,A122,토지신탁,3742834649,3742834649,부동산신탁,B,SM025,부문별 손익(수수료)
846,201403,0010904,대한토지신탁,A123,관리신탁,25444910,25444910,부동산신탁,B,SM025,부문별 손익(수수료)
847,201403,0010904,대한토지신탁,A124,처분신탁,457461033,457461033,부동산신탁,B,SM025,부문별 손익(수수료)
848,201403,0010904,대한토지신탁,A125,담보신탁,1401875886,1401875886,부동산신탁,B,SM025,부문별 손익(수수료)
849,201403,0010904,대한토지신탁,A126,분양관리신탁,138884791,138884791,부동산신탁,B,SM025,부문별 손익(수수료)
850,201403,0010904,대한토지신탁,A127,기타,0,0,부동산신탁,B,SM025,부문별 손익(수수료)
851,201403,0010904,대한토지신탁,A13,대리업무보수,286000000,286000000,부동산신탁,B,SM025,부문별 손익(수수료)
852,201403,0010904,대한토지신탁,A14,기타,0,0,부동산신탁,B,SM025,부문별 손익(수수료)
853,201403,0010904,대한토지신탁,A2,수수료비용,0,0,부동산신탁,B,SM025,부문별 손익(수수료)
854,201406,0010904,대한토지신탁,A,수수료손익,7304035632,13356536901,부동산신탁,B,SM025,부문별 손익(수수료)
855,201406,0010904,대한토지신탁,A1,수수료수익,7304035632,13356536901,부동산신탁,B,SM025,부문별 손익(수수료)
856,201406,0010904,대한토지신탁,A11,집합투자기구운용보수,0,0,부동산신탁,B,SM025,부문별 손익(수수료)
857,201406,0010904,대한토지신탁,A12,신탁보수,6866035632,12632536901,부동산신탁,B,SM025,부문별 손익(수수료)
858,201406,0010904,대한토지신탁,A121,금전신탁,0,0,부동산신탁,B,SM025,부문별 손익(수수료)
859,201406,0010904,대한토지신탁,A122,토지신탁,4604070685,8346905334,부동산신탁,B,SM025,부문별 손익(수수료)
860,201406,0010904,대한토지신탁,A123,관리신탁,16067303,41512213,부동산신탁,B,SM025,부문별 손익(수수료)
861,201406,0010904,대한토지신탁,A124,처분신탁,129298916,586759949,부동산신탁,B,SM025,부문별 손익(수수료)
862,201406,0010904,대한토지신탁,A125,담보신탁,2031566713,3433442599,부동산신탁,B,SM025,부문별 손익(수수료)
863,201406,0010904,대한토지신탁,A126,분양관리신탁,85032015,223916806,부동산신탁,B,SM025,부문별 손익(수수료)
864,201406,0010904,대한토지신탁,A127,기타,0,0,부동산신탁,B,SM025,부문별 손익(수수료)
865,201406,0010904,대한토지신탁,A13,대리업무보수,438000000,724000000,부동산신탁,B,SM025,부문별 손익(수수료)
866,201406,0010904,대한토지신탁,A14,기타,0,0,부동산신탁,B,SM025,부문별 손익(수수료)
867,201406,0010904,대한토지신탁,A2,수수료비용,0,0,부동산신탁,B,SM025,부문별 손익(수수료)
868,201409,0010904,대한토지신탁,A,수수료손익,5686125759,19042662660,부동산신탁,B,SM025,부문별 손익(수수료)
869,201409,0010904,대한토지신탁,A1,수수료수익,5686125759,19042662660,부동산신탁,B,SM025,부문별 손익(수수료)
870,201409,0010904,대한토지신탁,A11,집합투자기구운용보수,0,0,부동산신탁,B,SM025,부문별 손익(수수료)
871,201409,0010904,대한토지신탁,A12,신탁보수,5230273868,17862810769,부동산신탁,B,SM025,부문별 손익(수수료)
872,201409,0010904,대한토지신탁,A121,금전신탁,0,0,부동산신탁,B,SM025,부문별 손익(수수료)
873,201409,0010904,대한토지신탁,A122,토지신탁,3868466690,12215372024,부동산신탁,B,SM025,부문별 손익(수수료)
874,201409,0010904,대한토지신탁,A123,관리신탁,31344246,72856459,부동산신탁,B,SM025,부문별 손익(수수료)
875,201409,0010904,대한토지신탁,A124,처분신탁,73974969,660734918,부동산신탁,B,SM025,부문별 손익(수수료)
876,201409,0010904,대한토지신탁,A125,담보신탁,1096272960,4529715559,부동산신탁,B,SM025,부문별 손익(수수료)
877,201409,0010904,대한토지신탁,A126,분양관리신탁,160215003,384131809,부동산신탁,B,SM025,부문별 손익(수수료)
878,201409,0010904,대한토지신탁,A127,기타,0,0,부동산신탁,B,SM025,부문별 손익(수수료)
879,201409,0010904,대한토지신탁,A13,대리업무보수,455851891,1179851891,부동산신탁,B,SM025,부문별 손익(수수료)
880,201409,0010904,대한토지신탁,A14,기타,0,0,부동산신탁,B,SM025,부문별 손익(수수료)
881,201409,0010904,대한토지신탁,A2,수수료비용,0,0,부동산신탁,B,SM025,부문별 손익(수수료)
882,201412,0010904,대한토지신탁,A,수수료손익,6560183261,25602845921,부동산신탁,B,SM025,부문별 손익(수수료)
883,201412,0010904,대한토지신탁,A1,수수료수익,6560183261,25602845921,부동산신탁,B,SM025,부문별 손익(수수료)
884,201412,0010904,대한토지신탁,A11,집합투자기구운용보수,0,0,부동산신탁,B,SM025,부문별 손익(수수료)
885,201412,0010904,대한토지신탁,A12,신탁보수,6013666243,23876477012,부동산신탁,B,SM025,부문별 손익(수수료)
886,201412,0010904,대한토지신탁,A121,금전신탁,0,0,부동산신탁,B,SM025,부문별 손익(수수료)
887,201412,0010904,대한토지신탁,A122,토지신탁,3687576003,15902948027,부동산신탁,B,SM025,부문별 손익(수수료)
888,201412,0010904,대한토지신탁,A123,관리신탁,45366744,118223203,부동산신탁,B,SM025,부문별 손익(수수료)
889,201412,0010904,대한토지신탁,A124,처분신탁,1162064656,1822799574,부동산신탁,B,SM025,부문별 손익(수수료)
890,201412,0010904,대한토지신탁,A125,담보신탁,965703570,5495419129,부동산신탁,B,SM025,부문별 손익(수수료)
891,201412,0010904,대한토지신탁,A126,분양관리신탁,152955270,537087079,부동산신탁,B,SM025,부문별 손익(수수료)
892,201412,0010904,대한토지신탁,A127,기타,0,0,부동산신탁,B,SM025,부문별 손익(수수료)
893,201412,0010904,대한토지신탁,A13,대리업무보수,546517018,1726368909,부동산신탁,B,SM025,부문별 손익(수수료)
894,201412,0010904,대한토지신탁,A14,기타,0,0,부동산신탁,B,SM025,부문별 손익(수수료)
895,201412,0010904,대한토지신탁,A2,수수료비용,0,0,부동산신탁,B,SM025,부문별 손익(수수료)
896,201503,0010904,대한토지신탁,A,수수료손익,6613650637,6613650637,부동산신탁,B,SM025,부문별 손익(수수료)
897,201503,0010904,대한토지신탁,A1,수수료수익,6613650637,6613650637,부동산신탁,B,SM025,부문별 손익(수수료)
898,201503,0010904,대한토지신탁,A11,집합투자기구운용보수,0,0,부동산신탁,B,SM025,부문별 손익(수수료)
899,201503,0010904,대한토지신탁,A12,신탁보수,6247559728,6247559728,부동산신탁,B,SM025,부문별 손익(수수료)
900,201503,0010904,대한토지신탁,A121,금전신탁,0,0,부동산신탁,B,SM025,부문별 손익(수수료)
901,201503,0010904,대한토지신탁,A122,토지신탁,3658314949,3658314949,부동산신탁,B,SM025,부문별 손익(수수료)
902,201503,0010904,대한토지신탁,A123,관리신탁,55791553,55791553,부동산신탁,B,SM025,부문별 손익(수수료)
903,201503,0010904,대한토지신탁,A124,처분신탁,114047482,114047482,부동산신탁,B,SM025,부문별 손익(수수료)
904,201503,0010904,대한토지신탁,A125,담보신탁,2301692702,2301692702,부동산신탁,B,SM025,부문별 손익(수수료)
905,201503,0010904,대한토지신탁,A126,분양관리신탁,117713042,117713042,부동산신탁,B,SM025,부문별 손익(수수료)
906,201503,0010904,대한토지신탁,A127,기타,0,0,부동산신탁,B,SM025,부문별 손익(수수료)
907,201503,0010904,대한토지신탁,A13,대리업무보수,366090909,366090909,부동산신탁,B,SM025,부문별 손익(수수료)
908,201503,0010904,대한토지신탁,A14,기타,0,0,부동산신탁,B,SM025,부문별 손익(수수료)
909,201503,0010904,대한토지신탁,A2,수수료비용,0,0,부동산신탁,B,SM025,부문별 손익(수수료)
910,201506,0010904,대한토지신탁,A,수수료손익,7249826433,13863477070,부동산신탁,B,SM025,부문별 손익(수수료)
911,201506,0010904,대한토지신탁,A1,수수료수익,7249826433,13863477070,부동산신탁,B,SM025,부문별 손익(수수료)
912,201506,0010904,대한토지신탁,A11,집합투자기구운용보수,0,0,부동산신탁,B,SM025,부문별 손익(수수료)
913,201506,0010904,대한토지신탁,A12,신탁보수,6869895524,13117455252,부동산신탁,B,SM025,부문별 손익(수수료)
914,201506,0010904,대한토지신탁,A121,금전신탁,0,0,부동산신탁,B,SM025,부문별 손익(수수료)
915,201506,0010904,대한토지신탁,A122,토지신탁,4396163680,8054478629,부동산신탁,B,SM025,부문별 손익(수수료)
916,201506,0010904,대한토지신탁,A123,관리신탁,54948768,110740321,부동산신탁,B,SM025,부문별 손익(수수료)
917,201506,0010904,대한토지신탁,A124,처분신탁,613220479,727267961,부동산신탁,B,SM025,부문별 손익(수수료)
918,201506,0010904,대한토지신탁,A125,담보신탁,1715257214,4016949916,부동산신탁,B,SM025,부문별 손익(수수료)
919,201506,0010904,대한토지신탁,A126,분양관리신탁,90305383,208018425,부동산신탁,B,SM025,부문별 손익(수수료)
920,201506,0010904,대한토지신탁,A127,기타,0,0,부동산신탁,B,SM025,부문별 손익(수수료)
921,201506,0010904,대한토지신탁,A13,대리업무보수,379930909,746021818,부동산신탁,B,SM025,부문별 손익(수수료)
922,201506,0010904,대한토지신탁,A14,기타,0,0,부동산신탁,B,SM025,부문별 손익(수수료)
923,201506,0010904,대한토지신탁,A2,수수료비용,0,0,부동산신탁,B,SM025,부문별 손익(수수료)
924,201509,0010904,대한토지신탁,A,수수료손익,6657179633,20520656703,부동산신탁,B,SM025,부문별 손익(수수료)
925,201509,0010904,대한토지신탁,A1,수수료수익,6657179633,20520656703,부동산신탁,B,SM025,부문별 손익(수수료)
926,201509,0010904,대한토지신탁,A11,집합투자기구운용보수,0,0,부동산신탁,B,SM025,부문별 손익(수수료)
927,201509,0010904,대한토지신탁,A12,신탁보수,6415179633,19532634885,부동산신탁,B,SM025,부문별 손익(수수료)
928,201509,0010904,대한토지신탁,A121,금전신탁,0,0,부동산신탁,B,SM025,부문별 손익(수수료)
929,201509,0010904,대한토지신탁,A122,토지신탁,5041450677,13095929306,부동산신탁,B,SM025,부문별 손익(수수료)
930,201509,0010904,대한토지신탁,A123,관리신탁,61449210,172189531,부동산신탁,B,SM025,부문별 손익(수수료)
931,201509,0010904,대한토지신탁,A124,처분신탁,16378830,743646791,부동산신탁,B,SM025,부문별 손익(수수료)
932,201509,0010904,대한토지신탁,A125,담보신탁,1254130352,5271080268,부동산신탁,B,SM025,부문별 손익(수수료)
933,201509,0010904,대한토지신탁,A126,분양관리신탁,41770564,249788989,부동산신탁,B,SM025,부문별 손익(수수료)
934,201509,0010904,대한토지신탁,A127,기타,0,0,부동산신탁,B,SM025,부문별 손익(수수료)
935,201509,0010904,대한토지신탁,A13,대리업무보수,242000000,988021818,부동산신탁,B,SM025,부문별 손익(수수료)
936,201509,0010904,대한토지신탁,A14,기타,0,0,부동산신탁,B,SM025,부문별 손익(수수료)
937,201509,0010904,대한토지신탁,A2,수수료비용,0,0,부동산신탁,B,SM025,부문별 손익(수수료)
938,201512,0010904,대한토지신탁,A,수수료손익,14081139098,34601795801,부동산신탁,B,SM025,부문별 손익(수수료)
939,201512,0010904,대한토지신탁,A1,수수료수익,14081139098,34601795801,부동산신탁,B,SM025,부문별 손익(수수료)
940,201512,0010904,대한토지신탁,A11,집합투자기구운용보수,1754545454,1754545454,부동산신탁,B,SM025,부문별 손익(수수료)
941,201512,0010904,대한토지신탁,A12,신탁보수,11723403289,31256038174,부동산신탁,B,SM025,부문별 손익(수수료)
942,201512,0010904,대한토지신탁,A121,금전신탁,0,0,부동산신탁,B,SM025,부문별 손익(수수료)
943,201512,0010904,대한토지신탁,A122,토지신탁,9461931764,22557861070,부동산신탁,B,SM025,부문별 손익(수수료)
944,201512,0010904,대한토지신탁,A123,관리신탁,39850749,212040280,부동산신탁,B,SM025,부문별 손익(수수료)
945,201512,0010904,대한토지신탁,A124,처분신탁,110032887,853679678,부동산신탁,B,SM025,부문별 손익(수수료)
946,201512,0010904,대한토지신탁,A125,담보신탁,2025597650,7296677918,부동산신탁,B,SM025,부문별 손익(수수료)
947,201512,0010904,대한토지신탁,A126,분양관리신탁,85990239,335779228,부동산신탁,B,SM025,부문별 손익(수수료)
948,201512,0010904,대한토지신탁,A127,기타,0,0,부동산신탁,B,SM025,부문별 손익(수수료)
949,201512,0010904,대한토지신탁,A13,대리업무보수,603190355,1591212173,부동산신탁,B,SM025,부문별 손익(수수료)
950,201512,0010904,대한토지신탁,A14,기타,0,0,부동산신탁,B,SM025,부문별 손익(수수료)
951,201512,0010904,대한토지신탁,A2,수수료비용,0,0,부동산신탁,B,SM025,부문별 손익(수수료)
952,201603,0010904,대한토지신탁,A,수수료손익,7480958700,7480958700,부동산신탁,B,SM025,부문별 손익(수수료)
953,201603,0010904,대한토지신탁,A1,수수료수익,7480958700,7480958700,부동산신탁,B,SM025,부문별 손익(수수료)
954,201603,0010904,대한토지신탁,A11,집합투자기구운용보수,0,0,부동산신탁,B,SM025,부문별 손익(수수료)
955,201603,0010904,대한토지신탁,A12,신탁보수,6894322338,6894322338,부동산신탁,B,SM025,부문별 손익(수수료)
956,201603,0010904,대한토지신탁,A121,금전신탁,0,0,부동산신탁,B,SM025,부문별 손익(수수료)
957,201603,0010904,대한토지신탁,A122,토지신탁,5434739654,5434739654,부동산신탁,B,SM025,부문별 손익(수수료)
958,201603,0010904,대한토지신탁,A123,관리신탁,58424952,58424952,부동산신탁,B,SM025,부문별 손익(수수료)
959,201603,0010904,대한토지신탁,A124,처분신탁,51109452,51109452,부동산신탁,B,SM025,부문별 손익(수수료)
960,201603,0010904,대한토지신탁,A125,담보신탁,1265402225,1265402225,부동산신탁,B,SM025,부문별 손익(수수료)
961,201603,0010904,대한토지신탁,A126,분양관리신탁,84646055,84646055,부동산신탁,B,SM025,부문별 손익(수수료)
962,201603,0010904,대한토지신탁,A127,기타,0,0,부동산신탁,B,SM025,부문별 손익(수수료)
963,201603,0010904,대한토지신탁,A13,대리업무보수,532090908,532090908,부동산신탁,B,SM025,부문별 손익(수수료)
964,201603,0010904,대한토지신탁,A14,기타,54545454,54545454,부동산신탁,B,SM025,부문별 손익(수수료)
965,201603,0010904,대한토지신탁,A2,수수료비용,0,0,부동산신탁,B,SM025,부문별 손익(수수료)
966,201606,0010904,대한토지신탁,A,수수료손익,9642733295,17123691995,부동산신탁,B,SM025,부문별 손익(수수료)
967,201606,0010904,대한토지신탁,A1,수수료수익,9642733295,17123691995,부동산신탁,B,SM025,부문별 손익(수수료)
968,201606,0010904,대한토지신탁,A11,집합투자기구운용보수,821908587,821908587,부동산신탁,B,SM025,부문별 손익(수수료)
969,201606,0010904,대한토지신탁,A12,신탁보수,8283406576,15177728914,부동산신탁,B,SM025,부문별 손익(수수료)
970,201606,0010904,대한토지신탁,A121,금전신탁,0,0,부동산신탁,B,SM025,부문별 손익(수수료)
971,201606,0010904,대한토지신탁,A122,토지신탁,7163824600,12598564254,부동산신탁,B,SM025,부문별 손익(수수료)
972,201606,0010904,대한토지신탁,A123,관리신탁,11329336,69754288,부동산신탁,B,SM025,부문별 손익(수수료)
973,201606,0010904,대한토지신탁,A124,처분신탁,5446401,56555853,부동산신탁,B,SM025,부문별 손익(수수료)
974,201606,0010904,대한토지신탁,A125,담보신탁,1021639580,2287041805,부동산신탁,B,SM025,부문별 손익(수수료)
975,201606,0010904,대한토지신탁,A126,분양관리신탁,81166659,165812714,부동산신탁,B,SM025,부문별 손익(수수료)
976,201606,0010904,대한토지신탁,A127,기타,0,0,부동산신탁,B,SM025,부문별 손익(수수료)
977,201606,0010904,대한토지신탁,A13,대리업무보수,591963586,1124054494,부동산신탁,B,SM025,부문별 손익(수수료)
978,201606,0010904,대한토지신탁,A14,기타,-54545454,0,부동산신탁,B,SM025,부문별 손익(수수료)
979,201606,0010904,대한토지신탁,A2,수수료비용,0,0,부동산신탁,B,SM025,부문별 손익(수수료)
980,201609,0010904,대한토지신탁,A,수수료손익,11595697261,28719389256,부동산신탁,B,SM025,부문별 손익(수수료)
981,201609,0010904,대한토지신탁,A1,수수료수익,11595697261,28719389256,부동산신탁,B,SM025,부문별 손익(수수료)
982,201609,0010904,대한토지신탁,A11,집합투자기구운용보수,1120346559,1942255146,부동산신탁,B,SM025,부문별 손익(수수료)
983,201609,0010904,대한토지신탁,A12,신탁보수,10218350702,25396079616,부동산신탁,B,SM025,부문별 손익(수수료)
984,201609,0010904,대한토지신탁,A121,금전신탁,0,0,부동산신탁,B,SM025,부문별 손익(수수료)
985,201609,0010904,대한토지신탁,A122,토지신탁,9006435867,21605000121,부동산신탁,B,SM025,부문별 손익(수수료)
986,201609,0010904,대한토지신탁,A123,관리신탁,11214444,80968732,부동산신탁,B,SM025,부문별 손익(수수료)
987,201609,0010904,대한토지신탁,A124,처분신탁,101011552,157567405,부동산신탁,B,SM025,부문별 손익(수수료)
988,201609,0010904,대한토지신탁,A125,담보신탁,1033973000,3321014805,부동산신탁,B,SM025,부문별 손익(수수료)
989,201609,0010904,대한토지신탁,A126,분양관리신탁,65715839,231528553,부동산신탁,B,SM025,부문별 손익(수수료)
990,201609,0010904,대한토지신탁,A127,기타,0,0,부동산신탁,B,SM025,부문별 손익(수수료)
991,201609,0010904,대한토지신탁,A13,대리업무보수,257000000,1381054494,부동산신탁,B,SM025,부문별 손익(수수료)
992,201609,0010904,대한토지신탁,A14,기타,0,0,부동산신탁,B,SM025,부문별 손익(수수료)
993,201609,0010904,대한토지신탁,A2,수수료비용,0,0,부동산신탁,B,SM025,부문별 손익(수수료)
994,201612,0010904,대한토지신탁,A,수수료손익,12951291692,41670680948,부동산신탁,B,SM025,부문별 손익(수수료)
995,201612,0010904,대한토지신탁,A1,수수료수익,12951291692,41670680948,부동산신탁,B,SM025,부문별 손익(수수료)
996,201612,0010904,대한토지신탁,A11,집합투자기구운용보수,724706559,2666961705,부동산신탁,B,SM025,부문별 손익(수수료)
997,201612,0010904,대한토지신탁,A12,신탁보수,11996694223,37392773839,부동산신탁,B,SM025,부문별 손익(수수료)
998,201612,0010904,대한토지신탁,A121,금전신탁,0,0,부동산신탁,B,SM025,부문별 손익(수수료)
999,201612,0010904,대한토지신탁,A122,토지신탁,10064831947,31669832068,부동산신탁,B,SM025,부문별 손익(수수료)
1000,201612,0010904,대한토지신탁,A123,관리신탁,66963130,147931862,부동산신탁,B,SM025,부문별 손익(수수료)
1001,201612,0010904,대한토지신탁,A124,처분신탁,5382581,162949986,부동산신탁,B,SM025,부문별 손익(수수료)
1002,201612,0010904,대한토지신탁,A125,담보신탁,1801712484,5122727289,부동산신탁,B,SM025,부문별 손익(수수료)
1003,201612,0010904,대한토지신탁,A126,분양관리신탁,57804081,289332634,부동산신탁,B,SM025,부문별 손익(수수료)
1004,201612,0010904,대한토지신탁,A127,기타,0,0,부동산신탁,B,SM025,부문별 손익(수수료)
1005,201612,0010904,대한토지신탁,A13,대리업무보수,229890910,1610945404,부동산신탁,B,SM025,부문별 손익(수수료)
1006,201612,0010904,대한토지신탁,A14,기타,0,0,부동산신탁,B,SM025,부문별 손익(수수료)
1007,201612,0010904,대한토지신탁,A2,수수료비용,0,0,부동산신탁,B,SM025,부문별 손익(수수료)
1008,201106,0012279,무궁화신탁,A,수수료손익,1314650987,2610655637,부동산신탁,B,SM025,부문별 손익(수수료)
1009,201106,0012279,무궁화신탁,A1,수수료수익,1314650987,2610655637,부동산신탁,B,SM025,부문별 손익(수수료)
1010,201106,0012279,무궁화신탁,A11,집합투자기구운용보수,0,0,부동산신탁,B,SM025,부문별 손익(수수료)
1011,201106,0012279,무궁화신탁,A12,신탁보수,1129192837,2299118557,부동산신탁,B,SM025,부문별 손익(수수료)
1012,201106,0012279,무궁화신탁,A121,금전신탁,0,0,부동산신탁,B,SM025,부문별 손익(수수료)
1013,201106,0012279,무궁화신탁,A122,토지신탁,361927815,644110531,부동산신탁,B,SM025,부문별 손익(수수료)
1014,201106,0012279,무궁화신탁,A123,관리신탁,10538461,32461539,부동산신탁,B,SM025,부문별 손익(수수료)
1015,201106,0012279,무궁화신탁,A124,처분신탁,337828148,386377217,부동산신탁,B,SM025,부문별 손익(수수료)
1016,201106,0012279,무궁화신탁,A125,담보신탁,339640000,1085508000,부동산신탁,B,SM025,부문별 손익(수수료)
1017,201106,0012279,무궁화신탁,A126,분양관리신탁,79258413,150661270,부동산신탁,B,SM025,부문별 손익(수수료)
1018,201106,0012279,무궁화신탁,A127,기타,0,0,부동산신탁,B,SM025,부문별 손익(수수료)
1019,201106,0012279,무궁화신탁,A13,대리업무보수,172124817,298203747,부동산신탁,B,SM025,부문별 손익(수수료)
1020,201106,0012279,무궁화신탁,A14,기타,13333333,13333333,부동산신탁,B,SM025,부문별 손익(수수료)
1021,201106,0012279,무궁화신탁,A2,수수료비용,0,0,부동산신탁,B,SM025,부문별 손익(수수료)
1022,201109,0012279,무궁화신탁,A,수수료손익,1076396664,3687052301,부동산신탁,B,SM025,부문별 손익(수수료)
1023,201109,0012279,무궁화신탁,A1,수수료수익,1076396664,3687052301,부동산신탁,B,SM025,부문별 손익(수수료)
1024,201109,0012279,무궁화신탁,A11,집합투자기구운용보수,0,0,부동산신탁,B,SM025,부문별 손익(수수료)
1025,201109,0012279,무궁화신탁,A12,신탁보수,885453135,3184571692,부동산신탁,B,SM025,부문별 손익(수수료)
1026,201109,0012279,무궁화신탁,A121,금전신탁,0,0,부동산신탁,B,SM025,부문별 손익(수수료)
1027,201109,0012279,무궁화신탁,A122,토지신탁,373370059,1017480590,부동산신탁,B,SM025,부문별 손익(수수료)
1028,201109,0012279,무궁화신탁,A123,관리신탁,6500000,38961539,부동산신탁,B,SM025,부문별 손익(수수료)
1029,201109,0012279,무궁화신탁,A124,처분신탁,58213553,444590770,부동산신탁,B,SM025,부문별 손익(수수료)
1030,201109,0012279,무궁화신탁,A125,담보신탁,360400000,1445908000,부동산신탁,B,SM025,부문별 손익(수수료)
1031,201109,0012279,무궁화신탁,A126,분양관리신탁,86969523,237630793,부동산신탁,B,SM025,부문별 손익(수수료)
1032,201109,0012279,무궁화신탁,A127,기타,0,0,부동산신탁,B,SM025,부문별 손익(수수료)
1033,201109,0012279,무궁화신탁,A13,대리업무보수,163026862,461230609,부동산신탁,B,SM025,부문별 손익(수수료)
1034,201109,0012279,무궁화신탁,A14,기타,27916667,41250000,부동산신탁,B,SM025,부문별 손익(수수료)
1035,201109,0012279,무궁화신탁,A2,수수료비용,0,0,부동산신탁,B,SM025,부문별 손익(수수료)
1036,201112,0012279,무궁화신탁,A,수수료손익,1677158025,5364210326,부동산신탁,B,SM025,부문별 손익(수수료)
1037,201112,0012279,무궁화신탁,A1,수수료수익,1677158025,5364210326,부동산신탁,B,SM025,부문별 손익(수수료)
1038,201112,0012279,무궁화신탁,A11,집합투자기구운용보수,0,0,부동산신탁,B,SM025,부문별 손익(수수료)
1039,201112,0012279,무궁화신탁,A12,신탁보수,1179205053,4363776745,부동산신탁,B,SM025,부문별 손익(수수료)
1040,201112,0012279,무궁화신탁,A121,금전신탁,0,0,부동산신탁,B,SM025,부문별 손익(수수료)
1041,201112,0012279,무궁화신탁,A122,토지신탁,298062342,1315542932,부동산신탁,B,SM025,부문별 손익(수수료)
1042,201112,0012279,무궁화신탁,A123,관리신탁,6719999,45681538,부동산신탁,B,SM025,부문별 손익(수수료)
1043,201112,0012279,무궁화신탁,A124,처분신탁,37147188,481737958,부동산신탁,B,SM025,부문별 손익(수수료)
1044,201112,0012279,무궁화신탁,A125,담보신탁,738306000,2184214000,부동산신탁,B,SM025,부문별 손익(수수료)
1045,201112,0012279,무궁화신탁,A126,분양관리신탁,98969524,336600317,부동산신탁,B,SM025,부문별 손익(수수료)
1046,201112,0012279,무궁화신탁,A127,기타,0,0,부동산신탁,B,SM025,부문별 손익(수수료)
1047,201112,0012279,무궁화신탁,A13,대리업무보수,305793882,767024491,부동산신탁,B,SM025,부문별 손익(수수료)
1048,201112,0012279,무궁화신탁,A14,기타,192159090,233409090,부동산신탁,B,SM025,부문별 손익(수수료)
1049,201112,0012279,무궁화신탁,A2,수수료비용,0,0,부동산신탁,B,SM025,부문별 손익(수수료)
1050,201203,0012279,무궁화신탁,A,수수료손익,1204862160,1204862160,부동산신탁,B,SM025,부문별 손익(수수료)
1051,201203,0012279,무궁화신탁,A1,수수료수익,1204862160,1204862160,부동산신탁,B,SM025,부문별 손익(수수료)
1052,201203,0012279,무궁화신탁,A11,집합투자기구운용보수,0,0,부동산신탁,B,SM025,부문별 손익(수수료)
1053,201203,0012279,무궁화신탁,A12,신탁보수,891124729,891124729,부동산신탁,B,SM025,부문별 손익(수수료)
1054,201203,0012279,무궁화신탁,A121,금전신탁,0,0,부동산신탁,B,SM025,부문별 손익(수수료)
1055,201203,0012279,무궁화신탁,A122,토지신탁,440435080,440435080,부동산신탁,B,SM025,부문별 손익(수수료)
1056,201203,0012279,무궁화신탁,A123,관리신탁,950769,950769,부동산신탁,B,SM025,부문별 손익(수수료)
1057,201203,0012279,무궁화신탁,A124,처분신탁,9654660,9654660,부동산신탁,B,SM025,부문별 손익(수수료)
1058,201203,0012279,무궁화신탁,A125,담보신탁,361506000,361506000,부동산신탁,B,SM025,부문별 손익(수수료)
1059,201203,0012279,무궁화신탁,A126,분양관리신탁,78578220,78578220,부동산신탁,B,SM025,부문별 손익(수수료)
1060,201203,0012279,무궁화신탁,A127,기타,0,0,부동산신탁,B,SM025,부문별 손익(수수료)
1061,201203,0012279,무궁화신탁,A13,대리업무보수,311787431,311787431,부동산신탁,B,SM025,부문별 손익(수수료)
1062,201203,0012279,무궁화신탁,A14,기타,1950000,1950000,부동산신탁,B,SM025,부문별 손익(수수료)
1063,201203,0012279,무궁화신탁,A2,수수료비용,0,0,부동산신탁,B,SM025,부문별 손익(수수료)
1064,201206,0012279,무궁화신탁,A,수수료손익,2217819014,3422681174,부동산신탁,B,SM025,부문별 손익(수수료)
1065,201206,0012279,무궁화신탁,A1,수수료수익,2217819014,3422681174,부동산신탁,B,SM025,부문별 손익(수수료)
1066,201206,0012279,무궁화신탁,A11,집합투자기구운용보수,0,0,부동산신탁,B,SM025,부문별 손익(수수료)
1067,201206,0012279,무궁화신탁,A12,신탁보수,1796389326,2687514055,부동산신탁,B,SM025,부문별 손익(수수료)
1068,201206,0012279,무궁화신탁,A121,금전신탁,0,0,부동산신탁,B,SM025,부문별 손익(수수료)
1069,201206,0012279,무궁화신탁,A122,토지신탁,387181946,827617026,부동산신탁,B,SM025,부문별 손익(수수료)
1070,201206,0012279,무궁화신탁,A123,관리신탁,950769,1901538,부동산신탁,B,SM025,부문별 손익(수수료)
1071,201206,0012279,무궁화신탁,A124,처분신탁,13995824,23650484,부동산신탁,B,SM025,부문별 손익(수수료)
1072,201206,0012279,무궁화신탁,A125,담보신탁,1282614000,1644120000,부동산신탁,B,SM025,부문별 손익(수수료)
1073,201206,0012279,무궁화신탁,A126,분양관리신탁,111646787,190225007,부동산신탁,B,SM025,부문별 손익(수수료)
1074,201206,0012279,무궁화신탁,A127,기타,0,0,부동산신탁,B,SM025,부문별 손익(수수료)
1075,201206,0012279,무궁화신탁,A13,대리업무보수,418079688,729867119,부동산신탁,B,SM025,부문별 손익(수수료)
1076,201206,0012279,무궁화신탁,A14,기타,3350000,5300000,부동산신탁,B,SM025,부문별 손익(수수료)
1077,201206,0012279,무궁화신탁,A2,수수료비용,0,0,부동산신탁,B,SM025,부문별 손익(수수료)
1078,201209,0012279,무궁화신탁,A,수수료손익,1791269092,5213950266,부동산신탁,B,SM025,부문별 손익(수수료)
1079,201209,0012279,무궁화신탁,A1,수수료수익,1791269092,5213950266,부동산신탁,B,SM025,부문별 손익(수수료)
1080,201209,0012279,무궁화신탁,A11,집합투자기구운용보수,0,0,부동산신탁,B,SM025,부문별 손익(수수료)
1081,201209,0012279,무궁화신탁,A12,신탁보수,1461291768,4148805823,부동산신탁,B,SM025,부문별 손익(수수료)
1082,201209,0012279,무궁화신탁,A121,금전신탁,0,0,부동산신탁,B,SM025,부문별 손익(수수료)
1083,201209,0012279,무궁화신탁,A122,토지신탁,466093207,1293710233,부동산신탁,B,SM025,부문별 손익(수수료)
1084,201209,0012279,무궁화신탁,A123,관리신탁,660001,2561539,부동산신탁,B,SM025,부문별 손익(수수료)
1085,201209,0012279,무궁화신탁,A124,처분신탁,9348989,32999473,부동산신탁,B,SM025,부문별 손익(수수료)
1086,201209,0012279,무궁화신탁,A125,담보신탁,870190000,2514310000,부동산신탁,B,SM025,부문별 손익(수수료)
1087,201209,0012279,무궁화신탁,A126,분양관리신탁,114999571,305224578,부동산신탁,B,SM025,부문별 손익(수수료)
1088,201209,0012279,무궁화신탁,A127,기타,0,0,부동산신탁,B,SM025,부문별 손익(수수료)
1089,201209,0012279,무궁화신탁,A13,대리업무보수,327677324,1057544443,부동산신탁,B,SM025,부문별 손익(수수료)
1090,201209,0012279,무궁화신탁,A14,기타,2300000,7600000,부동산신탁,B,SM025,부문별 손익(수수료)
1091,201209,0012279,무궁화신탁,A2,수수료비용,0,0,부동산신탁,B,SM025,부문별 손익(수수료)
1092,201212,0012279,무궁화신탁,A,수수료손익,1708803983,6922754249,부동산신탁,B,SM025,부문별 손익(수수료)
1093,201212,0012279,무궁화신탁,A1,수수료수익,1708803983,6922754249,부동산신탁,B,SM025,부문별 손익(수수료)
1094,201212,0012279,무궁화신탁,A11,집합투자기구운용보수,0,0,부동산신탁,B,SM025,부문별 손익(수수료)
1095,201212,0012279,무궁화신탁,A12,신탁보수,1218935313,5367741136,부동산신탁,B,SM025,부문별 손익(수수료)
1096,201212,0012279,무궁화신탁,A121,금전신탁,0,0,부동산신탁,B,SM025,부문별 손익(수수료)
1097,201212,0012279,무궁화신탁,A122,토지신탁,480291638,1774001871,부동산신탁,B,SM025,부문별 손익(수수료)
1098,201212,0012279,무궁화신탁,A123,관리신탁,276923,2838462,부동산신탁,B,SM025,부문별 손익(수수료)
1099,201212,0012279,무궁화신탁,A124,처분신탁,15925037,48924510,부동산신탁,B,SM025,부문별 손익(수수료)
1100,201212,0012279,무궁화신탁,A125,담보신탁,589227114,3103537114,부동산신탁,B,SM025,부문별 손익(수수료)
1101,201212,0012279,무궁화신탁,A126,분양관리신탁,133214601,438439179,부동산신탁,B,SM025,부문별 손익(수수료)
1102,201212,0012279,무궁화신탁,A127,기타,0,0,부동산신탁,B,SM025,부문별 손익(수수료)
1103,201212,0012279,무궁화신탁,A13,대리업무보수,486454384,1543998827,부동산신탁,B,SM025,부문별 손익(수수료)
1104,201212,0012279,무궁화신탁,A14,기타,3414286,11014286,부동산신탁,B,SM025,부문별 손익(수수료)
1105,201212,0012279,무궁화신탁,A2,수수료비용,0,0,부동산신탁,B,SM025,부문별 손익(수수료)
1106,201303,0012279,무궁화신탁,A,수수료손익,1777825071,1777825071,부동산신탁,B,SM025,부문별 손익(수수료)
1107,201303,0012279,무궁화신탁,A1,수수료수익,1777825071,1777825071,부동산신탁,B,SM025,부문별 손익(수수료)
1108,201303,0012279,무궁화신탁,A11,집합투자기구운용보수,0,0,부동산신탁,B,SM025,부문별 손익(수수료)
1109,201303,0012279,무궁화신탁,A12,신탁보수,1323851810,1323851810,부동산신탁,B,SM025,부문별 손익(수수료)
1110,201303,0012279,무궁화신탁,A121,금전신탁,0,0,부동산신탁,B,SM025,부문별 손익(수수료)
1111,201303,0012279,무궁화신탁,A122,토지신탁,662324561,662324561,부동산신탁,B,SM025,부문별 손익(수수료)
1112,201303,0012279,무궁화신탁,A123,관리신탁,646154,646154,부동산신탁,B,SM025,부문별 손익(수수료)
1113,201303,0012279,무궁화신탁,A124,처분신탁,7292858,7292858,부동산신탁,B,SM025,부문별 손익(수수료)
1114,201303,0012279,무궁화신탁,A125,담보신탁,511691233,511691233,부동산신탁,B,SM025,부문별 손익(수수료)
1115,201303,0012279,무궁화신탁,A126,분양관리신탁,141897004,141897004,부동산신탁,B,SM025,부문별 손익(수수료)
1116,201303,0012279,무궁화신탁,A127,기타,0, ,부동산신탁,B,SM025,부문별 손익(수수료)
1117,201303,0012279,무궁화신탁,A13,대리업무보수,449801833,449801833,부동산신탁,B,SM025,부문별 손익(수수료)
1118,201303,0012279,무궁화신탁,A14,기타,4171428,4171428,부동산신탁,B,SM025,부문별 손익(수수료)
1119,201303,0012279,무궁화신탁,A2,수수료비용,0,0,부동산신탁,B,SM025,부문별 손익(수수료)
1120,201306,0012279,무궁화신탁,A,수수료손익,2770344485,4548169556,부동산신탁,B,SM025,부문별 손익(수수료)
1121,201306,0012279,무궁화신탁,A1,수수료수익,2770344485,4548169556,부동산신탁,B,SM025,부문별 손익(수수료)
1122,201306,0012279,무궁화신탁,A11,집합투자기구운용보수,0,0,부동산신탁,B,SM025,부문별 손익(수수료)
1123,201306,0012279,무궁화신탁,A12,신탁보수,2061251457,3385103267,부동산신탁,B,SM025,부문별 손익(수수료)
1124,201306,0012279,무궁화신탁,A121,금전신탁,0,0,부동산신탁,B,SM025,부문별 손익(수수료)
1125,201306,0012279,무궁화신탁,A122,토지신탁,935970759,1598295320,부동산신탁,B,SM025,부문별 손익(수수료)
1126,201306,0012279,무궁화신탁,A123,관리신탁,692308,1338462,부동산신탁,B,SM025,부문별 손익(수수료)
1127,201306,0012279,무궁화신탁,A124,처분신탁,42308962,49601820,부동산신탁,B,SM025,부문별 손익(수수료)
1128,201306,0012279,무궁화신탁,A125,담보신탁,920067720,1431758953,부동산신탁,B,SM025,부문별 손익(수수료)
1129,201306,0012279,무궁화신탁,A126,분양관리신탁,162211708,304108712,부동산신탁,B,SM025,부문별 손익(수수료)
1130,201306,0012279,무궁화신탁,A127,기타,0, ,부동산신탁,B,SM025,부문별 손익(수수료)
1131,201306,0012279,무궁화신탁,A13,대리업무보수,535397789,985199622,부동산신탁,B,SM025,부문별 손익(수수료)
1132,201306,0012279,무궁화신탁,A14,기타,173695239,177866667,부동산신탁,B,SM025,부문별 손익(수수료)
1133,201306,0012279,무궁화신탁,A2,수수료비용,0,0,부동산신탁,B,SM025,부문별 손익(수수료)
1134,201309,0012279,무궁화신탁,A,수수료손익,1851710646,6399880202,부동산신탁,B,SM025,부문별 손익(수수료)
1135,201309,0012279,무궁화신탁,A1,수수료수익,1851710646,6399880202,부동산신탁,B,SM025,부문별 손익(수수료)
1136,201309,0012279,무궁화신탁,A11,집합투자기구운용보수,0,0,부동산신탁,B,SM025,부문별 손익(수수료)
1137,201309,0012279,무궁화신탁,A12,신탁보수,1192335711,4577438978,부동산신탁,B,SM025,부문별 손익(수수료)
1138,201309,0012279,무궁화신탁,A121,금전신탁,0,0,부동산신탁,B,SM025,부문별 손익(수수료)
1139,201309,0012279,무궁화신탁,A122,토지신탁,390556410,1988851730,부동산신탁,B,SM025,부문별 손익(수수료)
1140,201309,0012279,무궁화신탁,A123,관리신탁,11700000,13038462,부동산신탁,B,SM025,부문별 손익(수수료)
1141,201309,0012279,무궁화신탁,A124,처분신탁,24517877,74119697,부동산신탁,B,SM025,부문별 손익(수수료)
1142,201309,0012279,무궁화신탁,A125,담보신탁,604822041,2036580994,부동산신탁,B,SM025,부문별 손익(수수료)
1143,201309,0012279,무궁화신탁,A126,분양관리신탁,160739383,464848095,부동산신탁,B,SM025,부문별 손익(수수료)
1144,201309,0012279,무궁화신탁,A127,기타,0,0,부동산신탁,B,SM025,부문별 손익(수수료)
1145,201309,0012279,무궁화신탁,A13,대리업무보수,521155888,1506355510,부동산신탁,B,SM025,부문별 손익(수수료)
1146,201309,0012279,무궁화신탁,A14,기타,138219047,316085714,부동산신탁,B,SM025,부문별 손익(수수료)
1147,201309,0012279,무궁화신탁,A2,수수료비용,0,0,부동산신탁,B,SM025,부문별 손익(수수료)
1148,201312,0012279,무궁화신탁,A,수수료손익,1899820119,8299700321,부동산신탁,B,SM025,부문별 손익(수수료)
1149,201312,0012279,무궁화신탁,A1,수수료수익,1899820119,8299700321,부동산신탁,B,SM025,부문별 손익(수수료)
1150,201312,0012279,무궁화신탁,A11,집합투자기구운용보수,0,0,부동산신탁,B,SM025,부문별 손익(수수료)
1151,201312,0012279,무궁화신탁,A12,신탁보수,1340299431,5917738409,부동산신탁,B,SM025,부문별 손익(수수료)
1152,201312,0012279,무궁화신탁,A121,금전신탁,0,0,부동산신탁,B,SM025,부문별 손익(수수료)
1153,201312,0012279,무궁화신탁,A122,토지신탁,-31264631,1957587099,부동산신탁,B,SM025,부문별 손익(수수료)
1154,201312,0012279,무궁화신탁,A123,관리신탁,15511539,28550001,부동산신탁,B,SM025,부문별 손익(수수료)
1155,201312,0012279,무궁화신탁,A124,처분신탁,214213747,288333444,부동산신탁,B,SM025,부문별 손익(수수료)
1156,201312,0012279,무궁화신탁,A125,담보신탁,957799179,2994380173,부동산신탁,B,SM025,부문별 손익(수수료)
1157,201312,0012279,무궁화신탁,A126,분양관리신탁,184039597,648887692,부동산신탁,B,SM025,부문별 손익(수수료)
1158,201312,0012279,무궁화신탁,A127,기타,0,0,부동산신탁,B,SM025,부문별 손익(수수료)
1159,201312,0012279,무궁화신탁,A13,대리업무보수,548420688,2054776198,부동산신탁,B,SM025,부문별 손익(수수료)
1160,201312,0012279,무궁화신탁,A14,기타,11100000,327185714,부동산신탁,B,SM025,부문별 손익(수수료)
1161,201312,0012279,무궁화신탁,A2,수수료비용,0,0,부동산신탁,B,SM025,부문별 손익(수수료)
1162,201403,0012279,무궁화신탁,A,수수료손익,2070977297,2070977297,부동산신탁,B,SM025,부문별 손익(수수료)
1163,201403,0012279,무궁화신탁,A1,수수료수익,2070977297,2070977297,부동산신탁,B,SM025,부문별 손익(수수료)
1164,201403,0012279,무궁화신탁,A11,집합투자기구운용보수,0,0,부동산신탁,B,SM025,부문별 손익(수수료)
1165,201403,0012279,무궁화신탁,A12,신탁보수,1543420897,1543420897,부동산신탁,B,SM025,부문별 손익(수수료)
1166,201403,0012279,무궁화신탁,A121,금전신탁,0,0,부동산신탁,B,SM025,부문별 손익(수수료)
1167,201403,0012279,무궁화신탁,A122,토지신탁,521383657,521383657,부동산신탁,B,SM025,부문별 손익(수수료)
1168,201403,0012279,무궁화신탁,A123,관리신탁,18588461,18588461,부동산신탁,B,SM025,부문별 손익(수수료)
1169,201403,0012279,무궁화신탁,A124,처분신탁,47397027,47397027,부동산신탁,B,SM025,부문별 손익(수수료)
1170,201403,0012279,무궁화신탁,A125,담보신탁,754393182,754393182,부동산신탁,B,SM025,부문별 손익(수수료)
1171,201403,0012279,무궁화신탁,A126,분양관리신탁,201658570,201658570,부동산신탁,B,SM025,부문별 손익(수수료)
1172,201403,0012279,무궁화신탁,A127,기타,0,0,부동산신탁,B,SM025,부문별 손익(수수료)
1173,201403,0012279,무궁화신탁,A13,대리업무보수,523858186,523858186,부동산신탁,B,SM025,부문별 손익(수수료)
1174,201403,0012279,무궁화신탁,A14,기타,3698214,3698214,부동산신탁,B,SM025,부문별 손익(수수료)
1175,201403,0012279,무궁화신탁,A2,수수료비용,0,0,부동산신탁,B,SM025,부문별 손익(수수료)
1176,201406,0012279,무궁화신탁,A,수수료손익,2530926496,4601903793,부동산신탁,B,SM025,부문별 손익(수수료)
1177,201406,0012279,무궁화신탁,A1,수수료수익,2530926496,4601903793,부동산신탁,B,SM025,부문별 손익(수수료)
1178,201406,0012279,무궁화신탁,A11,집합투자기구운용보수,0,0,부동산신탁,B,SM025,부문별 손익(수수료)
1179,201406,0012279,무궁화신탁,A12,신탁보수,2008642974,3552063871,부동산신탁,B,SM025,부문별 손익(수수료)
1180,201406,0012279,무궁화신탁,A121,금전신탁,0,0,부동산신탁,B,SM025,부문별 손익(수수료)
1181,201406,0012279,무궁화신탁,A122,토지신탁,589909811,1111293468,부동산신탁,B,SM025,부문별 손익(수수료)
1182,201406,0012279,무궁화신탁,A123,관리신탁,32011539,50600000,부동산신탁,B,SM025,부문별 손익(수수료)
1183,201406,0012279,무궁화신탁,A124,처분신탁,49431535,96828562,부동산신탁,B,SM025,부문별 손익(수수료)
1184,201406,0012279,무궁화신탁,A125,담보신탁,1055346178,1809739360,부동산신탁,B,SM025,부문별 손익(수수료)
1185,201406,0012279,무궁화신탁,A126,분양관리신탁,281943911,483602481,부동산신탁,B,SM025,부문별 손익(수수료)
1186,201406,0012279,무궁화신탁,A127,기타,0,0,부동산신탁,B,SM025,부문별 손익(수수료)
1187,201406,0012279,무궁화신탁,A13,대리업무보수,513118641,1036976827,부동산신탁,B,SM025,부문별 손익(수수료)
1188,201406,0012279,무궁화신탁,A14,기타,9164881,12863095,부동산신탁,B,SM025,부문별 손익(수수료)
1189,201406,0012279,무궁화신탁,A2,수수료비용,0,0,부동산신탁,B,SM025,부문별 손익(수수료)
1190,201409,0012279,무궁화신탁,A,수수료손익,2713491786,7315395579,부동산신탁,B,SM025,부문별 손익(수수료)
1191,201409,0012279,무궁화신탁,A1,수수료수익,2713491786,7315395579,부동산신탁,B,SM025,부문별 손익(수수료)
1192,201409,0012279,무궁화신탁,A11,집합투자기구운용보수,0,0,부동산신탁,B,SM025,부문별 손익(수수료)
1193,201409,0012279,무궁화신탁,A12,신탁보수,2077800886,5629864757,부동산신탁,B,SM025,부문별 손익(수수료)
1194,201409,0012279,무궁화신탁,A121,금전신탁,0,0,부동산신탁,B,SM025,부문별 손익(수수료)
1195,201409,0012279,무궁화신탁,A122,토지신탁,582927063,1694220531,부동산신탁,B,SM025,부문별 손익(수수료)
1196,201409,0012279,무궁화신탁,A123,관리신탁,42800000,93400000,부동산신탁,B,SM025,부문별 손익(수수료)
1197,201409,0012279,무궁화신탁,A124,처분신탁,17014902,113843464,부동산신탁,B,SM025,부문별 손익(수수료)
1198,201409,0012279,무궁화신탁,A125,담보신탁,1198566232,3008305592,부동산신탁,B,SM025,부문별 손익(수수료)
1199,201409,0012279,무궁화신탁,A126,분양관리신탁,236492689,720095170,부동산신탁,B,SM025,부문별 손익(수수료)
1200,201409,0012279,무궁화신탁,A127,기타,0, ,부동산신탁,B,SM025,부문별 손익(수수료)
1201,201409,0012279,무궁화신탁,A13,대리업무보수,619702027,1656678854,부동산신탁,B,SM025,부문별 손익(수수료)
1202,201409,0012279,무궁화신탁,A14,기타,15988873,28851968,부동산신탁,B,SM025,부문별 손익(수수료)
1203,201409,0012279,무궁화신탁,A2,수수료비용,0,0,부동산신탁,B,SM025,부문별 손익(수수료)
1204,201412,0012279,무궁화신탁,A,수수료손익,3261466842,10576862421,부동산신탁,B,SM025,부문별 손익(수수료)
1205,201412,0012279,무궁화신탁,A1,수수료수익,3261466842,10576862421,부동산신탁,B,SM025,부문별 손익(수수료)
1206,201412,0012279,무궁화신탁,A11,집합투자기구운용보수,0,0,부동산신탁,B,SM025,부문별 손익(수수료)
1207,201412,0012279,무궁화신탁,A12,신탁보수,2291380845,7921245602,부동산신탁,B,SM025,부문별 손익(수수료)
1208,201412,0012279,무궁화신탁,A121,금전신탁,0,0,부동산신탁,B,SM025,부문별 손익(수수료)
1209,201412,0012279,무궁화신탁,A122,토지신탁,745547109,2439767640,부동산신탁,B,SM025,부문별 손익(수수료)
1210,201412,0012279,무궁화신탁,A123,관리신탁,60165383,153565383,부동산신탁,B,SM025,부문별 손익(수수료)
1211,201412,0012279,무궁화신탁,A124,처분신탁,35064780,148908244,부동산신탁,B,SM025,부문별 손익(수수료)
1212,201412,0012279,무궁화신탁,A125,담보신탁,1163537382,4171842974,부동산신탁,B,SM025,부문별 손익(수수료)
1213,201412,0012279,무궁화신탁,A126,분양관리신탁,287066191,1007161361,부동산신탁,B,SM025,부문별 손익(수수료)
1214,201412,0012279,무궁화신탁,A127,기타,0,0,부동산신탁,B,SM025,부문별 손익(수수료)
1215,201412,0012279,무궁화신탁,A13,대리업무보수,636322947,2293001801,부동산신탁,B,SM025,부문별 손익(수수료)
1216,201412,0012279,무궁화신탁,A14,기타,333763050,362615018,부동산신탁,B,SM025,부문별 손익(수수료)
1217,201412,0012279,무궁화신탁,A2,수수료비용,0,0,부동산신탁,B,SM025,부문별 손익(수수료)
1218,201503,0012279,무궁화신탁,A,수수료손익,4035099024,4035099024,부동산신탁,B,SM025,부문별 손익(수수료)
1219,201503,0012279,무궁화신탁,A1,수수료수익,4035099024,4035099024,부동산신탁,B,SM025,부문별 손익(수수료)
1220,201503,0012279,무궁화신탁,A11,집합투자기구운용보수,0,0,부동산신탁,B,SM025,부문별 손익(수수료)
1221,201503,0012279,무궁화신탁,A12,신탁보수,3044826438,3044826438,부동산신탁,B,SM025,부문별 손익(수수료)
1222,201503,0012279,무궁화신탁,A121,금전신탁,0,0,부동산신탁,B,SM025,부문별 손익(수수료)
1223,201503,0012279,무궁화신탁,A122,토지신탁,1186848243,1186848243,부동산신탁,B,SM025,부문별 손익(수수료)
1224,201503,0012279,무궁화신탁,A123,관리신탁,42892055,42892055,부동산신탁,B,SM025,부문별 손익(수수료)
1225,201503,0012279,무궁화신탁,A124,처분신탁,57326460,57326460,부동산신탁,B,SM025,부문별 손익(수수료)
1226,201503,0012279,무궁화신탁,A125,담보신탁,1401260304,1401260304,부동산신탁,B,SM025,부문별 손익(수수료)
1227,201503,0012279,무궁화신탁,A126,분양관리신탁,356499376,356499376,부동산신탁,B,SM025,부문별 손익(수수료)
1228,201503,0012279,무궁화신탁,A127,기타,0,0,부동산신탁,B,SM025,부문별 손익(수수료)
1229,201503,0012279,무궁화신탁,A13,대리업무보수,982446350,982446350,부동산신탁,B,SM025,부문별 손익(수수료)
1230,201503,0012279,무궁화신탁,A14,기타,7826236,7826236,부동산신탁,B,SM025,부문별 손익(수수료)
1231,201503,0012279,무궁화신탁,A2,수수료비용,0,0,부동산신탁,B,SM025,부문별 손익(수수료)
1232,201506,0012279,무궁화신탁,A,수수료손익,4369549472,8404648496,부동산신탁,B,SM025,부문별 손익(수수료)
1233,201506,0012279,무궁화신탁,A1,수수료수익,4369549472,8404648496,부동산신탁,B,SM025,부문별 손익(수수료)
1234,201506,0012279,무궁화신탁,A11,집합투자기구운용보수,0,0,부동산신탁,B,SM025,부문별 손익(수수료)
1235,201506,0012279,무궁화신탁,A12,신탁보수,3069257693,6114084131,부동산신탁,B,SM025,부문별 손익(수수료)
1236,201506,0012279,무궁화신탁,A121,금전신탁,0,0,부동산신탁,B,SM025,부문별 손익(수수료)
1237,201506,0012279,무궁화신탁,A122,토지신탁,1246421001,2433269244,부동산신탁,B,SM025,부문별 손익(수수료)
1238,201506,0012279,무궁화신탁,A123,관리신탁,52328319,95220374,부동산신탁,B,SM025,부문별 손익(수수료)
1239,201506,0012279,무궁화신탁,A124,처분신탁,26988535,84314995,부동산신탁,B,SM025,부문별 손익(수수료)
1240,201506,0012279,무궁화신탁,A125,담보신탁,1368988972,2770249276,부동산신탁,B,SM025,부문별 손익(수수료)
1241,201506,0012279,무궁화신탁,A126,분양관리신탁,374530866,731030242,부동산신탁,B,SM025,부문별 손익(수수료)
1242,201506,0012279,무궁화신탁,A127,기타,0, ,부동산신탁,B,SM025,부문별 손익(수수료)
1243,201506,0012279,무궁화신탁,A13,대리업무보수,1282198141,2264644491,부동산신탁,B,SM025,부문별 손익(수수료)
1244,201506,0012279,무궁화신탁,A14,기타,18093638,25919874,부동산신탁,B,SM025,부문별 손익(수수료)
1245,201506,0012279,무궁화신탁,A2,수수료비용,0,0,부동산신탁,B,SM025,부문별 손익(수수료)
1246,201509,0012279,무궁화신탁,A,수수료손익,5004904684,13409553180,부동산신탁,B,SM025,부문별 손익(수수료)
1247,201509,0012279,무궁화신탁,A1,수수료수익,5004904684,13409553180,부동산신탁,B,SM025,부문별 손익(수수료)
1248,201509,0012279,무궁화신탁,A11,집합투자기구운용보수,0,0,부동산신탁,B,SM025,부문별 손익(수수료)
1249,201509,0012279,무궁화신탁,A12,신탁보수,3614346533,9728430664,부동산신탁,B,SM025,부문별 손익(수수료)
1250,201509,0012279,무궁화신탁,A121,금전신탁,0,0,부동산신탁,B,SM025,부문별 손익(수수료)
1251,201509,0012279,무궁화신탁,A122,토지신탁,1342612779,3775882023,부동산신탁,B,SM025,부문별 손익(수수료)
1252,201509,0012279,무궁화신탁,A123,관리신탁,29800849,125021223,부동산신탁,B,SM025,부문별 손익(수수료)
1253,201509,0012279,무궁화신탁,A124,처분신탁,11189106,95504101,부동산신탁,B,SM025,부문별 손익(수수료)
1254,201509,0012279,무궁화신탁,A125,담보신탁,1718117887,4488367163,부동산신탁,B,SM025,부문별 손익(수수료)
1255,201509,0012279,무궁화신탁,A126,분양관리신탁,512625912,1243656154,부동산신탁,B,SM025,부문별 손익(수수료)
1256,201509,0012279,무궁화신탁,A127,기타,0,0,부동산신탁,B,SM025,부문별 손익(수수료)
1257,201509,0012279,무궁화신탁,A13,대리업무보수,1361836311,3626480802,부동산신탁,B,SM025,부문별 손익(수수료)
1258,201509,0012279,무궁화신탁,A14,기타,28721840,54641714,부동산신탁,B,SM025,부문별 손익(수수료)
1259,201509,0012279,무궁화신탁,A2,수수료비용,0,0,부동산신탁,B,SM025,부문별 손익(수수료)
1260,201512,0012279,무궁화신탁,A,수수료손익,4909935246,18319488426,부동산신탁,B,SM025,부문별 손익(수수료)
1261,201512,0012279,무궁화신탁,A1,수수료수익,4909935246,18319488426,부동산신탁,B,SM025,부문별 손익(수수료)
1262,201512,0012279,무궁화신탁,A11,집합투자기구운용보수,0,0,부동산신탁,B,SM025,부문별 손익(수수료)
1263,201512,0012279,무궁화신탁,A12,신탁보수,3522634194,13251064858,부동산신탁,B,SM025,부문별 손익(수수료)
1264,201512,0012279,무궁화신탁,A121,금전신탁,0,0,부동산신탁,B,SM025,부문별 손익(수수료)
1265,201512,0012279,무궁화신탁,A122,토지신탁,1574399025,5350281048,부동산신탁,B,SM025,부문별 손익(수수료)
1266,201512,0012279,무궁화신탁,A123,관리신탁,37435461,162456684,부동산신탁,B,SM025,부문별 손익(수수료)
1267,201512,0012279,무궁화신탁,A124,처분신탁,43957654,139461755,부동산신탁,B,SM025,부문별 손익(수수료)
1268,201512,0012279,무궁화신탁,A125,담보신탁,1259516572,5747883735,부동산신탁,B,SM025,부문별 손익(수수료)
1269,201512,0012279,무궁화신탁,A126,분양관리신탁,607325482,1850981636,부동산신탁,B,SM025,부문별 손익(수수료)
1270,201512,0012279,무궁화신탁,A127,기타,0, ,부동산신탁,B,SM025,부문별 손익(수수료)
1271,201512,0012279,무궁화신탁,A13,대리업무보수,1373487867,4999968669,부동산신탁,B,SM025,부문별 손익(수수료)
1272,201512,0012279,무궁화신탁,A14,기타,13813185,68454899,부동산신탁,B,SM025,부문별 손익(수수료)
1273,201512,0012279,무궁화신탁,A2,수수료비용,0,0,부동산신탁,B,SM025,부문별 손익(수수료)
1274,201603,0012279,무궁화신탁,A,수수료손익,5379134667,5379134667,부동산신탁,B,SM025,부문별 손익(수수료)
1275,201603,0012279,무궁화신탁,A1,수수료수익,5379134667,5379134667,부동산신탁,B,SM025,부문별 손익(수수료)
1276,201603,0012279,무궁화신탁,A11,집합투자기구운용보수,0,0,부동산신탁,B,SM025,부문별 손익(수수료)
1277,201603,0012279,무궁화신탁,A12,신탁보수,3749217963,3749217963,부동산신탁,B,SM025,부문별 손익(수수료)
1278,201603,0012279,무궁화신탁,A121,금전신탁,0,0,부동산신탁,B,SM025,부문별 손익(수수료)
1279,201603,0012279,무궁화신탁,A122,토지신탁,1465815132,1465815132,부동산신탁,B,SM025,부문별 손익(수수료)
1280,201603,0012279,무궁화신탁,A123,관리신탁,45418979,45418979,부동산신탁,B,SM025,부문별 손익(수수료)
1281,201603,0012279,무궁화신탁,A124,처분신탁,36366438,36366438,부동산신탁,B,SM025,부문별 손익(수수료)
1282,201603,0012279,무궁화신탁,A125,담보신탁,1586359029,1586359029,부동산신탁,B,SM025,부문별 손익(수수료)
1283,201603,0012279,무궁화신탁,A126,분양관리신탁,615258385,615258385,부동산신탁,B,SM025,부문별 손익(수수료)
1284,201603,0012279,무궁화신탁,A127,기타,0, ,부동산신탁,B,SM025,부문별 손익(수수료)
1285,201603,0012279,무궁화신탁,A13,대리업무보수,1613646787,1613646787,부동산신탁,B,SM025,부문별 손익(수수료)
1286,201603,0012279,무궁화신탁,A14,기타,16269917,16269917,부동산신탁,B,SM025,부문별 손익(수수료)
1287,201603,0012279,무궁화신탁,A2,수수료비용,0,0,부동산신탁,B,SM025,부문별 손익(수수료)
1288,201606,0012279,무궁화신탁,A,수수료손익,6503576563,11882711230,부동산신탁,B,SM025,부문별 손익(수수료)
1289,201606,0012279,무궁화신탁,A1,수수료수익,6503576563,11882711230,부동산신탁,B,SM025,부문별 손익(수수료)
1290,201606,0012279,무궁화신탁,A11,집합투자기구운용보수,0,0,부동산신탁,B,SM025,부문별 손익(수수료)
1291,201606,0012279,무궁화신탁,A12,신탁보수,4631443448,8380661411,부동산신탁,B,SM025,부문별 손익(수수료)
1292,201606,0012279,무궁화신탁,A121,금전신탁,0,0,부동산신탁,B,SM025,부문별 손익(수수료)
1293,201606,0012279,무궁화신탁,A122,토지신탁,1383488845,2849303977,부동산신탁,B,SM025,부문별 손익(수수료)
1294,201606,0012279,무궁화신탁,A123,관리신탁,14418978,59837957,부동산신탁,B,SM025,부문별 손익(수수료)
1295,201606,0012279,무궁화신탁,A124,처분신탁,4250000,40616438,부동산신탁,B,SM025,부문별 손익(수수료)
1296,201606,0012279,무궁화신탁,A125,담보신탁,2521017460,4107376489,부동산신탁,B,SM025,부문별 손익(수수료)
1297,201606,0012279,무궁화신탁,A126,분양관리신탁,708268165,1323526550,부동산신탁,B,SM025,부문별 손익(수수료)
1298,201606,0012279,무궁화신탁,A127,기타,0, ,부동산신탁,B,SM025,부문별 손익(수수료)
1299,201606,0012279,무궁화신탁,A13,대리업무보수,1859119607,3472766394,부동산신탁,B,SM025,부문별 손익(수수료)
1300,201606,0012279,무궁화신탁,A14,기타,13013508,29283425,부동산신탁,B,SM025,부문별 손익(수수료)
1301,201606,0012279,무궁화신탁,A2,수수료비용,0,0,부동산신탁,B,SM025,부문별 손익(수수료)
1302,201609,0012279,무궁화신탁,A,수수료손익,5297798604,17180509834,부동산신탁,B,SM025,부문별 손익(수수료)
1303,201609,0012279,무궁화신탁,A1,수수료수익,5297798604,17180509834,부동산신탁,B,SM025,부문별 손익(수수료)
1304,201609,0012279,무궁화신탁,A11,집합투자기구운용보수,0,0,부동산신탁,B,SM025,부문별 손익(수수료)
1305,201609,0012279,무궁화신탁,A12,신탁보수,3337851701,11718513112,부동산신탁,B,SM025,부문별 손익(수수료)
1306,201609,0012279,무궁화신탁,A121,금전신탁,0,0,부동산신탁,B,SM025,부문별 손익(수수료)
1307,201609,0012279,무궁화신탁,A122,토지신탁,1432699637,4282003614,부동산신탁,B,SM025,부문별 손익(수수료)
1308,201609,0012279,무궁화신탁,A123,관리신탁,16707440,76545397,부동산신탁,B,SM025,부문별 손익(수수료)
1309,201609,0012279,무궁화신탁,A124,처분신탁,27000000,67616438,부동산신탁,B,SM025,부문별 손익(수수료)
1310,201609,0012279,무궁화신탁,A125,담보신탁,1106289628,5213666117,부동산신탁,B,SM025,부문별 손익(수수료)
1311,201609,0012279,무궁화신탁,A126,분양관리신탁,755154996,2078681546,부동산신탁,B,SM025,부문별 손익(수수료)
1312,201609,0012279,무궁화신탁,A127,기타,0, ,부동산신탁,B,SM025,부문별 손익(수수료)
1313,201609,0012279,무궁화신탁,A13,대리업무보수,1899713615,5372480009,부동산신탁,B,SM025,부문별 손익(수수료)
1314,201609,0012279,무궁화신탁,A14,기타,60233288,89516713,부동산신탁,B,SM025,부문별 손익(수수료)
1315,201609,0012279,무궁화신탁,A2,수수료비용,0,0,부동산신탁,B,SM025,부문별 손익(수수료)
1316,201612,0012279,무궁화신탁,A,수수료손익,8392598030,25573107864,부동산신탁,B,SM025,부문별 손익(수수료)
1317,201612,0012279,무궁화신탁,A1,수수료수익,8392598030,25573107864,부동산신탁,B,SM025,부문별 손익(수수료)
1318,201612,0012279,무궁화신탁,A11,집합투자기구운용보수,0,0,부동산신탁,B,SM025,부문별 손익(수수료)
1319,201612,0012279,무궁화신탁,A12,신탁보수,6252464950,17970978062,부동산신탁,B,SM025,부문별 손익(수수료)
1320,201612,0012279,무궁화신탁,A121,금전신탁,0,0,부동산신탁,B,SM025,부문별 손익(수수료)
1321,201612,0012279,무궁화신탁,A122,토지신탁,1649161102,5931164716,부동산신탁,B,SM025,부문별 손익(수수료)
1322,201612,0012279,무궁화신탁,A123,관리신탁,15635745,92181142,부동산신탁,B,SM025,부문별 손익(수수료)
1323,201612,0012279,무궁화신탁,A124,처분신탁,11233100,78849538,부동산신탁,B,SM025,부문별 손익(수수료)
1324,201612,0012279,무궁화신탁,A125,담보신탁,3823568327,9037234444,부동산신탁,B,SM025,부문별 손익(수수료)
1325,201612,0012279,무궁화신탁,A126,분양관리신탁,752866676,2831548222,부동산신탁,B,SM025,부문별 손익(수수료)
1326,201612,0012279,무궁화신탁,A127,기타,0,0,부동산신탁,B,SM025,부문별 손익(수수료)
1327,201612,0012279,무궁화신탁,A13,대리업무보수,2127287468,7499767477,부동산신탁,B,SM025,부문별 손익(수수료)
1328,201612,0012279,무궁화신탁,A14,기타,12845612,102362325,부동산신탁,B,SM025,부문별 손익(수수료)
1329,201612,0012279,무궁화신탁,A2,수수료비용,0,0,부동산신탁,B,SM025,부문별 손익(수수료)
1330,200903,0011877,신한자산신탁주식회사,A,수수료손익,1868263845,1868263845,부동산신탁,B,SM025,부문별 손익(수수료)
1331,200903,0011877,신한자산신탁주식회사,A1,수수료수익,1868263845,1868263845,부동산신탁,B,SM025,부문별 손익(수수료)
1332,200903,0011877,신한자산신탁주식회사,A11,집합투자기구운용보수,0,0,부동산신탁,B,SM025,부문별 손익(수수료)
1333,200903,0011877,신한자산신탁주식회사,A12,신탁보수,1322139739,1322139739,부동산신탁,B,SM025,부문별 손익(수수료)
1334,200903,0011877,신한자산신탁주식회사,A121,금전신탁,0,0,부동산신탁,B,SM025,부문별 손익(수수료)
1335,200903,0011877,신한자산신탁주식회사,A122,토지신탁,357211621,357211621,부동산신탁,B,SM025,부문별 손익(수수료)
1336,200903,0011877,신한자산신탁주식회사,A123,관리신탁,109028118,109028118,부동산신탁,B,SM025,부문별 손익(수수료)
1337,200903,0011877,신한자산신탁주식회사,A124,처분신탁,5500000,5500000,부동산신탁,B,SM025,부문별 손익(수수료)
1338,200903,0011877,신한자산신탁주식회사,A125,담보신탁,850400000,850400000,부동산신탁,B,SM025,부문별 손익(수수료)
1339,200903,0011877,신한자산신탁주식회사,A126,분양관리신탁,0,0,부동산신탁,B,SM025,부문별 손익(수수료)
1340,200903,0011877,신한자산신탁주식회사,A127,기타,0,0,부동산신탁,B,SM025,부문별 손익(수수료)
1341,200903,0011877,신한자산신탁주식회사,A13,대리업무보수,536124106,536124106,부동산신탁,B,SM025,부문별 손익(수수료)
1342,200903,0011877,신한자산신탁주식회사,A14,기타,10000000,10000000,부동산신탁,B,SM025,부문별 손익(수수료)
1343,200903,0011877,신한자산신탁주식회사,A2,수수료비용,0,0,부동산신탁,B,SM025,부문별 손익(수수료)
1344,201106,0011877,신한자산신탁주식회사,A,수수료손익,10552875987,10552875987,부동산신탁,B,SM025,부문별 손익(수수료)
1345,201106,0011877,신한자산신탁주식회사,A1,수수료수익,10552875987,10552875987,부동산신탁,B,SM025,부문별 손익(수수료)
1346,201106,0011877,신한자산신탁주식회사,A11,집합투자기구운용보수,0,0,부동산신탁,B,SM025,부문별 손익(수수료)
1347,201106,0011877,신한자산신탁주식회사,A12,신탁보수,9134696435,9134696435,부동산신탁,B,SM025,부문별 손익(수수료)
1348,201106,0011877,신한자산신탁주식회사,A121,금전신탁,0,0,부동산신탁,B,SM025,부문별 손익(수수료)
1349,201106,0011877,신한자산신탁주식회사,A122,토지신탁,3519152972,3519152972,부동산신탁,B,SM025,부문별 손익(수수료)
1350,201106,0011877,신한자산신탁주식회사,A123,관리신탁,119307393,119307393,부동산신탁,B,SM025,부문별 손익(수수료)
1351,201106,0011877,신한자산신탁주식회사,A124,처분신탁,72636671,72636671,부동산신탁,B,SM025,부문별 손익(수수료)
1352,201106,0011877,신한자산신탁주식회사,A125,담보신탁,3308250836,3308250836,부동산신탁,B,SM025,부문별 손익(수수료)
1353,201106,0011877,신한자산신탁주식회사,A126,분양관리신탁,2115348563,2115348563,부동산신탁,B,SM025,부문별 손익(수수료)
1354,201106,0011877,신한자산신탁주식회사,A127,기타,0,0,부동산신탁,B,SM025,부문별 손익(수수료)
1355,201106,0011877,신한자산신탁주식회사,A13,대리업무보수,1395322414,1395322414,부동산신탁,B,SM025,부문별 손익(수수료)
1356,201106,0011877,신한자산신탁주식회사,A14,기타,22857138,22857138,부동산신탁,B,SM025,부문별 손익(수수료)
1357,201106,0011877,신한자산신탁주식회사,A2,수수료비용,0,0,부동산신탁,B,SM025,부문별 손익(수수료)
1358,201109,0011877,신한자산신탁주식회사,A,수수료손익,4982540489,15535416476,부동산신탁,B,SM025,부문별 손익(수수료)
1359,201109,0011877,신한자산신탁주식회사,A1,수수료수익,4982540489,15535416476,부동산신탁,B,SM025,부문별 손익(수수료)
1360,201109,0011877,신한자산신탁주식회사,A11,집합투자기구운용보수,0,0,부동산신탁,B,SM025,부문별 손익(수수료)
1361,201109,0011877,신한자산신탁주식회사,A12,신탁보수,4297139481,13431835916,부동산신탁,B,SM025,부문별 손익(수수료)
1362,201109,0011877,신한자산신탁주식회사,A121,금전신탁,0,0,부동산신탁,B,SM025,부문별 손익(수수료)
1363,201109,0011877,신한자산신탁주식회사,A122,토지신탁,1931572872,5450725844,부동산신탁,B,SM025,부문별 손익(수수료)
1364,201109,0011877,신한자산신탁주식회사,A123,관리신탁,24677699,143985092,부동산신탁,B,SM025,부문별 손익(수수료)
1365,201109,0011877,신한자산신탁주식회사,A124,처분신탁,17233331,89870002,부동산신탁,B,SM025,부문별 손익(수수료)
1366,201109,0011877,신한자산신탁주식회사,A125,담보신탁,1409795206,4718046042,부동산신탁,B,SM025,부문별 손익(수수료)
1367,201109,0011877,신한자산신탁주식회사,A126,분양관리신탁,913860373,3029208936,부동산신탁,B,SM025,부문별 손익(수수료)
1368,201109,0011877,신한자산신탁주식회사,A127,기타,0,0,부동산신탁,B,SM025,부문별 손익(수수료)
1369,201109,0011877,신한자산신탁주식회사,A13,대리업무보수,579340404,1974662818,부동산신탁,B,SM025,부문별 손익(수수료)
1370,201109,0011877,신한자산신탁주식회사,A14,기타,106060604,128917742,부동산신탁,B,SM025,부문별 손익(수수료)
1371,201109,0011877,신한자산신탁주식회사,A2,수수료비용,0,0,부동산신탁,B,SM025,부문별 손익(수수료)
1372,201112,0011877,신한자산신탁주식회사,A,수수료손익,6220524999,21755941475,부동산신탁,B,SM025,부문별 손익(수수료)
1373,201112,0011877,신한자산신탁주식회사,A1,수수료수익,6220524999,21755941475,부동산신탁,B,SM025,부문별 손익(수수료)
1374,201112,0011877,신한자산신탁주식회사,A11,집합투자기구운용보수,0,0,부동산신탁,B,SM025,부문별 손익(수수료)
1375,201112,0011877,신한자산신탁주식회사,A12,신탁보수,5110091663,18541927579,부동산신탁,B,SM025,부문별 손익(수수료)
1376,201112,0011877,신한자산신탁주식회사,A121,금전신탁,0,0,부동산신탁,B,SM025,부문별 손익(수수료)
1377,201112,0011877,신한자산신탁주식회사,A122,토지신탁,2529412500,7980138344,부동산신탁,B,SM025,부문별 손익(수수료)
1378,201112,0011877,신한자산신탁주식회사,A123,관리신탁,25860505,169845597,부동산신탁,B,SM025,부문별 손익(수수료)
1379,201112,0011877,신한자산신탁주식회사,A124,처분신탁,151873847,241743849,부동산신탁,B,SM025,부문별 손익(수수료)
1380,201112,0011877,신한자산신탁주식회사,A125,담보신탁,1206507131,5924553173,부동산신탁,B,SM025,부문별 손익(수수료)
1381,201112,0011877,신한자산신탁주식회사,A126,분양관리신탁,1196437680,4225646616,부동산신탁,B,SM025,부문별 손익(수수료)
1382,201112,0011877,신한자산신탁주식회사,A127,기타,0,0,부동산신탁,B,SM025,부문별 손익(수수료)
1383,201112,0011877,신한자산신탁주식회사,A13,대리업무보수,1089425763,3064088581,부동산신탁,B,SM025,부문별 손익(수수료)
1384,201112,0011877,신한자산신탁주식회사,A14,기타,21007573,149925315,부동산신탁,B,SM025,부문별 손익(수수료)
1385,201112,0011877,신한자산신탁주식회사,A2,수수료비용,0,0,부동산신탁,B,SM025,부문별 손익(수수료)
1386,201203,0011877,신한자산신탁주식회사,A,수수료손익,4879273074,4879273074,부동산신탁,B,SM025,부문별 손익(수수료)
1387,201203,0011877,신한자산신탁주식회사,A1,수수료수익,4879273074,4879273074,부동산신탁,B,SM025,부문별 손익(수수료)
1388,201203,0011877,신한자산신탁주식회사,A11,집합투자기구운용보수,0,0,부동산신탁,B,SM025,부문별 손익(수수료)
1389,201203,0011877,신한자산신탁주식회사,A12,신탁보수,3943832568,3943832568,부동산신탁,B,SM025,부문별 손익(수수료)
1390,201203,0011877,신한자산신탁주식회사,A121,금전신탁,0,0,부동산신탁,B,SM025,부문별 손익(수수료)
1391,201203,0011877,신한자산신탁주식회사,A122,토지신탁,2053379677,2053379677,부동산신탁,B,SM025,부문별 손익(수수료)
1392,201203,0011877,신한자산신탁주식회사,A123,관리신탁,20411287,20411287,부동산신탁,B,SM025,부문별 손익(수수료)
1393,201203,0011877,신한자산신탁주식회사,A124,처분신탁,73508330,73508330,부동산신탁,B,SM025,부문별 손익(수수료)
1394,201203,0011877,신한자산신탁주식회사,A125,담보신탁,1047879520,1047879520,부동산신탁,B,SM025,부문별 손익(수수료)
1395,201203,0011877,신한자산신탁주식회사,A126,분양관리신탁,748653754,748653754,부동산신탁,B,SM025,부문별 손익(수수료)
1396,201203,0011877,신한자산신탁주식회사,A127,기타,0,0,부동산신탁,B,SM025,부문별 손익(수수료)
1397,201203,0011877,신한자산신탁주식회사,A13,대리업무보수,908860963,908860963,부동산신탁,B,SM025,부문별 손익(수수료)
1398,201203,0011877,신한자산신탁주식회사,A14,기타,26579543,26579543,부동산신탁,B,SM025,부문별 손익(수수료)
1399,201203,0011877,신한자산신탁주식회사,A2,수수료비용,0,0,부동산신탁,B,SM025,부문별 손익(수수료)
1400,201206,0011877,신한자산신탁주식회사,A,수수료손익,5860683372,10739956446,부동산신탁,B,SM025,부문별 손익(수수료)
1401,201206,0011877,신한자산신탁주식회사,A1,수수료수익,5860683372,10739956446,부동산신탁,B,SM025,부문별 손익(수수료)
1402,201206,0011877,신한자산신탁주식회사,A11,집합투자기구운용보수,0,0,부동산신탁,B,SM025,부문별 손익(수수료)
1403,201206,0011877,신한자산신탁주식회사,A12,신탁보수,4877265185,8821097753,부동산신탁,B,SM025,부문별 손익(수수료)
1404,201206,0011877,신한자산신탁주식회사,A121,금전신탁,0,0,부동산신탁,B,SM025,부문별 손익(수수료)
1405,201206,0011877,신한자산신탁주식회사,A122,토지신탁,2070913751,4124293428,부동산신탁,B,SM025,부문별 손익(수수료)
1406,201206,0011877,신한자산신탁주식회사,A123,관리신탁,29026658,49437945,부동산신탁,B,SM025,부문별 손익(수수료)
1407,201206,0011877,신한자산신탁주식회사,A124,처분신탁,56908330,130416660,부동산신탁,B,SM025,부문별 손익(수수료)
1408,201206,0011877,신한자산신탁주식회사,A125,담보신탁,1740817450,2788696970,부동산신탁,B,SM025,부문별 손익(수수료)
1409,201206,0011877,신한자산신탁주식회사,A126,분양관리신탁,979598996,1728252750,부동산신탁,B,SM025,부문별 손익(수수료)
1410,201206,0011877,신한자산신탁주식회사,A127,기타,0,0,부동산신탁,B,SM025,부문별 손익(수수료)
1411,201206,0011877,신한자산신탁주식회사,A13,대리업무보수,969671974,1878532937,부동산신탁,B,SM025,부문별 손익(수수료)
1412,201206,0011877,신한자산신탁주식회사,A14,기타,13746213,40325756,부동산신탁,B,SM025,부문별 손익(수수료)
1413,201206,0011877,신한자산신탁주식회사,A2,수수료비용,0,0,부동산신탁,B,SM025,부문별 손익(수수료)
1414,201209,0011877,신한자산신탁주식회사,A,수수료손익,6362614539,17102570985,부동산신탁,B,SM025,부문별 손익(수수료)
1415,201209,0011877,신한자산신탁주식회사,A1,수수료수익,6362614539,17102570985,부동산신탁,B,SM025,부문별 손익(수수료)
1416,201209,0011877,신한자산신탁주식회사,A11,집합투자기구운용보수,0,0,부동산신탁,B,SM025,부문별 손익(수수료)
1417,201209,0011877,신한자산신탁주식회사,A12,신탁보수,5435907481,14257005234,부동산신탁,B,SM025,부문별 손익(수수료)
1418,201209,0011877,신한자산신탁주식회사,A121,금전신탁,0,0,부동산신탁,B,SM025,부문별 손익(수수료)
1419,201209,0011877,신한자산신탁주식회사,A122,토지신탁,2283764351,6408057779,부동산신탁,B,SM025,부문별 손익(수수료)
1420,201209,0011877,신한자산신탁주식회사,A123,관리신탁,17781674,67219619,부동산신탁,B,SM025,부문별 손익(수수료)
1421,201209,0011877,신한자산신탁주식회사,A124,처분신탁,338962556,469379216,부동산신탁,B,SM025,부문별 손익(수수료)
1422,201209,0011877,신한자산신탁주식회사,A125,담보신탁,1281572000,4070268970,부동산신탁,B,SM025,부문별 손익(수수료)
1423,201209,0011877,신한자산신탁주식회사,A126,분양관리신탁,1513826900,3242079650,부동산신탁,B,SM025,부문별 손익(수수료)
1424,201209,0011877,신한자산신탁주식회사,A127,기타,0,0,부동산신탁,B,SM025,부문별 손익(수수료)
1425,201209,0011877,신한자산신탁주식회사,A13,대리업무보수,913263121,2791796058,부동산신탁,B,SM025,부문별 손익(수수료)
1426,201209,0011877,신한자산신탁주식회사,A14,기타,13443937,53769693,부동산신탁,B,SM025,부문별 손익(수수료)
1427,201209,0011877,신한자산신탁주식회사,A2,수수료비용,0,0,부동산신탁,B,SM025,부문별 손익(수수료)
1428,201212,0011877,신한자산신탁주식회사,A,수수료손익,5676054790,22778625775,부동산신탁,B,SM025,부문별 손익(수수료)
1429,201212,0011877,신한자산신탁주식회사,A1,수수료수익,5676054790,22778625775,부동산신탁,B,SM025,부문별 손익(수수료)
1430,201212,0011877,신한자산신탁주식회사,A11,집합투자기구운용보수,0,0,부동산신탁,B,SM025,부문별 손익(수수료)
1431,201212,0011877,신한자산신탁주식회사,A12,신탁보수,4614596636,18871601870,부동산신탁,B,SM025,부문별 손익(수수료)
1432,201212,0011877,신한자산신탁주식회사,A121,금전신탁,0,0,부동산신탁,B,SM025,부문별 손익(수수료)
1433,201212,0011877,신한자산신탁주식회사,A122,토지신탁,2516409745,8924467524,부동산신탁,B,SM025,부문별 손익(수수료)
1434,201212,0011877,신한자산신탁주식회사,A123,관리신탁,8175002,75394621,부동산신탁,B,SM025,부문별 손익(수수료)
1435,201212,0011877,신한자산신탁주식회사,A124,처분신탁,405164277,874543493,부동산신탁,B,SM025,부문별 손익(수수료)
1436,201212,0011877,신한자산신탁주식회사,A125,담보신탁,949563000,5019831970,부동산신탁,B,SM025,부문별 손익(수수료)
1437,201212,0011877,신한자산신탁주식회사,A126,분양관리신탁,735284612,3977364262,부동산신탁,B,SM025,부문별 손익(수수료)
1438,201212,0011877,신한자산신탁주식회사,A127,기타,0,0,부동산신탁,B,SM025,부문별 손익(수수료)
1439,201212,0011877,신한자산신탁주식회사,A13,대리업무보수,1042689214,3834485272,부동산신탁,B,SM025,부문별 손익(수수료)
1440,201212,0011877,신한자산신탁주식회사,A14,기타,18768940,72538633,부동산신탁,B,SM025,부문별 손익(수수료)
1441,201212,0011877,신한자산신탁주식회사,A2,수수료비용,0,0,부동산신탁,B,SM025,부문별 손익(수수료)
1442,201303,0011877,신한자산신탁주식회사,A,수수료손익,3936618503,3936618503,부동산신탁,B,SM025,부문별 손익(수수료)
1443,201303,0011877,신한자산신탁주식회사,A1,수수료수익,3936618503,3936618503,부동산신탁,B,SM025,부문별 손익(수수료)
1444,201303,0011877,신한자산신탁주식회사,A11,집합투자기구운용보수,0,0,부동산신탁,B,SM025,부문별 손익(수수료)
1445,201303,0011877,신한자산신탁주식회사,A12,신탁보수,2996070425,2996070425,부동산신탁,B,SM025,부문별 손익(수수료)
1446,201303,0011877,신한자산신탁주식회사,A121,금전신탁,0, ,부동산신탁,B,SM025,부문별 손익(수수료)
1447,201303,0011877,신한자산신탁주식회사,A122,토지신탁,1844472286,1844472286,부동산신탁,B,SM025,부문별 손익(수수료)
1448,201303,0011877,신한자산신탁주식회사,A123,관리신탁,7008338,7008338,부동산신탁,B,SM025,부문별 손익(수수료)
1449,201303,0011877,신한자산신탁주식회사,A124,처분신탁,6718740,6718740,부동산신탁,B,SM025,부문별 손익(수수료)
1450,201303,0011877,신한자산신탁주식회사,A125,담보신탁,666655070,666655070,부동산신탁,B,SM025,부문별 손익(수수료)
1451,201303,0011877,신한자산신탁주식회사,A126,분양관리신탁,471215991,471215991,부동산신탁,B,SM025,부문별 손익(수수료)
1452,201303,0011877,신한자산신탁주식회사,A127,기타,0, ,부동산신탁,B,SM025,부문별 손익(수수료)
1453,201303,0011877,신한자산신탁주식회사,A13,대리업무보수,924101111,924101111,부동산신탁,B,SM025,부문별 손익(수수료)
1454,201303,0011877,신한자산신탁주식회사,A14,기타,16446967,16446967,부동산신탁,B,SM025,부문별 손익(수수료)
1455,201303,0011877,신한자산신탁주식회사,A2,수수료비용,0,0,부동산신탁,B,SM025,부문별 손익(수수료)
1456,201306,0011877,신한자산신탁주식회사,A,수수료손익,5111979748,9048598251,부동산신탁,B,SM025,부문별 손익(수수료)
1457,201306,0011877,신한자산신탁주식회사,A1,수수료수익,5111979748,9048598251,부동산신탁,B,SM025,부문별 손익(수수료)
1458,201306,0011877,신한자산신탁주식회사,A11,집합투자기구운용보수,0,0,부동산신탁,B,SM025,부문별 손익(수수료)
1459,201306,0011877,신한자산신탁주식회사,A12,신탁보수,4339645291,7335715716,부동산신탁,B,SM025,부문별 손익(수수료)
1460,201306,0011877,신한자산신탁주식회사,A121,금전신탁,0, ,부동산신탁,B,SM025,부문별 손익(수수료)
1461,201306,0011877,신한자산신탁주식회사,A122,토지신탁,1951000970,3795473256,부동산신탁,B,SM025,부문별 손익(수수료)
1462,201306,0011877,신한자산신탁주식회사,A123,관리신탁,18088331,25096669,부동산신탁,B,SM025,부문별 손익(수수료)
1463,201306,0011877,신한자산신탁주식회사,A124,처분신탁,157036365,163755105,부동산신탁,B,SM025,부문별 손익(수수료)
1464,201306,0011877,신한자산신탁주식회사,A125,담보신탁,1379940260,2046595330,부동산신탁,B,SM025,부문별 손익(수수료)
1465,201306,0011877,신한자산신탁주식회사,A126,분양관리신탁,833579365,1304795356,부동산신탁,B,SM025,부문별 손익(수수료)
1466,201306,0011877,신한자산신탁주식회사,A127,기타,0, ,부동산신탁,B,SM025,부문별 손익(수수료)
1467,201306,0011877,신한자산신탁주식회사,A13,대리업무보수,760429154,1684530265,부동산신탁,B,SM025,부문별 손익(수수료)
1468,201306,0011877,신한자산신탁주식회사,A14,기타,11905303,28352270,부동산신탁,B,SM025,부문별 손익(수수료)
1469,201306,0011877,신한자산신탁주식회사,A2,수수료비용,0,0,부동산신탁,B,SM025,부문별 손익(수수료)
1470,201309,0011877,신한자산신탁주식회사,A,수수료손익,6004742803,15053341054,부동산신탁,B,SM025,부문별 손익(수수료)
1471,201309,0011877,신한자산신탁주식회사,A1,수수료수익,6004742803,15053341054,부동산신탁,B,SM025,부문별 손익(수수료)
1472,201309,0011877,신한자산신탁주식회사,A11,집합투자기구운용보수,0,0,부동산신탁,B,SM025,부문별 손익(수수료)
1473,201309,0011877,신한자산신탁주식회사,A12,신탁보수,4997670931,12333386647,부동산신탁,B,SM025,부문별 손익(수수료)
1474,201309,0011877,신한자산신탁주식회사,A121,금전신탁,0, ,부동산신탁,B,SM025,부문별 손익(수수료)
1475,201309,0011877,신한자산신탁주식회사,A122,토지신탁,2126259841,5921733097,부동산신탁,B,SM025,부문별 손익(수수료)
1476,201309,0011877,신한자산신탁주식회사,A123,관리신탁,102841665,127938334,부동산신탁,B,SM025,부문별 손익(수수료)
1477,201309,0011877,신한자산신탁주식회사,A124,처분신탁,22800000,186555105,부동산신탁,B,SM025,부문별 손익(수수료)
1478,201309,0011877,신한자산신탁주식회사,A125,담보신탁,1695554550,3742149880,부동산신탁,B,SM025,부문별 손익(수수료)
1479,201309,0011877,신한자산신탁주식회사,A126,분양관리신탁,1050214875,2355010231,부동산신탁,B,SM025,부문별 손익(수수료)
1480,201309,0011877,신한자산신탁주식회사,A127,기타,0, ,부동산신탁,B,SM025,부문별 손익(수수료)
1481,201309,0011877,신한자산신탁주식회사,A13,대리업무보수,972560500,2657090765,부동산신탁,B,SM025,부문별 손익(수수료)
1482,201309,0011877,신한자산신탁주식회사,A14,기타,34511372,62863642,부동산신탁,B,SM025,부문별 손익(수수료)
1483,201309,0011877,신한자산신탁주식회사,A2,수수료비용,0,0,부동산신탁,B,SM025,부문별 손익(수수료)
1484,201312,0011877,신한자산신탁주식회사,A,수수료손익,6208078159,21261419213,부동산신탁,B,SM025,부문별 손익(수수료)
1485,201312,0011877,신한자산신탁주식회사,A1,수수료수익,6208078159,21261419213,부동산신탁,B,SM025,부문별 손익(수수료)
1486,201312,0011877,신한자산신탁주식회사,A11,집합투자기구운용보수,0,0,부동산신탁,B,SM025,부문별 손익(수수료)
1487,201312,0011877,신한자산신탁주식회사,A12,신탁보수,4757851805,17091238452,부동산신탁,B,SM025,부문별 손익(수수료)
1488,201312,0011877,신한자산신탁주식회사,A121,금전신탁,0, ,부동산신탁,B,SM025,부문별 손익(수수료)
1489,201312,0011877,신한자산신탁주식회사,A122,토지신탁,2162841620,8084574717,부동산신탁,B,SM025,부문별 손익(수수료)
1490,201312,0011877,신한자산신탁주식회사,A123,관리신탁,6033348,133971682,부동산신탁,B,SM025,부문별 손익(수수료)
1491,201312,0011877,신한자산신탁주식회사,A124,처분신탁,286180060,472735165,부동산신탁,B,SM025,부문별 손익(수수료)
1492,201312,0011877,신한자산신탁주식회사,A125,담보신탁,1324328780,5066478660,부동산신탁,B,SM025,부문별 손익(수수료)
1493,201312,0011877,신한자산신탁주식회사,A126,분양관리신탁,978467997,3333478228,부동산신탁,B,SM025,부문별 손익(수수료)
1494,201312,0011877,신한자산신탁주식회사,A127,기타,0, ,부동산신탁,B,SM025,부문별 손익(수수료)
1495,201312,0011877,신한자산신탁주식회사,A13,대리업무보수,1442351354,4099442119,부동산신탁,B,SM025,부문별 손익(수수료)
1496,201312,0011877,신한자산신탁주식회사,A14,기타,7875000,70738642,부동산신탁,B,SM025,부문별 손익(수수료)
1497,201312,0011877,신한자산신탁주식회사,A2,수수료비용,0,0,부동산신탁,B,SM025,부문별 손익(수수료)
1498,201403,0011877,신한자산신탁주식회사,A,수수료손익,4832794766,4832794766,부동산신탁,B,SM025,부문별 손익(수수료)
1499,201403,0011877,신한자산신탁주식회사,A1,수수료수익,4832794766,4832794766,부동산신탁,B,SM025,부문별 손익(수수료)
1500,201403,0011877,신한자산신탁주식회사,A11,집합투자기구운용보수,0,0,부동산신탁,B,SM025,부문별 손익(수수료)
1501,201403,0011877,신한자산신탁주식회사,A12,신탁보수,3839474136,3839474136,부동산신탁,B,SM025,부문별 손익(수수료)
1502,201403,0011877,신한자산신탁주식회사,A121,금전신탁,0, ,부동산신탁,B,SM025,부문별 손익(수수료)
1503,201403,0011877,신한자산신탁주식회사,A122,토지신탁,1675670895,1675670895,부동산신탁,B,SM025,부문별 손익(수수료)
1504,201403,0011877,신한자산신탁주식회사,A123,관리신탁,1500000,1500000,부동산신탁,B,SM025,부문별 손익(수수료)
1505,201403,0011877,신한자산신탁주식회사,A124,처분신탁,27350000,27350000,부동산신탁,B,SM025,부문별 손익(수수료)
1506,201403,0011877,신한자산신탁주식회사,A125,담보신탁,1611117353,1611117353,부동산신탁,B,SM025,부문별 손익(수수료)
1507,201403,0011877,신한자산신탁주식회사,A126,분양관리신탁,523835888,523835888,부동산신탁,B,SM025,부문별 손익(수수료)
1508,201403,0011877,신한자산신탁주식회사,A127,기타,0, ,부동산신탁,B,SM025,부문별 손익(수수료)
1509,201403,0011877,신한자산신탁주식회사,A13,대리업무보수,987403964,987403964,부동산신탁,B,SM025,부문별 손익(수수료)
1510,201403,0011877,신한자산신탁주식회사,A14,기타,5916666,5916666,부동산신탁,B,SM025,부문별 손익(수수료)
1511,201403,0011877,신한자산신탁주식회사,A2,수수료비용,0,0,부동산신탁,B,SM025,부문별 손익(수수료)
1512,201406,0011877,신한자산신탁주식회사,A,수수료손익,6907905643,11740700409,부동산신탁,B,SM025,부문별 손익(수수료)
1513,201406,0011877,신한자산신탁주식회사,A1,수수료수익,6907905643,11740700409,부동산신탁,B,SM025,부문별 손익(수수료)
1514,201406,0011877,신한자산신탁주식회사,A11,집합투자기구운용보수,0,0,부동산신탁,B,SM025,부문별 손익(수수료)
1515,201406,0011877,신한자산신탁주식회사,A12,신탁보수,4706615426,8546089562,부동산신탁,B,SM025,부문별 손익(수수료)
1516,201406,0011877,신한자산신탁주식회사,A121,금전신탁,0, ,부동산신탁,B,SM025,부문별 손익(수수료)
1517,201406,0011877,신한자산신탁주식회사,A122,토지신탁,1479974393,3155645288,부동산신탁,B,SM025,부문별 손익(수수료)
1518,201406,0011877,신한자산신탁주식회사,A123,관리신탁,2966418,4466418,부동산신탁,B,SM025,부문별 손익(수수료)
1519,201406,0011877,신한자산신탁주식회사,A124,처분신탁,116019987,143369987,부동산신탁,B,SM025,부문별 손익(수수료)
1520,201406,0011877,신한자산신탁주식회사,A125,담보신탁,2471637420,4082754773,부동산신탁,B,SM025,부문별 손익(수수료)
1521,201406,0011877,신한자산신탁주식회사,A126,분양관리신탁,636017208,1159853096,부동산신탁,B,SM025,부문별 손익(수수료)
1522,201406,0011877,신한자산신탁주식회사,A127,기타,0, ,부동산신탁,B,SM025,부문별 손익(수수료)
1523,201406,0011877,신한자산신탁주식회사,A13,대리업무보수,2180290218,3167694182,부동산신탁,B,SM025,부문별 손익(수수료)
1524,201406,0011877,신한자산신탁주식회사,A14,기타,20999999,26916665,부동산신탁,B,SM025,부문별 손익(수수료)
1525,201406,0011877,신한자산신탁주식회사,A2,수수료비용,0,0,부동산신탁,B,SM025,부문별 손익(수수료)
1526,201409,0011877,신한자산신탁주식회사,A,수수료손익,5112124126,16852824535,부동산신탁,B,SM025,부문별 손익(수수료)
1527,201409,0011877,신한자산신탁주식회사,A1,수수료수익,5112124126,16852824535,부동산신탁,B,SM025,부문별 손익(수수료)
1528,201409,0011877,신한자산신탁주식회사,A11,집합투자기구운용보수,0,0,부동산신탁,B,SM025,부문별 손익(수수료)
1529,201409,0011877,신한자산신탁주식회사,A12,신탁보수,3467290755,12013380317,부동산신탁,B,SM025,부문별 손익(수수료)
1530,201409,0011877,신한자산신탁주식회사,A121,금전신탁,0, ,부동산신탁,B,SM025,부문별 손익(수수료)
1531,201409,0011877,신한자산신탁주식회사,A122,토지신탁,1518972696,4674617984,부동산신탁,B,SM025,부문별 손익(수수료)
1532,201409,0011877,신한자산신탁주식회사,A123,관리신탁,1500000,5966418,부동산신탁,B,SM025,부문별 손익(수수료)
1533,201409,0011877,신한자산신탁주식회사,A124,처분신탁,27640000,171009987,부동산신탁,B,SM025,부문별 손익(수수료)
1534,201409,0011877,신한자산신탁주식회사,A125,담보신탁,1395782774,5478537547,부동산신탁,B,SM025,부문별 손익(수수료)
1535,201409,0011877,신한자산신탁주식회사,A126,분양관리신탁,523395285,1683248381,부동산신탁,B,SM025,부문별 손익(수수료)
1536,201409,0011877,신한자산신탁주식회사,A127,기타,0, ,부동산신탁,B,SM025,부문별 손익(수수료)
1537,201409,0011877,신한자산신탁주식회사,A13,대리업무보수,1573291706,4740985888,부동산신탁,B,SM025,부문별 손익(수수료)
1538,201409,0011877,신한자산신탁주식회사,A14,기타,71541665,98458330,부동산신탁,B,SM025,부문별 손익(수수료)
1539,201409,0011877,신한자산신탁주식회사,A2,수수료비용,0,0,부동산신탁,B,SM025,부문별 손익(수수료)
1540,201412,0011877,신한자산신탁주식회사,A,수수료손익,6575071549,23427896084,부동산신탁,B,SM025,부문별 손익(수수료)
1541,201412,0011877,신한자산신탁주식회사,A1,수수료수익,6575071549,23427896084,부동산신탁,B,SM025,부문별 손익(수수료)
1542,201412,0011877,신한자산신탁주식회사,A11,집합투자기구운용보수,0,0,부동산신탁,B,SM025,부문별 손익(수수료)
1543,201412,0011877,신한자산신탁주식회사,A12,신탁보수,4670746952,16684127269,부동산신탁,B,SM025,부문별 손익(수수료)
1544,201412,0011877,신한자산신탁주식회사,A121,금전신탁,0, ,부동산신탁,B,SM025,부문별 손익(수수료)
1545,201412,0011877,신한자산신탁주식회사,A122,토지신탁,1829151159,6503769143,부동산신탁,B,SM025,부문별 손익(수수료)
1546,201412,0011877,신한자산신탁주식회사,A123,관리신탁,150875000,156841418,부동산신탁,B,SM025,부문별 손익(수수료)
1547,201412,0011877,신한자산신탁주식회사,A124,처분신탁,343959397,514969384,부동산신탁,B,SM025,부문별 손익(수수료)
1548,201412,0011877,신한자산신탁주식회사,A125,담보신탁,1583285040,7061822587,부동산신탁,B,SM025,부문별 손익(수수료)
1549,201412,0011877,신한자산신탁주식회사,A126,분양관리신탁,763476356,2446724737,부동산신탁,B,SM025,부문별 손익(수수료)
1550,201412,0011877,신한자산신탁주식회사,A127,기타,0, ,부동산신탁,B,SM025,부문별 손익(수수료)
1551,201412,0011877,신한자산신탁주식회사,A13,대리업무보수,1828907932,6569893820,부동산신탁,B,SM025,부문별 손익(수수료)
1552,201412,0011877,신한자산신탁주식회사,A14,기타,75416665,173874995,부동산신탁,B,SM025,부문별 손익(수수료)
1553,201412,0011877,신한자산신탁주식회사,A2,수수료비용,0,0,부동산신탁,B,SM025,부문별 손익(수수료)
1554,201503,0011877,신한자산신탁주식회사,A,수수료손익,6130952091,6130952091,부동산신탁,B,SM025,부문별 손익(수수료)
1555,201503,0011877,신한자산신탁주식회사,A1,수수료수익,6130952091,6130952091,부동산신탁,B,SM025,부문별 손익(수수료)
1556,201503,0011877,신한자산신탁주식회사,A11,집합투자기구운용보수,0,0,부동산신탁,B,SM025,부문별 손익(수수료)
1557,201503,0011877,신한자산신탁주식회사,A12,신탁보수,4190629731,4190629731,부동산신탁,B,SM025,부문별 손익(수수료)
1558,201503,0011877,신한자산신탁주식회사,A121,금전신탁,0, ,부동산신탁,B,SM025,부문별 손익(수수료)
1559,201503,0011877,신한자산신탁주식회사,A122,토지신탁,1907758380,1907758380,부동산신탁,B,SM025,부문별 손익(수수료)
1560,201503,0011877,신한자산신탁주식회사,A123,관리신탁,1250000,1250000,부동산신탁,B,SM025,부문별 손익(수수료)
1561,201503,0011877,신한자산신탁주식회사,A124,처분신탁,29500000,29500000,부동산신탁,B,SM025,부문별 손익(수수료)
1562,201503,0011877,신한자산신탁주식회사,A125,담보신탁,1559308320,1559308320,부동산신탁,B,SM025,부문별 손익(수수료)
1563,201503,0011877,신한자산신탁주식회사,A126,분양관리신탁,692813031,692813031,부동산신탁,B,SM025,부문별 손익(수수료)
1564,201503,0011877,신한자산신탁주식회사,A127,기타,0, ,부동산신탁,B,SM025,부문별 손익(수수료)
1565,201503,0011877,신한자산신탁주식회사,A13,대리업무보수,1884165695,1884165695,부동산신탁,B,SM025,부문별 손익(수수료)
1566,201503,0011877,신한자산신탁주식회사,A14,기타,56156665,56156665,부동산신탁,B,SM025,부문별 손익(수수료)
1567,201503,0011877,신한자산신탁주식회사,A2,수수료비용,0,0,부동산신탁,B,SM025,부문별 손익(수수료)
1568,201506,0011877,신한자산신탁주식회사,A,수수료손익,7537061473,13668013564,부동산신탁,B,SM025,부문별 손익(수수료)
1569,201506,0011877,신한자산신탁주식회사,A1,수수료수익,7537061473,13668013564,부동산신탁,B,SM025,부문별 손익(수수료)
1570,201506,0011877,신한자산신탁주식회사,A11,집합투자기구운용보수,0,0,부동산신탁,B,SM025,부문별 손익(수수료)
1571,201506,0011877,신한자산신탁주식회사,A12,신탁보수,4832285798,9022915529,부동산신탁,B,SM025,부문별 손익(수수료)
1572,201506,0011877,신한자산신탁주식회사,A121,금전신탁,0, ,부동산신탁,B,SM025,부문별 손익(수수료)
1573,201506,0011877,신한자산신탁주식회사,A122,토지신탁,1722304623,3630063003,부동산신탁,B,SM025,부문별 손익(수수료)
1574,201506,0011877,신한자산신탁주식회사,A123,관리신탁,2292544,3542544,부동산신탁,B,SM025,부문별 손익(수수료)
1575,201506,0011877,신한자산신탁주식회사,A124,처분신탁,180950000,210450000,부동산신탁,B,SM025,부문별 손익(수수료)
1576,201506,0011877,신한자산신탁주식회사,A125,담보신탁,2036490000,3595798320,부동산신탁,B,SM025,부문별 손익(수수료)
1577,201506,0011877,신한자산신탁주식회사,A126,분양관리신탁,890248631,1583061662,부동산신탁,B,SM025,부문별 손익(수수료)
1578,201506,0011877,신한자산신탁주식회사,A127,기타,0, ,부동산신탁,B,SM025,부문별 손익(수수료)
1579,201506,0011877,신한자산신탁주식회사,A13,대리업무보수,2678567335,4562733030,부동산신탁,B,SM025,부문별 손익(수수료)
1580,201506,0011877,신한자산신탁주식회사,A14,기타,26208340,82365005,부동산신탁,B,SM025,부문별 손익(수수료)
1581,201506,0011877,신한자산신탁주식회사,A2,수수료비용,0,0,부동산신탁,B,SM025,부문별 손익(수수료)
1582,201509,0011877,신한자산신탁주식회사,A,수수료손익,7384431925,21052445489,부동산신탁,B,SM025,부문별 손익(수수료)
1583,201509,0011877,신한자산신탁주식회사,A1,수수료수익,7384431925,21052445489,부동산신탁,B,SM025,부문별 손익(수수료)
1584,201509,0011877,신한자산신탁주식회사,A11,집합투자기구운용보수,0,0,부동산신탁,B,SM025,부문별 손익(수수료)
1585,201509,0011877,신한자산신탁주식회사,A12,신탁보수,4301699403,13324614932,부동산신탁,B,SM025,부문별 손익(수수료)
1586,201509,0011877,신한자산신탁주식회사,A121,금전신탁,0, ,부동산신탁,B,SM025,부문별 손익(수수료)
1587,201509,0011877,신한자산신탁주식회사,A122,토지신탁,1768693501,5398756504,부동산신탁,B,SM025,부문별 손익(수수료)
1588,201509,0011877,신한자산신탁주식회사,A123,관리신탁,295698494,299241038,부동산신탁,B,SM025,부문별 손익(수수료)
1589,201509,0011877,신한자산신탁주식회사,A124,처분신탁,25877049,236327049,부동산신탁,B,SM025,부문별 손익(수수료)
1590,201509,0011877,신한자산신탁주식회사,A125,담보신탁,1440259923,5036058243,부동산신탁,B,SM025,부문별 손익(수수료)
1591,201509,0011877,신한자산신탁주식회사,A126,분양관리신탁,771170436,2354232098,부동산신탁,B,SM025,부문별 손익(수수료)
1592,201509,0011877,신한자산신탁주식회사,A127,기타,0, ,부동산신탁,B,SM025,부문별 손익(수수료)
1593,201509,0011877,신한자산신탁주식회사,A13,대리업무보수,3055690855,7618423885,부동산신탁,B,SM025,부문별 손익(수수료)
1594,201509,0011877,신한자산신탁주식회사,A14,기타,27041667,109406672,부동산신탁,B,SM025,부문별 손익(수수료)
1595,201509,0011877,신한자산신탁주식회사,A2,수수료비용,0,0,부동산신탁,B,SM025,부문별 손익(수수료)
1596,201512,0011877,신한자산신탁주식회사,A,수수료손익,9420952288,30473397777,부동산신탁,B,SM025,부문별 손익(수수료)
1597,201512,0011877,신한자산신탁주식회사,A1,수수료수익,9420952288,30473397777,부동산신탁,B,SM025,부문별 손익(수수료)
1598,201512,0011877,신한자산신탁주식회사,A11,집합투자기구운용보수,0,0,부동산신탁,B,SM025,부문별 손익(수수료)
1599,201512,0011877,신한자산신탁주식회사,A12,신탁보수,5570599056,18895213988,부동산신탁,B,SM025,부문별 손익(수수료)
1600,201512,0011877,신한자산신탁주식회사,A121,금전신탁,0, ,부동산신탁,B,SM025,부문별 손익(수수료)
1601,201512,0011877,신한자산신탁주식회사,A122,토지신탁,2421294961,7820051465,부동산신탁,B,SM025,부문별 손익(수수료)
1602,201512,0011877,신한자산신탁주식회사,A123,관리신탁,2992544,302233582,부동산신탁,B,SM025,부문별 손익(수수료)
1603,201512,0011877,신한자산신탁주식회사,A124,처분신탁,103399281,339726330,부동산신탁,B,SM025,부문별 손익(수수료)
1604,201512,0011877,신한자산신탁주식회사,A125,담보신탁,1649730581,6685788824,부동산신탁,B,SM025,부문별 손익(수수료)
1605,201512,0011877,신한자산신탁주식회사,A126,분양관리신탁,1393181689,3747413787,부동산신탁,B,SM025,부문별 손익(수수료)
1606,201512,0011877,신한자산신탁주식회사,A127,기타,0, ,부동산신탁,B,SM025,부문별 손익(수수료)
1607,201512,0011877,신한자산신탁주식회사,A13,대리업무보수,3821994899,11440418784,부동산신탁,B,SM025,부문별 손익(수수료)
1608,201512,0011877,신한자산신탁주식회사,A14,기타,28358333,137765005,부동산신탁,B,SM025,부문별 손익(수수료)
1609,201512,0011877,신한자산신탁주식회사,A2,수수료비용,0,0,부동산신탁,B,SM025,부문별 손익(수수료)
1610,201603,0011877,신한자산신탁주식회사,A,수수료손익,8017453794,8017453794,부동산신탁,B,SM025,부문별 손익(수수료)
1611,201603,0011877,신한자산신탁주식회사,A1,수수료수익,8017453794,8017453794,부동산신탁,B,SM025,부문별 손익(수수료)
1612,201603,0011877,신한자산신탁주식회사,A11,집합투자기구운용보수,0,0,부동산신탁,B,SM025,부문별 손익(수수료)
1613,201603,0011877,신한자산신탁주식회사,A12,신탁보수,4530847451,4530847451,부동산신탁,B,SM025,부문별 손익(수수료)
1614,201603,0011877,신한자산신탁주식회사,A121,금전신탁,0, ,부동산신탁,B,SM025,부문별 손익(수수료)
1615,201603,0011877,신한자산신탁주식회사,A122,토지신탁,2156079319,2156079319,부동산신탁,B,SM025,부문별 손익(수수료)
1616,201603,0011877,신한자산신탁주식회사,A123,관리신탁,0,0,부동산신탁,B,SM025,부문별 손익(수수료)
1617,201603,0011877,신한자산신탁주식회사,A124,처분신탁,51681712,51681712,부동산신탁,B,SM025,부문별 손익(수수료)
1618,201603,0011877,신한자산신탁주식회사,A125,담보신탁,1297063508,1297063508,부동산신탁,B,SM025,부문별 손익(수수료)
1619,201603,0011877,신한자산신탁주식회사,A126,분양관리신탁,1026022912,1026022912,부동산신탁,B,SM025,부문별 손익(수수료)
1620,201603,0011877,신한자산신탁주식회사,A127,기타,0, ,부동산신탁,B,SM025,부문별 손익(수수료)
1621,201603,0011877,신한자산신탁주식회사,A13,대리업무보수,3452564677,3452564677,부동산신탁,B,SM025,부문별 손익(수수료)
1622,201603,0011877,신한자산신탁주식회사,A14,기타,34041666,34041666,부동산신탁,B,SM025,부문별 손익(수수료)
1623,201603,0011877,신한자산신탁주식회사,A2,수수료비용,0,0,부동산신탁,B,SM025,부문별 손익(수수료)
1624,201606,0011877,신한자산신탁주식회사,A,수수료손익,11147114467,19164568261,부동산신탁,B,SM025,부문별 손익(수수료)
1625,201606,0011877,신한자산신탁주식회사,A1,수수료수익,11147114467,19164568261,부동산신탁,B,SM025,부문별 손익(수수료)
1626,201606,0011877,신한자산신탁주식회사,A11,집합투자기구운용보수,0,0,부동산신탁,B,SM025,부문별 손익(수수료)
1627,201606,0011877,신한자산신탁주식회사,A12,신탁보수,6352124446,10882971897,부동산신탁,B,SM025,부문별 손익(수수료)
1628,201606,0011877,신한자산신탁주식회사,A121,금전신탁,0, ,부동산신탁,B,SM025,부문별 손익(수수료)
1629,201606,0011877,신한자산신탁주식회사,A122,토지신탁,2518721452,4674800771,부동산신탁,B,SM025,부문별 손익(수수료)
1630,201606,0011877,신한자산신탁주식회사,A123,관리신탁,1200000,1200000,부동산신탁,B,SM025,부문별 손익(수수료)
1631,201606,0011877,신한자산신탁주식회사,A124,처분신탁,223500000,275181712,부동산신탁,B,SM025,부문별 손익(수수료)
1632,201606,0011877,신한자산신탁주식회사,A125,담보신탁,2570412000,3867475508,부동산신탁,B,SM025,부문별 손익(수수료)
1633,201606,0011877,신한자산신탁주식회사,A126,분양관리신탁,1038290994,2064313906,부동산신탁,B,SM025,부문별 손익(수수료)
1634,201606,0011877,신한자산신탁주식회사,A127,기타,0, ,부동산신탁,B,SM025,부문별 손익(수수료)
1635,201606,0011877,신한자산신탁주식회사,A13,대리업무보수,4764531688,8217096365,부동산신탁,B,SM025,부문별 손익(수수료)
1636,201606,0011877,신한자산신탁주식회사,A14,기타,30458333,64499999,부동산신탁,B,SM025,부문별 손익(수수료)
1637,201606,0011877,신한자산신탁주식회사,A2,수수료비용,0,0,부동산신탁,B,SM025,부문별 손익(수수료)
1638,201609,0011877,신한자산신탁주식회사,A,수수료손익,10753801483,29918369744,부동산신탁,B,SM025,부문별 손익(수수료)
1639,201609,0011877,신한자산신탁주식회사,A1,수수료수익,10753801483,29918369744,부동산신탁,B,SM025,부문별 손익(수수료)
1640,201609,0011877,신한자산신탁주식회사,A11,집합투자기구운용보수,0,0,부동산신탁,B,SM025,부문별 손익(수수료)
1641,201609,0011877,신한자산신탁주식회사,A12,신탁보수,5008137043,15891108940,부동산신탁,B,SM025,부문별 손익(수수료)
1642,201609,0011877,신한자산신탁주식회사,A121,금전신탁,0, ,부동산신탁,B,SM025,부문별 손익(수수료)
1643,201609,0011877,신한자산신탁주식회사,A122,토지신탁,2291908078,6966708849,부동산신탁,B,SM025,부문별 손익(수수료)
1644,201609,0011877,신한자산신탁주식회사,A123,관리신탁,454550,1654550,부동산신탁,B,SM025,부문별 손익(수수료)
1645,201609,0011877,신한자산신탁주식회사,A124,처분신탁,23200000,298381712,부동산신탁,B,SM025,부문별 손익(수수료)
1646,201609,0011877,신한자산신탁주식회사,A125,담보신탁,1827546440,5695021948,부동산신탁,B,SM025,부문별 손익(수수료)
1647,201609,0011877,신한자산신탁주식회사,A126,분양관리신탁,865027975,2929341881,부동산신탁,B,SM025,부문별 손익(수수료)
1648,201609,0011877,신한자산신탁주식회사,A127,기타,0, ,부동산신탁,B,SM025,부문별 손익(수수료)
1649,201609,0011877,신한자산신탁주식회사,A13,대리업무보수,5724914440,13942010805,부동산신탁,B,SM025,부문별 손익(수수료)
1650,201609,0011877,신한자산신탁주식회사,A14,기타,20750000,85249999,부동산신탁,B,SM025,부문별 손익(수수료)
1651,201609,0011877,신한자산신탁주식회사,A2,수수료비용,0,0,부동산신탁,B,SM025,부문별 손익(수수료)
1652,201612,0011877,신한자산신탁주식회사,A,수수료손익,14594018517,44512388261,부동산신탁,B,SM025,부문별 손익(수수료)
1653,201612,0011877,신한자산신탁주식회사,A1,수수료수익,14594018517,44512388261,부동산신탁,B,SM025,부문별 손익(수수료)
1654,201612,0011877,신한자산신탁주식회사,A11,집합투자기구운용보수,0,0,부동산신탁,B,SM025,부문별 손익(수수료)
1655,201612,0011877,신한자산신탁주식회사,A12,신탁보수,8074699791,23965808731,부동산신탁,B,SM025,부문별 손익(수수료)
1656,201612,0011877,신한자산신탁주식회사,A121,금전신탁,0, ,부동산신탁,B,SM025,부문별 손익(수수료)
1657,201612,0011877,신한자산신탁주식회사,A122,토지신탁,2951271879,9917980728,부동산신탁,B,SM025,부문별 손익(수수료)
1658,201612,0011877,신한자산신탁주식회사,A123,관리신탁,8600001,10254551,부동산신탁,B,SM025,부문별 손익(수수료)
1659,201612,0011877,신한자산신탁주식회사,A124,처분신탁,223561520,521943232,부동산신탁,B,SM025,부문별 손익(수수료)
1660,201612,0011877,신한자산신탁주식회사,A125,담보신탁,3440658000,9135679948,부동산신탁,B,SM025,부문별 손익(수수료)
1661,201612,0011877,신한자산신탁주식회사,A126,분양관리신탁,1450608391,4379950272,부동산신탁,B,SM025,부문별 손익(수수료)
1662,201612,0011877,신한자산신탁주식회사,A127,기타,0, ,부동산신탁,B,SM025,부문별 손익(수수료)
1663,201612,0011877,신한자산신탁주식회사,A13,대리업무보수,6429418726,20371429531,부동산신탁,B,SM025,부문별 손익(수수료)
1664,201612,0011877,신한자산신탁주식회사,A14,기타,89900000,175149999,부동산신탁,B,SM025,부문별 손익(수수료)
1665,201612,0011877,신한자산신탁주식회사,A2,수수료비용,0,0,부동산신탁,B,SM025,부문별 손익(수수료)
1666,200903,0011892,우리자산신탁,A,수수료손익,1044846432,1044846432,부동산신탁,B,SM025,부문별 손익(수수료)
1667,200903,0011892,우리자산신탁,A1,수수료수익,1044846432,1044846432,부동산신탁,B,SM025,부문별 손익(수수료)
1668,200903,0011892,우리자산신탁,A11,집합투자기구운용보수,0,0,부동산신탁,B,SM025,부문별 손익(수수료)
1669,200903,0011892,우리자산신탁,A12,신탁보수,832521353,832521353,부동산신탁,B,SM025,부문별 손익(수수료)
1670,200903,0011892,우리자산신탁,A121,금전신탁,0,0,부동산신탁,B,SM025,부문별 손익(수수료)
1671,200903,0011892,우리자산신탁,A122,토지신탁,306680000,306680000,부동산신탁,B,SM025,부문별 손익(수수료)
1672,200903,0011892,우리자산신탁,A123,관리신탁,18526066,18526066,부동산신탁,B,SM025,부문별 손익(수수료)
1673,200903,0011892,우리자산신탁,A124,처분신탁,32000000,32000000,부동산신탁,B,SM025,부문별 손익(수수료)
1674,200903,0011892,우리자산신탁,A125,담보신탁,336936100,336936100,부동산신탁,B,SM025,부문별 손익(수수료)
1675,200903,0011892,우리자산신탁,A126,분양관리신탁,138379187,138379187,부동산신탁,B,SM025,부문별 손익(수수료)
1676,200903,0011892,우리자산신탁,A127,기타,0,0,부동산신탁,B,SM025,부문별 손익(수수료)
1677,200903,0011892,우리자산신탁,A13,대리업무보수,207921498,207921498,부동산신탁,B,SM025,부문별 손익(수수료)
1678,200903,0011892,우리자산신탁,A14,기타,4403581,4403581,부동산신탁,B,SM025,부문별 손익(수수료)
1679,200903,0011892,우리자산신탁,A2,수수료비용,0,0,부동산신탁,B,SM025,부문별 손익(수수료)
1680,201106,0011892,우리자산신탁,A,수수료손익,6057879559,6057879559,부동산신탁,B,SM025,부문별 손익(수수료)
1681,201106,0011892,우리자산신탁,A1,수수료수익,6057879559,6057879559,부동산신탁,B,SM025,부문별 손익(수수료)
1682,201106,0011892,우리자산신탁,A11,집합투자기구운용보수,0,0,부동산신탁,B,SM025,부문별 손익(수수료)
1683,201106,0011892,우리자산신탁,A12,신탁보수,5233548220,5233548220,부동산신탁,B,SM025,부문별 손익(수수료)
1684,201106,0011892,우리자산신탁,A121,금전신탁,0,0,부동산신탁,B,SM025,부문별 손익(수수료)
1685,201106,0011892,우리자산신탁,A122,토지신탁,2973542000,2973542000,부동산신탁,B,SM025,부문별 손익(수수료)
1686,201106,0011892,우리자산신탁,A123,관리신탁,49602313,49602313,부동산신탁,B,SM025,부문별 손익(수수료)
1687,201106,0011892,우리자산신탁,A124,처분신탁,40256011,40256011,부동산신탁,B,SM025,부문별 손익(수수료)
1688,201106,0011892,우리자산신탁,A125,담보신탁,1525507000,1525507000,부동산신탁,B,SM025,부문별 손익(수수료)
1689,201106,0011892,우리자산신탁,A126,분양관리신탁,644640896,644640896,부동산신탁,B,SM025,부문별 손익(수수료)
1690,201106,0011892,우리자산신탁,A127,기타,0,0,부동산신탁,B,SM025,부문별 손익(수수료)
1691,201106,0011892,우리자산신탁,A13,대리업무보수,491785884,491785884,부동산신탁,B,SM025,부문별 손익(수수료)
1692,201106,0011892,우리자산신탁,A14,기타,332545455,332545455,부동산신탁,B,SM025,부문별 손익(수수료)
1693,201106,0011892,우리자산신탁,A2,수수료비용,0,0,부동산신탁,B,SM025,부문별 손익(수수료)
1694,201109,0011892,우리자산신탁,A,수수료손익,2344906182,8402785741,부동산신탁,B,SM025,부문별 손익(수수료)
1695,201109,0011892,우리자산신탁,A1,수수료수익,2344906182,8402785741,부동산신탁,B,SM025,부문별 손익(수수료)
1696,201109,0011892,우리자산신탁,A11,집합투자기구운용보수,0,0,부동산신탁,B,SM025,부문별 손익(수수료)
1697,201109,0011892,우리자산신탁,A12,신탁보수,1812133934,7045682154,부동산신탁,B,SM025,부문별 손익(수수료)
1698,201109,0011892,우리자산신탁,A121,금전신탁,0,0,부동산신탁,B,SM025,부문별 손익(수수료)
1699,201109,0011892,우리자산신탁,A122,토지신탁,789557500,3763099500,부동산신탁,B,SM025,부문별 손익(수수료)
1700,201109,0011892,우리자산신탁,A123,관리신탁,29320882,78923195,부동산신탁,B,SM025,부문별 손익(수수료)
1701,201109,0011892,우리자산신탁,A124,처분신탁,41481375,81737386,부동산신탁,B,SM025,부문별 손익(수수료)
1702,201109,0011892,우리자산신탁,A125,담보신탁,713330500,2238837500,부동산신탁,B,SM025,부문별 손익(수수료)
1703,201109,0011892,우리자산신탁,A126,분양관리신탁,238443677,883084573,부동산신탁,B,SM025,부문별 손익(수수료)
1704,201109,0011892,우리자산신탁,A127,기타,0,0,부동산신탁,B,SM025,부문별 손익(수수료)
1705,201109,0011892,우리자산신탁,A13,대리업무보수,454272248,946058132,부동산신탁,B,SM025,부문별 손익(수수료)
1706,201109,0011892,우리자산신탁,A14,기타,78500000,411045455,부동산신탁,B,SM025,부문별 손익(수수료)
1707,201109,0011892,우리자산신탁,A2,수수료비용,0,0,부동산신탁,B,SM025,부문별 손익(수수료)
1708,201112,0011892,우리자산신탁,A,수수료손익,3418642706,11821428447,부동산신탁,B,SM025,부문별 손익(수수료)
1709,201112,0011892,우리자산신탁,A1,수수료수익,3418642706,11821428447,부동산신탁,B,SM025,부문별 손익(수수료)
1710,201112,0011892,우리자산신탁,A11,집합투자기구운용보수,0,0,부동산신탁,B,SM025,부문별 손익(수수료)
1711,201112,0011892,우리자산신탁,A12,신탁보수,2857693784,9903375938,부동산신탁,B,SM025,부문별 손익(수수료)
1712,201112,0011892,우리자산신탁,A121,금전신탁,0,0,부동산신탁,B,SM025,부문별 손익(수수료)
1713,201112,0011892,우리자산신탁,A122,토지신탁,1483055000,5246154500,부동산신탁,B,SM025,부문별 손익(수수료)
1714,201112,0011892,우리자산신탁,A123,관리신탁,32245896,111169091,부동산신탁,B,SM025,부문별 손익(수수료)
1715,201112,0011892,우리자산신탁,A124,처분신탁,31124760,112862146,부동산신탁,B,SM025,부문별 손익(수수료)
1716,201112,0011892,우리자산신탁,A125,담보신탁,989461539,3228299039,부동산신탁,B,SM025,부문별 손익(수수료)
1717,201112,0011892,우리자산신탁,A126,분양관리신탁,321806589,1204891162,부동산신탁,B,SM025,부문별 손익(수수료)
1718,201112,0011892,우리자산신탁,A127,기타,0,0,부동산신탁,B,SM025,부문별 손익(수수료)
1719,201112,0011892,우리자산신탁,A13,대리업무보수,457948922,1404007054,부동산신탁,B,SM025,부문별 손익(수수료)
1720,201112,0011892,우리자산신탁,A14,기타,103000000,514045455,부동산신탁,B,SM025,부문별 손익(수수료)
1721,201112,0011892,우리자산신탁,A2,수수료비용,0,0,부동산신탁,B,SM025,부문별 손익(수수료)
1722,201203,0011892,우리자산신탁,A,수수료손익,2107800302,2107800302,부동산신탁,B,SM025,부문별 손익(수수료)
1723,201203,0011892,우리자산신탁,A1,수수료수익,2107800302,2107800302,부동산신탁,B,SM025,부문별 손익(수수료)
1724,201203,0011892,우리자산신탁,A11,집합투자기구운용보수,0,0,부동산신탁,B,SM025,부문별 손익(수수료)
1725,201203,0011892,우리자산신탁,A12,신탁보수,1474146298,1474146298,부동산신탁,B,SM025,부문별 손익(수수료)
1726,201203,0011892,우리자산신탁,A121,금전신탁,0,0,부동산신탁,B,SM025,부문별 손익(수수료)
1727,201203,0011892,우리자산신탁,A122,토지신탁,592508300,592508300,부동산신탁,B,SM025,부문별 손익(수수료)
1728,201203,0011892,우리자산신탁,A123,관리신탁,32605298,32605298,부동산신탁,B,SM025,부문별 손익(수수료)
1729,201203,0011892,우리자산신탁,A124,처분신탁,30874794,30874794,부동산신탁,B,SM025,부문별 손익(수수료)
1730,201203,0011892,우리자산신탁,A125,담보신탁,526315339,526315339,부동산신탁,B,SM025,부문별 손익(수수료)
1731,201203,0011892,우리자산신탁,A126,분양관리신탁,291842567,291842567,부동산신탁,B,SM025,부문별 손익(수수료)
1732,201203,0011892,우리자산신탁,A127,기타,0,0,부동산신탁,B,SM025,부문별 손익(수수료)
1733,201203,0011892,우리자산신탁,A13,대리업무보수,596654004,596654004,부동산신탁,B,SM025,부문별 손익(수수료)
1734,201203,0011892,우리자산신탁,A14,기타,37000000,37000000,부동산신탁,B,SM025,부문별 손익(수수료)
1735,201203,0011892,우리자산신탁,A2,수수료비용,0,0,부동산신탁,B,SM025,부문별 손익(수수료)
1736,201206,0011892,우리자산신탁,A,수수료손익,3812816987,5920617289,부동산신탁,B,SM025,부문별 손익(수수료)
1737,201206,0011892,우리자산신탁,A1,수수료수익,3812816987,5920617289,부동산신탁,B,SM025,부문별 손익(수수료)
1738,201206,0011892,우리자산신탁,A11,집합투자기구운용보수,0,0,부동산신탁,B,SM025,부문별 손익(수수료)
1739,201206,0011892,우리자산신탁,A12,신탁보수,2807588897,4281735195,부동산신탁,B,SM025,부문별 손익(수수료)
1740,201206,0011892,우리자산신탁,A121,금전신탁,0,0,부동산신탁,B,SM025,부문별 손익(수수료)
1741,201206,0011892,우리자산신탁,A122,토지신탁,1518006300,2110514600,부동산신탁,B,SM025,부문별 손익(수수료)
1742,201206,0011892,우리자산신탁,A123,관리신탁,36003941,68609239,부동산신탁,B,SM025,부문별 손익(수수료)
1743,201206,0011892,우리자산신탁,A124,처분신탁,48259578,79134372,부동산신탁,B,SM025,부문별 손익(수수료)
1744,201206,0011892,우리자산신탁,A125,담보신탁,847591242,1373906581,부동산신탁,B,SM025,부문별 손익(수수료)
1745,201206,0011892,우리자산신탁,A126,분양관리신탁,357727836,649570403,부동산신탁,B,SM025,부문별 손익(수수료)
1746,201206,0011892,우리자산신탁,A127,기타,0,0,부동산신탁,B,SM025,부문별 손익(수수료)
1747,201206,0011892,우리자산신탁,A13,대리업무보수,904228090,1500882094,부동산신탁,B,SM025,부문별 손익(수수료)
1748,201206,0011892,우리자산신탁,A14,기타,101000000,138000000,부동산신탁,B,SM025,부문별 손익(수수료)
1749,201206,0011892,우리자산신탁,A2,수수료비용,0,0,부동산신탁,B,SM025,부문별 손익(수수료)
1750,201209,0011892,우리자산신탁,A,수수료손익,3507677498,9428294787,부동산신탁,B,SM025,부문별 손익(수수료)
1751,201209,0011892,우리자산신탁,A1,수수료수익,3507677498,9428294787,부동산신탁,B,SM025,부문별 손익(수수료)
1752,201209,0011892,우리자산신탁,A11,집합투자기구운용보수,0,0,부동산신탁,B,SM025,부문별 손익(수수료)
1753,201209,0011892,우리자산신탁,A12,신탁보수,2318075060,6599810255,부동산신탁,B,SM025,부문별 손익(수수료)
1754,201209,0011892,우리자산신탁,A121,금전신탁,0,0,부동산신탁,B,SM025,부문별 손익(수수료)
1755,201209,0011892,우리자산신탁,A122,토지신탁,940803000,3051317600,부동산신탁,B,SM025,부문별 손익(수수료)
1756,201209,0011892,우리자산신탁,A123,관리신탁,45141410,113750649,부동산신탁,B,SM025,부문별 손익(수수료)
1757,201209,0011892,우리자산신탁,A124,처분신탁,79836015,158970387,부동산신탁,B,SM025,부문별 손익(수수료)
1758,201209,0011892,우리자산신탁,A125,담보신탁,892470800,2266377381,부동산신탁,B,SM025,부문별 손익(수수료)
1759,201209,0011892,우리자산신탁,A126,분양관리신탁,359823835,1009394238,부동산신탁,B,SM025,부문별 손익(수수료)
1760,201209,0011892,우리자산신탁,A127,기타,0,0,부동산신탁,B,SM025,부문별 손익(수수료)
1761,201209,0011892,우리자산신탁,A13,대리업무보수,698670992,2199553086,부동산신탁,B,SM025,부문별 손익(수수료)
1762,201209,0011892,우리자산신탁,A14,기타,490931446,628931446,부동산신탁,B,SM025,부문별 손익(수수료)
1763,201209,0011892,우리자산신탁,A2,수수료비용,0,0,부동산신탁,B,SM025,부문별 손익(수수료)
1764,201212,0011892,우리자산신탁,A,수수료손익,4958436158,14386730945,부동산신탁,B,SM025,부문별 손익(수수료)
1765,201212,0011892,우리자산신탁,A1,수수료수익,4958436158,14386730945,부동산신탁,B,SM025,부문별 손익(수수료)
1766,201212,0011892,우리자산신탁,A11,집합투자기구운용보수,0,0,부동산신탁,B,SM025,부문별 손익(수수료)
1767,201212,0011892,우리자산신탁,A12,신탁보수,3935152896,10534963151,부동산신탁,B,SM025,부문별 손익(수수료)
1768,201212,0011892,우리자산신탁,A121,금전신탁,0,0,부동산신탁,B,SM025,부문별 손익(수수료)
1769,201212,0011892,우리자산신탁,A122,토지신탁,1885475500,4936793100,부동산신탁,B,SM025,부문별 손익(수수료)
1770,201212,0011892,우리자산신탁,A123,관리신탁,46591414,160342063,부동산신탁,B,SM025,부문별 손익(수수료)
1771,201212,0011892,우리자산신탁,A124,처분신탁,595874600,754844987,부동산신탁,B,SM025,부문별 손익(수수료)
1772,201212,0011892,우리자산신탁,A125,담보신탁,935750345,3202127726,부동산신탁,B,SM025,부문별 손익(수수료)
1773,201212,0011892,우리자산신탁,A126,분양관리신탁,471461037,1480855275,부동산신탁,B,SM025,부문별 손익(수수료)
1774,201212,0011892,우리자산신탁,A127,기타,0,0,부동산신탁,B,SM025,부문별 손익(수수료)
1775,201212,0011892,우리자산신탁,A13,대리업무보수,674214708,2873767794,부동산신탁,B,SM025,부문별 손익(수수료)
1776,201212,0011892,우리자산신탁,A14,기타,349068554,978000000,부동산신탁,B,SM025,부문별 손익(수수료)
1777,201212,0011892,우리자산신탁,A2,수수료비용,0,0,부동산신탁,B,SM025,부문별 손익(수수료)
1778,201303,0011892,우리자산신탁,A,수수료손익,3144375268,3144375268,부동산신탁,B,SM025,부문별 손익(수수료)
1779,201303,0011892,우리자산신탁,A1,수수료수익,3144375268,3144375268,부동산신탁,B,SM025,부문별 손익(수수료)
1780,201303,0011892,우리자산신탁,A11,집합투자기구운용보수,0,0,부동산신탁,B,SM025,부문별 손익(수수료)
1781,201303,0011892,우리자산신탁,A12,신탁보수,2537418015,2537418015,부동산신탁,B,SM025,부문별 손익(수수료)
1782,201303,0011892,우리자산신탁,A121,금전신탁,0,0,부동산신탁,B,SM025,부문별 손익(수수료)
1783,201303,0011892,우리자산신탁,A122,토지신탁,1073155600,1073155600,부동산신탁,B,SM025,부문별 손익(수수료)
1784,201303,0011892,우리자산신탁,A123,관리신탁,71680136,71680136,부동산신탁,B,SM025,부문별 손익(수수료)
1785,201303,0011892,우리자산신탁,A124,처분신탁,9208708,9208708,부동산신탁,B,SM025,부문별 손익(수수료)
1786,201303,0011892,우리자산신탁,A125,담보신탁,716674500,716674500,부동산신탁,B,SM025,부문별 손익(수수료)
1787,201303,0011892,우리자산신탁,A126,분양관리신탁,666699071,666699071,부동산신탁,B,SM025,부문별 손익(수수료)
1788,201303,0011892,우리자산신탁,A127,기타,0,0,부동산신탁,B,SM025,부문별 손익(수수료)
1789,201303,0011892,우리자산신탁,A13,대리업무보수,546957253,546957253,부동산신탁,B,SM025,부문별 손익(수수료)
1790,201303,0011892,우리자산신탁,A14,기타,60000000,60000000,부동산신탁,B,SM025,부문별 손익(수수료)
1791,201303,0011892,우리자산신탁,A2,수수료비용,0,0,부동산신탁,B,SM025,부문별 손익(수수료)
1792,201306,0011892,우리자산신탁,A,수수료손익,4055130158,7199505426,부동산신탁,B,SM025,부문별 손익(수수료)
1793,201306,0011892,우리자산신탁,A1,수수료수익,4055130158,7199505426,부동산신탁,B,SM025,부문별 손익(수수료)
1794,201306,0011892,우리자산신탁,A11,집합투자기구운용보수,0,0,부동산신탁,B,SM025,부문별 손익(수수료)
1795,201306,0011892,우리자산신탁,A12,신탁보수,3421415135,5958833150,부동산신탁,B,SM025,부문별 손익(수수료)
1796,201306,0011892,우리자산신탁,A121,금전신탁,0,0,부동산신탁,B,SM025,부문별 손익(수수료)
1797,201306,0011892,우리자산신탁,A122,토지신탁,1395714260,2468869860,부동산신탁,B,SM025,부문별 손익(수수료)
1798,201306,0011892,우리자산신탁,A123,관리신탁,52069305,123749441,부동산신탁,B,SM025,부문별 손익(수수료)
1799,201306,0011892,우리자산신탁,A124,처분신탁,0,9208708,부동산신탁,B,SM025,부문별 손익(수수료)
1800,201306,0011892,우리자산신탁,A125,담보신탁,1442840000,2159514500,부동산신탁,B,SM025,부문별 손익(수수료)
1801,201306,0011892,우리자산신탁,A126,분양관리신탁,530791570,1197490641,부동산신탁,B,SM025,부문별 손익(수수료)
1802,201306,0011892,우리자산신탁,A127,기타,0,0,부동산신탁,B,SM025,부문별 손익(수수료)
1803,201306,0011892,우리자산신탁,A13,대리업무보수,550715023,1097672276,부동산신탁,B,SM025,부문별 손익(수수료)
1804,201306,0011892,우리자산신탁,A14,기타,83000000,143000000,부동산신탁,B,SM025,부문별 손익(수수료)
1805,201306,0011892,우리자산신탁,A2,수수료비용,0,0,부동산신탁,B,SM025,부문별 손익(수수료)
1806,201309,0011892,우리자산신탁,A,수수료손익,3384550465,10584055891,부동산신탁,B,SM025,부문별 손익(수수료)
1807,201309,0011892,우리자산신탁,A1,수수료수익,3384550465,10584055891,부동산신탁,B,SM025,부문별 손익(수수료)
1808,201309,0011892,우리자산신탁,A11,집합투자기구운용보수,0,0,부동산신탁,B,SM025,부문별 손익(수수료)
1809,201309,0011892,우리자산신탁,A12,신탁보수,2723791946,8682625096,부동산신탁,B,SM025,부문별 손익(수수료)
1810,201309,0011892,우리자산신탁,A121,금전신탁,0,0,부동산신탁,B,SM025,부문별 손익(수수료)
1811,201309,0011892,우리자산신탁,A122,토지신탁,977971680,3446841540,부동산신탁,B,SM025,부문별 손익(수수료)
1812,201309,0011892,우리자산신탁,A123,관리신탁,61819922,185569363,부동산신탁,B,SM025,부문별 손익(수수료)
1813,201309,0011892,우리자산신탁,A124,처분신탁,40092339,49301047,부동산신탁,B,SM025,부문별 손익(수수료)
1814,201309,0011892,우리자산신탁,A125,담보신탁,1244239000,3403753500,부동산신탁,B,SM025,부문별 손익(수수료)
1815,201309,0011892,우리자산신탁,A126,분양관리신탁,399669005,1597159646,부동산신탁,B,SM025,부문별 손익(수수료)
1816,201309,0011892,우리자산신탁,A127,기타,0,0,부동산신탁,B,SM025,부문별 손익(수수료)
1817,201309,0011892,우리자산신탁,A13,대리업무보수,616758519,1714430795,부동산신탁,B,SM025,부문별 손익(수수료)
1818,201309,0011892,우리자산신탁,A14,기타,44000000,187000000,부동산신탁,B,SM025,부문별 손익(수수료)
1819,201309,0011892,우리자산신탁,A2,수수료비용,0,0,부동산신탁,B,SM025,부문별 손익(수수료)
1820,201312,0011892,우리자산신탁,A,수수료손익,6242660816,16826716707,부동산신탁,B,SM025,부문별 손익(수수료)
1821,201312,0011892,우리자산신탁,A1,수수료수익,6242660816,16826716707,부동산신탁,B,SM025,부문별 손익(수수료)
1822,201312,0011892,우리자산신탁,A11,집합투자기구운용보수,0,0,부동산신탁,B,SM025,부문별 손익(수수료)
1823,201312,0011892,우리자산신탁,A12,신탁보수,5409257574,14091882670,부동산신탁,B,SM025,부문별 손익(수수료)
1824,201312,0011892,우리자산신탁,A121,금전신탁,0,0,부동산신탁,B,SM025,부문별 손익(수수료)
1825,201312,0011892,우리자산신탁,A122,토지신탁,1510999650,4957841190,부동산신탁,B,SM025,부문별 손익(수수료)
1826,201312,0011892,우리자산신탁,A123,관리신탁,43688592,229257955,부동산신탁,B,SM025,부문별 손익(수수료)
1827,201312,0011892,우리자산신탁,A124,처분신탁,1706727394,1756028441,부동산신탁,B,SM025,부문별 손익(수수료)
1828,201312,0011892,우리자산신탁,A125,담보신탁,1727330159,5131083659,부동산신탁,B,SM025,부문별 손익(수수료)
1829,201312,0011892,우리자산신탁,A126,분양관리신탁,420511779,2017671425,부동산신탁,B,SM025,부문별 손익(수수료)
1830,201312,0011892,우리자산신탁,A127,기타,0,0,부동산신탁,B,SM025,부문별 손익(수수료)
1831,201312,0011892,우리자산신탁,A13,대리업무보수,766403242,2480834037,부동산신탁,B,SM025,부문별 손익(수수료)
1832,201312,0011892,우리자산신탁,A14,기타,67000000,254000000,부동산신탁,B,SM025,부문별 손익(수수료)
1833,201312,0011892,우리자산신탁,A2,수수료비용,0,0,부동산신탁,B,SM025,부문별 손익(수수료)
1834,201403,0011892,우리자산신탁,A,수수료손익,4539260384,4539260384,부동산신탁,B,SM025,부문별 손익(수수료)
1835,201403,0011892,우리자산신탁,A1,수수료수익,4539260384,4539260384,부동산신탁,B,SM025,부문별 손익(수수료)
1836,201403,0011892,우리자산신탁,A11,집합투자기구운용보수,0,0,부동산신탁,B,SM025,부문별 손익(수수료)
1837,201403,0011892,우리자산신탁,A12,신탁보수,3701708374,3701708374,부동산신탁,B,SM025,부문별 손익(수수료)
1838,201403,0011892,우리자산신탁,A121,금전신탁,0,0,부동산신탁,B,SM025,부문별 손익(수수료)
1839,201403,0011892,우리자산신탁,A122,토지신탁,887470470,887470470,부동산신탁,B,SM025,부문별 손익(수수료)
1840,201403,0011892,우리자산신탁,A123,관리신탁,38562609,38562609,부동산신탁,B,SM025,부문별 손익(수수료)
1841,201403,0011892,우리자산신탁,A124,처분신탁,106866414,106866414,부동산신탁,B,SM025,부문별 손익(수수료)
1842,201403,0011892,우리자산신탁,A125,담보신탁,2257028010,2257028010,부동산신탁,B,SM025,부문별 손익(수수료)
1843,201403,0011892,우리자산신탁,A126,분양관리신탁,411780871,411780871,부동산신탁,B,SM025,부문별 손익(수수료)
1844,201403,0011892,우리자산신탁,A127,기타,0,0,부동산신탁,B,SM025,부문별 손익(수수료)
1845,201403,0011892,우리자산신탁,A13,대리업무보수,808006555,808006555,부동산신탁,B,SM025,부문별 손익(수수료)
1846,201403,0011892,우리자산신탁,A14,기타,29545455,29545455,부동산신탁,B,SM025,부문별 손익(수수료)
1847,201403,0011892,우리자산신탁,A2,수수료비용,0,0,부동산신탁,B,SM025,부문별 손익(수수료)
1848,201406,0011892,우리자산신탁,A,수수료손익,4905940272,9445200656,부동산신탁,B,SM025,부문별 손익(수수료)
1849,201406,0011892,우리자산신탁,A1,수수료수익,4905940272,9445200656,부동산신탁,B,SM025,부문별 손익(수수료)
1850,201406,0011892,우리자산신탁,A11,집합투자기구운용보수,0,0,부동산신탁,B,SM025,부문별 손익(수수료)
1851,201406,0011892,우리자산신탁,A12,신탁보수,3835429197,7537137571,부동산신탁,B,SM025,부문별 손익(수수료)
1852,201406,0011892,우리자산신탁,A121,금전신탁,0,0,부동산신탁,B,SM025,부문별 손익(수수료)
1853,201406,0011892,우리자산신탁,A122,토지신탁,1257516990,2144987460,부동산신탁,B,SM025,부문별 손익(수수료)
1854,201406,0011892,우리자산신탁,A123,관리신탁,44726713,83289322,부동산신탁,B,SM025,부문별 손익(수수료)
1855,201406,0011892,우리자산신탁,A124,처분신탁,345415844,452282258,부동산신탁,B,SM025,부문별 손익(수수료)
1856,201406,0011892,우리자산신탁,A125,담보신탁,1799232515,4056260525,부동산신탁,B,SM025,부문별 손익(수수료)
1857,201406,0011892,우리자산신탁,A126,분양관리신탁,388537135,800318006,부동산신탁,B,SM025,부문별 손익(수수료)
1858,201406,0011892,우리자산신탁,A127,기타,0,0,부동산신탁,B,SM025,부문별 손익(수수료)
1859,201406,0011892,우리자산신탁,A13,대리업무보수,1027511075,1835517630,부동산신탁,B,SM025,부문별 손익(수수료)
1860,201406,0011892,우리자산신탁,A14,기타,43000000,72545455,부동산신탁,B,SM025,부문별 손익(수수료)
1861,201406,0011892,우리자산신탁,A2,수수료비용,0,0,부동산신탁,B,SM025,부문별 손익(수수료)
1862,201409,0011892,우리자산신탁,A,수수료손익,4620900722,14066101378,부동산신탁,B,SM025,부문별 손익(수수료)
1863,201409,0011892,우리자산신탁,A1,수수료수익,4620900722,14066101378,부동산신탁,B,SM025,부문별 손익(수수료)
1864,201409,0011892,우리자산신탁,A11,집합투자기구운용보수,0,0,부동산신탁,B,SM025,부문별 손익(수수료)
1865,201409,0011892,우리자산신탁,A12,신탁보수,3428691607,10965829178,부동산신탁,B,SM025,부문별 손익(수수료)
1866,201409,0011892,우리자산신탁,A121,금전신탁,0,0,부동산신탁,B,SM025,부문별 손익(수수료)
1867,201409,0011892,우리자산신탁,A122,토지신탁,1455322980,3600310440,부동산신탁,B,SM025,부문별 손익(수수료)
1868,201409,0011892,우리자산신탁,A123,관리신탁,43738015,127027337,부동산신탁,B,SM025,부문별 손익(수수료)
1869,201409,0011892,우리자산신탁,A124,처분신탁,28433187,480715445,부동산신탁,B,SM025,부문별 손익(수수료)
1870,201409,0011892,우리자산신탁,A125,담보신탁,1570452339,5626712864,부동산신탁,B,SM025,부문별 손익(수수료)
1871,201409,0011892,우리자산신탁,A126,분양관리신탁,330745086,1131063092,부동산신탁,B,SM025,부문별 손익(수수료)
1872,201409,0011892,우리자산신탁,A127,기타,0,0,부동산신탁,B,SM025,부문별 손익(수수료)
1873,201409,0011892,우리자산신탁,A13,대리업무보수,1162209115,2997726745,부동산신탁,B,SM025,부문별 손익(수수료)
1874,201409,0011892,우리자산신탁,A14,기타,30000000,102545455,부동산신탁,B,SM025,부문별 손익(수수료)
1875,201409,0011892,우리자산신탁,A2,수수료비용,0,0,부동산신탁,B,SM025,부문별 손익(수수료)
1876,201412,0011892,우리자산신탁,A,수수료손익,6654455554,20720556932,부동산신탁,B,SM025,부문별 손익(수수료)
1877,201412,0011892,우리자산신탁,A1,수수료수익,6654455554,20720556932,부동산신탁,B,SM025,부문별 손익(수수료)
1878,201412,0011892,우리자산신탁,A11,집합투자기구운용보수,0,0,부동산신탁,B,SM025,부문별 손익(수수료)
1879,201412,0011892,우리자산신탁,A12,신탁보수,5369214869,16335044047,부동산신탁,B,SM025,부문별 손익(수수료)
1880,201412,0011892,우리자산신탁,A121,금전신탁,0,0,부동산신탁,B,SM025,부문별 손익(수수료)
1881,201412,0011892,우리자산신탁,A122,토지신탁,2518641570,6118952010,부동산신탁,B,SM025,부문별 손익(수수료)
1882,201412,0011892,우리자산신탁,A123,관리신탁,45819307,172846644,부동산신탁,B,SM025,부문별 손익(수수료)
1883,201412,0011892,우리자산신탁,A124,처분신탁,21488795,502204240,부동산신탁,B,SM025,부문별 손익(수수료)
1884,201412,0011892,우리자산신탁,A125,담보신탁,2326428080,7953140944,부동산신탁,B,SM025,부문별 손익(수수료)
1885,201412,0011892,우리자산신탁,A126,분양관리신탁,456837117,1587900209,부동산신탁,B,SM025,부문별 손익(수수료)
1886,201412,0011892,우리자산신탁,A127,기타,0,0,부동산신탁,B,SM025,부문별 손익(수수료)
1887,201412,0011892,우리자산신탁,A13,대리업무보수,1267240685,4264967430,부동산신탁,B,SM025,부문별 손익(수수료)
1888,201412,0011892,우리자산신탁,A14,기타,18000000,120545455,부동산신탁,B,SM025,부문별 손익(수수료)
1889,201412,0011892,우리자산신탁,A2,수수료비용,0,0,부동산신탁,B,SM025,부문별 손익(수수료)
1890,201503,0011892,우리자산신탁,A,수수료손익,4619520520,4619520520,부동산신탁,B,SM025,부문별 손익(수수료)
1891,201503,0011892,우리자산신탁,A1,수수료수익,4619520520,4619520520,부동산신탁,B,SM025,부문별 손익(수수료)
1892,201503,0011892,우리자산신탁,A11,집합투자기구운용보수,0,0,부동산신탁,B,SM025,부문별 손익(수수료)
1893,201503,0011892,우리자산신탁,A12,신탁보수,3223342958,3223342958,부동산신탁,B,SM025,부문별 손익(수수료)
1894,201503,0011892,우리자산신탁,A121,금전신탁,0,0,부동산신탁,B,SM025,부문별 손익(수수료)
1895,201503,0011892,우리자산신탁,A122,토지신탁,742302100,742302100,부동산신탁,B,SM025,부문별 손익(수수료)
1896,201503,0011892,우리자산신탁,A123,관리신탁,69754127,69754127,부동산신탁,B,SM025,부문별 손익(수수료)
1897,201503,0011892,우리자산신탁,A124,처분신탁,80481488,80481488,부동산신탁,B,SM025,부문별 손익(수수료)
1898,201503,0011892,우리자산신탁,A125,담보신탁,1810739335,1810739335,부동산신탁,B,SM025,부문별 손익(수수료)
1899,201503,0011892,우리자산신탁,A126,분양관리신탁,520065908,520065908,부동산신탁,B,SM025,부문별 손익(수수료)
1900,201503,0011892,우리자산신탁,A127,기타,0,0,부동산신탁,B,SM025,부문별 손익(수수료)
1901,201503,0011892,우리자산신탁,A13,대리업무보수,1353177562,1353177562,부동산신탁,B,SM025,부문별 손익(수수료)
1902,201503,0011892,우리자산신탁,A14,기타,43000000,43000000,부동산신탁,B,SM025,부문별 손익(수수료)
1903,201503,0011892,우리자산신탁,A2,수수료비용,0,0,부동산신탁,B,SM025,부문별 손익(수수료)
1904,201506,0011892,우리자산신탁,A,수수료손익,7729036375,12348556895,부동산신탁,B,SM025,부문별 손익(수수료)
1905,201506,0011892,우리자산신탁,A1,수수료수익,7729036375,12348556895,부동산신탁,B,SM025,부문별 손익(수수료)
1906,201506,0011892,우리자산신탁,A11,집합투자기구운용보수,0,0,부동산신탁,B,SM025,부문별 손익(수수료)
1907,201506,0011892,우리자산신탁,A12,신탁보수,6228901195,9452244153,부동산신탁,B,SM025,부문별 손익(수수료)
1908,201506,0011892,우리자산신탁,A121,금전신탁,0,0,부동산신탁,B,SM025,부문별 손익(수수료)
1909,201506,0011892,우리자산신탁,A122,토지신탁,3188617010,3930919110,부동산신탁,B,SM025,부문별 손익(수수료)
1910,201506,0011892,우리자산신탁,A123,관리신탁,25536659,95290786,부동산신탁,B,SM025,부문별 손익(수수료)
1911,201506,0011892,우리자산신탁,A124,처분신탁,84000000,164481488,부동산신탁,B,SM025,부문별 손익(수수료)
1912,201506,0011892,우리자산신탁,A125,담보신탁,2425513166,4236252501,부동산신탁,B,SM025,부문별 손익(수수료)
1913,201506,0011892,우리자산신탁,A126,분양관리신탁,505234360,1025300268,부동산신탁,B,SM025,부문별 손익(수수료)
1914,201506,0011892,우리자산신탁,A127,기타,0,0,부동산신탁,B,SM025,부문별 손익(수수료)
1915,201506,0011892,우리자산신탁,A13,대리업무보수,1475135180,2828312742,부동산신탁,B,SM025,부문별 손익(수수료)
1916,201506,0011892,우리자산신탁,A14,기타,25000000,68000000,부동산신탁,B,SM025,부문별 손익(수수료)
1917,201506,0011892,우리자산신탁,A2,수수료비용,0,0,부동산신탁,B,SM025,부문별 손익(수수료)
1918,201509,0011892,우리자산신탁,A,수수료손익,7041752819,19390309714,부동산신탁,B,SM025,부문별 손익(수수료)
1919,201509,0011892,우리자산신탁,A1,수수료수익,7041752819,19390309714,부동산신탁,B,SM025,부문별 손익(수수료)
1920,201509,0011892,우리자산신탁,A11,집합투자기구운용보수,0,0,부동산신탁,B,SM025,부문별 손익(수수료)
1921,201509,0011892,우리자산신탁,A12,신탁보수,5023296091,14475540244,부동산신탁,B,SM025,부문별 손익(수수료)
1922,201509,0011892,우리자산신탁,A121,금전신탁,0,0,부동산신탁,B,SM025,부문별 손익(수수료)
1923,201509,0011892,우리자산신탁,A122,토지신탁,1866352590,5797271700,부동산신탁,B,SM025,부문별 손익(수수료)
1924,201509,0011892,우리자산신탁,A123,관리신탁,25416221,120707007,부동산신탁,B,SM025,부문별 손익(수수료)
1925,201509,0011892,우리자산신탁,A124,처분신탁,90526660,255008148,부동산신탁,B,SM025,부문별 손익(수수료)
1926,201509,0011892,우리자산신탁,A125,담보신탁,2418033263,6654285764,부동산신탁,B,SM025,부문별 손익(수수료)
1927,201509,0011892,우리자산신탁,A126,분양관리신탁,622967357,1648267625,부동산신탁,B,SM025,부문별 손익(수수료)
1928,201509,0011892,우리자산신탁,A127,기타,0,0,부동산신탁,B,SM025,부문별 손익(수수료)
1929,201509,0011892,우리자산신탁,A13,대리업무보수,2001856728,4830169470,부동산신탁,B,SM025,부문별 손익(수수료)
1930,201509,0011892,우리자산신탁,A14,기타,16600000,84600000,부동산신탁,B,SM025,부문별 손익(수수료)
1931,201509,0011892,우리자산신탁,A2,수수료비용,0,0,부동산신탁,B,SM025,부문별 손익(수수료)
1932,201512,0011892,우리자산신탁,A,수수료손익,7791878976,27182188690,부동산신탁,B,SM025,부문별 손익(수수료)
1933,201512,0011892,우리자산신탁,A1,수수료수익,7800438976,27190748690,부동산신탁,B,SM025,부문별 손익(수수료)
1934,201512,0011892,우리자산신탁,A11,집합투자기구운용보수,0,0,부동산신탁,B,SM025,부문별 손익(수수료)
1935,201512,0011892,우리자산신탁,A12,신탁보수,6009580767,20485121011,부동산신탁,B,SM025,부문별 손익(수수료)
1936,201512,0011892,우리자산신탁,A121,금전신탁,0,0,부동산신탁,B,SM025,부문별 손익(수수료)
1937,201512,0011892,우리자산신탁,A122,토지신탁,2785649300,8582921000,부동산신탁,B,SM025,부문별 손익(수수료)
1938,201512,0011892,우리자산신탁,A123,관리신탁,26582269,147289276,부동산신탁,B,SM025,부문별 손익(수수료)
1939,201512,0011892,우리자산신탁,A124,처분신탁,64727273,319735421,부동산신탁,B,SM025,부문별 손익(수수료)
1940,201512,0011892,우리자산신탁,A125,담보신탁,2321826512,8976112276,부동산신탁,B,SM025,부문별 손익(수수료)
1941,201512,0011892,우리자산신탁,A126,분양관리신탁,810795413,2459063038,부동산신탁,B,SM025,부문별 손익(수수료)
1942,201512,0011892,우리자산신탁,A127,기타,0,0,부동산신탁,B,SM025,부문별 손익(수수료)
1943,201512,0011892,우리자산신탁,A13,대리업무보수,1623658209,6453827679,부동산신탁,B,SM025,부문별 손익(수수료)
1944,201512,0011892,우리자산신탁,A14,기타,167200000,251800000,부동산신탁,B,SM025,부문별 손익(수수료)
1945,201512,0011892,우리자산신탁,A2,수수료비용,8560000,8560000,부동산신탁,B,SM025,부문별 손익(수수료)
1946,201603,0011892,우리자산신탁,A,수수료손익,9686337964,9686337964,부동산신탁,B,SM025,부문별 손익(수수료)
1947,201603,0011892,우리자산신탁,A1,수수료수익,9686337964,9686337964,부동산신탁,B,SM025,부문별 손익(수수료)
1948,201603,0011892,우리자산신탁,A11,집합투자기구운용보수,0,0,부동산신탁,B,SM025,부문별 손익(수수료)
1949,201603,0011892,우리자산신탁,A12,신탁보수,7637950877,7637950877,부동산신탁,B,SM025,부문별 손익(수수료)
1950,201603,0011892,우리자산신탁,A121,금전신탁,0,0,부동산신탁,B,SM025,부문별 손익(수수료)
1951,201603,0011892,우리자산신탁,A122,토지신탁,3996613200,3996613200,부동산신탁,B,SM025,부문별 손익(수수료)
1952,201603,0011892,우리자산신탁,A123,관리신탁,25511531,25511531,부동산신탁,B,SM025,부문별 손익(수수료)
1953,201603,0011892,우리자산신탁,A124,처분신탁,54463800,54463800,부동산신탁,B,SM025,부문별 손익(수수료)
1954,201603,0011892,우리자산신탁,A125,담보신탁,2802599700,2802599700,부동산신탁,B,SM025,부문별 손익(수수료)
1955,201603,0011892,우리자산신탁,A126,분양관리신탁,758762646,758762646,부동산신탁,B,SM025,부문별 손익(수수료)
1956,201603,0011892,우리자산신탁,A127,기타,0,0,부동산신탁,B,SM025,부문별 손익(수수료)
1957,201603,0011892,우리자산신탁,A13,대리업무보수,2034187087,2034187087,부동산신탁,B,SM025,부문별 손익(수수료)
1958,201603,0011892,우리자산신탁,A14,기타,14200000,14200000,부동산신탁,B,SM025,부문별 손익(수수료)
1959,201603,0011892,우리자산신탁,A2,수수료비용,0,0,부동산신탁,B,SM025,부문별 손익(수수료)
1960,201606,0011892,우리자산신탁,A,수수료손익,9069322090,18755660054,부동산신탁,B,SM025,부문별 손익(수수료)
1961,201606,0011892,우리자산신탁,A1,수수료수익,9069322090,18755660054,부동산신탁,B,SM025,부문별 손익(수수료)
1962,201606,0011892,우리자산신탁,A11,집합투자기구운용보수,0,0,부동산신탁,B,SM025,부문별 손익(수수료)
1963,201606,0011892,우리자산신탁,A12,신탁보수,11055189177,18693140054,부동산신탁,B,SM025,부문별 손익(수수료)
1964,201606,0011892,우리자산신탁,A121,금전신탁,0,0,부동산신탁,B,SM025,부문별 손익(수수료)
1965,201606,0011892,우리자산신탁,A122,토지신탁,2861458800,6858072000,부동산신탁,B,SM025,부문별 손익(수수료)
1966,201606,0011892,우리자산신탁,A123,관리신탁,20652669,46164200,부동산신탁,B,SM025,부문별 손익(수수료)
1967,201606,0011892,우리자산신탁,A124,처분신탁,92850607,147314407,부동산신탁,B,SM025,부문별 손익(수수료)
1968,201606,0011892,우리자산신탁,A125,담보신탁,2490129563,5292729263,부동산신탁,B,SM025,부문별 손익(수수료)
1969,201606,0011892,우리자산신탁,A126,분양관리신탁,615257818,1374020464,부동산신탁,B,SM025,부문별 손익(수수료)
1970,201606,0011892,우리자산신탁,A127,기타,4974839720,4974839720,부동산신탁,B,SM025,부문별 손익(수수료)
1971,201606,0011892,우리자산신탁,A13,대리업무보수,-2034187087,0,부동산신탁,B,SM025,부문별 손익(수수료)
1972,201606,0011892,우리자산신탁,A14,기타,48320000,62520000,부동산신탁,B,SM025,부문별 손익(수수료)
1973,201606,0011892,우리자산신탁,A2,수수료비용,0,0,부동산신탁,B,SM025,부문별 손익(수수료)
1974,201609,0011892,우리자산신탁,A,수수료손익,10537561267,29293221321,부동산신탁,B,SM025,부문별 손익(수수료)
1975,201609,0011892,우리자산신탁,A1,수수료수익,10732497303,29488157357,부동산신탁,B,SM025,부문별 손익(수수료)
1976,201609,0011892,우리자산신탁,A11,집합투자기구운용보수,0,0,부동산신탁,B,SM025,부문별 손익(수수료)
1977,201609,0011892,우리자산신탁,A12,신탁보수,2020310268,20713450322,부동산신탁,B,SM025,부문별 손익(수수료)
1978,201609,0011892,우리자산신탁,A121,금전신탁,0,0,부동산신탁,B,SM025,부문별 손익(수수료)
1979,201609,0011892,우리자산신탁,A122,토지신탁,2966206000,9824278000,부동산신탁,B,SM025,부문별 손익(수수료)
1980,201609,0011892,우리자산신탁,A123,관리신탁,22056182,68220382,부동산신탁,B,SM025,부문별 손익(수수료)
1981,201609,0011892,우리자산신탁,A124,처분신탁,161275692,308590099,부동산신탁,B,SM025,부문별 손익(수수료)
1982,201609,0011892,우리자산신탁,A125,담보신탁,3060471966,8353201229,부동산신탁,B,SM025,부문별 손익(수수료)
1983,201609,0011892,우리자산신탁,A126,분양관리신탁,785140148,2159160612,부동산신탁,B,SM025,부문별 손익(수수료)
1984,201609,0011892,우리자산신탁,A127,기타,-4974839720,0,부동산신탁,B,SM025,부문별 손익(수수료)
1985,201609,0011892,우리자산신탁,A13,대리업무보수,8304267035,8304267035,부동산신탁,B,SM025,부문별 손익(수수료)
1986,201609,0011892,우리자산신탁,A14,기타,407920000,470440000,부동산신탁,B,SM025,부문별 손익(수수료)
1987,201609,0011892,우리자산신탁,A2,수수료비용,194936036,194936036,부동산신탁,B,SM025,부문별 손익(수수료)
1988,201612,0011892,우리자산신탁,A,수수료손익,12399383699,41692605020,부동산신탁,B,SM025,부문별 손익(수수료)
1989,201612,0011892,우리자산신탁,A1,수수료수익,12204447663,41692605020,부동산신탁,B,SM025,부문별 손익(수수료)
1990,201612,0011892,우리자산신탁,A11,집합투자기구운용보수,0,0,부동산신탁,B,SM025,부문별 손익(수수료)
1991,201612,0011892,우리자산신탁,A12,신탁보수,8127385805,28840836127,부동산신탁,B,SM025,부문별 손익(수수료)
1992,201612,0011892,우리자산신탁,A121,금전신탁,0,0,부동산신탁,B,SM025,부문별 손익(수수료)
1993,201612,0011892,우리자산신탁,A122,토지신탁,4113642100,13937920100,부동산신탁,B,SM025,부문별 손익(수수료)
1994,201612,0011892,우리자산신탁,A123,관리신탁,31889179,100109561,부동산신탁,B,SM025,부문별 손익(수수료)
1995,201612,0011892,우리자산신탁,A124,처분신탁,280467263,589057362,부동산신탁,B,SM025,부문별 손익(수수료)
1996,201612,0011892,우리자산신탁,A125,담보신탁,2798186865,11151388094,부동산신탁,B,SM025,부문별 손익(수수료)
1997,201612,0011892,우리자산신탁,A126,분양관리신탁,903200398,3062361010,부동산신탁,B,SM025,부문별 손익(수수료)
1998,201612,0011892,우리자산신탁,A127,기타,0,0,부동산신탁,B,SM025,부문별 손익(수수료)
1999,201612,0011892,우리자산신탁,A13,대리업무보수,3836861858,12141128893,부동산신탁,B,SM025,부문별 손익(수수료)
2000,201612,0011892,우리자산신탁,A14,기타,240200000,710640000,부동산신탁,B,SM025,부문별 손익(수수료)
2001,201612,0011892,우리자산신탁,A2,수수료비용,-194936036,0,부동산신탁,B,SM025,부문별 손익(수수료)
2002,200903,0011643,코람코자산신탁,A,수수료손익,15828783261,15828783261,부동산신탁,B,SM025,부문별 손익(수수료)
2003,200903,0011643,코람코자산신탁,A1,수수료수익,15828783261,15828783261,부동산신탁,B,SM025,부문별 손익(수수료)
2004,200903,0011643,코람코자산신탁,A11,집합투자기구운용보수,13922165395,13922165395,부동산신탁,B,SM025,부문별 손익(수수료)
2005,200903,0011643,코람코자산신탁,A12,신탁보수,1706327587,1706327587,부동산신탁,B,SM025,부문별 손익(수수료)
2006,200903,0011643,코람코자산신탁,A121,금전신탁,0,0,부동산신탁,B,SM025,부문별 손익(수수료)
2007,200903,0011643,코람코자산신탁,A122,토지신탁,0,0,부동산신탁,B,SM025,부문별 손익(수수료)
2008,200903,0011643,코람코자산신탁,A123,관리신탁,26916668,26916668,부동산신탁,B,SM025,부문별 손익(수수료)
2009,200903,0011643,코람코자산신탁,A124,처분신탁,102471969,102471969,부동산신탁,B,SM025,부문별 손익(수수료)
2010,200903,0011643,코람코자산신탁,A125,담보신탁,1028722146,1028722146,부동산신탁,B,SM025,부문별 손익(수수료)
2011,200903,0011643,코람코자산신탁,A126,분양관리신탁,548216804,548216804,부동산신탁,B,SM025,부문별 손익(수수료)
2012,200903,0011643,코람코자산신탁,A127,기타,0,0,부동산신탁,B,SM025,부문별 손익(수수료)
2013,200903,0011643,코람코자산신탁,A13,대리업무보수,200290279,200290279,부동산신탁,B,SM025,부문별 손익(수수료)
2014,200903,0011643,코람코자산신탁,A14,기타,0,0,부동산신탁,B,SM025,부문별 손익(수수료)
2015,200903,0011643,코람코자산신탁,A2,수수료비용,0,0,부동산신탁,B,SM025,부문별 손익(수수료)
2016,201106,0011643,코람코자산신탁,A,수수료손익,5955091809,11467639637,부동산신탁,B,SM025,부문별 손익(수수료)
2017,201106,0011643,코람코자산신탁,A1,수수료수익,5955091809,11467639637,부동산신탁,B,SM025,부문별 손익(수수료)
2018,201106,0011643,코람코자산신탁,A11,집합투자기구운용보수,2759743967,5465441972,부동산신탁,B,SM025,부문별 손익(수수료)
2019,201106,0011643,코람코자산신탁,A12,신탁보수,2891651260,5245529250,부동산신탁,B,SM025,부문별 손익(수수료)
2020,201106,0011643,코람코자산신탁,A121,금전신탁,0,0,부동산신탁,B,SM025,부문별 손익(수수료)
2021,201106,0011643,코람코자산신탁,A122,토지신탁,1059220000,2684082864,부동산신탁,B,SM025,부문별 손익(수수료)
2022,201106,0011643,코람코자산신탁,A123,관리신탁,6833333,9299999,부동산신탁,B,SM025,부문별 손익(수수료)
2023,201106,0011643,코람코자산신탁,A124,처분신탁,99276956,192755180,부동산신탁,B,SM025,부문별 손익(수수료)
2024,201106,0011643,코람코자산신탁,A125,담보신탁,1475333355,1864776979,부동산신탁,B,SM025,부문별 손익(수수료)
2025,201106,0011643,코람코자산신탁,A126,분양관리신탁,210987616,454614228,부동산신탁,B,SM025,부문별 손익(수수료)
2026,201106,0011643,코람코자산신탁,A127,기타,40000000,40000000,부동산신탁,B,SM025,부문별 손익(수수료)
2027,201106,0011643,코람코자산신탁,A13,대리업무보수,756668415,756668415,부동산신탁,B,SM025,부문별 손익(수수료)
2028,201106,0011643,코람코자산신탁,A14,기타,-452971833,0,부동산신탁,B,SM025,부문별 손익(수수료)
2029,201106,0011643,코람코자산신탁,A2,수수료비용,0,0,부동산신탁,B,SM025,부문별 손익(수수료)
2030,201109,0011643,코람코자산신탁,A,수수료손익,6950013505,18417653142,부동산신탁,B,SM025,부문별 손익(수수료)
2031,201109,0011643,코람코자산신탁,A1,수수료수익,6950013505,18417653142,부동산신탁,B,SM025,부문별 손익(수수료)
2032,201109,0011643,코람코자산신탁,A11,집합투자기구운용보수,2946321729,8411763701,부동산신탁,B,SM025,부문별 손익(수수료)
2033,201109,0011643,코람코자산신탁,A12,신탁보수,3542457232,8787986482,부동산신탁,B,SM025,부문별 손익(수수료)
2034,201109,0011643,코람코자산신탁,A121,금전신탁,0,0,부동산신탁,B,SM025,부문별 손익(수수료)
2035,201109,0011643,코람코자산신탁,A122,토지신탁,1732245000,4416327864,부동산신탁,B,SM025,부문별 손익(수수료)
2036,201109,0011643,코람코자산신탁,A123,관리신탁,3000000,12299999,부동산신탁,B,SM025,부문별 손익(수수료)
2037,201109,0011643,코람코자산신탁,A124,처분신탁,500900838,693656018,부동산신탁,B,SM025,부문별 손익(수수료)
2038,201109,0011643,코람코자산신탁,A125,담보신탁,1051213600,2915990579,부동산신탁,B,SM025,부문별 손익(수수료)
2039,201109,0011643,코람코자산신탁,A126,분양관리신탁,230097794,684712022,부동산신탁,B,SM025,부문별 손익(수수료)
2040,201109,0011643,코람코자산신탁,A127,기타,25000000,65000000,부동산신탁,B,SM025,부문별 손익(수수료)
2041,201109,0011643,코람코자산신탁,A13,대리업무보수,461234544,1217902959,부동산신탁,B,SM025,부문별 손익(수수료)
2042,201109,0011643,코람코자산신탁,A14,기타,0,0,부동산신탁,B,SM025,부문별 손익(수수료)
2043,201109,0011643,코람코자산신탁,A2,수수료비용,0,0,부동산신탁,B,SM025,부문별 손익(수수료)
2044,201112,0011643,코람코자산신탁,A,수수료손익,10184981200,28602634342,부동산신탁,B,SM025,부문별 손익(수수료)
2045,201112,0011643,코람코자산신탁,A1,수수료수익,10184981200,28602634342,부동산신탁,B,SM025,부문별 손익(수수료)
2046,201112,0011643,코람코자산신탁,A11,집합투자기구운용보수,3958322338,12370086039,부동산신탁,B,SM025,부문별 손익(수수료)
2047,201112,0011643,코람코자산신탁,A12,신탁보수,5672377211,14460363693,부동산신탁,B,SM025,부문별 손익(수수료)
2048,201112,0011643,코람코자산신탁,A121,금전신탁,0,0,부동산신탁,B,SM025,부문별 손익(수수료)
2049,201112,0011643,코람코자산신탁,A122,토지신탁,3190648500,7606976364,부동산신탁,B,SM025,부문별 손익(수수료)
2050,201112,0011643,코람코자산신탁,A123,관리신탁,2229167,14529166,부동산신탁,B,SM025,부문별 손익(수수료)
2051,201112,0011643,코람코자산신탁,A124,처분신탁,831891304,1525547322,부동산신탁,B,SM025,부문별 손익(수수료)
2052,201112,0011643,코람코자산신탁,A125,담보신탁,1190015600,4106006179,부동산신탁,B,SM025,부문별 손익(수수료)
2053,201112,0011643,코람코자산신탁,A126,분양관리신탁,454592640,1139304662,부동산신탁,B,SM025,부문별 손익(수수료)
2054,201112,0011643,코람코자산신탁,A127,기타,3000000,68000000,부동산신탁,B,SM025,부문별 손익(수수료)
2055,201112,0011643,코람코자산신탁,A13,대리업무보수,554281651,1772184610,부동산신탁,B,SM025,부문별 손익(수수료)
2056,201112,0011643,코람코자산신탁,A14,기타,0,0,부동산신탁,B,SM025,부문별 손익(수수료)
2057,201112,0011643,코람코자산신탁,A2,수수료비용,0,0,부동산신탁,B,SM025,부문별 손익(수수료)
2058,201203,0011643,코람코자산신탁,A,수수료손익,7420971734,7420971734,부동산신탁,B,SM025,부문별 손익(수수료)
2059,201203,0011643,코람코자산신탁,A1,수수료수익,7420971734,7420971734,부동산신탁,B,SM025,부문별 손익(수수료)
2060,201203,0011643,코람코자산신탁,A11,집합투자기구운용보수,4013063147,4013063147,부동산신탁,B,SM025,부문별 손익(수수료)
2061,201203,0011643,코람코자산신탁,A12,신탁보수,3042601906,3042601906,부동산신탁,B,SM025,부문별 손익(수수료)
2062,201203,0011643,코람코자산신탁,A121,금전신탁,0,0,부동산신탁,B,SM025,부문별 손익(수수료)
2063,201203,0011643,코람코자산신탁,A122,토지신탁,2078235000,2078235000,부동산신탁,B,SM025,부문별 손익(수수료)
2064,201203,0011643,코람코자산신탁,A123,관리신탁,937500,937500,부동산신탁,B,SM025,부문별 손익(수수료)
2065,201203,0011643,코람코자산신탁,A124,처분신탁,258886584,258886584,부동산신탁,B,SM025,부문별 손익(수수료)
2066,201203,0011643,코람코자산신탁,A125,담보신탁,602550000,602550000,부동산신탁,B,SM025,부문별 손익(수수료)
2067,201203,0011643,코람코자산신탁,A126,분양관리신탁,95742822,95742822,부동산신탁,B,SM025,부문별 손익(수수료)
2068,201203,0011643,코람코자산신탁,A127,기타,6250000,6250000,부동산신탁,B,SM025,부문별 손익(수수료)
2069,201203,0011643,코람코자산신탁,A13,대리업무보수,365306681,365306681,부동산신탁,B,SM025,부문별 손익(수수료)
2070,201203,0011643,코람코자산신탁,A14,기타,0,0,부동산신탁,B,SM025,부문별 손익(수수료)
2071,201203,0011643,코람코자산신탁,A2,수수료비용,0,0,부동산신탁,B,SM025,부문별 손익(수수료)
2072,201206,0011643,코람코자산신탁,A,수수료손익,8161002286,15581974020,부동산신탁,B,SM025,부문별 손익(수수료)
2073,201206,0011643,코람코자산신탁,A1,수수료수익,8161002286,15581974020,부동산신탁,B,SM025,부문별 손익(수수료)
2074,201206,0011643,코람코자산신탁,A11,집합투자기구운용보수,2537585453,6550648600,부동산신탁,B,SM025,부문별 손익(수수료)
2075,201206,0011643,코람코자산신탁,A12,신탁보수,5394788276,8437390182,부동산신탁,B,SM025,부문별 손익(수수료)
2076,201206,0011643,코람코자산신탁,A121,금전신탁,0,0,부동산신탁,B,SM025,부문별 손익(수수료)
2077,201206,0011643,코람코자산신탁,A122,토지신탁,3020753260,5098988260,부동산신탁,B,SM025,부문별 손익(수수료)
2078,201206,0011643,코람코자산신탁,A123,관리신탁,1604166,2541666,부동산신탁,B,SM025,부문별 손익(수수료)
2079,201206,0011643,코람코자산신탁,A124,처분신탁,52306357,311192941,부동산신탁,B,SM025,부문별 손익(수수료)
2080,201206,0011643,코람코자산신탁,A125,담보신탁,1998560240,2601110240,부동산신탁,B,SM025,부문별 손익(수수료)
2081,201206,0011643,코람코자산신탁,A126,분양관리신탁,315314253,411057075,부동산신탁,B,SM025,부문별 손익(수수료)
2082,201206,0011643,코람코자산신탁,A127,기타,6250000,12500000,부동산신탁,B,SM025,부문별 손익(수수료)
2083,201206,0011643,코람코자산신탁,A13,대리업무보수,228628557,593935238,부동산신탁,B,SM025,부문별 손익(수수료)
2084,201206,0011643,코람코자산신탁,A14,기타,0,0,부동산신탁,B,SM025,부문별 손익(수수료)
2085,201206,0011643,코람코자산신탁,A2,수수료비용,0,0,부동산신탁,B,SM025,부문별 손익(수수료)
2086,201209,0011643,코람코자산신탁,A,수수료손익,13060130441,28642104461,부동산신탁,B,SM025,부문별 손익(수수료)
2087,201209,0011643,코람코자산신탁,A1,수수료수익,13060130441,28642104461,부동산신탁,B,SM025,부문별 손익(수수료)
2088,201209,0011643,코람코자산신탁,A11,집합투자기구운용보수,7737156414,14287805014,부동산신탁,B,SM025,부문별 손익(수수료)
2089,201209,0011643,코람코자산신탁,A12,신탁보수,5058557361,13495947543,부동산신탁,B,SM025,부문별 손익(수수료)
2090,201209,0011643,코람코자산신탁,A121,금전신탁,0,0,부동산신탁,B,SM025,부문별 손익(수수료)
2091,201209,0011643,코람코자산신탁,A122,토지신탁,3846615000,8945603260,부동산신탁,B,SM025,부문별 손익(수수료)
2092,201209,0011643,코람코자산신탁,A123,관리신탁,3895834,6437500,부동산신탁,B,SM025,부문별 손익(수수료)
2093,201209,0011643,코람코자산신탁,A124,처분신탁,78583685,389776626,부동산신탁,B,SM025,부문별 손익(수수료)
2094,201209,0011643,코람코자산신탁,A125,담보신탁,962615660,3563725900,부동산신탁,B,SM025,부문별 손익(수수료)
2095,201209,0011643,코람코자산신탁,A126,분양관리신탁,160597182,571654257,부동산신탁,B,SM025,부문별 손익(수수료)
2096,201209,0011643,코람코자산신탁,A127,기타,6250000,18750000,부동산신탁,B,SM025,부문별 손익(수수료)
2097,201209,0011643,코람코자산신탁,A13,대리업무보수,264416666,858351904,부동산신탁,B,SM025,부문별 손익(수수료)
2098,201209,0011643,코람코자산신탁,A14,기타,0,0,부동산신탁,B,SM025,부문별 손익(수수료)
2099,201209,0011643,코람코자산신탁,A2,수수료비용,0,0,부동산신탁,B,SM025,부문별 손익(수수료)
2100,201212,0011643,코람코자산신탁,A,수수료손익,8310144442,36952248903,부동산신탁,B,SM025,부문별 손익(수수료)
2101,201212,0011643,코람코자산신탁,A1,수수료수익,8310144442,36952248903,부동산신탁,B,SM025,부문별 손익(수수료)
2102,201212,0011643,코람코자산신탁,A11,집합투자기구운용보수,2515405759,16803210773,부동산신탁,B,SM025,부문별 손익(수수료)
2103,201212,0011643,코람코자산신탁,A12,신탁보수,5596595611,19092543154,부동산신탁,B,SM025,부문별 손익(수수료)
2104,201212,0011643,코람코자산신탁,A121,금전신탁,0,0,부동산신탁,B,SM025,부문별 손익(수수료)
2105,201212,0011643,코람코자산신탁,A122,토지신탁,4875468500,13821071760,부동산신탁,B,SM025,부문별 손익(수수료)
2106,201212,0011643,코람코자산신탁,A123,관리신탁,583333,7020833,부동산신탁,B,SM025,부문별 손익(수수료)
2107,201212,0011643,코람코자산신탁,A124,처분신탁,271135353,660911979,부동산신탁,B,SM025,부문별 손익(수수료)
2108,201212,0011643,코람코자산신탁,A125,담보신탁,334034000,3897759900,부동산신탁,B,SM025,부문별 손익(수수료)
2109,201212,0011643,코람코자산신탁,A126,분양관리신탁,64124425,635778682,부동산신탁,B,SM025,부문별 손익(수수료)
2110,201212,0011643,코람코자산신탁,A127,기타,51250000,70000000,부동산신탁,B,SM025,부문별 손익(수수료)
2111,201212,0011643,코람코자산신탁,A13,대리업무보수,188690572,1047042476,부동산신탁,B,SM025,부문별 손익(수수료)
2112,201212,0011643,코람코자산신탁,A14,기타,9452500,9452500,부동산신탁,B,SM025,부문별 손익(수수료)
2113,201212,0011643,코람코자산신탁,A2,수수료비용,0,0,부동산신탁,B,SM025,부문별 손익(수수료)
2114,201303,0011643,코람코자산신탁,A,수수료손익,7317685195,7317685195,부동산신탁,B,SM025,부문별 손익(수수료)
2115,201303,0011643,코람코자산신탁,A1,수수료수익,7317685195,7317685195,부동산신탁,B,SM025,부문별 손익(수수료)
2116,201303,0011643,코람코자산신탁,A11,집합투자기구운용보수,2457639788,2457639788,부동산신탁,B,SM025,부문별 손익(수수료)
2117,201303,0011643,코람코자산신탁,A12,신탁보수,4608260150,4608260150,부동산신탁,B,SM025,부문별 손익(수수료)
2118,201303,0011643,코람코자산신탁,A121,금전신탁,0,0,부동산신탁,B,SM025,부문별 손익(수수료)
2119,201303,0011643,코람코자산신탁,A122,토지신탁,3919285000,3919285000,부동산신탁,B,SM025,부문별 손익(수수료)
2120,201303,0011643,코람코자산신탁,A123,관리신탁,1000000,1000000,부동산신탁,B,SM025,부문별 손익(수수료)
2121,201303,0011643,코람코자산신탁,A124,처분신탁,33154603,33154603,부동산신탁,B,SM025,부문별 손익(수수료)
2122,201303,0011643,코람코자산신탁,A125,담보신탁,603926651,603926651,부동산신탁,B,SM025,부문별 손익(수수료)
2123,201303,0011643,코람코자산신탁,A126,분양관리신탁,15552996,15552996,부동산신탁,B,SM025,부문별 손익(수수료)
2124,201303,0011643,코람코자산신탁,A127,기타,35340900,35340900,부동산신탁,B,SM025,부문별 손익(수수료)
2125,201303,0011643,코람코자산신탁,A13,대리업무보수,251785257,251785257,부동산신탁,B,SM025,부문별 손익(수수료)
2126,201303,0011643,코람코자산신탁,A14,기타,0,0,부동산신탁,B,SM025,부문별 손익(수수료)
2127,201303,0011643,코람코자산신탁,A2,수수료비용,0,0,부동산신탁,B,SM025,부문별 손익(수수료)
2128,201306,0011643,코람코자산신탁,A,수수료손익,11594067404,18911752599,부동산신탁,B,SM025,부문별 손익(수수료)
2129,201306,0011643,코람코자산신탁,A1,수수료수익,11594067404,18911752599,부동산신탁,B,SM025,부문별 손익(수수료)
2130,201306,0011643,코람코자산신탁,A11,집합투자기구운용보수,6054495037,8512134825,부동산신탁,B,SM025,부문별 손익(수수료)
2131,201306,0011643,코람코자산신탁,A12,신탁보수,5333433547,9941693697,부동산신탁,B,SM025,부문별 손익(수수료)
2132,201306,0011643,코람코자산신탁,A121,금전신탁,0,0,부동산신탁,B,SM025,부문별 손익(수수료)
2133,201306,0011643,코람코자산신탁,A122,토지신탁,4545253500,8464538500,부동산신탁,B,SM025,부문별 손익(수수료)
2134,201306,0011643,코람코자산신탁,A123,관리신탁,14333334,15333334,부동산신탁,B,SM025,부문별 손익(수수료)
2135,201306,0011643,코람코자산신탁,A124,처분신탁,53978841,87133444,부동산신탁,B,SM025,부문별 손익(수수료)
2136,201306,0011643,코람코자산신탁,A125,담보신탁,368456148,972382799,부동산신탁,B,SM025,부문별 손익(수수료)
2137,201306,0011643,코람코자산신탁,A126,분양관리신탁,61288709,76841705,부동산신탁,B,SM025,부문별 손익(수수료)
2138,201306,0011643,코람코자산신탁,A127,기타,290123015,325463915,부동산신탁,B,SM025,부문별 손익(수수료)
2139,201306,0011643,코람코자산신탁,A13,대리업무보수,206138820,457924077,부동산신탁,B,SM025,부문별 손익(수수료)
2140,201306,0011643,코람코자산신탁,A14,기타,0,0,부동산신탁,B,SM025,부문별 손익(수수료)
2141,201306,0011643,코람코자산신탁,A2,수수료비용,0,0,부동산신탁,B,SM025,부문별 손익(수수료)
2142,201309,0011643,코람코자산신탁,A,수수료손익,12032185159,30943937758,부동산신탁,B,SM025,부문별 손익(수수료)
2143,201309,0011643,코람코자산신탁,A1,수수료수익,12032185159,30943937758,부동산신탁,B,SM025,부문별 손익(수수료)
2144,201309,0011643,코람코자산신탁,A11,집합투자기구운용보수,5412134520,13924269345,부동산신탁,B,SM025,부문별 손익(수수료)
2145,201309,0011643,코람코자산신탁,A12,신탁보수,6187222750,16128916447,부동산신탁,B,SM025,부문별 손익(수수료)
2146,201309,0011643,코람코자산신탁,A121,금전신탁,0,0,부동산신탁,B,SM025,부문별 손익(수수료)
2147,201309,0011643,코람코자산신탁,A122,토지신탁,4934951500,13399490000,부동산신탁,B,SM025,부문별 손익(수수료)
2148,201309,0011643,코람코자산신탁,A123,관리신탁,88416666,103750000,부동산신탁,B,SM025,부문별 손익(수수료)
2149,201309,0011643,코람코자산신탁,A124,처분신탁,4721556,91855000,부동산신탁,B,SM025,부문별 손익(수수료)
2150,201309,0011643,코람코자산신탁,A125,담보신탁,409984000,1382366799,부동산신탁,B,SM025,부문별 손익(수수료)
2151,201309,0011643,코람코자산신탁,A126,분양관리신탁,288938710,365780415,부동산신탁,B,SM025,부문별 손익(수수료)
2152,201309,0011643,코람코자산신탁,A127,기타,460210318,785674233,부동산신탁,B,SM025,부문별 손익(수수료)
2153,201309,0011643,코람코자산신탁,A13,대리업무보수,432827889,890751966,부동산신탁,B,SM025,부문별 손익(수수료)
2154,201309,0011643,코람코자산신탁,A14,기타,0,0,부동산신탁,B,SM025,부문별 손익(수수료)
2155,201309,0011643,코람코자산신탁,A2,수수료비용,0,0,부동산신탁,B,SM025,부문별 손익(수수료)
2156,201312,0011643,코람코자산신탁,A,수수료손익,10582272352,41526210110,부동산신탁,B,SM025,부문별 손익(수수료)
2157,201312,0011643,코람코자산신탁,A1,수수료수익,10582272352,41526210110,부동산신탁,B,SM025,부문별 손익(수수료)
2158,201312,0011643,코람코자산신탁,A11,집합투자기구운용보수,3505639256,17429908601,부동산신탁,B,SM025,부문별 손익(수수료)
2159,201312,0011643,코람코자산신탁,A12,신탁보수,6818921376,22947837823,부동산신탁,B,SM025,부문별 손익(수수료)
2160,201312,0011643,코람코자산신탁,A121,금전신탁,0,0,부동산신탁,B,SM025,부문별 손익(수수료)
2161,201312,0011643,코람코자산신탁,A122,토지신탁,5244261000,18643751000,부동산신탁,B,SM025,부문별 손익(수수료)
2162,201312,0011643,코람코자산신탁,A123,관리신탁,875000,104625000,부동산신탁,B,SM025,부문별 손익(수수료)
2163,201312,0011643,코람코자산신탁,A124,처분신탁,83461279,175316279,부동산신탁,B,SM025,부문별 손익(수수료)
2164,201312,0011643,코람코자산신탁,A125,담보신탁,334568720,1716935519,부동산신탁,B,SM025,부문별 손익(수수료)
2165,201312,0011643,코람코자산신탁,A126,분양관리신탁,4838710,370619125,부동산신탁,B,SM025,부문별 손익(수수료)
2166,201312,0011643,코람코자산신탁,A127,기타,1150916667,1936590900,부동산신탁,B,SM025,부문별 손익(수수료)
2167,201312,0011643,코람코자산신탁,A13,대리업무보수,257711720,1148463686,부동산신탁,B,SM025,부문별 손익(수수료)
2168,201312,0011643,코람코자산신탁,A14,기타,0,0,부동산신탁,B,SM025,부문별 손익(수수료)
2169,201312,0011643,코람코자산신탁,A2,수수료비용,0,0,부동산신탁,B,SM025,부문별 손익(수수료)
2170,201403,0011643,코람코자산신탁,A,수수료손익,10719501541,10719501541,부동산신탁,B,SM025,부문별 손익(수수료)
2171,201403,0011643,코람코자산신탁,A1,수수료수익,10719501541,10719501541,부동산신탁,B,SM025,부문별 손익(수수료)
2172,201403,0011643,코람코자산신탁,A11,집합투자기구운용보수,4241977866,4241977866,부동산신탁,B,SM025,부문별 손익(수수료)
2173,201403,0011643,코람코자산신탁,A12,신탁보수,6161501341,6161501341,부동산신탁,B,SM025,부문별 손익(수수료)
2174,201403,0011643,코람코자산신탁,A121,금전신탁,0,0,부동산신탁,B,SM025,부문별 손익(수수료)
2175,201403,0011643,코람코자산신탁,A122,토지신탁,5059082400,5059082400,부동산신탁,B,SM025,부문별 손익(수수료)
2176,201403,0011643,코람코자산신탁,A123,관리신탁,625000,625000,부동산신탁,B,SM025,부문별 손익(수수료)
2177,201403,0011643,코람코자산신탁,A124,처분신탁,52872469,52872469,부동산신탁,B,SM025,부문별 손익(수수료)
2178,201403,0011643,코람코자산신탁,A125,담보신탁,584142936,584142936,부동산신탁,B,SM025,부문별 손익(수수료)
2179,201403,0011643,코람코자산신탁,A126,분양관리신탁,6451613,6451613,부동산신탁,B,SM025,부문별 손익(수수료)
2180,201403,0011643,코람코자산신탁,A127,기타,458326923,458326923,부동산신탁,B,SM025,부문별 손익(수수료)
2181,201403,0011643,코람코자산신탁,A13,대리업무보수,316022334,316022334,부동산신탁,B,SM025,부문별 손익(수수료)
2182,201403,0011643,코람코자산신탁,A14,기타,0,0,부동산신탁,B,SM025,부문별 손익(수수료)
2183,201403,0011643,코람코자산신탁,A2,수수료비용,0,0,부동산신탁,B,SM025,부문별 손익(수수료)
2184,201406,0011643,코람코자산신탁,A,수수료손익,11345815996,22065317537,부동산신탁,B,SM025,부문별 손익(수수료)
2185,201406,0011643,코람코자산신탁,A1,수수료수익,11345815996,22065317537,부동산신탁,B,SM025,부문별 손익(수수료)
2186,201406,0011643,코람코자산신탁,A11,집합투자기구운용보수,4715875390,8957853256,부동산신탁,B,SM025,부문별 손익(수수료)
2187,201406,0011643,코람코자산신탁,A12,신탁보수,6211443782,12372945123,부동산신탁,B,SM025,부문별 손익(수수료)
2188,201406,0011643,코람코자산신탁,A121,금전신탁,0,0,부동산신탁,B,SM025,부문별 손익(수수료)
2189,201406,0011643,코람코자산신탁,A122,토지신탁,4306998000,9366080400,부동산신탁,B,SM025,부문별 손익(수수료)
2190,201406,0011643,코람코자산신탁,A123,관리신탁,1083334,1708334,부동산신탁,B,SM025,부문별 손익(수수료)
2191,201406,0011643,코람코자산신탁,A124,처분신탁,8180364,61052833,부동산신탁,B,SM025,부문별 손익(수수료)
2192,201406,0011643,코람코자산신탁,A125,담보신탁,844316700,1428459636,부동산신탁,B,SM025,부문별 손익(수수료)
2193,201406,0011643,코람코자산신탁,A126,분양관리신탁,0,6451613,부동산신탁,B,SM025,부문별 손익(수수료)
2194,201406,0011643,코람코자산신탁,A127,기타,1050865384,1509192307,부동산신탁,B,SM025,부문별 손익(수수료)
2195,201406,0011643,코람코자산신탁,A13,대리업무보수,418496824,734519158,부동산신탁,B,SM025,부문별 손익(수수료)
2196,201406,0011643,코람코자산신탁,A14,기타,0,0,부동산신탁,B,SM025,부문별 손익(수수료)
2197,201406,0011643,코람코자산신탁,A2,수수료비용,0,0,부동산신탁,B,SM025,부문별 손익(수수료)
2198,201409,0011643,코람코자산신탁,A,수수료손익,8310009999,30375327536,부동산신탁,B,SM025,부문별 손익(수수료)
2199,201409,0011643,코람코자산신탁,A1,수수료수익,8310009999,30375327536,부동산신탁,B,SM025,부문별 손익(수수료)
2200,201409,0011643,코람코자산신탁,A11,집합투자기구운용보수,3039404054,11997257310,부동산신탁,B,SM025,부문별 손익(수수료)
2201,201409,0011643,코람코자산신탁,A12,신탁보수,5075956927,17448902050,부동산신탁,B,SM025,부문별 손익(수수료)
2202,201409,0011643,코람코자산신탁,A121,금전신탁,0,0,부동산신탁,B,SM025,부문별 손익(수수료)
2203,201409,0011643,코람코자산신탁,A122,토지신탁,3908770000,13274850400,부동산신탁,B,SM025,부문별 손익(수수료)
2204,201409,0011643,코람코자산신탁,A123,관리신탁,1500000,3208334,부동산신탁,B,SM025,부문별 손익(수수료)
2205,201409,0011643,코람코자산신탁,A124,처분신탁,255640,61308473,부동산신탁,B,SM025,부문별 손익(수수료)
2206,201409,0011643,코람코자산신탁,A125,담보신탁,424507079,1852966715,부동산신탁,B,SM025,부문별 손익(수수료)
2207,201409,0011643,코람코자산신탁,A126,분양관리신탁,0,6451613,부동산신탁,B,SM025,부문별 손익(수수료)
2208,201409,0011643,코람코자산신탁,A127,기타,740924208,2250116515,부동산신탁,B,SM025,부문별 손익(수수료)
2209,201409,0011643,코람코자산신탁,A13,대리업무보수,194649018,929168176,부동산신탁,B,SM025,부문별 손익(수수료)
2210,201409,0011643,코람코자산신탁,A14,기타,0,0,부동산신탁,B,SM025,부문별 손익(수수료)
2211,201409,0011643,코람코자산신탁,A2,수수료비용,0,0,부동산신탁,B,SM025,부문별 손익(수수료)
2212,201412,0011643,코람코자산신탁,A,수수료손익,10684410479,41059738015,부동산신탁,B,SM025,부문별 손익(수수료)
2213,201412,0011643,코람코자산신탁,A1,수수료수익,10684410479,41059738015,부동산신탁,B,SM025,부문별 손익(수수료)
2214,201412,0011643,코람코자산신탁,A11,집합투자기구운용보수,3331814816,15329072126,부동산신탁,B,SM025,부문별 손익(수수료)
2215,201412,0011643,코람코자산신탁,A12,신탁보수,7146413310,24595315360,부동산신탁,B,SM025,부문별 손익(수수료)
2216,201412,0011643,코람코자산신탁,A121,금전신탁,0,0,부동산신탁,B,SM025,부문별 손익(수수료)
2217,201412,0011643,코람코자산신탁,A122,토지신탁,5135243000,18410093400,부동산신탁,B,SM025,부문별 손익(수수료)
2218,201412,0011643,코람코자산신탁,A123,관리신탁,4166666,7375000,부동산신탁,B,SM025,부문별 손익(수수료)
2219,201412,0011643,코람코자산신탁,A124,처분신탁,133805555,195114028,부동산신탁,B,SM025,부문별 손익(수수료)
2220,201412,0011643,코람코자산신탁,A125,담보신탁,485586315,2338553030,부동산신탁,B,SM025,부문별 손익(수수료)
2221,201412,0011643,코람코자산신탁,A126,분양관리신탁,88571428,95023041,부동산신탁,B,SM025,부문별 손익(수수료)
2222,201412,0011643,코람코자산신탁,A127,기타,1299040346,3549156861,부동산신탁,B,SM025,부문별 손익(수수료)
2223,201412,0011643,코람코자산신탁,A13,대리업무보수,206182353,1135350529,부동산신탁,B,SM025,부문별 손익(수수료)
2224,201412,0011643,코람코자산신탁,A14,기타,0,0,부동산신탁,B,SM025,부문별 손익(수수료)
2225,201412,0011643,코람코자산신탁,A2,수수료비용,0,0,부동산신탁,B,SM025,부문별 손익(수수료)
2226,201503,0011643,코람코자산신탁,A,수수료손익,9720532838,9720532838,부동산신탁,B,SM025,부문별 손익(수수료)
2227,201503,0011643,코람코자산신탁,A1,수수료수익,9720532838,9720532838,부동산신탁,B,SM025,부문별 손익(수수료)
2228,201503,0011643,코람코자산신탁,A11,집합투자기구운용보수,2826843759,2826843759,부동산신탁,B,SM025,부문별 손익(수수료)
2229,201503,0011643,코람코자산신탁,A12,신탁보수,6692363995,6692363995,부동산신탁,B,SM025,부문별 손익(수수료)
2230,201503,0011643,코람코자산신탁,A121,금전신탁,0,0,부동산신탁,B,SM025,부문별 손익(수수료)
2231,201503,0011643,코람코자산신탁,A122,토지신탁,4863232000,4863232000,부동산신탁,B,SM025,부문별 손익(수수료)
2232,201503,0011643,코람코자산신탁,A123,관리신탁,24111111,24111111,부동산신탁,B,SM025,부문별 손익(수수료)
2233,201503,0011643,코람코자산신탁,A124,처분신탁,5568952,5568952,부동산신탁,B,SM025,부문별 손익(수수료)
2234,201503,0011643,코람코자산신탁,A125,담보신탁,609498403,609498403,부동산신탁,B,SM025,부문별 손익(수수료)
2235,201503,0011643,코람코자산신탁,A126,분양관리신탁,139610390,139610390,부동산신탁,B,SM025,부문별 손익(수수료)
2236,201503,0011643,코람코자산신탁,A127,기타,1050343139,1050343139,부동산신탁,B,SM025,부문별 손익(수수료)
2237,201503,0011643,코람코자산신탁,A13,대리업무보수,201325084,201325084,부동산신탁,B,SM025,부문별 손익(수수료)
2238,201503,0011643,코람코자산신탁,A14,기타,0,0,부동산신탁,B,SM025,부문별 손익(수수료)
2239,201503,0011643,코람코자산신탁,A2,수수료비용,0,0,부동산신탁,B,SM025,부문별 손익(수수료)
2240,201506,0011643,코람코자산신탁,A,수수료손익,11536006801,21256539639,부동산신탁,B,SM025,부문별 손익(수수료)
2241,201506,0011643,코람코자산신탁,A1,수수료수익,11536006801,21256539639,부동산신탁,B,SM025,부문별 손익(수수료)
2242,201506,0011643,코람코자산신탁,A11,집합투자기구운용보수,2956425001,5783268760,부동산신탁,B,SM025,부문별 손익(수수료)
2243,201506,0011643,코람코자산신탁,A12,신탁보수,8393660969,15086024964,부동산신탁,B,SM025,부문별 손익(수수료)
2244,201506,0011643,코람코자산신탁,A121,금전신탁,0,0,부동산신탁,B,SM025,부문별 손익(수수료)
2245,201506,0011643,코람코자산신탁,A122,토지신탁,5793245400,10656477400,부동산신탁,B,SM025,부문별 손익(수수료)
2246,201506,0011643,코람코자산신탁,A123,관리신탁,13583333,37694444,부동산신탁,B,SM025,부문별 손익(수수료)
2247,201506,0011643,코람코자산신탁,A124,처분신탁,119465349,125034301,부동산신탁,B,SM025,부문별 손익(수수료)
2248,201506,0011643,코람코자산신탁,A125,담보신탁,551785719,1161284122,부동산신탁,B,SM025,부문별 손익(수수료)
2249,201506,0011643,코람코자산신탁,A126,분양관리신탁,93831168,233441558,부동산신탁,B,SM025,부문별 손익(수수료)
2250,201506,0011643,코람코자산신탁,A127,기타,1821750000,2872093139,부동산신탁,B,SM025,부문별 손익(수수료)
2251,201506,0011643,코람코자산신탁,A13,대리업무보수,185920831,387245915,부동산신탁,B,SM025,부문별 손익(수수료)
2252,201506,0011643,코람코자산신탁,A14,기타,0,0,부동산신탁,B,SM025,부문별 손익(수수료)
2253,201506,0011643,코람코자산신탁,A2,수수료비용,0,0,부동산신탁,B,SM025,부문별 손익(수수료)
2254,201509,0011643,코람코자산신탁,A,수수료손익,12092759216,33349298855,부동산신탁,B,SM025,부문별 손익(수수료)
2255,201509,0011643,코람코자산신탁,A1,수수료수익,12092759216,33349298855,부동산신탁,B,SM025,부문별 손익(수수료)
2256,201509,0011643,코람코자산신탁,A11,집합투자기구운용보수,2850349759,8633618519,부동산신탁,B,SM025,부문별 손익(수수료)
2257,201509,0011643,코람코자산신탁,A12,신탁보수,8710154301,23796179265,부동산신탁,B,SM025,부문별 손익(수수료)
2258,201509,0011643,코람코자산신탁,A121,금전신탁,0,0,부동산신탁,B,SM025,부문별 손익(수수료)
2259,201509,0011643,코람코자산신탁,A122,토지신탁,7585119400,18241596800,부동산신탁,B,SM025,부문별 손익(수수료)
2260,201509,0011643,코람코자산신탁,A123,관리신탁,23499999,61194443,부동산신탁,B,SM025,부문별 손익(수수료)
2261,201509,0011643,코람코자산신탁,A124,처분신탁,39278099,164312400,부동산신탁,B,SM025,부문별 손익(수수료)
2262,201509,0011643,코람코자산신탁,A125,담보신탁,726104205,1887388327,부동산신탁,B,SM025,부문별 손익(수수료)
2263,201509,0011643,코람코자산신탁,A126,분양관리신탁,132402598,365844156,부동산신탁,B,SM025,부문별 손익(수수료)
2264,201509,0011643,코람코자산신탁,A127,기타,203750000,3075843139,부동산신탁,B,SM025,부문별 손익(수수료)
2265,201509,0011643,코람코자산신탁,A13,대리업무보수,532255156,919501071,부동산신탁,B,SM025,부문별 손익(수수료)
2266,201509,0011643,코람코자산신탁,A14,기타,0,0,부동산신탁,B,SM025,부문별 손익(수수료)
2267,201509,0011643,코람코자산신탁,A2,수수료비용,0,0,부동산신탁,B,SM025,부문별 손익(수수료)
2268,201512,0011643,코람코자산신탁,A,수수료손익,26415905020,59765203875,부동산신탁,B,SM025,부문별 손익(수수료)
2269,201512,0011643,코람코자산신탁,A1,수수료수익,26415905020,59765203875,부동산신탁,B,SM025,부문별 손익(수수료)
2270,201512,0011643,코람코자산신탁,A11,집합투자기구운용보수,13891304872,22524923391,부동산신탁,B,SM025,부문별 손익(수수료)
2271,201512,0011643,코람코자산신탁,A12,신탁보수,12121958590,35918137855,부동산신탁,B,SM025,부문별 손익(수수료)
2272,201512,0011643,코람코자산신탁,A121,금전신탁,0,0,부동산신탁,B,SM025,부문별 손익(수수료)
2273,201512,0011643,코람코자산신탁,A122,토지신탁,10707863600,28949460400,부동산신탁,B,SM025,부문별 손익(수수료)
2274,201512,0011643,코람코자산신탁,A123,관리신탁,6833334,68027777,부동산신탁,B,SM025,부문별 손익(수수료)
2275,201512,0011643,코람코자산신탁,A124,처분신탁,19986720,184299120,부동산신탁,B,SM025,부문별 손익(수수료)
2276,201512,0011643,코람코자산신탁,A125,담보신탁,818320753,2705709080,부동산신탁,B,SM025,부문별 손익(수수료)
2277,201512,0011643,코람코자산신탁,A126,분양관리신탁,145402597,511246753,부동산신탁,B,SM025,부문별 손익(수수료)
2278,201512,0011643,코람코자산신탁,A127,기타,423551586,3499394725,부동산신탁,B,SM025,부문별 손익(수수료)
2279,201512,0011643,코람코자산신탁,A13,대리업무보수,402641558,1322142629,부동산신탁,B,SM025,부문별 손익(수수료)
2280,201512,0011643,코람코자산신탁,A14,기타,0,0,부동산신탁,B,SM025,부문별 손익(수수료)
2281,201512,0011643,코람코자산신탁,A2,수수료비용,0,0,부동산신탁,B,SM025,부문별 손익(수수료)
2282,201603,0011643,코람코자산신탁,A,수수료손익,12443307587,12443307587,부동산신탁,B,SM025,부문별 손익(수수료)
2283,201603,0011643,코람코자산신탁,A1,수수료수익,12443307587,12443307587,부동산신탁,B,SM025,부문별 손익(수수료)
2284,201603,0011643,코람코자산신탁,A11,집합투자기구운용보수,3411904772,3411904772,부동산신탁,B,SM025,부문별 손익(수수료)
2285,201603,0011643,코람코자산신탁,A12,신탁보수,8547788926,8547788926,부동산신탁,B,SM025,부문별 손익(수수료)
2286,201603,0011643,코람코자산신탁,A121,금전신탁,0,0,부동산신탁,B,SM025,부문별 손익(수수료)
2287,201603,0011643,코람코자산신탁,A122,토지신탁,7706072600,7706072600,부동산신탁,B,SM025,부문별 손익(수수료)
2288,201603,0011643,코람코자산신탁,A123,관리신탁,6833333,6833333,부동산신탁,B,SM025,부문별 손익(수수료)
2289,201603,0011643,코람코자산신탁,A124,처분신탁,18827475,18827475,부동산신탁,B,SM025,부문별 손익(수수료)
2290,201603,0011643,코람코자산신탁,A125,담보신탁,577208710,577208710,부동산신탁,B,SM025,부문별 손익(수수료)
2291,201603,0011643,코람코자산신탁,A126,분양관리신탁,127755537,127755537,부동산신탁,B,SM025,부문별 손익(수수료)
2292,201603,0011643,코람코자산신탁,A127,기타,111091271,111091271,부동산신탁,B,SM025,부문별 손익(수수료)
2293,201603,0011643,코람코자산신탁,A13,대리업무보수,483613889,483613889,부동산신탁,B,SM025,부문별 손익(수수료)
2294,201603,0011643,코람코자산신탁,A14,기타,0,0,부동산신탁,B,SM025,부문별 손익(수수료)
2295,201603,0011643,코람코자산신탁,A2,수수료비용,0,0,부동산신탁,B,SM025,부문별 손익(수수료)
2296,201606,0011643,코람코자산신탁,A,수수료손익,17843577530,30286885117,부동산신탁,B,SM025,부문별 손익(수수료)
2297,201606,0011643,코람코자산신탁,A1,수수료수익,17843577530,30286885117,부동산신탁,B,SM025,부문별 손익(수수료)
2298,201606,0011643,코람코자산신탁,A11,집합투자기구운용보수,6103629934,9515534706,부동산신탁,B,SM025,부문별 손익(수수료)
2299,201606,0011643,코람코자산신탁,A12,신탁보수,11287661307,19835450233,부동산신탁,B,SM025,부문별 손익(수수료)
2300,201606,0011643,코람코자산신탁,A121,금전신탁,0,0,부동산신탁,B,SM025,부문별 손익(수수료)
2301,201606,0011643,코람코자산신탁,A122,토지신탁,10138097230,17844169830,부동산신탁,B,SM025,부문별 손익(수수료)
2302,201606,0011643,코람코자산신탁,A123,관리신탁,6083334,12916667,부동산신탁,B,SM025,부문별 손익(수수료)
2303,201606,0011643,코람코자산신탁,A124,처분신탁,32319400,51146875,부동산신탁,B,SM025,부문별 손익(수수료)
2304,201606,0011643,코람코자산신탁,A125,담보신탁,705703892,1282912602,부동산신탁,B,SM025,부문별 손익(수수료)
2305,201606,0011643,코람코자산신탁,A126,분양관리신탁,153294753,281050290,부동산신탁,B,SM025,부문별 손익(수수료)
2306,201606,0011643,코람코자산신탁,A127,기타,252162698,363253969,부동산신탁,B,SM025,부문별 손익(수수료)
2307,201606,0011643,코람코자산신탁,A13,대리업무보수,452286289,935900178,부동산신탁,B,SM025,부문별 손익(수수료)
2308,201606,0011643,코람코자산신탁,A14,기타,0,0,부동산신탁,B,SM025,부문별 손익(수수료)
2309,201606,0011643,코람코자산신탁,A2,수수료비용,0,0,부동산신탁,B,SM025,부문별 손익(수수료)
2310,201609,0011643,코람코자산신탁,A,수수료손익,55750790745,86037675862,부동산신탁,B,SM025,부문별 손익(수수료)
2311,201609,0011643,코람코자산신탁,A1,수수료수익,55750790745,86037675862,부동산신탁,B,SM025,부문별 손익(수수료)
2312,201609,0011643,코람코자산신탁,A11,집합투자기구운용보수,45467627143,54983161849,부동산신탁,B,SM025,부문별 손익(수수료)
2313,201609,0011643,코람코자산신탁,A12,신탁보수,9530536271,29365986504,부동산신탁,B,SM025,부문별 손익(수수료)
2314,201609,0011643,코람코자산신탁,A121,금전신탁,0,0,부동산신탁,B,SM025,부문별 손익(수수료)
2315,201609,0011643,코람코자산신탁,A122,토지신탁,8813410880,26657580710,부동산신탁,B,SM025,부문별 손익(수수료)
2316,201609,0011643,코람코자산신탁,A123,관리신탁,3388890,16305557,부동산신탁,B,SM025,부문별 손익(수수료)
2317,201609,0011643,코람코자산신탁,A124,처분신탁,38156426,89303301,부동산신탁,B,SM025,부문별 손익(수수료)
2318,201609,0011643,코람코자산신탁,A125,담보신탁,538234198,1821146800,부동산신탁,B,SM025,부문별 손익(수수료)
2319,201609,0011643,코람코자산신탁,A126,분양관리신탁,112762544,393812834,부동산신탁,B,SM025,부문별 손익(수수료)
2320,201609,0011643,코람코자산신탁,A127,기타,24583333,387837302,부동산신탁,B,SM025,부문별 손익(수수료)
2321,201609,0011643,코람코자산신탁,A13,대리업무보수,752627331,1688527509,부동산신탁,B,SM025,부문별 손익(수수료)
2322,201609,0011643,코람코자산신탁,A14,기타,0,0,부동산신탁,B,SM025,부문별 손익(수수료)
2323,201609,0011643,코람코자산신탁,A2,수수료비용,0,0,부동산신탁,B,SM025,부문별 손익(수수료)
2324,201612,0011643,코람코자산신탁,A,수수료손익,15685842107,101723517969,부동산신탁,B,SM025,부문별 손익(수수료)
2325,201612,0011643,코람코자산신탁,A1,수수료수익,15685842107,101723517969,부동산신탁,B,SM025,부문별 손익(수수료)
2326,201612,0011643,코람코자산신탁,A11,집합투자기구운용보수,2749694099,57732855948,부동산신탁,B,SM025,부문별 손익(수수료)
2327,201612,0011643,코람코자산신탁,A12,신탁보수,12476685823,41842672327,부동산신탁,B,SM025,부문별 손익(수수료)
2328,201612,0011643,코람코자산신탁,A121,금전신탁,0,0,부동산신탁,B,SM025,부문별 손익(수수료)
2329,201612,0011643,코람코자산신탁,A122,토지신탁,11694090440,38351671150,부동산신탁,B,SM025,부문별 손익(수수료)
2330,201612,0011643,코람코자산신탁,A123,관리신탁,666666,16972223,부동산신탁,B,SM025,부문별 손익(수수료)
2331,201612,0011643,코람코자산신탁,A124,처분신탁,341498655,430801956,부동산신탁,B,SM025,부문별 손익(수수료)
2332,201612,0011643,코람코자산신탁,A125,담보신탁,325392777,2146539577,부동산신탁,B,SM025,부문별 손익(수수료)
2333,201612,0011643,코람코자산신탁,A126,분양관리신탁,97398396,491211230,부동산신탁,B,SM025,부문별 손익(수수료)
2334,201612,0011643,코람코자산신탁,A127,기타,17638889,405476191,부동산신탁,B,SM025,부문별 손익(수수료)
2335,201612,0011643,코람코자산신탁,A13,대리업무보수,459462185,2147989694,부동산신탁,B,SM025,부문별 손익(수수료)
2336,201612,0011643,코람코자산신탁,A14,기타,0,0,부동산신탁,B,SM025,부문별 손익(수수료)
2337,201612,0011643,코람코자산신탁,A2,수수료비용,0,0,부동산신탁,B,SM025,부문별 손익(수수료)
2338,201106,0012306,코리아신탁,A,수수료손익,2555442721,2555442721,부동산신탁,B,SM025,부문별 손익(수수료)
2339,201106,0012306,코리아신탁,A1,수수료수익,2555442721,2555442721,부동산신탁,B,SM025,부문별 손익(수수료)
2340,201106,0012306,코리아신탁,A11,집합투자기구운용보수,0,0,부동산신탁,B,SM025,부문별 손익(수수료)
2341,201106,0012306,코리아신탁,A12,신탁보수,2130248088,2130248088,부동산신탁,B,SM025,부문별 손익(수수료)
2342,201106,0012306,코리아신탁,A121,금전신탁,0,0,부동산신탁,B,SM025,부문별 손익(수수료)
2343,201106,0012306,코리아신탁,A122,토지신탁,154390763,154390763,부동산신탁,B,SM025,부문별 손익(수수료)
2344,201106,0012306,코리아신탁,A123,관리신탁,9028168,9028168,부동산신탁,B,SM025,부문별 손익(수수료)
2345,201106,0012306,코리아신탁,A124,처분신탁,193226760,193226760,부동산신탁,B,SM025,부문별 손익(수수료)
2346,201106,0012306,코리아신탁,A125,담보신탁,1669200000,1669200000,부동산신탁,B,SM025,부문별 손익(수수료)
2347,201106,0012306,코리아신탁,A126,분양관리신탁,104402397,104402397,부동산신탁,B,SM025,부문별 손익(수수료)
2348,201106,0012306,코리아신탁,A127,기타,0,0,부동산신탁,B,SM025,부문별 손익(수수료)
2349,201106,0012306,코리아신탁,A13,대리업무보수,261194633,261194633,부동산신탁,B,SM025,부문별 손익(수수료)
2350,201106,0012306,코리아신탁,A14,기타,164000000,164000000,부동산신탁,B,SM025,부문별 손익(수수료)
2351,201106,0012306,코리아신탁,A2,수수료비용,0,0,부동산신탁,B,SM025,부문별 손익(수수료)
2352,201109,0012306,코리아신탁,A,수수료손익,1315725919,3871168640,부동산신탁,B,SM025,부문별 손익(수수료)
2353,201109,0012306,코리아신탁,A1,수수료수익,1315725919,3871168640,부동산신탁,B,SM025,부문별 손익(수수료)
2354,201109,0012306,코리아신탁,A11,집합투자기구운용보수,0,0,부동산신탁,B,SM025,부문별 손익(수수료)
2355,201109,0012306,코리아신탁,A12,신탁보수,1004434637,3134682725,부동산신탁,B,SM025,부문별 손익(수수료)
2356,201109,0012306,코리아신탁,A121,금전신탁,0,0,부동산신탁,B,SM025,부문별 손익(수수료)
2357,201109,0012306,코리아신탁,A122,토지신탁,152080754,306471517,부동산신탁,B,SM025,부문별 손익(수수료)
2358,201109,0012306,코리아신탁,A123,관리신탁,11170874,20199042,부동산신탁,B,SM025,부문별 손익(수수료)
2359,201109,0012306,코리아신탁,A124,처분신탁,11724123,204950883,부동산신탁,B,SM025,부문별 손익(수수료)
2360,201109,0012306,코리아신탁,A125,담보신탁,750680000,2419880000,부동산신탁,B,SM025,부문별 손익(수수료)
2361,201109,0012306,코리아신탁,A126,분양관리신탁,78778886,183181283,부동산신탁,B,SM025,부문별 손익(수수료)
2362,201109,0012306,코리아신탁,A127,기타,0,0,부동산신탁,B,SM025,부문별 손익(수수료)
2363,201109,0012306,코리아신탁,A13,대리업무보수,193291282,454485915,부동산신탁,B,SM025,부문별 손익(수수료)
2364,201109,0012306,코리아신탁,A14,기타,118000000,282000000,부동산신탁,B,SM025,부문별 손익(수수료)
2365,201109,0012306,코리아신탁,A2,수수료비용,0,0,부동산신탁,B,SM025,부문별 손익(수수료)
2366,201112,0012306,코리아신탁,A,수수료손익,2059294043,5930462683,부동산신탁,B,SM025,부문별 손익(수수료)
2367,201112,0012306,코리아신탁,A1,수수료수익,2059294043,5930462683,부동산신탁,B,SM025,부문별 손익(수수료)
2368,201112,0012306,코리아신탁,A11,집합투자기구운용보수,0,0,부동산신탁,B,SM025,부문별 손익(수수료)
2369,201112,0012306,코리아신탁,A12,신탁보수,1590137244,4724819969,부동산신탁,B,SM025,부문별 손익(수수료)
2370,201112,0012306,코리아신탁,A121,금전신탁,0,0,부동산신탁,B,SM025,부문별 손익(수수료)
2371,201112,0012306,코리아신탁,A122,토지신탁,307455129,613926646,부동산신탁,B,SM025,부문별 손익(수수료)
2372,201112,0012306,코리아신탁,A123,관리신탁,20514533,40713575,부동산신탁,B,SM025,부문별 손익(수수료)
2373,201112,0012306,코리아신탁,A124,처분신탁,41970666,246921549,부동산신탁,B,SM025,부문별 손익(수수료)
2374,201112,0012306,코리아신탁,A125,담보신탁,1044188000,3464068000,부동산신탁,B,SM025,부문별 손익(수수료)
2375,201112,0012306,코리아신탁,A126,분양관리신탁,176008916,359190199,부동산신탁,B,SM025,부문별 손익(수수료)
2376,201112,0012306,코리아신탁,A127,기타,0,0,부동산신탁,B,SM025,부문별 손익(수수료)
2377,201112,0012306,코리아신탁,A13,대리업무보수,311156799,765642714,부동산신탁,B,SM025,부문별 손익(수수료)
2378,201112,0012306,코리아신탁,A14,기타,158000000,440000000,부동산신탁,B,SM025,부문별 손익(수수료)
2379,201112,0012306,코리아신탁,A2,수수료비용,0,0,부동산신탁,B,SM025,부문별 손익(수수료)
2380,201203,0012306,코리아신탁,A,수수료손익,1379811896,1379811896,부동산신탁,B,SM025,부문별 손익(수수료)
2381,201203,0012306,코리아신탁,A1,수수료수익,1379811896,1379811896,부동산신탁,B,SM025,부문별 손익(수수료)
2382,201203,0012306,코리아신탁,A11,집합투자기구운용보수,0,0,부동산신탁,B,SM025,부문별 손익(수수료)
2383,201203,0012306,코리아신탁,A12,신탁보수,1059166648,1059166648,부동산신탁,B,SM025,부문별 손익(수수료)
2384,201203,0012306,코리아신탁,A121,금전신탁,0,0,부동산신탁,B,SM025,부문별 손익(수수료)
2385,201203,0012306,코리아신탁,A122,토지신탁,381995490,381995490,부동산신탁,B,SM025,부문별 손익(수수료)
2386,201203,0012306,코리아신탁,A123,관리신탁,46460975,46460975,부동산신탁,B,SM025,부문별 손익(수수료)
2387,201203,0012306,코리아신탁,A124,처분신탁,0,0,부동산신탁,B,SM025,부문별 손익(수수료)
2388,201203,0012306,코리아신탁,A125,담보신탁,374850000,374850000,부동산신탁,B,SM025,부문별 손익(수수료)
2389,201203,0012306,코리아신탁,A126,분양관리신탁,255860183,255860183,부동산신탁,B,SM025,부문별 손익(수수료)
2390,201203,0012306,코리아신탁,A127,기타,0,0,부동산신탁,B,SM025,부문별 손익(수수료)
2391,201203,0012306,코리아신탁,A13,대리업무보수,316145248,316145248,부동산신탁,B,SM025,부문별 손익(수수료)
2392,201203,0012306,코리아신탁,A14,기타,4500000,4500000,부동산신탁,B,SM025,부문별 손익(수수료)
2393,201203,0012306,코리아신탁,A2,수수료비용,0,0,부동산신탁,B,SM025,부문별 손익(수수료)
2394,201206,0012306,코리아신탁,A,수수료손익,2385982881,3765794777,부동산신탁,B,SM025,부문별 손익(수수료)
2395,201206,0012306,코리아신탁,A1,수수료수익,2385982881,3765794777,부동산신탁,B,SM025,부문별 손익(수수료)
2396,201206,0012306,코리아신탁,A11,집합투자기구운용보수,0,0,부동산신탁,B,SM025,부문별 손익(수수료)
2397,201206,0012306,코리아신탁,A12,신탁보수,1937251210,2996417858,부동산신탁,B,SM025,부문별 손익(수수료)
2398,201206,0012306,코리아신탁,A121,금전신탁,0,0,부동산신탁,B,SM025,부문별 손익(수수료)
2399,201206,0012306,코리아신탁,A122,토지신탁,635044315,1017039805,부동산신탁,B,SM025,부문별 손익(수수료)
2400,201206,0012306,코리아신탁,A123,관리신탁,14618029,61079004,부동산신탁,B,SM025,부문별 손익(수수료)
2401,201206,0012306,코리아신탁,A124,처분신탁,6733472,6733472,부동산신탁,B,SM025,부문별 손익(수수료)
2402,201206,0012306,코리아신탁,A125,담보신탁,956965000,1331815000,부동산신탁,B,SM025,부문별 손익(수수료)
2403,201206,0012306,코리아신탁,A126,분양관리신탁,323890394,579750577,부동산신탁,B,SM025,부문별 손익(수수료)
2404,201206,0012306,코리아신탁,A127,기타,0,0,부동산신탁,B,SM025,부문별 손익(수수료)
2405,201206,0012306,코리아신탁,A13,대리업무보수,398731671,714876919,부동산신탁,B,SM025,부문별 손익(수수료)
2406,201206,0012306,코리아신탁,A14,기타,50000000,54500000,부동산신탁,B,SM025,부문별 손익(수수료)
2407,201206,0012306,코리아신탁,A2,수수료비용,0,0,부동산신탁,B,SM025,부문별 손익(수수료)
2408,201209,0012306,코리아신탁,A,수수료손익,2587931487,6353726264,부동산신탁,B,SM025,부문별 손익(수수료)
2409,201209,0012306,코리아신탁,A1,수수료수익,2587931487,6353726264,부동산신탁,B,SM025,부문별 손익(수수료)
2410,201209,0012306,코리아신탁,A11,집합투자기구운용보수,0,0,부동산신탁,B,SM025,부문별 손익(수수료)
2411,201209,0012306,코리아신탁,A12,신탁보수,2166151110,5162568968,부동산신탁,B,SM025,부문별 손익(수수료)
2412,201209,0012306,코리아신탁,A121,금전신탁,0,0,부동산신탁,B,SM025,부문별 손익(수수료)
2413,201209,0012306,코리아신탁,A122,토지신탁,496885714,1513925519,부동산신탁,B,SM025,부문별 손익(수수료)
2414,201209,0012306,코리아신탁,A123,관리신탁,23618378,84697382,부동산신탁,B,SM025,부문별 손익(수수료)
2415,201209,0012306,코리아신탁,A124,처분신탁,6903169,13636641,부동산신탁,B,SM025,부문별 손익(수수료)
2416,201209,0012306,코리아신탁,A125,담보신탁,1070156600,2401971600,부동산신탁,B,SM025,부문별 손익(수수료)
2417,201209,0012306,코리아신탁,A126,분양관리신탁,568587249,1148337826,부동산신탁,B,SM025,부문별 손익(수수료)
2418,201209,0012306,코리아신탁,A127,기타,0,0,부동산신탁,B,SM025,부문별 손익(수수료)
2419,201209,0012306,코리아신탁,A13,대리업무보수,421780377,1136657296,부동산신탁,B,SM025,부문별 손익(수수료)
2420,201209,0012306,코리아신탁,A14,기타,0,54500000,부동산신탁,B,SM025,부문별 손익(수수료)
2421,201209,0012306,코리아신탁,A2,수수료비용,0,0,부동산신탁,B,SM025,부문별 손익(수수료)
2422,201212,0012306,코리아신탁,A,수수료손익,2507986337,8861712601,부동산신탁,B,SM025,부문별 손익(수수료)
2423,201212,0012306,코리아신탁,A1,수수료수익,2507986337,8861712601,부동산신탁,B,SM025,부문별 손익(수수료)
2424,201212,0012306,코리아신탁,A11,집합투자기구운용보수,0,0,부동산신탁,B,SM025,부문별 손익(수수료)
2425,201212,0012306,코리아신탁,A12,신탁보수,2113676649,7276245617,부동산신탁,B,SM025,부문별 손익(수수료)
2426,201212,0012306,코리아신탁,A121,금전신탁,0,0,부동산신탁,B,SM025,부문별 손익(수수료)
2427,201212,0012306,코리아신탁,A122,토지신탁,559804348,2073729867,부동산신탁,B,SM025,부문별 손익(수수료)
2428,201212,0012306,코리아신탁,A123,관리신탁,7676373,92373755,부동산신탁,B,SM025,부문별 손익(수수료)
2429,201212,0012306,코리아신탁,A124,처분신탁,10671642,24308283,부동산신탁,B,SM025,부문별 손익(수수료)
2430,201212,0012306,코리아신탁,A125,담보신탁,1055700000,3457671600,부동산신탁,B,SM025,부문별 손익(수수료)
2431,201212,0012306,코리아신탁,A126,분양관리신탁,479824286,1628162112,부동산신탁,B,SM025,부문별 손익(수수료)
2432,201212,0012306,코리아신탁,A127,기타,0,0,부동산신탁,B,SM025,부문별 손익(수수료)
2433,201212,0012306,코리아신탁,A13,대리업무보수,394309688,1530966984,부동산신탁,B,SM025,부문별 손익(수수료)
2434,201212,0012306,코리아신탁,A14,기타,0,54500000,부동산신탁,B,SM025,부문별 손익(수수료)
2435,201212,0012306,코리아신탁,A2,수수료비용,0,0,부동산신탁,B,SM025,부문별 손익(수수료)
2436,201303,0012306,코리아신탁,A,수수료손익,2513514570,2513514570,부동산신탁,B,SM025,부문별 손익(수수료)
2437,201303,0012306,코리아신탁,A1,수수료수익,2513514570,2513514570,부동산신탁,B,SM025,부문별 손익(수수료)
2438,201303,0012306,코리아신탁,A11,집합투자기구운용보수,0,0,부동산신탁,B,SM025,부문별 손익(수수료)
2439,201303,0012306,코리아신탁,A12,신탁보수,1962043380,1962043380,부동산신탁,B,SM025,부문별 손익(수수료)
2440,201303,0012306,코리아신탁,A121,금전신탁,0,0,부동산신탁,B,SM025,부문별 손익(수수료)
2441,201303,0012306,코리아신탁,A122,토지신탁,579181952,579181952,부동산신탁,B,SM025,부문별 손익(수수료)
2442,201303,0012306,코리아신탁,A123,관리신탁,7465641,7465641,부동산신탁,B,SM025,부문별 손익(수수료)
2443,201303,0012306,코리아신탁,A124,처분신탁,5679104,5679104,부동산신탁,B,SM025,부문별 손익(수수료)
2444,201303,0012306,코리아신탁,A125,담보신탁,910850000,910850000,부동산신탁,B,SM025,부문별 손익(수수료)
2445,201303,0012306,코리아신탁,A126,분양관리신탁,458866683,458866683,부동산신탁,B,SM025,부문별 손익(수수료)
2446,201303,0012306,코리아신탁,A127,기타,0,0,부동산신탁,B,SM025,부문별 손익(수수료)
2447,201303,0012306,코리아신탁,A13,대리업무보수,551471190,551471190,부동산신탁,B,SM025,부문별 손익(수수료)
2448,201303,0012306,코리아신탁,A14,기타,0,0,부동산신탁,B,SM025,부문별 손익(수수료)
2449,201303,0012306,코리아신탁,A2,수수료비용,0,0,부동산신탁,B,SM025,부문별 손익(수수료)
2450,201306,0012306,코리아신탁,A,수수료손익,2795553329,5309067899,부동산신탁,B,SM025,부문별 손익(수수료)
2451,201306,0012306,코리아신탁,A1,수수료수익,2795553329,5309067899,부동산신탁,B,SM025,부문별 손익(수수료)
2452,201306,0012306,코리아신탁,A11,집합투자기구운용보수,0,0,부동산신탁,B,SM025,부문별 손익(수수료)
2453,201306,0012306,코리아신탁,A12,신탁보수,2053549768,4015593148,부동산신탁,B,SM025,부문별 손익(수수료)
2454,201306,0012306,코리아신탁,A121,금전신탁,0,0,부동산신탁,B,SM025,부문별 손익(수수료)
2455,201306,0012306,코리아신탁,A122,토지신탁,898298628,1477480580,부동산신탁,B,SM025,부문별 손익(수수료)
2456,201306,0012306,코리아신탁,A123,관리신탁,14477304,21942945,부동산신탁,B,SM025,부문별 손익(수수료)
2457,201306,0012306,코리아신탁,A124,처분신탁,10533870,16212974,부동산신탁,B,SM025,부문별 손익(수수료)
2458,201306,0012306,코리아신탁,A125,담보신탁,714858200,1625708200,부동산신탁,B,SM025,부문별 손익(수수료)
2459,201306,0012306,코리아신탁,A126,분양관리신탁,415381766,874248449,부동산신탁,B,SM025,부문별 손익(수수료)
2460,201306,0012306,코리아신탁,A127,기타,0,0,부동산신탁,B,SM025,부문별 손익(수수료)
2461,201306,0012306,코리아신탁,A13,대리업무보수,742003561,1293474751,부동산신탁,B,SM025,부문별 손익(수수료)
2462,201306,0012306,코리아신탁,A14,기타,0,0,부동산신탁,B,SM025,부문별 손익(수수료)
2463,201306,0012306,코리아신탁,A2,수수료비용,0,0,부동산신탁,B,SM025,부문별 손익(수수료)
2464,201309,0012306,코리아신탁,A,수수료손익,3156089028,8465156927,부동산신탁,B,SM025,부문별 손익(수수료)
2465,201309,0012306,코리아신탁,A1,수수료수익,3156089028,8465156927,부동산신탁,B,SM025,부문별 손익(수수료)
2466,201309,0012306,코리아신탁,A11,집합투자기구운용보수,0,0,부동산신탁,B,SM025,부문별 손익(수수료)
2467,201309,0012306,코리아신탁,A12,신탁보수,2402100331,6417693479,부동산신탁,B,SM025,부문별 손익(수수료)
2468,201309,0012306,코리아신탁,A121,금전신탁,0,0,부동산신탁,B,SM025,부문별 손익(수수료)
2469,201309,0012306,코리아신탁,A122,토지신탁,1173312542,2650793122,부동산신탁,B,SM025,부문별 손익(수수료)
2470,201309,0012306,코리아신탁,A123,관리신탁,10075635,32018580,부동산신탁,B,SM025,부문별 손익(수수료)
2471,201309,0012306,코리아신탁,A124,처분신탁,34615384,50828358,부동산신탁,B,SM025,부문별 손익(수수료)
2472,201309,0012306,코리아신탁,A125,담보신탁,745650020,2371358220,부동산신탁,B,SM025,부문별 손익(수수료)
2473,201309,0012306,코리아신탁,A126,분양관리신탁,438446750,1312695199,부동산신탁,B,SM025,부문별 손익(수수료)
2474,201309,0012306,코리아신탁,A127,기타,0,0,부동산신탁,B,SM025,부문별 손익(수수료)
2475,201309,0012306,코리아신탁,A13,대리업무보수,645774642,1939249393,부동산신탁,B,SM025,부문별 손익(수수료)
2476,201309,0012306,코리아신탁,A14,기타,108214055,108214055,부동산신탁,B,SM025,부문별 손익(수수료)
2477,201309,0012306,코리아신탁,A2,수수료비용,0,0,부동산신탁,B,SM025,부문별 손익(수수료)
2478,201312,0012306,코리아신탁,A,수수료손익,3449172047,11914328974,부동산신탁,B,SM025,부문별 손익(수수료)
2479,201312,0012306,코리아신탁,A1,수수료수익,3449172047,11914328974,부동산신탁,B,SM025,부문별 손익(수수료)
2480,201312,0012306,코리아신탁,A11,집합투자기구운용보수,0,0,부동산신탁,B,SM025,부문별 손익(수수료)
2481,201312,0012306,코리아신탁,A12,신탁보수,2653781951,9071475430,부동산신탁,B,SM025,부문별 손익(수수료)
2482,201312,0012306,코리아신탁,A121,금전신탁,0,0,부동산신탁,B,SM025,부문별 손익(수수료)
2483,201312,0012306,코리아신탁,A122,토지신탁,1124950529,3775743651,부동산신탁,B,SM025,부문별 손익(수수료)
2484,201312,0012306,코리아신탁,A123,관리신탁,30443233,62461813,부동산신탁,B,SM025,부문별 손익(수수료)
2485,201312,0012306,코리아신탁,A124,처분신탁,111160000,161988358,부동산신탁,B,SM025,부문별 손익(수수료)
2486,201312,0012306,코리아신탁,A125,담보신탁,898585000,3269943220,부동산신탁,B,SM025,부문별 손익(수수료)
2487,201312,0012306,코리아신탁,A126,분양관리신탁,488643189,1801338388,부동산신탁,B,SM025,부문별 손익(수수료)
2488,201312,0012306,코리아신탁,A127,기타,0,0,부동산신탁,B,SM025,부문별 손익(수수료)
2489,201312,0012306,코리아신탁,A13,대리업무보수,754742254,2693991647,부동산신탁,B,SM025,부문별 손익(수수료)
2490,201312,0012306,코리아신탁,A14,기타,40647842,148861897,부동산신탁,B,SM025,부문별 손익(수수료)
2491,201312,0012306,코리아신탁,A2,수수료비용,0,0,부동산신탁,B,SM025,부문별 손익(수수료)
2492,201403,0012306,코리아신탁,A,수수료손익,2352674466,2352674466,부동산신탁,B,SM025,부문별 손익(수수료)
2493,201403,0012306,코리아신탁,A1,수수료수익,2352674466,2352674466,부동산신탁,B,SM025,부문별 손익(수수료)
2494,201403,0012306,코리아신탁,A11,집합투자기구운용보수,0,0,부동산신탁,B,SM025,부문별 손익(수수료)
2495,201403,0012306,코리아신탁,A12,신탁보수,1870253953,1870253953,부동산신탁,B,SM025,부문별 손익(수수료)
2496,201403,0012306,코리아신탁,A121,금전신탁,0,0,부동산신탁,B,SM025,부문별 손익(수수료)
2497,201403,0012306,코리아신탁,A122,토지신탁,933269744,933269744,부동산신탁,B,SM025,부문별 손익(수수료)
2498,201403,0012306,코리아신탁,A123,관리신탁,32306599,32306599,부동산신탁,B,SM025,부문별 손익(수수료)
2499,201403,0012306,코리아신탁,A124,처분신탁,21499073,21499073,부동산신탁,B,SM025,부문별 손익(수수료)
2500,201403,0012306,코리아신탁,A125,담보신탁,484523000,484523000,부동산신탁,B,SM025,부문별 손익(수수료)
2501,201403,0012306,코리아신탁,A126,분양관리신탁,398655537,398655537,부동산신탁,B,SM025,부문별 손익(수수료)
2502,201403,0012306,코리아신탁,A127,기타,0,0,부동산신탁,B,SM025,부문별 손익(수수료)
2503,201403,0012306,코리아신탁,A13,대리업무보수,445413260,445413260,부동산신탁,B,SM025,부문별 손익(수수료)
2504,201403,0012306,코리아신탁,A14,기타,37007253,37007253,부동산신탁,B,SM025,부문별 손익(수수료)
2505,201403,0012306,코리아신탁,A2,수수료비용,0,0,부동산신탁,B,SM025,부문별 손익(수수료)
2506,201406,0012306,코리아신탁,A,수수료손익,2891955481,5244629947,부동산신탁,B,SM025,부문별 손익(수수료)
2507,201406,0012306,코리아신탁,A1,수수료수익,2891955481,5244629947,부동산신탁,B,SM025,부문별 손익(수수료)
2508,201406,0012306,코리아신탁,A11,집합투자기구운용보수,0,0,부동산신탁,B,SM025,부문별 손익(수수료)
2509,201406,0012306,코리아신탁,A12,신탁보수,2338187606,4208441559,부동산신탁,B,SM025,부문별 손익(수수료)
2510,201406,0012306,코리아신탁,A121,금전신탁,0,0,부동산신탁,B,SM025,부문별 손익(수수료)
2511,201406,0012306,코리아신탁,A122,토지신탁,1033238139,1966507883,부동산신탁,B,SM025,부문별 손익(수수료)
2512,201406,0012306,코리아신탁,A123,관리신탁,11082683,43389282,부동산신탁,B,SM025,부문별 손익(수수료)
2513,201406,0012306,코리아신탁,A124,처분신탁,3160000,24659073,부동산신탁,B,SM025,부문별 손익(수수료)
2514,201406,0012306,코리아신탁,A125,담보신탁,944550000,1429073000,부동산신탁,B,SM025,부문별 손익(수수료)
2515,201406,0012306,코리아신탁,A126,분양관리신탁,346156784,744812321,부동산신탁,B,SM025,부문별 손익(수수료)
2516,201406,0012306,코리아신탁,A127,기타,0,0,부동산신탁,B,SM025,부문별 손익(수수료)
2517,201406,0012306,코리아신탁,A13,대리업무보수,517194977,962608237,부동산신탁,B,SM025,부문별 손익(수수료)
2518,201406,0012306,코리아신탁,A14,기타,36572898,73580151,부동산신탁,B,SM025,부문별 손익(수수료)
2519,201406,0012306,코리아신탁,A2,수수료비용,0,0,부동산신탁,B,SM025,부문별 손익(수수료)
2520,201409,0012306,코리아신탁,A,수수료손익,2403901641,7648531588,부동산신탁,B,SM025,부문별 손익(수수료)
2521,201409,0012306,코리아신탁,A1,수수료수익,2403901641,7648531588,부동산신탁,B,SM025,부문별 손익(수수료)
2522,201409,0012306,코리아신탁,A11,집합투자기구운용보수,0,0,부동산신탁,B,SM025,부문별 손익(수수료)
2523,201409,0012306,코리아신탁,A12,신탁보수,1707109224,5915550783,부동산신탁,B,SM025,부문별 손익(수수료)
2524,201409,0012306,코리아신탁,A121,금전신탁,0,0,부동산신탁,B,SM025,부문별 손익(수수료)
2525,201409,0012306,코리아신탁,A122,토지신탁,816552298,2783060181,부동산신탁,B,SM025,부문별 손익(수수료)
2526,201409,0012306,코리아신탁,A123,관리신탁,12205568,55594850,부동산신탁,B,SM025,부문별 손익(수수료)
2527,201409,0012306,코리아신탁,A124,처분신탁,0,24659073,부동산신탁,B,SM025,부문별 손익(수수료)
2528,201409,0012306,코리아신탁,A125,담보신탁,603835600,2032908600,부동산신탁,B,SM025,부문별 손익(수수료)
2529,201409,0012306,코리아신탁,A126,분양관리신탁,274515758,1019328079,부동산신탁,B,SM025,부문별 손익(수수료)
2530,201409,0012306,코리아신탁,A127,기타,0,0,부동산신탁,B,SM025,부문별 손익(수수료)
2531,201409,0012306,코리아신탁,A13,대리업무보수,654185473,1616793710,부동산신탁,B,SM025,부문별 손익(수수료)
2532,201409,0012306,코리아신탁,A14,기타,42606944,116187095,부동산신탁,B,SM025,부문별 손익(수수료)
2533,201409,0012306,코리아신탁,A2,수수료비용,0,0,부동산신탁,B,SM025,부문별 손익(수수료)
2534,201412,0012306,코리아신탁,A,수수료손익,2764134207,10412665795,부동산신탁,B,SM025,부문별 손익(수수료)
2535,201412,0012306,코리아신탁,A1,수수료수익,2764134207,10412665795,부동산신탁,B,SM025,부문별 손익(수수료)
2536,201412,0012306,코리아신탁,A11,집합투자기구운용보수,0,0,부동산신탁,B,SM025,부문별 손익(수수료)
2537,201412,0012306,코리아신탁,A12,신탁보수,1987956221,7903507004,부동산신탁,B,SM025,부문별 손익(수수료)
2538,201412,0012306,코리아신탁,A121,금전신탁,0,0,부동산신탁,B,SM025,부문별 손익(수수료)
2539,201412,0012306,코리아신탁,A122,토지신탁,825672529,3608732710,부동산신탁,B,SM025,부문별 손익(수수료)
2540,201412,0012306,코리아신탁,A123,관리신탁,13512377,69107227,부동산신탁,B,SM025,부문별 손익(수수료)
2541,201412,0012306,코리아신탁,A124,처분신탁,18000000,42659073,부동산신탁,B,SM025,부문별 손익(수수료)
2542,201412,0012306,코리아신탁,A125,담보신탁,934665000,2967573600,부동산신탁,B,SM025,부문별 손익(수수료)
2543,201412,0012306,코리아신탁,A126,분양관리신탁,196106315,1215434394,부동산신탁,B,SM025,부문별 손익(수수료)
2544,201412,0012306,코리아신탁,A127,기타,0,0,부동산신탁,B,SM025,부문별 손익(수수료)
2545,201412,0012306,코리아신탁,A13,대리업무보수,738988041,2355781751,부동산신탁,B,SM025,부문별 손익(수수료)
2546,201412,0012306,코리아신탁,A14,기타,37189945,153377040,부동산신탁,B,SM025,부문별 손익(수수료)
2547,201412,0012306,코리아신탁,A2,수수료비용,0,0,부동산신탁,B,SM025,부문별 손익(수수료)
2548,201503,0012306,코리아신탁,A,수수료손익,3295115623,3295115623,부동산신탁,B,SM025,부문별 손익(수수료)
2549,201503,0012306,코리아신탁,A1,수수료수익,3295115623,3295115623,부동산신탁,B,SM025,부문별 손익(수수료)
2550,201503,0012306,코리아신탁,A11,집합투자기구운용보수,0,0,부동산신탁,B,SM025,부문별 손익(수수료)
2551,201503,0012306,코리아신탁,A12,신탁보수,2387993222,2387993222,부동산신탁,B,SM025,부문별 손익(수수료)
2552,201503,0012306,코리아신탁,A121,금전신탁,0,0,부동산신탁,B,SM025,부문별 손익(수수료)
2553,201503,0012306,코리아신탁,A122,토지신탁,1040266320,1040266320,부동산신탁,B,SM025,부문별 손익(수수료)
2554,201503,0012306,코리아신탁,A123,관리신탁,10855856,10855856,부동산신탁,B,SM025,부문별 손익(수수료)
2555,201503,0012306,코리아신탁,A124,처분신탁,42000000,42000000,부동산신탁,B,SM025,부문별 손익(수수료)
2556,201503,0012306,코리아신탁,A125,담보신탁,1108575000,1108575000,부동산신탁,B,SM025,부문별 손익(수수료)
2557,201503,0012306,코리아신탁,A126,분양관리신탁,186296046,186296046,부동산신탁,B,SM025,부문별 손익(수수료)
2558,201503,0012306,코리아신탁,A127,기타,0,0,부동산신탁,B,SM025,부문별 손익(수수료)
2559,201503,0012306,코리아신탁,A13,대리업무보수,869289000,869289000,부동산신탁,B,SM025,부문별 손익(수수료)
2560,201503,0012306,코리아신탁,A14,기타,37833401,37833401,부동산신탁,B,SM025,부문별 손익(수수료)
2561,201503,0012306,코리아신탁,A2,수수료비용,0,0,부동산신탁,B,SM025,부문별 손익(수수료)
2562,201506,0012306,코리아신탁,A,수수료손익,4647187470,7942303093,부동산신탁,B,SM025,부문별 손익(수수료)
2563,201506,0012306,코리아신탁,A1,수수료수익,4647187470,7942303093,부동산신탁,B,SM025,부문별 손익(수수료)
2564,201506,0012306,코리아신탁,A11,집합투자기구운용보수,0,0,부동산신탁,B,SM025,부문별 손익(수수료)
2565,201506,0012306,코리아신탁,A12,신탁보수,3526220948,5914214170,부동산신탁,B,SM025,부문별 손익(수수료)
2566,201506,0012306,코리아신탁,A121,금전신탁,0,0,부동산신탁,B,SM025,부문별 손익(수수료)
2567,201506,0012306,코리아신탁,A122,토지신탁,1336707100,2376973420,부동산신탁,B,SM025,부문별 손익(수수료)
2568,201506,0012306,코리아신탁,A123,관리신탁,15993927,26849783,부동산신탁,B,SM025,부문별 손익(수수료)
2569,201506,0012306,코리아신탁,A124,처분신탁,15300000,57300000,부동산신탁,B,SM025,부문별 손익(수수료)
2570,201506,0012306,코리아신탁,A125,담보신탁,1831405000,2939980000,부동산신탁,B,SM025,부문별 손익(수수료)
2571,201506,0012306,코리아신탁,A126,분양관리신탁,326814921,513110967,부동산신탁,B,SM025,부문별 손익(수수료)
2572,201506,0012306,코리아신탁,A127,기타,0,0,부동산신탁,B,SM025,부문별 손익(수수료)
2573,201506,0012306,코리아신탁,A13,대리업무보수,1082361978,1951650978,부동산신탁,B,SM025,부문별 손익(수수료)
2574,201506,0012306,코리아신탁,A14,기타,38604544,76437945,부동산신탁,B,SM025,부문별 손익(수수료)
2575,201506,0012306,코리아신탁,A2,수수료비용,0,0,부동산신탁,B,SM025,부문별 손익(수수료)
2576,201509,0012306,코리아신탁,A,수수료손익,4535060148,12477363241,부동산신탁,B,SM025,부문별 손익(수수료)
2577,201509,0012306,코리아신탁,A1,수수료수익,4535060148,12477363241,부동산신탁,B,SM025,부문별 손익(수수료)
2578,201509,0012306,코리아신탁,A11,집합투자기구운용보수,0,0,부동산신탁,B,SM025,부문별 손익(수수료)
2579,201509,0012306,코리아신탁,A12,신탁보수,3350935125,9265149295,부동산신탁,B,SM025,부문별 손익(수수료)
2580,201509,0012306,코리아신탁,A121,금전신탁,0,0,부동산신탁,B,SM025,부문별 손익(수수료)
2581,201509,0012306,코리아신탁,A122,토지신탁,1494119600,3871093020,부동산신탁,B,SM025,부문별 손익(수수료)
2582,201509,0012306,코리아신탁,A123,관리신탁,27115633,53965416,부동산신탁,B,SM025,부문별 손익(수수료)
2583,201509,0012306,코리아신탁,A124,처분신탁,27000000,84300000,부동산신탁,B,SM025,부문별 손익(수수료)
2584,201509,0012306,코리아신탁,A125,담보신탁,1418904263,4358884263,부동산신탁,B,SM025,부문별 손익(수수료)
2585,201509,0012306,코리아신탁,A126,분양관리신탁,383795629,896906596,부동산신탁,B,SM025,부문별 손익(수수료)
2586,201509,0012306,코리아신탁,A127,기타,0,0,부동산신탁,B,SM025,부문별 손익(수수료)
2587,201509,0012306,코리아신탁,A13,대리업무보수,1144566463,3096217441,부동산신탁,B,SM025,부문별 손익(수수료)
2588,201509,0012306,코리아신탁,A14,기타,39558560,115996505,부동산신탁,B,SM025,부문별 손익(수수료)
2589,201509,0012306,코리아신탁,A2,수수료비용,0,0,부동산신탁,B,SM025,부문별 손익(수수료)
2590,201512,0012306,코리아신탁,A,수수료손익,7346821563,19824184804,부동산신탁,B,SM025,부문별 손익(수수료)
2591,201512,0012306,코리아신탁,A1,수수료수익,7346821563,19824184804,부동산신탁,B,SM025,부문별 손익(수수료)
2592,201512,0012306,코리아신탁,A11,집합투자기구운용보수,0,0,부동산신탁,B,SM025,부문별 손익(수수료)
2593,201512,0012306,코리아신탁,A12,신탁보수,5126367560,14391516855,부동산신탁,B,SM025,부문별 손익(수수료)
2594,201512,0012306,코리아신탁,A121,금전신탁,0,0,부동산신탁,B,SM025,부문별 손익(수수료)
2595,201512,0012306,코리아신탁,A122,토지신탁,2304083650,6175176670,부동산신탁,B,SM025,부문별 손익(수수료)
2596,201512,0012306,코리아신탁,A123,관리신탁,20773698,74739114,부동산신탁,B,SM025,부문별 손익(수수료)
2597,201512,0012306,코리아신탁,A124,처분신탁,44000000,128300000,부동산신탁,B,SM025,부문별 손익(수수료)
2598,201512,0012306,코리아신탁,A125,담보신탁,2043154337,6402038600,부동산신탁,B,SM025,부문별 손익(수수료)
2599,201512,0012306,코리아신탁,A126,분양관리신탁,714355875,1611262471,부동산신탁,B,SM025,부문별 손익(수수료)
2600,201512,0012306,코리아신탁,A127,기타,0,0,부동산신탁,B,SM025,부문별 손익(수수료)
2601,201512,0012306,코리아신탁,A13,대리업무보수,2172413912,5268631353,부동산신탁,B,SM025,부문별 손익(수수료)
2602,201512,0012306,코리아신탁,A14,기타,48040091,164036596,부동산신탁,B,SM025,부문별 손익(수수료)
2603,201512,0012306,코리아신탁,A2,수수료비용,0,0,부동산신탁,B,SM025,부문별 손익(수수료)
2604,201603,0012306,코리아신탁,A,수수료손익,7338325188,7338325188,부동산신탁,B,SM025,부문별 손익(수수료)
2605,201603,0012306,코리아신탁,A1,수수료수익,7338325188,7338325188,부동산신탁,B,SM025,부문별 손익(수수료)
2606,201603,0012306,코리아신탁,A11,집합투자기구운용보수,0,0,부동산신탁,B,SM025,부문별 손익(수수료)
2607,201603,0012306,코리아신탁,A12,신탁보수,5344423566,5344423566,부동산신탁,B,SM025,부문별 손익(수수료)
2608,201603,0012306,코리아신탁,A121,금전신탁,0,0,부동산신탁,B,SM025,부문별 손익(수수료)
2609,201603,0012306,코리아신탁,A122,토지신탁,2749124140,2749124140,부동산신탁,B,SM025,부문별 손익(수수료)
2610,201603,0012306,코리아신탁,A123,관리신탁,26874310,26874310,부동산신탁,B,SM025,부문별 손익(수수료)
2611,201603,0012306,코리아신탁,A124,처분신탁,28700000,28700000,부동산신탁,B,SM025,부문별 손익(수수료)
2612,201603,0012306,코리아신탁,A125,담보신탁,1679918736,1679918736,부동산신탁,B,SM025,부문별 손익(수수료)
2613,201603,0012306,코리아신탁,A126,분양관리신탁,859806380,859806380,부동산신탁,B,SM025,부문별 손익(수수료)
2614,201603,0012306,코리아신탁,A127,기타,0,0,부동산신탁,B,SM025,부문별 손익(수수료)
2615,201603,0012306,코리아신탁,A13,대리업무보수,1936176706,1936176706,부동산신탁,B,SM025,부문별 손익(수수료)
2616,201603,0012306,코리아신탁,A14,기타,57724916,57724916,부동산신탁,B,SM025,부문별 손익(수수료)
2617,201603,0012306,코리아신탁,A2,수수료비용,0,0,부동산신탁,B,SM025,부문별 손익(수수료)
2618,201606,0012306,코리아신탁,A,수수료손익,9490936828,16829262016,부동산신탁,B,SM025,부문별 손익(수수료)
2619,201606,0012306,코리아신탁,A1,수수료수익,9490936828,16829262016,부동산신탁,B,SM025,부문별 손익(수수료)
2620,201606,0012306,코리아신탁,A11,집합투자기구운용보수,0,0,부동산신탁,B,SM025,부문별 손익(수수료)
2621,201606,0012306,코리아신탁,A12,신탁보수,6163659423,11508082989,부동산신탁,B,SM025,부문별 손익(수수료)
2622,201606,0012306,코리아신탁,A121,금전신탁,0,0,부동산신탁,B,SM025,부문별 손익(수수료)
2623,201606,0012306,코리아신탁,A122,토지신탁,3097076333,5846200473,부동산신탁,B,SM025,부문별 손익(수수료)
2624,201606,0012306,코리아신탁,A123,관리신탁,19999767,46874077,부동산신탁,B,SM025,부문별 손익(수수료)
2625,201606,0012306,코리아신탁,A124,처분신탁,21793942,50493942,부동산신탁,B,SM025,부문별 손익(수수료)
2626,201606,0012306,코리아신탁,A125,담보신탁,1975483974,3655402710,부동산신탁,B,SM025,부문별 손익(수수료)
2627,201606,0012306,코리아신탁,A126,분양관리신탁,1049305407,1909111787,부동산신탁,B,SM025,부문별 손익(수수료)
2628,201606,0012306,코리아신탁,A127,기타,0,0,부동산신탁,B,SM025,부문별 손익(수수료)
2629,201606,0012306,코리아신탁,A13,대리업무보수,3274230838,5210407544,부동산신탁,B,SM025,부문별 손익(수수료)
2630,201606,0012306,코리아신탁,A14,기타,53046567,110771483,부동산신탁,B,SM025,부문별 손익(수수료)
2631,201606,0012306,코리아신탁,A2,수수료비용,0,0,부동산신탁,B,SM025,부문별 손익(수수료)
2632,201609,0012306,코리아신탁,A,수수료손익,9155623522,25984885538,부동산신탁,B,SM025,부문별 손익(수수료)
2633,201609,0012306,코리아신탁,A1,수수료수익,9155623522,25984885538,부동산신탁,B,SM025,부문별 손익(수수료)
2634,201609,0012306,코리아신탁,A11,집합투자기구운용보수,0,0,부동산신탁,B,SM025,부문별 손익(수수료)
2635,201609,0012306,코리아신탁,A12,신탁보수,5758664639,17266747628,부동산신탁,B,SM025,부문별 손익(수수료)
2636,201609,0012306,코리아신탁,A121,금전신탁,0,0,부동산신탁,B,SM025,부문별 손익(수수료)
2637,201609,0012306,코리아신탁,A122,토지신탁,3134231560,8980432033,부동산신탁,B,SM025,부문별 손익(수수료)
2638,201609,0012306,코리아신탁,A123,관리신탁,11952758,58826835,부동산신탁,B,SM025,부문별 손익(수수료)
2639,201609,0012306,코리아신탁,A124,처분신탁,0,50493942,부동산신탁,B,SM025,부문별 손익(수수료)
2640,201609,0012306,코리아신탁,A125,담보신탁,1381374546,5036777256,부동산신탁,B,SM025,부문별 손익(수수료)
2641,201609,0012306,코리아신탁,A126,분양관리신탁,1231105775,3140217562,부동산신탁,B,SM025,부문별 손익(수수료)
2642,201609,0012306,코리아신탁,A127,기타,0,0,부동산신탁,B,SM025,부문별 손익(수수료)
2643,201609,0012306,코리아신탁,A13,대리업무보수,3290573675,8500981219,부동산신탁,B,SM025,부문별 손익(수수료)
2644,201609,0012306,코리아신탁,A14,기타,106385208,217156691,부동산신탁,B,SM025,부문별 손익(수수료)
2645,201609,0012306,코리아신탁,A2,수수료비용,0,0,부동산신탁,B,SM025,부문별 손익(수수료)
2646,201612,0012306,코리아신탁,A,수수료손익,10637076015,36621961553,부동산신탁,B,SM025,부문별 손익(수수료)
2647,201612,0012306,코리아신탁,A1,수수료수익,10637076015,36621961553,부동산신탁,B,SM025,부문별 손익(수수료)
2648,201612,0012306,코리아신탁,A11,집합투자기구운용보수,0,0,부동산신탁,B,SM025,부문별 손익(수수료)
2649,201612,0012306,코리아신탁,A12,신탁보수,7833807845,25100555473,부동산신탁,B,SM025,부문별 손익(수수료)
2650,201612,0012306,코리아신탁,A121,금전신탁,0, ,부동산신탁,B,SM025,부문별 손익(수수료)
2651,201612,0012306,코리아신탁,A122,토지신탁,4438397709,13418829742,부동산신탁,B,SM025,부문별 손익(수수료)
2652,201612,0012306,코리아신탁,A123,관리신탁,9069520,67896355,부동산신탁,B,SM025,부문별 손익(수수료)
2653,201612,0012306,코리아신탁,A124,처분신탁,156697451,207191393,부동산신탁,B,SM025,부문별 손익(수수료)
2654,201612,0012306,코리아신탁,A125,담보신탁,1604781818,6641559074,부동산신탁,B,SM025,부문별 손익(수수료)
2655,201612,0012306,코리아신탁,A126,분양관리신탁,1624861347,4765078909,부동산신탁,B,SM025,부문별 손익(수수료)
2656,201612,0012306,코리아신탁,A127,기타,0,0,부동산신탁,B,SM025,부문별 손익(수수료)
2657,201612,0012306,코리아신탁,A13,대리업무보수,2750077047,11251058266,부동산신탁,B,SM025,부문별 손익(수수료)
2658,201612,0012306,코리아신탁,A14,기타,53191123,270347814,부동산신탁,B,SM025,부문별 손익(수수료)
2659,201612,0012306,코리아신탁,A2,수수료비용,0,0,부동산신탁,B,SM025,부문별 손익(수수료)
2660,200903,0011452,하나자산신탁,A,수수료손익,4898516087,4898516087,부동산신탁,B,SM025,부문별 손익(수수료)
2661,200903,0011452,하나자산신탁,A1,수수료수익,4898516087,4898516087,부동산신탁,B,SM025,부문별 손익(수수료)
2662,200903,0011452,하나자산신탁,A11,집합투자기구운용보수,0,0,부동산신탁,B,SM025,부문별 손익(수수료)
2663,200903,0011452,하나자산신탁,A12,신탁보수,3094843207,3094843207,부동산신탁,B,SM025,부문별 손익(수수료)
2664,200903,0011452,하나자산신탁,A121,금전신탁,0,0,부동산신탁,B,SM025,부문별 손익(수수료)
2665,200903,0011452,하나자산신탁,A122,토지신탁,1168678200,1168678200,부동산신탁,B,SM025,부문별 손익(수수료)
2666,200903,0011452,하나자산신탁,A123,관리신탁,26168256,26168256,부동산신탁,B,SM025,부문별 손익(수수료)
2667,200903,0011452,하나자산신탁,A124,처분신탁,153850129,153850129,부동산신탁,B,SM025,부문별 손익(수수료)
2668,200903,0011452,하나자산신탁,A125,담보신탁,1008428984,1008428984,부동산신탁,B,SM025,부문별 손익(수수료)
2669,200903,0011452,하나자산신탁,A126,분양관리신탁,737717638,737717638,부동산신탁,B,SM025,부문별 손익(수수료)
2670,200903,0011452,하나자산신탁,A127,기타,0,0,부동산신탁,B,SM025,부문별 손익(수수료)
2671,200903,0011452,하나자산신탁,A13,대리업무보수,1704702023,1704702023,부동산신탁,B,SM025,부문별 손익(수수료)
2672,200903,0011452,하나자산신탁,A14,기타,98970857,98970857,부동산신탁,B,SM025,부문별 손익(수수료)
2673,200903,0011452,하나자산신탁,A2,수수료비용,0,0,부동산신탁,B,SM025,부문별 손익(수수료)
2674,201106,0011452,하나자산신탁,A,수수료손익,11197508842,11197508842,부동산신탁,B,SM025,부문별 손익(수수료)
2675,201106,0011452,하나자산신탁,A1,수수료수익,11197508842,11197508842,부동산신탁,B,SM025,부문별 손익(수수료)
2676,201106,0011452,하나자산신탁,A11,집합투자기구운용보수,0,0,부동산신탁,B,SM025,부문별 손익(수수료)
2677,201106,0011452,하나자산신탁,A12,신탁보수,6213053686,6213053686,부동산신탁,B,SM025,부문별 손익(수수료)
2678,201106,0011452,하나자산신탁,A121,금전신탁,0,0,부동산신탁,B,SM025,부문별 손익(수수료)
2679,201106,0011452,하나자산신탁,A122,토지신탁,2064804900,2064804900,부동산신탁,B,SM025,부문별 손익(수수료)
2680,201106,0011452,하나자산신탁,A123,관리신탁,126856830,126856830,부동산신탁,B,SM025,부문별 손익(수수료)
2681,201106,0011452,하나자산신탁,A124,처분신탁,186106602,186106602,부동산신탁,B,SM025,부문별 손익(수수료)
2682,201106,0011452,하나자산신탁,A125,담보신탁,3405348074,3405348074,부동산신탁,B,SM025,부문별 손익(수수료)
2683,201106,0011452,하나자산신탁,A126,분양관리신탁,429937280,429937280,부동산신탁,B,SM025,부문별 손익(수수료)
2684,201106,0011452,하나자산신탁,A127,기타,0, ,부동산신탁,B,SM025,부문별 손익(수수료)
2685,201106,0011452,하나자산신탁,A13,대리업무보수,1018532805,1018532805,부동산신탁,B,SM025,부문별 손익(수수료)
2686,201106,0011452,하나자산신탁,A14,기타,3965922351,3965922351,부동산신탁,B,SM025,부문별 손익(수수료)
2687,201106,0011452,하나자산신탁,A2,수수료비용,0,0,부동산신탁,B,SM025,부문별 손익(수수료)
2688,201109,0011452,하나자산신탁,A,수수료손익,3346889310,14544398152,부동산신탁,B,SM025,부문별 손익(수수료)
2689,201109,0011452,하나자산신탁,A1,수수료수익,3346889310,14544398152,부동산신탁,B,SM025,부문별 손익(수수료)
2690,201109,0011452,하나자산신탁,A11,집합투자기구운용보수,0,0,부동산신탁,B,SM025,부문별 손익(수수료)
2691,201109,0011452,하나자산신탁,A12,신탁보수,1408239176,7621292862,부동산신탁,B,SM025,부문별 손익(수수료)
2692,201109,0011452,하나자산신탁,A121,금전신탁,0,0,부동산신탁,B,SM025,부문별 손익(수수료)
2693,201109,0011452,하나자산신탁,A122,토지신탁,324179002,2388983902,부동산신탁,B,SM025,부문별 손익(수수료)
2694,201109,0011452,하나자산신탁,A123,관리신탁,9485684,136342514,부동산신탁,B,SM025,부문별 손익(수수료)
2695,201109,0011452,하나자산신탁,A124,처분신탁,22427080,208533682,부동산신탁,B,SM025,부문별 손익(수수료)
2696,201109,0011452,하나자산신탁,A125,담보신탁,869500200,4274848274,부동산신탁,B,SM025,부문별 손익(수수료)
2697,201109,0011452,하나자산신탁,A126,분양관리신탁,182647210,612584490,부동산신탁,B,SM025,부문별 손익(수수료)
2698,201109,0011452,하나자산신탁,A127,기타,0, ,부동산신탁,B,SM025,부문별 손익(수수료)
2699,201109,0011452,하나자산신탁,A13,대리업무보수,514081089,1532613894,부동산신탁,B,SM025,부문별 손익(수수료)
2700,201109,0011452,하나자산신탁,A14,기타,1424569045,5390491396,부동산신탁,B,SM025,부문별 손익(수수료)
2701,201109,0011452,하나자산신탁,A2,수수료비용,0,0,부동산신탁,B,SM025,부문별 손익(수수료)
2702,201112,0011452,하나자산신탁,A,수수료손익,12354669116,26899067268,부동산신탁,B,SM025,부문별 손익(수수료)
2703,201112,0011452,하나자산신탁,A1,수수료수익,12354669116,26899067268,부동산신탁,B,SM025,부문별 손익(수수료)
2704,201112,0011452,하나자산신탁,A11,집합투자기구운용보수,0,0,부동산신탁,B,SM025,부문별 손익(수수료)
2705,201112,0011452,하나자산신탁,A12,신탁보수,2790702609,10411995471,부동산신탁,B,SM025,부문별 손익(수수료)
2706,201112,0011452,하나자산신탁,A121,금전신탁,0,0,부동산신탁,B,SM025,부문별 손익(수수료)
2707,201112,0011452,하나자산신탁,A122,토지신탁,420930395,2809914297,부동산신탁,B,SM025,부문별 손익(수수료)
2708,201112,0011452,하나자산신탁,A123,관리신탁,10136994,146479508,부동산신탁,B,SM025,부문별 손익(수수료)
2709,201112,0011452,하나자산신탁,A124,처분신탁,62037710,270571392,부동산신탁,B,SM025,부문별 손익(수수료)
2710,201112,0011452,하나자산신탁,A125,담보신탁,2016060570,6290908844,부동산신탁,B,SM025,부문별 손익(수수료)
2711,201112,0011452,하나자산신탁,A126,분양관리신탁,281536940,894121430,부동산신탁,B,SM025,부문별 손익(수수료)
2712,201112,0011452,하나자산신탁,A127,기타,0, ,부동산신탁,B,SM025,부문별 손익(수수료)
2713,201112,0011452,하나자산신탁,A13,대리업무보수,849766217,2382380111,부동산신탁,B,SM025,부문별 손익(수수료)
2714,201112,0011452,하나자산신탁,A14,기타,8714200290,14104691686,부동산신탁,B,SM025,부문별 손익(수수료)
2715,201112,0011452,하나자산신탁,A2,수수료비용,0,0,부동산신탁,B,SM025,부문별 손익(수수료)
2716,201203,0011452,하나자산신탁,A,수수료손익,4960525561,4960525561,부동산신탁,B,SM025,부문별 손익(수수료)
2717,201203,0011452,하나자산신탁,A1,수수료수익,4960525561,4960525561,부동산신탁,B,SM025,부문별 손익(수수료)
2718,201203,0011452,하나자산신탁,A11,집합투자기구운용보수,0,0,부동산신탁,B,SM025,부문별 손익(수수료)
2719,201203,0011452,하나자산신탁,A12,신탁보수,1927008310,1927008310,부동산신탁,B,SM025,부문별 손익(수수료)
2720,201203,0011452,하나자산신탁,A121,금전신탁,0,0,부동산신탁,B,SM025,부문별 손익(수수료)
2721,201203,0011452,하나자산신탁,A122,토지신탁,722246305,722246305,부동산신탁,B,SM025,부문별 손익(수수료)
2722,201203,0011452,하나자산신탁,A123,관리신탁,9565911,9565911,부동산신탁,B,SM025,부문별 손익(수수료)
2723,201203,0011452,하나자산신탁,A124,처분신탁,23144769,23144769,부동산신탁,B,SM025,부문별 손익(수수료)
2724,201203,0011452,하나자산신탁,A125,담보신탁,1051705209,1051705209,부동산신탁,B,SM025,부문별 손익(수수료)
2725,201203,0011452,하나자산신탁,A126,분양관리신탁,120346116,120346116,부동산신탁,B,SM025,부문별 손익(수수료)
2726,201203,0011452,하나자산신탁,A127,기타,0, ,부동산신탁,B,SM025,부문별 손익(수수료)
2727,201203,0011452,하나자산신탁,A13,대리업무보수,626234048,626234048,부동산신탁,B,SM025,부문별 손익(수수료)
2728,201203,0011452,하나자산신탁,A14,기타,2407283203,2407283203,부동산신탁,B,SM025,부문별 손익(수수료)
2729,201203,0011452,하나자산신탁,A2,수수료비용,0,0,부동산신탁,B,SM025,부문별 손익(수수료)
2730,201206,0011452,하나자산신탁,A,수수료손익,5511308888,10471834449,부동산신탁,B,SM025,부문별 손익(수수료)
2731,201206,0011452,하나자산신탁,A1,수수료수익,5511308888,10471834449,부동산신탁,B,SM025,부문별 손익(수수료)
2732,201206,0011452,하나자산신탁,A11,집합투자기구운용보수,0,0,부동산신탁,B,SM025,부문별 손익(수수료)
2733,201206,0011452,하나자산신탁,A12,신탁보수,3577651794,5504660104,부동산신탁,B,SM025,부문별 손익(수수료)
2734,201206,0011452,하나자산신탁,A121,금전신탁,0,0,부동산신탁,B,SM025,부문별 손익(수수료)
2735,201206,0011452,하나자산신탁,A122,토지신탁,1224417900,1946664205,부동산신탁,B,SM025,부문별 손익(수수료)
2736,201206,0011452,하나자산신탁,A123,관리신탁,135967621,145533532,부동산신탁,B,SM025,부문별 손익(수수료)
2737,201206,0011452,하나자산신탁,A124,처분신탁,37227856,60372625,부동산신탁,B,SM025,부문별 손익(수수료)
2738,201206,0011452,하나자산신탁,A125,담보신탁,1866843610,2918548819,부동산신탁,B,SM025,부문별 손익(수수료)
2739,201206,0011452,하나자산신탁,A126,분양관리신탁,313194807,433540923,부동산신탁,B,SM025,부문별 손익(수수료)
2740,201206,0011452,하나자산신탁,A127,기타,0, ,부동산신탁,B,SM025,부문별 손익(수수료)
2741,201206,0011452,하나자산신탁,A13,대리업무보수,482136176,1108370224,부동산신탁,B,SM025,부문별 손익(수수료)
2742,201206,0011452,하나자산신탁,A14,기타,1451520918,3858804121,부동산신탁,B,SM025,부문별 손익(수수료)
2743,201206,0011452,하나자산신탁,A2,수수료비용,0,0,부동산신탁,B,SM025,부문별 손익(수수료)
2744,201209,0011452,하나자산신탁,A,수수료손익,7615081837,18086916286,부동산신탁,B,SM025,부문별 손익(수수료)
2745,201209,0011452,하나자산신탁,A1,수수료수익,7615081837,18086916286,부동산신탁,B,SM025,부문별 손익(수수료)
2746,201209,0011452,하나자산신탁,A11,집합투자기구운용보수,0,0,부동산신탁,B,SM025,부문별 손익(수수료)
2747,201209,0011452,하나자산신탁,A12,신탁보수,3361024604,8865684708,부동산신탁,B,SM025,부문별 손익(수수료)
2748,201209,0011452,하나자산신탁,A121,금전신탁,0,0,부동산신탁,B,SM025,부문별 손익(수수료)
2749,201209,0011452,하나자산신탁,A122,토지신탁,1117829938,3064494143,부동산신탁,B,SM025,부문별 손익(수수료)
2750,201209,0011452,하나자산신탁,A123,관리신탁,104920410,250453942,부동산신탁,B,SM025,부문별 손익(수수료)
2751,201209,0011452,하나자산신탁,A124,처분신탁,214071659,274444284,부동산신탁,B,SM025,부문별 손익(수수료)
2752,201209,0011452,하나자산신탁,A125,담보신탁,1676970979,4595519798,부동산신탁,B,SM025,부문별 손익(수수료)
2753,201209,0011452,하나자산신탁,A126,분양관리신탁,247231618,680772541,부동산신탁,B,SM025,부문별 손익(수수료)
2754,201209,0011452,하나자산신탁,A127,기타,0, ,부동산신탁,B,SM025,부문별 손익(수수료)
2755,201209,0011452,하나자산신탁,A13,대리업무보수,837036109,1945406333,부동산신탁,B,SM025,부문별 손익(수수료)
2756,201209,0011452,하나자산신탁,A14,기타,3417021124,7275825245,부동산신탁,B,SM025,부문별 손익(수수료)
2757,201209,0011452,하나자산신탁,A2,수수료비용,0,0,부동산신탁,B,SM025,부문별 손익(수수료)
2758,201212,0011452,하나자산신탁,A,수수료손익,9456792414,27543708700,부동산신탁,B,SM025,부문별 손익(수수료)
2759,201212,0011452,하나자산신탁,A1,수수료수익,9456792414,27543708700,부동산신탁,B,SM025,부문별 손익(수수료)
2760,201212,0011452,하나자산신탁,A11,집합투자기구운용보수,0,0,부동산신탁,B,SM025,부문별 손익(수수료)
2761,201212,0011452,하나자산신탁,A12,신탁보수,4094825669,12960510377,부동산신탁,B,SM025,부문별 손익(수수료)
2762,201212,0011452,하나자산신탁,A121,금전신탁,0,0,부동산신탁,B,SM025,부문별 손익(수수료)
2763,201212,0011452,하나자산신탁,A122,토지신탁,1663269065,4727763208,부동산신탁,B,SM025,부문별 손익(수수료)
2764,201212,0011452,하나자산신탁,A123,관리신탁,6971650,257425592,부동산신탁,B,SM025,부문별 손익(수수료)
2765,201212,0011452,하나자산신탁,A124,처분신탁,98801107,373245391,부동산신탁,B,SM025,부문별 손익(수수료)
2766,201212,0011452,하나자산신탁,A125,담보신탁,2016679011,6612198809,부동산신탁,B,SM025,부문별 손익(수수료)
2767,201212,0011452,하나자산신탁,A126,분양관리신탁,309104836,989877377,부동산신탁,B,SM025,부문별 손익(수수료)
2768,201212,0011452,하나자산신탁,A127,기타,0, ,부동산신탁,B,SM025,부문별 손익(수수료)
2769,201212,0011452,하나자산신탁,A13,대리업무보수,1054772465,3000178798,부동산신탁,B,SM025,부문별 손익(수수료)
2770,201212,0011452,하나자산신탁,A14,기타,4307194280,11583019525,부동산신탁,B,SM025,부문별 손익(수수료)
2771,201212,0011452,하나자산신탁,A2,수수료비용,0,0,부동산신탁,B,SM025,부문별 손익(수수료)
2772,201303,0011452,하나자산신탁,A,수수료손익,4516850922,4516850922,부동산신탁,B,SM025,부문별 손익(수수료)
2773,201303,0011452,하나자산신탁,A1,수수료수익,4516850922,4516850922,부동산신탁,B,SM025,부문별 손익(수수료)
2774,201303,0011452,하나자산신탁,A11,집합투자기구운용보수,0,0,부동산신탁,B,SM025,부문별 손익(수수료)
2775,201303,0011452,하나자산신탁,A12,신탁보수,2159324171,2159324171,부동산신탁,B,SM025,부문별 손익(수수료)
2776,201303,0011452,하나자산신탁,A121,금전신탁,0,0,부동산신탁,B,SM025,부문별 손익(수수료)
2777,201303,0011452,하나자산신탁,A122,토지신탁,1056935893,1056935893,부동산신탁,B,SM025,부문별 손익(수수료)
2778,201303,0011452,하나자산신탁,A123,관리신탁,5763839,5763839,부동산신탁,B,SM025,부문별 손익(수수료)
2779,201303,0011452,하나자산신탁,A124,처분신탁,170712470,170712470,부동산신탁,B,SM025,부문별 손익(수수료)
2780,201303,0011452,하나자산신탁,A125,담보신탁,597689493,597689493,부동산신탁,B,SM025,부문별 손익(수수료)
2781,201303,0011452,하나자산신탁,A126,분양관리신탁,328222476,328222476,부동산신탁,B,SM025,부문별 손익(수수료)
2782,201303,0011452,하나자산신탁,A127,기타,0, ,부동산신탁,B,SM025,부문별 손익(수수료)
2783,201303,0011452,하나자산신탁,A13,대리업무보수,669642199,669642199,부동산신탁,B,SM025,부문별 손익(수수료)
2784,201303,0011452,하나자산신탁,A14,기타,1687884552,1687884552,부동산신탁,B,SM025,부문별 손익(수수료)
2785,201303,0011452,하나자산신탁,A2,수수료비용,0,0,부동산신탁,B,SM025,부문별 손익(수수료)
2786,201306,0011452,하나자산신탁,A,수수료손익,5370356558,9887207480,부동산신탁,B,SM025,부문별 손익(수수료)
2787,201306,0011452,하나자산신탁,A1,수수료수익,5370356558,9887207480,부동산신탁,B,SM025,부문별 손익(수수료)
2788,201306,0011452,하나자산신탁,A11,집합투자기구운용보수,0,0,부동산신탁,B,SM025,부문별 손익(수수료)
2789,201306,0011452,하나자산신탁,A12,신탁보수,3557826536,5717150707,부동산신탁,B,SM025,부문별 손익(수수료)
2790,201306,0011452,하나자산신탁,A121,금전신탁,0,0,부동산신탁,B,SM025,부문별 손익(수수료)
2791,201306,0011452,하나자산신탁,A122,토지신탁,1657695117,2714631010,부동산신탁,B,SM025,부문별 손익(수수료)
2792,201306,0011452,하나자산신탁,A123,관리신탁,4984575,10748414,부동산신탁,B,SM025,부문별 손익(수수료)
2793,201306,0011452,하나자산신탁,A124,처분신탁,596199191,766911661,부동산신탁,B,SM025,부문별 손익(수수료)
2794,201306,0011452,하나자산신탁,A125,담보신탁,1116839846,1714529339,부동산신탁,B,SM025,부문별 손익(수수료)
2795,201306,0011452,하나자산신탁,A126,분양관리신탁,182107807,510330283,부동산신탁,B,SM025,부문별 손익(수수료)
2796,201306,0011452,하나자산신탁,A127,기타,0, ,부동산신탁,B,SM025,부문별 손익(수수료)
2797,201306,0011452,하나자산신탁,A13,대리업무보수,1066647779,1736289978,부동산신탁,B,SM025,부문별 손익(수수료)
2798,201306,0011452,하나자산신탁,A14,기타,745882243,2433766795,부동산신탁,B,SM025,부문별 손익(수수료)
2799,201306,0011452,하나자산신탁,A2,수수료비용,0,0,부동산신탁,B,SM025,부문별 손익(수수료)
2800,201309,0011452,하나자산신탁,A,수수료손익,6820822797,16708030277,부동산신탁,B,SM025,부문별 손익(수수료)
2801,201309,0011452,하나자산신탁,A1,수수료수익,6820822797,16708030277,부동산신탁,B,SM025,부문별 손익(수수료)
2802,201309,0011452,하나자산신탁,A11,집합투자기구운용보수,0,0,부동산신탁,B,SM025,부문별 손익(수수료)
2803,201309,0011452,하나자산신탁,A12,신탁보수,3152772185,8869922892,부동산신탁,B,SM025,부문별 손익(수수료)
2804,201309,0011452,하나자산신탁,A121,금전신탁,0,0,부동산신탁,B,SM025,부문별 손익(수수료)
2805,201309,0011452,하나자산신탁,A122,토지신탁,1510045311,4224676321,부동산신탁,B,SM025,부문별 손익(수수료)
2806,201309,0011452,하나자산신탁,A123,관리신탁,6152153,16900567,부동산신탁,B,SM025,부문별 손익(수수료)
2807,201309,0011452,하나자산신탁,A124,처분신탁,24934541,791846202,부동산신탁,B,SM025,부문별 손익(수수료)
2808,201309,0011452,하나자산신탁,A125,담보신탁,1295139826,3009669165,부동산신탁,B,SM025,부문별 손익(수수료)
2809,201309,0011452,하나자산신탁,A126,분양관리신탁,316500354,826830637,부동산신탁,B,SM025,부문별 손익(수수료)
2810,201309,0011452,하나자산신탁,A127,기타,0, ,부동산신탁,B,SM025,부문별 손익(수수료)
2811,201309,0011452,하나자산신탁,A13,대리업무보수,859393269,2595683247,부동산신탁,B,SM025,부문별 손익(수수료)
2812,201309,0011452,하나자산신탁,A14,기타,2808657343,5242424138,부동산신탁,B,SM025,부문별 손익(수수료)
2813,201309,0011452,하나자산신탁,A2,수수료비용,0,0,부동산신탁,B,SM025,부문별 손익(수수료)
2814,201312,0011452,하나자산신탁,A,수수료손익,6564491957,23272522234,부동산신탁,B,SM025,부문별 손익(수수료)
2815,201312,0011452,하나자산신탁,A1,수수료수익,6564491957,23272522234,부동산신탁,B,SM025,부문별 손익(수수료)
2816,201312,0011452,하나자산신탁,A11,집합투자기구운용보수,0,0,부동산신탁,B,SM025,부문별 손익(수수료)
2817,201312,0011452,하나자산신탁,A12,신탁보수,4870060454,13739983346,부동산신탁,B,SM025,부문별 손익(수수료)
2818,201312,0011452,하나자산신탁,A121,금전신탁,0,0,부동산신탁,B,SM025,부문별 손익(수수료)
2819,201312,0011452,하나자산신탁,A122,토지신탁,2306204047,6530880368,부동산신탁,B,SM025,부문별 손익(수수료)
2820,201312,0011452,하나자산신탁,A123,관리신탁,39417912,56318479,부동산신탁,B,SM025,부문별 손익(수수료)
2821,201312,0011452,하나자산신탁,A124,처분신탁,548516344,1340362546,부동산신탁,B,SM025,부문별 손익(수수료)
2822,201312,0011452,하나자산신탁,A125,담보신탁,1782109174,4791778339,부동산신탁,B,SM025,부문별 손익(수수료)
2823,201312,0011452,하나자산신탁,A126,분양관리신탁,193812977,1020643614,부동산신탁,B,SM025,부문별 손익(수수료)
2824,201312,0011452,하나자산신탁,A127,기타,0, ,부동산신탁,B,SM025,부문별 손익(수수료)
2825,201312,0011452,하나자산신탁,A13,대리업무보수,1462016118,4057699365,부동산신탁,B,SM025,부문별 손익(수수료)
2826,201312,0011452,하나자산신탁,A14,기타,232415385,5474839523,부동산신탁,B,SM025,부문별 손익(수수료)
2827,201312,0011452,하나자산신탁,A2,수수료비용,0,0,부동산신탁,B,SM025,부문별 손익(수수료)
2828,201403,0011452,하나자산신탁,A,수수료손익,4813354713,4813354713,부동산신탁,B,SM025,부문별 손익(수수료)
2829,201403,0011452,하나자산신탁,A1,수수료수익,4813354713,4813354713,부동산신탁,B,SM025,부문별 손익(수수료)
2830,201403,0011452,하나자산신탁,A11,집합투자기구운용보수,0,0,부동산신탁,B,SM025,부문별 손익(수수료)
2831,201403,0011452,하나자산신탁,A12,신탁보수,3165390752,3165390752,부동산신탁,B,SM025,부문별 손익(수수료)
2832,201403,0011452,하나자산신탁,A121,금전신탁,0,0,부동산신탁,B,SM025,부문별 손익(수수료)
2833,201403,0011452,하나자산신탁,A122,토지신탁,1226896871,1226896871,부동산신탁,B,SM025,부문별 손익(수수료)
2834,201403,0011452,하나자산신탁,A123,관리신탁,47609103,47609103,부동산신탁,B,SM025,부문별 손익(수수료)
2835,201403,0011452,하나자산신탁,A124,처분신탁,10123011,10123011,부동산신탁,B,SM025,부문별 손익(수수료)
2836,201403,0011452,하나자산신탁,A125,담보신탁,1723000100,1723000100,부동산신탁,B,SM025,부문별 손익(수수료)
2837,201403,0011452,하나자산신탁,A126,분양관리신탁,157761667,157761667,부동산신탁,B,SM025,부문별 손익(수수료)
2838,201403,0011452,하나자산신탁,A127,기타,0, ,부동산신탁,B,SM025,부문별 손익(수수료)
2839,201403,0011452,하나자산신탁,A13,대리업무보수,1637963961,1637963961,부동산신탁,B,SM025,부문별 손익(수수료)
2840,201403,0011452,하나자산신탁,A14,기타,10000000,10000000,부동산신탁,B,SM025,부문별 손익(수수료)
2841,201403,0011452,하나자산신탁,A2,수수료비용,0,0,부동산신탁,B,SM025,부문별 손익(수수료)
2842,201406,0011452,하나자산신탁,A,수수료손익,7673776944,12487131657,부동산신탁,B,SM025,부문별 손익(수수료)
2843,201406,0011452,하나자산신탁,A1,수수료수익,7673776944,12487131657,부동산신탁,B,SM025,부문별 손익(수수료)
2844,201406,0011452,하나자산신탁,A11,집합투자기구운용보수,0,0,부동산신탁,B,SM025,부문별 손익(수수료)
2845,201406,0011452,하나자산신탁,A12,신탁보수,4603997112,7769387864,부동산신탁,B,SM025,부문별 손익(수수료)
2846,201406,0011452,하나자산신탁,A121,금전신탁,0,0,부동산신탁,B,SM025,부문별 손익(수수료)
2847,201406,0011452,하나자산신탁,A122,토지신탁,3086926114,4313822985,부동산신탁,B,SM025,부문별 손익(수수료)
2848,201406,0011452,하나자산신탁,A123,관리신탁,6546789,54155892,부동산신탁,B,SM025,부문별 손익(수수료)
2849,201406,0011452,하나자산신탁,A124,처분신탁,150133492,160256503,부동산신탁,B,SM025,부문별 손익(수수료)
2850,201406,0011452,하나자산신탁,A125,담보신탁,1353708820,3076708920,부동산신탁,B,SM025,부문별 손익(수수료)
2851,201406,0011452,하나자산신탁,A126,분양관리신탁,6681897,164443564,부동산신탁,B,SM025,부문별 손익(수수료)
2852,201406,0011452,하나자산신탁,A127,기타,0, ,부동산신탁,B,SM025,부문별 손익(수수료)
2853,201406,0011452,하나자산신탁,A13,대리업무보수,1563279832,3201243793,부동산신탁,B,SM025,부문별 손익(수수료)
2854,201406,0011452,하나자산신탁,A14,기타,1506500000,1516500000,부동산신탁,B,SM025,부문별 손익(수수료)
2855,201406,0011452,하나자산신탁,A2,수수료비용,0,0,부동산신탁,B,SM025,부문별 손익(수수료)
2856,201409,0011452,하나자산신탁,A,수수료손익,5803603977,18290735634,부동산신탁,B,SM025,부문별 손익(수수료)
2857,201409,0011452,하나자산신탁,A1,수수료수익,5803603977,18290735634,부동산신탁,B,SM025,부문별 손익(수수료)
2858,201409,0011452,하나자산신탁,A11,집합투자기구운용보수,0,0,부동산신탁,B,SM025,부문별 손익(수수료)
2859,201409,0011452,하나자산신탁,A12,신탁보수,4332781130,12102168994,부동산신탁,B,SM025,부문별 손익(수수료)
2860,201409,0011452,하나자산신탁,A121,금전신탁,0,0,부동산신탁,B,SM025,부문별 손익(수수료)
2861,201409,0011452,하나자산신탁,A122,토지신탁,2662425277,6976248262,부동산신탁,B,SM025,부문별 손익(수수료)
2862,201409,0011452,하나자산신탁,A123,관리신탁,9318666,63474558,부동산신탁,B,SM025,부문별 손익(수수료)
2863,201409,0011452,하나자산신탁,A124,처분신탁,39061084,199317587,부동산신탁,B,SM025,부문별 손익(수수료)
2864,201409,0011452,하나자산신탁,A125,담보신탁,1219245960,4295954880,부동산신탁,B,SM025,부문별 손익(수수료)
2865,201409,0011452,하나자산신탁,A126,분양관리신탁,402730143,567173707,부동산신탁,B,SM025,부문별 손익(수수료)
2866,201409,0011452,하나자산신탁,A127,기타,0, ,부동산신탁,B,SM025,부문별 손익(수수료)
2867,201409,0011452,하나자산신탁,A13,대리업무보수,1065822847,4267066640,부동산신탁,B,SM025,부문별 손익(수수료)
2868,201409,0011452,하나자산신탁,A14,기타,405000000,1921500000,부동산신탁,B,SM025,부문별 손익(수수료)
2869,201409,0011452,하나자산신탁,A2,수수료비용,0,0,부동산신탁,B,SM025,부문별 손익(수수료)
2870,201412,0011452,하나자산신탁,A,수수료손익,6479358835,24770094469,부동산신탁,B,SM025,부문별 손익(수수료)
2871,201412,0011452,하나자산신탁,A1,수수료수익,6479358835,24770094469,부동산신탁,B,SM025,부문별 손익(수수료)
2872,201412,0011452,하나자산신탁,A11,집합투자기구운용보수,0,0,부동산신탁,B,SM025,부문별 손익(수수료)
2873,201412,0011452,하나자산신탁,A12,신탁보수,4981629722,17083798716,부동산신탁,B,SM025,부문별 손익(수수료)
2874,201412,0011452,하나자산신탁,A121,금전신탁,0,0,부동산신탁,B,SM025,부문별 손익(수수료)
2875,201412,0011452,하나자산신탁,A122,토지신탁,2288599426,9264847688,부동산신탁,B,SM025,부문별 손익(수수료)
2876,201412,0011452,하나자산신탁,A123,관리신탁,229172566,292647124,부동산신탁,B,SM025,부문별 손익(수수료)
2877,201412,0011452,하나자산신탁,A124,처분신탁,84665820,283983407,부동산신탁,B,SM025,부문별 손익(수수료)
2878,201412,0011452,하나자산신탁,A125,담보신탁,2133478592,6429433472,부동산신탁,B,SM025,부문별 손익(수수료)
2879,201412,0011452,하나자산신탁,A126,분양관리신탁,245713318,812887025,부동산신탁,B,SM025,부문별 손익(수수료)
2880,201412,0011452,하나자산신탁,A127,기타,0, ,부동산신탁,B,SM025,부문별 손익(수수료)
2881,201412,0011452,하나자산신탁,A13,대리업무보수,1395729113,5662795753,부동산신탁,B,SM025,부문별 손익(수수료)
2882,201412,0011452,하나자산신탁,A14,기타,102000000,2023500000,부동산신탁,B,SM025,부문별 손익(수수료)
2883,201412,0011452,하나자산신탁,A2,수수료비용,0,0,부동산신탁,B,SM025,부문별 손익(수수료)
2884,201503,0011452,하나자산신탁,A,수수료손익,6166920133,6166920133,부동산신탁,B,SM025,부문별 손익(수수료)
2885,201503,0011452,하나자산신탁,A1,수수료수익,6166920133,6166920133,부동산신탁,B,SM025,부문별 손익(수수료)
2886,201503,0011452,하나자산신탁,A11,집합투자기구운용보수,0,0,부동산신탁,B,SM025,부문별 손익(수수료)
2887,201503,0011452,하나자산신탁,A12,신탁보수,3658733877,3658733877,부동산신탁,B,SM025,부문별 손익(수수료)
2888,201503,0011452,하나자산신탁,A121,금전신탁,0,0,부동산신탁,B,SM025,부문별 손익(수수료)
2889,201503,0011452,하나자산신탁,A122,토지신탁,2011719835,2011719835,부동산신탁,B,SM025,부문별 손익(수수료)
2890,201503,0011452,하나자산신탁,A123,관리신탁,32230885,32230885,부동산신탁,B,SM025,부문별 손익(수수료)
2891,201503,0011452,하나자산신탁,A124,처분신탁,10879586,10879586,부동산신탁,B,SM025,부문별 손익(수수료)
2892,201503,0011452,하나자산신탁,A125,담보신탁,1203701562,1203701562,부동산신탁,B,SM025,부문별 손익(수수료)
2893,201503,0011452,하나자산신탁,A126,분양관리신탁,400202009,400202009,부동산신탁,B,SM025,부문별 손익(수수료)
2894,201503,0011452,하나자산신탁,A127,기타,0, ,부동산신탁,B,SM025,부문별 손익(수수료)
2895,201503,0011452,하나자산신탁,A13,대리업무보수,1503186256,1503186256,부동산신탁,B,SM025,부문별 손익(수수료)
2896,201503,0011452,하나자산신탁,A14,기타,1005000000,1005000000,부동산신탁,B,SM025,부문별 손익(수수료)
2897,201503,0011452,하나자산신탁,A2,수수료비용,0,0,부동산신탁,B,SM025,부문별 손익(수수료)
2898,201506,0011452,하나자산신탁,A,수수료손익,7231304165,13398224298,부동산신탁,B,SM025,부문별 손익(수수료)
2899,201506,0011452,하나자산신탁,A1,수수료수익,7231304165,13398224298,부동산신탁,B,SM025,부문별 손익(수수료)
2900,201506,0011452,하나자산신탁,A11,집합투자기구운용보수,0,0,부동산신탁,B,SM025,부문별 손익(수수료)
2901,201506,0011452,하나자산신탁,A12,신탁보수,4161790478,7820524355,부동산신탁,B,SM025,부문별 손익(수수료)
2902,201506,0011452,하나자산신탁,A121,금전신탁,0,0,부동산신탁,B,SM025,부문별 손익(수수료)
2903,201506,0011452,하나자산신탁,A122,토지신탁,1716393172,3728113007,부동산신탁,B,SM025,부문별 손익(수수료)
2904,201506,0011452,하나자산신탁,A123,관리신탁,8558224,40789109,부동산신탁,B,SM025,부문별 손익(수수료)
2905,201506,0011452,하나자산신탁,A124,처분신탁,108047881,118927467,부동산신탁,B,SM025,부문별 손익(수수료)
2906,201506,0011452,하나자산신탁,A125,담보신탁,1815908084,3019609646,부동산신탁,B,SM025,부문별 손익(수수료)
2907,201506,0011452,하나자산신탁,A126,분양관리신탁,512883117,913085126,부동산신탁,B,SM025,부문별 손익(수수료)
2908,201506,0011452,하나자산신탁,A127,기타,0, ,부동산신탁,B,SM025,부문별 손익(수수료)
2909,201506,0011452,하나자산신탁,A13,대리업무보수,1467560051,2970746307,부동산신탁,B,SM025,부문별 손익(수수료)
2910,201506,0011452,하나자산신탁,A14,기타,1601953636,2606953636,부동산신탁,B,SM025,부문별 손익(수수료)
2911,201506,0011452,하나자산신탁,A2,수수료비용,0,0,부동산신탁,B,SM025,부문별 손익(수수료)
2912,201509,0011452,하나자산신탁,A,수수료손익,8408461959,21806686257,부동산신탁,B,SM025,부문별 손익(수수료)
2913,201509,0011452,하나자산신탁,A1,수수료수익,8408461959,21806686257,부동산신탁,B,SM025,부문별 손익(수수료)
2914,201509,0011452,하나자산신탁,A11,집합투자기구운용보수,0,0,부동산신탁,B,SM025,부문별 손익(수수료)
2915,201509,0011452,하나자산신탁,A12,신탁보수,4325679172,12146203527,부동산신탁,B,SM025,부문별 손익(수수료)
2916,201509,0011452,하나자산신탁,A121,금전신탁,0, ,부동산신탁,B,SM025,부문별 손익(수수료)
2917,201509,0011452,하나자산신탁,A122,토지신탁,1469510500,5197623507,부동산신탁,B,SM025,부문별 손익(수수료)
2918,201509,0011452,하나자산신탁,A123,관리신탁,4542669,45331778,부동산신탁,B,SM025,부문별 손익(수수료)
2919,201509,0011452,하나자산신탁,A124,처분신탁,189186329,308113796,부동산신탁,B,SM025,부문별 손익(수수료)
2920,201509,0011452,하나자산신탁,A125,담보신탁,2267820844,5287430490,부동산신탁,B,SM025,부문별 손익(수수료)
2921,201509,0011452,하나자산신탁,A126,분양관리신탁,394618830,1307703956,부동산신탁,B,SM025,부문별 손익(수수료)
2922,201509,0011452,하나자산신탁,A127,기타,0, ,부동산신탁,B,SM025,부문별 손익(수수료)
2923,201509,0011452,하나자산신탁,A13,대리업무보수,1051757787,4022504094,부동산신탁,B,SM025,부문별 손익(수수료)
2924,201509,0011452,하나자산신탁,A14,기타,3031025000,5637978636,부동산신탁,B,SM025,부문별 손익(수수료)
2925,201509,0011452,하나자산신탁,A2,수수료비용,0,0,부동산신탁,B,SM025,부문별 손익(수수료)
2926,201512,0011452,하나자산신탁,A,수수료손익,11018329828,32825016085,부동산신탁,B,SM025,부문별 손익(수수료)
2927,201512,0011452,하나자산신탁,A1,수수료수익,11018329828,32825016085,부동산신탁,B,SM025,부문별 손익(수수료)
2928,201512,0011452,하나자산신탁,A11,집합투자기구운용보수,0,0,부동산신탁,B,SM025,부문별 손익(수수료)
2929,201512,0011452,하나자산신탁,A12,신탁보수,7408204753,19554408280,부동산신탁,B,SM025,부문별 손익(수수료)
2930,201512,0011452,하나자산신탁,A121,금전신탁,0, ,부동산신탁,B,SM025,부문별 손익(수수료)
2931,201512,0011452,하나자산신탁,A122,토지신탁,4695544403,9893167910,부동산신탁,B,SM025,부문별 손익(수수료)
2932,201512,0011452,하나자산신탁,A123,관리신탁,98361,45430139,부동산신탁,B,SM025,부문별 손익(수수료)
2933,201512,0011452,하나자산신탁,A124,처분신탁,24816330,332930126,부동산신탁,B,SM025,부문별 손익(수수료)
2934,201512,0011452,하나자산신탁,A125,담보신탁,2055119160,7342549650,부동산신탁,B,SM025,부문별 손익(수수료)
2935,201512,0011452,하나자산신탁,A126,분양관리신탁,632626499,1940330455,부동산신탁,B,SM025,부문별 손익(수수료)
2936,201512,0011452,하나자산신탁,A127,기타,0, ,부동산신탁,B,SM025,부문별 손익(수수료)
2937,201512,0011452,하나자산신탁,A13,대리업무보수,1611746637,5634250731,부동산신탁,B,SM025,부문별 손익(수수료)
2938,201512,0011452,하나자산신탁,A14,기타,1998378438,7636357074,부동산신탁,B,SM025,부문별 손익(수수료)
2939,201512,0011452,하나자산신탁,A2,수수료비용,0,0,부동산신탁,B,SM025,부문별 손익(수수료)
2940,201603,0011452,하나자산신탁,A,수수료손익,9810828847,9810828847,부동산신탁,B,SM025,부문별 손익(수수료)
2941,201603,0011452,하나자산신탁,A1,수수료수익,9810828847,9810828847,부동산신탁,B,SM025,부문별 손익(수수료)
2942,201603,0011452,하나자산신탁,A11,집합투자기구운용보수,0,0,부동산신탁,B,SM025,부문별 손익(수수료)
2943,201603,0011452,하나자산신탁,A12,신탁보수,6243084689,6243084689,부동산신탁,B,SM025,부문별 손익(수수료)
2944,201603,0011452,하나자산신탁,A121,금전신탁,0,0,부동산신탁,B,SM025,부문별 손익(수수료)
2945,201603,0011452,하나자산신탁,A122,토지신탁,3774230580,3774230580,부동산신탁,B,SM025,부문별 손익(수수료)
2946,201603,0011452,하나자산신탁,A123,관리신탁,40386821,40386821,부동산신탁,B,SM025,부문별 손익(수수료)
2947,201603,0011452,하나자산신탁,A124,처분신탁,562243613,562243613,부동산신탁,B,SM025,부문별 손익(수수료)
2948,201603,0011452,하나자산신탁,A125,담보신탁,1243950273,1243950273,부동산신탁,B,SM025,부문별 손익(수수료)
2949,201603,0011452,하나자산신탁,A126,분양관리신탁,622273402,622273402,부동산신탁,B,SM025,부문별 손익(수수료)
2950,201603,0011452,하나자산신탁,A127,기타,0,0,부동산신탁,B,SM025,부문별 손익(수수료)
2951,201603,0011452,하나자산신탁,A13,대리업무보수,1805810067,1805810067,부동산신탁,B,SM025,부문별 손익(수수료)
2952,201603,0011452,하나자산신탁,A14,기타,1761934091,1761934091,부동산신탁,B,SM025,부문별 손익(수수료)
2953,201603,0011452,하나자산신탁,A2,수수료비용,0,0,부동산신탁,B,SM025,부문별 손익(수수료)
2954,201606,0011452,하나자산신탁,A,수수료손익,11297360567,21108189414,부동산신탁,B,SM025,부문별 손익(수수료)
2955,201606,0011452,하나자산신탁,A1,수수료수익,11297360567,21108189414,부동산신탁,B,SM025,부문별 손익(수수료)
2956,201606,0011452,하나자산신탁,A11,집합투자기구운용보수,0,0,부동산신탁,B,SM025,부문별 손익(수수료)
2957,201606,0011452,하나자산신탁,A12,신탁보수,7653681659,13896766348,부동산신탁,B,SM025,부문별 손익(수수료)
2958,201606,0011452,하나자산신탁,A121,금전신탁,0,0,부동산신탁,B,SM025,부문별 손익(수수료)
2959,201606,0011452,하나자산신탁,A122,토지신탁,5664598047,9438828627,부동산신탁,B,SM025,부문별 손익(수수료)
2960,201606,0011452,하나자산신탁,A123,관리신탁,-22709998,17676823,부동산신탁,B,SM025,부문별 손익(수수료)
2961,201606,0011452,하나자산신탁,A124,처분신탁,350702608,912946221,부동산신탁,B,SM025,부문별 손익(수수료)
2962,201606,0011452,하나자산신탁,A125,담보신탁,1044284087,2288234360,부동산신탁,B,SM025,부문별 손익(수수료)
2963,201606,0011452,하나자산신탁,A126,분양관리신탁,616806915,1239080317,부동산신탁,B,SM025,부문별 손익(수수료)
2964,201606,0011452,하나자산신탁,A127,기타,0,0,부동산신탁,B,SM025,부문별 손익(수수료)
2965,201606,0011452,하나자산신탁,A13,대리업무보수,1647653908,3453463975,부동산신탁,B,SM025,부문별 손익(수수료)
2966,201606,0011452,하나자산신탁,A14,기타,1996025000,3757959091,부동산신탁,B,SM025,부문별 손익(수수료)
2967,201606,0011452,하나자산신탁,A2,수수료비용,0,0,부동산신탁,B,SM025,부문별 손익(수수료)
2968,201609,0011452,하나자산신탁,A,수수료손익,12139943359,33248132773,부동산신탁,B,SM025,부문별 손익(수수료)
2969,201609,0011452,하나자산신탁,A1,수수료수익,12139943359,33248132773,부동산신탁,B,SM025,부문별 손익(수수료)
2970,201609,0011452,하나자산신탁,A11,집합투자기구운용보수,0,0,부동산신탁,B,SM025,부문별 손익(수수료)
2971,201609,0011452,하나자산신탁,A12,신탁보수,9586375508,23483141856,부동산신탁,B,SM025,부문별 손익(수수료)
2972,201609,0011452,하나자산신탁,A121,금전신탁,0,0,부동산신탁,B,SM025,부문별 손익(수수료)
2973,201609,0011452,하나자산신탁,A122,토지신탁,6756370944,16195199571,부동산신탁,B,SM025,부문별 손익(수수료)
2974,201609,0011452,하나자산신탁,A123,관리신탁,310798854,328475677,부동산신탁,B,SM025,부문별 손익(수수료)
2975,201609,0011452,하나자산신탁,A124,처분신탁,15148026,928094247,부동산신탁,B,SM025,부문별 손익(수수료)
2976,201609,0011452,하나자산신탁,A125,담보신탁,1718046745,4006281105,부동산신탁,B,SM025,부문별 손익(수수료)
2977,201609,0011452,하나자산신탁,A126,분양관리신탁,786010939,2025091256,부동산신탁,B,SM025,부문별 손익(수수료)
2978,201609,0011452,하나자산신탁,A127,기타,0,0,부동산신탁,B,SM025,부문별 손익(수수료)
2979,201609,0011452,하나자산신탁,A13,대리업무보수,1302734518,4756198493,부동산신탁,B,SM025,부문별 손익(수수료)
2980,201609,0011452,하나자산신탁,A14,기타,1250833333,5008792424,부동산신탁,B,SM025,부문별 손익(수수료)
2981,201609,0011452,하나자산신탁,A2,수수료비용,0,0,부동산신탁,B,SM025,부문별 손익(수수료)
2982,201612,0011452,하나자산신탁,A,수수료손익,12070805843,45318938616,부동산신탁,B,SM025,부문별 손익(수수료)
2983,201612,0011452,하나자산신탁,A1,수수료수익,12070805843,45318938616,부동산신탁,B,SM025,부문별 손익(수수료)
2984,201612,0011452,하나자산신탁,A11,집합투자기구운용보수,0,0,부동산신탁,B,SM025,부문별 손익(수수료)
2985,201612,0011452,하나자산신탁,A12,신탁보수,8641274246,32124416102,부동산신탁,B,SM025,부문별 손익(수수료)
2986,201612,0011452,하나자산신탁,A121,금전신탁,0,0,부동산신탁,B,SM025,부문별 손익(수수료)
2987,201612,0011452,하나자산신탁,A122,토지신탁,6702819271,22898018842,부동산신탁,B,SM025,부문별 손익(수수료)
2988,201612,0011452,하나자산신탁,A123,관리신탁,10798853,339274530,부동산신탁,B,SM025,부문별 손익(수수료)
2989,201612,0011452,하나자산신탁,A124,처분신탁,119278912,1047373159,부동산신탁,B,SM025,부문별 손익(수수료)
2990,201612,0011452,하나자산신탁,A125,담보신탁,1145807991,5152089096,부동산신탁,B,SM025,부문별 손익(수수료)
2991,201612,0011452,하나자산신탁,A126,분양관리신탁,662569219,2687660475,부동산신탁,B,SM025,부문별 손익(수수료)
2992,201612,0011452,하나자산신탁,A127,기타,0,0,부동산신탁,B,SM025,부문별 손익(수수료)
2993,201612,0011452,하나자산신탁,A13,대리업무보수,1004531597,5760730090,부동산신탁,B,SM025,부문별 손익(수수료)
2994,201612,0011452,하나자산신탁,A14,기타,2425000000,7433792424,부동산신탁,B,SM025,부문별 손익(수수료)
2995,201612,0011452,하나자산신탁,A2,수수료비용,0,0,부동산신탁,B,SM025,부문별 손익(수수료)
2996,200903,0010906,한국자산신탁,A,수수료손익,4711558050,4711558050,부동산신탁,B,SM025,부문별 손익(수수료)
2997,200903,0010906,한국자산신탁,A1,수수료수익,4711558050,4711558050,부동산신탁,B,SM025,부문별 손익(수수료)
2998,200903,0010906,한국자산신탁,A11,집합투자기구운용보수,0,0,부동산신탁,B,SM025,부문별 손익(수수료)
2999,200903,0010906,한국자산신탁,A12,신탁보수,3367523349,3367523349,부동산신탁,B,SM025,부문별 손익(수수료)
3000,200903,0010906,한국자산신탁,A121,금전신탁,0,0,부동산신탁,B,SM025,부문별 손익(수수료)
3001,200903,0010906,한국자산신탁,A122,토지신탁,1990315597,1990315597,부동산신탁,B,SM025,부문별 손익(수수료)
3002,200903,0010906,한국자산신탁,A123,관리신탁,96616162,96616162,부동산신탁,B,SM025,부문별 손익(수수료)
3003,200903,0010906,한국자산신탁,A124,처분신탁,105346500,105346500,부동산신탁,B,SM025,부문별 손익(수수료)
3004,200903,0010906,한국자산신탁,A125,담보신탁,1175245090,1175245090,부동산신탁,B,SM025,부문별 손익(수수료)
3005,200903,0010906,한국자산신탁,A126,분양관리신탁,0,0,부동산신탁,B,SM025,부문별 손익(수수료)
3006,200903,0010906,한국자산신탁,A127,기타,0,0,부동산신탁,B,SM025,부문별 손익(수수료)
3007,200903,0010906,한국자산신탁,A13,대리업무보수,1341535701,1341535701,부동산신탁,B,SM025,부문별 손익(수수료)
3008,200903,0010906,한국자산신탁,A14,기타,2499000,2499000,부동산신탁,B,SM025,부문별 손익(수수료)
3009,200903,0010906,한국자산신탁,A2,수수료비용,0,0,부동산신탁,B,SM025,부문별 손익(수수료)
3010,201106,0010906,한국자산신탁,A,수수료손익,14043721233,14043721233,부동산신탁,B,SM025,부문별 손익(수수료)
3011,201106,0010906,한국자산신탁,A1,수수료수익,14043721233,14043721233,부동산신탁,B,SM025,부문별 손익(수수료)
3012,201106,0010906,한국자산신탁,A11,집합투자기구운용보수,0,0,부동산신탁,B,SM025,부문별 손익(수수료)
3013,201106,0010906,한국자산신탁,A12,신탁보수,10923724372,10923724372,부동산신탁,B,SM025,부문별 손익(수수료)
3014,201106,0010906,한국자산신탁,A121,금전신탁,0, ,부동산신탁,B,SM025,부문별 손익(수수료)
3015,201106,0010906,한국자산신탁,A122,토지신탁,6994029352,6994029352,부동산신탁,B,SM025,부문별 손익(수수료)
3016,201106,0010906,한국자산신탁,A123,관리신탁,147928890,147928890,부동산신탁,B,SM025,부문별 손익(수수료)
3017,201106,0010906,한국자산신탁,A124,처분신탁,268135106,268135106,부동산신탁,B,SM025,부문별 손익(수수료)
3018,201106,0010906,한국자산신탁,A125,담보신탁,2520447277,2520447277,부동산신탁,B,SM025,부문별 손익(수수료)
3019,201106,0010906,한국자산신탁,A126,분양관리신탁,993183747,993183747,부동산신탁,B,SM025,부문별 손익(수수료)
3020,201106,0010906,한국자산신탁,A127,기타,0, ,부동산신탁,B,SM025,부문별 손익(수수료)
3021,201106,0010906,한국자산신탁,A13,대리업무보수,2746248865,2746248865,부동산신탁,B,SM025,부문별 손익(수수료)
3022,201106,0010906,한국자산신탁,A14,기타,373747996,373747996,부동산신탁,B,SM025,부문별 손익(수수료)
3023,201106,0010906,한국자산신탁,A2,수수료비용,0,0,부동산신탁,B,SM025,부문별 손익(수수료)
3024,201109,0010906,한국자산신탁,A,수수료손익,7332728774,21376450007,부동산신탁,B,SM025,부문별 손익(수수료)
3025,201109,0010906,한국자산신탁,A1,수수료수익,7332728774,21376450007,부동산신탁,B,SM025,부문별 손익(수수료)
3026,201109,0010906,한국자산신탁,A11,집합투자기구운용보수,0,0,부동산신탁,B,SM025,부문별 손익(수수료)
3027,201109,0010906,한국자산신탁,A12,신탁보수,5624956649,16548681021,부동산신탁,B,SM025,부문별 손익(수수료)
3028,201109,0010906,한국자산신탁,A121,금전신탁,0, ,부동산신탁,B,SM025,부문별 손익(수수료)
3029,201109,0010906,한국자산신탁,A122,토지신탁,3660679729,10654709081,부동산신탁,B,SM025,부문별 손익(수수료)
3030,201109,0010906,한국자산신탁,A123,관리신탁,106003105,253931995,부동산신탁,B,SM025,부문별 손익(수수료)
3031,201109,0010906,한국자산신탁,A124,처분신탁,194140000,462275106,부동산신탁,B,SM025,부문별 손익(수수료)
3032,201109,0010906,한국자산신탁,A125,담보신탁,1040293836,3560741113,부동산신탁,B,SM025,부문별 손익(수수료)
3033,201109,0010906,한국자산신탁,A126,분양관리신탁,623839979,1617023726,부동산신탁,B,SM025,부문별 손익(수수료)
3034,201109,0010906,한국자산신탁,A127,기타,0, ,부동산신탁,B,SM025,부문별 손익(수수료)
3035,201109,0010906,한국자산신탁,A13,대리업무보수,1517689129,4263937994,부동산신탁,B,SM025,부문별 손익(수수료)
3036,201109,0010906,한국자산신탁,A14,기타,190082996,563830992,부동산신탁,B,SM025,부문별 손익(수수료)
3037,201109,0010906,한국자산신탁,A2,수수료비용,0,0,부동산신탁,B,SM025,부문별 손익(수수료)
3038,201112,0010906,한국자산신탁,A,수수료손익,8038554053,29415004060,부동산신탁,B,SM025,부문별 손익(수수료)
3039,201112,0010906,한국자산신탁,A1,수수료수익,8038554053,29415004060,부동산신탁,B,SM025,부문별 손익(수수료)
3040,201112,0010906,한국자산신탁,A11,집합투자기구운용보수,0,0,부동산신탁,B,SM025,부문별 손익(수수료)
3041,201112,0010906,한국자산신탁,A12,신탁보수,6137358044,22686039065,부동산신탁,B,SM025,부문별 손익(수수료)
3042,201112,0010906,한국자산신탁,A121,금전신탁,0, ,부동산신탁,B,SM025,부문별 손익(수수료)
3043,201112,0010906,한국자산신탁,A122,토지신탁,3613409202,14268118283,부동산신탁,B,SM025,부문별 손익(수수료)
3044,201112,0010906,한국자산신탁,A123,관리신탁,223178932,477110927,부동산신탁,B,SM025,부문별 손익(수수료)
3045,201112,0010906,한국자산신탁,A124,처분신탁,71150000,533425106,부동산신탁,B,SM025,부문별 손익(수수료)
3046,201112,0010906,한국자산신탁,A125,담보신탁,1512578924,5073320037,부동산신탁,B,SM025,부문별 손익(수수료)
3047,201112,0010906,한국자산신탁,A126,분양관리신탁,717040986,2334064712,부동산신탁,B,SM025,부문별 손익(수수료)
3048,201112,0010906,한국자산신탁,A127,기타,0, ,부동산신탁,B,SM025,부문별 손익(수수료)
3049,201112,0010906,한국자산신탁,A13,대리업무보수,1233741460,5497679454,부동산신탁,B,SM025,부문별 손익(수수료)
3050,201112,0010906,한국자산신탁,A14,기타,667454549,1231285541,부동산신탁,B,SM025,부문별 손익(수수료)
3051,201112,0010906,한국자산신탁,A2,수수료비용,0,0,부동산신탁,B,SM025,부문별 손익(수수료)
3052,201203,0010906,한국자산신탁,A,수수료손익,9135885301,9135885301,부동산신탁,B,SM025,부문별 손익(수수료)
3053,201203,0010906,한국자산신탁,A1,수수료수익,9135885301,9135885301,부동산신탁,B,SM025,부문별 손익(수수료)
3054,201203,0010906,한국자산신탁,A11,집합투자기구운용보수,0,0,부동산신탁,B,SM025,부문별 손익(수수료)
3055,201203,0010906,한국자산신탁,A12,신탁보수,7069601756,7069601756,부동산신탁,B,SM025,부문별 손익(수수료)
3056,201203,0010906,한국자산신탁,A121,금전신탁,0, ,부동산신탁,B,SM025,부문별 손익(수수료)
3057,201203,0010906,한국자산신탁,A122,토지신탁,4192630187,4192630187,부동산신탁,B,SM025,부문별 손익(수수료)
3058,201203,0010906,한국자산신탁,A123,관리신탁,84710794,84710794,부동산신탁,B,SM025,부문별 손익(수수료)
3059,201203,0010906,한국자산신탁,A124,처분신탁,162489000,162489000,부동산신탁,B,SM025,부문별 손익(수수료)
3060,201203,0010906,한국자산신탁,A125,담보신탁,1888335548,1888335548,부동산신탁,B,SM025,부문별 손익(수수료)
3061,201203,0010906,한국자산신탁,A126,분양관리신탁,741436227,741436227,부동산신탁,B,SM025,부문별 손익(수수료)
3062,201203,0010906,한국자산신탁,A127,기타,0, ,부동산신탁,B,SM025,부문별 손익(수수료)
3063,201203,0010906,한국자산신탁,A13,대리업무보수,1564005766,1564005766,부동산신탁,B,SM025,부문별 손익(수수료)
3064,201203,0010906,한국자산신탁,A14,기타,502277779,502277779,부동산신탁,B,SM025,부문별 손익(수수료)
3065,201203,0010906,한국자산신탁,A2,수수료비용,0,0,부동산신탁,B,SM025,부문별 손익(수수료)
3066,201206,0010906,한국자산신탁,A,수수료손익,9096546036,18232431337,부동산신탁,B,SM025,부문별 손익(수수료)
3067,201206,0010906,한국자산신탁,A1,수수료수익,9096546036,18232431337,부동산신탁,B,SM025,부문별 손익(수수료)
3068,201206,0010906,한국자산신탁,A11,집합투자기구운용보수,0,0,부동산신탁,B,SM025,부문별 손익(수수료)
3069,201206,0010906,한국자산신탁,A12,신탁보수,7425041717,14494643473,부동산신탁,B,SM025,부문별 손익(수수료)
3070,201206,0010906,한국자산신탁,A121,금전신탁,0, ,부동산신탁,B,SM025,부문별 손익(수수료)
3071,201206,0010906,한국자산신탁,A122,토지신탁,4264749414,8457379601,부동산신탁,B,SM025,부문별 손익(수수료)
3072,201206,0010906,한국자산신탁,A123,관리신탁,115269853,199980647,부동산신탁,B,SM025,부문별 손익(수수료)
3073,201206,0010906,한국자산신탁,A124,처분신탁,122229000,284718000,부동산신탁,B,SM025,부문별 손익(수수료)
3074,201206,0010906,한국자산신탁,A125,담보신탁,2217293840,4105629388,부동산신탁,B,SM025,부문별 손익(수수료)
3075,201206,0010906,한국자산신탁,A126,분양관리신탁,705499610,1446935837,부동산신탁,B,SM025,부문별 손익(수수료)
3076,201206,0010906,한국자산신탁,A127,기타,0, ,부동산신탁,B,SM025,부문별 손익(수수료)
3077,201206,0010906,한국자산신탁,A13,대리업무보수,1154438666,2718444432,부동산신탁,B,SM025,부문별 손익(수수료)
3078,201206,0010906,한국자산신탁,A14,기타,517065653,1019343432,부동산신탁,B,SM025,부문별 손익(수수료)
3079,201206,0010906,한국자산신탁,A2,수수료비용,0,0,부동산신탁,B,SM025,부문별 손익(수수료)
3080,201209,0010906,한국자산신탁,A,수수료손익,8342061464,26574492801,부동산신탁,B,SM025,부문별 손익(수수료)
3081,201209,0010906,한국자산신탁,A1,수수료수익,8342061464,26574492801,부동산신탁,B,SM025,부문별 손익(수수료)
3082,201209,0010906,한국자산신탁,A11,집합투자기구운용보수,0,0,부동산신탁,B,SM025,부문별 손익(수수료)
3083,201209,0010906,한국자산신탁,A12,신탁보수,6453984012,20948627485,부동산신탁,B,SM025,부문별 손익(수수료)
3084,201209,0010906,한국자산신탁,A121,금전신탁,0, ,부동산신탁,B,SM025,부문별 손익(수수료)
3085,201209,0010906,한국자산신탁,A122,토지신탁,4360335290,12817714891,부동산신탁,B,SM025,부문별 손익(수수료)
3086,201209,0010906,한국자산신탁,A123,관리신탁,107624936,307605583,부동산신탁,B,SM025,부문별 손익(수수료)
3087,201209,0010906,한국자산신탁,A124,처분신탁,51300000,336018000,부동산신탁,B,SM025,부문별 손익(수수료)
3088,201209,0010906,한국자산신탁,A125,담보신탁,1201189481,5306818869,부동산신탁,B,SM025,부문별 손익(수수료)
3089,201209,0010906,한국자산신탁,A126,분양관리신탁,733534305,2180470142,부동산신탁,B,SM025,부문별 손익(수수료)
3090,201209,0010906,한국자산신탁,A127,기타,0, ,부동산신탁,B,SM025,부문별 손익(수수료)
3091,201209,0010906,한국자산신탁,A13,대리업무보수,1484466344,4202910776,부동산신탁,B,SM025,부문별 손익(수수료)
3092,201209,0010906,한국자산신탁,A14,기타,403611108,1422954540,부동산신탁,B,SM025,부문별 손익(수수료)
3093,201209,0010906,한국자산신탁,A2,수수료비용,0,0,부동산신탁,B,SM025,부문별 손익(수수료)
3094,201212,0010906,한국자산신탁,A,수수료손익,7480973258,34055466059,부동산신탁,B,SM025,부문별 손익(수수료)
3095,201212,0010906,한국자산신탁,A1,수수료수익,7480973258,34055466059,부동산신탁,B,SM025,부문별 손익(수수료)
3096,201212,0010906,한국자산신탁,A11,집합투자기구운용보수,0,0,부동산신탁,B,SM025,부문별 손익(수수료)
3097,201212,0010906,한국자산신탁,A12,신탁보수,5156075584,26104703069,부동산신탁,B,SM025,부문별 손익(수수료)
3098,201212,0010906,한국자산신탁,A121,금전신탁,0,0,부동산신탁,B,SM025,부문별 손익(수수료)
3099,201212,0010906,한국자산신탁,A122,토지신탁,3610979711,16428694602,부동산신탁,B,SM025,부문별 손익(수수료)
3100,201212,0010906,한국자산신탁,A123,관리신탁,36631370,344236953,부동산신탁,B,SM025,부문별 손익(수수료)
3101,201212,0010906,한국자산신탁,A124,처분신탁,222559012,558577012,부동산신탁,B,SM025,부문별 손익(수수료)
3102,201212,0010906,한국자산신탁,A125,담보신탁,716612318,6023431187,부동산신탁,B,SM025,부문별 손익(수수료)
3103,201212,0010906,한국자산신탁,A126,분양관리신탁,569293173,2749763315,부동산신탁,B,SM025,부문별 손익(수수료)
3104,201212,0010906,한국자산신탁,A127,기타,0,0,부동산신탁,B,SM025,부문별 손익(수수료)
3105,201212,0010906,한국자산신탁,A13,대리업무보수,907806555,5110717331,부동산신탁,B,SM025,부문별 손익(수수료)
3106,201212,0010906,한국자산신탁,A14,기타,1417091119,2840045659,부동산신탁,B,SM025,부문별 손익(수수료)
3107,201212,0010906,한국자산신탁,A2,수수료비용,0,0,부동산신탁,B,SM025,부문별 손익(수수료)
3108,201303,0010906,한국자산신탁,A,수수료손익,7069882111,7069882111,부동산신탁,B,SM025,부문별 손익(수수료)
3109,201303,0010906,한국자산신탁,A1,수수료수익,7069882111,7069882111,부동산신탁,B,SM025,부문별 손익(수수료)
3110,201303,0010906,한국자산신탁,A11,집합투자기구운용보수,0,0,부동산신탁,B,SM025,부문별 손익(수수료)
3111,201303,0010906,한국자산신탁,A12,신탁보수,5154982465,5154982465,부동산신탁,B,SM025,부문별 손익(수수료)
3112,201303,0010906,한국자산신탁,A121,금전신탁,0,0,부동산신탁,B,SM025,부문별 손익(수수료)
3113,201303,0010906,한국자산신탁,A122,토지신탁,3440675420,3440675420,부동산신탁,B,SM025,부문별 손익(수수료)
3114,201303,0010906,한국자산신탁,A123,관리신탁,69615372,69615372,부동산신탁,B,SM025,부문별 손익(수수료)
3115,201303,0010906,한국자산신탁,A124,처분신탁,5000000,5000000,부동산신탁,B,SM025,부문별 손익(수수료)
3116,201303,0010906,한국자산신탁,A125,담보신탁,1056572800,1056572800,부동산신탁,B,SM025,부문별 손익(수수료)
3117,201303,0010906,한국자산신탁,A126,분양관리신탁,583118873,583118873,부동산신탁,B,SM025,부문별 손익(수수료)
3118,201303,0010906,한국자산신탁,A127,기타,0,0,부동산신탁,B,SM025,부문별 손익(수수료)
3119,201303,0010906,한국자산신탁,A13,대리업무보수,1433844007,1433844007,부동산신탁,B,SM025,부문별 손익(수수료)
3120,201303,0010906,한국자산신탁,A14,기타,481055639,481055639,부동산신탁,B,SM025,부문별 손익(수수료)
3121,201303,0010906,한국자산신탁,A2,수수료비용,0,0,부동산신탁,B,SM025,부문별 손익(수수료)
3122,201306,0010906,한국자산신탁,A,수수료손익,6677782709,13747664820,부동산신탁,B,SM025,부문별 손익(수수료)
3123,201306,0010906,한국자산신탁,A1,수수료수익,6677782709,13747664820,부동산신탁,B,SM025,부문별 손익(수수료)
3124,201306,0010906,한국자산신탁,A11,집합투자기구운용보수,0,0,부동산신탁,B,SM025,부문별 손익(수수료)
3125,201306,0010906,한국자산신탁,A12,신탁보수,5337826833,10492809298,부동산신탁,B,SM025,부문별 손익(수수료)
3126,201306,0010906,한국자산신탁,A121,금전신탁,0,0,부동산신탁,B,SM025,부문별 손익(수수료)
3127,201306,0010906,한국자산신탁,A122,토지신탁,3488247496,6928922916,부동산신탁,B,SM025,부문별 손익(수수료)
3128,201306,0010906,한국자산신탁,A123,관리신탁,98911521,168526893,부동산신탁,B,SM025,부문별 손익(수수료)
3129,201306,0010906,한국자산신탁,A124,처분신탁,51350000,56350000,부동산신탁,B,SM025,부문별 손익(수수료)
3130,201306,0010906,한국자산신탁,A125,담보신탁,881436430,1938009230,부동산신탁,B,SM025,부문별 손익(수수료)
3131,201306,0010906,한국자산신탁,A126,분양관리신탁,817881386,1401000259,부동산신탁,B,SM025,부문별 손익(수수료)
3132,201306,0010906,한국자산신탁,A127,기타,0,0,부동산신탁,B,SM025,부문별 손익(수수료)
3133,201306,0010906,한국자산신탁,A13,대리업무보수,966530950,2400374957,부동산신탁,B,SM025,부문별 손익(수수료)
3134,201306,0010906,한국자산신탁,A14,기타,373424926,854480565,부동산신탁,B,SM025,부문별 손익(수수료)
3135,201306,0010906,한국자산신탁,A2,수수료비용,0,0,부동산신탁,B,SM025,부문별 손익(수수료)
3136,201309,0010906,한국자산신탁,A,수수료손익,6058546718,19806211538,부동산신탁,B,SM025,부문별 손익(수수료)
3137,201309,0010906,한국자산신탁,A1,수수료수익,6058546718,19806211538,부동산신탁,B,SM025,부문별 손익(수수료)
3138,201309,0010906,한국자산신탁,A11,집합투자기구운용보수,0,0,부동산신탁,B,SM025,부문별 손익(수수료)
3139,201309,0010906,한국자산신탁,A12,신탁보수,4993333932,15486143230,부동산신탁,B,SM025,부문별 손익(수수료)
3140,201309,0010906,한국자산신탁,A121,금전신탁,0,0,부동산신탁,B,SM025,부문별 손익(수수료)
3141,201309,0010906,한국자산신탁,A122,토지신탁,2948645181,9877568097,부동산신탁,B,SM025,부문별 손익(수수료)
3142,201309,0010906,한국자산신탁,A123,관리신탁,70636154,239163047,부동산신탁,B,SM025,부문별 손익(수수료)
3143,201309,0010906,한국자산신탁,A124,처분신탁,138318000,194668000,부동산신탁,B,SM025,부문별 손익(수수료)
3144,201309,0010906,한국자산신탁,A125,담보신탁,1114296840,3052306070,부동산신탁,B,SM025,부문별 손익(수수료)
3145,201309,0010906,한국자산신탁,A126,분양관리신탁,721437757,2122438016,부동산신탁,B,SM025,부문별 손익(수수료)
3146,201309,0010906,한국자산신탁,A127,기타,0,0,부동산신탁,B,SM025,부문별 손익(수수료)
3147,201309,0010906,한국자산신탁,A13,대리업무보수,895536210,3295911167,부동산신탁,B,SM025,부문별 손익(수수료)
3148,201309,0010906,한국자산신탁,A14,기타,169676576,1024157141,부동산신탁,B,SM025,부문별 손익(수수료)
3149,201309,0010906,한국자산신탁,A2,수수료비용,0,0,부동산신탁,B,SM025,부문별 손익(수수료)
3150,201312,0010906,한국자산신탁,A,수수료손익,7974863033,27781074571,부동산신탁,B,SM025,부문별 손익(수수료)
3151,201312,0010906,한국자산신탁,A1,수수료수익,7974863033,27781074571,부동산신탁,B,SM025,부문별 손익(수수료)
3152,201312,0010906,한국자산신탁,A11,집합투자기구운용보수,0,0,부동산신탁,B,SM025,부문별 손익(수수료)
3153,201312,0010906,한국자산신탁,A12,신탁보수,7043513465,22529656695,부동산신탁,B,SM025,부문별 손익(수수료)
3154,201312,0010906,한국자산신탁,A121,금전신탁,0,0,부동산신탁,B,SM025,부문별 손익(수수료)
3155,201312,0010906,한국자산신탁,A122,토지신탁,4462695128,14340263225,부동산신탁,B,SM025,부문별 손익(수수료)
3156,201312,0010906,한국자산신탁,A123,관리신탁,78613770,317776817,부동산신탁,B,SM025,부문별 손익(수수료)
3157,201312,0010906,한국자산신탁,A124,처분신탁,27558360,222226360,부동산신탁,B,SM025,부문별 손익(수수료)
3158,201312,0010906,한국자산신탁,A125,담보신탁,1255145800,4307451870,부동산신탁,B,SM025,부문별 손익(수수료)
3159,201312,0010906,한국자산신탁,A126,분양관리신탁,1219500407,3341938423,부동산신탁,B,SM025,부문별 손익(수수료)
3160,201312,0010906,한국자산신탁,A127,기타,0,0,부동산신탁,B,SM025,부문별 손익(수수료)
3161,201312,0010906,한국자산신탁,A13,대리업무보수,751256311,4047167478,부동산신탁,B,SM025,부문별 손익(수수료)
3162,201312,0010906,한국자산신탁,A14,기타,180093257,1204250398,부동산신탁,B,SM025,부문별 손익(수수료)
3163,201312,0010906,한국자산신탁,A2,수수료비용,0,0,부동산신탁,B,SM025,부문별 손익(수수료)
3164,201403,0010906,한국자산신탁,A,수수료손익,8221299653,8221299653,부동산신탁,B,SM025,부문별 손익(수수료)
3165,201403,0010906,한국자산신탁,A1,수수료수익,8221299653,8221299653,부동산신탁,B,SM025,부문별 손익(수수료)
3166,201403,0010906,한국자산신탁,A11,집합투자기구운용보수,0,0,부동산신탁,B,SM025,부문별 손익(수수료)
3167,201403,0010906,한국자산신탁,A12,신탁보수,6955402265,6955402265,부동산신탁,B,SM025,부문별 손익(수수료)
3168,201403,0010906,한국자산신탁,A121,금전신탁,0,0,부동산신탁,B,SM025,부문별 손익(수수료)
3169,201403,0010906,한국자산신탁,A122,토지신탁,5296030186,5296030186,부동산신탁,B,SM025,부문별 손익(수수료)
3170,201403,0010906,한국자산신탁,A123,관리신탁,90015520,90015520,부동산신탁,B,SM025,부문별 손익(수수료)
3171,201403,0010906,한국자산신탁,A124,처분신탁,338750000,338750000,부동산신탁,B,SM025,부문별 손익(수수료)
3172,201403,0010906,한국자산신탁,A125,담보신탁,662917720,662917720,부동산신탁,B,SM025,부문별 손익(수수료)
3173,201403,0010906,한국자산신탁,A126,분양관리신탁,567688839,567688839,부동산신탁,B,SM025,부문별 손익(수수료)
3174,201403,0010906,한국자산신탁,A127,기타,0,0,부동산신탁,B,SM025,부문별 손익(수수료)
3175,201403,0010906,한국자산신탁,A13,대리업무보수,743480387,743480387,부동산신탁,B,SM025,부문별 손익(수수료)
3176,201403,0010906,한국자산신탁,A14,기타,522417001,522417001,부동산신탁,B,SM025,부문별 손익(수수료)
3177,201403,0010906,한국자산신탁,A2,수수료비용,0,0,부동산신탁,B,SM025,부문별 손익(수수료)
3178,201406,0010906,한국자산신탁,A,수수료손익,11737474561,19958774214,부동산신탁,B,SM025,부문별 손익(수수료)
3179,201406,0010906,한국자산신탁,A1,수수료수익,11737474561,19958774214,부동산신탁,B,SM025,부문별 손익(수수료)
3180,201406,0010906,한국자산신탁,A11,집합투자기구운용보수,0,0,부동산신탁,B,SM025,부문별 손익(수수료)
3181,201406,0010906,한국자산신탁,A12,신탁보수,9939160157,16894562422,부동산신탁,B,SM025,부문별 손익(수수료)
3182,201406,0010906,한국자산신탁,A121,금전신탁,0,0,부동산신탁,B,SM025,부문별 손익(수수료)
3183,201406,0010906,한국자산신탁,A122,토지신탁,6716366375,12012396561,부동산신탁,B,SM025,부문별 손익(수수료)
3184,201406,0010906,한국자산신탁,A123,관리신탁,84567224,174582744,부동산신탁,B,SM025,부문별 손익(수수료)
3185,201406,0010906,한국자산신탁,A124,처분신탁,80800000,419550000,부동산신탁,B,SM025,부문별 손익(수수료)
3186,201406,0010906,한국자산신탁,A125,담보신탁,2028324552,2691242272,부동산신탁,B,SM025,부문별 손익(수수료)
3187,201406,0010906,한국자산신탁,A126,분양관리신탁,1029102006,1596790845,부동산신탁,B,SM025,부문별 손익(수수료)
3188,201406,0010906,한국자산신탁,A127,기타,0,0,부동산신탁,B,SM025,부문별 손익(수수료)
3189,201406,0010906,한국자산신탁,A13,대리업무보수,952711935,1696192322,부동산신탁,B,SM025,부문별 손익(수수료)
3190,201406,0010906,한국자산신탁,A14,기타,845602469,1368019470,부동산신탁,B,SM025,부문별 손익(수수료)
3191,201406,0010906,한국자산신탁,A2,수수료비용,0,0,부동산신탁,B,SM025,부문별 손익(수수료)
3192,201409,0010906,한국자산신탁,A,수수료손익,11400969403,31359743617,부동산신탁,B,SM025,부문별 손익(수수료)
3193,201409,0010906,한국자산신탁,A1,수수료수익,11400969403,31359743617,부동산신탁,B,SM025,부문별 손익(수수료)
3194,201409,0010906,한국자산신탁,A11,집합투자기구운용보수,0,0,부동산신탁,B,SM025,부문별 손익(수수료)
3195,201409,0010906,한국자산신탁,A12,신탁보수,8709143440,25603705862,부동산신탁,B,SM025,부문별 손익(수수료)
3196,201409,0010906,한국자산신탁,A121,금전신탁,0,0,부동산신탁,B,SM025,부문별 손익(수수료)
3197,201409,0010906,한국자산신탁,A122,토지신탁,6269335080,18281731641,부동산신탁,B,SM025,부문별 손익(수수료)
3198,201409,0010906,한국자산신탁,A123,관리신탁,60154016,234736760,부동산신탁,B,SM025,부문별 손익(수수료)
3199,201409,0010906,한국자산신탁,A124,처분신탁,29600000,449150000,부동산신탁,B,SM025,부문별 손익(수수료)
3200,201409,0010906,한국자산신탁,A125,담보신탁,1110159854,3801402126,부동산신탁,B,SM025,부문별 손익(수수료)
3201,201409,0010906,한국자산신탁,A126,분양관리신탁,1239894490,2836685335,부동산신탁,B,SM025,부문별 손익(수수료)
3202,201409,0010906,한국자산신탁,A127,기타,0,0,부동산신탁,B,SM025,부문별 손익(수수료)
3203,201409,0010906,한국자산신탁,A13,대리업무보수,1348294560,3044486882,부동산신탁,B,SM025,부문별 손익(수수료)
3204,201409,0010906,한국자산신탁,A14,기타,1343531403,2711550873,부동산신탁,B,SM025,부문별 손익(수수료)
3205,201409,0010906,한국자산신탁,A2,수수료비용,0,0,부동산신탁,B,SM025,부문별 손익(수수료)
3206,201412,0010906,한국자산신탁,A,수수료손익,12943765226,44303508843,부동산신탁,B,SM025,부문별 손익(수수료)
3207,201412,0010906,한국자산신탁,A1,수수료수익,15622765226,46982508843,부동산신탁,B,SM025,부문별 손익(수수료)
3208,201412,0010906,한국자산신탁,A11,집합투자기구운용보수,0,0,부동산신탁,B,SM025,부문별 손익(수수료)
3209,201412,0010906,한국자산신탁,A12,신탁보수,12022593821,37626299683,부동산신탁,B,SM025,부문별 손익(수수료)
3210,201412,0010906,한국자산신탁,A121,금전신탁,0,0,부동산신탁,B,SM025,부문별 손익(수수료)
3211,201412,0010906,한국자산신탁,A122,토지신탁,9223458307,27505189948,부동산신탁,B,SM025,부문별 손익(수수료)
3212,201412,0010906,한국자산신탁,A123,관리신탁,53685529,288422289,부동산신탁,B,SM025,부문별 손익(수수료)
3213,201412,0010906,한국자산신탁,A124,처분신탁,163000000,612150000,부동산신탁,B,SM025,부문별 손익(수수료)
3214,201412,0010906,한국자산신탁,A125,담보신탁,566737798,4368139924,부동산신탁,B,SM025,부문별 손익(수수료)
3215,201412,0010906,한국자산신탁,A126,분양관리신탁,2015712187,4852397522,부동산신탁,B,SM025,부문별 손익(수수료)
3216,201412,0010906,한국자산신탁,A127,기타,0,0,부동산신탁,B,SM025,부문별 손익(수수료)
3217,201412,0010906,한국자산신탁,A13,대리업무보수,1202532712,4247019594,부동산신탁,B,SM025,부문별 손익(수수료)
3218,201412,0010906,한국자산신탁,A14,기타,2397638693,5109189566,부동산신탁,B,SM025,부문별 손익(수수료)
3219,201412,0010906,한국자산신탁,A2,수수료비용,2679000000,2679000000,부동산신탁,B,SM025,부문별 손익(수수료)
3220,201503,0010906,한국자산신탁,A,수수료손익,12467963481,12467963481,부동산신탁,B,SM025,부문별 손익(수수료)
3221,201503,0010906,한국자산신탁,A1,수수료수익,12467963481,12467963481,부동산신탁,B,SM025,부문별 손익(수수료)
3222,201503,0010906,한국자산신탁,A11,집합투자기구운용보수,0,0,부동산신탁,B,SM025,부문별 손익(수수료)
3223,201503,0010906,한국자산신탁,A12,신탁보수,11028842317,11028842317,부동산신탁,B,SM025,부문별 손익(수수료)
3224,201503,0010906,한국자산신탁,A121,금전신탁,0,0,부동산신탁,B,SM025,부문별 손익(수수료)
3225,201503,0010906,한국자산신탁,A122,토지신탁,9174148541,9174148541,부동산신탁,B,SM025,부문별 손익(수수료)
3226,201503,0010906,한국자산신탁,A123,관리신탁,192919789,192919789,부동산신탁,B,SM025,부문별 손익(수수료)
3227,201503,0010906,한국자산신탁,A124,처분신탁,0,0,부동산신탁,B,SM025,부문별 손익(수수료)
3228,201503,0010906,한국자산신탁,A125,담보신탁,821761751,821761751,부동산신탁,B,SM025,부문별 손익(수수료)
3229,201503,0010906,한국자산신탁,A126,분양관리신탁,840012236,840012236,부동산신탁,B,SM025,부문별 손익(수수료)
3230,201503,0010906,한국자산신탁,A127,기타,0,0,부동산신탁,B,SM025,부문별 손익(수수료)
3231,201503,0010906,한국자산신탁,A13,대리업무보수,884985980,884985980,부동산신탁,B,SM025,부문별 손익(수수료)
3232,201503,0010906,한국자산신탁,A14,기타,554135184,554135184,부동산신탁,B,SM025,부문별 손익(수수료)
3233,201503,0010906,한국자산신탁,A2,수수료비용,0,0,부동산신탁,B,SM025,부문별 손익(수수료)
3234,201506,0010906,한국자산신탁,A,수수료손익,15516276816,27984240297,부동산신탁,B,SM025,부문별 손익(수수료)
3235,201506,0010906,한국자산신탁,A1,수수료수익,15522901472,27990864953,부동산신탁,B,SM025,부문별 손익(수수료)
3236,201506,0010906,한국자산신탁,A11,집합투자기구운용보수,0,0,부동산신탁,B,SM025,부문별 손익(수수료)
3237,201506,0010906,한국자산신탁,A12,신탁보수,13654882073,24683724390,부동산신탁,B,SM025,부문별 손익(수수료)
3238,201506,0010906,한국자산신탁,A121,금전신탁,0,0,부동산신탁,B,SM025,부문별 손익(수수료)
3239,201506,0010906,한국자산신탁,A122,토지신탁,10640710559,19814859100,부동산신탁,B,SM025,부문별 손익(수수료)
3240,201506,0010906,한국자산신탁,A123,관리신탁,79275402,272195191,부동산신탁,B,SM025,부문별 손익(수수료)
3241,201506,0010906,한국자산신탁,A124,처분신탁,836942000,836942000,부동산신탁,B,SM025,부문별 손익(수수료)
3242,201506,0010906,한국자산신탁,A125,담보신탁,1306480004,2128241755,부동산신탁,B,SM025,부문별 손익(수수료)
3243,201506,0010906,한국자산신탁,A126,분양관리신탁,791474108,1631486344,부동산신탁,B,SM025,부문별 손익(수수료)
3244,201506,0010906,한국자산신탁,A127,기타,0,0,부동산신탁,B,SM025,부문별 손익(수수료)
3245,201506,0010906,한국자산신탁,A13,대리업무보수,1218810089,2103796069,부동산신탁,B,SM025,부문별 손익(수수료)
3246,201506,0010906,한국자산신탁,A14,기타,649209310,1203344494,부동산신탁,B,SM025,부문별 손익(수수료)
3247,201506,0010906,한국자산신탁,A2,수수료비용,6624656,6624656,부동산신탁,B,SM025,부문별 손익(수수료)
3248,201509,0010906,한국자산신탁,A,수수료손익,16569681232,44553921529,부동산신탁,B,SM025,부문별 손익(수수료)
3249,201509,0010906,한국자산신탁,A1,수수료수익,16589341503,44580206456,부동산신탁,B,SM025,부문별 손익(수수료)
3250,201509,0010906,한국자산신탁,A11,집합투자기구운용보수,0,0,부동산신탁,B,SM025,부문별 손익(수수료)
3251,201509,0010906,한국자산신탁,A12,신탁보수,14560361923,39244086313,부동산신탁,B,SM025,부문별 손익(수수료)
3252,201509,0010906,한국자산신탁,A121,금전신탁,0,0,부동산신탁,B,SM025,부문별 손익(수수료)
3253,201509,0010906,한국자산신탁,A122,토지신탁,11482362716,31297221816,부동산신탁,B,SM025,부문별 손익(수수료)
3254,201509,0010906,한국자산신탁,A123,관리신탁,67293097,339488288,부동산신탁,B,SM025,부문별 손익(수수료)
3255,201509,0010906,한국자산신탁,A124,처분신탁,168600000,1005542000,부동산신탁,B,SM025,부문별 손익(수수료)
3256,201509,0010906,한국자산신탁,A125,담보신탁,1662460914,3790702669,부동산신탁,B,SM025,부문별 손익(수수료)
3257,201509,0010906,한국자산신탁,A126,분양관리신탁,1179645196,2811131540,부동산신탁,B,SM025,부문별 손익(수수료)
3258,201509,0010906,한국자산신탁,A127,기타,0,0,부동산신탁,B,SM025,부문별 손익(수수료)
3259,201509,0010906,한국자산신탁,A13,대리업무보수,1032396522,3136192591,부동산신탁,B,SM025,부문별 손익(수수료)
3260,201509,0010906,한국자산신탁,A14,기타,996583058,2199927552,부동산신탁,B,SM025,부문별 손익(수수료)
3261,201509,0010906,한국자산신탁,A2,수수료비용,19660271,26284927,부동산신탁,B,SM025,부문별 손익(수수료)
3262,201512,0010906,한국자산신탁,A,수수료손익,17559844692,62113766221,부동산신탁,B,SM025,부문별 손익(수수료)
3263,201512,0010906,한국자산신탁,A1,수수료수익,17579291264,62159497720,부동산신탁,B,SM025,부문별 손익(수수료)
3264,201512,0010906,한국자산신탁,A11,집합투자기구운용보수,0,0,부동산신탁,B,SM025,부문별 손익(수수료)
3265,201512,0010906,한국자산신탁,A12,신탁보수,15484521260,54728607573,부동산신탁,B,SM025,부문별 손익(수수료)
3266,201512,0010906,한국자산신탁,A121,금전신탁,0,0,부동산신탁,B,SM025,부문별 손익(수수료)
3267,201512,0010906,한국자산신탁,A122,토지신탁,12738333918,44035555734,부동산신탁,B,SM025,부문별 손익(수수료)
3268,201512,0010906,한국자산신탁,A123,관리신탁,97527842,437016130,부동산신탁,B,SM025,부문별 손익(수수료)
3269,201512,0010906,한국자산신탁,A124,처분신탁,303318050,1308860050,부동산신탁,B,SM025,부문별 손익(수수료)
3270,201512,0010906,한국자산신탁,A125,담보신탁,1705789083,5496491752,부동산신탁,B,SM025,부문별 손익(수수료)
3271,201512,0010906,한국자산신탁,A126,분양관리신탁,639552367,3450683907,부동산신탁,B,SM025,부문별 손익(수수료)
3272,201512,0010906,한국자산신탁,A127,기타,0,0,부동산신탁,B,SM025,부문별 손익(수수료)
3273,201512,0010906,한국자산신탁,A13,대리업무보수,1124327627,4260520218,부동산신탁,B,SM025,부문별 손익(수수료)
3274,201512,0010906,한국자산신탁,A14,기타,970442377,3170369929,부동산신탁,B,SM025,부문별 손익(수수료)
3275,201512,0010906,한국자산신탁,A2,수수료비용,19446572,45731499,부동산신탁,B,SM025,부문별 손익(수수료)
3276,201603,0010906,한국자산신탁,A,수수료손익,17650200252,17650200252,부동산신탁,B,SM025,부문별 손익(수수료)
3277,201603,0010906,한국자산신탁,A1,수수료수익,17669646823,17669646823,부동산신탁,B,SM025,부문별 손익(수수료)
3278,201603,0010906,한국자산신탁,A11,집합투자기구운용보수,0,0,부동산신탁,B,SM025,부문별 손익(수수료)
3279,201603,0010906,한국자산신탁,A12,신탁보수,15501290980,15501290980,부동산신탁,B,SM025,부문별 손익(수수료)
3280,201603,0010906,한국자산신탁,A121,금전신탁,0, ,부동산신탁,B,SM025,부문별 손익(수수료)
3281,201603,0010906,한국자산신탁,A122,토지신탁,13931462954,13931462954,부동산신탁,B,SM025,부문별 손익(수수료)
3282,201603,0010906,한국자산신탁,A123,관리신탁,44653345,44653345,부동산신탁,B,SM025,부문별 손익(수수료)
3283,201603,0010906,한국자산신탁,A124,처분신탁,76300000,76300000,부동산신탁,B,SM025,부문별 손익(수수료)
3284,201603,0010906,한국자산신탁,A125,담보신탁,995223664,995223664,부동산신탁,B,SM025,부문별 손익(수수료)
3285,201603,0010906,한국자산신탁,A126,분양관리신탁,453651017,453651017,부동산신탁,B,SM025,부문별 손익(수수료)
3286,201603,0010906,한국자산신탁,A127,기타,0, ,부동산신탁,B,SM025,부문별 손익(수수료)
3287,201603,0010906,한국자산신탁,A13,대리업무보수,1494060113,1494060113,부동산신탁,B,SM025,부문별 손익(수수료)
3288,201603,0010906,한국자산신탁,A14,기타,674295730,674295730,부동산신탁,B,SM025,부문별 손익(수수료)
3289,201603,0010906,한국자산신탁,A2,수수료비용,19446571,19446571,부동산신탁,B,SM025,부문별 손익(수수료)
3290,201606,0010906,한국자산신탁,A,수수료손익,22170265781,39820466033,부동산신탁,B,SM025,부문별 손익(수수료)
3291,201606,0010906,한국자산신탁,A1,수수료수익,22189926051,39859572874,부동산신탁,B,SM025,부문별 손익(수수료)
3292,201606,0010906,한국자산신탁,A11,집합투자기구운용보수,0,0,부동산신탁,B,SM025,부문별 손익(수수료)
3293,201606,0010906,한국자산신탁,A12,신탁보수,19429579119,34930870099,부동산신탁,B,SM025,부문별 손익(수수료)
3294,201606,0010906,한국자산신탁,A121,금전신탁,0, ,부동산신탁,B,SM025,부문별 손익(수수료)
3295,201606,0010906,한국자산신탁,A122,토지신탁,18224448528,32155911482,부동산신탁,B,SM025,부문별 손익(수수료)
3296,201606,0010906,한국자산신탁,A123,관리신탁,73894429,118547774,부동산신탁,B,SM025,부문별 손익(수수료)
3297,201606,0010906,한국자산신탁,A124,처분신탁,200000000,276300000,부동산신탁,B,SM025,부문별 손익(수수료)
3298,201606,0010906,한국자산신탁,A125,담보신탁,388521180,1383744844,부동산신탁,B,SM025,부문별 손익(수수료)
3299,201606,0010906,한국자산신탁,A126,분양관리신탁,542714982,996365999,부동산신탁,B,SM025,부문별 손익(수수료)
3300,201606,0010906,한국자산신탁,A127,기타,0, ,부동산신탁,B,SM025,부문별 손익(수수료)
3301,201606,0010906,한국자산신탁,A13,대리업무보수,1918771200,3412831313,부동산신탁,B,SM025,부문별 손익(수수료)
3302,201606,0010906,한국자산신탁,A14,기타,841575732,1515871462,부동산신탁,B,SM025,부문별 손익(수수료)
3303,201606,0010906,한국자산신탁,A2,수수료비용,19660270,39106841,부동산신탁,B,SM025,부문별 손익(수수료)
3304,201609,0010906,한국자산신탁,A,수수료손익,25578373913,65398839946,부동산신탁,B,SM025,부문별 손익(수수료)
3305,201609,0010906,한국자산신탁,A1,수수료수익,25598461581,65458034455,부동산신탁,B,SM025,부문별 손익(수수료)
3306,201609,0010906,한국자산신탁,A11,집합투자기구운용보수,0,0,부동산신탁,B,SM025,부문별 손익(수수료)
3307,201609,0010906,한국자산신탁,A12,신탁보수,21584573654,56515443753,부동산신탁,B,SM025,부문별 손익(수수료)
3308,201609,0010906,한국자산신탁,A121,금전신탁,0, ,부동산신탁,B,SM025,부문별 손익(수수료)
3309,201609,0010906,한국자산신탁,A122,토지신탁,20310256103,52466167585,부동산신탁,B,SM025,부문별 손익(수수료)
3310,201609,0010906,한국자산신탁,A123,관리신탁,52362422,170910196,부동산신탁,B,SM025,부문별 손익(수수료)
3311,201609,0010906,한국자산신탁,A124,처분신탁,66935000,343235000,부동산신탁,B,SM025,부문별 손익(수수료)
3312,201609,0010906,한국자산신탁,A125,담보신탁,596624781,1980369625,부동산신탁,B,SM025,부문별 손익(수수료)
3313,201609,0010906,한국자산신탁,A126,분양관리신탁,558395348,1554761347,부동산신탁,B,SM025,부문별 손익(수수료)
3314,201609,0010906,한국자산신탁,A127,기타,0, ,부동산신탁,B,SM025,부문별 손익(수수료)
3315,201609,0010906,한국자산신탁,A13,대리업무보수,985758855,4398590168,부동산신탁,B,SM025,부문별 손익(수수료)
3316,201609,0010906,한국자산신탁,A14,기타,3028129072,4544000534,부동산신탁,B,SM025,부문별 손익(수수료)
3317,201609,0010906,한국자산신탁,A2,수수료비용,20087668,59194509,부동산신탁,B,SM025,부문별 손익(수수료)
3318,201612,0010906,한국자산신탁,A,수수료손익,30704641382,96103481328,부동산신탁,B,SM025,부문별 손익(수수료)
3319,201612,0010906,한국자산신탁,A1,수수료수익,30729644076,96187678531,부동산신탁,B,SM025,부문별 손익(수수료)
3320,201612,0010906,한국자산신탁,A11,집합투자기구운용보수,0,0,부동산신탁,B,SM025,부문별 손익(수수료)
3321,201612,0010906,한국자산신탁,A12,신탁보수,26721640565,83237084318,부동산신탁,B,SM025,부문별 손익(수수료)
3322,201612,0010906,한국자산신탁,A121,금전신탁,0, ,부동산신탁,B,SM025,부문별 손익(수수료)
3323,201612,0010906,한국자산신탁,A122,토지신탁,25460739031,77926906616,부동산신탁,B,SM025,부문별 손익(수수료)
3324,201612,0010906,한국자산신탁,A123,관리신탁,66543175,237453371,부동산신탁,B,SM025,부문별 손익(수수료)
3325,201612,0010906,한국자산신탁,A124,처분신탁,4885000,348120000,부동산신탁,B,SM025,부문별 손익(수수료)
3326,201612,0010906,한국자산신탁,A125,담보신탁,579433414,2559803039,부동산신탁,B,SM025,부문별 손익(수수료)
3327,201612,0010906,한국자산신탁,A126,분양관리신탁,610039945,2164801292,부동산신탁,B,SM025,부문별 손익(수수료)
3328,201612,0010906,한국자산신탁,A127,기타,0, ,부동산신탁,B,SM025,부문별 손익(수수료)
3329,201612,0010906,한국자산신탁,A13,대리업무보수,1049204955,5447795123,부동산신탁,B,SM025,부문별 손익(수수료)
3330,201612,0010906,한국자산신탁,A14,기타,2958798556,7502799090,부동산신탁,B,SM025,부문별 손익(수수료)
3331,201612,0010906,한국자산신탁,A2,수수료비용,25002694,84197203,부동산신탁,B,SM025,부문별 손익(수수료)
3332,200903,0010902,한국토지신탁,A,수수료손익,9507756783,9507756783,부동산신탁,B,SM025,부문별 손익(수수료)
3333,200903,0010902,한국토지신탁,A1,수수료수익,9507756783,9507756783,부동산신탁,B,SM025,부문별 손익(수수료)
3334,200903,0010902,한국토지신탁,A11,집합투자기구운용보수,0,0,부동산신탁,B,SM025,부문별 손익(수수료)
3335,200903,0010902,한국토지신탁,A12,신탁보수,8223041173,8223041173,부동산신탁,B,SM025,부문별 손익(수수료)
3336,200903,0010902,한국토지신탁,A121,금전신탁,0,0,부동산신탁,B,SM025,부문별 손익(수수료)
3337,200903,0010902,한국토지신탁,A122,토지신탁,6818559967,6818559967,부동산신탁,B,SM025,부문별 손익(수수료)
3338,200903,0010902,한국토지신탁,A123,관리신탁,65402624,65402624,부동산신탁,B,SM025,부문별 손익(수수료)
3339,200903,0010902,한국토지신탁,A124,처분신탁,148354573,148354573,부동산신탁,B,SM025,부문별 손익(수수료)
3340,200903,0010902,한국토지신탁,A125,담보신탁,904100398,904100398,부동산신탁,B,SM025,부문별 손익(수수료)
3341,200903,0010902,한국토지신탁,A126,분양관리신탁,286623611,286623611,부동산신탁,B,SM025,부문별 손익(수수료)
3342,200903,0010902,한국토지신탁,A127,기타,0,0,부동산신탁,B,SM025,부문별 손익(수수료)
3343,200903,0010902,한국토지신탁,A13,대리업무보수,584715610,584715610,부동산신탁,B,SM025,부문별 손익(수수료)
3344,200903,0010902,한국토지신탁,A14,기타,700000000,700000000,부동산신탁,B,SM025,부문별 손익(수수료)
3345,200903,0010902,한국토지신탁,A2,수수료비용,0,0,부동산신탁,B,SM025,부문별 손익(수수료)
3346,201106,0010902,한국토지신탁,A,수수료손익,16625095731,16625095731,부동산신탁,B,SM025,부문별 손익(수수료)
3347,201106,0010902,한국토지신탁,A1,수수료수익,16625095731,16625095731,부동산신탁,B,SM025,부문별 손익(수수료)
3348,201106,0010902,한국토지신탁,A11,집합투자기구운용보수,0,0,부동산신탁,B,SM025,부문별 손익(수수료)
3349,201106,0010902,한국토지신탁,A12,신탁보수,12807250637,12807250637,부동산신탁,B,SM025,부문별 손익(수수료)
3350,201106,0010902,한국토지신탁,A121,금전신탁,0, ,부동산신탁,B,SM025,부문별 손익(수수료)
3351,201106,0010902,한국토지신탁,A122,토지신탁,9590066778,9590066778,부동산신탁,B,SM025,부문별 손익(수수료)
3352,201106,0010902,한국토지신탁,A123,관리신탁,59073865,59073865,부동산신탁,B,SM025,부문별 손익(수수료)
3353,201106,0010902,한국토지신탁,A124,처분신탁,653408553,653408553,부동산신탁,B,SM025,부문별 손익(수수료)
3354,201106,0010902,한국토지신탁,A125,담보신탁,2137714140,2137714140,부동산신탁,B,SM025,부문별 손익(수수료)
3355,201106,0010902,한국토지신탁,A126,분양관리신탁,366987301,366987301,부동산신탁,B,SM025,부문별 손익(수수료)
3356,201106,0010902,한국토지신탁,A127,기타,0, ,부동산신탁,B,SM025,부문별 손익(수수료)
3357,201106,0010902,한국토지신탁,A13,대리업무보수,1916746077,1916746077,부동산신탁,B,SM025,부문별 손익(수수료)
3358,201106,0010902,한국토지신탁,A14,기타,1901099017,1901099017,부동산신탁,B,SM025,부문별 손익(수수료)
3359,201106,0010902,한국토지신탁,A2,수수료비용,0,0,부동산신탁,B,SM025,부문별 손익(수수료)
3360,201109,0010902,한국토지신탁,A,수수료손익,10651633562,27276729293,부동산신탁,B,SM025,부문별 손익(수수료)
3361,201109,0010902,한국토지신탁,A1,수수료수익,10651633562,27276729293,부동산신탁,B,SM025,부문별 손익(수수료)
3362,201109,0010902,한국토지신탁,A11,집합투자기구운용보수,0,0,부동산신탁,B,SM025,부문별 손익(수수료)
3363,201109,0010902,한국토지신탁,A12,신탁보수,7121591293,19928841930,부동산신탁,B,SM025,부문별 손익(수수료)
3364,201109,0010902,한국토지신탁,A121,금전신탁,0, ,부동산신탁,B,SM025,부문별 손익(수수료)
3365,201109,0010902,한국토지신탁,A122,토지신탁,5967366733,15557433511,부동산신탁,B,SM025,부문별 손익(수수료)
3366,201109,0010902,한국토지신탁,A123,관리신탁,43773716,102847581,부동산신탁,B,SM025,부문별 손익(수수료)
3367,201109,0010902,한국토지신탁,A124,처분신탁,390693611,1044102164,부동산신탁,B,SM025,부문별 손익(수수료)
3368,201109,0010902,한국토지신탁,A125,담보신탁,555195979,2692910119,부동산신탁,B,SM025,부문별 손익(수수료)
3369,201109,0010902,한국토지신탁,A126,분양관리신탁,164561254,531548555,부동산신탁,B,SM025,부문별 손익(수수료)
3370,201109,0010902,한국토지신탁,A127,기타,0, ,부동산신탁,B,SM025,부문별 손익(수수료)
3371,201109,0010902,한국토지신탁,A13,대리업무보수,1316898596,3233644673,부동산신탁,B,SM025,부문별 손익(수수료)
3372,201109,0010902,한국토지신탁,A14,기타,2213143673,4114242690,부동산신탁,B,SM025,부문별 손익(수수료)
3373,201109,0010902,한국토지신탁,A2,수수료비용,0,0,부동산신탁,B,SM025,부문별 손익(수수료)
3374,201112,0010902,한국토지신탁,A,수수료손익,12719058873,39995788166,부동산신탁,B,SM025,부문별 손익(수수료)
3375,201112,0010902,한국토지신탁,A1,수수료수익,12719058873,39995788166,부동산신탁,B,SM025,부문별 손익(수수료)
3376,201112,0010902,한국토지신탁,A11,집합투자기구운용보수,0,0,부동산신탁,B,SM025,부문별 손익(수수료)
3377,201112,0010902,한국토지신탁,A12,신탁보수,10523066210,30451908140,부동산신탁,B,SM025,부문별 손익(수수료)
3378,201112,0010902,한국토지신탁,A121,금전신탁,0,0,부동산신탁,B,SM025,부문별 손익(수수료)
3379,201112,0010902,한국토지신탁,A122,토지신탁,9609672912,25167106423,부동산신탁,B,SM025,부문별 손익(수수료)
3380,201112,0010902,한국토지신탁,A123,관리신탁,219701497,322549078,부동산신탁,B,SM025,부문별 손익(수수료)
3381,201112,0010902,한국토지신탁,A124,처분신탁,47759625,1091861789,부동산신탁,B,SM025,부문별 손익(수수료)
3382,201112,0010902,한국토지신탁,A125,담보신탁,459361910,3152272029,부동산신탁,B,SM025,부문별 손익(수수료)
3383,201112,0010902,한국토지신탁,A126,분양관리신탁,186570266,718118821,부동산신탁,B,SM025,부문별 손익(수수료)
3384,201112,0010902,한국토지신탁,A127,기타,0,0,부동산신탁,B,SM025,부문별 손익(수수료)
3385,201112,0010902,한국토지신탁,A13,대리업무보수,771617172,4005261845,부동산신탁,B,SM025,부문별 손익(수수료)
3386,201112,0010902,한국토지신탁,A14,기타,1424375491,5538618181,부동산신탁,B,SM025,부문별 손익(수수료)
3387,201112,0010902,한국토지신탁,A2,수수료비용,0,0,부동산신탁,B,SM025,부문별 손익(수수료)
3388,201203,0010902,한국토지신탁,A,수수료손익,12237144729,12237144729,부동산신탁,B,SM025,부문별 손익(수수료)
3389,201203,0010902,한국토지신탁,A1,수수료수익,12237144729,12237144729,부동산신탁,B,SM025,부문별 손익(수수료)
3390,201203,0010902,한국토지신탁,A11,집합투자기구운용보수,0,0,부동산신탁,B,SM025,부문별 손익(수수료)
3391,201203,0010902,한국토지신탁,A12,신탁보수,8480732661,8480732661,부동산신탁,B,SM025,부문별 손익(수수료)
3392,201203,0010902,한국토지신탁,A121,금전신탁,0,0,부동산신탁,B,SM025,부문별 손익(수수료)
3393,201203,0010902,한국토지신탁,A122,토지신탁,7667440879,7667440879,부동산신탁,B,SM025,부문별 손익(수수료)
3394,201203,0010902,한국토지신탁,A123,관리신탁,13239565,13239565,부동산신탁,B,SM025,부문별 손익(수수료)
3395,201203,0010902,한국토지신탁,A124,처분신탁,37912072,37912072,부동산신탁,B,SM025,부문별 손익(수수료)
3396,201203,0010902,한국토지신탁,A125,담보신탁,490431877,490431877,부동산신탁,B,SM025,부문별 손익(수수료)
3397,201203,0010902,한국토지신탁,A126,분양관리신탁,271708268,271708268,부동산신탁,B,SM025,부문별 손익(수수료)
3398,201203,0010902,한국토지신탁,A127,기타,0,0,부동산신탁,B,SM025,부문별 손익(수수료)
3399,201203,0010902,한국토지신탁,A13,대리업무보수,705779761,705779761,부동산신탁,B,SM025,부문별 손익(수수료)
3400,201203,0010902,한국토지신탁,A14,기타,3050632307,3050632307,부동산신탁,B,SM025,부문별 손익(수수료)
3401,201203,0010902,한국토지신탁,A2,수수료비용,0,0,부동산신탁,B,SM025,부문별 손익(수수료)
3402,201206,0010902,한국토지신탁,A,수수료손익,11785845347,24022990076,부동산신탁,B,SM025,부문별 손익(수수료)
3403,201206,0010902,한국토지신탁,A1,수수료수익,11785845347,24022990076,부동산신탁,B,SM025,부문별 손익(수수료)
3404,201206,0010902,한국토지신탁,A11,집합투자기구운용보수,0,0,부동산신탁,B,SM025,부문별 손익(수수료)
3405,201206,0010902,한국토지신탁,A12,신탁보수,10401456726,18882189387,부동산신탁,B,SM025,부문별 손익(수수료)
3406,201206,0010902,한국토지신탁,A121,금전신탁,0,0,부동산신탁,B,SM025,부문별 손익(수수료)
3407,201206,0010902,한국토지신탁,A122,토지신탁,10056268977,17723709856,부동산신탁,B,SM025,부문별 손익(수수료)
3408,201206,0010902,한국토지신탁,A123,관리신탁,16766732,30006297,부동산신탁,B,SM025,부문별 손익(수수료)
3409,201206,0010902,한국토지신탁,A124,처분신탁,81315918,119227990,부동산신탁,B,SM025,부문별 손익(수수료)
3410,201206,0010902,한국토지신탁,A125,담보신탁,110023030,600454907,부동산신탁,B,SM025,부문별 손익(수수료)
3411,201206,0010902,한국토지신탁,A126,분양관리신탁,137082069,408790337,부동산신탁,B,SM025,부문별 손익(수수료)
3412,201206,0010902,한국토지신탁,A127,기타,0,0,부동산신탁,B,SM025,부문별 손익(수수료)
3413,201206,0010902,한국토지신탁,A13,대리업무보수,836494214,1542273975,부동산신탁,B,SM025,부문별 손익(수수료)
3414,201206,0010902,한국토지신탁,A14,기타,547894407,3598526714,부동산신탁,B,SM025,부문별 손익(수수료)
3415,201206,0010902,한국토지신탁,A2,수수료비용,0,0,부동산신탁,B,SM025,부문별 손익(수수료)
3416,201209,0010902,한국토지신탁,A,수수료손익,16768490181,40791480257,부동산신탁,B,SM025,부문별 손익(수수료)
3417,201209,0010902,한국토지신탁,A1,수수료수익,16768490181,40791480257,부동산신탁,B,SM025,부문별 손익(수수료)
3418,201209,0010902,한국토지신탁,A11,집합투자기구운용보수,0,0,부동산신탁,B,SM025,부문별 손익(수수료)
3419,201209,0010902,한국토지신탁,A12,신탁보수,15819743292,34701932679,부동산신탁,B,SM025,부문별 손익(수수료)
3420,201209,0010902,한국토지신탁,A121,금전신탁,0,0,부동산신탁,B,SM025,부문별 손익(수수료)
3421,201209,0010902,한국토지신탁,A122,토지신탁,15152181766,32875891622,부동산신탁,B,SM025,부문별 손익(수수료)
3422,201209,0010902,한국토지신탁,A123,관리신탁,14293911,44300208,부동산신탁,B,SM025,부문별 손익(수수료)
3423,201209,0010902,한국토지신탁,A124,처분신탁,140311677,259539667,부동산신탁,B,SM025,부문별 손익(수수료)
3424,201209,0010902,한국토지신탁,A125,담보신탁,395612000,996066907,부동산신탁,B,SM025,부문별 손익(수수료)
3425,201209,0010902,한국토지신탁,A126,분양관리신탁,117343938,526134275,부동산신탁,B,SM025,부문별 손익(수수료)
3426,201209,0010902,한국토지신탁,A127,기타,0,0,부동산신탁,B,SM025,부문별 손익(수수료)
3427,201209,0010902,한국토지신탁,A13,대리업무보수,581482053,2123756028,부동산신탁,B,SM025,부문별 손익(수수료)
3428,201209,0010902,한국토지신탁,A14,기타,367264836,3965791550,부동산신탁,B,SM025,부문별 손익(수수료)
3429,201209,0010902,한국토지신탁,A2,수수료비용,0,0,부동산신탁,B,SM025,부문별 손익(수수료)
3430,201212,0010902,한국토지신탁,A,수수료손익,18909074587,59700554844,부동산신탁,B,SM025,부문별 손익(수수료)
3431,201212,0010902,한국토지신탁,A1,수수료수익,18909074587,59700554844,부동산신탁,B,SM025,부문별 손익(수수료)
3432,201212,0010902,한국토지신탁,A11,집합투자기구운용보수,0,0,부동산신탁,B,SM025,부문별 손익(수수료)
3433,201212,0010902,한국토지신탁,A12,신탁보수,17903538226,52605470905,부동산신탁,B,SM025,부문별 손익(수수료)
3434,201212,0010902,한국토지신탁,A121,금전신탁,0,0,부동산신탁,B,SM025,부문별 손익(수수료)
3435,201212,0010902,한국토지신탁,A122,토지신탁,17099538853,49975430475,부동산신탁,B,SM025,부문별 손익(수수료)
3436,201212,0010902,한국토지신탁,A123,관리신탁,11662319,55962527,부동산신탁,B,SM025,부문별 손익(수수료)
3437,201212,0010902,한국토지신탁,A124,처분신탁,100555305,360094972,부동산신탁,B,SM025,부문별 손익(수수료)
3438,201212,0010902,한국토지신탁,A125,담보신탁,610354815,1606421722,부동산신탁,B,SM025,부문별 손익(수수료)
3439,201212,0010902,한국토지신탁,A126,분양관리신탁,81426934,607561209,부동산신탁,B,SM025,부문별 손익(수수료)
3440,201212,0010902,한국토지신탁,A127,기타,0,0,부동산신탁,B,SM025,부문별 손익(수수료)
3441,201212,0010902,한국토지신탁,A13,대리업무보수,568382105,2692138133,부동산신탁,B,SM025,부문별 손익(수수료)
3442,201212,0010902,한국토지신탁,A14,기타,437154256,4402945806,부동산신탁,B,SM025,부문별 손익(수수료)
3443,201212,0010902,한국토지신탁,A2,수수료비용,0,0,부동산신탁,B,SM025,부문별 손익(수수료)
3444,201303,0010902,한국토지신탁,A,수수료손익,20492578961,20492578961,부동산신탁,B,SM025,부문별 손익(수수료)
3445,201303,0010902,한국토지신탁,A1,수수료수익,20492578961,20492578961,부동산신탁,B,SM025,부문별 손익(수수료)
3446,201303,0010902,한국토지신탁,A11,집합투자기구운용보수,0,0,부동산신탁,B,SM025,부문별 손익(수수료)
3447,201303,0010902,한국토지신탁,A12,신탁보수,19208600167,19208600167,부동산신탁,B,SM025,부문별 손익(수수료)
3448,201303,0010902,한국토지신탁,A121,금전신탁,0,0,부동산신탁,B,SM025,부문별 손익(수수료)
3449,201303,0010902,한국토지신탁,A122,토지신탁,18952544275,18952544275,부동산신탁,B,SM025,부문별 손익(수수료)
3450,201303,0010902,한국토지신탁,A123,관리신탁,8009865,8009865,부동산신탁,B,SM025,부문별 손익(수수료)
3451,201303,0010902,한국토지신탁,A124,처분신탁,30364364,30364364,부동산신탁,B,SM025,부문별 손익(수수료)
3452,201303,0010902,한국토지신탁,A125,담보신탁,126854869,126854869,부동산신탁,B,SM025,부문별 손익(수수료)
3453,201303,0010902,한국토지신탁,A126,분양관리신탁,90826794,90826794,부동산신탁,B,SM025,부문별 손익(수수료)
3454,201303,0010902,한국토지신탁,A127,기타,0,0,부동산신탁,B,SM025,부문별 손익(수수료)
3455,201303,0010902,한국토지신탁,A13,대리업무보수,1263573215,1263573215,부동산신탁,B,SM025,부문별 손익(수수료)
3456,201303,0010902,한국토지신탁,A14,기타,20405579,20405579,부동산신탁,B,SM025,부문별 손익(수수료)
3457,201303,0010902,한국토지신탁,A2,수수료비용,0,0,부동산신탁,B,SM025,부문별 손익(수수료)
3458,201306,0010902,한국토지신탁,A,수수료손익,21088814965,41581393926,부동산신탁,B,SM025,부문별 손익(수수료)
3459,201306,0010902,한국토지신탁,A1,수수료수익,21088814965,41581393926,부동산신탁,B,SM025,부문별 손익(수수료)
3460,201306,0010902,한국토지신탁,A11,집합투자기구운용보수,0,0,부동산신탁,B,SM025,부문별 손익(수수료)
3461,201306,0010902,한국토지신탁,A12,신탁보수,18875827438,38084427605,부동산신탁,B,SM025,부문별 손익(수수료)
3462,201306,0010902,한국토지신탁,A121,금전신탁,0,0,부동산신탁,B,SM025,부문별 손익(수수료)
3463,201306,0010902,한국토지신탁,A122,토지신탁,18630879565,37583423840,부동산신탁,B,SM025,부문별 손익(수수료)
3464,201306,0010902,한국토지신탁,A123,관리신탁,8132325,16142190,부동산신탁,B,SM025,부문별 손익(수수료)
3465,201306,0010902,한국토지신탁,A124,처분신탁,30828060,61192424,부동산신탁,B,SM025,부문별 손익(수수료)
3466,201306,0010902,한국토지신탁,A125,담보신탁,122959007,249813876,부동산신탁,B,SM025,부문별 손익(수수료)
3467,201306,0010902,한국토지신탁,A126,분양관리신탁,83028481,173855275,부동산신탁,B,SM025,부문별 손익(수수료)
3468,201306,0010902,한국토지신탁,A127,기타,0,0,부동산신탁,B,SM025,부문별 손익(수수료)
3469,201306,0010902,한국토지신탁,A13,대리업무보수,606734350,1870307565,부동산신탁,B,SM025,부문별 손익(수수료)
3470,201306,0010902,한국토지신탁,A14,기타,1606253177,1626658756,부동산신탁,B,SM025,부문별 손익(수수료)
3471,201306,0010902,한국토지신탁,A2,수수료비용,0,0,부동산신탁,B,SM025,부문별 손익(수수료)
3472,201309,0010902,한국토지신탁,A,수수료손익,21853559277,63434953203,부동산신탁,B,SM025,부문별 손익(수수료)
3473,201309,0010902,한국토지신탁,A1,수수료수익,21853559277,63434953203,부동산신탁,B,SM025,부문별 손익(수수료)
3474,201309,0010902,한국토지신탁,A11,집합투자기구운용보수,0,0,부동산신탁,B,SM025,부문별 손익(수수료)
3475,201309,0010902,한국토지신탁,A12,신탁보수,19690222105,57774649710,부동산신탁,B,SM025,부문별 손익(수수료)
3476,201309,0010902,한국토지신탁,A121,금전신탁,0,0,부동산신탁,B,SM025,부문별 손익(수수료)
3477,201309,0010902,한국토지신탁,A122,토지신탁,19177979823,56761403663,부동산신탁,B,SM025,부문별 손익(수수료)
3478,201309,0010902,한국토지신탁,A123,관리신탁,15719136,31861326,부동산신탁,B,SM025,부문별 손익(수수료)
3479,201309,0010902,한국토지신탁,A124,처분신탁,41140439,102332863,부동산신탁,B,SM025,부문별 손익(수수료)
3480,201309,0010902,한국토지신탁,A125,담보신탁,383142937,632956813,부동산신탁,B,SM025,부문별 손익(수수료)
3481,201309,0010902,한국토지신탁,A126,분양관리신탁,72239770,246095045,부동산신탁,B,SM025,부문별 손익(수수료)
3482,201309,0010902,한국토지신탁,A127,기타,0,0,부동산신탁,B,SM025,부문별 손익(수수료)
3483,201309,0010902,한국토지신탁,A13,대리업무보수,602478136,2472785701,부동산신탁,B,SM025,부문별 손익(수수료)
3484,201309,0010902,한국토지신탁,A14,기타,1560859036,3187517792,부동산신탁,B,SM025,부문별 손익(수수료)
3485,201309,0010902,한국토지신탁,A2,수수료비용,0,0,부동산신탁,B,SM025,부문별 손익(수수료)
3486,201312,0010902,한국토지신탁,A,수수료손익,24189441805,87624395008,부동산신탁,B,SM025,부문별 손익(수수료)
3487,201312,0010902,한국토지신탁,A1,수수료수익,24189441805,87624395008,부동산신탁,B,SM025,부문별 손익(수수료)
3488,201312,0010902,한국토지신탁,A11,집합투자기구운용보수,0,0,부동산신탁,B,SM025,부문별 손익(수수료)
3489,201312,0010902,한국토지신탁,A12,신탁보수,23224012659,80998662369,부동산신탁,B,SM025,부문별 손익(수수료)
3490,201312,0010902,한국토지신탁,A121,금전신탁,0,0,부동산신탁,B,SM025,부문별 손익(수수료)
3491,201312,0010902,한국토지신탁,A122,토지신탁,22970622699,79732026362,부동산신탁,B,SM025,부문별 손익(수수료)
3492,201312,0010902,한국토지신탁,A123,관리신탁,-6278954,25582372,부동산신탁,B,SM025,부문별 손익(수수료)
3493,201312,0010902,한국토지신탁,A124,처분신탁,12804866,115137729,부동산신탁,B,SM025,부문별 손익(수수료)
3494,201312,0010902,한국토지신탁,A125,담보신탁,170427555,803384368,부동산신탁,B,SM025,부문별 손익(수수료)
3495,201312,0010902,한국토지신탁,A126,분양관리신탁,76436493,322531538,부동산신탁,B,SM025,부문별 손익(수수료)
3496,201312,0010902,한국토지신탁,A127,기타,0,0,부동산신탁,B,SM025,부문별 손익(수수료)
3497,201312,0010902,한국토지신탁,A13,대리업무보수,-424114263,2048671438,부동산신탁,B,SM025,부문별 손익(수수료)
3498,201312,0010902,한국토지신탁,A14,기타,1389543409,4577061201,부동산신탁,B,SM025,부문별 손익(수수료)
3499,201312,0010902,한국토지신탁,A2,수수료비용,0,0,부동산신탁,B,SM025,부문별 손익(수수료)
3500,201403,0010902,한국토지신탁,A,수수료손익,16353068128,16353068128,부동산신탁,B,SM025,부문별 손익(수수료)
3501,201403,0010902,한국토지신탁,A1,수수료수익,16353068128,16353068128,부동산신탁,B,SM025,부문별 손익(수수료)
3502,201403,0010902,한국토지신탁,A11,집합투자기구운용보수,0,0,부동산신탁,B,SM025,부문별 손익(수수료)
3503,201403,0010902,한국토지신탁,A12,신탁보수,15587288369,15587288369,부동산신탁,B,SM025,부문별 손익(수수료)
3504,201403,0010902,한국토지신탁,A121,금전신탁,0,0,부동산신탁,B,SM025,부문별 손익(수수료)
3505,201403,0010902,한국토지신탁,A122,토지신탁,15329814775,15329814775,부동산신탁,B,SM025,부문별 손익(수수료)
3506,201403,0010902,한국토지신탁,A123,관리신탁,35259541,35259541,부동산신탁,B,SM025,부문별 손익(수수료)
3507,201403,0010902,한국토지신탁,A124,처분신탁,15487341,15487341,부동산신탁,B,SM025,부문별 손익(수수료)
3508,201403,0010902,한국토지신탁,A125,담보신탁,145665192,145665192,부동산신탁,B,SM025,부문별 손익(수수료)
3509,201403,0010902,한국토지신탁,A126,분양관리신탁,61061520,61061520,부동산신탁,B,SM025,부문별 손익(수수료)
3510,201403,0010902,한국토지신탁,A127,기타,0,0,부동산신탁,B,SM025,부문별 손익(수수료)
3511,201403,0010902,한국토지신탁,A13,대리업무보수,296991482,296991482,부동산신탁,B,SM025,부문별 손익(수수료)
3512,201403,0010902,한국토지신탁,A14,기타,468788277,468788277,부동산신탁,B,SM025,부문별 손익(수수료)
3513,201403,0010902,한국토지신탁,A2,수수료비용,0,0,부동산신탁,B,SM025,부문별 손익(수수료)
3514,201406,0010902,한국토지신탁,A,수수료손익,17132985468,33486053596,부동산신탁,B,SM025,부문별 손익(수수료)
3515,201406,0010902,한국토지신탁,A1,수수료수익,17132985468,33486053596,부동산신탁,B,SM025,부문별 손익(수수료)
3516,201406,0010902,한국토지신탁,A11,집합투자기구운용보수,0,0,부동산신탁,B,SM025,부문별 손익(수수료)
3517,201406,0010902,한국토지신탁,A12,신탁보수,16418932771,32006221140,부동산신탁,B,SM025,부문별 손익(수수료)
3518,201406,0010902,한국토지신탁,A121,금전신탁,0,0,부동산신탁,B,SM025,부문별 손익(수수료)
3519,201406,0010902,한국토지신탁,A122,토지신탁,15754620312,31084435087,부동산신탁,B,SM025,부문별 손익(수수료)
3520,201406,0010902,한국토지신탁,A123,관리신탁,14190391,49449932,부동산신탁,B,SM025,부문별 손익(수수료)
3521,201406,0010902,한국토지신탁,A124,처분신탁,120167005,135654346,부동산신탁,B,SM025,부문별 손익(수수료)
3522,201406,0010902,한국토지신탁,A125,담보신탁,472485655,618150847,부동산신탁,B,SM025,부문별 손익(수수료)
3523,201406,0010902,한국토지신탁,A126,분양관리신탁,57469408,118530928,부동산신탁,B,SM025,부문별 손익(수수료)
3524,201406,0010902,한국토지신탁,A127,기타,0,0,부동산신탁,B,SM025,부문별 손익(수수료)
3525,201406,0010902,한국토지신탁,A13,대리업무보수,216637689,513629171,부동산신탁,B,SM025,부문별 손익(수수료)
3526,201406,0010902,한국토지신탁,A14,기타,497415008,966203285,부동산신탁,B,SM025,부문별 손익(수수료)
3527,201406,0010902,한국토지신탁,A2,수수료비용,0,0,부동산신탁,B,SM025,부문별 손익(수수료)
3528,201409,0010902,한국토지신탁,A,수수료손익,18911768018,52397821614,부동산신탁,B,SM025,부문별 손익(수수료)
3529,201409,0010902,한국토지신탁,A1,수수료수익,18911768018,52397821614,부동산신탁,B,SM025,부문별 손익(수수료)
3530,201409,0010902,한국토지신탁,A11,집합투자기구운용보수,0,0,부동산신탁,B,SM025,부문별 손익(수수료)
3531,201409,0010902,한국토지신탁,A12,신탁보수,18162994800,50169215940,부동산신탁,B,SM025,부문별 손익(수수료)
3532,201409,0010902,한국토지신탁,A121,금전신탁,0,0,부동산신탁,B,SM025,부문별 손익(수수료)
3533,201409,0010902,한국토지신탁,A122,토지신탁,17901701950,48986137037,부동산신탁,B,SM025,부문별 손익(수수료)
3534,201409,0010902,한국토지신탁,A123,관리신탁,11066846,60516778,부동산신탁,B,SM025,부문별 손익(수수료)
3535,201409,0010902,한국토지신탁,A124,처분신탁,52536199,188190545,부동산신탁,B,SM025,부문별 손익(수수료)
3536,201409,0010902,한국토지신탁,A125,담보신탁,114143474,732294321,부동산신탁,B,SM025,부문별 손익(수수료)
3537,201409,0010902,한국토지신탁,A126,분양관리신탁,83546331,202077259,부동산신탁,B,SM025,부문별 손익(수수료)
3538,201409,0010902,한국토지신탁,A127,기타,0,0,부동산신탁,B,SM025,부문별 손익(수수료)
3539,201409,0010902,한국토지신탁,A13,대리업무보수,169748362,683377533,부동산신탁,B,SM025,부문별 손익(수수료)
3540,201409,0010902,한국토지신탁,A14,기타,579024856,1545228141,부동산신탁,B,SM025,부문별 손익(수수료)
3541,201409,0010902,한국토지신탁,A2,수수료비용,0,0,부동산신탁,B,SM025,부문별 손익(수수료)
3542,201412,0010902,한국토지신탁,A,수수료손익,21227611281,73625432895,부동산신탁,B,SM025,부문별 손익(수수료)
3543,201412,0010902,한국토지신탁,A1,수수료수익,21227611281,73625432895,부동산신탁,B,SM025,부문별 손익(수수료)
3544,201412,0010902,한국토지신탁,A11,집합투자기구운용보수,0,0,부동산신탁,B,SM025,부문별 손익(수수료)
3545,201412,0010902,한국토지신탁,A12,신탁보수,19377239519,69546455459,부동산신탁,B,SM025,부문별 손익(수수료)
3546,201412,0010902,한국토지신탁,A121,금전신탁,0,0,부동산신탁,B,SM025,부문별 손익(수수료)
3547,201412,0010902,한국토지신탁,A122,토지신탁,18924008666,67910145703,부동산신탁,B,SM025,부문별 손익(수수료)
3548,201412,0010902,한국토지신탁,A123,관리신탁,69556661,130073439,부동산신탁,B,SM025,부문별 손익(수수료)
3549,201412,0010902,한국토지신탁,A124,처분신탁,15802736,203993281,부동산신탁,B,SM025,부문별 손익(수수료)
3550,201412,0010902,한국토지신탁,A125,담보신탁,273504402,1005798723,부동산신탁,B,SM025,부문별 손익(수수료)
3551,201412,0010902,한국토지신탁,A126,분양관리신탁,94367054,296444313,부동산신탁,B,SM025,부문별 손익(수수료)
3552,201412,0010902,한국토지신탁,A127,기타,0,0,부동산신탁,B,SM025,부문별 손익(수수료)
3553,201412,0010902,한국토지신탁,A13,대리업무보수,98691500,782069033,부동산신탁,B,SM025,부문별 손익(수수료)
3554,201412,0010902,한국토지신탁,A14,기타,1751680262,3296908403,부동산신탁,B,SM025,부문별 손익(수수료)
3555,201412,0010902,한국토지신탁,A2,수수료비용,0,0,부동산신탁,B,SM025,부문별 손익(수수료)
3556,201503,0010902,한국토지신탁,A,수수료손익,19667068607,19667068607,부동산신탁,B,SM025,부문별 손익(수수료)
3557,201503,0010902,한국토지신탁,A1,수수료수익,19667068607,19667068607,부동산신탁,B,SM025,부문별 손익(수수료)
3558,201503,0010902,한국토지신탁,A11,집합투자기구운용보수,0,0,부동산신탁,B,SM025,부문별 손익(수수료)
3559,201503,0010902,한국토지신탁,A12,신탁보수,12589479084,12589479084,부동산신탁,B,SM025,부문별 손익(수수료)
3560,201503,0010902,한국토지신탁,A121,금전신탁,0,0,부동산신탁,B,SM025,부문별 손익(수수료)
3561,201503,0010902,한국토지신탁,A122,토지신탁,12224573529,12224573529,부동산신탁,B,SM025,부문별 손익(수수료)
3562,201503,0010902,한국토지신탁,A123,관리신탁,7175260,7175260,부동산신탁,B,SM025,부문별 손익(수수료)
3563,201503,0010902,한국토지신탁,A124,처분신탁,9952380,9952380,부동산신탁,B,SM025,부문별 손익(수수료)
3564,201503,0010902,한국토지신탁,A125,담보신탁,278541755,278541755,부동산신탁,B,SM025,부문별 손익(수수료)
3565,201503,0010902,한국토지신탁,A126,분양관리신탁,69236160,69236160,부동산신탁,B,SM025,부문별 손익(수수료)
3566,201503,0010902,한국토지신탁,A127,기타,0,0,부동산신탁,B,SM025,부문별 손익(수수료)
3567,201503,0010902,한국토지신탁,A13,대리업무보수,169927710,169927710,부동산신탁,B,SM025,부문별 손익(수수료)
3568,201503,0010902,한국토지신탁,A14,기타,6907661813,6907661813,부동산신탁,B,SM025,부문별 손익(수수료)
3569,201503,0010902,한국토지신탁,A2,수수료비용,0,0,부동산신탁,B,SM025,부문별 손익(수수료)
3570,201506,0010902,한국토지신탁,A,수수료손익,24777987361,44445055968,부동산신탁,B,SM025,부문별 손익(수수료)
3571,201506,0010902,한국토지신탁,A1,수수료수익,24777987361,44445055968,부동산신탁,B,SM025,부문별 손익(수수료)
3572,201506,0010902,한국토지신탁,A11,집합투자기구운용보수,0,0,부동산신탁,B,SM025,부문별 손익(수수료)
3573,201506,0010902,한국토지신탁,A12,신탁보수,22273742689,34863221773,부동산신탁,B,SM025,부문별 손익(수수료)
3574,201506,0010902,한국토지신탁,A121,금전신탁,0,0,부동산신탁,B,SM025,부문별 손익(수수료)
3575,201506,0010902,한국토지신탁,A122,토지신탁,21712385970,33936959499,부동산신탁,B,SM025,부문별 손익(수수료)
3576,201506,0010902,한국토지신탁,A123,관리신탁,29596222,36771482,부동산신탁,B,SM025,부문별 손익(수수료)
3577,201506,0010902,한국토지신탁,A124,처분신탁,20722919,30675299,부동산신탁,B,SM025,부문별 손익(수수료)
3578,201506,0010902,한국토지신탁,A125,담보신탁,441337650,719879405,부동산신탁,B,SM025,부문별 손익(수수료)
3579,201506,0010902,한국토지신탁,A126,분양관리신탁,69699928,138936088,부동산신탁,B,SM025,부문별 손익(수수료)
3580,201506,0010902,한국토지신탁,A127,기타,0,0,부동산신탁,B,SM025,부문별 손익(수수료)
3581,201506,0010902,한국토지신탁,A13,대리업무보수,199623197,369550907,부동산신탁,B,SM025,부문별 손익(수수료)
3582,201506,0010902,한국토지신탁,A14,기타,2304621475,9212283288,부동산신탁,B,SM025,부문별 손익(수수료)
3583,201506,0010902,한국토지신탁,A2,수수료비용,0,0,부동산신탁,B,SM025,부문별 손익(수수료)
3584,201509,0010902,한국토지신탁,A,수수료손익,23442490148,67887546116,부동산신탁,B,SM025,부문별 손익(수수료)
3585,201509,0010902,한국토지신탁,A1,수수료수익,23442490148,67887546116,부동산신탁,B,SM025,부문별 손익(수수료)
3586,201509,0010902,한국토지신탁,A11,집합투자기구운용보수,0,0,부동산신탁,B,SM025,부문별 손익(수수료)
3587,201509,0010902,한국토지신탁,A12,신탁보수,22278738040,57141959813,부동산신탁,B,SM025,부문별 손익(수수료)
3588,201509,0010902,한국토지신탁,A121,금전신탁,0,0,부동산신탁,B,SM025,부문별 손익(수수료)
3589,201509,0010902,한국토지신탁,A122,토지신탁,21800394702,55737354201,부동산신탁,B,SM025,부문별 손익(수수료)
3590,201509,0010902,한국토지신탁,A123,관리신탁,10676418,47447900,부동산신탁,B,SM025,부문별 손익(수수료)
3591,201509,0010902,한국토지신탁,A124,처분신탁,47147363,77822662,부동산신탁,B,SM025,부문별 손익(수수료)
3592,201509,0010902,한국토지신탁,A125,담보신탁,360620164,1080499569,부동산신탁,B,SM025,부문별 손익(수수료)
3593,201509,0010902,한국토지신탁,A126,분양관리신탁,59899393,198835481,부동산신탁,B,SM025,부문별 손익(수수료)
3594,201509,0010902,한국토지신탁,A127,기타,0,0,부동산신탁,B,SM025,부문별 손익(수수료)
3595,201509,0010902,한국토지신탁,A13,대리업무보수,144266334,513817241,부동산신탁,B,SM025,부문별 손익(수수료)
3596,201509,0010902,한국토지신탁,A14,기타,1019485774,10231769062,부동산신탁,B,SM025,부문별 손익(수수료)
3597,201509,0010902,한국토지신탁,A2,수수료비용,0,0,부동산신탁,B,SM025,부문별 손익(수수료)
3598,201512,0010902,한국토지신탁,A,수수료손익,22042454530,89930000646,부동산신탁,B,SM025,부문별 손익(수수료)
3599,201512,0010902,한국토지신탁,A1,수수료수익,22042454530,89930000646,부동산신탁,B,SM025,부문별 손익(수수료)
3600,201512,0010902,한국토지신탁,A11,집합투자기구운용보수,0,0,부동산신탁,B,SM025,부문별 손익(수수료)
3601,201512,0010902,한국토지신탁,A12,신탁보수,21012311698,78154271511,부동산신탁,B,SM025,부문별 손익(수수료)
3602,201512,0010902,한국토지신탁,A121,금전신탁,0,0,부동산신탁,B,SM025,부문별 손익(수수료)
3603,201512,0010902,한국토지신탁,A122,토지신탁,20782139035,76519493236,부동산신탁,B,SM025,부문별 손익(수수료)
3604,201512,0010902,한국토지신탁,A123,관리신탁,-17950655,29497245,부동산신탁,B,SM025,부문별 손익(수수료)
3605,201512,0010902,한국토지신탁,A124,처분신탁,13823096,91645758,부동산신탁,B,SM025,부문별 손익(수수료)
3606,201512,0010902,한국토지신탁,A125,담보신탁,184271441,1264771010,부동산신탁,B,SM025,부문별 손익(수수료)
3607,201512,0010902,한국토지신탁,A126,분양관리신탁,50028781,248864262,부동산신탁,B,SM025,부문별 손익(수수료)
3608,201512,0010902,한국토지신탁,A127,기타,0,0,부동산신탁,B,SM025,부문별 손익(수수료)
3609,201512,0010902,한국토지신탁,A13,대리업무보수,-128237593,385579648,부동산신탁,B,SM025,부문별 손익(수수료)
3610,201512,0010902,한국토지신탁,A14,기타,1158380425,11390149487,부동산신탁,B,SM025,부문별 손익(수수료)
3611,201512,0010902,한국토지신탁,A2,수수료비용,0,0,부동산신탁,B,SM025,부문별 손익(수수료)
3612,201603,0010902,한국토지신탁,A,수수료손익,22278941608,22278941608,부동산신탁,B,SM025,부문별 손익(수수료)
3613,201603,0010902,한국토지신탁,A1,수수료수익,22278941608,22278941608,부동산신탁,B,SM025,부문별 손익(수수료)
3614,201603,0010902,한국토지신탁,A11,집합투자기구운용보수,0,0,부동산신탁,B,SM025,부문별 손익(수수료)
3615,201603,0010902,한국토지신탁,A12,신탁보수,19835718024,19835718024,부동산신탁,B,SM025,부문별 손익(수수료)
3616,201603,0010902,한국토지신탁,A121,금전신탁,0,0,부동산신탁,B,SM025,부문별 손익(수수료)
3617,201603,0010902,한국토지신탁,A122,토지신탁,19483517454,19483517454,부동산신탁,B,SM025,부문별 손익(수수료)
3618,201603,0010902,한국토지신탁,A123,관리신탁,2209870,2209870,부동산신탁,B,SM025,부문별 손익(수수료)
3619,201603,0010902,한국토지신탁,A124,처분신탁,45954325,45954325,부동산신탁,B,SM025,부문별 손익(수수료)
3620,201603,0010902,한국토지신탁,A125,담보신탁,253298545,253298545,부동산신탁,B,SM025,부문별 손익(수수료)
3621,201603,0010902,한국토지신탁,A126,분양관리신탁,50737830,50737830,부동산신탁,B,SM025,부문별 손익(수수료)
3622,201603,0010902,한국토지신탁,A127,기타,0,0,부동산신탁,B,SM025,부문별 손익(수수료)
3623,201603,0010902,한국토지신탁,A13,대리업무보수,136345182,136345182,부동산신탁,B,SM025,부문별 손익(수수료)
3624,201603,0010902,한국토지신탁,A14,기타,2306878402,2306878402,부동산신탁,B,SM025,부문별 손익(수수료)
3625,201603,0010902,한국토지신탁,A2,수수료비용,0,0,부동산신탁,B,SM025,부문별 손익(수수료)
3626,201606,0010902,한국토지신탁,A,수수료손익,27121313430,49400255038,부동산신탁,B,SM025,부문별 손익(수수료)
3627,201606,0010902,한국토지신탁,A1,수수료수익,27121313430,49400255038,부동산신탁,B,SM025,부문별 손익(수수료)
3628,201606,0010902,한국토지신탁,A11,집합투자기구운용보수,0,0,부동산신탁,B,SM025,부문별 손익(수수료)
3629,201606,0010902,한국토지신탁,A12,신탁보수,24921453998,44757172022,부동산신탁,B,SM025,부문별 손익(수수료)
3630,201606,0010902,한국토지신탁,A121,금전신탁,0,0,부동산신탁,B,SM025,부문별 손익(수수료)
3631,201606,0010902,한국토지신탁,A122,토지신탁,24426533512,43910050966,부동산신탁,B,SM025,부문별 손익(수수료)
3632,201606,0010902,한국토지신탁,A123,관리신탁,2044870,4254740,부동산신탁,B,SM025,부문별 손익(수수료)
3633,201606,0010902,한국토지신탁,A124,처분신탁,27499376,73453701,부동산신탁,B,SM025,부문별 손익(수수료)
3634,201606,0010902,한국토지신탁,A125,담보신탁,412654424,665952969,부동산신탁,B,SM025,부문별 손익(수수료)
3635,201606,0010902,한국토지신탁,A126,분양관리신탁,52721816,103459646,부동산신탁,B,SM025,부문별 손익(수수료)
3636,201606,0010902,한국토지신탁,A127,기타,0,0,부동산신탁,B,SM025,부문별 손익(수수료)
3637,201606,0010902,한국토지신탁,A13,대리업무보수,141020403,277365585,부동산신탁,B,SM025,부문별 손익(수수료)
3638,201606,0010902,한국토지신탁,A14,기타,2058839029,4365717431,부동산신탁,B,SM025,부문별 손익(수수료)
3639,201606,0010902,한국토지신탁,A2,수수료비용,0,0,부동산신탁,B,SM025,부문별 손익(수수료)
3640,201609,0010902,한국토지신탁,A,수수료손익,28422707582,77822962620,부동산신탁,B,SM025,부문별 손익(수수료)
3641,201609,0010902,한국토지신탁,A1,수수료수익,28422707582,77822962620,부동산신탁,B,SM025,부문별 손익(수수료)
3642,201609,0010902,한국토지신탁,A11,집합투자기구운용보수,0,0,부동산신탁,B,SM025,부문별 손익(수수료)
3643,201609,0010902,한국토지신탁,A12,신탁보수,27292574759,72049746781,부동산신탁,B,SM025,부문별 손익(수수료)
3644,201609,0010902,한국토지신탁,A121,금전신탁,0,0,부동산신탁,B,SM025,부문별 손익(수수료)
3645,201609,0010902,한국토지신탁,A122,토지신탁,26925882800,70835933766,부동산신탁,B,SM025,부문별 손익(수수료)
3646,201609,0010902,한국토지신탁,A123,관리신탁,14594468,18849208,부동산신탁,B,SM025,부문별 손익(수수료)
3647,201609,0010902,한국토지신탁,A124,처분신탁,87201300,160655001,부동산신탁,B,SM025,부문별 손익(수수료)
3648,201609,0010902,한국토지신탁,A125,담보신탁,211622488,877575457,부동산신탁,B,SM025,부문별 손익(수수료)
3649,201609,0010902,한국토지신탁,A126,분양관리신탁,53273703,156733349,부동산신탁,B,SM025,부문별 손익(수수료)
3650,201609,0010902,한국토지신탁,A127,기타,0,0,부동산신탁,B,SM025,부문별 손익(수수료)
3651,201609,0010902,한국토지신탁,A13,대리업무보수,153413036,430778621,부동산신탁,B,SM025,부문별 손익(수수료)
3652,201609,0010902,한국토지신탁,A14,기타,976719787,5342437218,부동산신탁,B,SM025,부문별 손익(수수료)
3653,201609,0010902,한국토지신탁,A2,수수료비용,0,0,부동산신탁,B,SM025,부문별 손익(수수료)
3654,201612,0010902,한국토지신탁,A,수수료손익,39866575638,117689538258,부동산신탁,B,SM025,부문별 손익(수수료)
3655,201612,0010902,한국토지신탁,A1,수수료수익,39866575638,117689538258,부동산신탁,B,SM025,부문별 손익(수수료)
3656,201612,0010902,한국토지신탁,A11,집합투자기구운용보수,0,0,부동산신탁,B,SM025,부문별 손익(수수료)
3657,201612,0010902,한국토지신탁,A12,신탁보수,37764763565,109814510346,부동산신탁,B,SM025,부문별 손익(수수료)
3658,201612,0010902,한국토지신탁,A121,금전신탁,0,0,부동산신탁,B,SM025,부문별 손익(수수료)
3659,201612,0010902,한국토지신탁,A122,토지신탁,37595167800,108431101566,부동산신탁,B,SM025,부문별 손익(수수료)
3660,201612,0010902,한국토지신탁,A123,관리신탁,6872678,25721886,부동산신탁,B,SM025,부문별 손익(수수료)
3661,201612,0010902,한국토지신탁,A124,처분신탁,12793080,173448081,부동산신탁,B,SM025,부문별 손익(수수료)
3662,201612,0010902,한국토지신탁,A125,담보신탁,83107501,960682958,부동산신탁,B,SM025,부문별 손익(수수료)
3663,201612,0010902,한국토지신탁,A126,분양관리신탁,66822506,223555855,부동산신탁,B,SM025,부문별 손익(수수료)
3664,201612,0010902,한국토지신탁,A127,기타,0,0,부동산신탁,B,SM025,부문별 손익(수수료)
3665,201612,0010902,한국토지신탁,A13,대리업무보수,144754679,575533300,부동산신탁,B,SM025,부문별 손익(수수료)
3666,201612,0010902,한국토지신탁,A14,기타,1957057394,7299494612,부동산신탁,B,SM025,부문별 손익(수수료)
3667,201612,0010902,한국토지신탁,A2,수수료비용,0,0,부동산신탁,B,SM025,부문별 손익(수수료)
