,년월,금융회사코드,금융회사명,코드,구분,값,금융구분,통계분류,통계표코드,통계표명
0,201306,0013361,㈜우리카드,A,원화 유동성비율,204,신용카드사,C,SC010,유동성
1,201306,0013361,㈜우리카드,A1,원화 유동성비율_유동성자산,3820542000000,신용카드사,C,SC010,유동성
2,201306,0013361,㈜우리카드,A2,원화 유동성비율_유동성부채,1872826000000,신용카드사,C,SC010,유동성
3,201306,0013361,㈜우리카드,B,업무용 유형자산비율,2.26,신용카드사,C,SC010,유동성
4,201306,0013361,㈜우리카드,B1,업무용 유형자산비율_업무용 유형자산,18577000000,신용카드사,C,SC010,유동성
5,201306,0013361,㈜우리카드,B2,업무용 유형자산비율_자기자본,822204000000,신용카드사,C,SC010,유동성
6,201309,0013361,㈜우리카드,A,원화 유동성비율,223.97,신용카드사,C,SC010,유동성
7,201309,0013361,㈜우리카드,A1,원화 유동성비율_유동성자산,3978735000000,신용카드사,C,SC010,유동성
8,201309,0013361,㈜우리카드,A2,원화 유동성비율_유동성부채,1776481000000,신용카드사,C,SC010,유동성
9,201309,0013361,㈜우리카드,B,업무용 유형자산비율,2.13,신용카드사,C,SC010,유동성
10,201309,0013361,㈜우리카드,B1,업무용 유형자산비율_업무용 유형자산,17897000000,신용카드사,C,SC010,유동성
11,201309,0013361,㈜우리카드,B2,업무용 유형자산비율_자기자본,840839960000,신용카드사,C,SC010,유동성
12,201312,0013361,㈜우리카드,A,원화 유동성비율,360.25,신용카드사,C,SC010,유동성
13,201312,0013361,㈜우리카드,A1,원화 유동성비율_유동성자산,3679438000000,신용카드사,C,SC010,유동성
14,201312,0013361,㈜우리카드,A2,원화 유동성비율_유동성부채,1021351000000,신용카드사,C,SC010,유동성
15,201312,0013361,㈜우리카드,B,업무용 유형자산비율,2.16,신용카드사,C,SC010,유동성
16,201312,0013361,㈜우리카드,B1,업무용 유형자산비율_업무용 유형자산,18726000000,신용카드사,C,SC010,유동성
17,201312,0013361,㈜우리카드,B2,업무용 유형자산비율_자기자본,865939000000,신용카드사,C,SC010,유동성
18,201403,0013361,㈜우리카드,A,원화 유동성비율,264.88,신용카드사,C,SC010,유동성
19,201403,0013361,㈜우리카드,A1,원화 유동성비율_유동성자산,3934429000000,신용카드사,C,SC010,유동성
20,201403,0013361,㈜우리카드,A2,원화 유동성비율_유동성부채,1485378000000,신용카드사,C,SC010,유동성
21,201403,0013361,㈜우리카드,B,업무용 유형자산비율,2.18,신용카드사,C,SC010,유동성
22,201403,0013361,㈜우리카드,B1,업무용 유형자산비율_업무용 유형자산,18845000000,신용카드사,C,SC010,유동성
23,201403,0013361,㈜우리카드,B2,업무용 유형자산비율_자기자본,864871000000,신용카드사,C,SC010,유동성
24,201406,0013361,㈜우리카드,A,원화 유동성비율,287.12,신용카드사,C,SC010,유동성
25,201406,0013361,㈜우리카드,A1,원화 유동성비율_유동성자산,3965810000000,신용카드사,C,SC010,유동성
26,201406,0013361,㈜우리카드,A2,원화 유동성비율_유동성부채,1381244000000,신용카드사,C,SC010,유동성
27,201406,0013361,㈜우리카드,B,업무용 유형자산비율,2.26,신용카드사,C,SC010,유동성
28,201406,0013361,㈜우리카드,B1,업무용 유형자산비율_업무용 유형자산,19564000000,신용카드사,C,SC010,유동성
29,201406,0013361,㈜우리카드,B2,업무용 유형자산비율_자기자본,865765000000,신용카드사,C,SC010,유동성
30,201409,0013361,㈜우리카드,A,원화 유동성비율,344.6,신용카드사,C,SC010,유동성
31,201409,0013361,㈜우리카드,A1,원화 유동성비율_유동성자산,3868423000000,신용카드사,C,SC010,유동성
32,201409,0013361,㈜우리카드,A2,원화 유동성비율_유동성부채,1122586000000,신용카드사,C,SC010,유동성
33,201409,0013361,㈜우리카드,B,업무용 유형자산비율,2.06,신용카드사,C,SC010,유동성
34,201409,0013361,㈜우리카드,B1,업무용 유형자산비율_업무용 유형자산,18116000000,신용카드사,C,SC010,유동성
35,201409,0013361,㈜우리카드,B2,업무용 유형자산비율_자기자본,877696000000,신용카드사,C,SC010,유동성
36,201412,0013361,㈜우리카드,A,원화 유동성비율,383.74,신용카드사,C,SC010,유동성
37,201412,0013361,㈜우리카드,A1,원화 유동성비율_유동성자산,4131410000000,신용카드사,C,SC010,유동성
38,201412,0013361,㈜우리카드,A2,원화 유동성비율_유동성부채,1076631000000,신용카드사,C,SC010,유동성
39,201412,0013361,㈜우리카드,B,업무용 유형자산비율,2.17,신용카드사,C,SC010,유동성
40,201412,0013361,㈜우리카드,B1,업무용 유형자산비율_업무용 유형자산,19588000000,신용카드사,C,SC010,유동성
41,201412,0013361,㈜우리카드,B2,업무용 유형자산비율_자기자본,904298000000,신용카드사,C,SC010,유동성
42,201503,0013361,㈜우리카드,A,원화 유동성비율,502.15,신용카드사,C,SC010,유동성
43,201503,0013361,㈜우리카드,A1,원화 유동성비율_유동성자산,3967400000000,신용카드사,C,SC010,유동성
44,201503,0013361,㈜우리카드,A2,원화 유동성비율_유동성부채,790088000000,신용카드사,C,SC010,유동성
45,201503,0013361,㈜우리카드,B,업무용 유형자산비율,2.1,신용카드사,C,SC010,유동성
46,201503,0013361,㈜우리카드,B1,업무용 유형자산비율_업무용 유형자산,19709000000,신용카드사,C,SC010,유동성
47,201503,0013361,㈜우리카드,B2,업무용 유형자산비율_자기자본,940004000000,신용카드사,C,SC010,유동성
48,201506,0013361,㈜우리카드,A,원화 유동성비율,450.83,신용카드사,C,SC010,유동성
49,201506,0013361,㈜우리카드,A1,원화 유동성비율_유동성자산,4128468000000,신용카드사,C,SC010,유동성
50,201506,0013361,㈜우리카드,A2,원화 유동성비율_유동성부채,915751000000,신용카드사,C,SC010,유동성
51,201506,0013361,㈜우리카드,B,업무용 유형자산비율,2.43,신용카드사,C,SC010,유동성
52,201506,0013361,㈜우리카드,B1,업무용 유형자산비율_업무용 유형자산,23514000000,신용카드사,C,SC010,유동성
53,201506,0013361,㈜우리카드,B2,업무용 유형자산비율_자기자본,966887000000,신용카드사,C,SC010,유동성
54,201509,0013361,㈜우리카드,A,원화 유동성비율,291.97,신용카드사,C,SC010,유동성
55,201509,0013361,㈜우리카드,A1,원화 유동성비율_유동성자산,5003914000000,신용카드사,C,SC010,유동성
56,201509,0013361,㈜우리카드,A2,원화 유동성비율_유동성부채,1713816000000,신용카드사,C,SC010,유동성
57,201509,0013361,㈜우리카드,B,업무용 유형자산비율,2.43,신용카드사,C,SC010,유동성
58,201509,0013361,㈜우리카드,B1,업무용 유형자산비율_업무용 유형자산,23615000000,신용카드사,C,SC010,유동성
59,201509,0013361,㈜우리카드,B2,업무용 유형자산비율_자기자본,972775000000,신용카드사,C,SC010,유동성
60,201512,0013361,㈜우리카드,A,원화 유동성비율,484.06,신용카드사,C,SC010,유동성
61,201512,0013361,㈜우리카드,A1,원화 유동성비율_유동성자산,4462613000000,신용카드사,C,SC010,유동성
62,201512,0013361,㈜우리카드,A2,원화 유동성비율_유동성부채,921917000000,신용카드사,C,SC010,유동성
63,201512,0013361,㈜우리카드,B,업무용 유형자산비율,2.51,신용카드사,C,SC010,유동성
64,201512,0013361,㈜우리카드,B1,업무용 유형자산비율_업무용 유형자산,25145000000,신용카드사,C,SC010,유동성
65,201512,0013361,㈜우리카드,B2,업무용 유형자산비율_자기자본,1002113000000,신용카드사,C,SC010,유동성
66,201603,0013361,㈜우리카드,A,원화 유동성비율,522.81,신용카드사,C,SC010,유동성
67,201603,0013361,㈜우리카드,A1,원화 유동성비율_유동성자산,4422814000000,신용카드사,C,SC010,유동성
68,201603,0013361,㈜우리카드,A2,원화 유동성비율_유동성부채,845971000000,신용카드사,C,SC010,유동성
69,201603,0013361,㈜우리카드,B,업무용 유형자산비율,2.67,신용카드사,C,SC010,유동성
70,201603,0013361,㈜우리카드,B1,업무용 유형자산비율_업무용 유형자산,27409000000,신용카드사,C,SC010,유동성
71,201603,0013361,㈜우리카드,B2,업무용 유형자산비율_자기자본,1027367000000,신용카드사,C,SC010,유동성
72,201606,0013361,㈜우리카드,A,원화 유동성비율,466.09,신용카드사,C,SC010,유동성
73,201606,0013361,㈜우리카드,A1,원화 유동성비율_유동성자산,4645174000000,신용카드사,C,SC010,유동성
74,201606,0013361,㈜우리카드,A2,원화 유동성비율_유동성부채,996636000000,신용카드사,C,SC010,유동성
75,201606,0013361,㈜우리카드,B,업무용 유형자산비율,2.62,신용카드사,C,SC010,유동성
76,201606,0013361,㈜우리카드,B1,업무용 유형자산비율_업무용 유형자산,27319000000,신용카드사,C,SC010,유동성
77,201606,0013361,㈜우리카드,B2,업무용 유형자산비율_자기자본,1042907000000,신용카드사,C,SC010,유동성
78,201609,0013361,㈜우리카드,A,원화 유동성비율,310.33,신용카드사,C,SC010,유동성
79,201609,0013361,㈜우리카드,A1,원화 유동성비율_유동성자산,3594566000000,신용카드사,C,SC010,유동성
80,201609,0013361,㈜우리카드,A2,원화 유동성비율_유동성부채,1158320000000,신용카드사,C,SC010,유동성
81,201609,0013361,㈜우리카드,B,업무용 유형자산비율,2.57,신용카드사,C,SC010,유동성
82,201609,0013361,㈜우리카드,B1,업무용 유형자산비율_업무용 유형자산,27166000000,신용카드사,C,SC010,유동성
83,201609,0013361,㈜우리카드,B2,업무용 유형자산비율_자기자본,1057181000000,신용카드사,C,SC010,유동성
84,201612,0013361,㈜우리카드,A,원화 유동성비율,435.73,신용카드사,C,SC010,유동성
85,201612,0013361,㈜우리카드,A1,원화 유동성비율_유동성자산,4994456000000,신용카드사,C,SC010,유동성
86,201612,0013361,㈜우리카드,A2,원화 유동성비율_유동성부채,1146226000000,신용카드사,C,SC010,유동성
87,201612,0013361,㈜우리카드,B,업무용 유형자산비율,2.6,신용카드사,C,SC010,유동성
88,201612,0013361,㈜우리카드,B1,업무용 유형자산비율_업무용 유형자산,28199000000,신용카드사,C,SC010,유동성
89,201612,0013361,㈜우리카드,B2,업무용 유형자산비율_자기자본,1083161000000,신용카드사,C,SC010,유동성
90,201103,0012627,㈜케이비국민카드,A,원화 유동성비율,537.74,신용카드사,C,SC010,유동성
91,201103,0012627,㈜케이비국민카드,A1,원화 유동성비율_유동성자산,8690261000000,신용카드사,C,SC010,유동성
92,201103,0012627,㈜케이비국민카드,A2,원화 유동성비율_유동성부채,1616068000000,신용카드사,C,SC010,유동성
93,201103,0012627,㈜케이비국민카드,B,업무용 유형자산비율,4.4,신용카드사,C,SC010,유동성
94,201103,0012627,㈜케이비국민카드,B1,업무용 유형자산비율_업무용 유형자산,107867000000,신용카드사,C,SC010,유동성
95,201103,0012627,㈜케이비국민카드,B2,업무용 유형자산비율_자기자본,2454022000000,신용카드사,C,SC010,유동성
96,201106,0012627,㈜케이비국민카드,A,원화 유동성비율,380.3,신용카드사,C,SC010,유동성
97,201106,0012627,㈜케이비국민카드,A1,원화 유동성비율_유동성자산,9848400000000,신용카드사,C,SC010,유동성
98,201106,0012627,㈜케이비국민카드,A2,원화 유동성비율_유동성부채,2589607000000,신용카드사,C,SC010,유동성
99,201106,0012627,㈜케이비국민카드,B,업무용 유형자산비율,4.19,신용카드사,C,SC010,유동성
100,201106,0012627,㈜케이비국민카드,B1,업무용 유형자산비율_업무용 유형자산,103087000000,신용카드사,C,SC010,유동성
101,201106,0012627,㈜케이비국민카드,B2,업무용 유형자산비율_자기자본,2458616000000,신용카드사,C,SC010,유동성
102,201109,0012627,㈜케이비국민카드,A,원화 유동성비율,435.35,신용카드사,C,SC010,유동성
103,201109,0012627,㈜케이비국민카드,A1,원화 유동성비율_유동성자산,9489392000000,신용카드사,C,SC010,유동성
104,201109,0012627,㈜케이비국민카드,A2,원화 유동성비율_유동성부채,2179710000000,신용카드사,C,SC010,유동성
105,201109,0012627,㈜케이비국민카드,B,업무용 유형자산비율,4.53,신용카드사,C,SC010,유동성
106,201109,0012627,㈜케이비국민카드,B1,업무용 유형자산비율_업무용 유형자산,104575000000,신용카드사,C,SC010,유동성
107,201109,0012627,㈜케이비국민카드,B2,업무용 유형자산비율_자기자본,2307759000000,신용카드사,C,SC010,유동성
108,201112,0012627,㈜케이비국민카드,A,원화 유동성비율,401.39,신용카드사,C,SC010,유동성
109,201112,0012627,㈜케이비국민카드,A1,원화 유동성비율_유동성자산,9598489000000,신용카드사,C,SC010,유동성
110,201112,0012627,㈜케이비국민카드,A2,원화 유동성비율_유동성부채,2391296000000,신용카드사,C,SC010,유동성
111,201112,0012627,㈜케이비국민카드,B,업무용 유형자산비율,4.47,신용카드사,C,SC010,유동성
112,201112,0012627,㈜케이비국민카드,B1,업무용 유형자산비율_업무용 유형자산,112398000000,신용카드사,C,SC010,유동성
113,201112,0012627,㈜케이비국민카드,B2,업무용 유형자산비율_자기자본,2514438000000,신용카드사,C,SC010,유동성
114,201203,0012627,㈜케이비국민카드,A,원화 유동성비율,554.09,신용카드사,C,SC010,유동성
115,201203,0012627,㈜케이비국민카드,A1,원화 유동성비율_유동성자산,9195415000000,신용카드사,C,SC010,유동성
116,201203,0012627,㈜케이비국민카드,A2,원화 유동성비율_유동성부채,1659564000000,신용카드사,C,SC010,유동성
117,201203,0012627,㈜케이비국민카드,B,업무용 유형자산비율,4.34,신용카드사,C,SC010,유동성
118,201203,0012627,㈜케이비국민카드,B1,업무용 유형자산비율_업무용 유형자산,112095000000,신용카드사,C,SC010,유동성
119,201203,0012627,㈜케이비국민카드,B2,업무용 유형자산비율_자기자본,2581950000000,신용카드사,C,SC010,유동성
120,201206,0012627,㈜케이비국민카드,A,원화 유동성비율,401.45,신용카드사,C,SC010,유동성
121,201206,0012627,㈜케이비국민카드,A1,원화 유동성비율_유동성자산,9823124000000,신용카드사,C,SC010,유동성
122,201206,0012627,㈜케이비국민카드,A2,원화 유동성비율_유동성부채,2446908000000,신용카드사,C,SC010,유동성
123,201206,0012627,㈜케이비국민카드,B,업무용 유형자산비율,4.21,신용카드사,C,SC010,유동성
124,201206,0012627,㈜케이비국민카드,B1,업무용 유형자산비율_업무용 유형자산,110257000000,신용카드사,C,SC010,유동성
125,201206,0012627,㈜케이비국민카드,B2,업무용 유형자산비율_자기자본,2620623000000,신용카드사,C,SC010,유동성
126,201209,0012627,㈜케이비국민카드,A,원화 유동성비율,354.29,신용카드사,C,SC010,유동성
127,201209,0012627,㈜케이비국민카드,A1,원화 유동성비율_유동성자산,9159604000000,신용카드사,C,SC010,유동성
128,201209,0012627,㈜케이비국민카드,A2,원화 유동성비율_유동성부채,2585350000000,신용카드사,C,SC010,유동성
129,201209,0012627,㈜케이비국민카드,B,업무용 유형자산비율,4.13,신용카드사,C,SC010,유동성
130,201209,0012627,㈜케이비국민카드,B1,업무용 유형자산비율_업무용 유형자산,109996000000,신용카드사,C,SC010,유동성
131,201209,0012627,㈜케이비국민카드,B2,업무용 유형자산비율_자기자본,2664805000000,신용카드사,C,SC010,유동성
132,201212,0012627,㈜케이비국민카드,A,원화 유동성비율,332.72,신용카드사,C,SC010,유동성
133,201212,0012627,㈜케이비국민카드,A1,원화 유동성비율_유동성자산,9725553000000,신용카드사,C,SC010,유동성
134,201212,0012627,㈜케이비국민카드,A2,원화 유동성비율_유동성부채,2923022000000,신용카드사,C,SC010,유동성
135,201212,0012627,㈜케이비국민카드,B,업무용 유형자산비율,4.31,신용카드사,C,SC010,유동성
136,201212,0012627,㈜케이비국민카드,B1,업무용 유형자산비율_업무용 유형자산,109391000000,신용카드사,C,SC010,유동성
137,201212,0012627,㈜케이비국민카드,B2,업무용 유형자산비율_자기자본,2538588000000,신용카드사,C,SC010,유동성
138,201303,0012627,㈜케이비국민카드,A,원화 유동성비율,515.94,신용카드사,C,SC010,유동성
139,201303,0012627,㈜케이비국민카드,A1,원화 유동성비율_유동성자산,8741063000000,신용카드사,C,SC010,유동성
140,201303,0012627,㈜케이비국민카드,A2,원화 유동성비율_유동성부채,1694188000000,신용카드사,C,SC010,유동성
141,201303,0012627,㈜케이비국민카드,B,업무용 유형자산비율,4.12,신용카드사,C,SC010,유동성
142,201303,0012627,㈜케이비국민카드,B1,업무용 유형자산비율_업무용 유형자산,109373000000,신용카드사,C,SC010,유동성
143,201303,0012627,㈜케이비국민카드,B2,업무용 유형자산비율_자기자본,2655636000000,신용카드사,C,SC010,유동성
144,201306,0012627,㈜케이비국민카드,A,원화 유동성비율,471.22,신용카드사,C,SC010,유동성
145,201306,0012627,㈜케이비국민카드,A1,원화 유동성비율_유동성자산,8872637000000,신용카드사,C,SC010,유동성
146,201306,0012627,㈜케이비국민카드,A2,원화 유동성비율_유동성부채,1882913000000,신용카드사,C,SC010,유동성
147,201306,0012627,㈜케이비국민카드,B,업무용 유형자산비율,4,신용카드사,C,SC010,유동성
148,201306,0012627,㈜케이비국민카드,B1,업무용 유형자산비율_업무용 유형자산,108608000000,신용카드사,C,SC010,유동성
149,201306,0012627,㈜케이비국민카드,B2,업무용 유형자산비율_자기자본,2716311000000,신용카드사,C,SC010,유동성
150,201309,0012627,㈜케이비국민카드,A,원화 유동성비율,310.19,신용카드사,C,SC010,유동성
151,201309,0012627,㈜케이비국민카드,A1,원화 유동성비율_유동성자산,9565012000000,신용카드사,C,SC010,유동성
152,201309,0012627,㈜케이비국민카드,A2,원화 유동성비율_유동성부채,3083600000000,신용카드사,C,SC010,유동성
153,201309,0012627,㈜케이비국민카드,B,업무용 유형자산비율,38.7,신용카드사,C,SC010,유동성
154,201309,0012627,㈜케이비국민카드,B1,업무용 유형자산비율_업무용 유형자산,108441000000,신용카드사,C,SC010,유동성
155,201309,0012627,㈜케이비국민카드,B2,업무용 유형자산비율_자기자본,280207500000,신용카드사,C,SC010,유동성
156,201312,0012627,㈜케이비국민카드,A,원화 유동성비율,402.62,신용카드사,C,SC010,유동성
157,201312,0012627,㈜케이비국민카드,A1,원화 유동성비율_유동성자산,9690714000000,신용카드사,C,SC010,유동성
158,201312,0012627,㈜케이비국민카드,A2,원화 유동성비율_유동성부채,2406916000000,신용카드사,C,SC010,유동성
159,201312,0012627,㈜케이비국민카드,B,업무용 유형자산비율,3.75,신용카드사,C,SC010,유동성
160,201312,0012627,㈜케이비국민카드,B1,업무용 유형자산비율_업무용 유형자산,108657000000,신용카드사,C,SC010,유동성
161,201312,0012627,㈜케이비국민카드,B2,업무용 유형자산비율_자기자본,2897149000000,신용카드사,C,SC010,유동성
162,201403,0012627,㈜케이비국민카드,A,원화 유동성비율,410.99,신용카드사,C,SC010,유동성
163,201403,0012627,㈜케이비국민카드,A1,원화 유동성비율_유동성자산,9575035000000,신용카드사,C,SC010,유동성
164,201403,0012627,㈜케이비국민카드,A2,원화 유동성비율_유동성부채,2329725000000,신용카드사,C,SC010,유동성
165,201403,0012627,㈜케이비국민카드,B,업무용 유형자산비율,3.63,신용카드사,C,SC010,유동성
166,201403,0012627,㈜케이비국민카드,B1,업무용 유형자산비율_업무용 유형자산,109444000000,신용카드사,C,SC010,유동성
167,201403,0012627,㈜케이비국민카드,B2,업무용 유형자산비율_자기자본,3010886000000,신용카드사,C,SC010,유동성
168,201406,0012627,㈜케이비국민카드,A,원화 유동성비율,414.89,신용카드사,C,SC010,유동성
169,201406,0012627,㈜케이비국민카드,A1,원화 유동성비율_유동성자산,8857452000000,신용카드사,C,SC010,유동성
170,201406,0012627,㈜케이비국민카드,A2,원화 유동성비율_유동성부채,2134884000000,신용카드사,C,SC010,유동성
171,201406,0012627,㈜케이비국민카드,B,업무용 유형자산비율,3.49,신용카드사,C,SC010,유동성
172,201406,0012627,㈜케이비국민카드,B1,업무용 유형자산비율_업무용 유형자산,107512000000,신용카드사,C,SC010,유동성
173,201406,0012627,㈜케이비국민카드,B2,업무용 유형자산비율_자기자본,3080968000000,신용카드사,C,SC010,유동성
174,201409,0012627,㈜케이비국민카드,A,원화 유동성비율,344.49,신용카드사,C,SC010,유동성
175,201409,0012627,㈜케이비국민카드,A1,원화 유동성비율_유동성자산,9462554000000,신용카드사,C,SC010,유동성
176,201409,0012627,㈜케이비국민카드,A2,원화 유동성비율_유동성부채,2746795000000,신용카드사,C,SC010,유동성
177,201409,0012627,㈜케이비국민카드,B,업무용 유형자산비율,3.84,신용카드사,C,SC010,유동성
178,201409,0012627,㈜케이비국민카드,B1,업무용 유형자산비율_업무용 유형자산,121604000000,신용카드사,C,SC010,유동성
179,201409,0012627,㈜케이비국민카드,B2,업무용 유형자산비율_자기자본,3170534000000,신용카드사,C,SC010,유동성
180,201412,0012627,㈜케이비국민카드,A,원화 유동성비율,343.5,신용카드사,C,SC010,유동성
181,201412,0012627,㈜케이비국민카드,A1,원화 유동성비율_유동성자산,9676433000000,신용카드사,C,SC010,유동성
182,201412,0012627,㈜케이비국민카드,A2,원화 유동성비율_유동성부채,2817040000000,신용카드사,C,SC010,유동성
183,201412,0012627,㈜케이비국민카드,B,업무용 유형자산비율,4.11,신용카드사,C,SC010,유동성
184,201412,0012627,㈜케이비국민카드,B1,업무용 유형자산비율_업무용 유형자산,119897000000,신용카드사,C,SC010,유동성
185,201412,0012627,㈜케이비국민카드,B2,업무용 유형자산비율_자기자본,2916858000000,신용카드사,C,SC010,유동성
186,201503,0012627,㈜케이비국민카드,A,원화 유동성비율,369.3,신용카드사,C,SC010,유동성
187,201503,0012627,㈜케이비국민카드,A1,원화 유동성비율_유동성자산,9531305000000,신용카드사,C,SC010,유동성
188,201503,0012627,㈜케이비국민카드,A2,원화 유동성비율_유동성부채,2580936000000,신용카드사,C,SC010,유동성
189,201503,0012627,㈜케이비국민카드,B,업무용 유형자산비율,3.98,신용카드사,C,SC010,유동성
190,201503,0012627,㈜케이비국민카드,B1,업무용 유형자산비율_업무용 유형자산,120406000000,신용카드사,C,SC010,유동성
191,201503,0012627,㈜케이비국민카드,B2,업무용 유형자산비율_자기자본,3023021000000,신용카드사,C,SC010,유동성
192,201506,0012627,㈜케이비국민카드,A,원화 유동성비율,383.45,신용카드사,C,SC010,유동성
193,201506,0012627,㈜케이비국민카드,A1,원화 유동성비율_유동성자산,9474438000000,신용카드사,C,SC010,유동성
194,201506,0012627,㈜케이비국민카드,A2,원화 유동성비율_유동성부채,2470858000000,신용카드사,C,SC010,유동성
195,201506,0012627,㈜케이비국민카드,B,업무용 유형자산비율,3.84,신용카드사,C,SC010,유동성
196,201506,0012627,㈜케이비국민카드,B1,업무용 유형자산비율_업무용 유형자산,119243000000,신용카드사,C,SC010,유동성
197,201506,0012627,㈜케이비국민카드,B2,업무용 유형자산비율_자기자본,3104583000000,신용카드사,C,SC010,유동성
198,201509,0012627,㈜케이비국민카드,A,원화 유동성비율,355.37,신용카드사,C,SC010,유동성
199,201509,0012627,㈜케이비국민카드,A1,원화 유동성비율_유동성자산,10014045000000,신용카드사,C,SC010,유동성
200,201509,0012627,㈜케이비국민카드,A2,원화 유동성비율_유동성부채,2817943000000,신용카드사,C,SC010,유동성
201,201509,0012627,㈜케이비국민카드,B,업무용 유형자산비율,3.73,신용카드사,C,SC010,유동성
202,201509,0012627,㈜케이비국민카드,B1,업무용 유형자산비율_업무용 유형자산,118818000000,신용카드사,C,SC010,유동성
203,201509,0012627,㈜케이비국민카드,B2,업무용 유형자산비율_자기자본,3186735000000,신용카드사,C,SC010,유동성
204,201512,0012627,㈜케이비국민카드,A,원화 유동성비율,409.94,신용카드사,C,SC010,유동성
205,201512,0012627,㈜케이비국민카드,A1,원화 유동성비율_유동성자산,9668360000000,신용카드사,C,SC010,유동성
206,201512,0012627,㈜케이비국민카드,A2,원화 유동성비율_유동성부채,2358479000000,신용카드사,C,SC010,유동성
207,201512,0012627,㈜케이비국민카드,B,업무용 유형자산비율,3.98,신용카드사,C,SC010,유동성
208,201512,0012627,㈜케이비국민카드,B1,업무용 유형자산비율_업무용 유형자산,129544000000,신용카드사,C,SC010,유동성
209,201512,0012627,㈜케이비국민카드,B2,업무용 유형자산비율_자기자본,3252800000000,신용카드사,C,SC010,유동성
210,201603,0012627,㈜케이비국민카드,A,원화 유동성비율,435.63,신용카드사,C,SC010,유동성
211,201603,0012627,㈜케이비국민카드,A1,원화 유동성비율_유동성자산,9500896000000,신용카드사,C,SC010,유동성
212,201603,0012627,㈜케이비국민카드,A2,원화 유동성비율_유동성부채,2180954000000,신용카드사,C,SC010,유동성
213,201603,0012627,㈜케이비국민카드,B,업무용 유형자산비율,4.17,신용카드사,C,SC010,유동성
214,201603,0012627,㈜케이비국민카드,B1,업무용 유형자산비율_업무용 유형자산,129962000000,신용카드사,C,SC010,유동성
215,201603,0012627,㈜케이비국민카드,B2,업무용 유형자산비율_자기자본,3114755000000,신용카드사,C,SC010,유동성
216,201606,0012627,㈜케이비국민카드,A,원화 유동성비율,416.53,신용카드사,C,SC010,유동성
217,201606,0012627,㈜케이비국민카드,A1,원화 유동성비율_유동성자산,9633524000000,신용카드사,C,SC010,유동성
218,201606,0012627,㈜케이비국민카드,A2,원화 유동성비율_유동성부채,2312781000000,신용카드사,C,SC010,유동성
219,201606,0012627,㈜케이비국민카드,B,업무용 유형자산비율,3.99,신용카드사,C,SC010,유동성
220,201606,0012627,㈜케이비국민카드,B1,업무용 유형자산비율_업무용 유형자산,128369000000,신용카드사,C,SC010,유동성
221,201606,0012627,㈜케이비국민카드,B2,업무용 유형자산비율_자기자본,3215852000000,신용카드사,C,SC010,유동성
222,201609,0012627,㈜케이비국민카드,A,원화 유동성비율,406.31,신용카드사,C,SC010,유동성
223,201609,0012627,㈜케이비국민카드,A1,원화 유동성비율_유동성자산,10258150000000,신용카드사,C,SC010,유동성
224,201609,0012627,㈜케이비국민카드,A2,원화 유동성비율_유동성부채,2524683000000,신용카드사,C,SC010,유동성
225,201609,0012627,㈜케이비국민카드,B,업무용 유형자산비율,3.88,신용카드사,C,SC010,유동성
226,201609,0012627,㈜케이비국민카드,B1,업무용 유형자산비율_업무용 유형자산,127057000000,신용카드사,C,SC010,유동성
227,201609,0012627,㈜케이비국민카드,B2,업무용 유형자산비율_자기자본,3274375000000,신용카드사,C,SC010,유동성
228,201612,0012627,㈜케이비국민카드,A,원화 유동성비율,432.95,신용카드사,C,SC010,유동성
229,201612,0012627,㈜케이비국민카드,A1,원화 유동성비율_유동성자산,9792353000000,신용카드사,C,SC010,유동성
230,201612,0012627,㈜케이비국민카드,A2,원화 유동성비율_유동성부채,2261770000000,신용카드사,C,SC010,유동성
231,201612,0012627,㈜케이비국민카드,B,업무용 유형자산비율,3.81,신용카드사,C,SC010,유동성
232,201612,0012627,㈜케이비국민카드,B1,업무용 유형자산비율_업무용 유형자산,127937000000,신용카드사,C,SC010,유동성
233,201612,0012627,㈜케이비국민카드,B2,업무용 유형자산비율_자기자본,3362152000000,신용카드사,C,SC010,유동성
234,200703,0010226,롯데카드㈜,A,원화 유동성비율,3621.7,신용카드사,C,SC010,유동성
235,200703,0010226,롯데카드㈜,A1,유동성자산,2173022000000,신용카드사,C,SC010,유동성
236,200703,0010226,롯데카드㈜,A2,유동성부채,60000000000,신용카드사,C,SC010,유동성
237,200703,0010226,롯데카드㈜,B,업무용 고정자산비율,7,신용카드사,C,SC010,유동성
238,200703,0010226,롯데카드㈜,B1,업무용 고정자산,53962000000,신용카드사,C,SC010,유동성
239,200703,0010226,롯데카드㈜,B2,자기자본,770586000000,신용카드사,C,SC010,유동성
240,200706,0010226,롯데카드㈜,A,원화 유동성비율,721.02,신용카드사,C,SC010,유동성
241,200706,0010226,롯데카드㈜,A1,유동성자산,2271227000000,신용카드사,C,SC010,유동성
242,200706,0010226,롯데카드㈜,A2,유동성부채,315000000000,신용카드사,C,SC010,유동성
243,200706,0010226,롯데카드㈜,B,업무용 고정자산비율,6.18,신용카드사,C,SC010,유동성
244,200706,0010226,롯데카드㈜,B1,업무용 고정자산,50020000000,신용카드사,C,SC010,유동성
245,200706,0010226,롯데카드㈜,B2,자기자본,808779000000,신용카드사,C,SC010,유동성
246,200709,0010226,롯데카드㈜,A,원화 유동성비율,808.57,신용카드사,C,SC010,유동성
247,200709,0010226,롯데카드㈜,A1,유동성자산,2590672000000,신용카드사,C,SC010,유동성
248,200709,0010226,롯데카드㈜,A2,유동성부채,320400000000,신용카드사,C,SC010,유동성
249,200709,0010226,롯데카드㈜,B,업무용 고정자산비율,6,신용카드사,C,SC010,유동성
250,200709,0010226,롯데카드㈜,B1,업무용 고정자산,50808000000,신용카드사,C,SC010,유동성
251,200709,0010226,롯데카드㈜,B2,자기자본,847016000000,신용카드사,C,SC010,유동성
252,200712,0010226,롯데카드㈜,A,원화 유동성비율,613.17,신용카드사,C,SC010,유동성
253,200712,0010226,롯데카드㈜,A1,유동성자산,2765394000000,신용카드사,C,SC010,유동성
254,200712,0010226,롯데카드㈜,A2,유동성부채,451000000000,신용카드사,C,SC010,유동성
255,200712,0010226,롯데카드㈜,B,업무용 고정자산비율,6.56,신용카드사,C,SC010,유동성
256,200712,0010226,롯데카드㈜,B1,업무용 고정자산,51698000000,신용카드사,C,SC010,유동성
257,200712,0010226,롯데카드㈜,B2,자기자본,788554000000,신용카드사,C,SC010,유동성
258,200803,0010226,롯데카드㈜,A,원화 유동성비율,657.9,신용카드사,C,SC010,유동성
259,200803,0010226,롯데카드㈜,A1,유동성자산,2776333000000,신용카드사,C,SC010,유동성
260,200803,0010226,롯데카드㈜,A2,유동성부채,422000000000,신용카드사,C,SC010,유동성
261,200803,0010226,롯데카드㈜,B,업무용 고정자산비율,5.55,신용카드사,C,SC010,유동성
262,200803,0010226,롯데카드㈜,B1,업무용 고정자산,46402000000,신용카드사,C,SC010,유동성
263,200803,0010226,롯데카드㈜,B2,자기자본,835914000000,신용카드사,C,SC010,유동성
264,200806,0010226,롯데카드㈜,A,원화 유동성비율,742,신용카드사,C,SC010,유동성
265,200806,0010226,롯데카드㈜,A1,유동성자산,1929191000000,신용카드사,C,SC010,유동성
266,200806,0010226,롯데카드㈜,A2,유동성부채,260000000000,신용카드사,C,SC010,유동성
267,200806,0010226,롯데카드㈜,B,업무용 고정자산비율,5.21,신용카드사,C,SC010,유동성
268,200806,0010226,롯데카드㈜,B1,업무용 고정자산,46091000000,신용카드사,C,SC010,유동성
269,200806,0010226,롯데카드㈜,B2,자기자본,885428000000,신용카드사,C,SC010,유동성
270,200809,0010226,롯데카드㈜,A,원화 유동성비율,803.58,신용카드사,C,SC010,유동성
271,200809,0010226,롯데카드㈜,A1,유동성자산,2491097000000,신용카드사,C,SC010,유동성
272,200809,0010226,롯데카드㈜,A2,유동성부채,310000000000,신용카드사,C,SC010,유동성
273,200809,0010226,롯데카드㈜,B,업무용 고정자산비율,5.01,신용카드사,C,SC010,유동성
274,200809,0010226,롯데카드㈜,B1,업무용 고정자산,45934000000,신용카드사,C,SC010,유동성
275,200809,0010226,롯데카드㈜,B2,자기자본,917417000000,신용카드사,C,SC010,유동성
276,200812,0010226,롯데카드㈜,A,원화 유동성비율,575.71,신용카드사,C,SC010,유동성
277,200812,0010226,롯데카드㈜,A1,유동성자산,2531582000000,신용카드사,C,SC010,유동성
278,200812,0010226,롯데카드㈜,A2,유동성부채,439730000000,신용카드사,C,SC010,유동성
279,200812,0010226,롯데카드㈜,B,업무용 고정자산비율,4.97,신용카드사,C,SC010,유동성
280,200812,0010226,롯데카드㈜,B1,업무용 고정자산,45909000000,신용카드사,C,SC010,유동성
281,200812,0010226,롯데카드㈜,B2,자기자본,923838000000,신용카드사,C,SC010,유동성
282,200903,0010226,롯데카드㈜,A,원화 유동성비율,841.92,신용카드사,C,SC010,유동성
283,200903,0010226,롯데카드㈜,A1,유동성자산,2690595000000,신용카드사,C,SC010,유동성
284,200903,0010226,롯데카드㈜,A2,유동성부채,319580000000,신용카드사,C,SC010,유동성
285,200903,0010226,롯데카드㈜,B,업무용 고정자산비율,4.54,신용카드사,C,SC010,유동성
286,200903,0010226,롯데카드㈜,B1,업무용 고정자산,43146000000,신용카드사,C,SC010,유동성
287,200903,0010226,롯데카드㈜,B2,자기자본,951104000000,신용카드사,C,SC010,유동성
288,200906,0010226,롯데카드㈜,A,원화 유동성비율,721.7,신용카드사,C,SC010,유동성
289,200906,0010226,롯데카드㈜,A1,유동성자산,2571700000000,신용카드사,C,SC010,유동성
290,200906,0010226,롯데카드㈜,A2,유동성부채,356340000000,신용카드사,C,SC010,유동성
291,200906,0010226,롯데카드㈜,B,업무용 고정자산비율,4.23,신용카드사,C,SC010,유동성
292,200906,0010226,롯데카드㈜,B1,업무용 고정자산,42420000000,신용카드사,C,SC010,유동성
293,200906,0010226,롯데카드㈜,B2,자기자본,1002985000000,신용카드사,C,SC010,유동성
294,200909,0010226,롯데카드㈜,A,원화 유동성비율,686.14,신용카드사,C,SC010,유동성
295,200909,0010226,롯데카드㈜,A1,유동성자산,2460507000000,신용카드사,C,SC010,유동성
296,200909,0010226,롯데카드㈜,A2,유동성부채,358600000000,신용카드사,C,SC010,유동성
297,200909,0010226,롯데카드㈜,B,업무용 고정자산비율,4.13,신용카드사,C,SC010,유동성
298,200909,0010226,롯데카드㈜,B1,업무용 고정자산,42694000000,신용카드사,C,SC010,유동성
299,200909,0010226,롯데카드㈜,B2,자기자본,1033141000000,신용카드사,C,SC010,유동성
300,200912,0010226,롯데카드㈜,A,원화 유동성비율,465.43,신용카드사,C,SC010,유동성
301,200912,0010226,롯데카드㈜,A1,유동성자산,2705079000000,신용카드사,C,SC010,유동성
302,200912,0010226,롯데카드㈜,A2,유동성부채,581200000000,신용카드사,C,SC010,유동성
303,200912,0010226,롯데카드㈜,B,업무용 고정자산비율,4.14,신용카드사,C,SC010,유동성
304,200912,0010226,롯데카드㈜,B1,업무용 고정자산,43690000000,신용카드사,C,SC010,유동성
305,200912,0010226,롯데카드㈜,B2,자기자본,1054265000000,신용카드사,C,SC010,유동성
306,201003,0010226,롯데카드㈜,A,원화 유동성비율,925.3,신용카드사,C,SC010,유동성
307,201003,0010226,롯데카드㈜,A1,유동성자산,2590850000000,신용카드사,C,SC010,유동성
308,201003,0010226,롯데카드㈜,A2,유동성부채,280000000000,신용카드사,C,SC010,유동성
309,201003,0010226,롯데카드㈜,B,업무용 고정자산비율,4.46,신용카드사,C,SC010,유동성
310,201003,0010226,롯데카드㈜,B1,업무용 고정자산,48758000000,신용카드사,C,SC010,유동성
311,201003,0010226,롯데카드㈜,B2,자기자본,1093300000000,신용카드사,C,SC010,유동성
312,201006,0010226,롯데카드㈜,A,원화 유동성비율,939.2,신용카드사,C,SC010,유동성
313,201006,0010226,롯데카드㈜,A1,유동성자산,2723689000000,신용카드사,C,SC010,유동성
314,201006,0010226,롯데카드㈜,A2,유동성부채,290000000000,신용카드사,C,SC010,유동성
315,201006,0010226,롯데카드㈜,B,업무용 고정자산비율,4.61,신용카드사,C,SC010,유동성
316,201006,0010226,롯데카드㈜,B1,업무용 고정자산,52017000000,신용카드사,C,SC010,유동성
317,201006,0010226,롯데카드㈜,B2,자기자본,1127880000000,신용카드사,C,SC010,유동성
318,201009,0010226,롯데카드㈜,A,원화 유동성비율,1148.48,신용카드사,C,SC010,유동성
319,201009,0010226,롯데카드㈜,A1,유동성자산,2871210000000,신용카드사,C,SC010,유동성
320,201009,0010226,롯데카드㈜,A2,유동성부채,250000000000,신용카드사,C,SC010,유동성
321,201009,0010226,롯데카드㈜,B,업무용 고정자산비율,4.52,신용카드사,C,SC010,유동성
322,201009,0010226,롯데카드㈜,B1,업무용 고정자산,52743000000,신용카드사,C,SC010,유동성
323,201009,0010226,롯데카드㈜,B2,자기자본,1165714000000,신용카드사,C,SC010,유동성
324,201012,0010226,롯데카드㈜,A,원화 유동성비율,510.97,신용카드사,C,SC010,유동성
325,201012,0010226,롯데카드㈜,A1,유동성자산,3423531000000,신용카드사,C,SC010,유동성
326,201012,0010226,롯데카드㈜,A2,유동성부채,670000000000,신용카드사,C,SC010,유동성
327,201012,0010226,롯데카드㈜,B,업무용 고정자산비율,4.44,신용카드사,C,SC010,유동성
328,201012,0010226,롯데카드㈜,B1,업무용 고정자산,52962000000,신용카드사,C,SC010,유동성
329,201012,0010226,롯데카드㈜,B2,자기자본,1192061000000,신용카드사,C,SC010,유동성
330,201103,0010226,롯데카드㈜,A,원화 유동성비율,427.8,신용카드사,C,SC010,유동성
331,201103,0010226,롯데카드㈜,A1,원화 유동성비율_유동성자산,4734399000000,신용카드사,C,SC010,유동성
332,201103,0010226,롯데카드㈜,A2,원화 유동성비율_유동성부채,1106692000000,신용카드사,C,SC010,유동성
333,201103,0010226,롯데카드㈜,B,업무용 유형자산비율,4.37,신용카드사,C,SC010,유동성
334,201103,0010226,롯데카드㈜,B1,업무용 유형자산비율_업무용 유형자산,50650000000,신용카드사,C,SC010,유동성
335,201103,0010226,롯데카드㈜,B2,업무용 유형자산비율_자기자본,1159069000000,신용카드사,C,SC010,유동성
336,201106,0010226,롯데카드㈜,A,원화 유동성비율,462.36,신용카드사,C,SC010,유동성
337,201106,0010226,롯데카드㈜,A1,원화 유동성비율_유동성자산,4751554000000,신용카드사,C,SC010,유동성
338,201106,0010226,롯데카드㈜,A2,원화 유동성비율_유동성부채,1027684000000,신용카드사,C,SC010,유동성
339,201106,0010226,롯데카드㈜,B,업무용 유형자산비율,4.58,신용카드사,C,SC010,유동성
340,201106,0010226,롯데카드㈜,B1,업무용 유형자산비율_업무용 유형자산,53614000000,신용카드사,C,SC010,유동성
341,201106,0010226,롯데카드㈜,B2,업무용 유형자산비율_자기자본,1170198000000,신용카드사,C,SC010,유동성
342,201109,0010226,롯데카드㈜,A,원화 유동성비율,660.43,신용카드사,C,SC010,유동성
343,201109,0010226,롯데카드㈜,A1,원화 유동성비율_유동성자산,5070792000000,신용카드사,C,SC010,유동성
344,201109,0010226,롯데카드㈜,A2,원화 유동성비율_유동성부채,767807000000,신용카드사,C,SC010,유동성
345,201109,0010226,롯데카드㈜,B,업무용 유형자산비율,4.53,신용카드사,C,SC010,유동성
346,201109,0010226,롯데카드㈜,B1,업무용 유형자산비율_업무용 유형자산,54713000000,신용카드사,C,SC010,유동성
347,201109,0010226,롯데카드㈜,B2,업무용 유형자산비율_자기자본,1206845000000,신용카드사,C,SC010,유동성
348,201112,0010226,롯데카드㈜,A,원화 유동성비율,582.64,신용카드사,C,SC010,유동성
349,201112,0010226,롯데카드㈜,A1,원화 유동성비율_유동성자산,5271038000000,신용카드사,C,SC010,유동성
350,201112,0010226,롯데카드㈜,A2,원화 유동성비율_유동성부채,904681000000,신용카드사,C,SC010,유동성
351,201112,0010226,롯데카드㈜,B,업무용 유형자산비율,4.15,신용카드사,C,SC010,유동성
352,201112,0010226,롯데카드㈜,B1,업무용 유형자산비율_업무용 유형자산,53561000000,신용카드사,C,SC010,유동성
353,201112,0010226,롯데카드㈜,B2,업무용 유형자산비율_자기자본,1289210000000,신용카드사,C,SC010,유동성
354,201203,0010226,롯데카드㈜,A,원화 유동성비율,509.53,신용카드사,C,SC010,유동성
355,201203,0010226,롯데카드㈜,A1,원화 유동성비율_유동성자산,5227751000000,신용카드사,C,SC010,유동성
356,201203,0010226,롯데카드㈜,A2,원화 유동성비율_유동성부채,1025986000000,신용카드사,C,SC010,유동성
357,201203,0010226,롯데카드㈜,B,업무용 유형자산비율,4.09,신용카드사,C,SC010,유동성
358,201203,0010226,롯데카드㈜,B1,업무용 유형자산비율_업무용 유형자산,54316000000,신용카드사,C,SC010,유동성
359,201203,0010226,롯데카드㈜,B2,업무용 유형자산비율_자기자본,1328154000000,신용카드사,C,SC010,유동성
360,201206,0010226,롯데카드㈜,A,원화 유동성비율,585.31,신용카드사,C,SC010,유동성
361,201206,0010226,롯데카드㈜,A1,원화 유동성비율_유동성자산,5259126000000,신용카드사,C,SC010,유동성
362,201206,0010226,롯데카드㈜,A2,원화 유동성비율_유동성부채,898521000000,신용카드사,C,SC010,유동성
363,201206,0010226,롯데카드㈜,B,업무용 유형자산비율,4.03,신용카드사,C,SC010,유동성
364,201206,0010226,롯데카드㈜,B1,업무용 유형자산비율_업무용 유형자산,55312000000,신용카드사,C,SC010,유동성
365,201206,0010226,롯데카드㈜,B2,업무용 유형자산비율_자기자본,1371274000000,신용카드사,C,SC010,유동성
366,201209,0010226,롯데카드㈜,A,원화 유동성비율,492.24,신용카드사,C,SC010,유동성
367,201209,0010226,롯데카드㈜,A1,원화 유동성비율_유동성자산,5314642000000,신용카드사,C,SC010,유동성
368,201209,0010226,롯데카드㈜,A2,원화 유동성비율_유동성부채,1079693000000,신용카드사,C,SC010,유동성
369,201209,0010226,롯데카드㈜,B,업무용 유형자산비율,4.18,신용카드사,C,SC010,유동성
370,201209,0010226,롯데카드㈜,B1,업무용 유형자산비율_업무용 유형자산,57878000000,신용카드사,C,SC010,유동성
371,201209,0010226,롯데카드㈜,B2,업무용 유형자산비율_자기자본,1384613000000,신용카드사,C,SC010,유동성
372,201212,0010226,롯데카드㈜,A,원화 유동성비율,403.46,신용카드사,C,SC010,유동성
373,201212,0010226,롯데카드㈜,A1,원화 유동성비율_유동성자산,5523024000000,신용카드사,C,SC010,유동성
374,201212,0010226,롯데카드㈜,A2,원화 유동성비율_유동성부채,1368902000000,신용카드사,C,SC010,유동성
375,201212,0010226,롯데카드㈜,B,업무용 유형자산비율,4.32,신용카드사,C,SC010,유동성
376,201212,0010226,롯데카드㈜,B1,업무용 유형자산비율_업무용 유형자산,59713000000,신용카드사,C,SC010,유동성
377,201212,0010226,롯데카드㈜,B2,업무용 유형자산비율_자기자본,1381738000000,신용카드사,C,SC010,유동성
378,201303,0010226,롯데카드㈜,A,원화 유동성비율,370.85,신용카드사,C,SC010,유동성
379,201303,0010226,롯데카드㈜,A1,원화 유동성비율_유동성자산,5603629000000,신용카드사,C,SC010,유동성
380,201303,0010226,롯데카드㈜,A2,원화 유동성비율_유동성부채,1511032000000,신용카드사,C,SC010,유동성
381,201303,0010226,롯데카드㈜,B,업무용 유형자산비율,4.31,신용카드사,C,SC010,유동성
382,201303,0010226,롯데카드㈜,B1,업무용 유형자산비율_업무용 유형자산,59870000000,신용카드사,C,SC010,유동성
383,201303,0010226,롯데카드㈜,B2,업무용 유형자산비율_자기자본,1388733000000,신용카드사,C,SC010,유동성
384,201306,0010226,롯데카드㈜,A,원화 유동성비율,400.88,신용카드사,C,SC010,유동성
385,201306,0010226,롯데카드㈜,A1,원화 유동성비율_유동성자산,5617082000000,신용카드사,C,SC010,유동성
386,201306,0010226,롯데카드㈜,A2,원화 유동성비율_유동성부채,1401191000000,신용카드사,C,SC010,유동성
387,201306,0010226,롯데카드㈜,B,업무용 유형자산비율,4.19,신용카드사,C,SC010,유동성
388,201306,0010226,롯데카드㈜,B1,업무용 유형자산비율_업무용 유형자산,59238000000,신용카드사,C,SC010,유동성
389,201306,0010226,롯데카드㈜,B2,업무용 유형자산비율_자기자본,1413688000000,신용카드사,C,SC010,유동성
390,201309,0010226,롯데카드㈜,A,원화 유동성비율,383.27,신용카드사,C,SC010,유동성
391,201309,0010226,롯데카드㈜,A1,원화 유동성비율_유동성자산,5302181000000,신용카드사,C,SC010,유동성
392,201309,0010226,롯데카드㈜,A2,원화 유동성비율_유동성부채,1383407000000,신용카드사,C,SC010,유동성
393,201309,0010226,롯데카드㈜,B,업무용 유형자산비율,4.14,신용카드사,C,SC010,유동성
394,201309,0010226,롯데카드㈜,B1,업무용 유형자산비율_업무용 유형자산,60008000000,신용카드사,C,SC010,유동성
395,201309,0010226,롯데카드㈜,B2,업무용 유형자산비율_자기자본,1449927000000,신용카드사,C,SC010,유동성
396,201312,0010226,롯데카드㈜,A,원화 유동성비율,449.84,신용카드사,C,SC010,유동성
397,201312,0010226,롯데카드㈜,A1,원화 유동성비율_유동성자산,5857469000000,신용카드사,C,SC010,유동성
398,201312,0010226,롯데카드㈜,A2,원화 유동성비율_유동성부채,1302136000000,신용카드사,C,SC010,유동성
399,201312,0010226,롯데카드㈜,B,업무용 유형자산비율,4.23,신용카드사,C,SC010,유동성
400,201312,0010226,롯데카드㈜,B1,업무용 유형자산비율_업무용 유형자산,60113000000,신용카드사,C,SC010,유동성
401,201312,0010226,롯데카드㈜,B2,업무용 유형자산비율_자기자본,1422401000000,신용카드사,C,SC010,유동성
402,201403,0010226,롯데카드㈜,A,원화 유동성비율,335.4,신용카드사,C,SC010,유동성
403,201403,0010226,롯데카드㈜,A1,원화 유동성비율_유동성자산,5648175000000,신용카드사,C,SC010,유동성
404,201403,0010226,롯데카드㈜,A2,원화 유동성비율_유동성부채,1684014000000,신용카드사,C,SC010,유동성
405,201403,0010226,롯데카드㈜,B,업무용 유형자산비율,4.16,신용카드사,C,SC010,유동성
406,201403,0010226,롯데카드㈜,B1,업무용 유형자산비율_업무용 유형자산,60310000000,신용카드사,C,SC010,유동성
407,201403,0010226,롯데카드㈜,B2,업무용 유형자산비율_자기자본,1448634000000,신용카드사,C,SC010,유동성
408,201406,0010226,롯데카드㈜,A,원화 유동성비율,414.6,신용카드사,C,SC010,유동성
409,201406,0010226,롯데카드㈜,A1,원화 유동성비율_유동성자산,5421628000000,신용카드사,C,SC010,유동성
410,201406,0010226,롯데카드㈜,A2,원화 유동성비율_유동성부채,1307691000000,신용카드사,C,SC010,유동성
411,201406,0010226,롯데카드㈜,B,업무용 유형자산비율,4.06,신용카드사,C,SC010,유동성
412,201406,0010226,롯데카드㈜,B1,업무용 유형자산비율_업무용 유형자산,60861000000,신용카드사,C,SC010,유동성
413,201406,0010226,롯데카드㈜,B2,업무용 유형자산비율_자기자본,1499422000000,신용카드사,C,SC010,유동성
414,201409,0010226,롯데카드㈜,A,원화 유동성비율,460.71,신용카드사,C,SC010,유동성
415,201409,0010226,롯데카드㈜,A1,원화 유동성비율_유동성자산,5440255000000,신용카드사,C,SC010,유동성
416,201409,0010226,롯데카드㈜,A2,원화 유동성비율_유동성부채,1180848000000,신용카드사,C,SC010,유동성
417,201409,0010226,롯데카드㈜,B,업무용 유형자산비율,4.08,신용카드사,C,SC010,유동성
418,201409,0010226,롯데카드㈜,B1,업무용 유형자산비율_업무용 유형자산,62071000000,신용카드사,C,SC010,유동성
419,201409,0010226,롯데카드㈜,B2,업무용 유형자산비율_자기자본,1520733000000,신용카드사,C,SC010,유동성
420,201412,0010226,롯데카드㈜,A,원화 유동성비율,404.44,신용카드사,C,SC010,유동성
421,201412,0010226,롯데카드㈜,A1,원화 유동성비율_유동성자산,5688682000000,신용카드사,C,SC010,유동성
422,201412,0010226,롯데카드㈜,A2,원화 유동성비율_유동성부채,1406560000000,신용카드사,C,SC010,유동성
423,201412,0010226,롯데카드㈜,B,업무용 유형자산비율,3.96,신용카드사,C,SC010,유동성
424,201412,0010226,롯데카드㈜,B1,업무용 유형자산비율_업무용 유형자산,62170000000,신용카드사,C,SC010,유동성
425,201412,0010226,롯데카드㈜,B2,업무용 유형자산비율_자기자본,1569117000000,신용카드사,C,SC010,유동성
426,201503,0010226,롯데카드㈜,A,원화 유동성비율,413.22,신용카드사,C,SC010,유동성
427,201503,0010226,롯데카드㈜,A1,원화 유동성비율_유동성자산,5531576000000,신용카드사,C,SC010,유동성
428,201503,0010226,롯데카드㈜,A2,원화 유동성비율_유동성부채,1338657000000,신용카드사,C,SC010,유동성
429,201503,0010226,롯데카드㈜,B,업무용 유형자산비율,4.01,신용카드사,C,SC010,유동성
430,201503,0010226,롯데카드㈜,B1,업무용 유형자산비율_업무용 유형자산,62614000000,신용카드사,C,SC010,유동성
431,201503,0010226,롯데카드㈜,B2,업무용 유형자산비율_자기자본,1562932000000,신용카드사,C,SC010,유동성
432,201506,0010226,롯데카드㈜,A,원화 유동성비율,477.36,신용카드사,C,SC010,유동성
433,201506,0010226,롯데카드㈜,A1,원화 유동성비율_유동성자산,5523157000000,신용카드사,C,SC010,유동성
434,201506,0010226,롯데카드㈜,A2,원화 유동성비율_유동성부채,1157016000000,신용카드사,C,SC010,유동성
435,201506,0010226,롯데카드㈜,B,업무용 유형자산비율,3.93,신용카드사,C,SC010,유동성
436,201506,0010226,롯데카드㈜,B1,업무용 유형자산비율_업무용 유형자산,63456000000,신용카드사,C,SC010,유동성
437,201506,0010226,롯데카드㈜,B2,업무용 유형자산비율_자기자본,1616046000000,신용카드사,C,SC010,유동성
438,201509,0010226,롯데카드㈜,A,원화 유동성비율,533.74,신용카드사,C,SC010,유동성
439,201509,0010226,롯데카드㈜,A1,원화 유동성비율_유동성자산,6161957000000,신용카드사,C,SC010,유동성
440,201509,0010226,롯데카드㈜,A2,원화 유동성비율_유동성부채,1154497000000,신용카드사,C,SC010,유동성
441,201509,0010226,롯데카드㈜,B,업무용 유형자산비율,3.9,신용카드사,C,SC010,유동성
442,201509,0010226,롯데카드㈜,B1,업무용 유형자산비율_업무용 유형자산,64291000000,신용카드사,C,SC010,유동성
443,201509,0010226,롯데카드㈜,B2,업무용 유형자산비율_자기자본,1649901000000,신용카드사,C,SC010,유동성
444,201512,0010226,롯데카드㈜,A,원화 유동성비율,373.13,신용카드사,C,SC010,유동성
445,201512,0010226,롯데카드㈜,A1,원화 유동성비율_유동성자산,6061269000000,신용카드사,C,SC010,유동성
446,201512,0010226,롯데카드㈜,A2,원화 유동성비율_유동성부채,1624449000000,신용카드사,C,SC010,유동성
447,201512,0010226,롯데카드㈜,B,업무용 유형자산비율,3.49,신용카드사,C,SC010,유동성
448,201512,0010226,롯데카드㈜,B1,업무용 유형자산비율_업무용 유형자산,58313000000,신용카드사,C,SC010,유동성
449,201512,0010226,롯데카드㈜,B2,업무용 유형자산비율_자기자본,1670667000000,신용카드사,C,SC010,유동성
450,201603,0010226,롯데카드㈜,A,원화 유동성비율,717.26,신용카드사,C,SC010,유동성
451,201603,0010226,롯데카드㈜,A1,원화 유동성비율_유동성자산,5920317000000,신용카드사,C,SC010,유동성
452,201603,0010226,롯데카드㈜,A2,원화 유동성비율_유동성부채,825412000000,신용카드사,C,SC010,유동성
453,201603,0010226,롯데카드㈜,B,업무용 유형자산비율,3.41,신용카드사,C,SC010,유동성
454,201603,0010226,롯데카드㈜,B1,업무용 유형자산비율_업무용 유형자산,57855000000,신용카드사,C,SC010,유동성
455,201603,0010226,롯데카드㈜,B2,업무용 유형자산비율_자기자본,1695145000000,신용카드사,C,SC010,유동성
456,201606,0010226,롯데카드㈜,A,원화 유동성비율,751.74,신용카드사,C,SC010,유동성
457,201606,0010226,롯데카드㈜,A1,원화 유동성비율_유동성자산,6174208000000,신용카드사,C,SC010,유동성
458,201606,0010226,롯데카드㈜,A2,원화 유동성비율_유동성부채,821325000000,신용카드사,C,SC010,유동성
459,201606,0010226,롯데카드㈜,B,업무용 유형자산비율,3.37,신용카드사,C,SC010,유동성
460,201606,0010226,롯데카드㈜,B1,업무용 유형자산비율_업무용 유형자산,58582000000,신용카드사,C,SC010,유동성
461,201606,0010226,롯데카드㈜,B2,업무용 유형자산비율_자기자본,1739570000000,신용카드사,C,SC010,유동성
462,201609,0010226,롯데카드㈜,A,원화 유동성비율,537.82,신용카드사,C,SC010,유동성
463,201609,0010226,롯데카드㈜,A1,원화 유동성비율_유동성자산,6456905000000,신용카드사,C,SC010,유동성
464,201609,0010226,롯데카드㈜,A2,원화 유동성비율_유동성부채,1200559000000,신용카드사,C,SC010,유동성
465,201609,0010226,롯데카드㈜,B,업무용 유형자산비율,3.36,신용카드사,C,SC010,유동성
466,201609,0010226,롯데카드㈜,B1,업무용 유형자산비율_업무용 유형자산,58294000000,신용카드사,C,SC010,유동성
467,201609,0010226,롯데카드㈜,B2,업무용 유형자산비율_자기자본,1734115000000,신용카드사,C,SC010,유동성
468,201612,0010226,롯데카드㈜,A,원화 유동성비율,474,신용카드사,C,SC010,유동성
469,201612,0010226,롯데카드㈜,A1,원화 유동성비율_유동성자산,6467945000000,신용카드사,C,SC010,유동성
470,201612,0010226,롯데카드㈜,A2,원화 유동성비율_유동성부채,1364541000000,신용카드사,C,SC010,유동성
471,201612,0010226,롯데카드㈜,B,업무용 유형자산비율,3.31,신용카드사,C,SC010,유동성
472,201612,0010226,롯데카드㈜,B1,업무용 유형자산비율_업무용 유형자산,57998000000,신용카드사,C,SC010,유동성
473,201612,0010226,롯데카드㈜,B2,업무용 유형자산비율_자기자본,1754447000000,신용카드사,C,SC010,유동성
474,200703,0010227,비씨카드㈜,A,원화 유동성비율,113.84,신용카드사,C,SC010,유동성
475,200703,0010227,비씨카드㈜,A1,유동성자산,834483000000,신용카드사,C,SC010,유동성
476,200703,0010227,비씨카드㈜,A2,유동성부채,733041000000,신용카드사,C,SC010,유동성
477,200703,0010227,비씨카드㈜,B,업무용 고정자산비율,20.35,신용카드사,C,SC010,유동성
478,200703,0010227,비씨카드㈜,B1,업무용 고정자산,42045000000,신용카드사,C,SC010,유동성
479,200703,0010227,비씨카드㈜,B2,자기자본,206570000000,신용카드사,C,SC010,유동성
480,200706,0010227,비씨카드㈜,A,원화 유동성비율,117.63,신용카드사,C,SC010,유동성
481,200706,0010227,비씨카드㈜,A1,유동성자산,839450000000,신용카드사,C,SC010,유동성
482,200706,0010227,비씨카드㈜,A2,유동성부채,713653000000,신용카드사,C,SC010,유동성
483,200706,0010227,비씨카드㈜,B,업무용 고정자산비율,20.13,신용카드사,C,SC010,유동성
484,200706,0010227,비씨카드㈜,B1,업무용 고정자산,44033000000,신용카드사,C,SC010,유동성
485,200706,0010227,비씨카드㈜,B2,자기자본,218720000000,신용카드사,C,SC010,유동성
486,200709,0010227,비씨카드㈜,A,원화 유동성비율,109.06,신용카드사,C,SC010,유동성
487,200709,0010227,비씨카드㈜,A1,유동성자산,1674714000000,신용카드사,C,SC010,유동성
488,200709,0010227,비씨카드㈜,A2,유동성부채,1535540000000,신용카드사,C,SC010,유동성
489,200709,0010227,비씨카드㈜,B,업무용 고정자산비율,17.37,신용카드사,C,SC010,유동성
490,200709,0010227,비씨카드㈜,B1,업무용 고정자산,40270000000,신용카드사,C,SC010,유동성
491,200709,0010227,비씨카드㈜,B2,자기자본,231878000000,신용카드사,C,SC010,유동성
492,200712,0010227,비씨카드㈜,A,원화 유동성비율,108.78,신용카드사,C,SC010,유동성
493,200712,0010227,비씨카드㈜,A1,유동성자산,1400010000000,신용카드사,C,SC010,유동성
494,200712,0010227,비씨카드㈜,A2,유동성부채,1286996000000,신용카드사,C,SC010,유동성
495,200712,0010227,비씨카드㈜,B,업무용 고정자산비율,12.54,신용카드사,C,SC010,유동성
496,200712,0010227,비씨카드㈜,B1,업무용 고정자산,40193000000,신용카드사,C,SC010,유동성
497,200712,0010227,비씨카드㈜,B2,자기자본,320404000000,신용카드사,C,SC010,유동성
498,200803,0010227,비씨카드㈜,A,원화 유동성비율,108.45,신용카드사,C,SC010,유동성
499,200803,0010227,비씨카드㈜,A1,유동성자산,2443528000000,신용카드사,C,SC010,유동성
500,200803,0010227,비씨카드㈜,A2,유동성부채,2253077000000,신용카드사,C,SC010,유동성
501,200803,0010227,비씨카드㈜,B,업무용 고정자산비율,9.06,신용카드사,C,SC010,유동성
502,200803,0010227,비씨카드㈜,B1,업무용 고정자산,40553000000,신용카드사,C,SC010,유동성
503,200803,0010227,비씨카드㈜,B2,자기자본,447787000000,신용카드사,C,SC010,유동성
504,200806,0010227,비씨카드㈜,A,원화 유동성비율,112.66,신용카드사,C,SC010,유동성
505,200806,0010227,비씨카드㈜,A1,유동성자산,1478245000000,신용카드사,C,SC010,유동성
506,200806,0010227,비씨카드㈜,A2,유동성부채,1312128000000,신용카드사,C,SC010,유동성
507,200806,0010227,비씨카드㈜,B,업무용 고정자산비율,7.85,신용카드사,C,SC010,유동성
508,200806,0010227,비씨카드㈜,B1,업무용 고정자산,40559000000,신용카드사,C,SC010,유동성
509,200806,0010227,비씨카드㈜,B2,자기자본,516543000000,신용카드사,C,SC010,유동성
510,200809,0010227,비씨카드㈜,A,원화 유동성비율,111.94,신용카드사,C,SC010,유동성
511,200809,0010227,비씨카드㈜,A1,유동성자산,1624730000000,신용카드사,C,SC010,유동성
512,200809,0010227,비씨카드㈜,A2,유동성부채,1451405000000,신용카드사,C,SC010,유동성
513,200809,0010227,비씨카드㈜,B,업무용 고정자산비율,7.56,신용카드사,C,SC010,유동성
514,200809,0010227,비씨카드㈜,B1,업무용 고정자산,39812000000,신용카드사,C,SC010,유동성
515,200809,0010227,비씨카드㈜,B2,자기자본,526683000000,신용카드사,C,SC010,유동성
516,200812,0010227,비씨카드㈜,A,원화 유동성비율,112.3,신용카드사,C,SC010,유동성
517,200812,0010227,비씨카드㈜,A1,유동성자산,1412957000000,신용카드사,C,SC010,유동성
518,200812,0010227,비씨카드㈜,A2,유동성부채,1258194000000,신용카드사,C,SC010,유동성
519,200812,0010227,비씨카드㈜,B,업무용 고정자산비율,20.14,신용카드사,C,SC010,유동성
520,200812,0010227,비씨카드㈜,B1,업무용 고정자산,100452000000,신용카드사,C,SC010,유동성
521,200812,0010227,비씨카드㈜,B2,자기자본,498749000000,신용카드사,C,SC010,유동성
522,200903,0010227,비씨카드㈜,A,원화 유동성비율,106.44,신용카드사,C,SC010,유동성
523,200903,0010227,비씨카드㈜,A1,유동성자산,2837826000000,신용카드사,C,SC010,유동성
524,200903,0010227,비씨카드㈜,A2,유동성부채,2666133000000,신용카드사,C,SC010,유동성
525,200903,0010227,비씨카드㈜,B,업무용 고정자산비율,20.56,신용카드사,C,SC010,유동성
526,200903,0010227,비씨카드㈜,B1,업무용 고정자산,104228000000,신용카드사,C,SC010,유동성
527,200903,0010227,비씨카드㈜,B2,자기자본,506875000000,신용카드사,C,SC010,유동성
528,200906,0010227,비씨카드㈜,A,원화 유동성비율,111.62,신용카드사,C,SC010,유동성
529,200906,0010227,비씨카드㈜,A1,유동성자산,1671127000000,신용카드사,C,SC010,유동성
530,200906,0010227,비씨카드㈜,A2,유동성부채,1497149000000,신용카드사,C,SC010,유동성
531,200906,0010227,비씨카드㈜,B,업무용 고정자산비율,17.79,신용카드사,C,SC010,유동성
532,200906,0010227,비씨카드㈜,B1,업무용 고정자산,102398000000,신용카드사,C,SC010,유동성
533,200906,0010227,비씨카드㈜,B2,자기자본,575621000000,신용카드사,C,SC010,유동성
534,200909,0010227,비씨카드㈜,A,원화 유동성비율,112.89,신용카드사,C,SC010,유동성
535,200909,0010227,비씨카드㈜,A1,유동성자산,1671907000000,신용카드사,C,SC010,유동성
536,200909,0010227,비씨카드㈜,A2,유동성부채,1481006000000,신용카드사,C,SC010,유동성
537,200909,0010227,비씨카드㈜,B,업무용 고정자산비율,16.9,신용카드사,C,SC010,유동성
538,200909,0010227,비씨카드㈜,B1,업무용 고정자산,101908000000,신용카드사,C,SC010,유동성
539,200909,0010227,비씨카드㈜,B2,자기자본,602866000000,신용카드사,C,SC010,유동성
540,200912,0010227,비씨카드㈜,A,원화 유동성비율,113.59,신용카드사,C,SC010,유동성
541,200912,0010227,비씨카드㈜,A1,유동성자산,1427460000000,신용카드사,C,SC010,유동성
542,200912,0010227,비씨카드㈜,A2,유동성부채,1256717000000,신용카드사,C,SC010,유동성
543,200912,0010227,비씨카드㈜,B,업무용 고정자산비율,15.94,신용카드사,C,SC010,유동성
544,200912,0010227,비씨카드㈜,B1,업무용 고정자산,101991000000,신용카드사,C,SC010,유동성
545,200912,0010227,비씨카드㈜,B2,자기자본,639747000000,신용카드사,C,SC010,유동성
546,201003,0010227,비씨카드㈜,A,원화 유동성비율,107.72,신용카드사,C,SC010,유동성
547,201003,0010227,비씨카드㈜,A1,유동성자산,2638861000000,신용카드사,C,SC010,유동성
548,201003,0010227,비씨카드㈜,A2,유동성부채,2449676000000,신용카드사,C,SC010,유동성
549,201003,0010227,비씨카드㈜,B,업무용 고정자산비율,15.36,신용카드사,C,SC010,유동성
550,201003,0010227,비씨카드㈜,B1,업무용 고정자산,101919000000,신용카드사,C,SC010,유동성
551,201003,0010227,비씨카드㈜,B2,자기자본,663448000000,신용카드사,C,SC010,유동성
552,201006,0010227,비씨카드㈜,A,원화 유동성비율,106.33,신용카드사,C,SC010,유동성
553,201006,0010227,비씨카드㈜,A1,유동성자산,1443843000000,신용카드사,C,SC010,유동성
554,201006,0010227,비씨카드㈜,A2,유동성부채,1357948000000,신용카드사,C,SC010,유동성
555,201006,0010227,비씨카드㈜,B,업무용 고정자산비율,19.21,신용카드사,C,SC010,유동성
556,201006,0010227,비씨카드㈜,B1,업무용 고정자산,102066000000,신용카드사,C,SC010,유동성
557,201006,0010227,비씨카드㈜,B2,자기자본,531283000000,신용카드사,C,SC010,유동성
558,201009,0010227,비씨카드㈜,A,원화 유동성비율,110.34,신용카드사,C,SC010,유동성
559,201009,0010227,비씨카드㈜,A1,유동성자산,1381748000000,신용카드사,C,SC010,유동성
560,201009,0010227,비씨카드㈜,A2,유동성부채,1252319000000,신용카드사,C,SC010,유동성
561,201009,0010227,비씨카드㈜,B,업무용 고정자산비율,18.59,신용카드사,C,SC010,유동성
562,201009,0010227,비씨카드㈜,B1,업무용 고정자산,101783000000,신용카드사,C,SC010,유동성
563,201009,0010227,비씨카드㈜,B2,자기자본,547543000000,신용카드사,C,SC010,유동성
564,201012,0010227,비씨카드㈜,A,원화 유동성비율,114.78,신용카드사,C,SC010,유동성
565,201012,0010227,비씨카드㈜,A1,유동성자산,1301994000000,신용카드사,C,SC010,유동성
566,201012,0010227,비씨카드㈜,A2,유동성부채,1134366000000,신용카드사,C,SC010,유동성
567,201012,0010227,비씨카드㈜,B,업무용 고정자산비율,22.5,신용카드사,C,SC010,유동성
568,201012,0010227,비씨카드㈜,B1,업무용 고정자산,101933000000,신용카드사,C,SC010,유동성
569,201012,0010227,비씨카드㈜,B2,자기자본,453049000000,신용카드사,C,SC010,유동성
570,201103,0010227,비씨카드㈜,A,원화 유동성비율,111.34,신용카드사,C,SC010,유동성
571,201103,0010227,비씨카드㈜,A1,원화 유동성비율_유동성자산,1775646000000,신용카드사,C,SC010,유동성
572,201103,0010227,비씨카드㈜,A2,원화 유동성비율_유동성부채,1594767000000,신용카드사,C,SC010,유동성
573,201103,0010227,비씨카드㈜,B,업무용 유형자산비율,26.68,신용카드사,C,SC010,유동성
574,201103,0010227,비씨카드㈜,B1,업무용 유형자산비율_업무용 유형자산,130451000000,신용카드사,C,SC010,유동성
575,201103,0010227,비씨카드㈜,B2,업무용 유형자산비율_자기자본,489025000000,신용카드사,C,SC010,유동성
576,201106,0010227,비씨카드㈜,A,원화 유동성비율,115.84,신용카드사,C,SC010,유동성
577,201106,0010227,비씨카드㈜,A1,원화 유동성비율_유동성자산,1271795000000,신용카드사,C,SC010,유동성
578,201106,0010227,비씨카드㈜,A2,원화 유동성비율_유동성부채,1097843000000,신용카드사,C,SC010,유동성
579,201106,0010227,비씨카드㈜,B,업무용 유형자산비율,25.92,신용카드사,C,SC010,유동성
580,201106,0010227,비씨카드㈜,B1,업무용 유형자산비율_업무용 유형자산,136573000000,신용카드사,C,SC010,유동성
581,201106,0010227,비씨카드㈜,B2,업무용 유형자산비율_자기자본,526805000000,신용카드사,C,SC010,유동성
582,201109,0010227,비씨카드㈜,A,원화 유동성비율,128.38,신용카드사,C,SC010,유동성
583,201109,0010227,비씨카드㈜,A1,원화 유동성비율_유동성자산,1433857000000,신용카드사,C,SC010,유동성
584,201109,0010227,비씨카드㈜,A2,원화 유동성비율_유동성부채,1116878000000,신용카드사,C,SC010,유동성
585,201109,0010227,비씨카드㈜,B,업무용 유형자산비율,24.24,신용카드사,C,SC010,유동성
586,201109,0010227,비씨카드㈜,B1,업무용 유형자산비율_업무용 유형자산,130976000000,신용카드사,C,SC010,유동성
587,201109,0010227,비씨카드㈜,B2,업무용 유형자산비율_자기자본,540303000000,신용카드사,C,SC010,유동성
588,201112,0010227,비씨카드㈜,A,원화 유동성비율,114.16,신용카드사,C,SC010,유동성
589,201112,0010227,비씨카드㈜,A1,원화 유동성비율_유동성자산,1316363000000,신용카드사,C,SC010,유동성
590,201112,0010227,비씨카드㈜,A2,원화 유동성비율_유동성부채,1153074000000,신용카드사,C,SC010,유동성
591,201112,0010227,비씨카드㈜,B,업무용 유형자산비율,26.59,신용카드사,C,SC010,유동성
592,201112,0010227,비씨카드㈜,B1,업무용 유형자산비율_업무용 유형자산,132337000000,신용카드사,C,SC010,유동성
593,201112,0010227,비씨카드㈜,B2,업무용 유형자산비율_자기자본,497607000000,신용카드사,C,SC010,유동성
594,201203,0010227,비씨카드㈜,A,원화 유동성비율,112.24,신용카드사,C,SC010,유동성
595,201203,0010227,비씨카드㈜,A1,원화 유동성비율_유동성자산,1743617000000,신용카드사,C,SC010,유동성
596,201203,0010227,비씨카드㈜,A2,원화 유동성비율_유동성부채,1553502000000,신용카드사,C,SC010,유동성
597,201203,0010227,비씨카드㈜,B,업무용 유형자산비율,25.1,신용카드사,C,SC010,유동성
598,201203,0010227,비씨카드㈜,B1,업무용 유형자산비율_업무용 유형자산,131153000000,신용카드사,C,SC010,유동성
599,201203,0010227,비씨카드㈜,B2,업무용 유형자산비율_자기자본,522439000000,신용카드사,C,SC010,유동성
600,201206,0010227,비씨카드㈜,A,원화 유동성비율,108.4,신용카드사,C,SC010,유동성
601,201206,0010227,비씨카드㈜,A1,원화 유동성비율_유동성자산,1425400000000,신용카드사,C,SC010,유동성
602,201206,0010227,비씨카드㈜,A2,원화 유동성비율_유동성부채,1314915000000,신용카드사,C,SC010,유동성
603,201206,0010227,비씨카드㈜,B,업무용 유형자산비율,23.11,신용카드사,C,SC010,유동성
604,201206,0010227,비씨카드㈜,B1,업무용 유형자산비율_업무용 유형자산,130255000000,신용카드사,C,SC010,유동성
605,201206,0010227,비씨카드㈜,B2,업무용 유형자산비율_자기자본,563533000000,신용카드사,C,SC010,유동성
606,201209,0010227,비씨카드㈜,A,원화 유동성비율,106.77,신용카드사,C,SC010,유동성
607,201209,0010227,비씨카드㈜,A1,원화 유동성비율_유동성자산,2028281000000,신용카드사,C,SC010,유동성
608,201209,0010227,비씨카드㈜,A2,원화 유동성비율_유동성부채,1899761000000,신용카드사,C,SC010,유동성
609,201209,0010227,비씨카드㈜,B,업무용 유형자산비율,22.13,신용카드사,C,SC010,유동성
610,201209,0010227,비씨카드㈜,B1,업무용 유형자산비율_업무용 유형자산,129853000000,신용카드사,C,SC010,유동성
611,201209,0010227,비씨카드㈜,B2,업무용 유형자산비율_자기자본,586838000000,신용카드사,C,SC010,유동성
612,201212,0010227,비씨카드㈜,A,원화 유동성비율,105.68,신용카드사,C,SC010,유동성
613,201212,0010227,비씨카드㈜,A1,원화 유동성비율_유동성자산,1792439000000,신용카드사,C,SC010,유동성
614,201212,0010227,비씨카드㈜,A2,원화 유동성비율_유동성부채,1696057000000,신용카드사,C,SC010,유동성
615,201212,0010227,비씨카드㈜,B,업무용 유형자산비율,18.57,신용카드사,C,SC010,유동성
616,201212,0010227,비씨카드㈜,B1,업무용 유형자산비율_업무용 유형자산,110011000000,신용카드사,C,SC010,유동성
617,201212,0010227,비씨카드㈜,B2,업무용 유형자산비율_자기자본,592291000000,신용카드사,C,SC010,유동성
618,201303,0010227,비씨카드㈜,A,원화 유동성비율,111.93,신용카드사,C,SC010,유동성
619,201303,0010227,비씨카드㈜,A1,원화 유동성비율_유동성자산,2075012000000,신용카드사,C,SC010,유동성
620,201303,0010227,비씨카드㈜,A2,원화 유동성비율_유동성부채,1853862000000,신용카드사,C,SC010,유동성
621,201303,0010227,비씨카드㈜,B,업무용 유형자산비율,15.96,신용카드사,C,SC010,유동성
622,201303,0010227,비씨카드㈜,B1,업무용 유형자산비율_업무용 유형자산,98498000000,신용카드사,C,SC010,유동성
623,201303,0010227,비씨카드㈜,B2,업무용 유형자산비율_자기자본,617079000000,신용카드사,C,SC010,유동성
624,201306,0010227,비씨카드㈜,A,원화 유동성비율,116.31,신용카드사,C,SC010,유동성
625,201306,0010227,비씨카드㈜,A1,원화 유동성비율_유동성자산,2026479000000,신용카드사,C,SC010,유동성
626,201306,0010227,비씨카드㈜,A2,원화 유동성비율_유동성부채,1742382000000,신용카드사,C,SC010,유동성
627,201306,0010227,비씨카드㈜,B,업무용 유형자산비율,14.44,신용카드사,C,SC010,유동성
628,201306,0010227,비씨카드㈜,B1,업무용 유형자산비율_업무용 유형자산,95883000000,신용카드사,C,SC010,유동성
629,201306,0010227,비씨카드㈜,B2,업무용 유형자산비율_자기자본,663947000000,신용카드사,C,SC010,유동성
630,201309,0010227,비씨카드㈜,A,원화 유동성비율,116.36,신용카드사,C,SC010,유동성
631,201309,0010227,비씨카드㈜,A1,원화 유동성비율_유동성자산,2212328000000,신용카드사,C,SC010,유동성
632,201309,0010227,비씨카드㈜,A2,원화 유동성비율_유동성부채,1901277000000,신용카드사,C,SC010,유동성
633,201309,0010227,비씨카드㈜,B,업무용 유형자산비율,13.6,신용카드사,C,SC010,유동성
634,201309,0010227,비씨카드㈜,B1,업무용 유형자산비율_업무용 유형자산,95591000000,신용카드사,C,SC010,유동성
635,201309,0010227,비씨카드㈜,B2,업무용 유형자산비율_자기자본,702631000000,신용카드사,C,SC010,유동성
636,201312,0010227,비씨카드㈜,A,원화 유동성비율,117.05,신용카드사,C,SC010,유동성
637,201312,0010227,비씨카드㈜,A1,원화 유동성비율_유동성자산,2292357000000,신용카드사,C,SC010,유동성
638,201312,0010227,비씨카드㈜,A2,원화 유동성비율_유동성부채,1958506000000,신용카드사,C,SC010,유동성
639,201312,0010227,비씨카드㈜,B,업무용 유형자산비율,13.18,신용카드사,C,SC010,유동성
640,201312,0010227,비씨카드㈜,B1,업무용 유형자산비율_업무용 유형자산,97236000000,신용카드사,C,SC010,유동성
641,201312,0010227,비씨카드㈜,B2,업무용 유형자산비율_자기자본,737762000000,신용카드사,C,SC010,유동성
642,201403,0010227,비씨카드㈜,A,원화 유동성비율,115.37,신용카드사,C,SC010,유동성
643,201403,0010227,비씨카드㈜,A1,원화 유동성비율_유동성자산,2733980000000,신용카드사,C,SC010,유동성
644,201403,0010227,비씨카드㈜,A2,원화 유동성비율_유동성부채,2369656000000,신용카드사,C,SC010,유동성
645,201403,0010227,비씨카드㈜,B,업무용 유형자산비율,13.51,신용카드사,C,SC010,유동성
646,201403,0010227,비씨카드㈜,B1,업무용 유형자산비율_업무용 유형자산,97469000000,신용카드사,C,SC010,유동성
647,201403,0010227,비씨카드㈜,B2,업무용 유형자산비율_자기자본,721514000000,신용카드사,C,SC010,유동성
648,201406,0010227,비씨카드㈜,A,원화 유동성비율,120.64,신용카드사,C,SC010,유동성
649,201406,0010227,비씨카드㈜,A1,원화 유동성비율_유동성자산,2207737000000,신용카드사,C,SC010,유동성
650,201406,0010227,비씨카드㈜,A2,원화 유동성비율_유동성부채,1830086000000,신용카드사,C,SC010,유동성
651,201406,0010227,비씨카드㈜,B,업무용 유형자산비율,12.4,신용카드사,C,SC010,유동성
652,201406,0010227,비씨카드㈜,B1,업무용 유형자산비율_업무용 유형자산,93610000000,신용카드사,C,SC010,유동성
653,201406,0010227,비씨카드㈜,B2,업무용 유형자산비율_자기자본,754760000000,신용카드사,C,SC010,유동성
654,201409,0010227,비씨카드㈜,A,원화 유동성비율,121.31,신용카드사,C,SC010,유동성
655,201409,0010227,비씨카드㈜,A1,원화 유동성비율_유동성자산,2470581000000,신용카드사,C,SC010,유동성
656,201409,0010227,비씨카드㈜,A2,원화 유동성비율_유동성부채,2036573000000,신용카드사,C,SC010,유동성
657,201409,0010227,비씨카드㈜,B,업무용 유형자산비율,11.66,신용카드사,C,SC010,유동성
658,201409,0010227,비씨카드㈜,B1,업무용 유형자산비율_업무용 유형자산,93755000000,신용카드사,C,SC010,유동성
659,201409,0010227,비씨카드㈜,B2,업무용 유형자산비율_자기자본,803818000000,신용카드사,C,SC010,유동성
660,201412,0010227,비씨카드㈜,A,원화 유동성비율,123.54,신용카드사,C,SC010,유동성
661,201412,0010227,비씨카드㈜,A1,원화 유동성비율_유동성자산,1946467000000,신용카드사,C,SC010,유동성
662,201412,0010227,비씨카드㈜,A2,원화 유동성비율_유동성부채,1575551000000,신용카드사,C,SC010,유동성
663,201412,0010227,비씨카드㈜,B,업무용 유형자산비율,10.99,신용카드사,C,SC010,유동성
664,201412,0010227,비씨카드㈜,B1,업무용 유형자산비율_업무용 유형자산,93261000000,신용카드사,C,SC010,유동성
665,201412,0010227,비씨카드㈜,B2,업무용 유형자산비율_자기자본,848568000000,신용카드사,C,SC010,유동성
666,201503,0010227,비씨카드㈜,A,원화 유동성비율,118.43,신용카드사,C,SC010,유동성
667,201503,0010227,비씨카드㈜,A1,원화 유동성비율_유동성자산,2733557000000,신용카드사,C,SC010,유동성
668,201503,0010227,비씨카드㈜,A2,원화 유동성비율_유동성부채,2308222000000,신용카드사,C,SC010,유동성
669,201503,0010227,비씨카드㈜,B,업무용 유형자산비율,11.62,신용카드사,C,SC010,유동성
670,201503,0010227,비씨카드㈜,B1,업무용 유형자산비율_업무용 유형자산,93362000000,신용카드사,C,SC010,유동성
671,201503,0010227,비씨카드㈜,B2,업무용 유형자산비율_자기자본,803478000000,신용카드사,C,SC010,유동성
672,201506,0010227,비씨카드㈜,A,원화 유동성비율,119.35,신용카드사,C,SC010,유동성
673,201506,0010227,비씨카드㈜,A1,원화 유동성비율_유동성자산,2278553000000,신용카드사,C,SC010,유동성
674,201506,0010227,비씨카드㈜,A2,원화 유동성비율_유동성부채,1909071000000,신용카드사,C,SC010,유동성
675,201506,0010227,비씨카드㈜,B,업무용 유형자산비율,10.77,신용카드사,C,SC010,유동성
676,201506,0010227,비씨카드㈜,B1,업무용 유형자산비율_업무용 유형자산,92374000000,신용카드사,C,SC010,유동성
677,201506,0010227,비씨카드㈜,B2,업무용 유형자산비율_자기자본,857535000000,신용카드사,C,SC010,유동성
678,201509,0010227,비씨카드㈜,A,원화 유동성비율,113.04,신용카드사,C,SC010,유동성
679,201509,0010227,비씨카드㈜,A1,원화 유동성비율_유동성자산,4370883000000,신용카드사,C,SC010,유동성
680,201509,0010227,비씨카드㈜,A2,원화 유동성비율_유동성부채,3866536000000,신용카드사,C,SC010,유동성
681,201509,0010227,비씨카드㈜,B,업무용 유형자산비율,10.66,신용카드사,C,SC010,유동성
682,201509,0010227,비씨카드㈜,B1,업무용 유형자산비율_업무용 유형자산,93868000000,신용카드사,C,SC010,유동성
683,201509,0010227,비씨카드㈜,B2,업무용 유형자산비율_자기자본,880718000000,신용카드사,C,SC010,유동성
684,201512,0010227,비씨카드㈜,A,원화 유동성비율,128.87,신용카드사,C,SC010,유동성
685,201512,0010227,비씨카드㈜,A1,원화 유동성비율_유동성자산,2261283000000,신용카드사,C,SC010,유동성
686,201512,0010227,비씨카드㈜,A2,원화 유동성비율_유동성부채,1754633000000,신용카드사,C,SC010,유동성
687,201512,0010227,비씨카드㈜,B,업무용 유형자산비율,9.72,신용카드사,C,SC010,유동성
688,201512,0010227,비씨카드㈜,B1,업무용 유형자산비율_업무용 유형자산,91658000000,신용카드사,C,SC010,유동성
689,201512,0010227,비씨카드㈜,B2,업무용 유형자산비율_자기자본,942679000000,신용카드사,C,SC010,유동성
690,201603,0010227,비씨카드㈜,A,원화 유동성비율,125.18,신용카드사,C,SC010,유동성
691,201603,0010227,비씨카드㈜,A1,원화 유동성비율_유동성자산,2862045000000,신용카드사,C,SC010,유동성
692,201603,0010227,비씨카드㈜,A2,원화 유동성비율_유동성부채,2286271000000,신용카드사,C,SC010,유동성
693,201603,0010227,비씨카드㈜,B,업무용 유형자산비율,10.77,신용카드사,C,SC010,유동성
694,201603,0010227,비씨카드㈜,B1,업무용 유형자산비율_업무용 유형자산,91529000000,신용카드사,C,SC010,유동성
695,201603,0010227,비씨카드㈜,B2,업무용 유형자산비율_자기자본,850131000000,신용카드사,C,SC010,유동성
696,201606,0010227,비씨카드㈜,A,원화 유동성비율,128.28,신용카드사,C,SC010,유동성
697,201606,0010227,비씨카드㈜,A1,원화 유동성비율_유동성자산,2114120000000,신용카드사,C,SC010,유동성
698,201606,0010227,비씨카드㈜,A2,원화 유동성비율_유동성부채,1648044000000,신용카드사,C,SC010,유동성
699,201606,0010227,비씨카드㈜,B,업무용 유형자산비율,10.26,신용카드사,C,SC010,유동성
700,201606,0010227,비씨카드㈜,B1,업무용 유형자산비율_업무용 유형자산,91189000000,신용카드사,C,SC010,유동성
701,201606,0010227,비씨카드㈜,B2,업무용 유형자산비율_자기자본,888896000000,신용카드사,C,SC010,유동성
702,201609,0010227,비씨카드㈜,A,원화 유동성비율,127.44,신용카드사,C,SC010,유동성
703,201609,0010227,비씨카드㈜,A1,원화 유동성비율_유동성자산,2923047000000,신용카드사,C,SC010,유동성
704,201609,0010227,비씨카드㈜,A2,원화 유동성비율_유동성부채,2293607000000,신용카드사,C,SC010,유동성
705,201609,0010227,비씨카드㈜,B,업무용 유형자산비율,9.78,신용카드사,C,SC010,유동성
706,201609,0010227,비씨카드㈜,B1,업무용 유형자산비율_업무용 유형자산,91374000000,신용카드사,C,SC010,유동성
707,201609,0010227,비씨카드㈜,B2,업무용 유형자산비율_자기자본,934511000000,신용카드사,C,SC010,유동성
708,201612,0010227,비씨카드㈜,A,원화 유동성비율,123.37,신용카드사,C,SC010,유동성
709,201612,0010227,비씨카드㈜,A1,원화 유동성비율_유동성자산,2875378000000,신용카드사,C,SC010,유동성
710,201612,0010227,비씨카드㈜,A2,원화 유동성비율_유동성부채,2330603000000,신용카드사,C,SC010,유동성
711,201612,0010227,비씨카드㈜,B,업무용 유형자산비율,9.46,신용카드사,C,SC010,유동성
712,201612,0010227,비씨카드㈜,B1,업무용 유형자산비율_업무용 유형자산,89810000000,신용카드사,C,SC010,유동성
713,201612,0010227,비씨카드㈜,B2,업무용 유형자산비율_자기자본,949808000000,신용카드사,C,SC010,유동성
714,200703,0010228,삼성카드㈜,A,원화 유동성비율,170.68,신용카드사,C,SC010,유동성
715,200703,0010228,삼성카드㈜,A1,유동성자산,3525955000000,신용카드사,C,SC010,유동성
716,200703,0010228,삼성카드㈜,A2,유동성부채,2065802000000,신용카드사,C,SC010,유동성
717,200703,0010228,삼성카드㈜,B,업무용 고정자산비율,2.22,신용카드사,C,SC010,유동성
718,200703,0010228,삼성카드㈜,B1,업무용 고정자산,42578000000,신용카드사,C,SC010,유동성
719,200703,0010228,삼성카드㈜,B2,자기자본,1913670000000,신용카드사,C,SC010,유동성
720,200706,0010228,삼성카드㈜,A,원화 유동성비율,205.01,신용카드사,C,SC010,유동성
721,200706,0010228,삼성카드㈜,A1,유동성자산,3195480000000,신용카드사,C,SC010,유동성
722,200706,0010228,삼성카드㈜,A2,유동성부채,1558709000000,신용카드사,C,SC010,유동성
723,200706,0010228,삼성카드㈜,B,업무용 고정자산비율,1.4,신용카드사,C,SC010,유동성
724,200706,0010228,삼성카드㈜,B1,업무용 고정자산,42085000000,신용카드사,C,SC010,유동성
725,200706,0010228,삼성카드㈜,B2,자기자본,3000779000000,신용카드사,C,SC010,유동성
726,200709,0010228,삼성카드㈜,A,원화 유동성비율,177.54,신용카드사,C,SC010,유동성
727,200709,0010228,삼성카드㈜,A1,유동성자산,3621468000000,신용카드사,C,SC010,유동성
728,200709,0010228,삼성카드㈜,A2,유동성부채,2039754000000,신용카드사,C,SC010,유동성
729,200709,0010228,삼성카드㈜,B,업무용 고정자산비율,1.34,신용카드사,C,SC010,유동성
730,200709,0010228,삼성카드㈜,B1,업무용 고정자산,44891000000,신용카드사,C,SC010,유동성
731,200709,0010228,삼성카드㈜,B2,자기자본,3349067000000,신용카드사,C,SC010,유동성
732,200712,0010228,삼성카드㈜,A,원화 유동성비율,229.89,신용카드사,C,SC010,유동성
733,200712,0010228,삼성카드㈜,A1,유동성자산,3628410000000,신용카드사,C,SC010,유동성
734,200712,0010228,삼성카드㈜,A2,유동성부채,1578295000000,신용카드사,C,SC010,유동성
735,200712,0010228,삼성카드㈜,B,업무용 고정자산비율,1.21,신용카드사,C,SC010,유동성
736,200712,0010228,삼성카드㈜,B1,업무용 고정자산,43631000000,신용카드사,C,SC010,유동성
737,200712,0010228,삼성카드㈜,B2,자기자본,3599050000000,신용카드사,C,SC010,유동성
738,200803,0010228,삼성카드㈜,A,원화 유동성비율,159.35,신용카드사,C,SC010,유동성
739,200803,0010228,삼성카드㈜,A1,유동성자산,4056896000000,신용카드사,C,SC010,유동성
740,200803,0010228,삼성카드㈜,A2,유동성부채,2545846000000,신용카드사,C,SC010,유동성
741,200803,0010228,삼성카드㈜,B,업무용 고정자산비율,1.25,신용카드사,C,SC010,유동성
742,200803,0010228,삼성카드㈜,B1,업무용 고정자산,43473000000,신용카드사,C,SC010,유동성
743,200803,0010228,삼성카드㈜,B2,자기자본,3478332000000,신용카드사,C,SC010,유동성
744,200806,0010228,삼성카드㈜,A,원화 유동성비율,193.07,신용카드사,C,SC010,유동성
745,200806,0010228,삼성카드㈜,A1,유동성자산,4126748000000,신용카드사,C,SC010,유동성
746,200806,0010228,삼성카드㈜,A2,유동성부채,2137431000000,신용카드사,C,SC010,유동성
747,200806,0010228,삼성카드㈜,B,업무용 고정자산비율,1.11,신용카드사,C,SC010,유동성
748,200806,0010228,삼성카드㈜,B1,업무용 고정자산,43214000000,신용카드사,C,SC010,유동성
749,200806,0010228,삼성카드㈜,B2,자기자본,3898404000000,신용카드사,C,SC010,유동성
750,200809,0010228,삼성카드㈜,A,원화 유동성비율,204.12,신용카드사,C,SC010,유동성
751,200809,0010228,삼성카드㈜,A1,유동성자산,4715319000000,신용카드사,C,SC010,유동성
752,200809,0010228,삼성카드㈜,A2,유동성부채,2310077000000,신용카드사,C,SC010,유동성
753,200809,0010228,삼성카드㈜,B,업무용 고정자산비율,1.06,신용카드사,C,SC010,유동성
754,200809,0010228,삼성카드㈜,B1,업무용 고정자산,42424000000,신용카드사,C,SC010,유동성
755,200809,0010228,삼성카드㈜,B2,자기자본,3986371000000,신용카드사,C,SC010,유동성
756,200812,0010228,삼성카드㈜,A,원화 유동성비율,302.37,신용카드사,C,SC010,유동성
757,200812,0010228,삼성카드㈜,A1,유동성자산,6146054000000,신용카드사,C,SC010,유동성
758,200812,0010228,삼성카드㈜,A2,유동성부채,2032616000000,신용카드사,C,SC010,유동성
759,200812,0010228,삼성카드㈜,B,업무용 고정자산비율,1.12,신용카드사,C,SC010,유동성
760,200812,0010228,삼성카드㈜,B1,업무용 고정자산,42320000000,신용카드사,C,SC010,유동성
761,200812,0010228,삼성카드㈜,B2,자기자본,3769034000000,신용카드사,C,SC010,유동성
762,200903,0010228,삼성카드㈜,A,원화 유동성비율,259.51,신용카드사,C,SC010,유동성
763,200903,0010228,삼성카드㈜,A1,유동성자산,5735597000000,신용카드사,C,SC010,유동성
764,200903,0010228,삼성카드㈜,A2,유동성부채,2210140000000,신용카드사,C,SC010,유동성
765,200903,0010228,삼성카드㈜,B,업무용 고정자산비율,1.09,신용카드사,C,SC010,유동성
766,200903,0010228,삼성카드㈜,B1,업무용 고정자산,41169000000,신용카드사,C,SC010,유동성
767,200903,0010228,삼성카드㈜,B2,자기자본,3779933000000,신용카드사,C,SC010,유동성
768,200906,0010228,삼성카드㈜,A,원화 유동성비율,372.39,신용카드사,C,SC010,유동성
769,200906,0010228,삼성카드㈜,A1,유동성자산,5339651000000,신용카드사,C,SC010,유동성
770,200906,0010228,삼성카드㈜,A2,유동성부채,1433878000000,신용카드사,C,SC010,유동성
771,200906,0010228,삼성카드㈜,B,업무용 고정자산비율,.88,신용카드사,C,SC010,유동성
772,200906,0010228,삼성카드㈜,B1,업무용 고정자산,36286000000,신용카드사,C,SC010,유동성
773,200906,0010228,삼성카드㈜,B2,자기자본,4115008000000,신용카드사,C,SC010,유동성
774,200909,0010228,삼성카드㈜,A,원화 유동성비율,284.12,신용카드사,C,SC010,유동성
775,200909,0010228,삼성카드㈜,A1,유동성자산,4766387000000,신용카드사,C,SC010,유동성
776,200909,0010228,삼성카드㈜,A2,유동성부채,1677603000000,신용카드사,C,SC010,유동성
777,200909,0010228,삼성카드㈜,B,업무용 고정자산비율,.9,신용카드사,C,SC010,유동성
778,200909,0010228,삼성카드㈜,B1,업무용 고정자산,39130000000,신용카드사,C,SC010,유동성
779,200909,0010228,삼성카드㈜,B2,자기자본,4364972000000,신용카드사,C,SC010,유동성
780,200912,0010228,삼성카드㈜,A,원화 유동성비율,283.33,신용카드사,C,SC010,유동성
781,200912,0010228,삼성카드㈜,A1,유동성자산,4617250000000,신용카드사,C,SC010,유동성
782,200912,0010228,삼성카드㈜,A2,유동성부채,1629610000000,신용카드사,C,SC010,유동성
783,200912,0010228,삼성카드㈜,B,업무용 고정자산비율,1.02,신용카드사,C,SC010,유동성
784,200912,0010228,삼성카드㈜,B1,업무용 고정자산,44931000000,신용카드사,C,SC010,유동성
785,200912,0010228,삼성카드㈜,B2,자기자본,4425557000000,신용카드사,C,SC010,유동성
786,201003,0010228,삼성카드㈜,A,원화 유동성비율,221.21,신용카드사,C,SC010,유동성
787,201003,0010228,삼성카드㈜,A1,유동성자산,5216213000000,신용카드사,C,SC010,유동성
788,201003,0010228,삼성카드㈜,A2,유동성부채,2358028000000,신용카드사,C,SC010,유동성
789,201003,0010228,삼성카드㈜,B,업무용 고정자산비율,1.06,신용카드사,C,SC010,유동성
790,201003,0010228,삼성카드㈜,B1,업무용 고정자산,46600000000,신용카드사,C,SC010,유동성
791,201003,0010228,삼성카드㈜,B2,자기자본,4383800000000,신용카드사,C,SC010,유동성
792,201006,0010228,삼성카드㈜,A,원화 유동성비율,271.97,신용카드사,C,SC010,유동성
793,201006,0010228,삼성카드㈜,A1,유동성자산,5117571000000,신용카드사,C,SC010,유동성
794,201006,0010228,삼성카드㈜,A2,유동성부채,1881669000000,신용카드사,C,SC010,유동성
795,201006,0010228,삼성카드㈜,B,업무용 고정자산비율,.99,신용카드사,C,SC010,유동성
796,201006,0010228,삼성카드㈜,B1,업무용 고정자산,53634000000,신용카드사,C,SC010,유동성
797,201006,0010228,삼성카드㈜,B2,자기자본,5431419000000,신용카드사,C,SC010,유동성
798,201009,0010228,삼성카드㈜,A,원화 유동성비율,234.64,신용카드사,C,SC010,유동성
799,201009,0010228,삼성카드㈜,A1,유동성자산,4940346000000,신용카드사,C,SC010,유동성
800,201009,0010228,삼성카드㈜,A2,유동성부채,2105543000000,신용카드사,C,SC010,유동성
801,201009,0010228,삼성카드㈜,B,업무용 고정자산비율,.98,신용카드사,C,SC010,유동성
802,201009,0010228,삼성카드㈜,B1,업무용 고정자산,54968000000,신용카드사,C,SC010,유동성
803,201009,0010228,삼성카드㈜,B2,자기자본,5634317000000,신용카드사,C,SC010,유동성
804,201012,0010228,삼성카드㈜,A,원화 유동성비율,309.74,신용카드사,C,SC010,유동성
805,201012,0010228,삼성카드㈜,A1,유동성자산,5109053000000,신용카드사,C,SC010,유동성
806,201012,0010228,삼성카드㈜,A2,유동성부채,1649455000000,신용카드사,C,SC010,유동성
807,201012,0010228,삼성카드㈜,B,업무용 고정자산비율,.65,신용카드사,C,SC010,유동성
808,201012,0010228,삼성카드㈜,B1,업무용 고정자산,39070000000,신용카드사,C,SC010,유동성
809,201012,0010228,삼성카드㈜,B2,자기자본,6044164000000,신용카드사,C,SC010,유동성
810,201103,0010228,삼성카드㈜,A,원화 유동성비율,541.24,신용카드사,C,SC010,유동성
811,201103,0010228,삼성카드㈜,A1,원화 유동성비율_유동성자산,8613305000000,신용카드사,C,SC010,유동성
812,201103,0010228,삼성카드㈜,A2,원화 유동성비율_유동성부채,1591408000000,신용카드사,C,SC010,유동성
813,201103,0010228,삼성카드㈜,B,업무용 유형자산비율,.67,신용카드사,C,SC010,유동성
814,201103,0010228,삼성카드㈜,B1,업무용 유형자산비율_업무용 유형자산,39125000000,신용카드사,C,SC010,유동성
815,201103,0010228,삼성카드㈜,B2,업무용 유형자산비율_자기자본,5821650000000,신용카드사,C,SC010,유동성
816,201106,0010228,삼성카드㈜,A,원화 유동성비율,389.25,신용카드사,C,SC010,유동성
817,201106,0010228,삼성카드㈜,A1,원화 유동성비율_유동성자산,8206984000000,신용카드사,C,SC010,유동성
818,201106,0010228,삼성카드㈜,A2,원화 유동성비율_유동성부채,2108430000000,신용카드사,C,SC010,유동성
819,201106,0010228,삼성카드㈜,B,업무용 유형자산비율,.69,신용카드사,C,SC010,유동성
820,201106,0010228,삼성카드㈜,B1,업무용 유형자산비율_업무용 유형자산,40004000000,신용카드사,C,SC010,유동성
821,201106,0010228,삼성카드㈜,B2,업무용 유형자산비율_자기자본,5829080000000,신용카드사,C,SC010,유동성
822,201109,0010228,삼성카드㈜,A,원화 유동성비율,372.57,신용카드사,C,SC010,유동성
823,201109,0010228,삼성카드㈜,A1,원화 유동성비율_유동성자산,9093687000000,신용카드사,C,SC010,유동성
824,201109,0010228,삼성카드㈜,A2,원화 유동성비율_유동성부채,2440821000000,신용카드사,C,SC010,유동성
825,201109,0010228,삼성카드㈜,B,업무용 유형자산비율,.68,신용카드사,C,SC010,유동성
826,201109,0010228,삼성카드㈜,B1,업무용 유형자산비율_업무용 유형자산,39649000000,신용카드사,C,SC010,유동성
827,201109,0010228,삼성카드㈜,B2,업무용 유형자산비율_자기자본,5842625000000,신용카드사,C,SC010,유동성
828,201112,0010228,삼성카드㈜,A,원화 유동성비율,340.04,신용카드사,C,SC010,유동성
829,201112,0010228,삼성카드㈜,A1,원화 유동성비율_유동성자산,10226865000000,신용카드사,C,SC010,유동성
830,201112,0010228,삼성카드㈜,A2,원화 유동성비율_유동성부채,3007538000000,신용카드사,C,SC010,유동성
831,201112,0010228,삼성카드㈜,B,업무용 유형자산비율,.7,신용카드사,C,SC010,유동성
832,201112,0010228,삼성카드㈜,B1,업무용 유형자산비율_업무용 유형자산,40130000000,신용카드사,C,SC010,유동성
833,201112,0010228,삼성카드㈜,B2,업무용 유형자산비율_자기자본,5747263000000,신용카드사,C,SC010,유동성
834,201203,0010228,삼성카드㈜,A,원화 유동성비율,420.99,신용카드사,C,SC010,유동성
835,201203,0010228,삼성카드㈜,A1,원화 유동성비율_유동성자산,8925857000000,신용카드사,C,SC010,유동성
836,201203,0010228,삼성카드㈜,A2,원화 유동성비율_유동성부채,2120207000000,신용카드사,C,SC010,유동성
837,201203,0010228,삼성카드㈜,B,업무용 유형자산비율,.59,신용카드사,C,SC010,유동성
838,201203,0010228,삼성카드㈜,B1,업무용 유형자산비율_업무용 유형자산,33736000000,신용카드사,C,SC010,유동성
839,201203,0010228,삼성카드㈜,B2,업무용 유형자산비율_자기자본,5692308000000,신용카드사,C,SC010,유동성
840,201206,0010228,삼성카드㈜,A,원화 유동성비율,405.72,신용카드사,C,SC010,유동성
841,201206,0010228,삼성카드㈜,A1,원화 유동성비율_유동성자산,8681611000000,신용카드사,C,SC010,유동성
842,201206,0010228,삼성카드㈜,A2,원화 유동성비율_유동성부채,2139811000000,신용카드사,C,SC010,유동성
843,201206,0010228,삼성카드㈜,B,업무용 유형자산비율,.59,신용카드사,C,SC010,유동성
844,201206,0010228,삼성카드㈜,B1,업무용 유형자산비율_업무용 유형자산,34217000000,신용카드사,C,SC010,유동성
845,201206,0010228,삼성카드㈜,B2,업무용 유형자산비율_자기자본,5788455000000,신용카드사,C,SC010,유동성
846,201209,0010228,삼성카드㈜,A,원화 유동성비율,346.18,신용카드사,C,SC010,유동성
847,201209,0010228,삼성카드㈜,A1,원화 유동성비율_유동성자산,9397133000000,신용카드사,C,SC010,유동성
848,201209,0010228,삼성카드㈜,A2,원화 유동성비율_유동성부채,2714506000000,신용카드사,C,SC010,유동성
849,201209,0010228,삼성카드㈜,B,업무용 유형자산비율,.59,신용카드사,C,SC010,유동성
850,201209,0010228,삼성카드㈜,B1,업무용 유형자산비율_업무용 유형자산,34379000000,신용카드사,C,SC010,유동성
851,201209,0010228,삼성카드㈜,B2,업무용 유형자산비율_자기자본,5825885000000,신용카드사,C,SC010,유동성
852,201212,0010228,삼성카드㈜,A,원화 유동성비율,362.26,신용카드사,C,SC010,유동성
853,201212,0010228,삼성카드㈜,A1,원화 유동성비율_유동성자산,9800259000000,신용카드사,C,SC010,유동성
854,201212,0010228,삼성카드㈜,A2,원화 유동성비율_유동성부채,2705298000000,신용카드사,C,SC010,유동성
855,201212,0010228,삼성카드㈜,B,업무용 유형자산비율,.63,신용카드사,C,SC010,유동성
856,201212,0010228,삼성카드㈜,B1,업무용 유형자산비율_업무용 유형자산,34464000000,신용카드사,C,SC010,유동성
857,201212,0010228,삼성카드㈜,B2,업무용 유형자산비율_자기자본,5441960000000,신용카드사,C,SC010,유동성
858,201303,0010228,삼성카드㈜,A,원화 유동성비율,325.18,신용카드사,C,SC010,유동성
859,201303,0010228,삼성카드㈜,A1,원화 유동성비율_유동성자산,9837808000000,신용카드사,C,SC010,유동성
860,201303,0010228,삼성카드㈜,A2,원화 유동성비율_유동성부채,3025370000000,신용카드사,C,SC010,유동성
861,201303,0010228,삼성카드㈜,B,업무용 유형자산비율,.6,신용카드사,C,SC010,유동성
862,201303,0010228,삼성카드㈜,B1,업무용 유형자산비율_업무용 유형자산,32633000000,신용카드사,C,SC010,유동성
863,201303,0010228,삼성카드㈜,B2,업무용 유형자산비율_자기자본,5448708000000,신용카드사,C,SC010,유동성
864,201306,0010228,삼성카드㈜,A,원화 유동성비율,329.65,신용카드사,C,SC010,유동성
865,201306,0010228,삼성카드㈜,A1,원화 유동성비율_유동성자산,9165630000000,신용카드사,C,SC010,유동성
866,201306,0010228,삼성카드㈜,A2,원화 유동성비율_유동성부채,2780422000000,신용카드사,C,SC010,유동성
867,201306,0010228,삼성카드㈜,B,업무용 유형자산비율,.59,신용카드사,C,SC010,유동성
868,201306,0010228,삼성카드㈜,B1,업무용 유형자산비율_업무용 유형자산,32643000000,신용카드사,C,SC010,유동성
869,201306,0010228,삼성카드㈜,B2,업무용 유형자산비율_자기자본,5543308000000,신용카드사,C,SC010,유동성
870,201309,0010228,삼성카드㈜,A,원화 유동성비율,338.12,신용카드사,C,SC010,유동성
871,201309,0010228,삼성카드㈜,A1,원화 유동성비율_유동성자산,9497617000000,신용카드사,C,SC010,유동성
872,201309,0010228,삼성카드㈜,A2,원화 유동성비율_유동성부채,2808982000000,신용카드사,C,SC010,유동성
873,201309,0010228,삼성카드㈜,B,업무용 유형자산비율,.59,신용카드사,C,SC010,유동성
874,201309,0010228,삼성카드㈜,B1,업무용 유형자산비율_업무용 유형자산,32902000000,신용카드사,C,SC010,유동성
875,201309,0010228,삼성카드㈜,B2,업무용 유형자산비율_자기자본,5620867000000,신용카드사,C,SC010,유동성
876,201312,0010228,삼성카드㈜,A,원화 유동성비율,339.18,신용카드사,C,SC010,유동성
877,201312,0010228,삼성카드㈜,A1,원화 유동성비율_유동성자산,9738585000000,신용카드사,C,SC010,유동성
878,201312,0010228,삼성카드㈜,A2,원화 유동성비율_유동성부채,2871187000000,신용카드사,C,SC010,유동성
879,201312,0010228,삼성카드㈜,B,업무용 유형자산비율,.58,신용카드사,C,SC010,유동성
880,201312,0010228,삼성카드㈜,B1,업무용 유형자산비율_업무용 유형자산,33028000000,신용카드사,C,SC010,유동성
881,201312,0010228,삼성카드㈜,B2,업무용 유형자산비율_자기자본,5710425000000,신용카드사,C,SC010,유동성
882,201403,0010228,삼성카드㈜,A,원화 유동성비율,333.13,신용카드사,C,SC010,유동성
883,201403,0010228,삼성카드㈜,A1,원화 유동성비율_유동성자산,9789551000000,신용카드사,C,SC010,유동성
884,201403,0010228,삼성카드㈜,A2,원화 유동성비율_유동성부채,2938665000000,신용카드사,C,SC010,유동성
885,201403,0010228,삼성카드㈜,B,업무용 유형자산비율,.49,신용카드사,C,SC010,유동성
886,201403,0010228,삼성카드㈜,B1,업무용 유형자산비율_업무용 유형자산,28154000000,신용카드사,C,SC010,유동성
887,201403,0010228,삼성카드㈜,B2,업무용 유형자산비율_자기자본,5691482000000,신용카드사,C,SC010,유동성
888,201406,0010228,삼성카드㈜,A,원화 유동성비율,325.16,신용카드사,C,SC010,유동성
889,201406,0010228,삼성카드㈜,A1,원화 유동성비율_유동성자산,9873332000000,신용카드사,C,SC010,유동성
890,201406,0010228,삼성카드㈜,A2,원화 유동성비율_유동성부채,3036491000000,신용카드사,C,SC010,유동성
891,201406,0010228,삼성카드㈜,B,업무용 유형자산비율,.53,신용카드사,C,SC010,유동성
892,201406,0010228,삼성카드㈜,B1,업무용 유형자산비율_업무용 유형자산,30391000000,신용카드사,C,SC010,유동성
893,201406,0010228,삼성카드㈜,B2,업무용 유형자산비율_자기자본,5709663000000,신용카드사,C,SC010,유동성
894,201409,0010228,삼성카드㈜,A,원화 유동성비율,359.76,신용카드사,C,SC010,유동성
895,201409,0010228,삼성카드㈜,A1,원화 유동성비율_유동성자산,10488581640000,신용카드사,C,SC010,유동성
896,201409,0010228,삼성카드㈜,A2,원화 유동성비율_유동성부채,2915412550000,신용카드사,C,SC010,유동성
897,201409,0010228,삼성카드㈜,B,업무용 유형자산비율,.52,신용카드사,C,SC010,유동성
898,201409,0010228,삼성카드㈜,B1,업무용 유형자산비율_업무용 유형자산,30274270000,신용카드사,C,SC010,유동성
899,201409,0010228,삼성카드㈜,B2,업무용 유형자산비율_자기자본,5801298720000,신용카드사,C,SC010,유동성
900,201412,0010228,삼성카드㈜,A,원화 유동성비율,333.41,신용카드사,C,SC010,유동성
901,201412,0010228,삼성카드㈜,A1,원화 유동성비율_유동성자산,10318474000000,신용카드사,C,SC010,유동성
902,201412,0010228,삼성카드㈜,A2,원화 유동성비율_유동성부채,3094848000000,신용카드사,C,SC010,유동성
903,201412,0010228,삼성카드㈜,B,업무용 유형자산비율,.48,신용카드사,C,SC010,유동성
904,201412,0010228,삼성카드㈜,B1,업무용 유형자산비율_업무용 유형자산,28126000000,신용카드사,C,SC010,유동성
905,201412,0010228,삼성카드㈜,B2,업무용 유형자산비율_자기자본,5877367000000,신용카드사,C,SC010,유동성
906,201503,0010228,삼성카드㈜,A,원화 유동성비율,331.18,신용카드사,C,SC010,유동성
907,201503,0010228,삼성카드㈜,A1,원화 유동성비율_유동성자산,10261625560000,신용카드사,C,SC010,유동성
908,201503,0010228,삼성카드㈜,A2,원화 유동성비율_유동성부채,3098488020000,신용카드사,C,SC010,유동성
909,201503,0010228,삼성카드㈜,B,업무용 유형자산비율,.47,신용카드사,C,SC010,유동성
910,201503,0010228,삼성카드㈜,B1,업무용 유형자산비율_업무용 유형자산,27667960000,신용카드사,C,SC010,유동성
911,201503,0010228,삼성카드㈜,B2,업무용 유형자산비율_자기자본,5905727770000,신용카드사,C,SC010,유동성
912,201506,0010228,삼성카드㈜,A,원화 유동성비율,332.59,신용카드사,C,SC010,유동성
913,201506,0010228,삼성카드㈜,A1,원화 유동성비율_유동성자산,9936502940000,신용카드사,C,SC010,유동성
914,201506,0010228,삼성카드㈜,A2,원화 유동성비율_유동성부채,2987586680000,신용카드사,C,SC010,유동성
915,201506,0010228,삼성카드㈜,B,업무용 유형자산비율,.45,신용카드사,C,SC010,유동성
916,201506,0010228,삼성카드㈜,B1,업무용 유형자산비율_업무용 유형자산,26596360000,신용카드사,C,SC010,유동성
917,201506,0010228,삼성카드㈜,B2,업무용 유형자산비율_자기자본,5972972810000,신용카드사,C,SC010,유동성
918,201509,0010228,삼성카드㈜,A,원화 유동성비율,293.96,신용카드사,C,SC010,유동성
919,201509,0010228,삼성카드㈜,A1,원화 유동성비율_유동성자산,11247931750000,신용카드사,C,SC010,유동성
920,201509,0010228,삼성카드㈜,A2,원화 유동성비율_유동성부채,3826295830000,신용카드사,C,SC010,유동성
921,201509,0010228,삼성카드㈜,B,업무용 유형자산비율,.44,신용카드사,C,SC010,유동성
922,201509,0010228,삼성카드㈜,B1,업무용 유형자산비율_업무용 유형자산,26795680000,신용카드사,C,SC010,유동성
923,201509,0010228,삼성카드㈜,B2,업무용 유형자산비율_자기자본,6053519210000,신용카드사,C,SC010,유동성
924,201512,0010228,삼성카드㈜,A,원화 유동성비율,341.58,신용카드사,C,SC010,유동성
925,201512,0010228,삼성카드㈜,A1,원화 유동성비율_유동성자산,10614092970000,신용카드사,C,SC010,유동성
926,201512,0010228,삼성카드㈜,A2,원화 유동성비율_유동성부채,3107357820000,신용카드사,C,SC010,유동성
927,201512,0010228,삼성카드㈜,B,업무용 유형자산비율,.45,신용카드사,C,SC010,유동성
928,201512,0010228,삼성카드㈜,B1,업무용 유형자산비율_업무용 유형자산,27768790000,신용카드사,C,SC010,유동성
929,201512,0010228,삼성카드㈜,B2,업무용 유형자산비율_자기자본,6129107700000,신용카드사,C,SC010,유동성
930,201603,0010228,삼성카드㈜,A,원화 유동성비율,341.47,신용카드사,C,SC010,유동성
931,201603,0010228,삼성카드㈜,A1,원화 유동성비율_유동성자산,10652797620000,신용카드사,C,SC010,유동성
932,201603,0010228,삼성카드㈜,A2,원화 유동성비율_유동성부채,3119678010000,신용카드사,C,SC010,유동성
933,201603,0010228,삼성카드㈜,B,업무용 유형자산비율,.46,신용카드사,C,SC010,유동성
934,201603,0010228,삼성카드㈜,B1,업무용 유형자산비율_업무용 유형자산,27747010000,신용카드사,C,SC010,유동성
935,201603,0010228,삼성카드㈜,B2,업무용 유형자산비율_자기자본,6040751020000,신용카드사,C,SC010,유동성
936,201606,0010228,삼성카드㈜,A,원화 유동성비율,415.64,신용카드사,C,SC010,유동성
937,201606,0010228,삼성카드㈜,A1,원화 유동성비율_유동성자산,10717290470000,신용카드사,C,SC010,유동성
938,201606,0010228,삼성카드㈜,A2,원화 유동성비율_유동성부채,2578514660000,신용카드사,C,SC010,유동성
939,201606,0010228,삼성카드㈜,B,업무용 유형자산비율,.4,신용카드사,C,SC010,유동성
940,201606,0010228,삼성카드㈜,B1,업무용 유형자산비율_업무용 유형자산,24138370000,신용카드사,C,SC010,유동성
941,201606,0010228,삼성카드㈜,B2,업무용 유형자산비율_자기자본,6101013250000,신용카드사,C,SC010,유동성
942,201609,0010228,삼성카드㈜,A,원화 유동성비율,313.56,신용카드사,C,SC010,유동성
943,201609,0010228,삼성카드㈜,A1,원화 유동성비율_유동성자산,11278557470000,신용카드사,C,SC010,유동성
944,201609,0010228,삼성카드㈜,A2,원화 유동성비율_유동성부채,3596945990000,신용카드사,C,SC010,유동성
945,201609,0010228,삼성카드㈜,B,업무용 유형자산비율,.39,신용카드사,C,SC010,유동성
946,201609,0010228,삼성카드㈜,B1,업무용 유형자산비율_업무용 유형자산,23394960000,신용카드사,C,SC010,유동성
947,201609,0010228,삼성카드㈜,B2,업무용 유형자산비율_자기자본,6075803530000,신용카드사,C,SC010,유동성
948,201612,0010228,삼성카드㈜,A,원화 유동성비율,325.96,신용카드사,C,SC010,유동성
949,201612,0010228,삼성카드㈜,A1,원화 유동성비율_유동성자산,12558322350000,신용카드사,C,SC010,유동성
950,201612,0010228,삼성카드㈜,A2,원화 유동성비율_유동성부채,3852703130000,신용카드사,C,SC010,유동성
951,201612,0010228,삼성카드㈜,B,업무용 유형자산비율,.37,신용카드사,C,SC010,유동성
952,201612,0010228,삼성카드㈜,B1,업무용 유형자산비율_업무용 유형자산,22304210000,신용카드사,C,SC010,유동성
953,201612,0010228,삼성카드㈜,B2,업무용 유형자산비율_자기자본,6028603760000,신용카드사,C,SC010,유동성
954,200703,0010229,신한카드㈜,A,원화 유동성비율,330.92,신용카드사,C,SC010,유동성
955,200703,0010229,신한카드㈜,A1,유동성자산,4924189000000,신용카드사,C,SC010,유동성
956,200703,0010229,신한카드㈜,A2,유동성부채,1488014000000,신용카드사,C,SC010,유동성
957,200703,0010229,신한카드㈜,B,업무용 고정자산비율,1.69,신용카드사,C,SC010,유동성
958,200703,0010229,신한카드㈜,B1,업무용 고정자산,65573000000,신용카드사,C,SC010,유동성
959,200703,0010229,신한카드㈜,B2,자기자본,3882805000000,신용카드사,C,SC010,유동성
960,200706,0010229,신한카드㈜,A,원화 유동성비율,302.36,신용카드사,C,SC010,유동성
961,200706,0010229,신한카드㈜,A1,유동성자산,5382283000000,신용카드사,C,SC010,유동성
962,200706,0010229,신한카드㈜,A2,유동성부채,1780078000000,신용카드사,C,SC010,유동성
963,200706,0010229,신한카드㈜,B,업무용 고정자산비율,1.64,신용카드사,C,SC010,유동성
964,200706,0010229,신한카드㈜,B1,업무용 고정자산,69343000000,신용카드사,C,SC010,유동성
965,200706,0010229,신한카드㈜,B2,자기자본,4228970000000,신용카드사,C,SC010,유동성
966,200709,0010229,신한카드㈜,A,원화 유동성비율,282.18,신용카드사,C,SC010,유동성
967,200709,0010229,신한카드㈜,A1,유동성자산,6569009460000,신용카드사,C,SC010,유동성
968,200709,0010229,신한카드㈜,A2,유동성부채,2327910540000,신용카드사,C,SC010,유동성
969,200709,0010229,신한카드㈜,B,업무용 고정자산비율,1.58,신용카드사,C,SC010,유동성
970,200709,0010229,신한카드㈜,B1,업무용 고정자산,69947690000,신용카드사,C,SC010,유동성
971,200709,0010229,신한카드㈜,B2,자기자본,4425432180000,신용카드사,C,SC010,유동성
972,200712,0010229,신한카드㈜,A,원화 유동성비율,273.34,신용카드사,C,SC010,유동성
973,200712,0010229,신한카드㈜,A1,유동성자산,8426766490000,신용카드사,C,SC010,유동성
974,200712,0010229,신한카드㈜,A2,유동성부채,3082923750000,신용카드사,C,SC010,유동성
975,200712,0010229,신한카드㈜,B,업무용 고정자산비율,2.01,신용카드사,C,SC010,유동성
976,200712,0010229,신한카드㈜,B1,업무용 고정자산,82649560000,신용카드사,C,SC010,유동성
977,200712,0010229,신한카드㈜,B2,자기자본,4106382710000,신용카드사,C,SC010,유동성
978,200803,0010229,신한카드㈜,A,원화 유동성비율,339.06,신용카드사,C,SC010,유동성
979,200803,0010229,신한카드㈜,A1,유동성자산,9686591230000,신용카드사,C,SC010,유동성
980,200803,0010229,신한카드㈜,A2,유동성부채,2856865650000,신용카드사,C,SC010,유동성
981,200803,0010229,신한카드㈜,B,업무용 고정자산비율,2.09,신용카드사,C,SC010,유동성
982,200803,0010229,신한카드㈜,B1,업무용 고정자산,77431960000,신용카드사,C,SC010,유동성
983,200803,0010229,신한카드㈜,B2,자기자본,3713444110000,신용카드사,C,SC010,유동성
984,200806,0010229,신한카드㈜,A,원화 유동성비율,245.91,신용카드사,C,SC010,유동성
985,200806,0010229,신한카드㈜,A1,유동성자산,9657563790000,신용카드사,C,SC010,유동성
986,200806,0010229,신한카드㈜,A2,유동성부채,3927310000000,신용카드사,C,SC010,유동성
987,200806,0010229,신한카드㈜,B,업무용 고정자산비율,1.87,신용카드사,C,SC010,유동성
988,200806,0010229,신한카드㈜,B1,업무용 고정자산,74687010000,신용카드사,C,SC010,유동성
989,200806,0010229,신한카드㈜,B2,자기자본,3983827630000,신용카드사,C,SC010,유동성
990,200809,0010229,신한카드㈜,A,원화 유동성비율,309.29,신용카드사,C,SC010,유동성
991,200809,0010229,신한카드㈜,A1,유동성자산,9384624640000,신용카드사,C,SC010,유동성
992,200809,0010229,신한카드㈜,A2,유동성부채,3034274300000,신용카드사,C,SC010,유동성
993,200809,0010229,신한카드㈜,B,업무용 고정자산비율,1.77,신용카드사,C,SC010,유동성
994,200809,0010229,신한카드㈜,B1,업무용 고정자산,74599610000,신용카드사,C,SC010,유동성
995,200809,0010229,신한카드㈜,B2,자기자본,4203576710000,신용카드사,C,SC010,유동성
996,200812,0010229,신한카드㈜,A,원화 유동성비율,291.24,신용카드사,C,SC010,유동성
997,200812,0010229,신한카드㈜,A1,유동성자산,10095606000000,신용카드사,C,SC010,유동성
998,200812,0010229,신한카드㈜,A2,유동성부채,3466478000000,신용카드사,C,SC010,유동성
999,200812,0010229,신한카드㈜,B,업무용 고정자산비율,2.45,신용카드사,C,SC010,유동성
1000,200812,0010229,신한카드㈜,B1,업무용 고정자산,89494000000,신용카드사,C,SC010,유동성
1001,200812,0010229,신한카드㈜,B2,자기자본,3654713000000,신용카드사,C,SC010,유동성
1002,200903,0010229,신한카드㈜,A,원화 유동성비율,268.82,신용카드사,C,SC010,유동성
1003,200903,0010229,신한카드㈜,A1,유동성자산,9688770000000,신용카드사,C,SC010,유동성
1004,200903,0010229,신한카드㈜,A2,유동성부채,3604164000000,신용카드사,C,SC010,유동성
1005,200903,0010229,신한카드㈜,B,업무용 고정자산비율,2.27,신용카드사,C,SC010,유동성
1006,200903,0010229,신한카드㈜,B1,업무용 고정자산,85828000000,신용카드사,C,SC010,유동성
1007,200903,0010229,신한카드㈜,B2,자기자본,3784149000000,신용카드사,C,SC010,유동성
1008,200906,0010229,신한카드㈜,A,원화 유동성비율,328.73,신용카드사,C,SC010,유동성
1009,200906,0010229,신한카드㈜,A1,유동성자산,8530846000000,신용카드사,C,SC010,유동성
1010,200906,0010229,신한카드㈜,A2,유동성부채,2595098000000,신용카드사,C,SC010,유동성
1011,200906,0010229,신한카드㈜,B,업무용 고정자산비율,2.12,신용카드사,C,SC010,유동성
1012,200906,0010229,신한카드㈜,B1,업무용 고정자산,86131590000,신용카드사,C,SC010,유동성
1013,200906,0010229,신한카드㈜,B2,자기자본,4071551960000,신용카드사,C,SC010,유동성
1014,200909,0010229,신한카드㈜,A,원화 유동성비율,348.22,신용카드사,C,SC010,유동성
1015,200909,0010229,신한카드㈜,A1,유동성자산,8996679400000,신용카드사,C,SC010,유동성
1016,200909,0010229,신한카드㈜,A2,유동성부채,2583620250000,신용카드사,C,SC010,유동성
1017,200909,0010229,신한카드㈜,B,업무용 고정자산비율,2,신용카드사,C,SC010,유동성
1018,200909,0010229,신한카드㈜,B1,업무용 고정자산,87197240000,신용카드사,C,SC010,유동성
1019,200909,0010229,신한카드㈜,B2,자기자본,4349305940000,신용카드사,C,SC010,유동성
1020,200912,0010229,신한카드㈜,A,원화 유동성비율,401.56,신용카드사,C,SC010,유동성
1021,200912,0010229,신한카드㈜,A1,유동성자산,10780699000000,신용카드사,C,SC010,유동성
1022,200912,0010229,신한카드㈜,A2,유동성부채,2684698000000,신용카드사,C,SC010,유동성
1023,200912,0010229,신한카드㈜,B,업무용 고정자산비율,2,신용카드사,C,SC010,유동성
1024,200912,0010229,신한카드㈜,B1,업무용 고정자산,92982000000,신용카드사,C,SC010,유동성
1025,200912,0010229,신한카드㈜,B2,자기자본,4641495000000,신용카드사,C,SC010,유동성
1026,201003,0010229,신한카드㈜,A,원화 유동성비율,330.2,신용카드사,C,SC010,유동성
1027,201003,0010229,신한카드㈜,A1,유동성자산,11643482000000,신용카드사,C,SC010,유동성
1028,201003,0010229,신한카드㈜,A2,유동성부채,3526159000000,신용카드사,C,SC010,유동성
1029,201003,0010229,신한카드㈜,B,업무용 고정자산비율,2.22,신용카드사,C,SC010,유동성
1030,201003,0010229,신한카드㈜,B1,업무용 고정자산,95874000000,신용카드사,C,SC010,유동성
1031,201003,0010229,신한카드㈜,B2,자기자본,4325581000000,신용카드사,C,SC010,유동성
1032,201006,0010229,신한카드㈜,A,원화 유동성비율,355.38,신용카드사,C,SC010,유동성
1033,201006,0010229,신한카드㈜,A1,유동성자산,11377823000000,신용카드사,C,SC010,유동성
1034,201006,0010229,신한카드㈜,A2,유동성부채,3201561000000,신용카드사,C,SC010,유동성
1035,201006,0010229,신한카드㈜,B,업무용 고정자산비율,2.15,신용카드사,C,SC010,유동성
1036,201006,0010229,신한카드㈜,B1,업무용 고정자산,98314000000,신용카드사,C,SC010,유동성
1037,201006,0010229,신한카드㈜,B2,자기자본,4562774000000,신용카드사,C,SC010,유동성
1038,201009,0010229,신한카드㈜,A,원화 유동성비율,485.86,신용카드사,C,SC010,유동성
1039,201009,0010229,신한카드㈜,A1,유동성자산,12622357000000,신용카드사,C,SC010,유동성
1040,201009,0010229,신한카드㈜,A2,유동성부채,2597957000000,신용카드사,C,SC010,유동성
1041,201009,0010229,신한카드㈜,B,업무용 고정자산비율,2.16,신용카드사,C,SC010,유동성
1042,201009,0010229,신한카드㈜,B1,업무용 고정자산,102604000000,신용카드사,C,SC010,유동성
1043,201009,0010229,신한카드㈜,B2,자기자본,4750714000000,신용카드사,C,SC010,유동성
1044,201012,0010229,신한카드㈜,A,원화 유동성비율,381.46,신용카드사,C,SC010,유동성
1045,201012,0010229,신한카드㈜,A1,유동성자산,13160909000000,신용카드사,C,SC010,유동성
1046,201012,0010229,신한카드㈜,A2,유동성부채,3450107000000,신용카드사,C,SC010,유동성
1047,201012,0010229,신한카드㈜,B,업무용 고정자산비율,2.01,신용카드사,C,SC010,유동성
1048,201012,0010229,신한카드㈜,B1,업무용 고정자산,102847000000,신용카드사,C,SC010,유동성
1049,201012,0010229,신한카드㈜,B2,자기자본,5129230000000,신용카드사,C,SC010,유동성
1050,201103,0010229,신한카드㈜,A,원화 유동성비율,442.42,신용카드사,C,SC010,유동성
1051,201103,0010229,신한카드㈜,A1,원화 유동성비율_유동성자산,15178176000000,신용카드사,C,SC010,유동성
1052,201103,0010229,신한카드㈜,A2,원화 유동성비율_유동성부채,3430678000000,신용카드사,C,SC010,유동성
1053,201103,0010229,신한카드㈜,B,업무용 유형자산비율,2.55,신용카드사,C,SC010,유동성
1054,201103,0010229,신한카드㈜,B1,업무용 유형자산비율_업무용 유형자산,112410000000,신용카드사,C,SC010,유동성
1055,201103,0010229,신한카드㈜,B2,업무용 유형자산비율_자기자본,4405652000000,신용카드사,C,SC010,유동성
1056,201106,0010229,신한카드㈜,A,원화 유동성비율,422.68,신용카드사,C,SC010,유동성
1057,201106,0010229,신한카드㈜,A1,원화 유동성비율_유동성자산,15066500000000,신용카드사,C,SC010,유동성
1058,201106,0010229,신한카드㈜,A2,원화 유동성비율_유동성부채,3564477000000,신용카드사,C,SC010,유동성
1059,201106,0010229,신한카드㈜,B,업무용 유형자산비율,2.39,신용카드사,C,SC010,유동성
1060,201106,0010229,신한카드㈜,B1,업무용 유형자산비율_업무용 유형자산,116006000000,신용카드사,C,SC010,유동성
1061,201106,0010229,신한카드㈜,B2,업무용 유형자산비율_자기자본,4849975000000,신용카드사,C,SC010,유동성
1062,201109,0010229,신한카드㈜,A,원화 유동성비율,434.28,신용카드사,C,SC010,유동성
1063,201109,0010229,신한카드㈜,A1,원화 유동성비율_유동성자산,15838849000000,신용카드사,C,SC010,유동성
1064,201109,0010229,신한카드㈜,A2,원화 유동성비율_유동성부채,3647141000000,신용카드사,C,SC010,유동성
1065,201109,0010229,신한카드㈜,B,업무용 유형자산비율,2.3,신용카드사,C,SC010,유동성
1066,201109,0010229,신한카드㈜,B1,업무용 유형자산비율_업무용 유형자산,115590000000,신용카드사,C,SC010,유동성
1067,201109,0010229,신한카드㈜,B2,업무용 유형자산비율_자기자본,5031910000000,신용카드사,C,SC010,유동성
1068,201112,0010229,신한카드㈜,A,원화 유동성비율,451.12,신용카드사,C,SC010,유동성
1069,201112,0010229,신한카드㈜,A1,원화 유동성비율_유동성자산,15417221000000,신용카드사,C,SC010,유동성
1070,201112,0010229,신한카드㈜,A2,원화 유동성비율_유동성부채,3417521000000,신용카드사,C,SC010,유동성
1071,201112,0010229,신한카드㈜,B,업무용 유형자산비율,2.31,신용카드사,C,SC010,유동성
1072,201112,0010229,신한카드㈜,B1,업무용 유형자산비율_업무용 유형자산,114937000000,신용카드사,C,SC010,유동성
1073,201112,0010229,신한카드㈜,B2,업무용 유형자산비율_자기자본,4976453000000,신용카드사,C,SC010,유동성
1074,201203,0010229,신한카드㈜,A,원화 유동성비율,427.06,신용카드사,C,SC010,유동성
1075,201203,0010229,신한카드㈜,A1,원화 유동성비율_유동성자산,14609507000000,신용카드사,C,SC010,유동성
1076,201203,0010229,신한카드㈜,A2,원화 유동성비율_유동성부채,3420985000000,신용카드사,C,SC010,유동성
1077,201203,0010229,신한카드㈜,B,업무용 유형자산비율,2.34,신용카드사,C,SC010,유동성
1078,201203,0010229,신한카드㈜,B1,업무용 유형자산비율_업무용 유형자산,114831000000,신용카드사,C,SC010,유동성
1079,201203,0010229,신한카드㈜,B2,업무용 유형자산비율_자기자본,4905125000000,신용카드사,C,SC010,유동성
1080,201206,0010229,신한카드㈜,A,원화 유동성비율,451.35,신용카드사,C,SC010,유동성
1081,201206,0010229,신한카드㈜,A1,원화 유동성비율_유동성자산,14617810000000,신용카드사,C,SC010,유동성
1082,201206,0010229,신한카드㈜,A2,원화 유동성비율_유동성부채,3238706000000,신용카드사,C,SC010,유동성
1083,201206,0010229,신한카드㈜,B,업무용 유형자산비율,2.26,신용카드사,C,SC010,유동성
1084,201206,0010229,신한카드㈜,B1,업무용 유형자산비율_업무용 유형자산,115247000000,신용카드사,C,SC010,유동성
1085,201206,0010229,신한카드㈜,B2,업무용 유형자산비율_자기자본,5102539000000,신용카드사,C,SC010,유동성
1086,201209,0010229,신한카드㈜,A,원화 유동성비율,417.96,신용카드사,C,SC010,유동성
1087,201209,0010229,신한카드㈜,A1,원화 유동성비율_유동성자산,14836809000000,신용카드사,C,SC010,유동성
1088,201209,0010229,신한카드㈜,A2,원화 유동성비율_유동성부채,3549834000000,신용카드사,C,SC010,유동성
1089,201209,0010229,신한카드㈜,B,업무용 유형자산비율,2.16,신용카드사,C,SC010,유동성
1090,201209,0010229,신한카드㈜,B1,업무용 유형자산비율_업무용 유형자산,113913000000,신용카드사,C,SC010,유동성
1091,201209,0010229,신한카드㈜,B2,업무용 유형자산비율_자기자본,5265651000000,신용카드사,C,SC010,유동성
1092,201212,0010229,신한카드㈜,A,원화 유동성비율,452.29,신용카드사,C,SC010,유동성
1093,201212,0010229,신한카드㈜,A1,원화 유동성비율_유동성자산,15472341000000,신용카드사,C,SC010,유동성
1094,201212,0010229,신한카드㈜,A2,원화 유동성비율_유동성부채,3420886000000,신용카드사,C,SC010,유동성
1095,201212,0010229,신한카드㈜,B,업무용 유형자산비율,2.11,신용카드사,C,SC010,유동성
1096,201212,0010229,신한카드㈜,B1,업무용 유형자산비율_업무용 유형자산,109954000000,신용카드사,C,SC010,유동성
1097,201212,0010229,신한카드㈜,B2,업무용 유형자산비율_자기자본,5219806000000,신용카드사,C,SC010,유동성
1098,201303,0010229,신한카드㈜,A,원화 유동성비율,447.17,신용카드사,C,SC010,유동성
1099,201303,0010229,신한카드㈜,A1,원화 유동성비율_유동성자산,14657285000000,신용카드사,C,SC010,유동성
1100,201303,0010229,신한카드㈜,A2,원화 유동성비율_유동성부채,3277782000000,신용카드사,C,SC010,유동성
1101,201303,0010229,신한카드㈜,B,업무용 유형자산비율,2.12,신용카드사,C,SC010,유동성
1102,201303,0010229,신한카드㈜,B1,업무용 유형자산비율_업무용 유형자산,106800000000,신용카드사,C,SC010,유동성
1103,201303,0010229,신한카드㈜,B2,업무용 유형자산비율_자기자본,5043127000000,신용카드사,C,SC010,유동성
1104,201306,0010229,신한카드㈜,A,원화 유동성비율,399.58,신용카드사,C,SC010,유동성
1105,201306,0010229,신한카드㈜,A1,원화 유동성비율_유동성자산,14857986000000,신용카드사,C,SC010,유동성
1106,201306,0010229,신한카드㈜,A2,원화 유동성비율_유동성부채,3718435000000,신용카드사,C,SC010,유동성
1107,201306,0010229,신한카드㈜,B,업무용 유형자산비율,2,신용카드사,C,SC010,유동성
1108,201306,0010229,신한카드㈜,B1,업무용 유형자산비율_업무용 유형자산,105505000000,신용카드사,C,SC010,유동성
1109,201306,0010229,신한카드㈜,B2,업무용 유형자산비율_자기자본,5274072000000,신용카드사,C,SC010,유동성
1110,201309,0010229,신한카드㈜,A,원화 유동성비율,406.78,신용카드사,C,SC010,유동성
1111,201309,0010229,신한카드㈜,A1,원화 유동성비율_유동성자산,14704922000000,신용카드사,C,SC010,유동성
1112,201309,0010229,신한카드㈜,A2,원화 유동성비율_유동성부채,3614937000000,신용카드사,C,SC010,유동성
1113,201309,0010229,신한카드㈜,B,업무용 유형자산비율,1.95,신용카드사,C,SC010,유동성
1114,201309,0010229,신한카드㈜,B1,업무용 유형자산비율_업무용 유형자산,105570000000,신용카드사,C,SC010,유동성
1115,201309,0010229,신한카드㈜,B2,업무용 유형자산비율_자기자본,5405929000000,신용카드사,C,SC010,유동성
1116,201312,0010229,신한카드㈜,A,원화 유동성비율,406.78,신용카드사,C,SC010,유동성
1117,201312,0010229,신한카드㈜,A1,원화 유동성비율_유동성자산,14704922000000,신용카드사,C,SC010,유동성
1118,201312,0010229,신한카드㈜,A2,원화 유동성비율_유동성부채,3614937000000,신용카드사,C,SC010,유동성
1119,201312,0010229,신한카드㈜,B,업무용 유형자산비율,1.9,신용카드사,C,SC010,유동성
1120,201312,0010229,신한카드㈜,B1,업무용 유형자산비율_업무용 유형자산,106834000000,신용카드사,C,SC010,유동성
1121,201312,0010229,신한카드㈜,B2,업무용 유형자산비율_자기자본,5629701000000,신용카드사,C,SC010,유동성
1122,201403,0010229,신한카드㈜,A,원화 유동성비율,427,신용카드사,C,SC010,유동성
1123,201403,0010229,신한카드㈜,A1,원화 유동성비율_유동성자산,14509183000000,신용카드사,C,SC010,유동성
1124,201403,0010229,신한카드㈜,A2,원화 유동성비율_유동성부채,3397929000000,신용카드사,C,SC010,유동성
1125,201403,0010229,신한카드㈜,B,업무용 유형자산비율,2.05,신용카드사,C,SC010,유동성
1126,201403,0010229,신한카드㈜,B1,업무용 유형자산비율_업무용 유형자산,107465000000,신용카드사,C,SC010,유동성
1127,201403,0010229,신한카드㈜,B2,업무용 유형자산비율_자기자본,5235180000000,신용카드사,C,SC010,유동성
1128,201406,0010229,신한카드㈜,A,원화 유동성비율,391.47,신용카드사,C,SC010,유동성
1129,201406,0010229,신한카드㈜,A1,원화 유동성비율_유동성자산,13935759000000,신용카드사,C,SC010,유동성
1130,201406,0010229,신한카드㈜,A2,원화 유동성비율_유동성부채,3559866000000,신용카드사,C,SC010,유동성
1131,201406,0010229,신한카드㈜,B,업무용 유형자산비율,2.01,신용카드사,C,SC010,유동성
1132,201406,0010229,신한카드㈜,B1,업무용 유형자산비율_업무용 유형자산,107549000000,신용카드사,C,SC010,유동성
1133,201406,0010229,신한카드㈜,B2,업무용 유형자산비율_자기자본,5345689000000,신용카드사,C,SC010,유동성
1134,201409,0010229,신한카드㈜,A,원화 유동성비율,422.63,신용카드사,C,SC010,유동성
1135,201409,0010229,신한카드㈜,A1,원화 유동성비율_유동성자산,14305126000000,신용카드사,C,SC010,유동성
1136,201409,0010229,신한카드㈜,A2,원화 유동성비율_유동성부채,3384771000000,신용카드사,C,SC010,유동성
1137,201409,0010229,신한카드㈜,B,업무용 유형자산비율,1.69,신용카드사,C,SC010,유동성
1138,201409,0010229,신한카드㈜,B1,업무용 유형자산비율_업무용 유형자산,93464000000,신용카드사,C,SC010,유동성
1139,201409,0010229,신한카드㈜,B2,업무용 유형자산비율_자기자본,5515477000000,신용카드사,C,SC010,유동성
1140,201412,0010229,신한카드㈜,A,원화 유동성비율,483.79,신용카드사,C,SC010,유동성
1141,201412,0010229,신한카드㈜,A1,원화 유동성비율_유동성자산,14583684000000,신용카드사,C,SC010,유동성
1142,201412,0010229,신한카드㈜,A2,원화 유동성비율_유동성부채,3014471000000,신용카드사,C,SC010,유동성
1143,201412,0010229,신한카드㈜,B,업무용 유형자산비율,1.66,신용카드사,C,SC010,유동성
1144,201412,0010229,신한카드㈜,B1,업무용 유형자산비율_업무용 유형자산,94705000000,신용카드사,C,SC010,유동성
1145,201412,0010229,신한카드㈜,B2,업무용 유형자산비율_자기자본,5708646000000,신용카드사,C,SC010,유동성
1146,201503,0010229,신한카드㈜,A,원화 유동성비율,366.51,신용카드사,C,SC010,유동성
1147,201503,0010229,신한카드㈜,A1,원화 유동성비율_유동성자산,14479802000000,신용카드사,C,SC010,유동성
1148,201503,0010229,신한카드㈜,A2,원화 유동성비율_유동성부채,3950738000000,신용카드사,C,SC010,유동성
1149,201503,0010229,신한카드㈜,B,업무용 유형자산비율,1.8,신용카드사,C,SC010,유동성
1150,201503,0010229,신한카드㈜,B1,업무용 유형자산비율_업무용 유형자산,95942000000,신용카드사,C,SC010,유동성
1151,201503,0010229,신한카드㈜,B2,업무용 유형자산비율_자기자본,5320581000000,신용카드사,C,SC010,유동성
1152,201506,0010229,신한카드㈜,A,원화 유동성비율,405.55,신용카드사,C,SC010,유동성
1153,201506,0010229,신한카드㈜,A1,원화 유동성비율_유동성자산,14779017000000,신용카드사,C,SC010,유동성
1154,201506,0010229,신한카드㈜,A2,원화 유동성비율_유동성부채,3644212000000,신용카드사,C,SC010,유동성
1155,201506,0010229,신한카드㈜,B,업무용 유형자산비율,1.77,신용카드사,C,SC010,유동성
1156,201506,0010229,신한카드㈜,B1,업무용 유형자산비율_업무용 유형자산,97235000000,신용카드사,C,SC010,유동성
1157,201506,0010229,신한카드㈜,B2,업무용 유형자산비율_자기자본,5489874000000,신용카드사,C,SC010,유동성
1158,201509,0010229,신한카드㈜,A,원화 유동성비율,340.5,신용카드사,C,SC010,유동성
1159,201509,0010229,신한카드㈜,A1,원화 유동성비율_유동성자산,15418311000000,신용카드사,C,SC010,유동성
1160,201509,0010229,신한카드㈜,A2,원화 유동성비율_유동성부채,4528080000000,신용카드사,C,SC010,유동성
1161,201509,0010229,신한카드㈜,B,업무용 유형자산비율,1.7,신용카드사,C,SC010,유동성
1162,201509,0010229,신한카드㈜,B1,업무용 유형자산비율_업무용 유형자산,96488000000,신용카드사,C,SC010,유동성
1163,201509,0010229,신한카드㈜,B2,업무용 유형자산비율_자기자본,5665793000000,신용카드사,C,SC010,유동성
1164,201512,0010229,신한카드㈜,A,원화 유동성비율,379.36,신용카드사,C,SC010,유동성
1165,201512,0010229,신한카드㈜,A1,원화 유동성비율_유동성자산,14587972000000,신용카드사,C,SC010,유동성
1166,201512,0010229,신한카드㈜,A2,원화 유동성비율_유동성부채,3845417000000,신용카드사,C,SC010,유동성
1167,201512,0010229,신한카드㈜,B,업무용 유형자산비율,1.67,신용카드사,C,SC010,유동성
1168,201512,0010229,신한카드㈜,B1,업무용 유형자산비율_업무용 유형자산,97675000000,신용카드사,C,SC010,유동성
1169,201512,0010229,신한카드㈜,B2,업무용 유형자산비율_자기자본,5832911000000,신용카드사,C,SC010,유동성
1170,201603,0010229,신한카드㈜,A,원화 유동성비율,342.89,신용카드사,C,SC010,유동성
1171,201603,0010229,신한카드㈜,A1,원화 유동성비율_유동성자산,14295107000000,신용카드사,C,SC010,유동성
1172,201603,0010229,신한카드㈜,A2,원화 유동성비율_유동성부채,4169005000000,신용카드사,C,SC010,유동성
1173,201603,0010229,신한카드㈜,B,업무용 유형자산비율,1.99,신용카드사,C,SC010,유동성
1174,201603,0010229,신한카드㈜,B1,업무용 유형자산비율_업무용 유형자산,100958620000,신용카드사,C,SC010,유동성
1175,201603,0010229,신한카드㈜,B2,업무용 유형자산비율_자기자본,5067770650000,신용카드사,C,SC010,유동성
1176,201606,0010229,신한카드㈜,A,원화 유동성비율,339.58,신용카드사,C,SC010,유동성
1177,201606,0010229,신한카드㈜,A1,원화 유동성비율_유동성자산,14395438000000,신용카드사,C,SC010,유동성
1178,201606,0010229,신한카드㈜,A2,원화 유동성비율_유동성부채,4239171000000,신용카드사,C,SC010,유동성
1179,201606,0010229,신한카드㈜,B,업무용 유형자산비율,1.94,신용카드사,C,SC010,유동성
1180,201606,0010229,신한카드㈜,B1,업무용 유형자산비율_업무용 유형자산,101112000000,신용카드사,C,SC010,유동성
1181,201606,0010229,신한카드㈜,B2,업무용 유형자산비율_자기자본,5211696000000,신용카드사,C,SC010,유동성
1182,201609,0010229,신한카드㈜,A,원화 유동성비율,326.44,신용카드사,C,SC010,유동성
1183,201609,0010229,신한카드㈜,A1,원화 유동성비율_유동성자산,15291805000000,신용카드사,C,SC010,유동성
1184,201609,0010229,신한카드㈜,A2,원화 유동성비율_유동성부채,4684412000000,신용카드사,C,SC010,유동성
1185,201609,0010229,신한카드㈜,B,업무용 유형자산비율,1.92,신용카드사,C,SC010,유동성
1186,201609,0010229,신한카드㈜,B1,업무용 유형자산비율_업무용 유형자산,102559000000,신용카드사,C,SC010,유동성
1187,201609,0010229,신한카드㈜,B2,업무용 유형자산비율_자기자본,5353699000000,신용카드사,C,SC010,유동성
1188,201612,0010229,신한카드㈜,A,원화 유동성비율,361.82,신용카드사,C,SC010,유동성
1189,201612,0010229,신한카드㈜,A1,원화 유동성비율_유동성자산,14722920000000,신용카드사,C,SC010,유동성
1190,201612,0010229,신한카드㈜,A2,원화 유동성비율_유동성부채,4069079000000,신용카드사,C,SC010,유동성
1191,201612,0010229,신한카드㈜,B,업무용 유형자산비율,1.86,신용카드사,C,SC010,유동성
1192,201612,0010229,신한카드㈜,B1,업무용 유형자산비율_업무용 유형자산,102728000000,신용카드사,C,SC010,유동성
1193,201612,0010229,신한카드㈜,B2,업무용 유형자산비율_자기자본,5510788000000,신용카드사,C,SC010,유동성
1194,201409,0013640,하나카드㈜,A,원화 유동성비율,543.61,신용카드사,C,SC010,유동성
1195,201409,0013640,하나카드㈜,A1,원화 유동성비율_유동성자산,2333989000000,신용카드사,C,SC010,유동성
1196,201409,0013640,하나카드㈜,A2,원화 유동성비율_유동성부채,429346000000,신용카드사,C,SC010,유동성
1197,201409,0013640,하나카드㈜,B,업무용 유형자산비율,4.02,신용카드사,C,SC010,유동성
1198,201409,0013640,하나카드㈜,B1,업무용 유형자산비율_업무용 유형자산,19506000000,신용카드사,C,SC010,유동성
1199,201409,0013640,하나카드㈜,B2,업무용 유형자산비율_자기자본,485253000000,신용카드사,C,SC010,유동성
1200,201412,0013640,하나카드㈜,A,원화 유동성비율,480.21,신용카드사,C,SC010,유동성
1201,201412,0013640,하나카드㈜,A1,원화 유동성비율_유동성자산,5148040000000,신용카드사,C,SC010,유동성
1202,201412,0013640,하나카드㈜,A2,원화 유동성비율_유동성부채,1072041000000,신용카드사,C,SC010,유동성
1203,201412,0013640,하나카드㈜,B,업무용 유형자산비율,7.08,신용카드사,C,SC010,유동성
1204,201412,0013640,하나카드㈜,B1,업무용 유형자산비율_업무용 유형자산,72605000000,신용카드사,C,SC010,유동성
1205,201412,0013640,하나카드㈜,B2,업무용 유형자산비율_자기자본,1025853000000,신용카드사,C,SC010,유동성
1206,201503,0013640,하나카드㈜,A,원화 유동성비율,401.92,신용카드사,C,SC010,유동성
1207,201503,0013640,하나카드㈜,A1,원화 유동성비율_유동성자산,4831436000000,신용카드사,C,SC010,유동성
1208,201503,0013640,하나카드㈜,A2,원화 유동성비율_유동성부채,1202095000000,신용카드사,C,SC010,유동성
1209,201503,0013640,하나카드㈜,B,업무용 유형자산비율,6.18,신용카드사,C,SC010,유동성
1210,201503,0013640,하나카드㈜,B1,업무용 유형자산비율_업무용 유형자산,62992000000,신용카드사,C,SC010,유동성
1211,201503,0013640,하나카드㈜,B2,업무용 유형자산비율_자기자본,1019995000000,신용카드사,C,SC010,유동성
1212,201506,0013640,하나카드㈜,A,원화 유동성비율,306.01,신용카드사,C,SC010,유동성
1213,201506,0013640,하나카드㈜,A1,원화 유동성비율_유동성자산,5221470000000,신용카드사,C,SC010,유동성
1214,201506,0013640,하나카드㈜,A2,원화 유동성비율_유동성부채,1706304000000,신용카드사,C,SC010,유동성
1215,201506,0013640,하나카드㈜,B,업무용 유형자산비율,5.79,신용카드사,C,SC010,유동성
1216,201506,0013640,하나카드㈜,B1,업무용 유형자산비율_업무용 유형자산,59922000000,신용카드사,C,SC010,유동성
1217,201506,0013640,하나카드㈜,B2,업무용 유형자산비율_자기자본,1034759000000,신용카드사,C,SC010,유동성
1218,201509,0013640,하나카드㈜,A,원화 유동성비율,308.81,신용카드사,C,SC010,유동성
1219,201509,0013640,하나카드㈜,A1,원화 유동성비율_유동성자산,5128415000000,신용카드사,C,SC010,유동성
1220,201509,0013640,하나카드㈜,A2,원화 유동성비율_유동성부채,1660710000000,신용카드사,C,SC010,유동성
1221,201509,0013640,하나카드㈜,B,업무용 유형자산비율,5.52,신용카드사,C,SC010,유동성
1222,201509,0013640,하나카드㈜,B1,업무용 유형자산비율_업무용 유형자산,59084000000,신용카드사,C,SC010,유동성
1223,201509,0013640,하나카드㈜,B2,업무용 유형자산비율_자기자본,1069491000000,신용카드사,C,SC010,유동성
1224,201512,0013640,하나카드㈜,A,원화 유동성비율,298.54,신용카드사,C,SC010,유동성
1225,201512,0013640,하나카드㈜,A1,원화 유동성비율_유동성자산,4760132000000,신용카드사,C,SC010,유동성
1226,201512,0013640,하나카드㈜,A2,원화 유동성비율_유동성부채,1594476000000,신용카드사,C,SC010,유동성
1227,201512,0013640,하나카드㈜,B,업무용 유형자산비율,5.6,신용카드사,C,SC010,유동성
1228,201512,0013640,하나카드㈜,B1,업무용 유형자산비율_업무용 유형자산,58539000000,신용카드사,C,SC010,유동성
1229,201512,0013640,하나카드㈜,B2,업무용 유형자산비율_자기자본,1044626000000,신용카드사,C,SC010,유동성
1230,201603,0013640,하나카드㈜,A,원화 유동성비율,341.57,신용카드사,C,SC010,유동성
1231,201603,0013640,하나카드㈜,A1,원화 유동성비율_유동성자산,4475385000000,신용카드사,C,SC010,유동성
1232,201603,0013640,하나카드㈜,A2,원화 유동성비율_유동성부채,1310250000000,신용카드사,C,SC010,유동성
1233,201603,0013640,하나카드㈜,B,업무용 유형자산비율,5.48,신용카드사,C,SC010,유동성
1234,201603,0013640,하나카드㈜,B1,업무용 유형자산비율_업무용 유형자산,58215000000,신용카드사,C,SC010,유동성
1235,201603,0013640,하나카드㈜,B2,업무용 유형자산비율_자기자본,1062381000000,신용카드사,C,SC010,유동성
1236,201606,0013640,하나카드㈜,A,원화 유동성비율,436.44,신용카드사,C,SC010,유동성
1237,201606,0013640,하나카드㈜,A1,원화 유동성비율_유동성자산,4647178000000,신용카드사,C,SC010,유동성
1238,201606,0013640,하나카드㈜,A2,원화 유동성비율_유동성부채,1064783000000,신용카드사,C,SC010,유동성
1239,201606,0013640,하나카드㈜,B,업무용 유형자산비율,5.08,신용카드사,C,SC010,유동성
1240,201606,0013640,하나카드㈜,B1,업무용 유형자산비율_업무용 유형자산,55543000000,신용카드사,C,SC010,유동성
1241,201606,0013640,하나카드㈜,B2,업무용 유형자산비율_자기자본,1094201000000,신용카드사,C,SC010,유동성
1242,201609,0013640,하나카드㈜,A,원화 유동성비율,510.18,신용카드사,C,SC010,유동성
1243,201609,0013640,하나카드㈜,A1,원화 유동성비율_유동성자산,4649001000000,신용카드사,C,SC010,유동성
1244,201609,0013640,하나카드㈜,A2,원화 유동성비율_유동성부채,911252000000,신용카드사,C,SC010,유동성
1245,201609,0013640,하나카드㈜,B,업무용 유형자산비율,4.94,신용카드사,C,SC010,유동성
1246,201609,0013640,하나카드㈜,B1,업무용 유형자산비율_업무용 유형자산,54781000000,신용카드사,C,SC010,유동성
1247,201609,0013640,하나카드㈜,B2,업무용 유형자산비율_자기자본,1109491000000,신용카드사,C,SC010,유동성
1248,201612,0013640,하나카드㈜,A,원화 유동성비율,360.54,신용카드사,C,SC010,유동성
1249,201612,0013640,하나카드㈜,A1,원화 유동성비율_유동성자산,4807566000000,신용카드사,C,SC010,유동성
1250,201612,0013640,하나카드㈜,A2,원화 유동성비율_유동성부채,1333431000000,신용카드사,C,SC010,유동성
1251,201612,0013640,하나카드㈜,B,업무용 유형자산비율,4.89,신용카드사,C,SC010,유동성
1252,201612,0013640,하나카드㈜,B1,업무용 유형자산비율_업무용 유형자산,54688000000,신용카드사,C,SC010,유동성
1253,201612,0013640,하나카드㈜,B2,업무용 유형자산비율_자기자본,1118723000000,신용카드사,C,SC010,유동성
1254,200703,0010225,현대카드㈜,A,원화 유동성비율,264.96,신용카드사,C,SC010,유동성
1255,200703,0010225,현대카드㈜,A1,유동성자산,2927104000000,신용카드사,C,SC010,유동성
1256,200703,0010225,현대카드㈜,A2,유동성부채,1104730000000,신용카드사,C,SC010,유동성
1257,200703,0010225,현대카드㈜,B,업무용 고정자산비율,2.5,신용카드사,C,SC010,유동성
1258,200703,0010225,현대카드㈜,B1,업무용 고정자산,22394000000,신용카드사,C,SC010,유동성
1259,200703,0010225,현대카드㈜,B2,자기자본,895114000000,신용카드사,C,SC010,유동성
1260,200706,0010225,현대카드㈜,A,원화 유동성비율,520.2,신용카드사,C,SC010,유동성
1261,200706,0010225,현대카드㈜,A1,유동성자산,2761515000000,신용카드사,C,SC010,유동성
1262,200706,0010225,현대카드㈜,A2,유동성부채,530853000000,신용카드사,C,SC010,유동성
1263,200706,0010225,현대카드㈜,B,업무용 고정자산비율,3.1,신용카드사,C,SC010,유동성
1264,200706,0010225,현대카드㈜,B1,업무용 고정자산,30267000000,신용카드사,C,SC010,유동성
1265,200706,0010225,현대카드㈜,B2,자기자본,976732000000,신용카드사,C,SC010,유동성
1266,200709,0010225,현대카드㈜,A,원화 유동성비율,319.5,신용카드사,C,SC010,유동성
1267,200709,0010225,현대카드㈜,A1,유동성자산,3140185000000,신용카드사,C,SC010,유동성
1268,200709,0010225,현대카드㈜,A2,유동성부채,982856000000,신용카드사,C,SC010,유동성
1269,200709,0010225,현대카드㈜,B,업무용 고정자산비율,2.9,신용카드사,C,SC010,유동성
1270,200709,0010225,현대카드㈜,B1,업무용 고정자산,29986000000,신용카드사,C,SC010,유동성
1271,200709,0010225,현대카드㈜,B2,자기자본,1034043000000,신용카드사,C,SC010,유동성
1272,200712,0010225,현대카드㈜,A,원화 유동성비율,311.02,신용카드사,C,SC010,유동성
1273,200712,0010225,현대카드㈜,A1,유동성자산,3449396000000,신용카드사,C,SC010,유동성
1274,200712,0010225,현대카드㈜,A2,유동성부채,1109054000000,신용카드사,C,SC010,유동성
1275,200712,0010225,현대카드㈜,B,업무용 고정자산비율,2.5,신용카드사,C,SC010,유동성
1276,200712,0010225,현대카드㈜,B1,업무용 고정자산,28029000000,신용카드사,C,SC010,유동성
1277,200712,0010225,현대카드㈜,B2,자기자본,1122975000000,신용카드사,C,SC010,유동성
1278,200803,0010225,현대카드㈜,A,원화 유동성비율,337.11,신용카드사,C,SC010,유동성
1279,200803,0010225,현대카드㈜,A1,유동성자산,3761961000000,신용카드사,C,SC010,유동성
1280,200803,0010225,현대카드㈜,A2,유동성부채,1115942000000,신용카드사,C,SC010,유동성
1281,200803,0010225,현대카드㈜,B,업무용 고정자산비율,2.62,신용카드사,C,SC010,유동성
1282,200803,0010225,현대카드㈜,B1,업무용 고정자산,29416000000,신용카드사,C,SC010,유동성
1283,200803,0010225,현대카드㈜,B2,자기자본,1121221000000,신용카드사,C,SC010,유동성
1284,200806,0010225,현대카드㈜,A,원화 유동성비율,378.28,신용카드사,C,SC010,유동성
1285,200806,0010225,현대카드㈜,A1,유동성자산,3468343210000,신용카드사,C,SC010,유동성
1286,200806,0010225,현대카드㈜,A2,유동성부채,916881250000,신용카드사,C,SC010,유동성
1287,200806,0010225,현대카드㈜,B,업무용 고정자산비율,9.59,신용카드사,C,SC010,유동성
1288,200806,0010225,현대카드㈜,B1,업무용 고정자산,115176330000,신용카드사,C,SC010,유동성
1289,200806,0010225,현대카드㈜,B2,자기자본,1201367860000,신용카드사,C,SC010,유동성
1290,200809,0010225,현대카드㈜,A,원화 유동성비율,353.68,신용카드사,C,SC010,유동성
1291,200809,0010225,현대카드㈜,A1,유동성자산,3222031040000,신용카드사,C,SC010,유동성
1292,200809,0010225,현대카드㈜,A2,유동성부채,911014060000,신용카드사,C,SC010,유동성
1293,200809,0010225,현대카드㈜,B,업무용 고정자산비율,9.84,신용카드사,C,SC010,유동성
1294,200809,0010225,현대카드㈜,B1,업무용 고정자산,119225810000,신용카드사,C,SC010,유동성
1295,200809,0010225,현대카드㈜,B2,자기자본,1211517700000,신용카드사,C,SC010,유동성
1296,200812,0010225,현대카드㈜,A,원화 유동성비율,276.65,신용카드사,C,SC010,유동성
1297,200812,0010225,현대카드㈜,A1,유동성자산,3669075210000,신용카드사,C,SC010,유동성
1298,200812,0010225,현대카드㈜,A2,유동성부채,1326246890000,신용카드사,C,SC010,유동성
1299,200812,0010225,현대카드㈜,B,업무용 고정자산비율,9.65,신용카드사,C,SC010,유동성
1300,200812,0010225,현대카드㈜,B1,업무용 고정자산,119140520000,신용카드사,C,SC010,유동성
1301,200812,0010225,현대카드㈜,B2,자기자본,1234062360000,신용카드사,C,SC010,유동성
1302,200903,0010225,현대카드㈜,A,원화 유동성비율,310.99,신용카드사,C,SC010,유동성
1303,200903,0010225,현대카드㈜,A1,유동성자산,3880501520000,신용카드사,C,SC010,유동성
1304,200903,0010225,현대카드㈜,A2,유동성부채,1247771190000,신용카드사,C,SC010,유동성
1305,200903,0010225,현대카드㈜,B,업무용 고정자산비율,9.23,신용카드사,C,SC010,유동성
1306,200903,0010225,현대카드㈜,B1,업무용 고정자산,119880130000,신용카드사,C,SC010,유동성
1307,200903,0010225,현대카드㈜,B2,자기자본,1298865750000,신용카드사,C,SC010,유동성
1308,200906,0010225,현대카드㈜,A,원화 유동성비율,354.3,신용카드사,C,SC010,유동성
1309,200906,0010225,현대카드㈜,A1,유동성자산,3680467690000,신용카드사,C,SC010,유동성
1310,200906,0010225,현대카드㈜,A2,유동성부채,1038814260000,신용카드사,C,SC010,유동성
1311,200906,0010225,현대카드㈜,B,업무용 고정자산비율,9.68,신용카드사,C,SC010,유동성
1312,200906,0010225,현대카드㈜,B1,업무용 고정자산,132675290000,신용카드사,C,SC010,유동성
1313,200906,0010225,현대카드㈜,B2,자기자본,1370901240000,신용카드사,C,SC010,유동성
1314,200909,0010225,현대카드㈜,A,원화 유동성비율,310.5,신용카드사,C,SC010,유동성
1315,200909,0010225,현대카드㈜,A1,유동성자산,3578569950000,신용카드사,C,SC010,유동성
1316,200909,0010225,현대카드㈜,A2,유동성부채,1152536760000,신용카드사,C,SC010,유동성
1317,200909,0010225,현대카드㈜,B,업무용 고정자산비율,9.31,신용카드사,C,SC010,유동성
1318,200909,0010225,현대카드㈜,B1,업무용 고정자산,135897920000,신용카드사,C,SC010,유동성
1319,200909,0010225,현대카드㈜,B2,자기자본,1460281380000,신용카드사,C,SC010,유동성
1320,200912,0010225,현대카드㈜,A,원화 유동성비율,276.34,신용카드사,C,SC010,유동성
1321,200912,0010225,현대카드㈜,A1,유동성자산,4279464360000,신용카드사,C,SC010,유동성
1322,200912,0010225,현대카드㈜,A2,유동성부채,1548632950000,신용카드사,C,SC010,유동성
1323,200912,0010225,현대카드㈜,B,업무용 고정자산비율,9.17,신용카드사,C,SC010,유동성
1324,200912,0010225,현대카드㈜,B1,업무용 고정자산,136045070000,신용카드사,C,SC010,유동성
1325,200912,0010225,현대카드㈜,B2,자기자본,1483248890000,신용카드사,C,SC010,유동성
1326,201003,0010225,현대카드㈜,A,원화 유동성비율,246.46,신용카드사,C,SC010,유동성
1327,201003,0010225,현대카드㈜,A1,유동성자산,3961688180000,신용카드사,C,SC010,유동성
1328,201003,0010225,현대카드㈜,A2,유동성부채,1607432460000,신용카드사,C,SC010,유동성
1329,201003,0010225,현대카드㈜,B,업무용 고정자산비율,10.32,신용카드사,C,SC010,유동성
1330,201003,0010225,현대카드㈜,B1,업무용 고정자산,150254810000,신용카드사,C,SC010,유동성
1331,201003,0010225,현대카드㈜,B2,자기자본,1456294500000,신용카드사,C,SC010,유동성
1332,201006,0010225,현대카드㈜,A,원화 유동성비율,773.45,신용카드사,C,SC010,유동성
1333,201006,0010225,현대카드㈜,A1,유동성자산,3910351000000,신용카드사,C,SC010,유동성
1334,201006,0010225,현대카드㈜,A2,유동성부채,505575000000,신용카드사,C,SC010,유동성
1335,201006,0010225,현대카드㈜,B,업무용 고정자산비율,10.57,신용카드사,C,SC010,유동성
1336,201006,0010225,현대카드㈜,B1,업무용 고정자산,159910000000,신용카드사,C,SC010,유동성
1337,201006,0010225,현대카드㈜,B2,자기자본,1513337000000,신용카드사,C,SC010,유동성
1338,201009,0010225,현대카드㈜,A,원화 유동성비율,295.52,신용카드사,C,SC010,유동성
1339,201009,0010225,현대카드㈜,A1,유동성자산,4947688320000,신용카드사,C,SC010,유동성
1340,201009,0010225,현대카드㈜,A2,유동성부채,1674215780000,신용카드사,C,SC010,유동성
1341,201009,0010225,현대카드㈜,B,업무용 고정자산비율,10.27,신용카드사,C,SC010,유동성
1342,201009,0010225,현대카드㈜,B1,업무용 고정자산,164836470000,신용카드사,C,SC010,유동성
1343,201009,0010225,현대카드㈜,B2,자기자본,1604513010000,신용카드사,C,SC010,유동성
1344,201012,0010225,현대카드㈜,A,원화 유동성비율,257.08,신용카드사,C,SC010,유동성
1345,201012,0010225,현대카드㈜,A1,유동성자산,5558201870000,신용카드사,C,SC010,유동성
1346,201012,0010225,현대카드㈜,A2,유동성부채,2162093050000,신용카드사,C,SC010,유동성
1347,201012,0010225,현대카드㈜,B,업무용 고정자산비율,10,신용카드사,C,SC010,유동성
1348,201012,0010225,현대카드㈜,B1,업무용 고정자산,165204960000,신용카드사,C,SC010,유동성
1349,201012,0010225,현대카드㈜,B2,자기자본,1652088750000,신용카드사,C,SC010,유동성
1350,201103,0010225,현대카드㈜,A,원화 유동성비율,424.97,신용카드사,C,SC010,유동성
1351,201103,0010225,현대카드㈜,A1,원화 유동성비율_유동성자산,7247802000000,신용카드사,C,SC010,유동성
1352,201103,0010225,현대카드㈜,A2,원화 유동성비율_유동성부채,1705489000000,신용카드사,C,SC010,유동성
1353,201103,0010225,현대카드㈜,B,업무용 유형자산비율,9.43,신용카드사,C,SC010,유동성
1354,201103,0010225,현대카드㈜,B1,업무용 유형자산비율_업무용 유형자산,170755000000,신용카드사,C,SC010,유동성
1355,201103,0010225,현대카드㈜,B2,업무용 유형자산비율_자기자본,1810735000000,신용카드사,C,SC010,유동성
1356,201106,0010225,현대카드㈜,A,원화 유동성비율,386.45,신용카드사,C,SC010,유동성
1357,201106,0010225,현대카드㈜,A1,원화 유동성비율_유동성자산,7026655000000,신용카드사,C,SC010,유동성
1358,201106,0010225,현대카드㈜,A2,원화 유동성비율_유동성부채,1818258000000,신용카드사,C,SC010,유동성
1359,201106,0010225,현대카드㈜,B,업무용 유형자산비율,9.17,신용카드사,C,SC010,유동성
1360,201106,0010225,현대카드㈜,B1,업무용 유형자산비율_업무용 유형자산,172891000000,신용카드사,C,SC010,유동성
1361,201106,0010225,현대카드㈜,B2,업무용 유형자산비율_자기자본,1885939000000,신용카드사,C,SC010,유동성
1362,201109,0010225,현대카드㈜,A,원화 유동성비율,501.61,신용카드사,C,SC010,유동성
1363,201109,0010225,현대카드㈜,A1,원화 유동성비율_유동성자산,8640075000000,신용카드사,C,SC010,유동성
1364,201109,0010225,현대카드㈜,A2,원화 유동성비율_유동성부채,1722455000000,신용카드사,C,SC010,유동성
1365,201109,0010225,현대카드㈜,B,업무용 유형자산비율,9.06,신용카드사,C,SC010,유동성
1366,201109,0010225,현대카드㈜,B1,업무용 유형자산비율_업무용 유형자산,177111000000,신용카드사,C,SC010,유동성
1367,201109,0010225,현대카드㈜,B2,업무용 유형자산비율_자기자본,1955626000000,신용카드사,C,SC010,유동성
1368,201112,0010225,현대카드㈜,A,원화 유동성비율,360.06,신용카드사,C,SC010,유동성
1369,201112,0010225,현대카드㈜,A1,원화 유동성비율_유동성자산,9091340000000,신용카드사,C,SC010,유동성
1370,201112,0010225,현대카드㈜,A2,원화 유동성비율_유동성부채,2524964000000,신용카드사,C,SC010,유동성
1371,201112,0010225,현대카드㈜,B,업무용 유형자산비율,11.44,신용카드사,C,SC010,유동성
1372,201112,0010225,현대카드㈜,B1,업무용 유형자산비율_업무용 유형자산,178197000000,신용카드사,C,SC010,유동성
1373,201112,0010225,현대카드㈜,B2,업무용 유형자산비율_자기자본,1557652000000,신용카드사,C,SC010,유동성
1374,201203,0010225,현대카드㈜,A,원화 유동성비율,423.48,신용카드사,C,SC010,유동성
1375,201203,0010225,현대카드㈜,A1,원화 유동성비율_유동성자산,8881605000000,신용카드사,C,SC010,유동성
1376,201203,0010225,현대카드㈜,A2,원화 유동성비율_유동성부채,2097297000000,신용카드사,C,SC010,유동성
1377,201203,0010225,현대카드㈜,B,업무용 유형자산비율,14.34,신용카드사,C,SC010,유동성
1378,201203,0010225,현대카드㈜,B1,업무용 유형자산비율_업무용 유형자산,232147000000,신용카드사,C,SC010,유동성
1379,201203,0010225,현대카드㈜,B2,업무용 유형자산비율_자기자본,1618507000000,신용카드사,C,SC010,유동성
1380,201206,0010225,현대카드㈜,A,원화 유동성비율,421.98,신용카드사,C,SC010,유동성
1381,201206,0010225,현대카드㈜,A1,원화 유동성비율_유동성자산,9005882000000,신용카드사,C,SC010,유동성
1382,201206,0010225,현대카드㈜,A2,원화 유동성비율_유동성부채,2134202000000,신용카드사,C,SC010,유동성
1383,201206,0010225,현대카드㈜,B,업무용 유형자산비율,13.88,신용카드사,C,SC010,유동성
1384,201206,0010225,현대카드㈜,B1,업무용 유형자산비율_업무용 유형자산,230399000000,신용카드사,C,SC010,유동성
1385,201206,0010225,현대카드㈜,B2,업무용 유형자산비율_자기자본,1659658000000,신용카드사,C,SC010,유동성
1386,201209,0010225,현대카드㈜,A,원화 유동성비율,388.4,신용카드사,C,SC010,유동성
1387,201209,0010225,현대카드㈜,A1,원화 유동성비율_유동성자산,8866259000000,신용카드사,C,SC010,유동성
1388,201209,0010225,현대카드㈜,A2,원화 유동성비율_유동성부채,2282788000000,신용카드사,C,SC010,유동성
1389,201209,0010225,현대카드㈜,B,업무용 유형자산비율,13.8,신용카드사,C,SC010,유동성
1390,201209,0010225,현대카드㈜,B1,업무용 유형자산비율_업무용 유형자산,235646000000,신용카드사,C,SC010,유동성
1391,201209,0010225,현대카드㈜,B2,업무용 유형자산비율_자기자본,1707901000000,신용카드사,C,SC010,유동성
1392,201212,0010225,현대카드㈜,A,원화 유동성비율,422.61,신용카드사,C,SC010,유동성
1393,201212,0010225,현대카드㈜,A1,원화 유동성비율_유동성자산,9125356000000,신용카드사,C,SC010,유동성
1394,201212,0010225,현대카드㈜,A2,원화 유동성비율_유동성부채,2159304000000,신용카드사,C,SC010,유동성
1395,201212,0010225,현대카드㈜,B,업무용 유형자산비율,15.31,신용카드사,C,SC010,유동성
1396,201212,0010225,현대카드㈜,B1,업무용 유형자산비율_업무용 유형자산,242843000000,신용카드사,C,SC010,유동성
1397,201212,0010225,현대카드㈜,B2,업무용 유형자산비율_자기자본,1585809000000,신용카드사,C,SC010,유동성
1398,201303,0010225,현대카드㈜,A,원화 유동성비율,505.76,신용카드사,C,SC010,유동성
1399,201303,0010225,현대카드㈜,A1,원화 유동성비율_유동성자산,8457126000000,신용카드사,C,SC010,유동성
1400,201303,0010225,현대카드㈜,A2,원화 유동성비율_유동성부채,1672157000000,신용카드사,C,SC010,유동성
1401,201303,0010225,현대카드㈜,B,업무용 유형자산비율,14.71,신용카드사,C,SC010,유동성
1402,201303,0010225,현대카드㈜,B1,업무용 유형자산비율_업무용 유형자산,240505000000,신용카드사,C,SC010,유동성
1403,201303,0010225,현대카드㈜,B2,업무용 유형자산비율_자기자본,1634752000000,신용카드사,C,SC010,유동성
1404,201306,0010225,현대카드㈜,A,원화 유동성비율,467.94,신용카드사,C,SC010,유동성
1405,201306,0010225,현대카드㈜,A1,원화 유동성비율_유동성자산,8496636000000,신용카드사,C,SC010,유동성
1406,201306,0010225,현대카드㈜,A2,원화 유동성비율_유동성부채,1815754000000,신용카드사,C,SC010,유동성
1407,201306,0010225,현대카드㈜,B,업무용 유형자산비율,14.6,신용카드사,C,SC010,유동성
1408,201306,0010225,현대카드㈜,B1,업무용 유형자산비율_업무용 유형자산,243002000000,신용카드사,C,SC010,유동성
1409,201306,0010225,현대카드㈜,B2,업무용 유형자산비율_자기자본,1664755000000,신용카드사,C,SC010,유동성
1410,201309,0010225,현대카드㈜,A,원화 유동성비율,489.02,신용카드사,C,SC010,유동성
1411,201309,0010225,현대카드㈜,A1,원화 유동성비율_유동성자산,8576194000000,신용카드사,C,SC010,유동성
1412,201309,0010225,현대카드㈜,A2,원화 유동성비율_유동성부채,1753764000000,신용카드사,C,SC010,유동성
1413,201309,0010225,현대카드㈜,B,업무용 유형자산비율,14.3,신용카드사,C,SC010,유동성
1414,201309,0010225,현대카드㈜,B1,업무용 유형자산비율_업무용 유형자산,246486000000,신용카드사,C,SC010,유동성
1415,201309,0010225,현대카드㈜,B2,업무용 유형자산비율_자기자본,1723881000000,신용카드사,C,SC010,유동성
1416,201312,0010225,현대카드㈜,A,원화 유동성비율,555.51,신용카드사,C,SC010,유동성
1417,201312,0010225,현대카드㈜,A1,원화 유동성비율_유동성자산,9087227000000,신용카드사,C,SC010,유동성
1418,201312,0010225,현대카드㈜,A2,원화 유동성비율_유동성부채,1635824000000,신용카드사,C,SC010,유동성
1419,201312,0010225,현대카드㈜,B,업무용 유형자산비율,14.74,신용카드사,C,SC010,유동성
1420,201312,0010225,현대카드㈜,B1,업무용 유형자산비율_업무용 유형자산,251731000000,신용카드사,C,SC010,유동성
1421,201312,0010225,현대카드㈜,B2,업무용 유형자산비율_자기자본,1707249000000,신용카드사,C,SC010,유동성
1422,201403,0010225,현대카드㈜,A,원화 유동성비율,473.55,신용카드사,C,SC010,유동성
1423,201403,0010225,현대카드㈜,A1,원화 유동성비율_유동성자산,8930807000000,신용카드사,C,SC010,유동성
1424,201403,0010225,현대카드㈜,A2,원화 유동성비율_유동성부채,1885942000000,신용카드사,C,SC010,유동성
1425,201403,0010225,현대카드㈜,B,업무용 유형자산비율,14,신용카드사,C,SC010,유동성
1426,201403,0010225,현대카드㈜,B1,업무용 유형자산비율_업무용 유형자산,251752000000,신용카드사,C,SC010,유동성
1427,201403,0010225,현대카드㈜,B2,업무용 유형자산비율_자기자본,1797806000000,신용카드사,C,SC010,유동성
1428,201406,0010225,현대카드㈜,A,원화 유동성비율,504.11,신용카드사,C,SC010,유동성
1429,201406,0010225,현대카드㈜,A1,원화 유동성비율_유동성자산,9330627000000,신용카드사,C,SC010,유동성
1430,201406,0010225,현대카드㈜,A2,원화 유동성비율_유동성부채,1850924000000,신용카드사,C,SC010,유동성
1431,201406,0010225,현대카드㈜,B,업무용 유형자산비율,14.16,신용카드사,C,SC010,유동성
1432,201406,0010225,현대카드㈜,B1,업무용 유형자산비율_업무용 유형자산,256582000000,신용카드사,C,SC010,유동성
1433,201406,0010225,현대카드㈜,B2,업무용 유형자산비율_자기자본,1811707000000,신용카드사,C,SC010,유동성
1434,201409,0010225,현대카드㈜,A,원화 유동성비율,482.98,신용카드사,C,SC010,유동성
1435,201409,0010225,현대카드㈜,A1,원화 유동성비율_유동성자산,9036169000000,신용카드사,C,SC010,유동성
1436,201409,0010225,현대카드㈜,A2,원화 유동성비율_유동성부채,1870910000000,신용카드사,C,SC010,유동성
1437,201409,0010225,현대카드㈜,B,업무용 유형자산비율,14.3,신용카드사,C,SC010,유동성
1438,201409,0010225,현대카드㈜,B1,업무용 유형자산비율_업무용 유형자산,263155000000,신용카드사,C,SC010,유동성
1439,201409,0010225,현대카드㈜,B2,업무용 유형자산비율_자기자본,1840229000000,신용카드사,C,SC010,유동성
1440,201412,0010225,현대카드㈜,A,원화 유동성비율,510.27,신용카드사,C,SC010,유동성
1441,201412,0010225,현대카드㈜,A1,원화 유동성비율_유동성자산,9147939000000,신용카드사,C,SC010,유동성
1442,201412,0010225,현대카드㈜,A2,원화 유동성비율_유동성부채,1792747000000,신용카드사,C,SC010,유동성
1443,201412,0010225,현대카드㈜,B,업무용 유형자산비율,15.24,신용카드사,C,SC010,유동성
1444,201412,0010225,현대카드㈜,B1,업무용 유형자산비율_업무용 유형자산,288699000000,신용카드사,C,SC010,유동성
1445,201412,0010225,현대카드㈜,B2,업무용 유형자산비율_자기자본,1894647000000,신용카드사,C,SC010,유동성
1446,201503,0010225,현대카드㈜,A,원화 유동성비율,435.85,신용카드사,C,SC010,유동성
1447,201503,0010225,현대카드㈜,A1,원화 유동성비율_유동성자산,8931328000000,신용카드사,C,SC010,유동성
1448,201503,0010225,현대카드㈜,A2,원화 유동성비율_유동성부채,2049164000000,신용카드사,C,SC010,유동성
1449,201503,0010225,현대카드㈜,B,업무용 유형자산비율,14.68,신용카드사,C,SC010,유동성
1450,201503,0010225,현대카드㈜,B1,업무용 유형자산비율_업무용 유형자산,291578000000,신용카드사,C,SC010,유동성
1451,201503,0010225,현대카드㈜,B2,업무용 유형자산비율_자기자본,1986036000000,신용카드사,C,SC010,유동성
1452,201506,0010225,현대카드㈜,A,원화 유동성비율,480.82,신용카드사,C,SC010,유동성
1453,201506,0010225,현대카드㈜,A1,원화 유동성비율_유동성자산,8710649000000,신용카드사,C,SC010,유동성
1454,201506,0010225,현대카드㈜,A2,원화 유동성비율_유동성부채,1811617000000,신용카드사,C,SC010,유동성
1455,201506,0010225,현대카드㈜,B,업무용 유형자산비율,14.76,신용카드사,C,SC010,유동성
1456,201506,0010225,현대카드㈜,B1,업무용 유형자산비율_업무용 유형자산,300350000000,신용카드사,C,SC010,유동성
1457,201506,0010225,현대카드㈜,B2,업무용 유형자산비율_자기자본,2034539000000,신용카드사,C,SC010,유동성
1458,201509,0010225,현대카드㈜,A,원화 유동성비율,369.14,신용카드사,C,SC010,유동성
1459,201509,0010225,현대카드㈜,A1,원화 유동성비율_유동성자산,9361020000000,신용카드사,C,SC010,유동성
1460,201509,0010225,현대카드㈜,A2,원화 유동성비율_유동성부채,2535868000000,신용카드사,C,SC010,유동성
1461,201509,0010225,현대카드㈜,B,업무용 유형자산비율,16.61,신용카드사,C,SC010,유동성
1462,201509,0010225,현대카드㈜,B1,업무용 유형자산비율_업무용 유형자산,295632000000,신용카드사,C,SC010,유동성
1463,201509,0010225,현대카드㈜,B2,업무용 유형자산비율_자기자본,1779586000000,신용카드사,C,SC010,유동성
1464,201512,0010225,현대카드㈜,A,원화 유동성비율,501.88,신용카드사,C,SC010,유동성
1465,201512,0010225,현대카드㈜,A1,원화 유동성비율_유동성자산,9469851000000,신용카드사,C,SC010,유동성
1466,201512,0010225,현대카드㈜,A2,원화 유동성비율_유동성부채,1886874000000,신용카드사,C,SC010,유동성
1467,201512,0010225,현대카드㈜,B,업무용 유형자산비율,15.53,신용카드사,C,SC010,유동성
1468,201512,0010225,현대카드㈜,B1,업무용 유형자산비율_업무용 유형자산,288508000000,신용카드사,C,SC010,유동성
1469,201512,0010225,현대카드㈜,B2,업무용 유형자산비율_자기자본,1857679000000,신용카드사,C,SC010,유동성
1470,201603,0010225,현대카드㈜,A,원화 유동성비율,581.75,신용카드사,C,SC010,유동성
1471,201603,0010225,현대카드㈜,A1,원화 유동성비율_유동성자산,9363187000000,신용카드사,C,SC010,유동성
1472,201603,0010225,현대카드㈜,A2,원화 유동성비율_유동성부채,1609475000000,신용카드사,C,SC010,유동성
1473,201603,0010225,현대카드㈜,B,업무용 유형자산비율,15.36,신용카드사,C,SC010,유동성
1474,201603,0010225,현대카드㈜,B1,업무용 유형자산비율_업무용 유형자산,292767000000,신용카드사,C,SC010,유동성
1475,201603,0010225,현대카드㈜,B2,업무용 유형자산비율_자기자본,1905752000000,신용카드사,C,SC010,유동성
1476,201606,0010225,현대카드㈜,A,원화 유동성비율,534.76,신용카드사,C,SC010,유동성
1477,201606,0010225,현대카드㈜,A1,원화 유동성비율_유동성자산,9608918000000,신용카드사,C,SC010,유동성
1478,201606,0010225,현대카드㈜,A2,원화 유동성비율_유동성부채,1796868000000,신용카드사,C,SC010,유동성
1479,201606,0010225,현대카드㈜,B,업무용 유형자산비율,15.26,신용카드사,C,SC010,유동성
1480,201606,0010225,현대카드㈜,B1,업무용 유형자산비율_업무용 유형자산,297735000000,신용카드사,C,SC010,유동성
1481,201606,0010225,현대카드㈜,B2,업무용 유형자산비율_자기자본,1951141000000,신용카드사,C,SC010,유동성
1482,201609,0010225,현대카드㈜,A,원화 유동성비율,462.72,신용카드사,C,SC010,유동성
1483,201609,0010225,현대카드㈜,A1,원화 유동성비율_유동성자산,9692881000000,신용카드사,C,SC010,유동성
1484,201609,0010225,현대카드㈜,A2,원화 유동성비율_유동성부채,2094784000000,신용카드사,C,SC010,유동성
1485,201609,0010225,현대카드㈜,B,업무용 유형자산비율,15.39,신용카드사,C,SC010,유동성
1486,201609,0010225,현대카드㈜,B1,업무용 유형자산비율_업무용 유형자산,306269000000,신용카드사,C,SC010,유동성
1487,201609,0010225,현대카드㈜,B2,업무용 유형자산비율_자기자본,1989966000000,신용카드사,C,SC010,유동성
1488,201612,0010225,현대카드㈜,A,원화 유동성비율,414.61,신용카드사,C,SC010,유동성
1489,201612,0010225,현대카드㈜,A1,원화 유동성비율_유동성자산,10229622000000,신용카드사,C,SC010,유동성
1490,201612,0010225,현대카드㈜,A2,원화 유동성비율_유동성부채,2467296000000,신용카드사,C,SC010,유동성
1491,201612,0010225,현대카드㈜,B,업무용 유형자산비율,15.38,신용카드사,C,SC010,유동성
1492,201612,0010225,현대카드㈜,B1,업무용 유형자산비율_업무용 유형자산,313775000000,신용카드사,C,SC010,유동성
1493,201612,0010225,현대카드㈜,B2,업무용 유형자산비율_자기자본,2039967000000,신용카드사,C,SC010,유동성
