,년월,금융회사코드,금융회사명,코드,구분,당분기,누계,금융구분,통계분류,통계표코드,통계표명
0,201106,0010619,DB생명보험주식회사,A,설계사,1818135000,1818135000,국내생보사,D,SH027,형태별 보험료 수입(수납형태)
1,201106,0010619,DB생명보험주식회사,B,지로,778815000,778815000,국내생보사,D,SH027,형태별 보험료 수입(수납형태)
2,201106,0010619,DB생명보험주식회사,C,자동이체,181546878000,181546878000,국내생보사,D,SH027,형태별 보험료 수입(수납형태)
3,201106,0010619,DB생명보험주식회사,D,대리점,0,0,국내생보사,D,SH027,형태별 보험료 수입(수납형태)
4,201106,0010619,DB생명보험주식회사,E,직납,2051538000,2051538000,국내생보사,D,SH027,형태별 보험료 수입(수납형태)
5,201106,0010619,DB생명보험주식회사,F,신용카드,18730837000,18730837000,국내생보사,D,SH027,형태별 보험료 수입(수납형태)
6,201106,0010619,DB생명보험주식회사,G,방카슈랑스,120798446000,120798446000,국내생보사,D,SH027,형태별 보험료 수입(수납형태)
7,201106,0010619,DB생명보험주식회사,H,기타,0,0,국내생보사,D,SH027,형태별 보험료 수입(수납형태)
8,201109,0010619,DB생명보험주식회사,A,설계사,10574153000,12392288000,국내생보사,D,SH027,형태별 보험료 수입(수납형태)
9,201109,0010619,DB생명보험주식회사,B,지로,733637000,1512452000,국내생보사,D,SH027,형태별 보험료 수입(수납형태)
10,201109,0010619,DB생명보험주식회사,C,자동이체,185283937000,366830815000,국내생보사,D,SH027,형태별 보험료 수입(수납형태)
11,201109,0010619,DB생명보험주식회사,D,대리점,0,0,국내생보사,D,SH027,형태별 보험료 수입(수납형태)
12,201109,0010619,DB생명보험주식회사,E,직납,2130615000,4182153000,국내생보사,D,SH027,형태별 보험료 수입(수납형태)
13,201109,0010619,DB생명보험주식회사,F,신용카드,19459479000,38190316000,국내생보사,D,SH027,형태별 보험료 수입(수납형태)
14,201109,0010619,DB생명보험주식회사,G,방카슈랑스,121387252000,242185698000,국내생보사,D,SH027,형태별 보험료 수입(수납형태)
15,201109,0010619,DB생명보험주식회사,H,기타,0,0,국내생보사,D,SH027,형태별 보험료 수입(수납형태)
16,201112,0010619,DB생명보험주식회사,A,설계사,33404600000,45796888000,국내생보사,D,SH027,형태별 보험료 수입(수납형태)
17,201112,0010619,DB생명보험주식회사,B,지로,655519000,2167971000,국내생보사,D,SH027,형태별 보험료 수입(수납형태)
18,201112,0010619,DB생명보험주식회사,C,자동이체,191162914000,557993729000,국내생보사,D,SH027,형태별 보험료 수입(수납형태)
19,201112,0010619,DB생명보험주식회사,D,대리점,0,0,국내생보사,D,SH027,형태별 보험료 수입(수납형태)
20,201112,0010619,DB생명보험주식회사,E,직납,3862688000,8044841000,국내생보사,D,SH027,형태별 보험료 수입(수납형태)
21,201112,0010619,DB생명보험주식회사,F,신용카드,14439548000,52629864000,국내생보사,D,SH027,형태별 보험료 수입(수납형태)
22,201112,0010619,DB생명보험주식회사,G,방카슈랑스,123815441000,366001139000,국내생보사,D,SH027,형태별 보험료 수입(수납형태)
23,201112,0010619,DB생명보험주식회사,H,기타,0,0,국내생보사,D,SH027,형태별 보험료 수입(수납형태)
24,201203,0010619,DB생명보험주식회사,A,설계사,5755962000,51552850000,국내생보사,D,SH027,형태별 보험료 수입(수납형태)
25,201203,0010619,DB생명보험주식회사,B,지로,943856000,3111827000,국내생보사,D,SH027,형태별 보험료 수입(수납형태)
26,201203,0010619,DB생명보험주식회사,C,자동이체,195967106000,753960835000,국내생보사,D,SH027,형태별 보험료 수입(수납형태)
27,201203,0010619,DB생명보험주식회사,D,대리점,0,0,국내생보사,D,SH027,형태별 보험료 수입(수납형태)
28,201203,0010619,DB생명보험주식회사,E,직납,5602260000,13647101000,국내생보사,D,SH027,형태별 보험료 수입(수납형태)
29,201203,0010619,DB생명보험주식회사,F,신용카드,12707781000,65337645000,국내생보사,D,SH027,형태별 보험료 수입(수납형태)
30,201203,0010619,DB생명보험주식회사,G,방카슈랑스,122713068000,488714207000,국내생보사,D,SH027,형태별 보험료 수입(수납형태)
31,201203,0010619,DB생명보험주식회사,H,기타,0,0,국내생보사,D,SH027,형태별 보험료 수입(수납형태)
32,201206,0010619,DB생명보험주식회사,A,설계사,8099652000,8099652000,국내생보사,D,SH027,형태별 보험료 수입(수납형태)
33,201206,0010619,DB생명보험주식회사,B,지로,479395000,479395000,국내생보사,D,SH027,형태별 보험료 수입(수납형태)
34,201206,0010619,DB생명보험주식회사,C,자동이체,200761868000,200761868000,국내생보사,D,SH027,형태별 보험료 수입(수납형태)
35,201206,0010619,DB생명보험주식회사,D,대리점,0,0,국내생보사,D,SH027,형태별 보험료 수입(수납형태)
36,201206,0010619,DB생명보험주식회사,E,직납,5271633000,5271633000,국내생보사,D,SH027,형태별 보험료 수입(수납형태)
37,201206,0010619,DB생명보험주식회사,F,신용카드,12722650000,12722650000,국내생보사,D,SH027,형태별 보험료 수입(수납형태)
38,201206,0010619,DB생명보험주식회사,G,방카슈랑스,124605150000,124605150000,국내생보사,D,SH027,형태별 보험료 수입(수납형태)
39,201206,0010619,DB생명보험주식회사,H,기타,0,0,국내생보사,D,SH027,형태별 보험료 수입(수납형태)
40,201209,0010619,DB생명보험주식회사,A,설계사,6080903000,14180555000,국내생보사,D,SH027,형태별 보험료 수입(수납형태)
41,201209,0010619,DB생명보험주식회사,B,지로,457369000,936764000,국내생보사,D,SH027,형태별 보험료 수입(수납형태)
42,201209,0010619,DB생명보험주식회사,C,자동이체,204724682000,405486550000,국내생보사,D,SH027,형태별 보험료 수입(수납형태)
43,201209,0010619,DB생명보험주식회사,D,대리점,0,0,국내생보사,D,SH027,형태별 보험료 수입(수납형태)
44,201209,0010619,DB생명보험주식회사,E,직납,5545311000,10816944000,국내생보사,D,SH027,형태별 보험료 수입(수납형태)
45,201209,0010619,DB생명보험주식회사,F,신용카드,12696242000,25418892000,국내생보사,D,SH027,형태별 보험료 수입(수납형태)
46,201209,0010619,DB생명보험주식회사,G,방카슈랑스,130127387000,254732537000,국내생보사,D,SH027,형태별 보험료 수입(수납형태)
47,201209,0010619,DB생명보험주식회사,H,기타,0,0,국내생보사,D,SH027,형태별 보험료 수입(수납형태)
48,201212,0010619,DB생명보험주식회사,A,설계사,52150577000,66331132000,국내생보사,D,SH027,형태별 보험료 수입(수납형태)
49,201212,0010619,DB생명보험주식회사,B,지로,405722000,1342486000,국내생보사,D,SH027,형태별 보험료 수입(수납형태)
50,201212,0010619,DB생명보험주식회사,C,자동이체,207452513000,612939063000,국내생보사,D,SH027,형태별 보험료 수입(수납형태)
51,201212,0010619,DB생명보험주식회사,D,대리점,0,0,국내생보사,D,SH027,형태별 보험료 수입(수납형태)
52,201212,0010619,DB생명보험주식회사,E,직납,7634803000,18451747000,국내생보사,D,SH027,형태별 보험료 수입(수납형태)
53,201212,0010619,DB생명보험주식회사,F,신용카드,12605732000,38024624000,국내생보사,D,SH027,형태별 보험료 수입(수납형태)
54,201212,0010619,DB생명보험주식회사,G,방카슈랑스,135573198000,390305735000,국내생보사,D,SH027,형태별 보험료 수입(수납형태)
55,201212,0010619,DB생명보험주식회사,H,기타,0,0,국내생보사,D,SH027,형태별 보험료 수입(수납형태)
56,201303,0010619,DB생명보험주식회사,A,설계사,21127570000,87458702000,국내생보사,D,SH027,형태별 보험료 수입(수납형태)
57,201303,0010619,DB생명보험주식회사,B,지로,322614000,1665100000,국내생보사,D,SH027,형태별 보험료 수입(수납형태)
58,201303,0010619,DB생명보험주식회사,C,자동이체,213148034000,826087097000,국내생보사,D,SH027,형태별 보험료 수입(수납형태)
59,201303,0010619,DB생명보험주식회사,D,대리점,0,0,국내생보사,D,SH027,형태별 보험료 수입(수납형태)
60,201303,0010619,DB생명보험주식회사,E,직납,7861888000,26313635000,국내생보사,D,SH027,형태별 보험료 수입(수납형태)
61,201303,0010619,DB생명보험주식회사,F,신용카드,13969256000,51993880000,국내생보사,D,SH027,형태별 보험료 수입(수납형태)
62,201303,0010619,DB생명보험주식회사,G,방카슈랑스,136140446000,526446181000,국내생보사,D,SH027,형태별 보험료 수입(수납형태)
63,201303,0010619,DB생명보험주식회사,H,기타,0,0,국내생보사,D,SH027,형태별 보험료 수입(수납형태)
64,201306,0010619,DB생명보험주식회사,A,설계사,21717055000,21717055000,국내생보사,D,SH027,형태별 보험료 수입(수납형태)
65,201306,0010619,DB생명보험주식회사,B,지로,288726000,288726000,국내생보사,D,SH027,형태별 보험료 수입(수납형태)
66,201306,0010619,DB생명보험주식회사,C,자동이체,216424474000,216424474000,국내생보사,D,SH027,형태별 보험료 수입(수납형태)
67,201306,0010619,DB생명보험주식회사,D,대리점,0,0,국내생보사,D,SH027,형태별 보험료 수입(수납형태)
68,201306,0010619,DB생명보험주식회사,E,직납,6789821000,6789821000,국내생보사,D,SH027,형태별 보험료 수입(수납형태)
69,201306,0010619,DB생명보험주식회사,F,신용카드,14811259000,14811259000,국내생보사,D,SH027,형태별 보험료 수입(수납형태)
70,201306,0010619,DB생명보험주식회사,G,방카슈랑스,127914332000,127914332000,국내생보사,D,SH027,형태별 보험료 수입(수납형태)
71,201306,0010619,DB생명보험주식회사,H,기타,0,0,국내생보사,D,SH027,형태별 보험료 수입(수납형태)
72,201309,0010619,DB생명보험주식회사,A,설계사,4783764000,26500819000,국내생보사,D,SH027,형태별 보험료 수입(수납형태)
73,201309,0010619,DB생명보험주식회사,B,지로,297069000,585795000,국내생보사,D,SH027,형태별 보험료 수입(수납형태)
74,201309,0010619,DB생명보험주식회사,C,자동이체,219477965000,435902439000,국내생보사,D,SH027,형태별 보험료 수입(수납형태)
75,201309,0010619,DB생명보험주식회사,D,대리점,0,0,국내생보사,D,SH027,형태별 보험료 수입(수납형태)
76,201309,0010619,DB생명보험주식회사,E,직납,4301788000,11091609000,국내생보사,D,SH027,형태별 보험료 수입(수납형태)
77,201309,0010619,DB생명보험주식회사,F,신용카드,15295628000,30106887000,국내생보사,D,SH027,형태별 보험료 수입(수납형태)
78,201309,0010619,DB생명보험주식회사,G,방카슈랑스,125197017000,253111349000,국내생보사,D,SH027,형태별 보험료 수입(수납형태)
79,201309,0010619,DB생명보험주식회사,H,기타,0,0,국내생보사,D,SH027,형태별 보험료 수입(수납형태)
80,201312,0010619,DB생명보험주식회사,A,설계사,50079753000,76580572000,국내생보사,D,SH027,형태별 보험료 수입(수납형태)
81,201312,0010619,DB생명보험주식회사,B,지로,404925000,990720000,국내생보사,D,SH027,형태별 보험료 수입(수납형태)
82,201312,0010619,DB생명보험주식회사,C,자동이체,219831602000,655734041000,국내생보사,D,SH027,형태별 보험료 수입(수납형태)
83,201312,0010619,DB생명보험주식회사,D,대리점,0,0,국내생보사,D,SH027,형태별 보험료 수입(수납형태)
84,201312,0010619,DB생명보험주식회사,E,직납,3482205000,14573814000,국내생보사,D,SH027,형태별 보험료 수입(수납형태)
85,201312,0010619,DB생명보험주식회사,F,신용카드,15486077000,45592964000,국내생보사,D,SH027,형태별 보험료 수입(수납형태)
86,201312,0010619,DB생명보험주식회사,G,방카슈랑스,120322250000,373433599000,국내생보사,D,SH027,형태별 보험료 수입(수납형태)
87,201312,0010619,DB생명보험주식회사,H,기타,0,0,국내생보사,D,SH027,형태별 보험료 수입(수납형태)
88,201403,0010619,DB생명보험주식회사,A,설계사,19203329000,19203329000,국내생보사,D,SH027,형태별 보험료 수입(수납형태)
89,201403,0010619,DB생명보험주식회사,B,지로,314515000,314515000,국내생보사,D,SH027,형태별 보험료 수입(수납형태)
90,201403,0010619,DB생명보험주식회사,C,자동이체,222712312000,222712312000,국내생보사,D,SH027,형태별 보험료 수입(수납형태)
91,201403,0010619,DB생명보험주식회사,D,대리점,0,0,국내생보사,D,SH027,형태별 보험료 수입(수납형태)
92,201403,0010619,DB생명보험주식회사,E,직납,3342033000,3342033000,국내생보사,D,SH027,형태별 보험료 수입(수납형태)
93,201403,0010619,DB생명보험주식회사,F,신용카드,15899276000,15899276000,국내생보사,D,SH027,형태별 보험료 수입(수납형태)
94,201403,0010619,DB생명보험주식회사,G,방카슈랑스,114506636000,114506636000,국내생보사,D,SH027,형태별 보험료 수입(수납형태)
95,201403,0010619,DB생명보험주식회사,H,기타,0,0,국내생보사,D,SH027,형태별 보험료 수입(수납형태)
96,201406,0010619,DB생명보험주식회사,A,설계사,8232423000,27435752000,국내생보사,D,SH027,형태별 보험료 수입(수납형태)
97,201406,0010619,DB생명보험주식회사,B,지로,261425000,575940000,국내생보사,D,SH027,형태별 보험료 수입(수납형태)
98,201406,0010619,DB생명보험주식회사,C,자동이체,228346081000,451058393000,국내생보사,D,SH027,형태별 보험료 수입(수납형태)
99,201406,0010619,DB생명보험주식회사,D,대리점,0,0,국내생보사,D,SH027,형태별 보험료 수입(수납형태)
100,201406,0010619,DB생명보험주식회사,E,직납,3566016000,6908049000,국내생보사,D,SH027,형태별 보험료 수입(수납형태)
101,201406,0010619,DB생명보험주식회사,F,신용카드,16175508000,32074784000,국내생보사,D,SH027,형태별 보험료 수입(수납형태)
102,201406,0010619,DB생명보험주식회사,G,방카슈랑스,109867378000,224374014000,국내생보사,D,SH027,형태별 보험료 수입(수납형태)
103,201406,0010619,DB생명보험주식회사,H,기타,0,0,국내생보사,D,SH027,형태별 보험료 수입(수납형태)
104,201409,0010619,DB생명보험주식회사,A,설계사,11317057000,38752809000,국내생보사,D,SH027,형태별 보험료 수입(수납형태)
105,201409,0010619,DB생명보험주식회사,B,지로,198791000,774731000,국내생보사,D,SH027,형태별 보험료 수입(수납형태)
106,201409,0010619,DB생명보험주식회사,C,자동이체,233325402000,684383795000,국내생보사,D,SH027,형태별 보험료 수입(수납형태)
107,201409,0010619,DB생명보험주식회사,D,대리점,0,0,국내생보사,D,SH027,형태별 보험료 수입(수납형태)
108,201409,0010619,DB생명보험주식회사,E,직납,3805518000,10713567000,국내생보사,D,SH027,형태별 보험료 수입(수납형태)
109,201409,0010619,DB생명보험주식회사,F,신용카드,16700506000,48775290000,국내생보사,D,SH027,형태별 보험료 수입(수납형태)
110,201409,0010619,DB생명보험주식회사,G,방카슈랑스,106311909000,330685923000,국내생보사,D,SH027,형태별 보험료 수입(수납형태)
111,201409,0010619,DB생명보험주식회사,H,기타,0,0,국내생보사,D,SH027,형태별 보험료 수입(수납형태)
112,201412,0010619,DB생명보험주식회사,A,설계사,100867377000,139620186000,국내생보사,D,SH027,형태별 보험료 수입(수납형태)
113,201412,0010619,DB생명보험주식회사,B,지로,220364000,995095000,국내생보사,D,SH027,형태별 보험료 수입(수납형태)
114,201412,0010619,DB생명보험주식회사,C,자동이체,236036539000,920420334000,국내생보사,D,SH027,형태별 보험료 수입(수납형태)
115,201412,0010619,DB생명보험주식회사,D,대리점,0,0,국내생보사,D,SH027,형태별 보험료 수입(수납형태)
116,201412,0010619,DB생명보험주식회사,E,직납,3425888000,14139455000,국내생보사,D,SH027,형태별 보험료 수입(수납형태)
117,201412,0010619,DB생명보험주식회사,F,신용카드,17029060000,65804350000,국내생보사,D,SH027,형태별 보험료 수입(수납형태)
118,201412,0010619,DB생명보험주식회사,G,방카슈랑스,106473900000,437159823000,국내생보사,D,SH027,형태별 보험료 수입(수납형태)
119,201412,0010619,DB생명보험주식회사,H,기타,0,0,국내생보사,D,SH027,형태별 보험료 수입(수납형태)
120,201503,0010619,DB생명보험주식회사,A,설계사,14770226000,14770226000,국내생보사,D,SH027,형태별 보험료 수입(수납형태)
121,201503,0010619,DB생명보험주식회사,B,지로,257260000,257260000,국내생보사,D,SH027,형태별 보험료 수입(수납형태)
122,201503,0010619,DB생명보험주식회사,C,자동이체,243002870000,243002870000,국내생보사,D,SH027,형태별 보험료 수입(수납형태)
123,201503,0010619,DB생명보험주식회사,D,대리점,0,0,국내생보사,D,SH027,형태별 보험료 수입(수납형태)
124,201503,0010619,DB생명보험주식회사,E,직납,3575906000,3575906000,국내생보사,D,SH027,형태별 보험료 수입(수납형태)
125,201503,0010619,DB생명보험주식회사,F,신용카드,17365433000,17365433000,국내생보사,D,SH027,형태별 보험료 수입(수납형태)
126,201503,0010619,DB생명보험주식회사,G,방카슈랑스,105132284000,105132284000,국내생보사,D,SH027,형태별 보험료 수입(수납형태)
127,201503,0010619,DB생명보험주식회사,H,기타,0,0,국내생보사,D,SH027,형태별 보험료 수입(수납형태)
128,201506,0010619,DB생명보험주식회사,A,설계사,51217872000,65988098000,국내생보사,D,SH027,형태별 보험료 수입(수납형태)
129,201506,0010619,DB생명보험주식회사,B,지로,177341000,434601000,국내생보사,D,SH027,형태별 보험료 수입(수납형태)
130,201506,0010619,DB생명보험주식회사,C,자동이체,249566503000,492569373000,국내생보사,D,SH027,형태별 보험료 수입(수납형태)
131,201506,0010619,DB생명보험주식회사,D,대리점,0,0,국내생보사,D,SH027,형태별 보험료 수입(수납형태)
132,201506,0010619,DB생명보험주식회사,E,직납,3829484000,7405390000,국내생보사,D,SH027,형태별 보험료 수입(수납형태)
133,201506,0010619,DB생명보험주식회사,F,신용카드,17851634000,35217067000,국내생보사,D,SH027,형태별 보험료 수입(수납형태)
134,201506,0010619,DB생명보험주식회사,G,방카슈랑스,100976923000,206109207000,국내생보사,D,SH027,형태별 보험료 수입(수납형태)
135,201506,0010619,DB생명보험주식회사,H,기타,0,0,국내생보사,D,SH027,형태별 보험료 수입(수납형태)
136,201509,0010619,DB생명보험주식회사,A,설계사,16938832000,82926930000,국내생보사,D,SH027,형태별 보험료 수입(수납형태)
137,201509,0010619,DB생명보험주식회사,B,지로,169397000,603998000,국내생보사,D,SH027,형태별 보험료 수입(수납형태)
138,201509,0010619,DB생명보험주식회사,C,자동이체,254710731000,747280104000,국내생보사,D,SH027,형태별 보험료 수입(수납형태)
139,201509,0010619,DB생명보험주식회사,D,대리점,0,0,국내생보사,D,SH027,형태별 보험료 수입(수납형태)
140,201509,0010619,DB생명보험주식회사,E,직납,3861020000,11266410000,국내생보사,D,SH027,형태별 보험료 수입(수납형태)
141,201509,0010619,DB생명보험주식회사,F,신용카드,18515394000,53732461000,국내생보사,D,SH027,형태별 보험료 수입(수납형태)
142,201509,0010619,DB생명보험주식회사,G,방카슈랑스,95735808000,301845015000,국내생보사,D,SH027,형태별 보험료 수입(수납형태)
143,201509,0010619,DB생명보험주식회사,H,기타,0,0,국내생보사,D,SH027,형태별 보험료 수입(수납형태)
144,201512,0010619,DB생명보험주식회사,A,설계사,105168974000,188095904000,국내생보사,D,SH027,형태별 보험료 수입(수납형태)
145,201512,0010619,DB생명보험주식회사,B,지로,143720000,747718000,국내생보사,D,SH027,형태별 보험료 수입(수납형태)
146,201512,0010619,DB생명보험주식회사,C,자동이체,263538141000,1010818245000,국내생보사,D,SH027,형태별 보험료 수입(수납형태)
147,201512,0010619,DB생명보험주식회사,D,대리점,0,0,국내생보사,D,SH027,형태별 보험료 수입(수납형태)
148,201512,0010619,DB생명보험주식회사,E,직납,4017410000,15283820000,국내생보사,D,SH027,형태별 보험료 수입(수납형태)
149,201512,0010619,DB생명보험주식회사,F,신용카드,19412706000,73145167000,국내생보사,D,SH027,형태별 보험료 수입(수납형태)
150,201512,0010619,DB생명보험주식회사,G,방카슈랑스,93111146000,394956161000,국내생보사,D,SH027,형태별 보험료 수입(수납형태)
151,201512,0010619,DB생명보험주식회사,H,기타,0,0,국내생보사,D,SH027,형태별 보험료 수입(수납형태)
152,201603,0010619,DB생명보험주식회사,A,설계사,28362315000,28362315000,국내생보사,D,SH027,형태별 보험료 수입(수납형태)
153,201603,0010619,DB생명보험주식회사,B,지로,136687000,136687000,국내생보사,D,SH027,형태별 보험료 수입(수납형태)
154,201603,0010619,DB생명보험주식회사,C,자동이체,270210150000,270210150000,국내생보사,D,SH027,형태별 보험료 수입(수납형태)
155,201603,0010619,DB생명보험주식회사,D,대리점,0,0,국내생보사,D,SH027,형태별 보험료 수입(수납형태)
156,201603,0010619,DB생명보험주식회사,E,직납,4213662000,4213662000,국내생보사,D,SH027,형태별 보험료 수입(수납형태)
157,201603,0010619,DB생명보험주식회사,F,신용카드,20857045000,20857045000,국내생보사,D,SH027,형태별 보험료 수입(수납형태)
158,201603,0010619,DB생명보험주식회사,G,방카슈랑스,87114607000,87114607000,국내생보사,D,SH027,형태별 보험료 수입(수납형태)
159,201603,0010619,DB생명보험주식회사,H,기타,0,0,국내생보사,D,SH027,형태별 보험료 수입(수납형태)
160,201606,0010619,DB생명보험주식회사,A,설계사,30388099000,58750414000,국내생보사,D,SH027,형태별 보험료 수입(수납형태)
161,201606,0010619,DB생명보험주식회사,B,지로,121561000,258248000,국내생보사,D,SH027,형태별 보험료 수입(수납형태)
162,201606,0010619,DB생명보험주식회사,C,자동이체,275933630000,546143780000,국내생보사,D,SH027,형태별 보험료 수입(수납형태)
163,201606,0010619,DB생명보험주식회사,D,대리점,0,0,국내생보사,D,SH027,형태별 보험료 수입(수납형태)
164,201606,0010619,DB생명보험주식회사,E,직납,4235107000,8448769000,국내생보사,D,SH027,형태별 보험료 수입(수납형태)
165,201606,0010619,DB생명보험주식회사,F,신용카드,21194710000,42051755000,국내생보사,D,SH027,형태별 보험료 수입(수납형태)
166,201606,0010619,DB생명보험주식회사,G,방카슈랑스,85713859000,172828466000,국내생보사,D,SH027,형태별 보험료 수입(수납형태)
167,201606,0010619,DB생명보험주식회사,H,기타,0,0,국내생보사,D,SH027,형태별 보험료 수입(수납형태)
168,201609,0010619,DB생명보험주식회사,A,설계사,28733816000,87484230000,국내생보사,D,SH027,형태별 보험료 수입(수납형태)
169,201609,0010619,DB생명보험주식회사,B,지로,217375000,475623000,국내생보사,D,SH027,형태별 보험료 수입(수납형태)
170,201609,0010619,DB생명보험주식회사,C,자동이체,278935543000,825079323000,국내생보사,D,SH027,형태별 보험료 수입(수납형태)
171,201609,0010619,DB생명보험주식회사,D,대리점,0,0,국내생보사,D,SH027,형태별 보험료 수입(수납형태)
172,201609,0010619,DB생명보험주식회사,E,직납,4024363000,12473132000,국내생보사,D,SH027,형태별 보험료 수입(수납형태)
173,201609,0010619,DB생명보험주식회사,F,신용카드,22078207000,64129962000,국내생보사,D,SH027,형태별 보험료 수입(수납형태)
174,201609,0010619,DB생명보험주식회사,G,방카슈랑스,83682464000,256510930000,국내생보사,D,SH027,형태별 보험료 수입(수납형태)
175,201609,0010619,DB생명보험주식회사,H,기타,0,0,국내생보사,D,SH027,형태별 보험료 수입(수납형태)
176,201612,0010619,DB생명보험주식회사,A,설계사,187304580000,274788810000,국내생보사,D,SH027,형태별 보험료 수입(수납형태)
177,201612,0010619,DB생명보험주식회사,B,지로,82657000,558280000,국내생보사,D,SH027,형태별 보험료 수입(수납형태)
178,201612,0010619,DB생명보험주식회사,C,자동이체,285931706000,1111011029000,국내생보사,D,SH027,형태별 보험료 수입(수납형태)
179,201612,0010619,DB생명보험주식회사,D,대리점,0,0,국내생보사,D,SH027,형태별 보험료 수입(수납형태)
180,201612,0010619,DB생명보험주식회사,E,직납,4332296000,16805428000,국내생보사,D,SH027,형태별 보험료 수입(수납형태)
181,201612,0010619,DB생명보험주식회사,F,신용카드,22947218000,87077180000,국내생보사,D,SH027,형태별 보험료 수입(수납형태)
182,201612,0010619,DB생명보험주식회사,G,방카슈랑스,80667439000,337178369000,국내생보사,D,SH027,형태별 보험료 수입(수납형태)
183,201612,0010619,DB생명보험주식회사,H,기타,0,0,국내생보사,D,SH027,형태별 보험료 수입(수납형태)
184,201106,0010616,KB라이프생명보험,A,설계사,0,0,국내생보사,D,SH027,형태별 보험료 수입(수납형태)
185,201106,0010616,KB라이프생명보험,B,지로,221877000,221877000,국내생보사,D,SH027,형태별 보험료 수입(수납형태)
186,201106,0010616,KB라이프생명보험,C,자동이체,360620168000,360620168000,국내생보사,D,SH027,형태별 보험료 수입(수납형태)
187,201106,0010616,KB라이프생명보험,D,대리점,0,0,국내생보사,D,SH027,형태별 보험료 수입(수납형태)
188,201106,0010616,KB라이프생명보험,E,직납,4061457000,4061457000,국내생보사,D,SH027,형태별 보험료 수입(수납형태)
189,201106,0010616,KB라이프생명보험,F,신용카드,0,0,국내생보사,D,SH027,형태별 보험료 수입(수납형태)
190,201106,0010616,KB라이프생명보험,G,방카슈랑스,7400000,7400000,국내생보사,D,SH027,형태별 보험료 수입(수납형태)
191,201106,0010616,KB라이프생명보험,H,기타,0,0,국내생보사,D,SH027,형태별 보험료 수입(수납형태)
192,201109,0010616,KB라이프생명보험,A,설계사,0,0,국내생보사,D,SH027,형태별 보험료 수입(수납형태)
193,201109,0010616,KB라이프생명보험,B,지로,257965000,479842000,국내생보사,D,SH027,형태별 보험료 수입(수납형태)
194,201109,0010616,KB라이프생명보험,C,자동이체,366516462000,727136630000,국내생보사,D,SH027,형태별 보험료 수입(수납형태)
195,201109,0010616,KB라이프생명보험,D,대리점,0,0,국내생보사,D,SH027,형태별 보험료 수입(수납형태)
196,201109,0010616,KB라이프생명보험,E,직납,4258592000,8320049000,국내생보사,D,SH027,형태별 보험료 수입(수납형태)
197,201109,0010616,KB라이프생명보험,F,신용카드,0,0,국내생보사,D,SH027,형태별 보험료 수입(수납형태)
198,201109,0010616,KB라이프생명보험,G,방카슈랑스,7100000,14500000,국내생보사,D,SH027,형태별 보험료 수입(수납형태)
199,201109,0010616,KB라이프생명보험,H,기타,0,0,국내생보사,D,SH027,형태별 보험료 수입(수납형태)
200,201112,0010616,KB라이프생명보험,A,설계사,0,0,국내생보사,D,SH027,형태별 보험료 수입(수납형태)
201,201112,0010616,KB라이프생명보험,B,지로,230405000,710247000,국내생보사,D,SH027,형태별 보험료 수입(수납형태)
202,201112,0010616,KB라이프생명보험,C,자동이체,372795274000,1099931904000,국내생보사,D,SH027,형태별 보험료 수입(수납형태)
203,201112,0010616,KB라이프생명보험,D,대리점,0,0,국내생보사,D,SH027,형태별 보험료 수입(수납형태)
204,201112,0010616,KB라이프생명보험,E,직납,4261974000,12582023000,국내생보사,D,SH027,형태별 보험료 수입(수납형태)
205,201112,0010616,KB라이프생명보험,F,신용카드,0,0,국내생보사,D,SH027,형태별 보험료 수입(수납형태)
206,201112,0010616,KB라이프생명보험,G,방카슈랑스,7200000,21700000,국내생보사,D,SH027,형태별 보험료 수입(수납형태)
207,201112,0010616,KB라이프생명보험,H,기타,0,0,국내생보사,D,SH027,형태별 보험료 수입(수납형태)
208,201203,0010616,KB라이프생명보험,A,설계사,0,0,국내생보사,D,SH027,형태별 보험료 수입(수납형태)
209,201203,0010616,KB라이프생명보험,B,지로,163910000,874157000,국내생보사,D,SH027,형태별 보험료 수입(수납형태)
210,201203,0010616,KB라이프생명보험,C,자동이체,376451921000,1476383825000,국내생보사,D,SH027,형태별 보험료 수입(수납형태)
211,201203,0010616,KB라이프생명보험,D,대리점,0,0,국내생보사,D,SH027,형태별 보험료 수입(수납형태)
212,201203,0010616,KB라이프생명보험,E,직납,4370845000,16952868000,국내생보사,D,SH027,형태별 보험료 수입(수납형태)
213,201203,0010616,KB라이프생명보험,F,신용카드,0,0,국내생보사,D,SH027,형태별 보험료 수입(수납형태)
214,201203,0010616,KB라이프생명보험,G,방카슈랑스,7000000,28700000,국내생보사,D,SH027,형태별 보험료 수입(수납형태)
215,201203,0010616,KB라이프생명보험,H,기타,0,0,국내생보사,D,SH027,형태별 보험료 수입(수납형태)
216,201206,0010616,KB라이프생명보험,A,설계사,0,0,국내생보사,D,SH027,형태별 보험료 수입(수납형태)
217,201206,0010616,KB라이프생명보험,B,지로,163715000,163715000,국내생보사,D,SH027,형태별 보험료 수입(수납형태)
218,201206,0010616,KB라이프생명보험,C,자동이체,380813928000,380813928000,국내생보사,D,SH027,형태별 보험료 수입(수납형태)
219,201206,0010616,KB라이프생명보험,D,대리점,0,0,국내생보사,D,SH027,형태별 보험료 수입(수납형태)
220,201206,0010616,KB라이프생명보험,E,직납,4046220000,4046220000,국내생보사,D,SH027,형태별 보험료 수입(수납형태)
221,201206,0010616,KB라이프생명보험,F,신용카드,0,0,국내생보사,D,SH027,형태별 보험료 수입(수납형태)
222,201206,0010616,KB라이프생명보험,G,방카슈랑스,7081000,7081000,국내생보사,D,SH027,형태별 보험료 수입(수납형태)
223,201206,0010616,KB라이프생명보험,H,기타,0,0,국내생보사,D,SH027,형태별 보험료 수입(수납형태)
224,201209,0010616,KB라이프생명보험,A,설계사,0,0,국내생보사,D,SH027,형태별 보험료 수입(수납형태)
225,201209,0010616,KB라이프생명보험,B,지로,183679000,347394000,국내생보사,D,SH027,형태별 보험료 수입(수납형태)
226,201209,0010616,KB라이프생명보험,C,자동이체,383923621000,764737549000,국내생보사,D,SH027,형태별 보험료 수입(수납형태)
227,201209,0010616,KB라이프생명보험,D,대리점,0,0,국내생보사,D,SH027,형태별 보험료 수입(수납형태)
228,201209,0010616,KB라이프생명보험,E,직납,4205669000,8251889000,국내생보사,D,SH027,형태별 보험료 수입(수납형태)
229,201209,0010616,KB라이프생명보험,F,신용카드,0,0,국내생보사,D,SH027,형태별 보험료 수입(수납형태)
230,201209,0010616,KB라이프생명보험,G,방카슈랑스,4200000,11281000,국내생보사,D,SH027,형태별 보험료 수입(수납형태)
231,201209,0010616,KB라이프생명보험,H,기타,0,0,국내생보사,D,SH027,형태별 보험료 수입(수납형태)
232,201212,0010616,KB라이프생명보험,A,설계사,0,0,국내생보사,D,SH027,형태별 보험료 수입(수납형태)
233,201212,0010616,KB라이프생명보험,B,지로,195848000,543242000,국내생보사,D,SH027,형태별 보험료 수입(수납형태)
234,201212,0010616,KB라이프생명보험,C,자동이체,387615994000,1152353543000,국내생보사,D,SH027,형태별 보험료 수입(수납형태)
235,201212,0010616,KB라이프생명보험,D,대리점,0,0,국내생보사,D,SH027,형태별 보험료 수입(수납형태)
236,201212,0010616,KB라이프생명보험,E,직납,4124539000,12376428000,국내생보사,D,SH027,형태별 보험료 수입(수납형태)
237,201212,0010616,KB라이프생명보험,F,신용카드,0,0,국내생보사,D,SH027,형태별 보험료 수입(수납형태)
238,201212,0010616,KB라이프생명보험,G,방카슈랑스,4200000,15481000,국내생보사,D,SH027,형태별 보험료 수입(수납형태)
239,201212,0010616,KB라이프생명보험,H,기타,0,0,국내생보사,D,SH027,형태별 보험료 수입(수납형태)
240,201303,0010616,KB라이프생명보험,A,설계사,0,0,국내생보사,D,SH027,형태별 보험료 수입(수납형태)
241,201303,0010616,KB라이프생명보험,B,지로,139744000,682986000,국내생보사,D,SH027,형태별 보험료 수입(수납형태)
242,201303,0010616,KB라이프생명보험,C,자동이체,391969974000,1544323517000,국내생보사,D,SH027,형태별 보험료 수입(수납형태)
243,201303,0010616,KB라이프생명보험,D,대리점,0,0,국내생보사,D,SH027,형태별 보험료 수입(수납형태)
244,201303,0010616,KB라이프생명보험,E,직납,4456329000,16832757000,국내생보사,D,SH027,형태별 보험료 수입(수납형태)
245,201303,0010616,KB라이프생명보험,F,신용카드,0,0,국내생보사,D,SH027,형태별 보험료 수입(수납형태)
246,201303,0010616,KB라이프생명보험,G,방카슈랑스,4200000,19681000,국내생보사,D,SH027,형태별 보험료 수입(수납형태)
247,201303,0010616,KB라이프생명보험,H,기타,0,0,국내생보사,D,SH027,형태별 보험료 수입(수납형태)
248,201306,0010616,KB라이프생명보험,A,설계사,0,0,국내생보사,D,SH027,형태별 보험료 수입(수납형태)
249,201306,0010616,KB라이프생명보험,B,지로,137395000,137395000,국내생보사,D,SH027,형태별 보험료 수입(수납형태)
250,201306,0010616,KB라이프생명보험,C,자동이체,393589008000,393589008000,국내생보사,D,SH027,형태별 보험료 수입(수납형태)
251,201306,0010616,KB라이프생명보험,D,대리점,0,0,국내생보사,D,SH027,형태별 보험료 수입(수납형태)
252,201306,0010616,KB라이프생명보험,E,직납,4545201000,4545201000,국내생보사,D,SH027,형태별 보험료 수입(수납형태)
253,201306,0010616,KB라이프생명보험,F,신용카드,0,0,국내생보사,D,SH027,형태별 보험료 수입(수납형태)
254,201306,0010616,KB라이프생명보험,G,방카슈랑스,4200000,4200000,국내생보사,D,SH027,형태별 보험료 수입(수납형태)
255,201306,0010616,KB라이프생명보험,H,기타,0,0,국내생보사,D,SH027,형태별 보험료 수입(수납형태)
256,201309,0010616,KB라이프생명보험,A,설계사,0,0,국내생보사,D,SH027,형태별 보험료 수입(수납형태)
257,201309,0010616,KB라이프생명보험,B,지로,161684000,299079000,국내생보사,D,SH027,형태별 보험료 수입(수납형태)
258,201309,0010616,KB라이프생명보험,C,자동이체,394550211000,788139219000,국내생보사,D,SH027,형태별 보험료 수입(수납형태)
259,201309,0010616,KB라이프생명보험,D,대리점,0,0,국내생보사,D,SH027,형태별 보험료 수입(수납형태)
260,201309,0010616,KB라이프생명보험,E,직납,4291064000,8836265000,국내생보사,D,SH027,형태별 보험료 수입(수납형태)
261,201309,0010616,KB라이프생명보험,F,신용카드,0,0,국내생보사,D,SH027,형태별 보험료 수입(수납형태)
262,201309,0010616,KB라이프생명보험,G,방카슈랑스,4200000,8400000,국내생보사,D,SH027,형태별 보험료 수입(수납형태)
263,201309,0010616,KB라이프생명보험,H,기타,0,0,국내생보사,D,SH027,형태별 보험료 수입(수납형태)
264,201312,0010616,KB라이프생명보험,A,설계사,0,0,국내생보사,D,SH027,형태별 보험료 수입(수납형태)
265,201312,0010616,KB라이프생명보험,B,지로,146815000,445894000,국내생보사,D,SH027,형태별 보험료 수입(수납형태)
266,201312,0010616,KB라이프생명보험,C,자동이체,399846416000,1187985635000,국내생보사,D,SH027,형태별 보험료 수입(수납형태)
267,201312,0010616,KB라이프생명보험,D,대리점,0,0,국내생보사,D,SH027,형태별 보험료 수입(수납형태)
268,201312,0010616,KB라이프생명보험,E,직납,4108328000,12944593000,국내생보사,D,SH027,형태별 보험료 수입(수납형태)
269,201312,0010616,KB라이프생명보험,F,신용카드,0,0,국내생보사,D,SH027,형태별 보험료 수입(수납형태)
270,201312,0010616,KB라이프생명보험,G,방카슈랑스,4131000,12531000,국내생보사,D,SH027,형태별 보험료 수입(수납형태)
271,201312,0010616,KB라이프생명보험,H,기타,0,0,국내생보사,D,SH027,형태별 보험료 수입(수납형태)
272,201403,0010616,KB라이프생명보험,A,설계사,0,0,국내생보사,D,SH027,형태별 보험료 수입(수납형태)
273,201403,0010616,KB라이프생명보험,B,지로,132882000,132882000,국내생보사,D,SH027,형태별 보험료 수입(수납형태)
274,201403,0010616,KB라이프생명보험,C,자동이체,406444738000,406444738000,국내생보사,D,SH027,형태별 보험료 수입(수납형태)
275,201403,0010616,KB라이프생명보험,D,대리점,0,0,국내생보사,D,SH027,형태별 보험료 수입(수납형태)
276,201403,0010616,KB라이프생명보험,E,직납,4198863000,4198863000,국내생보사,D,SH027,형태별 보험료 수입(수납형태)
277,201403,0010616,KB라이프생명보험,F,신용카드,0,0,국내생보사,D,SH027,형태별 보험료 수입(수납형태)
278,201403,0010616,KB라이프생명보험,G,방카슈랑스,3631000,3631000,국내생보사,D,SH027,형태별 보험료 수입(수납형태)
279,201403,0010616,KB라이프생명보험,H,기타,0,0,국내생보사,D,SH027,형태별 보험료 수입(수납형태)
280,201406,0010616,KB라이프생명보험,A,설계사,0,0,국내생보사,D,SH027,형태별 보험료 수입(수납형태)
281,201406,0010616,KB라이프생명보험,B,지로,115253000,248135000,국내생보사,D,SH027,형태별 보험료 수입(수납형태)
282,201406,0010616,KB라이프생명보험,C,자동이체,412546211000,818990949000,국내생보사,D,SH027,형태별 보험료 수입(수납형태)
283,201406,0010616,KB라이프생명보험,D,대리점,0,0,국내생보사,D,SH027,형태별 보험료 수입(수납형태)
284,201406,0010616,KB라이프생명보험,E,직납,3866545000,8065408000,국내생보사,D,SH027,형태별 보험료 수입(수납형태)
285,201406,0010616,KB라이프생명보험,F,신용카드,0,0,국내생보사,D,SH027,형태별 보험료 수입(수납형태)
286,201406,0010616,KB라이프생명보험,G,방카슈랑스,2669000,6300000,국내생보사,D,SH027,형태별 보험료 수입(수납형태)
287,201406,0010616,KB라이프생명보험,H,기타,0,0,국내생보사,D,SH027,형태별 보험료 수입(수납형태)
288,201409,0010616,KB라이프생명보험,A,설계사,0,0,국내생보사,D,SH027,형태별 보험료 수입(수납형태)
289,201409,0010616,KB라이프생명보험,B,지로,150932000,399067000,국내생보사,D,SH027,형태별 보험료 수입(수납형태)
290,201409,0010616,KB라이프생명보험,C,자동이체,420520425000,1239511374000,국내생보사,D,SH027,형태별 보험료 수입(수납형태)
291,201409,0010616,KB라이프생명보험,D,대리점,0,0,국내생보사,D,SH027,형태별 보험료 수입(수납형태)
292,201409,0010616,KB라이프생명보험,E,직납,3937515000,12002923000,국내생보사,D,SH027,형태별 보험료 수입(수납형태)
293,201409,0010616,KB라이프생명보험,F,신용카드,0,0,국내생보사,D,SH027,형태별 보험료 수입(수납형태)
294,201409,0010616,KB라이프생명보험,G,방카슈랑스,152000,6452000,국내생보사,D,SH027,형태별 보험료 수입(수납형태)
295,201409,0010616,KB라이프생명보험,H,기타,0,0,국내생보사,D,SH027,형태별 보험료 수입(수납형태)
296,201412,0010616,KB라이프생명보험,A,설계사,0,0,국내생보사,D,SH027,형태별 보험료 수입(수납형태)
297,201412,0010616,KB라이프생명보험,B,지로,131279000,530346000,국내생보사,D,SH027,형태별 보험료 수입(수납형태)
298,201412,0010616,KB라이프생명보험,C,자동이체,427691704000,1667203078000,국내생보사,D,SH027,형태별 보험료 수입(수납형태)
299,201412,0010616,KB라이프생명보험,D,대리점,0,0,국내생보사,D,SH027,형태별 보험료 수입(수납형태)
300,201412,0010616,KB라이프생명보험,E,직납,3933844000,15936767000,국내생보사,D,SH027,형태별 보험료 수입(수납형태)
301,201412,0010616,KB라이프생명보험,F,신용카드,0,0,국내생보사,D,SH027,형태별 보험료 수입(수납형태)
302,201412,0010616,KB라이프생명보험,G,방카슈랑스,152000,6604000,국내생보사,D,SH027,형태별 보험료 수입(수납형태)
303,201412,0010616,KB라이프생명보험,H,기타,0,0,국내생보사,D,SH027,형태별 보험료 수입(수납형태)
304,201503,0010616,KB라이프생명보험,A,설계사,0,0,국내생보사,D,SH027,형태별 보험료 수입(수납형태)
305,201503,0010616,KB라이프생명보험,B,지로,109430000,109430000,국내생보사,D,SH027,형태별 보험료 수입(수납형태)
306,201503,0010616,KB라이프생명보험,C,자동이체,434548934000,434548934000,국내생보사,D,SH027,형태별 보험료 수입(수납형태)
307,201503,0010616,KB라이프생명보험,D,대리점,0,0,국내생보사,D,SH027,형태별 보험료 수입(수납형태)
308,201503,0010616,KB라이프생명보험,E,직납,4286379000,4286379000,국내생보사,D,SH027,형태별 보험료 수입(수납형태)
309,201503,0010616,KB라이프생명보험,F,신용카드,0,0,국내생보사,D,SH027,형태별 보험료 수입(수납형태)
310,201503,0010616,KB라이프생명보험,G,방카슈랑스,114000,114000,국내생보사,D,SH027,형태별 보험료 수입(수납형태)
311,201503,0010616,KB라이프생명보험,H,기타,0,0,국내생보사,D,SH027,형태별 보험료 수입(수납형태)
312,201506,0010616,KB라이프생명보험,A,설계사,0,0,국내생보사,D,SH027,형태별 보험료 수입(수납형태)
313,201506,0010616,KB라이프생명보험,B,지로,97225000,206655000,국내생보사,D,SH027,형태별 보험료 수입(수납형태)
314,201506,0010616,KB라이프생명보험,C,자동이체,445048617000,879597551000,국내생보사,D,SH027,형태별 보험료 수입(수납형태)
315,201506,0010616,KB라이프생명보험,D,대리점,0,0,국내생보사,D,SH027,형태별 보험료 수입(수납형태)
316,201506,0010616,KB라이프생명보험,E,직납,4056234000,8342613000,국내생보사,D,SH027,형태별 보험료 수입(수납형태)
317,201506,0010616,KB라이프생명보험,F,신용카드,0,0,국내생보사,D,SH027,형태별 보험료 수입(수납형태)
318,201506,0010616,KB라이프생명보험,G,방카슈랑스,115000,229000,국내생보사,D,SH027,형태별 보험료 수입(수납형태)
319,201506,0010616,KB라이프생명보험,H,기타,0,0,국내생보사,D,SH027,형태별 보험료 수입(수납형태)
320,201509,0010616,KB라이프생명보험,A,설계사,0,0,국내생보사,D,SH027,형태별 보험료 수입(수납형태)
321,201509,0010616,KB라이프생명보험,B,지로,127307000,333962000,국내생보사,D,SH027,형태별 보험료 수입(수납형태)
322,201509,0010616,KB라이프생명보험,C,자동이체,449659200000,1329256751000,국내생보사,D,SH027,형태별 보험료 수입(수납형태)
323,201509,0010616,KB라이프생명보험,D,대리점,0,0,국내생보사,D,SH027,형태별 보험료 수입(수납형태)
324,201509,0010616,KB라이프생명보험,E,직납,3987783000,12330396000,국내생보사,D,SH027,형태별 보험료 수입(수납형태)
325,201509,0010616,KB라이프생명보험,F,신용카드,0,0,국내생보사,D,SH027,형태별 보험료 수입(수납형태)
326,201509,0010616,KB라이프생명보험,G,방카슈랑스,114000,343000,국내생보사,D,SH027,형태별 보험료 수입(수납형태)
327,201509,0010616,KB라이프생명보험,H,기타,0,0,국내생보사,D,SH027,형태별 보험료 수입(수납형태)
328,201512,0010616,KB라이프생명보험,A,설계사,0,0,국내생보사,D,SH027,형태별 보험료 수입(수납형태)
329,201512,0010616,KB라이프생명보험,B,지로,116133000,450095000,국내생보사,D,SH027,형태별 보험료 수입(수납형태)
330,201512,0010616,KB라이프생명보험,C,자동이체,456750436000,1786007187000,국내생보사,D,SH027,형태별 보험료 수입(수납형태)
331,201512,0010616,KB라이프생명보험,D,대리점,0,0,국내생보사,D,SH027,형태별 보험료 수입(수납형태)
332,201512,0010616,KB라이프생명보험,E,직납,3911699000,16242095000,국내생보사,D,SH027,형태별 보험료 수입(수납형태)
333,201512,0010616,KB라이프생명보험,F,신용카드,0,0,국내생보사,D,SH027,형태별 보험료 수입(수납형태)
334,201512,0010616,KB라이프생명보험,G,방카슈랑스,114000,457000,국내생보사,D,SH027,형태별 보험료 수입(수납형태)
335,201512,0010616,KB라이프생명보험,H,기타,0,0,국내생보사,D,SH027,형태별 보험료 수입(수납형태)
336,201603,0010616,KB라이프생명보험,A,설계사,0,0,국내생보사,D,SH027,형태별 보험료 수입(수납형태)
337,201603,0010616,KB라이프생명보험,B,지로,87840000,87840000,국내생보사,D,SH027,형태별 보험료 수입(수납형태)
338,201603,0010616,KB라이프생명보험,C,자동이체,465123173000,465123173000,국내생보사,D,SH027,형태별 보험료 수입(수납형태)
339,201603,0010616,KB라이프생명보험,D,대리점,0,0,국내생보사,D,SH027,형태별 보험료 수입(수납형태)
340,201603,0010616,KB라이프생명보험,E,직납,4031605000,4031605000,국내생보사,D,SH027,형태별 보험료 수입(수납형태)
341,201603,0010616,KB라이프생명보험,F,신용카드,0,0,국내생보사,D,SH027,형태별 보험료 수입(수납형태)
342,201603,0010616,KB라이프생명보험,G,방카슈랑스,114000,114000,국내생보사,D,SH027,형태별 보험료 수입(수납형태)
343,201603,0010616,KB라이프생명보험,H,기타,0,0,국내생보사,D,SH027,형태별 보험료 수입(수납형태)
344,201606,0010616,KB라이프생명보험,A,설계사,0,0,국내생보사,D,SH027,형태별 보험료 수입(수납형태)
345,201606,0010616,KB라이프생명보험,B,지로,61923000,149763000,국내생보사,D,SH027,형태별 보험료 수입(수납형태)
346,201606,0010616,KB라이프생명보험,C,자동이체,464831608000,929954781000,국내생보사,D,SH027,형태별 보험료 수입(수납형태)
347,201606,0010616,KB라이프생명보험,D,대리점,0,0,국내생보사,D,SH027,형태별 보험료 수입(수납형태)
348,201606,0010616,KB라이프생명보험,E,직납,3995338000,8026943000,국내생보사,D,SH027,형태별 보험료 수입(수납형태)
349,201606,0010616,KB라이프생명보험,F,신용카드,0,0,국내생보사,D,SH027,형태별 보험료 수입(수납형태)
350,201606,0010616,KB라이프생명보험,G,방카슈랑스,115000,229000,국내생보사,D,SH027,형태별 보험료 수입(수납형태)
351,201606,0010616,KB라이프생명보험,H,기타,0,0,국내생보사,D,SH027,형태별 보험료 수입(수납형태)
352,201609,0010616,KB라이프생명보험,A,설계사,0,0,국내생보사,D,SH027,형태별 보험료 수입(수납형태)
353,201609,0010616,KB라이프생명보험,B,지로,80912000,230675000,국내생보사,D,SH027,형태별 보험료 수입(수납형태)
354,201609,0010616,KB라이프생명보험,C,자동이체,467867625000,1397822406000,국내생보사,D,SH027,형태별 보험료 수입(수납형태)
355,201609,0010616,KB라이프생명보험,D,대리점,0,0,국내생보사,D,SH027,형태별 보험료 수입(수납형태)
356,201609,0010616,KB라이프생명보험,E,직납,4425319000,12452262000,국내생보사,D,SH027,형태별 보험료 수입(수납형태)
357,201609,0010616,KB라이프생명보험,F,신용카드,0,0,국내생보사,D,SH027,형태별 보험료 수입(수납형태)
358,201609,0010616,KB라이프생명보험,G,방카슈랑스,3371000,3600000,국내생보사,D,SH027,형태별 보험료 수입(수납형태)
359,201609,0010616,KB라이프생명보험,H,기타,0,0,국내생보사,D,SH027,형태별 보험료 수입(수납형태)
360,201612,0010616,KB라이프생명보험,A,설계사,0,0,국내생보사,D,SH027,형태별 보험료 수입(수납형태)
361,201612,0010616,KB라이프생명보험,B,지로,64331000,295006000,국내생보사,D,SH027,형태별 보험료 수입(수납형태)
362,201612,0010616,KB라이프생명보험,C,자동이체,472767441000,1870589847000,국내생보사,D,SH027,형태별 보험료 수입(수납형태)
363,201612,0010616,KB라이프생명보험,D,대리점,0,0,국내생보사,D,SH027,형태별 보험료 수입(수납형태)
364,201612,0010616,KB라이프생명보험,E,직납,4186156000,16638418000,국내생보사,D,SH027,형태별 보험료 수입(수납형태)
365,201612,0010616,KB라이프생명보험,F,신용카드,0,0,국내생보사,D,SH027,형태별 보험료 수입(수납형태)
366,201612,0010616,KB라이프생명보험,G,방카슈랑스,1200000,4800000,국내생보사,D,SH027,형태별 보험료 수입(수납형태)
367,201612,0010616,KB라이프생명보험,H,기타,0,0,국내생보사,D,SH027,형태별 보험료 수입(수납형태)
368,201312,0013436,교보라이프플래닛생명보험주식회사,A,설계사,0,0,국내생보사,D,SH027,형태별 보험료 수입(수납형태)
369,201312,0013436,교보라이프플래닛생명보험주식회사,B,지로,0,0,국내생보사,D,SH027,형태별 보험료 수입(수납형태)
370,201312,0013436,교보라이프플래닛생명보험주식회사,C,자동이체,12548000,12548000,국내생보사,D,SH027,형태별 보험료 수입(수납형태)
371,201312,0013436,교보라이프플래닛생명보험주식회사,D,대리점,0,0,국내생보사,D,SH027,형태별 보험료 수입(수납형태)
372,201312,0013436,교보라이프플래닛생명보험주식회사,E,직납,8811000,8811000,국내생보사,D,SH027,형태별 보험료 수입(수납형태)
373,201312,0013436,교보라이프플래닛생명보험주식회사,F,신용카드,0,0,국내생보사,D,SH027,형태별 보험료 수입(수납형태)
374,201312,0013436,교보라이프플래닛생명보험주식회사,G,방카슈랑스,0,0,국내생보사,D,SH027,형태별 보험료 수입(수납형태)
375,201312,0013436,교보라이프플래닛생명보험주식회사,H,기타,0,0,국내생보사,D,SH027,형태별 보험료 수입(수납형태)
376,201403,0013436,교보라이프플래닛생명보험주식회사,A,설계사,0,0,국내생보사,D,SH027,형태별 보험료 수입(수납형태)
377,201403,0013436,교보라이프플래닛생명보험주식회사,B,지로,0,0,국내생보사,D,SH027,형태별 보험료 수입(수납형태)
378,201403,0013436,교보라이프플래닛생명보험주식회사,C,자동이체,230716000,230716000,국내생보사,D,SH027,형태별 보험료 수입(수납형태)
379,201403,0013436,교보라이프플래닛생명보험주식회사,D,대리점,0,0,국내생보사,D,SH027,형태별 보험료 수입(수납형태)
380,201403,0013436,교보라이프플래닛생명보험주식회사,E,직납,18084000,18084000,국내생보사,D,SH027,형태별 보험료 수입(수납형태)
381,201403,0013436,교보라이프플래닛생명보험주식회사,F,신용카드,0,0,국내생보사,D,SH027,형태별 보험료 수입(수납형태)
382,201403,0013436,교보라이프플래닛생명보험주식회사,G,방카슈랑스,0,0,국내생보사,D,SH027,형태별 보험료 수입(수납형태)
383,201403,0013436,교보라이프플래닛생명보험주식회사,H,기타,0,0,국내생보사,D,SH027,형태별 보험료 수입(수납형태)
384,201406,0013436,교보라이프플래닛생명보험주식회사,A,설계사,0,0,국내생보사,D,SH027,형태별 보험료 수입(수납형태)
385,201406,0013436,교보라이프플래닛생명보험주식회사,B,지로,0,0,국내생보사,D,SH027,형태별 보험료 수입(수납형태)
386,201406,0013436,교보라이프플래닛생명보험주식회사,C,자동이체,391698000,622414000,국내생보사,D,SH027,형태별 보험료 수입(수납형태)
387,201406,0013436,교보라이프플래닛생명보험주식회사,D,대리점,0,0,국내생보사,D,SH027,형태별 보험료 수입(수납형태)
388,201406,0013436,교보라이프플래닛생명보험주식회사,E,직납,47954000,66038000,국내생보사,D,SH027,형태별 보험료 수입(수납형태)
389,201406,0013436,교보라이프플래닛생명보험주식회사,F,신용카드,0,0,국내생보사,D,SH027,형태별 보험료 수입(수납형태)
390,201406,0013436,교보라이프플래닛생명보험주식회사,G,방카슈랑스,0,0,국내생보사,D,SH027,형태별 보험료 수입(수납형태)
391,201406,0013436,교보라이프플래닛생명보험주식회사,H,기타,0,0,국내생보사,D,SH027,형태별 보험료 수입(수납형태)
392,201409,0013436,교보라이프플래닛생명보험주식회사,A,설계사,0,0,국내생보사,D,SH027,형태별 보험료 수입(수납형태)
393,201409,0013436,교보라이프플래닛생명보험주식회사,B,지로,0,0,국내생보사,D,SH027,형태별 보험료 수입(수납형태)
394,201409,0013436,교보라이프플래닛생명보험주식회사,C,자동이체,513413000,1135827000,국내생보사,D,SH027,형태별 보험료 수입(수납형태)
395,201409,0013436,교보라이프플래닛생명보험주식회사,D,대리점,0,0,국내생보사,D,SH027,형태별 보험료 수입(수납형태)
396,201409,0013436,교보라이프플래닛생명보험주식회사,E,직납,110583000,176621000,국내생보사,D,SH027,형태별 보험료 수입(수납형태)
397,201409,0013436,교보라이프플래닛생명보험주식회사,F,신용카드,0,0,국내생보사,D,SH027,형태별 보험료 수입(수납형태)
398,201409,0013436,교보라이프플래닛생명보험주식회사,G,방카슈랑스,0,0,국내생보사,D,SH027,형태별 보험료 수입(수납형태)
399,201409,0013436,교보라이프플래닛생명보험주식회사,H,기타,0,0,국내생보사,D,SH027,형태별 보험료 수입(수납형태)
400,201412,0013436,교보라이프플래닛생명보험주식회사,A,설계사,0,0,국내생보사,D,SH027,형태별 보험료 수입(수납형태)
401,201412,0013436,교보라이프플래닛생명보험주식회사,B,지로,0,0,국내생보사,D,SH027,형태별 보험료 수입(수납형태)
402,201412,0013436,교보라이프플래닛생명보험주식회사,C,자동이체,668918000,1804745000,국내생보사,D,SH027,형태별 보험료 수입(수납형태)
403,201412,0013436,교보라이프플래닛생명보험주식회사,D,대리점,0,0,국내생보사,D,SH027,형태별 보험료 수입(수납형태)
404,201412,0013436,교보라이프플래닛생명보험주식회사,E,직납,223028000,399649000,국내생보사,D,SH027,형태별 보험료 수입(수납형태)
405,201412,0013436,교보라이프플래닛생명보험주식회사,F,신용카드,0,0,국내생보사,D,SH027,형태별 보험료 수입(수납형태)
406,201412,0013436,교보라이프플래닛생명보험주식회사,G,방카슈랑스,0,0,국내생보사,D,SH027,형태별 보험료 수입(수납형태)
407,201412,0013436,교보라이프플래닛생명보험주식회사,H,기타,0,0,국내생보사,D,SH027,형태별 보험료 수입(수납형태)
408,201503,0013436,교보라이프플래닛생명보험주식회사,A,설계사,0,0,국내생보사,D,SH027,형태별 보험료 수입(수납형태)
409,201503,0013436,교보라이프플래닛생명보험주식회사,B,지로,0,0,국내생보사,D,SH027,형태별 보험료 수입(수납형태)
410,201503,0013436,교보라이프플래닛생명보험주식회사,C,자동이체,1065031000,1065031000,국내생보사,D,SH027,형태별 보험료 수입(수납형태)
411,201503,0013436,교보라이프플래닛생명보험주식회사,D,대리점,0,0,국내생보사,D,SH027,형태별 보험료 수입(수납형태)
412,201503,0013436,교보라이프플래닛생명보험주식회사,E,직납,209803000,209803000,국내생보사,D,SH027,형태별 보험료 수입(수납형태)
413,201503,0013436,교보라이프플래닛생명보험주식회사,F,신용카드,0,0,국내생보사,D,SH027,형태별 보험료 수입(수납형태)
414,201503,0013436,교보라이프플래닛생명보험주식회사,G,방카슈랑스,0,0,국내생보사,D,SH027,형태별 보험료 수입(수납형태)
415,201503,0013436,교보라이프플래닛생명보험주식회사,H,기타,0,0,국내생보사,D,SH027,형태별 보험료 수입(수납형태)
416,201506,0013436,교보라이프플래닛생명보험주식회사,A,설계사,0,0,국내생보사,D,SH027,형태별 보험료 수입(수납형태)
417,201506,0013436,교보라이프플래닛생명보험주식회사,B,지로,0,0,국내생보사,D,SH027,형태별 보험료 수입(수납형태)
418,201506,0013436,교보라이프플래닛생명보험주식회사,C,자동이체,1715587000,2780618000,국내생보사,D,SH027,형태별 보험료 수입(수납형태)
419,201506,0013436,교보라이프플래닛생명보험주식회사,D,대리점,0,0,국내생보사,D,SH027,형태별 보험료 수입(수납형태)
420,201506,0013436,교보라이프플래닛생명보험주식회사,E,직납,291712000,501515000,국내생보사,D,SH027,형태별 보험료 수입(수납형태)
421,201506,0013436,교보라이프플래닛생명보험주식회사,F,신용카드,0,0,국내생보사,D,SH027,형태별 보험료 수입(수납형태)
422,201506,0013436,교보라이프플래닛생명보험주식회사,G,방카슈랑스,0,0,국내생보사,D,SH027,형태별 보험료 수입(수납형태)
423,201506,0013436,교보라이프플래닛생명보험주식회사,H,기타,0,0,국내생보사,D,SH027,형태별 보험료 수입(수납형태)
424,201509,0013436,교보라이프플래닛생명보험주식회사,A,설계사,0,0,국내생보사,D,SH027,형태별 보험료 수입(수납형태)
425,201509,0013436,교보라이프플래닛생명보험주식회사,B,지로,0,0,국내생보사,D,SH027,형태별 보험료 수입(수납형태)
426,201509,0013436,교보라이프플래닛생명보험주식회사,C,자동이체,2073787000,4854405000,국내생보사,D,SH027,형태별 보험료 수입(수납형태)
427,201509,0013436,교보라이프플래닛생명보험주식회사,D,대리점,0,0,국내생보사,D,SH027,형태별 보험료 수입(수납형태)
428,201509,0013436,교보라이프플래닛생명보험주식회사,E,직납,286977000,788492000,국내생보사,D,SH027,형태별 보험료 수입(수납형태)
429,201509,0013436,교보라이프플래닛생명보험주식회사,F,신용카드,0,0,국내생보사,D,SH027,형태별 보험료 수입(수납형태)
430,201509,0013436,교보라이프플래닛생명보험주식회사,G,방카슈랑스,0,0,국내생보사,D,SH027,형태별 보험료 수입(수납형태)
431,201509,0013436,교보라이프플래닛생명보험주식회사,H,기타,0,0,국내생보사,D,SH027,형태별 보험료 수입(수납형태)
432,201512,0013436,교보라이프플래닛생명보험주식회사,A,설계사,0,0,국내생보사,D,SH027,형태별 보험료 수입(수납형태)
433,201512,0013436,교보라이프플래닛생명보험주식회사,B,지로,0,0,국내생보사,D,SH027,형태별 보험료 수입(수납형태)
434,201512,0013436,교보라이프플래닛생명보험주식회사,C,자동이체,2398465000,7252870000,국내생보사,D,SH027,형태별 보험료 수입(수납형태)
435,201512,0013436,교보라이프플래닛생명보험주식회사,D,대리점,0,0,국내생보사,D,SH027,형태별 보험료 수입(수납형태)
436,201512,0013436,교보라이프플래닛생명보험주식회사,E,직납,675697000,1464189000,국내생보사,D,SH027,형태별 보험료 수입(수납형태)
437,201512,0013436,교보라이프플래닛생명보험주식회사,F,신용카드,0,0,국내생보사,D,SH027,형태별 보험료 수입(수납형태)
438,201512,0013436,교보라이프플래닛생명보험주식회사,G,방카슈랑스,0,0,국내생보사,D,SH027,형태별 보험료 수입(수납형태)
439,201512,0013436,교보라이프플래닛생명보험주식회사,H,기타,0,0,국내생보사,D,SH027,형태별 보험료 수입(수납형태)
440,201603,0013436,교보라이프플래닛생명보험주식회사,A,설계사,0,0,국내생보사,D,SH027,형태별 보험료 수입(수납형태)
441,201603,0013436,교보라이프플래닛생명보험주식회사,B,지로,0,0,국내생보사,D,SH027,형태별 보험료 수입(수납형태)
442,201603,0013436,교보라이프플래닛생명보험주식회사,C,자동이체,2998188000,2998188000,국내생보사,D,SH027,형태별 보험료 수입(수납형태)
443,201603,0013436,교보라이프플래닛생명보험주식회사,D,대리점,0,0,국내생보사,D,SH027,형태별 보험료 수입(수납형태)
444,201603,0013436,교보라이프플래닛생명보험주식회사,E,직납,1705214000,1705214000,국내생보사,D,SH027,형태별 보험료 수입(수납형태)
445,201603,0013436,교보라이프플래닛생명보험주식회사,F,신용카드,0,0,국내생보사,D,SH027,형태별 보험료 수입(수납형태)
446,201603,0013436,교보라이프플래닛생명보험주식회사,G,방카슈랑스,0,0,국내생보사,D,SH027,형태별 보험료 수입(수납형태)
447,201603,0013436,교보라이프플래닛생명보험주식회사,H,기타,0,0,국내생보사,D,SH027,형태별 보험료 수입(수납형태)
448,201606,0013436,교보라이프플래닛생명보험주식회사,A,설계사,0,0,국내생보사,D,SH027,형태별 보험료 수입(수납형태)
449,201606,0013436,교보라이프플래닛생명보험주식회사,B,지로,0,0,국내생보사,D,SH027,형태별 보험료 수입(수납형태)
450,201606,0013436,교보라이프플래닛생명보험주식회사,C,자동이체,3818184000,6816372000,국내생보사,D,SH027,형태별 보험료 수입(수납형태)
451,201606,0013436,교보라이프플래닛생명보험주식회사,D,대리점,0,0,국내생보사,D,SH027,형태별 보험료 수입(수납형태)
452,201606,0013436,교보라이프플래닛생명보험주식회사,E,직납,1873123000,3578337000,국내생보사,D,SH027,형태별 보험료 수입(수납형태)
453,201606,0013436,교보라이프플래닛생명보험주식회사,F,신용카드,0,0,국내생보사,D,SH027,형태별 보험료 수입(수납형태)
454,201606,0013436,교보라이프플래닛생명보험주식회사,G,방카슈랑스,450000,450000,국내생보사,D,SH027,형태별 보험료 수입(수납형태)
455,201606,0013436,교보라이프플래닛생명보험주식회사,H,기타,0,0,국내생보사,D,SH027,형태별 보험료 수입(수납형태)
456,201609,0013436,교보라이프플래닛생명보험주식회사,A,설계사,0,0,국내생보사,D,SH027,형태별 보험료 수입(수납형태)
457,201609,0013436,교보라이프플래닛생명보험주식회사,B,지로,0,0,국내생보사,D,SH027,형태별 보험료 수입(수납형태)
458,201609,0013436,교보라이프플래닛생명보험주식회사,C,자동이체,4278777000,11095149000,국내생보사,D,SH027,형태별 보험료 수입(수납형태)
459,201609,0013436,교보라이프플래닛생명보험주식회사,D,대리점,0,0,국내생보사,D,SH027,형태별 보험료 수입(수납형태)
460,201609,0013436,교보라이프플래닛생명보험주식회사,E,직납,1875658000,5453995000,국내생보사,D,SH027,형태별 보험료 수입(수납형태)
461,201609,0013436,교보라이프플래닛생명보험주식회사,F,신용카드,0,0,국내생보사,D,SH027,형태별 보험료 수입(수납형태)
462,201609,0013436,교보라이프플래닛생명보험주식회사,G,방카슈랑스,1541000,1991000,국내생보사,D,SH027,형태별 보험료 수입(수납형태)
463,201609,0013436,교보라이프플래닛생명보험주식회사,H,기타,0,0,국내생보사,D,SH027,형태별 보험료 수입(수납형태)
464,201612,0013436,교보라이프플래닛생명보험주식회사,A,설계사,0,0,국내생보사,D,SH027,형태별 보험료 수입(수납형태)
465,201612,0013436,교보라이프플래닛생명보험주식회사,B,지로,0,0,국내생보사,D,SH027,형태별 보험료 수입(수납형태)
466,201612,0013436,교보라이프플래닛생명보험주식회사,C,자동이체,5037666000,16132815000,국내생보사,D,SH027,형태별 보험료 수입(수납형태)
467,201612,0013436,교보라이프플래닛생명보험주식회사,D,대리점,0,0,국내생보사,D,SH027,형태별 보험료 수입(수납형태)
468,201612,0013436,교보라이프플래닛생명보험주식회사,E,직납,2416781000,7870776000,국내생보사,D,SH027,형태별 보험료 수입(수납형태)
469,201612,0013436,교보라이프플래닛생명보험주식회사,F,신용카드,0,0,국내생보사,D,SH027,형태별 보험료 수입(수납형태)
470,201612,0013436,교보라이프플래닛생명보험주식회사,G,방카슈랑스,3168000,5159000,국내생보사,D,SH027,형태별 보험료 수입(수납형태)
471,201612,0013436,교보라이프플래닛생명보험주식회사,H,기타,0,0,국내생보사,D,SH027,형태별 보험료 수입(수납형태)
472,201106,0010597,교보생명보험주식회사,A,설계사,126238207000,126238207000,국내생보사,D,SH027,형태별 보험료 수입(수납형태)
473,201106,0010597,교보생명보험주식회사,B,지로,901075000,901075000,국내생보사,D,SH027,형태별 보험료 수입(수납형태)
474,201106,0010597,교보생명보험주식회사,C,자동이체,1848616035000,1848616035000,국내생보사,D,SH027,형태별 보험료 수입(수납형태)
475,201106,0010597,교보생명보험주식회사,D,대리점,27579370000,27579370000,국내생보사,D,SH027,형태별 보험료 수입(수납형태)
476,201106,0010597,교보생명보험주식회사,E,직납,24261346000,24261346000,국내생보사,D,SH027,형태별 보험료 수입(수납형태)
477,201106,0010597,교보생명보험주식회사,F,신용카드,-4432000,-4432000,국내생보사,D,SH027,형태별 보험료 수입(수납형태)
478,201106,0010597,교보생명보험주식회사,G,방카슈랑스,160279398000,160279398000,국내생보사,D,SH027,형태별 보험료 수입(수납형태)
479,201106,0010597,교보생명보험주식회사,H,기타,63465132000,63465132000,국내생보사,D,SH027,형태별 보험료 수입(수납형태)
480,201109,0010597,교보생명보험주식회사,A,설계사,125696872000,251935079000,국내생보사,D,SH027,형태별 보험료 수입(수납형태)
481,201109,0010597,교보생명보험주식회사,B,지로,865111000,1766186000,국내생보사,D,SH027,형태별 보험료 수입(수납형태)
482,201109,0010597,교보생명보험주식회사,C,자동이체,1892765132000,3741381167000,국내생보사,D,SH027,형태별 보험료 수입(수납형태)
483,201109,0010597,교보생명보험주식회사,D,대리점,34092803000,61672173000,국내생보사,D,SH027,형태별 보험료 수입(수납형태)
484,201109,0010597,교보생명보험주식회사,E,직납,29906892000,54168238000,국내생보사,D,SH027,형태별 보험료 수입(수납형태)
485,201109,0010597,교보생명보험주식회사,F,신용카드,-2145000,-6577000,국내생보사,D,SH027,형태별 보험료 수입(수납형태)
486,201109,0010597,교보생명보험주식회사,G,방카슈랑스,168533622000,328813020000,국내생보사,D,SH027,형태별 보험료 수입(수납형태)
487,201109,0010597,교보생명보험주식회사,H,기타,43488498000,106953630000,국내생보사,D,SH027,형태별 보험료 수입(수납형태)
488,201112,0010597,교보생명보험주식회사,A,설계사,121695527000,373630606000,국내생보사,D,SH027,형태별 보험료 수입(수납형태)
489,201112,0010597,교보생명보험주식회사,B,지로,862609000,2628795000,국내생보사,D,SH027,형태별 보험료 수입(수납형태)
490,201112,0010597,교보생명보험주식회사,C,자동이체,1855862959000,5597244126000,국내생보사,D,SH027,형태별 보험료 수입(수납형태)
491,201112,0010597,교보생명보험주식회사,D,대리점,26704526000,88376699000,국내생보사,D,SH027,형태별 보험료 수입(수납형태)
492,201112,0010597,교보생명보험주식회사,E,직납,27424851000,81593089000,국내생보사,D,SH027,형태별 보험료 수입(수납형태)
493,201112,0010597,교보생명보험주식회사,F,신용카드,-5339000,-11916000,국내생보사,D,SH027,형태별 보험료 수입(수납형태)
494,201112,0010597,교보생명보험주식회사,G,방카슈랑스,187175995000,515989015000,국내생보사,D,SH027,형태별 보험료 수입(수납형태)
495,201112,0010597,교보생명보험주식회사,H,기타,257830310000,364783940000,국내생보사,D,SH027,형태별 보험료 수입(수납형태)
496,201203,0010597,교보생명보험주식회사,A,설계사,121761080000,495391686000,국내생보사,D,SH027,형태별 보험료 수입(수납형태)
497,201203,0010597,교보생명보험주식회사,B,지로,832671000,3461466000,국내생보사,D,SH027,형태별 보험료 수입(수납형태)
498,201203,0010597,교보생명보험주식회사,C,자동이체,1845636067000,7442880193000,국내생보사,D,SH027,형태별 보험료 수입(수납형태)
499,201203,0010597,교보생명보험주식회사,D,대리점,23883144000,112259843000,국내생보사,D,SH027,형태별 보험료 수입(수납형태)
500,201203,0010597,교보생명보험주식회사,E,직납,22402358000,103995447000,국내생보사,D,SH027,형태별 보험료 수입(수납형태)
501,201203,0010597,교보생명보험주식회사,F,신용카드,1244000,-10672000,국내생보사,D,SH027,형태별 보험료 수입(수납형태)
502,201203,0010597,교보생명보험주식회사,G,방카슈랑스,178789827000,694778842000,국내생보사,D,SH027,형태별 보험료 수입(수납형태)
503,201203,0010597,교보생명보험주식회사,H,기타,92471686000,457255626000,국내생보사,D,SH027,형태별 보험료 수입(수납형태)
504,201206,0010597,교보생명보험주식회사,A,설계사,120864246000,120864246000,국내생보사,D,SH027,형태별 보험료 수입(수납형태)
505,201206,0010597,교보생명보험주식회사,B,지로,746686000,746686000,국내생보사,D,SH027,형태별 보험료 수입(수납형태)
506,201206,0010597,교보생명보험주식회사,C,자동이체,1888945852000,1888945852000,국내생보사,D,SH027,형태별 보험료 수입(수납형태)
507,201206,0010597,교보생명보험주식회사,D,대리점,26157666000,26157666000,국내생보사,D,SH027,형태별 보험료 수입(수납형태)
508,201206,0010597,교보생명보험주식회사,E,직납,23072576000,23072576000,국내생보사,D,SH027,형태별 보험료 수입(수납형태)
509,201206,0010597,교보생명보험주식회사,F,신용카드,2498000,2498000,국내생보사,D,SH027,형태별 보험료 수입(수납형태)
510,201206,0010597,교보생명보험주식회사,G,방카슈랑스,187415813000,187415813000,국내생보사,D,SH027,형태별 보험료 수입(수납형태)
511,201206,0010597,교보생명보험주식회사,H,기타,78713038000,78713038000,국내생보사,D,SH027,형태별 보험료 수입(수납형태)
512,201209,0010597,교보생명보험주식회사,A,설계사,119633197000,240497443000,국내생보사,D,SH027,형태별 보험료 수입(수납형태)
513,201209,0010597,교보생명보험주식회사,B,지로,785853000,1532539000,국내생보사,D,SH027,형태별 보험료 수입(수납형태)
514,201209,0010597,교보생명보험주식회사,C,자동이체,1900642188000,3789588040000,국내생보사,D,SH027,형태별 보험료 수입(수납형태)
515,201209,0010597,교보생명보험주식회사,D,대리점,27694721000,53852387000,국내생보사,D,SH027,형태별 보험료 수입(수납형태)
516,201209,0010597,교보생명보험주식회사,E,직납,19702993000,42775569000,국내생보사,D,SH027,형태별 보험료 수입(수납형태)
517,201209,0010597,교보생명보험주식회사,F,신용카드,1321000,3819000,국내생보사,D,SH027,형태별 보험료 수입(수납형태)
518,201209,0010597,교보생명보험주식회사,G,방카슈랑스,199936187000,387352000000,국내생보사,D,SH027,형태별 보험료 수입(수납형태)
519,201209,0010597,교보생명보험주식회사,H,기타,67295796000,146008834000,국내생보사,D,SH027,형태별 보험료 수입(수납형태)
520,201212,0010597,교보생명보험주식회사,A,설계사,124036728000,364534171000,국내생보사,D,SH027,형태별 보험료 수입(수납형태)
521,201212,0010597,교보생명보험주식회사,B,지로,759465000,2292004000,국내생보사,D,SH027,형태별 보험료 수입(수납형태)
522,201212,0010597,교보생명보험주식회사,C,자동이체,1907864022000,5697452062000,국내생보사,D,SH027,형태별 보험료 수입(수납형태)
523,201212,0010597,교보생명보험주식회사,D,대리점,26730576000,80582963000,국내생보사,D,SH027,형태별 보험료 수입(수납형태)
524,201212,0010597,교보생명보험주식회사,E,직납,20451096000,63226665000,국내생보사,D,SH027,형태별 보험료 수입(수납형태)
525,201212,0010597,교보생명보험주식회사,F,신용카드,769000,4588000,국내생보사,D,SH027,형태별 보험료 수입(수납형태)
526,201212,0010597,교보생명보험주식회사,G,방카슈랑스,225246131000,612598131000,국내생보사,D,SH027,형태별 보험료 수입(수납형태)
527,201212,0010597,교보생명보험주식회사,H,기타,425576854000,571585688000,국내생보사,D,SH027,형태별 보험료 수입(수납형태)
528,201303,0010597,교보생명보험주식회사,A,설계사,129244029000,493778200000,국내생보사,D,SH027,형태별 보험료 수입(수납형태)
529,201303,0010597,교보생명보험주식회사,B,지로,724325000,3016329000,국내생보사,D,SH027,형태별 보험료 수입(수납형태)
530,201303,0010597,교보생명보험주식회사,C,자동이체,1936839981000,7634292043000,국내생보사,D,SH027,형태별 보험료 수입(수납형태)
531,201303,0010597,교보생명보험주식회사,D,대리점,26254031000,106836994000,국내생보사,D,SH027,형태별 보험료 수입(수납형태)
532,201303,0010597,교보생명보험주식회사,E,직납,18132916000,81359581000,국내생보사,D,SH027,형태별 보험료 수입(수납형태)
533,201303,0010597,교보생명보험주식회사,F,신용카드,498000,5086000,국내생보사,D,SH027,형태별 보험료 수입(수납형태)
534,201303,0010597,교보생명보험주식회사,G,방카슈랑스,255474296000,868072427000,국내생보사,D,SH027,형태별 보험료 수입(수납형태)
535,201303,0010597,교보생명보험주식회사,H,기타,155723235000,727308923000,국내생보사,D,SH027,형태별 보험료 수입(수납형태)
536,201306,0010597,교보생명보험주식회사,A,설계사,121378111000,121378111000,국내생보사,D,SH027,형태별 보험료 수입(수납형태)
537,201306,0010597,교보생명보험주식회사,B,지로,669702000,669702000,국내생보사,D,SH027,형태별 보험료 수입(수납형태)
538,201306,0010597,교보생명보험주식회사,C,자동이체,1949451847000,1949451847000,국내생보사,D,SH027,형태별 보험료 수입(수납형태)
539,201306,0010597,교보생명보험주식회사,D,대리점,26390747000,26390747000,국내생보사,D,SH027,형태별 보험료 수입(수납형태)
540,201306,0010597,교보생명보험주식회사,E,직납,18362451000,18362451000,국내생보사,D,SH027,형태별 보험료 수입(수납형태)
541,201306,0010597,교보생명보험주식회사,F,신용카드,297000,297000,국내생보사,D,SH027,형태별 보험료 수입(수납형태)
542,201306,0010597,교보생명보험주식회사,G,방카슈랑스,238353221000,238353221000,국내생보사,D,SH027,형태별 보험료 수입(수납형태)
543,201306,0010597,교보생명보험주식회사,H,기타,82243909000,82243909000,국내생보사,D,SH027,형태별 보험료 수입(수납형태)
544,201309,0010597,교보생명보험주식회사,A,설계사,120921552000,242299663000,국내생보사,D,SH027,형태별 보험료 수입(수납형태)
545,201309,0010597,교보생명보험주식회사,B,지로,660880000,1330582000,국내생보사,D,SH027,형태별 보험료 수입(수납형태)
546,201309,0010597,교보생명보험주식회사,C,자동이체,1948342276000,3897794123000,국내생보사,D,SH027,형태별 보험료 수입(수납형태)
547,201309,0010597,교보생명보험주식회사,D,대리점,25559527000,51950274000,국내생보사,D,SH027,형태별 보험료 수입(수납형태)
548,201309,0010597,교보생명보험주식회사,E,직납,18373944000,36736395000,국내생보사,D,SH027,형태별 보험료 수입(수납형태)
549,201309,0010597,교보생명보험주식회사,F,신용카드,40000,337000,국내생보사,D,SH027,형태별 보험료 수입(수납형태)
550,201309,0010597,교보생명보험주식회사,G,방카슈랑스,245227236000,483580457000,국내생보사,D,SH027,형태별 보험료 수입(수납형태)
551,201309,0010597,교보생명보험주식회사,H,기타,90878624000,173122533000,국내생보사,D,SH027,형태별 보험료 수입(수납형태)
552,201312,0010597,교보생명보험주식회사,A,설계사,122559477000,364859140000,국내생보사,D,SH027,형태별 보험료 수입(수납형태)
553,201312,0010597,교보생명보험주식회사,B,지로,648438000,1979020000,국내생보사,D,SH027,형태별 보험료 수입(수납형태)
554,201312,0010597,교보생명보험주식회사,C,자동이체,1963616942000,5861411065000,국내생보사,D,SH027,형태별 보험료 수입(수납형태)
555,201312,0010597,교보생명보험주식회사,D,대리점,24903283000,76853557000,국내생보사,D,SH027,형태별 보험료 수입(수납형태)
556,201312,0010597,교보생명보험주식회사,E,직납,18506347000,55242742000,국내생보사,D,SH027,형태별 보험료 수입(수납형태)
557,201312,0010597,교보생명보험주식회사,F,신용카드,377000,714000,국내생보사,D,SH027,형태별 보험료 수입(수납형태)
558,201312,0010597,교보생명보험주식회사,G,방카슈랑스,269397127000,752977584000,국내생보사,D,SH027,형태별 보험료 수입(수납형태)
559,201312,0010597,교보생명보험주식회사,H,기타,469507310000,642629843000,국내생보사,D,SH027,형태별 보험료 수입(수납형태)
560,201403,0010597,교보생명보험주식회사,A,설계사,118821598000,118821598000,국내생보사,D,SH027,형태별 보험료 수입(수납형태)
561,201403,0010597,교보생명보험주식회사,B,지로,663953000,663953000,국내생보사,D,SH027,형태별 보험료 수입(수납형태)
562,201403,0010597,교보생명보험주식회사,C,자동이체,1963948049000,1963948049000,국내생보사,D,SH027,형태별 보험료 수입(수납형태)
563,201403,0010597,교보생명보험주식회사,D,대리점,26044408000,26044408000,국내생보사,D,SH027,형태별 보험료 수입(수납형태)
564,201403,0010597,교보생명보험주식회사,E,직납,18612593000,18612593000,국내생보사,D,SH027,형태별 보험료 수입(수납형태)
565,201403,0010597,교보생명보험주식회사,F,신용카드,120000,120000,국내생보사,D,SH027,형태별 보험료 수입(수납형태)
566,201403,0010597,교보생명보험주식회사,G,방카슈랑스,269121936000,269121936000,국내생보사,D,SH027,형태별 보험료 수입(수납형태)
567,201403,0010597,교보생명보험주식회사,H,기타,118741744000,118741744000,국내생보사,D,SH027,형태별 보험료 수입(수납형태)
568,201406,0010597,교보생명보험주식회사,A,설계사,117114288000,235935886000,국내생보사,D,SH027,형태별 보험료 수입(수납형태)
569,201406,0010597,교보생명보험주식회사,B,지로,681749000,1345702000,국내생보사,D,SH027,형태별 보험료 수입(수납형태)
570,201406,0010597,교보생명보험주식회사,C,자동이체,1970490078000,3934438127000,국내생보사,D,SH027,형태별 보험료 수입(수납형태)
571,201406,0010597,교보생명보험주식회사,D,대리점,25390890000,51435298000,국내생보사,D,SH027,형태별 보험료 수입(수납형태)
572,201406,0010597,교보생명보험주식회사,E,직납,17943467000,36556060000,국내생보사,D,SH027,형태별 보험료 수입(수납형태)
573,201406,0010597,교보생명보험주식회사,F,신용카드,288000,408000,국내생보사,D,SH027,형태별 보험료 수입(수납형태)
574,201406,0010597,교보생명보험주식회사,G,방카슈랑스,285543204000,554665140000,국내생보사,D,SH027,형태별 보험료 수입(수납형태)
575,201406,0010597,교보생명보험주식회사,H,기타,125989762000,244731506000,국내생보사,D,SH027,형태별 보험료 수입(수납형태)
576,201409,0010597,교보생명보험주식회사,A,설계사,114451907000,350387793000,국내생보사,D,SH027,형태별 보험료 수입(수납형태)
577,201409,0010597,교보생명보험주식회사,B,지로,699035000,2044737000,국내생보사,D,SH027,형태별 보험료 수입(수납형태)
578,201409,0010597,교보생명보험주식회사,C,자동이체,1977440335000,5911878462000,국내생보사,D,SH027,형태별 보험료 수입(수납형태)
579,201409,0010597,교보생명보험주식회사,D,대리점,26055897000,77491195000,국내생보사,D,SH027,형태별 보험료 수입(수납형태)
580,201409,0010597,교보생명보험주식회사,E,직납,17476355000,54032415000,국내생보사,D,SH027,형태별 보험료 수입(수납형태)
581,201409,0010597,교보생명보험주식회사,F,신용카드,79000,487000,국내생보사,D,SH027,형태별 보험료 수입(수납형태)
582,201409,0010597,교보생명보험주식회사,G,방카슈랑스,295885115000,850550255000,국내생보사,D,SH027,형태별 보험료 수입(수납형태)
583,201409,0010597,교보생명보험주식회사,H,기타,118021982000,362753488000,국내생보사,D,SH027,형태별 보험료 수입(수납형태)
584,201412,0010597,교보생명보험주식회사,A,설계사,114072794000,464460587000,국내생보사,D,SH027,형태별 보험료 수입(수납형태)
585,201412,0010597,교보생명보험주식회사,B,지로,654676000,2699413000,국내생보사,D,SH027,형태별 보험료 수입(수납형태)
586,201412,0010597,교보생명보험주식회사,C,자동이체,1994155005000,7906033467000,국내생보사,D,SH027,형태별 보험료 수입(수납형태)
587,201412,0010597,교보생명보험주식회사,D,대리점,26000777000,103491972000,국내생보사,D,SH027,형태별 보험료 수입(수납형태)
588,201412,0010597,교보생명보험주식회사,E,직납,18468731000,72501146000,국내생보사,D,SH027,형태별 보험료 수입(수납형태)
589,201412,0010597,교보생명보험주식회사,F,신용카드,198000,685000,국내생보사,D,SH027,형태별 보험료 수입(수납형태)
590,201412,0010597,교보생명보험주식회사,G,방카슈랑스,318400052000,1168950307000,국내생보사,D,SH027,형태별 보험료 수입(수납형태)
591,201412,0010597,교보생명보험주식회사,H,기타,490987320000,853740808000,국내생보사,D,SH027,형태별 보험료 수입(수납형태)
592,201503,0010597,교보생명보험주식회사,A,설계사,111611991000,111611991000,국내생보사,D,SH027,형태별 보험료 수입(수납형태)
593,201503,0010597,교보생명보험주식회사,B,지로,620921000,620921000,국내생보사,D,SH027,형태별 보험료 수입(수납형태)
594,201503,0010597,교보생명보험주식회사,C,자동이체,2006674873000,2006674873000,국내생보사,D,SH027,형태별 보험료 수입(수납형태)
595,201503,0010597,교보생명보험주식회사,D,대리점,25230522000,25230522000,국내생보사,D,SH027,형태별 보험료 수입(수납형태)
596,201503,0010597,교보생명보험주식회사,E,직납,20497418000,20497418000,국내생보사,D,SH027,형태별 보험료 수입(수납형태)
597,201503,0010597,교보생명보험주식회사,F,신용카드,0,0,국내생보사,D,SH027,형태별 보험료 수입(수납형태)
598,201503,0010597,교보생명보험주식회사,G,방카슈랑스,302703771000,302703771000,국내생보사,D,SH027,형태별 보험료 수입(수납형태)
599,201503,0010597,교보생명보험주식회사,H,기타,149754803000,149754803000,국내생보사,D,SH027,형태별 보험료 수입(수납형태)
600,201506,0010597,교보생명보험주식회사,A,설계사,111583707000,223195698000,국내생보사,D,SH027,형태별 보험료 수입(수납형태)
601,201506,0010597,교보생명보험주식회사,B,지로,648488000,1269409000,국내생보사,D,SH027,형태별 보험료 수입(수납형태)
602,201506,0010597,교보생명보험주식회사,C,자동이체,2021212980000,4027887853000,국내생보사,D,SH027,형태별 보험료 수입(수납형태)
603,201506,0010597,교보생명보험주식회사,D,대리점,25620384000,50850906000,국내생보사,D,SH027,형태별 보험료 수입(수납형태)
604,201506,0010597,교보생명보험주식회사,E,직납,16994898000,37492316000,국내생보사,D,SH027,형태별 보험료 수입(수납형태)
605,201506,0010597,교보생명보험주식회사,F,신용카드,0,0,국내생보사,D,SH027,형태별 보험료 수입(수납형태)
606,201506,0010597,교보생명보험주식회사,G,방카슈랑스,299297712000,602001483000,국내생보사,D,SH027,형태별 보험료 수입(수납형태)
607,201506,0010597,교보생명보험주식회사,H,기타,142802647000,292557450000,국내생보사,D,SH027,형태별 보험료 수입(수납형태)
608,201509,0010597,교보생명보험주식회사,A,설계사,112003063000,335198761000,국내생보사,D,SH027,형태별 보험료 수입(수납형태)
609,201509,0010597,교보생명보험주식회사,B,지로,626086000,1895495000,국내생보사,D,SH027,형태별 보험료 수입(수납형태)
610,201509,0010597,교보생명보험주식회사,C,자동이체,2015289334000,6043177187000,국내생보사,D,SH027,형태별 보험료 수입(수납형태)
611,201509,0010597,교보생명보험주식회사,D,대리점,27205072000,78055978000,국내생보사,D,SH027,형태별 보험료 수입(수납형태)
612,201509,0010597,교보생명보험주식회사,E,직납,18579537000,56071853000,국내생보사,D,SH027,형태별 보험료 수입(수납형태)
613,201509,0010597,교보생명보험주식회사,F,신용카드,0,0,국내생보사,D,SH027,형태별 보험료 수입(수납형태)
614,201509,0010597,교보생명보험주식회사,G,방카슈랑스,339463581000,941465064000,국내생보사,D,SH027,형태별 보험료 수입(수납형태)
615,201509,0010597,교보생명보험주식회사,H,기타,107411962000,399969412000,국내생보사,D,SH027,형태별 보험료 수입(수납형태)
616,201512,0010597,교보생명보험주식회사,A,설계사,107349792000,442548553000,국내생보사,D,SH027,형태별 보험료 수입(수납형태)
617,201512,0010597,교보생명보험주식회사,B,지로,599079000,2494574000,국내생보사,D,SH027,형태별 보험료 수입(수납형태)
618,201512,0010597,교보생명보험주식회사,C,자동이체,2037461479000,8080638666000,국내생보사,D,SH027,형태별 보험료 수입(수납형태)
619,201512,0010597,교보생명보험주식회사,D,대리점,26042048000,104098026000,국내생보사,D,SH027,형태별 보험료 수입(수납형태)
620,201512,0010597,교보생명보험주식회사,E,직납,18035703000,74107556000,국내생보사,D,SH027,형태별 보험료 수입(수납형태)
621,201512,0010597,교보생명보험주식회사,F,신용카드,0,0,국내생보사,D,SH027,형태별 보험료 수입(수납형태)
622,201512,0010597,교보생명보험주식회사,G,방카슈랑스,413041497000,1354506561000,국내생보사,D,SH027,형태별 보험료 수입(수납형태)
623,201512,0010597,교보생명보험주식회사,H,기타,612644746000,1012614158000,국내생보사,D,SH027,형태별 보험료 수입(수납형태)
624,201603,0010597,교보생명보험주식회사,A,설계사,105861366000,105861366000,국내생보사,D,SH027,형태별 보험료 수입(수납형태)
625,201603,0010597,교보생명보험주식회사,B,지로,571380000,571380000,국내생보사,D,SH027,형태별 보험료 수입(수납형태)
626,201603,0010597,교보생명보험주식회사,C,자동이체,2030400609000,2030400609000,국내생보사,D,SH027,형태별 보험료 수입(수납형태)
627,201603,0010597,교보생명보험주식회사,D,대리점,24831912000,24831912000,국내생보사,D,SH027,형태별 보험료 수입(수납형태)
628,201603,0010597,교보생명보험주식회사,E,직납,17230862000,17230862000,국내생보사,D,SH027,형태별 보험료 수입(수납형태)
629,201603,0010597,교보생명보험주식회사,F,신용카드,0,0,국내생보사,D,SH027,형태별 보험료 수입(수납형태)
630,201603,0010597,교보생명보험주식회사,G,방카슈랑스,348856792000,348856792000,국내생보사,D,SH027,형태별 보험료 수입(수납형태)
631,201603,0010597,교보생명보험주식회사,H,기타,163314359000,163314359000,국내생보사,D,SH027,형태별 보험료 수입(수납형태)
632,201606,0010597,교보생명보험주식회사,A,설계사,103052918000,208914284000,국내생보사,D,SH027,형태별 보험료 수입(수납형태)
633,201606,0010597,교보생명보험주식회사,B,지로,626873000,1198253000,국내생보사,D,SH027,형태별 보험료 수입(수납형태)
634,201606,0010597,교보생명보험주식회사,C,자동이체,2023960142000,4054360751000,국내생보사,D,SH027,형태별 보험료 수입(수납형태)
635,201606,0010597,교보생명보험주식회사,D,대리점,23169845000,48001757000,국내생보사,D,SH027,형태별 보험료 수입(수납형태)
636,201606,0010597,교보생명보험주식회사,E,직납,17321500000,34552362000,국내생보사,D,SH027,형태별 보험료 수입(수납형태)
637,201606,0010597,교보생명보험주식회사,F,신용카드,-603000,-603000,국내생보사,D,SH027,형태별 보험료 수입(수납형태)
638,201606,0010597,교보생명보험주식회사,G,방카슈랑스,314035795000,662892587000,국내생보사,D,SH027,형태별 보험료 수입(수납형태)
639,201606,0010597,교보생명보험주식회사,H,기타,180944802000,344259161000,국내생보사,D,SH027,형태별 보험료 수입(수납형태)
640,201609,0010597,교보생명보험주식회사,A,설계사,101131948000,310046232000,국내생보사,D,SH027,형태별 보험료 수입(수납형태)
641,201609,0010597,교보생명보험주식회사,B,지로,625831000,1824084000,국내생보사,D,SH027,형태별 보험료 수입(수납형태)
642,201609,0010597,교보생명보험주식회사,C,자동이체,2016720077000,6071080828000,국내생보사,D,SH027,형태별 보험료 수입(수납형태)
643,201609,0010597,교보생명보험주식회사,D,대리점,24002994000,72004751000,국내생보사,D,SH027,형태별 보험료 수입(수납형태)
644,201609,0010597,교보생명보험주식회사,E,직납,17130630000,51682992000,국내생보사,D,SH027,형태별 보험료 수입(수납형태)
645,201609,0010597,교보생명보험주식회사,F,신용카드,0,-603000,국내생보사,D,SH027,형태별 보험료 수입(수납형태)
646,201609,0010597,교보생명보험주식회사,G,방카슈랑스,372877704000,1035770291000,국내생보사,D,SH027,형태별 보험료 수입(수납형태)
647,201609,0010597,교보생명보험주식회사,H,기타,113771655000,458030816000,국내생보사,D,SH027,형태별 보험료 수입(수납형태)
648,201612,0010597,교보생명보험주식회사,A,설계사,100652977000,410699209000,국내생보사,D,SH027,형태별 보험료 수입(수납형태)
649,201612,0010597,교보생명보험주식회사,B,지로,596184000,2420268000,국내생보사,D,SH027,형태별 보험료 수입(수납형태)
650,201612,0010597,교보생명보험주식회사,C,자동이체,2012849642000,8083930470000,국내생보사,D,SH027,형태별 보험료 수입(수납형태)
651,201612,0010597,교보생명보험주식회사,D,대리점,24087334000,96092085000,국내생보사,D,SH027,형태별 보험료 수입(수납형태)
652,201612,0010597,교보생명보험주식회사,E,직납,17223267000,68906259000,국내생보사,D,SH027,형태별 보험료 수입(수납형태)
653,201612,0010597,교보생명보험주식회사,F,신용카드,0,-603000,국내생보사,D,SH027,형태별 보험료 수입(수납형태)
654,201612,0010597,교보생명보험주식회사,G,방카슈랑스,345631396000,1381401687000,국내생보사,D,SH027,형태별 보험료 수입(수납형태)
655,201612,0010597,교보생명보험주식회사,H,기타,726890068000,1184920884000,국내생보사,D,SH027,형태별 보험료 수입(수납형태)
656,201203,0013173,농협생명보험주식회사,A,설계사,19778327000,19778327000,국내생보사,D,SH027,형태별 보험료 수입(수납형태)
657,201203,0013173,농협생명보험주식회사,B,지로,0,0,국내생보사,D,SH027,형태별 보험료 수입(수납형태)
658,201203,0013173,농협생명보험주식회사,C,자동이체,4884168000,4884168000,국내생보사,D,SH027,형태별 보험료 수입(수납형태)
659,201203,0013173,농협생명보험주식회사,D,대리점,0,0,국내생보사,D,SH027,형태별 보험료 수입(수납형태)
660,201203,0013173,농협생명보험주식회사,E,직납,24128000,24128000,국내생보사,D,SH027,형태별 보험료 수입(수납형태)
661,201203,0013173,농협생명보험주식회사,F,신용카드,141370000,141370000,국내생보사,D,SH027,형태별 보험료 수입(수납형태)
662,201203,0013173,농협생명보험주식회사,G,방카슈랑스,420722647000,420722647000,국내생보사,D,SH027,형태별 보험료 수입(수납형태)
663,201203,0013173,농협생명보험주식회사,H,기타,47089000,47089000,국내생보사,D,SH027,형태별 보험료 수입(수납형태)
664,201206,0013173,농협생명보험주식회사,A,설계사,58952139000,58952139000,국내생보사,D,SH027,형태별 보험료 수입(수납형태)
665,201206,0013173,농협생명보험주식회사,B,지로,0,0,국내생보사,D,SH027,형태별 보험료 수입(수납형태)
666,201206,0013173,농협생명보험주식회사,C,자동이체,14837244000,14837244000,국내생보사,D,SH027,형태별 보험료 수입(수납형태)
667,201206,0013173,농협생명보험주식회사,D,대리점,0,0,국내생보사,D,SH027,형태별 보험료 수입(수납형태)
668,201206,0013173,농협생명보험주식회사,E,직납,128000000,128000000,국내생보사,D,SH027,형태별 보험료 수입(수납형태)
669,201206,0013173,농협생명보험주식회사,F,신용카드,408780000,408780000,국내생보사,D,SH027,형태별 보험료 수입(수납형태)
670,201206,0013173,농협생명보험주식회사,G,방카슈랑스,1209495867000,1209495867000,국내생보사,D,SH027,형태별 보험료 수입(수납형태)
671,201206,0013173,농협생명보험주식회사,H,기타,89385000,89385000,국내생보사,D,SH027,형태별 보험료 수입(수납형태)
672,201209,0013173,농협생명보험주식회사,A,설계사,62641212000,121593351000,국내생보사,D,SH027,형태별 보험료 수입(수납형태)
673,201209,0013173,농협생명보험주식회사,B,지로,0,0,국내생보사,D,SH027,형태별 보험료 수입(수납형태)
674,201209,0013173,농협생명보험주식회사,C,자동이체,18188211000,33025455000,국내생보사,D,SH027,형태별 보험료 수입(수납형태)
675,201209,0013173,농협생명보험주식회사,D,대리점,0,0,국내생보사,D,SH027,형태별 보험료 수입(수납형태)
676,201209,0013173,농협생명보험주식회사,E,직납,148084000,276084000,국내생보사,D,SH027,형태별 보험료 수입(수납형태)
677,201209,0013173,농협생명보험주식회사,F,신용카드,397031000,805811000,국내생보사,D,SH027,형태별 보험료 수입(수납형태)
678,201209,0013173,농협생명보험주식회사,G,방카슈랑스,1133205236000,2342701103000,국내생보사,D,SH027,형태별 보험료 수입(수납형태)
679,201209,0013173,농협생명보험주식회사,H,기타,190735000,280120000,국내생보사,D,SH027,형태별 보험료 수입(수납형태)
680,201212,0013173,농협생명보험주식회사,A,설계사,-121593351000,0,국내생보사,D,SH027,형태별 보험료 수입(수납형태)
681,201212,0013173,농협생명보험주식회사,B,지로,0,0,국내생보사,D,SH027,형태별 보험료 수입(수납형태)
682,201212,0013173,농협생명보험주식회사,C,자동이체,197594180000,230619635000,국내생보사,D,SH027,형태별 보험료 수입(수납형태)
683,201212,0013173,농협생명보험주식회사,D,대리점,0,0,국내생보사,D,SH027,형태별 보험료 수입(수납형태)
684,201212,0013173,농협생명보험주식회사,E,직납,11295438000,11571522000,국내생보사,D,SH027,형태별 보험료 수입(수납형태)
685,201212,0013173,농협생명보험주식회사,F,신용카드,593052000,1398863000,국내생보사,D,SH027,형태별 보험료 수입(수납형태)
686,201212,0013173,농협생명보험주식회사,G,방카슈랑스,1373999096000,3716700199000,국내생보사,D,SH027,형태별 보험료 수입(수납형태)
687,201212,0013173,농협생명보험주식회사,H,기타,11040058000,11320178000,국내생보사,D,SH027,형태별 보험료 수입(수납형태)
688,201303,0013173,농협생명보험주식회사,A,설계사,0,0,국내생보사,D,SH027,형태별 보험료 수입(수납형태)
689,201303,0013173,농협생명보험주식회사,B,지로,0,0,국내생보사,D,SH027,형태별 보험료 수입(수납형태)
690,201303,0013173,농협생명보험주식회사,C,자동이체,425179086000,655798721000,국내생보사,D,SH027,형태별 보험료 수입(수납형태)
691,201303,0013173,농협생명보험주식회사,D,대리점,0,0,국내생보사,D,SH027,형태별 보험료 수입(수납형태)
692,201303,0013173,농협생명보험주식회사,E,직납,75812522000,87384044000,국내생보사,D,SH027,형태별 보험료 수입(수납형태)
693,201303,0013173,농협생명보험주식회사,F,신용카드,1287235000,2686098000,국내생보사,D,SH027,형태별 보험료 수입(수납형태)
694,201303,0013173,농협생명보험주식회사,G,방카슈랑스,936604824000,4653305023000,국내생보사,D,SH027,형태별 보험료 수입(수납형태)
695,201303,0013173,농협생명보험주식회사,H,기타,10941832000,22262010000,국내생보사,D,SH027,형태별 보험료 수입(수납형태)
696,201306,0013173,농협생명보험주식회사,A,설계사,0,0,국내생보사,D,SH027,형태별 보험료 수입(수납형태)
697,201306,0013173,농협생명보험주식회사,B,지로,0,0,국내생보사,D,SH027,형태별 보험료 수입(수납형태)
698,201306,0013173,농협생명보험주식회사,C,자동이체,1195592073000,1195592073000,국내생보사,D,SH027,형태별 보험료 수입(수납형태)
699,201306,0013173,농협생명보험주식회사,D,대리점,0,0,국내생보사,D,SH027,형태별 보험료 수입(수납형태)
700,201306,0013173,농협생명보험주식회사,E,직납,190891890000,190891890000,국내생보사,D,SH027,형태별 보험료 수입(수납형태)
701,201306,0013173,농협생명보험주식회사,F,신용카드,3178018000,3178018000,국내생보사,D,SH027,형태별 보험료 수입(수납형태)
702,201306,0013173,농협생명보험주식회사,G,방카슈랑스,86631095000,86631095000,국내생보사,D,SH027,형태별 보험료 수입(수납형태)
703,201306,0013173,농협생명보험주식회사,H,기타,10983417000,10983417000,국내생보사,D,SH027,형태별 보험료 수입(수납형태)
704,201309,0013173,농협생명보험주식회사,A,설계사,0,0,국내생보사,D,SH027,형태별 보험료 수입(수납형태)
705,201309,0013173,농협생명보험주식회사,B,지로,0,0,국내생보사,D,SH027,형태별 보험료 수입(수납형태)
706,201309,0013173,농협생명보험주식회사,C,자동이체,1245626633000,2441218706000,국내생보사,D,SH027,형태별 보험료 수입(수납형태)
707,201309,0013173,농협생명보험주식회사,D,대리점,0,0,국내생보사,D,SH027,형태별 보험료 수입(수납형태)
708,201309,0013173,농협생명보험주식회사,E,직납,153722464000,344614354000,국내생보사,D,SH027,형태별 보험료 수입(수납형태)
709,201309,0013173,농협생명보험주식회사,F,신용카드,3505522000,6683540000,국내생보사,D,SH027,형태별 보험료 수입(수납형태)
710,201309,0013173,농협생명보험주식회사,G,방카슈랑스,77039454000,163670549000,국내생보사,D,SH027,형태별 보험료 수입(수납형태)
711,201309,0013173,농협생명보험주식회사,H,기타,6958742000,17942159000,국내생보사,D,SH027,형태별 보험료 수입(수납형태)
712,201312,0013173,농협생명보험주식회사,A,설계사,0,0,국내생보사,D,SH027,형태별 보험료 수입(수납형태)
713,201312,0013173,농협생명보험주식회사,B,지로,0,0,국내생보사,D,SH027,형태별 보험료 수입(수납형태)
714,201312,0013173,농협생명보험주식회사,C,자동이체,974129985000,3415348691000,국내생보사,D,SH027,형태별 보험료 수입(수납형태)
715,201312,0013173,농협생명보험주식회사,D,대리점,0,0,국내생보사,D,SH027,형태별 보험료 수입(수납형태)
716,201312,0013173,농협생명보험주식회사,E,직납,152031321000,496645675000,국내생보사,D,SH027,형태별 보험료 수입(수납형태)
717,201312,0013173,농협생명보험주식회사,F,신용카드,423003000,7106543000,국내생보사,D,SH027,형태별 보험료 수입(수납형태)
718,201312,0013173,농협생명보험주식회사,G,방카슈랑스,279427778000,443098327000,국내생보사,D,SH027,형태별 보험료 수입(수납형태)
719,201312,0013173,농협생명보험주식회사,H,기타,61468268000,79410427000,국내생보사,D,SH027,형태별 보험료 수입(수납형태)
720,201403,0013173,농협생명보험주식회사,A,설계사,0,0,국내생보사,D,SH027,형태별 보험료 수입(수납형태)
721,201403,0013173,농협생명보험주식회사,B,지로,0,0,국내생보사,D,SH027,형태별 보험료 수입(수납형태)
722,201403,0013173,농협생명보험주식회사,C,자동이체,1145311248000,1145311248000,국내생보사,D,SH027,형태별 보험료 수입(수납형태)
723,201403,0013173,농협생명보험주식회사,D,대리점,0,0,국내생보사,D,SH027,형태별 보험료 수입(수납형태)
724,201403,0013173,농협생명보험주식회사,E,직납,236398897000,236398897000,국내생보사,D,SH027,형태별 보험료 수입(수납형태)
725,201403,0013173,농협생명보험주식회사,F,신용카드,509543000,509543000,국내생보사,D,SH027,형태별 보험료 수입(수납형태)
726,201403,0013173,농협생명보험주식회사,G,방카슈랑스,117669989000,117669989000,국내생보사,D,SH027,형태별 보험료 수입(수납형태)
727,201403,0013173,농협생명보험주식회사,H,기타,62730294000,62730294000,국내생보사,D,SH027,형태별 보험료 수입(수납형태)
728,201406,0013173,농협생명보험주식회사,A,설계사,0,0,국내생보사,D,SH027,형태별 보험료 수입(수납형태)
729,201406,0013173,농협생명보험주식회사,B,지로,0,0,국내생보사,D,SH027,형태별 보험료 수입(수납형태)
730,201406,0013173,농협생명보험주식회사,C,자동이체,1204995282000,2350306530000,국내생보사,D,SH027,형태별 보험료 수입(수납형태)
731,201406,0013173,농협생명보험주식회사,D,대리점,0,0,국내생보사,D,SH027,형태별 보험료 수입(수납형태)
732,201406,0013173,농협생명보험주식회사,E,직납,233264737000,469663634000,국내생보사,D,SH027,형태별 보험료 수입(수납형태)
733,201406,0013173,농협생명보험주식회사,F,신용카드,603186000,1112729000,국내생보사,D,SH027,형태별 보험료 수입(수납형태)
734,201406,0013173,농협생명보험주식회사,G,방카슈랑스,126740424000,244410413000,국내생보사,D,SH027,형태별 보험료 수입(수납형태)
735,201406,0013173,농협생명보험주식회사,H,기타,76831502000,139561796000,국내생보사,D,SH027,형태별 보험료 수입(수납형태)
736,201409,0013173,농협생명보험주식회사,A,설계사,0,0,국내생보사,D,SH027,형태별 보험료 수입(수납형태)
737,201409,0013173,농협생명보험주식회사,B,지로,0,0,국내생보사,D,SH027,형태별 보험료 수입(수납형태)
738,201409,0013173,농협생명보험주식회사,C,자동이체,1203453058000,3553759588000,국내생보사,D,SH027,형태별 보험료 수입(수납형태)
739,201409,0013173,농협생명보험주식회사,D,대리점,0,0,국내생보사,D,SH027,형태별 보험료 수입(수납형태)
740,201409,0013173,농협생명보험주식회사,E,직납,208149095000,677812729000,국내생보사,D,SH027,형태별 보험료 수입(수납형태)
741,201409,0013173,농협생명보험주식회사,F,신용카드,568575000,1681304000,국내생보사,D,SH027,형태별 보험료 수입(수납형태)
742,201409,0013173,농협생명보험주식회사,G,방카슈랑스,130516533000,374926946000,국내생보사,D,SH027,형태별 보험료 수입(수납형태)
743,201409,0013173,농협생명보험주식회사,H,기타,90088670000,229650466000,국내생보사,D,SH027,형태별 보험료 수입(수납형태)
744,201412,0013173,농협생명보험주식회사,A,설계사,0,0,국내생보사,D,SH027,형태별 보험료 수입(수납형태)
745,201412,0013173,농협생명보험주식회사,B,지로,0,0,국내생보사,D,SH027,형태별 보험료 수입(수납형태)
746,201412,0013173,농협생명보험주식회사,C,자동이체,1223994664000,4777754252000,국내생보사,D,SH027,형태별 보험료 수입(수납형태)
747,201412,0013173,농협생명보험주식회사,D,대리점,0,0,국내생보사,D,SH027,형태별 보험료 수입(수납형태)
748,201412,0013173,농협생명보험주식회사,E,직납,195170502000,872983231000,국내생보사,D,SH027,형태별 보험료 수입(수납형태)
749,201412,0013173,농협생명보험주식회사,F,신용카드,574511000,2255815000,국내생보사,D,SH027,형태별 보험료 수입(수납형태)
750,201412,0013173,농협생명보험주식회사,G,방카슈랑스,133927226000,508854172000,국내생보사,D,SH027,형태별 보험료 수입(수납형태)
751,201412,0013173,농협생명보험주식회사,H,기타,104502124000,334152590000,국내생보사,D,SH027,형태별 보험료 수입(수납형태)
752,201503,0013173,농협생명보험주식회사,A,설계사,0,0,국내생보사,D,SH027,형태별 보험료 수입(수납형태)
753,201503,0013173,농협생명보험주식회사,B,지로,0,0,국내생보사,D,SH027,형태별 보험료 수입(수납형태)
754,201503,0013173,농협생명보험주식회사,C,자동이체,1247715506000,1247715506000,국내생보사,D,SH027,형태별 보험료 수입(수납형태)
755,201503,0013173,농협생명보험주식회사,D,대리점,0,0,국내생보사,D,SH027,형태별 보험료 수입(수납형태)
756,201503,0013173,농협생명보험주식회사,E,직납,258034336000,258034336000,국내생보사,D,SH027,형태별 보험료 수입(수납형태)
757,201503,0013173,농협생명보험주식회사,F,신용카드,621316000,621316000,국내생보사,D,SH027,형태별 보험료 수입(수납형태)
758,201503,0013173,농협생명보험주식회사,G,방카슈랑스,136403091000,136403091000,국내생보사,D,SH027,형태별 보험료 수입(수납형태)
759,201503,0013173,농협생명보험주식회사,H,기타,118192522000,118192522000,국내생보사,D,SH027,형태별 보험료 수입(수납형태)
760,201506,0013173,농협생명보험주식회사,A,설계사,0,0,국내생보사,D,SH027,형태별 보험료 수입(수납형태)
761,201506,0013173,농협생명보험주식회사,B,지로,0,0,국내생보사,D,SH027,형태별 보험료 수입(수납형태)
762,201506,0013173,농협생명보험주식회사,C,자동이체,1258488618000,2506204124000,국내생보사,D,SH027,형태별 보험료 수입(수납형태)
763,201506,0013173,농협생명보험주식회사,D,대리점,0,0,국내생보사,D,SH027,형태별 보험료 수입(수납형태)
764,201506,0013173,농협생명보험주식회사,E,직납,253417626000,511451962000,국내생보사,D,SH027,형태별 보험료 수입(수납형태)
765,201506,0013173,농협생명보험주식회사,F,신용카드,606053000,1227369000,국내생보사,D,SH027,형태별 보험료 수입(수납형태)
766,201506,0013173,농협생명보험주식회사,G,방카슈랑스,138533483000,274936574000,국내생보사,D,SH027,형태별 보험료 수입(수납형태)
767,201506,0013173,농협생명보험주식회사,H,기타,130937531000,249130053000,국내생보사,D,SH027,형태별 보험료 수입(수납형태)
768,201509,0013173,농협생명보험주식회사,A,설계사,0,0,국내생보사,D,SH027,형태별 보험료 수입(수납형태)
769,201509,0013173,농협생명보험주식회사,B,지로,0,0,국내생보사,D,SH027,형태별 보험료 수입(수납형태)
770,201509,0013173,농협생명보험주식회사,C,자동이체,1233654590000,3739858714000,국내생보사,D,SH027,형태별 보험료 수입(수납형태)
771,201509,0013173,농협생명보험주식회사,D,대리점,0,0,국내생보사,D,SH027,형태별 보험료 수입(수납형태)
772,201509,0013173,농협생명보험주식회사,E,직납,211118877000,722570839000,국내생보사,D,SH027,형태별 보험료 수입(수납형태)
773,201509,0013173,농협생명보험주식회사,F,신용카드,610130000,1837499000,국내생보사,D,SH027,형태별 보험료 수입(수납형태)
774,201509,0013173,농협생명보험주식회사,G,방카슈랑스,138146765000,413083339000,국내생보사,D,SH027,형태별 보험료 수입(수납형태)
775,201509,0013173,농협생명보험주식회사,H,기타,136173077000,385303130000,국내생보사,D,SH027,형태별 보험료 수입(수납형태)
776,201512,0013173,농협생명보험주식회사,A,설계사,0,0,국내생보사,D,SH027,형태별 보험료 수입(수납형태)
777,201512,0013173,농협생명보험주식회사,B,지로,0,0,국내생보사,D,SH027,형태별 보험료 수입(수납형태)
778,201512,0013173,농협생명보험주식회사,C,자동이체,1251483101000,4991341815000,국내생보사,D,SH027,형태별 보험료 수입(수납형태)
779,201512,0013173,농협생명보험주식회사,D,대리점,0,0,국내생보사,D,SH027,형태별 보험료 수입(수납형태)
780,201512,0013173,농협생명보험주식회사,E,직납,229733901000,952304740000,국내생보사,D,SH027,형태별 보험료 수입(수납형태)
781,201512,0013173,농협생명보험주식회사,F,신용카드,603664000,2441163000,국내생보사,D,SH027,형태별 보험료 수입(수납형태)
782,201512,0013173,농협생명보험주식회사,G,방카슈랑스,141112018000,554195357000,국내생보사,D,SH027,형태별 보험료 수입(수납형태)
783,201512,0013173,농협생명보험주식회사,H,기타,144639647000,529942777000,국내생보사,D,SH027,형태별 보험료 수입(수납형태)
784,201603,0013173,농협생명보험주식회사,A,설계사,0,0,국내생보사,D,SH027,형태별 보험료 수입(수납형태)
785,201603,0013173,농협생명보험주식회사,B,지로,0,0,국내생보사,D,SH027,형태별 보험료 수입(수납형태)
786,201603,0013173,농협생명보험주식회사,C,자동이체,1480935841000,1480935841000,국내생보사,D,SH027,형태별 보험료 수입(수납형태)
787,201603,0013173,농협생명보험주식회사,D,대리점,0,0,국내생보사,D,SH027,형태별 보험료 수입(수납형태)
788,201603,0013173,농협생명보험주식회사,E,직납,312842599000,312842599000,국내생보사,D,SH027,형태별 보험료 수입(수납형태)
789,201603,0013173,농협생명보험주식회사,F,신용카드,6222302000,6222302000,국내생보사,D,SH027,형태별 보험료 수입(수납형태)
790,201603,0013173,농협생명보험주식회사,G,방카슈랑스,8504752000,8504752000,국내생보사,D,SH027,형태별 보험료 수입(수납형태)
791,201603,0013173,농협생명보험주식회사,H,기타,226748000,226748000,국내생보사,D,SH027,형태별 보험료 수입(수납형태)
792,201606,0013173,농협생명보험주식회사,A,설계사,0,0,국내생보사,D,SH027,형태별 보험료 수입(수납형태)
793,201606,0013173,농협생명보험주식회사,B,지로,0,0,국내생보사,D,SH027,형태별 보험료 수입(수납형태)
794,201606,0013173,농협생명보험주식회사,C,자동이체,1490519190000,2971455031000,국내생보사,D,SH027,형태별 보험료 수입(수납형태)
795,201606,0013173,농협생명보험주식회사,D,대리점,0,0,국내생보사,D,SH027,형태별 보험료 수입(수납형태)
796,201606,0013173,농협생명보험주식회사,E,직납,254647381000,567489980000,국내생보사,D,SH027,형태별 보험료 수입(수납형태)
797,201606,0013173,농협생명보험주식회사,F,신용카드,6950015000,13172317000,국내생보사,D,SH027,형태별 보험료 수입(수납형태)
798,201606,0013173,농협생명보험주식회사,G,방카슈랑스,8429502000,16934254000,국내생보사,D,SH027,형태별 보험료 수입(수납형태)
799,201606,0013173,농협생명보험주식회사,H,기타,218202000,444950000,국내생보사,D,SH027,형태별 보험료 수입(수납형태)
800,201609,0013173,농협생명보험주식회사,A,설계사,0,0,국내생보사,D,SH027,형태별 보험료 수입(수납형태)
801,201609,0013173,농협생명보험주식회사,B,지로,0,0,국내생보사,D,SH027,형태별 보험료 수입(수납형태)
802,201609,0013173,농협생명보험주식회사,C,자동이체,1474403359000,4445858390000,국내생보사,D,SH027,형태별 보험료 수입(수납형태)
803,201609,0013173,농협생명보험주식회사,D,대리점,0,0,국내생보사,D,SH027,형태별 보험료 수입(수납형태)
804,201609,0013173,농협생명보험주식회사,E,직납,250824052000,818314032000,국내생보사,D,SH027,형태별 보험료 수입(수납형태)
805,201609,0013173,농협생명보험주식회사,F,신용카드,7307868000,20480185000,국내생보사,D,SH027,형태별 보험료 수입(수납형태)
806,201609,0013173,농협생명보험주식회사,G,방카슈랑스,13241209000,30175463000,국내생보사,D,SH027,형태별 보험료 수입(수납형태)
807,201609,0013173,농협생명보험주식회사,H,기타,192032000,636982000,국내생보사,D,SH027,형태별 보험료 수입(수납형태)
808,201612,0013173,농협생명보험주식회사,A,설계사,0,0,국내생보사,D,SH027,형태별 보험료 수입(수납형태)
809,201612,0013173,농협생명보험주식회사,B,지로,0,0,국내생보사,D,SH027,형태별 보험료 수입(수납형태)
810,201612,0013173,농협생명보험주식회사,C,자동이체,1474771895000,5920630285000,국내생보사,D,SH027,형태별 보험료 수입(수납형태)
811,201612,0013173,농협생명보험주식회사,D,대리점,0,0,국내생보사,D,SH027,형태별 보험료 수입(수납형태)
812,201612,0013173,농협생명보험주식회사,E,직납,243666731000,1061980763000,국내생보사,D,SH027,형태별 보험료 수입(수납형태)
813,201612,0013173,농협생명보험주식회사,F,신용카드,8122761000,28602946000,국내생보사,D,SH027,형태별 보험료 수입(수납형태)
814,201612,0013173,농협생명보험주식회사,G,방카슈랑스,11877616000,42053079000,국내생보사,D,SH027,형태별 보험료 수입(수납형태)
815,201612,0013173,농협생명보험주식회사,H,기타,174423000,811405000,국내생보사,D,SH027,형태별 보험료 수입(수납형태)
816,201106,0010608,미래에셋생명보험주식회사,A,설계사,50000,50000,국내생보사,D,SH027,형태별 보험료 수입(수납형태)
817,201106,0010608,미래에셋생명보험주식회사,B,지로,3685851000,3685851000,국내생보사,D,SH027,형태별 보험료 수입(수납형태)
818,201106,0010608,미래에셋생명보험주식회사,C,자동이체,630648955000,630648955000,국내생보사,D,SH027,형태별 보험료 수입(수납형태)
819,201106,0010608,미래에셋생명보험주식회사,D,대리점,0,0,국내생보사,D,SH027,형태별 보험료 수입(수납형태)
820,201106,0010608,미래에셋생명보험주식회사,E,직납,55281669000,55281669000,국내생보사,D,SH027,형태별 보험료 수입(수납형태)
821,201106,0010608,미래에셋생명보험주식회사,F,신용카드,22317101000,22317101000,국내생보사,D,SH027,형태별 보험료 수입(수납형태)
822,201106,0010608,미래에셋생명보험주식회사,G,방카슈랑스,162379593000,162379593000,국내생보사,D,SH027,형태별 보험료 수입(수납형태)
823,201106,0010608,미래에셋생명보험주식회사,H,기타,0,0,국내생보사,D,SH027,형태별 보험료 수입(수납형태)
824,201109,0010608,미래에셋생명보험주식회사,A,설계사,0,50000,국내생보사,D,SH027,형태별 보험료 수입(수납형태)
825,201109,0010608,미래에셋생명보험주식회사,B,지로,4100026000,7785877000,국내생보사,D,SH027,형태별 보험료 수입(수납형태)
826,201109,0010608,미래에셋생명보험주식회사,C,자동이체,651379555000,1282028510000,국내생보사,D,SH027,형태별 보험료 수입(수납형태)
827,201109,0010608,미래에셋생명보험주식회사,D,대리점,0,0,국내생보사,D,SH027,형태별 보험료 수입(수납형태)
828,201109,0010608,미래에셋생명보험주식회사,E,직납,36612584000,91894253000,국내생보사,D,SH027,형태별 보험료 수입(수납형태)
829,201109,0010608,미래에셋생명보험주식회사,F,신용카드,23128717000,45445818000,국내생보사,D,SH027,형태별 보험료 수입(수납형태)
830,201109,0010608,미래에셋생명보험주식회사,G,방카슈랑스,167412639000,329792232000,국내생보사,D,SH027,형태별 보험료 수입(수납형태)
831,201109,0010608,미래에셋생명보험주식회사,H,기타,0,0,국내생보사,D,SH027,형태별 보험료 수입(수납형태)
832,201112,0010608,미래에셋생명보험주식회사,A,설계사,0,50000,국내생보사,D,SH027,형태별 보험료 수입(수납형태)
833,201112,0010608,미래에셋생명보험주식회사,B,지로,4197568000,11983445000,국내생보사,D,SH027,형태별 보험료 수입(수납형태)
834,201112,0010608,미래에셋생명보험주식회사,C,자동이체,648192792000,1930221302000,국내생보사,D,SH027,형태별 보험료 수입(수납형태)
835,201112,0010608,미래에셋생명보험주식회사,D,대리점,0,0,국내생보사,D,SH027,형태별 보험료 수입(수납형태)
836,201112,0010608,미래에셋생명보험주식회사,E,직납,300725798000,392620051000,국내생보사,D,SH027,형태별 보험료 수입(수납형태)
837,201112,0010608,미래에셋생명보험주식회사,F,신용카드,22057860000,67503678000,국내생보사,D,SH027,형태별 보험료 수입(수납형태)
838,201112,0010608,미래에셋생명보험주식회사,G,방카슈랑스,174741051000,504533283000,국내생보사,D,SH027,형태별 보험료 수입(수납형태)
839,201112,0010608,미래에셋생명보험주식회사,H,기타,0,0,국내생보사,D,SH027,형태별 보험료 수입(수납형태)
840,201203,0010608,미래에셋생명보험주식회사,A,설계사,0,50000,국내생보사,D,SH027,형태별 보험료 수입(수납형태)
841,201203,0010608,미래에셋생명보험주식회사,B,지로,3744150000,15727595000,국내생보사,D,SH027,형태별 보험료 수입(수납형태)
842,201203,0010608,미래에셋생명보험주식회사,C,자동이체,646073448000,2576294750000,국내생보사,D,SH027,형태별 보험료 수입(수납형태)
843,201203,0010608,미래에셋생명보험주식회사,D,대리점,0,0,국내생보사,D,SH027,형태별 보험료 수입(수납형태)
844,201203,0010608,미래에셋생명보험주식회사,E,직납,34126683000,426746734000,국내생보사,D,SH027,형태별 보험료 수입(수납형태)
845,201203,0010608,미래에셋생명보험주식회사,F,신용카드,21816453000,89320131000,국내생보사,D,SH027,형태별 보험료 수입(수납형태)
846,201203,0010608,미래에셋생명보험주식회사,G,방카슈랑스,174683518000,679216801000,국내생보사,D,SH027,형태별 보험료 수입(수납형태)
847,201203,0010608,미래에셋생명보험주식회사,H,기타,0,0,국내생보사,D,SH027,형태별 보험료 수입(수납형태)
848,201206,0010608,미래에셋생명보험주식회사,A,설계사,0,0,국내생보사,D,SH027,형태별 보험료 수입(수납형태)
849,201206,0010608,미래에셋생명보험주식회사,B,지로,2192160000,2192160000,국내생보사,D,SH027,형태별 보험료 수입(수납형태)
850,201206,0010608,미래에셋생명보험주식회사,C,자동이체,645363377000,645363377000,국내생보사,D,SH027,형태별 보험료 수입(수납형태)
851,201206,0010608,미래에셋생명보험주식회사,D,대리점,0,0,국내생보사,D,SH027,형태별 보험료 수입(수납형태)
852,201206,0010608,미래에셋생명보험주식회사,E,직납,98842286000,98842286000,국내생보사,D,SH027,형태별 보험료 수입(수납형태)
853,201206,0010608,미래에셋생명보험주식회사,F,신용카드,22291798000,22291798000,국내생보사,D,SH027,형태별 보험료 수입(수납형태)
854,201206,0010608,미래에셋생명보험주식회사,G,방카슈랑스,179875486000,179875486000,국내생보사,D,SH027,형태별 보험료 수입(수납형태)
855,201206,0010608,미래에셋생명보험주식회사,H,기타,0,0,국내생보사,D,SH027,형태별 보험료 수입(수납형태)
856,201209,0010608,미래에셋생명보험주식회사,A,설계사,0,0,국내생보사,D,SH027,형태별 보험료 수입(수납형태)
857,201209,0010608,미래에셋생명보험주식회사,B,지로,1941884000,4134044000,국내생보사,D,SH027,형태별 보험료 수입(수납형태)
858,201209,0010608,미래에셋생명보험주식회사,C,자동이체,635765877000,1281129254000,국내생보사,D,SH027,형태별 보험료 수입(수납형태)
859,201209,0010608,미래에셋생명보험주식회사,D,대리점,0,0,국내생보사,D,SH027,형태별 보험료 수입(수납형태)
860,201209,0010608,미래에셋생명보험주식회사,E,직납,28659171000,127501457000,국내생보사,D,SH027,형태별 보험료 수입(수납형태)
861,201209,0010608,미래에셋생명보험주식회사,F,신용카드,23202809000,45494607000,국내생보사,D,SH027,형태별 보험료 수입(수납형태)
862,201209,0010608,미래에셋생명보험주식회사,G,방카슈랑스,189017908000,368893394000,국내생보사,D,SH027,형태별 보험료 수입(수납형태)
863,201209,0010608,미래에셋생명보험주식회사,H,기타,0,0,국내생보사,D,SH027,형태별 보험료 수입(수납형태)
864,201212,0010608,미래에셋생명보험주식회사,A,설계사,0,0,국내생보사,D,SH027,형태별 보험료 수입(수납형태)
865,201212,0010608,미래에셋생명보험주식회사,B,지로,1833205000,5967249000,국내생보사,D,SH027,형태별 보험료 수입(수납형태)
866,201212,0010608,미래에셋생명보험주식회사,C,자동이체,624422560000,1905551814000,국내생보사,D,SH027,형태별 보험료 수입(수납형태)
867,201212,0010608,미래에셋생명보험주식회사,D,대리점,0,0,국내생보사,D,SH027,형태별 보험료 수입(수납형태)
868,201212,0010608,미래에셋생명보험주식회사,E,직납,402404552000,529906009000,국내생보사,D,SH027,형태별 보험료 수입(수납형태)
869,201212,0010608,미래에셋생명보험주식회사,F,신용카드,23685518000,69180125000,국내생보사,D,SH027,형태별 보험료 수입(수납형태)
870,201212,0010608,미래에셋생명보험주식회사,G,방카슈랑스,219374035000,588267429000,국내생보사,D,SH027,형태별 보험료 수입(수납형태)
871,201212,0010608,미래에셋생명보험주식회사,H,기타,0,0,국내생보사,D,SH027,형태별 보험료 수입(수납형태)
872,201303,0010608,미래에셋생명보험주식회사,A,설계사,-200000,-200000,국내생보사,D,SH027,형태별 보험료 수입(수납형태)
873,201303,0010608,미래에셋생명보험주식회사,B,지로,2107597000,8074846000,국내생보사,D,SH027,형태별 보험료 수입(수납형태)
874,201303,0010608,미래에셋생명보험주식회사,C,자동이체,619285633000,2524837447000,국내생보사,D,SH027,형태별 보험료 수입(수납형태)
875,201303,0010608,미래에셋생명보험주식회사,D,대리점,0,0,국내생보사,D,SH027,형태별 보험료 수입(수납형태)
876,201303,0010608,미래에셋생명보험주식회사,E,직납,82982503000,612888512000,국내생보사,D,SH027,형태별 보험료 수입(수납형태)
877,201303,0010608,미래에셋생명보험주식회사,F,신용카드,24326278000,93506403000,국내생보사,D,SH027,형태별 보험료 수입(수납형태)
878,201303,0010608,미래에셋생명보험주식회사,G,방카슈랑스,300518271000,888785700000,국내생보사,D,SH027,형태별 보험료 수입(수납형태)
879,201303,0010608,미래에셋생명보험주식회사,H,기타,0,0,국내생보사,D,SH027,형태별 보험료 수입(수납형태)
880,201306,0010608,미래에셋생명보험주식회사,A,설계사,-300000,-300000,국내생보사,D,SH027,형태별 보험료 수입(수납형태)
881,201306,0010608,미래에셋생명보험주식회사,B,지로,2616406000,2616406000,국내생보사,D,SH027,형태별 보험료 수입(수납형태)
882,201306,0010608,미래에셋생명보험주식회사,C,자동이체,607164151000,607164151000,국내생보사,D,SH027,형태별 보험료 수입(수납형태)
883,201306,0010608,미래에셋생명보험주식회사,D,대리점,0,0,국내생보사,D,SH027,형태별 보험료 수입(수납형태)
884,201306,0010608,미래에셋생명보험주식회사,E,직납,173669650000,173669650000,국내생보사,D,SH027,형태별 보험료 수입(수납형태)
885,201306,0010608,미래에셋생명보험주식회사,F,신용카드,24813979000,24813979000,국내생보사,D,SH027,형태별 보험료 수입(수납형태)
886,201306,0010608,미래에셋생명보험주식회사,G,방카슈랑스,218436486000,218436486000,국내생보사,D,SH027,형태별 보험료 수입(수납형태)
887,201306,0010608,미래에셋생명보험주식회사,H,기타,0,0,국내생보사,D,SH027,형태별 보험료 수입(수납형태)
888,201309,0010608,미래에셋생명보험주식회사,A,설계사,-300000,-600000,국내생보사,D,SH027,형태별 보험료 수입(수납형태)
889,201309,0010608,미래에셋생명보험주식회사,B,지로,1806073000,4422479000,국내생보사,D,SH027,형태별 보험료 수입(수납형태)
890,201309,0010608,미래에셋생명보험주식회사,C,자동이체,594059217000,1201223368000,국내생보사,D,SH027,형태별 보험료 수입(수납형태)
891,201309,0010608,미래에셋생명보험주식회사,D,대리점,0,0,국내생보사,D,SH027,형태별 보험료 수입(수납형태)
892,201309,0010608,미래에셋생명보험주식회사,E,직납,48628471000,222298121000,국내생보사,D,SH027,형태별 보험료 수입(수납형태)
893,201309,0010608,미래에셋생명보험주식회사,F,신용카드,25226833000,50040812000,국내생보사,D,SH027,형태별 보험료 수입(수납형태)
894,201309,0010608,미래에셋생명보험주식회사,G,방카슈랑스,208132414000,426568900000,국내생보사,D,SH027,형태별 보험료 수입(수납형태)
895,201309,0010608,미래에셋생명보험주식회사,H,기타,0,0,국내생보사,D,SH027,형태별 보험료 수입(수납형태)
896,201312,0010608,미래에셋생명보험주식회사,A,설계사,0,-600000,국내생보사,D,SH027,형태별 보험료 수입(수납형태)
897,201312,0010608,미래에셋생명보험주식회사,B,지로,1706491000,6128970000,국내생보사,D,SH027,형태별 보험료 수입(수납형태)
898,201312,0010608,미래에셋생명보험주식회사,C,자동이체,583819652000,1785043020000,국내생보사,D,SH027,형태별 보험료 수입(수납형태)
899,201312,0010608,미래에셋생명보험주식회사,D,대리점,0,0,국내생보사,D,SH027,형태별 보험료 수입(수납형태)
900,201312,0010608,미래에셋생명보험주식회사,E,직납,495441133000,717739254000,국내생보사,D,SH027,형태별 보험료 수입(수납형태)
901,201312,0010608,미래에셋생명보험주식회사,F,신용카드,25812326000,75853138000,국내생보사,D,SH027,형태별 보험료 수입(수납형태)
902,201312,0010608,미래에셋생명보험주식회사,G,방카슈랑스,210730666000,637299566000,국내생보사,D,SH027,형태별 보험료 수입(수납형태)
903,201312,0010608,미래에셋생명보험주식회사,H,기타,0,0,국내생보사,D,SH027,형태별 보험료 수입(수납형태)
904,201403,0010608,미래에셋생명보험주식회사,A,설계사,-106000,-106000,국내생보사,D,SH027,형태별 보험료 수입(수납형태)
905,201403,0010608,미래에셋생명보험주식회사,B,지로,1754074000,1754074000,국내생보사,D,SH027,형태별 보험료 수입(수납형태)
906,201403,0010608,미래에셋생명보험주식회사,C,자동이체,573011034000,573011034000,국내생보사,D,SH027,형태별 보험료 수입(수납형태)
907,201403,0010608,미래에셋생명보험주식회사,D,대리점,0,0,국내생보사,D,SH027,형태별 보험료 수입(수납형태)
908,201403,0010608,미래에셋생명보험주식회사,E,직납,106997982000,106997982000,국내생보사,D,SH027,형태별 보험료 수입(수납형태)
909,201403,0010608,미래에셋생명보험주식회사,F,신용카드,25748969000,25748969000,국내생보사,D,SH027,형태별 보험료 수입(수납형태)
910,201403,0010608,미래에셋생명보험주식회사,G,방카슈랑스,216196704000,216196704000,국내생보사,D,SH027,형태별 보험료 수입(수납형태)
911,201403,0010608,미래에셋생명보험주식회사,H,기타,0,0,국내생보사,D,SH027,형태별 보험료 수입(수납형태)
912,201406,0010608,미래에셋생명보험주식회사,A,설계사,0,-106000,국내생보사,D,SH027,형태별 보험료 수입(수납형태)
913,201406,0010608,미래에셋생명보험주식회사,B,지로,1784968000,3539042000,국내생보사,D,SH027,형태별 보험료 수입(수납형태)
914,201406,0010608,미래에셋생명보험주식회사,C,자동이체,563372424000,1136383458000,국내생보사,D,SH027,형태별 보험료 수입(수납형태)
915,201406,0010608,미래에셋생명보험주식회사,D,대리점,0,0,국내생보사,D,SH027,형태별 보험료 수입(수납형태)
916,201406,0010608,미래에셋생명보험주식회사,E,직납,225151767000,332149749000,국내생보사,D,SH027,형태별 보험료 수입(수납형태)
917,201406,0010608,미래에셋생명보험주식회사,F,신용카드,26483045000,52232014000,국내생보사,D,SH027,형태별 보험료 수입(수납형태)
918,201406,0010608,미래에셋생명보험주식회사,G,방카슈랑스,225138439000,441335143000,국내생보사,D,SH027,형태별 보험료 수입(수납형태)
919,201406,0010608,미래에셋생명보험주식회사,H,기타,0,0,국내생보사,D,SH027,형태별 보험료 수입(수납형태)
920,201409,0010608,미래에셋생명보험주식회사,A,설계사,-61000,-167000,국내생보사,D,SH027,형태별 보험료 수입(수납형태)
921,201409,0010608,미래에셋생명보험주식회사,B,지로,1735413000,5274455000,국내생보사,D,SH027,형태별 보험료 수입(수납형태)
922,201409,0010608,미래에셋생명보험주식회사,C,자동이체,557209480000,1693592938000,국내생보사,D,SH027,형태별 보험료 수입(수납형태)
923,201409,0010608,미래에셋생명보험주식회사,D,대리점,0,0,국내생보사,D,SH027,형태별 보험료 수입(수납형태)
924,201409,0010608,미래에셋생명보험주식회사,E,직납,65703465000,397853214000,국내생보사,D,SH027,형태별 보험료 수입(수납형태)
925,201409,0010608,미래에셋생명보험주식회사,F,신용카드,27281456000,79513470000,국내생보사,D,SH027,형태별 보험료 수입(수납형태)
926,201409,0010608,미래에셋생명보험주식회사,G,방카슈랑스,235631001000,676966144000,국내생보사,D,SH027,형태별 보험료 수입(수납형태)
927,201409,0010608,미래에셋생명보험주식회사,H,기타,0,0,국내생보사,D,SH027,형태별 보험료 수입(수납형태)
928,201412,0010608,미래에셋생명보험주식회사,A,설계사,0,-167000,국내생보사,D,SH027,형태별 보험료 수입(수납형태)
929,201412,0010608,미래에셋생명보험주식회사,B,지로,1788738000,7063193000,국내생보사,D,SH027,형태별 보험료 수입(수납형태)
930,201412,0010608,미래에셋생명보험주식회사,C,자동이체,555144593000,2248737531000,국내생보사,D,SH027,형태별 보험료 수입(수납형태)
931,201412,0010608,미래에셋생명보험주식회사,D,대리점,0,0,국내생보사,D,SH027,형태별 보험료 수입(수납형태)
932,201412,0010608,미래에셋생명보험주식회사,E,직납,675963162000,1073816376000,국내생보사,D,SH027,형태별 보험료 수입(수납형태)
933,201412,0010608,미래에셋생명보험주식회사,F,신용카드,28137745000,107651215000,국내생보사,D,SH027,형태별 보험료 수입(수납형태)
934,201412,0010608,미래에셋생명보험주식회사,G,방카슈랑스,251572950000,928539094000,국내생보사,D,SH027,형태별 보험료 수입(수납형태)
935,201412,0010608,미래에셋생명보험주식회사,H,기타,0,0,국내생보사,D,SH027,형태별 보험료 수입(수납형태)
936,201503,0010608,미래에셋생명보험주식회사,A,설계사,-1614000,-1614000,국내생보사,D,SH027,형태별 보험료 수입(수납형태)
937,201503,0010608,미래에셋생명보험주식회사,B,지로,1592130000,1592130000,국내생보사,D,SH027,형태별 보험료 수입(수납형태)
938,201503,0010608,미래에셋생명보험주식회사,C,자동이체,551553565000,551553565000,국내생보사,D,SH027,형태별 보험료 수입(수납형태)
939,201503,0010608,미래에셋생명보험주식회사,D,대리점,0,0,국내생보사,D,SH027,형태별 보험료 수입(수납형태)
940,201503,0010608,미래에셋생명보험주식회사,E,직납,201692394000,201692394000,국내생보사,D,SH027,형태별 보험료 수입(수납형태)
941,201503,0010608,미래에셋생명보험주식회사,F,신용카드,28468213000,28468213000,국내생보사,D,SH027,형태별 보험료 수입(수납형태)
942,201503,0010608,미래에셋생명보험주식회사,G,방카슈랑스,238464515000,238464515000,국내생보사,D,SH027,형태별 보험료 수입(수납형태)
943,201503,0010608,미래에셋생명보험주식회사,H,기타,0,0,국내생보사,D,SH027,형태별 보험료 수입(수납형태)
944,201506,0010608,미래에셋생명보험주식회사,A,설계사,-926000,-2540000,국내생보사,D,SH027,형태별 보험료 수입(수납형태)
945,201506,0010608,미래에셋생명보험주식회사,B,지로,1595148000,3187278000,국내생보사,D,SH027,형태별 보험료 수입(수납형태)
946,201506,0010608,미래에셋생명보험주식회사,C,자동이체,551719672000,1103273237000,국내생보사,D,SH027,형태별 보험료 수입(수납형태)
947,201506,0010608,미래에셋생명보험주식회사,D,대리점,0,0,국내생보사,D,SH027,형태별 보험료 수입(수납형태)
948,201506,0010608,미래에셋생명보험주식회사,E,직납,234839188000,436531582000,국내생보사,D,SH027,형태별 보험료 수입(수납형태)
949,201506,0010608,미래에셋생명보험주식회사,F,신용카드,28524264000,56992477000,국내생보사,D,SH027,형태별 보험료 수입(수납형태)
950,201506,0010608,미래에셋생명보험주식회사,G,방카슈랑스,243453691000,481918206000,국내생보사,D,SH027,형태별 보험료 수입(수납형태)
951,201506,0010608,미래에셋생명보험주식회사,H,기타,0,0,국내생보사,D,SH027,형태별 보험료 수입(수납형태)
952,201509,0010608,미래에셋생명보험주식회사,A,설계사,0,-2540000,국내생보사,D,SH027,형태별 보험료 수입(수납형태)
953,201509,0010608,미래에셋생명보험주식회사,B,지로,1365263000,4552541000,국내생보사,D,SH027,형태별 보험료 수입(수납형태)
954,201509,0010608,미래에셋생명보험주식회사,C,자동이체,544671780000,1647945017000,국내생보사,D,SH027,형태별 보험료 수입(수납형태)
955,201509,0010608,미래에셋생명보험주식회사,D,대리점,0,0,국내생보사,D,SH027,형태별 보험료 수입(수납형태)
956,201509,0010608,미래에셋생명보험주식회사,E,직납,79481555000,516013137000,국내생보사,D,SH027,형태별 보험료 수입(수납형태)
957,201509,0010608,미래에셋생명보험주식회사,F,신용카드,28982868000,85975345000,국내생보사,D,SH027,형태별 보험료 수입(수납형태)
958,201509,0010608,미래에셋생명보험주식회사,G,방카슈랑스,275857239000,757775445000,국내생보사,D,SH027,형태별 보험료 수입(수납형태)
959,201509,0010608,미래에셋생명보험주식회사,H,기타,0,0,국내생보사,D,SH027,형태별 보험료 수입(수납형태)
960,201512,0010608,미래에셋생명보험주식회사,A,설계사,0,-2540000,국내생보사,D,SH027,형태별 보험료 수입(수납형태)
961,201512,0010608,미래에셋생명보험주식회사,B,지로,1552085000,6104626000,국내생보사,D,SH027,형태별 보험료 수입(수납형태)
962,201512,0010608,미래에셋생명보험주식회사,C,자동이체,547490051000,2195435068000,국내생보사,D,SH027,형태별 보험료 수입(수납형태)
963,201512,0010608,미래에셋생명보험주식회사,D,대리점,0,0,국내생보사,D,SH027,형태별 보험료 수입(수납형태)
964,201512,0010608,미래에셋생명보험주식회사,E,직납,1136772801000,1652785938000,국내생보사,D,SH027,형태별 보험료 수입(수납형태)
965,201512,0010608,미래에셋생명보험주식회사,F,신용카드,29988856000,115964201000,국내생보사,D,SH027,형태별 보험료 수입(수납형태)
966,201512,0010608,미래에셋생명보험주식회사,G,방카슈랑스,262210556000,1019986001000,국내생보사,D,SH027,형태별 보험료 수입(수납형태)
967,201512,0010608,미래에셋생명보험주식회사,H,기타,0,0,국내생보사,D,SH027,형태별 보험료 수입(수납형태)
968,201603,0010608,미래에셋생명보험주식회사,A,설계사,-298000,-298000,국내생보사,D,SH027,형태별 보험료 수입(수납형태)
969,201603,0010608,미래에셋생명보험주식회사,B,지로,1382894000,1382894000,국내생보사,D,SH027,형태별 보험료 수입(수납형태)
970,201603,0010608,미래에셋생명보험주식회사,C,자동이체,542254528000,542254528000,국내생보사,D,SH027,형태별 보험료 수입(수납형태)
971,201603,0010608,미래에셋생명보험주식회사,D,대리점,0,0,국내생보사,D,SH027,형태별 보험료 수입(수납형태)
972,201603,0010608,미래에셋생명보험주식회사,E,직납,97996265000,97996265000,국내생보사,D,SH027,형태별 보험료 수입(수납형태)
973,201603,0010608,미래에셋생명보험주식회사,F,신용카드,29829926000,29829926000,국내생보사,D,SH027,형태별 보험료 수입(수납형태)
974,201603,0010608,미래에셋생명보험주식회사,G,방카슈랑스,225938016000,225938016000,국내생보사,D,SH027,형태별 보험료 수입(수납형태)
975,201603,0010608,미래에셋생명보험주식회사,H,기타,0,0,국내생보사,D,SH027,형태별 보험료 수입(수납형태)
976,201606,0010608,미래에셋생명보험주식회사,A,설계사,0,-298000,국내생보사,D,SH027,형태별 보험료 수입(수납형태)
977,201606,0010608,미래에셋생명보험주식회사,B,지로,1419932000,2802826000,국내생보사,D,SH027,형태별 보험료 수입(수납형태)
978,201606,0010608,미래에셋생명보험주식회사,C,자동이체,538503273000,1080757801000,국내생보사,D,SH027,형태별 보험료 수입(수납형태)
979,201606,0010608,미래에셋생명보험주식회사,D,대리점,0,0,국내생보사,D,SH027,형태별 보험료 수입(수납형태)
980,201606,0010608,미래에셋생명보험주식회사,E,직납,353036393000,451032658000,국내생보사,D,SH027,형태별 보험료 수입(수납형태)
981,201606,0010608,미래에셋생명보험주식회사,F,신용카드,30078455000,59908381000,국내생보사,D,SH027,형태별 보험료 수입(수납형태)
982,201606,0010608,미래에셋생명보험주식회사,G,방카슈랑스,212316560000,438254576000,국내생보사,D,SH027,형태별 보험료 수입(수납형태)
983,201606,0010608,미래에셋생명보험주식회사,H,기타,0,0,국내생보사,D,SH027,형태별 보험료 수입(수납형태)
984,201609,0010608,미래에셋생명보험주식회사,A,설계사,0,-298000,국내생보사,D,SH027,형태별 보험료 수입(수납형태)
985,201609,0010608,미래에셋생명보험주식회사,B,지로,1364570000,4167396000,국내생보사,D,SH027,형태별 보험료 수입(수납형태)
986,201609,0010608,미래에셋생명보험주식회사,C,자동이체,538294921000,1619052722000,국내생보사,D,SH027,형태별 보험료 수입(수납형태)
987,201609,0010608,미래에셋생명보험주식회사,D,대리점,0,0,국내생보사,D,SH027,형태별 보험료 수입(수납형태)
988,201609,0010608,미래에셋생명보험주식회사,E,직납,116871991000,567904649000,국내생보사,D,SH027,형태별 보험료 수입(수납형태)
989,201609,0010608,미래에셋생명보험주식회사,F,신용카드,25010396000,84918777000,국내생보사,D,SH027,형태별 보험료 수입(수납형태)
990,201609,0010608,미래에셋생명보험주식회사,G,방카슈랑스,229984922000,668239498000,국내생보사,D,SH027,형태별 보험료 수입(수납형태)
991,201609,0010608,미래에셋생명보험주식회사,H,기타,0,0,국내생보사,D,SH027,형태별 보험료 수입(수납형태)
992,201612,0010608,미래에셋생명보험주식회사,A,설계사,0,-298000,국내생보사,D,SH027,형태별 보험료 수입(수납형태)
993,201612,0010608,미래에셋생명보험주식회사,B,지로,1420626000,5588022000,국내생보사,D,SH027,형태별 보험료 수입(수납형태)
994,201612,0010608,미래에셋생명보험주식회사,C,자동이체,538430993000,2157483715000,국내생보사,D,SH027,형태별 보험료 수입(수납형태)
995,201612,0010608,미래에셋생명보험주식회사,D,대리점,0,0,국내생보사,D,SH027,형태별 보험료 수입(수납형태)
996,201612,0010608,미래에셋생명보험주식회사,E,직납,1355560221000,1923464870000,국내생보사,D,SH027,형태별 보험료 수입(수납형태)
997,201612,0010608,미래에셋생명보험주식회사,F,신용카드,23149110000,108067887000,국내생보사,D,SH027,형태별 보험료 수입(수납형태)
998,201612,0010608,미래에셋생명보험주식회사,G,방카슈랑스,200591366000,868830864000,국내생보사,D,SH027,형태별 보험료 수입(수납형태)
999,201612,0010608,미래에셋생명보험주식회사,H,기타,0,0,국내생보사,D,SH027,형태별 보험료 수입(수납형태)
1000,201106,0010595,삼성생명보험주식회사,A,설계사,702187217000,702187217000,국내생보사,D,SH027,형태별 보험료 수입(수납형태)
1001,201106,0010595,삼성생명보험주식회사,B,지로,1664250000,1664250000,국내생보사,D,SH027,형태별 보험료 수입(수납형태)
1002,201106,0010595,삼성생명보험주식회사,C,자동이체,3575133885000,3575133885000,국내생보사,D,SH027,형태별 보험료 수입(수납형태)
1003,201106,0010595,삼성생명보험주식회사,D,대리점,50932801000,50932801000,국내생보사,D,SH027,형태별 보험료 수입(수납형태)
1004,201106,0010595,삼성생명보험주식회사,E,직납,0,0,국내생보사,D,SH027,형태별 보험료 수입(수납형태)
1005,201106,0010595,삼성생명보험주식회사,F,신용카드,8179000,8179000,국내생보사,D,SH027,형태별 보험료 수입(수납형태)
1006,201106,0010595,삼성생명보험주식회사,G,방카슈랑스,228920588000,228920588000,국내생보사,D,SH027,형태별 보험료 수입(수납형태)
1007,201106,0010595,삼성생명보험주식회사,H,기타,157341464000,157341464000,국내생보사,D,SH027,형태별 보험료 수입(수납형태)
1008,201109,0010595,삼성생명보험주식회사,A,설계사,362451429000,1064638646000,국내생보사,D,SH027,형태별 보험료 수입(수납형태)
1009,201109,0010595,삼성생명보험주식회사,B,지로,1801495000,3465745000,국내생보사,D,SH027,형태별 보험료 수입(수납형태)
1010,201109,0010595,삼성생명보험주식회사,C,자동이체,3632835661000,7207969546000,국내생보사,D,SH027,형태별 보험료 수입(수납형태)
1011,201109,0010595,삼성생명보험주식회사,D,대리점,48453411000,99386212000,국내생보사,D,SH027,형태별 보험료 수입(수납형태)
1012,201109,0010595,삼성생명보험주식회사,E,직납,0,0,국내생보사,D,SH027,형태별 보험료 수입(수납형태)
1013,201109,0010595,삼성생명보험주식회사,F,신용카드,8918000,17097000,국내생보사,D,SH027,형태별 보험료 수입(수납형태)
1014,201109,0010595,삼성생명보험주식회사,G,방카슈랑스,239562349000,468482937000,국내생보사,D,SH027,형태별 보험료 수입(수납형태)
1015,201109,0010595,삼성생명보험주식회사,H,기타,163335806000,320677270000,국내생보사,D,SH027,형태별 보험료 수입(수납형태)
1016,201112,0010595,삼성생명보험주식회사,A,설계사,1131079168000,2195717814000,국내생보사,D,SH027,형태별 보험료 수입(수납형태)
1017,201112,0010595,삼성생명보험주식회사,B,지로,1760800000,5226545000,국내생보사,D,SH027,형태별 보험료 수입(수납형태)
1018,201112,0010595,삼성생명보험주식회사,C,자동이체,3647423305000,10855392851000,국내생보사,D,SH027,형태별 보험료 수입(수납형태)
1019,201112,0010595,삼성생명보험주식회사,D,대리점,48077749000,147463961000,국내생보사,D,SH027,형태별 보험료 수입(수납형태)
1020,201112,0010595,삼성생명보험주식회사,E,직납,0,0,국내생보사,D,SH027,형태별 보험료 수입(수납형태)
1021,201112,0010595,삼성생명보험주식회사,F,신용카드,9007000,26104000,국내생보사,D,SH027,형태별 보험료 수입(수납형태)
1022,201112,0010595,삼성생명보험주식회사,G,방카슈랑스,259232414000,727715351000,국내생보사,D,SH027,형태별 보험료 수입(수납형태)
1023,201112,0010595,삼성생명보험주식회사,H,기타,168822003000,489499273000,국내생보사,D,SH027,형태별 보험료 수입(수납형태)
1024,201203,0010595,삼성생명보험주식회사,A,설계사,388814408000,2584532222000,국내생보사,D,SH027,형태별 보험료 수입(수납형태)
1025,201203,0010595,삼성생명보험주식회사,B,지로,1715128000,6941673000,국내생보사,D,SH027,형태별 보험료 수입(수납형태)
1026,201203,0010595,삼성생명보험주식회사,C,자동이체,3684235102000,14539627953000,국내생보사,D,SH027,형태별 보험료 수입(수납형태)
1027,201203,0010595,삼성생명보험주식회사,D,대리점,48381589000,195845550000,국내생보사,D,SH027,형태별 보험료 수입(수납형태)
1028,201203,0010595,삼성생명보험주식회사,E,직납,0,0,국내생보사,D,SH027,형태별 보험료 수입(수납형태)
1029,201203,0010595,삼성생명보험주식회사,F,신용카드,9581000,35685000,국내생보사,D,SH027,형태별 보험료 수입(수납형태)
1030,201203,0010595,삼성생명보험주식회사,G,방카슈랑스,246269421000,973984772000,국내생보사,D,SH027,형태별 보험료 수입(수납형태)
1031,201203,0010595,삼성생명보험주식회사,H,기타,162640319000,652139592000,국내생보사,D,SH027,형태별 보험료 수입(수납형태)
1032,201206,0010595,삼성생명보험주식회사,A,설계사,682335562000,682335562000,국내생보사,D,SH027,형태별 보험료 수입(수납형태)
1033,201206,0010595,삼성생명보험주식회사,B,지로,1511366000,1511366000,국내생보사,D,SH027,형태별 보험료 수입(수납형태)
1034,201206,0010595,삼성생명보험주식회사,C,자동이체,3753085656000,3753085656000,국내생보사,D,SH027,형태별 보험료 수입(수납형태)
1035,201206,0010595,삼성생명보험주식회사,D,대리점,49343331000,49343331000,국내생보사,D,SH027,형태별 보험료 수입(수납형태)
1036,201206,0010595,삼성생명보험주식회사,E,직납,0,0,국내생보사,D,SH027,형태별 보험료 수입(수납형태)
1037,201206,0010595,삼성생명보험주식회사,F,신용카드,12421000,12421000,국내생보사,D,SH027,형태별 보험료 수입(수납형태)
1038,201206,0010595,삼성생명보험주식회사,G,방카슈랑스,253992208000,253992208000,국내생보사,D,SH027,형태별 보험료 수입(수납형태)
1039,201206,0010595,삼성생명보험주식회사,H,기타,163843275000,163843275000,국내생보사,D,SH027,형태별 보험료 수입(수납형태)
1040,201209,0010595,삼성생명보험주식회사,A,설계사,543874922000,1226210484000,국내생보사,D,SH027,형태별 보험료 수입(수납형태)
1041,201209,0010595,삼성생명보험주식회사,B,지로,1658811000,3170177000,국내생보사,D,SH027,형태별 보험료 수입(수납형태)
1042,201209,0010595,삼성생명보험주식회사,C,자동이체,3807988921000,7561074577000,국내생보사,D,SH027,형태별 보험료 수입(수납형태)
1043,201209,0010595,삼성생명보험주식회사,D,대리점,54061918000,103405249000,국내생보사,D,SH027,형태별 보험료 수입(수납형태)
1044,201209,0010595,삼성생명보험주식회사,E,직납,0,0,국내생보사,D,SH027,형태별 보험료 수입(수납형태)
1045,201209,0010595,삼성생명보험주식회사,F,신용카드,20978000,33399000,국내생보사,D,SH027,형태별 보험료 수입(수납형태)
1046,201209,0010595,삼성생명보험주식회사,G,방카슈랑스,264390018000,518382226000,국내생보사,D,SH027,형태별 보험료 수입(수납형태)
1047,201209,0010595,삼성생명보험주식회사,H,기타,173683050000,337526325000,국내생보사,D,SH027,형태별 보험료 수입(수납형태)
1048,201212,0010595,삼성생명보험주식회사,A,설계사,1940749742000,3166960226000,국내생보사,D,SH027,형태별 보험료 수입(수납형태)
1049,201212,0010595,삼성생명보험주식회사,B,지로,1530060000,4700237000,국내생보사,D,SH027,형태별 보험료 수입(수납형태)
1050,201212,0010595,삼성생명보험주식회사,C,자동이체,3830342745000,11391417322000,국내생보사,D,SH027,형태별 보험료 수입(수납형태)
1051,201212,0010595,삼성생명보험주식회사,D,대리점,56679015000,160084264000,국내생보사,D,SH027,형태별 보험료 수입(수납형태)
1052,201212,0010595,삼성생명보험주식회사,E,직납,0,0,국내생보사,D,SH027,형태별 보험료 수입(수납형태)
1053,201212,0010595,삼성생명보험주식회사,F,신용카드,32903000,66302000,국내생보사,D,SH027,형태별 보험료 수입(수납형태)
1054,201212,0010595,삼성생명보험주식회사,G,방카슈랑스,309653629000,828035855000,국내생보사,D,SH027,형태별 보험료 수입(수납형태)
1055,201212,0010595,삼성생명보험주식회사,H,기타,188828208000,526354533000,국내생보사,D,SH027,형태별 보험료 수입(수납형태)
1056,201303,0010595,삼성생명보험주식회사,A,설계사,650985815000,3817946041000,국내생보사,D,SH027,형태별 보험료 수입(수납형태)
1057,201303,0010595,삼성생명보험주식회사,B,지로,2522693000,7222930000,국내생보사,D,SH027,형태별 보험료 수입(수납형태)
1058,201303,0010595,삼성생명보험주식회사,C,자동이체,4792750239000,16184167561000,국내생보사,D,SH027,형태별 보험료 수입(수납형태)
1059,201303,0010595,삼성생명보험주식회사,D,대리점,55462289000,215546553000,국내생보사,D,SH027,형태별 보험료 수입(수납형태)
1060,201303,0010595,삼성생명보험주식회사,E,직납,0,0,국내생보사,D,SH027,형태별 보험료 수입(수납형태)
1061,201303,0010595,삼성생명보험주식회사,F,신용카드,58260000,124562000,국내생보사,D,SH027,형태별 보험료 수입(수납형태)
1062,201303,0010595,삼성생명보험주식회사,G,방카슈랑스,-587330180000,240705675000,국내생보사,D,SH027,형태별 보험료 수입(수납형태)
1063,201303,0010595,삼성생명보험주식회사,H,기타,243541045000,769895578000,국내생보사,D,SH027,형태별 보험료 수입(수납형태)
1064,201306,0010595,삼성생명보험주식회사,A,설계사,461923139000,461923139000,국내생보사,D,SH027,형태별 보험료 수입(수납형태)
1065,201306,0010595,삼성생명보험주식회사,B,지로,1860688000,1860688000,국내생보사,D,SH027,형태별 보험료 수입(수납형태)
1066,201306,0010595,삼성생명보험주식회사,C,자동이체,4177195525000,4177195525000,국내생보사,D,SH027,형태별 보험료 수입(수납형태)
1067,201306,0010595,삼성생명보험주식회사,D,대리점,55436949000,55436949000,국내생보사,D,SH027,형태별 보험료 수입(수납형태)
1068,201306,0010595,삼성생명보험주식회사,E,직납,0,0,국내생보사,D,SH027,형태별 보험료 수입(수납형태)
1069,201306,0010595,삼성생명보험주식회사,F,신용카드,94959000,94959000,국내생보사,D,SH027,형태별 보험료 수입(수납형태)
1070,201306,0010595,삼성생명보험주식회사,G,방카슈랑스,108369720000,108369720000,국내생보사,D,SH027,형태별 보험료 수입(수납형태)
1071,201306,0010595,삼성생명보험주식회사,H,기타,216532533000,216532533000,국내생보사,D,SH027,형태별 보험료 수입(수납형태)
1072,201309,0010595,삼성생명보험주식회사,A,설계사,389154111000,851077250000,국내생보사,D,SH027,형태별 보험료 수입(수납형태)
1073,201309,0010595,삼성생명보험주식회사,B,지로,2103166000,3963854000,국내생보사,D,SH027,형태별 보험료 수입(수납형태)
1074,201309,0010595,삼성생명보험주식회사,C,자동이체,4230068802000,8407264327000,국내생보사,D,SH027,형태별 보험료 수입(수납형태)
1075,201309,0010595,삼성생명보험주식회사,D,대리점,54169236000,109606185000,국내생보사,D,SH027,형태별 보험료 수입(수납형태)
1076,201309,0010595,삼성생명보험주식회사,E,직납,0,0,국내생보사,D,SH027,형태별 보험료 수입(수납형태)
1077,201309,0010595,삼성생명보험주식회사,F,신용카드,175762000,270721000,국내생보사,D,SH027,형태별 보험료 수입(수납형태)
1078,201309,0010595,삼성생명보험주식회사,G,방카슈랑스,110004848000,218374568000,국내생보사,D,SH027,형태별 보험료 수입(수납형태)
1079,201309,0010595,삼성생명보험주식회사,H,기타,207586350000,424118883000,국내생보사,D,SH027,형태별 보험료 수입(수납형태)
1080,201312,0010595,삼성생명보험주식회사,A,설계사,2505298219000,3356375469000,국내생보사,D,SH027,형태별 보험료 수입(수납형태)
1081,201312,0010595,삼성생명보험주식회사,B,지로,2316659000,6280513000,국내생보사,D,SH027,형태별 보험료 수입(수납형태)
1082,201312,0010595,삼성생명보험주식회사,C,자동이체,4309947457000,12717211784000,국내생보사,D,SH027,형태별 보험료 수입(수납형태)
1083,201312,0010595,삼성생명보험주식회사,D,대리점,54848440000,164454625000,국내생보사,D,SH027,형태별 보험료 수입(수납형태)
1084,201312,0010595,삼성생명보험주식회사,E,직납,0,0,국내생보사,D,SH027,형태별 보험료 수입(수납형태)
1085,201312,0010595,삼성생명보험주식회사,F,신용카드,237307000,508028000,국내생보사,D,SH027,형태별 보험료 수입(수납형태)
1086,201312,0010595,삼성생명보험주식회사,G,방카슈랑스,120099871000,338474439000,국내생보사,D,SH027,형태별 보험료 수입(수납형태)
1087,201312,0010595,삼성생명보험주식회사,H,기타,225873300000,649992183000,국내생보사,D,SH027,형태별 보험료 수입(수납형태)
1088,201403,0010595,삼성생명보험주식회사,A,설계사,517929391000,517929391000,국내생보사,D,SH027,형태별 보험료 수입(수납형태)
1089,201403,0010595,삼성생명보험주식회사,B,지로,2016283000,2016283000,국내생보사,D,SH027,형태별 보험료 수입(수납형태)
1090,201403,0010595,삼성생명보험주식회사,C,자동이체,4327306302000,4327306302000,국내생보사,D,SH027,형태별 보험료 수입(수납형태)
1091,201403,0010595,삼성생명보험주식회사,D,대리점,53728980000,53728980000,국내생보사,D,SH027,형태별 보험료 수입(수납형태)
1092,201403,0010595,삼성생명보험주식회사,E,직납,0,0,국내생보사,D,SH027,형태별 보험료 수입(수납형태)
1093,201403,0010595,삼성생명보험주식회사,F,신용카드,201061000,201061000,국내생보사,D,SH027,형태별 보험료 수입(수납형태)
1094,201403,0010595,삼성생명보험주식회사,G,방카슈랑스,123617614000,123617614000,국내생보사,D,SH027,형태별 보험료 수입(수납형태)
1095,201403,0010595,삼성생명보험주식회사,H,기타,211187591000,211187591000,국내생보사,D,SH027,형태별 보험료 수입(수납형태)
1096,201406,0010595,삼성생명보험주식회사,A,설계사,574120718000,1092050109000,국내생보사,D,SH027,형태별 보험료 수입(수납형태)
1097,201406,0010595,삼성생명보험주식회사,B,지로,2164110000,4180393000,국내생보사,D,SH027,형태별 보험료 수입(수납형태)
1098,201406,0010595,삼성생명보험주식회사,C,자동이체,4370286349000,8697592651000,국내생보사,D,SH027,형태별 보험료 수입(수납형태)
1099,201406,0010595,삼성생명보험주식회사,D,대리점,53103768000,106832748000,국내생보사,D,SH027,형태별 보험료 수입(수납형태)
1100,201406,0010595,삼성생명보험주식회사,E,직납,0,0,국내생보사,D,SH027,형태별 보험료 수입(수납형태)
1101,201406,0010595,삼성생명보험주식회사,F,신용카드,200924000,401985000,국내생보사,D,SH027,형태별 보험료 수입(수납형태)
1102,201406,0010595,삼성생명보험주식회사,G,방카슈랑스,141002471000,264620085000,국내생보사,D,SH027,형태별 보험료 수입(수납형태)
1103,201406,0010595,삼성생명보험주식회사,H,기타,201671572000,412859163000,국내생보사,D,SH027,형태별 보험료 수입(수납형태)
1104,201409,0010595,삼성생명보험주식회사,A,설계사,475431307000,1567481416000,국내생보사,D,SH027,형태별 보험료 수입(수납형태)
1105,201409,0010595,삼성생명보험주식회사,B,지로,2464327000,6644720000,국내생보사,D,SH027,형태별 보험료 수입(수납형태)
1106,201409,0010595,삼성생명보험주식회사,C,자동이체,4412864886000,13110457537000,국내생보사,D,SH027,형태별 보험료 수입(수납형태)
1107,201409,0010595,삼성생명보험주식회사,D,대리점,53217180000,160049928000,국내생보사,D,SH027,형태별 보험료 수입(수납형태)
1108,201409,0010595,삼성생명보험주식회사,E,직납,0,0,국내생보사,D,SH027,형태별 보험료 수입(수납형태)
1109,201409,0010595,삼성생명보험주식회사,F,신용카드,203815000,605800000,국내생보사,D,SH027,형태별 보험료 수입(수납형태)
1110,201409,0010595,삼성생명보험주식회사,G,방카슈랑스,139164223000,403784308000,국내생보사,D,SH027,형태별 보험료 수입(수납형태)
1111,201409,0010595,삼성생명보험주식회사,H,기타,219286923000,632146086000,국내생보사,D,SH027,형태별 보험료 수입(수납형태)
1112,201412,0010595,삼성생명보험주식회사,A,설계사,2068523874000,3636005290000,국내생보사,D,SH027,형태별 보험료 수입(수납형태)
1113,201412,0010595,삼성생명보험주식회사,B,지로,2854535000,9499255000,국내생보사,D,SH027,형태별 보험료 수입(수납형태)
1114,201412,0010595,삼성생명보험주식회사,C,자동이체,4443313054000,17553770591000,국내생보사,D,SH027,형태별 보험료 수입(수납형태)
1115,201412,0010595,삼성생명보험주식회사,D,대리점,52419211000,212469139000,국내생보사,D,SH027,형태별 보험료 수입(수납형태)
1116,201412,0010595,삼성생명보험주식회사,E,직납,0,0,국내생보사,D,SH027,형태별 보험료 수입(수납형태)
1117,201412,0010595,삼성생명보험주식회사,F,신용카드,235629000,841429000,국내생보사,D,SH027,형태별 보험료 수입(수납형태)
1118,201412,0010595,삼성생명보험주식회사,G,방카슈랑스,144981032000,548765340000,국내생보사,D,SH027,형태별 보험료 수입(수납형태)
1119,201412,0010595,삼성생명보험주식회사,H,기타,259779498000,891925584000,국내생보사,D,SH027,형태별 보험료 수입(수납형태)
1120,201503,0010595,삼성생명보험주식회사,A,설계사,524099206000,524099206000,국내생보사,D,SH027,형태별 보험료 수입(수납형태)
1121,201503,0010595,삼성생명보험주식회사,B,지로,2677162000,2677162000,국내생보사,D,SH027,형태별 보험료 수입(수납형태)
1122,201503,0010595,삼성생명보험주식회사,C,자동이체,4454063063000,4454063063000,국내생보사,D,SH027,형태별 보험료 수입(수납형태)
1123,201503,0010595,삼성생명보험주식회사,D,대리점,47553849000,47553849000,국내생보사,D,SH027,형태별 보험료 수입(수납형태)
1124,201503,0010595,삼성생명보험주식회사,E,직납,0,0,국내생보사,D,SH027,형태별 보험료 수입(수납형태)
1125,201503,0010595,삼성생명보험주식회사,F,신용카드,249491000,249491000,국내생보사,D,SH027,형태별 보험료 수입(수납형태)
1126,201503,0010595,삼성생명보험주식회사,G,방카슈랑스,116907909000,116907909000,국내생보사,D,SH027,형태별 보험료 수입(수납형태)
1127,201503,0010595,삼성생명보험주식회사,H,기타,273037666000,273037666000,국내생보사,D,SH027,형태별 보험료 수입(수납형태)
1128,201506,0010595,삼성생명보험주식회사,A,설계사,1028406894000,1552506100000,국내생보사,D,SH027,형태별 보험료 수입(수납형태)
1129,201506,0010595,삼성생명보험주식회사,B,지로,3104258000,5781420000,국내생보사,D,SH027,형태별 보험료 수입(수납형태)
1130,201506,0010595,삼성생명보험주식회사,C,자동이체,4522953891000,8977016954000,국내생보사,D,SH027,형태별 보험료 수입(수납형태)
1131,201506,0010595,삼성생명보험주식회사,D,대리점,41849598000,89403447000,국내생보사,D,SH027,형태별 보험료 수입(수납형태)
1132,201506,0010595,삼성생명보험주식회사,E,직납,0,0,국내생보사,D,SH027,형태별 보험료 수입(수납형태)
1133,201506,0010595,삼성생명보험주식회사,F,신용카드,267449000,516940000,국내생보사,D,SH027,형태별 보험료 수입(수납형태)
1134,201506,0010595,삼성생명보험주식회사,G,방카슈랑스,100897702000,217805611000,국내생보사,D,SH027,형태별 보험료 수입(수납형태)
1135,201506,0010595,삼성생명보험주식회사,H,기타,279562622000,552600288000,국내생보사,D,SH027,형태별 보험료 수입(수납형태)
1136,201509,0010595,삼성생명보험주식회사,A,설계사,707795778000,2260301878000,국내생보사,D,SH027,형태별 보험료 수입(수납형태)
1137,201509,0010595,삼성생명보험주식회사,B,지로,3400454000,9181874000,국내생보사,D,SH027,형태별 보험료 수입(수납형태)
1138,201509,0010595,삼성생명보험주식회사,C,자동이체,4510246205000,13487263159000,국내생보사,D,SH027,형태별 보험료 수입(수납형태)
1139,201509,0010595,삼성생명보험주식회사,D,대리점,42397994000,131801441000,국내생보사,D,SH027,형태별 보험료 수입(수납형태)
1140,201509,0010595,삼성생명보험주식회사,E,직납,0,0,국내생보사,D,SH027,형태별 보험료 수입(수납형태)
1141,201509,0010595,삼성생명보험주식회사,F,신용카드,281410000,798350000,국내생보사,D,SH027,형태별 보험료 수입(수납형태)
1142,201509,0010595,삼성생명보험주식회사,G,방카슈랑스,95992557000,313798168000,국내생보사,D,SH027,형태별 보험료 수입(수납형태)
1143,201509,0010595,삼성생명보험주식회사,H,기타,286570888000,839171176000,국내생보사,D,SH027,형태별 보험료 수입(수납형태)
1144,201512,0010595,삼성생명보험주식회사,A,설계사,2317714614000,4578016492000,국내생보사,D,SH027,형태별 보험료 수입(수납형태)
1145,201512,0010595,삼성생명보험주식회사,B,지로,3725324000,12907198000,국내생보사,D,SH027,형태별 보험료 수입(수납형태)
1146,201512,0010595,삼성생명보험주식회사,C,자동이체,4581513084000,18068776243000,국내생보사,D,SH027,형태별 보험료 수입(수납형태)
1147,201512,0010595,삼성생명보험주식회사,D,대리점,41495229000,173296670000,국내생보사,D,SH027,형태별 보험료 수입(수납형태)
1148,201512,0010595,삼성생명보험주식회사,E,직납,0,0,국내생보사,D,SH027,형태별 보험료 수입(수납형태)
1149,201512,0010595,삼성생명보험주식회사,F,신용카드,312717000,1111067000,국내생보사,D,SH027,형태별 보험료 수입(수납형태)
1150,201512,0010595,삼성생명보험주식회사,G,방카슈랑스,91069413000,404867581000,국내생보사,D,SH027,형태별 보험료 수입(수납형태)
1151,201512,0010595,삼성생명보험주식회사,H,기타,310408808000,1149579984000,국내생보사,D,SH027,형태별 보험료 수입(수납형태)
1152,201603,0010595,삼성생명보험주식회사,A,설계사,859618605000,859618605000,국내생보사,D,SH027,형태별 보험료 수입(수납형태)
1153,201603,0010595,삼성생명보험주식회사,B,지로,3700561000,3700561000,국내생보사,D,SH027,형태별 보험료 수입(수납형태)
1154,201603,0010595,삼성생명보험주식회사,C,자동이체,4558033907000,4558033907000,국내생보사,D,SH027,형태별 보험료 수입(수납형태)
1155,201603,0010595,삼성생명보험주식회사,D,대리점,38185820000,38185820000,국내생보사,D,SH027,형태별 보험료 수입(수납형태)
1156,201603,0010595,삼성생명보험주식회사,E,직납,0,0,국내생보사,D,SH027,형태별 보험료 수입(수납형태)
1157,201603,0010595,삼성생명보험주식회사,F,신용카드,332178000,332178000,국내생보사,D,SH027,형태별 보험료 수입(수납형태)
1158,201603,0010595,삼성생명보험주식회사,G,방카슈랑스,92970600000,92970600000,국내생보사,D,SH027,형태별 보험료 수입(수납형태)
1159,201603,0010595,삼성생명보험주식회사,H,기타,308864467000,308864467000,국내생보사,D,SH027,형태별 보험료 수입(수납형태)
1160,201606,0010595,삼성생명보험주식회사,A,설계사,1053137375000,1912755980000,국내생보사,D,SH027,형태별 보험료 수입(수납형태)
1161,201606,0010595,삼성생명보험주식회사,B,지로,3756408000,7456969000,국내생보사,D,SH027,형태별 보험료 수입(수납형태)
1162,201606,0010595,삼성생명보험주식회사,C,자동이체,4591649543000,9149683450000,국내생보사,D,SH027,형태별 보험료 수입(수납형태)
1163,201606,0010595,삼성생명보험주식회사,D,대리점,36856969000,75042789000,국내생보사,D,SH027,형태별 보험료 수입(수납형태)
1164,201606,0010595,삼성생명보험주식회사,E,직납,0,0,국내생보사,D,SH027,형태별 보험료 수입(수납형태)
1165,201606,0010595,삼성생명보험주식회사,F,신용카드,353411000,685589000,국내생보사,D,SH027,형태별 보험료 수입(수납형태)
1166,201606,0010595,삼성생명보험주식회사,G,방카슈랑스,109148341000,202118941000,국내생보사,D,SH027,형태별 보험료 수입(수납형태)
1167,201606,0010595,삼성생명보험주식회사,H,기타,295487224000,604351691000,국내생보사,D,SH027,형태별 보험료 수입(수납형태)
1168,201609,0010595,삼성생명보험주식회사,A,설계사,737138060000,2649894040000,국내생보사,D,SH027,형태별 보험료 수입(수납형태)
1169,201609,0010595,삼성생명보험주식회사,B,지로,3888681000,11345650000,국내생보사,D,SH027,형태별 보험료 수입(수납형태)
1170,201609,0010595,삼성생명보험주식회사,C,자동이체,4583645178000,13733328628000,국내생보사,D,SH027,형태별 보험료 수입(수납형태)
1171,201609,0010595,삼성생명보험주식회사,D,대리점,22900066000,97942855000,국내생보사,D,SH027,형태별 보험료 수입(수납형태)
1172,201609,0010595,삼성생명보험주식회사,E,직납,0,0,국내생보사,D,SH027,형태별 보험료 수입(수납형태)
1173,201609,0010595,삼성생명보험주식회사,F,신용카드,393081000,1078670000,국내생보사,D,SH027,형태별 보험료 수입(수납형태)
1174,201609,0010595,삼성생명보험주식회사,G,방카슈랑스,109529838000,311648779000,국내생보사,D,SH027,형태별 보험료 수입(수납형태)
1175,201609,0010595,삼성생명보험주식회사,H,기타,357341684000,961693375000,국내생보사,D,SH027,형태별 보험료 수입(수납형태)
1176,201612,0010595,삼성생명보험주식회사,A,설계사,3158267048000,5808161088000,국내생보사,D,SH027,형태별 보험료 수입(수납형태)
1177,201612,0010595,삼성생명보험주식회사,B,지로,4179209000,15524859000,국내생보사,D,SH027,형태별 보험료 수입(수납형태)
1178,201612,0010595,삼성생명보험주식회사,C,자동이체,4603822442000,18337151070000,국내생보사,D,SH027,형태별 보험료 수입(수납형태)
1179,201612,0010595,삼성생명보험주식회사,D,대리점,15586124000,113528979000,국내생보사,D,SH027,형태별 보험료 수입(수납형태)
1180,201612,0010595,삼성생명보험주식회사,E,직납,0,0,국내생보사,D,SH027,형태별 보험료 수입(수납형태)
1181,201612,0010595,삼성생명보험주식회사,F,신용카드,435054000,1513724000,국내생보사,D,SH027,형태별 보험료 수입(수납형태)
1182,201612,0010595,삼성생명보험주식회사,G,방카슈랑스,104190353000,415839132000,국내생보사,D,SH027,형태별 보험료 수입(수납형태)
1183,201612,0010595,삼성생명보험주식회사,H,기타,355832323000,1317525698000,국내생보사,D,SH027,형태별 보험료 수입(수납형태)
1184,201106,0010599,신한라이프생명보험주식회사,A,설계사,26435657000,26435657000,국내생보사,D,SH027,형태별 보험료 수입(수납형태)
1185,201106,0010599,신한라이프생명보험주식회사,B,지로,767000,767000,국내생보사,D,SH027,형태별 보험료 수입(수납형태)
1186,201106,0010599,신한라이프생명보험주식회사,C,자동이체,635889780000,635889780000,국내생보사,D,SH027,형태별 보험료 수입(수납형태)
1187,201106,0010599,신한라이프생명보험주식회사,D,대리점,0,0,국내생보사,D,SH027,형태별 보험료 수입(수납형태)
1188,201106,0010599,신한라이프생명보험주식회사,E,직납,3563638000,3563638000,국내생보사,D,SH027,형태별 보험료 수입(수납형태)
1189,201106,0010599,신한라이프생명보험주식회사,F,신용카드,80324336000,80324336000,국내생보사,D,SH027,형태별 보험료 수입(수납형태)
1190,201106,0010599,신한라이프생명보험주식회사,G,방카슈랑스,69976947000,69976947000,국내생보사,D,SH027,형태별 보험료 수입(수납형태)
1191,201106,0010599,신한라이프생명보험주식회사,H,기타,13657324000,13657324000,국내생보사,D,SH027,형태별 보험료 수입(수납형태)
1192,201109,0010599,신한라이프생명보험주식회사,A,설계사,25373153000,51808810000,국내생보사,D,SH027,형태별 보험료 수입(수납형태)
1193,201109,0010599,신한라이프생명보험주식회사,B,지로,677000,1444000,국내생보사,D,SH027,형태별 보험료 수입(수납형태)
1194,201109,0010599,신한라이프생명보험주식회사,C,자동이체,667325184000,1303214964000,국내생보사,D,SH027,형태별 보험료 수입(수납형태)
1195,201109,0010599,신한라이프생명보험주식회사,D,대리점,0,0,국내생보사,D,SH027,형태별 보험료 수입(수납형태)
1196,201109,0010599,신한라이프생명보험주식회사,E,직납,1635822000,5199460000,국내생보사,D,SH027,형태별 보험료 수입(수납형태)
1197,201109,0010599,신한라이프생명보험주식회사,F,신용카드,82390937000,162715273000,국내생보사,D,SH027,형태별 보험료 수입(수납형태)
1198,201109,0010599,신한라이프생명보험주식회사,G,방카슈랑스,76289495000,146266442000,국내생보사,D,SH027,형태별 보험료 수입(수납형태)
1199,201109,0010599,신한라이프생명보험주식회사,H,기타,13981670000,27638994000,국내생보사,D,SH027,형태별 보험료 수입(수납형태)
1200,201112,0010599,신한라이프생명보험주식회사,A,설계사,25838964000,77647774000,국내생보사,D,SH027,형태별 보험료 수입(수납형태)
1201,201112,0010599,신한라이프생명보험주식회사,B,지로,493000,1937000,국내생보사,D,SH027,형태별 보험료 수입(수납형태)
1202,201112,0010599,신한라이프생명보험주식회사,C,자동이체,691319140000,1994534104000,국내생보사,D,SH027,형태별 보험료 수입(수납형태)
1203,201112,0010599,신한라이프생명보험주식회사,D,대리점,0,0,국내생보사,D,SH027,형태별 보험료 수입(수납형태)
1204,201112,0010599,신한라이프생명보험주식회사,E,직납,14448929000,19648389000,국내생보사,D,SH027,형태별 보험료 수입(수납형태)
1205,201112,0010599,신한라이프생명보험주식회사,F,신용카드,83695510000,246410783000,국내생보사,D,SH027,형태별 보험료 수입(수납형태)
1206,201112,0010599,신한라이프생명보험주식회사,G,방카슈랑스,75466695000,221733137000,국내생보사,D,SH027,형태별 보험료 수입(수납형태)
1207,201112,0010599,신한라이프생명보험주식회사,H,기타,14598496000,42237490000,국내생보사,D,SH027,형태별 보험료 수입(수납형태)
1208,201203,0010599,신한라이프생명보험주식회사,A,설계사,27286728000,104934502000,국내생보사,D,SH027,형태별 보험료 수입(수납형태)
1209,201203,0010599,신한라이프생명보험주식회사,B,지로,446000,2383000,국내생보사,D,SH027,형태별 보험료 수입(수납형태)
1210,201203,0010599,신한라이프생명보험주식회사,C,자동이체,714574718000,2709108822000,국내생보사,D,SH027,형태별 보험료 수입(수납형태)
1211,201203,0010599,신한라이프생명보험주식회사,D,대리점,0,0,국내생보사,D,SH027,형태별 보험료 수입(수납형태)
1212,201203,0010599,신한라이프생명보험주식회사,E,직납,2396393000,22044782000,국내생보사,D,SH027,형태별 보험료 수입(수납형태)
1213,201203,0010599,신한라이프생명보험주식회사,F,신용카드,84334423000,330745206000,국내생보사,D,SH027,형태별 보험료 수입(수납형태)
1214,201203,0010599,신한라이프생명보험주식회사,G,방카슈랑스,78063567000,299796704000,국내생보사,D,SH027,형태별 보험료 수입(수납형태)
1215,201203,0010599,신한라이프생명보험주식회사,H,기타,14776935000,57014425000,국내생보사,D,SH027,형태별 보험료 수입(수납형태)
1216,201206,0010599,신한라이프생명보험주식회사,A,설계사,25743676000,25743676000,국내생보사,D,SH027,형태별 보험료 수입(수납형태)
1217,201206,0010599,신한라이프생명보험주식회사,B,지로,344000,344000,국내생보사,D,SH027,형태별 보험료 수입(수납형태)
1218,201206,0010599,신한라이프생명보험주식회사,C,자동이체,735080683000,735080683000,국내생보사,D,SH027,형태별 보험료 수입(수납형태)
1219,201206,0010599,신한라이프생명보험주식회사,D,대리점,0,0,국내생보사,D,SH027,형태별 보험료 수입(수납형태)
1220,201206,0010599,신한라이프생명보험주식회사,E,직납,5915136000,5915136000,국내생보사,D,SH027,형태별 보험료 수입(수납형태)
1221,201206,0010599,신한라이프생명보험주식회사,F,신용카드,85262648000,85262648000,국내생보사,D,SH027,형태별 보험료 수입(수납형태)
1222,201206,0010599,신한라이프생명보험주식회사,G,방카슈랑스,86704381000,86704381000,국내생보사,D,SH027,형태별 보험료 수입(수납형태)
1223,201206,0010599,신한라이프생명보험주식회사,H,기타,15523120000,15523120000,국내생보사,D,SH027,형태별 보험료 수입(수납형태)
1224,201209,0010599,신한라이프생명보험주식회사,A,설계사,25304802000,51048478000,국내생보사,D,SH027,형태별 보험료 수입(수납형태)
1225,201209,0010599,신한라이프생명보험주식회사,B,지로,352000,696000,국내생보사,D,SH027,형태별 보험료 수입(수납형태)
1226,201209,0010599,신한라이프생명보험주식회사,C,자동이체,759770988000,1494851671000,국내생보사,D,SH027,형태별 보험료 수입(수납형태)
1227,201209,0010599,신한라이프생명보험주식회사,D,대리점,0,0,국내생보사,D,SH027,형태별 보험료 수입(수납형태)
1228,201209,0010599,신한라이프생명보험주식회사,E,직납,1868998000,7784134000,국내생보사,D,SH027,형태별 보험료 수입(수납형태)
1229,201209,0010599,신한라이프생명보험주식회사,F,신용카드,86704207000,171966855000,국내생보사,D,SH027,형태별 보험료 수입(수납형태)
1230,201209,0010599,신한라이프생명보험주식회사,G,방카슈랑스,101956629000,188661010000,국내생보사,D,SH027,형태별 보험료 수입(수납형태)
1231,201209,0010599,신한라이프생명보험주식회사,H,기타,17999781000,33522901000,국내생보사,D,SH027,형태별 보험료 수입(수납형태)
1232,201212,0010599,신한라이프생명보험주식회사,A,설계사,25334818000,76383296000,국내생보사,D,SH027,형태별 보험료 수입(수납형태)
1233,201212,0010599,신한라이프생명보험주식회사,B,지로,380000,1076000,국내생보사,D,SH027,형태별 보험료 수입(수납형태)
1234,201212,0010599,신한라이프생명보험주식회사,C,자동이체,779229610000,2274081281000,국내생보사,D,SH027,형태별 보험료 수입(수납형태)
1235,201212,0010599,신한라이프생명보험주식회사,D,대리점,0,0,국내생보사,D,SH027,형태별 보험료 수입(수납형태)
1236,201212,0010599,신한라이프생명보험주식회사,E,직납,17231291000,25015425000,국내생보사,D,SH027,형태별 보험료 수입(수납형태)
1237,201212,0010599,신한라이프생명보험주식회사,F,신용카드,86621177000,258588032000,국내생보사,D,SH027,형태별 보험료 수입(수납형태)
1238,201212,0010599,신한라이프생명보험주식회사,G,방카슈랑스,142367771000,331028781000,국내생보사,D,SH027,형태별 보험료 수입(수납형태)
1239,201212,0010599,신한라이프생명보험주식회사,H,기타,19621150000,53144051000,국내생보사,D,SH027,형태별 보험료 수입(수납형태)
1240,201303,0010599,신한라이프생명보험주식회사,A,설계사,88641466000,165024762000,국내생보사,D,SH027,형태별 보험료 수입(수납형태)
1241,201303,0010599,신한라이프생명보험주식회사,B,지로,2040311000,2041387000,국내생보사,D,SH027,형태별 보험료 수입(수납형태)
1242,201303,0010599,신한라이프생명보험주식회사,C,자동이체,1225792610000,3499873891000,국내생보사,D,SH027,형태별 보험료 수입(수납형태)
1243,201303,0010599,신한라이프생명보험주식회사,D,대리점,0,0,국내생보사,D,SH027,형태별 보험료 수입(수납형태)
1244,201303,0010599,신한라이프생명보험주식회사,E,직납,17207839000,42223264000,국내생보사,D,SH027,형태별 보험료 수입(수납형태)
1245,201303,0010599,신한라이프생명보험주식회사,F,신용카드,86785736000,345373768000,국내생보사,D,SH027,형태별 보험료 수입(수납형태)
1246,201303,0010599,신한라이프생명보험주식회사,G,방카슈랑스,-331028781000,0,국내생보사,D,SH027,형태별 보험료 수입(수납형태)
1247,201303,0010599,신한라이프생명보험주식회사,H,기타,20075217000,73219268000,국내생보사,D,SH027,형태별 보험료 수입(수납형태)
1248,201306,0010599,신한라이프생명보험주식회사,A,설계사,33541752000,33541752000,국내생보사,D,SH027,형태별 보험료 수입(수납형태)
1249,201306,0010599,신한라이프생명보험주식회사,B,지로,781558000,781558000,국내생보사,D,SH027,형태별 보험료 수입(수납형태)
1250,201306,0010599,신한라이프생명보험주식회사,C,자동이체,935321193000,935321193000,국내생보사,D,SH027,형태별 보험료 수입(수납형태)
1251,201306,0010599,신한라이프생명보험주식회사,D,대리점,0,0,국내생보사,D,SH027,형태별 보험료 수입(수납형태)
1252,201306,0010599,신한라이프생명보험주식회사,E,직납,4034975000,4034975000,국내생보사,D,SH027,형태별 보험료 수입(수납형태)
1253,201306,0010599,신한라이프생명보험주식회사,F,신용카드,86605131000,86605131000,국내생보사,D,SH027,형태별 보험료 수입(수납형태)
1254,201306,0010599,신한라이프생명보험주식회사,G,방카슈랑스,0,0,국내생보사,D,SH027,형태별 보험료 수입(수납형태)
1255,201306,0010599,신한라이프생명보험주식회사,H,기타,19981009000,19981009000,국내생보사,D,SH027,형태별 보험료 수입(수납형태)
1256,201309,0010599,신한라이프생명보험주식회사,A,설계사,27848744000,61390496000,국내생보사,D,SH027,형태별 보험료 수입(수납형태)
1257,201309,0010599,신한라이프생명보험주식회사,B,지로,808517000,1590075000,국내생보사,D,SH027,형태별 보험료 수입(수납형태)
1258,201309,0010599,신한라이프생명보험주식회사,C,자동이체,936502609000,1871823802000,국내생보사,D,SH027,형태별 보험료 수입(수납형태)
1259,201309,0010599,신한라이프생명보험주식회사,D,대리점,0,0,국내생보사,D,SH027,형태별 보험료 수입(수납형태)
1260,201309,0010599,신한라이프생명보험주식회사,E,직납,3944296000,7979271000,국내생보사,D,SH027,형태별 보험료 수입(수납형태)
1261,201309,0010599,신한라이프생명보험주식회사,F,신용카드,86836790000,173441921000,국내생보사,D,SH027,형태별 보험료 수입(수납형태)
1262,201309,0010599,신한라이프생명보험주식회사,G,방카슈랑스,0,0,국내생보사,D,SH027,형태별 보험료 수입(수납형태)
1263,201309,0010599,신한라이프생명보험주식회사,H,기타,18496932000,38477941000,국내생보사,D,SH027,형태별 보험료 수입(수납형태)
1264,201312,0010599,신한라이프생명보험주식회사,A,설계사,25436025000,86826521000,국내생보사,D,SH027,형태별 보험료 수입(수납형태)
1265,201312,0010599,신한라이프생명보험주식회사,B,지로,1199807000,2789882000,국내생보사,D,SH027,형태별 보험료 수입(수납형태)
1266,201312,0010599,신한라이프생명보험주식회사,C,자동이체,944946253000,2816770055000,국내생보사,D,SH027,형태별 보험료 수입(수납형태)
1267,201312,0010599,신한라이프생명보험주식회사,D,대리점,0,0,국내생보사,D,SH027,형태별 보험료 수입(수납형태)
1268,201312,0010599,신한라이프생명보험주식회사,E,직납,23989846000,31969117000,국내생보사,D,SH027,형태별 보험료 수입(수납형태)
1269,201312,0010599,신한라이프생명보험주식회사,F,신용카드,87872715000,261314636000,국내생보사,D,SH027,형태별 보험료 수입(수납형태)
1270,201312,0010599,신한라이프생명보험주식회사,G,방카슈랑스,0,0,국내생보사,D,SH027,형태별 보험료 수입(수납형태)
1271,201312,0010599,신한라이프생명보험주식회사,H,기타,17772856000,56250797000,국내생보사,D,SH027,형태별 보험료 수입(수납형태)
1272,201403,0010599,신한라이프생명보험주식회사,A,설계사,27369711000,27369711000,국내생보사,D,SH027,형태별 보험료 수입(수납형태)
1273,201403,0010599,신한라이프생명보험주식회사,B,지로,1316016000,1316016000,국내생보사,D,SH027,형태별 보험료 수입(수납형태)
1274,201403,0010599,신한라이프생명보험주식회사,C,자동이체,960021596000,960021596000,국내생보사,D,SH027,형태별 보험료 수입(수납형태)
1275,201403,0010599,신한라이프생명보험주식회사,D,대리점,0,0,국내생보사,D,SH027,형태별 보험료 수입(수납형태)
1276,201403,0010599,신한라이프생명보험주식회사,E,직납,5564611000,5564611000,국내생보사,D,SH027,형태별 보험료 수입(수납형태)
1277,201403,0010599,신한라이프생명보험주식회사,F,신용카드,87474368000,87474368000,국내생보사,D,SH027,형태별 보험료 수입(수납형태)
1278,201403,0010599,신한라이프생명보험주식회사,G,방카슈랑스,0,0,국내생보사,D,SH027,형태별 보험료 수입(수납형태)
1279,201403,0010599,신한라이프생명보험주식회사,H,기타,17005168000,17005168000,국내생보사,D,SH027,형태별 보험료 수입(수납형태)
1280,201406,0010599,신한라이프생명보험주식회사,A,설계사,29745930000,57115641000,국내생보사,D,SH027,형태별 보험료 수입(수납형태)
1281,201406,0010599,신한라이프생명보험주식회사,B,지로,1756010000,3072026000,국내생보사,D,SH027,형태별 보험료 수입(수납형태)
1282,201406,0010599,신한라이프생명보험주식회사,C,자동이체,971599230000,1931620826000,국내생보사,D,SH027,형태별 보험료 수입(수납형태)
1283,201406,0010599,신한라이프생명보험주식회사,D,대리점,0,0,국내생보사,D,SH027,형태별 보험료 수입(수납형태)
1284,201406,0010599,신한라이프생명보험주식회사,E,직납,12114268000,17678879000,국내생보사,D,SH027,형태별 보험료 수입(수납형태)
1285,201406,0010599,신한라이프생명보험주식회사,F,신용카드,86496805000,173971173000,국내생보사,D,SH027,형태별 보험료 수입(수납형태)
1286,201406,0010599,신한라이프생명보험주식회사,G,방카슈랑스,0,0,국내생보사,D,SH027,형태별 보험료 수입(수납형태)
1287,201406,0010599,신한라이프생명보험주식회사,H,기타,16055708000,33060876000,국내생보사,D,SH027,형태별 보험료 수입(수납형태)
1288,201409,0010599,신한라이프생명보험주식회사,A,설계사,24734756000,81850397000,국내생보사,D,SH027,형태별 보험료 수입(수납형태)
1289,201409,0010599,신한라이프생명보험주식회사,B,지로,1894999000,4967025000,국내생보사,D,SH027,형태별 보험료 수입(수납형태)
1290,201409,0010599,신한라이프생명보험주식회사,C,자동이체,977733366000,2909354192000,국내생보사,D,SH027,형태별 보험료 수입(수납형태)
1291,201409,0010599,신한라이프생명보험주식회사,D,대리점,0,0,국내생보사,D,SH027,형태별 보험료 수입(수납형태)
1292,201409,0010599,신한라이프생명보험주식회사,E,직납,8007278000,25686157000,국내생보사,D,SH027,형태별 보험료 수입(수납형태)
1293,201409,0010599,신한라이프생명보험주식회사,F,신용카드,86631762000,260602935000,국내생보사,D,SH027,형태별 보험료 수입(수납형태)
1294,201409,0010599,신한라이프생명보험주식회사,G,방카슈랑스,0,0,국내생보사,D,SH027,형태별 보험료 수입(수납형태)
1295,201409,0010599,신한라이프생명보험주식회사,H,기타,14922587000,47983463000,국내생보사,D,SH027,형태별 보험료 수입(수납형태)
1296,201412,0010599,신한라이프생명보험주식회사,A,설계사,26549214000,108399611000,국내생보사,D,SH027,형태별 보험료 수입(수납형태)
1297,201412,0010599,신한라이프생명보험주식회사,B,지로,1982986000,6950011000,국내생보사,D,SH027,형태별 보험료 수입(수납형태)
1298,201412,0010599,신한라이프생명보험주식회사,C,자동이체,993628500000,3902982692000,국내생보사,D,SH027,형태별 보험료 수입(수납형태)
1299,201412,0010599,신한라이프생명보험주식회사,D,대리점,0,0,국내생보사,D,SH027,형태별 보험료 수입(수납형태)
1300,201412,0010599,신한라이프생명보험주식회사,E,직납,42423537000,68109694000,국내생보사,D,SH027,형태별 보험료 수입(수납형태)
1301,201412,0010599,신한라이프생명보험주식회사,F,신용카드,87501835000,348104770000,국내생보사,D,SH027,형태별 보험료 수입(수납형태)
1302,201412,0010599,신한라이프생명보험주식회사,G,방카슈랑스,0,0,국내생보사,D,SH027,형태별 보험료 수입(수납형태)
1303,201412,0010599,신한라이프생명보험주식회사,H,기타,14202666000,62186129000,국내생보사,D,SH027,형태별 보험료 수입(수납형태)
1304,201503,0010599,신한라이프생명보험주식회사,A,설계사,39596379000,39596379000,국내생보사,D,SH027,형태별 보험료 수입(수납형태)
1305,201503,0010599,신한라이프생명보험주식회사,B,지로,1981470000,1981470000,국내생보사,D,SH027,형태별 보험료 수입(수납형태)
1306,201503,0010599,신한라이프생명보험주식회사,C,자동이체,1004104836000,1004104836000,국내생보사,D,SH027,형태별 보험료 수입(수납형태)
1307,201503,0010599,신한라이프생명보험주식회사,D,대리점,0,0,국내생보사,D,SH027,형태별 보험료 수입(수납형태)
1308,201503,0010599,신한라이프생명보험주식회사,E,직납,5107475000,5107475000,국내생보사,D,SH027,형태별 보험료 수입(수납형태)
1309,201503,0010599,신한라이프생명보험주식회사,F,신용카드,88942518000,88942518000,국내생보사,D,SH027,형태별 보험료 수입(수납형태)
1310,201503,0010599,신한라이프생명보험주식회사,G,방카슈랑스,0,0,국내생보사,D,SH027,형태별 보험료 수입(수납형태)
1311,201503,0010599,신한라이프생명보험주식회사,H,기타,13635058000,13635058000,국내생보사,D,SH027,형태별 보험료 수입(수납형태)
1312,201506,0010599,신한라이프생명보험주식회사,A,설계사,27659759000,67256138000,국내생보사,D,SH027,형태별 보험료 수입(수납형태)
1313,201506,0010599,신한라이프생명보험주식회사,B,지로,2313409000,4294879000,국내생보사,D,SH027,형태별 보험료 수입(수납형태)
1314,201506,0010599,신한라이프생명보험주식회사,C,자동이체,1015463601000,2019568437000,국내생보사,D,SH027,형태별 보험료 수입(수납형태)
1315,201506,0010599,신한라이프생명보험주식회사,D,대리점,0,0,국내생보사,D,SH027,형태별 보험료 수입(수납형태)
1316,201506,0010599,신한라이프생명보험주식회사,E,직납,7818406000,12925881000,국내생보사,D,SH027,형태별 보험료 수입(수납형태)
1317,201506,0010599,신한라이프생명보험주식회사,F,신용카드,91577309000,180519827000,국내생보사,D,SH027,형태별 보험료 수입(수납형태)
1318,201506,0010599,신한라이프생명보험주식회사,G,방카슈랑스,0,0,국내생보사,D,SH027,형태별 보험료 수입(수납형태)
1319,201506,0010599,신한라이프생명보험주식회사,H,기타,12969382000,26604440000,국내생보사,D,SH027,형태별 보험료 수입(수납형태)
1320,201509,0010599,신한라이프생명보험주식회사,A,설계사,25647389000,92903527000,국내생보사,D,SH027,형태별 보험료 수입(수납형태)
1321,201509,0010599,신한라이프생명보험주식회사,B,지로,2400461000,6695340000,국내생보사,D,SH027,형태별 보험료 수입(수납형태)
1322,201509,0010599,신한라이프생명보험주식회사,C,자동이체,1023480038000,3043048475000,국내생보사,D,SH027,형태별 보험료 수입(수납형태)
1323,201509,0010599,신한라이프생명보험주식회사,D,대리점,0,0,국내생보사,D,SH027,형태별 보험료 수입(수납형태)
1324,201509,0010599,신한라이프생명보험주식회사,E,직납,12217586000,25143467000,국내생보사,D,SH027,형태별 보험료 수입(수납형태)
1325,201509,0010599,신한라이프생명보험주식회사,F,신용카드,94530953000,275050780000,국내생보사,D,SH027,형태별 보험료 수입(수납형태)
1326,201509,0010599,신한라이프생명보험주식회사,G,방카슈랑스,0,0,국내생보사,D,SH027,형태별 보험료 수입(수납형태)
1327,201509,0010599,신한라이프생명보험주식회사,H,기타,12608636000,39213076000,국내생보사,D,SH027,형태별 보험료 수입(수납형태)
1328,201512,0010599,신한라이프생명보험주식회사,A,설계사,24500601000,117404128000,국내생보사,D,SH027,형태별 보험료 수입(수납형태)
1329,201512,0010599,신한라이프생명보험주식회사,B,지로,2478007000,9173347000,국내생보사,D,SH027,형태별 보험료 수입(수납형태)
1330,201512,0010599,신한라이프생명보험주식회사,C,자동이체,1047094227000,4090142702000,국내생보사,D,SH027,형태별 보험료 수입(수납형태)
1331,201512,0010599,신한라이프생명보험주식회사,D,대리점,0,0,국내생보사,D,SH027,형태별 보험료 수입(수납형태)
1332,201512,0010599,신한라이프생명보험주식회사,E,직납,62230670000,87374137000,국내생보사,D,SH027,형태별 보험료 수입(수납형태)
1333,201512,0010599,신한라이프생명보험주식회사,F,신용카드,97862404000,372913184000,국내생보사,D,SH027,형태별 보험료 수입(수납형태)
1334,201512,0010599,신한라이프생명보험주식회사,G,방카슈랑스,0,0,국내생보사,D,SH027,형태별 보험료 수입(수납형태)
1335,201512,0010599,신한라이프생명보험주식회사,H,기타,12218938000,51432014000,국내생보사,D,SH027,형태별 보험료 수입(수납형태)
1336,201603,0010599,신한라이프생명보험주식회사,A,설계사,26437926000,26437926000,국내생보사,D,SH027,형태별 보험료 수입(수납형태)
1337,201603,0010599,신한라이프생명보험주식회사,B,지로,2312421000,2312421000,국내생보사,D,SH027,형태별 보험료 수입(수납형태)
1338,201603,0010599,신한라이프생명보험주식회사,C,자동이체,1041659843000,1041659843000,국내생보사,D,SH027,형태별 보험료 수입(수납형태)
1339,201603,0010599,신한라이프생명보험주식회사,D,대리점,0,0,국내생보사,D,SH027,형태별 보험료 수입(수납형태)
1340,201603,0010599,신한라이프생명보험주식회사,E,직납,9186950000,9186950000,국내생보사,D,SH027,형태별 보험료 수입(수납형태)
1341,201603,0010599,신한라이프생명보험주식회사,F,신용카드,100330099000,100330099000,국내생보사,D,SH027,형태별 보험료 수입(수납형태)
1342,201603,0010599,신한라이프생명보험주식회사,G,방카슈랑스,0,0,국내생보사,D,SH027,형태별 보험료 수입(수납형태)
1343,201603,0010599,신한라이프생명보험주식회사,H,기타,11908789000,11908789000,국내생보사,D,SH027,형태별 보험료 수입(수납형태)
1344,201606,0010599,신한라이프생명보험주식회사,A,설계사,26668024000,53105950000,국내생보사,D,SH027,형태별 보험료 수입(수납형태)
1345,201606,0010599,신한라이프생명보험주식회사,B,지로,2659333000,4971754000,국내생보사,D,SH027,형태별 보험료 수입(수납형태)
1346,201606,0010599,신한라이프생명보험주식회사,C,자동이체,1042221663000,2083881506000,국내생보사,D,SH027,형태별 보험료 수입(수납형태)
1347,201606,0010599,신한라이프생명보험주식회사,D,대리점,0,0,국내생보사,D,SH027,형태별 보험료 수입(수납형태)
1348,201606,0010599,신한라이프생명보험주식회사,E,직납,8777318000,17964268000,국내생보사,D,SH027,형태별 보험료 수입(수납형태)
1349,201606,0010599,신한라이프생명보험주식회사,F,신용카드,102888249000,203218348000,국내생보사,D,SH027,형태별 보험료 수입(수납형태)
1350,201606,0010599,신한라이프생명보험주식회사,G,방카슈랑스,0,0,국내생보사,D,SH027,형태별 보험료 수입(수납형태)
1351,201606,0010599,신한라이프생명보험주식회사,H,기타,11523522000,23432311000,국내생보사,D,SH027,형태별 보험료 수입(수납형태)
1352,201609,0010599,신한라이프생명보험주식회사,A,설계사,15593642000,68699592000,국내생보사,D,SH027,형태별 보험료 수입(수납형태)
1353,201609,0010599,신한라이프생명보험주식회사,B,지로,2635556000,7607310000,국내생보사,D,SH027,형태별 보험료 수입(수납형태)
1354,201609,0010599,신한라이프생명보험주식회사,C,자동이체,1037680045000,3121561551000,국내생보사,D,SH027,형태별 보험료 수입(수납형태)
1355,201609,0010599,신한라이프생명보험주식회사,D,대리점,0,0,국내생보사,D,SH027,형태별 보험료 수입(수납형태)
1356,201609,0010599,신한라이프생명보험주식회사,E,직납,5514952000,23479220000,국내생보사,D,SH027,형태별 보험료 수입(수납형태)
1357,201609,0010599,신한라이프생명보험주식회사,F,신용카드,130488096000,333706444000,국내생보사,D,SH027,형태별 보험료 수입(수납형태)
1358,201609,0010599,신한라이프생명보험주식회사,G,방카슈랑스,0,0,국내생보사,D,SH027,형태별 보험료 수입(수납형태)
1359,201609,0010599,신한라이프생명보험주식회사,H,기타,10728856000,34161167000,국내생보사,D,SH027,형태별 보험료 수입(수납형태)
1360,201612,0010599,신한라이프생명보험주식회사,A,설계사,12496112000,81195704000,국내생보사,D,SH027,형태별 보험료 수입(수납형태)
1361,201612,0010599,신한라이프생명보험주식회사,B,지로,3032745000,10640055000,국내생보사,D,SH027,형태별 보험료 수입(수납형태)
1362,201612,0010599,신한라이프생명보험주식회사,C,자동이체,1042381767000,4163943318000,국내생보사,D,SH027,형태별 보험료 수입(수납형태)
1363,201612,0010599,신한라이프생명보험주식회사,D,대리점,0,0,국내생보사,D,SH027,형태별 보험료 수입(수납형태)
1364,201612,0010599,신한라이프생명보험주식회사,E,직납,59452363000,82931583000,국내생보사,D,SH027,형태별 보험료 수입(수납형태)
1365,201612,0010599,신한라이프생명보험주식회사,F,신용카드,132565891000,466272335000,국내생보사,D,SH027,형태별 보험료 수입(수납형태)
1366,201612,0010599,신한라이프생명보험주식회사,G,방카슈랑스,0,0,국내생보사,D,SH027,형태별 보험료 수입(수납형태)
1367,201612,0010599,신한라이프생명보험주식회사,H,기타,10440816000,44601983000,국내생보사,D,SH027,형태별 보험료 수입(수납형태)
1368,201106,0012455,아이비케이연금보험 주식회사,A,설계사,0,0,국내생보사,D,SH027,형태별 보험료 수입(수납형태)
1369,201106,0012455,아이비케이연금보험 주식회사,B,지로,0,0,국내생보사,D,SH027,형태별 보험료 수입(수납형태)
1370,201106,0012455,아이비케이연금보험 주식회사,C,자동이체,337632000,337632000,국내생보사,D,SH027,형태별 보험료 수입(수납형태)
1371,201106,0012455,아이비케이연금보험 주식회사,D,대리점,0,0,국내생보사,D,SH027,형태별 보험료 수입(수납형태)
1372,201106,0012455,아이비케이연금보험 주식회사,E,직납,284268000,284268000,국내생보사,D,SH027,형태별 보험료 수입(수납형태)
1373,201106,0012455,아이비케이연금보험 주식회사,F,신용카드,0,0,국내생보사,D,SH027,형태별 보험료 수입(수납형태)
1374,201106,0012455,아이비케이연금보험 주식회사,G,방카슈랑스,21892815000,21892815000,국내생보사,D,SH027,형태별 보험료 수입(수납형태)
1375,201106,0012455,아이비케이연금보험 주식회사,H,기타,0,0,국내생보사,D,SH027,형태별 보험료 수입(수납형태)
1376,201109,0012455,아이비케이연금보험 주식회사,A,설계사,0,0,국내생보사,D,SH027,형태별 보험료 수입(수납형태)
1377,201109,0012455,아이비케이연금보험 주식회사,B,지로,0,0,국내생보사,D,SH027,형태별 보험료 수입(수납형태)
1378,201109,0012455,아이비케이연금보험 주식회사,C,자동이체,449355000,786987000,국내생보사,D,SH027,형태별 보험료 수입(수납형태)
1379,201109,0012455,아이비케이연금보험 주식회사,D,대리점,0,0,국내생보사,D,SH027,형태별 보험료 수입(수납형태)
1380,201109,0012455,아이비케이연금보험 주식회사,E,직납,286450000,570718000,국내생보사,D,SH027,형태별 보험료 수입(수납형태)
1381,201109,0012455,아이비케이연금보험 주식회사,F,신용카드,0,0,국내생보사,D,SH027,형태별 보험료 수입(수납형태)
1382,201109,0012455,아이비케이연금보험 주식회사,G,방카슈랑스,27942075000,49834890000,국내생보사,D,SH027,형태별 보험료 수입(수납형태)
1383,201109,0012455,아이비케이연금보험 주식회사,H,기타,0,0,국내생보사,D,SH027,형태별 보험료 수입(수납형태)
1384,201112,0012455,아이비케이연금보험 주식회사,A,설계사,0,0,국내생보사,D,SH027,형태별 보험료 수입(수납형태)
1385,201112,0012455,아이비케이연금보험 주식회사,B,지로,0,0,국내생보사,D,SH027,형태별 보험료 수입(수납형태)
1386,201112,0012455,아이비케이연금보험 주식회사,C,자동이체,629568000,1416555000,국내생보사,D,SH027,형태별 보험료 수입(수납형태)
1387,201112,0012455,아이비케이연금보험 주식회사,D,대리점,0,0,국내생보사,D,SH027,형태별 보험료 수입(수납형태)
1388,201112,0012455,아이비케이연금보험 주식회사,E,직납,1416903000,1987621000,국내생보사,D,SH027,형태별 보험료 수입(수납형태)
1389,201112,0012455,아이비케이연금보험 주식회사,F,신용카드,0,0,국내생보사,D,SH027,형태별 보험료 수입(수납형태)
1390,201112,0012455,아이비케이연금보험 주식회사,G,방카슈랑스,35385189000,85220079000,국내생보사,D,SH027,형태별 보험료 수입(수납형태)
1391,201112,0012455,아이비케이연금보험 주식회사,H,기타,0,0,국내생보사,D,SH027,형태별 보험료 수입(수납형태)
1392,201203,0012455,아이비케이연금보험 주식회사,A,설계사,0,0,국내생보사,D,SH027,형태별 보험료 수입(수납형태)
1393,201203,0012455,아이비케이연금보험 주식회사,B,지로,0,0,국내생보사,D,SH027,형태별 보험료 수입(수납형태)
1394,201203,0012455,아이비케이연금보험 주식회사,C,자동이체,908624000,2325179000,국내생보사,D,SH027,형태별 보험료 수입(수납형태)
1395,201203,0012455,아이비케이연금보험 주식회사,D,대리점,0,0,국내생보사,D,SH027,형태별 보험료 수입(수납형태)
1396,201203,0012455,아이비케이연금보험 주식회사,E,직납,726746000,2714367000,국내생보사,D,SH027,형태별 보험료 수입(수납형태)
1397,201203,0012455,아이비케이연금보험 주식회사,F,신용카드,0,0,국내생보사,D,SH027,형태별 보험료 수입(수납형태)
1398,201203,0012455,아이비케이연금보험 주식회사,G,방카슈랑스,36846949000,122067028000,국내생보사,D,SH027,형태별 보험료 수입(수납형태)
1399,201203,0012455,아이비케이연금보험 주식회사,H,기타,0,0,국내생보사,D,SH027,형태별 보험료 수입(수납형태)
1400,201206,0012455,아이비케이연금보험 주식회사,A,설계사,0,0,국내생보사,D,SH027,형태별 보험료 수입(수납형태)
1401,201206,0012455,아이비케이연금보험 주식회사,B,지로,0,0,국내생보사,D,SH027,형태별 보험료 수입(수납형태)
1402,201206,0012455,아이비케이연금보험 주식회사,C,자동이체,1505562000,1505562000,국내생보사,D,SH027,형태별 보험료 수입(수납형태)
1403,201206,0012455,아이비케이연금보험 주식회사,D,대리점,0,0,국내생보사,D,SH027,형태별 보험료 수입(수납형태)
1404,201206,0012455,아이비케이연금보험 주식회사,E,직납,20144580000,20144580000,국내생보사,D,SH027,형태별 보험료 수입(수납형태)
1405,201206,0012455,아이비케이연금보험 주식회사,F,신용카드,0,0,국내생보사,D,SH027,형태별 보험료 수입(수납형태)
1406,201206,0012455,아이비케이연금보험 주식회사,G,방카슈랑스,42000359000,42000359000,국내생보사,D,SH027,형태별 보험료 수입(수납형태)
1407,201206,0012455,아이비케이연금보험 주식회사,H,기타,0,0,국내생보사,D,SH027,형태별 보험료 수입(수납형태)
1408,201209,0012455,아이비케이연금보험 주식회사,A,설계사,0,0,국내생보사,D,SH027,형태별 보험료 수입(수납형태)
1409,201209,0012455,아이비케이연금보험 주식회사,B,지로,0,0,국내생보사,D,SH027,형태별 보험료 수입(수납형태)
1410,201209,0012455,아이비케이연금보험 주식회사,C,자동이체,13365572000,14871134000,국내생보사,D,SH027,형태별 보험료 수입(수납형태)
1411,201209,0012455,아이비케이연금보험 주식회사,D,대리점,0,0,국내생보사,D,SH027,형태별 보험료 수입(수납형태)
1412,201209,0012455,아이비케이연금보험 주식회사,E,직납,4244316000,24388896000,국내생보사,D,SH027,형태별 보험료 수입(수납형태)
1413,201209,0012455,아이비케이연금보험 주식회사,F,신용카드,0,0,국내생보사,D,SH027,형태별 보험료 수입(수납형태)
1414,201209,0012455,아이비케이연금보험 주식회사,G,방카슈랑스,58750663000,100751022000,국내생보사,D,SH027,형태별 보험료 수입(수납형태)
1415,201209,0012455,아이비케이연금보험 주식회사,H,기타,0,0,국내생보사,D,SH027,형태별 보험료 수입(수납형태)
1416,201212,0012455,아이비케이연금보험 주식회사,A,설계사,0,0,국내생보사,D,SH027,형태별 보험료 수입(수납형태)
1417,201212,0012455,아이비케이연금보험 주식회사,B,지로,0,0,국내생보사,D,SH027,형태별 보험료 수입(수납형태)
1418,201212,0012455,아이비케이연금보험 주식회사,C,자동이체,19398642000,34269776000,국내생보사,D,SH027,형태별 보험료 수입(수납형태)
1419,201212,0012455,아이비케이연금보험 주식회사,D,대리점,0,0,국내생보사,D,SH027,형태별 보험료 수입(수납형태)
1420,201212,0012455,아이비케이연금보험 주식회사,E,직납,21721389000,46110285000,국내생보사,D,SH027,형태별 보험료 수입(수납형태)
1421,201212,0012455,아이비케이연금보험 주식회사,F,신용카드,0,0,국내생보사,D,SH027,형태별 보험료 수입(수납형태)
1422,201212,0012455,아이비케이연금보험 주식회사,G,방카슈랑스,61837455000,162588477000,국내생보사,D,SH027,형태별 보험료 수입(수납형태)
1423,201212,0012455,아이비케이연금보험 주식회사,H,기타,0,0,국내생보사,D,SH027,형태별 보험료 수입(수납형태)
1424,201303,0012455,아이비케이연금보험 주식회사,A,설계사,0,0,국내생보사,D,SH027,형태별 보험료 수입(수납형태)
1425,201303,0012455,아이비케이연금보험 주식회사,B,지로,0,0,국내생보사,D,SH027,형태별 보험료 수입(수납형태)
1426,201303,0012455,아이비케이연금보험 주식회사,C,자동이체,22916160000,57185936000,국내생보사,D,SH027,형태별 보험료 수입(수납형태)
1427,201303,0012455,아이비케이연금보험 주식회사,D,대리점,0,0,국내생보사,D,SH027,형태별 보험료 수입(수납형태)
1428,201303,0012455,아이비케이연금보험 주식회사,E,직납,10754506000,56864791000,국내생보사,D,SH027,형태별 보험료 수입(수납형태)
1429,201303,0012455,아이비케이연금보험 주식회사,F,신용카드,0,0,국내생보사,D,SH027,형태별 보험료 수입(수납형태)
1430,201303,0012455,아이비케이연금보험 주식회사,G,방카슈랑스,80140997000,242729474000,국내생보사,D,SH027,형태별 보험료 수입(수납형태)
1431,201303,0012455,아이비케이연금보험 주식회사,H,기타,0,0,국내생보사,D,SH027,형태별 보험료 수입(수납형태)
1432,201306,0012455,아이비케이연금보험 주식회사,A,설계사,0,0,국내생보사,D,SH027,형태별 보험료 수입(수납형태)
1433,201306,0012455,아이비케이연금보험 주식회사,B,지로,0,0,국내생보사,D,SH027,형태별 보험료 수입(수납형태)
1434,201306,0012455,아이비케이연금보험 주식회사,C,자동이체,35575215000,35575215000,국내생보사,D,SH027,형태별 보험료 수입(수납형태)
1435,201306,0012455,아이비케이연금보험 주식회사,D,대리점,0,0,국내생보사,D,SH027,형태별 보험료 수입(수납형태)
1436,201306,0012455,아이비케이연금보험 주식회사,E,직납,14256418000,14256418000,국내생보사,D,SH027,형태별 보험료 수입(수납형태)
1437,201306,0012455,아이비케이연금보험 주식회사,F,신용카드,0,0,국내생보사,D,SH027,형태별 보험료 수입(수납형태)
1438,201306,0012455,아이비케이연금보험 주식회사,G,방카슈랑스,68631521000,68631521000,국내생보사,D,SH027,형태별 보험료 수입(수납형태)
1439,201306,0012455,아이비케이연금보험 주식회사,H,기타,0,0,국내생보사,D,SH027,형태별 보험료 수입(수납형태)
1440,201309,0012455,아이비케이연금보험 주식회사,A,설계사,0,0,국내생보사,D,SH027,형태별 보험료 수입(수납형태)
1441,201309,0012455,아이비케이연금보험 주식회사,B,지로,0,0,국내생보사,D,SH027,형태별 보험료 수입(수납형태)
1442,201309,0012455,아이비케이연금보험 주식회사,C,자동이체,22995130000,58570345000,국내생보사,D,SH027,형태별 보험료 수입(수납형태)
1443,201309,0012455,아이비케이연금보험 주식회사,D,대리점,0,0,국내생보사,D,SH027,형태별 보험료 수입(수납형태)
1444,201309,0012455,아이비케이연금보험 주식회사,E,직납,9683860000,23940278000,국내생보사,D,SH027,형태별 보험료 수입(수납형태)
1445,201309,0012455,아이비케이연금보험 주식회사,F,신용카드,0,0,국내생보사,D,SH027,형태별 보험료 수입(수납형태)
1446,201309,0012455,아이비케이연금보험 주식회사,G,방카슈랑스,75585439000,144216960000,국내생보사,D,SH027,형태별 보험료 수입(수납형태)
1447,201309,0012455,아이비케이연금보험 주식회사,H,기타,0,0,국내생보사,D,SH027,형태별 보험료 수입(수납형태)
1448,201312,0012455,아이비케이연금보험 주식회사,A,설계사,0,0,국내생보사,D,SH027,형태별 보험료 수입(수납형태)
1449,201312,0012455,아이비케이연금보험 주식회사,B,지로,0,0,국내생보사,D,SH027,형태별 보험료 수입(수납형태)
1450,201312,0012455,아이비케이연금보험 주식회사,C,자동이체,24574453000,83144798000,국내생보사,D,SH027,형태별 보험료 수입(수납형태)
1451,201312,0012455,아이비케이연금보험 주식회사,D,대리점,0,0,국내생보사,D,SH027,형태별 보험료 수입(수납형태)
1452,201312,0012455,아이비케이연금보험 주식회사,E,직납,11600036000,35540314000,국내생보사,D,SH027,형태별 보험료 수입(수납형태)
1453,201312,0012455,아이비케이연금보험 주식회사,F,신용카드,0,0,국내생보사,D,SH027,형태별 보험료 수입(수납형태)
1454,201312,0012455,아이비케이연금보험 주식회사,G,방카슈랑스,82263416000,226480376000,국내생보사,D,SH027,형태별 보험료 수입(수납형태)
1455,201312,0012455,아이비케이연금보험 주식회사,H,기타,0,0,국내생보사,D,SH027,형태별 보험료 수입(수납형태)
1456,201403,0012455,아이비케이연금보험 주식회사,A,설계사,0,0,국내생보사,D,SH027,형태별 보험료 수입(수납형태)
1457,201403,0012455,아이비케이연금보험 주식회사,B,지로,0,0,국내생보사,D,SH027,형태별 보험료 수입(수납형태)
1458,201403,0012455,아이비케이연금보험 주식회사,C,자동이체,87078290000,87078290000,국내생보사,D,SH027,형태별 보험료 수입(수납형태)
1459,201403,0012455,아이비케이연금보험 주식회사,D,대리점,0,0,국내생보사,D,SH027,형태별 보험료 수입(수납형태)
1460,201403,0012455,아이비케이연금보험 주식회사,E,직납,17886295000,17886295000,국내생보사,D,SH027,형태별 보험료 수입(수납형태)
1461,201403,0012455,아이비케이연금보험 주식회사,F,신용카드,0,0,국내생보사,D,SH027,형태별 보험료 수입(수납형태)
1462,201403,0012455,아이비케이연금보험 주식회사,G,방카슈랑스,13261717000,13261717000,국내생보사,D,SH027,형태별 보험료 수입(수납형태)
1463,201403,0012455,아이비케이연금보험 주식회사,H,기타,200000,200000,국내생보사,D,SH027,형태별 보험료 수입(수납형태)
1464,201406,0012455,아이비케이연금보험 주식회사,A,설계사,0,0,국내생보사,D,SH027,형태별 보험료 수입(수납형태)
1465,201406,0012455,아이비케이연금보험 주식회사,B,지로,0,0,국내생보사,D,SH027,형태별 보험료 수입(수납형태)
1466,201406,0012455,아이비케이연금보험 주식회사,C,자동이체,92277017000,179355307000,국내생보사,D,SH027,형태별 보험료 수입(수납형태)
1467,201406,0012455,아이비케이연금보험 주식회사,D,대리점,0,0,국내생보사,D,SH027,형태별 보험료 수입(수납형태)
1468,201406,0012455,아이비케이연금보험 주식회사,E,직납,34228875000,52115170000,국내생보사,D,SH027,형태별 보험료 수입(수납형태)
1469,201406,0012455,아이비케이연금보험 주식회사,F,신용카드,0,0,국내생보사,D,SH027,형태별 보험료 수입(수납형태)
1470,201406,0012455,아이비케이연금보험 주식회사,G,방카슈랑스,15400496000,28662213000,국내생보사,D,SH027,형태별 보험료 수입(수납형태)
1471,201406,0012455,아이비케이연금보험 주식회사,H,기타,30000,230000,국내생보사,D,SH027,형태별 보험료 수입(수납형태)
1472,201409,0012455,아이비케이연금보험 주식회사,A,설계사,0,0,국내생보사,D,SH027,형태별 보험료 수입(수납형태)
1473,201409,0012455,아이비케이연금보험 주식회사,B,지로,0,0,국내생보사,D,SH027,형태별 보험료 수입(수납형태)
1474,201409,0012455,아이비케이연금보험 주식회사,C,자동이체,97849533000,277204840000,국내생보사,D,SH027,형태별 보험료 수입(수납형태)
1475,201409,0012455,아이비케이연금보험 주식회사,D,대리점,0,0,국내생보사,D,SH027,형태별 보험료 수입(수납형태)
1476,201409,0012455,아이비케이연금보험 주식회사,E,직납,27335051000,79450221000,국내생보사,D,SH027,형태별 보험료 수입(수납형태)
1477,201409,0012455,아이비케이연금보험 주식회사,F,신용카드,0,0,국내생보사,D,SH027,형태별 보험료 수입(수납형태)
1478,201409,0012455,아이비케이연금보험 주식회사,G,방카슈랑스,12372934000,41035147000,국내생보사,D,SH027,형태별 보험료 수입(수납형태)
1479,201409,0012455,아이비케이연금보험 주식회사,H,기타,0,230000,국내생보사,D,SH027,형태별 보험료 수입(수납형태)
1480,201412,0012455,아이비케이연금보험 주식회사,A,설계사,0,0,국내생보사,D,SH027,형태별 보험료 수입(수납형태)
1481,201412,0012455,아이비케이연금보험 주식회사,B,지로,0,0,국내생보사,D,SH027,형태별 보험료 수입(수납형태)
1482,201412,0012455,아이비케이연금보험 주식회사,C,자동이체,100968595000,378173435000,국내생보사,D,SH027,형태별 보험료 수입(수납형태)
1483,201412,0012455,아이비케이연금보험 주식회사,D,대리점,0,0,국내생보사,D,SH027,형태별 보험료 수입(수납형태)
1484,201412,0012455,아이비케이연금보험 주식회사,E,직납,148217862000,227668083000,국내생보사,D,SH027,형태별 보험료 수입(수납형태)
1485,201412,0012455,아이비케이연금보험 주식회사,F,신용카드,0,0,국내생보사,D,SH027,형태별 보험료 수입(수납형태)
1486,201412,0012455,아이비케이연금보험 주식회사,G,방카슈랑스,13656684000,54691831000,국내생보사,D,SH027,형태별 보험료 수입(수납형태)
1487,201412,0012455,아이비케이연금보험 주식회사,H,기타,800000,1030000,국내생보사,D,SH027,형태별 보험료 수입(수납형태)
1488,201503,0012455,아이비케이연금보험 주식회사,A,설계사,0,0,국내생보사,D,SH027,형태별 보험료 수입(수납형태)
1489,201503,0012455,아이비케이연금보험 주식회사,B,지로,0,0,국내생보사,D,SH027,형태별 보험료 수입(수납형태)
1490,201503,0012455,아이비케이연금보험 주식회사,C,자동이체,105363431000,105363431000,국내생보사,D,SH027,형태별 보험료 수입(수납형태)
1491,201503,0012455,아이비케이연금보험 주식회사,D,대리점,0,0,국내생보사,D,SH027,형태별 보험료 수입(수납형태)
1492,201503,0012455,아이비케이연금보험 주식회사,E,직납,34335517000,34335517000,국내생보사,D,SH027,형태별 보험료 수입(수납형태)
1493,201503,0012455,아이비케이연금보험 주식회사,F,신용카드,0,0,국내생보사,D,SH027,형태별 보험료 수입(수납형태)
1494,201503,0012455,아이비케이연금보험 주식회사,G,방카슈랑스,13213094000,13213094000,국내생보사,D,SH027,형태별 보험료 수입(수납형태)
1495,201503,0012455,아이비케이연금보험 주식회사,H,기타,900000,900000,국내생보사,D,SH027,형태별 보험료 수입(수납형태)
1496,201506,0012455,아이비케이연금보험 주식회사,A,설계사,0,0,국내생보사,D,SH027,형태별 보험료 수입(수납형태)
1497,201506,0012455,아이비케이연금보험 주식회사,B,지로,0,0,국내생보사,D,SH027,형태별 보험료 수입(수납형태)
1498,201506,0012455,아이비케이연금보험 주식회사,C,자동이체,110682550000,216045981000,국내생보사,D,SH027,형태별 보험료 수입(수납형태)
1499,201506,0012455,아이비케이연금보험 주식회사,D,대리점,0,0,국내생보사,D,SH027,형태별 보험료 수입(수납형태)
1500,201506,0012455,아이비케이연금보험 주식회사,E,직납,52388568000,86724085000,국내생보사,D,SH027,형태별 보험료 수입(수납형태)
1501,201506,0012455,아이비케이연금보험 주식회사,F,신용카드,600000,600000,국내생보사,D,SH027,형태별 보험료 수입(수납형태)
1502,201506,0012455,아이비케이연금보험 주식회사,G,방카슈랑스,13015813000,26228907000,국내생보사,D,SH027,형태별 보험료 수입(수납형태)
1503,201506,0012455,아이비케이연금보험 주식회사,H,기타,1200000,2100000,국내생보사,D,SH027,형태별 보험료 수입(수납형태)
1504,201509,0012455,아이비케이연금보험 주식회사,A,설계사,0,0,국내생보사,D,SH027,형태별 보험료 수입(수납형태)
1505,201509,0012455,아이비케이연금보험 주식회사,B,지로,0,0,국내생보사,D,SH027,형태별 보험료 수입(수납형태)
1506,201509,0012455,아이비케이연금보험 주식회사,C,자동이체,114783073000,330829054000,국내생보사,D,SH027,형태별 보험료 수입(수납형태)
1507,201509,0012455,아이비케이연금보험 주식회사,D,대리점,0,0,국내생보사,D,SH027,형태별 보험료 수입(수납형태)
1508,201509,0012455,아이비케이연금보험 주식회사,E,직납,59066133000,145790218000,국내생보사,D,SH027,형태별 보험료 수입(수납형태)
1509,201509,0012455,아이비케이연금보험 주식회사,F,신용카드,0,600000,국내생보사,D,SH027,형태별 보험료 수입(수납형태)
1510,201509,0012455,아이비케이연금보험 주식회사,G,방카슈랑스,11579153000,37808060000,국내생보사,D,SH027,형태별 보험료 수입(수납형태)
1511,201509,0012455,아이비케이연금보험 주식회사,H,기타,300000,2400000,국내생보사,D,SH027,형태별 보험료 수입(수납형태)
1512,201512,0012455,아이비케이연금보험 주식회사,A,설계사,0,0,국내생보사,D,SH027,형태별 보험료 수입(수납형태)
1513,201512,0012455,아이비케이연금보험 주식회사,B,지로,0,0,국내생보사,D,SH027,형태별 보험료 수입(수납형태)
1514,201512,0012455,아이비케이연금보험 주식회사,C,자동이체,125422253000,456251307000,국내생보사,D,SH027,형태별 보험료 수입(수납형태)
1515,201512,0012455,아이비케이연금보험 주식회사,D,대리점,0,0,국내생보사,D,SH027,형태별 보험료 수입(수납형태)
1516,201512,0012455,아이비케이연금보험 주식회사,E,직납,123733133000,269523351000,국내생보사,D,SH027,형태별 보험료 수입(수납형태)
1517,201512,0012455,아이비케이연금보험 주식회사,F,신용카드,0,600000,국내생보사,D,SH027,형태별 보험료 수입(수납형태)
1518,201512,0012455,아이비케이연금보험 주식회사,G,방카슈랑스,12706293000,50514353000,국내생보사,D,SH027,형태별 보험료 수입(수납형태)
1519,201512,0012455,아이비케이연금보험 주식회사,H,기타,1350000,3750000,국내생보사,D,SH027,형태별 보험료 수입(수납형태)
1520,201603,0012455,아이비케이연금보험 주식회사,A,설계사,0,0,국내생보사,D,SH027,형태별 보험료 수입(수납형태)
1521,201603,0012455,아이비케이연금보험 주식회사,B,지로,0,0,국내생보사,D,SH027,형태별 보험료 수입(수납형태)
1522,201603,0012455,아이비케이연금보험 주식회사,C,자동이체,132435955000,132435955000,국내생보사,D,SH027,형태별 보험료 수입(수납형태)
1523,201603,0012455,아이비케이연금보험 주식회사,D,대리점,0,0,국내생보사,D,SH027,형태별 보험료 수입(수납형태)
1524,201603,0012455,아이비케이연금보험 주식회사,E,직납,117134974000,117134974000,국내생보사,D,SH027,형태별 보험료 수입(수납형태)
1525,201603,0012455,아이비케이연금보험 주식회사,F,신용카드,0,0,국내생보사,D,SH027,형태별 보험료 수입(수납형태)
1526,201603,0012455,아이비케이연금보험 주식회사,G,방카슈랑스,9051277000,9051277000,국내생보사,D,SH027,형태별 보험료 수입(수납형태)
1527,201603,0012455,아이비케이연금보험 주식회사,H,기타,330000,330000,국내생보사,D,SH027,형태별 보험료 수입(수납형태)
1528,201606,0012455,아이비케이연금보험 주식회사,A,설계사,0,0,국내생보사,D,SH027,형태별 보험료 수입(수납형태)
1529,201606,0012455,아이비케이연금보험 주식회사,B,지로,0,0,국내생보사,D,SH027,형태별 보험료 수입(수납형태)
1530,201606,0012455,아이비케이연금보험 주식회사,C,자동이체,144584542000,277020497000,국내생보사,D,SH027,형태별 보험료 수입(수납형태)
1531,201606,0012455,아이비케이연금보험 주식회사,D,대리점,0,0,국내생보사,D,SH027,형태별 보험료 수입(수납형태)
1532,201606,0012455,아이비케이연금보험 주식회사,E,직납,71843845000,188978819000,국내생보사,D,SH027,형태별 보험료 수입(수납형태)
1533,201606,0012455,아이비케이연금보험 주식회사,F,신용카드,0,0,국내생보사,D,SH027,형태별 보험료 수입(수납형태)
1534,201606,0012455,아이비케이연금보험 주식회사,G,방카슈랑스,8170201000,17221478000,국내생보사,D,SH027,형태별 보험료 수입(수납형태)
1535,201606,0012455,아이비케이연금보험 주식회사,H,기타,0,330000,국내생보사,D,SH027,형태별 보험료 수입(수납형태)
1536,201609,0012455,아이비케이연금보험 주식회사,A,설계사,0,0,국내생보사,D,SH027,형태별 보험료 수입(수납형태)
1537,201609,0012455,아이비케이연금보험 주식회사,B,지로,0,0,국내생보사,D,SH027,형태별 보험료 수입(수납형태)
1538,201609,0012455,아이비케이연금보험 주식회사,C,자동이체,152437986000,429458483000,국내생보사,D,SH027,형태별 보험료 수입(수납형태)
1539,201609,0012455,아이비케이연금보험 주식회사,D,대리점,0,0,국내생보사,D,SH027,형태별 보험료 수입(수납형태)
1540,201609,0012455,아이비케이연금보험 주식회사,E,직납,45694332000,234673151000,국내생보사,D,SH027,형태별 보험료 수입(수납형태)
1541,201609,0012455,아이비케이연금보험 주식회사,F,신용카드,0,0,국내생보사,D,SH027,형태별 보험료 수입(수납형태)
1542,201609,0012455,아이비케이연금보험 주식회사,G,방카슈랑스,10686199000,27907677000,국내생보사,D,SH027,형태별 보험료 수입(수납형태)
1543,201609,0012455,아이비케이연금보험 주식회사,H,기타,8800000,9130000,국내생보사,D,SH027,형태별 보험료 수입(수납형태)
1544,201612,0012455,아이비케이연금보험 주식회사,A,설계사,0,0,국내생보사,D,SH027,형태별 보험료 수입(수납형태)
1545,201612,0012455,아이비케이연금보험 주식회사,B,지로,0,0,국내생보사,D,SH027,형태별 보험료 수입(수납형태)
1546,201612,0012455,아이비케이연금보험 주식회사,C,자동이체,161726934000,591185417000,국내생보사,D,SH027,형태별 보험료 수입(수납형태)
1547,201612,0012455,아이비케이연금보험 주식회사,D,대리점,0,0,국내생보사,D,SH027,형태별 보험료 수입(수납형태)
1548,201612,0012455,아이비케이연금보험 주식회사,E,직납,138446678000,373119829000,국내생보사,D,SH027,형태별 보험료 수입(수납형태)
1549,201612,0012455,아이비케이연금보험 주식회사,F,신용카드,0,0,국내생보사,D,SH027,형태별 보험료 수입(수납형태)
1550,201612,0012455,아이비케이연금보험 주식회사,G,방카슈랑스,17264178000,45171855000,국내생보사,D,SH027,형태별 보험료 수입(수납형태)
1551,201612,0012455,아이비케이연금보험 주식회사,H,기타,35750000,44880000,국내생보사,D,SH027,형태별 보험료 수입(수납형태)
1552,201106,0010605,아이엠라이프생명보험 주식회사,A,설계사,6488008000,6488008000,국내생보사,D,SH027,형태별 보험료 수입(수납형태)
1553,201106,0010605,아이엠라이프생명보험 주식회사,B,지로,-770000,-770000,국내생보사,D,SH027,형태별 보험료 수입(수납형태)
1554,201106,0010605,아이엠라이프생명보험 주식회사,C,자동이체,149924039000,149924039000,국내생보사,D,SH027,형태별 보험료 수입(수납형태)
1555,201106,0010605,아이엠라이프생명보험 주식회사,D,대리점,4027918000,4027918000,국내생보사,D,SH027,형태별 보험료 수입(수납형태)
1556,201106,0010605,아이엠라이프생명보험 주식회사,E,직납,0,0,국내생보사,D,SH027,형태별 보험료 수입(수납형태)
1557,201106,0010605,아이엠라이프생명보험 주식회사,F,신용카드,4763403000,4763403000,국내생보사,D,SH027,형태별 보험료 수입(수납형태)
1558,201106,0010605,아이엠라이프생명보험 주식회사,G,방카슈랑스,37973817000,37973817000,국내생보사,D,SH027,형태별 보험료 수입(수납형태)
1559,201106,0010605,아이엠라이프생명보험 주식회사,H,기타,1762131000,1762131000,국내생보사,D,SH027,형태별 보험료 수입(수납형태)
1560,201109,0010605,아이엠라이프생명보험 주식회사,A,설계사,6438714000,12926722000,국내생보사,D,SH027,형태별 보험료 수입(수납형태)
1561,201109,0010605,아이엠라이프생명보험 주식회사,B,지로,2025000,1255000,국내생보사,D,SH027,형태별 보험료 수입(수납형태)
1562,201109,0010605,아이엠라이프생명보험 주식회사,C,자동이체,156923109000,306847148000,국내생보사,D,SH027,형태별 보험료 수입(수납형태)
1563,201109,0010605,아이엠라이프생명보험 주식회사,D,대리점,4231349000,8259267000,국내생보사,D,SH027,형태별 보험료 수입(수납형태)
1564,201109,0010605,아이엠라이프생명보험 주식회사,E,직납,0,0,국내생보사,D,SH027,형태별 보험료 수입(수납형태)
1565,201109,0010605,아이엠라이프생명보험 주식회사,F,신용카드,4754951000,9518354000,국내생보사,D,SH027,형태별 보험료 수입(수납형태)
1566,201109,0010605,아이엠라이프생명보험 주식회사,G,방카슈랑스,40304547000,78278364000,국내생보사,D,SH027,형태별 보험료 수입(수납형태)
1567,201109,0010605,아이엠라이프생명보험 주식회사,H,기타,1870854000,3632985000,국내생보사,D,SH027,형태별 보험료 수입(수납형태)
1568,201112,0010605,아이엠라이프생명보험 주식회사,A,설계사,6951314000,19878036000,국내생보사,D,SH027,형태별 보험료 수입(수납형태)
1569,201112,0010605,아이엠라이프생명보험 주식회사,B,지로,1651000,2906000,국내생보사,D,SH027,형태별 보험료 수입(수납형태)
1570,201112,0010605,아이엠라이프생명보험 주식회사,C,자동이체,160890609000,467737757000,국내생보사,D,SH027,형태별 보험료 수입(수납형태)
1571,201112,0010605,아이엠라이프생명보험 주식회사,D,대리점,4394074000,12653341000,국내생보사,D,SH027,형태별 보험료 수입(수납형태)
1572,201112,0010605,아이엠라이프생명보험 주식회사,E,직납,0,0,국내생보사,D,SH027,형태별 보험료 수입(수납형태)
1573,201112,0010605,아이엠라이프생명보험 주식회사,F,신용카드,4765942000,14284296000,국내생보사,D,SH027,형태별 보험료 수입(수납형태)
1574,201112,0010605,아이엠라이프생명보험 주식회사,G,방카슈랑스,44791348000,123069712000,국내생보사,D,SH027,형태별 보험료 수입(수납형태)
1575,201112,0010605,아이엠라이프생명보험 주식회사,H,기타,1894476000,5527461000,국내생보사,D,SH027,형태별 보험료 수입(수납형태)
1576,201203,0010605,아이엠라이프생명보험 주식회사,A,설계사,7458987000,27337023000,국내생보사,D,SH027,형태별 보험료 수입(수납형태)
1577,201203,0010605,아이엠라이프생명보험 주식회사,B,지로,1231000,4137000,국내생보사,D,SH027,형태별 보험료 수입(수납형태)
1578,201203,0010605,아이엠라이프생명보험 주식회사,C,자동이체,164076531000,631814288000,국내생보사,D,SH027,형태별 보험료 수입(수납형태)
1579,201203,0010605,아이엠라이프생명보험 주식회사,D,대리점,5243644000,17896985000,국내생보사,D,SH027,형태별 보험료 수입(수납형태)
1580,201203,0010605,아이엠라이프생명보험 주식회사,E,직납,0,0,국내생보사,D,SH027,형태별 보험료 수입(수납형태)
1581,201203,0010605,아이엠라이프생명보험 주식회사,F,신용카드,4791337000,19075633000,국내생보사,D,SH027,형태별 보험료 수입(수납형태)
1582,201203,0010605,아이엠라이프생명보험 주식회사,G,방카슈랑스,45813516000,168883228000,국내생보사,D,SH027,형태별 보험료 수입(수납형태)
1583,201203,0010605,아이엠라이프생명보험 주식회사,H,기타,1982181000,7509642000,국내생보사,D,SH027,형태별 보험료 수입(수납형태)
1584,201206,0010605,아이엠라이프생명보험 주식회사,A,설계사,7536992000,7536992000,국내생보사,D,SH027,형태별 보험료 수입(수납형태)
1585,201206,0010605,아이엠라이프생명보험 주식회사,B,지로,1140000,1140000,국내생보사,D,SH027,형태별 보험료 수입(수납형태)
1586,201206,0010605,아이엠라이프생명보험 주식회사,C,자동이체,170916475000,170916475000,국내생보사,D,SH027,형태별 보험료 수입(수납형태)
1587,201206,0010605,아이엠라이프생명보험 주식회사,D,대리점,4771978000,4771978000,국내생보사,D,SH027,형태별 보험료 수입(수납형태)
1588,201206,0010605,아이엠라이프생명보험 주식회사,E,직납,0,0,국내생보사,D,SH027,형태별 보험료 수입(수납형태)
1589,201206,0010605,아이엠라이프생명보험 주식회사,F,신용카드,5095031000,5095031000,국내생보사,D,SH027,형태별 보험료 수입(수납형태)
1590,201206,0010605,아이엠라이프생명보험 주식회사,G,방카슈랑스,49494147000,49494147000,국내생보사,D,SH027,형태별 보험료 수입(수납형태)
1591,201206,0010605,아이엠라이프생명보험 주식회사,H,기타,2037834000,2037834000,국내생보사,D,SH027,형태별 보험료 수입(수납형태)
1592,201209,0010605,아이엠라이프생명보험 주식회사,A,설계사,15292742000,22829734000,국내생보사,D,SH027,형태별 보험료 수입(수납형태)
1593,201209,0010605,아이엠라이프생명보험 주식회사,B,지로,135000,1275000,국내생보사,D,SH027,형태별 보험료 수입(수납형태)
1594,201209,0010605,아이엠라이프생명보험 주식회사,C,자동이체,132992647000,303909122000,국내생보사,D,SH027,형태별 보험료 수입(수납형태)
1595,201209,0010605,아이엠라이프생명보험 주식회사,D,대리점,40571470000,45343448000,국내생보사,D,SH027,형태별 보험료 수입(수납형태)
1596,201209,0010605,아이엠라이프생명보험 주식회사,E,직납,-5496000,-5496000,국내생보사,D,SH027,형태별 보험료 수입(수납형태)
1597,201209,0010605,아이엠라이프생명보험 주식회사,F,신용카드,3797250000,8892281000,국내생보사,D,SH027,형태별 보험료 수입(수납형태)
1598,201209,0010605,아이엠라이프생명보험 주식회사,G,방카슈랑스,54210480000,103704627000,국내생보사,D,SH027,형태별 보험료 수입(수납형태)
1599,201209,0010605,아이엠라이프생명보험 주식회사,H,기타,1988799000,4026633000,국내생보사,D,SH027,형태별 보험료 수입(수납형태)
1600,201212,0010605,아이엠라이프생명보험 주식회사,A,설계사,30405218000,53234952000,국내생보사,D,SH027,형태별 보험료 수입(수납형태)
1601,201212,0010605,아이엠라이프생명보험 주식회사,B,지로,0,1275000,국내생보사,D,SH027,형태별 보험료 수입(수납형태)
1602,201212,0010605,아이엠라이프생명보험 주식회사,C,자동이체,51568000000,355477122000,국내생보사,D,SH027,형태별 보험료 수입(수납형태)
1603,201212,0010605,아이엠라이프생명보험 주식회사,D,대리점,112138425000,157481873000,국내생보사,D,SH027,형태별 보험료 수입(수납형태)
1604,201212,0010605,아이엠라이프생명보험 주식회사,E,직납,52469000,46973000,국내생보사,D,SH027,형태별 보험료 수입(수납형태)
1605,201212,0010605,아이엠라이프생명보험 주식회사,F,신용카드,476875000,9369156000,국내생보사,D,SH027,형태별 보험료 수입(수납형태)
1606,201212,0010605,아이엠라이프생명보험 주식회사,G,방카슈랑스,59424478000,163129105000,국내생보사,D,SH027,형태별 보험료 수입(수납형태)
1607,201212,0010605,아이엠라이프생명보험 주식회사,H,기타,1853156000,5879789000,국내생보사,D,SH027,형태별 보험료 수입(수납형태)
1608,201303,0010605,아이엠라이프생명보험 주식회사,A,설계사,31419204000,84654156000,국내생보사,D,SH027,형태별 보험료 수입(수납형태)
1609,201303,0010605,아이엠라이프생명보험 주식회사,B,지로,0,1275000,국내생보사,D,SH027,형태별 보험료 수입(수납형태)
1610,201303,0010605,아이엠라이프생명보험 주식회사,C,자동이체,266243773000,621720895000,국내생보사,D,SH027,형태별 보험료 수입(수납형태)
1611,201303,0010605,아이엠라이프생명보험 주식회사,D,대리점,112749965000,270231838000,국내생보사,D,SH027,형태별 보험료 수입(수납형태)
1612,201303,0010605,아이엠라이프생명보험 주식회사,E,직납,2377359000,2424332000,국내생보사,D,SH027,형태별 보험료 수입(수납형태)
1613,201303,0010605,아이엠라이프생명보험 주식회사,F,신용카드,833927000,10203083000,국내생보사,D,SH027,형태별 보험료 수입(수납형태)
1614,201303,0010605,아이엠라이프생명보험 주식회사,G,방카슈랑스,-154236313000,8892792000,국내생보사,D,SH027,형태별 보험료 수입(수납형태)
1615,201303,0010605,아이엠라이프생명보험 주식회사,H,기타,2893080000,8772869000,국내생보사,D,SH027,형태별 보험료 수입(수납형태)
1616,201306,0010605,아이엠라이프생명보험 주식회사,A,설계사,25411384000,25411384000,국내생보사,D,SH027,형태별 보험료 수입(수납형태)
1617,201306,0010605,아이엠라이프생명보험 주식회사,B,지로,0,0,국내생보사,D,SH027,형태별 보험료 수입(수납형태)
1618,201306,0010605,아이엠라이프생명보험 주식회사,C,자동이체,116043641000,116043641000,국내생보사,D,SH027,형태별 보험료 수입(수납형태)
1619,201306,0010605,아이엠라이프생명보험 주식회사,D,대리점,111434373000,111434373000,국내생보사,D,SH027,형태별 보험료 수입(수납형태)
1620,201306,0010605,아이엠라이프생명보험 주식회사,E,직납,9223067000,9223067000,국내생보사,D,SH027,형태별 보험료 수입(수납형태)
1621,201306,0010605,아이엠라이프생명보험 주식회사,F,신용카드,611780000,611780000,국내생보사,D,SH027,형태별 보험료 수입(수납형태)
1622,201306,0010605,아이엠라이프생명보험 주식회사,G,방카슈랑스,0,0,국내생보사,D,SH027,형태별 보험료 수입(수납형태)
1623,201306,0010605,아이엠라이프생명보험 주식회사,H,기타,1846009000,1846009000,국내생보사,D,SH027,형태별 보험료 수입(수납형태)
1624,201309,0010605,아이엠라이프생명보험 주식회사,A,설계사,24523108000,49934492000,국내생보사,D,SH027,형태별 보험료 수입(수납형태)
1625,201309,0010605,아이엠라이프생명보험 주식회사,B,지로,0,0,국내생보사,D,SH027,형태별 보험료 수입(수납형태)
1626,201309,0010605,아이엠라이프생명보험 주식회사,C,자동이체,122608868000,238652509000,국내생보사,D,SH027,형태별 보험료 수입(수납형태)
1627,201309,0010605,아이엠라이프생명보험 주식회사,D,대리점,109839658000,221274031000,국내생보사,D,SH027,형태별 보험료 수입(수납형태)
1628,201309,0010605,아이엠라이프생명보험 주식회사,E,직납,8889445000,18112512000,국내생보사,D,SH027,형태별 보험료 수입(수납형태)
1629,201309,0010605,아이엠라이프생명보험 주식회사,F,신용카드,688510000,1300290000,국내생보사,D,SH027,형태별 보험료 수입(수납형태)
1630,201309,0010605,아이엠라이프생명보험 주식회사,G,방카슈랑스,0,0,국내생보사,D,SH027,형태별 보험료 수입(수납형태)
1631,201309,0010605,아이엠라이프생명보험 주식회사,H,기타,1687263000,3533272000,국내생보사,D,SH027,형태별 보험료 수입(수납형태)
1632,201312,0010605,아이엠라이프생명보험 주식회사,A,설계사,24038455000,73972947000,국내생보사,D,SH027,형태별 보험료 수입(수납형태)
1633,201312,0010605,아이엠라이프생명보험 주식회사,B,지로,0,0,국내생보사,D,SH027,형태별 보험료 수입(수납형태)
1634,201312,0010605,아이엠라이프생명보험 주식회사,C,자동이체,128555740000,367208249000,국내생보사,D,SH027,형태별 보험료 수입(수납형태)
1635,201312,0010605,아이엠라이프생명보험 주식회사,D,대리점,107444282000,328718313000,국내생보사,D,SH027,형태별 보험료 수입(수납형태)
1636,201312,0010605,아이엠라이프생명보험 주식회사,E,직납,9763136000,27875648000,국내생보사,D,SH027,형태별 보험료 수입(수납형태)
1637,201312,0010605,아이엠라이프생명보험 주식회사,F,신용카드,774502000,2074792000,국내생보사,D,SH027,형태별 보험료 수입(수납형태)
1638,201312,0010605,아이엠라이프생명보험 주식회사,G,방카슈랑스,0,0,국내생보사,D,SH027,형태별 보험료 수입(수납형태)
1639,201312,0010605,아이엠라이프생명보험 주식회사,H,기타,1595324000,5128596000,국내생보사,D,SH027,형태별 보험료 수입(수납형태)
1640,201403,0010605,아이엠라이프생명보험 주식회사,A,설계사,23659287000,23659287000,국내생보사,D,SH027,형태별 보험료 수입(수납형태)
1641,201403,0010605,아이엠라이프생명보험 주식회사,B,지로,0,0,국내생보사,D,SH027,형태별 보험료 수입(수납형태)
1642,201403,0010605,아이엠라이프생명보험 주식회사,C,자동이체,129873192000,129873192000,국내생보사,D,SH027,형태별 보험료 수입(수납형태)
1643,201403,0010605,아이엠라이프생명보험 주식회사,D,대리점,104978069000,104978069000,국내생보사,D,SH027,형태별 보험료 수입(수납형태)
1644,201403,0010605,아이엠라이프생명보험 주식회사,E,직납,8002439000,8002439000,국내생보사,D,SH027,형태별 보험료 수입(수납형태)
1645,201403,0010605,아이엠라이프생명보험 주식회사,F,신용카드,835114000,835114000,국내생보사,D,SH027,형태별 보험료 수입(수납형태)
1646,201403,0010605,아이엠라이프생명보험 주식회사,G,방카슈랑스,0,0,국내생보사,D,SH027,형태별 보험료 수입(수납형태)
1647,201403,0010605,아이엠라이프생명보험 주식회사,H,기타,1499959000,1499959000,국내생보사,D,SH027,형태별 보험료 수입(수납형태)
1648,201406,0010605,아이엠라이프생명보험 주식회사,A,설계사,23006557000,46665844000,국내생보사,D,SH027,형태별 보험료 수입(수납형태)
1649,201406,0010605,아이엠라이프생명보험 주식회사,B,지로,0,0,국내생보사,D,SH027,형태별 보험료 수입(수납형태)
1650,201406,0010605,아이엠라이프생명보험 주식회사,C,자동이체,129206101000,259079293000,국내생보사,D,SH027,형태별 보험료 수입(수납형태)
1651,201406,0010605,아이엠라이프생명보험 주식회사,D,대리점,102816240000,207794309000,국내생보사,D,SH027,형태별 보험료 수입(수납형태)
1652,201406,0010605,아이엠라이프생명보험 주식회사,E,직납,8379295000,16381734000,국내생보사,D,SH027,형태별 보험료 수입(수납형태)
1653,201406,0010605,아이엠라이프생명보험 주식회사,F,신용카드,869310000,1704424000,국내생보사,D,SH027,형태별 보험료 수입(수납형태)
1654,201406,0010605,아이엠라이프생명보험 주식회사,G,방카슈랑스,0,0,국내생보사,D,SH027,형태별 보험료 수입(수납형태)
1655,201406,0010605,아이엠라이프생명보험 주식회사,H,기타,1308303000,2808262000,국내생보사,D,SH027,형태별 보험료 수입(수납형태)
1656,201409,0010605,아이엠라이프생명보험 주식회사,A,설계사,25211601000,71877445000,국내생보사,D,SH027,형태별 보험료 수입(수납형태)
1657,201409,0010605,아이엠라이프생명보험 주식회사,B,지로,0,0,국내생보사,D,SH027,형태별 보험료 수입(수납형태)
1658,201409,0010605,아이엠라이프생명보험 주식회사,C,자동이체,124853724000,383933017000,국내생보사,D,SH027,형태별 보험료 수입(수납형태)
1659,201409,0010605,아이엠라이프생명보험 주식회사,D,대리점,97929975000,305724284000,국내생보사,D,SH027,형태별 보험료 수입(수납형태)
1660,201409,0010605,아이엠라이프생명보험 주식회사,E,직납,8050031000,24431765000,국내생보사,D,SH027,형태별 보험료 수입(수납형태)
1661,201409,0010605,아이엠라이프생명보험 주식회사,F,신용카드,862869000,2567293000,국내생보사,D,SH027,형태별 보험료 수입(수납형태)
1662,201409,0010605,아이엠라이프생명보험 주식회사,G,방카슈랑스,0,0,국내생보사,D,SH027,형태별 보험료 수입(수납형태)
1663,201409,0010605,아이엠라이프생명보험 주식회사,H,기타,1317211000,4125473000,국내생보사,D,SH027,형태별 보험료 수입(수납형태)
1664,201412,0010605,아이엠라이프생명보험 주식회사,A,설계사,-71877445000,0,국내생보사,D,SH027,형태별 보험료 수입(수납형태)
1665,201412,0010605,아이엠라이프생명보험 주식회사,B,지로,0,0,국내생보사,D,SH027,형태별 보험료 수입(수납형태)
1666,201412,0010605,아이엠라이프생명보험 주식회사,C,자동이체,576342712000,960275729000,국내생보사,D,SH027,형태별 보험료 수입(수납형태)
1667,201412,0010605,아이엠라이프생명보험 주식회사,D,대리점,-305724284000,0,국내생보사,D,SH027,형태별 보험료 수입(수납형태)
1668,201412,0010605,아이엠라이프생명보험 주식회사,E,직납,17465658000,41897423000,국내생보사,D,SH027,형태별 보험료 수입(수납형태)
1669,201412,0010605,아이엠라이프생명보험 주식회사,F,신용카드,31929265000,34496558000,국내생보사,D,SH027,형태별 보험료 수입(수납형태)
1670,201412,0010605,아이엠라이프생명보험 주식회사,G,방카슈랑스,0,0,국내생보사,D,SH027,형태별 보험료 수입(수납형태)
1671,201412,0010605,아이엠라이프생명보험 주식회사,H,기타,1717577000,5843050000,국내생보사,D,SH027,형태별 보험료 수입(수납형태)
1672,201503,0010605,아이엠라이프생명보험 주식회사,A,설계사,0,0,국내생보사,D,SH027,형태별 보험료 수입(수납형태)
1673,201503,0010605,아이엠라이프생명보험 주식회사,B,지로,0,0,국내생보사,D,SH027,형태별 보험료 수입(수납형태)
1674,201503,0010605,아이엠라이프생명보험 주식회사,C,자동이체,221581860000,221581860000,국내생보사,D,SH027,형태별 보험료 수입(수납형태)
1675,201503,0010605,아이엠라이프생명보험 주식회사,D,대리점,0,0,국내생보사,D,SH027,형태별 보험료 수입(수납형태)
1676,201503,0010605,아이엠라이프생명보험 주식회사,E,직납,9640292000,9640292000,국내생보사,D,SH027,형태별 보험료 수입(수납형태)
1677,201503,0010605,아이엠라이프생명보험 주식회사,F,신용카드,8422511000,8422511000,국내생보사,D,SH027,형태별 보험료 수입(수납형태)
1678,201503,0010605,아이엠라이프생명보험 주식회사,G,방카슈랑스,0,0,국내생보사,D,SH027,형태별 보험료 수입(수납형태)
1679,201503,0010605,아이엠라이프생명보험 주식회사,H,기타,1025458000,1025458000,국내생보사,D,SH027,형태별 보험료 수입(수납형태)
1680,201506,0010605,아이엠라이프생명보험 주식회사,A,설계사,0,0,국내생보사,D,SH027,형태별 보험료 수입(수납형태)
1681,201506,0010605,아이엠라이프생명보험 주식회사,B,지로,0,0,국내생보사,D,SH027,형태별 보험료 수입(수납형태)
1682,201506,0010605,아이엠라이프생명보험 주식회사,C,자동이체,214960191000,436542051000,국내생보사,D,SH027,형태별 보험료 수입(수납형태)
1683,201506,0010605,아이엠라이프생명보험 주식회사,D,대리점,0,0,국내생보사,D,SH027,형태별 보험료 수입(수납형태)
1684,201506,0010605,아이엠라이프생명보험 주식회사,E,직납,9837539000,19477831000,국내생보사,D,SH027,형태별 보험료 수입(수납형태)
1685,201506,0010605,아이엠라이프생명보험 주식회사,F,신용카드,8416219000,16838730000,국내생보사,D,SH027,형태별 보험료 수입(수납형태)
1686,201506,0010605,아이엠라이프생명보험 주식회사,G,방카슈랑스,0,0,국내생보사,D,SH027,형태별 보험료 수입(수납형태)
1687,201506,0010605,아이엠라이프생명보험 주식회사,H,기타,1033408000,2058866000,국내생보사,D,SH027,형태별 보험료 수입(수납형태)
1688,201509,0010605,아이엠라이프생명보험 주식회사,A,설계사,0,0,국내생보사,D,SH027,형태별 보험료 수입(수납형태)
1689,201509,0010605,아이엠라이프생명보험 주식회사,B,지로,0,0,국내생보사,D,SH027,형태별 보험료 수입(수납형태)
1690,201509,0010605,아이엠라이프생명보험 주식회사,C,자동이체,205647954000,642190005000,국내생보사,D,SH027,형태별 보험료 수입(수납형태)
1691,201509,0010605,아이엠라이프생명보험 주식회사,D,대리점,0,0,국내생보사,D,SH027,형태별 보험료 수입(수납형태)
1692,201509,0010605,아이엠라이프생명보험 주식회사,E,직납,8933874000,28411705000,국내생보사,D,SH027,형태별 보험료 수입(수납형태)
1693,201509,0010605,아이엠라이프생명보험 주식회사,F,신용카드,8350707000,25189437000,국내생보사,D,SH027,형태별 보험료 수입(수납형태)
1694,201509,0010605,아이엠라이프생명보험 주식회사,G,방카슈랑스,0,0,국내생보사,D,SH027,형태별 보험료 수입(수납형태)
1695,201509,0010605,아이엠라이프생명보험 주식회사,H,기타,956685000,3015551000,국내생보사,D,SH027,형태별 보험료 수입(수납형태)
1696,201512,0010605,아이엠라이프생명보험 주식회사,A,설계사,0,0,국내생보사,D,SH027,형태별 보험료 수입(수납형태)
1697,201512,0010605,아이엠라이프생명보험 주식회사,B,지로,0,0,국내생보사,D,SH027,형태별 보험료 수입(수납형태)
1698,201512,0010605,아이엠라이프생명보험 주식회사,C,자동이체,200791206000,842981211000,국내생보사,D,SH027,형태별 보험료 수입(수납형태)
1699,201512,0010605,아이엠라이프생명보험 주식회사,D,대리점,0,0,국내생보사,D,SH027,형태별 보험료 수입(수납형태)
1700,201512,0010605,아이엠라이프생명보험 주식회사,E,직납,8229189000,36640894000,국내생보사,D,SH027,형태별 보험료 수입(수납형태)
1701,201512,0010605,아이엠라이프생명보험 주식회사,F,신용카드,8598960000,33788397000,국내생보사,D,SH027,형태별 보험료 수입(수납형태)
1702,201512,0010605,아이엠라이프생명보험 주식회사,G,방카슈랑스,0,0,국내생보사,D,SH027,형태별 보험료 수입(수납형태)
1703,201512,0010605,아이엠라이프생명보험 주식회사,H,기타,1001746000,4017297000,국내생보사,D,SH027,형태별 보험료 수입(수납형태)
1704,201603,0010605,아이엠라이프생명보험 주식회사,A,설계사,0,0,국내생보사,D,SH027,형태별 보험료 수입(수납형태)
1705,201603,0010605,아이엠라이프생명보험 주식회사,B,지로,0,0,국내생보사,D,SH027,형태별 보험료 수입(수납형태)
1706,201603,0010605,아이엠라이프생명보험 주식회사,C,자동이체,195510995000,195510995000,국내생보사,D,SH027,형태별 보험료 수입(수납형태)
1707,201603,0010605,아이엠라이프생명보험 주식회사,D,대리점,0,0,국내생보사,D,SH027,형태별 보험료 수입(수납형태)
1708,201603,0010605,아이엠라이프생명보험 주식회사,E,직납,8099637000,8099637000,국내생보사,D,SH027,형태별 보험료 수입(수납형태)
1709,201603,0010605,아이엠라이프생명보험 주식회사,F,신용카드,8709861000,8709861000,국내생보사,D,SH027,형태별 보험료 수입(수납형태)
1710,201603,0010605,아이엠라이프생명보험 주식회사,G,방카슈랑스,0,0,국내생보사,D,SH027,형태별 보험료 수입(수납형태)
1711,201603,0010605,아이엠라이프생명보험 주식회사,H,기타,1142679000,1142679000,국내생보사,D,SH027,형태별 보험료 수입(수납형태)
1712,201606,0010605,아이엠라이프생명보험 주식회사,A,설계사,0,0,국내생보사,D,SH027,형태별 보험료 수입(수납형태)
1713,201606,0010605,아이엠라이프생명보험 주식회사,B,지로,0,0,국내생보사,D,SH027,형태별 보험료 수입(수납형태)
1714,201606,0010605,아이엠라이프생명보험 주식회사,C,자동이체,190781997000,386292992000,국내생보사,D,SH027,형태별 보험료 수입(수납형태)
1715,201606,0010605,아이엠라이프생명보험 주식회사,D,대리점,0,0,국내생보사,D,SH027,형태별 보험료 수입(수납형태)
1716,201606,0010605,아이엠라이프생명보험 주식회사,E,직납,7380514000,15480151000,국내생보사,D,SH027,형태별 보험료 수입(수납형태)
1717,201606,0010605,아이엠라이프생명보험 주식회사,F,신용카드,8801125000,17510986000,국내생보사,D,SH027,형태별 보험료 수입(수납형태)
1718,201606,0010605,아이엠라이프생명보험 주식회사,G,방카슈랑스,0,0,국내생보사,D,SH027,형태별 보험료 수입(수납형태)
1719,201606,0010605,아이엠라이프생명보험 주식회사,H,기타,1231904000,2374583000,국내생보사,D,SH027,형태별 보험료 수입(수납형태)
1720,201609,0010605,아이엠라이프생명보험 주식회사,A,설계사,0,0,국내생보사,D,SH027,형태별 보험료 수입(수납형태)
1721,201609,0010605,아이엠라이프생명보험 주식회사,B,지로,0,0,국내생보사,D,SH027,형태별 보험료 수입(수납형태)
1722,201609,0010605,아이엠라이프생명보험 주식회사,C,자동이체,192711275000,579004267000,국내생보사,D,SH027,형태별 보험료 수입(수납형태)
1723,201609,0010605,아이엠라이프생명보험 주식회사,D,대리점,0,0,국내생보사,D,SH027,형태별 보험료 수입(수납형태)
1724,201609,0010605,아이엠라이프생명보험 주식회사,E,직납,7208667000,22688818000,국내생보사,D,SH027,형태별 보험료 수입(수납형태)
1725,201609,0010605,아이엠라이프생명보험 주식회사,F,신용카드,8940481000,26451467000,국내생보사,D,SH027,형태별 보험료 수입(수납형태)
1726,201609,0010605,아이엠라이프생명보험 주식회사,G,방카슈랑스,0,0,국내생보사,D,SH027,형태별 보험료 수입(수납형태)
1727,201609,0010605,아이엠라이프생명보험 주식회사,H,기타,1348321000,3722904000,국내생보사,D,SH027,형태별 보험료 수입(수납형태)
1728,201612,0010605,아이엠라이프생명보험 주식회사,A,설계사,0,0,국내생보사,D,SH027,형태별 보험료 수입(수납형태)
1729,201612,0010605,아이엠라이프생명보험 주식회사,B,지로,0,0,국내생보사,D,SH027,형태별 보험료 수입(수납형태)
1730,201612,0010605,아이엠라이프생명보험 주식회사,C,자동이체,187388709000,766392976000,국내생보사,D,SH027,형태별 보험료 수입(수납형태)
1731,201612,0010605,아이엠라이프생명보험 주식회사,D,대리점,0,0,국내생보사,D,SH027,형태별 보험료 수입(수납형태)
1732,201612,0010605,아이엠라이프생명보험 주식회사,E,직납,7512765000,30201583000,국내생보사,D,SH027,형태별 보험료 수입(수납형태)
1733,201612,0010605,아이엠라이프생명보험 주식회사,F,신용카드,9069382000,35520849000,국내생보사,D,SH027,형태별 보험료 수입(수납형태)
1734,201612,0010605,아이엠라이프생명보험 주식회사,G,방카슈랑스,0,0,국내생보사,D,SH027,형태별 보험료 수입(수납형태)
1735,201612,0010605,아이엠라이프생명보험 주식회사,H,기타,1392592000,5115496000,국내생보사,D,SH027,형태별 보험료 수입(수납형태)
1736,201106,0010607,케이디비생명보험주식회사,A,설계사,5408719000,5408719000,국내생보사,D,SH027,형태별 보험료 수입(수납형태)
1737,201106,0010607,케이디비생명보험주식회사,B,지로,91880000,91880000,국내생보사,D,SH027,형태별 보험료 수입(수납형태)
1738,201106,0010607,케이디비생명보험주식회사,C,자동이체,353897264000,353897264000,국내생보사,D,SH027,형태별 보험료 수입(수납형태)
1739,201106,0010607,케이디비생명보험주식회사,D,대리점,13502144000,13502144000,국내생보사,D,SH027,형태별 보험료 수입(수납형태)
1740,201106,0010607,케이디비생명보험주식회사,E,직납,25965768000,25965768000,국내생보사,D,SH027,형태별 보험료 수입(수납형태)
1741,201106,0010607,케이디비생명보험주식회사,F,신용카드,38958280000,38958280000,국내생보사,D,SH027,형태별 보험료 수입(수납형태)
1742,201106,0010607,케이디비생명보험주식회사,G,방카슈랑스,89517377000,89517377000,국내생보사,D,SH027,형태별 보험료 수입(수납형태)
1743,201106,0010607,케이디비생명보험주식회사,H,기타,16935640000,16935640000,국내생보사,D,SH027,형태별 보험료 수입(수납형태)
1744,201109,0010607,케이디비생명보험주식회사,A,설계사,4799499000,10208218000,국내생보사,D,SH027,형태별 보험료 수입(수납형태)
1745,201109,0010607,케이디비생명보험주식회사,B,지로,82455000,174335000,국내생보사,D,SH027,형태별 보험료 수입(수납형태)
1746,201109,0010607,케이디비생명보험주식회사,C,자동이체,359089147000,712986411000,국내생보사,D,SH027,형태별 보험료 수입(수납형태)
1747,201109,0010607,케이디비생명보험주식회사,D,대리점,14094926000,27597070000,국내생보사,D,SH027,형태별 보험료 수입(수납형태)
1748,201109,0010607,케이디비생명보험주식회사,E,직납,27459320000,53425088000,국내생보사,D,SH027,형태별 보험료 수입(수납형태)
1749,201109,0010607,케이디비생명보험주식회사,F,신용카드,38304211000,77262491000,국내생보사,D,SH027,형태별 보험료 수입(수납형태)
1750,201109,0010607,케이디비생명보험주식회사,G,방카슈랑스,84614579000,174131956000,국내생보사,D,SH027,형태별 보험료 수입(수납형태)
1751,201109,0010607,케이디비생명보험주식회사,H,기타,17654623000,34590263000,국내생보사,D,SH027,형태별 보험료 수입(수납형태)
1752,201112,0010607,케이디비생명보험주식회사,A,설계사,4859884000,15068102000,국내생보사,D,SH027,형태별 보험료 수입(수납형태)
1753,201112,0010607,케이디비생명보험주식회사,B,지로,75083000,249418000,국내생보사,D,SH027,형태별 보험료 수입(수납형태)
1754,201112,0010607,케이디비생명보험주식회사,C,자동이체,366853114000,1079839525000,국내생보사,D,SH027,형태별 보험료 수입(수납형태)
1755,201112,0010607,케이디비생명보험주식회사,D,대리점,15745971000,43343041000,국내생보사,D,SH027,형태별 보험료 수입(수납형태)
1756,201112,0010607,케이디비생명보험주식회사,E,직납,29377070000,82802158000,국내생보사,D,SH027,형태별 보험료 수입(수납형태)
1757,201112,0010607,케이디비생명보험주식회사,F,신용카드,35758261000,113020752000,국내생보사,D,SH027,형태별 보험료 수입(수납형태)
1758,201112,0010607,케이디비생명보험주식회사,G,방카슈랑스,86250789000,260382745000,국내생보사,D,SH027,형태별 보험료 수입(수납형태)
1759,201112,0010607,케이디비생명보험주식회사,H,기타,18872342000,53462605000,국내생보사,D,SH027,형태별 보험료 수입(수납형태)
1760,201203,0010607,케이디비생명보험주식회사,A,설계사,4661915000,19730017000,국내생보사,D,SH027,형태별 보험료 수입(수납형태)
1761,201203,0010607,케이디비생명보험주식회사,B,지로,64383000,313801000,국내생보사,D,SH027,형태별 보험료 수입(수납형태)
1762,201203,0010607,케이디비생명보험주식회사,C,자동이체,373588428000,1453427953000,국내생보사,D,SH027,형태별 보험료 수입(수납형태)
1763,201203,0010607,케이디비생명보험주식회사,D,대리점,14838542000,58181583000,국내생보사,D,SH027,형태별 보험료 수입(수납형태)
1764,201203,0010607,케이디비생명보험주식회사,E,직납,27459192000,110261350000,국내생보사,D,SH027,형태별 보험료 수입(수납형태)
1765,201203,0010607,케이디비생명보험주식회사,F,신용카드,34606259000,147627011000,국내생보사,D,SH027,형태별 보험료 수입(수납형태)
1766,201203,0010607,케이디비생명보험주식회사,G,방카슈랑스,85491741000,345874486000,국내생보사,D,SH027,형태별 보험료 수입(수납형태)
1767,201203,0010607,케이디비생명보험주식회사,H,기타,19952382000,73414987000,국내생보사,D,SH027,형태별 보험료 수입(수납형태)
1768,201206,0010607,케이디비생명보험주식회사,A,설계사,4522375000,4522375000,국내생보사,D,SH027,형태별 보험료 수입(수납형태)
1769,201206,0010607,케이디비생명보험주식회사,B,지로,62839000,62839000,국내생보사,D,SH027,형태별 보험료 수입(수납형태)
1770,201206,0010607,케이디비생명보험주식회사,C,자동이체,386002436000,386002436000,국내생보사,D,SH027,형태별 보험료 수입(수납형태)
1771,201206,0010607,케이디비생명보험주식회사,D,대리점,14496701000,14496701000,국내생보사,D,SH027,형태별 보험료 수입(수납형태)
1772,201206,0010607,케이디비생명보험주식회사,E,직납,26755876000,26755876000,국내생보사,D,SH027,형태별 보험료 수입(수납형태)
1773,201206,0010607,케이디비생명보험주식회사,F,신용카드,32909762000,32909762000,국내생보사,D,SH027,형태별 보험료 수입(수납형태)
1774,201206,0010607,케이디비생명보험주식회사,G,방카슈랑스,83924167000,83924167000,국내생보사,D,SH027,형태별 보험료 수입(수납형태)
1775,201206,0010607,케이디비생명보험주식회사,H,기타,18536386000,18536386000,국내생보사,D,SH027,형태별 보험료 수입(수납형태)
1776,201209,0010607,케이디비생명보험주식회사,A,설계사,4078967000,8601342000,국내생보사,D,SH027,형태별 보험료 수입(수납형태)
1777,201209,0010607,케이디비생명보험주식회사,B,지로,58514000,121353000,국내생보사,D,SH027,형태별 보험료 수입(수납형태)
1778,201209,0010607,케이디비생명보험주식회사,C,자동이체,394495407000,780497843000,국내생보사,D,SH027,형태별 보험료 수입(수납형태)
1779,201209,0010607,케이디비생명보험주식회사,D,대리점,13921325000,28418026000,국내생보사,D,SH027,형태별 보험료 수입(수납형태)
1780,201209,0010607,케이디비생명보험주식회사,E,직납,26389852000,53145728000,국내생보사,D,SH027,형태별 보험료 수입(수납형태)
1781,201209,0010607,케이디비생명보험주식회사,F,신용카드,31430992000,64340754000,국내생보사,D,SH027,형태별 보험료 수입(수납형태)
1782,201209,0010607,케이디비생명보험주식회사,G,방카슈랑스,93450458000,177374625000,국내생보사,D,SH027,형태별 보험료 수입(수납형태)
1783,201209,0010607,케이디비생명보험주식회사,H,기타,19174382000,37710768000,국내생보사,D,SH027,형태별 보험료 수입(수납형태)
1784,201212,0010607,케이디비생명보험주식회사,A,설계사,3930576000,12531918000,국내생보사,D,SH027,형태별 보험료 수입(수납형태)
1785,201212,0010607,케이디비생명보험주식회사,B,지로,55368000,176721000,국내생보사,D,SH027,형태별 보험료 수입(수납형태)
1786,201212,0010607,케이디비생명보험주식회사,C,자동이체,401809560000,1182307403000,국내생보사,D,SH027,형태별 보험료 수입(수납형태)
1787,201212,0010607,케이디비생명보험주식회사,D,대리점,14079032000,42497058000,국내생보사,D,SH027,형태별 보험료 수입(수납형태)
1788,201212,0010607,케이디비생명보험주식회사,E,직납,47142860000,100288588000,국내생보사,D,SH027,형태별 보험료 수입(수납형태)
1789,201212,0010607,케이디비생명보험주식회사,F,신용카드,30077856000,94418610000,국내생보사,D,SH027,형태별 보험료 수입(수납형태)
1790,201212,0010607,케이디비생명보험주식회사,G,방카슈랑스,111121069000,288495694000,국내생보사,D,SH027,형태별 보험료 수입(수납형태)
1791,201212,0010607,케이디비생명보험주식회사,H,기타,19724416000,57435184000,국내생보사,D,SH027,형태별 보험료 수입(수납형태)
1792,201303,0010607,케이디비생명보험주식회사,A,설계사,3799614000,16331532000,국내생보사,D,SH027,형태별 보험료 수입(수납형태)
1793,201303,0010607,케이디비생명보험주식회사,B,지로,46231000,222952000,국내생보사,D,SH027,형태별 보험료 수입(수납형태)
1794,201303,0010607,케이디비생명보험주식회사,C,자동이체,820388583000,2002695986000,국내생보사,D,SH027,형태별 보험료 수입(수납형태)
1795,201303,0010607,케이디비생명보험주식회사,D,대리점,13283692000,55780750000,국내생보사,D,SH027,형태별 보험료 수입(수납형태)
1796,201303,0010607,케이디비생명보험주식회사,E,직납,54794704000,155083292000,국내생보사,D,SH027,형태별 보험료 수입(수납형태)
1797,201303,0010607,케이디비생명보험주식회사,F,신용카드,29990579000,124409189000,국내생보사,D,SH027,형태별 보험료 수입(수납형태)
1798,201303,0010607,케이디비생명보험주식회사,G,방카슈랑스,-288495694000,0,국내생보사,D,SH027,형태별 보험료 수입(수납형태)
1799,201303,0010607,케이디비생명보험주식회사,H,기타,20128937000,77564121000,국내생보사,D,SH027,형태별 보험료 수입(수납형태)
1800,201306,0010607,케이디비생명보험주식회사,A,설계사,3754385000,3754385000,국내생보사,D,SH027,형태별 보험료 수입(수납형태)
1801,201306,0010607,케이디비생명보험주식회사,B,지로,44369000,44369000,국내생보사,D,SH027,형태별 보험료 수입(수납형태)
1802,201306,0010607,케이디비생명보험주식회사,C,자동이체,492862742000,492862742000,국내생보사,D,SH027,형태별 보험료 수입(수납형태)
1803,201306,0010607,케이디비생명보험주식회사,D,대리점,12534242000,12534242000,국내생보사,D,SH027,형태별 보험료 수입(수납형태)
1804,201306,0010607,케이디비생명보험주식회사,E,직납,48665294000,48665294000,국내생보사,D,SH027,형태별 보험료 수입(수납형태)
1805,201306,0010607,케이디비생명보험주식회사,F,신용카드,27131885000,27131885000,국내생보사,D,SH027,형태별 보험료 수입(수납형태)
1806,201306,0010607,케이디비생명보험주식회사,G,방카슈랑스,0,0,국내생보사,D,SH027,형태별 보험료 수입(수납형태)
1807,201306,0010607,케이디비생명보험주식회사,H,기타,37968504000,37968504000,국내생보사,D,SH027,형태별 보험료 수입(수납형태)
1808,201309,0010607,케이디비생명보험주식회사,A,설계사,3702077000,7456462000,국내생보사,D,SH027,형태별 보험료 수입(수납형태)
1809,201309,0010607,케이디비생명보험주식회사,B,지로,41409000,85778000,국내생보사,D,SH027,형태별 보험료 수입(수납형태)
1810,201309,0010607,케이디비생명보험주식회사,C,자동이체,505408982000,998271724000,국내생보사,D,SH027,형태별 보험료 수입(수납형태)
1811,201309,0010607,케이디비생명보험주식회사,D,대리점,12035447000,24569689000,국내생보사,D,SH027,형태별 보험료 수입(수납형태)
1812,201309,0010607,케이디비생명보험주식회사,E,직납,44766412000,93431706000,국내생보사,D,SH027,형태별 보험료 수입(수납형태)
1813,201309,0010607,케이디비생명보험주식회사,F,신용카드,24209763000,51341648000,국내생보사,D,SH027,형태별 보험료 수입(수납형태)
1814,201309,0010607,케이디비생명보험주식회사,G,방카슈랑스,0,0,국내생보사,D,SH027,형태별 보험료 수입(수납형태)
1815,201309,0010607,케이디비생명보험주식회사,H,기타,32762343000,70730847000,국내생보사,D,SH027,형태별 보험료 수입(수납형태)
1816,201312,0010607,케이디비생명보험주식회사,A,설계사,3235131000,10691593000,국내생보사,D,SH027,형태별 보험료 수입(수납형태)
1817,201312,0010607,케이디비생명보험주식회사,B,지로,40134000,125912000,국내생보사,D,SH027,형태별 보험료 수입(수납형태)
1818,201312,0010607,케이디비생명보험주식회사,C,자동이체,534948842000,1533220566000,국내생보사,D,SH027,형태별 보험료 수입(수납형태)
1819,201312,0010607,케이디비생명보험주식회사,D,대리점,12210891000,36780580000,국내생보사,D,SH027,형태별 보험료 수입(수납형태)
1820,201312,0010607,케이디비생명보험주식회사,E,직납,41031953000,134463659000,국내생보사,D,SH027,형태별 보험료 수입(수납형태)
1821,201312,0010607,케이디비생명보험주식회사,F,신용카드,20237385000,71579033000,국내생보사,D,SH027,형태별 보험료 수입(수납형태)
1822,201312,0010607,케이디비생명보험주식회사,G,방카슈랑스,0,0,국내생보사,D,SH027,형태별 보험료 수입(수납형태)
1823,201312,0010607,케이디비생명보험주식회사,H,기타,24455111000,95185958000,국내생보사,D,SH027,형태별 보험료 수입(수납형태)
1824,201403,0010607,케이디비생명보험주식회사,A,설계사,2871290000,2871290000,국내생보사,D,SH027,형태별 보험료 수입(수납형태)
1825,201403,0010607,케이디비생명보험주식회사,B,지로,33449000,33449000,국내생보사,D,SH027,형태별 보험료 수입(수납형태)
1826,201403,0010607,케이디비생명보험주식회사,C,자동이체,527340585000,527340585000,국내생보사,D,SH027,형태별 보험료 수입(수납형태)
1827,201403,0010607,케이디비생명보험주식회사,D,대리점,11684701000,11684701000,국내생보사,D,SH027,형태별 보험료 수입(수납형태)
1828,201403,0010607,케이디비생명보험주식회사,E,직납,31242713000,31242713000,국내생보사,D,SH027,형태별 보험료 수입(수납형태)
1829,201403,0010607,케이디비생명보험주식회사,F,신용카드,19201312000,19201312000,국내생보사,D,SH027,형태별 보험료 수입(수납형태)
1830,201403,0010607,케이디비생명보험주식회사,G,방카슈랑스,0,0,국내생보사,D,SH027,형태별 보험료 수입(수납형태)
1831,201403,0010607,케이디비생명보험주식회사,H,기타,31374428000,31374428000,국내생보사,D,SH027,형태별 보험료 수입(수납형태)
1832,201406,0010607,케이디비생명보험주식회사,A,설계사,2914511000,5785801000,국내생보사,D,SH027,형태별 보험료 수입(수납형태)
1833,201406,0010607,케이디비생명보험주식회사,B,지로,30051000,63500000,국내생보사,D,SH027,형태별 보험료 수입(수납형태)
1834,201406,0010607,케이디비생명보험주식회사,C,자동이체,503723733000,1031064318000,국내생보사,D,SH027,형태별 보험료 수입(수납형태)
1835,201406,0010607,케이디비생명보험주식회사,D,대리점,12225809000,23910510000,국내생보사,D,SH027,형태별 보험료 수입(수납형태)
1836,201406,0010607,케이디비생명보험주식회사,E,직납,36817909000,68060622000,국내생보사,D,SH027,형태별 보험료 수입(수납형태)
1837,201406,0010607,케이디비생명보험주식회사,F,신용카드,20375732000,39577044000,국내생보사,D,SH027,형태별 보험료 수입(수납형태)
1838,201406,0010607,케이디비생명보험주식회사,G,방카슈랑스,0,0,국내생보사,D,SH027,형태별 보험료 수입(수납형태)
1839,201406,0010607,케이디비생명보험주식회사,H,기타,45571891000,76946319000,국내생보사,D,SH027,형태별 보험료 수입(수납형태)
1840,201409,0010607,케이디비생명보험주식회사,A,설계사,2954494000,8740295000,국내생보사,D,SH027,형태별 보험료 수입(수납형태)
1841,201409,0010607,케이디비생명보험주식회사,B,지로,27303000,90803000,국내생보사,D,SH027,형태별 보험료 수입(수납형태)
1842,201409,0010607,케이디비생명보험주식회사,C,자동이체,512985206000,1544049524000,국내생보사,D,SH027,형태별 보험료 수입(수납형태)
1843,201409,0010607,케이디비생명보험주식회사,D,대리점,15818041000,39728551000,국내생보사,D,SH027,형태별 보험료 수입(수납형태)
1844,201409,0010607,케이디비생명보험주식회사,E,직납,44354874000,112415496000,국내생보사,D,SH027,형태별 보험료 수입(수납형태)
1845,201409,0010607,케이디비생명보험주식회사,F,신용카드,19623239000,59200283000,국내생보사,D,SH027,형태별 보험료 수입(수납형태)
1846,201409,0010607,케이디비생명보험주식회사,G,방카슈랑스,0,0,국내생보사,D,SH027,형태별 보험료 수입(수납형태)
1847,201409,0010607,케이디비생명보험주식회사,H,기타,42520809000,119467128000,국내생보사,D,SH027,형태별 보험료 수입(수납형태)
1848,201412,0010607,케이디비생명보험주식회사,A,설계사,2824187000,11564482000,국내생보사,D,SH027,형태별 보험료 수입(수납형태)
1849,201412,0010607,케이디비생명보험주식회사,B,지로,24010000,114813000,국내생보사,D,SH027,형태별 보험료 수입(수납형태)
1850,201412,0010607,케이디비생명보험주식회사,C,자동이체,544285316000,2088334840000,국내생보사,D,SH027,형태별 보험료 수입(수납형태)
1851,201412,0010607,케이디비생명보험주식회사,D,대리점,16414451000,56143002000,국내생보사,D,SH027,형태별 보험료 수입(수납형태)
1852,201412,0010607,케이디비생명보험주식회사,E,직납,79375839000,191791335000,국내생보사,D,SH027,형태별 보험료 수입(수납형태)
1853,201412,0010607,케이디비생명보험주식회사,F,신용카드,19230513000,78430796000,국내생보사,D,SH027,형태별 보험료 수입(수납형태)
1854,201412,0010607,케이디비생명보험주식회사,G,방카슈랑스,0,0,국내생보사,D,SH027,형태별 보험료 수입(수납형태)
1855,201412,0010607,케이디비생명보험주식회사,H,기타,57244254000,176711382000,국내생보사,D,SH027,형태별 보험료 수입(수납형태)
1856,201503,0010607,케이디비생명보험주식회사,A,설계사,2743826000,2743826000,국내생보사,D,SH027,형태별 보험료 수입(수납형태)
1857,201503,0010607,케이디비생명보험주식회사,B,지로,20605000,20605000,국내생보사,D,SH027,형태별 보험료 수입(수납형태)
1858,201503,0010607,케이디비생명보험주식회사,C,자동이체,565404035000,565404035000,국내생보사,D,SH027,형태별 보험료 수입(수납형태)
1859,201503,0010607,케이디비생명보험주식회사,D,대리점,15728585000,15728585000,국내생보사,D,SH027,형태별 보험료 수입(수납형태)
1860,201503,0010607,케이디비생명보험주식회사,E,직납,49000407000,49000407000,국내생보사,D,SH027,형태별 보험료 수입(수납형태)
1861,201503,0010607,케이디비생명보험주식회사,F,신용카드,18986123000,18986123000,국내생보사,D,SH027,형태별 보험료 수입(수납형태)
1862,201503,0010607,케이디비생명보험주식회사,G,방카슈랑스,0,0,국내생보사,D,SH027,형태별 보험료 수입(수납형태)
1863,201503,0010607,케이디비생명보험주식회사,H,기타,53578241000,53578241000,국내생보사,D,SH027,형태별 보험료 수입(수납형태)
1864,201506,0010607,케이디비생명보험주식회사,A,설계사,2586276000,5330102000,국내생보사,D,SH027,형태별 보험료 수입(수납형태)
1865,201506,0010607,케이디비생명보험주식회사,B,지로,18241000,38846000,국내생보사,D,SH027,형태별 보험료 수입(수납형태)
1866,201506,0010607,케이디비생명보험주식회사,C,자동이체,592947102000,1158351137000,국내생보사,D,SH027,형태별 보험료 수입(수납형태)
1867,201506,0010607,케이디비생명보험주식회사,D,대리점,13741395000,29469980000,국내생보사,D,SH027,형태별 보험료 수입(수납형태)
1868,201506,0010607,케이디비생명보험주식회사,E,직납,48830045000,97830452000,국내생보사,D,SH027,형태별 보험료 수입(수납형태)
1869,201506,0010607,케이디비생명보험주식회사,F,신용카드,18823117000,37809240000,국내생보사,D,SH027,형태별 보험료 수입(수납형태)
1870,201506,0010607,케이디비생명보험주식회사,G,방카슈랑스,0,0,국내생보사,D,SH027,형태별 보험료 수입(수납형태)
1871,201506,0010607,케이디비생명보험주식회사,H,기타,57747014000,111325255000,국내생보사,D,SH027,형태별 보험료 수입(수납형태)
1872,201509,0010607,케이디비생명보험주식회사,A,설계사,2483911000,7814013000,국내생보사,D,SH027,형태별 보험료 수입(수납형태)
1873,201509,0010607,케이디비생명보험주식회사,B,지로,12256000,51102000,국내생보사,D,SH027,형태별 보험료 수입(수납형태)
1874,201509,0010607,케이디비생명보험주식회사,C,자동이체,602928598000,1761279735000,국내생보사,D,SH027,형태별 보험료 수입(수납형태)
1875,201509,0010607,케이디비생명보험주식회사,D,대리점,14548477000,44018457000,국내생보사,D,SH027,형태별 보험료 수입(수납형태)
1876,201509,0010607,케이디비생명보험주식회사,E,직납,63939451000,161769903000,국내생보사,D,SH027,형태별 보험료 수입(수납형태)
1877,201509,0010607,케이디비생명보험주식회사,F,신용카드,18780303000,56589543000,국내생보사,D,SH027,형태별 보험료 수입(수납형태)
1878,201509,0010607,케이디비생명보험주식회사,G,방카슈랑스,0,0,국내생보사,D,SH027,형태별 보험료 수입(수납형태)
1879,201509,0010607,케이디비생명보험주식회사,H,기타,68555461000,179880716000,국내생보사,D,SH027,형태별 보험료 수입(수납형태)
1880,201512,0010607,케이디비생명보험주식회사,A,설계사,2192529000,10006542000,국내생보사,D,SH027,형태별 보험료 수입(수납형태)
1881,201512,0010607,케이디비생명보험주식회사,B,지로,10282000,61384000,국내생보사,D,SH027,형태별 보험료 수입(수납형태)
1882,201512,0010607,케이디비생명보험주식회사,C,자동이체,621511068000,2382790803000,국내생보사,D,SH027,형태별 보험료 수입(수납형태)
1883,201512,0010607,케이디비생명보험주식회사,D,대리점,6730860000,50749317000,국내생보사,D,SH027,형태별 보험료 수입(수납형태)
1884,201512,0010607,케이디비생명보험주식회사,E,직납,112845025000,274614928000,국내생보사,D,SH027,형태별 보험료 수입(수납형태)
1885,201512,0010607,케이디비생명보험주식회사,F,신용카드,20256510000,76846053000,국내생보사,D,SH027,형태별 보험료 수입(수납형태)
1886,201512,0010607,케이디비생명보험주식회사,G,방카슈랑스,0,0,국내생보사,D,SH027,형태별 보험료 수입(수납형태)
1887,201512,0010607,케이디비생명보험주식회사,H,기타,79707303000,259588019000,국내생보사,D,SH027,형태별 보험료 수입(수납형태)
1888,201603,0010607,케이디비생명보험주식회사,A,설계사,1950730000,1950730000,국내생보사,D,SH027,형태별 보험료 수입(수납형태)
1889,201603,0010607,케이디비생명보험주식회사,B,지로,7882000,7882000,국내생보사,D,SH027,형태별 보험료 수입(수납형태)
1890,201603,0010607,케이디비생명보험주식회사,C,자동이체,623793777000,623793777000,국내생보사,D,SH027,형태별 보험료 수입(수납형태)
1891,201603,0010607,케이디비생명보험주식회사,D,대리점,2227152000,2227152000,국내생보사,D,SH027,형태별 보험료 수입(수납형태)
1892,201603,0010607,케이디비생명보험주식회사,E,직납,103777266000,103777266000,국내생보사,D,SH027,형태별 보험료 수입(수납형태)
1893,201603,0010607,케이디비생명보험주식회사,F,신용카드,22407552000,22407552000,국내생보사,D,SH027,형태별 보험료 수입(수납형태)
1894,201603,0010607,케이디비생명보험주식회사,G,방카슈랑스,0,0,국내생보사,D,SH027,형태별 보험료 수입(수납형태)
1895,201603,0010607,케이디비생명보험주식회사,H,기타,118074568000,118074568000,국내생보사,D,SH027,형태별 보험료 수입(수납형태)
1896,201606,0010607,케이디비생명보험주식회사,A,설계사,2306495000,4257225000,국내생보사,D,SH027,형태별 보험료 수입(수납형태)
1897,201606,0010607,케이디비생명보험주식회사,B,지로,7071000,14953000,국내생보사,D,SH027,형태별 보험료 수입(수납형태)
1898,201606,0010607,케이디비생명보험주식회사,C,자동이체,648504399000,1272298176000,국내생보사,D,SH027,형태별 보험료 수입(수납형태)
1899,201606,0010607,케이디비생명보험주식회사,D,대리점,1942513000,4169665000,국내생보사,D,SH027,형태별 보험료 수입(수납형태)
1900,201606,0010607,케이디비생명보험주식회사,E,직납,76731280000,180508546000,국내생보사,D,SH027,형태별 보험료 수입(수납형태)
1901,201606,0010607,케이디비생명보험주식회사,F,신용카드,22141408000,44548960000,국내생보사,D,SH027,형태별 보험료 수입(수납형태)
1902,201606,0010607,케이디비생명보험주식회사,G,방카슈랑스,0,0,국내생보사,D,SH027,형태별 보험료 수입(수납형태)
1903,201606,0010607,케이디비생명보험주식회사,H,기타,79560718000,197635286000,국내생보사,D,SH027,형태별 보험료 수입(수납형태)
1904,201609,0010607,케이디비생명보험주식회사,A,설계사,1309200000,5566425000,국내생보사,D,SH027,형태별 보험료 수입(수납형태)
1905,201609,0010607,케이디비생명보험주식회사,B,지로,5738000,20691000,국내생보사,D,SH027,형태별 보험료 수입(수납형태)
1906,201609,0010607,케이디비생명보험주식회사,C,자동이체,659393916000,1931692092000,국내생보사,D,SH027,형태별 보험료 수입(수납형태)
1907,201609,0010607,케이디비생명보험주식회사,D,대리점,1189779000,5359444000,국내생보사,D,SH027,형태별 보험료 수입(수납형태)
1908,201609,0010607,케이디비생명보험주식회사,E,직납,54596608000,235105154000,국내생보사,D,SH027,형태별 보험료 수입(수납형태)
1909,201609,0010607,케이디비생명보험주식회사,F,신용카드,21195660000,65744620000,국내생보사,D,SH027,형태별 보험료 수입(수납형태)
1910,201609,0010607,케이디비생명보험주식회사,G,방카슈랑스,0,0,국내생보사,D,SH027,형태별 보험료 수입(수납형태)
1911,201609,0010607,케이디비생명보험주식회사,H,기타,91815875000,289451161000,국내생보사,D,SH027,형태별 보험료 수입(수납형태)
1912,201612,0010607,케이디비생명보험주식회사,A,설계사,1180791000,6747216000,국내생보사,D,SH027,형태별 보험료 수입(수납형태)
1913,201612,0010607,케이디비생명보험주식회사,B,지로,5355000,26046000,국내생보사,D,SH027,형태별 보험료 수입(수납형태)
1914,201612,0010607,케이디비생명보험주식회사,C,자동이체,673928615000,2605620707000,국내생보사,D,SH027,형태별 보험료 수입(수납형태)
1915,201612,0010607,케이디비생명보험주식회사,D,대리점,792244000,6151688000,국내생보사,D,SH027,형태별 보험료 수입(수납형태)
1916,201612,0010607,케이디비생명보험주식회사,E,직납,108371301000,343476455000,국내생보사,D,SH027,형태별 보험료 수입(수납형태)
1917,201612,0010607,케이디비생명보험주식회사,F,신용카드,20049953000,85794573000,국내생보사,D,SH027,형태별 보험료 수입(수납형태)
1918,201612,0010607,케이디비생명보험주식회사,G,방카슈랑스,0,0,국내생보사,D,SH027,형태별 보험료 수입(수납형태)
1919,201612,0010607,케이디비생명보험주식회사,H,기타,90222279000,379673440000,국내생보사,D,SH027,형태별 보험료 수입(수납형태)
1920,201106,0010618,하나생명보험주식회사,A,설계사,0,0,국내생보사,D,SH027,형태별 보험료 수입(수납형태)
1921,201106,0010618,하나생명보험주식회사,B,지로,0,0,국내생보사,D,SH027,형태별 보험료 수입(수납형태)
1922,201106,0010618,하나생명보험주식회사,C,자동이체,21427739000,21427739000,국내생보사,D,SH027,형태별 보험료 수입(수납형태)
1923,201106,0010618,하나생명보험주식회사,D,대리점,0,0,국내생보사,D,SH027,형태별 보험료 수입(수납형태)
1924,201106,0010618,하나생명보험주식회사,E,직납,329672000,329672000,국내생보사,D,SH027,형태별 보험료 수입(수납형태)
1925,201106,0010618,하나생명보험주식회사,F,신용카드,4277268000,4277268000,국내생보사,D,SH027,형태별 보험료 수입(수납형태)
1926,201106,0010618,하나생명보험주식회사,G,방카슈랑스,53576998000,53576998000,국내생보사,D,SH027,형태별 보험료 수입(수납형태)
1927,201106,0010618,하나생명보험주식회사,H,기타,0,0,국내생보사,D,SH027,형태별 보험료 수입(수납형태)
1928,201109,0010618,하나생명보험주식회사,A,설계사,0,0,국내생보사,D,SH027,형태별 보험료 수입(수납형태)
1929,201109,0010618,하나생명보험주식회사,B,지로,0,0,국내생보사,D,SH027,형태별 보험료 수입(수납형태)
1930,201109,0010618,하나생명보험주식회사,C,자동이체,23167037000,44594776000,국내생보사,D,SH027,형태별 보험료 수입(수납형태)
1931,201109,0010618,하나생명보험주식회사,D,대리점,0,0,국내생보사,D,SH027,형태별 보험료 수입(수납형태)
1932,201109,0010618,하나생명보험주식회사,E,직납,192272000,521944000,국내생보사,D,SH027,형태별 보험료 수입(수납형태)
1933,201109,0010618,하나생명보험주식회사,F,신용카드,5226932000,9504200000,국내생보사,D,SH027,형태별 보험료 수입(수납형태)
1934,201109,0010618,하나생명보험주식회사,G,방카슈랑스,54643484000,108220482000,국내생보사,D,SH027,형태별 보험료 수입(수납형태)
1935,201109,0010618,하나생명보험주식회사,H,기타,0,0,국내생보사,D,SH027,형태별 보험료 수입(수납형태)
1936,201112,0010618,하나생명보험주식회사,A,설계사,0,0,국내생보사,D,SH027,형태별 보험료 수입(수납형태)
1937,201112,0010618,하나생명보험주식회사,B,지로,0,0,국내생보사,D,SH027,형태별 보험료 수입(수납형태)
1938,201112,0010618,하나생명보험주식회사,C,자동이체,24292276000,68887052000,국내생보사,D,SH027,형태별 보험료 수입(수납형태)
1939,201112,0010618,하나생명보험주식회사,D,대리점,0,0,국내생보사,D,SH027,형태별 보험료 수입(수납형태)
1940,201112,0010618,하나생명보험주식회사,E,직납,314028000,835972000,국내생보사,D,SH027,형태별 보험료 수입(수납형태)
1941,201112,0010618,하나생명보험주식회사,F,신용카드,6392196000,15896396000,국내생보사,D,SH027,형태별 보험료 수입(수납형태)
1942,201112,0010618,하나생명보험주식회사,G,방카슈랑스,62851098000,171071580000,국내생보사,D,SH027,형태별 보험료 수입(수납형태)
1943,201112,0010618,하나생명보험주식회사,H,기타,0,0,국내생보사,D,SH027,형태별 보험료 수입(수납형태)
1944,201203,0010618,하나생명보험주식회사,A,설계사,0,0,국내생보사,D,SH027,형태별 보험료 수입(수납형태)
1945,201203,0010618,하나생명보험주식회사,B,지로,0,0,국내생보사,D,SH027,형태별 보험료 수입(수납형태)
1946,201203,0010618,하나생명보험주식회사,C,자동이체,25042477000,93929529000,국내생보사,D,SH027,형태별 보험료 수입(수납형태)
1947,201203,0010618,하나생명보험주식회사,D,대리점,0,0,국내생보사,D,SH027,형태별 보험료 수입(수납형태)
1948,201203,0010618,하나생명보험주식회사,E,직납,320501000,1156473000,국내생보사,D,SH027,형태별 보험료 수입(수납형태)
1949,201203,0010618,하나생명보험주식회사,F,신용카드,7245971000,23142367000,국내생보사,D,SH027,형태별 보험료 수입(수납형태)
1950,201203,0010618,하나생명보험주식회사,G,방카슈랑스,62846947000,233918527000,국내생보사,D,SH027,형태별 보험료 수입(수납형태)
1951,201203,0010618,하나생명보험주식회사,H,기타,0,0,국내생보사,D,SH027,형태별 보험료 수입(수납형태)
1952,201206,0010618,하나생명보험주식회사,A,설계사,0,0,국내생보사,D,SH027,형태별 보험료 수입(수납형태)
1953,201206,0010618,하나생명보험주식회사,B,지로,0,0,국내생보사,D,SH027,형태별 보험료 수입(수납형태)
1954,201206,0010618,하나생명보험주식회사,C,자동이체,25082013000,25082013000,국내생보사,D,SH027,형태별 보험료 수입(수납형태)
1955,201206,0010618,하나생명보험주식회사,D,대리점,0,0,국내생보사,D,SH027,형태별 보험료 수입(수납형태)
1956,201206,0010618,하나생명보험주식회사,E,직납,229741000,229741000,국내생보사,D,SH027,형태별 보험료 수입(수납형태)
1957,201206,0010618,하나생명보험주식회사,F,신용카드,7876219000,7876219000,국내생보사,D,SH027,형태별 보험료 수입(수납형태)
1958,201206,0010618,하나생명보험주식회사,G,방카슈랑스,63770265000,63770265000,국내생보사,D,SH027,형태별 보험료 수입(수납형태)
1959,201206,0010618,하나생명보험주식회사,H,기타,0,0,국내생보사,D,SH027,형태별 보험료 수입(수납형태)
1960,201209,0010618,하나생명보험주식회사,A,설계사,0,0,국내생보사,D,SH027,형태별 보험료 수입(수납형태)
1961,201209,0010618,하나생명보험주식회사,B,지로,0,0,국내생보사,D,SH027,형태별 보험료 수입(수납형태)
1962,201209,0010618,하나생명보험주식회사,C,자동이체,24272517000,49354530000,국내생보사,D,SH027,형태별 보험료 수입(수납형태)
1963,201209,0010618,하나생명보험주식회사,D,대리점,0,0,국내생보사,D,SH027,형태별 보험료 수입(수납형태)
1964,201209,0010618,하나생명보험주식회사,E,직납,181837000,411578000,국내생보사,D,SH027,형태별 보험료 수입(수납형태)
1965,201209,0010618,하나생명보험주식회사,F,신용카드,8340322000,16216541000,국내생보사,D,SH027,형태별 보험료 수입(수납형태)
1966,201209,0010618,하나생명보험주식회사,G,방카슈랑스,63635864000,127406129000,국내생보사,D,SH027,형태별 보험료 수입(수납형태)
1967,201209,0010618,하나생명보험주식회사,H,기타,0,0,국내생보사,D,SH027,형태별 보험료 수입(수납형태)
1968,201212,0010618,하나생명보험주식회사,A,설계사,0,0,국내생보사,D,SH027,형태별 보험료 수입(수납형태)
1969,201212,0010618,하나생명보험주식회사,B,지로,0,0,국내생보사,D,SH027,형태별 보험료 수입(수납형태)
1970,201212,0010618,하나생명보험주식회사,C,자동이체,23535017000,72889547000,국내생보사,D,SH027,형태별 보험료 수입(수납형태)
1971,201212,0010618,하나생명보험주식회사,D,대리점,0,0,국내생보사,D,SH027,형태별 보험료 수입(수납형태)
1972,201212,0010618,하나생명보험주식회사,E,직납,3373443000,3785021000,국내생보사,D,SH027,형태별 보험료 수입(수납형태)
1973,201212,0010618,하나생명보험주식회사,F,신용카드,8538015000,24754556000,국내생보사,D,SH027,형태별 보험료 수입(수납형태)
1974,201212,0010618,하나생명보험주식회사,G,방카슈랑스,73945954000,201352083000,국내생보사,D,SH027,형태별 보험료 수입(수납형태)
1975,201212,0010618,하나생명보험주식회사,H,기타,0,0,국내생보사,D,SH027,형태별 보험료 수입(수납형태)
1976,201303,0010618,하나생명보험주식회사,A,설계사,0,0,국내생보사,D,SH027,형태별 보험료 수입(수납형태)
1977,201303,0010618,하나생명보험주식회사,B,지로,0,0,국내생보사,D,SH027,형태별 보험료 수입(수납형태)
1978,201303,0010618,하나생명보험주식회사,C,자동이체,23884977000,96774524000,국내생보사,D,SH027,형태별 보험료 수입(수납형태)
1979,201303,0010618,하나생명보험주식회사,D,대리점,0,0,국내생보사,D,SH027,형태별 보험료 수입(수납형태)
1980,201303,0010618,하나생명보험주식회사,E,직납,223415000,4008436000,국내생보사,D,SH027,형태별 보험료 수입(수납형태)
1981,201303,0010618,하나생명보험주식회사,F,신용카드,9016071000,33770627000,국내생보사,D,SH027,형태별 보험료 수입(수납형태)
1982,201303,0010618,하나생명보험주식회사,G,방카슈랑스,103756350000,305108433000,국내생보사,D,SH027,형태별 보험료 수입(수납형태)
1983,201303,0010618,하나생명보험주식회사,H,기타,0,0,국내생보사,D,SH027,형태별 보험료 수입(수납형태)
1984,201306,0010618,하나생명보험주식회사,A,설계사,0,0,국내생보사,D,SH027,형태별 보험료 수입(수납형태)
1985,201306,0010618,하나생명보험주식회사,B,지로,0,0,국내생보사,D,SH027,형태별 보험료 수입(수납형태)
1986,201306,0010618,하나생명보험주식회사,C,자동이체,98861168000,98861168000,국내생보사,D,SH027,형태별 보험료 수입(수납형태)
1987,201306,0010618,하나생명보험주식회사,D,대리점,0,0,국내생보사,D,SH027,형태별 보험료 수입(수납형태)
1988,201306,0010618,하나생명보험주식회사,E,직납,1024707000,1024707000,국내생보사,D,SH027,형태별 보험료 수입(수납형태)
1989,201306,0010618,하나생명보험주식회사,F,신용카드,9743832000,9743832000,국내생보사,D,SH027,형태별 보험료 수입(수납형태)
1990,201306,0010618,하나생명보험주식회사,G,방카슈랑스,0,0,국내생보사,D,SH027,형태별 보험료 수입(수납형태)
1991,201306,0010618,하나생명보험주식회사,H,기타,0,0,국내생보사,D,SH027,형태별 보험료 수입(수납형태)
1992,201309,0010618,하나생명보험주식회사,A,설계사,0,0,국내생보사,D,SH027,형태별 보험료 수입(수납형태)
1993,201309,0010618,하나생명보험주식회사,B,지로,0,0,국내생보사,D,SH027,형태별 보험료 수입(수납형태)
1994,201309,0010618,하나생명보험주식회사,C,자동이체,95851778000,194712946000,국내생보사,D,SH027,형태별 보험료 수입(수납형태)
1995,201309,0010618,하나생명보험주식회사,D,대리점,0,0,국내생보사,D,SH027,형태별 보험료 수입(수납형태)
1996,201309,0010618,하나생명보험주식회사,E,직납,591027000,1615734000,국내생보사,D,SH027,형태별 보험료 수입(수납형태)
1997,201309,0010618,하나생명보험주식회사,F,신용카드,9858801000,19602633000,국내생보사,D,SH027,형태별 보험료 수입(수납형태)
1998,201309,0010618,하나생명보험주식회사,G,방카슈랑스,0,0,국내생보사,D,SH027,형태별 보험료 수입(수납형태)
1999,201309,0010618,하나생명보험주식회사,H,기타,0,0,국내생보사,D,SH027,형태별 보험료 수입(수납형태)
2000,201312,0010618,하나생명보험주식회사,A,설계사,0,0,국내생보사,D,SH027,형태별 보험료 수입(수납형태)
2001,201312,0010618,하나생명보험주식회사,B,지로,0,0,국내생보사,D,SH027,형태별 보험료 수입(수납형태)
2002,201312,0010618,하나생명보험주식회사,C,자동이체,99578784000,294291730000,국내생보사,D,SH027,형태별 보험료 수입(수납형태)
2003,201312,0010618,하나생명보험주식회사,D,대리점,0,0,국내생보사,D,SH027,형태별 보험료 수입(수납형태)
2004,201312,0010618,하나생명보험주식회사,E,직납,1650727000,3266461000,국내생보사,D,SH027,형태별 보험료 수입(수납형태)
2005,201312,0010618,하나생명보험주식회사,F,신용카드,9981261000,29583894000,국내생보사,D,SH027,형태별 보험료 수입(수납형태)
2006,201312,0010618,하나생명보험주식회사,G,방카슈랑스,0,0,국내생보사,D,SH027,형태별 보험료 수입(수납형태)
2007,201312,0010618,하나생명보험주식회사,H,기타,0,0,국내생보사,D,SH027,형태별 보험료 수입(수납형태)
2008,201403,0010618,하나생명보험주식회사,A,설계사,0,0,국내생보사,D,SH027,형태별 보험료 수입(수납형태)
2009,201403,0010618,하나생명보험주식회사,B,지로,0,0,국내생보사,D,SH027,형태별 보험료 수입(수납형태)
2010,201403,0010618,하나생명보험주식회사,C,자동이체,103916619000,103916619000,국내생보사,D,SH027,형태별 보험료 수입(수납형태)
2011,201403,0010618,하나생명보험주식회사,D,대리점,0,0,국내생보사,D,SH027,형태별 보험료 수입(수납형태)
2012,201403,0010618,하나생명보험주식회사,E,직납,874725000,874725000,국내생보사,D,SH027,형태별 보험료 수입(수납형태)
2013,201403,0010618,하나생명보험주식회사,F,신용카드,10193975000,10193975000,국내생보사,D,SH027,형태별 보험료 수입(수납형태)
2014,201403,0010618,하나생명보험주식회사,G,방카슈랑스,0,0,국내생보사,D,SH027,형태별 보험료 수입(수납형태)
2015,201403,0010618,하나생명보험주식회사,H,기타,0,0,국내생보사,D,SH027,형태별 보험료 수입(수납형태)
2016,201406,0010618,하나생명보험주식회사,A,설계사,0,0,국내생보사,D,SH027,형태별 보험료 수입(수납형태)
2017,201406,0010618,하나생명보험주식회사,B,지로,0,0,국내생보사,D,SH027,형태별 보험료 수입(수납형태)
2018,201406,0010618,하나생명보험주식회사,C,자동이체,111918122000,215834741000,국내생보사,D,SH027,형태별 보험료 수입(수납형태)
2019,201406,0010618,하나생명보험주식회사,D,대리점,0,0,국내생보사,D,SH027,형태별 보험료 수입(수납형태)
2020,201406,0010618,하나생명보험주식회사,E,직납,940577000,1815302000,국내생보사,D,SH027,형태별 보험료 수입(수납형태)
2021,201406,0010618,하나생명보험주식회사,F,신용카드,10127846000,20321821000,국내생보사,D,SH027,형태별 보험료 수입(수납형태)
2022,201406,0010618,하나생명보험주식회사,G,방카슈랑스,0,0,국내생보사,D,SH027,형태별 보험료 수입(수납형태)
2023,201406,0010618,하나생명보험주식회사,H,기타,0,0,국내생보사,D,SH027,형태별 보험료 수입(수납형태)
2024,201409,0010618,하나생명보험주식회사,A,설계사,0,0,국내생보사,D,SH027,형태별 보험료 수입(수납형태)
2025,201409,0010618,하나생명보험주식회사,B,지로,0,0,국내생보사,D,SH027,형태별 보험료 수입(수납형태)
2026,201409,0010618,하나생명보험주식회사,C,자동이체,113759778000,329594519000,국내생보사,D,SH027,형태별 보험료 수입(수납형태)
2027,201409,0010618,하나생명보험주식회사,D,대리점,0,0,국내생보사,D,SH027,형태별 보험료 수입(수납형태)
2028,201409,0010618,하나생명보험주식회사,E,직납,900952000,2716254000,국내생보사,D,SH027,형태별 보험료 수입(수납형태)
2029,201409,0010618,하나생명보험주식회사,F,신용카드,10083163000,30404984000,국내생보사,D,SH027,형태별 보험료 수입(수납형태)
2030,201409,0010618,하나생명보험주식회사,G,방카슈랑스,0,0,국내생보사,D,SH027,형태별 보험료 수입(수납형태)
2031,201409,0010618,하나생명보험주식회사,H,기타,0,0,국내생보사,D,SH027,형태별 보험료 수입(수납형태)
2032,201412,0010618,하나생명보험주식회사,A,설계사,0,0,국내생보사,D,SH027,형태별 보험료 수입(수납형태)
2033,201412,0010618,하나생명보험주식회사,B,지로,0,0,국내생보사,D,SH027,형태별 보험료 수입(수납형태)
2034,201412,0010618,하나생명보험주식회사,C,자동이체,118154607000,447749126000,국내생보사,D,SH027,형태별 보험료 수입(수납형태)
2035,201412,0010618,하나생명보험주식회사,D,대리점,0,0,국내생보사,D,SH027,형태별 보험료 수입(수납형태)
2036,201412,0010618,하나생명보험주식회사,E,직납,3615401000,6331655000,국내생보사,D,SH027,형태별 보험료 수입(수납형태)
2037,201412,0010618,하나생명보험주식회사,F,신용카드,9998849000,40403833000,국내생보사,D,SH027,형태별 보험료 수입(수납형태)
2038,201412,0010618,하나생명보험주식회사,G,방카슈랑스,0,0,국내생보사,D,SH027,형태별 보험료 수입(수납형태)
2039,201412,0010618,하나생명보험주식회사,H,기타,0,0,국내생보사,D,SH027,형태별 보험료 수입(수납형태)
2040,201503,0010618,하나생명보험주식회사,A,설계사,0,0,국내생보사,D,SH027,형태별 보험료 수입(수납형태)
2041,201503,0010618,하나생명보험주식회사,B,지로,0,0,국내생보사,D,SH027,형태별 보험료 수입(수납형태)
2042,201503,0010618,하나생명보험주식회사,C,자동이체,116750182000,116750182000,국내생보사,D,SH027,형태별 보험료 수입(수납형태)
2043,201503,0010618,하나생명보험주식회사,D,대리점,0,0,국내생보사,D,SH027,형태별 보험료 수입(수납형태)
2044,201503,0010618,하나생명보험주식회사,E,직납,911498000,911498000,국내생보사,D,SH027,형태별 보험료 수입(수납형태)
2045,201503,0010618,하나생명보험주식회사,F,신용카드,10014839000,10014839000,국내생보사,D,SH027,형태별 보험료 수입(수납형태)
2046,201503,0010618,하나생명보험주식회사,G,방카슈랑스,0,0,국내생보사,D,SH027,형태별 보험료 수입(수납형태)
2047,201503,0010618,하나생명보험주식회사,H,기타,0,0,국내생보사,D,SH027,형태별 보험료 수입(수납형태)
2048,201506,0010618,하나생명보험주식회사,A,설계사,0,0,국내생보사,D,SH027,형태별 보험료 수입(수납형태)
2049,201506,0010618,하나생명보험주식회사,B,지로,0,0,국내생보사,D,SH027,형태별 보험료 수입(수납형태)
2050,201506,0010618,하나생명보험주식회사,C,자동이체,125209825000,241960007000,국내생보사,D,SH027,형태별 보험료 수입(수납형태)
2051,201506,0010618,하나생명보험주식회사,D,대리점,0,0,국내생보사,D,SH027,형태별 보험료 수입(수납형태)
2052,201506,0010618,하나생명보험주식회사,E,직납,1242984000,2154482000,국내생보사,D,SH027,형태별 보험료 수입(수납형태)
2053,201506,0010618,하나생명보험주식회사,F,신용카드,9895765000,19910604000,국내생보사,D,SH027,형태별 보험료 수입(수납형태)
2054,201506,0010618,하나생명보험주식회사,G,방카슈랑스,0,0,국내생보사,D,SH027,형태별 보험료 수입(수납형태)
2055,201506,0010618,하나생명보험주식회사,H,기타,0,0,국내생보사,D,SH027,형태별 보험료 수입(수납형태)
2056,201509,0010618,하나생명보험주식회사,A,설계사,0,0,국내생보사,D,SH027,형태별 보험료 수입(수납형태)
2057,201509,0010618,하나생명보험주식회사,B,지로,0,0,국내생보사,D,SH027,형태별 보험료 수입(수납형태)
2058,201509,0010618,하나생명보험주식회사,C,자동이체,122787326000,364747333000,국내생보사,D,SH027,형태별 보험료 수입(수납형태)
2059,201509,0010618,하나생명보험주식회사,D,대리점,0,0,국내생보사,D,SH027,형태별 보험료 수입(수납형태)
2060,201509,0010618,하나생명보험주식회사,E,직납,1007293000,3161775000,국내생보사,D,SH027,형태별 보험료 수입(수납형태)
2061,201509,0010618,하나생명보험주식회사,F,신용카드,9593256000,29503860000,국내생보사,D,SH027,형태별 보험료 수입(수납형태)
2062,201509,0010618,하나생명보험주식회사,G,방카슈랑스,0,0,국내생보사,D,SH027,형태별 보험료 수입(수납형태)
2063,201509,0010618,하나생명보험주식회사,H,기타,0,0,국내생보사,D,SH027,형태별 보험료 수입(수납형태)
2064,201512,0010618,하나생명보험주식회사,A,설계사,0,0,국내생보사,D,SH027,형태별 보험료 수입(수납형태)
2065,201512,0010618,하나생명보험주식회사,B,지로,0,0,국내생보사,D,SH027,형태별 보험료 수입(수납형태)
2066,201512,0010618,하나생명보험주식회사,C,자동이체,131183587000,495930920000,국내생보사,D,SH027,형태별 보험료 수입(수납형태)
2067,201512,0010618,하나생명보험주식회사,D,대리점,0,0,국내생보사,D,SH027,형태별 보험료 수입(수납형태)
2068,201512,0010618,하나생명보험주식회사,E,직납,3337149000,6498924000,국내생보사,D,SH027,형태별 보험료 수입(수납형태)
2069,201512,0010618,하나생명보험주식회사,F,신용카드,9342898000,38846758000,국내생보사,D,SH027,형태별 보험료 수입(수납형태)
2070,201512,0010618,하나생명보험주식회사,G,방카슈랑스,0,0,국내생보사,D,SH027,형태별 보험료 수입(수납형태)
2071,201512,0010618,하나생명보험주식회사,H,기타,0,0,국내생보사,D,SH027,형태별 보험료 수입(수납형태)
2072,201603,0010618,하나생명보험주식회사,A,설계사,0,0,국내생보사,D,SH027,형태별 보험료 수입(수납형태)
2073,201603,0010618,하나생명보험주식회사,B,지로,0,0,국내생보사,D,SH027,형태별 보험료 수입(수납형태)
2074,201603,0010618,하나생명보험주식회사,C,자동이체,128383549000,128383549000,국내생보사,D,SH027,형태별 보험료 수입(수납형태)
2075,201603,0010618,하나생명보험주식회사,D,대리점,0,0,국내생보사,D,SH027,형태별 보험료 수입(수납형태)
2076,201603,0010618,하나생명보험주식회사,E,직납,986589000,986589000,국내생보사,D,SH027,형태별 보험료 수입(수납형태)
2077,201603,0010618,하나생명보험주식회사,F,신용카드,9197049000,9197049000,국내생보사,D,SH027,형태별 보험료 수입(수납형태)
2078,201603,0010618,하나생명보험주식회사,G,방카슈랑스,0,0,국내생보사,D,SH027,형태별 보험료 수입(수납형태)
2079,201603,0010618,하나생명보험주식회사,H,기타,0,0,국내생보사,D,SH027,형태별 보험료 수입(수납형태)
2080,201606,0010618,하나생명보험주식회사,A,설계사,0,0,국내생보사,D,SH027,형태별 보험료 수입(수납형태)
2081,201606,0010618,하나생명보험주식회사,B,지로,0,0,국내생보사,D,SH027,형태별 보험료 수입(수납형태)
2082,201606,0010618,하나생명보험주식회사,C,자동이체,126213550000,254597099000,국내생보사,D,SH027,형태별 보험료 수입(수납형태)
2083,201606,0010618,하나생명보험주식회사,D,대리점,0,0,국내생보사,D,SH027,형태별 보험료 수입(수납형태)
2084,201606,0010618,하나생명보험주식회사,E,직납,1044721000,2031310000,국내생보사,D,SH027,형태별 보험료 수입(수납형태)
2085,201606,0010618,하나생명보험주식회사,F,신용카드,8878896000,18075945000,국내생보사,D,SH027,형태별 보험료 수입(수납형태)
2086,201606,0010618,하나생명보험주식회사,G,방카슈랑스,0,0,국내생보사,D,SH027,형태별 보험료 수입(수납형태)
2087,201606,0010618,하나생명보험주식회사,H,기타,0,0,국내생보사,D,SH027,형태별 보험료 수입(수납형태)
2088,201609,0010618,하나생명보험주식회사,A,설계사,0,0,국내생보사,D,SH027,형태별 보험료 수입(수납형태)
2089,201609,0010618,하나생명보험주식회사,B,지로,0,0,국내생보사,D,SH027,형태별 보험료 수입(수납형태)
2090,201609,0010618,하나생명보험주식회사,C,자동이체,124236796000,378833895000,국내생보사,D,SH027,형태별 보험료 수입(수납형태)
2091,201609,0010618,하나생명보험주식회사,D,대리점,0,0,국내생보사,D,SH027,형태별 보험료 수입(수납형태)
2092,201609,0010618,하나생명보험주식회사,E,직납,1101686000,3132996000,국내생보사,D,SH027,형태별 보험료 수입(수납형태)
2093,201609,0010618,하나생명보험주식회사,F,신용카드,8711316000,26787261000,국내생보사,D,SH027,형태별 보험료 수입(수납형태)
2094,201609,0010618,하나생명보험주식회사,G,방카슈랑스,0,0,국내생보사,D,SH027,형태별 보험료 수입(수납형태)
2095,201609,0010618,하나생명보험주식회사,H,기타,0,0,국내생보사,D,SH027,형태별 보험료 수입(수납형태)
2096,201612,0010618,하나생명보험주식회사,A,설계사,0,0,국내생보사,D,SH027,형태별 보험료 수입(수납형태)
2097,201612,0010618,하나생명보험주식회사,B,지로,0,0,국내생보사,D,SH027,형태별 보험료 수입(수납형태)
2098,201612,0010618,하나생명보험주식회사,C,자동이체,129595523000,508429418000,국내생보사,D,SH027,형태별 보험료 수입(수납형태)
2099,201612,0010618,하나생명보험주식회사,D,대리점,0,0,국내생보사,D,SH027,형태별 보험료 수입(수납형태)
2100,201612,0010618,하나생명보험주식회사,E,직납,1297394000,4430390000,국내생보사,D,SH027,형태별 보험료 수입(수납형태)
2101,201612,0010618,하나생명보험주식회사,F,신용카드,8464955000,35252216000,국내생보사,D,SH027,형태별 보험료 수입(수납형태)
2102,201612,0010618,하나생명보험주식회사,G,방카슈랑스,0,0,국내생보사,D,SH027,형태별 보험료 수입(수납형태)
2103,201612,0010618,하나생명보험주식회사,H,기타,0,0,국내생보사,D,SH027,형태별 보험료 수입(수납형태)
2104,201106,0010593,한화생명보험주식회사,A,설계사,63133626000,63133626000,국내생보사,D,SH027,형태별 보험료 수입(수납형태)
2105,201106,0010593,한화생명보험주식회사,B,지로,1665733000,1665733000,국내생보사,D,SH027,형태별 보험료 수입(수납형태)
2106,201106,0010593,한화생명보험주식회사,C,자동이체,2046140573000,2046140573000,국내생보사,D,SH027,형태별 보험료 수입(수납형태)
2107,201106,0010593,한화생명보험주식회사,D,대리점,0,0,국내생보사,D,SH027,형태별 보험료 수입(수납형태)
2108,201106,0010593,한화생명보험주식회사,E,직납,50285317000,50285317000,국내생보사,D,SH027,형태별 보험료 수입(수납형태)
2109,201106,0010593,한화생명보험주식회사,F,신용카드,-40715000,-40715000,국내생보사,D,SH027,형태별 보험료 수입(수납형태)
2110,201106,0010593,한화생명보험주식회사,G,방카슈랑스,154476521000,154476521000,국내생보사,D,SH027,형태별 보험료 수입(수납형태)
2111,201106,0010593,한화생명보험주식회사,H,기타,61811580000,61811580000,국내생보사,D,SH027,형태별 보험료 수입(수납형태)
2112,201109,0010593,한화생명보험주식회사,A,설계사,62525524000,125659150000,국내생보사,D,SH027,형태별 보험료 수입(수납형태)
2113,201109,0010593,한화생명보험주식회사,B,지로,1559222000,3224955000,국내생보사,D,SH027,형태별 보험료 수입(수납형태)
2114,201109,0010593,한화생명보험주식회사,C,자동이체,2073977076000,4120117649000,국내생보사,D,SH027,형태별 보험료 수입(수납형태)
2115,201109,0010593,한화생명보험주식회사,D,대리점,0,0,국내생보사,D,SH027,형태별 보험료 수입(수납형태)
2116,201109,0010593,한화생명보험주식회사,E,직납,40169127000,90454444000,국내생보사,D,SH027,형태별 보험료 수입(수납형태)
2117,201109,0010593,한화생명보험주식회사,F,신용카드,-6264000,-46979000,국내생보사,D,SH027,형태별 보험료 수입(수납형태)
2118,201109,0010593,한화생명보험주식회사,G,방카슈랑스,160484829000,314961350000,국내생보사,D,SH027,형태별 보험료 수입(수납형태)
2119,201109,0010593,한화생명보험주식회사,H,기타,63183371000,124994951000,국내생보사,D,SH027,형태별 보험료 수입(수납형태)
2120,201112,0010593,한화생명보험주식회사,A,설계사,60137802000,185796952000,국내생보사,D,SH027,형태별 보험료 수입(수납형태)
2121,201112,0010593,한화생명보험주식회사,B,지로,1526269000,4751224000,국내생보사,D,SH027,형태별 보험료 수입(수납형태)
2122,201112,0010593,한화생명보험주식회사,C,자동이체,2096224736000,6216342385000,국내생보사,D,SH027,형태별 보험료 수입(수납형태)
2123,201112,0010593,한화생명보험주식회사,D,대리점,0,0,국내생보사,D,SH027,형태별 보험료 수입(수납형태)
2124,201112,0010593,한화생명보험주식회사,E,직납,281680641000,372135085000,국내생보사,D,SH027,형태별 보험료 수입(수납형태)
2125,201112,0010593,한화생명보험주식회사,F,신용카드,-2105000,-49084000,국내생보사,D,SH027,형태별 보험료 수입(수납형태)
2126,201112,0010593,한화생명보험주식회사,G,방카슈랑스,173831860000,488793210000,국내생보사,D,SH027,형태별 보험료 수입(수납형태)
2127,201112,0010593,한화생명보험주식회사,H,기타,59181733000,184176684000,국내생보사,D,SH027,형태별 보험료 수입(수납형태)
2128,201203,0010593,한화생명보험주식회사,A,설계사,55964397000,241761349000,국내생보사,D,SH027,형태별 보험료 수입(수납형태)
2129,201203,0010593,한화생명보험주식회사,B,지로,1489609000,6240833000,국내생보사,D,SH027,형태별 보험료 수입(수납형태)
2130,201203,0010593,한화생명보험주식회사,C,자동이체,2103778288000,8320120673000,국내생보사,D,SH027,형태별 보험료 수입(수납형태)
2131,201203,0010593,한화생명보험주식회사,D,대리점,0,0,국내생보사,D,SH027,형태별 보험료 수입(수납형태)
2132,201203,0010593,한화생명보험주식회사,E,직납,70832309000,442967394000,국내생보사,D,SH027,형태별 보험료 수입(수납형태)
2133,201203,0010593,한화생명보험주식회사,F,신용카드,-8037000,-57121000,국내생보사,D,SH027,형태별 보험료 수입(수납형태)
2134,201203,0010593,한화생명보험주식회사,G,방카슈랑스,176612595000,665405805000,국내생보사,D,SH027,형태별 보험료 수입(수납형태)
2135,201203,0010593,한화생명보험주식회사,H,기타,66488862000,250665546000,국내생보사,D,SH027,형태별 보험료 수입(수납형태)
2136,201206,0010593,한화생명보험주식회사,A,설계사,61193457000,61193457000,국내생보사,D,SH027,형태별 보험료 수입(수납형태)
2137,201206,0010593,한화생명보험주식회사,B,지로,1748683000,1748683000,국내생보사,D,SH027,형태별 보험료 수입(수납형태)
2138,201206,0010593,한화생명보험주식회사,C,자동이체,2130420176000,2130420176000,국내생보사,D,SH027,형태별 보험료 수입(수납형태)
2139,201206,0010593,한화생명보험주식회사,D,대리점,0,0,국내생보사,D,SH027,형태별 보험료 수입(수납형태)
2140,201206,0010593,한화생명보험주식회사,E,직납,66047210000,66047210000,국내생보사,D,SH027,형태별 보험료 수입(수납형태)
2141,201206,0010593,한화생명보험주식회사,F,신용카드,-4333000,-4333000,국내생보사,D,SH027,형태별 보험료 수입(수납형태)
2142,201206,0010593,한화생명보험주식회사,G,방카슈랑스,192030288000,192030288000,국내생보사,D,SH027,형태별 보험료 수입(수납형태)
2143,201206,0010593,한화생명보험주식회사,H,기타,67298143000,67298143000,국내생보사,D,SH027,형태별 보험료 수입(수납형태)
2144,201209,0010593,한화생명보험주식회사,A,설계사,54567685000,115761142000,국내생보사,D,SH027,형태별 보험료 수입(수납형태)
2145,201209,0010593,한화생명보험주식회사,B,지로,1421194000,3169877000,국내생보사,D,SH027,형태별 보험료 수입(수납형태)
2146,201209,0010593,한화생명보험주식회사,C,자동이체,2140962685000,4271382861000,국내생보사,D,SH027,형태별 보험료 수입(수납형태)
2147,201209,0010593,한화생명보험주식회사,D,대리점,0,0,국내생보사,D,SH027,형태별 보험료 수입(수납형태)
2148,201209,0010593,한화생명보험주식회사,E,직납,50349656000,116396866000,국내생보사,D,SH027,형태별 보험료 수입(수납형태)
2149,201209,0010593,한화생명보험주식회사,F,신용카드,-8013000,-12346000,국내생보사,D,SH027,형태별 보험료 수입(수납형태)
2150,201209,0010593,한화생명보험주식회사,G,방카슈랑스,201383339000,393413627000,국내생보사,D,SH027,형태별 보험료 수입(수납형태)
2151,201209,0010593,한화생명보험주식회사,H,기타,64358325000,131656468000,국내생보사,D,SH027,형태별 보험료 수입(수납형태)
2152,201212,0010593,한화생명보험주식회사,A,설계사,57040078000,172801220000,국내생보사,D,SH027,형태별 보험료 수입(수납형태)
2153,201212,0010593,한화생명보험주식회사,B,지로,1450260000,4620137000,국내생보사,D,SH027,형태별 보험료 수입(수납형태)
2154,201212,0010593,한화생명보험주식회사,C,자동이체,2174806474000,6446189335000,국내생보사,D,SH027,형태별 보험료 수입(수납형태)
2155,201212,0010593,한화생명보험주식회사,D,대리점,0,0,국내생보사,D,SH027,형태별 보험료 수입(수납형태)
2156,201212,0010593,한화생명보험주식회사,E,직납,304614502000,421011368000,국내생보사,D,SH027,형태별 보험료 수입(수납형태)
2157,201212,0010593,한화생명보험주식회사,F,신용카드,-2400000,-14746000,국내생보사,D,SH027,형태별 보험료 수입(수납형태)
2158,201212,0010593,한화생명보험주식회사,G,방카슈랑스,247102928000,640516555000,국내생보사,D,SH027,형태별 보험료 수입(수납형태)
2159,201212,0010593,한화생명보험주식회사,H,기타,67207342000,198863810000,국내생보사,D,SH027,형태별 보험료 수입(수납형태)
2160,201303,0010593,한화생명보험주식회사,A,설계사,57309883000,230111103000,국내생보사,D,SH027,형태별 보험료 수입(수납형태)
2161,201303,0010593,한화생명보험주식회사,B,지로,1440052000,6060189000,국내생보사,D,SH027,형태별 보험료 수입(수납형태)
2162,201303,0010593,한화생명보험주식회사,C,자동이체,2225765516000,8671954851000,국내생보사,D,SH027,형태별 보험료 수입(수납형태)
2163,201303,0010593,한화생명보험주식회사,D,대리점,0,0,국내생보사,D,SH027,형태별 보험료 수입(수납형태)
2164,201303,0010593,한화생명보험주식회사,E,직납,100437356000,521448724000,국내생보사,D,SH027,형태별 보험료 수입(수납형태)
2165,201303,0010593,한화생명보험주식회사,F,신용카드,-612000,-15358000,국내생보사,D,SH027,형태별 보험료 수입(수납형태)
2166,201303,0010593,한화생명보험주식회사,G,방카슈랑스,320828509000,961345064000,국내생보사,D,SH027,형태별 보험료 수입(수납형태)
2167,201303,0010593,한화생명보험주식회사,H,기타,72768631000,271632441000,국내생보사,D,SH027,형태별 보험료 수입(수납형태)
2168,201306,0010593,한화생명보험주식회사,A,설계사,65025008000,65025008000,국내생보사,D,SH027,형태별 보험료 수입(수납형태)
2169,201306,0010593,한화생명보험주식회사,B,지로,1443153000,1443153000,국내생보사,D,SH027,형태별 보험료 수입(수납형태)
2170,201306,0010593,한화생명보험주식회사,C,자동이체,2242217845000,2242217845000,국내생보사,D,SH027,형태별 보험료 수입(수납형태)
2171,201306,0010593,한화생명보험주식회사,D,대리점,0,0,국내생보사,D,SH027,형태별 보험료 수입(수납형태)
2172,201306,0010593,한화생명보험주식회사,E,직납,83032449000,83032449000,국내생보사,D,SH027,형태별 보험료 수입(수납형태)
2173,201306,0010593,한화생명보험주식회사,F,신용카드,-3060000,-3060000,국내생보사,D,SH027,형태별 보험료 수입(수납형태)
2174,201306,0010593,한화생명보험주식회사,G,방카슈랑스,278724372000,278724372000,국내생보사,D,SH027,형태별 보험료 수입(수납형태)
2175,201306,0010593,한화생명보험주식회사,H,기타,73026319000,73026319000,국내생보사,D,SH027,형태별 보험료 수입(수납형태)
2176,201309,0010593,한화생명보험주식회사,A,설계사,63230239000,128255247000,국내생보사,D,SH027,형태별 보험료 수입(수납형태)
2177,201309,0010593,한화생명보험주식회사,B,지로,1432743000,2875896000,국내생보사,D,SH027,형태별 보험료 수입(수납형태)
2178,201309,0010593,한화생명보험주식회사,C,자동이체,2250589618000,4492807463000,국내생보사,D,SH027,형태별 보험료 수입(수납형태)
2179,201309,0010593,한화생명보험주식회사,D,대리점,0,0,국내생보사,D,SH027,형태별 보험료 수입(수납형태)
2180,201309,0010593,한화생명보험주식회사,E,직납,37725175000,120757624000,국내생보사,D,SH027,형태별 보험료 수입(수납형태)
2181,201309,0010593,한화생명보험주식회사,F,신용카드,-946000,-4006000,국내생보사,D,SH027,형태별 보험료 수입(수납형태)
2182,201309,0010593,한화생명보험주식회사,G,방카슈랑스,281047282000,559771654000,국내생보사,D,SH027,형태별 보험료 수입(수납형태)
2183,201309,0010593,한화생명보험주식회사,H,기타,73650409000,146676728000,국내생보사,D,SH027,형태별 보험료 수입(수납형태)
2184,201312,0010593,한화생명보험주식회사,A,설계사,65022266000,193277513000,국내생보사,D,SH027,형태별 보험료 수입(수납형태)
2185,201312,0010593,한화생명보험주식회사,B,지로,1509142000,4385038000,국내생보사,D,SH027,형태별 보험료 수입(수납형태)
2186,201312,0010593,한화생명보험주식회사,C,자동이체,2273191011000,6765998474000,국내생보사,D,SH027,형태별 보험료 수입(수납형태)
2187,201312,0010593,한화생명보험주식회사,D,대리점,0,0,국내생보사,D,SH027,형태별 보험료 수입(수납형태)
2188,201312,0010593,한화생명보험주식회사,E,직납,590608169000,711365793000,국내생보사,D,SH027,형태별 보험료 수입(수납형태)
2189,201312,0010593,한화생명보험주식회사,F,신용카드,-2524000,-6530000,국내생보사,D,SH027,형태별 보험료 수입(수납형태)
2190,201312,0010593,한화생명보험주식회사,G,방카슈랑스,294473263000,854244917000,국내생보사,D,SH027,형태별 보험료 수입(수납형태)
2191,201312,0010593,한화생명보험주식회사,H,기타,71320062000,217996790000,국내생보사,D,SH027,형태별 보험료 수입(수납형태)
2192,201403,0010593,한화생명보험주식회사,A,설계사,66472786000,66472786000,국내생보사,D,SH027,형태별 보험료 수입(수납형태)
2193,201403,0010593,한화생명보험주식회사,B,지로,1566710000,1566710000,국내생보사,D,SH027,형태별 보험료 수입(수납형태)
2194,201403,0010593,한화생명보험주식회사,C,자동이체,2277569617000,2277569617000,국내생보사,D,SH027,형태별 보험료 수입(수납형태)
2195,201403,0010593,한화생명보험주식회사,D,대리점,0,0,국내생보사,D,SH027,형태별 보험료 수입(수납형태)
2196,201403,0010593,한화생명보험주식회사,E,직납,87011568000,87011568000,국내생보사,D,SH027,형태별 보험료 수입(수납형태)
2197,201403,0010593,한화생명보험주식회사,F,신용카드,-648000,-648000,국내생보사,D,SH027,형태별 보험료 수입(수납형태)
2198,201403,0010593,한화생명보험주식회사,G,방카슈랑스,302111047000,302111047000,국내생보사,D,SH027,형태별 보험료 수입(수납형태)
2199,201403,0010593,한화생명보험주식회사,H,기타,71024901000,71024901000,국내생보사,D,SH027,형태별 보험료 수입(수납형태)
2200,201406,0010593,한화생명보험주식회사,A,설계사,68688211000,135160997000,국내생보사,D,SH027,형태별 보험료 수입(수납형태)
2201,201406,0010593,한화생명보험주식회사,B,지로,1456694000,3023404000,국내생보사,D,SH027,형태별 보험료 수입(수납형태)
2202,201406,0010593,한화생명보험주식회사,C,자동이체,2284557092000,4562126709000,국내생보사,D,SH027,형태별 보험료 수입(수납형태)
2203,201406,0010593,한화생명보험주식회사,D,대리점,0,0,국내생보사,D,SH027,형태별 보험료 수입(수납형태)
2204,201406,0010593,한화생명보험주식회사,E,직납,165365977000,252377545000,국내생보사,D,SH027,형태별 보험료 수입(수납형태)
2205,201406,0010593,한화생명보험주식회사,F,신용카드,-15724000,-16372000,국내생보사,D,SH027,형태별 보험료 수입(수납형태)
2206,201406,0010593,한화생명보험주식회사,G,방카슈랑스,314628643000,616739690000,국내생보사,D,SH027,형태별 보험료 수입(수납형태)
2207,201406,0010593,한화생명보험주식회사,H,기타,60485063000,131509964000,국내생보사,D,SH027,형태별 보험료 수입(수납형태)
2208,201409,0010593,한화생명보험주식회사,A,설계사,71066121000,206227118000,국내생보사,D,SH027,형태별 보험료 수입(수납형태)
2209,201409,0010593,한화생명보험주식회사,B,지로,1525122000,4548526000,국내생보사,D,SH027,형태별 보험료 수입(수납형태)
2210,201409,0010593,한화생명보험주식회사,C,자동이체,2297163960000,6859290669000,국내생보사,D,SH027,형태별 보험료 수입(수납형태)
2211,201409,0010593,한화생명보험주식회사,D,대리점,0,0,국내생보사,D,SH027,형태별 보험료 수입(수납형태)
2212,201409,0010593,한화생명보험주식회사,E,직납,92402963000,344780508000,국내생보사,D,SH027,형태별 보험료 수입(수납형태)
2213,201409,0010593,한화생명보험주식회사,F,신용카드,0,-16372000,국내생보사,D,SH027,형태별 보험료 수입(수납형태)
2214,201409,0010593,한화생명보험주식회사,G,방카슈랑스,323447442000,940187132000,국내생보사,D,SH027,형태별 보험료 수입(수납형태)
2215,201409,0010593,한화생명보험주식회사,H,기타,63294963000,194804927000,국내생보사,D,SH027,형태별 보험료 수입(수납형태)
2216,201412,0010593,한화생명보험주식회사,A,설계사,73012446000,279239564000,국내생보사,D,SH027,형태별 보험료 수입(수납형태)
2217,201412,0010593,한화생명보험주식회사,B,지로,1672666000,6221192000,국내생보사,D,SH027,형태별 보험료 수입(수납형태)
2218,201412,0010593,한화생명보험주식회사,C,자동이체,2326385899000,9185676568000,국내생보사,D,SH027,형태별 보험료 수입(수납형태)
2219,201412,0010593,한화생명보험주식회사,D,대리점,0,0,국내생보사,D,SH027,형태별 보험료 수입(수납형태)
2220,201412,0010593,한화생명보험주식회사,E,직납,521751272000,866531780000,국내생보사,D,SH027,형태별 보험료 수입(수납형태)
2221,201412,0010593,한화생명보험주식회사,F,신용카드,-10951000,-27323000,국내생보사,D,SH027,형태별 보험료 수입(수납형태)
2222,201412,0010593,한화생명보험주식회사,G,방카슈랑스,327533436000,1267720568000,국내생보사,D,SH027,형태별 보험료 수입(수납형태)
2223,201412,0010593,한화생명보험주식회사,H,기타,64033472000,258838399000,국내생보사,D,SH027,형태별 보험료 수입(수납형태)
2224,201503,0010593,한화생명보험주식회사,A,설계사,72673134000,72673134000,국내생보사,D,SH027,형태별 보험료 수입(수납형태)
2225,201503,0010593,한화생명보험주식회사,B,지로,1955933000,1955933000,국내생보사,D,SH027,형태별 보험료 수입(수납형태)
2226,201503,0010593,한화생명보험주식회사,C,자동이체,2338930364000,2338930364000,국내생보사,D,SH027,형태별 보험료 수입(수납형태)
2227,201503,0010593,한화생명보험주식회사,D,대리점,0,0,국내생보사,D,SH027,형태별 보험료 수입(수납형태)
2228,201503,0010593,한화생명보험주식회사,E,직납,158993353000,158993353000,국내생보사,D,SH027,형태별 보험료 수입(수납형태)
2229,201503,0010593,한화생명보험주식회사,F,신용카드,-1440000,-1440000,국내생보사,D,SH027,형태별 보험료 수입(수납형태)
2230,201503,0010593,한화생명보험주식회사,G,방카슈랑스,312809365000,312809365000,국내생보사,D,SH027,형태별 보험료 수입(수납형태)
2231,201503,0010593,한화생명보험주식회사,H,기타,63151084000,63151084000,국내생보사,D,SH027,형태별 보험료 수입(수납형태)
2232,201506,0010593,한화생명보험주식회사,A,설계사,77138266000,149811400000,국내생보사,D,SH027,형태별 보험료 수입(수납형태)
2233,201506,0010593,한화생명보험주식회사,B,지로,1573774000,3529707000,국내생보사,D,SH027,형태별 보험료 수입(수납형태)
2234,201506,0010593,한화생명보험주식회사,C,자동이체,2355474091000,4694404455000,국내생보사,D,SH027,형태별 보험료 수입(수납형태)
2235,201506,0010593,한화생명보험주식회사,D,대리점,0,0,국내생보사,D,SH027,형태별 보험료 수입(수납형태)
2236,201506,0010593,한화생명보험주식회사,E,직납,128808303000,287801656000,국내생보사,D,SH027,형태별 보험료 수입(수납형태)
2237,201506,0010593,한화생명보험주식회사,F,신용카드,-638000,-2078000,국내생보사,D,SH027,형태별 보험료 수입(수납형태)
2238,201506,0010593,한화생명보험주식회사,G,방카슈랑스,346712029000,659521394000,국내생보사,D,SH027,형태별 보험료 수입(수납형태)
2239,201506,0010593,한화생명보험주식회사,H,기타,63273467000,126424551000,국내생보사,D,SH027,형태별 보험료 수입(수납형태)
2240,201509,0010593,한화생명보험주식회사,A,설계사,77350064000,227161464000,국내생보사,D,SH027,형태별 보험료 수입(수납형태)
2241,201509,0010593,한화생명보험주식회사,B,지로,1556915000,5086622000,국내생보사,D,SH027,형태별 보험료 수입(수납형태)
2242,201509,0010593,한화생명보험주식회사,C,자동이체,2349962120000,7044366575000,국내생보사,D,SH027,형태별 보험료 수입(수납형태)
2243,201509,0010593,한화생명보험주식회사,D,대리점,0,0,국내생보사,D,SH027,형태별 보험료 수입(수납형태)
2244,201509,0010593,한화생명보험주식회사,E,직납,83902383000,371704039000,국내생보사,D,SH027,형태별 보험료 수입(수납형태)
2245,201509,0010593,한화생명보험주식회사,F,신용카드,-2156000,-4234000,국내생보사,D,SH027,형태별 보험료 수입(수납형태)
2246,201509,0010593,한화생명보험주식회사,G,방카슈랑스,376609943000,1036131337000,국내생보사,D,SH027,형태별 보험료 수입(수납형태)
2247,201509,0010593,한화생명보험주식회사,H,기타,64808109000,191232660000,국내생보사,D,SH027,형태별 보험료 수입(수납형태)
2248,201512,0010593,한화생명보험주식회사,A,설계사,76315542000,303477006000,국내생보사,D,SH027,형태별 보험료 수입(수납형태)
2249,201512,0010593,한화생명보험주식회사,B,지로,1480396000,6567018000,국내생보사,D,SH027,형태별 보험료 수입(수납형태)
2250,201512,0010593,한화생명보험주식회사,C,자동이체,2399443937000,9443810512000,국내생보사,D,SH027,형태별 보험료 수입(수납형태)
2251,201512,0010593,한화생명보험주식회사,D,대리점,0,0,국내생보사,D,SH027,형태별 보험료 수입(수납형태)
2252,201512,0010593,한화생명보험주식회사,E,직납,789191783000,1160895822000,국내생보사,D,SH027,형태별 보험료 수입(수납형태)
2253,201512,0010593,한화생명보험주식회사,F,신용카드,-3692000,-7926000,국내생보사,D,SH027,형태별 보험료 수입(수납형태)
2254,201512,0010593,한화생명보험주식회사,G,방카슈랑스,409174457000,1445305794000,국내생보사,D,SH027,형태별 보험료 수입(수납형태)
2255,201512,0010593,한화생명보험주식회사,H,기타,57310607000,248543267000,국내생보사,D,SH027,형태별 보험료 수입(수납형태)
2256,201603,0010593,한화생명보험주식회사,A,설계사,78133454000,78133454000,국내생보사,D,SH027,형태별 보험료 수입(수납형태)
2257,201603,0010593,한화생명보험주식회사,B,지로,1427138000,1427138000,국내생보사,D,SH027,형태별 보험료 수입(수납형태)
2258,201603,0010593,한화생명보험주식회사,C,자동이체,2372192316000,2372192316000,국내생보사,D,SH027,형태별 보험료 수입(수납형태)
2259,201603,0010593,한화생명보험주식회사,D,대리점,0,0,국내생보사,D,SH027,형태별 보험료 수입(수납형태)
2260,201603,0010593,한화생명보험주식회사,E,직납,156983270000,156983270000,국내생보사,D,SH027,형태별 보험료 수입(수납형태)
2261,201603,0010593,한화생명보험주식회사,F,신용카드,-8778000,-8778000,국내생보사,D,SH027,형태별 보험료 수입(수납형태)
2262,201603,0010593,한화생명보험주식회사,G,방카슈랑스,403797210000,403797210000,국내생보사,D,SH027,형태별 보험료 수입(수납형태)
2263,201603,0010593,한화생명보험주식회사,H,기타,59728779000,59728779000,국내생보사,D,SH027,형태별 보험료 수입(수납형태)
2264,201606,0010593,한화생명보험주식회사,A,설계사,81267565000,159401019000,국내생보사,D,SH027,형태별 보험료 수입(수납형태)
2265,201606,0010593,한화생명보험주식회사,B,지로,1266059000,2693197000,국내생보사,D,SH027,형태별 보험료 수입(수납형태)
2266,201606,0010593,한화생명보험주식회사,C,자동이체,2387095633000,4759287949000,국내생보사,D,SH027,형태별 보험료 수입(수납형태)
2267,201606,0010593,한화생명보험주식회사,D,대리점,0,0,국내생보사,D,SH027,형태별 보험료 수입(수납형태)
2268,201606,0010593,한화생명보험주식회사,E,직납,244829016000,401812286000,국내생보사,D,SH027,형태별 보험료 수입(수납형태)
2269,201606,0010593,한화생명보험주식회사,F,신용카드,0,-8778000,국내생보사,D,SH027,형태별 보험료 수입(수납형태)
2270,201606,0010593,한화생명보험주식회사,G,방카슈랑스,422092101000,825889311000,국내생보사,D,SH027,형태별 보험료 수입(수납형태)
2271,201606,0010593,한화생명보험주식회사,H,기타,61861771000,121590550000,국내생보사,D,SH027,형태별 보험료 수입(수납형태)
2272,201609,0010593,한화생명보험주식회사,A,설계사,76458456000,235859475000,국내생보사,D,SH027,형태별 보험료 수입(수납형태)
2273,201609,0010593,한화생명보험주식회사,B,지로,1523929000,4217126000,국내생보사,D,SH027,형태별 보험료 수입(수납형태)
2274,201609,0010593,한화생명보험주식회사,C,자동이체,2374017903000,7133305852000,국내생보사,D,SH027,형태별 보험료 수입(수납형태)
2275,201609,0010593,한화생명보험주식회사,D,대리점,0,0,국내생보사,D,SH027,형태별 보험료 수입(수납형태)
2276,201609,0010593,한화생명보험주식회사,E,직납,78698136000,480510422000,국내생보사,D,SH027,형태별 보험료 수입(수납형태)
2277,201609,0010593,한화생명보험주식회사,F,신용카드,0,-8778000,국내생보사,D,SH027,형태별 보험료 수입(수납형태)
2278,201609,0010593,한화생명보험주식회사,G,방카슈랑스,453410244000,1279299555000,국내생보사,D,SH027,형태별 보험료 수입(수납형태)
2279,201609,0010593,한화생명보험주식회사,H,기타,62867334000,184457884000,국내생보사,D,SH027,형태별 보험료 수입(수납형태)
2280,201612,0010593,한화생명보험주식회사,A,설계사,72811181000,308670656000,국내생보사,D,SH027,형태별 보험료 수입(수납형태)
2281,201612,0010593,한화생명보험주식회사,B,지로,1397653000,5614779000,국내생보사,D,SH027,형태별 보험료 수입(수납형태)
2282,201612,0010593,한화생명보험주식회사,C,자동이체,2387352713000,9520658565000,국내생보사,D,SH027,형태별 보험료 수입(수납형태)
2283,201612,0010593,한화생명보험주식회사,D,대리점,0,0,국내생보사,D,SH027,형태별 보험료 수입(수납형태)
2284,201612,0010593,한화생명보험주식회사,E,직납,1198243633000,1678754055000,국내생보사,D,SH027,형태별 보험료 수입(수납형태)
2285,201612,0010593,한화생명보험주식회사,F,신용카드,0,-8778000,국내생보사,D,SH027,형태별 보험료 수입(수납형태)
2286,201612,0010593,한화생명보험주식회사,G,방카슈랑스,450917339000,1730216894000,국내생보사,D,SH027,형태별 보험료 수입(수납형태)
2287,201612,0010593,한화생명보험주식회사,H,기타,56320746000,240778630000,국내생보사,D,SH027,형태별 보험료 수입(수납형태)
2288,201106,0010596,흥국생명보험주식회사,A,설계사,8719554000,8719554000,국내생보사,D,SH027,형태별 보험료 수입(수납형태)
2289,201106,0010596,흥국생명보험주식회사,B,지로,622208000,622208000,국내생보사,D,SH027,형태별 보험료 수입(수납형태)
2290,201106,0010596,흥국생명보험주식회사,C,자동이체,267809387000,267809387000,국내생보사,D,SH027,형태별 보험료 수입(수납형태)
2291,201106,0010596,흥국생명보험주식회사,D,대리점,176061364000,176061364000,국내생보사,D,SH027,형태별 보험료 수입(수납형태)
2292,201106,0010596,흥국생명보험주식회사,E,직납,2339604000,2339604000,국내생보사,D,SH027,형태별 보험료 수입(수납형태)
2293,201106,0010596,흥국생명보험주식회사,F,신용카드,29530285000,29530285000,국내생보사,D,SH027,형태별 보험료 수입(수납형태)
2294,201106,0010596,흥국생명보험주식회사,G,방카슈랑스,243664811000,243664811000,국내생보사,D,SH027,형태별 보험료 수입(수납형태)
2295,201106,0010596,흥국생명보험주식회사,H,기타,0,0,국내생보사,D,SH027,형태별 보험료 수입(수납형태)
2296,201109,0010596,흥국생명보험주식회사,A,설계사,8201162000,16920716000,국내생보사,D,SH027,형태별 보험료 수입(수납형태)
2297,201109,0010596,흥국생명보험주식회사,B,지로,578339000,1200547000,국내생보사,D,SH027,형태별 보험료 수입(수납형태)
2298,201109,0010596,흥국생명보험주식회사,C,자동이체,270949461000,538758848000,국내생보사,D,SH027,형태별 보험료 수입(수납형태)
2299,201109,0010596,흥국생명보험주식회사,D,대리점,184011532000,360072896000,국내생보사,D,SH027,형태별 보험료 수입(수납형태)
2300,201109,0010596,흥국생명보험주식회사,E,직납,708313000,3047917000,국내생보사,D,SH027,형태별 보험료 수입(수납형태)
2301,201109,0010596,흥국생명보험주식회사,F,신용카드,29678308000,59208593000,국내생보사,D,SH027,형태별 보험료 수입(수납형태)
2302,201109,0010596,흥국생명보험주식회사,G,방카슈랑스,251549385000,495214196000,국내생보사,D,SH027,형태별 보험료 수입(수납형태)
2303,201109,0010596,흥국생명보험주식회사,H,기타,0,0,국내생보사,D,SH027,형태별 보험료 수입(수납형태)
2304,201112,0010596,흥국생명보험주식회사,A,설계사,8212269000,25132985000,국내생보사,D,SH027,형태별 보험료 수입(수납형태)
2305,201112,0010596,흥국생명보험주식회사,B,지로,515018000,1715565000,국내생보사,D,SH027,형태별 보험료 수입(수납형태)
2306,201112,0010596,흥국생명보험주식회사,C,자동이체,271622702000,810381550000,국내생보사,D,SH027,형태별 보험료 수입(수납형태)
2307,201112,0010596,흥국생명보험주식회사,D,대리점,179854941000,539927837000,국내생보사,D,SH027,형태별 보험료 수입(수납형태)
2308,201112,0010596,흥국생명보험주식회사,E,직납,21869273000,24917190000,국내생보사,D,SH027,형태별 보험료 수입(수납형태)
2309,201112,0010596,흥국생명보험주식회사,F,신용카드,28816042000,88024635000,국내생보사,D,SH027,형태별 보험료 수입(수납형태)
2310,201112,0010596,흥국생명보험주식회사,G,방카슈랑스,258480934000,753695130000,국내생보사,D,SH027,형태별 보험료 수입(수납형태)
2311,201112,0010596,흥국생명보험주식회사,H,기타,0,0,국내생보사,D,SH027,형태별 보험료 수입(수납형태)
2312,201203,0010596,흥국생명보험주식회사,A,설계사,8252195000,33385180000,국내생보사,D,SH027,형태별 보험료 수입(수납형태)
2313,201203,0010596,흥국생명보험주식회사,B,지로,666798000,2382363000,국내생보사,D,SH027,형태별 보험료 수입(수납형태)
2314,201203,0010596,흥국생명보험주식회사,C,자동이체,271835044000,1082216594000,국내생보사,D,SH027,형태별 보험료 수입(수납형태)
2315,201203,0010596,흥국생명보험주식회사,D,대리점,181753326000,721681163000,국내생보사,D,SH027,형태별 보험료 수입(수납형태)
2316,201203,0010596,흥국생명보험주식회사,E,직납,8991513000,33908703000,국내생보사,D,SH027,형태별 보험료 수입(수납형태)
2317,201203,0010596,흥국생명보험주식회사,F,신용카드,27720988000,115745623000,국내생보사,D,SH027,형태별 보험료 수입(수납형태)
2318,201203,0010596,흥국생명보험주식회사,G,방카슈랑스,298955142000,1052650272000,국내생보사,D,SH027,형태별 보험료 수입(수납형태)
2319,201203,0010596,흥국생명보험주식회사,H,기타,0,0,국내생보사,D,SH027,형태별 보험료 수입(수납형태)
2320,201206,0010596,흥국생명보험주식회사,A,설계사,7745377000,7745377000,국내생보사,D,SH027,형태별 보험료 수입(수납형태)
2321,201206,0010596,흥국생명보험주식회사,B,지로,477847000,477847000,국내생보사,D,SH027,형태별 보험료 수입(수납형태)
2322,201206,0010596,흥국생명보험주식회사,C,자동이체,274132326000,274132326000,국내생보사,D,SH027,형태별 보험료 수입(수납형태)
2323,201206,0010596,흥국생명보험주식회사,D,대리점,178151123000,178151123000,국내생보사,D,SH027,형태별 보험료 수입(수납형태)
2324,201206,0010596,흥국생명보험주식회사,E,직납,3444790000,3444790000,국내생보사,D,SH027,형태별 보험료 수입(수납형태)
2325,201206,0010596,흥국생명보험주식회사,F,신용카드,27924115000,27924115000,국내생보사,D,SH027,형태별 보험료 수입(수납형태)
2326,201206,0010596,흥국생명보험주식회사,G,방카슈랑스,308042721000,308042721000,국내생보사,D,SH027,형태별 보험료 수입(수납형태)
2327,201206,0010596,흥국생명보험주식회사,H,기타,0,0,국내생보사,D,SH027,형태별 보험료 수입(수납형태)
2328,201209,0010596,흥국생명보험주식회사,A,설계사,9024668000,16770045000,국내생보사,D,SH027,형태별 보험료 수입(수납형태)
2329,201209,0010596,흥국생명보험주식회사,B,지로,524051000,1001898000,국내생보사,D,SH027,형태별 보험료 수입(수납형태)
2330,201209,0010596,흥국생명보험주식회사,C,자동이체,304899760000,579032086000,국내생보사,D,SH027,형태별 보험료 수입(수납형태)
2331,201209,0010596,흥국생명보험주식회사,D,대리점,140062706000,318213829000,국내생보사,D,SH027,형태별 보험료 수입(수납형태)
2332,201209,0010596,흥국생명보험주식회사,E,직납,1933864000,5378654000,국내생보사,D,SH027,형태별 보험료 수입(수납형태)
2333,201209,0010596,흥국생명보험주식회사,F,신용카드,27732041000,55656156000,국내생보사,D,SH027,형태별 보험료 수입(수납형태)
2334,201209,0010596,흥국생명보험주식회사,G,방카슈랑스,332948798000,640991519000,국내생보사,D,SH027,형태별 보험료 수입(수납형태)
2335,201209,0010596,흥국생명보험주식회사,H,기타,0,0,국내생보사,D,SH027,형태별 보험료 수입(수납형태)
2336,201212,0010596,흥국생명보험주식회사,A,설계사,8614095000,25384140000,국내생보사,D,SH027,형태별 보험료 수입(수납형태)
2337,201212,0010596,흥국생명보험주식회사,B,지로,572274000,1574172000,국내생보사,D,SH027,형태별 보험료 수입(수납형태)
2338,201212,0010596,흥국생명보험주식회사,C,자동이체,312520726000,891552812000,국내생보사,D,SH027,형태별 보험료 수입(수납형태)
2339,201212,0010596,흥국생명보험주식회사,D,대리점,130846518000,449060347000,국내생보사,D,SH027,형태별 보험료 수입(수납형태)
2340,201212,0010596,흥국생명보험주식회사,E,직납,37397426000,42776080000,국내생보사,D,SH027,형태별 보험료 수입(수납형태)
2341,201212,0010596,흥국생명보험주식회사,F,신용카드,27397019000,83053175000,국내생보사,D,SH027,형태별 보험료 수입(수납형태)
2342,201212,0010596,흥국생명보험주식회사,G,방카슈랑스,345711542000,986703061000,국내생보사,D,SH027,형태별 보험료 수입(수납형태)
2343,201212,0010596,흥국생명보험주식회사,H,기타,0,0,국내생보사,D,SH027,형태별 보험료 수입(수납형태)
2344,201303,0010596,흥국생명보험주식회사,A,설계사,8105935000,33490075000,국내생보사,D,SH027,형태별 보험료 수입(수납형태)
2345,201303,0010596,흥국생명보험주식회사,B,지로,2048327000,3622499000,국내생보사,D,SH027,형태별 보험료 수입(수납형태)
2346,201303,0010596,흥국생명보험주식회사,C,자동이체,430348892000,1321901704000,국내생보사,D,SH027,형태별 보험료 수입(수납형태)
2347,201303,0010596,흥국생명보험주식회사,D,대리점,137379854000,586440201000,국내생보사,D,SH027,형태별 보험료 수입(수납형태)
2348,201303,0010596,흥국생명보험주식회사,E,직납,8808252000,51584332000,국내생보사,D,SH027,형태별 보험료 수입(수납형태)
2349,201303,0010596,흥국생명보험주식회사,F,신용카드,27115226000,110168401000,국내생보사,D,SH027,형태별 보험료 수입(수납형태)
2350,201303,0010596,흥국생명보험주식회사,G,방카슈랑스,262571819000,1249274880000,국내생보사,D,SH027,형태별 보험료 수입(수납형태)
2351,201303,0010596,흥국생명보험주식회사,H,기타,0,0,국내생보사,D,SH027,형태별 보험료 수입(수납형태)
2352,201306,0010596,흥국생명보험주식회사,A,설계사,7749555000,7749555000,국내생보사,D,SH027,형태별 보험료 수입(수납형태)
2353,201306,0010596,흥국생명보험주식회사,B,지로,6126800000,6126800000,국내생보사,D,SH027,형태별 보험료 수입(수납형태)
2354,201306,0010596,흥국생명보험주식회사,C,자동이체,640871080000,640871080000,국내생보사,D,SH027,형태별 보험료 수입(수납형태)
2355,201306,0010596,흥국생명보험주식회사,D,대리점,135856094000,135856094000,국내생보사,D,SH027,형태별 보험료 수입(수납형태)
2356,201306,0010596,흥국생명보험주식회사,E,직납,4030557000,4030557000,국내생보사,D,SH027,형태별 보험료 수입(수납형태)
2357,201306,0010596,흥국생명보험주식회사,F,신용카드,27273605000,27273605000,국내생보사,D,SH027,형태별 보험료 수입(수납형태)
2358,201306,0010596,흥국생명보험주식회사,G,방카슈랑스,0,0,국내생보사,D,SH027,형태별 보험료 수입(수납형태)
2359,201306,0010596,흥국생명보험주식회사,H,기타,0,0,국내생보사,D,SH027,형태별 보험료 수입(수납형태)
2360,201309,0010596,흥국생명보험주식회사,A,설계사,5268281000,13017836000,국내생보사,D,SH027,형태별 보험료 수입(수납형태)
2361,201309,0010596,흥국생명보험주식회사,B,지로,4136641000,10263441000,국내생보사,D,SH027,형태별 보험료 수입(수납형태)
2362,201309,0010596,흥국생명보험주식회사,C,자동이체,652576840000,1293447920000,국내생보사,D,SH027,형태별 보험료 수입(수납형태)
2363,201309,0010596,흥국생명보험주식회사,D,대리점,132062802000,267918896000,국내생보사,D,SH027,형태별 보험료 수입(수납형태)
2364,201309,0010596,흥국생명보험주식회사,E,직납,1699203000,5729760000,국내생보사,D,SH027,형태별 보험료 수입(수납형태)
2365,201309,0010596,흥국생명보험주식회사,F,신용카드,27257346000,54530951000,국내생보사,D,SH027,형태별 보험료 수입(수납형태)
2366,201309,0010596,흥국생명보험주식회사,G,방카슈랑스,0,0,국내생보사,D,SH027,형태별 보험료 수입(수납형태)
2367,201309,0010596,흥국생명보험주식회사,H,기타,0,0,국내생보사,D,SH027,형태별 보험료 수입(수납형태)
2368,201312,0010596,흥국생명보험주식회사,A,설계사,3952785000,16970621000,국내생보사,D,SH027,형태별 보험료 수입(수납형태)
2369,201312,0010596,흥국생명보험주식회사,B,지로,2469876000,12733317000,국내생보사,D,SH027,형태별 보험료 수입(수납형태)
2370,201312,0010596,흥국생명보험주식회사,C,자동이체,649185821000,1942633741000,국내생보사,D,SH027,형태별 보험료 수입(수납형태)
2371,201312,0010596,흥국생명보험주식회사,D,대리점,130618824000,398537720000,국내생보사,D,SH027,형태별 보험료 수입(수납형태)
2372,201312,0010596,흥국생명보험주식회사,E,직납,47866972000,53596732000,국내생보사,D,SH027,형태별 보험료 수입(수납형태)
2373,201312,0010596,흥국생명보험주식회사,F,신용카드,27046060000,81577011000,국내생보사,D,SH027,형태별 보험료 수입(수납형태)
2374,201312,0010596,흥국생명보험주식회사,G,방카슈랑스,0,0,국내생보사,D,SH027,형태별 보험료 수입(수납형태)
2375,201312,0010596,흥국생명보험주식회사,H,기타,0,0,국내생보사,D,SH027,형태별 보험료 수입(수납형태)
2376,201403,0010596,흥국생명보험주식회사,A,설계사,4082185000,4082185000,국내생보사,D,SH027,형태별 보험료 수입(수납형태)
2377,201403,0010596,흥국생명보험주식회사,B,지로,1972136000,1972136000,국내생보사,D,SH027,형태별 보험료 수입(수납형태)
2378,201403,0010596,흥국생명보험주식회사,C,자동이체,650329864000,650329864000,국내생보사,D,SH027,형태별 보험료 수입(수납형태)
2379,201403,0010596,흥국생명보험주식회사,D,대리점,126952542000,126952542000,국내생보사,D,SH027,형태별 보험료 수입(수납형태)
2380,201403,0010596,흥국생명보험주식회사,E,직납,8632173000,8632173000,국내생보사,D,SH027,형태별 보험료 수입(수납형태)
2381,201403,0010596,흥국생명보험주식회사,F,신용카드,26657328000,26657328000,국내생보사,D,SH027,형태별 보험료 수입(수납형태)
2382,201403,0010596,흥국생명보험주식회사,G,방카슈랑스,0,0,국내생보사,D,SH027,형태별 보험료 수입(수납형태)
2383,201403,0010596,흥국생명보험주식회사,H,기타,0,0,국내생보사,D,SH027,형태별 보험료 수입(수납형태)
2384,201406,0010596,흥국생명보험주식회사,A,설계사,2945480000,7027665000,국내생보사,D,SH027,형태별 보험료 수입(수납형태)
2385,201406,0010596,흥국생명보험주식회사,B,지로,1711864000,3684000000,국내생보사,D,SH027,형태별 보험료 수입(수납형태)
2386,201406,0010596,흥국생명보험주식회사,C,자동이체,645564861000,1295894725000,국내생보사,D,SH027,형태별 보험료 수입(수납형태)
2387,201406,0010596,흥국생명보험주식회사,D,대리점,139078100000,266030642000,국내생보사,D,SH027,형태별 보험료 수입(수납형태)
2388,201406,0010596,흥국생명보험주식회사,E,직납,5529729000,14161902000,국내생보사,D,SH027,형태별 보험료 수입(수납형태)
2389,201406,0010596,흥국생명보험주식회사,F,신용카드,26402037000,53059365000,국내생보사,D,SH027,형태별 보험료 수입(수납형태)
2390,201406,0010596,흥국생명보험주식회사,G,방카슈랑스,0,0,국내생보사,D,SH027,형태별 보험료 수입(수납형태)
2391,201406,0010596,흥국생명보험주식회사,H,기타,0,0,국내생보사,D,SH027,형태별 보험료 수입(수납형태)
2392,201409,0010596,흥국생명보험주식회사,A,설계사,4100287000,11127952000,국내생보사,D,SH027,형태별 보험료 수입(수납형태)
2393,201409,0010596,흥국생명보험주식회사,B,지로,2024547000,5708547000,국내생보사,D,SH027,형태별 보험료 수입(수납형태)
2394,201409,0010596,흥국생명보험주식회사,C,자동이체,662742882000,1958637607000,국내생보사,D,SH027,형태별 보험료 수입(수납형태)
2395,201409,0010596,흥국생명보험주식회사,D,대리점,137737680000,403768322000,국내생보사,D,SH027,형태별 보험료 수입(수납형태)
2396,201409,0010596,흥국생명보험주식회사,E,직납,3162746000,17324648000,국내생보사,D,SH027,형태별 보험료 수입(수납형태)
2397,201409,0010596,흥국생명보험주식회사,F,신용카드,26161255000,79220620000,국내생보사,D,SH027,형태별 보험료 수입(수납형태)
2398,201409,0010596,흥국생명보험주식회사,G,방카슈랑스,0,0,국내생보사,D,SH027,형태별 보험료 수입(수납형태)
2399,201409,0010596,흥국생명보험주식회사,H,기타,0,0,국내생보사,D,SH027,형태별 보험료 수입(수납형태)
2400,201412,0010596,흥국생명보험주식회사,A,설계사,4975384000,16103336000,국내생보사,D,SH027,형태별 보험료 수입(수납형태)
2401,201412,0010596,흥국생명보험주식회사,B,지로,2573763000,8282310000,국내생보사,D,SH027,형태별 보험료 수입(수납형태)
2402,201412,0010596,흥국생명보험주식회사,C,자동이체,705635280000,2664272887000,국내생보사,D,SH027,형태별 보험료 수입(수납형태)
2403,201412,0010596,흥국생명보험주식회사,D,대리점,153080773000,556849095000,국내생보사,D,SH027,형태별 보험료 수입(수납형태)
2404,201412,0010596,흥국생명보험주식회사,E,직납,117002992000,134327640000,국내생보사,D,SH027,형태별 보험료 수입(수납형태)
2405,201412,0010596,흥국생명보험주식회사,F,신용카드,26184887000,105405507000,국내생보사,D,SH027,형태별 보험료 수입(수납형태)
2406,201412,0010596,흥국생명보험주식회사,G,방카슈랑스,0,0,국내생보사,D,SH027,형태별 보험료 수입(수납형태)
2407,201412,0010596,흥국생명보험주식회사,H,기타,0,0,국내생보사,D,SH027,형태별 보험료 수입(수납형태)
2408,201503,0010596,흥국생명보험주식회사,A,설계사,4407617000,4407617000,국내생보사,D,SH027,형태별 보험료 수입(수납형태)
2409,201503,0010596,흥국생명보험주식회사,B,지로,2312515000,2312515000,국내생보사,D,SH027,형태별 보험료 수입(수납형태)
2410,201503,0010596,흥국생명보험주식회사,C,자동이체,700847604000,700847604000,국내생보사,D,SH027,형태별 보험료 수입(수납형태)
2411,201503,0010596,흥국생명보험주식회사,D,대리점,159131713000,159131713000,국내생보사,D,SH027,형태별 보험료 수입(수납형태)
2412,201503,0010596,흥국생명보험주식회사,E,직납,24229593000,24229593000,국내생보사,D,SH027,형태별 보험료 수입(수납형태)
2413,201503,0010596,흥국생명보험주식회사,F,신용카드,26719398000,26719398000,국내생보사,D,SH027,형태별 보험료 수입(수납형태)
2414,201503,0010596,흥국생명보험주식회사,G,방카슈랑스,0,0,국내생보사,D,SH027,형태별 보험료 수입(수납형태)
2415,201503,0010596,흥국생명보험주식회사,H,기타,0,0,국내생보사,D,SH027,형태별 보험료 수입(수납형태)
2416,201506,0010596,흥국생명보험주식회사,A,설계사,5065661000,9473278000,국내생보사,D,SH027,형태별 보험료 수입(수납형태)
2417,201506,0010596,흥국생명보험주식회사,B,지로,2675649000,4988164000,국내생보사,D,SH027,형태별 보험료 수입(수납형태)
2418,201506,0010596,흥국생명보험주식회사,C,자동이체,745232234000,1446079838000,국내생보사,D,SH027,형태별 보험료 수입(수납형태)
2419,201506,0010596,흥국생명보험주식회사,D,대리점,175183305000,334315018000,국내생보사,D,SH027,형태별 보험료 수입(수납형태)
2420,201506,0010596,흥국생명보험주식회사,E,직납,22987156000,47216749000,국내생보사,D,SH027,형태별 보험료 수입(수납형태)
2421,201506,0010596,흥국생명보험주식회사,F,신용카드,26209353000,52928751000,국내생보사,D,SH027,형태별 보험료 수입(수납형태)
2422,201506,0010596,흥국생명보험주식회사,G,방카슈랑스,0,0,국내생보사,D,SH027,형태별 보험료 수입(수납형태)
2423,201506,0010596,흥국생명보험주식회사,H,기타,0,0,국내생보사,D,SH027,형태별 보험료 수입(수납형태)
2424,201509,0010596,흥국생명보험주식회사,A,설계사,4127510000,13600788000,국내생보사,D,SH027,형태별 보험료 수입(수납형태)
2425,201509,0010596,흥국생명보험주식회사,B,지로,2239732000,7227896000,국내생보사,D,SH027,형태별 보험료 수입(수납형태)
2426,201509,0010596,흥국생명보험주식회사,C,자동이체,883002575000,2329082413000,국내생보사,D,SH027,형태별 보험료 수입(수납형태)
2427,201509,0010596,흥국생명보험주식회사,D,대리점,189165783000,523480801000,국내생보사,D,SH027,형태별 보험료 수입(수납형태)
2428,201509,0010596,흥국생명보험주식회사,E,직납,19750702000,66967451000,국내생보사,D,SH027,형태별 보험료 수입(수납형태)
2429,201509,0010596,흥국생명보험주식회사,F,신용카드,26294109000,79222860000,국내생보사,D,SH027,형태별 보험료 수입(수납형태)
2430,201509,0010596,흥국생명보험주식회사,G,방카슈랑스,0,0,국내생보사,D,SH027,형태별 보험료 수입(수납형태)
2431,201509,0010596,흥국생명보험주식회사,H,기타,0,0,국내생보사,D,SH027,형태별 보험료 수입(수납형태)
2432,201512,0010596,흥국생명보험주식회사,A,설계사,6924623000,20525411000,국내생보사,D,SH027,형태별 보험료 수입(수납형태)
2433,201512,0010596,흥국생명보험주식회사,B,지로,1723653000,8951549000,국내생보사,D,SH027,형태별 보험료 수입(수납형태)
2434,201512,0010596,흥국생명보험주식회사,C,자동이체,1083802647000,3412885060000,국내생보사,D,SH027,형태별 보험료 수입(수납형태)
2435,201512,0010596,흥국생명보험주식회사,D,대리점,129364537000,652845338000,국내생보사,D,SH027,형태별 보험료 수입(수납형태)
2436,201512,0010596,흥국생명보험주식회사,E,직납,251291276000,318258727000,국내생보사,D,SH027,형태별 보험료 수입(수납형태)
2437,201512,0010596,흥국생명보험주식회사,F,신용카드,26388187000,105611047000,국내생보사,D,SH027,형태별 보험료 수입(수납형태)
2438,201512,0010596,흥국생명보험주식회사,G,방카슈랑스,0,0,국내생보사,D,SH027,형태별 보험료 수입(수납형태)
2439,201512,0010596,흥국생명보험주식회사,H,기타,0,0,국내생보사,D,SH027,형태별 보험료 수입(수납형태)
2440,201603,0010596,흥국생명보험주식회사,A,설계사,12491339000,12491339000,국내생보사,D,SH027,형태별 보험료 수입(수납형태)
2441,201603,0010596,흥국생명보험주식회사,B,지로,1287869000,1287869000,국내생보사,D,SH027,형태별 보험료 수입(수납형태)
2442,201603,0010596,흥국생명보험주식회사,C,자동이체,1068998576000,1068998576000,국내생보사,D,SH027,형태별 보험료 수입(수납형태)
2443,201603,0010596,흥국생명보험주식회사,D,대리점,0,0,국내생보사,D,SH027,형태별 보험료 수입(수납형태)
2444,201603,0010596,흥국생명보험주식회사,E,직납,18044690000,18044690000,국내생보사,D,SH027,형태별 보험료 수입(수납형태)
2445,201603,0010596,흥국생명보험주식회사,F,신용카드,26529794000,26529794000,국내생보사,D,SH027,형태별 보험료 수입(수납형태)
2446,201603,0010596,흥국생명보험주식회사,G,방카슈랑스,0,0,국내생보사,D,SH027,형태별 보험료 수입(수납형태)
2447,201603,0010596,흥국생명보험주식회사,H,기타,0,0,국내생보사,D,SH027,형태별 보험료 수입(수납형태)
2448,201606,0010596,흥국생명보험주식회사,A,설계사,13806308000,26297647000,국내생보사,D,SH027,형태별 보험료 수입(수납형태)
2449,201606,0010596,흥국생명보험주식회사,B,지로,572618000,1860487000,국내생보사,D,SH027,형태별 보험료 수입(수납형태)
2450,201606,0010596,흥국생명보험주식회사,C,자동이체,1084271195000,2153269771000,국내생보사,D,SH027,형태별 보험료 수입(수납형태)
2451,201606,0010596,흥국생명보험주식회사,D,대리점,0,0,국내생보사,D,SH027,형태별 보험료 수입(수납형태)
2452,201606,0010596,흥국생명보험주식회사,E,직납,43397656000,61442346000,국내생보사,D,SH027,형태별 보험료 수입(수납형태)
2453,201606,0010596,흥국생명보험주식회사,F,신용카드,26738579000,53268373000,국내생보사,D,SH027,형태별 보험료 수입(수납형태)
2454,201606,0010596,흥국생명보험주식회사,G,방카슈랑스,0,0,국내생보사,D,SH027,형태별 보험료 수입(수납형태)
2455,201606,0010596,흥국생명보험주식회사,H,기타,0,0,국내생보사,D,SH027,형태별 보험료 수입(수납형태)
2456,201609,0010596,흥국생명보험주식회사,A,설계사,12267948000,38565595000,국내생보사,D,SH027,형태별 보험료 수입(수납형태)
2457,201609,0010596,흥국생명보험주식회사,B,지로,222026000,2082513000,국내생보사,D,SH027,형태별 보험료 수입(수납형태)
2458,201609,0010596,흥국생명보험주식회사,C,자동이체,1104243561000,3257513332000,국내생보사,D,SH027,형태별 보험료 수입(수납형태)
2459,201609,0010596,흥국생명보험주식회사,D,대리점,0,0,국내생보사,D,SH027,형태별 보험료 수입(수납형태)
2460,201609,0010596,흥국생명보험주식회사,E,직납,19799800000,81242146000,국내생보사,D,SH027,형태별 보험료 수입(수납형태)
2461,201609,0010596,흥국생명보험주식회사,F,신용카드,25941418000,79209791000,국내생보사,D,SH027,형태별 보험료 수입(수납형태)
2462,201609,0010596,흥국생명보험주식회사,G,방카슈랑스,0,0,국내생보사,D,SH027,형태별 보험료 수입(수납형태)
2463,201609,0010596,흥국생명보험주식회사,H,기타,0,0,국내생보사,D,SH027,형태별 보험료 수입(수납형태)
2464,201612,0010596,흥국생명보험주식회사,A,설계사,16704141000,55269736000,국내생보사,D,SH027,형태별 보험료 수입(수납형태)
2465,201612,0010596,흥국생명보험주식회사,B,지로,43380000,2125893000,국내생보사,D,SH027,형태별 보험료 수입(수납형태)
2466,201612,0010596,흥국생명보험주식회사,C,자동이체,1062150193000,4319663525000,국내생보사,D,SH027,형태별 보험료 수입(수납형태)
2467,201612,0010596,흥국생명보험주식회사,D,대리점,0,0,국내생보사,D,SH027,형태별 보험료 수입(수납형태)
2468,201612,0010596,흥국생명보험주식회사,E,직납,247138818000,328380964000,국내생보사,D,SH027,형태별 보험료 수입(수납형태)
2469,201612,0010596,흥국생명보험주식회사,F,신용카드,24924655000,104134446000,국내생보사,D,SH027,형태별 보험료 수입(수납형태)
2470,201612,0010596,흥국생명보험주식회사,G,방카슈랑스,0,0,국내생보사,D,SH027,형태별 보험료 수입(수납형태)
2471,201612,0010596,흥국생명보험주식회사,H,기타,0,0,국내생보사,D,SH027,형태별 보험료 수입(수납형태)
2472,201106,0010622,동양생명보험주식회사,A,설계사,9372736000,9372736000,외국생보사,D,SH027,형태별 보험료 수입(수납형태)
2473,201106,0010622,동양생명보험주식회사,B,지로,270676000,270676000,외국생보사,D,SH027,형태별 보험료 수입(수납형태)
2474,201106,0010622,동양생명보험주식회사,C,자동이체,508433269000,508433269000,외국생보사,D,SH027,형태별 보험료 수입(수납형태)
2475,201106,0010622,동양생명보험주식회사,D,대리점,2742719000,2742719000,외국생보사,D,SH027,형태별 보험료 수입(수납형태)
2476,201106,0010622,동양생명보험주식회사,E,직납,11248659000,11248659000,외국생보사,D,SH027,형태별 보험료 수입(수납형태)
2477,201106,0010622,동양생명보험주식회사,F,신용카드,7127910000,7127910000,외국생보사,D,SH027,형태별 보험료 수입(수납형태)
2478,201106,0010622,동양생명보험주식회사,G,방카슈랑스,195699512000,195699512000,외국생보사,D,SH027,형태별 보험료 수입(수납형태)
2479,201106,0010622,동양생명보험주식회사,H,기타,8675672000,8675672000,외국생보사,D,SH027,형태별 보험료 수입(수납형태)
2480,201109,0010622,동양생명보험주식회사,A,설계사,10693025000,20065761000,외국생보사,D,SH027,형태별 보험료 수입(수납형태)
2481,201109,0010622,동양생명보험주식회사,B,지로,263080000,533756000,외국생보사,D,SH027,형태별 보험료 수입(수납형태)
2482,201109,0010622,동양생명보험주식회사,C,자동이체,519530056000,1027963325000,외국생보사,D,SH027,형태별 보험료 수입(수납형태)
2483,201109,0010622,동양생명보험주식회사,D,대리점,2849477000,5592196000,외국생보사,D,SH027,형태별 보험료 수입(수납형태)
2484,201109,0010622,동양생명보험주식회사,E,직납,9856960000,21105619000,외국생보사,D,SH027,형태별 보험료 수입(수납형태)
2485,201109,0010622,동양생명보험주식회사,F,신용카드,6836313000,13964223000,외국생보사,D,SH027,형태별 보험료 수입(수납형태)
2486,201109,0010622,동양생명보험주식회사,G,방카슈랑스,198821882000,394521394000,외국생보사,D,SH027,형태별 보험료 수입(수납형태)
2487,201109,0010622,동양생명보험주식회사,H,기타,8734796000,17410468000,외국생보사,D,SH027,형태별 보험료 수입(수납형태)
2488,201112,0010622,동양생명보험주식회사,A,설계사,7723306000,27789067000,외국생보사,D,SH027,형태별 보험료 수입(수납형태)
2489,201112,0010622,동양생명보험주식회사,B,지로,246663000,780419000,외국생보사,D,SH027,형태별 보험료 수입(수납형태)
2490,201112,0010622,동양생명보험주식회사,C,자동이체,525967768000,1553931093000,외국생보사,D,SH027,형태별 보험료 수입(수납형태)
2491,201112,0010622,동양생명보험주식회사,D,대리점,2929788000,8521984000,외국생보사,D,SH027,형태별 보험료 수입(수납형태)
2492,201112,0010622,동양생명보험주식회사,E,직납,60852320000,81957939000,외국생보사,D,SH027,형태별 보험료 수입(수납형태)
2493,201112,0010622,동양생명보험주식회사,F,신용카드,6474872000,20439095000,외국생보사,D,SH027,형태별 보험료 수입(수납형태)
2494,201112,0010622,동양생명보험주식회사,G,방카슈랑스,205527429000,600048823000,외국생보사,D,SH027,형태별 보험료 수입(수납형태)
2495,201112,0010622,동양생명보험주식회사,H,기타,8341232000,25751700000,외국생보사,D,SH027,형태별 보험료 수입(수납형태)
2496,201203,0010622,동양생명보험주식회사,A,설계사,6924255000,34713322000,외국생보사,D,SH027,형태별 보험료 수입(수납형태)
2497,201203,0010622,동양생명보험주식회사,B,지로,243026000,1023445000,외국생보사,D,SH027,형태별 보험료 수입(수납형태)
2498,201203,0010622,동양생명보험주식회사,C,자동이체,533625781000,2087556874000,외국생보사,D,SH027,형태별 보험료 수입(수납형태)
2499,201203,0010622,동양생명보험주식회사,D,대리점,3296824000,11818808000,외국생보사,D,SH027,형태별 보험료 수입(수납형태)
2500,201203,0010622,동양생명보험주식회사,E,직납,43378233000,125336172000,외국생보사,D,SH027,형태별 보험료 수입(수납형태)
2501,201203,0010622,동양생명보험주식회사,F,신용카드,6153163000,26592258000,외국생보사,D,SH027,형태별 보험료 수입(수납형태)
2502,201203,0010622,동양생명보험주식회사,G,방카슈랑스,207160885000,807209708000,외국생보사,D,SH027,형태별 보험료 수입(수납형태)
2503,201203,0010622,동양생명보험주식회사,H,기타,8052925000,33804625000,외국생보사,D,SH027,형태별 보험료 수입(수납형태)
2504,201206,0010622,동양생명보험주식회사,A,설계사,7050449000,7050449000,외국생보사,D,SH027,형태별 보험료 수입(수납형태)
2505,201206,0010622,동양생명보험주식회사,B,지로,208566000,208566000,외국생보사,D,SH027,형태별 보험료 수입(수납형태)
2506,201206,0010622,동양생명보험주식회사,C,자동이체,541419643000,541419643000,외국생보사,D,SH027,형태별 보험료 수입(수납형태)
2507,201206,0010622,동양생명보험주식회사,D,대리점,3530406000,3530406000,외국생보사,D,SH027,형태별 보험료 수입(수납형태)
2508,201206,0010622,동양생명보험주식회사,E,직납,13635173000,13635173000,외국생보사,D,SH027,형태별 보험료 수입(수납형태)
2509,201206,0010622,동양생명보험주식회사,F,신용카드,5897633000,5897633000,외국생보사,D,SH027,형태별 보험료 수입(수납형태)
2510,201206,0010622,동양생명보험주식회사,G,방카슈랑스,214189417000,214189417000,외국생보사,D,SH027,형태별 보험료 수입(수납형태)
2511,201206,0010622,동양생명보험주식회사,H,기타,8089310000,8089310000,외국생보사,D,SH027,형태별 보험료 수입(수납형태)
2512,201209,0010622,동양생명보험주식회사,A,설계사,5862601000,12913050000,외국생보사,D,SH027,형태별 보험료 수입(수납형태)
2513,201209,0010622,동양생명보험주식회사,B,지로,191960000,400526000,외국생보사,D,SH027,형태별 보험료 수입(수납형태)
2514,201209,0010622,동양생명보험주식회사,C,자동이체,540503501000,1081923144000,외국생보사,D,SH027,형태별 보험료 수입(수납형태)
2515,201209,0010622,동양생명보험주식회사,D,대리점,5672530000,9202936000,외국생보사,D,SH027,형태별 보험료 수입(수납형태)
2516,201209,0010622,동양생명보험주식회사,E,직납,11791534000,25426707000,외국생보사,D,SH027,형태별 보험료 수입(수납형태)
2517,201209,0010622,동양생명보험주식회사,F,신용카드,5696915000,11594548000,외국생보사,D,SH027,형태별 보험료 수입(수납형태)
2518,201209,0010622,동양생명보험주식회사,G,방카슈랑스,231819149000,446008566000,외국생보사,D,SH027,형태별 보험료 수입(수납형태)
2519,201209,0010622,동양생명보험주식회사,H,기타,7875793000,15965103000,외국생보사,D,SH027,형태별 보험료 수입(수납형태)
2520,201212,0010622,동양생명보험주식회사,A,설계사,6198995000,19112045000,외국생보사,D,SH027,형태별 보험료 수입(수납형태)
2521,201212,0010622,동양생명보험주식회사,B,지로,185529000,586055000,외국생보사,D,SH027,형태별 보험료 수입(수납형태)
2522,201212,0010622,동양생명보험주식회사,C,자동이체,539519932000,1621443076000,외국생보사,D,SH027,형태별 보험료 수입(수납형태)
2523,201212,0010622,동양생명보험주식회사,D,대리점,4075363000,13278299000,외국생보사,D,SH027,형태별 보험료 수입(수납형태)
2524,201212,0010622,동양생명보험주식회사,E,직납,67948384000,93375091000,외국생보사,D,SH027,형태별 보험료 수입(수납형태)
2525,201212,0010622,동양생명보험주식회사,F,신용카드,5499889000,17094437000,외국생보사,D,SH027,형태별 보험료 수입(수납형태)
2526,201212,0010622,동양생명보험주식회사,G,방카슈랑스,261855155000,707863721000,외국생보사,D,SH027,형태별 보험료 수입(수납형태)
2527,201212,0010622,동양생명보험주식회사,H,기타,8329054000,24294157000,외국생보사,D,SH027,형태별 보험료 수입(수납형태)
2528,201303,0010622,동양생명보험주식회사,A,설계사,6472106000,25584151000,외국생보사,D,SH027,형태별 보험료 수입(수납형태)
2529,201303,0010622,동양생명보험주식회사,B,지로,194752000,780807000,외국생보사,D,SH027,형태별 보험료 수입(수납형태)
2530,201303,0010622,동양생명보험주식회사,C,자동이체,1516296054000,3137739130000,외국생보사,D,SH027,형태별 보험료 수입(수납형태)
2531,201303,0010622,동양생명보험주식회사,D,대리점,3918797000,17197096000,외국생보사,D,SH027,형태별 보험료 수입(수납형태)
2532,201303,0010622,동양생명보험주식회사,E,직납,60556959000,153932050000,외국생보사,D,SH027,형태별 보험료 수입(수납형태)
2533,201303,0010622,동양생명보험주식회사,F,신용카드,5992158000,23086595000,외국생보사,D,SH027,형태별 보험료 수입(수납형태)
2534,201303,0010622,동양생명보험주식회사,G,방카슈랑스,-707863721000,0,외국생보사,D,SH027,형태별 보험료 수입(수납형태)
2535,201303,0010622,동양생명보험주식회사,H,기타,8576558000,32870715000,외국생보사,D,SH027,형태별 보험료 수입(수납형태)
2536,201306,0010622,동양생명보험주식회사,A,설계사,5823263000,5823263000,외국생보사,D,SH027,형태별 보험료 수입(수납형태)
2537,201306,0010622,동양생명보험주식회사,B,지로,163274000,163274000,외국생보사,D,SH027,형태별 보험료 수입(수납형태)
2538,201306,0010622,동양생명보험주식회사,C,자동이체,810212598000,810212598000,외국생보사,D,SH027,형태별 보험료 수입(수납형태)
2539,201306,0010622,동양생명보험주식회사,D,대리점,3314921000,3314921000,외국생보사,D,SH027,형태별 보험료 수입(수납형태)
2540,201306,0010622,동양생명보험주식회사,E,직납,32770869000,32770869000,외국생보사,D,SH027,형태별 보험료 수입(수납형태)
2541,201306,0010622,동양생명보험주식회사,F,신용카드,5100973000,5100973000,외국생보사,D,SH027,형태별 보험료 수입(수납형태)
2542,201306,0010622,동양생명보험주식회사,G,방카슈랑스,0,0,외국생보사,D,SH027,형태별 보험료 수입(수납형태)
2543,201306,0010622,동양생명보험주식회사,H,기타,8983622000,8983622000,외국생보사,D,SH027,형태별 보험료 수입(수납형태)
2544,201309,0010622,동양생명보험주식회사,A,설계사,6295841000,12119104000,외국생보사,D,SH027,형태별 보험료 수입(수납형태)
2545,201309,0010622,동양생명보험주식회사,B,지로,152996000,316270000,외국생보사,D,SH027,형태별 보험료 수입(수납형태)
2546,201309,0010622,동양생명보험주식회사,C,자동이체,819355190000,1629567788000,외국생보사,D,SH027,형태별 보험료 수입(수납형태)
2547,201309,0010622,동양생명보험주식회사,D,대리점,3650298000,6965219000,외국생보사,D,SH027,형태별 보험료 수입(수납형태)
2548,201309,0010622,동양생명보험주식회사,E,직납,20131244000,52902113000,외국생보사,D,SH027,형태별 보험료 수입(수납형태)
2549,201309,0010622,동양생명보험주식회사,F,신용카드,4917393000,10018366000,외국생보사,D,SH027,형태별 보험료 수입(수납형태)
2550,201309,0010622,동양생명보험주식회사,G,방카슈랑스,0,0,외국생보사,D,SH027,형태별 보험료 수입(수납형태)
2551,201309,0010622,동양생명보험주식회사,H,기타,9297215000,18280837000,외국생보사,D,SH027,형태별 보험료 수입(수납형태)
2552,201312,0010622,동양생명보험주식회사,A,설계사,5740747000,17859851000,외국생보사,D,SH027,형태별 보험료 수입(수납형태)
2553,201312,0010622,동양생명보험주식회사,B,지로,144959000,461229000,외국생보사,D,SH027,형태별 보험료 수입(수납형태)
2554,201312,0010622,동양생명보험주식회사,C,자동이체,785477678000,2415045466000,외국생보사,D,SH027,형태별 보험료 수입(수납형태)
2555,201312,0010622,동양생명보험주식회사,D,대리점,3534390000,10499609000,외국생보사,D,SH027,형태별 보험료 수입(수납형태)
2556,201312,0010622,동양생명보험주식회사,E,직납,70525474000,123427587000,외국생보사,D,SH027,형태별 보험료 수입(수납형태)
2557,201312,0010622,동양생명보험주식회사,F,신용카드,5106792000,15125158000,외국생보사,D,SH027,형태별 보험료 수입(수납형태)
2558,201312,0010622,동양생명보험주식회사,G,방카슈랑스,0,0,외국생보사,D,SH027,형태별 보험료 수입(수납형태)
2559,201312,0010622,동양생명보험주식회사,H,기타,9339213000,27620050000,외국생보사,D,SH027,형태별 보험료 수입(수납형태)
2560,201403,0010622,동양생명보험주식회사,A,설계사,5797495000,5797495000,외국생보사,D,SH027,형태별 보험료 수입(수납형태)
2561,201403,0010622,동양생명보험주식회사,B,지로,122692000,122692000,외국생보사,D,SH027,형태별 보험료 수입(수납형태)
2562,201403,0010622,동양생명보험주식회사,C,자동이체,771809913000,771809913000,외국생보사,D,SH027,형태별 보험료 수입(수납형태)
2563,201403,0010622,동양생명보험주식회사,D,대리점,3064759000,3064759000,외국생보사,D,SH027,형태별 보험료 수입(수납형태)
2564,201403,0010622,동양생명보험주식회사,E,직납,38654620000,38654620000,외국생보사,D,SH027,형태별 보험료 수입(수납형태)
2565,201403,0010622,동양생명보험주식회사,F,신용카드,6026128000,6026128000,외국생보사,D,SH027,형태별 보험료 수입(수납형태)
2566,201403,0010622,동양생명보험주식회사,G,방카슈랑스,0,0,외국생보사,D,SH027,형태별 보험료 수입(수납형태)
2567,201403,0010622,동양생명보험주식회사,H,기타,9448779000,9448779000,외국생보사,D,SH027,형태별 보험료 수입(수납형태)
2568,201406,0010622,동양생명보험주식회사,A,설계사,4643201000,10440696000,외국생보사,D,SH027,형태별 보험료 수입(수납형태)
2569,201406,0010622,동양생명보험주식회사,B,지로,109505000,232197000,외국생보사,D,SH027,형태별 보험료 수입(수납형태)
2570,201406,0010622,동양생명보험주식회사,C,자동이체,781225799000,1553035712000,외국생보사,D,SH027,형태별 보험료 수입(수납형태)
2571,201406,0010622,동양생명보험주식회사,D,대리점,2843273000,5908032000,외국생보사,D,SH027,형태별 보험료 수입(수납형태)
2572,201406,0010622,동양생명보험주식회사,E,직납,46009563000,84664183000,외국생보사,D,SH027,형태별 보험료 수입(수납형태)
2573,201406,0010622,동양생명보험주식회사,F,신용카드,7051857000,13077985000,외국생보사,D,SH027,형태별 보험료 수입(수납형태)
2574,201406,0010622,동양생명보험주식회사,G,방카슈랑스,0,0,외국생보사,D,SH027,형태별 보험료 수입(수납형태)
2575,201406,0010622,동양생명보험주식회사,H,기타,9084573000,18533352000,외국생보사,D,SH027,형태별 보험료 수입(수납형태)
2576,201409,0010622,동양생명보험주식회사,A,설계사,5085003000,15525699000,외국생보사,D,SH027,형태별 보험료 수입(수납형태)
2577,201409,0010622,동양생명보험주식회사,B,지로,104722000,336919000,외국생보사,D,SH027,형태별 보험료 수입(수납형태)
2578,201409,0010622,동양생명보험주식회사,C,자동이체,792383537000,2345419249000,외국생보사,D,SH027,형태별 보험료 수입(수납형태)
2579,201409,0010622,동양생명보험주식회사,D,대리점,3114920000,9022952000,외국생보사,D,SH027,형태별 보험료 수입(수납형태)
2580,201409,0010622,동양생명보험주식회사,E,직납,44050784000,128714967000,외국생보사,D,SH027,형태별 보험료 수입(수납형태)
2581,201409,0010622,동양생명보험주식회사,F,신용카드,8510679000,21588664000,외국생보사,D,SH027,형태별 보험료 수입(수납형태)
2582,201409,0010622,동양생명보험주식회사,G,방카슈랑스,0,0,외국생보사,D,SH027,형태별 보험료 수입(수납형태)
2583,201409,0010622,동양생명보험주식회사,H,기타,8676915000,27210267000,외국생보사,D,SH027,형태별 보험료 수입(수납형태)
2584,201412,0010622,동양생명보험주식회사,A,설계사,5495967000,21021666000,외국생보사,D,SH027,형태별 보험료 수입(수납형태)
2585,201412,0010622,동양생명보험주식회사,B,지로,103886000,440805000,외국생보사,D,SH027,형태별 보험료 수입(수납형태)
2586,201412,0010622,동양생명보험주식회사,C,자동이체,814176725000,3159595974000,외국생보사,D,SH027,형태별 보험료 수입(수납형태)
2587,201412,0010622,동양생명보험주식회사,D,대리점,3971070000,12994022000,외국생보사,D,SH027,형태별 보험료 수입(수납형태)
2588,201412,0010622,동양생명보험주식회사,E,직납,268427333000,397142300000,외국생보사,D,SH027,형태별 보험료 수입(수납형태)
2589,201412,0010622,동양생명보험주식회사,F,신용카드,9632712000,31221376000,외국생보사,D,SH027,형태별 보험료 수입(수납형태)
2590,201412,0010622,동양생명보험주식회사,G,방카슈랑스,0,0,외국생보사,D,SH027,형태별 보험료 수입(수납형태)
2591,201412,0010622,동양생명보험주식회사,H,기타,8580893000,35791160000,외국생보사,D,SH027,형태별 보험료 수입(수납형태)
2592,201503,0010622,동양생명보험주식회사,A,설계사,4846172000,4846172000,외국생보사,D,SH027,형태별 보험료 수입(수납형태)
2593,201503,0010622,동양생명보험주식회사,B,지로,100502000,100502000,외국생보사,D,SH027,형태별 보험료 수입(수납형태)
2594,201503,0010622,동양생명보험주식회사,C,자동이체,822323462000,822323462000,외국생보사,D,SH027,형태별 보험료 수입(수납형태)
2595,201503,0010622,동양생명보험주식회사,D,대리점,4262092000,4262092000,외국생보사,D,SH027,형태별 보험료 수입(수납형태)
2596,201503,0010622,동양생명보험주식회사,E,직납,53942513000,53942513000,외국생보사,D,SH027,형태별 보험료 수입(수납형태)
2597,201503,0010622,동양생명보험주식회사,F,신용카드,11077908000,11077908000,외국생보사,D,SH027,형태별 보험료 수입(수납형태)
2598,201503,0010622,동양생명보험주식회사,G,방카슈랑스,0,0,외국생보사,D,SH027,형태별 보험료 수입(수납형태)
2599,201503,0010622,동양생명보험주식회사,H,기타,9108285000,9108285000,외국생보사,D,SH027,형태별 보험료 수입(수납형태)
2600,201506,0010622,동양생명보험주식회사,A,설계사,4640460000,9486632000,외국생보사,D,SH027,형태별 보험료 수입(수납형태)
2601,201506,0010622,동양생명보험주식회사,B,지로,98413000,198915000,외국생보사,D,SH027,형태별 보험료 수입(수납형태)
2602,201506,0010622,동양생명보험주식회사,C,자동이체,842007624000,1664331086000,외국생보사,D,SH027,형태별 보험료 수입(수납형태)
2603,201506,0010622,동양생명보험주식회사,D,대리점,4295541000,8557633000,외국생보사,D,SH027,형태별 보험료 수입(수납형태)
2604,201506,0010622,동양생명보험주식회사,E,직납,48284401000,102226914000,외국생보사,D,SH027,형태별 보험료 수입(수납형태)
2605,201506,0010622,동양생명보험주식회사,F,신용카드,12308655000,23386563000,외국생보사,D,SH027,형태별 보험료 수입(수납형태)
2606,201506,0010622,동양생명보험주식회사,G,방카슈랑스,0,0,외국생보사,D,SH027,형태별 보험료 수입(수납형태)
2607,201506,0010622,동양생명보험주식회사,H,기타,8741079000,17849364000,외국생보사,D,SH027,형태별 보험료 수입(수납형태)
2608,201509,0010622,동양생명보험주식회사,A,설계사,4306219000,13792851000,외국생보사,D,SH027,형태별 보험료 수입(수납형태)
2609,201509,0010622,동양생명보험주식회사,B,지로,89773000,288688000,외국생보사,D,SH027,형태별 보험료 수입(수납형태)
2610,201509,0010622,동양생명보험주식회사,C,자동이체,840696846000,2505027932000,외국생보사,D,SH027,형태별 보험료 수입(수납형태)
2611,201509,0010622,동양생명보험주식회사,D,대리점,3927569000,12485202000,외국생보사,D,SH027,형태별 보험료 수입(수납형태)
2612,201509,0010622,동양생명보험주식회사,E,직납,67486382000,169713296000,외국생보사,D,SH027,형태별 보험료 수입(수납형태)
2613,201509,0010622,동양생명보험주식회사,F,신용카드,13591451000,36978014000,외국생보사,D,SH027,형태별 보험료 수입(수납형태)
2614,201509,0010622,동양생명보험주식회사,G,방카슈랑스,0,0,외국생보사,D,SH027,형태별 보험료 수입(수납형태)
2615,201509,0010622,동양생명보험주식회사,H,기타,8604506000,26453870000,외국생보사,D,SH027,형태별 보험료 수입(수납형태)
2616,201512,0010622,동양생명보험주식회사,A,설계사,4352333000,18145184000,외국생보사,D,SH027,형태별 보험료 수입(수납형태)
2617,201512,0010622,동양생명보험주식회사,B,지로,88223000,376911000,외국생보사,D,SH027,형태별 보험료 수입(수납형태)
2618,201512,0010622,동양생명보험주식회사,C,자동이체,869991669000,3375019601000,외국생보사,D,SH027,형태별 보험료 수입(수납형태)
2619,201512,0010622,동양생명보험주식회사,D,대리점,3699970000,16185172000,외국생보사,D,SH027,형태별 보험료 수입(수납형태)
2620,201512,0010622,동양생명보험주식회사,E,직납,247390689000,417103985000,외국생보사,D,SH027,형태별 보험료 수입(수납형태)
2621,201512,0010622,동양생명보험주식회사,F,신용카드,15150577000,52128591000,외국생보사,D,SH027,형태별 보험료 수입(수납형태)
2622,201512,0010622,동양생명보험주식회사,G,방카슈랑스,0,0,외국생보사,D,SH027,형태별 보험료 수입(수납형태)
2623,201512,0010622,동양생명보험주식회사,H,기타,8572521000,35026391000,외국생보사,D,SH027,형태별 보험료 수입(수납형태)
2624,201603,0010622,동양생명보험주식회사,A,설계사,4604360000,4604360000,외국생보사,D,SH027,형태별 보험료 수입(수납형태)
2625,201603,0010622,동양생명보험주식회사,B,지로,81338000,81338000,외국생보사,D,SH027,형태별 보험료 수입(수납형태)
2626,201603,0010622,동양생명보험주식회사,C,자동이체,880986091000,880986091000,외국생보사,D,SH027,형태별 보험료 수입(수납형태)
2627,201603,0010622,동양생명보험주식회사,D,대리점,4102921000,4102921000,외국생보사,D,SH027,형태별 보험료 수입(수납형태)
2628,201603,0010622,동양생명보험주식회사,E,직납,118699023000,118699023000,외국생보사,D,SH027,형태별 보험료 수입(수납형태)
2629,201603,0010622,동양생명보험주식회사,F,신용카드,17210356000,17210356000,외국생보사,D,SH027,형태별 보험료 수입(수납형태)
2630,201603,0010622,동양생명보험주식회사,G,방카슈랑스,0,0,외국생보사,D,SH027,형태별 보험료 수입(수납형태)
2631,201603,0010622,동양생명보험주식회사,H,기타,8512676000,8512676000,외국생보사,D,SH027,형태별 보험료 수입(수납형태)
2632,201606,0010622,동양생명보험주식회사,A,설계사,4137553000,8741913000,외국생보사,D,SH027,형태별 보험료 수입(수납형태)
2633,201606,0010622,동양생명보험주식회사,B,지로,77632000,158970000,외국생보사,D,SH027,형태별 보험료 수입(수납형태)
2634,201606,0010622,동양생명보험주식회사,C,자동이체,875188546000,1756174637000,외국생보사,D,SH027,형태별 보험료 수입(수납형태)
2635,201606,0010622,동양생명보험주식회사,D,대리점,4162248000,8265169000,외국생보사,D,SH027,형태별 보험료 수입(수납형태)
2636,201606,0010622,동양생명보험주식회사,E,직납,91174202000,209873225000,외국생보사,D,SH027,형태별 보험료 수입(수납형태)
2637,201606,0010622,동양생명보험주식회사,F,신용카드,19213805000,36424161000,외국생보사,D,SH027,형태별 보험료 수입(수납형태)
2638,201606,0010622,동양생명보험주식회사,G,방카슈랑스,0,0,외국생보사,D,SH027,형태별 보험료 수입(수납형태)
2639,201606,0010622,동양생명보험주식회사,H,기타,8488501000,17001177000,외국생보사,D,SH027,형태별 보험료 수입(수납형태)
2640,201609,0010622,동양생명보험주식회사,A,설계사,4228412000,12970325000,외국생보사,D,SH027,형태별 보험료 수입(수납형태)
2641,201609,0010622,동양생명보험주식회사,B,지로,75247000,234217000,외국생보사,D,SH027,형태별 보험료 수입(수납형태)
2642,201609,0010622,동양생명보험주식회사,C,자동이체,876523598000,2632698235000,외국생보사,D,SH027,형태별 보험료 수입(수납형태)
2643,201609,0010622,동양생명보험주식회사,D,대리점,3792083000,12057252000,외국생보사,D,SH027,형태별 보험료 수입(수납형태)
2644,201609,0010622,동양생명보험주식회사,E,직납,100043411000,309916636000,외국생보사,D,SH027,형태별 보험료 수입(수납형태)
2645,201609,0010622,동양생명보험주식회사,F,신용카드,21170776000,57594937000,외국생보사,D,SH027,형태별 보험료 수입(수납형태)
2646,201609,0010622,동양생명보험주식회사,G,방카슈랑스,0,0,외국생보사,D,SH027,형태별 보험료 수입(수납형태)
2647,201609,0010622,동양생명보험주식회사,H,기타,8616718000,25617895000,외국생보사,D,SH027,형태별 보험료 수입(수납형태)
2648,201612,0010622,동양생명보험주식회사,A,설계사,4375322000,17345647000,외국생보사,D,SH027,형태별 보험료 수입(수납형태)
2649,201612,0010622,동양생명보험주식회사,B,지로,69298000,303515000,외국생보사,D,SH027,형태별 보험료 수입(수납형태)
2650,201612,0010622,동양생명보험주식회사,C,자동이체,883690911000,3516389146000,외국생보사,D,SH027,형태별 보험료 수입(수납형태)
2651,201612,0010622,동양생명보험주식회사,D,대리점,3582772000,15640024000,외국생보사,D,SH027,형태별 보험료 수입(수납형태)
2652,201612,0010622,동양생명보험주식회사,E,직납,210848312000,520764948000,외국생보사,D,SH027,형태별 보험료 수입(수납형태)
2653,201612,0010622,동양생명보험주식회사,F,신용카드,23146297000,80741234000,외국생보사,D,SH027,형태별 보험료 수입(수납형태)
2654,201612,0010622,동양생명보험주식회사,G,방카슈랑스,0,0,외국생보사,D,SH027,형태별 보험료 수입(수납형태)
2655,201612,0010622,동양생명보험주식회사,H,기타,8624332000,34242227000,외국생보사,D,SH027,형태별 보험료 수입(수납형태)
2656,201106,0011434,라이나생명보험주식회사,A,설계사,0,0,외국생보사,D,SH027,형태별 보험료 수입(수납형태)
2657,201106,0011434,라이나생명보험주식회사,B,지로,525839000,525839000,외국생보사,D,SH027,형태별 보험료 수입(수납형태)
2658,201106,0011434,라이나생명보험주식회사,C,자동이체,144596843000,144596843000,외국생보사,D,SH027,형태별 보험료 수입(수납형태)
2659,201106,0011434,라이나생명보험주식회사,D,대리점,0,0,외국생보사,D,SH027,형태별 보험료 수입(수납형태)
2660,201106,0011434,라이나생명보험주식회사,E,직납,6022348000,6022348000,외국생보사,D,SH027,형태별 보험료 수입(수납형태)
2661,201106,0011434,라이나생명보험주식회사,F,신용카드,88662428000,88662428000,외국생보사,D,SH027,형태별 보험료 수입(수납형태)
2662,201106,0011434,라이나생명보험주식회사,G,방카슈랑스,17197601000,17197601000,외국생보사,D,SH027,형태별 보험료 수입(수납형태)
2663,201106,0011434,라이나생명보험주식회사,H,기타,97641000,97641000,외국생보사,D,SH027,형태별 보험료 수입(수납형태)
2664,201109,0011434,라이나생명보험주식회사,A,설계사,0,0,외국생보사,D,SH027,형태별 보험료 수입(수납형태)
2665,201109,0011434,라이나생명보험주식회사,B,지로,540081000,1065920000,외국생보사,D,SH027,형태별 보험료 수입(수납형태)
2666,201109,0011434,라이나생명보험주식회사,C,자동이체,151333917000,295930760000,외국생보사,D,SH027,형태별 보험료 수입(수납형태)
2667,201109,0011434,라이나생명보험주식회사,D,대리점,0,0,외국생보사,D,SH027,형태별 보험료 수입(수납형태)
2668,201109,0011434,라이나생명보험주식회사,E,직납,6744154000,12766502000,외국생보사,D,SH027,형태별 보험료 수입(수납형태)
2669,201109,0011434,라이나생명보험주식회사,F,신용카드,93763435000,182425863000,외국생보사,D,SH027,형태별 보험료 수입(수납형태)
2670,201109,0011434,라이나생명보험주식회사,G,방카슈랑스,16885942000,34083543000,외국생보사,D,SH027,형태별 보험료 수입(수납형태)
2671,201109,0011434,라이나생명보험주식회사,H,기타,102877000,200518000,외국생보사,D,SH027,형태별 보험료 수입(수납형태)
2672,201112,0011434,라이나생명보험주식회사,A,설계사,0,0,외국생보사,D,SH027,형태별 보험료 수입(수납형태)
2673,201112,0011434,라이나생명보험주식회사,B,지로,525075000,1590995000,외국생보사,D,SH027,형태별 보험료 수입(수납형태)
2674,201112,0011434,라이나생명보험주식회사,C,자동이체,151774671000,447705431000,외국생보사,D,SH027,형태별 보험료 수입(수납형태)
2675,201112,0011434,라이나생명보험주식회사,D,대리점,0,0,외국생보사,D,SH027,형태별 보험료 수입(수납형태)
2676,201112,0011434,라이나생명보험주식회사,E,직납,7285420000,20051922000,외국생보사,D,SH027,형태별 보험료 수입(수납형태)
2677,201112,0011434,라이나생명보험주식회사,F,신용카드,98983052000,281408915000,외국생보사,D,SH027,형태별 보험료 수입(수납형태)
2678,201112,0011434,라이나생명보험주식회사,G,방카슈랑스,18025386000,52108929000,외국생보사,D,SH027,형태별 보험료 수입(수납형태)
2679,201112,0011434,라이나생명보험주식회사,H,기타,101661000,302179000,외국생보사,D,SH027,형태별 보험료 수입(수납형태)
2680,201203,0011434,라이나생명보험주식회사,A,설계사,0,0,외국생보사,D,SH027,형태별 보험료 수입(수납형태)
2681,201203,0011434,라이나생명보험주식회사,B,지로,506987000,2097982000,외국생보사,D,SH027,형태별 보험료 수입(수납형태)
2682,201203,0011434,라이나생명보험주식회사,C,자동이체,172220225000,619925656000,외국생보사,D,SH027,형태별 보험료 수입(수납형태)
2683,201203,0011434,라이나생명보험주식회사,D,대리점,0,0,외국생보사,D,SH027,형태별 보험료 수입(수납형태)
2684,201203,0011434,라이나생명보험주식회사,E,직납,7813927000,27865849000,외국생보사,D,SH027,형태별 보험료 수입(수납형태)
2685,201203,0011434,라이나생명보험주식회사,F,신용카드,104619543000,386028458000,외국생보사,D,SH027,형태별 보험료 수입(수납형태)
2686,201203,0011434,라이나생명보험주식회사,G,방카슈랑스,19549336000,71658265000,외국생보사,D,SH027,형태별 보험료 수입(수납형태)
2687,201203,0011434,라이나생명보험주식회사,H,기타,82398000,384577000,외국생보사,D,SH027,형태별 보험료 수입(수납형태)
2688,201206,0011434,라이나생명보험주식회사,A,설계사,0,0,외국생보사,D,SH027,형태별 보험료 수입(수납형태)
2689,201206,0011434,라이나생명보험주식회사,B,지로,374431000,374431000,외국생보사,D,SH027,형태별 보험료 수입(수납형태)
2690,201206,0011434,라이나생명보험주식회사,C,자동이체,164625434000,164625434000,외국생보사,D,SH027,형태별 보험료 수입(수납형태)
2691,201206,0011434,라이나생명보험주식회사,D,대리점,0,0,외국생보사,D,SH027,형태별 보험료 수입(수납형태)
2692,201206,0011434,라이나생명보험주식회사,E,직납,8298285000,8298285000,외국생보사,D,SH027,형태별 보험료 수입(수납형태)
2693,201206,0011434,라이나생명보험주식회사,F,신용카드,108541951000,108541951000,외국생보사,D,SH027,형태별 보험료 수입(수납형태)
2694,201206,0011434,라이나생명보험주식회사,G,방카슈랑스,15424492000,15424492000,외국생보사,D,SH027,형태별 보험료 수입(수납형태)
2695,201206,0011434,라이나생명보험주식회사,H,기타,91331000,91331000,외국생보사,D,SH027,형태별 보험료 수입(수납형태)
2696,201209,0011434,라이나생명보험주식회사,A,설계사,0,0,외국생보사,D,SH027,형태별 보험료 수입(수납형태)
2697,201209,0011434,라이나생명보험주식회사,B,지로,396031000,770462000,외국생보사,D,SH027,형태별 보험료 수입(수납형태)
2698,201209,0011434,라이나생명보험주식회사,C,자동이체,178416856000,343042290000,외국생보사,D,SH027,형태별 보험료 수입(수납형태)
2699,201209,0011434,라이나생명보험주식회사,D,대리점,0,0,외국생보사,D,SH027,형태별 보험료 수입(수납형태)
2700,201209,0011434,라이나생명보험주식회사,E,직납,8587019000,16885304000,외국생보사,D,SH027,형태별 보험료 수입(수납형태)
2701,201209,0011434,라이나생명보험주식회사,F,신용카드,113284146000,221826097000,외국생보사,D,SH027,형태별 보험료 수입(수납형태)
2702,201209,0011434,라이나생명보험주식회사,G,방카슈랑스,18130198000,33554690000,외국생보사,D,SH027,형태별 보험료 수입(수납형태)
2703,201209,0011434,라이나생명보험주식회사,H,기타,97699000,189030000,외국생보사,D,SH027,형태별 보험료 수입(수납형태)
2704,201212,0011434,라이나생명보험주식회사,A,설계사,0,0,외국생보사,D,SH027,형태별 보험료 수입(수납형태)
2705,201212,0011434,라이나생명보험주식회사,B,지로,381271000,1151733000,외국생보사,D,SH027,형태별 보험료 수입(수납형태)
2706,201212,0011434,라이나생명보험주식회사,C,자동이체,192071143000,535113433000,외국생보사,D,SH027,형태별 보험료 수입(수납형태)
2707,201212,0011434,라이나생명보험주식회사,D,대리점,0,0,외국생보사,D,SH027,형태별 보험료 수입(수납형태)
2708,201212,0011434,라이나생명보험주식회사,E,직납,9226321000,26111625000,외국생보사,D,SH027,형태별 보험료 수입(수납형태)
2709,201212,0011434,라이나생명보험주식회사,F,신용카드,118465837000,340291934000,외국생보사,D,SH027,형태별 보험료 수입(수납형태)
2710,201212,0011434,라이나생명보험주식회사,G,방카슈랑스,14663714000,48218404000,외국생보사,D,SH027,형태별 보험료 수입(수납형태)
2711,201212,0011434,라이나생명보험주식회사,H,기타,92628000,281658000,외국생보사,D,SH027,형태별 보험료 수입(수납형태)
2712,201303,0011434,라이나생명보험주식회사,A,설계사,0,0,외국생보사,D,SH027,형태별 보험료 수입(수납형태)
2713,201303,0011434,라이나생명보험주식회사,B,지로,401260000,1552993000,외국생보사,D,SH027,형태별 보험료 수입(수납형태)
2714,201303,0011434,라이나생명보험주식회사,C,자동이체,248299719000,783413152000,외국생보사,D,SH027,형태별 보험료 수입(수납형태)
2715,201303,0011434,라이나생명보험주식회사,D,대리점,0,0,외국생보사,D,SH027,형태별 보험료 수입(수납형태)
2716,201303,0011434,라이나생명보험주식회사,E,직납,10154134000,36265759000,외국생보사,D,SH027,형태별 보험료 수입(수납형태)
2717,201303,0011434,라이나생명보험주식회사,F,신용카드,123183245000,463475179000,외국생보사,D,SH027,형태별 보험료 수입(수납형태)
2718,201303,0011434,라이나생명보험주식회사,G,방카슈랑스,-48218404000,0,외국생보사,D,SH027,형태별 보험료 수입(수납형태)
2719,201303,0011434,라이나생명보험주식회사,H,기타,8353329000,8634987000,외국생보사,D,SH027,형태별 보험료 수입(수납형태)
2720,201306,0011434,라이나생명보험주식회사,A,설계사,0,0,외국생보사,D,SH027,형태별 보험료 수입(수납형태)
2721,201306,0011434,라이나생명보험주식회사,B,지로,290302000,290302000,외국생보사,D,SH027,형태별 보험료 수입(수납형태)
2722,201306,0011434,라이나생명보험주식회사,C,자동이체,203841238000,203841238000,외국생보사,D,SH027,형태별 보험료 수입(수납형태)
2723,201306,0011434,라이나생명보험주식회사,D,대리점,0,0,외국생보사,D,SH027,형태별 보험료 수입(수납형태)
2724,201306,0011434,라이나생명보험주식회사,E,직납,10807315000,10807315000,외국생보사,D,SH027,형태별 보험료 수입(수납형태)
2725,201306,0011434,라이나생명보험주식회사,F,신용카드,127472233000,127472233000,외국생보사,D,SH027,형태별 보험료 수입(수납형태)
2726,201306,0011434,라이나생명보험주식회사,G,방카슈랑스,0,0,외국생보사,D,SH027,형태별 보험료 수입(수납형태)
2727,201306,0011434,라이나생명보험주식회사,H,기타,2154322000,2154322000,외국생보사,D,SH027,형태별 보험료 수입(수납형태)
2728,201309,0011434,라이나생명보험주식회사,A,설계사,0,0,외국생보사,D,SH027,형태별 보험료 수입(수납형태)
2729,201309,0011434,라이나생명보험주식회사,B,지로,318535000,608837000,외국생보사,D,SH027,형태별 보험료 수입(수납형태)
2730,201309,0011434,라이나생명보험주식회사,C,자동이체,228672354000,432513592000,외국생보사,D,SH027,형태별 보험료 수입(수납형태)
2731,201309,0011434,라이나생명보험주식회사,D,대리점,0,0,외국생보사,D,SH027,형태별 보험료 수입(수납형태)
2732,201309,0011434,라이나생명보험주식회사,E,직납,11494532000,22301847000,외국생보사,D,SH027,형태별 보험료 수입(수납형태)
2733,201309,0011434,라이나생명보험주식회사,F,신용카드,133249001000,260721234000,외국생보사,D,SH027,형태별 보험료 수입(수납형태)
2734,201309,0011434,라이나생명보험주식회사,G,방카슈랑스,0,0,외국생보사,D,SH027,형태별 보험료 수입(수납형태)
2735,201309,0011434,라이나생명보험주식회사,H,기타,82809000,2237131000,외국생보사,D,SH027,형태별 보험료 수입(수납형태)
2736,201312,0011434,라이나생명보험주식회사,A,설계사,0,0,외국생보사,D,SH027,형태별 보험료 수입(수납형태)
2737,201312,0011434,라이나생명보험주식회사,B,지로,339890000,948727000,외국생보사,D,SH027,형태별 보험료 수입(수납형태)
2738,201312,0011434,라이나생명보험주식회사,C,자동이체,227542721000,660056313000,외국생보사,D,SH027,형태별 보험료 수입(수납형태)
2739,201312,0011434,라이나생명보험주식회사,D,대리점,0,0,외국생보사,D,SH027,형태별 보험료 수입(수납형태)
2740,201312,0011434,라이나생명보험주식회사,E,직납,11839520000,34141367000,외국생보사,D,SH027,형태별 보험료 수입(수납형태)
2741,201312,0011434,라이나생명보험주식회사,F,신용카드,137188432000,397909666000,외국생보사,D,SH027,형태별 보험료 수입(수납형태)
2742,201312,0011434,라이나생명보험주식회사,G,방카슈랑스,0,0,외국생보사,D,SH027,형태별 보험료 수입(수납형태)
2743,201312,0011434,라이나생명보험주식회사,H,기타,1408387000,3645518000,외국생보사,D,SH027,형태별 보험료 수입(수납형태)
2744,201403,0011434,라이나생명보험주식회사,A,설계사,0,0,외국생보사,D,SH027,형태별 보험료 수입(수납형태)
2745,201403,0011434,라이나생명보험주식회사,B,지로,258000000,258000000,외국생보사,D,SH027,형태별 보험료 수입(수납형태)
2746,201403,0011434,라이나생명보험주식회사,C,자동이체,234406205000,234406205000,외국생보사,D,SH027,형태별 보험료 수입(수납형태)
2747,201403,0011434,라이나생명보험주식회사,D,대리점,0,0,외국생보사,D,SH027,형태별 보험료 수입(수납형태)
2748,201403,0011434,라이나생명보험주식회사,E,직납,11908394000,11908394000,외국생보사,D,SH027,형태별 보험료 수입(수납형태)
2749,201403,0011434,라이나생명보험주식회사,F,신용카드,138813747000,138813747000,외국생보사,D,SH027,형태별 보험료 수입(수납형태)
2750,201403,0011434,라이나생명보험주식회사,G,방카슈랑스,0,0,외국생보사,D,SH027,형태별 보험료 수입(수납형태)
2751,201403,0011434,라이나생명보험주식회사,H,기타,406224000,406224000,외국생보사,D,SH027,형태별 보험료 수입(수납형태)
2752,201406,0011434,라이나생명보험주식회사,A,설계사,0,0,외국생보사,D,SH027,형태별 보험료 수입(수납형태)
2753,201406,0011434,라이나생명보험주식회사,B,지로,275205000,533205000,외국생보사,D,SH027,형태별 보험료 수입(수납형태)
2754,201406,0011434,라이나생명보험주식회사,C,자동이체,241185150000,475591355000,외국생보사,D,SH027,형태별 보험료 수입(수납형태)
2755,201406,0011434,라이나생명보험주식회사,D,대리점,0,0,외국생보사,D,SH027,형태별 보험료 수입(수납형태)
2756,201406,0011434,라이나생명보험주식회사,E,직납,12088445000,23996839000,외국생보사,D,SH027,형태별 보험료 수입(수납형태)
2757,201406,0011434,라이나생명보험주식회사,F,신용카드,142232836000,281046583000,외국생보사,D,SH027,형태별 보험료 수입(수납형태)
2758,201406,0011434,라이나생명보험주식회사,G,방카슈랑스,0,0,외국생보사,D,SH027,형태별 보험료 수입(수납형태)
2759,201406,0011434,라이나생명보험주식회사,H,기타,562827000,969051000,외국생보사,D,SH027,형태별 보험료 수입(수납형태)
2760,201409,0011434,라이나생명보험주식회사,A,설계사,0,0,외국생보사,D,SH027,형태별 보험료 수입(수납형태)
2761,201409,0011434,라이나생명보험주식회사,B,지로,276541000,809746000,외국생보사,D,SH027,형태별 보험료 수입(수납형태)
2762,201409,0011434,라이나생명보험주식회사,C,자동이체,248201109000,723792464000,외국생보사,D,SH027,형태별 보험료 수입(수납형태)
2763,201409,0011434,라이나생명보험주식회사,D,대리점,0,0,외국생보사,D,SH027,형태별 보험료 수입(수납형태)
2764,201409,0011434,라이나생명보험주식회사,E,직납,12309041000,36305880000,외국생보사,D,SH027,형태별 보험료 수입(수납형태)
2765,201409,0011434,라이나생명보험주식회사,F,신용카드,145092724000,426139307000,외국생보사,D,SH027,형태별 보험료 수입(수납형태)
2766,201409,0011434,라이나생명보험주식회사,G,방카슈랑스,0,0,외국생보사,D,SH027,형태별 보험료 수입(수납형태)
2767,201409,0011434,라이나생명보험주식회사,H,기타,441292000,1410343000,외국생보사,D,SH027,형태별 보험료 수입(수납형태)
2768,201412,0011434,라이나생명보험주식회사,A,설계사,0,0,외국생보사,D,SH027,형태별 보험료 수입(수납형태)
2769,201412,0011434,라이나생명보험주식회사,B,지로,290365000,1100111000,외국생보사,D,SH027,형태별 보험료 수입(수납형태)
2770,201412,0011434,라이나생명보험주식회사,C,자동이체,255357072000,979149536000,외국생보사,D,SH027,형태별 보험료 수입(수납형태)
2771,201412,0011434,라이나생명보험주식회사,D,대리점,0,0,외국생보사,D,SH027,형태별 보험료 수입(수납형태)
2772,201412,0011434,라이나생명보험주식회사,E,직납,12330011000,48635891000,외국생보사,D,SH027,형태별 보험료 수입(수납형태)
2773,201412,0011434,라이나생명보험주식회사,F,신용카드,147827859000,573967166000,외국생보사,D,SH027,형태별 보험료 수입(수납형태)
2774,201412,0011434,라이나생명보험주식회사,G,방카슈랑스,0,0,외국생보사,D,SH027,형태별 보험료 수입(수납형태)
2775,201412,0011434,라이나생명보험주식회사,H,기타,1642488000,3052831000,외국생보사,D,SH027,형태별 보험료 수입(수납형태)
2776,201503,0011434,라이나생명보험주식회사,A,설계사,0,0,외국생보사,D,SH027,형태별 보험료 수입(수납형태)
2777,201503,0011434,라이나생명보험주식회사,B,지로,197260000,197260000,외국생보사,D,SH027,형태별 보험료 수입(수납형태)
2778,201503,0011434,라이나생명보험주식회사,C,자동이체,261888716000,261888716000,외국생보사,D,SH027,형태별 보험료 수입(수납형태)
2779,201503,0011434,라이나생명보험주식회사,D,대리점,0,0,외국생보사,D,SH027,형태별 보험료 수입(수납형태)
2780,201503,0011434,라이나생명보험주식회사,E,직납,13095769000,13095769000,외국생보사,D,SH027,형태별 보험료 수입(수납형태)
2781,201503,0011434,라이나생명보험주식회사,F,신용카드,149821496000,149821496000,외국생보사,D,SH027,형태별 보험료 수입(수납형태)
2782,201503,0011434,라이나생명보험주식회사,G,방카슈랑스,0,0,외국생보사,D,SH027,형태별 보험료 수입(수납형태)
2783,201503,0011434,라이나생명보험주식회사,H,기타,1275909000,1275909000,외국생보사,D,SH027,형태별 보험료 수입(수납형태)
2784,201506,0011434,라이나생명보험주식회사,A,설계사,0,0,외국생보사,D,SH027,형태별 보험료 수입(수납형태)
2785,201506,0011434,라이나생명보험주식회사,B,지로,230625000,427885000,외국생보사,D,SH027,형태별 보험료 수입(수납형태)
2786,201506,0011434,라이나생명보험주식회사,C,자동이체,268253139000,530141855000,외국생보사,D,SH027,형태별 보험료 수입(수납형태)
2787,201506,0011434,라이나생명보험주식회사,D,대리점,0,0,외국생보사,D,SH027,형태별 보험료 수입(수납형태)
2788,201506,0011434,라이나생명보험주식회사,E,직납,13133294000,26229063000,외국생보사,D,SH027,형태별 보험료 수입(수납형태)
2789,201506,0011434,라이나생명보험주식회사,F,신용카드,153547491000,303368987000,외국생보사,D,SH027,형태별 보험료 수입(수납형태)
2790,201506,0011434,라이나생명보험주식회사,G,방카슈랑스,0,0,외국생보사,D,SH027,형태별 보험료 수입(수납형태)
2791,201506,0011434,라이나생명보험주식회사,H,기타,4582474000,5858383000,외국생보사,D,SH027,형태별 보험료 수입(수납형태)
2792,201509,0011434,라이나생명보험주식회사,A,설계사,0,0,외국생보사,D,SH027,형태별 보험료 수입(수납형태)
2793,201509,0011434,라이나생명보험주식회사,B,지로,210482000,638367000,외국생보사,D,SH027,형태별 보험료 수입(수납형태)
2794,201509,0011434,라이나생명보험주식회사,C,자동이체,275674999000,805816854000,외국생보사,D,SH027,형태별 보험료 수입(수납형태)
2795,201509,0011434,라이나생명보험주식회사,D,대리점,0,0,외국생보사,D,SH027,형태별 보험료 수입(수납형태)
2796,201509,0011434,라이나생명보험주식회사,E,직납,13455773000,39684836000,외국생보사,D,SH027,형태별 보험료 수입(수납형태)
2797,201509,0011434,라이나생명보험주식회사,F,신용카드,156981898000,460350885000,외국생보사,D,SH027,형태별 보험료 수입(수납형태)
2798,201509,0011434,라이나생명보험주식회사,G,방카슈랑스,0,0,외국생보사,D,SH027,형태별 보험료 수입(수납형태)
2799,201509,0011434,라이나생명보험주식회사,H,기타,10129572000,15987955000,외국생보사,D,SH027,형태별 보험료 수입(수납형태)
2800,201512,0011434,라이나생명보험주식회사,A,설계사,0,0,외국생보사,D,SH027,형태별 보험료 수입(수납형태)
2801,201512,0011434,라이나생명보험주식회사,B,지로,228844000,867211000,외국생보사,D,SH027,형태별 보험료 수입(수납형태)
2802,201512,0011434,라이나생명보험주식회사,C,자동이체,285637499000,1091454353000,외국생보사,D,SH027,형태별 보험료 수입(수납형태)
2803,201512,0011434,라이나생명보험주식회사,D,대리점,0,0,외국생보사,D,SH027,형태별 보험료 수입(수납형태)
2804,201512,0011434,라이나생명보험주식회사,E,직납,13950508000,53635344000,외국생보사,D,SH027,형태별 보험료 수입(수납형태)
2805,201512,0011434,라이나생명보험주식회사,F,신용카드,161809446000,622160331000,외국생보사,D,SH027,형태별 보험료 수입(수납형태)
2806,201512,0011434,라이나생명보험주식회사,G,방카슈랑스,0,0,외국생보사,D,SH027,형태별 보험료 수입(수납형태)
2807,201512,0011434,라이나생명보험주식회사,H,기타,14703471000,30691426000,외국생보사,D,SH027,형태별 보험료 수입(수납형태)
2808,201603,0011434,라이나생명보험주식회사,A,설계사,0,0,외국생보사,D,SH027,형태별 보험료 수입(수납형태)
2809,201603,0011434,라이나생명보험주식회사,B,지로,182249000,182249000,외국생보사,D,SH027,형태별 보험료 수입(수납형태)
2810,201603,0011434,라이나생명보험주식회사,C,자동이체,296890060000,296890060000,외국생보사,D,SH027,형태별 보험료 수입(수납형태)
2811,201603,0011434,라이나생명보험주식회사,D,대리점,0,0,외국생보사,D,SH027,형태별 보험료 수입(수납형태)
2812,201603,0011434,라이나생명보험주식회사,E,직납,14356603000,14356603000,외국생보사,D,SH027,형태별 보험료 수입(수납형태)
2813,201603,0011434,라이나생명보험주식회사,F,신용카드,166138246000,166138246000,외국생보사,D,SH027,형태별 보험료 수입(수납형태)
2814,201603,0011434,라이나생명보험주식회사,G,방카슈랑스,0,0,외국생보사,D,SH027,형태별 보험료 수입(수납형태)
2815,201603,0011434,라이나생명보험주식회사,H,기타,23076661000,23076661000,외국생보사,D,SH027,형태별 보험료 수입(수납형태)
2816,201606,0011434,라이나생명보험주식회사,A,설계사,0,0,외국생보사,D,SH027,형태별 보험료 수입(수납형태)
2817,201606,0011434,라이나생명보험주식회사,B,지로,192994000,375243000,외국생보사,D,SH027,형태별 보험료 수입(수납형태)
2818,201606,0011434,라이나생명보험주식회사,C,자동이체,306241053000,603131113000,외국생보사,D,SH027,형태별 보험료 수입(수납형태)
2819,201606,0011434,라이나생명보험주식회사,D,대리점,0,0,외국생보사,D,SH027,형태별 보험료 수입(수납형태)
2820,201606,0011434,라이나생명보험주식회사,E,직납,14623003000,28979606000,외국생보사,D,SH027,형태별 보험료 수입(수납형태)
2821,201606,0011434,라이나생명보험주식회사,F,신용카드,170672880000,336811126000,외국생보사,D,SH027,형태별 보험료 수입(수납형태)
2822,201606,0011434,라이나생명보험주식회사,G,방카슈랑스,0,0,외국생보사,D,SH027,형태별 보험료 수입(수납형태)
2823,201606,0011434,라이나생명보험주식회사,H,기타,41419724000,64496385000,외국생보사,D,SH027,형태별 보험료 수입(수납형태)
2824,201609,0011434,라이나생명보험주식회사,A,설계사,0,0,외국생보사,D,SH027,형태별 보험료 수입(수납형태)
2825,201609,0011434,라이나생명보험주식회사,B,지로,167146000,542389000,외국생보사,D,SH027,형태별 보험료 수입(수납형태)
2826,201609,0011434,라이나생명보험주식회사,C,자동이체,318781302000,921912415000,외국생보사,D,SH027,형태별 보험료 수입(수납형태)
2827,201609,0011434,라이나생명보험주식회사,D,대리점,0,0,외국생보사,D,SH027,형태별 보험료 수입(수납형태)
2828,201609,0011434,라이나생명보험주식회사,E,직납,15382996000,44362602000,외국생보사,D,SH027,형태별 보험료 수입(수납형태)
2829,201609,0011434,라이나생명보험주식회사,F,신용카드,175757460000,512568586000,외국생보사,D,SH027,형태별 보험료 수입(수납형태)
2830,201609,0011434,라이나생명보험주식회사,G,방카슈랑스,0,0,외국생보사,D,SH027,형태별 보험료 수입(수납형태)
2831,201609,0011434,라이나생명보험주식회사,H,기타,62457755000,126954140000,외국생보사,D,SH027,형태별 보험료 수입(수납형태)
2832,201612,0011434,라이나생명보험주식회사,A,설계사,0,0,외국생보사,D,SH027,형태별 보험료 수입(수납형태)
2833,201612,0011434,라이나생명보험주식회사,B,지로,196245000,738634000,외국생보사,D,SH027,형태별 보험료 수입(수납형태)
2834,201612,0011434,라이나생명보험주식회사,C,자동이체,326634019000,1248546434000,외국생보사,D,SH027,형태별 보험료 수입(수납형태)
2835,201612,0011434,라이나생명보험주식회사,D,대리점,0,0,외국생보사,D,SH027,형태별 보험료 수입(수납형태)
2836,201612,0011434,라이나생명보험주식회사,E,직납,15886710000,60249312000,외국생보사,D,SH027,형태별 보험료 수입(수납형태)
2837,201612,0011434,라이나생명보험주식회사,F,신용카드,181563290000,694131876000,외국생보사,D,SH027,형태별 보험료 수입(수납형태)
2838,201612,0011434,라이나생명보험주식회사,G,방카슈랑스,0,0,외국생보사,D,SH027,형태별 보험료 수입(수납형태)
2839,201612,0011434,라이나생명보험주식회사,H,기타,57683253000,184637393000,외국생보사,D,SH027,형태별 보험료 수입(수납형태)
2840,201106,0010620,메트라이프생명보험(주),A,설계사,15485776000,15485776000,외국생보사,D,SH027,형태별 보험료 수입(수납형태)
2841,201106,0010620,메트라이프생명보험(주),B,지로,544241000,544241000,외국생보사,D,SH027,형태별 보험료 수입(수납형태)
2842,201106,0010620,메트라이프생명보험(주),C,자동이체,527895060000,527895060000,외국생보사,D,SH027,형태별 보험료 수입(수납형태)
2843,201106,0010620,메트라이프생명보험(주),D,대리점,37139003000,37139003000,외국생보사,D,SH027,형태별 보험료 수입(수납형태)
2844,201106,0010620,메트라이프생명보험(주),E,직납,1954564000,1954564000,외국생보사,D,SH027,형태별 보험료 수입(수납형태)
2845,201106,0010620,메트라이프생명보험(주),F,신용카드,1308428000,1308428000,외국생보사,D,SH027,형태별 보험료 수입(수납형태)
2846,201106,0010620,메트라이프생명보험(주),G,방카슈랑스,10570675000,10570675000,외국생보사,D,SH027,형태별 보험료 수입(수납형태)
2847,201106,0010620,메트라이프생명보험(주),H,기타,5916210000,5916210000,외국생보사,D,SH027,형태별 보험료 수입(수납형태)
2848,201109,0010620,메트라이프생명보험(주),A,설계사,18349127000,33834903000,외국생보사,D,SH027,형태별 보험료 수입(수납형태)
2849,201109,0010620,메트라이프생명보험(주),B,지로,513719000,1057960000,외국생보사,D,SH027,형태별 보험료 수입(수납형태)
2850,201109,0010620,메트라이프생명보험(주),C,자동이체,554419571000,1082314631000,외국생보사,D,SH027,형태별 보험료 수입(수납형태)
2851,201109,0010620,메트라이프생명보험(주),D,대리점,42857945000,79996948000,외국생보사,D,SH027,형태별 보험료 수입(수납형태)
2852,201109,0010620,메트라이프생명보험(주),E,직납,6764288000,8718852000,외국생보사,D,SH027,형태별 보험료 수입(수납형태)
2853,201109,0010620,메트라이프생명보험(주),F,신용카드,1809756000,3118184000,외국생보사,D,SH027,형태별 보험료 수입(수납형태)
2854,201109,0010620,메트라이프생명보험(주),G,방카슈랑스,10199917000,20770592000,외국생보사,D,SH027,형태별 보험료 수입(수납형태)
2855,201109,0010620,메트라이프생명보험(주),H,기타,6326962000,12243172000,외국생보사,D,SH027,형태별 보험료 수입(수납형태)
2856,201112,0010620,메트라이프생명보험(주),A,설계사,18710338000,52545241000,외국생보사,D,SH027,형태별 보험료 수입(수납형태)
2857,201112,0010620,메트라이프생명보험(주),B,지로,490330000,1548290000,외국생보사,D,SH027,형태별 보험료 수입(수납형태)
2858,201112,0010620,메트라이프생명보험(주),C,자동이체,565877623000,1648192254000,외국생보사,D,SH027,형태별 보험료 수입(수납형태)
2859,201112,0010620,메트라이프생명보험(주),D,대리점,48216627000,128213575000,외국생보사,D,SH027,형태별 보험료 수입(수납형태)
2860,201112,0010620,메트라이프생명보험(주),E,직납,34626672000,43345524000,외국생보사,D,SH027,형태별 보험료 수입(수납형태)
2861,201112,0010620,메트라이프생명보험(주),F,신용카드,220852000,3339036000,외국생보사,D,SH027,형태별 보험료 수입(수납형태)
2862,201112,0010620,메트라이프생명보험(주),G,방카슈랑스,9569604000,30340196000,외국생보사,D,SH027,형태별 보험료 수입(수납형태)
2863,201112,0010620,메트라이프생명보험(주),H,기타,6479511000,18722683000,외국생보사,D,SH027,형태별 보험료 수입(수납형태)
2864,201203,0010620,메트라이프생명보험(주),A,설계사,19275889000,71821130000,외국생보사,D,SH027,형태별 보험료 수입(수납형태)
2865,201203,0010620,메트라이프생명보험(주),B,지로,442832000,1991122000,외국생보사,D,SH027,형태별 보험료 수입(수납형태)
2866,201203,0010620,메트라이프생명보험(주),C,자동이체,574025566000,2222217820000,외국생보사,D,SH027,형태별 보험료 수입(수납형태)
2867,201203,0010620,메트라이프생명보험(주),D,대리점,54077492000,182291067000,외국생보사,D,SH027,형태별 보험료 수입(수납형태)
2868,201203,0010620,메트라이프생명보험(주),E,직납,1422369000,44767893000,외국생보사,D,SH027,형태별 보험료 수입(수납형태)
2869,201203,0010620,메트라이프생명보험(주),F,신용카드,-290000,3338746000,외국생보사,D,SH027,형태별 보험료 수입(수납형태)
2870,201203,0010620,메트라이프생명보험(주),G,방카슈랑스,8872951000,39213147000,외국생보사,D,SH027,형태별 보험료 수입(수납형태)
2871,201203,0010620,메트라이프생명보험(주),H,기타,6469576000,25192259000,외국생보사,D,SH027,형태별 보험료 수입(수납형태)
2872,201206,0010620,메트라이프생명보험(주),A,설계사,17973290000,17973290000,외국생보사,D,SH027,형태별 보험료 수입(수납형태)
2873,201206,0010620,메트라이프생명보험(주),B,지로,399566000,399566000,외국생보사,D,SH027,형태별 보험료 수입(수납형태)
2874,201206,0010620,메트라이프생명보험(주),C,자동이체,583293706000,583293706000,외국생보사,D,SH027,형태별 보험료 수입(수납형태)
2875,201206,0010620,메트라이프생명보험(주),D,대리점,60928973000,60928973000,외국생보사,D,SH027,형태별 보험료 수입(수납형태)
2876,201206,0010620,메트라이프생명보험(주),E,직납,1056400000,1056400000,외국생보사,D,SH027,형태별 보험료 수입(수납형태)
2877,201206,0010620,메트라이프생명보험(주),F,신용카드,-2279000,-2279000,외국생보사,D,SH027,형태별 보험료 수입(수납형태)
2878,201206,0010620,메트라이프생명보험(주),G,방카슈랑스,8238156000,8238156000,외국생보사,D,SH027,형태별 보험료 수입(수납형태)
2879,201206,0010620,메트라이프생명보험(주),H,기타,6174193000,6174193000,외국생보사,D,SH027,형태별 보험료 수입(수납형태)
2880,201209,0010620,메트라이프생명보험(주),A,설계사,17209310000,35182600000,외국생보사,D,SH027,형태별 보험료 수입(수납형태)
2881,201209,0010620,메트라이프생명보험(주),B,지로,344981000,744547000,외국생보사,D,SH027,형태별 보험료 수입(수납형태)
2882,201209,0010620,메트라이프생명보험(주),C,자동이체,581482476000,1164776182000,외국생보사,D,SH027,형태별 보험료 수입(수납형태)
2883,201209,0010620,메트라이프생명보험(주),D,대리점,68916087000,129845060000,외국생보사,D,SH027,형태별 보험료 수입(수납형태)
2884,201209,0010620,메트라이프생명보험(주),E,직납,1156562000,2212962000,외국생보사,D,SH027,형태별 보험료 수입(수납형태)
2885,201209,0010620,메트라이프생명보험(주),F,신용카드,-1203000,-3482000,외국생보사,D,SH027,형태별 보험료 수입(수납형태)
2886,201209,0010620,메트라이프생명보험(주),G,방카슈랑스,7115252000,15353408000,외국생보사,D,SH027,형태별 보험료 수입(수납형태)
2887,201209,0010620,메트라이프생명보험(주),H,기타,5682726000,11856919000,외국생보사,D,SH027,형태별 보험료 수입(수납형태)
2888,201212,0010620,메트라이프생명보험(주),A,설계사,17810995000,52993595000,외국생보사,D,SH027,형태별 보험료 수입(수납형태)
2889,201212,0010620,메트라이프생명보험(주),B,지로,314156000,1058703000,외국생보사,D,SH027,형태별 보험료 수입(수납형태)
2890,201212,0010620,메트라이프생명보험(주),C,자동이체,575692708000,1740468890000,외국생보사,D,SH027,형태별 보험료 수입(수납형태)
2891,201212,0010620,메트라이프생명보험(주),D,대리점,74709723000,204554783000,외국생보사,D,SH027,형태별 보험료 수입(수납형태)
2892,201212,0010620,메트라이프생명보험(주),E,직납,2123878000,4336840000,외국생보사,D,SH027,형태별 보험료 수입(수납형태)
2893,201212,0010620,메트라이프생명보험(주),F,신용카드,-121000,-3603000,외국생보사,D,SH027,형태별 보험료 수입(수납형태)
2894,201212,0010620,메트라이프생명보험(주),G,방카슈랑스,5543714000,20897122000,외국생보사,D,SH027,형태별 보험료 수입(수납형태)
2895,201212,0010620,메트라이프생명보험(주),H,기타,5329810000,17186729000,외국생보사,D,SH027,형태별 보험료 수입(수납형태)
2896,201303,0010620,메트라이프생명보험(주),A,설계사,18627100000,71620695000,외국생보사,D,SH027,형태별 보험료 수입(수납형태)
2897,201303,0010620,메트라이프생명보험(주),B,지로,299421000,1358124000,외국생보사,D,SH027,형태별 보험료 수입(수납형태)
2898,201303,0010620,메트라이프생명보험(주),C,자동이체,584596826000,2325065716000,외국생보사,D,SH027,형태별 보험료 수입(수납형태)
2899,201303,0010620,메트라이프생명보험(주),D,대리점,85717944000,290272727000,외국생보사,D,SH027,형태별 보험료 수입(수납형태)
2900,201303,0010620,메트라이프생명보험(주),E,직납,1230712000,5567552000,외국생보사,D,SH027,형태별 보험료 수입(수납형태)
2901,201303,0010620,메트라이프생명보험(주),F,신용카드,2036820000,2033217000,외국생보사,D,SH027,형태별 보험료 수입(수납형태)
2902,201303,0010620,메트라이프생명보험(주),G,방카슈랑스,5937224000,26834346000,외국생보사,D,SH027,형태별 보험료 수입(수납형태)
2903,201303,0010620,메트라이프생명보험(주),H,기타,5315155000,22501884000,외국생보사,D,SH027,형태별 보험료 수입(수납형태)
2904,201306,0010620,메트라이프생명보험(주),A,설계사,21430684000,21430684000,외국생보사,D,SH027,형태별 보험료 수입(수납형태)
2905,201306,0010620,메트라이프생명보험(주),B,지로,278870000,278870000,외국생보사,D,SH027,형태별 보험료 수입(수납형태)
2906,201306,0010620,메트라이프생명보험(주),C,자동이체,679467602000,679467602000,외국생보사,D,SH027,형태별 보험료 수입(수납형태)
2907,201306,0010620,메트라이프생명보험(주),D,대리점,0,0,외국생보사,D,SH027,형태별 보험료 수입(수납형태)
2908,201306,0010620,메트라이프생명보험(주),E,직납,1276441000,1276441000,외국생보사,D,SH027,형태별 보험료 수입(수납형태)
2909,201306,0010620,메트라이프생명보험(주),F,신용카드,1926517000,1926517000,외국생보사,D,SH027,형태별 보험료 수입(수납형태)
2910,201306,0010620,메트라이프생명보험(주),G,방카슈랑스,1612281000,1612281000,외국생보사,D,SH027,형태별 보험료 수입(수납형태)
2911,201306,0010620,메트라이프생명보험(주),H,기타,4765391000,4765391000,외국생보사,D,SH027,형태별 보험료 수입(수납형태)
2912,201309,0010620,메트라이프생명보험(주),A,설계사,21204377000,42635061000,외국생보사,D,SH027,형태별 보험료 수입(수납형태)
2913,201309,0010620,메트라이프생명보험(주),B,지로,265712000,544582000,외국생보사,D,SH027,형태별 보험료 수입(수납형태)
2914,201309,0010620,메트라이프생명보험(주),C,자동이체,684376040000,1363843642000,외국생보사,D,SH027,형태별 보험료 수입(수납형태)
2915,201309,0010620,메트라이프생명보험(주),D,대리점,0,0,외국생보사,D,SH027,형태별 보험료 수입(수납형태)
2916,201309,0010620,메트라이프생명보험(주),E,직납,1476244000,2752685000,외국생보사,D,SH027,형태별 보험료 수입(수납형태)
2917,201309,0010620,메트라이프생명보험(주),F,신용카드,1823960000,3750477000,외국생보사,D,SH027,형태별 보험료 수입(수납형태)
2918,201309,0010620,메트라이프생명보험(주),G,방카슈랑스,2340469000,3952750000,외국생보사,D,SH027,형태별 보험료 수입(수납형태)
2919,201309,0010620,메트라이프생명보험(주),H,기타,4650253000,9415644000,외국생보사,D,SH027,형태별 보험료 수입(수납형태)
2920,201312,0010620,메트라이프생명보험(주),A,설계사,22019584000,64654645000,외국생보사,D,SH027,형태별 보험료 수입(수납형태)
2921,201312,0010620,메트라이프생명보험(주),B,지로,272419000,817001000,외국생보사,D,SH027,형태별 보험료 수입(수납형태)
2922,201312,0010620,메트라이프생명보험(주),C,자동이체,703154342000,2066997984000,외국생보사,D,SH027,형태별 보험료 수입(수납형태)
2923,201312,0010620,메트라이프생명보험(주),D,대리점,0,0,외국생보사,D,SH027,형태별 보험료 수입(수납형태)
2924,201312,0010620,메트라이프생명보험(주),E,직납,2029034000,4781719000,외국생보사,D,SH027,형태별 보험료 수입(수납형태)
2925,201312,0010620,메트라이프생명보험(주),F,신용카드,1749948000,5500425000,외국생보사,D,SH027,형태별 보험료 수입(수납형태)
2926,201312,0010620,메트라이프생명보험(주),G,방카슈랑스,5391186000,9343936000,외국생보사,D,SH027,형태별 보험료 수입(수납형태)
2927,201312,0010620,메트라이프생명보험(주),H,기타,4505928000,13921572000,외국생보사,D,SH027,형태별 보험료 수입(수납형태)
2928,201403,0010620,메트라이프생명보험(주),A,설계사,24033559000,24033559000,외국생보사,D,SH027,형태별 보험료 수입(수납형태)
2929,201403,0010620,메트라이프생명보험(주),B,지로,269234000,269234000,외국생보사,D,SH027,형태별 보험료 수입(수납형태)
2930,201403,0010620,메트라이프생명보험(주),C,자동이체,720578198000,720578198000,외국생보사,D,SH027,형태별 보험료 수입(수납형태)
2931,201403,0010620,메트라이프생명보험(주),D,대리점,0,0,외국생보사,D,SH027,형태별 보험료 수입(수납형태)
2932,201403,0010620,메트라이프생명보험(주),E,직납,1949704000,1949704000,외국생보사,D,SH027,형태별 보험료 수입(수납형태)
2933,201403,0010620,메트라이프생명보험(주),F,신용카드,1647327000,1647327000,외국생보사,D,SH027,형태별 보험료 수입(수납형태)
2934,201403,0010620,메트라이프생명보험(주),G,방카슈랑스,5145318000,5145318000,외국생보사,D,SH027,형태별 보험료 수입(수납형태)
2935,201403,0010620,메트라이프생명보험(주),H,기타,4438167000,4438167000,외국생보사,D,SH027,형태별 보험료 수입(수납형태)
2936,201406,0010620,메트라이프생명보험(주),A,설계사,24738946000,48772505000,외국생보사,D,SH027,형태별 보험료 수입(수납형태)
2937,201406,0010620,메트라이프생명보험(주),B,지로,235720000,504954000,외국생보사,D,SH027,형태별 보험료 수입(수납형태)
2938,201406,0010620,메트라이프생명보험(주),C,자동이체,727091471000,1447669669000,외국생보사,D,SH027,형태별 보험료 수입(수납형태)
2939,201406,0010620,메트라이프생명보험(주),D,대리점,0,0,외국생보사,D,SH027,형태별 보험료 수입(수납형태)
2940,201406,0010620,메트라이프생명보험(주),E,직납,1918215000,3867919000,외국생보사,D,SH027,형태별 보험료 수입(수납형태)
2941,201406,0010620,메트라이프생명보험(주),F,신용카드,1533859000,3181186000,외국생보사,D,SH027,형태별 보험료 수입(수납형태)
2942,201406,0010620,메트라이프생명보험(주),G,방카슈랑스,5909974000,11055292000,외국생보사,D,SH027,형태별 보험료 수입(수납형태)
2943,201406,0010620,메트라이프생명보험(주),H,기타,4156448000,8594615000,외국생보사,D,SH027,형태별 보험료 수입(수납형태)
2944,201409,0010620,메트라이프생명보험(주),A,설계사,25559962000,74332467000,외국생보사,D,SH027,형태별 보험료 수입(수납형태)
2945,201409,0010620,메트라이프생명보험(주),B,지로,219900000,724854000,외국생보사,D,SH027,형태별 보험료 수입(수납형태)
2946,201409,0010620,메트라이프생명보험(주),C,자동이체,735051422000,2182721091000,외국생보사,D,SH027,형태별 보험료 수입(수납형태)
2947,201409,0010620,메트라이프생명보험(주),D,대리점,0,0,외국생보사,D,SH027,형태별 보험료 수입(수납형태)
2948,201409,0010620,메트라이프생명보험(주),E,직납,2122760000,5990679000,외국생보사,D,SH027,형태별 보험료 수입(수납형태)
2949,201409,0010620,메트라이프생명보험(주),F,신용카드,1402816000,4584002000,외국생보사,D,SH027,형태별 보험료 수입(수납형태)
2950,201409,0010620,메트라이프생명보험(주),G,방카슈랑스,6991472000,18046764000,외국생보사,D,SH027,형태별 보험료 수입(수납형태)
2951,201409,0010620,메트라이프생명보험(주),H,기타,4042387000,12637002000,외국생보사,D,SH027,형태별 보험료 수입(수납형태)
2952,201412,0010620,메트라이프생명보험(주),A,설계사,28411323000,102743790000,외국생보사,D,SH027,형태별 보험료 수입(수납형태)
2953,201412,0010620,메트라이프생명보험(주),B,지로,202141000,926995000,외국생보사,D,SH027,형태별 보험료 수입(수납형태)
2954,201412,0010620,메트라이프생명보험(주),C,자동이체,750611684000,2933332775000,외국생보사,D,SH027,형태별 보험료 수입(수납형태)
2955,201412,0010620,메트라이프생명보험(주),D,대리점,0,0,외국생보사,D,SH027,형태별 보험료 수입(수납형태)
2956,201412,0010620,메트라이프생명보험(주),E,직납,2607571000,8598250000,외국생보사,D,SH027,형태별 보험료 수입(수납형태)
2957,201412,0010620,메트라이프생명보험(주),F,신용카드,1276643000,5860645000,외국생보사,D,SH027,형태별 보험료 수입(수납형태)
2958,201412,0010620,메트라이프생명보험(주),G,방카슈랑스,6698706000,24745470000,외국생보사,D,SH027,형태별 보험료 수입(수납형태)
2959,201412,0010620,메트라이프생명보험(주),H,기타,3866504000,16503506000,외국생보사,D,SH027,형태별 보험료 수입(수납형태)
2960,201503,0010620,메트라이프생명보험(주),A,설계사,26464703000,26464703000,외국생보사,D,SH027,형태별 보험료 수입(수납형태)
2961,201503,0010620,메트라이프생명보험(주),B,지로,221055000,221055000,외국생보사,D,SH027,형태별 보험료 수입(수납형태)
2962,201503,0010620,메트라이프생명보험(주),C,자동이체,758210010000,758210010000,외국생보사,D,SH027,형태별 보험료 수입(수납형태)
2963,201503,0010620,메트라이프생명보험(주),D,대리점,0,0,외국생보사,D,SH027,형태별 보험료 수입(수납형태)
2964,201503,0010620,메트라이프생명보험(주),E,직납,1362667000,1362667000,외국생보사,D,SH027,형태별 보험료 수입(수납형태)
2965,201503,0010620,메트라이프생명보험(주),F,신용카드,1170379000,1170379000,외국생보사,D,SH027,형태별 보험료 수입(수납형태)
2966,201503,0010620,메트라이프생명보험(주),G,방카슈랑스,6448172000,6448172000,외국생보사,D,SH027,형태별 보험료 수입(수납형태)
2967,201503,0010620,메트라이프생명보험(주),H,기타,3796741000,3796741000,외국생보사,D,SH027,형태별 보험료 수입(수납형태)
2968,201506,0010620,메트라이프생명보험(주),A,설계사,26992654000,53457357000,외국생보사,D,SH027,형태별 보험료 수입(수납형태)
2969,201506,0010620,메트라이프생명보험(주),B,지로,166721000,387776000,외국생보사,D,SH027,형태별 보험료 수입(수납형태)
2970,201506,0010620,메트라이프생명보험(주),C,자동이체,761689320000,1519899330000,외국생보사,D,SH027,형태별 보험료 수입(수납형태)
2971,201506,0010620,메트라이프생명보험(주),D,대리점,0,0,외국생보사,D,SH027,형태별 보험료 수입(수납형태)
2972,201506,0010620,메트라이프생명보험(주),E,직납,1185597000,2548264000,외국생보사,D,SH027,형태별 보험료 수입(수납형태)
2973,201506,0010620,메트라이프생명보험(주),F,신용카드,1089250000,2259629000,외국생보사,D,SH027,형태별 보험료 수입(수납형태)
2974,201506,0010620,메트라이프생명보험(주),G,방카슈랑스,6247749000,12695921000,외국생보사,D,SH027,형태별 보험료 수입(수납형태)
2975,201506,0010620,메트라이프생명보험(주),H,기타,3599420000,7396161000,외국생보사,D,SH027,형태별 보험료 수입(수납형태)
2976,201509,0010620,메트라이프생명보험(주),A,설계사,26336265000,79793622000,외국생보사,D,SH027,형태별 보험료 수입(수납형태)
2977,201509,0010620,메트라이프생명보험(주),B,지로,147732000,535508000,외국생보사,D,SH027,형태별 보험료 수입(수납형태)
2978,201509,0010620,메트라이프생명보험(주),C,자동이체,759553057000,2279452387000,외국생보사,D,SH027,형태별 보험료 수입(수납형태)
2979,201509,0010620,메트라이프생명보험(주),D,대리점,0,0,외국생보사,D,SH027,형태별 보험료 수입(수납형태)
2980,201509,0010620,메트라이프생명보험(주),E,직납,1083981000,3632245000,외국생보사,D,SH027,형태별 보험료 수입(수납형태)
2981,201509,0010620,메트라이프생명보험(주),F,신용카드,1011650000,3271279000,외국생보사,D,SH027,형태별 보험료 수입(수납형태)
2982,201509,0010620,메트라이프생명보험(주),G,방카슈랑스,4948557000,17644478000,외국생보사,D,SH027,형태별 보험료 수입(수납형태)
2983,201509,0010620,메트라이프생명보험(주),H,기타,3495141000,10891302000,외국생보사,D,SH027,형태별 보험료 수입(수납형태)
2984,201512,0010620,메트라이프생명보험(주),A,설계사,29336895000,109130517000,외국생보사,D,SH027,형태별 보험료 수입(수납형태)
2985,201512,0010620,메트라이프생명보험(주),B,지로,144647000,680155000,외국생보사,D,SH027,형태별 보험료 수입(수납형태)
2986,201512,0010620,메트라이프생명보험(주),C,자동이체,773621657000,3053074044000,외국생보사,D,SH027,형태별 보험료 수입(수납형태)
2987,201512,0010620,메트라이프생명보험(주),D,대리점,0,0,외국생보사,D,SH027,형태별 보험료 수입(수납형태)
2988,201512,0010620,메트라이프생명보험(주),E,직납,1509130000,5141375000,외국생보사,D,SH027,형태별 보험료 수입(수납형태)
2989,201512,0010620,메트라이프생명보험(주),F,신용카드,943083000,4214362000,외국생보사,D,SH027,형태별 보험료 수입(수납형태)
2990,201512,0010620,메트라이프생명보험(주),G,방카슈랑스,4076099000,21720577000,외국생보사,D,SH027,형태별 보험료 수입(수납형태)
2991,201512,0010620,메트라이프생명보험(주),H,기타,3467923000,14359225000,외국생보사,D,SH027,형태별 보험료 수입(수납형태)
2992,201603,0010620,메트라이프생명보험(주),A,설계사,28400275000,28400275000,외국생보사,D,SH027,형태별 보험료 수입(수납형태)
2993,201603,0010620,메트라이프생명보험(주),B,지로,135881000,135881000,외국생보사,D,SH027,형태별 보험료 수입(수납형태)
2994,201603,0010620,메트라이프생명보험(주),C,자동이체,767620691000,767620691000,외국생보사,D,SH027,형태별 보험료 수입(수납형태)
2995,201603,0010620,메트라이프생명보험(주),D,대리점,0,0,외국생보사,D,SH027,형태별 보험료 수입(수납형태)
2996,201603,0010620,메트라이프생명보험(주),E,직납,1395549000,1395549000,외국생보사,D,SH027,형태별 보험료 수입(수납형태)
2997,201603,0010620,메트라이프생명보험(주),F,신용카드,882901000,882901000,외국생보사,D,SH027,형태별 보험료 수입(수납형태)
2998,201603,0010620,메트라이프생명보험(주),G,방카슈랑스,4306984000,4306984000,외국생보사,D,SH027,형태별 보험료 수입(수납형태)
2999,201603,0010620,메트라이프생명보험(주),H,기타,3436314000,3436314000,외국생보사,D,SH027,형태별 보험료 수입(수납형태)
3000,201606,0010620,메트라이프생명보험(주),A,설계사,26673499000,55073774000,외국생보사,D,SH027,형태별 보험료 수입(수납형태)
3001,201606,0010620,메트라이프생명보험(주),B,지로,115219000,251100000,외국생보사,D,SH027,형태별 보험료 수입(수납형태)
3002,201606,0010620,메트라이프생명보험(주),C,자동이체,761150741000,1528771432000,외국생보사,D,SH027,형태별 보험료 수입(수납형태)
3003,201606,0010620,메트라이프생명보험(주),D,대리점,0,0,외국생보사,D,SH027,형태별 보험료 수입(수납형태)
3004,201606,0010620,메트라이프생명보험(주),E,직납,1197407000,2592956000,외국생보사,D,SH027,형태별 보험료 수입(수납형태)
3005,201606,0010620,메트라이프생명보험(주),F,신용카드,840273000,1723174000,외국생보사,D,SH027,형태별 보험료 수입(수납형태)
3006,201606,0010620,메트라이프생명보험(주),G,방카슈랑스,3155600000,7462584000,외국생보사,D,SH027,형태별 보험료 수입(수납형태)
3007,201606,0010620,메트라이프생명보험(주),H,기타,3224931000,6661245000,외국생보사,D,SH027,형태별 보험료 수입(수납형태)
3008,201609,0010620,메트라이프생명보험(주),A,설계사,27530581000,82604355000,외국생보사,D,SH027,형태별 보험료 수입(수납형태)
3009,201609,0010620,메트라이프생명보험(주),B,지로,97975000,349075000,외국생보사,D,SH027,형태별 보험료 수입(수납형태)
3010,201609,0010620,메트라이프생명보험(주),C,자동이체,754935749000,2283707181000,외국생보사,D,SH027,형태별 보험료 수입(수납형태)
3011,201609,0010620,메트라이프생명보험(주),D,대리점,0,0,외국생보사,D,SH027,형태별 보험료 수입(수납형태)
3012,201609,0010620,메트라이프생명보험(주),E,직납,1099640000,3692596000,외국생보사,D,SH027,형태별 보험료 수입(수납형태)
3013,201609,0010620,메트라이프생명보험(주),F,신용카드,816706000,2539880000,외국생보사,D,SH027,형태별 보험료 수입(수납형태)
3014,201609,0010620,메트라이프생명보험(주),G,방카슈랑스,3607046000,11069630000,외국생보사,D,SH027,형태별 보험료 수입(수납형태)
3015,201609,0010620,메트라이프생명보험(주),H,기타,3006130000,9667375000,외국생보사,D,SH027,형태별 보험료 수입(수납형태)
3016,201612,0010620,메트라이프생명보험(주),A,설계사,28158450000,110762805000,외국생보사,D,SH027,형태별 보험료 수입(수납형태)
3017,201612,0010620,메트라이프생명보험(주),B,지로,85808000,434883000,외국생보사,D,SH027,형태별 보험료 수입(수납형태)
3018,201612,0010620,메트라이프생명보험(주),C,자동이체,750267965000,3033975146000,외국생보사,D,SH027,형태별 보험료 수입(수납형태)
3019,201612,0010620,메트라이프생명보험(주),D,대리점,0,0,외국생보사,D,SH027,형태별 보험료 수입(수납형태)
3020,201612,0010620,메트라이프생명보험(주),E,직납,1506063000,5198659000,외국생보사,D,SH027,형태별 보험료 수입(수납형태)
3021,201612,0010620,메트라이프생명보험(주),F,신용카드,799196000,3339076000,외국생보사,D,SH027,형태별 보험료 수입(수납형태)
3022,201612,0010620,메트라이프생명보험(주),G,방카슈랑스,2742644000,13812274000,외국생보사,D,SH027,형태별 보험료 수입(수납형태)
3023,201612,0010620,메트라이프생명보험(주),H,기타,2794339000,12461714000,외국생보사,D,SH027,형태별 보험료 수입(수납형태)
3024,201106,0011226,비엔피파리바카디프생명보험주식회사,A,설계사,0,0,외국생보사,D,SH027,형태별 보험료 수입(수납형태)
3025,201106,0011226,비엔피파리바카디프생명보험주식회사,B,지로,0,0,외국생보사,D,SH027,형태별 보험료 수입(수납형태)
3026,201106,0011226,비엔피파리바카디프생명보험주식회사,C,자동이체,686974000,686974000,외국생보사,D,SH027,형태별 보험료 수입(수납형태)
3027,201106,0011226,비엔피파리바카디프생명보험주식회사,D,대리점,0,0,외국생보사,D,SH027,형태별 보험료 수입(수납형태)
3028,201106,0011226,비엔피파리바카디프생명보험주식회사,E,직납,28219000,28219000,외국생보사,D,SH027,형태별 보험료 수입(수납형태)
3029,201106,0011226,비엔피파리바카디프생명보험주식회사,F,신용카드,1826526000,1826526000,외국생보사,D,SH027,형태별 보험료 수입(수납형태)
3030,201106,0011226,비엔피파리바카디프생명보험주식회사,G,방카슈랑스,50776557000,50776557000,외국생보사,D,SH027,형태별 보험료 수입(수납형태)
3031,201106,0011226,비엔피파리바카디프생명보험주식회사,H,기타,74980000,74980000,외국생보사,D,SH027,형태별 보험료 수입(수납형태)
3032,201109,0011226,비엔피파리바카디프생명보험주식회사,A,설계사,0,0,외국생보사,D,SH027,형태별 보험료 수입(수납형태)
3033,201109,0011226,비엔피파리바카디프생명보험주식회사,B,지로,0,0,외국생보사,D,SH027,형태별 보험료 수입(수납형태)
3034,201109,0011226,비엔피파리바카디프생명보험주식회사,C,자동이체,688815000,1375789000,외국생보사,D,SH027,형태별 보험료 수입(수납형태)
3035,201109,0011226,비엔피파리바카디프생명보험주식회사,D,대리점,0,0,외국생보사,D,SH027,형태별 보험료 수입(수납형태)
3036,201109,0011226,비엔피파리바카디프생명보험주식회사,E,직납,23491000,51710000,외국생보사,D,SH027,형태별 보험료 수입(수납형태)
3037,201109,0011226,비엔피파리바카디프생명보험주식회사,F,신용카드,1754544000,3581070000,외국생보사,D,SH027,형태별 보험료 수입(수납형태)
3038,201109,0011226,비엔피파리바카디프생명보험주식회사,G,방카슈랑스,49420377000,100196934000,외국생보사,D,SH027,형태별 보험료 수입(수납형태)
3039,201109,0011226,비엔피파리바카디프생명보험주식회사,H,기타,105118000,180098000,외국생보사,D,SH027,형태별 보험료 수입(수납형태)
3040,201112,0011226,비엔피파리바카디프생명보험주식회사,A,설계사,0,0,외국생보사,D,SH027,형태별 보험료 수입(수납형태)
3041,201112,0011226,비엔피파리바카디프생명보험주식회사,B,지로,0,0,외국생보사,D,SH027,형태별 보험료 수입(수납형태)
3042,201112,0011226,비엔피파리바카디프생명보험주식회사,C,자동이체,686604000,2062393000,외국생보사,D,SH027,형태별 보험료 수입(수납형태)
3043,201112,0011226,비엔피파리바카디프생명보험주식회사,D,대리점,0,0,외국생보사,D,SH027,형태별 보험료 수입(수납형태)
3044,201112,0011226,비엔피파리바카디프생명보험주식회사,E,직납,26634000,78344000,외국생보사,D,SH027,형태별 보험료 수입(수납형태)
3045,201112,0011226,비엔피파리바카디프생명보험주식회사,F,신용카드,1684049000,5265119000,외국생보사,D,SH027,형태별 보험료 수입(수납형태)
3046,201112,0011226,비엔피파리바카디프생명보험주식회사,G,방카슈랑스,56573979000,156770913000,외국생보사,D,SH027,형태별 보험료 수입(수납형태)
3047,201112,0011226,비엔피파리바카디프생명보험주식회사,H,기타,97868000,277966000,외국생보사,D,SH027,형태별 보험료 수입(수납형태)
3048,201203,0011226,비엔피파리바카디프생명보험주식회사,A,설계사,0,0,외국생보사,D,SH027,형태별 보험료 수입(수납형태)
3049,201203,0011226,비엔피파리바카디프생명보험주식회사,B,지로,0,0,외국생보사,D,SH027,형태별 보험료 수입(수납형태)
3050,201203,0011226,비엔피파리바카디프생명보험주식회사,C,자동이체,698094000,2760487000,외국생보사,D,SH027,형태별 보험료 수입(수납형태)
3051,201203,0011226,비엔피파리바카디프생명보험주식회사,D,대리점,0,0,외국생보사,D,SH027,형태별 보험료 수입(수납형태)
3052,201203,0011226,비엔피파리바카디프생명보험주식회사,E,직납,28506000,106850000,외국생보사,D,SH027,형태별 보험료 수입(수납형태)
3053,201203,0011226,비엔피파리바카디프생명보험주식회사,F,신용카드,1638524000,6903643000,외국생보사,D,SH027,형태별 보험료 수입(수납형태)
3054,201203,0011226,비엔피파리바카디프생명보험주식회사,G,방카슈랑스,75982154000,232753067000,외국생보사,D,SH027,형태별 보험료 수입(수납형태)
3055,201203,0011226,비엔피파리바카디프생명보험주식회사,H,기타,90710000,368676000,외국생보사,D,SH027,형태별 보험료 수입(수납형태)
3056,201206,0011226,비엔피파리바카디프생명보험주식회사,A,설계사,0,0,외국생보사,D,SH027,형태별 보험료 수입(수납형태)
3057,201206,0011226,비엔피파리바카디프생명보험주식회사,B,지로,0,0,외국생보사,D,SH027,형태별 보험료 수입(수납형태)
3058,201206,0011226,비엔피파리바카디프생명보험주식회사,C,자동이체,698269000,698269000,외국생보사,D,SH027,형태별 보험료 수입(수납형태)
3059,201206,0011226,비엔피파리바카디프생명보험주식회사,D,대리점,0,0,외국생보사,D,SH027,형태별 보험료 수입(수납형태)
3060,201206,0011226,비엔피파리바카디프생명보험주식회사,E,직납,36690000,36690000,외국생보사,D,SH027,형태별 보험료 수입(수납형태)
3061,201206,0011226,비엔피파리바카디프생명보험주식회사,F,신용카드,1538227000,1538227000,외국생보사,D,SH027,형태별 보험료 수입(수납형태)
3062,201206,0011226,비엔피파리바카디프생명보험주식회사,G,방카슈랑스,61489361000,61489361000,외국생보사,D,SH027,형태별 보험료 수입(수납형태)
3063,201206,0011226,비엔피파리바카디프생명보험주식회사,H,기타,56357000,56357000,외국생보사,D,SH027,형태별 보험료 수입(수납형태)
3064,201209,0011226,비엔피파리바카디프생명보험주식회사,A,설계사,0,0,외국생보사,D,SH027,형태별 보험료 수입(수납형태)
3065,201209,0011226,비엔피파리바카디프생명보험주식회사,B,지로,0,0,외국생보사,D,SH027,형태별 보험료 수입(수납형태)
3066,201209,0011226,비엔피파리바카디프생명보험주식회사,C,자동이체,690012000,1388281000,외국생보사,D,SH027,형태별 보험료 수입(수납형태)
3067,201209,0011226,비엔피파리바카디프생명보험주식회사,D,대리점,0,0,외국생보사,D,SH027,형태별 보험료 수입(수납형태)
3068,201209,0011226,비엔피파리바카디프생명보험주식회사,E,직납,21991000,58681000,외국생보사,D,SH027,형태별 보험료 수입(수납형태)
3069,201209,0011226,비엔피파리바카디프생명보험주식회사,F,신용카드,1466585000,3004812000,외국생보사,D,SH027,형태별 보험료 수입(수납형태)
3070,201209,0011226,비엔피파리바카디프생명보험주식회사,G,방카슈랑스,45714915000,107204276000,외국생보사,D,SH027,형태별 보험료 수입(수납형태)
3071,201209,0011226,비엔피파리바카디프생명보험주식회사,H,기타,82033000,138390000,외국생보사,D,SH027,형태별 보험료 수입(수납형태)
3072,201212,0011226,비엔피파리바카디프생명보험주식회사,A,설계사,0,0,외국생보사,D,SH027,형태별 보험료 수입(수납형태)
3073,201212,0011226,비엔피파리바카디프생명보험주식회사,B,지로,0,0,외국생보사,D,SH027,형태별 보험료 수입(수납형태)
3074,201212,0011226,비엔피파리바카디프생명보험주식회사,C,자동이체,687145000,2075426000,외국생보사,D,SH027,형태별 보험료 수입(수납형태)
3075,201212,0011226,비엔피파리바카디프생명보험주식회사,D,대리점,0,0,외국생보사,D,SH027,형태별 보험료 수입(수납형태)
3076,201212,0011226,비엔피파리바카디프생명보험주식회사,E,직납,21240000,79921000,외국생보사,D,SH027,형태별 보험료 수입(수납형태)
3077,201212,0011226,비엔피파리바카디프생명보험주식회사,F,신용카드,1421877000,4426689000,외국생보사,D,SH027,형태별 보험료 수입(수납형태)
3078,201212,0011226,비엔피파리바카디프생명보험주식회사,G,방카슈랑스,50036086000,157240362000,외국생보사,D,SH027,형태별 보험료 수입(수납형태)
3079,201212,0011226,비엔피파리바카디프생명보험주식회사,H,기타,71712000,210102000,외국생보사,D,SH027,형태별 보험료 수입(수납형태)
3080,201303,0011226,비엔피파리바카디프생명보험주식회사,A,설계사,0,0,외국생보사,D,SH027,형태별 보험료 수입(수납형태)
3081,201303,0011226,비엔피파리바카디프생명보험주식회사,B,지로,0,0,외국생보사,D,SH027,형태별 보험료 수입(수납형태)
3082,201303,0011226,비엔피파리바카디프생명보험주식회사,C,자동이체,91106210000,93181636000,외국생보사,D,SH027,형태별 보험료 수입(수납형태)
3083,201303,0011226,비엔피파리바카디프생명보험주식회사,D,대리점,0,0,외국생보사,D,SH027,형태별 보험료 수입(수납형태)
3084,201303,0011226,비엔피파리바카디프생명보험주식회사,E,직납,130826739000,130906660000,외국생보사,D,SH027,형태별 보험료 수입(수납형태)
3085,201303,0011226,비엔피파리바카디프생명보험주식회사,F,신용카드,1421655000,5848344000,외국생보사,D,SH027,형태별 보험료 수입(수납형태)
3086,201303,0011226,비엔피파리바카디프생명보험주식회사,G,방카슈랑스,-157240362000,0,외국생보사,D,SH027,형태별 보험료 수입(수납형태)
3087,201303,0011226,비엔피파리바카디프생명보험주식회사,H,기타,62626000,272728000,외국생보사,D,SH027,형태별 보험료 수입(수납형태)
3088,201306,0011226,비엔피파리바카디프생명보험주식회사,A,설계사,0,0,외국생보사,D,SH027,형태별 보험료 수입(수납형태)
3089,201306,0011226,비엔피파리바카디프생명보험주식회사,B,지로,0,0,외국생보사,D,SH027,형태별 보험료 수입(수납형태)
3090,201306,0011226,비엔피파리바카디프생명보험주식회사,C,자동이체,21407794000,21407794000,외국생보사,D,SH027,형태별 보험료 수입(수납형태)
3091,201306,0011226,비엔피파리바카디프생명보험주식회사,D,대리점,0,0,외국생보사,D,SH027,형태별 보험료 수입(수납형태)
3092,201306,0011226,비엔피파리바카디프생명보험주식회사,E,직납,14319285000,14319285000,외국생보사,D,SH027,형태별 보험료 수입(수납형태)
3093,201306,0011226,비엔피파리바카디프생명보험주식회사,F,신용카드,1336023000,1336023000,외국생보사,D,SH027,형태별 보험료 수입(수납형태)
3094,201306,0011226,비엔피파리바카디프생명보험주식회사,G,방카슈랑스,0,0,외국생보사,D,SH027,형태별 보험료 수입(수납형태)
3095,201306,0011226,비엔피파리바카디프생명보험주식회사,H,기타,33425000,33425000,외국생보사,D,SH027,형태별 보험료 수입(수납형태)
3096,201309,0011226,비엔피파리바카디프생명보험주식회사,A,설계사,0,0,외국생보사,D,SH027,형태별 보험료 수입(수납형태)
3097,201309,0011226,비엔피파리바카디프생명보험주식회사,B,지로,0,0,외국생보사,D,SH027,형태별 보험료 수입(수납형태)
3098,201309,0011226,비엔피파리바카디프생명보험주식회사,C,자동이체,20638504000,42046298000,외국생보사,D,SH027,형태별 보험료 수입(수납형태)
3099,201309,0011226,비엔피파리바카디프생명보험주식회사,D,대리점,0,0,외국생보사,D,SH027,형태별 보험료 수입(수납형태)
3100,201309,0011226,비엔피파리바카디프생명보험주식회사,E,직납,13044510000,27363795000,외국생보사,D,SH027,형태별 보험료 수입(수납형태)
3101,201309,0011226,비엔피파리바카디프생명보험주식회사,F,신용카드,1295543000,2631566000,외국생보사,D,SH027,형태별 보험료 수입(수납형태)
3102,201309,0011226,비엔피파리바카디프생명보험주식회사,G,방카슈랑스,0,0,외국생보사,D,SH027,형태별 보험료 수입(수납형태)
3103,201309,0011226,비엔피파리바카디프생명보험주식회사,H,기타,27642000,61067000,외국생보사,D,SH027,형태별 보험료 수입(수납형태)
3104,201312,0011226,비엔피파리바카디프생명보험주식회사,A,설계사,0,0,외국생보사,D,SH027,형태별 보험료 수입(수납형태)
3105,201312,0011226,비엔피파리바카디프생명보험주식회사,B,지로,0,0,외국생보사,D,SH027,형태별 보험료 수입(수납형태)
3106,201312,0011226,비엔피파리바카디프생명보험주식회사,C,자동이체,19958478000,62004776000,외국생보사,D,SH027,형태별 보험료 수입(수납형태)
3107,201312,0011226,비엔피파리바카디프생명보험주식회사,D,대리점,0,0,외국생보사,D,SH027,형태별 보험료 수입(수납형태)
3108,201312,0011226,비엔피파리바카디프생명보험주식회사,E,직납,17664527000,45028322000,외국생보사,D,SH027,형태별 보험료 수입(수납형태)
3109,201312,0011226,비엔피파리바카디프생명보험주식회사,F,신용카드,1261316000,3892882000,외국생보사,D,SH027,형태별 보험료 수입(수납형태)
3110,201312,0011226,비엔피파리바카디프생명보험주식회사,G,방카슈랑스,0,0,외국생보사,D,SH027,형태별 보험료 수입(수납형태)
3111,201312,0011226,비엔피파리바카디프생명보험주식회사,H,기타,25668000,86735000,외국생보사,D,SH027,형태별 보험료 수입(수납형태)
3112,201403,0011226,비엔피파리바카디프생명보험주식회사,A,설계사,0,0,외국생보사,D,SH027,형태별 보험료 수입(수납형태)
3113,201403,0011226,비엔피파리바카디프생명보험주식회사,B,지로,0,0,외국생보사,D,SH027,형태별 보험료 수입(수납형태)
3114,201403,0011226,비엔피파리바카디프생명보험주식회사,C,자동이체,19261234000,19261234000,외국생보사,D,SH027,형태별 보험료 수입(수납형태)
3115,201403,0011226,비엔피파리바카디프생명보험주식회사,D,대리점,0,0,외국생보사,D,SH027,형태별 보험료 수입(수납형태)
3116,201403,0011226,비엔피파리바카디프생명보험주식회사,E,직납,16764178000,16764178000,외국생보사,D,SH027,형태별 보험료 수입(수납형태)
3117,201403,0011226,비엔피파리바카디프생명보험주식회사,F,신용카드,1256631000,1256631000,외국생보사,D,SH027,형태별 보험료 수입(수납형태)
3118,201403,0011226,비엔피파리바카디프생명보험주식회사,G,방카슈랑스,0,0,외국생보사,D,SH027,형태별 보험료 수입(수납형태)
3119,201403,0011226,비엔피파리바카디프생명보험주식회사,H,기타,24045000,24045000,외국생보사,D,SH027,형태별 보험료 수입(수납형태)
3120,201406,0011226,비엔피파리바카디프생명보험주식회사,A,설계사,0,0,외국생보사,D,SH027,형태별 보험료 수입(수납형태)
3121,201406,0011226,비엔피파리바카디프생명보험주식회사,B,지로,0,0,외국생보사,D,SH027,형태별 보험료 수입(수납형태)
3122,201406,0011226,비엔피파리바카디프생명보험주식회사,C,자동이체,18148932000,37410166000,외국생보사,D,SH027,형태별 보험료 수입(수납형태)
3123,201406,0011226,비엔피파리바카디프생명보험주식회사,D,대리점,0,0,외국생보사,D,SH027,형태별 보험료 수입(수납형태)
3124,201406,0011226,비엔피파리바카디프생명보험주식회사,E,직납,21403148000,38167326000,외국생보사,D,SH027,형태별 보험료 수입(수납형태)
3125,201406,0011226,비엔피파리바카디프생명보험주식회사,F,신용카드,1213288000,2469919000,외국생보사,D,SH027,형태별 보험료 수입(수납형태)
3126,201406,0011226,비엔피파리바카디프생명보험주식회사,G,방카슈랑스,0,0,외국생보사,D,SH027,형태별 보험료 수입(수납형태)
3127,201406,0011226,비엔피파리바카디프생명보험주식회사,H,기타,15783000,39828000,외국생보사,D,SH027,형태별 보험료 수입(수납형태)
3128,201409,0011226,비엔피파리바카디프생명보험주식회사,A,설계사,0,0,외국생보사,D,SH027,형태별 보험료 수입(수납형태)
3129,201409,0011226,비엔피파리바카디프생명보험주식회사,B,지로,0,0,외국생보사,D,SH027,형태별 보험료 수입(수납형태)
3130,201409,0011226,비엔피파리바카디프생명보험주식회사,C,자동이체,16841119000,54251285000,외국생보사,D,SH027,형태별 보험료 수입(수납형태)
3131,201409,0011226,비엔피파리바카디프생명보험주식회사,D,대리점,0,0,외국생보사,D,SH027,형태별 보험료 수입(수납형태)
3132,201409,0011226,비엔피파리바카디프생명보험주식회사,E,직납,17270780000,55438106000,외국생보사,D,SH027,형태별 보험료 수입(수납형태)
3133,201409,0011226,비엔피파리바카디프생명보험주식회사,F,신용카드,1191399000,3661318000,외국생보사,D,SH027,형태별 보험료 수입(수납형태)
3134,201409,0011226,비엔피파리바카디프생명보험주식회사,G,방카슈랑스,0,0,외국생보사,D,SH027,형태별 보험료 수입(수납형태)
3135,201409,0011226,비엔피파리바카디프생명보험주식회사,H,기타,21998000,61826000,외국생보사,D,SH027,형태별 보험료 수입(수납형태)
3136,201412,0011226,비엔피파리바카디프생명보험주식회사,A,설계사,0,0,외국생보사,D,SH027,형태별 보험료 수입(수납형태)
3137,201412,0011226,비엔피파리바카디프생명보험주식회사,B,지로,0,0,외국생보사,D,SH027,형태별 보험료 수입(수납형태)
3138,201412,0011226,비엔피파리바카디프생명보험주식회사,C,자동이체,16225476000,70476761000,외국생보사,D,SH027,형태별 보험료 수입(수납형태)
3139,201412,0011226,비엔피파리바카디프생명보험주식회사,D,대리점,0,0,외국생보사,D,SH027,형태별 보험료 수입(수납형태)
3140,201412,0011226,비엔피파리바카디프생명보험주식회사,E,직납,19025892000,74463998000,외국생보사,D,SH027,형태별 보험료 수입(수납형태)
3141,201412,0011226,비엔피파리바카디프생명보험주식회사,F,신용카드,1204373000,4865691000,외국생보사,D,SH027,형태별 보험료 수입(수납형태)
3142,201412,0011226,비엔피파리바카디프생명보험주식회사,G,방카슈랑스,0,0,외국생보사,D,SH027,형태별 보험료 수입(수납형태)
3143,201412,0011226,비엔피파리바카디프생명보험주식회사,H,기타,26634000,88460000,외국생보사,D,SH027,형태별 보험료 수입(수납형태)
3144,201503,0011226,비엔피파리바카디프생명보험주식회사,A,설계사,0,0,외국생보사,D,SH027,형태별 보험료 수입(수납형태)
3145,201503,0011226,비엔피파리바카디프생명보험주식회사,B,지로,0,0,외국생보사,D,SH027,형태별 보험료 수입(수납형태)
3146,201503,0011226,비엔피파리바카디프생명보험주식회사,C,자동이체,16252877000,16252877000,외국생보사,D,SH027,형태별 보험료 수입(수납형태)
3147,201503,0011226,비엔피파리바카디프생명보험주식회사,D,대리점,0,0,외국생보사,D,SH027,형태별 보험료 수입(수납형태)
3148,201503,0011226,비엔피파리바카디프생명보험주식회사,E,직납,21683188000,21683188000,외국생보사,D,SH027,형태별 보험료 수입(수납형태)
3149,201503,0011226,비엔피파리바카디프생명보험주식회사,F,신용카드,1313002000,1313002000,외국생보사,D,SH027,형태별 보험료 수입(수납형태)
3150,201503,0011226,비엔피파리바카디프생명보험주식회사,G,방카슈랑스,0,0,외국생보사,D,SH027,형태별 보험료 수입(수납형태)
3151,201503,0011226,비엔피파리바카디프생명보험주식회사,H,기타,46004000,46004000,외국생보사,D,SH027,형태별 보험료 수입(수납형태)
3152,201506,0011226,비엔피파리바카디프생명보험주식회사,A,설계사,0,0,외국생보사,D,SH027,형태별 보험료 수입(수납형태)
3153,201506,0011226,비엔피파리바카디프생명보험주식회사,B,지로,0,0,외국생보사,D,SH027,형태별 보험료 수입(수납형태)
3154,201506,0011226,비엔피파리바카디프생명보험주식회사,C,자동이체,17353514000,33606391000,외국생보사,D,SH027,형태별 보험료 수입(수납형태)
3155,201506,0011226,비엔피파리바카디프생명보험주식회사,D,대리점,0,0,외국생보사,D,SH027,형태별 보험료 수입(수납형태)
3156,201506,0011226,비엔피파리바카디프생명보험주식회사,E,직납,43954863000,65638051000,외국생보사,D,SH027,형태별 보험료 수입(수납형태)
3157,201506,0011226,비엔피파리바카디프생명보험주식회사,F,신용카드,1288525000,2601527000,외국생보사,D,SH027,형태별 보험료 수입(수납형태)
3158,201506,0011226,비엔피파리바카디프생명보험주식회사,G,방카슈랑스,0,0,외국생보사,D,SH027,형태별 보험료 수입(수납형태)
3159,201506,0011226,비엔피파리바카디프생명보험주식회사,H,기타,53899000,99903000,외국생보사,D,SH027,형태별 보험료 수입(수납형태)
3160,201509,0011226,비엔피파리바카디프생명보험주식회사,A,설계사,0,0,외국생보사,D,SH027,형태별 보험료 수입(수납형태)
3161,201509,0011226,비엔피파리바카디프생명보험주식회사,B,지로,0,0,외국생보사,D,SH027,형태별 보험료 수입(수납형태)
3162,201509,0011226,비엔피파리바카디프생명보험주식회사,C,자동이체,18187191000,51793582000,외국생보사,D,SH027,형태별 보험료 수입(수납형태)
3163,201509,0011226,비엔피파리바카디프생명보험주식회사,D,대리점,0,0,외국생보사,D,SH027,형태별 보험료 수입(수납형태)
3164,201509,0011226,비엔피파리바카디프생명보험주식회사,E,직납,19371377000,85009428000,외국생보사,D,SH027,형태별 보험료 수입(수납형태)
3165,201509,0011226,비엔피파리바카디프생명보험주식회사,F,신용카드,1272912000,3874439000,외국생보사,D,SH027,형태별 보험료 수입(수납형태)
3166,201509,0011226,비엔피파리바카디프생명보험주식회사,G,방카슈랑스,0,0,외국생보사,D,SH027,형태별 보험료 수입(수납형태)
3167,201509,0011226,비엔피파리바카디프생명보험주식회사,H,기타,76972000,176875000,외국생보사,D,SH027,형태별 보험료 수입(수납형태)
3168,201512,0011226,비엔피파리바카디프생명보험주식회사,A,설계사,0,0,외국생보사,D,SH027,형태별 보험료 수입(수납형태)
3169,201512,0011226,비엔피파리바카디프생명보험주식회사,B,지로,0,0,외국생보사,D,SH027,형태별 보험료 수입(수납형태)
3170,201512,0011226,비엔피파리바카디프생명보험주식회사,C,자동이체,19420448000,71214030000,외국생보사,D,SH027,형태별 보험료 수입(수납형태)
3171,201512,0011226,비엔피파리바카디프생명보험주식회사,D,대리점,0,0,외국생보사,D,SH027,형태별 보험료 수입(수납형태)
3172,201512,0011226,비엔피파리바카디프생명보험주식회사,E,직납,21756932000,106766360000,외국생보사,D,SH027,형태별 보험료 수입(수납형태)
3173,201512,0011226,비엔피파리바카디프생명보험주식회사,F,신용카드,1277686000,5152125000,외국생보사,D,SH027,형태별 보험료 수입(수납형태)
3174,201512,0011226,비엔피파리바카디프생명보험주식회사,G,방카슈랑스,0,0,외국생보사,D,SH027,형태별 보험료 수입(수납형태)
3175,201512,0011226,비엔피파리바카디프생명보험주식회사,H,기타,92088000,268963000,외국생보사,D,SH027,형태별 보험료 수입(수납형태)
3176,201603,0011226,비엔피파리바카디프생명보험주식회사,A,설계사,0,0,외국생보사,D,SH027,형태별 보험료 수입(수납형태)
3177,201603,0011226,비엔피파리바카디프생명보험주식회사,B,지로,0,0,외국생보사,D,SH027,형태별 보험료 수입(수납형태)
3178,201603,0011226,비엔피파리바카디프생명보험주식회사,C,자동이체,19184880000,19184880000,외국생보사,D,SH027,형태별 보험료 수입(수납형태)
3179,201603,0011226,비엔피파리바카디프생명보험주식회사,D,대리점,0,0,외국생보사,D,SH027,형태별 보험료 수입(수납형태)
3180,201603,0011226,비엔피파리바카디프생명보험주식회사,E,직납,20187056000,20187056000,외국생보사,D,SH027,형태별 보험료 수입(수납형태)
3181,201603,0011226,비엔피파리바카디프생명보험주식회사,F,신용카드,1302072000,1302072000,외국생보사,D,SH027,형태별 보험료 수입(수납형태)
3182,201603,0011226,비엔피파리바카디프생명보험주식회사,G,방카슈랑스,0,0,외국생보사,D,SH027,형태별 보험료 수입(수납형태)
3183,201603,0011226,비엔피파리바카디프생명보험주식회사,H,기타,108514000,108514000,외국생보사,D,SH027,형태별 보험료 수입(수납형태)
3184,201606,0011226,비엔피파리바카디프생명보험주식회사,A,설계사,0,0,외국생보사,D,SH027,형태별 보험료 수입(수납형태)
3185,201606,0011226,비엔피파리바카디프생명보험주식회사,B,지로,0,0,외국생보사,D,SH027,형태별 보험료 수입(수납형태)
3186,201606,0011226,비엔피파리바카디프생명보험주식회사,C,자동이체,18565037000,37749917000,외국생보사,D,SH027,형태별 보험료 수입(수납형태)
3187,201606,0011226,비엔피파리바카디프생명보험주식회사,D,대리점,0,0,외국생보사,D,SH027,형태별 보험료 수입(수납형태)
3188,201606,0011226,비엔피파리바카디프생명보험주식회사,E,직납,13749588000,33936644000,외국생보사,D,SH027,형태별 보험료 수입(수납형태)
3189,201606,0011226,비엔피파리바카디프생명보험주식회사,F,신용카드,1293541000,2595613000,외국생보사,D,SH027,형태별 보험료 수입(수납형태)
3190,201606,0011226,비엔피파리바카디프생명보험주식회사,G,방카슈랑스,0,0,외국생보사,D,SH027,형태별 보험료 수입(수납형태)
3191,201606,0011226,비엔피파리바카디프생명보험주식회사,H,기타,98648000,207162000,외국생보사,D,SH027,형태별 보험료 수입(수납형태)
3192,201609,0011226,비엔피파리바카디프생명보험주식회사,A,설계사,0,0,외국생보사,D,SH027,형태별 보험료 수입(수납형태)
3193,201609,0011226,비엔피파리바카디프생명보험주식회사,B,지로,0,0,외국생보사,D,SH027,형태별 보험료 수입(수납형태)
3194,201609,0011226,비엔피파리바카디프생명보험주식회사,C,자동이체,18129365000,55879282000,외국생보사,D,SH027,형태별 보험료 수입(수납형태)
3195,201609,0011226,비엔피파리바카디프생명보험주식회사,D,대리점,0,0,외국생보사,D,SH027,형태별 보험료 수입(수납형태)
3196,201609,0011226,비엔피파리바카디프생명보험주식회사,E,직납,11028254000,44964898000,외국생보사,D,SH027,형태별 보험료 수입(수납형태)
3197,201609,0011226,비엔피파리바카디프생명보험주식회사,F,신용카드,1281609000,3877222000,외국생보사,D,SH027,형태별 보험료 수입(수납형태)
3198,201609,0011226,비엔피파리바카디프생명보험주식회사,G,방카슈랑스,0,0,외국생보사,D,SH027,형태별 보험료 수입(수납형태)
3199,201609,0011226,비엔피파리바카디프생명보험주식회사,H,기타,97993000,305155000,외국생보사,D,SH027,형태별 보험료 수입(수납형태)
3200,201612,0011226,비엔피파리바카디프생명보험주식회사,A,설계사,0,0,외국생보사,D,SH027,형태별 보험료 수입(수납형태)
3201,201612,0011226,비엔피파리바카디프생명보험주식회사,B,지로,0,0,외국생보사,D,SH027,형태별 보험료 수입(수납형태)
3202,201612,0011226,비엔피파리바카디프생명보험주식회사,C,자동이체,17931890000,73811172000,외국생보사,D,SH027,형태별 보험료 수입(수납형태)
3203,201612,0011226,비엔피파리바카디프생명보험주식회사,D,대리점,0,0,외국생보사,D,SH027,형태별 보험료 수입(수납형태)
3204,201612,0011226,비엔피파리바카디프생명보험주식회사,E,직납,10768814000,55733712000,외국생보사,D,SH027,형태별 보험료 수입(수납형태)
3205,201612,0011226,비엔피파리바카디프생명보험주식회사,F,신용카드,1277561000,5154783000,외국생보사,D,SH027,형태별 보험료 수입(수납형태)
3206,201612,0011226,비엔피파리바카디프생명보험주식회사,G,방카슈랑스,0,0,외국생보사,D,SH027,형태별 보험료 수입(수납형태)
3207,201612,0011226,비엔피파리바카디프생명보험주식회사,H,기타,96707000,401862000,외국생보사,D,SH027,형태별 보험료 수입(수납형태)
3208,201106,0010594,에이비엘생명보험주식회사,A,설계사,12193925000,12193925000,외국생보사,D,SH027,형태별 보험료 수입(수납형태)
3209,201106,0010594,에이비엘생명보험주식회사,B,지로,451093000,451093000,외국생보사,D,SH027,형태별 보험료 수입(수납형태)
3210,201106,0010594,에이비엘생명보험주식회사,C,자동이체,420161404000,420161404000,외국생보사,D,SH027,형태별 보험료 수입(수납형태)
3211,201106,0010594,에이비엘생명보험주식회사,D,대리점,37960374000,37960374000,외국생보사,D,SH027,형태별 보험료 수입(수납형태)
3212,201106,0010594,에이비엘생명보험주식회사,E,직납,481433000,481433000,외국생보사,D,SH027,형태별 보험료 수입(수납형태)
3213,201106,0010594,에이비엘생명보험주식회사,F,신용카드,934199000,934199000,외국생보사,D,SH027,형태별 보험료 수입(수납형태)
3214,201106,0010594,에이비엘생명보험주식회사,G,방카슈랑스,22114074000,22114074000,외국생보사,D,SH027,형태별 보험료 수입(수납형태)
3215,201106,0010594,에이비엘생명보험주식회사,H,기타,0,0,외국생보사,D,SH027,형태별 보험료 수입(수납형태)
3216,201109,0010594,에이비엘생명보험주식회사,A,설계사,13485808000,25679733000,외국생보사,D,SH027,형태별 보험료 수입(수납형태)
3217,201109,0010594,에이비엘생명보험주식회사,B,지로,416822000,867915000,외국생보사,D,SH027,형태별 보험료 수입(수납형태)
3218,201109,0010594,에이비엘생명보험주식회사,C,자동이체,418276553000,838437957000,외국생보사,D,SH027,형태별 보험료 수입(수납형태)
3219,201109,0010594,에이비엘생명보험주식회사,D,대리점,37996222000,75956596000,외국생보사,D,SH027,형태별 보험료 수입(수납형태)
3220,201109,0010594,에이비엘생명보험주식회사,E,직납,351170000,832603000,외국생보사,D,SH027,형태별 보험료 수입(수납형태)
3221,201109,0010594,에이비엘생명보험주식회사,F,신용카드,969398000,1903597000,외국생보사,D,SH027,형태별 보험료 수입(수납형태)
3222,201109,0010594,에이비엘생명보험주식회사,G,방카슈랑스,21839307000,43953381000,외국생보사,D,SH027,형태별 보험료 수입(수납형태)
3223,201109,0010594,에이비엘생명보험주식회사,H,기타,0,0,외국생보사,D,SH027,형태별 보험료 수입(수납형태)
3224,201112,0010594,에이비엘생명보험주식회사,A,설계사,11907954000,37587687000,외국생보사,D,SH027,형태별 보험료 수입(수납형태)
3225,201112,0010594,에이비엘생명보험주식회사,B,지로,382096000,1250011000,외국생보사,D,SH027,형태별 보험료 수입(수납형태)
3226,201112,0010594,에이비엘생명보험주식회사,C,자동이체,408842536000,1247280493000,외국생보사,D,SH027,형태별 보험료 수입(수납형태)
3227,201112,0010594,에이비엘생명보험주식회사,D,대리점,37383867000,113340463000,외국생보사,D,SH027,형태별 보험료 수입(수납형태)
3228,201112,0010594,에이비엘생명보험주식회사,E,직납,441426000,1274029000,외국생보사,D,SH027,형태별 보험료 수입(수납형태)
3229,201112,0010594,에이비엘생명보험주식회사,F,신용카드,1040017000,2943614000,외국생보사,D,SH027,형태별 보험료 수입(수납형태)
3230,201112,0010594,에이비엘생명보험주식회사,G,방카슈랑스,21505199000,65458580000,외국생보사,D,SH027,형태별 보험료 수입(수납형태)
3231,201112,0010594,에이비엘생명보험주식회사,H,기타,0,0,외국생보사,D,SH027,형태별 보험료 수입(수납형태)
3232,201203,0010594,에이비엘생명보험주식회사,A,설계사,11411384000,48999071000,외국생보사,D,SH027,형태별 보험료 수입(수납형태)
3233,201203,0010594,에이비엘생명보험주식회사,B,지로,336237000,1586248000,외국생보사,D,SH027,형태별 보험료 수입(수납형태)
3234,201203,0010594,에이비엘생명보험주식회사,C,자동이체,397757863000,1645038356000,외국생보사,D,SH027,형태별 보험료 수입(수납형태)
3235,201203,0010594,에이비엘생명보험주식회사,D,대리점,37419538000,150760001000,외국생보사,D,SH027,형태별 보험료 수입(수납형태)
3236,201203,0010594,에이비엘생명보험주식회사,E,직납,472841000,1746870000,외국생보사,D,SH027,형태별 보험료 수입(수납형태)
3237,201203,0010594,에이비엘생명보험주식회사,F,신용카드,1135704000,4079318000,외국생보사,D,SH027,형태별 보험료 수입(수납형태)
3238,201203,0010594,에이비엘생명보험주식회사,G,방카슈랑스,21592705000,87051285000,외국생보사,D,SH027,형태별 보험료 수입(수납형태)
3239,201203,0010594,에이비엘생명보험주식회사,H,기타,0,0,외국생보사,D,SH027,형태별 보험료 수입(수납형태)
3240,201206,0010594,에이비엘생명보험주식회사,A,설계사,11267270000,11267270000,외국생보사,D,SH027,형태별 보험료 수입(수납형태)
3241,201206,0010594,에이비엘생명보험주식회사,B,지로,325198000,325198000,외국생보사,D,SH027,형태별 보험료 수입(수납형태)
3242,201206,0010594,에이비엘생명보험주식회사,C,자동이체,391568795000,391568795000,외국생보사,D,SH027,형태별 보험료 수입(수납형태)
3243,201206,0010594,에이비엘생명보험주식회사,D,대리점,38049535000,38049535000,외국생보사,D,SH027,형태별 보험료 수입(수납형태)
3244,201206,0010594,에이비엘생명보험주식회사,E,직납,477116000,477116000,외국생보사,D,SH027,형태별 보험료 수입(수납형태)
3245,201206,0010594,에이비엘생명보험주식회사,F,신용카드,1279215000,1279215000,외국생보사,D,SH027,형태별 보험료 수입(수납형태)
3246,201206,0010594,에이비엘생명보험주식회사,G,방카슈랑스,19388981000,19388981000,외국생보사,D,SH027,형태별 보험료 수입(수납형태)
3247,201206,0010594,에이비엘생명보험주식회사,H,기타,0,0,외국생보사,D,SH027,형태별 보험료 수입(수납형태)
3248,201209,0010594,에이비엘생명보험주식회사,A,설계사,11285134000,22552404000,외국생보사,D,SH027,형태별 보험료 수입(수납형태)
3249,201209,0010594,에이비엘생명보험주식회사,B,지로,325328000,650526000,외국생보사,D,SH027,형태별 보험료 수입(수납형태)
3250,201209,0010594,에이비엘생명보험주식회사,C,자동이체,381784126000,773352921000,외국생보사,D,SH027,형태별 보험료 수입(수납형태)
3251,201209,0010594,에이비엘생명보험주식회사,D,대리점,38062078000,76111613000,외국생보사,D,SH027,형태별 보험료 수입(수납형태)
3252,201209,0010594,에이비엘생명보험주식회사,E,직납,316371000,793487000,외국생보사,D,SH027,형태별 보험료 수입(수납형태)
3253,201209,0010594,에이비엘생명보험주식회사,F,신용카드,1488843000,2768058000,외국생보사,D,SH027,형태별 보험료 수입(수납형태)
3254,201209,0010594,에이비엘생명보험주식회사,G,방카슈랑스,19543453000,38932434000,외국생보사,D,SH027,형태별 보험료 수입(수납형태)
3255,201209,0010594,에이비엘생명보험주식회사,H,기타,0,0,외국생보사,D,SH027,형태별 보험료 수입(수납형태)
3256,201212,0010594,에이비엘생명보험주식회사,A,설계사,11021099000,33573503000,외국생보사,D,SH027,형태별 보험료 수입(수납형태)
3257,201212,0010594,에이비엘생명보험주식회사,B,지로,320412000,970938000,외국생보사,D,SH027,형태별 보험료 수입(수납형태)
3258,201212,0010594,에이비엘생명보험주식회사,C,자동이체,373231206000,1146584127000,외국생보사,D,SH027,형태별 보험료 수입(수납형태)
3259,201212,0010594,에이비엘생명보험주식회사,D,대리점,37902863000,114014476000,외국생보사,D,SH027,형태별 보험료 수입(수납형태)
3260,201212,0010594,에이비엘생명보험주식회사,E,직납,442418000,1235905000,외국생보사,D,SH027,형태별 보험료 수입(수납형태)
3261,201212,0010594,에이비엘생명보험주식회사,F,신용카드,1663244000,4431302000,외국생보사,D,SH027,형태별 보험료 수입(수납형태)
3262,201212,0010594,에이비엘생명보험주식회사,G,방카슈랑스,17923413000,56855847000,외국생보사,D,SH027,형태별 보험료 수입(수납형태)
3263,201212,0010594,에이비엘생명보험주식회사,H,기타,0,0,외국생보사,D,SH027,형태별 보험료 수입(수납형태)
3264,201303,0010594,에이비엘생명보험주식회사,A,설계사,11036032000,44609535000,외국생보사,D,SH027,형태별 보험료 수입(수납형태)
3265,201303,0010594,에이비엘생명보험주식회사,B,지로,324437000,1295375000,외국생보사,D,SH027,형태별 보험료 수입(수납형태)
3266,201303,0010594,에이비엘생명보험주식회사,C,자동이체,366847456000,1513431583000,외국생보사,D,SH027,형태별 보험료 수입(수납형태)
3267,201303,0010594,에이비엘생명보험주식회사,D,대리점,39277499000,153291975000,외국생보사,D,SH027,형태별 보험료 수입(수납형태)
3268,201303,0010594,에이비엘생명보험주식회사,E,직납,482058000,1717963000,외국생보사,D,SH027,형태별 보험료 수입(수납형태)
3269,201303,0010594,에이비엘생명보험주식회사,F,신용카드,1303925000,5735227000,외국생보사,D,SH027,형태별 보험료 수입(수납형태)
3270,201303,0010594,에이비엘생명보험주식회사,G,방카슈랑스,18176545000,75032392000,외국생보사,D,SH027,형태별 보험료 수입(수납형태)
3271,201303,0010594,에이비엘생명보험주식회사,H,기타,0,0,외국생보사,D,SH027,형태별 보험료 수입(수납형태)
3272,201306,0010594,에이비엘생명보험주식회사,A,설계사,11375469000,11375469000,외국생보사,D,SH027,형태별 보험료 수입(수납형태)
3273,201306,0010594,에이비엘생명보험주식회사,B,지로,295923000,295923000,외국생보사,D,SH027,형태별 보험료 수입(수납형태)
3274,201306,0010594,에이비엘생명보험주식회사,C,자동이체,360555656000,360555656000,외국생보사,D,SH027,형태별 보험료 수입(수납형태)
3275,201306,0010594,에이비엘생명보험주식회사,D,대리점,40928881000,40928881000,외국생보사,D,SH027,형태별 보험료 수입(수납형태)
3276,201306,0010594,에이비엘생명보험주식회사,E,직납,460907000,460907000,외국생보사,D,SH027,형태별 보험료 수입(수납형태)
3277,201306,0010594,에이비엘생명보험주식회사,F,신용카드,1751853000,1751853000,외국생보사,D,SH027,형태별 보험료 수입(수납형태)
3278,201306,0010594,에이비엘생명보험주식회사,G,방카슈랑스,15468217000,15468217000,외국생보사,D,SH027,형태별 보험료 수입(수납형태)
3279,201306,0010594,에이비엘생명보험주식회사,H,기타,0,0,외국생보사,D,SH027,형태별 보험료 수입(수납형태)
3280,201309,0010594,에이비엘생명보험주식회사,A,설계사,11030034000,22405503000,외국생보사,D,SH027,형태별 보험료 수입(수납형태)
3281,201309,0010594,에이비엘생명보험주식회사,B,지로,275509000,571432000,외국생보사,D,SH027,형태별 보험료 수입(수납형태)
3282,201309,0010594,에이비엘생명보험주식회사,C,자동이체,353486586000,714042242000,외국생보사,D,SH027,형태별 보험료 수입(수납형태)
3283,201309,0010594,에이비엘생명보험주식회사,D,대리점,42530296000,83459177000,외국생보사,D,SH027,형태별 보험료 수입(수납형태)
3284,201309,0010594,에이비엘생명보험주식회사,E,직납,308414000,769321000,외국생보사,D,SH027,형태별 보험료 수입(수납형태)
3285,201309,0010594,에이비엘생명보험주식회사,F,신용카드,1930026000,3681879000,외국생보사,D,SH027,형태별 보험료 수입(수납형태)
3286,201309,0010594,에이비엘생명보험주식회사,G,방카슈랑스,14309659000,29777876000,외국생보사,D,SH027,형태별 보험료 수입(수납형태)
3287,201309,0010594,에이비엘생명보험주식회사,H,기타,0,0,외국생보사,D,SH027,형태별 보험료 수입(수납형태)
3288,201312,0010594,에이비엘생명보험주식회사,A,설계사,10767000000,33172503000,외국생보사,D,SH027,형태별 보험료 수입(수납형태)
3289,201312,0010594,에이비엘생명보험주식회사,B,지로,260919000,832351000,외국생보사,D,SH027,형태별 보험료 수입(수납형태)
3290,201312,0010594,에이비엘생명보험주식회사,C,자동이체,350780126000,1064822368000,외국생보사,D,SH027,형태별 보험료 수입(수납형태)
3291,201312,0010594,에이비엘생명보험주식회사,D,대리점,44025175000,127484352000,외국생보사,D,SH027,형태별 보험료 수입(수납형태)
3292,201312,0010594,에이비엘생명보험주식회사,E,직납,429812000,1199133000,외국생보사,D,SH027,형태별 보험료 수입(수납형태)
3293,201312,0010594,에이비엘생명보험주식회사,F,신용카드,2102972000,5784851000,외국생보사,D,SH027,형태별 보험료 수입(수납형태)
3294,201312,0010594,에이비엘생명보험주식회사,G,방카슈랑스,13510107000,43287983000,외국생보사,D,SH027,형태별 보험료 수입(수납형태)
3295,201312,0010594,에이비엘생명보험주식회사,H,기타,0,0,외국생보사,D,SH027,형태별 보험료 수입(수납형태)
3296,201403,0010594,에이비엘생명보험주식회사,A,설계사,11082758000,11082758000,외국생보사,D,SH027,형태별 보험료 수입(수납형태)
3297,201403,0010594,에이비엘생명보험주식회사,B,지로,243334000,243334000,외국생보사,D,SH027,형태별 보험료 수입(수납형태)
3298,201403,0010594,에이비엘생명보험주식회사,C,자동이체,343299829000,343299829000,외국생보사,D,SH027,형태별 보험료 수입(수납형태)
3299,201403,0010594,에이비엘생명보험주식회사,D,대리점,45534265000,45534265000,외국생보사,D,SH027,형태별 보험료 수입(수납형태)
3300,201403,0010594,에이비엘생명보험주식회사,E,직납,418275000,418275000,외국생보사,D,SH027,형태별 보험료 수입(수납형태)
3301,201403,0010594,에이비엘생명보험주식회사,F,신용카드,2126839000,2126839000,외국생보사,D,SH027,형태별 보험료 수입(수납형태)
3302,201403,0010594,에이비엘생명보험주식회사,G,방카슈랑스,13515407000,13515407000,외국생보사,D,SH027,형태별 보험료 수입(수납형태)
3303,201403,0010594,에이비엘생명보험주식회사,H,기타,0,0,외국생보사,D,SH027,형태별 보험료 수입(수납형태)
3304,201406,0010594,에이비엘생명보험주식회사,A,설계사,10132921000,21215679000,외국생보사,D,SH027,형태별 보험료 수입(수납형태)
3305,201406,0010594,에이비엘생명보험주식회사,B,지로,258727000,502061000,외국생보사,D,SH027,형태별 보험료 수입(수납형태)
3306,201406,0010594,에이비엘생명보험주식회사,C,자동이체,337566172000,680866001000,외국생보사,D,SH027,형태별 보험료 수입(수납형태)
3307,201406,0010594,에이비엘생명보험주식회사,D,대리점,45470048000,91004313000,외국생보사,D,SH027,형태별 보험료 수입(수납형태)
3308,201406,0010594,에이비엘생명보험주식회사,E,직납,474294000,892569000,외국생보사,D,SH027,형태별 보험료 수입(수납형태)
3309,201406,0010594,에이비엘생명보험주식회사,F,신용카드,1999852000,4126691000,외국생보사,D,SH027,형태별 보험료 수입(수납형태)
3310,201406,0010594,에이비엘생명보험주식회사,G,방카슈랑스,12428929000,25944336000,외국생보사,D,SH027,형태별 보험료 수입(수납형태)
3311,201406,0010594,에이비엘생명보험주식회사,H,기타,0,0,외국생보사,D,SH027,형태별 보험료 수입(수납형태)
3312,201409,0010594,에이비엘생명보험주식회사,A,설계사,9403291000,30618970000,외국생보사,D,SH027,형태별 보험료 수입(수납형태)
3313,201409,0010594,에이비엘생명보험주식회사,B,지로,271684000,773745000,외국생보사,D,SH027,형태별 보험료 수입(수납형태)
3314,201409,0010594,에이비엘생명보험주식회사,C,자동이체,333269371000,1014135372000,외국생보사,D,SH027,형태별 보험료 수입(수납형태)
3315,201409,0010594,에이비엘생명보험주식회사,D,대리점,46547390000,137551703000,외국생보사,D,SH027,형태별 보험료 수입(수납형태)
3316,201409,0010594,에이비엘생명보험주식회사,E,직납,398232000,1290801000,외국생보사,D,SH027,형태별 보험료 수입(수납형태)
3317,201409,0010594,에이비엘생명보험주식회사,F,신용카드,3230591000,7357282000,외국생보사,D,SH027,형태별 보험료 수입(수납형태)
3318,201409,0010594,에이비엘생명보험주식회사,G,방카슈랑스,11683586000,37627922000,외국생보사,D,SH027,형태별 보험료 수입(수납형태)
3319,201409,0010594,에이비엘생명보험주식회사,H,기타,0,0,외국생보사,D,SH027,형태별 보험료 수입(수납형태)
3320,201412,0010594,에이비엘생명보험주식회사,A,설계사,8771193000,39390163000,외국생보사,D,SH027,형태별 보험료 수입(수납형태)
3321,201412,0010594,에이비엘생명보험주식회사,B,지로,268730000,1042475000,외국생보사,D,SH027,형태별 보험료 수입(수납형태)
3322,201412,0010594,에이비엘생명보험주식회사,C,자동이체,332212864000,1346348236000,외국생보사,D,SH027,형태별 보험료 수입(수납형태)
3323,201412,0010594,에이비엘생명보험주식회사,D,대리점,46584616000,184136319000,외국생보사,D,SH027,형태별 보험료 수입(수납형태)
3324,201412,0010594,에이비엘생명보험주식회사,E,직납,486302000,1777103000,외국생보사,D,SH027,형태별 보험료 수입(수납형태)
3325,201412,0010594,에이비엘생명보험주식회사,F,신용카드,3329529000,10686811000,외국생보사,D,SH027,형태별 보험료 수입(수납형태)
3326,201412,0010594,에이비엘생명보험주식회사,G,방카슈랑스,10918249000,48546171000,외국생보사,D,SH027,형태별 보험료 수입(수납형태)
3327,201412,0010594,에이비엘생명보험주식회사,H,기타,0,0,외국생보사,D,SH027,형태별 보험료 수입(수납형태)
3328,201503,0010594,에이비엘생명보험주식회사,A,설계사,8754497000,8754497000,외국생보사,D,SH027,형태별 보험료 수입(수납형태)
3329,201503,0010594,에이비엘생명보험주식회사,B,지로,214953000,214953000,외국생보사,D,SH027,형태별 보험료 수입(수납형태)
3330,201503,0010594,에이비엘생명보험주식회사,C,자동이체,327800775000,327800775000,외국생보사,D,SH027,형태별 보험료 수입(수납형태)
3331,201503,0010594,에이비엘생명보험주식회사,D,대리점,47422546000,47422546000,외국생보사,D,SH027,형태별 보험료 수입(수납형태)
3332,201503,0010594,에이비엘생명보험주식회사,E,직납,483010000,483010000,외국생보사,D,SH027,형태별 보험료 수입(수납형태)
3333,201503,0010594,에이비엘생명보험주식회사,F,신용카드,3551256000,3551256000,외국생보사,D,SH027,형태별 보험료 수입(수납형태)
3334,201503,0010594,에이비엘생명보험주식회사,G,방카슈랑스,10463534000,10463534000,외국생보사,D,SH027,형태별 보험료 수입(수납형태)
3335,201503,0010594,에이비엘생명보험주식회사,H,기타,0,0,외국생보사,D,SH027,형태별 보험료 수입(수납형태)
3336,201506,0010594,에이비엘생명보험주식회사,A,설계사,-8754497000,0,외국생보사,D,SH027,형태별 보험료 수입(수납형태)
3337,201506,0010594,에이비엘생명보험주식회사,B,지로,-214953000,0,외국생보사,D,SH027,형태별 보험료 수입(수납형태)
3338,201506,0010594,에이비엘생명보험주식회사,C,자동이체,-327800775000,0,외국생보사,D,SH027,형태별 보험료 수입(수납형태)
3339,201506,0010594,에이비엘생명보험주식회사,D,대리점,-47422546000,0,외국생보사,D,SH027,형태별 보험료 수입(수납형태)
3340,201506,0010594,에이비엘생명보험주식회사,E,직납,-483010000,0,외국생보사,D,SH027,형태별 보험료 수입(수납형태)
3341,201506,0010594,에이비엘생명보험주식회사,F,신용카드,-3551256000,0,외국생보사,D,SH027,형태별 보험료 수입(수납형태)
3342,201506,0010594,에이비엘생명보험주식회사,G,방카슈랑스,-10463534000,0,외국생보사,D,SH027,형태별 보험료 수입(수납형태)
3343,201506,0010594,에이비엘생명보험주식회사,H,기타,0,0,외국생보사,D,SH027,형태별 보험료 수입(수납형태)
3344,201509,0010594,에이비엘생명보험주식회사,A,설계사,25087267000,25087267000,외국생보사,D,SH027,형태별 보험료 수입(수납형태)
3345,201509,0010594,에이비엘생명보험주식회사,B,지로,568493000,568493000,외국생보사,D,SH027,형태별 보험료 수입(수납형태)
3346,201509,0010594,에이비엘생명보험주식회사,C,자동이체,965808216000,965808216000,외국생보사,D,SH027,형태별 보험료 수입(수납형태)
3347,201509,0010594,에이비엘생명보험주식회사,D,대리점,146126476000,146126476000,외국생보사,D,SH027,형태별 보험료 수입(수납형태)
3348,201509,0010594,에이비엘생명보험주식회사,E,직납,1310651000,1310651000,외국생보사,D,SH027,형태별 보험료 수입(수납형태)
3349,201509,0010594,에이비엘생명보험주식회사,F,신용카드,10088144000,10088144000,외국생보사,D,SH027,형태별 보험료 수입(수납형태)
3350,201509,0010594,에이비엘생명보험주식회사,G,방카슈랑스,29207194000,29207194000,외국생보사,D,SH027,형태별 보험료 수입(수납형태)
3351,201509,0010594,에이비엘생명보험주식회사,H,기타,0,0,외국생보사,D,SH027,형태별 보험료 수입(수납형태)
3352,201512,0010594,에이비엘생명보험주식회사,A,설계사,7851180000,32938447000,외국생보사,D,SH027,형태별 보험료 수입(수납형태)
3353,201512,0010594,에이비엘생명보험주식회사,B,지로,182176000,750669000,외국생보사,D,SH027,형태별 보험료 수입(수납형태)
3354,201512,0010594,에이비엘생명보험주식회사,C,자동이체,326133838000,1291942054000,외국생보사,D,SH027,형태별 보험료 수입(수납형태)
3355,201512,0010594,에이비엘생명보험주식회사,D,대리점,55747310000,201873786000,외국생보사,D,SH027,형태별 보험료 수입(수납형태)
3356,201512,0010594,에이비엘생명보험주식회사,E,직납,509196000,1819847000,외국생보사,D,SH027,형태별 보험료 수입(수납형태)
3357,201512,0010594,에이비엘생명보험주식회사,F,신용카드,3048909000,13137053000,외국생보사,D,SH027,형태별 보험료 수입(수납형태)
3358,201512,0010594,에이비엘생명보험주식회사,G,방카슈랑스,9376185000,38583379000,외국생보사,D,SH027,형태별 보험료 수입(수납형태)
3359,201512,0010594,에이비엘생명보험주식회사,H,기타,0,0,외국생보사,D,SH027,형태별 보험료 수입(수납형태)
3360,201603,0010594,에이비엘생명보험주식회사,A,설계사,7639808000,7639808000,외국생보사,D,SH027,형태별 보험료 수입(수납형태)
3361,201603,0010594,에이비엘생명보험주식회사,B,지로,173215000,173215000,외국생보사,D,SH027,형태별 보험료 수입(수납형태)
3362,201603,0010594,에이비엘생명보험주식회사,C,자동이체,305159097000,305159097000,외국생보사,D,SH027,형태별 보험료 수입(수납형태)
3363,201603,0010594,에이비엘생명보험주식회사,D,대리점,56496709000,56496709000,외국생보사,D,SH027,형태별 보험료 수입(수납형태)
3364,201603,0010594,에이비엘생명보험주식회사,E,직납,477969000,477969000,외국생보사,D,SH027,형태별 보험료 수입(수납형태)
3365,201603,0010594,에이비엘생명보험주식회사,F,신용카드,2944628000,2944628000,외국생보사,D,SH027,형태별 보험료 수입(수납형태)
3366,201603,0010594,에이비엘생명보험주식회사,G,방카슈랑스,7985125000,7985125000,외국생보사,D,SH027,형태별 보험료 수입(수납형태)
3367,201603,0010594,에이비엘생명보험주식회사,H,기타,0,0,외국생보사,D,SH027,형태별 보험료 수입(수납형태)
3368,201606,0010594,에이비엘생명보험주식회사,A,설계사,7464304000,15104112000,외국생보사,D,SH027,형태별 보험료 수입(수납형태)
3369,201606,0010594,에이비엘생명보험주식회사,B,지로,150074000,323289000,외국생보사,D,SH027,형태별 보험료 수입(수납형태)
3370,201606,0010594,에이비엘생명보험주식회사,C,자동이체,309315387000,614474484000,외국생보사,D,SH027,형태별 보험료 수입(수납형태)
3371,201606,0010594,에이비엘생명보험주식회사,D,대리점,61731277000,118227986000,외국생보사,D,SH027,형태별 보험료 수입(수납형태)
3372,201606,0010594,에이비엘생명보험주식회사,E,직납,471968000,949937000,외국생보사,D,SH027,형태별 보험료 수입(수납형태)
3373,201606,0010594,에이비엘생명보험주식회사,F,신용카드,2868588000,5813216000,외국생보사,D,SH027,형태별 보험료 수입(수납형태)
3374,201606,0010594,에이비엘생명보험주식회사,G,방카슈랑스,7740474000,15725599000,외국생보사,D,SH027,형태별 보험료 수입(수납형태)
3375,201606,0010594,에이비엘생명보험주식회사,H,기타,0,0,외국생보사,D,SH027,형태별 보험료 수입(수납형태)
3376,201609,0010594,에이비엘생명보험주식회사,A,설계사,7348145000,22452257000,외국생보사,D,SH027,형태별 보험료 수입(수납형태)
3377,201609,0010594,에이비엘생명보험주식회사,B,지로,132903000,456192000,외국생보사,D,SH027,형태별 보험료 수입(수납형태)
3378,201609,0010594,에이비엘생명보험주식회사,C,자동이체,306705281000,921179765000,외국생보사,D,SH027,형태별 보험료 수입(수납형태)
3379,201609,0010594,에이비엘생명보험주식회사,D,대리점,63414653000,181642639000,외국생보사,D,SH027,형태별 보험료 수입(수납형태)
3380,201609,0010594,에이비엘생명보험주식회사,E,직납,339690000,1289627000,외국생보사,D,SH027,형태별 보험료 수입(수납형태)
3381,201609,0010594,에이비엘생명보험주식회사,F,신용카드,2768673000,8581889000,외국생보사,D,SH027,형태별 보험료 수입(수납형태)
3382,201609,0010594,에이비엘생명보험주식회사,G,방카슈랑스,7089651000,22815250000,외국생보사,D,SH027,형태별 보험료 수입(수납형태)
3383,201609,0010594,에이비엘생명보험주식회사,H,기타,0,0,외국생보사,D,SH027,형태별 보험료 수입(수납형태)
3384,201612,0010594,에이비엘생명보험주식회사,A,설계사,7308964000,29761221000,외국생보사,D,SH027,형태별 보험료 수입(수납형태)
3385,201612,0010594,에이비엘생명보험주식회사,B,지로,154496000,610688000,외국생보사,D,SH027,형태별 보험료 수입(수납형태)
3386,201612,0010594,에이비엘생명보험주식회사,C,자동이체,313993100000,1235172865000,외국생보사,D,SH027,형태별 보험료 수입(수납형태)
3387,201612,0010594,에이비엘생명보험주식회사,D,대리점,68210049000,249852688000,외국생보사,D,SH027,형태별 보험료 수입(수납형태)
3388,201612,0010594,에이비엘생명보험주식회사,E,직납,421466000,1711093000,외국생보사,D,SH027,형태별 보험료 수입(수납형태)
3389,201612,0010594,에이비엘생명보험주식회사,F,신용카드,2672764000,11254653000,외국생보사,D,SH027,형태별 보험료 수입(수납형태)
3390,201612,0010594,에이비엘생명보험주식회사,G,방카슈랑스,6763344000,29578594000,외국생보사,D,SH027,형태별 보험료 수입(수납형태)
3391,201612,0010594,에이비엘생명보험주식회사,H,기타,0,0,외국생보사,D,SH027,형태별 보험료 수입(수납형태)
3392,201106,0010615,에이아이에이생명보험 주식회사,A,설계사,0,0,외국생보사,D,SH027,형태별 보험료 수입(수납형태)
3393,201106,0010615,에이아이에이생명보험 주식회사,B,지로,176064000,176064000,외국생보사,D,SH027,형태별 보험료 수입(수납형태)
3394,201106,0010615,에이아이에이생명보험 주식회사,C,자동이체,455819508000,455819508000,외국생보사,D,SH027,형태별 보험료 수입(수납형태)
3395,201106,0010615,에이아이에이생명보험 주식회사,D,대리점,0,0,외국생보사,D,SH027,형태별 보험료 수입(수납형태)
3396,201106,0010615,에이아이에이생명보험 주식회사,E,직납,23530523000,23530523000,외국생보사,D,SH027,형태별 보험료 수입(수납형태)
3397,201106,0010615,에이아이에이생명보험 주식회사,F,신용카드,66580627000,66580627000,외국생보사,D,SH027,형태별 보험료 수입(수납형태)
3398,201106,0010615,에이아이에이생명보험 주식회사,G,방카슈랑스,6131334000,6131334000,외국생보사,D,SH027,형태별 보험료 수입(수납형태)
3399,201106,0010615,에이아이에이생명보험 주식회사,H,기타,0,0,외국생보사,D,SH027,형태별 보험료 수입(수납형태)
3400,201109,0010615,에이아이에이생명보험 주식회사,A,설계사,0,0,외국생보사,D,SH027,형태별 보험료 수입(수납형태)
3401,201109,0010615,에이아이에이생명보험 주식회사,B,지로,144683000,320747000,외국생보사,D,SH027,형태별 보험료 수입(수납형태)
3402,201109,0010615,에이아이에이생명보험 주식회사,C,자동이체,455087223000,910906731000,외국생보사,D,SH027,형태별 보험료 수입(수납형태)
3403,201109,0010615,에이아이에이생명보험 주식회사,D,대리점,0,0,외국생보사,D,SH027,형태별 보험료 수입(수납형태)
3404,201109,0010615,에이아이에이생명보험 주식회사,E,직납,24211088000,47741611000,외국생보사,D,SH027,형태별 보험료 수입(수납형태)
3405,201109,0010615,에이아이에이생명보험 주식회사,F,신용카드,66484508000,133065135000,외국생보사,D,SH027,형태별 보험료 수입(수납형태)
3406,201109,0010615,에이아이에이생명보험 주식회사,G,방카슈랑스,6101957000,12233291000,외국생보사,D,SH027,형태별 보험료 수입(수납형태)
3407,201109,0010615,에이아이에이생명보험 주식회사,H,기타,0,0,외국생보사,D,SH027,형태별 보험료 수입(수납형태)
3408,201112,0010615,에이아이에이생명보험 주식회사,A,설계사,0,0,외국생보사,D,SH027,형태별 보험료 수입(수납형태)
3409,201112,0010615,에이아이에이생명보험 주식회사,B,지로,136767000,457514000,외국생보사,D,SH027,형태별 보험료 수입(수납형태)
3410,201112,0010615,에이아이에이생명보험 주식회사,C,자동이체,454248409000,1365155140000,외국생보사,D,SH027,형태별 보험료 수입(수납형태)
3411,201112,0010615,에이아이에이생명보험 주식회사,D,대리점,0,0,외국생보사,D,SH027,형태별 보험료 수입(수납형태)
3412,201112,0010615,에이아이에이생명보험 주식회사,E,직납,22409056000,70150667000,외국생보사,D,SH027,형태별 보험료 수입(수납형태)
3413,201112,0010615,에이아이에이생명보험 주식회사,F,신용카드,67090194000,200155329000,외국생보사,D,SH027,형태별 보험료 수입(수납형태)
3414,201112,0010615,에이아이에이생명보험 주식회사,G,방카슈랑스,5608472000,17841763000,외국생보사,D,SH027,형태별 보험료 수입(수납형태)
3415,201112,0010615,에이아이에이생명보험 주식회사,H,기타,0,0,외국생보사,D,SH027,형태별 보험료 수입(수납형태)
3416,201203,0010615,에이아이에이생명보험 주식회사,A,설계사,0,0,외국생보사,D,SH027,형태별 보험료 수입(수납형태)
3417,201203,0010615,에이아이에이생명보험 주식회사,B,지로,94374000,551888000,외국생보사,D,SH027,형태별 보험료 수입(수납형태)
3418,201203,0010615,에이아이에이생명보험 주식회사,C,자동이체,450009835000,1815164975000,외국생보사,D,SH027,형태별 보험료 수입(수납형태)
3419,201203,0010615,에이아이에이생명보험 주식회사,D,대리점,0,0,외국생보사,D,SH027,형태별 보험료 수입(수납형태)
3420,201203,0010615,에이아이에이생명보험 주식회사,E,직납,21341359000,91492026000,외국생보사,D,SH027,형태별 보험료 수입(수납형태)
3421,201203,0010615,에이아이에이생명보험 주식회사,F,신용카드,67013969000,267169298000,외국생보사,D,SH027,형태별 보험료 수입(수납형태)
3422,201203,0010615,에이아이에이생명보험 주식회사,G,방카슈랑스,5402299000,23244062000,외국생보사,D,SH027,형태별 보험료 수입(수납형태)
3423,201203,0010615,에이아이에이생명보험 주식회사,H,기타,0,0,외국생보사,D,SH027,형태별 보험료 수입(수납형태)
3424,201206,0010615,에이아이에이생명보험 주식회사,A,설계사,0,0,외국생보사,D,SH027,형태별 보험료 수입(수납형태)
3425,201206,0010615,에이아이에이생명보험 주식회사,B,지로,127863000,127863000,외국생보사,D,SH027,형태별 보험료 수입(수납형태)
3426,201206,0010615,에이아이에이생명보험 주식회사,C,자동이체,447314710000,447314710000,외국생보사,D,SH027,형태별 보험료 수입(수납형태)
3427,201206,0010615,에이아이에이생명보험 주식회사,D,대리점,0,0,외국생보사,D,SH027,형태별 보험료 수입(수납형태)
3428,201206,0010615,에이아이에이생명보험 주식회사,E,직납,20384883000,20384883000,외국생보사,D,SH027,형태별 보험료 수입(수납형태)
3429,201206,0010615,에이아이에이생명보험 주식회사,F,신용카드,67470639000,67470639000,외국생보사,D,SH027,형태별 보험료 수입(수납형태)
3430,201206,0010615,에이아이에이생명보험 주식회사,G,방카슈랑스,5118253000,5118253000,외국생보사,D,SH027,형태별 보험료 수입(수납형태)
3431,201206,0010615,에이아이에이생명보험 주식회사,H,기타,0,0,외국생보사,D,SH027,형태별 보험료 수입(수납형태)
3432,201209,0010615,에이아이에이생명보험 주식회사,A,설계사,0,0,외국생보사,D,SH027,형태별 보험료 수입(수납형태)
3433,201209,0010615,에이아이에이생명보험 주식회사,B,지로,108897000,236760000,외국생보사,D,SH027,형태별 보험료 수입(수납형태)
3434,201209,0010615,에이아이에이생명보험 주식회사,C,자동이체,445265051000,892579761000,외국생보사,D,SH027,형태별 보험료 수입(수납형태)
3435,201209,0010615,에이아이에이생명보험 주식회사,D,대리점,0,0,외국생보사,D,SH027,형태별 보험료 수입(수납형태)
3436,201209,0010615,에이아이에이생명보험 주식회사,E,직납,19773037000,40157920000,외국생보사,D,SH027,형태별 보험료 수입(수납형태)
3437,201209,0010615,에이아이에이생명보험 주식회사,F,신용카드,68202317000,135672956000,외국생보사,D,SH027,형태별 보험료 수입(수납형태)
3438,201209,0010615,에이아이에이생명보험 주식회사,G,방카슈랑스,4918125000,10036378000,외국생보사,D,SH027,형태별 보험료 수입(수납형태)
3439,201209,0010615,에이아이에이생명보험 주식회사,H,기타,0,0,외국생보사,D,SH027,형태별 보험료 수입(수납형태)
3440,201212,0010615,에이아이에이생명보험 주식회사,A,설계사,0,0,외국생보사,D,SH027,형태별 보험료 수입(수납형태)
3441,201212,0010615,에이아이에이생명보험 주식회사,B,지로,83089000,319849000,외국생보사,D,SH027,형태별 보험료 수입(수납형태)
3442,201212,0010615,에이아이에이생명보험 주식회사,C,자동이체,444667400000,1337247161000,외국생보사,D,SH027,형태별 보험료 수입(수납형태)
3443,201212,0010615,에이아이에이생명보험 주식회사,D,대리점,0,0,외국생보사,D,SH027,형태별 보험료 수입(수납형태)
3444,201212,0010615,에이아이에이생명보험 주식회사,E,직납,20454807000,60612727000,외국생보사,D,SH027,형태별 보험료 수입(수납형태)
3445,201212,0010615,에이아이에이생명보험 주식회사,F,신용카드,68599020000,204271976000,외국생보사,D,SH027,형태별 보험료 수입(수납형태)
3446,201212,0010615,에이아이에이생명보험 주식회사,G,방카슈랑스,5072311000,15108689000,외국생보사,D,SH027,형태별 보험료 수입(수납형태)
3447,201212,0010615,에이아이에이생명보험 주식회사,H,기타,0,0,외국생보사,D,SH027,형태별 보험료 수입(수납형태)
3448,201303,0010615,에이아이에이생명보험 주식회사,A,설계사,0,0,외국생보사,D,SH027,형태별 보험료 수입(수납형태)
3449,201303,0010615,에이아이에이생명보험 주식회사,B,지로,84120000,403969000,외국생보사,D,SH027,형태별 보험료 수입(수납형태)
3450,201303,0010615,에이아이에이생명보험 주식회사,C,자동이체,447613932000,1784861093000,외국생보사,D,SH027,형태별 보험료 수입(수납형태)
3451,201303,0010615,에이아이에이생명보험 주식회사,D,대리점,0,0,외국생보사,D,SH027,형태별 보험료 수입(수납형태)
3452,201303,0010615,에이아이에이생명보험 주식회사,E,직납,22365176000,82977903000,외국생보사,D,SH027,형태별 보험료 수입(수납형태)
3453,201303,0010615,에이아이에이생명보험 주식회사,F,신용카드,69626034000,273898010000,외국생보사,D,SH027,형태별 보험료 수입(수납형태)
3454,201303,0010615,에이아이에이생명보험 주식회사,G,방카슈랑스,4954748000,20063437000,외국생보사,D,SH027,형태별 보험료 수입(수납형태)
3455,201303,0010615,에이아이에이생명보험 주식회사,H,기타,0,0,외국생보사,D,SH027,형태별 보험료 수입(수납형태)
3456,201306,0010615,에이아이에이생명보험 주식회사,A,설계사,0,0,외국생보사,D,SH027,형태별 보험료 수입(수납형태)
3457,201306,0010615,에이아이에이생명보험 주식회사,B,지로,105154000,105154000,외국생보사,D,SH027,형태별 보험료 수입(수납형태)
3458,201306,0010615,에이아이에이생명보험 주식회사,C,자동이체,450324099000,450324099000,외국생보사,D,SH027,형태별 보험료 수입(수납형태)
3459,201306,0010615,에이아이에이생명보험 주식회사,D,대리점,0,0,외국생보사,D,SH027,형태별 보험료 수입(수납형태)
3460,201306,0010615,에이아이에이생명보험 주식회사,E,직납,21330773000,21330773000,외국생보사,D,SH027,형태별 보험료 수입(수납형태)
3461,201306,0010615,에이아이에이생명보험 주식회사,F,신용카드,70494016000,70494016000,외국생보사,D,SH027,형태별 보험료 수입(수납형태)
3462,201306,0010615,에이아이에이생명보험 주식회사,G,방카슈랑스,4948028000,4948028000,외국생보사,D,SH027,형태별 보험료 수입(수납형태)
3463,201306,0010615,에이아이에이생명보험 주식회사,H,기타,0,0,외국생보사,D,SH027,형태별 보험료 수입(수납형태)
3464,201309,0010615,에이아이에이생명보험 주식회사,A,설계사,0,0,외국생보사,D,SH027,형태별 보험료 수입(수납형태)
3465,201309,0010615,에이아이에이생명보험 주식회사,B,지로,80275000,185429000,외국생보사,D,SH027,형태별 보험료 수입(수납형태)
3466,201309,0010615,에이아이에이생명보험 주식회사,C,자동이체,451356057000,901680156000,외국생보사,D,SH027,형태별 보험료 수입(수납형태)
3467,201309,0010615,에이아이에이생명보험 주식회사,D,대리점,0,0,외국생보사,D,SH027,형태별 보험료 수입(수납형태)
3468,201309,0010615,에이아이에이생명보험 주식회사,E,직납,20848768000,42179541000,외국생보사,D,SH027,형태별 보험료 수입(수납형태)
3469,201309,0010615,에이아이에이생명보험 주식회사,F,신용카드,71558470000,142052486000,외국생보사,D,SH027,형태별 보험료 수입(수납형태)
3470,201309,0010615,에이아이에이생명보험 주식회사,G,방카슈랑스,5040825000,9988853000,외국생보사,D,SH027,형태별 보험료 수입(수납형태)
3471,201309,0010615,에이아이에이생명보험 주식회사,H,기타,0,0,외국생보사,D,SH027,형태별 보험료 수입(수납형태)
3472,201312,0010615,에이아이에이생명보험 주식회사,A,설계사,0,0,외국생보사,D,SH027,형태별 보험료 수입(수납형태)
3473,201312,0010615,에이아이에이생명보험 주식회사,B,지로,75489000,260918000,외국생보사,D,SH027,형태별 보험료 수입(수납형태)
3474,201312,0010615,에이아이에이생명보험 주식회사,C,자동이체,453736264000,1355416420000,외국생보사,D,SH027,형태별 보험료 수입(수납형태)
3475,201312,0010615,에이아이에이생명보험 주식회사,D,대리점,0,0,외국생보사,D,SH027,형태별 보험료 수입(수납형태)
3476,201312,0010615,에이아이에이생명보험 주식회사,E,직납,22330164000,64509705000,외국생보사,D,SH027,형태별 보험료 수입(수납형태)
3477,201312,0010615,에이아이에이생명보험 주식회사,F,신용카드,72641314000,214693800000,외국생보사,D,SH027,형태별 보험료 수입(수납형태)
3478,201312,0010615,에이아이에이생명보험 주식회사,G,방카슈랑스,5387305000,15376158000,외국생보사,D,SH027,형태별 보험료 수입(수납형태)
3479,201312,0010615,에이아이에이생명보험 주식회사,H,기타,0,0,외국생보사,D,SH027,형태별 보험료 수입(수납형태)
3480,201403,0010615,에이아이에이생명보험 주식회사,A,설계사,0,0,외국생보사,D,SH027,형태별 보험료 수입(수납형태)
3481,201403,0010615,에이아이에이생명보험 주식회사,B,지로,65942000,65942000,외국생보사,D,SH027,형태별 보험료 수입(수납형태)
3482,201403,0010615,에이아이에이생명보험 주식회사,C,자동이체,453981824000,453981824000,외국생보사,D,SH027,형태별 보험료 수입(수납형태)
3483,201403,0010615,에이아이에이생명보험 주식회사,D,대리점,0,0,외국생보사,D,SH027,형태별 보험료 수입(수납형태)
3484,201403,0010615,에이아이에이생명보험 주식회사,E,직납,21699516000,21699516000,외국생보사,D,SH027,형태별 보험료 수입(수납형태)
3485,201403,0010615,에이아이에이생명보험 주식회사,F,신용카드,72811464000,72811464000,외국생보사,D,SH027,형태별 보험료 수입(수납형태)
3486,201403,0010615,에이아이에이생명보험 주식회사,G,방카슈랑스,6213991000,6213991000,외국생보사,D,SH027,형태별 보험료 수입(수납형태)
3487,201403,0010615,에이아이에이생명보험 주식회사,H,기타,0,0,외국생보사,D,SH027,형태별 보험료 수입(수납형태)
3488,201406,0010615,에이아이에이생명보험 주식회사,A,설계사,0,0,외국생보사,D,SH027,형태별 보험료 수입(수납형태)
3489,201406,0010615,에이아이에이생명보험 주식회사,B,지로,87726000,153668000,외국생보사,D,SH027,형태별 보험료 수입(수납형태)
3490,201406,0010615,에이아이에이생명보험 주식회사,C,자동이체,455075519000,909057343000,외국생보사,D,SH027,형태별 보험료 수입(수납형태)
3491,201406,0010615,에이아이에이생명보험 주식회사,D,대리점,0,0,외국생보사,D,SH027,형태별 보험료 수입(수납형태)
3492,201406,0010615,에이아이에이생명보험 주식회사,E,직납,22029860000,43729376000,외국생보사,D,SH027,형태별 보험료 수입(수납형태)
3493,201406,0010615,에이아이에이생명보험 주식회사,F,신용카드,73637758000,146449222000,외국생보사,D,SH027,형태별 보험료 수입(수납형태)
3494,201406,0010615,에이아이에이생명보험 주식회사,G,방카슈랑스,7765773000,13979764000,외국생보사,D,SH027,형태별 보험료 수입(수납형태)
3495,201406,0010615,에이아이에이생명보험 주식회사,H,기타,0,0,외국생보사,D,SH027,형태별 보험료 수입(수납형태)
3496,201409,0010615,에이아이에이생명보험 주식회사,A,설계사,0,0,외국생보사,D,SH027,형태별 보험료 수입(수납형태)
3497,201409,0010615,에이아이에이생명보험 주식회사,B,지로,66865000,220533000,외국생보사,D,SH027,형태별 보험료 수입(수납형태)
3498,201409,0010615,에이아이에이생명보험 주식회사,C,자동이체,456873008000,1365930351000,외국생보사,D,SH027,형태별 보험료 수입(수납형태)
3499,201409,0010615,에이아이에이생명보험 주식회사,D,대리점,0,0,외국생보사,D,SH027,형태별 보험료 수입(수납형태)
3500,201409,0010615,에이아이에이생명보험 주식회사,E,직납,23864225000,67593601000,외국생보사,D,SH027,형태별 보험료 수입(수납형태)
3501,201409,0010615,에이아이에이생명보험 주식회사,F,신용카드,74541584000,220990806000,외국생보사,D,SH027,형태별 보험료 수입(수납형태)
3502,201409,0010615,에이아이에이생명보험 주식회사,G,방카슈랑스,8389284000,22369048000,외국생보사,D,SH027,형태별 보험료 수입(수납형태)
3503,201409,0010615,에이아이에이생명보험 주식회사,H,기타,0,0,외국생보사,D,SH027,형태별 보험료 수입(수납형태)
3504,201412,0010615,에이아이에이생명보험 주식회사,A,설계사,0,0,외국생보사,D,SH027,형태별 보험료 수입(수납형태)
3505,201412,0010615,에이아이에이생명보험 주식회사,B,지로,57978000,278511000,외국생보사,D,SH027,형태별 보험료 수입(수납형태)
3506,201412,0010615,에이아이에이생명보험 주식회사,C,자동이체,457618489000,1823548840000,외국생보사,D,SH027,형태별 보험료 수입(수납형태)
3507,201412,0010615,에이아이에이생명보험 주식회사,D,대리점,0,0,외국생보사,D,SH027,형태별 보험료 수입(수납형태)
3508,201412,0010615,에이아이에이생명보험 주식회사,E,직납,25692192000,93285793000,외국생보사,D,SH027,형태별 보험료 수입(수납형태)
3509,201412,0010615,에이아이에이생명보험 주식회사,F,신용카드,75446683000,296437489000,외국생보사,D,SH027,형태별 보험료 수입(수납형태)
3510,201412,0010615,에이아이에이생명보험 주식회사,G,방카슈랑스,10040935000,32409983000,외국생보사,D,SH027,형태별 보험료 수입(수납형태)
3511,201412,0010615,에이아이에이생명보험 주식회사,H,기타,0,0,외국생보사,D,SH027,형태별 보험료 수입(수납형태)
3512,201503,0010615,에이아이에이생명보험 주식회사,A,설계사,0,0,외국생보사,D,SH027,형태별 보험료 수입(수납형태)
3513,201503,0010615,에이아이에이생명보험 주식회사,B,지로,49185000,49185000,외국생보사,D,SH027,형태별 보험료 수입(수납형태)
3514,201503,0010615,에이아이에이생명보험 주식회사,C,자동이체,457048081000,457048081000,외국생보사,D,SH027,형태별 보험료 수입(수납형태)
3515,201503,0010615,에이아이에이생명보험 주식회사,D,대리점,0,0,외국생보사,D,SH027,형태별 보험료 수입(수납형태)
3516,201503,0010615,에이아이에이생명보험 주식회사,E,직납,24196062000,24196062000,외국생보사,D,SH027,형태별 보험료 수입(수납형태)
3517,201503,0010615,에이아이에이생명보험 주식회사,F,신용카드,76348630000,76348630000,외국생보사,D,SH027,형태별 보험료 수입(수납형태)
3518,201503,0010615,에이아이에이생명보험 주식회사,G,방카슈랑스,10308425000,10308425000,외국생보사,D,SH027,형태별 보험료 수입(수납형태)
3519,201503,0010615,에이아이에이생명보험 주식회사,H,기타,0,0,외국생보사,D,SH027,형태별 보험료 수입(수납형태)
3520,201506,0010615,에이아이에이생명보험 주식회사,A,설계사,0,0,외국생보사,D,SH027,형태별 보험료 수입(수납형태)
3521,201506,0010615,에이아이에이생명보험 주식회사,B,지로,77093000,126278000,외국생보사,D,SH027,형태별 보험료 수입(수납형태)
3522,201506,0010615,에이아이에이생명보험 주식회사,C,자동이체,453201180000,910249261000,외국생보사,D,SH027,형태별 보험료 수입(수납형태)
3523,201506,0010615,에이아이에이생명보험 주식회사,D,대리점,0,0,외국생보사,D,SH027,형태별 보험료 수입(수납형태)
3524,201506,0010615,에이아이에이생명보험 주식회사,E,직납,25054392000,49250454000,외국생보사,D,SH027,형태별 보험료 수입(수납형태)
3525,201506,0010615,에이아이에이생명보험 주식회사,F,신용카드,78291431000,154640061000,외국생보사,D,SH027,형태별 보험료 수입(수납형태)
3526,201506,0010615,에이아이에이생명보험 주식회사,G,방카슈랑스,11371678000,21680103000,외국생보사,D,SH027,형태별 보험료 수입(수납형태)
3527,201506,0010615,에이아이에이생명보험 주식회사,H,기타,0,0,외국생보사,D,SH027,형태별 보험료 수입(수납형태)
3528,201509,0010615,에이아이에이생명보험 주식회사,A,설계사,0,0,외국생보사,D,SH027,형태별 보험료 수입(수납형태)
3529,201509,0010615,에이아이에이생명보험 주식회사,B,지로,50956000,177234000,외국생보사,D,SH027,형태별 보험료 수입(수납형태)
3530,201509,0010615,에이아이에이생명보험 주식회사,C,자동이체,443770575000,1354019836000,외국생보사,D,SH027,형태별 보험료 수입(수납형태)
3531,201509,0010615,에이아이에이생명보험 주식회사,D,대리점,0,0,외국생보사,D,SH027,형태별 보험료 수입(수납형태)
3532,201509,0010615,에이아이에이생명보험 주식회사,E,직납,24720721000,73971175000,외국생보사,D,SH027,형태별 보험료 수입(수납형태)
3533,201509,0010615,에이아이에이생명보험 주식회사,F,신용카드,78687915000,233327976000,외국생보사,D,SH027,형태별 보험료 수입(수납형태)
3534,201509,0010615,에이아이에이생명보험 주식회사,G,방카슈랑스,12185418000,33865521000,외국생보사,D,SH027,형태별 보험료 수입(수납형태)
3535,201509,0010615,에이아이에이생명보험 주식회사,H,기타,0,0,외국생보사,D,SH027,형태별 보험료 수입(수납형태)
3536,201512,0010615,에이아이에이생명보험 주식회사,A,설계사,0,0,외국생보사,D,SH027,형태별 보험료 수입(수납형태)
3537,201512,0010615,에이아이에이생명보험 주식회사,B,지로,47547000,224781000,외국생보사,D,SH027,형태별 보험료 수입(수납형태)
3538,201512,0010615,에이아이에이생명보험 주식회사,C,자동이체,447118564000,1801138400000,외국생보사,D,SH027,형태별 보험료 수입(수납형태)
3539,201512,0010615,에이아이에이생명보험 주식회사,D,대리점,0,0,외국생보사,D,SH027,형태별 보험료 수입(수납형태)
3540,201512,0010615,에이아이에이생명보험 주식회사,E,직납,24529834000,98501009000,외국생보사,D,SH027,형태별 보험료 수입(수납형태)
3541,201512,0010615,에이아이에이생명보험 주식회사,F,신용카드,76917076000,310245052000,외국생보사,D,SH027,형태별 보험료 수입(수납형태)
3542,201512,0010615,에이아이에이생명보험 주식회사,G,방카슈랑스,12850452000,46715973000,외국생보사,D,SH027,형태별 보험료 수입(수납형태)
3543,201512,0010615,에이아이에이생명보험 주식회사,H,기타,0,0,외국생보사,D,SH027,형태별 보험료 수입(수납형태)
3544,201603,0010615,에이아이에이생명보험 주식회사,A,설계사,0,0,외국생보사,D,SH027,형태별 보험료 수입(수납형태)
3545,201603,0010615,에이아이에이생명보험 주식회사,B,지로,45234000,45234000,외국생보사,D,SH027,형태별 보험료 수입(수납형태)
3546,201603,0010615,에이아이에이생명보험 주식회사,C,자동이체,439259987000,439259987000,외국생보사,D,SH027,형태별 보험료 수입(수납형태)
3547,201603,0010615,에이아이에이생명보험 주식회사,D,대리점,0,0,외국생보사,D,SH027,형태별 보험료 수입(수납형태)
3548,201603,0010615,에이아이에이생명보험 주식회사,E,직납,23093224000,23093224000,외국생보사,D,SH027,형태별 보험료 수입(수납형태)
3549,201603,0010615,에이아이에이생명보험 주식회사,F,신용카드,76932158000,76932158000,외국생보사,D,SH027,형태별 보험료 수입(수납형태)
3550,201603,0010615,에이아이에이생명보험 주식회사,G,방카슈랑스,12605847000,12605847000,외국생보사,D,SH027,형태별 보험료 수입(수납형태)
3551,201603,0010615,에이아이에이생명보험 주식회사,H,기타,0,0,외국생보사,D,SH027,형태별 보험료 수입(수납형태)
3552,201606,0010615,에이아이에이생명보험 주식회사,A,설계사,0,0,외국생보사,D,SH027,형태별 보험료 수입(수납형태)
3553,201606,0010615,에이아이에이생명보험 주식회사,B,지로,66760000,111994000,외국생보사,D,SH027,형태별 보험료 수입(수납형태)
3554,201606,0010615,에이아이에이생명보험 주식회사,C,자동이체,433242861000,872502848000,외국생보사,D,SH027,형태별 보험료 수입(수납형태)
3555,201606,0010615,에이아이에이생명보험 주식회사,D,대리점,0,0,외국생보사,D,SH027,형태별 보험료 수입(수납형태)
3556,201606,0010615,에이아이에이생명보험 주식회사,E,직납,22198882000,45292106000,외국생보사,D,SH027,형태별 보험료 수입(수납형태)
3557,201606,0010615,에이아이에이생명보험 주식회사,F,신용카드,76720029000,153652187000,외국생보사,D,SH027,형태별 보험료 수입(수납형태)
3558,201606,0010615,에이아이에이생명보험 주식회사,G,방카슈랑스,13305935000,25911782000,외국생보사,D,SH027,형태별 보험료 수입(수납형태)
3559,201606,0010615,에이아이에이생명보험 주식회사,H,기타,0,0,외국생보사,D,SH027,형태별 보험료 수입(수납형태)
3560,201609,0010615,에이아이에이생명보험 주식회사,A,설계사,0,0,외국생보사,D,SH027,형태별 보험료 수입(수납형태)
3561,201609,0010615,에이아이에이생명보험 주식회사,B,지로,46920000,158914000,외국생보사,D,SH027,형태별 보험료 수입(수납형태)
3562,201609,0010615,에이아이에이생명보험 주식회사,C,자동이체,428264437000,1300767285000,외국생보사,D,SH027,형태별 보험료 수입(수납형태)
3563,201609,0010615,에이아이에이생명보험 주식회사,D,대리점,0,0,외국생보사,D,SH027,형태별 보험료 수입(수납형태)
3564,201609,0010615,에이아이에이생명보험 주식회사,E,직납,21540103000,66832209000,외국생보사,D,SH027,형태별 보험료 수입(수납형태)
3565,201609,0010615,에이아이에이생명보험 주식회사,F,신용카드,76771491000,230423678000,외국생보사,D,SH027,형태별 보험료 수입(수납형태)
3566,201609,0010615,에이아이에이생명보험 주식회사,G,방카슈랑스,13105932000,39017714000,외국생보사,D,SH027,형태별 보험료 수입(수납형태)
3567,201609,0010615,에이아이에이생명보험 주식회사,H,기타,0,0,외국생보사,D,SH027,형태별 보험료 수입(수납형태)
3568,201612,0010615,에이아이에이생명보험 주식회사,A,설계사,0,0,외국생보사,D,SH027,형태별 보험료 수입(수납형태)
3569,201612,0010615,에이아이에이생명보험 주식회사,B,지로,42966000,201880000,외국생보사,D,SH027,형태별 보험료 수입(수납형태)
3570,201612,0010615,에이아이에이생명보험 주식회사,C,자동이체,425391470000,1726158755000,외국생보사,D,SH027,형태별 보험료 수입(수납형태)
3571,201612,0010615,에이아이에이생명보험 주식회사,D,대리점,0,0,외국생보사,D,SH027,형태별 보험료 수입(수납형태)
3572,201612,0010615,에이아이에이생명보험 주식회사,E,직납,19519532000,86351741000,외국생보사,D,SH027,형태별 보험료 수입(수납형태)
3573,201612,0010615,에이아이에이생명보험 주식회사,F,신용카드,76270090000,306693768000,외국생보사,D,SH027,형태별 보험료 수입(수납형태)
3574,201612,0010615,에이아이에이생명보험 주식회사,G,방카슈랑스,13261824000,52279538000,외국생보사,D,SH027,형태별 보험료 수입(수납형태)
3575,201612,0010615,에이아이에이생명보험 주식회사,H,기타,0,0,외국생보사,D,SH027,형태별 보험료 수입(수납형태)
3576,201106,0010625,처브라이프생명보험주식회사,A,설계사,1147070000,1147070000,외국생보사,D,SH027,형태별 보험료 수입(수납형태)
3577,201106,0010625,처브라이프생명보험주식회사,B,지로,10107000,10107000,외국생보사,D,SH027,형태별 보험료 수입(수납형태)
3578,201106,0010625,처브라이프생명보험주식회사,C,자동이체,57663317000,57663317000,외국생보사,D,SH027,형태별 보험료 수입(수납형태)
3579,201106,0010625,처브라이프생명보험주식회사,D,대리점,14081000,14081000,외국생보사,D,SH027,형태별 보험료 수입(수납형태)
3580,201106,0010625,처브라이프생명보험주식회사,E,직납,0,0,외국생보사,D,SH027,형태별 보험료 수입(수납형태)
3581,201106,0010625,처브라이프생명보험주식회사,F,신용카드,0,0,외국생보사,D,SH027,형태별 보험료 수입(수납형태)
3582,201106,0010625,처브라이프생명보험주식회사,G,방카슈랑스,0,0,외국생보사,D,SH027,형태별 보험료 수입(수납형태)
3583,201106,0010625,처브라이프생명보험주식회사,H,기타,0,0,외국생보사,D,SH027,형태별 보험료 수입(수납형태)
3584,201109,0010625,처브라이프생명보험주식회사,A,설계사,1165840000,2312910000,외국생보사,D,SH027,형태별 보험료 수입(수납형태)
3585,201109,0010625,처브라이프생명보험주식회사,B,지로,13044000,23151000,외국생보사,D,SH027,형태별 보험료 수입(수납형태)
3586,201109,0010625,처브라이프생명보험주식회사,C,자동이체,57605219000,115268536000,외국생보사,D,SH027,형태별 보험료 수입(수납형태)
3587,201109,0010625,처브라이프생명보험주식회사,D,대리점,8849000,22930000,외국생보사,D,SH027,형태별 보험료 수입(수납형태)
3588,201109,0010625,처브라이프생명보험주식회사,E,직납,0,0,외국생보사,D,SH027,형태별 보험료 수입(수납형태)
3589,201109,0010625,처브라이프생명보험주식회사,F,신용카드,0,0,외국생보사,D,SH027,형태별 보험료 수입(수납형태)
3590,201109,0010625,처브라이프생명보험주식회사,G,방카슈랑스,0,0,외국생보사,D,SH027,형태별 보험료 수입(수납형태)
3591,201109,0010625,처브라이프생명보험주식회사,H,기타,0,0,외국생보사,D,SH027,형태별 보험료 수입(수납형태)
3592,201112,0010625,처브라이프생명보험주식회사,A,설계사,1227192000,3540102000,외국생보사,D,SH027,형태별 보험료 수입(수납형태)
3593,201112,0010625,처브라이프생명보험주식회사,B,지로,11734000,34885000,외국생보사,D,SH027,형태별 보험료 수입(수납형태)
3594,201112,0010625,처브라이프생명보험주식회사,C,자동이체,55022729000,170291265000,외국생보사,D,SH027,형태별 보험료 수입(수납형태)
3595,201112,0010625,처브라이프생명보험주식회사,D,대리점,17570000,40500000,외국생보사,D,SH027,형태별 보험료 수입(수납형태)
3596,201112,0010625,처브라이프생명보험주식회사,E,직납,0,0,외국생보사,D,SH027,형태별 보험료 수입(수납형태)
3597,201112,0010625,처브라이프생명보험주식회사,F,신용카드,0,0,외국생보사,D,SH027,형태별 보험료 수입(수납형태)
3598,201112,0010625,처브라이프생명보험주식회사,G,방카슈랑스,0,0,외국생보사,D,SH027,형태별 보험료 수입(수납형태)
3599,201112,0010625,처브라이프생명보험주식회사,H,기타,0,0,외국생보사,D,SH027,형태별 보험료 수입(수납형태)
3600,201203,0010625,처브라이프생명보험주식회사,A,설계사,1439397000,4979499000,외국생보사,D,SH027,형태별 보험료 수입(수납형태)
3601,201203,0010625,처브라이프생명보험주식회사,B,지로,9286000,44171000,외국생보사,D,SH027,형태별 보험료 수입(수납형태)
3602,201203,0010625,처브라이프생명보험주식회사,C,자동이체,55547332000,225838597000,외국생보사,D,SH027,형태별 보험료 수입(수납형태)
3603,201203,0010625,처브라이프생명보험주식회사,D,대리점,43670000,84170000,외국생보사,D,SH027,형태별 보험료 수입(수납형태)
3604,201203,0010625,처브라이프생명보험주식회사,E,직납,0,0,외국생보사,D,SH027,형태별 보험료 수입(수납형태)
3605,201203,0010625,처브라이프생명보험주식회사,F,신용카드,0,0,외국생보사,D,SH027,형태별 보험료 수입(수납형태)
3606,201203,0010625,처브라이프생명보험주식회사,G,방카슈랑스,5499000,5499000,외국생보사,D,SH027,형태별 보험료 수입(수납형태)
3607,201203,0010625,처브라이프생명보험주식회사,H,기타,0,0,외국생보사,D,SH027,형태별 보험료 수입(수납형태)
3608,201206,0010625,처브라이프생명보험주식회사,A,설계사,1462212000,1462212000,외국생보사,D,SH027,형태별 보험료 수입(수납형태)
3609,201206,0010625,처브라이프생명보험주식회사,B,지로,7539000,7539000,외국생보사,D,SH027,형태별 보험료 수입(수납형태)
3610,201206,0010625,처브라이프생명보험주식회사,C,자동이체,53901719000,53901719000,외국생보사,D,SH027,형태별 보험료 수입(수납형태)
3611,201206,0010625,처브라이프생명보험주식회사,D,대리점,0,0,외국생보사,D,SH027,형태별 보험료 수입(수납형태)
3612,201206,0010625,처브라이프생명보험주식회사,E,직납,0,0,외국생보사,D,SH027,형태별 보험료 수입(수납형태)
3613,201206,0010625,처브라이프생명보험주식회사,F,신용카드,0,0,외국생보사,D,SH027,형태별 보험료 수입(수납형태)
3614,201206,0010625,처브라이프생명보험주식회사,G,방카슈랑스,9100000,9100000,외국생보사,D,SH027,형태별 보험료 수입(수납형태)
3615,201206,0010625,처브라이프생명보험주식회사,H,기타,425000,425000,외국생보사,D,SH027,형태별 보험료 수입(수납형태)
3616,201209,0010625,처브라이프생명보험주식회사,A,설계사,1574141000,3036353000,외국생보사,D,SH027,형태별 보험료 수입(수납형태)
3617,201209,0010625,처브라이프생명보험주식회사,B,지로,19527000,27066000,외국생보사,D,SH027,형태별 보험료 수입(수납형태)
3618,201209,0010625,처브라이프생명보험주식회사,C,자동이체,53089598000,106991317000,외국생보사,D,SH027,형태별 보험료 수입(수납형태)
3619,201209,0010625,처브라이프생명보험주식회사,D,대리점,345136000,345136000,외국생보사,D,SH027,형태별 보험료 수입(수납형태)
3620,201209,0010625,처브라이프생명보험주식회사,E,직납,0,0,외국생보사,D,SH027,형태별 보험료 수입(수납형태)
3621,201209,0010625,처브라이프생명보험주식회사,F,신용카드,0,0,외국생보사,D,SH027,형태별 보험료 수입(수납형태)
3622,201209,0010625,처브라이프생명보험주식회사,G,방카슈랑스,17500000,26600000,외국생보사,D,SH027,형태별 보험료 수입(수납형태)
3623,201209,0010625,처브라이프생명보험주식회사,H,기타,179000,604000,외국생보사,D,SH027,형태별 보험료 수입(수납형태)
3624,201212,0010625,처브라이프생명보험주식회사,A,설계사,1878991000,4915344000,외국생보사,D,SH027,형태별 보험료 수입(수납형태)
3625,201212,0010625,처브라이프생명보험주식회사,B,지로,5222000,32288000,외국생보사,D,SH027,형태별 보험료 수입(수납형태)
3626,201212,0010625,처브라이프생명보험주식회사,C,자동이체,54682062000,161673379000,외국생보사,D,SH027,형태별 보험료 수입(수납형태)
3627,201212,0010625,처브라이프생명보험주식회사,D,대리점,1583000,346719000,외국생보사,D,SH027,형태별 보험료 수입(수납형태)
3628,201212,0010625,처브라이프생명보험주식회사,E,직납,0,0,외국생보사,D,SH027,형태별 보험료 수입(수납형태)
3629,201212,0010625,처브라이프생명보험주식회사,F,신용카드,788000,788000,외국생보사,D,SH027,형태별 보험료 수입(수납형태)
3630,201212,0010625,처브라이프생명보험주식회사,G,방카슈랑스,29306000,55906000,외국생보사,D,SH027,형태별 보험료 수입(수납형태)
3631,201212,0010625,처브라이프생명보험주식회사,H,기타,-604000,0,외국생보사,D,SH027,형태별 보험료 수입(수납형태)
3632,201303,0010625,처브라이프생명보험주식회사,A,설계사,1988479000,6903823000,외국생보사,D,SH027,형태별 보험료 수입(수납형태)
3633,201303,0010625,처브라이프생명보험주식회사,B,지로,4339000,36627000,외국생보사,D,SH027,형태별 보험료 수입(수납형태)
3634,201303,0010625,처브라이프생명보험주식회사,C,자동이체,55123155000,216796534000,외국생보사,D,SH027,형태별 보험료 수입(수납형태)
3635,201303,0010625,처브라이프생명보험주식회사,D,대리점,0,346719000,외국생보사,D,SH027,형태별 보험료 수입(수납형태)
3636,201303,0010625,처브라이프생명보험주식회사,E,직납,0,0,외국생보사,D,SH027,형태별 보험료 수입(수납형태)
3637,201303,0010625,처브라이프생명보험주식회사,F,신용카드,0,788000,외국생보사,D,SH027,형태별 보험료 수입(수납형태)
3638,201303,0010625,처브라이프생명보험주식회사,G,방카슈랑스,39728000,95634000,외국생보사,D,SH027,형태별 보험료 수입(수납형태)
3639,201303,0010625,처브라이프생명보험주식회사,H,기타,0,0,외국생보사,D,SH027,형태별 보험료 수입(수납형태)
3640,201306,0010625,처브라이프생명보험주식회사,A,설계사,1928409000,1928409000,외국생보사,D,SH027,형태별 보험료 수입(수납형태)
3641,201306,0010625,처브라이프생명보험주식회사,B,지로,2415000,2415000,외국생보사,D,SH027,형태별 보험료 수입(수납형태)
3642,201306,0010625,처브라이프생명보험주식회사,C,자동이체,53462636000,53462636000,외국생보사,D,SH027,형태별 보험료 수입(수납형태)
3643,201306,0010625,처브라이프생명보험주식회사,D,대리점,0,0,외국생보사,D,SH027,형태별 보험료 수입(수납형태)
3644,201306,0010625,처브라이프생명보험주식회사,E,직납,0,0,외국생보사,D,SH027,형태별 보험료 수입(수납형태)
3645,201306,0010625,처브라이프생명보험주식회사,F,신용카드,0,0,외국생보사,D,SH027,형태별 보험료 수입(수납형태)
3646,201306,0010625,처브라이프생명보험주식회사,G,방카슈랑스,42133000,42133000,외국생보사,D,SH027,형태별 보험료 수입(수납형태)
3647,201306,0010625,처브라이프생명보험주식회사,H,기타,0,0,외국생보사,D,SH027,형태별 보험료 수입(수납형태)
3648,201309,0010625,처브라이프생명보험주식회사,A,설계사,1981724000,3910133000,외국생보사,D,SH027,형태별 보험료 수입(수납형태)
3649,201309,0010625,처브라이프생명보험주식회사,B,지로,3634000,6049000,외국생보사,D,SH027,형태별 보험료 수입(수납형태)
3650,201309,0010625,처브라이프생명보험주식회사,C,자동이체,56941114000,110403750000,외국생보사,D,SH027,형태별 보험료 수입(수납형태)
3651,201309,0010625,처브라이프생명보험주식회사,D,대리점,0,0,외국생보사,D,SH027,형태별 보험료 수입(수납형태)
3652,201309,0010625,처브라이프생명보험주식회사,E,직납,0,0,외국생보사,D,SH027,형태별 보험료 수입(수납형태)
3653,201309,0010625,처브라이프생명보험주식회사,F,신용카드,0,0,외국생보사,D,SH027,형태별 보험료 수입(수납형태)
3654,201309,0010625,처브라이프생명보험주식회사,G,방카슈랑스,40976000,83109000,외국생보사,D,SH027,형태별 보험료 수입(수납형태)
3655,201309,0010625,처브라이프생명보험주식회사,H,기타,0,0,외국생보사,D,SH027,형태별 보험료 수입(수납형태)
3656,201312,0010625,처브라이프생명보험주식회사,A,설계사,2308118000,6218251000,외국생보사,D,SH027,형태별 보험료 수입(수납형태)
3657,201312,0010625,처브라이프생명보험주식회사,B,지로,2956000,9005000,외국생보사,D,SH027,형태별 보험료 수입(수납형태)
3658,201312,0010625,처브라이프생명보험주식회사,C,자동이체,56561306000,166965056000,외국생보사,D,SH027,형태별 보험료 수입(수납형태)
3659,201312,0010625,처브라이프생명보험주식회사,D,대리점,0,0,외국생보사,D,SH027,형태별 보험료 수입(수납형태)
3660,201312,0010625,처브라이프생명보험주식회사,E,직납,0,0,외국생보사,D,SH027,형태별 보험료 수입(수납형태)
3661,201312,0010625,처브라이프생명보험주식회사,F,신용카드,0,0,외국생보사,D,SH027,형태별 보험료 수입(수납형태)
3662,201312,0010625,처브라이프생명보험주식회사,G,방카슈랑스,37842000,120951000,외국생보사,D,SH027,형태별 보험료 수입(수납형태)
3663,201312,0010625,처브라이프생명보험주식회사,H,기타,0,0,외국생보사,D,SH027,형태별 보험료 수입(수납형태)
3664,201403,0010625,처브라이프생명보험주식회사,A,설계사,2358902000,2358902000,외국생보사,D,SH027,형태별 보험료 수입(수납형태)
3665,201403,0010625,처브라이프생명보험주식회사,B,지로,2625000,2625000,외국생보사,D,SH027,형태별 보험료 수입(수납형태)
3666,201403,0010625,처브라이프생명보험주식회사,C,자동이체,55855186000,55855186000,외국생보사,D,SH027,형태별 보험료 수입(수납형태)
3667,201403,0010625,처브라이프생명보험주식회사,D,대리점,0,0,외국생보사,D,SH027,형태별 보험료 수입(수납형태)
3668,201403,0010625,처브라이프생명보험주식회사,E,직납,0,0,외국생보사,D,SH027,형태별 보험료 수입(수납형태)
3669,201403,0010625,처브라이프생명보험주식회사,F,신용카드,0,0,외국생보사,D,SH027,형태별 보험료 수입(수납형태)
3670,201403,0010625,처브라이프생명보험주식회사,G,방카슈랑스,35796000,35796000,외국생보사,D,SH027,형태별 보험료 수입(수납형태)
3671,201403,0010625,처브라이프생명보험주식회사,H,기타,6113000,6113000,외국생보사,D,SH027,형태별 보험료 수입(수납형태)
3672,201406,0010625,처브라이프생명보험주식회사,A,설계사,2466088000,4824990000,외국생보사,D,SH027,형태별 보험료 수입(수납형태)
3673,201406,0010625,처브라이프생명보험주식회사,B,지로,3342000,5967000,외국생보사,D,SH027,형태별 보험료 수입(수납형태)
3674,201406,0010625,처브라이프생명보험주식회사,C,자동이체,55668254000,111523440000,외국생보사,D,SH027,형태별 보험료 수입(수납형태)
3675,201406,0010625,처브라이프생명보험주식회사,D,대리점,0,0,외국생보사,D,SH027,형태별 보험료 수입(수납형태)
3676,201406,0010625,처브라이프생명보험주식회사,E,직납,0,0,외국생보사,D,SH027,형태별 보험료 수입(수납형태)
3677,201406,0010625,처브라이프생명보험주식회사,F,신용카드,0,0,외국생보사,D,SH027,형태별 보험료 수입(수납형태)
3678,201406,0010625,처브라이프생명보험주식회사,G,방카슈랑스,533776000,569572000,외국생보사,D,SH027,형태별 보험료 수입(수납형태)
3679,201406,0010625,처브라이프생명보험주식회사,H,기타,0,6113000,외국생보사,D,SH027,형태별 보험료 수입(수납형태)
3680,201409,0010625,처브라이프생명보험주식회사,A,설계사,2601130000,7426120000,외국생보사,D,SH027,형태별 보험료 수입(수납형태)
3681,201409,0010625,처브라이프생명보험주식회사,B,지로,3025000,8992000,외국생보사,D,SH027,형태별 보험료 수입(수납형태)
3682,201409,0010625,처브라이프생명보험주식회사,C,자동이체,53895523000,165418963000,외국생보사,D,SH027,형태별 보험료 수입(수납형태)
3683,201409,0010625,처브라이프생명보험주식회사,D,대리점,0,0,외국생보사,D,SH027,형태별 보험료 수입(수납형태)
3684,201409,0010625,처브라이프생명보험주식회사,E,직납,0,0,외국생보사,D,SH027,형태별 보험료 수입(수납형태)
3685,201409,0010625,처브라이프생명보험주식회사,F,신용카드,30984000,30984000,외국생보사,D,SH027,형태별 보험료 수입(수납형태)
3686,201409,0010625,처브라이프생명보험주식회사,G,방카슈랑스,871404000,1440976000,외국생보사,D,SH027,형태별 보험료 수입(수납형태)
3687,201409,0010625,처브라이프생명보험주식회사,H,기타,-6113000,0,외국생보사,D,SH027,형태별 보험료 수입(수납형태)
3688,201412,0010625,처브라이프생명보험주식회사,A,설계사,3482986000,10909106000,외국생보사,D,SH027,형태별 보험료 수입(수납형태)
3689,201412,0010625,처브라이프생명보험주식회사,B,지로,4258000,13250000,외국생보사,D,SH027,형태별 보험료 수입(수납형태)
3690,201412,0010625,처브라이프생명보험주식회사,C,자동이체,52674834000,218093797000,외국생보사,D,SH027,형태별 보험료 수입(수납형태)
3691,201412,0010625,처브라이프생명보험주식회사,D,대리점,0,0,외국생보사,D,SH027,형태별 보험료 수입(수납형태)
3692,201412,0010625,처브라이프생명보험주식회사,E,직납,0,0,외국생보사,D,SH027,형태별 보험료 수입(수납형태)
3693,201412,0010625,처브라이프생명보험주식회사,F,신용카드,104330000,135314000,외국생보사,D,SH027,형태별 보험료 수입(수납형태)
3694,201412,0010625,처브라이프생명보험주식회사,G,방카슈랑스,1762233000,3203209000,외국생보사,D,SH027,형태별 보험료 수입(수납형태)
3695,201412,0010625,처브라이프생명보험주식회사,H,기타,0,0,외국생보사,D,SH027,형태별 보험료 수입(수납형태)
3696,201503,0010625,처브라이프생명보험주식회사,A,설계사,2424502000,2424502000,외국생보사,D,SH027,형태별 보험료 수입(수납형태)
3697,201503,0010625,처브라이프생명보험주식회사,B,지로,2656000,2656000,외국생보사,D,SH027,형태별 보험료 수입(수납형태)
3698,201503,0010625,처브라이프생명보험주식회사,C,자동이체,51557562000,51557562000,외국생보사,D,SH027,형태별 보험료 수입(수납형태)
3699,201503,0010625,처브라이프생명보험주식회사,D,대리점,0,0,외국생보사,D,SH027,형태별 보험료 수입(수납형태)
3700,201503,0010625,처브라이프생명보험주식회사,E,직납,0,0,외국생보사,D,SH027,형태별 보험료 수입(수납형태)
3701,201503,0010625,처브라이프생명보험주식회사,F,신용카드,458946000,458946000,외국생보사,D,SH027,형태별 보험료 수입(수납형태)
3702,201503,0010625,처브라이프생명보험주식회사,G,방카슈랑스,1017857000,1017857000,외국생보사,D,SH027,형태별 보험료 수입(수납형태)
3703,201503,0010625,처브라이프생명보험주식회사,H,기타,-843000,-843000,외국생보사,D,SH027,형태별 보험료 수입(수납형태)
3704,201506,0010625,처브라이프생명보험주식회사,A,설계사,2972105000,5396607000,외국생보사,D,SH027,형태별 보험료 수입(수납형태)
3705,201506,0010625,처브라이프생명보험주식회사,B,지로,2990000,5646000,외국생보사,D,SH027,형태별 보험료 수입(수납형태)
3706,201506,0010625,처브라이프생명보험주식회사,C,자동이체,50836163000,102393725000,외국생보사,D,SH027,형태별 보험료 수입(수납형태)
3707,201506,0010625,처브라이프생명보험주식회사,D,대리점,0,0,외국생보사,D,SH027,형태별 보험료 수입(수납형태)
3708,201506,0010625,처브라이프생명보험주식회사,E,직납,0,0,외국생보사,D,SH027,형태별 보험료 수입(수납형태)
3709,201506,0010625,처브라이프생명보험주식회사,F,신용카드,643271000,1102217000,외국생보사,D,SH027,형태별 보험료 수입(수납형태)
3710,201506,0010625,처브라이프생명보험주식회사,G,방카슈랑스,1191274000,2209131000,외국생보사,D,SH027,형태별 보험료 수입(수납형태)
3711,201506,0010625,처브라이프생명보험주식회사,H,기타,0,-843000,외국생보사,D,SH027,형태별 보험료 수입(수납형태)
3712,201509,0010625,처브라이프생명보험주식회사,A,설계사,2865242000,8261849000,외국생보사,D,SH027,형태별 보험료 수입(수납형태)
3713,201509,0010625,처브라이프생명보험주식회사,B,지로,1868000,7514000,외국생보사,D,SH027,형태별 보험료 수입(수납형태)
3714,201509,0010625,처브라이프생명보험주식회사,C,자동이체,50694518000,153088243000,외국생보사,D,SH027,형태별 보험료 수입(수납형태)
3715,201509,0010625,처브라이프생명보험주식회사,D,대리점,0,0,외국생보사,D,SH027,형태별 보험료 수입(수납형태)
3716,201509,0010625,처브라이프생명보험주식회사,E,직납,0,0,외국생보사,D,SH027,형태별 보험료 수입(수납형태)
3717,201509,0010625,처브라이프생명보험주식회사,F,신용카드,991589000,2093806000,외국생보사,D,SH027,형태별 보험료 수입(수납형태)
3718,201509,0010625,처브라이프생명보험주식회사,G,방카슈랑스,954164000,3163295000,외국생보사,D,SH027,형태별 보험료 수입(수납형태)
3719,201509,0010625,처브라이프생명보험주식회사,H,기타,0,-843000,외국생보사,D,SH027,형태별 보험료 수입(수납형태)
3720,201512,0010625,처브라이프생명보험주식회사,A,설계사,3316353000,11578202000,외국생보사,D,SH027,형태별 보험료 수입(수납형태)
3721,201512,0010625,처브라이프생명보험주식회사,B,지로,1255000,8769000,외국생보사,D,SH027,형태별 보험료 수입(수납형태)
3722,201512,0010625,처브라이프생명보험주식회사,C,자동이체,51419302000,204507545000,외국생보사,D,SH027,형태별 보험료 수입(수납형태)
3723,201512,0010625,처브라이프생명보험주식회사,D,대리점,0,0,외국생보사,D,SH027,형태별 보험료 수입(수납형태)
3724,201512,0010625,처브라이프생명보험주식회사,E,직납,0,0,외국생보사,D,SH027,형태별 보험료 수입(수납형태)
3725,201512,0010625,처브라이프생명보험주식회사,F,신용카드,1626415000,3720221000,외국생보사,D,SH027,형태별 보험료 수입(수납형태)
3726,201512,0010625,처브라이프생명보험주식회사,G,방카슈랑스,1839027000,5002322000,외국생보사,D,SH027,형태별 보험료 수입(수납형태)
3727,201512,0010625,처브라이프생명보험주식회사,H,기타,0,-843000,외국생보사,D,SH027,형태별 보험료 수입(수납형태)
3728,201603,0010625,처브라이프생명보험주식회사,A,설계사,2376164000,2376164000,외국생보사,D,SH027,형태별 보험료 수입(수납형태)
3729,201603,0010625,처브라이프생명보험주식회사,B,지로,223000,223000,외국생보사,D,SH027,형태별 보험료 수입(수납형태)
3730,201603,0010625,처브라이프생명보험주식회사,C,자동이체,51095879000,51095879000,외국생보사,D,SH027,형태별 보험료 수입(수납형태)
3731,201603,0010625,처브라이프생명보험주식회사,D,대리점,0,0,외국생보사,D,SH027,형태별 보험료 수입(수납형태)
3732,201603,0010625,처브라이프생명보험주식회사,E,직납,0,0,외국생보사,D,SH027,형태별 보험료 수입(수납형태)
3733,201603,0010625,처브라이프생명보험주식회사,F,신용카드,1716727000,1716727000,외국생보사,D,SH027,형태별 보험료 수입(수납형태)
3734,201603,0010625,처브라이프생명보험주식회사,G,방카슈랑스,1420822000,1420822000,외국생보사,D,SH027,형태별 보험료 수입(수납형태)
3735,201603,0010625,처브라이프생명보험주식회사,H,기타,0,0,외국생보사,D,SH027,형태별 보험료 수입(수납형태)
3736,201606,0010625,처브라이프생명보험주식회사,A,설계사,2433047000,4809211000,외국생보사,D,SH027,형태별 보험료 수입(수납형태)
3737,201606,0010625,처브라이프생명보험주식회사,B,지로,195000,418000,외국생보사,D,SH027,형태별 보험료 수입(수납형태)
3738,201606,0010625,처브라이프생명보험주식회사,C,자동이체,50860191000,101956070000,외국생보사,D,SH027,형태별 보험료 수입(수납형태)
3739,201606,0010625,처브라이프생명보험주식회사,D,대리점,0,0,외국생보사,D,SH027,형태별 보험료 수입(수납형태)
3740,201606,0010625,처브라이프생명보험주식회사,E,직납,0,0,외국생보사,D,SH027,형태별 보험료 수입(수납형태)
3741,201606,0010625,처브라이프생명보험주식회사,F,신용카드,1985326000,3702053000,외국생보사,D,SH027,형태별 보험료 수입(수납형태)
3742,201606,0010625,처브라이프생명보험주식회사,G,방카슈랑스,1596032000,3016854000,외국생보사,D,SH027,형태별 보험료 수입(수납형태)
3743,201606,0010625,처브라이프생명보험주식회사,H,기타,0,0,외국생보사,D,SH027,형태별 보험료 수입(수납형태)
3744,201609,0010625,처브라이프생명보험주식회사,A,설계사,2591885000,7401096000,외국생보사,D,SH027,형태별 보험료 수입(수납형태)
3745,201609,0010625,처브라이프생명보험주식회사,B,지로,130000,548000,외국생보사,D,SH027,형태별 보험료 수입(수납형태)
3746,201609,0010625,처브라이프생명보험주식회사,C,자동이체,51385394000,153341464000,외국생보사,D,SH027,형태별 보험료 수입(수납형태)
3747,201609,0010625,처브라이프생명보험주식회사,D,대리점,0,0,외국생보사,D,SH027,형태별 보험료 수입(수납형태)
3748,201609,0010625,처브라이프생명보험주식회사,E,직납,0,0,외국생보사,D,SH027,형태별 보험료 수입(수납형태)
3749,201609,0010625,처브라이프생명보험주식회사,F,신용카드,2294955000,5997008000,외국생보사,D,SH027,형태별 보험료 수입(수납형태)
3750,201609,0010625,처브라이프생명보험주식회사,G,방카슈랑스,2726089000,5742943000,외국생보사,D,SH027,형태별 보험료 수입(수납형태)
3751,201609,0010625,처브라이프생명보험주식회사,H,기타,0,0,외국생보사,D,SH027,형태별 보험료 수입(수납형태)
3752,201612,0010625,처브라이프생명보험주식회사,A,설계사,2742728000,10143824000,외국생보사,D,SH027,형태별 보험료 수입(수납형태)
3753,201612,0010625,처브라이프생명보험주식회사,B,지로,324000,872000,외국생보사,D,SH027,형태별 보험료 수입(수납형태)
3754,201612,0010625,처브라이프생명보험주식회사,C,자동이체,53955105000,207296569000,외국생보사,D,SH027,형태별 보험료 수입(수납형태)
3755,201612,0010625,처브라이프생명보험주식회사,D,대리점,0,0,외국생보사,D,SH027,형태별 보험료 수입(수납형태)
3756,201612,0010625,처브라이프생명보험주식회사,E,직납,0,0,외국생보사,D,SH027,형태별 보험료 수입(수납형태)
3757,201612,0010625,처브라이프생명보험주식회사,F,신용카드,2533691000,8530699000,외국생보사,D,SH027,형태별 보험료 수입(수납형태)
3758,201612,0010625,처브라이프생명보험주식회사,G,방카슈랑스,2829580000,8572523000,외국생보사,D,SH027,형태별 보험료 수입(수납형태)
3759,201612,0010625,처브라이프생명보험주식회사,H,기타,0,0,외국생보사,D,SH027,형태별 보험료 수입(수납형태)
3760,201106,0011320,푸본현대생명보험주식회사,A,설계사,3714043000,3714043000,외국생보사,D,SH027,형태별 보험료 수입(수납형태)
3761,201106,0011320,푸본현대생명보험주식회사,B,지로,150754000,150754000,외국생보사,D,SH027,형태별 보험료 수입(수납형태)
3762,201106,0011320,푸본현대생명보험주식회사,C,자동이체,84207405000,84207405000,외국생보사,D,SH027,형태별 보험료 수입(수납형태)
3763,201106,0011320,푸본현대생명보험주식회사,D,대리점,0,0,외국생보사,D,SH027,형태별 보험료 수입(수납형태)
3764,201106,0011320,푸본현대생명보험주식회사,E,직납,211295000,211295000,외국생보사,D,SH027,형태별 보험료 수입(수납형태)
3765,201106,0011320,푸본현대생명보험주식회사,F,신용카드,6949046000,6949046000,외국생보사,D,SH027,형태별 보험료 수입(수납형태)
3766,201106,0011320,푸본현대생명보험주식회사,G,방카슈랑스,85973963000,85973963000,외국생보사,D,SH027,형태별 보험료 수입(수납형태)
3767,201106,0011320,푸본현대생명보험주식회사,H,기타,52000,52000,외국생보사,D,SH027,형태별 보험료 수입(수납형태)
3768,201109,0011320,푸본현대생명보험주식회사,A,설계사,3608337000,7322380000,외국생보사,D,SH027,형태별 보험료 수입(수납형태)
3769,201109,0011320,푸본현대생명보험주식회사,B,지로,156387000,307141000,외국생보사,D,SH027,형태별 보험료 수입(수납형태)
3770,201109,0011320,푸본현대생명보험주식회사,C,자동이체,83154762000,167362167000,외국생보사,D,SH027,형태별 보험료 수입(수납형태)
3771,201109,0011320,푸본현대생명보험주식회사,D,대리점,0,0,외국생보사,D,SH027,형태별 보험료 수입(수납형태)
3772,201109,0011320,푸본현대생명보험주식회사,E,직납,344670000,555965000,외국생보사,D,SH027,형태별 보험료 수입(수납형태)
3773,201109,0011320,푸본현대생명보험주식회사,F,신용카드,7392057000,14341103000,외국생보사,D,SH027,형태별 보험료 수입(수납형태)
3774,201109,0011320,푸본현대생명보험주식회사,G,방카슈랑스,90616073000,176590036000,외국생보사,D,SH027,형태별 보험료 수입(수납형태)
3775,201109,0011320,푸본현대생명보험주식회사,H,기타,52000,104000,외국생보사,D,SH027,형태별 보험료 수입(수납형태)
3776,201112,0011320,푸본현대생명보험주식회사,A,설계사,3300406000,10622786000,외국생보사,D,SH027,형태별 보험료 수입(수납형태)
3777,201112,0011320,푸본현대생명보험주식회사,B,지로,139881000,447022000,외국생보사,D,SH027,형태별 보험료 수입(수납형태)
3778,201112,0011320,푸본현대생명보험주식회사,C,자동이체,82252036000,249614203000,외국생보사,D,SH027,형태별 보험료 수입(수납형태)
3779,201112,0011320,푸본현대생명보험주식회사,D,대리점,0,0,외국생보사,D,SH027,형태별 보험료 수입(수납형태)
3780,201112,0011320,푸본현대생명보험주식회사,E,직납,8996521000,9552486000,외국생보사,D,SH027,형태별 보험료 수입(수납형태)
3781,201112,0011320,푸본현대생명보험주식회사,F,신용카드,7764031000,22105134000,외국생보사,D,SH027,형태별 보험료 수입(수납형태)
3782,201112,0011320,푸본현대생명보험주식회사,G,방카슈랑스,95848693000,272438729000,외국생보사,D,SH027,형태별 보험료 수입(수납형태)
3783,201112,0011320,푸본현대생명보험주식회사,H,기타,52000,156000,외국생보사,D,SH027,형태별 보험료 수입(수납형태)
3784,201203,0011320,푸본현대생명보험주식회사,A,설계사,3019503000,13642289000,외국생보사,D,SH027,형태별 보험료 수입(수납형태)
3785,201203,0011320,푸본현대생명보험주식회사,B,지로,130351000,577373000,외국생보사,D,SH027,형태별 보험료 수입(수납형태)
3786,201203,0011320,푸본현대생명보험주식회사,C,자동이체,81493591000,331107794000,외국생보사,D,SH027,형태별 보험료 수입(수납형태)
3787,201203,0011320,푸본현대생명보험주식회사,D,대리점,0,0,외국생보사,D,SH027,형태별 보험료 수입(수납형태)
3788,201203,0011320,푸본현대생명보험주식회사,E,직납,2398297000,11950783000,외국생보사,D,SH027,형태별 보험료 수입(수납형태)
3789,201203,0011320,푸본현대생명보험주식회사,F,신용카드,7902823000,30007957000,외국생보사,D,SH027,형태별 보험료 수입(수납형태)
3790,201203,0011320,푸본현대생명보험주식회사,G,방카슈랑스,96402994000,368841723000,외국생보사,D,SH027,형태별 보험료 수입(수납형태)
3791,201203,0011320,푸본현대생명보험주식회사,H,기타,69000,225000,외국생보사,D,SH027,형태별 보험료 수입(수납형태)
3792,201206,0011320,푸본현대생명보험주식회사,A,설계사,2409802000,2409802000,외국생보사,D,SH027,형태별 보험료 수입(수납형태)
3793,201206,0011320,푸본현대생명보험주식회사,B,지로,120701000,120701000,외국생보사,D,SH027,형태별 보험료 수입(수납형태)
3794,201206,0011320,푸본현대생명보험주식회사,C,자동이체,80255649000,80255649000,외국생보사,D,SH027,형태별 보험료 수입(수납형태)
3795,201206,0011320,푸본현대생명보험주식회사,D,대리점,0,0,외국생보사,D,SH027,형태별 보험료 수입(수납형태)
3796,201206,0011320,푸본현대생명보험주식회사,E,직납,557273000,557273000,외국생보사,D,SH027,형태별 보험료 수입(수납형태)
3797,201206,0011320,푸본현대생명보험주식회사,F,신용카드,7912437000,7912437000,외국생보사,D,SH027,형태별 보험료 수입(수납형태)
3798,201206,0011320,푸본현대생명보험주식회사,G,방카슈랑스,98565165000,98565165000,외국생보사,D,SH027,형태별 보험료 수입(수납형태)
3799,201206,0011320,푸본현대생명보험주식회사,H,기타,35000,35000,외국생보사,D,SH027,형태별 보험료 수입(수납형태)
3800,201209,0011320,푸본현대생명보험주식회사,A,설계사,2122643000,4532445000,외국생보사,D,SH027,형태별 보험료 수입(수납형태)
3801,201209,0011320,푸본현대생명보험주식회사,B,지로,122950000,243651000,외국생보사,D,SH027,형태별 보험료 수입(수납형태)
3802,201209,0011320,푸본현대생명보험주식회사,C,자동이체,79256511000,159512160000,외국생보사,D,SH027,형태별 보험료 수입(수납형태)
3803,201209,0011320,푸본현대생명보험주식회사,D,대리점,0,0,외국생보사,D,SH027,형태별 보험료 수입(수납형태)
3804,201209,0011320,푸본현대생명보험주식회사,E,직납,9763636000,10320909000,외국생보사,D,SH027,형태별 보험료 수입(수납형태)
3805,201209,0011320,푸본현대생명보험주식회사,F,신용카드,7900562000,15812999000,외국생보사,D,SH027,형태별 보험료 수입(수납형태)
3806,201209,0011320,푸본현대생명보험주식회사,G,방카슈랑스,95683847000,194249012000,외국생보사,D,SH027,형태별 보험료 수입(수납형태)
3807,201209,0011320,푸본현대생명보험주식회사,H,기타,0,35000,외국생보사,D,SH027,형태별 보험료 수입(수납형태)
3808,201212,0011320,푸본현대생명보험주식회사,A,설계사,4002442000,8534887000,외국생보사,D,SH027,형태별 보험료 수입(수납형태)
3809,201212,0011320,푸본현대생명보험주식회사,B,지로,101955000,345606000,외국생보사,D,SH027,형태별 보험료 수입(수납형태)
3810,201212,0011320,푸본현대생명보험주식회사,C,자동이체,77636459000,237148619000,외국생보사,D,SH027,형태별 보험료 수입(수납형태)
3811,201212,0011320,푸본현대생명보험주식회사,D,대리점,0,0,외국생보사,D,SH027,형태별 보험료 수입(수납형태)
3812,201212,0011320,푸본현대생명보험주식회사,E,직납,10487582000,20808491000,외국생보사,D,SH027,형태별 보험료 수입(수납형태)
3813,201212,0011320,푸본현대생명보험주식회사,F,신용카드,7701137000,23514136000,외국생보사,D,SH027,형태별 보험료 수입(수납형태)
3814,201212,0011320,푸본현대생명보험주식회사,G,방카슈랑스,93498443000,287747455000,외국생보사,D,SH027,형태별 보험료 수입(수납형태)
3815,201212,0011320,푸본현대생명보험주식회사,H,기타,0,35000,외국생보사,D,SH027,형태별 보험료 수입(수납형태)
3816,201303,0011320,푸본현대생명보험주식회사,A,설계사,8196170000,16731057000,외국생보사,D,SH027,형태별 보험료 수입(수납형태)
3817,201303,0011320,푸본현대생명보험주식회사,B,지로,84773000,430379000,외국생보사,D,SH027,형태별 보험료 수입(수납형태)
3818,201303,0011320,푸본현대생명보험주식회사,C,자동이체,105802254000,342950873000,외국생보사,D,SH027,형태별 보험료 수입(수납형태)
3819,201303,0011320,푸본현대생명보험주식회사,D,대리점,0,0,외국생보사,D,SH027,형태별 보험료 수입(수납형태)
3820,201303,0011320,푸본현대생명보험주식회사,E,직납,706384000,21514875000,외국생보사,D,SH027,형태별 보험료 수입(수납형태)
3821,201303,0011320,푸본현대생명보험주식회사,F,신용카드,7892640000,31406776000,외국생보사,D,SH027,형태별 보험료 수입(수납형태)
3822,201303,0011320,푸본현대생명보험주식회사,G,방카슈랑스,59906252000,347653707000,외국생보사,D,SH027,형태별 보험료 수입(수납형태)
3823,201303,0011320,푸본현대생명보험주식회사,H,기타,0,35000,외국생보사,D,SH027,형태별 보험료 수입(수납형태)
3824,201306,0011320,푸본현대생명보험주식회사,A,설계사,4849824000,4849824000,외국생보사,D,SH027,형태별 보험료 수입(수납형태)
3825,201306,0011320,푸본현대생명보험주식회사,B,지로,13275000,13275000,외국생보사,D,SH027,형태별 보험료 수입(수납형태)
3826,201306,0011320,푸본현대생명보험주식회사,C,자동이체,153887275000,153887275000,외국생보사,D,SH027,형태별 보험료 수입(수납형태)
3827,201306,0011320,푸본현대생명보험주식회사,D,대리점,0,0,외국생보사,D,SH027,형태별 보험료 수입(수납형태)
3828,201306,0011320,푸본현대생명보험주식회사,E,직납,3493658000,3493658000,외국생보사,D,SH027,형태별 보험료 수입(수납형태)
3829,201306,0011320,푸본현대생명보험주식회사,F,신용카드,8482915000,8482915000,외국생보사,D,SH027,형태별 보험료 수입(수납형태)
3830,201306,0011320,푸본현대생명보험주식회사,G,방카슈랑스,1242756000,1242756000,외국생보사,D,SH027,형태별 보험료 수입(수납형태)
3831,201306,0011320,푸본현대생명보험주식회사,H,기타,5342006000,5342006000,외국생보사,D,SH027,형태별 보험료 수입(수납형태)
3832,201309,0011320,푸본현대생명보험주식회사,A,설계사,3495082000,8344906000,외국생보사,D,SH027,형태별 보험료 수입(수납형태)
3833,201309,0011320,푸본현대생명보험주식회사,B,지로,-496000,12779000,외국생보사,D,SH027,형태별 보험료 수입(수납형태)
3834,201309,0011320,푸본현대생명보험주식회사,C,자동이체,147964825000,301852100000,외국생보사,D,SH027,형태별 보험료 수입(수납형태)
3835,201309,0011320,푸본현대생명보험주식회사,D,대리점,0,0,외국생보사,D,SH027,형태별 보험료 수입(수납형태)
3836,201309,0011320,푸본현대생명보험주식회사,E,직납,2911568000,6405226000,외국생보사,D,SH027,형태별 보험료 수입(수납형태)
3837,201309,0011320,푸본현대생명보험주식회사,F,신용카드,8855037000,17337952000,외국생보사,D,SH027,형태별 보험료 수입(수납형태)
3838,201309,0011320,푸본현대생명보험주식회사,G,방카슈랑스,1761919000,3004675000,외국생보사,D,SH027,형태별 보험료 수입(수납형태)
3839,201309,0011320,푸본현대생명보험주식회사,H,기타,7913466000,13255472000,외국생보사,D,SH027,형태별 보험료 수입(수납형태)
3840,201312,0011320,푸본현대생명보험주식회사,A,설계사,4309240000,12654146000,외국생보사,D,SH027,형태별 보험료 수입(수납형태)
3841,201312,0011320,푸본현대생명보험주식회사,B,지로,-1539000,11240000,외국생보사,D,SH027,형태별 보험료 수입(수납형태)
3842,201312,0011320,푸본현대생명보험주식회사,C,자동이체,146038523000,447890623000,외국생보사,D,SH027,형태별 보험료 수입(수납형태)
3843,201312,0011320,푸본현대생명보험주식회사,D,대리점,0,0,외국생보사,D,SH027,형태별 보험료 수입(수납형태)
3844,201312,0011320,푸본현대생명보험주식회사,E,직납,21175032000,27580258000,외국생보사,D,SH027,형태별 보험료 수입(수납형태)
3845,201312,0011320,푸본현대생명보험주식회사,F,신용카드,9399603000,26737555000,외국생보사,D,SH027,형태별 보험료 수입(수납형태)
3846,201312,0011320,푸본현대생명보험주식회사,G,방카슈랑스,2274954000,5279629000,외국생보사,D,SH027,형태별 보험료 수입(수납형태)
3847,201312,0011320,푸본현대생명보험주식회사,H,기타,7859679000,21115151000,외국생보사,D,SH027,형태별 보험료 수입(수납형태)
3848,201403,0011320,푸본현대생명보험주식회사,A,설계사,4644957000,4644957000,외국생보사,D,SH027,형태별 보험료 수입(수납형태)
3849,201403,0011320,푸본현대생명보험주식회사,B,지로,-5705000,-5705000,외국생보사,D,SH027,형태별 보험료 수입(수납형태)
3850,201403,0011320,푸본현대생명보험주식회사,C,자동이체,142827881000,142827881000,외국생보사,D,SH027,형태별 보험료 수입(수납형태)
3851,201403,0011320,푸본현대생명보험주식회사,D,대리점,0,0,외국생보사,D,SH027,형태별 보험료 수입(수납형태)
3852,201403,0011320,푸본현대생명보험주식회사,E,직납,2509929000,2509929000,외국생보사,D,SH027,형태별 보험료 수입(수납형태)
3853,201403,0011320,푸본현대생명보험주식회사,F,신용카드,10205518000,10205518000,외국생보사,D,SH027,형태별 보험료 수입(수납형태)
3854,201403,0011320,푸본현대생명보험주식회사,G,방카슈랑스,1998743000,1998743000,외국생보사,D,SH027,형태별 보험료 수입(수납형태)
3855,201403,0011320,푸본현대생명보험주식회사,H,기타,9141756000,9141756000,외국생보사,D,SH027,형태별 보험료 수입(수납형태)
3856,201406,0011320,푸본현대생명보험주식회사,A,설계사,4952749000,9597706000,외국생보사,D,SH027,형태별 보험료 수입(수납형태)
3857,201406,0011320,푸본현대생명보험주식회사,B,지로,0,-5705000,외국생보사,D,SH027,형태별 보험료 수입(수납형태)
3858,201406,0011320,푸본현대생명보험주식회사,C,자동이체,143556174000,286384055000,외국생보사,D,SH027,형태별 보험료 수입(수납형태)
3859,201406,0011320,푸본현대생명보험주식회사,D,대리점,0,0,외국생보사,D,SH027,형태별 보험료 수입(수납형태)
3860,201406,0011320,푸본현대생명보험주식회사,E,직납,766718000,3276647000,외국생보사,D,SH027,형태별 보험료 수입(수납형태)
3861,201406,0011320,푸본현대생명보험주식회사,F,신용카드,10917233000,21122751000,외국생보사,D,SH027,형태별 보험료 수입(수납형태)
3862,201406,0011320,푸본현대생명보험주식회사,G,방카슈랑스,1584052000,3582795000,외국생보사,D,SH027,형태별 보험료 수입(수납형태)
3863,201406,0011320,푸본현대생명보험주식회사,H,기타,8313415000,17455171000,외국생보사,D,SH027,형태별 보험료 수입(수납형태)
3864,201409,0011320,푸본현대생명보험주식회사,A,설계사,6080652000,15678358000,외국생보사,D,SH027,형태별 보험료 수입(수납형태)
3865,201409,0011320,푸본현대생명보험주식회사,B,지로,0,-5705000,외국생보사,D,SH027,형태별 보험료 수입(수납형태)
3866,201409,0011320,푸본현대생명보험주식회사,C,자동이체,141376934000,427760989000,외국생보사,D,SH027,형태별 보험료 수입(수납형태)
3867,201409,0011320,푸본현대생명보험주식회사,D,대리점,0,0,외국생보사,D,SH027,형태별 보험료 수입(수납형태)
3868,201409,0011320,푸본현대생명보험주식회사,E,직납,1397177000,4673824000,외국생보사,D,SH027,형태별 보험료 수입(수납형태)
3869,201409,0011320,푸본현대생명보험주식회사,F,신용카드,11690930000,32813681000,외국생보사,D,SH027,형태별 보험료 수입(수납형태)
3870,201409,0011320,푸본현대생명보험주식회사,G,방카슈랑스,1443717000,5026512000,외국생보사,D,SH027,형태별 보험료 수입(수납형태)
3871,201409,0011320,푸본현대생명보험주식회사,H,기타,8316915000,25772086000,외국생보사,D,SH027,형태별 보험료 수입(수납형태)
3872,201412,0011320,푸본현대생명보험주식회사,A,설계사,6513106000,22191464000,외국생보사,D,SH027,형태별 보험료 수입(수납형태)
3873,201412,0011320,푸본현대생명보험주식회사,B,지로,-3387000,-9092000,외국생보사,D,SH027,형태별 보험료 수입(수납형태)
3874,201412,0011320,푸본현대생명보험주식회사,C,자동이체,140805958000,568566947000,외국생보사,D,SH027,형태별 보험료 수입(수납형태)
3875,201412,0011320,푸본현대생명보험주식회사,D,대리점,0,0,외국생보사,D,SH027,형태별 보험료 수입(수납형태)
3876,201412,0011320,푸본현대생명보험주식회사,E,직납,80237567000,84911391000,외국생보사,D,SH027,형태별 보험료 수입(수납형태)
3877,201412,0011320,푸본현대생명보험주식회사,F,신용카드,12156216000,44969897000,외국생보사,D,SH027,형태별 보험료 수입(수납형태)
3878,201412,0011320,푸본현대생명보험주식회사,G,방카슈랑스,2111582000,7138094000,외국생보사,D,SH027,형태별 보험료 수입(수납형태)
3879,201412,0011320,푸본현대생명보험주식회사,H,기타,8276087000,34048173000,외국생보사,D,SH027,형태별 보험료 수입(수납형태)
3880,201503,0011320,푸본현대생명보험주식회사,A,설계사,7683468000,7683468000,외국생보사,D,SH027,형태별 보험료 수입(수납형태)
3881,201503,0011320,푸본현대생명보험주식회사,B,지로,-4423000,-4423000,외국생보사,D,SH027,형태별 보험료 수입(수납형태)
3882,201503,0011320,푸본현대생명보험주식회사,C,자동이체,138320704000,138320704000,외국생보사,D,SH027,형태별 보험료 수입(수납형태)
3883,201503,0011320,푸본현대생명보험주식회사,D,대리점,0,0,외국생보사,D,SH027,형태별 보험료 수입(수납형태)
3884,201503,0011320,푸본현대생명보험주식회사,E,직납,2389957000,2389957000,외국생보사,D,SH027,형태별 보험료 수입(수납형태)
3885,201503,0011320,푸본현대생명보험주식회사,F,신용카드,12617050000,12617050000,외국생보사,D,SH027,형태별 보험료 수입(수납형태)
3886,201503,0011320,푸본현대생명보험주식회사,G,방카슈랑스,1190032000,1190032000,외국생보사,D,SH027,형태별 보험료 수입(수납형태)
3887,201503,0011320,푸본현대생명보험주식회사,H,기타,9803980000,9803980000,외국생보사,D,SH027,형태별 보험료 수입(수납형태)
3888,201506,0011320,푸본현대생명보험주식회사,A,설계사,9016981000,16700449000,외국생보사,D,SH027,형태별 보험료 수입(수납형태)
3889,201506,0011320,푸본현대생명보험주식회사,B,지로,0,-4423000,외국생보사,D,SH027,형태별 보험료 수입(수납형태)
3890,201506,0011320,푸본현대생명보험주식회사,C,자동이체,137637807000,275958511000,외국생보사,D,SH027,형태별 보험료 수입(수납형태)
3891,201506,0011320,푸본현대생명보험주식회사,D,대리점,0,0,외국생보사,D,SH027,형태별 보험료 수입(수납형태)
3892,201506,0011320,푸본현대생명보험주식회사,E,직납,56909758000,59299715000,외국생보사,D,SH027,형태별 보험료 수입(수납형태)
3893,201506,0011320,푸본현대생명보험주식회사,F,신용카드,13637197000,26254247000,외국생보사,D,SH027,형태별 보험료 수입(수납형태)
3894,201506,0011320,푸본현대생명보험주식회사,G,방카슈랑스,1396465000,2586497000,외국생보사,D,SH027,형태별 보험료 수입(수납형태)
3895,201506,0011320,푸본현대생명보험주식회사,H,기타,9689251000,19493231000,외국생보사,D,SH027,형태별 보험료 수입(수납형태)
3896,201509,0011320,푸본현대생명보험주식회사,A,설계사,8611523000,25311972000,외국생보사,D,SH027,형태별 보험료 수입(수납형태)
3897,201509,0011320,푸본현대생명보험주식회사,B,지로,0,-4423000,외국생보사,D,SH027,형태별 보험료 수입(수납형태)
3898,201509,0011320,푸본현대생명보험주식회사,C,자동이체,137572157000,413530668000,외국생보사,D,SH027,형태별 보험료 수입(수납형태)
3899,201509,0011320,푸본현대생명보험주식회사,D,대리점,0,0,외국생보사,D,SH027,형태별 보험료 수입(수납형태)
3900,201509,0011320,푸본현대생명보험주식회사,E,직납,2271668000,61571383000,외국생보사,D,SH027,형태별 보험료 수입(수납형태)
3901,201509,0011320,푸본현대생명보험주식회사,F,신용카드,15400270000,41654517000,외국생보사,D,SH027,형태별 보험료 수입(수납형태)
3902,201509,0011320,푸본현대생명보험주식회사,G,방카슈랑스,1106391000,3692888000,외국생보사,D,SH027,형태별 보험료 수입(수납형태)
3903,201509,0011320,푸본현대생명보험주식회사,H,기타,9752707000,29245938000,외국생보사,D,SH027,형태별 보험료 수입(수납형태)
3904,201512,0011320,푸본현대생명보험주식회사,A,설계사,7503962000,32815934000,외국생보사,D,SH027,형태별 보험료 수입(수납형태)
3905,201512,0011320,푸본현대생명보험주식회사,B,지로,-1700000,-6123000,외국생보사,D,SH027,형태별 보험료 수입(수납형태)
3906,201512,0011320,푸본현대생명보험주식회사,C,자동이체,143263699000,556794367000,외국생보사,D,SH027,형태별 보험료 수입(수납형태)
3907,201512,0011320,푸본현대생명보험주식회사,D,대리점,0,0,외국생보사,D,SH027,형태별 보험료 수입(수납형태)
3908,201512,0011320,푸본현대생명보험주식회사,E,직납,265275963000,326847346000,외국생보사,D,SH027,형태별 보험료 수입(수납형태)
3909,201512,0011320,푸본현대생명보험주식회사,F,신용카드,17603651000,59258168000,외국생보사,D,SH027,형태별 보험료 수입(수납형태)
3910,201512,0011320,푸본현대생명보험주식회사,G,방카슈랑스,1154992000,4847880000,외국생보사,D,SH027,형태별 보험료 수입(수납형태)
3911,201512,0011320,푸본현대생명보험주식회사,H,기타,9758644000,39004582000,외국생보사,D,SH027,형태별 보험료 수입(수납형태)
3912,201603,0011320,푸본현대생명보험주식회사,A,설계사,7833940000,7833940000,외국생보사,D,SH027,형태별 보험료 수입(수납형태)
3913,201603,0011320,푸본현대생명보험주식회사,B,지로,-831000,-831000,외국생보사,D,SH027,형태별 보험료 수입(수납형태)
3914,201603,0011320,푸본현대생명보험주식회사,C,자동이체,143739232000,143739232000,외국생보사,D,SH027,형태별 보험료 수입(수납형태)
3915,201603,0011320,푸본현대생명보험주식회사,D,대리점,0,0,외국생보사,D,SH027,형태별 보험료 수입(수납형태)
3916,201603,0011320,푸본현대생명보험주식회사,E,직납,157123845000,157123845000,외국생보사,D,SH027,형태별 보험료 수입(수납형태)
3917,201603,0011320,푸본현대생명보험주식회사,F,신용카드,19967755000,19967755000,외국생보사,D,SH027,형태별 보험료 수입(수납형태)
3918,201603,0011320,푸본현대생명보험주식회사,G,방카슈랑스,1326141000,1326141000,외국생보사,D,SH027,형태별 보험료 수입(수납형태)
3919,201603,0011320,푸본현대생명보험주식회사,H,기타,9718298000,9718298000,외국생보사,D,SH027,형태별 보험료 수입(수납형태)
3920,201606,0011320,푸본현대생명보험주식회사,A,설계사,45941459000,53775399000,외국생보사,D,SH027,형태별 보험료 수입(수납형태)
3921,201606,0011320,푸본현대생명보험주식회사,B,지로,0,-831000,외국생보사,D,SH027,형태별 보험료 수입(수납형태)
3922,201606,0011320,푸본현대생명보험주식회사,C,자동이체,156151445000,299890677000,외국생보사,D,SH027,형태별 보험료 수입(수납형태)
3923,201606,0011320,푸본현대생명보험주식회사,D,대리점,0,0,외국생보사,D,SH027,형태별 보험료 수입(수납형태)
3924,201606,0011320,푸본현대생명보험주식회사,E,직납,391275661000,548399506000,외국생보사,D,SH027,형태별 보험료 수입(수납형태)
3925,201606,0011320,푸본현대생명보험주식회사,F,신용카드,22200503000,42168258000,외국생보사,D,SH027,형태별 보험료 수입(수납형태)
3926,201606,0011320,푸본현대생명보험주식회사,G,방카슈랑스,14477563000,15803704000,외국생보사,D,SH027,형태별 보험료 수입(수납형태)
3927,201606,0011320,푸본현대생명보험주식회사,H,기타,10252625000,19970923000,외국생보사,D,SH027,형태별 보험료 수입(수납형태)
3928,201609,0011320,푸본현대생명보험주식회사,A,설계사,20685398000,74460797000,외국생보사,D,SH027,형태별 보험료 수입(수납형태)
3929,201609,0011320,푸본현대생명보험주식회사,B,지로,0,-831000,외국생보사,D,SH027,형태별 보험료 수입(수납형태)
3930,201609,0011320,푸본현대생명보험주식회사,C,자동이체,158628916000,458519593000,외국생보사,D,SH027,형태별 보험료 수입(수납형태)
3931,201609,0011320,푸본현대생명보험주식회사,D,대리점,0,0,외국생보사,D,SH027,형태별 보험료 수입(수납형태)
3932,201609,0011320,푸본현대생명보험주식회사,E,직납,202486320000,750885826000,외국생보사,D,SH027,형태별 보험료 수입(수납형태)
3933,201609,0011320,푸본현대생명보험주식회사,F,신용카드,25110929000,67279187000,외국생보사,D,SH027,형태별 보험료 수입(수납형태)
3934,201609,0011320,푸본현대생명보험주식회사,G,방카슈랑스,8466527000,24270231000,외국생보사,D,SH027,형태별 보험료 수입(수납형태)
3935,201609,0011320,푸본현대생명보험주식회사,H,기타,10313876000,30284799000,외국생보사,D,SH027,형태별 보험료 수입(수납형태)
3936,201612,0011320,푸본현대생명보험주식회사,A,설계사,16616449000,91077246000,외국생보사,D,SH027,형태별 보험료 수입(수납형태)
3937,201612,0011320,푸본현대생명보험주식회사,B,지로,-231000,-1062000,외국생보사,D,SH027,형태별 보험료 수입(수납형태)
3938,201612,0011320,푸본현대생명보험주식회사,C,자동이체,163943340000,622462933000,외국생보사,D,SH027,형태별 보험료 수입(수납형태)
3939,201612,0011320,푸본현대생명보험주식회사,D,대리점,0,0,외국생보사,D,SH027,형태별 보험료 수입(수납형태)
3940,201612,0011320,푸본현대생명보험주식회사,E,직납,1277418909000,2028304735000,외국생보사,D,SH027,형태별 보험료 수입(수납형태)
3941,201612,0011320,푸본현대생명보험주식회사,F,신용카드,27877643000,95156830000,외국생보사,D,SH027,형태별 보험료 수입(수납형태)
3942,201612,0011320,푸본현대생명보험주식회사,G,방카슈랑스,7060809000,31331040000,외국생보사,D,SH027,형태별 보험료 수입(수납형태)
3943,201612,0011320,푸본현대생명보험주식회사,H,기타,10168856000,40453655000,외국생보사,D,SH027,형태별 보험료 수입(수납형태)
