,금융구분,금융회사코드,금융회사명,통계분류,통계표코드,통계표명,코드,구분,200803,200806,200809,200812,200903,200906,200909,200912,201003,201006,201009,201012,201103,201106,201109,201112,201203,201206,201209,201212,201303,201306,201309,201312,201403,201406,201409,201412,201503,201506,201509,201512,201603,201606,201609,201612,201703,201706,201709,201712,201803,201806,201809,201812,201903,201906,201909,201912,202003,202006,202009,202012,202103,202106,202109,202112,202203,202206,202209,202212,202303,202306,202309,202312,202403,202406,202409,202412
0,리스사,10235,산은캐피탈㈜,B,SK024,유형자산 보유현황,A,유형자산 계,5798000000,5805000000,5809000000,5866000000,6309000000,4322000000,4337000000,5018000000,5041000000,5044000000,5091000000,5902000000,6437000000,6429000000,6446000000,6575000000,6583000000,6646000000,6661000000,6691000000,6712000000,6745000000,6540000000,7207000000,7224000000,7271000000,7447000000,7622000000,7652000000,7708000000,8117000000,8522000000,8566000000,6904000000,6861000000,7577000000,7847000000,7859000000,7936000000,8013000000,7854000000,7832000000,7867000000,7973000000,8778000000,8998000000,9006000000,8911000000,9315000000,9305000000,12329000000,16751000000,16915000000,16915000000,16901000000,16126000000,16163000000,16126000000,16326000000,16386000000,17233000000,17362000000,17132000000,18926000000,19015000000,19138000000,19842000000,19888000000
1,리스사,10235,산은캐피탈㈜,B,SK024,유형자산 보유현황,A1,(감가상각누계액 등),4818000000,4977000000,5063000000,5152000000,5204000000,3329000000,3441000000,3578000000,3755000000,3886000000,4019000000,3920000000,4178000000,4417000000,4663000000,4630000000,4767000000,4931000000,5101000000,5270000000,5440000000,5592000000,5201000000,5178000000,5402000000,5632000000,5861000000,6057000000,6209000000,6343000000,6487000000,6341000000,6492000000,5015000000,5164000000,5373000000,5622000000,5877000000,6111000000,6315000000,5998000000,5668000000,5862000000,6082000000,6434000000,6772000000,7129000000,7131000000,7330000000,7563000000,7394000000,4990000000,5742000000,6547000000,7149000000,6649000000,7400000000,8047000000,8756000000,9569000000,10163000000,10758000000,11248000000,11751000000,12765000000,13913000000,14901000000,15817000000
2,리스사,10235,산은캐피탈㈜,B,SK024,유형자산 보유현황,A3,토지,0,0,0,0,0,0,0,0,0,0,0,0,0, ,0, , , , , , , ,0,0, , ,0,0,0,0,0, ,0,0, ,0,0, ,0, , , , , , , , , , , , , , , , , , , , , , ,0, , , ,0,0,0
3,리스사,10235,산은캐피탈㈜,B,SK024,유형자산 보유현황,A4,건물,0,0,0,0,0,0,0,0,0,0,0,0,0, ,0, , , , , , , ,0,0, , ,0,0,0,0,0, ,0,0, ,0,0, ,0, , , , , , , , , , , , , , , , , , , , , , ,0, , , ,0,0,0
4,리스사,10235,산은캐피탈㈜,B,SK024,유형자산 보유현황,A5,임차점포시설물,0,0,0,0,0,0,0,0,0,0,0,0,0, ,0, , , , , , , ,0,0, , ,0,0,0,0,0, ,0,0, ,0,0, ,0, , , , , , , , , , , , , , , , , , , , , , ,0, , , ,0,0,0
5,리스사,10235,산은캐피탈㈜,B,SK024,유형자산 보유현황,A6,비품,0,0,0,0,0,0,0,0,0,0,0,0,1460000000,1460000000,1461000000,1464000000,1465000000,1471000000,1483000000,1486000000,1496000000,1497000000,1501000000,1555000000,1562000000,1573000000,1575000000,1615000000,1640000000,1642000000,1645000000,1646000000,1658000000,703000000,705000000,705000000,720000000,720000000,722000000,723000000,723000000,723000000,723000000,722000000,726000000,726000000,730000000,730000000,730000000,730000000,730000000,1163000000,1160000000,1154000000,1154000000,1155000000,1155000000,1156000000,1156000000,1156000000,1158000000,1149000000,1158000000,1160000000,1164000000,1170000000,1171000000,1172000000
6,리스사,10235,산은캐피탈㈜,B,SK024,유형자산 보유현황,A7,차량운반구,0,0,0,0,0,0,0,0,0,0,0,0,0, ,0, , , , , , , ,0,0, , ,0,0,0,0,0, ,0,0, ,0,0, ,0, , , , , , , , , , , , , , , , , , , , , , ,0, , , ,0,0,0
7,리스사,10235,산은캐피탈㈜,B,SK024,유형자산 보유현황,A8,건설중인 자산,0,0,0,0,0,0,0,0,0,0,0,0,0, ,0, , , , , , , ,0,0, , ,0,0,0,0,0, ,0,0, ,0,0, ,0, , , , , , , , , , , , , , , , , , , , , , ,0, , , ,0,0,0
8,리스사,10235,산은캐피탈㈜,B,SK024,유형자산 보유현황,A9,기타,5798000000,5805000000,5809000000,5866000000,6309000000,4322000000,4337000000,5018000000,5041000000,5044000000,5091000000,5902000000,4977000000,4969000000,4985000000,5111000000,5118000000,5174000000,5178000000,5205000000,5216000000,5248000000,5039000000,5652000000,5662000000,5698000000,5872000000,6007000000,6012000000,6066000000,6472000000,6875000000,6908000000,6201000000,6156000000,6871000000,7127000000,7139000000,7214000000,7290000000,7131000000,7109000000,7144000000,7251000000,8052000000,8272000000,8276000000,8181000000,8585000000,8575000000,11599000000,15588000000,15755000000,15761000000,15747000000,14971000000,15008000000,14970000000,15170000000,15230000000,16075000000,16213000000,15974000000,17766000000,17851000000,17968000000,18671000000,18716000000
9,리스사,10237,메이슨캐피탈㈜,B,SK024,유형자산 보유현황,A,유형자산 계,476000000,482000000,481000000,484000000,471000000,472000000,590000000,610000000,495000000,495000000,495000000,496000000,503000000,496000000,498000000,497000000,499000000,502000000,502000000,946000000,889000000,889000000,569000000,2308000000,2308000000,2308000000,2308000000,2308000000,2237000000,1903000000,1903000000,1216000000,1002000000,1010000000,1016000000,985000000,827000000,830000000,830000000,831000000,11338000000,11337000000,646000000,647000000,198000000,185000000,185000000,868000000,867000000,858000000,884000000,884000000,906000000,960000000,960000000,960000000,960000000,962000000,2201000000,2165000000,1907000000,1907000000,1907000000,1907000000,1850000000,1838000000,1858000000,1865000000
10,리스사,10237,메이슨캐피탈㈜,B,SK024,유형자산 보유현황,A1,(감가상각누계액 등),157000000,181000000,204000000,228000000,247000000,268000000,296000000,320000000,326000000,347000000,368000000,389000000,411000000,423000000,445000000,454000000,458000000,461000000,465000000,476000000,455000000,485000000,203000000,230000000,266000000,300000000,333000000,366000000,374000000,402000000,431000000,117000000,130000000,137000000,141000000,133000000,139000000,143000000,45000000,54000000,65000000,75000000,85000000,94000000,105000000,71000000,81000000,211000000,273000000,325000000,371000000,432000000,479000000,522000000,584000000,643000000,703000000,749000000,275000000,318000000,360000000,414000000,468000000,520000000,507000000,546000000,597000000,582000000
11,리스사,10237,메이슨캐피탈㈜,B,SK024,유형자산 보유현황,A3,토지,0,0,0,0,0,0,0,0,0,0,0,0,0,0,0,0,0,0,0,0,0,0,0,0,0,0,0,0,0,0,0,0,0,0,0,0,0,0,0,0,10692000000,10691000000, , , , , , , , , , , , , , , , , , , , , , , , , , 
12,리스사,10237,메이슨캐피탈㈜,B,SK024,유형자산 보유현황,A4,건물,0,0,0,0,0,0,0,0,0,0,0,0,0,0,0,0,0,0,0,0,0,0,0,0,0,0,0,0,0,0,0,0,0,0,0,0,0,0,0,0,0, , , , , , , , , , , , , , , , , , , , , , , , , , , 
13,리스사,10237,메이슨캐피탈㈜,B,SK024,유형자산 보유현황,A5,임차점포시설물,0,0,0,0,0,0,0,0,0,0,0,0,0,0,0,0,0,0,0,0,0,0,0,443000000,443000000,443000000,443000000,443000000,443000000,443000000,443000000,22000000,22000000,26000000,27000000,46000000,46000000,46000000,100000000,100000000,100000000,100000000,100000000,100000000,100000000,86000000,86000000,86000000,86000000,86000000,85000000,85000000,86000000,86000000,86000000,86000000,86000000,86000000,106000000,106000000,106000000,106000000,106000000,106000000,106000000,106000000,106000000,106000000
14,리스사,10237,메이슨캐피탈㈜,B,SK024,유형자산 보유현황,A6,비품,256000000,261000000,261000000,264000000,248000000,249000000,253000000,273000000,273000000,273000000,273000000,273000000,280000000,274000000,275000000,275000000,276000000,279000000,279000000,280000000,280000000,280000000,126000000,126000000,126000000,126000000,126000000,126000000,126000000,126000000,126000000,126000000,126000000,130000000,135000000,138000000,141000000,144000000,89000000,91000000,97000000,97000000,97000000,98000000,98000000,99000000,99000000,155000000,155000000,155000000,155000000,155000000,155000000,155000000,155000000,155000000,155000000,157000000,157000000,157000000,157000000,157000000,157000000,157000000,94000000,82000000,102000000,102000000
15,리스사,10237,메이슨캐피탈㈜,B,SK024,유형자산 보유현황,A7,차량운반구,58000000,58000000,58000000,58000000,58000000,58000000,172000000,172000000,57000000,57000000,57000000,58000000,58000000,57000000,58000000,57000000,58000000,58000000,58000000,58000000,0,0,443000000,71000000,71000000,71000000,71000000,71000000,0,0,0,0,53000000,53000000,53000000,0,0,0,0,0,0, , , , , , , , , , , , , , , , , , , , , , , , , , , 
16,리스사,10237,메이슨캐피탈㈜,B,SK024,유형자산 보유현황,A8,건설중인 자산,0,0,0,0,0,0,0,0,0,0,0,0,0,0,0,0,0,0,0,0,0,0,0,1668000000,1668000000,1668000000,1668000000,1668000000,1668000000,1334000000,1334000000,1068000000,801000000,801000000,801000000,801000000,641000000,641000000,641000000,641000000,449000000,449000000,449000000,449000000,0,0,0,0,0,0,0,0,0,0,0,0,0, , , , , , , , , , , 
17,리스사,10237,메이슨캐피탈㈜,B,SK024,유형자산 보유현황,A9,기타,162000000,163000000,162000000,162000000,165000000,165000000,165000000,165000000,165000000,165000000,165000000,165000000,165000000,165000000,165000000,165000000,165000000,165000000,165000000,608000000,609000000,609000000,0,0,0,0,0,0,0,0,0,0,0,0,0,0,0,0,0,0,0, , , , , , ,627000000,626000000,617000000,644000000,644000000,665000000,719000000,719000000,719000000,719000000,719000000,1938000000,1902000000,1644000000,1644000000,1644000000,1644000000,1650000000,1650000000,1650000000,1657000000
18,리스사,10238,신한캐피탈㈜,B,SK024,유형자산 보유현황,A,유형자산 계,2823000000,2884000000,2891000000,2929000000,2945000000,2989000000,3429000000,3531000000,3573000000,3584000000,3634000000,3613000000,3658000000,3718000000,3896000000,4250000000,4364000000,4477000000,4975000000,5233000000,5172000000,5208000000,5246000000,6011000000,6040000000,6004000000,6039000000,6090000000,6100000000,6127000000,6199000000,6346000000,6485000000,6827000000,6476000000,6915000000,7209000000,7123000000,7134000000,7244000000,7684000000,7700000000,7954000000,8121000000,9273000000,10183000000,10240000000,10826000000,11059000000,12271000000,12338000000,14233000000,15601000000,16140000000,16492000000,15426000000,17490000000,20338000000,20138000000,20257000000,21181000000,21089000000,21636000000,21685000000,22623000000,20967000000,23955000000,24016000000
19,리스사,10238,신한캐피탈㈜,B,SK024,유형자산 보유현황,A1,(감가상각누계액 등),1719000000,1813000000,1901000000,1971000000,2038000000,2106000000,2163000000,2204000000,2318000000,2431000000,2550000000,2544000000,2666000000,2775000000,2890000000,2987000000,3099000000,3217000000,3354000000,3502000000,3562000000,3648000000,3771000000,3911000000,4013000000,4200000000,4350000000,4499000000,4650000000,4802000000,4955000000,5107000000,5272000000,5375000000,5198000000,5204000000,5256000000,4557000000,4745000000,4928000000,5129000000,5329000000,5533000000,5654000000,5860000000,6146000000,6329000000,6647000000,6792000000,7140000000,7478000000,7705000000,8053000000,8428000000,8842000000,7782000000,8227000000,8688000000,9121000000,9588000000,9826000000,10245000000,10760000000,11430000000,11918000000,11357000000,11185000000,11942000000
20,리스사,10238,신한캐피탈㈜,B,SK024,유형자산 보유현황,A3,토지,0,0,0,0,0,0,0,0,0,0,0,0,0,0,0,0,0, , , , , , , , , , , , , , , , , , , , , , , , , , , , , , , , ,0,0, , , , , , , , , , , , , , , , ,0
21,리스사,10238,신한캐피탈㈜,B,SK024,유형자산 보유현황,A4,건물,0,0,0,0,0,0,0,0,0,0,0,0,0,0,0,0,0, , , , , , , , , , , , , , , , , , , , , , , , , , , , , , , , ,0,0, , , , , , , , , , , , , , , , ,0
22,리스사,10238,신한캐피탈㈜,B,SK024,유형자산 보유현황,A5,임차점포시설물,1059000000,1061000000,1061000000,1061000000,1061000000,1074000000,1101000000,1146000000,1145000000,1145000000,1150000000,1177000000,1215000000,1215000000,1219000000,1332000000,1332000000,1403000000,1580000000,1648000000,1654000000,1699000000,1710000000,1724000000,1754000000,478000000,479000000,518000000,524000000,524000000,524000000,524000000,524000000,781000000,506000000,559000000,870000000,1421000000,1338000000,1413000000,1413000000,1413000000,1619000000,1783000000,2534000000,3324000000,3430000000,3447000000,3735000000,4695000000,4755000000,6103000000,7227000000,7772000000,7821000000,7850000000,9951000000,12831000000,12573000000,12705000000,13549000000,13437000000,14037000000,14030000000,15105000000,13366000000,16313000000,16211000000
23,리스사,10238,신한캐피탈㈜,B,SK024,유형자산 보유현황,A6,비품,1414000000,1473000000,1480000000,1507000000,1524000000,1557000000,383000000,2034000000,2040000000,2051000000,2096000000,2209000000,2216000000,2276000000,2450000000,2690000000,2708000000,2751000000,3071000000,3234000000,3258000000,3283000000,3310000000,4061000000,4060000000,5363000000,5396000000,5408000000,5413000000,5440000000,5511000000,5658000000,5687000000,5772000000,5696000000,6146000000,6225000000,5589000000,5682000000,5719000000,6158000000,6174000000,6221000000,6225000000,6240000000,6291000000,6243000000,6813000000,6803000000,6943000000,7017000000,7369000000,7412000000,7453000000,7719000000,6533000000,6528000000,6540000000,6598000000,6585000000,6534000000,6541000000,6541000000,6630000000,6514000000,6563000000,6702000000,6732000000
24,리스사,10238,신한캐피탈㈜,B,SK024,유형자산 보유현황,A7,차량운반구,350000000,350000000,350000000,361000000,360000000,358000000,1945000000,351000000,388000000,388000000,388000000,227000000,227000000,227000000,227000000,227000000,324000000,324000000,324000000,350000000,261000000,225000000,225000000,225000000,225000000,164000000,164000000,164000000,164000000,164000000,164000000,164000000,274000000,274000000,274000000,210000000,113000000,113000000,113000000,113000000,113000000,113000000,113000000,113000000,500000000,568000000,567000000,566000000,521000000,634000000,566000000,762000000,962000000,915000000,952000000,1043000000,1012000000,967000000,967000000,967000000,1098000000,1112000000,1058000000,1025000000,1004000000,1038000000,940000000,1073000000
25,리스사,10238,신한캐피탈㈜,B,SK024,유형자산 보유현황,A8,건설중인 자산,0,0,0,0,0,0,0,0,0,0,0,0,0,0,0,0,0, , , , , , , , , , , , , , , , , , , , , , , , , , , , , , , , ,0,0, , , , , , , , , , , , , , , , ,0
26,리스사,10238,신한캐피탈㈜,B,SK024,유형자산 보유현황,A9,기타,0,0,0,0,0,0,0,0,0,0,0,0,0,0,0,0,0, , , , , , , , , , , , , , , , , , , , , , , , , , , , , , , , ,0,0, , , , , , , , , , , , , , , , ,0
27,리스사,10240,오케이캐피탈 ㈜,B,SK024,유형자산 보유현황,A,유형자산 계,16094000000,16864000000,17210000000,17728000000,16444000000,15789000000,15689000000,13571000000,13295000000,13509000000,13141000000,13362000000,2928000000,2395000000,2312000000,2237000000,3261000000,2961000000,3362000000,3474000000,3084000000,2800000000,2516000000,2527000000,2247000000,1934000000,1692000000,1458000000,1266000000,1122000000,925000000,743000000,600000000,1024000000,1328000000,1251000000,1171000000,1071000000,7822000000,8577000000,4138000000,4080000000,4125000000,4127000000,5468000000,6485000000,6149000000,6086000000,5652000000,5428000000,5428000000,5425000000,5420000000,6494000000,6361000000,6645000000,6441000000,6427000000,6404000000,6063000000,7051000000,6854000000,7309000000,7332000000,7000000000,7063000000,6987000000,6995000000
28,리스사,10240,오케이캐피탈 ㈜,B,SK024,유형자산 보유현황,A1,(감가상각누계액 등),9470000000,10290000000,11071000000,11850000000,11443000000,11533000000,12093000000,10779000000,10958000000,11148000000,11116000000,10992000000,12454000000,12510000000,12110000000,11537000000,10433000000,10254000000,8503000000,8776000000,7534000000,7536000000,7689000000,7472000000,7470000000,5985000000,6231000000,6316000000,5954000000,6161000000,6359000000,6545000000,6688000000,7087000000,7145000000,6434000000,6542000000,6649000000,6753000000,6875000000,2407000000,2473000000,2626000000,2752000000,2885000000,3071000000,3227000000,3384000000,3503000000,3274000000,3526000000,3617000000,3821000000,3709000000,3938000000,4159000000,3939000000,4144000000,4440000000,4370000000,4948000000,4938000000,5154000000,5468000000,5631000000,4920000000,5015000000,5224000000
29,리스사,10240,오케이캐피탈 ㈜,B,SK024,유형자산 보유현황,A3,토지,0,0,0,0,0,0,0,0,0,0,0,0,0,0,0, , , , , , , , , , , , ,0, , , , , ,0,0,0,0,0,0, , , , , , , , , , , , , , , , , , , , , , , , , , , , , 
30,리스사,10240,오케이캐피탈 ㈜,B,SK024,유형자산 보유현황,A4,건물,0,0,0,0,0,0,0,0,0,0,0,0,0,0,0, , , , , , , , , , , , ,0, , , , , ,0,0,0,0,0,0, , , , , , , , , , , , , , , , , , , , , , , , , , , , , 
31,리스사,10240,오케이캐피탈 ㈜,B,SK024,유형자산 보유현황,A5,임차점포시설물,8352000000,8687000000,8811000000,8848000000,7764000000,7163000000,7078000000,6831000000,6547000000,6557000000,6560000000,6769000000,8662000000,8351000000,8127000000,7694000000,7353000000,6955000000,5918000000,5866000000,4660000000,4681000000,4536000000,4071000000,3821000000,2960000000,2959000000,2813000000,2576000000,2576000000,2576000000,2576000000,2576000000,2798000000,3065000000,2602000000,2686000000,2687000000,2785000000,2772000000,727000000,729000000,708000000,711000000,1785000000,2664000000,2312000000,2277000000,1842000000,1701000000,1701000000,1723000000,1728000000,2761000000,2637000000,2637000000,2353000000,2324000000,2331000000,1973000000,2641000000,2420000000,2768000000,2771000000,2610000000,2707000000,2666000000,2661000000
32,리스사,10240,오케이캐피탈 ㈜,B,SK024,유형자산 보유현황,A6,비품,7742000000,8177000000,8399000000,8880000000,8680000000,8626000000,8611000000,6740000000,6748000000,6952000000,6581000000,6593000000,6720000000,6554000000,6295000000,6080000000,6341000000,6260000000,5947000000,6384000000,5958000000,5655000000,5669000000,5928000000,5896000000,4959000000,4964000000,4961000000,4644000000,4707000000,4708000000,4712000000,4712000000,5037000000,5039000000,4850000000,4861000000,4867000000,4871000000,4608000000,2045000000,2034000000,2037000000,2037000000,2030000000,2032000000,2032000000,2036000000,2037000000,1965000000,1965000000,1967000000,1969000000,2015000000,2018000000,2018000000,2017000000,2018000000,2020000000,2020000000,2099000000,2107000000,2117000000,2117000000,2070000000,2070000000,2063000000,2063000000
33,리스사,10240,오케이캐피탈 ㈜,B,SK024,유형자산 보유현황,A7,차량운반구,0,0,0,0,0,0,0,0,0,0,0,0,0,0,0, , , , , , , , , , , , ,0, , , , , ,276000000,369000000,234000000,166000000,166000000,166000000,166000000,120000000,71000000,72000000,71000000,321000000,343000000,343000000,311000000,311000000,300000000,300000000,160000000,148000000,143000000,131000000,415000000,496000000,496000000,464000000,481000000,554000000,554000000,642000000,662000000,574000000,532000000,490000000,497000000
34,리스사,10240,오케이캐피탈 ㈜,B,SK024,유형자산 보유현황,A8,건설중인 자산,0,0,0,0,0,0,0,0,0,0,0,0,0,0,0, , , , , , , , , , , , ,0, , , , , ,0,0,0,0,0,0, , , , , , , , , , , , , , , , , , , , , , , , , , , , , 
35,리스사,10240,오케이캐피탈 ㈜,B,SK024,유형자산 보유현황,A9,기타,0,0,0,0,0,0,0,0,0,0,0,0,0,0,0, , , , , , , , , , , , ,0, , , , , ,0,0,0,0,0,0,1031000000,1246000000,1246000000,1308000000,1308000000,1332000000,1446000000,1462000000,1462000000,1462000000,1462000000,1462000000,1575000000,1575000000,1575000000,1575000000,1575000000,1575000000,1589000000,1589000000,1589000000,1757000000,1773000000,1782000000,1782000000,1746000000,1754000000,1768000000,1774000000
36,리스사,10245,한국캐피탈㈜,B,SK024,유형자산 보유현황,A,유형자산 계,14896000000,14917000000,14920000000,14923000000,14953000000,14952000000,14891000000,27458000000,14776000000,19046000000,23929000000,24655000000,26066000000,7279000000,8678000000,6013000000,5741000000,5502000000,1474000000,1390000000,1328000000,1236000000,1160000000,1146000000,1069000000,994000000,963000000,881000000,836000000,764000000,761000000,764000000,2259000000,2234000000,2218000000,2246000000,2332000000,2276000000,2252000000,2679000000,2715000000,2888000000,2761000000,2654000000,5111000000,8426000000,4357000000,4404000000,3926000000,10611000000,13339000000,15223000000,15473000000,16022000000,16444000000,17293000000,16951000000,16662000000,16464000000,16520000000,16523000000,16962000000,17605000000,17735000000,17752000000,17559000000,17481000000,17618000000
37,리스사,10245,한국캐피탈㈜,B,SK024,유형자산 보유현황,A1,(감가상각누계액 등),4158000000,4285000000,4412000000,4531000000,4632000000,4729000000,4767000000,4751000000,4762000000,4918000000,5238000000,5337000000,5045000000,1881000000,1329000000,1093000000,1365000000,1644000000,782000000,872000000,962000000,1046000000,1136000000,1216000000,1307000000,1396000000,1486000000,1561000000,1652000000,1713000000,1807000000,1698000000,1750000000,1831000000,1906000000,1955000000,2011000000,2072000000,2130000000,2193000000,2303000000,2429000000,2548000000,2641000000,3118000000,3626000000,0,-4569000000,-5079000000,-4820000000,-3353000000,3995000000,-3948000000,4619000000,5349000000,6067000000,6583000000,6647000000,7181000000,7883000000,8621000000,9269000000,9975000000,10691000000,10658000000,11201000000,11840000000,12565000000
38,리스사,10245,한국캐피탈㈜,B,SK024,유형자산 보유현황,A3,토지,3166000000,3166000000,3166000000,3166000000,3166000000,3166000000,3166000000,3166000000,3166000000,3166000000,3166000000,3166000000,3166000000,0,0,0,0,0,0,0,0,0,0,0,0,0,0,0,0,0,0,0,9000000,9000000,9000000,9000000,9000000,9000000,9000000,9000000,9000000,9000000,9000000,9000000,9000000,9000000,9000000,9000000,9000000,9000000,9000000,9000000,9000000,9000000,9000000,9000000,9000000,9000000,9000000,9000000,9000000,9000000,151000000,151000000,151000000,151000000,151000000,151000000
39,리스사,10245,한국캐피탈㈜,B,SK024,유형자산 보유현황,A4,건물,9951000000,9951000000,9951000000,9951000000,9951000000,9951000000,9951000000,9951000000,9951000000,9951000000,9951000000,9951000000,9951000000,0,434000000,434000000,434000000,434000000,434000000,434000000,434000000,434000000,434000000,434000000,434000000,434000000,434000000,434000000,434000000,434000000,434000000,434000000,1975000000,1975000000,1975000000,1975000000,1975000000,1975000000,1975000000,1975000000,1975000000,1975000000,1975000000,1975000000,1975000000,1975000000,1975000000,1975000000,1975000000,1975000000,1975000000,1975000000,1975000000,1975000000,1975000000,1975000000,1975000000,1975000000,1975000000,1975000000,1975000000,1975000000,2460000000,2460000000,2460000000,2460000000,2460000000,2460000000
40,리스사,10245,한국캐피탈㈜,B,SK024,유형자산 보유현황,A5,임차점포시설물,0,0,0,0,0,0,0,0,0,0,0,0,0,0,0,0,0,0,0,0,0,0,0,0,0,0,0,0,0,0,0,0,0,0,0,0,0,0,0,317000000,317000000,317000000,317000000,309000000,309000000,145000000,145000000,120000000,120000000,120000000,120000000,126000000,52000000,52000000,52000000,52000000,52000000,52000000,52000000,52000000,52000000,52000000,52000000,52000000,52000000,52000000,52000000,46000000
41,리스사,10245,한국캐피탈㈜,B,SK024,유형자산 보유현황,A6,비품,1633000000,1692000000,1695000000,1698000000,1728000000,1727000000,1719000000,1532000000,1597000000,5867000000,6994000000,7720000000,2989000000,0,0,0,0,0,0,0,0,0,1861000000,1928000000,1941000000,1955000000,2014000000,2008000000,2054000000,2044000000,2134000000,2028000000,2025000000,2081000000,2139000000,2217000000,2359000000,2363000000,2398000000,2570000000,2717000000,3016000000,3008000000,3001000000,3511000000,3590000000,3645000000,3827000000,3819000000,3125000000,3152000000,4702000000,4591000000,4989000000,5351000000,5717000000,5710000000,5661000000,5610000000,5630000000,5633000000,5972000000,6009000000,6145000000,6157000000,6163000000,6179000000,6231000000
42,리스사,10245,한국캐피탈㈜,B,SK024,유형자산 보유현황,A7,차량운반구,108000000,108000000,108000000,108000000,108000000,108000000,55000000,55000000,62000000,62000000,48000000,48000000,48000000,48000000,48000000,8000000,8000000,0,10000000,10000000,10000000,0,0,0,0,0,0,0,0,0,0,0,0,0,0,0,0,0,0,0, , , , , , ,0,0,0,0,0,0,0,0,0,0, ,0,0,0,0,0,0,0,0,0,0,0
43,리스사,10245,한국캐피탈㈜,B,SK024,유형자산 보유현황,A8,건설중인 자산,0,0,0,0,0,0,0,0,0,0,0,0,0,0,0,0,0,0,0,0,0,0,0,0,0,0,0,0,0,0,0,0,0,0,0,0,0,0,0,0, , , , , , ,0,0,0,0,0,0,0,0,0,0, ,0,0,0,0,0,0,0,0,0,0,0
44,리스사,10245,한국캐피탈㈜,B,SK024,유형자산 보유현황,A9,기타,38000000,0,0,0,0,0,0,12754000000,0,0,3770000000,3770000000,9912000000,9112000000,9525000000,6664000000,6664000000,6712000000,1812000000,1818000000,1846000000,1848000000,0,0,0,0,0,0,0,0,0,0,0,0,0,0,0,0,0,0, , , , ,2424000000,2706000000,2706000000,3042000000,3081000000,10201000000,8083000000,8410000000,8846000000,8997000000,9057000000,9539000000,9205000000,8964000000,8818000000,8854000000,8854000000,8953000000,8933000000,8927000000,8932000000,8734000000,8639000000,8731000000
45,리스사,10250,케이비캐피탈㈜,B,SK024,유형자산 보유현황,A,유형자산 계,,,,,,,10949000000,11062000000,11374000000,11535000000,11849000000,12444000000,12899000000,13649000000,13475000000,13305000000,13122000000,13108000000,12807000000,12580000000,12523000000,12450000000,12269000000,13435000000,13085000000,12872000000,15873000000,18211000000,17623000000,17288000000,16742000000,16953000000,17995000000,18933000000,18349000000,18793000000,19453000000,18545000000,17584000000,36996000000,42700000000,43815000000,46168000000,46814000000,48344000000,48409000000,48717000000,51035000000,51293000000,53720000000,54680000000,57328000000,57559000000,58980000000,63931000000,72165000000,76117000000,76229000000,77191000000,75749000000,75716000000,77185000000,77037000000,81599000000,82058000000,82536000000,82521000000,82420000000
46,리스사,10250,케이비캐피탈㈜,B,SK024,유형자산 보유현황,A1,(감가상각누계액 등),,,,,,,3871000000,4141000000,4457000000,4783000000,5115000000,5465000000,4808000000,5052000000,5460000000,5880000000,6304000000,6640000000,6994000000,7329000000,7664000000,8015000000,8372000000,8762000000,9178000000,9471000000,9960000000,10598000000,11370000000,9274000000,10033000000,10804000000,11655000000,12573000000,13447000000,14478000000,15600000000,16706000000,17806000000,18963000000,20413000000,21869000000,23420000000,24837000000,25889000000,27174000000,28709000000,30144000000,31541000000,32843000000,34226000000,35697000000,37186000000,38719000000,40437000000,42714000000,44827000000,46953000000,47529000000,46899000000,48824000000,50933000000,52389000000,54625000000,56955000000,59243000000,61383000000,60773000000
47,리스사,10250,케이비캐피탈㈜,B,SK024,유형자산 보유현황,A3,토지,,,,,,,2259000000,2259000000,2259000000,2259000000,2259000000,2259000000,3740000000,3850000000,3850000000,3850000000,3850000000,3850000000,3850000000,3850000000,3850000000,3850000000,3850000000,3850000000,3850000000,3850000000,3850000000,3850000000,3850000000,3850000000,3850000000,3850000000,3850000000,3850000000,3850000000,3850000000,3892000000,3892000000,3892000000,3892000000,3892000000,3892000000,3977000000,3984000000,3984000000,3984000000,3984000000,3984000000,3984000000,3984000000,3984000000,3984000000,3984000000,3984000000,3984000000,3984000000,3984000000,3984000000,3984000000,3984000000,3984000000,3984000000,3984000000,3984000000,3984000000,3984000000,3984000000,3984000000
48,리스사,10250,케이비캐피탈㈜,B,SK024,유형자산 보유현황,A4,건물,,,,,,,3608000000,3608000000,3608000000,3608000000,3608000000,3608000000,6960000000,7368000000,7368000000,7368000000,7368000000,7368000000,7368000000,7368000000,7368000000,7368000000,7368000000,7368000000,7368000000,7368000000,7368000000,7368000000,7368000000,7368000000,7368000000,7368000000,7368000000,7368000000,7368000000,7368000000,8544000000,8544000000,8544000000,8544000000,8544000000,8544000000,9040000000,9081000000,9081000000,9081000000,9081000000,9081000000,9081000000,9081000000,9081000000,9081000000,9081000000,9081000000,9081000000,9081000000,9081000000,9081000000,9081000000,9081000000,9081000000,9081000000,9081000000,9081000000,9081000000,9081000000,9081000000,9081000000
49,리스사,10250,케이비캐피탈㈜,B,SK024,유형자산 보유현황,A5,임차점포시설물,,,,,,,1274000000,1316000000,1390000000,1390000000,1390000000,1390000000,1757000000,1893000000,2065000000,2211000000,2326000000,2558000000,2589000000,2615000000,2682000000,2805000000,2885000000,2994000000,2970000000,2929000000,3006000000,3157000000,3162000000,3005000000,3012000000,3166000000,3196000000,4754000000,5042000000,5230000000,5383000000,5572000000,5729000000,5754000000,5965000000,6016000000,6013000000,6205000000,5948000000,5976000000,6050000000,6275000000,6324000000,6706000000,7221000000,7393000000,7388000000,7388000000,7563000000,7640000000,7847000000,7838000000,7980000000,6171000000,6218000000,6349000000,6204000000,6448000000,6559000000,6756000000,6756000000,7296000000
50,리스사,10250,케이비캐피탈㈜,B,SK024,유형자산 보유현황,A6,비품,,,,,,,3763000000,3834000000,4072000000,4233000000,4559000000,5154000000,5218000000,5556000000,5630000000,5751000000,5831000000,5923000000,5943000000,6026000000,6242000000,6397000000,6493000000,7940000000,8030000000,8151000000,11563000000,14389000000,14568000000,12198000000,12404000000,13240000000,15103000000,15288000000,15378000000,16664000000,16967000000,17089000000,17071000000,18533000000,24017000000,25095000000,26870000000,27275000000,29052000000,29089000000,29323000000,31415000000,31625000000,33670000000,34073000000,36548000000,36783000000,38204000000,42981000000,51072000000,54888000000,55009000000,55828000000,56195000000,56234000000,57478000000,57575000000,61892000000,62241000000,62522000000,62507000000,61865000000
51,리스사,10250,케이비캐피탈㈜,B,SK024,유형자산 보유현황,A7,차량운반구,,,,,,,45000000,45000000,45000000,45000000,33000000,33000000,33000000,33000000,22000000,5000000,51000000,51000000,51000000,51000000,45000000,45000000,45000000,45000000,45000000,45000000,45000000,45000000,45000000,141000000,141000000,133000000,133000000,247000000,158000000,158000000,267000000,154000000,154000000,273000000,282000000,269000000,269000000,269000000,279000000,279000000,279000000,279000000,279000000,279000000,321000000,322000000,322000000,322000000,322000000,388000000,317000000,317000000,317000000,317000000,199000000,293000000,193000000,193000000,193000000,193000000,193000000,193000000
52,리스사,10250,케이비캐피탈㈜,B,SK024,유형자산 보유현황,A8,건설중인 자산,,,,,,,0,0,0,0,0,0,0, , , , , , , , , , , , ,0, , , , , , , , , , , , , , ,0,0,0,0,0,0, ,0,0, , ,0,0, , ,0,0,0,0,0,0,0,0,0,0,0,0,0
53,리스사,10250,케이비캐피탈㈜,B,SK024,유형자산 보유현황,A9,기타,,,,,,,0,0,0,0,0,0,0, , , , , , , , , , , , ,0, , , , , , , , , , , , , , ,0,0,0,0,0,0, ,0,0, , ,0,0, , ,0,0,0,0,0,0,0,0,0,0,0,0,0
54,리스사,10928,비엠더블유파이낸셜서비스코리아㈜,B,SK024,유형자산 보유현황,A,유형자산 계,2922000000,2951000000,2733000000,2907000000,2653000000,2665000000,2714000000,2789000000,2956000000,3086000000,2974000000,3058000000,3130000000,3041000000,2887000000,3085000000,3042000000,3132000000,4827000000,3631000000,3790000000,4010000000,4084000000,4256000000,4143000000,4277000000,4444000000,4937000000,5219000000,5542000000,5744000000,6937000000,6432000000,6317000000,6324000000,5113000000,5136000000,5319000000,6339000000,6951000000,7278000000,6750000000,6874000000,7249000000,7019000000,7128000000,7203000000,16091000000,16191000000,16774000000,16979000000,16671000000,16648000000,16705000000,16746000000,16958000000,16818000000,16699000000,16934000000,19509000000,19511000000,19758000000,20081000000,20422000000,20752000000,20782000000,20814000000,18779000000
55,리스사,10928,비엠더블유파이낸셜서비스코리아㈜,B,SK024,유형자산 보유현황,A1,(감가상각누계액 등),1141000000,1243000000,1154000000,1485000000,1319000000,1337000000,1471000000,1581000000,1576000000,1677000000,1763000000,1865000000,1889000000,1670000000,1653000000,1736000000,1767000000,1839000000,2057000000,585000000,753000000,883000000,1071000000,1211000000,1335000000,1500000000,1654000000,1792000000,2001000000,2197000000,2462000000,2607000000,2776000000,2987000000,3227000000,3187000000,3407000000,3616000000,3793000000,3804000000,4009000000,4208000000,4464000000,4724000000,4772000000,5022000000,5269000000,9763000000,10345000000,11120000000,11885000000,6801000000,7386000000,8072000000,8579000000,9254000000,9762000000,10202000000,10626000000,11186000000,11885000000,12573000000,13215000000,13881000000,14573000000,15295000000,15919000000,14286000000
56,리스사,10928,비엠더블유파이낸셜서비스코리아㈜,B,SK024,유형자산 보유현황,A3,토지,0,0,0,0,0,0,0,0,0,0,0,0,0, , , ,0,0,0,0,0,0,0,0,0,0,0,0,0,0,0,0,0,0,0,0,0,0,0,0,0, ,0,0,0,0,0,0,0,0,0,0,0,0,0,0,0,0,0,0,0,0,0,0,0,0,0,0
57,리스사,10928,비엠더블유파이낸셜서비스코리아㈜,B,SK024,유형자산 보유현황,A4,건물,0,0,0,0,0,0,0,0,0,0,0,0,0, , , ,0,0,0,0,0,0,0,0,0,0,0,0,0,0,0,0,0,0,0,0,0,0,0,0,0, ,0,0,0,0,0,0,0,0,0,0,0,0,0,0,0,0,0,0,0,0,0,0,0,0,0,0
58,리스사,10928,비엠더블유파이낸셜서비스코리아㈜,B,SK024,유형자산 보유현황,A5,임차점포시설물,425000000,594000000,362000000,602000000,373000000,373000000,373000000,373000000,373000000,373000000,373000000,375000000,375000000,375000000,375000000,377000000,377000000,375000000,983000000,1281000000,1281000000,1281000000,1281000000,1281000000,1281000000,1281000000,1346000000,1346000000,1348000000,1348000000,1367000000,1402000000,1402000000,1402000000,1459000000,1486000000,1482000000,1625000000,1627000000,1627000000,1915000000,2011000000,2011000000,2011000000,2011000000,2020000000,2020000000,2020000000,2020000000,2229000000,1952000000,2230000000,2230000000,2230000000,2230000000,2230000000,2230000000,2230000000,2230000000,4657000000,4600000000,4645000000,4649000000,4662000000,4662000000,4662000000,4662000000,4822000000
59,리스사,10928,비엠더블유파이낸셜서비스코리아㈜,B,SK024,유형자산 보유현황,A6,비품,1441000000,1320000000,1334000000,1415000000,1354000000,1414000000,1474000000,1480000000,1556000000,1571000000,1589000000,1671000000,1671000000,1451000000,1412000000,1444000000,1654000000,1658000000,2867000000,1257000000,1257000000,1309000000,1319000000,1349000000,1467000000,1474000000,1509000000,1943000000,1976000000,2019000000,2044000000,2741000000,2739000000,2726000000,2995000000,3190000000,3217000000,3257000000,3615000000,3603000000,4187000000,4413000000,4537000000,4912000000,4682000000,4782000000,4857000000,5376000000,5637000000,5837000000,5927000000,6203000000,6209000000,6241000000,6282000000,6379000000,6379000000,6379000000,6469000000,6626000000,6728000000,6930000000,6930000000,7258000000,7258000000,7287000000,7223000000,4906000000
60,리스사,10928,비엠더블유파이낸셜서비스코리아㈜,B,SK024,유형자산 보유현황,A7,차량운반구,1056000000,1037000000,1037000000,890000000,926000000,878000000,867000000,936000000,1027000000,1142000000,1012000000,1012000000,1084000000,1215000000,1100000000,1264000000,1011000000,1099000000,977000000,1093000000,1252000000,1420000000,1484000000,1626000000,1395000000,1522000000,1589000000,1648000000,1895000000,2175000000,2333000000,2794000000,2291000000,2189000000,1870000000,437000000,437000000,437000000,1097000000,388000000,388000000,326000000,326000000,326000000,326000000,326000000,326000000,326000000,326000000,326000000,554000000,277000000,320000000,320000000,320000000,435000000,263000000,318000000,318000000,309000000,309000000,309000000,287000000,287000000,332000000,333000000,332000000,446000000
61,리스사,10928,비엠더블유파이낸셜서비스코리아㈜,B,SK024,유형자산 보유현황,A8,건설중인 자산,0,0,0,0,0,0,0,0,0,0,0,0,0, , , ,0,0,0,0,0,0,0,0,0,0,0,0,0,0,0,0,0,0,0,0,0,0,0,1333000000,788000000, ,0,0,0,0,0,0,0,0,0,0,0,0,0,0,0,0,0,0,0,0,0,0,0,0,0,0
62,리스사,10928,비엠더블유파이낸셜서비스코리아㈜,B,SK024,유형자산 보유현황,A9,기타,0,0,0,0,0,0,0,0,0,0,0,0,0, , , ,0,0,0,0,0,0,0,0,0,0,0,0,0,0,0,0,0,0,0,0,0,0,0,0,0, ,0,0,0,0,0,8369000000,8208000000,8382000000,8546000000,7961000000,7889000000,7914000000,7914000000,7914000000,7946000000,7772000000,7917000000,7917000000,7874000000,7874000000,8215000000,8215000000,8500000000,8500000000,8597000000,8605000000
63,리스사,11375,엠캐피탈㈜,B,SK024,유형자산 보유현황,A,유형자산 계,879000000,916000000,940000000,940000000,3398000000,3327000000,3194000000,3134000000,3160000000,3045000000,3105000000,3151000000,3234000000,3297000000,3547000000,3624000000,3801000000,3939000000,4005000000,4138000000,4183000000,4210000000,3386000000,3397000000,3448000000,3581000000,3545000000,3805000000,3987000000,3997000000,2855000000,3324000000,3306000000,3321000000,3393000000,4063000000,4068000000,4200000000,4201000000,4375000000,4398000000,4452000000,4459000000,4480000000,4518000000,4530000000,4539000000,4692000000,4732000000,4791000000,4443000000,4442000000,4866000000,4924000000,5159000000,5187000000,5235000000,5559000000,4998000000,5018000000,5078000000,5085000000,5166000000,5188000000,5368000000,5307000000,6017000000,6785000000
64,리스사,11375,엠캐피탈㈜,B,SK024,유형자산 보유현황,A1,(감가상각누계액 등),624000000,657000000,689000000,722000000,2058000000,2046000000,1987000000,1981000000,2039000000,1979000000,2021000000,2045000000,2079000000,2148000000,2222000000,2307000000,2204000000,-2316000000,2432000000,-2556000000,-2679000000,-2798000000,-2098000000,-2218000000,-2338000000,-2467000000,-2552000000,-2684000000,-2781000000,-2874000000,-2277000000,-1660000000,-1729000000,-1877000000,-1975000000,-2138000000,-2319000000,-2479000000,-2670000000,-2780000000,2980000000,3171000000,3366000000,3540000000,3687000000,3833000000,3980000000,4110000000,4213000000,4312000000,4038000000,4106000000,4172000000,4245000000,4329000000,4330000000,4353000000,4445000000,3943000000,4045000000,4151000000,4251000000,4324000000,4402000000,4509000000,4468000000,4597000000,4700000000
65,리스사,11375,엠캐피탈㈜,B,SK024,유형자산 보유현황,A3,토지,0,0,0,0,200000000,200000000,200000000,200000000,200000000,200000000,200000000,200000000,165000000,165000000,165000000,165000000,165000000,165000000,165000000,165000000,165000000,165000000,165000000,165000000,165000000,165000000,165000000,165000000,165000000,165000000,0,0,0,0,0,0,0,0,0,0,0,0,0,0,0,0,0,0,0,0,0,0,0,0,0,0,0,0,0,0,0,0,0,0,0,0,0,0
66,리스사,11375,엠캐피탈㈜,B,SK024,유형자산 보유현황,A4,건물,0,0,0,0,1220000000,1220000000,1220000000,1220000000,1220000000,1220000000,1220000000,1220000000,1007000000,1007000000,1007000000,1007000000,1001000000,1007000000,1007000000,1007000000,1007000000,1007000000,1007000000,1007000000,1007000000,1007000000,1007000000,1007000000,1007000000,1007000000,0,0,0,0,0,0,0,0,0,0,0,0,0,0,0,0,0,0,0,0,0,0,0,0,0,0,0,0,0,0,0,0,0,0,0,0,0,0
67,리스사,11375,엠캐피탈㈜,B,SK024,유형자산 보유현황,A5,임차점포시설물,255000000,255000000,255000000,255000000,369000000,369000000,241000000,241000000,241000000,241000000,241000000,267000000,551000000,551000000,618000000,618000000,730000000,802000000,827000000,918000000,918000000,918000000,829000000,829000000,829000000,829000000,829000000,829000000,947000000,947000000,947000000,728000000,690000000,690000000,690000000,1217000000,1217000000,1339000000,1339000000,1277000000,1277000000,1318000000,1318000000,1318000000,1339000000,1339000000,1339000000,1339000000,1348000000,1348000000,1314000000,1314000000,1517000000,1527000000,1627000000,1627000000,1571000000,1590000000,1590000000,1590000000,1590000000,1591000000,1591000000,1591000000,1591000000,1491000000,1491000000,1491000000
68,리스사,11375,엠캐피탈㈜,B,SK024,유형자산 보유현황,A6,비품,563000000,600000000,624000000,624000000,1345000000,1365000000,1360000000,1372000000,1398000000,1384000000,1444000000,1464000000,1511000000,1575000000,1757000000,1834000000,1905000000,1966000000,2006000000,2048000000,2094000000,2121000000,1385000000,1397000000,1447000000,1580000000,1544000000,1804000000,1868000000,1878000000,1907000000,2596000000,2615000000,2631000000,2702000000,2846000000,2852000000,2861000000,2862000000,3098000000,3121000000,3134000000,3141000000,3162000000,3179000000,3191000000,3200000000,3353000000,3384000000,3443000000,3129000000,3128000000,3349000000,3397000000,3532000000,3560000000,3664000000,3969000000,3408000000,3428000000,3429000000,3494000000,3575000000,3597000000,3777000000,3816000000,4526000000,5294000000
69,리스사,11375,엠캐피탈㈜,B,SK024,유형자산 보유현황,A7,차량운반구,61000000,61000000,61000000,61000000,264000000,173000000,173000000,101000000,101000000,0,0,0,0,0,0,0,0,0,0,0,0,0,0,0,0,0,0,0,0,0,0,0,0,0,0,0,0,0,0,0,0,0,0,0,0,0,0,0,0,0,0,0,0,0,0,0,0,0,0,0,59000000,0,0,0,0,0,0,0
70,리스사,11375,엠캐피탈㈜,B,SK024,유형자산 보유현황,A8,건설중인 자산,0,0,0,0,0,0,0,0,0,0,0,0,0,0,0,0,0,0,0,0,0,0,0,0,0,0,0,0,0,0,0,0,0,0,0,0,0,0,0,0,0,0,0,0,0,0,0,0,0,0,0,0,0,0,0,0,0,0,0,0,0,0,0,0,0,0,0,0
71,리스사,11375,엠캐피탈㈜,B,SK024,유형자산 보유현황,A9,기타,0,0,0,0,0,0,0,0,0,0,0,0,0,0,0,0,0,0,0,0,0,0,0,0,0,0,0,0,0,0,0,0,0,0,0,0,0,0,0,0,0,0,0,0,0,0,0,0,0,0,0,0,0,0,0,0,0,0,0,0,0,0,0,0,0,0,0,0
72,리스사,11380,오릭스캐피탈코리아㈜,B,SK024,유형자산 보유현황,A,유형자산 계,,,,,1612000000,1636000000,1619000000,1624000000,1640000000,1621000000,1633000000,1767000000,1885000000,2030000000,787000000,797000000,944000000,912000000,848000000,1008000000,1004000000,1243000000,1193000000,1177000000,1074000000,1281000000,1190000000,1275000000,1325000000,1245000000,1302000000,1216000000,1366000000,1589000000,1599000000,1577000000,1455000000,1494000000,2397000000,5753000000,5819000000,5909000000,3193000000,3247000000,3297000000,3364000000,3448000000,3493000000,3517000000,3578000000,3617000000,3634000000,3649000000,3699000000,3720000000,3715000000,3529000000,3605000000,3686000000,3949000000,5041000000,5246000000,5131000000,5171000000,5208000000,5300000000,5573000000,6096000000
73,리스사,11380,오릭스캐피탈코리아㈜,B,SK024,유형자산 보유현황,A1,(감가상각누계액 등),,,,,620000000,702000000,752000000,832000000,913000000,960000000,1022000000,1089000000,1162000000,1228000000,0,1364000000,1445000000,1526000000,1599000000,1685000000,1786000000,1885000000,2002000000,2097000000,2132000000,2211000000,2309000000,2352000000,2467000000,2566000000,2650000000,2768000000,2888000000,2965000000,3089000000,3241000000,3400000000,3510000000,2976000000,3139000000,3335000000,3498000000,1372000000,1372000000,1413000000,1527000000,1651000000,1808000000,1965000000,2082000000,2193000000,2351000000,2485000000,2607000000,2737000000,2876000000,2722000000,2868000000,2748000000,2763000000,3712000000,3713000000,3643000000,3656000000,3722000000,3785000000,3881000000,4040000000
74,리스사,11380,오릭스캐피탈코리아㈜,B,SK024,유형자산 보유현황,A3,토지,,,,,0,0,0,0,0,0,0,0,0,0,0,0,0, ,0, , , , , , , , , , , , , , , , , , , , , , , , , , , , , , , , , , , , , , , , , , , , , , , , , 
75,리스사,11380,오릭스캐피탈코리아㈜,B,SK024,유형자산 보유현황,A4,건물,,,,,0,0,0,0,0,0,0,0,0,0,0,0,0, ,0, , , , , , , , , , , , , , , , , , , , , , , , , , , , , , , , , , , , , , , , , , , , , , , , , 
76,리스사,11380,오릭스캐피탈코리아㈜,B,SK024,유형자산 보유현황,A5,임차점포시설물,,,,,316000000,316000000,316000000,316000000,316000000,316000000,316000000,344000000,345000000,355000000,362000000,363000000,366000000,373000000,385000000,555000000,555000000,559000000,559000000,578000000,579000000,599000000,603000000,606000000,611000000,611000000,612000000,618000000,623000000,623000000,665000000,683000000,692000000,692000000,667000000,907000000,907000000,907000000,907000000,911000000,922000000,951000000,951000000,952000000,952000000,952000000,957000000,957000000,957000000,970000000,970000000,970000000,883000000,883000000,883000000,1123000000,1123000000,1132000000,1132000000,1132000000,1122000000,1150000000,1150000000,1150000000
77,리스사,11380,오릭스캐피탈코리아㈜,B,SK024,유형자산 보유현황,A6,비품,,,,,1183000000,1207000000,1207000000,1212000000,1228000000,1233000000,1237000000,1263000000,1270000000,1372000000,1392000000,1478000000,1703000000,1739000000,1786000000,1862000000,1942000000,2152000000,2219000000,2260000000,2294000000,2468000000,2477000000,2591000000,2751000000,2779000000,2889000000,2915000000,3041000000,3135000000,3198000000,3315000000,3329000000,3535000000,3929000000,3994000000,4038000000,4057000000,1323000000,1359000000,1316000000,1324000000,1440000000,1444000000,1467000000,1484000000,1540000000,1556000000,1572000000,1578000000,1611000000,1613000000,1514000000,1590000000,1599000000,1606000000,2528000000,2555000000,2547000000,2557000000,2600000000,2636000000,2946000000,3469000000
78,리스사,11380,오릭스캐피탈코리아㈜,B,SK024,유형자산 보유현황,A7,차량운반구,,,,,113000000,113000000,96000000,96000000,96000000,72000000,80000000,160000000,270000000,303000000,333000000,320000000,320000000,326000000,276000000,276000000,293000000,417000000,417000000,436000000,333000000,425000000,419000000,430000000,430000000,421000000,451000000,451000000,591000000,796000000,825000000,821000000,833000000,777000000,777000000,853000000,875000000,945000000,964000000,977000000,1058000000,1089000000,1057000000,1097000000,1097000000,1142000000,1121000000,1121000000,1120000000,1150000000,1139000000,1131000000,1131000000,1131000000,1204000000,1220000000,1390000000,1559000000,1452000000,1483000000,1485000000,1514000000,1477000000,1477000000
79,리스사,11380,오릭스캐피탈코리아㈜,B,SK024,유형자산 보유현황,A8,건설중인 자산,,,,,0,0,0,0,0,0,0,0,0,0,0,0,0, ,0, , , , , , , , , , , , , , , , , , , , , , , , , , , , , , , , , , , , , , , , , , , , , , , , , 
80,리스사,11380,오릭스캐피탈코리아㈜,B,SK024,유형자산 보유현황,A9,기타,,,,,0,0,0,0,0,0,0,0,0,0,0,0,0, ,0, , , , , , , , , , , , , , , , , , , , , , , , , , , , , , , , , , , , , , , , , , , , , , , , , 
81,리스사,11533,토요타파이낸셜서비스코리아㈜,B,SK024,유형자산 보유현황,A,유형자산 계,697000000,680000000,723000000,707000000,718000000,790000000,793000000,922000000,919000000,1007000000,1028000000,1034000000,1039000000,1037000000,1053000000,1130000000,1168000000,1173000000,1289000000,1525000000,1585000000,1809000000,1806000000,1794000000,1620000000,1610000000,1596000000,1597000000,1599000000,1616000000,1619000000,1591000000,1575000000,1541000000,1538000000,1531000000,1553000000,1613000000,1613000000,1585000000,1598000000,1598000000,1635000000,1610000000,1729000000,1659000000,1675000000,1711000000,1706000000,1754000000,3008000000,2514000000,4951000000,6042000000,5851000000,2598000000,2600000000,2606000000,2690000000,3275000000,3991000000,3663000000,4282000000,2549000000,2457000000,2393000000,2393000000,2394000000
82,리스사,11533,토요타파이낸셜서비스코리아㈜,B,SK024,유형자산 보유현황,A1,(감가상각누계액 등),223000000,255000000,289000000,325000000,356000000,389000000,429000000,471000000,511000000,545000000,580000000,617000000,654000000,688000000,708000000,748000000,790000000,832000000,868000000,907000000,908000000,956000000,1012000000,964000000,846000000,895000000,924000000,978000000,1000000000,1050000000,1054000000,1029000000,898000000,932000000,989000000,1041000000,1098000000,1131000000,1187000000,1211000000,1264000000,1309000000,1338000000,1281000000,1317000000,1230000000,1105000000,1152000000,1195000000,1114000000,1164000000,778000000,861000000,881000000,980000000,1064000000,1168000000,1271000000,1376000000,1485000000,1616000000,1396000000,1509000000,1507000000,1528000000,1582000000,1684000000,1780000000
83,리스사,11533,토요타파이낸셜서비스코리아㈜,B,SK024,유형자산 보유현황,A3,토지,0,0,0,0,0,0,0,0,0,0,0,0,0,0,0,0,0,0,0,0,0,0,0,0,0,0,0,0,0,0,0,0,0,0,0,0,0,0,0,0,0,0,0,0,0,0,0,0,0,0,0,0,0,0,0,0,0,0,0,0,0,0,0,0,0,0,0,0
84,리스사,11533,토요타파이낸셜서비스코리아㈜,B,SK024,유형자산 보유현황,A4,건물,0,0,0,0,0,0,0,0,0,0,0,0,0,0,0,0,0,0,0,0,0,0,0,0,0,0,0,0,0,0,0,0,0,0,0,0,0,0,0,0,0,0,0,0,0,0,0,0,0,0,0,0,0,0,0,0,0,0,0,0,0,0,0,0,0,0,0,0
85,리스사,11533,토요타파이낸셜서비스코리아㈜,B,SK024,유형자산 보유현황,A5,임차점포시설물,163000000,163000000,163000000,163000000,158000000,158000000,158000000,158000000,158000000,158000000,158000000,158000000,158000000,158000000,158000000,158000000,158000000,158000000,158000000,159000000,159000000,377000000,377000000,378000000,378000000,378000000,377000000,377000000,380000000,380000000,380000000,380000000,403000000,403000000,403000000,403000000,403000000,403000000,403000000,405000000,405000000,405000000,406000000,406000000,423000000,423000000,423000000,423000000,406000000,463000000,469000000,6000000,755000000,755000000,755000000,755000000,755000000,755000000,755000000,755000000,755000000,755000000,755000000,755000000,749000000,749000000,749000000,749000000
86,리스사,11533,토요타파이낸셜서비스코리아㈜,B,SK024,유형자산 보유현황,A6,비품,235000000,272000000,276000000,299000000,315000000,387000000,390000000,453000000,456000000,461000000,497000000,503000000,508000000,506000000,522000000,529000000,532000000,537000000,591000000,594000000,642000000,762000000,775000000,787000000,789000000,779000000,766000000,767000000,793000000,810000000,813000000,735000000,746000000,746000000,743000000,736000000,758000000,757000000,757000000,759000000,772000000,772000000,801000000,783000000,796000000,851000000,852000000,867000000,900000000,847000000,847000000,816000000,835000000,804000000,1400000000,1400000000,1401000000,1408000000,1491000000,1491000000,1554000000,1226000000,1229000000,1232000000,1146000000,1146000000,1146000000,1146000000
87,리스사,11533,토요타파이낸셜서비스코리아㈜,B,SK024,유형자산 보유현황,A7,차량운반구,245000000,245000000,245000000,245000000,245000000,245000000,245000000,305000000,305000000,373000000,373000000,373000000,373000000,373000000,373000000,443000000,478000000,478000000,540000000,772000000,630000000,630000000,630000000,629000000,453000000,453000000,453000000,453000000,426000000,426000000,426000000,426000000,426000000,392000000,392000000,392000000,392000000,453000000,453000000,421000000,421000000,421000000,421000000,421000000,510000000,385000000,400000000,400000000,400000000,444000000,507000000,507000000,507000000,507000000,507000000,443000000,443000000,443000000,443000000,539000000,538000000,538000000,538000000,562000000,562000000,498000000,498000000,499000000
88,리스사,11533,토요타파이낸셜서비스코리아㈜,B,SK024,유형자산 보유현황,A8,건설중인 자산,54000000,0,39000000,0,0,0,0,6000000,0,15000000,0,0,0,0,0,0,0,0,0,0,154000000,40000000,24000000,0,0,0,0,0,0,0,0,50000000,0,0,0,0,0,0,0,0,0,0,7000000,0,0,0,0,21000000,0,0,1185000000,1185000000,2854000000,3976000000,3189000000,0,1000000,0,1000000,490000000,1144000000,1144000000,1760000000,0,0,0,0,0
89,리스사,11533,토요타파이낸셜서비스코리아㈜,B,SK024,유형자산 보유현황,A9,기타,0,0,0,0,0,0,0,0,0,0,0,0,0,0,0,0,0,0,0,0,0,0,0,0,0,0,0,0,0,0,0,0,0,0,0,0,0,0,0,0,0,0,0,0,0,0,0,0,0,0,0,0,0,0,0,0,0,0,0,0,0,0,0,0,0,0,0,0
90,리스사,11663,데라게란덴㈜,B,SK024,유형자산 보유현황,A,유형자산 계,187000000,187000000,231000000,228000000,228000000,245000000,245000000,250000000,252000000,269000000,254000000,261000000,236000000,460000000,465000000,334000000,311000000,287000000,266000000,221000000,208000000,194000000,180000000,167000000,153000000,189000000,252000000,258000000,240000000,219000000,218000000,235000000,223000000,200000000,178000000,156000000,138000000,117000000,96000000,26000000,201000000,187000000,170000000,213000000,221000000,203000000,185000000,168000000,196000000,192000000,172000000,153000000,133000000,113000000,94000000,74000000,60000000,46000000,32000000,17000000,13000000,349000000,326000000,304000000,284000000,265000000,297000000,275000000
91,리스사,11663,데라게란덴㈜,B,SK024,유형자산 보유현황,A1,(감가상각누계액 등),53000000,59000000,83000000,89000000,103000000,113000000,125000000,138000000,149000000,162000000,175000000,187000000,0,83000000,0,131000000, ,0,0,0, ,0,0,0,0,0,0,0,0,0, , , , , ,0, , ,0,0,0, , , , ,0, ,0, , , ,0,0,0, , ,0,0,0,0,0,0,0,0, ,0,0, 
92,리스사,11663,데라게란덴㈜,B,SK024,유형자산 보유현황,A3,토지,0,0,0,0,0,0,0,0,0,17000000,0,0,0,0,0, , ,0,0,0, ,0,0,0,0,0,0,0,0,0, , , , , ,0, , ,0,0,0, , , , ,0, ,0, , , ,0,0,0, , ,0,0,0,0,0,0,0,0, ,0,0, 
93,리스사,11663,데라게란덴㈜,B,SK024,유형자산 보유현황,A4,건물,0,0,0,0,0,0,0,0,0,0,0,0,0,0,0, , ,0,0,0, ,0,0,0,0,0,0,0,0,0, , , , , ,0, , ,0,0,0, , , , ,0, ,0, , , ,0,0,0, , ,0,0,0,0,0,0,0,0, ,0,0, 
94,리스사,11663,데라게란덴㈜,B,SK024,유형자산 보유현황,A5,임차점포시설물,112000000,112000000,112000000,112000000,112000000,120000000,120000000,120000000,120000000,120000000,120000000,120000000,120000000,312000000,312000000,312000000,312000000,312000000,312000000,276000000,191000000,191000000,191000000,191000000,191000000,206000000,284000000,284000000,284000000,284000000,304000000,325000000,325000000,325000000,325000000,325000000,325000000,325000000,325000000,0,104000000,104000000,104000000,176000000,176000000,176000000,176000000,176000000,176000000,176000000,176000000,176000000,176000000,176000000,176000000,176000000,176000000,176000000,176000000,176000000,176000000,456000000,456000000,456000000,456000000,456000000,456000000,456000000
95,리스사,11663,데라게란덴㈜,B,SK024,유형자산 보유현황,A6,비품,50000000,50000000,94000000,91000000,91000000,100000000,100000000,105000000,107000000,107000000,109000000,116000000,116000000,147000000,153000000,153000000,153000000,153000000,153000000,151000000,158000000,158000000,158000000,160000000,160000000,198000000,208000000,236000000,202000000,202000000,202000000,221000000,233000000,233000000,233000000,199000000,199000000,199000000,199000000,199000000,197000000,197000000,171000000,171000000,197000000,197000000,197000000,197000000,243000000,258000000,258000000,258000000,258000000,258000000,258000000,258000000,258000000,258000000,258000000,258000000,258000000,329000000,329000000,329000000,329000000,329000000,383000000,383000000
96,리스사,11663,데라게란덴㈜,B,SK024,유형자산 보유현황,A7,차량운반구,25000000,25000000,25000000,25000000,25000000,25000000,25000000,25000000,25000000,25000000,25000000,25000000,0,0,0, ,0,0,0,0,0,0,0,0,0,0,0,0,0,0, , , , , ,0, , ,0,0,0, , , , ,0, ,0, , ,0,0,0,0, , ,0,0,0,0,0,0,0,0, ,0,0, 
97,리스사,11663,데라게란덴㈜,B,SK024,유형자산 보유현황,A8,건설중인 자산,0,0,0,0,0,0,0,0,0,0,0,0,0,0,0, ,0,0,0,0,0,0,0,0,0,0,0,0,0,0, , , , , ,0, , ,0,0,0, , , , ,0, ,0, , ,0,0,0,0, , ,0,0,0,0,0,0,0,0, ,0,0, 
98,리스사,11663,데라게란덴㈜,B,SK024,유형자산 보유현황,A9,기타,0,0,0,0,0,0,0,0,0,0,0,0,3941000000,0,0, ,0,0,0,0,0,0,0,0,0,0,0,0,0,0, , , , , ,0, , ,0,0,0, , , , ,0, ,0, , ,0,0,0,0, , ,0,0,0,0,0,0,0,0, ,0,0, 
99,리스사,11735,㈜애큐온캐피탈,B,SK024,유형자산 보유현황,A,유형자산 계,1083000000,1504000000,1583000000,1605000000,1647000000,1782000000,1833000000,1845000000,1910000000,1920000000,1921000000,1934000000,2000000000,2181000000,2247000000,2257000000,2286000000,2372000000,2359000000,2388000000,2409000000,2461000000,2473000000,2748000000,2871000000,2898000000,2900000000,2901000000,2897000000,2973000000,3166000000,2767000000,2729000000,3973000000,4074000000,6213000000,9859000000,11600000000,6918000000,7442000000,8950000000,8652000000,6675000000,7102000000,10627000000,11064000000,11161000000,10943000000,12523000000,12207000000,12532000000,12149000000,11950000000,15979000000,17904000000,19615000000,19994000000,18563000000,19164000000,18199000000,18755000000,19040000000,29896000000,23194000000,22533000000,22532000000,22442000000,22357000000
100,리스사,11735,㈜애큐온캐피탈,B,SK024,유형자산 보유현황,A1,(감가상각누계액 등),177000000,240000000,294000000,358000000,423000000,492000000,568000000,644000000,723000000,803000000,883000000,964000000,1042000000,1095000000,1184000000,1278000000,1348000000,1438000000,1493000000,1527000000,1580000000,1634000000,1687000000,1744000000,1807000000,1876000000,1938000000,1963000000,2008000000,2071000000,2143000000,2096000000,2112000000,2191000000,2268000000,2124000000,4595000000,4716000000,4849000000,4970000000,5102000000,5262000000,3076000000,3312000000,3648000000,4238000000,4991000000,5556000000,6211000000,6662000000,7420000000,8196000000,8335000000,9178000000,9769000000,10330000000,10954000000,8319000000,8614000000,9607000000,10485000000,11363000000,12704000000,7476000000,8011000000,8834000000,9330000000,10154000000
101,리스사,11735,㈜애큐온캐피탈,B,SK024,유형자산 보유현황,A3,토지,0,0,0,0,0,0,0,0,0,0,0,0,0,0,0,0,0,0,0,0,0,0,0,0, , , , , , , ,0,0,0,0,0,0,0,0,0,0,0, , ,0, , , ,0,0,0,0,0,0,0,0,0, ,0,0,0,0,0,0,0,0,0,0
102,리스사,11735,㈜애큐온캐피탈,B,SK024,유형자산 보유현황,A4,건물,0,0,409000000,409000000,409000000,409000000,409000000,409000000,409000000,409000000,409000000,409000000,409000000,409000000,409000000,409000000,409000000,409000000,409000000,409000000,409000000,409000000,409000000,409000000,409000000,409000000,409000000,409000000,409000000,409000000,409000000,0,0,0,0,0,0,0,0,0,0,0, , ,0, , , ,0,0,0,0,0,0,0,0,0, ,0,0,0,0,0,0,0,0,0,0
103,리스사,11735,㈜애큐온캐피탈,B,SK024,유형자산 보유현황,A5,임차점포시설물,0,0,0,0,0,0,0,0,0,0,0,0,0,0,0,0,0,0,0,0,0,0,0,0, , , , , , , ,0,0,0,0,0,0,0,0,0,0,0, ,255000000,0, , , ,0,0,0,0,0,0,0,0,0, ,0,0,0,0,0,0,0,0,0,0
104,리스사,11735,㈜애큐온캐피탈,B,SK024,유형자산 보유현황,A6,비품,1083000000,1132000000,1174000000,1196000000,1238000000,1373000000,1424000000,1436000000,1501000000,1511000000,1512000000,1525000000,1591000000,1772000000,1828000000,1848000000,1877000000,1943000000,1950000000,1979000000,2000000000,2052000000,2064000000,2339000000,2462000000,2489000000,2491000000,2492000000,2488000000,2564000000,2757000000,2767000000,2729000000,3138000000,3239000000,3404000000,6203000000,6230000000,6918000000,6926000000,7123000000,7261000000,5877000000,6027000000,5685000000,5642000000,5667000000,5944000000,6013000000,6115000000,6161000000,6317000000,6314000000,6411000000,6814000000,7081000000,7306000000,7699000000,8010000000,11053000000,11359000000,11543000000,11547000000,11502000000,11475000000,11475000000,11428000000,11493000000
105,리스사,11735,㈜애큐온캐피탈,B,SK024,유형자산 보유현황,A7,차량운반구,0,372000000,0,0,0,0,0,0,0,0,0,0,0,0,0,0,0,0,0,0,0,0,0,0, , , , , , , ,0,0,0,0,0,0,0,0,0,0,0, , ,0, , , ,0,0,0,0,0,0,0,0,0, ,0,0,0,0,0,0,0,0,0,0
106,리스사,11735,㈜애큐온캐피탈,B,SK024,유형자산 보유현황,A8,건설중인 자산,0,0,0,0,0,0,0,0,0,0,0,0,0,0,10000000,0,0,20000000,0,0,0,0,0,0, , , , , , , ,0,0,835000000,835000000,2809000000,3656000000,5370000000,0,516000000,1827000000,1391000000,798000000,820000000,737000000,733000000,734000000,838000000,1377000000,956000000,862000000,323000000,323000000,323000000,1436000000,3038000000,3115000000,4596000000,4838000000,417000000,552000000,662000000,1923000000,427000000,0,0,53000000,0
107,리스사,11735,㈜애큐온캐피탈,B,SK024,유형자산 보유현황,A9,기타,0,0,0,0,0,0,0,0,0,0,0,0,0,0,0,0,0,0,0,0,0,0,0,0, , , , , , , ,0,0,0,0,0,0,0,0,0,0,0, , ,4205000000,4689000000,4760000000,4161000000,5133000000,5136000000,5509000000,5509000000,5313000000,9245000000,9654000000,9496000000,9573000000,6268000000,6316000000,6729000000,6844000000,6835000000,16426000000,11265000000,11058000000,11057000000,10961000000,10864000000
108,리스사,11766,현대커머셜㈜ ,B,SK024,유형자산 보유현황,A,유형자산 계,4320000000,4618000000,4594000000,4457000000,4451000000,4833000000,5062000000,5221000000,5245000000,5380000000,5902000000,6198000000,6338000000,6574000000,7107000000,7715000000,7769000000,8325000000,8633000000,8611000000,3156000000,3458000000,3628000000,3708000000,3573000000,10982000000,4326000000,5618000000,5311000000,4940000000,4704000000,9138000000,8372000000,8019000000,20184000000,21039000000,21625000000,22149000000,18564000000,18975000000,19076000000,19218000000,19362000000,20637000000,20439000000,21529000000,21561000000,22023000000,22034000000,22314000000,21862000000,22214000000,22270000000,19802000000,20005000000,22460000000,22533000000,22619000000,23257000000,24370000000,24510000000,24845000000,25683000000,27880000000,25666000000,25548000000,25676000000,30644000000
109,리스사,11766,현대커머셜㈜ ,B,SK024,유형자산 보유현황,A1,(감가상각누계액 등),1488000000,1952000000,2343000000,2551000000,2818000000,3031000000,3282000000,3468000000,3647000000,3839000000,4079000000,4310000000,4042000000,4305000000,4582000000,4807000000,5033000000,5224000000,5489000000,5429000000,-5546000000,-5739000000,-6083000000,-6391000000,-6755000000,-7083000000,-7491000000,-8030000000,-8321000000,-8834000000,-8974000000,-9236000000,-9839000000,-10175000000,-10619000000,-11377000000,-12297000000,-12965000000,-10102000000,11042000000,11985000000,12842000000,13699000000,14490000000,15064000000,15834000000,16689000000,16847000000,17485000000,18099000000,18171000000,18313000000,18727000000,16453000000,16833000000,17281000000,17788000000,18247000000,18498000000,18065000000,18661000000,19121000000,19684000000,20338000000,18691000000,19125000000,19813000000,20250000000
110,리스사,11766,현대커머셜㈜ ,B,SK024,유형자산 보유현황,A3,토지,0,0,0,0,0,0,0,0,0,0,0,0,0, , , , , , , , , , , , , , , , , , , , , , , , , , ,0, ,0, , , ,0,0,0,0,0,0,0,0,0,0,0, ,0,0,0,0,0,0,0,0,0,0,0
111,리스사,11766,현대커머셜㈜ ,B,SK024,유형자산 보유현황,A4,건물,0,0,0,0,0,0,0,0,0,0,0,0,0, , , , , , , , , , , , , , , , , , , , , , , , , , ,0, ,0, , , ,0,0,0,0,0,0,0,0,0,0,0, ,0,0,0,0,0,0,0,0,0,0,0
112,리스사,11766,현대커머셜㈜ ,B,SK024,유형자산 보유현황,A5,임차점포시설물,0,0,0,0,0,0,0,0,0,0,0,0,0, , , , , , , , , , , , , , , , , , , , , , , , , , ,0, ,0, , , ,0,0,0,0,0,0,0,0,0,0,0, ,0,0,0,0,0,0,0,0,0,0,0
113,리스사,11766,현대커머셜㈜ ,B,SK024,유형자산 보유현황,A6,비품,4074000000,4372000000,4416000000,4181000000,4175000000,4203000000,4432000000,4591000000,4615000000,4750000000,5272000000,5568000000,5628000000,5925000000,6457000000,7066000000,7123000000,7678000000,7987000000,7965000000,8055000000,8673000000,9187000000,9575000000,9844000000,10498000000,11333000000,13164000000,13261000000,13403000000,13307000000,18003000000,17840000000,17823000000,19813000000,20668000000,21254000000,21778000000,18193000000,18604000000,18705000000,18847000000,18991000000,20266000000,20068000000,21158000000,21190000000,21006000000,21046000000,21326000000,21436000000,21788000000,21844000000,19376000000,19578000000,22034000000,22107000000,22193000000,22830000000,23944000000,24084000000,24449000000,25312000000,27509000000,25295000000,25177000000,25305000000,30273000000
114,리스사,11766,현대커머셜㈜ ,B,SK024,유형자산 보유현황,A7,차량운반구,129000000,129000000,61000000,159000000,159000000,219000000,219000000,219000000,219000000,219000000,219000000,219000000,299000000,239000000,239000000,239000000,235000000,235000000,235000000,235000000,235000000,113000000,113000000,113000000,113000000,113000000,113000000,113000000, , , , , , , , , , , ,0, ,0, , , ,0,0,617000000,617000000,617000000,55000000,55000000,55000000,55000000,55000000,55000000,55000000,55000000,55000000,55000000,55000000,25000000,0,0,0,0,0,0
115,리스사,11766,현대커머셜㈜ ,B,SK024,유형자산 보유현황,A8,건설중인 자산,0,0,0,0,0,0,0,0,0,0,0,0,0, , , , , , , , , , , , , , , , , , , , , , , , , , ,0, ,0, , , ,0,0,0,0,0,0,0,0,0,0,0, ,0,0,0,0,0,0,0,0,0,0,0
116,리스사,11766,현대커머셜㈜ ,B,SK024,유형자산 보유현황,A9,기타,117000000,117000000,117000000,117000000,117000000,411000000,411000000,411000000,411000000,411000000,411000000,411000000,411000000,411000000,411000000,411000000,411000000,411000000,411000000,411000000,411000000,411000000,411000000,411000000,371000000,371000000,371000000,371000000,371000000,371000000,371000000,371000000,371000000,371000000,371000000,371000000,371000000,371000000,371000000,371000000,371000000,371000000,371000000,371000000,371000000,371000000,371000000,400000000,371000000,371000000,371000000,371000000,371000000,371000000,371000000,371000000,371000000,371000000,371000000,371000000,371000000,371000000,371000000,371000000,371000000,371000000,371000000,371000000
117,리스사,11807,엔비에이치캐피탈㈜,B,SK024,유형자산 보유현황,A,유형자산 계,,,,,,,,,,,,,,,364000000,364000000,364000000,364000000,364000000,364000000,364000000,364000000,364000000,395000000,395000000,396000000,396000000,398000000,27000000,24000000,23000000,59000000,459000000,814000000,964000000,453000000,449000000,449000000,450000000,450000000,450000000,450000000,451000000,453000000,465000000,465000000,473000000,643000000,471000000,542000000,547000000,98000000,92000000,77000000,170000000,159000000,154000000,151000000,142000000,133000000,126000000,117000000,143000000,149000000,142000000,131000000,124000000,114000000
118,리스사,11807,엔비에이치캐피탈㈜,B,SK024,유형자산 보유현황,A1,(감가상각누계액 등),,,,,,,,,,,,,,,229000000,247000000,265000000,283000000,301000000,320000000,338000000,356000000,363000000,364000000,366000000,367000000,369000000,-371000000,-373000000,-374000000,-376000000,-366000000,370000000,375000000,380000000,376000000,380000000,385000000,389000000,394000000,399000000,404000000,408000000,413000000,418000000,421000000,426000000,462000000,436000000,443000000,451000000,0,0,-462000000,-380000000, , , , , , , , , , , , , 
119,리스사,11807,엔비에이치캐피탈㈜,B,SK024,유형자산 보유현황,A3,토지,,,,,,,,,,,,,,, , , , , , , , , , , , ,0,0,0,0,0,0,0,0,0,0,0,0,0, ,0,0,0,0,0,0,0, ,0,0,0,0,0,0, , , , , , , , , , , , , , 
120,리스사,11807,엔비에이치캐피탈㈜,B,SK024,유형자산 보유현황,A4,건물,,,,,,,,,,,,,,, , , , , , , , , , , , ,0,0,0,0,0,0,0,0,0,0,0,0,0, ,0,0,0,0,0,0,0, ,0,0,0,0,0,0, , , , , , , , , , , , , , 
121,리스사,11807,엔비에이치캐피탈㈜,B,SK024,유형자산 보유현황,A5,임차점포시설물,,,,,,,,,,,,,,, , , , , , , , , , , , ,0,0,0,0,0,0,0,0,0,0,0,0,0, ,0,0,0,0,0,0,0, ,0,0,0,0,0,0, , , , , , , , , , , , , , 
122,리스사,11807,엔비에이치캐피탈㈜,B,SK024,유형자산 보유현황,A6,비품,,,,,,,,,,,,,,,364000000,364000000,364000000,364000000,364000000,364000000,364000000,364000000,364000000,395000000,395000000,396000000,396000000,398000000,398000000,399000000,399000000,424000000,459000000,460000000,460000000,453000000,449000000,449000000,450000000,450000000,450000000,450000000,451000000,453000000,465000000,465000000,473000000,470000000,471000000,471000000,476000000,476000000,474000000,468000000,478000000,419000000,422000000,428000000,428000000,428000000,429000000,429000000,465000000,482000000,488000000,488000000,493000000,495000000
123,리스사,11807,엔비에이치캐피탈㈜,B,SK024,유형자산 보유현황,A7,차량운반구,,,,,,,,,,,,,,, , , , , , , , , , , , ,0,0,0,0,0,0,0,0,0,0,0,0,0, ,0,0,0,0,0,0,0,173000000,0,71000000,71000000,82000000,82000000,71000000,72000000,102000000,102000000,102000000,102000000,102000000,102000000,102000000,102000000,102000000,102000000,102000000,102000000,102000000
124,리스사,11807,엔비에이치캐피탈㈜,B,SK024,유형자산 보유현황,A8,건설중인 자산,,,,,,,,,,,,,,, , , , , , , , , , , , ,0,0,0,0,0,0,0,354000000,504000000,0,0,0,0, ,0,0,0,0,0,0,0, ,0,0,0,0,0,0, , , , , , , , , , , , , , 
125,리스사,11807,엔비에이치캐피탈㈜,B,SK024,유형자산 보유현황,A9,기타,,,,,,,,,,,,,,, , , , , , , , , , , , ,0,0,0,0,0,0,0,0,0,0,0,0,0, ,0,0,0,0,0,0,0, ,0,0,0,0,0,0, , , , , , , , , , , , , , 
126,리스사,12250,무림캐피탈㈜,B,SK024,유형자산 보유현황,A,유형자산 계,,,,,,92000000,185000000,199000000,214000000,321000000,322000000,326000000,326000000,329000000,329000000,339000000,342000000,346000000,349000000,363000000,365000000,366000000,397000000,398000000,402000000,403000000,403000000,403000000,903000000,921000000,921000000,921000000,394000000,394000000,397000000,408000000,408000000,408000000,409000000,414000000,418000000,420000000,378000000,378000000,1110000000,1178000000,972000000,940000000,1023000000,1035000000,1260000000,1255000000,1256000000,1257000000,1258000000,1261000000,1261000000,1261000000,6478000000,6479000000,6479000000,6491000000,6493000000,6494000000,6562000000,6595000000,6595000000,6595000000
127,리스사,12250,무림캐피탈㈜,B,SK024,유형자산 보유현황,A1,(감가상각누계액 등),,,,,,4000000,0,27000000,40000000,57000000,78000000,98000000,118000000,139000000,159000000,180000000,202000000,223000000,245000000,267000000,290000000,309000000,320000000,333000000,345000000,353000000,358000000,363000000,368000000,373000000,378000000,383000000,375000000,379000000,382000000,386000000,389000000,393000000,393000000,395000000,397000000,398000000,351000000,354000000,460000000,545000000,473000000,595000000,724000000,859000000,444000000,547000000,653000000,761000000,868000000,975000000,1081000000,1188000000,1141000000,1319000000,1497000000,1675000000,1849000000,2025000000,2200000000,2376000000,2550000000,2725000000
128,리스사,12250,무림캐피탈㈜,B,SK024,유형자산 보유현황,A3,토지,,,,,,0,0,0,0,0,0,0, , , , , , , , , , , , , , , , , , , , , , , , , , , ,0,0, , ,0, , , ,0,0,0,0,0,0,0,0,0,0,0,0,0,0,0,0,0,0,0,0,0
129,리스사,12250,무림캐피탈㈜,B,SK024,유형자산 보유현황,A4,건물,,,,,,0,0,0,0,0,0,0, , , , , , , , , , , , , , , , , , , , , , , , , , , ,0,0, , ,0, , , ,0,0,0,0,0,0,0,0,0,0,0,0,0,0,0,0,0,0,0,0,0
130,리스사,12250,무림캐피탈㈜,B,SK024,유형자산 보유현황,A5,임차점포시설물,,,,,,0,0,0,0,0,0,0,95000000,95000000,95000000,95000000,95000000,95000000,95000000,95000000,95000000,95000000,96000000,96000000,96000000,96000000,96000000,96000000,96000000,96000000,96000000,96000000,99000000,99000000,99000000,99000000,99000000,99000000,99000000,99000000,99000000,99000000,99000000,99000000,99000000,99000000,99000000,86000000,86000000,86000000,86000000,86000000,86000000,86000000,86000000,86000000,86000000,86000000,533000000,533000000,533000000,533000000,533000000,533000000,533000000,533000000,533000000,533000000
131,리스사,12250,무림캐피탈㈜,B,SK024,유형자산 보유현황,A6,비품,,,,,,92000000,185000000,199000000,214000000,321000000,322000000,326000000,231000000,233000000,233000000,244000000,247000000,250000000,254000000,267000000,270000000,270000000,301000000,302000000,305000000,307000000,307000000,307000000,307000000,307000000,307000000,307000000,295000000,295000000,299000000,309000000,309000000,309000000,310000000,315000000,319000000,321000000,279000000,279000000,280000000,273000000,275000000,256000000,256000000,268000000,268000000,263000000,264000000,266000000,266000000,269000000,269000000,269000000,253000000,254000000,254000000,254000000,255000000,257000000,258000000,258000000,258000000,258000000
132,리스사,12250,무림캐피탈㈜,B,SK024,유형자산 보유현황,A7,차량운반구,,,,,,0,0,0,0,0,0,0, , , , , , , , , , , , , , , , , , , , , , , , , , , ,0,0, , ,0, , , ,0,0,0,0,0,0,0,0,0,0,0,0,0,0,0,0,0,0,0,0,0
133,리스사,12250,무림캐피탈㈜,B,SK024,유형자산 보유현황,A8,건설중인 자산,,,,,,0,0,0,0,0,0,0, , , , , , , , , , , , , , , , , , , , , , , , , , , ,0,0, , ,0, , , ,0,0,0,0,0,0,0,0,0,0,0,0,0,0,0,0,0,0,0,0,0
134,리스사,12250,무림캐피탈㈜,B,SK024,유형자산 보유현황,A9,기타,,,,,,0,0,0,0,0,0,0, , , , , , , , , , , , , , , , ,500000000,517000000,517000000,517000000, , , , , , , ,0,0, , ,0,730000000,806000000,598000000,598000000,681000000,681000000,906000000,906000000,906000000,906000000,906000000,906000000,906000000,906000000,5691000000,5691000000,5691000000,5704000000,5704000000,5704000000,5770000000,5803000000,5803000000,5803000000
135,리스사,12294,씨앤에이치캐피탈㈜,B,SK024,유형자산 보유현황,A,유형자산 계,,,,,,,335000000,335000000,331000000,324000000,328000000,330000000,331000000,336000000,354000000,357000000,359000000,359000000,359000000,364000000,364000000,387000000,386000000,429000000,432000000,434000000,440000000,446000000,446000000,458000000,459000000,499000000,500000000,503000000,503000000,503000000,507000000,520000000,520000000,521000000,521000000,521000000,341000000,343000000,363000000,845000000,855000000,775000000,1925000000,1959000000,1970000000,2011000000,2030000000,2070000000,2073000000,2090000000,2158000000,2172000000,2279000000,2523000000,2480000000,2480000000,2480000000,2480000000,2480000000,2251000000,2251000000,1266000000
136,리스사,12294,씨앤에이치캐피탈㈜,B,SK024,유형자산 보유현황,A1,(감가상각누계액 등),,,,,,,14000000,55000000,93000000,122000000,155000000,177000000,119000000,137000000,156000000,174000000,192000000,210000000,227000000,244000000,260000000,278000000,292000000,310000000,330000000,345000000,358000000,365000000,371000000,378000000,385000000,394000000,402000000,411000000,419000000,426000000,434000000,442000000,447000000,458000000,466000000,474000000,300000000,306000000,311000000,451000000,525000000,406000000,503000000,600000000,698000000,813000000,909000000,920000000,1017000000,1113000000,1024000000,1127000000,1235000000,1449000000,1542000000,1624000000,1735000000,1860000000,1973000000,1884000000,1979000000,668000000
137,리스사,12294,씨앤에이치캐피탈㈜,B,SK024,유형자산 보유현황,A3,토지,,,,,,,0,0,0,0,0,0,0,0,0,0,0,0,0,0,0,0,0,0,0,0,0,0,0,0,0,0,0,0,0,0,0,0,0,0,0,0,0,0,0,0,0,0,0,0,0,0,0,0,0,0,0,0,0,0,0,0,0,0,0,0,0,0
138,리스사,12294,씨앤에이치캐피탈㈜,B,SK024,유형자산 보유현황,A4,건물,,,,,,,0,0,0,0,0,0,0,0,0,0,0,0,0,0,0,0,0,0,0,0,0,0,0,0,0,0,0,0,0,0,0,0,0,0,0,0,0,0,0,252000000,252000000,0,1090000000,1092000000,1095000000,1098000000,1100000000,1103000000,1106000000,1109000000,1109000000,1109000000,1109000000,1358000000,1358000000,1358000000,1358000000,1358000000,1358000000,1358000000,1358000000,367000000
139,리스사,12294,씨앤에이치캐피탈㈜,B,SK024,유형자산 보유현황,A5,임차점포시설물,,,,,,,92000000,92000000,92000000,92000000,92000000,92000000,92000000,92000000,92000000,92000000,92000000,92000000,92000000,92000000,92000000,92000000,92000000,92000000,92000000,92000000,93000000,93000000,93000000,96000000,96000000,107000000,107000000,107000000,107000000,107000000,107000000,107000000,107000000,107000000,107000000,107000000,107000000,107000000,108000000,108000000,108000000,262000000,298000000,299000000,299000000,307000000,307000000,307000000,307000000,307000000,307000000,307000000,319000000,319000000,319000000,319000000,319000000,319000000,319000000,319000000,319000000,394000000
140,리스사,12294,씨앤에이치캐피탈㈜,B,SK024,유형자산 보유현황,A6,비품,,,,,,,41000000,41000000,46000000,51000000,53000000,58000000,58000000,63000000,81000000,84000000,86000000,86000000,86000000,91000000,91000000,114000000,113000000,156000000,159000000,161000000,167000000,173000000,173000000,182000000,182000000,211000000,213000000,216000000,216000000,216000000,219000000,232000000,232000000,234000000,234000000,234000000,234000000,236000000,255000000,261000000,271000000,314000000,317000000,318000000,327000000,328000000,344000000,345000000,345000000,353000000,358000000,371000000,371000000,371000000,377000000,383000000,383000000,383000000,383000000,383000000,383000000,315000000
141,리스사,12294,씨앤에이치캐피탈㈜,B,SK024,유형자산 보유현황,A7,차량운반구,,,,,,,202000000,202000000,193000000,181000000,183000000,180000000,180000000,180000000,180000000,180000000,180000000,180000000,180000000,180000000,180000000,180000000,180000000,180000000,180000000,180000000,180000000,180000000,180000000,180000000,180000000,180000000,180000000,180000000,180000000,180000000,180000000,180000000,180000000,180000000,180000000,180000000,0,0,0,223000000,224000000,199000000,220000000,250000000,250000000,278000000,278000000,315000000,315000000,320000000,384000000,384000000,479000000,474000000,426000000,419000000,419000000,419000000,419000000,190000000,190000000,190000000
142,리스사,12294,씨앤에이치캐피탈㈜,B,SK024,유형자산 보유현황,A8,건설중인 자산,,,,,,,0,0,0,0,0,0,0,0,0,0,0,0,0,0,0,0,0,0,0,0,0,0,0,0,0,0,0,0,0,0,0,0,0,0,0,0,0,0,0,0,0,0,0,0,0,0,0,0,0,0,0,0,0,0,0,0,0,0,0,0,0,0
143,리스사,12294,씨앤에이치캐피탈㈜,B,SK024,유형자산 보유현황,A9,기타,,,,,,,0,0,0,0,0,0,0,0,0,0,0,0,0,0,0,0,0,0,0,0,0,0,0,0,0,0,0,0,0,0,0,0,0,0,0,0,0,0,0,0,0,0,0,0,0,0,0,0,0,0,0,0,0,0,0,0,0,0,0,0,0,0
144,리스사,12303,㈜아이엠캐피탈,B,SK024,유형자산 보유현황,A,유형자산 계,,,,,,,,194000000,549000000,652000000,573000000,664000000,664000000,670000000,679000000,684000000,723000000,687000000,666000000,836000000,901000000,932000000,941000000,1109000000,1535000000,1639000000,1700000000,1769000000,1866000000,1943000000,2101000000,2267000000,2318000000,2757000000,2795000000,2981000000,3261000000,3456000000,3695000000,3815000000,3961000000,4069000000,4084000000,3439000000,13156000000,13533000000,13762000000,14554000000,14389000000,14151000000,13316000000,13580000000,13801000000,19922000000,20217000000,20533000000,20607000000,20935000000,22025000000,21821000000,21988000000,21848000000,22068000000,22147000000,23157000000,22514000000,22315000000,22562000000
145,리스사,12303,㈜아이엠캐피탈,B,SK024,유형자산 보유현황,A1,(감가상각누계액 등),,,,,,,,6000000,-24000000,55000000,88000000,121000000,154000000,186000000,220000000,255000000,287000000,254000000,265000000,303000000,506000000,557000000,608000000,656000000,755000000,841000000,930000000,1012000000,1086000000,1165000000,1255000000,1353000000,1421000000,1511000000,-1602000000,-1705000000,-1812000000,-1933000000,2047000000,2181000000,2318000000,2462000000,2608000000,1581000000,2167000000,2864000000,3488000000,4085000000,4522000000,4774000000,4951000000,5380000000,5934000000,6517000000,7145000000,7729000000,8367000000,8876000000,9775000000,9934000000,10661000000,11354000000,12230000000,13059000000,13512000000,13586000000,14231000000,15123000000
146,리스사,12303,㈜아이엠캐피탈,B,SK024,유형자산 보유현황,A3,토지,,,,,,,,0,0,0,0,0, ,0, , ,0, ,0, , , , , , , , , , , , , , , , ,0,0,0,0,0,0,0,0,0,0,0,0,0,0,0,0,0,0,0,0,0,0,0,0,0,0,0,0,0,0,0,0,0
147,리스사,12303,㈜아이엠캐피탈,B,SK024,유형자산 보유현황,A4,건물,,,,,,,,0,0,0,0,0, ,0, , ,0, ,0, , , , , , , , , , , , , , , , ,0,0,0,0,0,0,0,0,0,0,0,0,0,0,0,0,0,0,0,0,0,0,0,0,0,0,0,0,0,0,0,0,0
148,리스사,12303,㈜아이엠캐피탈,B,SK024,유형자산 보유현황,A5,임차점포시설물,,,,,,,,87000000,92000000,99000000,81000000,99000000, ,0, , ,0, ,0,221000000,270000000,286000000,294000000,458000000,632000000,714000000,757000000,793000000,864000000,869000000,988000000,994000000,1041000000,1331000000,1331000000,1352000000,1373000000,1375000000,1381000000,1393000000,1411000000,1411000000,1411000000,544000000,1061000000,783000000,797000000,891000000,900000000,902000000,972000000,1024000000,1024000000,1471000000,1473000000,1607000000,1690000000,1856000000,2130000000,2080000000,2080000000,2077000000,2077000000,2077000000,2309000000,2319000000,2091000000,2098000000
149,리스사,12303,㈜아이엠캐피탈,B,SK024,유형자산 보유현황,A6,비품,,,,,,,,67000000,260000000,356000000,322000000,368000000,368000000,374000000,380000000,386000000,418000000,472000000,484000000,615000000,631000000,646000000,647000000,651000000,903000000,925000000,943000000,976000000,1002000000,1074000000,1113000000,1273000000,1277000000,1426000000,1464000000,1629000000,1889000000,2081000000,2313000000,2422000000,2551000000,2658000000,2673000000,2895000000,2723000000,2773000000,3008000000,3371000000,3287000000,2996000000,3050000000,3462000000,3474000000,3665000000,3946000000,4296000000,4306000000,4738000000,5483000000,5485000000,5605000000,5469000000,5707000000,5814000000,5711000000,5781000000,5764000000,6011000000
150,리스사,12303,㈜아이엠캐피탈,B,SK024,유형자산 보유현황,A7,차량운반구,,,,,,,,40000000,197000000,197000000,170000000,197000000,197000000,197000000,197000000,197000000,197000000,40000000,0,0, , , , , , , , , , , , , , , ,0,0,0,0,0,0,0,0,0,0,0,0,0,0,0,0,0,0,0,0,0,0,0,0,0,0,0,0,0,0,0,0,0
151,리스사,12303,㈜아이엠캐피탈,B,SK024,유형자산 보유현황,A8,건설중인 자산,,,,,,,,0,0,0,0,0, ,0, , ,0, , , , , , , , , , , , , , , , , , ,0,0,0,0,0,0,0,0,0,0,0,0,0,0,0,0,0,0,0,0,0,0,0,0,0,0,0,0,0,0,0,0,0
152,리스사,12303,㈜아이엠캐피탈,B,SK024,유형자산 보유현황,A9,기타,,,,,,,,0,0,0,0,0,99000000,99000000,102000000,101000000,108000000,175000000,182000000, , , , , , , , , , , , , , , , ,0,0,0,0,0,0,0,0,0,9372000000,9978000000,9957000000,10292000000,10202000000,10253000000,9294000000,9094000000,9303000000,14785000000,14798000000,14629000000,14611000000,14341000000,14411000000,14256000000,14302000000,14302000000,14284000000,14255000000,15137000000,14415000000,14461000000,14452000000
153,리스사,12452,비엔케이캐피탈㈜,B,SK024,유형자산 보유현황,A,유형자산 계,,,,,,,,,,,354000000,1372000000,1456000000,1639000000,1890000000,2055000000,3040000000,3112000000,3378000000,3322000000,3548000000,6065000000,6361000000,6778000000,7524000000,8020000000,8169000000,8778000000,9501000000,9387000000,10134000000,10408000000,10937000000,11446000000,11462000000,12301000000,12616000000,12787000000,13022000000,13641000000,14553000000,15038000000,14957000000,15437000000,19358000000,19744000000,20109000000,21670000000,21428000000,22527000000,22549000000,22773000000,24515000000,24379000000,24402000000,25102000000,24735000000,26537000000,27318000000,28189000000,28805000000,30656000000,34022000000,36549000000,38748000000,41738000000,45019000000,50244000000
154,리스사,12452,비엔케이캐피탈㈜,B,SK024,유형자산 보유현황,A1,(감가상각누계액 등),,,,,,,,,,,16000000,80000000,219000000,384000000,541000000,787000000,1022000000,1259000000,1564000000,1890000000,2163000000,2335000000,2604000000,2883000000,3191000000,3519000000,3862000000,4226000000,4607000000,5004000000,5444000000,5862000000,6262000000,6686000000,7082000000,7522000000,7963000000,8370000000,8694000000,8914000000,9369000000,9825000000,9994000000,10290000000,11035000000,11779000000,12578000000,13357000000,11840000000,12381000000,12698000000,13266000000,13423000000,14271000000,14924000000,15602000000,15339000000,16296000000,16616000000,17694000000,18472000000,19235000000,20177000000,21297000000,21959000000,22566000000,23884000000,25217000000
155,리스사,12452,비엔케이캐피탈㈜,B,SK024,유형자산 보유현황,A3,토지,,,,,,,,,,,0,0,0,0,0,0,0,0,0, , , , , , , , , , , , , , , , , , , , , , , , , , , , , , , , , , , , , , , , , , , , , , , , , 
156,리스사,12452,비엔케이캐피탈㈜,B,SK024,유형자산 보유현황,A4,건물,,,,,,,,,,,0,0,0,0,0,0,0,0,0, , , , , , ,247000000,248000000,248000000,248000000,247000000,247000000,247000000,248000000,247000000,247000000,247000000,247000000,247000000,247000000,247000000,247000000,247000000,247000000,247000000,247000000,247000000,247000000,247000000,247000000,247000000,247000000,512000000,782000000,782000000,782000000,782000000,781000000,782000000,782000000,782000000,782000000,782000000,782000000,782000000,782000000,782000000,782000000,782000000
157,리스사,12452,비엔케이캐피탈㈜,B,SK024,유형자산 보유현황,A5,임차점포시설물,,,,,,,,,,,235000000,439000000,440000000,517000000,854000000,1042000000,1779000000,2047000000,2366000000,2526000000,2811000000,3000000000,3133000000,3240000000,3692000000,3932000000,4006000000,4168000000,4678000000,4771000000,4944000000,5112000000,5595000000,5995000000,6047000000,6266000000,6481000000,6615000000,6845000000,6977000000,7629000000,7830000000,7728000000,7928000000,8054000000,8171000000,8203000000,8325000000,6491000000,6418000000,6311000000,5895000000,5544000000,5544000000,5544000000,5544000000,5245000000,5306000000,5306000000,5193000000,5317000000,5410000000,5606000000,5507000000,5379000000,5379000000,6208000000,6208000000
158,리스사,12452,비엔케이캐피탈㈜,B,SK024,유형자산 보유현황,A6,비품,,,,,,,,,,,85000000,832000000,862000000,920000000,1305000000,1482000000,1904000000,2028000000,2293000000,2396000000,2644000000,2809000000,2949000000,3235000000,3355000000,3607000000,3677000000,4120000000,4305000000,4232000000,4806000000,4900000000,4975000000,5122000000,5072000000,5703000000,5803000000,5840000000,5915000000,6402000000,6662000000,6961000000,6982000000,7262000000,7300000000,7379000000,7493000000,7923000000,7677000000,7715000000,7766000000,7912000000,8503000000,8495000000,8605000000,9090000000,9259000000,10043000000,10842000000,11738000000,11785000000,12025000000,12247000000,12720000000,12901000000,12923000000,13205000000,13292000000
159,리스사,12452,비엔케이캐피탈㈜,B,SK024,유형자산 보유현황,A7,차량운반구,,,,,,,,,,,34000000,101000000,154000000,202000000,272000000,318000000,355000000,248000000,188000000,171000000,137000000,137000000,137000000,137000000,137000000,137000000,137000000,137000000,139000000,137000000,137000000,149000000,119000000,82000000,96000000,85000000,85000000,85000000,15000000,15000000,15000000, , , , , , , , , , , , , , , , , , , , , , , , , , , 
160,리스사,12452,비엔케이캐피탈㈜,B,SK024,유형자산 보유현황,A8,건설중인 자산,,,,,,,,,,,0,0,0,0,0,0,24000000,48000000,95000000,119000000,119000000,119000000,142000000,166000000,340000000,97000000,101000000,105000000,131000000, , , , , , , , , , , , , , , , , , , , , , ,200000000,200000000, , , , , , , , , ,2246000000,4493000000,6739000000,6739000000,8985000000,11231000000
161,리스사,12452,비엔케이캐피탈㈜,B,SK024,유형자산 보유현황,A9,기타,,,,,,,,,,,0,0,0,0,0,0,0, ,0, , , , , , , , , , , , , , , , , , , , , , , , , ,3757000000,3947000000,4166000000,5175000000,7013000000,8147000000,8225000000,8254000000,9486000000,9558000000,9471000000,9686000000,9450000000,10406000000,10388000000,10476000000,10921000000,12438000000,13141000000,13047000000,12948000000,15915000000,15839000000,18731000000
162,리스사,12621,폭스바겐파이낸셜서비스코리아㈜,B,SK024,유형자산 보유현황,A,유형자산 계,,,,,,,,,,,,,885000000,932000000,960000000,1061000000,1061000000,1061000000,1065000000,1150000000,1227000000,1140000000,1187000000,1228000000,1324000000,1348000000,1445000000,1792000000,1841000000,1905000000,2031000000,2092000000,2435000000,2535000000,2568000000,2732000000,2546000000,2809000000,2817000000,3007000000,3164000000,3908000000,3280000000,3388000000,6092000000,5910000000,6698000000,6737000000,6916000000,6196000000,6238000000,6222000000,6217000000,6269000000,6380000000,6870000000,6777000000,7518000000,7467000000,8038000000,13221000000,14921000000,10768000000,10980000000,10763000000,10785000000,10842000000,11028000000
163,리스사,12621,폭스바겐파이낸셜서비스코리아㈜,B,SK024,유형자산 보유현황,A1,(감가상각누계액 등),,,,,,,,,,,,,-50000000,-83000000,-119000000,-130000000,-171000000,-211000000,-252000000,-293000000,-296000000,-310000000,-324000000,-344000000,-362000000,-405000000,-463000000,-634000000,-659000000,-668000000,-699000000,-632000000,-882000000,-892000000,-987000000,-1198000000,-1146000000,-1266000000,1387000000,1452000000,1664000000,2099000000,1753000000,1713000000,2082000000,2374000000,3108000000,3462000000,3205000000,2660000000,2914000000,3107000000,3391000000,3594000000,3916000000,4309000000,4476000000,4988000000,5300000000,5792000000,6353000000,6766000000,3712000000,4027000000,4285000000,4619000000,4975000000,5239000000
164,리스사,12621,폭스바겐파이낸셜서비스코리아㈜,B,SK024,유형자산 보유현황,A3,토지,,,,,,,,,,,,,0, , , ,0, , , ,0,0,0, ,0, , , , , , , , , , , , , , , , , , , , , , , , , , , , , , , , , , , , , , , , , , , 
165,리스사,12621,폭스바겐파이낸셜서비스코리아㈜,B,SK024,유형자산 보유현황,A4,건물,,,,,,,,,,,,,0, , , ,0, , , ,0,0,0, ,0, , , , , , , , , , , , , , , , , , , , , , , , , , , , , , , , , , , , , , , , , , , 
166,리스사,12621,폭스바겐파이낸셜서비스코리아㈜,B,SK024,유형자산 보유현황,A5,임차점포시설물,,,,,,,,,,,,,0, , , ,0, , , ,0,0,0, ,0, , , , , , , , , , , , , , , , , , , , , , , , , , , , , , , , , , , , , , , , , , , 
167,리스사,12621,폭스바겐파이낸셜서비스코리아㈜,B,SK024,유형자산 보유현황,A6,비품,,,,,,,,,,,,,478000000,525000000,553000000,596000000,596000000,596000000,600000000,609000000,609000000,609000000,652000000,654000000,688000000,700000000,743000000,833000000,914000000,947000000,1010000000,1180000000,1216000000,1301000000,1321000000,1397000000,1417000000,1457000000,1642000000,1667000000,1879000000,2070000000,2069000000,2224000000,2503000000,2504000000,2504000000,2516000000,2516000000,2606000000,2627000000,2643000000,2713000000,2766000000,2778000000,2787000000,2789000000,2818000000,2818000000,2859000000,2881000000,4823000000,4917000000,5069000000,5068000000,5069000000,5065000000,5079000000
168,리스사,12621,폭스바겐파이낸셜서비스코리아㈜,B,SK024,유형자산 보유현황,A7,차량운반구,,,,,,,,,,,,,407000000,407000000,407000000,465000000,465000000,465000000,465000000,541000000,618000000,531000000,536000000,574000000,636000000,648000000,670000000,703000000,711000000,742000000,805000000,912000000,947000000,1010000000,1045000000,1045000000,1045000000,1048000000,1048000000,1048000000,1048000000,1186000000,1009000000,660000000,632000000,546000000,546000000,511000000,511000000,481000000,514000000,655000000,552000000,584000000,623000000,940000000,1073000000,1116000000,1183000000,1283000000,1184000000,1285000000,1034000000,1093000000,877000000,898000000,959000000,1131000000
169,리스사,12621,폭스바겐파이낸셜서비스코리아㈜,B,SK024,유형자산 보유현황,A8,건설중인 자산,,,,,,,,,,,,,0,0, , ,0,0, , ,0,0,0, ,0, , , , , , , , , , , , ,185000000,0,192000000,0,0,0,276000000,0,0,0,94000000,94000000,0,0,0,0,0,0,0,0,0,0,0,0, , , , , , , 
170,리스사,12621,폭스바겐파이낸셜서비스코리아㈜,B,SK024,유형자산 보유현황,A9,기타,,,,,,,,,,,,,0,0, , ,0,0, , ,0,0,0, ,0, ,32000000,256000000,216000000,216000000,216000000,0,272000000,224000000,202000000,290000000,84000000,119000000,127000000,100000000,237000000,652000000,202000000,228000000,2957000000,2860000000,3648000000,3616000000,3795000000,3109000000,3097000000,2924000000,2952000000,2919000000,2979000000,3143000000,2915000000,3584000000,3466000000,3896000000,9156000000,8814000000,4818000000,4818000000,4818000000,4818000000,4818000000,4818000000
171,리스사,13220,롯데오토리스㈜,B,SK024,유형자산 보유현황,A,유형자산 계,,,,,,,,,,,,,,,,,,90000000,121000000,97000000,126000000,127000000,129000000,131000000,86000000,121000000,152000000,146000000,138000000,131000000,122000000,113000000,160000000,240000000,122000000,110000000,96000000,90000000,159000000,203000000,100000000,335000000,345000000,358000000,1105000000,1100000000,1100000000,1310000000,1265000000,1500000000,1481000000,1360000000,1455000000,1491000000,1491000000,1433000000,1461000000,1314000000,1303000000,1219000000,1690000000,2173000000,2180000000,1269000000,1328000000,1337000000,1337000000,1359000000
172,리스사,13220,롯데오토리스㈜,B,SK024,유형자산 보유현황,A1,(감가상각누계액 등),,,,,,,,,,,,,,,,,,3000000,18000000,24000000,31000000,37000000,-44000000,50000000,56000000,63000000,74000000,84000000,95000000,106000000,118000000,129000000,141000000,154000000,167000000,181000000,195000000,206000000,216000000,225000000,235000000,245000000,256000000,267000000,382000000,502000000,620000000,583000000,559000000,506000000,610000000,623000000,729000000,845000000,973000000,1093000000,1200000000,761000000,874000000,853000000,893000000,658000000,623000000,768000000,916000000,610000000,778000000,900000000
173,리스사,13220,롯데오토리스㈜,B,SK024,유형자산 보유현황,A3,토지,,,,,,,,,,,,,,,,,, ,0,0, ,0, ,0,0, , , , , , , , , , , , , , , , , , , , , , , , , , , , , , , , , , , , , , , , , , , 
174,리스사,13220,롯데오토리스㈜,B,SK024,유형자산 보유현황,A4,건물,,,,,,,,,,,,,,,,,, ,0,0, ,0, ,0,0, , , , , , , , , , , , , , , , , , , , , , , , , , , , , , , , , , , , , , , , , , , 
175,리스사,13220,롯데오토리스㈜,B,SK024,유형자산 보유현황,A5,임차점포시설물,,,,,,,,,,,,,,,,,, ,0,0, ,0, ,0,0, , , , , , , , , , , , , , , , , , , , , , , , , , , , , , , , , , , , , , , , , , , 
176,리스사,13220,롯데오토리스㈜,B,SK024,유형자산 보유현황,A6,비품,,,,,,,,,,,,,,,,,,93000000,93000000,108000000,112000000,114000000,116000000,118000000,129000000,170000000,212000000,217000000,219000000,224000000,226000000,228000000,228000000,262000000,276000000,278000000,278000000,283000000,284000000,294000000,322000000,322000000,331000000,334000000,349000000,350000000,351000000,365000000,368000000,354000000,354000000,354000000,341000000,341000000,341000000,341000000,350000000,362000000,363000000,374000000,362000000,379000000,382000000,382000000,382000000,383000000,383000000,383000000
177,리스사,13220,롯데오토리스㈜,B,SK024,유형자산 보유현황,A7,차량운반구,,,,,,,,,,,,,,,,,, ,14000000,14000000,14000000,14000000,14000000,14000000,14000000,14000000,14000000,14000000,14000000,14000000,14000000,14000000,14000000,14000000,14000000,14000000,14000000,14000000,14000000,14000000,14000000,14000000,14000000,14000000,14000000,14000000,14000000,14000000,14000000,14000000,14000000,14000000, , , , , , , , , , , , , , , , 
178,리스사,13220,롯데오토리스㈜,B,SK024,유형자산 보유현황,A8,건설중인 자산,,,,,,,,,,,,,,,,,, ,15000000,0, ,0, ,0,0, , , , , , , ,59000000,117000000, , , , ,77000000,120000000, , , ,10000000,10000000,10000000,10000000,325000000,410000000,10000000,10000000,10000000,10000000,61000000,61000000,10000000,29000000,10000000, , ,400000000,800000000,911000000, , , , , 
179,리스사,13220,롯데오토리스㈜,B,SK024,유형자산 보유현황,A9,기타,,,,,,,,,,,,,,,,,, ,0,0, ,0, ,0,0, , , , , , , , , , , , , , , , , , , ,732000000,726000000,726000000,607000000,474000000,1122000000,1103000000,982000000,1104000000,1090000000,1090000000,1082000000,1082000000,942000000,940000000,845000000,928000000,995000000,887000000,887000000,946000000,954000000,954000000,976000000
180,리스사,13405,한컴밸류인베스트먼트㈜,B,SK024,유형자산 보유현황,A,유형자산 계,,,,,,,,,,,,,,,,,,,,,,,97000000,929000000,2119000000,2212000000,2212000000,2215000000,2131000000,2348000000,2325000000,2325000000,1893000000,1893000000,1893000000,1893000000,1893000000,1893000000,537000000,442000000,348000000,253000000,159000000,64000000,2000000,1000000,9000000,10000000,10000000,28000000,95000000,114000000,112000000,106000000,100000000,95000000,88000000,153000000,257000000,242000000,228000000,214000000,200000000,183000000,169000000,302000000,364000000,361000000
181,리스사,13405,한컴밸류인베스트먼트㈜,B,SK024,유형자산 보유현황,A1,(감가상각누계액 등),,,,,,,,,,,,,,,,,,,,,,,0,20000000,72000000,200000000,326000000,451000000,526000000,556000000,681000000,824000000,788000000,883000000,978000000,1072000000,1167000000,1262000000,0,0,0,0,0,0,0,0,0,0,0,0,0,0,0,0,0,0,0,0,0,0,0,0,0,0,0,0,0,0
182,리스사,13405,한컴밸류인베스트먼트㈜,B,SK024,유형자산 보유현황,A3,토지,,,,,,,,,,,,,,,,,,,,,,,0,0,0,0,0,0,0,0,0,0,0,0,0,0,0,0,0,0,0,0,0,0,0,0,0,0,0,0,0,0,0,0,0,0,0,0,0,0,0,0,0,0,0,0,0,0
183,리스사,13405,한컴밸류인베스트먼트㈜,B,SK024,유형자산 보유현황,A4,건물,,,,,,,,,,,,,,,,,,,,,,,0,0,0,0,0,0,0,0,0,0,0,0,0,0,0,0,0,0,0,0,0,0,0,0,0,0,0,0,0,0,0,0,0,0,0,0,0,0,0,0,0,0,0,0,0,0
184,리스사,13405,한컴밸류인베스트먼트㈜,B,SK024,유형자산 보유현황,A5,임차점포시설물,,,,,,,,,,,,,,,,,,,,,,,0,0,1491000000,1573000000,1573000000,1573000000,1573000000,1573000000,1574000000,1574000000,1574000000,1574000000,1574000000,1574000000,1574000000,1574000000,1574000000,1574000000,1574000000,1574000000,1574000000,1574000000,1574000000,1000000,1000000,1000000,1574000000,1584000000,1583000000,1583000000,1583000000,1583000000,1583000000,1583000000,1583000000,1583000000,1698000000,1698000000,1697000000,1697000000,1697000000,1688000000,1688000000,1688000000,264000000,264000000
185,리스사,13405,한컴밸류인베스트먼트㈜,B,SK024,유형자산 보유현황,A6,비품,,,,,,,,,,,,,,,,,,,,,,,3000000,18000000,324000000,335000000,335000000,338000000,321000000,321000000,324000000,324000000,319000000,319000000,319000000,319000000,319000000,319000000,319000000,319000000,319000000,319000000,319000000,319000000,319000000,4000000,13000000,13000000,330000000,339000000,348000000,348000000,352000000,353000000,354000000,356000000,356000000,356000000,358000000,358000000,359000000,359000000,360000000,360000000,360000000,361000000,132000000,153000000
186,리스사,13405,한컴밸류인베스트먼트㈜,B,SK024,유형자산 보유현황,A7,차량운반구,,,,,,,,,,,,,,,,,,,,,,,94000000,94000000,304000000,304000000,304000000,304000000,237000000,454000000,427000000,427000000,0,0,0,0,0,0,0,0,0,0,0,0,0,0,0,0,0,0,64000000,89000000,89000000,89000000,89000000,89000000,89000000,131000000,131000000,131000000,131000000,131000000,131000000,131000000,131000000,131000000,131000000,131000000
187,리스사,13405,한컴밸류인베스트먼트㈜,B,SK024,유형자산 보유현황,A8,건설중인 자산,,,,,,,,,,,,,,,,,,,,,,,0,837000000,0,0,0,0,0,0,0,0,0,0,0,0,0,0,0,0,0,0,0,0,0,0,0,0,0,0,0,0,0,0,0,0,0,0,0,0,0,0,0,0,0,148000000,0,0
188,리스사,13405,한컴밸류인베스트먼트㈜,B,SK024,유형자산 보유현황,A9,기타,,,,,,,,,,,,,,,,,,,,,,,0,0,0,0,0,0,0,0,0,0,0,0,0,0,0,0,0,0,0,0,0,0,0,0,0,0,0,0,0,0,0,0,0,0,0,0,0,0,0,0,0,0,0,0,0,0
189,리스사,13411,도이치파이낸셜㈜,B,SK024,유형자산 보유현황,A,유형자산 계,,,,,,,,,,,,,,,,,,,,,,,162000000,530000000,614000000,614000000,653000000,809000000,682000000,753000000,682000000,682000000,569000000,510000000,510000000,479000000,479000000,529000000,525000000,545000000,545000000,545000000,545000000,670000000,757000000,1104000000,1133000000,1732000000,1797000000,2474000000,2479000000,2635000000,2666000000,2844000000,2896000000,2896000000,2896000000,3023000000,1284000000,1462000000,1462000000,1468000000,1468000000,1483000000,2477000000,2471000000,2471000000,2504000000
190,리스사,13411,도이치파이낸셜㈜,B,SK024,유형자산 보유현황,A1,(감가상각누계액 등),,,,,,,,,,,,,,,,,,,,,,,0,-43000000,-67000000,-98000000,-129000000,-159000000,-192000000,-226000000,-260000000,-295000000,-273000000,-272000000,-297000000,-220000000,-244000000,-268000000,-161000000,-30000000,57000000,85000000,112000000,141000000,194000000,253000000,339000000,550000000,659000000,781000000,928000000,1047000000,1205000000,1373000000,1545000000,1718000000,1892000000,1045000000,927000000,990000000,1036000000,1082000000,1128000000,1173000000,1230000000,1312000000,1391000000,1471000000
191,리스사,13411,도이치파이낸셜㈜,B,SK024,유형자산 보유현황,A3,토지,,,,,,,,,,,,,,,,,,,,,,, , ,0,0,0,0,0,0,0,0,0,0,0,0,0,0,0,0,0,0,0,0,0,0,0,0,0,0,0,0,0,0,0,0,0,0,0,0,0,0,0,0,0,0,0,0
192,리스사,13411,도이치파이낸셜㈜,B,SK024,유형자산 보유현황,A4,건물,,,,,,,,,,,,,,,,,,,,,,, , ,0,0,0,0,0,0,0,0,0,0,0,0,0,0,0,0,0,0,0,0,0,0,0,0,0,0,0,0,0,0,0,0,0,0,0,0,0,0,0,0,0,0,0,0
193,리스사,13411,도이치파이낸셜㈜,B,SK024,유형자산 보유현황,A5,임차점포시설물,,,,,,,,,,,,,,,,,,,,,,,110000000,110000000,173000000,173000000,173000000,173000000,173000000,173000000,173000000,173000000,173000000,173000000,173000000,173000000,173000000,173000000,0,323000000,323000000,323000000,323000000,323000000,323000000,323000000,323000000,323000000,323000000,469000000,469000000,479000000,479000000,531000000,542000000,542000000,542000000,542000000,542000000,542000000,542000000,542000000,542000000,554000000,554000000,554000000,554000000,563000000
194,리스사,13411,도이치파이낸셜㈜,B,SK024,유형자산 보유현황,A6,비품,,,,,,,,,,,,,,,,,,,,,,,59000000,59000000,83000000,83000000,83000000,83000000,83000000,83000000,83000000,83000000,83000000,83000000,83000000,83000000,83000000,83000000,298000000,222000000,222000000,222000000,222000000,228000000,228000000,441000000,441000000,455000000,455000000,479000000,483000000,506000000,537000000,599000000,623000000,623000000,623000000,623000000,623000000,801000000,801000000,807000000,807000000,811000000,1805000000,1799000000,1799000000,1823000000
195,리스사,13411,도이치파이낸셜㈜,B,SK024,유형자산 보유현황,A7,차량운반구,,,,,,,,,,,,,,,,,,,,,,, ,361000000,358000000,358000000,358000000,357000000,426000000,426000000,426000000,426000000,312000000,254000000,254000000,223000000,223000000,223000000,223000000,0,0,0,0,119000000,119000000,119000000,119000000,119000000,119000000,119000000,119000000,119000000,119000000,119000000,119000000,119000000,119000000,119000000,119000000,119000000,119000000,119000000,119000000,119000000,119000000,119000000,119000000,119000000
196,리스사,13411,도이치파이낸셜㈜,B,SK024,유형자산 보유현황,A8,건설중인 자산,,,,,,,,,,,,,,,,,,,,,,, , ,0,0,39000000,196000000,0,72000000,0,0,0,0,0,0,0,50000000,4000000,0,0,0,0,0,0,0,0,0,0,0,0,0,0,0,0,0,0,0,0,0,0,0,0,0,0,0,0,0
197,리스사,13411,도이치파이낸셜㈜,B,SK024,유형자산 보유현황,A9,기타,,,,,,,,,,,,,,,,,,,,,,, , ,0,0,0,0,0,0,0,0,0,0,0,0,0,0,0,0,0,0,0,0,87000000,222000000,250000000,835000000,900000000,1408000000,1408000000,1531000000,1531000000,1597000000,1611000000,1611000000,1611000000,1739000000,0,0,0,0,0,0,0,0,0,0
198,리스사,13508,포르쉐파이낸셜서비스코리아㈜,B,SK024,유형자산 보유현황,A,유형자산 계,,,,,,,,,,,,,,,,,,,,,,,,,,462000000,511000000,484000000,457000000,434000000,407000000,381000000,357000000,473000000,386000000,355000000,325000000,305000000,272000000,434000000,402000000,369000000,333000000,328000000,301000000,276000000,270000000,250000000,305000000,311000000,262000000,244000000,287000000,216000000,220000000,200000000,176000000,134000000,1007000000,3400000000,3400000000,3402000000,3403000000,3458000000,3428000000,3286000000,3277000000,4513000000
199,리스사,13508,포르쉐파이낸셜서비스코리아㈜,B,SK024,유형자산 보유현황,A1,(감가상각누계액 등),,,,,,,,,,,,,,,,,,,,,,,,,, , , , , , , , , , , , , , , , , , , , , , , , , , , , ,0, , , , , ,894000000,1068000000,1244000000,1421000000,1524000000,1662000000,1660000000,1782000000,1982000000
200,리스사,13508,포르쉐파이낸셜서비스코리아㈜,B,SK024,유형자산 보유현황,A3,토지,,,,,,,,,,,,,,,,,,,,,,,,,, , , , , , , , , , , , , , , , , , , , , , , , , , , , ,0, , , , , ,0,0,0,0,0, ,0,0,0
201,리스사,13508,포르쉐파이낸셜서비스코리아㈜,B,SK024,유형자산 보유현황,A4,건물,,,,,,,,,,,,,,,,,,,,,,,,,, , , , , , , , , , , , , , , , , , , , , , , , , , , , ,0, , , , , ,0,0,0,0,0, ,0,0,0
202,리스사,13508,포르쉐파이낸셜서비스코리아㈜,B,SK024,유형자산 보유현황,A5,임차점포시설물,,,,,,,,,,,,,,,,,,,,,,,,,, , , , , , , , , , , , , , , , , , , , , , , , , , , , ,0, , , , , ,0,0,0,0,0,0,0,0,0
203,리스사,13508,포르쉐파이낸셜서비스코리아㈜,B,SK024,유형자산 보유현황,A6,비품,,,,,,,,,,,,,,,,,,,,,,,,,,238000000,316000000,316000000,318000000,323000000,325000000,328000000,332000000,332000000,338000000,338000000,339000000,350000000,350000000,421000000,425000000,427000000,427000000,428000000,433000000,433000000,445000000,445000000,471000000,503000000,519000000,523000000,591000000,592000000,591000000,593000000,588000000,491000000,1384000000,1390000000,1390000000,1392000000,1393000000,1401000000,1410000000,1411000000,1438000000,2693000000
204,리스사,13508,포르쉐파이낸셜서비스코리아㈜,B,SK024,유형자산 보유현황,A7,차량운반구,,,,,,,,,,,,,,,,,,,,,,,,,,248000000,248000000,248000000,248000000,248000000,248000000,248000000,248000000,396000000,284000000,284000000,284000000,284000000,284000000,281000000,281000000,281000000,281000000,207000000,207000000,207000000,207000000,207000000,256000000,256000000,207000000,207000000,207000000,108000000,108000000,108000000,108000000,0,0,0,0,0,0,0,0,0,0,0
205,리스사,13508,포르쉐파이낸셜서비스코리아㈜,B,SK024,유형자산 보유현황,A8,건설중인 자산,,,,,,,,,,,,,,,,,,,,,,,,,, , , , , , , , , , , , , , , , , , , ,0, , ,0,0,0,0, , , ,0,0, , , ,0,0,0,0,0,0,0,0,0
206,리스사,13508,포르쉐파이낸셜서비스코리아㈜,B,SK024,유형자산 보유현황,A9,기타,,,,,,,,,,,,,,,,,,,,,,,,,, , , , , , , , , , , , , , , , , , , ,0, , ,0,0,0,0, , , ,0,0, , , ,2010000000,2010000000,2010000000,2010000000,2057000000,2018000000,1875000000,1839000000,1820000000
207,리스사,13706,한국투자캐피탈㈜,B,SK024,유형자산 보유현황,A,유형자산 계,,,,,,,,,,,,,,,,,,,,,,,,,,,,179000000,529000000,507000000,480000000,452000000,424000000,397000000,369000000,513000000,640000000,602000000,557000000,397000000,1416000000,1356000000,1374000000,1602000000,2285000000,2348000000,2091000000,2145000000,1926000000,1756000000,1557000000,1336000000,2385000000,2782000000,2513000000,2249000000,2037000000,1794000000,1507000000,1240000000,1171000000,1056000000,827000000,829000000,4818000000,4773000000,7960000000,7551000000
208,리스사,13706,한국투자캐피탈㈜,B,SK024,유형자산 보유현황,A1,(감가상각누계액 등),,,,,,,,,,,,,,,,,,,,,,,,,,,,0,0,0,0,0,0,0,0,0,0,0,0, ,0, , , , ,0, ,0,0,0,0, ,0,0,0,0,0, , , ,0,0,0,0,0,0,0,0
209,리스사,13706,한국투자캐피탈㈜,B,SK024,유형자산 보유현황,A3,토지,,,,,,,,,,,,,,,,,,,,,,,,,,,,0,0,0,0,0,0,0,0,0,0,0,0, ,0, , , , ,0, ,0,0,0,0, ,0,0,0,0,0, , , ,0,0,0,0,0,0,0,0
210,리스사,13706,한국투자캐피탈㈜,B,SK024,유형자산 보유현황,A4,건물,,,,,,,,,,,,,,,,,,,,,,,,,,,,0,0,0,0,0,0,0,0,0,0,0,0, ,0, , , , ,0, ,0,0,0,0, ,0,0,0,0,0, , , ,0,0,0,0,0,0,0,0
211,리스사,13706,한국투자캐피탈㈜,B,SK024,유형자산 보유현황,A5,임차점포시설물,,,,,,,,,,,,,,,,,,,,,,,,,,,,0,0,0,0,0,0,0,0,0,0,0,0, ,0, , ,167000000,167000000,167000000,167000000,167000000,167000000,167000000,167000000,167000000,167000000,114000000,114000000,114000000,114000000,114000000,114000000,114000000,127000000,127000000,127000000,181000000,348000000,348000000,383000000,383000000
212,리스사,13706,한국투자캐피탈㈜,B,SK024,유형자산 보유현황,A6,비품,,,,,,,,,,,,,,,,,,,,,,,,,,,,47000000,412000000,418000000,418000000,418000000,418000000,418000000,418000000,592000000,614000000,618000000,618000000,677000000,1472000000,1503000000,1602000000,1814000000,1838000000,1903000000,1908000000,2232000000,2233000000,2233000000,2233000000,2239000000,2241000000,2330000000,2330000000,2357000000,2363000000,2388000000,2388000000,2410000000,2434000000,2436000000,2448000000,2560000000,2579000000,2761000000,4842000000,4892000000
213,리스사,13706,한국투자캐피탈㈜,B,SK024,유형자산 보유현황,A7,차량운반구,,,,,,,,,,,,,,,,,,,,,,,,,,,,0,0,0,0,0,0,0,0,0,0,0,0, ,0, ,15000000,15000000,15000000,15000000,15000000,15000000,32000000,32000000,32000000,32000000,32000000,32000000,32000000,32000000,32000000,32000000,32000000,32000000,17000000,17000000,17000000,17000000,17000000,17000000,17000000,0
214,리스사,13706,한국투자캐피탈㈜,B,SK024,유형자산 보유현황,A8,건설중인 자산,,,,,,,,,,,,,,,,,,,,,,,,,,,,0,0,0,0,0,0,0,0,0,0,0,0, ,0, , , , ,0, ,0,0,0,0, ,0,0,0,0,0, , , ,0,0,0,0,0,0,0,0
215,리스사,13706,한국투자캐피탈㈜,B,SK024,유형자산 보유현황,A9,기타,,,,,,,,,,,,,,,,,,,,,,,,,,,,135000000,135000000,135000000,135000000,135000000,135000000,135000000,135000000,135000000,280000000,283000000,283000000,2000000,316000000,316000000,316000000,316000000,1204000000,1462000000,1462000000,1465000000,1495000000,1532000000,1566000000,1599000000,1974000000,2449000000,2472000000,2472000000,2487000000,2487000000,2487000000,2487000000,2593000000,2645000000,2585000000,2697000000,5157000000,5249000000,6663000000,6698000000
216,리스사,15296,㈜파이오니어인베스트먼트,B,SK024,유형자산 보유현황,A,유형자산 계,,,,,,,,,,,,,,,,,,,,,,,,,,,,,,,,,,,,,,634000000,318000000,301000000,302000000,323000000,324000000,324000000,324000000,323000000,323000000,324000000,324000000,323000000,323000000,323000000,326000000,325000000,325000000,325000000,325000000,325000000,325000000,325000000,325000000,325000000,325000000,88000000,88000000,142000000,142000000,152000000
217,리스사,15296,㈜파이오니어인베스트먼트,B,SK024,유형자산 보유현황,A1,(감가상각누계액 등),,,,,,,,,,,,,,,,,,,,,,,,,,,,,,,,,,,,,,0,14000000,26000000,39000000,52000000,66000000,79000000,93000000,106000000,120000000,133000000,147000000,160000000,173000000,187000000,199000000,213000000,226000000,239000000,254000000,266000000,280000000,294000000,307000000,319000000,320000000,77000000,79000000,83000000,88000000,93000000
218,리스사,15296,㈜파이오니어인베스트먼트,B,SK024,유형자산 보유현황,A3,토지,,,,,,,,,,,,,,,,,,,,,,,,,,,,,,,,,,,,,,0,0,0,0,0,0,0,0,0,0,0,0,0,0,0,0,0,0,0,0,0,0,0,0,0,0,0, ,0,0,0
219,리스사,15296,㈜파이오니어인베스트먼트,B,SK024,유형자산 보유현황,A4,건물,,,,,,,,,,,,,,,,,,,,,,,,,,,,,,,,,,,,,,0,0,0,0,0,0,0,0,0,0,0,0,0,0,0,0,0,0,0,0,0,0,0,0,0,0,0, ,0,0,0
220,리스사,15296,㈜파이오니어인베스트먼트,B,SK024,유형자산 보유현황,A5,임차점포시설물,,,,,,,,,,,,,,,,,,,,,,,,,,,,,,,,,,,,,,0,0,0,0,0,0,0,0,0,0,0,0,0,0,0,0,0,0,0,0,0,0,0,0,0,0,0, ,0,0,0
221,리스사,15296,㈜파이오니어인베스트먼트,B,SK024,유형자산 보유현황,A6,비품,,,,,,,,,,,,,,,,,,,,,,,,,,,,,,,,,,,,,,50000000,55000000,57000000,58000000,60000000,60000000,60000000,60000000,59000000,60000000,60000000,60000000,60000000,60000000,60000000,62000000,62000000,62000000,62000000,61000000,62000000,62000000,62000000,62000000,62000000,62000000,69000000,69000000,69000000,69000000,79000000
222,리스사,15296,㈜파이오니어인베스트먼트,B,SK024,유형자산 보유현황,A7,차량운반구,,,,,,,,,,,,,,,,,,,,,,,,,,,,,,,,,,,,,,0,0,0,0,0,0,0,0,0,0,0,0,0,0,0,0,0,0,0,0,0,0,0,0,0,0,0, ,0,0,0
223,리스사,15296,㈜파이오니어인베스트먼트,B,SK024,유형자산 보유현황,A8,건설중인 자산,,,,,,,,,,,,,,,,,,,,,,,,,,,,,,,,,,,,,,566000000,24000000,0,0,0,0,0,0,0,0,0,0,0,0,0,0,0,0,0,0,0,0,0,0,0,0,0, ,0,0,0
224,리스사,15296,㈜파이오니어인베스트먼트,B,SK024,유형자산 보유현황,A9,기타,,,,,,,,,,,,,,,,,,,,,,,,,,,,,,,,,,,,,,20000000,239000000,244000000,244000000,263000000,264000000,264000000,264000000,264000000,264000000,264000000,264000000,264000000,264000000,264000000,264000000,264000000,264000000,264000000,264000000,264000000,264000000,264000000,264000000,264000000,264000000,19000000,19000000,73000000,73000000,73000000
225,리스사,17074,리딩에이스캐피탈㈜,B,SK024,유형자산 보유현황,A,유형자산 계,,,,,,,,,,,,,,,,,,,,,,,,,,,,,,,,,,,,,,,,,,,,,,,,329000000,306000000,288000000,266000000,383000000,348000000,474000000,476000000,482000000,562000000,300000000,1518000000,1531000000,1583000000,1618000000,1656000000,1656000000,1661000000,1706000000,1738000000,1738000000
226,리스사,17074,리딩에이스캐피탈㈜,B,SK024,유형자산 보유현황,A1,(감가상각누계액 등),,,,,,,,,,,,,,,,,,,,,,,,,,,,,,,,,,,,,,,,,,,,,,,, , , , ,132000000,131000000,130000000,158000000,185000000,218000000,103000000,153000000,232000000,320000000,405000000,492000000,578000000,667000000,667000000,749000000,837000000
227,리스사,17074,리딩에이스캐피탈㈜,B,SK024,유형자산 보유현황,A3,토지,,,,,,,,,,,,,,,,,,,,,,,,,,,,,,,,,,,,,,,,,,,,,,,, , , , , , , , ,0,0, , , , , , , , , ,0, 
228,리스사,17074,리딩에이스캐피탈㈜,B,SK024,유형자산 보유현황,A4,건물,,,,,,,,,,,,,,,,,,,,,,,,,,,,,,,,,,,,,,,,,,,,,,,,215000000,203000000,191000000,179000000,234000000,234000000,234000000,234000000,234000000,234000000, ,959000000,959000000,959000000,959000000,959000000,959000000,959000000,959000000,959000000,959000000
229,리스사,17074,리딩에이스캐피탈㈜,B,SK024,유형자산 보유현황,A5,임차점포시설물,,,,,,,,,,,,,,,,,,,,,,,,,,,,,,,,,,,,,,,,,,,,,,,, , , , , , , , ,0,0,47000000,165000000,165000000,165000000,165000000,165000000,165000000,165000000,173000000,173000000,173000000
230,리스사,17074,리딩에이스캐피탈㈜,B,SK024,유형자산 보유현황,A6,비품,,,,,,,,,,,,,,,,,,,,,,,,,,,,,,,,,,,,,,,,,,,,,,,,28000000,26000000,29000000,28000000,43000000,43000000,81000000,84000000,90000000,170000000,169000000,194000000,207000000,207000000,207000000,214000000,214000000,219000000,235000000,241000000,241000000
231,리스사,17074,리딩에이스캐피탈㈜,B,SK024,유형자산 보유현황,A7,차량운반구,,,,,,,,,,,,,,,,,,,,,,,,,,,,,,,,,,,,,,,,,,,,,,,,46000000,39000000,32000000,25000000,60000000,25000000,112000000,112000000,112000000,112000000,84000000,158000000,158000000,158000000,193000000,224000000,224000000,224000000,245000000,271000000,271000000
232,리스사,17074,리딩에이스캐피탈㈜,B,SK024,유형자산 보유현황,A8,건설중인 자산,,,,,,,,,,,,,,,,,,,,,,,,,,,,,,,,,,,,,,,,,,,,,,,, , , , , , , , ,0,0, , , , , , , , , ,0, 
233,리스사,17074,리딩에이스캐피탈㈜,B,SK024,유형자산 보유현황,A9,기타,,,,,,,,,,,,,,,,,,,,,,,,,,,,,,,,,,,,,,,,,,,,,,,,40000000,38000000,36000000,34000000,47000000,47000000,47000000,47000000,47000000,47000000, ,42000000,42000000,94000000,94000000,94000000,94000000,94000000,94000000,94000000,94000000
234,리스사,20610,㈜노스이스트에비에이션캐피탈,B,SK024,유형자산 보유현황,A,유형자산 계,,,,,,,,,,,,,,,,,,,,,,,,,,,,,,,,,,,,,,,,,,,,,,,,,,,,,,,,,,,,,,,,,,20000000,19000000,18000000
235,리스사,20610,㈜노스이스트에비에이션캐피탈,B,SK024,유형자산 보유현황,A1,(감가상각누계액 등),,,,,,,,,,,,,,,,,,,,,,,,,,,,,,,,,,,,,,,,,,,,,,,,,,,,,,,,,,,,,,,,,, , , 
236,리스사,20610,㈜노스이스트에비에이션캐피탈,B,SK024,유형자산 보유현황,A3,토지,,,,,,,,,,,,,,,,,,,,,,,,,,,,,,,,,,,,,,,,,,,,,,,,,,,,,,,,,,,,,,,,,, , , 
237,리스사,20610,㈜노스이스트에비에이션캐피탈,B,SK024,유형자산 보유현황,A4,건물,,,,,,,,,,,,,,,,,,,,,,,,,,,,,,,,,,,,,,,,,,,,,,,,,,,,,,,,,,,,,,,,,, , , 
238,리스사,20610,㈜노스이스트에비에이션캐피탈,B,SK024,유형자산 보유현황,A5,임차점포시설물,,,,,,,,,,,,,,,,,,,,,,,,,,,,,,,,,,,,,,,,,,,,,,,,,,,,,,,,,,,,,,,,,, , , 
239,리스사,20610,㈜노스이스트에비에이션캐피탈,B,SK024,유형자산 보유현황,A6,비품,,,,,,,,,,,,,,,,,,,,,,,,,,,,,,,,,,,,,,,,,,,,,,,,,,,,,,,,,,,,,,,,,,27000000,27000000,27000000
240,리스사,20610,㈜노스이스트에비에이션캐피탈,B,SK024,유형자산 보유현황,A7,차량운반구,,,,,,,,,,,,,,,,,,,,,,,,,,,,,,,,,,,,,,,,,,,,,,,,,,,,,,,,,,,,,,,,,, , , 
241,리스사,20610,㈜노스이스트에비에이션캐피탈,B,SK024,유형자산 보유현황,A8,건설중인 자산,,,,,,,,,,,,,,,,,,,,,,,,,,,,,,,,,,,,,,,,,,,,,,,,,,,,,,,,,,,,,,,,,, , , 
242,리스사,20610,㈜노스이스트에비에이션캐피탈,B,SK024,유형자산 보유현황,A9,기타,,,,,,,,,,,,,,,,,,,,,,,,,,,,,,,,,,,,,,,,,,,,,,,,,,,,,,,,,,,,,,,,,, , , 
