,년월,금융회사코드,금융회사명,코드,구분,당분기,누계,금융구분,통계분류,통계표코드,통계표명
0,201703,0010636,DB손해보험주식회사,A,파생상품 관련 손익,440474740000,440474740000,국내일반손보사,B,SI023,부문별 손익(파생상품)
1,201703,0010636,DB손해보험주식회사,A1,파생상품 관련 이익,456089735000,456089735000,국내일반손보사,B,SI023,부문별 손익(파생상품)
2,201703,0010636,DB손해보험주식회사,A11,파생상품 관련 이익_파생상품 거래 이익,129065582000,129065582000,국내일반손보사,B,SI023,부문별 손익(파생상품)
3,201703,0010636,DB손해보험주식회사,A12,파생상품 관련 이익_파생상품 평가 이익,327024153000,327024153000,국내일반손보사,B,SI023,부문별 손익(파생상품)
4,201703,0010636,DB손해보험주식회사,A2,파생상품 관련 손실,15614995000,15614995000,국내일반손보사,B,SI023,부문별 손익(파생상품)
5,201703,0010636,DB손해보험주식회사,A21,파생상품 관련 손실_파생상품 거래 손실,14947642000,14947642000,국내일반손보사,B,SI023,부문별 손익(파생상품)
6,201703,0010636,DB손해보험주식회사,A22,파생상품 평가 손실,667353000,667353000,국내일반손보사,B,SI023,부문별 손익(파생상품)
7,201706,0010636,DB손해보험주식회사,A,파생상품 관련 손익,-141548689000,298926051000,국내일반손보사,B,SI023,부문별 손익(파생상품)
8,201706,0010636,DB손해보험주식회사,A1,파생상품 관련 이익,-20259659000,435830076000,국내일반손보사,B,SI023,부문별 손익(파생상품)
9,201706,0010636,DB손해보험주식회사,A11,파생상품 관련 이익_파생상품 거래 이익,181605739000,310671321000,국내일반손보사,B,SI023,부문별 손익(파생상품)
10,201706,0010636,DB손해보험주식회사,A12,파생상품 관련 이익_파생상품 평가 이익,-201865398000,125158755000,국내일반손보사,B,SI023,부문별 손익(파생상품)
11,201706,0010636,DB손해보험주식회사,A2,파생상품 관련 손실,121289030000,136904025000,국내일반손보사,B,SI023,부문별 손익(파생상품)
12,201706,0010636,DB손해보험주식회사,A21,파생상품 관련 손실_파생상품 거래 손실,85346476000,100294118000,국내일반손보사,B,SI023,부문별 손익(파생상품)
13,201706,0010636,DB손해보험주식회사,A22,파생상품 평가 손실,35942554000,36609907000,국내일반손보사,B,SI023,부문별 손익(파생상품)
14,201709,0010636,DB손해보험주식회사,A,파생상품 관련 손익,-55372254000,243553797000,국내일반손보사,B,SI023,부문별 손익(파생상품)
15,201709,0010636,DB손해보험주식회사,A1,파생상품 관련 이익,62239744000,498069820000,국내일반손보사,B,SI023,부문별 손익(파생상품)
16,201709,0010636,DB손해보험주식회사,A11,파생상품 관련 이익_파생상품 거래 이익,131704857000,442376178000,국내일반손보사,B,SI023,부문별 손익(파생상품)
17,201709,0010636,DB손해보험주식회사,A12,파생상품 관련 이익_파생상품 평가 이익,-69465113000,55693642000,국내일반손보사,B,SI023,부문별 손익(파생상품)
18,201709,0010636,DB손해보험주식회사,A2,파생상품 관련 손실,117611998000,254516023000,국내일반손보사,B,SI023,부문별 손익(파생상품)
19,201709,0010636,DB손해보험주식회사,A21,파생상품 관련 손실_파생상품 거래 손실,77732045000,178026163000,국내일반손보사,B,SI023,부문별 손익(파생상품)
20,201709,0010636,DB손해보험주식회사,A22,파생상품 평가 손실,39879953000,76489860000,국내일반손보사,B,SI023,부문별 손익(파생상품)
21,201712,0010636,DB손해보험주식회사,A,파생상품 관련 손익,383987644000,627541441000,국내일반손보사,B,SI023,부문별 손익(파생상품)
22,201712,0010636,DB손해보험주식회사,A1,파생상품 관련 이익,344221670000,842291490000,국내일반손보사,B,SI023,부문별 손익(파생상품)
23,201712,0010636,DB손해보험주식회사,A11,파생상품 관련 이익_파생상품 거래 이익,137378924000,579755102000,국내일반손보사,B,SI023,부문별 손익(파생상품)
24,201712,0010636,DB손해보험주식회사,A12,파생상품 관련 이익_파생상품 평가 이익,206842746000,262536388000,국내일반손보사,B,SI023,부문별 손익(파생상품)
25,201712,0010636,DB손해보험주식회사,A2,파생상품 관련 손실,-39765974000,214750049000,국내일반손보사,B,SI023,부문별 손익(파생상품)
26,201712,0010636,DB손해보험주식회사,A21,파생상품 관련 손실_파생상품 거래 손실,33706356000,211732519000,국내일반손보사,B,SI023,부문별 손익(파생상품)
27,201712,0010636,DB손해보험주식회사,A22,파생상품 평가 손실,-73472330000,3017530000,국내일반손보사,B,SI023,부문별 손익(파생상품)
28,201803,0010636,DB손해보험주식회사,A,파생상품 관련 손익,30739417000,30739417000,국내일반손보사,B,SI023,부문별 손익(파생상품)
29,201803,0010636,DB손해보험주식회사,A1,파생상품 관련 이익,127705640000,127705640000,국내일반손보사,B,SI023,부문별 손익(파생상품)
30,201803,0010636,DB손해보험주식회사,A11,파생상품 관련 이익_파생상품 거래 이익,91648462000,91648462000,국내일반손보사,B,SI023,부문별 손익(파생상품)
31,201803,0010636,DB손해보험주식회사,A12,파생상품 관련 이익_파생상품 평가 이익,36057178000,36057178000,국내일반손보사,B,SI023,부문별 손익(파생상품)
32,201803,0010636,DB손해보험주식회사,A2,파생상품 관련 손실,96966223000,96966223000,국내일반손보사,B,SI023,부문별 손익(파생상품)
33,201803,0010636,DB손해보험주식회사,A21,파생상품 관련 손실_파생상품 거래 손실,92603471000,92603471000,국내일반손보사,B,SI023,부문별 손익(파생상품)
34,201803,0010636,DB손해보험주식회사,A22,파생상품 평가 손실,4362752000,4362752000,국내일반손보사,B,SI023,부문별 손익(파생상품)
35,201806,0010636,DB손해보험주식회사,A,파생상품 관련 손익,-269316073000,-238576656000,국내일반손보사,B,SI023,부문별 손익(파생상품)
36,201806,0010636,DB손해보험주식회사,A1,파생상품 관련 이익,58583998000,186289638000,국내일반손보사,B,SI023,부문별 손익(파생상품)
37,201806,0010636,DB손해보험주식회사,A11,파생상품 관련 이익_파생상품 거래 이익,77847163000,169495625000,국내일반손보사,B,SI023,부문별 손익(파생상품)
38,201806,0010636,DB손해보험주식회사,A12,파생상품 관련 이익_파생상품 평가 이익,-19263165000,16794013000,국내일반손보사,B,SI023,부문별 손익(파생상품)
39,201806,0010636,DB손해보험주식회사,A2,파생상품 관련 손실,327900071000,424866294000,국내일반손보사,B,SI023,부문별 손익(파생상품)
40,201806,0010636,DB손해보험주식회사,A21,파생상품 관련 손실_파생상품 거래 손실,114834227000,207437698000,국내일반손보사,B,SI023,부문별 손익(파생상품)
41,201806,0010636,DB손해보험주식회사,A22,파생상품 평가 손실,213065844000,217428596000,국내일반손보사,B,SI023,부문별 손익(파생상품)
42,201809,0010636,DB손해보험주식회사,A,파생상품 관련 손익,35841667000,-202734989000,국내일반손보사,B,SI023,부문별 손익(파생상품)
43,201809,0010636,DB손해보험주식회사,A1,파생상품 관련 이익,69044938000,255334576000,국내일반손보사,B,SI023,부문별 손익(파생상품)
44,201809,0010636,DB손해보험주식회사,A11,파생상품 관련 이익_파생상품 거래 이익,46714191000,216209816000,국내일반손보사,B,SI023,부문별 손익(파생상품)
45,201809,0010636,DB손해보험주식회사,A12,파생상품 관련 이익_파생상품 평가 이익,22330747000,39124760000,국내일반손보사,B,SI023,부문별 손익(파생상품)
46,201809,0010636,DB손해보험주식회사,A2,파생상품 관련 손실,33203271000,458069565000,국내일반손보사,B,SI023,부문별 손익(파생상품)
47,201809,0010636,DB손해보험주식회사,A21,파생상품 관련 손실_파생상품 거래 손실,139630680000,347068378000,국내일반손보사,B,SI023,부문별 손익(파생상품)
48,201809,0010636,DB손해보험주식회사,A22,파생상품 평가 손실,-106427409000,111001187000,국내일반손보사,B,SI023,부문별 손익(파생상품)
49,201812,0010636,DB손해보험주식회사,A,파생상품 관련 손익,-28168315000,-230903304000,국내일반손보사,B,SI023,부문별 손익(파생상품)
50,201812,0010636,DB손해보험주식회사,A1,파생상품 관련 이익,52627367000,307961943000,국내일반손보사,B,SI023,부문별 손익(파생상품)
51,201812,0010636,DB손해보험주식회사,A11,파생상품 관련 이익_파생상품 거래 이익,36922351000,253132167000,국내일반손보사,B,SI023,부문별 손익(파생상품)
52,201812,0010636,DB손해보험주식회사,A12,파생상품 관련 이익_파생상품 평가 이익,15705016000,54829776000,국내일반손보사,B,SI023,부문별 손익(파생상품)
53,201812,0010636,DB손해보험주식회사,A2,파생상품 관련 손실,80795682000,538865247000,국내일반손보사,B,SI023,부문별 손익(파생상품)
54,201812,0010636,DB손해보험주식회사,A21,파생상품 관련 손실_파생상품 거래 손실,101499479000,448567857000,국내일반손보사,B,SI023,부문별 손익(파생상품)
55,201812,0010636,DB손해보험주식회사,A22,파생상품 평가 손실,-20703797000,90297390000,국내일반손보사,B,SI023,부문별 손익(파생상품)
56,201903,0010636,DB손해보험주식회사,A,파생상품 관련 손익,-115018099000,-115018099000,국내일반손보사,B,SI023,부문별 손익(파생상품)
57,201903,0010636,DB손해보험주식회사,A1,파생상품 관련 이익,75360502000,75360502000,국내일반손보사,B,SI023,부문별 손익(파생상품)
58,201903,0010636,DB손해보험주식회사,A11,파생상품 관련 이익_파생상품 거래 이익,68017448000,68017448000,국내일반손보사,B,SI023,부문별 손익(파생상품)
59,201903,0010636,DB손해보험주식회사,A12,파생상품 관련 이익_파생상품 평가 이익,7343054000,7343054000,국내일반손보사,B,SI023,부문별 손익(파생상품)
60,201903,0010636,DB손해보험주식회사,A2,파생상품 관련 손실,190378601000,190378601000,국내일반손보사,B,SI023,부문별 손익(파생상품)
61,201903,0010636,DB손해보험주식회사,A21,파생상품 관련 손실_파생상품 거래 손실,102071958000,102071958000,국내일반손보사,B,SI023,부문별 손익(파생상품)
62,201903,0010636,DB손해보험주식회사,A22,파생상품 평가 손실,88306643000,88306643000,국내일반손보사,B,SI023,부문별 손익(파생상품)
63,201906,0010636,DB손해보험주식회사,A,파생상품 관련 손익,-124613085000,-239631184000,국내일반손보사,B,SI023,부문별 손익(파생상품)
64,201906,0010636,DB손해보험주식회사,A1,파생상품 관련 이익,81599070000,156959572000,국내일반손보사,B,SI023,부문별 손익(파생상품)
65,201906,0010636,DB손해보험주식회사,A11,파생상품 관련 이익_파생상품 거래 이익,44799920000,112817368000,국내일반손보사,B,SI023,부문별 손익(파생상품)
66,201906,0010636,DB손해보험주식회사,A12,파생상품 관련 이익_파생상품 평가 이익,36799150000,44142204000,국내일반손보사,B,SI023,부문별 손익(파생상품)
67,201906,0010636,DB손해보험주식회사,A2,파생상품 관련 손실,206212155000,396590756000,국내일반손보사,B,SI023,부문별 손익(파생상품)
68,201906,0010636,DB손해보험주식회사,A21,파생상품 관련 손실_파생상품 거래 손실,175928326000,278000284000,국내일반손보사,B,SI023,부문별 손익(파생상품)
69,201906,0010636,DB손해보험주식회사,A22,파생상품 평가 손실,30283829000,118590472000,국내일반손보사,B,SI023,부문별 손익(파생상품)
70,201909,0010636,DB손해보험주식회사,A,파생상품 관련 손익,-210014360000,-449645544000,국내일반손보사,B,SI023,부문별 손익(파생상품)
71,201909,0010636,DB손해보험주식회사,A1,파생상품 관련 이익,76469445000,233429017000,국내일반손보사,B,SI023,부문별 손익(파생상품)
72,201909,0010636,DB손해보험주식회사,A11,파생상품 관련 이익_파생상품 거래 이익,95000576000,207817944000,국내일반손보사,B,SI023,부문별 손익(파생상품)
73,201909,0010636,DB손해보험주식회사,A12,파생상품 관련 이익_파생상품 평가 이익,-18531131000,25611073000,국내일반손보사,B,SI023,부문별 손익(파생상품)
74,201909,0010636,DB손해보험주식회사,A2,파생상품 관련 손실,286483805000,683074561000,국내일반손보사,B,SI023,부문별 손익(파생상품)
75,201909,0010636,DB손해보험주식회사,A21,파생상품 관련 손실_파생상품 거래 손실,221877241000,499877525000,국내일반손보사,B,SI023,부문별 손익(파생상품)
76,201909,0010636,DB손해보험주식회사,A22,파생상품 평가 손실,64606564000,183197036000,국내일반손보사,B,SI023,부문별 손익(파생상품)
77,201912,0010636,DB손해보험주식회사,A,파생상품 관련 손익,190899579000,-258745965000,국내일반손보사,B,SI023,부문별 손익(파생상품)
78,201912,0010636,DB손해보험주식회사,A1,파생상품 관련 이익,138315624000,371744641000,국내일반손보사,B,SI023,부문별 손익(파생상품)
79,201912,0010636,DB손해보험주식회사,A11,파생상품 관련 이익_파생상품 거래 이익,50919821000,258737765000,국내일반손보사,B,SI023,부문별 손익(파생상품)
80,201912,0010636,DB손해보험주식회사,A12,파생상품 관련 이익_파생상품 평가 이익,87395803000,113006876000,국내일반손보사,B,SI023,부문별 손익(파생상품)
81,201912,0010636,DB손해보험주식회사,A2,파생상품 관련 손실,-52583955000,630490606000,국내일반손보사,B,SI023,부문별 손익(파생상품)
82,201912,0010636,DB손해보험주식회사,A21,파생상품 관련 손실_파생상품 거래 손실,88095537000,587973062000,국내일반손보사,B,SI023,부문별 손익(파생상품)
83,201912,0010636,DB손해보험주식회사,A22,파생상품 평가 손실,-140679492000,42517544000,국내일반손보사,B,SI023,부문별 손익(파생상품)
84,202003,0010636,DB손해보험주식회사,A,파생상품 관련 손익,-291949573000,-291949573000,국내일반손보사,B,SI023,부문별 손익(파생상품)
85,202003,0010636,DB손해보험주식회사,A1,파생상품 관련 이익,108888897000,108888897000,국내일반손보사,B,SI023,부문별 손익(파생상품)
86,202003,0010636,DB손해보험주식회사,A11,파생상품 관련 이익_파생상품 거래 이익,55519128000,55519128000,국내일반손보사,B,SI023,부문별 손익(파생상품)
87,202003,0010636,DB손해보험주식회사,A12,파생상품 관련 이익_파생상품 평가 이익,53369769000,53369769000,국내일반손보사,B,SI023,부문별 손익(파생상품)
88,202003,0010636,DB손해보험주식회사,A2,파생상품 관련 손실,400838470000,400838470000,국내일반손보사,B,SI023,부문별 손익(파생상품)
89,202003,0010636,DB손해보험주식회사,A21,파생상품 관련 손실_파생상품 거래 손실,118678200000,118678200000,국내일반손보사,B,SI023,부문별 손익(파생상품)
90,202003,0010636,DB손해보험주식회사,A22,파생상품 평가 손실,282160270000,282160270000,국내일반손보사,B,SI023,부문별 손익(파생상품)
91,202006,0010636,DB손해보험주식회사,A,파생상품 관련 손익,-12276582000,-304226155000,국내일반손보사,B,SI023,부문별 손익(파생상품)
92,202006,0010636,DB손해보험주식회사,A1,파생상품 관련 이익,20688302000,129577199000,국내일반손보사,B,SI023,부문별 손익(파생상품)
93,202006,0010636,DB손해보험주식회사,A11,파생상품 관련 이익_파생상품 거래 이익,38414148000,93933276000,국내일반손보사,B,SI023,부문별 손익(파생상품)
94,202006,0010636,DB손해보험주식회사,A12,파생상품 관련 이익_파생상품 평가 이익,-17725846000,35643923000,국내일반손보사,B,SI023,부문별 손익(파생상품)
95,202006,0010636,DB손해보험주식회사,A2,파생상품 관련 손실,32964884000,433803354000,국내일반손보사,B,SI023,부문별 손익(파생상품)
96,202006,0010636,DB손해보험주식회사,A21,파생상품 관련 손실_파생상품 거래 손실,142257876000,260936076000,국내일반손보사,B,SI023,부문별 손익(파생상품)
97,202006,0010636,DB손해보험주식회사,A22,파생상품 평가 손실,-109292992000,172867278000,국내일반손보사,B,SI023,부문별 손익(파생상품)
98,202009,0010636,DB손해보험주식회사,A,파생상품 관련 손익,51993486000,-252232669000,국내일반손보사,B,SI023,부문별 손익(파생상품)
99,202009,0010636,DB손해보험주식회사,A1,파생상품 관련 이익,104962239000,234539438000,국내일반손보사,B,SI023,부문별 손익(파생상품)
100,202009,0010636,DB손해보험주식회사,A11,파생상품 관련 이익_파생상품 거래 이익,55226988000,149160264000,국내일반손보사,B,SI023,부문별 손익(파생상품)
101,202009,0010636,DB손해보험주식회사,A12,파생상품 관련 이익_파생상품 평가 이익,49735251000,85379174000,국내일반손보사,B,SI023,부문별 손익(파생상품)
102,202009,0010636,DB손해보험주식회사,A2,파생상품 관련 손실,52968753000,486772107000,국내일반손보사,B,SI023,부문별 손익(파생상품)
103,202009,0010636,DB손해보험주식회사,A21,파생상품 관련 손실_파생상품 거래 손실,130066074000,391002150000,국내일반손보사,B,SI023,부문별 손익(파생상품)
104,202009,0010636,DB손해보험주식회사,A22,파생상품 평가 손실,-77097321000,95769957000,국내일반손보사,B,SI023,부문별 손익(파생상품)
105,202012,0010636,DB손해보험주식회사,A,파생상품 관련 손익,373685438000,121452769000,국내일반손보사,B,SI023,부문별 손익(파생상품)
106,202012,0010636,DB손해보험주식회사,A1,파생상품 관련 이익,378878830000,613418268000,국내일반손보사,B,SI023,부문별 손익(파생상품)
107,202012,0010636,DB손해보험주식회사,A11,파생상품 관련 이익_파생상품 거래 이익,121858180000,271018444000,국내일반손보사,B,SI023,부문별 손익(파생상품)
108,202012,0010636,DB손해보험주식회사,A12,파생상품 관련 이익_파생상품 평가 이익,257020650000,342399824000,국내일반손보사,B,SI023,부문별 손익(파생상품)
109,202012,0010636,DB손해보험주식회사,A2,파생상품 관련 손실,5193392000,491965499000,국내일반손보사,B,SI023,부문별 손익(파생상품)
110,202012,0010636,DB손해보험주식회사,A21,파생상품 관련 손실_파생상품 거래 손실,45197907000,436200057000,국내일반손보사,B,SI023,부문별 손익(파생상품)
111,202012,0010636,DB손해보험주식회사,A22,파생상품 평가 손실,-40004515000,55765442000,국내일반손보사,B,SI023,부문별 손익(파생상품)
112,202103,0010636,DB손해보험주식회사,A,파생상품 관련 손익,-207130788000,-207130788000,국내일반손보사,B,SI023,부문별 손익(파생상품)
113,202103,0010636,DB손해보험주식회사,A1,파생상품 관련 이익,155923755000,155923755000,국내일반손보사,B,SI023,부문별 손익(파생상품)
114,202103,0010636,DB손해보험주식회사,A11,파생상품 관련 이익_파생상품 거래 이익,138443523000,138443523000,국내일반손보사,B,SI023,부문별 손익(파생상품)
115,202103,0010636,DB손해보험주식회사,A12,파생상품 관련 이익_파생상품 평가 이익,17480232000,17480232000,국내일반손보사,B,SI023,부문별 손익(파생상품)
116,202103,0010636,DB손해보험주식회사,A2,파생상품 관련 손실,363054543000,363054543000,국내일반손보사,B,SI023,부문별 손익(파생상품)
117,202103,0010636,DB손해보험주식회사,A21,파생상품 관련 손실_파생상품 거래 손실,178806825000,178806825000,국내일반손보사,B,SI023,부문별 손익(파생상품)
118,202103,0010636,DB손해보험주식회사,A22,파생상품 평가 손실,184247718000,184247718000,국내일반손보사,B,SI023,부문별 손익(파생상품)
119,202106,0010636,DB손해보험주식회사,A,파생상품 관련 손익,-5390462000,-212521250000,국내일반손보사,B,SI023,부문별 손익(파생상품)
120,202106,0010636,DB손해보험주식회사,A1,파생상품 관련 이익,72719300000,228643055000,국내일반손보사,B,SI023,부문별 손익(파생상품)
121,202106,0010636,DB손해보험주식회사,A11,파생상품 관련 이익_파생상품 거래 이익,80163514000,218607037000,국내일반손보사,B,SI023,부문별 손익(파생상품)
122,202106,0010636,DB손해보험주식회사,A12,파생상품 관련 이익_파생상품 평가 이익,-7444214000,10036018000,국내일반손보사,B,SI023,부문별 손익(파생상품)
123,202106,0010636,DB손해보험주식회사,A2,파생상품 관련 손실,78109762000,441164305000,국내일반손보사,B,SI023,부문별 손익(파생상품)
124,202106,0010636,DB손해보험주식회사,A21,파생상품 관련 손실_파생상품 거래 손실,142255394000,321062219000,국내일반손보사,B,SI023,부문별 손익(파생상품)
125,202106,0010636,DB손해보험주식회사,A22,파생상품 평가 손실,-64145632000,120102086000,국내일반손보사,B,SI023,부문별 손익(파생상품)
126,202109,0010636,DB손해보험주식회사,A,파생상품 관련 손익,-290826243000,-503347493000,국내일반손보사,B,SI023,부문별 손익(파생상품)
127,202109,0010636,DB손해보험주식회사,A1,파생상품 관련 이익,39558321000,268201376000,국내일반손보사,B,SI023,부문별 손익(파생상품)
128,202109,0010636,DB손해보험주식회사,A11,파생상품 관련 이익_파생상품 거래 이익,41248877000,259855914000,국내일반손보사,B,SI023,부문별 손익(파생상품)
129,202109,0010636,DB손해보험주식회사,A12,파생상품 관련 이익_파생상품 평가 이익,-1690556000,8345462000,국내일반손보사,B,SI023,부문별 손익(파생상품)
130,202109,0010636,DB손해보험주식회사,A2,파생상품 관련 손실,330384564000,771548869000,국내일반손보사,B,SI023,부문별 손익(파생상품)
131,202109,0010636,DB손해보험주식회사,A21,파생상품 관련 손실_파생상품 거래 손실,101379386000,422441605000,국내일반손보사,B,SI023,부문별 손익(파생상품)
132,202109,0010636,DB손해보험주식회사,A22,파생상품 평가 손실,229005178000,349107264000,국내일반손보사,B,SI023,부문별 손익(파생상품)
133,202112,0010636,DB손해보험주식회사,A,파생상품 관련 손익,22654493000,-480693000000,국내일반손보사,B,SI023,부문별 손익(파생상품)
134,202112,0010636,DB손해보험주식회사,A1,파생상품 관련 이익,52111483000,320312859000,국내일반손보사,B,SI023,부문별 손익(파생상품)
135,202112,0010636,DB손해보험주식회사,A11,파생상품 관련 이익_파생상품 거래 이익,39237770000,299093684000,국내일반손보사,B,SI023,부문별 손익(파생상품)
136,202112,0010636,DB손해보험주식회사,A12,파생상품 관련 이익_파생상품 평가 이익,12873713000,21219175000,국내일반손보사,B,SI023,부문별 손익(파생상품)
137,202112,0010636,DB손해보험주식회사,A2,파생상품 관련 손실,29456990000,801005859000,국내일반손보사,B,SI023,부문별 손익(파생상품)
138,202112,0010636,DB손해보험주식회사,A21,파생상품 관련 손실_파생상품 거래 손실,81331241000,503772846000,국내일반손보사,B,SI023,부문별 손익(파생상품)
139,202112,0010636,DB손해보험주식회사,A22,파생상품 평가 손실,-51874251000,297233013000,국내일반손보사,B,SI023,부문별 손익(파생상품)
140,202203,0010636,DB손해보험주식회사,A,파생상품 관련 손익,-175898212000,-175898212000,국내일반손보사,B,SI023,부문별 손익(파생상품)
141,202203,0010636,DB손해보험주식회사,A1,파생상품 관련 이익,72350859000,72350859000,국내일반손보사,B,SI023,부문별 손익(파생상품)
142,202203,0010636,DB손해보험주식회사,A11,파생상품 관련 이익_파생상품 거래 이익,68778461000,68778461000,국내일반손보사,B,SI023,부문별 손익(파생상품)
143,202203,0010636,DB손해보험주식회사,A12,파생상품 관련 이익_파생상품 평가 이익,3572398000,3572398000,국내일반손보사,B,SI023,부문별 손익(파생상품)
144,202203,0010636,DB손해보험주식회사,A2,파생상품 관련 손실,248249071000,248249071000,국내일반손보사,B,SI023,부문별 손익(파생상품)
145,202203,0010636,DB손해보험주식회사,A21,파생상품 관련 손실_파생상품 거래 손실,83309277000,83309277000,국내일반손보사,B,SI023,부문별 손익(파생상품)
146,202203,0010636,DB손해보험주식회사,A22,파생상품 평가 손실,164939794000,164939794000,국내일반손보사,B,SI023,부문별 손익(파생상품)
147,202206,0010636,DB손해보험주식회사,A,파생상품 관련 손익,-333278803000,-509177015000,국내일반손보사,B,SI023,부문별 손익(파생상품)
148,202206,0010636,DB손해보험주식회사,A1,파생상품 관련 이익,82630909000,154981768000,국내일반손보사,B,SI023,부문별 손익(파생상품)
149,202206,0010636,DB손해보험주식회사,A11,파생상품 관련 이익_파생상품 거래 이익,74521984000,143300445000,국내일반손보사,B,SI023,부문별 손익(파생상품)
150,202206,0010636,DB손해보험주식회사,A12,파생상품 관련 이익_파생상품 평가 이익,8108925000,11681323000,국내일반손보사,B,SI023,부문별 손익(파생상품)
151,202206,0010636,DB손해보험주식회사,A2,파생상품 관련 손실,415909712000,664158783000,국내일반손보사,B,SI023,부문별 손익(파생상품)
152,202206,0010636,DB손해보험주식회사,A21,파생상품 관련 손실_파생상품 거래 손실,139826223000,223135500000,국내일반손보사,B,SI023,부문별 손익(파생상품)
153,202206,0010636,DB손해보험주식회사,A22,파생상품 평가 손실,276083489000,441023283000,국내일반손보사,B,SI023,부문별 손익(파생상품)
154,202209,0010636,DB손해보험주식회사,A,파생상품 관련 손익,-736277812000,-1245454827000,국내일반손보사,B,SI023,부문별 손익(파생상품)
155,202209,0010636,DB손해보험주식회사,A1,파생상품 관련 이익,78988062000,233969830000,국내일반손보사,B,SI023,부문별 손익(파생상품)
156,202209,0010636,DB손해보험주식회사,A11,파생상품 관련 이익_파생상품 거래 이익,81307770000,224608215000,국내일반손보사,B,SI023,부문별 손익(파생상품)
157,202209,0010636,DB손해보험주식회사,A12,파생상품 관련 이익_파생상품 평가 이익,-2319708000,9361615000,국내일반손보사,B,SI023,부문별 손익(파생상품)
158,202209,0010636,DB손해보험주식회사,A2,파생상품 관련 손실,815265874000,1479424657000,국내일반손보사,B,SI023,부문별 손익(파생상품)
159,202209,0010636,DB손해보험주식회사,A21,파생상품 관련 손실_파생상품 거래 손실,408915358000,632050858000,국내일반손보사,B,SI023,부문별 손익(파생상품)
160,202209,0010636,DB손해보험주식회사,A22,파생상품 평가 손실,406350516000,847373799000,국내일반손보사,B,SI023,부문별 손익(파생상품)
161,202212,0010636,DB손해보험주식회사,A,파생상품 관련 손익,824301758000,-421153069000,국내일반손보사,B,SI023,부문별 손익(파생상품)
162,202212,0010636,DB손해보험주식회사,A1,파생상품 관련 이익,334775952000,568745782000,국내일반손보사,B,SI023,부문별 손익(파생상품)
163,202212,0010636,DB손해보험주식회사,A11,파생상품 관련 이익_파생상품 거래 이익,64833681000,289441896000,국내일반손보사,B,SI023,부문별 손익(파생상품)
164,202212,0010636,DB손해보험주식회사,A12,파생상품 관련 이익_파생상품 평가 이익,269942271000,279303886000,국내일반손보사,B,SI023,부문별 손익(파생상품)
165,202212,0010636,DB손해보험주식회사,A2,파생상품 관련 손실,-489525806000,989898851000,국내일반손보사,B,SI023,부문별 손익(파생상품)
166,202212,0010636,DB손해보험주식회사,A21,파생상품 관련 손실_파생상품 거래 손실,246295350000,878346208000,국내일반손보사,B,SI023,부문별 손익(파생상품)
167,202212,0010636,DB손해보험주식회사,A22,파생상품 평가 손실,-735821156000,111552643000,국내일반손보사,B,SI023,부문별 손익(파생상품)
168,202303,0010636,DB손해보험주식회사,A,파생상품 관련 손익,-275042034000,-275042034000,국내일반손보사,B,SI023,부문별 손익(파생상품)
169,202303,0010636,DB손해보험주식회사,A1,파생상품 관련 손익_파생상품 관련 이익,119115105000,119115105000,국내일반손보사,B,SI023,부문별 손익(파생상품)
170,202303,0010636,DB손해보험주식회사,A11,파생상품 거래 이익,116764350000,116764350000,국내일반손보사,B,SI023,부문별 손익(파생상품)
171,202303,0010636,DB손해보험주식회사,A12,파생상품 평가 이익,2350755000,2350755000,국내일반손보사,B,SI023,부문별 손익(파생상품)
172,202303,0010636,DB손해보험주식회사,A2,파생상품 관련 손실,394157139000,394157139000,국내일반손보사,B,SI023,부문별 손익(파생상품)
173,202303,0010636,DB손해보험주식회사,A21,파생상품 거래 손실,140513599000,140513599000,국내일반손보사,B,SI023,부문별 손익(파생상품)
174,202303,0010636,DB손해보험주식회사,A22,파생상품 평가 손실,253643540000,253643540000,국내일반손보사,B,SI023,부문별 손익(파생상품)
175,202306,0010636,DB손해보험주식회사,A,파생상품 관련 손익,-46660467000,-321702501000,국내일반손보사,B,SI023,부문별 손익(파생상품)
176,202306,0010636,DB손해보험주식회사,A1,파생상품 관련 손익_파생상품 관련 이익,111580385000,230695490000,국내일반손보사,B,SI023,부문별 손익(파생상품)
177,202306,0010636,DB손해보험주식회사,A11,파생상품 거래 이익,97217676000,213982026000,국내일반손보사,B,SI023,부문별 손익(파생상품)
178,202306,0010636,DB손해보험주식회사,A12,파생상품 평가 이익,14362709000,16713464000,국내일반손보사,B,SI023,부문별 손익(파생상품)
179,202306,0010636,DB손해보험주식회사,A2,파생상품 관련 손실,158240852000,552397991000,국내일반손보사,B,SI023,부문별 손익(파생상품)
180,202306,0010636,DB손해보험주식회사,A21,파생상품 거래 손실,174302517000,314816116000,국내일반손보사,B,SI023,부문별 손익(파생상품)
181,202306,0010636,DB손해보험주식회사,A22,파생상품 평가 손실,-16061665000,237581875000,국내일반손보사,B,SI023,부문별 손익(파생상품)
182,202309,0010636,DB손해보험주식회사,A,파생상품 관련 손익,-143997162000,-465699663000,국내일반손보사,B,SI023,부문별 손익(파생상품)
183,202309,0010636,DB손해보험주식회사,A1,파생상품 관련 손익_파생상품 관련 이익,61944015000,292639505000,국내일반손보사,B,SI023,부문별 손익(파생상품)
184,202309,0010636,DB손해보험주식회사,A11,파생상품 거래 이익,67616452000,281598478000,국내일반손보사,B,SI023,부문별 손익(파생상품)
185,202309,0010636,DB손해보험주식회사,A12,파생상품 평가 이익,-5672437000,11041027000,국내일반손보사,B,SI023,부문별 손익(파생상품)
186,202309,0010636,DB손해보험주식회사,A2,파생상품 관련 손실,205941177000,758339168000,국내일반손보사,B,SI023,부문별 손익(파생상품)
187,202309,0010636,DB손해보험주식회사,A21,파생상품 거래 손실,156093159000,470909275000,국내일반손보사,B,SI023,부문별 손익(파생상품)
188,202309,0010636,DB손해보험주식회사,A22,파생상품 평가 손실,49848018000,287429893000,국내일반손보사,B,SI023,부문별 손익(파생상품)
189,202312,0010636,DB손해보험주식회사,A,파생상품 관련 손익,126474434000,-339225229000,국내일반손보사,B,SI023,부문별 손익(파생상품)
190,202312,0010636,DB손해보험주식회사,A1,파생상품 관련 손익_파생상품 관련 이익,120777057000,413416562000,국내일반손보사,B,SI023,부문별 손익(파생상품)
191,202312,0010636,DB손해보험주식회사,A11,파생상품 거래 이익,69566133000,351164611000,국내일반손보사,B,SI023,부문별 손익(파생상품)
192,202312,0010636,DB손해보험주식회사,A12,파생상품 평가 이익,51210924000,62251951000,국내일반손보사,B,SI023,부문별 손익(파생상품)
193,202312,0010636,DB손해보험주식회사,A2,파생상품 관련 손실,-5697377000,752641791000,국내일반손보사,B,SI023,부문별 손익(파생상품)
194,202312,0010636,DB손해보험주식회사,A21,파생상품 거래 손실,150575835000,621485110000,국내일반손보사,B,SI023,부문별 손익(파생상품)
195,202312,0010636,DB손해보험주식회사,A22,파생상품 평가 손실,-156273212000,131156681000,국내일반손보사,B,SI023,부문별 손익(파생상품)
196,202403,0010636,DB손해보험주식회사,A,파생상품 관련 손익,-299565169000,-299565169000,국내일반손보사,B,SI023,부문별 손익(파생상품)
197,202403,0010636,DB손해보험주식회사,A1,파생상품 관련 손익_파생상품 관련 이익,79273253000,79273253000,국내일반손보사,B,SI023,부문별 손익(파생상품)
198,202403,0010636,DB손해보험주식회사,A11,파생상품 거래 이익,72466767000,72466767000,국내일반손보사,B,SI023,부문별 손익(파생상품)
199,202403,0010636,DB손해보험주식회사,A12,파생상품 평가 이익,6806486000,6806486000,국내일반손보사,B,SI023,부문별 손익(파생상품)
200,202403,0010636,DB손해보험주식회사,A2,파생상품 관련 손실,378838422000,378838422000,국내일반손보사,B,SI023,부문별 손익(파생상품)
201,202403,0010636,DB손해보험주식회사,A21,파생상품 거래 손실,147153667000,147153667000,국내일반손보사,B,SI023,부문별 손익(파생상품)
202,202403,0010636,DB손해보험주식회사,A22,파생상품 평가 손실,231684755000,231684755000,국내일반손보사,B,SI023,부문별 손익(파생상품)
203,202406,0010636,DB손해보험주식회사,A,파생상품 관련 손익,-328131970000,-627697139000,국내일반손보사,B,SI023,부문별 손익(파생상품)
204,202406,0010636,DB손해보험주식회사,A1,파생상품 관련 손익_파생상품 관련 이익,50925250000,130198503000,국내일반손보사,B,SI023,부문별 손익(파생상품)
205,202406,0010636,DB손해보험주식회사,A11,파생상품 거래 이익,57453120000,129919887000,국내일반손보사,B,SI023,부문별 손익(파생상품)
206,202406,0010636,DB손해보험주식회사,A12,파생상품 평가 이익,-6527870000,278616000,국내일반손보사,B,SI023,부문별 손익(파생상품)
207,202406,0010636,DB손해보험주식회사,A2,파생상품 관련 손실,379057220000,757895642000,국내일반손보사,B,SI023,부문별 손익(파생상품)
208,202406,0010636,DB손해보험주식회사,A21,파생상품 거래 손실,206662459000,353816126000,국내일반손보사,B,SI023,부문별 손익(파생상품)
209,202406,0010636,DB손해보험주식회사,A22,파생상품 평가 손실,172394761000,404079516000,국내일반손보사,B,SI023,부문별 손익(파생상품)
210,202409,0010636,DB손해보험주식회사,A,파생상품 관련 손익,273354806000,-354342333000,국내일반손보사,B,SI023,부문별 손익(파생상품)
211,202409,0010636,DB손해보험주식회사,A1,파생상품 관련 손익_파생상품 관련 이익,147255519000,277454022000,국내일반손보사,B,SI023,부문별 손익(파생상품)
212,202409,0010636,DB손해보험주식회사,A11,파생상품 거래 이익,61494229000,191414116000,국내일반손보사,B,SI023,부문별 손익(파생상품)
213,202409,0010636,DB손해보험주식회사,A12,파생상품 평가 이익,85761290000,86039906000,국내일반손보사,B,SI023,부문별 손익(파생상품)
214,202409,0010636,DB손해보험주식회사,A2,파생상품 관련 손실,-126099287000,631796355000,국내일반손보사,B,SI023,부문별 손익(파생상품)
215,202409,0010636,DB손해보험주식회사,A21,파생상품 거래 손실,153573942000,507390068000,국내일반손보사,B,SI023,부문별 손익(파생상품)
216,202409,0010636,DB손해보험주식회사,A22,파생상품 평가 손실,-279673229000,124406287000,국내일반손보사,B,SI023,부문별 손익(파생상품)
217,202412,0010636,DB손해보험주식회사,A,파생상품 관련 손익,-723805042000,-1078147375000,국내일반손보사,B,SI023,부문별 손익(파생상품)
218,202412,0010636,DB손해보험주식회사,A1,파생상품 관련 손익_파생상품 관련 이익,-20443904000,257010118000,국내일반손보사,B,SI023,부문별 손익(파생상품)
219,202412,0010636,DB손해보험주식회사,A11,파생상품 거래 이익,63669598000,255083714000,국내일반손보사,B,SI023,부문별 손익(파생상품)
220,202412,0010636,DB손해보험주식회사,A12,파생상품 평가 이익,-84113502000,1926404000,국내일반손보사,B,SI023,부문별 손익(파생상품)
221,202412,0010636,DB손해보험주식회사,A2,파생상품 관련 손실,703361138000,1335157493000,국내일반손보사,B,SI023,부문별 손익(파생상품)
222,202412,0010636,DB손해보험주식회사,A21,파생상품 거래 손실,181046053000,688436121000,국내일반손보사,B,SI023,부문별 손익(파생상품)
223,202412,0010636,DB손해보험주식회사,A22,파생상품 평가 손실,522315085000,646721372000,국내일반손보사,B,SI023,부문별 손익(파생상품)
224,202503,0010636,DB손해보험주식회사,A,파생상품 관련 손익,-100452529000,-100452529000,국내일반손보사,B,SI023,부문별 손익(파생상품)
225,202503,0010636,DB손해보험주식회사,A1,파생상품 관련 손익_파생상품 관련 이익,207234880000,207234880000,국내일반손보사,B,SI023,부문별 손익(파생상품)
226,202503,0010636,DB손해보험주식회사,A11,파생상품 거래 이익,200096559000,200096559000,국내일반손보사,B,SI023,부문별 손익(파생상품)
227,202503,0010636,DB손해보험주식회사,A12,파생상품 평가 이익,7138321000,7138321000,국내일반손보사,B,SI023,부문별 손익(파생상품)
228,202503,0010636,DB손해보험주식회사,A2,파생상품 관련 손실,307687409000,307687409000,국내일반손보사,B,SI023,부문별 손익(파생상품)
229,202503,0010636,DB손해보험주식회사,A21,파생상품 거래 손실,167908040000,167908040000,국내일반손보사,B,SI023,부문별 손익(파생상품)
230,202503,0010636,DB손해보험주식회사,A22,파생상품 평가 손실,139779369000,139779369000,국내일반손보사,B,SI023,부문별 손익(파생상품)
231,202506,0010636,DB손해보험주식회사,A,파생상품 관련 손익,561250910000,460798381000,국내일반손보사,B,SI023,부문별 손익(파생상품)
232,202506,0010636,DB손해보험주식회사,A1,파생상품 관련 손익_파생상품 관련 이익,634744571000,841979451000,국내일반손보사,B,SI023,부문별 손익(파생상품)
233,202506,0010636,DB손해보험주식회사,A11,파생상품 거래 이익,152511734000,352608293000,국내일반손보사,B,SI023,부문별 손익(파생상품)
234,202506,0010636,DB손해보험주식회사,A12,파생상품 평가 이익,482232837000,489371158000,국내일반손보사,B,SI023,부문별 손익(파생상품)
235,202506,0010636,DB손해보험주식회사,A2,파생상품 관련 손실,73493661000,381181070000,국내일반손보사,B,SI023,부문별 손익(파생상품)
236,202506,0010636,DB손해보험주식회사,A21,파생상품 거래 손실,139799848000,307707888000,국내일반손보사,B,SI023,부문별 손익(파생상품)
237,202506,0010636,DB손해보험주식회사,A22,파생상품 평가 손실,-66306187000,73473182000,국내일반손보사,B,SI023,부문별 손익(파생상품)
238,202509,0010636,DB손해보험주식회사,A,파생상품 관련 손익,-379653910000,81144471000,국내일반손보사,B,SI023,부문별 손익(파생상품)
239,202509,0010636,DB손해보험주식회사,A1,파생상품 관련 손익_파생상품 관련 이익,-146340824000,695638627000,국내일반손보사,B,SI023,부문별 손익(파생상품)
240,202509,0010636,DB손해보험주식회사,A11,파생상품 거래 이익,152854345000,505462638000,국내일반손보사,B,SI023,부문별 손익(파생상품)
241,202509,0010636,DB손해보험주식회사,A12,파생상품 평가 이익,-299195169000,190175989000,국내일반손보사,B,SI023,부문별 손익(파생상품)
242,202509,0010636,DB손해보험주식회사,A2,파생상품 관련 손실,233313086000,614494156000,국내일반손보사,B,SI023,부문별 손익(파생상품)
243,202509,0010636,DB손해보험주식회사,A21,파생상품 거래 손실,142388009000,450095897000,국내일반손보사,B,SI023,부문별 손익(파생상품)
244,202509,0010636,DB손해보험주식회사,A22,파생상품 평가 손실,90925077000,164398259000,국내일반손보사,B,SI023,부문별 손익(파생상품)
245,201703,0013174,농협손해보험주식회사,A,파생상품 관련 손익,76578248000,76578248000,국내일반손보사,B,SI023,부문별 손익(파생상품)
246,201703,0013174,농협손해보험주식회사,A1,파생상품 관련 이익,77556494000,77556494000,국내일반손보사,B,SI023,부문별 손익(파생상품)
247,201703,0013174,농협손해보험주식회사,A11,파생상품 관련 이익_파생상품 거래 이익,32182253000,32182253000,국내일반손보사,B,SI023,부문별 손익(파생상품)
248,201703,0013174,농협손해보험주식회사,A12,파생상품 관련 이익_파생상품 평가 이익,45374241000,45374241000,국내일반손보사,B,SI023,부문별 손익(파생상품)
249,201703,0013174,농협손해보험주식회사,A2,파생상품 관련 손실,978246000,978246000,국내일반손보사,B,SI023,부문별 손익(파생상품)
250,201703,0013174,농협손해보험주식회사,A21,파생상품 관련 손실_파생상품 거래 손실,816517000,816517000,국내일반손보사,B,SI023,부문별 손익(파생상품)
251,201703,0013174,농협손해보험주식회사,A22,파생상품 평가 손실,161729000,161729000,국내일반손보사,B,SI023,부문별 손익(파생상품)
252,201706,0013174,농협손해보험주식회사,A,파생상품 관련 손익,-24214768000,52363480000,국내일반손보사,B,SI023,부문별 손익(파생상품)
253,201706,0013174,농협손해보험주식회사,A1,파생상품 관련 이익,-18376249000,59180245000,국내일반손보사,B,SI023,부문별 손익(파생상품)
254,201706,0013174,농협손해보험주식회사,A11,파생상품 관련 이익_파생상품 거래 이익,19082519000,51264772000,국내일반손보사,B,SI023,부문별 손익(파생상품)
255,201706,0013174,농협손해보험주식회사,A12,파생상품 관련 이익_파생상품 평가 이익,-37458768000,7915473000,국내일반손보사,B,SI023,부문별 손익(파생상품)
256,201706,0013174,농협손해보험주식회사,A2,파생상품 관련 손실,5838519000,6816765000,국내일반손보사,B,SI023,부문별 손익(파생상품)
257,201706,0013174,농협손해보험주식회사,A21,파생상품 관련 손실_파생상품 거래 손실,113321000,929838000,국내일반손보사,B,SI023,부문별 손익(파생상품)
258,201706,0013174,농협손해보험주식회사,A22,파생상품 평가 손실,5725198000,5886927000,국내일반손보사,B,SI023,부문별 손익(파생상품)
259,201709,0013174,농협손해보험주식회사,A,파생상품 관련 손익,-10720175000,41643305000,국내일반손보사,B,SI023,부문별 손익(파생상품)
260,201709,0013174,농협손해보험주식회사,A1,파생상품 관련 이익,-1004858000,58175387000,국내일반손보사,B,SI023,부문별 손익(파생상품)
261,201709,0013174,농협손해보험주식회사,A11,파생상품 관련 이익_파생상품 거래 이익,2893103000,54157875000,국내일반손보사,B,SI023,부문별 손익(파생상품)
262,201709,0013174,농협손해보험주식회사,A12,파생상품 관련 이익_파생상품 평가 이익,-3897961000,4017512000,국내일반손보사,B,SI023,부문별 손익(파생상품)
263,201709,0013174,농협손해보험주식회사,A2,파생상품 관련 손실,9715317000,16532082000,국내일반손보사,B,SI023,부문별 손익(파생상품)
264,201709,0013174,농협손해보험주식회사,A21,파생상품 관련 손실_파생상품 거래 손실,1346435000,2276273000,국내일반손보사,B,SI023,부문별 손익(파생상품)
265,201709,0013174,농협손해보험주식회사,A22,파생상품 평가 손실,8368882000,14255809000,국내일반손보사,B,SI023,부문별 손익(파생상품)
266,201712,0013174,농협손해보험주식회사,A,파생상품 관련 손익,84024413000,125667718000,국내일반손보사,B,SI023,부문별 손익(파생상품)
267,201712,0013174,농협손해보험주식회사,A1,파생상품 관련 이익,71474401000,129649788000,국내일반손보사,B,SI023,부문별 손익(파생상품)
268,201712,0013174,농협손해보험주식회사,A11,파생상품 관련 이익_파생상품 거래 이익,17843163000,72001038000,국내일반손보사,B,SI023,부문별 손익(파생상품)
269,201712,0013174,농협손해보험주식회사,A12,파생상품 관련 이익_파생상품 평가 이익,53631238000,57648750000,국내일반손보사,B,SI023,부문별 손익(파생상품)
270,201712,0013174,농협손해보험주식회사,A2,파생상품 관련 손실,-12550012000,3982070000,국내일반손보사,B,SI023,부문별 손익(파생상품)
271,201712,0013174,농협손해보험주식회사,A21,파생상품 관련 손실_파생상품 거래 손실,532007000,2808280000,국내일반손보사,B,SI023,부문별 손익(파생상품)
272,201712,0013174,농협손해보험주식회사,A22,파생상품 평가 손실,-13082019000,1173790000,국내일반손보사,B,SI023,부문별 손익(파생상품)
273,201803,0013174,농협손해보험주식회사,A,파생상품 관련 손익,7776884000,7776884000,국내일반손보사,B,SI023,부문별 손익(파생상품)
274,201803,0013174,농협손해보험주식회사,A1,파생상품 관련 이익,9758765000,9758765000,국내일반손보사,B,SI023,부문별 손익(파생상품)
275,201803,0013174,농협손해보험주식회사,A11,파생상품 관련 이익_파생상품 거래 이익,676476000,676476000,국내일반손보사,B,SI023,부문별 손익(파생상품)
276,201803,0013174,농협손해보험주식회사,A12,파생상품 관련 이익_파생상품 평가 이익,9082289000,9082289000,국내일반손보사,B,SI023,부문별 손익(파생상품)
277,201803,0013174,농협손해보험주식회사,A2,파생상품 관련 손실,1981881000,1981881000,국내일반손보사,B,SI023,부문별 손익(파생상품)
278,201803,0013174,농협손해보험주식회사,A21,파생상품 관련 손실_파생상품 거래 손실,1856499000,1856499000,국내일반손보사,B,SI023,부문별 손익(파생상품)
279,201803,0013174,농협손해보험주식회사,A22,파생상품 평가 손실,125382000,125382000,국내일반손보사,B,SI023,부문별 손익(파생상품)
280,201806,0013174,농협손해보험주식회사,A,파생상품 관련 손익,-67803324000,-60026440000,국내일반손보사,B,SI023,부문별 손익(파생상품)
281,201806,0013174,농협손해보험주식회사,A1,파생상품 관련 이익,-6050956000,3707809000,국내일반손보사,B,SI023,부문별 손익(파생상품)
282,201806,0013174,농협손해보험주식회사,A11,파생상품 관련 이익_파생상품 거래 이익,3031333000,3707809000,국내일반손보사,B,SI023,부문별 손익(파생상품)
283,201806,0013174,농협손해보험주식회사,A12,파생상품 관련 이익_파생상품 평가 이익,-9082289000,0,국내일반손보사,B,SI023,부문별 손익(파생상품)
284,201806,0013174,농협손해보험주식회사,A2,파생상품 관련 손실,61752368000,63734249000,국내일반손보사,B,SI023,부문별 손익(파생상품)
285,201806,0013174,농협손해보험주식회사,A21,파생상품 관련 손실_파생상품 거래 손실,996785000,2853284000,국내일반손보사,B,SI023,부문별 손익(파생상품)
286,201806,0013174,농협손해보험주식회사,A22,파생상품 평가 손실,60755583000,60880965000,국내일반손보사,B,SI023,부문별 손익(파생상품)
287,201809,0013174,농협손해보험주식회사,A,파생상품 관련 손익,5202177000,-54824263000,국내일반손보사,B,SI023,부문별 손익(파생상품)
288,201809,0013174,농협손해보험주식회사,A1,파생상품 관련 이익,3197737000,6905546000,국내일반손보사,B,SI023,부문별 손익(파생상품)
289,201809,0013174,농협손해보험주식회사,A11,파생상품 관련 이익_파생상품 거래 이익,418745000,4126554000,국내일반손보사,B,SI023,부문별 손익(파생상품)
290,201809,0013174,농협손해보험주식회사,A12,파생상품 관련 이익_파생상품 평가 이익,2778992000,2778992000,국내일반손보사,B,SI023,부문별 손익(파생상품)
291,201809,0013174,농협손해보험주식회사,A2,파생상품 관련 손실,-2004440000,61729809000,국내일반손보사,B,SI023,부문별 손익(파생상품)
292,201809,0013174,농협손해보험주식회사,A21,파생상품 관련 손실_파생상품 거래 손실,18236257000,21089541000,국내일반손보사,B,SI023,부문별 손익(파생상품)
293,201809,0013174,농협손해보험주식회사,A22,파생상품 평가 손실,-20240697000,40640268000,국내일반손보사,B,SI023,부문별 손익(파생상품)
294,201812,0013174,농협손해보험주식회사,A,파생상품 관련 손익,-10614130000,-65438393000,국내일반손보사,B,SI023,부문별 손익(파생상품)
295,201812,0013174,농협손해보험주식회사,A1,파생상품 관련 이익,166240000,7071786000,국내일반손보사,B,SI023,부문별 손익(파생상품)
296,201812,0013174,농협손해보험주식회사,A11,파생상품 관련 이익_파생상품 거래 이익,537459000,4664013000,국내일반손보사,B,SI023,부문별 손익(파생상품)
297,201812,0013174,농협손해보험주식회사,A12,파생상품 관련 이익_파생상품 평가 이익,-371219000,2407773000,국내일반손보사,B,SI023,부문별 손익(파생상품)
298,201812,0013174,농협손해보험주식회사,A2,파생상품 관련 손실,10780370000,72510179000,국내일반손보사,B,SI023,부문별 손익(파생상품)
299,201812,0013174,농협손해보험주식회사,A21,파생상품 관련 손실_파생상품 거래 손실,13156645000,34246186000,국내일반손보사,B,SI023,부문별 손익(파생상품)
300,201812,0013174,농협손해보험주식회사,A22,파생상품 평가 손실,-2376275000,38263993000,국내일반손보사,B,SI023,부문별 손익(파생상품)
301,201903,0013174,농협손해보험주식회사,A,파생상품 관련 손익,-28756569000,-28756569000,국내일반손보사,B,SI023,부문별 손익(파생상품)
302,201903,0013174,농협손해보험주식회사,A1,파생상품 관련 이익,306068000,306068000,국내일반손보사,B,SI023,부문별 손익(파생상품)
303,201903,0013174,농협손해보험주식회사,A11,파생상품 관련 이익_파생상품 거래 이익,306068000,306068000,국내일반손보사,B,SI023,부문별 손익(파생상품)
304,201903,0013174,농협손해보험주식회사,A12,파생상품 관련 이익_파생상품 평가 이익,0,0,국내일반손보사,B,SI023,부문별 손익(파생상품)
305,201903,0013174,농협손해보험주식회사,A2,파생상품 관련 손실,29062637000,29062637000,국내일반손보사,B,SI023,부문별 손익(파생상품)
306,201903,0013174,농협손해보험주식회사,A21,파생상품 관련 손실_파생상품 거래 손실,3146478000,3146478000,국내일반손보사,B,SI023,부문별 손익(파생상품)
307,201903,0013174,농협손해보험주식회사,A22,파생상품 평가 손실,25916159000,25916159000,국내일반손보사,B,SI023,부문별 손익(파생상품)
308,201906,0013174,농협손해보험주식회사,A,파생상품 관련 손익,-27971423000,-56727992000,국내일반손보사,B,SI023,부문별 손익(파생상품)
309,201906,0013174,농협손해보험주식회사,A1,파생상품 관련 이익,5915544000,6221612000,국내일반손보사,B,SI023,부문별 손익(파생상품)
310,201906,0013174,농협손해보험주식회사,A11,파생상품 관련 이익_파생상품 거래 이익,220675000,526743000,국내일반손보사,B,SI023,부문별 손익(파생상품)
311,201906,0013174,농협손해보험주식회사,A12,파생상품 관련 이익_파생상품 평가 이익,5694869000,5694869000,국내일반손보사,B,SI023,부문별 손익(파생상품)
312,201906,0013174,농협손해보험주식회사,A2,파생상품 관련 손실,33886967000,62949604000,국내일반손보사,B,SI023,부문별 손익(파생상품)
313,201906,0013174,농협손해보험주식회사,A21,파생상품 관련 손실_파생상품 거래 손실,22831566000,25978044000,국내일반손보사,B,SI023,부문별 손익(파생상품)
314,201906,0013174,농협손해보험주식회사,A22,파생상품 평가 손실,11055401000,36971560000,국내일반손보사,B,SI023,부문별 손익(파생상품)
315,201909,0013174,농협손해보험주식회사,A,파생상품 관련 손익,-55421290000,-112149282000,국내일반손보사,B,SI023,부문별 손익(파생상품)
316,201909,0013174,농협손해보험주식회사,A1,파생상품 관련 이익,-2197824000,4023788000,국내일반손보사,B,SI023,부문별 손익(파생상품)
317,201909,0013174,농협손해보험주식회사,A11,파생상품 관련 이익_파생상품 거래 이익,344984000,871727000,국내일반손보사,B,SI023,부문별 손익(파생상품)
318,201909,0013174,농협손해보험주식회사,A12,파생상품 관련 이익_파생상품 평가 이익,-2542808000,3152061000,국내일반손보사,B,SI023,부문별 손익(파생상품)
319,201909,0013174,농협손해보험주식회사,A2,파생상품 관련 손실,53223466000,116173070000,국내일반손보사,B,SI023,부문별 손익(파생상품)
320,201909,0013174,농협손해보험주식회사,A21,파생상품 관련 손실_파생상품 거래 손실,30017688000,55995732000,국내일반손보사,B,SI023,부문별 손익(파생상품)
321,201909,0013174,농협손해보험주식회사,A22,파생상품 평가 손실,23205778000,60177338000,국내일반손보사,B,SI023,부문별 손익(파생상품)
322,201912,0013174,농협손해보험주식회사,A,파생상품 관련 손익,40746342000,-71402940000,국내일반손보사,B,SI023,부문별 손익(파생상품)
323,201912,0013174,농협손해보험주식회사,A1,파생상품 관련 이익,18940613000,22964401000,국내일반손보사,B,SI023,부문별 손익(파생상품)
324,201912,0013174,농협손해보험주식회사,A11,파생상품 관련 이익_파생상품 거래 이익,1295699000,2167426000,국내일반손보사,B,SI023,부문별 손익(파생상품)
325,201912,0013174,농협손해보험주식회사,A12,파생상품 관련 이익_파생상품 평가 이익,17644914000,20796975000,국내일반손보사,B,SI023,부문별 손익(파생상품)
326,201912,0013174,농협손해보험주식회사,A2,파생상품 관련 손실,-21805729000,94367341000,국내일반손보사,B,SI023,부문별 손익(파생상품)
327,201912,0013174,농협손해보험주식회사,A21,파생상품 관련 손실_파생상품 거래 손실,26654157000,82649889000,국내일반손보사,B,SI023,부문별 손익(파생상품)
328,201912,0013174,농협손해보험주식회사,A22,파생상품 평가 손실,-48459886000,11717452000,국내일반손보사,B,SI023,부문별 손익(파생상품)
329,202003,0013174,농협손해보험주식회사,A,파생상품 관련 손익,-66915965000,-66915965000,국내일반손보사,B,SI023,부문별 손익(파생상품)
330,202003,0013174,농협손해보험주식회사,A1,파생상품 관련 이익,73571000,73571000,국내일반손보사,B,SI023,부문별 손익(파생상품)
331,202003,0013174,농협손해보험주식회사,A11,파생상품 관련 이익_파생상품 거래 이익,73571000,73571000,국내일반손보사,B,SI023,부문별 손익(파생상품)
332,202003,0013174,농협손해보험주식회사,A12,파생상품 관련 이익_파생상품 평가 이익,0,0,국내일반손보사,B,SI023,부문별 손익(파생상품)
333,202003,0013174,농협손해보험주식회사,A2,파생상품 관련 손실,66989536000,66989536000,국내일반손보사,B,SI023,부문별 손익(파생상품)
334,202003,0013174,농협손해보험주식회사,A21,파생상품 관련 손실_파생상품 거래 손실,11204670000,11204670000,국내일반손보사,B,SI023,부문별 손익(파생상품)
335,202003,0013174,농협손해보험주식회사,A22,파생상품 평가 손실,55784866000,55784866000,국내일반손보사,B,SI023,부문별 손익(파생상품)
336,202006,0013174,농협손해보험주식회사,A,파생상품 관련 손익,12123560000,-54792405000,국내일반손보사,B,SI023,부문별 손익(파생상품)
337,202006,0013174,농협손해보험주식회사,A1,파생상품 관련 이익,2374914000,2448485000,국내일반손보사,B,SI023,부문별 손익(파생상품)
338,202006,0013174,농협손해보험주식회사,A11,파생상품 관련 이익_파생상품 거래 이익,1084336000,1157907000,국내일반손보사,B,SI023,부문별 손익(파생상품)
339,202006,0013174,농협손해보험주식회사,A12,파생상품 관련 이익_파생상품 평가 이익,1290578000,1290578000,국내일반손보사,B,SI023,부문별 손익(파생상품)
340,202006,0013174,농협손해보험주식회사,A2,파생상품 관련 손실,-9748646000,57240890000,국내일반손보사,B,SI023,부문별 손익(파생상품)
341,202006,0013174,농협손해보험주식회사,A21,파생상품 관련 손실_파생상품 거래 손실,16422708000,27627378000,국내일반손보사,B,SI023,부문별 손익(파생상품)
342,202006,0013174,농협손해보험주식회사,A22,파생상품 평가 손실,-26171354000,29613512000,국내일반손보사,B,SI023,부문별 손익(파생상품)
343,202009,0013174,농협손해보험주식회사,A,파생상품 관련 손익,20512694000,-34279711000,국내일반손보사,B,SI023,부문별 손익(파생상품)
344,202009,0013174,농협손해보험주식회사,A1,파생상품 관련 이익,9277504000,11725989000,국내일반손보사,B,SI023,부문별 손익(파생상품)
345,202009,0013174,농협손해보험주식회사,A11,파생상품 관련 이익_파생상품 거래 이익,235643000,1393550000,국내일반손보사,B,SI023,부문별 손익(파생상품)
346,202009,0013174,농협손해보험주식회사,A12,파생상품 관련 이익_파생상품 평가 이익,9041861000,10332439000,국내일반손보사,B,SI023,부문별 손익(파생상품)
347,202009,0013174,농협손해보험주식회사,A2,파생상품 관련 손실,-11235190000,46005700000,국내일반손보사,B,SI023,부문별 손익(파생상품)
348,202009,0013174,농협손해보험주식회사,A21,파생상품 관련 손실_파생상품 거래 손실,9920642000,37548020000,국내일반손보사,B,SI023,부문별 손익(파생상품)
349,202009,0013174,농협손해보험주식회사,A22,파생상품 평가 손실,-21155832000,8457680000,국내일반손보사,B,SI023,부문별 손익(파생상품)
350,202012,0013174,농협손해보험주식회사,A,파생상품 관련 손익,62461982000,28182271000,국내일반손보사,B,SI023,부문별 손익(파생상품)
351,202012,0013174,농협손해보험주식회사,A1,파생상품 관련 이익,55643066000,67369055000,국내일반손보사,B,SI023,부문별 손익(파생상품)
352,202012,0013174,농협손해보험주식회사,A11,파생상품 관련 이익_파생상품 거래 이익,7990427000,9383977000,국내일반손보사,B,SI023,부문별 손익(파생상품)
353,202012,0013174,농협손해보험주식회사,A12,파생상품 관련 이익_파생상품 평가 이익,47652639000,57985078000,국내일반손보사,B,SI023,부문별 손익(파생상품)
354,202012,0013174,농협손해보험주식회사,A2,파생상품 관련 손실,-6818916000,39186784000,국내일반손보사,B,SI023,부문별 손익(파생상품)
355,202012,0013174,농협손해보험주식회사,A21,파생상품 관련 손실_파생상품 거래 손실,96679000,37644699000,국내일반손보사,B,SI023,부문별 손익(파생상품)
356,202012,0013174,농협손해보험주식회사,A22,파생상품 평가 손실,-6915595000,1542085000,국내일반손보사,B,SI023,부문별 손익(파생상품)
357,202103,0013174,농협손해보험주식회사,A,파생상품 관련 손익,-33105017000,-33105017000,국내일반손보사,B,SI023,부문별 손익(파생상품)
358,202103,0013174,농협손해보험주식회사,A1,파생상품 관련 이익,230222000,230222000,국내일반손보사,B,SI023,부문별 손익(파생상품)
359,202103,0013174,농협손해보험주식회사,A11,파생상품 관련 이익_파생상품 거래 이익,11953000,11953000,국내일반손보사,B,SI023,부문별 손익(파생상품)
360,202103,0013174,농협손해보험주식회사,A12,파생상품 관련 이익_파생상품 평가 이익,218269000,218269000,국내일반손보사,B,SI023,부문별 손익(파생상품)
361,202103,0013174,농협손해보험주식회사,A2,파생상품 관련 손실,33335239000,33335239000,국내일반손보사,B,SI023,부문별 손익(파생상품)
362,202103,0013174,농협손해보험주식회사,A21,파생상품 관련 손실_파생상품 거래 손실,7855312000,7855312000,국내일반손보사,B,SI023,부문별 손익(파생상품)
363,202103,0013174,농협손해보험주식회사,A22,파생상품 평가 손실,25479927000,25479927000,국내일반손보사,B,SI023,부문별 손익(파생상품)
364,202106,0013174,농협손해보험주식회사,A,파생상품 관련 손익,678162000,-32426855000,국내일반손보사,B,SI023,부문별 손익(파생상품)
365,202106,0013174,농협손해보험주식회사,A1,파생상품 관련 이익,1811385000,2041607000,국내일반손보사,B,SI023,부문별 손익(파생상품)
366,202106,0013174,농협손해보험주식회사,A11,파생상품 관련 이익_파생상품 거래 이익,21875000,33828000,국내일반손보사,B,SI023,부문별 손익(파생상품)
367,202106,0013174,농협손해보험주식회사,A12,파생상품 관련 이익_파생상품 평가 이익,1789510000,2007779000,국내일반손보사,B,SI023,부문별 손익(파생상품)
368,202106,0013174,농협손해보험주식회사,A2,파생상품 관련 손실,1133223000,34468462000,국내일반손보사,B,SI023,부문별 손익(파생상품)
369,202106,0013174,농협손해보험주식회사,A21,파생상품 관련 손실_파생상품 거래 손실,6438696000,14294008000,국내일반손보사,B,SI023,부문별 손익(파생상품)
370,202106,0013174,농협손해보험주식회사,A22,파생상품 평가 손실,-5305473000,20174454000,국내일반손보사,B,SI023,부문별 손익(파생상품)
371,202109,0013174,농협손해보험주식회사,A,파생상품 관련 손익,-35307764000,-67734619000,국내일반손보사,B,SI023,부문별 손익(파생상품)
372,202109,0013174,농협손해보험주식회사,A1,파생상품 관련 이익,-130020000,1911587000,국내일반손보사,B,SI023,부문별 손익(파생상품)
373,202109,0013174,농협손해보험주식회사,A11,파생상품 관련 이익_파생상품 거래 이익,0,33828000,국내일반손보사,B,SI023,부문별 손익(파생상품)
374,202109,0013174,농협손해보험주식회사,A12,파생상품 관련 이익_파생상품 평가 이익,-130020000,1877759000,국내일반손보사,B,SI023,부문별 손익(파생상품)
375,202109,0013174,농협손해보험주식회사,A2,파생상품 관련 손실,35177744000,69646206000,국내일반손보사,B,SI023,부문별 손익(파생상품)
376,202109,0013174,농협손해보험주식회사,A21,파생상품 관련 손실_파생상품 거래 손실,10821126000,25115134000,국내일반손보사,B,SI023,부문별 손익(파생상품)
377,202109,0013174,농협손해보험주식회사,A22,파생상품 평가 손실,24356618000,44531072000,국내일반손보사,B,SI023,부문별 손익(파생상품)
378,202112,0013174,농협손해보험주식회사,A,파생상품 관련 손익,-819468000,-68554087000,국내일반손보사,B,SI023,부문별 손익(파생상품)
379,202112,0013174,농협손해보험주식회사,A1,파생상품 관련 이익,156789000,2068376000,국내일반손보사,B,SI023,부문별 손익(파생상품)
380,202112,0013174,농협손해보험주식회사,A11,파생상품 관련 이익_파생상품 거래 이익,16757000,50585000,국내일반손보사,B,SI023,부문별 손익(파생상품)
381,202112,0013174,농협손해보험주식회사,A12,파생상품 관련 이익_파생상품 평가 이익,140032000,2017791000,국내일반손보사,B,SI023,부문별 손익(파생상품)
382,202112,0013174,농협손해보험주식회사,A2,파생상품 관련 손실,976257000,70622463000,국내일반손보사,B,SI023,부문별 손익(파생상품)
383,202112,0013174,농협손해보험주식회사,A21,파생상품 관련 손실_파생상품 거래 손실,14995655000,40110789000,국내일반손보사,B,SI023,부문별 손익(파생상품)
384,202112,0013174,농협손해보험주식회사,A22,파생상품 평가 손실,-14019398000,30511674000,국내일반손보사,B,SI023,부문별 손익(파생상품)
385,202203,0013174,농협손해보험주식회사,A,파생상품 관련 손익,-15364878000,-15364878000,국내일반손보사,B,SI023,부문별 손익(파생상품)
386,202203,0013174,농협손해보험주식회사,A1,파생상품 관련 이익,60761000,60761000,국내일반손보사,B,SI023,부문별 손익(파생상품)
387,202203,0013174,농협손해보험주식회사,A11,파생상품 관련 이익_파생상품 거래 이익,26257000,26257000,국내일반손보사,B,SI023,부문별 손익(파생상품)
388,202203,0013174,농협손해보험주식회사,A12,파생상품 관련 이익_파생상품 평가 이익,34504000,34504000,국내일반손보사,B,SI023,부문별 손익(파생상품)
389,202203,0013174,농협손해보험주식회사,A2,파생상품 관련 손실,15425639000,15425639000,국내일반손보사,B,SI023,부문별 손익(파생상품)
390,202203,0013174,농협손해보험주식회사,A21,파생상품 관련 손실_파생상품 거래 손실,3166520000,3166520000,국내일반손보사,B,SI023,부문별 손익(파생상품)
391,202203,0013174,농협손해보험주식회사,A22,파생상품 평가 손실,12259119000,12259119000,국내일반손보사,B,SI023,부문별 손익(파생상품)
392,202206,0013174,농협손해보험주식회사,A,파생상품 관련 손익,-40097177000,-55462055000,국내일반손보사,B,SI023,부문별 손익(파생상품)
393,202206,0013174,농협손해보험주식회사,A1,파생상품 관련 이익,1066482000,1127243000,국내일반손보사,B,SI023,부문별 손익(파생상품)
394,202206,0013174,농협손해보험주식회사,A11,파생상품 관련 이익_파생상품 거래 이익,28966000,55223000,국내일반손보사,B,SI023,부문별 손익(파생상품)
395,202206,0013174,농협손해보험주식회사,A12,파생상품 관련 이익_파생상품 평가 이익,1037516000,1072020000,국내일반손보사,B,SI023,부문별 손익(파생상품)
396,202206,0013174,농협손해보험주식회사,A2,파생상품 관련 손실,41163659000,56589298000,국내일반손보사,B,SI023,부문별 손익(파생상품)
397,202206,0013174,농협손해보험주식회사,A21,파생상품 관련 손실_파생상품 거래 손실,5548789000,8715309000,국내일반손보사,B,SI023,부문별 손익(파생상품)
398,202206,0013174,농협손해보험주식회사,A22,파생상품 평가 손실,35614870000,47873989000,국내일반손보사,B,SI023,부문별 손익(파생상품)
399,202209,0013174,농협손해보험주식회사,A,파생상품 관련 손익,-67278027000,-122740082000,국내일반손보사,B,SI023,부문별 손익(파생상품)
400,202209,0013174,농협손해보험주식회사,A1,파생상품 관련 이익,53941000,1181184000,국내일반손보사,B,SI023,부문별 손익(파생상품)
401,202209,0013174,농협손해보험주식회사,A11,파생상품 관련 이익_파생상품 거래 이익,175192000,230415000,국내일반손보사,B,SI023,부문별 손익(파생상품)
402,202209,0013174,농협손해보험주식회사,A12,파생상품 관련 이익_파생상품 평가 이익,-121251000,950769000,국내일반손보사,B,SI023,부문별 손익(파생상품)
403,202209,0013174,농협손해보험주식회사,A2,파생상품 관련 손실,67331968000,123921266000,국내일반손보사,B,SI023,부문별 손익(파생상품)
404,202209,0013174,농협손해보험주식회사,A21,파생상품 관련 손실_파생상품 거래 손실,15562901000,24278210000,국내일반손보사,B,SI023,부문별 손익(파생상품)
405,202209,0013174,농협손해보험주식회사,A22,파생상품 평가 손실,51769067000,99643056000,국내일반손보사,B,SI023,부문별 손익(파생상품)
406,202212,0013174,농협손해보험주식회사,A,파생상품 관련 손익,82937654000,-39802428000,국내일반손보사,B,SI023,부문별 손익(파생상품)
407,202212,0013174,농협손해보험주식회사,A1,파생상품 관련 이익,14811425000,15992609000,국내일반손보사,B,SI023,부문별 손익(파생상품)
408,202212,0013174,농협손해보험주식회사,A11,파생상품 관련 이익_파생상품 거래 이익,18642000,249057000,국내일반손보사,B,SI023,부문별 손익(파생상품)
409,202212,0013174,농협손해보험주식회사,A12,파생상품 관련 이익_파생상품 평가 이익,14792783000,15743552000,국내일반손보사,B,SI023,부문별 손익(파생상품)
410,202212,0013174,농협손해보험주식회사,A2,파생상품 관련 손실,-68126229000,55795037000,국내일반손보사,B,SI023,부문별 손익(파생상품)
411,202212,0013174,농협손해보험주식회사,A21,파생상품 관련 손실_파생상품 거래 손실,9956629000,34234839000,국내일반손보사,B,SI023,부문별 손익(파생상품)
412,202212,0013174,농협손해보험주식회사,A22,파생상품 평가 손실,-78082858000,21560198000,국내일반손보사,B,SI023,부문별 손익(파생상품)
413,202303,0013174,농협손해보험주식회사,A,파생상품 관련 손익,-14869799000,-14869799000,국내일반손보사,B,SI023,부문별 손익(파생상품)
414,202303,0013174,농협손해보험주식회사,A1,파생상품 관련 손익_파생상품 관련 이익,1351980000,1351980000,국내일반손보사,B,SI023,부문별 손익(파생상품)
415,202303,0013174,농협손해보험주식회사,A11,파생상품 거래 이익,1271036000,1271036000,국내일반손보사,B,SI023,부문별 손익(파생상품)
416,202303,0013174,농협손해보험주식회사,A12,파생상품 평가 이익,80944000,80944000,국내일반손보사,B,SI023,부문별 손익(파생상품)
417,202303,0013174,농협손해보험주식회사,A2,파생상품 관련 손실,16221779000,16221779000,국내일반손보사,B,SI023,부문별 손익(파생상품)
418,202303,0013174,농협손해보험주식회사,A21,파생상품 거래 손실,1994082000,1994082000,국내일반손보사,B,SI023,부문별 손익(파생상품)
419,202303,0013174,농협손해보험주식회사,A22,파생상품 평가 손실,14227697000,14227697000,국내일반손보사,B,SI023,부문별 손익(파생상품)
420,202306,0013174,농협손해보험주식회사,A,파생상품 관련 손익,-4771688000,-19641487000,국내일반손보사,B,SI023,부문별 손익(파생상품)
421,202306,0013174,농협손해보험주식회사,A1,파생상품 관련 손익_파생상품 관련 이익,463043000,1815023000,국내일반손보사,B,SI023,부문별 손익(파생상품)
422,202306,0013174,농협손해보험주식회사,A11,파생상품 거래 이익,402137000,1673173000,국내일반손보사,B,SI023,부문별 손익(파생상품)
423,202306,0013174,농협손해보험주식회사,A12,파생상품 평가 이익,60906000,141850000,국내일반손보사,B,SI023,부문별 손익(파생상품)
424,202306,0013174,농협손해보험주식회사,A2,파생상품 관련 손실,5234731000,21456510000,국내일반손보사,B,SI023,부문별 손익(파생상품)
425,202306,0013174,농협손해보험주식회사,A21,파생상품 거래 손실,2738181000,4732263000,국내일반손보사,B,SI023,부문별 손익(파생상품)
426,202306,0013174,농협손해보험주식회사,A22,파생상품 평가 손실,2496550000,16724247000,국내일반손보사,B,SI023,부문별 손익(파생상품)
427,202309,0013174,농협손해보험주식회사,A,파생상품 관련 손익,-13902739000,-33544226000,국내일반손보사,B,SI023,부문별 손익(파생상품)
428,202309,0013174,농협손해보험주식회사,A1,파생상품 관련 손익_파생상품 관련 이익,370969000,2185992000,국내일반손보사,B,SI023,부문별 손익(파생상품)
429,202309,0013174,농협손해보험주식회사,A11,파생상품 거래 이익,500522000,2173695000,국내일반손보사,B,SI023,부문별 손익(파생상품)
430,202309,0013174,농협손해보험주식회사,A12,파생상품 평가 이익,-129553000,12297000,국내일반손보사,B,SI023,부문별 손익(파생상품)
431,202309,0013174,농협손해보험주식회사,A2,파생상품 관련 손실,14273708000,35730218000,국내일반손보사,B,SI023,부문별 손익(파생상품)
432,202309,0013174,농협손해보험주식회사,A21,파생상품 거래 손실,2617373000,7349636000,국내일반손보사,B,SI023,부문별 손익(파생상품)
433,202309,0013174,농협손해보험주식회사,A22,파생상품 평가 손실,11656335000,28380582000,국내일반손보사,B,SI023,부문별 손익(파생상품)
434,202312,0013174,농협손해보험주식회사,A,파생상품 관련 손익,21157549000,-12386677000,국내일반손보사,B,SI023,부문별 손익(파생상품)
435,202312,0013174,농협손해보험주식회사,A1,파생상품 관련 손익_파생상품 관련 이익,4554880000,6740872000,국내일반손보사,B,SI023,부문별 손익(파생상품)
436,202312,0013174,농협손해보험주식회사,A11,파생상품 거래 이익,557749000,2731444000,국내일반손보사,B,SI023,부문별 손익(파생상품)
437,202312,0013174,농협손해보험주식회사,A12,파생상품 평가 이익,3997131000,4009428000,국내일반손보사,B,SI023,부문별 손익(파생상품)
438,202312,0013174,농협손해보험주식회사,A2,파생상품 관련 손실,-16602669000,19127549000,국내일반손보사,B,SI023,부문별 손익(파생상품)
439,202312,0013174,농협손해보험주식회사,A21,파생상품 거래 손실,4460123000,11809759000,국내일반손보사,B,SI023,부문별 손익(파생상품)
440,202312,0013174,농협손해보험주식회사,A22,파생상품 평가 손실,-21062792000,7317790000,국내일반손보사,B,SI023,부문별 손익(파생상품)
441,202403,0013174,농협손해보험주식회사,A,파생상품 관련 손익,-25454635000,-25454635000,국내일반손보사,B,SI023,부문별 손익(파생상품)
442,202403,0013174,농협손해보험주식회사,A1,파생상품 관련 손익_파생상품 관련 이익,126502000,126502000,국내일반손보사,B,SI023,부문별 손익(파생상품)
443,202403,0013174,농협손해보험주식회사,A11,파생상품 거래 이익,109664000,109664000,국내일반손보사,B,SI023,부문별 손익(파생상품)
444,202403,0013174,농협손해보험주식회사,A12,파생상품 평가 이익,16838000,16838000,국내일반손보사,B,SI023,부문별 손익(파생상품)
445,202403,0013174,농협손해보험주식회사,A2,파생상품 관련 손실,25581137000,25581137000,국내일반손보사,B,SI023,부문별 손익(파생상품)
446,202403,0013174,농협손해보험주식회사,A21,파생상품 거래 손실,2451728000,2451728000,국내일반손보사,B,SI023,부문별 손익(파생상품)
447,202403,0013174,농협손해보험주식회사,A22,파생상품 평가 손실,23129409000,23129409000,국내일반손보사,B,SI023,부문별 손익(파생상품)
448,202406,0013174,농협손해보험주식회사,A,파생상품 관련 손익,-20975503000,-46430138000,국내일반손보사,B,SI023,부문별 손익(파생상품)
449,202406,0013174,농협손해보험주식회사,A1,파생상품 관련 손익_파생상품 관련 이익,651531000,778033000,국내일반손보사,B,SI023,부문별 손익(파생상품)
450,202406,0013174,농협손해보험주식회사,A11,파생상품 거래 이익,654443000,764107000,국내일반손보사,B,SI023,부문별 손익(파생상품)
451,202406,0013174,농협손해보험주식회사,A12,파생상품 평가 이익,-2912000,13926000,국내일반손보사,B,SI023,부문별 손익(파생상품)
452,202406,0013174,농협손해보험주식회사,A2,파생상품 관련 손실,21627034000,47208171000,국내일반손보사,B,SI023,부문별 손익(파생상품)
453,202406,0013174,농협손해보험주식회사,A21,파생상품 거래 손실,6013130000,8464858000,국내일반손보사,B,SI023,부문별 손익(파생상품)
454,202406,0013174,농협손해보험주식회사,A22,파생상품 평가 손실,15613904000,38743313000,국내일반손보사,B,SI023,부문별 손익(파생상품)
455,202409,0013174,농협손해보험주식회사,A,파생상품 관련 손익,28331600000,-18098538000,국내일반손보사,B,SI023,부문별 손익(파생상품)
456,202409,0013174,농협손해보험주식회사,A1,파생상품 관련 손익_파생상품 관련 이익,6356526000,7134559000,국내일반손보사,B,SI023,부문별 손익(파생상품)
457,202409,0013174,농협손해보험주식회사,A11,파생상품 거래 이익,794914000,1559021000,국내일반손보사,B,SI023,부문별 손익(파생상품)
458,202409,0013174,농협손해보험주식회사,A12,파생상품 평가 이익,5561612000,5575538000,국내일반손보사,B,SI023,부문별 손익(파생상품)
459,202409,0013174,농협손해보험주식회사,A2,파생상품 관련 손실,-21975074000,25233097000,국내일반손보사,B,SI023,부문별 손익(파생상품)
460,202409,0013174,농협손해보험주식회사,A21,파생상품 거래 손실,8093706000,16558564000,국내일반손보사,B,SI023,부문별 손익(파생상품)
461,202409,0013174,농협손해보험주식회사,A22,파생상품 평가 손실,-30068780000,8674533000,국내일반손보사,B,SI023,부문별 손익(파생상품)
462,202412,0013174,농협손해보험주식회사,A,파생상품 관련 손익,-69520862000,-87619400000,국내일반손보사,B,SI023,부문별 손익(파생상품)
463,202412,0013174,농협손해보험주식회사,A1,파생상품 관련 손익_파생상품 관련 이익,-4918266000,2216293000,국내일반손보사,B,SI023,부문별 손익(파생상품)
464,202412,0013174,농협손해보험주식회사,A11,파생상품 거래 이익,607983000,2167004000,국내일반손보사,B,SI023,부문별 손익(파생상품)
465,202412,0013174,농협손해보험주식회사,A12,파생상품 평가 이익,-5526249000,49289000,국내일반손보사,B,SI023,부문별 손익(파생상품)
466,202412,0013174,농협손해보험주식회사,A2,파생상품 관련 손실,64602596000,89835693000,국내일반손보사,B,SI023,부문별 손익(파생상품)
467,202412,0013174,농협손해보험주식회사,A21,파생상품 거래 손실,14500159000,31058723000,국내일반손보사,B,SI023,부문별 손익(파생상품)
468,202412,0013174,농협손해보험주식회사,A22,파생상품 평가 손실,50102437000,58776970000,국내일반손보사,B,SI023,부문별 손익(파생상품)
469,202503,0013174,농협손해보험주식회사,A,파생상품 관련 손익,-1135291000,-1135291000,국내일반손보사,B,SI023,부문별 손익(파생상품)
470,202503,0013174,농협손해보험주식회사,A1,파생상품 관련 손익_파생상품 관련 이익,2315399000,2315399000,국내일반손보사,B,SI023,부문별 손익(파생상품)
471,202503,0013174,농협손해보험주식회사,A11,파생상품 거래 이익,2125873000,2125873000,국내일반손보사,B,SI023,부문별 손익(파생상품)
472,202503,0013174,농협손해보험주식회사,A12,파생상품 평가 이익,189526000,189526000,국내일반손보사,B,SI023,부문별 손익(파생상품)
473,202503,0013174,농협손해보험주식회사,A2,파생상품 관련 손실,3450690000,3450690000,국내일반손보사,B,SI023,부문별 손익(파생상품)
474,202503,0013174,농협손해보험주식회사,A21,파생상품 거래 손실,79924000,79924000,국내일반손보사,B,SI023,부문별 손익(파생상품)
475,202503,0013174,농협손해보험주식회사,A22,파생상품 평가 손실,3370766000,3370766000,국내일반손보사,B,SI023,부문별 손익(파생상품)
476,202506,0013174,농협손해보험주식회사,A,파생상품 관련 손익,58422450000,57287159000,국내일반손보사,B,SI023,부문별 손익(파생상품)
477,202506,0013174,농협손해보험주식회사,A1,파생상품 관련 손익_파생상품 관련 이익,56647638000,58963037000,국내일반손보사,B,SI023,부문별 손익(파생상품)
478,202506,0013174,농협손해보험주식회사,A11,파생상품 거래 이익,13713972000,15839845000,국내일반손보사,B,SI023,부문별 손익(파생상품)
479,202506,0013174,농협손해보험주식회사,A12,파생상품 평가 이익,42933666000,43123192000,국내일반손보사,B,SI023,부문별 손익(파생상품)
480,202506,0013174,농협손해보험주식회사,A2,파생상품 관련 손실,-1774812000,1675878000,국내일반손보사,B,SI023,부문별 손익(파생상품)
481,202506,0013174,농협손해보험주식회사,A21,파생상품 거래 손실,787499000,867423000,국내일반손보사,B,SI023,부문별 손익(파생상품)
482,202506,0013174,농협손해보험주식회사,A22,파생상품 평가 손실,-2562311000,808455000,국내일반손보사,B,SI023,부문별 손익(파생상품)
483,202509,0013174,농협손해보험주식회사,A,파생상품 관련 손익,-26624393000,30662766000,국내일반손보사,B,SI023,부문별 손익(파생상품)
484,202509,0013174,농협손해보험주식회사,A1,파생상품 관련 손익_파생상품 관련 이익,-17260029000,41703008000,국내일반손보사,B,SI023,부문별 손익(파생상품)
485,202509,0013174,농협손해보험주식회사,A11,파생상품 거래 이익,13015891000,28855736000,국내일반손보사,B,SI023,부문별 손익(파생상품)
486,202509,0013174,농협손해보험주식회사,A12,파생상품 평가 이익,-30275920000,12847272000,국내일반손보사,B,SI023,부문별 손익(파생상품)
487,202509,0013174,농협손해보험주식회사,A2,파생상품 관련 손실,9364364000,11040242000,국내일반손보사,B,SI023,부문별 손익(파생상품)
488,202509,0013174,농협손해보험주식회사,A21,파생상품 거래 손실,9399000,876822000,국내일반손보사,B,SI023,부문별 손익(파생상품)
489,202509,0013174,농협손해보험주식회사,A22,파생상품 평가 손실,9354965000,10163420000,국내일반손보사,B,SI023,부문별 손익(파생상품)
490,201703,0010628,롯데손해보험주식회사,A,파생상품 관련 손익,108531192000,108531192000,국내일반손보사,B,SI023,부문별 손익(파생상품)
491,201703,0010628,롯데손해보험주식회사,A1,파생상품 관련 이익,110154383000,110154383000,국내일반손보사,B,SI023,부문별 손익(파생상품)
492,201703,0010628,롯데손해보험주식회사,A11,파생상품 관련 이익_파생상품 거래 이익,24715728000,24715728000,국내일반손보사,B,SI023,부문별 손익(파생상품)
493,201703,0010628,롯데손해보험주식회사,A12,파생상품 관련 이익_파생상품 평가 이익,85438655000,85438655000,국내일반손보사,B,SI023,부문별 손익(파생상품)
494,201703,0010628,롯데손해보험주식회사,A2,파생상품 관련 손실,1623191000,1623191000,국내일반손보사,B,SI023,부문별 손익(파생상품)
495,201703,0010628,롯데손해보험주식회사,A21,파생상품 관련 손실_파생상품 거래 손실,1484060000,1484060000,국내일반손보사,B,SI023,부문별 손익(파생상품)
496,201703,0010628,롯데손해보험주식회사,A22,파생상품 평가 손실,139131000,139131000,국내일반손보사,B,SI023,부문별 손익(파생상품)
497,201706,0010628,롯데손해보험주식회사,A,파생상품 관련 손익,-31747225000,76783967000,국내일반손보사,B,SI023,부문별 손익(파생상품)
498,201706,0010628,롯데손해보험주식회사,A1,파생상품 관련 이익,-4573947000,105580436000,국내일반손보사,B,SI023,부문별 손익(파생상품)
499,201706,0010628,롯데손해보험주식회사,A11,파생상품 관련 이익_파생상품 거래 이익,36462319000,61178047000,국내일반손보사,B,SI023,부문별 손익(파생상품)
500,201706,0010628,롯데손해보험주식회사,A12,파생상품 관련 이익_파생상품 평가 이익,-41036266000,44402389000,국내일반손보사,B,SI023,부문별 손익(파생상품)
501,201706,0010628,롯데손해보험주식회사,A2,파생상품 관련 손실,27173278000,28796469000,국내일반손보사,B,SI023,부문별 손익(파생상품)
502,201706,0010628,롯데손해보험주식회사,A21,파생상품 관련 손실_파생상품 거래 손실,24103547000,25587607000,국내일반손보사,B,SI023,부문별 손익(파생상품)
503,201706,0010628,롯데손해보험주식회사,A22,파생상품 평가 손실,3069731000,3208862000,국내일반손보사,B,SI023,부문별 손익(파생상품)
504,201709,0010628,롯데손해보험주식회사,A,파생상품 관련 손익,-11650391000,65133576000,국내일반손보사,B,SI023,부문별 손익(파생상품)
505,201709,0010628,롯데손해보험주식회사,A1,파생상품 관련 이익,2694945000,108275381000,국내일반손보사,B,SI023,부문별 손익(파생상품)
506,201709,0010628,롯데손해보험주식회사,A11,파생상품 관련 이익_파생상품 거래 이익,17335452000,78513499000,국내일반손보사,B,SI023,부문별 손익(파생상품)
507,201709,0010628,롯데손해보험주식회사,A12,파생상품 관련 이익_파생상품 평가 이익,-14640507000,29761882000,국내일반손보사,B,SI023,부문별 손익(파생상품)
508,201709,0010628,롯데손해보험주식회사,A2,파생상품 관련 손실,14345336000,43141805000,국내일반손보사,B,SI023,부문별 손익(파생상품)
509,201709,0010628,롯데손해보험주식회사,A21,파생상품 관련 손실_파생상품 거래 손실,4331912000,29919519000,국내일반손보사,B,SI023,부문별 손익(파생상품)
510,201709,0010628,롯데손해보험주식회사,A22,파생상품 평가 손실,10013424000,13222286000,국내일반손보사,B,SI023,부문별 손익(파생상품)
511,201712,0010628,롯데손해보험주식회사,A,파생상품 관련 손익,86906403000,152039979000,국내일반손보사,B,SI023,부문별 손익(파생상품)
512,201712,0010628,롯데손해보험주식회사,A1,파생상품 관련 이익,49155322000,157430703000,국내일반손보사,B,SI023,부문별 손익(파생상품)
513,201712,0010628,롯데손해보험주식회사,A11,파생상품 관련 이익_파생상품 거래 이익,843841000,79357340000,국내일반손보사,B,SI023,부문별 손익(파생상품)
514,201712,0010628,롯데손해보험주식회사,A12,파생상품 관련 이익_파생상품 평가 이익,48311481000,78073363000,국내일반손보사,B,SI023,부문별 손익(파생상품)
515,201712,0010628,롯데손해보험주식회사,A2,파생상품 관련 손실,-37751081000,5390724000,국내일반손보사,B,SI023,부문별 손익(파생상품)
516,201712,0010628,롯데손해보험주식회사,A21,파생상품 관련 손실_파생상품 거래 손실,-24544690000,5374829000,국내일반손보사,B,SI023,부문별 손익(파생상품)
517,201712,0010628,롯데손해보험주식회사,A22,파생상품 평가 손실,-13206391000,15895000,국내일반손보사,B,SI023,부문별 손익(파생상품)
518,201803,0010628,롯데손해보험주식회사,A,파생상품 관련 손익,9054285000,9054285000,국내일반손보사,B,SI023,부문별 손익(파생상품)
519,201803,0010628,롯데손해보험주식회사,A1,파생상품 관련 이익,28157757000,28157757000,국내일반손보사,B,SI023,부문별 손익(파생상품)
520,201803,0010628,롯데손해보험주식회사,A11,파생상품 관련 이익_파생상품 거래 이익,17728084000,17728084000,국내일반손보사,B,SI023,부문별 손익(파생상품)
521,201803,0010628,롯데손해보험주식회사,A12,파생상품 관련 이익_파생상품 평가 이익,10429673000,10429673000,국내일반손보사,B,SI023,부문별 손익(파생상품)
522,201803,0010628,롯데손해보험주식회사,A2,파생상품 관련 손실,19103472000,19103472000,국내일반손보사,B,SI023,부문별 손익(파생상품)
523,201803,0010628,롯데손해보험주식회사,A21,파생상품 관련 손실_파생상품 거래 손실,10363839000,10363839000,국내일반손보사,B,SI023,부문별 손익(파생상품)
524,201803,0010628,롯데손해보험주식회사,A22,파생상품 평가 손실,8739633000,8739633000,국내일반손보사,B,SI023,부문별 손익(파생상품)
525,201806,0010628,롯데손해보험주식회사,A,파생상품 관련 손익,-83128613000,-74074328000,국내일반손보사,B,SI023,부문별 손익(파생상품)
526,201806,0010628,롯데손해보험주식회사,A1,파생상품 관련 이익,-2521556000,25636201000,국내일반손보사,B,SI023,부문별 손익(파생상품)
527,201806,0010628,롯데손해보험주식회사,A11,파생상품 관련 이익_파생상품 거래 이익,3508868000,21236952000,국내일반손보사,B,SI023,부문별 손익(파생상품)
528,201806,0010628,롯데손해보험주식회사,A12,파생상품 관련 이익_파생상품 평가 이익,-6030424000,4399249000,국내일반손보사,B,SI023,부문별 손익(파생상품)
529,201806,0010628,롯데손해보험주식회사,A2,파생상품 관련 손실,80607057000,99710529000,국내일반손보사,B,SI023,부문별 손익(파생상품)
530,201806,0010628,롯데손해보험주식회사,A21,파생상품 관련 손실_파생상품 거래 손실,2383646000,12747485000,국내일반손보사,B,SI023,부문별 손익(파생상품)
531,201806,0010628,롯데손해보험주식회사,A22,파생상품 평가 손실,78223411000,86963044000,국내일반손보사,B,SI023,부문별 손익(파생상품)
532,201809,0010628,롯데손해보험주식회사,A,파생상품 관련 손익,3377841000,-70696487000,국내일반손보사,B,SI023,부문별 손익(파생상품)
533,201809,0010628,롯데손해보험주식회사,A1,파생상품 관련 이익,2718459000,28354660000,국내일반손보사,B,SI023,부문별 손익(파생상품)
534,201809,0010628,롯데손해보험주식회사,A11,파생상품 관련 이익_파생상품 거래 이익,2217447000,23454399000,국내일반손보사,B,SI023,부문별 손익(파생상품)
535,201809,0010628,롯데손해보험주식회사,A12,파생상품 관련 이익_파생상품 평가 이익,501012000,4900261000,국내일반손보사,B,SI023,부문별 손익(파생상품)
536,201809,0010628,롯데손해보험주식회사,A2,파생상품 관련 손실,-659382000,99051147000,국내일반손보사,B,SI023,부문별 손익(파생상품)
537,201809,0010628,롯데손해보험주식회사,A21,파생상품 관련 손실_파생상품 거래 손실,2954918000,15702403000,국내일반손보사,B,SI023,부문별 손익(파생상품)
538,201809,0010628,롯데손해보험주식회사,A22,파생상품 평가 손실,-3614300000,83348744000,국내일반손보사,B,SI023,부문별 손익(파생상품)
539,201812,0010628,롯데손해보험주식회사,A,파생상품 관련 손익,-10778704000,-81475191000,국내일반손보사,B,SI023,부문별 손익(파생상품)
540,201812,0010628,롯데손해보험주식회사,A1,파생상품 관련 이익,6380281000,34734941000,국내일반손보사,B,SI023,부문별 손익(파생상품)
541,201812,0010628,롯데손해보험주식회사,A11,파생상품 관련 이익_파생상품 거래 이익,2448429000,25902828000,국내일반손보사,B,SI023,부문별 손익(파생상품)
542,201812,0010628,롯데손해보험주식회사,A12,파생상품 관련 이익_파생상품 평가 이익,3931852000,8832113000,국내일반손보사,B,SI023,부문별 손익(파생상품)
543,201812,0010628,롯데손해보험주식회사,A2,파생상품 관련 손실,17158985000,116210132000,국내일반손보사,B,SI023,부문별 손익(파생상품)
544,201812,0010628,롯데손해보험주식회사,A21,파생상품 관련 손실_파생상품 거래 손실,15807596000,31509999000,국내일반손보사,B,SI023,부문별 손익(파생상품)
545,201812,0010628,롯데손해보험주식회사,A22,파생상품 평가 손실,1351389000,84700133000,국내일반손보사,B,SI023,부문별 손익(파생상품)
546,201903,0010628,롯데손해보험주식회사,A,파생상품 관련 손익,-31188784000,-31188784000,국내일반손보사,B,SI023,부문별 손익(파생상품)
547,201903,0010628,롯데손해보험주식회사,A1,파생상품 관련 이익,31359333000,31359333000,국내일반손보사,B,SI023,부문별 손익(파생상품)
548,201903,0010628,롯데손해보험주식회사,A11,파생상품 관련 이익_파생상품 거래 이익,12393370000,12393370000,국내일반손보사,B,SI023,부문별 손익(파생상품)
549,201903,0010628,롯데손해보험주식회사,A12,파생상품 관련 이익_파생상품 평가 이익,18965963000,18965963000,국내일반손보사,B,SI023,부문별 손익(파생상품)
550,201903,0010628,롯데손해보험주식회사,A2,파생상품 관련 손실,62548117000,62548117000,국내일반손보사,B,SI023,부문별 손익(파생상품)
551,201903,0010628,롯데손해보험주식회사,A21,파생상품 관련 손실_파생상품 거래 손실,37819398000,37819398000,국내일반손보사,B,SI023,부문별 손익(파생상품)
552,201903,0010628,롯데손해보험주식회사,A22,파생상품 평가 손실,24728719000,24728719000,국내일반손보사,B,SI023,부문별 손익(파생상품)
553,201906,0010628,롯데손해보험주식회사,A,파생상품 관련 손익,-36843137000,-68031921000,국내일반손보사,B,SI023,부문별 손익(파생상품)
554,201906,0010628,롯데손해보험주식회사,A1,파생상품 관련 이익,5097564000,36456897000,국내일반손보사,B,SI023,부문별 손익(파생상품)
555,201906,0010628,롯데손해보험주식회사,A11,파생상품 관련 이익_파생상품 거래 이익,-1596641000,10796729000,국내일반손보사,B,SI023,부문별 손익(파생상품)
556,201906,0010628,롯데손해보험주식회사,A12,파생상품 관련 이익_파생상품 평가 이익,6694205000,25660168000,국내일반손보사,B,SI023,부문별 손익(파생상품)
557,201906,0010628,롯데손해보험주식회사,A2,파생상품 관련 손실,41940701000,104488818000,국내일반손보사,B,SI023,부문별 손익(파생상품)
558,201906,0010628,롯데손해보험주식회사,A21,파생상품 관련 손실_파생상품 거래 손실,30077582000,67896980000,국내일반손보사,B,SI023,부문별 손익(파생상품)
559,201906,0010628,롯데손해보험주식회사,A22,파생상품 평가 손실,11863119000,36591838000,국내일반손보사,B,SI023,부문별 손익(파생상품)
560,201909,0010628,롯데손해보험주식회사,A,파생상품 관련 손익,-66379428000,-134411349000,국내일반손보사,B,SI023,부문별 손익(파생상품)
561,201909,0010628,롯데손해보험주식회사,A1,파생상품 관련 이익,-11347588000,25109309000,국내일반손보사,B,SI023,부문별 손익(파생상품)
562,201909,0010628,롯데손해보험주식회사,A11,파생상품 관련 이익_파생상품 거래 이익,408102000,11204831000,국내일반손보사,B,SI023,부문별 손익(파생상품)
563,201909,0010628,롯데손해보험주식회사,A12,파생상품 관련 이익_파생상품 평가 이익,-11755690000,13904478000,국내일반손보사,B,SI023,부문별 손익(파생상품)
564,201909,0010628,롯데손해보험주식회사,A2,파생상품 관련 손실,55031840000,159520658000,국내일반손보사,B,SI023,부문별 손익(파생상품)
565,201909,0010628,롯데손해보험주식회사,A21,파생상품 관련 손실_파생상품 거래 손실,31406027000,99303007000,국내일반손보사,B,SI023,부문별 손익(파생상품)
566,201909,0010628,롯데손해보험주식회사,A22,파생상품 평가 손실,23625813000,60217651000,국내일반손보사,B,SI023,부문별 손익(파생상품)
567,201912,0010628,롯데손해보험주식회사,A,파생상품 관련 손익,51487212000,-82924137000,국내일반손보사,B,SI023,부문별 손익(파생상품)
568,201912,0010628,롯데손해보험주식회사,A1,파생상품 관련 이익,4597244000,29706553000,국내일반손보사,B,SI023,부문별 손익(파생상품)
569,201912,0010628,롯데손해보험주식회사,A11,파생상품 관련 이익_파생상품 거래 이익,-1649959000,9554872000,국내일반손보사,B,SI023,부문별 손익(파생상품)
570,201912,0010628,롯데손해보험주식회사,A12,파생상품 관련 이익_파생상품 평가 이익,6247203000,20151681000,국내일반손보사,B,SI023,부문별 손익(파생상품)
571,201912,0010628,롯데손해보험주식회사,A2,파생상품 관련 손실,-46889968000,112630690000,국내일반손보사,B,SI023,부문별 손익(파생상품)
572,201912,0010628,롯데손해보험주식회사,A21,파생상품 관련 손실_파생상품 거래 손실,-12134625000,87168382000,국내일반손보사,B,SI023,부문별 손익(파생상품)
573,201912,0010628,롯데손해보험주식회사,A22,파생상품 평가 손실,-34755343000,25462308000,국내일반손보사,B,SI023,부문별 손익(파생상품)
574,202003,0010628,롯데손해보험주식회사,A,파생상품 관련 손익,-67440462000,-67440462000,국내일반손보사,B,SI023,부문별 손익(파생상품)
575,202003,0010628,롯데손해보험주식회사,A1,파생상품 관련 이익,17948105000,17948105000,국내일반손보사,B,SI023,부문별 손익(파생상품)
576,202003,0010628,롯데손해보험주식회사,A11,파생상품 관련 이익_파생상품 거래 이익,2035881000,2035881000,국내일반손보사,B,SI023,부문별 손익(파생상품)
577,202003,0010628,롯데손해보험주식회사,A12,파생상품 관련 이익_파생상품 평가 이익,15912224000,15912224000,국내일반손보사,B,SI023,부문별 손익(파생상품)
578,202003,0010628,롯데손해보험주식회사,A2,파생상품 관련 손실,85388567000,85388567000,국내일반손보사,B,SI023,부문별 손익(파생상품)
579,202003,0010628,롯데손해보험주식회사,A21,파생상품 관련 손실_파생상품 거래 손실,12431635000,12431635000,국내일반손보사,B,SI023,부문별 손익(파생상품)
580,202003,0010628,롯데손해보험주식회사,A22,파생상품 평가 손실,72956932000,72956932000,국내일반손보사,B,SI023,부문별 손익(파생상품)
581,202006,0010628,롯데손해보험주식회사,A,파생상품 관련 손익,-4851045000,-72291507000,국내일반손보사,B,SI023,부문별 손익(파생상품)
582,202006,0010628,롯데손해보험주식회사,A1,파생상품 관련 이익,-3859510000,14088595000,국내일반손보사,B,SI023,부문별 손익(파생상품)
583,202006,0010628,롯데손해보험주식회사,A11,파생상품 관련 이익_파생상품 거래 이익,1055251000,3091132000,국내일반손보사,B,SI023,부문별 손익(파생상품)
584,202006,0010628,롯데손해보험주식회사,A12,파생상품 관련 이익_파생상품 평가 이익,-4914761000,10997463000,국내일반손보사,B,SI023,부문별 손익(파생상품)
585,202006,0010628,롯데손해보험주식회사,A2,파생상품 관련 손실,991535000,86380102000,국내일반손보사,B,SI023,부문별 손익(파생상품)
586,202006,0010628,롯데손해보험주식회사,A21,파생상품 관련 손실_파생상품 거래 손실,23477059000,35908694000,국내일반손보사,B,SI023,부문별 손익(파생상품)
587,202006,0010628,롯데손해보험주식회사,A22,파생상품 평가 손실,-22485524000,50471408000,국내일반손보사,B,SI023,부문별 손익(파생상품)
588,202009,0010628,롯데손해보험주식회사,A,파생상품 관련 손익,14157326000,-58134181000,국내일반손보사,B,SI023,부문별 손익(파생상품)
589,202009,0010628,롯데손해보험주식회사,A1,파생상품 관련 이익,9370186000,23458781000,국내일반손보사,B,SI023,부문별 손익(파생상품)
590,202009,0010628,롯데손해보험주식회사,A11,파생상품 관련 이익_파생상품 거래 이익,3469765000,6560897000,국내일반손보사,B,SI023,부문별 손익(파생상품)
591,202009,0010628,롯데손해보험주식회사,A12,파생상품 관련 이익_파생상품 평가 이익,5900421000,16897884000,국내일반손보사,B,SI023,부문별 손익(파생상품)
592,202009,0010628,롯데손해보험주식회사,A2,파생상품 관련 손실,-4787140000,81592962000,국내일반손보사,B,SI023,부문별 손익(파생상품)
593,202009,0010628,롯데손해보험주식회사,A21,파생상품 관련 손실_파생상품 거래 손실,9701865000,45610559000,국내일반손보사,B,SI023,부문별 손익(파생상품)
594,202009,0010628,롯데손해보험주식회사,A22,파생상품 평가 손실,-14489005000,35982403000,국내일반손보사,B,SI023,부문별 손익(파생상품)
595,202012,0010628,롯데손해보험주식회사,A,파생상품 관련 손익,69356710000,11222529000,국내일반손보사,B,SI023,부문별 손익(파생상품)
596,202012,0010628,롯데손해보험주식회사,A1,파생상품 관련 이익,56425724000,79884505000,국내일반손보사,B,SI023,부문별 손익(파생상품)
597,202012,0010628,롯데손해보험주식회사,A11,파생상품 관련 이익_파생상품 거래 이익,5790244000,12351141000,국내일반손보사,B,SI023,부문별 손익(파생상품)
598,202012,0010628,롯데손해보험주식회사,A12,파생상품 관련 이익_파생상품 평가 이익,50635480000,67533364000,국내일반손보사,B,SI023,부문별 손익(파생상품)
599,202012,0010628,롯데손해보험주식회사,A2,파생상품 관련 손실,-12930986000,68661976000,국내일반손보사,B,SI023,부문별 손익(파생상품)
600,202012,0010628,롯데손해보험주식회사,A21,파생상품 관련 손실_파생상품 거래 손실,3733334000,49343893000,국내일반손보사,B,SI023,부문별 손익(파생상품)
601,202012,0010628,롯데손해보험주식회사,A22,파생상품 평가 손실,-16664320000,19318083000,국내일반손보사,B,SI023,부문별 손익(파생상품)
602,202103,0010628,롯데손해보험주식회사,A,파생상품 관련 손익,-38999053000,-38999053000,국내일반손보사,B,SI023,부문별 손익(파생상품)
603,202103,0010628,롯데손해보험주식회사,A1,파생상품 관련 이익,5127710000,5127710000,국내일반손보사,B,SI023,부문별 손익(파생상품)
604,202103,0010628,롯데손해보험주식회사,A11,파생상품 관련 이익_파생상품 거래 이익,298601000,298601000,국내일반손보사,B,SI023,부문별 손익(파생상품)
605,202103,0010628,롯데손해보험주식회사,A12,파생상품 관련 이익_파생상품 평가 이익,4829109000,4829109000,국내일반손보사,B,SI023,부문별 손익(파생상품)
606,202103,0010628,롯데손해보험주식회사,A2,파생상품 관련 손실,44126763000,44126763000,국내일반손보사,B,SI023,부문별 손익(파생상품)
607,202103,0010628,롯데손해보험주식회사,A21,파생상품 관련 손실_파생상품 거래 손실,7565533000,7565533000,국내일반손보사,B,SI023,부문별 손익(파생상품)
608,202103,0010628,롯데손해보험주식회사,A22,파생상품 평가 손실,36561230000,36561230000,국내일반손보사,B,SI023,부문별 손익(파생상품)
609,202106,0010628,롯데손해보험주식회사,A,파생상품 관련 손익,1598327000,-37400726000,국내일반손보사,B,SI023,부문별 손익(파생상품)
610,202106,0010628,롯데손해보험주식회사,A1,파생상품 관련 이익,-4052450000,1075260000,국내일반손보사,B,SI023,부문별 손익(파생상품)
611,202106,0010628,롯데손해보험주식회사,A11,파생상품 관련 이익_파생상품 거래 이익,84021000,382622000,국내일반손보사,B,SI023,부문별 손익(파생상품)
612,202106,0010628,롯데손해보험주식회사,A12,파생상품 관련 이익_파생상품 평가 이익,-4136471000,692638000,국내일반손보사,B,SI023,부문별 손익(파생상품)
613,202106,0010628,롯데손해보험주식회사,A2,파생상품 관련 손실,-5650777000,38475986000,국내일반손보사,B,SI023,부문별 손익(파생상품)
614,202106,0010628,롯데손해보험주식회사,A21,파생상품 관련 손실_파생상품 거래 손실,5423873000,12989406000,국내일반손보사,B,SI023,부문별 손익(파생상품)
615,202106,0010628,롯데손해보험주식회사,A22,파생상품 평가 손실,-11074650000,25486580000,국내일반손보사,B,SI023,부문별 손익(파생상품)
616,202109,0010628,롯데손해보험주식회사,A,파생상품 관련 손익,-48113210000,-85513936000,국내일반손보사,B,SI023,부문별 손익(파생상품)
617,202109,0010628,롯데손해보험주식회사,A1,파생상품 관련 이익,916971000,1992231000,국내일반손보사,B,SI023,부문별 손익(파생상품)
618,202109,0010628,롯데손해보험주식회사,A11,파생상품 관련 이익_파생상품 거래 이익,9988000,392610000,국내일반손보사,B,SI023,부문별 손익(파생상품)
619,202109,0010628,롯데손해보험주식회사,A12,파생상품 관련 이익_파생상품 평가 이익,906983000,1599621000,국내일반손보사,B,SI023,부문별 손익(파생상품)
620,202109,0010628,롯데손해보험주식회사,A2,파생상품 관련 손실,49030181000,87506167000,국내일반손보사,B,SI023,부문별 손익(파생상품)
621,202109,0010628,롯데손해보험주식회사,A21,파생상품 관련 손실_파생상품 거래 손실,18126429000,31115835000,국내일반손보사,B,SI023,부문별 손익(파생상품)
622,202109,0010628,롯데손해보험주식회사,A22,파생상품 평가 손실,30903752000,56390332000,국내일반손보사,B,SI023,부문별 손익(파생상품)
623,202112,0010628,롯데손해보험주식회사,A,파생상품 관련 손익,6366680000,-79147256000,국내일반손보사,B,SI023,부문별 손익(파생상품)
624,202112,0010628,롯데손해보험주식회사,A1,파생상품 관련 이익,6497948000,8490179000,국내일반손보사,B,SI023,부문별 손익(파생상품)
625,202112,0010628,롯데손해보험주식회사,A11,파생상품 관련 이익_파생상품 거래 이익,1237099000,1629709000,국내일반손보사,B,SI023,부문별 손익(파생상품)
626,202112,0010628,롯데손해보험주식회사,A12,파생상품 관련 이익_파생상품 평가 이익,5260849000,6860470000,국내일반손보사,B,SI023,부문별 손익(파생상품)
627,202112,0010628,롯데손해보험주식회사,A2,파생상품 관련 손실,131268000,87637435000,국내일반손보사,B,SI023,부문별 손익(파생상품)
628,202112,0010628,롯데손해보험주식회사,A21,파생상품 관련 손실_파생상품 거래 손실,14255023000,45370858000,국내일반손보사,B,SI023,부문별 손익(파생상품)
629,202112,0010628,롯데손해보험주식회사,A22,파생상품 평가 손실,-14123755000,42266577000,국내일반손보사,B,SI023,부문별 손익(파생상품)
630,202203,0010628,롯데손해보험주식회사,A,파생상품 관련 손익,-50872308000,-50872308000,국내일반손보사,B,SI023,부문별 손익(파생상품)
631,202203,0010628,롯데손해보험주식회사,A1,파생상품 관련 이익,5018912000,5018912000,국내일반손보사,B,SI023,부문별 손익(파생상품)
632,202203,0010628,롯데손해보험주식회사,A11,파생상품 관련 이익_파생상품 거래 이익,3811360000,3811360000,국내일반손보사,B,SI023,부문별 손익(파생상품)
633,202203,0010628,롯데손해보험주식회사,A12,파생상품 관련 이익_파생상품 평가 이익,1207552000,1207552000,국내일반손보사,B,SI023,부문별 손익(파생상품)
634,202203,0010628,롯데손해보험주식회사,A2,파생상품 관련 손실,55891220000,55891220000,국내일반손보사,B,SI023,부문별 손익(파생상품)
635,202203,0010628,롯데손해보험주식회사,A21,파생상품 관련 손실_파생상품 거래 손실,6470993000,6470993000,국내일반손보사,B,SI023,부문별 손익(파생상품)
636,202203,0010628,롯데손해보험주식회사,A22,파생상품 평가 손실,49420227000,49420227000,국내일반손보사,B,SI023,부문별 손익(파생상품)
637,202206,0010628,롯데손해보험주식회사,A,파생상품 관련 손익,-84702312000,-112441846000,국내일반손보사,B,SI023,부문별 손익(파생상품)
638,202206,0010628,롯데손해보험주식회사,A1,파생상품 관련 이익,4009947000,4655898000,국내일반손보사,B,SI023,부문별 손익(파생상품)
639,202206,0010628,롯데손해보험주식회사,A11,파생상품 관련 이익_파생상품 거래 이익,95605000,135663000,국내일반손보사,B,SI023,부문별 손익(파생상품)
640,202206,0010628,롯데손해보험주식회사,A12,파생상품 관련 이익_파생상품 평가 이익,3914342000,4520235000,국내일반손보사,B,SI023,부문별 손익(파생상품)
641,202206,0010628,롯데손해보험주식회사,A2,파생상품 관련 손실,88712259000,117097744000,국내일반손보사,B,SI023,부문별 손익(파생상품)
642,202206,0010628,롯데손해보험주식회사,A21,파생상품 관련 손실_파생상품 거래 손실,22707044000,25924788000,국내일반손보사,B,SI023,부문별 손익(파생상품)
643,202206,0010628,롯데손해보험주식회사,A22,파생상품 평가 손실,66005215000,91172956000,국내일반손보사,B,SI023,부문별 손익(파생상품)
644,202209,0010628,롯데손해보험주식회사,A,파생상품 관련 손익,-196875732000,-331231498000,국내일반손보사,B,SI023,부문별 손익(파생상품)
645,202209,0010628,롯데손해보험주식회사,A1,파생상품 관련 이익,-7025346000,5943723000,국내일반손보사,B,SI023,부문별 손익(파생상품)
646,202209,0010628,롯데손해보험주식회사,A11,파생상품 관련 이익_파생상품 거래 이익,121144000,5361607000,국내일반손보사,B,SI023,부문별 손익(파생상품)
647,202209,0010628,롯데손해보험주식회사,A12,파생상품 관련 이익_파생상품 평가 이익,-7146490000,582116000,국내일반손보사,B,SI023,부문별 손익(파생상품)
648,202209,0010628,롯데손해보험주식회사,A2,파생상품 관련 손실,189850386000,337175221000,국내일반손보사,B,SI023,부문별 손익(파생상품)
649,202209,0010628,롯데손해보험주식회사,A21,파생상품 관련 손실_파생상품 거래 손실,39628187000,63863518000,국내일반손보사,B,SI023,부문별 손익(파생상품)
650,202209,0010628,롯데손해보험주식회사,A22,파생상품 평가 손실,150222199000,273311703000,국내일반손보사,B,SI023,부문별 손익(파생상품)
651,202212,0010628,롯데손해보험주식회사,A,파생상품 관련 손익,235862840000,-95368658000,국내일반손보사,B,SI023,부문별 손익(파생상품)
652,202212,0010628,롯데손해보험주식회사,A1,파생상품 관련 이익,58753123000,64696846000,국내일반손보사,B,SI023,부문별 손익(파생상품)
653,202212,0010628,롯데손해보험주식회사,A11,파생상품 관련 이익_파생상품 거래 이익,19668210000,25029817000,국내일반손보사,B,SI023,부문별 손익(파생상품)
654,202212,0010628,롯데손해보험주식회사,A12,파생상품 관련 이익_파생상품 평가 이익,39084913000,39667029000,국내일반손보사,B,SI023,부문별 손익(파생상품)
655,202212,0010628,롯데손해보험주식회사,A2,파생상품 관련 손실,-177109717000,160065504000,국내일반손보사,B,SI023,부문별 손익(파생상품)
656,202212,0010628,롯데손해보험주식회사,A21,파생상품 관련 손실_파생상품 거래 손실,25994320000,89857838000,국내일반손보사,B,SI023,부문별 손익(파생상품)
657,202212,0010628,롯데손해보험주식회사,A22,파생상품 평가 손실,-203104037000,70207666000,국내일반손보사,B,SI023,부문별 손익(파생상품)
658,202303,0010628,롯데손해보험주식회사,A,파생상품 관련 손익,-80178494000,-80178494000,국내일반손보사,B,SI023,부문별 손익(파생상품)
659,202303,0010628,롯데손해보험주식회사,A1,파생상품 관련 손익_파생상품 관련 이익,22366149000,22366149000,국내일반손보사,B,SI023,부문별 손익(파생상품)
660,202303,0010628,롯데손해보험주식회사,A11,파생상품 거래 이익,17843917000,17843917000,국내일반손보사,B,SI023,부문별 손익(파생상품)
661,202303,0010628,롯데손해보험주식회사,A12,파생상품 평가 이익,4522232000,4522232000,국내일반손보사,B,SI023,부문별 손익(파생상품)
662,202303,0010628,롯데손해보험주식회사,A2,파생상품 관련 손실,102544643000,102544643000,국내일반손보사,B,SI023,부문별 손익(파생상품)
663,202303,0010628,롯데손해보험주식회사,A21,파생상품 거래 손실,41337580000,41337580000,국내일반손보사,B,SI023,부문별 손익(파생상품)
664,202303,0010628,롯데손해보험주식회사,A22,파생상품 평가 손실,61207063000,61207063000,국내일반손보사,B,SI023,부문별 손익(파생상품)
665,202306,0010628,롯데손해보험주식회사,A,파생상품 관련 손익,-11431466000,-91609960000,국내일반손보사,B,SI023,부문별 손익(파생상품)
666,202306,0010628,롯데손해보험주식회사,A1,파생상품 관련 손익_파생상품 관련 이익,28286189000,50652338000,국내일반손보사,B,SI023,부문별 손익(파생상품)
667,202306,0010628,롯데손해보험주식회사,A11,파생상품 거래 이익,27711173000,45555090000,국내일반손보사,B,SI023,부문별 손익(파생상품)
668,202306,0010628,롯데손해보험주식회사,A12,파생상품 평가 이익,575016000,5097248000,국내일반손보사,B,SI023,부문별 손익(파생상품)
669,202306,0010628,롯데손해보험주식회사,A2,파생상품 관련 손실,39717655000,142262298000,국내일반손보사,B,SI023,부문별 손익(파생상품)
670,202306,0010628,롯데손해보험주식회사,A21,파생상품 거래 손실,39673293000,81010873000,국내일반손보사,B,SI023,부문별 손익(파생상품)
671,202306,0010628,롯데손해보험주식회사,A22,파생상품 평가 손실,44362000,61251425000,국내일반손보사,B,SI023,부문별 손익(파생상품)
672,202309,0010628,롯데손해보험주식회사,A,파생상품 관련 손익,-42327526000,-133937486000,국내일반손보사,B,SI023,부문별 손익(파생상품)
673,202309,0010628,롯데손해보험주식회사,A1,파생상품 관련 손익_파생상품 관련 이익,9050449000,59702787000,국내일반손보사,B,SI023,부문별 손익(파생상품)
674,202309,0010628,롯데손해보험주식회사,A11,파생상품 거래 이익,13156141000,58711231000,국내일반손보사,B,SI023,부문별 손익(파생상품)
675,202309,0010628,롯데손해보험주식회사,A12,파생상품 평가 이익,-4105692000,991556000,국내일반손보사,B,SI023,부문별 손익(파생상품)
676,202309,0010628,롯데손해보험주식회사,A2,파생상품 관련 손실,51377975000,193640273000,국내일반손보사,B,SI023,부문별 손익(파생상품)
677,202309,0010628,롯데손해보험주식회사,A21,파생상품 거래 손실,21856653000,102867526000,국내일반손보사,B,SI023,부문별 손익(파생상품)
678,202309,0010628,롯데손해보험주식회사,A22,파생상품 평가 손실,29521322000,90772747000,국내일반손보사,B,SI023,부문별 손익(파생상품)
679,202312,0010628,롯데손해보험주식회사,A,파생상품 관련 손익,41918917315,-92018568685,국내일반손보사,B,SI023,부문별 손익(파생상품)
680,202312,0010628,롯데손해보험주식회사,A1,파생상품 관련 손익_파생상품 관련 이익,34220478907,93923265907,국내일반손보사,B,SI023,부문별 손익(파생상품)
681,202312,0010628,롯데손해보험주식회사,A11,파생상품 거래 이익,22097172488,80808403488,국내일반손보사,B,SI023,부문별 손익(파생상품)
682,202312,0010628,롯데손해보험주식회사,A12,파생상품 평가 이익,12123306419,13114862419,국내일반손보사,B,SI023,부문별 손익(파생상품)
683,202312,0010628,롯데손해보험주식회사,A2,파생상품 관련 손실,-7698438408,185941834592,국내일반손보사,B,SI023,부문별 손익(파생상품)
684,202312,0010628,롯데손해보험주식회사,A21,파생상품 거래 손실,32741496800,135609022800,국내일반손보사,B,SI023,부문별 손익(파생상품)
685,202312,0010628,롯데손해보험주식회사,A22,파생상품 평가 손실,-40439935208,50332811792,국내일반손보사,B,SI023,부문별 손익(파생상품)
686,202403,0010628,롯데손해보험주식회사,A,파생상품 관련 손익,-81757062895,-81757062895,국내일반손보사,B,SI023,부문별 손익(파생상품)
687,202403,0010628,롯데손해보험주식회사,A1,파생상품 관련 손익_파생상품 관련 이익,9820139270,9820139270,국내일반손보사,B,SI023,부문별 손익(파생상품)
688,202403,0010628,롯데손해보험주식회사,A11,파생상품 거래 이익,6942685244,6942685244,국내일반손보사,B,SI023,부문별 손익(파생상품)
689,202403,0010628,롯데손해보험주식회사,A12,파생상품 평가 이익,2877454026,2877454026,국내일반손보사,B,SI023,부문별 손익(파생상품)
690,202403,0010628,롯데손해보험주식회사,A2,파생상품 관련 손실,91577202165,91577202165,국내일반손보사,B,SI023,부문별 손익(파생상품)
691,202403,0010628,롯데손해보험주식회사,A21,파생상품 거래 손실,35494403150,35494403150,국내일반손보사,B,SI023,부문별 손익(파생상품)
692,202403,0010628,롯데손해보험주식회사,A22,파생상품 평가 손실,56082799015,56082799015,국내일반손보사,B,SI023,부문별 손익(파생상품)
693,202406,0010628,롯데손해보험주식회사,A,파생상품 관련 손익,-94741156396,-176498219291,국내일반손보사,B,SI023,부문별 손익(파생상품)
694,202406,0010628,롯데손해보험주식회사,A1,파생상품 관련 손익_파생상품 관련 이익,7600322195,17420461465,국내일반손보사,B,SI023,부문별 손익(파생상품)
695,202406,0010628,롯데손해보험주식회사,A11,파생상품 거래 이익,9997589965,16940275209,국내일반손보사,B,SI023,부문별 손익(파생상품)
696,202406,0010628,롯데손해보험주식회사,A12,파생상품 평가 이익,-2397267770,480186256,국내일반손보사,B,SI023,부문별 손익(파생상품)
697,202406,0010628,롯데손해보험주식회사,A2,파생상품 관련 손실,102341478591,193918680756,국내일반손보사,B,SI023,부문별 손익(파생상품)
698,202406,0010628,롯데손해보험주식회사,A21,파생상품 거래 손실,52396320959,87890724109,국내일반손보사,B,SI023,부문별 손익(파생상품)
699,202406,0010628,롯데손해보험주식회사,A22,파생상품 평가 손실,49945157632,106027956647,국내일반손보사,B,SI023,부문별 손익(파생상품)
700,202409,0010628,롯데손해보험주식회사,A,파생상품 관련 손익,87462047291,-89036172000,국내일반손보사,B,SI023,부문별 손익(파생상품)
701,202409,0010628,롯데손해보험주식회사,A1,파생상품 관련 손익_파생상품 관련 이익,43718993535,61139455000,국내일반손보사,B,SI023,부문별 손익(파생상품)
702,202409,0010628,롯데손해보험주식회사,A11,파생상품 거래 이익,15751542791,32691818000,국내일반손보사,B,SI023,부문별 손익(파생상품)
703,202409,0010628,롯데손해보험주식회사,A12,파생상품 평가 이익,27967450744,28447637000,국내일반손보사,B,SI023,부문별 손익(파생상품)
704,202409,0010628,롯데손해보험주식회사,A2,파생상품 관련 손실,-43743053756,150175627000,국내일반손보사,B,SI023,부문별 손익(파생상품)
705,202409,0010628,롯데손해보험주식회사,A21,파생상품 거래 손실,22314350891,110205075000,국내일반손보사,B,SI023,부문별 손익(파생상품)
706,202409,0010628,롯데손해보험주식회사,A22,파생상품 평가 손실,-66057404647,39970552000,국내일반손보사,B,SI023,부문별 손익(파생상품)
707,202412,0010628,롯데손해보험주식회사,A,파생상품 관련 손익,-232115360297,-321151532297,국내일반손보사,B,SI023,부문별 손익(파생상품)
708,202412,0010628,롯데손해보험주식회사,A1,파생상품 관련 손익_파생상품 관련 이익,-11676675428,49462779572,국내일반손보사,B,SI023,부문별 손익(파생상품)
709,202412,0010628,롯데손해보험주식회사,A11,파생상품 거래 이익,16348267312,49040085312,국내일반손보사,B,SI023,부문별 손익(파생상품)
710,202412,0010628,롯데손해보험주식회사,A12,파생상품 평가 이익,-28024942740,422694260,국내일반손보사,B,SI023,부문별 손익(파생상품)
711,202412,0010628,롯데손해보험주식회사,A2,파생상품 관련 손실,220438684869,370614311869,국내일반손보사,B,SI023,부문별 손익(파생상품)
712,202412,0010628,롯데손해보험주식회사,A21,파생상품 거래 손실,58740108159,168945183159,국내일반손보사,B,SI023,부문별 손익(파생상품)
713,202412,0010628,롯데손해보험주식회사,A22,파생상품 평가 손실,161698576710,201669128710,국내일반손보사,B,SI023,부문별 손익(파생상품)
714,202503,0010628,롯데손해보험주식회사,A,파생상품 관련 손익,-32671792094,-32671792094,국내일반손보사,B,SI023,부문별 손익(파생상품)
715,202503,0010628,롯데손해보험주식회사,A1,파생상품 관련 손익_파생상품 관련 이익,24364026315,24364026315,국내일반손보사,B,SI023,부문별 손익(파생상품)
716,202503,0010628,롯데손해보험주식회사,A11,파생상품 거래 이익,12656882176,12656882176,국내일반손보사,B,SI023,부문별 손익(파생상품)
717,202503,0010628,롯데손해보험주식회사,A12,파생상품 평가 이익,11707144139,11707144139,국내일반손보사,B,SI023,부문별 손익(파생상품)
718,202503,0010628,롯데손해보험주식회사,A2,파생상품 관련 손실,57035818409,57035818409,국내일반손보사,B,SI023,부문별 손익(파생상품)
719,202503,0010628,롯데손해보험주식회사,A21,파생상품 거래 손실,9483103113,9483103113,국내일반손보사,B,SI023,부문별 손익(파생상품)
720,202503,0010628,롯데손해보험주식회사,A22,파생상품 평가 손실,47552715296,47552715296,국내일반손보사,B,SI023,부문별 손익(파생상품)
721,202506,0010628,롯데손해보험주식회사,A,파생상품 관련 손익,152238684094,119566892000,국내일반손보사,B,SI023,부문별 손익(파생상품)
722,202506,0010628,롯데손해보험주식회사,A1,파생상품 관련 손익_파생상품 관련 이익,147751541685,172115568000,국내일반손보사,B,SI023,부문별 손익(파생상품)
723,202506,0010628,롯데손해보험주식회사,A11,파생상품 거래 이익,42491232824,55148115000,국내일반손보사,B,SI023,부문별 손익(파생상품)
724,202506,0010628,롯데손해보험주식회사,A12,파생상품 평가 이익,105260308861,116967453000,국내일반손보사,B,SI023,부문별 손익(파생상품)
725,202506,0010628,롯데손해보험주식회사,A2,파생상품 관련 손실,-4487142409,52548676000,국내일반손보사,B,SI023,부문별 손익(파생상품)
726,202506,0010628,롯데손해보험주식회사,A21,파생상품 거래 손실,21037523887,30520627000,국내일반손보사,B,SI023,부문별 손익(파생상품)
727,202506,0010628,롯데손해보험주식회사,A22,파생상품 평가 손실,-25524666296,22028049000,국내일반손보사,B,SI023,부문별 손익(파생상품)
728,202509,0010628,롯데손해보험주식회사,A,파생상품 관련 손익,-107016325000,12550567000,국내일반손보사,B,SI023,부문별 손익(파생상품)
729,202509,0010628,롯데손해보험주식회사,A1,파생상품 관련 손익_파생상품 관련 이익,-45987553000,126128015000,국내일반손보사,B,SI023,부문별 손익(파생상품)
730,202509,0010628,롯데손해보험주식회사,A11,파생상품 거래 이익,28279255000,83427370000,국내일반손보사,B,SI023,부문별 손익(파생상품)
731,202509,0010628,롯데손해보험주식회사,A12,파생상품 평가 이익,-74266808000,42700645000,국내일반손보사,B,SI023,부문별 손익(파생상품)
732,202509,0010628,롯데손해보험주식회사,A2,파생상품 관련 손실,61028772000,113577448000,국내일반손보사,B,SI023,부문별 손익(파생상품)
733,202509,0010628,롯데손해보험주식회사,A21,파생상품 거래 손실,11740524000,42261151000,국내일반손보사,B,SI023,부문별 손익(파생상품)
734,202509,0010628,롯데손해보험주식회사,A22,파생상품 평가 손실,49288248000,71316297000,국내일반손보사,B,SI023,부문별 손익(파생상품)
735,202506,0021304,마이브라운반려동물전문보험,A,파생상품 관련 손익,0,0,국내일반손보사,B,SI023,부문별 손익(파생상품)
736,202506,0021304,마이브라운반려동물전문보험,A1,파생상품 관련 손익_파생상품 관련 이익,0,0,국내일반손보사,B,SI023,부문별 손익(파생상품)
737,202506,0021304,마이브라운반려동물전문보험,A11,파생상품 거래 이익,0,0,국내일반손보사,B,SI023,부문별 손익(파생상품)
738,202506,0021304,마이브라운반려동물전문보험,A12,파생상품 평가 이익,0,0,국내일반손보사,B,SI023,부문별 손익(파생상품)
739,202506,0021304,마이브라운반려동물전문보험,A2,파생상품 관련 손실,0,0,국내일반손보사,B,SI023,부문별 손익(파생상품)
740,202506,0021304,마이브라운반려동물전문보험,A21,파생상품 거래 손실,0,0,국내일반손보사,B,SI023,부문별 손익(파생상품)
741,202506,0021304,마이브라운반려동물전문보험,A22,파생상품 평가 손실,0,0,국내일반손보사,B,SI023,부문별 손익(파생상품)
742,202509,0021304,마이브라운반려동물전문보험,A,파생상품 관련 손익,0,0,국내일반손보사,B,SI023,부문별 손익(파생상품)
743,202509,0021304,마이브라운반려동물전문보험,A1,파생상품 관련 손익_파생상품 관련 이익,0,0,국내일반손보사,B,SI023,부문별 손익(파생상품)
744,202509,0021304,마이브라운반려동물전문보험,A11,파생상품 거래 이익,0,0,국내일반손보사,B,SI023,부문별 손익(파생상품)
745,202509,0021304,마이브라운반려동물전문보험,A12,파생상품 평가 이익,0,0,국내일반손보사,B,SI023,부문별 손익(파생상품)
746,202509,0021304,마이브라운반려동물전문보험,A2,파생상품 관련 손실,0,0,국내일반손보사,B,SI023,부문별 손익(파생상품)
747,202509,0021304,마이브라운반려동물전문보험,A21,파생상품 거래 손실,0,0,국내일반손보사,B,SI023,부문별 손익(파생상품)
748,202509,0021304,마이브라운반려동물전문보험,A22,파생상품 평가 손실,0,0,국내일반손보사,B,SI023,부문별 손익(파생상품)
749,201703,0010626,메리츠화재해상보험주식회사,A,파생상품 관련 손익,201180552000,201180552000,국내일반손보사,B,SI023,부문별 손익(파생상품)
750,201703,0010626,메리츠화재해상보험주식회사,A1,파생상품 관련 이익,202084921000,202084921000,국내일반손보사,B,SI023,부문별 손익(파생상품)
751,201703,0010626,메리츠화재해상보험주식회사,A11,파생상품 관련 이익_파생상품 거래 이익,39227982000,39227982000,국내일반손보사,B,SI023,부문별 손익(파생상품)
752,201703,0010626,메리츠화재해상보험주식회사,A12,파생상품 관련 이익_파생상품 평가 이익,162856939000,162856939000,국내일반손보사,B,SI023,부문별 손익(파생상품)
753,201703,0010626,메리츠화재해상보험주식회사,A2,파생상품 관련 손실,904369000,904369000,국내일반손보사,B,SI023,부문별 손익(파생상품)
754,201703,0010626,메리츠화재해상보험주식회사,A21,파생상품 관련 손실_파생상품 거래 손실,0,0,국내일반손보사,B,SI023,부문별 손익(파생상품)
755,201703,0010626,메리츠화재해상보험주식회사,A22,파생상품 평가 손실,904369000,904369000,국내일반손보사,B,SI023,부문별 손익(파생상품)
756,201706,0010626,메리츠화재해상보험주식회사,A,파생상품 관련 손익,-55301688000,145878864000,국내일반손보사,B,SI023,부문별 손익(파생상품)
757,201706,0010626,메리츠화재해상보험주식회사,A1,파생상품 관련 이익,-45946350000,156138571000,국내일반손보사,B,SI023,부문별 손익(파생상품)
758,201706,0010626,메리츠화재해상보험주식회사,A11,파생상품 관련 이익_파생상품 거래 이익,33321903000,72549885000,국내일반손보사,B,SI023,부문별 손익(파생상품)
759,201706,0010626,메리츠화재해상보험주식회사,A12,파생상품 관련 이익_파생상품 평가 이익,-79268253000,83588686000,국내일반손보사,B,SI023,부문별 손익(파생상품)
760,201706,0010626,메리츠화재해상보험주식회사,A2,파생상품 관련 손실,9355338000,10259707000,국내일반손보사,B,SI023,부문별 손익(파생상품)
761,201706,0010626,메리츠화재해상보험주식회사,A21,파생상품 관련 손실_파생상품 거래 손실,125389000,125389000,국내일반손보사,B,SI023,부문별 손익(파생상품)
762,201706,0010626,메리츠화재해상보험주식회사,A22,파생상품 평가 손실,9229949000,10134318000,국내일반손보사,B,SI023,부문별 손익(파생상품)
763,201709,0010626,메리츠화재해상보험주식회사,A,파생상품 관련 손익,-21764005000,124114859000,국내일반손보사,B,SI023,부문별 손익(파생상품)
764,201709,0010626,메리츠화재해상보험주식회사,A1,파생상품 관련 이익,-3210609000,152927962000,국내일반손보사,B,SI023,부문별 손익(파생상품)
765,201709,0010626,메리츠화재해상보험주식회사,A11,파생상품 관련 이익_파생상품 거래 이익,41147243000,113697128000,국내일반손보사,B,SI023,부문별 손익(파생상품)
766,201709,0010626,메리츠화재해상보험주식회사,A12,파생상품 관련 이익_파생상품 평가 이익,-44357852000,39230834000,국내일반손보사,B,SI023,부문별 손익(파생상품)
767,201709,0010626,메리츠화재해상보험주식회사,A2,파생상품 관련 손실,18553396000,28813103000,국내일반손보사,B,SI023,부문별 손익(파생상품)
768,201709,0010626,메리츠화재해상보험주식회사,A21,파생상품 관련 손실_파생상품 거래 손실,1238020000,1363409000,국내일반손보사,B,SI023,부문별 손익(파생상품)
769,201709,0010626,메리츠화재해상보험주식회사,A22,파생상품 평가 손실,17315376000,27449694000,국내일반손보사,B,SI023,부문별 손익(파생상품)
770,201712,0010626,메리츠화재해상보험주식회사,A,파생상품 관련 손익,196000230000,320115089000,국내일반손보사,B,SI023,부문별 손익(파생상품)
771,201712,0010626,메리츠화재해상보험주식회사,A1,파생상품 관련 이익,170182886000,323110848000,국내일반손보사,B,SI023,부문별 손익(파생상품)
772,201712,0010626,메리츠화재해상보험주식회사,A11,파생상품 관련 이익_파생상품 거래 이익,55079047000,168776175000,국내일반손보사,B,SI023,부문별 손익(파생상품)
773,201712,0010626,메리츠화재해상보험주식회사,A12,파생상품 관련 이익_파생상품 평가 이익,115103839000,154334673000,국내일반손보사,B,SI023,부문별 손익(파생상품)
774,201712,0010626,메리츠화재해상보험주식회사,A2,파생상품 관련 손실,-25817344000,2995759000,국내일반손보사,B,SI023,부문별 손익(파생상품)
775,201712,0010626,메리츠화재해상보험주식회사,A21,파생상품 관련 손실_파생상품 거래 손실,571404000,1934813000,국내일반손보사,B,SI023,부문별 손익(파생상품)
776,201712,0010626,메리츠화재해상보험주식회사,A22,파생상품 평가 손실,-26388748000,1060946000,국내일반손보사,B,SI023,부문별 손익(파생상품)
777,201803,0010626,메리츠화재해상보험주식회사,A,파생상품 관련 손익,11258418000,11258418000,국내일반손보사,B,SI023,부문별 손익(파생상품)
778,201803,0010626,메리츠화재해상보험주식회사,A1,파생상품 관련 이익,17772650000,17772650000,국내일반손보사,B,SI023,부문별 손익(파생상품)
779,201803,0010626,메리츠화재해상보험주식회사,A11,파생상품 관련 이익_파생상품 거래 이익,2256441000,2256441000,국내일반손보사,B,SI023,부문별 손익(파생상품)
780,201803,0010626,메리츠화재해상보험주식회사,A12,파생상품 관련 이익_파생상품 평가 이익,15516209000,15516209000,국내일반손보사,B,SI023,부문별 손익(파생상품)
781,201803,0010626,메리츠화재해상보험주식회사,A2,파생상품 관련 손실,6514232000,6514232000,국내일반손보사,B,SI023,부문별 손익(파생상품)
782,201803,0010626,메리츠화재해상보험주식회사,A21,파생상품 관련 손실_파생상품 거래 손실,4727615000,4727615000,국내일반손보사,B,SI023,부문별 손익(파생상품)
783,201803,0010626,메리츠화재해상보험주식회사,A22,파생상품 평가 손실,1786617000,1786617000,국내일반손보사,B,SI023,부문별 손익(파생상품)
784,201806,0010626,메리츠화재해상보험주식회사,A,파생상품 관련 손익,-142829642000,-131571224000,국내일반손보사,B,SI023,부문별 손익(파생상품)
785,201806,0010626,메리츠화재해상보험주식회사,A1,파생상품 관련 이익,-12418333000,5354317000,국내일반손보사,B,SI023,부문별 손익(파생상품)
786,201806,0010626,메리츠화재해상보험주식회사,A11,파생상품 관련 이익_파생상품 거래 이익,2309857000,4566298000,국내일반손보사,B,SI023,부문별 손익(파생상품)
787,201806,0010626,메리츠화재해상보험주식회사,A12,파생상품 관련 이익_파생상품 평가 이익,-14728190000,788019000,국내일반손보사,B,SI023,부문별 손익(파생상품)
788,201806,0010626,메리츠화재해상보험주식회사,A2,파생상품 관련 손실,130411309000,136925541000,국내일반손보사,B,SI023,부문별 손익(파생상품)
789,201806,0010626,메리츠화재해상보험주식회사,A21,파생상품 관련 손실_파생상품 거래 손실,6467449000,11195064000,국내일반손보사,B,SI023,부문별 손익(파생상품)
790,201806,0010626,메리츠화재해상보험주식회사,A22,파생상품 평가 손실,123943860000,125730477000,국내일반손보사,B,SI023,부문별 손익(파생상품)
791,201809,0010626,메리츠화재해상보험주식회사,A,파생상품 관련 손익,17333149000,-114238075000,국내일반손보사,B,SI023,부문별 손익(파생상품)
792,201809,0010626,메리츠화재해상보험주식회사,A1,파생상품 관련 이익,8273351000,13627668000,국내일반손보사,B,SI023,부문별 손익(파생상품)
793,201809,0010626,메리츠화재해상보험주식회사,A11,파생상품 관련 이익_파생상품 거래 이익,480225000,5046523000,국내일반손보사,B,SI023,부문별 손익(파생상품)
794,201809,0010626,메리츠화재해상보험주식회사,A12,파생상품 관련 이익_파생상품 평가 이익,7793126000,8581145000,국내일반손보사,B,SI023,부문별 손익(파생상품)
795,201809,0010626,메리츠화재해상보험주식회사,A2,파생상품 관련 손실,-9059798000,127865743000,국내일반손보사,B,SI023,부문별 손익(파생상품)
796,201809,0010626,메리츠화재해상보험주식회사,A21,파생상품 관련 손실_파생상품 거래 손실,43124574000,54319638000,국내일반손보사,B,SI023,부문별 손익(파생상품)
797,201809,0010626,메리츠화재해상보험주식회사,A22,파생상품 평가 손실,-52184372000,73546105000,국내일반손보사,B,SI023,부문별 손익(파생상품)
798,201812,0010626,메리츠화재해상보험주식회사,A,파생상품 관련 손익,-16094277000,-130332352000,국내일반손보사,B,SI023,부문별 손익(파생상품)
799,201812,0010626,메리츠화재해상보험주식회사,A1,파생상품 관련 이익,7537934000,21165602000,국내일반손보사,B,SI023,부문별 손익(파생상품)
800,201812,0010626,메리츠화재해상보험주식회사,A11,파생상품 관련 이익_파생상품 거래 이익,61941000,5108464000,국내일반손보사,B,SI023,부문별 손익(파생상품)
801,201812,0010626,메리츠화재해상보험주식회사,A12,파생상품 관련 이익_파생상품 평가 이익,7475993000,16057138000,국내일반손보사,B,SI023,부문별 손익(파생상품)
802,201812,0010626,메리츠화재해상보험주식회사,A2,파생상품 관련 손실,23632211000,151497954000,국내일반손보사,B,SI023,부문별 손익(파생상품)
803,201812,0010626,메리츠화재해상보험주식회사,A21,파생상품 관련 손실_파생상품 거래 손실,43511301000,97830939000,국내일반손보사,B,SI023,부문별 손익(파생상품)
804,201812,0010626,메리츠화재해상보험주식회사,A22,파생상품 평가 손실,-19879090000,53667015000,국내일반손보사,B,SI023,부문별 손익(파생상품)
805,201903,0010626,메리츠화재해상보험주식회사,A,파생상품 관련 손익,-60433420000,-60433420000,국내일반손보사,B,SI023,부문별 손익(파생상품)
806,201903,0010626,메리츠화재해상보험주식회사,A1,파생상품 관련 이익,4686676000,4686676000,국내일반손보사,B,SI023,부문별 손익(파생상품)
807,201903,0010626,메리츠화재해상보험주식회사,A11,파생상품 관련 이익_파생상품 거래 이익,4051796000,4051796000,국내일반손보사,B,SI023,부문별 손익(파생상품)
808,201903,0010626,메리츠화재해상보험주식회사,A12,파생상품 관련 이익_파생상품 평가 이익,634880000,634880000,국내일반손보사,B,SI023,부문별 손익(파생상품)
809,201903,0010626,메리츠화재해상보험주식회사,A2,파생상품 관련 손실,65120096000,65120096000,국내일반손보사,B,SI023,부문별 손익(파생상품)
810,201903,0010626,메리츠화재해상보험주식회사,A21,파생상품 관련 손실_파생상품 거래 손실,15653694000,15653694000,국내일반손보사,B,SI023,부문별 손익(파생상품)
811,201903,0010626,메리츠화재해상보험주식회사,A22,파생상품 평가 손실,49466402000,49466402000,국내일반손보사,B,SI023,부문별 손익(파생상품)
812,201906,0010626,메리츠화재해상보험주식회사,A,파생상품 관련 손익,-55675896000,-116109316000,국내일반손보사,B,SI023,부문별 손익(파생상품)
813,201906,0010626,메리츠화재해상보험주식회사,A1,파생상품 관련 이익,6808466000,11495142000,국내일반손보사,B,SI023,부문별 손익(파생상품)
814,201906,0010626,메리츠화재해상보험주식회사,A11,파생상품 관련 이익_파생상품 거래 이익,1161163000,5212959000,국내일반손보사,B,SI023,부문별 손익(파생상품)
815,201906,0010626,메리츠화재해상보험주식회사,A12,파생상품 관련 이익_파생상품 평가 이익,5647303000,6282183000,국내일반손보사,B,SI023,부문별 손익(파생상품)
816,201906,0010626,메리츠화재해상보험주식회사,A2,파생상품 관련 손실,62484362000,127604458000,국내일반손보사,B,SI023,부문별 손익(파생상품)
817,201906,0010626,메리츠화재해상보험주식회사,A21,파생상품 관련 손실_파생상품 거래 손실,34513874000,50167568000,국내일반손보사,B,SI023,부문별 손익(파생상품)
818,201906,0010626,메리츠화재해상보험주식회사,A22,파생상품 평가 손실,27970488000,77436890000,국내일반손보사,B,SI023,부문별 손익(파생상품)
819,201909,0010626,메리츠화재해상보험주식회사,A,파생상품 관련 손익,-112232268000,-228341584000,국내일반손보사,B,SI023,부문별 손익(파생상품)
820,201909,0010626,메리츠화재해상보험주식회사,A1,파생상품 관련 이익,-2794537000,8700605000,국내일반손보사,B,SI023,부문별 손익(파생상품)
821,201909,0010626,메리츠화재해상보험주식회사,A11,파생상품 관련 이익_파생상품 거래 이익,467361000,5680320000,국내일반손보사,B,SI023,부문별 손익(파생상품)
822,201909,0010626,메리츠화재해상보험주식회사,A12,파생상품 관련 이익_파생상품 평가 이익,-3261898000,3020285000,국내일반손보사,B,SI023,부문별 손익(파생상품)
823,201909,0010626,메리츠화재해상보험주식회사,A2,파생상품 관련 손실,109437731000,237042189000,국내일반손보사,B,SI023,부문별 손익(파생상품)
824,201909,0010626,메리츠화재해상보험주식회사,A21,파생상품 관련 손실_파생상품 거래 손실,55723017000,105890585000,국내일반손보사,B,SI023,부문별 손익(파생상품)
825,201909,0010626,메리츠화재해상보험주식회사,A22,파생상품 평가 손실,53714714000,131151604000,국내일반손보사,B,SI023,부문별 손익(파생상품)
826,201912,0010626,메리츠화재해상보험주식회사,A,파생상품 관련 손익,89862217000,-138479367000,국내일반손보사,B,SI023,부문별 손익(파생상품)
827,201912,0010626,메리츠화재해상보험주식회사,A1,파생상품 관련 이익,29111318000,37811923000,국내일반손보사,B,SI023,부문별 손익(파생상품)
828,201912,0010626,메리츠화재해상보험주식회사,A11,파생상품 관련 이익_파생상품 거래 이익,4031799000,9712119000,국내일반손보사,B,SI023,부문별 손익(파생상품)
829,201912,0010626,메리츠화재해상보험주식회사,A12,파생상품 관련 이익_파생상품 평가 이익,25079519000,28099804000,국내일반손보사,B,SI023,부문별 손익(파생상품)
830,201912,0010626,메리츠화재해상보험주식회사,A2,파생상품 관련 손실,-60750899000,176291290000,국내일반손보사,B,SI023,부문별 손익(파생상품)
831,201912,0010626,메리츠화재해상보험주식회사,A21,파생상품 관련 손실_파생상품 거래 손실,35518553000,141409138000,국내일반손보사,B,SI023,부문별 손익(파생상품)
832,201912,0010626,메리츠화재해상보험주식회사,A22,파생상품 평가 손실,-96269452000,34882152000,국내일반손보사,B,SI023,부문별 손익(파생상품)
833,202003,0010626,메리츠화재해상보험주식회사,A,파생상품 관련 손익,-143503021000,-143503021000,국내일반손보사,B,SI023,부문별 손익(파생상품)
834,202003,0010626,메리츠화재해상보험주식회사,A1,파생상품 관련 이익,1159949000,1159949000,국내일반손보사,B,SI023,부문별 손익(파생상품)
835,202003,0010626,메리츠화재해상보험주식회사,A11,파생상품 관련 이익_파생상품 거래 이익,623208000,623208000,국내일반손보사,B,SI023,부문별 손익(파생상품)
836,202003,0010626,메리츠화재해상보험주식회사,A12,파생상품 관련 이익_파생상품 평가 이익,536741000,536741000,국내일반손보사,B,SI023,부문별 손익(파생상품)
837,202003,0010626,메리츠화재해상보험주식회사,A2,파생상품 관련 손실,144662970000,144662970000,국내일반손보사,B,SI023,부문별 손익(파생상품)
838,202003,0010626,메리츠화재해상보험주식회사,A21,파생상품 관련 손실_파생상품 거래 손실,32159196000,32159196000,국내일반손보사,B,SI023,부문별 손익(파생상품)
839,202003,0010626,메리츠화재해상보험주식회사,A22,파생상품 평가 손실,112503774000,112503774000,국내일반손보사,B,SI023,부문별 손익(파생상품)
840,202006,0010626,메리츠화재해상보험주식회사,A,파생상품 관련 손익,33577422000,-109925599000,국내일반손보사,B,SI023,부문별 손익(파생상품)
841,202006,0010626,메리츠화재해상보험주식회사,A1,파생상품 관련 이익,6893017000,8052966000,국내일반손보사,B,SI023,부문별 손익(파생상품)
842,202006,0010626,메리츠화재해상보험주식회사,A11,파생상품 관련 이익_파생상품 거래 이익,2129314000,2752522000,국내일반손보사,B,SI023,부문별 손익(파생상품)
843,202006,0010626,메리츠화재해상보험주식회사,A12,파생상품 관련 이익_파생상품 평가 이익,4763703000,5300444000,국내일반손보사,B,SI023,부문별 손익(파생상품)
844,202006,0010626,메리츠화재해상보험주식회사,A2,파생상품 관련 손실,-26684405000,117978565000,국내일반손보사,B,SI023,부문별 손익(파생상품)
845,202006,0010626,메리츠화재해상보험주식회사,A21,파생상품 관련 손실_파생상품 거래 손실,19983065000,52142261000,국내일반손보사,B,SI023,부문별 손익(파생상품)
846,202006,0010626,메리츠화재해상보험주식회사,A22,파생상품 평가 손실,-46667470000,65836304000,국내일반손보사,B,SI023,부문별 손익(파생상품)
847,202009,0010626,메리츠화재해상보험주식회사,A,파생상품 관련 손익,39775743000,-70149856000,국내일반손보사,B,SI023,부문별 손익(파생상품)
848,202009,0010626,메리츠화재해상보험주식회사,A1,파생상품 관련 이익,107195816000,115248782000,국내일반손보사,B,SI023,부문별 손익(파생상품)
849,202009,0010626,메리츠화재해상보험주식회사,A11,파생상품 관련 이익_파생상품 거래 이익,96650734000,99403256000,국내일반손보사,B,SI023,부문별 손익(파생상품)
850,202009,0010626,메리츠화재해상보험주식회사,A12,파생상품 관련 이익_파생상품 평가 이익,10545082000,15845526000,국내일반손보사,B,SI023,부문별 손익(파생상품)
851,202009,0010626,메리츠화재해상보험주식회사,A2,파생상품 관련 손실,67420073000,185398638000,국내일반손보사,B,SI023,부문별 손익(파생상품)
852,202009,0010626,메리츠화재해상보험주식회사,A21,파생상품 관련 손실_파생상품 거래 손실,106653344000,158795605000,국내일반손보사,B,SI023,부문별 손익(파생상품)
853,202009,0010626,메리츠화재해상보험주식회사,A22,파생상품 평가 손실,-39233271000,26603033000,국내일반손보사,B,SI023,부문별 손익(파생상품)
854,202012,0010626,메리츠화재해상보험주식회사,A,파생상품 관련 손익,129331179000,59181323000,국내일반손보사,B,SI023,부문별 손익(파생상품)
855,202012,0010626,메리츠화재해상보험주식회사,A1,파생상품 관련 이익,10554766000,125803548000,국내일반손보사,B,SI023,부문별 손익(파생상품)
856,202012,0010626,메리츠화재해상보험주식회사,A11,파생상품 관련 이익_파생상품 거래 이익,-89280934000,10122322000,국내일반손보사,B,SI023,부문별 손익(파생상품)
857,202012,0010626,메리츠화재해상보험주식회사,A12,파생상품 관련 이익_파생상품 평가 이익,99835700000,115681226000,국내일반손보사,B,SI023,부문별 손익(파생상품)
858,202012,0010626,메리츠화재해상보험주식회사,A2,파생상품 관련 손실,-118776413000,66622225000,국내일반손보사,B,SI023,부문별 손익(파생상품)
859,202012,0010626,메리츠화재해상보험주식회사,A21,파생상품 관련 손실_파생상품 거래 손실,-94876432000,63919173000,국내일반손보사,B,SI023,부문별 손익(파생상품)
860,202012,0010626,메리츠화재해상보험주식회사,A22,파생상품 평가 손실,-23899981000,2703052000,국내일반손보사,B,SI023,부문별 손익(파생상품)
861,202103,0010626,메리츠화재해상보험주식회사,A,파생상품 관련 손익,-65911171000,-65911171000,국내일반손보사,B,SI023,부문별 손익(파생상품)
862,202103,0010626,메리츠화재해상보험주식회사,A1,파생상품 관련 이익,3033351000,3033351000,국내일반손보사,B,SI023,부문별 손익(파생상품)
863,202103,0010626,메리츠화재해상보험주식회사,A11,파생상품 관련 이익_파생상품 거래 이익,2366346000,2366346000,국내일반손보사,B,SI023,부문별 손익(파생상품)
864,202103,0010626,메리츠화재해상보험주식회사,A12,파생상품 관련 이익_파생상품 평가 이익,667005000,667005000,국내일반손보사,B,SI023,부문별 손익(파생상품)
865,202103,0010626,메리츠화재해상보험주식회사,A2,파생상품 관련 손실,68944522000,68944522000,국내일반손보사,B,SI023,부문별 손익(파생상품)
866,202103,0010626,메리츠화재해상보험주식회사,A21,파생상품 관련 손실_파생상품 거래 손실,8357159000,8357159000,국내일반손보사,B,SI023,부문별 손익(파생상품)
867,202103,0010626,메리츠화재해상보험주식회사,A22,파생상품 평가 손실,60587363000,60587363000,국내일반손보사,B,SI023,부문별 손익(파생상품)
868,202106,0010626,메리츠화재해상보험주식회사,A,파생상품 관련 손익,1850603000,-64060568000,국내일반손보사,B,SI023,부문별 손익(파생상품)
869,202106,0010626,메리츠화재해상보험주식회사,A1,파생상품 관련 이익,-610396000,2422955000,국내일반손보사,B,SI023,부문별 손익(파생상품)
870,202106,0010626,메리츠화재해상보험주식회사,A11,파생상품 관련 이익_파생상품 거래 이익,39000000,2405346000,국내일반손보사,B,SI023,부문별 손익(파생상품)
871,202106,0010626,메리츠화재해상보험주식회사,A12,파생상품 관련 이익_파생상품 평가 이익,-649396000,17609000,국내일반손보사,B,SI023,부문별 손익(파생상품)
872,202106,0010626,메리츠화재해상보험주식회사,A2,파생상품 관련 손실,-2460999000,66483523000,국내일반손보사,B,SI023,부문별 손익(파생상품)
873,202106,0010626,메리츠화재해상보험주식회사,A21,파생상품 관련 손실_파생상품 거래 손실,5697676000,14054835000,국내일반손보사,B,SI023,부문별 손익(파생상품)
874,202106,0010626,메리츠화재해상보험주식회사,A22,파생상품 평가 손실,-8158675000,52428688000,국내일반손보사,B,SI023,부문별 손익(파생상품)
875,202109,0010626,메리츠화재해상보험주식회사,A,파생상품 관련 손익,-84180701000,-148241269000,국내일반손보사,B,SI023,부문별 손익(파생상품)
876,202109,0010626,메리츠화재해상보험주식회사,A1,파생상품 관련 이익,-3710000,2419245000,국내일반손보사,B,SI023,부문별 손익(파생상품)
877,202109,0010626,메리츠화재해상보험주식회사,A11,파생상품 관련 이익_파생상품 거래 이익,0,2405346000,국내일반손보사,B,SI023,부문별 손익(파생상품)
878,202109,0010626,메리츠화재해상보험주식회사,A12,파생상품 관련 이익_파생상품 평가 이익,-3710000,13899000,국내일반손보사,B,SI023,부문별 손익(파생상품)
879,202109,0010626,메리츠화재해상보험주식회사,A2,파생상품 관련 손실,84176991000,150660514000,국내일반손보사,B,SI023,부문별 손익(파생상품)
880,202109,0010626,메리츠화재해상보험주식회사,A21,파생상품 관련 손실_파생상품 거래 손실,11193618000,25248453000,국내일반손보사,B,SI023,부문별 손익(파생상품)
881,202109,0010626,메리츠화재해상보험주식회사,A22,파생상품 평가 손실,72983373000,125412061000,국내일반손보사,B,SI023,부문별 손익(파생상품)
882,202112,0010626,메리츠화재해상보험주식회사,A,파생상품 관련 손익,931640000,-147309629000,국내일반손보사,B,SI023,부문별 손익(파생상품)
883,202112,0010626,메리츠화재해상보험주식회사,A1,파생상품 관련 이익,328919000,2748164000,국내일반손보사,B,SI023,부문별 손익(파생상품)
884,202112,0010626,메리츠화재해상보험주식회사,A11,파생상품 관련 이익_파생상품 거래 이익,86810000,2492156000,국내일반손보사,B,SI023,부문별 손익(파생상품)
885,202112,0010626,메리츠화재해상보험주식회사,A12,파생상품 관련 이익_파생상품 평가 이익,242109000,256008000,국내일반손보사,B,SI023,부문별 손익(파생상품)
886,202112,0010626,메리츠화재해상보험주식회사,A2,파생상품 관련 손실,-602721000,150057793000,국내일반손보사,B,SI023,부문별 손익(파생상품)
887,202112,0010626,메리츠화재해상보험주식회사,A21,파생상품 관련 손실_파생상품 거래 손실,21529035000,46777488000,국내일반손보사,B,SI023,부문별 손익(파생상품)
888,202112,0010626,메리츠화재해상보험주식회사,A22,파생상품 평가 손실,-22131756000,103280305000,국내일반손보사,B,SI023,부문별 손익(파생상품)
889,202203,0010626,메리츠화재해상보험주식회사,A,파생상품 관련 손익,-32122998000,-32122998000,국내일반손보사,B,SI023,부문별 손익(파생상품)
890,202203,0010626,메리츠화재해상보험주식회사,A1,파생상품 관련 이익,2469929000,2469929000,국내일반손보사,B,SI023,부문별 손익(파생상품)
891,202203,0010626,메리츠화재해상보험주식회사,A11,파생상품 관련 이익_파생상품 거래 이익,2099583000,2099583000,국내일반손보사,B,SI023,부문별 손익(파생상품)
892,202203,0010626,메리츠화재해상보험주식회사,A12,파생상품 관련 이익_파생상품 평가 이익,370346000,370346000,국내일반손보사,B,SI023,부문별 손익(파생상품)
893,202203,0010626,메리츠화재해상보험주식회사,A2,파생상품 관련 손실,34592927000,34592927000,국내일반손보사,B,SI023,부문별 손익(파생상품)
894,202203,0010626,메리츠화재해상보험주식회사,A21,파생상품 관련 손실_파생상품 거래 손실,4424789000,4424789000,국내일반손보사,B,SI023,부문별 손익(파생상품)
895,202203,0010626,메리츠화재해상보험주식회사,A22,파생상품 평가 손실,30168138000,30168138000,국내일반손보사,B,SI023,부문별 손익(파생상품)
896,202206,0010626,메리츠화재해상보험주식회사,A,파생상품 관련 손익,-102913505000,-135036503000,국내일반손보사,B,SI023,부문별 손익(파생상품)
897,202206,0010626,메리츠화재해상보험주식회사,A1,파생상품 관련 이익,-155581000,2314348000,국내일반손보사,B,SI023,부문별 손익(파생상품)
898,202206,0010626,메리츠화재해상보험주식회사,A11,파생상품 관련 이익_파생상품 거래 이익,151149000,2250732000,국내일반손보사,B,SI023,부문별 손익(파생상품)
899,202206,0010626,메리츠화재해상보험주식회사,A12,파생상품 관련 이익_파생상품 평가 이익,-306730000,63616000,국내일반손보사,B,SI023,부문별 손익(파생상품)
900,202206,0010626,메리츠화재해상보험주식회사,A2,파생상품 관련 손실,102757924000,137350851000,국내일반손보사,B,SI023,부문별 손익(파생상품)
901,202206,0010626,메리츠화재해상보험주식회사,A21,파생상품 관련 손실_파생상품 거래 손실,19841755000,24266544000,국내일반손보사,B,SI023,부문별 손익(파생상품)
902,202206,0010626,메리츠화재해상보험주식회사,A22,파생상품 평가 손실,82916169000,113084307000,국내일반손보사,B,SI023,부문별 손익(파생상품)
903,202209,0010626,메리츠화재해상보험주식회사,A,파생상품 관련 손익,-177075261000,-312111764000,국내일반손보사,B,SI023,부문별 손익(파생상품)
904,202209,0010626,메리츠화재해상보험주식회사,A1,파생상품 관련 이익,-61624000,2252724000,국내일반손보사,B,SI023,부문별 손익(파생상품)
905,202209,0010626,메리츠화재해상보험주식회사,A11,파생상품 관련 이익_파생상품 거래 이익,1208000,2251940000,국내일반손보사,B,SI023,부문별 손익(파생상품)
906,202209,0010626,메리츠화재해상보험주식회사,A12,파생상품 관련 이익_파생상품 평가 이익,-62832000,784000,국내일반손보사,B,SI023,부문별 손익(파생상품)
907,202209,0010626,메리츠화재해상보험주식회사,A2,파생상품 관련 손실,177013637000,314364488000,국내일반손보사,B,SI023,부문별 손익(파생상품)
908,202209,0010626,메리츠화재해상보험주식회사,A21,파생상품 관련 손실_파생상품 거래 손실,23516901000,47783445000,국내일반손보사,B,SI023,부문별 손익(파생상품)
909,202209,0010626,메리츠화재해상보험주식회사,A22,파생상품 평가 손실,153496736000,266581043000,국내일반손보사,B,SI023,부문별 손익(파생상품)
910,202212,0010626,메리츠화재해상보험주식회사,A,파생상품 관련 손익,187600670000,-124511094000,국내일반손보사,B,SI023,부문별 손익(파생상품)
911,202212,0010626,메리츠화재해상보험주식회사,A1,파생상품 관련 이익,24347790000,26600514000,국내일반손보사,B,SI023,부문별 손익(파생상품)
912,202212,0010626,메리츠화재해상보험주식회사,A11,파생상품 관련 이익_파생상품 거래 이익,787211000,3039151000,국내일반손보사,B,SI023,부문별 손익(파생상품)
913,202212,0010626,메리츠화재해상보험주식회사,A12,파생상품 관련 이익_파생상품 평가 이익,23560579000,23561363000,국내일반손보사,B,SI023,부문별 손익(파생상품)
914,202212,0010626,메리츠화재해상보험주식회사,A2,파생상품 관련 손실,-163252880000,151111608000,국내일반손보사,B,SI023,부문별 손익(파생상품)
915,202212,0010626,메리츠화재해상보험주식회사,A21,파생상품 관련 손실_파생상품 거래 손실,47011859000,94795304000,국내일반손보사,B,SI023,부문별 손익(파생상품)
916,202212,0010626,메리츠화재해상보험주식회사,A22,파생상품 평가 손실,-210264739000,56316304000,국내일반손보사,B,SI023,부문별 손익(파생상품)
917,202303,0010626,메리츠화재해상보험주식회사,A,파생상품 관련 손익,-44131704000,-44131704000,국내일반손보사,B,SI023,부문별 손익(파생상품)
918,202303,0010626,메리츠화재해상보험주식회사,A1,파생상품 관련 손익_파생상품 관련 이익,1984968000,1984968000,국내일반손보사,B,SI023,부문별 손익(파생상품)
919,202303,0010626,메리츠화재해상보험주식회사,A11,파생상품 거래 이익,1826129000,1826129000,국내일반손보사,B,SI023,부문별 손익(파생상품)
920,202303,0010626,메리츠화재해상보험주식회사,A12,파생상품 평가 이익,158839000,158839000,국내일반손보사,B,SI023,부문별 손익(파생상품)
921,202303,0010626,메리츠화재해상보험주식회사,A2,파생상품 관련 손실,46116672000,46116672000,국내일반손보사,B,SI023,부문별 손익(파생상품)
922,202303,0010626,메리츠화재해상보험주식회사,A21,파생상품 거래 손실,1711693000,1711693000,국내일반손보사,B,SI023,부문별 손익(파생상품)
923,202303,0010626,메리츠화재해상보험주식회사,A22,파생상품 평가 손실,44404979000,44404979000,국내일반손보사,B,SI023,부문별 손익(파생상품)
924,202306,0010626,메리츠화재해상보험주식회사,A,파생상품 관련 손익,-9775977000,-53907681000,국내일반손보사,B,SI023,부문별 손익(파생상품)
925,202306,0010626,메리츠화재해상보험주식회사,A1,파생상품 관련 손익_파생상품 관련 이익,3237285000,5222253000,국내일반손보사,B,SI023,부문별 손익(파생상품)
926,202306,0010626,메리츠화재해상보험주식회사,A11,파생상품 거래 이익,1359157000,3185286000,국내일반손보사,B,SI023,부문별 손익(파생상품)
927,202306,0010626,메리츠화재해상보험주식회사,A12,파생상품 평가 이익,1878128000,2036967000,국내일반손보사,B,SI023,부문별 손익(파생상품)
928,202306,0010626,메리츠화재해상보험주식회사,A2,파생상품 관련 손실,13013262000,59129934000,국내일반손보사,B,SI023,부문별 손익(파생상품)
929,202306,0010626,메리츠화재해상보험주식회사,A21,파생상품 거래 손실,8947473000,10659166000,국내일반손보사,B,SI023,부문별 손익(파생상품)
930,202306,0010626,메리츠화재해상보험주식회사,A22,파생상품 평가 손실,4065789000,48470768000,국내일반손보사,B,SI023,부문별 손익(파생상품)
931,202309,0010626,메리츠화재해상보험주식회사,A,파생상품 관련 손익,-32105879000,-86013560000,국내일반손보사,B,SI023,부문별 손익(파생상품)
932,202309,0010626,메리츠화재해상보험주식회사,A1,파생상품 관련 손익_파생상품 관련 이익,-1664918000,3557335000,국내일반손보사,B,SI023,부문별 손익(파생상품)
933,202309,0010626,메리츠화재해상보험주식회사,A11,파생상품 거래 이익,363062000,3548348000,국내일반손보사,B,SI023,부문별 손익(파생상품)
934,202309,0010626,메리츠화재해상보험주식회사,A12,파생상품 평가 이익,-2027980000,8987000,국내일반손보사,B,SI023,부문별 손익(파생상품)
935,202309,0010626,메리츠화재해상보험주식회사,A2,파생상품 관련 손실,30440961000,89570895000,국내일반손보사,B,SI023,부문별 손익(파생상품)
936,202309,0010626,메리츠화재해상보험주식회사,A21,파생상품 거래 손실,5706278000,16365444000,국내일반손보사,B,SI023,부문별 손익(파생상품)
937,202309,0010626,메리츠화재해상보험주식회사,A22,파생상품 평가 손실,24734683000,73205451000,국내일반손보사,B,SI023,부문별 손익(파생상품)
938,202312,0010626,메리츠화재해상보험주식회사,A,파생상품 관련 손익,52836735000,-33176825000,국내일반손보사,B,SI023,부문별 손익(파생상품)
939,202312,0010626,메리츠화재해상보험주식회사,A1,파생상품 관련 손익_파생상품 관련 이익,9154602000,12711937000,국내일반손보사,B,SI023,부문별 손익(파생상품)
940,202312,0010626,메리츠화재해상보험주식회사,A11,파생상품 거래 이익,5156000,3553504000,국내일반손보사,B,SI023,부문별 손익(파생상품)
941,202312,0010626,메리츠화재해상보험주식회사,A12,파생상품 평가 이익,9149446000,9158433000,국내일반손보사,B,SI023,부문별 손익(파생상품)
942,202312,0010626,메리츠화재해상보험주식회사,A2,파생상품 관련 손실,-43682133000,45888762000,국내일반손보사,B,SI023,부문별 손익(파생상품)
943,202312,0010626,메리츠화재해상보험주식회사,A21,파생상품 거래 손실,5818590000,22184034000,국내일반손보사,B,SI023,부문별 손익(파생상품)
944,202312,0010626,메리츠화재해상보험주식회사,A22,파생상품 평가 손실,-49500723000,23704728000,국내일반손보사,B,SI023,부문별 손익(파생상품)
945,202403,0010626,메리츠화재해상보험주식회사,A,파생상품 관련 손익,-57312629000,-57312629000,국내일반손보사,B,SI023,부문별 손익(파생상품)
946,202403,0010626,메리츠화재해상보험주식회사,A1,파생상품 관련 손익_파생상품 관련 이익,128418000,128418000,국내일반손보사,B,SI023,부문별 손익(파생상품)
947,202403,0010626,메리츠화재해상보험주식회사,A11,파생상품 거래 이익,29009000,29009000,국내일반손보사,B,SI023,부문별 손익(파생상품)
948,202403,0010626,메리츠화재해상보험주식회사,A12,파생상품 평가 이익,99409000,99409000,국내일반손보사,B,SI023,부문별 손익(파생상품)
949,202403,0010626,메리츠화재해상보험주식회사,A2,파생상품 관련 손실,57441047000,57441047000,국내일반손보사,B,SI023,부문별 손익(파생상품)
950,202403,0010626,메리츠화재해상보험주식회사,A21,파생상품 거래 손실,5964428000,5964428000,국내일반손보사,B,SI023,부문별 손익(파생상품)
951,202403,0010626,메리츠화재해상보험주식회사,A22,파생상품 평가 손실,51476619000,51476619000,국내일반손보사,B,SI023,부문별 손익(파생상품)
952,202406,0010626,메리츠화재해상보험주식회사,A,파생상품 관련 손익,-43479675000,-100792304000,국내일반손보사,B,SI023,부문별 손익(파생상품)
953,202406,0010626,메리츠화재해상보험주식회사,A1,파생상품 관련 손익_파생상품 관련 이익,244148000,372566000,국내일반손보사,B,SI023,부문별 손익(파생상품)
954,202406,0010626,메리츠화재해상보험주식회사,A11,파생상품 거래 이익,339469000,368478000,국내일반손보사,B,SI023,부문별 손익(파생상품)
955,202406,0010626,메리츠화재해상보험주식회사,A12,파생상품 평가 이익,-95321000,4088000,국내일반손보사,B,SI023,부문별 손익(파생상품)
956,202406,0010626,메리츠화재해상보험주식회사,A2,파생상품 관련 손실,43723823000,101164870000,국내일반손보사,B,SI023,부문별 손익(파생상품)
957,202406,0010626,메리츠화재해상보험주식회사,A21,파생상품 거래 손실,9159189000,15123617000,국내일반손보사,B,SI023,부문별 손익(파생상품)
958,202406,0010626,메리츠화재해상보험주식회사,A22,파생상품 평가 손실,34564634000,86041253000,국내일반손보사,B,SI023,부문별 손익(파생상품)
959,202409,0010626,메리츠화재해상보험주식회사,A,파생상품 관련 손익,62747018000,-38045286000,국내일반손보사,B,SI023,부문별 손익(파생상품)
960,202409,0010626,메리츠화재해상보험주식회사,A1,파생상품 관련 손익_파생상품 관련 이익,8292104000,8664670000,국내일반손보사,B,SI023,부문별 손익(파생상품)
961,202409,0010626,메리츠화재해상보험주식회사,A11,파생상품 거래 이익,233000,368711000,국내일반손보사,B,SI023,부문별 손익(파생상품)
962,202409,0010626,메리츠화재해상보험주식회사,A12,파생상품 평가 이익,8291871000,8295959000,국내일반손보사,B,SI023,부문별 손익(파생상품)
963,202409,0010626,메리츠화재해상보험주식회사,A2,파생상품 관련 손실,-54454914000,46709956000,국내일반손보사,B,SI023,부문별 손익(파생상품)
964,202409,0010626,메리츠화재해상보험주식회사,A21,파생상품 거래 손실,6515712000,21639329000,국내일반손보사,B,SI023,부문별 손익(파생상품)
965,202409,0010626,메리츠화재해상보험주식회사,A22,파생상품 평가 손실,-60970626000,25070627000,국내일반손보사,B,SI023,부문별 손익(파생상품)
966,202412,0010626,메리츠화재해상보험주식회사,A,파생상품 관련 손익,-144429314000,-182474600000,국내일반손보사,B,SI023,부문별 손익(파생상품)
967,202412,0010626,메리츠화재해상보험주식회사,A1,파생상품 관련 손익_파생상품 관련 이익,-8252788000,411882000,국내일반손보사,B,SI023,부문별 손익(파생상품)
968,202412,0010626,메리츠화재해상보험주식회사,A11,파생상품 거래 이익,116000,368827000,국내일반손보사,B,SI023,부문별 손익(파생상품)
969,202412,0010626,메리츠화재해상보험주식회사,A12,파생상품 평가 이익,-8252904000,43055000,국내일반손보사,B,SI023,부문별 손익(파생상품)
970,202412,0010626,메리츠화재해상보험주식회사,A2,파생상품 관련 손실,136176526000,182886482000,국내일반손보사,B,SI023,부문별 손익(파생상품)
971,202412,0010626,메리츠화재해상보험주식회사,A21,파생상품 거래 손실,5764416000,27403745000,국내일반손보사,B,SI023,부문별 손익(파생상품)
972,202412,0010626,메리츠화재해상보험주식회사,A22,파생상품 평가 손실,130412110000,155482737000,국내일반손보사,B,SI023,부문별 손익(파생상품)
973,202503,0010626,메리츠화재해상보험주식회사,A,파생상품 관련 손익,-8584930000,-8584930000,국내일반손보사,B,SI023,부문별 손익(파생상품)
974,202503,0010626,메리츠화재해상보험주식회사,A1,파생상품 관련 손익_파생상품 관련 이익,3904546000,3904546000,국내일반손보사,B,SI023,부문별 손익(파생상품)
975,202503,0010626,메리츠화재해상보험주식회사,A11,파생상품 거래 이익,1287958000,1287958000,국내일반손보사,B,SI023,부문별 손익(파생상품)
976,202503,0010626,메리츠화재해상보험주식회사,A12,파생상품 평가 이익,2616588000,2616588000,국내일반손보사,B,SI023,부문별 손익(파생상품)
977,202503,0010626,메리츠화재해상보험주식회사,A2,파생상품 관련 손실,12489476000,12489476000,국내일반손보사,B,SI023,부문별 손익(파생상품)
978,202503,0010626,메리츠화재해상보험주식회사,A21,파생상품 거래 손실,155000,155000,국내일반손보사,B,SI023,부문별 손익(파생상품)
979,202503,0010626,메리츠화재해상보험주식회사,A22,파생상품 평가 손실,12489321000,12489321000,국내일반손보사,B,SI023,부문별 손익(파생상품)
980,202506,0010626,메리츠화재해상보험주식회사,A,파생상품 관련 손익,120668004000,112083074000,국내일반손보사,B,SI023,부문별 손익(파생상품)
981,202506,0010626,메리츠화재해상보험주식회사,A1,파생상품 관련 손익_파생상품 관련 이익,116394837000,120299383000,국내일반손보사,B,SI023,부문별 손익(파생상품)
982,202506,0010626,메리츠화재해상보험주식회사,A11,파생상품 거래 이익,5493913000,6781871000,국내일반손보사,B,SI023,부문별 손익(파생상품)
983,202506,0010626,메리츠화재해상보험주식회사,A12,파생상품 평가 이익,110900924000,113517512000,국내일반손보사,B,SI023,부문별 손익(파생상품)
984,202506,0010626,메리츠화재해상보험주식회사,A2,파생상품 관련 손실,-4273167000,8216309000,국내일반손보사,B,SI023,부문별 손익(파생상품)
985,202506,0010626,메리츠화재해상보험주식회사,A21,파생상품 거래 손실,4521731000,4521886000,국내일반손보사,B,SI023,부문별 손익(파생상품)
986,202506,0010626,메리츠화재해상보험주식회사,A22,파생상품 평가 손실,-8794898000,3694423000,국내일반손보사,B,SI023,부문별 손익(파생상품)
987,202509,0010626,메리츠화재해상보험주식회사,A,파생상품 관련 손익,-60200060000,51883014000,국내일반손보사,B,SI023,부문별 손익(파생상품)
988,202509,0010626,메리츠화재해상보험주식회사,A1,파생상품 관련 손익_파생상품 관련 이익,-52718108000,67581275000,국내일반손보사,B,SI023,부문별 손익(파생상품)
989,202509,0010626,메리츠화재해상보험주식회사,A11,파생상품 거래 이익,7091309000,13873180000,국내일반손보사,B,SI023,부문별 손익(파생상품)
990,202509,0010626,메리츠화재해상보험주식회사,A12,파생상품 평가 이익,-59809417000,53708095000,국내일반손보사,B,SI023,부문별 손익(파생상품)
991,202509,0010626,메리츠화재해상보험주식회사,A2,파생상품 관련 손실,7481952000,15698261000,국내일반손보사,B,SI023,부문별 손익(파생상품)
992,202509,0010626,메리츠화재해상보험주식회사,A21,파생상품 거래 손실,180139000,4702025000,국내일반손보사,B,SI023,부문별 손익(파생상품)
993,202509,0010626,메리츠화재해상보험주식회사,A22,파생상품 평가 손실,7301813000,10996236000,국내일반손보사,B,SI023,부문별 손익(파생상품)
994,201703,0010633,삼성화재해상보험주식회사,A,파생상품 관련 손익,216111933000,216111933000,국내일반손보사,B,SI023,부문별 손익(파생상품)
995,201703,0010633,삼성화재해상보험주식회사,A1,파생상품 관련 이익,216517931000,216517931000,국내일반손보사,B,SI023,부문별 손익(파생상품)
996,201703,0010633,삼성화재해상보험주식회사,A11,파생상품 관련 이익_파생상품 거래 이익,20875470000,20875470000,국내일반손보사,B,SI023,부문별 손익(파생상품)
997,201703,0010633,삼성화재해상보험주식회사,A12,파생상품 관련 이익_파생상품 평가 이익,195642461000,195642461000,국내일반손보사,B,SI023,부문별 손익(파생상품)
998,201703,0010633,삼성화재해상보험주식회사,A2,파생상품 관련 손실,405998000,405998000,국내일반손보사,B,SI023,부문별 손익(파생상품)
999,201703,0010633,삼성화재해상보험주식회사,A21,파생상품 관련 손실_파생상품 거래 손실,381994000,381994000,국내일반손보사,B,SI023,부문별 손익(파생상품)
1000,201703,0010633,삼성화재해상보험주식회사,A22,파생상품 평가 손실,24004000,24004000,국내일반손보사,B,SI023,부문별 손익(파생상품)
1001,201706,0010633,삼성화재해상보험주식회사,A,파생상품 관련 손익,-66376336000,149735597000,국내일반손보사,B,SI023,부문별 손익(파생상품)
1002,201706,0010633,삼성화재해상보험주식회사,A1,파생상품 관련 이익,-53371009000,163146922000,국내일반손보사,B,SI023,부문별 손익(파생상품)
1003,201706,0010633,삼성화재해상보험주식회사,A11,파생상품 관련 이익_파생상품 거래 이익,13437182000,34312652000,국내일반손보사,B,SI023,부문별 손익(파생상품)
1004,201706,0010633,삼성화재해상보험주식회사,A12,파생상품 관련 이익_파생상품 평가 이익,-66808191000,128834270000,국내일반손보사,B,SI023,부문별 손익(파생상품)
1005,201706,0010633,삼성화재해상보험주식회사,A2,파생상품 관련 손실,13005327000,13411325000,국내일반손보사,B,SI023,부문별 손익(파생상품)
1006,201706,0010633,삼성화재해상보험주식회사,A21,파생상품 관련 손실_파생상품 거래 손실,606802000,988796000,국내일반손보사,B,SI023,부문별 손익(파생상품)
1007,201706,0010633,삼성화재해상보험주식회사,A22,파생상품 평가 손실,12398525000,12422529000,국내일반손보사,B,SI023,부문별 손익(파생상품)
1008,201709,0010633,삼성화재해상보험주식회사,A,파생상품 관련 손익,-26597439000,123138158000,국내일반손보사,B,SI023,부문별 손익(파생상품)
1009,201709,0010633,삼성화재해상보험주식회사,A1,파생상품 관련 이익,-12296184000,150850738000,국내일반손보사,B,SI023,부문별 손익(파생상품)
1010,201709,0010633,삼성화재해상보험주식회사,A11,파생상품 관련 이익_파생상품 거래 이익,12153650000,46466302000,국내일반손보사,B,SI023,부문별 손익(파생상품)
1011,201709,0010633,삼성화재해상보험주식회사,A12,파생상품 관련 이익_파생상품 평가 이익,-24449834000,104384436000,국내일반손보사,B,SI023,부문별 손익(파생상품)
1012,201709,0010633,삼성화재해상보험주식회사,A2,파생상품 관련 손실,14301255000,27712580000,국내일반손보사,B,SI023,부문별 손익(파생상품)
1013,201709,0010633,삼성화재해상보험주식회사,A21,파생상품 관련 손실_파생상품 거래 손실,4471610000,5460406000,국내일반손보사,B,SI023,부문별 손익(파생상품)
1014,201709,0010633,삼성화재해상보험주식회사,A22,파생상품 평가 손실,9829645000,22252174000,국내일반손보사,B,SI023,부문별 손익(파생상품)
1015,201712,0010633,삼성화재해상보험주식회사,A,파생상품 관련 손익,186648968000,309787126000,국내일반손보사,B,SI023,부문별 손익(파생상품)
1016,201712,0010633,삼성화재해상보험주식회사,A1,파생상품 관련 이익,168922401000,319773139000,국내일반손보사,B,SI023,부문별 손익(파생상품)
1017,201712,0010633,삼성화재해상보험주식회사,A11,파생상품 관련 이익_파생상품 거래 이익,7112316000,53578618000,국내일반손보사,B,SI023,부문별 손익(파생상품)
1018,201712,0010633,삼성화재해상보험주식회사,A12,파생상품 관련 이익_파생상품 평가 이익,161810085000,266194521000,국내일반손보사,B,SI023,부문별 손익(파생상품)
1019,201712,0010633,삼성화재해상보험주식회사,A2,파생상품 관련 손실,-17726567000,9986013000,국내일반손보사,B,SI023,부문별 손익(파생상품)
1020,201712,0010633,삼성화재해상보험주식회사,A21,파생상품 관련 손실_파생상품 거래 손실,1085302000,6545708000,국내일반손보사,B,SI023,부문별 손익(파생상품)
1021,201712,0010633,삼성화재해상보험주식회사,A22,파생상품 평가 손실,-18811869000,3440305000,국내일반손보사,B,SI023,부문별 손익(파생상품)
1022,201803,0010633,삼성화재해상보험주식회사,A,파생상품 관련 손익,11597276000,11597276000,국내일반손보사,B,SI023,부문별 손익(파생상품)
1023,201803,0010633,삼성화재해상보험주식회사,A1,파생상품 관련 이익,20632699000,20632699000,국내일반손보사,B,SI023,부문별 손익(파생상품)
1024,201803,0010633,삼성화재해상보험주식회사,A11,파생상품 관련 이익_파생상품 거래 이익,946419000,946419000,국내일반손보사,B,SI023,부문별 손익(파생상품)
1025,201803,0010633,삼성화재해상보험주식회사,A12,파생상품 관련 이익_파생상품 평가 이익,19686280000,19686280000,국내일반손보사,B,SI023,부문별 손익(파생상품)
1026,201803,0010633,삼성화재해상보험주식회사,A2,파생상품 관련 손실,9035423000,9035423000,국내일반손보사,B,SI023,부문별 손익(파생상품)
1027,201803,0010633,삼성화재해상보험주식회사,A21,파생상품 관련 손실_파생상품 거래 손실,5611086000,5611086000,국내일반손보사,B,SI023,부문별 손익(파생상품)
1028,201803,0010633,삼성화재해상보험주식회사,A22,파생상품 평가 손실,3424337000,3424337000,국내일반손보사,B,SI023,부문별 손익(파생상품)
1029,201806,0010633,삼성화재해상보험주식회사,A,파생상품 관련 손익,-127296390000,-115699114000,국내일반손보사,B,SI023,부문별 손익(파생상품)
1030,201806,0010633,삼성화재해상보험주식회사,A1,파생상품 관련 이익,-5911748000,14720951000,국내일반손보사,B,SI023,부문별 손익(파생상품)
1031,201806,0010633,삼성화재해상보험주식회사,A11,파생상품 관련 이익_파생상품 거래 이익,1237467000,2183886000,국내일반손보사,B,SI023,부문별 손익(파생상품)
1032,201806,0010633,삼성화재해상보험주식회사,A12,파생상품 관련 이익_파생상품 평가 이익,-7149215000,12537065000,국내일반손보사,B,SI023,부문별 손익(파생상품)
1033,201806,0010633,삼성화재해상보험주식회사,A2,파생상품 관련 손실,121384642000,130420065000,국내일반손보사,B,SI023,부문별 손익(파생상품)
1034,201806,0010633,삼성화재해상보험주식회사,A21,파생상품 관련 손실_파생상품 거래 손실,3913726000,9524812000,국내일반손보사,B,SI023,부문별 손익(파생상품)
1035,201806,0010633,삼성화재해상보험주식회사,A22,파생상품 평가 손실,117470916000,120895253000,국내일반손보사,B,SI023,부문별 손익(파생상품)
1036,201809,0010633,삼성화재해상보험주식회사,A,파생상품 관련 손익,17203106000,-98496008000,국내일반손보사,B,SI023,부문별 손익(파생상품)
1037,201809,0010633,삼성화재해상보험주식회사,A1,파생상품 관련 이익,502203000,15223154000,국내일반손보사,B,SI023,부문별 손익(파생상품)
1038,201809,0010633,삼성화재해상보험주식회사,A11,파생상품 관련 이익_파생상품 거래 이익,422310000,2606196000,국내일반손보사,B,SI023,부문별 손익(파생상품)
1039,201809,0010633,삼성화재해상보험주식회사,A12,파생상품 관련 이익_파생상품 평가 이익,79893000,12616958000,국내일반손보사,B,SI023,부문별 손익(파생상품)
1040,201809,0010633,삼성화재해상보험주식회사,A2,파생상품 관련 손실,-16700903000,113719162000,국내일반손보사,B,SI023,부문별 손익(파생상품)
1041,201809,0010633,삼성화재해상보험주식회사,A21,파생상품 관련 손실_파생상품 거래 손실,17286655000,26811467000,국내일반손보사,B,SI023,부문별 손익(파생상품)
1042,201809,0010633,삼성화재해상보험주식회사,A22,파생상품 평가 손실,-33987558000,86907695000,국내일반손보사,B,SI023,부문별 손익(파생상품)
1043,201812,0010633,삼성화재해상보험주식회사,A,파생상품 관련 손익,-665063000,-99161071000,국내일반손보사,B,SI023,부문별 손익(파생상품)
1044,201812,0010633,삼성화재해상보험주식회사,A1,파생상품 관련 이익,12547204000,27770358000,국내일반손보사,B,SI023,부문별 손익(파생상품)
1045,201812,0010633,삼성화재해상보험주식회사,A11,파생상품 관련 이익_파생상품 거래 이익,1152119000,3758315000,국내일반손보사,B,SI023,부문별 손익(파생상품)
1046,201812,0010633,삼성화재해상보험주식회사,A12,파생상품 관련 이익_파생상품 평가 이익,11395085000,24012043000,국내일반손보사,B,SI023,부문별 손익(파생상품)
1047,201812,0010633,삼성화재해상보험주식회사,A2,파생상품 관련 손실,13212267000,126931429000,국내일반손보사,B,SI023,부문별 손익(파생상품)
1048,201812,0010633,삼성화재해상보험주식회사,A21,파생상품 관련 손실_파생상품 거래 손실,5934229000,32745696000,국내일반손보사,B,SI023,부문별 손익(파생상품)
1049,201812,0010633,삼성화재해상보험주식회사,A22,파생상품 평가 손실,7278038000,94185733000,국내일반손보사,B,SI023,부문별 손익(파생상품)
1050,201903,0010633,삼성화재해상보험주식회사,A,파생상품 관련 손익,-45936467000,-45936467000,국내일반손보사,B,SI023,부문별 손익(파생상품)
1051,201903,0010633,삼성화재해상보험주식회사,A1,파생상품 관련 이익,6847603000,6847603000,국내일반손보사,B,SI023,부문별 손익(파생상품)
1052,201903,0010633,삼성화재해상보험주식회사,A11,파생상품 관련 이익_파생상품 거래 이익,395494000,395494000,국내일반손보사,B,SI023,부문별 손익(파생상품)
1053,201903,0010633,삼성화재해상보험주식회사,A12,파생상품 관련 이익_파생상품 평가 이익,6452109000,6452109000,국내일반손보사,B,SI023,부문별 손익(파생상품)
1054,201903,0010633,삼성화재해상보험주식회사,A2,파생상품 관련 손실,52784070000,52784070000,국내일반손보사,B,SI023,부문별 손익(파생상품)
1055,201903,0010633,삼성화재해상보험주식회사,A21,파생상품 관련 손실_파생상품 거래 손실,2959362000,2959362000,국내일반손보사,B,SI023,부문별 손익(파생상품)
1056,201903,0010633,삼성화재해상보험주식회사,A22,파생상품 평가 손실,49824708000,49824708000,국내일반손보사,B,SI023,부문별 손익(파생상품)
1057,201906,0010633,삼성화재해상보험주식회사,A,파생상품 관련 손익,-82277650000,-128214117000,국내일반손보사,B,SI023,부문별 손익(파생상품)
1058,201906,0010633,삼성화재해상보험주식회사,A1,파생상품 관련 이익,1909499000,8757102000,국내일반손보사,B,SI023,부문별 손익(파생상품)
1059,201906,0010633,삼성화재해상보험주식회사,A11,파생상품 관련 이익_파생상품 거래 이익,87007000,482501000,국내일반손보사,B,SI023,부문별 손익(파생상품)
1060,201906,0010633,삼성화재해상보험주식회사,A12,파생상품 관련 이익_파생상품 평가 이익,1822492000,8274601000,국내일반손보사,B,SI023,부문별 손익(파생상품)
1061,201906,0010633,삼성화재해상보험주식회사,A2,파생상품 관련 손실,84187149000,136971219000,국내일반손보사,B,SI023,부문별 손익(파생상품)
1062,201906,0010633,삼성화재해상보험주식회사,A21,파생상품 관련 손실_파생상품 거래 손실,22049121000,25008483000,국내일반손보사,B,SI023,부문별 손익(파생상품)
1063,201906,0010633,삼성화재해상보험주식회사,A22,파생상품 평가 손실,62138028000,111962736000,국내일반손보사,B,SI023,부문별 손익(파생상품)
1064,201909,0010633,삼성화재해상보험주식회사,A,파생상품 관련 손익,-99793653000,-228007770000,국내일반손보사,B,SI023,부문별 손익(파생상품)
1065,201909,0010633,삼성화재해상보험주식회사,A1,파생상품 관련 이익,2730017000,11487119000,국내일반손보사,B,SI023,부문별 손익(파생상품)
1066,201909,0010633,삼성화재해상보험주식회사,A11,파생상품 관련 이익_파생상품 거래 이익,685763000,1168264000,국내일반손보사,B,SI023,부문별 손익(파생상품)
1067,201909,0010633,삼성화재해상보험주식회사,A12,파생상품 관련 이익_파생상품 평가 이익,2044254000,10318855000,국내일반손보사,B,SI023,부문별 손익(파생상품)
1068,201909,0010633,삼성화재해상보험주식회사,A2,파생상품 관련 손실,102523670000,239494889000,국내일반손보사,B,SI023,부문별 손익(파생상품)
1069,201909,0010633,삼성화재해상보험주식회사,A21,파생상품 관련 손실_파생상품 거래 손실,24484591000,49493074000,국내일반손보사,B,SI023,부문별 손익(파생상품)
1070,201909,0010633,삼성화재해상보험주식회사,A22,파생상품 평가 손실,78039079000,190001815000,국내일반손보사,B,SI023,부문별 손익(파생상품)
1071,201912,0010633,삼성화재해상보험주식회사,A,파생상품 관련 손익,109904915000,-118102855000,국내일반손보사,B,SI023,부문별 손익(파생상품)
1072,201912,0010633,삼성화재해상보험주식회사,A1,파생상품 관련 이익,20187559000,31674678000,국내일반손보사,B,SI023,부문별 손익(파생상품)
1073,201912,0010633,삼성화재해상보험주식회사,A11,파생상품 관련 이익_파생상품 거래 이익,6547279000,7715543000,국내일반손보사,B,SI023,부문별 손익(파생상품)
1074,201912,0010633,삼성화재해상보험주식회사,A12,파생상품 관련 이익_파생상품 평가 이익,13640280000,23959135000,국내일반손보사,B,SI023,부문별 손익(파생상품)
1075,201912,0010633,삼성화재해상보험주식회사,A2,파생상품 관련 손실,-89717356000,149777533000,국내일반손보사,B,SI023,부문별 손익(파생상품)
1076,201912,0010633,삼성화재해상보험주식회사,A21,파생상품 관련 손실_파생상품 거래 손실,13131016000,62624090000,국내일반손보사,B,SI023,부문별 손익(파생상품)
1077,201912,0010633,삼성화재해상보험주식회사,A22,파생상품 평가 손실,-102848372000,87153443000,국내일반손보사,B,SI023,부문별 손익(파생상품)
1078,202003,0010633,삼성화재해상보험주식회사,A,파생상품 관련 손익,-182165452000,-182165452000,국내일반손보사,B,SI023,부문별 손익(파생상품)
1079,202003,0010633,삼성화재해상보험주식회사,A1,파생상품 관련 이익,13914479000,13914479000,국내일반손보사,B,SI023,부문별 손익(파생상품)
1080,202003,0010633,삼성화재해상보험주식회사,A11,파생상품 관련 이익_파생상품 거래 이익,256598000,256598000,국내일반손보사,B,SI023,부문별 손익(파생상품)
1081,202003,0010633,삼성화재해상보험주식회사,A12,파생상품 관련 이익_파생상품 평가 이익,13657881000,13657881000,국내일반손보사,B,SI023,부문별 손익(파생상품)
1082,202003,0010633,삼성화재해상보험주식회사,A2,파생상품 관련 손실,196079931000,196079931000,국내일반손보사,B,SI023,부문별 손익(파생상품)
1083,202003,0010633,삼성화재해상보험주식회사,A21,파생상품 관련 손실_파생상품 거래 손실,19350174000,19350174000,국내일반손보사,B,SI023,부문별 손익(파생상품)
1084,202003,0010633,삼성화재해상보험주식회사,A22,파생상품 평가 손실,176729757000,176729757000,국내일반손보사,B,SI023,부문별 손익(파생상품)
1085,202006,0010633,삼성화재해상보험주식회사,A,파생상품 관련 손익,22781558000,-159383894000,국내일반손보사,B,SI023,부문별 손익(파생상품)
1086,202006,0010633,삼성화재해상보험주식회사,A1,파생상품 관련 이익,-797072000,13117407000,국내일반손보사,B,SI023,부문별 손익(파생상품)
1087,202006,0010633,삼성화재해상보험주식회사,A11,파생상품 관련 이익_파생상품 거래 이익,2948418000,3205016000,국내일반손보사,B,SI023,부문별 손익(파생상품)
1088,202006,0010633,삼성화재해상보험주식회사,A12,파생상품 관련 이익_파생상품 평가 이익,-3745490000,9912391000,국내일반손보사,B,SI023,부문별 손익(파생상품)
1089,202006,0010633,삼성화재해상보험주식회사,A2,파생상품 관련 손실,-23578630000,172501301000,국내일반손보사,B,SI023,부문별 손익(파생상품)
1090,202006,0010633,삼성화재해상보험주식회사,A21,파생상품 관련 손실_파생상품 거래 손실,26139063000,45489237000,국내일반손보사,B,SI023,부문별 손익(파생상품)
1091,202006,0010633,삼성화재해상보험주식회사,A22,파생상품 평가 손실,-49717693000,127012064000,국내일반손보사,B,SI023,부문별 손익(파생상품)
1092,202009,0010633,삼성화재해상보험주식회사,A,파생상품 관련 손익,33326528000,-126057366000,국내일반손보사,B,SI023,부문별 손익(파생상품)
1093,202009,0010633,삼성화재해상보험주식회사,A1,파생상품 관련 이익,17360009000,30477416000,국내일반손보사,B,SI023,부문별 손익(파생상품)
1094,202009,0010633,삼성화재해상보험주식회사,A11,파생상품 관련 이익_파생상품 거래 이익,4579653000,7784669000,국내일반손보사,B,SI023,부문별 손익(파생상품)
1095,202009,0010633,삼성화재해상보험주식회사,A12,파생상품 관련 이익_파생상품 평가 이익,12780356000,22692747000,국내일반손보사,B,SI023,부문별 손익(파생상품)
1096,202009,0010633,삼성화재해상보험주식회사,A2,파생상품 관련 손실,-15966519000,156534782000,국내일반손보사,B,SI023,부문별 손익(파생상품)
1097,202009,0010633,삼성화재해상보험주식회사,A21,파생상품 관련 손실_파생상품 거래 손실,10023459000,55512696000,국내일반손보사,B,SI023,부문별 손익(파생상품)
1098,202009,0010633,삼성화재해상보험주식회사,A22,파생상품 평가 손실,-25989978000,101022086000,국내일반손보사,B,SI023,부문별 손익(파생상품)
1099,202012,0010633,삼성화재해상보험주식회사,A,파생상품 관련 손익,211423587000,85366221000,국내일반손보사,B,SI023,부문별 손익(파생상품)
1100,202012,0010633,삼성화재해상보험주식회사,A1,파생상품 관련 이익,172623167000,203100583000,국내일반손보사,B,SI023,부문별 손익(파생상품)
1101,202012,0010633,삼성화재해상보험주식회사,A11,파생상품 관련 이익_파생상품 거래 이익,23905056000,31689725000,국내일반손보사,B,SI023,부문별 손익(파생상품)
1102,202012,0010633,삼성화재해상보험주식회사,A12,파생상품 관련 이익_파생상품 평가 이익,148718111000,171410858000,국내일반손보사,B,SI023,부문별 손익(파생상품)
1103,202012,0010633,삼성화재해상보험주식회사,A2,파생상품 관련 손실,-38800420000,117734362000,국내일반손보사,B,SI023,부문별 손익(파생상품)
1104,202012,0010633,삼성화재해상보험주식회사,A21,파생상품 관련 손실_파생상품 거래 손실,111575000,55624271000,국내일반손보사,B,SI023,부문별 손익(파생상품)
1105,202012,0010633,삼성화재해상보험주식회사,A22,파생상품 평가 손실,-38911995000,62110091000,국내일반손보사,B,SI023,부문별 손익(파생상품)
1106,202103,0010633,삼성화재해상보험주식회사,A,파생상품 관련 손익,-98863710000,-98863710000,국내일반손보사,B,SI023,부문별 손익(파생상품)
1107,202103,0010633,삼성화재해상보험주식회사,A1,파생상품 관련 이익,19911078000,19911078000,국내일반손보사,B,SI023,부문별 손익(파생상품)
1108,202103,0010633,삼성화재해상보험주식회사,A11,파생상품 관련 이익_파생상품 거래 이익,669054000,669054000,국내일반손보사,B,SI023,부문별 손익(파생상품)
1109,202103,0010633,삼성화재해상보험주식회사,A12,파생상품 관련 이익_파생상품 평가 이익,19242024000,19242024000,국내일반손보사,B,SI023,부문별 손익(파생상품)
1110,202103,0010633,삼성화재해상보험주식회사,A2,파생상품 관련 손실,118774788000,118774788000,국내일반손보사,B,SI023,부문별 손익(파생상품)
1111,202103,0010633,삼성화재해상보험주식회사,A21,파생상품 관련 손실_파생상품 거래 손실,14257237000,14257237000,국내일반손보사,B,SI023,부문별 손익(파생상품)
1112,202103,0010633,삼성화재해상보험주식회사,A22,파생상품 평가 손실,104517551000,104517551000,국내일반손보사,B,SI023,부문별 손익(파생상품)
1113,202106,0010633,삼성화재해상보험주식회사,A,파생상품 관련 손익,-19662904000,-118526614000,국내일반손보사,B,SI023,부문별 손익(파생상품)
1114,202106,0010633,삼성화재해상보험주식회사,A1,파생상품 관련 이익,-12350446000,7560632000,국내일반손보사,B,SI023,부문별 손익(파생상품)
1115,202106,0010633,삼성화재해상보험주식회사,A11,파생상품 관련 이익_파생상품 거래 이익,581070000,1250124000,국내일반손보사,B,SI023,부문별 손익(파생상품)
1116,202106,0010633,삼성화재해상보험주식회사,A12,파생상품 관련 이익_파생상품 평가 이익,-12931516000,6310508000,국내일반손보사,B,SI023,부문별 손익(파생상품)
1117,202106,0010633,삼성화재해상보험주식회사,A2,파생상품 관련 손실,7312458000,126087246000,국내일반손보사,B,SI023,부문별 손익(파생상품)
1118,202106,0010633,삼성화재해상보험주식회사,A21,파생상품 관련 손실_파생상품 거래 손실,26393174000,40650411000,국내일반손보사,B,SI023,부문별 손익(파생상품)
1119,202106,0010633,삼성화재해상보험주식회사,A22,파생상품 평가 손실,-19080716000,85436835000,국내일반손보사,B,SI023,부문별 손익(파생상품)
1120,202109,0010633,삼성화재해상보험주식회사,A,파생상품 관련 손익,-180988182000,-299514796000,국내일반손보사,B,SI023,부문별 손익(파생상품)
1121,202109,0010633,삼성화재해상보험주식회사,A1,파생상품 관련 이익,539585000,8100217000,국내일반손보사,B,SI023,부문별 손익(파생상품)
1122,202109,0010633,삼성화재해상보험주식회사,A11,파생상품 관련 이익_파생상품 거래 이익,319906000,1570030000,국내일반손보사,B,SI023,부문별 손익(파생상품)
1123,202109,0010633,삼성화재해상보험주식회사,A12,파생상품 관련 이익_파생상품 평가 이익,219679000,6530187000,국내일반손보사,B,SI023,부문별 손익(파생상품)
1124,202109,0010633,삼성화재해상보험주식회사,A2,파생상품 관련 손실,181527767000,307615013000,국내일반손보사,B,SI023,부문별 손익(파생상품)
1125,202109,0010633,삼성화재해상보험주식회사,A21,파생상품 관련 손실_파생상품 거래 손실,18423172000,59073583000,국내일반손보사,B,SI023,부문별 손익(파생상품)
1126,202109,0010633,삼성화재해상보험주식회사,A22,파생상품 평가 손실,163104595000,248541430000,국내일반손보사,B,SI023,부문별 손익(파생상품)
1127,202112,0010633,삼성화재해상보험주식회사,A,파생상품 관련 손익,37279962000,-262234834000,국내일반손보사,B,SI023,부문별 손익(파생상품)
1128,202112,0010633,삼성화재해상보험주식회사,A1,파생상품 관련 이익,11540468000,19640685000,국내일반손보사,B,SI023,부문별 손익(파생상품)
1129,202112,0010633,삼성화재해상보험주식회사,A11,파생상품 관련 이익_파생상품 거래 이익,2390167000,3960197000,국내일반손보사,B,SI023,부문별 손익(파생상품)
1130,202112,0010633,삼성화재해상보험주식회사,A12,파생상품 관련 이익_파생상품 평가 이익,9150301000,15680488000,국내일반손보사,B,SI023,부문별 손익(파생상품)
1131,202112,0010633,삼성화재해상보험주식회사,A2,파생상품 관련 손실,-25739494000,281875519000,국내일반손보사,B,SI023,부문별 손익(파생상품)
1132,202112,0010633,삼성화재해상보험주식회사,A21,파생상품 관련 손실_파생상품 거래 손실,12335036000,71408619000,국내일반손보사,B,SI023,부문별 손익(파생상품)
1133,202112,0010633,삼성화재해상보험주식회사,A22,파생상품 평가 손실,-38074530000,210466900000,국내일반손보사,B,SI023,부문별 손익(파생상품)
1134,202203,0010633,삼성화재해상보험주식회사,A,파생상품 관련 손익,-91007994000,-91007994000,국내일반손보사,B,SI023,부문별 손익(파생상품)
1135,202203,0010633,삼성화재해상보험주식회사,A1,파생상품 관련 이익,6198853000,6198853000,국내일반손보사,B,SI023,부문별 손익(파생상품)
1136,202203,0010633,삼성화재해상보험주식회사,A11,파생상품 관련 이익_파생상품 거래 이익,2841585000,2841585000,국내일반손보사,B,SI023,부문별 손익(파생상품)
1137,202203,0010633,삼성화재해상보험주식회사,A12,파생상품 관련 이익_파생상품 평가 이익,3357268000,3357268000,국내일반손보사,B,SI023,부문별 손익(파생상품)
1138,202203,0010633,삼성화재해상보험주식회사,A2,파생상품 관련 손실,97206847000,97206847000,국내일반손보사,B,SI023,부문별 손익(파생상품)
1139,202203,0010633,삼성화재해상보험주식회사,A21,파생상품 관련 손실_파생상품 거래 손실,13751636000,13751636000,국내일반손보사,B,SI023,부문별 손익(파생상품)
1140,202203,0010633,삼성화재해상보험주식회사,A22,파생상품 평가 손실,83455211000,83455211000,국내일반손보사,B,SI023,부문별 손익(파생상품)
1141,202206,0010633,삼성화재해상보험주식회사,A,파생상품 관련 손익,-213731299000,-304739293000,국내일반손보사,B,SI023,부문별 손익(파생상품)
1142,202206,0010633,삼성화재해상보험주식회사,A1,파생상품 관련 이익,20544407000,26743260000,국내일반손보사,B,SI023,부문별 손익(파생상품)
1143,202206,0010633,삼성화재해상보험주식회사,A11,파생상품 관련 이익_파생상품 거래 이익,2032239000,4873824000,국내일반손보사,B,SI023,부문별 손익(파생상품)
1144,202206,0010633,삼성화재해상보험주식회사,A12,파생상품 관련 이익_파생상품 평가 이익,18512168000,21869436000,국내일반손보사,B,SI023,부문별 손익(파생상품)
1145,202206,0010633,삼성화재해상보험주식회사,A2,파생상품 관련 손실,234275706000,331482553000,국내일반손보사,B,SI023,부문별 손익(파생상품)
1146,202206,0010633,삼성화재해상보험주식회사,A21,파생상품 관련 손실_파생상품 거래 손실,23352462000,37104098000,국내일반손보사,B,SI023,부문별 손익(파생상품)
1147,202206,0010633,삼성화재해상보험주식회사,A22,파생상품 평가 손실,210923244000,294378455000,국내일반손보사,B,SI023,부문별 손익(파생상품)
1148,202209,0010633,삼성화재해상보험주식회사,A,파생상품 관련 손익,-474249503000,-778988796000,국내일반손보사,B,SI023,부문별 손익(파생상품)
1149,202209,0010633,삼성화재해상보험주식회사,A1,파생상품 관련 이익,4420198000,31163458000,국내일반손보사,B,SI023,부문별 손익(파생상품)
1150,202209,0010633,삼성화재해상보험주식회사,A11,파생상품 관련 이익_파생상품 거래 이익,3106474000,7980298000,국내일반손보사,B,SI023,부문별 손익(파생상품)
1151,202209,0010633,삼성화재해상보험주식회사,A12,파생상품 관련 이익_파생상품 평가 이익,1313724000,23183160000,국내일반손보사,B,SI023,부문별 손익(파생상품)
1152,202209,0010633,삼성화재해상보험주식회사,A2,파생상품 관련 손실,478669701000,810152254000,국내일반손보사,B,SI023,부문별 손익(파생상품)
1153,202209,0010633,삼성화재해상보험주식회사,A21,파생상품 관련 손실_파생상품 거래 손실,26821461000,63925559000,국내일반손보사,B,SI023,부문별 손익(파생상품)
1154,202209,0010633,삼성화재해상보험주식회사,A22,파생상품 평가 손실,451848240000,746226695000,국내일반손보사,B,SI023,부문별 손익(파생상품)
1155,202212,0010633,삼성화재해상보험주식회사,A,파생상품 관련 손익,568794606000,-210194190000,국내일반손보사,B,SI023,부문별 손익(파생상품)
1156,202212,0010633,삼성화재해상보험주식회사,A1,파생상품 관련 이익,48477908000,79641366000,국내일반손보사,B,SI023,부문별 손익(파생상품)
1157,202212,0010633,삼성화재해상보험주식회사,A11,파생상품 관련 이익_파생상품 거래 이익,6379229000,14359527000,국내일반손보사,B,SI023,부문별 손익(파생상품)
1158,202212,0010633,삼성화재해상보험주식회사,A12,파생상품 관련 이익_파생상품 평가 이익,42098679000,65281839000,국내일반손보사,B,SI023,부문별 손익(파생상품)
1159,202212,0010633,삼성화재해상보험주식회사,A2,파생상품 관련 손실,-520316698000,289835556000,국내일반손보사,B,SI023,부문별 손익(파생상품)
1160,202212,0010633,삼성화재해상보험주식회사,A21,파생상품 관련 손실_파생상품 거래 손실,24885471000,88811030000,국내일반손보사,B,SI023,부문별 손익(파생상품)
1161,202212,0010633,삼성화재해상보험주식회사,A22,파생상품 평가 손실,-545202169000,201024526000,국내일반손보사,B,SI023,부문별 손익(파생상품)
1162,202303,0010633,삼성화재해상보험주식회사,A,파생상품 관련 손익,-204398946000,-204398946000,국내일반손보사,B,SI023,부문별 손익(파생상품)
1163,202303,0010633,삼성화재해상보험주식회사,A1,파생상품 관련 손익_파생상품 관련 이익,28875023000,28875023000,국내일반손보사,B,SI023,부문별 손익(파생상품)
1164,202303,0010633,삼성화재해상보험주식회사,A11,파생상품 거래 이익,24830851000,24830851000,국내일반손보사,B,SI023,부문별 손익(파생상품)
1165,202303,0010633,삼성화재해상보험주식회사,A12,파생상품 평가 이익,4044172000,4044172000,국내일반손보사,B,SI023,부문별 손익(파생상품)
1166,202303,0010633,삼성화재해상보험주식회사,A2,파생상품 관련 손실,233273969000,233273969000,국내일반손보사,B,SI023,부문별 손익(파생상품)
1167,202303,0010633,삼성화재해상보험주식회사,A21,파생상품 거래 손실,30058265000,30058265000,국내일반손보사,B,SI023,부문별 손익(파생상품)
1168,202303,0010633,삼성화재해상보험주식회사,A22,파생상품 평가 손실,203215704000,203215704000,국내일반손보사,B,SI023,부문별 손익(파생상품)
1169,202306,0010633,삼성화재해상보험주식회사,A,파생상품 관련 손익,-22972283000,-227371229000,국내일반손보사,B,SI023,부문별 손익(파생상품)
1170,202306,0010633,삼성화재해상보험주식회사,A1,파생상품 관련 손익_파생상품 관련 이익,10433479000,39308502000,국내일반손보사,B,SI023,부문별 손익(파생상품)
1171,202306,0010633,삼성화재해상보험주식회사,A11,파생상품 거래 이익,3688185000,28519036000,국내일반손보사,B,SI023,부문별 손익(파생상품)
1172,202306,0010633,삼성화재해상보험주식회사,A12,파생상품 평가 이익,6745294000,10789466000,국내일반손보사,B,SI023,부문별 손익(파생상품)
1173,202306,0010633,삼성화재해상보험주식회사,A2,파생상품 관련 손실,33405762000,266679731000,국내일반손보사,B,SI023,부문별 손익(파생상품)
1174,202306,0010633,삼성화재해상보험주식회사,A21,파생상품 거래 손실,26466740000,56525005000,국내일반손보사,B,SI023,부문별 손익(파생상품)
1175,202306,0010633,삼성화재해상보험주식회사,A22,파생상품 평가 손실,6939022000,210154726000,국내일반손보사,B,SI023,부문별 손익(파생상품)
1176,202309,0010633,삼성화재해상보험주식회사,A,파생상품 관련 손익,-102001568000,-329372797000,국내일반손보사,B,SI023,부문별 손익(파생상품)
1177,202309,0010633,삼성화재해상보험주식회사,A1,파생상품 관련 손익_파생상품 관련 이익,5294787000,44603289000,국내일반손보사,B,SI023,부문별 손익(파생상품)
1178,202309,0010633,삼성화재해상보험주식회사,A11,파생상품 거래 이익,3834917000,32353953000,국내일반손보사,B,SI023,부문별 손익(파생상품)
1179,202309,0010633,삼성화재해상보험주식회사,A12,파생상품 평가 이익,1459870000,12249336000,국내일반손보사,B,SI023,부문별 손익(파생상품)
1180,202309,0010633,삼성화재해상보험주식회사,A2,파생상품 관련 손실,107296355000,373976086000,국내일반손보사,B,SI023,부문별 손익(파생상품)
1181,202309,0010633,삼성화재해상보험주식회사,A21,파생상품 거래 손실,23245142000,79770147000,국내일반손보사,B,SI023,부문별 손익(파생상품)
1182,202309,0010633,삼성화재해상보험주식회사,A22,파생상품 평가 손실,84051213000,294205939000,국내일반손보사,B,SI023,부문별 손익(파생상품)
1183,202312,0010633,삼성화재해상보험주식회사,A,파생상품 관련 손익,149174820000,-180197977000,국내일반손보사,B,SI023,부문별 손익(파생상품)
1184,202312,0010633,삼성화재해상보험주식회사,A1,파생상품 관련 손익_파생상품 관련 이익,27369274000,71972563000,국내일반손보사,B,SI023,부문별 손익(파생상품)
1185,202312,0010633,삼성화재해상보험주식회사,A11,파생상품 거래 이익,6741310000,39095263000,국내일반손보사,B,SI023,부문별 손익(파생상품)
1186,202312,0010633,삼성화재해상보험주식회사,A12,파생상품 평가 이익,20627964000,32877300000,국내일반손보사,B,SI023,부문별 손익(파생상품)
1187,202312,0010633,삼성화재해상보험주식회사,A2,파생상품 관련 손실,-121805546000,252170540000,국내일반손보사,B,SI023,부문별 손익(파생상품)
1188,202312,0010633,삼성화재해상보험주식회사,A21,파생상품 거래 손실,26909168000,106679315000,국내일반손보사,B,SI023,부문별 손익(파생상품)
1189,202312,0010633,삼성화재해상보험주식회사,A22,파생상품 평가 손실,-148714714000,145491225000,국내일반손보사,B,SI023,부문별 손익(파생상품)
1190,202403,0010633,삼성화재해상보험주식회사,A,파생상품 관련 손익,-219631694000,-219631694000,국내일반손보사,B,SI023,부문별 손익(파생상품)
1191,202403,0010633,삼성화재해상보험주식회사,A1,파생상품 관련 손익_파생상품 관련 이익,10096708000,10096708000,국내일반손보사,B,SI023,부문별 손익(파생상품)
1192,202403,0010633,삼성화재해상보험주식회사,A11,파생상품 거래 이익,1397388000,1397388000,국내일반손보사,B,SI023,부문별 손익(파생상품)
1193,202403,0010633,삼성화재해상보험주식회사,A12,파생상품 평가 이익,8699320000,8699320000,국내일반손보사,B,SI023,부문별 손익(파생상품)
1194,202403,0010633,삼성화재해상보험주식회사,A2,파생상품 관련 손실,229728402000,229728402000,국내일반손보사,B,SI023,부문별 손익(파생상품)
1195,202403,0010633,삼성화재해상보험주식회사,A21,파생상품 거래 손실,19807801000,19807801000,국내일반손보사,B,SI023,부문별 손익(파생상품)
1196,202403,0010633,삼성화재해상보험주식회사,A22,파생상품 평가 손실,209920601000,209920601000,국내일반손보사,B,SI023,부문별 손익(파생상품)
1197,202406,0010633,삼성화재해상보험주식회사,A,파생상품 관련 손익,-221466417000,-441098111000,국내일반손보사,B,SI023,부문별 손익(파생상품)
1198,202406,0010633,삼성화재해상보험주식회사,A1,파생상품 관련 손익_파생상품 관련 이익,-4094016000,6002692000,국내일반손보사,B,SI023,부문별 손익(파생상품)
1199,202406,0010633,삼성화재해상보험주식회사,A11,파생상품 거래 이익,2644630000,4042018000,국내일반손보사,B,SI023,부문별 손익(파생상품)
1200,202406,0010633,삼성화재해상보험주식회사,A12,파생상품 평가 이익,-6738646000,1960674000,국내일반손보사,B,SI023,부문별 손익(파생상품)
1201,202406,0010633,삼성화재해상보험주식회사,A2,파생상품 관련 손실,217372401000,447100803000,국내일반손보사,B,SI023,부문별 손익(파생상품)
1202,202406,0010633,삼성화재해상보험주식회사,A21,파생상품 거래 손실,30817124000,50624925000,국내일반손보사,B,SI023,부문별 손익(파생상품)
1203,202406,0010633,삼성화재해상보험주식회사,A22,파생상품 평가 손실,186555277000,396475878000,국내일반손보사,B,SI023,부문별 손익(파생상품)
1204,202409,0010633,삼성화재해상보험주식회사,A,파생상품 관련 손익,275984861000,-165113250000,국내일반손보사,B,SI023,부문별 손익(파생상품)
1205,202409,0010633,삼성화재해상보험주식회사,A1,파생상품 관련 손익_파생상품 관련 이익,47150467000,53153159000,국내일반손보사,B,SI023,부문별 손익(파생상품)
1206,202409,0010633,삼성화재해상보험주식회사,A11,파생상품 거래 이익,4308737000,8350755000,국내일반손보사,B,SI023,부문별 손익(파생상품)
1207,202409,0010633,삼성화재해상보험주식회사,A12,파생상품 평가 이익,42841730000,44802404000,국내일반손보사,B,SI023,부문별 손익(파생상품)
1208,202409,0010633,삼성화재해상보험주식회사,A2,파생상품 관련 손실,-228834394000,218266409000,국내일반손보사,B,SI023,부문별 손익(파생상품)
1209,202409,0010633,삼성화재해상보험주식회사,A21,파생상품 거래 손실,32531702000,83156627000,국내일반손보사,B,SI023,부문별 손익(파생상품)
1210,202409,0010633,삼성화재해상보험주식회사,A22,파생상품 평가 손실,-261366096000,135109782000,국내일반손보사,B,SI023,부문별 손익(파생상품)
1211,202412,0010633,삼성화재해상보험주식회사,A,파생상품 관련 손익,-638429703000,-803542953000,국내일반손보사,B,SI023,부문별 손익(파생상품)
1212,202412,0010633,삼성화재해상보험주식회사,A1,파생상품 관련 손익_파생상품 관련 이익,-38231667000,14921492000,국내일반손보사,B,SI023,부문별 손익(파생상품)
1213,202412,0010633,삼성화재해상보험주식회사,A11,파생상품 거래 이익,2142208000,10492963000,국내일반손보사,B,SI023,부문별 손익(파생상품)
1214,202412,0010633,삼성화재해상보험주식회사,A12,파생상품 평가 이익,-40373875000,4428529000,국내일반손보사,B,SI023,부문별 손익(파생상품)
1215,202412,0010633,삼성화재해상보험주식회사,A2,파생상품 관련 손실,600198036000,818464445000,국내일반손보사,B,SI023,부문별 손익(파생상품)
1216,202412,0010633,삼성화재해상보험주식회사,A21,파생상품 거래 손실,30494374000,113651001000,국내일반손보사,B,SI023,부문별 손익(파생상품)
1217,202412,0010633,삼성화재해상보험주식회사,A22,파생상품 평가 손실,569703662000,704813444000,국내일반손보사,B,SI023,부문별 손익(파생상품)
1218,202503,0010633,삼성화재해상보험주식회사,A,파생상품 관련 손익,-97540022000,-97540022000,국내일반손보사,B,SI023,부문별 손익(파생상품)
1219,202503,0010633,삼성화재해상보험주식회사,A1,파생상품 관련 손익_파생상품 관련 이익,20016126000,20016126000,국내일반손보사,B,SI023,부문별 손익(파생상품)
1220,202503,0010633,삼성화재해상보험주식회사,A11,파생상품 거래 이익,9018429000,9018429000,국내일반손보사,B,SI023,부문별 손익(파생상품)
1221,202503,0010633,삼성화재해상보험주식회사,A12,파생상품 평가 이익,10997697000,10997697000,국내일반손보사,B,SI023,부문별 손익(파생상품)
1222,202503,0010633,삼성화재해상보험주식회사,A2,파생상품 관련 손실,117556148000,117556148000,국내일반손보사,B,SI023,부문별 손익(파생상품)
1223,202503,0010633,삼성화재해상보험주식회사,A21,파생상품 거래 손실,7114760000,7114760000,국내일반손보사,B,SI023,부문별 손익(파생상품)
1224,202503,0010633,삼성화재해상보험주식회사,A22,파생상품 평가 손실,110441388000,110441388000,국내일반손보사,B,SI023,부문별 손익(파생상품)
1225,202506,0010633,삼성화재해상보험주식회사,A,파생상품 관련 손익,476220966000,378680944000,국내일반손보사,B,SI023,부문별 손익(파생상품)
1226,202506,0010633,삼성화재해상보험주식회사,A1,파생상품 관련 손익_파생상품 관련 이익,468620943000,488637069000,국내일반손보사,B,SI023,부문별 손익(파생상품)
1227,202506,0010633,삼성화재해상보험주식회사,A11,파생상품 거래 이익,88951463000,97969892000,국내일반손보사,B,SI023,부문별 손익(파생상품)
1228,202506,0010633,삼성화재해상보험주식회사,A12,파생상품 평가 이익,379669480000,390667177000,국내일반손보사,B,SI023,부문별 손익(파생상품)
1229,202506,0010633,삼성화재해상보험주식회사,A2,파생상품 관련 손실,-7600023000,109956125000,국내일반손보사,B,SI023,부문별 손익(파생상품)
1230,202506,0010633,삼성화재해상보험주식회사,A21,파생상품 거래 손실,24408707000,31523467000,국내일반손보사,B,SI023,부문별 손익(파생상품)
1231,202506,0010633,삼성화재해상보험주식회사,A22,파생상품 평가 손실,-32008730000,78432658000,국내일반손보사,B,SI023,부문별 손익(파생상품)
1232,202509,0010633,삼성화재해상보험주식회사,A,파생상품 관련 손익,-301757473000,76923471000,국내일반손보사,B,SI023,부문별 손익(파생상품)
1233,202509,0010633,삼성화재해상보험주식회사,A1,파생상품 관련 손익_파생상품 관련 이익,-176969949000,311667120000,국내일반손보사,B,SI023,부문별 손익(파생상품)
1234,202509,0010633,삼성화재해상보험주식회사,A11,파생상품 거래 이익,38425063000,136394955000,국내일반손보사,B,SI023,부문별 손익(파생상품)
1235,202509,0010633,삼성화재해상보험주식회사,A12,파생상품 평가 이익,-215395012000,175272165000,국내일반손보사,B,SI023,부문별 손익(파생상품)
1236,202509,0010633,삼성화재해상보험주식회사,A2,파생상품 관련 손실,124787524000,234743649000,국내일반손보사,B,SI023,부문별 손익(파생상품)
1237,202509,0010633,삼성화재해상보험주식회사,A21,파생상품 거래 손실,22150833000,53674300000,국내일반손보사,B,SI023,부문별 손익(파생상품)
1238,202509,0010633,삼성화재해상보험주식회사,A22,파생상품 평가 손실,102636691000,181069349000,국내일반손보사,B,SI023,부문별 손익(파생상품)
1239,201703,0013376,엠지손해보험주식회사,A,파생상품 관련 손익,62321177000,62321177000,국내일반손보사,B,SI023,부문별 손익(파생상품)
1240,201703,0013376,엠지손해보험주식회사,A1,파생상품 관련 이익,67704311000,67704311000,국내일반손보사,B,SI023,부문별 손익(파생상품)
1241,201703,0013376,엠지손해보험주식회사,A11,파생상품 관련 이익_파생상품 거래 이익,11869295000,11869295000,국내일반손보사,B,SI023,부문별 손익(파생상품)
1242,201703,0013376,엠지손해보험주식회사,A12,파생상품 관련 이익_파생상품 평가 이익,55835016000,55835016000,국내일반손보사,B,SI023,부문별 손익(파생상품)
1243,201703,0013376,엠지손해보험주식회사,A2,파생상품 관련 손실,5383134000,5383134000,국내일반손보사,B,SI023,부문별 손익(파생상품)
1244,201703,0013376,엠지손해보험주식회사,A21,파생상품 관련 손실_파생상품 거래 손실,3605000000,3605000000,국내일반손보사,B,SI023,부문별 손익(파생상품)
1245,201703,0013376,엠지손해보험주식회사,A22,파생상품 평가 손실,1778134000,1778134000,국내일반손보사,B,SI023,부문별 손익(파생상품)
1246,201706,0013376,엠지손해보험주식회사,A,파생상품 관련 손익,-17455633000,44865544000,국내일반손보사,B,SI023,부문별 손익(파생상품)
1247,201706,0013376,엠지손해보험주식회사,A1,파생상품 관련 이익,-12878587000,54825724000,국내일반손보사,B,SI023,부문별 손익(파생상품)
1248,201706,0013376,엠지손해보험주식회사,A11,파생상품 관련 이익_파생상품 거래 이익,14064954000,25934249000,국내일반손보사,B,SI023,부문별 손익(파생상품)
1249,201706,0013376,엠지손해보험주식회사,A12,파생상품 관련 이익_파생상품 평가 이익,-26943541000,28891475000,국내일반손보사,B,SI023,부문별 손익(파생상품)
1250,201706,0013376,엠지손해보험주식회사,A2,파생상품 관련 손실,4577046000,9960180000,국내일반손보사,B,SI023,부문별 손익(파생상품)
1251,201706,0013376,엠지손해보험주식회사,A21,파생상품 관련 손실_파생상품 거래 손실,3186982000,6791982000,국내일반손보사,B,SI023,부문별 손익(파생상품)
1252,201706,0013376,엠지손해보험주식회사,A22,파생상품 평가 손실,1390064000,3168198000,국내일반손보사,B,SI023,부문별 손익(파생상품)
1253,201709,0013376,엠지손해보험주식회사,A,파생상품 관련 손익,-11654217000,33211327000,국내일반손보사,B,SI023,부문별 손익(파생상품)
1254,201709,0013376,엠지손해보험주식회사,A1,파생상품 관련 이익,2930855000,57756579000,국내일반손보사,B,SI023,부문별 손익(파생상품)
1255,201709,0013376,엠지손해보험주식회사,A11,파생상품 관련 이익_파생상품 거래 이익,19913294000,45847543000,국내일반손보사,B,SI023,부문별 손익(파생상품)
1256,201709,0013376,엠지손해보험주식회사,A12,파생상품 관련 이익_파생상품 평가 이익,-16982439000,11909036000,국내일반손보사,B,SI023,부문별 손익(파생상품)
1257,201709,0013376,엠지손해보험주식회사,A2,파생상품 관련 손실,14585072000,24545252000,국내일반손보사,B,SI023,부문별 손익(파생상품)
1258,201709,0013376,엠지손해보험주식회사,A21,파생상품 관련 손실_파생상품 거래 손실,2452000000,9243982000,국내일반손보사,B,SI023,부문별 손익(파생상품)
1259,201709,0013376,엠지손해보험주식회사,A22,파생상품 평가 손실,12133072000,15301270000,국내일반손보사,B,SI023,부문별 손익(파생상품)
1260,201712,0013376,엠지손해보험주식회사,A,파생상품 관련 손익,55704364000,88915691000,국내일반손보사,B,SI023,부문별 손익(파생상품)
1261,201712,0013376,엠지손해보험주식회사,A1,파생상품 관련 이익,45240228000,102996807000,국내일반손보사,B,SI023,부문별 손익(파생상품)
1262,201712,0013376,엠지손해보험주식회사,A11,파생상품 관련 이익_파생상품 거래 이익,17837774000,63685317000,국내일반손보사,B,SI023,부문별 손익(파생상품)
1263,201712,0013376,엠지손해보험주식회사,A12,파생상품 관련 이익_파생상품 평가 이익,27402454000,39311490000,국내일반손보사,B,SI023,부문별 손익(파생상품)
1264,201712,0013376,엠지손해보험주식회사,A2,파생상품 관련 손실,-10464136000,14081116000,국내일반손보사,B,SI023,부문별 손익(파생상품)
1265,201712,0013376,엠지손해보험주식회사,A21,파생상품 관련 손실_파생상품 거래 손실,2501843000,11745825000,국내일반손보사,B,SI023,부문별 손익(파생상품)
1266,201712,0013376,엠지손해보험주식회사,A22,파생상품 평가 손실,-12965979000,2335291000,국내일반손보사,B,SI023,부문별 손익(파생상품)
1267,201803,0013376,엠지손해보험주식회사,A,파생상품 관련 손익,4121141000,4121141000,국내일반손보사,B,SI023,부문별 손익(파생상품)
1268,201803,0013376,엠지손해보험주식회사,A1,파생상품 관련 이익,8301761000,8301761000,국내일반손보사,B,SI023,부문별 손익(파생상품)
1269,201803,0013376,엠지손해보험주식회사,A11,파생상품 관련 이익_파생상품 거래 이익,3604462000,3604462000,국내일반손보사,B,SI023,부문별 손익(파생상품)
1270,201803,0013376,엠지손해보험주식회사,A12,파생상품 관련 이익_파생상품 평가 이익,4697299000,4697299000,국내일반손보사,B,SI023,부문별 손익(파생상품)
1271,201803,0013376,엠지손해보험주식회사,A2,파생상품 관련 손실,4180620000,4180620000,국내일반손보사,B,SI023,부문별 손익(파생상품)
1272,201803,0013376,엠지손해보험주식회사,A21,파생상품 관련 손실_파생상품 거래 손실,3921486000,3921486000,국내일반손보사,B,SI023,부문별 손익(파생상품)
1273,201803,0013376,엠지손해보험주식회사,A22,파생상품 평가 손실,259134000,259134000,국내일반손보사,B,SI023,부문별 손익(파생상품)
1274,201806,0013376,엠지손해보험주식회사,A,파생상품 관련 손익,-35966596000,-31845455000,국내일반손보사,B,SI023,부문별 손익(파생상품)
1275,201806,0013376,엠지손해보험주식회사,A1,파생상품 관련 이익,-1576266000,6725495000,국내일반손보사,B,SI023,부문별 손익(파생상품)
1276,201806,0013376,엠지손해보험주식회사,A11,파생상품 관련 이익_파생상품 거래 이익,2026688000,5631150000,국내일반손보사,B,SI023,부문별 손익(파생상품)
1277,201806,0013376,엠지손해보험주식회사,A12,파생상품 관련 이익_파생상품 평가 이익,-3602954000,1094345000,국내일반손보사,B,SI023,부문별 손익(파생상품)
1278,201806,0013376,엠지손해보험주식회사,A2,파생상품 관련 손실,34390330000,38570950000,국내일반손보사,B,SI023,부문별 손익(파생상품)
1279,201806,0013376,엠지손해보험주식회사,A21,파생상품 관련 손실_파생상품 거래 손실,3052742000,6974228000,국내일반손보사,B,SI023,부문별 손익(파생상품)
1280,201806,0013376,엠지손해보험주식회사,A22,파생상품 평가 손실,31337588000,31596722000,국내일반손보사,B,SI023,부문별 손익(파생상품)
1281,201809,0013376,엠지손해보험주식회사,A,파생상품 관련 손익,6187394000,-25658061000,국내일반손보사,B,SI023,부문별 손익(파생상품)
1282,201809,0013376,엠지손해보험주식회사,A1,파생상품 관련 이익,5741307000,12466802000,국내일반손보사,B,SI023,부문별 손익(파생상품)
1283,201809,0013376,엠지손해보험주식회사,A11,파생상품 관련 이익_파생상품 거래 이익,943260000,6574410000,국내일반손보사,B,SI023,부문별 손익(파생상품)
1284,201809,0013376,엠지손해보험주식회사,A12,파생상품 관련 이익_파생상품 평가 이익,4798047000,5892392000,국내일반손보사,B,SI023,부문별 손익(파생상품)
1285,201809,0013376,엠지손해보험주식회사,A2,파생상품 관련 손실,-446087000,38124863000,국내일반손보사,B,SI023,부문별 손익(파생상품)
1286,201809,0013376,엠지손해보험주식회사,A21,파생상품 관련 손실_파생상품 거래 손실,11706646000,18680874000,국내일반손보사,B,SI023,부문별 손익(파생상품)
1287,201809,0013376,엠지손해보험주식회사,A22,파생상품 평가 손실,-12152733000,19443989000,국내일반손보사,B,SI023,부문별 손익(파생상품)
1288,201812,0013376,엠지손해보험주식회사,A,파생상품 관련 손익,-9121079000,-34779140000,국내일반손보사,B,SI023,부문별 손익(파생상품)
1289,201812,0013376,엠지손해보험주식회사,A1,파생상품 관련 이익,568156000,13034958000,국내일반손보사,B,SI023,부문별 손익(파생상품)
1290,201812,0013376,엠지손해보험주식회사,A11,파생상품 관련 이익_파생상품 거래 이익,1265570000,7839980000,국내일반손보사,B,SI023,부문별 손익(파생상품)
1291,201812,0013376,엠지손해보험주식회사,A12,파생상품 관련 이익_파생상품 평가 이익,-697414000,5194978000,국내일반손보사,B,SI023,부문별 손익(파생상품)
1292,201812,0013376,엠지손해보험주식회사,A2,파생상품 관련 손실,9689235000,47814098000,국내일반손보사,B,SI023,부문별 손익(파생상품)
1293,201812,0013376,엠지손해보험주식회사,A21,파생상품 관련 손실_파생상품 거래 손실,13400544000,32081418000,국내일반손보사,B,SI023,부문별 손익(파생상품)
1294,201812,0013376,엠지손해보험주식회사,A22,파생상품 평가 손실,-3711309000,15732680000,국내일반손보사,B,SI023,부문별 손익(파생상품)
1295,201903,0013376,엠지손해보험주식회사,A,파생상품 관련 손익,-12739702000,-12739702000,국내일반손보사,B,SI023,부문별 손익(파생상품)
1296,201903,0013376,엠지손해보험주식회사,A1,파생상품 관련 이익,3073337000,3073337000,국내일반손보사,B,SI023,부문별 손익(파생상품)
1297,201903,0013376,엠지손해보험주식회사,A11,파생상품 관련 이익_파생상품 거래 이익,146037000,146037000,국내일반손보사,B,SI023,부문별 손익(파생상품)
1298,201903,0013376,엠지손해보험주식회사,A12,파생상품 관련 이익_파생상품 평가 이익,2927300000,2927300000,국내일반손보사,B,SI023,부문별 손익(파생상품)
1299,201903,0013376,엠지손해보험주식회사,A2,파생상품 관련 손실,15813039000,15813039000,국내일반손보사,B,SI023,부문별 손익(파생상품)
1300,201903,0013376,엠지손해보험주식회사,A21,파생상품 관련 손실_파생상품 거래 손실,1651726000,1651726000,국내일반손보사,B,SI023,부문별 손익(파생상품)
1301,201903,0013376,엠지손해보험주식회사,A22,파생상품 평가 손실,14161313000,14161313000,국내일반손보사,B,SI023,부문별 손익(파생상품)
1302,201906,0013376,엠지손해보험주식회사,A,파생상품 관련 손익,-13376354000,-26116056000,국내일반손보사,B,SI023,부문별 손익(파생상품)
1303,201906,0013376,엠지손해보험주식회사,A1,파생상품 관련 이익,2939445000,6012782000,국내일반손보사,B,SI023,부문별 손익(파생상품)
1304,201906,0013376,엠지손해보험주식회사,A11,파생상품 관련 이익_파생상품 거래 이익,0,146037000,국내일반손보사,B,SI023,부문별 손익(파생상품)
1305,201906,0013376,엠지손해보험주식회사,A12,파생상품 관련 이익_파생상품 평가 이익,2939445000,5866745000,국내일반손보사,B,SI023,부문별 손익(파생상품)
1306,201906,0013376,엠지손해보험주식회사,A2,파생상품 관련 손실,16315799000,32128838000,국내일반손보사,B,SI023,부문별 손익(파생상품)
1307,201906,0013376,엠지손해보험주식회사,A21,파생상품 관련 손실_파생상품 거래 손실,7071193000,8722919000,국내일반손보사,B,SI023,부문별 손익(파생상품)
1308,201906,0013376,엠지손해보험주식회사,A22,파생상품 평가 손실,9244606000,23405919000,국내일반손보사,B,SI023,부문별 손익(파생상품)
1309,201909,0013376,엠지손해보험주식회사,A,파생상품 관련 손익,-29020783000,-55136839000,국내일반손보사,B,SI023,부문별 손익(파생상품)
1310,201909,0013376,엠지손해보험주식회사,A1,파생상품 관련 이익,-1289250000,4723532000,국내일반손보사,B,SI023,부문별 손익(파생상품)
1311,201909,0013376,엠지손해보험주식회사,A11,파생상품 관련 이익_파생상품 거래 이익,149231000,295268000,국내일반손보사,B,SI023,부문별 손익(파생상품)
1312,201909,0013376,엠지손해보험주식회사,A12,파생상품 관련 이익_파생상품 평가 이익,-1438481000,4428264000,국내일반손보사,B,SI023,부문별 손익(파생상품)
1313,201909,0013376,엠지손해보험주식회사,A2,파생상품 관련 손실,27731533000,59860371000,국내일반손보사,B,SI023,부문별 손익(파생상품)
1314,201909,0013376,엠지손해보험주식회사,A21,파생상품 관련 손실_파생상품 거래 손실,17996703000,26719622000,국내일반손보사,B,SI023,부문별 손익(파생상품)
1315,201909,0013376,엠지손해보험주식회사,A22,파생상품 평가 손실,9734830000,33140749000,국내일반손보사,B,SI023,부문별 손익(파생상품)
1316,201912,0013376,엠지손해보험주식회사,A,파생상품 관련 손익,26888614000,-28248225000,국내일반손보사,B,SI023,부문별 손익(파생상품)
1317,201912,0013376,엠지손해보험주식회사,A1,파생상품 관련 이익,10141183000,14864715000,국내일반손보사,B,SI023,부문별 손익(파생상품)
1318,201912,0013376,엠지손해보험주식회사,A11,파생상품 관련 이익_파생상품 거래 이익,0,295268000,국내일반손보사,B,SI023,부문별 손익(파생상품)
1319,201912,0013376,엠지손해보험주식회사,A12,파생상품 관련 이익_파생상품 평가 이익,10141183000,14569447000,국내일반손보사,B,SI023,부문별 손익(파생상품)
1320,201912,0013376,엠지손해보험주식회사,A2,파생상품 관련 손실,-16747431000,43112940000,국내일반손보사,B,SI023,부문별 손익(파생상품)
1321,201912,0013376,엠지손해보험주식회사,A21,파생상품 관련 손실_파생상품 거래 손실,7534954000,34254576000,국내일반손보사,B,SI023,부문별 손익(파생상품)
1322,201912,0013376,엠지손해보험주식회사,A22,파생상품 평가 손실,-24282385000,8858364000,국내일반손보사,B,SI023,부문별 손익(파생상품)
1323,202003,0013376,엠지손해보험주식회사,A,파생상품 관련 손익,-40998802000,-40998802000,국내일반손보사,B,SI023,부문별 손익(파생상품)
1324,202003,0013376,엠지손해보험주식회사,A1,파생상품 관련 이익,1270017000,1270017000,국내일반손보사,B,SI023,부문별 손익(파생상품)
1325,202003,0013376,엠지손해보험주식회사,A11,파생상품 관련 이익_파생상품 거래 이익,819263000,819263000,국내일반손보사,B,SI023,부문별 손익(파생상품)
1326,202003,0013376,엠지손해보험주식회사,A12,파생상품 관련 이익_파생상품 평가 이익,450754000,450754000,국내일반손보사,B,SI023,부문별 손익(파생상품)
1327,202003,0013376,엠지손해보험주식회사,A2,파생상품 관련 손실,42268819000,42268819000,국내일반손보사,B,SI023,부문별 손익(파생상품)
1328,202003,0013376,엠지손해보험주식회사,A21,파생상품 관련 손실_파생상품 거래 손실,6774804000,6774804000,국내일반손보사,B,SI023,부문별 손익(파생상품)
1329,202003,0013376,엠지손해보험주식회사,A22,파생상품 평가 손실,35494015000,35494015000,국내일반손보사,B,SI023,부문별 손익(파생상품)
1330,202006,0013376,엠지손해보험주식회사,A,파생상품 관련 손익,13923753000,-27075049000,국내일반손보사,B,SI023,부문별 손익(파생상품)
1331,202006,0013376,엠지손해보험주식회사,A1,파생상품 관련 이익,1489849000,2759866000,국내일반손보사,B,SI023,부문별 손익(파생상품)
1332,202006,0013376,엠지손해보험주식회사,A11,파생상품 관련 이익_파생상품 거래 이익,122460000,941723000,국내일반손보사,B,SI023,부문별 손익(파생상품)
1333,202006,0013376,엠지손해보험주식회사,A12,파생상품 관련 이익_파생상품 평가 이익,1367389000,1818143000,국내일반손보사,B,SI023,부문별 손익(파생상품)
1334,202006,0013376,엠지손해보험주식회사,A2,파생상품 관련 손실,-12433904000,29834915000,국내일반손보사,B,SI023,부문별 손익(파생상품)
1335,202006,0013376,엠지손해보험주식회사,A21,파생상품 관련 손실_파생상품 거래 손실,5515540000,12290344000,국내일반손보사,B,SI023,부문별 손익(파생상품)
1336,202006,0013376,엠지손해보험주식회사,A22,파생상품 평가 손실,-17949444000,17544571000,국내일반손보사,B,SI023,부문별 손익(파생상품)
1337,202009,0013376,엠지손해보험주식회사,A,파생상품 관련 손익,11903151000,-15171898000,국내일반손보사,B,SI023,부문별 손익(파생상품)
1338,202009,0013376,엠지손해보험주식회사,A1,파생상품 관련 이익,4612860000,7372726000,국내일반손보사,B,SI023,부문별 손익(파생상품)
1339,202009,0013376,엠지손해보험주식회사,A11,파생상품 관련 이익_파생상품 거래 이익,0,941723000,국내일반손보사,B,SI023,부문별 손익(파생상품)
1340,202009,0013376,엠지손해보험주식회사,A12,파생상품 관련 이익_파생상품 평가 이익,4612860000,6431003000,국내일반손보사,B,SI023,부문별 손익(파생상품)
1341,202009,0013376,엠지손해보험주식회사,A2,파생상품 관련 손실,-7290291000,22544624000,국내일반손보사,B,SI023,부문별 손익(파생상품)
1342,202009,0013376,엠지손해보험주식회사,A21,파생상품 관련 손실_파생상품 거래 손실,6287749000,18578093000,국내일반손보사,B,SI023,부문별 손익(파생상품)
1343,202009,0013376,엠지손해보험주식회사,A22,파생상품 평가 손실,-13578040000,3966531000,국내일반손보사,B,SI023,부문별 손익(파생상품)
1344,202012,0013376,엠지손해보험주식회사,A,파생상품 관련 손익,35435476000,20263578000,국내일반손보사,B,SI023,부문별 손익(파생상품)
1345,202012,0013376,엠지손해보험주식회사,A1,파생상품 관련 이익,33903562000,41276288000,국내일반손보사,B,SI023,부문별 손익(파생상품)
1346,202012,0013376,엠지손해보험주식회사,A11,파생상품 관련 이익_파생상품 거래 이익,1208573000,2150296000,국내일반손보사,B,SI023,부문별 손익(파생상품)
1347,202012,0013376,엠지손해보험주식회사,A12,파생상품 관련 이익_파생상품 평가 이익,32694989000,39125992000,국내일반손보사,B,SI023,부문별 손익(파생상품)
1348,202012,0013376,엠지손해보험주식회사,A2,파생상품 관련 손실,-1531914000,21012710000,국내일반손보사,B,SI023,부문별 손익(파생상품)
1349,202012,0013376,엠지손해보험주식회사,A21,파생상품 관련 손실_파생상품 거래 손실,2419409000,20997502000,국내일반손보사,B,SI023,부문별 손익(파생상품)
1350,202012,0013376,엠지손해보험주식회사,A22,파생상품 평가 손실,-3951323000,15208000,국내일반손보사,B,SI023,부문별 손익(파생상품)
1351,202103,0013376,엠지손해보험주식회사,A,파생상품 관련 손익,-27806425000,-27806425000,국내일반손보사,B,SI023,부문별 손익(파생상품)
1352,202103,0013376,엠지손해보험주식회사,A1,파생상품 관련 이익,226171000,226171000,국내일반손보사,B,SI023,부문별 손익(파생상품)
1353,202103,0013376,엠지손해보험주식회사,A11,파생상품 관련 이익_파생상품 거래 이익,0,0,국내일반손보사,B,SI023,부문별 손익(파생상품)
1354,202103,0013376,엠지손해보험주식회사,A12,파생상품 관련 이익_파생상품 평가 이익,226171000,226171000,국내일반손보사,B,SI023,부문별 손익(파생상품)
1355,202103,0013376,엠지손해보험주식회사,A2,파생상품 관련 손실,28032596000,28032596000,국내일반손보사,B,SI023,부문별 손익(파생상품)
1356,202103,0013376,엠지손해보험주식회사,A21,파생상품 관련 손실_파생상품 거래 손실,16271541000,16271541000,국내일반손보사,B,SI023,부문별 손익(파생상품)
1357,202103,0013376,엠지손해보험주식회사,A22,파생상품 평가 손실,11761055000,11761055000,국내일반손보사,B,SI023,부문별 손익(파생상품)
1358,202106,0013376,엠지손해보험주식회사,A,파생상품 관련 손익,-3905806000,-31712231000,국내일반손보사,B,SI023,부문별 손익(파생상품)
1359,202106,0013376,엠지손해보험주식회사,A1,파생상품 관련 이익,451096000,677267000,국내일반손보사,B,SI023,부문별 손익(파생상품)
1360,202106,0013376,엠지손해보험주식회사,A11,파생상품 관련 이익_파생상품 거래 이익,0,0,국내일반손보사,B,SI023,부문별 손익(파생상품)
1361,202106,0013376,엠지손해보험주식회사,A12,파생상품 관련 이익_파생상품 평가 이익,451096000,677267000,국내일반손보사,B,SI023,부문별 손익(파생상품)
1362,202106,0013376,엠지손해보험주식회사,A2,파생상품 관련 손실,4356902000,32389498000,국내일반손보사,B,SI023,부문별 손익(파생상품)
1363,202106,0013376,엠지손해보험주식회사,A21,파생상품 관련 손실_파생상품 거래 손실,8475093000,24746634000,국내일반손보사,B,SI023,부문별 손익(파생상품)
1364,202106,0013376,엠지손해보험주식회사,A22,파생상품 평가 손실,-4118191000,7642864000,국내일반손보사,B,SI023,부문별 손익(파생상품)
1365,202109,0013376,엠지손해보험주식회사,A,파생상품 관련 손익,-15626292000,-47338523000,국내일반손보사,B,SI023,부문별 손익(파생상품)
1366,202109,0013376,엠지손해보험주식회사,A1,파생상품 관련 이익,-407075000,270192000,국내일반손보사,B,SI023,부문별 손익(파생상품)
1367,202109,0013376,엠지손해보험주식회사,A11,파생상품 관련 이익_파생상품 거래 이익,0,0,국내일반손보사,B,SI023,부문별 손익(파생상품)
1368,202109,0013376,엠지손해보험주식회사,A12,파생상품 관련 이익_파생상품 평가 이익,-407075000,270192000,국내일반손보사,B,SI023,부문별 손익(파생상품)
1369,202109,0013376,엠지손해보험주식회사,A2,파생상품 관련 손실,15219217000,47608715000,국내일반손보사,B,SI023,부문별 손익(파생상품)
1370,202109,0013376,엠지손해보험주식회사,A21,파생상품 관련 손실_파생상품 거래 손실,16387588000,41134222000,국내일반손보사,B,SI023,부문별 손익(파생상품)
1371,202109,0013376,엠지손해보험주식회사,A22,파생상품 평가 손실,-1168371000,6474493000,국내일반손보사,B,SI023,부문별 손익(파생상품)
1372,202112,0013376,엠지손해보험주식회사,A,파생상품 관련 손익,41114000,-47297409000,국내일반손보사,B,SI023,부문별 손익(파생상품)
1373,202112,0013376,엠지손해보험주식회사,A1,파생상품 관련 이익,-86798000,183394000,국내일반손보사,B,SI023,부문별 손익(파생상품)
1374,202112,0013376,엠지손해보험주식회사,A11,파생상품 관련 이익_파생상품 거래 이익,0,0,국내일반손보사,B,SI023,부문별 손익(파생상품)
1375,202112,0013376,엠지손해보험주식회사,A12,파생상품 관련 이익_파생상품 평가 이익,-86798000,183394000,국내일반손보사,B,SI023,부문별 손익(파생상품)
1376,202112,0013376,엠지손해보험주식회사,A2,파생상품 관련 손실,-127912000,47480803000,국내일반손보사,B,SI023,부문별 손익(파생상품)
1377,202112,0013376,엠지손해보험주식회사,A21,파생상품 관련 손실_파생상품 거래 손실,2508286000,43642508000,국내일반손보사,B,SI023,부문별 손익(파생상품)
1378,202112,0013376,엠지손해보험주식회사,A22,파생상품 평가 손실,-2636198000,3838295000,국내일반손보사,B,SI023,부문별 손익(파생상품)
1379,202203,0013376,엠지손해보험주식회사,A,파생상품 관련 손익,-3190091000,-3190091000,국내일반손보사,B,SI023,부문별 손익(파생상품)
1380,202203,0013376,엠지손해보험주식회사,A1,파생상품 관련 이익,0,0,국내일반손보사,B,SI023,부문별 손익(파생상품)
1381,202203,0013376,엠지손해보험주식회사,A11,파생상품 관련 이익_파생상품 거래 이익,0,0,국내일반손보사,B,SI023,부문별 손익(파생상품)
1382,202203,0013376,엠지손해보험주식회사,A12,파생상품 관련 이익_파생상품 평가 이익,0,0,국내일반손보사,B,SI023,부문별 손익(파생상품)
1383,202203,0013376,엠지손해보험주식회사,A2,파생상품 관련 손실,3190091000,3190091000,국내일반손보사,B,SI023,부문별 손익(파생상품)
1384,202203,0013376,엠지손해보험주식회사,A21,파생상품 관련 손실_파생상품 거래 손실,0,0,국내일반손보사,B,SI023,부문별 손익(파생상품)
1385,202203,0013376,엠지손해보험주식회사,A22,파생상품 평가 손실,3190091000,3190091000,국내일반손보사,B,SI023,부문별 손익(파생상품)
1386,202206,0013376,엠지손해보험주식회사,A,파생상품 관련 손익,-11037057000,-14227148000,국내일반손보사,B,SI023,부문별 손익(파생상품)
1387,202206,0013376,엠지손해보험주식회사,A1,파생상품 관련 이익,0,0,국내일반손보사,B,SI023,부문별 손익(파생상품)
1388,202206,0013376,엠지손해보험주식회사,A11,파생상품 관련 이익_파생상품 거래 이익,0,0,국내일반손보사,B,SI023,부문별 손익(파생상품)
1389,202206,0013376,엠지손해보험주식회사,A12,파생상품 관련 이익_파생상품 평가 이익,0,0,국내일반손보사,B,SI023,부문별 손익(파생상품)
1390,202206,0013376,엠지손해보험주식회사,A2,파생상품 관련 손실,11037057000,14227148000,국내일반손보사,B,SI023,부문별 손익(파생상품)
1391,202206,0013376,엠지손해보험주식회사,A21,파생상품 관련 손실_파생상품 거래 손실,1941746000,1941746000,국내일반손보사,B,SI023,부문별 손익(파생상품)
1392,202206,0013376,엠지손해보험주식회사,A22,파생상품 평가 손실,9095311000,12285402000,국내일반손보사,B,SI023,부문별 손익(파생상품)
1393,202209,0013376,엠지손해보험주식회사,A,파생상품 관련 손익,-20676051000,-34903199000,국내일반손보사,B,SI023,부문별 손익(파생상품)
1394,202209,0013376,엠지손해보험주식회사,A1,파생상품 관련 이익,0,0,국내일반손보사,B,SI023,부문별 손익(파생상품)
1395,202209,0013376,엠지손해보험주식회사,A11,파생상품 관련 이익_파생상품 거래 이익,0,0,국내일반손보사,B,SI023,부문별 손익(파생상품)
1396,202209,0013376,엠지손해보험주식회사,A12,파생상품 관련 이익_파생상품 평가 이익,0,0,국내일반손보사,B,SI023,부문별 손익(파생상품)
1397,202209,0013376,엠지손해보험주식회사,A2,파생상품 관련 손실,20676051000,34903199000,국내일반손보사,B,SI023,부문별 손익(파생상품)
1398,202209,0013376,엠지손해보험주식회사,A21,파생상품 관련 손실_파생상품 거래 손실,11254461000,13196207000,국내일반손보사,B,SI023,부문별 손익(파생상품)
1399,202209,0013376,엠지손해보험주식회사,A22,파생상품 평가 손실,9421590000,21706992000,국내일반손보사,B,SI023,부문별 손익(파생상품)
1400,202212,0013376,엠지손해보험주식회사,A,파생상품 관련 손익,21978868000,-12924331000,국내일반손보사,B,SI023,부문별 손익(파생상품)
1401,202212,0013376,엠지손해보험주식회사,A1,파생상품 관련 이익,7982745000,7982745000,국내일반손보사,B,SI023,부문별 손익(파생상품)
1402,202212,0013376,엠지손해보험주식회사,A11,파생상품 관련 이익_파생상품 거래 이익,0,0,국내일반손보사,B,SI023,부문별 손익(파생상품)
1403,202212,0013376,엠지손해보험주식회사,A12,파생상품 관련 이익_파생상품 평가 이익,7982745000,7982745000,국내일반손보사,B,SI023,부문별 손익(파생상품)
1404,202212,0013376,엠지손해보험주식회사,A2,파생상품 관련 손실,-13996123000,20907076000,국내일반손보사,B,SI023,부문별 손익(파생상품)
1405,202212,0013376,엠지손해보험주식회사,A21,파생상품 관련 손실_파생상품 거래 손실,6775054000,19971261000,국내일반손보사,B,SI023,부문별 손익(파생상품)
1406,202212,0013376,엠지손해보험주식회사,A22,파생상품 평가 손실,-20771177000,935815000,국내일반손보사,B,SI023,부문별 손익(파생상품)
1407,202303,0013376,엠지손해보험주식회사,A,파생상품 관련 손익,-5315320000,-5315320000,국내일반손보사,B,SI023,부문별 손익(파생상품)
1408,202303,0013376,엠지손해보험주식회사,A1,파생상품 관련 손익_파생상품 관련 이익,0,0,국내일반손보사,B,SI023,부문별 손익(파생상품)
1409,202303,0013376,엠지손해보험주식회사,A11,파생상품 거래 이익,0,0,국내일반손보사,B,SI023,부문별 손익(파생상품)
1410,202303,0013376,엠지손해보험주식회사,A12,파생상품 평가 이익,0,0,국내일반손보사,B,SI023,부문별 손익(파생상품)
1411,202303,0013376,엠지손해보험주식회사,A2,파생상품 관련 손실,5315320000,5315320000,국내일반손보사,B,SI023,부문별 손익(파생상품)
1412,202303,0013376,엠지손해보험주식회사,A21,파생상품 거래 손실,0,0,국내일반손보사,B,SI023,부문별 손익(파생상품)
1413,202303,0013376,엠지손해보험주식회사,A22,파생상품 평가 손실,5315320000,5315320000,국내일반손보사,B,SI023,부문별 손익(파생상품)
1414,202306,0013376,엠지손해보험주식회사,A,파생상품 관련 손익,-2554976000,-7870296000,국내일반손보사,B,SI023,부문별 손익(파생상품)
1415,202306,0013376,엠지손해보험주식회사,A1,파생상품 관련 손익_파생상품 관련 이익,0,0,국내일반손보사,B,SI023,부문별 손익(파생상품)
1416,202306,0013376,엠지손해보험주식회사,A11,파생상품 거래 이익,0,0,국내일반손보사,B,SI023,부문별 손익(파생상품)
1417,202306,0013376,엠지손해보험주식회사,A12,파생상품 평가 이익,0,0,국내일반손보사,B,SI023,부문별 손익(파생상품)
1418,202306,0013376,엠지손해보험주식회사,A2,파생상품 관련 손실,2554976000,7870296000,국내일반손보사,B,SI023,부문별 손익(파생상품)
1419,202306,0013376,엠지손해보험주식회사,A21,파생상품 거래 손실,1732088000,1732088000,국내일반손보사,B,SI023,부문별 손익(파생상품)
1420,202306,0013376,엠지손해보험주식회사,A22,파생상품 평가 손실,822888000,6138208000,국내일반손보사,B,SI023,부문별 손익(파생상품)
1421,202309,0013376,엠지손해보험주식회사,A,파생상품 관련 손익,-6061151000,-13931447000,국내일반손보사,B,SI023,부문별 손익(파생상품)
1422,202309,0013376,엠지손해보험주식회사,A1,파생상품 관련 손익_파생상품 관련 이익,0,0,국내일반손보사,B,SI023,부문별 손익(파생상품)
1423,202309,0013376,엠지손해보험주식회사,A11,파생상품 거래 이익,0,0,국내일반손보사,B,SI023,부문별 손익(파생상품)
1424,202309,0013376,엠지손해보험주식회사,A12,파생상품 평가 이익,0,0,국내일반손보사,B,SI023,부문별 손익(파생상품)
1425,202309,0013376,엠지손해보험주식회사,A2,파생상품 관련 손실,6061151000,13931447000,국내일반손보사,B,SI023,부문별 손익(파생상품)
1426,202309,0013376,엠지손해보험주식회사,A21,파생상품 거래 손실,4643294000,6375382000,국내일반손보사,B,SI023,부문별 손익(파생상품)
1427,202309,0013376,엠지손해보험주식회사,A22,파생상품 평가 손실,1417857000,7556065000,국내일반손보사,B,SI023,부문별 손익(파생상품)
1428,202312,0013376,엠지손해보험주식회사,A,파생상품 관련 손익,6336825000,-7594622000,국내일반손보사,B,SI023,부문별 손익(파생상품)
1429,202312,0013376,엠지손해보험주식회사,A1,파생상품 관련 손익_파생상품 관련 이익,3153967000,3153967000,국내일반손보사,B,SI023,부문별 손익(파생상품)
1430,202312,0013376,엠지손해보험주식회사,A11,파생상품 거래 이익,0,0,국내일반손보사,B,SI023,부문별 손익(파생상품)
1431,202312,0013376,엠지손해보험주식회사,A12,파생상품 평가 이익,3153967000,3153967000,국내일반손보사,B,SI023,부문별 손익(파생상품)
1432,202312,0013376,엠지손해보험주식회사,A2,파생상품 관련 손실,-3182858000,10748589000,국내일반손보사,B,SI023,부문별 손익(파생상품)
1433,202312,0013376,엠지손해보험주식회사,A21,파생상품 거래 손실,3040951000,9416333000,국내일반손보사,B,SI023,부문별 손익(파생상품)
1434,202312,0013376,엠지손해보험주식회사,A22,파생상품 평가 손실,-6223809000,1332256000,국내일반손보사,B,SI023,부문별 손익(파생상품)
1435,202403,0013376,엠지손해보험주식회사,A,파생상품 관련 손익,-8994895000,-8994895000,국내일반손보사,B,SI023,부문별 손익(파생상품)
1436,202403,0013376,엠지손해보험주식회사,A1,파생상품 관련 손익_파생상품 관련 이익,0,0,국내일반손보사,B,SI023,부문별 손익(파생상품)
1437,202403,0013376,엠지손해보험주식회사,A11,파생상품 거래 이익,0,0,국내일반손보사,B,SI023,부문별 손익(파생상품)
1438,202403,0013376,엠지손해보험주식회사,A12,파생상품 평가 이익,0,0,국내일반손보사,B,SI023,부문별 손익(파생상품)
1439,202403,0013376,엠지손해보험주식회사,A2,파생상품 관련 손실,8994895000,8994895000,국내일반손보사,B,SI023,부문별 손익(파생상품)
1440,202403,0013376,엠지손해보험주식회사,A21,파생상품 거래 손실,1532418000,1532418000,국내일반손보사,B,SI023,부문별 손익(파생상품)
1441,202403,0013376,엠지손해보험주식회사,A22,파생상품 평가 손실,7462477000,7462477000,국내일반손보사,B,SI023,부문별 손익(파생상품)
1442,202406,0013376,엠지손해보험주식회사,A,파생상품 관련 손익,-6429196000,-15424091000,국내일반손보사,B,SI023,부문별 손익(파생상품)
1443,202406,0013376,엠지손해보험주식회사,A1,파생상품 관련 손익_파생상품 관련 이익,0,0,국내일반손보사,B,SI023,부문별 손익(파생상품)
1444,202406,0013376,엠지손해보험주식회사,A11,파생상품 거래 이익,0,0,국내일반손보사,B,SI023,부문별 손익(파생상품)
1445,202406,0013376,엠지손해보험주식회사,A12,파생상품 평가 이익,0,0,국내일반손보사,B,SI023,부문별 손익(파생상품)
1446,202406,0013376,엠지손해보험주식회사,A2,파생상품 관련 손실,6429196000,15424091000,국내일반손보사,B,SI023,부문별 손익(파생상품)
1447,202406,0013376,엠지손해보험주식회사,A21,파생상품 거래 손실,2942798000,4475216000,국내일반손보사,B,SI023,부문별 손익(파생상품)
1448,202406,0013376,엠지손해보험주식회사,A22,파생상품 평가 손실,3486398000,10948875000,국내일반손보사,B,SI023,부문별 손익(파생상품)
1449,202409,0013376,엠지손해보험주식회사,A,파생상품 관련 손익,6743842000,-8680249000,국내일반손보사,B,SI023,부문별 손익(파생상품)
1450,202409,0013376,엠지손해보험주식회사,A1,파생상품 관련 손익_파생상품 관련 이익,5033968000,5033968000,국내일반손보사,B,SI023,부문별 손익(파생상품)
1451,202409,0013376,엠지손해보험주식회사,A11,파생상품 거래 이익,0,0,국내일반손보사,B,SI023,부문별 손익(파생상품)
1452,202409,0013376,엠지손해보험주식회사,A12,파생상품 평가 이익,5033968000,5033968000,국내일반손보사,B,SI023,부문별 손익(파생상품)
1453,202409,0013376,엠지손해보험주식회사,A2,파생상품 관련 손실,-1709874000,13714217000,국내일반손보사,B,SI023,부문별 손익(파생상품)
1454,202409,0013376,엠지손해보험주식회사,A21,파생상품 거래 손실,9239001000,13714217000,국내일반손보사,B,SI023,부문별 손익(파생상품)
1455,202409,0013376,엠지손해보험주식회사,A22,파생상품 평가 손실,-10948875000,0,국내일반손보사,B,SI023,부문별 손익(파생상품)
1456,202412,0013376,엠지손해보험주식회사,A,파생상품 관련 손익,-18126290000,-26806539000,국내일반손보사,B,SI023,부문별 손익(파생상품)
1457,202412,0013376,엠지손해보험주식회사,A1,파생상품 관련 손익_파생상품 관련 이익,-5033968000,0,국내일반손보사,B,SI023,부문별 손익(파생상품)
1458,202412,0013376,엠지손해보험주식회사,A11,파생상품 거래 이익,0,0,국내일반손보사,B,SI023,부문별 손익(파생상품)
1459,202412,0013376,엠지손해보험주식회사,A12,파생상품 평가 이익,-5033968000,0,국내일반손보사,B,SI023,부문별 손익(파생상품)
1460,202412,0013376,엠지손해보험주식회사,A2,파생상품 관련 손실,13092322000,26806539000,국내일반손보사,B,SI023,부문별 손익(파생상품)
1461,202412,0013376,엠지손해보험주식회사,A21,파생상품 거래 손실,0,13714217000,국내일반손보사,B,SI023,부문별 손익(파생상품)
1462,202412,0013376,엠지손해보험주식회사,A22,파생상품 평가 손실,13092322000,13092322000,국내일반손보사,B,SI023,부문별 손익(파생상품)
1463,202503,0013376,엠지손해보험주식회사,A,파생상품 관련 손익,-296524000,-296524000,국내일반손보사,B,SI023,부문별 손익(파생상품)
1464,202503,0013376,엠지손해보험주식회사,A1,파생상품 관련 손익_파생상품 관련 이익,0,0,국내일반손보사,B,SI023,부문별 손익(파생상품)
1465,202503,0013376,엠지손해보험주식회사,A11,파생상품 거래 이익,0,0,국내일반손보사,B,SI023,부문별 손익(파생상품)
1466,202503,0013376,엠지손해보험주식회사,A12,파생상품 평가 이익,0,0,국내일반손보사,B,SI023,부문별 손익(파생상품)
1467,202503,0013376,엠지손해보험주식회사,A2,파생상품 관련 손실,296524000,296524000,국내일반손보사,B,SI023,부문별 손익(파생상품)
1468,202503,0013376,엠지손해보험주식회사,A21,파생상품 거래 손실,0,0,국내일반손보사,B,SI023,부문별 손익(파생상품)
1469,202503,0013376,엠지손해보험주식회사,A22,파생상품 평가 손실,296524000,296524000,국내일반손보사,B,SI023,부문별 손익(파생상품)
1470,202506,0013376,엠지손해보험주식회사,A,파생상품 관련 손익,11045474000,10748950000,국내일반손보사,B,SI023,부문별 손익(파생상품)
1471,202506,0013376,엠지손해보험주식회사,A1,파생상품 관련 손익_파생상품 관련 이익,11850349000,11850349000,국내일반손보사,B,SI023,부문별 손익(파생상품)
1472,202506,0013376,엠지손해보험주식회사,A11,파생상품 거래 이익,39427000,39427000,국내일반손보사,B,SI023,부문별 손익(파생상품)
1473,202506,0013376,엠지손해보험주식회사,A12,파생상품 평가 이익,11810922000,11810922000,국내일반손보사,B,SI023,부문별 손익(파생상품)
1474,202506,0013376,엠지손해보험주식회사,A2,파생상품 관련 손실,804875000,1101399000,국내일반손보사,B,SI023,부문별 손익(파생상품)
1475,202506,0013376,엠지손해보험주식회사,A21,파생상품 거래 손실,0,0,국내일반손보사,B,SI023,부문별 손익(파생상품)
1476,202506,0013376,엠지손해보험주식회사,A22,파생상품 평가 손실,804875000,1101399000,국내일반손보사,B,SI023,부문별 손익(파생상품)
1477,201703,0010635,주식회사KB손해보험,A,파생상품 관련 손익,328076738000,328076738000,국내일반손보사,B,SI023,부문별 손익(파생상품)
1478,201703,0010635,주식회사KB손해보험,A1,파생상품 관련 이익,329096514000,329096514000,국내일반손보사,B,SI023,부문별 손익(파생상품)
1479,201703,0010635,주식회사KB손해보험,A11,파생상품 관련 이익_파생상품 거래 이익,49678265000,49678265000,국내일반손보사,B,SI023,부문별 손익(파생상품)
1480,201703,0010635,주식회사KB손해보험,A12,파생상품 관련 이익_파생상품 평가 이익,279418249000,279418249000,국내일반손보사,B,SI023,부문별 손익(파생상품)
1481,201703,0010635,주식회사KB손해보험,A2,파생상품 관련 손실,1019776000,1019776000,국내일반손보사,B,SI023,부문별 손익(파생상품)
1482,201703,0010635,주식회사KB손해보험,A21,파생상품 관련 손실_파생상품 거래 손실,692934000,692934000,국내일반손보사,B,SI023,부문별 손익(파생상품)
1483,201703,0010635,주식회사KB손해보험,A22,파생상품 평가 손실,326842000,326842000,국내일반손보사,B,SI023,부문별 손익(파생상품)
1484,201706,0010635,주식회사KB손해보험,A,파생상품 관련 손익,-98473083000,229603655000,국내일반손보사,B,SI023,부문별 손익(파생상품)
1485,201706,0010635,주식회사KB손해보험,A1,파생상품 관련 이익,-78509951000,250586563000,국내일반손보사,B,SI023,부문별 손익(파생상품)
1486,201706,0010635,주식회사KB손해보험,A11,파생상품 관련 이익_파생상품 거래 이익,57729614000,107407879000,국내일반손보사,B,SI023,부문별 손익(파생상품)
1487,201706,0010635,주식회사KB손해보험,A12,파생상품 관련 이익_파생상품 평가 이익,-136239565000,143178684000,국내일반손보사,B,SI023,부문별 손익(파생상품)
1488,201706,0010635,주식회사KB손해보험,A2,파생상품 관련 손실,19963132000,20982908000,국내일반손보사,B,SI023,부문별 손익(파생상품)
1489,201706,0010635,주식회사KB손해보험,A21,파생상품 관련 손실_파생상품 거래 손실,2610081000,3303015000,국내일반손보사,B,SI023,부문별 손익(파생상품)
1490,201706,0010635,주식회사KB손해보험,A22,파생상품 평가 손실,17353051000,17679893000,국내일반손보사,B,SI023,부문별 손익(파생상품)
1491,201709,0010635,주식회사KB손해보험,A,파생상품 관련 손익,-36772601000,192831054000,국내일반손보사,B,SI023,부문별 손익(파생상품)
1492,201709,0010635,주식회사KB손해보험,A1,파생상품 관련 이익,-10511809000,240074754000,국내일반손보사,B,SI023,부문별 손익(파생상품)
1493,201709,0010635,주식회사KB손해보험,A11,파생상품 관련 이익_파생상품 거래 이익,44345085000,151752964000,국내일반손보사,B,SI023,부문별 손익(파생상품)
1494,201709,0010635,주식회사KB손해보험,A12,파생상품 관련 이익_파생상품 평가 이익,-54856894000,88321790000,국내일반손보사,B,SI023,부문별 손익(파생상품)
1495,201709,0010635,주식회사KB손해보험,A2,파생상품 관련 손실,26260792000,47243700000,국내일반손보사,B,SI023,부문별 손익(파생상품)
1496,201709,0010635,주식회사KB손해보험,A21,파생상품 관련 손실_파생상품 거래 손실,5390218000,8693233000,국내일반손보사,B,SI023,부문별 손익(파생상품)
1497,201709,0010635,주식회사KB손해보험,A22,파생상품 평가 손실,20870574000,38550467000,국내일반손보사,B,SI023,부문별 손익(파생상품)
1498,201712,0010635,주식회사KB손해보험,A,파생상품 관련 손익,296620159000,489451213000,국내일반손보사,B,SI023,부문별 손익(파생상품)
1499,201712,0010635,주식회사KB손해보험,A1,파생상품 관련 이익,261475026000,501549780000,국내일반손보사,B,SI023,부문별 손익(파생상품)
1500,201712,0010635,주식회사KB손해보험,A11,파생상품 관련 이익_파생상품 거래 이익,74221661000,225974625000,국내일반손보사,B,SI023,부문별 손익(파생상품)
1501,201712,0010635,주식회사KB손해보험,A12,파생상품 관련 이익_파생상품 평가 이익,187253365000,275575155000,국내일반손보사,B,SI023,부문별 손익(파생상품)
1502,201712,0010635,주식회사KB손해보험,A2,파생상품 관련 손실,-35145133000,12098567000,국내일반손보사,B,SI023,부문별 손익(파생상품)
1503,201712,0010635,주식회사KB손해보험,A21,파생상품 관련 손실_파생상품 거래 손실,2405579000,11098812000,국내일반손보사,B,SI023,부문별 손익(파생상품)
1504,201712,0010635,주식회사KB손해보험,A22,파생상품 평가 손실,-37550712000,999755000,국내일반손보사,B,SI023,부문별 손익(파생상품)
1505,201803,0010635,주식회사KB손해보험,A,파생상품 관련 손익,17494316000,17494316000,국내일반손보사,B,SI023,부문별 손익(파생상품)
1506,201803,0010635,주식회사KB손해보험,A1,파생상품 관련 이익,31399153000,31399153000,국내일반손보사,B,SI023,부문별 손익(파생상품)
1507,201803,0010635,주식회사KB손해보험,A11,파생상품 관련 이익_파생상품 거래 이익,6593575000,6593575000,국내일반손보사,B,SI023,부문별 손익(파생상품)
1508,201803,0010635,주식회사KB손해보험,A12,파생상품 관련 이익_파생상품 평가 이익,24805578000,24805578000,국내일반손보사,B,SI023,부문별 손익(파생상품)
1509,201803,0010635,주식회사KB손해보험,A2,파생상품 관련 손실,13904837000,13904837000,국내일반손보사,B,SI023,부문별 손익(파생상품)
1510,201803,0010635,주식회사KB손해보험,A21,파생상품 관련 손실_파생상품 거래 손실,11083112000,11083112000,국내일반손보사,B,SI023,부문별 손익(파생상품)
1511,201803,0010635,주식회사KB손해보험,A22,파생상품 평가 손실,2821725000,2821725000,국내일반손보사,B,SI023,부문별 손익(파생상품)
1512,201806,0010635,주식회사KB손해보험,A,파생상품 관련 손익,-202213761000,-184719445000,국내일반손보사,B,SI023,부문별 손익(파생상품)
1513,201806,0010635,주식회사KB손해보험,A1,파생상품 관련 이익,-14425528000,16973625000,국내일반손보사,B,SI023,부문별 손익(파생상품)
1514,201806,0010635,주식회사KB손해보험,A11,파생상품 관련 이익_파생상품 거래 이익,4881343000,11474918000,국내일반손보사,B,SI023,부문별 손익(파생상품)
1515,201806,0010635,주식회사KB손해보험,A12,파생상품 관련 이익_파생상품 평가 이익,-19306871000,5498707000,국내일반손보사,B,SI023,부문별 손익(파생상품)
1516,201806,0010635,주식회사KB손해보험,A2,파생상품 관련 손실,187788233000,201693070000,국내일반손보사,B,SI023,부문별 손익(파생상품)
1517,201806,0010635,주식회사KB손해보험,A21,파생상품 관련 손실_파생상품 거래 손실,13845066000,24928178000,국내일반손보사,B,SI023,부문별 손익(파생상품)
1518,201806,0010635,주식회사KB손해보험,A22,파생상품 평가 손실,173943167000,176764892000,국내일반손보사,B,SI023,부문별 손익(파생상품)
1519,201809,0010635,주식회사KB손해보험,A,파생상품 관련 손익,19656667000,-165062778000,국내일반손보사,B,SI023,부문별 손익(파생상품)
1520,201809,0010635,주식회사KB손해보험,A1,파생상품 관련 이익,6384131000,23357756000,국내일반손보사,B,SI023,부문별 손익(파생상품)
1521,201809,0010635,주식회사KB손해보험,A11,파생상품 관련 이익_파생상품 거래 이익,547961000,12022879000,국내일반손보사,B,SI023,부문별 손익(파생상품)
1522,201809,0010635,주식회사KB손해보험,A12,파생상품 관련 이익_파생상품 평가 이익,5836170000,11334877000,국내일반손보사,B,SI023,부문별 손익(파생상품)
1523,201809,0010635,주식회사KB손해보험,A2,파생상품 관련 손실,-13272536000,188420534000,국내일반손보사,B,SI023,부문별 손익(파생상품)
1524,201809,0010635,주식회사KB손해보험,A21,파생상품 관련 손실_파생상품 거래 손실,43183153000,68111331000,국내일반손보사,B,SI023,부문별 손익(파생상품)
1525,201809,0010635,주식회사KB손해보험,A22,파생상품 평가 손실,-56455689000,120309203000,국내일반손보사,B,SI023,부문별 손익(파생상품)
1526,201812,0010635,주식회사KB손해보험,A,파생상품 관련 손익,-25547713000,-190610491000,국내일반손보사,B,SI023,부문별 손익(파생상품)
1527,201812,0010635,주식회사KB손해보험,A1,파생상품 관련 이익,7673453000,31031209000,국내일반손보사,B,SI023,부문별 손익(파생상품)
1528,201812,0010635,주식회사KB손해보험,A11,파생상품 관련 이익_파생상품 거래 이익,877936000,12900815000,국내일반손보사,B,SI023,부문별 손익(파생상품)
1529,201812,0010635,주식회사KB손해보험,A12,파생상품 관련 이익_파생상품 평가 이익,6795517000,18130394000,국내일반손보사,B,SI023,부문별 손익(파생상품)
1530,201812,0010635,주식회사KB손해보험,A2,파생상품 관련 손실,33221166000,221641700000,국내일반손보사,B,SI023,부문별 손익(파생상품)
1531,201812,0010635,주식회사KB손해보험,A21,파생상품 관련 손실_파생상품 거래 손실,55808432000,123919763000,국내일반손보사,B,SI023,부문별 손익(파생상품)
1532,201812,0010635,주식회사KB손해보험,A22,파생상품 평가 손실,-22587266000,97721937000,국내일반손보사,B,SI023,부문별 손익(파생상품)
1533,201903,0010635,주식회사KB손해보험,A,파생상품 관련 손익,-80297461000,-80297461000,국내일반손보사,B,SI023,부문별 손익(파생상품)
1534,201903,0010635,주식회사KB손해보험,A1,파생상품 관련 이익,2310789000,2310789000,국내일반손보사,B,SI023,부문별 손익(파생상품)
1535,201903,0010635,주식회사KB손해보험,A11,파생상품 관련 이익_파생상품 거래 이익,1280178000,1280178000,국내일반손보사,B,SI023,부문별 손익(파생상품)
1536,201903,0010635,주식회사KB손해보험,A12,파생상품 관련 이익_파생상품 평가 이익,1030611000,1030611000,국내일반손보사,B,SI023,부문별 손익(파생상품)
1537,201903,0010635,주식회사KB손해보험,A2,파생상품 관련 손실,82608250000,82608250000,국내일반손보사,B,SI023,부문별 손익(파생상품)
1538,201903,0010635,주식회사KB손해보험,A21,파생상품 관련 손실_파생상품 거래 손실,10889297000,10889297000,국내일반손보사,B,SI023,부문별 손익(파생상품)
1539,201903,0010635,주식회사KB손해보험,A22,파생상품 평가 손실,71718953000,71718953000,국내일반손보사,B,SI023,부문별 손익(파생상품)
1540,201906,0010635,주식회사KB손해보험,A,파생상품 관련 손익,-89608063000,-169905524000,국내일반손보사,B,SI023,부문별 손익(파생상품)
1541,201906,0010635,주식회사KB손해보험,A1,파생상품 관련 이익,7087872000,9398661000,국내일반손보사,B,SI023,부문별 손익(파생상품)
1542,201906,0010635,주식회사KB손해보험,A11,파생상품 관련 이익_파생상품 거래 이익,2143518000,3423696000,국내일반손보사,B,SI023,부문별 손익(파생상품)
1543,201906,0010635,주식회사KB손해보험,A12,파생상품 관련 이익_파생상품 평가 이익,4944354000,5974965000,국내일반손보사,B,SI023,부문별 손익(파생상품)
1544,201906,0010635,주식회사KB손해보험,A2,파생상품 관련 손실,96695935000,179304185000,국내일반손보사,B,SI023,부문별 손익(파생상품)
1545,201906,0010635,주식회사KB손해보험,A21,파생상품 관련 손실_파생상품 거래 손실,40179525000,51068822000,국내일반손보사,B,SI023,부문별 손익(파생상품)
1546,201906,0010635,주식회사KB손해보험,A22,파생상품 평가 손실,56516410000,128235363000,국내일반손보사,B,SI023,부문별 손익(파생상품)
1547,201909,0010635,주식회사KB손해보험,A,파생상품 관련 손익,-161306631000,-331212155000,국내일반손보사,B,SI023,부문별 손익(파생상품)
1548,201909,0010635,주식회사KB손해보험,A1,파생상품 관련 이익,-3275162000,6123499000,국내일반손보사,B,SI023,부문별 손익(파생상품)
1549,201909,0010635,주식회사KB손해보험,A11,파생상품 관련 이익_파생상품 거래 이익,869342000,4293038000,국내일반손보사,B,SI023,부문별 손익(파생상품)
1550,201909,0010635,주식회사KB손해보험,A12,파생상품 관련 이익_파생상품 평가 이익,-4144504000,1830461000,국내일반손보사,B,SI023,부문별 손익(파생상품)
1551,201909,0010635,주식회사KB손해보험,A2,파생상품 관련 손실,158031469000,337335654000,국내일반손보사,B,SI023,부문별 손익(파생상품)
1552,201909,0010635,주식회사KB손해보험,A21,파생상품 관련 손실_파생상품 거래 손실,48147732000,99216554000,국내일반손보사,B,SI023,부문별 손익(파생상품)
1553,201909,0010635,주식회사KB손해보험,A22,파생상품 평가 손실,109883737000,238119100000,국내일반손보사,B,SI023,부문별 손익(파생상품)
1554,201912,0010635,주식회사KB손해보험,A,파생상품 관련 손익,128299341000,-202912814000,국내일반손보사,B,SI023,부문별 손익(파생상품)
1555,201912,0010635,주식회사KB손해보험,A1,파생상품 관련 이익,23658850000,29782349000,국내일반손보사,B,SI023,부문별 손익(파생상품)
1556,201912,0010635,주식회사KB손해보험,A11,파생상품 관련 이익_파생상품 거래 이익,1543177000,5836215000,국내일반손보사,B,SI023,부문별 손익(파생상품)
1557,201912,0010635,주식회사KB손해보험,A12,파생상품 관련 이익_파생상품 평가 이익,22115673000,23946134000,국내일반손보사,B,SI023,부문별 손익(파생상품)
1558,201912,0010635,주식회사KB손해보험,A2,파생상품 관련 손실,-104640491000,232695163000,국내일반손보사,B,SI023,부문별 손익(파생상품)
1559,201912,0010635,주식회사KB손해보험,A21,파생상품 관련 손실_파생상품 거래 손실,53248958000,152465512000,국내일반손보사,B,SI023,부문별 손익(파생상품)
1560,201912,0010635,주식회사KB손해보험,A22,파생상품 평가 손실,-157889449000,80229651000,국내일반손보사,B,SI023,부문별 손익(파생상품)
1561,202003,0010635,주식회사KB손해보험,A,파생상품 관련 손익,-209298205000,-209298205000,국내일반손보사,B,SI023,부문별 손익(파생상품)
1562,202003,0010635,주식회사KB손해보험,A1,파생상품 관련 이익,4046889000,4046889000,국내일반손보사,B,SI023,부문별 손익(파생상품)
1563,202003,0010635,주식회사KB손해보험,A11,파생상품 관련 이익_파생상품 거래 이익,1488815000,1488815000,국내일반손보사,B,SI023,부문별 손익(파생상품)
1564,202003,0010635,주식회사KB손해보험,A12,파생상품 관련 이익_파생상품 평가 이익,2558074000,2558074000,국내일반손보사,B,SI023,부문별 손익(파생상품)
1565,202003,0010635,주식회사KB손해보험,A2,파생상품 관련 손실,213345094000,213345094000,국내일반손보사,B,SI023,부문별 손익(파생상품)
1566,202003,0010635,주식회사KB손해보험,A21,파생상품 관련 손실_파생상품 거래 손실,33718993000,33718993000,국내일반손보사,B,SI023,부문별 손익(파생상품)
1567,202003,0010635,주식회사KB손해보험,A22,파생상품 평가 손실,179626101000,179626101000,국내일반손보사,B,SI023,부문별 손익(파생상품)
1568,202006,0010635,주식회사KB손해보험,A,파생상품 관련 손익,41461102000,-167837103000,국내일반손보사,B,SI023,부문별 손익(파생상품)
1569,202006,0010635,주식회사KB손해보험,A1,파생상품 관련 이익,11239824000,15286713000,국내일반손보사,B,SI023,부문별 손익(파생상품)
1570,202006,0010635,주식회사KB손해보험,A11,파생상품 관련 이익_파생상품 거래 이익,6129726000,7618541000,국내일반손보사,B,SI023,부문별 손익(파생상품)
1571,202006,0010635,주식회사KB손해보험,A12,파생상품 관련 이익_파생상품 평가 이익,5110098000,7668172000,국내일반손보사,B,SI023,부문별 손익(파생상품)
1572,202006,0010635,주식회사KB손해보험,A2,파생상품 관련 손실,-30221278000,183123816000,국내일반손보사,B,SI023,부문별 손익(파생상품)
1573,202006,0010635,주식회사KB손해보험,A21,파생상품 관련 손실_파생상품 거래 손실,39882298000,73601291000,국내일반손보사,B,SI023,부문별 손익(파생상품)
1574,202006,0010635,주식회사KB손해보험,A22,파생상품 평가 손실,-70103576000,109522525000,국내일반손보사,B,SI023,부문별 손익(파생상품)
1575,202009,0010635,주식회사KB손해보험,A,파생상품 관련 손익,48243263000,-119593840000,국내일반손보사,B,SI023,부문별 손익(파생상품)
1576,202009,0010635,주식회사KB손해보험,A1,파생상품 관련 이익,17427189000,32713902000,국내일반손보사,B,SI023,부문별 손익(파생상품)
1577,202009,0010635,주식회사KB손해보험,A11,파생상품 관련 이익_파생상품 거래 이익,1810776000,9429317000,국내일반손보사,B,SI023,부문별 손익(파생상품)
1578,202009,0010635,주식회사KB손해보험,A12,파생상품 관련 이익_파생상품 평가 이익,15616413000,23284585000,국내일반손보사,B,SI023,부문별 손익(파생상품)
1579,202009,0010635,주식회사KB손해보험,A2,파생상품 관련 손실,-30816074000,152307742000,국내일반손보사,B,SI023,부문별 손익(파생상품)
1580,202009,0010635,주식회사KB손해보험,A21,파생상품 관련 손실_파생상품 거래 손실,21786994000,95388285000,국내일반손보사,B,SI023,부문별 손익(파생상품)
1581,202009,0010635,주식회사KB손해보험,A22,파생상품 평가 손실,-52603068000,56919457000,국내일반손보사,B,SI023,부문별 손익(파생상품)
1582,202012,0010635,주식회사KB손해보험,A,파생상품 관련 손익,200705599000,81111759000,국내일반손보사,B,SI023,부문별 손익(파생상품)
1583,202012,0010635,주식회사KB손해보험,A1,파생상품 관련 이익,161494255000,194208157000,국내일반손보사,B,SI023,부문별 손익(파생상품)
1584,202012,0010635,주식회사KB손해보험,A11,파생상품 관련 이익_파생상품 거래 이익,15534279000,24963596000,국내일반손보사,B,SI023,부문별 손익(파생상품)
1585,202012,0010635,주식회사KB손해보험,A12,파생상품 관련 이익_파생상품 평가 이익,145959976000,169244561000,국내일반손보사,B,SI023,부문별 손익(파생상품)
1586,202012,0010635,주식회사KB손해보험,A2,파생상품 관련 손실,-39211344000,113096398000,국내일반손보사,B,SI023,부문별 손익(파생상품)
1587,202012,0010635,주식회사KB손해보험,A21,파생상품 관련 손실_파생상품 거래 손실,6113281000,101501566000,국내일반손보사,B,SI023,부문별 손익(파생상품)
1588,202012,0010635,주식회사KB손해보험,A22,파생상품 평가 손실,-45324625000,11594832000,국내일반손보사,B,SI023,부문별 손익(파생상품)
1589,202103,0010635,주식회사KB손해보험,A,파생상품 관련 손익,-101532047000,-101532047000,국내일반손보사,B,SI023,부문별 손익(파생상품)
1590,202103,0010635,주식회사KB손해보험,A1,파생상품 관련 이익,5828750000,5828750000,국내일반손보사,B,SI023,부문별 손익(파생상품)
1591,202103,0010635,주식회사KB손해보험,A11,파생상품 관련 이익_파생상품 거래 이익,1059704000,1059704000,국내일반손보사,B,SI023,부문별 손익(파생상품)
1592,202103,0010635,주식회사KB손해보험,A12,파생상품 관련 이익_파생상품 평가 이익,4769046000,4769046000,국내일반손보사,B,SI023,부문별 손익(파생상품)
1593,202103,0010635,주식회사KB손해보험,A2,파생상품 관련 손실,107360797000,107360797000,국내일반손보사,B,SI023,부문별 손익(파생상품)
1594,202103,0010635,주식회사KB손해보험,A21,파생상품 관련 손실_파생상품 거래 손실,13278843000,13278843000,국내일반손보사,B,SI023,부문별 손익(파생상품)
1595,202103,0010635,주식회사KB손해보험,A22,파생상품 평가 손실,94081954000,94081954000,국내일반손보사,B,SI023,부문별 손익(파생상품)
1596,202106,0010635,주식회사KB손해보험,A,파생상품 관련 손익,-2668574000,-104200621000,국내일반손보사,B,SI023,부문별 손익(파생상품)
1597,202106,0010635,주식회사KB손해보험,A1,파생상품 관련 이익,-101055000,5727695000,국내일반손보사,B,SI023,부문별 손익(파생상품)
1598,202106,0010635,주식회사KB손해보험,A11,파생상품 관련 이익_파생상품 거래 이익,1460992000,2520696000,국내일반손보사,B,SI023,부문별 손익(파생상품)
1599,202106,0010635,주식회사KB손해보험,A12,파생상품 관련 이익_파생상품 평가 이익,-1562047000,3206999000,국내일반손보사,B,SI023,부문별 손익(파생상품)
1600,202106,0010635,주식회사KB손해보험,A2,파생상품 관련 손실,2567519000,109928316000,국내일반손보사,B,SI023,부문별 손익(파생상품)
1601,202106,0010635,주식회사KB손해보험,A21,파생상품 관련 손실_파생상품 거래 손실,17358198000,30637041000,국내일반손보사,B,SI023,부문별 손익(파생상품)
1602,202106,0010635,주식회사KB손해보험,A22,파생상품 평가 손실,-14790679000,79291275000,국내일반손보사,B,SI023,부문별 손익(파생상품)
1603,202109,0010635,주식회사KB손해보험,A,파생상품 관련 손익,-139174186000,-243374807000,국내일반손보사,B,SI023,부문별 손익(파생상품)
1604,202109,0010635,주식회사KB손해보험,A1,파생상품 관련 이익,-1209492000,4518203000,국내일반손보사,B,SI023,부문별 손익(파생상품)
1605,202109,0010635,주식회사KB손해보험,A11,파생상품 관련 이익_파생상품 거래 이익,665456000,3186152000,국내일반손보사,B,SI023,부문별 손익(파생상품)
1606,202109,0010635,주식회사KB손해보험,A12,파생상품 관련 이익_파생상품 평가 이익,-1874948000,1332051000,국내일반손보사,B,SI023,부문별 손익(파생상품)
1607,202109,0010635,주식회사KB손해보험,A2,파생상품 관련 손실,137964694000,247893010000,국내일반손보사,B,SI023,부문별 손익(파생상품)
1608,202109,0010635,주식회사KB손해보험,A21,파생상품 관련 손실_파생상품 거래 손실,23836645000,54473686000,국내일반손보사,B,SI023,부문별 손익(파생상품)
1609,202109,0010635,주식회사KB손해보험,A22,파생상품 평가 손실,114128049000,193419324000,국내일반손보사,B,SI023,부문별 손익(파생상품)
1610,202112,0010635,주식회사KB손해보험,A,파생상품 관련 손익,5581128000,-237793679000,국내일반손보사,B,SI023,부문별 손익(파생상품)
1611,202112,0010635,주식회사KB손해보험,A1,파생상품 관련 이익,3503123000,8021326000,국내일반손보사,B,SI023,부문별 손익(파생상품)
1612,202112,0010635,주식회사KB손해보험,A11,파생상품 관련 이익_파생상품 거래 이익,558803000,3744955000,국내일반손보사,B,SI023,부문별 손익(파생상품)
1613,202112,0010635,주식회사KB손해보험,A12,파생상품 관련 이익_파생상품 평가 이익,2944320000,4276371000,국내일반손보사,B,SI023,부문별 손익(파생상품)
1614,202112,0010635,주식회사KB손해보험,A2,파생상품 관련 손실,-2078005000,245815005000,국내일반손보사,B,SI023,부문별 손익(파생상품)
1615,202112,0010635,주식회사KB손해보험,A21,파생상품 관련 손실_파생상품 거래 손실,36629037000,91102723000,국내일반손보사,B,SI023,부문별 손익(파생상품)
1616,202112,0010635,주식회사KB손해보험,A22,파생상품 평가 손실,-38707042000,154712282000,국내일반손보사,B,SI023,부문별 손익(파생상품)
1617,202203,0010635,주식회사KB손해보험,A,파생상품 관련 손익,-60402303000,-60402303000,국내일반손보사,B,SI023,부문별 손익(파생상품)
1618,202203,0010635,주식회사KB손해보험,A1,파생상품 관련 이익,1945684000,1945684000,국내일반손보사,B,SI023,부문별 손익(파생상품)
1619,202203,0010635,주식회사KB손해보험,A11,파생상품 관련 이익_파생상품 거래 이익,524913000,524913000,국내일반손보사,B,SI023,부문별 손익(파생상품)
1620,202203,0010635,주식회사KB손해보험,A12,파생상품 관련 이익_파생상품 평가 이익,1420771000,1420771000,국내일반손보사,B,SI023,부문별 손익(파생상품)
1621,202203,0010635,주식회사KB손해보험,A2,파생상품 관련 손실,62347987000,62347987000,국내일반손보사,B,SI023,부문별 손익(파생상품)
1622,202203,0010635,주식회사KB손해보험,A21,파생상품 관련 손실_파생상품 거래 손실,9410655000,9410655000,국내일반손보사,B,SI023,부문별 손익(파생상품)
1623,202203,0010635,주식회사KB손해보험,A22,파생상품 평가 손실,52937332000,52937332000,국내일반손보사,B,SI023,부문별 손익(파생상품)
1624,202206,0010635,주식회사KB손해보험,A,파생상품 관련 손익,-188087663000,-248489966000,국내일반손보사,B,SI023,부문별 손익(파생상품)
1625,202206,0010635,주식회사KB손해보험,A1,파생상품 관련 이익,2463569000,4409253000,국내일반손보사,B,SI023,부문별 손익(파생상품)
1626,202206,0010635,주식회사KB손해보험,A11,파생상품 관련 이익_파생상품 거래 이익,3173947000,3698860000,국내일반손보사,B,SI023,부문별 손익(파생상품)
1627,202206,0010635,주식회사KB손해보험,A12,파생상품 관련 이익_파생상품 평가 이익,-710378000,710393000,국내일반손보사,B,SI023,부문별 손익(파생상품)
1628,202206,0010635,주식회사KB손해보험,A2,파생상품 관련 손실,190551232000,252899219000,국내일반손보사,B,SI023,부문별 손익(파생상품)
1629,202206,0010635,주식회사KB손해보험,A21,파생상품 관련 손실_파생상품 거래 손실,25985173000,35395828000,국내일반손보사,B,SI023,부문별 손익(파생상품)
1630,202206,0010635,주식회사KB손해보험,A22,파생상품 평가 손실,164566059000,217503391000,국내일반손보사,B,SI023,부문별 손익(파생상품)
1631,202209,0010635,주식회사KB손해보험,A,파생상품 관련 손익,-354146127000,-602636093000,국내일반손보사,B,SI023,부문별 손익(파생상품)
1632,202209,0010635,주식회사KB손해보험,A1,파생상품 관련 이익,542432000,4951685000,국내일반손보사,B,SI023,부문별 손익(파생상품)
1633,202209,0010635,주식회사KB손해보험,A11,파생상품 관련 이익_파생상품 거래 이익,949709000,4648569000,국내일반손보사,B,SI023,부문별 손익(파생상품)
1634,202209,0010635,주식회사KB손해보험,A12,파생상품 관련 이익_파생상품 평가 이익,-407277000,303116000,국내일반손보사,B,SI023,부문별 손익(파생상품)
1635,202209,0010635,주식회사KB손해보험,A2,파생상품 관련 손실,354688559000,607587778000,국내일반손보사,B,SI023,부문별 손익(파생상품)
1636,202209,0010635,주식회사KB손해보험,A21,파생상품 관련 손실_파생상품 거래 손실,24137620000,59533448000,국내일반손보사,B,SI023,부문별 손익(파생상품)
1637,202209,0010635,주식회사KB손해보험,A22,파생상품 평가 손실,330550939000,548054330000,국내일반손보사,B,SI023,부문별 손익(파생상품)
1638,202212,0010635,주식회사KB손해보험,A,파생상품 관련 손익,397120609000,-205515484000,국내일반손보사,B,SI023,부문별 손익(파생상품)
1639,202212,0010635,주식회사KB손해보험,A1,파생상품 관련 이익,26257591000,31209276000,국내일반손보사,B,SI023,부문별 손익(파생상품)
1640,202212,0010635,주식회사KB손해보험,A11,파생상품 관련 이익_파생상품 거래 이익,3833935000,8482504000,국내일반손보사,B,SI023,부문별 손익(파생상품)
1641,202212,0010635,주식회사KB손해보험,A12,파생상품 관련 이익_파생상품 평가 이익,22423656000,22726772000,국내일반손보사,B,SI023,부문별 손익(파생상품)
1642,202212,0010635,주식회사KB손해보험,A2,파생상품 관련 손실,-370863018000,236724760000,국내일반손보사,B,SI023,부문별 손익(파생상품)
1643,202212,0010635,주식회사KB손해보험,A21,파생상품 관련 손실_파생상품 거래 손실,51537083000,111070531000,국내일반손보사,B,SI023,부문별 손익(파생상품)
1644,202212,0010635,주식회사KB손해보험,A22,파생상품 평가 손실,-422400101000,125654229000,국내일반손보사,B,SI023,부문별 손익(파생상품)
1645,202303,0010635,주식회사KB손해보험,A,파생상품 관련 손익,-105915812000,-105915812000,국내일반손보사,B,SI023,부문별 손익(파생상품)
1646,202303,0010635,주식회사KB손해보험,A1,파생상품 관련 손익_파생상품 관련 이익,5599159000,5599159000,국내일반손보사,B,SI023,부문별 손익(파생상품)
1647,202303,0010635,주식회사KB손해보험,A11,파생상품 거래 이익,3966955000,3966955000,국내일반손보사,B,SI023,부문별 손익(파생상품)
1648,202303,0010635,주식회사KB손해보험,A12,파생상품 평가 이익,1632204000,1632204000,국내일반손보사,B,SI023,부문별 손익(파생상품)
1649,202303,0010635,주식회사KB손해보험,A2,파생상품 관련 손실,111514971000,111514971000,국내일반손보사,B,SI023,부문별 손익(파생상품)
1650,202303,0010635,주식회사KB손해보험,A21,파생상품 거래 손실,8875114000,8875114000,국내일반손보사,B,SI023,부문별 손익(파생상품)
1651,202303,0010635,주식회사KB손해보험,A22,파생상품 평가 손실,102639857000,102639857000,국내일반손보사,B,SI023,부문별 손익(파생상품)
1652,202306,0010635,주식회사KB손해보험,A,파생상품 관련 손익,-25830587000,-131746399000,국내일반손보사,B,SI023,부문별 손익(파생상품)
1653,202306,0010635,주식회사KB손해보험,A1,파생상품 관련 손익_파생상품 관련 이익,4172676000,9771835000,국내일반손보사,B,SI023,부문별 손익(파생상품)
1654,202306,0010635,주식회사KB손해보험,A11,파생상품 거래 이익,1946293000,5913248000,국내일반손보사,B,SI023,부문별 손익(파생상품)
1655,202306,0010635,주식회사KB손해보험,A12,파생상품 평가 이익,2226383000,3858587000,국내일반손보사,B,SI023,부문별 손익(파생상품)
1656,202306,0010635,주식회사KB손해보험,A2,파생상품 관련 손실,30003263000,141518234000,국내일반손보사,B,SI023,부문별 손익(파생상품)
1657,202306,0010635,주식회사KB손해보험,A21,파생상품 거래 손실,19424328000,28299442000,국내일반손보사,B,SI023,부문별 손익(파생상품)
1658,202306,0010635,주식회사KB손해보험,A22,파생상품 평가 손실,10578935000,113218792000,국내일반손보사,B,SI023,부문별 손익(파생상품)
1659,202309,0010635,주식회사KB손해보험,A,파생상품 관련 손익,-80143721000,-211890120000,국내일반손보사,B,SI023,부문별 손익(파생상품)
1660,202309,0010635,주식회사KB손해보험,A1,파생상품 관련 손익_파생상품 관련 이익,1159431000,10931266000,국내일반손보사,B,SI023,부문별 손익(파생상품)
1661,202309,0010635,주식회사KB손해보험,A11,파생상품 거래 이익,3112120000,9025368000,국내일반손보사,B,SI023,부문별 손익(파생상품)
1662,202309,0010635,주식회사KB손해보험,A12,파생상품 평가 이익,-1952689000,1905898000,국내일반손보사,B,SI023,부문별 손익(파생상품)
1663,202309,0010635,주식회사KB손해보험,A2,파생상품 관련 손실,81303152000,222821386000,국내일반손보사,B,SI023,부문별 손익(파생상품)
1664,202309,0010635,주식회사KB손해보험,A21,파생상품 거래 손실,11805060000,40104502000,국내일반손보사,B,SI023,부문별 손익(파생상품)
1665,202309,0010635,주식회사KB손해보험,A22,파생상품 평가 손실,69498092000,182716884000,국내일반손보사,B,SI023,부문별 손익(파생상품)
1666,202312,0010635,주식회사KB손해보험,A,파생상품 관련 손익,99515446000,-112374674000,국내일반손보사,B,SI023,부문별 손익(파생상품)
1667,202312,0010635,주식회사KB손해보험,A1,파생상품 관련 손익_파생상품 관련 이익,14952396000,25883662000,국내일반손보사,B,SI023,부문별 손익(파생상품)
1668,202312,0010635,주식회사KB손해보험,A11,파생상품 거래 이익,2989717000,12015085000,국내일반손보사,B,SI023,부문별 손익(파생상품)
1669,202312,0010635,주식회사KB손해보험,A12,파생상품 평가 이익,11962679000,13868577000,국내일반손보사,B,SI023,부문별 손익(파생상품)
1670,202312,0010635,주식회사KB손해보험,A2,파생상품 관련 손실,-84563050000,138258336000,국내일반손보사,B,SI023,부문별 손익(파생상품)
1671,202312,0010635,주식회사KB손해보험,A21,파생상품 거래 손실,24230654000,64335156000,국내일반손보사,B,SI023,부문별 손익(파생상품)
1672,202312,0010635,주식회사KB손해보험,A22,파생상품 평가 손실,-108793704000,73923180000,국내일반손보사,B,SI023,부문별 손익(파생상품)
1673,202403,0010635,주식회사KB손해보험,A,파생상품 관련 손익,-141033405000,-141033405000,국내일반손보사,B,SI023,부문별 손익(파생상품)
1674,202403,0010635,주식회사KB손해보험,A1,파생상품 관련 손익_파생상품 관련 이익,2493049000,2493049000,국내일반손보사,B,SI023,부문별 손익(파생상품)
1675,202403,0010635,주식회사KB손해보험,A11,파생상품 거래 이익,1164870000,1164870000,국내일반손보사,B,SI023,부문별 손익(파생상품)
1676,202403,0010635,주식회사KB손해보험,A12,파생상품 평가 이익,1328179000,1328179000,국내일반손보사,B,SI023,부문별 손익(파생상품)
1677,202403,0010635,주식회사KB손해보험,A2,파생상품 관련 손실,143526454000,143526454000,국내일반손보사,B,SI023,부문별 손익(파생상품)
1678,202403,0010635,주식회사KB손해보험,A21,파생상품 거래 손실,18726031000,18726031000,국내일반손보사,B,SI023,부문별 손익(파생상품)
1679,202403,0010635,주식회사KB손해보험,A22,파생상품 평가 손실,124800423000,124800423000,국내일반손보사,B,SI023,부문별 손익(파생상품)
1680,202406,0010635,주식회사KB손해보험,A,파생상품 관련 손익,-122319387000,-263352792000,국내일반손보사,B,SI023,부문별 손익(파생상품)
1681,202406,0010635,주식회사KB손해보험,A1,파생상품 관련 손익_파생상품 관련 이익,811970000,3305019000,국내일반손보사,B,SI023,부문별 손익(파생상품)
1682,202406,0010635,주식회사KB손해보험,A11,파생상품 거래 이익,1157527000,2322397000,국내일반손보사,B,SI023,부문별 손익(파생상품)
1683,202406,0010635,주식회사KB손해보험,A12,파생상품 평가 이익,-345557000,982622000,국내일반손보사,B,SI023,부문별 손익(파생상품)
1684,202406,0010635,주식회사KB손해보험,A2,파생상품 관련 손실,123131357000,266657811000,국내일반손보사,B,SI023,부문별 손익(파생상품)
1685,202406,0010635,주식회사KB손해보험,A21,파생상품 거래 손실,31638167000,50364198000,국내일반손보사,B,SI023,부문별 손익(파생상품)
1686,202406,0010635,주식회사KB손해보험,A22,파생상품 평가 손실,91493190000,216293613000,국내일반손보사,B,SI023,부문별 손익(파생상품)
1687,202409,0010635,주식회사KB손해보험,A,파생상품 관련 손익,140925706000,-122427086000,국내일반손보사,B,SI023,부문별 손익(파생상품)
1688,202409,0010635,주식회사KB손해보험,A1,파생상품 관련 손익_파생상품 관련 이익,28403638000,31708657000,국내일반손보사,B,SI023,부문별 손익(파생상품)
1689,202409,0010635,주식회사KB손해보험,A11,파생상품 거래 이익,3161955000,5484352000,국내일반손보사,B,SI023,부문별 손익(파생상품)
1690,202409,0010635,주식회사KB손해보험,A12,파생상품 평가 이익,25241683000,26224305000,국내일반손보사,B,SI023,부문별 손익(파생상품)
1691,202409,0010635,주식회사KB손해보험,A2,파생상품 관련 손실,-112522068000,154135743000,국내일반손보사,B,SI023,부문별 손익(파생상품)
1692,202409,0010635,주식회사KB손해보험,A21,파생상품 거래 손실,45857916000,96222114000,국내일반손보사,B,SI023,부문별 손익(파생상품)
1693,202409,0010635,주식회사KB손해보험,A22,파생상품 평가 손실,-158379984000,57913629000,국내일반손보사,B,SI023,부문별 손익(파생상품)
1694,202412,0010635,주식회사KB손해보험,A,파생상품 관련 손익,-346782351000,-469209437000,국내일반손보사,B,SI023,부문별 손익(파생상품)
1695,202412,0010635,주식회사KB손해보험,A1,파생상품 관련 손익_파생상품 관련 이익,-22931476000,8777181000,국내일반손보사,B,SI023,부문별 손익(파생상품)
1696,202412,0010635,주식회사KB손해보험,A11,파생상품 거래 이익,2218249000,7702601000,국내일반손보사,B,SI023,부문별 손익(파생상품)
1697,202412,0010635,주식회사KB손해보험,A12,파생상품 평가 이익,-25149725000,1074580000,국내일반손보사,B,SI023,부문별 손익(파생상품)
1698,202412,0010635,주식회사KB손해보험,A2,파생상품 관련 손실,323850875000,477986618000,국내일반손보사,B,SI023,부문별 손익(파생상품)
1699,202412,0010635,주식회사KB손해보험,A21,파생상품 거래 손실,31152992000,127375106000,국내일반손보사,B,SI023,부문별 손익(파생상품)
1700,202412,0010635,주식회사KB손해보험,A22,파생상품 평가 손실,292697883000,350611512000,국내일반손보사,B,SI023,부문별 손익(파생상품)
1701,202503,0010635,주식회사KB손해보험,A,파생상품 관련 손익,-27326488000,-27326488000,국내일반손보사,B,SI023,부문별 손익(파생상품)
1702,202503,0010635,주식회사KB손해보험,A1,파생상품 관련 손익_파생상품 관련 이익,14603089000,14603089000,국내일반손보사,B,SI023,부문별 손익(파생상품)
1703,202503,0010635,주식회사KB손해보험,A11,파생상품 거래 이익,10154177000,10154177000,국내일반손보사,B,SI023,부문별 손익(파생상품)
1704,202503,0010635,주식회사KB손해보험,A12,파생상품 평가 이익,4448912000,4448912000,국내일반손보사,B,SI023,부문별 손익(파생상품)
1705,202503,0010635,주식회사KB손해보험,A2,파생상품 관련 손실,41929577000,41929577000,국내일반손보사,B,SI023,부문별 손익(파생상품)
1706,202503,0010635,주식회사KB손해보험,A21,파생상품 거래 손실,8643519000,8643519000,국내일반손보사,B,SI023,부문별 손익(파생상품)
1707,202503,0010635,주식회사KB손해보험,A22,파생상품 평가 손실,33286058000,33286058000,국내일반손보사,B,SI023,부문별 손익(파생상품)
1708,202506,0010635,주식회사KB손해보험,A,파생상품 관련 손익,256712326000,229385838000,국내일반손보사,B,SI023,부문별 손익(파생상품)
1709,202506,0010635,주식회사KB손해보험,A1,파생상품 관련 손익_파생상품 관련 이익,245544556000,260147645000,국내일반손보사,B,SI023,부문별 손익(파생상품)
1710,202506,0010635,주식회사KB손해보험,A11,파생상품 거래 이익,28017292000,38171469000,국내일반손보사,B,SI023,부문별 손익(파생상품)
1711,202506,0010635,주식회사KB손해보험,A12,파생상품 평가 이익,217527264000,221976176000,국내일반손보사,B,SI023,부문별 손익(파생상품)
1712,202506,0010635,주식회사KB손해보험,A2,파생상품 관련 손실,-11167770000,30761807000,국내일반손보사,B,SI023,부문별 손익(파생상품)
1713,202506,0010635,주식회사KB손해보험,A21,파생상품 거래 손실,9779869000,18423388000,국내일반손보사,B,SI023,부문별 손익(파생상품)
1714,202506,0010635,주식회사KB손해보험,A22,파생상품 평가 손실,-20947639000,12338419000,국내일반손보사,B,SI023,부문별 손익(파생상품)
1715,202509,0010635,주식회사KB손해보험,A,파생상품 관련 손익,-156024692000,73361146000,국내일반손보사,B,SI023,부문별 손익(파생상품)
1716,202509,0010635,주식회사KB손해보험,A1,파생상품 관련 손익_파생상품 관련 이익,-105074355000,155073290000,국내일반손보사,B,SI023,부문별 손익(파생상품)
1717,202509,0010635,주식회사KB손해보험,A11,파생상품 거래 이익,25108938000,63280407000,국내일반손보사,B,SI023,부문별 손익(파생상품)
1718,202509,0010635,주식회사KB손해보험,A12,파생상품 평가 이익,-130183293000,91792883000,국내일반손보사,B,SI023,부문별 손익(파생상품)
1719,202509,0010635,주식회사KB손해보험,A2,파생상품 관련 손실,50950337000,81712144000,국내일반손보사,B,SI023,부문별 손익(파생상품)
1720,202509,0010635,주식회사KB손해보험,A21,파생상품 거래 손실,11849636000,30273024000,국내일반손보사,B,SI023,부문별 손익(파생상품)
1721,202509,0010635,주식회사KB손해보험,A22,파생상품 평가 손실,39100701000,51439120000,국내일반손보사,B,SI023,부문별 손익(파생상품)
1722,201703,0011354,하나손해보험주식회사,A,파생상품 관련 손익,1205801000,1205801000,국내일반손보사,B,SI023,부문별 손익(파생상품)
1723,201703,0011354,하나손해보험주식회사,A1,파생상품 관련 이익,1205801000,1205801000,국내일반손보사,B,SI023,부문별 손익(파생상품)
1724,201703,0011354,하나손해보험주식회사,A11,파생상품 관련 이익_파생상품 거래 이익,0,0,국내일반손보사,B,SI023,부문별 손익(파생상품)
1725,201703,0011354,하나손해보험주식회사,A12,파생상품 관련 이익_파생상품 평가 이익,1205801000,1205801000,국내일반손보사,B,SI023,부문별 손익(파생상품)
1726,201703,0011354,하나손해보험주식회사,A2,파생상품 관련 손실,0,0,국내일반손보사,B,SI023,부문별 손익(파생상품)
1727,201703,0011354,하나손해보험주식회사,A21,파생상품 관련 손실_파생상품 거래 손실,0,0,국내일반손보사,B,SI023,부문별 손익(파생상품)
1728,201703,0011354,하나손해보험주식회사,A22,파생상품 평가 손실,0,0,국내일반손보사,B,SI023,부문별 손익(파생상품)
1729,201706,0011354,하나손해보험주식회사,A,파생상품 관련 손익,-579703000,626098000,국내일반손보사,B,SI023,부문별 손익(파생상품)
1730,201706,0011354,하나손해보험주식회사,A1,파생상품 관련 이익,-232364000,973437000,국내일반손보사,B,SI023,부문별 손익(파생상품)
1731,201706,0011354,하나손해보험주식회사,A11,파생상품 관련 이익_파생상품 거래 이익,209492000,209492000,국내일반손보사,B,SI023,부문별 손익(파생상품)
1732,201706,0011354,하나손해보험주식회사,A12,파생상품 관련 이익_파생상품 평가 이익,-441856000,763945000,국내일반손보사,B,SI023,부문별 손익(파생상품)
1733,201706,0011354,하나손해보험주식회사,A2,파생상품 관련 손실,347339000,347339000,국내일반손보사,B,SI023,부문별 손익(파생상품)
1734,201706,0011354,하나손해보험주식회사,A21,파생상품 관련 손실_파생상품 거래 손실,0,0,국내일반손보사,B,SI023,부문별 손익(파생상품)
1735,201706,0011354,하나손해보험주식회사,A22,파생상품 평가 손실,347339000,347339000,국내일반손보사,B,SI023,부문별 손익(파생상품)
1736,201709,0011354,하나손해보험주식회사,A,파생상품 관련 손익,34431000,660529000,국내일반손보사,B,SI023,부문별 손익(파생상품)
1737,201709,0011354,하나손해보험주식회사,A1,파생상품 관련 이익,181898000,1155335000,국내일반손보사,B,SI023,부문별 손익(파생상품)
1738,201709,0011354,하나손해보험주식회사,A11,파생상품 관련 이익_파생상품 거래 이익,0,209492000,국내일반손보사,B,SI023,부문별 손익(파생상품)
1739,201709,0011354,하나손해보험주식회사,A12,파생상품 관련 이익_파생상품 평가 이익,181898000,945843000,국내일반손보사,B,SI023,부문별 손익(파생상품)
1740,201709,0011354,하나손해보험주식회사,A2,파생상품 관련 손실,147467000,494806000,국내일반손보사,B,SI023,부문별 손익(파생상품)
1741,201709,0011354,하나손해보험주식회사,A21,파생상품 관련 손실_파생상품 거래 손실,0,0,국내일반손보사,B,SI023,부문별 손익(파생상품)
1742,201709,0011354,하나손해보험주식회사,A22,파생상품 평가 손실,147467000,494806000,국내일반손보사,B,SI023,부문별 손익(파생상품)
1743,201712,0011354,하나손해보험주식회사,A,파생상품 관련 손익,2495507000,3156036000,국내일반손보사,B,SI023,부문별 손익(파생상품)
1744,201712,0011354,하나손해보험주식회사,A1,파생상품 관련 이익,2000701000,3156036000,국내일반손보사,B,SI023,부문별 손익(파생상품)
1745,201712,0011354,하나손해보험주식회사,A11,파생상품 관련 이익_파생상품 거래 이익,26622000,236114000,국내일반손보사,B,SI023,부문별 손익(파생상품)
1746,201712,0011354,하나손해보험주식회사,A12,파생상품 관련 이익_파생상품 평가 이익,1974079000,2919922000,국내일반손보사,B,SI023,부문별 손익(파생상품)
1747,201712,0011354,하나손해보험주식회사,A2,파생상품 관련 손실,-494806000,0,국내일반손보사,B,SI023,부문별 손익(파생상품)
1748,201712,0011354,하나손해보험주식회사,A21,파생상품 관련 손실_파생상품 거래 손실,0,0,국내일반손보사,B,SI023,부문별 손익(파생상품)
1749,201712,0011354,하나손해보험주식회사,A22,파생상품 평가 손실,-494806000,0,국내일반손보사,B,SI023,부문별 손익(파생상품)
1750,201803,0011354,하나손해보험주식회사,A,파생상품 관련 손익,163846000,163846000,국내일반손보사,B,SI023,부문별 손익(파생상품)
1751,201803,0011354,하나손해보험주식회사,A1,파생상품 관련 이익,2319823000,2319823000,국내일반손보사,B,SI023,부문별 손익(파생상품)
1752,201803,0011354,하나손해보험주식회사,A11,파생상품 관련 이익_파생상품 거래 이익,371888000,371888000,국내일반손보사,B,SI023,부문별 손익(파생상품)
1753,201803,0011354,하나손해보험주식회사,A12,파생상품 관련 이익_파생상품 평가 이익,1947935000,1947935000,국내일반손보사,B,SI023,부문별 손익(파생상품)
1754,201803,0011354,하나손해보험주식회사,A2,파생상품 관련 손실,2155977000,2155977000,국내일반손보사,B,SI023,부문별 손익(파생상품)
1755,201803,0011354,하나손해보험주식회사,A21,파생상품 관련 손실_파생상품 거래 손실,0,0,국내일반손보사,B,SI023,부문별 손익(파생상품)
1756,201803,0011354,하나손해보험주식회사,A22,파생상품 평가 손실,2155977000,2155977000,국내일반손보사,B,SI023,부문별 손익(파생상품)
1757,201806,0011354,하나손해보험주식회사,A,파생상품 관련 손익,-874992000,-711146000,국내일반손보사,B,SI023,부문별 손익(파생상품)
1758,201806,0011354,하나손해보험주식회사,A1,파생상품 관련 이익,247653000,2567476000,국내일반손보사,B,SI023,부문별 손익(파생상품)
1759,201806,0011354,하나손해보험주식회사,A11,파생상품 관련 이익_파생상품 거래 이익,463234000,835122000,국내일반손보사,B,SI023,부문별 손익(파생상품)
1760,201806,0011354,하나손해보험주식회사,A12,파생상품 관련 이익_파생상품 평가 이익,-215581000,1732354000,국내일반손보사,B,SI023,부문별 손익(파생상품)
1761,201806,0011354,하나손해보험주식회사,A2,파생상품 관련 손실,1122645000,3278622000,국내일반손보사,B,SI023,부문별 손익(파생상품)
1762,201806,0011354,하나손해보험주식회사,A21,파생상품 관련 손실_파생상품 거래 손실,0,0,국내일반손보사,B,SI023,부문별 손익(파생상품)
1763,201806,0011354,하나손해보험주식회사,A22,파생상품 평가 손실,1122645000,3278622000,국내일반손보사,B,SI023,부문별 손익(파생상품)
1764,201809,0011354,하나손해보험주식회사,A,파생상품 관련 손익,269125000,-442021000,국내일반손보사,B,SI023,부문별 손익(파생상품)
1765,201809,0011354,하나손해보험주식회사,A1,파생상품 관련 이익,71305000,2638781000,국내일반손보사,B,SI023,부문별 손익(파생상품)
1766,201809,0011354,하나손해보험주식회사,A11,파생상품 관련 이익_파생상품 거래 이익,0,835122000,국내일반손보사,B,SI023,부문별 손익(파생상품)
1767,201809,0011354,하나손해보험주식회사,A12,파생상품 관련 이익_파생상품 평가 이익,71305000,1803659000,국내일반손보사,B,SI023,부문별 손익(파생상품)
1768,201809,0011354,하나손해보험주식회사,A2,파생상품 관련 손실,-197820000,3080802000,국내일반손보사,B,SI023,부문별 손익(파생상품)
1769,201809,0011354,하나손해보험주식회사,A21,파생상품 관련 손실_파생상품 거래 손실,0,0,국내일반손보사,B,SI023,부문별 손익(파생상품)
1770,201809,0011354,하나손해보험주식회사,A22,파생상품 평가 손실,-197820000,3080802000,국내일반손보사,B,SI023,부문별 손익(파생상품)
1771,201812,0011354,하나손해보험주식회사,A,파생상품 관련 손익,221665000,-220356000,국내일반손보사,B,SI023,부문별 손익(파생상품)
1772,201812,0011354,하나손해보험주식회사,A1,파생상품 관련 이익,489413000,3128194000,국내일반손보사,B,SI023,부문별 손익(파생상품)
1773,201812,0011354,하나손해보험주식회사,A11,파생상품 관련 이익_파생상품 거래 이익,1583412000,2418534000,국내일반손보사,B,SI023,부문별 손익(파생상품)
1774,201812,0011354,하나손해보험주식회사,A12,파생상품 관련 이익_파생상품 평가 이익,-1093999000,709660000,국내일반손보사,B,SI023,부문별 손익(파생상품)
1775,201812,0011354,하나손해보험주식회사,A2,파생상품 관련 손실,267748000,3348550000,국내일반손보사,B,SI023,부문별 손익(파생상품)
1776,201812,0011354,하나손해보험주식회사,A21,파생상품 관련 손실_파생상품 거래 손실,664768000,664768000,국내일반손보사,B,SI023,부문별 손익(파생상품)
1777,201812,0011354,하나손해보험주식회사,A22,파생상품 평가 손실,-397020000,2683782000,국내일반손보사,B,SI023,부문별 손익(파생상품)
1778,201903,0011354,하나손해보험주식회사,A,파생상품 관련 손익,-333272000,-333272000,국내일반손보사,B,SI023,부문별 손익(파생상품)
1779,201903,0011354,하나손해보험주식회사,A1,파생상품 관련 이익,658718000,658718000,국내일반손보사,B,SI023,부문별 손익(파생상품)
1780,201903,0011354,하나손해보험주식회사,A11,파생상품 관련 이익_파생상품 거래 이익,0,0,국내일반손보사,B,SI023,부문별 손익(파생상품)
1781,201903,0011354,하나손해보험주식회사,A12,파생상품 관련 이익_파생상품 평가 이익,658718000,658718000,국내일반손보사,B,SI023,부문별 손익(파생상품)
1782,201903,0011354,하나손해보험주식회사,A2,파생상품 관련 손실,991990000,991990000,국내일반손보사,B,SI023,부문별 손익(파생상품)
1783,201903,0011354,하나손해보험주식회사,A21,파생상품 관련 손실_파생상품 거래 손실,568875000,568875000,국내일반손보사,B,SI023,부문별 손익(파생상품)
1784,201903,0011354,하나손해보험주식회사,A22,파생상품 평가 손실,423115000,423115000,국내일반손보사,B,SI023,부문별 손익(파생상품)
1785,201906,0011354,하나손해보험주식회사,A,파생상품 관련 손익,-1008745000,-1342017000,국내일반손보사,B,SI023,부문별 손익(파생상품)
1786,201906,0011354,하나손해보험주식회사,A1,파생상품 관련 이익,-488350000,170368000,국내일반손보사,B,SI023,부문별 손익(파생상품)
1787,201906,0011354,하나손해보험주식회사,A11,파생상품 관련 이익_파생상품 거래 이익,0,0,국내일반손보사,B,SI023,부문별 손익(파생상품)
1788,201906,0011354,하나손해보험주식회사,A12,파생상품 관련 이익_파생상품 평가 이익,-488350000,170368000,국내일반손보사,B,SI023,부문별 손익(파생상품)
1789,201906,0011354,하나손해보험주식회사,A2,파생상품 관련 손실,520395000,1512385000,국내일반손보사,B,SI023,부문별 손익(파생상품)
1790,201906,0011354,하나손해보험주식회사,A21,파생상품 관련 손실_파생상품 거래 손실,215229000,784104000,국내일반손보사,B,SI023,부문별 손익(파생상품)
1791,201906,0011354,하나손해보험주식회사,A22,파생상품 평가 손실,305166000,728281000,국내일반손보사,B,SI023,부문별 손익(파생상품)
1792,201909,0011354,하나손해보험주식회사,A,파생상품 관련 손익,-854604000,-2196621000,국내일반손보사,B,SI023,부문별 손익(파생상품)
1793,201909,0011354,하나손해보험주식회사,A1,파생상품 관련 이익,251395000,421763000,국내일반손보사,B,SI023,부문별 손익(파생상품)
1794,201909,0011354,하나손해보험주식회사,A11,파생상품 관련 이익_파생상품 거래 이익,93775000,93775000,국내일반손보사,B,SI023,부문별 손익(파생상품)
1795,201909,0011354,하나손해보험주식회사,A12,파생상품 관련 이익_파생상품 평가 이익,157620000,327988000,국내일반손보사,B,SI023,부문별 손익(파생상품)
1796,201909,0011354,하나손해보험주식회사,A2,파생상품 관련 손실,1105999000,2618384000,국내일반손보사,B,SI023,부문별 손익(파생상품)
1797,201909,0011354,하나손해보험주식회사,A21,파생상품 관련 손실_파생상품 거래 손실,1081194000,1865298000,국내일반손보사,B,SI023,부문별 손익(파생상품)
1798,201909,0011354,하나손해보험주식회사,A22,파생상품 평가 손실,24805000,753086000,국내일반손보사,B,SI023,부문별 손익(파생상품)
1799,201912,0011354,하나손해보험주식회사,A,파생상품 관련 손익,1173435000,-1023186000,국내일반손보사,B,SI023,부문별 손익(파생상품)
1800,201912,0011354,하나손해보험주식회사,A1,파생상품 관련 이익,894463000,1316226000,국내일반손보사,B,SI023,부문별 손익(파생상품)
1801,201912,0011354,하나손해보험주식회사,A11,파생상품 관련 이익_파생상품 거래 이익,384258000,478033000,국내일반손보사,B,SI023,부문별 손익(파생상품)
1802,201912,0011354,하나손해보험주식회사,A12,파생상품 관련 이익_파생상품 평가 이익,510205000,838193000,국내일반손보사,B,SI023,부문별 손익(파생상품)
1803,201912,0011354,하나손해보험주식회사,A2,파생상품 관련 손실,-278972000,2339412000,국내일반손보사,B,SI023,부문별 손익(파생상품)
1804,201912,0011354,하나손해보험주식회사,A21,파생상품 관련 손실_파생상품 거래 손실,373333000,2238631000,국내일반손보사,B,SI023,부문별 손익(파생상품)
1805,201912,0011354,하나손해보험주식회사,A22,파생상품 평가 손실,-652305000,100781000,국내일반손보사,B,SI023,부문별 손익(파생상품)
1806,202003,0011354,하나손해보험주식회사,A,파생상품 관련 손익,-2264342000,-2264342000,국내일반손보사,B,SI023,부문별 손익(파생상품)
1807,202003,0011354,하나손해보험주식회사,A1,파생상품 관련 이익,180111000,180111000,국내일반손보사,B,SI023,부문별 손익(파생상품)
1808,202003,0011354,하나손해보험주식회사,A11,파생상품 관련 이익_파생상품 거래 이익,105549000,105549000,국내일반손보사,B,SI023,부문별 손익(파생상품)
1809,202003,0011354,하나손해보험주식회사,A12,파생상품 관련 이익_파생상품 평가 이익,74562000,74562000,국내일반손보사,B,SI023,부문별 손익(파생상품)
1810,202003,0011354,하나손해보험주식회사,A2,파생상품 관련 손실,2444453000,2444453000,국내일반손보사,B,SI023,부문별 손익(파생상품)
1811,202003,0011354,하나손해보험주식회사,A21,파생상품 관련 손실_파생상품 거래 손실,0,0,국내일반손보사,B,SI023,부문별 손익(파생상품)
1812,202003,0011354,하나손해보험주식회사,A22,파생상품 평가 손실,2444453000,2444453000,국내일반손보사,B,SI023,부문별 손익(파생상품)
1813,202006,0011354,하나손해보험주식회사,A,파생상품 관련 손익,-310378000,-2574720000,국내일반손보사,B,SI023,부문별 손익(파생상품)
1814,202006,0011354,하나손해보험주식회사,A1,파생상품 관련 이익,-34400000,145711000,국내일반손보사,B,SI023,부문별 손익(파생상품)
1815,202006,0011354,하나손해보험주식회사,A11,파생상품 관련 이익_파생상품 거래 이익,40162000,145711000,국내일반손보사,B,SI023,부문별 손익(파생상품)
1816,202006,0011354,하나손해보험주식회사,A12,파생상품 관련 이익_파생상품 평가 이익,-74562000,0,국내일반손보사,B,SI023,부문별 손익(파생상품)
1817,202006,0011354,하나손해보험주식회사,A2,파생상품 관련 손실,275978000,2720431000,국내일반손보사,B,SI023,부문별 손익(파생상품)
1818,202006,0011354,하나손해보험주식회사,A21,파생상품 관련 손실_파생상품 거래 손실,792567000,792567000,국내일반손보사,B,SI023,부문별 손익(파생상품)
1819,202006,0011354,하나손해보험주식회사,A22,파생상품 평가 손실,-516589000,1927864000,국내일반손보사,B,SI023,부문별 손익(파생상품)
1820,202009,0011354,하나손해보험주식회사,A,파생상품 관련 손익,674149000,-1900571000,국내일반손보사,B,SI023,부문별 손익(파생상품)
1821,202009,0011354,하나손해보험주식회사,A1,파생상품 관련 이익,110648000,256359000,국내일반손보사,B,SI023,부문별 손익(파생상품)
1822,202009,0011354,하나손해보험주식회사,A11,파생상품 관련 이익_파생상품 거래 이익,0,145711000,국내일반손보사,B,SI023,부문별 손익(파생상품)
1823,202009,0011354,하나손해보험주식회사,A12,파생상품 관련 이익_파생상품 평가 이익,110648000,110648000,국내일반손보사,B,SI023,부문별 손익(파생상품)
1824,202009,0011354,하나손해보험주식회사,A2,파생상품 관련 손실,-563501000,2156930000,국내일반손보사,B,SI023,부문별 손익(파생상품)
1825,202009,0011354,하나손해보험주식회사,A21,파생상품 관련 손실_파생상품 거래 손실,198103000,990670000,국내일반손보사,B,SI023,부문별 손익(파생상품)
1826,202009,0011354,하나손해보험주식회사,A22,파생상품 평가 손실,-761604000,1166260000,국내일반손보사,B,SI023,부문별 손익(파생상품)
1827,202012,0011354,하나손해보험주식회사,A,파생상품 관련 손익,1359779000,-540792000,국내일반손보사,B,SI023,부문별 손익(파생상품)
1828,202012,0011354,하나손해보험주식회사,A1,파생상품 관련 이익,1201837000,1458196000,국내일반손보사,B,SI023,부문별 손익(파생상품)
1829,202012,0011354,하나손해보험주식회사,A11,파생상품 관련 이익_파생상품 거래 이익,0,145711000,국내일반손보사,B,SI023,부문별 손익(파생상품)
1830,202012,0011354,하나손해보험주식회사,A12,파생상품 관련 이익_파생상품 평가 이익,1201837000,1312485000,국내일반손보사,B,SI023,부문별 손익(파생상품)
1831,202012,0011354,하나손해보험주식회사,A2,파생상품 관련 손실,-157942000,1998988000,국내일반손보사,B,SI023,부문별 손익(파생상품)
1832,202012,0011354,하나손해보험주식회사,A21,파생상품 관련 손실_파생상품 거래 손실,0,990670000,국내일반손보사,B,SI023,부문별 손익(파생상품)
1833,202012,0011354,하나손해보험주식회사,A22,파생상품 평가 손실,-157942000,1008318000,국내일반손보사,B,SI023,부문별 손익(파생상품)
1834,202103,0011354,하나손해보험주식회사,A,파생상품 관련 손익,-485455000,-485455000,국내일반손보사,B,SI023,부문별 손익(파생상품)
1835,202103,0011354,하나손해보험주식회사,A1,파생상품 관련 이익,1094741000,1094741000,국내일반손보사,B,SI023,부문별 손익(파생상품)
1836,202103,0011354,하나손해보험주식회사,A11,파생상품 관련 이익_파생상품 거래 이익,862540000,862540000,국내일반손보사,B,SI023,부문별 손익(파생상품)
1837,202103,0011354,하나손해보험주식회사,A12,파생상품 관련 이익_파생상품 평가 이익,232201000,232201000,국내일반손보사,B,SI023,부문별 손익(파생상품)
1838,202103,0011354,하나손해보험주식회사,A2,파생상품 관련 손실,1580196000,1580196000,국내일반손보사,B,SI023,부문별 손익(파생상품)
1839,202103,0011354,하나손해보험주식회사,A21,파생상품 관련 손실_파생상품 거래 손실,0,0,국내일반손보사,B,SI023,부문별 손익(파생상품)
1840,202103,0011354,하나손해보험주식회사,A22,파생상품 평가 손실,1580196000,1580196000,국내일반손보사,B,SI023,부문별 손익(파생상품)
1841,202106,0011354,하나손해보험주식회사,A,파생상품 관련 손익,-67561000,-553016000,국내일반손보사,B,SI023,부문별 손익(파생상품)
1842,202106,0011354,하나손해보험주식회사,A1,파생상품 관련 이익,-4136000,1090605000,국내일반손보사,B,SI023,부문별 손익(파생상품)
1843,202106,0011354,하나손해보험주식회사,A11,파생상품 관련 이익_파생상품 거래 이익,2456000,864996000,국내일반손보사,B,SI023,부문별 손익(파생상품)
1844,202106,0011354,하나손해보험주식회사,A12,파생상품 관련 이익_파생상품 평가 이익,-6592000,225609000,국내일반손보사,B,SI023,부문별 손익(파생상품)
1845,202106,0011354,하나손해보험주식회사,A2,파생상품 관련 손실,63425000,1643621000,국내일반손보사,B,SI023,부문별 손익(파생상품)
1846,202106,0011354,하나손해보험주식회사,A21,파생상품 관련 손실_파생상품 거래 손실,146700000,146700000,국내일반손보사,B,SI023,부문별 손익(파생상품)
1847,202106,0011354,하나손해보험주식회사,A22,파생상품 평가 손실,-83275000,1496921000,국내일반손보사,B,SI023,부문별 손익(파생상품)
1848,202109,0011354,하나손해보험주식회사,A,파생상품 관련 손익,-916550000,-1469566000,국내일반손보사,B,SI023,부문별 손익(파생상품)
1849,202109,0011354,하나손해보험주식회사,A1,파생상품 관련 이익,-115694000,974911000,국내일반손보사,B,SI023,부문별 손익(파생상품)
1850,202109,0011354,하나손해보험주식회사,A11,파생상품 관련 이익_파생상품 거래 이익,0,864996000,국내일반손보사,B,SI023,부문별 손익(파생상품)
1851,202109,0011354,하나손해보험주식회사,A12,파생상품 관련 이익_파생상품 평가 이익,-115694000,109915000,국내일반손보사,B,SI023,부문별 손익(파생상품)
1852,202109,0011354,하나손해보험주식회사,A2,파생상품 관련 손실,800856000,2444477000,국내일반손보사,B,SI023,부문별 손익(파생상품)
1853,202109,0011354,하나손해보험주식회사,A21,파생상품 관련 손실_파생상품 거래 손실,25000000,171700000,국내일반손보사,B,SI023,부문별 손익(파생상품)
1854,202109,0011354,하나손해보험주식회사,A22,파생상품 평가 손실,775856000,2272777000,국내일반손보사,B,SI023,부문별 손익(파생상품)
1855,202112,0011354,하나손해보험주식회사,A,파생상품 관련 손익,317053000,-1152513000,국내일반손보사,B,SI023,부문별 손익(파생상품)
1856,202112,0011354,하나손해보험주식회사,A1,파생상품 관련 이익,248822000,1223733000,국내일반손보사,B,SI023,부문별 손익(파생상품)
1857,202112,0011354,하나손해보험주식회사,A11,파생상품 관련 이익_파생상품 거래 이익,0,864996000,국내일반손보사,B,SI023,부문별 손익(파생상품)
1858,202112,0011354,하나손해보험주식회사,A12,파생상품 관련 이익_파생상품 평가 이익,248822000,358737000,국내일반손보사,B,SI023,부문별 손익(파생상품)
1859,202112,0011354,하나손해보험주식회사,A2,파생상품 관련 손실,-68231000,2376246000,국내일반손보사,B,SI023,부문별 손익(파생상품)
1860,202112,0011354,하나손해보험주식회사,A21,파생상품 관련 손실_파생상품 거래 손실,0,171700000,국내일반손보사,B,SI023,부문별 손익(파생상품)
1861,202112,0011354,하나손해보험주식회사,A22,파생상품 평가 손실,-68231000,2204546000,국내일반손보사,B,SI023,부문별 손익(파생상품)
1862,202203,0011354,하나손해보험주식회사,A,파생상품 관련 손익,-438161000,-438161000,국내일반손보사,B,SI023,부문별 손익(파생상품)
1863,202203,0011354,하나손해보험주식회사,A1,파생상품 관련 이익,0,0,국내일반손보사,B,SI023,부문별 손익(파생상품)
1864,202203,0011354,하나손해보험주식회사,A11,파생상품 관련 이익_파생상품 거래 이익,0,0,국내일반손보사,B,SI023,부문별 손익(파생상품)
1865,202203,0011354,하나손해보험주식회사,A12,파생상품 관련 이익_파생상품 평가 이익,0,0,국내일반손보사,B,SI023,부문별 손익(파생상품)
1866,202203,0011354,하나손해보험주식회사,A2,파생상품 관련 손실,438161000,438161000,국내일반손보사,B,SI023,부문별 손익(파생상품)
1867,202203,0011354,하나손해보험주식회사,A21,파생상품 관련 손실_파생상품 거래 손실,113475000,113475000,국내일반손보사,B,SI023,부문별 손익(파생상품)
1868,202203,0011354,하나손해보험주식회사,A22,파생상품 평가 손실,324686000,324686000,국내일반손보사,B,SI023,부문별 손익(파생상품)
1869,202206,0011354,하나손해보험주식회사,A,파생상품 관련 손익,-979357000,-1417518000,국내일반손보사,B,SI023,부문별 손익(파생상품)
1870,202206,0011354,하나손해보험주식회사,A1,파생상품 관련 이익,62549000,62549000,국내일반손보사,B,SI023,부문별 손익(파생상품)
1871,202206,0011354,하나손해보험주식회사,A11,파생상품 관련 이익_파생상품 거래 이익,21113000,21113000,국내일반손보사,B,SI023,부문별 손익(파생상품)
1872,202206,0011354,하나손해보험주식회사,A12,파생상품 관련 이익_파생상품 평가 이익,41436000,41436000,국내일반손보사,B,SI023,부문별 손익(파생상품)
1873,202206,0011354,하나손해보험주식회사,A2,파생상품 관련 손실,1041906000,1480067000,국내일반손보사,B,SI023,부문별 손익(파생상품)
1874,202206,0011354,하나손해보험주식회사,A21,파생상품 관련 손실_파생상품 거래 손실,0,113475000,국내일반손보사,B,SI023,부문별 손익(파생상품)
1875,202206,0011354,하나손해보험주식회사,A22,파생상품 평가 손실,1041906000,1366592000,국내일반손보사,B,SI023,부문별 손익(파생상품)
1876,202209,0011354,하나손해보험주식회사,A,파생상품 관련 손익,-2469828000,-3887346000,국내일반손보사,B,SI023,부문별 손익(파생상품)
1877,202209,0011354,하나손해보험주식회사,A1,파생상품 관련 이익,-41436000,21113000,국내일반손보사,B,SI023,부문별 손익(파생상품)
1878,202209,0011354,하나손해보험주식회사,A11,파생상품 관련 이익_파생상품 거래 이익,0,21113000,국내일반손보사,B,SI023,부문별 손익(파생상품)
1879,202209,0011354,하나손해보험주식회사,A12,파생상품 관련 이익_파생상품 평가 이익,-41436000,0,국내일반손보사,B,SI023,부문별 손익(파생상품)
1880,202209,0011354,하나손해보험주식회사,A2,파생상품 관련 손실,2428392000,3908459000,국내일반손보사,B,SI023,부문별 손익(파생상품)
1881,202209,0011354,하나손해보험주식회사,A21,파생상품 관련 손실_파생상품 거래 손실,169410000,282885000,국내일반손보사,B,SI023,부문별 손익(파생상품)
1882,202209,0011354,하나손해보험주식회사,A22,파생상품 평가 손실,2258982000,3625574000,국내일반손보사,B,SI023,부문별 손익(파생상품)
1883,202212,0011354,하나손해보험주식회사,A,파생상품 관련 손익,2829004000,-1058342000,국내일반손보사,B,SI023,부문별 손익(파생상품)
1884,202212,0011354,하나손해보험주식회사,A1,파생상품 관련 이익,438177000,459290000,국내일반손보사,B,SI023,부문별 손익(파생상품)
1885,202212,0011354,하나손해보험주식회사,A11,파생상품 관련 이익_파생상품 거래 이익,245000000,266113000,국내일반손보사,B,SI023,부문별 손익(파생상품)
1886,202212,0011354,하나손해보험주식회사,A12,파생상품 관련 이익_파생상품 평가 이익,193177000,193177000,국내일반손보사,B,SI023,부문별 손익(파생상품)
1887,202212,0011354,하나손해보험주식회사,A2,파생상품 관련 손실,-2390827000,1517632000,국내일반손보사,B,SI023,부문별 손익(파생상품)
1888,202212,0011354,하나손해보험주식회사,A21,파생상품 관련 손실_파생상품 거래 손실,245500000,528385000,국내일반손보사,B,SI023,부문별 손익(파생상품)
1889,202212,0011354,하나손해보험주식회사,A22,파생상품 평가 손실,-2636327000,989247000,국내일반손보사,B,SI023,부문별 손익(파생상품)
1890,202303,0011354,하나손해보험주식회사,A,파생상품 관련 손익,-1281075000,-1281075000,국내일반손보사,B,SI023,부문별 손익(파생상품)
1891,202303,0011354,하나손해보험주식회사,A1,파생상품 관련 손익_파생상품 관련 이익,0,0,국내일반손보사,B,SI023,부문별 손익(파생상품)
1892,202303,0011354,하나손해보험주식회사,A11,파생상품 거래 이익,0,0,국내일반손보사,B,SI023,부문별 손익(파생상품)
1893,202303,0011354,하나손해보험주식회사,A12,파생상품 평가 이익,0,0,국내일반손보사,B,SI023,부문별 손익(파생상품)
1894,202303,0011354,하나손해보험주식회사,A2,파생상품 관련 손실,1281075000,1281075000,국내일반손보사,B,SI023,부문별 손익(파생상품)
1895,202303,0011354,하나손해보험주식회사,A21,파생상품 거래 손실,454860000,454860000,국내일반손보사,B,SI023,부문별 손익(파생상품)
1896,202303,0011354,하나손해보험주식회사,A22,파생상품 평가 손실,826215000,826215000,국내일반손보사,B,SI023,부문별 손익(파생상품)
1897,202306,0011354,하나손해보험주식회사,A,파생상품 관련 손익,-519977000,-1801052000,국내일반손보사,B,SI023,부문별 손익(파생상품)
1898,202306,0011354,하나손해보험주식회사,A1,파생상품 관련 손익_파생상품 관련 이익,86367000,86367000,국내일반손보사,B,SI023,부문별 손익(파생상품)
1899,202306,0011354,하나손해보험주식회사,A11,파생상품 거래 이익,0,0,국내일반손보사,B,SI023,부문별 손익(파생상품)
1900,202306,0011354,하나손해보험주식회사,A12,파생상품 평가 이익,86367000,86367000,국내일반손보사,B,SI023,부문별 손익(파생상품)
1901,202306,0011354,하나손해보험주식회사,A2,파생상품 관련 손실,606344000,1887419000,국내일반손보사,B,SI023,부문별 손익(파생상품)
1902,202306,0011354,하나손해보험주식회사,A21,파생상품 거래 손실,838208000,1293068000,국내일반손보사,B,SI023,부문별 손익(파생상품)
1903,202306,0011354,하나손해보험주식회사,A22,파생상품 평가 손실,-231864000,594351000,국내일반손보사,B,SI023,부문별 손익(파생상품)
1904,202309,0011354,하나손해보험주식회사,A,파생상품 관련 손익,-396925000,-2197977000,국내일반손보사,B,SI023,부문별 손익(파생상품)
1905,202309,0011354,하나손해보험주식회사,A1,파생상품 관련 손익_파생상품 관련 이익,24466000,110833000,국내일반손보사,B,SI023,부문별 손익(파생상품)
1906,202309,0011354,하나손해보험주식회사,A11,파생상품 거래 이익,0,0,국내일반손보사,B,SI023,부문별 손익(파생상품)
1907,202309,0011354,하나손해보험주식회사,A12,파생상품 평가 이익,24466000,110833000,국내일반손보사,B,SI023,부문별 손익(파생상품)
1908,202309,0011354,하나손해보험주식회사,A2,파생상품 관련 손실,421391000,2308810000,국내일반손보사,B,SI023,부문별 손익(파생상품)
1909,202309,0011354,하나손해보험주식회사,A21,파생상품 거래 손실,0,1293068000,국내일반손보사,B,SI023,부문별 손익(파생상품)
1910,202309,0011354,하나손해보험주식회사,A22,파생상품 평가 손실,421391000,1015742000,국내일반손보사,B,SI023,부문별 손익(파생상품)
1911,202312,0011354,하나손해보험주식회사,A,파생상품 관련 손익,722111000,-1475866000,국내일반손보사,B,SI023,부문별 손익(파생상품)
1912,202312,0011354,하나손해보험주식회사,A1,파생상품 관련 손익_파생상품 관련 이익,135133000,245966000,국내일반손보사,B,SI023,부문별 손익(파생상품)
1913,202312,0011354,하나손해보험주식회사,A11,파생상품 거래 이익,0,0,국내일반손보사,B,SI023,부문별 손익(파생상품)
1914,202312,0011354,하나손해보험주식회사,A12,파생상품 평가 이익,135133000,245966000,국내일반손보사,B,SI023,부문별 손익(파생상품)
1915,202312,0011354,하나손해보험주식회사,A2,파생상품 관련 손실,-586978000,1721832000,국내일반손보사,B,SI023,부문별 손익(파생상품)
1916,202312,0011354,하나손해보험주식회사,A21,파생상품 거래 손실,346850000,1639918000,국내일반손보사,B,SI023,부문별 손익(파생상품)
1917,202312,0011354,하나손해보험주식회사,A22,파생상품 평가 손실,-933828000,81914000,국내일반손보사,B,SI023,부문별 손익(파생상품)
1918,202403,0011354,하나손해보험주식회사,A,파생상품 관련 손익,-2080418000,-2080418000,국내일반손보사,B,SI023,부문별 손익(파생상품)
1919,202403,0011354,하나손해보험주식회사,A1,파생상품 관련 손익_파생상품 관련 이익,170000,170000,국내일반손보사,B,SI023,부문별 손익(파생상품)
1920,202403,0011354,하나손해보험주식회사,A11,파생상품 거래 이익,0,0,국내일반손보사,B,SI023,부문별 손익(파생상품)
1921,202403,0011354,하나손해보험주식회사,A12,파생상품 평가 이익,170000,170000,국내일반손보사,B,SI023,부문별 손익(파생상품)
1922,202403,0011354,하나손해보험주식회사,A2,파생상품 관련 손실,2080588000,2080588000,국내일반손보사,B,SI023,부문별 손익(파생상품)
1923,202403,0011354,하나손해보험주식회사,A21,파생상품 거래 손실,576160000,576160000,국내일반손보사,B,SI023,부문별 손익(파생상품)
1924,202403,0011354,하나손해보험주식회사,A22,파생상품 평가 손실,1504428000,1504428000,국내일반손보사,B,SI023,부문별 손익(파생상품)
1925,202406,0011354,하나손해보험주식회사,A,파생상품 관련 손익,-977857000,-3058275000,국내일반손보사,B,SI023,부문별 손익(파생상품)
1926,202406,0011354,하나손해보험주식회사,A1,파생상품 관련 손익_파생상품 관련 이익,325000,495000,국내일반손보사,B,SI023,부문별 손익(파생상품)
1927,202406,0011354,하나손해보험주식회사,A11,파생상품 거래 이익,0,0,국내일반손보사,B,SI023,부문별 손익(파생상품)
1928,202406,0011354,하나손해보험주식회사,A12,파생상품 평가 이익,325000,495000,국내일반손보사,B,SI023,부문별 손익(파생상품)
1929,202406,0011354,하나손해보험주식회사,A2,파생상품 관련 손실,978182000,3058770000,국내일반손보사,B,SI023,부문별 손익(파생상품)
1930,202406,0011354,하나손해보험주식회사,A21,파생상품 거래 손실,218374000,794534000,국내일반손보사,B,SI023,부문별 손익(파생상품)
1931,202406,0011354,하나손해보험주식회사,A22,파생상품 평가 손실,759808000,2264236000,국내일반손보사,B,SI023,부문별 손익(파생상품)
1932,202409,0011354,하나손해보험주식회사,A,파생상품 관련 손익,1619832000,-1438443000,국내일반손보사,B,SI023,부문별 손익(파생상품)
1933,202409,0011354,하나손해보험주식회사,A1,파생상품 관련 손익_파생상품 관련 이익,385000,880000,국내일반손보사,B,SI023,부문별 손익(파생상품)
1934,202409,0011354,하나손해보험주식회사,A11,파생상품 거래 이익,0,0,국내일반손보사,B,SI023,부문별 손익(파생상품)
1935,202409,0011354,하나손해보험주식회사,A12,파생상품 평가 이익,385000,880000,국내일반손보사,B,SI023,부문별 손익(파생상품)
1936,202409,0011354,하나손해보험주식회사,A2,파생상품 관련 손실,-1619447000,1439323000,국내일반손보사,B,SI023,부문별 손익(파생상품)
1937,202409,0011354,하나손해보험주식회사,A21,파생상품 거래 손실,0,794534000,국내일반손보사,B,SI023,부문별 손익(파생상품)
1938,202409,0011354,하나손해보험주식회사,A22,파생상품 평가 손실,-1619447000,644789000,국내일반손보사,B,SI023,부문별 손익(파생상품)
1939,202412,0011354,하나손해보험주식회사,A,파생상품 관련 손익,-3663577000,-5102020000,국내일반손보사,B,SI023,부문별 손익(파생상품)
1940,202412,0011354,하나손해보험주식회사,A1,파생상품 관련 손익_파생상품 관련 이익,272000,1152000,국내일반손보사,B,SI023,부문별 손익(파생상품)
1941,202412,0011354,하나손해보험주식회사,A11,파생상품 거래 이익,0,0,국내일반손보사,B,SI023,부문별 손익(파생상품)
1942,202412,0011354,하나손해보험주식회사,A12,파생상품 평가 이익,272000,1152000,국내일반손보사,B,SI023,부문별 손익(파생상품)
1943,202412,0011354,하나손해보험주식회사,A2,파생상품 관련 손실,3663849000,5103172000,국내일반손보사,B,SI023,부문별 손익(파생상품)
1944,202412,0011354,하나손해보험주식회사,A21,파생상품 거래 손실,1334261000,2128795000,국내일반손보사,B,SI023,부문별 손익(파생상품)
1945,202412,0011354,하나손해보험주식회사,A22,파생상품 평가 손실,2329588000,2974377000,국내일반손보사,B,SI023,부문별 손익(파생상품)
1946,202503,0011354,하나손해보험주식회사,A,파생상품 관련 손익,-656950000,-656950000,국내일반손보사,B,SI023,부문별 손익(파생상품)
1947,202503,0011354,하나손해보험주식회사,A1,파생상품 관련 손익_파생상품 관련 이익,523989000,523989000,국내일반손보사,B,SI023,부문별 손익(파생상품)
1948,202503,0011354,하나손해보험주식회사,A11,파생상품 거래 이익,523691000,523691000,국내일반손보사,B,SI023,부문별 손익(파생상품)
1949,202503,0011354,하나손해보험주식회사,A12,파생상품 평가 이익,298000,298000,국내일반손보사,B,SI023,부문별 손익(파생상품)
1950,202503,0011354,하나손해보험주식회사,A2,파생상품 관련 손실,1180939000,1180939000,국내일반손보사,B,SI023,부문별 손익(파생상품)
1951,202503,0011354,하나손해보험주식회사,A21,파생상품 거래 손실,0,0,국내일반손보사,B,SI023,부문별 손익(파생상품)
1952,202503,0011354,하나손해보험주식회사,A22,파생상품 평가 손실,1180939000,1180939000,국내일반손보사,B,SI023,부문별 손익(파생상품)
1953,202506,0011354,하나손해보험주식회사,A,파생상품 관련 손익,1560767000,903817000,국내일반손보사,B,SI023,부문별 손익(파생상품)
1954,202506,0011354,하나손해보험주식회사,A1,파생상품 관련 손익_파생상품 관련 이익,1026029000,1550018000,국내일반손보사,B,SI023,부문별 손익(파생상품)
1955,202506,0011354,하나손해보험주식회사,A11,파생상품 거래 이익,82293000,605984000,국내일반손보사,B,SI023,부문별 손익(파생상품)
1956,202506,0011354,하나손해보험주식회사,A12,파생상품 평가 이익,943736000,944034000,국내일반손보사,B,SI023,부문별 손익(파생상품)
1957,202506,0011354,하나손해보험주식회사,A2,파생상품 관련 손실,-534738000,646201000,국내일반손보사,B,SI023,부문별 손익(파생상품)
1958,202506,0011354,하나손해보험주식회사,A21,파생상품 거래 손실,206711000,206711000,국내일반손보사,B,SI023,부문별 손익(파생상품)
1959,202506,0011354,하나손해보험주식회사,A22,파생상품 평가 손실,-741449000,439490000,국내일반손보사,B,SI023,부문별 손익(파생상품)
1960,202509,0011354,하나손해보험주식회사,A,파생상품 관련 손익,-1330792000,-426975000,국내일반손보사,B,SI023,부문별 손익(파생상품)
1961,202509,0011354,하나손해보험주식회사,A1,파생상품 관련 손익_파생상품 관련 이익,-787973000,762045000,국내일반손보사,B,SI023,부문별 손익(파생상품)
1962,202509,0011354,하나손해보험주식회사,A11,파생상품 거래 이익,0,605984000,국내일반손보사,B,SI023,부문별 손익(파생상품)
1963,202509,0011354,하나손해보험주식회사,A12,파생상품 평가 이익,-787973000,156061000,국내일반손보사,B,SI023,부문별 손익(파생상품)
1964,202509,0011354,하나손해보험주식회사,A2,파생상품 관련 손실,542819000,1189020000,국내일반손보사,B,SI023,부문별 손익(파생상품)
1965,202509,0011354,하나손해보험주식회사,A21,파생상품 거래 손실,592313000,799024000,국내일반손보사,B,SI023,부문별 손익(파생상품)
1966,202509,0011354,하나손해보험주식회사,A22,파생상품 평가 손실,-49494000,389996000,국내일반손보사,B,SI023,부문별 손익(파생상품)
1967,201703,0010627,한화손해보험주식회사,A,파생상품 관련 손익,130628291000,130628291000,국내일반손보사,B,SI023,부문별 손익(파생상품)
1968,201703,0010627,한화손해보험주식회사,A1,파생상품 관련 이익,131600823000,131600823000,국내일반손보사,B,SI023,부문별 손익(파생상품)
1969,201703,0010627,한화손해보험주식회사,A11,파생상품 관련 이익_파생상품 거래 이익,15846807000,15846807000,국내일반손보사,B,SI023,부문별 손익(파생상품)
1970,201703,0010627,한화손해보험주식회사,A12,파생상품 관련 이익_파생상품 평가 이익,115754016000,115754016000,국내일반손보사,B,SI023,부문별 손익(파생상품)
1971,201703,0010627,한화손해보험주식회사,A2,파생상품 관련 손실,972532000,972532000,국내일반손보사,B,SI023,부문별 손익(파생상품)
1972,201703,0010627,한화손해보험주식회사,A21,파생상품 관련 손실_파생상품 거래 손실,972532000,972532000,국내일반손보사,B,SI023,부문별 손익(파생상품)
1973,201703,0010627,한화손해보험주식회사,A22,파생상품 평가 손실,0,0,국내일반손보사,B,SI023,부문별 손익(파생상품)
1974,201706,0010627,한화손해보험주식회사,A,파생상품 관련 손익,-36672999000,93955292000,국내일반손보사,B,SI023,부문별 손익(파생상품)
1975,201706,0010627,한화손해보험주식회사,A1,파생상품 관련 이익,-28428049000,103172774000,국내일반손보사,B,SI023,부문별 손익(파생상품)
1976,201706,0010627,한화손해보험주식회사,A11,파생상품 관련 이익_파생상품 거래 이익,23651470000,39498277000,국내일반손보사,B,SI023,부문별 손익(파생상품)
1977,201706,0010627,한화손해보험주식회사,A12,파생상품 관련 이익_파생상품 평가 이익,-52079519000,63674497000,국내일반손보사,B,SI023,부문별 손익(파생상품)
1978,201706,0010627,한화손해보험주식회사,A2,파생상품 관련 손실,8244950000,9217482000,국내일반손보사,B,SI023,부문별 손익(파생상품)
1979,201706,0010627,한화손해보험주식회사,A21,파생상품 관련 손실_파생상품 거래 손실,0,972532000,국내일반손보사,B,SI023,부문별 손익(파생상품)
1980,201706,0010627,한화손해보험주식회사,A22,파생상품 평가 손실,8244950000,8244950000,국내일반손보사,B,SI023,부문별 손익(파생상품)
1981,201709,0010627,한화손해보험주식회사,A,파생상품 관련 손익,-14286621000,79668671000,국내일반손보사,B,SI023,부문별 손익(파생상품)
1982,201709,0010627,한화손해보험주식회사,A1,파생상품 관련 이익,-2587252000,100585522000,국내일반손보사,B,SI023,부문별 손익(파생상품)
1983,201709,0010627,한화손해보험주식회사,A11,파생상품 관련 이익_파생상품 거래 이익,27991812000,67490089000,국내일반손보사,B,SI023,부문별 손익(파생상품)
1984,201709,0010627,한화손해보험주식회사,A12,파생상품 관련 이익_파생상품 평가 이익,-30579064000,33095433000,국내일반손보사,B,SI023,부문별 손익(파생상품)
1985,201709,0010627,한화손해보험주식회사,A2,파생상품 관련 손실,11699369000,20916851000,국내일반손보사,B,SI023,부문별 손익(파생상품)
1986,201709,0010627,한화손해보험주식회사,A21,파생상품 관련 손실_파생상품 거래 손실,167641000,1140173000,국내일반손보사,B,SI023,부문별 손익(파생상품)
1987,201709,0010627,한화손해보험주식회사,A22,파생상품 평가 손실,11531728000,19776678000,국내일반손보사,B,SI023,부문별 손익(파생상품)
1988,201712,0010627,한화손해보험주식회사,A,파생상품 관련 손익,109968829000,189637500000,국내일반손보사,B,SI023,부문별 손익(파생상품)
1989,201712,0010627,한화손해보험주식회사,A1,파생상품 관련 이익,92516331000,193101853000,국내일반손보사,B,SI023,부문별 손익(파생상품)
1990,201712,0010627,한화손해보험주식회사,A11,파생상품 관련 이익_파생상품 거래 이익,24156754000,91646843000,국내일반손보사,B,SI023,부문별 손익(파생상품)
1991,201712,0010627,한화손해보험주식회사,A12,파생상품 관련 이익_파생상품 평가 이익,68359577000,101455010000,국내일반손보사,B,SI023,부문별 손익(파생상품)
1992,201712,0010627,한화손해보험주식회사,A2,파생상품 관련 손실,-17452498000,3464353000,국내일반손보사,B,SI023,부문별 손익(파생상품)
1993,201712,0010627,한화손해보험주식회사,A21,파생상품 관련 손실_파생상품 거래 손실,335553000,1475726000,국내일반손보사,B,SI023,부문별 손익(파생상품)
1994,201712,0010627,한화손해보험주식회사,A22,파생상품 평가 손실,-17788051000,1988627000,국내일반손보사,B,SI023,부문별 손익(파생상품)
1995,201803,0010627,한화손해보험주식회사,A,파생상품 관련 손익,7792228000,7792228000,국내일반손보사,B,SI023,부문별 손익(파생상품)
1996,201803,0010627,한화손해보험주식회사,A1,파생상품 관련 이익,12125402000,12125402000,국내일반손보사,B,SI023,부문별 손익(파생상품)
1997,201803,0010627,한화손해보험주식회사,A11,파생상품 관련 이익_파생상품 거래 이익,960442000,960442000,국내일반손보사,B,SI023,부문별 손익(파생상품)
1998,201803,0010627,한화손해보험주식회사,A12,파생상품 관련 이익_파생상품 평가 이익,11164960000,11164960000,국내일반손보사,B,SI023,부문별 손익(파생상품)
1999,201803,0010627,한화손해보험주식회사,A2,파생상품 관련 손실,4333174000,4333174000,국내일반손보사,B,SI023,부문별 손익(파생상품)
2000,201803,0010627,한화손해보험주식회사,A21,파생상품 관련 손실_파생상품 거래 손실,4275288000,4275288000,국내일반손보사,B,SI023,부문별 손익(파생상품)
2001,201803,0010627,한화손해보험주식회사,A22,파생상품 평가 손실,57886000,57886000,국내일반손보사,B,SI023,부문별 손익(파생상품)
2002,201806,0010627,한화손해보험주식회사,A,파생상품 관련 손익,-79547558000,-71755330000,국내일반손보사,B,SI023,부문별 손익(파생상품)
2003,201806,0010627,한화손해보험주식회사,A1,파생상품 관련 이익,-7978207000,4147195000,국내일반손보사,B,SI023,부문별 손익(파생상품)
2004,201806,0010627,한화손해보험주식회사,A11,파생상품 관련 이익_파생상품 거래 이익,1650970000,2611412000,국내일반손보사,B,SI023,부문별 손익(파생상품)
2005,201806,0010627,한화손해보험주식회사,A12,파생상품 관련 이익_파생상품 평가 이익,-9629177000,1535783000,국내일반손보사,B,SI023,부문별 손익(파생상품)
2006,201806,0010627,한화손해보험주식회사,A2,파생상품 관련 손실,71569351000,75902525000,국내일반손보사,B,SI023,부문별 손익(파생상품)
2007,201806,0010627,한화손해보험주식회사,A21,파생상품 관련 손실_파생상품 거래 손실,3859985000,8135273000,국내일반손보사,B,SI023,부문별 손익(파생상품)
2008,201806,0010627,한화손해보험주식회사,A22,파생상품 평가 손실,67709366000,67767252000,국내일반손보사,B,SI023,부문별 손익(파생상품)
2009,201809,0010627,한화손해보험주식회사,A,파생상품 관련 손익,11025350000,-60729980000,국내일반손보사,B,SI023,부문별 손익(파생상품)
2010,201809,0010627,한화손해보험주식회사,A1,파생상품 관련 이익,6500035000,10647230000,국내일반손보사,B,SI023,부문별 손익(파생상품)
2011,201809,0010627,한화손해보험주식회사,A11,파생상품 관련 이익_파생상품 거래 이익,473762000,3085174000,국내일반손보사,B,SI023,부문별 손익(파생상품)
2012,201809,0010627,한화손해보험주식회사,A12,파생상품 관련 이익_파생상품 평가 이익,6026273000,7562056000,국내일반손보사,B,SI023,부문별 손익(파생상품)
2013,201809,0010627,한화손해보험주식회사,A2,파생상품 관련 손실,-4525315000,71377210000,국내일반손보사,B,SI023,부문별 손익(파생상품)
2014,201809,0010627,한화손해보험주식회사,A21,파생상품 관련 손실_파생상품 거래 손실,23189093000,31324366000,국내일반손보사,B,SI023,부문별 손익(파생상품)
2015,201809,0010627,한화손해보험주식회사,A22,파생상품 평가 손실,-27714408000,40052844000,국내일반손보사,B,SI023,부문별 손익(파생상품)
2016,201812,0010627,한화손해보험주식회사,A,파생상품 관련 손익,174150000,-60555830000,국내일반손보사,B,SI023,부문별 손익(파생상품)
2017,201812,0010627,한화손해보험주식회사,A1,파생상품 관련 이익,9378985000,20026215000,국내일반손보사,B,SI023,부문별 손익(파생상품)
2018,201812,0010627,한화손해보험주식회사,A11,파생상품 관련 이익_파생상품 거래 이익,91283000,3176457000,국내일반손보사,B,SI023,부문별 손익(파생상품)
2019,201812,0010627,한화손해보험주식회사,A12,파생상품 관련 이익_파생상품 평가 이익,9287702000,16849758000,국내일반손보사,B,SI023,부문별 손익(파생상품)
2020,201812,0010627,한화손해보험주식회사,A2,파생상품 관련 손실,9204835000,80582045000,국내일반손보사,B,SI023,부문별 손익(파생상품)
2021,201812,0010627,한화손해보험주식회사,A21,파생상품 관련 손실_파생상품 거래 손실,11485991000,42810357000,국내일반손보사,B,SI023,부문별 손익(파생상품)
2022,201812,0010627,한화손해보험주식회사,A22,파생상품 평가 손실,-2281156000,37771688000,국내일반손보사,B,SI023,부문별 손익(파생상품)
2023,201903,0010627,한화손해보험주식회사,A,파생상품 관련 손익,-33429116000,-33429116000,국내일반손보사,B,SI023,부문별 손익(파생상품)
2024,201903,0010627,한화손해보험주식회사,A1,파생상품 관련 이익,2323468000,2323468000,국내일반손보사,B,SI023,부문별 손익(파생상품)
2025,201903,0010627,한화손해보험주식회사,A11,파생상품 관련 이익_파생상품 거래 이익,1066059000,1066059000,국내일반손보사,B,SI023,부문별 손익(파생상품)
2026,201903,0010627,한화손해보험주식회사,A12,파생상품 관련 이익_파생상품 평가 이익,1257409000,1257409000,국내일반손보사,B,SI023,부문별 손익(파생상품)
2027,201903,0010627,한화손해보험주식회사,A2,파생상품 관련 손실,35752584000,35752584000,국내일반손보사,B,SI023,부문별 손익(파생상품)
2028,201903,0010627,한화손해보험주식회사,A21,파생상품 관련 손실_파생상품 거래 손실,7701828000,7701828000,국내일반손보사,B,SI023,부문별 손익(파생상품)
2029,201903,0010627,한화손해보험주식회사,A22,파생상품 평가 손실,28050756000,28050756000,국내일반손보사,B,SI023,부문별 손익(파생상품)
2030,201906,0010627,한화손해보험주식회사,A,파생상품 관련 손익,-54747909000,-88177025000,국내일반손보사,B,SI023,부문별 손익(파생상품)
2031,201906,0010627,한화손해보험주식회사,A1,파생상품 관련 이익,8070762000,10394230000,국내일반손보사,B,SI023,부문별 손익(파생상품)
2032,201906,0010627,한화손해보험주식회사,A11,파생상품 관련 이익_파생상품 거래 이익,1798516000,2864575000,국내일반손보사,B,SI023,부문별 손익(파생상품)
2033,201906,0010627,한화손해보험주식회사,A12,파생상품 관련 이익_파생상품 평가 이익,6272246000,7529655000,국내일반손보사,B,SI023,부문별 손익(파생상품)
2034,201906,0010627,한화손해보험주식회사,A2,파생상품 관련 손실,62818671000,98571255000,국내일반손보사,B,SI023,부문별 손익(파생상품)
2035,201906,0010627,한화손해보험주식회사,A21,파생상품 관련 손실_파생상품 거래 손실,28750755000,36452583000,국내일반손보사,B,SI023,부문별 손익(파생상품)
2036,201906,0010627,한화손해보험주식회사,A22,파생상품 평가 손실,34067916000,62118672000,국내일반손보사,B,SI023,부문별 손익(파생상품)
2037,201909,0010627,한화손해보험주식회사,A,파생상품 관련 손익,-67374009000,-155551034000,국내일반손보사,B,SI023,부문별 손익(파생상품)
2038,201909,0010627,한화손해보험주식회사,A1,파생상품 관련 이익,3962439000,14356669000,국내일반손보사,B,SI023,부문별 손익(파생상품)
2039,201909,0010627,한화손해보험주식회사,A11,파생상품 관련 이익_파생상품 거래 이익,2300347000,5164922000,국내일반손보사,B,SI023,부문별 손익(파생상품)
2040,201909,0010627,한화손해보험주식회사,A12,파생상품 관련 이익_파생상품 평가 이익,1662092000,9191747000,국내일반손보사,B,SI023,부문별 손익(파생상품)
2041,201909,0010627,한화손해보험주식회사,A2,파생상품 관련 손실,71336448000,169907703000,국내일반손보사,B,SI023,부문별 손익(파생상품)
2042,201909,0010627,한화손해보험주식회사,A21,파생상품 관련 손실_파생상품 거래 손실,43821055000,80273638000,국내일반손보사,B,SI023,부문별 손익(파생상품)
2043,201909,0010627,한화손해보험주식회사,A22,파생상품 평가 손실,27515393000,89634065000,국내일반손보사,B,SI023,부문별 손익(파생상품)
2044,201912,0010627,한화손해보험주식회사,A,파생상품 관련 손익,72723881000,-82827153000,국내일반손보사,B,SI023,부문별 손익(파생상품)
2045,201912,0010627,한화손해보험주식회사,A1,파생상품 관련 이익,33243751000,47600420000,국내일반손보사,B,SI023,부문별 손익(파생상품)
2046,201912,0010627,한화손해보험주식회사,A11,파생상품 관련 이익_파생상품 거래 이익,5263965000,10428887000,국내일반손보사,B,SI023,부문별 손익(파생상품)
2047,201912,0010627,한화손해보험주식회사,A12,파생상품 관련 이익_파생상품 평가 이익,27979786000,37171533000,국내일반손보사,B,SI023,부문별 손익(파생상품)
2048,201912,0010627,한화손해보험주식회사,A2,파생상품 관련 손실,-39480130000,130427573000,국내일반손보사,B,SI023,부문별 손익(파생상품)
2049,201912,0010627,한화손해보험주식회사,A21,파생상품 관련 손실_파생상품 거래 손실,20525126000,100798764000,국내일반손보사,B,SI023,부문별 손익(파생상품)
2050,201912,0010627,한화손해보험주식회사,A22,파생상품 평가 손실,-60005256000,29628809000,국내일반손보사,B,SI023,부문별 손익(파생상품)
2051,202003,0010627,한화손해보험주식회사,A,파생상품 관련 손익,-122170533000,-122170533000,국내일반손보사,B,SI023,부문별 손익(파생상품)
2052,202003,0010627,한화손해보험주식회사,A1,파생상품 관련 이익,9390168000,9390168000,국내일반손보사,B,SI023,부문별 손익(파생상품)
2053,202003,0010627,한화손해보험주식회사,A11,파생상품 관련 이익_파생상품 거래 이익,1654481000,1654481000,국내일반손보사,B,SI023,부문별 손익(파생상품)
2054,202003,0010627,한화손해보험주식회사,A12,파생상품 관련 이익_파생상품 평가 이익,7735687000,7735687000,국내일반손보사,B,SI023,부문별 손익(파생상품)
2055,202003,0010627,한화손해보험주식회사,A2,파생상품 관련 손실,131560701000,131560701000,국내일반손보사,B,SI023,부문별 손익(파생상품)
2056,202003,0010627,한화손해보험주식회사,A21,파생상품 관련 손실_파생상품 거래 손실,18918937000,18918937000,국내일반손보사,B,SI023,부문별 손익(파생상품)
2057,202003,0010627,한화손해보험주식회사,A22,파생상품 평가 손실,112641764000,112641764000,국내일반손보사,B,SI023,부문별 손익(파생상품)
2058,202006,0010627,한화손해보험주식회사,A,파생상품 관련 손익,14197717000,-107972816000,국내일반손보사,B,SI023,부문별 손익(파생상품)
2059,202006,0010627,한화손해보험주식회사,A1,파생상품 관련 이익,6001461000,15391629000,국내일반손보사,B,SI023,부문별 손익(파생상품)
2060,202006,0010627,한화손해보험주식회사,A11,파생상품 관련 이익_파생상품 거래 이익,4018399000,5672880000,국내일반손보사,B,SI023,부문별 손익(파생상품)
2061,202006,0010627,한화손해보험주식회사,A12,파생상품 관련 이익_파생상품 평가 이익,1983062000,9718749000,국내일반손보사,B,SI023,부문별 손익(파생상품)
2062,202006,0010627,한화손해보험주식회사,A2,파생상품 관련 손실,-8196256000,123364445000,국내일반손보사,B,SI023,부문별 손익(파생상품)
2063,202006,0010627,한화손해보험주식회사,A21,파생상품 관련 손실_파생상품 거래 손실,30712144000,49631081000,국내일반손보사,B,SI023,부문별 손익(파생상품)
2064,202006,0010627,한화손해보험주식회사,A22,파생상품 평가 손실,-38908400000,73733364000,국내일반손보사,B,SI023,부문별 손익(파생상품)
2065,202009,0010627,한화손해보험주식회사,A,파생상품 관련 손익,14753255000,-93219561000,국내일반손보사,B,SI023,부문별 손익(파생상품)
2066,202009,0010627,한화손해보험주식회사,A1,파생상품 관련 이익,16961059000,32352688000,국내일반손보사,B,SI023,부문별 손익(파생상품)
2067,202009,0010627,한화손해보험주식회사,A11,파생상품 관련 이익_파생상품 거래 이익,4848472000,10521352000,국내일반손보사,B,SI023,부문별 손익(파생상품)
2068,202009,0010627,한화손해보험주식회사,A12,파생상품 관련 이익_파생상품 평가 이익,12112587000,21831336000,국내일반손보사,B,SI023,부문별 손익(파생상품)
2069,202009,0010627,한화손해보험주식회사,A2,파생상품 관련 손실,2207804000,125572249000,국내일반손보사,B,SI023,부문별 손익(파생상품)
2070,202009,0010627,한화손해보험주식회사,A21,파생상품 관련 손실_파생상품 거래 손실,19613085000,69244166000,국내일반손보사,B,SI023,부문별 손익(파생상품)
2071,202009,0010627,한화손해보험주식회사,A22,파생상품 평가 손실,-17405281000,56328083000,국내일반손보사,B,SI023,부문별 손익(파생상품)
2072,202012,0010627,한화손해보험주식회사,A,파생상품 관련 손익,114512222000,21292661000,국내일반손보사,B,SI023,부문별 손익(파생상품)
2073,202012,0010627,한화손해보험주식회사,A1,파생상품 관련 이익,75512630000,107865318000,국내일반손보사,B,SI023,부문별 손익(파생상품)
2074,202012,0010627,한화손해보험주식회사,A11,파생상품 관련 이익_파생상품 거래 이익,19020946000,29542298000,국내일반손보사,B,SI023,부문별 손익(파생상품)
2075,202012,0010627,한화손해보험주식회사,A12,파생상품 관련 이익_파생상품 평가 이익,56491684000,78323020000,국내일반손보사,B,SI023,부문별 손익(파생상품)
2076,202012,0010627,한화손해보험주식회사,A2,파생상품 관련 손실,-38999592000,86572657000,국내일반손보사,B,SI023,부문별 손익(파생상품)
2077,202012,0010627,한화손해보험주식회사,A21,파생상품 관련 손실_파생상품 거래 손실,3565739000,72809905000,국내일반손보사,B,SI023,부문별 손익(파생상품)
2078,202012,0010627,한화손해보험주식회사,A22,파생상품 평가 손실,-42565331000,13762752000,국내일반손보사,B,SI023,부문별 손익(파생상품)
2079,202103,0010627,한화손해보험주식회사,A,파생상품 관련 손익,-51526099000,-51526099000,국내일반손보사,B,SI023,부문별 손익(파생상품)
2080,202103,0010627,한화손해보험주식회사,A1,파생상품 관련 이익,9254216000,9254216000,국내일반손보사,B,SI023,부문별 손익(파생상품)
2081,202103,0010627,한화손해보험주식회사,A11,파생상품 관련 이익_파생상품 거래 이익,1278786000,1278786000,국내일반손보사,B,SI023,부문별 손익(파생상품)
2082,202103,0010627,한화손해보험주식회사,A12,파생상품 관련 이익_파생상품 평가 이익,7975430000,7975430000,국내일반손보사,B,SI023,부문별 손익(파생상품)
2083,202103,0010627,한화손해보험주식회사,A2,파생상품 관련 손실,60780315000,60780315000,국내일반손보사,B,SI023,부문별 손익(파생상품)
2084,202103,0010627,한화손해보험주식회사,A21,파생상품 관련 손실_파생상품 거래 손실,14123452000,14123452000,국내일반손보사,B,SI023,부문별 손익(파생상품)
2085,202103,0010627,한화손해보험주식회사,A22,파생상품 평가 손실,46656863000,46656863000,국내일반손보사,B,SI023,부문별 손익(파생상품)
2086,202106,0010627,한화손해보험주식회사,A,파생상품 관련 손익,-8536015000,-60062114000,국내일반손보사,B,SI023,부문별 손익(파생상품)
2087,202106,0010627,한화손해보험주식회사,A1,파생상품 관련 이익,-1400148000,7854068000,국내일반손보사,B,SI023,부문별 손익(파생상품)
2088,202106,0010627,한화손해보험주식회사,A11,파생상품 관련 이익_파생상품 거래 이익,3111322000,4390108000,국내일반손보사,B,SI023,부문별 손익(파생상품)
2089,202106,0010627,한화손해보험주식회사,A12,파생상품 관련 이익_파생상품 평가 이익,-4511470000,3463960000,국내일반손보사,B,SI023,부문별 손익(파생상품)
2090,202106,0010627,한화손해보험주식회사,A2,파생상품 관련 손실,7135867000,67916182000,국내일반손보사,B,SI023,부문별 손익(파생상품)
2091,202106,0010627,한화손해보험주식회사,A21,파생상품 관련 손실_파생상품 거래 손실,16775248000,30898700000,국내일반손보사,B,SI023,부문별 손익(파생상품)
2092,202106,0010627,한화손해보험주식회사,A22,파생상품 평가 손실,-9639381000,37017482000,국내일반손보사,B,SI023,부문별 손익(파생상품)
2093,202109,0010627,한화손해보험주식회사,A,파생상품 관련 손익,-67646708000,-127708822000,국내일반손보사,B,SI023,부문별 손익(파생상품)
2094,202109,0010627,한화손해보험주식회사,A1,파생상품 관련 이익,399824000,8253892000,국내일반손보사,B,SI023,부문별 손익(파생상품)
2095,202109,0010627,한화손해보험주식회사,A11,파생상품 관련 이익_파생상품 거래 이익,2848459000,7238567000,국내일반손보사,B,SI023,부문별 손익(파생상품)
2096,202109,0010627,한화손해보험주식회사,A12,파생상품 관련 이익_파생상품 평가 이익,-2448635000,1015325000,국내일반손보사,B,SI023,부문별 손익(파생상품)
2097,202109,0010627,한화손해보험주식회사,A2,파생상품 관련 손실,68046532000,135962714000,국내일반손보사,B,SI023,부문별 손익(파생상품)
2098,202109,0010627,한화손해보험주식회사,A21,파생상품 관련 손실_파생상품 거래 손실,16021116000,46919816000,국내일반손보사,B,SI023,부문별 손익(파생상품)
2099,202109,0010627,한화손해보험주식회사,A22,파생상품 평가 손실,52025416000,89042898000,국내일반손보사,B,SI023,부문별 손익(파생상품)
2100,202112,0010627,한화손해보험주식회사,A,파생상품 관련 손익,16888988000,-110819834000,국내일반손보사,B,SI023,부문별 손익(파생상품)
2101,202112,0010627,한화손해보험주식회사,A1,파생상품 관련 이익,8623695000,16877587000,국내일반손보사,B,SI023,부문별 손익(파생상품)
2102,202112,0010627,한화손해보험주식회사,A11,파생상품 관련 이익_파생상품 거래 이익,2915948000,10154515000,국내일반손보사,B,SI023,부문별 손익(파생상품)
2103,202112,0010627,한화손해보험주식회사,A12,파생상품 관련 이익_파생상품 평가 이익,5707747000,6723072000,국내일반손보사,B,SI023,부문별 손익(파생상품)
2104,202112,0010627,한화손해보험주식회사,A2,파생상품 관련 손실,-8265293000,127697421000,국내일반손보사,B,SI023,부문별 손익(파생상품)
2105,202112,0010627,한화손해보험주식회사,A21,파생상품 관련 손실_파생상품 거래 손실,7055650000,53975466000,국내일반손보사,B,SI023,부문별 손익(파생상품)
2106,202112,0010627,한화손해보험주식회사,A22,파생상품 평가 손실,-15320943000,73721955000,국내일반손보사,B,SI023,부문별 손익(파생상품)
2107,202203,0010627,한화손해보험주식회사,A,파생상품 관련 손익,-35880976000,-35880976000,국내일반손보사,B,SI023,부문별 손익(파생상품)
2108,202203,0010627,한화손해보험주식회사,A1,파생상품 관련 이익,3239471000,3239471000,국내일반손보사,B,SI023,부문별 손익(파생상품)
2109,202203,0010627,한화손해보험주식회사,A11,파생상품 관련 이익_파생상품 거래 이익,907620000,907620000,국내일반손보사,B,SI023,부문별 손익(파생상품)
2110,202203,0010627,한화손해보험주식회사,A12,파생상품 관련 이익_파생상품 평가 이익,2331851000,2331851000,국내일반손보사,B,SI023,부문별 손익(파생상품)
2111,202203,0010627,한화손해보험주식회사,A2,파생상품 관련 손실,39120447000,39120447000,국내일반손보사,B,SI023,부문별 손익(파생상품)
2112,202203,0010627,한화손해보험주식회사,A21,파생상품 관련 손실_파생상품 거래 손실,8801239000,8801239000,국내일반손보사,B,SI023,부문별 손익(파생상품)
2113,202203,0010627,한화손해보험주식회사,A22,파생상품 평가 손실,30319208000,30319208000,국내일반손보사,B,SI023,부문별 손익(파생상품)
2114,202206,0010627,한화손해보험주식회사,A,파생상품 관련 손익,-102913505000,-135036503000,국내일반손보사,B,SI023,부문별 손익(파생상품)
2115,202206,0010627,한화손해보험주식회사,A1,파생상품 관련 이익,-155581000,2314348000,국내일반손보사,B,SI023,부문별 손익(파생상품)
2116,202206,0010627,한화손해보험주식회사,A11,파생상품 관련 이익_파생상품 거래 이익,151149000,2250732000,국내일반손보사,B,SI023,부문별 손익(파생상품)
2117,202206,0010627,한화손해보험주식회사,A12,파생상품 관련 이익_파생상품 평가 이익,-306730000,63616000,국내일반손보사,B,SI023,부문별 손익(파생상품)
2118,202206,0010627,한화손해보험주식회사,A2,파생상품 관련 손실,102757924000,137350851000,국내일반손보사,B,SI023,부문별 손익(파생상품)
2119,202206,0010627,한화손해보험주식회사,A21,파생상품 관련 손실_파생상품 거래 손실,19841755000,24266544000,국내일반손보사,B,SI023,부문별 손익(파생상품)
2120,202206,0010627,한화손해보험주식회사,A22,파생상품 평가 손실,82916169000,113084307000,국내일반손보사,B,SI023,부문별 손익(파생상품)
2121,202209,0010627,한화손해보험주식회사,A,파생상품 관련 손익,-137889574000,-239052571000,국내일반손보사,B,SI023,부문별 손익(파생상품)
2122,202209,0010627,한화손해보험주식회사,A1,파생상품 관련 이익,12964547000,18503814000,국내일반손보사,B,SI023,부문별 손익(파생상품)
2123,202209,0010627,한화손해보험주식회사,A11,파생상품 관련 이익_파생상품 거래 이익,14436028000,18300349000,국내일반손보사,B,SI023,부문별 손익(파생상품)
2124,202209,0010627,한화손해보험주식회사,A12,파생상품 관련 이익_파생상품 평가 이익,-1471481000,203465000,국내일반손보사,B,SI023,부문별 손익(파생상품)
2125,202209,0010627,한화손해보험주식회사,A2,파생상품 관련 손실,150854121000,257556385000,국내일반손보사,B,SI023,부문별 손익(파생상품)
2126,202209,0010627,한화손해보험주식회사,A21,파생상품 관련 손실_파생상품 거래 손실,30526835000,55114309000,국내일반손보사,B,SI023,부문별 손익(파생상품)
2127,202209,0010627,한화손해보험주식회사,A22,파생상품 평가 손실,120327286000,202442076000,국내일반손보사,B,SI023,부문별 손익(파생상품)
2128,202212,0010627,한화손해보험주식회사,A,파생상품 관련 손익,169979389000,-69073182000,국내일반손보사,B,SI023,부문별 손익(파생상품)
2129,202212,0010627,한화손해보험주식회사,A1,파생상품 관련 이익,31423096000,49926910000,국내일반손보사,B,SI023,부문별 손익(파생상품)
2130,202212,0010627,한화손해보험주식회사,A11,파생상품 관련 이익_파생상품 거래 이익,7592260000,25892609000,국내일반손보사,B,SI023,부문별 손익(파생상품)
2131,202212,0010627,한화손해보험주식회사,A12,파생상품 관련 이익_파생상품 평가 이익,23830836000,24034301000,국내일반손보사,B,SI023,부문별 손익(파생상품)
2132,202212,0010627,한화손해보험주식회사,A2,파생상품 관련 손실,-138556293000,119000092000,국내일반손보사,B,SI023,부문별 손익(파생상품)
2133,202212,0010627,한화손해보험주식회사,A21,파생상품 관련 손실_파생상품 거래 손실,24369264000,79483573000,국내일반손보사,B,SI023,부문별 손익(파생상품)
2134,202212,0010627,한화손해보험주식회사,A22,파생상품 평가 손실,-162925557000,39516519000,국내일반손보사,B,SI023,부문별 손익(파생상품)
2135,202303,0010627,한화손해보험주식회사,A,파생상품 관련 손익,-68502698000,-68502698000,국내일반손보사,B,SI023,부문별 손익(파생상품)
2136,202303,0010627,한화손해보험주식회사,A1,파생상품 관련 손익_파생상품 관련 이익,5428134000,5428134000,국내일반손보사,B,SI023,부문별 손익(파생상품)
2137,202303,0010627,한화손해보험주식회사,A11,파생상품 거래 이익,4352377000,4352377000,국내일반손보사,B,SI023,부문별 손익(파생상품)
2138,202303,0010627,한화손해보험주식회사,A12,파생상품 평가 이익,1075757000,1075757000,국내일반손보사,B,SI023,부문별 손익(파생상품)
2139,202303,0010627,한화손해보험주식회사,A2,파생상품 관련 손실,73930832000,73930832000,국내일반손보사,B,SI023,부문별 손익(파생상품)
2140,202303,0010627,한화손해보험주식회사,A21,파생상품 거래 손실,5130236000,5130236000,국내일반손보사,B,SI023,부문별 손익(파생상품)
2141,202303,0010627,한화손해보험주식회사,A22,파생상품 평가 손실,68800596000,68800596000,국내일반손보사,B,SI023,부문별 손익(파생상품)
2142,202306,0010627,한화손해보험주식회사,A,파생상품 관련 손익,-13836130000,-82338828000,국내일반손보사,B,SI023,부문별 손익(파생상품)
2143,202306,0010627,한화손해보험주식회사,A1,파생상품 관련 손익_파생상품 관련 이익,4546109000,9974243000,국내일반손보사,B,SI023,부문별 손익(파생상품)
2144,202306,0010627,한화손해보험주식회사,A11,파생상품 거래 이익,2359327000,6711704000,국내일반손보사,B,SI023,부문별 손익(파생상품)
2145,202306,0010627,한화손해보험주식회사,A12,파생상품 평가 이익,2186782000,3262539000,국내일반손보사,B,SI023,부문별 손익(파생상품)
2146,202306,0010627,한화손해보험주식회사,A2,파생상품 관련 손실,18382239000,92313071000,국내일반손보사,B,SI023,부문별 손익(파생상품)
2147,202306,0010627,한화손해보험주식회사,A21,파생상품 거래 손실,23494133000,28624369000,국내일반손보사,B,SI023,부문별 손익(파생상품)
2148,202306,0010627,한화손해보험주식회사,A22,파생상품 평가 손실,-5111894000,63688702000,국내일반손보사,B,SI023,부문별 손익(파생상품)
2149,202309,0010627,한화손해보험주식회사,A,파생상품 관련 손익,-23683411000,-106022239000,국내일반손보사,B,SI023,부문별 손익(파생상품)
2150,202309,0010627,한화손해보험주식회사,A1,파생상품 관련 손익_파생상품 관련 이익,2205509000,12179752000,국내일반손보사,B,SI023,부문별 손익(파생상품)
2151,202309,0010627,한화손해보험주식회사,A11,파생상품 거래 이익,4294322000,11006026000,국내일반손보사,B,SI023,부문별 손익(파생상품)
2152,202309,0010627,한화손해보험주식회사,A12,파생상품 평가 이익,-2088813000,1173726000,국내일반손보사,B,SI023,부문별 손익(파생상품)
2153,202309,0010627,한화손해보험주식회사,A2,파생상품 관련 손실,25888920000,118201991000,국내일반손보사,B,SI023,부문별 손익(파생상품)
2154,202309,0010627,한화손해보험주식회사,A21,파생상품 거래 손실,7002497000,35626866000,국내일반손보사,B,SI023,부문별 손익(파생상품)
2155,202309,0010627,한화손해보험주식회사,A22,파생상품 평가 손실,18886423000,82575125000,국내일반손보사,B,SI023,부문별 손익(파생상품)
2156,202312,0010627,한화손해보험주식회사,A,파생상품 관련 손익,33087648000,-72934591000,국내일반손보사,B,SI023,부문별 손익(파생상품)
2157,202312,0010627,한화손해보험주식회사,A1,파생상품 관련 손익_파생상품 관련 이익,13798121000,25977873000,국내일반손보사,B,SI023,부문별 손익(파생상품)
2158,202312,0010627,한화손해보험주식회사,A11,파생상품 거래 이익,4788274000,15794300000,국내일반손보사,B,SI023,부문별 손익(파생상품)
2159,202312,0010627,한화손해보험주식회사,A12,파생상품 평가 이익,9009847000,10183573000,국내일반손보사,B,SI023,부문별 손익(파생상품)
2160,202312,0010627,한화손해보험주식회사,A2,파생상품 관련 손실,-19289527000,98912464000,국내일반손보사,B,SI023,부문별 손익(파생상품)
2161,202312,0010627,한화손해보험주식회사,A21,파생상품 거래 손실,18479490000,54106356000,국내일반손보사,B,SI023,부문별 손익(파생상품)
2162,202312,0010627,한화손해보험주식회사,A22,파생상품 평가 손실,-37769017000,44806108000,국내일반손보사,B,SI023,부문별 손익(파생상품)
2163,202403,0010627,한화손해보험주식회사,A,파생상품 관련 손익,-63069674307,-63069674307,국내일반손보사,B,SI023,부문별 손익(파생상품)
2164,202403,0010627,한화손해보험주식회사,A1,파생상품 관련 손익_파생상품 관련 이익,1364721159,1364721159,국내일반손보사,B,SI023,부문별 손익(파생상품)
2165,202403,0010627,한화손해보험주식회사,A11,파생상품 거래 이익,902548610,902548610,국내일반손보사,B,SI023,부문별 손익(파생상품)
2166,202403,0010627,한화손해보험주식회사,A12,파생상품 평가 이익,462172549,462172549,국내일반손보사,B,SI023,부문별 손익(파생상품)
2167,202403,0010627,한화손해보험주식회사,A2,파생상품 관련 손실,64434395466,64434395466,국내일반손보사,B,SI023,부문별 손익(파생상품)
2168,202403,0010627,한화손해보험주식회사,A21,파생상품 거래 손실,9467757105,9467757105,국내일반손보사,B,SI023,부문별 손익(파생상품)
2169,202403,0010627,한화손해보험주식회사,A22,파생상품 평가 손실,54966638361,54966638361,국내일반손보사,B,SI023,부문별 손익(파생상품)
2170,202406,0010627,한화손해보험주식회사,A,파생상품 관련 손익,-56906916693,-119976591000,국내일반손보사,B,SI023,부문별 손익(파생상품)
2171,202406,0010627,한화손해보험주식회사,A1,파생상품 관련 손익_파생상품 관련 이익,801481841,2166203000,국내일반손보사,B,SI023,부문별 손익(파생상품)
2172,202406,0010627,한화손해보험주식회사,A11,파생상품 거래 이익,1414792390,2317341000,국내일반손보사,B,SI023,부문별 손익(파생상품)
2173,202406,0010627,한화손해보험주식회사,A12,파생상품 평가 이익,-613310549,-151138000,국내일반손보사,B,SI023,부문별 손익(파생상품)
2174,202406,0010627,한화손해보험주식회사,A2,파생상품 관련 손실,57708398534,122142794000,국내일반손보사,B,SI023,부문별 손익(파생상품)
2175,202406,0010627,한화손해보험주식회사,A21,파생상품 거래 손실,11013456895,20481214000,국내일반손보사,B,SI023,부문별 손익(파생상품)
2176,202406,0010627,한화손해보험주식회사,A22,파생상품 평가 손실,46694941639,101661580000,국내일반손보사,B,SI023,부문별 손익(파생상품)
2177,202409,0010627,한화손해보험주식회사,A,파생상품 관련 손익,58496595000,-61479996000,국내일반손보사,B,SI023,부문별 손익(파생상품)
2178,202409,0010627,한화손해보험주식회사,A1,파생상품 관련 손익_파생상품 관련 이익,10130962000,12297165000,국내일반손보사,B,SI023,부문별 손익(파생상품)
2179,202409,0010627,한화손해보험주식회사,A11,파생상품 거래 이익,5166524000,7483865000,국내일반손보사,B,SI023,부문별 손익(파생상품)
2180,202409,0010627,한화손해보험주식회사,A12,파생상품 평가 이익,4964438000,4813300000,국내일반손보사,B,SI023,부문별 손익(파생상품)
2181,202409,0010627,한화손해보험주식회사,A2,파생상품 관련 손실,-48365633000,73777161000,국내일반손보사,B,SI023,부문별 손익(파생상품)
2182,202409,0010627,한화손해보험주식회사,A21,파생상품 거래 손실,9237855000,29719069000,국내일반손보사,B,SI023,부문별 손익(파생상품)
2183,202409,0010627,한화손해보험주식회사,A22,파생상품 평가 손실,-57603488000,44058092000,국내일반손보사,B,SI023,부문별 손익(파생상품)
2184,202412,0010627,한화손해보험주식회사,A,파생상품 관련 손익,-152533681000,-214013677000,국내일반손보사,B,SI023,부문별 손익(파생상품)
2185,202412,0010627,한화손해보험주식회사,A1,파생상품 관련 손익_파생상품 관련 이익,-3645038000,8652127000,국내일반손보사,B,SI023,부문별 손익(파생상품)
2186,202412,0010627,한화손해보험주식회사,A11,파생상품 거래 이익,1647603000,9131468000,국내일반손보사,B,SI023,부문별 손익(파생상품)
2187,202412,0010627,한화손해보험주식회사,A12,파생상품 평가 이익,-5292641000,-479341000,국내일반손보사,B,SI023,부문별 손익(파생상품)
2188,202412,0010627,한화손해보험주식회사,A2,파생상품 관련 손실,148888643000,222665804000,국내일반손보사,B,SI023,부문별 손익(파생상품)
2189,202412,0010627,한화손해보험주식회사,A21,파생상품 거래 손실,6484377000,36203446000,국내일반손보사,B,SI023,부문별 손익(파생상품)
2190,202412,0010627,한화손해보험주식회사,A22,파생상품 평가 손실,142404266000,186462358000,국내일반손보사,B,SI023,부문별 손익(파생상품)
2191,202503,0010627,한화손해보험주식회사,A,파생상품 관련 손익,-31085670000,-31085670000,국내일반손보사,B,SI023,부문별 손익(파생상품)
2192,202503,0010627,한화손해보험주식회사,A1,파생상품 관련 손익_파생상품 관련 이익,5304473000,5304473000,국내일반손보사,B,SI023,부문별 손익(파생상품)
2193,202503,0010627,한화손해보험주식회사,A11,파생상품 거래 이익,2643356000,2643356000,국내일반손보사,B,SI023,부문별 손익(파생상품)
2194,202503,0010627,한화손해보험주식회사,A12,파생상품 평가 이익,2661117000,2661117000,국내일반손보사,B,SI023,부문별 손익(파생상품)
2195,202503,0010627,한화손해보험주식회사,A2,파생상품 관련 손실,36390143000,36390143000,국내일반손보사,B,SI023,부문별 손익(파생상품)
2196,202503,0010627,한화손해보험주식회사,A21,파생상품 거래 손실,2450272000,2450272000,국내일반손보사,B,SI023,부문별 손익(파생상품)
2197,202503,0010627,한화손해보험주식회사,A22,파생상품 평가 손실,33939871000,33939871000,국내일반손보사,B,SI023,부문별 손익(파생상품)
2198,202506,0010627,한화손해보험주식회사,A,파생상품 관련 손익,93564927000,62479257000,국내일반손보사,B,SI023,부문별 손익(파생상품)
2199,202506,0010627,한화손해보험주식회사,A1,파생상품 관련 손익_파생상품 관련 이익,94755470000,100059943000,국내일반손보사,B,SI023,부문별 손익(파생상품)
2200,202506,0010627,한화손해보험주식회사,A11,파생상품 거래 이익,8957446000,11600802000,국내일반손보사,B,SI023,부문별 손익(파생상품)
2201,202506,0010627,한화손해보험주식회사,A12,파생상품 평가 이익,85798024000,88459141000,국내일반손보사,B,SI023,부문별 손익(파생상품)
2202,202506,0010627,한화손해보험주식회사,A2,파생상품 관련 손실,1190543000,37580686000,국내일반손보사,B,SI023,부문별 손익(파생상품)
2203,202506,0010627,한화손해보험주식회사,A21,파생상품 거래 손실,8089461000,10539733000,국내일반손보사,B,SI023,부문별 손익(파생상품)
2204,202506,0010627,한화손해보험주식회사,A22,파생상품 평가 손실,-6898918000,27040953000,국내일반손보사,B,SI023,부문별 손익(파생상품)
2205,202509,0010627,한화손해보험주식회사,A,파생상품 관련 손익,-71636330000,-9157073000,국내일반손보사,B,SI023,부문별 손익(파생상품)
2206,202509,0010627,한화손해보험주식회사,A1,파생상품 관련 손익_파생상품 관련 이익,-37509430000,62550513000,국내일반손보사,B,SI023,부문별 손익(파생상품)
2207,202509,0010627,한화손해보험주식회사,A11,파생상품 거래 이익,7287770000,18888572000,국내일반손보사,B,SI023,부문별 손익(파생상품)
2208,202509,0010627,한화손해보험주식회사,A12,파생상품 평가 이익,-44797200000,43661941000,국내일반손보사,B,SI023,부문별 손익(파생상품)
2209,202509,0010627,한화손해보험주식회사,A2,파생상품 관련 손실,34126900000,71707586000,국내일반손보사,B,SI023,부문별 손익(파생상품)
2210,202509,0010627,한화손해보험주식회사,A21,파생상품 거래 손실,10380694000,20920427000,국내일반손보사,B,SI023,부문별 손익(파생상품)
2211,202509,0010627,한화손해보험주식회사,A22,파생상품 평가 손실,23746206000,50787159000,국내일반손보사,B,SI023,부문별 손익(파생상품)
2212,201703,0010634,현대해상화재보험주식회사,A,파생상품 관련 손익,372850628000,372850628000,국내일반손보사,B,SI023,부문별 손익(파생상품)
2213,201703,0010634,현대해상화재보험주식회사,A1,파생상품 관련 이익,374467071000,374467071000,국내일반손보사,B,SI023,부문별 손익(파생상품)
2214,201703,0010634,현대해상화재보험주식회사,A11,파생상품 관련 이익_파생상품 거래 이익,32802779000,32802779000,국내일반손보사,B,SI023,부문별 손익(파생상품)
2215,201703,0010634,현대해상화재보험주식회사,A12,파생상품 관련 이익_파생상품 평가 이익,341664292000,341664292000,국내일반손보사,B,SI023,부문별 손익(파생상품)
2216,201703,0010634,현대해상화재보험주식회사,A2,파생상품 관련 손실,1616443000,1616443000,국내일반손보사,B,SI023,부문별 손익(파생상품)
2217,201703,0010634,현대해상화재보험주식회사,A21,파생상품 관련 손실_파생상품 거래 손실,1551433000,1551433000,국내일반손보사,B,SI023,부문별 손익(파생상품)
2218,201703,0010634,현대해상화재보험주식회사,A22,파생상품 평가 손실,65010000,65010000,국내일반손보사,B,SI023,부문별 손익(파생상품)
2219,201706,0010634,현대해상화재보험주식회사,A,파생상품 관련 손익,-117614500000,255236128000,국내일반손보사,B,SI023,부문별 손익(파생상품)
2220,201706,0010634,현대해상화재보험주식회사,A1,파생상품 관련 이익,-95885669000,278581402000,국내일반손보사,B,SI023,부문별 손익(파생상품)
2221,201706,0010634,현대해상화재보험주식회사,A11,파생상품 관련 이익_파생상품 거래 이익,47448566000,80251345000,국내일반손보사,B,SI023,부문별 손익(파생상품)
2222,201706,0010634,현대해상화재보험주식회사,A12,파생상품 관련 이익_파생상품 평가 이익,-143334235000,198330057000,국내일반손보사,B,SI023,부문별 손익(파생상품)
2223,201706,0010634,현대해상화재보험주식회사,A2,파생상품 관련 손실,21728831000,23345274000,국내일반손보사,B,SI023,부문별 손익(파생상품)
2224,201706,0010634,현대해상화재보험주식회사,A21,파생상품 관련 손실_파생상품 거래 손실,2404107000,3955540000,국내일반손보사,B,SI023,부문별 손익(파생상품)
2225,201706,0010634,현대해상화재보험주식회사,A22,파생상품 평가 손실,19324724000,19389734000,국내일반손보사,B,SI023,부문별 손익(파생상품)
2226,201709,0010634,현대해상화재보험주식회사,A,파생상품 관련 손익,-44898776000,210337352000,국내일반손보사,B,SI023,부문별 손익(파생상품)
2227,201709,0010634,현대해상화재보험주식회사,A1,파생상품 관련 이익,-1821183000,276760219000,국내일반손보사,B,SI023,부문별 손익(파생상품)
2228,201709,0010634,현대해상화재보험주식회사,A11,파생상품 관련 이익_파생상품 거래 이익,79440565000,159691910000,국내일반손보사,B,SI023,부문별 손익(파생상품)
2229,201709,0010634,현대해상화재보험주식회사,A12,파생상품 관련 이익_파생상품 평가 이익,-81261748000,117068309000,국내일반손보사,B,SI023,부문별 손익(파생상품)
2230,201709,0010634,현대해상화재보험주식회사,A2,파생상품 관련 손실,43077593000,66422867000,국내일반손보사,B,SI023,부문별 손익(파생상품)
2231,201709,0010634,현대해상화재보험주식회사,A21,파생상품 관련 손실_파생상품 거래 손실,1744854000,5700394000,국내일반손보사,B,SI023,부문별 손익(파생상품)
2232,201709,0010634,현대해상화재보험주식회사,A22,파생상품 평가 손실,41332739000,60722473000,국내일반손보사,B,SI023,부문별 손익(파생상품)
2233,201712,0010634,현대해상화재보험주식회사,A,파생상품 관련 손익,355967119000,566304471000,국내일반손보사,B,SI023,부문별 손익(파생상품)
2234,201712,0010634,현대해상화재보험주식회사,A1,파생상품 관련 이익,301434694000,578194913000,국내일반손보사,B,SI023,부문별 손익(파생상품)
2235,201712,0010634,현대해상화재보험주식회사,A11,파생상품 관련 이익_파생상품 거래 이익,85412459000,245104369000,국내일반손보사,B,SI023,부문별 손익(파생상품)
2236,201712,0010634,현대해상화재보험주식회사,A12,파생상품 관련 이익_파생상품 평가 이익,216022235000,333090544000,국내일반손보사,B,SI023,부문별 손익(파생상품)
2237,201712,0010634,현대해상화재보험주식회사,A2,파생상품 관련 손실,-54532425000,11890442000,국내일반손보사,B,SI023,부문별 손익(파생상품)
2238,201712,0010634,현대해상화재보험주식회사,A21,파생상품 관련 손실_파생상품 거래 손실,3440633000,9141027000,국내일반손보사,B,SI023,부문별 손익(파생상품)
2239,201712,0010634,현대해상화재보험주식회사,A22,파생상품 평가 손실,-57973058000,2749415000,국내일반손보사,B,SI023,부문별 손익(파생상품)
2240,201803,0010634,현대해상화재보험주식회사,A,파생상품 관련 손익,21774150000,21774150000,국내일반손보사,B,SI023,부문별 손익(파생상품)
2241,201803,0010634,현대해상화재보험주식회사,A1,파생상품 관련 이익,41070886000,41070886000,국내일반손보사,B,SI023,부문별 손익(파생상품)
2242,201803,0010634,현대해상화재보험주식회사,A11,파생상품 관련 이익_파생상품 거래 이익,5310453000,5310453000,국내일반손보사,B,SI023,부문별 손익(파생상품)
2243,201803,0010634,현대해상화재보험주식회사,A12,파생상품 관련 이익_파생상품 평가 이익,35760433000,35760433000,국내일반손보사,B,SI023,부문별 손익(파생상품)
2244,201803,0010634,현대해상화재보험주식회사,A2,파생상품 관련 손실,19296736000,19296736000,국내일반손보사,B,SI023,부문별 손익(파생상품)
2245,201803,0010634,현대해상화재보험주식회사,A21,파생상품 관련 손실_파생상품 거래 손실,11129061000,11129061000,국내일반손보사,B,SI023,부문별 손익(파생상품)
2246,201803,0010634,현대해상화재보험주식회사,A22,파생상품 평가 손실,8167675000,8167675000,국내일반손보사,B,SI023,부문별 손익(파생상품)
2247,201806,0010634,현대해상화재보험주식회사,A,파생상품 관련 손익,-225310834000,-203536684000,국내일반손보사,B,SI023,부문별 손익(파생상품)
2248,201806,0010634,현대해상화재보험주식회사,A1,파생상품 관련 이익,-7463329000,33607557000,국내일반손보사,B,SI023,부문별 손익(파생상품)
2249,201806,0010634,현대해상화재보험주식회사,A11,파생상품 관련 이익_파생상품 거래 이익,5920886000,11231339000,국내일반손보사,B,SI023,부문별 손익(파생상품)
2250,201806,0010634,현대해상화재보험주식회사,A12,파생상품 관련 이익_파생상품 평가 이익,-13384215000,22376218000,국내일반손보사,B,SI023,부문별 손익(파생상품)
2251,201806,0010634,현대해상화재보험주식회사,A2,파생상품 관련 손실,217847505000,237144241000,국내일반손보사,B,SI023,부문별 손익(파생상품)
2252,201806,0010634,현대해상화재보험주식회사,A21,파생상품 관련 손실_파생상품 거래 손실,10780298000,21909359000,국내일반손보사,B,SI023,부문별 손익(파생상품)
2253,201806,0010634,현대해상화재보험주식회사,A22,파생상품 평가 손실,207067207000,215234882000,국내일반손보사,B,SI023,부문별 손익(파생상품)
2254,201809,0010634,현대해상화재보험주식회사,A,파생상품 관련 손익,36285061000,-167251623000,국내일반손보사,B,SI023,부문별 손익(파생상품)
2255,201809,0010634,현대해상화재보험주식회사,A1,파생상품 관련 이익,11508430000,45115987000,국내일반손보사,B,SI023,부문별 손익(파생상품)
2256,201809,0010634,현대해상화재보험주식회사,A11,파생상품 관련 이익_파생상품 거래 이익,6975980000,18207319000,국내일반손보사,B,SI023,부문별 손익(파생상품)
2257,201809,0010634,현대해상화재보험주식회사,A12,파생상품 관련 이익_파생상품 평가 이익,4532450000,26908668000,국내일반손보사,B,SI023,부문별 손익(파생상품)
2258,201809,0010634,현대해상화재보험주식회사,A2,파생상품 관련 손실,-24776631000,212367610000,국내일반손보사,B,SI023,부문별 손익(파생상품)
2259,201809,0010634,현대해상화재보험주식회사,A21,파생상품 관련 손실_파생상품 거래 손실,28262248000,50171607000,국내일반손보사,B,SI023,부문별 손익(파생상품)
2260,201809,0010634,현대해상화재보험주식회사,A22,파생상품 평가 손실,-53038879000,162196003000,국내일반손보사,B,SI023,부문별 손익(파생상품)
2261,201812,0010634,현대해상화재보험주식회사,A,파생상품 관련 손익,-8348585000,-175600208000,국내일반손보사,B,SI023,부문별 손익(파생상품)
2262,201812,0010634,현대해상화재보험주식회사,A1,파생상품 관련 이익,26037702000,71153689000,국내일반손보사,B,SI023,부문별 손익(파생상품)
2263,201812,0010634,현대해상화재보험주식회사,A11,파생상품 관련 이익_파생상품 거래 이익,4792257000,22999576000,국내일반손보사,B,SI023,부문별 손익(파생상품)
2264,201812,0010634,현대해상화재보험주식회사,A12,파생상품 관련 이익_파생상품 평가 이익,21245445000,48154113000,국내일반손보사,B,SI023,부문별 손익(파생상품)
2265,201812,0010634,현대해상화재보험주식회사,A2,파생상품 관련 손실,34386287000,246753897000,국내일반손보사,B,SI023,부문별 손익(파생상품)
2266,201812,0010634,현대해상화재보험주식회사,A21,파생상품 관련 손실_파생상품 거래 손실,45345666000,95517273000,국내일반손보사,B,SI023,부문별 손익(파생상품)
2267,201812,0010634,현대해상화재보험주식회사,A22,파생상품 평가 손실,-10959379000,151236624000,국내일반손보사,B,SI023,부문별 손익(파생상품)
2268,201903,0010634,현대해상화재보험주식회사,A,파생상품 관련 손익,-98156621000,-98156621000,국내일반손보사,B,SI023,부문별 손익(파생상품)
2269,201903,0010634,현대해상화재보험주식회사,A1,파생상품 관련 이익,14246712000,14246712000,국내일반손보사,B,SI023,부문별 손익(파생상품)
2270,201903,0010634,현대해상화재보험주식회사,A11,파생상품 관련 이익_파생상품 거래 이익,6586536000,6586536000,국내일반손보사,B,SI023,부문별 손익(파생상품)
2271,201903,0010634,현대해상화재보험주식회사,A12,파생상품 관련 이익_파생상품 평가 이익,7660176000,7660176000,국내일반손보사,B,SI023,부문별 손익(파생상품)
2272,201903,0010634,현대해상화재보험주식회사,A2,파생상품 관련 손실,112403333000,112403333000,국내일반손보사,B,SI023,부문별 손익(파생상품)
2273,201903,0010634,현대해상화재보험주식회사,A21,파생상품 관련 손실_파생상품 거래 손실,16570403000,16570403000,국내일반손보사,B,SI023,부문별 손익(파생상품)
2274,201903,0010634,현대해상화재보험주식회사,A22,파생상품 평가 손실,95832930000,95832930000,국내일반손보사,B,SI023,부문별 손익(파생상품)
2275,201906,0010634,현대해상화재보험주식회사,A,파생상품 관련 손익,-133381503000,-231538124000,국내일반손보사,B,SI023,부문별 손익(파생상품)
2276,201906,0010634,현대해상화재보험주식회사,A1,파생상품 관련 이익,8435205000,22681917000,국내일반손보사,B,SI023,부문별 손익(파생상품)
2277,201906,0010634,현대해상화재보험주식회사,A11,파생상품 관련 이익_파생상품 거래 이익,6976568000,13563104000,국내일반손보사,B,SI023,부문별 손익(파생상품)
2278,201906,0010634,현대해상화재보험주식회사,A12,파생상품 관련 이익_파생상품 평가 이익,1458637000,9118813000,국내일반손보사,B,SI023,부문별 손익(파생상품)
2279,201906,0010634,현대해상화재보험주식회사,A2,파생상품 관련 손실,141816708000,254220041000,국내일반손보사,B,SI023,부문별 손익(파생상품)
2280,201906,0010634,현대해상화재보험주식회사,A21,파생상품 관련 손실_파생상품 거래 손실,41187646000,57758049000,국내일반손보사,B,SI023,부문별 손익(파생상품)
2281,201906,0010634,현대해상화재보험주식회사,A22,파생상품 평가 손실,100629062000,196461992000,국내일반손보사,B,SI023,부문별 손익(파생상품)
2282,201909,0010634,현대해상화재보험주식회사,A,파생상품 관련 손익,-202066479000,-433604603000,국내일반손보사,B,SI023,부문별 손익(파생상품)
2283,201909,0010634,현대해상화재보험주식회사,A1,파생상품 관련 이익,7386101000,30068018000,국내일반손보사,B,SI023,부문별 손익(파생상품)
2284,201909,0010634,현대해상화재보험주식회사,A11,파생상품 관련 이익_파생상품 거래 이익,5578325000,19141429000,국내일반손보사,B,SI023,부문별 손익(파생상품)
2285,201909,0010634,현대해상화재보험주식회사,A12,파생상품 관련 이익_파생상품 평가 이익,1807776000,10926589000,국내일반손보사,B,SI023,부문별 손익(파생상품)
2286,201909,0010634,현대해상화재보험주식회사,A2,파생상품 관련 손실,209452580000,463672621000,국내일반손보사,B,SI023,부문별 손익(파생상품)
2287,201909,0010634,현대해상화재보험주식회사,A21,파생상품 관련 손실_파생상품 거래 손실,54358521000,112116570000,국내일반손보사,B,SI023,부문별 손익(파생상품)
2288,201909,0010634,현대해상화재보험주식회사,A22,파생상품 평가 손실,155094059000,351556051000,국내일반손보사,B,SI023,부문별 손익(파생상품)
2289,201912,0010634,현대해상화재보험주식회사,A,파생상품 관련 손익,186595831000,-247008772000,국내일반손보사,B,SI023,부문별 손익(파생상품)
2290,201912,0010634,현대해상화재보험주식회사,A1,파생상품 관련 이익,50178688000,80246706000,국내일반손보사,B,SI023,부문별 손익(파생상품)
2291,201912,0010634,현대해상화재보험주식회사,A11,파생상품 관련 이익_파생상품 거래 이익,14324349000,33465778000,국내일반손보사,B,SI023,부문별 손익(파생상품)
2292,201912,0010634,현대해상화재보험주식회사,A12,파생상품 관련 이익_파생상품 평가 이익,35854339000,46780928000,국내일반손보사,B,SI023,부문별 손익(파생상품)
2293,201912,0010634,현대해상화재보험주식회사,A2,파생상품 관련 손실,-136417143000,327255478000,국내일반손보사,B,SI023,부문별 손익(파생상품)
2294,201912,0010634,현대해상화재보험주식회사,A21,파생상품 관련 손실_파생상품 거래 손실,95307067000,207423637000,국내일반손보사,B,SI023,부문별 손익(파생상품)
2295,201912,0010634,현대해상화재보험주식회사,A22,파생상품 평가 손실,-231724210000,119831841000,국내일반손보사,B,SI023,부문별 손익(파생상품)
2296,202003,0010634,현대해상화재보험주식회사,A,파생상품 관련 손익,-276347560000,-276347560000,국내일반손보사,B,SI023,부문별 손익(파생상품)
2297,202003,0010634,현대해상화재보험주식회사,A1,파생상품 관련 이익,92117959000,92117959000,국내일반손보사,B,SI023,부문별 손익(파생상품)
2298,202003,0010634,현대해상화재보험주식회사,A11,파생상품 관련 이익_파생상품 거래 이익,25012010000,25012010000,국내일반손보사,B,SI023,부문별 손익(파생상품)
2299,202003,0010634,현대해상화재보험주식회사,A12,파생상품 관련 이익_파생상품 평가 이익,67105949000,67105949000,국내일반손보사,B,SI023,부문별 손익(파생상품)
2300,202003,0010634,현대해상화재보험주식회사,A2,파생상품 관련 손실,368465519000,368465519000,국내일반손보사,B,SI023,부문별 손익(파생상품)
2301,202003,0010634,현대해상화재보험주식회사,A21,파생상품 관련 손실_파생상품 거래 손실,76184696000,76184696000,국내일반손보사,B,SI023,부문별 손익(파생상품)
2302,202003,0010634,현대해상화재보험주식회사,A22,파생상품 평가 손실,292280823000,292280823000,국내일반손보사,B,SI023,부문별 손익(파생상품)
2303,202006,0010634,현대해상화재보험주식회사,A,파생상품 관련 손익,-16041161000,-292388721000,국내일반손보사,B,SI023,부문별 손익(파생상품)
2304,202006,0010634,현대해상화재보험주식회사,A1,파생상품 관련 이익,-24908048000,67209911000,국내일반손보사,B,SI023,부문별 손익(파생상품)
2305,202006,0010634,현대해상화재보험주식회사,A11,파생상품 관련 이익_파생상품 거래 이익,13631343000,38643353000,국내일반손보사,B,SI023,부문별 손익(파생상품)
2306,202006,0010634,현대해상화재보험주식회사,A12,파생상품 관련 이익_파생상품 평가 이익,-38539391000,28566558000,국내일반손보사,B,SI023,부문별 손익(파생상품)
2307,202006,0010634,현대해상화재보험주식회사,A2,파생상품 관련 손실,-8866887000,359598632000,국내일반손보사,B,SI023,부문별 손익(파생상품)
2308,202006,0010634,현대해상화재보험주식회사,A21,파생상품 관련 손실_파생상품 거래 손실,73385964000,149570660000,국내일반손보사,B,SI023,부문별 손익(파생상품)
2309,202006,0010634,현대해상화재보험주식회사,A22,파생상품 평가 손실,-82252851000,210027972000,국내일반손보사,B,SI023,부문별 손익(파생상품)
2310,202009,0010634,현대해상화재보험주식회사,A,파생상품 관련 손익,57436825000,-234951896000,국내일반손보사,B,SI023,부문별 손익(파생상품)
2311,202009,0010634,현대해상화재보험주식회사,A1,파생상품 관련 이익,56181215000,123391126000,국내일반손보사,B,SI023,부문별 손익(파생상품)
2312,202009,0010634,현대해상화재보험주식회사,A11,파생상품 관련 이익_파생상품 거래 이익,12689374000,51332727000,국내일반손보사,B,SI023,부문별 손익(파생상품)
2313,202009,0010634,현대해상화재보험주식회사,A12,파생상품 관련 이익_파생상품 평가 이익,43491841000,72058399000,국내일반손보사,B,SI023,부문별 손익(파생상품)
2314,202009,0010634,현대해상화재보험주식회사,A2,파생상품 관련 손실,-1255610000,358343022000,국내일반손보사,B,SI023,부문별 손익(파생상품)
2315,202009,0010634,현대해상화재보험주식회사,A21,파생상품 관련 손실_파생상품 거래 손실,70724018000,220294678000,국내일반손보사,B,SI023,부문별 손익(파생상품)
2316,202009,0010634,현대해상화재보험주식회사,A22,파생상품 평가 손실,-71979628000,138048344000,국내일반손보사,B,SI023,부문별 손익(파생상품)
2317,202012,0010634,현대해상화재보험주식회사,A,파생상품 관련 손익,353800460000,118848564000,국내일반손보사,B,SI023,부문별 손익(파생상품)
2318,202012,0010634,현대해상화재보험주식회사,A1,파생상품 관련 이익,310007482000,433398608000,국내일반손보사,B,SI023,부문별 손익(파생상품)
2319,202012,0010634,현대해상화재보험주식회사,A11,파생상품 관련 이익_파생상품 거래 이익,28733297000,80066024000,국내일반손보사,B,SI023,부문별 손익(파생상품)
2320,202012,0010634,현대해상화재보험주식회사,A12,파생상품 관련 이익_파생상품 평가 이익,281274185000,353332584000,국내일반손보사,B,SI023,부문별 손익(파생상품)
2321,202012,0010634,현대해상화재보험주식회사,A2,파생상품 관련 손실,-43792978000,314550044000,국내일반손보사,B,SI023,부문별 손익(파생상품)
2322,202012,0010634,현대해상화재보험주식회사,A21,파생상품 관련 손실_파생상품 거래 손실,17026204000,237320882000,국내일반손보사,B,SI023,부문별 손익(파생상품)
2323,202012,0010634,현대해상화재보험주식회사,A22,파생상품 평가 손실,-60819182000,77229162000,국내일반손보사,B,SI023,부문별 손익(파생상품)
2324,202103,0010634,현대해상화재보험주식회사,A,파생상품 관련 손익,-202546248000,-202546248000,국내일반손보사,B,SI023,부문별 손익(파생상품)
2325,202103,0010634,현대해상화재보험주식회사,A1,파생상품 관련 이익,41286337000,41286337000,국내일반손보사,B,SI023,부문별 손익(파생상품)
2326,202103,0010634,현대해상화재보험주식회사,A11,파생상품 관련 이익_파생상품 거래 이익,20205352000,20205352000,국내일반손보사,B,SI023,부문별 손익(파생상품)
2327,202103,0010634,현대해상화재보험주식회사,A12,파생상품 관련 이익_파생상품 평가 이익,21080985000,21080985000,국내일반손보사,B,SI023,부문별 손익(파생상품)
2328,202103,0010634,현대해상화재보험주식회사,A2,파생상품 관련 손실,243832585000,243832585000,국내일반손보사,B,SI023,부문별 손익(파생상품)
2329,202103,0010634,현대해상화재보험주식회사,A21,파생상품 관련 손실_파생상품 거래 손실,52263059000,52263059000,국내일반손보사,B,SI023,부문별 손익(파생상품)
2330,202103,0010634,현대해상화재보험주식회사,A22,파생상품 평가 손실,191569526000,191569526000,국내일반손보사,B,SI023,부문별 손익(파생상품)
2331,202106,0010634,현대해상화재보험주식회사,A,파생상품 관련 손익,-13379190000,-215925438000,국내일반손보사,B,SI023,부문별 손익(파생상품)
2332,202106,0010634,현대해상화재보험주식회사,A1,파생상품 관련 이익,-1530617000,39755720000,국내일반손보사,B,SI023,부문별 손익(파생상품)
2333,202106,0010634,현대해상화재보험주식회사,A11,파생상품 관련 이익_파생상품 거래 이익,14258817000,34464169000,국내일반손보사,B,SI023,부문별 손익(파생상품)
2334,202106,0010634,현대해상화재보험주식회사,A12,파생상품 관련 이익_파생상품 평가 이익,-15789434000,5291551000,국내일반손보사,B,SI023,부문별 손익(파생상품)
2335,202106,0010634,현대해상화재보험주식회사,A2,파생상품 관련 손실,11848573000,255681158000,국내일반손보사,B,SI023,부문별 손익(파생상품)
2336,202106,0010634,현대해상화재보험주식회사,A21,파생상품 관련 손실_파생상품 거래 손실,50688711000,102951770000,국내일반손보사,B,SI023,부문별 손익(파생상품)
2337,202106,0010634,현대해상화재보험주식회사,A22,파생상품 평가 손실,-38840138000,152729388000,국내일반손보사,B,SI023,부문별 손익(파생상품)
2338,202109,0010634,현대해상화재보험주식회사,A,파생상품 관련 손익,-287853720000,-503779158000,국내일반손보사,B,SI023,부문별 손익(파생상품)
2339,202109,0010634,현대해상화재보험주식회사,A1,파생상품 관련 이익,9021399000,48777119000,국내일반손보사,B,SI023,부문별 손익(파생상품)
2340,202109,0010634,현대해상화재보험주식회사,A11,파생상품 관련 이익_파생상품 거래 이익,9128562000,43592731000,국내일반손보사,B,SI023,부문별 손익(파생상품)
2341,202109,0010634,현대해상화재보험주식회사,A12,파생상품 관련 이익_파생상품 평가 이익,-107163000,5184388000,국내일반손보사,B,SI023,부문별 손익(파생상품)
2342,202109,0010634,현대해상화재보험주식회사,A2,파생상품 관련 손실,296875119000,552556277000,국내일반손보사,B,SI023,부문별 손익(파생상품)
2343,202109,0010634,현대해상화재보험주식회사,A21,파생상품 관련 손실_파생상품 거래 손실,77162466000,180114236000,국내일반손보사,B,SI023,부문별 손익(파생상품)
2344,202109,0010634,현대해상화재보험주식회사,A22,파생상품 평가 손실,219712653000,372442041000,국내일반손보사,B,SI023,부문별 손익(파생상품)
2345,202112,0010634,현대해상화재보험주식회사,A,파생상품 관련 손익,25101114000,-478678044000,국내일반손보사,B,SI023,부문별 손익(파생상품)
2346,202112,0010634,현대해상화재보험주식회사,A1,파생상품 관련 이익,26225211000,75002330000,국내일반손보사,B,SI023,부문별 손익(파생상품)
2347,202112,0010634,현대해상화재보험주식회사,A11,파생상품 관련 이익_파생상품 거래 이익,8934942000,52527673000,국내일반손보사,B,SI023,부문별 손익(파생상품)
2348,202112,0010634,현대해상화재보험주식회사,A12,파생상품 관련 이익_파생상품 평가 이익,17290269000,22474657000,국내일반손보사,B,SI023,부문별 손익(파생상품)
2349,202112,0010634,현대해상화재보험주식회사,A2,파생상품 관련 손실,1124097000,553680374000,국내일반손보사,B,SI023,부문별 손익(파생상품)
2350,202112,0010634,현대해상화재보험주식회사,A21,파생상품 관련 손실_파생상품 거래 손실,55865355000,235979591000,국내일반손보사,B,SI023,부문별 손익(파생상품)
2351,202112,0010634,현대해상화재보험주식회사,A22,파생상품 평가 손실,-54741258000,317700783000,국내일반손보사,B,SI023,부문별 손익(파생상품)
2352,202203,0010634,현대해상화재보험주식회사,A,파생상품 관련 손익,-183074768000,-183074768000,국내일반손보사,B,SI023,부문별 손익(파생상품)
2353,202203,0010634,현대해상화재보험주식회사,A1,파생상품 관련 이익,15836095000,15836095000,국내일반손보사,B,SI023,부문별 손익(파생상품)
2354,202203,0010634,현대해상화재보험주식회사,A11,파생상품 관련 이익_파생상품 거래 이익,11748220000,11748220000,국내일반손보사,B,SI023,부문별 손익(파생상품)
2355,202203,0010634,현대해상화재보험주식회사,A12,파생상품 관련 이익_파생상품 평가 이익,4087875000,4087875000,국내일반손보사,B,SI023,부문별 손익(파생상품)
2356,202203,0010634,현대해상화재보험주식회사,A2,파생상품 관련 손실,198910863000,198910863000,국내일반손보사,B,SI023,부문별 손익(파생상품)
2357,202203,0010634,현대해상화재보험주식회사,A21,파생상품 관련 손실_파생상품 거래 손실,23321449000,23321449000,국내일반손보사,B,SI023,부문별 손익(파생상품)
2358,202203,0010634,현대해상화재보험주식회사,A22,파생상품 평가 손실,175589414000,175589414000,국내일반손보사,B,SI023,부문별 손익(파생상품)
2359,202206,0010634,현대해상화재보험주식회사,A,파생상품 관련 손익,-344795064000,-527869832000,국내일반손보사,B,SI023,부문별 손익(파생상품)
2360,202206,0010634,현대해상화재보험주식회사,A1,파생상품 관련 이익,60800638000,76636733000,국내일반손보사,B,SI023,부문별 손익(파생상품)
2361,202206,0010634,현대해상화재보험주식회사,A11,파생상품 관련 이익_파생상품 거래 이익,49529392000,61277612000,국내일반손보사,B,SI023,부문별 손익(파생상품)
2362,202206,0010634,현대해상화재보험주식회사,A12,파생상품 관련 이익_파생상품 평가 이익,11271246000,15359121000,국내일반손보사,B,SI023,부문별 손익(파생상품)
2363,202206,0010634,현대해상화재보험주식회사,A2,파생상품 관련 손실,405595702000,604506565000,국내일반손보사,B,SI023,부문별 손익(파생상품)
2364,202206,0010634,현대해상화재보험주식회사,A21,파생상품 관련 손실_파생상품 거래 손실,101208620000,124530069000,국내일반손보사,B,SI023,부문별 손익(파생상품)
2365,202206,0010634,현대해상화재보험주식회사,A22,파생상품 평가 손실,304387082000,479976496000,국내일반손보사,B,SI023,부문별 손익(파생상품)
2366,202209,0010634,현대해상화재보험주식회사,A,파생상품 관련 손익,-777411156000,-1305280988000,국내일반손보사,B,SI023,부문별 손익(파생상품)
2367,202209,0010634,현대해상화재보험주식회사,A1,파생상품 관련 이익,7122182000,83758915000,국내일반손보사,B,SI023,부문별 손익(파생상품)
2368,202209,0010634,현대해상화재보험주식회사,A11,파생상품 관련 이익_파생상품 거래 이익,14179551000,75457163000,국내일반손보사,B,SI023,부문별 손익(파생상품)
2369,202209,0010634,현대해상화재보험주식회사,A12,파생상품 관련 이익_파생상품 평가 이익,-7057369000,8301752000,국내일반손보사,B,SI023,부문별 손익(파생상품)
2370,202209,0010634,현대해상화재보험주식회사,A2,파생상품 관련 손실,784533338000,1389039903000,국내일반손보사,B,SI023,부문별 손익(파생상품)
2371,202209,0010634,현대해상화재보험주식회사,A21,파생상품 관련 손실_파생상품 거래 손실,179331712000,303861781000,국내일반손보사,B,SI023,부문별 손익(파생상품)
2372,202209,0010634,현대해상화재보험주식회사,A22,파생상품 평가 손실,605201626000,1085178122000,국내일반손보사,B,SI023,부문별 손익(파생상품)
2373,202212,0010634,현대해상화재보험주식회사,A,파생상품 관련 손익,942252429000,-363028559000,국내일반손보사,B,SI023,부문별 손익(파생상품)
2374,202212,0010634,현대해상화재보험주식회사,A1,파생상품 관련 이익,171371068000,255129983000,국내일반손보사,B,SI023,부문별 손익(파생상품)
2375,202212,0010634,현대해상화재보험주식회사,A11,파생상품 관련 이익_파생상품 거래 이익,-17376290000,58080873000,국내일반손보사,B,SI023,부문별 손익(파생상품)
2376,202212,0010634,현대해상화재보험주식회사,A12,파생상품 관련 이익_파생상품 평가 이익,188747358000,197049110000,국내일반손보사,B,SI023,부문별 손익(파생상품)
2377,202212,0010634,현대해상화재보험주식회사,A2,파생상품 관련 손실,-770881361000,618158542000,국내일반손보사,B,SI023,부문별 손익(파생상품)
2378,202212,0010634,현대해상화재보험주식회사,A21,파생상품 관련 손실_파생상품 거래 손실,102123396000,405985177000,국내일반손보사,B,SI023,부문별 손익(파생상품)
2379,202212,0010634,현대해상화재보험주식회사,A22,파생상품 평가 손실,-873004757000,212173365000,국내일반손보사,B,SI023,부문별 손익(파생상품)
2380,202303,0010634,현대해상화재보험주식회사,A,파생상품 관련 손익,-267777500000,-267777500000,국내일반손보사,B,SI023,부문별 손익(파생상품)
2381,202303,0010634,현대해상화재보험주식회사,A1,파생상품 관련 손익_파생상품 관련 이익,26307381000,26307381000,국내일반손보사,B,SI023,부문별 손익(파생상품)
2382,202303,0010634,현대해상화재보험주식회사,A11,파생상품 거래 이익,21260732000,21260732000,국내일반손보사,B,SI023,부문별 손익(파생상품)
2383,202303,0010634,현대해상화재보험주식회사,A12,파생상품 평가 이익,5046649000,5046649000,국내일반손보사,B,SI023,부문별 손익(파생상품)
2384,202303,0010634,현대해상화재보험주식회사,A2,파생상품 관련 손실,294084881000,294084881000,국내일반손보사,B,SI023,부문별 손익(파생상품)
2385,202303,0010634,현대해상화재보험주식회사,A21,파생상품 거래 손실,44477815000,44477815000,국내일반손보사,B,SI023,부문별 손익(파생상품)
2386,202303,0010634,현대해상화재보험주식회사,A22,파생상품 평가 손실,249607066000,249607066000,국내일반손보사,B,SI023,부문별 손익(파생상품)
2387,202306,0010634,현대해상화재보험주식회사,A,파생상품 관련 손익,-46397129000,-314174629000,국내일반손보사,B,SI023,부문별 손익(파생상품)
2388,202306,0010634,현대해상화재보험주식회사,A1,파생상품 관련 손익_파생상품 관련 이익,16490600000,42797981000,국내일반손보사,B,SI023,부문별 손익(파생상품)
2389,202306,0010634,현대해상화재보험주식회사,A11,파생상품 거래 이익,6313503000,27574235000,국내일반손보사,B,SI023,부문별 손익(파생상품)
2390,202306,0010634,현대해상화재보험주식회사,A12,파생상품 평가 이익,10177097000,15223746000,국내일반손보사,B,SI023,부문별 손익(파생상품)
2391,202306,0010634,현대해상화재보험주식회사,A2,파생상품 관련 손실,62887729000,356972610000,국내일반손보사,B,SI023,부문별 손익(파생상품)
2392,202306,0010634,현대해상화재보험주식회사,A21,파생상품 거래 손실,69116988000,113594803000,국내일반손보사,B,SI023,부문별 손익(파생상품)
2393,202306,0010634,현대해상화재보험주식회사,A22,파생상품 평가 손실,-6229259000,243377807000,국내일반손보사,B,SI023,부문별 손익(파생상품)
2394,202309,0010634,현대해상화재보험주식회사,A,파생상품 관련 손익,-161019538000,-475194167000,국내일반손보사,B,SI023,부문별 손익(파생상품)
2395,202309,0010634,현대해상화재보험주식회사,A1,파생상품 관련 손익_파생상품 관련 이익,4127306000,46925287000,국내일반손보사,B,SI023,부문별 손익(파생상품)
2396,202309,0010634,현대해상화재보험주식회사,A11,파생상품 거래 이익,8062295000,35636530000,국내일반손보사,B,SI023,부문별 손익(파생상품)
2397,202309,0010634,현대해상화재보험주식회사,A12,파생상품 평가 이익,-3934989000,11288757000,국내일반손보사,B,SI023,부문별 손익(파생상품)
2398,202309,0010634,현대해상화재보험주식회사,A2,파생상품 관련 손실,165146844000,522119454000,국내일반손보사,B,SI023,부문별 손익(파생상품)
2399,202309,0010634,현대해상화재보험주식회사,A21,파생상품 거래 손실,91077426000,204672229000,국내일반손보사,B,SI023,부문별 손익(파생상품)
2400,202309,0010634,현대해상화재보험주식회사,A22,파생상품 평가 손실,74069418000,317447225000,국내일반손보사,B,SI023,부문별 손익(파생상품)
2401,202312,0010634,현대해상화재보험주식회사,A,파생상품 관련 손익,201031715000,-274162452000,국내일반손보사,B,SI023,부문별 손익(파생상품)
2402,202312,0010634,현대해상화재보험주식회사,A1,파생상품 관련 손익_파생상품 관련 이익,76306869000,123232156000,국내일반손보사,B,SI023,부문별 손익(파생상품)
2403,202312,0010634,현대해상화재보험주식회사,A11,파생상품 거래 이익,7798514000,43435044000,국내일반손보사,B,SI023,부문별 손익(파생상품)
2404,202312,0010634,현대해상화재보험주식회사,A12,파생상품 평가 이익,68508355000,79797112000,국내일반손보사,B,SI023,부문별 손익(파생상품)
2405,202312,0010634,현대해상화재보험주식회사,A2,파생상품 관련 손실,-124724846000,397394608000,국내일반손보사,B,SI023,부문별 손익(파생상품)
2406,202312,0010634,현대해상화재보험주식회사,A21,파생상품 거래 손실,62359822000,267032051000,국내일반손보사,B,SI023,부문별 손익(파생상품)
2407,202312,0010634,현대해상화재보험주식회사,A22,파생상품 평가 손실,-187084668000,130362557000,국내일반손보사,B,SI023,부문별 손익(파생상품)
2408,202403,0010634,현대해상화재보험주식회사,A,파생상품 관련 손익,-302793215000,-302793215000,국내일반손보사,B,SI023,부문별 손익(파생상품)
2409,202403,0010634,현대해상화재보험주식회사,A1,파생상품 관련 손익_파생상품 관련 이익,16442992000,16442992000,국내일반손보사,B,SI023,부문별 손익(파생상품)
2410,202403,0010634,현대해상화재보험주식회사,A11,파생상품 거래 이익,6848534000,6848534000,국내일반손보사,B,SI023,부문별 손익(파생상품)
2411,202403,0010634,현대해상화재보험주식회사,A12,파생상품 평가 이익,9594458000,9594458000,국내일반손보사,B,SI023,부문별 손익(파생상품)
2412,202403,0010634,현대해상화재보험주식회사,A2,파생상품 관련 손실,319236207000,319236207000,국내일반손보사,B,SI023,부문별 손익(파생상품)
2413,202403,0010634,현대해상화재보험주식회사,A21,파생상품 거래 손실,48507001000,48507001000,국내일반손보사,B,SI023,부문별 손익(파생상품)
2414,202403,0010634,현대해상화재보험주식회사,A22,파생상품 평가 손실,270729206000,270729206000,국내일반손보사,B,SI023,부문별 손익(파생상품)
2415,202406,0010634,현대해상화재보험주식회사,A,파생상품 관련 손익,-312156789000,-614950004000,국내일반손보사,B,SI023,부문별 손익(파생상품)
2416,202406,0010634,현대해상화재보험주식회사,A1,파생상품 관련 손익_파생상품 관련 이익,-4754845000,11688147000,국내일반손보사,B,SI023,부문별 손익(파생상품)
2417,202406,0010634,현대해상화재보험주식회사,A11,파생상품 거래 이익,4736592000,11585126000,국내일반손보사,B,SI023,부문별 손익(파생상품)
2418,202406,0010634,현대해상화재보험주식회사,A12,파생상품 평가 이익,-9491437000,103021000,국내일반손보사,B,SI023,부문별 손익(파생상품)
2419,202406,0010634,현대해상화재보험주식회사,A2,파생상품 관련 손실,307401944000,626638151000,국내일반손보사,B,SI023,부문별 손익(파생상품)
2420,202406,0010634,현대해상화재보험주식회사,A21,파생상품 거래 손실,68403667000,116910668000,국내일반손보사,B,SI023,부문별 손익(파생상품)
2421,202406,0010634,현대해상화재보험주식회사,A22,파생상품 평가 손실,238998277000,509727483000,국내일반손보사,B,SI023,부문별 손익(파생상품)
2422,202409,0010634,현대해상화재보험주식회사,A,파생상품 관련 손익,311406454000,-303543550000,국내일반손보사,B,SI023,부문별 손익(파생상품)
2423,202409,0010634,현대해상화재보험주식회사,A1,파생상품 관련 손익_파생상품 관련 이익,53881580000,65569727000,국내일반손보사,B,SI023,부문별 손익(파생상품)
2424,202409,0010634,현대해상화재보험주식회사,A11,파생상품 거래 이익,4970294000,16555420000,국내일반손보사,B,SI023,부문별 손익(파생상품)
2425,202409,0010634,현대해상화재보험주식회사,A12,파생상품 평가 이익,48911286000,49014307000,국내일반손보사,B,SI023,부문별 손익(파생상품)
2426,202409,0010634,현대해상화재보험주식회사,A2,파생상품 관련 손실,-257524874000,369113277000,국내일반손보사,B,SI023,부문별 손익(파생상품)
2427,202409,0010634,현대해상화재보험주식회사,A21,파생상품 거래 손실,81828948000,198739616000,국내일반손보사,B,SI023,부문별 손익(파생상품)
2428,202409,0010634,현대해상화재보험주식회사,A22,파생상품 평가 손실,-339353822000,170373661000,국내일반손보사,B,SI023,부문별 손익(파생상품)
2429,202412,0010634,현대해상화재보험주식회사,A,파생상품 관련 손익,-769466019000,-1073009569000,국내일반손보사,B,SI023,부문별 손익(파생상품)
2430,202412,0010634,현대해상화재보험주식회사,A1,파생상품 관련 손익_파생상품 관련 이익,-39001014000,26568713000,국내일반손보사,B,SI023,부문별 손익(파생상품)
2431,202412,0010634,현대해상화재보험주식회사,A11,파생상품 거래 이익,7588595000,24144015000,국내일반손보사,B,SI023,부문별 손익(파생상품)
2432,202412,0010634,현대해상화재보험주식회사,A12,파생상품 평가 이익,-46589609000,2424698000,국내일반손보사,B,SI023,부문별 손익(파생상품)
2433,202412,0010634,현대해상화재보험주식회사,A2,파생상품 관련 손실,730465005000,1099578282000,국내일반손보사,B,SI023,부문별 손익(파생상품)
2434,202412,0010634,현대해상화재보험주식회사,A21,파생상품 거래 손실,98759614000,297499230000,국내일반손보사,B,SI023,부문별 손익(파생상품)
2435,202412,0010634,현대해상화재보험주식회사,A22,파생상품 평가 손실,631705391000,802079052000,국내일반손보사,B,SI023,부문별 손익(파생상품)
2436,202503,0010634,현대해상화재보험주식회사,A,파생상품 관련 손익,-102164189000,-102164189000,국내일반손보사,B,SI023,부문별 손익(파생상품)
2437,202503,0010634,현대해상화재보험주식회사,A1,파생상품 관련 손익_파생상품 관련 이익,34292996000,34292996000,국내일반손보사,B,SI023,부문별 손익(파생상품)
2438,202503,0010634,현대해상화재보험주식회사,A11,파생상품 거래 이익,22355373000,22355373000,국내일반손보사,B,SI023,부문별 손익(파생상품)
2439,202503,0010634,현대해상화재보험주식회사,A12,파생상품 평가 이익,11937623000,11937623000,국내일반손보사,B,SI023,부문별 손익(파생상품)
2440,202503,0010634,현대해상화재보험주식회사,A2,파생상품 관련 손실,136457185000,136457185000,국내일반손보사,B,SI023,부문별 손익(파생상품)
2441,202503,0010634,현대해상화재보험주식회사,A21,파생상품 거래 손실,30034152000,30034152000,국내일반손보사,B,SI023,부문별 손익(파생상품)
2442,202503,0010634,현대해상화재보험주식회사,A22,파생상품 평가 손실,106423033000,106423033000,국내일반손보사,B,SI023,부문별 손익(파생상품)
2443,202506,0010634,현대해상화재보험주식회사,A,파생상품 관련 손익,517224887000,415060698000,국내일반손보사,B,SI023,부문별 손익(파생상품)
2444,202506,0010634,현대해상화재보험주식회사,A1,파생상품 관련 손익_파생상품 관련 이익,508717977000,543010973000,국내일반손보사,B,SI023,부문별 손익(파생상품)
2445,202506,0010634,현대해상화재보험주식회사,A11,파생상품 거래 이익,39548206000,61903579000,국내일반손보사,B,SI023,부문별 손익(파생상품)
2446,202506,0010634,현대해상화재보험주식회사,A12,파생상품 평가 이익,469169771000,481107394000,국내일반손보사,B,SI023,부문별 손익(파생상품)
2447,202506,0010634,현대해상화재보험주식회사,A2,파생상품 관련 손실,-8506910000,127950275000,국내일반손보사,B,SI023,부문별 손익(파생상품)
2448,202506,0010634,현대해상화재보험주식회사,A21,파생상품 거래 손실,15397839000,45431991000,국내일반손보사,B,SI023,부문별 손익(파생상품)
2449,202506,0010634,현대해상화재보험주식회사,A22,파생상품 평가 손실,-23904749000,82518284000,국내일반손보사,B,SI023,부문별 손익(파생상품)
2450,202509,0010634,현대해상화재보험주식회사,A,파생상품 관련 손익,-344966910000,70093788000,국내일반손보사,B,SI023,부문별 손익(파생상품)
2451,202509,0010634,현대해상화재보험주식회사,A1,파생상품 관련 손익_파생상품 관련 이익,-223672918000,319338055000,국내일반손보사,B,SI023,부문별 손익(파생상품)
2452,202509,0010634,현대해상화재보험주식회사,A11,파생상품 거래 이익,49836275000,111739854000,국내일반손보사,B,SI023,부문별 손익(파생상품)
2453,202509,0010634,현대해상화재보험주식회사,A12,파생상품 평가 이익,-273509193000,207598201000,국내일반손보사,B,SI023,부문별 손익(파생상품)
2454,202509,0010634,현대해상화재보험주식회사,A2,파생상품 관련 손실,121293992000,249244267000,국내일반손보사,B,SI023,부문별 손익(파생상품)
2455,202509,0010634,현대해상화재보험주식회사,A21,파생상품 거래 손실,36715778000,82147769000,국내일반손보사,B,SI023,부문별 손익(파생상품)
2456,202509,0010634,현대해상화재보험주식회사,A22,파생상품 평가 손실,84578214000,167096498000,국내일반손보사,B,SI023,부문별 손익(파생상품)
2457,201703,0010630,흥국화재해상보험주식회사,A,파생상품 관련 손익,91139157000,91139157000,국내일반손보사,B,SI023,부문별 손익(파생상품)
2458,201703,0010630,흥국화재해상보험주식회사,A1,파생상품 관련 이익,93087314000,93087314000,국내일반손보사,B,SI023,부문별 손익(파생상품)
2459,201703,0010630,흥국화재해상보험주식회사,A11,파생상품 관련 이익_파생상품 거래 이익,15249013000,15249013000,국내일반손보사,B,SI023,부문별 손익(파생상품)
2460,201703,0010630,흥국화재해상보험주식회사,A12,파생상품 관련 이익_파생상품 평가 이익,77838301000,77838301000,국내일반손보사,B,SI023,부문별 손익(파생상품)
2461,201703,0010630,흥국화재해상보험주식회사,A2,파생상품 관련 손실,1948157000,1948157000,국내일반손보사,B,SI023,부문별 손익(파생상품)
2462,201703,0010630,흥국화재해상보험주식회사,A21,파생상품 관련 손실_파생상품 거래 손실,319593000,319593000,국내일반손보사,B,SI023,부문별 손익(파생상품)
2463,201703,0010630,흥국화재해상보험주식회사,A22,파생상품 평가 손실,1628564000,1628564000,국내일반손보사,B,SI023,부문별 손익(파생상품)
2464,201706,0010630,흥국화재해상보험주식회사,A,파생상품 관련 손익,-26651089000,64488068000,국내일반손보사,B,SI023,부문별 손익(파생상품)
2465,201706,0010630,흥국화재해상보험주식회사,A1,파생상품 관련 이익,-20026649000,73060665000,국내일반손보사,B,SI023,부문별 손익(파생상품)
2466,201706,0010630,흥국화재해상보험주식회사,A11,파생상품 관련 이익_파생상품 거래 이익,16173686000,31422699000,국내일반손보사,B,SI023,부문별 손익(파생상품)
2467,201706,0010630,흥국화재해상보험주식회사,A12,파생상품 관련 이익_파생상품 평가 이익,-36200335000,41637966000,국내일반손보사,B,SI023,부문별 손익(파생상품)
2468,201706,0010630,흥국화재해상보험주식회사,A2,파생상품 관련 손실,6624440000,8572597000,국내일반손보사,B,SI023,부문별 손익(파생상품)
2469,201706,0010630,흥국화재해상보험주식회사,A21,파생상품 관련 손실_파생상품 거래 손실,781308000,1100901000,국내일반손보사,B,SI023,부문별 손익(파생상품)
2470,201706,0010630,흥국화재해상보험주식회사,A22,파생상품 평가 손실,5843132000,7471696000,국내일반손보사,B,SI023,부문별 손익(파생상품)
2471,201709,0010630,흥국화재해상보험주식회사,A,파생상품 관련 손익,-11586861000,52901207000,국내일반손보사,B,SI023,부문별 손익(파생상품)
2472,201709,0010630,흥국화재해상보험주식회사,A1,파생상품 관련 이익,-3592919000,69467746000,국내일반손보사,B,SI023,부문별 손익(파생상품)
2473,201709,0010630,흥국화재해상보험주식회사,A11,파생상품 관련 이익_파생상품 거래 이익,12050529000,43473228000,국내일반손보사,B,SI023,부문별 손익(파생상품)
2474,201709,0010630,흥국화재해상보험주식회사,A12,파생상품 관련 이익_파생상품 평가 이익,-15643448000,25994518000,국내일반손보사,B,SI023,부문별 손익(파생상품)
2475,201709,0010630,흥국화재해상보험주식회사,A2,파생상품 관련 손실,7993942000,16566539000,국내일반손보사,B,SI023,부문별 손익(파생상품)
2476,201709,0010630,흥국화재해상보험주식회사,A21,파생상품 관련 손실_파생상품 거래 손실,914904000,2015805000,국내일반손보사,B,SI023,부문별 손익(파생상품)
2477,201709,0010630,흥국화재해상보험주식회사,A22,파생상품 평가 손실,7079038000,14550734000,국내일반손보사,B,SI023,부문별 손익(파생상품)
2478,201712,0010630,흥국화재해상보험주식회사,A,파생상품 관련 손익,78613828000,131515035000,국내일반손보사,B,SI023,부문별 손익(파생상품)
2479,201712,0010630,흥국화재해상보험주식회사,A1,파생상품 관련 이익,71412107000,140879853000,국내일반손보사,B,SI023,부문별 손익(파생상품)
2480,201712,0010630,흥국화재해상보험주식회사,A11,파생상품 관련 이익_파생상품 거래 이익,20776862000,64250090000,국내일반손보사,B,SI023,부문별 손익(파생상품)
2481,201712,0010630,흥국화재해상보험주식회사,A12,파생상품 관련 이익_파생상품 평가 이익,50635245000,76629763000,국내일반손보사,B,SI023,부문별 손익(파생상품)
2482,201712,0010630,흥국화재해상보험주식회사,A2,파생상품 관련 손실,-7201721000,9364818000,국내일반손보사,B,SI023,부문별 손익(파생상품)
2483,201712,0010630,흥국화재해상보험주식회사,A21,파생상품 관련 손실_파생상품 거래 손실,1537030000,3552835000,국내일반손보사,B,SI023,부문별 손익(파생상품)
2484,201712,0010630,흥국화재해상보험주식회사,A22,파생상품 평가 손실,-8738751000,5811983000,국내일반손보사,B,SI023,부문별 손익(파생상품)
2485,201803,0010630,흥국화재해상보험주식회사,A,파생상품 관련 손익,4372572000,4372572000,국내일반손보사,B,SI023,부문별 손익(파생상품)
2486,201803,0010630,흥국화재해상보험주식회사,A1,파생상품 관련 이익,8264007000,8264007000,국내일반손보사,B,SI023,부문별 손익(파생상품)
2487,201803,0010630,흥국화재해상보험주식회사,A11,파생상품 관련 이익_파생상품 거래 이익,1242777000,1242777000,국내일반손보사,B,SI023,부문별 손익(파생상품)
2488,201803,0010630,흥국화재해상보험주식회사,A12,파생상품 관련 이익_파생상품 평가 이익,7021230000,7021230000,국내일반손보사,B,SI023,부문별 손익(파생상품)
2489,201803,0010630,흥국화재해상보험주식회사,A2,파생상품 관련 손실,3891435000,3891435000,국내일반손보사,B,SI023,부문별 손익(파생상품)
2490,201803,0010630,흥국화재해상보험주식회사,A21,파생상품 관련 손실_파생상품 거래 손실,2748863000,2748863000,국내일반손보사,B,SI023,부문별 손익(파생상품)
2491,201803,0010630,흥국화재해상보험주식회사,A22,파생상품 평가 손실,1142572000,1142572000,국내일반손보사,B,SI023,부문별 손익(파생상품)
2492,201806,0010630,흥국화재해상보험주식회사,A,파생상품 관련 손익,-56657575000,-52285003000,국내일반손보사,B,SI023,부문별 손익(파생상품)
2493,201806,0010630,흥국화재해상보험주식회사,A1,파생상품 관련 이익,-764115000,7499892000,국내일반손보사,B,SI023,부문별 손익(파생상품)
2494,201806,0010630,흥국화재해상보험주식회사,A11,파생상품 관련 이익_파생상품 거래 이익,4730617000,5973394000,국내일반손보사,B,SI023,부문별 손익(파생상품)
2495,201806,0010630,흥국화재해상보험주식회사,A12,파생상품 관련 이익_파생상품 평가 이익,-5494732000,1526498000,국내일반손보사,B,SI023,부문별 손익(파생상품)
2496,201806,0010630,흥국화재해상보험주식회사,A2,파생상품 관련 손실,55893460000,59784895000,국내일반손보사,B,SI023,부문별 손익(파생상품)
2497,201806,0010630,흥국화재해상보험주식회사,A21,파생상품 관련 손실_파생상품 거래 손실,7114007000,9862870000,국내일반손보사,B,SI023,부문별 손익(파생상품)
2498,201806,0010630,흥국화재해상보험주식회사,A22,파생상품 평가 손실,48779453000,49922025000,국내일반손보사,B,SI023,부문별 손익(파생상품)
2499,201809,0010630,흥국화재해상보험주식회사,A,파생상품 관련 손익,5613304000,-46671699000,국내일반손보사,B,SI023,부문별 손익(파생상품)
2500,201809,0010630,흥국화재해상보험주식회사,A1,파생상품 관련 이익,2393230000,9893122000,국내일반손보사,B,SI023,부문별 손익(파생상품)
2501,201809,0010630,흥국화재해상보험주식회사,A11,파생상품 관련 이익_파생상품 거래 이익,98591000,6071985000,국내일반손보사,B,SI023,부문별 손익(파생상품)
2502,201809,0010630,흥국화재해상보험주식회사,A12,파생상품 관련 이익_파생상품 평가 이익,2294639000,3821137000,국내일반손보사,B,SI023,부문별 손익(파생상품)
2503,201809,0010630,흥국화재해상보험주식회사,A2,파생상품 관련 손실,-3220074000,56564821000,국내일반손보사,B,SI023,부문별 손익(파생상품)
2504,201809,0010630,흥국화재해상보험주식회사,A21,파생상품 관련 손실_파생상품 거래 손실,11913236000,21776106000,국내일반손보사,B,SI023,부문별 손익(파생상품)
2505,201809,0010630,흥국화재해상보험주식회사,A22,파생상품 평가 손실,-15133310000,34788715000,국내일반손보사,B,SI023,부문별 손익(파생상품)
2506,201812,0010630,흥국화재해상보험주식회사,A,파생상품 관련 손익,-13302308000,-59974007000,국내일반손보사,B,SI023,부문별 손익(파생상품)
2507,201812,0010630,흥국화재해상보험주식회사,A1,파생상품 관련 이익,115810000,10008932000,국내일반손보사,B,SI023,부문별 손익(파생상품)
2508,201812,0010630,흥국화재해상보험주식회사,A11,파생상품 관련 이익_파생상품 거래 이익,216511000,6288496000,국내일반손보사,B,SI023,부문별 손익(파생상품)
2509,201812,0010630,흥국화재해상보험주식회사,A12,파생상품 관련 이익_파생상품 평가 이익,-100701000,3720436000,국내일반손보사,B,SI023,부문별 손익(파생상품)
2510,201812,0010630,흥국화재해상보험주식회사,A2,파생상품 관련 손실,13418118000,69982939000,국내일반손보사,B,SI023,부문별 손익(파생상품)
2511,201812,0010630,흥국화재해상보험주식회사,A21,파생상품 관련 손실_파생상품 거래 손실,13762685000,35538791000,국내일반손보사,B,SI023,부문별 손익(파생상품)
2512,201812,0010630,흥국화재해상보험주식회사,A22,파생상품 평가 손실,-344567000,34444148000,국내일반손보사,B,SI023,부문별 손익(파생상품)
2513,201903,0010630,흥국화재해상보험주식회사,A,파생상품 관련 손익,-26169314000,-26169314000,국내일반손보사,B,SI023,부문별 손익(파생상품)
2514,201903,0010630,흥국화재해상보험주식회사,A1,파생상품 관련 이익,1143177000,1143177000,국내일반손보사,B,SI023,부문별 손익(파생상품)
2515,201903,0010630,흥국화재해상보험주식회사,A11,파생상품 관련 이익_파생상품 거래 이익,74270000,74270000,국내일반손보사,B,SI023,부문별 손익(파생상품)
2516,201903,0010630,흥국화재해상보험주식회사,A12,파생상품 관련 이익_파생상품 평가 이익,1068907000,1068907000,국내일반손보사,B,SI023,부문별 손익(파생상품)
2517,201903,0010630,흥국화재해상보험주식회사,A2,파생상품 관련 손실,27312491000,27312491000,국내일반손보사,B,SI023,부문별 손익(파생상품)
2518,201903,0010630,흥국화재해상보험주식회사,A21,파생상품 관련 손실_파생상품 거래 손실,5846811000,5846811000,국내일반손보사,B,SI023,부문별 손익(파생상품)
2519,201903,0010630,흥국화재해상보험주식회사,A22,파생상품 평가 손실,21465680000,21465680000,국내일반손보사,B,SI023,부문별 손익(파생상품)
2520,201906,0010630,흥국화재해상보험주식회사,A,파생상품 관련 손익,-21500265000,-47669579000,국내일반손보사,B,SI023,부문별 손익(파생상품)
2521,201906,0010630,흥국화재해상보험주식회사,A1,파생상품 관련 이익,8660978000,9804155000,국내일반손보사,B,SI023,부문별 손익(파생상품)
2522,201906,0010630,흥국화재해상보험주식회사,A11,파생상품 관련 이익_파생상품 거래 이익,4811063000,4885333000,국내일반손보사,B,SI023,부문별 손익(파생상품)
2523,201906,0010630,흥국화재해상보험주식회사,A12,파생상품 관련 이익_파생상품 평가 이익,3849915000,4918822000,국내일반손보사,B,SI023,부문별 손익(파생상품)
2524,201906,0010630,흥국화재해상보험주식회사,A2,파생상품 관련 손실,30161243000,57473734000,국내일반손보사,B,SI023,부문별 손익(파생상품)
2525,201906,0010630,흥국화재해상보험주식회사,A21,파생상품 관련 손실_파생상품 거래 손실,17426715000,23273526000,국내일반손보사,B,SI023,부문별 손익(파생상품)
2526,201906,0010630,흥국화재해상보험주식회사,A22,파생상품 평가 손실,12734528000,34200208000,국내일반손보사,B,SI023,부문별 손익(파생상품)
2527,201909,0010630,흥국화재해상보험주식회사,A,파생상품 관련 손익,-45644754000,-93314333000,국내일반손보사,B,SI023,부문별 손익(파생상품)
2528,201909,0010630,흥국화재해상보험주식회사,A1,파생상품 관련 이익,2940942000,12745097000,국내일반손보사,B,SI023,부문별 손익(파생상품)
2529,201909,0010630,흥국화재해상보험주식회사,A11,파생상품 관련 이익_파생상품 거래 이익,6043813000,10929146000,국내일반손보사,B,SI023,부문별 손익(파생상품)
2530,201909,0010630,흥국화재해상보험주식회사,A12,파생상품 관련 이익_파생상품 평가 이익,-3102871000,1815951000,국내일반손보사,B,SI023,부문별 손익(파생상품)
2531,201909,0010630,흥국화재해상보험주식회사,A2,파생상품 관련 손실,48585696000,106059430000,국내일반손보사,B,SI023,부문별 손익(파생상품)
2532,201909,0010630,흥국화재해상보험주식회사,A21,파생상품 관련 손실_파생상품 거래 손실,18135659000,41409185000,국내일반손보사,B,SI023,부문별 손익(파생상품)
2533,201909,0010630,흥국화재해상보험주식회사,A22,파생상품 평가 손실,30450037000,64650245000,국내일반손보사,B,SI023,부문별 손익(파생상품)
2534,201912,0010630,흥국화재해상보험주식회사,A,파생상품 관련 손익,41060741000,-52253592000,국내일반손보사,B,SI023,부문별 손익(파생상품)
2535,201912,0010630,흥국화재해상보험주식회사,A1,파생상품 관련 이익,10845222000,23590319000,국내일반손보사,B,SI023,부문별 손익(파생상품)
2536,201912,0010630,흥국화재해상보험주식회사,A11,파생상품 관련 이익_파생상품 거래 이익,0,10929146000,국내일반손보사,B,SI023,부문별 손익(파생상품)
2537,201912,0010630,흥국화재해상보험주식회사,A12,파생상품 관련 이익_파생상품 평가 이익,10845222000,12661173000,국내일반손보사,B,SI023,부문별 손익(파생상품)
2538,201912,0010630,흥국화재해상보험주식회사,A2,파생상품 관련 손실,-30215519000,75843911000,국내일반손보사,B,SI023,부문별 손익(파생상품)
2539,201912,0010630,흥국화재해상보험주식회사,A21,파생상품 관련 손실_파생상품 거래 손실,16289975000,57699160000,국내일반손보사,B,SI023,부문별 손익(파생상품)
2540,201912,0010630,흥국화재해상보험주식회사,A22,파생상품 평가 손실,-46505494000,18144751000,국내일반손보사,B,SI023,부문별 손익(파생상품)
2541,202003,0010630,흥국화재해상보험주식회사,A,파생상품 관련 손익,-64999002000,-64999002000,국내일반손보사,B,SI023,부문별 손익(파생상품)
2542,202003,0010630,흥국화재해상보험주식회사,A1,파생상품 관련 이익,767810000,767810000,국내일반손보사,B,SI023,부문별 손익(파생상품)
2543,202003,0010630,흥국화재해상보험주식회사,A11,파생상품 관련 이익_파생상품 거래 이익,64828000,64828000,국내일반손보사,B,SI023,부문별 손익(파생상품)
2544,202003,0010630,흥국화재해상보험주식회사,A12,파생상품 관련 이익_파생상품 평가 이익,702982000,702982000,국내일반손보사,B,SI023,부문별 손익(파생상품)
2545,202003,0010630,흥국화재해상보험주식회사,A2,파생상품 관련 손실,65766812000,65766812000,국내일반손보사,B,SI023,부문별 손익(파생상품)
2546,202003,0010630,흥국화재해상보험주식회사,A21,파생상품 관련 손실_파생상품 거래 손실,12597294000,12597294000,국내일반손보사,B,SI023,부문별 손익(파생상품)
2547,202003,0010630,흥국화재해상보험주식회사,A22,파생상품 평가 손실,53169518000,53169518000,국내일반손보사,B,SI023,부문별 손익(파생상품)
2548,202006,0010630,흥국화재해상보험주식회사,A,파생상품 관련 손익,15685497000,-49313505000,국내일반손보사,B,SI023,부문별 손익(파생상품)
2549,202006,0010630,흥국화재해상보험주식회사,A1,파생상품 관련 이익,6822767000,7590577000,국내일반손보사,B,SI023,부문별 손익(파생상품)
2550,202006,0010630,흥국화재해상보험주식회사,A11,파생상품 관련 이익_파생상품 거래 이익,115058000,179886000,국내일반손보사,B,SI023,부문별 손익(파생상품)
2551,202006,0010630,흥국화재해상보험주식회사,A12,파생상품 관련 이익_파생상품 평가 이익,6707709000,7410691000,국내일반손보사,B,SI023,부문별 손익(파생상품)
2552,202006,0010630,흥국화재해상보험주식회사,A2,파생상품 관련 손실,-8862730000,56904082000,국내일반손보사,B,SI023,부문별 손익(파생상품)
2553,202006,0010630,흥국화재해상보험주식회사,A21,파생상품 관련 손실_파생상품 거래 손실,21315705000,33912999000,국내일반손보사,B,SI023,부문별 손익(파생상품)
2554,202006,0010630,흥국화재해상보험주식회사,A22,파생상품 평가 손실,-30178435000,22991083000,국내일반손보사,B,SI023,부문별 손익(파생상품)
2555,202009,0010630,흥국화재해상보험주식회사,A,파생상품 관련 손익,19919278000,-29394227000,국내일반손보사,B,SI023,부문별 손익(파생상품)
2556,202009,0010630,흥국화재해상보험주식회사,A1,파생상품 관련 이익,11702310000,19292887000,국내일반손보사,B,SI023,부문별 손익(파생상품)
2557,202009,0010630,흥국화재해상보험주식회사,A11,파생상품 관련 이익_파생상품 거래 이익,1184122000,1364008000,국내일반손보사,B,SI023,부문별 손익(파생상품)
2558,202009,0010630,흥국화재해상보험주식회사,A12,파생상품 관련 이익_파생상품 평가 이익,10518188000,17928879000,국내일반손보사,B,SI023,부문별 손익(파생상품)
2559,202009,0010630,흥국화재해상보험주식회사,A2,파생상품 관련 손실,-8216968000,48687114000,국내일반손보사,B,SI023,부문별 손익(파생상품)
2560,202009,0010630,흥국화재해상보험주식회사,A21,파생상품 관련 손실_파생상품 거래 손실,8740879000,42653878000,국내일반손보사,B,SI023,부문별 손익(파생상품)
2561,202009,0010630,흥국화재해상보험주식회사,A22,파생상품 평가 손실,-16957847000,6033236000,국내일반손보사,B,SI023,부문별 손익(파생상품)
2562,202012,0010630,흥국화재해상보험주식회사,A,파생상품 관련 손익,75296402000,45902175000,국내일반손보사,B,SI023,부문별 손익(파생상품)
2563,202012,0010630,흥국화재해상보험주식회사,A1,파생상품 관련 이익,71275457000,90568344000,국내일반손보사,B,SI023,부문별 손익(파생상품)
2564,202012,0010630,흥국화재해상보험주식회사,A11,파생상품 관련 이익_파생상품 거래 이익,4610743000,5974751000,국내일반손보사,B,SI023,부문별 손익(파생상품)
2565,202012,0010630,흥국화재해상보험주식회사,A12,파생상품 관련 이익_파생상품 평가 이익,66664714000,84593593000,국내일반손보사,B,SI023,부문별 손익(파생상품)
2566,202012,0010630,흥국화재해상보험주식회사,A2,파생상품 관련 손실,-4020945000,44666169000,국내일반손보사,B,SI023,부문별 손익(파생상품)
2567,202012,0010630,흥국화재해상보험주식회사,A21,파생상품 관련 손실_파생상품 거래 손실,1092326000,43746204000,국내일반손보사,B,SI023,부문별 손익(파생상품)
2568,202012,0010630,흥국화재해상보험주식회사,A22,파생상품 평가 손실,-5113271000,919965000,국내일반손보사,B,SI023,부문별 손익(파생상품)
2569,202103,0010630,흥국화재해상보험주식회사,A,파생상품 관련 손익,-44784828000,-44784828000,국내일반손보사,B,SI023,부문별 손익(파생상품)
2570,202103,0010630,흥국화재해상보험주식회사,A1,파생상품 관련 이익,79343000,79343000,국내일반손보사,B,SI023,부문별 손익(파생상품)
2571,202103,0010630,흥국화재해상보험주식회사,A11,파생상품 관련 이익_파생상품 거래 이익,12448000,12448000,국내일반손보사,B,SI023,부문별 손익(파생상품)
2572,202103,0010630,흥국화재해상보험주식회사,A12,파생상품 관련 이익_파생상품 평가 이익,66895000,66895000,국내일반손보사,B,SI023,부문별 손익(파생상품)
2573,202103,0010630,흥국화재해상보험주식회사,A2,파생상품 관련 손실,44864171000,44864171000,국내일반손보사,B,SI023,부문별 손익(파생상품)
2574,202103,0010630,흥국화재해상보험주식회사,A21,파생상품 관련 손실_파생상품 거래 손실,4511278000,4511278000,국내일반손보사,B,SI023,부문별 손익(파생상품)
2575,202103,0010630,흥국화재해상보험주식회사,A22,파생상품 평가 손실,40352893000,40352893000,국내일반손보사,B,SI023,부문별 손익(파생상품)
2576,202106,0010630,흥국화재해상보험주식회사,A,파생상품 관련 손익,2361698000,-42423130000,국내일반손보사,B,SI023,부문별 손익(파생상품)
2577,202106,0010630,흥국화재해상보험주식회사,A1,파생상품 관련 이익,563093000,642436000,국내일반손보사,B,SI023,부문별 손익(파생상품)
2578,202106,0010630,흥국화재해상보험주식회사,A11,파생상품 관련 이익_파생상품 거래 이익,196618000,209066000,국내일반손보사,B,SI023,부문별 손익(파생상품)
2579,202106,0010630,흥국화재해상보험주식회사,A12,파생상품 관련 이익_파생상품 평가 이익,366475000,433370000,국내일반손보사,B,SI023,부문별 손익(파생상품)
2580,202106,0010630,흥국화재해상보험주식회사,A2,파생상품 관련 손실,-1798605000,43065566000,국내일반손보사,B,SI023,부문별 손익(파생상품)
2581,202106,0010630,흥국화재해상보험주식회사,A21,파생상품 관련 손실_파생상품 거래 손실,11158363000,15669641000,국내일반손보사,B,SI023,부문별 손익(파생상품)
2582,202106,0010630,흥국화재해상보험주식회사,A22,파생상품 평가 손실,-12956968000,27395925000,국내일반손보사,B,SI023,부문별 손익(파생상품)
2583,202109,0010630,흥국화재해상보험주식회사,A,파생상품 관련 손익,-58057939000,-100481069000,국내일반손보사,B,SI023,부문별 손익(파생상품)
2584,202109,0010630,흥국화재해상보험주식회사,A1,파생상품 관련 이익,-47609000,594827000,국내일반손보사,B,SI023,부문별 손익(파생상품)
2585,202109,0010630,흥국화재해상보험주식회사,A11,파생상품 관련 이익_파생상품 거래 이익,37324000,246390000,국내일반손보사,B,SI023,부문별 손익(파생상품)
2586,202109,0010630,흥국화재해상보험주식회사,A12,파생상품 관련 이익_파생상품 평가 이익,-84933000,348437000,국내일반손보사,B,SI023,부문별 손익(파생상품)
2587,202109,0010630,흥국화재해상보험주식회사,A2,파생상품 관련 손실,58010330000,101075896000,국내일반손보사,B,SI023,부문별 손익(파생상품)
2588,202109,0010630,흥국화재해상보험주식회사,A21,파생상품 관련 손실_파생상품 거래 손실,10605942000,26275583000,국내일반손보사,B,SI023,부문별 손익(파생상품)
2589,202109,0010630,흥국화재해상보험주식회사,A22,파생상품 평가 손실,47404388000,74800313000,국내일반손보사,B,SI023,부문별 손익(파생상품)
2590,202112,0010630,흥국화재해상보험주식회사,A,파생상품 관련 손익,-588262000,-101069331000,국내일반손보사,B,SI023,부문별 손익(파생상품)
2591,202112,0010630,흥국화재해상보험주식회사,A1,파생상품 관련 이익,904259000,1499086000,국내일반손보사,B,SI023,부문별 손익(파생상품)
2592,202112,0010630,흥국화재해상보험주식회사,A11,파생상품 관련 이익_파생상품 거래 이익,14454000,260844000,국내일반손보사,B,SI023,부문별 손익(파생상품)
2593,202112,0010630,흥국화재해상보험주식회사,A12,파생상품 관련 이익_파생상품 평가 이익,889805000,1238242000,국내일반손보사,B,SI023,부문별 손익(파생상품)
2594,202112,0010630,흥국화재해상보험주식회사,A2,파생상품 관련 손실,1492521000,102568417000,국내일반손보사,B,SI023,부문별 손익(파생상품)
2595,202112,0010630,흥국화재해상보험주식회사,A21,파생상품 관련 손실_파생상품 거래 손실,17489816000,43765399000,국내일반손보사,B,SI023,부문별 손익(파생상품)
2596,202112,0010630,흥국화재해상보험주식회사,A22,파생상품 평가 손실,-15997295000,58803018000,국내일반손보사,B,SI023,부문별 손익(파생상품)
2597,202203,0010630,흥국화재해상보험주식회사,A,파생상품 관련 손익,-27739534000,-27739534000,국내일반손보사,B,SI023,부문별 손익(파생상품)
2598,202203,0010630,흥국화재해상보험주식회사,A1,파생상품 관련 이익,645951000,645951000,국내일반손보사,B,SI023,부문별 손익(파생상품)
2599,202203,0010630,흥국화재해상보험주식회사,A11,파생상품 관련 이익_파생상품 거래 이익,40058000,40058000,국내일반손보사,B,SI023,부문별 손익(파생상품)
2600,202203,0010630,흥국화재해상보험주식회사,A12,파생상품 관련 이익_파생상품 평가 이익,605893000,605893000,국내일반손보사,B,SI023,부문별 손익(파생상품)
2601,202203,0010630,흥국화재해상보험주식회사,A2,파생상품 관련 손실,28385485000,28385485000,국내일반손보사,B,SI023,부문별 손익(파생상품)
2602,202203,0010630,흥국화재해상보험주식회사,A21,파생상품 관련 손실_파생상품 거래 손실,3217744000,3217744000,국내일반손보사,B,SI023,부문별 손익(파생상품)
2603,202203,0010630,흥국화재해상보험주식회사,A22,파생상품 평가 손실,25167741000,25167741000,국내일반손보사,B,SI023,부문별 손익(파생상품)
2604,202206,0010630,흥국화재해상보험주식회사,A,파생상품 관련 손익,-84702312000,-112441846000,국내일반손보사,B,SI023,부문별 손익(파생상품)
2605,202206,0010630,흥국화재해상보험주식회사,A1,파생상품 관련 이익,4009947000,4655898000,국내일반손보사,B,SI023,부문별 손익(파생상품)
2606,202206,0010630,흥국화재해상보험주식회사,A11,파생상품 관련 이익_파생상품 거래 이익,95605000,135663000,국내일반손보사,B,SI023,부문별 손익(파생상품)
2607,202206,0010630,흥국화재해상보험주식회사,A12,파생상품 관련 이익_파생상품 평가 이익,3914342000,4520235000,국내일반손보사,B,SI023,부문별 손익(파생상품)
2608,202206,0010630,흥국화재해상보험주식회사,A2,파생상품 관련 손실,88712259000,117097744000,국내일반손보사,B,SI023,부문별 손익(파생상품)
2609,202206,0010630,흥국화재해상보험주식회사,A21,파생상품 관련 손실_파생상품 거래 손실,22707044000,25924788000,국내일반손보사,B,SI023,부문별 손익(파생상품)
2610,202206,0010630,흥국화재해상보험주식회사,A22,파생상품 평가 손실,66005215000,91172956000,국내일반손보사,B,SI023,부문별 손익(파생상품)
2611,202209,0010630,흥국화재해상보험주식회사,A,파생상품 관련 손익,-172650472000,-285092318000,국내일반손보사,B,SI023,부문별 손익(파생상품)
2612,202209,0010630,흥국화재해상보험주식회사,A1,파생상품 관련 이익,-2563766000,2092132000,국내일반손보사,B,SI023,부문별 손익(파생상품)
2613,202209,0010630,흥국화재해상보험주식회사,A11,파생상품 관련 이익_파생상품 거래 이익,2975000,138638000,국내일반손보사,B,SI023,부문별 손익(파생상품)
2614,202209,0010630,흥국화재해상보험주식회사,A12,파생상품 관련 이익_파생상품 평가 이익,-2566741000,1953494000,국내일반손보사,B,SI023,부문별 손익(파생상품)
2615,202209,0010630,흥국화재해상보험주식회사,A2,파생상품 관련 손실,170086706000,287184450000,국내일반손보사,B,SI023,부문별 손익(파생상품)
2616,202209,0010630,흥국화재해상보험주식회사,A21,파생상품 관련 손실_파생상품 거래 손실,15617238000,41542026000,국내일반손보사,B,SI023,부문별 손익(파생상품)
2617,202209,0010630,흥국화재해상보험주식회사,A22,파생상품 평가 손실,154469468000,245642424000,국내일반손보사,B,SI023,부문별 손익(파생상품)
2618,202212,0010630,흥국화재해상보험주식회사,A,파생상품 관련 손익,214225435000,-70866883000,국내일반손보사,B,SI023,부문별 손익(파생상품)
2619,202212,0010630,흥국화재해상보험주식회사,A1,파생상품 관련 이익,40982791000,43074923000,국내일반손보사,B,SI023,부문별 손익(파생상품)
2620,202212,0010630,흥국화재해상보험주식회사,A11,파생상품 관련 이익_파생상품 거래 이익,2987880000,3126518000,국내일반손보사,B,SI023,부문별 손익(파생상품)
2621,202212,0010630,흥국화재해상보험주식회사,A12,파생상품 관련 이익_파생상품 평가 이익,37994911000,39948405000,국내일반손보사,B,SI023,부문별 손익(파생상품)
2622,202212,0010630,흥국화재해상보험주식회사,A2,파생상품 관련 손실,-173242644000,113941806000,국내일반손보사,B,SI023,부문별 손익(파생상품)
2623,202212,0010630,흥국화재해상보험주식회사,A21,파생상품 관련 손실_파생상품 거래 손실,17615391000,59157417000,국내일반손보사,B,SI023,부문별 손익(파생상품)
2624,202212,0010630,흥국화재해상보험주식회사,A22,파생상품 평가 손실,-190858035000,54784389000,국내일반손보사,B,SI023,부문별 손익(파생상품)
2625,202303,0010630,흥국화재해상보험주식회사,A,파생상품 관련 손익,-55519245000,-55519245000,국내일반손보사,B,SI023,부문별 손익(파생상품)
2626,202303,0010630,흥국화재해상보험주식회사,A1,파생상품 관련 손익_파생상품 관련 이익,4286649000,4286649000,국내일반손보사,B,SI023,부문별 손익(파생상품)
2627,202303,0010630,흥국화재해상보험주식회사,A11,파생상품 거래 이익,2869058000,2869058000,국내일반손보사,B,SI023,부문별 손익(파생상품)
2628,202303,0010630,흥국화재해상보험주식회사,A12,파생상품 평가 이익,1417591000,1417591000,국내일반손보사,B,SI023,부문별 손익(파생상품)
2629,202303,0010630,흥국화재해상보험주식회사,A2,파생상품 관련 손실,59805894000,59805894000,국내일반손보사,B,SI023,부문별 손익(파생상품)
2630,202303,0010630,흥국화재해상보험주식회사,A21,파생상품 거래 손실,5820383000,5820383000,국내일반손보사,B,SI023,부문별 손익(파생상품)
2631,202303,0010630,흥국화재해상보험주식회사,A22,파생상품 평가 손실,53985511000,53985511000,국내일반손보사,B,SI023,부문별 손익(파생상품)
2632,202306,0010630,흥국화재해상보험주식회사,A,파생상품 관련 손익,2681364000,-52837881000,국내일반손보사,B,SI023,부문별 손익(파생상품)
2633,202306,0010630,흥국화재해상보험주식회사,A1,파생상품 관련 손익_파생상품 관련 이익,21139858000,25426507000,국내일반손보사,B,SI023,부문별 손익(파생상품)
2634,202306,0010630,흥국화재해상보험주식회사,A11,파생상품 거래 이익,605750000,3474808000,국내일반손보사,B,SI023,부문별 손익(파생상품)
2635,202306,0010630,흥국화재해상보험주식회사,A12,파생상품 평가 이익,20534108000,21951699000,국내일반손보사,B,SI023,부문별 손익(파생상품)
2636,202306,0010630,흥국화재해상보험주식회사,A2,파생상품 관련 손실,18458494000,78264388000,국내일반손보사,B,SI023,부문별 손익(파생상품)
2637,202306,0010630,흥국화재해상보험주식회사,A21,파생상품 거래 손실,28206366000,34026749000,국내일반손보사,B,SI023,부문별 손익(파생상품)
2638,202306,0010630,흥국화재해상보험주식회사,A22,파생상품 평가 손실,-9747872000,44237639000,국내일반손보사,B,SI023,부문별 손익(파생상품)
2639,202309,0010630,흥국화재해상보험주식회사,A,파생상품 관련 손익,-38491569000,-91329450000,국내일반손보사,B,SI023,부문별 손익(파생상품)
2640,202309,0010630,흥국화재해상보험주식회사,A1,파생상품 관련 손익_파생상품 관련 이익,-5527395000,19899112000,국내일반손보사,B,SI023,부문별 손익(파생상품)
2641,202309,0010630,흥국화재해상보험주식회사,A11,파생상품 거래 이익,8907690000,12382498000,국내일반손보사,B,SI023,부문별 손익(파생상품)
2642,202309,0010630,흥국화재해상보험주식회사,A12,파생상품 평가 이익,-14435085000,7516614000,국내일반손보사,B,SI023,부문별 손익(파생상품)
2643,202309,0010630,흥국화재해상보험주식회사,A2,파생상품 관련 손실,32964174000,111228562000,국내일반손보사,B,SI023,부문별 손익(파생상품)
2644,202309,0010630,흥국화재해상보험주식회사,A21,파생상품 거래 손실,12183368000,46210117000,국내일반손보사,B,SI023,부문별 손익(파생상품)
2645,202309,0010630,흥국화재해상보험주식회사,A22,파생상품 평가 손실,20780806000,65018445000,국내일반손보사,B,SI023,부문별 손익(파생상품)
2646,202312,0010630,흥국화재해상보험주식회사,A,파생상품 관련 손익,34105125000,-57224325000,국내일반손보사,B,SI023,부문별 손익(파생상품)
2647,202312,0010630,흥국화재해상보험주식회사,A1,파생상품 관련 손익_파생상품 관련 이익,7657248000,27556360000,국내일반손보사,B,SI023,부문별 손익(파생상품)
2648,202312,0010630,흥국화재해상보험주식회사,A11,파생상품 거래 이익,573169000,12955667000,국내일반손보사,B,SI023,부문별 손익(파생상품)
2649,202312,0010630,흥국화재해상보험주식회사,A12,파생상품 평가 이익,7084079000,14600693000,국내일반손보사,B,SI023,부문별 손익(파생상품)
2650,202312,0010630,흥국화재해상보험주식회사,A2,파생상품 관련 손실,-26447877000,84780685000,국내일반손보사,B,SI023,부문별 손익(파생상품)
2651,202312,0010630,흥국화재해상보험주식회사,A21,파생상품 거래 손실,11837701000,58047818000,국내일반손보사,B,SI023,부문별 손익(파생상품)
2652,202312,0010630,흥국화재해상보험주식회사,A22,파생상품 평가 손실,-38285578000,26732867000,국내일반손보사,B,SI023,부문별 손익(파생상품)
2653,202403,0010630,흥국화재해상보험주식회사,A,파생상품 관련 손익,-65542477000,-65542477000,국내일반손보사,B,SI023,부문별 손익(파생상품)
2654,202403,0010630,흥국화재해상보험주식회사,A1,파생상품 관련 손익_파생상품 관련 이익,2110704000,2110704000,국내일반손보사,B,SI023,부문별 손익(파생상품)
2655,202403,0010630,흥국화재해상보험주식회사,A11,파생상품 거래 이익,1929838000,1929838000,국내일반손보사,B,SI023,부문별 손익(파생상품)
2656,202403,0010630,흥국화재해상보험주식회사,A12,파생상품 평가 이익,180866000,180866000,국내일반손보사,B,SI023,부문별 손익(파생상품)
2657,202403,0010630,흥국화재해상보험주식회사,A2,파생상품 관련 손실,67653181000,67653181000,국내일반손보사,B,SI023,부문별 손익(파생상품)
2658,202403,0010630,흥국화재해상보험주식회사,A21,파생상품 거래 손실,14597807000,14597807000,국내일반손보사,B,SI023,부문별 손익(파생상품)
2659,202403,0010630,흥국화재해상보험주식회사,A22,파생상품 평가 손실,53055374000,53055374000,국내일반손보사,B,SI023,부문별 손익(파생상품)
2660,202406,0010630,흥국화재해상보험주식회사,A,파생상품 관련 손익,-89095065000,-154637542000,국내일반손보사,B,SI023,부문별 손익(파생상품)
2661,202406,0010630,흥국화재해상보험주식회사,A1,파생상품 관련 손익_파생상품 관련 이익,-145268000,1965436000,국내일반손보사,B,SI023,부문별 손익(파생상품)
2662,202406,0010630,흥국화재해상보험주식회사,A11,파생상품 거래 이익,28236000,1958074000,국내일반손보사,B,SI023,부문별 손익(파생상품)
2663,202406,0010630,흥국화재해상보험주식회사,A12,파생상품 평가 이익,-173504000,7362000,국내일반손보사,B,SI023,부문별 손익(파생상품)
2664,202406,0010630,흥국화재해상보험주식회사,A2,파생상품 관련 손실,88949797000,156602978000,국내일반손보사,B,SI023,부문별 손익(파생상품)
2665,202406,0010630,흥국화재해상보험주식회사,A21,파생상품 거래 손실,40198739000,54796546000,국내일반손보사,B,SI023,부문별 손익(파생상품)
2666,202406,0010630,흥국화재해상보험주식회사,A22,파생상품 평가 손실,48751058000,101806432000,국내일반손보사,B,SI023,부문별 손익(파생상품)
2667,202409,0010630,흥국화재해상보험주식회사,A,파생상품 관련 손익,73576906000,-81060636000,국내일반손보사,B,SI023,부문별 손익(파생상품)
2668,202409,0010630,흥국화재해상보험주식회사,A1,파생상품 관련 손익_파생상품 관련 이익,28431900000,30397336000,국내일반손보사,B,SI023,부문별 손익(파생상품)
2669,202409,0010630,흥국화재해상보험주식회사,A11,파생상품 거래 이익,758751000,2716825000,국내일반손보사,B,SI023,부문별 손익(파생상품)
2670,202409,0010630,흥국화재해상보험주식회사,A12,파생상품 평가 이익,27673149000,27680511000,국내일반손보사,B,SI023,부문별 손익(파생상품)
2671,202409,0010630,흥국화재해상보험주식회사,A2,파생상품 관련 손실,-45145006000,111457972000,국내일반손보사,B,SI023,부문별 손익(파생상품)
2672,202409,0010630,흥국화재해상보험주식회사,A21,파생상품 거래 손실,27379220000,82175766000,국내일반손보사,B,SI023,부문별 손익(파생상품)
2673,202409,0010630,흥국화재해상보험주식회사,A22,파생상품 평가 손실,-72524226000,29282206000,국내일반손보사,B,SI023,부문별 손익(파생상품)
2674,202412,0010630,흥국화재해상보험주식회사,A,파생상품 관련 손익,-159713331000,-240773967000,국내일반손보사,B,SI023,부문별 손익(파생상품)
2675,202412,0010630,흥국화재해상보험주식회사,A1,파생상품 관련 손익_파생상품 관련 이익,-25747427000,4649909000,국내일반손보사,B,SI023,부문별 손익(파생상품)
2676,202412,0010630,흥국화재해상보험주식회사,A11,파생상품 거래 이익,83627000,2800452000,국내일반손보사,B,SI023,부문별 손익(파생상품)
2677,202412,0010630,흥국화재해상보험주식회사,A12,파생상품 평가 이익,-25831054000,1849457000,국내일반손보사,B,SI023,부문별 손익(파생상품)
2678,202412,0010630,흥국화재해상보험주식회사,A2,파생상품 관련 손실,133965904000,245423876000,국내일반손보사,B,SI023,부문별 손익(파생상품)
2679,202412,0010630,흥국화재해상보험주식회사,A21,파생상품 거래 손실,13752676000,95928442000,국내일반손보사,B,SI023,부문별 손익(파생상품)
2680,202412,0010630,흥국화재해상보험주식회사,A22,파생상품 평가 손실,120213228000,149495434000,국내일반손보사,B,SI023,부문별 손익(파생상품)
2681,202503,0010630,흥국화재해상보험주식회사,A,파생상품 관련 손익,-8858277000,-8858277000,국내일반손보사,B,SI023,부문별 손익(파생상품)
2682,202503,0010630,흥국화재해상보험주식회사,A1,파생상품 관련 손익_파생상품 관련 이익,8039369000,8039369000,국내일반손보사,B,SI023,부문별 손익(파생상품)
2683,202503,0010630,흥국화재해상보험주식회사,A11,파생상품 거래 이익,6092714000,6092714000,국내일반손보사,B,SI023,부문별 손익(파생상품)
2684,202503,0010630,흥국화재해상보험주식회사,A12,파생상품 평가 이익,1946655000,1946655000,국내일반손보사,B,SI023,부문별 손익(파생상품)
2685,202503,0010630,흥국화재해상보험주식회사,A2,파생상품 관련 손실,16897646000,16897646000,국내일반손보사,B,SI023,부문별 손익(파생상품)
2686,202503,0010630,흥국화재해상보험주식회사,A21,파생상품 거래 손실,3814466000,3814466000,국내일반손보사,B,SI023,부문별 손익(파생상품)
2687,202503,0010630,흥국화재해상보험주식회사,A22,파생상품 평가 손실,13083180000,13083180000,국내일반손보사,B,SI023,부문별 손익(파생상품)
2688,202506,0010630,흥국화재해상보험주식회사,A,파생상품 관련 손익,127283267000,118424990000,국내일반손보사,B,SI023,부문별 손익(파생상품)
2689,202506,0010630,흥국화재해상보험주식회사,A1,파생상품 관련 손익_파생상품 관련 이익,119135701000,127175070000,국내일반손보사,B,SI023,부문별 손익(파생상품)
2690,202506,0010630,흥국화재해상보험주식회사,A11,파생상품 거래 이익,14611539000,20704253000,국내일반손보사,B,SI023,부문별 손익(파생상품)
2691,202506,0010630,흥국화재해상보험주식회사,A12,파생상품 평가 이익,104524162000,106470817000,국내일반손보사,B,SI023,부문별 손익(파생상품)
2692,202506,0010630,흥국화재해상보험주식회사,A2,파생상품 관련 손실,-8147566000,8750080000,국내일반손보사,B,SI023,부문별 손익(파생상품)
2693,202506,0010630,흥국화재해상보험주식회사,A21,파생상품 거래 손실,4819221000,8633687000,국내일반손보사,B,SI023,부문별 손익(파생상품)
2694,202506,0010630,흥국화재해상보험주식회사,A22,파생상품 평가 손실,-12966787000,116393000,국내일반손보사,B,SI023,부문별 손익(파생상품)
2695,202509,0010630,흥국화재해상보험주식회사,A,파생상품 관련 손익,-83099660000,35325330000,국내일반손보사,B,SI023,부문별 손익(파생상품)
2696,202509,0010630,흥국화재해상보험주식회사,A1,파생상품 관련 손익_파생상품 관련 이익,-58414700000,68760370000,국내일반손보사,B,SI023,부문별 손익(파생상품)
2697,202509,0010630,흥국화재해상보험주식회사,A11,파생상품 거래 이익,10089871000,30794124000,국내일반손보사,B,SI023,부문별 손익(파생상품)
2698,202509,0010630,흥국화재해상보험주식회사,A12,파생상품 평가 이익,-68504571000,37966246000,국내일반손보사,B,SI023,부문별 손익(파생상품)
2699,202509,0010630,흥국화재해상보험주식회사,A2,파생상품 관련 손실,24684960000,33435040000,국내일반손보사,B,SI023,부문별 손익(파생상품)
2700,202509,0010630,흥국화재해상보험주식회사,A21,파생상품 거래 손실,5937018000,14570705000,국내일반손보사,B,SI023,부문별 손익(파생상품)
2701,202509,0010630,흥국화재해상보험주식회사,A22,파생상품 평가 손실,18747942000,18864335000,국내일반손보사,B,SI023,부문별 손익(파생상품)
2702,201703,0010637,서울보증보험주식회사,A,파생상품 관련 손익,-34962000,-34962000,국내전업손보사,B,SI023,부문별 손익(파생상품)
2703,201703,0010637,서울보증보험주식회사,A1,파생상품 관련 이익,72843000,72843000,국내전업손보사,B,SI023,부문별 손익(파생상품)
2704,201703,0010637,서울보증보험주식회사,A11,파생상품 관련 이익_파생상품 거래 이익,72843000,72843000,국내전업손보사,B,SI023,부문별 손익(파생상품)
2705,201703,0010637,서울보증보험주식회사,A12,파생상품 관련 이익_파생상품 평가 이익,0,0,국내전업손보사,B,SI023,부문별 손익(파생상품)
2706,201703,0010637,서울보증보험주식회사,A2,파생상품 관련 손실,107805000,107805000,국내전업손보사,B,SI023,부문별 손익(파생상품)
2707,201703,0010637,서울보증보험주식회사,A21,파생상품 관련 손실_파생상품 거래 손실,77430000,77430000,국내전업손보사,B,SI023,부문별 손익(파생상품)
2708,201703,0010637,서울보증보험주식회사,A22,파생상품 평가 손실,30375000,30375000,국내전업손보사,B,SI023,부문별 손익(파생상품)
2709,201706,0010637,서울보증보험주식회사,A,파생상품 관련 손익,-277559000,-312521000,국내전업손보사,B,SI023,부문별 손익(파생상품)
2710,201706,0010637,서울보증보험주식회사,A1,파생상품 관련 이익,229691000,302534000,국내전업손보사,B,SI023,부문별 손익(파생상품)
2711,201706,0010637,서울보증보험주식회사,A11,파생상품 관련 이익_파생상품 거래 이익,223100000,295943000,국내전업손보사,B,SI023,부문별 손익(파생상품)
2712,201706,0010637,서울보증보험주식회사,A12,파생상품 관련 이익_파생상품 평가 이익,6591000,6591000,국내전업손보사,B,SI023,부문별 손익(파생상품)
2713,201706,0010637,서울보증보험주식회사,A2,파생상품 관련 손실,507250000,615055000,국내전업손보사,B,SI023,부문별 손익(파생상품)
2714,201706,0010637,서울보증보험주식회사,A21,파생상품 관련 손실_파생상품 거래 손실,380518000,457948000,국내전업손보사,B,SI023,부문별 손익(파생상품)
2715,201706,0010637,서울보증보험주식회사,A22,파생상품 평가 손실,126732000,157107000,국내전업손보사,B,SI023,부문별 손익(파생상품)
2716,201709,0010637,서울보증보험주식회사,A,파생상품 관련 손익,-797473000,-1109994000,국내전업손보사,B,SI023,부문별 손익(파생상품)
2717,201709,0010637,서울보증보험주식회사,A1,파생상품 관련 이익,122876000,425410000,국내전업손보사,B,SI023,부문별 손익(파생상품)
2718,201709,0010637,서울보증보험주식회사,A11,파생상품 관련 이익_파생상품 거래 이익,129467000,425410000,국내전업손보사,B,SI023,부문별 손익(파생상품)
2719,201709,0010637,서울보증보험주식회사,A12,파생상품 관련 이익_파생상품 평가 이익,-6591000,0,국내전업손보사,B,SI023,부문별 손익(파생상품)
2720,201709,0010637,서울보증보험주식회사,A2,파생상품 관련 손실,920349000,1535404000,국내전업손보사,B,SI023,부문별 손익(파생상품)
2721,201709,0010637,서울보증보험주식회사,A21,파생상품 관련 손실_파생상품 거래 손실,267207000,725155000,국내전업손보사,B,SI023,부문별 손익(파생상품)
2722,201709,0010637,서울보증보험주식회사,A22,파생상품 평가 손실,653142000,810249000,국내전업손보사,B,SI023,부문별 손익(파생상품)
2723,201712,0010637,서울보증보험주식회사,A,파생상품 관련 손익,3324107000,2214113000,국내전업손보사,B,SI023,부문별 손익(파생상품)
2724,201712,0010637,서울보증보험주식회사,A1,파생상품 관련 이익,2732115000,3157525000,국내전업손보사,B,SI023,부문별 손익(파생상품)
2725,201712,0010637,서울보증보험주식회사,A11,파생상품 관련 이익_파생상품 거래 이익,137822000,563232000,국내전업손보사,B,SI023,부문별 손익(파생상품)
2726,201712,0010637,서울보증보험주식회사,A12,파생상품 관련 이익_파생상품 평가 이익,2594293000,2594293000,국내전업손보사,B,SI023,부문별 손익(파생상품)
2727,201712,0010637,서울보증보험주식회사,A2,파생상품 관련 손실,-591992000,943412000,국내전업손보사,B,SI023,부문별 손익(파생상품)
2728,201712,0010637,서울보증보험주식회사,A21,파생상품 관련 손실_파생상품 거래 손실,218257000,943412000,국내전업손보사,B,SI023,부문별 손익(파생상품)
2729,201712,0010637,서울보증보험주식회사,A22,파생상품 평가 손실,-810249000,0,국내전업손보사,B,SI023,부문별 손익(파생상품)
2730,201803,0010637,서울보증보험주식회사,A,파생상품 관련 손익,83985000,83985000,국내전업손보사,B,SI023,부문별 손익(파생상품)
2731,201803,0010637,서울보증보험주식회사,A1,파생상품 관련 이익,564523000,564523000,국내전업손보사,B,SI023,부문별 손익(파생상품)
2732,201803,0010637,서울보증보험주식회사,A11,파생상품 관련 이익_파생상품 거래 이익,236963000,236963000,국내전업손보사,B,SI023,부문별 손익(파생상품)
2733,201803,0010637,서울보증보험주식회사,A12,파생상품 관련 이익_파생상품 평가 이익,327560000,327560000,국내전업손보사,B,SI023,부문별 손익(파생상품)
2734,201803,0010637,서울보증보험주식회사,A2,파생상품 관련 손실,480538000,480538000,국내전업손보사,B,SI023,부문별 손익(파생상품)
2735,201803,0010637,서울보증보험주식회사,A21,파생상품 관련 손실_파생상품 거래 손실,431211000,431211000,국내전업손보사,B,SI023,부문별 손익(파생상품)
2736,201803,0010637,서울보증보험주식회사,A22,파생상품 평가 손실,49327000,49327000,국내전업손보사,B,SI023,부문별 손익(파생상품)
2737,201806,0010637,서울보증보험주식회사,A,파생상품 관련 손익,-2618686000,-2534701000,국내전업손보사,B,SI023,부문별 손익(파생상품)
2738,201806,0010637,서울보증보험주식회사,A1,파생상품 관련 이익,356001000,920524000,국내전업손보사,B,SI023,부문별 손익(파생상품)
2739,201806,0010637,서울보증보험주식회사,A11,파생상품 관련 이익_파생상품 거래 이익,599625000,836588000,국내전업손보사,B,SI023,부문별 손익(파생상품)
2740,201806,0010637,서울보증보험주식회사,A12,파생상품 관련 이익_파생상품 평가 이익,-243624000,83936000,국내전업손보사,B,SI023,부문별 손익(파생상품)
2741,201806,0010637,서울보증보험주식회사,A2,파생상품 관련 손실,2974687000,3455225000,국내전업손보사,B,SI023,부문별 손익(파생상품)
2742,201806,0010637,서울보증보험주식회사,A21,파생상품 관련 손실_파생상품 거래 손실,418433000,849644000,국내전업손보사,B,SI023,부문별 손익(파생상품)
2743,201806,0010637,서울보증보험주식회사,A22,파생상품 평가 손실,2556254000,2605581000,국내전업손보사,B,SI023,부문별 손익(파생상품)
2744,201809,0010637,서울보증보험주식회사,A,파생상품 관련 손익,414932000,-2119769000,국내전업손보사,B,SI023,부문별 손익(파생상품)
2745,201809,0010637,서울보증보험주식회사,A1,파생상품 관련 이익,772146000,1692670000,국내전업손보사,B,SI023,부문별 손익(파생상품)
2746,201809,0010637,서울보증보험주식회사,A11,파생상품 관련 이익_파생상품 거래 이익,495532000,1332120000,국내전업손보사,B,SI023,부문별 손익(파생상품)
2747,201809,0010637,서울보증보험주식회사,A12,파생상품 관련 이익_파생상품 평가 이익,276614000,360550000,국내전업손보사,B,SI023,부문별 손익(파생상품)
2748,201809,0010637,서울보증보험주식회사,A2,파생상품 관련 손실,357214000,3812439000,국내전업손보사,B,SI023,부문별 손익(파생상품)
2749,201809,0010637,서울보증보험주식회사,A21,파생상품 관련 손실_파생상품 거래 손실,2473305000,3322949000,국내전업손보사,B,SI023,부문별 손익(파생상품)
2750,201809,0010637,서울보증보험주식회사,A22,파생상품 평가 손실,-2116091000,489490000,국내전업손보사,B,SI023,부문별 손익(파생상품)
2751,201812,0010637,서울보증보험주식회사,A,파생상품 관련 손익,-213852000,-2333621000,국내전업손보사,B,SI023,부문별 손익(파생상품)
2752,201812,0010637,서울보증보험주식회사,A1,파생상품 관련 이익,629434000,2322104000,국내전업손보사,B,SI023,부문별 손익(파생상품)
2753,201812,0010637,서울보증보험주식회사,A11,파생상품 관련 이익_파생상품 거래 이익,812614000,2144734000,국내전업손보사,B,SI023,부문별 손익(파생상품)
2754,201812,0010637,서울보증보험주식회사,A12,파생상품 관련 이익_파생상품 평가 이익,-183180000,177370000,국내전업손보사,B,SI023,부문별 손익(파생상품)
2755,201812,0010637,서울보증보험주식회사,A2,파생상품 관련 손실,843286000,4655725000,국내전업손보사,B,SI023,부문별 손익(파생상품)
2756,201812,0010637,서울보증보험주식회사,A21,파생상품 관련 손실_파생상품 거래 손실,1093964000,4416913000,국내전업손보사,B,SI023,부문별 손익(파생상품)
2757,201812,0010637,서울보증보험주식회사,A22,파생상품 평가 손실,-250678000,238812000,국내전업손보사,B,SI023,부문별 손익(파생상품)
2758,201903,0010637,서울보증보험주식회사,A,파생상품 관련 손익,-1150415000,-1150415000,국내전업손보사,B,SI023,부문별 손익(파생상품)
2759,201903,0010637,서울보증보험주식회사,A1,파생상품 관련 이익,265116000,265116000,국내전업손보사,B,SI023,부문별 손익(파생상품)
2760,201903,0010637,서울보증보험주식회사,A11,파생상품 관련 이익_파생상품 거래 이익,200928000,200928000,국내전업손보사,B,SI023,부문별 손익(파생상품)
2761,201903,0010637,서울보증보험주식회사,A12,파생상품 관련 이익_파생상품 평가 이익,64188000,64188000,국내전업손보사,B,SI023,부문별 손익(파생상품)
2762,201903,0010637,서울보증보험주식회사,A2,파생상품 관련 손실,1415531000,1415531000,국내전업손보사,B,SI023,부문별 손익(파생상품)
2763,201903,0010637,서울보증보험주식회사,A21,파생상품 관련 손실_파생상품 거래 손실,302740000,302740000,국내전업손보사,B,SI023,부문별 손익(파생상품)
2764,201903,0010637,서울보증보험주식회사,A22,파생상품 평가 손실,1112791000,1112791000,국내전업손보사,B,SI023,부문별 손익(파생상품)
2765,201906,0010637,서울보증보험주식회사,A,파생상품 관련 손익,-864858000,-2015273000,국내전업손보사,B,SI023,부문별 손익(파생상품)
2766,201906,0010637,서울보증보험주식회사,A1,파생상품 관련 이익,908458000,1173574000,국내전업손보사,B,SI023,부문별 손익(파생상품)
2767,201906,0010637,서울보증보험주식회사,A11,파생상품 관련 이익_파생상품 거래 이익,262572000,463500000,국내전업손보사,B,SI023,부문별 손익(파생상품)
2768,201906,0010637,서울보증보험주식회사,A12,파생상품 관련 이익_파생상품 평가 이익,645886000,710074000,국내전업손보사,B,SI023,부문별 손익(파생상품)
2769,201906,0010637,서울보증보험주식회사,A2,파생상품 관련 손실,1773316000,3188847000,국내전업손보사,B,SI023,부문별 손익(파생상품)
2770,201906,0010637,서울보증보험주식회사,A21,파생상품 관련 손실_파생상품 거래 손실,844172000,1146912000,국내전업손보사,B,SI023,부문별 손익(파생상품)
2771,201906,0010637,서울보증보험주식회사,A22,파생상품 평가 손실,929144000,2041935000,국내전업손보사,B,SI023,부문별 손익(파생상품)
2772,201909,0010637,서울보증보험주식회사,A,파생상품 관련 손익,-4052802000,-6068075000,국내전업손보사,B,SI023,부문별 손익(파생상품)
2773,201909,0010637,서울보증보험주식회사,A1,파생상품 관련 이익,368285000,1541859000,국내전업손보사,B,SI023,부문별 손익(파생상품)
2774,201909,0010637,서울보증보험주식회사,A11,파생상품 관련 이익_파생상품 거래 이익,247578000,711078000,국내전업손보사,B,SI023,부문별 손익(파생상품)
2775,201909,0010637,서울보증보험주식회사,A12,파생상품 관련 이익_파생상품 평가 이익,120707000,830781000,국내전업손보사,B,SI023,부문별 손익(파생상품)
2776,201909,0010637,서울보증보험주식회사,A2,파생상품 관련 손실,4421087000,7609934000,국내전업손보사,B,SI023,부문별 손익(파생상품)
2777,201909,0010637,서울보증보험주식회사,A21,파생상품 관련 손실_파생상품 거래 손실,3490296000,4637208000,국내전업손보사,B,SI023,부문별 손익(파생상품)
2778,201909,0010637,서울보증보험주식회사,A22,파생상품 평가 손실,930791000,2972726000,국내전업손보사,B,SI023,부문별 손익(파생상품)
2779,201912,0010637,서울보증보험주식회사,A,파생상품 관련 손익,4280758000,-1787317000,국내전업손보사,B,SI023,부문별 손익(파생상품)
2780,201912,0010637,서울보증보험주식회사,A1,파생상품 관련 이익,3102115000,4643974000,국내전업손보사,B,SI023,부문별 손익(파생상품)
2781,201912,0010637,서울보증보험주식회사,A11,파생상품 관련 이익_파생상품 거래 이익,1360251000,2071329000,국내전업손보사,B,SI023,부문별 손익(파생상품)
2782,201912,0010637,서울보증보험주식회사,A12,파생상품 관련 이익_파생상품 평가 이익,1741864000,2572645000,국내전업손보사,B,SI023,부문별 손익(파생상품)
2783,201912,0010637,서울보증보험주식회사,A2,파생상품 관련 손실,-1178643000,6431291000,국내전업손보사,B,SI023,부문별 손익(파생상품)
2784,201912,0010637,서울보증보험주식회사,A21,파생상품 관련 손실_파생상품 거래 손실,1234244000,5871452000,국내전업손보사,B,SI023,부문별 손익(파생상품)
2785,201912,0010637,서울보증보험주식회사,A22,파생상품 평가 손실,-2412887000,559839000,국내전업손보사,B,SI023,부문별 손익(파생상품)
2786,202003,0010637,서울보증보험주식회사,A,파생상품 관련 손익,685960000,685960000,국내전업손보사,B,SI023,부문별 손익(파생상품)
2787,202003,0010637,서울보증보험주식회사,A1,파생상품 관련 이익,11849539000,11849539000,국내전업손보사,B,SI023,부문별 손익(파생상품)
2788,202003,0010637,서울보증보험주식회사,A11,파생상품 관련 이익_파생상품 거래 이익,7168713000,7168713000,국내전업손보사,B,SI023,부문별 손익(파생상품)
2789,202003,0010637,서울보증보험주식회사,A12,파생상품 관련 이익_파생상품 평가 이익,4680826000,4680826000,국내전업손보사,B,SI023,부문별 손익(파생상품)
2790,202003,0010637,서울보증보험주식회사,A2,파생상품 관련 손실,11163579000,11163579000,국내전업손보사,B,SI023,부문별 손익(파생상품)
2791,202003,0010637,서울보증보험주식회사,A21,파생상품 관련 손실_파생상품 거래 손실,3537093000,3537093000,국내전업손보사,B,SI023,부문별 손익(파생상품)
2792,202003,0010637,서울보증보험주식회사,A22,파생상품 평가 손실,7626486000,7626486000,국내전업손보사,B,SI023,부문별 손익(파생상품)
2793,202006,0010637,서울보증보험주식회사,A,파생상품 관련 손익,-8098474000,-7412514000,국내전업손보사,B,SI023,부문별 손익(파생상품)
2794,202006,0010637,서울보증보험주식회사,A1,파생상품 관련 이익,-25063000,11824476000,국내전업손보사,B,SI023,부문별 손익(파생상품)
2795,202006,0010637,서울보증보험주식회사,A11,파생상품 관련 이익_파생상품 거래 이익,2710575000,9879288000,국내전업손보사,B,SI023,부문별 손익(파생상품)
2796,202006,0010637,서울보증보험주식회사,A12,파생상품 관련 이익_파생상품 평가 이익,-2735638000,1945188000,국내전업손보사,B,SI023,부문별 손익(파생상품)
2797,202006,0010637,서울보증보험주식회사,A2,파생상품 관련 손실,8073411000,19236990000,국내전업손보사,B,SI023,부문별 손익(파생상품)
2798,202006,0010637,서울보증보험주식회사,A21,파생상품 관련 손실_파생상품 거래 손실,7945112000,11482205000,국내전업손보사,B,SI023,부문별 손익(파생상품)
2799,202006,0010637,서울보증보험주식회사,A22,파생상품 평가 손실,128299000,7754785000,국내전업손보사,B,SI023,부문별 손익(파생상품)
2800,202009,0010637,서울보증보험주식회사,A,파생상품 관련 손익,2460154000,-4952360000,국내전업손보사,B,SI023,부문별 손익(파생상품)
2801,202009,0010637,서울보증보험주식회사,A1,파생상품 관련 이익,3706757000,15531233000,국내전업손보사,B,SI023,부문별 손익(파생상품)
2802,202009,0010637,서울보증보험주식회사,A11,파생상품 관련 이익_파생상품 거래 이익,1004199000,10883487000,국내전업손보사,B,SI023,부문별 손익(파생상품)
2803,202009,0010637,서울보증보험주식회사,A12,파생상품 관련 이익_파생상품 평가 이익,2702558000,4647746000,국내전업손보사,B,SI023,부문별 손익(파생상품)
2804,202009,0010637,서울보증보험주식회사,A2,파생상품 관련 손실,1246603000,20483593000,국내전업손보사,B,SI023,부문별 손익(파생상품)
2805,202009,0010637,서울보증보험주식회사,A21,파생상품 관련 손실_파생상품 거래 손실,3869344000,15351549000,국내전업손보사,B,SI023,부문별 손익(파생상품)
2806,202009,0010637,서울보증보험주식회사,A22,파생상품 평가 손실,-2622741000,5132044000,국내전업손보사,B,SI023,부문별 손익(파생상품)
2807,202012,0010637,서울보증보험주식회사,A,파생상품 관련 손익,15008640000,10056280000,국내전업손보사,B,SI023,부문별 손익(파생상품)
2808,202012,0010637,서울보증보험주식회사,A1,파생상품 관련 이익,14327434000,29858667000,국내전업손보사,B,SI023,부문별 손익(파생상품)
2809,202012,0010637,서울보증보험주식회사,A11,파생상품 관련 이익_파생상품 거래 이익,8537626000,19421113000,국내전업손보사,B,SI023,부문별 손익(파생상품)
2810,202012,0010637,서울보증보험주식회사,A12,파생상품 관련 이익_파생상품 평가 이익,5789808000,10437554000,국내전업손보사,B,SI023,부문별 손익(파생상품)
2811,202012,0010637,서울보증보험주식회사,A2,파생상품 관련 손실,-681206000,19802387000,국내전업손보사,B,SI023,부문별 손익(파생상품)
2812,202012,0010637,서울보증보험주식회사,A21,파생상품 관련 손실_파생상품 거래 손실,2643760000,17995309000,국내전업손보사,B,SI023,부문별 손익(파생상품)
2813,202012,0010637,서울보증보험주식회사,A22,파생상품 평가 손실,-3324966000,1807078000,국내전업손보사,B,SI023,부문별 손익(파생상품)
2814,202103,0010637,서울보증보험주식회사,A,파생상품 관련 손익,-7850257000,-7850257000,국내전업손보사,B,SI023,부문별 손익(파생상품)
2815,202103,0010637,서울보증보험주식회사,A1,파생상품 관련 이익,489862000,489862000,국내전업손보사,B,SI023,부문별 손익(파생상품)
2816,202103,0010637,서울보증보험주식회사,A11,파생상품 관련 이익_파생상품 거래 이익,284022000,284022000,국내전업손보사,B,SI023,부문별 손익(파생상품)
2817,202103,0010637,서울보증보험주식회사,A12,파생상품 관련 이익_파생상품 평가 이익,205840000,205840000,국내전업손보사,B,SI023,부문별 손익(파생상품)
2818,202103,0010637,서울보증보험주식회사,A2,파생상품 관련 손실,8340119000,8340119000,국내전업손보사,B,SI023,부문별 손익(파생상품)
2819,202103,0010637,서울보증보험주식회사,A21,파생상품 관련 손실_파생상품 거래 손실,2067559000,2067559000,국내전업손보사,B,SI023,부문별 손익(파생상품)
2820,202103,0010637,서울보증보험주식회사,A22,파생상품 평가 손실,6272560000,6272560000,국내전업손보사,B,SI023,부문별 손익(파생상품)
2821,202106,0010637,서울보증보험주식회사,A,파생상품 관련 손익,890120000,-6960137000,국내전업손보사,B,SI023,부문별 손익(파생상품)
2822,202106,0010637,서울보증보험주식회사,A1,파생상품 관련 이익,-27584000,462278000,국내전업손보사,B,SI023,부문별 손익(파생상품)
2823,202106,0010637,서울보증보험주식회사,A11,파생상품 관련 이익_파생상품 거래 이익,115492000,399514000,국내전업손보사,B,SI023,부문별 손익(파생상품)
2824,202106,0010637,서울보증보험주식회사,A12,파생상품 관련 이익_파생상품 평가 이익,-143076000,62764000,국내전업손보사,B,SI023,부문별 손익(파생상품)
2825,202106,0010637,서울보증보험주식회사,A2,파생상품 관련 손실,-917704000,7422415000,국내전업손보사,B,SI023,부문별 손익(파생상품)
2826,202106,0010637,서울보증보험주식회사,A21,파생상품 관련 손실_파생상품 거래 손실,1773937000,3841496000,국내전업손보사,B,SI023,부문별 손익(파생상품)
2827,202106,0010637,서울보증보험주식회사,A22,파생상품 평가 손실,-2691641000,3580919000,국내전업손보사,B,SI023,부문별 손익(파생상품)
2828,202109,0010637,서울보증보험주식회사,A,파생상품 관련 손익,-3758053000,-10718190000,국내전업손보사,B,SI023,부문별 손익(파생상품)
2829,202109,0010637,서울보증보험주식회사,A1,파생상품 관련 이익,130089000,592367000,국내전업손보사,B,SI023,부문별 손익(파생상품)
2830,202109,0010637,서울보증보험주식회사,A11,파생상품 관련 이익_파생상품 거래 이익,146724000,546238000,국내전업손보사,B,SI023,부문별 손익(파생상품)
2831,202109,0010637,서울보증보험주식회사,A12,파생상품 관련 이익_파생상품 평가 이익,-16635000,46129000,국내전업손보사,B,SI023,부문별 손익(파생상품)
2832,202109,0010637,서울보증보험주식회사,A2,파생상품 관련 손실,3888142000,11310557000,국내전업손보사,B,SI023,부문별 손익(파생상품)
2833,202109,0010637,서울보증보험주식회사,A21,파생상품 관련 손실_파생상품 거래 손실,3158927000,7000423000,국내전업손보사,B,SI023,부문별 손익(파생상품)
2834,202109,0010637,서울보증보험주식회사,A22,파생상품 평가 손실,729215000,4310134000,국내전업손보사,B,SI023,부문별 손익(파생상품)
2835,202112,0010637,서울보증보험주식회사,A,파생상품 관련 손익,-357505000,-11075695000,국내전업손보사,B,SI023,부문별 손익(파생상품)
2836,202112,0010637,서울보증보험주식회사,A1,파생상품 관련 이익,474016000,1066383000,국내전업손보사,B,SI023,부문별 손익(파생상품)
2837,202112,0010637,서울보증보험주식회사,A11,파생상품 관련 이익_파생상품 거래 이익,415261000,961499000,국내전업손보사,B,SI023,부문별 손익(파생상품)
2838,202112,0010637,서울보증보험주식회사,A12,파생상품 관련 이익_파생상품 평가 이익,58755000,104884000,국내전업손보사,B,SI023,부문별 손익(파생상품)
2839,202112,0010637,서울보증보험주식회사,A2,파생상품 관련 손실,831521000,12142078000,국내전업손보사,B,SI023,부문별 손익(파생상품)
2840,202112,0010637,서울보증보험주식회사,A21,파생상품 관련 손실_파생상품 거래 손실,4755222000,11755645000,국내전업손보사,B,SI023,부문별 손익(파생상품)
2841,202112,0010637,서울보증보험주식회사,A22,파생상품 평가 손실,-3923701000,386433000,국내전업손보사,B,SI023,부문별 손익(파생상품)
2842,202203,0010637,서울보증보험주식회사,A,파생상품 관련 손익,-1438656000,-1438656000,국내전업손보사,B,SI023,부문별 손익(파생상품)
2843,202203,0010637,서울보증보험주식회사,A1,파생상품 관련 이익,2279830000,2279830000,국내전업손보사,B,SI023,부문별 손익(파생상품)
2844,202203,0010637,서울보증보험주식회사,A11,파생상품 관련 이익_파생상품 거래 이익,2161002000,2161002000,국내전업손보사,B,SI023,부문별 손익(파생상품)
2845,202203,0010637,서울보증보험주식회사,A12,파생상품 관련 이익_파생상품 평가 이익,118828000,118828000,국내전업손보사,B,SI023,부문별 손익(파생상품)
2846,202203,0010637,서울보증보험주식회사,A2,파생상품 관련 손실,3718486000,3718486000,국내전업손보사,B,SI023,부문별 손익(파생상품)
2847,202203,0010637,서울보증보험주식회사,A21,파생상품 관련 손실_파생상품 거래 손실,1695985000,1695985000,국내전업손보사,B,SI023,부문별 손익(파생상품)
2848,202203,0010637,서울보증보험주식회사,A22,파생상품 평가 손실,2022501000,2022501000,국내전업손보사,B,SI023,부문별 손익(파생상품)
2849,202206,0010637,서울보증보험주식회사,A,파생상품 관련 손익,-14933452000,-16372108000,국내전업손보사,B,SI023,부문별 손익(파생상품)
2850,202206,0010637,서울보증보험주식회사,A1,파생상품 관련 이익,2337099000,4616929000,국내전업손보사,B,SI023,부문별 손익(파생상품)
2851,202206,0010637,서울보증보험주식회사,A11,파생상품 관련 이익_파생상품 거래 이익,1674190000,3835192000,국내전업손보사,B,SI023,부문별 손익(파생상품)
2852,202206,0010637,서울보증보험주식회사,A12,파생상품 관련 이익_파생상품 평가 이익,662909000,781737000,국내전업손보사,B,SI023,부문별 손익(파생상품)
2853,202206,0010637,서울보증보험주식회사,A2,파생상품 관련 손실,17270551000,20989037000,국내전업손보사,B,SI023,부문별 손익(파생상품)
2854,202206,0010637,서울보증보험주식회사,A21,파생상품 관련 손실_파생상품 거래 손실,6219913000,7915898000,국내전업손보사,B,SI023,부문별 손익(파생상품)
2855,202206,0010637,서울보증보험주식회사,A22,파생상품 평가 손실,11050638000,13073139000,국내전업손보사,B,SI023,부문별 손익(파생상품)
2856,202209,0010637,서울보증보험주식회사,A,파생상품 관련 손익,-27785007000,-44157115000,국내전업손보사,B,SI023,부문별 손익(파생상품)
2857,202209,0010637,서울보증보험주식회사,A1,파생상품 관련 이익,1647341000,6264270000,국내전업손보사,B,SI023,부문별 손익(파생상품)
2858,202209,0010637,서울보증보험주식회사,A11,파생상품 관련 이익_파생상품 거래 이익,2412955000,6248147000,국내전업손보사,B,SI023,부문별 손익(파생상품)
2859,202209,0010637,서울보증보험주식회사,A12,파생상품 관련 이익_파생상품 평가 이익,-765614000,16123000,국내전업손보사,B,SI023,부문별 손익(파생상품)
2860,202209,0010637,서울보증보험주식회사,A2,파생상품 관련 손실,29432348000,50421385000,국내전업손보사,B,SI023,부문별 손익(파생상품)
2861,202209,0010637,서울보증보험주식회사,A21,파생상품 관련 손실_파생상품 거래 손실,23294923000,31210821000,국내전업손보사,B,SI023,부문별 손익(파생상품)
2862,202209,0010637,서울보증보험주식회사,A22,파생상품 평가 손실,6137425000,19210564000,국내전업손보사,B,SI023,부문별 손익(파생상품)
2863,202212,0010637,서울보증보험주식회사,A,파생상품 관련 손익,22470958000,-21686157000,국내전업손보사,B,SI023,부문별 손익(파생상품)
2864,202212,0010637,서울보증보험주식회사,A1,파생상품 관련 이익,16341989000,22606259000,국내전업손보사,B,SI023,부문별 손익(파생상품)
2865,202212,0010637,서울보증보험주식회사,A11,파생상품 관련 이익_파생상품 거래 이익,1140051000,7388198000,국내전업손보사,B,SI023,부문별 손익(파생상품)
2866,202212,0010637,서울보증보험주식회사,A12,파생상품 관련 이익_파생상품 평가 이익,15201938000,15218061000,국내전업손보사,B,SI023,부문별 손익(파생상품)
2867,202212,0010637,서울보증보험주식회사,A2,파생상품 관련 손실,-6128969000,44292416000,국내전업손보사,B,SI023,부문별 손익(파생상품)
2868,202212,0010637,서울보증보험주식회사,A21,파생상품 관련 손실_파생상품 거래 손실,11803145000,43013966000,국내전업손보사,B,SI023,부문별 손익(파생상품)
2869,202212,0010637,서울보증보험주식회사,A22,파생상품 평가 손실,-17932114000,1278450000,국내전업손보사,B,SI023,부문별 손익(파생상품)
2870,202303,0010637,서울보증보험주식회사,A,파생상품 관련 손익,-9704585724,-9704585724,국내전업손보사,B,SI023,부문별 손익(파생상품)
2871,202303,0010637,서울보증보험주식회사,A1,파생상품 관련 손익_파생상품 관련 이익,4000155338,4000155338,국내전업손보사,B,SI023,부문별 손익(파생상품)
2872,202303,0010637,서울보증보험주식회사,A11,파생상품 거래 이익,3856575585,3856575585,국내전업손보사,B,SI023,부문별 손익(파생상품)
2873,202303,0010637,서울보증보험주식회사,A12,파생상품 평가 이익,143579753,143579753,국내전업손보사,B,SI023,부문별 손익(파생상품)
2874,202303,0010637,서울보증보험주식회사,A2,파생상품 관련 손실,13704741062,13704741062,국내전업손보사,B,SI023,부문별 손익(파생상품)
2875,202303,0010637,서울보증보험주식회사,A21,파생상품 거래 손실,7129900813,7129900813,국내전업손보사,B,SI023,부문별 손익(파생상품)
2876,202303,0010637,서울보증보험주식회사,A22,파생상품 평가 손실,6574840249,6574840249,국내전업손보사,B,SI023,부문별 손익(파생상품)
2877,202306,0010637,서울보증보험주식회사,A,파생상품 관련 손익,-4279219096,-13983804820,국내전업손보사,B,SI023,부문별 손익(파생상품)
2878,202306,0010637,서울보증보험주식회사,A1,파생상품 관련 손익_파생상품 관련 이익,1984374622,5984529960,국내전업손보사,B,SI023,부문별 손익(파생상품)
2879,202306,0010637,서울보증보험주식회사,A11,파생상품 거래 이익,1140735215,4997310800,국내전업손보사,B,SI023,부문별 손익(파생상품)
2880,202306,0010637,서울보증보험주식회사,A12,파생상품 평가 이익,843639407,987219160,국내전업손보사,B,SI023,부문별 손익(파생상품)
2881,202306,0010637,서울보증보험주식회사,A2,파생상품 관련 손실,6263593718,19968334780,국내전업손보사,B,SI023,부문별 손익(파생상품)
2882,202306,0010637,서울보증보험주식회사,A21,파생상품 거래 손실,8241509937,15371410750,국내전업손보사,B,SI023,부문별 손익(파생상품)
2883,202306,0010637,서울보증보험주식회사,A22,파생상품 평가 손실,-1977916219,4596924030,국내전업손보사,B,SI023,부문별 손익(파생상품)
2884,202309,0010637,서울보증보험주식회사,A,파생상품 관련 손익,-7889062894,-21872867714,국내전업손보사,B,SI023,부문별 손익(파생상품)
2885,202309,0010637,서울보증보험주식회사,A1,파생상품 관련 손익_파생상품 관련 이익,1271732614,7256262574,국내전업손보사,B,SI023,부문별 손익(파생상품)
2886,202309,0010637,서울보증보험주식회사,A11,파생상품 거래 이익,1774153201,6771464001,국내전업손보사,B,SI023,부문별 손익(파생상품)
2887,202309,0010637,서울보증보험주식회사,A12,파생상품 평가 이익,-502420587,484798573,국내전업손보사,B,SI023,부문별 손익(파생상품)
2888,202309,0010637,서울보증보험주식회사,A2,파생상품 관련 손실,9160795508,29129130288,국내전업손보사,B,SI023,부문별 손익(파생상품)
2889,202309,0010637,서울보증보험주식회사,A21,파생상품 거래 손실,4359321731,19730732481,국내전업손보사,B,SI023,부문별 손익(파생상품)
2890,202309,0010637,서울보증보험주식회사,A22,파생상품 평가 손실,4801473777,9398397807,국내전업손보사,B,SI023,부문별 손익(파생상품)
2891,202312,0010637,서울보증보험주식회사,A,파생상품 관련 손익,7085277664,-14787590050,국내전업손보사,B,SI023,부문별 손익(파생상품)
2892,202312,0010637,서울보증보험주식회사,A1,파생상품 관련 손익_파생상품 관련 이익,5369868833,12626131407,국내전업손보사,B,SI023,부문별 손익(파생상품)
2893,202312,0010637,서울보증보험주식회사,A11,파생상품 거래 이익,2526295503,9297759504,국내전업손보사,B,SI023,부문별 손익(파생상품)
2894,202312,0010637,서울보증보험주식회사,A12,파생상품 평가 이익,2843573330,3328371903,국내전업손보사,B,SI023,부문별 손익(파생상품)
2895,202312,0010637,서울보증보험주식회사,A2,파생상품 관련 손실,-1715408831,27413721457,국내전업손보사,B,SI023,부문별 손익(파생상품)
2896,202312,0010637,서울보증보험주식회사,A21,파생상품 거래 손실,4929079041,24659811522,국내전업손보사,B,SI023,부문별 손익(파생상품)
2897,202312,0010637,서울보증보험주식회사,A22,파생상품 평가 손실,-6644487872,2753909935,국내전업손보사,B,SI023,부문별 손익(파생상품)
2898,202403,0010637,서울보증보험주식회사,A,파생상품 관련 손익,-11265186410,-11265186410,국내전업손보사,B,SI023,부문별 손익(파생상품)
2899,202403,0010637,서울보증보험주식회사,A1,파생상품 관련 손익_파생상품 관련 이익,1890809001,1890809001,국내전업손보사,B,SI023,부문별 손익(파생상품)
2900,202403,0010637,서울보증보험주식회사,A11,파생상품 거래 이익,1767067225,1767067225,국내전업손보사,B,SI023,부문별 손익(파생상품)
2901,202403,0010637,서울보증보험주식회사,A12,파생상품 평가 이익,123741776,123741776,국내전업손보사,B,SI023,부문별 손익(파생상품)
2902,202403,0010637,서울보증보험주식회사,A2,파생상품 관련 손실,13155995411,13155995411,국내전업손보사,B,SI023,부문별 손익(파생상품)
2903,202403,0010637,서울보증보험주식회사,A21,파생상품 거래 손실,2379041917,2379041917,국내전업손보사,B,SI023,부문별 손익(파생상품)
2904,202403,0010637,서울보증보험주식회사,A22,파생상품 평가 손실,10776953494,10776953494,국내전업손보사,B,SI023,부문별 손익(파생상품)
2905,202406,0010637,서울보증보험주식회사,A,파생상품 관련 손익,-12839731590,-24104918000,국내전업손보사,B,SI023,부문별 손익(파생상품)
2906,202406,0010637,서울보증보험주식회사,A1,파생상품 관련 손익_파생상품 관련 이익,1050528999,2941338000,국내전업손보사,B,SI023,부문별 손익(파생상품)
2907,202406,0010637,서울보증보험주식회사,A11,파생상품 거래 이익,1122867775,2889935000,국내전업손보사,B,SI023,부문별 손익(파생상품)
2908,202406,0010637,서울보증보험주식회사,A12,파생상품 평가 이익,-72338776,51403000,국내전업손보사,B,SI023,부문별 손익(파생상품)
2909,202406,0010637,서울보증보험주식회사,A2,파생상품 관련 손실,13890260589,27046256000,국내전업손보사,B,SI023,부문별 손익(파생상품)
2910,202406,0010637,서울보증보험주식회사,A21,파생상품 거래 손실,15897936083,18276978000,국내전업손보사,B,SI023,부문별 손익(파생상품)
2911,202406,0010637,서울보증보험주식회사,A22,파생상품 평가 손실,-2007675494,8769278000,국내전업손보사,B,SI023,부문별 손익(파생상품)
2912,202409,0010637,서울보증보험주식회사,A,파생상품 관련 손익,9033885949,-15071032051,국내전업손보사,B,SI023,부문별 손익(파생상품)
2913,202409,0010637,서울보증보험주식회사,A1,파생상품 관련 손익_파생상품 관련 이익,4613112326,7554450326,국내전업손보사,B,SI023,부문별 손익(파생상품)
2914,202409,0010637,서울보증보험주식회사,A11,파생상품 거래 이익,1122253215,4012188215,국내전업손보사,B,SI023,부문별 손익(파생상품)
2915,202409,0010637,서울보증보험주식회사,A12,파생상품 평가 이익,3490859111,3542262111,국내전업손보사,B,SI023,부문별 손익(파생상품)
2916,202409,0010637,서울보증보험주식회사,A2,파생상품 관련 손실,-4420773623,22625482377,국내전업손보사,B,SI023,부문별 손익(파생상품)
2917,202409,0010637,서울보증보험주식회사,A21,파생상품 거래 손실,2093289974,20370267974,국내전업손보사,B,SI023,부문별 손익(파생상품)
2918,202409,0010637,서울보증보험주식회사,A22,파생상품 평가 손실,-6514063597,2255214403,국내전업손보사,B,SI023,부문별 손익(파생상품)
2919,202412,0010637,서울보증보험주식회사,A,파생상품 관련 손익,-30252796155,-45323828206,국내전업손보사,B,SI023,부문별 손익(파생상품)
2920,202412,0010637,서울보증보험주식회사,A1,파생상품 관련 손익_파생상품 관련 이익,-2859012034,4695438292,국내전업손보사,B,SI023,부문별 손익(파생상품)
2921,202412,0010637,서울보증보험주식회사,A11,파생상품 거래 이익,668111665,4680299880,국내전업손보사,B,SI023,부문별 손익(파생상품)
2922,202412,0010637,서울보증보험주식회사,A12,파생상품 평가 이익,-3527123699,15138412,국내전업손보사,B,SI023,부문별 손익(파생상품)
2923,202412,0010637,서울보증보험주식회사,A2,파생상품 관련 손실,27393784121,50019266498,국내전업손보사,B,SI023,부문별 손익(파생상품)
2924,202412,0010637,서울보증보험주식회사,A21,파생상품 거래 손실,9043631556,29413899530,국내전업손보사,B,SI023,부문별 손익(파생상품)
2925,202412,0010637,서울보증보험주식회사,A22,파생상품 평가 손실,18350152565,20605366968,국내전업손보사,B,SI023,부문별 손익(파생상품)
2926,202503,0010637,서울보증보험주식회사,A,파생상품 관련 손익,334873984,334873984,국내전업손보사,B,SI023,부문별 손익(파생상품)
2927,202503,0010637,서울보증보험주식회사,A1,파생상품 관련 손익_파생상품 관련 이익,3344826656,3344826656,국내전업손보사,B,SI023,부문별 손익(파생상품)
2928,202503,0010637,서울보증보험주식회사,A11,파생상품 거래 이익,3261644609,3261644609,국내전업손보사,B,SI023,부문별 손익(파생상품)
2929,202503,0010637,서울보증보험주식회사,A12,파생상품 평가 이익,83182047,83182047,국내전업손보사,B,SI023,부문별 손익(파생상품)
2930,202503,0010637,서울보증보험주식회사,A2,파생상품 관련 손실,3009952672,3009952672,국내전업손보사,B,SI023,부문별 손익(파생상품)
2931,202503,0010637,서울보증보험주식회사,A21,파생상품 거래 손실,1991901238,1991901238,국내전업손보사,B,SI023,부문별 손익(파생상품)
2932,202503,0010637,서울보증보험주식회사,A22,파생상품 평가 손실,1018051434,1018051434,국내전업손보사,B,SI023,부문별 손익(파생상품)
2933,202506,0010637,서울보증보험주식회사,A,파생상품 관련 손익,24197852023,24532726007,국내전업손보사,B,SI023,부문별 손익(파생상품)
2934,202506,0010637,서울보증보험주식회사,A1,파생상품 관련 손익_파생상품 관련 이익,25001704276,28346530932,국내전업손보사,B,SI023,부문별 손익(파생상품)
2935,202506,0010637,서울보증보험주식회사,A11,파생상품 거래 이익,8924993896,12186638505,국내전업손보사,B,SI023,부문별 손익(파생상품)
2936,202506,0010637,서울보증보험주식회사,A12,파생상품 평가 이익,16076710380,16159892427,국내전업손보사,B,SI023,부문별 손익(파생상품)
2937,202506,0010637,서울보증보험주식회사,A2,파생상품 관련 손실,803852253,3813804925,국내전업손보사,B,SI023,부문별 손익(파생상품)
2938,202506,0010637,서울보증보험주식회사,A21,파생상품 거래 손실,1808906062,3800807300,국내전업손보사,B,SI023,부문별 손익(파생상품)
2939,202506,0010637,서울보증보험주식회사,A22,파생상품 평가 손실,-1005053809,12997625,국내전업손보사,B,SI023,부문별 손익(파생상품)
2940,202509,0010637,서울보증보험주식회사,A,파생상품 관련 손익,-10178879415,14353846592,국내전업손보사,B,SI023,부문별 손익(파생상품)
2941,202509,0010637,서울보증보험주식회사,A1,파생상품 관련 손익_파생상품 관련 이익,-6261632647,22084898285,국내전업손보사,B,SI023,부문별 손익(파생상품)
2942,202509,0010637,서울보증보험주식회사,A11,파생상품 거래 이익,7781648979,19968287484,국내전업손보사,B,SI023,부문별 손익(파생상품)
2943,202509,0010637,서울보증보험주식회사,A12,파생상품 평가 이익,-14043281626,2116610801,국내전업손보사,B,SI023,부문별 손익(파생상품)
2944,202509,0010637,서울보증보험주식회사,A2,파생상품 관련 손실,3917246768,7731051693,국내전업손보사,B,SI023,부문별 손익(파생상품)
2945,202509,0010637,서울보증보험주식회사,A21,파생상품 거래 손실,807742334,4608549634,국내전업손보사,B,SI023,부문별 손익(파생상품)
2946,202509,0010637,서울보증보험주식회사,A22,파생상품 평가 손실,3109504434,3122502059,국내전업손보사,B,SI023,부문별 손익(파생상품)
2947,201703,0011353,신한EZ손해보험주식회사,A,파생상품 관련 손익,0,0,국내전업손보사,B,SI023,부문별 손익(파생상품)
2948,201703,0011353,신한EZ손해보험주식회사,A1,파생상품 관련 이익,0,0,국내전업손보사,B,SI023,부문별 손익(파생상품)
2949,201703,0011353,신한EZ손해보험주식회사,A11,파생상품 관련 이익_파생상품 거래 이익,0,0,국내전업손보사,B,SI023,부문별 손익(파생상품)
2950,201703,0011353,신한EZ손해보험주식회사,A12,파생상품 관련 이익_파생상품 평가 이익,0,0,국내전업손보사,B,SI023,부문별 손익(파생상품)
2951,201703,0011353,신한EZ손해보험주식회사,A2,파생상품 관련 손실,0,0,국내전업손보사,B,SI023,부문별 손익(파생상품)
2952,201703,0011353,신한EZ손해보험주식회사,A21,파생상품 관련 손실_파생상품 거래 손실,0,0,국내전업손보사,B,SI023,부문별 손익(파생상품)
2953,201703,0011353,신한EZ손해보험주식회사,A22,파생상품 평가 손실,0,0,국내전업손보사,B,SI023,부문별 손익(파생상품)
2954,201706,0011353,신한EZ손해보험주식회사,A,파생상품 관련 손익,0,0,국내전업손보사,B,SI023,부문별 손익(파생상품)
2955,201706,0011353,신한EZ손해보험주식회사,A1,파생상품 관련 이익,0,0,국내전업손보사,B,SI023,부문별 손익(파생상품)
2956,201706,0011353,신한EZ손해보험주식회사,A11,파생상품 관련 이익_파생상품 거래 이익,0,0,국내전업손보사,B,SI023,부문별 손익(파생상품)
2957,201706,0011353,신한EZ손해보험주식회사,A12,파생상품 관련 이익_파생상품 평가 이익,0,0,국내전업손보사,B,SI023,부문별 손익(파생상품)
2958,201706,0011353,신한EZ손해보험주식회사,A2,파생상품 관련 손실,0,0,국내전업손보사,B,SI023,부문별 손익(파생상품)
2959,201706,0011353,신한EZ손해보험주식회사,A21,파생상품 관련 손실_파생상품 거래 손실,0,0,국내전업손보사,B,SI023,부문별 손익(파생상품)
2960,201706,0011353,신한EZ손해보험주식회사,A22,파생상품 평가 손실,0,0,국내전업손보사,B,SI023,부문별 손익(파생상품)
2961,201709,0011353,신한EZ손해보험주식회사,A,파생상품 관련 손익,0,0,국내전업손보사,B,SI023,부문별 손익(파생상품)
2962,201709,0011353,신한EZ손해보험주식회사,A1,파생상품 관련 이익,0,0,국내전업손보사,B,SI023,부문별 손익(파생상품)
2963,201709,0011353,신한EZ손해보험주식회사,A11,파생상품 관련 이익_파생상품 거래 이익,0,0,국내전업손보사,B,SI023,부문별 손익(파생상품)
2964,201709,0011353,신한EZ손해보험주식회사,A12,파생상품 관련 이익_파생상품 평가 이익,0,0,국내전업손보사,B,SI023,부문별 손익(파생상품)
2965,201709,0011353,신한EZ손해보험주식회사,A2,파생상품 관련 손실,0,0,국내전업손보사,B,SI023,부문별 손익(파생상품)
2966,201709,0011353,신한EZ손해보험주식회사,A21,파생상품 관련 손실_파생상품 거래 손실,0,0,국내전업손보사,B,SI023,부문별 손익(파생상품)
2967,201709,0011353,신한EZ손해보험주식회사,A22,파생상품 평가 손실,0,0,국내전업손보사,B,SI023,부문별 손익(파생상품)
2968,201712,0011353,신한EZ손해보험주식회사,A,파생상품 관련 손익,0,0,국내전업손보사,B,SI023,부문별 손익(파생상품)
2969,201712,0011353,신한EZ손해보험주식회사,A1,파생상품 관련 이익,0,0,국내전업손보사,B,SI023,부문별 손익(파생상품)
2970,201712,0011353,신한EZ손해보험주식회사,A11,파생상품 관련 이익_파생상품 거래 이익,0,0,국내전업손보사,B,SI023,부문별 손익(파생상품)
2971,201712,0011353,신한EZ손해보험주식회사,A12,파생상품 관련 이익_파생상품 평가 이익,0,0,국내전업손보사,B,SI023,부문별 손익(파생상품)
2972,201712,0011353,신한EZ손해보험주식회사,A2,파생상품 관련 손실,0,0,국내전업손보사,B,SI023,부문별 손익(파생상품)
2973,201712,0011353,신한EZ손해보험주식회사,A21,파생상품 관련 손실_파생상품 거래 손실,0,0,국내전업손보사,B,SI023,부문별 손익(파생상품)
2974,201712,0011353,신한EZ손해보험주식회사,A22,파생상품 평가 손실,0,0,국내전업손보사,B,SI023,부문별 손익(파생상품)
2975,201803,0011353,신한EZ손해보험주식회사,A,파생상품 관련 손익,0,0,국내전업손보사,B,SI023,부문별 손익(파생상품)
2976,201803,0011353,신한EZ손해보험주식회사,A1,파생상품 관련 이익,0,0,국내전업손보사,B,SI023,부문별 손익(파생상품)
2977,201803,0011353,신한EZ손해보험주식회사,A11,파생상품 관련 이익_파생상품 거래 이익,0,0,국내전업손보사,B,SI023,부문별 손익(파생상품)
2978,201803,0011353,신한EZ손해보험주식회사,A12,파생상품 관련 이익_파생상품 평가 이익,0,0,국내전업손보사,B,SI023,부문별 손익(파생상품)
2979,201803,0011353,신한EZ손해보험주식회사,A2,파생상품 관련 손실,0,0,국내전업손보사,B,SI023,부문별 손익(파생상품)
2980,201803,0011353,신한EZ손해보험주식회사,A21,파생상품 관련 손실_파생상품 거래 손실,0,0,국내전업손보사,B,SI023,부문별 손익(파생상품)
2981,201803,0011353,신한EZ손해보험주식회사,A22,파생상품 평가 손실,0,0,국내전업손보사,B,SI023,부문별 손익(파생상품)
2982,201806,0011353,신한EZ손해보험주식회사,A,파생상품 관련 손익,0,0,국내전업손보사,B,SI023,부문별 손익(파생상품)
2983,201806,0011353,신한EZ손해보험주식회사,A1,파생상품 관련 이익,0,0,국내전업손보사,B,SI023,부문별 손익(파생상품)
2984,201806,0011353,신한EZ손해보험주식회사,A11,파생상품 관련 이익_파생상품 거래 이익,0,0,국내전업손보사,B,SI023,부문별 손익(파생상품)
2985,201806,0011353,신한EZ손해보험주식회사,A12,파생상품 관련 이익_파생상품 평가 이익,0,0,국내전업손보사,B,SI023,부문별 손익(파생상품)
2986,201806,0011353,신한EZ손해보험주식회사,A2,파생상품 관련 손실,0,0,국내전업손보사,B,SI023,부문별 손익(파생상품)
2987,201806,0011353,신한EZ손해보험주식회사,A21,파생상품 관련 손실_파생상품 거래 손실,0,0,국내전업손보사,B,SI023,부문별 손익(파생상품)
2988,201806,0011353,신한EZ손해보험주식회사,A22,파생상품 평가 손실,0,0,국내전업손보사,B,SI023,부문별 손익(파생상품)
2989,201809,0011353,신한EZ손해보험주식회사,A,파생상품 관련 손익,0,0,국내전업손보사,B,SI023,부문별 손익(파생상품)
2990,201809,0011353,신한EZ손해보험주식회사,A1,파생상품 관련 이익,0,0,국내전업손보사,B,SI023,부문별 손익(파생상품)
2991,201809,0011353,신한EZ손해보험주식회사,A11,파생상품 관련 이익_파생상품 거래 이익,0,0,국내전업손보사,B,SI023,부문별 손익(파생상품)
2992,201809,0011353,신한EZ손해보험주식회사,A12,파생상품 관련 이익_파생상품 평가 이익,0,0,국내전업손보사,B,SI023,부문별 손익(파생상품)
2993,201809,0011353,신한EZ손해보험주식회사,A2,파생상품 관련 손실,0,0,국내전업손보사,B,SI023,부문별 손익(파생상품)
2994,201809,0011353,신한EZ손해보험주식회사,A21,파생상품 관련 손실_파생상품 거래 손실,0,0,국내전업손보사,B,SI023,부문별 손익(파생상품)
2995,201809,0011353,신한EZ손해보험주식회사,A22,파생상품 평가 손실,0,0,국내전업손보사,B,SI023,부문별 손익(파생상품)
2996,201812,0011353,신한EZ손해보험주식회사,A,파생상품 관련 손익,0,0,국내전업손보사,B,SI023,부문별 손익(파생상품)
2997,201812,0011353,신한EZ손해보험주식회사,A1,파생상품 관련 이익,0,0,국내전업손보사,B,SI023,부문별 손익(파생상품)
2998,201812,0011353,신한EZ손해보험주식회사,A11,파생상품 관련 이익_파생상품 거래 이익,0,0,국내전업손보사,B,SI023,부문별 손익(파생상품)
2999,201812,0011353,신한EZ손해보험주식회사,A12,파생상품 관련 이익_파생상품 평가 이익,0,0,국내전업손보사,B,SI023,부문별 손익(파생상품)
3000,201812,0011353,신한EZ손해보험주식회사,A2,파생상품 관련 손실,0,0,국내전업손보사,B,SI023,부문별 손익(파생상품)
3001,201812,0011353,신한EZ손해보험주식회사,A21,파생상품 관련 손실_파생상품 거래 손실,0,0,국내전업손보사,B,SI023,부문별 손익(파생상품)
3002,201812,0011353,신한EZ손해보험주식회사,A22,파생상품 평가 손실,0,0,국내전업손보사,B,SI023,부문별 손익(파생상품)
3003,201903,0011353,신한EZ손해보험주식회사,A,파생상품 관련 손익,0,0,국내전업손보사,B,SI023,부문별 손익(파생상품)
3004,201903,0011353,신한EZ손해보험주식회사,A1,파생상품 관련 이익,0,0,국내전업손보사,B,SI023,부문별 손익(파생상품)
3005,201903,0011353,신한EZ손해보험주식회사,A11,파생상품 관련 이익_파생상품 거래 이익,0,0,국내전업손보사,B,SI023,부문별 손익(파생상품)
3006,201903,0011353,신한EZ손해보험주식회사,A12,파생상품 관련 이익_파생상품 평가 이익,0,0,국내전업손보사,B,SI023,부문별 손익(파생상품)
3007,201903,0011353,신한EZ손해보험주식회사,A2,파생상품 관련 손실,0,0,국내전업손보사,B,SI023,부문별 손익(파생상품)
3008,201903,0011353,신한EZ손해보험주식회사,A21,파생상품 관련 손실_파생상품 거래 손실,0,0,국내전업손보사,B,SI023,부문별 손익(파생상품)
3009,201903,0011353,신한EZ손해보험주식회사,A22,파생상품 평가 손실,0,0,국내전업손보사,B,SI023,부문별 손익(파생상품)
3010,201906,0011353,신한EZ손해보험주식회사,A,파생상품 관련 손익,0,0,국내전업손보사,B,SI023,부문별 손익(파생상품)
3011,201906,0011353,신한EZ손해보험주식회사,A1,파생상품 관련 이익,0,0,국내전업손보사,B,SI023,부문별 손익(파생상품)
3012,201906,0011353,신한EZ손해보험주식회사,A11,파생상품 관련 이익_파생상품 거래 이익,0,0,국내전업손보사,B,SI023,부문별 손익(파생상품)
3013,201906,0011353,신한EZ손해보험주식회사,A12,파생상품 관련 이익_파생상품 평가 이익,0,0,국내전업손보사,B,SI023,부문별 손익(파생상품)
3014,201906,0011353,신한EZ손해보험주식회사,A2,파생상품 관련 손실,0,0,국내전업손보사,B,SI023,부문별 손익(파생상품)
3015,201906,0011353,신한EZ손해보험주식회사,A21,파생상품 관련 손실_파생상품 거래 손실,0,0,국내전업손보사,B,SI023,부문별 손익(파생상품)
3016,201906,0011353,신한EZ손해보험주식회사,A22,파생상품 평가 손실,0,0,국내전업손보사,B,SI023,부문별 손익(파생상품)
3017,201909,0011353,신한EZ손해보험주식회사,A,파생상품 관련 손익,0,0,국내전업손보사,B,SI023,부문별 손익(파생상품)
3018,201909,0011353,신한EZ손해보험주식회사,A1,파생상품 관련 이익,0,0,국내전업손보사,B,SI023,부문별 손익(파생상품)
3019,201909,0011353,신한EZ손해보험주식회사,A11,파생상품 관련 이익_파생상품 거래 이익,0,0,국내전업손보사,B,SI023,부문별 손익(파생상품)
3020,201909,0011353,신한EZ손해보험주식회사,A12,파생상품 관련 이익_파생상품 평가 이익,0,0,국내전업손보사,B,SI023,부문별 손익(파생상품)
3021,201909,0011353,신한EZ손해보험주식회사,A2,파생상품 관련 손실,0,0,국내전업손보사,B,SI023,부문별 손익(파생상품)
3022,201909,0011353,신한EZ손해보험주식회사,A21,파생상품 관련 손실_파생상품 거래 손실,0,0,국내전업손보사,B,SI023,부문별 손익(파생상품)
3023,201909,0011353,신한EZ손해보험주식회사,A22,파생상품 평가 손실,0,0,국내전업손보사,B,SI023,부문별 손익(파생상품)
3024,201912,0011353,신한EZ손해보험주식회사,A,파생상품 관련 손익,0,0,국내전업손보사,B,SI023,부문별 손익(파생상품)
3025,201912,0011353,신한EZ손해보험주식회사,A1,파생상품 관련 이익,0,0,국내전업손보사,B,SI023,부문별 손익(파생상품)
3026,201912,0011353,신한EZ손해보험주식회사,A11,파생상품 관련 이익_파생상품 거래 이익,0,0,국내전업손보사,B,SI023,부문별 손익(파생상품)
3027,201912,0011353,신한EZ손해보험주식회사,A12,파생상품 관련 이익_파생상품 평가 이익,0,0,국내전업손보사,B,SI023,부문별 손익(파생상품)
3028,201912,0011353,신한EZ손해보험주식회사,A2,파생상품 관련 손실,0,0,국내전업손보사,B,SI023,부문별 손익(파생상품)
3029,201912,0011353,신한EZ손해보험주식회사,A21,파생상품 관련 손실_파생상품 거래 손실,0,0,국내전업손보사,B,SI023,부문별 손익(파생상품)
3030,201912,0011353,신한EZ손해보험주식회사,A22,파생상품 평가 손실,0,0,국내전업손보사,B,SI023,부문별 손익(파생상품)
3031,202003,0011353,신한EZ손해보험주식회사,A,파생상품 관련 손익,0,0,국내전업손보사,B,SI023,부문별 손익(파생상품)
3032,202003,0011353,신한EZ손해보험주식회사,A1,파생상품 관련 이익,0,0,국내전업손보사,B,SI023,부문별 손익(파생상품)
3033,202003,0011353,신한EZ손해보험주식회사,A11,파생상품 관련 이익_파생상품 거래 이익,0,0,국내전업손보사,B,SI023,부문별 손익(파생상품)
3034,202003,0011353,신한EZ손해보험주식회사,A12,파생상품 관련 이익_파생상품 평가 이익,0,0,국내전업손보사,B,SI023,부문별 손익(파생상품)
3035,202003,0011353,신한EZ손해보험주식회사,A2,파생상품 관련 손실,0,0,국내전업손보사,B,SI023,부문별 손익(파생상품)
3036,202003,0011353,신한EZ손해보험주식회사,A21,파생상품 관련 손실_파생상품 거래 손실,0,0,국내전업손보사,B,SI023,부문별 손익(파생상품)
3037,202003,0011353,신한EZ손해보험주식회사,A22,파생상품 평가 손실,0,0,국내전업손보사,B,SI023,부문별 손익(파생상품)
3038,202006,0011353,신한EZ손해보험주식회사,A,파생상품 관련 손익,0,0,국내전업손보사,B,SI023,부문별 손익(파생상품)
3039,202006,0011353,신한EZ손해보험주식회사,A1,파생상품 관련 이익,0,0,국내전업손보사,B,SI023,부문별 손익(파생상품)
3040,202006,0011353,신한EZ손해보험주식회사,A11,파생상품 관련 이익_파생상품 거래 이익,0,0,국내전업손보사,B,SI023,부문별 손익(파생상품)
3041,202006,0011353,신한EZ손해보험주식회사,A12,파생상품 관련 이익_파생상품 평가 이익,0,0,국내전업손보사,B,SI023,부문별 손익(파생상품)
3042,202006,0011353,신한EZ손해보험주식회사,A2,파생상품 관련 손실,0,0,국내전업손보사,B,SI023,부문별 손익(파생상품)
3043,202006,0011353,신한EZ손해보험주식회사,A21,파생상품 관련 손실_파생상품 거래 손실,0,0,국내전업손보사,B,SI023,부문별 손익(파생상품)
3044,202006,0011353,신한EZ손해보험주식회사,A22,파생상품 평가 손실,0,0,국내전업손보사,B,SI023,부문별 손익(파생상품)
3045,202009,0011353,신한EZ손해보험주식회사,A,파생상품 관련 손익,0,0,국내전업손보사,B,SI023,부문별 손익(파생상품)
3046,202009,0011353,신한EZ손해보험주식회사,A1,파생상품 관련 이익,0,0,국내전업손보사,B,SI023,부문별 손익(파생상품)
3047,202009,0011353,신한EZ손해보험주식회사,A11,파생상품 관련 이익_파생상품 거래 이익,0,0,국내전업손보사,B,SI023,부문별 손익(파생상품)
3048,202009,0011353,신한EZ손해보험주식회사,A12,파생상품 관련 이익_파생상품 평가 이익,0,0,국내전업손보사,B,SI023,부문별 손익(파생상품)
3049,202009,0011353,신한EZ손해보험주식회사,A2,파생상품 관련 손실,0,0,국내전업손보사,B,SI023,부문별 손익(파생상품)
3050,202009,0011353,신한EZ손해보험주식회사,A21,파생상품 관련 손실_파생상품 거래 손실,0,0,국내전업손보사,B,SI023,부문별 손익(파생상품)
3051,202009,0011353,신한EZ손해보험주식회사,A22,파생상품 평가 손실,0,0,국내전업손보사,B,SI023,부문별 손익(파생상품)
3052,202012,0011353,신한EZ손해보험주식회사,A,파생상품 관련 손익,0,0,국내전업손보사,B,SI023,부문별 손익(파생상품)
3053,202012,0011353,신한EZ손해보험주식회사,A1,파생상품 관련 이익,0,0,국내전업손보사,B,SI023,부문별 손익(파생상품)
3054,202012,0011353,신한EZ손해보험주식회사,A11,파생상품 관련 이익_파생상품 거래 이익,0,0,국내전업손보사,B,SI023,부문별 손익(파생상품)
3055,202012,0011353,신한EZ손해보험주식회사,A12,파생상품 관련 이익_파생상품 평가 이익,0,0,국내전업손보사,B,SI023,부문별 손익(파생상품)
3056,202012,0011353,신한EZ손해보험주식회사,A2,파생상품 관련 손실,0,0,국내전업손보사,B,SI023,부문별 손익(파생상품)
3057,202012,0011353,신한EZ손해보험주식회사,A21,파생상품 관련 손실_파생상품 거래 손실,0,0,국내전업손보사,B,SI023,부문별 손익(파생상품)
3058,202012,0011353,신한EZ손해보험주식회사,A22,파생상품 평가 손실,0,0,국내전업손보사,B,SI023,부문별 손익(파생상품)
3059,202103,0011353,신한EZ손해보험주식회사,A,파생상품 관련 손익,0,0,국내전업손보사,B,SI023,부문별 손익(파생상품)
3060,202103,0011353,신한EZ손해보험주식회사,A1,파생상품 관련 이익,0,0,국내전업손보사,B,SI023,부문별 손익(파생상품)
3061,202103,0011353,신한EZ손해보험주식회사,A11,파생상품 관련 이익_파생상품 거래 이익,0,0,국내전업손보사,B,SI023,부문별 손익(파생상품)
3062,202103,0011353,신한EZ손해보험주식회사,A12,파생상품 관련 이익_파생상품 평가 이익,0,0,국내전업손보사,B,SI023,부문별 손익(파생상품)
3063,202103,0011353,신한EZ손해보험주식회사,A2,파생상품 관련 손실,0,0,국내전업손보사,B,SI023,부문별 손익(파생상품)
3064,202103,0011353,신한EZ손해보험주식회사,A21,파생상품 관련 손실_파생상품 거래 손실,0,0,국내전업손보사,B,SI023,부문별 손익(파생상품)
3065,202103,0011353,신한EZ손해보험주식회사,A22,파생상품 평가 손실,0,0,국내전업손보사,B,SI023,부문별 손익(파생상품)
3066,202106,0011353,신한EZ손해보험주식회사,A,파생상품 관련 손익,0,0,국내전업손보사,B,SI023,부문별 손익(파생상품)
3067,202106,0011353,신한EZ손해보험주식회사,A1,파생상품 관련 이익,0,0,국내전업손보사,B,SI023,부문별 손익(파생상품)
3068,202106,0011353,신한EZ손해보험주식회사,A11,파생상품 관련 이익_파생상품 거래 이익,0,0,국내전업손보사,B,SI023,부문별 손익(파생상품)
3069,202106,0011353,신한EZ손해보험주식회사,A12,파생상품 관련 이익_파생상품 평가 이익,0,0,국내전업손보사,B,SI023,부문별 손익(파생상품)
3070,202106,0011353,신한EZ손해보험주식회사,A2,파생상품 관련 손실,0,0,국내전업손보사,B,SI023,부문별 손익(파생상품)
3071,202106,0011353,신한EZ손해보험주식회사,A21,파생상품 관련 손실_파생상품 거래 손실,0,0,국내전업손보사,B,SI023,부문별 손익(파생상품)
3072,202106,0011353,신한EZ손해보험주식회사,A22,파생상품 평가 손실,0,0,국내전업손보사,B,SI023,부문별 손익(파생상품)
3073,202109,0011353,신한EZ손해보험주식회사,A,파생상품 관련 손익,0,0,국내전업손보사,B,SI023,부문별 손익(파생상품)
3074,202109,0011353,신한EZ손해보험주식회사,A1,파생상품 관련 이익,0,0,국내전업손보사,B,SI023,부문별 손익(파생상품)
3075,202109,0011353,신한EZ손해보험주식회사,A11,파생상품 관련 이익_파생상품 거래 이익,0,0,국내전업손보사,B,SI023,부문별 손익(파생상품)
3076,202109,0011353,신한EZ손해보험주식회사,A12,파생상품 관련 이익_파생상품 평가 이익,0,0,국내전업손보사,B,SI023,부문별 손익(파생상품)
3077,202109,0011353,신한EZ손해보험주식회사,A2,파생상품 관련 손실,0,0,국내전업손보사,B,SI023,부문별 손익(파생상품)
3078,202109,0011353,신한EZ손해보험주식회사,A21,파생상품 관련 손실_파생상품 거래 손실,0,0,국내전업손보사,B,SI023,부문별 손익(파생상품)
3079,202109,0011353,신한EZ손해보험주식회사,A22,파생상품 평가 손실,0,0,국내전업손보사,B,SI023,부문별 손익(파생상품)
3080,202112,0011353,신한EZ손해보험주식회사,A,파생상품 관련 손익,0,0,국내전업손보사,B,SI023,부문별 손익(파생상품)
3081,202112,0011353,신한EZ손해보험주식회사,A1,파생상품 관련 이익,0,0,국내전업손보사,B,SI023,부문별 손익(파생상품)
3082,202112,0011353,신한EZ손해보험주식회사,A11,파생상품 관련 이익_파생상품 거래 이익,0,0,국내전업손보사,B,SI023,부문별 손익(파생상품)
3083,202112,0011353,신한EZ손해보험주식회사,A12,파생상품 관련 이익_파생상품 평가 이익,0,0,국내전업손보사,B,SI023,부문별 손익(파생상품)
3084,202112,0011353,신한EZ손해보험주식회사,A2,파생상품 관련 손실,0,0,국내전업손보사,B,SI023,부문별 손익(파생상품)
3085,202112,0011353,신한EZ손해보험주식회사,A21,파생상품 관련 손실_파생상품 거래 손실,0,0,국내전업손보사,B,SI023,부문별 손익(파생상품)
3086,202112,0011353,신한EZ손해보험주식회사,A22,파생상품 평가 손실,0,0,국내전업손보사,B,SI023,부문별 손익(파생상품)
3087,202203,0011353,신한EZ손해보험주식회사,A,파생상품 관련 손익,0,0,국내전업손보사,B,SI023,부문별 손익(파생상품)
3088,202203,0011353,신한EZ손해보험주식회사,A1,파생상품 관련 이익,0,0,국내전업손보사,B,SI023,부문별 손익(파생상품)
3089,202203,0011353,신한EZ손해보험주식회사,A11,파생상품 관련 이익_파생상품 거래 이익,0,0,국내전업손보사,B,SI023,부문별 손익(파생상품)
3090,202203,0011353,신한EZ손해보험주식회사,A12,파생상품 관련 이익_파생상품 평가 이익,0,0,국내전업손보사,B,SI023,부문별 손익(파생상품)
3091,202203,0011353,신한EZ손해보험주식회사,A2,파생상품 관련 손실,0,0,국내전업손보사,B,SI023,부문별 손익(파생상품)
3092,202203,0011353,신한EZ손해보험주식회사,A21,파생상품 관련 손실_파생상품 거래 손실,0,0,국내전업손보사,B,SI023,부문별 손익(파생상품)
3093,202203,0011353,신한EZ손해보험주식회사,A22,파생상품 평가 손실,0,0,국내전업손보사,B,SI023,부문별 손익(파생상품)
3094,202206,0011353,신한EZ손해보험주식회사,A,파생상품 관련 손익,0,0,국내전업손보사,B,SI023,부문별 손익(파생상품)
3095,202206,0011353,신한EZ손해보험주식회사,A1,파생상품 관련 이익,0,0,국내전업손보사,B,SI023,부문별 손익(파생상품)
3096,202206,0011353,신한EZ손해보험주식회사,A11,파생상품 관련 이익_파생상품 거래 이익,0,0,국내전업손보사,B,SI023,부문별 손익(파생상품)
3097,202206,0011353,신한EZ손해보험주식회사,A12,파생상품 관련 이익_파생상품 평가 이익,0,0,국내전업손보사,B,SI023,부문별 손익(파생상품)
3098,202206,0011353,신한EZ손해보험주식회사,A2,파생상품 관련 손실,0,0,국내전업손보사,B,SI023,부문별 손익(파생상품)
3099,202206,0011353,신한EZ손해보험주식회사,A21,파생상품 관련 손실_파생상품 거래 손실,0,0,국내전업손보사,B,SI023,부문별 손익(파생상품)
3100,202206,0011353,신한EZ손해보험주식회사,A22,파생상품 평가 손실,0,0,국내전업손보사,B,SI023,부문별 손익(파생상품)
3101,202209,0011353,신한EZ손해보험주식회사,A,파생상품 관련 손익,0,0,국내전업손보사,B,SI023,부문별 손익(파생상품)
3102,202209,0011353,신한EZ손해보험주식회사,A1,파생상품 관련 이익,0,0,국내전업손보사,B,SI023,부문별 손익(파생상품)
3103,202209,0011353,신한EZ손해보험주식회사,A11,파생상품 관련 이익_파생상품 거래 이익,0,0,국내전업손보사,B,SI023,부문별 손익(파생상품)
3104,202209,0011353,신한EZ손해보험주식회사,A12,파생상품 관련 이익_파생상품 평가 이익,0,0,국내전업손보사,B,SI023,부문별 손익(파생상품)
3105,202209,0011353,신한EZ손해보험주식회사,A2,파생상품 관련 손실,0,0,국내전업손보사,B,SI023,부문별 손익(파생상품)
3106,202209,0011353,신한EZ손해보험주식회사,A21,파생상품 관련 손실_파생상품 거래 손실,0,0,국내전업손보사,B,SI023,부문별 손익(파생상품)
3107,202209,0011353,신한EZ손해보험주식회사,A22,파생상품 평가 손실,0,0,국내전업손보사,B,SI023,부문별 손익(파생상품)
3108,202212,0011353,신한EZ손해보험주식회사,A,파생상품 관련 손익,0,0,국내전업손보사,B,SI023,부문별 손익(파생상품)
3109,202212,0011353,신한EZ손해보험주식회사,A1,파생상품 관련 이익,0,0,국내전업손보사,B,SI023,부문별 손익(파생상품)
3110,202212,0011353,신한EZ손해보험주식회사,A11,파생상품 관련 이익_파생상품 거래 이익,0,0,국내전업손보사,B,SI023,부문별 손익(파생상품)
3111,202212,0011353,신한EZ손해보험주식회사,A12,파생상품 관련 이익_파생상품 평가 이익,0,0,국내전업손보사,B,SI023,부문별 손익(파생상품)
3112,202212,0011353,신한EZ손해보험주식회사,A2,파생상품 관련 손실,0,0,국내전업손보사,B,SI023,부문별 손익(파생상품)
3113,202212,0011353,신한EZ손해보험주식회사,A21,파생상품 관련 손실_파생상품 거래 손실,0,0,국내전업손보사,B,SI023,부문별 손익(파생상품)
3114,202212,0011353,신한EZ손해보험주식회사,A22,파생상품 평가 손실,0,0,국내전업손보사,B,SI023,부문별 손익(파생상품)
3115,202303,0011353,신한EZ손해보험주식회사,A,파생상품 관련 손익,0,0,국내전업손보사,B,SI023,부문별 손익(파생상품)
3116,202303,0011353,신한EZ손해보험주식회사,A1,파생상품 관련 손익_파생상품 관련 이익,0,0,국내전업손보사,B,SI023,부문별 손익(파생상품)
3117,202303,0011353,신한EZ손해보험주식회사,A11,파생상품 거래 이익,0,0,국내전업손보사,B,SI023,부문별 손익(파생상품)
3118,202303,0011353,신한EZ손해보험주식회사,A12,파생상품 평가 이익,0,0,국내전업손보사,B,SI023,부문별 손익(파생상품)
3119,202303,0011353,신한EZ손해보험주식회사,A2,파생상품 관련 손실,0,0,국내전업손보사,B,SI023,부문별 손익(파생상품)
3120,202303,0011353,신한EZ손해보험주식회사,A21,파생상품 거래 손실,0,0,국내전업손보사,B,SI023,부문별 손익(파생상품)
3121,202303,0011353,신한EZ손해보험주식회사,A22,파생상품 평가 손실,0,0,국내전업손보사,B,SI023,부문별 손익(파생상품)
3122,202306,0011353,신한EZ손해보험주식회사,A,파생상품 관련 손익,0,0,국내전업손보사,B,SI023,부문별 손익(파생상품)
3123,202306,0011353,신한EZ손해보험주식회사,A1,파생상품 관련 손익_파생상품 관련 이익,0,0,국내전업손보사,B,SI023,부문별 손익(파생상품)
3124,202306,0011353,신한EZ손해보험주식회사,A11,파생상품 거래 이익,0,0,국내전업손보사,B,SI023,부문별 손익(파생상품)
3125,202306,0011353,신한EZ손해보험주식회사,A12,파생상품 평가 이익,0,0,국내전업손보사,B,SI023,부문별 손익(파생상품)
3126,202306,0011353,신한EZ손해보험주식회사,A2,파생상품 관련 손실,0,0,국내전업손보사,B,SI023,부문별 손익(파생상품)
3127,202306,0011353,신한EZ손해보험주식회사,A21,파생상품 거래 손실,0,0,국내전업손보사,B,SI023,부문별 손익(파생상품)
3128,202306,0011353,신한EZ손해보험주식회사,A22,파생상품 평가 손실,0,0,국내전업손보사,B,SI023,부문별 손익(파생상품)
3129,202309,0011353,신한EZ손해보험주식회사,A,파생상품 관련 손익,0,0,국내전업손보사,B,SI023,부문별 손익(파생상품)
3130,202309,0011353,신한EZ손해보험주식회사,A1,파생상품 관련 손익_파생상품 관련 이익,0,0,국내전업손보사,B,SI023,부문별 손익(파생상품)
3131,202309,0011353,신한EZ손해보험주식회사,A11,파생상품 거래 이익,0,0,국내전업손보사,B,SI023,부문별 손익(파생상품)
3132,202309,0011353,신한EZ손해보험주식회사,A12,파생상품 평가 이익,0,0,국내전업손보사,B,SI023,부문별 손익(파생상품)
3133,202309,0011353,신한EZ손해보험주식회사,A2,파생상품 관련 손실,0,0,국내전업손보사,B,SI023,부문별 손익(파생상품)
3134,202309,0011353,신한EZ손해보험주식회사,A21,파생상품 거래 손실,0,0,국내전업손보사,B,SI023,부문별 손익(파생상품)
3135,202309,0011353,신한EZ손해보험주식회사,A22,파생상품 평가 손실,0,0,국내전업손보사,B,SI023,부문별 손익(파생상품)
3136,202312,0011353,신한EZ손해보험주식회사,A,파생상품 관련 손익,0,0,국내전업손보사,B,SI023,부문별 손익(파생상품)
3137,202312,0011353,신한EZ손해보험주식회사,A1,파생상품 관련 손익_파생상품 관련 이익,0,0,국내전업손보사,B,SI023,부문별 손익(파생상품)
3138,202312,0011353,신한EZ손해보험주식회사,A11,파생상품 거래 이익,0,0,국내전업손보사,B,SI023,부문별 손익(파생상품)
3139,202312,0011353,신한EZ손해보험주식회사,A12,파생상품 평가 이익,0,0,국내전업손보사,B,SI023,부문별 손익(파생상품)
3140,202312,0011353,신한EZ손해보험주식회사,A2,파생상품 관련 손실,0,0,국내전업손보사,B,SI023,부문별 손익(파생상품)
3141,202312,0011353,신한EZ손해보험주식회사,A21,파생상품 거래 손실,0,0,국내전업손보사,B,SI023,부문별 손익(파생상품)
3142,202312,0011353,신한EZ손해보험주식회사,A22,파생상품 평가 손실,0,0,국내전업손보사,B,SI023,부문별 손익(파생상품)
3143,202403,0011353,신한EZ손해보험주식회사,A,파생상품 관련 손익,0,0,국내전업손보사,B,SI023,부문별 손익(파생상품)
3144,202403,0011353,신한EZ손해보험주식회사,A1,파생상품 관련 손익_파생상품 관련 이익,0,0,국내전업손보사,B,SI023,부문별 손익(파생상품)
3145,202403,0011353,신한EZ손해보험주식회사,A11,파생상품 거래 이익,0,0,국내전업손보사,B,SI023,부문별 손익(파생상품)
3146,202403,0011353,신한EZ손해보험주식회사,A12,파생상품 평가 이익,0,0,국내전업손보사,B,SI023,부문별 손익(파생상품)
3147,202403,0011353,신한EZ손해보험주식회사,A2,파생상품 관련 손실,0,0,국내전업손보사,B,SI023,부문별 손익(파생상품)
3148,202403,0011353,신한EZ손해보험주식회사,A21,파생상품 거래 손실,0,0,국내전업손보사,B,SI023,부문별 손익(파생상품)
3149,202403,0011353,신한EZ손해보험주식회사,A22,파생상품 평가 손실,0,0,국내전업손보사,B,SI023,부문별 손익(파생상품)
3150,202406,0011353,신한EZ손해보험주식회사,A,파생상품 관련 손익,0,0,국내전업손보사,B,SI023,부문별 손익(파생상품)
3151,202406,0011353,신한EZ손해보험주식회사,A1,파생상품 관련 손익_파생상품 관련 이익,0,0,국내전업손보사,B,SI023,부문별 손익(파생상품)
3152,202406,0011353,신한EZ손해보험주식회사,A11,파생상품 거래 이익,0,0,국내전업손보사,B,SI023,부문별 손익(파생상품)
3153,202406,0011353,신한EZ손해보험주식회사,A12,파생상품 평가 이익,0,0,국내전업손보사,B,SI023,부문별 손익(파생상품)
3154,202406,0011353,신한EZ손해보험주식회사,A2,파생상품 관련 손실,0,0,국내전업손보사,B,SI023,부문별 손익(파생상품)
3155,202406,0011353,신한EZ손해보험주식회사,A21,파생상품 거래 손실,0,0,국내전업손보사,B,SI023,부문별 손익(파생상품)
3156,202406,0011353,신한EZ손해보험주식회사,A22,파생상품 평가 손실,0,0,국내전업손보사,B,SI023,부문별 손익(파생상품)
3157,202409,0011353,신한EZ손해보험주식회사,A,파생상품 관련 손익,0,0,국내전업손보사,B,SI023,부문별 손익(파생상품)
3158,202409,0011353,신한EZ손해보험주식회사,A1,파생상품 관련 손익_파생상품 관련 이익,0,0,국내전업손보사,B,SI023,부문별 손익(파생상품)
3159,202409,0011353,신한EZ손해보험주식회사,A11,파생상품 거래 이익,0,0,국내전업손보사,B,SI023,부문별 손익(파생상품)
3160,202409,0011353,신한EZ손해보험주식회사,A12,파생상품 평가 이익,0,0,국내전업손보사,B,SI023,부문별 손익(파생상품)
3161,202409,0011353,신한EZ손해보험주식회사,A2,파생상품 관련 손실,0,0,국내전업손보사,B,SI023,부문별 손익(파생상품)
3162,202409,0011353,신한EZ손해보험주식회사,A21,파생상품 거래 손실,0,0,국내전업손보사,B,SI023,부문별 손익(파생상품)
3163,202409,0011353,신한EZ손해보험주식회사,A22,파생상품 평가 손실,0,0,국내전업손보사,B,SI023,부문별 손익(파생상품)
3164,202412,0011353,신한EZ손해보험주식회사,A,파생상품 관련 손익,0,0,국내전업손보사,B,SI023,부문별 손익(파생상품)
3165,202412,0011353,신한EZ손해보험주식회사,A1,파생상품 관련 손익_파생상품 관련 이익,0,0,국내전업손보사,B,SI023,부문별 손익(파생상품)
3166,202412,0011353,신한EZ손해보험주식회사,A11,파생상품 거래 이익,0,0,국내전업손보사,B,SI023,부문별 손익(파생상품)
3167,202412,0011353,신한EZ손해보험주식회사,A12,파생상품 평가 이익,0,0,국내전업손보사,B,SI023,부문별 손익(파생상품)
3168,202412,0011353,신한EZ손해보험주식회사,A2,파생상품 관련 손실,0,0,국내전업손보사,B,SI023,부문별 손익(파생상품)
3169,202412,0011353,신한EZ손해보험주식회사,A21,파생상품 거래 손실,0,0,국내전업손보사,B,SI023,부문별 손익(파생상품)
3170,202412,0011353,신한EZ손해보험주식회사,A22,파생상품 평가 손실,0,0,국내전업손보사,B,SI023,부문별 손익(파생상품)
3171,202503,0011353,신한EZ손해보험주식회사,A,파생상품 관련 손익,21000,21000,국내전업손보사,B,SI023,부문별 손익(파생상품)
3172,202503,0011353,신한EZ손해보험주식회사,A1,파생상품 관련 손익_파생상품 관련 이익,21000,21000,국내전업손보사,B,SI023,부문별 손익(파생상품)
3173,202503,0011353,신한EZ손해보험주식회사,A11,파생상품 거래 이익,0,0,국내전업손보사,B,SI023,부문별 손익(파생상품)
3174,202503,0011353,신한EZ손해보험주식회사,A12,파생상품 평가 이익,21000,21000,국내전업손보사,B,SI023,부문별 손익(파생상품)
3175,202503,0011353,신한EZ손해보험주식회사,A2,파생상품 관련 손실,0,0,국내전업손보사,B,SI023,부문별 손익(파생상품)
3176,202503,0011353,신한EZ손해보험주식회사,A21,파생상품 거래 손실,0,0,국내전업손보사,B,SI023,부문별 손익(파생상품)
3177,202503,0011353,신한EZ손해보험주식회사,A22,파생상품 평가 손실,0,0,국내전업손보사,B,SI023,부문별 손익(파생상품)
3178,202506,0011353,신한EZ손해보험주식회사,A,파생상품 관련 손익,-21000,0,국내전업손보사,B,SI023,부문별 손익(파생상품)
3179,202506,0011353,신한EZ손해보험주식회사,A1,파생상품 관련 손익_파생상품 관련 이익,-21000,0,국내전업손보사,B,SI023,부문별 손익(파생상품)
3180,202506,0011353,신한EZ손해보험주식회사,A11,파생상품 거래 이익,0,0,국내전업손보사,B,SI023,부문별 손익(파생상품)
3181,202506,0011353,신한EZ손해보험주식회사,A12,파생상품 평가 이익,-21000,0,국내전업손보사,B,SI023,부문별 손익(파생상품)
3182,202506,0011353,신한EZ손해보험주식회사,A2,파생상품 관련 손실,0,0,국내전업손보사,B,SI023,부문별 손익(파생상품)
3183,202506,0011353,신한EZ손해보험주식회사,A21,파생상품 거래 손실,0,0,국내전업손보사,B,SI023,부문별 손익(파생상품)
3184,202506,0011353,신한EZ손해보험주식회사,A22,파생상품 평가 손실,0,0,국내전업손보사,B,SI023,부문별 손익(파생상품)
3185,202509,0011353,신한EZ손해보험주식회사,A,파생상품 관련 손익,0,0,국내전업손보사,B,SI023,부문별 손익(파생상품)
3186,202509,0011353,신한EZ손해보험주식회사,A1,파생상품 관련 손익_파생상품 관련 이익,0,0,국내전업손보사,B,SI023,부문별 손익(파생상품)
3187,202509,0011353,신한EZ손해보험주식회사,A11,파생상품 거래 이익,0,0,국내전업손보사,B,SI023,부문별 손익(파생상품)
3188,202509,0011353,신한EZ손해보험주식회사,A12,파생상품 평가 이익,0,0,국내전업손보사,B,SI023,부문별 손익(파생상품)
3189,202509,0011353,신한EZ손해보험주식회사,A2,파생상품 관련 손실,0,0,국내전업손보사,B,SI023,부문별 손익(파생상품)
3190,202509,0011353,신한EZ손해보험주식회사,A21,파생상품 거래 손실,0,0,국내전업손보사,B,SI023,부문별 손익(파생상품)
3191,202509,0011353,신한EZ손해보험주식회사,A22,파생상품 평가 손실,0,0,국내전업손보사,B,SI023,부문별 손익(파생상품)
3192,202209,0019399,주식회사 카카오페이손해보험,A,파생상품 관련 손익,0,0,국내전업손보사,B,SI023,부문별 손익(파생상품)
3193,202209,0019399,주식회사 카카오페이손해보험,A1,파생상품 관련 이익,0,0,국내전업손보사,B,SI023,부문별 손익(파생상품)
3194,202209,0019399,주식회사 카카오페이손해보험,A11,파생상품 관련 이익_파생상품 거래 이익,0,0,국내전업손보사,B,SI023,부문별 손익(파생상품)
3195,202209,0019399,주식회사 카카오페이손해보험,A12,파생상품 관련 이익_파생상품 평가 이익,0,0,국내전업손보사,B,SI023,부문별 손익(파생상품)
3196,202209,0019399,주식회사 카카오페이손해보험,A2,파생상품 관련 손실,0,0,국내전업손보사,B,SI023,부문별 손익(파생상품)
3197,202209,0019399,주식회사 카카오페이손해보험,A21,파생상품 관련 손실_파생상품 거래 손실,0,0,국내전업손보사,B,SI023,부문별 손익(파생상품)
3198,202209,0019399,주식회사 카카오페이손해보험,A22,파생상품 평가 손실,0,0,국내전업손보사,B,SI023,부문별 손익(파생상품)
3199,202212,0019399,주식회사 카카오페이손해보험,A,파생상품 관련 손익,0,0,국내전업손보사,B,SI023,부문별 손익(파생상품)
3200,202212,0019399,주식회사 카카오페이손해보험,A1,파생상품 관련 이익,0,0,국내전업손보사,B,SI023,부문별 손익(파생상품)
3201,202212,0019399,주식회사 카카오페이손해보험,A11,파생상품 관련 이익_파생상품 거래 이익,0,0,국내전업손보사,B,SI023,부문별 손익(파생상품)
3202,202212,0019399,주식회사 카카오페이손해보험,A12,파생상품 관련 이익_파생상품 평가 이익,0,0,국내전업손보사,B,SI023,부문별 손익(파생상품)
3203,202212,0019399,주식회사 카카오페이손해보험,A2,파생상품 관련 손실,0,0,국내전업손보사,B,SI023,부문별 손익(파생상품)
3204,202212,0019399,주식회사 카카오페이손해보험,A21,파생상품 관련 손실_파생상품 거래 손실,0,0,국내전업손보사,B,SI023,부문별 손익(파생상품)
3205,202212,0019399,주식회사 카카오페이손해보험,A22,파생상품 평가 손실,0,0,국내전업손보사,B,SI023,부문별 손익(파생상품)
3206,202303,0019399,주식회사 카카오페이손해보험,A,파생상품 관련 손익,0,0,국내전업손보사,B,SI023,부문별 손익(파생상품)
3207,202303,0019399,주식회사 카카오페이손해보험,A1,파생상품 관련 손익_파생상품 관련 이익,0,0,국내전업손보사,B,SI023,부문별 손익(파생상품)
3208,202303,0019399,주식회사 카카오페이손해보험,A11,파생상품 거래 이익,0,0,국내전업손보사,B,SI023,부문별 손익(파생상품)
3209,202303,0019399,주식회사 카카오페이손해보험,A12,파생상품 평가 이익,0,0,국내전업손보사,B,SI023,부문별 손익(파생상품)
3210,202303,0019399,주식회사 카카오페이손해보험,A2,파생상품 관련 손실,0,0,국내전업손보사,B,SI023,부문별 손익(파생상품)
3211,202303,0019399,주식회사 카카오페이손해보험,A21,파생상품 거래 손실,0,0,국내전업손보사,B,SI023,부문별 손익(파생상품)
3212,202303,0019399,주식회사 카카오페이손해보험,A22,파생상품 평가 손실,0,0,국내전업손보사,B,SI023,부문별 손익(파생상품)
3213,202306,0019399,주식회사 카카오페이손해보험,A,파생상품 관련 손익,0,0,국내전업손보사,B,SI023,부문별 손익(파생상품)
3214,202306,0019399,주식회사 카카오페이손해보험,A1,파생상품 관련 손익_파생상품 관련 이익,0,0,국내전업손보사,B,SI023,부문별 손익(파생상품)
3215,202306,0019399,주식회사 카카오페이손해보험,A11,파생상품 거래 이익,0,0,국내전업손보사,B,SI023,부문별 손익(파생상품)
3216,202306,0019399,주식회사 카카오페이손해보험,A12,파생상품 평가 이익,0,0,국내전업손보사,B,SI023,부문별 손익(파생상품)
3217,202306,0019399,주식회사 카카오페이손해보험,A2,파생상품 관련 손실,0,0,국내전업손보사,B,SI023,부문별 손익(파생상품)
3218,202306,0019399,주식회사 카카오페이손해보험,A21,파생상품 거래 손실,0,0,국내전업손보사,B,SI023,부문별 손익(파생상품)
3219,202306,0019399,주식회사 카카오페이손해보험,A22,파생상품 평가 손실,0,0,국내전업손보사,B,SI023,부문별 손익(파생상품)
3220,202309,0019399,주식회사 카카오페이손해보험,A,파생상품 관련 손익,0,0,국내전업손보사,B,SI023,부문별 손익(파생상품)
3221,202309,0019399,주식회사 카카오페이손해보험,A1,파생상품 관련 손익_파생상품 관련 이익,0,0,국내전업손보사,B,SI023,부문별 손익(파생상품)
3222,202309,0019399,주식회사 카카오페이손해보험,A11,파생상품 거래 이익,0,0,국내전업손보사,B,SI023,부문별 손익(파생상품)
3223,202309,0019399,주식회사 카카오페이손해보험,A12,파생상품 평가 이익,0,0,국내전업손보사,B,SI023,부문별 손익(파생상품)
3224,202309,0019399,주식회사 카카오페이손해보험,A2,파생상품 관련 손실,0,0,국내전업손보사,B,SI023,부문별 손익(파생상품)
3225,202309,0019399,주식회사 카카오페이손해보험,A21,파생상품 거래 손실,0,0,국내전업손보사,B,SI023,부문별 손익(파생상품)
3226,202309,0019399,주식회사 카카오페이손해보험,A22,파생상품 평가 손실,0,0,국내전업손보사,B,SI023,부문별 손익(파생상품)
3227,202312,0019399,주식회사 카카오페이손해보험,A,파생상품 관련 손익,0,0,국내전업손보사,B,SI023,부문별 손익(파생상품)
3228,202312,0019399,주식회사 카카오페이손해보험,A1,파생상품 관련 손익_파생상품 관련 이익,0,0,국내전업손보사,B,SI023,부문별 손익(파생상품)
3229,202312,0019399,주식회사 카카오페이손해보험,A11,파생상품 거래 이익,0,0,국내전업손보사,B,SI023,부문별 손익(파생상품)
3230,202312,0019399,주식회사 카카오페이손해보험,A12,파생상품 평가 이익,0,0,국내전업손보사,B,SI023,부문별 손익(파생상품)
3231,202312,0019399,주식회사 카카오페이손해보험,A2,파생상품 관련 손실,0,0,국내전업손보사,B,SI023,부문별 손익(파생상품)
3232,202312,0019399,주식회사 카카오페이손해보험,A21,파생상품 거래 손실,0,0,국내전업손보사,B,SI023,부문별 손익(파생상품)
3233,202312,0019399,주식회사 카카오페이손해보험,A22,파생상품 평가 손실,0,0,국내전업손보사,B,SI023,부문별 손익(파생상품)
3234,202403,0019399,주식회사 카카오페이손해보험,A,파생상품 관련 손익,0,0,국내전업손보사,B,SI023,부문별 손익(파생상품)
3235,202403,0019399,주식회사 카카오페이손해보험,A1,파생상품 관련 손익_파생상품 관련 이익,0,0,국내전업손보사,B,SI023,부문별 손익(파생상품)
3236,202403,0019399,주식회사 카카오페이손해보험,A11,파생상품 거래 이익,0,0,국내전업손보사,B,SI023,부문별 손익(파생상품)
3237,202403,0019399,주식회사 카카오페이손해보험,A12,파생상품 평가 이익,0,0,국내전업손보사,B,SI023,부문별 손익(파생상품)
3238,202403,0019399,주식회사 카카오페이손해보험,A2,파생상품 관련 손실,0,0,국내전업손보사,B,SI023,부문별 손익(파생상품)
3239,202403,0019399,주식회사 카카오페이손해보험,A21,파생상품 거래 손실,0,0,국내전업손보사,B,SI023,부문별 손익(파생상품)
3240,202403,0019399,주식회사 카카오페이손해보험,A22,파생상품 평가 손실,0,0,국내전업손보사,B,SI023,부문별 손익(파생상품)
3241,202406,0019399,주식회사 카카오페이손해보험,A,파생상품 관련 손익,0,0,국내전업손보사,B,SI023,부문별 손익(파생상품)
3242,202406,0019399,주식회사 카카오페이손해보험,A1,파생상품 관련 손익_파생상품 관련 이익,0,0,국내전업손보사,B,SI023,부문별 손익(파생상품)
3243,202406,0019399,주식회사 카카오페이손해보험,A11,파생상품 거래 이익,0,0,국내전업손보사,B,SI023,부문별 손익(파생상품)
3244,202406,0019399,주식회사 카카오페이손해보험,A12,파생상품 평가 이익,0,0,국내전업손보사,B,SI023,부문별 손익(파생상품)
3245,202406,0019399,주식회사 카카오페이손해보험,A2,파생상품 관련 손실,0,0,국내전업손보사,B,SI023,부문별 손익(파생상품)
3246,202406,0019399,주식회사 카카오페이손해보험,A21,파생상품 거래 손실,0,0,국내전업손보사,B,SI023,부문별 손익(파생상품)
3247,202406,0019399,주식회사 카카오페이손해보험,A22,파생상품 평가 손실,0,0,국내전업손보사,B,SI023,부문별 손익(파생상품)
3248,202409,0019399,주식회사 카카오페이손해보험,A,파생상품 관련 손익,0,0,국내전업손보사,B,SI023,부문별 손익(파생상품)
3249,202409,0019399,주식회사 카카오페이손해보험,A1,파생상품 관련 손익_파생상품 관련 이익,0,0,국내전업손보사,B,SI023,부문별 손익(파생상품)
3250,202409,0019399,주식회사 카카오페이손해보험,A11,파생상품 거래 이익,0,0,국내전업손보사,B,SI023,부문별 손익(파생상품)
3251,202409,0019399,주식회사 카카오페이손해보험,A12,파생상품 평가 이익,0,0,국내전업손보사,B,SI023,부문별 손익(파생상품)
3252,202409,0019399,주식회사 카카오페이손해보험,A2,파생상품 관련 손실,0,0,국내전업손보사,B,SI023,부문별 손익(파생상품)
3253,202409,0019399,주식회사 카카오페이손해보험,A21,파생상품 거래 손실,0,0,국내전업손보사,B,SI023,부문별 손익(파생상품)
3254,202409,0019399,주식회사 카카오페이손해보험,A22,파생상품 평가 손실,0,0,국내전업손보사,B,SI023,부문별 손익(파생상품)
3255,202412,0019399,주식회사 카카오페이손해보험,A,파생상품 관련 손익,0,0,국내전업손보사,B,SI023,부문별 손익(파생상품)
3256,202412,0019399,주식회사 카카오페이손해보험,A1,파생상품 관련 손익_파생상품 관련 이익,0,0,국내전업손보사,B,SI023,부문별 손익(파생상품)
3257,202412,0019399,주식회사 카카오페이손해보험,A11,파생상품 거래 이익,0,0,국내전업손보사,B,SI023,부문별 손익(파생상품)
3258,202412,0019399,주식회사 카카오페이손해보험,A12,파생상품 평가 이익,0,0,국내전업손보사,B,SI023,부문별 손익(파생상품)
3259,202412,0019399,주식회사 카카오페이손해보험,A2,파생상품 관련 손실,0,0,국내전업손보사,B,SI023,부문별 손익(파생상품)
3260,202412,0019399,주식회사 카카오페이손해보험,A21,파생상품 거래 손실,0,0,국내전업손보사,B,SI023,부문별 손익(파생상품)
3261,202412,0019399,주식회사 카카오페이손해보험,A22,파생상품 평가 손실,0,0,국내전업손보사,B,SI023,부문별 손익(파생상품)
3262,202503,0019399,주식회사 카카오페이손해보험,A,파생상품 관련 손익,0,0,국내전업손보사,B,SI023,부문별 손익(파생상품)
3263,202503,0019399,주식회사 카카오페이손해보험,A1,파생상품 관련 손익_파생상품 관련 이익,0,0,국내전업손보사,B,SI023,부문별 손익(파생상품)
3264,202503,0019399,주식회사 카카오페이손해보험,A11,파생상품 거래 이익,0,0,국내전업손보사,B,SI023,부문별 손익(파생상품)
3265,202503,0019399,주식회사 카카오페이손해보험,A12,파생상품 평가 이익,0,0,국내전업손보사,B,SI023,부문별 손익(파생상품)
3266,202503,0019399,주식회사 카카오페이손해보험,A2,파생상품 관련 손실,0,0,국내전업손보사,B,SI023,부문별 손익(파생상품)
3267,202503,0019399,주식회사 카카오페이손해보험,A21,파생상품 거래 손실,0,0,국내전업손보사,B,SI023,부문별 손익(파생상품)
3268,202503,0019399,주식회사 카카오페이손해보험,A22,파생상품 평가 손실,0,0,국내전업손보사,B,SI023,부문별 손익(파생상품)
3269,202506,0019399,주식회사 카카오페이손해보험,A,파생상품 관련 손익,0,0,국내전업손보사,B,SI023,부문별 손익(파생상품)
3270,202506,0019399,주식회사 카카오페이손해보험,A1,파생상품 관련 손익_파생상품 관련 이익,0,0,국내전업손보사,B,SI023,부문별 손익(파생상품)
3271,202506,0019399,주식회사 카카오페이손해보험,A11,파생상품 거래 이익,0,0,국내전업손보사,B,SI023,부문별 손익(파생상품)
3272,202506,0019399,주식회사 카카오페이손해보험,A12,파생상품 평가 이익,0,0,국내전업손보사,B,SI023,부문별 손익(파생상품)
3273,202506,0019399,주식회사 카카오페이손해보험,A2,파생상품 관련 손실,0,0,국내전업손보사,B,SI023,부문별 손익(파생상품)
3274,202506,0019399,주식회사 카카오페이손해보험,A21,파생상품 거래 손실,0,0,국내전업손보사,B,SI023,부문별 손익(파생상품)
3275,202506,0019399,주식회사 카카오페이손해보험,A22,파생상품 평가 손실,0,0,국내전업손보사,B,SI023,부문별 손익(파생상품)
3276,202509,0019399,주식회사 카카오페이손해보험,A,파생상품 관련 손익,0,0,국내전업손보사,B,SI023,부문별 손익(파생상품)
3277,202509,0019399,주식회사 카카오페이손해보험,A1,파생상품 관련 손익_파생상품 관련 이익,0,0,국내전업손보사,B,SI023,부문별 손익(파생상품)
3278,202509,0019399,주식회사 카카오페이손해보험,A11,파생상품 거래 이익,0,0,국내전업손보사,B,SI023,부문별 손익(파생상품)
3279,202509,0019399,주식회사 카카오페이손해보험,A12,파생상품 평가 이익,0,0,국내전업손보사,B,SI023,부문별 손익(파생상품)
3280,202509,0019399,주식회사 카카오페이손해보험,A2,파생상품 관련 손실,0,0,국내전업손보사,B,SI023,부문별 손익(파생상품)
3281,202509,0019399,주식회사 카카오페이손해보험,A21,파생상품 거래 손실,0,0,국내전업손보사,B,SI023,부문별 손익(파생상품)
3282,202509,0019399,주식회사 카카오페이손해보험,A22,파생상품 평가 손실,0,0,국내전업손보사,B,SI023,부문별 손익(파생상품)
3283,201912,0017080,캐롯손해보험주식회사,A,파생상품 관련 손익,0,0,국내전업손보사,B,SI023,부문별 손익(파생상품)
3284,201912,0017080,캐롯손해보험주식회사,A1,파생상품 관련 이익,0,0,국내전업손보사,B,SI023,부문별 손익(파생상품)
3285,201912,0017080,캐롯손해보험주식회사,A11,파생상품 관련 이익_파생상품 거래 이익,0,0,국내전업손보사,B,SI023,부문별 손익(파생상품)
3286,201912,0017080,캐롯손해보험주식회사,A12,파생상품 관련 이익_파생상품 평가 이익,0,0,국내전업손보사,B,SI023,부문별 손익(파생상품)
3287,201912,0017080,캐롯손해보험주식회사,A2,파생상품 관련 손실,0,0,국내전업손보사,B,SI023,부문별 손익(파생상품)
3288,201912,0017080,캐롯손해보험주식회사,A21,파생상품 관련 손실_파생상품 거래 손실,0,0,국내전업손보사,B,SI023,부문별 손익(파생상품)
3289,201912,0017080,캐롯손해보험주식회사,A22,파생상품 평가 손실,0,0,국내전업손보사,B,SI023,부문별 손익(파생상품)
3290,202003,0017080,캐롯손해보험주식회사,A,파생상품 관련 손익,0,0,국내전업손보사,B,SI023,부문별 손익(파생상품)
3291,202003,0017080,캐롯손해보험주식회사,A1,파생상품 관련 이익,0,0,국내전업손보사,B,SI023,부문별 손익(파생상품)
3292,202003,0017080,캐롯손해보험주식회사,A11,파생상품 관련 이익_파생상품 거래 이익,0,0,국내전업손보사,B,SI023,부문별 손익(파생상품)
3293,202003,0017080,캐롯손해보험주식회사,A12,파생상품 관련 이익_파생상품 평가 이익,0,0,국내전업손보사,B,SI023,부문별 손익(파생상품)
3294,202003,0017080,캐롯손해보험주식회사,A2,파생상품 관련 손실,0,0,국내전업손보사,B,SI023,부문별 손익(파생상품)
3295,202003,0017080,캐롯손해보험주식회사,A21,파생상품 관련 손실_파생상품 거래 손실,0,0,국내전업손보사,B,SI023,부문별 손익(파생상품)
3296,202003,0017080,캐롯손해보험주식회사,A22,파생상품 평가 손실,0,0,국내전업손보사,B,SI023,부문별 손익(파생상품)
3297,202006,0017080,캐롯손해보험주식회사,A,파생상품 관련 손익,0,0,국내전업손보사,B,SI023,부문별 손익(파생상품)
3298,202006,0017080,캐롯손해보험주식회사,A1,파생상품 관련 이익,0,0,국내전업손보사,B,SI023,부문별 손익(파생상품)
3299,202006,0017080,캐롯손해보험주식회사,A11,파생상품 관련 이익_파생상품 거래 이익,0,0,국내전업손보사,B,SI023,부문별 손익(파생상품)
3300,202006,0017080,캐롯손해보험주식회사,A12,파생상품 관련 이익_파생상품 평가 이익,0,0,국내전업손보사,B,SI023,부문별 손익(파생상품)
3301,202006,0017080,캐롯손해보험주식회사,A2,파생상품 관련 손실,0,0,국내전업손보사,B,SI023,부문별 손익(파생상품)
3302,202006,0017080,캐롯손해보험주식회사,A21,파생상품 관련 손실_파생상품 거래 손실,0,0,국내전업손보사,B,SI023,부문별 손익(파생상품)
3303,202006,0017080,캐롯손해보험주식회사,A22,파생상품 평가 손실,0,0,국내전업손보사,B,SI023,부문별 손익(파생상품)
3304,202009,0017080,캐롯손해보험주식회사,A,파생상품 관련 손익,0,0,국내전업손보사,B,SI023,부문별 손익(파생상품)
3305,202009,0017080,캐롯손해보험주식회사,A1,파생상품 관련 이익,0,0,국내전업손보사,B,SI023,부문별 손익(파생상품)
3306,202009,0017080,캐롯손해보험주식회사,A11,파생상품 관련 이익_파생상품 거래 이익,0,0,국내전업손보사,B,SI023,부문별 손익(파생상품)
3307,202009,0017080,캐롯손해보험주식회사,A12,파생상품 관련 이익_파생상품 평가 이익,0,0,국내전업손보사,B,SI023,부문별 손익(파생상품)
3308,202009,0017080,캐롯손해보험주식회사,A2,파생상품 관련 손실,0,0,국내전업손보사,B,SI023,부문별 손익(파생상품)
3309,202009,0017080,캐롯손해보험주식회사,A21,파생상품 관련 손실_파생상품 거래 손실,0,0,국내전업손보사,B,SI023,부문별 손익(파생상품)
3310,202009,0017080,캐롯손해보험주식회사,A22,파생상품 평가 손실,0,0,국내전업손보사,B,SI023,부문별 손익(파생상품)
3311,202012,0017080,캐롯손해보험주식회사,A,파생상품 관련 손익,0,0,국내전업손보사,B,SI023,부문별 손익(파생상품)
3312,202012,0017080,캐롯손해보험주식회사,A1,파생상품 관련 이익,0,0,국내전업손보사,B,SI023,부문별 손익(파생상품)
3313,202012,0017080,캐롯손해보험주식회사,A11,파생상품 관련 이익_파생상품 거래 이익,0,0,국내전업손보사,B,SI023,부문별 손익(파생상품)
3314,202012,0017080,캐롯손해보험주식회사,A12,파생상품 관련 이익_파생상품 평가 이익,0,0,국내전업손보사,B,SI023,부문별 손익(파생상품)
3315,202012,0017080,캐롯손해보험주식회사,A2,파생상품 관련 손실,0,0,국내전업손보사,B,SI023,부문별 손익(파생상품)
3316,202012,0017080,캐롯손해보험주식회사,A21,파생상품 관련 손실_파생상품 거래 손실,0,0,국내전업손보사,B,SI023,부문별 손익(파생상품)
3317,202012,0017080,캐롯손해보험주식회사,A22,파생상품 평가 손실,0,0,국내전업손보사,B,SI023,부문별 손익(파생상품)
3318,202103,0017080,캐롯손해보험주식회사,A,파생상품 관련 손익,0,0,국내전업손보사,B,SI023,부문별 손익(파생상품)
3319,202103,0017080,캐롯손해보험주식회사,A1,파생상품 관련 이익,0,0,국내전업손보사,B,SI023,부문별 손익(파생상품)
3320,202103,0017080,캐롯손해보험주식회사,A11,파생상품 관련 이익_파생상품 거래 이익,0,0,국내전업손보사,B,SI023,부문별 손익(파생상품)
3321,202103,0017080,캐롯손해보험주식회사,A12,파생상품 관련 이익_파생상품 평가 이익,0,0,국내전업손보사,B,SI023,부문별 손익(파생상품)
3322,202103,0017080,캐롯손해보험주식회사,A2,파생상품 관련 손실,0,0,국내전업손보사,B,SI023,부문별 손익(파생상품)
3323,202103,0017080,캐롯손해보험주식회사,A21,파생상품 관련 손실_파생상품 거래 손실,0,0,국내전업손보사,B,SI023,부문별 손익(파생상품)
3324,202103,0017080,캐롯손해보험주식회사,A22,파생상품 평가 손실,0,0,국내전업손보사,B,SI023,부문별 손익(파생상품)
3325,202106,0017080,캐롯손해보험주식회사,A,파생상품 관련 손익,0,0,국내전업손보사,B,SI023,부문별 손익(파생상품)
3326,202106,0017080,캐롯손해보험주식회사,A1,파생상품 관련 이익,0,0,국내전업손보사,B,SI023,부문별 손익(파생상품)
3327,202106,0017080,캐롯손해보험주식회사,A11,파생상품 관련 이익_파생상품 거래 이익,0,0,국내전업손보사,B,SI023,부문별 손익(파생상품)
3328,202106,0017080,캐롯손해보험주식회사,A12,파생상품 관련 이익_파생상품 평가 이익,0,0,국내전업손보사,B,SI023,부문별 손익(파생상품)
3329,202106,0017080,캐롯손해보험주식회사,A2,파생상품 관련 손실,0,0,국내전업손보사,B,SI023,부문별 손익(파생상품)
3330,202106,0017080,캐롯손해보험주식회사,A21,파생상품 관련 손실_파생상품 거래 손실,0,0,국내전업손보사,B,SI023,부문별 손익(파생상품)
3331,202106,0017080,캐롯손해보험주식회사,A22,파생상품 평가 손실,0,0,국내전업손보사,B,SI023,부문별 손익(파생상품)
3332,202109,0017080,캐롯손해보험주식회사,A,파생상품 관련 손익,0,0,국내전업손보사,B,SI023,부문별 손익(파생상품)
3333,202109,0017080,캐롯손해보험주식회사,A1,파생상품 관련 이익,0,0,국내전업손보사,B,SI023,부문별 손익(파생상품)
3334,202109,0017080,캐롯손해보험주식회사,A11,파생상품 관련 이익_파생상품 거래 이익,0,0,국내전업손보사,B,SI023,부문별 손익(파생상품)
3335,202109,0017080,캐롯손해보험주식회사,A12,파생상품 관련 이익_파생상품 평가 이익,0,0,국내전업손보사,B,SI023,부문별 손익(파생상품)
3336,202109,0017080,캐롯손해보험주식회사,A2,파생상품 관련 손실,0,0,국내전업손보사,B,SI023,부문별 손익(파생상품)
3337,202109,0017080,캐롯손해보험주식회사,A21,파생상품 관련 손실_파생상품 거래 손실,0,0,국내전업손보사,B,SI023,부문별 손익(파생상품)
3338,202109,0017080,캐롯손해보험주식회사,A22,파생상품 평가 손실,0,0,국내전업손보사,B,SI023,부문별 손익(파생상품)
3339,202112,0017080,캐롯손해보험주식회사,A,파생상품 관련 손익,0,0,국내전업손보사,B,SI023,부문별 손익(파생상품)
3340,202112,0017080,캐롯손해보험주식회사,A1,파생상품 관련 이익,0,0,국내전업손보사,B,SI023,부문별 손익(파생상품)
3341,202112,0017080,캐롯손해보험주식회사,A11,파생상품 관련 이익_파생상품 거래 이익,0,0,국내전업손보사,B,SI023,부문별 손익(파생상품)
3342,202112,0017080,캐롯손해보험주식회사,A12,파생상품 관련 이익_파생상품 평가 이익,0,0,국내전업손보사,B,SI023,부문별 손익(파생상품)
3343,202112,0017080,캐롯손해보험주식회사,A2,파생상품 관련 손실,0,0,국내전업손보사,B,SI023,부문별 손익(파생상품)
3344,202112,0017080,캐롯손해보험주식회사,A21,파생상품 관련 손실_파생상품 거래 손실,0,0,국내전업손보사,B,SI023,부문별 손익(파생상품)
3345,202112,0017080,캐롯손해보험주식회사,A22,파생상품 평가 손실,0,0,국내전업손보사,B,SI023,부문별 손익(파생상품)
3346,202203,0017080,캐롯손해보험주식회사,A,파생상품 관련 손익,0,0,국내전업손보사,B,SI023,부문별 손익(파생상품)
3347,202203,0017080,캐롯손해보험주식회사,A1,파생상품 관련 이익,0,0,국내전업손보사,B,SI023,부문별 손익(파생상품)
3348,202203,0017080,캐롯손해보험주식회사,A11,파생상품 관련 이익_파생상품 거래 이익,0,0,국내전업손보사,B,SI023,부문별 손익(파생상품)
3349,202203,0017080,캐롯손해보험주식회사,A12,파생상품 관련 이익_파생상품 평가 이익,0,0,국내전업손보사,B,SI023,부문별 손익(파생상품)
3350,202203,0017080,캐롯손해보험주식회사,A2,파생상품 관련 손실,0,0,국내전업손보사,B,SI023,부문별 손익(파생상품)
3351,202203,0017080,캐롯손해보험주식회사,A21,파생상품 관련 손실_파생상품 거래 손실,0,0,국내전업손보사,B,SI023,부문별 손익(파생상품)
3352,202203,0017080,캐롯손해보험주식회사,A22,파생상품 평가 손실,0,0,국내전업손보사,B,SI023,부문별 손익(파생상품)
3353,202206,0017080,캐롯손해보험주식회사,A,파생상품 관련 손익,0,0,국내전업손보사,B,SI023,부문별 손익(파생상품)
3354,202206,0017080,캐롯손해보험주식회사,A1,파생상품 관련 이익,0,0,국내전업손보사,B,SI023,부문별 손익(파생상품)
3355,202206,0017080,캐롯손해보험주식회사,A11,파생상품 관련 이익_파생상품 거래 이익,0,0,국내전업손보사,B,SI023,부문별 손익(파생상품)
3356,202206,0017080,캐롯손해보험주식회사,A12,파생상품 관련 이익_파생상품 평가 이익,0,0,국내전업손보사,B,SI023,부문별 손익(파생상품)
3357,202206,0017080,캐롯손해보험주식회사,A2,파생상품 관련 손실,0,0,국내전업손보사,B,SI023,부문별 손익(파생상품)
3358,202206,0017080,캐롯손해보험주식회사,A21,파생상품 관련 손실_파생상품 거래 손실,0,0,국내전업손보사,B,SI023,부문별 손익(파생상품)
3359,202206,0017080,캐롯손해보험주식회사,A22,파생상품 평가 손실,0,0,국내전업손보사,B,SI023,부문별 손익(파생상품)
3360,202209,0017080,캐롯손해보험주식회사,A,파생상품 관련 손익,0,0,국내전업손보사,B,SI023,부문별 손익(파생상품)
3361,202209,0017080,캐롯손해보험주식회사,A1,파생상품 관련 이익,0,0,국내전업손보사,B,SI023,부문별 손익(파생상품)
3362,202209,0017080,캐롯손해보험주식회사,A11,파생상품 관련 이익_파생상품 거래 이익,0,0,국내전업손보사,B,SI023,부문별 손익(파생상품)
3363,202209,0017080,캐롯손해보험주식회사,A12,파생상품 관련 이익_파생상품 평가 이익,0,0,국내전업손보사,B,SI023,부문별 손익(파생상품)
3364,202209,0017080,캐롯손해보험주식회사,A2,파생상품 관련 손실,0,0,국내전업손보사,B,SI023,부문별 손익(파생상품)
3365,202209,0017080,캐롯손해보험주식회사,A21,파생상품 관련 손실_파생상품 거래 손실,0,0,국내전업손보사,B,SI023,부문별 손익(파생상품)
3366,202209,0017080,캐롯손해보험주식회사,A22,파생상품 평가 손실,0,0,국내전업손보사,B,SI023,부문별 손익(파생상품)
3367,202212,0017080,캐롯손해보험주식회사,A,파생상품 관련 손익,0,0,국내전업손보사,B,SI023,부문별 손익(파생상품)
3368,202212,0017080,캐롯손해보험주식회사,A1,파생상품 관련 이익,0,0,국내전업손보사,B,SI023,부문별 손익(파생상품)
3369,202212,0017080,캐롯손해보험주식회사,A11,파생상품 관련 이익_파생상품 거래 이익,0,0,국내전업손보사,B,SI023,부문별 손익(파생상품)
3370,202212,0017080,캐롯손해보험주식회사,A12,파생상품 관련 이익_파생상품 평가 이익,0,0,국내전업손보사,B,SI023,부문별 손익(파생상품)
3371,202212,0017080,캐롯손해보험주식회사,A2,파생상품 관련 손실,0,0,국내전업손보사,B,SI023,부문별 손익(파생상품)
3372,202212,0017080,캐롯손해보험주식회사,A21,파생상품 관련 손실_파생상품 거래 손실,0,0,국내전업손보사,B,SI023,부문별 손익(파생상품)
3373,202212,0017080,캐롯손해보험주식회사,A22,파생상품 평가 손실,0,0,국내전업손보사,B,SI023,부문별 손익(파생상품)
3374,202303,0017080,캐롯손해보험주식회사,A,파생상품 관련 손익,0,0,국내전업손보사,B,SI023,부문별 손익(파생상품)
3375,202303,0017080,캐롯손해보험주식회사,A1,파생상품 관련 손익_파생상품 관련 이익,0,0,국내전업손보사,B,SI023,부문별 손익(파생상품)
3376,202303,0017080,캐롯손해보험주식회사,A11,파생상품 거래 이익,0,0,국내전업손보사,B,SI023,부문별 손익(파생상품)
3377,202303,0017080,캐롯손해보험주식회사,A12,파생상품 평가 이익,0,0,국내전업손보사,B,SI023,부문별 손익(파생상품)
3378,202303,0017080,캐롯손해보험주식회사,A2,파생상품 관련 손실,0,0,국내전업손보사,B,SI023,부문별 손익(파생상품)
3379,202303,0017080,캐롯손해보험주식회사,A21,파생상품 거래 손실,0,0,국내전업손보사,B,SI023,부문별 손익(파생상품)
3380,202303,0017080,캐롯손해보험주식회사,A22,파생상품 평가 손실,0,0,국내전업손보사,B,SI023,부문별 손익(파생상품)
3381,202306,0017080,캐롯손해보험주식회사,A,파생상품 관련 손익,0,0,국내전업손보사,B,SI023,부문별 손익(파생상품)
3382,202306,0017080,캐롯손해보험주식회사,A1,파생상품 관련 손익_파생상품 관련 이익,0,0,국내전업손보사,B,SI023,부문별 손익(파생상품)
3383,202306,0017080,캐롯손해보험주식회사,A11,파생상품 거래 이익,0,0,국내전업손보사,B,SI023,부문별 손익(파생상품)
3384,202306,0017080,캐롯손해보험주식회사,A12,파생상품 평가 이익,0,0,국내전업손보사,B,SI023,부문별 손익(파생상품)
3385,202306,0017080,캐롯손해보험주식회사,A2,파생상품 관련 손실,0,0,국내전업손보사,B,SI023,부문별 손익(파생상품)
3386,202306,0017080,캐롯손해보험주식회사,A21,파생상품 거래 손실,0,0,국내전업손보사,B,SI023,부문별 손익(파생상품)
3387,202306,0017080,캐롯손해보험주식회사,A22,파생상품 평가 손실,0,0,국내전업손보사,B,SI023,부문별 손익(파생상품)
3388,202309,0017080,캐롯손해보험주식회사,A,파생상품 관련 손익,0,0,국내전업손보사,B,SI023,부문별 손익(파생상품)
3389,202309,0017080,캐롯손해보험주식회사,A1,파생상품 관련 손익_파생상품 관련 이익,0,0,국내전업손보사,B,SI023,부문별 손익(파생상품)
3390,202309,0017080,캐롯손해보험주식회사,A11,파생상품 거래 이익,0,0,국내전업손보사,B,SI023,부문별 손익(파생상품)
3391,202309,0017080,캐롯손해보험주식회사,A12,파생상품 평가 이익,0,0,국내전업손보사,B,SI023,부문별 손익(파생상품)
3392,202309,0017080,캐롯손해보험주식회사,A2,파생상품 관련 손실,0,0,국내전업손보사,B,SI023,부문별 손익(파생상품)
3393,202309,0017080,캐롯손해보험주식회사,A21,파생상품 거래 손실,0,0,국내전업손보사,B,SI023,부문별 손익(파생상품)
3394,202309,0017080,캐롯손해보험주식회사,A22,파생상품 평가 손실,0,0,국내전업손보사,B,SI023,부문별 손익(파생상품)
3395,202312,0017080,캐롯손해보험주식회사,A,파생상품 관련 손익,0,0,국내전업손보사,B,SI023,부문별 손익(파생상품)
3396,202312,0017080,캐롯손해보험주식회사,A1,파생상품 관련 손익_파생상품 관련 이익,0,0,국내전업손보사,B,SI023,부문별 손익(파생상품)
3397,202312,0017080,캐롯손해보험주식회사,A11,파생상품 거래 이익,0,0,국내전업손보사,B,SI023,부문별 손익(파생상품)
3398,202312,0017080,캐롯손해보험주식회사,A12,파생상품 평가 이익,0,0,국내전업손보사,B,SI023,부문별 손익(파생상품)
3399,202312,0017080,캐롯손해보험주식회사,A2,파생상품 관련 손실,0,0,국내전업손보사,B,SI023,부문별 손익(파생상품)
3400,202312,0017080,캐롯손해보험주식회사,A21,파생상품 거래 손실,0,0,국내전업손보사,B,SI023,부문별 손익(파생상품)
3401,202312,0017080,캐롯손해보험주식회사,A22,파생상품 평가 손실,0,0,국내전업손보사,B,SI023,부문별 손익(파생상품)
3402,202403,0017080,캐롯손해보험주식회사,A,파생상품 관련 손익,0,0,국내전업손보사,B,SI023,부문별 손익(파생상품)
3403,202403,0017080,캐롯손해보험주식회사,A1,파생상품 관련 손익_파생상품 관련 이익,0,0,국내전업손보사,B,SI023,부문별 손익(파생상품)
3404,202403,0017080,캐롯손해보험주식회사,A11,파생상품 거래 이익,0,0,국내전업손보사,B,SI023,부문별 손익(파생상품)
3405,202403,0017080,캐롯손해보험주식회사,A12,파생상품 평가 이익,0,0,국내전업손보사,B,SI023,부문별 손익(파생상품)
3406,202403,0017080,캐롯손해보험주식회사,A2,파생상품 관련 손실,0,0,국내전업손보사,B,SI023,부문별 손익(파생상품)
3407,202403,0017080,캐롯손해보험주식회사,A21,파생상품 거래 손실,0,0,국내전업손보사,B,SI023,부문별 손익(파생상품)
3408,202403,0017080,캐롯손해보험주식회사,A22,파생상품 평가 손실,0,0,국내전업손보사,B,SI023,부문별 손익(파생상품)
3409,202406,0017080,캐롯손해보험주식회사,A,파생상품 관련 손익,0,0,국내전업손보사,B,SI023,부문별 손익(파생상품)
3410,202406,0017080,캐롯손해보험주식회사,A1,파생상품 관련 손익_파생상품 관련 이익,0,0,국내전업손보사,B,SI023,부문별 손익(파생상품)
3411,202406,0017080,캐롯손해보험주식회사,A11,파생상품 거래 이익,0,0,국내전업손보사,B,SI023,부문별 손익(파생상품)
3412,202406,0017080,캐롯손해보험주식회사,A12,파생상품 평가 이익,0,0,국내전업손보사,B,SI023,부문별 손익(파생상품)
3413,202406,0017080,캐롯손해보험주식회사,A2,파생상품 관련 손실,0,0,국내전업손보사,B,SI023,부문별 손익(파생상품)
3414,202406,0017080,캐롯손해보험주식회사,A21,파생상품 거래 손실,0,0,국내전업손보사,B,SI023,부문별 손익(파생상품)
3415,202406,0017080,캐롯손해보험주식회사,A22,파생상품 평가 손실,0,0,국내전업손보사,B,SI023,부문별 손익(파생상품)
3416,202409,0017080,캐롯손해보험주식회사,A,파생상품 관련 손익,0,0,국내전업손보사,B,SI023,부문별 손익(파생상품)
3417,202409,0017080,캐롯손해보험주식회사,A1,파생상품 관련 손익_파생상품 관련 이익,0,0,국내전업손보사,B,SI023,부문별 손익(파생상품)
3418,202409,0017080,캐롯손해보험주식회사,A11,파생상품 거래 이익,0,0,국내전업손보사,B,SI023,부문별 손익(파생상품)
3419,202409,0017080,캐롯손해보험주식회사,A12,파생상품 평가 이익,0,0,국내전업손보사,B,SI023,부문별 손익(파생상품)
3420,202409,0017080,캐롯손해보험주식회사,A2,파생상품 관련 손실,0,0,국내전업손보사,B,SI023,부문별 손익(파생상품)
3421,202409,0017080,캐롯손해보험주식회사,A21,파생상품 거래 손실,0,0,국내전업손보사,B,SI023,부문별 손익(파생상품)
3422,202409,0017080,캐롯손해보험주식회사,A22,파생상품 평가 손실,0,0,국내전업손보사,B,SI023,부문별 손익(파생상품)
3423,202412,0017080,캐롯손해보험주식회사,A,파생상품 관련 손익,0,0,국내전업손보사,B,SI023,부문별 손익(파생상품)
3424,202412,0017080,캐롯손해보험주식회사,A1,파생상품 관련 손익_파생상품 관련 이익,0,0,국내전업손보사,B,SI023,부문별 손익(파생상품)
3425,202412,0017080,캐롯손해보험주식회사,A11,파생상품 거래 이익,0,0,국내전업손보사,B,SI023,부문별 손익(파생상품)
3426,202412,0017080,캐롯손해보험주식회사,A12,파생상품 평가 이익,0,0,국내전업손보사,B,SI023,부문별 손익(파생상품)
3427,202412,0017080,캐롯손해보험주식회사,A2,파생상품 관련 손실,0,0,국내전업손보사,B,SI023,부문별 손익(파생상품)
3428,202412,0017080,캐롯손해보험주식회사,A21,파생상품 거래 손실,0,0,국내전업손보사,B,SI023,부문별 손익(파생상품)
3429,202412,0017080,캐롯손해보험주식회사,A22,파생상품 평가 손실,0,0,국내전업손보사,B,SI023,부문별 손익(파생상품)
3430,202503,0017080,캐롯손해보험주식회사,A,파생상품 관련 손익,0,0,국내전업손보사,B,SI023,부문별 손익(파생상품)
3431,202503,0017080,캐롯손해보험주식회사,A1,파생상품 관련 손익_파생상품 관련 이익,0,0,국내전업손보사,B,SI023,부문별 손익(파생상품)
3432,202503,0017080,캐롯손해보험주식회사,A11,파생상품 거래 이익,0,0,국내전업손보사,B,SI023,부문별 손익(파생상품)
3433,202503,0017080,캐롯손해보험주식회사,A12,파생상품 평가 이익,0,0,국내전업손보사,B,SI023,부문별 손익(파생상품)
3434,202503,0017080,캐롯손해보험주식회사,A2,파생상품 관련 손실,0,0,국내전업손보사,B,SI023,부문별 손익(파생상품)
3435,202503,0017080,캐롯손해보험주식회사,A21,파생상품 거래 손실,0,0,국내전업손보사,B,SI023,부문별 손익(파생상품)
3436,202503,0017080,캐롯손해보험주식회사,A22,파생상품 평가 손실,0,0,국내전업손보사,B,SI023,부문별 손익(파생상품)
3437,202506,0017080,캐롯손해보험주식회사,A,파생상품 관련 손익,0,0,국내전업손보사,B,SI023,부문별 손익(파생상품)
3438,202506,0017080,캐롯손해보험주식회사,A1,파생상품 관련 손익_파생상품 관련 이익,0,0,국내전업손보사,B,SI023,부문별 손익(파생상품)
3439,202506,0017080,캐롯손해보험주식회사,A11,파생상품 거래 이익,0,0,국내전업손보사,B,SI023,부문별 손익(파생상품)
3440,202506,0017080,캐롯손해보험주식회사,A12,파생상품 평가 이익,0,0,국내전업손보사,B,SI023,부문별 손익(파생상품)
3441,202506,0017080,캐롯손해보험주식회사,A2,파생상품 관련 손실,0,0,국내전업손보사,B,SI023,부문별 손익(파생상품)
3442,202506,0017080,캐롯손해보험주식회사,A21,파생상품 거래 손실,0,0,국내전업손보사,B,SI023,부문별 손익(파생상품)
3443,202506,0017080,캐롯손해보험주식회사,A22,파생상품 평가 손실,0,0,국내전업손보사,B,SI023,부문별 손익(파생상품)
3444,202509,0017080,캐롯손해보험주식회사,A,파생상품 관련 손익,0,0,국내전업손보사,B,SI023,부문별 손익(파생상품)
3445,202509,0017080,캐롯손해보험주식회사,A1,파생상품 관련 손익_파생상품 관련 이익,0,0,국내전업손보사,B,SI023,부문별 손익(파생상품)
3446,202509,0017080,캐롯손해보험주식회사,A11,파생상품 거래 이익,0,0,국내전업손보사,B,SI023,부문별 손익(파생상품)
3447,202509,0017080,캐롯손해보험주식회사,A12,파생상품 평가 이익,0,0,국내전업손보사,B,SI023,부문별 손익(파생상품)
3448,202509,0017080,캐롯손해보험주식회사,A2,파생상품 관련 손실,0,0,국내전업손보사,B,SI023,부문별 손익(파생상품)
3449,202509,0017080,캐롯손해보험주식회사,A21,파생상품 거래 손실,0,0,국내전업손보사,B,SI023,부문별 손익(파생상품)
3450,202509,0017080,캐롯손해보험주식회사,A22,파생상품 평가 손실,0,0,국내전업손보사,B,SI023,부문별 손익(파생상품)
3451,201703,0010638,코리안리재보험주식회사,A,파생상품 관련 손익,15811775000,15811775000,국내전업손보사,B,SI023,부문별 손익(파생상품)
3452,201703,0010638,코리안리재보험주식회사,A1,파생상품 관련 이익,32977250000,32977250000,국내전업손보사,B,SI023,부문별 손익(파생상품)
3453,201703,0010638,코리안리재보험주식회사,A11,파생상품 관련 이익_파생상품 거래 이익,9057646000,9057646000,국내전업손보사,B,SI023,부문별 손익(파생상품)
3454,201703,0010638,코리안리재보험주식회사,A12,파생상품 관련 이익_파생상품 평가 이익,23919604000,23919604000,국내전업손보사,B,SI023,부문별 손익(파생상품)
3455,201703,0010638,코리안리재보험주식회사,A2,파생상품 관련 손실,17165475000,17165475000,국내전업손보사,B,SI023,부문별 손익(파생상품)
3456,201703,0010638,코리안리재보험주식회사,A21,파생상품 관련 손실_파생상품 거래 손실,1421923000,1421923000,국내전업손보사,B,SI023,부문별 손익(파생상품)
3457,201703,0010638,코리안리재보험주식회사,A22,파생상품 평가 손실,15743552000,15743552000,국내전업손보사,B,SI023,부문별 손익(파생상품)
3458,201706,0010638,코리안리재보험주식회사,A,파생상품 관련 손익,-7665508000,8146267000,국내전업손보사,B,SI023,부문별 손익(파생상품)
3459,201706,0010638,코리안리재보험주식회사,A1,파생상품 관련 이익,-7372342000,25604908000,국내전업손보사,B,SI023,부문별 손익(파생상품)
3460,201706,0010638,코리안리재보험주식회사,A11,파생상품 관련 이익_파생상품 거래 이익,14547553000,23605199000,국내전업손보사,B,SI023,부문별 손익(파생상품)
3461,201706,0010638,코리안리재보험주식회사,A12,파생상품 관련 이익_파생상품 평가 이익,-21919895000,1999709000,국내전업손보사,B,SI023,부문별 손익(파생상품)
3462,201706,0010638,코리안리재보험주식회사,A2,파생상품 관련 손실,293166000,17458641000,국내전업손보사,B,SI023,부문별 손익(파생상품)
3463,201706,0010638,코리안리재보험주식회사,A21,파생상품 관련 손실_파생상품 거래 손실,2073128000,3495051000,국내전업손보사,B,SI023,부문별 손익(파생상품)
3464,201706,0010638,코리안리재보험주식회사,A22,파생상품 평가 손실,-1779962000,13963590000,국내전업손보사,B,SI023,부문별 손익(파생상품)
3465,201709,0010638,코리안리재보험주식회사,A,파생상품 관련 손익,-5318674000,2827593000,국내전업손보사,B,SI023,부문별 손익(파생상품)
3466,201709,0010638,코리안리재보험주식회사,A1,파생상품 관련 이익,-53897000,25551011000,국내전업손보사,B,SI023,부문별 손익(파생상품)
3467,201709,0010638,코리안리재보험주식회사,A11,파생상품 관련 이익_파생상품 거래 이익,793277000,24398476000,국내전업손보사,B,SI023,부문별 손익(파생상품)
3468,201709,0010638,코리안리재보험주식회사,A12,파생상품 관련 이익_파생상품 평가 이익,-847174000,1152535000,국내전업손보사,B,SI023,부문별 손익(파생상품)
3469,201709,0010638,코리안리재보험주식회사,A2,파생상품 관련 손실,5264777000,22723418000,국내전업손보사,B,SI023,부문별 손익(파생상품)
3470,201709,0010638,코리안리재보험주식회사,A21,파생상품 관련 손실_파생상품 거래 손실,4198022000,7693073000,국내전업손보사,B,SI023,부문별 손익(파생상품)
3471,201709,0010638,코리안리재보험주식회사,A22,파생상품 평가 손실,1066755000,15030345000,국내전업손보사,B,SI023,부문별 손익(파생상품)
3472,201712,0010638,코리안리재보험주식회사,A,파생상품 관련 손익,19202011000,22029604000,국내전업손보사,B,SI023,부문별 손익(파생상품)
3473,201712,0010638,코리안리재보험주식회사,A1,파생상품 관련 이익,29111809000,54662820000,국내전업손보사,B,SI023,부문별 손익(파생상품)
3474,201712,0010638,코리안리재보험주식회사,A11,파생상품 관련 이익_파생상품 거래 이익,2586451000,26984927000,국내전업손보사,B,SI023,부문별 손익(파생상품)
3475,201712,0010638,코리안리재보험주식회사,A12,파생상품 관련 이익_파생상품 평가 이익,26525358000,27677893000,국내전업손보사,B,SI023,부문별 손익(파생상품)
3476,201712,0010638,코리안리재보험주식회사,A2,파생상품 관련 손실,9909798000,32633216000,국내전업손보사,B,SI023,부문별 손익(파생상품)
3477,201712,0010638,코리안리재보험주식회사,A21,파생상품 관련 손실_파생상품 거래 손실,4172046000,11865119000,국내전업손보사,B,SI023,부문별 손익(파생상품)
3478,201712,0010638,코리안리재보험주식회사,A22,파생상품 평가 손실,5737752000,20768097000,국내전업손보사,B,SI023,부문별 손익(파생상품)
3479,201803,0010638,코리안리재보험주식회사,A,파생상품 관련 손익,-3854970000,-3854970000,국내전업손보사,B,SI023,부문별 손익(파생상품)
3480,201803,0010638,코리안리재보험주식회사,A1,파생상품 관련 이익,2222072000,2222072000,국내전업손보사,B,SI023,부문별 손익(파생상품)
3481,201803,0010638,코리안리재보험주식회사,A11,파생상품 관련 이익_파생상품 거래 이익,166004000,166004000,국내전업손보사,B,SI023,부문별 손익(파생상품)
3482,201803,0010638,코리안리재보험주식회사,A12,파생상품 관련 이익_파생상품 평가 이익,2056068000,2056068000,국내전업손보사,B,SI023,부문별 손익(파생상품)
3483,201803,0010638,코리안리재보험주식회사,A2,파생상품 관련 손실,6077042000,6077042000,국내전업손보사,B,SI023,부문별 손익(파생상품)
3484,201803,0010638,코리안리재보험주식회사,A21,파생상품 관련 손실_파생상품 거래 손실,3559709000,3559709000,국내전업손보사,B,SI023,부문별 손익(파생상품)
3485,201803,0010638,코리안리재보험주식회사,A22,파생상품 평가 손실,2517333000,2517333000,국내전업손보사,B,SI023,부문별 손익(파생상품)
3486,201806,0010638,코리안리재보험주식회사,A,파생상품 관련 손익,-21967443000,-25822413000,국내전업손보사,B,SI023,부문별 손익(파생상품)
3487,201806,0010638,코리안리재보험주식회사,A1,파생상품 관련 이익,3981077000,6203149000,국내전업손보사,B,SI023,부문별 손익(파생상품)
3488,201806,0010638,코리안리재보험주식회사,A11,파생상품 관련 이익_파생상품 거래 이익,0,166004000,국내전업손보사,B,SI023,부문별 손익(파생상품)
3489,201806,0010638,코리안리재보험주식회사,A12,파생상품 관련 이익_파생상품 평가 이익,3981077000,6037145000,국내전업손보사,B,SI023,부문별 손익(파생상품)
3490,201806,0010638,코리안리재보험주식회사,A2,파생상품 관련 손실,25948520000,32025562000,국내전업손보사,B,SI023,부문별 손익(파생상품)
3491,201806,0010638,코리안리재보험주식회사,A21,파생상품 관련 손실_파생상품 거래 손실,3068135000,6627844000,국내전업손보사,B,SI023,부문별 손익(파생상품)
3492,201806,0010638,코리안리재보험주식회사,A22,파생상품 평가 손실,22880385000,25397718000,국내전업손보사,B,SI023,부문별 손익(파생상품)
3493,201809,0010638,코리안리재보험주식회사,A,파생상품 관련 손익,1317721000,-24504692000,국내전업손보사,B,SI023,부문별 손익(파생상품)
3494,201809,0010638,코리안리재보험주식회사,A1,파생상품 관련 이익,837312000,7040461000,국내전업손보사,B,SI023,부문별 손익(파생상품)
3495,201809,0010638,코리안리재보험주식회사,A11,파생상품 관련 이익_파생상품 거래 이익,0,166004000,국내전업손보사,B,SI023,부문별 손익(파생상품)
3496,201809,0010638,코리안리재보험주식회사,A12,파생상품 관련 이익_파생상품 평가 이익,837312000,6874457000,국내전업손보사,B,SI023,부문별 손익(파생상품)
3497,201809,0010638,코리안리재보험주식회사,A2,파생상품 관련 손실,-480409000,31545153000,국내전업손보사,B,SI023,부문별 손익(파생상품)
3498,201809,0010638,코리안리재보험주식회사,A21,파생상품 관련 손실_파생상품 거래 손실,9324942000,15952786000,국내전업손보사,B,SI023,부문별 손익(파생상품)
3499,201809,0010638,코리안리재보험주식회사,A22,파생상품 평가 손실,-9805351000,15592367000,국내전업손보사,B,SI023,부문별 손익(파생상품)
3500,201812,0010638,코리안리재보험주식회사,A,파생상품 관련 손익,-2903307000,-27407999000,국내전업손보사,B,SI023,부문별 손익(파생상품)
3501,201812,0010638,코리안리재보험주식회사,A1,파생상품 관련 이익,3480829000,10521290000,국내전업손보사,B,SI023,부문별 손익(파생상품)
3502,201812,0010638,코리안리재보험주식회사,A11,파생상품 관련 이익_파생상품 거래 이익,688900000,854904000,국내전업손보사,B,SI023,부문별 손익(파생상품)
3503,201812,0010638,코리안리재보험주식회사,A12,파생상품 관련 이익_파생상품 평가 이익,2791929000,9666386000,국내전업손보사,B,SI023,부문별 손익(파생상품)
3504,201812,0010638,코리안리재보험주식회사,A2,파생상품 관련 손실,6384136000,37929289000,국내전업손보사,B,SI023,부문별 손익(파생상품)
3505,201812,0010638,코리안리재보험주식회사,A21,파생상품 관련 손실_파생상품 거래 손실,9031358000,24984144000,국내전업손보사,B,SI023,부문별 손익(파생상품)
3506,201812,0010638,코리안리재보험주식회사,A22,파생상품 평가 손실,-2647222000,12945145000,국내전업손보사,B,SI023,부문별 손익(파생상품)
3507,201903,0010638,코리안리재보험주식회사,A,파생상품 관련 손익,-7935890000,-7935890000,국내전업손보사,B,SI023,부문별 손익(파생상품)
3508,201903,0010638,코리안리재보험주식회사,A1,파생상품 관련 이익,5326046000,5326046000,국내전업손보사,B,SI023,부문별 손익(파생상품)
3509,201903,0010638,코리안리재보험주식회사,A11,파생상품 관련 이익_파생상품 거래 이익,100596000,100596000,국내전업손보사,B,SI023,부문별 손익(파생상품)
3510,201903,0010638,코리안리재보험주식회사,A12,파생상품 관련 이익_파생상품 평가 이익,5225450000,5225450000,국내전업손보사,B,SI023,부문별 손익(파생상품)
3511,201903,0010638,코리안리재보험주식회사,A2,파생상품 관련 손실,13261936000,13261936000,국내전업손보사,B,SI023,부문별 손익(파생상품)
3512,201903,0010638,코리안리재보험주식회사,A21,파생상품 관련 손실_파생상품 거래 손실,2048846000,2048846000,국내전업손보사,B,SI023,부문별 손익(파생상품)
3513,201903,0010638,코리안리재보험주식회사,A22,파생상품 평가 손실,11213090000,11213090000,국내전업손보사,B,SI023,부문별 손익(파생상품)
3514,201906,0010638,코리안리재보험주식회사,A,파생상품 관련 손익,-9099664000,-17035554000,국내전업손보사,B,SI023,부문별 손익(파생상품)
3515,201906,0010638,코리안리재보험주식회사,A1,파생상품 관련 이익,6987618000,12313664000,국내전업손보사,B,SI023,부문별 손익(파생상품)
3516,201906,0010638,코리안리재보험주식회사,A11,파생상품 관련 이익_파생상품 거래 이익,650845000,751441000,국내전업손보사,B,SI023,부문별 손익(파생상품)
3517,201906,0010638,코리안리재보험주식회사,A12,파생상품 관련 이익_파생상품 평가 이익,6336773000,11562223000,국내전업손보사,B,SI023,부문별 손익(파생상품)
3518,201906,0010638,코리안리재보험주식회사,A2,파생상품 관련 손실,16087282000,29349218000,국내전업손보사,B,SI023,부문별 손익(파생상품)
3519,201906,0010638,코리안리재보험주식회사,A21,파생상품 관련 손실_파생상품 거래 손실,10307080000,12355926000,국내전업손보사,B,SI023,부문별 손익(파생상품)
3520,201906,0010638,코리안리재보험주식회사,A22,파생상품 평가 손실,5780202000,16993292000,국내전업손보사,B,SI023,부문별 손익(파생상품)
3521,201909,0010638,코리안리재보험주식회사,A,파생상품 관련 손익,-14707330000,-31742884000,국내전업손보사,B,SI023,부문별 손익(파생상품)
3522,201909,0010638,코리안리재보험주식회사,A1,파생상품 관련 이익,7097992000,19411656000,국내전업손보사,B,SI023,부문별 손익(파생상품)
3523,201909,0010638,코리안리재보험주식회사,A11,파생상품 관련 이익_파생상품 거래 이익,2626669000,3378110000,국내전업손보사,B,SI023,부문별 손익(파생상품)
3524,201909,0010638,코리안리재보험주식회사,A12,파생상품 관련 이익_파생상품 평가 이익,4471323000,16033546000,국내전업손보사,B,SI023,부문별 손익(파생상품)
3525,201909,0010638,코리안리재보험주식회사,A2,파생상품 관련 손실,21805322000,51154540000,국내전업손보사,B,SI023,부문별 손익(파생상품)
3526,201909,0010638,코리안리재보험주식회사,A21,파생상품 관련 손실_파생상품 거래 손실,14007426000,26363352000,국내전업손보사,B,SI023,부문별 손익(파생상품)
3527,201909,0010638,코리안리재보험주식회사,A22,파생상품 평가 손실,7797896000,24791188000,국내전업손보사,B,SI023,부문별 손익(파생상품)
3528,201912,0010638,코리안리재보험주식회사,A,파생상품 관련 손익,13985507000,-17757377000,국내전업손보사,B,SI023,부문별 손익(파생상품)
3529,201912,0010638,코리안리재보험주식회사,A1,파생상품 관련 이익,6877748000,26289404000,국내전업손보사,B,SI023,부문별 손익(파생상품)
3530,201912,0010638,코리안리재보험주식회사,A11,파생상품 관련 이익_파생상품 거래 이익,16307482000,19685592000,국내전업손보사,B,SI023,부문별 손익(파생상품)
3531,201912,0010638,코리안리재보험주식회사,A12,파생상품 관련 이익_파생상품 평가 이익,-9429734000,6603812000,국내전업손보사,B,SI023,부문별 손익(파생상품)
3532,201912,0010638,코리안리재보험주식회사,A2,파생상품 관련 손실,-7107759000,44046781000,국내전업손보사,B,SI023,부문별 손익(파생상품)
3533,201912,0010638,코리안리재보험주식회사,A21,파생상품 관련 손실_파생상품 거래 손실,13000519000,39363871000,국내전업손보사,B,SI023,부문별 손익(파생상품)
3534,201912,0010638,코리안리재보험주식회사,A22,파생상품 평가 손실,-20108278000,4682910000,국내전업손보사,B,SI023,부문별 손익(파생상품)
3535,202003,0010638,코리안리재보험주식회사,A,파생상품 관련 손익,-17136769000,-17136769000,국내전업손보사,B,SI023,부문별 손익(파생상품)
3536,202003,0010638,코리안리재보험주식회사,A1,파생상품 관련 이익,7563428000,7563428000,국내전업손보사,B,SI023,부문별 손익(파생상품)
3537,202003,0010638,코리안리재보험주식회사,A11,파생상품 관련 이익_파생상품 거래 이익,838735000,838735000,국내전업손보사,B,SI023,부문별 손익(파생상품)
3538,202003,0010638,코리안리재보험주식회사,A12,파생상품 관련 이익_파생상품 평가 이익,6724693000,6724693000,국내전업손보사,B,SI023,부문별 손익(파생상품)
3539,202003,0010638,코리안리재보험주식회사,A2,파생상품 관련 손실,24700197000,24700197000,국내전업손보사,B,SI023,부문별 손익(파생상품)
3540,202003,0010638,코리안리재보험주식회사,A21,파생상품 관련 손실_파생상품 거래 손실,4616353000,4616353000,국내전업손보사,B,SI023,부문별 손익(파생상품)
3541,202003,0010638,코리안리재보험주식회사,A22,파생상품 평가 손실,20083844000,20083844000,국내전업손보사,B,SI023,부문별 손익(파생상품)
3542,202006,0010638,코리안리재보험주식회사,A,파생상품 관련 손익,-5114157000,-22250926000,국내전업손보사,B,SI023,부문별 손익(파생상품)
3543,202006,0010638,코리안리재보험주식회사,A1,파생상품 관련 이익,-2099717000,5463711000,국내전업손보사,B,SI023,부문별 손익(파생상품)
3544,202006,0010638,코리안리재보험주식회사,A11,파생상품 관련 이익_파생상품 거래 이익,581230000,1419965000,국내전업손보사,B,SI023,부문별 손익(파생상품)
3545,202006,0010638,코리안리재보험주식회사,A12,파생상품 관련 이익_파생상품 평가 이익,-2680947000,4043746000,국내전업손보사,B,SI023,부문별 손익(파생상품)
3546,202006,0010638,코리안리재보험주식회사,A2,파생상품 관련 손실,3014440000,27714637000,국내전업손보사,B,SI023,부문별 손익(파생상품)
3547,202006,0010638,코리안리재보험주식회사,A21,파생상품 관련 손실_파생상품 거래 손실,10900912000,15517265000,국내전업손보사,B,SI023,부문별 손익(파생상품)
3548,202006,0010638,코리안리재보험주식회사,A22,파생상품 평가 손실,-7886472000,12197372000,국내전업손보사,B,SI023,부문별 손익(파생상품)
3549,202009,0010638,코리안리재보험주식회사,A,파생상품 관련 손익,3629449000,-18621477000,국내전업손보사,B,SI023,부문별 손익(파생상품)
3550,202009,0010638,코리안리재보험주식회사,A1,파생상품 관련 이익,4095241000,9558952000,국내전업손보사,B,SI023,부문별 손익(파생상품)
3551,202009,0010638,코리안리재보험주식회사,A11,파생상품 관련 이익_파생상품 거래 이익,1309176000,2729141000,국내전업손보사,B,SI023,부문별 손익(파생상품)
3552,202009,0010638,코리안리재보험주식회사,A12,파생상품 관련 이익_파생상품 평가 이익,2786065000,6829811000,국내전업손보사,B,SI023,부문별 손익(파생상품)
3553,202009,0010638,코리안리재보험주식회사,A2,파생상품 관련 손실,465792000,28180429000,국내전업손보사,B,SI023,부문별 손익(파생상품)
3554,202009,0010638,코리안리재보험주식회사,A21,파생상품 관련 손실_파생상품 거래 손실,3559928000,19077193000,국내전업손보사,B,SI023,부문별 손익(파생상품)
3555,202009,0010638,코리안리재보험주식회사,A22,파생상품 평가 손실,-3094136000,9103236000,국내전업손보사,B,SI023,부문별 손익(파생상품)
3556,202012,0010638,코리안리재보험주식회사,A,파생상품 관련 손익,30532440000,11910963000,국내전업손보사,B,SI023,부문별 손익(파생상품)
3557,202012,0010638,코리안리재보험주식회사,A1,파생상품 관련 이익,29720870000,39279822000,국내전업손보사,B,SI023,부문별 손익(파생상품)
3558,202012,0010638,코리안리재보험주식회사,A11,파생상품 관련 이익_파생상품 거래 이익,1520195000,4249336000,국내전업손보사,B,SI023,부문별 손익(파생상품)
3559,202012,0010638,코리안리재보험주식회사,A12,파생상품 관련 이익_파생상품 평가 이익,28200675000,35030486000,국내전업손보사,B,SI023,부문별 손익(파생상품)
3560,202012,0010638,코리안리재보험주식회사,A2,파생상품 관련 손실,-811570000,27368859000,국내전업손보사,B,SI023,부문별 손익(파생상품)
3561,202012,0010638,코리안리재보험주식회사,A21,파생상품 관련 손실_파생상품 거래 손실,4014139000,23091332000,국내전업손보사,B,SI023,부문별 손익(파생상품)
3562,202012,0010638,코리안리재보험주식회사,A22,파생상품 평가 손실,-4825709000,4277527000,국내전업손보사,B,SI023,부문별 손익(파생상품)
3563,202103,0010638,코리안리재보험주식회사,A,파생상품 관련 손익,-22297908000,-22297908000,국내전업손보사,B,SI023,부문별 손익(파생상품)
3564,202103,0010638,코리안리재보험주식회사,A1,파생상품 관련 이익,2436600000,2436600000,국내전업손보사,B,SI023,부문별 손익(파생상품)
3565,202103,0010638,코리안리재보험주식회사,A11,파생상품 관련 이익_파생상품 거래 이익,1793716000,1793716000,국내전업손보사,B,SI023,부문별 손익(파생상품)
3566,202103,0010638,코리안리재보험주식회사,A12,파생상품 관련 이익_파생상품 평가 이익,642884000,642884000,국내전업손보사,B,SI023,부문별 손익(파생상품)
3567,202103,0010638,코리안리재보험주식회사,A2,파생상품 관련 손실,24734508000,24734508000,국내전업손보사,B,SI023,부문별 손익(파생상품)
3568,202103,0010638,코리안리재보험주식회사,A21,파생상품 관련 손실_파생상품 거래 손실,6239741000,6239741000,국내전업손보사,B,SI023,부문별 손익(파생상품)
3569,202103,0010638,코리안리재보험주식회사,A22,파생상품 평가 손실,18494767000,18494767000,국내전업손보사,B,SI023,부문별 손익(파생상품)
3570,202106,0010638,코리안리재보험주식회사,A,파생상품 관련 손익,634341000,-21663567000,국내전업손보사,B,SI023,부문별 손익(파생상품)
3571,202106,0010638,코리안리재보험주식회사,A1,파생상품 관련 이익,1690499000,4127099000,국내전업손보사,B,SI023,부문별 손익(파생상품)
3572,202106,0010638,코리안리재보험주식회사,A11,파생상품 관련 이익_파생상품 거래 이익,1480095000,3273811000,국내전업손보사,B,SI023,부문별 손익(파생상품)
3573,202106,0010638,코리안리재보험주식회사,A12,파생상품 관련 이익_파생상품 평가 이익,210404000,853288000,국내전업손보사,B,SI023,부문별 손익(파생상품)
3574,202106,0010638,코리안리재보험주식회사,A2,파생상품 관련 손실,1056158000,25790666000,국내전업손보사,B,SI023,부문별 손익(파생상품)
3575,202106,0010638,코리안리재보험주식회사,A21,파생상품 관련 손실_파생상품 거래 손실,8475708000,14715449000,국내전업손보사,B,SI023,부문별 손익(파생상품)
3576,202106,0010638,코리안리재보험주식회사,A22,파생상품 평가 손실,-7419550000,11075217000,국내전업손보사,B,SI023,부문별 손익(파생상품)
3577,202109,0010638,코리안리재보험주식회사,A,파생상품 관련 손익,-21266139000,-42929706000,국내전업손보사,B,SI023,부문별 손익(파생상품)
3578,202109,0010638,코리안리재보험주식회사,A1,파생상품 관련 이익,1157016000,5284115000,국내전업손보사,B,SI023,부문별 손익(파생상품)
3579,202109,0010638,코리안리재보험주식회사,A11,파생상품 관련 이익_파생상품 거래 이익,1405467000,4679278000,국내전업손보사,B,SI023,부문별 손익(파생상품)
3580,202109,0010638,코리안리재보험주식회사,A12,파생상품 관련 이익_파생상품 평가 이익,-248451000,604837000,국내전업손보사,B,SI023,부문별 손익(파생상품)
3581,202109,0010638,코리안리재보험주식회사,A2,파생상품 관련 손실,22423155000,48213821000,국내전업손보사,B,SI023,부문별 손익(파생상품)
3582,202109,0010638,코리안리재보험주식회사,A21,파생상품 관련 손실_파생상품 거래 손실,12644203000,27359652000,국내전업손보사,B,SI023,부문별 손익(파생상품)
3583,202109,0010638,코리안리재보험주식회사,A22,파생상품 평가 손실,9778952000,20854169000,국내전업손보사,B,SI023,부문별 손익(파생상품)
3584,202112,0010638,코리안리재보험주식회사,A,파생상품 관련 손익,-3476230000,-46405936000,국내전업손보사,B,SI023,부문별 손익(파생상품)
3585,202112,0010638,코리안리재보험주식회사,A1,파생상품 관련 이익,-361161000,4922954000,국내전업손보사,B,SI023,부문별 손익(파생상품)
3586,202112,0010638,코리안리재보험주식회사,A11,파생상품 관련 이익_파생상품 거래 이익,93424000,4772702000,국내전업손보사,B,SI023,부문별 손익(파생상품)
3587,202112,0010638,코리안리재보험주식회사,A12,파생상품 관련 이익_파생상품 평가 이익,-454585000,150252000,국내전업손보사,B,SI023,부문별 손익(파생상품)
3588,202112,0010638,코리안리재보험주식회사,A2,파생상품 관련 손실,3115069000,51328890000,국내전업손보사,B,SI023,부문별 손익(파생상품)
3589,202112,0010638,코리안리재보험주식회사,A21,파생상품 관련 손실_파생상품 거래 손실,5592144000,32951796000,국내전업손보사,B,SI023,부문별 손익(파생상품)
3590,202112,0010638,코리안리재보험주식회사,A22,파생상품 평가 손실,-2477075000,18377094000,국내전업손보사,B,SI023,부문별 손익(파생상품)
3591,202203,0010638,코리안리재보험주식회사,A,파생상품 관련 손익,-17014198000,-17014198000,국내전업손보사,B,SI023,부문별 손익(파생상품)
3592,202203,0010638,코리안리재보험주식회사,A1,파생상품 관련 이익,77400000,77400000,국내전업손보사,B,SI023,부문별 손익(파생상품)
3593,202203,0010638,코리안리재보험주식회사,A11,파생상품 관련 이익_파생상품 거래 이익,41806000,41806000,국내전업손보사,B,SI023,부문별 손익(파생상품)
3594,202203,0010638,코리안리재보험주식회사,A12,파생상품 관련 이익_파생상품 평가 이익,35594000,35594000,국내전업손보사,B,SI023,부문별 손익(파생상품)
3595,202203,0010638,코리안리재보험주식회사,A2,파생상품 관련 손실,17091598000,17091598000,국내전업손보사,B,SI023,부문별 손익(파생상품)
3596,202203,0010638,코리안리재보험주식회사,A21,파생상품 관련 손실_파생상품 거래 손실,3713810000,3713810000,국내전업손보사,B,SI023,부문별 손익(파생상품)
3597,202203,0010638,코리안리재보험주식회사,A22,파생상품 평가 손실,13377788000,13377788000,국내전업손보사,B,SI023,부문별 손익(파생상품)
3598,202206,0010638,코리안리재보험주식회사,A,파생상품 관련 손익,-30471634000,-47485832000,국내전업손보사,B,SI023,부문별 손익(파생상품)
3599,202206,0010638,코리안리재보험주식회사,A1,파생상품 관련 이익,782653000,860053000,국내전업손보사,B,SI023,부문별 손익(파생상품)
3600,202206,0010638,코리안리재보험주식회사,A11,파생상품 관련 이익_파생상품 거래 이익,0,41806000,국내전업손보사,B,SI023,부문별 손익(파생상품)
3601,202206,0010638,코리안리재보험주식회사,A12,파생상품 관련 이익_파생상품 평가 이익,782653000,818247000,국내전업손보사,B,SI023,부문별 손익(파생상품)
3602,202206,0010638,코리안리재보험주식회사,A2,파생상품 관련 손실,31254287000,48345885000,국내전업손보사,B,SI023,부문별 손익(파생상품)
3603,202206,0010638,코리안리재보험주식회사,A21,파생상품 관련 손실_파생상품 거래 손실,14792692000,18506502000,국내전업손보사,B,SI023,부문별 손익(파생상품)
3604,202206,0010638,코리안리재보험주식회사,A22,파생상품 평가 손실,16461595000,29839383000,국내전업손보사,B,SI023,부문별 손익(파생상품)
3605,202209,0010638,코리안리재보험주식회사,A,파생상품 관련 손익,-44640396000,-92126228000,국내전업손보사,B,SI023,부문별 손익(파생상품)
3606,202209,0010638,코리안리재보험주식회사,A1,파생상품 관련 이익,-807541000,52512000,국내전업손보사,B,SI023,부문별 손익(파생상품)
3607,202209,0010638,코리안리재보험주식회사,A11,파생상품 관련 이익_파생상품 거래 이익,0,41806000,국내전업손보사,B,SI023,부문별 손익(파생상품)
3608,202209,0010638,코리안리재보험주식회사,A12,파생상품 관련 이익_파생상품 평가 이익,-807541000,10706000,국내전업손보사,B,SI023,부문별 손익(파생상품)
3609,202209,0010638,코리안리재보험주식회사,A2,파생상품 관련 손실,43832855000,92178740000,국내전업손보사,B,SI023,부문별 손익(파생상품)
3610,202209,0010638,코리안리재보험주식회사,A21,파생상품 관련 손실_파생상품 거래 손실,30294177000,48800679000,국내전업손보사,B,SI023,부문별 손익(파생상품)
3611,202209,0010638,코리안리재보험주식회사,A22,파생상품 평가 손실,13538678000,43378061000,국내전업손보사,B,SI023,부문별 손익(파생상품)
3612,202212,0010638,코리안리재보험주식회사,A,파생상품 관련 손익,37598578000,-54527650000,국내전업손보사,B,SI023,부문별 손익(파생상품)
3613,202212,0010638,코리안리재보험주식회사,A1,파생상품 관련 이익,26325969000,26378481000,국내전업손보사,B,SI023,부문별 손익(파생상품)
3614,202212,0010638,코리안리재보험주식회사,A11,파생상품 관련 이익_파생상품 거래 이익,0,41806000,국내전업손보사,B,SI023,부문별 손익(파생상품)
3615,202212,0010638,코리안리재보험주식회사,A12,파생상품 관련 이익_파생상품 평가 이익,26325969000,26336675000,국내전업손보사,B,SI023,부문별 손익(파생상품)
3616,202212,0010638,코리안리재보험주식회사,A2,파생상품 관련 손실,-11272609000,80906131000,국내전업손보사,B,SI023,부문별 손익(파생상품)
3617,202212,0010638,코리안리재보험주식회사,A21,파생상품 관련 손실_파생상품 거래 손실,32105452000,80906131000,국내전업손보사,B,SI023,부문별 손익(파생상품)
3618,202212,0010638,코리안리재보험주식회사,A22,파생상품 평가 손실,-43378061000,0,국내전업손보사,B,SI023,부문별 손익(파생상품)
3619,202303,0010638,코리안리재보험주식회사,A,파생상품 관련 손익,6289074858,6289074858,국내전업손보사,B,SI023,부문별 손익(파생상품)
3620,202303,0010638,코리안리재보험주식회사,A1,파생상품 관련 손익_파생상품 관련 이익,17572778955,17572778955,국내전업손보사,B,SI023,부문별 손익(파생상품)
3621,202303,0010638,코리안리재보험주식회사,A11,파생상품 거래 이익,10887220487,10887220487,국내전업손보사,B,SI023,부문별 손익(파생상품)
3622,202303,0010638,코리안리재보험주식회사,A12,파생상품 평가 이익,6685558468,6685558468,국내전업손보사,B,SI023,부문별 손익(파생상품)
3623,202303,0010638,코리안리재보험주식회사,A2,파생상품 관련 손실,11283704097,11283704097,국내전업손보사,B,SI023,부문별 손익(파생상품)
3624,202303,0010638,코리안리재보험주식회사,A21,파생상품 거래 손실,7148496445,7148496445,국내전업손보사,B,SI023,부문별 손익(파생상품)
3625,202303,0010638,코리안리재보험주식회사,A22,파생상품 평가 손실,4135207652,4135207652,국내전업손보사,B,SI023,부문별 손익(파생상품)
3626,202306,0010638,코리안리재보험주식회사,A,파생상품 관련 손익,3821806142,10110881000,국내전업손보사,B,SI023,부문별 손익(파생상품)
3627,202306,0010638,코리안리재보험주식회사,A1,파생상품 관련 손익_파생상품 관련 이익,8375524045,25948303000,국내전업손보사,B,SI023,부문별 손익(파생상품)
3628,202306,0010638,코리안리재보험주식회사,A11,파생상품 거래 이익,10714624513,21601845000,국내전업손보사,B,SI023,부문별 손익(파생상품)
3629,202306,0010638,코리안리재보험주식회사,A12,파생상품 평가 이익,-2339100468,4346458000,국내전업손보사,B,SI023,부문별 손익(파생상품)
3630,202306,0010638,코리안리재보험주식회사,A2,파생상품 관련 손실,4553717903,15837422000,국내전업손보사,B,SI023,부문별 손익(파생상품)
3631,202306,0010638,코리안리재보험주식회사,A21,파생상품 거래 손실,3166303555,10314800000,국내전업손보사,B,SI023,부문별 손익(파생상품)
3632,202306,0010638,코리안리재보험주식회사,A22,파생상품 평가 손실,1387414348,5522622000,국내전업손보사,B,SI023,부문별 손익(파생상품)
3633,202309,0010638,코리안리재보험주식회사,A,파생상품 관련 손익,3362152000,13473033000,국내전업손보사,B,SI023,부문별 손익(파생상품)
3634,202309,0010638,코리안리재보험주식회사,A1,파생상품 관련 손익_파생상품 관련 이익,2928951000,28877254000,국내전업손보사,B,SI023,부문별 손익(파생상품)
3635,202309,0010638,코리안리재보험주식회사,A11,파생상품 거래 이익,2311938000,23913783000,국내전업손보사,B,SI023,부문별 손익(파생상품)
3636,202309,0010638,코리안리재보험주식회사,A12,파생상품 평가 이익,617013000,4963471000,국내전업손보사,B,SI023,부문별 손익(파생상품)
3637,202309,0010638,코리안리재보험주식회사,A2,파생상품 관련 손실,-433201000,15404221000,국내전업손보사,B,SI023,부문별 손익(파생상품)
3638,202309,0010638,코리안리재보험주식회사,A21,파생상품 거래 손실,2289335000,12604135000,국내전업손보사,B,SI023,부문별 손익(파생상품)
3639,202309,0010638,코리안리재보험주식회사,A22,파생상품 평가 손실,-2722536000,2800086000,국내전업손보사,B,SI023,부문별 손익(파생상품)
3640,202312,0010638,코리안리재보험주식회사,A,파생상품 관련 손익,-1833637000,11639396000,국내전업손보사,B,SI023,부문별 손익(파생상품)
3641,202312,0010638,코리안리재보험주식회사,A1,파생상품 관련 손익_파생상품 관련 이익,-1222015000,27655239000,국내전업손보사,B,SI023,부문별 손익(파생상품)
3642,202312,0010638,코리안리재보험주식회사,A11,파생상품 거래 이익,2423800000,26337583000,국내전업손보사,B,SI023,부문별 손익(파생상품)
3643,202312,0010638,코리안리재보험주식회사,A12,파생상품 평가 이익,-3645815000,1317656000,국내전업손보사,B,SI023,부문별 손익(파생상품)
3644,202312,0010638,코리안리재보험주식회사,A2,파생상품 관련 손실,611622000,16015843000,국내전업손보사,B,SI023,부문별 손익(파생상품)
3645,202312,0010638,코리안리재보험주식회사,A21,파생상품 거래 손실,1657191000,14261326000,국내전업손보사,B,SI023,부문별 손익(파생상품)
3646,202312,0010638,코리안리재보험주식회사,A22,파생상품 평가 손실,-1045569000,1754517000,국내전업손보사,B,SI023,부문별 손익(파생상품)
3647,202403,0010638,코리안리재보험주식회사,A,파생상품 관련 손익,1703956000,1703956000,국내전업손보사,B,SI023,부문별 손익(파생상품)
3648,202403,0010638,코리안리재보험주식회사,A1,파생상품 관련 손익_파생상품 관련 이익,3018684000,3018684000,국내전업손보사,B,SI023,부문별 손익(파생상품)
3649,202403,0010638,코리안리재보험주식회사,A11,파생상품 거래 이익,1974813000,1974813000,국내전업손보사,B,SI023,부문별 손익(파생상품)
3650,202403,0010638,코리안리재보험주식회사,A12,파생상품 평가 이익,1043871000,1043871000,국내전업손보사,B,SI023,부문별 손익(파생상품)
3651,202403,0010638,코리안리재보험주식회사,A2,파생상품 관련 손실,1314728000,1314728000,국내전업손보사,B,SI023,부문별 손익(파생상품)
3652,202403,0010638,코리안리재보험주식회사,A21,파생상품 거래 손실,697427000,697427000,국내전업손보사,B,SI023,부문별 손익(파생상품)
3653,202403,0010638,코리안리재보험주식회사,A22,파생상품 평가 손실,617301000,617301000,국내전업손보사,B,SI023,부문별 손익(파생상품)
3654,202406,0010638,코리안리재보험주식회사,A,파생상품 관련 손익,-1875651000,-171695000,국내전업손보사,B,SI023,부문별 손익(파생상품)
3655,202406,0010638,코리안리재보험주식회사,A1,파생상품 관련 손익_파생상품 관련 이익,3528262000,6546946000,국내전업손보사,B,SI023,부문별 손익(파생상품)
3656,202406,0010638,코리안리재보험주식회사,A11,파생상품 거래 이익,2959449000,4934262000,국내전업손보사,B,SI023,부문별 손익(파생상품)
3657,202406,0010638,코리안리재보험주식회사,A12,파생상품 평가 이익,568813000,1612684000,국내전업손보사,B,SI023,부문별 손익(파생상품)
3658,202406,0010638,코리안리재보험주식회사,A2,파생상품 관련 손실,5403913000,6718641000,국내전업손보사,B,SI023,부문별 손익(파생상품)
3659,202406,0010638,코리안리재보험주식회사,A21,파생상품 거래 손실,766610000,1464037000,국내전업손보사,B,SI023,부문별 손익(파생상품)
3660,202406,0010638,코리안리재보험주식회사,A22,파생상품 평가 손실,4637303000,5254604000,국내전업손보사,B,SI023,부문별 손익(파생상품)
3661,202409,0010638,코리안리재보험주식회사,A,파생상품 관련 손익,1579088000,1407393000,국내전업손보사,B,SI023,부문별 손익(파생상품)
3662,202409,0010638,코리안리재보험주식회사,A1,파생상품 관련 손익_파생상품 관련 이익,610304000,7157250000,국내전업손보사,B,SI023,부문별 손익(파생상품)
3663,202409,0010638,코리안리재보험주식회사,A11,파생상품 거래 이익,1731140000,6665402000,국내전업손보사,B,SI023,부문별 손익(파생상품)
3664,202409,0010638,코리안리재보험주식회사,A12,파생상품 평가 이익,-1120836000,491848000,국내전업손보사,B,SI023,부문별 손익(파생상품)
3665,202409,0010638,코리안리재보험주식회사,A2,파생상품 관련 손실,-968784000,5749857000,국내전업손보사,B,SI023,부문별 손익(파생상품)
3666,202409,0010638,코리안리재보험주식회사,A21,파생상품 거래 손실,0,1464037000,국내전업손보사,B,SI023,부문별 손익(파생상품)
3667,202409,0010638,코리안리재보험주식회사,A22,파생상품 평가 손실,-968784000,4285820000,국내전업손보사,B,SI023,부문별 손익(파생상품)
3668,202412,0010638,코리안리재보험주식회사,A,파생상품 관련 손익,-3701769000,-2294376000,국내전업손보사,B,SI023,부문별 손익(파생상품)
3669,202412,0010638,코리안리재보험주식회사,A1,파생상품 관련 손익_파생상품 관련 이익,3410748000,10567998000,국내전업손보사,B,SI023,부문별 손익(파생상품)
3670,202412,0010638,코리안리재보험주식회사,A11,파생상품 거래 이익,0,6665402000,국내전업손보사,B,SI023,부문별 손익(파생상품)
3671,202412,0010638,코리안리재보험주식회사,A12,파생상품 평가 이익,3410748000,3902596000,국내전업손보사,B,SI023,부문별 손익(파생상품)
3672,202412,0010638,코리안리재보험주식회사,A2,파생상품 관련 손실,7112517000,12862374000,국내전업손보사,B,SI023,부문별 손익(파생상품)
3673,202412,0010638,코리안리재보험주식회사,A21,파생상품 거래 손실,4697439000,6161476000,국내전업손보사,B,SI023,부문별 손익(파생상품)
3674,202412,0010638,코리안리재보험주식회사,A22,파생상품 평가 손실,2415078000,6700898000,국내전업손보사,B,SI023,부문별 손익(파생상품)
3675,202503,0010638,코리안리재보험주식회사,A,파생상품 관련 손익,-4236338000,-4236338000,국내전업손보사,B,SI023,부문별 손익(파생상품)
3676,202503,0010638,코리안리재보험주식회사,A1,파생상품 관련 손익_파생상품 관련 이익,1070984000,1070984000,국내전업손보사,B,SI023,부문별 손익(파생상품)
3677,202503,0010638,코리안리재보험주식회사,A11,파생상품 거래 이익,507834000,507834000,국내전업손보사,B,SI023,부문별 손익(파생상품)
3678,202503,0010638,코리안리재보험주식회사,A12,파생상품 평가 이익,563150000,563150000,국내전업손보사,B,SI023,부문별 손익(파생상품)
3679,202503,0010638,코리안리재보험주식회사,A2,파생상품 관련 손실,5307322000,5307322000,국내전업손보사,B,SI023,부문별 손익(파생상품)
3680,202503,0010638,코리안리재보험주식회사,A21,파생상품 거래 손실,1153866000,1153866000,국내전업손보사,B,SI023,부문별 손익(파생상품)
3681,202503,0010638,코리안리재보험주식회사,A22,파생상품 평가 손실,4153456000,4153456000,국내전업손보사,B,SI023,부문별 손익(파생상품)
3682,202506,0010638,코리안리재보험주식회사,A,파생상품 관련 손익,18290807000,14054469000,국내전업손보사,B,SI023,부문별 손익(파생상품)
3683,202506,0010638,코리안리재보험주식회사,A1,파생상품 관련 손익_파생상품 관련 이익,22741099000,23812083000,국내전업손보사,B,SI023,부문별 손익(파생상품)
3684,202506,0010638,코리안리재보험주식회사,A11,파생상품 거래 이익,1880000,509714000,국내전업손보사,B,SI023,부문별 손익(파생상품)
3685,202506,0010638,코리안리재보험주식회사,A12,파생상품 평가 이익,22739219000,23302369000,국내전업손보사,B,SI023,부문별 손익(파생상품)
3686,202506,0010638,코리안리재보험주식회사,A2,파생상품 관련 손실,4450292000,9757614000,국내전업손보사,B,SI023,부문별 손익(파생상품)
3687,202506,0010638,코리안리재보험주식회사,A21,파생상품 거래 손실,1509315000,2663181000,국내전업손보사,B,SI023,부문별 손익(파생상품)
3688,202506,0010638,코리안리재보험주식회사,A22,파생상품 평가 손실,2940977000,7094433000,국내전업손보사,B,SI023,부문별 손익(파생상품)
3689,202509,0010638,코리안리재보험주식회사,A,파생상품 관련 손익,-15125188000,-1070719000,국내전업손보사,B,SI023,부문별 손익(파생상품)
3690,202509,0010638,코리안리재보험주식회사,A1,파생상품 관련 손익_파생상품 관련 이익,-12879189000,10932894000,국내전업손보사,B,SI023,부문별 손익(파생상품)
3691,202509,0010638,코리안리재보험주식회사,A11,파생상품 거래 이익,2464945000,2974659000,국내전업손보사,B,SI023,부문별 손익(파생상품)
3692,202509,0010638,코리안리재보험주식회사,A12,파생상품 평가 이익,-15344134000,7958235000,국내전업손보사,B,SI023,부문별 손익(파생상품)
3693,202509,0010638,코리안리재보험주식회사,A2,파생상품 관련 손실,2245999000,12003613000,국내전업손보사,B,SI023,부문별 손익(파생상품)
3694,202509,0010638,코리안리재보험주식회사,A21,파생상품 거래 손실,1159879000,3823060000,국내전업손보사,B,SI023,부문별 손익(파생상품)
3695,202509,0010638,코리안리재보험주식회사,A22,파생상품 평가 손실,1086120000,8180553000,국내전업손보사,B,SI023,부문별 손익(파생상품)
3696,201703,0010652,뮌헨재보험주식회사 한국지점,A,파생상품 관련 손익,0,0,외국손보사,B,SI023,부문별 손익(파생상품)
3697,201703,0010652,뮌헨재보험주식회사 한국지점,A1,파생상품 관련 이익,0,0,외국손보사,B,SI023,부문별 손익(파생상품)
3698,201703,0010652,뮌헨재보험주식회사 한국지점,A11,파생상품 관련 이익_파생상품 거래 이익,0,0,외국손보사,B,SI023,부문별 손익(파생상품)
3699,201703,0010652,뮌헨재보험주식회사 한국지점,A12,파생상품 관련 이익_파생상품 평가 이익,0,0,외국손보사,B,SI023,부문별 손익(파생상품)
3700,201703,0010652,뮌헨재보험주식회사 한국지점,A2,파생상품 관련 손실,0,0,외국손보사,B,SI023,부문별 손익(파생상품)
3701,201703,0010652,뮌헨재보험주식회사 한국지점,A21,파생상품 관련 손실_파생상품 거래 손실,0,0,외국손보사,B,SI023,부문별 손익(파생상품)
3702,201703,0010652,뮌헨재보험주식회사 한국지점,A22,파생상품 평가 손실,0,0,외국손보사,B,SI023,부문별 손익(파생상품)
3703,201706,0010652,뮌헨재보험주식회사 한국지점,A,파생상품 관련 손익,0,0,외국손보사,B,SI023,부문별 손익(파생상품)
3704,201706,0010652,뮌헨재보험주식회사 한국지점,A1,파생상품 관련 이익,0,0,외국손보사,B,SI023,부문별 손익(파생상품)
3705,201706,0010652,뮌헨재보험주식회사 한국지점,A11,파생상품 관련 이익_파생상품 거래 이익,0,0,외국손보사,B,SI023,부문별 손익(파생상품)
3706,201706,0010652,뮌헨재보험주식회사 한국지점,A12,파생상품 관련 이익_파생상품 평가 이익,0,0,외국손보사,B,SI023,부문별 손익(파생상품)
3707,201706,0010652,뮌헨재보험주식회사 한국지점,A2,파생상품 관련 손실,0,0,외국손보사,B,SI023,부문별 손익(파생상품)
3708,201706,0010652,뮌헨재보험주식회사 한국지점,A21,파생상품 관련 손실_파생상품 거래 손실,0,0,외국손보사,B,SI023,부문별 손익(파생상품)
3709,201706,0010652,뮌헨재보험주식회사 한국지점,A22,파생상품 평가 손실,0,0,외국손보사,B,SI023,부문별 손익(파생상품)
3710,201709,0010652,뮌헨재보험주식회사 한국지점,A,파생상품 관련 손익,0,0,외국손보사,B,SI023,부문별 손익(파생상품)
3711,201709,0010652,뮌헨재보험주식회사 한국지점,A1,파생상품 관련 이익,0,0,외국손보사,B,SI023,부문별 손익(파생상품)
3712,201709,0010652,뮌헨재보험주식회사 한국지점,A11,파생상품 관련 이익_파생상품 거래 이익,0,0,외국손보사,B,SI023,부문별 손익(파생상품)
3713,201709,0010652,뮌헨재보험주식회사 한국지점,A12,파생상품 관련 이익_파생상품 평가 이익,0,0,외국손보사,B,SI023,부문별 손익(파생상품)
3714,201709,0010652,뮌헨재보험주식회사 한국지점,A2,파생상품 관련 손실,0,0,외국손보사,B,SI023,부문별 손익(파생상품)
3715,201709,0010652,뮌헨재보험주식회사 한국지점,A21,파생상품 관련 손실_파생상품 거래 손실,0,0,외국손보사,B,SI023,부문별 손익(파생상품)
3716,201709,0010652,뮌헨재보험주식회사 한국지점,A22,파생상품 평가 손실,0,0,외국손보사,B,SI023,부문별 손익(파생상품)
3717,201712,0010652,뮌헨재보험주식회사 한국지점,A,파생상품 관련 손익,0,0,외국손보사,B,SI023,부문별 손익(파생상품)
3718,201712,0010652,뮌헨재보험주식회사 한국지점,A1,파생상품 관련 이익,0,0,외국손보사,B,SI023,부문별 손익(파생상품)
3719,201712,0010652,뮌헨재보험주식회사 한국지점,A11,파생상품 관련 이익_파생상품 거래 이익,0,0,외국손보사,B,SI023,부문별 손익(파생상품)
3720,201712,0010652,뮌헨재보험주식회사 한국지점,A12,파생상품 관련 이익_파생상품 평가 이익,0,0,외국손보사,B,SI023,부문별 손익(파생상품)
3721,201712,0010652,뮌헨재보험주식회사 한국지점,A2,파생상품 관련 손실,0,0,외국손보사,B,SI023,부문별 손익(파생상품)
3722,201712,0010652,뮌헨재보험주식회사 한국지점,A21,파생상품 관련 손실_파생상품 거래 손실,0,0,외국손보사,B,SI023,부문별 손익(파생상품)
3723,201712,0010652,뮌헨재보험주식회사 한국지점,A22,파생상품 평가 손실,0,0,외국손보사,B,SI023,부문별 손익(파생상품)
3724,201803,0010652,뮌헨재보험주식회사 한국지점,A,파생상품 관련 손익,0,0,외국손보사,B,SI023,부문별 손익(파생상품)
3725,201803,0010652,뮌헨재보험주식회사 한국지점,A1,파생상품 관련 이익,0,0,외국손보사,B,SI023,부문별 손익(파생상품)
3726,201803,0010652,뮌헨재보험주식회사 한국지점,A11,파생상품 관련 이익_파생상품 거래 이익,0,0,외국손보사,B,SI023,부문별 손익(파생상품)
3727,201803,0010652,뮌헨재보험주식회사 한국지점,A12,파생상품 관련 이익_파생상품 평가 이익,0,0,외국손보사,B,SI023,부문별 손익(파생상품)
3728,201803,0010652,뮌헨재보험주식회사 한국지점,A2,파생상품 관련 손실,0,0,외국손보사,B,SI023,부문별 손익(파생상품)
3729,201803,0010652,뮌헨재보험주식회사 한국지점,A21,파생상품 관련 손실_파생상품 거래 손실,0,0,외국손보사,B,SI023,부문별 손익(파생상품)
3730,201803,0010652,뮌헨재보험주식회사 한국지점,A22,파생상품 평가 손실,0,0,외국손보사,B,SI023,부문별 손익(파생상품)
3731,201806,0010652,뮌헨재보험주식회사 한국지점,A,파생상품 관련 손익,0,0,외국손보사,B,SI023,부문별 손익(파생상품)
3732,201806,0010652,뮌헨재보험주식회사 한국지점,A1,파생상품 관련 이익,0,0,외국손보사,B,SI023,부문별 손익(파생상품)
3733,201806,0010652,뮌헨재보험주식회사 한국지점,A11,파생상품 관련 이익_파생상품 거래 이익,0,0,외국손보사,B,SI023,부문별 손익(파생상품)
3734,201806,0010652,뮌헨재보험주식회사 한국지점,A12,파생상품 관련 이익_파생상품 평가 이익,0,0,외국손보사,B,SI023,부문별 손익(파생상품)
3735,201806,0010652,뮌헨재보험주식회사 한국지점,A2,파생상품 관련 손실,0,0,외국손보사,B,SI023,부문별 손익(파생상품)
3736,201806,0010652,뮌헨재보험주식회사 한국지점,A21,파생상품 관련 손실_파생상품 거래 손실,0,0,외국손보사,B,SI023,부문별 손익(파생상품)
3737,201806,0010652,뮌헨재보험주식회사 한국지점,A22,파생상품 평가 손실,0,0,외국손보사,B,SI023,부문별 손익(파생상품)
3738,201809,0010652,뮌헨재보험주식회사 한국지점,A,파생상품 관련 손익,0,0,외국손보사,B,SI023,부문별 손익(파생상품)
3739,201809,0010652,뮌헨재보험주식회사 한국지점,A1,파생상품 관련 이익,0,0,외국손보사,B,SI023,부문별 손익(파생상품)
3740,201809,0010652,뮌헨재보험주식회사 한국지점,A11,파생상품 관련 이익_파생상품 거래 이익,0,0,외국손보사,B,SI023,부문별 손익(파생상품)
3741,201809,0010652,뮌헨재보험주식회사 한국지점,A12,파생상품 관련 이익_파생상품 평가 이익,0,0,외국손보사,B,SI023,부문별 손익(파생상품)
3742,201809,0010652,뮌헨재보험주식회사 한국지점,A2,파생상품 관련 손실,0,0,외국손보사,B,SI023,부문별 손익(파생상품)
3743,201809,0010652,뮌헨재보험주식회사 한국지점,A21,파생상품 관련 손실_파생상품 거래 손실,0,0,외국손보사,B,SI023,부문별 손익(파생상품)
3744,201809,0010652,뮌헨재보험주식회사 한국지점,A22,파생상품 평가 손실,0,0,외국손보사,B,SI023,부문별 손익(파생상품)
3745,201812,0010652,뮌헨재보험주식회사 한국지점,A,파생상품 관련 손익,0,0,외국손보사,B,SI023,부문별 손익(파생상품)
3746,201812,0010652,뮌헨재보험주식회사 한국지점,A1,파생상품 관련 이익,0,0,외국손보사,B,SI023,부문별 손익(파생상품)
3747,201812,0010652,뮌헨재보험주식회사 한국지점,A11,파생상품 관련 이익_파생상품 거래 이익,0,0,외국손보사,B,SI023,부문별 손익(파생상품)
3748,201812,0010652,뮌헨재보험주식회사 한국지점,A12,파생상품 관련 이익_파생상품 평가 이익,0,0,외국손보사,B,SI023,부문별 손익(파생상품)
3749,201812,0010652,뮌헨재보험주식회사 한국지점,A2,파생상품 관련 손실,0,0,외국손보사,B,SI023,부문별 손익(파생상품)
3750,201812,0010652,뮌헨재보험주식회사 한국지점,A21,파생상품 관련 손실_파생상품 거래 손실,0,0,외국손보사,B,SI023,부문별 손익(파생상품)
3751,201812,0010652,뮌헨재보험주식회사 한국지점,A22,파생상품 평가 손실,0,0,외국손보사,B,SI023,부문별 손익(파생상품)
3752,201903,0010652,뮌헨재보험주식회사 한국지점,A,파생상품 관련 손익,0,0,외국손보사,B,SI023,부문별 손익(파생상품)
3753,201903,0010652,뮌헨재보험주식회사 한국지점,A1,파생상품 관련 이익,0,0,외국손보사,B,SI023,부문별 손익(파생상품)
3754,201903,0010652,뮌헨재보험주식회사 한국지점,A11,파생상품 관련 이익_파생상품 거래 이익,0,0,외국손보사,B,SI023,부문별 손익(파생상품)
3755,201903,0010652,뮌헨재보험주식회사 한국지점,A12,파생상품 관련 이익_파생상품 평가 이익,0,0,외국손보사,B,SI023,부문별 손익(파생상품)
3756,201903,0010652,뮌헨재보험주식회사 한국지점,A2,파생상품 관련 손실,0,0,외국손보사,B,SI023,부문별 손익(파생상품)
3757,201903,0010652,뮌헨재보험주식회사 한국지점,A21,파생상품 관련 손실_파생상품 거래 손실,0,0,외국손보사,B,SI023,부문별 손익(파생상품)
3758,201903,0010652,뮌헨재보험주식회사 한국지점,A22,파생상품 평가 손실,0,0,외국손보사,B,SI023,부문별 손익(파생상품)
3759,201906,0010652,뮌헨재보험주식회사 한국지점,A,파생상품 관련 손익,0,0,외국손보사,B,SI023,부문별 손익(파생상품)
3760,201906,0010652,뮌헨재보험주식회사 한국지점,A1,파생상품 관련 이익,0,0,외국손보사,B,SI023,부문별 손익(파생상품)
3761,201906,0010652,뮌헨재보험주식회사 한국지점,A11,파생상품 관련 이익_파생상품 거래 이익,0,0,외국손보사,B,SI023,부문별 손익(파생상품)
3762,201906,0010652,뮌헨재보험주식회사 한국지점,A12,파생상품 관련 이익_파생상품 평가 이익,0,0,외국손보사,B,SI023,부문별 손익(파생상품)
3763,201906,0010652,뮌헨재보험주식회사 한국지점,A2,파생상품 관련 손실,0,0,외국손보사,B,SI023,부문별 손익(파생상품)
3764,201906,0010652,뮌헨재보험주식회사 한국지점,A21,파생상품 관련 손실_파생상품 거래 손실,0,0,외국손보사,B,SI023,부문별 손익(파생상품)
3765,201906,0010652,뮌헨재보험주식회사 한국지점,A22,파생상품 평가 손실,0,0,외국손보사,B,SI023,부문별 손익(파생상품)
3766,201909,0010652,뮌헨재보험주식회사 한국지점,A,파생상품 관련 손익,0,0,외국손보사,B,SI023,부문별 손익(파생상품)
3767,201909,0010652,뮌헨재보험주식회사 한국지점,A1,파생상품 관련 이익,0,0,외국손보사,B,SI023,부문별 손익(파생상품)
3768,201909,0010652,뮌헨재보험주식회사 한국지점,A11,파생상품 관련 이익_파생상품 거래 이익,0,0,외국손보사,B,SI023,부문별 손익(파생상품)
3769,201909,0010652,뮌헨재보험주식회사 한국지점,A12,파생상품 관련 이익_파생상품 평가 이익,0,0,외국손보사,B,SI023,부문별 손익(파생상품)
3770,201909,0010652,뮌헨재보험주식회사 한국지점,A2,파생상품 관련 손실,0,0,외국손보사,B,SI023,부문별 손익(파생상품)
3771,201909,0010652,뮌헨재보험주식회사 한국지점,A21,파생상품 관련 손실_파생상품 거래 손실,0,0,외국손보사,B,SI023,부문별 손익(파생상품)
3772,201909,0010652,뮌헨재보험주식회사 한국지점,A22,파생상품 평가 손실,0,0,외국손보사,B,SI023,부문별 손익(파생상품)
3773,201912,0010652,뮌헨재보험주식회사 한국지점,A,파생상품 관련 손익,0,0,외국손보사,B,SI023,부문별 손익(파생상품)
3774,201912,0010652,뮌헨재보험주식회사 한국지점,A1,파생상품 관련 이익,0,0,외국손보사,B,SI023,부문별 손익(파생상품)
3775,201912,0010652,뮌헨재보험주식회사 한국지점,A11,파생상품 관련 이익_파생상품 거래 이익,0,0,외국손보사,B,SI023,부문별 손익(파생상품)
3776,201912,0010652,뮌헨재보험주식회사 한국지점,A12,파생상품 관련 이익_파생상품 평가 이익,0,0,외국손보사,B,SI023,부문별 손익(파생상품)
3777,201912,0010652,뮌헨재보험주식회사 한국지점,A2,파생상품 관련 손실,0,0,외국손보사,B,SI023,부문별 손익(파생상품)
3778,201912,0010652,뮌헨재보험주식회사 한국지점,A21,파생상품 관련 손실_파생상품 거래 손실,0,0,외국손보사,B,SI023,부문별 손익(파생상품)
3779,201912,0010652,뮌헨재보험주식회사 한국지점,A22,파생상품 평가 손실,0,0,외국손보사,B,SI023,부문별 손익(파생상품)
3780,202003,0010652,뮌헨재보험주식회사 한국지점,A,파생상품 관련 손익,0,0,외국손보사,B,SI023,부문별 손익(파생상품)
3781,202003,0010652,뮌헨재보험주식회사 한국지점,A1,파생상품 관련 이익,0,0,외국손보사,B,SI023,부문별 손익(파생상품)
3782,202003,0010652,뮌헨재보험주식회사 한국지점,A11,파생상품 관련 이익_파생상품 거래 이익,0,0,외국손보사,B,SI023,부문별 손익(파생상품)
3783,202003,0010652,뮌헨재보험주식회사 한국지점,A12,파생상품 관련 이익_파생상품 평가 이익,0,0,외국손보사,B,SI023,부문별 손익(파생상품)
3784,202003,0010652,뮌헨재보험주식회사 한국지점,A2,파생상품 관련 손실,0,0,외국손보사,B,SI023,부문별 손익(파생상품)
3785,202003,0010652,뮌헨재보험주식회사 한국지점,A21,파생상품 관련 손실_파생상품 거래 손실,0,0,외국손보사,B,SI023,부문별 손익(파생상품)
3786,202003,0010652,뮌헨재보험주식회사 한국지점,A22,파생상품 평가 손실,0,0,외국손보사,B,SI023,부문별 손익(파생상품)
3787,202006,0010652,뮌헨재보험주식회사 한국지점,A,파생상품 관련 손익,0,0,외국손보사,B,SI023,부문별 손익(파생상품)
3788,202006,0010652,뮌헨재보험주식회사 한국지점,A1,파생상품 관련 이익,0,0,외국손보사,B,SI023,부문별 손익(파생상품)
3789,202006,0010652,뮌헨재보험주식회사 한국지점,A11,파생상품 관련 이익_파생상품 거래 이익,0,0,외국손보사,B,SI023,부문별 손익(파생상품)
3790,202006,0010652,뮌헨재보험주식회사 한국지점,A12,파생상품 관련 이익_파생상품 평가 이익,0,0,외국손보사,B,SI023,부문별 손익(파생상품)
3791,202006,0010652,뮌헨재보험주식회사 한국지점,A2,파생상품 관련 손실,0,0,외국손보사,B,SI023,부문별 손익(파생상품)
3792,202006,0010652,뮌헨재보험주식회사 한국지점,A21,파생상품 관련 손실_파생상품 거래 손실,0,0,외국손보사,B,SI023,부문별 손익(파생상품)
3793,202006,0010652,뮌헨재보험주식회사 한국지점,A22,파생상품 평가 손실,0,0,외국손보사,B,SI023,부문별 손익(파생상품)
3794,202009,0010652,뮌헨재보험주식회사 한국지점,A,파생상품 관련 손익,0,0,외국손보사,B,SI023,부문별 손익(파생상품)
3795,202009,0010652,뮌헨재보험주식회사 한국지점,A1,파생상품 관련 이익,0,0,외국손보사,B,SI023,부문별 손익(파생상품)
3796,202009,0010652,뮌헨재보험주식회사 한국지점,A11,파생상품 관련 이익_파생상품 거래 이익,0,0,외국손보사,B,SI023,부문별 손익(파생상품)
3797,202009,0010652,뮌헨재보험주식회사 한국지점,A12,파생상품 관련 이익_파생상품 평가 이익,0,0,외국손보사,B,SI023,부문별 손익(파생상품)
3798,202009,0010652,뮌헨재보험주식회사 한국지점,A2,파생상품 관련 손실,0,0,외국손보사,B,SI023,부문별 손익(파생상품)
3799,202009,0010652,뮌헨재보험주식회사 한국지점,A21,파생상품 관련 손실_파생상품 거래 손실,0,0,외국손보사,B,SI023,부문별 손익(파생상품)
3800,202009,0010652,뮌헨재보험주식회사 한국지점,A22,파생상품 평가 손실,0,0,외국손보사,B,SI023,부문별 손익(파생상품)
3801,202012,0010652,뮌헨재보험주식회사 한국지점,A,파생상품 관련 손익,0,0,외국손보사,B,SI023,부문별 손익(파생상품)
3802,202012,0010652,뮌헨재보험주식회사 한국지점,A1,파생상품 관련 이익,0,0,외국손보사,B,SI023,부문별 손익(파생상품)
3803,202012,0010652,뮌헨재보험주식회사 한국지점,A11,파생상품 관련 이익_파생상품 거래 이익,0,0,외국손보사,B,SI023,부문별 손익(파생상품)
3804,202012,0010652,뮌헨재보험주식회사 한국지점,A12,파생상품 관련 이익_파생상품 평가 이익,0,0,외국손보사,B,SI023,부문별 손익(파생상품)
3805,202012,0010652,뮌헨재보험주식회사 한국지점,A2,파생상품 관련 손실,0,0,외국손보사,B,SI023,부문별 손익(파생상품)
3806,202012,0010652,뮌헨재보험주식회사 한국지점,A21,파생상품 관련 손실_파생상품 거래 손실,0,0,외국손보사,B,SI023,부문별 손익(파생상품)
3807,202012,0010652,뮌헨재보험주식회사 한국지점,A22,파생상품 평가 손실,0,0,외국손보사,B,SI023,부문별 손익(파생상품)
3808,202103,0010652,뮌헨재보험주식회사 한국지점,A,파생상품 관련 손익,0,0,외국손보사,B,SI023,부문별 손익(파생상품)
3809,202103,0010652,뮌헨재보험주식회사 한국지점,A1,파생상품 관련 이익,0,0,외국손보사,B,SI023,부문별 손익(파생상품)
3810,202103,0010652,뮌헨재보험주식회사 한국지점,A11,파생상품 관련 이익_파생상품 거래 이익,0,0,외국손보사,B,SI023,부문별 손익(파생상품)
3811,202103,0010652,뮌헨재보험주식회사 한국지점,A12,파생상품 관련 이익_파생상품 평가 이익,0,0,외국손보사,B,SI023,부문별 손익(파생상품)
3812,202103,0010652,뮌헨재보험주식회사 한국지점,A2,파생상품 관련 손실,0,0,외국손보사,B,SI023,부문별 손익(파생상품)
3813,202103,0010652,뮌헨재보험주식회사 한국지점,A21,파생상품 관련 손실_파생상품 거래 손실,0,0,외국손보사,B,SI023,부문별 손익(파생상품)
3814,202103,0010652,뮌헨재보험주식회사 한국지점,A22,파생상품 평가 손실,0,0,외국손보사,B,SI023,부문별 손익(파생상품)
3815,202106,0010652,뮌헨재보험주식회사 한국지점,A,파생상품 관련 손익,0,0,외국손보사,B,SI023,부문별 손익(파생상품)
3816,202106,0010652,뮌헨재보험주식회사 한국지점,A1,파생상품 관련 이익,0,0,외국손보사,B,SI023,부문별 손익(파생상품)
3817,202106,0010652,뮌헨재보험주식회사 한국지점,A11,파생상품 관련 이익_파생상품 거래 이익,0,0,외국손보사,B,SI023,부문별 손익(파생상품)
3818,202106,0010652,뮌헨재보험주식회사 한국지점,A12,파생상품 관련 이익_파생상품 평가 이익,0,0,외국손보사,B,SI023,부문별 손익(파생상품)
3819,202106,0010652,뮌헨재보험주식회사 한국지점,A2,파생상품 관련 손실,0,0,외국손보사,B,SI023,부문별 손익(파생상품)
3820,202106,0010652,뮌헨재보험주식회사 한국지점,A21,파생상품 관련 손실_파생상품 거래 손실,0,0,외국손보사,B,SI023,부문별 손익(파생상품)
3821,202106,0010652,뮌헨재보험주식회사 한국지점,A22,파생상품 평가 손실,0,0,외국손보사,B,SI023,부문별 손익(파생상품)
3822,202109,0010652,뮌헨재보험주식회사 한국지점,A,파생상품 관련 손익,0,0,외국손보사,B,SI023,부문별 손익(파생상품)
3823,202109,0010652,뮌헨재보험주식회사 한국지점,A1,파생상품 관련 이익,0,0,외국손보사,B,SI023,부문별 손익(파생상품)
3824,202109,0010652,뮌헨재보험주식회사 한국지점,A11,파생상품 관련 이익_파생상품 거래 이익,0,0,외국손보사,B,SI023,부문별 손익(파생상품)
3825,202109,0010652,뮌헨재보험주식회사 한국지점,A12,파생상품 관련 이익_파생상품 평가 이익,0,0,외국손보사,B,SI023,부문별 손익(파생상품)
3826,202109,0010652,뮌헨재보험주식회사 한국지점,A2,파생상품 관련 손실,0,0,외국손보사,B,SI023,부문별 손익(파생상품)
3827,202109,0010652,뮌헨재보험주식회사 한국지점,A21,파생상품 관련 손실_파생상품 거래 손실,0,0,외국손보사,B,SI023,부문별 손익(파생상품)
3828,202109,0010652,뮌헨재보험주식회사 한국지점,A22,파생상품 평가 손실,0,0,외국손보사,B,SI023,부문별 손익(파생상품)
3829,202112,0010652,뮌헨재보험주식회사 한국지점,A,파생상품 관련 손익,0,0,외국손보사,B,SI023,부문별 손익(파생상품)
3830,202112,0010652,뮌헨재보험주식회사 한국지점,A1,파생상품 관련 이익,0,0,외국손보사,B,SI023,부문별 손익(파생상품)
3831,202112,0010652,뮌헨재보험주식회사 한국지점,A11,파생상품 관련 이익_파생상품 거래 이익,0,0,외국손보사,B,SI023,부문별 손익(파생상품)
3832,202112,0010652,뮌헨재보험주식회사 한국지점,A12,파생상품 관련 이익_파생상품 평가 이익,0,0,외국손보사,B,SI023,부문별 손익(파생상품)
3833,202112,0010652,뮌헨재보험주식회사 한국지점,A2,파생상품 관련 손실,0,0,외국손보사,B,SI023,부문별 손익(파생상품)
3834,202112,0010652,뮌헨재보험주식회사 한국지점,A21,파생상품 관련 손실_파생상품 거래 손실,0,0,외국손보사,B,SI023,부문별 손익(파생상품)
3835,202112,0010652,뮌헨재보험주식회사 한국지점,A22,파생상품 평가 손실,0,0,외국손보사,B,SI023,부문별 손익(파생상품)
3836,202203,0010652,뮌헨재보험주식회사 한국지점,A,파생상품 관련 손익,0,0,외국손보사,B,SI023,부문별 손익(파생상품)
3837,202203,0010652,뮌헨재보험주식회사 한국지점,A1,파생상품 관련 이익,0,0,외국손보사,B,SI023,부문별 손익(파생상품)
3838,202203,0010652,뮌헨재보험주식회사 한국지점,A11,파생상품 관련 이익_파생상품 거래 이익,0,0,외국손보사,B,SI023,부문별 손익(파생상품)
3839,202203,0010652,뮌헨재보험주식회사 한국지점,A12,파생상품 관련 이익_파생상품 평가 이익,0,0,외국손보사,B,SI023,부문별 손익(파생상품)
3840,202203,0010652,뮌헨재보험주식회사 한국지점,A2,파생상품 관련 손실,0,0,외국손보사,B,SI023,부문별 손익(파생상품)
3841,202203,0010652,뮌헨재보험주식회사 한국지점,A21,파생상품 관련 손실_파생상품 거래 손실,0,0,외국손보사,B,SI023,부문별 손익(파생상품)
3842,202203,0010652,뮌헨재보험주식회사 한국지점,A22,파생상품 평가 손실,0,0,외국손보사,B,SI023,부문별 손익(파생상품)
3843,202206,0010652,뮌헨재보험주식회사 한국지점,A,파생상품 관련 손익,0,0,외국손보사,B,SI023,부문별 손익(파생상품)
3844,202206,0010652,뮌헨재보험주식회사 한국지점,A1,파생상품 관련 이익,0,0,외국손보사,B,SI023,부문별 손익(파생상품)
3845,202206,0010652,뮌헨재보험주식회사 한국지점,A11,파생상품 관련 이익_파생상품 거래 이익,0,0,외국손보사,B,SI023,부문별 손익(파생상품)
3846,202206,0010652,뮌헨재보험주식회사 한국지점,A12,파생상품 관련 이익_파생상품 평가 이익,0,0,외국손보사,B,SI023,부문별 손익(파생상품)
3847,202206,0010652,뮌헨재보험주식회사 한국지점,A2,파생상품 관련 손실,0,0,외국손보사,B,SI023,부문별 손익(파생상품)
3848,202206,0010652,뮌헨재보험주식회사 한국지점,A21,파생상품 관련 손실_파생상품 거래 손실,0,0,외국손보사,B,SI023,부문별 손익(파생상품)
3849,202206,0010652,뮌헨재보험주식회사 한국지점,A22,파생상품 평가 손실,0,0,외국손보사,B,SI023,부문별 손익(파생상품)
3850,202209,0010652,뮌헨재보험주식회사 한국지점,A,파생상품 관련 손익,0,0,외국손보사,B,SI023,부문별 손익(파생상품)
3851,202209,0010652,뮌헨재보험주식회사 한국지점,A1,파생상품 관련 이익,0,0,외국손보사,B,SI023,부문별 손익(파생상품)
3852,202209,0010652,뮌헨재보험주식회사 한국지점,A11,파생상품 관련 이익_파생상품 거래 이익,0,0,외국손보사,B,SI023,부문별 손익(파생상품)
3853,202209,0010652,뮌헨재보험주식회사 한국지점,A12,파생상품 관련 이익_파생상품 평가 이익,0,0,외국손보사,B,SI023,부문별 손익(파생상품)
3854,202209,0010652,뮌헨재보험주식회사 한국지점,A2,파생상품 관련 손실,0,0,외국손보사,B,SI023,부문별 손익(파생상품)
3855,202209,0010652,뮌헨재보험주식회사 한국지점,A21,파생상품 관련 손실_파생상품 거래 손실,0,0,외국손보사,B,SI023,부문별 손익(파생상품)
3856,202209,0010652,뮌헨재보험주식회사 한국지점,A22,파생상품 평가 손실,0,0,외국손보사,B,SI023,부문별 손익(파생상품)
3857,202212,0010652,뮌헨재보험주식회사 한국지점,A,파생상품 관련 손익,0,0,외국손보사,B,SI023,부문별 손익(파생상품)
3858,202212,0010652,뮌헨재보험주식회사 한국지점,A1,파생상품 관련 이익,0,0,외국손보사,B,SI023,부문별 손익(파생상품)
3859,202212,0010652,뮌헨재보험주식회사 한국지점,A11,파생상품 관련 이익_파생상품 거래 이익,0,0,외국손보사,B,SI023,부문별 손익(파생상품)
3860,202212,0010652,뮌헨재보험주식회사 한국지점,A12,파생상품 관련 이익_파생상품 평가 이익,0,0,외국손보사,B,SI023,부문별 손익(파생상품)
3861,202212,0010652,뮌헨재보험주식회사 한국지점,A2,파생상품 관련 손실,0,0,외국손보사,B,SI023,부문별 손익(파생상품)
3862,202212,0010652,뮌헨재보험주식회사 한국지점,A21,파생상품 관련 손실_파생상품 거래 손실,0,0,외국손보사,B,SI023,부문별 손익(파생상품)
3863,202212,0010652,뮌헨재보험주식회사 한국지점,A22,파생상품 평가 손실,0,0,외국손보사,B,SI023,부문별 손익(파생상품)
3864,202303,0010652,뮌헨재보험주식회사 한국지점,A,파생상품 관련 손익,0,0,외국손보사,B,SI023,부문별 손익(파생상품)
3865,202303,0010652,뮌헨재보험주식회사 한국지점,A1,파생상품 관련 손익_파생상품 관련 이익,0,0,외국손보사,B,SI023,부문별 손익(파생상품)
3866,202303,0010652,뮌헨재보험주식회사 한국지점,A11,파생상품 거래 이익,0,0,외국손보사,B,SI023,부문별 손익(파생상품)
3867,202303,0010652,뮌헨재보험주식회사 한국지점,A12,파생상품 평가 이익,0,0,외국손보사,B,SI023,부문별 손익(파생상품)
3868,202303,0010652,뮌헨재보험주식회사 한국지점,A2,파생상품 관련 손실,0,0,외국손보사,B,SI023,부문별 손익(파생상품)
3869,202303,0010652,뮌헨재보험주식회사 한국지점,A21,파생상품 거래 손실,0,0,외국손보사,B,SI023,부문별 손익(파생상품)
3870,202303,0010652,뮌헨재보험주식회사 한국지점,A22,파생상품 평가 손실,0,0,외국손보사,B,SI023,부문별 손익(파생상품)
3871,202306,0010652,뮌헨재보험주식회사 한국지점,A,파생상품 관련 손익,0,0,외국손보사,B,SI023,부문별 손익(파생상품)
3872,202306,0010652,뮌헨재보험주식회사 한국지점,A1,파생상품 관련 손익_파생상품 관련 이익,0,0,외국손보사,B,SI023,부문별 손익(파생상품)
3873,202306,0010652,뮌헨재보험주식회사 한국지점,A11,파생상품 거래 이익,0,0,외국손보사,B,SI023,부문별 손익(파생상품)
3874,202306,0010652,뮌헨재보험주식회사 한국지점,A12,파생상품 평가 이익,0,0,외국손보사,B,SI023,부문별 손익(파생상품)
3875,202306,0010652,뮌헨재보험주식회사 한국지점,A2,파생상품 관련 손실,0,0,외국손보사,B,SI023,부문별 손익(파생상품)
3876,202306,0010652,뮌헨재보험주식회사 한국지점,A21,파생상품 거래 손실,0,0,외국손보사,B,SI023,부문별 손익(파생상품)
3877,202306,0010652,뮌헨재보험주식회사 한국지점,A22,파생상품 평가 손실,0,0,외국손보사,B,SI023,부문별 손익(파생상품)
3878,202309,0010652,뮌헨재보험주식회사 한국지점,A,파생상품 관련 손익,0,0,외국손보사,B,SI023,부문별 손익(파생상품)
3879,202309,0010652,뮌헨재보험주식회사 한국지점,A1,파생상품 관련 손익_파생상품 관련 이익,0,0,외국손보사,B,SI023,부문별 손익(파생상품)
3880,202309,0010652,뮌헨재보험주식회사 한국지점,A11,파생상품 거래 이익,0,0,외국손보사,B,SI023,부문별 손익(파생상품)
3881,202309,0010652,뮌헨재보험주식회사 한국지점,A12,파생상품 평가 이익,0,0,외국손보사,B,SI023,부문별 손익(파생상품)
3882,202309,0010652,뮌헨재보험주식회사 한국지점,A2,파생상품 관련 손실,0,0,외국손보사,B,SI023,부문별 손익(파생상품)
3883,202309,0010652,뮌헨재보험주식회사 한국지점,A21,파생상품 거래 손실,0,0,외국손보사,B,SI023,부문별 손익(파생상품)
3884,202309,0010652,뮌헨재보험주식회사 한국지점,A22,파생상품 평가 손실,0,0,외국손보사,B,SI023,부문별 손익(파생상품)
3885,202312,0010652,뮌헨재보험주식회사 한국지점,A,파생상품 관련 손익,0,0,외국손보사,B,SI023,부문별 손익(파생상품)
3886,202312,0010652,뮌헨재보험주식회사 한국지점,A1,파생상품 관련 손익_파생상품 관련 이익,0,0,외국손보사,B,SI023,부문별 손익(파생상품)
3887,202312,0010652,뮌헨재보험주식회사 한국지점,A11,파생상품 거래 이익,0,0,외국손보사,B,SI023,부문별 손익(파생상품)
3888,202312,0010652,뮌헨재보험주식회사 한국지점,A12,파생상품 평가 이익,0,0,외국손보사,B,SI023,부문별 손익(파생상품)
3889,202312,0010652,뮌헨재보험주식회사 한국지점,A2,파생상품 관련 손실,0,0,외국손보사,B,SI023,부문별 손익(파생상품)
3890,202312,0010652,뮌헨재보험주식회사 한국지점,A21,파생상품 거래 손실,0,0,외국손보사,B,SI023,부문별 손익(파생상품)
3891,202312,0010652,뮌헨재보험주식회사 한국지점,A22,파생상품 평가 손실,0,0,외국손보사,B,SI023,부문별 손익(파생상품)
3892,202403,0010652,뮌헨재보험주식회사 한국지점,A,파생상품 관련 손익,0,0,외국손보사,B,SI023,부문별 손익(파생상품)
3893,202403,0010652,뮌헨재보험주식회사 한국지점,A1,파생상품 관련 손익_파생상품 관련 이익,0,0,외국손보사,B,SI023,부문별 손익(파생상품)
3894,202403,0010652,뮌헨재보험주식회사 한국지점,A11,파생상품 거래 이익,0,0,외국손보사,B,SI023,부문별 손익(파생상품)
3895,202403,0010652,뮌헨재보험주식회사 한국지점,A12,파생상품 평가 이익,0,0,외국손보사,B,SI023,부문별 손익(파생상품)
3896,202403,0010652,뮌헨재보험주식회사 한국지점,A2,파생상품 관련 손실,0,0,외국손보사,B,SI023,부문별 손익(파생상품)
3897,202403,0010652,뮌헨재보험주식회사 한국지점,A21,파생상품 거래 손실,0,0,외국손보사,B,SI023,부문별 손익(파생상품)
3898,202403,0010652,뮌헨재보험주식회사 한국지점,A22,파생상품 평가 손실,0,0,외국손보사,B,SI023,부문별 손익(파생상품)
3899,202406,0010652,뮌헨재보험주식회사 한국지점,A,파생상품 관련 손익,0,0,외국손보사,B,SI023,부문별 손익(파생상품)
3900,202406,0010652,뮌헨재보험주식회사 한국지점,A1,파생상품 관련 손익_파생상품 관련 이익,0,0,외국손보사,B,SI023,부문별 손익(파생상품)
3901,202406,0010652,뮌헨재보험주식회사 한국지점,A11,파생상품 거래 이익,0,0,외국손보사,B,SI023,부문별 손익(파생상품)
3902,202406,0010652,뮌헨재보험주식회사 한국지점,A12,파생상품 평가 이익,0,0,외국손보사,B,SI023,부문별 손익(파생상품)
3903,202406,0010652,뮌헨재보험주식회사 한국지점,A2,파생상품 관련 손실,0,0,외국손보사,B,SI023,부문별 손익(파생상품)
3904,202406,0010652,뮌헨재보험주식회사 한국지점,A21,파생상품 거래 손실,0,0,외국손보사,B,SI023,부문별 손익(파생상품)
3905,202406,0010652,뮌헨재보험주식회사 한국지점,A22,파생상품 평가 손실,0,0,외국손보사,B,SI023,부문별 손익(파생상품)
3906,202409,0010652,뮌헨재보험주식회사 한국지점,A,파생상품 관련 손익,0,0,외국손보사,B,SI023,부문별 손익(파생상품)
3907,202409,0010652,뮌헨재보험주식회사 한국지점,A1,파생상품 관련 손익_파생상품 관련 이익,0,0,외국손보사,B,SI023,부문별 손익(파생상품)
3908,202409,0010652,뮌헨재보험주식회사 한국지점,A11,파생상품 거래 이익,0,0,외국손보사,B,SI023,부문별 손익(파생상품)
3909,202409,0010652,뮌헨재보험주식회사 한국지점,A12,파생상품 평가 이익,0,0,외국손보사,B,SI023,부문별 손익(파생상품)
3910,202409,0010652,뮌헨재보험주식회사 한국지점,A2,파생상품 관련 손실,0,0,외국손보사,B,SI023,부문별 손익(파생상품)
3911,202409,0010652,뮌헨재보험주식회사 한국지점,A21,파생상품 거래 손실,0,0,외국손보사,B,SI023,부문별 손익(파생상품)
3912,202409,0010652,뮌헨재보험주식회사 한국지점,A22,파생상품 평가 손실,0,0,외국손보사,B,SI023,부문별 손익(파생상품)
3913,202412,0010652,뮌헨재보험주식회사 한국지점,A,파생상품 관련 손익,0,0,외국손보사,B,SI023,부문별 손익(파생상품)
3914,202412,0010652,뮌헨재보험주식회사 한국지점,A1,파생상품 관련 손익_파생상품 관련 이익,0,0,외국손보사,B,SI023,부문별 손익(파생상품)
3915,202412,0010652,뮌헨재보험주식회사 한국지점,A11,파생상품 거래 이익,0,0,외국손보사,B,SI023,부문별 손익(파생상품)
3916,202412,0010652,뮌헨재보험주식회사 한국지점,A12,파생상품 평가 이익,0,0,외국손보사,B,SI023,부문별 손익(파생상품)
3917,202412,0010652,뮌헨재보험주식회사 한국지점,A2,파생상품 관련 손실,0,0,외국손보사,B,SI023,부문별 손익(파생상품)
3918,202412,0010652,뮌헨재보험주식회사 한국지점,A21,파생상품 거래 손실,0,0,외국손보사,B,SI023,부문별 손익(파생상품)
3919,202412,0010652,뮌헨재보험주식회사 한국지점,A22,파생상품 평가 손실,0,0,외국손보사,B,SI023,부문별 손익(파생상품)
3920,202503,0010652,뮌헨재보험주식회사 한국지점,A,파생상품 관련 손익,0,0,외국손보사,B,SI023,부문별 손익(파생상품)
3921,202503,0010652,뮌헨재보험주식회사 한국지점,A1,파생상품 관련 손익_파생상품 관련 이익,0,0,외국손보사,B,SI023,부문별 손익(파생상품)
3922,202503,0010652,뮌헨재보험주식회사 한국지점,A11,파생상품 거래 이익,0,0,외국손보사,B,SI023,부문별 손익(파생상품)
3923,202503,0010652,뮌헨재보험주식회사 한국지점,A12,파생상품 평가 이익,0,0,외국손보사,B,SI023,부문별 손익(파생상품)
3924,202503,0010652,뮌헨재보험주식회사 한국지점,A2,파생상품 관련 손실,0,0,외국손보사,B,SI023,부문별 손익(파생상품)
3925,202503,0010652,뮌헨재보험주식회사 한국지점,A21,파생상품 거래 손실,0,0,외국손보사,B,SI023,부문별 손익(파생상품)
3926,202503,0010652,뮌헨재보험주식회사 한국지점,A22,파생상품 평가 손실,0,0,외국손보사,B,SI023,부문별 손익(파생상품)
3927,202506,0010652,뮌헨재보험주식회사 한국지점,A,파생상품 관련 손익,0,0,외국손보사,B,SI023,부문별 손익(파생상품)
3928,202506,0010652,뮌헨재보험주식회사 한국지점,A1,파생상품 관련 손익_파생상품 관련 이익,0,0,외국손보사,B,SI023,부문별 손익(파생상품)
3929,202506,0010652,뮌헨재보험주식회사 한국지점,A11,파생상품 거래 이익,0,0,외국손보사,B,SI023,부문별 손익(파생상품)
3930,202506,0010652,뮌헨재보험주식회사 한국지점,A12,파생상품 평가 이익,0,0,외국손보사,B,SI023,부문별 손익(파생상품)
3931,202506,0010652,뮌헨재보험주식회사 한국지점,A2,파생상품 관련 손실,0,0,외국손보사,B,SI023,부문별 손익(파생상품)
3932,202506,0010652,뮌헨재보험주식회사 한국지점,A21,파생상품 거래 손실,0,0,외국손보사,B,SI023,부문별 손익(파생상품)
3933,202506,0010652,뮌헨재보험주식회사 한국지점,A22,파생상품 평가 손실,0,0,외국손보사,B,SI023,부문별 손익(파생상품)
3934,202509,0010652,뮌헨재보험주식회사 한국지점,A,파생상품 관련 손익,0,0,외국손보사,B,SI023,부문별 손익(파생상품)
3935,202509,0010652,뮌헨재보험주식회사 한국지점,A1,파생상품 관련 손익_파생상품 관련 이익,0,0,외국손보사,B,SI023,부문별 손익(파생상품)
3936,202509,0010652,뮌헨재보험주식회사 한국지점,A11,파생상품 거래 이익,0,0,외국손보사,B,SI023,부문별 손익(파생상품)
3937,202509,0010652,뮌헨재보험주식회사 한국지점,A12,파생상품 평가 이익,0,0,외국손보사,B,SI023,부문별 손익(파생상품)
3938,202509,0010652,뮌헨재보험주식회사 한국지점,A2,파생상품 관련 손실,0,0,외국손보사,B,SI023,부문별 손익(파생상품)
3939,202509,0010652,뮌헨재보험주식회사 한국지점,A21,파생상품 거래 손실,0,0,외국손보사,B,SI023,부문별 손익(파생상품)
3940,202509,0010652,뮌헨재보험주식회사 한국지점,A22,파생상품 평가 손실,0,0,외국손보사,B,SI023,부문별 손익(파생상품)
3941,201703,0011219,미쓰이스미토모해상화재보험(주)한국지점,A,파생상품 관련 손익,0,0,외국손보사,B,SI023,부문별 손익(파생상품)
3942,201703,0011219,미쓰이스미토모해상화재보험(주)한국지점,A1,파생상품 관련 이익,0,0,외국손보사,B,SI023,부문별 손익(파생상품)
3943,201703,0011219,미쓰이스미토모해상화재보험(주)한국지점,A11,파생상품 관련 이익_파생상품 거래 이익,0,0,외국손보사,B,SI023,부문별 손익(파생상품)
3944,201703,0011219,미쓰이스미토모해상화재보험(주)한국지점,A12,파생상품 관련 이익_파생상품 평가 이익,0,0,외국손보사,B,SI023,부문별 손익(파생상품)
3945,201703,0011219,미쓰이스미토모해상화재보험(주)한국지점,A2,파생상품 관련 손실,0,0,외국손보사,B,SI023,부문별 손익(파생상품)
3946,201703,0011219,미쓰이스미토모해상화재보험(주)한국지점,A21,파생상품 관련 손실_파생상품 거래 손실,0,0,외국손보사,B,SI023,부문별 손익(파생상품)
3947,201703,0011219,미쓰이스미토모해상화재보험(주)한국지점,A22,파생상품 평가 손실,0,0,외국손보사,B,SI023,부문별 손익(파생상품)
3948,201706,0011219,미쓰이스미토모해상화재보험(주)한국지점,A,파생상품 관련 손익,0,0,외국손보사,B,SI023,부문별 손익(파생상품)
3949,201706,0011219,미쓰이스미토모해상화재보험(주)한국지점,A1,파생상품 관련 이익,0,0,외국손보사,B,SI023,부문별 손익(파생상품)
3950,201706,0011219,미쓰이스미토모해상화재보험(주)한국지점,A11,파생상품 관련 이익_파생상품 거래 이익,0,0,외국손보사,B,SI023,부문별 손익(파생상품)
3951,201706,0011219,미쓰이스미토모해상화재보험(주)한국지점,A12,파생상품 관련 이익_파생상품 평가 이익,0,0,외국손보사,B,SI023,부문별 손익(파생상품)
3952,201706,0011219,미쓰이스미토모해상화재보험(주)한국지점,A2,파생상품 관련 손실,0,0,외국손보사,B,SI023,부문별 손익(파생상품)
3953,201706,0011219,미쓰이스미토모해상화재보험(주)한국지점,A21,파생상품 관련 손실_파생상품 거래 손실,0,0,외국손보사,B,SI023,부문별 손익(파생상품)
3954,201706,0011219,미쓰이스미토모해상화재보험(주)한국지점,A22,파생상품 평가 손실,0,0,외국손보사,B,SI023,부문별 손익(파생상품)
3955,201709,0011219,미쓰이스미토모해상화재보험(주)한국지점,A,파생상품 관련 손익,0,0,외국손보사,B,SI023,부문별 손익(파생상품)
3956,201709,0011219,미쓰이스미토모해상화재보험(주)한국지점,A1,파생상품 관련 이익,0,0,외국손보사,B,SI023,부문별 손익(파생상품)
3957,201709,0011219,미쓰이스미토모해상화재보험(주)한국지점,A11,파생상품 관련 이익_파생상품 거래 이익,0,0,외국손보사,B,SI023,부문별 손익(파생상품)
3958,201709,0011219,미쓰이스미토모해상화재보험(주)한국지점,A12,파생상품 관련 이익_파생상품 평가 이익,0,0,외국손보사,B,SI023,부문별 손익(파생상품)
3959,201709,0011219,미쓰이스미토모해상화재보험(주)한국지점,A2,파생상품 관련 손실,0,0,외국손보사,B,SI023,부문별 손익(파생상품)
3960,201709,0011219,미쓰이스미토모해상화재보험(주)한국지점,A21,파생상품 관련 손실_파생상품 거래 손실,0,0,외국손보사,B,SI023,부문별 손익(파생상품)
3961,201709,0011219,미쓰이스미토모해상화재보험(주)한국지점,A22,파생상품 평가 손실,0,0,외국손보사,B,SI023,부문별 손익(파생상품)
3962,201712,0011219,미쓰이스미토모해상화재보험(주)한국지점,A,파생상품 관련 손익,0,0,외국손보사,B,SI023,부문별 손익(파생상품)
3963,201712,0011219,미쓰이스미토모해상화재보험(주)한국지점,A1,파생상품 관련 이익,0,0,외국손보사,B,SI023,부문별 손익(파생상품)
3964,201712,0011219,미쓰이스미토모해상화재보험(주)한국지점,A11,파생상품 관련 이익_파생상품 거래 이익,0,0,외국손보사,B,SI023,부문별 손익(파생상품)
3965,201712,0011219,미쓰이스미토모해상화재보험(주)한국지점,A12,파생상품 관련 이익_파생상품 평가 이익,0,0,외국손보사,B,SI023,부문별 손익(파생상품)
3966,201712,0011219,미쓰이스미토모해상화재보험(주)한국지점,A2,파생상품 관련 손실,0,0,외국손보사,B,SI023,부문별 손익(파생상품)
3967,201712,0011219,미쓰이스미토모해상화재보험(주)한국지점,A21,파생상품 관련 손실_파생상품 거래 손실,0,0,외국손보사,B,SI023,부문별 손익(파생상품)
3968,201712,0011219,미쓰이스미토모해상화재보험(주)한국지점,A22,파생상품 평가 손실,0,0,외국손보사,B,SI023,부문별 손익(파생상품)
3969,201803,0011219,미쓰이스미토모해상화재보험(주)한국지점,A,파생상품 관련 손익,0,0,외국손보사,B,SI023,부문별 손익(파생상품)
3970,201803,0011219,미쓰이스미토모해상화재보험(주)한국지점,A1,파생상품 관련 이익,0,0,외국손보사,B,SI023,부문별 손익(파생상품)
3971,201803,0011219,미쓰이스미토모해상화재보험(주)한국지점,A11,파생상품 관련 이익_파생상품 거래 이익,0,0,외국손보사,B,SI023,부문별 손익(파생상품)
3972,201803,0011219,미쓰이스미토모해상화재보험(주)한국지점,A12,파생상품 관련 이익_파생상품 평가 이익,0,0,외국손보사,B,SI023,부문별 손익(파생상품)
3973,201803,0011219,미쓰이스미토모해상화재보험(주)한국지점,A2,파생상품 관련 손실,0,0,외국손보사,B,SI023,부문별 손익(파생상품)
3974,201803,0011219,미쓰이스미토모해상화재보험(주)한국지점,A21,파생상품 관련 손실_파생상품 거래 손실,0,0,외국손보사,B,SI023,부문별 손익(파생상품)
3975,201803,0011219,미쓰이스미토모해상화재보험(주)한국지점,A22,파생상품 평가 손실,0,0,외국손보사,B,SI023,부문별 손익(파생상품)
3976,201806,0011219,미쓰이스미토모해상화재보험(주)한국지점,A,파생상품 관련 손익,0,0,외국손보사,B,SI023,부문별 손익(파생상품)
3977,201806,0011219,미쓰이스미토모해상화재보험(주)한국지점,A1,파생상품 관련 이익,0,0,외국손보사,B,SI023,부문별 손익(파생상품)
3978,201806,0011219,미쓰이스미토모해상화재보험(주)한국지점,A11,파생상품 관련 이익_파생상품 거래 이익,0,0,외국손보사,B,SI023,부문별 손익(파생상품)
3979,201806,0011219,미쓰이스미토모해상화재보험(주)한국지점,A12,파생상품 관련 이익_파생상품 평가 이익,0,0,외국손보사,B,SI023,부문별 손익(파생상품)
3980,201806,0011219,미쓰이스미토모해상화재보험(주)한국지점,A2,파생상품 관련 손실,0,0,외국손보사,B,SI023,부문별 손익(파생상품)
3981,201806,0011219,미쓰이스미토모해상화재보험(주)한국지점,A21,파생상품 관련 손실_파생상품 거래 손실,0,0,외국손보사,B,SI023,부문별 손익(파생상품)
3982,201806,0011219,미쓰이스미토모해상화재보험(주)한국지점,A22,파생상품 평가 손실,0,0,외국손보사,B,SI023,부문별 손익(파생상품)
3983,201809,0011219,미쓰이스미토모해상화재보험(주)한국지점,A,파생상품 관련 손익,0,0,외국손보사,B,SI023,부문별 손익(파생상품)
3984,201809,0011219,미쓰이스미토모해상화재보험(주)한국지점,A1,파생상품 관련 이익,0,0,외국손보사,B,SI023,부문별 손익(파생상품)
3985,201809,0011219,미쓰이스미토모해상화재보험(주)한국지점,A11,파생상품 관련 이익_파생상품 거래 이익,0,0,외국손보사,B,SI023,부문별 손익(파생상품)
3986,201809,0011219,미쓰이스미토모해상화재보험(주)한국지점,A12,파생상품 관련 이익_파생상품 평가 이익,0,0,외국손보사,B,SI023,부문별 손익(파생상품)
3987,201809,0011219,미쓰이스미토모해상화재보험(주)한국지점,A2,파생상품 관련 손실,0,0,외국손보사,B,SI023,부문별 손익(파생상품)
3988,201809,0011219,미쓰이스미토모해상화재보험(주)한국지점,A21,파생상품 관련 손실_파생상품 거래 손실,0,0,외국손보사,B,SI023,부문별 손익(파생상품)
3989,201809,0011219,미쓰이스미토모해상화재보험(주)한국지점,A22,파생상품 평가 손실,0,0,외국손보사,B,SI023,부문별 손익(파생상품)
3990,201812,0011219,미쓰이스미토모해상화재보험(주)한국지점,A,파생상품 관련 손익,0,0,외국손보사,B,SI023,부문별 손익(파생상품)
3991,201812,0011219,미쓰이스미토모해상화재보험(주)한국지점,A1,파생상품 관련 이익,0,0,외국손보사,B,SI023,부문별 손익(파생상품)
3992,201812,0011219,미쓰이스미토모해상화재보험(주)한국지점,A11,파생상품 관련 이익_파생상품 거래 이익,0,0,외국손보사,B,SI023,부문별 손익(파생상품)
3993,201812,0011219,미쓰이스미토모해상화재보험(주)한국지점,A12,파생상품 관련 이익_파생상품 평가 이익,0,0,외국손보사,B,SI023,부문별 손익(파생상품)
3994,201812,0011219,미쓰이스미토모해상화재보험(주)한국지점,A2,파생상품 관련 손실,0,0,외국손보사,B,SI023,부문별 손익(파생상품)
3995,201812,0011219,미쓰이스미토모해상화재보험(주)한국지점,A21,파생상품 관련 손실_파생상품 거래 손실,0,0,외국손보사,B,SI023,부문별 손익(파생상품)
3996,201812,0011219,미쓰이스미토모해상화재보험(주)한국지점,A22,파생상품 평가 손실,0,0,외국손보사,B,SI023,부문별 손익(파생상품)
3997,201903,0011219,미쓰이스미토모해상화재보험(주)한국지점,A,파생상품 관련 손익,0,0,외국손보사,B,SI023,부문별 손익(파생상품)
3998,201903,0011219,미쓰이스미토모해상화재보험(주)한국지점,A1,파생상품 관련 이익,0,0,외국손보사,B,SI023,부문별 손익(파생상품)
3999,201903,0011219,미쓰이스미토모해상화재보험(주)한국지점,A11,파생상품 관련 이익_파생상품 거래 이익,0,0,외국손보사,B,SI023,부문별 손익(파생상품)
4000,201903,0011219,미쓰이스미토모해상화재보험(주)한국지점,A12,파생상품 관련 이익_파생상품 평가 이익,0,0,외국손보사,B,SI023,부문별 손익(파생상품)
4001,201903,0011219,미쓰이스미토모해상화재보험(주)한국지점,A2,파생상품 관련 손실,0,0,외국손보사,B,SI023,부문별 손익(파생상품)
4002,201903,0011219,미쓰이스미토모해상화재보험(주)한국지점,A21,파생상품 관련 손실_파생상품 거래 손실,0,0,외국손보사,B,SI023,부문별 손익(파생상품)
4003,201903,0011219,미쓰이스미토모해상화재보험(주)한국지점,A22,파생상품 평가 손실,0,0,외국손보사,B,SI023,부문별 손익(파생상품)
4004,201906,0011219,미쓰이스미토모해상화재보험(주)한국지점,A,파생상품 관련 손익,0,0,외국손보사,B,SI023,부문별 손익(파생상품)
4005,201906,0011219,미쓰이스미토모해상화재보험(주)한국지점,A1,파생상품 관련 이익,0,0,외국손보사,B,SI023,부문별 손익(파생상품)
4006,201906,0011219,미쓰이스미토모해상화재보험(주)한국지점,A11,파생상품 관련 이익_파생상품 거래 이익,0,0,외국손보사,B,SI023,부문별 손익(파생상품)
4007,201906,0011219,미쓰이스미토모해상화재보험(주)한국지점,A12,파생상품 관련 이익_파생상품 평가 이익,0,0,외국손보사,B,SI023,부문별 손익(파생상품)
4008,201906,0011219,미쓰이스미토모해상화재보험(주)한국지점,A2,파생상품 관련 손실,0,0,외국손보사,B,SI023,부문별 손익(파생상품)
4009,201906,0011219,미쓰이스미토모해상화재보험(주)한국지점,A21,파생상품 관련 손실_파생상품 거래 손실,0,0,외국손보사,B,SI023,부문별 손익(파생상품)
4010,201906,0011219,미쓰이스미토모해상화재보험(주)한국지점,A22,파생상품 평가 손실,0,0,외국손보사,B,SI023,부문별 손익(파생상품)
4011,201909,0011219,미쓰이스미토모해상화재보험(주)한국지점,A,파생상품 관련 손익,0,0,외국손보사,B,SI023,부문별 손익(파생상품)
4012,201909,0011219,미쓰이스미토모해상화재보험(주)한국지점,A1,파생상품 관련 이익,0,0,외국손보사,B,SI023,부문별 손익(파생상품)
4013,201909,0011219,미쓰이스미토모해상화재보험(주)한국지점,A11,파생상품 관련 이익_파생상품 거래 이익,0,0,외국손보사,B,SI023,부문별 손익(파생상품)
4014,201909,0011219,미쓰이스미토모해상화재보험(주)한국지점,A12,파생상품 관련 이익_파생상품 평가 이익,0,0,외국손보사,B,SI023,부문별 손익(파생상품)
4015,201909,0011219,미쓰이스미토모해상화재보험(주)한국지점,A2,파생상품 관련 손실,0,0,외국손보사,B,SI023,부문별 손익(파생상품)
4016,201909,0011219,미쓰이스미토모해상화재보험(주)한국지점,A21,파생상품 관련 손실_파생상품 거래 손실,0,0,외국손보사,B,SI023,부문별 손익(파생상품)
4017,201909,0011219,미쓰이스미토모해상화재보험(주)한국지점,A22,파생상품 평가 손실,0,0,외국손보사,B,SI023,부문별 손익(파생상품)
4018,201912,0011219,미쓰이스미토모해상화재보험(주)한국지점,A,파생상품 관련 손익,0,0,외국손보사,B,SI023,부문별 손익(파생상품)
4019,201912,0011219,미쓰이스미토모해상화재보험(주)한국지점,A1,파생상품 관련 이익,0,0,외국손보사,B,SI023,부문별 손익(파생상품)
4020,201912,0011219,미쓰이스미토모해상화재보험(주)한국지점,A11,파생상품 관련 이익_파생상품 거래 이익,0,0,외국손보사,B,SI023,부문별 손익(파생상품)
4021,201912,0011219,미쓰이스미토모해상화재보험(주)한국지점,A12,파생상품 관련 이익_파생상품 평가 이익,0,0,외국손보사,B,SI023,부문별 손익(파생상품)
4022,201912,0011219,미쓰이스미토모해상화재보험(주)한국지점,A2,파생상품 관련 손실,0,0,외국손보사,B,SI023,부문별 손익(파생상품)
4023,201912,0011219,미쓰이스미토모해상화재보험(주)한국지점,A21,파생상품 관련 손실_파생상품 거래 손실,0,0,외국손보사,B,SI023,부문별 손익(파생상품)
4024,201912,0011219,미쓰이스미토모해상화재보험(주)한국지점,A22,파생상품 평가 손실,0,0,외국손보사,B,SI023,부문별 손익(파생상품)
4025,202003,0011219,미쓰이스미토모해상화재보험(주)한국지점,A,파생상품 관련 손익,0,0,외국손보사,B,SI023,부문별 손익(파생상품)
4026,202003,0011219,미쓰이스미토모해상화재보험(주)한국지점,A1,파생상품 관련 이익,0,0,외국손보사,B,SI023,부문별 손익(파생상품)
4027,202003,0011219,미쓰이스미토모해상화재보험(주)한국지점,A11,파생상품 관련 이익_파생상품 거래 이익,0,0,외국손보사,B,SI023,부문별 손익(파생상품)
4028,202003,0011219,미쓰이스미토모해상화재보험(주)한국지점,A12,파생상품 관련 이익_파생상품 평가 이익,0,0,외국손보사,B,SI023,부문별 손익(파생상품)
4029,202003,0011219,미쓰이스미토모해상화재보험(주)한국지점,A2,파생상품 관련 손실,0,0,외국손보사,B,SI023,부문별 손익(파생상품)
4030,202003,0011219,미쓰이스미토모해상화재보험(주)한국지점,A21,파생상품 관련 손실_파생상품 거래 손실,0,0,외국손보사,B,SI023,부문별 손익(파생상품)
4031,202003,0011219,미쓰이스미토모해상화재보험(주)한국지점,A22,파생상품 평가 손실,0,0,외국손보사,B,SI023,부문별 손익(파생상품)
4032,202006,0011219,미쓰이스미토모해상화재보험(주)한국지점,A,파생상품 관련 손익,0,0,외국손보사,B,SI023,부문별 손익(파생상품)
4033,202006,0011219,미쓰이스미토모해상화재보험(주)한국지점,A1,파생상품 관련 이익,0,0,외국손보사,B,SI023,부문별 손익(파생상품)
4034,202006,0011219,미쓰이스미토모해상화재보험(주)한국지점,A11,파생상품 관련 이익_파생상품 거래 이익,0,0,외국손보사,B,SI023,부문별 손익(파생상품)
4035,202006,0011219,미쓰이스미토모해상화재보험(주)한국지점,A12,파생상품 관련 이익_파생상품 평가 이익,0,0,외국손보사,B,SI023,부문별 손익(파생상품)
4036,202006,0011219,미쓰이스미토모해상화재보험(주)한국지점,A2,파생상품 관련 손실,0,0,외국손보사,B,SI023,부문별 손익(파생상품)
4037,202006,0011219,미쓰이스미토모해상화재보험(주)한국지점,A21,파생상품 관련 손실_파생상품 거래 손실,0,0,외국손보사,B,SI023,부문별 손익(파생상품)
4038,202006,0011219,미쓰이스미토모해상화재보험(주)한국지점,A22,파생상품 평가 손실,0,0,외국손보사,B,SI023,부문별 손익(파생상품)
4039,202009,0011219,미쓰이스미토모해상화재보험(주)한국지점,A,파생상품 관련 손익,0,0,외국손보사,B,SI023,부문별 손익(파생상품)
4040,202009,0011219,미쓰이스미토모해상화재보험(주)한국지점,A1,파생상품 관련 이익,0,0,외국손보사,B,SI023,부문별 손익(파생상품)
4041,202009,0011219,미쓰이스미토모해상화재보험(주)한국지점,A11,파생상품 관련 이익_파생상품 거래 이익,0,0,외국손보사,B,SI023,부문별 손익(파생상품)
4042,202009,0011219,미쓰이스미토모해상화재보험(주)한국지점,A12,파생상품 관련 이익_파생상품 평가 이익,0,0,외국손보사,B,SI023,부문별 손익(파생상품)
4043,202009,0011219,미쓰이스미토모해상화재보험(주)한국지점,A2,파생상품 관련 손실,0,0,외국손보사,B,SI023,부문별 손익(파생상품)
4044,202009,0011219,미쓰이스미토모해상화재보험(주)한국지점,A21,파생상품 관련 손실_파생상품 거래 손실,0,0,외국손보사,B,SI023,부문별 손익(파생상품)
4045,202009,0011219,미쓰이스미토모해상화재보험(주)한국지점,A22,파생상품 평가 손실,0,0,외국손보사,B,SI023,부문별 손익(파생상품)
4046,202012,0011219,미쓰이스미토모해상화재보험(주)한국지점,A,파생상품 관련 손익,0,0,외국손보사,B,SI023,부문별 손익(파생상품)
4047,202012,0011219,미쓰이스미토모해상화재보험(주)한국지점,A1,파생상품 관련 이익,0,0,외국손보사,B,SI023,부문별 손익(파생상품)
4048,202012,0011219,미쓰이스미토모해상화재보험(주)한국지점,A11,파생상품 관련 이익_파생상품 거래 이익,0,0,외국손보사,B,SI023,부문별 손익(파생상품)
4049,202012,0011219,미쓰이스미토모해상화재보험(주)한국지점,A12,파생상품 관련 이익_파생상품 평가 이익,0,0,외국손보사,B,SI023,부문별 손익(파생상품)
4050,202012,0011219,미쓰이스미토모해상화재보험(주)한국지점,A2,파생상품 관련 손실,0,0,외국손보사,B,SI023,부문별 손익(파생상품)
4051,202012,0011219,미쓰이스미토모해상화재보험(주)한국지점,A21,파생상품 관련 손실_파생상품 거래 손실,0,0,외국손보사,B,SI023,부문별 손익(파생상품)
4052,202012,0011219,미쓰이스미토모해상화재보험(주)한국지점,A22,파생상품 평가 손실,0,0,외국손보사,B,SI023,부문별 손익(파생상품)
4053,202103,0011219,미쓰이스미토모해상화재보험(주)한국지점,A,파생상품 관련 손익,0,0,외국손보사,B,SI023,부문별 손익(파생상품)
4054,202103,0011219,미쓰이스미토모해상화재보험(주)한국지점,A1,파생상품 관련 이익,0,0,외국손보사,B,SI023,부문별 손익(파생상품)
4055,202103,0011219,미쓰이스미토모해상화재보험(주)한국지점,A11,파생상품 관련 이익_파생상품 거래 이익,0,0,외국손보사,B,SI023,부문별 손익(파생상품)
4056,202103,0011219,미쓰이스미토모해상화재보험(주)한국지점,A12,파생상품 관련 이익_파생상품 평가 이익,0,0,외국손보사,B,SI023,부문별 손익(파생상품)
4057,202103,0011219,미쓰이스미토모해상화재보험(주)한국지점,A2,파생상품 관련 손실,0,0,외국손보사,B,SI023,부문별 손익(파생상품)
4058,202103,0011219,미쓰이스미토모해상화재보험(주)한국지점,A21,파생상품 관련 손실_파생상품 거래 손실,0,0,외국손보사,B,SI023,부문별 손익(파생상품)
4059,202103,0011219,미쓰이스미토모해상화재보험(주)한국지점,A22,파생상품 평가 손실,0,0,외국손보사,B,SI023,부문별 손익(파생상품)
4060,202106,0011219,미쓰이스미토모해상화재보험(주)한국지점,A,파생상품 관련 손익,0,0,외국손보사,B,SI023,부문별 손익(파생상품)
4061,202106,0011219,미쓰이스미토모해상화재보험(주)한국지점,A1,파생상품 관련 이익,0,0,외국손보사,B,SI023,부문별 손익(파생상품)
4062,202106,0011219,미쓰이스미토모해상화재보험(주)한국지점,A11,파생상품 관련 이익_파생상품 거래 이익,0,0,외국손보사,B,SI023,부문별 손익(파생상품)
4063,202106,0011219,미쓰이스미토모해상화재보험(주)한국지점,A12,파생상품 관련 이익_파생상품 평가 이익,0,0,외국손보사,B,SI023,부문별 손익(파생상품)
4064,202106,0011219,미쓰이스미토모해상화재보험(주)한국지점,A2,파생상품 관련 손실,0,0,외국손보사,B,SI023,부문별 손익(파생상품)
4065,202106,0011219,미쓰이스미토모해상화재보험(주)한국지점,A21,파생상품 관련 손실_파생상품 거래 손실,0,0,외국손보사,B,SI023,부문별 손익(파생상품)
4066,202106,0011219,미쓰이스미토모해상화재보험(주)한국지점,A22,파생상품 평가 손실,0,0,외국손보사,B,SI023,부문별 손익(파생상품)
4067,202109,0011219,미쓰이스미토모해상화재보험(주)한국지점,A,파생상품 관련 손익,0,0,외국손보사,B,SI023,부문별 손익(파생상품)
4068,202109,0011219,미쓰이스미토모해상화재보험(주)한국지점,A1,파생상품 관련 이익,0,0,외국손보사,B,SI023,부문별 손익(파생상품)
4069,202109,0011219,미쓰이스미토모해상화재보험(주)한국지점,A11,파생상품 관련 이익_파생상품 거래 이익,0,0,외국손보사,B,SI023,부문별 손익(파생상품)
4070,202109,0011219,미쓰이스미토모해상화재보험(주)한국지점,A12,파생상품 관련 이익_파생상품 평가 이익,0,0,외국손보사,B,SI023,부문별 손익(파생상품)
4071,202109,0011219,미쓰이스미토모해상화재보험(주)한국지점,A2,파생상품 관련 손실,0,0,외국손보사,B,SI023,부문별 손익(파생상품)
4072,202109,0011219,미쓰이스미토모해상화재보험(주)한국지점,A21,파생상품 관련 손실_파생상품 거래 손실,0,0,외국손보사,B,SI023,부문별 손익(파생상품)
4073,202109,0011219,미쓰이스미토모해상화재보험(주)한국지점,A22,파생상품 평가 손실,0,0,외국손보사,B,SI023,부문별 손익(파생상품)
4074,202112,0011219,미쓰이스미토모해상화재보험(주)한국지점,A,파생상품 관련 손익,0,0,외국손보사,B,SI023,부문별 손익(파생상품)
4075,202112,0011219,미쓰이스미토모해상화재보험(주)한국지점,A1,파생상품 관련 이익,0,0,외국손보사,B,SI023,부문별 손익(파생상품)
4076,202112,0011219,미쓰이스미토모해상화재보험(주)한국지점,A11,파생상품 관련 이익_파생상품 거래 이익,0,0,외국손보사,B,SI023,부문별 손익(파생상품)
4077,202112,0011219,미쓰이스미토모해상화재보험(주)한국지점,A12,파생상품 관련 이익_파생상품 평가 이익,0,0,외국손보사,B,SI023,부문별 손익(파생상품)
4078,202112,0011219,미쓰이스미토모해상화재보험(주)한국지점,A2,파생상품 관련 손실,0,0,외국손보사,B,SI023,부문별 손익(파생상품)
4079,202112,0011219,미쓰이스미토모해상화재보험(주)한국지점,A21,파생상품 관련 손실_파생상품 거래 손실,0,0,외국손보사,B,SI023,부문별 손익(파생상품)
4080,202112,0011219,미쓰이스미토모해상화재보험(주)한국지점,A22,파생상품 평가 손실,0,0,외국손보사,B,SI023,부문별 손익(파생상품)
4081,202203,0011219,미쓰이스미토모해상화재보험(주)한국지점,A,파생상품 관련 손익,0,0,외국손보사,B,SI023,부문별 손익(파생상품)
4082,202203,0011219,미쓰이스미토모해상화재보험(주)한국지점,A1,파생상품 관련 이익,0,0,외국손보사,B,SI023,부문별 손익(파생상품)
4083,202203,0011219,미쓰이스미토모해상화재보험(주)한국지점,A11,파생상품 관련 이익_파생상품 거래 이익,0,0,외국손보사,B,SI023,부문별 손익(파생상품)
4084,202203,0011219,미쓰이스미토모해상화재보험(주)한국지점,A12,파생상품 관련 이익_파생상품 평가 이익,0,0,외국손보사,B,SI023,부문별 손익(파생상품)
4085,202203,0011219,미쓰이스미토모해상화재보험(주)한국지점,A2,파생상품 관련 손실,0,0,외국손보사,B,SI023,부문별 손익(파생상품)
4086,202203,0011219,미쓰이스미토모해상화재보험(주)한국지점,A21,파생상품 관련 손실_파생상품 거래 손실,0,0,외국손보사,B,SI023,부문별 손익(파생상품)
4087,202203,0011219,미쓰이스미토모해상화재보험(주)한국지점,A22,파생상품 평가 손실,0,0,외국손보사,B,SI023,부문별 손익(파생상품)
4088,202206,0011219,미쓰이스미토모해상화재보험(주)한국지점,A,파생상품 관련 손익,0,0,외국손보사,B,SI023,부문별 손익(파생상품)
4089,202206,0011219,미쓰이스미토모해상화재보험(주)한국지점,A1,파생상품 관련 이익,0,0,외국손보사,B,SI023,부문별 손익(파생상품)
4090,202206,0011219,미쓰이스미토모해상화재보험(주)한국지점,A11,파생상품 관련 이익_파생상품 거래 이익,0,0,외국손보사,B,SI023,부문별 손익(파생상품)
4091,202206,0011219,미쓰이스미토모해상화재보험(주)한국지점,A12,파생상품 관련 이익_파생상품 평가 이익,0,0,외국손보사,B,SI023,부문별 손익(파생상품)
4092,202206,0011219,미쓰이스미토모해상화재보험(주)한국지점,A2,파생상품 관련 손실,0,0,외국손보사,B,SI023,부문별 손익(파생상품)
4093,202206,0011219,미쓰이스미토모해상화재보험(주)한국지점,A21,파생상품 관련 손실_파생상품 거래 손실,0,0,외국손보사,B,SI023,부문별 손익(파생상품)
4094,202206,0011219,미쓰이스미토모해상화재보험(주)한국지점,A22,파생상품 평가 손실,0,0,외국손보사,B,SI023,부문별 손익(파생상품)
4095,202209,0011219,미쓰이스미토모해상화재보험(주)한국지점,A,파생상품 관련 손익,0,0,외국손보사,B,SI023,부문별 손익(파생상품)
4096,202209,0011219,미쓰이스미토모해상화재보험(주)한국지점,A1,파생상품 관련 이익,0,0,외국손보사,B,SI023,부문별 손익(파생상품)
4097,202209,0011219,미쓰이스미토모해상화재보험(주)한국지점,A11,파생상품 관련 이익_파생상품 거래 이익,0,0,외국손보사,B,SI023,부문별 손익(파생상품)
4098,202209,0011219,미쓰이스미토모해상화재보험(주)한국지점,A12,파생상품 관련 이익_파생상품 평가 이익,0,0,외국손보사,B,SI023,부문별 손익(파생상품)
4099,202209,0011219,미쓰이스미토모해상화재보험(주)한국지점,A2,파생상품 관련 손실,0,0,외국손보사,B,SI023,부문별 손익(파생상품)
4100,202209,0011219,미쓰이스미토모해상화재보험(주)한국지점,A21,파생상품 관련 손실_파생상품 거래 손실,0,0,외국손보사,B,SI023,부문별 손익(파생상품)
4101,202209,0011219,미쓰이스미토모해상화재보험(주)한국지점,A22,파생상품 평가 손실,0,0,외국손보사,B,SI023,부문별 손익(파생상품)
4102,202212,0011219,미쓰이스미토모해상화재보험(주)한국지점,A,파생상품 관련 손익,0,0,외국손보사,B,SI023,부문별 손익(파생상품)
4103,202212,0011219,미쓰이스미토모해상화재보험(주)한국지점,A1,파생상품 관련 이익,0,0,외국손보사,B,SI023,부문별 손익(파생상품)
4104,202212,0011219,미쓰이스미토모해상화재보험(주)한국지점,A11,파생상품 관련 이익_파생상품 거래 이익,0,0,외국손보사,B,SI023,부문별 손익(파생상품)
4105,202212,0011219,미쓰이스미토모해상화재보험(주)한국지점,A12,파생상품 관련 이익_파생상품 평가 이익,0,0,외국손보사,B,SI023,부문별 손익(파생상품)
4106,202212,0011219,미쓰이스미토모해상화재보험(주)한국지점,A2,파생상품 관련 손실,0,0,외국손보사,B,SI023,부문별 손익(파생상품)
4107,202212,0011219,미쓰이스미토모해상화재보험(주)한국지점,A21,파생상품 관련 손실_파생상품 거래 손실,0,0,외국손보사,B,SI023,부문별 손익(파생상품)
4108,202212,0011219,미쓰이스미토모해상화재보험(주)한국지점,A22,파생상품 평가 손실,0,0,외국손보사,B,SI023,부문별 손익(파생상품)
4109,202303,0011219,미쓰이스미토모해상화재보험(주)한국지점,A,파생상품 관련 손익,0,0,외국손보사,B,SI023,부문별 손익(파생상품)
4110,202303,0011219,미쓰이스미토모해상화재보험(주)한국지점,A1,파생상품 관련 손익_파생상품 관련 이익,0,0,외국손보사,B,SI023,부문별 손익(파생상품)
4111,202303,0011219,미쓰이스미토모해상화재보험(주)한국지점,A11,파생상품 거래 이익,0,0,외국손보사,B,SI023,부문별 손익(파생상품)
4112,202303,0011219,미쓰이스미토모해상화재보험(주)한국지점,A12,파생상품 평가 이익,0,0,외국손보사,B,SI023,부문별 손익(파생상품)
4113,202303,0011219,미쓰이스미토모해상화재보험(주)한국지점,A2,파생상품 관련 손실,0,0,외국손보사,B,SI023,부문별 손익(파생상품)
4114,202303,0011219,미쓰이스미토모해상화재보험(주)한국지점,A21,파생상품 거래 손실,0,0,외국손보사,B,SI023,부문별 손익(파생상품)
4115,202303,0011219,미쓰이스미토모해상화재보험(주)한국지점,A22,파생상품 평가 손실,0,0,외국손보사,B,SI023,부문별 손익(파생상품)
4116,202306,0011219,미쓰이스미토모해상화재보험(주)한국지점,A,파생상품 관련 손익,0,0,외국손보사,B,SI023,부문별 손익(파생상품)
4117,202306,0011219,미쓰이스미토모해상화재보험(주)한국지점,A1,파생상품 관련 손익_파생상품 관련 이익,0,0,외국손보사,B,SI023,부문별 손익(파생상품)
4118,202306,0011219,미쓰이스미토모해상화재보험(주)한국지점,A11,파생상품 거래 이익,0,0,외국손보사,B,SI023,부문별 손익(파생상품)
4119,202306,0011219,미쓰이스미토모해상화재보험(주)한국지점,A12,파생상품 평가 이익,0,0,외국손보사,B,SI023,부문별 손익(파생상품)
4120,202306,0011219,미쓰이스미토모해상화재보험(주)한국지점,A2,파생상품 관련 손실,0,0,외국손보사,B,SI023,부문별 손익(파생상품)
4121,202306,0011219,미쓰이스미토모해상화재보험(주)한국지점,A21,파생상품 거래 손실,0,0,외국손보사,B,SI023,부문별 손익(파생상품)
4122,202306,0011219,미쓰이스미토모해상화재보험(주)한국지점,A22,파생상품 평가 손실,0,0,외국손보사,B,SI023,부문별 손익(파생상품)
4123,202309,0011219,미쓰이스미토모해상화재보험(주)한국지점,A,파생상품 관련 손익,0,0,외국손보사,B,SI023,부문별 손익(파생상품)
4124,202309,0011219,미쓰이스미토모해상화재보험(주)한국지점,A1,파생상품 관련 손익_파생상품 관련 이익,0,0,외국손보사,B,SI023,부문별 손익(파생상품)
4125,202309,0011219,미쓰이스미토모해상화재보험(주)한국지점,A11,파생상품 거래 이익,0,0,외국손보사,B,SI023,부문별 손익(파생상품)
4126,202309,0011219,미쓰이스미토모해상화재보험(주)한국지점,A12,파생상품 평가 이익,0,0,외국손보사,B,SI023,부문별 손익(파생상품)
4127,202309,0011219,미쓰이스미토모해상화재보험(주)한국지점,A2,파생상품 관련 손실,0,0,외국손보사,B,SI023,부문별 손익(파생상품)
4128,202309,0011219,미쓰이스미토모해상화재보험(주)한국지점,A21,파생상품 거래 손실,0,0,외국손보사,B,SI023,부문별 손익(파생상품)
4129,202309,0011219,미쓰이스미토모해상화재보험(주)한국지점,A22,파생상품 평가 손실,0,0,외국손보사,B,SI023,부문별 손익(파생상품)
4130,202312,0011219,미쓰이스미토모해상화재보험(주)한국지점,A,파생상품 관련 손익,0,0,외국손보사,B,SI023,부문별 손익(파생상품)
4131,202312,0011219,미쓰이스미토모해상화재보험(주)한국지점,A1,파생상품 관련 손익_파생상품 관련 이익,0,0,외국손보사,B,SI023,부문별 손익(파생상품)
4132,202312,0011219,미쓰이스미토모해상화재보험(주)한국지점,A11,파생상품 거래 이익,0,0,외국손보사,B,SI023,부문별 손익(파생상품)
4133,202312,0011219,미쓰이스미토모해상화재보험(주)한국지점,A12,파생상품 평가 이익,0,0,외국손보사,B,SI023,부문별 손익(파생상품)
4134,202312,0011219,미쓰이스미토모해상화재보험(주)한국지점,A2,파생상품 관련 손실,0,0,외국손보사,B,SI023,부문별 손익(파생상품)
4135,202312,0011219,미쓰이스미토모해상화재보험(주)한국지점,A21,파생상품 거래 손실,0,0,외국손보사,B,SI023,부문별 손익(파생상품)
4136,202312,0011219,미쓰이스미토모해상화재보험(주)한국지점,A22,파생상품 평가 손실,0,0,외국손보사,B,SI023,부문별 손익(파생상품)
4137,202403,0011219,미쓰이스미토모해상화재보험(주)한국지점,A,파생상품 관련 손익,0,0,외국손보사,B,SI023,부문별 손익(파생상품)
4138,202403,0011219,미쓰이스미토모해상화재보험(주)한국지점,A1,파생상품 관련 손익_파생상품 관련 이익,0,0,외국손보사,B,SI023,부문별 손익(파생상품)
4139,202403,0011219,미쓰이스미토모해상화재보험(주)한국지점,A11,파생상품 거래 이익,0,0,외국손보사,B,SI023,부문별 손익(파생상품)
4140,202403,0011219,미쓰이스미토모해상화재보험(주)한국지점,A12,파생상품 평가 이익,0,0,외국손보사,B,SI023,부문별 손익(파생상품)
4141,202403,0011219,미쓰이스미토모해상화재보험(주)한국지점,A2,파생상품 관련 손실,0,0,외국손보사,B,SI023,부문별 손익(파생상품)
4142,202403,0011219,미쓰이스미토모해상화재보험(주)한국지점,A21,파생상품 거래 손실,0,0,외국손보사,B,SI023,부문별 손익(파생상품)
4143,202403,0011219,미쓰이스미토모해상화재보험(주)한국지점,A22,파생상품 평가 손실,0,0,외국손보사,B,SI023,부문별 손익(파생상품)
4144,202406,0011219,미쓰이스미토모해상화재보험(주)한국지점,A,파생상품 관련 손익,0,0,외국손보사,B,SI023,부문별 손익(파생상품)
4145,202406,0011219,미쓰이스미토모해상화재보험(주)한국지점,A1,파생상품 관련 손익_파생상품 관련 이익,0,0,외국손보사,B,SI023,부문별 손익(파생상품)
4146,202406,0011219,미쓰이스미토모해상화재보험(주)한국지점,A11,파생상품 거래 이익,0,0,외국손보사,B,SI023,부문별 손익(파생상품)
4147,202406,0011219,미쓰이스미토모해상화재보험(주)한국지점,A12,파생상품 평가 이익,0,0,외국손보사,B,SI023,부문별 손익(파생상품)
4148,202406,0011219,미쓰이스미토모해상화재보험(주)한국지점,A2,파생상품 관련 손실,0,0,외국손보사,B,SI023,부문별 손익(파생상품)
4149,202406,0011219,미쓰이스미토모해상화재보험(주)한국지점,A21,파생상품 거래 손실,0,0,외국손보사,B,SI023,부문별 손익(파생상품)
4150,202406,0011219,미쓰이스미토모해상화재보험(주)한국지점,A22,파생상품 평가 손실,0,0,외국손보사,B,SI023,부문별 손익(파생상품)
4151,202409,0011219,미쓰이스미토모해상화재보험(주)한국지점,A,파생상품 관련 손익,0,0,외국손보사,B,SI023,부문별 손익(파생상품)
4152,202409,0011219,미쓰이스미토모해상화재보험(주)한국지점,A1,파생상품 관련 손익_파생상품 관련 이익,0,0,외국손보사,B,SI023,부문별 손익(파생상품)
4153,202409,0011219,미쓰이스미토모해상화재보험(주)한국지점,A11,파생상품 거래 이익,0,0,외국손보사,B,SI023,부문별 손익(파생상품)
4154,202409,0011219,미쓰이스미토모해상화재보험(주)한국지점,A12,파생상품 평가 이익,0,0,외국손보사,B,SI023,부문별 손익(파생상품)
4155,202409,0011219,미쓰이스미토모해상화재보험(주)한국지점,A2,파생상품 관련 손실,0,0,외국손보사,B,SI023,부문별 손익(파생상품)
4156,202409,0011219,미쓰이스미토모해상화재보험(주)한국지점,A21,파생상품 거래 손실,0,0,외국손보사,B,SI023,부문별 손익(파생상품)
4157,202409,0011219,미쓰이스미토모해상화재보험(주)한국지점,A22,파생상품 평가 손실,0,0,외국손보사,B,SI023,부문별 손익(파생상품)
4158,202412,0011219,미쓰이스미토모해상화재보험(주)한국지점,A,파생상품 관련 손익,0,0,외국손보사,B,SI023,부문별 손익(파생상품)
4159,202412,0011219,미쓰이스미토모해상화재보험(주)한국지점,A1,파생상품 관련 손익_파생상품 관련 이익,0,0,외국손보사,B,SI023,부문별 손익(파생상품)
4160,202412,0011219,미쓰이스미토모해상화재보험(주)한국지점,A11,파생상품 거래 이익,0,0,외국손보사,B,SI023,부문별 손익(파생상품)
4161,202412,0011219,미쓰이스미토모해상화재보험(주)한국지점,A12,파생상품 평가 이익,0,0,외국손보사,B,SI023,부문별 손익(파생상품)
4162,202412,0011219,미쓰이스미토모해상화재보험(주)한국지점,A2,파생상품 관련 손실,0,0,외국손보사,B,SI023,부문별 손익(파생상품)
4163,202412,0011219,미쓰이스미토모해상화재보험(주)한국지점,A21,파생상품 거래 손실,0,0,외국손보사,B,SI023,부문별 손익(파생상품)
4164,202412,0011219,미쓰이스미토모해상화재보험(주)한국지점,A22,파생상품 평가 손실,0,0,외국손보사,B,SI023,부문별 손익(파생상품)
4165,202503,0011219,미쓰이스미토모해상화재보험(주)한국지점,A,파생상품 관련 손익,0,0,외국손보사,B,SI023,부문별 손익(파생상품)
4166,202503,0011219,미쓰이스미토모해상화재보험(주)한국지점,A1,파생상품 관련 손익_파생상품 관련 이익,0,0,외국손보사,B,SI023,부문별 손익(파생상품)
4167,202503,0011219,미쓰이스미토모해상화재보험(주)한국지점,A11,파생상품 거래 이익,0,0,외국손보사,B,SI023,부문별 손익(파생상품)
4168,202503,0011219,미쓰이스미토모해상화재보험(주)한국지점,A12,파생상품 평가 이익,0,0,외국손보사,B,SI023,부문별 손익(파생상품)
4169,202503,0011219,미쓰이스미토모해상화재보험(주)한국지점,A2,파생상품 관련 손실,0,0,외국손보사,B,SI023,부문별 손익(파생상품)
4170,202503,0011219,미쓰이스미토모해상화재보험(주)한국지점,A21,파생상품 거래 손실,0,0,외국손보사,B,SI023,부문별 손익(파생상품)
4171,202503,0011219,미쓰이스미토모해상화재보험(주)한국지점,A22,파생상품 평가 손실,0,0,외국손보사,B,SI023,부문별 손익(파생상품)
4172,202506,0011219,미쓰이스미토모해상화재보험(주)한국지점,A,파생상품 관련 손익,0,0,외국손보사,B,SI023,부문별 손익(파생상품)
4173,202506,0011219,미쓰이스미토모해상화재보험(주)한국지점,A1,파생상품 관련 손익_파생상품 관련 이익,0,0,외국손보사,B,SI023,부문별 손익(파생상품)
4174,202506,0011219,미쓰이스미토모해상화재보험(주)한국지점,A11,파생상품 거래 이익,0,0,외국손보사,B,SI023,부문별 손익(파생상품)
4175,202506,0011219,미쓰이스미토모해상화재보험(주)한국지점,A12,파생상품 평가 이익,0,0,외국손보사,B,SI023,부문별 손익(파생상품)
4176,202506,0011219,미쓰이스미토모해상화재보험(주)한국지점,A2,파생상품 관련 손실,0,0,외국손보사,B,SI023,부문별 손익(파생상품)
4177,202506,0011219,미쓰이스미토모해상화재보험(주)한국지점,A21,파생상품 거래 손실,0,0,외국손보사,B,SI023,부문별 손익(파생상품)
4178,202506,0011219,미쓰이스미토모해상화재보험(주)한국지점,A22,파생상품 평가 손실,0,0,외국손보사,B,SI023,부문별 손익(파생상품)
4179,202509,0011219,미쓰이스미토모해상화재보험(주)한국지점,A,파생상품 관련 손익,0,0,외국손보사,B,SI023,부문별 손익(파생상품)
4180,202509,0011219,미쓰이스미토모해상화재보험(주)한국지점,A1,파생상품 관련 손익_파생상품 관련 이익,0,0,외국손보사,B,SI023,부문별 손익(파생상품)
4181,202509,0011219,미쓰이스미토모해상화재보험(주)한국지점,A11,파생상품 거래 이익,0,0,외국손보사,B,SI023,부문별 손익(파생상품)
4182,202509,0011219,미쓰이스미토모해상화재보험(주)한국지점,A12,파생상품 평가 이익,0,0,외국손보사,B,SI023,부문별 손익(파생상품)
4183,202509,0011219,미쓰이스미토모해상화재보험(주)한국지점,A2,파생상품 관련 손실,0,0,외국손보사,B,SI023,부문별 손익(파생상품)
4184,202509,0011219,미쓰이스미토모해상화재보험(주)한국지점,A21,파생상품 거래 손실,0,0,외국손보사,B,SI023,부문별 손익(파생상품)
4185,202509,0011219,미쓰이스미토모해상화재보험(주)한국지점,A22,파생상품 평가 손실,0,0,외국손보사,B,SI023,부문별 손익(파생상품)
4186,201903,0016602,스위스리 아시아 피티이 엘티디 한국지점,A,파생상품 관련 손익,0,0,외국손보사,B,SI023,부문별 손익(파생상품)
4187,201903,0016602,스위스리 아시아 피티이 엘티디 한국지점,A1,파생상품 관련 이익,0,0,외국손보사,B,SI023,부문별 손익(파생상품)
4188,201903,0016602,스위스리 아시아 피티이 엘티디 한국지점,A11,파생상품 관련 이익_파생상품 거래 이익,0,0,외국손보사,B,SI023,부문별 손익(파생상품)
4189,201903,0016602,스위스리 아시아 피티이 엘티디 한국지점,A12,파생상품 관련 이익_파생상품 평가 이익,0,0,외국손보사,B,SI023,부문별 손익(파생상품)
4190,201903,0016602,스위스리 아시아 피티이 엘티디 한국지점,A2,파생상품 관련 손실,0,0,외국손보사,B,SI023,부문별 손익(파생상품)
4191,201903,0016602,스위스리 아시아 피티이 엘티디 한국지점,A21,파생상품 관련 손실_파생상품 거래 손실,0,0,외국손보사,B,SI023,부문별 손익(파생상품)
4192,201903,0016602,스위스리 아시아 피티이 엘티디 한국지점,A22,파생상품 평가 손실,0,0,외국손보사,B,SI023,부문별 손익(파생상품)
4193,201906,0016602,스위스리 아시아 피티이 엘티디 한국지점,A,파생상품 관련 손익,0,0,외국손보사,B,SI023,부문별 손익(파생상품)
4194,201906,0016602,스위스리 아시아 피티이 엘티디 한국지점,A1,파생상품 관련 이익,0,0,외국손보사,B,SI023,부문별 손익(파생상품)
4195,201906,0016602,스위스리 아시아 피티이 엘티디 한국지점,A11,파생상품 관련 이익_파생상품 거래 이익,0,0,외국손보사,B,SI023,부문별 손익(파생상품)
4196,201906,0016602,스위스리 아시아 피티이 엘티디 한국지점,A12,파생상품 관련 이익_파생상품 평가 이익,0,0,외국손보사,B,SI023,부문별 손익(파생상품)
4197,201906,0016602,스위스리 아시아 피티이 엘티디 한국지점,A2,파생상품 관련 손실,0,0,외국손보사,B,SI023,부문별 손익(파생상품)
4198,201906,0016602,스위스리 아시아 피티이 엘티디 한국지점,A21,파생상품 관련 손실_파생상품 거래 손실,0,0,외국손보사,B,SI023,부문별 손익(파생상품)
4199,201906,0016602,스위스리 아시아 피티이 엘티디 한국지점,A22,파생상품 평가 손실,0,0,외국손보사,B,SI023,부문별 손익(파생상품)
4200,201909,0016602,스위스리 아시아 피티이 엘티디 한국지점,A,파생상품 관련 손익,0,0,외국손보사,B,SI023,부문별 손익(파생상품)
4201,201909,0016602,스위스리 아시아 피티이 엘티디 한국지점,A1,파생상품 관련 이익,0,0,외국손보사,B,SI023,부문별 손익(파생상품)
4202,201909,0016602,스위스리 아시아 피티이 엘티디 한국지점,A11,파생상품 관련 이익_파생상품 거래 이익,0,0,외국손보사,B,SI023,부문별 손익(파생상품)
4203,201909,0016602,스위스리 아시아 피티이 엘티디 한국지점,A12,파생상품 관련 이익_파생상품 평가 이익,0,0,외국손보사,B,SI023,부문별 손익(파생상품)
4204,201909,0016602,스위스리 아시아 피티이 엘티디 한국지점,A2,파생상품 관련 손실,0,0,외국손보사,B,SI023,부문별 손익(파생상품)
4205,201909,0016602,스위스리 아시아 피티이 엘티디 한국지점,A21,파생상품 관련 손실_파생상품 거래 손실,0,0,외국손보사,B,SI023,부문별 손익(파생상품)
4206,201909,0016602,스위스리 아시아 피티이 엘티디 한국지점,A22,파생상품 평가 손실,0,0,외국손보사,B,SI023,부문별 손익(파생상품)
4207,201912,0016602,스위스리 아시아 피티이 엘티디 한국지점,A,파생상품 관련 손익,0,0,외국손보사,B,SI023,부문별 손익(파생상품)
4208,201912,0016602,스위스리 아시아 피티이 엘티디 한국지점,A1,파생상품 관련 이익,0,0,외국손보사,B,SI023,부문별 손익(파생상품)
4209,201912,0016602,스위스리 아시아 피티이 엘티디 한국지점,A11,파생상품 관련 이익_파생상품 거래 이익,0,0,외국손보사,B,SI023,부문별 손익(파생상품)
4210,201912,0016602,스위스리 아시아 피티이 엘티디 한국지점,A12,파생상품 관련 이익_파생상품 평가 이익,0,0,외국손보사,B,SI023,부문별 손익(파생상품)
4211,201912,0016602,스위스리 아시아 피티이 엘티디 한국지점,A2,파생상품 관련 손실,0,0,외국손보사,B,SI023,부문별 손익(파생상품)
4212,201912,0016602,스위스리 아시아 피티이 엘티디 한국지점,A21,파생상품 관련 손실_파생상품 거래 손실,0,0,외국손보사,B,SI023,부문별 손익(파생상품)
4213,201912,0016602,스위스리 아시아 피티이 엘티디 한국지점,A22,파생상품 평가 손실,0,0,외국손보사,B,SI023,부문별 손익(파생상품)
4214,202003,0016602,스위스리 아시아 피티이 엘티디 한국지점,A,파생상품 관련 손익,0,0,외국손보사,B,SI023,부문별 손익(파생상품)
4215,202003,0016602,스위스리 아시아 피티이 엘티디 한국지점,A1,파생상품 관련 이익,0,0,외국손보사,B,SI023,부문별 손익(파생상품)
4216,202003,0016602,스위스리 아시아 피티이 엘티디 한국지점,A11,파생상품 관련 이익_파생상품 거래 이익,0,0,외국손보사,B,SI023,부문별 손익(파생상품)
4217,202003,0016602,스위스리 아시아 피티이 엘티디 한국지점,A12,파생상품 관련 이익_파생상품 평가 이익,0,0,외국손보사,B,SI023,부문별 손익(파생상품)
4218,202003,0016602,스위스리 아시아 피티이 엘티디 한국지점,A2,파생상품 관련 손실,0,0,외국손보사,B,SI023,부문별 손익(파생상품)
4219,202003,0016602,스위스리 아시아 피티이 엘티디 한국지점,A21,파생상품 관련 손실_파생상품 거래 손실,0,0,외국손보사,B,SI023,부문별 손익(파생상품)
4220,202003,0016602,스위스리 아시아 피티이 엘티디 한국지점,A22,파생상품 평가 손실,0,0,외국손보사,B,SI023,부문별 손익(파생상품)
4221,202006,0016602,스위스리 아시아 피티이 엘티디 한국지점,A,파생상품 관련 손익,0,0,외국손보사,B,SI023,부문별 손익(파생상품)
4222,202006,0016602,스위스리 아시아 피티이 엘티디 한국지점,A1,파생상품 관련 이익,0,0,외국손보사,B,SI023,부문별 손익(파생상품)
4223,202006,0016602,스위스리 아시아 피티이 엘티디 한국지점,A11,파생상품 관련 이익_파생상품 거래 이익,0,0,외국손보사,B,SI023,부문별 손익(파생상품)
4224,202006,0016602,스위스리 아시아 피티이 엘티디 한국지점,A12,파생상품 관련 이익_파생상품 평가 이익,0,0,외국손보사,B,SI023,부문별 손익(파생상품)
4225,202006,0016602,스위스리 아시아 피티이 엘티디 한국지점,A2,파생상품 관련 손실,0,0,외국손보사,B,SI023,부문별 손익(파생상품)
4226,202006,0016602,스위스리 아시아 피티이 엘티디 한국지점,A21,파생상품 관련 손실_파생상품 거래 손실,0,0,외국손보사,B,SI023,부문별 손익(파생상품)
4227,202006,0016602,스위스리 아시아 피티이 엘티디 한국지점,A22,파생상품 평가 손실,0,0,외국손보사,B,SI023,부문별 손익(파생상품)
4228,202009,0016602,스위스리 아시아 피티이 엘티디 한국지점,A,파생상품 관련 손익,0,0,외국손보사,B,SI023,부문별 손익(파생상품)
4229,202009,0016602,스위스리 아시아 피티이 엘티디 한국지점,A1,파생상품 관련 이익,0,0,외국손보사,B,SI023,부문별 손익(파생상품)
4230,202009,0016602,스위스리 아시아 피티이 엘티디 한국지점,A11,파생상품 관련 이익_파생상품 거래 이익,0,0,외국손보사,B,SI023,부문별 손익(파생상품)
4231,202009,0016602,스위스리 아시아 피티이 엘티디 한국지점,A12,파생상품 관련 이익_파생상품 평가 이익,0,0,외국손보사,B,SI023,부문별 손익(파생상품)
4232,202009,0016602,스위스리 아시아 피티이 엘티디 한국지점,A2,파생상품 관련 손실,0,0,외국손보사,B,SI023,부문별 손익(파생상품)
4233,202009,0016602,스위스리 아시아 피티이 엘티디 한국지점,A21,파생상품 관련 손실_파생상품 거래 손실,0,0,외국손보사,B,SI023,부문별 손익(파생상품)
4234,202009,0016602,스위스리 아시아 피티이 엘티디 한국지점,A22,파생상품 평가 손실,0,0,외국손보사,B,SI023,부문별 손익(파생상품)
4235,202012,0016602,스위스리 아시아 피티이 엘티디 한국지점,A,파생상품 관련 손익,0,0,외국손보사,B,SI023,부문별 손익(파생상품)
4236,202012,0016602,스위스리 아시아 피티이 엘티디 한국지점,A1,파생상품 관련 이익,0,0,외국손보사,B,SI023,부문별 손익(파생상품)
4237,202012,0016602,스위스리 아시아 피티이 엘티디 한국지점,A11,파생상품 관련 이익_파생상품 거래 이익,0,0,외국손보사,B,SI023,부문별 손익(파생상품)
4238,202012,0016602,스위스리 아시아 피티이 엘티디 한국지점,A12,파생상품 관련 이익_파생상품 평가 이익,0,0,외국손보사,B,SI023,부문별 손익(파생상품)
4239,202012,0016602,스위스리 아시아 피티이 엘티디 한국지점,A2,파생상품 관련 손실,0,0,외국손보사,B,SI023,부문별 손익(파생상품)
4240,202012,0016602,스위스리 아시아 피티이 엘티디 한국지점,A21,파생상품 관련 손실_파생상품 거래 손실,0,0,외국손보사,B,SI023,부문별 손익(파생상품)
4241,202012,0016602,스위스리 아시아 피티이 엘티디 한국지점,A22,파생상품 평가 손실,0,0,외국손보사,B,SI023,부문별 손익(파생상품)
4242,202103,0016602,스위스리 아시아 피티이 엘티디 한국지점,A,파생상품 관련 손익,0,0,외국손보사,B,SI023,부문별 손익(파생상품)
4243,202103,0016602,스위스리 아시아 피티이 엘티디 한국지점,A1,파생상품 관련 이익,0,0,외국손보사,B,SI023,부문별 손익(파생상품)
4244,202103,0016602,스위스리 아시아 피티이 엘티디 한국지점,A11,파생상품 관련 이익_파생상품 거래 이익,0,0,외국손보사,B,SI023,부문별 손익(파생상품)
4245,202103,0016602,스위스리 아시아 피티이 엘티디 한국지점,A12,파생상품 관련 이익_파생상품 평가 이익,0,0,외국손보사,B,SI023,부문별 손익(파생상품)
4246,202103,0016602,스위스리 아시아 피티이 엘티디 한국지점,A2,파생상품 관련 손실,0,0,외국손보사,B,SI023,부문별 손익(파생상품)
4247,202103,0016602,스위스리 아시아 피티이 엘티디 한국지점,A21,파생상품 관련 손실_파생상품 거래 손실,0,0,외국손보사,B,SI023,부문별 손익(파생상품)
4248,202103,0016602,스위스리 아시아 피티이 엘티디 한국지점,A22,파생상품 평가 손실,0,0,외국손보사,B,SI023,부문별 손익(파생상품)
4249,202106,0016602,스위스리 아시아 피티이 엘티디 한국지점,A,파생상품 관련 손익,0,0,외국손보사,B,SI023,부문별 손익(파생상품)
4250,202106,0016602,스위스리 아시아 피티이 엘티디 한국지점,A1,파생상품 관련 이익,0,0,외국손보사,B,SI023,부문별 손익(파생상품)
4251,202106,0016602,스위스리 아시아 피티이 엘티디 한국지점,A11,파생상품 관련 이익_파생상품 거래 이익,0,0,외국손보사,B,SI023,부문별 손익(파생상품)
4252,202106,0016602,스위스리 아시아 피티이 엘티디 한국지점,A12,파생상품 관련 이익_파생상품 평가 이익,0,0,외국손보사,B,SI023,부문별 손익(파생상품)
4253,202106,0016602,스위스리 아시아 피티이 엘티디 한국지점,A2,파생상품 관련 손실,0,0,외국손보사,B,SI023,부문별 손익(파생상품)
4254,202106,0016602,스위스리 아시아 피티이 엘티디 한국지점,A21,파생상품 관련 손실_파생상품 거래 손실,0,0,외국손보사,B,SI023,부문별 손익(파생상품)
4255,202106,0016602,스위스리 아시아 피티이 엘티디 한국지점,A22,파생상품 평가 손실,0,0,외국손보사,B,SI023,부문별 손익(파생상품)
4256,202109,0016602,스위스리 아시아 피티이 엘티디 한국지점,A,파생상품 관련 손익,0,0,외국손보사,B,SI023,부문별 손익(파생상품)
4257,202109,0016602,스위스리 아시아 피티이 엘티디 한국지점,A1,파생상품 관련 이익,0,0,외국손보사,B,SI023,부문별 손익(파생상품)
4258,202109,0016602,스위스리 아시아 피티이 엘티디 한국지점,A11,파생상품 관련 이익_파생상품 거래 이익,0,0,외국손보사,B,SI023,부문별 손익(파생상품)
4259,202109,0016602,스위스리 아시아 피티이 엘티디 한국지점,A12,파생상품 관련 이익_파생상품 평가 이익,0,0,외국손보사,B,SI023,부문별 손익(파생상품)
4260,202109,0016602,스위스리 아시아 피티이 엘티디 한국지점,A2,파생상품 관련 손실,0,0,외국손보사,B,SI023,부문별 손익(파생상품)
4261,202109,0016602,스위스리 아시아 피티이 엘티디 한국지점,A21,파생상품 관련 손실_파생상품 거래 손실,0,0,외국손보사,B,SI023,부문별 손익(파생상품)
4262,202109,0016602,스위스리 아시아 피티이 엘티디 한국지점,A22,파생상품 평가 손실,0,0,외국손보사,B,SI023,부문별 손익(파생상품)
4263,202112,0016602,스위스리 아시아 피티이 엘티디 한국지점,A,파생상품 관련 손익,0,0,외국손보사,B,SI023,부문별 손익(파생상품)
4264,202112,0016602,스위스리 아시아 피티이 엘티디 한국지점,A1,파생상품 관련 이익,0,0,외국손보사,B,SI023,부문별 손익(파생상품)
4265,202112,0016602,스위스리 아시아 피티이 엘티디 한국지점,A11,파생상품 관련 이익_파생상품 거래 이익,0,0,외국손보사,B,SI023,부문별 손익(파생상품)
4266,202112,0016602,스위스리 아시아 피티이 엘티디 한국지점,A12,파생상품 관련 이익_파생상품 평가 이익,0,0,외국손보사,B,SI023,부문별 손익(파생상품)
4267,202112,0016602,스위스리 아시아 피티이 엘티디 한국지점,A2,파생상품 관련 손실,0,0,외국손보사,B,SI023,부문별 손익(파생상품)
4268,202112,0016602,스위스리 아시아 피티이 엘티디 한국지점,A21,파생상품 관련 손실_파생상품 거래 손실,0,0,외국손보사,B,SI023,부문별 손익(파생상품)
4269,202112,0016602,스위스리 아시아 피티이 엘티디 한국지점,A22,파생상품 평가 손실,0,0,외국손보사,B,SI023,부문별 손익(파생상품)
4270,202203,0016602,스위스리 아시아 피티이 엘티디 한국지점,A,파생상품 관련 손익,0,0,외국손보사,B,SI023,부문별 손익(파생상품)
4271,202203,0016602,스위스리 아시아 피티이 엘티디 한국지점,A1,파생상품 관련 이익,0,0,외국손보사,B,SI023,부문별 손익(파생상품)
4272,202203,0016602,스위스리 아시아 피티이 엘티디 한국지점,A11,파생상품 관련 이익_파생상품 거래 이익,0,0,외국손보사,B,SI023,부문별 손익(파생상품)
4273,202203,0016602,스위스리 아시아 피티이 엘티디 한국지점,A12,파생상품 관련 이익_파생상품 평가 이익,0,0,외국손보사,B,SI023,부문별 손익(파생상품)
4274,202203,0016602,스위스리 아시아 피티이 엘티디 한국지점,A2,파생상품 관련 손실,0,0,외국손보사,B,SI023,부문별 손익(파생상품)
4275,202203,0016602,스위스리 아시아 피티이 엘티디 한국지점,A21,파생상품 관련 손실_파생상품 거래 손실,0,0,외국손보사,B,SI023,부문별 손익(파생상품)
4276,202203,0016602,스위스리 아시아 피티이 엘티디 한국지점,A22,파생상품 평가 손실,0,0,외국손보사,B,SI023,부문별 손익(파생상품)
4277,202206,0016602,스위스리 아시아 피티이 엘티디 한국지점,A,파생상품 관련 손익,0,0,외국손보사,B,SI023,부문별 손익(파생상품)
4278,202206,0016602,스위스리 아시아 피티이 엘티디 한국지점,A1,파생상품 관련 이익,0,0,외국손보사,B,SI023,부문별 손익(파생상품)
4279,202206,0016602,스위스리 아시아 피티이 엘티디 한국지점,A11,파생상품 관련 이익_파생상품 거래 이익,0,0,외국손보사,B,SI023,부문별 손익(파생상품)
4280,202206,0016602,스위스리 아시아 피티이 엘티디 한국지점,A12,파생상품 관련 이익_파생상품 평가 이익,0,0,외국손보사,B,SI023,부문별 손익(파생상품)
4281,202206,0016602,스위스리 아시아 피티이 엘티디 한국지점,A2,파생상품 관련 손실,0,0,외국손보사,B,SI023,부문별 손익(파생상품)
4282,202206,0016602,스위스리 아시아 피티이 엘티디 한국지점,A21,파생상품 관련 손실_파생상품 거래 손실,0,0,외국손보사,B,SI023,부문별 손익(파생상품)
4283,202206,0016602,스위스리 아시아 피티이 엘티디 한국지점,A22,파생상품 평가 손실,0,0,외국손보사,B,SI023,부문별 손익(파생상품)
4284,202209,0016602,스위스리 아시아 피티이 엘티디 한국지점,A,파생상품 관련 손익,0,0,외국손보사,B,SI023,부문별 손익(파생상품)
4285,202209,0016602,스위스리 아시아 피티이 엘티디 한국지점,A1,파생상품 관련 이익,0,0,외국손보사,B,SI023,부문별 손익(파생상품)
4286,202209,0016602,스위스리 아시아 피티이 엘티디 한국지점,A11,파생상품 관련 이익_파생상품 거래 이익,0,0,외국손보사,B,SI023,부문별 손익(파생상품)
4287,202209,0016602,스위스리 아시아 피티이 엘티디 한국지점,A12,파생상품 관련 이익_파생상품 평가 이익,0,0,외국손보사,B,SI023,부문별 손익(파생상품)
4288,202209,0016602,스위스리 아시아 피티이 엘티디 한국지점,A2,파생상품 관련 손실,0,0,외국손보사,B,SI023,부문별 손익(파생상품)
4289,202209,0016602,스위스리 아시아 피티이 엘티디 한국지점,A21,파생상품 관련 손실_파생상품 거래 손실,0,0,외국손보사,B,SI023,부문별 손익(파생상품)
4290,202209,0016602,스위스리 아시아 피티이 엘티디 한국지점,A22,파생상품 평가 손실,0,0,외국손보사,B,SI023,부문별 손익(파생상품)
4291,202212,0016602,스위스리 아시아 피티이 엘티디 한국지점,A,파생상품 관련 손익,0,0,외국손보사,B,SI023,부문별 손익(파생상품)
4292,202212,0016602,스위스리 아시아 피티이 엘티디 한국지점,A1,파생상품 관련 이익,0,0,외국손보사,B,SI023,부문별 손익(파생상품)
4293,202212,0016602,스위스리 아시아 피티이 엘티디 한국지점,A11,파생상품 관련 이익_파생상품 거래 이익,0,0,외국손보사,B,SI023,부문별 손익(파생상품)
4294,202212,0016602,스위스리 아시아 피티이 엘티디 한국지점,A12,파생상품 관련 이익_파생상품 평가 이익,0,0,외국손보사,B,SI023,부문별 손익(파생상품)
4295,202212,0016602,스위스리 아시아 피티이 엘티디 한국지점,A2,파생상품 관련 손실,0,0,외국손보사,B,SI023,부문별 손익(파생상품)
4296,202212,0016602,스위스리 아시아 피티이 엘티디 한국지점,A21,파생상품 관련 손실_파생상품 거래 손실,0,0,외국손보사,B,SI023,부문별 손익(파생상품)
4297,202212,0016602,스위스리 아시아 피티이 엘티디 한국지점,A22,파생상품 평가 손실,0,0,외국손보사,B,SI023,부문별 손익(파생상품)
4298,202303,0016602,스위스리 아시아 피티이 엘티디 한국지점,A,파생상품 관련 손익,0,0,외국손보사,B,SI023,부문별 손익(파생상품)
4299,202303,0016602,스위스리 아시아 피티이 엘티디 한국지점,A1,파생상품 관련 손익_파생상품 관련 이익,0,0,외국손보사,B,SI023,부문별 손익(파생상품)
4300,202303,0016602,스위스리 아시아 피티이 엘티디 한국지점,A11,파생상품 거래 이익,0,0,외국손보사,B,SI023,부문별 손익(파생상품)
4301,202303,0016602,스위스리 아시아 피티이 엘티디 한국지점,A12,파생상품 평가 이익,0,0,외국손보사,B,SI023,부문별 손익(파생상품)
4302,202303,0016602,스위스리 아시아 피티이 엘티디 한국지점,A2,파생상품 관련 손실,0,0,외국손보사,B,SI023,부문별 손익(파생상품)
4303,202303,0016602,스위스리 아시아 피티이 엘티디 한국지점,A21,파생상품 거래 손실,0,0,외국손보사,B,SI023,부문별 손익(파생상품)
4304,202303,0016602,스위스리 아시아 피티이 엘티디 한국지점,A22,파생상품 평가 손실,0,0,외국손보사,B,SI023,부문별 손익(파생상품)
4305,202306,0016602,스위스리 아시아 피티이 엘티디 한국지점,A,파생상품 관련 손익,0,0,외국손보사,B,SI023,부문별 손익(파생상품)
4306,202306,0016602,스위스리 아시아 피티이 엘티디 한국지점,A1,파생상품 관련 손익_파생상품 관련 이익,0,0,외국손보사,B,SI023,부문별 손익(파생상품)
4307,202306,0016602,스위스리 아시아 피티이 엘티디 한국지점,A11,파생상품 거래 이익,0,0,외국손보사,B,SI023,부문별 손익(파생상품)
4308,202306,0016602,스위스리 아시아 피티이 엘티디 한국지점,A12,파생상품 평가 이익,0,0,외국손보사,B,SI023,부문별 손익(파생상품)
4309,202306,0016602,스위스리 아시아 피티이 엘티디 한국지점,A2,파생상품 관련 손실,0,0,외국손보사,B,SI023,부문별 손익(파생상품)
4310,202306,0016602,스위스리 아시아 피티이 엘티디 한국지점,A21,파생상품 거래 손실,0,0,외국손보사,B,SI023,부문별 손익(파생상품)
4311,202306,0016602,스위스리 아시아 피티이 엘티디 한국지점,A22,파생상품 평가 손실,0,0,외국손보사,B,SI023,부문별 손익(파생상품)
4312,202309,0016602,스위스리 아시아 피티이 엘티디 한국지점,A,파생상품 관련 손익,0,0,외국손보사,B,SI023,부문별 손익(파생상품)
4313,202309,0016602,스위스리 아시아 피티이 엘티디 한국지점,A1,파생상품 관련 손익_파생상품 관련 이익,0,0,외국손보사,B,SI023,부문별 손익(파생상품)
4314,202309,0016602,스위스리 아시아 피티이 엘티디 한국지점,A11,파생상품 거래 이익,0,0,외국손보사,B,SI023,부문별 손익(파생상품)
4315,202309,0016602,스위스리 아시아 피티이 엘티디 한국지점,A12,파생상품 평가 이익,0,0,외국손보사,B,SI023,부문별 손익(파생상품)
4316,202309,0016602,스위스리 아시아 피티이 엘티디 한국지점,A2,파생상품 관련 손실,0,0,외국손보사,B,SI023,부문별 손익(파생상품)
4317,202309,0016602,스위스리 아시아 피티이 엘티디 한국지점,A21,파생상품 거래 손실,0,0,외국손보사,B,SI023,부문별 손익(파생상품)
4318,202309,0016602,스위스리 아시아 피티이 엘티디 한국지점,A22,파생상품 평가 손실,0,0,외국손보사,B,SI023,부문별 손익(파생상품)
4319,202312,0016602,스위스리 아시아 피티이 엘티디 한국지점,A,파생상품 관련 손익,0,0,외국손보사,B,SI023,부문별 손익(파생상품)
4320,202312,0016602,스위스리 아시아 피티이 엘티디 한국지점,A1,파생상품 관련 손익_파생상품 관련 이익,0,0,외국손보사,B,SI023,부문별 손익(파생상품)
4321,202312,0016602,스위스리 아시아 피티이 엘티디 한국지점,A11,파생상품 거래 이익,0,0,외국손보사,B,SI023,부문별 손익(파생상품)
4322,202312,0016602,스위스리 아시아 피티이 엘티디 한국지점,A12,파생상품 평가 이익,0,0,외국손보사,B,SI023,부문별 손익(파생상품)
4323,202312,0016602,스위스리 아시아 피티이 엘티디 한국지점,A2,파생상품 관련 손실,0,0,외국손보사,B,SI023,부문별 손익(파생상품)
4324,202312,0016602,스위스리 아시아 피티이 엘티디 한국지점,A21,파생상품 거래 손실,0,0,외국손보사,B,SI023,부문별 손익(파생상품)
4325,202312,0016602,스위스리 아시아 피티이 엘티디 한국지점,A22,파생상품 평가 손실,0,0,외국손보사,B,SI023,부문별 손익(파생상품)
4326,202403,0016602,스위스리 아시아 피티이 엘티디 한국지점,A,파생상품 관련 손익,0,0,외국손보사,B,SI023,부문별 손익(파생상품)
4327,202403,0016602,스위스리 아시아 피티이 엘티디 한국지점,A1,파생상품 관련 손익_파생상품 관련 이익,0,0,외국손보사,B,SI023,부문별 손익(파생상품)
4328,202403,0016602,스위스리 아시아 피티이 엘티디 한국지점,A11,파생상품 거래 이익,0,0,외국손보사,B,SI023,부문별 손익(파생상품)
4329,202403,0016602,스위스리 아시아 피티이 엘티디 한국지점,A12,파생상품 평가 이익,0,0,외국손보사,B,SI023,부문별 손익(파생상품)
4330,202403,0016602,스위스리 아시아 피티이 엘티디 한국지점,A2,파생상품 관련 손실,0,0,외국손보사,B,SI023,부문별 손익(파생상품)
4331,202403,0016602,스위스리 아시아 피티이 엘티디 한국지점,A21,파생상품 거래 손실,0,0,외국손보사,B,SI023,부문별 손익(파생상품)
4332,202403,0016602,스위스리 아시아 피티이 엘티디 한국지점,A22,파생상품 평가 손실,0,0,외국손보사,B,SI023,부문별 손익(파생상품)
4333,202406,0016602,스위스리 아시아 피티이 엘티디 한국지점,A,파생상품 관련 손익,0,0,외국손보사,B,SI023,부문별 손익(파생상품)
4334,202406,0016602,스위스리 아시아 피티이 엘티디 한국지점,A1,파생상품 관련 손익_파생상품 관련 이익,0,0,외국손보사,B,SI023,부문별 손익(파생상품)
4335,202406,0016602,스위스리 아시아 피티이 엘티디 한국지점,A11,파생상품 거래 이익,0,0,외국손보사,B,SI023,부문별 손익(파생상품)
4336,202406,0016602,스위스리 아시아 피티이 엘티디 한국지점,A12,파생상품 평가 이익,0,0,외국손보사,B,SI023,부문별 손익(파생상품)
4337,202406,0016602,스위스리 아시아 피티이 엘티디 한국지점,A2,파생상품 관련 손실,0,0,외국손보사,B,SI023,부문별 손익(파생상품)
4338,202406,0016602,스위스리 아시아 피티이 엘티디 한국지점,A21,파생상품 거래 손실,0,0,외국손보사,B,SI023,부문별 손익(파생상품)
4339,202406,0016602,스위스리 아시아 피티이 엘티디 한국지점,A22,파생상품 평가 손실,0,0,외국손보사,B,SI023,부문별 손익(파생상품)
4340,202409,0016602,스위스리 아시아 피티이 엘티디 한국지점,A,파생상품 관련 손익,-573614000,-573614000,외국손보사,B,SI023,부문별 손익(파생상품)
4341,202409,0016602,스위스리 아시아 피티이 엘티디 한국지점,A1,파생상품 관련 손익_파생상품 관련 이익,0,0,외국손보사,B,SI023,부문별 손익(파생상품)
4342,202409,0016602,스위스리 아시아 피티이 엘티디 한국지점,A11,파생상품 거래 이익,0,0,외국손보사,B,SI023,부문별 손익(파생상품)
4343,202409,0016602,스위스리 아시아 피티이 엘티디 한국지점,A12,파생상품 평가 이익,0,0,외국손보사,B,SI023,부문별 손익(파생상품)
4344,202409,0016602,스위스리 아시아 피티이 엘티디 한국지점,A2,파생상품 관련 손실,573614000,573614000,외국손보사,B,SI023,부문별 손익(파생상품)
4345,202409,0016602,스위스리 아시아 피티이 엘티디 한국지점,A21,파생상품 거래 손실,0,0,외국손보사,B,SI023,부문별 손익(파생상품)
4346,202409,0016602,스위스리 아시아 피티이 엘티디 한국지점,A22,파생상품 평가 손실,573614000,573614000,외국손보사,B,SI023,부문별 손익(파생상품)
4347,202412,0016602,스위스리 아시아 피티이 엘티디 한국지점,A,파생상품 관련 손익,11194923000,10621309000,외국손보사,B,SI023,부문별 손익(파생상품)
4348,202412,0016602,스위스리 아시아 피티이 엘티디 한국지점,A1,파생상품 관련 손익_파생상품 관련 이익,11487008000,11487008000,외국손보사,B,SI023,부문별 손익(파생상품)
4349,202412,0016602,스위스리 아시아 피티이 엘티디 한국지점,A11,파생상품 거래 이익,69492000,69492000,외국손보사,B,SI023,부문별 손익(파생상품)
4350,202412,0016602,스위스리 아시아 피티이 엘티디 한국지점,A12,파생상품 평가 이익,11417516000,11417516000,외국손보사,B,SI023,부문별 손익(파생상품)
4351,202412,0016602,스위스리 아시아 피티이 엘티디 한국지점,A2,파생상품 관련 손실,292085000,865699000,외국손보사,B,SI023,부문별 손익(파생상품)
4352,202412,0016602,스위스리 아시아 피티이 엘티디 한국지점,A21,파생상품 거래 손실,865699000,865699000,외국손보사,B,SI023,부문별 손익(파생상품)
4353,202412,0016602,스위스리 아시아 피티이 엘티디 한국지점,A22,파생상품 평가 손실,-573614000,0,외국손보사,B,SI023,부문별 손익(파생상품)
4354,202503,0016602,스위스리 아시아 피티이 엘티디 한국지점,A,파생상품 관련 손익,3482941000,3482941000,외국손보사,B,SI023,부문별 손익(파생상품)
4355,202503,0016602,스위스리 아시아 피티이 엘티디 한국지점,A1,파생상품 관련 손익_파생상품 관련 이익,75150068000,75150068000,외국손보사,B,SI023,부문별 손익(파생상품)
4356,202503,0016602,스위스리 아시아 피티이 엘티디 한국지점,A11,파생상품 거래 이익,41907000,41907000,외국손보사,B,SI023,부문별 손익(파생상품)
4357,202503,0016602,스위스리 아시아 피티이 엘티디 한국지점,A12,파생상품 평가 이익,75108161000,75108161000,외국손보사,B,SI023,부문별 손익(파생상품)
4358,202503,0016602,스위스리 아시아 피티이 엘티디 한국지점,A2,파생상품 관련 손실,71667127000,71667127000,외국손보사,B,SI023,부문별 손익(파생상품)
4359,202503,0016602,스위스리 아시아 피티이 엘티디 한국지점,A21,파생상품 거래 손실,609460000,609460000,외국손보사,B,SI023,부문별 손익(파생상품)
4360,202503,0016602,스위스리 아시아 피티이 엘티디 한국지점,A22,파생상품 평가 손실,71057667000,71057667000,외국손보사,B,SI023,부문별 손익(파생상품)
4361,202506,0016602,스위스리 아시아 피티이 엘티디 한국지점,A,파생상품 관련 손익,-14611616000,-11128675000,외국손보사,B,SI023,부문별 손익(파생상품)
4362,202506,0016602,스위스리 아시아 피티이 엘티디 한국지점,A1,파생상품 관련 손익_파생상품 관련 이익,127962624000,203112692000,외국손보사,B,SI023,부문별 손익(파생상품)
4363,202506,0016602,스위스리 아시아 피티이 엘티디 한국지점,A11,파생상품 거래 이익,0,41907000,외국손보사,B,SI023,부문별 손익(파생상품)
4364,202506,0016602,스위스리 아시아 피티이 엘티디 한국지점,A12,파생상품 평가 이익,127962624000,203070785000,외국손보사,B,SI023,부문별 손익(파생상품)
4365,202506,0016602,스위스리 아시아 피티이 엘티디 한국지점,A2,파생상품 관련 손실,142574240000,214241367000,외국손보사,B,SI023,부문별 손익(파생상품)
4366,202506,0016602,스위스리 아시아 피티이 엘티디 한국지점,A21,파생상품 거래 손실,644786000,1254246000,외국손보사,B,SI023,부문별 손익(파생상품)
4367,202506,0016602,스위스리 아시아 피티이 엘티디 한국지점,A22,파생상품 평가 손실,141929454000,212987121000,외국손보사,B,SI023,부문별 손익(파생상품)
4368,202509,0016602,스위스리 아시아 피티이 엘티디 한국지점,A,파생상품 관련 손익,-70874310000,-82002985000,외국손보사,B,SI023,부문별 손익(파생상품)
4369,202509,0016602,스위스리 아시아 피티이 엘티디 한국지점,A1,파생상품 관련 손익_파생상품 관련 이익,169625244000,372737936000,외국손보사,B,SI023,부문별 손익(파생상품)
4370,202509,0016602,스위스리 아시아 피티이 엘티디 한국지점,A11,파생상품 거래 이익,219872000,261779000,외국손보사,B,SI023,부문별 손익(파생상품)
4371,202509,0016602,스위스리 아시아 피티이 엘티디 한국지점,A12,파생상품 평가 이익,169405372000,372476157000,외국손보사,B,SI023,부문별 손익(파생상품)
4372,202509,0016602,스위스리 아시아 피티이 엘티디 한국지점,A2,파생상품 관련 손실,240499554000,454740921000,외국손보사,B,SI023,부문별 손익(파생상품)
4373,202509,0016602,스위스리 아시아 피티이 엘티디 한국지점,A21,파생상품 거래 손실,688602000,1942848000,외국손보사,B,SI023,부문별 손익(파생상품)
4374,202509,0016602,스위스리 아시아 피티이 엘티디 한국지점,A22,파생상품 평가 손실,239810952000,452798073000,외국손보사,B,SI023,부문별 손익(파생상품)
4375,201703,0011387,스코리인슈어런스아시아퍼시픽피티이엘티디한국지점,A,파생상품 관련 손익,0,0,외국손보사,B,SI023,부문별 손익(파생상품)
4376,201703,0011387,스코리인슈어런스아시아퍼시픽피티이엘티디한국지점,A1,파생상품 관련 이익,0,0,외국손보사,B,SI023,부문별 손익(파생상품)
4377,201703,0011387,스코리인슈어런스아시아퍼시픽피티이엘티디한국지점,A11,파생상품 관련 이익_파생상품 거래 이익,0,0,외국손보사,B,SI023,부문별 손익(파생상품)
4378,201703,0011387,스코리인슈어런스아시아퍼시픽피티이엘티디한국지점,A12,파생상품 관련 이익_파생상품 평가 이익,0,0,외국손보사,B,SI023,부문별 손익(파생상품)
4379,201703,0011387,스코리인슈어런스아시아퍼시픽피티이엘티디한국지점,A2,파생상품 관련 손실,0,0,외국손보사,B,SI023,부문별 손익(파생상품)
4380,201703,0011387,스코리인슈어런스아시아퍼시픽피티이엘티디한국지점,A21,파생상품 관련 손실_파생상품 거래 손실,0,0,외국손보사,B,SI023,부문별 손익(파생상품)
4381,201703,0011387,스코리인슈어런스아시아퍼시픽피티이엘티디한국지점,A22,파생상품 평가 손실,0,0,외국손보사,B,SI023,부문별 손익(파생상품)
4382,201706,0011387,스코리인슈어런스아시아퍼시픽피티이엘티디한국지점,A,파생상품 관련 손익,0,0,외국손보사,B,SI023,부문별 손익(파생상품)
4383,201706,0011387,스코리인슈어런스아시아퍼시픽피티이엘티디한국지점,A1,파생상품 관련 이익,0,0,외국손보사,B,SI023,부문별 손익(파생상품)
4384,201706,0011387,스코리인슈어런스아시아퍼시픽피티이엘티디한국지점,A11,파생상품 관련 이익_파생상품 거래 이익,0,0,외국손보사,B,SI023,부문별 손익(파생상품)
4385,201706,0011387,스코리인슈어런스아시아퍼시픽피티이엘티디한국지점,A12,파생상품 관련 이익_파생상품 평가 이익,0,0,외국손보사,B,SI023,부문별 손익(파생상품)
4386,201706,0011387,스코리인슈어런스아시아퍼시픽피티이엘티디한국지점,A2,파생상품 관련 손실,0,0,외국손보사,B,SI023,부문별 손익(파생상품)
4387,201706,0011387,스코리인슈어런스아시아퍼시픽피티이엘티디한국지점,A21,파생상품 관련 손실_파생상품 거래 손실,0,0,외국손보사,B,SI023,부문별 손익(파생상품)
4388,201706,0011387,스코리인슈어런스아시아퍼시픽피티이엘티디한국지점,A22,파생상품 평가 손실,0,0,외국손보사,B,SI023,부문별 손익(파생상품)
4389,201709,0011387,스코리인슈어런스아시아퍼시픽피티이엘티디한국지점,A,파생상품 관련 손익,0,0,외국손보사,B,SI023,부문별 손익(파생상품)
4390,201709,0011387,스코리인슈어런스아시아퍼시픽피티이엘티디한국지점,A1,파생상품 관련 이익,0,0,외국손보사,B,SI023,부문별 손익(파생상품)
4391,201709,0011387,스코리인슈어런스아시아퍼시픽피티이엘티디한국지점,A11,파생상품 관련 이익_파생상품 거래 이익,0,0,외국손보사,B,SI023,부문별 손익(파생상품)
4392,201709,0011387,스코리인슈어런스아시아퍼시픽피티이엘티디한국지점,A12,파생상품 관련 이익_파생상품 평가 이익,0,0,외국손보사,B,SI023,부문별 손익(파생상품)
4393,201709,0011387,스코리인슈어런스아시아퍼시픽피티이엘티디한국지점,A2,파생상품 관련 손실,0,0,외국손보사,B,SI023,부문별 손익(파생상품)
4394,201709,0011387,스코리인슈어런스아시아퍼시픽피티이엘티디한국지점,A21,파생상품 관련 손실_파생상품 거래 손실,0,0,외국손보사,B,SI023,부문별 손익(파생상품)
4395,201709,0011387,스코리인슈어런스아시아퍼시픽피티이엘티디한국지점,A22,파생상품 평가 손실,0,0,외국손보사,B,SI023,부문별 손익(파생상품)
4396,201712,0011387,스코리인슈어런스아시아퍼시픽피티이엘티디한국지점,A,파생상품 관련 손익,0,0,외국손보사,B,SI023,부문별 손익(파생상품)
4397,201712,0011387,스코리인슈어런스아시아퍼시픽피티이엘티디한국지점,A1,파생상품 관련 이익,0,0,외국손보사,B,SI023,부문별 손익(파생상품)
4398,201712,0011387,스코리인슈어런스아시아퍼시픽피티이엘티디한국지점,A11,파생상품 관련 이익_파생상품 거래 이익,0,0,외국손보사,B,SI023,부문별 손익(파생상품)
4399,201712,0011387,스코리인슈어런스아시아퍼시픽피티이엘티디한국지점,A12,파생상품 관련 이익_파생상품 평가 이익,0,0,외국손보사,B,SI023,부문별 손익(파생상품)
4400,201712,0011387,스코리인슈어런스아시아퍼시픽피티이엘티디한국지점,A2,파생상품 관련 손실,0,0,외국손보사,B,SI023,부문별 손익(파생상품)
4401,201712,0011387,스코리인슈어런스아시아퍼시픽피티이엘티디한국지점,A21,파생상품 관련 손실_파생상품 거래 손실,0,0,외국손보사,B,SI023,부문별 손익(파생상품)
4402,201712,0011387,스코리인슈어런스아시아퍼시픽피티이엘티디한국지점,A22,파생상품 평가 손실,0,0,외국손보사,B,SI023,부문별 손익(파생상품)
4403,201803,0011387,스코리인슈어런스아시아퍼시픽피티이엘티디한국지점,A,파생상품 관련 손익,0,0,외국손보사,B,SI023,부문별 손익(파생상품)
4404,201803,0011387,스코리인슈어런스아시아퍼시픽피티이엘티디한국지점,A1,파생상품 관련 이익,0,0,외국손보사,B,SI023,부문별 손익(파생상품)
4405,201803,0011387,스코리인슈어런스아시아퍼시픽피티이엘티디한국지점,A11,파생상품 관련 이익_파생상품 거래 이익,0,0,외국손보사,B,SI023,부문별 손익(파생상품)
4406,201803,0011387,스코리인슈어런스아시아퍼시픽피티이엘티디한국지점,A12,파생상품 관련 이익_파생상품 평가 이익,0,0,외국손보사,B,SI023,부문별 손익(파생상품)
4407,201803,0011387,스코리인슈어런스아시아퍼시픽피티이엘티디한국지점,A2,파생상품 관련 손실,0,0,외국손보사,B,SI023,부문별 손익(파생상품)
4408,201803,0011387,스코리인슈어런스아시아퍼시픽피티이엘티디한국지점,A21,파생상품 관련 손실_파생상품 거래 손실,0,0,외국손보사,B,SI023,부문별 손익(파생상품)
4409,201803,0011387,스코리인슈어런스아시아퍼시픽피티이엘티디한국지점,A22,파생상품 평가 손실,0,0,외국손보사,B,SI023,부문별 손익(파생상품)
4410,201806,0011387,스코리인슈어런스아시아퍼시픽피티이엘티디한국지점,A,파생상품 관련 손익,0,0,외국손보사,B,SI023,부문별 손익(파생상품)
4411,201806,0011387,스코리인슈어런스아시아퍼시픽피티이엘티디한국지점,A1,파생상품 관련 이익,0,0,외국손보사,B,SI023,부문별 손익(파생상품)
4412,201806,0011387,스코리인슈어런스아시아퍼시픽피티이엘티디한국지점,A11,파생상품 관련 이익_파생상품 거래 이익,0,0,외국손보사,B,SI023,부문별 손익(파생상품)
4413,201806,0011387,스코리인슈어런스아시아퍼시픽피티이엘티디한국지점,A12,파생상품 관련 이익_파생상품 평가 이익,0,0,외국손보사,B,SI023,부문별 손익(파생상품)
4414,201806,0011387,스코리인슈어런스아시아퍼시픽피티이엘티디한국지점,A2,파생상품 관련 손실,0,0,외국손보사,B,SI023,부문별 손익(파생상품)
4415,201806,0011387,스코리인슈어런스아시아퍼시픽피티이엘티디한국지점,A21,파생상품 관련 손실_파생상품 거래 손실,0,0,외국손보사,B,SI023,부문별 손익(파생상품)
4416,201806,0011387,스코리인슈어런스아시아퍼시픽피티이엘티디한국지점,A22,파생상품 평가 손실,0,0,외국손보사,B,SI023,부문별 손익(파생상품)
4417,201809,0011387,스코리인슈어런스아시아퍼시픽피티이엘티디한국지점,A,파생상품 관련 손익,0,0,외국손보사,B,SI023,부문별 손익(파생상품)
4418,201809,0011387,스코리인슈어런스아시아퍼시픽피티이엘티디한국지점,A1,파생상품 관련 이익,0,0,외국손보사,B,SI023,부문별 손익(파생상품)
4419,201809,0011387,스코리인슈어런스아시아퍼시픽피티이엘티디한국지점,A11,파생상품 관련 이익_파생상품 거래 이익,0,0,외국손보사,B,SI023,부문별 손익(파생상품)
4420,201809,0011387,스코리인슈어런스아시아퍼시픽피티이엘티디한국지점,A12,파생상품 관련 이익_파생상품 평가 이익,0,0,외국손보사,B,SI023,부문별 손익(파생상품)
4421,201809,0011387,스코리인슈어런스아시아퍼시픽피티이엘티디한국지점,A2,파생상품 관련 손실,0,0,외국손보사,B,SI023,부문별 손익(파생상품)
4422,201809,0011387,스코리인슈어런스아시아퍼시픽피티이엘티디한국지점,A21,파생상품 관련 손실_파생상품 거래 손실,0,0,외국손보사,B,SI023,부문별 손익(파생상품)
4423,201809,0011387,스코리인슈어런스아시아퍼시픽피티이엘티디한국지점,A22,파생상품 평가 손실,0,0,외국손보사,B,SI023,부문별 손익(파생상품)
4424,201812,0011387,스코리인슈어런스아시아퍼시픽피티이엘티디한국지점,A,파생상품 관련 손익,0,0,외국손보사,B,SI023,부문별 손익(파생상품)
4425,201812,0011387,스코리인슈어런스아시아퍼시픽피티이엘티디한국지점,A1,파생상품 관련 이익,0,0,외국손보사,B,SI023,부문별 손익(파생상품)
4426,201812,0011387,스코리인슈어런스아시아퍼시픽피티이엘티디한국지점,A11,파생상품 관련 이익_파생상품 거래 이익,0,0,외국손보사,B,SI023,부문별 손익(파생상품)
4427,201812,0011387,스코리인슈어런스아시아퍼시픽피티이엘티디한국지점,A12,파생상품 관련 이익_파생상품 평가 이익,0,0,외국손보사,B,SI023,부문별 손익(파생상품)
4428,201812,0011387,스코리인슈어런스아시아퍼시픽피티이엘티디한국지점,A2,파생상품 관련 손실,0,0,외국손보사,B,SI023,부문별 손익(파생상품)
4429,201812,0011387,스코리인슈어런스아시아퍼시픽피티이엘티디한국지점,A21,파생상품 관련 손실_파생상품 거래 손실,0,0,외국손보사,B,SI023,부문별 손익(파생상품)
4430,201812,0011387,스코리인슈어런스아시아퍼시픽피티이엘티디한국지점,A22,파생상품 평가 손실,0,0,외국손보사,B,SI023,부문별 손익(파생상품)
4431,201903,0011387,스코리인슈어런스아시아퍼시픽피티이엘티디한국지점,A,파생상품 관련 손익,0,0,외국손보사,B,SI023,부문별 손익(파생상품)
4432,201903,0011387,스코리인슈어런스아시아퍼시픽피티이엘티디한국지점,A1,파생상품 관련 이익,0,0,외국손보사,B,SI023,부문별 손익(파생상품)
4433,201903,0011387,스코리인슈어런스아시아퍼시픽피티이엘티디한국지점,A11,파생상품 관련 이익_파생상품 거래 이익,0,0,외국손보사,B,SI023,부문별 손익(파생상품)
4434,201903,0011387,스코리인슈어런스아시아퍼시픽피티이엘티디한국지점,A12,파생상품 관련 이익_파생상품 평가 이익,0,0,외국손보사,B,SI023,부문별 손익(파생상품)
4435,201903,0011387,스코리인슈어런스아시아퍼시픽피티이엘티디한국지점,A2,파생상품 관련 손실,0,0,외국손보사,B,SI023,부문별 손익(파생상품)
4436,201903,0011387,스코리인슈어런스아시아퍼시픽피티이엘티디한국지점,A21,파생상품 관련 손실_파생상품 거래 손실,0,0,외국손보사,B,SI023,부문별 손익(파생상품)
4437,201903,0011387,스코리인슈어런스아시아퍼시픽피티이엘티디한국지점,A22,파생상품 평가 손실,0,0,외국손보사,B,SI023,부문별 손익(파생상품)
4438,201906,0011387,스코리인슈어런스아시아퍼시픽피티이엘티디한국지점,A,파생상품 관련 손익,0,0,외국손보사,B,SI023,부문별 손익(파생상품)
4439,201906,0011387,스코리인슈어런스아시아퍼시픽피티이엘티디한국지점,A1,파생상품 관련 이익,0,0,외국손보사,B,SI023,부문별 손익(파생상품)
4440,201906,0011387,스코리인슈어런스아시아퍼시픽피티이엘티디한국지점,A11,파생상품 관련 이익_파생상품 거래 이익,0,0,외국손보사,B,SI023,부문별 손익(파생상품)
4441,201906,0011387,스코리인슈어런스아시아퍼시픽피티이엘티디한국지점,A12,파생상품 관련 이익_파생상품 평가 이익,0,0,외국손보사,B,SI023,부문별 손익(파생상품)
4442,201906,0011387,스코리인슈어런스아시아퍼시픽피티이엘티디한국지점,A2,파생상품 관련 손실,0,0,외국손보사,B,SI023,부문별 손익(파생상품)
4443,201906,0011387,스코리인슈어런스아시아퍼시픽피티이엘티디한국지점,A21,파생상품 관련 손실_파생상품 거래 손실,0,0,외국손보사,B,SI023,부문별 손익(파생상품)
4444,201906,0011387,스코리인슈어런스아시아퍼시픽피티이엘티디한국지점,A22,파생상품 평가 손실,0,0,외국손보사,B,SI023,부문별 손익(파생상품)
4445,201909,0011387,스코리인슈어런스아시아퍼시픽피티이엘티디한국지점,A,파생상품 관련 손익,205275000,205275000,외국손보사,B,SI023,부문별 손익(파생상품)
4446,201909,0011387,스코리인슈어런스아시아퍼시픽피티이엘티디한국지점,A1,파생상품 관련 이익,205275000,205275000,외국손보사,B,SI023,부문별 손익(파생상품)
4447,201909,0011387,스코리인슈어런스아시아퍼시픽피티이엘티디한국지점,A11,파생상품 관련 이익_파생상품 거래 이익,0,0,외국손보사,B,SI023,부문별 손익(파생상품)
4448,201909,0011387,스코리인슈어런스아시아퍼시픽피티이엘티디한국지점,A12,파생상품 관련 이익_파생상품 평가 이익,205275000,205275000,외국손보사,B,SI023,부문별 손익(파생상품)
4449,201909,0011387,스코리인슈어런스아시아퍼시픽피티이엘티디한국지점,A2,파생상품 관련 손실,0,0,외국손보사,B,SI023,부문별 손익(파생상품)
4450,201909,0011387,스코리인슈어런스아시아퍼시픽피티이엘티디한국지점,A21,파생상품 관련 손실_파생상품 거래 손실,0,0,외국손보사,B,SI023,부문별 손익(파생상품)
4451,201909,0011387,스코리인슈어런스아시아퍼시픽피티이엘티디한국지점,A22,파생상품 평가 손실,0,0,외국손보사,B,SI023,부문별 손익(파생상품)
4452,201912,0011387,스코리인슈어런스아시아퍼시픽피티이엘티디한국지점,A,파생상품 관련 손익,-94837000,110438000,외국손보사,B,SI023,부문별 손익(파생상품)
4453,201912,0011387,스코리인슈어런스아시아퍼시픽피티이엘티디한국지점,A1,파생상품 관련 이익,-52887000,152388000,외국손보사,B,SI023,부문별 손익(파생상품)
4454,201912,0011387,스코리인슈어런스아시아퍼시픽피티이엘티디한국지점,A11,파생상품 관련 이익_파생상품 거래 이익,78284000,78284000,외국손보사,B,SI023,부문별 손익(파생상품)
4455,201912,0011387,스코리인슈어런스아시아퍼시픽피티이엘티디한국지점,A12,파생상품 관련 이익_파생상품 평가 이익,-131171000,74104000,외국손보사,B,SI023,부문별 손익(파생상품)
4456,201912,0011387,스코리인슈어런스아시아퍼시픽피티이엘티디한국지점,A2,파생상품 관련 손실,41950000,41950000,외국손보사,B,SI023,부문별 손익(파생상품)
4457,201912,0011387,스코리인슈어런스아시아퍼시픽피티이엘티디한국지점,A21,파생상품 관련 손실_파생상품 거래 손실,41950000,41950000,외국손보사,B,SI023,부문별 손익(파생상품)
4458,201912,0011387,스코리인슈어런스아시아퍼시픽피티이엘티디한국지점,A22,파생상품 평가 손실,0,0,외국손보사,B,SI023,부문별 손익(파생상품)
4459,202003,0011387,스코리인슈어런스아시아퍼시픽피티이엘티디한국지점,A,파생상품 관련 손익,-52136000,-52136000,외국손보사,B,SI023,부문별 손익(파생상품)
4460,202003,0011387,스코리인슈어런스아시아퍼시픽피티이엘티디한국지점,A1,파생상품 관련 이익,0,0,외국손보사,B,SI023,부문별 손익(파생상품)
4461,202003,0011387,스코리인슈어런스아시아퍼시픽피티이엘티디한국지점,A11,파생상품 관련 이익_파생상품 거래 이익,0,0,외국손보사,B,SI023,부문별 손익(파생상품)
4462,202003,0011387,스코리인슈어런스아시아퍼시픽피티이엘티디한국지점,A12,파생상품 관련 이익_파생상품 평가 이익,0,0,외국손보사,B,SI023,부문별 손익(파생상품)
4463,202003,0011387,스코리인슈어런스아시아퍼시픽피티이엘티디한국지점,A2,파생상품 관련 손실,52136000,52136000,외국손보사,B,SI023,부문별 손익(파생상품)
4464,202003,0011387,스코리인슈어런스아시아퍼시픽피티이엘티디한국지점,A21,파생상품 관련 손실_파생상품 거래 손실,0,0,외국손보사,B,SI023,부문별 손익(파생상품)
4465,202003,0011387,스코리인슈어런스아시아퍼시픽피티이엘티디한국지점,A22,파생상품 평가 손실,52136000,52136000,외국손보사,B,SI023,부문별 손익(파생상품)
4466,202006,0011387,스코리인슈어런스아시아퍼시픽피티이엘티디한국지점,A,파생상품 관련 손익,221041000,168905000,외국손보사,B,SI023,부문별 손익(파생상품)
4467,202006,0011387,스코리인슈어런스아시아퍼시픽피티이엘티디한국지점,A1,파생상품 관련 이익,0,0,외국손보사,B,SI023,부문별 손익(파생상품)
4468,202006,0011387,스코리인슈어런스아시아퍼시픽피티이엘티디한국지점,A11,파생상품 관련 이익_파생상품 거래 이익,0,0,외국손보사,B,SI023,부문별 손익(파생상품)
4469,202006,0011387,스코리인슈어런스아시아퍼시픽피티이엘티디한국지점,A12,파생상품 관련 이익_파생상품 평가 이익,0,0,외국손보사,B,SI023,부문별 손익(파생상품)
4470,202006,0011387,스코리인슈어런스아시아퍼시픽피티이엘티디한국지점,A2,파생상품 관련 손실,-221041000,-168905000,외국손보사,B,SI023,부문별 손익(파생상품)
4471,202006,0011387,스코리인슈어런스아시아퍼시픽피티이엘티디한국지점,A21,파생상품 관련 손실_파생상품 거래 손실,0,0,외국손보사,B,SI023,부문별 손익(파생상품)
4472,202006,0011387,스코리인슈어런스아시아퍼시픽피티이엘티디한국지점,A22,파생상품 평가 손실,-221041000,-168905000,외국손보사,B,SI023,부문별 손익(파생상품)
4473,202009,0011387,스코리인슈어런스아시아퍼시픽피티이엘티디한국지점,A,파생상품 관련 손익,190475000,359380000,외국손보사,B,SI023,부문별 손익(파생상품)
4474,202009,0011387,스코리인슈어런스아시아퍼시픽피티이엘티디한국지점,A1,파생상품 관련 이익,359380000,359380000,외국손보사,B,SI023,부문별 손익(파생상품)
4475,202009,0011387,스코리인슈어런스아시아퍼시픽피티이엘티디한국지점,A11,파생상품 관련 이익_파생상품 거래 이익,181920000,181920000,외국손보사,B,SI023,부문별 손익(파생상품)
4476,202009,0011387,스코리인슈어런스아시아퍼시픽피티이엘티디한국지점,A12,파생상품 관련 이익_파생상품 평가 이익,177460000,177460000,외국손보사,B,SI023,부문별 손익(파생상품)
4477,202009,0011387,스코리인슈어런스아시아퍼시픽피티이엘티디한국지점,A2,파생상품 관련 손실,168905000,0,외국손보사,B,SI023,부문별 손익(파생상품)
4478,202009,0011387,스코리인슈어런스아시아퍼시픽피티이엘티디한국지점,A21,파생상품 관련 손실_파생상품 거래 손실,0,0,외국손보사,B,SI023,부문별 손익(파생상품)
4479,202009,0011387,스코리인슈어런스아시아퍼시픽피티이엘티디한국지점,A22,파생상품 평가 손실,168905000,0,외국손보사,B,SI023,부문별 손익(파생상품)
4480,202012,0011387,스코리인슈어런스아시아퍼시픽피티이엘티디한국지점,A,파생상품 관련 손익,-1000293000,-640913000,외국손보사,B,SI023,부문별 손익(파생상품)
4481,202012,0011387,스코리인슈어런스아시아퍼시픽피티이엘티디한국지점,A1,파생상품 관련 이익,-177460000,181920000,외국손보사,B,SI023,부문별 손익(파생상품)
4482,202012,0011387,스코리인슈어런스아시아퍼시픽피티이엘티디한국지점,A11,파생상품 관련 이익_파생상품 거래 이익,0,181920000,외국손보사,B,SI023,부문별 손익(파생상품)
4483,202012,0011387,스코리인슈어런스아시아퍼시픽피티이엘티디한국지점,A12,파생상품 관련 이익_파생상품 평가 이익,-177460000,0,외국손보사,B,SI023,부문별 손익(파생상품)
4484,202012,0011387,스코리인슈어런스아시아퍼시픽피티이엘티디한국지점,A2,파생상품 관련 손실,822833000,822833000,외국손보사,B,SI023,부문별 손익(파생상품)
4485,202012,0011387,스코리인슈어런스아시아퍼시픽피티이엘티디한국지점,A21,파생상품 관련 손실_파생상품 거래 손실,0,0,외국손보사,B,SI023,부문별 손익(파생상품)
4486,202012,0011387,스코리인슈어런스아시아퍼시픽피티이엘티디한국지점,A22,파생상품 평가 손실,822833000,822833000,외국손보사,B,SI023,부문별 손익(파생상품)
4487,202103,0011387,스코리인슈어런스아시아퍼시픽피티이엘티디한국지점,A,파생상품 관련 손익,335006000,335006000,외국손보사,B,SI023,부문별 손익(파생상품)
4488,202103,0011387,스코리인슈어런스아시아퍼시픽피티이엘티디한국지점,A1,파생상품 관련 이익,44236000,44236000,외국손보사,B,SI023,부문별 손익(파생상품)
4489,202103,0011387,스코리인슈어런스아시아퍼시픽피티이엘티디한국지점,A11,파생상품 관련 이익_파생상품 거래 이익,0,0,외국손보사,B,SI023,부문별 손익(파생상품)
4490,202103,0011387,스코리인슈어런스아시아퍼시픽피티이엘티디한국지점,A12,파생상품 관련 이익_파생상품 평가 이익,44236000,44236000,외국손보사,B,SI023,부문별 손익(파생상품)
4491,202103,0011387,스코리인슈어런스아시아퍼시픽피티이엘티디한국지점,A2,파생상품 관련 손실,-290770000,-290770000,외국손보사,B,SI023,부문별 손익(파생상품)
4492,202103,0011387,스코리인슈어런스아시아퍼시픽피티이엘티디한국지점,A21,파생상품 관련 손실_파생상품 거래 손실,0,0,외국손보사,B,SI023,부문별 손익(파생상품)
4493,202103,0011387,스코리인슈어런스아시아퍼시픽피티이엘티디한국지점,A22,파생상품 평가 손실,-290770000,-290770000,외국손보사,B,SI023,부문별 손익(파생상품)
4494,202106,0011387,스코리인슈어런스아시아퍼시픽피티이엘티디한국지점,A,파생상품 관련 손익,-53366000,281640000,외국손보사,B,SI023,부문별 손익(파생상품)
4495,202106,0011387,스코리인슈어런스아시아퍼시픽피티이엘티디한국지점,A1,파생상품 관련 이익,508048000,552284000,외국손보사,B,SI023,부문별 손익(파생상품)
4496,202106,0011387,스코리인슈어런스아시아퍼시픽피티이엘티디한국지점,A11,파생상품 관련 이익_파생상품 거래 이익,0,0,외국손보사,B,SI023,부문별 손익(파생상품)
4497,202106,0011387,스코리인슈어런스아시아퍼시픽피티이엘티디한국지점,A12,파생상품 관련 이익_파생상품 평가 이익,508048000,552284000,외국손보사,B,SI023,부문별 손익(파생상품)
4498,202106,0011387,스코리인슈어런스아시아퍼시픽피티이엘티디한국지점,A2,파생상품 관련 손실,561414000,270644000,외국손보사,B,SI023,부문별 손익(파생상품)
4499,202106,0011387,스코리인슈어런스아시아퍼시픽피티이엘티디한국지점,A21,파생상품 관련 손실_파생상품 거래 손실,0,0,외국손보사,B,SI023,부문별 손익(파생상품)
4500,202106,0011387,스코리인슈어런스아시아퍼시픽피티이엘티디한국지점,A22,파생상품 평가 손실,561414000,270644000,외국손보사,B,SI023,부문별 손익(파생상품)
4501,202109,0011387,스코리인슈어런스아시아퍼시픽피티이엘티디한국지점,A,파생상품 관련 손익,438747000,720387000,외국손보사,B,SI023,부문별 손익(파생상품)
4502,202109,0011387,스코리인슈어런스아시아퍼시픽피티이엘티디한국지점,A1,파생상품 관련 이익,-94325000,457959000,외국손보사,B,SI023,부문별 손익(파생상품)
4503,202109,0011387,스코리인슈어런스아시아퍼시픽피티이엘티디한국지점,A11,파생상품 관련 이익_파생상품 거래 이익,0,0,외국손보사,B,SI023,부문별 손익(파생상품)
4504,202109,0011387,스코리인슈어런스아시아퍼시픽피티이엘티디한국지점,A12,파생상품 관련 이익_파생상품 평가 이익,-94325000,457959000,외국손보사,B,SI023,부문별 손익(파생상품)
4505,202109,0011387,스코리인슈어런스아시아퍼시픽피티이엘티디한국지점,A2,파생상품 관련 손실,-533072000,-262428000,외국손보사,B,SI023,부문별 손익(파생상품)
4506,202109,0011387,스코리인슈어런스아시아퍼시픽피티이엘티디한국지점,A21,파생상품 관련 손실_파생상품 거래 손실,0,0,외국손보사,B,SI023,부문별 손익(파생상품)
4507,202109,0011387,스코리인슈어런스아시아퍼시픽피티이엘티디한국지점,A22,파생상품 평가 손실,-533072000,-262428000,외국손보사,B,SI023,부문별 손익(파생상품)
4508,202112,0011387,스코리인슈어런스아시아퍼시픽피티이엘티디한국지점,A,파생상품 관련 손익,-47147000,673240000,외국손보사,B,SI023,부문별 손익(파생상품)
4509,202112,0011387,스코리인슈어런스아시아퍼시픽피티이엘티디한국지점,A1,파생상품 관련 이익,706797000,1164756000,외국손보사,B,SI023,부문별 손익(파생상품)
4510,202112,0011387,스코리인슈어런스아시아퍼시픽피티이엘티디한국지점,A11,파생상품 관련 이익_파생상품 거래 이익,600830000,600830000,외국손보사,B,SI023,부문별 손익(파생상품)
4511,202112,0011387,스코리인슈어런스아시아퍼시픽피티이엘티디한국지점,A12,파생상품 관련 이익_파생상품 평가 이익,105967000,563926000,외국손보사,B,SI023,부문별 손익(파생상품)
4512,202112,0011387,스코리인슈어런스아시아퍼시픽피티이엘티디한국지점,A2,파생상품 관련 손실,753944000,491516000,외국손보사,B,SI023,부문별 손익(파생상품)
4513,202112,0011387,스코리인슈어런스아시아퍼시픽피티이엘티디한국지점,A21,파생상품 관련 손실_파생상품 거래 손실,0,0,외국손보사,B,SI023,부문별 손익(파생상품)
4514,202112,0011387,스코리인슈어런스아시아퍼시픽피티이엘티디한국지점,A22,파생상품 평가 손실,753944000,491516000,외국손보사,B,SI023,부문별 손익(파생상품)
4515,202203,0011387,스코리인슈어런스아시아퍼시픽피티이엘티디한국지점,A,파생상품 관련 손익,610020000,610020000,외국손보사,B,SI023,부문별 손익(파생상품)
4516,202203,0011387,스코리인슈어런스아시아퍼시픽피티이엘티디한국지점,A1,파생상품 관련 이익,582844000,582844000,외국손보사,B,SI023,부문별 손익(파생상품)
4517,202203,0011387,스코리인슈어런스아시아퍼시픽피티이엘티디한국지점,A11,파생상품 관련 이익_파생상품 거래 이익,0,0,외국손보사,B,SI023,부문별 손익(파생상품)
4518,202203,0011387,스코리인슈어런스아시아퍼시픽피티이엘티디한국지점,A12,파생상품 관련 이익_파생상품 평가 이익,582844000,582844000,외국손보사,B,SI023,부문별 손익(파생상품)
4519,202203,0011387,스코리인슈어런스아시아퍼시픽피티이엘티디한국지점,A2,파생상품 관련 손실,-27176000,-27176000,외국손보사,B,SI023,부문별 손익(파생상품)
4520,202203,0011387,스코리인슈어런스아시아퍼시픽피티이엘티디한국지점,A21,파생상품 관련 손실_파생상품 거래 손실,0,0,외국손보사,B,SI023,부문별 손익(파생상품)
4521,202203,0011387,스코리인슈어런스아시아퍼시픽피티이엘티디한국지점,A22,파생상품 평가 손실,-27176000,-27176000,외국손보사,B,SI023,부문별 손익(파생상품)
4522,202206,0011387,스코리인슈어런스아시아퍼시픽피티이엘티디한국지점,A,파생상품 관련 손익,379546000,989566000,외국손보사,B,SI023,부문별 손익(파생상품)
4523,202206,0011387,스코리인슈어런스아시아퍼시픽피티이엘티디한국지점,A1,파생상품 관련 이익,440680000,1023524000,외국손보사,B,SI023,부문별 손익(파생상품)
4524,202206,0011387,스코리인슈어런스아시아퍼시픽피티이엘티디한국지점,A11,파생상품 관련 이익_파생상품 거래 이익,0,0,외국손보사,B,SI023,부문별 손익(파생상품)
4525,202206,0011387,스코리인슈어런스아시아퍼시픽피티이엘티디한국지점,A12,파생상품 관련 이익_파생상품 평가 이익,440680000,1023524000,외국손보사,B,SI023,부문별 손익(파생상품)
4526,202206,0011387,스코리인슈어런스아시아퍼시픽피티이엘티디한국지점,A2,파생상품 관련 손실,61134000,33958000,외국손보사,B,SI023,부문별 손익(파생상품)
4527,202206,0011387,스코리인슈어런스아시아퍼시픽피티이엘티디한국지점,A21,파생상품 관련 손실_파생상품 거래 손실,0,0,외국손보사,B,SI023,부문별 손익(파생상품)
4528,202206,0011387,스코리인슈어런스아시아퍼시픽피티이엘티디한국지점,A22,파생상품 평가 손실,61134000,33958000,외국손보사,B,SI023,부문별 손익(파생상품)
4529,202209,0011387,스코리인슈어런스아시아퍼시픽피티이엘티디한국지점,A,파생상품 관련 손익,1371198000,2360764000,외국손보사,B,SI023,부문별 손익(파생상품)
4530,202209,0011387,스코리인슈어런스아시아퍼시픽피티이엘티디한국지점,A1,파생상품 관련 이익,1303683000,2327207000,외국손보사,B,SI023,부문별 손익(파생상품)
4531,202209,0011387,스코리인슈어런스아시아퍼시픽피티이엘티디한국지점,A11,파생상품 관련 이익_파생상품 거래 이익,2050805000,2050805000,외국손보사,B,SI023,부문별 손익(파생상품)
4532,202209,0011387,스코리인슈어런스아시아퍼시픽피티이엘티디한국지점,A12,파생상품 관련 이익_파생상품 평가 이익,-747122000,276402000,외국손보사,B,SI023,부문별 손익(파생상품)
4533,202209,0011387,스코리인슈어런스아시아퍼시픽피티이엘티디한국지점,A2,파생상품 관련 손실,-67515000,-33557000,외국손보사,B,SI023,부문별 손익(파생상품)
4534,202209,0011387,스코리인슈어런스아시아퍼시픽피티이엘티디한국지점,A21,파생상품 관련 손실_파생상품 거래 손실,0,0,외국손보사,B,SI023,부문별 손익(파생상품)
4535,202209,0011387,스코리인슈어런스아시아퍼시픽피티이엘티디한국지점,A22,파생상품 평가 손실,-67515000,-33557000,외국손보사,B,SI023,부문별 손익(파생상품)
4536,202212,0011387,스코리인슈어런스아시아퍼시픽피티이엘티디한국지점,A,파생상품 관련 손익,-336341000,2024423000,외국손보사,B,SI023,부문별 손익(파생상품)
4537,202212,0011387,스코리인슈어런스아시아퍼시픽피티이엘티디한국지점,A1,파생상품 관련 이익,-302784000,2024423000,외국손보사,B,SI023,부문별 손익(파생상품)
4538,202212,0011387,스코리인슈어런스아시아퍼시픽피티이엘티디한국지점,A11,파생상품 관련 이익_파생상품 거래 이익,-72410000,1978395000,외국손보사,B,SI023,부문별 손익(파생상품)
4539,202212,0011387,스코리인슈어런스아시아퍼시픽피티이엘티디한국지점,A12,파생상품 관련 이익_파생상품 평가 이익,-230374000,46028000,외국손보사,B,SI023,부문별 손익(파생상품)
4540,202212,0011387,스코리인슈어런스아시아퍼시픽피티이엘티디한국지점,A2,파생상품 관련 손실,33557000,0,외국손보사,B,SI023,부문별 손익(파생상품)
4541,202212,0011387,스코리인슈어런스아시아퍼시픽피티이엘티디한국지점,A21,파생상품 관련 손실_파생상품 거래 손실,0,0,외국손보사,B,SI023,부문별 손익(파생상품)
4542,202212,0011387,스코리인슈어런스아시아퍼시픽피티이엘티디한국지점,A22,파생상품 평가 손실,33557000,0,외국손보사,B,SI023,부문별 손익(파생상품)
4543,202303,0011387,스코리인슈어런스아시아퍼시픽피티이엘티디한국지점,A,파생상품 관련 손익,718402000,718402000,외국손보사,B,SI023,부문별 손익(파생상품)
4544,202303,0011387,스코리인슈어런스아시아퍼시픽피티이엘티디한국지점,A1,파생상품 관련 손익_파생상품 관련 이익,718402000,718402000,외국손보사,B,SI023,부문별 손익(파생상품)
4545,202303,0011387,스코리인슈어런스아시아퍼시픽피티이엘티디한국지점,A11,파생상품 거래 이익,0,0,외국손보사,B,SI023,부문별 손익(파생상품)
4546,202303,0011387,스코리인슈어런스아시아퍼시픽피티이엘티디한국지점,A12,파생상품 평가 이익,718402000,718402000,외국손보사,B,SI023,부문별 손익(파생상품)
4547,202303,0011387,스코리인슈어런스아시아퍼시픽피티이엘티디한국지점,A2,파생상품 관련 손실,0,0,외국손보사,B,SI023,부문별 손익(파생상품)
4548,202303,0011387,스코리인슈어런스아시아퍼시픽피티이엘티디한국지점,A21,파생상품 거래 손실,0,0,외국손보사,B,SI023,부문별 손익(파생상품)
4549,202303,0011387,스코리인슈어런스아시아퍼시픽피티이엘티디한국지점,A22,파생상품 평가 손실,0,0,외국손보사,B,SI023,부문별 손익(파생상품)
4550,202306,0011387,스코리인슈어런스아시아퍼시픽피티이엘티디한국지점,A,파생상품 관련 손익,0,718402000,외국손보사,B,SI023,부문별 손익(파생상품)
4551,202306,0011387,스코리인슈어런스아시아퍼시픽피티이엘티디한국지점,A1,파생상품 관련 손익_파생상품 관련 이익,0,718402000,외국손보사,B,SI023,부문별 손익(파생상품)
4552,202306,0011387,스코리인슈어런스아시아퍼시픽피티이엘티디한국지점,A11,파생상품 거래 이익,0,0,외국손보사,B,SI023,부문별 손익(파생상품)
4553,202306,0011387,스코리인슈어런스아시아퍼시픽피티이엘티디한국지점,A12,파생상품 평가 이익,0,718402000,외국손보사,B,SI023,부문별 손익(파생상품)
4554,202306,0011387,스코리인슈어런스아시아퍼시픽피티이엘티디한국지점,A2,파생상품 관련 손실,0,0,외국손보사,B,SI023,부문별 손익(파생상품)
4555,202306,0011387,스코리인슈어런스아시아퍼시픽피티이엘티디한국지점,A21,파생상품 거래 손실,0,0,외국손보사,B,SI023,부문별 손익(파생상품)
4556,202306,0011387,스코리인슈어런스아시아퍼시픽피티이엘티디한국지점,A22,파생상품 평가 손실,0,0,외국손보사,B,SI023,부문별 손익(파생상품)
4557,202309,0011387,스코리인슈어런스아시아퍼시픽피티이엘티디한국지점,A,파생상품 관련 손익,-194055000,524347000,외국손보사,B,SI023,부문별 손익(파생상품)
4558,202309,0011387,스코리인슈어런스아시아퍼시픽피티이엘티디한국지점,A1,파생상품 관련 손익_파생상품 관련 이익,-148027000,570375000,외국손보사,B,SI023,부문별 손익(파생상품)
4559,202309,0011387,스코리인슈어런스아시아퍼시픽피티이엘티디한국지점,A11,파생상품 거래 이익,570375000,570375000,외국손보사,B,SI023,부문별 손익(파생상품)
4560,202309,0011387,스코리인슈어런스아시아퍼시픽피티이엘티디한국지점,A12,파생상품 평가 이익,-718402000,0,외국손보사,B,SI023,부문별 손익(파생상품)
4561,202309,0011387,스코리인슈어런스아시아퍼시픽피티이엘티디한국지점,A2,파생상품 관련 손실,46028000,46028000,외국손보사,B,SI023,부문별 손익(파생상품)
4562,202309,0011387,스코리인슈어런스아시아퍼시픽피티이엘티디한국지점,A21,파생상품 거래 손실,0,0,외국손보사,B,SI023,부문별 손익(파생상품)
4563,202309,0011387,스코리인슈어런스아시아퍼시픽피티이엘티디한국지점,A22,파생상품 평가 손실,46028000,46028000,외국손보사,B,SI023,부문별 손익(파생상품)
4564,202312,0011387,스코리인슈어런스아시아퍼시픽피티이엘티디한국지점,A,파생상품 관련 손익,0,524347000,외국손보사,B,SI023,부문별 손익(파생상품)
4565,202312,0011387,스코리인슈어런스아시아퍼시픽피티이엘티디한국지점,A1,파생상품 관련 손익_파생상품 관련 이익,-46028000,524347000,외국손보사,B,SI023,부문별 손익(파생상품)
4566,202312,0011387,스코리인슈어런스아시아퍼시픽피티이엘티디한국지점,A11,파생상품 거래 이익,-46028000,524347000,외국손보사,B,SI023,부문별 손익(파생상품)
4567,202312,0011387,스코리인슈어런스아시아퍼시픽피티이엘티디한국지점,A12,파생상품 평가 이익,0,0,외국손보사,B,SI023,부문별 손익(파생상품)
4568,202312,0011387,스코리인슈어런스아시아퍼시픽피티이엘티디한국지점,A2,파생상품 관련 손실,-46028000,0,외국손보사,B,SI023,부문별 손익(파생상품)
4569,202312,0011387,스코리인슈어런스아시아퍼시픽피티이엘티디한국지점,A21,파생상품 거래 손실,0,0,외국손보사,B,SI023,부문별 손익(파생상품)
4570,202312,0011387,스코리인슈어런스아시아퍼시픽피티이엘티디한국지점,A22,파생상품 평가 손실,-46028000,0,외국손보사,B,SI023,부문별 손익(파생상품)
4571,202403,0011387,스코리인슈어런스아시아퍼시픽피티이엘티디한국지점,A,파생상품 관련 손익,415245000,415245000,외국손보사,B,SI023,부문별 손익(파생상품)
4572,202403,0011387,스코리인슈어런스아시아퍼시픽피티이엘티디한국지점,A1,파생상품 관련 손익_파생상품 관련 이익,415245000,415245000,외국손보사,B,SI023,부문별 손익(파생상품)
4573,202403,0011387,스코리인슈어런스아시아퍼시픽피티이엘티디한국지점,A11,파생상품 거래 이익,415245000,415245000,외국손보사,B,SI023,부문별 손익(파생상품)
4574,202403,0011387,스코리인슈어런스아시아퍼시픽피티이엘티디한국지점,A12,파생상품 평가 이익,0,0,외국손보사,B,SI023,부문별 손익(파생상품)
4575,202403,0011387,스코리인슈어런스아시아퍼시픽피티이엘티디한국지점,A2,파생상품 관련 손실,0,0,외국손보사,B,SI023,부문별 손익(파생상품)
4576,202403,0011387,스코리인슈어런스아시아퍼시픽피티이엘티디한국지점,A21,파생상품 거래 손실,0,0,외국손보사,B,SI023,부문별 손익(파생상품)
4577,202403,0011387,스코리인슈어런스아시아퍼시픽피티이엘티디한국지점,A22,파생상품 평가 손실,0,0,외국손보사,B,SI023,부문별 손익(파생상품)
4578,202406,0011387,스코리인슈어런스아시아퍼시픽피티이엘티디한국지점,A,파생상품 관련 손익,2788978000,3204223000,외국손보사,B,SI023,부문별 손익(파생상품)
4579,202406,0011387,스코리인슈어런스아시아퍼시픽피티이엘티디한국지점,A1,파생상품 관련 손익_파생상품 관련 이익,2788978000,3204223000,외국손보사,B,SI023,부문별 손익(파생상품)
4580,202406,0011387,스코리인슈어런스아시아퍼시픽피티이엘티디한국지점,A11,파생상품 거래 이익,2788978000,3204223000,외국손보사,B,SI023,부문별 손익(파생상품)
4581,202406,0011387,스코리인슈어런스아시아퍼시픽피티이엘티디한국지점,A12,파생상품 평가 이익,0,0,외국손보사,B,SI023,부문별 손익(파생상품)
4582,202406,0011387,스코리인슈어런스아시아퍼시픽피티이엘티디한국지점,A2,파생상품 관련 손실,0,0,외국손보사,B,SI023,부문별 손익(파생상품)
4583,202406,0011387,스코리인슈어런스아시아퍼시픽피티이엘티디한국지점,A21,파생상품 거래 손실,0,0,외국손보사,B,SI023,부문별 손익(파생상품)
4584,202406,0011387,스코리인슈어런스아시아퍼시픽피티이엘티디한국지점,A22,파생상품 평가 손실,0,0,외국손보사,B,SI023,부문별 손익(파생상품)
4585,202409,0011387,스코리인슈어런스아시아퍼시픽피티이엘티디한국지점,A,파생상품 관련 손익,-1559329000,1644894000,외국손보사,B,SI023,부문별 손익(파생상품)
4586,202409,0011387,스코리인슈어런스아시아퍼시픽피티이엘티디한국지점,A1,파생상품 관련 손익_파생상품 관련 이익,174993000,3379216000,외국손보사,B,SI023,부문별 손익(파생상품)
4587,202409,0011387,스코리인슈어런스아시아퍼시픽피티이엘티디한국지점,A11,파생상품 거래 이익,174993000,3379216000,외국손보사,B,SI023,부문별 손익(파생상품)
4588,202409,0011387,스코리인슈어런스아시아퍼시픽피티이엘티디한국지점,A12,파생상품 평가 이익,0,0,외국손보사,B,SI023,부문별 손익(파생상품)
4589,202409,0011387,스코리인슈어런스아시아퍼시픽피티이엘티디한국지점,A2,파생상품 관련 손실,1734322000,1734322000,외국손보사,B,SI023,부문별 손익(파생상품)
4590,202409,0011387,스코리인슈어런스아시아퍼시픽피티이엘티디한국지점,A21,파생상품 거래 손실,0,0,외국손보사,B,SI023,부문별 손익(파생상품)
4591,202409,0011387,스코리인슈어런스아시아퍼시픽피티이엘티디한국지점,A22,파생상품 평가 손실,1734322000,1734322000,외국손보사,B,SI023,부문별 손익(파생상품)
4592,202412,0011387,스코리인슈어런스아시아퍼시픽피티이엘티디한국지점,A,파생상품 관련 손익,2768050000,4412944000,외국손보사,B,SI023,부문별 손익(파생상품)
4593,202412,0011387,스코리인슈어런스아시아퍼시픽피티이엘티디한국지점,A1,파생상품 관련 손익_파생상품 관련 이익,0,3379216000,외국손보사,B,SI023,부문별 손익(파생상품)
4594,202412,0011387,스코리인슈어런스아시아퍼시픽피티이엘티디한국지점,A11,파생상품 거래 이익,0,3379216000,외국손보사,B,SI023,부문별 손익(파생상품)
4595,202412,0011387,스코리인슈어런스아시아퍼시픽피티이엘티디한국지점,A12,파생상품 평가 이익,0,0,외국손보사,B,SI023,부문별 손익(파생상품)
4596,202412,0011387,스코리인슈어런스아시아퍼시픽피티이엘티디한국지점,A2,파생상품 관련 손실,-2768050000,-1033728000,외국손보사,B,SI023,부문별 손익(파생상품)
4597,202412,0011387,스코리인슈어런스아시아퍼시픽피티이엘티디한국지점,A21,파생상품 거래 손실,0,0,외국손보사,B,SI023,부문별 손익(파생상품)
4598,202412,0011387,스코리인슈어런스아시아퍼시픽피티이엘티디한국지점,A22,파생상품 평가 손실,-2768050000,-1033728000,외국손보사,B,SI023,부문별 손익(파생상품)
4599,202503,0011387,스코리인슈어런스아시아퍼시픽피티이엘티디한국지점,A,파생상품 관련 손익,678947000,678947000,외국손보사,B,SI023,부문별 손익(파생상품)
4600,202503,0011387,스코리인슈어런스아시아퍼시픽피티이엘티디한국지점,A1,파생상품 관련 손익_파생상품 관련 이익,0,0,외국손보사,B,SI023,부문별 손익(파생상품)
4601,202503,0011387,스코리인슈어런스아시아퍼시픽피티이엘티디한국지점,A11,파생상품 거래 이익,0,0,외국손보사,B,SI023,부문별 손익(파생상품)
4602,202503,0011387,스코리인슈어런스아시아퍼시픽피티이엘티디한국지점,A12,파생상품 평가 이익,0,0,외국손보사,B,SI023,부문별 손익(파생상품)
4603,202503,0011387,스코리인슈어런스아시아퍼시픽피티이엘티디한국지점,A2,파생상품 관련 손실,-678947000,-678947000,외국손보사,B,SI023,부문별 손익(파생상품)
4604,202503,0011387,스코리인슈어런스아시아퍼시픽피티이엘티디한국지점,A21,파생상품 거래 손실,0,0,외국손보사,B,SI023,부문별 손익(파생상품)
4605,202503,0011387,스코리인슈어런스아시아퍼시픽피티이엘티디한국지점,A22,파생상품 평가 손실,-678947000,-678947000,외국손보사,B,SI023,부문별 손익(파생상품)
4606,202506,0011387,스코리인슈어런스아시아퍼시픽피티이엘티디한국지점,A,파생상품 관련 손익,-1869460000,-1190513000,외국손보사,B,SI023,부문별 손익(파생상품)
4607,202506,0011387,스코리인슈어런스아시아퍼시픽피티이엘티디한국지점,A1,파생상품 관련 손익_파생상품 관련 이익,0,0,외국손보사,B,SI023,부문별 손익(파생상품)
4608,202506,0011387,스코리인슈어런스아시아퍼시픽피티이엘티디한국지점,A11,파생상품 거래 이익,0,0,외국손보사,B,SI023,부문별 손익(파생상품)
4609,202506,0011387,스코리인슈어런스아시아퍼시픽피티이엘티디한국지점,A12,파생상품 평가 이익,0,0,외국손보사,B,SI023,부문별 손익(파생상품)
4610,202506,0011387,스코리인슈어런스아시아퍼시픽피티이엘티디한국지점,A2,파생상품 관련 손실,1869460000,1190513000,외국손보사,B,SI023,부문별 손익(파생상품)
4611,202506,0011387,스코리인슈어런스아시아퍼시픽피티이엘티디한국지점,A21,파생상품 거래 손실,0,0,외국손보사,B,SI023,부문별 손익(파생상품)
4612,202506,0011387,스코리인슈어런스아시아퍼시픽피티이엘티디한국지점,A22,파생상품 평가 손실,1869460000,1190513000,외국손보사,B,SI023,부문별 손익(파생상품)
4613,202509,0011387,스코리인슈어런스아시아퍼시픽피티이엘티디한국지점,A,파생상품 관련 손익,172507000,-1018006000,외국손보사,B,SI023,부문별 손익(파생상품)
4614,202509,0011387,스코리인슈어런스아시아퍼시픽피티이엘티디한국지점,A1,파생상품 관련 손익_파생상품 관련 이익,0,0,외국손보사,B,SI023,부문별 손익(파생상품)
4615,202509,0011387,스코리인슈어런스아시아퍼시픽피티이엘티디한국지점,A11,파생상품 거래 이익,0,0,외국손보사,B,SI023,부문별 손익(파생상품)
4616,202509,0011387,스코리인슈어런스아시아퍼시픽피티이엘티디한국지점,A12,파생상품 평가 이익,0,0,외국손보사,B,SI023,부문별 손익(파생상품)
4617,202509,0011387,스코리인슈어런스아시아퍼시픽피티이엘티디한국지점,A2,파생상품 관련 손실,-172507000,1018006000,외국손보사,B,SI023,부문별 손익(파생상품)
4618,202509,0011387,스코리인슈어런스아시아퍼시픽피티이엘티디한국지점,A21,파생상품 거래 손실,53920000,53920000,외국손보사,B,SI023,부문별 손익(파생상품)
4619,202509,0011387,스코리인슈어런스아시아퍼시픽피티이엘티디한국지점,A22,파생상품 평가 손실,-226427000,964086000,외국손보사,B,SI023,부문별 손익(파생상품)
4620,202412,0020910,스타인터내셔널인슈어런스싱가포르한국지점,A,파생상품 관련 손익,0,0,외국손보사,B,SI023,부문별 손익(파생상품)
4621,202412,0020910,스타인터내셔널인슈어런스싱가포르한국지점,A1,파생상품 관련 손익_파생상품 관련 이익,0,0,외국손보사,B,SI023,부문별 손익(파생상품)
4622,202412,0020910,스타인터내셔널인슈어런스싱가포르한국지점,A11,파생상품 거래 이익,0,0,외국손보사,B,SI023,부문별 손익(파생상품)
4623,202412,0020910,스타인터내셔널인슈어런스싱가포르한국지점,A12,파생상품 평가 이익,0,0,외국손보사,B,SI023,부문별 손익(파생상품)
4624,202412,0020910,스타인터내셔널인슈어런스싱가포르한국지점,A2,파생상품 관련 손실,0,0,외국손보사,B,SI023,부문별 손익(파생상품)
4625,202412,0020910,스타인터내셔널인슈어런스싱가포르한국지점,A21,파생상품 거래 손실,0,0,외국손보사,B,SI023,부문별 손익(파생상품)
4626,202412,0020910,스타인터내셔널인슈어런스싱가포르한국지점,A22,파생상품 평가 손실,0,0,외국손보사,B,SI023,부문별 손익(파생상품)
4627,202503,0020910,스타인터내셔널인슈어런스싱가포르한국지점,A,파생상품 관련 손익,0,0,외국손보사,B,SI023,부문별 손익(파생상품)
4628,202503,0020910,스타인터내셔널인슈어런스싱가포르한국지점,A1,파생상품 관련 손익_파생상품 관련 이익,0,0,외국손보사,B,SI023,부문별 손익(파생상품)
4629,202503,0020910,스타인터내셔널인슈어런스싱가포르한국지점,A11,파생상품 거래 이익,0,0,외국손보사,B,SI023,부문별 손익(파생상품)
4630,202503,0020910,스타인터내셔널인슈어런스싱가포르한국지점,A12,파생상품 평가 이익,0,0,외국손보사,B,SI023,부문별 손익(파생상품)
4631,202503,0020910,스타인터내셔널인슈어런스싱가포르한국지점,A2,파생상품 관련 손실,0,0,외국손보사,B,SI023,부문별 손익(파생상품)
4632,202503,0020910,스타인터내셔널인슈어런스싱가포르한국지점,A21,파생상품 거래 손실,0,0,외국손보사,B,SI023,부문별 손익(파생상품)
4633,202503,0020910,스타인터내셔널인슈어런스싱가포르한국지점,A22,파생상품 평가 손실,0,0,외국손보사,B,SI023,부문별 손익(파생상품)
4634,202506,0020910,스타인터내셔널인슈어런스싱가포르한국지점,A,파생상품 관련 손익,0,0,외국손보사,B,SI023,부문별 손익(파생상품)
4635,202506,0020910,스타인터내셔널인슈어런스싱가포르한국지점,A1,파생상품 관련 손익_파생상품 관련 이익,0,0,외국손보사,B,SI023,부문별 손익(파생상품)
4636,202506,0020910,스타인터내셔널인슈어런스싱가포르한국지점,A11,파생상품 거래 이익,0,0,외국손보사,B,SI023,부문별 손익(파생상품)
4637,202506,0020910,스타인터내셔널인슈어런스싱가포르한국지점,A12,파생상품 평가 이익,0,0,외국손보사,B,SI023,부문별 손익(파생상품)
4638,202506,0020910,스타인터내셔널인슈어런스싱가포르한국지점,A2,파생상품 관련 손실,0,0,외국손보사,B,SI023,부문별 손익(파생상품)
4639,202506,0020910,스타인터내셔널인슈어런스싱가포르한국지점,A21,파생상품 거래 손실,0,0,외국손보사,B,SI023,부문별 손익(파생상품)
4640,202506,0020910,스타인터내셔널인슈어런스싱가포르한국지점,A22,파생상품 평가 손실,0,0,외국손보사,B,SI023,부문별 손익(파생상품)
4641,202509,0020910,스타인터내셔널인슈어런스싱가포르한국지점,A,파생상품 관련 손익,0,0,외국손보사,B,SI023,부문별 손익(파생상품)
4642,202509,0020910,스타인터내셔널인슈어런스싱가포르한국지점,A1,파생상품 관련 손익_파생상품 관련 이익,0,0,외국손보사,B,SI023,부문별 손익(파생상품)
4643,202509,0020910,스타인터내셔널인슈어런스싱가포르한국지점,A11,파생상품 거래 이익,0,0,외국손보사,B,SI023,부문별 손익(파생상품)
4644,202509,0020910,스타인터내셔널인슈어런스싱가포르한국지점,A12,파생상품 평가 이익,0,0,외국손보사,B,SI023,부문별 손익(파생상품)
4645,202509,0020910,스타인터내셔널인슈어런스싱가포르한국지점,A2,파생상품 관련 손실,0,0,외국손보사,B,SI023,부문별 손익(파생상품)
4646,202509,0020910,스타인터내셔널인슈어런스싱가포르한국지점,A21,파생상품 거래 손실,0,0,외국손보사,B,SI023,부문별 손익(파생상품)
4647,202509,0020910,스타인터내셔널인슈어런스싱가포르한국지점,A22,파생상품 평가 손실,0,0,외국손보사,B,SI023,부문별 손익(파생상품)
4648,201703,0010653,악사손해보험주식회사,A,파생상품 관련 손익,0,0,외국손보사,B,SI023,부문별 손익(파생상품)
4649,201703,0010653,악사손해보험주식회사,A1,파생상품 관련 이익,0,0,외국손보사,B,SI023,부문별 손익(파생상품)
4650,201703,0010653,악사손해보험주식회사,A11,파생상품 관련 이익_파생상품 거래 이익,0,0,외국손보사,B,SI023,부문별 손익(파생상품)
4651,201703,0010653,악사손해보험주식회사,A12,파생상품 관련 이익_파생상품 평가 이익,0,0,외국손보사,B,SI023,부문별 손익(파생상품)
4652,201703,0010653,악사손해보험주식회사,A2,파생상품 관련 손실,0,0,외국손보사,B,SI023,부문별 손익(파생상품)
4653,201703,0010653,악사손해보험주식회사,A21,파생상품 관련 손실_파생상품 거래 손실,0,0,외국손보사,B,SI023,부문별 손익(파생상품)
4654,201703,0010653,악사손해보험주식회사,A22,파생상품 평가 손실,0,0,외국손보사,B,SI023,부문별 손익(파생상품)
4655,201706,0010653,악사손해보험주식회사,A,파생상품 관련 손익,0,0,외국손보사,B,SI023,부문별 손익(파생상품)
4656,201706,0010653,악사손해보험주식회사,A1,파생상품 관련 이익,0,0,외국손보사,B,SI023,부문별 손익(파생상품)
4657,201706,0010653,악사손해보험주식회사,A11,파생상품 관련 이익_파생상품 거래 이익,0,0,외국손보사,B,SI023,부문별 손익(파생상품)
4658,201706,0010653,악사손해보험주식회사,A12,파생상품 관련 이익_파생상품 평가 이익,0,0,외국손보사,B,SI023,부문별 손익(파생상품)
4659,201706,0010653,악사손해보험주식회사,A2,파생상품 관련 손실,0,0,외국손보사,B,SI023,부문별 손익(파생상품)
4660,201706,0010653,악사손해보험주식회사,A21,파생상품 관련 손실_파생상품 거래 손실,0,0,외국손보사,B,SI023,부문별 손익(파생상품)
4661,201706,0010653,악사손해보험주식회사,A22,파생상품 평가 손실,0,0,외국손보사,B,SI023,부문별 손익(파생상품)
4662,201709,0010653,악사손해보험주식회사,A,파생상품 관련 손익,0,0,외국손보사,B,SI023,부문별 손익(파생상품)
4663,201709,0010653,악사손해보험주식회사,A1,파생상품 관련 이익,0,0,외국손보사,B,SI023,부문별 손익(파생상품)
4664,201709,0010653,악사손해보험주식회사,A11,파생상품 관련 이익_파생상품 거래 이익,0,0,외국손보사,B,SI023,부문별 손익(파생상품)
4665,201709,0010653,악사손해보험주식회사,A12,파생상품 관련 이익_파생상품 평가 이익,0,0,외국손보사,B,SI023,부문별 손익(파생상품)
4666,201709,0010653,악사손해보험주식회사,A2,파생상품 관련 손실,0,0,외국손보사,B,SI023,부문별 손익(파생상품)
4667,201709,0010653,악사손해보험주식회사,A21,파생상품 관련 손실_파생상품 거래 손실,0,0,외국손보사,B,SI023,부문별 손익(파생상품)
4668,201709,0010653,악사손해보험주식회사,A22,파생상품 평가 손실,0,0,외국손보사,B,SI023,부문별 손익(파생상품)
4669,201712,0010653,악사손해보험주식회사,A,파생상품 관련 손익,0,0,외국손보사,B,SI023,부문별 손익(파생상품)
4670,201712,0010653,악사손해보험주식회사,A1,파생상품 관련 이익,0,0,외국손보사,B,SI023,부문별 손익(파생상품)
4671,201712,0010653,악사손해보험주식회사,A11,파생상품 관련 이익_파생상품 거래 이익,0,0,외국손보사,B,SI023,부문별 손익(파생상품)
4672,201712,0010653,악사손해보험주식회사,A12,파생상품 관련 이익_파생상품 평가 이익,0,0,외국손보사,B,SI023,부문별 손익(파생상품)
4673,201712,0010653,악사손해보험주식회사,A2,파생상품 관련 손실,0,0,외국손보사,B,SI023,부문별 손익(파생상품)
4674,201712,0010653,악사손해보험주식회사,A21,파생상품 관련 손실_파생상품 거래 손실,0,0,외국손보사,B,SI023,부문별 손익(파생상품)
4675,201712,0010653,악사손해보험주식회사,A22,파생상품 평가 손실,0,0,외국손보사,B,SI023,부문별 손익(파생상품)
4676,201803,0010653,악사손해보험주식회사,A,파생상품 관련 손익,0,0,외국손보사,B,SI023,부문별 손익(파생상품)
4677,201803,0010653,악사손해보험주식회사,A1,파생상품 관련 이익,0,0,외국손보사,B,SI023,부문별 손익(파생상품)
4678,201803,0010653,악사손해보험주식회사,A11,파생상품 관련 이익_파생상품 거래 이익,0,0,외국손보사,B,SI023,부문별 손익(파생상품)
4679,201803,0010653,악사손해보험주식회사,A12,파생상품 관련 이익_파생상품 평가 이익,0,0,외국손보사,B,SI023,부문별 손익(파생상품)
4680,201803,0010653,악사손해보험주식회사,A2,파생상품 관련 손실,0,0,외국손보사,B,SI023,부문별 손익(파생상품)
4681,201803,0010653,악사손해보험주식회사,A21,파생상품 관련 손실_파생상품 거래 손실,0,0,외국손보사,B,SI023,부문별 손익(파생상품)
4682,201803,0010653,악사손해보험주식회사,A22,파생상품 평가 손실,0,0,외국손보사,B,SI023,부문별 손익(파생상품)
4683,201806,0010653,악사손해보험주식회사,A,파생상품 관련 손익,0,0,외국손보사,B,SI023,부문별 손익(파생상품)
4684,201806,0010653,악사손해보험주식회사,A1,파생상품 관련 이익,0,0,외국손보사,B,SI023,부문별 손익(파생상품)
4685,201806,0010653,악사손해보험주식회사,A11,파생상품 관련 이익_파생상품 거래 이익,0,0,외국손보사,B,SI023,부문별 손익(파생상품)
4686,201806,0010653,악사손해보험주식회사,A12,파생상품 관련 이익_파생상품 평가 이익,0,0,외국손보사,B,SI023,부문별 손익(파생상품)
4687,201806,0010653,악사손해보험주식회사,A2,파생상품 관련 손실,0,0,외국손보사,B,SI023,부문별 손익(파생상품)
4688,201806,0010653,악사손해보험주식회사,A21,파생상품 관련 손실_파생상품 거래 손실,0,0,외국손보사,B,SI023,부문별 손익(파생상품)
4689,201806,0010653,악사손해보험주식회사,A22,파생상품 평가 손실,0,0,외국손보사,B,SI023,부문별 손익(파생상품)
4690,201809,0010653,악사손해보험주식회사,A,파생상품 관련 손익,0,0,외국손보사,B,SI023,부문별 손익(파생상품)
4691,201809,0010653,악사손해보험주식회사,A1,파생상품 관련 이익,0,0,외국손보사,B,SI023,부문별 손익(파생상품)
4692,201809,0010653,악사손해보험주식회사,A11,파생상품 관련 이익_파생상품 거래 이익,0,0,외국손보사,B,SI023,부문별 손익(파생상품)
4693,201809,0010653,악사손해보험주식회사,A12,파생상품 관련 이익_파생상품 평가 이익,0,0,외국손보사,B,SI023,부문별 손익(파생상품)
4694,201809,0010653,악사손해보험주식회사,A2,파생상품 관련 손실,0,0,외국손보사,B,SI023,부문별 손익(파생상품)
4695,201809,0010653,악사손해보험주식회사,A21,파생상품 관련 손실_파생상품 거래 손실,0,0,외국손보사,B,SI023,부문별 손익(파생상품)
4696,201809,0010653,악사손해보험주식회사,A22,파생상품 평가 손실,0,0,외국손보사,B,SI023,부문별 손익(파생상품)
4697,201812,0010653,악사손해보험주식회사,A,파생상품 관련 손익,0,0,외국손보사,B,SI023,부문별 손익(파생상품)
4698,201812,0010653,악사손해보험주식회사,A1,파생상품 관련 이익,0,0,외국손보사,B,SI023,부문별 손익(파생상품)
4699,201812,0010653,악사손해보험주식회사,A11,파생상품 관련 이익_파생상품 거래 이익,0,0,외국손보사,B,SI023,부문별 손익(파생상품)
4700,201812,0010653,악사손해보험주식회사,A12,파생상품 관련 이익_파생상품 평가 이익,0,0,외국손보사,B,SI023,부문별 손익(파생상품)
4701,201812,0010653,악사손해보험주식회사,A2,파생상품 관련 손실,0,0,외국손보사,B,SI023,부문별 손익(파생상품)
4702,201812,0010653,악사손해보험주식회사,A21,파생상품 관련 손실_파생상품 거래 손실,0,0,외국손보사,B,SI023,부문별 손익(파생상품)
4703,201812,0010653,악사손해보험주식회사,A22,파생상품 평가 손실,0,0,외국손보사,B,SI023,부문별 손익(파생상품)
4704,201903,0010653,악사손해보험주식회사,A,파생상품 관련 손익,0,0,외국손보사,B,SI023,부문별 손익(파생상품)
4705,201903,0010653,악사손해보험주식회사,A1,파생상품 관련 이익,0,0,외국손보사,B,SI023,부문별 손익(파생상품)
4706,201903,0010653,악사손해보험주식회사,A11,파생상품 관련 이익_파생상품 거래 이익,0,0,외국손보사,B,SI023,부문별 손익(파생상품)
4707,201903,0010653,악사손해보험주식회사,A12,파생상품 관련 이익_파생상품 평가 이익,0,0,외국손보사,B,SI023,부문별 손익(파생상품)
4708,201903,0010653,악사손해보험주식회사,A2,파생상품 관련 손실,0,0,외국손보사,B,SI023,부문별 손익(파생상품)
4709,201903,0010653,악사손해보험주식회사,A21,파생상품 관련 손실_파생상품 거래 손실,0,0,외국손보사,B,SI023,부문별 손익(파생상품)
4710,201903,0010653,악사손해보험주식회사,A22,파생상품 평가 손실,0,0,외국손보사,B,SI023,부문별 손익(파생상품)
4711,201906,0010653,악사손해보험주식회사,A,파생상품 관련 손익,0,0,외국손보사,B,SI023,부문별 손익(파생상품)
4712,201906,0010653,악사손해보험주식회사,A1,파생상품 관련 이익,0,0,외국손보사,B,SI023,부문별 손익(파생상품)
4713,201906,0010653,악사손해보험주식회사,A11,파생상품 관련 이익_파생상품 거래 이익,0,0,외국손보사,B,SI023,부문별 손익(파생상품)
4714,201906,0010653,악사손해보험주식회사,A12,파생상품 관련 이익_파생상품 평가 이익,0,0,외국손보사,B,SI023,부문별 손익(파생상품)
4715,201906,0010653,악사손해보험주식회사,A2,파생상품 관련 손실,0,0,외국손보사,B,SI023,부문별 손익(파생상품)
4716,201906,0010653,악사손해보험주식회사,A21,파생상품 관련 손실_파생상품 거래 손실,0,0,외국손보사,B,SI023,부문별 손익(파생상품)
4717,201906,0010653,악사손해보험주식회사,A22,파생상품 평가 손실,0,0,외국손보사,B,SI023,부문별 손익(파생상품)
4718,201909,0010653,악사손해보험주식회사,A,파생상품 관련 손익,0,0,외국손보사,B,SI023,부문별 손익(파생상품)
4719,201909,0010653,악사손해보험주식회사,A1,파생상품 관련 이익,0,0,외국손보사,B,SI023,부문별 손익(파생상품)
4720,201909,0010653,악사손해보험주식회사,A11,파생상품 관련 이익_파생상품 거래 이익,0,0,외국손보사,B,SI023,부문별 손익(파생상품)
4721,201909,0010653,악사손해보험주식회사,A12,파생상품 관련 이익_파생상품 평가 이익,0,0,외국손보사,B,SI023,부문별 손익(파생상품)
4722,201909,0010653,악사손해보험주식회사,A2,파생상품 관련 손실,0,0,외국손보사,B,SI023,부문별 손익(파생상품)
4723,201909,0010653,악사손해보험주식회사,A21,파생상품 관련 손실_파생상품 거래 손실,0,0,외국손보사,B,SI023,부문별 손익(파생상품)
4724,201909,0010653,악사손해보험주식회사,A22,파생상품 평가 손실,0,0,외국손보사,B,SI023,부문별 손익(파생상품)
4725,201912,0010653,악사손해보험주식회사,A,파생상품 관련 손익,0,0,외국손보사,B,SI023,부문별 손익(파생상품)
4726,201912,0010653,악사손해보험주식회사,A1,파생상품 관련 이익,0,0,외국손보사,B,SI023,부문별 손익(파생상품)
4727,201912,0010653,악사손해보험주식회사,A11,파생상품 관련 이익_파생상품 거래 이익,0,0,외국손보사,B,SI023,부문별 손익(파생상품)
4728,201912,0010653,악사손해보험주식회사,A12,파생상품 관련 이익_파생상품 평가 이익,0,0,외국손보사,B,SI023,부문별 손익(파생상품)
4729,201912,0010653,악사손해보험주식회사,A2,파생상품 관련 손실,0,0,외국손보사,B,SI023,부문별 손익(파생상품)
4730,201912,0010653,악사손해보험주식회사,A21,파생상품 관련 손실_파생상품 거래 손실,0,0,외국손보사,B,SI023,부문별 손익(파생상품)
4731,201912,0010653,악사손해보험주식회사,A22,파생상품 평가 손실,0,0,외국손보사,B,SI023,부문별 손익(파생상품)
4732,202003,0010653,악사손해보험주식회사,A,파생상품 관련 손익,0,0,외국손보사,B,SI023,부문별 손익(파생상품)
4733,202003,0010653,악사손해보험주식회사,A1,파생상품 관련 이익,0,0,외국손보사,B,SI023,부문별 손익(파생상품)
4734,202003,0010653,악사손해보험주식회사,A11,파생상품 관련 이익_파생상품 거래 이익,0,0,외국손보사,B,SI023,부문별 손익(파생상품)
4735,202003,0010653,악사손해보험주식회사,A12,파생상품 관련 이익_파생상품 평가 이익,0,0,외국손보사,B,SI023,부문별 손익(파생상품)
4736,202003,0010653,악사손해보험주식회사,A2,파생상품 관련 손실,0,0,외국손보사,B,SI023,부문별 손익(파생상품)
4737,202003,0010653,악사손해보험주식회사,A21,파생상품 관련 손실_파생상품 거래 손실,0,0,외국손보사,B,SI023,부문별 손익(파생상품)
4738,202003,0010653,악사손해보험주식회사,A22,파생상품 평가 손실,0,0,외국손보사,B,SI023,부문별 손익(파생상품)
4739,202006,0010653,악사손해보험주식회사,A,파생상품 관련 손익,0,0,외국손보사,B,SI023,부문별 손익(파생상품)
4740,202006,0010653,악사손해보험주식회사,A1,파생상품 관련 이익,0,0,외국손보사,B,SI023,부문별 손익(파생상품)
4741,202006,0010653,악사손해보험주식회사,A11,파생상품 관련 이익_파생상품 거래 이익,0,0,외국손보사,B,SI023,부문별 손익(파생상품)
4742,202006,0010653,악사손해보험주식회사,A12,파생상품 관련 이익_파생상품 평가 이익,0,0,외국손보사,B,SI023,부문별 손익(파생상품)
4743,202006,0010653,악사손해보험주식회사,A2,파생상품 관련 손실,0,0,외국손보사,B,SI023,부문별 손익(파생상품)
4744,202006,0010653,악사손해보험주식회사,A21,파생상품 관련 손실_파생상품 거래 손실,0,0,외국손보사,B,SI023,부문별 손익(파생상품)
4745,202006,0010653,악사손해보험주식회사,A22,파생상품 평가 손실,0,0,외국손보사,B,SI023,부문별 손익(파생상품)
4746,202009,0010653,악사손해보험주식회사,A,파생상품 관련 손익,0,0,외국손보사,B,SI023,부문별 손익(파생상품)
4747,202009,0010653,악사손해보험주식회사,A1,파생상품 관련 이익,0,0,외국손보사,B,SI023,부문별 손익(파생상품)
4748,202009,0010653,악사손해보험주식회사,A11,파생상품 관련 이익_파생상품 거래 이익,0,0,외국손보사,B,SI023,부문별 손익(파생상품)
4749,202009,0010653,악사손해보험주식회사,A12,파생상품 관련 이익_파생상품 평가 이익,0,0,외국손보사,B,SI023,부문별 손익(파생상품)
4750,202009,0010653,악사손해보험주식회사,A2,파생상품 관련 손실,0,0,외국손보사,B,SI023,부문별 손익(파생상품)
4751,202009,0010653,악사손해보험주식회사,A21,파생상품 관련 손실_파생상품 거래 손실,0,0,외국손보사,B,SI023,부문별 손익(파생상품)
4752,202009,0010653,악사손해보험주식회사,A22,파생상품 평가 손실,0,0,외국손보사,B,SI023,부문별 손익(파생상품)
4753,202012,0010653,악사손해보험주식회사,A,파생상품 관련 손익,0,0,외국손보사,B,SI023,부문별 손익(파생상품)
4754,202012,0010653,악사손해보험주식회사,A1,파생상품 관련 이익,0,0,외국손보사,B,SI023,부문별 손익(파생상품)
4755,202012,0010653,악사손해보험주식회사,A11,파생상품 관련 이익_파생상품 거래 이익,0,0,외국손보사,B,SI023,부문별 손익(파생상품)
4756,202012,0010653,악사손해보험주식회사,A12,파생상품 관련 이익_파생상품 평가 이익,0,0,외국손보사,B,SI023,부문별 손익(파생상품)
4757,202012,0010653,악사손해보험주식회사,A2,파생상품 관련 손실,0,0,외국손보사,B,SI023,부문별 손익(파생상품)
4758,202012,0010653,악사손해보험주식회사,A21,파생상품 관련 손실_파생상품 거래 손실,0,0,외국손보사,B,SI023,부문별 손익(파생상품)
4759,202012,0010653,악사손해보험주식회사,A22,파생상품 평가 손실,0,0,외국손보사,B,SI023,부문별 손익(파생상품)
4760,202103,0010653,악사손해보험주식회사,A,파생상품 관련 손익,0,0,외국손보사,B,SI023,부문별 손익(파생상품)
4761,202103,0010653,악사손해보험주식회사,A1,파생상품 관련 이익,0,0,외국손보사,B,SI023,부문별 손익(파생상품)
4762,202103,0010653,악사손해보험주식회사,A11,파생상품 관련 이익_파생상품 거래 이익,0,0,외국손보사,B,SI023,부문별 손익(파생상품)
4763,202103,0010653,악사손해보험주식회사,A12,파생상품 관련 이익_파생상품 평가 이익,0,0,외국손보사,B,SI023,부문별 손익(파생상품)
4764,202103,0010653,악사손해보험주식회사,A2,파생상품 관련 손실,0,0,외국손보사,B,SI023,부문별 손익(파생상품)
4765,202103,0010653,악사손해보험주식회사,A21,파생상품 관련 손실_파생상품 거래 손실,0,0,외국손보사,B,SI023,부문별 손익(파생상품)
4766,202103,0010653,악사손해보험주식회사,A22,파생상품 평가 손실,0,0,외국손보사,B,SI023,부문별 손익(파생상품)
4767,202106,0010653,악사손해보험주식회사,A,파생상품 관련 손익,0,0,외국손보사,B,SI023,부문별 손익(파생상품)
4768,202106,0010653,악사손해보험주식회사,A1,파생상품 관련 이익,0,0,외국손보사,B,SI023,부문별 손익(파생상품)
4769,202106,0010653,악사손해보험주식회사,A11,파생상품 관련 이익_파생상품 거래 이익,0,0,외국손보사,B,SI023,부문별 손익(파생상품)
4770,202106,0010653,악사손해보험주식회사,A12,파생상품 관련 이익_파생상품 평가 이익,0,0,외국손보사,B,SI023,부문별 손익(파생상품)
4771,202106,0010653,악사손해보험주식회사,A2,파생상품 관련 손실,0,0,외국손보사,B,SI023,부문별 손익(파생상품)
4772,202106,0010653,악사손해보험주식회사,A21,파생상품 관련 손실_파생상품 거래 손실,0,0,외국손보사,B,SI023,부문별 손익(파생상품)
4773,202106,0010653,악사손해보험주식회사,A22,파생상품 평가 손실,0,0,외국손보사,B,SI023,부문별 손익(파생상품)
4774,202109,0010653,악사손해보험주식회사,A,파생상품 관련 손익,0,0,외국손보사,B,SI023,부문별 손익(파생상품)
4775,202109,0010653,악사손해보험주식회사,A1,파생상품 관련 이익,0,0,외국손보사,B,SI023,부문별 손익(파생상품)
4776,202109,0010653,악사손해보험주식회사,A11,파생상품 관련 이익_파생상품 거래 이익,0,0,외국손보사,B,SI023,부문별 손익(파생상품)
4777,202109,0010653,악사손해보험주식회사,A12,파생상품 관련 이익_파생상품 평가 이익,0,0,외국손보사,B,SI023,부문별 손익(파생상품)
4778,202109,0010653,악사손해보험주식회사,A2,파생상품 관련 손실,0,0,외국손보사,B,SI023,부문별 손익(파생상품)
4779,202109,0010653,악사손해보험주식회사,A21,파생상품 관련 손실_파생상품 거래 손실,0,0,외국손보사,B,SI023,부문별 손익(파생상품)
4780,202109,0010653,악사손해보험주식회사,A22,파생상품 평가 손실,0,0,외국손보사,B,SI023,부문별 손익(파생상품)
4781,202112,0010653,악사손해보험주식회사,A,파생상품 관련 손익,0,0,외국손보사,B,SI023,부문별 손익(파생상품)
4782,202112,0010653,악사손해보험주식회사,A1,파생상품 관련 이익,0,0,외국손보사,B,SI023,부문별 손익(파생상품)
4783,202112,0010653,악사손해보험주식회사,A11,파생상품 관련 이익_파생상품 거래 이익,0,0,외국손보사,B,SI023,부문별 손익(파생상품)
4784,202112,0010653,악사손해보험주식회사,A12,파생상품 관련 이익_파생상품 평가 이익,0,0,외국손보사,B,SI023,부문별 손익(파생상품)
4785,202112,0010653,악사손해보험주식회사,A2,파생상품 관련 손실,0,0,외국손보사,B,SI023,부문별 손익(파생상품)
4786,202112,0010653,악사손해보험주식회사,A21,파생상품 관련 손실_파생상품 거래 손실,0,0,외국손보사,B,SI023,부문별 손익(파생상품)
4787,202112,0010653,악사손해보험주식회사,A22,파생상품 평가 손실,0,0,외국손보사,B,SI023,부문별 손익(파생상품)
4788,202203,0010653,악사손해보험주식회사,A,파생상품 관련 손익,0,0,외국손보사,B,SI023,부문별 손익(파생상품)
4789,202203,0010653,악사손해보험주식회사,A1,파생상품 관련 이익,0,0,외국손보사,B,SI023,부문별 손익(파생상품)
4790,202203,0010653,악사손해보험주식회사,A11,파생상품 관련 이익_파생상품 거래 이익,0,0,외국손보사,B,SI023,부문별 손익(파생상품)
4791,202203,0010653,악사손해보험주식회사,A12,파생상품 관련 이익_파생상품 평가 이익,0,0,외국손보사,B,SI023,부문별 손익(파생상품)
4792,202203,0010653,악사손해보험주식회사,A2,파생상품 관련 손실,0,0,외국손보사,B,SI023,부문별 손익(파생상품)
4793,202203,0010653,악사손해보험주식회사,A21,파생상품 관련 손실_파생상품 거래 손실,0,0,외국손보사,B,SI023,부문별 손익(파생상품)
4794,202203,0010653,악사손해보험주식회사,A22,파생상품 평가 손실,0,0,외국손보사,B,SI023,부문별 손익(파생상품)
4795,202206,0010653,악사손해보험주식회사,A,파생상품 관련 손익,0,0,외국손보사,B,SI023,부문별 손익(파생상품)
4796,202206,0010653,악사손해보험주식회사,A1,파생상품 관련 이익,0,0,외국손보사,B,SI023,부문별 손익(파생상품)
4797,202206,0010653,악사손해보험주식회사,A11,파생상품 관련 이익_파생상품 거래 이익,0,0,외국손보사,B,SI023,부문별 손익(파생상품)
4798,202206,0010653,악사손해보험주식회사,A12,파생상품 관련 이익_파생상품 평가 이익,0,0,외국손보사,B,SI023,부문별 손익(파생상품)
4799,202206,0010653,악사손해보험주식회사,A2,파생상품 관련 손실,0,0,외국손보사,B,SI023,부문별 손익(파생상품)
4800,202206,0010653,악사손해보험주식회사,A21,파생상품 관련 손실_파생상품 거래 손실,0,0,외국손보사,B,SI023,부문별 손익(파생상품)
4801,202206,0010653,악사손해보험주식회사,A22,파생상품 평가 손실,0,0,외국손보사,B,SI023,부문별 손익(파생상품)
4802,202209,0010653,악사손해보험주식회사,A,파생상품 관련 손익,-1991527000,-1991527000,외국손보사,B,SI023,부문별 손익(파생상품)
4803,202209,0010653,악사손해보험주식회사,A1,파생상품 관련 이익,0,0,외국손보사,B,SI023,부문별 손익(파생상품)
4804,202209,0010653,악사손해보험주식회사,A11,파생상품 관련 이익_파생상품 거래 이익,0,0,외국손보사,B,SI023,부문별 손익(파생상품)
4805,202209,0010653,악사손해보험주식회사,A12,파생상품 관련 이익_파생상품 평가 이익,0,0,외국손보사,B,SI023,부문별 손익(파생상품)
4806,202209,0010653,악사손해보험주식회사,A2,파생상품 관련 손실,1991527000,1991527000,외국손보사,B,SI023,부문별 손익(파생상품)
4807,202209,0010653,악사손해보험주식회사,A21,파생상품 관련 손실_파생상품 거래 손실,0,0,외국손보사,B,SI023,부문별 손익(파생상품)
4808,202209,0010653,악사손해보험주식회사,A22,파생상품 평가 손실,1991527000,1991527000,외국손보사,B,SI023,부문별 손익(파생상품)
4809,202212,0010653,악사손해보험주식회사,A,파생상품 관련 손익,-1687406000,-3678933000,외국손보사,B,SI023,부문별 손익(파생상품)
4810,202212,0010653,악사손해보험주식회사,A1,파생상품 관련 이익,737642000,737642000,외국손보사,B,SI023,부문별 손익(파생상품)
4811,202212,0010653,악사손해보험주식회사,A11,파생상품 관련 이익_파생상품 거래 이익,0,0,외국손보사,B,SI023,부문별 손익(파생상품)
4812,202212,0010653,악사손해보험주식회사,A12,파생상품 관련 이익_파생상품 평가 이익,737642000,737642000,외국손보사,B,SI023,부문별 손익(파생상품)
4813,202212,0010653,악사손해보험주식회사,A2,파생상품 관련 손실,2425048000,4416575000,외국손보사,B,SI023,부문별 손익(파생상품)
4814,202212,0010653,악사손해보험주식회사,A21,파생상품 관련 손실_파생상품 거래 손실,323396000,323396000,외국손보사,B,SI023,부문별 손익(파생상품)
4815,202212,0010653,악사손해보험주식회사,A22,파생상품 평가 손실,2101652000,4093179000,외국손보사,B,SI023,부문별 손익(파생상품)
4816,202303,0010653,악사손해보험주식회사,A,파생상품 관련 손익,-927848000,-927848000,외국손보사,B,SI023,부문별 손익(파생상품)
4817,202303,0010653,악사손해보험주식회사,A1,파생상품 관련 손익_파생상품 관련 이익,202862000,202862000,외국손보사,B,SI023,부문별 손익(파생상품)
4818,202303,0010653,악사손해보험주식회사,A11,파생상품 거래 이익,0,0,외국손보사,B,SI023,부문별 손익(파생상품)
4819,202303,0010653,악사손해보험주식회사,A12,파생상품 평가 이익,202862000,202862000,외국손보사,B,SI023,부문별 손익(파생상품)
4820,202303,0010653,악사손해보험주식회사,A2,파생상품 관련 손실,1130710000,1130710000,외국손보사,B,SI023,부문별 손익(파생상품)
4821,202303,0010653,악사손해보험주식회사,A21,파생상품 거래 손실,174645000,174645000,외국손보사,B,SI023,부문별 손익(파생상품)
4822,202303,0010653,악사손해보험주식회사,A22,파생상품 평가 손실,956065000,956065000,외국손보사,B,SI023,부문별 손익(파생상품)
4823,202306,0010653,악사손해보험주식회사,A,파생상품 관련 손익,-3379616000,-4307464000,외국손보사,B,SI023,부문별 손익(파생상품)
4824,202306,0010653,악사손해보험주식회사,A1,파생상품 관련 손익_파생상품 관련 이익,-149076000,53786000,외국손보사,B,SI023,부문별 손익(파생상품)
4825,202306,0010653,악사손해보험주식회사,A11,파생상품 거래 이익,0,0,외국손보사,B,SI023,부문별 손익(파생상품)
4826,202306,0010653,악사손해보험주식회사,A12,파생상품 평가 이익,-149076000,53786000,외국손보사,B,SI023,부문별 손익(파생상품)
4827,202306,0010653,악사손해보험주식회사,A2,파생상품 관련 손실,3230540000,4361250000,외국손보사,B,SI023,부문별 손익(파생상품)
4828,202306,0010653,악사손해보험주식회사,A21,파생상품 거래 손실,123258000,297903000,외국손보사,B,SI023,부문별 손익(파생상품)
4829,202306,0010653,악사손해보험주식회사,A22,파생상품 평가 손실,3107282000,4063347000,외국손보사,B,SI023,부문별 손익(파생상품)
4830,202309,0010653,악사손해보험주식회사,A,파생상품 관련 손익,-2370936000,-6678400000,외국손보사,B,SI023,부문별 손익(파생상품)
4831,202309,0010653,악사손해보험주식회사,A1,파생상품 관련 손익_파생상품 관련 이익,-53786000,0,외국손보사,B,SI023,부문별 손익(파생상품)
4832,202309,0010653,악사손해보험주식회사,A11,파생상품 거래 이익,0,0,외국손보사,B,SI023,부문별 손익(파생상품)
4833,202309,0010653,악사손해보험주식회사,A12,파생상품 평가 이익,-53786000,0,외국손보사,B,SI023,부문별 손익(파생상품)
4834,202309,0010653,악사손해보험주식회사,A2,파생상품 관련 손실,2317150000,6678400000,외국손보사,B,SI023,부문별 손익(파생상품)
4835,202309,0010653,악사손해보험주식회사,A21,파생상품 거래 손실,1960075000,2257978000,외국손보사,B,SI023,부문별 손익(파생상품)
4836,202309,0010653,악사손해보험주식회사,A22,파생상품 평가 손실,357075000,4420422000,외국손보사,B,SI023,부문별 손익(파생상품)
4837,202312,0010653,악사손해보험주식회사,A,파생상품 관련 손익,-1133144000,-7811544000,외국손보사,B,SI023,부문별 손익(파생상품)
4838,202312,0010653,악사손해보험주식회사,A1,파생상품 관련 손익_파생상품 관련 이익,3206000,3206000,외국손보사,B,SI023,부문별 손익(파생상품)
4839,202312,0010653,악사손해보험주식회사,A11,파생상품 거래 이익,0,0,외국손보사,B,SI023,부문별 손익(파생상품)
4840,202312,0010653,악사손해보험주식회사,A12,파생상품 평가 이익,3206000,3206000,외국손보사,B,SI023,부문별 손익(파생상품)
4841,202312,0010653,악사손해보험주식회사,A2,파생상품 관련 손실,1136350000,7814750000,외국손보사,B,SI023,부문별 손익(파생상품)
4842,202312,0010653,악사손해보험주식회사,A21,파생상품 거래 손실,314595000,2572573000,외국손보사,B,SI023,부문별 손익(파생상품)
4843,202312,0010653,악사손해보험주식회사,A22,파생상품 평가 손실,821755000,5242177000,외국손보사,B,SI023,부문별 손익(파생상품)
4844,202403,0010653,악사손해보험주식회사,A,파생상품 관련 손익,-3409922000,-3409922000,외국손보사,B,SI023,부문별 손익(파생상품)
4845,202403,0010653,악사손해보험주식회사,A1,파생상품 관련 손익_파생상품 관련 이익,0,0,외국손보사,B,SI023,부문별 손익(파생상품)
4846,202403,0010653,악사손해보험주식회사,A11,파생상품 거래 이익,0,0,외국손보사,B,SI023,부문별 손익(파생상품)
4847,202403,0010653,악사손해보험주식회사,A12,파생상품 평가 이익,0,0,외국손보사,B,SI023,부문별 손익(파생상품)
4848,202403,0010653,악사손해보험주식회사,A2,파생상품 관련 손실,3409922000,3409922000,외국손보사,B,SI023,부문별 손익(파생상품)
4849,202403,0010653,악사손해보험주식회사,A21,파생상품 거래 손실,0,0,외국손보사,B,SI023,부문별 손익(파생상품)
4850,202403,0010653,악사손해보험주식회사,A22,파생상품 평가 손실,3409922000,3409922000,외국손보사,B,SI023,부문별 손익(파생상품)
4851,202406,0010653,악사손해보험주식회사,A,파생상품 관련 손익,-3782534000,-7192456000,외국손보사,B,SI023,부문별 손익(파생상품)
4852,202406,0010653,악사손해보험주식회사,A1,파생상품 관련 손익_파생상품 관련 이익,0,0,외국손보사,B,SI023,부문별 손익(파생상품)
4853,202406,0010653,악사손해보험주식회사,A11,파생상품 거래 이익,0,0,외국손보사,B,SI023,부문별 손익(파생상품)
4854,202406,0010653,악사손해보험주식회사,A12,파생상품 평가 이익,0,0,외국손보사,B,SI023,부문별 손익(파생상품)
4855,202406,0010653,악사손해보험주식회사,A2,파생상품 관련 손실,3782534000,7192456000,외국손보사,B,SI023,부문별 손익(파생상품)
4856,202406,0010653,악사손해보험주식회사,A21,파생상품 거래 손실,316545000,316545000,외국손보사,B,SI023,부문별 손익(파생상품)
4857,202406,0010653,악사손해보험주식회사,A22,파생상품 평가 손실,3465989000,6875911000,외국손보사,B,SI023,부문별 손익(파생상품)
4858,202409,0010653,악사손해보험주식회사,A,파생상품 관련 손익,2577331000,-4615125000,외국손보사,B,SI023,부문별 손익(파생상품)
4859,202409,0010653,악사손해보험주식회사,A1,파생상품 관련 손익_파생상품 관련 이익,15606000,15606000,외국손보사,B,SI023,부문별 손익(파생상품)
4860,202409,0010653,악사손해보험주식회사,A11,파생상품 거래 이익,0,0,외국손보사,B,SI023,부문별 손익(파생상품)
4861,202409,0010653,악사손해보험주식회사,A12,파생상품 평가 이익,15606000,15606000,외국손보사,B,SI023,부문별 손익(파생상품)
4862,202409,0010653,악사손해보험주식회사,A2,파생상품 관련 손실,-2561725000,4630731000,외국손보사,B,SI023,부문별 손익(파생상품)
4863,202409,0010653,악사손해보험주식회사,A21,파생상품 거래 손실,2275080000,2591625000,외국손보사,B,SI023,부문별 손익(파생상품)
4864,202409,0010653,악사손해보험주식회사,A22,파생상품 평가 손실,-4836805000,2039106000,외국손보사,B,SI023,부문별 손익(파생상품)
4865,202412,0010653,악사손해보험주식회사,A,파생상품 관련 손익,-4098014000,-8713139000,외국손보사,B,SI023,부문별 손익(파생상품)
4866,202412,0010653,악사손해보험주식회사,A1,파생상품 관련 손익_파생상품 관련 이익,-15606000,0,외국손보사,B,SI023,부문별 손익(파생상품)
4867,202412,0010653,악사손해보험주식회사,A11,파생상품 거래 이익,0,0,외국손보사,B,SI023,부문별 손익(파생상품)
4868,202412,0010653,악사손해보험주식회사,A12,파생상품 평가 이익,-15606000,0,외국손보사,B,SI023,부문별 손익(파생상품)
4869,202412,0010653,악사손해보험주식회사,A2,파생상품 관련 손실,4082408000,8713139000,외국손보사,B,SI023,부문별 손익(파생상품)
4870,202412,0010653,악사손해보험주식회사,A21,파생상품 거래 손실,126729000,2718354000,외국손보사,B,SI023,부문별 손익(파생상품)
4871,202412,0010653,악사손해보험주식회사,A22,파생상품 평가 손실,3955679000,5994785000,외국손보사,B,SI023,부문별 손익(파생상품)
4872,202503,0010653,악사손해보험주식회사,A,파생상품 관련 손익,-270829000,-270829000,외국손보사,B,SI023,부문별 손익(파생상품)
4873,202503,0010653,악사손해보험주식회사,A1,파생상품 관련 손익_파생상품 관련 이익,609946000,609946000,외국손보사,B,SI023,부문별 손익(파생상품)
4874,202503,0010653,악사손해보험주식회사,A11,파생상품 거래 이익,50376000,50376000,외국손보사,B,SI023,부문별 손익(파생상품)
4875,202503,0010653,악사손해보험주식회사,A12,파생상품 평가 이익,559570000,559570000,외국손보사,B,SI023,부문별 손익(파생상품)
4876,202503,0010653,악사손해보험주식회사,A2,파생상품 관련 손실,880775000,880775000,외국손보사,B,SI023,부문별 손익(파생상품)
4877,202503,0010653,악사손해보험주식회사,A21,파생상품 거래 손실,253796000,253796000,외국손보사,B,SI023,부문별 손익(파생상품)
4878,202503,0010653,악사손해보험주식회사,A22,파생상품 평가 손실,626979000,626979000,외국손보사,B,SI023,부문별 손익(파생상품)
4879,202506,0010653,악사손해보험주식회사,A,파생상품 관련 손익,-248361000,-519190000,외국손보사,B,SI023,부문별 손익(파생상품)
4880,202506,0010653,악사손해보험주식회사,A1,파생상품 관련 손익_파생상품 관련 이익,625666000,1235612000,외국손보사,B,SI023,부문별 손익(파생상품)
4881,202506,0010653,악사손해보험주식회사,A11,파생상품 거래 이익,8704000,59080000,외국손보사,B,SI023,부문별 손익(파생상품)
4882,202506,0010653,악사손해보험주식회사,A12,파생상품 평가 이익,616962000,1176532000,외국손보사,B,SI023,부문별 손익(파생상품)
4883,202506,0010653,악사손해보험주식회사,A2,파생상품 관련 손실,874027000,1754802000,외국손보사,B,SI023,부문별 손익(파생상품)
4884,202506,0010653,악사손해보험주식회사,A21,파생상품 거래 손실,143930000,397726000,외국손보사,B,SI023,부문별 손익(파생상품)
4885,202506,0010653,악사손해보험주식회사,A22,파생상품 평가 손실,730097000,1357076000,외국손보사,B,SI023,부문별 손익(파생상품)
4886,202509,0010653,악사손해보험주식회사,A,파생상품 관련 손익,-2191308000,-2710498000,외국손보사,B,SI023,부문별 손익(파생상품)
4887,202509,0010653,악사손해보험주식회사,A1,파생상품 관련 손익_파생상품 관련 이익,-227046000,1008566000,외국손보사,B,SI023,부문별 손익(파생상품)
4888,202509,0010653,악사손해보험주식회사,A11,파생상품 거래 이익,334594000,393674000,외국손보사,B,SI023,부문별 손익(파생상품)
4889,202509,0010653,악사손해보험주식회사,A12,파생상품 평가 이익,-561640000,614892000,외국손보사,B,SI023,부문별 손익(파생상품)
4890,202509,0010653,악사손해보험주식회사,A2,파생상품 관련 손실,1964262000,3719064000,외국손보사,B,SI023,부문별 손익(파생상품)
4891,202509,0010653,악사손해보험주식회사,A21,파생상품 거래 손실,2807966000,3205692000,외국손보사,B,SI023,부문별 손익(파생상품)
4892,202509,0010653,악사손해보험주식회사,A22,파생상품 평가 손실,-843704000,513372000,외국손보사,B,SI023,부문별 손익(파생상품)
4893,201706,0015326,알리안츠글로벌코퍼레이트앤스페셜티에스이 한국지점,A,파생상품 관련 손익,0,0,외국손보사,B,SI023,부문별 손익(파생상품)
4894,201706,0015326,알리안츠글로벌코퍼레이트앤스페셜티에스이 한국지점,A1,파생상품 관련 이익,0,0,외국손보사,B,SI023,부문별 손익(파생상품)
4895,201706,0015326,알리안츠글로벌코퍼레이트앤스페셜티에스이 한국지점,A11,파생상품 관련 이익_파생상품 거래 이익,0,0,외국손보사,B,SI023,부문별 손익(파생상품)
4896,201706,0015326,알리안츠글로벌코퍼레이트앤스페셜티에스이 한국지점,A12,파생상품 관련 이익_파생상품 평가 이익,0,0,외국손보사,B,SI023,부문별 손익(파생상품)
4897,201706,0015326,알리안츠글로벌코퍼레이트앤스페셜티에스이 한국지점,A2,파생상품 관련 손실,0,0,외국손보사,B,SI023,부문별 손익(파생상품)
4898,201706,0015326,알리안츠글로벌코퍼레이트앤스페셜티에스이 한국지점,A21,파생상품 관련 손실_파생상품 거래 손실,0,0,외국손보사,B,SI023,부문별 손익(파생상품)
4899,201706,0015326,알리안츠글로벌코퍼레이트앤스페셜티에스이 한국지점,A22,파생상품 평가 손실,0,0,외국손보사,B,SI023,부문별 손익(파생상품)
4900,201709,0015326,알리안츠글로벌코퍼레이트앤스페셜티에스이 한국지점,A,파생상품 관련 손익,0,0,외국손보사,B,SI023,부문별 손익(파생상품)
4901,201709,0015326,알리안츠글로벌코퍼레이트앤스페셜티에스이 한국지점,A1,파생상품 관련 이익,0,0,외국손보사,B,SI023,부문별 손익(파생상품)
4902,201709,0015326,알리안츠글로벌코퍼레이트앤스페셜티에스이 한국지점,A11,파생상품 관련 이익_파생상품 거래 이익,0,0,외국손보사,B,SI023,부문별 손익(파생상품)
4903,201709,0015326,알리안츠글로벌코퍼레이트앤스페셜티에스이 한국지점,A12,파생상품 관련 이익_파생상품 평가 이익,0,0,외국손보사,B,SI023,부문별 손익(파생상품)
4904,201709,0015326,알리안츠글로벌코퍼레이트앤스페셜티에스이 한국지점,A2,파생상품 관련 손실,0,0,외국손보사,B,SI023,부문별 손익(파생상품)
4905,201709,0015326,알리안츠글로벌코퍼레이트앤스페셜티에스이 한국지점,A21,파생상품 관련 손실_파생상품 거래 손실,0,0,외국손보사,B,SI023,부문별 손익(파생상품)
4906,201709,0015326,알리안츠글로벌코퍼레이트앤스페셜티에스이 한국지점,A22,파생상품 평가 손실,0,0,외국손보사,B,SI023,부문별 손익(파생상품)
4907,201712,0015326,알리안츠글로벌코퍼레이트앤스페셜티에스이 한국지점,A,파생상품 관련 손익,0,0,외국손보사,B,SI023,부문별 손익(파생상품)
4908,201712,0015326,알리안츠글로벌코퍼레이트앤스페셜티에스이 한국지점,A1,파생상품 관련 이익,0,0,외국손보사,B,SI023,부문별 손익(파생상품)
4909,201712,0015326,알리안츠글로벌코퍼레이트앤스페셜티에스이 한국지점,A11,파생상품 관련 이익_파생상품 거래 이익,0,0,외국손보사,B,SI023,부문별 손익(파생상품)
4910,201712,0015326,알리안츠글로벌코퍼레이트앤스페셜티에스이 한국지점,A12,파생상품 관련 이익_파생상품 평가 이익,0,0,외국손보사,B,SI023,부문별 손익(파생상품)
4911,201712,0015326,알리안츠글로벌코퍼레이트앤스페셜티에스이 한국지점,A2,파생상품 관련 손실,0,0,외국손보사,B,SI023,부문별 손익(파생상품)
4912,201712,0015326,알리안츠글로벌코퍼레이트앤스페셜티에스이 한국지점,A21,파생상품 관련 손실_파생상품 거래 손실,0,0,외국손보사,B,SI023,부문별 손익(파생상품)
4913,201712,0015326,알리안츠글로벌코퍼레이트앤스페셜티에스이 한국지점,A22,파생상품 평가 손실,0,0,외국손보사,B,SI023,부문별 손익(파생상품)
4914,201803,0015326,알리안츠글로벌코퍼레이트앤스페셜티에스이 한국지점,A,파생상품 관련 손익,0,0,외국손보사,B,SI023,부문별 손익(파생상품)
4915,201803,0015326,알리안츠글로벌코퍼레이트앤스페셜티에스이 한국지점,A1,파생상품 관련 이익,0,0,외국손보사,B,SI023,부문별 손익(파생상품)
4916,201803,0015326,알리안츠글로벌코퍼레이트앤스페셜티에스이 한국지점,A11,파생상품 관련 이익_파생상품 거래 이익,0,0,외국손보사,B,SI023,부문별 손익(파생상품)
4917,201803,0015326,알리안츠글로벌코퍼레이트앤스페셜티에스이 한국지점,A12,파생상품 관련 이익_파생상품 평가 이익,0,0,외국손보사,B,SI023,부문별 손익(파생상품)
4918,201803,0015326,알리안츠글로벌코퍼레이트앤스페셜티에스이 한국지점,A2,파생상품 관련 손실,0,0,외국손보사,B,SI023,부문별 손익(파생상품)
4919,201803,0015326,알리안츠글로벌코퍼레이트앤스페셜티에스이 한국지점,A21,파생상품 관련 손실_파생상품 거래 손실,0,0,외국손보사,B,SI023,부문별 손익(파생상품)
4920,201803,0015326,알리안츠글로벌코퍼레이트앤스페셜티에스이 한국지점,A22,파생상품 평가 손실,0,0,외국손보사,B,SI023,부문별 손익(파생상품)
4921,201806,0015326,알리안츠글로벌코퍼레이트앤스페셜티에스이 한국지점,A,파생상품 관련 손익,0,0,외국손보사,B,SI023,부문별 손익(파생상품)
4922,201806,0015326,알리안츠글로벌코퍼레이트앤스페셜티에스이 한국지점,A1,파생상품 관련 이익,0,0,외국손보사,B,SI023,부문별 손익(파생상품)
4923,201806,0015326,알리안츠글로벌코퍼레이트앤스페셜티에스이 한국지점,A11,파생상품 관련 이익_파생상품 거래 이익,0,0,외국손보사,B,SI023,부문별 손익(파생상품)
4924,201806,0015326,알리안츠글로벌코퍼레이트앤스페셜티에스이 한국지점,A12,파생상품 관련 이익_파생상품 평가 이익,0,0,외국손보사,B,SI023,부문별 손익(파생상품)
4925,201806,0015326,알리안츠글로벌코퍼레이트앤스페셜티에스이 한국지점,A2,파생상품 관련 손실,0,0,외국손보사,B,SI023,부문별 손익(파생상품)
4926,201806,0015326,알리안츠글로벌코퍼레이트앤스페셜티에스이 한국지점,A21,파생상품 관련 손실_파생상품 거래 손실,0,0,외국손보사,B,SI023,부문별 손익(파생상품)
4927,201806,0015326,알리안츠글로벌코퍼레이트앤스페셜티에스이 한국지점,A22,파생상품 평가 손실,0,0,외국손보사,B,SI023,부문별 손익(파생상품)
4928,201809,0015326,알리안츠글로벌코퍼레이트앤스페셜티에스이 한국지점,A,파생상품 관련 손익,0,0,외국손보사,B,SI023,부문별 손익(파생상품)
4929,201809,0015326,알리안츠글로벌코퍼레이트앤스페셜티에스이 한국지점,A1,파생상품 관련 이익,0,0,외국손보사,B,SI023,부문별 손익(파생상품)
4930,201809,0015326,알리안츠글로벌코퍼레이트앤스페셜티에스이 한국지점,A11,파생상품 관련 이익_파생상품 거래 이익,0,0,외국손보사,B,SI023,부문별 손익(파생상품)
4931,201809,0015326,알리안츠글로벌코퍼레이트앤스페셜티에스이 한국지점,A12,파생상품 관련 이익_파생상품 평가 이익,0,0,외국손보사,B,SI023,부문별 손익(파생상품)
4932,201809,0015326,알리안츠글로벌코퍼레이트앤스페셜티에스이 한국지점,A2,파생상품 관련 손실,0,0,외국손보사,B,SI023,부문별 손익(파생상품)
4933,201809,0015326,알리안츠글로벌코퍼레이트앤스페셜티에스이 한국지점,A21,파생상품 관련 손실_파생상품 거래 손실,0,0,외국손보사,B,SI023,부문별 손익(파생상품)
4934,201809,0015326,알리안츠글로벌코퍼레이트앤스페셜티에스이 한국지점,A22,파생상품 평가 손실,0,0,외국손보사,B,SI023,부문별 손익(파생상품)
4935,201812,0015326,알리안츠글로벌코퍼레이트앤스페셜티에스이 한국지점,A,파생상품 관련 손익,0,0,외국손보사,B,SI023,부문별 손익(파생상품)
4936,201812,0015326,알리안츠글로벌코퍼레이트앤스페셜티에스이 한국지점,A1,파생상품 관련 이익,0,0,외국손보사,B,SI023,부문별 손익(파생상품)
4937,201812,0015326,알리안츠글로벌코퍼레이트앤스페셜티에스이 한국지점,A11,파생상품 관련 이익_파생상품 거래 이익,0,0,외국손보사,B,SI023,부문별 손익(파생상품)
4938,201812,0015326,알리안츠글로벌코퍼레이트앤스페셜티에스이 한국지점,A12,파생상품 관련 이익_파생상품 평가 이익,0,0,외국손보사,B,SI023,부문별 손익(파생상품)
4939,201812,0015326,알리안츠글로벌코퍼레이트앤스페셜티에스이 한국지점,A2,파생상품 관련 손실,0,0,외국손보사,B,SI023,부문별 손익(파생상품)
4940,201812,0015326,알리안츠글로벌코퍼레이트앤스페셜티에스이 한국지점,A21,파생상품 관련 손실_파생상품 거래 손실,0,0,외국손보사,B,SI023,부문별 손익(파생상품)
4941,201812,0015326,알리안츠글로벌코퍼레이트앤스페셜티에스이 한국지점,A22,파생상품 평가 손실,0,0,외국손보사,B,SI023,부문별 손익(파생상품)
4942,201903,0015326,알리안츠글로벌코퍼레이트앤스페셜티에스이 한국지점,A,파생상품 관련 손익,0,0,외국손보사,B,SI023,부문별 손익(파생상품)
4943,201903,0015326,알리안츠글로벌코퍼레이트앤스페셜티에스이 한국지점,A1,파생상품 관련 이익,0,0,외국손보사,B,SI023,부문별 손익(파생상품)
4944,201903,0015326,알리안츠글로벌코퍼레이트앤스페셜티에스이 한국지점,A11,파생상품 관련 이익_파생상품 거래 이익,0,0,외국손보사,B,SI023,부문별 손익(파생상품)
4945,201903,0015326,알리안츠글로벌코퍼레이트앤스페셜티에스이 한국지점,A12,파생상품 관련 이익_파생상품 평가 이익,0,0,외국손보사,B,SI023,부문별 손익(파생상품)
4946,201903,0015326,알리안츠글로벌코퍼레이트앤스페셜티에스이 한국지점,A2,파생상품 관련 손실,0,0,외국손보사,B,SI023,부문별 손익(파생상품)
4947,201903,0015326,알리안츠글로벌코퍼레이트앤스페셜티에스이 한국지점,A21,파생상품 관련 손실_파생상품 거래 손실,0,0,외국손보사,B,SI023,부문별 손익(파생상품)
4948,201903,0015326,알리안츠글로벌코퍼레이트앤스페셜티에스이 한국지점,A22,파생상품 평가 손실,0,0,외국손보사,B,SI023,부문별 손익(파생상품)
4949,201906,0015326,알리안츠글로벌코퍼레이트앤스페셜티에스이 한국지점,A,파생상품 관련 손익,0,0,외국손보사,B,SI023,부문별 손익(파생상품)
4950,201906,0015326,알리안츠글로벌코퍼레이트앤스페셜티에스이 한국지점,A1,파생상품 관련 이익,0,0,외국손보사,B,SI023,부문별 손익(파생상품)
4951,201906,0015326,알리안츠글로벌코퍼레이트앤스페셜티에스이 한국지점,A11,파생상품 관련 이익_파생상품 거래 이익,0,0,외국손보사,B,SI023,부문별 손익(파생상품)
4952,201906,0015326,알리안츠글로벌코퍼레이트앤스페셜티에스이 한국지점,A12,파생상품 관련 이익_파생상품 평가 이익,0,0,외국손보사,B,SI023,부문별 손익(파생상품)
4953,201906,0015326,알리안츠글로벌코퍼레이트앤스페셜티에스이 한국지점,A2,파생상품 관련 손실,0,0,외국손보사,B,SI023,부문별 손익(파생상품)
4954,201906,0015326,알리안츠글로벌코퍼레이트앤스페셜티에스이 한국지점,A21,파생상품 관련 손실_파생상품 거래 손실,0,0,외국손보사,B,SI023,부문별 손익(파생상품)
4955,201906,0015326,알리안츠글로벌코퍼레이트앤스페셜티에스이 한국지점,A22,파생상품 평가 손실,0,0,외국손보사,B,SI023,부문별 손익(파생상품)
4956,201909,0015326,알리안츠글로벌코퍼레이트앤스페셜티에스이 한국지점,A,파생상품 관련 손익,0,0,외국손보사,B,SI023,부문별 손익(파생상품)
4957,201909,0015326,알리안츠글로벌코퍼레이트앤스페셜티에스이 한국지점,A1,파생상품 관련 이익,0,0,외국손보사,B,SI023,부문별 손익(파생상품)
4958,201909,0015326,알리안츠글로벌코퍼레이트앤스페셜티에스이 한국지점,A11,파생상품 관련 이익_파생상품 거래 이익,0,0,외국손보사,B,SI023,부문별 손익(파생상품)
4959,201909,0015326,알리안츠글로벌코퍼레이트앤스페셜티에스이 한국지점,A12,파생상품 관련 이익_파생상품 평가 이익,0,0,외국손보사,B,SI023,부문별 손익(파생상품)
4960,201909,0015326,알리안츠글로벌코퍼레이트앤스페셜티에스이 한국지점,A2,파생상품 관련 손실,0,0,외국손보사,B,SI023,부문별 손익(파생상품)
4961,201909,0015326,알리안츠글로벌코퍼레이트앤스페셜티에스이 한국지점,A21,파생상품 관련 손실_파생상품 거래 손실,0,0,외국손보사,B,SI023,부문별 손익(파생상품)
4962,201909,0015326,알리안츠글로벌코퍼레이트앤스페셜티에스이 한국지점,A22,파생상품 평가 손실,0,0,외국손보사,B,SI023,부문별 손익(파생상품)
4963,201912,0015326,알리안츠글로벌코퍼레이트앤스페셜티에스이 한국지점,A,파생상품 관련 손익,0,0,외국손보사,B,SI023,부문별 손익(파생상품)
4964,201912,0015326,알리안츠글로벌코퍼레이트앤스페셜티에스이 한국지점,A1,파생상품 관련 이익,0,0,외국손보사,B,SI023,부문별 손익(파생상품)
4965,201912,0015326,알리안츠글로벌코퍼레이트앤스페셜티에스이 한국지점,A11,파생상품 관련 이익_파생상품 거래 이익,0,0,외국손보사,B,SI023,부문별 손익(파생상품)
4966,201912,0015326,알리안츠글로벌코퍼레이트앤스페셜티에스이 한국지점,A12,파생상품 관련 이익_파생상품 평가 이익,0,0,외국손보사,B,SI023,부문별 손익(파생상품)
4967,201912,0015326,알리안츠글로벌코퍼레이트앤스페셜티에스이 한국지점,A2,파생상품 관련 손실,0,0,외국손보사,B,SI023,부문별 손익(파생상품)
4968,201912,0015326,알리안츠글로벌코퍼레이트앤스페셜티에스이 한국지점,A21,파생상품 관련 손실_파생상품 거래 손실,0,0,외국손보사,B,SI023,부문별 손익(파생상품)
4969,201912,0015326,알리안츠글로벌코퍼레이트앤스페셜티에스이 한국지점,A22,파생상품 평가 손실,0,0,외국손보사,B,SI023,부문별 손익(파생상품)
4970,202003,0015326,알리안츠글로벌코퍼레이트앤스페셜티에스이 한국지점,A,파생상품 관련 손익,0,0,외국손보사,B,SI023,부문별 손익(파생상품)
4971,202003,0015326,알리안츠글로벌코퍼레이트앤스페셜티에스이 한국지점,A1,파생상품 관련 이익,0,0,외국손보사,B,SI023,부문별 손익(파생상품)
4972,202003,0015326,알리안츠글로벌코퍼레이트앤스페셜티에스이 한국지점,A11,파생상품 관련 이익_파생상품 거래 이익,0,0,외국손보사,B,SI023,부문별 손익(파생상품)
4973,202003,0015326,알리안츠글로벌코퍼레이트앤스페셜티에스이 한국지점,A12,파생상품 관련 이익_파생상품 평가 이익,0,0,외국손보사,B,SI023,부문별 손익(파생상품)
4974,202003,0015326,알리안츠글로벌코퍼레이트앤스페셜티에스이 한국지점,A2,파생상품 관련 손실,0,0,외국손보사,B,SI023,부문별 손익(파생상품)
4975,202003,0015326,알리안츠글로벌코퍼레이트앤스페셜티에스이 한국지점,A21,파생상품 관련 손실_파생상품 거래 손실,0,0,외국손보사,B,SI023,부문별 손익(파생상품)
4976,202003,0015326,알리안츠글로벌코퍼레이트앤스페셜티에스이 한국지점,A22,파생상품 평가 손실,0,0,외국손보사,B,SI023,부문별 손익(파생상품)
4977,202006,0015326,알리안츠글로벌코퍼레이트앤스페셜티에스이 한국지점,A,파생상품 관련 손익,0,0,외국손보사,B,SI023,부문별 손익(파생상품)
4978,202006,0015326,알리안츠글로벌코퍼레이트앤스페셜티에스이 한국지점,A1,파생상품 관련 이익,0,0,외국손보사,B,SI023,부문별 손익(파생상품)
4979,202006,0015326,알리안츠글로벌코퍼레이트앤스페셜티에스이 한국지점,A11,파생상품 관련 이익_파생상품 거래 이익,0,0,외국손보사,B,SI023,부문별 손익(파생상품)
4980,202006,0015326,알리안츠글로벌코퍼레이트앤스페셜티에스이 한국지점,A12,파생상품 관련 이익_파생상품 평가 이익,0,0,외국손보사,B,SI023,부문별 손익(파생상품)
4981,202006,0015326,알리안츠글로벌코퍼레이트앤스페셜티에스이 한국지점,A2,파생상품 관련 손실,0,0,외국손보사,B,SI023,부문별 손익(파생상품)
4982,202006,0015326,알리안츠글로벌코퍼레이트앤스페셜티에스이 한국지점,A21,파생상품 관련 손실_파생상품 거래 손실,0,0,외국손보사,B,SI023,부문별 손익(파생상품)
4983,202006,0015326,알리안츠글로벌코퍼레이트앤스페셜티에스이 한국지점,A22,파생상품 평가 손실,0,0,외국손보사,B,SI023,부문별 손익(파생상품)
4984,202009,0015326,알리안츠글로벌코퍼레이트앤스페셜티에스이 한국지점,A,파생상품 관련 손익,0,0,외국손보사,B,SI023,부문별 손익(파생상품)
4985,202009,0015326,알리안츠글로벌코퍼레이트앤스페셜티에스이 한국지점,A1,파생상품 관련 이익,0,0,외국손보사,B,SI023,부문별 손익(파생상품)
4986,202009,0015326,알리안츠글로벌코퍼레이트앤스페셜티에스이 한국지점,A11,파생상품 관련 이익_파생상품 거래 이익,0,0,외국손보사,B,SI023,부문별 손익(파생상품)
4987,202009,0015326,알리안츠글로벌코퍼레이트앤스페셜티에스이 한국지점,A12,파생상품 관련 이익_파생상품 평가 이익,0,0,외국손보사,B,SI023,부문별 손익(파생상품)
4988,202009,0015326,알리안츠글로벌코퍼레이트앤스페셜티에스이 한국지점,A2,파생상품 관련 손실,0,0,외국손보사,B,SI023,부문별 손익(파생상품)
4989,202009,0015326,알리안츠글로벌코퍼레이트앤스페셜티에스이 한국지점,A21,파생상품 관련 손실_파생상품 거래 손실,0,0,외국손보사,B,SI023,부문별 손익(파생상품)
4990,202009,0015326,알리안츠글로벌코퍼레이트앤스페셜티에스이 한국지점,A22,파생상품 평가 손실,0,0,외국손보사,B,SI023,부문별 손익(파생상품)
4991,202012,0015326,알리안츠글로벌코퍼레이트앤스페셜티에스이 한국지점,A,파생상품 관련 손익,0,0,외국손보사,B,SI023,부문별 손익(파생상품)
4992,202012,0015326,알리안츠글로벌코퍼레이트앤스페셜티에스이 한국지점,A1,파생상품 관련 이익,0,0,외국손보사,B,SI023,부문별 손익(파생상품)
4993,202012,0015326,알리안츠글로벌코퍼레이트앤스페셜티에스이 한국지점,A11,파생상품 관련 이익_파생상품 거래 이익,0,0,외국손보사,B,SI023,부문별 손익(파생상품)
4994,202012,0015326,알리안츠글로벌코퍼레이트앤스페셜티에스이 한국지점,A12,파생상품 관련 이익_파생상품 평가 이익,0,0,외국손보사,B,SI023,부문별 손익(파생상품)
4995,202012,0015326,알리안츠글로벌코퍼레이트앤스페셜티에스이 한국지점,A2,파생상품 관련 손실,0,0,외국손보사,B,SI023,부문별 손익(파생상품)
4996,202012,0015326,알리안츠글로벌코퍼레이트앤스페셜티에스이 한국지점,A21,파생상품 관련 손실_파생상품 거래 손실,0,0,외국손보사,B,SI023,부문별 손익(파생상품)
4997,202012,0015326,알리안츠글로벌코퍼레이트앤스페셜티에스이 한국지점,A22,파생상품 평가 손실,0,0,외국손보사,B,SI023,부문별 손익(파생상품)
4998,202103,0015326,알리안츠글로벌코퍼레이트앤스페셜티에스이 한국지점,A,파생상품 관련 손익,0,0,외국손보사,B,SI023,부문별 손익(파생상품)
4999,202103,0015326,알리안츠글로벌코퍼레이트앤스페셜티에스이 한국지점,A1,파생상품 관련 이익,0,0,외국손보사,B,SI023,부문별 손익(파생상품)
5000,202103,0015326,알리안츠글로벌코퍼레이트앤스페셜티에스이 한국지점,A11,파생상품 관련 이익_파생상품 거래 이익,0,0,외국손보사,B,SI023,부문별 손익(파생상품)
5001,202103,0015326,알리안츠글로벌코퍼레이트앤스페셜티에스이 한국지점,A12,파생상품 관련 이익_파생상품 평가 이익,0,0,외국손보사,B,SI023,부문별 손익(파생상품)
5002,202103,0015326,알리안츠글로벌코퍼레이트앤스페셜티에스이 한국지점,A2,파생상품 관련 손실,0,0,외국손보사,B,SI023,부문별 손익(파생상품)
5003,202103,0015326,알리안츠글로벌코퍼레이트앤스페셜티에스이 한국지점,A21,파생상품 관련 손실_파생상품 거래 손실,0,0,외국손보사,B,SI023,부문별 손익(파생상품)
5004,202103,0015326,알리안츠글로벌코퍼레이트앤스페셜티에스이 한국지점,A22,파생상품 평가 손실,0,0,외국손보사,B,SI023,부문별 손익(파생상품)
5005,202106,0015326,알리안츠글로벌코퍼레이트앤스페셜티에스이 한국지점,A,파생상품 관련 손익,0,0,외국손보사,B,SI023,부문별 손익(파생상품)
5006,202106,0015326,알리안츠글로벌코퍼레이트앤스페셜티에스이 한국지점,A1,파생상품 관련 이익,0,0,외국손보사,B,SI023,부문별 손익(파생상품)
5007,202106,0015326,알리안츠글로벌코퍼레이트앤스페셜티에스이 한국지점,A11,파생상품 관련 이익_파생상품 거래 이익,0,0,외국손보사,B,SI023,부문별 손익(파생상품)
5008,202106,0015326,알리안츠글로벌코퍼레이트앤스페셜티에스이 한국지점,A12,파생상품 관련 이익_파생상품 평가 이익,0,0,외국손보사,B,SI023,부문별 손익(파생상품)
5009,202106,0015326,알리안츠글로벌코퍼레이트앤스페셜티에스이 한국지점,A2,파생상품 관련 손실,0,0,외국손보사,B,SI023,부문별 손익(파생상품)
5010,202106,0015326,알리안츠글로벌코퍼레이트앤스페셜티에스이 한국지점,A21,파생상품 관련 손실_파생상품 거래 손실,0,0,외국손보사,B,SI023,부문별 손익(파생상품)
5011,202106,0015326,알리안츠글로벌코퍼레이트앤스페셜티에스이 한국지점,A22,파생상품 평가 손실,0,0,외국손보사,B,SI023,부문별 손익(파생상품)
5012,202109,0015326,알리안츠글로벌코퍼레이트앤스페셜티에스이 한국지점,A,파생상품 관련 손익,0,0,외국손보사,B,SI023,부문별 손익(파생상품)
5013,202109,0015326,알리안츠글로벌코퍼레이트앤스페셜티에스이 한국지점,A1,파생상품 관련 이익,0,0,외국손보사,B,SI023,부문별 손익(파생상품)
5014,202109,0015326,알리안츠글로벌코퍼레이트앤스페셜티에스이 한국지점,A11,파생상품 관련 이익_파생상품 거래 이익,0,0,외국손보사,B,SI023,부문별 손익(파생상품)
5015,202109,0015326,알리안츠글로벌코퍼레이트앤스페셜티에스이 한국지점,A12,파생상품 관련 이익_파생상품 평가 이익,0,0,외국손보사,B,SI023,부문별 손익(파생상품)
5016,202109,0015326,알리안츠글로벌코퍼레이트앤스페셜티에스이 한국지점,A2,파생상품 관련 손실,0,0,외국손보사,B,SI023,부문별 손익(파생상품)
5017,202109,0015326,알리안츠글로벌코퍼레이트앤스페셜티에스이 한국지점,A21,파생상품 관련 손실_파생상품 거래 손실,0,0,외국손보사,B,SI023,부문별 손익(파생상품)
5018,202109,0015326,알리안츠글로벌코퍼레이트앤스페셜티에스이 한국지점,A22,파생상품 평가 손실,0,0,외국손보사,B,SI023,부문별 손익(파생상품)
5019,202112,0015326,알리안츠글로벌코퍼레이트앤스페셜티에스이 한국지점,A,파생상품 관련 손익,0,0,외국손보사,B,SI023,부문별 손익(파생상품)
5020,202112,0015326,알리안츠글로벌코퍼레이트앤스페셜티에스이 한국지점,A1,파생상품 관련 이익,0,0,외국손보사,B,SI023,부문별 손익(파생상품)
5021,202112,0015326,알리안츠글로벌코퍼레이트앤스페셜티에스이 한국지점,A11,파생상품 관련 이익_파생상품 거래 이익,0,0,외국손보사,B,SI023,부문별 손익(파생상품)
5022,202112,0015326,알리안츠글로벌코퍼레이트앤스페셜티에스이 한국지점,A12,파생상품 관련 이익_파생상품 평가 이익,0,0,외국손보사,B,SI023,부문별 손익(파생상품)
5023,202112,0015326,알리안츠글로벌코퍼레이트앤스페셜티에스이 한국지점,A2,파생상품 관련 손실,0,0,외국손보사,B,SI023,부문별 손익(파생상품)
5024,202112,0015326,알리안츠글로벌코퍼레이트앤스페셜티에스이 한국지점,A21,파생상품 관련 손실_파생상품 거래 손실,0,0,외국손보사,B,SI023,부문별 손익(파생상품)
5025,202112,0015326,알리안츠글로벌코퍼레이트앤스페셜티에스이 한국지점,A22,파생상품 평가 손실,0,0,외국손보사,B,SI023,부문별 손익(파생상품)
5026,202203,0015326,알리안츠글로벌코퍼레이트앤스페셜티에스이 한국지점,A,파생상품 관련 손익,0,0,외국손보사,B,SI023,부문별 손익(파생상품)
5027,202203,0015326,알리안츠글로벌코퍼레이트앤스페셜티에스이 한국지점,A1,파생상품 관련 이익,0,0,외국손보사,B,SI023,부문별 손익(파생상품)
5028,202203,0015326,알리안츠글로벌코퍼레이트앤스페셜티에스이 한국지점,A11,파생상품 관련 이익_파생상품 거래 이익,0,0,외국손보사,B,SI023,부문별 손익(파생상품)
5029,202203,0015326,알리안츠글로벌코퍼레이트앤스페셜티에스이 한국지점,A12,파생상품 관련 이익_파생상품 평가 이익,0,0,외국손보사,B,SI023,부문별 손익(파생상품)
5030,202203,0015326,알리안츠글로벌코퍼레이트앤스페셜티에스이 한국지점,A2,파생상품 관련 손실,0,0,외국손보사,B,SI023,부문별 손익(파생상품)
5031,202203,0015326,알리안츠글로벌코퍼레이트앤스페셜티에스이 한국지점,A21,파생상품 관련 손실_파생상품 거래 손실,0,0,외국손보사,B,SI023,부문별 손익(파생상품)
5032,202203,0015326,알리안츠글로벌코퍼레이트앤스페셜티에스이 한국지점,A22,파생상품 평가 손실,0,0,외국손보사,B,SI023,부문별 손익(파생상품)
5033,202206,0015326,알리안츠글로벌코퍼레이트앤스페셜티에스이 한국지점,A,파생상품 관련 손익,0,0,외국손보사,B,SI023,부문별 손익(파생상품)
5034,202206,0015326,알리안츠글로벌코퍼레이트앤스페셜티에스이 한국지점,A1,파생상품 관련 이익,0,0,외국손보사,B,SI023,부문별 손익(파생상품)
5035,202206,0015326,알리안츠글로벌코퍼레이트앤스페셜티에스이 한국지점,A11,파생상품 관련 이익_파생상품 거래 이익,0,0,외국손보사,B,SI023,부문별 손익(파생상품)
5036,202206,0015326,알리안츠글로벌코퍼레이트앤스페셜티에스이 한국지점,A12,파생상품 관련 이익_파생상품 평가 이익,0,0,외국손보사,B,SI023,부문별 손익(파생상품)
5037,202206,0015326,알리안츠글로벌코퍼레이트앤스페셜티에스이 한국지점,A2,파생상품 관련 손실,0,0,외국손보사,B,SI023,부문별 손익(파생상품)
5038,202206,0015326,알리안츠글로벌코퍼레이트앤스페셜티에스이 한국지점,A21,파생상품 관련 손실_파생상품 거래 손실,0,0,외국손보사,B,SI023,부문별 손익(파생상품)
5039,202206,0015326,알리안츠글로벌코퍼레이트앤스페셜티에스이 한국지점,A22,파생상품 평가 손실,0,0,외국손보사,B,SI023,부문별 손익(파생상품)
5040,202209,0015326,알리안츠글로벌코퍼레이트앤스페셜티에스이 한국지점,A,파생상품 관련 손익,0,0,외국손보사,B,SI023,부문별 손익(파생상품)
5041,202209,0015326,알리안츠글로벌코퍼레이트앤스페셜티에스이 한국지점,A1,파생상품 관련 이익,0,0,외국손보사,B,SI023,부문별 손익(파생상품)
5042,202209,0015326,알리안츠글로벌코퍼레이트앤스페셜티에스이 한국지점,A11,파생상품 관련 이익_파생상품 거래 이익,0,0,외국손보사,B,SI023,부문별 손익(파생상품)
5043,202209,0015326,알리안츠글로벌코퍼레이트앤스페셜티에스이 한국지점,A12,파생상품 관련 이익_파생상품 평가 이익,0,0,외국손보사,B,SI023,부문별 손익(파생상품)
5044,202209,0015326,알리안츠글로벌코퍼레이트앤스페셜티에스이 한국지점,A2,파생상품 관련 손실,0,0,외국손보사,B,SI023,부문별 손익(파생상품)
5045,202209,0015326,알리안츠글로벌코퍼레이트앤스페셜티에스이 한국지점,A21,파생상품 관련 손실_파생상품 거래 손실,0,0,외국손보사,B,SI023,부문별 손익(파생상품)
5046,202209,0015326,알리안츠글로벌코퍼레이트앤스페셜티에스이 한국지점,A22,파생상품 평가 손실,0,0,외국손보사,B,SI023,부문별 손익(파생상품)
5047,202212,0015326,알리안츠글로벌코퍼레이트앤스페셜티에스이 한국지점,A,파생상품 관련 손익,0,0,외국손보사,B,SI023,부문별 손익(파생상품)
5048,202212,0015326,알리안츠글로벌코퍼레이트앤스페셜티에스이 한국지점,A1,파생상품 관련 이익,0,0,외국손보사,B,SI023,부문별 손익(파생상품)
5049,202212,0015326,알리안츠글로벌코퍼레이트앤스페셜티에스이 한국지점,A11,파생상품 관련 이익_파생상품 거래 이익,0,0,외국손보사,B,SI023,부문별 손익(파생상품)
5050,202212,0015326,알리안츠글로벌코퍼레이트앤스페셜티에스이 한국지점,A12,파생상품 관련 이익_파생상품 평가 이익,0,0,외국손보사,B,SI023,부문별 손익(파생상품)
5051,202212,0015326,알리안츠글로벌코퍼레이트앤스페셜티에스이 한국지점,A2,파생상품 관련 손실,0,0,외국손보사,B,SI023,부문별 손익(파생상품)
5052,202212,0015326,알리안츠글로벌코퍼레이트앤스페셜티에스이 한국지점,A21,파생상품 관련 손실_파생상품 거래 손실,0,0,외국손보사,B,SI023,부문별 손익(파생상품)
5053,202212,0015326,알리안츠글로벌코퍼레이트앤스페셜티에스이 한국지점,A22,파생상품 평가 손실,0,0,외국손보사,B,SI023,부문별 손익(파생상품)
5054,202303,0015326,알리안츠글로벌코퍼레이트앤스페셜티에스이 한국지점,A,파생상품 관련 손익,0,0,외국손보사,B,SI023,부문별 손익(파생상품)
5055,202303,0015326,알리안츠글로벌코퍼레이트앤스페셜티에스이 한국지점,A1,파생상품 관련 손익_파생상품 관련 이익,0,0,외국손보사,B,SI023,부문별 손익(파생상품)
5056,202303,0015326,알리안츠글로벌코퍼레이트앤스페셜티에스이 한국지점,A11,파생상품 거래 이익,0,0,외국손보사,B,SI023,부문별 손익(파생상품)
5057,202303,0015326,알리안츠글로벌코퍼레이트앤스페셜티에스이 한국지점,A12,파생상품 평가 이익,0,0,외국손보사,B,SI023,부문별 손익(파생상품)
5058,202303,0015326,알리안츠글로벌코퍼레이트앤스페셜티에스이 한국지점,A2,파생상품 관련 손실,0,0,외국손보사,B,SI023,부문별 손익(파생상품)
5059,202303,0015326,알리안츠글로벌코퍼레이트앤스페셜티에스이 한국지점,A21,파생상품 거래 손실,0,0,외국손보사,B,SI023,부문별 손익(파생상품)
5060,202303,0015326,알리안츠글로벌코퍼레이트앤스페셜티에스이 한국지점,A22,파생상품 평가 손실,0,0,외국손보사,B,SI023,부문별 손익(파생상품)
5061,202306,0015326,알리안츠글로벌코퍼레이트앤스페셜티에스이 한국지점,A,파생상품 관련 손익,0,0,외국손보사,B,SI023,부문별 손익(파생상품)
5062,202306,0015326,알리안츠글로벌코퍼레이트앤스페셜티에스이 한국지점,A1,파생상품 관련 손익_파생상품 관련 이익,0,0,외국손보사,B,SI023,부문별 손익(파생상품)
5063,202306,0015326,알리안츠글로벌코퍼레이트앤스페셜티에스이 한국지점,A11,파생상품 거래 이익,0,0,외국손보사,B,SI023,부문별 손익(파생상품)
5064,202306,0015326,알리안츠글로벌코퍼레이트앤스페셜티에스이 한국지점,A12,파생상품 평가 이익,0,0,외국손보사,B,SI023,부문별 손익(파생상품)
5065,202306,0015326,알리안츠글로벌코퍼레이트앤스페셜티에스이 한국지점,A2,파생상품 관련 손실,0,0,외국손보사,B,SI023,부문별 손익(파생상품)
5066,202306,0015326,알리안츠글로벌코퍼레이트앤스페셜티에스이 한국지점,A21,파생상품 거래 손실,0,0,외국손보사,B,SI023,부문별 손익(파생상품)
5067,202306,0015326,알리안츠글로벌코퍼레이트앤스페셜티에스이 한국지점,A22,파생상품 평가 손실,0,0,외국손보사,B,SI023,부문별 손익(파생상품)
5068,202309,0015326,알리안츠글로벌코퍼레이트앤스페셜티에스이 한국지점,A,파생상품 관련 손익,0,0,외국손보사,B,SI023,부문별 손익(파생상품)
5069,202309,0015326,알리안츠글로벌코퍼레이트앤스페셜티에스이 한국지점,A1,파생상품 관련 손익_파생상품 관련 이익,0,0,외국손보사,B,SI023,부문별 손익(파생상품)
5070,202309,0015326,알리안츠글로벌코퍼레이트앤스페셜티에스이 한국지점,A11,파생상품 거래 이익,0,0,외국손보사,B,SI023,부문별 손익(파생상품)
5071,202309,0015326,알리안츠글로벌코퍼레이트앤스페셜티에스이 한국지점,A12,파생상품 평가 이익,0,0,외국손보사,B,SI023,부문별 손익(파생상품)
5072,202309,0015326,알리안츠글로벌코퍼레이트앤스페셜티에스이 한국지점,A2,파생상품 관련 손실,0,0,외국손보사,B,SI023,부문별 손익(파생상품)
5073,202309,0015326,알리안츠글로벌코퍼레이트앤스페셜티에스이 한국지점,A21,파생상품 거래 손실,0,0,외국손보사,B,SI023,부문별 손익(파생상품)
5074,202309,0015326,알리안츠글로벌코퍼레이트앤스페셜티에스이 한국지점,A22,파생상품 평가 손실,0,0,외국손보사,B,SI023,부문별 손익(파생상품)
5075,202312,0015326,알리안츠글로벌코퍼레이트앤스페셜티에스이 한국지점,A,파생상품 관련 손익,0,0,외국손보사,B,SI023,부문별 손익(파생상품)
5076,202312,0015326,알리안츠글로벌코퍼레이트앤스페셜티에스이 한국지점,A1,파생상품 관련 손익_파생상품 관련 이익,0,0,외국손보사,B,SI023,부문별 손익(파생상품)
5077,202312,0015326,알리안츠글로벌코퍼레이트앤스페셜티에스이 한국지점,A11,파생상품 거래 이익,0,0,외국손보사,B,SI023,부문별 손익(파생상품)
5078,202312,0015326,알리안츠글로벌코퍼레이트앤스페셜티에스이 한국지점,A12,파생상품 평가 이익,0,0,외국손보사,B,SI023,부문별 손익(파생상품)
5079,202312,0015326,알리안츠글로벌코퍼레이트앤스페셜티에스이 한국지점,A2,파생상품 관련 손실,0,0,외국손보사,B,SI023,부문별 손익(파생상품)
5080,202312,0015326,알리안츠글로벌코퍼레이트앤스페셜티에스이 한국지점,A21,파생상품 거래 손실,0,0,외국손보사,B,SI023,부문별 손익(파생상품)
5081,202312,0015326,알리안츠글로벌코퍼레이트앤스페셜티에스이 한국지점,A22,파생상품 평가 손실,0,0,외국손보사,B,SI023,부문별 손익(파생상품)
5082,202403,0015326,알리안츠글로벌코퍼레이트앤스페셜티에스이 한국지점,A,파생상품 관련 손익,0,0,외국손보사,B,SI023,부문별 손익(파생상품)
5083,202403,0015326,알리안츠글로벌코퍼레이트앤스페셜티에스이 한국지점,A1,파생상품 관련 손익_파생상품 관련 이익,0,0,외국손보사,B,SI023,부문별 손익(파생상품)
5084,202403,0015326,알리안츠글로벌코퍼레이트앤스페셜티에스이 한국지점,A11,파생상품 거래 이익,0,0,외국손보사,B,SI023,부문별 손익(파생상품)
5085,202403,0015326,알리안츠글로벌코퍼레이트앤스페셜티에스이 한국지점,A12,파생상품 평가 이익,0,0,외국손보사,B,SI023,부문별 손익(파생상품)
5086,202403,0015326,알리안츠글로벌코퍼레이트앤스페셜티에스이 한국지점,A2,파생상품 관련 손실,0,0,외국손보사,B,SI023,부문별 손익(파생상품)
5087,202403,0015326,알리안츠글로벌코퍼레이트앤스페셜티에스이 한국지점,A21,파생상품 거래 손실,0,0,외국손보사,B,SI023,부문별 손익(파생상품)
5088,202403,0015326,알리안츠글로벌코퍼레이트앤스페셜티에스이 한국지점,A22,파생상품 평가 손실,0,0,외국손보사,B,SI023,부문별 손익(파생상품)
5089,202406,0015326,알리안츠글로벌코퍼레이트앤스페셜티에스이 한국지점,A,파생상품 관련 손익,0,0,외국손보사,B,SI023,부문별 손익(파생상품)
5090,202406,0015326,알리안츠글로벌코퍼레이트앤스페셜티에스이 한국지점,A1,파생상품 관련 손익_파생상품 관련 이익,0,0,외국손보사,B,SI023,부문별 손익(파생상품)
5091,202406,0015326,알리안츠글로벌코퍼레이트앤스페셜티에스이 한국지점,A11,파생상품 거래 이익,0,0,외국손보사,B,SI023,부문별 손익(파생상품)
5092,202406,0015326,알리안츠글로벌코퍼레이트앤스페셜티에스이 한국지점,A12,파생상품 평가 이익,0,0,외국손보사,B,SI023,부문별 손익(파생상품)
5093,202406,0015326,알리안츠글로벌코퍼레이트앤스페셜티에스이 한국지점,A2,파생상품 관련 손실,0,0,외국손보사,B,SI023,부문별 손익(파생상품)
5094,202406,0015326,알리안츠글로벌코퍼레이트앤스페셜티에스이 한국지점,A21,파생상품 거래 손실,0,0,외국손보사,B,SI023,부문별 손익(파생상품)
5095,202406,0015326,알리안츠글로벌코퍼레이트앤스페셜티에스이 한국지점,A22,파생상품 평가 손실,0,0,외국손보사,B,SI023,부문별 손익(파생상품)
5096,202409,0015326,알리안츠글로벌코퍼레이트앤스페셜티에스이 한국지점,A,파생상품 관련 손익,0,0,외국손보사,B,SI023,부문별 손익(파생상품)
5097,202409,0015326,알리안츠글로벌코퍼레이트앤스페셜티에스이 한국지점,A1,파생상품 관련 손익_파생상품 관련 이익,0,0,외국손보사,B,SI023,부문별 손익(파생상품)
5098,202409,0015326,알리안츠글로벌코퍼레이트앤스페셜티에스이 한국지점,A11,파생상품 거래 이익,0,0,외국손보사,B,SI023,부문별 손익(파생상품)
5099,202409,0015326,알리안츠글로벌코퍼레이트앤스페셜티에스이 한국지점,A12,파생상품 평가 이익,0,0,외국손보사,B,SI023,부문별 손익(파생상품)
5100,202409,0015326,알리안츠글로벌코퍼레이트앤스페셜티에스이 한국지점,A2,파생상품 관련 손실,0,0,외국손보사,B,SI023,부문별 손익(파생상품)
5101,202409,0015326,알리안츠글로벌코퍼레이트앤스페셜티에스이 한국지점,A21,파생상품 거래 손실,0,0,외국손보사,B,SI023,부문별 손익(파생상품)
5102,202409,0015326,알리안츠글로벌코퍼레이트앤스페셜티에스이 한국지점,A22,파생상품 평가 손실,0,0,외국손보사,B,SI023,부문별 손익(파생상품)
5103,202412,0015326,알리안츠글로벌코퍼레이트앤스페셜티에스이 한국지점,A,파생상품 관련 손익,0,0,외국손보사,B,SI023,부문별 손익(파생상품)
5104,202412,0015326,알리안츠글로벌코퍼레이트앤스페셜티에스이 한국지점,A1,파생상품 관련 손익_파생상품 관련 이익,0,0,외국손보사,B,SI023,부문별 손익(파생상품)
5105,202412,0015326,알리안츠글로벌코퍼레이트앤스페셜티에스이 한국지점,A11,파생상품 거래 이익,0,0,외국손보사,B,SI023,부문별 손익(파생상품)
5106,202412,0015326,알리안츠글로벌코퍼레이트앤스페셜티에스이 한국지점,A12,파생상품 평가 이익,0,0,외국손보사,B,SI023,부문별 손익(파생상품)
5107,202412,0015326,알리안츠글로벌코퍼레이트앤스페셜티에스이 한국지점,A2,파생상품 관련 손실,0,0,외국손보사,B,SI023,부문별 손익(파생상품)
5108,202412,0015326,알리안츠글로벌코퍼레이트앤스페셜티에스이 한국지점,A21,파생상품 거래 손실,0,0,외국손보사,B,SI023,부문별 손익(파생상품)
5109,202412,0015326,알리안츠글로벌코퍼레이트앤스페셜티에스이 한국지점,A22,파생상품 평가 손실,0,0,외국손보사,B,SI023,부문별 손익(파생상품)
5110,202503,0015326,알리안츠글로벌코퍼레이트앤스페셜티에스이 한국지점,A,파생상품 관련 손익,0,0,외국손보사,B,SI023,부문별 손익(파생상품)
5111,202503,0015326,알리안츠글로벌코퍼레이트앤스페셜티에스이 한국지점,A1,파생상품 관련 손익_파생상품 관련 이익,0,0,외국손보사,B,SI023,부문별 손익(파생상품)
5112,202503,0015326,알리안츠글로벌코퍼레이트앤스페셜티에스이 한국지점,A11,파생상품 거래 이익,0,0,외국손보사,B,SI023,부문별 손익(파생상품)
5113,202503,0015326,알리안츠글로벌코퍼레이트앤스페셜티에스이 한국지점,A12,파생상품 평가 이익,0,0,외국손보사,B,SI023,부문별 손익(파생상품)
5114,202503,0015326,알리안츠글로벌코퍼레이트앤스페셜티에스이 한국지점,A2,파생상품 관련 손실,0,0,외국손보사,B,SI023,부문별 손익(파생상품)
5115,202503,0015326,알리안츠글로벌코퍼레이트앤스페셜티에스이 한국지점,A21,파생상품 거래 손실,0,0,외국손보사,B,SI023,부문별 손익(파생상품)
5116,202503,0015326,알리안츠글로벌코퍼레이트앤스페셜티에스이 한국지점,A22,파생상품 평가 손실,0,0,외국손보사,B,SI023,부문별 손익(파생상품)
5117,202506,0015326,알리안츠글로벌코퍼레이트앤스페셜티에스이 한국지점,A,파생상품 관련 손익,0,0,외국손보사,B,SI023,부문별 손익(파생상품)
5118,202506,0015326,알리안츠글로벌코퍼레이트앤스페셜티에스이 한국지점,A1,파생상품 관련 손익_파생상품 관련 이익,0,0,외국손보사,B,SI023,부문별 손익(파생상품)
5119,202506,0015326,알리안츠글로벌코퍼레이트앤스페셜티에스이 한국지점,A11,파생상품 거래 이익,0,0,외국손보사,B,SI023,부문별 손익(파생상품)
5120,202506,0015326,알리안츠글로벌코퍼레이트앤스페셜티에스이 한국지점,A12,파생상품 평가 이익,0,0,외국손보사,B,SI023,부문별 손익(파생상품)
5121,202506,0015326,알리안츠글로벌코퍼레이트앤스페셜티에스이 한국지점,A2,파생상품 관련 손실,0,0,외국손보사,B,SI023,부문별 손익(파생상품)
5122,202506,0015326,알리안츠글로벌코퍼레이트앤스페셜티에스이 한국지점,A21,파생상품 거래 손실,0,0,외국손보사,B,SI023,부문별 손익(파생상품)
5123,202506,0015326,알리안츠글로벌코퍼레이트앤스페셜티에스이 한국지점,A22,파생상품 평가 손실,0,0,외국손보사,B,SI023,부문별 손익(파생상품)
5124,202509,0015326,알리안츠글로벌코퍼레이트앤스페셜티에스이 한국지점,A,파생상품 관련 손익,0,0,외국손보사,B,SI023,부문별 손익(파생상품)
5125,202509,0015326,알리안츠글로벌코퍼레이트앤스페셜티에스이 한국지점,A1,파생상품 관련 손익_파생상품 관련 이익,0,0,외국손보사,B,SI023,부문별 손익(파생상품)
5126,202509,0015326,알리안츠글로벌코퍼레이트앤스페셜티에스이 한국지점,A11,파생상품 거래 이익,0,0,외국손보사,B,SI023,부문별 손익(파생상품)
5127,202509,0015326,알리안츠글로벌코퍼레이트앤스페셜티에스이 한국지점,A12,파생상품 평가 이익,0,0,외국손보사,B,SI023,부문별 손익(파생상품)
5128,202509,0015326,알리안츠글로벌코퍼레이트앤스페셜티에스이 한국지점,A2,파생상품 관련 손실,0,0,외국손보사,B,SI023,부문별 손익(파생상품)
5129,202509,0015326,알리안츠글로벌코퍼레이트앤스페셜티에스이 한국지점,A21,파생상품 거래 손실,0,0,외국손보사,B,SI023,부문별 손익(파생상품)
5130,202509,0015326,알리안츠글로벌코퍼레이트앤스페셜티에스이 한국지점,A22,파생상품 평가 손실,0,0,외국손보사,B,SI023,부문별 손익(파생상품)
5131,201703,0011525,알지에이 리인슈어런스 컴파니 한국지점,A,파생상품 관련 손익,0,0,외국손보사,B,SI023,부문별 손익(파생상품)
5132,201703,0011525,알지에이 리인슈어런스 컴파니 한국지점,A1,파생상품 관련 이익,0,0,외국손보사,B,SI023,부문별 손익(파생상품)
5133,201703,0011525,알지에이 리인슈어런스 컴파니 한국지점,A11,파생상품 관련 이익_파생상품 거래 이익,0,0,외국손보사,B,SI023,부문별 손익(파생상품)
5134,201703,0011525,알지에이 리인슈어런스 컴파니 한국지점,A12,파생상품 관련 이익_파생상품 평가 이익,0,0,외국손보사,B,SI023,부문별 손익(파생상품)
5135,201703,0011525,알지에이 리인슈어런스 컴파니 한국지점,A2,파생상품 관련 손실,0,0,외국손보사,B,SI023,부문별 손익(파생상품)
5136,201703,0011525,알지에이 리인슈어런스 컴파니 한국지점,A21,파생상품 관련 손실_파생상품 거래 손실,0,0,외국손보사,B,SI023,부문별 손익(파생상품)
5137,201703,0011525,알지에이 리인슈어런스 컴파니 한국지점,A22,파생상품 평가 손실,0,0,외국손보사,B,SI023,부문별 손익(파생상품)
5138,201706,0011525,알지에이 리인슈어런스 컴파니 한국지점,A,파생상품 관련 손익,0,0,외국손보사,B,SI023,부문별 손익(파생상품)
5139,201706,0011525,알지에이 리인슈어런스 컴파니 한국지점,A1,파생상품 관련 이익,0,0,외국손보사,B,SI023,부문별 손익(파생상품)
5140,201706,0011525,알지에이 리인슈어런스 컴파니 한국지점,A11,파생상품 관련 이익_파생상품 거래 이익,0,0,외국손보사,B,SI023,부문별 손익(파생상품)
5141,201706,0011525,알지에이 리인슈어런스 컴파니 한국지점,A12,파생상품 관련 이익_파생상품 평가 이익,0,0,외국손보사,B,SI023,부문별 손익(파생상품)
5142,201706,0011525,알지에이 리인슈어런스 컴파니 한국지점,A2,파생상품 관련 손실,0,0,외국손보사,B,SI023,부문별 손익(파생상품)
5143,201706,0011525,알지에이 리인슈어런스 컴파니 한국지점,A21,파생상품 관련 손실_파생상품 거래 손실,0,0,외국손보사,B,SI023,부문별 손익(파생상품)
5144,201706,0011525,알지에이 리인슈어런스 컴파니 한국지점,A22,파생상품 평가 손실,0,0,외국손보사,B,SI023,부문별 손익(파생상품)
5145,201709,0011525,알지에이 리인슈어런스 컴파니 한국지점,A,파생상품 관련 손익,0,0,외국손보사,B,SI023,부문별 손익(파생상품)
5146,201709,0011525,알지에이 리인슈어런스 컴파니 한국지점,A1,파생상품 관련 이익,0,0,외국손보사,B,SI023,부문별 손익(파생상품)
5147,201709,0011525,알지에이 리인슈어런스 컴파니 한국지점,A11,파생상품 관련 이익_파생상품 거래 이익,0,0,외국손보사,B,SI023,부문별 손익(파생상품)
5148,201709,0011525,알지에이 리인슈어런스 컴파니 한국지점,A12,파생상품 관련 이익_파생상품 평가 이익,0,0,외국손보사,B,SI023,부문별 손익(파생상품)
5149,201709,0011525,알지에이 리인슈어런스 컴파니 한국지점,A2,파생상품 관련 손실,0,0,외국손보사,B,SI023,부문별 손익(파생상품)
5150,201709,0011525,알지에이 리인슈어런스 컴파니 한국지점,A21,파생상품 관련 손실_파생상품 거래 손실,0,0,외국손보사,B,SI023,부문별 손익(파생상품)
5151,201709,0011525,알지에이 리인슈어런스 컴파니 한국지점,A22,파생상품 평가 손실,0,0,외국손보사,B,SI023,부문별 손익(파생상품)
5152,201712,0011525,알지에이 리인슈어런스 컴파니 한국지점,A,파생상품 관련 손익,0,0,외국손보사,B,SI023,부문별 손익(파생상품)
5153,201712,0011525,알지에이 리인슈어런스 컴파니 한국지점,A1,파생상품 관련 이익,0,0,외국손보사,B,SI023,부문별 손익(파생상품)
5154,201712,0011525,알지에이 리인슈어런스 컴파니 한국지점,A11,파생상품 관련 이익_파생상품 거래 이익,0,0,외국손보사,B,SI023,부문별 손익(파생상품)
5155,201712,0011525,알지에이 리인슈어런스 컴파니 한국지점,A12,파생상품 관련 이익_파생상품 평가 이익,0,0,외국손보사,B,SI023,부문별 손익(파생상품)
5156,201712,0011525,알지에이 리인슈어런스 컴파니 한국지점,A2,파생상품 관련 손실,0,0,외국손보사,B,SI023,부문별 손익(파생상품)
5157,201712,0011525,알지에이 리인슈어런스 컴파니 한국지점,A21,파생상품 관련 손실_파생상품 거래 손실,0,0,외국손보사,B,SI023,부문별 손익(파생상품)
5158,201712,0011525,알지에이 리인슈어런스 컴파니 한국지점,A22,파생상품 평가 손실,0,0,외국손보사,B,SI023,부문별 손익(파생상품)
5159,201803,0011525,알지에이 리인슈어런스 컴파니 한국지점,A,파생상품 관련 손익,0,0,외국손보사,B,SI023,부문별 손익(파생상품)
5160,201803,0011525,알지에이 리인슈어런스 컴파니 한국지점,A1,파생상품 관련 이익,0,0,외국손보사,B,SI023,부문별 손익(파생상품)
5161,201803,0011525,알지에이 리인슈어런스 컴파니 한국지점,A11,파생상품 관련 이익_파생상품 거래 이익,0,0,외국손보사,B,SI023,부문별 손익(파생상품)
5162,201803,0011525,알지에이 리인슈어런스 컴파니 한국지점,A12,파생상품 관련 이익_파생상품 평가 이익,0,0,외국손보사,B,SI023,부문별 손익(파생상품)
5163,201803,0011525,알지에이 리인슈어런스 컴파니 한국지점,A2,파생상품 관련 손실,0,0,외국손보사,B,SI023,부문별 손익(파생상품)
5164,201803,0011525,알지에이 리인슈어런스 컴파니 한국지점,A21,파생상품 관련 손실_파생상품 거래 손실,0,0,외국손보사,B,SI023,부문별 손익(파생상품)
5165,201803,0011525,알지에이 리인슈어런스 컴파니 한국지점,A22,파생상품 평가 손실,0,0,외국손보사,B,SI023,부문별 손익(파생상품)
5166,201806,0011525,알지에이 리인슈어런스 컴파니 한국지점,A,파생상품 관련 손익,0,0,외국손보사,B,SI023,부문별 손익(파생상품)
5167,201806,0011525,알지에이 리인슈어런스 컴파니 한국지점,A1,파생상품 관련 이익,0,0,외국손보사,B,SI023,부문별 손익(파생상품)
5168,201806,0011525,알지에이 리인슈어런스 컴파니 한국지점,A11,파생상품 관련 이익_파생상품 거래 이익,0,0,외국손보사,B,SI023,부문별 손익(파생상품)
5169,201806,0011525,알지에이 리인슈어런스 컴파니 한국지점,A12,파생상품 관련 이익_파생상품 평가 이익,0,0,외국손보사,B,SI023,부문별 손익(파생상품)
5170,201806,0011525,알지에이 리인슈어런스 컴파니 한국지점,A2,파생상품 관련 손실,0,0,외국손보사,B,SI023,부문별 손익(파생상품)
5171,201806,0011525,알지에이 리인슈어런스 컴파니 한국지점,A21,파생상품 관련 손실_파생상품 거래 손실,0,0,외국손보사,B,SI023,부문별 손익(파생상품)
5172,201806,0011525,알지에이 리인슈어런스 컴파니 한국지점,A22,파생상품 평가 손실,0,0,외국손보사,B,SI023,부문별 손익(파생상품)
5173,201809,0011525,알지에이 리인슈어런스 컴파니 한국지점,A,파생상품 관련 손익,0,0,외국손보사,B,SI023,부문별 손익(파생상품)
5174,201809,0011525,알지에이 리인슈어런스 컴파니 한국지점,A1,파생상품 관련 이익,0,0,외국손보사,B,SI023,부문별 손익(파생상품)
5175,201809,0011525,알지에이 리인슈어런스 컴파니 한국지점,A11,파생상품 관련 이익_파생상품 거래 이익,0,0,외국손보사,B,SI023,부문별 손익(파생상품)
5176,201809,0011525,알지에이 리인슈어런스 컴파니 한국지점,A12,파생상품 관련 이익_파생상품 평가 이익,0,0,외국손보사,B,SI023,부문별 손익(파생상품)
5177,201809,0011525,알지에이 리인슈어런스 컴파니 한국지점,A2,파생상품 관련 손실,0,0,외국손보사,B,SI023,부문별 손익(파생상품)
5178,201809,0011525,알지에이 리인슈어런스 컴파니 한국지점,A21,파생상품 관련 손실_파생상품 거래 손실,0,0,외국손보사,B,SI023,부문별 손익(파생상품)
5179,201809,0011525,알지에이 리인슈어런스 컴파니 한국지점,A22,파생상품 평가 손실,0,0,외국손보사,B,SI023,부문별 손익(파생상품)
5180,201812,0011525,알지에이 리인슈어런스 컴파니 한국지점,A,파생상품 관련 손익,0,0,외국손보사,B,SI023,부문별 손익(파생상품)
5181,201812,0011525,알지에이 리인슈어런스 컴파니 한국지점,A1,파생상품 관련 이익,0,0,외국손보사,B,SI023,부문별 손익(파생상품)
5182,201812,0011525,알지에이 리인슈어런스 컴파니 한국지점,A11,파생상품 관련 이익_파생상품 거래 이익,0,0,외국손보사,B,SI023,부문별 손익(파생상품)
5183,201812,0011525,알지에이 리인슈어런스 컴파니 한국지점,A12,파생상품 관련 이익_파생상품 평가 이익,0,0,외국손보사,B,SI023,부문별 손익(파생상품)
5184,201812,0011525,알지에이 리인슈어런스 컴파니 한국지점,A2,파생상품 관련 손실,0,0,외국손보사,B,SI023,부문별 손익(파생상품)
5185,201812,0011525,알지에이 리인슈어런스 컴파니 한국지점,A21,파생상품 관련 손실_파생상품 거래 손실,0,0,외국손보사,B,SI023,부문별 손익(파생상품)
5186,201812,0011525,알지에이 리인슈어런스 컴파니 한국지점,A22,파생상품 평가 손실,0,0,외국손보사,B,SI023,부문별 손익(파생상품)
5187,201903,0011525,알지에이 리인슈어런스 컴파니 한국지점,A,파생상품 관련 손익,0,0,외국손보사,B,SI023,부문별 손익(파생상품)
5188,201903,0011525,알지에이 리인슈어런스 컴파니 한국지점,A1,파생상품 관련 이익,0,0,외국손보사,B,SI023,부문별 손익(파생상품)
5189,201903,0011525,알지에이 리인슈어런스 컴파니 한국지점,A11,파생상품 관련 이익_파생상품 거래 이익,0,0,외국손보사,B,SI023,부문별 손익(파생상품)
5190,201903,0011525,알지에이 리인슈어런스 컴파니 한국지점,A12,파생상품 관련 이익_파생상품 평가 이익,0,0,외국손보사,B,SI023,부문별 손익(파생상품)
5191,201903,0011525,알지에이 리인슈어런스 컴파니 한국지점,A2,파생상품 관련 손실,0,0,외국손보사,B,SI023,부문별 손익(파생상품)
5192,201903,0011525,알지에이 리인슈어런스 컴파니 한국지점,A21,파생상품 관련 손실_파생상품 거래 손실,0,0,외국손보사,B,SI023,부문별 손익(파생상품)
5193,201903,0011525,알지에이 리인슈어런스 컴파니 한국지점,A22,파생상품 평가 손실,0,0,외국손보사,B,SI023,부문별 손익(파생상품)
5194,201906,0011525,알지에이 리인슈어런스 컴파니 한국지점,A,파생상품 관련 손익,0,0,외국손보사,B,SI023,부문별 손익(파생상품)
5195,201906,0011525,알지에이 리인슈어런스 컴파니 한국지점,A1,파생상품 관련 이익,0,0,외국손보사,B,SI023,부문별 손익(파생상품)
5196,201906,0011525,알지에이 리인슈어런스 컴파니 한국지점,A11,파생상품 관련 이익_파생상품 거래 이익,0,0,외국손보사,B,SI023,부문별 손익(파생상품)
5197,201906,0011525,알지에이 리인슈어런스 컴파니 한국지점,A12,파생상품 관련 이익_파생상품 평가 이익,0,0,외국손보사,B,SI023,부문별 손익(파생상품)
5198,201906,0011525,알지에이 리인슈어런스 컴파니 한국지점,A2,파생상품 관련 손실,0,0,외국손보사,B,SI023,부문별 손익(파생상품)
5199,201906,0011525,알지에이 리인슈어런스 컴파니 한국지점,A21,파생상품 관련 손실_파생상품 거래 손실,0,0,외국손보사,B,SI023,부문별 손익(파생상품)
5200,201906,0011525,알지에이 리인슈어런스 컴파니 한국지점,A22,파생상품 평가 손실,0,0,외국손보사,B,SI023,부문별 손익(파생상품)
5201,201909,0011525,알지에이 리인슈어런스 컴파니 한국지점,A,파생상품 관련 손익,0,0,외국손보사,B,SI023,부문별 손익(파생상품)
5202,201909,0011525,알지에이 리인슈어런스 컴파니 한국지점,A1,파생상품 관련 이익,0,0,외국손보사,B,SI023,부문별 손익(파생상품)
5203,201909,0011525,알지에이 리인슈어런스 컴파니 한국지점,A11,파생상품 관련 이익_파생상품 거래 이익,0,0,외국손보사,B,SI023,부문별 손익(파생상품)
5204,201909,0011525,알지에이 리인슈어런스 컴파니 한국지점,A12,파생상품 관련 이익_파생상품 평가 이익,0,0,외국손보사,B,SI023,부문별 손익(파생상품)
5205,201909,0011525,알지에이 리인슈어런스 컴파니 한국지점,A2,파생상품 관련 손실,0,0,외국손보사,B,SI023,부문별 손익(파생상품)
5206,201909,0011525,알지에이 리인슈어런스 컴파니 한국지점,A21,파생상품 관련 손실_파생상품 거래 손실,0,0,외국손보사,B,SI023,부문별 손익(파생상품)
5207,201909,0011525,알지에이 리인슈어런스 컴파니 한국지점,A22,파생상품 평가 손실,0,0,외국손보사,B,SI023,부문별 손익(파생상품)
5208,201912,0011525,알지에이 리인슈어런스 컴파니 한국지점,A,파생상품 관련 손익,0,0,외국손보사,B,SI023,부문별 손익(파생상품)
5209,201912,0011525,알지에이 리인슈어런스 컴파니 한국지점,A1,파생상품 관련 이익,0,0,외국손보사,B,SI023,부문별 손익(파생상품)
5210,201912,0011525,알지에이 리인슈어런스 컴파니 한국지점,A11,파생상품 관련 이익_파생상품 거래 이익,0,0,외국손보사,B,SI023,부문별 손익(파생상품)
5211,201912,0011525,알지에이 리인슈어런스 컴파니 한국지점,A12,파생상품 관련 이익_파생상품 평가 이익,0,0,외국손보사,B,SI023,부문별 손익(파생상품)
5212,201912,0011525,알지에이 리인슈어런스 컴파니 한국지점,A2,파생상품 관련 손실,0,0,외국손보사,B,SI023,부문별 손익(파생상품)
5213,201912,0011525,알지에이 리인슈어런스 컴파니 한국지점,A21,파생상품 관련 손실_파생상품 거래 손실,0,0,외국손보사,B,SI023,부문별 손익(파생상품)
5214,201912,0011525,알지에이 리인슈어런스 컴파니 한국지점,A22,파생상품 평가 손실,0,0,외국손보사,B,SI023,부문별 손익(파생상품)
5215,202003,0011525,알지에이 리인슈어런스 컴파니 한국지점,A,파생상품 관련 손익,0,0,외국손보사,B,SI023,부문별 손익(파생상품)
5216,202003,0011525,알지에이 리인슈어런스 컴파니 한국지점,A1,파생상품 관련 이익,0,0,외국손보사,B,SI023,부문별 손익(파생상품)
5217,202003,0011525,알지에이 리인슈어런스 컴파니 한국지점,A11,파생상품 관련 이익_파생상품 거래 이익,0,0,외국손보사,B,SI023,부문별 손익(파생상품)
5218,202003,0011525,알지에이 리인슈어런스 컴파니 한국지점,A12,파생상품 관련 이익_파생상품 평가 이익,0,0,외국손보사,B,SI023,부문별 손익(파생상품)
5219,202003,0011525,알지에이 리인슈어런스 컴파니 한국지점,A2,파생상품 관련 손실,0,0,외국손보사,B,SI023,부문별 손익(파생상품)
5220,202003,0011525,알지에이 리인슈어런스 컴파니 한국지점,A21,파생상품 관련 손실_파생상품 거래 손실,0,0,외국손보사,B,SI023,부문별 손익(파생상품)
5221,202003,0011525,알지에이 리인슈어런스 컴파니 한국지점,A22,파생상품 평가 손실,0,0,외국손보사,B,SI023,부문별 손익(파생상품)
5222,202006,0011525,알지에이 리인슈어런스 컴파니 한국지점,A,파생상품 관련 손익,0,0,외국손보사,B,SI023,부문별 손익(파생상품)
5223,202006,0011525,알지에이 리인슈어런스 컴파니 한국지점,A1,파생상품 관련 이익,0,0,외국손보사,B,SI023,부문별 손익(파생상품)
5224,202006,0011525,알지에이 리인슈어런스 컴파니 한국지점,A11,파생상품 관련 이익_파생상품 거래 이익,0,0,외국손보사,B,SI023,부문별 손익(파생상품)
5225,202006,0011525,알지에이 리인슈어런스 컴파니 한국지점,A12,파생상품 관련 이익_파생상품 평가 이익,0,0,외국손보사,B,SI023,부문별 손익(파생상품)
5226,202006,0011525,알지에이 리인슈어런스 컴파니 한국지점,A2,파생상품 관련 손실,0,0,외국손보사,B,SI023,부문별 손익(파생상품)
5227,202006,0011525,알지에이 리인슈어런스 컴파니 한국지점,A21,파생상품 관련 손실_파생상품 거래 손실,0,0,외국손보사,B,SI023,부문별 손익(파생상품)
5228,202006,0011525,알지에이 리인슈어런스 컴파니 한국지점,A22,파생상품 평가 손실,0,0,외국손보사,B,SI023,부문별 손익(파생상품)
5229,202009,0011525,알지에이 리인슈어런스 컴파니 한국지점,A,파생상품 관련 손익,0,0,외국손보사,B,SI023,부문별 손익(파생상품)
5230,202009,0011525,알지에이 리인슈어런스 컴파니 한국지점,A1,파생상품 관련 이익,0,0,외국손보사,B,SI023,부문별 손익(파생상품)
5231,202009,0011525,알지에이 리인슈어런스 컴파니 한국지점,A11,파생상품 관련 이익_파생상품 거래 이익,0,0,외국손보사,B,SI023,부문별 손익(파생상품)
5232,202009,0011525,알지에이 리인슈어런스 컴파니 한국지점,A12,파생상품 관련 이익_파생상품 평가 이익,0,0,외국손보사,B,SI023,부문별 손익(파생상품)
5233,202009,0011525,알지에이 리인슈어런스 컴파니 한국지점,A2,파생상품 관련 손실,0,0,외국손보사,B,SI023,부문별 손익(파생상품)
5234,202009,0011525,알지에이 리인슈어런스 컴파니 한국지점,A21,파생상품 관련 손실_파생상품 거래 손실,0,0,외국손보사,B,SI023,부문별 손익(파생상품)
5235,202009,0011525,알지에이 리인슈어런스 컴파니 한국지점,A22,파생상품 평가 손실,0,0,외국손보사,B,SI023,부문별 손익(파생상품)
5236,202012,0011525,알지에이 리인슈어런스 컴파니 한국지점,A,파생상품 관련 손익,0,0,외국손보사,B,SI023,부문별 손익(파생상품)
5237,202012,0011525,알지에이 리인슈어런스 컴파니 한국지점,A1,파생상품 관련 이익,0,0,외국손보사,B,SI023,부문별 손익(파생상품)
5238,202012,0011525,알지에이 리인슈어런스 컴파니 한국지점,A11,파생상품 관련 이익_파생상품 거래 이익,0,0,외국손보사,B,SI023,부문별 손익(파생상품)
5239,202012,0011525,알지에이 리인슈어런스 컴파니 한국지점,A12,파생상품 관련 이익_파생상품 평가 이익,0,0,외국손보사,B,SI023,부문별 손익(파생상품)
5240,202012,0011525,알지에이 리인슈어런스 컴파니 한국지점,A2,파생상품 관련 손실,0,0,외국손보사,B,SI023,부문별 손익(파생상품)
5241,202012,0011525,알지에이 리인슈어런스 컴파니 한국지점,A21,파생상품 관련 손실_파생상품 거래 손실,0,0,외국손보사,B,SI023,부문별 손익(파생상품)
5242,202012,0011525,알지에이 리인슈어런스 컴파니 한국지점,A22,파생상품 평가 손실,0,0,외국손보사,B,SI023,부문별 손익(파생상품)
5243,202103,0011525,알지에이 리인슈어런스 컴파니 한국지점,A,파생상품 관련 손익,0,0,외국손보사,B,SI023,부문별 손익(파생상품)
5244,202103,0011525,알지에이 리인슈어런스 컴파니 한국지점,A1,파생상품 관련 이익,0,0,외국손보사,B,SI023,부문별 손익(파생상품)
5245,202103,0011525,알지에이 리인슈어런스 컴파니 한국지점,A11,파생상품 관련 이익_파생상품 거래 이익,0,0,외국손보사,B,SI023,부문별 손익(파생상품)
5246,202103,0011525,알지에이 리인슈어런스 컴파니 한국지점,A12,파생상품 관련 이익_파생상품 평가 이익,0,0,외국손보사,B,SI023,부문별 손익(파생상품)
5247,202103,0011525,알지에이 리인슈어런스 컴파니 한국지점,A2,파생상품 관련 손실,0,0,외국손보사,B,SI023,부문별 손익(파생상품)
5248,202103,0011525,알지에이 리인슈어런스 컴파니 한국지점,A21,파생상품 관련 손실_파생상품 거래 손실,0,0,외국손보사,B,SI023,부문별 손익(파생상품)
5249,202103,0011525,알지에이 리인슈어런스 컴파니 한국지점,A22,파생상품 평가 손실,0,0,외국손보사,B,SI023,부문별 손익(파생상품)
5250,202106,0011525,알지에이 리인슈어런스 컴파니 한국지점,A,파생상품 관련 손익,0,0,외국손보사,B,SI023,부문별 손익(파생상품)
5251,202106,0011525,알지에이 리인슈어런스 컴파니 한국지점,A1,파생상품 관련 이익,0,0,외국손보사,B,SI023,부문별 손익(파생상품)
5252,202106,0011525,알지에이 리인슈어런스 컴파니 한국지점,A11,파생상품 관련 이익_파생상품 거래 이익,0,0,외국손보사,B,SI023,부문별 손익(파생상품)
5253,202106,0011525,알지에이 리인슈어런스 컴파니 한국지점,A12,파생상품 관련 이익_파생상품 평가 이익,0,0,외국손보사,B,SI023,부문별 손익(파생상품)
5254,202106,0011525,알지에이 리인슈어런스 컴파니 한국지점,A2,파생상품 관련 손실,0,0,외국손보사,B,SI023,부문별 손익(파생상품)
5255,202106,0011525,알지에이 리인슈어런스 컴파니 한국지점,A21,파생상품 관련 손실_파생상품 거래 손실,0,0,외국손보사,B,SI023,부문별 손익(파생상품)
5256,202106,0011525,알지에이 리인슈어런스 컴파니 한국지점,A22,파생상품 평가 손실,0,0,외국손보사,B,SI023,부문별 손익(파생상품)
5257,202109,0011525,알지에이 리인슈어런스 컴파니 한국지점,A,파생상품 관련 손익,0,0,외국손보사,B,SI023,부문별 손익(파생상품)
5258,202109,0011525,알지에이 리인슈어런스 컴파니 한국지점,A1,파생상품 관련 이익,0,0,외국손보사,B,SI023,부문별 손익(파생상품)
5259,202109,0011525,알지에이 리인슈어런스 컴파니 한국지점,A11,파생상품 관련 이익_파생상품 거래 이익,0,0,외국손보사,B,SI023,부문별 손익(파생상품)
5260,202109,0011525,알지에이 리인슈어런스 컴파니 한국지점,A12,파생상품 관련 이익_파생상품 평가 이익,0,0,외국손보사,B,SI023,부문별 손익(파생상품)
5261,202109,0011525,알지에이 리인슈어런스 컴파니 한국지점,A2,파생상품 관련 손실,0,0,외국손보사,B,SI023,부문별 손익(파생상품)
5262,202109,0011525,알지에이 리인슈어런스 컴파니 한국지점,A21,파생상품 관련 손실_파생상품 거래 손실,0,0,외국손보사,B,SI023,부문별 손익(파생상품)
5263,202109,0011525,알지에이 리인슈어런스 컴파니 한국지점,A22,파생상품 평가 손실,0,0,외국손보사,B,SI023,부문별 손익(파생상품)
5264,202112,0011525,알지에이 리인슈어런스 컴파니 한국지점,A,파생상품 관련 손익,0,0,외국손보사,B,SI023,부문별 손익(파생상품)
5265,202112,0011525,알지에이 리인슈어런스 컴파니 한국지점,A1,파생상품 관련 이익,0,0,외국손보사,B,SI023,부문별 손익(파생상품)
5266,202112,0011525,알지에이 리인슈어런스 컴파니 한국지점,A11,파생상품 관련 이익_파생상품 거래 이익,0,0,외국손보사,B,SI023,부문별 손익(파생상품)
5267,202112,0011525,알지에이 리인슈어런스 컴파니 한국지점,A12,파생상품 관련 이익_파생상품 평가 이익,0,0,외국손보사,B,SI023,부문별 손익(파생상품)
5268,202112,0011525,알지에이 리인슈어런스 컴파니 한국지점,A2,파생상품 관련 손실,0,0,외국손보사,B,SI023,부문별 손익(파생상품)
5269,202112,0011525,알지에이 리인슈어런스 컴파니 한국지점,A21,파생상품 관련 손실_파생상품 거래 손실,0,0,외국손보사,B,SI023,부문별 손익(파생상품)
5270,202112,0011525,알지에이 리인슈어런스 컴파니 한국지점,A22,파생상품 평가 손실,0,0,외국손보사,B,SI023,부문별 손익(파생상품)
5271,202203,0011525,알지에이 리인슈어런스 컴파니 한국지점,A,파생상품 관련 손익,0,0,외국손보사,B,SI023,부문별 손익(파생상품)
5272,202203,0011525,알지에이 리인슈어런스 컴파니 한국지점,A1,파생상품 관련 이익,0,0,외국손보사,B,SI023,부문별 손익(파생상품)
5273,202203,0011525,알지에이 리인슈어런스 컴파니 한국지점,A11,파생상품 관련 이익_파생상품 거래 이익,0,0,외국손보사,B,SI023,부문별 손익(파생상품)
5274,202203,0011525,알지에이 리인슈어런스 컴파니 한국지점,A12,파생상품 관련 이익_파생상품 평가 이익,0,0,외국손보사,B,SI023,부문별 손익(파생상품)
5275,202203,0011525,알지에이 리인슈어런스 컴파니 한국지점,A2,파생상품 관련 손실,0,0,외국손보사,B,SI023,부문별 손익(파생상품)
5276,202203,0011525,알지에이 리인슈어런스 컴파니 한국지점,A21,파생상품 관련 손실_파생상품 거래 손실,0,0,외국손보사,B,SI023,부문별 손익(파생상품)
5277,202203,0011525,알지에이 리인슈어런스 컴파니 한국지점,A22,파생상품 평가 손실,0,0,외국손보사,B,SI023,부문별 손익(파생상품)
5278,202206,0011525,알지에이 리인슈어런스 컴파니 한국지점,A,파생상품 관련 손익,0,0,외국손보사,B,SI023,부문별 손익(파생상품)
5279,202206,0011525,알지에이 리인슈어런스 컴파니 한국지점,A1,파생상품 관련 이익,0,0,외국손보사,B,SI023,부문별 손익(파생상품)
5280,202206,0011525,알지에이 리인슈어런스 컴파니 한국지점,A11,파생상품 관련 이익_파생상품 거래 이익,0,0,외국손보사,B,SI023,부문별 손익(파생상품)
5281,202206,0011525,알지에이 리인슈어런스 컴파니 한국지점,A12,파생상품 관련 이익_파생상품 평가 이익,0,0,외국손보사,B,SI023,부문별 손익(파생상품)
5282,202206,0011525,알지에이 리인슈어런스 컴파니 한국지점,A2,파생상품 관련 손실,0,0,외국손보사,B,SI023,부문별 손익(파생상품)
5283,202206,0011525,알지에이 리인슈어런스 컴파니 한국지점,A21,파생상품 관련 손실_파생상품 거래 손실,0,0,외국손보사,B,SI023,부문별 손익(파생상품)
5284,202206,0011525,알지에이 리인슈어런스 컴파니 한국지점,A22,파생상품 평가 손실,0,0,외국손보사,B,SI023,부문별 손익(파생상품)
5285,202209,0011525,알지에이 리인슈어런스 컴파니 한국지점,A,파생상품 관련 손익,0,0,외국손보사,B,SI023,부문별 손익(파생상품)
5286,202209,0011525,알지에이 리인슈어런스 컴파니 한국지점,A1,파생상품 관련 이익,0,0,외국손보사,B,SI023,부문별 손익(파생상품)
5287,202209,0011525,알지에이 리인슈어런스 컴파니 한국지점,A11,파생상품 관련 이익_파생상품 거래 이익,0,0,외국손보사,B,SI023,부문별 손익(파생상품)
5288,202209,0011525,알지에이 리인슈어런스 컴파니 한국지점,A12,파생상품 관련 이익_파생상품 평가 이익,0,0,외국손보사,B,SI023,부문별 손익(파생상품)
5289,202209,0011525,알지에이 리인슈어런스 컴파니 한국지점,A2,파생상품 관련 손실,0,0,외국손보사,B,SI023,부문별 손익(파생상품)
5290,202209,0011525,알지에이 리인슈어런스 컴파니 한국지점,A21,파생상품 관련 손실_파생상품 거래 손실,0,0,외국손보사,B,SI023,부문별 손익(파생상품)
5291,202209,0011525,알지에이 리인슈어런스 컴파니 한국지점,A22,파생상품 평가 손실,0,0,외국손보사,B,SI023,부문별 손익(파생상품)
5292,202212,0011525,알지에이 리인슈어런스 컴파니 한국지점,A,파생상품 관련 손익,0,0,외국손보사,B,SI023,부문별 손익(파생상품)
5293,202212,0011525,알지에이 리인슈어런스 컴파니 한국지점,A1,파생상품 관련 이익,0,0,외국손보사,B,SI023,부문별 손익(파생상품)
5294,202212,0011525,알지에이 리인슈어런스 컴파니 한국지점,A11,파생상품 관련 이익_파생상품 거래 이익,0,0,외국손보사,B,SI023,부문별 손익(파생상품)
5295,202212,0011525,알지에이 리인슈어런스 컴파니 한국지점,A12,파생상품 관련 이익_파생상품 평가 이익,0,0,외국손보사,B,SI023,부문별 손익(파생상품)
5296,202212,0011525,알지에이 리인슈어런스 컴파니 한국지점,A2,파생상품 관련 손실,0,0,외국손보사,B,SI023,부문별 손익(파생상품)
5297,202212,0011525,알지에이 리인슈어런스 컴파니 한국지점,A21,파생상품 관련 손실_파생상품 거래 손실,0,0,외국손보사,B,SI023,부문별 손익(파생상품)
5298,202212,0011525,알지에이 리인슈어런스 컴파니 한국지점,A22,파생상품 평가 손실,0,0,외국손보사,B,SI023,부문별 손익(파생상품)
5299,202303,0011525,알지에이 리인슈어런스 컴파니 한국지점,A,파생상품 관련 손익,0,0,외국손보사,B,SI023,부문별 손익(파생상품)
5300,202303,0011525,알지에이 리인슈어런스 컴파니 한국지점,A1,파생상품 관련 손익_파생상품 관련 이익,0,0,외국손보사,B,SI023,부문별 손익(파생상품)
5301,202303,0011525,알지에이 리인슈어런스 컴파니 한국지점,A11,파생상품 거래 이익,0,0,외국손보사,B,SI023,부문별 손익(파생상품)
5302,202303,0011525,알지에이 리인슈어런스 컴파니 한국지점,A12,파생상품 평가 이익,0,0,외국손보사,B,SI023,부문별 손익(파생상품)
5303,202303,0011525,알지에이 리인슈어런스 컴파니 한국지점,A2,파생상품 관련 손실,0,0,외국손보사,B,SI023,부문별 손익(파생상품)
5304,202303,0011525,알지에이 리인슈어런스 컴파니 한국지점,A21,파생상품 거래 손실,0,0,외국손보사,B,SI023,부문별 손익(파생상품)
5305,202303,0011525,알지에이 리인슈어런스 컴파니 한국지점,A22,파생상품 평가 손실,0,0,외국손보사,B,SI023,부문별 손익(파생상품)
5306,202306,0011525,알지에이 리인슈어런스 컴파니 한국지점,A,파생상품 관련 손익,0,0,외국손보사,B,SI023,부문별 손익(파생상품)
5307,202306,0011525,알지에이 리인슈어런스 컴파니 한국지점,A1,파생상품 관련 손익_파생상품 관련 이익,0,0,외국손보사,B,SI023,부문별 손익(파생상품)
5308,202306,0011525,알지에이 리인슈어런스 컴파니 한국지점,A11,파생상품 거래 이익,0,0,외국손보사,B,SI023,부문별 손익(파생상품)
5309,202306,0011525,알지에이 리인슈어런스 컴파니 한국지점,A12,파생상품 평가 이익,0,0,외국손보사,B,SI023,부문별 손익(파생상품)
5310,202306,0011525,알지에이 리인슈어런스 컴파니 한국지점,A2,파생상품 관련 손실,0,0,외국손보사,B,SI023,부문별 손익(파생상품)
5311,202306,0011525,알지에이 리인슈어런스 컴파니 한국지점,A21,파생상품 거래 손실,0,0,외국손보사,B,SI023,부문별 손익(파생상품)
5312,202306,0011525,알지에이 리인슈어런스 컴파니 한국지점,A22,파생상품 평가 손실,0,0,외국손보사,B,SI023,부문별 손익(파생상품)
5313,202309,0011525,알지에이 리인슈어런스 컴파니 한국지점,A,파생상품 관련 손익,0,0,외국손보사,B,SI023,부문별 손익(파생상품)
5314,202309,0011525,알지에이 리인슈어런스 컴파니 한국지점,A1,파생상품 관련 손익_파생상품 관련 이익,0,0,외국손보사,B,SI023,부문별 손익(파생상품)
5315,202309,0011525,알지에이 리인슈어런스 컴파니 한국지점,A11,파생상품 거래 이익,0,0,외국손보사,B,SI023,부문별 손익(파생상품)
5316,202309,0011525,알지에이 리인슈어런스 컴파니 한국지점,A12,파생상품 평가 이익,0,0,외국손보사,B,SI023,부문별 손익(파생상품)
5317,202309,0011525,알지에이 리인슈어런스 컴파니 한국지점,A2,파생상품 관련 손실,0,0,외국손보사,B,SI023,부문별 손익(파생상품)
5318,202309,0011525,알지에이 리인슈어런스 컴파니 한국지점,A21,파생상품 거래 손실,0,0,외국손보사,B,SI023,부문별 손익(파생상품)
5319,202309,0011525,알지에이 리인슈어런스 컴파니 한국지점,A22,파생상품 평가 손실,0,0,외국손보사,B,SI023,부문별 손익(파생상품)
5320,202312,0011525,알지에이 리인슈어런스 컴파니 한국지점,A,파생상품 관련 손익,0,0,외국손보사,B,SI023,부문별 손익(파생상품)
5321,202312,0011525,알지에이 리인슈어런스 컴파니 한국지점,A1,파생상품 관련 손익_파생상품 관련 이익,0,0,외국손보사,B,SI023,부문별 손익(파생상품)
5322,202312,0011525,알지에이 리인슈어런스 컴파니 한국지점,A11,파생상품 거래 이익,0,0,외국손보사,B,SI023,부문별 손익(파생상품)
5323,202312,0011525,알지에이 리인슈어런스 컴파니 한국지점,A12,파생상품 평가 이익,0,0,외국손보사,B,SI023,부문별 손익(파생상품)
5324,202312,0011525,알지에이 리인슈어런스 컴파니 한국지점,A2,파생상품 관련 손실,0,0,외국손보사,B,SI023,부문별 손익(파생상품)
5325,202312,0011525,알지에이 리인슈어런스 컴파니 한국지점,A21,파생상품 거래 손실,0,0,외국손보사,B,SI023,부문별 손익(파생상품)
5326,202312,0011525,알지에이 리인슈어런스 컴파니 한국지점,A22,파생상품 평가 손실,0,0,외국손보사,B,SI023,부문별 손익(파생상품)
5327,202403,0011525,알지에이 리인슈어런스 컴파니 한국지점,A,파생상품 관련 손익,0,0,외국손보사,B,SI023,부문별 손익(파생상품)
5328,202403,0011525,알지에이 리인슈어런스 컴파니 한국지점,A1,파생상품 관련 손익_파생상품 관련 이익,0,0,외국손보사,B,SI023,부문별 손익(파생상품)
5329,202403,0011525,알지에이 리인슈어런스 컴파니 한국지점,A11,파생상품 거래 이익,0,0,외국손보사,B,SI023,부문별 손익(파생상품)
5330,202403,0011525,알지에이 리인슈어런스 컴파니 한국지점,A12,파생상품 평가 이익,0,0,외국손보사,B,SI023,부문별 손익(파생상품)
5331,202403,0011525,알지에이 리인슈어런스 컴파니 한국지점,A2,파생상품 관련 손실,0,0,외국손보사,B,SI023,부문별 손익(파생상품)
5332,202403,0011525,알지에이 리인슈어런스 컴파니 한국지점,A21,파생상품 거래 손실,0,0,외국손보사,B,SI023,부문별 손익(파생상품)
5333,202403,0011525,알지에이 리인슈어런스 컴파니 한국지점,A22,파생상품 평가 손실,0,0,외국손보사,B,SI023,부문별 손익(파생상품)
5334,202406,0011525,알지에이 리인슈어런스 컴파니 한국지점,A,파생상품 관련 손익,0,0,외국손보사,B,SI023,부문별 손익(파생상품)
5335,202406,0011525,알지에이 리인슈어런스 컴파니 한국지점,A1,파생상품 관련 손익_파생상품 관련 이익,0,0,외국손보사,B,SI023,부문별 손익(파생상품)
5336,202406,0011525,알지에이 리인슈어런스 컴파니 한국지점,A11,파생상품 거래 이익,0,0,외국손보사,B,SI023,부문별 손익(파생상품)
5337,202406,0011525,알지에이 리인슈어런스 컴파니 한국지점,A12,파생상품 평가 이익,0,0,외국손보사,B,SI023,부문별 손익(파생상품)
5338,202406,0011525,알지에이 리인슈어런스 컴파니 한국지점,A2,파생상품 관련 손실,0,0,외국손보사,B,SI023,부문별 손익(파생상품)
5339,202406,0011525,알지에이 리인슈어런스 컴파니 한국지점,A21,파생상품 거래 손실,0,0,외국손보사,B,SI023,부문별 손익(파생상품)
5340,202406,0011525,알지에이 리인슈어런스 컴파니 한국지점,A22,파생상품 평가 손실,0,0,외국손보사,B,SI023,부문별 손익(파생상품)
5341,202409,0011525,알지에이 리인슈어런스 컴파니 한국지점,A,파생상품 관련 손익,0,0,외국손보사,B,SI023,부문별 손익(파생상품)
5342,202409,0011525,알지에이 리인슈어런스 컴파니 한국지점,A1,파생상품 관련 손익_파생상품 관련 이익,0,0,외국손보사,B,SI023,부문별 손익(파생상품)
5343,202409,0011525,알지에이 리인슈어런스 컴파니 한국지점,A11,파생상품 거래 이익,0,0,외국손보사,B,SI023,부문별 손익(파생상품)
5344,202409,0011525,알지에이 리인슈어런스 컴파니 한국지점,A12,파생상품 평가 이익,0,0,외국손보사,B,SI023,부문별 손익(파생상품)
5345,202409,0011525,알지에이 리인슈어런스 컴파니 한국지점,A2,파생상품 관련 손실,0,0,외국손보사,B,SI023,부문별 손익(파생상품)
5346,202409,0011525,알지에이 리인슈어런스 컴파니 한국지점,A21,파생상품 거래 손실,0,0,외국손보사,B,SI023,부문별 손익(파생상품)
5347,202409,0011525,알지에이 리인슈어런스 컴파니 한국지점,A22,파생상품 평가 손실,0,0,외국손보사,B,SI023,부문별 손익(파생상품)
5348,202412,0011525,알지에이 리인슈어런스 컴파니 한국지점,A,파생상품 관련 손익,0,0,외국손보사,B,SI023,부문별 손익(파생상품)
5349,202412,0011525,알지에이 리인슈어런스 컴파니 한국지점,A1,파생상품 관련 손익_파생상품 관련 이익,0,0,외국손보사,B,SI023,부문별 손익(파생상품)
5350,202412,0011525,알지에이 리인슈어런스 컴파니 한국지점,A11,파생상품 거래 이익,0,0,외국손보사,B,SI023,부문별 손익(파생상품)
5351,202412,0011525,알지에이 리인슈어런스 컴파니 한국지점,A12,파생상품 평가 이익,0,0,외국손보사,B,SI023,부문별 손익(파생상품)
5352,202412,0011525,알지에이 리인슈어런스 컴파니 한국지점,A2,파생상품 관련 손실,0,0,외국손보사,B,SI023,부문별 손익(파생상품)
5353,202412,0011525,알지에이 리인슈어런스 컴파니 한국지점,A21,파생상품 거래 손실,0,0,외국손보사,B,SI023,부문별 손익(파생상품)
5354,202412,0011525,알지에이 리인슈어런스 컴파니 한국지점,A22,파생상품 평가 손실,0,0,외국손보사,B,SI023,부문별 손익(파생상품)
5355,202503,0011525,알지에이 리인슈어런스 컴파니 한국지점,A,파생상품 관련 손익,0,0,외국손보사,B,SI023,부문별 손익(파생상품)
5356,202503,0011525,알지에이 리인슈어런스 컴파니 한국지점,A1,파생상품 관련 손익_파생상품 관련 이익,0,0,외국손보사,B,SI023,부문별 손익(파생상품)
5357,202503,0011525,알지에이 리인슈어런스 컴파니 한국지점,A11,파생상품 거래 이익,0,0,외국손보사,B,SI023,부문별 손익(파생상품)
5358,202503,0011525,알지에이 리인슈어런스 컴파니 한국지점,A12,파생상품 평가 이익,0,0,외국손보사,B,SI023,부문별 손익(파생상품)
5359,202503,0011525,알지에이 리인슈어런스 컴파니 한국지점,A2,파생상품 관련 손실,0,0,외국손보사,B,SI023,부문별 손익(파생상품)
5360,202503,0011525,알지에이 리인슈어런스 컴파니 한국지점,A21,파생상품 거래 손실,0,0,외국손보사,B,SI023,부문별 손익(파생상품)
5361,202503,0011525,알지에이 리인슈어런스 컴파니 한국지점,A22,파생상품 평가 손실,0,0,외국손보사,B,SI023,부문별 손익(파생상품)
5362,202506,0011525,알지에이 리인슈어런스 컴파니 한국지점,A,파생상품 관련 손익,0,0,외국손보사,B,SI023,부문별 손익(파생상품)
5363,202506,0011525,알지에이 리인슈어런스 컴파니 한국지점,A1,파생상품 관련 손익_파생상품 관련 이익,0,0,외국손보사,B,SI023,부문별 손익(파생상품)
5364,202506,0011525,알지에이 리인슈어런스 컴파니 한국지점,A11,파생상품 거래 이익,0,0,외국손보사,B,SI023,부문별 손익(파생상품)
5365,202506,0011525,알지에이 리인슈어런스 컴파니 한국지점,A12,파생상품 평가 이익,0,0,외국손보사,B,SI023,부문별 손익(파생상품)
5366,202506,0011525,알지에이 리인슈어런스 컴파니 한국지점,A2,파생상품 관련 손실,0,0,외국손보사,B,SI023,부문별 손익(파생상품)
5367,202506,0011525,알지에이 리인슈어런스 컴파니 한국지점,A21,파생상품 거래 손실,0,0,외국손보사,B,SI023,부문별 손익(파생상품)
5368,202506,0011525,알지에이 리인슈어런스 컴파니 한국지점,A22,파생상품 평가 손실,0,0,외국손보사,B,SI023,부문별 손익(파생상품)
5369,202509,0011525,알지에이 리인슈어런스 컴파니 한국지점,A,파생상품 관련 손익,0,0,외국손보사,B,SI023,부문별 손익(파생상품)
5370,202509,0011525,알지에이 리인슈어런스 컴파니 한국지점,A1,파생상품 관련 손익_파생상품 관련 이익,0,0,외국손보사,B,SI023,부문별 손익(파생상품)
5371,202509,0011525,알지에이 리인슈어런스 컴파니 한국지점,A11,파생상품 거래 이익,0,0,외국손보사,B,SI023,부문별 손익(파생상품)
5372,202509,0011525,알지에이 리인슈어런스 컴파니 한국지점,A12,파생상품 평가 이익,0,0,외국손보사,B,SI023,부문별 손익(파생상품)
5373,202509,0011525,알지에이 리인슈어런스 컴파니 한국지점,A2,파생상품 관련 손실,0,0,외국손보사,B,SI023,부문별 손익(파생상품)
5374,202509,0011525,알지에이 리인슈어런스 컴파니 한국지점,A21,파생상품 거래 손실,0,0,외국손보사,B,SI023,부문별 손익(파생상품)
5375,202509,0011525,알지에이 리인슈어런스 컴파니 한국지점,A22,파생상품 평가 손실,0,0,외국손보사,B,SI023,부문별 손익(파생상품)
5376,201703,0010641,에이스아메리칸화재해상보험주식회사,A,파생상품 관련 손익,0,0,외국손보사,B,SI023,부문별 손익(파생상품)
5377,201703,0010641,에이스아메리칸화재해상보험주식회사,A1,파생상품 관련 이익,0,0,외국손보사,B,SI023,부문별 손익(파생상품)
5378,201703,0010641,에이스아메리칸화재해상보험주식회사,A11,파생상품 관련 이익_파생상품 거래 이익,0,0,외국손보사,B,SI023,부문별 손익(파생상품)
5379,201703,0010641,에이스아메리칸화재해상보험주식회사,A12,파생상품 관련 이익_파생상품 평가 이익,0,0,외국손보사,B,SI023,부문별 손익(파생상품)
5380,201703,0010641,에이스아메리칸화재해상보험주식회사,A2,파생상품 관련 손실,0,0,외국손보사,B,SI023,부문별 손익(파생상품)
5381,201703,0010641,에이스아메리칸화재해상보험주식회사,A21,파생상품 관련 손실_파생상품 거래 손실,0,0,외국손보사,B,SI023,부문별 손익(파생상품)
5382,201703,0010641,에이스아메리칸화재해상보험주식회사,A22,파생상품 평가 손실,0,0,외국손보사,B,SI023,부문별 손익(파생상품)
5383,201706,0010641,에이스아메리칸화재해상보험주식회사,A,파생상품 관련 손익,0,0,외국손보사,B,SI023,부문별 손익(파생상품)
5384,201706,0010641,에이스아메리칸화재해상보험주식회사,A1,파생상품 관련 이익,0,0,외국손보사,B,SI023,부문별 손익(파생상품)
5385,201706,0010641,에이스아메리칸화재해상보험주식회사,A11,파생상품 관련 이익_파생상품 거래 이익,0,0,외국손보사,B,SI023,부문별 손익(파생상품)
5386,201706,0010641,에이스아메리칸화재해상보험주식회사,A12,파생상품 관련 이익_파생상품 평가 이익,0,0,외국손보사,B,SI023,부문별 손익(파생상품)
5387,201706,0010641,에이스아메리칸화재해상보험주식회사,A2,파생상품 관련 손실,0,0,외국손보사,B,SI023,부문별 손익(파생상품)
5388,201706,0010641,에이스아메리칸화재해상보험주식회사,A21,파생상품 관련 손실_파생상품 거래 손실,0,0,외국손보사,B,SI023,부문별 손익(파생상품)
5389,201706,0010641,에이스아메리칸화재해상보험주식회사,A22,파생상품 평가 손실,0,0,외국손보사,B,SI023,부문별 손익(파생상품)
5390,201709,0010641,에이스아메리칸화재해상보험주식회사,A,파생상품 관련 손익,0,0,외국손보사,B,SI023,부문별 손익(파생상품)
5391,201709,0010641,에이스아메리칸화재해상보험주식회사,A1,파생상품 관련 이익,0,0,외국손보사,B,SI023,부문별 손익(파생상품)
5392,201709,0010641,에이스아메리칸화재해상보험주식회사,A11,파생상품 관련 이익_파생상품 거래 이익,0,0,외국손보사,B,SI023,부문별 손익(파생상품)
5393,201709,0010641,에이스아메리칸화재해상보험주식회사,A12,파생상품 관련 이익_파생상품 평가 이익,0,0,외국손보사,B,SI023,부문별 손익(파생상품)
5394,201709,0010641,에이스아메리칸화재해상보험주식회사,A2,파생상품 관련 손실,0,0,외국손보사,B,SI023,부문별 손익(파생상품)
5395,201709,0010641,에이스아메리칸화재해상보험주식회사,A21,파생상품 관련 손실_파생상품 거래 손실,0,0,외국손보사,B,SI023,부문별 손익(파생상품)
5396,201709,0010641,에이스아메리칸화재해상보험주식회사,A22,파생상품 평가 손실,0,0,외국손보사,B,SI023,부문별 손익(파생상품)
5397,201712,0010641,에이스아메리칸화재해상보험주식회사,A,파생상품 관련 손익,0,0,외국손보사,B,SI023,부문별 손익(파생상품)
5398,201712,0010641,에이스아메리칸화재해상보험주식회사,A1,파생상품 관련 이익,0,0,외국손보사,B,SI023,부문별 손익(파생상품)
5399,201712,0010641,에이스아메리칸화재해상보험주식회사,A11,파생상품 관련 이익_파생상품 거래 이익,0,0,외국손보사,B,SI023,부문별 손익(파생상품)
5400,201712,0010641,에이스아메리칸화재해상보험주식회사,A12,파생상품 관련 이익_파생상품 평가 이익,0,0,외국손보사,B,SI023,부문별 손익(파생상품)
5401,201712,0010641,에이스아메리칸화재해상보험주식회사,A2,파생상품 관련 손실,0,0,외국손보사,B,SI023,부문별 손익(파생상품)
5402,201712,0010641,에이스아메리칸화재해상보험주식회사,A21,파생상품 관련 손실_파생상품 거래 손실,0,0,외국손보사,B,SI023,부문별 손익(파생상품)
5403,201712,0010641,에이스아메리칸화재해상보험주식회사,A22,파생상품 평가 손실,0,0,외국손보사,B,SI023,부문별 손익(파생상품)
5404,201803,0010641,에이스아메리칸화재해상보험주식회사,A,파생상품 관련 손익,0,0,외국손보사,B,SI023,부문별 손익(파생상품)
5405,201803,0010641,에이스아메리칸화재해상보험주식회사,A1,파생상품 관련 이익,0,0,외국손보사,B,SI023,부문별 손익(파생상품)
5406,201803,0010641,에이스아메리칸화재해상보험주식회사,A11,파생상품 관련 이익_파생상품 거래 이익,0,0,외국손보사,B,SI023,부문별 손익(파생상품)
5407,201803,0010641,에이스아메리칸화재해상보험주식회사,A12,파생상품 관련 이익_파생상품 평가 이익,0,0,외국손보사,B,SI023,부문별 손익(파생상품)
5408,201803,0010641,에이스아메리칸화재해상보험주식회사,A2,파생상품 관련 손실,0,0,외국손보사,B,SI023,부문별 손익(파생상품)
5409,201803,0010641,에이스아메리칸화재해상보험주식회사,A21,파생상품 관련 손실_파생상품 거래 손실,0,0,외국손보사,B,SI023,부문별 손익(파생상품)
5410,201803,0010641,에이스아메리칸화재해상보험주식회사,A22,파생상품 평가 손실,0,0,외국손보사,B,SI023,부문별 손익(파생상품)
5411,201806,0010641,에이스아메리칸화재해상보험주식회사,A,파생상품 관련 손익,0,0,외국손보사,B,SI023,부문별 손익(파생상품)
5412,201806,0010641,에이스아메리칸화재해상보험주식회사,A1,파생상품 관련 이익,0,0,외국손보사,B,SI023,부문별 손익(파생상품)
5413,201806,0010641,에이스아메리칸화재해상보험주식회사,A11,파생상품 관련 이익_파생상품 거래 이익,0,0,외국손보사,B,SI023,부문별 손익(파생상품)
5414,201806,0010641,에이스아메리칸화재해상보험주식회사,A12,파생상품 관련 이익_파생상품 평가 이익,0,0,외국손보사,B,SI023,부문별 손익(파생상품)
5415,201806,0010641,에이스아메리칸화재해상보험주식회사,A2,파생상품 관련 손실,0,0,외국손보사,B,SI023,부문별 손익(파생상품)
5416,201806,0010641,에이스아메리칸화재해상보험주식회사,A21,파생상품 관련 손실_파생상품 거래 손실,0,0,외국손보사,B,SI023,부문별 손익(파생상품)
5417,201806,0010641,에이스아메리칸화재해상보험주식회사,A22,파생상품 평가 손실,0,0,외국손보사,B,SI023,부문별 손익(파생상품)
5418,201809,0010641,에이스아메리칸화재해상보험주식회사,A,파생상품 관련 손익,0,0,외국손보사,B,SI023,부문별 손익(파생상품)
5419,201809,0010641,에이스아메리칸화재해상보험주식회사,A1,파생상품 관련 이익,0,0,외국손보사,B,SI023,부문별 손익(파생상품)
5420,201809,0010641,에이스아메리칸화재해상보험주식회사,A11,파생상품 관련 이익_파생상품 거래 이익,0,0,외국손보사,B,SI023,부문별 손익(파생상품)
5421,201809,0010641,에이스아메리칸화재해상보험주식회사,A12,파생상품 관련 이익_파생상품 평가 이익,0,0,외국손보사,B,SI023,부문별 손익(파생상품)
5422,201809,0010641,에이스아메리칸화재해상보험주식회사,A2,파생상품 관련 손실,0,0,외국손보사,B,SI023,부문별 손익(파생상품)
5423,201809,0010641,에이스아메리칸화재해상보험주식회사,A21,파생상품 관련 손실_파생상품 거래 손실,0,0,외국손보사,B,SI023,부문별 손익(파생상품)
5424,201809,0010641,에이스아메리칸화재해상보험주식회사,A22,파생상품 평가 손실,0,0,외국손보사,B,SI023,부문별 손익(파생상품)
5425,201812,0010641,에이스아메리칸화재해상보험주식회사,A,파생상품 관련 손익,0,0,외국손보사,B,SI023,부문별 손익(파생상품)
5426,201812,0010641,에이스아메리칸화재해상보험주식회사,A1,파생상품 관련 이익,0,0,외국손보사,B,SI023,부문별 손익(파생상품)
5427,201812,0010641,에이스아메리칸화재해상보험주식회사,A11,파생상품 관련 이익_파생상품 거래 이익,0,0,외국손보사,B,SI023,부문별 손익(파생상품)
5428,201812,0010641,에이스아메리칸화재해상보험주식회사,A12,파생상품 관련 이익_파생상품 평가 이익,0,0,외국손보사,B,SI023,부문별 손익(파생상품)
5429,201812,0010641,에이스아메리칸화재해상보험주식회사,A2,파생상품 관련 손실,0,0,외국손보사,B,SI023,부문별 손익(파생상품)
5430,201812,0010641,에이스아메리칸화재해상보험주식회사,A21,파생상품 관련 손실_파생상품 거래 손실,0,0,외국손보사,B,SI023,부문별 손익(파생상품)
5431,201812,0010641,에이스아메리칸화재해상보험주식회사,A22,파생상품 평가 손실,0,0,외국손보사,B,SI023,부문별 손익(파생상품)
5432,201903,0010641,에이스아메리칸화재해상보험주식회사,A,파생상품 관련 손익,0,0,외국손보사,B,SI023,부문별 손익(파생상품)
5433,201903,0010641,에이스아메리칸화재해상보험주식회사,A1,파생상품 관련 이익,0,0,외국손보사,B,SI023,부문별 손익(파생상품)
5434,201903,0010641,에이스아메리칸화재해상보험주식회사,A11,파생상품 관련 이익_파생상품 거래 이익,0,0,외국손보사,B,SI023,부문별 손익(파생상품)
5435,201903,0010641,에이스아메리칸화재해상보험주식회사,A12,파생상품 관련 이익_파생상품 평가 이익,0,0,외국손보사,B,SI023,부문별 손익(파생상품)
5436,201903,0010641,에이스아메리칸화재해상보험주식회사,A2,파생상품 관련 손실,0,0,외국손보사,B,SI023,부문별 손익(파생상품)
5437,201903,0010641,에이스아메리칸화재해상보험주식회사,A21,파생상품 관련 손실_파생상품 거래 손실,0,0,외국손보사,B,SI023,부문별 손익(파생상품)
5438,201903,0010641,에이스아메리칸화재해상보험주식회사,A22,파생상품 평가 손실,0,0,외국손보사,B,SI023,부문별 손익(파생상품)
5439,201906,0010641,에이스아메리칸화재해상보험주식회사,A,파생상품 관련 손익,0,0,외국손보사,B,SI023,부문별 손익(파생상품)
5440,201906,0010641,에이스아메리칸화재해상보험주식회사,A1,파생상품 관련 이익,0,0,외국손보사,B,SI023,부문별 손익(파생상품)
5441,201906,0010641,에이스아메리칸화재해상보험주식회사,A11,파생상품 관련 이익_파생상품 거래 이익,0,0,외국손보사,B,SI023,부문별 손익(파생상품)
5442,201906,0010641,에이스아메리칸화재해상보험주식회사,A12,파생상품 관련 이익_파생상품 평가 이익,0,0,외국손보사,B,SI023,부문별 손익(파생상품)
5443,201906,0010641,에이스아메리칸화재해상보험주식회사,A2,파생상품 관련 손실,0,0,외국손보사,B,SI023,부문별 손익(파생상품)
5444,201906,0010641,에이스아메리칸화재해상보험주식회사,A21,파생상품 관련 손실_파생상품 거래 손실,0,0,외국손보사,B,SI023,부문별 손익(파생상품)
5445,201906,0010641,에이스아메리칸화재해상보험주식회사,A22,파생상품 평가 손실,0,0,외국손보사,B,SI023,부문별 손익(파생상품)
5446,201909,0010641,에이스아메리칸화재해상보험주식회사,A,파생상품 관련 손익,0,0,외국손보사,B,SI023,부문별 손익(파생상품)
5447,201909,0010641,에이스아메리칸화재해상보험주식회사,A1,파생상품 관련 이익,0,0,외국손보사,B,SI023,부문별 손익(파생상품)
5448,201909,0010641,에이스아메리칸화재해상보험주식회사,A11,파생상품 관련 이익_파생상품 거래 이익,0,0,외국손보사,B,SI023,부문별 손익(파생상품)
5449,201909,0010641,에이스아메리칸화재해상보험주식회사,A12,파생상품 관련 이익_파생상품 평가 이익,0,0,외국손보사,B,SI023,부문별 손익(파생상품)
5450,201909,0010641,에이스아메리칸화재해상보험주식회사,A2,파생상품 관련 손실,0,0,외국손보사,B,SI023,부문별 손익(파생상품)
5451,201909,0010641,에이스아메리칸화재해상보험주식회사,A21,파생상품 관련 손실_파생상품 거래 손실,0,0,외국손보사,B,SI023,부문별 손익(파생상품)
5452,201909,0010641,에이스아메리칸화재해상보험주식회사,A22,파생상품 평가 손실,0,0,외국손보사,B,SI023,부문별 손익(파생상품)
5453,201912,0010641,에이스아메리칸화재해상보험주식회사,A,파생상품 관련 손익,0,0,외국손보사,B,SI023,부문별 손익(파생상품)
5454,201912,0010641,에이스아메리칸화재해상보험주식회사,A1,파생상품 관련 이익,0,0,외국손보사,B,SI023,부문별 손익(파생상품)
5455,201912,0010641,에이스아메리칸화재해상보험주식회사,A11,파생상품 관련 이익_파생상품 거래 이익,0,0,외국손보사,B,SI023,부문별 손익(파생상품)
5456,201912,0010641,에이스아메리칸화재해상보험주식회사,A12,파생상품 관련 이익_파생상품 평가 이익,0,0,외국손보사,B,SI023,부문별 손익(파생상품)
5457,201912,0010641,에이스아메리칸화재해상보험주식회사,A2,파생상품 관련 손실,0,0,외국손보사,B,SI023,부문별 손익(파생상품)
5458,201912,0010641,에이스아메리칸화재해상보험주식회사,A21,파생상품 관련 손실_파생상품 거래 손실,0,0,외국손보사,B,SI023,부문별 손익(파생상품)
5459,201912,0010641,에이스아메리칸화재해상보험주식회사,A22,파생상품 평가 손실,0,0,외국손보사,B,SI023,부문별 손익(파생상품)
5460,202003,0010641,에이스아메리칸화재해상보험주식회사,A,파생상품 관련 손익,0,0,외국손보사,B,SI023,부문별 손익(파생상품)
5461,202003,0010641,에이스아메리칸화재해상보험주식회사,A1,파생상품 관련 이익,0,0,외국손보사,B,SI023,부문별 손익(파생상품)
5462,202003,0010641,에이스아메리칸화재해상보험주식회사,A11,파생상품 관련 이익_파생상품 거래 이익,0,0,외국손보사,B,SI023,부문별 손익(파생상품)
5463,202003,0010641,에이스아메리칸화재해상보험주식회사,A12,파생상품 관련 이익_파생상품 평가 이익,0,0,외국손보사,B,SI023,부문별 손익(파생상품)
5464,202003,0010641,에이스아메리칸화재해상보험주식회사,A2,파생상품 관련 손실,0,0,외국손보사,B,SI023,부문별 손익(파생상품)
5465,202003,0010641,에이스아메리칸화재해상보험주식회사,A21,파생상품 관련 손실_파생상품 거래 손실,0,0,외국손보사,B,SI023,부문별 손익(파생상품)
5466,202003,0010641,에이스아메리칸화재해상보험주식회사,A22,파생상품 평가 손실,0,0,외국손보사,B,SI023,부문별 손익(파생상품)
5467,202006,0010641,에이스아메리칸화재해상보험주식회사,A,파생상품 관련 손익,0,0,외국손보사,B,SI023,부문별 손익(파생상품)
5468,202006,0010641,에이스아메리칸화재해상보험주식회사,A1,파생상품 관련 이익,0,0,외국손보사,B,SI023,부문별 손익(파생상품)
5469,202006,0010641,에이스아메리칸화재해상보험주식회사,A11,파생상품 관련 이익_파생상품 거래 이익,0,0,외국손보사,B,SI023,부문별 손익(파생상품)
5470,202006,0010641,에이스아메리칸화재해상보험주식회사,A12,파생상품 관련 이익_파생상품 평가 이익,0,0,외국손보사,B,SI023,부문별 손익(파생상품)
5471,202006,0010641,에이스아메리칸화재해상보험주식회사,A2,파생상품 관련 손실,0,0,외국손보사,B,SI023,부문별 손익(파생상품)
5472,202006,0010641,에이스아메리칸화재해상보험주식회사,A21,파생상품 관련 손실_파생상품 거래 손실,0,0,외국손보사,B,SI023,부문별 손익(파생상품)
5473,202006,0010641,에이스아메리칸화재해상보험주식회사,A22,파생상품 평가 손실,0,0,외국손보사,B,SI023,부문별 손익(파생상품)
5474,202009,0010641,에이스아메리칸화재해상보험주식회사,A,파생상품 관련 손익,0,0,외국손보사,B,SI023,부문별 손익(파생상품)
5475,202009,0010641,에이스아메리칸화재해상보험주식회사,A1,파생상품 관련 이익,0,0,외국손보사,B,SI023,부문별 손익(파생상품)
5476,202009,0010641,에이스아메리칸화재해상보험주식회사,A11,파생상품 관련 이익_파생상품 거래 이익,0,0,외국손보사,B,SI023,부문별 손익(파생상품)
5477,202009,0010641,에이스아메리칸화재해상보험주식회사,A12,파생상품 관련 이익_파생상품 평가 이익,0,0,외국손보사,B,SI023,부문별 손익(파생상품)
5478,202009,0010641,에이스아메리칸화재해상보험주식회사,A2,파생상품 관련 손실,0,0,외국손보사,B,SI023,부문별 손익(파생상품)
5479,202009,0010641,에이스아메리칸화재해상보험주식회사,A21,파생상품 관련 손실_파생상품 거래 손실,0,0,외국손보사,B,SI023,부문별 손익(파생상품)
5480,202009,0010641,에이스아메리칸화재해상보험주식회사,A22,파생상품 평가 손실,0,0,외국손보사,B,SI023,부문별 손익(파생상품)
5481,202012,0010641,에이스아메리칸화재해상보험주식회사,A,파생상품 관련 손익,0,0,외국손보사,B,SI023,부문별 손익(파생상품)
5482,202012,0010641,에이스아메리칸화재해상보험주식회사,A1,파생상품 관련 이익,0,0,외국손보사,B,SI023,부문별 손익(파생상품)
5483,202012,0010641,에이스아메리칸화재해상보험주식회사,A11,파생상품 관련 이익_파생상품 거래 이익,0,0,외국손보사,B,SI023,부문별 손익(파생상품)
5484,202012,0010641,에이스아메리칸화재해상보험주식회사,A12,파생상품 관련 이익_파생상품 평가 이익,0,0,외국손보사,B,SI023,부문별 손익(파생상품)
5485,202012,0010641,에이스아메리칸화재해상보험주식회사,A2,파생상품 관련 손실,0,0,외국손보사,B,SI023,부문별 손익(파생상품)
5486,202012,0010641,에이스아메리칸화재해상보험주식회사,A21,파생상품 관련 손실_파생상품 거래 손실,0,0,외국손보사,B,SI023,부문별 손익(파생상품)
5487,202012,0010641,에이스아메리칸화재해상보험주식회사,A22,파생상품 평가 손실,0,0,외국손보사,B,SI023,부문별 손익(파생상품)
5488,202103,0010641,에이스아메리칸화재해상보험주식회사,A,파생상품 관련 손익,0,0,외국손보사,B,SI023,부문별 손익(파생상품)
5489,202103,0010641,에이스아메리칸화재해상보험주식회사,A1,파생상품 관련 이익,0,0,외국손보사,B,SI023,부문별 손익(파생상품)
5490,202103,0010641,에이스아메리칸화재해상보험주식회사,A11,파생상품 관련 이익_파생상품 거래 이익,0,0,외국손보사,B,SI023,부문별 손익(파생상품)
5491,202103,0010641,에이스아메리칸화재해상보험주식회사,A12,파생상품 관련 이익_파생상품 평가 이익,0,0,외국손보사,B,SI023,부문별 손익(파생상품)
5492,202103,0010641,에이스아메리칸화재해상보험주식회사,A2,파생상품 관련 손실,0,0,외국손보사,B,SI023,부문별 손익(파생상품)
5493,202103,0010641,에이스아메리칸화재해상보험주식회사,A21,파생상품 관련 손실_파생상품 거래 손실,0,0,외국손보사,B,SI023,부문별 손익(파생상품)
5494,202103,0010641,에이스아메리칸화재해상보험주식회사,A22,파생상품 평가 손실,0,0,외국손보사,B,SI023,부문별 손익(파생상품)
5495,202106,0010641,에이스아메리칸화재해상보험주식회사,A,파생상품 관련 손익,0,0,외국손보사,B,SI023,부문별 손익(파생상품)
5496,202106,0010641,에이스아메리칸화재해상보험주식회사,A1,파생상품 관련 이익,0,0,외국손보사,B,SI023,부문별 손익(파생상품)
5497,202106,0010641,에이스아메리칸화재해상보험주식회사,A11,파생상품 관련 이익_파생상품 거래 이익,0,0,외국손보사,B,SI023,부문별 손익(파생상품)
5498,202106,0010641,에이스아메리칸화재해상보험주식회사,A12,파생상품 관련 이익_파생상품 평가 이익,0,0,외국손보사,B,SI023,부문별 손익(파생상품)
5499,202106,0010641,에이스아메리칸화재해상보험주식회사,A2,파생상품 관련 손실,0,0,외국손보사,B,SI023,부문별 손익(파생상품)
5500,202106,0010641,에이스아메리칸화재해상보험주식회사,A21,파생상품 관련 손실_파생상품 거래 손실,0,0,외국손보사,B,SI023,부문별 손익(파생상품)
5501,202106,0010641,에이스아메리칸화재해상보험주식회사,A22,파생상품 평가 손실,0,0,외국손보사,B,SI023,부문별 손익(파생상품)
5502,202109,0010641,에이스아메리칸화재해상보험주식회사,A,파생상품 관련 손익,0,0,외국손보사,B,SI023,부문별 손익(파생상품)
5503,202109,0010641,에이스아메리칸화재해상보험주식회사,A1,파생상품 관련 이익,0,0,외국손보사,B,SI023,부문별 손익(파생상품)
5504,202109,0010641,에이스아메리칸화재해상보험주식회사,A11,파생상품 관련 이익_파생상품 거래 이익,0,0,외국손보사,B,SI023,부문별 손익(파생상품)
5505,202109,0010641,에이스아메리칸화재해상보험주식회사,A12,파생상품 관련 이익_파생상품 평가 이익,0,0,외국손보사,B,SI023,부문별 손익(파생상품)
5506,202109,0010641,에이스아메리칸화재해상보험주식회사,A2,파생상품 관련 손실,0,0,외국손보사,B,SI023,부문별 손익(파생상품)
5507,202109,0010641,에이스아메리칸화재해상보험주식회사,A21,파생상품 관련 손실_파생상품 거래 손실,0,0,외국손보사,B,SI023,부문별 손익(파생상품)
5508,202109,0010641,에이스아메리칸화재해상보험주식회사,A22,파생상품 평가 손실,0,0,외국손보사,B,SI023,부문별 손익(파생상품)
5509,202112,0010641,에이스아메리칸화재해상보험주식회사,A,파생상품 관련 손익,0,0,외국손보사,B,SI023,부문별 손익(파생상품)
5510,202112,0010641,에이스아메리칸화재해상보험주식회사,A1,파생상품 관련 이익,0,0,외국손보사,B,SI023,부문별 손익(파생상품)
5511,202112,0010641,에이스아메리칸화재해상보험주식회사,A11,파생상품 관련 이익_파생상품 거래 이익,0,0,외국손보사,B,SI023,부문별 손익(파생상품)
5512,202112,0010641,에이스아메리칸화재해상보험주식회사,A12,파생상품 관련 이익_파생상품 평가 이익,0,0,외국손보사,B,SI023,부문별 손익(파생상품)
5513,202112,0010641,에이스아메리칸화재해상보험주식회사,A2,파생상품 관련 손실,0,0,외국손보사,B,SI023,부문별 손익(파생상품)
5514,202112,0010641,에이스아메리칸화재해상보험주식회사,A21,파생상품 관련 손실_파생상품 거래 손실,0,0,외국손보사,B,SI023,부문별 손익(파생상품)
5515,202112,0010641,에이스아메리칸화재해상보험주식회사,A22,파생상품 평가 손실,0,0,외국손보사,B,SI023,부문별 손익(파생상품)
5516,202203,0010641,에이스아메리칸화재해상보험주식회사,A,파생상품 관련 손익,0,0,외국손보사,B,SI023,부문별 손익(파생상품)
5517,202203,0010641,에이스아메리칸화재해상보험주식회사,A1,파생상품 관련 이익,0,0,외국손보사,B,SI023,부문별 손익(파생상품)
5518,202203,0010641,에이스아메리칸화재해상보험주식회사,A11,파생상품 관련 이익_파생상품 거래 이익,0,0,외국손보사,B,SI023,부문별 손익(파생상품)
5519,202203,0010641,에이스아메리칸화재해상보험주식회사,A12,파생상품 관련 이익_파생상품 평가 이익,0,0,외국손보사,B,SI023,부문별 손익(파생상품)
5520,202203,0010641,에이스아메리칸화재해상보험주식회사,A2,파생상품 관련 손실,0,0,외국손보사,B,SI023,부문별 손익(파생상품)
5521,202203,0010641,에이스아메리칸화재해상보험주식회사,A21,파생상품 관련 손실_파생상품 거래 손실,0,0,외국손보사,B,SI023,부문별 손익(파생상품)
5522,202203,0010641,에이스아메리칸화재해상보험주식회사,A22,파생상품 평가 손실,0,0,외국손보사,B,SI023,부문별 손익(파생상품)
5523,202206,0010641,에이스아메리칸화재해상보험주식회사,A,파생상품 관련 손익,0,0,외국손보사,B,SI023,부문별 손익(파생상품)
5524,202206,0010641,에이스아메리칸화재해상보험주식회사,A1,파생상품 관련 이익,0,0,외국손보사,B,SI023,부문별 손익(파생상품)
5525,202206,0010641,에이스아메리칸화재해상보험주식회사,A11,파생상품 관련 이익_파생상품 거래 이익,0,0,외국손보사,B,SI023,부문별 손익(파생상품)
5526,202206,0010641,에이스아메리칸화재해상보험주식회사,A12,파생상품 관련 이익_파생상품 평가 이익,0,0,외국손보사,B,SI023,부문별 손익(파생상품)
5527,202206,0010641,에이스아메리칸화재해상보험주식회사,A2,파생상품 관련 손실,0,0,외국손보사,B,SI023,부문별 손익(파생상품)
5528,202206,0010641,에이스아메리칸화재해상보험주식회사,A21,파생상품 관련 손실_파생상품 거래 손실,0,0,외국손보사,B,SI023,부문별 손익(파생상품)
5529,202206,0010641,에이스아메리칸화재해상보험주식회사,A22,파생상품 평가 손실,0,0,외국손보사,B,SI023,부문별 손익(파생상품)
5530,202209,0010641,에이스아메리칸화재해상보험주식회사,A,파생상품 관련 손익,0,0,외국손보사,B,SI023,부문별 손익(파생상품)
5531,202209,0010641,에이스아메리칸화재해상보험주식회사,A1,파생상품 관련 이익,0,0,외국손보사,B,SI023,부문별 손익(파생상품)
5532,202209,0010641,에이스아메리칸화재해상보험주식회사,A11,파생상품 관련 이익_파생상품 거래 이익,0,0,외국손보사,B,SI023,부문별 손익(파생상품)
5533,202209,0010641,에이스아메리칸화재해상보험주식회사,A12,파생상품 관련 이익_파생상품 평가 이익,0,0,외국손보사,B,SI023,부문별 손익(파생상품)
5534,202209,0010641,에이스아메리칸화재해상보험주식회사,A2,파생상품 관련 손실,0,0,외국손보사,B,SI023,부문별 손익(파생상품)
5535,202209,0010641,에이스아메리칸화재해상보험주식회사,A21,파생상품 관련 손실_파생상품 거래 손실,0,0,외국손보사,B,SI023,부문별 손익(파생상품)
5536,202209,0010641,에이스아메리칸화재해상보험주식회사,A22,파생상품 평가 손실,0,0,외국손보사,B,SI023,부문별 손익(파생상품)
5537,202212,0010641,에이스아메리칸화재해상보험주식회사,A,파생상품 관련 손익,0,0,외국손보사,B,SI023,부문별 손익(파생상품)
5538,202212,0010641,에이스아메리칸화재해상보험주식회사,A1,파생상품 관련 이익,0,0,외국손보사,B,SI023,부문별 손익(파생상품)
5539,202212,0010641,에이스아메리칸화재해상보험주식회사,A11,파생상품 관련 이익_파생상품 거래 이익,0,0,외국손보사,B,SI023,부문별 손익(파생상품)
5540,202212,0010641,에이스아메리칸화재해상보험주식회사,A12,파생상품 관련 이익_파생상품 평가 이익,0,0,외국손보사,B,SI023,부문별 손익(파생상품)
5541,202212,0010641,에이스아메리칸화재해상보험주식회사,A2,파생상품 관련 손실,0,0,외국손보사,B,SI023,부문별 손익(파생상품)
5542,202212,0010641,에이스아메리칸화재해상보험주식회사,A21,파생상품 관련 손실_파생상품 거래 손실,0,0,외국손보사,B,SI023,부문별 손익(파생상품)
5543,202212,0010641,에이스아메리칸화재해상보험주식회사,A22,파생상품 평가 손실,0,0,외국손보사,B,SI023,부문별 손익(파생상품)
5544,202303,0010641,에이스아메리칸화재해상보험주식회사,A,파생상품 관련 손익,0,0,외국손보사,B,SI023,부문별 손익(파생상품)
5545,202303,0010641,에이스아메리칸화재해상보험주식회사,A1,파생상품 관련 손익_파생상품 관련 이익,0,0,외국손보사,B,SI023,부문별 손익(파생상품)
5546,202303,0010641,에이스아메리칸화재해상보험주식회사,A11,파생상품 거래 이익,0,0,외국손보사,B,SI023,부문별 손익(파생상품)
5547,202303,0010641,에이스아메리칸화재해상보험주식회사,A12,파생상품 평가 이익,0,0,외국손보사,B,SI023,부문별 손익(파생상품)
5548,202303,0010641,에이스아메리칸화재해상보험주식회사,A2,파생상품 관련 손실,0,0,외국손보사,B,SI023,부문별 손익(파생상품)
5549,202303,0010641,에이스아메리칸화재해상보험주식회사,A21,파생상품 거래 손실,0,0,외국손보사,B,SI023,부문별 손익(파생상품)
5550,202303,0010641,에이스아메리칸화재해상보험주식회사,A22,파생상품 평가 손실,0,0,외국손보사,B,SI023,부문별 손익(파생상품)
5551,202306,0010641,에이스아메리칸화재해상보험주식회사,A,파생상품 관련 손익,0,0,외국손보사,B,SI023,부문별 손익(파생상품)
5552,202306,0010641,에이스아메리칸화재해상보험주식회사,A1,파생상품 관련 손익_파생상품 관련 이익,0,0,외국손보사,B,SI023,부문별 손익(파생상품)
5553,202306,0010641,에이스아메리칸화재해상보험주식회사,A11,파생상품 거래 이익,0,0,외국손보사,B,SI023,부문별 손익(파생상품)
5554,202306,0010641,에이스아메리칸화재해상보험주식회사,A12,파생상품 평가 이익,0,0,외국손보사,B,SI023,부문별 손익(파생상품)
5555,202306,0010641,에이스아메리칸화재해상보험주식회사,A2,파생상품 관련 손실,0,0,외국손보사,B,SI023,부문별 손익(파생상품)
5556,202306,0010641,에이스아메리칸화재해상보험주식회사,A21,파생상품 거래 손실,0,0,외국손보사,B,SI023,부문별 손익(파생상품)
5557,202306,0010641,에이스아메리칸화재해상보험주식회사,A22,파생상품 평가 손실,0,0,외국손보사,B,SI023,부문별 손익(파생상품)
5558,202309,0010641,에이스아메리칸화재해상보험주식회사,A,파생상품 관련 손익,0,0,외국손보사,B,SI023,부문별 손익(파생상품)
5559,202309,0010641,에이스아메리칸화재해상보험주식회사,A1,파생상품 관련 손익_파생상품 관련 이익,0,0,외국손보사,B,SI023,부문별 손익(파생상품)
5560,202309,0010641,에이스아메리칸화재해상보험주식회사,A11,파생상품 거래 이익,0,0,외국손보사,B,SI023,부문별 손익(파생상품)
5561,202309,0010641,에이스아메리칸화재해상보험주식회사,A12,파생상품 평가 이익,0,0,외국손보사,B,SI023,부문별 손익(파생상품)
5562,202309,0010641,에이스아메리칸화재해상보험주식회사,A2,파생상품 관련 손실,0,0,외국손보사,B,SI023,부문별 손익(파생상품)
5563,202309,0010641,에이스아메리칸화재해상보험주식회사,A21,파생상품 거래 손실,0,0,외국손보사,B,SI023,부문별 손익(파생상품)
5564,202309,0010641,에이스아메리칸화재해상보험주식회사,A22,파생상품 평가 손실,0,0,외국손보사,B,SI023,부문별 손익(파생상품)
5565,202312,0010641,에이스아메리칸화재해상보험주식회사,A,파생상품 관련 손익,0,0,외국손보사,B,SI023,부문별 손익(파생상품)
5566,202312,0010641,에이스아메리칸화재해상보험주식회사,A1,파생상품 관련 손익_파생상품 관련 이익,0,0,외국손보사,B,SI023,부문별 손익(파생상품)
5567,202312,0010641,에이스아메리칸화재해상보험주식회사,A11,파생상품 거래 이익,0,0,외국손보사,B,SI023,부문별 손익(파생상품)
5568,202312,0010641,에이스아메리칸화재해상보험주식회사,A12,파생상품 평가 이익,0,0,외국손보사,B,SI023,부문별 손익(파생상품)
5569,202312,0010641,에이스아메리칸화재해상보험주식회사,A2,파생상품 관련 손실,0,0,외국손보사,B,SI023,부문별 손익(파생상품)
5570,202312,0010641,에이스아메리칸화재해상보험주식회사,A21,파생상품 거래 손실,0,0,외국손보사,B,SI023,부문별 손익(파생상품)
5571,202312,0010641,에이스아메리칸화재해상보험주식회사,A22,파생상품 평가 손실,0,0,외국손보사,B,SI023,부문별 손익(파생상품)
5572,202403,0010641,에이스아메리칸화재해상보험주식회사,A,파생상품 관련 손익,0,0,외국손보사,B,SI023,부문별 손익(파생상품)
5573,202403,0010641,에이스아메리칸화재해상보험주식회사,A1,파생상품 관련 손익_파생상품 관련 이익,0,0,외국손보사,B,SI023,부문별 손익(파생상품)
5574,202403,0010641,에이스아메리칸화재해상보험주식회사,A11,파생상품 거래 이익,0,0,외국손보사,B,SI023,부문별 손익(파생상품)
5575,202403,0010641,에이스아메리칸화재해상보험주식회사,A12,파생상품 평가 이익,0,0,외국손보사,B,SI023,부문별 손익(파생상품)
5576,202403,0010641,에이스아메리칸화재해상보험주식회사,A2,파생상품 관련 손실,0,0,외국손보사,B,SI023,부문별 손익(파생상품)
5577,202403,0010641,에이스아메리칸화재해상보험주식회사,A21,파생상품 거래 손실,0,0,외국손보사,B,SI023,부문별 손익(파생상품)
5578,202403,0010641,에이스아메리칸화재해상보험주식회사,A22,파생상품 평가 손실,0,0,외국손보사,B,SI023,부문별 손익(파생상품)
5579,202406,0010641,에이스아메리칸화재해상보험주식회사,A,파생상품 관련 손익,0,0,외국손보사,B,SI023,부문별 손익(파생상품)
5580,202406,0010641,에이스아메리칸화재해상보험주식회사,A1,파생상품 관련 손익_파생상품 관련 이익,0,0,외국손보사,B,SI023,부문별 손익(파생상품)
5581,202406,0010641,에이스아메리칸화재해상보험주식회사,A11,파생상품 거래 이익,0,0,외국손보사,B,SI023,부문별 손익(파생상품)
5582,202406,0010641,에이스아메리칸화재해상보험주식회사,A12,파생상품 평가 이익,0,0,외국손보사,B,SI023,부문별 손익(파생상품)
5583,202406,0010641,에이스아메리칸화재해상보험주식회사,A2,파생상품 관련 손실,0,0,외국손보사,B,SI023,부문별 손익(파생상품)
5584,202406,0010641,에이스아메리칸화재해상보험주식회사,A21,파생상품 거래 손실,0,0,외국손보사,B,SI023,부문별 손익(파생상품)
5585,202406,0010641,에이스아메리칸화재해상보험주식회사,A22,파생상품 평가 손실,0,0,외국손보사,B,SI023,부문별 손익(파생상품)
5586,202409,0010641,에이스아메리칸화재해상보험주식회사,A,파생상품 관련 손익,0,0,외국손보사,B,SI023,부문별 손익(파생상품)
5587,202409,0010641,에이스아메리칸화재해상보험주식회사,A1,파생상품 관련 손익_파생상품 관련 이익,0,0,외국손보사,B,SI023,부문별 손익(파생상품)
5588,202409,0010641,에이스아메리칸화재해상보험주식회사,A11,파생상품 거래 이익,0,0,외국손보사,B,SI023,부문별 손익(파생상품)
5589,202409,0010641,에이스아메리칸화재해상보험주식회사,A12,파생상품 평가 이익,0,0,외국손보사,B,SI023,부문별 손익(파생상품)
5590,202409,0010641,에이스아메리칸화재해상보험주식회사,A2,파생상품 관련 손실,0,0,외국손보사,B,SI023,부문별 손익(파생상품)
5591,202409,0010641,에이스아메리칸화재해상보험주식회사,A21,파생상품 거래 손실,0,0,외국손보사,B,SI023,부문별 손익(파생상품)
5592,202409,0010641,에이스아메리칸화재해상보험주식회사,A22,파생상품 평가 손실,0,0,외국손보사,B,SI023,부문별 손익(파생상품)
5593,202412,0010641,에이스아메리칸화재해상보험주식회사,A,파생상품 관련 손익,0,0,외국손보사,B,SI023,부문별 손익(파생상품)
5594,202412,0010641,에이스아메리칸화재해상보험주식회사,A1,파생상품 관련 손익_파생상품 관련 이익,0,0,외국손보사,B,SI023,부문별 손익(파생상품)
5595,202412,0010641,에이스아메리칸화재해상보험주식회사,A11,파생상품 거래 이익,0,0,외국손보사,B,SI023,부문별 손익(파생상품)
5596,202412,0010641,에이스아메리칸화재해상보험주식회사,A12,파생상품 평가 이익,0,0,외국손보사,B,SI023,부문별 손익(파생상품)
5597,202412,0010641,에이스아메리칸화재해상보험주식회사,A2,파생상품 관련 손실,0,0,외국손보사,B,SI023,부문별 손익(파생상품)
5598,202412,0010641,에이스아메리칸화재해상보험주식회사,A21,파생상품 거래 손실,0,0,외국손보사,B,SI023,부문별 손익(파생상품)
5599,202412,0010641,에이스아메리칸화재해상보험주식회사,A22,파생상품 평가 손실,0,0,외국손보사,B,SI023,부문별 손익(파생상품)
5600,202503,0010641,에이스아메리칸화재해상보험주식회사,A,파생상품 관련 손익,0,0,외국손보사,B,SI023,부문별 손익(파생상품)
5601,202503,0010641,에이스아메리칸화재해상보험주식회사,A1,파생상품 관련 손익_파생상품 관련 이익,0,0,외국손보사,B,SI023,부문별 손익(파생상품)
5602,202503,0010641,에이스아메리칸화재해상보험주식회사,A11,파생상품 거래 이익,0,0,외국손보사,B,SI023,부문별 손익(파생상품)
5603,202503,0010641,에이스아메리칸화재해상보험주식회사,A12,파생상품 평가 이익,0,0,외국손보사,B,SI023,부문별 손익(파생상품)
5604,202503,0010641,에이스아메리칸화재해상보험주식회사,A2,파생상품 관련 손실,0,0,외국손보사,B,SI023,부문별 손익(파생상품)
5605,202503,0010641,에이스아메리칸화재해상보험주식회사,A21,파생상품 거래 손실,0,0,외국손보사,B,SI023,부문별 손익(파생상품)
5606,202503,0010641,에이스아메리칸화재해상보험주식회사,A22,파생상품 평가 손실,0,0,외국손보사,B,SI023,부문별 손익(파생상품)
5607,202506,0010641,에이스아메리칸화재해상보험주식회사,A,파생상품 관련 손익,0,0,외국손보사,B,SI023,부문별 손익(파생상품)
5608,202506,0010641,에이스아메리칸화재해상보험주식회사,A1,파생상품 관련 손익_파생상품 관련 이익,0,0,외국손보사,B,SI023,부문별 손익(파생상품)
5609,202506,0010641,에이스아메리칸화재해상보험주식회사,A11,파생상품 거래 이익,0,0,외국손보사,B,SI023,부문별 손익(파생상품)
5610,202506,0010641,에이스아메리칸화재해상보험주식회사,A12,파생상품 평가 이익,0,0,외국손보사,B,SI023,부문별 손익(파생상품)
5611,202506,0010641,에이스아메리칸화재해상보험주식회사,A2,파생상품 관련 손실,0,0,외국손보사,B,SI023,부문별 손익(파생상품)
5612,202506,0010641,에이스아메리칸화재해상보험주식회사,A21,파생상품 거래 손실,0,0,외국손보사,B,SI023,부문별 손익(파생상품)
5613,202506,0010641,에이스아메리칸화재해상보험주식회사,A22,파생상품 평가 손실,0,0,외국손보사,B,SI023,부문별 손익(파생상품)
5614,202509,0010641,에이스아메리칸화재해상보험주식회사,A,파생상품 관련 손익,0,0,외국손보사,B,SI023,부문별 손익(파생상품)
5615,202509,0010641,에이스아메리칸화재해상보험주식회사,A1,파생상품 관련 손익_파생상품 관련 이익,0,0,외국손보사,B,SI023,부문별 손익(파생상품)
5616,202509,0010641,에이스아메리칸화재해상보험주식회사,A11,파생상품 거래 이익,0,0,외국손보사,B,SI023,부문별 손익(파생상품)
5617,202509,0010641,에이스아메리칸화재해상보험주식회사,A12,파생상품 평가 이익,0,0,외국손보사,B,SI023,부문별 손익(파생상품)
5618,202509,0010641,에이스아메리칸화재해상보험주식회사,A2,파생상품 관련 손실,0,0,외국손보사,B,SI023,부문별 손익(파생상품)
5619,202509,0010641,에이스아메리칸화재해상보험주식회사,A21,파생상품 거래 손실,0,0,외국손보사,B,SI023,부문별 손익(파생상품)
5620,202509,0010641,에이스아메리칸화재해상보험주식회사,A22,파생상품 평가 손실,0,0,외국손보사,B,SI023,부문별 손익(파생상품)
5621,201703,0013245,에이아이지손해보험주식회사,A,파생상품 관련 손익,0,0,외국손보사,B,SI023,부문별 손익(파생상품)
5622,201703,0013245,에이아이지손해보험주식회사,A1,파생상품 관련 이익,0,0,외국손보사,B,SI023,부문별 손익(파생상품)
5623,201703,0013245,에이아이지손해보험주식회사,A11,파생상품 관련 이익_파생상품 거래 이익,0,0,외국손보사,B,SI023,부문별 손익(파생상품)
5624,201703,0013245,에이아이지손해보험주식회사,A12,파생상품 관련 이익_파생상품 평가 이익,0,0,외국손보사,B,SI023,부문별 손익(파생상품)
5625,201703,0013245,에이아이지손해보험주식회사,A2,파생상품 관련 손실,0,0,외국손보사,B,SI023,부문별 손익(파생상품)
5626,201703,0013245,에이아이지손해보험주식회사,A21,파생상품 관련 손실_파생상품 거래 손실,0,0,외국손보사,B,SI023,부문별 손익(파생상품)
5627,201703,0013245,에이아이지손해보험주식회사,A22,파생상품 평가 손실,0,0,외국손보사,B,SI023,부문별 손익(파생상품)
5628,201706,0013245,에이아이지손해보험주식회사,A,파생상품 관련 손익,0,0,외국손보사,B,SI023,부문별 손익(파생상품)
5629,201706,0013245,에이아이지손해보험주식회사,A1,파생상품 관련 이익,0,0,외국손보사,B,SI023,부문별 손익(파생상품)
5630,201706,0013245,에이아이지손해보험주식회사,A11,파생상품 관련 이익_파생상품 거래 이익,0,0,외국손보사,B,SI023,부문별 손익(파생상품)
5631,201706,0013245,에이아이지손해보험주식회사,A12,파생상품 관련 이익_파생상품 평가 이익,0,0,외국손보사,B,SI023,부문별 손익(파생상품)
5632,201706,0013245,에이아이지손해보험주식회사,A2,파생상품 관련 손실,0,0,외국손보사,B,SI023,부문별 손익(파생상품)
5633,201706,0013245,에이아이지손해보험주식회사,A21,파생상품 관련 손실_파생상품 거래 손실,0,0,외국손보사,B,SI023,부문별 손익(파생상품)
5634,201706,0013245,에이아이지손해보험주식회사,A22,파생상품 평가 손실,0,0,외국손보사,B,SI023,부문별 손익(파생상품)
5635,201709,0013245,에이아이지손해보험주식회사,A,파생상품 관련 손익,0,0,외국손보사,B,SI023,부문별 손익(파생상품)
5636,201709,0013245,에이아이지손해보험주식회사,A1,파생상품 관련 이익,0,0,외국손보사,B,SI023,부문별 손익(파생상품)
5637,201709,0013245,에이아이지손해보험주식회사,A11,파생상품 관련 이익_파생상품 거래 이익,0,0,외국손보사,B,SI023,부문별 손익(파생상품)
5638,201709,0013245,에이아이지손해보험주식회사,A12,파생상품 관련 이익_파생상품 평가 이익,0,0,외국손보사,B,SI023,부문별 손익(파생상품)
5639,201709,0013245,에이아이지손해보험주식회사,A2,파생상품 관련 손실,0,0,외국손보사,B,SI023,부문별 손익(파생상품)
5640,201709,0013245,에이아이지손해보험주식회사,A21,파생상품 관련 손실_파생상품 거래 손실,0,0,외국손보사,B,SI023,부문별 손익(파생상품)
5641,201709,0013245,에이아이지손해보험주식회사,A22,파생상품 평가 손실,0,0,외국손보사,B,SI023,부문별 손익(파생상품)
5642,201712,0013245,에이아이지손해보험주식회사,A,파생상품 관련 손익,0,0,외국손보사,B,SI023,부문별 손익(파생상품)
5643,201712,0013245,에이아이지손해보험주식회사,A1,파생상품 관련 이익,0,0,외국손보사,B,SI023,부문별 손익(파생상품)
5644,201712,0013245,에이아이지손해보험주식회사,A11,파생상품 관련 이익_파생상품 거래 이익,0,0,외국손보사,B,SI023,부문별 손익(파생상품)
5645,201712,0013245,에이아이지손해보험주식회사,A12,파생상품 관련 이익_파생상품 평가 이익,0,0,외국손보사,B,SI023,부문별 손익(파생상품)
5646,201712,0013245,에이아이지손해보험주식회사,A2,파생상품 관련 손실,0,0,외국손보사,B,SI023,부문별 손익(파생상품)
5647,201712,0013245,에이아이지손해보험주식회사,A21,파생상품 관련 손실_파생상품 거래 손실,0,0,외국손보사,B,SI023,부문별 손익(파생상품)
5648,201712,0013245,에이아이지손해보험주식회사,A22,파생상품 평가 손실,0,0,외국손보사,B,SI023,부문별 손익(파생상품)
5649,201803,0013245,에이아이지손해보험주식회사,A,파생상품 관련 손익,0,0,외국손보사,B,SI023,부문별 손익(파생상품)
5650,201803,0013245,에이아이지손해보험주식회사,A1,파생상품 관련 이익,0,0,외국손보사,B,SI023,부문별 손익(파생상품)
5651,201803,0013245,에이아이지손해보험주식회사,A11,파생상품 관련 이익_파생상품 거래 이익,0,0,외국손보사,B,SI023,부문별 손익(파생상품)
5652,201803,0013245,에이아이지손해보험주식회사,A12,파생상품 관련 이익_파생상품 평가 이익,0,0,외국손보사,B,SI023,부문별 손익(파생상품)
5653,201803,0013245,에이아이지손해보험주식회사,A2,파생상품 관련 손실,0,0,외국손보사,B,SI023,부문별 손익(파생상품)
5654,201803,0013245,에이아이지손해보험주식회사,A21,파생상품 관련 손실_파생상품 거래 손실,0,0,외국손보사,B,SI023,부문별 손익(파생상품)
5655,201803,0013245,에이아이지손해보험주식회사,A22,파생상품 평가 손실,0,0,외국손보사,B,SI023,부문별 손익(파생상품)
5656,201806,0013245,에이아이지손해보험주식회사,A,파생상품 관련 손익,0,0,외국손보사,B,SI023,부문별 손익(파생상품)
5657,201806,0013245,에이아이지손해보험주식회사,A1,파생상품 관련 이익,0,0,외국손보사,B,SI023,부문별 손익(파생상품)
5658,201806,0013245,에이아이지손해보험주식회사,A11,파생상품 관련 이익_파생상품 거래 이익,0,0,외국손보사,B,SI023,부문별 손익(파생상품)
5659,201806,0013245,에이아이지손해보험주식회사,A12,파생상품 관련 이익_파생상품 평가 이익,0,0,외국손보사,B,SI023,부문별 손익(파생상품)
5660,201806,0013245,에이아이지손해보험주식회사,A2,파생상품 관련 손실,0,0,외국손보사,B,SI023,부문별 손익(파생상품)
5661,201806,0013245,에이아이지손해보험주식회사,A21,파생상품 관련 손실_파생상품 거래 손실,0,0,외국손보사,B,SI023,부문별 손익(파생상품)
5662,201806,0013245,에이아이지손해보험주식회사,A22,파생상품 평가 손실,0,0,외국손보사,B,SI023,부문별 손익(파생상품)
5663,201809,0013245,에이아이지손해보험주식회사,A,파생상품 관련 손익,0,0,외국손보사,B,SI023,부문별 손익(파생상품)
5664,201809,0013245,에이아이지손해보험주식회사,A1,파생상품 관련 이익,0,0,외국손보사,B,SI023,부문별 손익(파생상품)
5665,201809,0013245,에이아이지손해보험주식회사,A11,파생상품 관련 이익_파생상품 거래 이익,0,0,외국손보사,B,SI023,부문별 손익(파생상품)
5666,201809,0013245,에이아이지손해보험주식회사,A12,파생상품 관련 이익_파생상품 평가 이익,0,0,외국손보사,B,SI023,부문별 손익(파생상품)
5667,201809,0013245,에이아이지손해보험주식회사,A2,파생상품 관련 손실,0,0,외국손보사,B,SI023,부문별 손익(파생상품)
5668,201809,0013245,에이아이지손해보험주식회사,A21,파생상품 관련 손실_파생상품 거래 손실,0,0,외국손보사,B,SI023,부문별 손익(파생상품)
5669,201809,0013245,에이아이지손해보험주식회사,A22,파생상품 평가 손실,0,0,외국손보사,B,SI023,부문별 손익(파생상품)
5670,201812,0013245,에이아이지손해보험주식회사,A,파생상품 관련 손익,0,0,외국손보사,B,SI023,부문별 손익(파생상품)
5671,201812,0013245,에이아이지손해보험주식회사,A1,파생상품 관련 이익,0,0,외국손보사,B,SI023,부문별 손익(파생상품)
5672,201812,0013245,에이아이지손해보험주식회사,A11,파생상품 관련 이익_파생상품 거래 이익,0,0,외국손보사,B,SI023,부문별 손익(파생상품)
5673,201812,0013245,에이아이지손해보험주식회사,A12,파생상품 관련 이익_파생상품 평가 이익,0,0,외국손보사,B,SI023,부문별 손익(파생상품)
5674,201812,0013245,에이아이지손해보험주식회사,A2,파생상품 관련 손실,0,0,외국손보사,B,SI023,부문별 손익(파생상품)
5675,201812,0013245,에이아이지손해보험주식회사,A21,파생상품 관련 손실_파생상품 거래 손실,0,0,외국손보사,B,SI023,부문별 손익(파생상품)
5676,201812,0013245,에이아이지손해보험주식회사,A22,파생상품 평가 손실,0,0,외국손보사,B,SI023,부문별 손익(파생상품)
5677,201903,0013245,에이아이지손해보험주식회사,A,파생상품 관련 손익,0,0,외국손보사,B,SI023,부문별 손익(파생상품)
5678,201903,0013245,에이아이지손해보험주식회사,A1,파생상품 관련 이익,0,0,외국손보사,B,SI023,부문별 손익(파생상품)
5679,201903,0013245,에이아이지손해보험주식회사,A11,파생상품 관련 이익_파생상품 거래 이익,0,0,외국손보사,B,SI023,부문별 손익(파생상품)
5680,201903,0013245,에이아이지손해보험주식회사,A12,파생상품 관련 이익_파생상품 평가 이익,0,0,외국손보사,B,SI023,부문별 손익(파생상품)
5681,201903,0013245,에이아이지손해보험주식회사,A2,파생상품 관련 손실,0,0,외국손보사,B,SI023,부문별 손익(파생상품)
5682,201903,0013245,에이아이지손해보험주식회사,A21,파생상품 관련 손실_파생상품 거래 손실,0,0,외국손보사,B,SI023,부문별 손익(파생상품)
5683,201903,0013245,에이아이지손해보험주식회사,A22,파생상품 평가 손실,0,0,외국손보사,B,SI023,부문별 손익(파생상품)
5684,201906,0013245,에이아이지손해보험주식회사,A,파생상품 관련 손익,0,0,외국손보사,B,SI023,부문별 손익(파생상품)
5685,201906,0013245,에이아이지손해보험주식회사,A1,파생상품 관련 이익,0,0,외국손보사,B,SI023,부문별 손익(파생상품)
5686,201906,0013245,에이아이지손해보험주식회사,A11,파생상품 관련 이익_파생상품 거래 이익,0,0,외국손보사,B,SI023,부문별 손익(파생상품)
5687,201906,0013245,에이아이지손해보험주식회사,A12,파생상품 관련 이익_파생상품 평가 이익,0,0,외국손보사,B,SI023,부문별 손익(파생상품)
5688,201906,0013245,에이아이지손해보험주식회사,A2,파생상품 관련 손실,0,0,외국손보사,B,SI023,부문별 손익(파생상품)
5689,201906,0013245,에이아이지손해보험주식회사,A21,파생상품 관련 손실_파생상품 거래 손실,0,0,외국손보사,B,SI023,부문별 손익(파생상품)
5690,201906,0013245,에이아이지손해보험주식회사,A22,파생상품 평가 손실,0,0,외국손보사,B,SI023,부문별 손익(파생상품)
5691,201909,0013245,에이아이지손해보험주식회사,A,파생상품 관련 손익,0,0,외국손보사,B,SI023,부문별 손익(파생상품)
5692,201909,0013245,에이아이지손해보험주식회사,A1,파생상품 관련 이익,0,0,외국손보사,B,SI023,부문별 손익(파생상품)
5693,201909,0013245,에이아이지손해보험주식회사,A11,파생상품 관련 이익_파생상품 거래 이익,0,0,외국손보사,B,SI023,부문별 손익(파생상품)
5694,201909,0013245,에이아이지손해보험주식회사,A12,파생상품 관련 이익_파생상품 평가 이익,0,0,외국손보사,B,SI023,부문별 손익(파생상품)
5695,201909,0013245,에이아이지손해보험주식회사,A2,파생상품 관련 손실,0,0,외국손보사,B,SI023,부문별 손익(파생상품)
5696,201909,0013245,에이아이지손해보험주식회사,A21,파생상품 관련 손실_파생상품 거래 손실,0,0,외국손보사,B,SI023,부문별 손익(파생상품)
5697,201909,0013245,에이아이지손해보험주식회사,A22,파생상품 평가 손실,0,0,외국손보사,B,SI023,부문별 손익(파생상품)
5698,201912,0013245,에이아이지손해보험주식회사,A,파생상품 관련 손익,0,0,외국손보사,B,SI023,부문별 손익(파생상품)
5699,201912,0013245,에이아이지손해보험주식회사,A1,파생상품 관련 이익,0,0,외국손보사,B,SI023,부문별 손익(파생상품)
5700,201912,0013245,에이아이지손해보험주식회사,A11,파생상품 관련 이익_파생상품 거래 이익,0,0,외국손보사,B,SI023,부문별 손익(파생상품)
5701,201912,0013245,에이아이지손해보험주식회사,A12,파생상품 관련 이익_파생상품 평가 이익,0,0,외국손보사,B,SI023,부문별 손익(파생상품)
5702,201912,0013245,에이아이지손해보험주식회사,A2,파생상품 관련 손실,0,0,외국손보사,B,SI023,부문별 손익(파생상품)
5703,201912,0013245,에이아이지손해보험주식회사,A21,파생상품 관련 손실_파생상품 거래 손실,0,0,외국손보사,B,SI023,부문별 손익(파생상품)
5704,201912,0013245,에이아이지손해보험주식회사,A22,파생상품 평가 손실,0,0,외국손보사,B,SI023,부문별 손익(파생상품)
5705,202003,0013245,에이아이지손해보험주식회사,A,파생상품 관련 손익,0,0,외국손보사,B,SI023,부문별 손익(파생상품)
5706,202003,0013245,에이아이지손해보험주식회사,A1,파생상품 관련 이익,0,0,외국손보사,B,SI023,부문별 손익(파생상품)
5707,202003,0013245,에이아이지손해보험주식회사,A11,파생상품 관련 이익_파생상품 거래 이익,0,0,외국손보사,B,SI023,부문별 손익(파생상품)
5708,202003,0013245,에이아이지손해보험주식회사,A12,파생상품 관련 이익_파생상품 평가 이익,0,0,외국손보사,B,SI023,부문별 손익(파생상품)
5709,202003,0013245,에이아이지손해보험주식회사,A2,파생상품 관련 손실,0,0,외국손보사,B,SI023,부문별 손익(파생상품)
5710,202003,0013245,에이아이지손해보험주식회사,A21,파생상품 관련 손실_파생상품 거래 손실,0,0,외국손보사,B,SI023,부문별 손익(파생상품)
5711,202003,0013245,에이아이지손해보험주식회사,A22,파생상품 평가 손실,0,0,외국손보사,B,SI023,부문별 손익(파생상품)
5712,202006,0013245,에이아이지손해보험주식회사,A,파생상품 관련 손익,0,0,외국손보사,B,SI023,부문별 손익(파생상품)
5713,202006,0013245,에이아이지손해보험주식회사,A1,파생상품 관련 이익,0,0,외국손보사,B,SI023,부문별 손익(파생상품)
5714,202006,0013245,에이아이지손해보험주식회사,A11,파생상품 관련 이익_파생상품 거래 이익,0,0,외국손보사,B,SI023,부문별 손익(파생상품)
5715,202006,0013245,에이아이지손해보험주식회사,A12,파생상품 관련 이익_파생상품 평가 이익,0,0,외국손보사,B,SI023,부문별 손익(파생상품)
5716,202006,0013245,에이아이지손해보험주식회사,A2,파생상품 관련 손실,0,0,외국손보사,B,SI023,부문별 손익(파생상품)
5717,202006,0013245,에이아이지손해보험주식회사,A21,파생상품 관련 손실_파생상품 거래 손실,0,0,외국손보사,B,SI023,부문별 손익(파생상품)
5718,202006,0013245,에이아이지손해보험주식회사,A22,파생상품 평가 손실,0,0,외국손보사,B,SI023,부문별 손익(파생상품)
5719,202009,0013245,에이아이지손해보험주식회사,A,파생상품 관련 손익,0,0,외국손보사,B,SI023,부문별 손익(파생상품)
5720,202009,0013245,에이아이지손해보험주식회사,A1,파생상품 관련 이익,0,0,외국손보사,B,SI023,부문별 손익(파생상품)
5721,202009,0013245,에이아이지손해보험주식회사,A11,파생상품 관련 이익_파생상품 거래 이익,0,0,외국손보사,B,SI023,부문별 손익(파생상품)
5722,202009,0013245,에이아이지손해보험주식회사,A12,파생상품 관련 이익_파생상품 평가 이익,0,0,외국손보사,B,SI023,부문별 손익(파생상품)
5723,202009,0013245,에이아이지손해보험주식회사,A2,파생상품 관련 손실,0,0,외국손보사,B,SI023,부문별 손익(파생상품)
5724,202009,0013245,에이아이지손해보험주식회사,A21,파생상품 관련 손실_파생상품 거래 손실,0,0,외국손보사,B,SI023,부문별 손익(파생상품)
5725,202009,0013245,에이아이지손해보험주식회사,A22,파생상품 평가 손실,0,0,외국손보사,B,SI023,부문별 손익(파생상품)
5726,202012,0013245,에이아이지손해보험주식회사,A,파생상품 관련 손익,0,0,외국손보사,B,SI023,부문별 손익(파생상품)
5727,202012,0013245,에이아이지손해보험주식회사,A1,파생상품 관련 이익,0,0,외국손보사,B,SI023,부문별 손익(파생상품)
5728,202012,0013245,에이아이지손해보험주식회사,A11,파생상품 관련 이익_파생상품 거래 이익,0,0,외국손보사,B,SI023,부문별 손익(파생상품)
5729,202012,0013245,에이아이지손해보험주식회사,A12,파생상품 관련 이익_파생상품 평가 이익,0,0,외국손보사,B,SI023,부문별 손익(파생상품)
5730,202012,0013245,에이아이지손해보험주식회사,A2,파생상품 관련 손실,0,0,외국손보사,B,SI023,부문별 손익(파생상품)
5731,202012,0013245,에이아이지손해보험주식회사,A21,파생상품 관련 손실_파생상품 거래 손실,0,0,외국손보사,B,SI023,부문별 손익(파생상품)
5732,202012,0013245,에이아이지손해보험주식회사,A22,파생상품 평가 손실,0,0,외국손보사,B,SI023,부문별 손익(파생상품)
5733,202103,0013245,에이아이지손해보험주식회사,A,파생상품 관련 손익,0,0,외국손보사,B,SI023,부문별 손익(파생상품)
5734,202103,0013245,에이아이지손해보험주식회사,A1,파생상품 관련 이익,0,0,외국손보사,B,SI023,부문별 손익(파생상품)
5735,202103,0013245,에이아이지손해보험주식회사,A11,파생상품 관련 이익_파생상품 거래 이익,0,0,외국손보사,B,SI023,부문별 손익(파생상품)
5736,202103,0013245,에이아이지손해보험주식회사,A12,파생상품 관련 이익_파생상품 평가 이익,0,0,외국손보사,B,SI023,부문별 손익(파생상품)
5737,202103,0013245,에이아이지손해보험주식회사,A2,파생상품 관련 손실,0,0,외국손보사,B,SI023,부문별 손익(파생상품)
5738,202103,0013245,에이아이지손해보험주식회사,A21,파생상품 관련 손실_파생상품 거래 손실,0,0,외국손보사,B,SI023,부문별 손익(파생상품)
5739,202103,0013245,에이아이지손해보험주식회사,A22,파생상품 평가 손실,0,0,외국손보사,B,SI023,부문별 손익(파생상품)
5740,202106,0013245,에이아이지손해보험주식회사,A,파생상품 관련 손익,0,0,외국손보사,B,SI023,부문별 손익(파생상품)
5741,202106,0013245,에이아이지손해보험주식회사,A1,파생상품 관련 이익,0,0,외국손보사,B,SI023,부문별 손익(파생상품)
5742,202106,0013245,에이아이지손해보험주식회사,A11,파생상품 관련 이익_파생상품 거래 이익,0,0,외국손보사,B,SI023,부문별 손익(파생상품)
5743,202106,0013245,에이아이지손해보험주식회사,A12,파생상품 관련 이익_파생상품 평가 이익,0,0,외국손보사,B,SI023,부문별 손익(파생상품)
5744,202106,0013245,에이아이지손해보험주식회사,A2,파생상품 관련 손실,0,0,외국손보사,B,SI023,부문별 손익(파생상품)
5745,202106,0013245,에이아이지손해보험주식회사,A21,파생상품 관련 손실_파생상품 거래 손실,0,0,외국손보사,B,SI023,부문별 손익(파생상품)
5746,202106,0013245,에이아이지손해보험주식회사,A22,파생상품 평가 손실,0,0,외국손보사,B,SI023,부문별 손익(파생상품)
5747,202109,0013245,에이아이지손해보험주식회사,A,파생상품 관련 손익,0,0,외국손보사,B,SI023,부문별 손익(파생상품)
5748,202109,0013245,에이아이지손해보험주식회사,A1,파생상품 관련 이익,0,0,외국손보사,B,SI023,부문별 손익(파생상품)
5749,202109,0013245,에이아이지손해보험주식회사,A11,파생상품 관련 이익_파생상품 거래 이익,0,0,외국손보사,B,SI023,부문별 손익(파생상품)
5750,202109,0013245,에이아이지손해보험주식회사,A12,파생상품 관련 이익_파생상품 평가 이익,0,0,외국손보사,B,SI023,부문별 손익(파생상품)
5751,202109,0013245,에이아이지손해보험주식회사,A2,파생상품 관련 손실,0,0,외국손보사,B,SI023,부문별 손익(파생상품)
5752,202109,0013245,에이아이지손해보험주식회사,A21,파생상품 관련 손실_파생상품 거래 손실,0,0,외국손보사,B,SI023,부문별 손익(파생상품)
5753,202109,0013245,에이아이지손해보험주식회사,A22,파생상품 평가 손실,0,0,외국손보사,B,SI023,부문별 손익(파생상품)
5754,202112,0013245,에이아이지손해보험주식회사,A,파생상품 관련 손익,0,0,외국손보사,B,SI023,부문별 손익(파생상품)
5755,202112,0013245,에이아이지손해보험주식회사,A1,파생상품 관련 이익,0,0,외국손보사,B,SI023,부문별 손익(파생상품)
5756,202112,0013245,에이아이지손해보험주식회사,A11,파생상품 관련 이익_파생상품 거래 이익,0,0,외국손보사,B,SI023,부문별 손익(파생상품)
5757,202112,0013245,에이아이지손해보험주식회사,A12,파생상품 관련 이익_파생상품 평가 이익,0,0,외국손보사,B,SI023,부문별 손익(파생상품)
5758,202112,0013245,에이아이지손해보험주식회사,A2,파생상품 관련 손실,0,0,외국손보사,B,SI023,부문별 손익(파생상품)
5759,202112,0013245,에이아이지손해보험주식회사,A21,파생상품 관련 손실_파생상품 거래 손실,0,0,외국손보사,B,SI023,부문별 손익(파생상품)
5760,202112,0013245,에이아이지손해보험주식회사,A22,파생상품 평가 손실,0,0,외국손보사,B,SI023,부문별 손익(파생상품)
5761,202203,0013245,에이아이지손해보험주식회사,A,파생상품 관련 손익,0,0,외국손보사,B,SI023,부문별 손익(파생상품)
5762,202203,0013245,에이아이지손해보험주식회사,A1,파생상품 관련 이익,0,0,외국손보사,B,SI023,부문별 손익(파생상품)
5763,202203,0013245,에이아이지손해보험주식회사,A11,파생상품 관련 이익_파생상품 거래 이익,0,0,외국손보사,B,SI023,부문별 손익(파생상품)
5764,202203,0013245,에이아이지손해보험주식회사,A12,파생상품 관련 이익_파생상품 평가 이익,0,0,외국손보사,B,SI023,부문별 손익(파생상품)
5765,202203,0013245,에이아이지손해보험주식회사,A2,파생상품 관련 손실,0,0,외국손보사,B,SI023,부문별 손익(파생상품)
5766,202203,0013245,에이아이지손해보험주식회사,A21,파생상품 관련 손실_파생상품 거래 손실,0,0,외국손보사,B,SI023,부문별 손익(파생상품)
5767,202203,0013245,에이아이지손해보험주식회사,A22,파생상품 평가 손실,0,0,외국손보사,B,SI023,부문별 손익(파생상품)
5768,202206,0013245,에이아이지손해보험주식회사,A,파생상품 관련 손익,0,0,외국손보사,B,SI023,부문별 손익(파생상품)
5769,202206,0013245,에이아이지손해보험주식회사,A1,파생상품 관련 이익,0,0,외국손보사,B,SI023,부문별 손익(파생상품)
5770,202206,0013245,에이아이지손해보험주식회사,A11,파생상품 관련 이익_파생상품 거래 이익,0,0,외국손보사,B,SI023,부문별 손익(파생상품)
5771,202206,0013245,에이아이지손해보험주식회사,A12,파생상품 관련 이익_파생상품 평가 이익,0,0,외국손보사,B,SI023,부문별 손익(파생상품)
5772,202206,0013245,에이아이지손해보험주식회사,A2,파생상품 관련 손실,0,0,외국손보사,B,SI023,부문별 손익(파생상품)
5773,202206,0013245,에이아이지손해보험주식회사,A21,파생상품 관련 손실_파생상품 거래 손실,0,0,외국손보사,B,SI023,부문별 손익(파생상품)
5774,202206,0013245,에이아이지손해보험주식회사,A22,파생상품 평가 손실,0,0,외국손보사,B,SI023,부문별 손익(파생상품)
5775,202209,0013245,에이아이지손해보험주식회사,A,파생상품 관련 손익,0,0,외국손보사,B,SI023,부문별 손익(파생상품)
5776,202209,0013245,에이아이지손해보험주식회사,A1,파생상품 관련 이익,0,0,외국손보사,B,SI023,부문별 손익(파생상품)
5777,202209,0013245,에이아이지손해보험주식회사,A11,파생상품 관련 이익_파생상품 거래 이익,0,0,외국손보사,B,SI023,부문별 손익(파생상품)
5778,202209,0013245,에이아이지손해보험주식회사,A12,파생상품 관련 이익_파생상품 평가 이익,0,0,외국손보사,B,SI023,부문별 손익(파생상품)
5779,202209,0013245,에이아이지손해보험주식회사,A2,파생상품 관련 손실,0,0,외국손보사,B,SI023,부문별 손익(파생상품)
5780,202209,0013245,에이아이지손해보험주식회사,A21,파생상품 관련 손실_파생상품 거래 손실,0,0,외국손보사,B,SI023,부문별 손익(파생상품)
5781,202209,0013245,에이아이지손해보험주식회사,A22,파생상품 평가 손실,0,0,외국손보사,B,SI023,부문별 손익(파생상품)
5782,202212,0013245,에이아이지손해보험주식회사,A,파생상품 관련 손익,0,0,외국손보사,B,SI023,부문별 손익(파생상품)
5783,202212,0013245,에이아이지손해보험주식회사,A1,파생상품 관련 이익,0,0,외국손보사,B,SI023,부문별 손익(파생상품)
5784,202212,0013245,에이아이지손해보험주식회사,A11,파생상품 관련 이익_파생상품 거래 이익,0,0,외국손보사,B,SI023,부문별 손익(파생상품)
5785,202212,0013245,에이아이지손해보험주식회사,A12,파생상품 관련 이익_파생상품 평가 이익,0,0,외국손보사,B,SI023,부문별 손익(파생상품)
5786,202212,0013245,에이아이지손해보험주식회사,A2,파생상품 관련 손실,0,0,외국손보사,B,SI023,부문별 손익(파생상품)
5787,202212,0013245,에이아이지손해보험주식회사,A21,파생상품 관련 손실_파생상품 거래 손실,0,0,외국손보사,B,SI023,부문별 손익(파생상품)
5788,202212,0013245,에이아이지손해보험주식회사,A22,파생상품 평가 손실,0,0,외국손보사,B,SI023,부문별 손익(파생상품)
5789,202303,0013245,에이아이지손해보험주식회사,A,파생상품 관련 손익,0,0,외국손보사,B,SI023,부문별 손익(파생상품)
5790,202303,0013245,에이아이지손해보험주식회사,A1,파생상품 관련 손익_파생상품 관련 이익,0,0,외국손보사,B,SI023,부문별 손익(파생상품)
5791,202303,0013245,에이아이지손해보험주식회사,A11,파생상품 거래 이익,0,0,외국손보사,B,SI023,부문별 손익(파생상품)
5792,202303,0013245,에이아이지손해보험주식회사,A12,파생상품 평가 이익,0,0,외국손보사,B,SI023,부문별 손익(파생상품)
5793,202303,0013245,에이아이지손해보험주식회사,A2,파생상품 관련 손실,0,0,외국손보사,B,SI023,부문별 손익(파생상품)
5794,202303,0013245,에이아이지손해보험주식회사,A21,파생상품 거래 손실,0,0,외국손보사,B,SI023,부문별 손익(파생상품)
5795,202303,0013245,에이아이지손해보험주식회사,A22,파생상품 평가 손실,0,0,외국손보사,B,SI023,부문별 손익(파생상품)
5796,202306,0013245,에이아이지손해보험주식회사,A,파생상품 관련 손익,0,0,외국손보사,B,SI023,부문별 손익(파생상품)
5797,202306,0013245,에이아이지손해보험주식회사,A1,파생상품 관련 손익_파생상품 관련 이익,0,0,외국손보사,B,SI023,부문별 손익(파생상품)
5798,202306,0013245,에이아이지손해보험주식회사,A11,파생상품 거래 이익,0,0,외국손보사,B,SI023,부문별 손익(파생상품)
5799,202306,0013245,에이아이지손해보험주식회사,A12,파생상품 평가 이익,0,0,외국손보사,B,SI023,부문별 손익(파생상품)
5800,202306,0013245,에이아이지손해보험주식회사,A2,파생상품 관련 손실,0,0,외국손보사,B,SI023,부문별 손익(파생상품)
5801,202306,0013245,에이아이지손해보험주식회사,A21,파생상품 거래 손실,0,0,외국손보사,B,SI023,부문별 손익(파생상품)
5802,202306,0013245,에이아이지손해보험주식회사,A22,파생상품 평가 손실,0,0,외국손보사,B,SI023,부문별 손익(파생상품)
5803,202309,0013245,에이아이지손해보험주식회사,A,파생상품 관련 손익,0,0,외국손보사,B,SI023,부문별 손익(파생상품)
5804,202309,0013245,에이아이지손해보험주식회사,A1,파생상품 관련 손익_파생상품 관련 이익,0,0,외국손보사,B,SI023,부문별 손익(파생상품)
5805,202309,0013245,에이아이지손해보험주식회사,A11,파생상품 거래 이익,0,0,외국손보사,B,SI023,부문별 손익(파생상품)
5806,202309,0013245,에이아이지손해보험주식회사,A12,파생상품 평가 이익,0,0,외국손보사,B,SI023,부문별 손익(파생상품)
5807,202309,0013245,에이아이지손해보험주식회사,A2,파생상품 관련 손실,0,0,외국손보사,B,SI023,부문별 손익(파생상품)
5808,202309,0013245,에이아이지손해보험주식회사,A21,파생상품 거래 손실,0,0,외국손보사,B,SI023,부문별 손익(파생상품)
5809,202309,0013245,에이아이지손해보험주식회사,A22,파생상품 평가 손실,0,0,외국손보사,B,SI023,부문별 손익(파생상품)
5810,202312,0013245,에이아이지손해보험주식회사,A,파생상품 관련 손익,0,0,외국손보사,B,SI023,부문별 손익(파생상품)
5811,202312,0013245,에이아이지손해보험주식회사,A1,파생상품 관련 손익_파생상품 관련 이익,0,0,외국손보사,B,SI023,부문별 손익(파생상품)
5812,202312,0013245,에이아이지손해보험주식회사,A11,파생상품 거래 이익,0,0,외국손보사,B,SI023,부문별 손익(파생상품)
5813,202312,0013245,에이아이지손해보험주식회사,A12,파생상품 평가 이익,0,0,외국손보사,B,SI023,부문별 손익(파생상품)
5814,202312,0013245,에이아이지손해보험주식회사,A2,파생상품 관련 손실,0,0,외국손보사,B,SI023,부문별 손익(파생상품)
5815,202312,0013245,에이아이지손해보험주식회사,A21,파생상품 거래 손실,0,0,외국손보사,B,SI023,부문별 손익(파생상품)
5816,202312,0013245,에이아이지손해보험주식회사,A22,파생상품 평가 손실,0,0,외국손보사,B,SI023,부문별 손익(파생상품)
5817,202403,0013245,에이아이지손해보험주식회사,A,파생상품 관련 손익,0,0,외국손보사,B,SI023,부문별 손익(파생상품)
5818,202403,0013245,에이아이지손해보험주식회사,A1,파생상품 관련 손익_파생상품 관련 이익,0,0,외국손보사,B,SI023,부문별 손익(파생상품)
5819,202403,0013245,에이아이지손해보험주식회사,A11,파생상품 거래 이익,0,0,외국손보사,B,SI023,부문별 손익(파생상품)
5820,202403,0013245,에이아이지손해보험주식회사,A12,파생상품 평가 이익,0,0,외국손보사,B,SI023,부문별 손익(파생상품)
5821,202403,0013245,에이아이지손해보험주식회사,A2,파생상품 관련 손실,0,0,외국손보사,B,SI023,부문별 손익(파생상품)
5822,202403,0013245,에이아이지손해보험주식회사,A21,파생상품 거래 손실,0,0,외국손보사,B,SI023,부문별 손익(파생상품)
5823,202403,0013245,에이아이지손해보험주식회사,A22,파생상품 평가 손실,0,0,외국손보사,B,SI023,부문별 손익(파생상품)
5824,202406,0013245,에이아이지손해보험주식회사,A,파생상품 관련 손익,0,0,외국손보사,B,SI023,부문별 손익(파생상품)
5825,202406,0013245,에이아이지손해보험주식회사,A1,파생상품 관련 손익_파생상품 관련 이익,0,0,외국손보사,B,SI023,부문별 손익(파생상품)
5826,202406,0013245,에이아이지손해보험주식회사,A11,파생상품 거래 이익,0,0,외국손보사,B,SI023,부문별 손익(파생상품)
5827,202406,0013245,에이아이지손해보험주식회사,A12,파생상품 평가 이익,0,0,외국손보사,B,SI023,부문별 손익(파생상품)
5828,202406,0013245,에이아이지손해보험주식회사,A2,파생상품 관련 손실,0,0,외국손보사,B,SI023,부문별 손익(파생상품)
5829,202406,0013245,에이아이지손해보험주식회사,A21,파생상품 거래 손실,0,0,외국손보사,B,SI023,부문별 손익(파생상품)
5830,202406,0013245,에이아이지손해보험주식회사,A22,파생상품 평가 손실,0,0,외국손보사,B,SI023,부문별 손익(파생상품)
5831,202409,0013245,에이아이지손해보험주식회사,A,파생상품 관련 손익,0,0,외국손보사,B,SI023,부문별 손익(파생상품)
5832,202409,0013245,에이아이지손해보험주식회사,A1,파생상품 관련 손익_파생상품 관련 이익,0,0,외국손보사,B,SI023,부문별 손익(파생상품)
5833,202409,0013245,에이아이지손해보험주식회사,A11,파생상품 거래 이익,0,0,외국손보사,B,SI023,부문별 손익(파생상품)
5834,202409,0013245,에이아이지손해보험주식회사,A12,파생상품 평가 이익,0,0,외국손보사,B,SI023,부문별 손익(파생상품)
5835,202409,0013245,에이아이지손해보험주식회사,A2,파생상품 관련 손실,0,0,외국손보사,B,SI023,부문별 손익(파생상품)
5836,202409,0013245,에이아이지손해보험주식회사,A21,파생상품 거래 손실,0,0,외국손보사,B,SI023,부문별 손익(파생상품)
5837,202409,0013245,에이아이지손해보험주식회사,A22,파생상품 평가 손실,0,0,외국손보사,B,SI023,부문별 손익(파생상품)
5838,202412,0013245,에이아이지손해보험주식회사,A,파생상품 관련 손익,0,0,외국손보사,B,SI023,부문별 손익(파생상품)
5839,202412,0013245,에이아이지손해보험주식회사,A1,파생상품 관련 손익_파생상품 관련 이익,0,0,외국손보사,B,SI023,부문별 손익(파생상품)
5840,202412,0013245,에이아이지손해보험주식회사,A11,파생상품 거래 이익,0,0,외국손보사,B,SI023,부문별 손익(파생상품)
5841,202412,0013245,에이아이지손해보험주식회사,A12,파생상품 평가 이익,0,0,외국손보사,B,SI023,부문별 손익(파생상품)
5842,202412,0013245,에이아이지손해보험주식회사,A2,파생상품 관련 손실,0,0,외국손보사,B,SI023,부문별 손익(파생상품)
5843,202412,0013245,에이아이지손해보험주식회사,A21,파생상품 거래 손실,0,0,외국손보사,B,SI023,부문별 손익(파생상품)
5844,202412,0013245,에이아이지손해보험주식회사,A22,파생상품 평가 손실,0,0,외국손보사,B,SI023,부문별 손익(파생상품)
5845,202503,0013245,에이아이지손해보험주식회사,A,파생상품 관련 손익,0,0,외국손보사,B,SI023,부문별 손익(파생상품)
5846,202503,0013245,에이아이지손해보험주식회사,A1,파생상품 관련 손익_파생상품 관련 이익,0,0,외국손보사,B,SI023,부문별 손익(파생상품)
5847,202503,0013245,에이아이지손해보험주식회사,A11,파생상품 거래 이익,0,0,외국손보사,B,SI023,부문별 손익(파생상품)
5848,202503,0013245,에이아이지손해보험주식회사,A12,파생상품 평가 이익,0,0,외국손보사,B,SI023,부문별 손익(파생상품)
5849,202503,0013245,에이아이지손해보험주식회사,A2,파생상품 관련 손실,0,0,외국손보사,B,SI023,부문별 손익(파생상품)
5850,202503,0013245,에이아이지손해보험주식회사,A21,파생상품 거래 손실,0,0,외국손보사,B,SI023,부문별 손익(파생상품)
5851,202503,0013245,에이아이지손해보험주식회사,A22,파생상품 평가 손실,0,0,외국손보사,B,SI023,부문별 손익(파생상품)
5852,202506,0013245,에이아이지손해보험주식회사,A,파생상품 관련 손익,0,0,외국손보사,B,SI023,부문별 손익(파생상품)
5853,202506,0013245,에이아이지손해보험주식회사,A1,파생상품 관련 손익_파생상품 관련 이익,0,0,외국손보사,B,SI023,부문별 손익(파생상품)
5854,202506,0013245,에이아이지손해보험주식회사,A11,파생상품 거래 이익,0,0,외국손보사,B,SI023,부문별 손익(파생상품)
5855,202506,0013245,에이아이지손해보험주식회사,A12,파생상품 평가 이익,0,0,외국손보사,B,SI023,부문별 손익(파생상품)
5856,202506,0013245,에이아이지손해보험주식회사,A2,파생상품 관련 손실,0,0,외국손보사,B,SI023,부문별 손익(파생상품)
5857,202506,0013245,에이아이지손해보험주식회사,A21,파생상품 거래 손실,0,0,외국손보사,B,SI023,부문별 손익(파생상품)
5858,202506,0013245,에이아이지손해보험주식회사,A22,파생상품 평가 손실,0,0,외국손보사,B,SI023,부문별 손익(파생상품)
5859,202509,0013245,에이아이지손해보험주식회사,A,파생상품 관련 손익,0,0,외국손보사,B,SI023,부문별 손익(파생상품)
5860,202509,0013245,에이아이지손해보험주식회사,A1,파생상품 관련 손익_파생상품 관련 이익,0,0,외국손보사,B,SI023,부문별 손익(파생상품)
5861,202509,0013245,에이아이지손해보험주식회사,A11,파생상품 거래 이익,0,0,외국손보사,B,SI023,부문별 손익(파생상품)
5862,202509,0013245,에이아이지손해보험주식회사,A12,파생상품 평가 이익,0,0,외국손보사,B,SI023,부문별 손익(파생상품)
5863,202509,0013245,에이아이지손해보험주식회사,A2,파생상품 관련 손실,0,0,외국손보사,B,SI023,부문별 손익(파생상품)
5864,202509,0013245,에이아이지손해보험주식회사,A21,파생상품 거래 손실,0,0,외국손보사,B,SI023,부문별 손익(파생상품)
5865,202509,0013245,에이아이지손해보험주식회사,A22,파생상품 평가 손실,0,0,외국손보사,B,SI023,부문별 손익(파생상품)
5866,201703,0010649,제너럴재보험주식회사 서울지점,A,파생상품 관련 손익,0,0,외국손보사,B,SI023,부문별 손익(파생상품)
5867,201703,0010649,제너럴재보험주식회사 서울지점,A1,파생상품 관련 이익,0,0,외국손보사,B,SI023,부문별 손익(파생상품)
5868,201703,0010649,제너럴재보험주식회사 서울지점,A11,파생상품 관련 이익_파생상품 거래 이익,0,0,외국손보사,B,SI023,부문별 손익(파생상품)
5869,201703,0010649,제너럴재보험주식회사 서울지점,A12,파생상품 관련 이익_파생상품 평가 이익,0,0,외국손보사,B,SI023,부문별 손익(파생상품)
5870,201703,0010649,제너럴재보험주식회사 서울지점,A2,파생상품 관련 손실,0,0,외국손보사,B,SI023,부문별 손익(파생상품)
5871,201703,0010649,제너럴재보험주식회사 서울지점,A21,파생상품 관련 손실_파생상품 거래 손실,0,0,외국손보사,B,SI023,부문별 손익(파생상품)
5872,201703,0010649,제너럴재보험주식회사 서울지점,A22,파생상품 평가 손실,0,0,외국손보사,B,SI023,부문별 손익(파생상품)
5873,201706,0010649,제너럴재보험주식회사 서울지점,A,파생상품 관련 손익,0,0,외국손보사,B,SI023,부문별 손익(파생상품)
5874,201706,0010649,제너럴재보험주식회사 서울지점,A1,파생상품 관련 이익,0,0,외국손보사,B,SI023,부문별 손익(파생상품)
5875,201706,0010649,제너럴재보험주식회사 서울지점,A11,파생상품 관련 이익_파생상품 거래 이익,0,0,외국손보사,B,SI023,부문별 손익(파생상품)
5876,201706,0010649,제너럴재보험주식회사 서울지점,A12,파생상품 관련 이익_파생상품 평가 이익,0,0,외국손보사,B,SI023,부문별 손익(파생상품)
5877,201706,0010649,제너럴재보험주식회사 서울지점,A2,파생상품 관련 손실,0,0,외국손보사,B,SI023,부문별 손익(파생상품)
5878,201706,0010649,제너럴재보험주식회사 서울지점,A21,파생상품 관련 손실_파생상품 거래 손실,0,0,외국손보사,B,SI023,부문별 손익(파생상품)
5879,201706,0010649,제너럴재보험주식회사 서울지점,A22,파생상품 평가 손실,0,0,외국손보사,B,SI023,부문별 손익(파생상품)
5880,201709,0010649,제너럴재보험주식회사 서울지점,A,파생상품 관련 손익,0,0,외국손보사,B,SI023,부문별 손익(파생상품)
5881,201709,0010649,제너럴재보험주식회사 서울지점,A1,파생상품 관련 이익,0,0,외국손보사,B,SI023,부문별 손익(파생상품)
5882,201709,0010649,제너럴재보험주식회사 서울지점,A11,파생상품 관련 이익_파생상품 거래 이익,0,0,외국손보사,B,SI023,부문별 손익(파생상품)
5883,201709,0010649,제너럴재보험주식회사 서울지점,A12,파생상품 관련 이익_파생상품 평가 이익,0,0,외국손보사,B,SI023,부문별 손익(파생상품)
5884,201709,0010649,제너럴재보험주식회사 서울지점,A2,파생상품 관련 손실,0,0,외국손보사,B,SI023,부문별 손익(파생상품)
5885,201709,0010649,제너럴재보험주식회사 서울지점,A21,파생상품 관련 손실_파생상품 거래 손실,0,0,외국손보사,B,SI023,부문별 손익(파생상품)
5886,201709,0010649,제너럴재보험주식회사 서울지점,A22,파생상품 평가 손실,0,0,외국손보사,B,SI023,부문별 손익(파생상품)
5887,201712,0010649,제너럴재보험주식회사 서울지점,A,파생상품 관련 손익,0,0,외국손보사,B,SI023,부문별 손익(파생상품)
5888,201712,0010649,제너럴재보험주식회사 서울지점,A1,파생상품 관련 이익,0,0,외국손보사,B,SI023,부문별 손익(파생상품)
5889,201712,0010649,제너럴재보험주식회사 서울지점,A11,파생상품 관련 이익_파생상품 거래 이익,0,0,외국손보사,B,SI023,부문별 손익(파생상품)
5890,201712,0010649,제너럴재보험주식회사 서울지점,A12,파생상품 관련 이익_파생상품 평가 이익,0,0,외국손보사,B,SI023,부문별 손익(파생상품)
5891,201712,0010649,제너럴재보험주식회사 서울지점,A2,파생상품 관련 손실,0,0,외국손보사,B,SI023,부문별 손익(파생상품)
5892,201712,0010649,제너럴재보험주식회사 서울지점,A21,파생상품 관련 손실_파생상품 거래 손실,0,0,외국손보사,B,SI023,부문별 손익(파생상품)
5893,201712,0010649,제너럴재보험주식회사 서울지점,A22,파생상품 평가 손실,0,0,외국손보사,B,SI023,부문별 손익(파생상품)
5894,201803,0010649,제너럴재보험주식회사 서울지점,A,파생상품 관련 손익,0,0,외국손보사,B,SI023,부문별 손익(파생상품)
5895,201803,0010649,제너럴재보험주식회사 서울지점,A1,파생상품 관련 이익,0,0,외국손보사,B,SI023,부문별 손익(파생상품)
5896,201803,0010649,제너럴재보험주식회사 서울지점,A11,파생상품 관련 이익_파생상품 거래 이익,0,0,외국손보사,B,SI023,부문별 손익(파생상품)
5897,201803,0010649,제너럴재보험주식회사 서울지점,A12,파생상품 관련 이익_파생상품 평가 이익,0,0,외국손보사,B,SI023,부문별 손익(파생상품)
5898,201803,0010649,제너럴재보험주식회사 서울지점,A2,파생상품 관련 손실,0,0,외국손보사,B,SI023,부문별 손익(파생상품)
5899,201803,0010649,제너럴재보험주식회사 서울지점,A21,파생상품 관련 손실_파생상품 거래 손실,0,0,외국손보사,B,SI023,부문별 손익(파생상품)
5900,201803,0010649,제너럴재보험주식회사 서울지점,A22,파생상품 평가 손실,0,0,외국손보사,B,SI023,부문별 손익(파생상품)
5901,201806,0010649,제너럴재보험주식회사 서울지점,A,파생상품 관련 손익,0,0,외국손보사,B,SI023,부문별 손익(파생상품)
5902,201806,0010649,제너럴재보험주식회사 서울지점,A1,파생상품 관련 이익,0,0,외국손보사,B,SI023,부문별 손익(파생상품)
5903,201806,0010649,제너럴재보험주식회사 서울지점,A11,파생상품 관련 이익_파생상품 거래 이익,0,0,외국손보사,B,SI023,부문별 손익(파생상품)
5904,201806,0010649,제너럴재보험주식회사 서울지점,A12,파생상품 관련 이익_파생상품 평가 이익,0,0,외국손보사,B,SI023,부문별 손익(파생상품)
5905,201806,0010649,제너럴재보험주식회사 서울지점,A2,파생상품 관련 손실,0,0,외국손보사,B,SI023,부문별 손익(파생상품)
5906,201806,0010649,제너럴재보험주식회사 서울지점,A21,파생상품 관련 손실_파생상품 거래 손실,0,0,외국손보사,B,SI023,부문별 손익(파생상품)
5907,201806,0010649,제너럴재보험주식회사 서울지점,A22,파생상품 평가 손실,0,0,외국손보사,B,SI023,부문별 손익(파생상품)
5908,201809,0010649,제너럴재보험주식회사 서울지점,A,파생상품 관련 손익,0,0,외국손보사,B,SI023,부문별 손익(파생상품)
5909,201809,0010649,제너럴재보험주식회사 서울지점,A1,파생상품 관련 이익,0,0,외국손보사,B,SI023,부문별 손익(파생상품)
5910,201809,0010649,제너럴재보험주식회사 서울지점,A11,파생상품 관련 이익_파생상품 거래 이익,0,0,외국손보사,B,SI023,부문별 손익(파생상품)
5911,201809,0010649,제너럴재보험주식회사 서울지점,A12,파생상품 관련 이익_파생상품 평가 이익,0,0,외국손보사,B,SI023,부문별 손익(파생상품)
5912,201809,0010649,제너럴재보험주식회사 서울지점,A2,파생상품 관련 손실,0,0,외국손보사,B,SI023,부문별 손익(파생상품)
5913,201809,0010649,제너럴재보험주식회사 서울지점,A21,파생상품 관련 손실_파생상품 거래 손실,0,0,외국손보사,B,SI023,부문별 손익(파생상품)
5914,201809,0010649,제너럴재보험주식회사 서울지점,A22,파생상품 평가 손실,0,0,외국손보사,B,SI023,부문별 손익(파생상품)
5915,201812,0010649,제너럴재보험주식회사 서울지점,A,파생상품 관련 손익,0,0,외국손보사,B,SI023,부문별 손익(파생상품)
5916,201812,0010649,제너럴재보험주식회사 서울지점,A1,파생상품 관련 이익,0,0,외국손보사,B,SI023,부문별 손익(파생상품)
5917,201812,0010649,제너럴재보험주식회사 서울지점,A11,파생상품 관련 이익_파생상품 거래 이익,0,0,외국손보사,B,SI023,부문별 손익(파생상품)
5918,201812,0010649,제너럴재보험주식회사 서울지점,A12,파생상품 관련 이익_파생상품 평가 이익,0,0,외국손보사,B,SI023,부문별 손익(파생상품)
5919,201812,0010649,제너럴재보험주식회사 서울지점,A2,파생상품 관련 손실,0,0,외국손보사,B,SI023,부문별 손익(파생상품)
5920,201812,0010649,제너럴재보험주식회사 서울지점,A21,파생상품 관련 손실_파생상품 거래 손실,0,0,외국손보사,B,SI023,부문별 손익(파생상품)
5921,201812,0010649,제너럴재보험주식회사 서울지점,A22,파생상품 평가 손실,0,0,외국손보사,B,SI023,부문별 손익(파생상품)
5922,201903,0010649,제너럴재보험주식회사 서울지점,A,파생상품 관련 손익,0,0,외국손보사,B,SI023,부문별 손익(파생상품)
5923,201903,0010649,제너럴재보험주식회사 서울지점,A1,파생상품 관련 이익,0,0,외국손보사,B,SI023,부문별 손익(파생상품)
5924,201903,0010649,제너럴재보험주식회사 서울지점,A11,파생상품 관련 이익_파생상품 거래 이익,0,0,외국손보사,B,SI023,부문별 손익(파생상품)
5925,201903,0010649,제너럴재보험주식회사 서울지점,A12,파생상품 관련 이익_파생상품 평가 이익,0,0,외국손보사,B,SI023,부문별 손익(파생상품)
5926,201903,0010649,제너럴재보험주식회사 서울지점,A2,파생상품 관련 손실,0,0,외국손보사,B,SI023,부문별 손익(파생상품)
5927,201903,0010649,제너럴재보험주식회사 서울지점,A21,파생상품 관련 손실_파생상품 거래 손실,0,0,외국손보사,B,SI023,부문별 손익(파생상품)
5928,201903,0010649,제너럴재보험주식회사 서울지점,A22,파생상품 평가 손실,0,0,외국손보사,B,SI023,부문별 손익(파생상품)
5929,201906,0010649,제너럴재보험주식회사 서울지점,A,파생상품 관련 손익,0,0,외국손보사,B,SI023,부문별 손익(파생상품)
5930,201906,0010649,제너럴재보험주식회사 서울지점,A1,파생상품 관련 이익,0,0,외국손보사,B,SI023,부문별 손익(파생상품)
5931,201906,0010649,제너럴재보험주식회사 서울지점,A11,파생상품 관련 이익_파생상품 거래 이익,0,0,외국손보사,B,SI023,부문별 손익(파생상품)
5932,201906,0010649,제너럴재보험주식회사 서울지점,A12,파생상품 관련 이익_파생상품 평가 이익,0,0,외국손보사,B,SI023,부문별 손익(파생상품)
5933,201906,0010649,제너럴재보험주식회사 서울지점,A2,파생상품 관련 손실,0,0,외국손보사,B,SI023,부문별 손익(파생상품)
5934,201906,0010649,제너럴재보험주식회사 서울지점,A21,파생상품 관련 손실_파생상품 거래 손실,0,0,외국손보사,B,SI023,부문별 손익(파생상품)
5935,201906,0010649,제너럴재보험주식회사 서울지점,A22,파생상품 평가 손실,0,0,외국손보사,B,SI023,부문별 손익(파생상품)
5936,201909,0010649,제너럴재보험주식회사 서울지점,A,파생상품 관련 손익,0,0,외국손보사,B,SI023,부문별 손익(파생상품)
5937,201909,0010649,제너럴재보험주식회사 서울지점,A1,파생상품 관련 이익,0,0,외국손보사,B,SI023,부문별 손익(파생상품)
5938,201909,0010649,제너럴재보험주식회사 서울지점,A11,파생상품 관련 이익_파생상품 거래 이익,0,0,외국손보사,B,SI023,부문별 손익(파생상품)
5939,201909,0010649,제너럴재보험주식회사 서울지점,A12,파생상품 관련 이익_파생상품 평가 이익,0,0,외국손보사,B,SI023,부문별 손익(파생상품)
5940,201909,0010649,제너럴재보험주식회사 서울지점,A2,파생상품 관련 손실,0,0,외국손보사,B,SI023,부문별 손익(파생상품)
5941,201909,0010649,제너럴재보험주식회사 서울지점,A21,파생상품 관련 손실_파생상품 거래 손실,0,0,외국손보사,B,SI023,부문별 손익(파생상품)
5942,201909,0010649,제너럴재보험주식회사 서울지점,A22,파생상품 평가 손실,0,0,외국손보사,B,SI023,부문별 손익(파생상품)
5943,201912,0010649,제너럴재보험주식회사 서울지점,A,파생상품 관련 손익,0,0,외국손보사,B,SI023,부문별 손익(파생상품)
5944,201912,0010649,제너럴재보험주식회사 서울지점,A1,파생상품 관련 이익,0,0,외국손보사,B,SI023,부문별 손익(파생상품)
5945,201912,0010649,제너럴재보험주식회사 서울지점,A11,파생상품 관련 이익_파생상품 거래 이익,0,0,외국손보사,B,SI023,부문별 손익(파생상품)
5946,201912,0010649,제너럴재보험주식회사 서울지점,A12,파생상품 관련 이익_파생상품 평가 이익,0,0,외국손보사,B,SI023,부문별 손익(파생상품)
5947,201912,0010649,제너럴재보험주식회사 서울지점,A2,파생상품 관련 손실,0,0,외국손보사,B,SI023,부문별 손익(파생상품)
5948,201912,0010649,제너럴재보험주식회사 서울지점,A21,파생상품 관련 손실_파생상품 거래 손실,0,0,외국손보사,B,SI023,부문별 손익(파생상품)
5949,201912,0010649,제너럴재보험주식회사 서울지점,A22,파생상품 평가 손실,0,0,외국손보사,B,SI023,부문별 손익(파생상품)
5950,202003,0010649,제너럴재보험주식회사 서울지점,A,파생상품 관련 손익,0,0,외국손보사,B,SI023,부문별 손익(파생상품)
5951,202003,0010649,제너럴재보험주식회사 서울지점,A1,파생상품 관련 이익,0,0,외국손보사,B,SI023,부문별 손익(파생상품)
5952,202003,0010649,제너럴재보험주식회사 서울지점,A11,파생상품 관련 이익_파생상품 거래 이익,0,0,외국손보사,B,SI023,부문별 손익(파생상품)
5953,202003,0010649,제너럴재보험주식회사 서울지점,A12,파생상품 관련 이익_파생상품 평가 이익,0,0,외국손보사,B,SI023,부문별 손익(파생상품)
5954,202003,0010649,제너럴재보험주식회사 서울지점,A2,파생상품 관련 손실,0,0,외국손보사,B,SI023,부문별 손익(파생상품)
5955,202003,0010649,제너럴재보험주식회사 서울지점,A21,파생상품 관련 손실_파생상품 거래 손실,0,0,외국손보사,B,SI023,부문별 손익(파생상품)
5956,202003,0010649,제너럴재보험주식회사 서울지점,A22,파생상품 평가 손실,0,0,외국손보사,B,SI023,부문별 손익(파생상품)
5957,202006,0010649,제너럴재보험주식회사 서울지점,A,파생상품 관련 손익,0,0,외국손보사,B,SI023,부문별 손익(파생상품)
5958,202006,0010649,제너럴재보험주식회사 서울지점,A1,파생상품 관련 이익,0,0,외국손보사,B,SI023,부문별 손익(파생상품)
5959,202006,0010649,제너럴재보험주식회사 서울지점,A11,파생상품 관련 이익_파생상품 거래 이익,0,0,외국손보사,B,SI023,부문별 손익(파생상품)
5960,202006,0010649,제너럴재보험주식회사 서울지점,A12,파생상품 관련 이익_파생상품 평가 이익,0,0,외국손보사,B,SI023,부문별 손익(파생상품)
5961,202006,0010649,제너럴재보험주식회사 서울지점,A2,파생상품 관련 손실,0,0,외국손보사,B,SI023,부문별 손익(파생상품)
5962,202006,0010649,제너럴재보험주식회사 서울지점,A21,파생상품 관련 손실_파생상품 거래 손실,0,0,외국손보사,B,SI023,부문별 손익(파생상품)
5963,202006,0010649,제너럴재보험주식회사 서울지점,A22,파생상품 평가 손실,0,0,외국손보사,B,SI023,부문별 손익(파생상품)
5964,202009,0010649,제너럴재보험주식회사 서울지점,A,파생상품 관련 손익,0,0,외국손보사,B,SI023,부문별 손익(파생상품)
5965,202009,0010649,제너럴재보험주식회사 서울지점,A1,파생상품 관련 이익,0,0,외국손보사,B,SI023,부문별 손익(파생상품)
5966,202009,0010649,제너럴재보험주식회사 서울지점,A11,파생상품 관련 이익_파생상품 거래 이익,0,0,외국손보사,B,SI023,부문별 손익(파생상품)
5967,202009,0010649,제너럴재보험주식회사 서울지점,A12,파생상품 관련 이익_파생상품 평가 이익,0,0,외국손보사,B,SI023,부문별 손익(파생상품)
5968,202009,0010649,제너럴재보험주식회사 서울지점,A2,파생상품 관련 손실,0,0,외국손보사,B,SI023,부문별 손익(파생상품)
5969,202009,0010649,제너럴재보험주식회사 서울지점,A21,파생상품 관련 손실_파생상품 거래 손실,0,0,외국손보사,B,SI023,부문별 손익(파생상품)
5970,202009,0010649,제너럴재보험주식회사 서울지점,A22,파생상품 평가 손실,0,0,외국손보사,B,SI023,부문별 손익(파생상품)
5971,202012,0010649,제너럴재보험주식회사 서울지점,A,파생상품 관련 손익,0,0,외국손보사,B,SI023,부문별 손익(파생상품)
5972,202012,0010649,제너럴재보험주식회사 서울지점,A1,파생상품 관련 이익,0,0,외국손보사,B,SI023,부문별 손익(파생상품)
5973,202012,0010649,제너럴재보험주식회사 서울지점,A11,파생상품 관련 이익_파생상품 거래 이익,0,0,외국손보사,B,SI023,부문별 손익(파생상품)
5974,202012,0010649,제너럴재보험주식회사 서울지점,A12,파생상품 관련 이익_파생상품 평가 이익,0,0,외국손보사,B,SI023,부문별 손익(파생상품)
5975,202012,0010649,제너럴재보험주식회사 서울지점,A2,파생상품 관련 손실,0,0,외국손보사,B,SI023,부문별 손익(파생상품)
5976,202012,0010649,제너럴재보험주식회사 서울지점,A21,파생상품 관련 손실_파생상품 거래 손실,0,0,외국손보사,B,SI023,부문별 손익(파생상품)
5977,202012,0010649,제너럴재보험주식회사 서울지점,A22,파생상품 평가 손실,0,0,외국손보사,B,SI023,부문별 손익(파생상품)
5978,202103,0010649,제너럴재보험주식회사 서울지점,A,파생상품 관련 손익,0,0,외국손보사,B,SI023,부문별 손익(파생상품)
5979,202103,0010649,제너럴재보험주식회사 서울지점,A1,파생상품 관련 이익,0,0,외국손보사,B,SI023,부문별 손익(파생상품)
5980,202103,0010649,제너럴재보험주식회사 서울지점,A11,파생상품 관련 이익_파생상품 거래 이익,0,0,외국손보사,B,SI023,부문별 손익(파생상품)
5981,202103,0010649,제너럴재보험주식회사 서울지점,A12,파생상품 관련 이익_파생상품 평가 이익,0,0,외국손보사,B,SI023,부문별 손익(파생상품)
5982,202103,0010649,제너럴재보험주식회사 서울지점,A2,파생상품 관련 손실,0,0,외국손보사,B,SI023,부문별 손익(파생상품)
5983,202103,0010649,제너럴재보험주식회사 서울지점,A21,파생상품 관련 손실_파생상품 거래 손실,0,0,외국손보사,B,SI023,부문별 손익(파생상품)
5984,202103,0010649,제너럴재보험주식회사 서울지점,A22,파생상품 평가 손실,0,0,외국손보사,B,SI023,부문별 손익(파생상품)
5985,202106,0010649,제너럴재보험주식회사 서울지점,A,파생상품 관련 손익,0,0,외국손보사,B,SI023,부문별 손익(파생상품)
5986,202106,0010649,제너럴재보험주식회사 서울지점,A1,파생상품 관련 이익,0,0,외국손보사,B,SI023,부문별 손익(파생상품)
5987,202106,0010649,제너럴재보험주식회사 서울지점,A11,파생상품 관련 이익_파생상품 거래 이익,0,0,외국손보사,B,SI023,부문별 손익(파생상품)
5988,202106,0010649,제너럴재보험주식회사 서울지점,A12,파생상품 관련 이익_파생상품 평가 이익,0,0,외국손보사,B,SI023,부문별 손익(파생상품)
5989,202106,0010649,제너럴재보험주식회사 서울지점,A2,파생상품 관련 손실,0,0,외국손보사,B,SI023,부문별 손익(파생상품)
5990,202106,0010649,제너럴재보험주식회사 서울지점,A21,파생상품 관련 손실_파생상품 거래 손실,0,0,외국손보사,B,SI023,부문별 손익(파생상품)
5991,202106,0010649,제너럴재보험주식회사 서울지점,A22,파생상품 평가 손실,0,0,외국손보사,B,SI023,부문별 손익(파생상품)
5992,202109,0010649,제너럴재보험주식회사 서울지점,A,파생상품 관련 손익,0,0,외국손보사,B,SI023,부문별 손익(파생상품)
5993,202109,0010649,제너럴재보험주식회사 서울지점,A1,파생상품 관련 이익,0,0,외국손보사,B,SI023,부문별 손익(파생상품)
5994,202109,0010649,제너럴재보험주식회사 서울지점,A11,파생상품 관련 이익_파생상품 거래 이익,0,0,외국손보사,B,SI023,부문별 손익(파생상품)
5995,202109,0010649,제너럴재보험주식회사 서울지점,A12,파생상품 관련 이익_파생상품 평가 이익,0,0,외국손보사,B,SI023,부문별 손익(파생상품)
5996,202109,0010649,제너럴재보험주식회사 서울지점,A2,파생상품 관련 손실,0,0,외국손보사,B,SI023,부문별 손익(파생상품)
5997,202109,0010649,제너럴재보험주식회사 서울지점,A21,파생상품 관련 손실_파생상품 거래 손실,0,0,외국손보사,B,SI023,부문별 손익(파생상품)
5998,202109,0010649,제너럴재보험주식회사 서울지점,A22,파생상품 평가 손실,0,0,외국손보사,B,SI023,부문별 손익(파생상품)
5999,202112,0010649,제너럴재보험주식회사 서울지점,A,파생상품 관련 손익,0,0,외국손보사,B,SI023,부문별 손익(파생상품)
6000,202112,0010649,제너럴재보험주식회사 서울지점,A1,파생상품 관련 이익,0,0,외국손보사,B,SI023,부문별 손익(파생상품)
6001,202112,0010649,제너럴재보험주식회사 서울지점,A11,파생상품 관련 이익_파생상품 거래 이익,0,0,외국손보사,B,SI023,부문별 손익(파생상품)
6002,202112,0010649,제너럴재보험주식회사 서울지점,A12,파생상품 관련 이익_파생상품 평가 이익,0,0,외국손보사,B,SI023,부문별 손익(파생상품)
6003,202112,0010649,제너럴재보험주식회사 서울지점,A2,파생상품 관련 손실,0,0,외국손보사,B,SI023,부문별 손익(파생상품)
6004,202112,0010649,제너럴재보험주식회사 서울지점,A21,파생상품 관련 손실_파생상품 거래 손실,0,0,외국손보사,B,SI023,부문별 손익(파생상품)
6005,202112,0010649,제너럴재보험주식회사 서울지점,A22,파생상품 평가 손실,0,0,외국손보사,B,SI023,부문별 손익(파생상품)
6006,202203,0010649,제너럴재보험주식회사 서울지점,A,파생상품 관련 손익,0,0,외국손보사,B,SI023,부문별 손익(파생상품)
6007,202203,0010649,제너럴재보험주식회사 서울지점,A1,파생상품 관련 이익,0,0,외국손보사,B,SI023,부문별 손익(파생상품)
6008,202203,0010649,제너럴재보험주식회사 서울지점,A11,파생상품 관련 이익_파생상품 거래 이익,0,0,외국손보사,B,SI023,부문별 손익(파생상품)
6009,202203,0010649,제너럴재보험주식회사 서울지점,A12,파생상품 관련 이익_파생상품 평가 이익,0,0,외국손보사,B,SI023,부문별 손익(파생상품)
6010,202203,0010649,제너럴재보험주식회사 서울지점,A2,파생상품 관련 손실,0,0,외국손보사,B,SI023,부문별 손익(파생상품)
6011,202203,0010649,제너럴재보험주식회사 서울지점,A21,파생상품 관련 손실_파생상품 거래 손실,0,0,외국손보사,B,SI023,부문별 손익(파생상품)
6012,202203,0010649,제너럴재보험주식회사 서울지점,A22,파생상품 평가 손실,0,0,외국손보사,B,SI023,부문별 손익(파생상품)
6013,202206,0010649,제너럴재보험주식회사 서울지점,A,파생상품 관련 손익,0,0,외국손보사,B,SI023,부문별 손익(파생상품)
6014,202206,0010649,제너럴재보험주식회사 서울지점,A1,파생상품 관련 이익,0,0,외국손보사,B,SI023,부문별 손익(파생상품)
6015,202206,0010649,제너럴재보험주식회사 서울지점,A11,파생상품 관련 이익_파생상품 거래 이익,0,0,외국손보사,B,SI023,부문별 손익(파생상품)
6016,202206,0010649,제너럴재보험주식회사 서울지점,A12,파생상품 관련 이익_파생상품 평가 이익,0,0,외국손보사,B,SI023,부문별 손익(파생상품)
6017,202206,0010649,제너럴재보험주식회사 서울지점,A2,파생상품 관련 손실,0,0,외국손보사,B,SI023,부문별 손익(파생상품)
6018,202206,0010649,제너럴재보험주식회사 서울지점,A21,파생상품 관련 손실_파생상품 거래 손실,0,0,외국손보사,B,SI023,부문별 손익(파생상품)
6019,202206,0010649,제너럴재보험주식회사 서울지점,A22,파생상품 평가 손실,0,0,외국손보사,B,SI023,부문별 손익(파생상품)
6020,202209,0010649,제너럴재보험주식회사 서울지점,A,파생상품 관련 손익,0,0,외국손보사,B,SI023,부문별 손익(파생상품)
6021,202209,0010649,제너럴재보험주식회사 서울지점,A1,파생상품 관련 이익,0,0,외국손보사,B,SI023,부문별 손익(파생상품)
6022,202209,0010649,제너럴재보험주식회사 서울지점,A11,파생상품 관련 이익_파생상품 거래 이익,0,0,외국손보사,B,SI023,부문별 손익(파생상품)
6023,202209,0010649,제너럴재보험주식회사 서울지점,A12,파생상품 관련 이익_파생상품 평가 이익,0,0,외국손보사,B,SI023,부문별 손익(파생상품)
6024,202209,0010649,제너럴재보험주식회사 서울지점,A2,파생상품 관련 손실,0,0,외국손보사,B,SI023,부문별 손익(파생상품)
6025,202209,0010649,제너럴재보험주식회사 서울지점,A21,파생상품 관련 손실_파생상품 거래 손실,0,0,외국손보사,B,SI023,부문별 손익(파생상품)
6026,202209,0010649,제너럴재보험주식회사 서울지점,A22,파생상품 평가 손실,0,0,외국손보사,B,SI023,부문별 손익(파생상품)
6027,202212,0010649,제너럴재보험주식회사 서울지점,A,파생상품 관련 손익,0,0,외국손보사,B,SI023,부문별 손익(파생상품)
6028,202212,0010649,제너럴재보험주식회사 서울지점,A1,파생상품 관련 이익,0,0,외국손보사,B,SI023,부문별 손익(파생상품)
6029,202212,0010649,제너럴재보험주식회사 서울지점,A11,파생상품 관련 이익_파생상품 거래 이익,0,0,외국손보사,B,SI023,부문별 손익(파생상품)
6030,202212,0010649,제너럴재보험주식회사 서울지점,A12,파생상품 관련 이익_파생상품 평가 이익,0,0,외국손보사,B,SI023,부문별 손익(파생상품)
6031,202212,0010649,제너럴재보험주식회사 서울지점,A2,파생상품 관련 손실,0,0,외국손보사,B,SI023,부문별 손익(파생상품)
6032,202212,0010649,제너럴재보험주식회사 서울지점,A21,파생상품 관련 손실_파생상품 거래 손실,0,0,외국손보사,B,SI023,부문별 손익(파생상품)
6033,202212,0010649,제너럴재보험주식회사 서울지점,A22,파생상품 평가 손실,0,0,외국손보사,B,SI023,부문별 손익(파생상품)
6034,202303,0010649,제너럴재보험주식회사 서울지점,A,파생상품 관련 손익,0,0,외국손보사,B,SI023,부문별 손익(파생상품)
6035,202303,0010649,제너럴재보험주식회사 서울지점,A1,파생상품 관련 손익_파생상품 관련 이익,0,0,외국손보사,B,SI023,부문별 손익(파생상품)
6036,202303,0010649,제너럴재보험주식회사 서울지점,A11,파생상품 거래 이익,0,0,외국손보사,B,SI023,부문별 손익(파생상품)
6037,202303,0010649,제너럴재보험주식회사 서울지점,A12,파생상품 평가 이익,0,0,외국손보사,B,SI023,부문별 손익(파생상품)
6038,202303,0010649,제너럴재보험주식회사 서울지점,A2,파생상품 관련 손실,0,0,외국손보사,B,SI023,부문별 손익(파생상품)
6039,202303,0010649,제너럴재보험주식회사 서울지점,A21,파생상품 거래 손실,0,0,외국손보사,B,SI023,부문별 손익(파생상품)
6040,202303,0010649,제너럴재보험주식회사 서울지점,A22,파생상품 평가 손실,0,0,외국손보사,B,SI023,부문별 손익(파생상품)
6041,202306,0010649,제너럴재보험주식회사 서울지점,A,파생상품 관련 손익,0,0,외국손보사,B,SI023,부문별 손익(파생상품)
6042,202306,0010649,제너럴재보험주식회사 서울지점,A1,파생상품 관련 손익_파생상품 관련 이익,0,0,외국손보사,B,SI023,부문별 손익(파생상품)
6043,202306,0010649,제너럴재보험주식회사 서울지점,A11,파생상품 거래 이익,0,0,외국손보사,B,SI023,부문별 손익(파생상품)
6044,202306,0010649,제너럴재보험주식회사 서울지점,A12,파생상품 평가 이익,0,0,외국손보사,B,SI023,부문별 손익(파생상품)
6045,202306,0010649,제너럴재보험주식회사 서울지점,A2,파생상품 관련 손실,0,0,외국손보사,B,SI023,부문별 손익(파생상품)
6046,202306,0010649,제너럴재보험주식회사 서울지점,A21,파생상품 거래 손실,0,0,외국손보사,B,SI023,부문별 손익(파생상품)
6047,202306,0010649,제너럴재보험주식회사 서울지점,A22,파생상품 평가 손실,0,0,외국손보사,B,SI023,부문별 손익(파생상품)
6048,202309,0010649,제너럴재보험주식회사 서울지점,A,파생상품 관련 손익,0,0,외국손보사,B,SI023,부문별 손익(파생상품)
6049,202309,0010649,제너럴재보험주식회사 서울지점,A1,파생상품 관련 손익_파생상품 관련 이익,0,0,외국손보사,B,SI023,부문별 손익(파생상품)
6050,202309,0010649,제너럴재보험주식회사 서울지점,A11,파생상품 거래 이익,0,0,외국손보사,B,SI023,부문별 손익(파생상품)
6051,202309,0010649,제너럴재보험주식회사 서울지점,A12,파생상품 평가 이익,0,0,외국손보사,B,SI023,부문별 손익(파생상품)
6052,202309,0010649,제너럴재보험주식회사 서울지점,A2,파생상품 관련 손실,0,0,외국손보사,B,SI023,부문별 손익(파생상품)
6053,202309,0010649,제너럴재보험주식회사 서울지점,A21,파생상품 거래 손실,0,0,외국손보사,B,SI023,부문별 손익(파생상품)
6054,202309,0010649,제너럴재보험주식회사 서울지점,A22,파생상품 평가 손실,0,0,외국손보사,B,SI023,부문별 손익(파생상품)
6055,202312,0010649,제너럴재보험주식회사 서울지점,A,파생상품 관련 손익,0,0,외국손보사,B,SI023,부문별 손익(파생상품)
6056,202312,0010649,제너럴재보험주식회사 서울지점,A1,파생상품 관련 손익_파생상품 관련 이익,0,0,외국손보사,B,SI023,부문별 손익(파생상품)
6057,202312,0010649,제너럴재보험주식회사 서울지점,A11,파생상품 거래 이익,0,0,외국손보사,B,SI023,부문별 손익(파생상품)
6058,202312,0010649,제너럴재보험주식회사 서울지점,A12,파생상품 평가 이익,0,0,외국손보사,B,SI023,부문별 손익(파생상품)
6059,202312,0010649,제너럴재보험주식회사 서울지점,A2,파생상품 관련 손실,0,0,외국손보사,B,SI023,부문별 손익(파생상품)
6060,202312,0010649,제너럴재보험주식회사 서울지점,A21,파생상품 거래 손실,0,0,외국손보사,B,SI023,부문별 손익(파생상품)
6061,202312,0010649,제너럴재보험주식회사 서울지점,A22,파생상품 평가 손실,0,0,외국손보사,B,SI023,부문별 손익(파생상품)
6062,202403,0010649,제너럴재보험주식회사 서울지점,A,파생상품 관련 손익,0,0,외국손보사,B,SI023,부문별 손익(파생상품)
6063,202403,0010649,제너럴재보험주식회사 서울지점,A1,파생상품 관련 손익_파생상품 관련 이익,0,0,외국손보사,B,SI023,부문별 손익(파생상품)
6064,202403,0010649,제너럴재보험주식회사 서울지점,A11,파생상품 거래 이익,0,0,외국손보사,B,SI023,부문별 손익(파생상품)
6065,202403,0010649,제너럴재보험주식회사 서울지점,A12,파생상품 평가 이익,0,0,외국손보사,B,SI023,부문별 손익(파생상품)
6066,202403,0010649,제너럴재보험주식회사 서울지점,A2,파생상품 관련 손실,0,0,외국손보사,B,SI023,부문별 손익(파생상품)
6067,202403,0010649,제너럴재보험주식회사 서울지점,A21,파생상품 거래 손실,0,0,외국손보사,B,SI023,부문별 손익(파생상품)
6068,202403,0010649,제너럴재보험주식회사 서울지점,A22,파생상품 평가 손실,0,0,외국손보사,B,SI023,부문별 손익(파생상품)
6069,202406,0010649,제너럴재보험주식회사 서울지점,A,파생상품 관련 손익,0,0,외국손보사,B,SI023,부문별 손익(파생상품)
6070,202406,0010649,제너럴재보험주식회사 서울지점,A1,파생상품 관련 손익_파생상품 관련 이익,0,0,외국손보사,B,SI023,부문별 손익(파생상품)
6071,202406,0010649,제너럴재보험주식회사 서울지점,A11,파생상품 거래 이익,0,0,외국손보사,B,SI023,부문별 손익(파생상품)
6072,202406,0010649,제너럴재보험주식회사 서울지점,A12,파생상품 평가 이익,0,0,외국손보사,B,SI023,부문별 손익(파생상품)
6073,202406,0010649,제너럴재보험주식회사 서울지점,A2,파생상품 관련 손실,0,0,외국손보사,B,SI023,부문별 손익(파생상품)
6074,202406,0010649,제너럴재보험주식회사 서울지점,A21,파생상품 거래 손실,0,0,외국손보사,B,SI023,부문별 손익(파생상품)
6075,202406,0010649,제너럴재보험주식회사 서울지점,A22,파생상품 평가 손실,0,0,외국손보사,B,SI023,부문별 손익(파생상품)
6076,202409,0010649,제너럴재보험주식회사 서울지점,A,파생상품 관련 손익,0,0,외국손보사,B,SI023,부문별 손익(파생상품)
6077,202409,0010649,제너럴재보험주식회사 서울지점,A1,파생상품 관련 손익_파생상품 관련 이익,0,0,외국손보사,B,SI023,부문별 손익(파생상품)
6078,202409,0010649,제너럴재보험주식회사 서울지점,A11,파생상품 거래 이익,0,0,외국손보사,B,SI023,부문별 손익(파생상품)
6079,202409,0010649,제너럴재보험주식회사 서울지점,A12,파생상품 평가 이익,0,0,외국손보사,B,SI023,부문별 손익(파생상품)
6080,202409,0010649,제너럴재보험주식회사 서울지점,A2,파생상품 관련 손실,0,0,외국손보사,B,SI023,부문별 손익(파생상품)
6081,202409,0010649,제너럴재보험주식회사 서울지점,A21,파생상품 거래 손실,0,0,외국손보사,B,SI023,부문별 손익(파생상품)
6082,202409,0010649,제너럴재보험주식회사 서울지점,A22,파생상품 평가 손실,0,0,외국손보사,B,SI023,부문별 손익(파생상품)
6083,202412,0010649,제너럴재보험주식회사 서울지점,A,파생상품 관련 손익,0,0,외국손보사,B,SI023,부문별 손익(파생상품)
6084,202412,0010649,제너럴재보험주식회사 서울지점,A1,파생상품 관련 손익_파생상품 관련 이익,0,0,외국손보사,B,SI023,부문별 손익(파생상품)
6085,202412,0010649,제너럴재보험주식회사 서울지점,A11,파생상품 거래 이익,0,0,외국손보사,B,SI023,부문별 손익(파생상품)
6086,202412,0010649,제너럴재보험주식회사 서울지점,A12,파생상품 평가 이익,0,0,외국손보사,B,SI023,부문별 손익(파생상품)
6087,202412,0010649,제너럴재보험주식회사 서울지점,A2,파생상품 관련 손실,0,0,외국손보사,B,SI023,부문별 손익(파생상품)
6088,202412,0010649,제너럴재보험주식회사 서울지점,A21,파생상품 거래 손실,0,0,외국손보사,B,SI023,부문별 손익(파생상품)
6089,202412,0010649,제너럴재보험주식회사 서울지점,A22,파생상품 평가 손실,0,0,외국손보사,B,SI023,부문별 손익(파생상품)
6090,202503,0010649,제너럴재보험주식회사 서울지점,A,파생상품 관련 손익,0,0,외국손보사,B,SI023,부문별 손익(파생상품)
6091,202503,0010649,제너럴재보험주식회사 서울지점,A1,파생상품 관련 손익_파생상품 관련 이익,0,0,외국손보사,B,SI023,부문별 손익(파생상품)
6092,202503,0010649,제너럴재보험주식회사 서울지점,A11,파생상품 거래 이익,0,0,외국손보사,B,SI023,부문별 손익(파생상품)
6093,202503,0010649,제너럴재보험주식회사 서울지점,A12,파생상품 평가 이익,0,0,외국손보사,B,SI023,부문별 손익(파생상품)
6094,202503,0010649,제너럴재보험주식회사 서울지점,A2,파생상품 관련 손실,0,0,외국손보사,B,SI023,부문별 손익(파생상품)
6095,202503,0010649,제너럴재보험주식회사 서울지점,A21,파생상품 거래 손실,0,0,외국손보사,B,SI023,부문별 손익(파생상품)
6096,202503,0010649,제너럴재보험주식회사 서울지점,A22,파생상품 평가 손실,0,0,외국손보사,B,SI023,부문별 손익(파생상품)
6097,202506,0010649,제너럴재보험주식회사 서울지점,A,파생상품 관련 손익,0,0,외국손보사,B,SI023,부문별 손익(파생상품)
6098,202506,0010649,제너럴재보험주식회사 서울지점,A1,파생상품 관련 손익_파생상품 관련 이익,0,0,외국손보사,B,SI023,부문별 손익(파생상품)
6099,202506,0010649,제너럴재보험주식회사 서울지점,A11,파생상품 거래 이익,0,0,외국손보사,B,SI023,부문별 손익(파생상품)
6100,202506,0010649,제너럴재보험주식회사 서울지점,A12,파생상품 평가 이익,0,0,외국손보사,B,SI023,부문별 손익(파생상품)
6101,202506,0010649,제너럴재보험주식회사 서울지점,A2,파생상품 관련 손실,0,0,외국손보사,B,SI023,부문별 손익(파생상품)
6102,202506,0010649,제너럴재보험주식회사 서울지점,A21,파생상품 거래 손실,0,0,외국손보사,B,SI023,부문별 손익(파생상품)
6103,202506,0010649,제너럴재보험주식회사 서울지점,A22,파생상품 평가 손실,0,0,외국손보사,B,SI023,부문별 손익(파생상품)
6104,202509,0010649,제너럴재보험주식회사 서울지점,A,파생상품 관련 손익,0,0,외국손보사,B,SI023,부문별 손익(파생상품)
6105,202509,0010649,제너럴재보험주식회사 서울지점,A1,파생상품 관련 손익_파생상품 관련 이익,0,0,외국손보사,B,SI023,부문별 손익(파생상품)
6106,202509,0010649,제너럴재보험주식회사 서울지점,A11,파생상품 거래 이익,0,0,외국손보사,B,SI023,부문별 손익(파생상품)
6107,202509,0010649,제너럴재보험주식회사 서울지점,A12,파생상품 평가 이익,0,0,외국손보사,B,SI023,부문별 손익(파생상품)
6108,202509,0010649,제너럴재보험주식회사 서울지점,A2,파생상품 관련 손실,0,0,외국손보사,B,SI023,부문별 손익(파생상품)
6109,202509,0010649,제너럴재보험주식회사 서울지점,A21,파생상품 거래 손실,0,0,외국손보사,B,SI023,부문별 손익(파생상품)
6110,202509,0010649,제너럴재보험주식회사 서울지점,A22,파생상품 평가 손실,0,0,외국손보사,B,SI023,부문별 손익(파생상품)
6111,202209,0019534,팩토리뮤추얼인슈런스컴퍼니 한국지점,A,파생상품 관련 손익,0,0,외국손보사,B,SI023,부문별 손익(파생상품)
6112,202209,0019534,팩토리뮤추얼인슈런스컴퍼니 한국지점,A1,파생상품 관련 이익,0,0,외국손보사,B,SI023,부문별 손익(파생상품)
6113,202209,0019534,팩토리뮤추얼인슈런스컴퍼니 한국지점,A11,파생상품 관련 이익_파생상품 거래 이익,0,0,외국손보사,B,SI023,부문별 손익(파생상품)
6114,202209,0019534,팩토리뮤추얼인슈런스컴퍼니 한국지점,A12,파생상품 관련 이익_파생상품 평가 이익,0,0,외국손보사,B,SI023,부문별 손익(파생상품)
6115,202209,0019534,팩토리뮤추얼인슈런스컴퍼니 한국지점,A2,파생상품 관련 손실,0,0,외국손보사,B,SI023,부문별 손익(파생상품)
6116,202209,0019534,팩토리뮤추얼인슈런스컴퍼니 한국지점,A21,파생상품 관련 손실_파생상품 거래 손실,0,0,외국손보사,B,SI023,부문별 손익(파생상품)
6117,202209,0019534,팩토리뮤추얼인슈런스컴퍼니 한국지점,A22,파생상품 평가 손실,0,0,외국손보사,B,SI023,부문별 손익(파생상품)
6118,202212,0019534,팩토리뮤추얼인슈런스컴퍼니 한국지점,A,파생상품 관련 손익,0,0,외국손보사,B,SI023,부문별 손익(파생상품)
6119,202212,0019534,팩토리뮤추얼인슈런스컴퍼니 한국지점,A1,파생상품 관련 이익,0,0,외국손보사,B,SI023,부문별 손익(파생상품)
6120,202212,0019534,팩토리뮤추얼인슈런스컴퍼니 한국지점,A11,파생상품 관련 이익_파생상품 거래 이익,0,0,외국손보사,B,SI023,부문별 손익(파생상품)
6121,202212,0019534,팩토리뮤추얼인슈런스컴퍼니 한국지점,A12,파생상품 관련 이익_파생상품 평가 이익,0,0,외국손보사,B,SI023,부문별 손익(파생상품)
6122,202212,0019534,팩토리뮤추얼인슈런스컴퍼니 한국지점,A2,파생상품 관련 손실,0,0,외국손보사,B,SI023,부문별 손익(파생상품)
6123,202212,0019534,팩토리뮤추얼인슈런스컴퍼니 한국지점,A21,파생상품 관련 손실_파생상품 거래 손실,0,0,외국손보사,B,SI023,부문별 손익(파생상품)
6124,202212,0019534,팩토리뮤추얼인슈런스컴퍼니 한국지점,A22,파생상품 평가 손실,0,0,외국손보사,B,SI023,부문별 손익(파생상품)
6125,202303,0019534,팩토리뮤추얼인슈런스컴퍼니 한국지점,A,파생상품 관련 손익,0,0,외국손보사,B,SI023,부문별 손익(파생상품)
6126,202303,0019534,팩토리뮤추얼인슈런스컴퍼니 한국지점,A1,파생상품 관련 손익_파생상품 관련 이익,0,0,외국손보사,B,SI023,부문별 손익(파생상품)
6127,202303,0019534,팩토리뮤추얼인슈런스컴퍼니 한국지점,A11,파생상품 거래 이익,0,0,외국손보사,B,SI023,부문별 손익(파생상품)
6128,202303,0019534,팩토리뮤추얼인슈런스컴퍼니 한국지점,A12,파생상품 평가 이익,0,0,외국손보사,B,SI023,부문별 손익(파생상품)
6129,202303,0019534,팩토리뮤추얼인슈런스컴퍼니 한국지점,A2,파생상품 관련 손실,0,0,외국손보사,B,SI023,부문별 손익(파생상품)
6130,202303,0019534,팩토리뮤추얼인슈런스컴퍼니 한국지점,A21,파생상품 거래 손실,0,0,외국손보사,B,SI023,부문별 손익(파생상품)
6131,202303,0019534,팩토리뮤추얼인슈런스컴퍼니 한국지점,A22,파생상품 평가 손실,0,0,외국손보사,B,SI023,부문별 손익(파생상품)
6132,202306,0019534,팩토리뮤추얼인슈런스컴퍼니 한국지점,A,파생상품 관련 손익,0,0,외국손보사,B,SI023,부문별 손익(파생상품)
6133,202306,0019534,팩토리뮤추얼인슈런스컴퍼니 한국지점,A1,파생상품 관련 손익_파생상품 관련 이익,0,0,외국손보사,B,SI023,부문별 손익(파생상품)
6134,202306,0019534,팩토리뮤추얼인슈런스컴퍼니 한국지점,A11,파생상품 거래 이익,0,0,외국손보사,B,SI023,부문별 손익(파생상품)
6135,202306,0019534,팩토리뮤추얼인슈런스컴퍼니 한국지점,A12,파생상품 평가 이익,0,0,외국손보사,B,SI023,부문별 손익(파생상품)
6136,202306,0019534,팩토리뮤추얼인슈런스컴퍼니 한국지점,A2,파생상품 관련 손실,0,0,외국손보사,B,SI023,부문별 손익(파생상품)
6137,202306,0019534,팩토리뮤추얼인슈런스컴퍼니 한국지점,A21,파생상품 거래 손실,0,0,외국손보사,B,SI023,부문별 손익(파생상품)
6138,202306,0019534,팩토리뮤추얼인슈런스컴퍼니 한국지점,A22,파생상품 평가 손실,0,0,외국손보사,B,SI023,부문별 손익(파생상품)
6139,202309,0019534,팩토리뮤추얼인슈런스컴퍼니 한국지점,A,파생상품 관련 손익,0,0,외국손보사,B,SI023,부문별 손익(파생상품)
6140,202309,0019534,팩토리뮤추얼인슈런스컴퍼니 한국지점,A1,파생상품 관련 손익_파생상품 관련 이익,0,0,외국손보사,B,SI023,부문별 손익(파생상품)
6141,202309,0019534,팩토리뮤추얼인슈런스컴퍼니 한국지점,A11,파생상품 거래 이익,0,0,외국손보사,B,SI023,부문별 손익(파생상품)
6142,202309,0019534,팩토리뮤추얼인슈런스컴퍼니 한국지점,A12,파생상품 평가 이익,0,0,외국손보사,B,SI023,부문별 손익(파생상품)
6143,202309,0019534,팩토리뮤추얼인슈런스컴퍼니 한국지점,A2,파생상품 관련 손실,0,0,외국손보사,B,SI023,부문별 손익(파생상품)
6144,202309,0019534,팩토리뮤추얼인슈런스컴퍼니 한국지점,A21,파생상품 거래 손실,0,0,외국손보사,B,SI023,부문별 손익(파생상품)
6145,202309,0019534,팩토리뮤추얼인슈런스컴퍼니 한국지점,A22,파생상품 평가 손실,0,0,외국손보사,B,SI023,부문별 손익(파생상품)
6146,202312,0019534,팩토리뮤추얼인슈런스컴퍼니 한국지점,A,파생상품 관련 손익,0,0,외국손보사,B,SI023,부문별 손익(파생상품)
6147,202312,0019534,팩토리뮤추얼인슈런스컴퍼니 한국지점,A1,파생상품 관련 손익_파생상품 관련 이익,0,0,외국손보사,B,SI023,부문별 손익(파생상품)
6148,202312,0019534,팩토리뮤추얼인슈런스컴퍼니 한국지점,A11,파생상품 거래 이익,0,0,외국손보사,B,SI023,부문별 손익(파생상품)
6149,202312,0019534,팩토리뮤추얼인슈런스컴퍼니 한국지점,A12,파생상품 평가 이익,0,0,외국손보사,B,SI023,부문별 손익(파생상품)
6150,202312,0019534,팩토리뮤추얼인슈런스컴퍼니 한국지점,A2,파생상품 관련 손실,0,0,외국손보사,B,SI023,부문별 손익(파생상품)
6151,202312,0019534,팩토리뮤추얼인슈런스컴퍼니 한국지점,A21,파생상품 거래 손실,0,0,외국손보사,B,SI023,부문별 손익(파생상품)
6152,202312,0019534,팩토리뮤추얼인슈런스컴퍼니 한국지점,A22,파생상품 평가 손실,0,0,외국손보사,B,SI023,부문별 손익(파생상품)
6153,202403,0019534,팩토리뮤추얼인슈런스컴퍼니 한국지점,A,파생상품 관련 손익,0,0,외국손보사,B,SI023,부문별 손익(파생상품)
6154,202403,0019534,팩토리뮤추얼인슈런스컴퍼니 한국지점,A1,파생상품 관련 손익_파생상품 관련 이익,0,0,외국손보사,B,SI023,부문별 손익(파생상품)
6155,202403,0019534,팩토리뮤추얼인슈런스컴퍼니 한국지점,A11,파생상품 거래 이익,0,0,외국손보사,B,SI023,부문별 손익(파생상품)
6156,202403,0019534,팩토리뮤추얼인슈런스컴퍼니 한국지점,A12,파생상품 평가 이익,0,0,외국손보사,B,SI023,부문별 손익(파생상품)
6157,202403,0019534,팩토리뮤추얼인슈런스컴퍼니 한국지점,A2,파생상품 관련 손실,0,0,외국손보사,B,SI023,부문별 손익(파생상품)
6158,202403,0019534,팩토리뮤추얼인슈런스컴퍼니 한국지점,A21,파생상품 거래 손실,0,0,외국손보사,B,SI023,부문별 손익(파생상품)
6159,202403,0019534,팩토리뮤추얼인슈런스컴퍼니 한국지점,A22,파생상품 평가 손실,0,0,외국손보사,B,SI023,부문별 손익(파생상품)
6160,202406,0019534,팩토리뮤추얼인슈런스컴퍼니 한국지점,A,파생상품 관련 손익,0,0,외국손보사,B,SI023,부문별 손익(파생상품)
6161,202406,0019534,팩토리뮤추얼인슈런스컴퍼니 한국지점,A1,파생상품 관련 손익_파생상품 관련 이익,0,0,외국손보사,B,SI023,부문별 손익(파생상품)
6162,202406,0019534,팩토리뮤추얼인슈런스컴퍼니 한국지점,A11,파생상품 거래 이익,0,0,외국손보사,B,SI023,부문별 손익(파생상품)
6163,202406,0019534,팩토리뮤추얼인슈런스컴퍼니 한국지점,A12,파생상품 평가 이익,0,0,외국손보사,B,SI023,부문별 손익(파생상품)
6164,202406,0019534,팩토리뮤추얼인슈런스컴퍼니 한국지점,A2,파생상품 관련 손실,0,0,외국손보사,B,SI023,부문별 손익(파생상품)
6165,202406,0019534,팩토리뮤추얼인슈런스컴퍼니 한국지점,A21,파생상품 거래 손실,0,0,외국손보사,B,SI023,부문별 손익(파생상품)
6166,202406,0019534,팩토리뮤추얼인슈런스컴퍼니 한국지점,A22,파생상품 평가 손실,0,0,외국손보사,B,SI023,부문별 손익(파생상품)
6167,202409,0019534,팩토리뮤추얼인슈런스컴퍼니 한국지점,A,파생상품 관련 손익,0,0,외국손보사,B,SI023,부문별 손익(파생상품)
6168,202409,0019534,팩토리뮤추얼인슈런스컴퍼니 한국지점,A1,파생상품 관련 손익_파생상품 관련 이익,0,0,외국손보사,B,SI023,부문별 손익(파생상품)
6169,202409,0019534,팩토리뮤추얼인슈런스컴퍼니 한국지점,A11,파생상품 거래 이익,0,0,외국손보사,B,SI023,부문별 손익(파생상품)
6170,202409,0019534,팩토리뮤추얼인슈런스컴퍼니 한국지점,A12,파생상품 평가 이익,0,0,외국손보사,B,SI023,부문별 손익(파생상품)
6171,202409,0019534,팩토리뮤추얼인슈런스컴퍼니 한국지점,A2,파생상품 관련 손실,0,0,외국손보사,B,SI023,부문별 손익(파생상품)
6172,202409,0019534,팩토리뮤추얼인슈런스컴퍼니 한국지점,A21,파생상품 거래 손실,0,0,외국손보사,B,SI023,부문별 손익(파생상품)
6173,202409,0019534,팩토리뮤추얼인슈런스컴퍼니 한국지점,A22,파생상품 평가 손실,0,0,외국손보사,B,SI023,부문별 손익(파생상품)
6174,202412,0019534,팩토리뮤추얼인슈런스컴퍼니 한국지점,A,파생상품 관련 손익,0,0,외국손보사,B,SI023,부문별 손익(파생상품)
6175,202412,0019534,팩토리뮤추얼인슈런스컴퍼니 한국지점,A1,파생상품 관련 손익_파생상품 관련 이익,0,0,외국손보사,B,SI023,부문별 손익(파생상품)
6176,202412,0019534,팩토리뮤추얼인슈런스컴퍼니 한국지점,A11,파생상품 거래 이익,0,0,외국손보사,B,SI023,부문별 손익(파생상품)
6177,202412,0019534,팩토리뮤추얼인슈런스컴퍼니 한국지점,A12,파생상품 평가 이익,0,0,외국손보사,B,SI023,부문별 손익(파생상품)
6178,202412,0019534,팩토리뮤추얼인슈런스컴퍼니 한국지점,A2,파생상품 관련 손실,0,0,외국손보사,B,SI023,부문별 손익(파생상품)
6179,202412,0019534,팩토리뮤추얼인슈런스컴퍼니 한국지점,A21,파생상품 거래 손실,0,0,외국손보사,B,SI023,부문별 손익(파생상품)
6180,202412,0019534,팩토리뮤추얼인슈런스컴퍼니 한국지점,A22,파생상품 평가 손실,0,0,외국손보사,B,SI023,부문별 손익(파생상품)
6181,202503,0019534,팩토리뮤추얼인슈런스컴퍼니 한국지점,A,파생상품 관련 손익,0,0,외국손보사,B,SI023,부문별 손익(파생상품)
6182,202503,0019534,팩토리뮤추얼인슈런스컴퍼니 한국지점,A1,파생상품 관련 손익_파생상품 관련 이익,0,0,외국손보사,B,SI023,부문별 손익(파생상품)
6183,202503,0019534,팩토리뮤추얼인슈런스컴퍼니 한국지점,A11,파생상품 거래 이익,0,0,외국손보사,B,SI023,부문별 손익(파생상품)
6184,202503,0019534,팩토리뮤추얼인슈런스컴퍼니 한국지점,A12,파생상품 평가 이익,0,0,외국손보사,B,SI023,부문별 손익(파생상품)
6185,202503,0019534,팩토리뮤추얼인슈런스컴퍼니 한국지점,A2,파생상품 관련 손실,0,0,외국손보사,B,SI023,부문별 손익(파생상품)
6186,202503,0019534,팩토리뮤추얼인슈런스컴퍼니 한국지점,A21,파생상품 거래 손실,0,0,외국손보사,B,SI023,부문별 손익(파생상품)
6187,202503,0019534,팩토리뮤추얼인슈런스컴퍼니 한국지점,A22,파생상품 평가 손실,0,0,외국손보사,B,SI023,부문별 손익(파생상품)
6188,202506,0019534,팩토리뮤추얼인슈런스컴퍼니 한국지점,A,파생상품 관련 손익,0,0,외국손보사,B,SI023,부문별 손익(파생상품)
6189,202506,0019534,팩토리뮤추얼인슈런스컴퍼니 한국지점,A1,파생상품 관련 손익_파생상품 관련 이익,0,0,외국손보사,B,SI023,부문별 손익(파생상품)
6190,202506,0019534,팩토리뮤추얼인슈런스컴퍼니 한국지점,A11,파생상품 거래 이익,0,0,외국손보사,B,SI023,부문별 손익(파생상품)
6191,202506,0019534,팩토리뮤추얼인슈런스컴퍼니 한국지점,A12,파생상품 평가 이익,0,0,외국손보사,B,SI023,부문별 손익(파생상품)
6192,202506,0019534,팩토리뮤추얼인슈런스컴퍼니 한국지점,A2,파생상품 관련 손실,0,0,외국손보사,B,SI023,부문별 손익(파생상품)
6193,202506,0019534,팩토리뮤추얼인슈런스컴퍼니 한국지점,A21,파생상품 거래 손실,0,0,외국손보사,B,SI023,부문별 손익(파생상품)
6194,202506,0019534,팩토리뮤추얼인슈런스컴퍼니 한국지점,A22,파생상품 평가 손실,0,0,외국손보사,B,SI023,부문별 손익(파생상품)
6195,202509,0019534,팩토리뮤추얼인슈런스컴퍼니 한국지점,A,파생상품 관련 손익,0,0,외국손보사,B,SI023,부문별 손익(파생상품)
6196,202509,0019534,팩토리뮤추얼인슈런스컴퍼니 한국지점,A1,파생상품 관련 손익_파생상품 관련 이익,0,0,외국손보사,B,SI023,부문별 손익(파생상품)
6197,202509,0019534,팩토리뮤추얼인슈런스컴퍼니 한국지점,A11,파생상품 거래 이익,0,0,외국손보사,B,SI023,부문별 손익(파생상품)
6198,202509,0019534,팩토리뮤추얼인슈런스컴퍼니 한국지점,A12,파생상품 평가 이익,0,0,외국손보사,B,SI023,부문별 손익(파생상품)
6199,202509,0019534,팩토리뮤추얼인슈런스컴퍼니 한국지점,A2,파생상품 관련 손실,0,0,외국손보사,B,SI023,부문별 손익(파생상품)
6200,202509,0019534,팩토리뮤추얼인슈런스컴퍼니 한국지점,A21,파생상품 거래 손실,0,0,외국손보사,B,SI023,부문별 손익(파생상품)
6201,202509,0019534,팩토리뮤추얼인슈런스컴퍼니 한국지점,A22,파생상품 평가 손실,0,0,외국손보사,B,SI023,부문별 손익(파생상품)
6202,201703,0010650,퍼스트어메리칸권원보험(주)한국지점,A,파생상품 관련 손익,0,0,외국손보사,B,SI023,부문별 손익(파생상품)
6203,201703,0010650,퍼스트어메리칸권원보험(주)한국지점,A1,파생상품 관련 이익,0,0,외국손보사,B,SI023,부문별 손익(파생상품)
6204,201703,0010650,퍼스트어메리칸권원보험(주)한국지점,A11,파생상품 관련 이익_파생상품 거래 이익,0,0,외국손보사,B,SI023,부문별 손익(파생상품)
6205,201703,0010650,퍼스트어메리칸권원보험(주)한국지점,A12,파생상품 관련 이익_파생상품 평가 이익,0,0,외국손보사,B,SI023,부문별 손익(파생상품)
6206,201703,0010650,퍼스트어메리칸권원보험(주)한국지점,A2,파생상품 관련 손실,0,0,외국손보사,B,SI023,부문별 손익(파생상품)
6207,201703,0010650,퍼스트어메리칸권원보험(주)한국지점,A21,파생상품 관련 손실_파생상품 거래 손실,0,0,외국손보사,B,SI023,부문별 손익(파생상품)
6208,201703,0010650,퍼스트어메리칸권원보험(주)한국지점,A22,파생상품 평가 손실,0,0,외국손보사,B,SI023,부문별 손익(파생상품)
6209,201706,0010650,퍼스트어메리칸권원보험(주)한국지점,A,파생상품 관련 손익,0,0,외국손보사,B,SI023,부문별 손익(파생상품)
6210,201706,0010650,퍼스트어메리칸권원보험(주)한국지점,A1,파생상품 관련 이익,0,0,외국손보사,B,SI023,부문별 손익(파생상품)
6211,201706,0010650,퍼스트어메리칸권원보험(주)한국지점,A11,파생상품 관련 이익_파생상품 거래 이익,0,0,외국손보사,B,SI023,부문별 손익(파생상품)
6212,201706,0010650,퍼스트어메리칸권원보험(주)한국지점,A12,파생상품 관련 이익_파생상품 평가 이익,0,0,외국손보사,B,SI023,부문별 손익(파생상품)
6213,201706,0010650,퍼스트어메리칸권원보험(주)한국지점,A2,파생상품 관련 손실,0,0,외국손보사,B,SI023,부문별 손익(파생상품)
6214,201706,0010650,퍼스트어메리칸권원보험(주)한국지점,A21,파생상품 관련 손실_파생상품 거래 손실,0,0,외국손보사,B,SI023,부문별 손익(파생상품)
6215,201706,0010650,퍼스트어메리칸권원보험(주)한국지점,A22,파생상품 평가 손실,0,0,외국손보사,B,SI023,부문별 손익(파생상품)
6216,201709,0010650,퍼스트어메리칸권원보험(주)한국지점,A,파생상품 관련 손익,0,0,외국손보사,B,SI023,부문별 손익(파생상품)
6217,201709,0010650,퍼스트어메리칸권원보험(주)한국지점,A1,파생상품 관련 이익,0,0,외국손보사,B,SI023,부문별 손익(파생상품)
6218,201709,0010650,퍼스트어메리칸권원보험(주)한국지점,A11,파생상품 관련 이익_파생상품 거래 이익,0,0,외국손보사,B,SI023,부문별 손익(파생상품)
6219,201709,0010650,퍼스트어메리칸권원보험(주)한국지점,A12,파생상품 관련 이익_파생상품 평가 이익,0,0,외국손보사,B,SI023,부문별 손익(파생상품)
6220,201709,0010650,퍼스트어메리칸권원보험(주)한국지점,A2,파생상품 관련 손실,0,0,외국손보사,B,SI023,부문별 손익(파생상품)
6221,201709,0010650,퍼스트어메리칸권원보험(주)한국지점,A21,파생상품 관련 손실_파생상품 거래 손실,0,0,외국손보사,B,SI023,부문별 손익(파생상품)
6222,201709,0010650,퍼스트어메리칸권원보험(주)한국지점,A22,파생상품 평가 손실,0,0,외국손보사,B,SI023,부문별 손익(파생상품)
6223,201712,0010650,퍼스트어메리칸권원보험(주)한국지점,A,파생상품 관련 손익,0,0,외국손보사,B,SI023,부문별 손익(파생상품)
6224,201712,0010650,퍼스트어메리칸권원보험(주)한국지점,A1,파생상품 관련 이익,0,0,외국손보사,B,SI023,부문별 손익(파생상품)
6225,201712,0010650,퍼스트어메리칸권원보험(주)한국지점,A11,파생상품 관련 이익_파생상품 거래 이익,0,0,외국손보사,B,SI023,부문별 손익(파생상품)
6226,201712,0010650,퍼스트어메리칸권원보험(주)한국지점,A12,파생상품 관련 이익_파생상품 평가 이익,0,0,외국손보사,B,SI023,부문별 손익(파생상품)
6227,201712,0010650,퍼스트어메리칸권원보험(주)한국지점,A2,파생상품 관련 손실,0,0,외국손보사,B,SI023,부문별 손익(파생상품)
6228,201712,0010650,퍼스트어메리칸권원보험(주)한국지점,A21,파생상품 관련 손실_파생상품 거래 손실,0,0,외국손보사,B,SI023,부문별 손익(파생상품)
6229,201712,0010650,퍼스트어메리칸권원보험(주)한국지점,A22,파생상품 평가 손실,0,0,외국손보사,B,SI023,부문별 손익(파생상품)
6230,201803,0010650,퍼스트어메리칸권원보험(주)한국지점,A,파생상품 관련 손익,0,0,외국손보사,B,SI023,부문별 손익(파생상품)
6231,201803,0010650,퍼스트어메리칸권원보험(주)한국지점,A1,파생상품 관련 이익,0,0,외국손보사,B,SI023,부문별 손익(파생상품)
6232,201803,0010650,퍼스트어메리칸권원보험(주)한국지점,A11,파생상품 관련 이익_파생상품 거래 이익,0,0,외국손보사,B,SI023,부문별 손익(파생상품)
6233,201803,0010650,퍼스트어메리칸권원보험(주)한국지점,A12,파생상품 관련 이익_파생상품 평가 이익,0,0,외국손보사,B,SI023,부문별 손익(파생상품)
6234,201803,0010650,퍼스트어메리칸권원보험(주)한국지점,A2,파생상품 관련 손실,0,0,외국손보사,B,SI023,부문별 손익(파생상품)
6235,201803,0010650,퍼스트어메리칸권원보험(주)한국지점,A21,파생상품 관련 손실_파생상품 거래 손실,0,0,외국손보사,B,SI023,부문별 손익(파생상품)
6236,201803,0010650,퍼스트어메리칸권원보험(주)한국지점,A22,파생상품 평가 손실,0,0,외국손보사,B,SI023,부문별 손익(파생상품)
6237,201806,0010650,퍼스트어메리칸권원보험(주)한국지점,A,파생상품 관련 손익,0,0,외국손보사,B,SI023,부문별 손익(파생상품)
6238,201806,0010650,퍼스트어메리칸권원보험(주)한국지점,A1,파생상품 관련 이익,0,0,외국손보사,B,SI023,부문별 손익(파생상품)
6239,201806,0010650,퍼스트어메리칸권원보험(주)한국지점,A11,파생상품 관련 이익_파생상품 거래 이익,0,0,외국손보사,B,SI023,부문별 손익(파생상품)
6240,201806,0010650,퍼스트어메리칸권원보험(주)한국지점,A12,파생상품 관련 이익_파생상품 평가 이익,0,0,외국손보사,B,SI023,부문별 손익(파생상품)
6241,201806,0010650,퍼스트어메리칸권원보험(주)한국지점,A2,파생상품 관련 손실,0,0,외국손보사,B,SI023,부문별 손익(파생상품)
6242,201806,0010650,퍼스트어메리칸권원보험(주)한국지점,A21,파생상품 관련 손실_파생상품 거래 손실,0,0,외국손보사,B,SI023,부문별 손익(파생상품)
6243,201806,0010650,퍼스트어메리칸권원보험(주)한국지점,A22,파생상품 평가 손실,0,0,외국손보사,B,SI023,부문별 손익(파생상품)
6244,201809,0010650,퍼스트어메리칸권원보험(주)한국지점,A,파생상품 관련 손익,0,0,외국손보사,B,SI023,부문별 손익(파생상품)
6245,201809,0010650,퍼스트어메리칸권원보험(주)한국지점,A1,파생상품 관련 이익,0,0,외국손보사,B,SI023,부문별 손익(파생상품)
6246,201809,0010650,퍼스트어메리칸권원보험(주)한국지점,A11,파생상품 관련 이익_파생상품 거래 이익,0,0,외국손보사,B,SI023,부문별 손익(파생상품)
6247,201809,0010650,퍼스트어메리칸권원보험(주)한국지점,A12,파생상품 관련 이익_파생상품 평가 이익,0,0,외국손보사,B,SI023,부문별 손익(파생상품)
6248,201809,0010650,퍼스트어메리칸권원보험(주)한국지점,A2,파생상품 관련 손실,0,0,외국손보사,B,SI023,부문별 손익(파생상품)
6249,201809,0010650,퍼스트어메리칸권원보험(주)한국지점,A21,파생상품 관련 손실_파생상품 거래 손실,0,0,외국손보사,B,SI023,부문별 손익(파생상품)
6250,201809,0010650,퍼스트어메리칸권원보험(주)한국지점,A22,파생상품 평가 손실,0,0,외국손보사,B,SI023,부문별 손익(파생상품)
6251,201812,0010650,퍼스트어메리칸권원보험(주)한국지점,A,파생상품 관련 손익,0,0,외국손보사,B,SI023,부문별 손익(파생상품)
6252,201812,0010650,퍼스트어메리칸권원보험(주)한국지점,A1,파생상품 관련 이익,0,0,외국손보사,B,SI023,부문별 손익(파생상품)
6253,201812,0010650,퍼스트어메리칸권원보험(주)한국지점,A11,파생상품 관련 이익_파생상품 거래 이익,0,0,외국손보사,B,SI023,부문별 손익(파생상품)
6254,201812,0010650,퍼스트어메리칸권원보험(주)한국지점,A12,파생상품 관련 이익_파생상품 평가 이익,0,0,외국손보사,B,SI023,부문별 손익(파생상품)
6255,201812,0010650,퍼스트어메리칸권원보험(주)한국지점,A2,파생상품 관련 손실,0,0,외국손보사,B,SI023,부문별 손익(파생상품)
6256,201812,0010650,퍼스트어메리칸권원보험(주)한국지점,A21,파생상품 관련 손실_파생상품 거래 손실,0,0,외국손보사,B,SI023,부문별 손익(파생상품)
6257,201812,0010650,퍼스트어메리칸권원보험(주)한국지점,A22,파생상품 평가 손실,0,0,외국손보사,B,SI023,부문별 손익(파생상품)
6258,201903,0010650,퍼스트어메리칸권원보험(주)한국지점,A,파생상품 관련 손익,0,0,외국손보사,B,SI023,부문별 손익(파생상품)
6259,201903,0010650,퍼스트어메리칸권원보험(주)한국지점,A1,파생상품 관련 이익,0,0,외국손보사,B,SI023,부문별 손익(파생상품)
6260,201903,0010650,퍼스트어메리칸권원보험(주)한국지점,A11,파생상품 관련 이익_파생상품 거래 이익,0,0,외국손보사,B,SI023,부문별 손익(파생상품)
6261,201903,0010650,퍼스트어메리칸권원보험(주)한국지점,A12,파생상품 관련 이익_파생상품 평가 이익,0,0,외국손보사,B,SI023,부문별 손익(파생상품)
6262,201903,0010650,퍼스트어메리칸권원보험(주)한국지점,A2,파생상품 관련 손실,0,0,외국손보사,B,SI023,부문별 손익(파생상품)
6263,201903,0010650,퍼스트어메리칸권원보험(주)한국지점,A21,파생상품 관련 손실_파생상품 거래 손실,0,0,외국손보사,B,SI023,부문별 손익(파생상품)
6264,201903,0010650,퍼스트어메리칸권원보험(주)한국지점,A22,파생상품 평가 손실,0,0,외국손보사,B,SI023,부문별 손익(파생상품)
6265,201906,0010650,퍼스트어메리칸권원보험(주)한국지점,A,파생상품 관련 손익,0,0,외국손보사,B,SI023,부문별 손익(파생상품)
6266,201906,0010650,퍼스트어메리칸권원보험(주)한국지점,A1,파생상품 관련 이익,0,0,외국손보사,B,SI023,부문별 손익(파생상품)
6267,201906,0010650,퍼스트어메리칸권원보험(주)한국지점,A11,파생상품 관련 이익_파생상품 거래 이익,0,0,외국손보사,B,SI023,부문별 손익(파생상품)
6268,201906,0010650,퍼스트어메리칸권원보험(주)한국지점,A12,파생상품 관련 이익_파생상품 평가 이익,0,0,외국손보사,B,SI023,부문별 손익(파생상품)
6269,201906,0010650,퍼스트어메리칸권원보험(주)한국지점,A2,파생상품 관련 손실,0,0,외국손보사,B,SI023,부문별 손익(파생상품)
6270,201906,0010650,퍼스트어메리칸권원보험(주)한국지점,A21,파생상품 관련 손실_파생상품 거래 손실,0,0,외국손보사,B,SI023,부문별 손익(파생상품)
6271,201906,0010650,퍼스트어메리칸권원보험(주)한국지점,A22,파생상품 평가 손실,0,0,외국손보사,B,SI023,부문별 손익(파생상품)
6272,201909,0010650,퍼스트어메리칸권원보험(주)한국지점,A,파생상품 관련 손익,0,0,외국손보사,B,SI023,부문별 손익(파생상품)
6273,201909,0010650,퍼스트어메리칸권원보험(주)한국지점,A1,파생상품 관련 이익,0,0,외국손보사,B,SI023,부문별 손익(파생상품)
6274,201909,0010650,퍼스트어메리칸권원보험(주)한국지점,A11,파생상품 관련 이익_파생상품 거래 이익,0,0,외국손보사,B,SI023,부문별 손익(파생상품)
6275,201909,0010650,퍼스트어메리칸권원보험(주)한국지점,A12,파생상품 관련 이익_파생상품 평가 이익,0,0,외국손보사,B,SI023,부문별 손익(파생상품)
6276,201909,0010650,퍼스트어메리칸권원보험(주)한국지점,A2,파생상품 관련 손실,0,0,외국손보사,B,SI023,부문별 손익(파생상품)
6277,201909,0010650,퍼스트어메리칸권원보험(주)한국지점,A21,파생상품 관련 손실_파생상품 거래 손실,0,0,외국손보사,B,SI023,부문별 손익(파생상품)
6278,201909,0010650,퍼스트어메리칸권원보험(주)한국지점,A22,파생상품 평가 손실,0,0,외국손보사,B,SI023,부문별 손익(파생상품)
6279,201912,0010650,퍼스트어메리칸권원보험(주)한국지점,A,파생상품 관련 손익,0,0,외국손보사,B,SI023,부문별 손익(파생상품)
6280,201912,0010650,퍼스트어메리칸권원보험(주)한국지점,A1,파생상품 관련 이익,0,0,외국손보사,B,SI023,부문별 손익(파생상품)
6281,201912,0010650,퍼스트어메리칸권원보험(주)한국지점,A11,파생상품 관련 이익_파생상품 거래 이익,0,0,외국손보사,B,SI023,부문별 손익(파생상품)
6282,201912,0010650,퍼스트어메리칸권원보험(주)한국지점,A12,파생상품 관련 이익_파생상품 평가 이익,0,0,외국손보사,B,SI023,부문별 손익(파생상품)
6283,201912,0010650,퍼스트어메리칸권원보험(주)한국지점,A2,파생상품 관련 손실,0,0,외국손보사,B,SI023,부문별 손익(파생상품)
6284,201912,0010650,퍼스트어메리칸권원보험(주)한국지점,A21,파생상품 관련 손실_파생상품 거래 손실,0,0,외국손보사,B,SI023,부문별 손익(파생상품)
6285,201912,0010650,퍼스트어메리칸권원보험(주)한국지점,A22,파생상품 평가 손실,0,0,외국손보사,B,SI023,부문별 손익(파생상품)
6286,202003,0010650,퍼스트어메리칸권원보험(주)한국지점,A,파생상품 관련 손익,0,0,외국손보사,B,SI023,부문별 손익(파생상품)
6287,202003,0010650,퍼스트어메리칸권원보험(주)한국지점,A1,파생상품 관련 이익,0,0,외국손보사,B,SI023,부문별 손익(파생상품)
6288,202003,0010650,퍼스트어메리칸권원보험(주)한국지점,A11,파생상품 관련 이익_파생상품 거래 이익,0,0,외국손보사,B,SI023,부문별 손익(파생상품)
6289,202003,0010650,퍼스트어메리칸권원보험(주)한국지점,A12,파생상품 관련 이익_파생상품 평가 이익,0,0,외국손보사,B,SI023,부문별 손익(파생상품)
6290,202003,0010650,퍼스트어메리칸권원보험(주)한국지점,A2,파생상품 관련 손실,0,0,외국손보사,B,SI023,부문별 손익(파생상품)
6291,202003,0010650,퍼스트어메리칸권원보험(주)한국지점,A21,파생상품 관련 손실_파생상품 거래 손실,0,0,외국손보사,B,SI023,부문별 손익(파생상품)
6292,202003,0010650,퍼스트어메리칸권원보험(주)한국지점,A22,파생상품 평가 손실,0,0,외국손보사,B,SI023,부문별 손익(파생상품)
6293,202006,0010650,퍼스트어메리칸권원보험(주)한국지점,A,파생상품 관련 손익,0,0,외국손보사,B,SI023,부문별 손익(파생상품)
6294,202006,0010650,퍼스트어메리칸권원보험(주)한국지점,A1,파생상품 관련 이익,0,0,외국손보사,B,SI023,부문별 손익(파생상품)
6295,202006,0010650,퍼스트어메리칸권원보험(주)한국지점,A11,파생상품 관련 이익_파생상품 거래 이익,0,0,외국손보사,B,SI023,부문별 손익(파생상품)
6296,202006,0010650,퍼스트어메리칸권원보험(주)한국지점,A12,파생상품 관련 이익_파생상품 평가 이익,0,0,외국손보사,B,SI023,부문별 손익(파생상품)
6297,202006,0010650,퍼스트어메리칸권원보험(주)한국지점,A2,파생상품 관련 손실,0,0,외국손보사,B,SI023,부문별 손익(파생상품)
6298,202006,0010650,퍼스트어메리칸권원보험(주)한국지점,A21,파생상품 관련 손실_파생상품 거래 손실,0,0,외국손보사,B,SI023,부문별 손익(파생상품)
6299,202006,0010650,퍼스트어메리칸권원보험(주)한국지점,A22,파생상품 평가 손실,0,0,외국손보사,B,SI023,부문별 손익(파생상품)
6300,202009,0010650,퍼스트어메리칸권원보험(주)한국지점,A,파생상품 관련 손익,0,0,외국손보사,B,SI023,부문별 손익(파생상품)
6301,202009,0010650,퍼스트어메리칸권원보험(주)한국지점,A1,파생상품 관련 이익,0,0,외국손보사,B,SI023,부문별 손익(파생상품)
6302,202009,0010650,퍼스트어메리칸권원보험(주)한국지점,A11,파생상품 관련 이익_파생상품 거래 이익,0,0,외국손보사,B,SI023,부문별 손익(파생상품)
6303,202009,0010650,퍼스트어메리칸권원보험(주)한국지점,A12,파생상품 관련 이익_파생상품 평가 이익,0,0,외국손보사,B,SI023,부문별 손익(파생상품)
6304,202009,0010650,퍼스트어메리칸권원보험(주)한국지점,A2,파생상품 관련 손실,0,0,외국손보사,B,SI023,부문별 손익(파생상품)
6305,202009,0010650,퍼스트어메리칸권원보험(주)한국지점,A21,파생상품 관련 손실_파생상품 거래 손실,0,0,외국손보사,B,SI023,부문별 손익(파생상품)
6306,202009,0010650,퍼스트어메리칸권원보험(주)한국지점,A22,파생상품 평가 손실,0,0,외국손보사,B,SI023,부문별 손익(파생상품)
6307,202012,0010650,퍼스트어메리칸권원보험(주)한국지점,A,파생상품 관련 손익,0,0,외국손보사,B,SI023,부문별 손익(파생상품)
6308,202012,0010650,퍼스트어메리칸권원보험(주)한국지점,A1,파생상품 관련 이익,0,0,외국손보사,B,SI023,부문별 손익(파생상품)
6309,202012,0010650,퍼스트어메리칸권원보험(주)한국지점,A11,파생상품 관련 이익_파생상품 거래 이익,0,0,외국손보사,B,SI023,부문별 손익(파생상품)
6310,202012,0010650,퍼스트어메리칸권원보험(주)한국지점,A12,파생상품 관련 이익_파생상품 평가 이익,0,0,외국손보사,B,SI023,부문별 손익(파생상품)
6311,202012,0010650,퍼스트어메리칸권원보험(주)한국지점,A2,파생상품 관련 손실,0,0,외국손보사,B,SI023,부문별 손익(파생상품)
6312,202012,0010650,퍼스트어메리칸권원보험(주)한국지점,A21,파생상품 관련 손실_파생상품 거래 손실,0,0,외국손보사,B,SI023,부문별 손익(파생상품)
6313,202012,0010650,퍼스트어메리칸권원보험(주)한국지점,A22,파생상품 평가 손실,0,0,외국손보사,B,SI023,부문별 손익(파생상품)
6314,202103,0010650,퍼스트어메리칸권원보험(주)한국지점,A,파생상품 관련 손익,0,0,외국손보사,B,SI023,부문별 손익(파생상품)
6315,202103,0010650,퍼스트어메리칸권원보험(주)한국지점,A1,파생상품 관련 이익,0,0,외국손보사,B,SI023,부문별 손익(파생상품)
6316,202103,0010650,퍼스트어메리칸권원보험(주)한국지점,A11,파생상품 관련 이익_파생상품 거래 이익,0,0,외국손보사,B,SI023,부문별 손익(파생상품)
6317,202103,0010650,퍼스트어메리칸권원보험(주)한국지점,A12,파생상품 관련 이익_파생상품 평가 이익,0,0,외국손보사,B,SI023,부문별 손익(파생상품)
6318,202103,0010650,퍼스트어메리칸권원보험(주)한국지점,A2,파생상품 관련 손실,0,0,외국손보사,B,SI023,부문별 손익(파생상품)
6319,202103,0010650,퍼스트어메리칸권원보험(주)한국지점,A21,파생상품 관련 손실_파생상품 거래 손실,0,0,외국손보사,B,SI023,부문별 손익(파생상품)
6320,202103,0010650,퍼스트어메리칸권원보험(주)한국지점,A22,파생상품 평가 손실,0,0,외국손보사,B,SI023,부문별 손익(파생상품)
6321,202106,0010650,퍼스트어메리칸권원보험(주)한국지점,A,파생상품 관련 손익,0,0,외국손보사,B,SI023,부문별 손익(파생상품)
6322,202106,0010650,퍼스트어메리칸권원보험(주)한국지점,A1,파생상품 관련 이익,0,0,외국손보사,B,SI023,부문별 손익(파생상품)
6323,202106,0010650,퍼스트어메리칸권원보험(주)한국지점,A11,파생상품 관련 이익_파생상품 거래 이익,0,0,외국손보사,B,SI023,부문별 손익(파생상품)
6324,202106,0010650,퍼스트어메리칸권원보험(주)한국지점,A12,파생상품 관련 이익_파생상품 평가 이익,0,0,외국손보사,B,SI023,부문별 손익(파생상품)
6325,202106,0010650,퍼스트어메리칸권원보험(주)한국지점,A2,파생상품 관련 손실,0,0,외국손보사,B,SI023,부문별 손익(파생상품)
6326,202106,0010650,퍼스트어메리칸권원보험(주)한국지점,A21,파생상품 관련 손실_파생상품 거래 손실,0,0,외국손보사,B,SI023,부문별 손익(파생상품)
6327,202106,0010650,퍼스트어메리칸권원보험(주)한국지점,A22,파생상품 평가 손실,0,0,외국손보사,B,SI023,부문별 손익(파생상품)
6328,202109,0010650,퍼스트어메리칸권원보험(주)한국지점,A,파생상품 관련 손익,0,0,외국손보사,B,SI023,부문별 손익(파생상품)
6329,202109,0010650,퍼스트어메리칸권원보험(주)한국지점,A1,파생상품 관련 이익,0,0,외국손보사,B,SI023,부문별 손익(파생상품)
6330,202109,0010650,퍼스트어메리칸권원보험(주)한국지점,A11,파생상품 관련 이익_파생상품 거래 이익,0,0,외국손보사,B,SI023,부문별 손익(파생상품)
6331,202109,0010650,퍼스트어메리칸권원보험(주)한국지점,A12,파생상품 관련 이익_파생상품 평가 이익,0,0,외국손보사,B,SI023,부문별 손익(파생상품)
6332,202109,0010650,퍼스트어메리칸권원보험(주)한국지점,A2,파생상품 관련 손실,0,0,외국손보사,B,SI023,부문별 손익(파생상품)
6333,202109,0010650,퍼스트어메리칸권원보험(주)한국지점,A21,파생상품 관련 손실_파생상품 거래 손실,0,0,외국손보사,B,SI023,부문별 손익(파생상품)
6334,202109,0010650,퍼스트어메리칸권원보험(주)한국지점,A22,파생상품 평가 손실,0,0,외국손보사,B,SI023,부문별 손익(파생상품)
6335,202112,0010650,퍼스트어메리칸권원보험(주)한국지점,A,파생상품 관련 손익,0,0,외국손보사,B,SI023,부문별 손익(파생상품)
6336,202112,0010650,퍼스트어메리칸권원보험(주)한국지점,A1,파생상품 관련 이익,0,0,외국손보사,B,SI023,부문별 손익(파생상품)
6337,202112,0010650,퍼스트어메리칸권원보험(주)한국지점,A11,파생상품 관련 이익_파생상품 거래 이익,0,0,외국손보사,B,SI023,부문별 손익(파생상품)
6338,202112,0010650,퍼스트어메리칸권원보험(주)한국지점,A12,파생상품 관련 이익_파생상품 평가 이익,0,0,외국손보사,B,SI023,부문별 손익(파생상품)
6339,202112,0010650,퍼스트어메리칸권원보험(주)한국지점,A2,파생상품 관련 손실,0,0,외국손보사,B,SI023,부문별 손익(파생상품)
6340,202112,0010650,퍼스트어메리칸권원보험(주)한국지점,A21,파생상품 관련 손실_파생상품 거래 손실,0,0,외국손보사,B,SI023,부문별 손익(파생상품)
6341,202112,0010650,퍼스트어메리칸권원보험(주)한국지점,A22,파생상품 평가 손실,0,0,외국손보사,B,SI023,부문별 손익(파생상품)
6342,202203,0010650,퍼스트어메리칸권원보험(주)한국지점,A,파생상품 관련 손익,0,0,외국손보사,B,SI023,부문별 손익(파생상품)
6343,202203,0010650,퍼스트어메리칸권원보험(주)한국지점,A1,파생상품 관련 이익,0,0,외국손보사,B,SI023,부문별 손익(파생상품)
6344,202203,0010650,퍼스트어메리칸권원보험(주)한국지점,A11,파생상품 관련 이익_파생상품 거래 이익,0,0,외국손보사,B,SI023,부문별 손익(파생상품)
6345,202203,0010650,퍼스트어메리칸권원보험(주)한국지점,A12,파생상품 관련 이익_파생상품 평가 이익,0,0,외국손보사,B,SI023,부문별 손익(파생상품)
6346,202203,0010650,퍼스트어메리칸권원보험(주)한국지점,A2,파생상품 관련 손실,0,0,외국손보사,B,SI023,부문별 손익(파생상품)
6347,202203,0010650,퍼스트어메리칸권원보험(주)한국지점,A21,파생상품 관련 손실_파생상품 거래 손실,0,0,외국손보사,B,SI023,부문별 손익(파생상품)
6348,202203,0010650,퍼스트어메리칸권원보험(주)한국지점,A22,파생상품 평가 손실,0,0,외국손보사,B,SI023,부문별 손익(파생상품)
6349,202206,0010650,퍼스트어메리칸권원보험(주)한국지점,A,파생상품 관련 손익,0,0,외국손보사,B,SI023,부문별 손익(파생상품)
6350,202206,0010650,퍼스트어메리칸권원보험(주)한국지점,A1,파생상품 관련 이익,0,0,외국손보사,B,SI023,부문별 손익(파생상품)
6351,202206,0010650,퍼스트어메리칸권원보험(주)한국지점,A11,파생상품 관련 이익_파생상품 거래 이익,0,0,외국손보사,B,SI023,부문별 손익(파생상품)
6352,202206,0010650,퍼스트어메리칸권원보험(주)한국지점,A12,파생상품 관련 이익_파생상품 평가 이익,0,0,외국손보사,B,SI023,부문별 손익(파생상품)
6353,202206,0010650,퍼스트어메리칸권원보험(주)한국지점,A2,파생상품 관련 손실,0,0,외국손보사,B,SI023,부문별 손익(파생상품)
6354,202206,0010650,퍼스트어메리칸권원보험(주)한국지점,A21,파생상품 관련 손실_파생상품 거래 손실,0,0,외국손보사,B,SI023,부문별 손익(파생상품)
6355,202206,0010650,퍼스트어메리칸권원보험(주)한국지점,A22,파생상품 평가 손실,0,0,외국손보사,B,SI023,부문별 손익(파생상품)
6356,202209,0010650,퍼스트어메리칸권원보험(주)한국지점,A,파생상품 관련 손익,0,0,외국손보사,B,SI023,부문별 손익(파생상품)
6357,202209,0010650,퍼스트어메리칸권원보험(주)한국지점,A1,파생상품 관련 이익,0,0,외국손보사,B,SI023,부문별 손익(파생상품)
6358,202209,0010650,퍼스트어메리칸권원보험(주)한국지점,A11,파생상품 관련 이익_파생상품 거래 이익,0,0,외국손보사,B,SI023,부문별 손익(파생상품)
6359,202209,0010650,퍼스트어메리칸권원보험(주)한국지점,A12,파생상품 관련 이익_파생상품 평가 이익,0,0,외국손보사,B,SI023,부문별 손익(파생상품)
6360,202209,0010650,퍼스트어메리칸권원보험(주)한국지점,A2,파생상품 관련 손실,0,0,외국손보사,B,SI023,부문별 손익(파생상품)
6361,202209,0010650,퍼스트어메리칸권원보험(주)한국지점,A21,파생상품 관련 손실_파생상품 거래 손실,0,0,외국손보사,B,SI023,부문별 손익(파생상품)
6362,202209,0010650,퍼스트어메리칸권원보험(주)한국지점,A22,파생상품 평가 손실,0,0,외국손보사,B,SI023,부문별 손익(파생상품)
6363,202212,0010650,퍼스트어메리칸권원보험(주)한국지점,A,파생상품 관련 손익,0,0,외국손보사,B,SI023,부문별 손익(파생상품)
6364,202212,0010650,퍼스트어메리칸권원보험(주)한국지점,A1,파생상품 관련 이익,0,0,외국손보사,B,SI023,부문별 손익(파생상품)
6365,202212,0010650,퍼스트어메리칸권원보험(주)한국지점,A11,파생상품 관련 이익_파생상품 거래 이익,0,0,외국손보사,B,SI023,부문별 손익(파생상품)
6366,202212,0010650,퍼스트어메리칸권원보험(주)한국지점,A12,파생상품 관련 이익_파생상품 평가 이익,0,0,외국손보사,B,SI023,부문별 손익(파생상품)
6367,202212,0010650,퍼스트어메리칸권원보험(주)한국지점,A2,파생상품 관련 손실,0,0,외국손보사,B,SI023,부문별 손익(파생상품)
6368,202212,0010650,퍼스트어메리칸권원보험(주)한국지점,A21,파생상품 관련 손실_파생상품 거래 손실,0,0,외국손보사,B,SI023,부문별 손익(파생상품)
6369,202212,0010650,퍼스트어메리칸권원보험(주)한국지점,A22,파생상품 평가 손실,0,0,외국손보사,B,SI023,부문별 손익(파생상품)
6370,202303,0010650,퍼스트어메리칸권원보험(주)한국지점,A,파생상품 관련 손익,0,0,외국손보사,B,SI023,부문별 손익(파생상품)
6371,202303,0010650,퍼스트어메리칸권원보험(주)한국지점,A1,파생상품 관련 손익_파생상품 관련 이익,0,0,외국손보사,B,SI023,부문별 손익(파생상품)
6372,202303,0010650,퍼스트어메리칸권원보험(주)한국지점,A11,파생상품 거래 이익,0,0,외국손보사,B,SI023,부문별 손익(파생상품)
6373,202303,0010650,퍼스트어메리칸권원보험(주)한국지점,A12,파생상품 평가 이익,0,0,외국손보사,B,SI023,부문별 손익(파생상품)
6374,202303,0010650,퍼스트어메리칸권원보험(주)한국지점,A2,파생상품 관련 손실,0,0,외국손보사,B,SI023,부문별 손익(파생상품)
6375,202303,0010650,퍼스트어메리칸권원보험(주)한국지점,A21,파생상품 거래 손실,0,0,외국손보사,B,SI023,부문별 손익(파생상품)
6376,202303,0010650,퍼스트어메리칸권원보험(주)한국지점,A22,파생상품 평가 손실,0,0,외국손보사,B,SI023,부문별 손익(파생상품)
6377,202306,0010650,퍼스트어메리칸권원보험(주)한국지점,A,파생상품 관련 손익,0,0,외국손보사,B,SI023,부문별 손익(파생상품)
6378,202306,0010650,퍼스트어메리칸권원보험(주)한국지점,A1,파생상품 관련 손익_파생상품 관련 이익,0,0,외국손보사,B,SI023,부문별 손익(파생상품)
6379,202306,0010650,퍼스트어메리칸권원보험(주)한국지점,A11,파생상품 거래 이익,0,0,외국손보사,B,SI023,부문별 손익(파생상품)
6380,202306,0010650,퍼스트어메리칸권원보험(주)한국지점,A12,파생상품 평가 이익,0,0,외국손보사,B,SI023,부문별 손익(파생상품)
6381,202306,0010650,퍼스트어메리칸권원보험(주)한국지점,A2,파생상품 관련 손실,0,0,외국손보사,B,SI023,부문별 손익(파생상품)
6382,202306,0010650,퍼스트어메리칸권원보험(주)한국지점,A21,파생상품 거래 손실,0,0,외국손보사,B,SI023,부문별 손익(파생상품)
6383,202306,0010650,퍼스트어메리칸권원보험(주)한국지점,A22,파생상품 평가 손실,0,0,외국손보사,B,SI023,부문별 손익(파생상품)
6384,202309,0010650,퍼스트어메리칸권원보험(주)한국지점,A,파생상품 관련 손익,0,0,외국손보사,B,SI023,부문별 손익(파생상품)
6385,202309,0010650,퍼스트어메리칸권원보험(주)한국지점,A1,파생상품 관련 손익_파생상품 관련 이익,0,0,외국손보사,B,SI023,부문별 손익(파생상품)
6386,202309,0010650,퍼스트어메리칸권원보험(주)한국지점,A11,파생상품 거래 이익,0,0,외국손보사,B,SI023,부문별 손익(파생상품)
6387,202309,0010650,퍼스트어메리칸권원보험(주)한국지점,A12,파생상품 평가 이익,0,0,외국손보사,B,SI023,부문별 손익(파생상품)
6388,202309,0010650,퍼스트어메리칸권원보험(주)한국지점,A2,파생상품 관련 손실,0,0,외국손보사,B,SI023,부문별 손익(파생상품)
6389,202309,0010650,퍼스트어메리칸권원보험(주)한국지점,A21,파생상품 거래 손실,0,0,외국손보사,B,SI023,부문별 손익(파생상품)
6390,202309,0010650,퍼스트어메리칸권원보험(주)한국지점,A22,파생상품 평가 손실,0,0,외국손보사,B,SI023,부문별 손익(파생상품)
6391,202312,0010650,퍼스트어메리칸권원보험(주)한국지점,A,파생상품 관련 손익,0,0,외국손보사,B,SI023,부문별 손익(파생상품)
6392,202312,0010650,퍼스트어메리칸권원보험(주)한국지점,A1,파생상품 관련 손익_파생상품 관련 이익,0,0,외국손보사,B,SI023,부문별 손익(파생상품)
6393,202312,0010650,퍼스트어메리칸권원보험(주)한국지점,A11,파생상품 거래 이익,0,0,외국손보사,B,SI023,부문별 손익(파생상품)
6394,202312,0010650,퍼스트어메리칸권원보험(주)한국지점,A12,파생상품 평가 이익,0,0,외국손보사,B,SI023,부문별 손익(파생상품)
6395,202312,0010650,퍼스트어메리칸권원보험(주)한국지점,A2,파생상품 관련 손실,0,0,외국손보사,B,SI023,부문별 손익(파생상품)
6396,202312,0010650,퍼스트어메리칸권원보험(주)한국지점,A21,파생상품 거래 손실,0,0,외국손보사,B,SI023,부문별 손익(파생상품)
6397,202312,0010650,퍼스트어메리칸권원보험(주)한국지점,A22,파생상품 평가 손실,0,0,외국손보사,B,SI023,부문별 손익(파생상품)
6398,202403,0010650,퍼스트어메리칸권원보험(주)한국지점,A,파생상품 관련 손익,0,0,외국손보사,B,SI023,부문별 손익(파생상품)
6399,202403,0010650,퍼스트어메리칸권원보험(주)한국지점,A1,파생상품 관련 손익_파생상품 관련 이익,0,0,외국손보사,B,SI023,부문별 손익(파생상품)
6400,202403,0010650,퍼스트어메리칸권원보험(주)한국지점,A11,파생상품 거래 이익,0,0,외국손보사,B,SI023,부문별 손익(파생상품)
6401,202403,0010650,퍼스트어메리칸권원보험(주)한국지점,A12,파생상품 평가 이익,0,0,외국손보사,B,SI023,부문별 손익(파생상품)
6402,202403,0010650,퍼스트어메리칸권원보험(주)한국지점,A2,파생상품 관련 손실,0,0,외국손보사,B,SI023,부문별 손익(파생상품)
6403,202403,0010650,퍼스트어메리칸권원보험(주)한국지점,A21,파생상품 거래 손실,0,0,외국손보사,B,SI023,부문별 손익(파생상품)
6404,202403,0010650,퍼스트어메리칸권원보험(주)한국지점,A22,파생상품 평가 손실,0,0,외국손보사,B,SI023,부문별 손익(파생상품)
6405,202406,0010650,퍼스트어메리칸권원보험(주)한국지점,A,파생상품 관련 손익,0,0,외국손보사,B,SI023,부문별 손익(파생상품)
6406,202406,0010650,퍼스트어메리칸권원보험(주)한국지점,A1,파생상품 관련 손익_파생상품 관련 이익,0,0,외국손보사,B,SI023,부문별 손익(파생상품)
6407,202406,0010650,퍼스트어메리칸권원보험(주)한국지점,A11,파생상품 거래 이익,0,0,외국손보사,B,SI023,부문별 손익(파생상품)
6408,202406,0010650,퍼스트어메리칸권원보험(주)한국지점,A12,파생상품 평가 이익,0,0,외국손보사,B,SI023,부문별 손익(파생상품)
6409,202406,0010650,퍼스트어메리칸권원보험(주)한국지점,A2,파생상품 관련 손실,0,0,외국손보사,B,SI023,부문별 손익(파생상품)
6410,202406,0010650,퍼스트어메리칸권원보험(주)한국지점,A21,파생상품 거래 손실,0,0,외국손보사,B,SI023,부문별 손익(파생상품)
6411,202406,0010650,퍼스트어메리칸권원보험(주)한국지점,A22,파생상품 평가 손실,0,0,외국손보사,B,SI023,부문별 손익(파생상품)
6412,202409,0010650,퍼스트어메리칸권원보험(주)한국지점,A,파생상품 관련 손익,0,0,외국손보사,B,SI023,부문별 손익(파생상품)
6413,202409,0010650,퍼스트어메리칸권원보험(주)한국지점,A1,파생상품 관련 손익_파생상품 관련 이익,0,0,외국손보사,B,SI023,부문별 손익(파생상품)
6414,202409,0010650,퍼스트어메리칸권원보험(주)한국지점,A11,파생상품 거래 이익,0,0,외국손보사,B,SI023,부문별 손익(파생상품)
6415,202409,0010650,퍼스트어메리칸권원보험(주)한국지점,A12,파생상품 평가 이익,0,0,외국손보사,B,SI023,부문별 손익(파생상품)
6416,202409,0010650,퍼스트어메리칸권원보험(주)한국지점,A2,파생상품 관련 손실,0,0,외국손보사,B,SI023,부문별 손익(파생상품)
6417,202409,0010650,퍼스트어메리칸권원보험(주)한국지점,A21,파생상품 거래 손실,0,0,외국손보사,B,SI023,부문별 손익(파생상품)
6418,202409,0010650,퍼스트어메리칸권원보험(주)한국지점,A22,파생상품 평가 손실,0,0,외국손보사,B,SI023,부문별 손익(파생상품)
6419,202412,0010650,퍼스트어메리칸권원보험(주)한국지점,A,파생상품 관련 손익,0,0,외국손보사,B,SI023,부문별 손익(파생상품)
6420,202412,0010650,퍼스트어메리칸권원보험(주)한국지점,A1,파생상품 관련 손익_파생상품 관련 이익,0,0,외국손보사,B,SI023,부문별 손익(파생상품)
6421,202412,0010650,퍼스트어메리칸권원보험(주)한국지점,A11,파생상품 거래 이익,0,0,외국손보사,B,SI023,부문별 손익(파생상품)
6422,202412,0010650,퍼스트어메리칸권원보험(주)한국지점,A12,파생상품 평가 이익,0,0,외국손보사,B,SI023,부문별 손익(파생상품)
6423,202412,0010650,퍼스트어메리칸권원보험(주)한국지점,A2,파생상품 관련 손실,0,0,외국손보사,B,SI023,부문별 손익(파생상품)
6424,202412,0010650,퍼스트어메리칸권원보험(주)한국지점,A21,파생상품 거래 손실,0,0,외국손보사,B,SI023,부문별 손익(파생상품)
6425,202412,0010650,퍼스트어메리칸권원보험(주)한국지점,A22,파생상품 평가 손실,0,0,외국손보사,B,SI023,부문별 손익(파생상품)
6426,202503,0010650,퍼스트어메리칸권원보험(주)한국지점,A,파생상품 관련 손익,0,0,외국손보사,B,SI023,부문별 손익(파생상품)
6427,202503,0010650,퍼스트어메리칸권원보험(주)한국지점,A1,파생상품 관련 손익_파생상품 관련 이익,0,0,외국손보사,B,SI023,부문별 손익(파생상품)
6428,202503,0010650,퍼스트어메리칸권원보험(주)한국지점,A11,파생상품 거래 이익,0,0,외국손보사,B,SI023,부문별 손익(파생상품)
6429,202503,0010650,퍼스트어메리칸권원보험(주)한국지점,A12,파생상품 평가 이익,0,0,외국손보사,B,SI023,부문별 손익(파생상품)
6430,202503,0010650,퍼스트어메리칸권원보험(주)한국지점,A2,파생상품 관련 손실,0,0,외국손보사,B,SI023,부문별 손익(파생상품)
6431,202503,0010650,퍼스트어메리칸권원보험(주)한국지점,A21,파생상품 거래 손실,0,0,외국손보사,B,SI023,부문별 손익(파생상품)
6432,202503,0010650,퍼스트어메리칸권원보험(주)한국지점,A22,파생상품 평가 손실,0,0,외국손보사,B,SI023,부문별 손익(파생상품)
6433,202506,0010650,퍼스트어메리칸권원보험(주)한국지점,A,파생상품 관련 손익,0,0,외국손보사,B,SI023,부문별 손익(파생상품)
6434,202506,0010650,퍼스트어메리칸권원보험(주)한국지점,A1,파생상품 관련 손익_파생상품 관련 이익,0,0,외국손보사,B,SI023,부문별 손익(파생상품)
6435,202506,0010650,퍼스트어메리칸권원보험(주)한국지점,A11,파생상품 거래 이익,0,0,외국손보사,B,SI023,부문별 손익(파생상품)
6436,202506,0010650,퍼스트어메리칸권원보험(주)한국지점,A12,파생상품 평가 이익,0,0,외국손보사,B,SI023,부문별 손익(파생상품)
6437,202506,0010650,퍼스트어메리칸권원보험(주)한국지점,A2,파생상품 관련 손실,0,0,외국손보사,B,SI023,부문별 손익(파생상품)
6438,202506,0010650,퍼스트어메리칸권원보험(주)한국지점,A21,파생상품 거래 손실,0,0,외국손보사,B,SI023,부문별 손익(파생상품)
6439,202506,0010650,퍼스트어메리칸권원보험(주)한국지점,A22,파생상품 평가 손실,0,0,외국손보사,B,SI023,부문별 손익(파생상품)
6440,202509,0010650,퍼스트어메리칸권원보험(주)한국지점,A,파생상품 관련 손익,0,0,외국손보사,B,SI023,부문별 손익(파생상품)
6441,202509,0010650,퍼스트어메리칸권원보험(주)한국지점,A1,파생상품 관련 손익_파생상품 관련 이익,0,0,외국손보사,B,SI023,부문별 손익(파생상품)
6442,202509,0010650,퍼스트어메리칸권원보험(주)한국지점,A11,파생상품 거래 이익,0,0,외국손보사,B,SI023,부문별 손익(파생상품)
6443,202509,0010650,퍼스트어메리칸권원보험(주)한국지점,A12,파생상품 평가 이익,0,0,외국손보사,B,SI023,부문별 손익(파생상품)
6444,202509,0010650,퍼스트어메리칸권원보험(주)한국지점,A2,파생상품 관련 손실,0,0,외국손보사,B,SI023,부문별 손익(파생상품)
6445,202509,0010650,퍼스트어메리칸권원보험(주)한국지점,A21,파생상품 거래 손실,0,0,외국손보사,B,SI023,부문별 손익(파생상품)
6446,202509,0010650,퍼스트어메리칸권원보험(주)한국지점,A22,파생상품 평가 손실,0,0,외국손보사,B,SI023,부문별 손익(파생상품)
6447,202303,0019874,퍼시픽라이프리 인터내셔널 한국지점,A,파생상품 관련 손익,0,0,외국손보사,B,SI023,부문별 손익(파생상품)
6448,202303,0019874,퍼시픽라이프리 인터내셔널 한국지점,A1,파생상품 관련 손익_파생상품 관련 이익,0,0,외국손보사,B,SI023,부문별 손익(파생상품)
6449,202303,0019874,퍼시픽라이프리 인터내셔널 한국지점,A11,파생상품 거래 이익,0,0,외국손보사,B,SI023,부문별 손익(파생상품)
6450,202303,0019874,퍼시픽라이프리 인터내셔널 한국지점,A12,파생상품 평가 이익,0,0,외국손보사,B,SI023,부문별 손익(파생상품)
6451,202303,0019874,퍼시픽라이프리 인터내셔널 한국지점,A2,파생상품 관련 손실,0,0,외국손보사,B,SI023,부문별 손익(파생상품)
6452,202303,0019874,퍼시픽라이프리 인터내셔널 한국지점,A21,파생상품 거래 손실,0,0,외국손보사,B,SI023,부문별 손익(파생상품)
6453,202303,0019874,퍼시픽라이프리 인터내셔널 한국지점,A22,파생상품 평가 손실,0,0,외국손보사,B,SI023,부문별 손익(파생상품)
6454,202306,0019874,퍼시픽라이프리 인터내셔널 한국지점,A,파생상품 관련 손익,0,0,외국손보사,B,SI023,부문별 손익(파생상품)
6455,202306,0019874,퍼시픽라이프리 인터내셔널 한국지점,A1,파생상품 관련 손익_파생상품 관련 이익,0,0,외국손보사,B,SI023,부문별 손익(파생상품)
6456,202306,0019874,퍼시픽라이프리 인터내셔널 한국지점,A11,파생상품 거래 이익,0,0,외국손보사,B,SI023,부문별 손익(파생상품)
6457,202306,0019874,퍼시픽라이프리 인터내셔널 한국지점,A12,파생상품 평가 이익,0,0,외국손보사,B,SI023,부문별 손익(파생상품)
6458,202306,0019874,퍼시픽라이프리 인터내셔널 한국지점,A2,파생상품 관련 손실,0,0,외국손보사,B,SI023,부문별 손익(파생상품)
6459,202306,0019874,퍼시픽라이프리 인터내셔널 한국지점,A21,파생상품 거래 손실,0,0,외국손보사,B,SI023,부문별 손익(파생상품)
6460,202306,0019874,퍼시픽라이프리 인터내셔널 한국지점,A22,파생상품 평가 손실,0,0,외국손보사,B,SI023,부문별 손익(파생상품)
6461,202309,0019874,퍼시픽라이프리 인터내셔널 한국지점,A,파생상품 관련 손익,0,0,외국손보사,B,SI023,부문별 손익(파생상품)
6462,202309,0019874,퍼시픽라이프리 인터내셔널 한국지점,A1,파생상품 관련 손익_파생상품 관련 이익,0,0,외국손보사,B,SI023,부문별 손익(파생상품)
6463,202309,0019874,퍼시픽라이프리 인터내셔널 한국지점,A11,파생상품 거래 이익,0,0,외국손보사,B,SI023,부문별 손익(파생상품)
6464,202309,0019874,퍼시픽라이프리 인터내셔널 한국지점,A12,파생상품 평가 이익,0,0,외국손보사,B,SI023,부문별 손익(파생상품)
6465,202309,0019874,퍼시픽라이프리 인터내셔널 한국지점,A2,파생상품 관련 손실,0,0,외국손보사,B,SI023,부문별 손익(파생상품)
6466,202309,0019874,퍼시픽라이프리 인터내셔널 한국지점,A21,파생상품 거래 손실,0,0,외국손보사,B,SI023,부문별 손익(파생상품)
6467,202309,0019874,퍼시픽라이프리 인터내셔널 한국지점,A22,파생상품 평가 손실,0,0,외국손보사,B,SI023,부문별 손익(파생상품)
6468,202312,0019874,퍼시픽라이프리 인터내셔널 한국지점,A,파생상품 관련 손익,0,0,외국손보사,B,SI023,부문별 손익(파생상품)
6469,202312,0019874,퍼시픽라이프리 인터내셔널 한국지점,A1,파생상품 관련 손익_파생상품 관련 이익,0,0,외국손보사,B,SI023,부문별 손익(파생상품)
6470,202312,0019874,퍼시픽라이프리 인터내셔널 한국지점,A11,파생상품 거래 이익,0,0,외국손보사,B,SI023,부문별 손익(파생상품)
6471,202312,0019874,퍼시픽라이프리 인터내셔널 한국지점,A12,파생상품 평가 이익,0,0,외국손보사,B,SI023,부문별 손익(파생상품)
6472,202312,0019874,퍼시픽라이프리 인터내셔널 한국지점,A2,파생상품 관련 손실,0,0,외국손보사,B,SI023,부문별 손익(파생상품)
6473,202312,0019874,퍼시픽라이프리 인터내셔널 한국지점,A21,파생상품 거래 손실,0,0,외국손보사,B,SI023,부문별 손익(파생상품)
6474,202312,0019874,퍼시픽라이프리 인터내셔널 한국지점,A22,파생상품 평가 손실,0,0,외국손보사,B,SI023,부문별 손익(파생상품)
6475,202403,0019874,퍼시픽라이프리 인터내셔널 한국지점,A,파생상품 관련 손익,0,0,외국손보사,B,SI023,부문별 손익(파생상품)
6476,202403,0019874,퍼시픽라이프리 인터내셔널 한국지점,A1,파생상품 관련 손익_파생상품 관련 이익,0,0,외국손보사,B,SI023,부문별 손익(파생상품)
6477,202403,0019874,퍼시픽라이프리 인터내셔널 한국지점,A11,파생상품 거래 이익,0,0,외국손보사,B,SI023,부문별 손익(파생상품)
6478,202403,0019874,퍼시픽라이프리 인터내셔널 한국지점,A12,파생상품 평가 이익,0,0,외국손보사,B,SI023,부문별 손익(파생상품)
6479,202403,0019874,퍼시픽라이프리 인터내셔널 한국지점,A2,파생상품 관련 손실,0,0,외국손보사,B,SI023,부문별 손익(파생상품)
6480,202403,0019874,퍼시픽라이프리 인터내셔널 한국지점,A21,파생상품 거래 손실,0,0,외국손보사,B,SI023,부문별 손익(파생상품)
6481,202403,0019874,퍼시픽라이프리 인터내셔널 한국지점,A22,파생상품 평가 손실,0,0,외국손보사,B,SI023,부문별 손익(파생상품)
6482,202406,0019874,퍼시픽라이프리 인터내셔널 한국지점,A,파생상품 관련 손익,0,0,외국손보사,B,SI023,부문별 손익(파생상품)
6483,202406,0019874,퍼시픽라이프리 인터내셔널 한국지점,A1,파생상품 관련 손익_파생상품 관련 이익,0,0,외국손보사,B,SI023,부문별 손익(파생상품)
6484,202406,0019874,퍼시픽라이프리 인터내셔널 한국지점,A11,파생상품 거래 이익,0,0,외국손보사,B,SI023,부문별 손익(파생상품)
6485,202406,0019874,퍼시픽라이프리 인터내셔널 한국지점,A12,파생상품 평가 이익,0,0,외국손보사,B,SI023,부문별 손익(파생상품)
6486,202406,0019874,퍼시픽라이프리 인터내셔널 한국지점,A2,파생상품 관련 손실,0,0,외국손보사,B,SI023,부문별 손익(파생상품)
6487,202406,0019874,퍼시픽라이프리 인터내셔널 한국지점,A21,파생상품 거래 손실,0,0,외국손보사,B,SI023,부문별 손익(파생상품)
6488,202406,0019874,퍼시픽라이프리 인터내셔널 한국지점,A22,파생상품 평가 손실,0,0,외국손보사,B,SI023,부문별 손익(파생상품)
6489,202409,0019874,퍼시픽라이프리 인터내셔널 한국지점,A,파생상품 관련 손익,0,0,외국손보사,B,SI023,부문별 손익(파생상품)
6490,202409,0019874,퍼시픽라이프리 인터내셔널 한국지점,A1,파생상품 관련 손익_파생상품 관련 이익,0,0,외국손보사,B,SI023,부문별 손익(파생상품)
6491,202409,0019874,퍼시픽라이프리 인터내셔널 한국지점,A11,파생상품 거래 이익,0,0,외국손보사,B,SI023,부문별 손익(파생상품)
6492,202409,0019874,퍼시픽라이프리 인터내셔널 한국지점,A12,파생상품 평가 이익,0,0,외국손보사,B,SI023,부문별 손익(파생상품)
6493,202409,0019874,퍼시픽라이프리 인터내셔널 한국지점,A2,파생상품 관련 손실,0,0,외국손보사,B,SI023,부문별 손익(파생상품)
6494,202409,0019874,퍼시픽라이프리 인터내셔널 한국지점,A21,파생상품 거래 손실,0,0,외국손보사,B,SI023,부문별 손익(파생상품)
6495,202409,0019874,퍼시픽라이프리 인터내셔널 한국지점,A22,파생상품 평가 손실,0,0,외국손보사,B,SI023,부문별 손익(파생상품)
6496,202412,0019874,퍼시픽라이프리 인터내셔널 한국지점,A,파생상품 관련 손익,0,0,외국손보사,B,SI023,부문별 손익(파생상품)
6497,202412,0019874,퍼시픽라이프리 인터내셔널 한국지점,A1,파생상품 관련 손익_파생상품 관련 이익,0,0,외국손보사,B,SI023,부문별 손익(파생상품)
6498,202412,0019874,퍼시픽라이프리 인터내셔널 한국지점,A11,파생상품 거래 이익,0,0,외국손보사,B,SI023,부문별 손익(파생상품)
6499,202412,0019874,퍼시픽라이프리 인터내셔널 한국지점,A12,파생상품 평가 이익,0,0,외국손보사,B,SI023,부문별 손익(파생상품)
6500,202412,0019874,퍼시픽라이프리 인터내셔널 한국지점,A2,파생상품 관련 손실,0,0,외국손보사,B,SI023,부문별 손익(파생상품)
6501,202412,0019874,퍼시픽라이프리 인터내셔널 한국지점,A21,파생상품 거래 손실,0,0,외국손보사,B,SI023,부문별 손익(파생상품)
6502,202412,0019874,퍼시픽라이프리 인터내셔널 한국지점,A22,파생상품 평가 손실,0,0,외국손보사,B,SI023,부문별 손익(파생상품)
6503,202503,0019874,퍼시픽라이프리 인터내셔널 한국지점,A,파생상품 관련 손익,0,0,외국손보사,B,SI023,부문별 손익(파생상품)
6504,202503,0019874,퍼시픽라이프리 인터내셔널 한국지점,A1,파생상품 관련 손익_파생상품 관련 이익,0,0,외국손보사,B,SI023,부문별 손익(파생상품)
6505,202503,0019874,퍼시픽라이프리 인터내셔널 한국지점,A11,파생상품 거래 이익,0,0,외국손보사,B,SI023,부문별 손익(파생상품)
6506,202503,0019874,퍼시픽라이프리 인터내셔널 한국지점,A12,파생상품 평가 이익,0,0,외국손보사,B,SI023,부문별 손익(파생상품)
6507,202503,0019874,퍼시픽라이프리 인터내셔널 한국지점,A2,파생상품 관련 손실,0,0,외국손보사,B,SI023,부문별 손익(파생상품)
6508,202503,0019874,퍼시픽라이프리 인터내셔널 한국지점,A21,파생상품 거래 손실,0,0,외국손보사,B,SI023,부문별 손익(파생상품)
6509,202503,0019874,퍼시픽라이프리 인터내셔널 한국지점,A22,파생상품 평가 손실,0,0,외국손보사,B,SI023,부문별 손익(파생상품)
6510,202506,0019874,퍼시픽라이프리 인터내셔널 한국지점,A,파생상품 관련 손익,0,0,외국손보사,B,SI023,부문별 손익(파생상품)
6511,202506,0019874,퍼시픽라이프리 인터내셔널 한국지점,A1,파생상품 관련 손익_파생상품 관련 이익,0,0,외국손보사,B,SI023,부문별 손익(파생상품)
6512,202506,0019874,퍼시픽라이프리 인터내셔널 한국지점,A11,파생상품 거래 이익,0,0,외국손보사,B,SI023,부문별 손익(파생상품)
6513,202506,0019874,퍼시픽라이프리 인터내셔널 한국지점,A12,파생상품 평가 이익,0,0,외국손보사,B,SI023,부문별 손익(파생상품)
6514,202506,0019874,퍼시픽라이프리 인터내셔널 한국지점,A2,파생상품 관련 손실,0,0,외국손보사,B,SI023,부문별 손익(파생상품)
6515,202506,0019874,퍼시픽라이프리 인터내셔널 한국지점,A21,파생상품 거래 손실,0,0,외국손보사,B,SI023,부문별 손익(파생상품)
6516,202506,0019874,퍼시픽라이프리 인터내셔널 한국지점,A22,파생상품 평가 손실,0,0,외국손보사,B,SI023,부문별 손익(파생상품)
6517,202509,0019874,퍼시픽라이프리 인터내셔널 한국지점,A,파생상품 관련 손익,0,0,외국손보사,B,SI023,부문별 손익(파생상품)
6518,202509,0019874,퍼시픽라이프리 인터내셔널 한국지점,A1,파생상품 관련 손익_파생상품 관련 이익,0,0,외국손보사,B,SI023,부문별 손익(파생상품)
6519,202509,0019874,퍼시픽라이프리 인터내셔널 한국지점,A11,파생상품 거래 이익,0,0,외국손보사,B,SI023,부문별 손익(파생상품)
6520,202509,0019874,퍼시픽라이프리 인터내셔널 한국지점,A12,파생상품 평가 이익,0,0,외국손보사,B,SI023,부문별 손익(파생상품)
6521,202509,0019874,퍼시픽라이프리 인터내셔널 한국지점,A2,파생상품 관련 손실,0,0,외국손보사,B,SI023,부문별 손익(파생상품)
6522,202509,0019874,퍼시픽라이프리 인터내셔널 한국지점,A21,파생상품 거래 손실,0,0,외국손보사,B,SI023,부문별 손익(파생상품)
6523,202509,0019874,퍼시픽라이프리 인터내셔널 한국지점,A22,파생상품 평가 손실,0,0,외국손보사,B,SI023,부문별 손익(파생상품)
6524,201703,0011952,하노버재보험(주) 한국지점,A,파생상품 관련 손익,0,0,외국손보사,B,SI023,부문별 손익(파생상품)
6525,201703,0011952,하노버재보험(주) 한국지점,A1,파생상품 관련 이익,0,0,외국손보사,B,SI023,부문별 손익(파생상품)
6526,201703,0011952,하노버재보험(주) 한국지점,A11,파생상품 관련 이익_파생상품 거래 이익,0,0,외국손보사,B,SI023,부문별 손익(파생상품)
6527,201703,0011952,하노버재보험(주) 한국지점,A12,파생상품 관련 이익_파생상품 평가 이익,0,0,외국손보사,B,SI023,부문별 손익(파생상품)
6528,201703,0011952,하노버재보험(주) 한국지점,A2,파생상품 관련 손실,0,0,외국손보사,B,SI023,부문별 손익(파생상품)
6529,201703,0011952,하노버재보험(주) 한국지점,A21,파생상품 관련 손실_파생상품 거래 손실,0,0,외국손보사,B,SI023,부문별 손익(파생상품)
6530,201703,0011952,하노버재보험(주) 한국지점,A22,파생상품 평가 손실,0,0,외국손보사,B,SI023,부문별 손익(파생상품)
6531,201706,0011952,하노버재보험(주) 한국지점,A,파생상품 관련 손익,0,0,외국손보사,B,SI023,부문별 손익(파생상품)
6532,201706,0011952,하노버재보험(주) 한국지점,A1,파생상품 관련 이익,0,0,외국손보사,B,SI023,부문별 손익(파생상품)
6533,201706,0011952,하노버재보험(주) 한국지점,A11,파생상품 관련 이익_파생상품 거래 이익,0,0,외국손보사,B,SI023,부문별 손익(파생상품)
6534,201706,0011952,하노버재보험(주) 한국지점,A12,파생상품 관련 이익_파생상품 평가 이익,0,0,외국손보사,B,SI023,부문별 손익(파생상품)
6535,201706,0011952,하노버재보험(주) 한국지점,A2,파생상품 관련 손실,0,0,외국손보사,B,SI023,부문별 손익(파생상품)
6536,201706,0011952,하노버재보험(주) 한국지점,A21,파생상품 관련 손실_파생상품 거래 손실,0,0,외국손보사,B,SI023,부문별 손익(파생상품)
6537,201706,0011952,하노버재보험(주) 한국지점,A22,파생상품 평가 손실,0,0,외국손보사,B,SI023,부문별 손익(파생상품)
6538,201709,0011952,하노버재보험(주) 한국지점,A,파생상품 관련 손익,0,0,외국손보사,B,SI023,부문별 손익(파생상품)
6539,201709,0011952,하노버재보험(주) 한국지점,A1,파생상품 관련 이익,0,0,외국손보사,B,SI023,부문별 손익(파생상품)
6540,201709,0011952,하노버재보험(주) 한국지점,A11,파생상품 관련 이익_파생상품 거래 이익,0,0,외국손보사,B,SI023,부문별 손익(파생상품)
6541,201709,0011952,하노버재보험(주) 한국지점,A12,파생상품 관련 이익_파생상품 평가 이익,0,0,외국손보사,B,SI023,부문별 손익(파생상품)
6542,201709,0011952,하노버재보험(주) 한국지점,A2,파생상품 관련 손실,0,0,외국손보사,B,SI023,부문별 손익(파생상품)
6543,201709,0011952,하노버재보험(주) 한국지점,A21,파생상품 관련 손실_파생상품 거래 손실,0,0,외국손보사,B,SI023,부문별 손익(파생상품)
6544,201709,0011952,하노버재보험(주) 한국지점,A22,파생상품 평가 손실,0,0,외국손보사,B,SI023,부문별 손익(파생상품)
6545,201712,0011952,하노버재보험(주) 한국지점,A,파생상품 관련 손익,0,0,외국손보사,B,SI023,부문별 손익(파생상품)
6546,201712,0011952,하노버재보험(주) 한국지점,A1,파생상품 관련 이익,0,0,외국손보사,B,SI023,부문별 손익(파생상품)
6547,201712,0011952,하노버재보험(주) 한국지점,A11,파생상품 관련 이익_파생상품 거래 이익,0,0,외국손보사,B,SI023,부문별 손익(파생상품)
6548,201712,0011952,하노버재보험(주) 한국지점,A12,파생상품 관련 이익_파생상품 평가 이익,0,0,외국손보사,B,SI023,부문별 손익(파생상품)
6549,201712,0011952,하노버재보험(주) 한국지점,A2,파생상품 관련 손실,0,0,외국손보사,B,SI023,부문별 손익(파생상품)
6550,201712,0011952,하노버재보험(주) 한국지점,A21,파생상품 관련 손실_파생상품 거래 손실,0,0,외국손보사,B,SI023,부문별 손익(파생상품)
6551,201712,0011952,하노버재보험(주) 한국지점,A22,파생상품 평가 손실,0,0,외국손보사,B,SI023,부문별 손익(파생상품)
6552,201803,0011952,하노버재보험(주) 한국지점,A,파생상품 관련 손익,0,0,외국손보사,B,SI023,부문별 손익(파생상품)
6553,201803,0011952,하노버재보험(주) 한국지점,A1,파생상품 관련 이익,0,0,외국손보사,B,SI023,부문별 손익(파생상품)
6554,201803,0011952,하노버재보험(주) 한국지점,A11,파생상품 관련 이익_파생상품 거래 이익,0,0,외국손보사,B,SI023,부문별 손익(파생상품)
6555,201803,0011952,하노버재보험(주) 한국지점,A12,파생상품 관련 이익_파생상품 평가 이익,0,0,외국손보사,B,SI023,부문별 손익(파생상품)
6556,201803,0011952,하노버재보험(주) 한국지점,A2,파생상품 관련 손실,0,0,외국손보사,B,SI023,부문별 손익(파생상품)
6557,201803,0011952,하노버재보험(주) 한국지점,A21,파생상품 관련 손실_파생상품 거래 손실,0,0,외국손보사,B,SI023,부문별 손익(파생상품)
6558,201803,0011952,하노버재보험(주) 한국지점,A22,파생상품 평가 손실,0,0,외국손보사,B,SI023,부문별 손익(파생상품)
6559,201806,0011952,하노버재보험(주) 한국지점,A,파생상품 관련 손익,0,0,외국손보사,B,SI023,부문별 손익(파생상품)
6560,201806,0011952,하노버재보험(주) 한국지점,A1,파생상품 관련 이익,0,0,외국손보사,B,SI023,부문별 손익(파생상품)
6561,201806,0011952,하노버재보험(주) 한국지점,A11,파생상품 관련 이익_파생상품 거래 이익,0,0,외국손보사,B,SI023,부문별 손익(파생상품)
6562,201806,0011952,하노버재보험(주) 한국지점,A12,파생상품 관련 이익_파생상품 평가 이익,0,0,외국손보사,B,SI023,부문별 손익(파생상품)
6563,201806,0011952,하노버재보험(주) 한국지점,A2,파생상품 관련 손실,0,0,외국손보사,B,SI023,부문별 손익(파생상품)
6564,201806,0011952,하노버재보험(주) 한국지점,A21,파생상품 관련 손실_파생상품 거래 손실,0,0,외국손보사,B,SI023,부문별 손익(파생상품)
6565,201806,0011952,하노버재보험(주) 한국지점,A22,파생상품 평가 손실,0,0,외국손보사,B,SI023,부문별 손익(파생상품)
6566,201809,0011952,하노버재보험(주) 한국지점,A,파생상품 관련 손익,0,0,외국손보사,B,SI023,부문별 손익(파생상품)
6567,201809,0011952,하노버재보험(주) 한국지점,A1,파생상품 관련 이익,0,0,외국손보사,B,SI023,부문별 손익(파생상품)
6568,201809,0011952,하노버재보험(주) 한국지점,A11,파생상품 관련 이익_파생상품 거래 이익,0,0,외국손보사,B,SI023,부문별 손익(파생상품)
6569,201809,0011952,하노버재보험(주) 한국지점,A12,파생상품 관련 이익_파생상품 평가 이익,0,0,외국손보사,B,SI023,부문별 손익(파생상품)
6570,201809,0011952,하노버재보험(주) 한국지점,A2,파생상품 관련 손실,0,0,외국손보사,B,SI023,부문별 손익(파생상품)
6571,201809,0011952,하노버재보험(주) 한국지점,A21,파생상품 관련 손실_파생상품 거래 손실,0,0,외국손보사,B,SI023,부문별 손익(파생상품)
6572,201809,0011952,하노버재보험(주) 한국지점,A22,파생상품 평가 손실,0,0,외국손보사,B,SI023,부문별 손익(파생상품)
6573,201812,0011952,하노버재보험(주) 한국지점,A,파생상품 관련 손익,0,0,외국손보사,B,SI023,부문별 손익(파생상품)
6574,201812,0011952,하노버재보험(주) 한국지점,A1,파생상품 관련 이익,0,0,외국손보사,B,SI023,부문별 손익(파생상품)
6575,201812,0011952,하노버재보험(주) 한국지점,A11,파생상품 관련 이익_파생상품 거래 이익,0,0,외국손보사,B,SI023,부문별 손익(파생상품)
6576,201812,0011952,하노버재보험(주) 한국지점,A12,파생상품 관련 이익_파생상품 평가 이익,0,0,외국손보사,B,SI023,부문별 손익(파생상품)
6577,201812,0011952,하노버재보험(주) 한국지점,A2,파생상품 관련 손실,0,0,외국손보사,B,SI023,부문별 손익(파생상품)
6578,201812,0011952,하노버재보험(주) 한국지점,A21,파생상품 관련 손실_파생상품 거래 손실,0,0,외국손보사,B,SI023,부문별 손익(파생상품)
6579,201812,0011952,하노버재보험(주) 한국지점,A22,파생상품 평가 손실,0,0,외국손보사,B,SI023,부문별 손익(파생상품)
6580,201903,0011952,하노버재보험(주) 한국지점,A,파생상품 관련 손익,0,0,외국손보사,B,SI023,부문별 손익(파생상품)
6581,201903,0011952,하노버재보험(주) 한국지점,A1,파생상품 관련 이익,0,0,외국손보사,B,SI023,부문별 손익(파생상품)
6582,201903,0011952,하노버재보험(주) 한국지점,A11,파생상품 관련 이익_파생상품 거래 이익,0,0,외국손보사,B,SI023,부문별 손익(파생상품)
6583,201903,0011952,하노버재보험(주) 한국지점,A12,파생상품 관련 이익_파생상품 평가 이익,0,0,외국손보사,B,SI023,부문별 손익(파생상품)
6584,201903,0011952,하노버재보험(주) 한국지점,A2,파생상품 관련 손실,0,0,외국손보사,B,SI023,부문별 손익(파생상품)
6585,201903,0011952,하노버재보험(주) 한국지점,A21,파생상품 관련 손실_파생상품 거래 손실,0,0,외국손보사,B,SI023,부문별 손익(파생상품)
6586,201903,0011952,하노버재보험(주) 한국지점,A22,파생상품 평가 손실,0,0,외국손보사,B,SI023,부문별 손익(파생상품)
6587,201906,0011952,하노버재보험(주) 한국지점,A,파생상품 관련 손익,0,0,외국손보사,B,SI023,부문별 손익(파생상품)
6588,201906,0011952,하노버재보험(주) 한국지점,A1,파생상품 관련 이익,0,0,외국손보사,B,SI023,부문별 손익(파생상품)
6589,201906,0011952,하노버재보험(주) 한국지점,A11,파생상품 관련 이익_파생상품 거래 이익,0,0,외국손보사,B,SI023,부문별 손익(파생상품)
6590,201906,0011952,하노버재보험(주) 한국지점,A12,파생상품 관련 이익_파생상품 평가 이익,0,0,외국손보사,B,SI023,부문별 손익(파생상품)
6591,201906,0011952,하노버재보험(주) 한국지점,A2,파생상품 관련 손실,0,0,외국손보사,B,SI023,부문별 손익(파생상품)
6592,201906,0011952,하노버재보험(주) 한국지점,A21,파생상품 관련 손실_파생상품 거래 손실,0,0,외국손보사,B,SI023,부문별 손익(파생상품)
6593,201906,0011952,하노버재보험(주) 한국지점,A22,파생상품 평가 손실,0,0,외국손보사,B,SI023,부문별 손익(파생상품)
6594,201909,0011952,하노버재보험(주) 한국지점,A,파생상품 관련 손익,0,0,외국손보사,B,SI023,부문별 손익(파생상품)
6595,201909,0011952,하노버재보험(주) 한국지점,A1,파생상품 관련 이익,0,0,외국손보사,B,SI023,부문별 손익(파생상품)
6596,201909,0011952,하노버재보험(주) 한국지점,A11,파생상품 관련 이익_파생상품 거래 이익,0,0,외국손보사,B,SI023,부문별 손익(파생상품)
6597,201909,0011952,하노버재보험(주) 한국지점,A12,파생상품 관련 이익_파생상품 평가 이익,0,0,외국손보사,B,SI023,부문별 손익(파생상품)
6598,201909,0011952,하노버재보험(주) 한국지점,A2,파생상품 관련 손실,0,0,외국손보사,B,SI023,부문별 손익(파생상품)
6599,201909,0011952,하노버재보험(주) 한국지점,A21,파생상품 관련 손실_파생상품 거래 손실,0,0,외국손보사,B,SI023,부문별 손익(파생상품)
6600,201909,0011952,하노버재보험(주) 한국지점,A22,파생상품 평가 손실,0,0,외국손보사,B,SI023,부문별 손익(파생상품)
6601,201912,0011952,하노버재보험(주) 한국지점,A,파생상품 관련 손익,0,0,외국손보사,B,SI023,부문별 손익(파생상품)
6602,201912,0011952,하노버재보험(주) 한국지점,A1,파생상품 관련 이익,0,0,외국손보사,B,SI023,부문별 손익(파생상품)
6603,201912,0011952,하노버재보험(주) 한국지점,A11,파생상품 관련 이익_파생상품 거래 이익,0,0,외국손보사,B,SI023,부문별 손익(파생상품)
6604,201912,0011952,하노버재보험(주) 한국지점,A12,파생상품 관련 이익_파생상품 평가 이익,0,0,외국손보사,B,SI023,부문별 손익(파생상품)
6605,201912,0011952,하노버재보험(주) 한국지점,A2,파생상품 관련 손실,0,0,외국손보사,B,SI023,부문별 손익(파생상품)
6606,201912,0011952,하노버재보험(주) 한국지점,A21,파생상품 관련 손실_파생상품 거래 손실,0,0,외국손보사,B,SI023,부문별 손익(파생상품)
6607,201912,0011952,하노버재보험(주) 한국지점,A22,파생상품 평가 손실,0,0,외국손보사,B,SI023,부문별 손익(파생상품)
6608,202003,0011952,하노버재보험(주) 한국지점,A,파생상품 관련 손익,0,0,외국손보사,B,SI023,부문별 손익(파생상품)
6609,202003,0011952,하노버재보험(주) 한국지점,A1,파생상품 관련 이익,0,0,외국손보사,B,SI023,부문별 손익(파생상품)
6610,202003,0011952,하노버재보험(주) 한국지점,A11,파생상품 관련 이익_파생상품 거래 이익,0,0,외국손보사,B,SI023,부문별 손익(파생상품)
6611,202003,0011952,하노버재보험(주) 한국지점,A12,파생상품 관련 이익_파생상품 평가 이익,0,0,외국손보사,B,SI023,부문별 손익(파생상품)
6612,202003,0011952,하노버재보험(주) 한국지점,A2,파생상품 관련 손실,0,0,외국손보사,B,SI023,부문별 손익(파생상품)
6613,202003,0011952,하노버재보험(주) 한국지점,A21,파생상품 관련 손실_파생상품 거래 손실,0,0,외국손보사,B,SI023,부문별 손익(파생상품)
6614,202003,0011952,하노버재보험(주) 한국지점,A22,파생상품 평가 손실,0,0,외국손보사,B,SI023,부문별 손익(파생상품)
6615,202006,0011952,하노버재보험(주) 한국지점,A,파생상품 관련 손익,0,0,외국손보사,B,SI023,부문별 손익(파생상품)
6616,202006,0011952,하노버재보험(주) 한국지점,A1,파생상품 관련 이익,0,0,외국손보사,B,SI023,부문별 손익(파생상품)
6617,202006,0011952,하노버재보험(주) 한국지점,A11,파생상품 관련 이익_파생상품 거래 이익,0,0,외국손보사,B,SI023,부문별 손익(파생상품)
6618,202006,0011952,하노버재보험(주) 한국지점,A12,파생상품 관련 이익_파생상품 평가 이익,0,0,외국손보사,B,SI023,부문별 손익(파생상품)
6619,202006,0011952,하노버재보험(주) 한국지점,A2,파생상품 관련 손실,0,0,외국손보사,B,SI023,부문별 손익(파생상품)
6620,202006,0011952,하노버재보험(주) 한국지점,A21,파생상품 관련 손실_파생상품 거래 손실,0,0,외국손보사,B,SI023,부문별 손익(파생상품)
6621,202006,0011952,하노버재보험(주) 한국지점,A22,파생상품 평가 손실,0,0,외국손보사,B,SI023,부문별 손익(파생상품)
6622,202009,0011952,하노버재보험(주) 한국지점,A,파생상품 관련 손익,0,0,외국손보사,B,SI023,부문별 손익(파생상품)
6623,202009,0011952,하노버재보험(주) 한국지점,A1,파생상품 관련 이익,0,0,외국손보사,B,SI023,부문별 손익(파생상품)
6624,202009,0011952,하노버재보험(주) 한국지점,A11,파생상품 관련 이익_파생상품 거래 이익,0,0,외국손보사,B,SI023,부문별 손익(파생상품)
6625,202009,0011952,하노버재보험(주) 한국지점,A12,파생상품 관련 이익_파생상품 평가 이익,0,0,외국손보사,B,SI023,부문별 손익(파생상품)
6626,202009,0011952,하노버재보험(주) 한국지점,A2,파생상품 관련 손실,0,0,외국손보사,B,SI023,부문별 손익(파생상품)
6627,202009,0011952,하노버재보험(주) 한국지점,A21,파생상품 관련 손실_파생상품 거래 손실,0,0,외국손보사,B,SI023,부문별 손익(파생상품)
6628,202009,0011952,하노버재보험(주) 한국지점,A22,파생상품 평가 손실,0,0,외국손보사,B,SI023,부문별 손익(파생상품)
6629,202012,0011952,하노버재보험(주) 한국지점,A,파생상품 관련 손익,0,0,외국손보사,B,SI023,부문별 손익(파생상품)
6630,202012,0011952,하노버재보험(주) 한국지점,A1,파생상품 관련 이익,0,0,외국손보사,B,SI023,부문별 손익(파생상품)
6631,202012,0011952,하노버재보험(주) 한국지점,A11,파생상품 관련 이익_파생상품 거래 이익,0,0,외국손보사,B,SI023,부문별 손익(파생상품)
6632,202012,0011952,하노버재보험(주) 한국지점,A12,파생상품 관련 이익_파생상품 평가 이익,0,0,외국손보사,B,SI023,부문별 손익(파생상품)
6633,202012,0011952,하노버재보험(주) 한국지점,A2,파생상품 관련 손실,0,0,외국손보사,B,SI023,부문별 손익(파생상품)
6634,202012,0011952,하노버재보험(주) 한국지점,A21,파생상품 관련 손실_파생상품 거래 손실,0,0,외국손보사,B,SI023,부문별 손익(파생상품)
6635,202012,0011952,하노버재보험(주) 한국지점,A22,파생상품 평가 손실,0,0,외국손보사,B,SI023,부문별 손익(파생상품)
6636,202103,0011952,하노버재보험(주) 한국지점,A,파생상품 관련 손익,0,0,외국손보사,B,SI023,부문별 손익(파생상품)
6637,202103,0011952,하노버재보험(주) 한국지점,A1,파생상품 관련 이익,0,0,외국손보사,B,SI023,부문별 손익(파생상품)
6638,202103,0011952,하노버재보험(주) 한국지점,A11,파생상품 관련 이익_파생상품 거래 이익,0,0,외국손보사,B,SI023,부문별 손익(파생상품)
6639,202103,0011952,하노버재보험(주) 한국지점,A12,파생상품 관련 이익_파생상품 평가 이익,0,0,외국손보사,B,SI023,부문별 손익(파생상품)
6640,202103,0011952,하노버재보험(주) 한국지점,A2,파생상품 관련 손실,0,0,외국손보사,B,SI023,부문별 손익(파생상품)
6641,202103,0011952,하노버재보험(주) 한국지점,A21,파생상품 관련 손실_파생상품 거래 손실,0,0,외국손보사,B,SI023,부문별 손익(파생상품)
6642,202103,0011952,하노버재보험(주) 한국지점,A22,파생상품 평가 손실,0,0,외국손보사,B,SI023,부문별 손익(파생상품)
6643,202106,0011952,하노버재보험(주) 한국지점,A,파생상품 관련 손익,0,0,외국손보사,B,SI023,부문별 손익(파생상품)
6644,202106,0011952,하노버재보험(주) 한국지점,A1,파생상품 관련 이익,0,0,외국손보사,B,SI023,부문별 손익(파생상품)
6645,202106,0011952,하노버재보험(주) 한국지점,A11,파생상품 관련 이익_파생상품 거래 이익,0,0,외국손보사,B,SI023,부문별 손익(파생상품)
6646,202106,0011952,하노버재보험(주) 한국지점,A12,파생상품 관련 이익_파생상품 평가 이익,0,0,외국손보사,B,SI023,부문별 손익(파생상품)
6647,202106,0011952,하노버재보험(주) 한국지점,A2,파생상품 관련 손실,0,0,외국손보사,B,SI023,부문별 손익(파생상품)
6648,202106,0011952,하노버재보험(주) 한국지점,A21,파생상품 관련 손실_파생상품 거래 손실,0,0,외국손보사,B,SI023,부문별 손익(파생상품)
6649,202106,0011952,하노버재보험(주) 한국지점,A22,파생상품 평가 손실,0,0,외국손보사,B,SI023,부문별 손익(파생상품)
6650,202109,0011952,하노버재보험(주) 한국지점,A,파생상품 관련 손익,0,0,외국손보사,B,SI023,부문별 손익(파생상품)
6651,202109,0011952,하노버재보험(주) 한국지점,A1,파생상품 관련 이익,0,0,외국손보사,B,SI023,부문별 손익(파생상품)
6652,202109,0011952,하노버재보험(주) 한국지점,A11,파생상품 관련 이익_파생상품 거래 이익,0,0,외국손보사,B,SI023,부문별 손익(파생상품)
6653,202109,0011952,하노버재보험(주) 한국지점,A12,파생상품 관련 이익_파생상품 평가 이익,0,0,외국손보사,B,SI023,부문별 손익(파생상품)
6654,202109,0011952,하노버재보험(주) 한국지점,A2,파생상품 관련 손실,0,0,외국손보사,B,SI023,부문별 손익(파생상품)
6655,202109,0011952,하노버재보험(주) 한국지점,A21,파생상품 관련 손실_파생상품 거래 손실,0,0,외국손보사,B,SI023,부문별 손익(파생상품)
6656,202109,0011952,하노버재보험(주) 한국지점,A22,파생상품 평가 손실,0,0,외국손보사,B,SI023,부문별 손익(파생상품)
6657,202112,0011952,하노버재보험(주) 한국지점,A,파생상품 관련 손익,0,0,외국손보사,B,SI023,부문별 손익(파생상품)
6658,202112,0011952,하노버재보험(주) 한국지점,A1,파생상품 관련 이익,0,0,외국손보사,B,SI023,부문별 손익(파생상품)
6659,202112,0011952,하노버재보험(주) 한국지점,A11,파생상품 관련 이익_파생상품 거래 이익,0,0,외국손보사,B,SI023,부문별 손익(파생상품)
6660,202112,0011952,하노버재보험(주) 한국지점,A12,파생상품 관련 이익_파생상품 평가 이익,0,0,외국손보사,B,SI023,부문별 손익(파생상품)
6661,202112,0011952,하노버재보험(주) 한국지점,A2,파생상품 관련 손실,0,0,외국손보사,B,SI023,부문별 손익(파생상품)
6662,202112,0011952,하노버재보험(주) 한국지점,A21,파생상품 관련 손실_파생상품 거래 손실,0,0,외국손보사,B,SI023,부문별 손익(파생상품)
6663,202112,0011952,하노버재보험(주) 한국지점,A22,파생상품 평가 손실,0,0,외국손보사,B,SI023,부문별 손익(파생상품)
6664,202203,0011952,하노버재보험(주) 한국지점,A,파생상품 관련 손익,0,0,외국손보사,B,SI023,부문별 손익(파생상품)
6665,202203,0011952,하노버재보험(주) 한국지점,A1,파생상품 관련 이익,0,0,외국손보사,B,SI023,부문별 손익(파생상품)
6666,202203,0011952,하노버재보험(주) 한국지점,A11,파생상품 관련 이익_파생상품 거래 이익,0,0,외국손보사,B,SI023,부문별 손익(파생상품)
6667,202203,0011952,하노버재보험(주) 한국지점,A12,파생상품 관련 이익_파생상품 평가 이익,0,0,외국손보사,B,SI023,부문별 손익(파생상품)
6668,202203,0011952,하노버재보험(주) 한국지점,A2,파생상품 관련 손실,0,0,외국손보사,B,SI023,부문별 손익(파생상품)
6669,202203,0011952,하노버재보험(주) 한국지점,A21,파생상품 관련 손실_파생상품 거래 손실,0,0,외국손보사,B,SI023,부문별 손익(파생상품)
6670,202203,0011952,하노버재보험(주) 한국지점,A22,파생상품 평가 손실,0,0,외국손보사,B,SI023,부문별 손익(파생상품)
6671,202206,0011952,하노버재보험(주) 한국지점,A,파생상품 관련 손익,0,0,외국손보사,B,SI023,부문별 손익(파생상품)
6672,202206,0011952,하노버재보험(주) 한국지점,A1,파생상품 관련 이익,0,0,외국손보사,B,SI023,부문별 손익(파생상품)
6673,202206,0011952,하노버재보험(주) 한국지점,A11,파생상품 관련 이익_파생상품 거래 이익,0,0,외국손보사,B,SI023,부문별 손익(파생상품)
6674,202206,0011952,하노버재보험(주) 한국지점,A12,파생상품 관련 이익_파생상품 평가 이익,0,0,외국손보사,B,SI023,부문별 손익(파생상품)
6675,202206,0011952,하노버재보험(주) 한국지점,A2,파생상품 관련 손실,0,0,외국손보사,B,SI023,부문별 손익(파생상품)
6676,202206,0011952,하노버재보험(주) 한국지점,A21,파생상품 관련 손실_파생상품 거래 손실,0,0,외국손보사,B,SI023,부문별 손익(파생상품)
6677,202206,0011952,하노버재보험(주) 한국지점,A22,파생상품 평가 손실,0,0,외국손보사,B,SI023,부문별 손익(파생상품)
6678,202209,0011952,하노버재보험(주) 한국지점,A,파생상품 관련 손익,0,0,외국손보사,B,SI023,부문별 손익(파생상품)
6679,202209,0011952,하노버재보험(주) 한국지점,A1,파생상품 관련 이익,0,0,외국손보사,B,SI023,부문별 손익(파생상품)
6680,202209,0011952,하노버재보험(주) 한국지점,A11,파생상품 관련 이익_파생상품 거래 이익,0,0,외국손보사,B,SI023,부문별 손익(파생상품)
6681,202209,0011952,하노버재보험(주) 한국지점,A12,파생상품 관련 이익_파생상품 평가 이익,0,0,외국손보사,B,SI023,부문별 손익(파생상품)
6682,202209,0011952,하노버재보험(주) 한국지점,A2,파생상품 관련 손실,0,0,외국손보사,B,SI023,부문별 손익(파생상품)
6683,202209,0011952,하노버재보험(주) 한국지점,A21,파생상품 관련 손실_파생상품 거래 손실,0,0,외국손보사,B,SI023,부문별 손익(파생상품)
6684,202209,0011952,하노버재보험(주) 한국지점,A22,파생상품 평가 손실,0,0,외국손보사,B,SI023,부문별 손익(파생상품)
6685,202212,0011952,하노버재보험(주) 한국지점,A,파생상품 관련 손익,0,0,외국손보사,B,SI023,부문별 손익(파생상품)
6686,202212,0011952,하노버재보험(주) 한국지점,A1,파생상품 관련 이익,0,0,외국손보사,B,SI023,부문별 손익(파생상품)
6687,202212,0011952,하노버재보험(주) 한국지점,A11,파생상품 관련 이익_파생상품 거래 이익,0,0,외국손보사,B,SI023,부문별 손익(파생상품)
6688,202212,0011952,하노버재보험(주) 한국지점,A12,파생상품 관련 이익_파생상품 평가 이익,0,0,외국손보사,B,SI023,부문별 손익(파생상품)
6689,202212,0011952,하노버재보험(주) 한국지점,A2,파생상품 관련 손실,0,0,외국손보사,B,SI023,부문별 손익(파생상품)
6690,202212,0011952,하노버재보험(주) 한국지점,A21,파생상품 관련 손실_파생상품 거래 손실,0,0,외국손보사,B,SI023,부문별 손익(파생상품)
6691,202212,0011952,하노버재보험(주) 한국지점,A22,파생상품 평가 손실,0,0,외국손보사,B,SI023,부문별 손익(파생상품)
6692,202303,0011952,하노버재보험(주) 한국지점,A,파생상품 관련 손익,0,0,외국손보사,B,SI023,부문별 손익(파생상품)
6693,202303,0011952,하노버재보험(주) 한국지점,A1,파생상품 관련 손익_파생상품 관련 이익,0,0,외국손보사,B,SI023,부문별 손익(파생상품)
6694,202303,0011952,하노버재보험(주) 한국지점,A11,파생상품 거래 이익,0,0,외국손보사,B,SI023,부문별 손익(파생상품)
6695,202303,0011952,하노버재보험(주) 한국지점,A12,파생상품 평가 이익,0,0,외국손보사,B,SI023,부문별 손익(파생상품)
6696,202303,0011952,하노버재보험(주) 한국지점,A2,파생상품 관련 손실,0,0,외국손보사,B,SI023,부문별 손익(파생상품)
6697,202303,0011952,하노버재보험(주) 한국지점,A21,파생상품 거래 손실,0,0,외국손보사,B,SI023,부문별 손익(파생상품)
6698,202303,0011952,하노버재보험(주) 한국지점,A22,파생상품 평가 손실,0,0,외국손보사,B,SI023,부문별 손익(파생상품)
6699,202306,0011952,하노버재보험(주) 한국지점,A,파생상품 관련 손익,0,0,외국손보사,B,SI023,부문별 손익(파생상품)
6700,202306,0011952,하노버재보험(주) 한국지점,A1,파생상품 관련 손익_파생상품 관련 이익,0,0,외국손보사,B,SI023,부문별 손익(파생상품)
6701,202306,0011952,하노버재보험(주) 한국지점,A11,파생상품 거래 이익,0,0,외국손보사,B,SI023,부문별 손익(파생상품)
6702,202306,0011952,하노버재보험(주) 한국지점,A12,파생상품 평가 이익,0,0,외국손보사,B,SI023,부문별 손익(파생상품)
6703,202306,0011952,하노버재보험(주) 한국지점,A2,파생상품 관련 손실,0,0,외국손보사,B,SI023,부문별 손익(파생상품)
6704,202306,0011952,하노버재보험(주) 한국지점,A21,파생상품 거래 손실,0,0,외국손보사,B,SI023,부문별 손익(파생상품)
6705,202306,0011952,하노버재보험(주) 한국지점,A22,파생상품 평가 손실,0,0,외국손보사,B,SI023,부문별 손익(파생상품)
6706,202309,0011952,하노버재보험(주) 한국지점,A,파생상품 관련 손익,0,0,외국손보사,B,SI023,부문별 손익(파생상품)
6707,202309,0011952,하노버재보험(주) 한국지점,A1,파생상품 관련 손익_파생상품 관련 이익,0,0,외국손보사,B,SI023,부문별 손익(파생상품)
6708,202309,0011952,하노버재보험(주) 한국지점,A11,파생상품 거래 이익,0,0,외국손보사,B,SI023,부문별 손익(파생상품)
6709,202309,0011952,하노버재보험(주) 한국지점,A12,파생상품 평가 이익,0,0,외국손보사,B,SI023,부문별 손익(파생상품)
6710,202309,0011952,하노버재보험(주) 한국지점,A2,파생상품 관련 손실,0,0,외국손보사,B,SI023,부문별 손익(파생상품)
6711,202309,0011952,하노버재보험(주) 한국지점,A21,파생상품 거래 손실,0,0,외국손보사,B,SI023,부문별 손익(파생상품)
6712,202309,0011952,하노버재보험(주) 한국지점,A22,파생상품 평가 손실,0,0,외국손보사,B,SI023,부문별 손익(파생상품)
6713,202312,0011952,하노버재보험(주) 한국지점,A,파생상품 관련 손익,0,0,외국손보사,B,SI023,부문별 손익(파생상품)
6714,202312,0011952,하노버재보험(주) 한국지점,A1,파생상품 관련 손익_파생상품 관련 이익,0,0,외국손보사,B,SI023,부문별 손익(파생상품)
6715,202312,0011952,하노버재보험(주) 한국지점,A11,파생상품 거래 이익,0,0,외국손보사,B,SI023,부문별 손익(파생상품)
6716,202312,0011952,하노버재보험(주) 한국지점,A12,파생상품 평가 이익,0,0,외국손보사,B,SI023,부문별 손익(파생상품)
6717,202312,0011952,하노버재보험(주) 한국지점,A2,파생상품 관련 손실,0,0,외국손보사,B,SI023,부문별 손익(파생상품)
6718,202312,0011952,하노버재보험(주) 한국지점,A21,파생상품 거래 손실,0,0,외국손보사,B,SI023,부문별 손익(파생상품)
6719,202312,0011952,하노버재보험(주) 한국지점,A22,파생상품 평가 손실,0,0,외국손보사,B,SI023,부문별 손익(파생상품)
6720,202403,0011952,하노버재보험(주) 한국지점,A,파생상품 관련 손익,0,0,외국손보사,B,SI023,부문별 손익(파생상품)
6721,202403,0011952,하노버재보험(주) 한국지점,A1,파생상품 관련 손익_파생상품 관련 이익,0,0,외국손보사,B,SI023,부문별 손익(파생상품)
6722,202403,0011952,하노버재보험(주) 한국지점,A11,파생상품 거래 이익,0,0,외국손보사,B,SI023,부문별 손익(파생상품)
6723,202403,0011952,하노버재보험(주) 한국지점,A12,파생상품 평가 이익,0,0,외국손보사,B,SI023,부문별 손익(파생상품)
6724,202403,0011952,하노버재보험(주) 한국지점,A2,파생상품 관련 손실,0,0,외국손보사,B,SI023,부문별 손익(파생상품)
6725,202403,0011952,하노버재보험(주) 한국지점,A21,파생상품 거래 손실,0,0,외국손보사,B,SI023,부문별 손익(파생상품)
6726,202403,0011952,하노버재보험(주) 한국지점,A22,파생상품 평가 손실,0,0,외국손보사,B,SI023,부문별 손익(파생상품)
6727,202406,0011952,하노버재보험(주) 한국지점,A,파생상품 관련 손익,0,0,외국손보사,B,SI023,부문별 손익(파생상품)
6728,202406,0011952,하노버재보험(주) 한국지점,A1,파생상품 관련 손익_파생상품 관련 이익,0,0,외국손보사,B,SI023,부문별 손익(파생상품)
6729,202406,0011952,하노버재보험(주) 한국지점,A11,파생상품 거래 이익,0,0,외국손보사,B,SI023,부문별 손익(파생상품)
6730,202406,0011952,하노버재보험(주) 한국지점,A12,파생상품 평가 이익,0,0,외국손보사,B,SI023,부문별 손익(파생상품)
6731,202406,0011952,하노버재보험(주) 한국지점,A2,파생상품 관련 손실,0,0,외국손보사,B,SI023,부문별 손익(파생상품)
6732,202406,0011952,하노버재보험(주) 한국지점,A21,파생상품 거래 손실,0,0,외국손보사,B,SI023,부문별 손익(파생상품)
6733,202406,0011952,하노버재보험(주) 한국지점,A22,파생상품 평가 손실,0,0,외국손보사,B,SI023,부문별 손익(파생상품)
6734,202409,0011952,하노버재보험(주) 한국지점,A,파생상품 관련 손익,0,0,외국손보사,B,SI023,부문별 손익(파생상품)
6735,202409,0011952,하노버재보험(주) 한국지점,A1,파생상품 관련 손익_파생상품 관련 이익,0,0,외국손보사,B,SI023,부문별 손익(파생상품)
6736,202409,0011952,하노버재보험(주) 한국지점,A11,파생상품 거래 이익,0,0,외국손보사,B,SI023,부문별 손익(파생상품)
6737,202409,0011952,하노버재보험(주) 한국지점,A12,파생상품 평가 이익,0,0,외국손보사,B,SI023,부문별 손익(파생상품)
6738,202409,0011952,하노버재보험(주) 한국지점,A2,파생상품 관련 손실,0,0,외국손보사,B,SI023,부문별 손익(파생상품)
6739,202409,0011952,하노버재보험(주) 한국지점,A21,파생상품 거래 손실,0,0,외국손보사,B,SI023,부문별 손익(파생상품)
6740,202409,0011952,하노버재보험(주) 한국지점,A22,파생상품 평가 손실,0,0,외국손보사,B,SI023,부문별 손익(파생상품)
6741,202412,0011952,하노버재보험(주) 한국지점,A,파생상품 관련 손익,0,0,외국손보사,B,SI023,부문별 손익(파생상품)
6742,202412,0011952,하노버재보험(주) 한국지점,A1,파생상품 관련 손익_파생상품 관련 이익,0,0,외국손보사,B,SI023,부문별 손익(파생상품)
6743,202412,0011952,하노버재보험(주) 한국지점,A11,파생상품 거래 이익,0,0,외국손보사,B,SI023,부문별 손익(파생상품)
6744,202412,0011952,하노버재보험(주) 한국지점,A12,파생상품 평가 이익,0,0,외국손보사,B,SI023,부문별 손익(파생상품)
6745,202412,0011952,하노버재보험(주) 한국지점,A2,파생상품 관련 손실,0,0,외국손보사,B,SI023,부문별 손익(파생상품)
6746,202412,0011952,하노버재보험(주) 한국지점,A21,파생상품 거래 손실,0,0,외국손보사,B,SI023,부문별 손익(파생상품)
6747,202412,0011952,하노버재보험(주) 한국지점,A22,파생상품 평가 손실,0,0,외국손보사,B,SI023,부문별 손익(파생상품)
6748,202503,0011952,하노버재보험(주) 한국지점,A,파생상품 관련 손익,0,0,외국손보사,B,SI023,부문별 손익(파생상품)
6749,202503,0011952,하노버재보험(주) 한국지점,A1,파생상품 관련 손익_파생상품 관련 이익,0,0,외국손보사,B,SI023,부문별 손익(파생상품)
6750,202503,0011952,하노버재보험(주) 한국지점,A11,파생상품 거래 이익,0,0,외국손보사,B,SI023,부문별 손익(파생상품)
6751,202503,0011952,하노버재보험(주) 한국지점,A12,파생상품 평가 이익,0,0,외국손보사,B,SI023,부문별 손익(파생상품)
6752,202503,0011952,하노버재보험(주) 한국지점,A2,파생상품 관련 손실,0,0,외국손보사,B,SI023,부문별 손익(파생상품)
6753,202503,0011952,하노버재보험(주) 한국지점,A21,파생상품 거래 손실,0,0,외국손보사,B,SI023,부문별 손익(파생상품)
6754,202503,0011952,하노버재보험(주) 한국지점,A22,파생상품 평가 손실,0,0,외국손보사,B,SI023,부문별 손익(파생상품)
6755,202506,0011952,하노버재보험(주) 한국지점,A,파생상품 관련 손익,0,0,외국손보사,B,SI023,부문별 손익(파생상품)
6756,202506,0011952,하노버재보험(주) 한국지점,A1,파생상품 관련 손익_파생상품 관련 이익,0,0,외국손보사,B,SI023,부문별 손익(파생상품)
6757,202506,0011952,하노버재보험(주) 한국지점,A11,파생상품 거래 이익,0,0,외국손보사,B,SI023,부문별 손익(파생상품)
6758,202506,0011952,하노버재보험(주) 한국지점,A12,파생상품 평가 이익,0,0,외국손보사,B,SI023,부문별 손익(파생상품)
6759,202506,0011952,하노버재보험(주) 한국지점,A2,파생상품 관련 손실,0,0,외국손보사,B,SI023,부문별 손익(파생상품)
6760,202506,0011952,하노버재보험(주) 한국지점,A21,파생상품 거래 손실,0,0,외국손보사,B,SI023,부문별 손익(파생상품)
6761,202506,0011952,하노버재보험(주) 한국지점,A22,파생상품 평가 손실,0,0,외국손보사,B,SI023,부문별 손익(파생상품)
6762,202509,0011952,하노버재보험(주) 한국지점,A,파생상품 관련 손익,0,0,외국손보사,B,SI023,부문별 손익(파생상품)
6763,202509,0011952,하노버재보험(주) 한국지점,A1,파생상품 관련 손익_파생상품 관련 이익,0,0,외국손보사,B,SI023,부문별 손익(파생상품)
6764,202509,0011952,하노버재보험(주) 한국지점,A11,파생상품 거래 이익,0,0,외국손보사,B,SI023,부문별 손익(파생상품)
6765,202509,0011952,하노버재보험(주) 한국지점,A12,파생상품 평가 이익,0,0,외국손보사,B,SI023,부문별 손익(파생상품)
6766,202509,0011952,하노버재보험(주) 한국지점,A2,파생상품 관련 손실,0,0,외국손보사,B,SI023,부문별 손익(파생상품)
6767,202509,0011952,하노버재보험(주) 한국지점,A21,파생상품 거래 손실,0,0,외국손보사,B,SI023,부문별 손익(파생상품)
6768,202509,0011952,하노버재보험(주) 한국지점,A22,파생상품 평가 손실,0,0,외국손보사,B,SI023,부문별 손익(파생상품)
