,금융구분,금융회사코드,금융회사명,통계분류,통계표코드,통계표명,코드,구분,200903,200906,200909,200912,201003,201006,201009,201012,201103,201106,201109,201112,201203,201206,201209,201212,201303,201306,201309,201312,201403,201406,201409,201412,201503,201506,201509,201512,201603,201606,201609,201612,201703,201706,201709,201712,201803,201806,201809,201812,201903,201906,201909,201912,202003,202006,202009,202012,202103,202106,202109,202112,202203,202206,202209,202212,202303,202306,202309,202312,202403,202406,202409,202412
0,국내생보사,10593,한화생명보험주식회사,B,SH117,용도별 대출채권(용도별 대출채권),A,가계대출채권,9736009901000.0,9711824630000.0,9924144545000.0,10041602701000.0,10084016878000.0,10079044021000.0,10120825373000.0,10140683865000.0,10133639502000.0,10140719643000.0,10386659594000.0,10660394514000.0,10606149525000.0,10623519189000.0,10774985378000.0,10980022431000.0,10969968927000.0,11128226064000.0,11218930898000.0,11417185447000.0,11373966769000.0,11225427812000.0,11010379699000.0,10864890841000.0,10755304718000.0,10768005099000.0,10829438757000.0,10983376545000.0,10993173003000.0,11171681379000.0,11319136195000.0,11722607631000.0,11935436348000.0,11941125832000.0,11978639542000.0,12176488606000.0,12293225182000.0,12366509284000.0,12473700020000.0,12693601352000.0,12655676353000.0,12784275919000.0,13078502727000.0,13381400416000.0,13548756756000.0,13497402304000.0,13810275932000.0,13968714078000.0,13925229812000.0,13972839753000.0,14090377101000.0,14577420584000.0,14600624228000.0,14559868017000.0,14610329960000.0,14960197146000.0,7568222528000.0,7566609073000.0,7498802142000.0,7362535816000.0,7220412479000.0,7120975102000.0,7096313373000.0,7237020687000.0
1,국내생보사,10593,한화생명보험주식회사,B,SH117,용도별 대출채권(용도별 대출채권),B,중소기업 대출채권,1688018128000.0,2082038944000.0,2232290196000.0,2172542026000.0,2243450441000.0,2240626502000.0,2448709882000.0,2459154184000.0,2760247668000.0,2738157780000.0,2455534888000.0,2526572059000.0,2551237179000.0,2626328176000.0,2907159162000.0,2987933360000.0,3234136538000.0,3645619262000.0,3879193309000.0,3938092474000.0,4020577026000.0,4210927699000.0,4433494596000.0,4510589907000.0,4529299515000.0,4333185802000.0,3481598523000.0,3533402012000.0,3653725412000.0,3835919937000.0,3888439610000.0,4586462775000.0,4449963385000.0,4788359604000.0,5051060370000.0,5096926415000.0,5252110964000.0,5043809603000.0,5270352973000.0,5560335519000.0,5881681683000.0,5937056794000.0,6445001941000.0,6783504828000.0,7198355665000.0,6989827258000.0,7310788072000.0,6103259987000.0,6063404885000.0,5265912476000.0,5091572665000.0,4934361378000.0,4990095445000.0,5472364960000.0,5720006832000.0,5572114497000.0,5523307558000.0,5633434616000.0,5526424641000.0,5244945768000.0,5068816253000.0,4883493677000.0,4871116972000.0,4507128420000.0
2,국내생보사,10593,한화생명보험주식회사,B,SH117,용도별 대출채권(용도별 대출채권),B1,중소기업 대출채권_개인사업자 대출채권,8714673000.0,8173431000.0,7178358000.0,6623804000.0,4630101000.0,4659813000.0,4596323000.0,4684663000.0,5091185000.0,3663765000.0,3406412000.0,3394674000.0,3156062000.0,4598410000.0,20082182000.0,24533516000.0,30344943000.0,39506651000.0,49724073000.0,49816883000.0,52227787000.0,11807543000.0,11767787000.0,10431181000.0,9549300000.0,8268256000.0,7908380000.0,7400348000.0,7155490000.0,7545637000.0,7186356000.0,7324403000.0,7664569000.0,8172849000.0,17230421000.0,19857203000.0,19728867000.0,19678365000.0,18904092000.0,17888952000.0,17929024000.0,21703941000.0,21263351000.0,20131950000.0,19620763000.0,18408438000.0,17175458000.0,16591867000.0,16177819000.0,15783777000.0,15892435000.0,15828058000.0,15851621000.0,15980573000.0,11586721000.0,11354463000.0,4303999000.0,4049825000.0,3958382000.0,3830884000.0,3701115000.0,3634997000.0,3214925000.0,3177570000.0
3,국내생보사,10593,한화생명보험주식회사,B,SH117,용도별 대출채권(용도별 대출채권),C,대기업 대출채권,1101891768000.0,880331983000.0,1005068068000.0,1063384061000.0,1121640944000.0,1159924578000.0,1425154019000.0,1497338659000.0,1529764900000.0,1420731782000.0,1257924603000.0,1317336045000.0,1426530038000.0,1536763707000.0,1962835493000.0,2021237138000.0,2087945899000.0,1923827381000.0,2248848230000.0,2443567031000.0,2525018316000.0,3026604317000.0,3168223830000.0,2657511977000.0,2691253561000.0,2504731404000.0,3581339696000.0,3372507566000.0,3432481345000.0,3773079827000.0,3545885303000.0,3466878546000.0,3585397185000.0,3559788723000.0,3389436353000.0,3390629351000.0,3407561964000.0,3844021987000.0,3870102837000.0,3766470310000.0,3582991183000.0,4039721952000.0,3754697171000.0,4043622532000.0,3985658147000.0,4414724771000.0,4553359505000.0,4651825903000.0,4327217099000.0,5115413423000.0,5014505320000.0,4804990527000.0,4865145401000.0,4659830876000.0,4487029949000.0,4170099559000.0,4106854561000.0,4298959846000.0,4072841460000.0,4041402219000.0,3983243884000.0,3854970485000.0,3808364920000.0,3751778046000.0
4,국내생보사,10593,한화생명보험주식회사,B,SH117,용도별 대출채권(용도별 대출채권),D,공공 및 기타자금 대출채권,28322013000.0,20702165000.0,17412493000.0,13255917000.0,11451784000.0,7267318000.0,5097364000.0,3310588000.0,2623057000.0,910285000.0,226220000.0,260893000.0,248003000.0,313633000.0,357733000.0,240133000.0,213483000.0,237363000.0,272164000.0,343914000.0,390381000.0,323921000.0,390401000.0,298991000.0,373918000.0,373361000.0,459755000.0,513730000.0,621178000.0,831148000.0,1556908000.0,1308421000.0,1298332000.0,1274429000.0,1208961000.0,1197651000.0,1353211000.0,71809741000.0,71731699000.0,72479000000.0,86676547000.0,72373460000.0,72607367000.0,72185865000.0,72134405000.0,132071355000.0,132164955000.0,132210395000.0,132260395000.0,132512045000.0,132466015000.0,132484395000.0,132652265000.0,133395973000.0,133353143000.0,133465534000.0,130000000000.0,0.0,0.0,0.0,0.0,0.0,0.0,0.0
5,국내생보사,10593,한화생명보험주식회사,B,SH117,용도별 대출채권(용도별 대출채권),E,계,12554241810000.0,12694897722000.0,13178915302000.0,13290784705000.0,13460560047000.0,13486862419000.0,13999786638000.0,14100487296000.0,14426275127000.0,14300519490000.0,14100345305000.0,14504563511000.0,14584164745000.0,14786924705000.0,15645337766000.0,15989433062000.0,16292264847000.0,16697910070000.0,17347244601000.0,17799188866000.0,17919952492000.0,18463283749000.0,18612488526000.0,18033291716000.0,17976231712000.0,17606295666000.0,17892836731000.0,17889799853000.0,18080000938000.0,18781512291000.0,18755018016000.0,19777257373000.0,19972095250000.0,20290548588000.0,20420345226000.0,20665242023000.0,20954251321000.0,21326150615000.0,21685887529000.0,22092886181000.0,22207025766000.0,22833428125000.0,23350809206000.0,24280713641000.0,24804904973000.0,25034025688000.0,25806588462000.0,24856010362000.0,24448112191000.0,24486677697000.0,24328921099000.0,24449256882000.0,24588517338000.0,24825459826000.0,24950719884000.0,24835876736000.0,17328384648000.0,17499003537000.0,17098068244000.0,16648883802000.0,16272472617000.0,15859439264000.0,15775795264000.0,15495927153000.0
6,국내생보사,10595,삼성생명보험주식회사,B,SH117,용도별 대출채권(용도별 대출채권),A,가계대출채권,19407486410000.0,19541411975000.0,19939293506000.0,20136206305000.0,20370715081000.0,19912974441000.0,19995034935000.0,19941328313000.0,20030643488000.0,19806010280000.0,20493860758000.0,20407039463000.0,20285215102000.0,20308462431000.0,20614494596000.0,21392401888000.0,21240618936000.0,22109365580000.0,22201600587000.0,23125439604000.0,23566370814000.0,23980029302000.0,24863156646000.0,26226403609000.0,26706634102000.0,27271540946000.0,28187242910000.0,29519788169000.0,29893941492000.0,30318942148000.0,30917806990000.0,32133036921000.0,32380575829000.0,32927437218000.0,33497732573000.0,34245799091000.0,34551699255000.0,34890901165000.0,35206335827000.0,36042574123000.0,35956582920000.0,36052661256000.0,36090639892000.0,36360599419000.0,36716808903000.0,36728503187000.0,37612588735000.0,37938707681000.0,38840918678000.0,39600756544000.0,40014693709000.0,39844133469000.0,39997636391000.0,40373584751000.0,40800185203000.0,41178228365000.0,25550363102000.0,25633068566000.0,25542351316000.0,25465897967000.0,25250995863000.0,25220474696000.0,25388740178000.0,25461765080000.0
7,국내생보사,10595,삼성생명보험주식회사,B,SH117,용도별 대출채권(용도별 대출채권),B,중소기업 대출채권,3944771344000.0,3575961493000.0,3369737550000.0,3116023630000.0,3077977487000.0,3099935765000.0,3005304456000.0,3010896534000.0,3023951229000.0,2850106051000.0,2815896453000.0,2875387012000.0,2841164000000.0,3081113708000.0,2962088959000.0,2927091242000.0,3057080245000.0,3367671999000.0,3249745199000.0,3278529291000.0,3395945756000.0,3548498434000.0,3648956343000.0,3576531614000.0,3932024199000.0,4579568456000.0,4763933182000.0,4958856481000.0,5078973096000.0,5917015311000.0,6267108206000.0,6949477032000.0,7090389609000.0,7745353911000.0,8882641230000.0,9422061618000.0,9707109470000.0,9809441640000.0,9931536062000.0,10042406471000.0,10096177344000.0,10342903871000.0,10897571871000.0,11475546024000.0,11776969125000.0,11275893944000.0,12172284483000.0,12440990491000.0,12938424980000.0,13035427012000.0,14263144528000.0,13762085771000.0,14228986042000.0,14610033624000.0,14356242618000.0,13965052866000.0,13371702027000.0,13081843843000.0,12141535239000.0,11462577487000.0,10643408890000.0,9824458025000.0,8736831310000.0,8158500648000.0
8,국내생보사,10595,삼성생명보험주식회사,B,SH117,용도별 대출채권(용도별 대출채권),B1,중소기업 대출채권_개인사업자 대출채권,117106867000.0,108313580000.0,105166805000.0,101676109000.0,97206052000.0,94972011000.0,86054485000.0,74438202000.0,69723719000.0,64045773000.0,61894427000.0,59986932000.0,57100500000.0,54047675000.0,49882930000.0,52972623000.0,59563710000.0,56910968000.0,55674721000.0,54136423000.0,53463841000.0,51198994000.0,53980615000.0,49600042000.0,30885215000.0,29231804000.0,19583018000.0,18537491000.0,18526981000.0,18487276000.0,15764922000.0,15631877000.0,14044651000.0,13833107000.0,13958189000.0,15247143000.0,15290737000.0,14279916000.0,13403287000.0,14045459000.0,14788096000.0,40896049000.0,101781353000.0,154919048000.0,205811521000.0,249498022000.0,267622203000.0,289430350000.0,305190895000.0,318689318000.0,320518978000.0,313156513000.0,327816539000.0,370287478000.0,414515573000.0,421491915000.0,430041945000.0,427606177000.0,438342877000.0,425728106000.0,421220699000.0,399146487000.0,390524284000.0,384668305000.0
9,국내생보사,10595,삼성생명보험주식회사,B,SH117,용도별 대출채권(용도별 대출채권),C,대기업 대출채권,2952222883000.0,2606044991000.0,2925230263000.0,2805350147000.0,2727375168000.0,1930254026000.0,2309249003000.0,2455243756000.0,2695791987000.0,2223300475000.0,2320515052000.0,2299263475000.0,2779440236000.0,2605392270000.0,2416126970000.0,2116370056000.0,2324684545000.0,2051761927000.0,2698924356000.0,2813659728000.0,2883465162000.0,2968520246000.0,2911145141000.0,3120968072000.0,3369770826000.0,3434812079000.0,3623892423000.0,3924271032000.0,4080862176000.0,4380768330000.0,4657167386000.0,5183777976000.0,5604333683000.0,5679420694000.0,5927210024000.0,6334175156000.0,6602214207000.0,6660854795000.0,6942343507000.0,6713130665000.0,6961105539000.0,7132479510000.0,7267953233000.0,7481385824000.0,7736353847000.0,8018139389000.0,8716957989000.0,8813503718000.0,9209584225000.0,9497604699000.0,9558306317000.0,9694670575000.0,9745519850000.0,10175029780000.0,9966280736000.0,9827118076000.0,9466150175000.0,9656213125000.0,9622538597000.0,9612819899000.0,9330272637000.0,9040674827000.0,8863755945000.0,8957303794000.0
10,국내생보사,10595,삼성생명보험주식회사,B,SH117,용도별 대출채권(용도별 대출채권),D,공공 및 기타자금 대출채권,0.0,0.0,0.0,0.0,0.0,0.0,0.0,0.0,0.0,0.0,0.0,0.0,0.0,0.0,0.0,0.0,0.0,0.0,0.0,0.0,0.0,0.0,0.0,0.0,0.0,0.0,0.0,0.0,0.0,0.0,0.0,0.0,0.0,0.0,0.0,0.0,0.0,0.0,0.0,0.0,0.0,0.0,0.0,0.0,0.0,0.0,0.0,0.0,0.0,0.0,0.0,0.0,0.0,0.0,0.0,0.0,0.0,0.0,0.0,0.0,0.0,0.0,0.0,0.0
11,국내생보사,10595,삼성생명보험주식회사,B,SH117,용도별 대출채권(용도별 대출채권),E,계,26304480637000.0,25723418459000.0,26234261319000.0,26057580082000.0,26176067736000.0,24943164232000.0,25309588394000.0,25407468603000.0,25750386704000.0,24879416806000.0,25630272263000.0,25581689950000.0,25905819338000.0,25994968409000.0,25992710525000.0,26435863186000.0,26622383726000.0,27528799506000.0,28150270142000.0,29217628623000.0,29845781732000.0,30497047982000.0,31423258130000.0,32923903295000.0,34008429127000.0,35285921481000.0,36575068515000.0,38402915682000.0,39053776764000.0,40616725789000.0,41842082582000.0,44266291929000.0,45075299121000.0,46352211823000.0,48307583827000.0,50002035865000.0,50861022932000.0,51361197600000.0,52080215396000.0,52798111259000.0,53013865803000.0,53528044637000.0,54256164996000.0,55317531267000.0,56230131875000.0,56022536520000.0,58501831205000.0,59193201893000.0,60988927882000.0,62133788251000.0,63836144556000.0,63300889815000.0,63972142282000.0,65158648153000.0,65122708555000.0,64970399307000.0,48388215303000.0,48371125531000.0,47306425149000.0,46541295352000.0,45224677390000.0,44085607550000.0,42989327432000.0,42577569523000.0
12,국내생보사,10596,흥국생명보험주식회사,B,SH117,용도별 대출채권(용도별 대출채권),A,가계대출채권,1430276997000.0,1376887810000.0,1364270603000.0,1388660579000.0,1405025604000.0,1448827523000.0,1480717355000.0,1488828452000.0,1545669908000.0,1606129429000.0,1676434475000.0,1757679253000.0,1824669344000.0,1848415494000.0,1873449470000.0,1936562508000.0,1993059409000.0,2102502768000.0,2170395540000.0,2237316537000.0,2294018827000.0,2408472307000.0,2436219602000.0,2484274978000.0,2489974959000.0,2497624405000.0,2534662651000.0,2619339600000.0,2650042212000.0,2696520785000.0,2738113527000.0,2787141524000.0,2801423295000.0,2829058659000.0,2725077962000.0,2759878745000.0,2755080141000.0,2798053557000.0,2813695159000.0,2873618910000.0,2744945806000.0,2751108487000.0,2745788201000.0,2746918455000.0,2724869239000.0,2636982802000.0,2590303826000.0,2624672027000.0,2676892882000.0,2693991453000.0,2652233570000.0,2727198678000.0,2714241914000.0,2739839200000.0,2744602517000.0,2816764746000.0,1455168768000.0,1465300099000.0,1400784688000.0,1284048869000.0,1134978704000.0,1116490698000.0,1106157606000.0,1104994830000.0
13,국내생보사,10596,흥국생명보험주식회사,B,SH117,용도별 대출채권(용도별 대출채권),B,중소기업 대출채권,497945354000.0,444492532000.0,417289648000.0,390881243000.0,387470049000.0,389475200000.0,397562982000.0,407648110000.0,427476785000.0,448911906000.0,479937128000.0,527299113000.0,556712383000.0,573882566000.0,577051040000.0,632764542000.0,670706923000.0,746108019000.0,820704697000.0,896157394000.0,971402421000.0,1253617191000.0,1276271661000.0,1442221302000.0,1429031525000.0,1648928384000.0,1673555307000.0,1762510540000.0,1783193161000.0,1780460577000.0,2014881932000.0,1812427666000.0,1748875406000.0,1707299384000.0,1810838794000.0,2152514183000.0,1997441610000.0,2039373917000.0,2158128810000.0,2158556389000.0,2247837395000.0,2254523412000.0,2293544430000.0,2398681291000.0,2613640016000.0,2828590981000.0,2981542320000.0,3421319874000.0,3606598365000.0,3821293377000.0,3718893067000.0,3830936977000.0,3811472014000.0,3709062856000.0,3662658239000.0,3618646072000.0,3479045402000.0,3398781681000.0,3259071065000.0,2941878403000.0,2680250207000.0,2410795569000.0,2250446487000.0,2028704428000.0
14,국내생보사,10596,흥국생명보험주식회사,B,SH117,용도별 대출채권(용도별 대출채권),B1,중소기업 대출채권_개인사업자 대출채권,320050438000.0,246518831000.0,195753958000.0,170059500000.0,148969642000.0,149711391000.0,155538792000.0,150832647000.0,160385268000.0,181408780000.0,203912615000.0,214540470000.0,230533827000.0,242223527000.0,238889645000.0,241071271000.0,251985868000.0,266748203000.0,278202419000.0,290778946000.0,290300971000.0,304952375000.0,271274044000.0,236983992000.0,210265893000.0,184204034000.0,172682367000.0,159335075000.0,147676515000.0,135484903000.0,126200734000.0,115125192000.0,102357068000.0,89344245000.0,81140703000.0,76273295000.0,69687872000.0,63891348000.0,58727553000.0,54630271000.0,51660363000.0,48065492000.0,44488489000.0,39986168000.0,37467554000.0,34115328000.0,32832502000.0,30866407000.0,29130131000.0,27569015000.0,25243687000.0,23457680000.0,22787635000.0,22126533000.0,21275193000.0,20934499000.0,20672669000.0,19958492000.0,18730159000.0,18072124000.0,16500330000.0,15894869000.0,15068705000.0,14785986000.0
15,국내생보사,10596,흥국생명보험주식회사,B,SH117,용도별 대출채권(용도별 대출채권),C,대기업 대출채권,129346953000.0,135265384000.0,232573350000.0,178879576000.0,161118777000.0,227024531000.0,198453864000.0,307171770000.0,219974872000.0,250495074000.0,164669242000.0,124843862000.0,169897320000.0,235841319000.0,271175013000.0,274149296000.0,292888249000.0,586164249000.0,760817337000.0,1040661620000.0,1119422561000.0,1173045476000.0,1240354147000.0,1383436084000.0,1528409259000.0,1362786837000.0,1493710348000.0,1563517635000.0,1446115864000.0,1321757437000.0,1317615962000.0,1322185674000.0,1351307084000.0,1271646910000.0,1299901286000.0,1234321240000.0,1350090003000.0,1376305912000.0,1371036424000.0,1355827536000.0,1329836274000.0,1326432903000.0,1325353946000.0,1324500484000.0,1371819541000.0,1414408449000.0,1393204310000.0,1423116025000.0,1415348184000.0,1469165045000.0,1456438776000.0,1389524083000.0,1444786312000.0,1390757848000.0,1415650598000.0,1284197834000.0,841552579000.0,791582253000.0,691394984000.0,651743200000.0,647193261000.0,615050698000.0,573158533000.0,561058000000.0
16,국내생보사,10596,흥국생명보험주식회사,B,SH117,용도별 대출채권(용도별 대출채권),D,공공 및 기타자금 대출채권,30000000000.0,30000000000.0,30000000000.0,30000000000.0,30000000000.0,0.0,0.0,0.0,0.0,0.0,0.0,0.0,0.0,0.0,0.0,0.0,0.0,0.0,0.0,0.0,0.0,0.0,0.0,0.0,0.0,0.0,0.0,0.0,0.0,0.0,0.0,0.0,0.0,0.0,0.0,0.0,0.0,0.0,0.0,0.0,0.0,0.0,0.0,0.0,0.0,0.0,0.0,0.0,0.0,0.0,0.0,0.0,0.0,0.0,0.0,0.0,0.0,0.0,0.0,0.0,0.0,0.0,0.0,0.0
17,국내생보사,10596,흥국생명보험주식회사,B,SH117,용도별 대출채권(용도별 대출채권),E,계,2087569304000.0,1986645726000.0,2044133601000.0,1988421398000.0,1983614429000.0,2065327253000.0,2076734201000.0,2203648332000.0,2193121565000.0,2305536409000.0,2321040845000.0,2409822228000.0,2551279047000.0,2658139379000.0,2721675523000.0,2843476346000.0,2956654581000.0,3434775036000.0,3751917574000.0,4174135551000.0,4384843809000.0,4835134974000.0,4952845410000.0,5309932364000.0,5447415743000.0,5509339626000.0,5701928306000.0,5945367775000.0,5879351237000.0,5798738799000.0,6070611421000.0,5921754864000.0,5901605785000.0,5808004953000.0,5835818042000.0,6146714168000.0,6102611754000.0,6213733386000.0,6342860393000.0,6388002835000.0,6322619475000.0,6332064802000.0,6364686577000.0,6470100230000.0,6710328796000.0,6879982232000.0,6965050459000.0,7469107926000.0,7698839430000.0,7984449873000.0,7827565415000.0,7947659741000.0,7970500239000.0,7839659904000.0,7822911350000.0,7719608650000.0,5775766745000.0,5655664031000.0,5351250737000.0,4877670474000.0,4462422170000.0,4142336962000.0,3929762627000.0,3694757259000.0
18,국내생보사,10597,교보생명보험주식회사,B,SH117,용도별 대출채권(용도별 대출채권),A,가계대출채권,8866452983000.0,8664812235000.0,8679725028000.0,8879442463000.0,8946859534000.0,8875872584000.0,8921604350000.0,9048014777000.0,9114872591000.0,9275120771000.0,9768084476000.0,10131322862000.0,10201047816000.0,10448232881000.0,10476185636000.0,10699145324000.0,10733355216000.0,10784037358000.0,10971324600000.0,11046014014000.0,10904577389000.0,11048125002000.0,10869802307000.0,10798781433000.0,10997247404000.0,10805253913000.0,10850278826000.0,11215443553000.0,11219708202000.0,11450517664000.0,11495066419000.0,11824834764000.0,11499614792000.0,11604238672000.0,11411730428000.0,11522429465000.0,11062373132000.0,11014306750000.0,10989580808000.0,11062394527000.0,10895590808000.0,10735809218000.0,10557169569000.0,10244645959000.0,10040141690000.0,9599906802000.0,9479492114000.0,9661043555000.0,9771207480000.0,9834818907000.0,10056505153000.0,10079974439000.0,10083826142000.0,10093303782000.0,10099690510000.0,10258579742000.0,3766642326000.0,3835582972000.0,3933871603000.0,3929202031000.0,3967957681000.0,4014042690000.0,4050285463000.0,4115179950000.0
19,국내생보사,10597,교보생명보험주식회사,B,SH117,용도별 대출채권(용도별 대출채권),B,중소기업 대출채권,1933408033000.0,2012475614000.0,2257243547000.0,2636261073000.0,2633686753000.0,2813297871000.0,2997692646000.0,3156099148000.0,3317203904000.0,3261749693000.0,3488808548000.0,3588460590000.0,3581787486000.0,3747719368000.0,3769898904000.0,3752925641000.0,3861676829000.0,3833027498000.0,3877528164000.0,3891269382000.0,3939119682000.0,4119373320000.0,4286781935000.0,4301218265000.0,4292274878000.0,4106905881000.0,4153522133000.0,4259881197000.0,4493714796000.0,4682031262000.0,4733531094000.0,4996321600000.0,5074848566000.0,4875311037000.0,4913118614000.0,4941946612000.0,5116745809000.0,5462825311000.0,6053722126000.0,6226144685000.0,6359564863000.0,6758068163000.0,6859434836000.0,7046626445000.0,7569453877000.0,7724203391000.0,7891076549000.0,8249667768000.0,8492581356000.0,8468351627000.0,8368668467000.0,8923796520000.0,8956377376000.0,8933369349000.0,8992960057000.0,8821249021000.0,8671188221000.0,8760208755000.0,8977834285000.0,8994847587000.0,8663991525000.0,8519029418000.0,8605836812000.0,8893830471000.0
20,국내생보사,10597,교보생명보험주식회사,B,SH117,용도별 대출채권(용도별 대출채권),B1,중소기업 대출채권_개인사업자 대출채권,35429782000.0,17845966000.0,17605844000.0,17168580000.0,14615561000.0,14051466000.0,14569975000.0,10775011000.0,12155206000.0,12406834000.0,23520322000.0,30696134000.0,40058235000.0,42241154000.0,43184543000.0,39268323000.0,40797890000.0,40834160000.0,48921750000.0,41377654000.0,40665769000.0,38477635000.0,39604074000.0,31446007000.0,26599025000.0,27040913000.0,27311942000.0,26049492000.0,25550502000.0,25719164000.0,28507943000.0,31107360000.0,30105941000.0,29426887000.0,30954005000.0,30956491000.0,31414166000.0,34241269000.0,37901287000.0,36354193000.0,38201897000.0,35792472000.0,36629636000.0,37425864000.0,38906776000.0,36478646000.0,34481287000.0,32892902000.0,33614570000.0,39622615000.0,42039383000.0,41003800000.0,40116957000.0,43247942000.0,42866795000.0,44344690000.0,0.0,0.0,0.0,0.0,0.0,0.0,0.0,0.0
21,국내생보사,10597,교보생명보험주식회사,B,SH117,용도별 대출채권(용도별 대출채권),C,대기업 대출채권,734293205000.0,657679329000.0,667734344000.0,652020296000.0,711330775000.0,586048649000.0,597300843000.0,700309035000.0,735747286000.0,719733626000.0,777576628000.0,618607691000.0,683786177000.0,695122325000.0,838329633000.0,820944315000.0,860260600000.0,887349021000.0,1098028600000.0,1106479951000.0,1161073511000.0,1096521901000.0,1060195149000.0,899077981000.0,1228126218000.0,1260396108000.0,1300957944000.0,1239274454000.0,1240299173000.0,1172112737000.0,1495357907000.0,1650349024000.0,1685700536000.0,1786593663000.0,1961841958000.0,2149236881000.0,2849948150000.0,3113774418000.0,3133473188000.0,3269165905000.0,3333564178000.0,3824205947000.0,4113601385000.0,3925689897000.0,4058902427000.0,4351906554000.0,4622203227000.0,4649583328000.0,4981345453000.0,5436175789000.0,5344800403000.0,5158972220000.0,5873752779000.0,6596790438000.0,6694082476000.0,6592261896000.0,6379728628000.0,6616405816000.0,6520548910000.0,6436224709000.0,6242742971000.0,6534858913000.0,6515546710000.0,6217214377000.0
22,국내생보사,10597,교보생명보험주식회사,B,SH117,용도별 대출채권(용도별 대출채권),D,공공 및 기타자금 대출채권,168453587000.0,155577522000.0,148172166000.0,136626660000.0,123487574000.0,109690611000.0,96380994000.0,83235832000.0,71392334000.0,58912672000.0,87291662000.0,36042616000.0,26686519000.0,17297676000.0,9287547000.0,6905895000.0,4962526000.0,3320027000.0,1829261000.0,1249340000.0,253228000.0,127491000.0,0.0,0.0,0.0,0.0,0.0,0.0,0.0,0.0,0.0,0.0,0.0,0.0,0.0,0.0,0.0,0.0,0.0,0.0,0.0,0.0,0.0,0.0,0.0,0.0,0.0,0.0,0.0,0.0,0.0,0.0,0.0,0.0,0.0,0.0,0.0,0.0,0.0,0.0,0.0,0.0,0.0,0.0
23,국내생보사,10597,교보생명보험주식회사,B,SH117,용도별 대출채권(용도별 대출채권),E,계,11702607808000.0,11490544700000.0,11752875085000.0,12304350492000.0,12415364636000.0,12384909715000.0,12612978833000.0,12987658792000.0,13239216115000.0,13315516762000.0,14121761314000.0,14374433759000.0,14493307998000.0,14908372250000.0,15093701720000.0,15279921175000.0,15460255171000.0,15507733904000.0,15948710625000.0,16045012687000.0,16005023810000.0,16264147714000.0,16216779391000.0,15999077679000.0,16517648500000.0,16172555902000.0,16304758903000.0,16714599204000.0,16953722171000.0,17304661663000.0,17723955420000.0,18471505388000.0,18260163894000.0,18266143372000.0,18286691000000.0,18613612958000.0,19029067091000.0,19590906479000.0,20176776122000.0,20557705117000.0,20588719849000.0,21318083328000.0,21530205790000.0,21216962301000.0,21668497994000.0,21676016747000.0,21992771889000.0,22560294652000.0,23245134289000.0,23739346321000.0,23769974024000.0,24162743181000.0,24913956297000.0,25623463568000.0,25786733045000.0,25672090662000.0,18817559176000.0,19212197542000.0,19432254798000.0,19360274329000.0,18874692178000.0,19067931022000.0,19171668986000.0,19226224798000.0
24,국내생보사,10599,신한라이프생명보험주식회사,B,SH117,용도별 대출채권(용도별 대출채권),A,가계대출채권,1582120952000.0,1558611614000.0,1579878938000.0,1619159926000.0,1630297044000.0,1640249024000.0,1646404475000.0,1637401520000.0,1632606727000.0,1658446785000.0,1786996749000.0,1898499549000.0,1935007136000.0,1989330710000.0,2022499143000.0,2092655356000.0,2138046782000.0,2214861492000.0,2291907845000.0,2399623762000.0,2439785547000.0,2457315389000.0,2475229016000.0,2525492534000.0,2535909132000.0,2574527029000.0,2644131204000.0,2768387829000.0,2817464491000.0,2894500791000.0,2971090981000.0,3089386423000.0,3122716281000.0,3165166975000.0,3200256755000.0,3262947996000.0,3287246120000.0,3344215600000.0,3389410981000.0,3498981760000.0,3508733775000.0,3525589036000.0,3553745372000.0,3639511942000.0,3638892064000.0,3584251378000.0,3597207567000.0,3638579152000.0,3637730503000.0,3658254912000.0,5843919405000.0,5950760979000.0,5905321048000.0,5901680974000.0,5914610101000.0,6014577621000.0,849101299000.0,826675522000.0,809206561000.0,801422270000.0,785641623000.0,777305495000.0,755717502000.0,717591102000.0
25,국내생보사,10599,신한라이프생명보험주식회사,B,SH117,용도별 대출채권(용도별 대출채권),B,중소기업 대출채권,771135919000.0,773759677000.0,798030252000.0,894135499000.0,930430706000.0,940213310000.0,925636310000.0,896641609000.0,826067756000.0,855589976000.0,861270821000.0,896190778000.0,966893675000.0,1047085349000.0,1115490103000.0,1266282529000.0,1296849269000.0,1373673692000.0,1426097210000.0,1307478826000.0,1523481641000.0,1405297438000.0,1446644995000.0,1548536586000.0,1528313813000.0,1551254390000.0,1558443181000.0,1598501337000.0,1555845364000.0,1395248244000.0,1307497512000.0,1252267778000.0,1288157743000.0,1280685282000.0,1349049287000.0,1451372487000.0,1455885305000.0,1562394224000.0,1651061914000.0,1785598206000.0,1801088777000.0,1829307085000.0,1863928307000.0,1920776712000.0,1952660166000.0,1981957180000.0,2184365197000.0,2398227559000.0,2456197440000.0,2518314990000.0,2631983396000.0,2616091565000.0,2677106487000.0,2557589527000.0,2586740790000.0,2624304932000.0,2502312997000.0,2446340171000.0,2266206409000.0,2258486183000.0,2175802095000.0,1960826819000.0,1743091728000.0,1639625552000.0
26,국내생보사,10599,신한라이프생명보험주식회사,B,SH117,용도별 대출채권(용도별 대출채권),B1,중소기업 대출채권_개인사업자 대출채권,34638260000.0,28976377000.0,21746380000.0,16908447000.0,15544677000.0,14911687000.0,13163256000.0,10322464000.0,8361404000.0,7884303000.0,7742311000.0,7980840000.0,9729620000.0,29718147000.0,34556993000.0,39147403000.0,39228747000.0,24181559000.0,25199642000.0,27189910000.0,30864419000.0,48429319000.0,47973738000.0,44504091000.0,38221143000.0,18419500000.0,17726972000.0,15008436000.0,14246486000.0,13605407000.0,13583313000.0,15639596000.0,15778609000.0,16924185000.0,16773013000.0,12361139000.0,7445016000.0,7019375000.0,6539925000.0,6453229000.0,5833625000.0,5728958000.0,4581711000.0,4510535000.0,4513025000.0,3039907000.0,2852332000.0,2814729000.0,2800429000.0,2463399000.0,2070412000.0,2092397000.0,1578012000.0,1605265000.0,1524397000.0,2225757000.0,890000000.0,0.0,0.0,0.0,0.0,0.0,0.0,0.0
27,국내생보사,10599,신한라이프생명보험주식회사,B,SH117,용도별 대출채권(용도별 대출채권),C,대기업 대출채권,209025127000.0,219505507000.0,209960679000.0,188564836000.0,256873299000.0,276864782000.0,243587726000.0,321048945000.0,291048726000.0,296548726000.0,333149069000.0,355904895000.0,331780877000.0,365752871000.0,394586078000.0,420617836000.0,403445491000.0,414852708000.0,470623857000.0,631258270000.0,665029223000.0,959414192000.0,859963195000.0,908315021000.0,947669421000.0,979989631000.0,1056727315000.0,1079051079000.0,1106589509000.0,1252496484000.0,1308979176000.0,1335195860000.0,1322992804000.0,1300720658000.0,1275427737000.0,1233648362000.0,1254601391000.0,1413028116000.0,1216458926000.0,1149608052000.0,1140873145000.0,1115993858000.0,1087521368000.0,993600442000.0,1000475606000.0,1190521810000.0,1002665502000.0,987571525000.0,924766471000.0,889430184000.0,858690129000.0,830756135000.0,819648671000.0,829911729000.0,831284017000.0,812663754000.0,847985975000.0,755803467000.0,708819362000.0,600656717000.0,505264218000.0,510199517000.0,550060021000.0,487018585000.0
28,국내생보사,10599,신한라이프생명보험주식회사,B,SH117,용도별 대출채권(용도별 대출채권),D,공공 및 기타자금 대출채권,0.0,0.0,0.0,0.0,0.0,0.0,0.0,0.0,0.0,0.0,0.0,0.0,0.0,0.0,0.0,0.0,0.0,0.0,0.0,0.0,0.0,0.0,0.0,0.0,0.0,0.0,0.0,0.0,0.0,0.0,0.0,0.0,0.0,0.0,0.0,0.0,0.0,0.0,0.0,0.0,0.0,0.0,0.0,0.0,0.0,0.0,0.0,0.0,0.0,0.0,41132000.0,41132000.0,56132000.0,0.0,0.0,0.0,0.0,0.0,0.0,0.0,0.0,0.0,0.0,0.0
29,국내생보사,10599,신한라이프생명보험주식회사,B,SH117,용도별 대출채권(용도별 대출채권),E,계,2562281998000.0,2551876798000.0,2587869869000.0,2701860261000.0,2817601049000.0,2857327116000.0,2815628511000.0,2855092074000.0,2749723209000.0,2810585487000.0,2981416639000.0,3150595222000.0,3233681688000.0,3402168930000.0,3532575324000.0,3779555721000.0,3838341542000.0,4003387892000.0,4188628912000.0,4338360858000.0,4628296411000.0,4822027019000.0,4781837206000.0,4982344141000.0,5011892366000.0,5105771050000.0,5259301700000.0,5445940245000.0,5479899364000.0,5542245519000.0,5587567669000.0,5676850061000.0,5733866828000.0,5746572915000.0,5824733779000.0,5947968845000.0,5997732816000.0,6319637940000.0,6256931821000.0,6434188018000.0,6450695697000.0,6470889979000.0,6505195047000.0,6553889096000.0,6592027836000.0,6756730368000.0,6784238266000.0,7024378238000.0,7018694414000.0,7066000086000.0,9334634064000.0,9397649812000.0,9402132339000.0,9289182229000.0,9332634909000.0,9451546306000.0,4199400271000.0,4028819162000.0,3784232332000.0,3660565170000.0,3466707936000.0,3248331831000.0,3048869252000.0,2844235240000.0
30,국내생보사,10605,아이엠라이프생명보험 주식회사,B,SH117,용도별 대출채권(용도별 대출채권),A,가계대출채권,94485523000.0,92996808000.0,94119093000.0,98108314000.0,99686759000.0,102929872000.0,107751550000.0,120842802000.0,136079119000.0,146929784000.0,160279826000.0,174896996000.0,187701345000.0,199230302000.0,209245337000.0,222324444000.0,227802946000.0,237485624000.0,247063938000.0,264184610000.0,272838206000.0,280217858000.0,283400112000.0,292260308000.0,294161350000.0,295115029000.0,300543078000.0,311619942000.0,311364382000.0,315850695000.0,316076405000.0,321966073000.0,321131365000.0,325591006000.0,328383605000.0,339076765000.0,337364598000.0,343267202000.0,352715378000.0,370653202000.0,374202663000.0,380995889000.0,384865907000.0,392880751000.0,398735690000.0,389689569000.0,390889508000.0,398570777000.0,400984038000.0,405554271000.0,412147218000.0,423512633000.0,426588733000.0,430231047000.0,431480293000.0,441366466000.0,225140000.0,203040000.0,195610000.0,160080000.0,124830000.0,111430000.0,110930000.0,90500000.0
31,국내생보사,10605,아이엠라이프생명보험 주식회사,B,SH117,용도별 대출채권(용도별 대출채권),B,중소기업 대출채권,68944112000.0,67658496000.0,60612897000.0,60723559000.0,60501110000.0,58475135000.0,53268554000.0,56933204000.0,59565210000.0,66501401000.0,67419212000.0,68259548000.0,72750737000.0,73096504000.0,73582693000.0,75489302000.0,68816148000.0,70531601000.0,70624439000.0,71812507000.0,72460945000.0,71924698000.0,71389471000.0,70839417000.0,70231669000.0,69601926000.0,69035676000.0,68430779000.0,47832538000.0,47438779000.0,31181702000.0,30938990000.0,30280676000.0,29913109000.0,29621920000.0,29270680000.0,28782978000.0,28354801000.0,27846197000.0,27054517000.0,46903755000.0,26364087000.0,25460157000.0,24923162000.0,30867743000.0,31188224000.0,38557268000.0,43985189000.0,46717287000.0,45191870000.0,59047667000.0,63152433000.0,75610434000.0,78302046000.0,81281146000.0,82390183000.0,81262096000.0,82456987000.0,82756523000.0,91851152000.0,92980918000.0,103319824000.0,131901688000.0,135842378000.0
32,국내생보사,10605,아이엠라이프생명보험 주식회사,B,SH117,용도별 대출채권(용도별 대출채권),B1,중소기업 대출채권_개인사업자 대출채권,349989000.0,349456000.0,349456000.0,348250000.0,87251000.0,0.0,0.0,0.0,0.0,0.0,0.0,0.0,0.0,0.0,0.0,0.0,0.0,0.0,0.0,0.0,0.0,0.0,0.0,0.0,0.0,0.0,0.0,0.0,0.0,0.0,0.0,0.0,0.0,0.0,0.0,0.0,0.0,0.0,0.0,0.0,0.0,0.0,0.0,0.0,0.0,0.0,0.0,0.0,0.0,0.0,0.0,0.0,0.0,0.0,0.0,0.0,0.0,0.0,0.0,0.0,0.0,0.0,0.0,0.0
33,국내생보사,10605,아이엠라이프생명보험 주식회사,B,SH117,용도별 대출채권(용도별 대출채권),C,대기업 대출채권,15000000000.0,15000000000.0,15000000000.0,15000000000.0,15000000000.0,15000000000.0,15000000000.0,15000000000.0,15000000000.0,15000000000.0,15000000000.0,0.0,0.0,0.0,0.0,0.0,0.0,0.0,0.0,0.0,0.0,0.0,0.0,0.0,0.0,0.0,0.0,0.0,0.0,0.0,0.0,0.0,0.0,0.0,0.0,0.0,0.0,0.0,0.0,0.0,0.0,592450000.0,592450000.0,695784000.0,985120000.0,1811794000.0,2087352000.0,2776247000.0,3768256000.0,11000482000.0,12790052000.0,14212173000.0,16816079000.0,17969974000.0,24182786000.0,27041123000.0,27936686000.0,14721686000.0,16168366000.0,17477266000.0,18421053000.0,18421053000.0,20000000000.0,20000000000.0
34,국내생보사,10605,아이엠라이프생명보험 주식회사,B,SH117,용도별 대출채권(용도별 대출채권),D,공공 및 기타자금 대출채권,409250000.0,7787899000.0,7411092000.0,6635021000.0,6268020000.0,5513382000.0,5155930000.0,4422131000.0,4073977000.0,3360437000.0,3021339000.0,2327495000.0,1804523000.0,1519170000.0,1404778000.0,1046336000.0,672830000.0,224655000.0,177782000.0,46873000.0,0.0,0.0,0.0,0.0,0.0,0.0,0.0,0.0,0.0,0.0,0.0,0.0,0.0,0.0,0.0,0.0,0.0,0.0,0.0,0.0,0.0,0.0,0.0,0.0,0.0,0.0,0.0,0.0,0.0,0.0,0.0,0.0,0.0,0.0,0.0,0.0,0.0,0.0,0.0,0.0,0.0,0.0,0.0,0.0
35,국내생보사,10605,아이엠라이프생명보험 주식회사,B,SH117,용도별 대출채권(용도별 대출채권),E,계,178838885000.0,183443203000.0,177143084000.0,180466894000.0,181455889000.0,181918389000.0,181176034000.0,197198137000.0,214718306000.0,231791622000.0,245720377000.0,245484039000.0,262256605000.0,273845976000.0,284232808000.0,298860082000.0,297291924000.0,308241880000.0,317866159000.0,336043990000.0,345299151000.0,352142556000.0,354789583000.0,363099725000.0,364393019000.0,364716955000.0,369578754000.0,380050721000.0,359196920000.0,363289474000.0,347258107000.0,352905063000.0,351412041000.0,355504115000.0,358005525000.0,368347445000.0,366147576000.0,371622003000.0,380561575000.0,397707719000.0,421106418000.0,407952426000.0,410918514000.0,418499697000.0,430588553000.0,422689587000.0,431534128000.0,445332212000.0,451469582000.0,461746623000.0,483984938000.0,500877240000.0,519015247000.0,526503068000.0,536944225000.0,550797772000.0,109423922000.0,97381713000.0,99120499000.0,109488498000.0,111526801000.0,121852307000.0,152012618000.0,155932878000.0
36,국내생보사,10607,케이디비생명보험주식회사,B,SH117,용도별 대출채권(용도별 대출채권),A,가계대출채권,833550694000.0,833081906000.0,840881534000.0,849613373000.0,844871470000.0,844057722000.0,829539609000.0,833100770000.0,808074071000.0,812506413000.0,833509361000.0,857279035000.0,845056356000.0,844640698000.0,862418773000.0,895663600000.0,890483093000.0,894867470000.0,895101867000.0,910342384000.0,904240208000.0,903807701000.0,909304691000.0,919403847000.0,911746966000.0,901776159000.0,914204413000.0,937005092000.0,944005850000.0,952916397000.0,986992679000.0,1022972989000.0,1025508582000.0,1042840653000.0,1049543418000.0,1080722996000.0,1084110563000.0,1089503150000.0,1100958960000.0,1118801456000.0,1099995341000.0,1091373472000.0,1086249295000.0,1080846574000.0,1066506993000.0,1025065294000.0,1015326364000.0,1007396592000.0,1026731445000.0,1038540468000.0,1063483598000.0,1095896530000.0,1098059387000.0,1111258388000.0,1125967675000.0,1152861736000.0,23030785000.0,22184110000.0,21521993000.0,20611271000.0,19048984000.0,18690899000.0,18334287000.0,17284800000.0
37,국내생보사,10607,케이디비생명보험주식회사,B,SH117,용도별 대출채권(용도별 대출채권),B,중소기업 대출채권,1148595896000.0,1194411937000.0,1258036065000.0,1304041293000.0,1275787274000.0,1105778215000.0,1034682730000.0,879674474000.0,754657666000.0,713323476000.0,608565385000.0,527595068000.0,461936460000.0,435540286000.0,416138530000.0,393446546000.0,390771141000.0,359151461000.0,413642506000.0,330306437000.0,424420359000.0,459894031000.0,533817602000.0,584496239000.0,584764151000.0,634847650000.0,698776661000.0,789964393000.0,844914143000.0,950631125000.0,975970696000.0,1051520465000.0,1016546998000.0,1040164028000.0,959118220000.0,1019732255000.0,943043328000.0,880178202000.0,799639997000.0,907498561000.0,925205972000.0,994321276000.0,1057755245000.0,1137021584000.0,1169673551000.0,1187621186000.0,1244127787000.0,1446182146000.0,1494496820000.0,1543753254000.0,1488177065000.0,1512788392000.0,1458675315000.0,1455124107000.0,1434971771000.0,1317817140000.0,1329104801000.0,1333015166000.0,1286876349000.0,1319552594000.0,1282396822000.0,1218833403000.0,1120663356000.0,923411468000.0
38,국내생보사,10607,케이디비생명보험주식회사,B,SH117,용도별 대출채권(용도별 대출채권),B1,중소기업 대출채권_개인사업자 대출채권,182658256000.0,160261232000.0,135376651000.0,119001060000.0,111757187000.0,97030334000.0,86795536000.0,74898992000.0,62866594000.0,54689293000.0,47682309000.0,38886695000.0,32643078000.0,27858019000.0,26611095000.0,23185350000.0,20103796000.0,22277172000.0,19999428000.0,15788956000.0,13957594000.0,11658591000.0,10963974000.0,9196085000.0,7730174000.0,6558819000.0,6079997000.0,4238545000.0,3316234000.0,2682057000.0,2551206000.0,1865245000.0,1818213000.0,1159934000.0,1089934000.0,1081890000.0,1052690000.0,1037690000.0,987763000.0,984929000.0,908675000.0,786397000.0,766377000.0,763905000.0,715419000.0,713936000.0,712468000.0,425990000.0,194800000.0,174800000.0,117800000.0,97800000.0,97800000.0,97800000.0,97500000.0,97500000.0,77500000.0,77500000.0,67500000.0,67500000.0,67500000.0,67500000.0,67500000.0,67500000.0
39,국내생보사,10607,케이디비생명보험주식회사,B,SH117,용도별 대출채권(용도별 대출채권),C,대기업 대출채권,193276493000.0,205886455000.0,254533790000.0,279638488000.0,181503328000.0,190070425000.0,191517319000.0,181764882000.0,209686112000.0,214643949000.0,281527826000.0,300522965000.0,376390829000.0,332368391000.0,332184544000.0,391423330000.0,388975195000.0,339955180000.0,401518711000.0,384207309000.0,408311347000.0,412828644000.0,390691279000.0,398793664000.0,494448902000.0,476423734000.0,565650315000.0,518655056000.0,513753672000.0,524278815000.0,563501502000.0,541942183000.0,584870232000.0,569330035000.0,594777188000.0,612054908000.0,646990050000.0,693807847000.0,689560081000.0,724857195000.0,740272041000.0,765449768000.0,787008330000.0,821393997000.0,823991120000.0,908947087000.0,1002244082000.0,1071022305000.0,1016084445000.0,1019403445000.0,1021109604000.0,981960283000.0,864405439000.0,868861435000.0,847739960000.0,770315592000.0,769483207000.0,697369340000.0,701636942000.0,648615697000.0,641970557000.0,616271827000.0,601764777000.0,525889604000.0
40,국내생보사,10607,케이디비생명보험주식회사,B,SH117,용도별 대출채권(용도별 대출채권),D,공공 및 기타자금 대출채권,0.0,0.0,0.0,0.0,0.0,0.0,0.0,0.0,0.0,0.0,0.0,0.0,0.0,0.0,0.0,0.0,0.0,0.0,0.0,0.0,0.0,0.0,0.0,0.0,0.0,0.0,0.0,0.0,0.0,0.0,0.0,0.0,0.0,0.0,0.0,0.0,0.0,0.0,0.0,0.0,0.0,0.0,0.0,0.0,0.0,0.0,0.0,0.0,0.0,0.0,0.0,0.0,0.0,0.0,0.0,0.0,0.0,0.0,0.0,0.0,0.0,0.0,0.0,0.0
41,국내생보사,10607,케이디비생명보험주식회사,B,SH117,용도별 대출채권(용도별 대출채권),E,계,2175423083000.0,2233380298000.0,2353451389000.0,2433293154000.0,2302162072000.0,2139906362000.0,2055739658000.0,1894540126000.0,1772417849000.0,1740473838000.0,1723602572000.0,1685397068000.0,1683383645000.0,1612549375000.0,1610741847000.0,1680533476000.0,1670229429000.0,1593974111000.0,1710263084000.0,1624856130000.0,1736971914000.0,1776530376000.0,1833813572000.0,1902693750000.0,1990960021000.0,2013047543000.0,2178631390000.0,2245624541000.0,2302673665000.0,2427826337000.0,2526464877000.0,2616435637000.0,2626925812000.0,2652334716000.0,2603438826000.0,2712510159000.0,2674143941000.0,2663489199000.0,2590159038000.0,2751157212000.0,2765473354000.0,2851144516000.0,2931012870000.0,3039262155000.0,3060171664000.0,3121633567000.0,3261698235000.0,3524601045000.0,3537312709000.0,3601697166000.0,3572770268000.0,3590645204000.0,3421140143000.0,3435243929000.0,3408679407000.0,3240994467000.0,2121618793000.0,2052568615000.0,2010035285000.0,1988779563000.0,1943416364000.0,1853796128000.0,1740762420000.0,1466585871000.0
42,국내생보사,10608,미래에셋생명보험주식회사,B,SH117,용도별 대출채권(용도별 대출채권),A,가계대출채권,854825419000.0,859437495000.0,872447994000.0,879780889000.0,892781312000.0,908236966000.0,887376059000.0,895115523000.0,887799522000.0,888886929000.0,923838494000.0,952585265000.0,953346437000.0,962335929000.0,982719579000.0,1008421336000.0,1033151182000.0,1082692546000.0,1137014245000.0,1202906621000.0,1213015949000.0,1231276502000.0,1234911838000.0,1262310835000.0,1255017228000.0,1250517552000.0,1256834101000.0,1275099343000.0,1281265167000.0,1300113419000.0,1322732113000.0,1347692829000.0,1351224505000.0,1366126689000.0,1389093385000.0,1430105872000.0,1603918820000.0,1643236218000.0,1670377674000.0,1718471806000.0,1720231525000.0,1716553243000.0,1718624316000.0,1730177935000.0,1742461900000.0,1685995414000.0,1688031977000.0,1703677520000.0,1714799939000.0,1731042125000.0,1748013789000.0,1788401109000.0,1777054669000.0,1782034999000.0,1795334342000.0,1840329992000.0,413383468000.0,422546391000.0,434873488000.0,449209013000.0,459276248000.0,467815415000.0,469618375000.0,468669531000.0
43,국내생보사,10608,미래에셋생명보험주식회사,B,SH117,용도별 대출채권(용도별 대출채권),B,중소기업 대출채권,21827157000.0,21791268000.0,20733300000.0,18823561000.0,18267642000.0,17549144000.0,16758076000.0,16071227000.0,16440839000.0,15820590000.0,15173611000.0,53994095000.0,60272587000.0,192506418000.0,193717546000.0,203379907000.0,212119121000.0,272564452000.0,379192464000.0,367097888000.0,421777963000.0,479274285000.0,468093300000.0,496148606000.0,369729764000.0,410575122000.0,411516397000.0,433928778000.0,503442766000.0,650031264000.0,642244827000.0,856882606000.0,915597282000.0,1045826865000.0,1002684152000.0,1098072575000.0,1266271177000.0,1318800943000.0,1553378976000.0,1666358929000.0,1548860391000.0,1576818087000.0,1581043676000.0,1710048854000.0,1769783355000.0,2059985811000.0,2265978264000.0,2244887046000.0,2471799598000.0,2518764718000.0,2478689309000.0,2520430065000.0,2615220563000.0,2386776423000.0,2313394622000.0,2325813374000.0,2124279240000.0,2028790105000.0,1838509439000.0,1785744310000.0,1697429356000.0,1603145865000.0,1340859310000.0,1321637791000.0
44,국내생보사,10608,미래에셋생명보험주식회사,B,SH117,용도별 대출채권(용도별 대출채권),B1,중소기업 대출채권_개인사업자 대출채권,0.0,0.0,0.0,0.0,0.0,0.0,0.0,0.0,0.0,0.0,0.0,0.0,0.0,0.0,0.0,0.0,0.0,0.0,0.0,0.0,0.0,0.0,0.0,0.0,0.0,0.0,0.0,0.0,0.0,0.0,0.0,0.0,0.0,0.0,0.0,0.0,0.0,0.0,0.0,0.0,0.0,0.0,0.0,0.0,0.0,0.0,0.0,0.0,0.0,0.0,0.0,0.0,0.0,0.0,0.0,0.0,0.0,0.0,0.0,0.0,0.0,0.0,0.0,0.0
45,국내생보사,10608,미래에셋생명보험주식회사,B,SH117,용도별 대출채권(용도별 대출채권),C,대기업 대출채권,50000000000.0,42900000000.0,147800000000.0,89400000000.0,160800000000.0,108500000000.0,129600000000.0,255500000000.0,280800000000.0,267000000000.0,605700000000.0,494800000000.0,349700000000.0,469900000000.0,480900000000.0,487900000000.0,348720000000.0,237225000000.0,535674000000.0,552334000000.0,600434000000.0,528329000000.0,515624000000.0,322776000000.0,456666000000.0,451531000000.0,500107000000.0,539822200000.0,618219700000.0,513013800000.0,557063307000.0,473469211000.0,484169172000.0,504277172000.0,484380922000.0,538300052000.0,635795859000.0,683279859000.0,763714859000.0,889126910000.0,987491439000.0,982407374000.0,964966057000.0,1052876465000.0,1030515093000.0,1108883055000.0,1118985236000.0,1038533567000.0,1050419631000.0,1018089640000.0,971359894000.0,1090105845000.0,1176557779000.0,1130309022000.0,1145186347000.0,1067275731000.0,1056955307000.0,1061156362000.0,1058078728000.0,967283825000.0,940910298000.0,936117414000.0,918749570000.0,934047442000.0
46,국내생보사,10608,미래에셋생명보험주식회사,B,SH117,용도별 대출채권(용도별 대출채권),D,공공 및 기타자금 대출채권,0.0,0.0,0.0,0.0,0.0,0.0,0.0,0.0,0.0,0.0,0.0,0.0,0.0,0.0,0.0,0.0,0.0,0.0,0.0,0.0,0.0,0.0,0.0,0.0,0.0,0.0,0.0,0.0,0.0,0.0,0.0,0.0,0.0,0.0,0.0,0.0,0.0,0.0,0.0,0.0,0.0,0.0,0.0,0.0,0.0,0.0,0.0,0.0,0.0,0.0,0.0,0.0,0.0,0.0,0.0,0.0,0.0,0.0,0.0,0.0,0.0,0.0,0.0,0.0
47,국내생보사,10608,미래에셋생명보험주식회사,B,SH117,용도별 대출채권(용도별 대출채권),E,계,926652576000.0,924128764000.0,1040981295000.0,988004450000.0,1071848956000.0,1034286110000.0,1033734135000.0,1166686750000.0,1185040361000.0,1171707519000.0,1544712105000.0,1501379360000.0,1363319024000.0,1624742347000.0,1657337125000.0,1699701243000.0,1593990303000.0,1592481998000.0,2051880709000.0,2122338509000.0,2235227912000.0,2238879787000.0,2218629138000.0,2081235441000.0,2081412992000.0,2112623674000.0,2168457498000.0,2248850321000.0,2402927633000.0,2463158483000.0,2522040247000.0,2678044646000.0,2750990959000.0,2916230726000.0,2876158459000.0,3066478499000.0,3505985856000.0,3645317020000.0,3987471509000.0,4273957645000.0,4256583355000.0,4275778704000.0,4264634049000.0,4493103254000.0,4542760348000.0,4854864280000.0,5072995478000.0,4987098135000.0,5237019169000.0,5267896482000.0,5198062992000.0,5398937021000.0,5568833012000.0,5299120444000.0,5253915312000.0,5233419097000.0,3594618016000.0,3512492857000.0,3331461653000.0,3202237150000.0,3097615903000.0,3007078695000.0,2729227255000.0,2724354764000.0
48,국내생보사,10616,KB라이프생명보험,B,SH117,용도별 대출채권(용도별 대출채권),A,가계대출채권,401192243000.0,418424389000.0,438244355000.0,464326074000.0,480035774000.0,501855684000.0,523208733000.0,546878123000.0,566393305000.0,587427550000.0,627166967000.0,658190240000.0,666299709000.0,683987985000.0,698431211000.0,723960771000.0,722678138000.0,733922348000.0,748814450000.0,767970308000.0,769892390000.0,784947610000.0,801544489000.0,818380403000.0,810134169000.0,794688517000.0,786879454000.0,791070439000.0,781048408000.0,784397023000.0,787025229000.0,798996794000.0,794161272000.0,800298688000.0,816948171000.0,848783024000.0,857896714000.0,870088505000.0,886999863000.0,915573219000.0,910772116000.0,920360239000.0,932141596000.0,950213391000.0,952172682000.0,913964919000.0,910943876000.0,922233630000.0,929906986000.0,944267129000.0,972013506000.0,1010642983000.0,1013686756000.0,1025384488000.0,1045974293000.0,1086173606000.0,0.0,0.0,0.0,0.0,0.0,0.0,0.0,0.0
49,국내생보사,10616,KB라이프생명보험,B,SH117,용도별 대출채권(용도별 대출채권),B,중소기업 대출채권,86155000.0,71996000.0,16798000.0,12899000.0,8926000.0,6515000.0,5851000.0,5203000.0,4542000.0,3871000.0,3188000.0,2493000.0,504000.0,0.0,0.0,0.0,0.0,0.0,0.0,0.0,0.0,0.0,0.0,0.0,0.0,0.0,0.0,0.0,0.0,0.0,0.0,0.0,0.0,0.0,0.0,0.0,0.0,0.0,0.0,0.0,0.0,0.0,0.0,0.0,0.0,0.0,0.0,0.0,0.0,0.0,0.0,0.0,0.0,0.0,0.0,0.0,689473219000.0,649820415000.0,616238382000.0,621523342000.0,568470985000.0,546231862000.0,523462255000.0,550820511000.0
50,국내생보사,10616,KB라이프생명보험,B,SH117,용도별 대출채권(용도별 대출채권),B1,중소기업 대출채권_개인사업자 대출채권,86155000.0,71996000.0,16798000.0,12899000.0,8926000.0,6515000.0,5851000.0,5203000.0,4542000.0,3871000.0,3188000.0,2493000.0,504000.0,0.0,0.0,0.0,0.0,0.0,0.0,0.0,0.0,0.0,0.0,0.0,0.0,0.0,0.0,0.0,0.0,0.0,0.0,0.0,0.0,0.0,0.0,0.0,0.0,0.0,0.0,0.0,0.0,0.0,0.0,0.0,0.0,0.0,0.0,0.0,0.0,0.0,0.0,0.0,0.0,0.0,0.0,0.0,0.0,0.0,0.0,0.0,0.0,0.0,0.0,0.0
51,국내생보사,10616,KB라이프생명보험,B,SH117,용도별 대출채권(용도별 대출채권),C,대기업 대출채권,0.0,0.0,9200000000.0,21400000000.0,14500000000.0,96397244000.0,91216993000.0,103867398000.0,100023463000.0,100484868000.0,101178006000.0,105803807000.0,116335641000.0,101773165000.0,114244501000.0,143650642000.0,110763210000.0,121381841000.0,143736501000.0,163428246000.0,185526840000.0,184331894000.0,168875338000.0,224698793000.0,246670015000.0,241427213000.0,229754772000.0,260442409000.0,232703794000.0,260476556000.0,279480408000.0,262515626000.0,291542702000.0,293952008000.0,298482203000.0,297640336000.0,287917734000.0,259930963000.0,262724147000.0,265994293000.0,246266323000.0,261564815000.0,261552404000.0,254510418000.0,265420401000.0,254161760000.0,49800000000.0,52000000000.0,76600000000.0,84000000000.0,80600000000.0,43800000000.0,73600000000.0,52800000000.0,77200000000.0,122500000000.0,526950823000.0,535549103000.0,541022802000.0,593302903000.0,591959769000.0,588556953000.0,577239097000.0,451128043000.0
52,국내생보사,10616,KB라이프생명보험,B,SH117,용도별 대출채권(용도별 대출채권),D,공공 및 기타자금 대출채권,0.0,0.0,0.0,0.0,0.0,0.0,0.0,0.0,0.0,0.0,0.0,0.0,0.0,0.0,0.0,0.0,0.0,0.0,0.0,0.0,0.0,0.0,0.0,0.0,0.0,0.0,0.0,0.0,0.0,0.0,0.0,0.0,0.0,0.0,0.0,0.0,0.0,0.0,0.0,0.0,0.0,0.0,0.0,0.0,0.0,0.0,0.0,0.0,0.0,0.0,0.0,0.0,0.0,0.0,0.0,0.0,0.0,0.0,0.0,0.0,0.0,0.0,0.0,0.0
53,국내생보사,10616,KB라이프생명보험,B,SH117,용도별 대출채권(용도별 대출채권),E,계,401278398000.0,418496385000.0,447461153000.0,485738973000.0,494544700000.0,598259443000.0,614431577000.0,650750724000.0,666421310000.0,687916289000.0,728348161000.0,763996540000.0,782635854000.0,785761150000.0,812675712000.0,867611413000.0,833441348000.0,855304189000.0,892550951000.0,931398554000.0,955419230000.0,969279504000.0,970419827000.0,1043079196000.0,1056804184000.0,1036115730000.0,1016634226000.0,1051512848000.0,1013752202000.0,1044873579000.0,1066505637000.0,1061512420000.0,1085703974000.0,1094250696000.0,1115430374000.0,1146423360000.0,1145814448000.0,1130019468000.0,1149724010000.0,1181567512000.0,1157038439000.0,1181925054000.0,1193694000000.0,1204723809000.0,1217593083000.0,1168126679000.0,960743876000.0,974233630000.0,1006506986000.0,1028267129000.0,1052613506000.0,1054442983000.0,1087286756000.0,1078184488000.0,1123174293000.0,1208673606000.0,1216424042000.0,1185369518000.0,1157261184000.0,1214826245000.0,1160430754000.0,1134788815000.0,1100701353000.0,1001948554000.0
54,국내생보사,10618,하나생명보험주식회사,B,SH117,용도별 대출채권(용도별 대출채권),A,가계대출채권,16726503000.0,15217004000.0,16143454000.0,21431089000.0,21598934000.0,23182503000.0,20339859000.0,22461010000.0,22332619000.0,23744998000.0,29279322000.0,32632433000.0,31715519000.0,34933376000.0,40207513000.0,42919704000.0,42500163000.0,44920723000.0,49103059000.0,56239250000.0,56459069000.0,54852638000.0,57606142000.0,62997760000.0,62489394000.0,64434337000.0,70102082000.0,74534454000.0,75274062000.0,78335972000.0,84031531000.0,89176383000.0,90522465000.0,93977925000.0,99241417000.0,103701763000.0,106782262000.0,107584371000.0,110756158000.0,117999255000.0,114031472000.0,114479016000.0,115358125000.0,111858509000.0,106362362000.0,100974053000.0,99333004000.0,99949293000.0,100737111000.0,100605142000.0,102921452000.0,106612876000.0,102998573000.0,104824023000.0,104841228000.0,105499817000.0,107000000.0,107000000.0,307000000.0,2495462000.0,6982821000.0,14662024000.0,34973942000.0,62677928000.0
55,국내생보사,10618,하나생명보험주식회사,B,SH117,용도별 대출채권(용도별 대출채권),B,중소기업 대출채권,0.0,0.0,0.0,0.0,0.0,0.0,0.0,0.0,0.0,0.0,0.0,0.0,0.0,0.0,0.0,0.0,0.0,0.0,0.0,0.0,0.0,0.0,0.0,0.0,0.0,69709128000.0,144117885000.0,174652913000.0,164913613000.0,162403235000.0,166994884000.0,174749998000.0,181237934000.0,178389168000.0,336891871000.0,354534783000.0,400132407000.0,422702695000.0,456150996000.0,472415462000.0,493447641000.0,487168061000.0,481937403000.0,488666190000.0,534324327000.0,549645230000.0,578578640000.0,616037498000.0,592675208000.0,609320075000.0,587002177000.0,604849129000.0,630558918000.0,609464561000.0,609339250000.0,637852629000.0,644402582000.0,628226497000.0,617889438000.0,600609595000.0,592901147000.0,649523279000.0,655751711000.0,628774614000.0
56,국내생보사,10618,하나생명보험주식회사,B,SH117,용도별 대출채권(용도별 대출채권),B1,중소기업 대출채권_개인사업자 대출채권,0.0,0.0,0.0,0.0,0.0,0.0,0.0,0.0,0.0,0.0,0.0,0.0,0.0,0.0,0.0,0.0,0.0,0.0,0.0,0.0,0.0,0.0,0.0,0.0,0.0,0.0,0.0,0.0,0.0,2271345000.0,2271345000.0,2271345000.0,2385683000.0,2608006000.0,2864812000.0,3339403000.0,5716877000.0,6511200000.0,2232000000.0,2268000000.0,2340000000.0,2376000000.0,2592000000.0,3384000000.0,4212000000.0,0.0,0.0,0.0,0.0,0.0,0.0,0.0,0.0,0.0,0.0,0.0,0.0,0.0,0.0,0.0,0.0,0.0,0.0,0.0
57,국내생보사,10618,하나생명보험주식회사,B,SH117,용도별 대출채권(용도별 대출채권),C,대기업 대출채권,28000000000.0,29100000000.0,44600000000.0,53600000000.0,55100000000.0,52700000000.0,35500000000.0,63100101000.0,79700000000.0,109500000000.0,63400152000.0,54400044000.0,72400058000.0,81200065000.0,77500059000.0,57400043000.0,66800000000.0,24400000000.0,72200000000.0,83000000000.0,86500000000.0,103476346000.0,120607424000.0,94468240000.0,132103114000.0,87252264000.0,82760830000.0,96935432000.0,95652154000.0,120700373000.0,142109560000.0,133912502000.0,133137763000.0,124227764000.0,12280307000.0,10574487000.0,30000000000.0,27595507000.0,55164726000.0,52698250000.0,40211770000.0,37698981000.0,45160203000.0,42595462000.0,40000000000.0,40000000000.0,40000000000.0,72169811000.0,64849057000.0,64750096000.0,61866105000.0,70972349000.0,70758966000.0,70656913000.0,70585785000.0,70279626000.0,70174481000.0,70069336000.0,33636792000.0,48135806000.0,48024475000.0,47913145000.0,47838925000.0,47727594000.0
58,국내생보사,10618,하나생명보험주식회사,B,SH117,용도별 대출채권(용도별 대출채권),D,공공 및 기타자금 대출채권,0.0,0.0,0.0,0.0,0.0,0.0,0.0,0.0,0.0,0.0,0.0,0.0,0.0,0.0,0.0,0.0,0.0,0.0,0.0,0.0,0.0,0.0,0.0,0.0,0.0,0.0,0.0,0.0,172000000.0,196000000.0,196000000.0,287500000.0,630500000.0,920644000.0,1110109000.0,1504160000.0,1915900000.0,2406642000.0,2728742000.0,2700665000.0,2776385000.0,3125087000.0,4170563000.0,4891662000.0,3074357000.0,4494406000.0,6303889000.0,7918351000.0,0.0,0.0,0.0,0.0,0.0,0.0,0.0,0.0,0.0,0.0,0.0,0.0,0.0,0.0,0.0,0.0
59,국내생보사,10618,하나생명보험주식회사,B,SH117,용도별 대출채권(용도별 대출채권),E,계,44726503000.0,44317004000.0,60743454000.0,75031089000.0,76698934000.0,75882503000.0,55839859000.0,85561111000.0,102032619000.0,133244998000.0,92679474000.0,87032477000.0,104115577000.0,116133441000.0,117707572000.0,100319747000.0,109300163000.0,69320723000.0,121303059000.0,139239250000.0,142959069000.0,158328984000.0,178213566000.0,157466000000.0,194592508000.0,221395729000.0,296980797000.0,346122799000.0,336011829000.0,361635579000.0,393331976000.0,398126383000.0,405528663000.0,397515502000.0,449523704000.0,470315193000.0,538830569000.0,560289215000.0,624800622000.0,645813632000.0,650467268000.0,642471145000.0,646626294000.0,648011823000.0,683761046000.0,695113689000.0,724215534000.0,796074953000.0,758261375000.0,774675314000.0,751789733000.0,782434355000.0,804316457000.0,784945498000.0,784766265000.0,813632073000.0,714684063000.0,698402833000.0,651833230000.0,651240862000.0,647908443000.0,712098448000.0,738564577000.0,739180136000.0
60,국내생보사,10619,DB생명보험주식회사,B,SH117,용도별 대출채권(용도별 대출채권),A,가계대출채권,239959266000.0,255963374000.0,275601187000.0,287419821000.0,303430496000.0,305598685000.0,312986999000.0,339785511000.0,359517272000.0,391276239000.0,435403628000.0,473526844000.0,494960022000.0,511143083000.0,526880317000.0,543060296000.0,548844644000.0,559355071000.0,564568728000.0,571756168000.0,572223596000.0,577007721000.0,583481529000.0,584305226000.0,576791696000.0,581118209000.0,593072123000.0,611126142000.0,610398351000.0,617077300000.0,626900520000.0,639604048000.0,637791722000.0,643993899000.0,655224347000.0,678629482000.0,685369548000.0,692709462000.0,698920611000.0,732370278000.0,733977305000.0,746395340000.0,756971844000.0,765453762000.0,774781033000.0,755485616000.0,758948049000.0,769436178000.0,780439473000.0,793656137000.0,805718339000.0,827438506000.0,831991825000.0,840889287000.0,847100100000.0,871129013000.0,111755000.0,76337000.0,35432000.0,14105000.0,14049000.0,13961000.0,0.0,0.0
61,국내생보사,10619,DB생명보험주식회사,B,SH117,용도별 대출채권(용도별 대출채권),B,중소기업 대출채권,198922947000.0,190045437000.0,311506837000.0,383838565000.0,337843223000.0,324827978000.0,346735554000.0,345379035000.0,347540989000.0,323688126000.0,332675716000.0,301364432000.0,275722801000.0,265587260000.0,234216241000.0,244293540000.0,244098652000.0,243374212000.0,235140797000.0,221787471000.0,181244317000.0,185304878000.0,226010989000.0,276193568000.0,290806889000.0,284589499000.0,312110167000.0,273053396000.0,273724161000.0,271654519000.0,241518750000.0,242854964000.0,232858606000.0,458314491000.0,674731628000.0,735110326000.0,668453556000.0,797579110000.0,835380300000.0,887981378000.0,939671578000.0,731145530000.0,820334462000.0,854338017000.0,905132290000.0,958598838000.0,941274122000.0,1112901185000.0,1396786063000.0,1435836543000.0,1429910846000.0,1491555824000.0,1466888280000.0,1452910207000.0,1432056397000.0,1415081379000.0,1430076972000.0,1401344281000.0,1335832741000.0,1263992842000.0,1226809648000.0,1110062877000.0,1157535234000.0,1296800286000.0
62,국내생보사,10619,DB생명보험주식회사,B,SH117,용도별 대출채권(용도별 대출채권),B1,중소기업 대출채권_개인사업자 대출채권,5655662000.0,5664385000.0,5757931000.0,5794264000.0,5774538000.0,5500843000.0,5244647000.0,284460000.0,438640000.0,274020000.0,289020000.0,261520000.0,316420000.0,284386000.0,298586000.0,305186000.0,307246000.0,300836000.0,309536000.0,311066000.0,317266000.0,323296000.0,321376000.0,294666000.0,278106000.0,266226000.0,277116000.0,271196000.0,279916000.0,281576000.0,255166000.0,241686000.0,237336000.0,222346000.0,214247000.0,201357000.0,193114000.0,185684000.0,193338000.0,194308000.0,185691000.0,182221000.0,175163000.0,140573000.0,118367000.0,98396000.0,101166000.0,91866000.0,86186000.0,102446000.0,103602000.0,103012000.0,103622000.0,96162000.0,89040000.0,95240000.0,0.0,0.0,0.0,0.0,0.0,0.0,0.0,0.0
63,국내생보사,10619,DB생명보험주식회사,B,SH117,용도별 대출채권(용도별 대출채권),C,대기업 대출채권,135873655000.0,136767531000.0,139925791000.0,137529380000.0,133159203000.0,134808348000.0,137446077000.0,131545241000.0,128157075000.0,129258605000.0,131489384000.0,131495252000.0,129967930000.0,131636919000.0,145864615000.0,140692460000.0,143441953000.0,130193834000.0,126946718000.0,226683661000.0,238284644000.0,232858986000.0,227591038000.0,216848955000.0,303828740000.0,309605079000.0,266971201000.0,298757006000.0,349016867000.0,465589514000.0,517864376000.0,591410648000.0,887352828000.0,1247420507000.0,1549944164000.0,1671891301000.0,1832812445000.0,1910918150000.0,2257772093000.0,2463040813000.0,2272258555000.0,2317011230000.0,2265495011000.0,2163198398000.0,2105682982000.0,2004519448000.0,1896659528000.0,1852628283000.0,1899084021000.0,2081040068000.0,2197200699000.0,2177176747000.0,2195793694000.0,2207757396000.0,2327969756000.0,2128877972000.0,2129564242000.0,2126976826000.0,2160822555000.0,2138194132000.0,2224191439000.0,2320818005000.0,2272479677000.0,2310704364000.0
64,국내생보사,10619,DB생명보험주식회사,B,SH117,용도별 대출채권(용도별 대출채권),D,공공 및 기타자금 대출채권,0.0,0.0,0.0,0.0,0.0,0.0,0.0,27670000.0,33790000.0,54250000.0,60570000.0,61350000.0,78630000.0,938811000.0,939841000.0,914601000.0,922211000.0,914151000.0,876481000.0,886291000.0,861761000.0,855681000.0,865761000.0,848199000.0,824679000.0,800149000.0,782389000.0,773559000.0,768949000.0,765649000.0,764229000.0,761769000.0,745229000.0,760929000.0,726749000.0,735729000.0,703987000.0,706257000.0,666017000.0,642467000.0,595327000.0,570727000.0,500309000.0,408643000.0,331501000.0,248309000.0,185789000.0,186391000.0,170627000.0,144527000.0,128927000.0,121457000.0,118107000.0,127907000.0,115805000.0,123647000.0,0.0,0.0,0.0,0.0,0.0,0.0,0.0,0.0
65,국내생보사,10619,DB생명보험주식회사,B,SH117,용도별 대출채권(용도별 대출채권),E,계,574755868000.0,582776342000.0,727033815000.0,808787766000.0,774432922000.0,765235011000.0,797168630000.0,816737457000.0,835249126000.0,844277220000.0,899629298000.0,906447878000.0,900729383000.0,909306073000.0,907901014000.0,928960897000.0,937307460000.0,933837268000.0,927532724000.0,1021113591000.0,992614318000.0,996027266000.0,1037949317000.0,1078195948000.0,1172252004000.0,1176112936000.0,1172935880000.0,1183710103000.0,1233908328000.0,1355086982000.0,1387047875000.0,1474631429000.0,1758748385000.0,2350489826000.0,2880626888000.0,3086366838000.0,3187339536000.0,3401912979000.0,3792739021000.0,4084034936000.0,3946502765000.0,3795122827000.0,3843301626000.0,3783398820000.0,3785927806000.0,3718852211000.0,3597067488000.0,3735152035000.0,4076480183000.0,4310677274000.0,4432958810000.0,4496292535000.0,4494791906000.0,4501684796000.0,4607242057000.0,4415212012000.0,3559752968000.0,3528397444000.0,3496690728000.0,3402201079000.0,3451015136000.0,3430894843000.0,3430014910000.0,3607504650000.0
66,국내생보사,12455,아이비케이연금보험 주식회사,B,SH117,용도별 대출채권(용도별 대출채권),A,가계대출채권,,,,,,,,30120000.0,807440000.0,264250000.0,866490000.0,2068151000.0,2189171000.0,3095541000.0,4494243000.0,6608024000.0,11880448000.0,15627315000.0,20412413000.0,27803153000.0,32765208000.0,37847391000.0,43222056000.0,50190809000.0,51939266000.0,56591901000.0,60510677000.0,66622435000.0,69555990000.0,71472105000.0,75502928000.0,83021845000.0,88113755000.0,100222803000.0,113712003000.0,129157333000.0,138832361000.0,151698465000.0,161636634000.0,181719595000.0,189641567000.0,195171397000.0,205400516000.0,224059566000.0,237165309000.0,238589843000.0,248497461000.0,262929389000.0,267088650000.0,271376106000.0,273698644000.0,287760213000.0,282942349000.0,284051082000.0,278761715000.0,286099951000.0,0.0,0.0,0.0,0.0,0.0,0.0,0.0,0.0
67,국내생보사,12455,아이비케이연금보험 주식회사,B,SH117,용도별 대출채권(용도별 대출채권),B,중소기업 대출채권,,,,,,,,0.0,0.0,14600000000.0,21237722000.0,46351139000.0,67265304000.0,108799723000.0,148396439000.0,138549890000.0,237292148000.0,311169878000.0,276159925000.0,348650045000.0,406457959000.0,433934036000.0,443271079000.0,549187939000.0,657479909000.0,584271161000.0,642577206000.0,657263075000.0,717643837000.0,858359677000.0,960969353000.0,1111937573000.0,1067939891000.0,1227214085000.0,1241104507000.0,1440557471000.0,1525306947000.0,1713245845000.0,1734736493000.0,1883542048000.0,1936420302000.0,1939062109000.0,1865970687000.0,2030145183000.0,2091698502000.0,2111793317000.0,2071392967000.0,2216961537000.0,2287544668000.0,2439624464000.0,2335311155000.0,2398546264000.0,2364983744000.0,2204565895000.0,2359885666000.0,2488032246000.0,2314330977000.0,2339171697000.0,2467478880000.0,2250618105000.0,2121668721000.0,2202633498000.0,2298646239000.0,2334829245000.0
68,국내생보사,12455,아이비케이연금보험 주식회사,B,SH117,용도별 대출채권(용도별 대출채권),B1,중소기업 대출채권_개인사업자 대출채권,,,,,,,,0.0,0.0,0.0,0.0,0.0,0.0,0.0,0.0,0.0,0.0,0.0,0.0,0.0,0.0,0.0,0.0,0.0,0.0,0.0,0.0,0.0,0.0,0.0,0.0,0.0,0.0,0.0,0.0,0.0,0.0,0.0,0.0,0.0,0.0,0.0,0.0,0.0,0.0,0.0,0.0,0.0,0.0,0.0,0.0,0.0,0.0,0.0,0.0,0.0,0.0,0.0,0.0,0.0,0.0,0.0,0.0,0.0
69,국내생보사,12455,아이비케이연금보험 주식회사,B,SH117,용도별 대출채권(용도별 대출채권),C,대기업 대출채권,,,,,,,,0.0,100000000.0,200000000.0,300001000.0,500000000.0,500000000.0,900001000.0,1200001000.0,11400001000.0,11100000000.0,11300000000.0,1700000000.0,166232401000.0,70246400000.0,77951200000.0,100693600000.0,97541044000.0,125556889000.0,140020890000.0,229973802000.0,326835009000.0,371888016000.0,411933286000.0,433199098000.0,429826408000.0,540682219000.0,530055028000.0,594643533000.0,615447081000.0,681352129000.0,873222478000.0,935152203000.0,1023670804000.0,1061337934000.0,1087174243000.0,1087812252000.0,1161421523000.0,1185625073000.0,1160943951000.0,1219457301000.0,1159629058000.0,1153058958000.0,1207404674000.0,1141118014000.0,1140338628000.0,1200240506000.0,1255373175000.0,1266295780000.0,1250309848000.0,1285175909000.0,1242219340000.0,1326122205000.0,1374310549000.0,1484651398000.0,1540487420000.0,1579368685000.0,1656432043000.0
70,국내생보사,12455,아이비케이연금보험 주식회사,B,SH117,용도별 대출채권(용도별 대출채권),D,공공 및 기타자금 대출채권,,,,,,,,0.0,0.0,0.0,0.0,0.0,0.0,0.0,0.0,0.0,0.0,0.0,0.0,0.0,0.0,0.0,0.0,0.0,0.0,0.0,0.0,0.0,0.0,0.0,0.0,0.0,0.0,0.0,0.0,0.0,0.0,0.0,0.0,0.0,0.0,0.0,0.0,0.0,0.0,0.0,0.0,0.0,0.0,0.0,0.0,0.0,0.0,0.0,0.0,0.0,0.0,0.0,0.0,0.0,0.0,0.0,0.0,0.0
71,국내생보사,12455,아이비케이연금보험 주식회사,B,SH117,용도별 대출채권(용도별 대출채권),E,계,,,,,,,,30120000.0,907440000.0,15064250000.0,22404213000.0,48919290000.0,69954475000.0,112795265000.0,154090683000.0,156557915000.0,260272596000.0,338097193000.0,298272338000.0,542685599000.0,509469567000.0,549732627000.0,587186735000.0,696919792000.0,834976064000.0,780883952000.0,933061685000.0,1050720519000.0,1159087843000.0,1341765068000.0,1469671379000.0,1624785826000.0,1696735865000.0,1857491916000.0,1949460043000.0,2185161885000.0,2345491437000.0,2738166788000.0,2831525330000.0,3088932447000.0,3187399803000.0,3221407749000.0,3159183455000.0,3415626272000.0,3514488884000.0,3511327111000.0,3539347728000.0,3639519984000.0,3707692276000.0,3918405244000.0,3750127812000.0,3826645105000.0,3848166601000.0,3743990150000.0,3904943163000.0,4024442048000.0,3599506885000.0,3581391037000.0,3793601085000.0,3624928653000.0,3606320117000.0,3743120917000.0,3878014926000.0,3991261288000.0
72,국내생보사,13173,농협생명보험주식회사,B,SH117,용도별 대출채권(용도별 대출채권),A,가계대출채권,,,,,,,,,,,,,2705895197000.0,2667671193000.0,2656060340000.0,2771119955000.0,2682171749000.0,2644747565000.0,2626661446000.0,2718521045000.0,2637905408000.0,2698842149000.0,2912075340000.0,3174823701000.0,3126916962000.0,3224035257000.0,3395181163000.0,3606933434000.0,3609493633000.0,3702548289000.0,3758687659000.0,3954298717000.0,3885812876000.0,3934099599000.0,4001527450000.0,4172111184000.0,4114707828000.0,4155963956000.0,4196102545000.0,4336476949000.0,4233710833000.0,4196945251000.0,4208078579000.0,4239973476000.0,4137667467000.0,4074186082000.0,4085561619000.0,4136879927000.0,4090116333000.0,4119515740000.0,4039770160000.0,4123432981000.0,4095274839000.0,4152200542000.0,4190433383000.0,4306840771000.0,550928001000.0,537987828000.0,519094112000.0,433881118000.0,379101729000.0,351042593000.0,327967631000.0,370073688000.0
73,국내생보사,13173,농협생명보험주식회사,B,SH117,용도별 대출채권(용도별 대출채권),B,중소기업 대출채권,,,,,,,,,,,,,1173560133000.0,1130150672000.0,1138504606000.0,1099627749000.0,1016974847000.0,1019267099000.0,1021110647000.0,1209588167000.0,1024410065000.0,1231613499000.0,1360458450000.0,1460657593000.0,1503907178000.0,1667040567000.0,1764797350000.0,1997054830000.0,2070187168000.0,2289321718000.0,2583694622000.0,2909820143000.0,2994265558000.0,3052522583000.0,3266896740000.0,3381224377000.0,3334436813000.0,3616387229000.0,3756428880000.0,3502726807000.0,3495635126000.0,3496229293000.0,3425497187000.0,3597650679000.0,3609344188000.0,3922080583000.0,3962086729000.0,3987476119000.0,4010752919000.0,4028196550000.0,4079543180000.0,4193566091000.0,4313408630000.0,4302371776000.0,4106043800000.0,4027194609000.0,3701787814000.0,3659158150000.0,3727434048000.0,3944316242000.0,3915203431000.0,3813465206000.0,3792708828000.0,3854304786000.0
74,국내생보사,13173,농협생명보험주식회사,B,SH117,용도별 대출채권(용도별 대출채권),B1,중소기업 대출채권_개인사업자 대출채권,,,,,,,,,,,,,78889207000.0,70834189000.0,62555684000.0,59711432000.0,56174695000.0,96488818000.0,95807196000.0,102679039000.0,108152140000.0,117052921000.0,52402232000.0,49805236000.0,49484836000.0,57348123000.0,46258401000.0,39935412000.0,38777031000.0,38357495000.0,37146370000.0,33968465000.0,33773821000.0,32396928000.0,31770877000.0,28269526000.0,27927518000.0,27258873000.0,27104655000.0,27057166000.0,6683580000.0,5913591000.0,5523079000.0,4910053000.0,4838820000.0,4684448000.0,4707453000.0,4654393000.0,4561884000.0,3946168000.0,3977421000.0,3738071000.0,3692771000.0,3494967000.0,3271096000.0,3259336000.0,2746186000.0,2739194000.0,2732694000.0,2659041000.0,2654041000.0,2198441000.0,2196121000.0,2188121000.0
75,국내생보사,13173,농협생명보험주식회사,B,SH117,용도별 대출채권(용도별 대출채권),C,대기업 대출채권,,,,,,,,,,,,,252139958000.0,271997586000.0,279882930000.0,268482530000.0,321659100000.0,327945434000.0,363229983000.0,513214846000.0,543144400000.0,621587638000.0,683337866000.0,762952182000.0,780081466000.0,797776276000.0,946683201000.0,1262861799000.0,1334239730000.0,1368625238000.0,1388539833000.0,1284655009000.0,1331839814000.0,1334752696000.0,1371791292000.0,1362632324000.0,1464232023000.0,1754669303000.0,1773195649000.0,1780526323000.0,1811465886000.0,1840102891000.0,1945369869000.0,2113161958000.0,2277529564000.0,2232015783000.0,2161535756000.0,2195122687000.0,2032289114000.0,2045975062000.0,1973623395000.0,2004633267000.0,1991632540000.0,1946415727000.0,1854239462000.0,1869246658000.0,1787618851000.0,1570036526000.0,1551598394000.0,1548274406000.0,1587013395000.0,1578741347000.0,1594691647000.0,1488152821000.0
76,국내생보사,13173,농협생명보험주식회사,B,SH117,용도별 대출채권(용도별 대출채권),D,공공 및 기타자금 대출채권,,,,,,,,,,,,,17072400000.0,15547400000.0,14037400000.0,12873920000.0,11374083000.0,9514120000.0,8014180000.0,6505010000.0,35015690000.0,33533290000.0,32064960000.0,575720000.0,120310000.0,138810000.0,238100000.0,281370000.0,353640000.0,449900000.0,23246730000.0,79232620000.0,79208900000.0,79311260000.0,79388600000.0,79478820000.0,79722920000.0,57477640000.0,57511320000.0,57764430000.0,57902710000.0,57096964000.0,57382551000.0,57491168000.0,112257907000.0,112774521000.0,57777513000.0,57691993000.0,57777224000.0,57727813000.0,58163664000.0,2428966000.0,2522798000.0,2869411000.0,2792450000.0,1547700000.0,0.0,84518000000.0,84518000000.0,83672820000.0,83250230000.0,82827640000.0,82405050000.0,81982460000.0
77,국내생보사,13173,농협생명보험주식회사,B,SH117,용도별 대출채권(용도별 대출채권),E,계,,,,,,,,,,,,,4148667688000.0,4085366851000.0,4088485276000.0,4152104154000.0,4032179779000.0,4001474218000.0,4019016256000.0,4447829068000.0,4240475563000.0,4585576576000.0,4987936616000.0,5399009196000.0,5411025916000.0,5688990910000.0,6106899814000.0,6867131433000.0,7014274171000.0,7360945145000.0,7754168844000.0,8228006489000.0,8291127148000.0,8400686138000.0,8719604082000.0,8995446705000.0,8993099584000.0,9584498128000.0,9783238394000.0,9677494509000.0,9598714555000.0,9590374399000.0,9636328186000.0,10008277281000.0,10136799126000.0,10341056969000.0,10266961618000.0,10377170723000.0,10190935588000.0,10251415162000.0,10151100397000.0,10324061303000.0,10402838808000.0,10403857455000.0,10153509095000.0,10204829741000.0,6040334665000.0,5851700501000.0,5882644553000.0,6010144583000.0,5964568782000.0,5826076783000.0,5797773157000.0,5794513757000.0
78,국내생보사,13436,교보라이프플래닛생명보험주식회사,B,SH117,용도별 대출채권(용도별 대출채권),A,가계대출채권,,,,,,,,,,,,,,,,,,,,,910000.0,13200000.0,22200000.0,38310000.0,55470000.0,126250000.0,215080000.0,319440000.0,437220000.0,723400000.0,852680000.0,1099490000.0,1327420000.0,1531740000.0,2078948000.0,2616410000.0,2927590000.0,3506430000.0,4063678000.0,5045910000.0,5305560000.0,6437750000.0,7014210000.0,7839740000.0,8769930000.0,9617690000.0,10177310000.0,11286410000.0,11881740000.0,13215231000.0,14778665000.0,16638590000.0,16678756000.0,18526526000.0,21085387000.0,23209074000.0,0.0,0.0,0.0,0.0,0.0,0.0,0.0,0.0
79,국내생보사,13436,교보라이프플래닛생명보험주식회사,B,SH117,용도별 대출채권(용도별 대출채권),B,중소기업 대출채권,,,,,,,,,,,,,,,,,,,,,0.0,0.0,0.0,0.0,0.0,0.0,0.0,0.0,0.0,0.0,0.0,0.0,0.0,0.0,0.0,0.0,0.0,0.0,0.0,0.0,0.0,0.0,0.0,0.0,0.0,0.0,0.0,0.0,0.0,0.0,0.0,0.0,0.0,0.0,0.0,0.0,0.0,0.0,0.0,0.0,0.0,0.0,0.0,0.0
80,국내생보사,13436,교보라이프플래닛생명보험주식회사,B,SH117,용도별 대출채권(용도별 대출채권),B1,중소기업 대출채권_개인사업자 대출채권,,,,,,,,,,,,,,,,,,,,,0.0,0.0,0.0,0.0,0.0,0.0,0.0,0.0,0.0,0.0,0.0,0.0,0.0,0.0,0.0,0.0,0.0,0.0,0.0,0.0,0.0,0.0,0.0,0.0,0.0,0.0,0.0,0.0,0.0,0.0,0.0,0.0,0.0,0.0,0.0,0.0,0.0,0.0,0.0,0.0,0.0,0.0,0.0,0.0
81,국내생보사,13436,교보라이프플래닛생명보험주식회사,B,SH117,용도별 대출채권(용도별 대출채권),C,대기업 대출채권,,,,,,,,,,,,,,,,,,,,,0.0,0.0,0.0,0.0,0.0,0.0,0.0,0.0,0.0,0.0,0.0,0.0,0.0,0.0,0.0,0.0,0.0,0.0,0.0,0.0,0.0,0.0,0.0,0.0,0.0,0.0,0.0,9985369000.0,25000000000.0,35000000000.0,35000000000.0,35000000000.0,35000000000.0,34250000000.0,34250000000.0,33500000000.0,33500000000.0,32500000000.0,32500000000.0,27500000000.0,27500000000.0,26250000000.0,26250000000.0,19000000000.0
82,국내생보사,13436,교보라이프플래닛생명보험주식회사,B,SH117,용도별 대출채권(용도별 대출채권),D,공공 및 기타자금 대출채권,,,,,,,,,,,,,,,,,,,,,0.0,0.0,0.0,0.0,0.0,0.0,0.0,0.0,0.0,0.0,0.0,0.0,0.0,0.0,0.0,0.0,0.0,0.0,0.0,0.0,0.0,0.0,0.0,0.0,0.0,0.0,0.0,0.0,0.0,0.0,0.0,0.0,0.0,0.0,0.0,0.0,0.0,0.0,0.0,0.0,0.0,0.0,0.0,0.0
83,국내생보사,13436,교보라이프플래닛생명보험주식회사,B,SH117,용도별 대출채권(용도별 대출채권),E,계,,,,,,,,,,,,,,,,,,,,,910000.0,13200000.0,22200000.0,38310000.0,55470000.0,126250000.0,215080000.0,319440000.0,437220000.0,723400000.0,852680000.0,1099490000.0,1327420000.0,1531740000.0,2078948000.0,2616410000.0,2927590000.0,3506430000.0,4063678000.0,5045910000.0,5305560000.0,6437750000.0,7014210000.0,7839740000.0,8769930000.0,9617690000.0,10177310000.0,21271779000.0,36881740000.0,48215231000.0,49778665000.0,51638590000.0,51678756000.0,52776526000.0,55335387000.0,56709074000.0,33500000000.0,32500000000.0,32500000000.0,27500000000.0,27500000000.0,26250000000.0,26250000000.0,19000000000.0
84,외국생보사,10594,에이비엘생명보험주식회사,B,SH117,용도별 대출채권(용도별 대출채권),A,가계대출채권,1125343806000.0,1145696861000.0,1165986784000.0,1193773828000.0,1211487690000.0,1225523212000.0,1233762848000.0,1263790803000.0,1287227175000.0,1307577550000.0,1317528956000.0,1335658079000.0,1331194348000.0,1340212627000.0,1339546096000.0,1364263634000.0,1346239125000.0,1352794093000.0,1353186189000.0,1365186506000.0,1353224813000.0,1348094472000.0,1329689252000.0,1336963767000.0,1326982905000.0,1322447472000.0,1319278154000.0,1345863504000.0,1331084103000.0,1335149299000.0,1344887893000.0,1402504921000.0,1415691198000.0,1434464556000.0,1463234810000.0,1485422043000.0,1480053732000.0,1479870431000.0,1508243902000.0,1554279677000.0,1537505433000.0,1521293122000.0,1522946593000.0,1555753272000.0,1560523318000.0,1546547049000.0,1553055807000.0,1553387463000.0,1553984503000.0,1549105586000.0,1593569198000.0,1592038736000.0,1583280181000.0,1574257412000.0,1569523968000.0,1570283944000.0,631036112000.0,613844222000.0,582538261000.0,570688388000.0,549741253000.0,542032801000.0,523157252000.0,544922202000.0
85,외국생보사,10594,에이비엘생명보험주식회사,B,SH117,용도별 대출채권(용도별 대출채권),B,중소기업 대출채권,50758460000.0,57679587000.0,67172261000.0,92127427000.0,109352435000.0,113328513000.0,120064918000.0,147553531000.0,151054427000.0,161456604000.0,182621442000.0,214379422000.0,221258440000.0,228240607000.0,257951693000.0,303222625000.0,328618569000.0,353152593000.0,376869482000.0,436718713000.0,453386858000.0,468702519000.0,488285016000.0,523199019000.0,538509156000.0,548235142000.0,530613279000.0,506538221000.0,278775798000.0,280331311000.0,284035169000.0,288067693000.0,229158055000.0,269182691000.0,318974916000.0,371126542000.0,408831435000.0,359703710000.0,356842647000.0,357155698000.0,315637694000.0,306626973000.0,266904711000.0,207905837000.0,203382116000.0,192963745000.0,191482216000.0,218990563000.0,211048233000.0,199302747000.0,198899006000.0,210456880000.0,231462718000.0,241590596000.0,248655319000.0,262802634000.0,260602469000.0,263880632000.0,225300697000.0,237272127000.0,244450550000.0,205024761000.0,212073433000.0,219783764000.0
86,외국생보사,10594,에이비엘생명보험주식회사,B,SH117,용도별 대출채권(용도별 대출채권),B1,중소기업 대출채권_개인사업자 대출채권,191190000.0,193010000.0,203010000.0,177410000.0,197410000.0,191710000.0,84110000.0,84110000.0,84110000.0,84110000.0,84110000.0,84110000.0,64110000.0,64110000.0,44110000.0,44110000.0,34620000.0,34620000.0,34620000.0,34620000.0,7000000.0,7000000.0,7000000.0,7000000.0,7000000.0,7000000.0,7000000.0,7000000.0,7000000.0,7000000.0,7000000.0,7000000.0,0.0,0.0,0.0,0.0,0.0,0.0,0.0,0.0,0.0,0.0,0.0,0.0,0.0,0.0,0.0,0.0,0.0,0.0,0.0,0.0,0.0,0.0,0.0,0.0,0.0,0.0,0.0,0.0,0.0,0.0,0.0,0.0
87,외국생보사,10594,에이비엘생명보험주식회사,B,SH117,용도별 대출채권(용도별 대출채권),C,대기업 대출채권,92517000000.0,157681000000.0,166629000000.0,75504000000.0,131179000000.0,129954000000.0,118129000000.0,122614000000.0,144914000000.0,251914000000.0,231026670000.0,237039340000.0,247861767000.0,278174437000.0,242193442000.0,237812447000.0,256931452000.0,272450457000.0,287180210000.0,271210496000.0,272840782000.0,287871068000.0,292324354000.0,216209640000.0,240894926000.0,271880212000.0,334220443000.0,287619757000.0,513238815000.0,505251148000.0,545622703000.0,549198456000.0,562947551000.0,656497098000.0,703866918000.0,659265716000.0,706160078000.0,720374278000.0,715703619000.0,631744773000.0,640648489000.0,642629650000.0,668429467000.0,715028628000.0,719569770000.0,689417892000.0,644887540000.0,661649092000.0,658605885000.0,579826836000.0,652454817000.0,639967515000.0,617253615000.0,608806401000.0,619113546000.0,601055057000.0,623425898000.0,622700400000.0,572075384000.0,571135576000.0,631445297000.0,646157084000.0,648389730000.0,687562924000.0
88,외국생보사,10594,에이비엘생명보험주식회사,B,SH117,용도별 대출채권(용도별 대출채권),D,공공 및 기타자금 대출채권,0.0,0.0,0.0,0.0,0.0,0.0,0.0,0.0,0.0,0.0,0.0,0.0,0.0,0.0,0.0,0.0,0.0,0.0,0.0,0.0,0.0,0.0,0.0,0.0,0.0,0.0,0.0,0.0,0.0,0.0,0.0,0.0,0.0,0.0,0.0,0.0,0.0,0.0,0.0,0.0,0.0,0.0,0.0,0.0,0.0,0.0,0.0,0.0,0.0,0.0,0.0,0.0,0.0,0.0,0.0,0.0,0.0,0.0,0.0,0.0,0.0,0.0,0.0,0.0
89,외국생보사,10594,에이비엘생명보험주식회사,B,SH117,용도별 대출채권(용도별 대출채권),E,계,1268619266000.0,1361057448000.0,1399788045000.0,1361405255000.0,1452019125000.0,1468805725000.0,1471956766000.0,1533958334000.0,1583195602000.0,1720948154000.0,1731177068000.0,1787076841000.0,1800314555000.0,1846627671000.0,1839691231000.0,1905298706000.0,1931789146000.0,1978397143000.0,2017235881000.0,2073115715000.0,2079452453000.0,2104668059000.0,2110298622000.0,2076372426000.0,2106386987000.0,2142562826000.0,2184111876000.0,2140021482000.0,2123098716000.0,2120731758000.0,2174545765000.0,2239771070000.0,2207796804000.0,2360144345000.0,2486076644000.0,2515814301000.0,2595045245000.0,2559948419000.0,2580790168000.0,2543180148000.0,2493791616000.0,2470549745000.0,2458280771000.0,2478687737000.0,2483475204000.0,2428928686000.0,2389425564000.0,2434027117000.0,2423638621000.0,2328235170000.0,2444923021000.0,2442463130000.0,2431996514000.0,2424654408000.0,2437292834000.0,2434141636000.0,1515064480000.0,1500425254000.0,1379914342000.0,1379096091000.0,1425637099000.0,1393214646000.0,1383620415000.0,1452268890000.0
90,외국생보사,10615,에이아이에이생명보험 주식회사,B,SH117,용도별 대출채권(용도별 대출채권),A,가계대출채권,295379231000.0,320800727000.0,326492475000.0,345621651000.0,358596489000.0,372215940000.0,373780806000.0,387478008000.0,384783534000.0,381080076000.0,387506713000.0,408843612000.0,406221496000.0,409826517000.0,410335014000.0,423982231000.0,424791183000.0,425033109000.0,425607435000.0,439934202000.0,438447204000.0,439779451000.0,441510236000.0,447878422000.0,443079834000.0,439453093000.0,436186115000.0,442465779000.0,438556684000.0,438125879000.0,446456497000.0,457711396000.0,452302138000.0,459502581000.0,463955134000.0,475449605000.0,474997484000.0,480501462000.0,486072593000.0,499245820000.0,499275056000.0,511661260000.0,528097757000.0,536795296000.0,538665821000.0,521970573000.0,517844407000.0,522707084000.0,517938943000.0,515094830000.0,515257925000.0,522557061000.0,520536611000.0,521291980000.0,527028376000.0,539459075000.0,258552000.0,221716000.0,188508000.0,161272000.0,135248000.0,111740000.0,90316000.0,71792000.0
91,외국생보사,10615,에이아이에이생명보험 주식회사,B,SH117,용도별 대출채권(용도별 대출채권),B,중소기업 대출채권,0.0,0.0,0.0,0.0,0.0,0.0,0.0,0.0,0.0,0.0,0.0,0.0,0.0,0.0,0.0,0.0,0.0,0.0,0.0,0.0,0.0,0.0,0.0,0.0,0.0,0.0,2974776000.0,4005094000.0,3501204000.0,3942760000.0,4102450000.0,5058410000.0,5254292000.0,3008402000.0,3175812000.0,3224290000.0,3457470000.0,3507880000.0,3221310000.0,3149160000.0,3243870000.0,3482380000.0,3472950000.0,2965630000.0,2803220000.0,2729810000.0,2845070000.0,2465350000.0,2245040000.0,1943320000.0,2632070000.0,2601250000.0,2735610000.0,2652720000.0,2760660000.0,2942840000.0,0.0,0.0,0.0,0.0,0.0,0.0,0.0,0.0
92,외국생보사,10615,에이아이에이생명보험 주식회사,B,SH117,용도별 대출채권(용도별 대출채권),B1,중소기업 대출채권_개인사업자 대출채권,0.0,0.0,0.0,0.0,0.0,0.0,0.0,0.0,0.0,0.0,0.0,0.0,0.0,0.0,0.0,0.0,0.0,0.0,0.0,0.0,0.0,0.0,0.0,0.0,0.0,0.0,113600000.0,114540000.0,87750000.0,83330000.0,100930000.0,56930000.0,40930000.0,55200000.0,35970000.0,40970000.0,64390000.0,64390000.0,69430000.0,68260000.0,97260000.0,97260000.0,105760000.0,100760000.0,61760000.0,123500000.0,121540000.0,75740000.0,37000000.0,37000000.0,37000000.0,7000000.0,2500000.0,2500000.0,7500000.0,7500000.0,0.0,0.0,0.0,0.0,0.0,0.0,0.0,0.0
93,외국생보사,10615,에이아이에이생명보험 주식회사,B,SH117,용도별 대출채권(용도별 대출채권),C,대기업 대출채권,131721585000.0,142024881000.0,141431218000.0,86612570000.0,59525514000.0,122596706000.0,174726076000.0,166029038000.0,170771331000.0,153854352000.0,218465411000.0,110977128000.0,61764064000.0,70790819000.0,106389824000.0,103151924000.0,98114134000.0,71116605000.0,128647470000.0,129272179000.0,104779008000.0,129279392000.0,158655055000.0,70248973000.0,26382002000.0,30009034000.0,37185519000.0,35634832000.0,35527594000.0,25542779000.0,43244610000.0,46789284000.0,53121004000.0,11248603000.0,9267903000.0,279332293000.0,247964245000.0,106605369000.0,103793453000.0,69534938000.0,93577199000.0,32343626000.0,81525102000.0,26021999000.0,18698838000.0,134428498000.0,168687372000.0,156954770000.0,166834191000.0,3907168000.0,189527158000.0,125960545000.0,33860794000.0,0.0,0.0,0.0,0.0,0.0,0.0,0.0,0.0,0.0,0.0,0.0
94,외국생보사,10615,에이아이에이생명보험 주식회사,B,SH117,용도별 대출채권(용도별 대출채권),D,공공 및 기타자금 대출채권,0.0,0.0,0.0,0.0,0.0,0.0,0.0,0.0,0.0,0.0,0.0,0.0,0.0,0.0,0.0,0.0,0.0,0.0,0.0,0.0,0.0,0.0,0.0,0.0,0.0,0.0,0.0,0.0,0.0,0.0,0.0,0.0,0.0,0.0,0.0,0.0,0.0,0.0,0.0,0.0,0.0,0.0,0.0,0.0,0.0,0.0,0.0,0.0,0.0,0.0,0.0,0.0,0.0,0.0,0.0,0.0,0.0,0.0,0.0,0.0,0.0,0.0,0.0,0.0
95,외국생보사,10615,에이아이에이생명보험 주식회사,B,SH117,용도별 대출채권(용도별 대출채권),E,계,427100816000.0,462825608000.0,467923693000.0,432234221000.0,418122003000.0,494812646000.0,548506882000.0,553507046000.0,555554865000.0,534934428000.0,605972124000.0,519820740000.0,467985560000.0,480617336000.0,516724838000.0,527134155000.0,522905317000.0,496149714000.0,554254905000.0,569206381000.0,543226212000.0,569058843000.0,600165291000.0,518127395000.0,469461836000.0,469462127000.0,476346410000.0,482105705000.0,477585482000.0,467611418000.0,493803557000.0,509559090000.0,510677434000.0,473759586000.0,476398849000.0,758006188000.0,726419199000.0,590614711000.0,593087356000.0,571929918000.0,596096125000.0,547487266000.0,613095809000.0,565782925000.0,560167879000.0,659128881000.0,689376849000.0,682127204000.0,687018174000.0,520945318000.0,707417153000.0,651118856000.0,557133016000.0,523944701000.0,529789036000.0,542401915000.0,258552000.0,221716000.0,188508000.0,161272000.0,135248000.0,111740000.0,90316000.0,71792000.0
96,외국생보사,10620,메트라이프생명보험(주),B,SH117,용도별 대출채권(용도별 대출채권),A,가계대출채권,408285892000.0,416801234000.0,426182114000.0,446712769000.0,452611692000.0,459385646000.0,462708630000.0,474426574000.0,475191921000.0,488546718000.0,516575294000.0,549873432000.0,548733847000.0,569649453000.0,588162581000.0,617746824000.0,617840341000.0,630166955000.0,639381186000.0,659065269000.0,659060204000.0,664241904000.0,664141304000.0,670576683000.0,663175692000.0,656256733000.0,655615071000.0,673910048000.0,672741416000.0,677076584000.0,678468580000.0,691475014000.0,688039656000.0,696378275000.0,706646460000.0,737175641000.0,744065774000.0,754655446000.0,763161128000.0,786953900000.0,768529804000.0,762214799000.0,752811261000.0,757280688000.0,752419216000.0,724383885000.0,720612366000.0,726033858000.0,729647593000.0,745545405000.0,746520516000.0,774487685000.0,769180369000.0,774937946000.0,783693050000.0,812849679000.0,0.0,0.0,0.0,0.0,0.0,0.0,0.0,0.0
97,외국생보사,10620,메트라이프생명보험(주),B,SH117,용도별 대출채권(용도별 대출채권),B,중소기업 대출채권,87958974000.0,106208413000.0,127538759000.0,131601057000.0,152513422000.0,154233788000.0,183584810000.0,182906203000.0,181687469000.0,186040880000.0,184997560000.0,198623520000.0,207499523000.0,215578958000.0,217499185000.0,224115837000.0,230991919000.0,235679856000.0,236007712000.0,238929699000.0,238226439000.0,239390023000.0,244438872000.0,316024872000.0,334578178000.0,335730547000.0,340241298000.0,340057861000.0,325813707000.0,323326437000.0,322886915000.0,328945348000.0,332757436000.0,340607385000.0,362252353000.0,371849902000.0,326847405000.0,302055632000.0,264092607000.0,258729703000.0,229709387000.0,230369367000.0,236335128000.0,256507065000.0,260694774000.0,267820822000.0,268275687000.0,260461738000.0,275936001000.0,242468129000.0,208377087000.0,206154441000.0,173850899000.0,178043602000.0,173204409000.0,173957446000.0,135875328000.0,132327104000.0,131583944000.0,128200233000.0,108527070000.0,112207414000.0,150707634000.0,157642546000.0
98,외국생보사,10620,메트라이프생명보험(주),B,SH117,용도별 대출채권(용도별 대출채권),B1,중소기업 대출채권_개인사업자 대출채권,0.0,0.0,0.0,0.0,0.0,0.0,0.0,0.0,0.0,0.0,0.0,0.0,0.0,0.0,0.0,0.0,0.0,0.0,0.0,0.0,0.0,0.0,0.0,0.0,0.0,0.0,0.0,0.0,0.0,0.0,0.0,0.0,0.0,0.0,0.0,0.0,0.0,0.0,0.0,0.0,0.0,0.0,0.0,0.0,0.0,0.0,0.0,0.0,0.0,0.0,0.0,0.0,0.0,0.0,0.0,0.0,0.0,0.0,0.0,0.0,0.0,0.0,0.0,0.0
99,외국생보사,10620,메트라이프생명보험(주),B,SH117,용도별 대출채권(용도별 대출채권),C,대기업 대출채권,5200000000.0,0.0,82900000000.0,166800000000.0,102900000000.0,141500000000.0,124300000000.0,222509000000.0,237694000000.0,237269000000.0,192278000000.0,94794000000.0,189375000000.0,214400000000.0,198800000000.0,234250000000.0,211000000000.0,92250000000.0,223400000000.0,254250000000.0,214800000000.0,224200000000.0,199300000000.0,63000000000.0,63000000000.0,63000000000.0,94500000000.0,104600000000.0,63000000000.0,132900000000.0,186200000000.0,199600000000.0,243000000000.0,251100000000.0,283100000000.0,261500000000.0,272500000000.0,256600000000.0,259000000000.0,320000000000.0,342073000000.0,406728000000.0,390155000000.0,422544000000.0,390899000000.0,496814400000.0,548997982000.0,580192370000.0,584450667000.0,683345263000.0,802102249000.0,859053477000.0,878733735000.0,937992183000.0,982007912000.0,934521933000.0,924176264000.0,825821981000.0,796131632000.0,811845305000.0,868010835000.0,878033818000.0,834450852000.0,799625258000.0
100,외국생보사,10620,메트라이프생명보험(주),B,SH117,용도별 대출채권(용도별 대출채권),D,공공 및 기타자금 대출채권,0.0,0.0,0.0,0.0,0.0,0.0,0.0,0.0,0.0,0.0,0.0,0.0,0.0,0.0,0.0,0.0,0.0,0.0,0.0,0.0,0.0,0.0,0.0,0.0,0.0,0.0,0.0,0.0,0.0,0.0,0.0,0.0,0.0,0.0,0.0,0.0,0.0,0.0,0.0,0.0,0.0,0.0,0.0,0.0,0.0,0.0,0.0,0.0,0.0,0.0,0.0,0.0,0.0,0.0,0.0,0.0,0.0,0.0,0.0,0.0,0.0,0.0,0.0,0.0
101,외국생보사,10620,메트라이프생명보험(주),B,SH117,용도별 대출채권(용도별 대출채권),E,계,501444866000.0,523009647000.0,636620873000.0,745113826000.0,708025114000.0,755119434000.0,770593440000.0,879841777000.0,894573390000.0,911856598000.0,893850854000.0,843290952000.0,945608370000.0,999628411000.0,1004461766000.0,1076112661000.0,1059832260000.0,958096811000.0,1098788898000.0,1152244968000.0,1112086643000.0,1127831927000.0,1107880176000.0,1049601555000.0,1060753870000.0,1054987280000.0,1090356369000.0,1118567909000.0,1061555123000.0,1133303021000.0,1187555495000.0,1220020362000.0,1263797092000.0,1288085660000.0,1351998813000.0,1370525543000.0,1343413179000.0,1313311078000.0,1286253735000.0,1365683603000.0,1340312191000.0,1399312166000.0,1379301389000.0,1436331753000.0,1404012990000.0,1489019107000.0,1537886035000.0,1566687966000.0,1590034261000.0,1671358797000.0,1756999853000.0,1839695602000.0,1821765003000.0,1890973731000.0,1938905371000.0,1921329057000.0,1060051592000.0,958149085000.0,927715576000.0,940045538000.0,976537905000.0,990241232000.0,985158486000.0,957267804000.0
102,외국생보사,10622,동양생명보험주식회사,B,SH117,용도별 대출채권(용도별 대출채권),A,가계대출채권,1164993171000.0,1189355050000.0,1284723410000.0,1342752651000.0,1387893833000.0,1455156191000.0,1527945580000.0,1587416670000.0,1604551275000.0,1651216653000.0,1705116957000.0,1792225449000.0,1755501850000.0,1728623125000.0,1705373227000.0,1700927186000.0,1649142343000.0,1659353630000.0,1658400059000.0,1643562835000.0,1604497496000.0,1596799499000.0,1602606974000.0,1611083427000.0,1598514374000.0,1610408582000.0,1627377046000.0,1652023282000.0,1653544567000.0,1681258925000.0,1701763374000.0,1750002952000.0,1749413039000.0,1781345154000.0,1814540399000.0,1858211298000.0,1902709575000.0,1943411787000.0,1972801849000.0,2011746922000.0,1974271201000.0,1928767740000.0,1903848453000.0,1899206785000.0,1860841143000.0,1786141024000.0,1762980305000.0,1773860090000.0,1787141489000.0,1815556023000.0,1834332261000.0,1877359860000.0,1870585459000.0,1867158597000.0,1906415173000.0,1953774358000.0,375672731000.0,345951440000.0,331522449000.0,253363040000.0,266447614000.0,214481247000.0,237935270000.0,272085833000.0
103,외국생보사,10622,동양생명보험주식회사,B,SH117,용도별 대출채권(용도별 대출채권),B,중소기업 대출채권,814601235000.0,820547129000.0,871703482000.0,864771579000.0,889998739000.0,920064918000.0,885721432000.0,881374541000.0,826265694000.0,857433739000.0,1035372423000.0,1035010719000.0,1145621346000.0,1261538368000.0,1224215478000.0,1263349691000.0,1434030430000.0,1797887618000.0,1825161797000.0,1848664291000.0,1917386269000.0,2116902462000.0,2355881641000.0,2531566482000.0,2613507719000.0,2372594591000.0,2364648193000.0,2341206620000.0,2290836401000.0,2284432089000.0,2280848646000.0,2150194944000.0,2355165003000.0,2379753132000.0,2360979709000.0,2373456000000.0,2482457168000.0,2207218243000.0,2079139467000.0,2437552125000.0,2821346576000.0,2970878667000.0,3262230043000.0,3617560258000.0,4098807539000.0,4212340494000.0,4404652499000.0,4931782871000.0,4973445705000.0,5228604474000.0,5004504919000.0,4758673374000.0,5357520741000.0,5672408519000.0,5511721745000.0,5493411565000.0,5539849147000.0,5244782928000.0,4999583992000.0,4905422785000.0,4982575148000.0,4859905542000.0,4514549435000.0,4419037119000.0
104,외국생보사,10622,동양생명보험주식회사,B,SH117,용도별 대출채권(용도별 대출채권),B1,중소기업 대출채권_개인사업자 대출채권,115371468000.0,104645093000.0,96856809000.0,90064545000.0,90235542000.0,82892350000.0,78188955000.0,66858284000.0,60893229000.0,52104867000.0,48344079000.0,53195232000.0,84912994000.0,109092224000.0,126160707000.0,138887263000.0,156905651000.0,169634834000.0,174193957000.0,176390419000.0,172183611000.0,166723775000.0,155086856000.0,150113130000.0,145573251000.0,144964319000.0,142716713000.0,133542024000.0,126554404000.0,122530867000.0,106489743000.0,99371949000.0,100153283000.0,83070111000.0,71021172000.0,35105253000.0,36693976000.0,20872520000.0,21390833000.0,20887807000.0,22157240000.0,21194981000.0,22038386000.0,20205893000.0,20107595000.0,18970036000.0,19288806000.0,17895141000.0,18571431000.0,18511819000.0,19922616000.0,20765054000.0,21784506000.0,22999278000.0,23842522000.0,21135792000.0,3642702000.0,3580502000.0,3561802000.0,1457392000.0,1454392000.0,1454392000.0,1454392000.0,1159879000.0
105,외국생보사,10622,동양생명보험주식회사,B,SH117,용도별 대출채권(용도별 대출채권),C,대기업 대출채권,114261596000.0,84261596000.0,175001671000.0,165429256000.0,196061244000.0,180406178000.0,196089106000.0,636746651000.0,216593223000.0,202551502000.0,220091919000.0,275888919000.0,280938188000.0,367754259000.0,458590420000.0,494625510000.0,498494450000.0,615731675000.0,709176694000.0,737417231000.0,902047470000.0,915180480000.0,1021000888000.0,886761446000.0,921102892000.0,956870709000.0,894242549000.0,839834736000.0,820562747000.0,755122959000.0,653408993000.0,642549350000.0,628368530000.0,558960233000.0,383015448000.0,351965688000.0,358059953000.0,430277657000.0,534689281000.0,596305050000.0,579780426000.0,771713475000.0,1048005783000.0,1095090922000.0,1084268909000.0,1197530763000.0,1287194389000.0,1201194772000.0,1015514630000.0,1112375767000.0,1203271765000.0,1160868219000.0,1252823843000.0,1234663090000.0,1119546547000.0,1018833228000.0,1102815482000.0,1117482149000.0,1155529164000.0,1146199155000.0,1249274957000.0,1467302974000.0,1462105665000.0,1437903118000.0
106,외국생보사,10622,동양생명보험주식회사,B,SH117,용도별 대출채권(용도별 대출채권),D,공공 및 기타자금 대출채권,0.0,0.0,0.0,0.0,0.0,0.0,0.0,0.0,0.0,0.0,0.0,0.0,0.0,0.0,0.0,0.0,0.0,0.0,0.0,0.0,0.0,0.0,0.0,0.0,0.0,0.0,0.0,0.0,0.0,0.0,0.0,0.0,0.0,0.0,0.0,0.0,0.0,0.0,0.0,0.0,0.0,0.0,0.0,0.0,0.0,0.0,0.0,0.0,0.0,0.0,0.0,0.0,0.0,0.0,0.0,0.0,0.0,0.0,0.0,0.0,0.0,0.0,0.0,0.0
107,외국생보사,10622,동양생명보험주식회사,B,SH117,용도별 대출채권(용도별 대출채권),E,계,2093856002000.0,2094163775000.0,2331428563000.0,2372953486000.0,2473953816000.0,2555627287000.0,2609756118000.0,3105537862000.0,2647410192000.0,2711201894000.0,2960581299000.0,3103125087000.0,3182061384000.0,3357915752000.0,3388179125000.0,3458902387000.0,3581667223000.0,4072972923000.0,4192738550000.0,4229644357000.0,4423931235000.0,4628882441000.0,4979489503000.0,5029411355000.0,5133124985000.0,4939873882000.0,4886267788000.0,4833064638000.0,4764943715000.0,4720813973000.0,4636021013000.0,4542747246000.0,4732946572000.0,4720058519000.0,4558535556000.0,4583632986000.0,4743226696000.0,4580907687000.0,4586630597000.0,5045604097000.0,5375398203000.0,5671359882000.0,6214084279000.0,6611857965000.0,7043917591000.0,7196012281000.0,7454827194000.0,7906837738000.0,7776101826000.0,8156536266000.0,8042108948000.0,7796901458000.0,8480930046000.0,8774230206000.0,8537683467000.0,8466019152000.0,7018337360000.0,6708216517000.0,6486635603000.0,6304984982000.0,6498297721000.0,6541689762000.0,6214590369000.0,6129026069000.0
108,외국생보사,10625,처브라이프생명보험주식회사,B,SH117,용도별 대출채권(용도별 대출채권),A,가계대출채권,43581379000.0,46527432000.0,50912702000.0,52688603000.0,55502061000.0,56881909000.0,59962494000.0,62605677000.0,64602252000.0,66688744000.0,69609966000.0,73231046000.0,74098794000.0,75719284000.0,77420563000.0,79603851000.0,80169547000.0,81672561000.0,84993793000.0,86505915000.0,85173656000.0,85174149000.0,85930055000.0,87320849000.0,88249736000.0,86902897000.0,88001713000.0,91587340000.0,91457140000.0,91952387000.0,92661755000.0,93788598000.0,93082541000.0,94829231000.0,94721767000.0,98206087000.0,99037380000.0,99953195000.0,100558319000.0,103174392000.0,102627880000.0,103643101000.0,103874951000.0,104373079000.0,105267596000.0,101788843000.0,100873952000.0,102310764000.0,101808919000.0,101852570000.0,101529977000.0,101903401000.0,101096636000.0,100991580000.0,100622623000.0,102180177000.0,0.0,0.0,0.0,0.0,0.0,0.0,0.0,0.0
109,외국생보사,10625,처브라이프생명보험주식회사,B,SH117,용도별 대출채권(용도별 대출채권),B,중소기업 대출채권,0.0,0.0,0.0,0.0,0.0,0.0,0.0,0.0,0.0,0.0,0.0,0.0,0.0,0.0,0.0,0.0,0.0,0.0,0.0,0.0,2070310000.0,1949140000.0,2330450000.0,1803670000.0,23769960000.0,2164540000.0,2415690000.0,2296647000.0,2706377000.0,2914337000.0,2272567000.0,2133927000.0,2309607000.0,2108767000.0,1920567000.0,2115037000.0,4045077000.0,4162887000.0,4317967000.0,4392847000.0,2444787000.0,2690267000.0,2851647000.0,3446327000.0,3416557000.0,3070652000.0,3193537000.0,2544807000.0,2340177000.0,2429227000.0,2393607000.0,2158127000.0,2065877000.0,2240487000.0,2042037000.0,2043457000.0,0.0,0.0,0.0,0.0,0.0,0.0,10000000000.0,0.0
110,외국생보사,10625,처브라이프생명보험주식회사,B,SH117,용도별 대출채권(용도별 대출채권),B1,중소기업 대출채권_개인사업자 대출채권,0.0,0.0,0.0,0.0,0.0,0.0,0.0,0.0,0.0,0.0,0.0,0.0,0.0,0.0,0.0,0.0,0.0,0.0,0.0,0.0,5970000.0,5970000.0,5970000.0,5970000.0,0.0,0.0,0.0,0.0,0.0,0.0,0.0,0.0,0.0,0.0,0.0,0.0,0.0,0.0,0.0,0.0,0.0,0.0,0.0,0.0,22290000.0,22840000.0,24980000.0,8650000.0,8650000.0,9150000.0,8000000.0,8000000.0,8000000.0,0.0,0.0,0.0,0.0,0.0,0.0,0.0,0.0,0.0,0.0,0.0
111,외국생보사,10625,처브라이프생명보험주식회사,B,SH117,용도별 대출채권(용도별 대출채권),C,대기업 대출채권,500000000.0,500000000.0,16500000000.0,17700000000.0,18600000000.0,20500000000.0,23900000000.0,22800000000.0,23300000000.0,29400000000.0,30100000000.0,33400000000.0,23500000000.0,30000000000.0,34200000000.0,23200000000.0,20000000000.0,0.0,13500000000.0,29300000000.0,29400000000.0,31200000000.0,29500000000.0,0.0,0.0,23700000000.0,23800000000.0,21300000000.0,22800000000.0,23000000000.0,24800000000.0,23500000000.0,24500000000.0,24600000000.0,15800000000.0,11700000000.0,22700000000.0,20300000000.0,24000000000.0,26100000000.0,29800000000.0,29000000000.0,26600000000.0,34700000000.0,20700000000.0,36300000000.0,33500000000.0,32700000000.0,30600000000.0,28500000000.0,26300000000.0,29500000000.0,26700000000.0,26600000000.0,29000000000.0,26500000000.0,22500000000.0,24600000000.0,28700000000.0,27700000000.0,20900000000.0,22300000000.0,19600000000.0,24900000000.0
112,외국생보사,10625,처브라이프생명보험주식회사,B,SH117,용도별 대출채권(용도별 대출채권),D,공공 및 기타자금 대출채권,0.0,0.0,0.0,0.0,0.0,0.0,0.0,0.0,0.0,0.0,0.0,0.0,0.0,0.0,0.0,0.0,0.0,0.0,0.0,0.0,0.0,0.0,0.0,0.0,0.0,0.0,0.0,0.0,0.0,0.0,0.0,0.0,0.0,190290000.0,188690000.0,188690000.0,188690000.0,188690000.0,188690000.0,188690000.0,188690000.0,188690000.0,188690000.0,188690000.0,188690000.0,188690000.0,188690000.0,188690000.0,188690000.0,188690000.0,188690000.0,188690000.0,188690000.0,188690000.0,188690000.0,188690000.0,0.0,0.0,0.0,0.0,0.0,0.0,0.0,0.0
113,외국생보사,10625,처브라이프생명보험주식회사,B,SH117,용도별 대출채권(용도별 대출채권),E,계,44081379000.0,47027432000.0,67412702000.0,70388603000.0,74102061000.0,77381909000.0,83862494000.0,85405677000.0,87902252000.0,96088744000.0,99709966000.0,106631046000.0,97598794000.0,105719284000.0,111620563000.0,102803851000.0,100169547000.0,81672561000.0,98493793000.0,115805915000.0,116643966000.0,118323289000.0,117760505000.0,89124519000.0,112019696000.0,112767437000.0,114217403000.0,115183987000.0,116963517000.0,117866724000.0,119734322000.0,119422525000.0,119892148000.0,121728288000.0,112631024000.0,112209814000.0,125971147000.0,124604772000.0,129064976000.0,133855929000.0,135061357000.0,135522058000.0,133515288000.0,142708096000.0,129572843000.0,141348185000.0,137756178000.0,137744261000.0,134937786000.0,132970487000.0,130412274000.0,133750218000.0,130051203000.0,130020757000.0,131853350000.0,130912324000.0,22500000000.0,24600000000.0,28700000000.0,27700000000.0,20900000000.0,22300000000.0,29600000000.0,24900000000.0
114,외국생보사,11226,비엔피파리바카디프생명보험주식회사,B,SH117,용도별 대출채권(용도별 대출채권),A,가계대출채권,5012230000.0,5349130000.0,5288930000.0,5751070000.0,6242500000.0,6749090000.0,6326260000.0,7220860000.0,7297550000.0,7566550000.0,10309440000.0,10107100000.0,10370050000.0,10590600000.0,9108070000.0,16039700000.0,9422370000.0,8993890000.0,10430700000.0,11441270000.0,11731340000.0,13191090000.0,11282330000.0,11858570000.0,9564240000.0,8453870000.0,9691610000.0,12390630000.0,11326800000.0,11116780000.0,12254520000.0,14342200000.0,13824650000.0,14748810000.0,14758690000.0,15658400000.0,15393450000.0,18164700000.0,18388650000.0,19423730000.0,19551630000.0,18184960000.0,17442980000.0,18083500000.0,16977580000.0,15379620000.0,15804430000.0,15534670000.0,16185080000.0,15897270000.0,14653710000.0,14906150000.0,14773181000.0,13378260000.0,14074190000.0,14456970000.0,0.0,0.0,0.0,0.0,0.0,0.0,0.0,0.0
115,외국생보사,11226,비엔피파리바카디프생명보험주식회사,B,SH117,용도별 대출채권(용도별 대출채권),B,중소기업 대출채권,0.0,0.0,0.0,0.0,0.0,0.0,0.0,0.0,0.0,0.0,0.0,0.0,0.0,0.0,0.0,0.0,0.0,0.0,0.0,0.0,0.0,0.0,0.0,0.0,0.0,0.0,0.0,0.0,0.0,0.0,0.0,0.0,0.0,0.0,0.0,0.0,0.0,0.0,0.0,390250000.0,391750000.0,385750000.0,410750000.0,590800000.0,127550000.0,135000000.0,270430000.0,186000000.0,249740000.0,254950000.0,306220000.0,474490000.0,536850000.0,559530000.0,658340000.0,728010000.0,0.0,0.0,0.0,0.0,0.0,0.0,0.0,0.0
116,외국생보사,11226,비엔피파리바카디프생명보험주식회사,B,SH117,용도별 대출채권(용도별 대출채권),B1,중소기업 대출채권_개인사업자 대출채권,0.0,0.0,0.0,0.0,0.0,0.0,0.0,0.0,0.0,0.0,0.0,0.0,0.0,0.0,0.0,0.0,0.0,0.0,0.0,0.0,0.0,0.0,0.0,0.0,0.0,0.0,0.0,0.0,0.0,0.0,0.0,0.0,0.0,0.0,0.0,0.0,0.0,0.0,0.0,0.0,0.0,0.0,0.0,0.0,0.0,0.0,0.0,0.0,0.0,0.0,0.0,0.0,0.0,0.0,0.0,0.0,0.0,0.0,0.0,0.0,0.0,0.0,0.0,0.0
117,외국생보사,11226,비엔피파리바카디프생명보험주식회사,B,SH117,용도별 대출채권(용도별 대출채권),C,대기업 대출채권,47500000000.0,0.0,135000000000.0,152700000000.0,129600000000.0,139300000000.0,174900000000.0,161400000000.0,121800000000.0,137300000000.0,97100000000.0,75500000000.0,119900000000.0,79800000000.0,63600000000.0,158400000000.0,102800000000.0,0.0,84800000000.0,62300000000.0,80300000000.0,121700000000.0,97700000000.0,3300000000.0,42500000000.0,36000000000.0,14900000000.0,22700000000.0,14800000000.0,22700000000.0,8500000000.0,22000000000.0,10300000000.0,16500000000.0,16800000000.0,5300000000.0,8000000000.0,21000000000.0,19000000000.0,20000000000.0,20000000000.0,15000000000.0,20000000000.0,3000000000.0,6600000000.0,14000000000.0,2900000000.0,7400000000.0,15700000000.0,18500000000.0,1600000000.0,15900000000.0,19500000000.0,17900000000.0,16000000000.0,12400000000.0,25200000000.0,15200000000.0,12700000000.0,17800000000.0,9800000000.0,30300000000.0,32900000000.0,31400000000.0
118,외국생보사,11226,비엔피파리바카디프생명보험주식회사,B,SH117,용도별 대출채권(용도별 대출채권),D,공공 및 기타자금 대출채권,0.0,0.0,0.0,0.0,0.0,0.0,0.0,0.0,0.0,0.0,0.0,0.0,0.0,0.0,0.0,0.0,0.0,0.0,0.0,0.0,0.0,0.0,0.0,0.0,0.0,0.0,0.0,0.0,0.0,0.0,0.0,0.0,0.0,0.0,0.0,0.0,0.0,0.0,0.0,61310000.0,0.0,0.0,0.0,0.0,0.0,0.0,0.0,0.0,0.0,0.0,0.0,0.0,0.0,0.0,53330000.0,0.0,0.0,0.0,0.0,0.0,0.0,0.0,0.0,0.0
119,외국생보사,11226,비엔피파리바카디프생명보험주식회사,B,SH117,용도별 대출채권(용도별 대출채권),E,계,52512230000.0,5349130000.0,140288930000.0,158451070000.0,135842500000.0,146049090000.0,181226260000.0,168620860000.0,129097550000.0,144866550000.0,107409440000.0,85607100000.0,130270050000.0,90390600000.0,72708070000.0,174439700000.0,112222370000.0,8993890000.0,95230700000.0,73741270000.0,92031340000.0,134891090000.0,108982330000.0,15158570000.0,52064240000.0,44453870000.0,24591610000.0,35090630000.0,26126800000.0,33816780000.0,20754520000.0,36342200000.0,24124650000.0,31248810000.0,31558690000.0,20958400000.0,23393450000.0,39164700000.0,37388650000.0,39875290000.0,39943380000.0,33570710000.0,37853730000.0,21674300000.0,23705130000.0,29514620000.0,18974860000.0,23120670000.0,32134820000.0,34652220000.0,16559930000.0,31280640000.0,34810031000.0,31837790000.0,30785860000.0,27584980000.0,25200000000.0,15200000000.0,12700000000.0,17800000000.0,9800000000.0,30300000000.0,32900000000.0,31400000000.0
120,외국생보사,11320,푸본현대생명보험주식회사,B,SH117,용도별 대출채권(용도별 대출채권),A,가계대출채권,240925268000.0,249857099000.0,252760105000.0,255201212000.0,258069146000.0,263801685000.0,269638250000.0,277647477000.0,286435493000.0,290946779000.0,299551817000.0,308678340000.0,315183564000.0,323753407000.0,356463413000.0,408474661000.0,465720386000.0,500868941000.0,555734436000.0,638962398000.0,708160378000.0,790558536000.0,892793682000.0,1014295908000.0,1105682285000.0,1170694633000.0,1243424997000.0,1379714304000.0,1564981857000.0,1745670864000.0,1860447289000.0,2045603057000.0,2111495315000.0,2162986645000.0,2179465120000.0,2218442791000.0,2074462349000.0,2001077913000.0,1943530047000.0,1926468317000.0,1890339735000.0,1893260391000.0,1840918948000.0,1809810146000.0,1786673911000.0,1765239117000.0,1788673133000.0,1856883819000.0,1947924706000.0,2000054761000.0,2017437214000.0,1955691747000.0,1968717932000.0,1998147526000.0,2013391504000.0,2026873863000.0,1613968479000.0,1568559374000.0,1559351203000.0,1558799214000.0,1573154105000.0,1556673641000.0,1557325542000.0,1568574959000.0
121,외국생보사,11320,푸본현대생명보험주식회사,B,SH117,용도별 대출채권(용도별 대출채권),B,중소기업 대출채권,302423757000.0,253477674000.0,255991653000.0,236135467000.0,247903534000.0,239689733000.0,255699656000.0,307345653000.0,323984307000.0,325267354000.0,336923983000.0,318879709000.0,300302118000.0,288046242000.0,288344339000.0,270563644000.0,305006577000.0,362786126000.0,425880972000.0,578340207000.0,656029563000.0,751821979000.0,865896859000.0,953435951000.0,1104034210000.0,1192573702000.0,1229865714000.0,1422251483000.0,1633332238000.0,1496208062000.0,1557612194000.0,1814397917000.0,1805970171000.0,1746374444000.0,1747459358000.0,1717091652000.0,1621317347000.0,1378596538000.0,1213526886000.0,1193745190000.0,1208607760000.0,1177926418000.0,1103200441000.0,1091322029000.0,996249365000.0,1153797616000.0,1107516834000.0,1130982593000.0,820077391000.0,974443914000.0,1140829174000.0,1260267842000.0,1537646198000.0,1600675027000.0,1604552542000.0,1418608595000.0,1442264103000.0,1294825364000.0,1213285029000.0,1243557434000.0,1184656246000.0,1141642020000.0,1054148347000.0,1040726187000.0
122,외국생보사,11320,푸본현대생명보험주식회사,B,SH117,용도별 대출채권(용도별 대출채권),B1,중소기업 대출채권_개인사업자 대출채권,0.0,0.0,0.0,0.0,0.0,0.0,0.0,0.0,0.0,0.0,0.0,0.0,0.0,0.0,6639000000.0,16001000000.0,30499000000.0,46966956000.0,66809734000.0,78707629000.0,96776634000.0,117490488000.0,125359561000.0,122509405000.0,126824914000.0,126796550000.0,122888024000.0,129315263000.0,130246227000.0,126139889000.0,127009456000.0,139571978000.0,133740257000.0,123691396000.0,111764296000.0,98890027000.0,85507881000.0,73390427000.0,64565744000.0,55589773000.0,45801233000.0,36498664000.0,29732473000.0,23087582000.0,18902314000.0,15240648000.0,12954311000.0,9890565000.0,7844972000.0,5778199000.0,4335744000.0,2661438000.0,1904043000.0,1256094000.0,2843542000.0,4280979000.0,4514185000.0,4019818000.0,3892776000.0,3732306000.0,3713079000.0,3508333000.0,3502285000.0,3394685000.0
123,외국생보사,11320,푸본현대생명보험주식회사,B,SH117,용도별 대출채권(용도별 대출채권),C,대기업 대출채권,40835214000.0,40835214000.0,60835214000.0,60835214000.0,60835214000.0,60935214000.0,73489544000.0,72435905000.0,66028925000.0,64733000000.0,79876000000.0,79576000000.0,96756000000.0,58596000000.0,88196000000.0,122316000000.0,149196030000.0,171116000000.0,158537566000.0,158537566000.0,157954566000.0,172954566000.0,184754566000.0,183069793000.0,198069793000.0,198069793000.0,247903126000.0,281845151000.0,271845151000.0,271845151000.0,301775663000.0,307502040000.0,292257924000.0,294257924000.0,318115696000.0,285980904000.0,291501467000.0,284679467000.0,306018467000.0,289818350000.0,297239233000.0,283081489000.0,288842060000.0,244401000000.0,252712000000.0,260244000000.0,237732000000.0,248784000000.0,248707609000.0,194282000000.0,202057000000.0,209320000000.0,161900000000.0,162925000000.0,140250000000.0,174755000000.0,178976666000.0,119568332000.0,135934998000.0,157334998000.0,145623331000.0,152873331000.0,172040000000.0,151000000000.0
124,외국생보사,11320,푸본현대생명보험주식회사,B,SH117,용도별 대출채권(용도별 대출채권),D,공공 및 기타자금 대출채권,0.0,0.0,0.0,0.0,0.0,0.0,0.0,0.0,0.0,0.0,0.0,0.0,0.0,0.0,0.0,0.0,0.0,0.0,0.0,0.0,0.0,0.0,0.0,0.0,0.0,0.0,0.0,0.0,0.0,0.0,0.0,0.0,0.0,0.0,0.0,0.0,0.0,0.0,0.0,0.0,0.0,0.0,0.0,0.0,0.0,0.0,0.0,0.0,0.0,0.0,0.0,0.0,0.0,0.0,0.0,0.0,0.0,0.0,0.0,0.0,0.0,0.0,0.0,0.0
125,외국생보사,11320,푸본현대생명보험주식회사,B,SH117,용도별 대출채권(용도별 대출채권),E,계,584184239000.0,544169987000.0,569586972000.0,552171893000.0,566807894000.0,564426632000.0,598827450000.0,657429035000.0,676448725000.0,680947133000.0,716351800000.0,707134049000.0,712241682000.0,670395649000.0,733003752000.0,801354305000.0,919922993000.0,1034771067000.0,1140152974000.0,1375840171000.0,1522144507000.0,1715335081000.0,1943445107000.0,2150801652000.0,2407786288000.0,2561338128000.0,2721193837000.0,3083810938000.0,3470159246000.0,3513724077000.0,3719835146000.0,4167503014000.0,4209723410000.0,4203619013000.0,4245040174000.0,4221515347000.0,3987281163000.0,3664353918000.0,3463075400000.0,3410031857000.0,3396186728000.0,3354268298000.0,3232961449000.0,3145533175000.0,3035635276000.0,3179280733000.0,3133921968000.0,3236650412000.0,3016709705000.0,3168780677000.0,3360323391000.0,3425279589000.0,3668264132000.0,3761747553000.0,3758194049000.0,3620237458000.0,3235209249000.0,2982953071000.0,2908571229000.0,2959691647000.0,2903433683000.0,2851188992000.0,2783513890000.0,2760301147000.0
126,외국생보사,11434,라이나생명보험주식회사,B,SH117,용도별 대출채권(용도별 대출채권),A,가계대출채권,14468019000.0,14708332000.0,15589569000.0,16590569000.0,17420561000.0,17917037000.0,18712642000.0,19679702000.0,20172526000.0,19161653000.0,21566662000.0,23658521000.0,24834159000.0,25981121000.0,27316345000.0,29169316000.0,30932740000.0,32737366000.0,34223269000.0,38566783000.0,41630161000.0,43451161000.0,47173585000.0,51184902000.0,53612944000.0,55618554000.0,58767923000.0,62699833000.0,65387068000.0,68442498000.0,73383566000.0,76632015000.0,78345763000.0,81196562000.0,83354966000.0,89385380000.0,92522582000.0,94382593000.0,97557639000.0,100192600000.0,100219127000.0,99027426000.0,98319248000.0,98495866000.0,95638852000.0,92288821000.0,89793426000.0,86602334000.0,84648583000.0,83312297000.0,82026711000.0,81539527000.0,80209910000.0,78973120000.0,78345577000.0,79450818000.0,57516000.0,46848000.0,37358000.0,25605000.0,18751000.0,9236000.0,3110000.0,1778000.0
127,외국생보사,11434,라이나생명보험주식회사,B,SH117,용도별 대출채권(용도별 대출채권),B,중소기업 대출채권,0.0,0.0,0.0,0.0,0.0,0.0,0.0,0.0,0.0,0.0,0.0,0.0,0.0,0.0,0.0,0.0,0.0,0.0,0.0,0.0,0.0,0.0,0.0,0.0,0.0,0.0,0.0,0.0,0.0,0.0,0.0,0.0,0.0,0.0,0.0,0.0,0.0,0.0,0.0,0.0,0.0,0.0,0.0,0.0,0.0,0.0,0.0,0.0,0.0,0.0,0.0,0.0,0.0,0.0,0.0,0.0,0.0,0.0,0.0,0.0,0.0,0.0,0.0,0.0
128,외국생보사,11434,라이나생명보험주식회사,B,SH117,용도별 대출채권(용도별 대출채권),B1,중소기업 대출채권_개인사업자 대출채권,0.0,0.0,0.0,0.0,0.0,0.0,0.0,0.0,0.0,0.0,0.0,0.0,0.0,0.0,0.0,0.0,0.0,0.0,0.0,0.0,0.0,0.0,0.0,0.0,0.0,0.0,0.0,0.0,0.0,0.0,0.0,0.0,0.0,0.0,0.0,0.0,0.0,0.0,0.0,0.0,0.0,0.0,0.0,0.0,0.0,0.0,0.0,0.0,0.0,0.0,0.0,0.0,0.0,0.0,0.0,0.0,0.0,0.0,0.0,0.0,0.0,0.0,0.0,0.0
129,외국생보사,11434,라이나생명보험주식회사,B,SH117,용도별 대출채권(용도별 대출채권),C,대기업 대출채권,9500000000.0,16149000000.0,7649000000.0,8568000000.0,468000000.0,2730000000.0,324000000.0,217000000.0,171000000.0,594000000.0,556000000.0,531000000.0,524000000.0,515000000.0,4305000000.0,497000000.0,476000000.0,3940000000.0,425130000.0,10944000.0,10944000.0,10944000.0,10944000.0,10944000.0,10944000.0,10944000.0,10944000.0,10944000.0,10944000.0,10944000.0,10944000.0,10944000.0,10944000.0,0.0,0.0,0.0,0.0,0.0,0.0,0.0,0.0,0.0,0.0,0.0,0.0,0.0,0.0,0.0,0.0,0.0,0.0,0.0,0.0,0.0,0.0,0.0,0.0,0.0,0.0,0.0,0.0,0.0,0.0,0.0
130,외국생보사,11434,라이나생명보험주식회사,B,SH117,용도별 대출채권(용도별 대출채권),D,공공 및 기타자금 대출채권,0.0,0.0,0.0,0.0,0.0,0.0,0.0,0.0,0.0,0.0,0.0,0.0,0.0,0.0,0.0,0.0,0.0,0.0,0.0,0.0,0.0,0.0,0.0,0.0,0.0,0.0,0.0,0.0,0.0,0.0,0.0,0.0,0.0,0.0,0.0,0.0,0.0,0.0,0.0,0.0,0.0,0.0,0.0,0.0,0.0,0.0,0.0,0.0,0.0,0.0,0.0,0.0,0.0,0.0,0.0,0.0,0.0,0.0,0.0,0.0,0.0,0.0,0.0,0.0
131,외국생보사,11434,라이나생명보험주식회사,B,SH117,용도별 대출채권(용도별 대출채권),E,계,23968019000.0,30857332000.0,23238569000.0,25158569000.0,17888561000.0,20647037000.0,19036642000.0,19896702000.0,20343526000.0,19755653000.0,22122662000.0,24189521000.0,25358159000.0,26496121000.0,31621345000.0,29666316000.0,31408740000.0,36677366000.0,34648399000.0,38577727000.0,41641105000.0,43462105000.0,47184529000.0,51195846000.0,53623888000.0,55629498000.0,58778867000.0,62710777000.0,65398012000.0,68453442000.0,73394510000.0,76642959000.0,78356707000.0,81196562000.0,83354966000.0,89385380000.0,92522582000.0,94382593000.0,97557639000.0,100192600000.0,100219127000.0,99027426000.0,98319248000.0,98495866000.0,95638852000.0,92288821000.0,89793426000.0,86602334000.0,84648583000.0,83312297000.0,82026711000.0,81539527000.0,80209910000.0,78973120000.0,78345577000.0,79450818000.0,57516000.0,46848000.0,37358000.0,25605000.0,18751000.0,9236000.0,3110000.0,1778000.0
