,금융구분,금융회사코드,금융회사명,통계분류,통계표코드,통계표명,코드,구분,201106,201109,201112,201203,201206,201209,201212,201303,201306,201309,201312,201403,201406,201409,201412,201503,201506,201509,201512,201603,201606,201609,201612,201703,201706,201709,201712,201803,201806,201809,201812,201903,201906,201909,201912,202003,202006,202009,202012,202103,202106,202109,202112,202203,202206,202209,202212,202303,202306,202309,202312,202403,202406,202409,202412,202503
0,국내증권사,10090,교보증권(주),B,SF018,유가증권 보유현황(기타포괄손익-공정가치측정증권),A,기타포괄손익-공정가치측정증권,388324816592,422346473940,387949548563,341729614244,334610118331,324687354218,325174961549,323456791272,319892775198,318121310496,312479786323,301388233107,297429400256,308774390385,322769835562,309501114288,320207527447,313561275972,322474741801,323611466230,264239152381,265066350203,270890766890,270787386644,270984524951,258615781769,263736192229,254893496548,255608973150,256730793513,259793153490,258575531647,266192878653,388238399222,407749168376,416514859915,381787899404,402881689150,393294783249,397605757947,362199734402,355294772511,355022914949,402562933970,481609911862,538886423923,409757683388,313201798338,316226013066,319455509097,293209469492,1154293399015,1153753618759,286198989238,277078578456,668755292690
1,국내증권사,10090,교보증권(주),B,SF018,유가증권 보유현황(기타포괄손익-공정가치측정증권),A1,주식,148310201470,151708661639,150958236791,160413800116,163152067371,160345879430,160233152657,158894239340,154730568666,154696613744,149342017576,144385274876,140388764261,145262062025,155616994761,151783257409,152558855813,153948250493,154315474971,154349003649,94432245397,97248464609,103190706507,102770630079,102397971799,101946781567,98175101917,95686271882,96214672594,97316957840,99772536952,98268839780,105949335344,108144561716,107516421602,106670988698,120865209314,122051463282,132373111270,137128933774,142521697818,145619483400,145674203086,143997328090,187222314544,187209146404,165427007826,164406639994,177495450124,170765712966,173080025918,177606243916,172585076014,165407040320,166689509974,164212359090
2,국내증권사,10090,교보증권(주),B,SF018,유가증권 보유현황(기타포괄손익-공정가치측정증권),A2,출자금,600000,2000600000,2090600000,255600000,255600000,628100000,673100000,672600000,1922600000,1922600000,1922600000,1922600000,1922600000,1922600000,5422600000,5422600000,5627600000,5627600000,5627600000,6118100000,6319100000,5468800000,6019100000,5920100000,6038100000,4347100000,3675100900,0, , , , , , , , , , , , , , , , , , , , , , , , , , , , 
3,국내증권사,10090,교보증권(주),B,SF018,유가증권 보유현황(기타포괄손익-공정가치측정증권),A3,국채·지방채,0, , , , , , , , , , , , , , , , , , , , , , , , , , ,0, , , , , , , ,79431532334, ,19905095629, ,9511846154,9495393443, , , ,48026209017,96233142078,97493901101, , , , ,826281089817,830610323068, , ,101956923078
4,국내증권사,10090,교보증권(주),B,SF018,유가증권 보유현황(기타포괄손익-공정가치측정증권),A4,특수채,19996148352,30018230591,30070421585,30063028787,30082946370,20145726709,20126619566,20168063769,20100863295,40081542555,40052697466,30032599065,30038118730,96424959241,96570759241,107138362143,117002834009,127076739677,109984309788,110439234832,110757015388,69769850283,69533194111,69672860452,69736365658,59857840639,79288959712,79392583359,79476539056,49497679691,49880746472,49928486136,39875069308,139655862693,59849486264,10004890110,160407500959,130128151905,130029151905,89975677558,39920407067,39846262240,39775008637,69251214096,68170686446,77622409924,68392086174,69200523879,59222104924,49348200175,20029138827,10029173914,10014326087, , , 
5,국내증권사,10090,교보증권(주),B,SF018,유가증권 보유현황(기타포괄손익-공정가치측정증권),A5,회사채,197968288804,215977650056,186104738510,130320406645,120416663286,140349188515,140223885134,140726327958,140158641249,120655124019,120410864749,124292638703,124326195022,64528701014,64528539824,44522226379,44380714489,24306233579,49955923914,50100486796,50200866723,89937817537,89528692974,89712426572,89796779597,89722467406,79672773239,79814641307,79917761500,109916155982,110139870066,110378205731,120368474001,140437974813,240383260510,220407448773,100515189131,130796978334,130892520074,160989300461,170262236074,169829026871,169573703226,189314391784,178190701855,177821725517,78444688287,79594634465,79508458018,99341595956,100100304747,140376891368,140543893590,120791948918,110389068482,100498449222
6,국내증권사,10090,교보증권(주),B,SF018,유가증권 보유현황(기타포괄손익-공정가치측정증권),A6,집합투자증권,5847804918,5261670439,1407818004,3376882414,3325574884,3218459564,3918204192,2995560205,2980101988,765430178,751606532,755120463,753722243,636068105,630941736,634668357,637523136,2602452223,2591433128,2604640953,2529924873,2641417774,2619073298,2711369541,3015307897,2741592157,2924256461,0,0,0,0,0,0,0,0,0,0,0,0,0,0,0,0,0,0,0,0,0,0,0,0,0,0,0,0,0
7,국내증권사,10090,교보증권(주),B,SF018,유가증권 보유현황(기타포괄손익-공정가치측정증권),A7,기업어음증권,0,0, ,0, , , , , , , , , , , ,0,0,0,0,0, , , , , , , ,0, , , , , , , , , , , , , , , , , , , , , , , , , , , , 
8,국내증권사,10090,교보증권(주),B,SF018,유가증권 보유현황(기타포괄손익-공정가치측정증권),A8,외화증권,16201773048,17379661215,17317733673,17299896282,17377266420,0,0,0,0,0,0,0,0,0,0,0,0,0,0,0,0,0,0,0,0,0,0,0,0,0,0,0,0,0,0,0,0,0,0,0,0,0,0,0,0,0,0,0,0,0,0,0,0,0,0,302087561300
9,국내증권사,10090,교보증권(주),B,SF018,유가증권 보유현황(기타포괄손익-공정가치측정증권),A9,기타,0,0, ,0, , , , , , , , , , , ,0,0,0,0,0, , , , , , , ,0, , , , , , , , , , , , , , , , , , , , , , , , , , , , 
10,국내증권사,10091,신한투자증권 주식회사,B,SF018,유가증권 보유현황(기타포괄손익-공정가치측정증권),A,기타포괄손익-공정가치측정증권,1016417111437,1389046819369,1636331893411,1563587793018,1809493308957,1381312405895,1441662643135,1325239407353,1113346433293,1053317910503,1645246532923,1790910000938,1920667468815,2036013731250,2129269556048,1996923030504,2241513902278,1999226574076,1589789241749,1720276578875,2155785816480,2078608810705,1536716621181,1875658361473,2045305964338,1930213670668,1689060792789,1384003655177,1264526318267,1040747703352,1215753608722,1044094427990,1447550233024,1996857500258,2666508389426,2702851272941,2729114126552,2860649918050,2636280463435,1992304751490,1843799637200,1476996219188,1361298341670,1955273151096,1984527743992,2181663398593,2938010963170,2326942900668,2067907559707,2123460899113,2684238956227,2445926285980,2274220752570,2188355658610,2097409160709,1963590793920
11,국내증권사,10091,신한투자증권 주식회사,B,SF018,유가증권 보유현황(기타포괄손익-공정가치측정증권),A1,주식,160817566022,160466570525,154058373474,162363553443,163616590733,156811832257,153410337493,150723163483,147478852018,145177953745,148610766782,141350281249,136151650959,142860869135,148817886249,148729956994,173587486879,158152597523,143092366599,141820527885,146147807569,152453735399,163722742864,164023493729,167253451277,159871362968,164381421280,142077120863,141869218687,144561597658,149105402303,150430630895,161812589761,163561594979,163661389923,161656438217,175778058616,183273757295,181642089349,217699216156,222823846206,227820949335,227690571462,226292395983,303272221464,299683812151,268617828049,221953066840,224572235042,230615582214,238598249996,237188145858,231637747896,238488158666,242165467209,242711976477
12,국내증권사,10091,신한투자증권 주식회사,B,SF018,유가증권 보유현황(기타포괄손익-공정가치측정증권),A2,출자금,10400198155,11448698155,11301246028,10761820180,9113080643,11316474863,11541134842,10449737680,17114739006,27544463917,28940327113,31557327113,36284304531,37244304531,42657721415,45278827518,52430460078,68875073804,70390936342,76730478770,84986903280,80404540485,78631845439,81959222582,87815994664,83235851837,73313623905,0,0,0,0,0,0,0, ,0,0,0,0,0,0,0,0,0,0,0,0,0,0,0,0,0,0, ,0,0
13,국내증권사,10091,신한투자증권 주식회사,B,SF018,유가증권 보유현황(기타포괄손익-공정가치측정증권),A3,국채·지방채,0,0,0,21481515150,229886741060,122874134229,32408372310,178135595331,0,0,2008287735,0,0,0,0,27943661800,161321067265,152067330911,89277893834,153905731619,559962154186,686445906946,283014180358,298785931492,197481575650,123599547592,70151088576,11743316793,21968837651,30010590832,30098362642,30167270872,35690819524,30278585206,236770031327,256994134247,218491014014,489655530801,431680312149,523363636422,451838353925,352675528144,125440488876,569071485542,577856881232,732852086906,926143709994,503365818236,479713184749,355933484348,326810735257,425095512643,403450605022,314721541803,283741306734,273918026130
14,국내증권사,10091,신한투자증권 주식회사,B,SF018,유가증권 보유현황(기타포괄손익-공정가치측정증권),A4,특수채,292506755593,550733821277,444997969404,255785359184,412767678096,272568863120,321256009197,153487926636,262337102819,121102160007,367765779556,222467779530,252371921400,222183461050,152497842236,111068173308,290952458760,260923451027,443971728327,382613759123,433704289882,245350285937,360609792624,491357127099,532274385731,590986774982,329949471601,400138451567,289332376858,159363248372,179697496445,149731462030,139935783435,440598642705,540066904288,651955074168,583308830569,713399186500,590996724990,300186601741,438190209393,288524041172,218752123713,287198509860,274479243306,213720120894,605659294502,619772326853,575668861588,566785847475,794621228020,671857150616,501158153188,402158088761,452102652838,412004733127
15,국내증권사,10091,신한투자증권 주식회사,B,SF018,유가증권 보유현황(기타포괄손익-공정가치측정증권),A5,회사채,457530161914,647169368610,858268278969,1085886760604,988401263965,812023417876,918328217661,827793894250,681768826622,754846420006,976172492229,1345570156868,1446565385108,1556639899717,1707535689089,1584514909826,1491903523190,1312594339990,789718308237,899306818605,796894614410,751480212394,491425444685,675369494872,900166927591,793725720103,888246752207,830044765954,811355885071,706812266490,856852347332,713765064193,1110111040304,1362418677368,1699547256141,1547360499509,1672797886317,1407446874837,1375807000159,881789850937,685678349655,572937529776,760739329293,844609954527,799461932070,903661907236,1122045766814,942382588640,723094504605,861828580780,991629960521,770678849630,742453686568,904946354057,785160941989,765142354072
16,국내증권사,10091,신한투자증권 주식회사,B,SF018,유가증권 보유현황(기타포괄손익-공정가치측정증권),A6,집합투자증권,19349805948,17543353235,6091044778,6084577116,4000000000,4000000000,3450609162,3450609162,3275541658,3275541658,4277034670,43981880295,43717775438,50260643263,45574821720,41299987847,31539061675,16769375384,16522916488,30644361958,46890571270,85632879674,90650202398,99609784539,106191170516,122987250009,119576483761,0,0,0,0,0,0,0,0,0,0,0,0,0,0,0,0,0,0,0,0,0,0,0,0,0,0,0,0,0
17,국내증권사,10091,신한투자증권 주식회사,B,SF018,유가증권 보유현황(기타포괄손익-공정가치측정증권),A7,기업어음증권,73951320240,100136658,160030109849,19140839012,0,0,0,0,0,0,111577141974,0,0,0,0,0,0,0,0,0,0,0,0,0,0,0,0,0,0,0,0,0,0,0, ,0,0,0,0,0,0,0,0,0,0,0,0,0,0,0,149784547378,151301781353,152505918064,153085899713,153690179989,82083283416
18,국내증권사,10091,신한투자증권 주식회사,B,SF018,유가증권 보유현황(기타포괄손익-공정가치측정증권),A8,외화증권,1861303565,1584870909,1584870909,2083368329,1707954460,1717683550,1267962470,1198480811,1371371170,1371371170,5894702864,5982575883,5576431379,26824553554,32185595339,38087513211,39779844431,29844405437,36815091922,35254900915,87199475883,76841249870,68662412813,64553307160,54122458909,55807163177,43441951459,0,0,0,0,0,0,0,26462807747,84885126800,78738337036,66874568617,56154336788,69265446234,45268878021,35038170761,28675828326,28100805184,29457465920,31745471406,15544363811,39469100099,64858773723,108297404296,182794235055,189804845880,243014641832,174955615610,180548611950,187730420698
19,국내증권사,10091,신한투자증권 주식회사,B,SF018,유가증권 보유현황(기타포괄손익-공정가치측정증권),A9,기타,0,0,0,0,0,0,0,0,0,0,0,0,0,0,0,0,0,0,0,0,0,0,0,0,0,0,0,0,0,0,0,0,0,0, ,0,0,0,0,0,0,0,0,0,0,0,0,0,0,0,0,0,0, ,0,0
20,국내증권사,10093,대신증권주식회사,B,SF018,유가증권 보유현황(기타포괄손익-공정가치측정증권),A,기타포괄손익-공정가치측정증권,201718782758,207206088783,193346812720,203542306470,196639664579,182612282507,177928853956,173766936478,165795653181,188447806630,191112228375,202156753239,199359855889,198846245673,203694309410,197252515075,211329657326,219316982404,226470925646,217605738394,214115899066,209683820922,206002870759,200704612167,200736170038,193637167708,226318877809,158689538323,158448814051,161618493583,166865225978,169091442248,181158165423,182875938638,183381155371,181024602545,195156049497,203487681632,238379199932,244011729126,249086701819,254651786653,254416468992,253162975646,341401084650,349565740708,334855034058,335591648113,482422894764,765016338890,413887848239,439975090545,434100622619,430211540564,464061173403,482911968854
21,국내증권사,10093,대신증권주식회사,B,SF018,유가증권 보유현황(기타포괄손익-공정가치측정증권),A1,주식,164203173305,164872810377,160787343266,178869970587,179599591890,170978359451,166317022526,162283863113,159492040757,162144606208,154546279717,150842629359,144826689026,149278675576,154036268744,151880203083,153098238696,167827240593,178837630543,181182180189,182033965867,177168797074,185851152139,177855259657,175804597517,166972380228,175826787539,158688538323,158447814051,161617493583,166864225978,169090442248,181157165423,182874938638,183380155371,181023602545,195155049497,203486681632,238378199932,244010729126,249085701819,254650786653,254415468992,253161975646,341400084650,349564740708,334854034058,335590648113,352925748023,397667202036,413886848239,439974090545,434099622619,430210540564,464060173403,482910968854
22,국내증권사,10093,대신증권주식회사,B,SF018,유가증권 보유현황(기타포괄손익-공정가치측정증권),A2,출자금,1126200000,1126200000,1126000000,926000000,926000000,926000000,926000000,726000000,726000000,726000000,556000000,556000000,556000000,1000000,1000000,1000000,1000000,1000000,1000000,1000000,1000000,1000000,2122331238,2122331238,2122331238,2122331238,2160843160,1000000,1000000,1000000,1000000,1000000,1000000,1000000,1000000,1000000,1000000,1000000,1000000,1000000,1000000,1000000,1000000,1000000,1000000,1000000,1000000,1000000,1000000,1000000,1000000,1000000,1000000,1000000,1000000,1000000
23,국내증권사,10093,대신증권주식회사,B,SF018,유가증권 보유현황(기타포괄손익-공정가치측정증권),A3,국채·지방채, ,0,0,0,0,0,0, ,0,0,0,0,0,0,0,0,0,0,0,0,0,0, , , , , , , , ,0, , , , , , , , , , , ,0,0,0,0,0,0,0,0,0,0,0, , ,0
24,국내증권사,10093,대신증권주식회사,B,SF018,유가증권 보유현황(기타포괄손익-공정가치측정증권),A4,특수채, ,0,0,0,0,0,0,0,0,0,0,0,0,0,0,0,0,0,0,0,0,0, , , , , , , , ,0, , , , , , , , , , , ,0,0,0,0,0,0,99588070653,337494282971,0,0,0, , ,0
25,국내증권사,10093,대신증권주식회사,B,SF018,유가증권 보유현황(기타포괄손익-공정가치측정증권),A5,회사채, ,0,0,0,0,0,0,0,0,0,0,0,0,0,0,0,0,0,0,0,0,0, , , , , , , , ,0, , , , , , , , , , , ,0,0,0,0,0,0,29908076088,29853853883,0,0,0, , ,0
26,국내증권사,10093,대신증권주식회사,B,SF018,유가증권 보유현황(기타포괄손익-공정가치측정증권),A6,집합투자증권,23583196447,27359468865,17990347468,17985443989,10318166073,10707923056,10685831430,10757073365,5577612424,25577200422,36009948658,50758123880,53977166863,49566570097,49657040666,45371311992,58230418630,51488741811,47632295103,36422558205,32080933199,32514023848,18029387382,20727021272,22809241283,24542456242,48331247110,0,0,0,0,0,0,0,0,0,0,0,0,0,0,0,0,0,0,0,0,0,0,0,0,0,0,0,0,0
27,국내증권사,10093,대신증권주식회사,B,SF018,유가증권 보유현황(기타포괄손익-공정가치측정증권),A7,기업어음증권, ,0,0,0,0,0,0,0,0,0,0,0,0,0,0,0,0,0,0,0,0,0, , , , , , , , ,0, , , , , , , , , , , ,0,0,0,0,0,0,0,0,0,0,0, , ,0
28,국내증권사,10093,대신증권주식회사,B,SF018,유가증권 보유현황(기타포괄손익-공정가치측정증권),A8,외화증권,12806213006,13847609541,13443121986,5760891894,5795906616,0,0,0,0,0,0,0,0,0,0,0,0,0,0,0,0,0,0,0,0,0,0,0,0,0,0,0,0,0,0,0,0,0,0,0,0,0,0,0,0,0,0,0,0,0,0,0,0,0,0,0
29,국내증권사,10093,대신증권주식회사,B,SF018,유가증권 보유현황(기타포괄손익-공정가치측정증권),A9,기타,0,0,0,0,0,0,0,0,0,0,0,0,0,0,0,0,0,0,0,0,0,0, , , , , , , , ,0, , , , , , , , , , , ,0,0,0,0,0,0,0,0,0,0,0, , ,0
30,국내증권사,10094,미래에셋증권 주식회사,B,SF018,유가증권 보유현황(기타포괄손익-공정가치측정증권),A,기타포괄손익-공정가치측정증권,4270161024264,4895016127088,4541422067929,4715663204596,4800409024543,4565502455753,3677278344756,3314819992734,3145574302766,3742837333692,4656823616897,5641394270447,5917753051272,6356365894222,7710077353698,6123934131938,6425848856574,7024306914195,7418803610963,7712089419027,5986417488234,5647642121674,8081368566383,7715042218033,8088297091946,8141685073963,8040524984525,6353952117332,6284841907027,6492504698870,7824119174033,7362818382338,7851685554031,8273909445482,9199567448784,7166290515787,8401288868403,9938563235690,10770748897006,10839259350525,12262411881261,13229457523627,13243406168639,13383439057173,14044913086352,14424892710318,15779931433839,15526351509355,16268494784277,17360646937007,15998257004756,14660713894996,15713108015037,16440779342073,17548503959758,14369982269662
31,국내증권사,10094,미래에셋증권 주식회사,B,SF018,유가증권 보유현황(기타포괄손익-공정가치측정증권),A1,주식,348851641253,311815997050,314040016217,292886473461,266143414553,240463914387,227239221361,222554344151,222075124100,208418678418,192084694240,199747018502,183584082264,187747701849,208268532654,197202507102,197226203765,203752912637,180653965529,182426752020,182386400580,174994258123,208605578485,209382195773,676338295435,709476761412,787877307683,622557860255,606525925063,583325916743,527867596547,536035686627,519176483371,642614454823,723858182183,674960260739,962758763936,1053157793551,1095038426752,1338500537030,1457665778036,1380668506209,1353633871600,1245572166501,1062719553718,926120959925,848009924091,912319917504,874106715974,913876115240,981115944481,884569636942,814922630663,810372175077,903776552519,884541019859
32,국내증권사,10094,미래에셋증권 주식회사,B,SF018,유가증권 보유현황(기타포괄손익-공정가치측정증권),A2,출자금,6729032900,5372012506,6492012506,6679985082,4545012915,5940034227,18218373048,27964261982,32577202362,34559029415,58873983091,67598003869,67247151129,68913256520,70293385874,68599055585,86230212109,121770841737,106590397554,103722592454,124249321135,134085940187,191859590414,202703931728,220891561982,229364313050,199373163632,0,0,0,0,0,0,0,0,0,0,0,0,0,0,0,0,0,0,0,0,0,0, , ,0,0,0,0,0
33,국내증권사,10094,미래에셋증권 주식회사,B,SF018,유가증권 보유현황(기타포괄손익-공정가치측정증권),A3,국채·지방채,424816391774,647507624556,356033135604,354209239777,340896402116,305628239570,97684788612,69868575500,205982401653,258311118319,185214498059,405734607724,617649779886,802854465116,1229323676549,707364588397,1480316888985,1421428325003,916165335523,944362304928,240761851963,154013203080,431881306420,110270516577,70300702009,60107941659,39689493103,159959272649,149633931115,180273904977,20050943094,20077373914,20117740870,61149564036,70390591360,30318430017,100815399971,215407265311,163238289502,578545207267,646938997286,557100741350,301773835779,291040110407,291079914035,354911934346,312366767199,486483230883,725797479192,933605560065,629734816941,707961046109,776444248469,747478434513,495109027303,224370360346
34,국내증권사,10094,미래에셋증권 주식회사,B,SF018,유가증권 보유현황(기타포괄손익-공정가치측정증권),A4,특수채,1971032482431,2124972487344,1781722407952,1845400768655,2328845272715,1860804407912,1051508526846,904078253243,1079908692965,1353824478870,2128291445159,2882644874127,2573837909651,2641155830799,2772502624052,2260547795032,2133989999435,2399326310481,2444356642255,2649224128601,2785785170681,2602921890355,2809584318287,2681712614377,2233277336939,2102539934215,1898472258708,1881008386283,1504081974539,1066494744302,1253801549236,1026410898769,1188842127534,1396410631905,2245103453032,2090191257304,2598423579672,3496001184798,4268634165754,3900323708349,4015522154853,4036361704314,4345705516333,4501721558451,4859617631435,4956792927761,6685474411434,6121971193233,6577703466706,7207375617561,6734063365147,5719702948222,5292806285306,5357321983144,5941957239371,4334591398445
35,국내증권사,10094,미래에셋증권 주식회사,B,SF018,유가증권 보유현황(기타포괄손익-공정가치측정증권),A5,회사채,1290479707986,1467077038469,1682767585920,1671735072392,1376757430475,1557513936264,1442665590189,1307940288891,980499476389,1259531022198,1429232966548,1369513425549,1750146032493,1804651741353,2510552325478,2107843736009,1792501053937,2019710119476,3019830071468,3080948803238,1897680113193,1326345953952,2342536598404,2435909038135,2555902740596,2493138303540,2621850058932,2975070871677,2956269684692,3134894675696,4284983901703,3752554804564,4477306497395,4167453183455,4279639307231,3411294909962,3670115629823,4020702346219,4190354275104,4594255863019,5942500609272,7127723802322,7133927961299,7255071537837,7740410944695,8114467247751,7815625285394,7484485021351,7395441273627,7616303697632,6907234227967,6683572978013,8013489206540,8920518152868,9070979956086,7495192062070
36,국내증권사,10094,미래에셋증권 주식회사,B,SF018,유가증권 보유현황(기타포괄손익-공정가치측정증권),A6,집합투자증권,128755089850,73498578678,75602265093,100189355065,98246055341,99064708747,227256470003,207681686623,208665722780,210244680764,214750254200,169666831009,179472733335,276298861253,288437478135,285340689586,262792223067,302358986735,330870741352,311250629725,273788817952,357198901506,1107223572110,1120375848091,1222951760576,1386314132646,1738735833332,0,0,0,0,0,0,0,0,0,0,0,0,0,0,0,0,0,0,0,0,0,0,0,0,0,0,0,0,0
37,국내증권사,10094,미래에셋증권 주식회사,B,SF018,유가증권 보유현황(기타포괄손익-공정가치측정증권),A7,기업어음증권,0,0,0,0,0,0,0,0,0,0,0,0,0,0,0,0,0,0,0,0,0,0,0,0,0,0,0,0,0,0,0,0,0,0,0,0,0,0,0,0,0,0,0,0,0,0,0,0,0, , ,0,0,0,0,0
38,국내증권사,10094,미래에셋증권 주식회사,B,SF018,유가증권 보유현황(기타포괄손익-공정가치측정증권),A8,외화증권,92266333626,257657530113,317611187249,437228624284,377573865715,488541816693,605287823907,567795818672,409084966426,411154265021,442694683401,539304036697,538433804248,567427988492,623289919941,489548250225,465222353977,548131660788,420336457282,440154208061,481765812730,898081974471,979377602263,1018245648955,1099334694409,1151443687441,745526869135,715355726468,1068330391618,1527515457152,1737415183453,2027739618464,1646242704861,2006281611263,1880575914978,959525657765,1069175495001,1153294645811,1053483739894,427634034860,199784341814,127602769432,108364983628,90033683977,91085042469,72599640535,118455045721,521092146384,695445848778,689485946509,746108650220,664907285710,815445644059,605088596471,1136681184479,1431287428942
39,국내증권사,10094,미래에셋증권 주식회사,B,SF018,유가증권 보유현황(기타포괄손익-공정가치측정증권),A9,기타,7230344444,7114858372,7153457388,7333685880,7401570713,7545397953,7417550790,6936763672,6780716091,6794060687,5681092199,7185472970,7381558266,7316048840,7409411015,7487510002,7569921299,7827757338,0,0,0,0,10300000000,-63557575603,9300000000,9300000000,9000000000,0,0,0,0,0,0,0,0,0,0,0,0,0,0,0,0,0,0,0,0,0,0, , ,0,0,0,0,0
40,국내증권사,10095,신영증권주식회사,B,SF018,유가증권 보유현황(기타포괄손익-공정가치측정증권),A,기타포괄손익-공정가치측정증권,427988073854,396606520500,387926909630,287959469351,270724351240,281208041118,271504218219,267933814831,255744653453,259025212749,253391651034,238725623227,232950328106,282516941292,284192209592,284677055378,301570127603,301803089440,301348546577,297750797569,302724838028,313529726977,313730373730,322645104990,335763390165,349841812071,356687787166,333868725778,220745538812,219682039284,202155201258,209397330610,214448606038,211758430598,219707550328,217478544258,224120288044,238283720526,273613744000,283342817744,335921915789,337178718262,341160598485,390022366635,394470299680,392162349194,436271536795,454787973902,459651743130,474255677539,480508278960,498696821161,500196231223,498405123344,448478547380,464711555485
41,국내증권사,10095,신영증권주식회사,B,SF018,유가증권 보유현황(기타포괄손익-공정가치측정증권),A1,주식,281980505938,261362189879,268062436643,224363872874,213625734656,223000114629,230324965225,231639442494,226585261426,231160400679,223751988266,205008935737,188364232100,236478538116,234037706315,233082562948,248454513176,252396663255,246297120967,243219478278,245027267758,249219938147,246830018021,255721750861,265729254855,245743064191,248394413468,248315527372,220745538812,219682039284,202155201258,209397330610,214448606038,211758430598,219707550328,217478544258,224120288044,238283720526,272654450509,283342817744,335921915789,337178718262,340201324458,390022366635,394470299680,392162349194,375279113767,394394572568,399110148844,413750322321,418731860731,438151562589,439674796937,478357050741,448478547380,464711555485
42,국내증권사,10095,신영증권주식회사,B,SF018,유가증권 보유현황(기타포괄손익-공정가치측정증권),A2,출자금,1146153846,1146153846,1146163846,945471538,856010000,856010000,742090000,742090000,742090000,576933077,576933077,500010000,1006093580,841093580,3037448040,3037448040,3037448040,3037448040,5214329216,5145995882,5395995882,6034995882,5931662549,5942708411,6102708411,36802708411,38108196649,39075108338, , ,0, , , , , , ,0, , , , , , , , , , , , , , , , , , 
43,국내증권사,10095,신영증권주식회사,B,SF018,유가증권 보유현황(기타포괄손익-공정가치측정증권),A3,국채·지방채, , , , , , , , , , , , , , , , , , , , , , , , , , , , , , ,0, , , , , , ,0, , , , , , , , , , , , , , , , , , 
44,국내증권사,10095,신영증권주식회사,B,SF018,유가증권 보유현황(기타포괄손익-공정가치측정증권),A4,특수채, , , , , , , , , , , , , , , , , , , , , , , , , , , , , , ,0, , , , , , ,0, , , , , , , , , , , , , , , , , , 
45,국내증권사,10095,신영증권주식회사,B,SF018,유가증권 보유현황(기타포괄손익-공정가치측정증권),A5,회사채,98103947064,87416345988,79541140650,20829993454,15142191431,12229474131,12313371418,9281384650,7704242, , ,2200000000,2200000000,2200000000,2200000000,2200000000,2200000000,2000000000,2000000000,0,0,0,0,0,0,0,0,0,0,0,0, ,0,0,0,0,0,0,0,0,0,0,0,0, ,0,59765403914,60393401334,60541594286,60505355218,60547760870,60545258572,60521434286,20048072603, , 
46,국내증권사,10095,신영증권주식회사,B,SF018,유가증권 보유현황(기타포괄손익-공정가치측정증권),A6,집합투자증권,6695053288,6637971740,415708274,414973239,413453182,2421721315,2617817565,374561077,1993520000,2016120000,1991980000,2059980000,11129233192,11215436593,10654198912,11256519473,11236474370,10709695139,10679151343,13696451883,15301123092,16015844852,16166743221,15668664416,14105281432,14089078299,14714034731,15364870065,0,0,0,0,0,0,0,0,0,0,0,0,0,0,0,0,0,0,0,0,0,0,0,0,0,0,0,0
47,국내증권사,10095,신영증권주식회사,B,SF018,유가증권 보유현황(기타포괄손익-공정가치측정증권),A7,기업어음증권, , , , , , , , , , , , , , , , , , , , , , , , , , , , , , ,0, , , , , , ,0, , , , , , , , , , , , , , , , , , 
48,국내증권사,10095,신영증권주식회사,B,SF018,유가증권 보유현황(기타포괄손익-공정가치측정증권),A8,외화증권,39548152131,39568468045,38286069215,40929767244,40211570969,42264200627,25194453595,25663113094,26416077785,25271758993,27070749691,28956697490,30250769234,31781873003,34262856325,35100524917,36641692017,33654283006,37157945051,35688871526,37000451296,42258948096,44801949939,45311981302,49826145467,53206961170,54633223663,31113220003,0,0,0,0,0,0,0,0,0,0,0,0,0,0,0,0,0,0,0,0,0,0,0,0,0,0,0,0
49,국내증권사,10095,신영증권주식회사,B,SF018,유가증권 보유현황(기타포괄손익-공정가치측정증권),A9,기타,514261587,475391002,475391002,475391002,475391002,436520416,311520416,233223516, , , , , , , , , ,5000000,0,0,0,0,0,0,0,0,837918655,0,0,0,0, , , , , , ,0,959293491,0,0,0,959274027,0, ,0,1227019114, , , ,1228657359, , , , , 
50,국내증권사,10097,유진투자증권주식회사,B,SF018,유가증권 보유현황(기타포괄손익-공정가치측정증권),A,기타포괄손익-공정가치측정증권,205878833651,231886441191,248774191464,249894993960,228274242225,236586435445,190083698832,197570766092,211310252453,158286468902,149295269958,142859135399,135242498685,146714603213,151134733992,157685719728,154692157059,166556771907,171239847358,178090915425,181792149220,182883946555,203555075088,198284279949,201235434351,196181022704,196393904020,133023781916,134500617164,135833469336,139480967804,136099453392,143894352504,143267516164,141304730736,135627724392,152356980856,152180517716,162052113411,175004518654,193153551770,188740531888,187070363490,186673150352,226009658983,216276415257,193547458193,194145614087,207840366770,200149644337,202508521143,205087446592,202307856884,192219166547,192676496551,187753146580
51,국내증권사,10097,유진투자증권주식회사,B,SF018,유가증권 보유현황(기타포괄손익-공정가치측정증권),A1,주식,138522197536,162007991024,157806103829,193902698420,170947567330,180160750788,150152658264,159126977363,185782028163,137173397293,130796456657,126046093027,122566806077,129094482747,131520329569,137538384279,126693751245,141704035790,146710003630,151914323806,153385087421,148007713291,167586201796,158396561376,152991289900,144388397400,145991087742,131273678400,132722647400,134098938400,137965930300,134548003300,142395698300,141577543300,139594746600,133707565600,150637853600,150450006600,160297584400,172686344400,190927697400,186343212400,184701540900,185032182900,224477178500,214838153500,192074917100,192620574100,206216582100,198105654100,200109974000,202741806000,197122577700,188538196700,188935214000,184474347000
52,국내증권사,10097,유진투자증권주식회사,B,SF018,유가증권 보유현황(기타포괄손익-공정가치측정증권),A2,출자금,14737465250,18805465250,33715065250,35893457081,35667457081,36232907297,15756198691,14447294258,9564561648,2439849811,3400218048,3283866579,3283866579,8000800210,7875778466,7875778466,11428096333,10826026683,11804611668,11888585057,10875750676,16024825272,17004763203,21227047360,27268261702,30626242740,29974992792,0,0,0,0,0, ,0,0,0,0,0, ,0,0,0,0,0,0,0,0,0,0,0,0,0,0,0,0,0
53,국내증권사,10097,유진투자증권주식회사,B,SF018,유가증권 보유현황(기타포괄손익-공정가치측정증권),A3,국채·지방채, , , , , , , , , ,0,0, , , , , , , , ,0,0,0,0,0,0,0,0,0,0,0,0,0, ,0,0,0,0,0, ,0,0,0,0,0,0,0,0,0,0,0,0,0,0,0,0,0
54,국내증권사,10097,유진투자증권주식회사,B,SF018,유가증권 보유현황(기타포괄손익-공정가치측정증권),A4,특수채, , , , , , , , , ,0,0, , , , , , , , ,0,0,0,0,0,0,0,0,0,0,0,0,0, ,0,0,0,0,0, ,0,0,0,0,0,0,0,0,0,0,0,0,0,0,0,0,0
55,국내증권사,10097,유진투자증권주식회사,B,SF018,유가증권 보유현황(기타포괄손익-공정가치측정증권),A5,회사채, , , , , , , , , ,0,0, , , , , , , , ,0,0,0,0,10000000,10000000,0,0,0,0,0,0,0, ,0,0,0,0,0, ,0,0,0,0,0,0,0,0,0,0,0,0,0,0,0,0,0
56,국내증권사,10097,유진투자증권주식회사,B,SF018,유가증권 보유현황(기타포괄손익-공정가치측정증권),A6,집합투자증권,44576343053,43561121134,19194243068,12078060571,13583803389,12375953709,16225881826,14419076641,10963494642,16963864648,12625983193,11664546193,7851182389,7913019193,9691799193,10180516193,10835654387,11616624566,10536416615,12248321438,15466583576,16826655800,15720674819,15315749778,17645880766,17015923305,16852171021,0,0,0,0,0,0,0,0,0,0,0,0,0,0,0,0,0,0,0,0,0,0,0,0,0,0,0,0,0
57,국내증권사,10097,유진투자증권주식회사,B,SF018,유가증권 보유현황(기타포괄손익-공정가치측정증권),A7,기업어음증권, , , , , , , , , , ,0, , , , , , , , , , , , , , , ,0,0,0,0,0,0, ,0,0,0,0,0, ,0,0,0,0,0,0,0,0,0,0,0,0,0,0,0,0,0
58,국내증권사,10097,유진투자증권주식회사,B,SF018,유가증권 보유현황(기타포괄손익-공정가치측정증권),A8,외화증권,0,0,409904160,2896773040,2823935540,2750631360,2873950000,4881621180,1244181900,1498585880,1832499840,1533165000,1138000000,1156916353,1340270004,1649650710,1960180611,1914289288,1808273595,1636087274,1604364727,1648208532,2783235400,2682562455,2797345373,3018190109,2864574345,1750103516,1777969764,1734530936,1515037504,1551450092,1498654204,1689972864,1709984136,1920158792,1719127256,1730511116,1754529011,2318174254,2225854370,2397319488,2368822590,1640967452,1532480483,1438261757,1472541093,1525039987,1623784670,2043990237,2398547143,2345640592,5185279184,3680969847,3741282551,3278799580
59,국내증권사,10097,유진투자증권주식회사,B,SF018,유가증권 보유현황(기타포괄손익-공정가치측정증권),A9,기타,8042827812,7511863783,37648875157,5124004848,5251478885,5066192291,5075010051,4695796650,3755986100,210771270,640112220,331464600,402643640,549384710,706556760,441390080,3774474483,495795580,380541850,403597850,460362820,376543660,460199870,652358980,522656610,1132269150,711078120,0,0,0,0,0, ,0,0,0,0,0, ,0,0,0,0,0,0,0,0,0,0,0,0,0,0,0,0,0
60,국내증권사,10098,한양증권주식회사,B,SF018,유가증권 보유현황(기타포괄손익-공정가치측정증권),A,기타포괄손익-공정가치측정증권,98082775544,100574114897,95181989812,105955259510,107167882876,103640697777,101722554861,98954228140,97821047450,97259813166,91506117953,88820634985,84795919775,88091573625,90463578750,88587986118,89583105513,90999064178,90952139421,90682236616,92201562083,89911436744,96706138455,96604777242,97166107882,97229532796,98697393636,95059362322,95348216518,96548706604,98998966863,97699836161,105793788304,107877887755,107168147534,106286435408,120057051376,121554696489,133951522171,138715882908,143908083060,147106718259,147150570969,145507570396,189632352684,189133306859,164771494759,163769998428,177272637685,170188762787,171839300223,176129756781,171784071669,164567987557,166358091311,164201077609
61,국내증권사,10098,한양증권주식회사,B,SF018,유가증권 보유현황(기타포괄손익-공정가치측정증권),A1,주식,96261945544,98742724897,95181989812,105955259510,107167882876,103640697777,101722554861,98954228140,97821047450,97259813166,91506117953,88820634985,84795919775,88091573625,90463578750,88587986118,89583105513,90999064178,90952139421,90682236616,92201562083,89911436744,96706138455,96604777242,96166107882,96229532796,97617393636,95059362322,95348216518,96548706604,98998966863,97699836161,105793788304,107877887755,107168147534,106286435408,120057051376,121554696489,133951522171,138715882908,143908083060,147106718259,147150570969,145507570396,189632352684,189133306859,164771494759,163769998428,177272637685,170188762787,171839300223,176129756781,171784071669,164567987557,166358091311,164201077609
62,국내증권사,10098,한양증권주식회사,B,SF018,유가증권 보유현황(기타포괄손익-공정가치측정증권),A2,출자금, , , , , , , , , , , , , , , , , , , , , , , , ,1000000000,1000000000,1000000000, , , , , , , , , , , , , , , , , ,0, , , , , , , , , , , 
63,국내증권사,10098,한양증권주식회사,B,SF018,유가증권 보유현황(기타포괄손익-공정가치측정증권),A3,국채·지방채, , , , , , , , , , , , , , , , , , , , , , , , , , , , , , , , , , , , , , , , , , , , ,0, , , , , , , , , , , 
64,국내증권사,10098,한양증권주식회사,B,SF018,유가증권 보유현황(기타포괄손익-공정가치측정증권),A4,특수채, , , , , , , , , , , , , , , , , , , , , , , , , , , , , , , , , , , , , , , , , , , , ,0, , , , , , , , , , , 
65,국내증권사,10098,한양증권주식회사,B,SF018,유가증권 보유현황(기타포괄손익-공정가치측정증권),A5,회사채,700000000,700000000,0,0,0,0,0,0, , , , , , , , , , , , , , , , , , ,80000000, , , , , , , , , , , , , , , , , ,0, , , , , , , , , , , 
66,국내증권사,10098,한양증권주식회사,B,SF018,유가증권 보유현황(기타포괄손익-공정가치측정증권),A6,집합투자증권,1120830000,1131390000,0,0,0,0,0,0,0,0,0,0,0,0,0,0,0,0,0,0,0,0,0,0,0,0,0,0,0,0,0,0,0,0,0,0,0,0,0,0,0,0,0,0,0,0,0,0,0,0,0,0,0,0,0,0
67,국내증권사,10098,한양증권주식회사,B,SF018,유가증권 보유현황(기타포괄손익-공정가치측정증권),A7,기업어음증권, , , , , , , , , , , , , , , , , , , , , , , , , , , , , , , , , , , , , , , , , , , , ,0, , , , , , , , , , , 
68,국내증권사,10098,한양증권주식회사,B,SF018,유가증권 보유현황(기타포괄손익-공정가치측정증권),A8,외화증권,0,0,0,0,0,0,0,0,0,0,0,0,0,0,0,0,0,0,0,0,0,0,0,0,0,0,0,0,0,0,0,0,0,0,0,0,0,0,0,0,0,0,0,0,0,0,0,0,0,0,0,0,0,0,0,0
69,국내증권사,10098,한양증권주식회사,B,SF018,유가증권 보유현황(기타포괄손익-공정가치측정증권),A9,기타, , , , , , , , , , , , , , , , , , , , , , , , , , , , , , , , , , , , , , , , , , , , ,0, , , , , , , , , , , 
70,국내증권사,10099,메리츠증권(주),B,SF018,유가증권 보유현황(기타포괄손익-공정가치측정증권),A,기타포괄손익-공정가치측정증권,675948362776,623287778228,586262259441,528228210000,503029533679,467966349741,411931898665,448639049193,309090694000,290283640654,292174550494,334163500368,346583234455,467689161943,456771379530,467457506171,616821066419,579973928787,671183841674,735395477959,1083407674556,1265378964258,1606140710816,1479036449688,944379900983,1414319409758,1268336328095,915197723825,863698321945,1133997918301,860902424377,1032548419392,966210531780,897432222969,421091309685,359088410280,326966969722,319081822822,648920061987,819132131740,863158651200,1208221326365,3242998268137,4105300253772,7026593909578,5967711454084,4387868081300,3328104827739,2989837656177,3058515559357,2995412900855,2731957909839,2660625349567,1975242714034,2690459833977,2775280341111
71,국내증권사,10099,메리츠증권(주),B,SF018,유가증권 보유현황(기타포괄손익-공정가치측정증권),A1,주식,114732929769,118416611798,114639548845,137623765978,144794805537,152988757934,127931284769,130730355646,107408654586,118208113202,106619952458,101469609548,96701728588,105359432472,112689757230,107316898628,201188668483,201591458118,201102536817,204438513201,215661297513,209255093163,227424308372,220926244882,222556558400,231259986832,225408144764,191457569638,192198953088,194577405275,200117353029,197396170447,212688147473,216863848661,215195226256,213450018562,241381370053,244285717136,283258541660,292981876593,303020790571,309719372668,309740474754,306550269854,401649096814,399639152248,350641909671,348108550519,375497928181,360518042076,363858494995,372620694941,363312535143,348315681876,353238508457,350342896831
72,국내증권사,10099,메리츠증권(주),B,SF018,유가증권 보유현황(기타포괄손익-공정가치측정증권),A2,출자금,0,0,0,0,0,0,0,0,0,0,100,100,881990200,881990200,1381990200,1381990200,1381990200,3381990200,4131990200,4131990200,4131990200,4131990200,4931990200,8431990200,11681990200,15350000200,19066444073, , , , ,0,0,0,0,0,0,0,0,0,0,0,0,0,0,0,0,0,0,0,0, , , , , 
73,국내증권사,10099,메리츠증권(주),B,SF018,유가증권 보유현황(기타포괄손익-공정가치측정증권),A3,국채·지방채,0,0,0,0,0,10014711717,20037424003,20074210053,20038385302,20022209958,22586666599,57431800656,73313620705,73467785666,73165839405,73567640531,83882659319,85676148811,85404224890,88082591102,61832094312,51152868736,341241014494,341495916145,10587515654,10469278746,0, , , , ,0,0,0,0,0,0,0,0,0,0,0,642867419069,1378581051744,4302900111391,2833604173739,832043507531,589948768744,766793171434,775419461788,442076130595,520884083682,658647529973,233448440998,201514968574,319830684137
74,국내증권사,10099,메리츠증권(주),B,SF018,유가증권 보유현황(기타포괄손익-공정가치측정증권),A4,특수채,243500295047,203236463879,182927675914,182252290278,181825312152,183335933871,142873236336,132522994657,111698204522,111223488259,130835134547,150493572870,150210497106,190311394746,160256406171,180396916623,210208063478,160426800481,200381207313,200413919106,180483677954,250543516072,448685474295,449327548820,140002757403,300127549988,149861781827,149967816997,119872076927,99937896523,99967054033,130118070002,100370195282,111337159303,81168343223,71090645895,11022099120,0,40224904674,140390151534,169865375786,448907290118,1215190291235,1210235203559,1179386355879,1102531644964,1686402279700,1109093836251,795358345568,890892018235,1012900091029,983822541258,884359464347,718804228820,1231386826845,1157625690736
75,국내증권사,10099,메리츠증권(주),B,SF018,유가증권 보유현황(기타포괄손익-공정가치측정증권),A5,회사채,267569867149,262610460051,238500258489,169724237183,149804860003,95093779172,94948417132,93199822156,58428372010,34307402154,25559402104,17364212782,18050029434,35828156267,45036692677,46361323494,40073191571,40201910214,75438470836,105970505005,270294360629,317234103549,290012621372,152610254096,235295611039,539442875877,551012681493,402708841048,395561349926,803480288834,535816796313,705034178943,653152189025,569231215005,124727740206,74547745823,74563500549,74796105686,325436615653,385760103613,390272484843,449594663579,1075200083079,1209933728615,1142658345494,1631936483133,1518780384398,1280953672225,1052188210994,1031686037258,1176578184236,854630589958,754305820104,674674362340,904319530101,947481069407
76,국내증권사,10099,메리츠증권(주),B,SF018,유가증권 보유현황(기타포괄손익-공정가치측정증권),A6,집합투자증권,39315510871,28280959500,47776462901,36227158561,24324647187,24246748647,23967203425,21533004021,9341845180,4495996681,4554183666,5301974812,5444245222,61840402592,64240693847,58432736695,80086493368,88695620963,84710715718,112323343605,170768025343,247869314011,97987525354,106006502265,159182451103,107581472997,101908226703,0,0,0,0,0,0,0,0,0,0,0,0,0,0,0,0,0,0,0,0,0,0,0,0,0,0,0,0,0
77,국내증권사,10099,메리츠증권(주),B,SF018,유가증권 보유현황(기타포괄손익-공정가치측정증권),A7,기업어음증권,0,0,0,0,0,0,0,48394498260,0,0,0,0,0,0,0,0,0,0,20014695900,20034615740,180236228605,185192078527,185126296729,195076030780,165073017184,210088245118,221079049235,171063496142,156065942004,36002327669,25001221002,0,0,0,0,0,0,0,0,0,0,0,0,0,0,0,0,0,0,0,0, , , , , 
78,국내증권사,10099,메리츠증권(주),B,SF018,유가증권 보유현황(기타포괄손익-공정가치측정증권),A8,외화증권,2509169940,2422693000,2418313292,2400758000,2279908800,2286418400,2174333000,2184164400,2175232400,2026430400,2019211020,2102329600,1981123200,0,0,0,0,0,0,0,0,0,10731480000,5161962500,0,0,0,0,0,0,0,0,0,0,0,0,0,0,0,0,0,0,0,0,0,0,0,0,0,0,0,0,0,0,0,0
79,국내증권사,10099,메리츠증권(주),B,SF018,유가증권 보유현황(기타포괄손익-공정가치측정증권),A9,기타,8320590000,8320590000,0,0,0,0,0,0,0,0,0,0,0,0,0,0,0,0,0,0,0,0,0,0,0,0,0, , , , ,0,0,0,0,0,0,0,0,0,0,0,0,0,0,0,0,0,0,0,0, , , , , 
80,국내증권사,10101,NH투자증권,B,SF018,유가증권 보유현황(기타포괄손익-공정가치측정증권),A,기타포괄손익-공정가치측정증권,2149759198380,1899533220627,1558508846218,1718257679340,1737927489619,1327210245150,1090852439858,530014097962,830218897056,720373354932,956643930861,1166879050360,1381987177941,1708625914561,1689218258101,1678270871630,1756061344939,1440657267416,1868657558476,2300426285155,3195330658815,3226139639511,3757154309244,3868890687063,3939774819374,3861568098955,5504991651852,3465206320127,3384615818253,3190997140103,3425190056464,3463350218518,3880399616129,3888017382812,4025384077122,4430159179584,4456832481709,4583412239707,5307402713814,5302979594426,4300932967523,4524232764601,5012446306274,5234859461375,6792197519277,7497573532415,8296364535255,6442720227997,7349219836302,6571831741053,6816950808076,7162522906688,7701088108562,7786319221491,8037794719859,9273026458173
81,국내증권사,10101,NH투자증권,B,SF018,유가증권 보유현황(기타포괄손익-공정가치측정증권),A1,주식,311804215815,302329559712,279887114836,259921119629,262736064648,256370544018,254331885498,256293898252,249196860471,247933057928,337806346804,332684017613,330730061662,341552058159,454180103079,449046000466,434638998176,440675287346,443702394674,448753170988,452313687554,410997586700,420084041855,425461233759,422460498518,428010658496,434048728708,492725973970,493029695591,775038162202,797205082657,900407588864,929414459655,995214195915,888216116825,913324395450,968395593639,1005919721422,1078273463294,1081993255938,1064824934043,1136959451594,1129748293252,1223304800363,1461793837403,1447906854567,1368425395312,1301895980696,1319123541918,1047173827804,1055187660510,1189599975142,1360799880525,1383067725781,1439826370471,1421209573640
82,국내증권사,10101,NH투자증권,B,SF018,유가증권 보유현황(기타포괄손익-공정가치측정증권),A2,출자금,84903404544,90910543068,114409010174,107728950095,110887837515,109852813611,102485487064,117445469920,107710897193,95944430841,90285270514,91316625429,92442555053,111430230529,110419732531,112619736429,117326878756,130901090311,128909746499,129487424219,151135131539,151964071472,113567289258,108647973971,99408684850,96820924656,118295958139,0,0,0,0,0,0,0,0,0,0,0, ,0,0,0,0,0,0,0,0,0,0,0,0,0,0,0,0,0
83,국내증권사,10101,NH투자증권,B,SF018,유가증권 보유현황(기타포괄손익-공정가치측정증권),A3,국채·지방채,0,0,0, ,0,0,0,0,304171615478,51131985320,197245959892,15302482230,10059190438,111258726396, ,552264260340,499149689174,163954043992,152131430355,152061343831,356402132390,162285327782,328606005429,336742061886,606640028965,675059449562,672188943044,372775395145,317560254000,51588132343,29812916964,29861343848,52510783771,0,0,188467055483,113694339563,0,20326797515,163808410185,191832763744,199581141989,228928066383,586787655398,869453234002,1042897383921,1242355631454,646101314340,712664108024,653240070668,432688591364,302993838995,280073873391,281592010935,258800390079,154930938400
84,국내증권사,10101,NH투자증권,B,SF018,유가증권 보유현황(기타포괄손익-공정가치측정증권),A4,특수채,731016868179,500973280792,547363599730,672629936519,633170566045,322595011828,126620291148,0,0,127342159785,146315903968,281383476877,302354378865,516637086815,473150585744,130663189482,110163583481,90702242588,411955307735,627521777758,649052602030,807766804681,824714821667,860932120468,770490547531,789145579289,1927942254005,1722613483831,1646165253754,1325243980826,1179226636511,1272849931140,1525535447290,1270394598247,2124441718728,2546696885880,2765762506316,3109980878009,3326126297905,3587480924126,2433728727333,2389504277128,2740321514417,2269577928756,2173641868712,1994287141595,1686681496421,1202053729043,1799811239958,1552942682763,1498281232380,1403429121683,1365429174333,1927695130726,1665353361906,2859841240111
85,국내증권사,10101,NH투자증권,B,SF018,유가증권 보유현황(기타포괄손익-공정가치측정증권),A5,회사채,926211238193,915515808715,510897958112,571148297846,622900356405,537796045607,498750952318,31354380782,38426979857,75778028206,100962147473,351372385800,512125704330,465205403732,438796051681,182365872989,244404342521,268163536209,370387192242,477571683676,906581274299,1007869542638,1300018810763,1124253617727,1043677895302,1091634817051,1596484120311,609113947772,667238321609,763976187978,854666456871,939137144152,983826748786,846807437198,425899602092,220736898168,215236297138,204658337622,204423735214,203558528657,192249592049,547911533824,628391180428,741780738091,1739340706288,2103476041879,3383095496533,2743053095159,2790102443044,2407152227968,2927951131301,3308669161892,3682710282691,3278799695069,3524882859347,3148587563249
86,국내증권사,10101,NH투자증권,B,SF018,유가증권 보유현황(기타포괄손익-공정가치측정증권),A6,집합투자증권,47899688656,46676477806,50366056672,46936256836,48330318514,37799367176,40550208661,41854417139,36656272469,47473164259,31103912020,33297169293,68863164059,82531582284,118111358490,118524183108,142029830860,130313520587,156610572693,167441352410,210275862177,231289189747,294567486416,367053142718,603644214877,442214682744,417141217496,0,0,0,0,0,0,0,0,0,0,0,0,0,0,0,0,0,0,0,0,0,0,0,0,0,0,0,0,0
87,국내증권사,10101,NH투자증권,B,SF018,유가증권 보유현황(기타포괄손익-공정가치측정증권),A7,기업어음증권,22699396433,15225448955,15589694353,15813807332,14365061883,14320932642,13569221826,11874287701,11723851553,9216234658,9165420558,6689524208,6692013220,5635710941,5642186371,5799270680,80125797744,78346443643,78389443952,88148715279,87857068428,88627310654,82841712935,80191225255,80256212008,79841399214,79525531890,5280956989,5793412850,15853967822,15763562713,14046434960,14063403219,13969375865,13879231871,13824143644,13798671883,3453474836, ,0,0,0,0,9974177350,159575224925,59052289947,58590582367,59317073692,9565692052,9601592692,9692031232,9767744564,9857993970,9912057166,9981229040,270079991758
88,국내증권사,10101,NH투자증권,B,SF018,유가증권 보유현황(기타포괄손익-공정가치측정증권),A8,외화증권,25224386560,27902101579,39995412341,44079311083,45537284609,48475530268,54544393343,71191644168,82332420035,65554293935,43758969632,54833368910,58720110314,74375115705,88918240205,126988358136,128222224227,137601102740,126571470326,209440816994,381712900398,365339805837,392754140921,565609311279,313196737323,258840587943,259364898259,227041032260,176164172819,182158461932,257944871348,307047775554,315326973408,372119973787,386931542701,493119712359,268409589170,211328470218,267983234086,266138475520,262301256355,250276360066,188476248194,110480909470,348130340447,590781120608,557215933168,490299035067,605864966906,821210079158,802315031289,862644868412,874379281652,818253092814,1078711978016,1264210151015
89,국내증권사,10101,NH투자증권,B,SF018,유가증권 보유현황(기타포괄손익-공정가치측정증권),A9,기타,0,0,0, ,0,0,0,0,0,0,0,0, , , ,0,0,0,0,0,0,0,0,0,0,0,0,35655530160,78664707630,77138247000,290570529400,0,59721800000,389511801800,186015864905,53990088600,111535484000,48071357600,410269185800,0,155995693999,0,96581003600,292953251947,40262307500,259172699898,0,0,112087844400,80511260000,90835130000,85418196000,127837622000,86999509000,60238531000,154167000000
90,국내증권사,10102,부국증권주식회사,B,SF018,유가증권 보유현황(기타포괄손익-공정가치측정증권),A,기타포괄손익-공정가치측정증권,112094029642,113210605117,110884141447,122949647427,124440882227,123181894054,122193637783,118938878899,118833740766,121411410781,117248617881,115559049666,111388073113,119933329427,143767756319,142575082917,154490989460,145662735951,144902171862,143336704368,144884821857,141541068961,149246948110,147914732163,146823501533,151109165048,148204131271,130305361278,127506357285,128290040148,129862122224,137917246560,153243986482,149678139970,147795753614,136786663541,156084429309,163549914200,186581851471,197802061675,215925061825,208613412979,207483286263,200287845832,241622656174,244580447721,217190487504,220838402885,235033164336,222202495915,234142485986,234476366928,233139528672,226481424899,227569277024,225497829270
91,국내증권사,10102,부국증권주식회사,B,SF018,유가증권 보유현황(기타포괄손익-공정가치측정증권),A1,주식,112086093142,113202668617,110876204947,122941710927,124432945727,123173957554,122185701283,118938878899,118833740766,121411410781,117248617881,115559049666,111388073113,119933329427,143767756319,142575082917,154490989460,145662735951,144902171862,143336704368,144884821857,141541068961,149246948110,147914732163,146823501533,151109165048,148204131271,130305361278,127506357285,128290040148,129862122224,137917246560,153243986482,149678139970,147795753614,136786663541,156084429309,163549914200,186581851471,197802061675,215925061825,208613412979,207483286263,200287845832,241622656174,244580447721,217190487504,220838402885,235033164336,222202495915,234142485986,234476366928,233139528672,226481424899,227569277024,225497829270
92,국내증권사,10102,부국증권주식회사,B,SF018,유가증권 보유현황(기타포괄손익-공정가치측정증권),A2,출자금, , ,0,0,0,0,0,0,0,0,0,0,0,0,0,0,0,0,0,0,0,0,0,0,0,0,0,0,0,0,0,0,0,0,0,0,0,0,0,0,0,0,0,0,0,0,0,0,0,0,0,0,0,0,0,0
93,국내증권사,10102,부국증권주식회사,B,SF018,유가증권 보유현황(기타포괄손익-공정가치측정증권),A3,국채·지방채, , ,0,0,0,0,0,0,0,0,0,0,0,0,0,0,0,0,0,0,0,0,0,0,0,0,0,0,0,0,0,0,0,0,0,0,0,0,0,0,0,0,0,0,0,0,0,0,0,0,0,0,0,0,0,0
94,국내증권사,10102,부국증권주식회사,B,SF018,유가증권 보유현황(기타포괄손익-공정가치측정증권),A4,특수채, , , , , , , , , , , , , , , , , , , , , , , , , , , , , , , , , , , , , , , , , , , , , , , , , , , , , , , , 
95,국내증권사,10102,부국증권주식회사,B,SF018,유가증권 보유현황(기타포괄손익-공정가치측정증권),A5,회사채, , ,0,0,0,0,0,0,0,0,0,0,0,0,0,0,0,0,0,0,0,0,0,0,0,0,0,0,0,0,0,0,0,0,0,0,0,0,0,0,0,0,0,0,0,0,0,0,0,0,0,0,0,0,0,0
96,국내증권사,10102,부국증권주식회사,B,SF018,유가증권 보유현황(기타포괄손익-공정가치측정증권),A6,집합투자증권,0,0,0,0,0,0,0,0,0,0,0,0,0,0,0,0,0,0,0,0,0,0,0,0,0,0,0,0,0,0,0,0,0,0,0,0,0,0,0,0,0,0,0,0,0,0,0,0,0,0,0,0,0,0,0,0
97,국내증권사,10102,부국증권주식회사,B,SF018,유가증권 보유현황(기타포괄손익-공정가치측정증권),A7,기업어음증권, , , , , , , , , , , , , , , , , , , , , , , , , , , , , , , , , , , , , , , , , , , , , , , , , , , , , , , , 
98,국내증권사,10102,부국증권주식회사,B,SF018,유가증권 보유현황(기타포괄손익-공정가치측정증권),A8,외화증권,0,0,0,0,0,0,0,0,0,0,0,0,0,0,0,0,0,0,0,0,0,0,0,0,0,0,0,0,0,0,0,0,0,0,0,0,0,0,0,0,0,0,0,0,0,0,0,0,0,0,0,0,0,0,0,0
99,국내증권사,10102,부국증권주식회사,B,SF018,유가증권 보유현황(기타포괄손익-공정가치측정증권),A9,기타,7936500,7936500,7936500,7936500,7936500,7936500,7936500,0,0,0,0,0,0,0,0,0,0,0,0,0,0,0,0,0,0,0,0,0,0,0,0,0,0,0,0,0,0,0,0,0,0,0,0,0,0,0,0,0,0,0,0,0,0,0,0,0
100,국내증권사,10104,상상인증권,B,SF018,유가증권 보유현황(기타포괄손익-공정가치측정증권),A,기타포괄손익-공정가치측정증권,163456180510,161237093726,194438499830,192828696122,176716415433,166977166754,161495665992,158897870864,146172091349,145500244722,108293900752,105337733769,100199869926,104410844934,110042916679,112496214437,112618281343,115393708754,114961848683,113516019840,112830383177,109445679751,117146865582,116703775749,116975219489,117145659551,117997118724,105659833522,106119054275,107431356264,109893222511,108499460197,117104623966,119910750381,118288092258,117385945191,132173876504,132448584435,141979226041,147092050283,152934306330,156345649481,156487460385,154569554673,199073265338,199607186330,174654627095,173961056290,188391681935,181172550131,184051997082,188865245389,183867440894,175954706680,176831464410,172942092269
101,국내증권사,10104,상상인증권,B,SF018,유가증권 보유현황(기타포괄손익-공정가치측정증권),A1,주식,106857408262,109314419434,110001700700,120214541835,121520919633,117416742401,115153001118,111907705103,111077449665,110526154639,105017762570,101858621895,97772010655,101943260947,107552341556,109974363666,110121064786,112966765388,112561404176,111500872331,110815230071,107439131138,115140286214,114697163876,113992706276,114152567017,115993801081,105659833522,106119054275,107431356264,109893222511,108499460197,117104623966,119910750381,118288092258,117385945191,132173876504,132448584435,141979226041,147092050283,152934306330,156345649481,156487460385,154569554673,199073265338,199607186330,174654627095,173961056290,188391681935,181172550131,184051997082,188865245389,183867440894,175954706680,176831464410,172942092269
102,국내증권사,10104,상상인증권,B,SF018,유가증권 보유현황(기타포괄손익-공정가치측정증권),A2,출자금,500000,500000,500000,500000,500000,500000,500000,500000,0,0,0,0,0,0,0,0,0,0,0,0,0,0,0,0,0,0,0,0,0,0,0,0,0,0,0,0,0,0,0,0,0,0,0,0,0,0,0,0,0,0,0, , ,0,0,0
103,국내증권사,10104,상상인증권,B,SF018,유가증권 보유현황(기타포괄손익-공정가치측정증권),A3,국채·지방채,19986237175,20040587175,39795463959,30025258456,30101186890,30236106466,30184977175,30158186557,20084611844,20035056399,0,0,0,0,0,0,0,0,0,0,0,0,0,0,0,0,0,0,0,0,0,0,0,0,0,0,0,0,0,0,0,0,0,0,0,0,0,0,0,0,0, , ,0,0,0
104,국내증권사,10104,상상인증권,B,SF018,유가증권 보유현황(기타포괄손익-공정가치측정증권),A4,특수채, , , ,0,0, , ,0,0,0,0,0,0,0,0,0,0,0,0,0,0,0,0,0,0,0,0,0,0,0,0,0,0,0,0,0,0,0,0,0,0,0,0,0,0,0,0,0,0,0,0, , ,0,0,0
105,국내증권사,10104,상상인증권,B,SF018,유가증권 보유현황(기타포괄손익-공정가치측정증권),A5,회사채,31466900755,26256300312,38488219530,36715740457,19422984848,13701115722,11788141071,11791486412,10056665870,10027097253,0,0,0,0,0,0,0,0,0,0,0,0,0,0,0,0,0,0,0,0,0,0,0,0,0,0,0,0,0,0,0,0,0,0,0,0,0,0,0,0,0, , ,0,0,0
106,국내증권사,10104,상상인증권,B,SF018,유가증권 보유현황(기타포괄손익-공정가치측정증권),A6,집합투자증권,3030384080,2888822075,3496970512,3277495855,3049267243,3086336035,1813314321,2570091400,2566633850,2568779802,1158223763,1157321572,70378882,59061876,59163012,59246914,14911237,14964926,15024517,15086098,15146965,6548613,6579368,6611873,982513213,993092534,3317643,0,0,0,0,0,0,0,0,0,0,0,0,0,0,0,0,0,0,0,0,0,0,0,0,0,0,0,0,0
107,국내증권사,10104,상상인증권,B,SF018,유가증권 보유현황(기타포괄손익-공정가치측정증권),A7,기업어음증권, , , ,0,0, , ,0,0,0,0,0,0,0,0,0,0,0,0,0,0,0,0,0,0,0,0,0,0,0,0,0,0,0,0,0,0,0,0,0,0,0,0,0,0,0,0,0,0,0,0, , , , , 
108,국내증권사,10104,상상인증권,B,SF018,유가증권 보유현황(기타포괄손익-공정가치측정증권),A8,외화증권,0,0,0,0,0,0,0,0,0,0,0,0,0,0,0,0,0,0,0,0,0,0,0,0,0,0,0,0,0,0,0,0,0,0,0,0,0,0,0,0,0,0,0,0,0,0,0,0,0,0,0,0,0,0,0,0
109,국내증권사,10104,상상인증권,B,SF018,유가증권 보유현황(기타포괄손익-공정가치측정증권),A9,기타,2114750238,2736464730,2655645129,2595159519,2621556819,2536366130,2555732307,2469901392,2386730120,2343156629,2117914419,2321790302,2357480389,2408522111,2431412111,2462603857,2482305320,2411978440,2385419990,2000061411,2000006141,2000000000,2000000000,2000000000,2000000000,2000000000,2000000000,0,0,0,0,0,0,0,0,0,0,0,0,0,0,0,0,0,0,0,0,0,0,0,0, , ,0,0,0
110,국내증권사,10106,KB증권주식회사,B,SF018,유가증권 보유현황(기타포괄손익-공정가치측정증권),A,기타포괄손익-공정가치측정증권,1331304294863,1272599999411,1260517764422,783967530858,795659416732,1004947044219,1279228757266,1309257198135,1290429674024,1268132302492,1123521284673,1089043294485,1081154915141,1049479860168,1342322770102,1802794904959,2316980734072,2299042106570,2187070586986,2129645569339,2751317513879,2836731830356,3474997084821,3310534316351,3244466524487,3107161973912,3703545517089,2686259875505,2723067201736,2355674715993,2445016075284,2284576109972,2098996894325,2312125316075,2608921454467,3328751980252,3526179278271,3992620535827,3903781444532,4153517970114,4273180686737,4365607858143,3838298230251,3858952096124,3939347167799,4676045277503,4798845458840,4926036826696,5462271295348,5617138379836,5130404163553,5721720248273,6426824004869,6418299955973,6481713944068,7303346083950
111,국내증권사,10106,KB증권주식회사,B,SF018,유가증권 보유현황(기타포괄손익-공정가치측정증권),A1,주식,297082958468,293279722380,293624099548,324466442547,308222428705,312454889237,322907980950,279374330028,249008346000,247853228238,232033297974,238810695511,220879250633,226083548443,240704999881,271481445371,275865750425,251205156019,237858710012,237733355166,202478793869,205565331805,316757997030,272710479263,282401223989,288734098262,296380738159,232772982920,233370921605,236777883070,243569262095,242276385545,261262096796,265309607645,265026360184,262897741853,292414290020,299510149155,307370198881,346590730687,357768499402,365658304677,365576094811,362282403407,478695793334,475248576694,420330274919,416640268414,446759549969,429241772941,432986575378,442991087487,431052439534,414007141932,472013719314,470490587429
112,국내증권사,10106,KB증권주식회사,B,SF018,유가증권 보유현황(기타포괄손익-공정가치측정증권),A2,출자금,60740925122,60934462621,59570308436,75151209993,72632691705,72289426893,76006778090,75434737301,71185022754,69154827876,66735523224,66377685177,82655039838,69661454060,68241358971,60057312353,56097290958,50514189413,56779645136,58756108963,64719227036,67402747674,70936532303,68243752255,78205173987,74264858631,67413517427,1200000000,1200000000,1200000000,1200000000,1200000000,1200000000,1200000000,1200000000,1200000000,1200000000,1200000000,1200000000,1200000000,1200000000,1200000000,1200000000,1200000000,1200000000,1200000000,1200000000,1200000000,1200000000,1200000000,1200000000,1200000000,1200000000,1200000000,1200000000,1200000000
113,국내증권사,10106,KB증권주식회사,B,SF018,유가증권 보유현황(기타포괄손익-공정가치측정증권),A3,국채·지방채,0,0,0,0,0,11143345008,149886648095,113499213181,178939608619,179417760365,177437990308,178668163628,181979204994,185012649324,61510897398,222911986663,17462245553,132756896328,118268785344,92195548153,165774309352,89647478372,51406641149,23694414149,54031715600,106991077330,120859591800,100759562455,219940905837,159995556205,102696392353,332633328460,233208687523,292621742103,38226617673,645596076227,226795622351,358385819802,105141464962,397463764288,421564466836,351507429099,20989065432,27416601870,13587929547,9937771457,5025406212,5167662371,14525863521,5109228410,5248842093,5281116658,110245341906,20846379794,70709895171,294632160644
114,국내증권사,10106,KB증권주식회사,B,SF018,유가증권 보유현황(기타포괄손익-공정가치측정증권),A4,특수채,280493603732,291349542539,292719969062,191350363345,191791503007,292074444422,393261458909,417604119142,398833349863,319619829919,239044101774,150093786102,131462928057,122703545112,202972553622,342350085364,697513246710,616435226838,584979627621,654716231876,775660043911,792716840943,1091335711178,967731938377,712877847274,619161082130,887092947355,801984166533,825228383299,655376342244,521186830417,364484199738,247809292717,198008762630,288913843643,358600165831,721187832896,1112924017396,735513757024,747030707629,801086601083,711732372460,549741425849,481716537632,515185273681,485094321350,690761849984,968058992906,1506266988366,1617468028477,1519494875298,1614417762838,1986662728244,2180695384123,1821452212143,1960572176052
115,국내증권사,10106,KB증권주식회사,B,SF018,유가증권 보유현황(기타포괄손익-공정가치측정증권),A5,회사채,602595298106,552266528426,563298387254,158838903996,157760820328,255169182749,273147007462,338627021890,272730871397,244223310014,223640251262,234096204827,240417672467,212351646530,442289065228,515143137031,855630476804,827250164708,703706302295,614117788671,1049680213643,1086380223603,1264999748305,1296366089625,1301474322393,1129362158133,1496088508038,1290368007164,1218077106654,1024139569789,1391225796300,1166539686811,1043834214502,1333967071275,1863827134523,1821873583687,2010931475981,1962908500369,2508024160727,2373725855567,2405198974405,2682790955777,2698701898972,2708543840367,2599963643997,3339709582210,3194758699304,2823599841792,2728674236729,2784331661376,2542007878242,2756350986360,2737228235994,2488034411675,2595239174894,3236555380162
116,국내증권사,10106,KB증권주식회사,B,SF018,유가증권 보유현황(기타포괄손익-공정가치측정증권),A6,집합투자증권,44888251938,39935455307,22233119784,33646069914,64732746248,61291938307,63490674896,84186084660,88947489038,92210786416,98698578725,101842620118,106873476741,118395926558,131583380733,183202758306,205896183550,200874163184,206953477214,208720366253,218246228329,228544321603,240099349049,307002747146,404154758023,435577841495,468301669569,0,0,0,0,0,0,0,0,0,0,0,0,0,0,0,0,0,0,0,0,0,0,0,0,0,0,0,0,0
117,국내증권사,10106,KB증권주식회사,B,SF018,유가증권 보유현황(기타포괄손익-공정가치측정증권),A7,기업어음증권,0,0,0,0,0,0,0,0,0,0,0,0,0,0,0,0,0,0,0,0,0,0,0,0, , , ,0,0,0,0, ,0,0,0,0,0,0,0,0,0,0,0,0,0,0,0,0,0,0,0,0,0,0,0,0
118,국내증권사,10106,KB증권주식회사,B,SF018,유가증권 보유현황(기타포괄손익-공정가치측정증권),A8,외화증권,0,0,0,0,0,0,0,0,30249906163,86370149546,57017297292,89840207609,86224361290,83831915460,163249530595,175468289766,176354825230,187810245554,246549608811,231390263942,242520226089,334505076880,407314907593,342763231892,379945705843,421881700958,366624008641,259175156433,225249884341,278185364685,185137794119,177442509418,311682602787,221018132422,151727498444,178580593190,213332626014,187145401060,176174956620,217388262841,216320324762,173153902620,123213103312,122014338035,120031232803,111543188544,222182668483,438966526153,440664320276,364081133240,203567441910,393516450781,577315711903,575410176132,641121645435,516039088861
119,국내증권사,10106,KB증권주식회사,B,SF018,유가증권 보유현황(기타포괄손익-공정가치측정증권),A9,기타,45503257497,34834288138,29071880338,514541063,519226739,523817603,528208864,531691933,535080190,29282410118,28914244114,29313931513,30662981121,31439174681,31770983674,32179890105,32160714842,32196064526,31974430553,32015906315,32238471650,31969809476,32146198214,32021663644,31375777378,31189156973,784536100,0,0,0,0, ,0,0,0,60003819464,60317431009,70546648045,70356906318,70118649102,70041820249,79564893510,78876641875,155778374813,210683294437,253311837248,264586559938,272403535060,324180336487,415706555392,425898550632,507962844149,583119547288,738106462317,879977297111,823856690802
120,국내증권사,10110,한화투자증권주식회사,B,SF018,유가증권 보유현황(기타포괄손익-공정가치측정증권),A,기타포괄손익-공정가치측정증권,151696289369,146322934696,139623797973,152257435787,157106610965,245265406443,246342569265,233418971479,228586082512,218049285153,202897029098,197351679370,186671183322,192071734377,200923197320,196033261349,197963503977,204757269286,209309123045,211045968818,211213199533,204742666260,213420617236,214488483110,217086788025,219250930222,222388033109,170737958525,171457724058,173584604869,177998653282,175912527568,189642966055,193349489856,192198286089,190606700510,214557338478,217218885084,237055240489,303561440731,511212133094,597539010176,911318684113,933834791110,878897339778,670904326785,628986139366,657529118558,685183721655,636226434741,631507987871,853183955265,864500709127,859956886083,945206642899,937515420768
121,국내증권사,10110,한화투자증권주식회사,B,SF018,유가증권 보유현황(기타포괄손익-공정가치측정증권),A1,주식,130727502077,126234323804,122320645354,134758864652,136227828371,223909101029,227971195908,213202698114,209586898121,201019114073,188358831223,183024180170,175880565694,181842781514,185140053996,183273384967,185248690611,190805924521,198193076878,200167363124,201103598341,194620124600,206094496392,205039056845,203248578767,202133848173,204291769531,170737958525,171457724058,173584604869,177998653282,175912527568,189642966055,193349489856,192198286089,190606700510,214557338478,217218885084,237055240489,303561440731,511212133094,597539010176,911318684113,933834791110,878897339778,670904326785,628986139366,657529118558,685183721655,636226434741,631507987871,853183955265,864500709127,859956886083,945206642899,937515420768
122,국내증권사,10110,한화투자증권주식회사,B,SF018,유가증권 보유현황(기타포괄손익-공정가치측정증권),A2,출자금, , , , , , , ,0,0,0,0,0,0,0,0,0,0,2000000000,0,0,0,0,0,1000000000,1000000000,1300000000,1738968000,0,0,0,0,0,0,0,0,0,0,0,0,0,0,0,0,0,0,0, ,0,0,0, ,0,0,0,0,0
123,국내증권사,10110,한화투자증권주식회사,B,SF018,유가증권 보유현황(기타포괄손익-공정가치측정증권),A3,국채·지방채, , , , , , , ,0,0,0,0,0,0,0,0,0,0,0,0,0,0,0,0,0,0,0,0,0,0,0,0,0,0,0,0,0,0,0,0,0,0,0,0,0,0,0, ,0,0,0, ,0,0,0,0,0
124,국내증권사,10110,한화투자증권주식회사,B,SF018,유가증권 보유현황(기타포괄손익-공정가치측정증권),A4,특수채, , , , , , , ,0,0,0,0,0,0,0,0,1913500000,3063419906,3063419906,3259678550,3259678550,3259678550,3259678550,3128374428,0,0,0,0,0,0,0,0,0,0,0,0,0,0,0,0,0,0,0,0,0,0,0, ,0,0,0, ,0,0,0,0,0
125,국내증권사,10110,한화투자증권주식회사,B,SF018,유가증권 보유현황(기타포괄손익-공정가치측정증권),A5,회사채, , , , , , , ,0,0,0,0,0,0,0,0,0,0,0,0,0,0,0,0,4441651305,4441651305,4985104960,4950848457,0,0,0,0,0,0,0,0,0,0,0,0,0,0,0,0,0,0,0, ,0,0,0, ,0,0,0,0,0
126,국내증권사,10110,한화투자증권주식회사,B,SF018,유가증권 보유현황(기타포괄손익-공정가치측정증권),A6,집합투자증권,16997502869,16167577725,13087119452,12907537968,12887517569,14322771161,11274338672,13455465917,11873112336,11990225071,12267637460,12391163271,9817631699,9283849829,14796428045,9831942213,8504928181,7886609580,7300345852,7060152842,6369322377,6599891345,4197746416,4007774960,6268581473,8704000609,11406447121,0,0,0,0,0,0,0,0,0,0,0,0,0,0,0,0,0,0,0,0,0,0,0,0,0,0,0,0,0
127,국내증권사,10110,한화투자증권주식회사,B,SF018,유가증권 보유현황(기타포괄손익-공정가치측정증권),A7,기업어음증권, , , , , , , ,0,0,0,0,0,0,0,0,0,0,0,0,0,0,0,0,0,0,0,0,0,0,0,0,0,0,0,0,0,0,0,0,0,0,0,0,0,0,0, ,0,0,0, ,0,0,0,0,0
128,국내증권사,10110,한화투자증권주식회사,B,SF018,유가증권 보유현황(기타포괄손익-공정가치측정증권),A8,외화증권,3669776885,3669776885,3669776885,3669776885,4801976885,5317370399,5317370399,5317370399,5317370399,3194694279,788485929,788485929,788485929,788485929,778365279,778365279,778365279,778365279,409471765,409471765,409471765,262971765,0,0,2127976480,2127976480,0,0,0,0,0,0,0,0,0,0,0,0,0,0,0,0,0,0,0,0,0,0,0,0,0,0,0,0,0,0
129,국내증권사,10110,한화투자증권주식회사,B,SF018,유가증권 보유현황(기타포괄손익-공정가치측정증권),A9,기타,301507538,251256282,546256282,921256282,3189288140,1716163854,1779664286,1443437049,1808701656,1845251730,1482074486,1147850000,184500000,156617105,208350000,236068890,368100000,222950000,146550000,149302537,71128500,0,0,0,0,0,0,0,0,0,0,0,0,0,0,0,0,0,0,0,0,0,0,0,0,0, ,0,0,0, ,0,0,0,0,0
130,국내증권사,10111,현대차증권주식회사,B,SF018,유가증권 보유현황(기타포괄손익-공정가치측정증권),A,기타포괄손익-공정가치측정증권,121104596819,123617201926,112154295755,121340684437,121781433955,107323152943,109644645971,107395777520,106145090549,210222998488,456387654658,379532265573,358967178457,364313542208,389705103863,461772077294,512999959296,570741179492,488235945511,485685140369,583878743999,633110770231,592850602832,664922913796,718424587392,862783673944,1000429426730,1009437326549,1051359300124,1033700135262,975866551305,857422770407,765726584842,695881795421,644995928272,715213514197,821753049633,852551265796,830883512078,939486821053,970697397250,980914623930,1008046737600,960075797479,996650103106,914938066675,807652879559,844911867076,928814627567,964543291429,973747023167,1065622919624,1074577018596,1120773509329,1061064399203,1270193439376
131,국내증권사,10111,현대차증권주식회사,B,SF018,유가증권 보유현황(기타포괄손익-공정가치측정증권),A1,주식,108500037293,110115657221,100759601777,106959830890,107238977470,101390414330,103614533774,101332178871,100369663728,100202174960,100046797668,95100903770,99673290805,100914512633,134640069634,140367696081,137894623886,113687730972,110490321591,110201418029,123029212329,120881350335,123120709032,119785178397,117706920666,109857312109,105903033343,91056376646,91460554823,92529427797,94867951225,93352897315,101161150883,103251749197,102544902178,101746470713,115556300035,116708887700,126519809231,131227796004,136462154013,139481758199,139543690929,137875368847,179031437088,178913724100,157653595464,156943433073,169849179885,163294392185,165126506663,169383739488,165141474995,158144460058,159397344717,156781029874
132,국내증권사,10111,현대차증권주식회사,B,SF018,유가증권 보유현황(기타포괄손익-공정가치측정증권),A2,출자금,0,0,0,0,0,0,0,0,0,0,0,0,0,0,0,0,0,0,0,0,0,0,0,0,0,0,0,0,0,0,0,0,0,0,0,0,0,0,0,0,0,0,0,0,0,0,0,0,0,0,0,0,0,0,0,0
133,국내증권사,10111,현대차증권주식회사,B,SF018,유가증권 보유현황(기타포괄손익-공정가치측정증권),A3,국채·지방채,0,0,0,0,0,0,0,0,0,0,130425154294,66874321266,43850879864,0,0,0,61840276524,104522600063,42384047617,57108831917,41598255884,55600404890,0,39809941979,29930680152,69670982103,69340333101,69425748167,69637004452,79873083445,40027032239,40268474642,0,0,10153707693,41614619378,122361385929,102732535592,82161103605,131658365200,170569674344,170070593992,169614291616,167747399155,165595724344,165234353992,146353844692,117736978189,97793099288,78062846271,58870050823,38964618105,39214295606,19519981039,29654913713,29903111210
134,국내증권사,10111,현대차증권주식회사,B,SF018,유가증권 보유현황(기타포괄손익-공정가치측정증권),A4,특수채,0,0,0,0,0,0,0,0,0,0,92493207624,80152599514,79512297803,109808665275,78121844952,80080220742,66534179114,57183878191,56710191615,11249692717,20004820870,19989000000,49915329548,89988566276,90055592795,89899688083,139388569952,119869900214,119986721926,80073288267,99855326356,81421986210,101310023811,90032689613,70116222655,80319918859,151901475070,181313709670,160914143771,110307450760,69746941241,69500493438,119011119161,118178052816,127204664950,86934682254,87850282779,89276916866,99367165459,119294501042,119969841199,149818064051,190235311210,151184674502,140856622226,171165049500
135,국내증권사,10111,현대차증권주식회사,B,SF018,유가증권 보유현황(기타포괄손익-공정가치측정증권),A5,회사채,0,0,0,0,0,0,0,0,0,73354144515,93087808182,92611658386,93530192009,110465502987,135533260478,199328356146,204185142926,283045447070,241683389557,270899880123,349373066028,387079434839,384539107746,395355480127,445415349744,552101874079,591217359251,729085301522,770275018923,781224335753,741116241485,642379412240,563255410148,502597356611,462181095746,491532505247,431933888599,451796132834,461288455471,566293209089,593918627652,601861778301,579877635894,536274976661,524818276724,483855306329,415795156624,480954538948,561805182935,603891551931,629780624482,707456497980,679985936785,791924393730,731155518547,912344248792
136,국내증권사,10111,현대차증권주식회사,B,SF018,유가증권 보유현황(기타포괄손익-공정가치측정증권),A6,집합투자증권,10096691017,10118482553,7915021219,10600272586,10599208100,1221329602,1220137585,1219009976,1217806409,1616539121,2015297742,3451581908,5558341486,6187270467,7461676011,8174550057,8777907735,8891739744,33563545271,33819085163,47381633788,46993230547,33021814856,17908400007,33316044035,39253817570,92576745496,0,0,0,0,0,0,0,0,0,0,0,0,0,0,0,0,0,0,0,0,0,0,0,0,0,0,0,0,0
137,국내증권사,10111,현대차증권주식회사,B,SF018,유가증권 보유현황(기타포괄손익-공정가치측정증권),A7,기업어음증권,0,0,0,0,0,0,0,0,0,30456565751,30407267834,30370141696,30219268902,30272515751,30234200136,30222027038,30113615778,0,0,0,0,0,0,0,0,0,0,0,0,0,0,0,0,0,0,0,0,0,0,0,0,0,0,0,0,0,0,0,0,0,0,0,0,0,0,0
138,국내증권사,10111,현대차증권주식회사,B,SF018,유가증권 보유현황(기타포괄손익-공정가치측정증권),A8,외화증권,0,0,0,0,0,0,0,0,0,0,0,0,0,0,0,0,0,0,0,0,0,0,0,0,0,0,0,0,0,0,0,0,0,0,0,0,0,0,0,0,0,0,0,0,0,0,0,0,0,0,0,0,0,0,0,0
139,국내증권사,10111,현대차증권주식회사,B,SF018,유가증권 보유현황(기타포괄손익-공정가치측정증권),A9,기타,2507868509,3383062152,3479672759,3780580961,3943248385,4711409011,4809974612,4844588673,4557620412,4593574141,7912121314,10971059033,6622907588,6665075095,3714052652,3599227230,3654213333,3409783452,3404449860,2406232420,2491755100,2567349620,2253641650,2075347010,2000000000,2000000000,2003385587,0,0,0,0,0,0,0,0,0,0,0,0,0,0,0,0,0,0,0,0,0,0,0,0,0,0,0,0,0
140,국내증권사,10112,유화증권주식회사,B,SF018,유가증권 보유현황(기타포괄손익-공정가치측정증권),A,기타포괄손익-공정가치측정증권,456573721375,558046778925,555629551390,535073660814,482903846131,513552933450,555682347447,542835998494,405242811760,439081347856,473886049944,483592346275,460923594652,441274718073,449969357496,460868351253,397888929057,394759501054,458608967338,440356932722,469670618445,492359574895,478456840878,455764363367,390849758238,397040176484,457091582164,122870980087,122502923447,124721120371,127213790594,127540279840,137274591191,140695148338,137590095219,137952627990,150041209233,150392052374,161839424501,166750301857,172114864899,176279994789,176490288101,174595828727,226032953161,226095119183,194699649519,194147661019,209760501495,201248471465,203747347277,208348014603,203704612001,195132143471,197207476633,193253197847
141,국내증권사,10112,유화증권주식회사,B,SF018,유가증권 보유현황(기타포괄손익-공정가치측정증권),A1,주식,118636900618,121932090117,119896993302,130549117654,132182640785,127617570992,125292199888,121836600945,120955185739,120293889899,113780107886,111438840254,107499875876,111431771626,114613349299,112415183689,113264153252,115245427509,115700533484,115782314575,117429639472,114723997101,121991315928,122186010395,121334344055,121984857469,129831407955,122870980087,122502923447,124721120371,127213790594,127540279840,137274591191,140695148338,137590095219,137952627990,150041209233,150392052374,161839424501,166750301857,172114864899,176279994789,176490288101,174595828727,226032953161,226095119183,194699649519,194147661019,209760501495,201248471465,203747347277,208348014603,203704612001,195132143471,197207476633,193253197847
142,국내증권사,10112,유화증권주식회사,B,SF018,유가증권 보유현황(기타포괄손익-공정가치측정증권),A2,출자금,0,0,0,0,0,0,0,0,0,0,0,0,0,0,0,0,0,0,0,0,0,0,0,0,0,0,0,0,0,0,0,0,0,0,0,0,0,0,0,0,0,0,0,0,0,0,0,0,0,0,0,0,0,0,0,0
143,국내증권사,10112,유화증권주식회사,B,SF018,유가증권 보유현황(기타포괄손익-공정가치측정증권),A3,국채·지방채,29745649000,29842495553,29892852951,29934102976,19981236737,10025312762,38878509885,39633084458,38797408120,40152805435,87271993810,87978033416,89181089697,110302957641,111288457052,113043749196,112488195315,113265319545,112779286978,113137087250,113392489550,113089915629,112207246165,112138597794,111945759254,101564768779,100215289176,0,0,0,0,0,0,0,0,0,0,0,0,0,0,0,0,0,0,0,0,0,0,0,0,0,0,0,0,0
144,국내증권사,10112,유화증권주식회사,B,SF018,유가증권 보유현황(기타포괄손익-공정가치측정증권),A4,특수채,150059227617,180333069161,190481822263,190354711780,170475312445,140630533448,100412602418,90126512986,40051641007,10000201087,0,0,0,0,0,0,0,0,0,0,5000000000,0,0,0,0,0,0,0,0,0,0,0,0,0,0,0,0,0,0,0,0,0,0,0,0,0,0,0,0,0,0,0,0,0,0,0
145,국내증권사,10112,유화증권주식회사,B,SF018,유가증권 보유현황(기타포괄손익-공정가치측정증권),A5,회사채,125524909486,135726604462,145542156661,90415991218,50396647786,90411947028,120674326532,91059803873,75339267749,148556891714,152705418748,135109192811,140307098158,110574883264,145597883706,175945986419,110847760867,105014518345,200122797719,171425839708,173818862362,180566289923,130217353963,126300058807,110233539135,132392359029,157317448987,0,0,0,0,0,0,0,0,0,0,0,0,0,0,0,0,0,0,0,0,0,0,0,0,0,0,0,0,0
146,국내증권사,10112,유화증권주식회사,B,SF018,유가증권 보유현황(기타포괄손익-공정가치측정증권),A6,집합투자증권,2581970997,2452059497,0,0,0,0,0,0,0,0,0,0,0,0,0,0,0,0,0,0,0,0,10028200000,15118947153,37336115794,41098191207,44739288697,0,0,0,0,0,0,0,0,0,0,0,0,0,0,0,0,0,0,0,0,0,0,0,0,0,0,0,0,0
147,국내증권사,10112,유화증권주식회사,B,SF018,유가증권 보유현황(기타포괄손익-공정가치측정증권),A7,기업어음증권,29907307685,87657401186,69712656027,93716689474,109764983140,144779223346,170336377298,200091669622,130099309145,120077559721,120128529500,149066279794,123935530921,108965105542,78469667439,59463431949,61288819623,61234235655,30006349157,40011691189,60029627061,83979372242,104012724822,80020749218,10000000000,0,24988147349,0,0,0,0,0,0,0,0,0,0,0,0,0,0,0,0,0,0,0,0,0,0,0,0,0,0,0,0,0
148,국내증권사,10112,유화증권주식회사,B,SF018,유가증권 보유현황(기타포괄손익-공정가치측정증권),A8,외화증권,0,0,0,0,0,0,0,0,0,0,0,0,0,0,0,0,0,0,0,0,0,0,0,0,0,0,0,0,0,0,0,0,0,0,0,0,0,0,0,0,0,0,0,0,0,0,0,0,0,0,0,0,0,0,0,0
149,국내증권사,10112,유화증권주식회사,B,SF018,유가증권 보유현황(기타포괄손익-공정가치측정증권),A9,기타,117755972,103058949,103070186,103047712,103025238,88345874,88331426,88326610,0,0,0,0,0,0,0,0,0,0,0,0,0,0,0,0,0,0,0,0,0,0,0,0,0,0,0,0,0,0,0,0,0,0,0,0,0,0,0,0,0,0,0,0,0,0,0,0
150,국내증권사,10113,유안타증권주식회사,B,SF018,유가증권 보유현황(기타포괄손익-공정가치측정증권),A,기타포괄손익-공정가치측정증권,351831934080,354516667854,338775653507,287834456060,258515561240,247991691826,251684144679,252758265533,243286115633,242378865263,238758817027,221670337073,216103886348,233321455957,233811833328,219467374203,234803152332,185951917637,184131289138,184076307774,199255066632,179270947843,257271736712,249123644451,248830152870,252406443557,266012310312,226393832374,225280991093,228710030269,179972464817,175632392339,184947987760,182702551556,180613868642,158478685307,174876637765,176159532488,196267922732,201896022846,209761489680,210641779739,208442078822,206310729458,268914948471,267108869932,227517220857,223911653108,399516612154,429983233552,506184283799,540946158065,565371837657,606415095202,583718241949,647945965416
151,국내증권사,10113,유안타증권주식회사,B,SF018,유가증권 보유현황(기타포괄손익-공정가치측정증권),A1,주식,303390866765,305816003532,310089876257,263928458563,243816311478,234331433728,229510365104,230101233614,221389766651,220526860956,217228287094,200236318385,194084013593,207366019296,208340357273,203239251146,215827383801,167040872205,162421210470,162241958326,179423337651,160186111766,178927792260,172343909104,173314941901,177627587343,178497429189,166706316303,165378326136,168591995781,168635758262,164011778465,174586433576,172173276417,169950254525,147627384641,163847610461,165823534754,186626734880,192896869373,201514638120,203147240698,201714838050,200322011443,253811653942,252768685133,223942859870,221155829853,237837500086,228900307320,232678749765,236433487900,230456743507,220701973105,227608795165,221072135574
152,국내증권사,10113,유안타증권주식회사,B,SF018,유가증권 보유현황(기타포괄손익-공정가치측정증권),A2,출자금,8353360048,8413360048,9488674733,7363937390,3864743390,3444544055,12882778131,13726059017,13117471792,12949261506,12599437363,12502582361,12119115746,11916247674,11788866054,2671182726,2801249508,2801249508,2850001441,2805001441,2817382326,2817382326,2812607707,2812357707,3050588262,3113388262,3015127104,1910000000,1910000000,1910000000,1910000000,1910000000,1910000000,1910000000,1910000000,1910000000,1910000000,1910000000,1910000000,1910000000,1910000000,1910000000,1910000000,1910000000,1910000000,1910000000,1910000000,1910000000,1910000000,1910000000,1910000000,1910000000,1910000000,1910000000,1910000000,1910000000
153,국내증권사,10113,유안타증권주식회사,B,SF018,유가증권 보유현황(기타포괄손익-공정가치측정증권),A3,국채·지방채,0,0,0,0,0,0,0,0,0,0,0,0,0,0,0,0,0,0,0,0,0,0,0,0,0,0,0,0,0,0,0,0,0,0,0,0,0,0,0,0,0,0,0,0,0,0,0,0,0,0,0,0,0,0,0,0
154,국내증권사,10113,유안타증권주식회사,B,SF018,유가증권 보유현황(기타포괄손익-공정가치측정증권),A4,특수채, , , , , , , , , , , , , , , ,0, , , , , , ,40095926522,40105461349,40075324176,40024146522,49050472603,49054131507,49043223288,49006547946,0,0,0,0,0,0,0,0,0,0,0,0,0,0,9938483696,9960448792,0,0,159761499956,199165314120,271587921922,302595058053,332997482038,383795509985,354191834672,424956217730
155,국내증권사,10113,유안타증권주식회사,B,SF018,유가증권 보유현황(기타포괄손익-공정가치측정증권),A5,회사채,759946,759946,800759946,811259946,811259946,811259946,11259946,11259946,11259946,11259946,0,0,0,0,0,0,0,0,0,0,0,0,0,0,0,4896280328,4930727977,5025007859,5148503150,5286710500,5428033969,5584131592,4209038116,4286382074,4347116563,4434123598,4514806363,4167029439,3818045160,3495974138,3120507130,2746002062,2365123686,1999355293,1599921174,1206043264,810489151,409550827,0,0,0,0,0,0,0,0
156,국내증권사,10113,유안타증권주식회사,B,SF018,유가증권 보유현황(기타포괄손익-공정가치측정증권),A6,집합투자증권,32120969358,32222387515,10386742279,7560179084,1689287349,1014170020,1063312575,659594248,547630247,548320838,549527867,549877319,550674151,551505861,549906379,550678384,551345634,486622535,487012325,487415105,487818832,195358703,195667518,195988388,296301635,292020200,286822579,0,0,0,0,0,0,0,0,0,0,0,0,0,0,0,0,0,0,0,0,0,0,0,0,0,0,0,0,0
157,국내증권사,10113,유안타증권주식회사,B,SF018,유가증권 보유현황(기타포괄손익-공정가치측정증권),A7,기업어음증권,0,0,0,0,0,0,0,0,0,0,0,0,0,0,0,0,0,0,0,0,0,0,0,0,0,0,0,3690764593,3793326407,3907163930,3991060474,4118870170,4234903956,4325280953,4398885442,4499564956,4596608829,4251356183,3905530580,3585567223,3208732318,2830924867,2444504974,2071750610,1647277547,1256080631,846259724,428660316,0,0,0,0,0,0,0,0
158,국내증권사,10113,유안타증권주식회사,B,SF018,유가증권 보유현황(기타포괄손익-공정가치측정증권),A8,외화증권,7933403388,8031582238,7977025717,8138046502,8301384502,8357709502,8183854348,8227544133,8187412422,8310587442,8348990128,8348984433,9317508283,13455108551,13100129047,12973687372,15590598814,15590598814,18340490327,18509358327,16493953248,16039520473,16751309683,16730119537,15327684633,12947777936,16648923879,7612112,7612112,7612112,7612112,7612112,7612112,7612112,7612112,7612112,7612112,7612112,7612112,7612112,7612112,7612112,7612112,7612112,7612112,7612112,7612112,7612112,7612112,7612112,7612112,7612112,7612112,7612112,7612112,7612112
159,국내증권사,10113,유안타증권주식회사,B,SF018,유가증권 보유현황(기타포괄손익-공정가치측정증권),A9,기타,32574575,32574575,32574575,32574575,32574575,32574575,32574575,32574575,32574575,32574575,32574575,32574575,32574575,32574575,32574575,32574575,32574575,32574575,32574575,32574575,32574575,32574575,18488433022,16935808366,16765312263,13505242966,13582806981,0,0,0,0,0,0,0,0,0,0,0,0,0,0,0,0,0,0,0,0,0,0,0,0,0,0,0,0,0
160,국내증권사,10114,SK증권주식회사,B,SF018,유가증권 보유현황(기타포괄손익-공정가치측정증권),A,기타포괄손익-공정가치측정증권,106612155990,109172173367,102865307825,110093451935,111025874162,109112702180,106960758650,101795307072,183857724460,185392941019,181246401648,178555865348,173427744141,177243514350,189383759102,136757309546,102534190262,106570335417,110230487949,108677773439,121308521227,143775650696,122595208563,121803004268,130373881363,125685323145,130306000268,92885723542,93149589266,94328605274,96631717155,95286889445,103194192126,105352215419,104498605706,103651421216,117066569481,118250362121,128500220284,133187091224,138376007785,141491513870,141559569112,139887934889,181893611184,181723332615,159875710783,159052593913,172439042921,165593531354,167240703818,171464872187,167319479244,160277826191,161651670660,159024222227
161,국내증권사,10114,SK증권주식회사,B,SF018,유가증권 보유현황(기타포괄손익-공정가치측정증권),A1,주식,3948406942,3785269723,9071793218,5276307118,5104388098,6658619343,6619834863,5360707856,7608059742,7434900218,8482645629,9120320017,5398192556,5436444210,13795802293,12515003652,8857103024,11215088680,13090273016,12013709581,12084287974,14231140558,13098654118,12032315280,9908925256,8359088661,7142825583,3189538674,3147118149,3267350037,3487209558,3740278290,3973712379,3840148326,4077703266,3974197185,3848874834,4537056951,6600100655,6629879810,6548577990,6688965435,6653986745,6717799220,9922603520,9430538435,11835056065,11585951070,11697977415,11338736815,11203548905,11244199815,10994622135,10823510165,11473924725,12217930915
162,국내증권사,10114,SK증권주식회사,B,SF018,유가증권 보유현황(기타포괄손익-공정가치측정증권),A2,출자금,93779546072,96471158304,93610154064,104663761038,105767289158,102299225928,100160649961,96253849389,95346289107,95219514215,90158829885,86907447417,83099193128,86881222560,90911543056,89747819471,89213928733,88918326394,88997768121,89105457277,90880558821,89873485239,98690753404,99053881351,109226017833,108003180512,116322334419,89696184868,90002471117,91061255237,93144507597,91546611155,99220479747,101512067093,100420902440,99677224031,113217694647,113713305170,121900119629,126557211414,131827429795,134802548435,134905582367,133170135669,171971007664,172292794180,148040654718,147466642843,160741065506,154254794539,156037154913,160220672372,156324857109,149454316026,150177745935,146806291312
163,국내증권사,10114,SK증권주식회사,B,SF018,유가증권 보유현황(기타포괄손익-공정가치측정증권),A3,국채·지방채,0,0,0,0,0,0,0,0,0,0,0,0,0,0,0,0,0,0,0,0,10685457919,32108231622,0,0,0,0,0,0,0,0,0,0,0,0,0,0,0,0,0, ,0,0,0,0,0,0,0,0,0,0,0,0,0,0, ,0
164,국내증권사,10114,SK증권주식회사,B,SF018,유가증권 보유현황(기타포괄손익-공정가치측정증권),A4,특수채,0,0,0,0,0,0,0,0,10172722535,10169015479,10146881145,10125015665,10102953868,10093917478,10054530812,10008048445,0,0,0,0,0,0,0,0,0,0,0,0,0,0,0,0,0,0,0,0,0,0,0, ,0,0,0,0,0,0,0,0,0,0,0,0,0,0, ,0
165,국내증권사,10114,SK증권주식회사,B,SF018,유가증권 보유현황(기타포괄손익-공정가치측정증권),A5,회사채,0,0,0,0,0,0,0,0,70576943570,70616775327,70499467324,70447473761,70383668568,70360478323,70153659325,20020968023,0,0,0,0,0,0,0,0,0,0,0,0,0,0,0,0,0,0,0,0,0,0,0, ,0,0,0,0,0,0,0,0,0,0,0,0,0,0, ,0
166,국내증권사,10114,SK증권주식회사,B,SF018,유가증권 보유현황(기타포괄손익-공정가치측정증권),A6,집합투자증권,8884202976,8915745340,183360543,153383779,154196906,154856909,180273826,180749827,153709506,1952735780,1958577665,1955608488,4443736021,4471451779,4468223616,4465469955,4463158505,6436920343,8142446812,7558606581,7658216513,7562793277,10805801041,10716807637,11238938274,9323053972,6840840266,0,0,0,0,0,0,0,0,0,0,0,0,0,0,0,0,0,0,0,0,0,0,0,0,0,0,0,0,0
167,국내증권사,10114,SK증권주식회사,B,SF018,유가증권 보유현황(기타포괄손익-공정가치측정증권),A7,기업어음증권,0,0,0,0,0,0,0,0,0,0,0,0,0,0,0,0,0,0,0,0,0,0,0,0,0,0,0,0,0,0,0,0,0,0,0,0,0,0,0, ,0,0,0,0,0,0,0,0,0,0,0,0,0,0, ,0
168,국내증권사,10114,SK증권주식회사,B,SF018,유가증권 보유현황(기타포괄손익-공정가치측정증권),A8,외화증권,0,0,0,0,0,0,0,0,0,0,0,0,0,0,0,0,0,0,0,0,0,0,0,0,0,0,0,0,0,0,0,0,0,0,0,0,0,0,0,0,0,0,0,0,0,0,0,0,0,0,0,0,0,0,0,0
169,국내증권사,10114,SK증권주식회사,B,SF018,유가증권 보유현황(기타포괄손익-공정가치측정증권),A9,기타,0,0,0,0,0,0,0,0,0,0,0,0,0,0,0,0,0,0,0,0,0,0,0,0,0,0,0,0,0,0,0,0,0,0,0,0,0,0,0, ,0,0,0,0,0,0,0,0,0,0,0,0,0,0, ,0
170,국내증권사,10119,삼성증권(주),B,SF018,유가증권 보유현황(기타포괄손익-공정가치측정증권),A,기타포괄손익-공정가치측정증권,1861028511148,1719228430721,1854349568521,1533587764643,1602206713184,1590977254779,1669997074270,1261080264746,1572286206795,1633146897109,1822063797181,1825160145306,1821475326032,1900215043053,2355103013764,2276490907073,2333401500428,2372206559080,3210600466709,3549170545223,4189155678349,4622649219928,5713670648535,5995607640506,6104116431103,6542455363093,6831537955528,5870128020225,4636165442132,3428501486987,3282428024603,2969691909642,3055988392275,2642316904269,3089007616755,3571201246567,3770325468144,5548795245404,5119405236606,4856959080035,4970730202936,4737633767614,4323503806527,4207461333490,4442605698751,5141574746870,4495161249938,3579575630096,3526815264948,3149307808841,1617609577542,2195505056859,2699627344159,3505729358200,4259101349267,3891062740873
171,국내증권사,10119,삼성증권(주),B,SF018,유가증권 보유현황(기타포괄손익-공정가치측정증권),A1,주식,293843561794,264555174436,265982420396,307071212173,334336322743,322720576253,302654935925,319104539410,310389900322,310673404204,311975429272,343885316395,323772027695,344336108412,302764837411,312463719345,302403809259,316987430290,273208184891,253508592816,267815314149,252007231473,222984252528,225853963979,243256312360,240617643213,282716136530,289766429926,321878705904,303092530932,276166732350,298809030782,308419406121,296975926279,302207920195,269508483272,286485306491,298443440058,351042137513,359911924012,383575621679,376292538567,364070286323,368629750067,422566704768,410946652046,398296289563,394445977773,399865387217,404422036773,377622446748,377543390369,364046396385,344824555809,335605700943,343089782874
172,국내증권사,10119,삼성증권(주),B,SF018,유가증권 보유현황(기타포괄손익-공정가치측정증권),A2,출자금,14132472410,15696752189,23505840349,23966149184,23687929318,24624357273,25074857273,26481841900,27853266911,28312770258,24144207341,24307903454,24600927454,24255327536,22078959952,20519589132,21633453687,30929187810,32138873805,33595098570,33911812664,33951263548,37774461048,42385313946,43718471543,59864803141,89603980600,1200000000,1200000000,1200000000,1200000000,1200000000,1200000000,1200000000,1200000000,1200000000,1200000000,1200000000,1200000000,1200000000,1200000000,1200000000,1200000000,1200000000,1200000000,1200000000,1200000000,1200000000,1200000000,1200000000,1200000000,1200000000,1200000000,1200000000,1200000000,1200000000
173,국내증권사,10119,삼성증권(주),B,SF018,유가증권 보유현황(기타포괄손익-공정가치측정증권),A3,국채·지방채,0, , , , , , , , , , , ,30317673914, ,9682362788,5735095459,6722227384,6718332876,6662689245,7649128621,7639396734,7584871311,20226451984,28206758916,26470287213,26367407497,23959288262,22971511959,23007898742,23021432793,10026121547,10022586957,10034130435,10033010990,10013461539, , , , , , , , , , , , , , , , , , , , , 
174,국내증권사,10119,삼성증권(주),B,SF018,유가증권 보유현황(기타포괄손익-공정가치측정증권),A4,특수채,1293805409198,1139987517351,1271371176576,821425690187,773105907445,785975203840,855160764199,596220824416,842958803873,834021609723,693411427645,678155891094,679624983059,640057950312,996527225789,937272671965,776878184951,768498402230,1058119252991,1601702956516,1868633167161,2232548585748,3247082927640,3353444653197,3178964776683,2904102533466,2616540855584,2503971073007,1872165800292,1347681426799,1296000215558,1138164951095,1018833159436,800654806032,974151670252,1015627998411,1181304896411,2407247257052,2282880937545,2083322539939,1916467556178,1862590579532,1738189600887,1534222711452,1365110970633,1501536367987,1182563149628,773655654110,803974256642,701456047714,318175235520,248912642525,228812339519,359750171812,737042942099,607024636662
175,국내증권사,10119,삼성증권(주),B,SF018,유가증권 보유현황(기타포괄손익-공정가치측정증권),A5,회사채,200041092503,240070387534,250088843901,310027403513,400473253461,382370049196,422153285314,231114608707,299049552498,370079393214,589868220963,590583554212,583311055826,571505752826,589894661550,594442756251,784015195827,789340097639,1433485032742,1386740416886,1649164262710,1648138935166,1726669007349,1865807439752,2183632861571,2760754081567,3172078897444,3051917827417,2417612131594,1754052105335,1699580964020,1522041349680,1718047705155,1533999169840,1801980573641,1944919148299,1982478516460,2682045534531,2457316783812,2373585700738,2557895664163,2510288883299,2232782153101,2316147105755,2666466257134,3240629960621,2913647819619,2410820007085,2322321629961,2042775733226,921157904146,1568395032837,2106114617127,2800500639451,3185798715097,2940294330209
176,국내증권사,10119,삼성증권(주),B,SF018,유가증권 보유현황(기타포괄손익-공정가치측정증권),A6,집합투자증권,59569195999,59281819967,43852033055,71065078822,70169802333,75000892793,64564577205,87617182619,90967173791,89741455490,202946536360,188750398623,174221451949,168718157758,263506091868,250407978068,242305739979,288211563321,217150371027,252985791506,350084056759,417772507139,426024016895,448702679490,386757608408,517949639200,622466197969,0,0,0,0,0,0,0,0,0,0,0,0,0,0,0,0,0,0,0,0,0,0,0,0,0,0,0,0,0
177,국내증권사,10119,삼성증권(주),B,SF018,유가증권 보유현황(기타포괄손익-공정가치측정증권),A7,기업어음증권,0, , , , , , , , , , , , , , , , , , , , , , , , , , , , , ,0, , , , , , , , , , , , , , , , , , , , , , , , , 
178,국내증권사,10119,삼성증권(주),B,SF018,유가증권 보유현황(기타포괄손익-공정가치측정증권),A8,외화증권,0,0,0,0,0,0,0,0,0,0,0,0,6150124607,151975280081,171282408278,156282630725,200076423213,172155078786,190382070880,13534569180,12453677044,31191834415,33455539963,31752840098,41862122197,33345263881,24718608011,847186788,846914472,0,0,0,0,0,0,340491625457,319402757654,160405022635,39703611520,51677149130,124329594700,0,0,0,0,0,0,0,0,0,0,0,0,0,0,0
179,국내증권사,10119,삼성증권(주),B,SF018,유가증권 보유현황(기타포괄손익-공정가치측정증권),A9,기타,-363220756,-363220756,-450745756,32230764,433497884,286175424,388654354,541267694,1067509400,318264220,-282024400,-522918472,-522918472,-633533872,-633533872,-633533872,-633533872,-633533872,-546008872,-546008872,-546008872,-546008872,-546008872,-546008872,-546008872,-546008872,-546008872,-546008872,-546008872,-546008872,-546008872,-546008872,-546008872,-546008872,-546008872,-546008872,-546008872,-546008872,-12738233784,-12738233784,-12738233784,-12738233784,-12738233784,-12738233784,-12738233784,-12738233784,-546008872,-546008872,-546008872,-546008872,-546008872,-546008872,-546008872,-546008872,-546008872,-546008872
180,국내증권사,10120,DB금융투자주식회사,B,SF018,유가증권 보유현황(기타포괄손익-공정가치측정증권),A,기타포괄손익-공정가치측정증권,253878650310,194634872757,207266304820,219668362005,198430114966,197609547737,208442302944,138938229650,139254793666,119086150694,111638109162,109856266235,81850019672,85715028894,89637124866,93876947077,95924051797,98410994678,101350737891,102030350162,102365875933,102558825729,112977473473,,,,,,,,,,,,,,,,,,,,,,,,,,,,,,,,,
181,국내증권사,10120,DB금융투자주식회사,B,SF018,유가증권 보유현황(기타포괄손익-공정가치측정증권),A1,주식,187964635324,187754391162,182922107624,188990947945,188530282145,172250389817,170502404834,90424009421,89512035427,88996303945,85310151729,83258663016,80119116853,83983837789,85988553045,90228502351,92276534698,92379006753,97767302520,98447365999,98782511767,96976057485,107396164582,,,,,,,,,,,,,,,,,,,,,,,,,,,,,,,,,
182,국내증권사,10120,DB금융투자주식회사,B,SF018,유가증권 보유현황(기타포괄손익-공정가치측정증권),A2,출자금,450200000,450200000,350200000,350200000,350200000,350200000,350200000,350200000,350200000,350200000,350200000,275200000,145200000,145200000,2062700000,2062700000,2062700000,2062700000,2000200000,2000200000,2000200000,4000200000,4000200000,,,,,,,,,,,,,,,,,,,,,,,,,,,,,,,,,
183,국내증권사,10120,DB금융투자주식회사,B,SF018,유가증권 보유현황(기타포괄손익-공정가치측정증권),A3,국채·지방채, ,0,0,0,0,0,0,0,0,0,0,0,0,0,0,0,0,0,0,0,0,0,0,,,,,,,,,,,,,,,,,,,,,,,,,,,,,,,,,
184,국내증권사,10120,DB금융투자주식회사,B,SF018,유가증권 보유현황(기타포괄손익-공정가치측정증권),A4,특수채, ,0,0,0,0,0,0,0,0,0,0,0,0,0,0,0,0,0,0,0,0,0,0,,,,,,,,,,,,,,,,,,,,,,,,,,,,,,,,,
185,국내증권사,10120,DB금융투자주식회사,B,SF018,유가증권 보유현황(기타포괄손익-공정가치측정증권),A5,회사채, ,0,0,0,0,0,0,0,0,0,0,0,0,0,0,0,0,0,0,0,900000,900000,0,,,,,,,,,,,,,,,,,,,,,,,,,,,,,,,,,
186,국내증권사,10120,DB금융투자주식회사,B,SF018,유가증권 보유현황(기타포괄손익-공정가치측정증권),A6,집합투자증권,5210922768,5230281595,22793997196,22874391493,1857062157,1894564516,1167678100,1089342187,372396319,383880670,384497935,385134101,385702819,385991105,385871821,385744726,384817099,383848895,383235371,382784165,382264168,381668246,381108893,,,,,,,,,,,,,,,,,,,,,,,,,,,,,,,,,
187,국내증권사,10120,DB금융투자주식회사,B,SF018,유가증권 보유현황(기타포괄손익-공정가치측정증권),A7,기업어음증권, ,0,0,0,0,0,0,0,0,0,0,0,0,0,0,0,0,0,0,0,0,0,0,,,,,,,,,,,,,,,,,,,,,,,,,,,,,,,,,
188,국내증권사,10120,DB금융투자주식회사,B,SF018,유가증권 보유현황(기타포괄손익-공정가치측정증권),A8,외화증권,0,0,0,6252822567,6492570664,21914393404,35222020010,45874678042,47820161920,28155766079,24393259498,24737269118,0,0,0,0,0,2385439030,0,-2,-2,-2,-2,,,,,,,,,,,,,,,,,,,,,,,,,,,,,,,,,
189,국내증권사,10120,DB금융투자주식회사,B,SF018,유가증권 보유현황(기타포괄손익-공정가치측정증권),A9,기타,60252892218,1200000000,1200000000,1200000000,1200000000,1200000000,1200000000,1200000000,1200000000,1200000000,1200000000,1200000000,1200000000,1200000000,1200000000,1200000000,1200000000,1200000000,1200000000,1200000000,1200000000,1200000000,1200000000,,,,,,,,,,,,,,,,,,,,,,,,,,,,,,,,,
190,국내증권사,10120,디비증권주식회사,B,SF018,유가증권 보유현황(기타포괄손익-공정가치측정증권),A,기타포괄손익-공정가치측정증권,,,,,,,,,,,,,,,,,,,,,,,,115040004534,113449782949,130541924941,110258777983,90494575106,90382195261,91547497765,93264473053,91307447439,96615646823,98763267197,97893556950,97201988827,110707025155,111373114656,119122202269,123706876848,128901020463,131745045631,131833654147,130138803797,167632861550,167926733834,148367544072,147715026730,160627345273,154230448631,216534575397,400993960716,418510032899,473460121020,522621570742,598224516177
191,국내증권사,10120,디비증권주식회사,B,SF018,유가증권 보유현황(기타포괄손익-공정가치측정증권),A1,주식,,,,,,,,,,,,,,,,,,,,,,,,108709235335,107119653463,124212502810,103146599021,89294575106,89182195261,90347497765,92064473053,90107447439,95415646823,97563267197,96693556950,96001988827,109507025155,110173114656,117922202269,122506876848,127701020463,130545045631,130633654147,128938803797,166432861550,166726733834,147167544072,146515026730,159427345273,153030448631,154717596004,158758897139,154893694909,148188306609,148811692767,145517280137
192,국내증권사,10120,디비증권주식회사,B,SF018,유가증권 보유현황(기타포괄손익-공정가치측정증권),A2,출자금,,,,,,,,,,,,,,,,,,,,,,,,4750200000,4750200000,4750200000,5533461376,0,0,0,0,0,0,0,0,0,0,0,0,0,0,0,0,0,0,0, ,0,0,0,0,0,0,0,0,0
193,국내증권사,10120,디비증권주식회사,B,SF018,유가증권 보유현황(기타포괄손익-공정가치측정증권),A3,국채·지방채,,,,,,,,,,,,,,,,,,,,,,,,0,0,0,0,0,0,0,0,0,0,0,0,0,0,0,0,0,0,0,0,0,0,0, ,0,0,0,0,0,0,0,18867463815,19171059806
194,국내증권사,10120,디비증권주식회사,B,SF018,유가증권 보유현황(기타포괄손익-공정가치측정증권),A4,특수채,,,,,,,,,,,,,,,,,,,,,,,,0,0,0,0,0,0,0,0,0,0,0,0,0,0,0,0,0,0,0,0,0,0,0, ,0,0,0,20233364566,20227120000,30277844240,30467133028,30258257730,30520470687
195,국내증권사,10120,디비증권주식회사,B,SF018,유가증권 보유현황(기타포괄손익-공정가치측정증권),A5,회사채,,,,,,,,,,,,,,,,,,,,,,,,0,0,0,0,0,0,0,0,0,0,0,0,0,0,0,0,0,0,0,0,0,0,0, ,0,0,0,40383614827,220807943577,232138493750,293604681383,323484156430,401815705547
196,국내증권사,10120,디비증권주식회사,B,SF018,유가증권 보유현황(기타포괄손익-공정가치측정증권),A6,집합투자증권,,,,,,,,,,,,,,,,,,,,,,,,380569201,379929488,379222133,378717588,0,0,0,0,0,0,0,0,0,0,0,0,0,0,0,0,0,0,0,0,0,0,0,0,0,0,0,0,0
197,국내증권사,10120,디비증권주식회사,B,SF018,유가증권 보유현황(기타포괄손익-공정가치측정증권),A7,기업어음증권,,,,,,,,,,,,,,,,,,,,,,,,0,0,0,0,0,0,0,0,0,0,0,0,0,0,0,0,0,0,0,0,0,0,0, ,0,0,0,0,0,0,0,0,0
198,국내증권사,10120,디비증권주식회사,B,SF018,유가증권 보유현황(기타포괄손익-공정가치측정증권),A8,외화증권,,,,,,,,,,,,,,,,,,,,,,,,-2,-2,-2,-2,0,0,0,0,0,0,0,0,0,0,0,0,0,0,0,0,0,0,0,0,0,0,0,0,0,0,0,0,0
199,국내증권사,10120,디비증권주식회사,B,SF018,유가증권 보유현황(기타포괄손익-공정가치측정증권),A9,기타,,,,,,,,,,,,,,,,,,,,,,,,1200000000,1200000000,1200000000,1200000000,1200000000,1200000000,1200000000,1200000000,1200000000,1200000000,1200000000,1200000000,1200000000,1200000000,1200000000,1200000000,1200000000,1200000000,1200000000,1200000000,1200000000,1200000000,1200000000,1200000000,1200000000,1200000000,1200000000,1200000000,1200000000,1200000000,1200000000,1200000000,1200000000
200,국내증권사,10123,씨티그룹글로벌마켓증권주식회사,B,SF018,유가증권 보유현황(기타포괄손익-공정가치측정증권),A,기타포괄손익-공정가치측정증권,86886954532,89442436176,86405704926,96945186850,97986351850,94653467000,92919348850,90536237850,89585307150,89070508900,83510109375,80908353725,77048523700,80209037900,82420356675,80569396675,81581640425,82918959025,82499022475,82144447950,83508374100,81478680775,88061157275,87762689975,87354321925,87659151900,87894570875,0,0,0,0,0,0,0,0,0,0,0,0,0,0,0,0,0,0,0,0,0,0,0,0,0,0,0,0,0
201,국내증권사,10123,씨티그룹글로벌마켓증권주식회사,B,SF018,유가증권 보유현황(기타포괄손익-공정가치측정증권),A1,주식,86886954532,89442436176,86405704926,96945186850,97986351850,94653467000,92919348850,90536237850,89585307150,89070508900,83510109375,80908353725,77048523700,80209037900,82420356675,80569396675,81581640425,82918959025,82499022475,82144447950,83508374100,81478680775,88061157275,87762689975,87354321925,87659151900,87894570875, ,0,0,0,0,0,0,0,0,0,0,0,0,0,0,0,0,0,0,0,0,0,0,0,0,0,0,0,0
202,국내증권사,10123,씨티그룹글로벌마켓증권주식회사,B,SF018,유가증권 보유현황(기타포괄손익-공정가치측정증권),A2,출자금,0,0,0, , , , , , , , , , , , , , , , , , , , , , , , , , , , , , , , , , , , , , , , , , , , , , , , , , , , , 
203,국내증권사,10123,씨티그룹글로벌마켓증권주식회사,B,SF018,유가증권 보유현황(기타포괄손익-공정가치측정증권),A3,국채·지방채,0,0,0, , , , , , , , , , , , , , , , , , , , , , , , , , , , , , , , , , , , , , , , , , , , , , , , , , , , , 
204,국내증권사,10123,씨티그룹글로벌마켓증권주식회사,B,SF018,유가증권 보유현황(기타포괄손익-공정가치측정증권),A4,특수채,0,0,0, , , , , , , , , , , , , , , , , , , , , , , , , , , , , , , , , , , , , , , , , , , , , , , , , , , , , 
205,국내증권사,10123,씨티그룹글로벌마켓증권주식회사,B,SF018,유가증권 보유현황(기타포괄손익-공정가치측정증권),A5,회사채,0,0,0, , , , , , , , , , , , , , , , , , , , , , , , , , , , , , , , , , , , , , , , , , , , , , , , , , , , , 
206,국내증권사,10123,씨티그룹글로벌마켓증권주식회사,B,SF018,유가증권 보유현황(기타포괄손익-공정가치측정증권),A6,집합투자증권,0,0,0,0,0,0,0,0,0,0,0,0,0,0,0,0,0,0,0,0,0,0,0,0,0,0,0,0,0,0,0,0,0,0,0,0,0,0,0,0,0,0,0,0,0,0,0,0,0,0,0,0,0,0,0,0
207,국내증권사,10123,씨티그룹글로벌마켓증권주식회사,B,SF018,유가증권 보유현황(기타포괄손익-공정가치측정증권),A7,기업어음증권,0,0,0, , , , , , , , , , , , , , , , , , , , , , , , , , , , , , , , , , , , , , , , , , , , , , , , , , , , , 
208,국내증권사,10123,씨티그룹글로벌마켓증권주식회사,B,SF018,유가증권 보유현황(기타포괄손익-공정가치측정증권),A8,외화증권,0,0,0,0,0,0,0,0,0,0,0,0,0,0,0,0,0,0,0,0,0,0,0,0,0,0,0,0,0,0,0,0,0,0,0,0,0,0,0,0,0,0,0,0,0,0,0,0,0,0,0,0,0,0,0,0
209,국내증권사,10123,씨티그룹글로벌마켓증권주식회사,B,SF018,유가증권 보유현황(기타포괄손익-공정가치측정증권),A9,기타,0,0,0, , , , , , , , , , , , , , , , , , , , , , , , , , , , , , , , , , , , , , , , , , , , , , , , , , , , , 
210,국내증권사,10128,주식회사 아이엠증권,B,SF018,유가증권 보유현황(기타포괄손익-공정가치측정증권),A,기타포괄손익-공정가치측정증권,274399957859,271093856124,250723746696,219459687557,203458814037,187584217076,199984773301,218173972839,216749712896,214727038548,234328303320,225506794036,204338010108,213462089436,240208677408,262354192683,259195750234,236506995636,258131773409,259501001437,235511433218,229867851831,260387686375,259333098615,259720081130,250497750808,255370904316,189272152134,189291431306,189354635552,209137976614,153506547908,158610665587,158363637093,165104620123,148188288928,129790670686,139817396741,189103571580,185764314321,186077486681,189495664760,203340388176,201842672056,218335967648,209136287896,239288843415,241022299520,252161496018,245899380691,256811988479,326066067300,328780234522,309703684950,373740443531,325021526726
211,국내증권사,10128,주식회사 아이엠증권,B,SF018,유가증권 보유현황(기타포괄손익-공정가치측정증권),A1,주식,8814871275,8803476617,8782433232,7510883579,7533048219,7533100621,21245166716,14889712091,7520105581,7521633097,7571587725,8550873066,9037560323,16466222667,18989897864,9977735296,9050398400,9061035336,8433998394,9374883596,9854551906,9621344550,10487605830,10240794628,11122126926,11538511926,11537046648,281690640,281690640,281690640,291291000,291291000,291291000,291291000,291291000,291291000,291291000,5330621000,7329448066,7310502919,7279885392,7252166375,7209730066,7081099919,6846383392,6732511375,6651351066,6821582919,6910707392,6986527375,7037000694,7094259919,7127711392,2247499418,2252885000,291291000
212,국내증권사,10128,주식회사 아이엠증권,B,SF018,유가증권 보유현황(기타포괄손익-공정가치측정증권),A2,출자금,2176002105,2176002105,2431002105,2423890607,2692890607,2692890607,2906468388,3500813655,6350813655,9791813655,12009372910,12844662547,13641647836,14491647836,16840327893,19303327893,19618291197,18991659850,19220719019,19947319019,18448164207,19191664207,20031124973,20636124973,21103887803,20742196522,27551568221, , , , , ,0, , , , , , , , , , , ,0, , , , , , , , , , , 
213,국내증권사,10128,주식회사 아이엠증권,B,SF018,유가증권 보유현황(기타포괄손익-공정가치측정증권),A3,국채·지방채,995721814,997850935,3840762943,3645312302,3644284499,3648502107,5779893953,9982608306,5008115987,4982728069,8925623069,4794492000,4768362000,4745562000,4519016220,4509800384,4474473617,4435109918,18880904686,18718685289,14243465206,14086501096,20081563077,20079361979,20060022077,20027735629, ,3193264453,3164415685,3131731987,3051625069,3021510822,2996293973,2964999521, , , , , , , , , , ,0, , ,5122454176,9944652609,9940626044,9995983847,20139251256,10003222609,10018023592,15072010111,5068676429
214,국내증권사,10128,주식회사 아이엠증권,B,SF018,유가증권 보유현황(기타포괄손익-공정가치측정증권),A4,특수채,99863322360,100034915503,100056662155,80042909481,80089203721,90165757775,89983292172,114838570718,129586311442,119416196792,124965827894,149714829172,99907042500,99722076095,119426610440,129692348576,129588484148,119759242165,110105767939,110203244853,96350630604,96185374056,110874577834,110892005042,110889801253,110861482330,130853481515,125805755759,125922806038,125992757543,126028737912,70142809286,75196884148,84840913528,84622828790,44755479205,27154110567,22095611528,13089061957,23070070305,23002502262,22978093262,22817683414,22774911365,19666413064,23497439520,23790981824,24031672415,32009218381,33252112524,23360436778,23356916887,23340258113,9318254150,59300099736,9295788929
215,국내증권사,10128,주식회사 아이엠증권,B,SF018,유가증권 보유현황(기타포괄손익-공정가치측정증권),A5,회사채,99721910557,99501115780,99626805295,89507035797,70391534094,60298990767,49531830185,39462431252,29508404905,29491031481,49289286337,19785526781,44542621386,44645122847,44944926256,60034667164,60226253078,50223415362,69880593528,70083395518,70106851802,69967233713,79814957578,79856292714,79829705028,70002468410,69933601150,59991441282,59922518943,59948455382,79766322633,80050936800,80126196466,70266433044,80190500333,103141518723,102345269119,112391164213,168685061557,155383741097,155795099027,159265405123,173312974696,171986660772,191823171192,178906337001,208846510525,205046590010,203296917636,195720114748,216418567160,275475639238,288309042408,288119907790,297115448684,310365770368
216,국내증권사,10128,주식회사 아이엠증권,B,SF018,유가증권 보유현황(기타포괄손익-공정가치측정증권),A6,집합투자증권,23373029554,19807704590,17848142011,18659129527,21226684598,23244975199,30538121887,35499836817,38775961326,43523635454,31566605385,29816410470,32440776063,33391457991,35487898735,38836313370,36237849794,34036533005,31609789843,31173473162,26507769493,20815734209,19097857083,17628519279,16714538043,17325355991,15495206782,0,0,0,0,0,0,0,0,0,0,0,0,0,0,0,0,0,0,0,0,0,0,0,0,0,0,0,0,0
217,국내증권사,10128,주식회사 아이엠증권,B,SF018,유가증권 보유현황(기타포괄손익-공정가치측정증권),A7,기업어음증권, , , , , , , ,0, , ,0, , ,0, ,0, , ,0, ,0, , ,0, ,0, , , , , , ,0, , , , , , , , , , , ,0, , , , , , , , , , , 
218,국내증권사,10128,주식회사 아이엠증권,B,SF018,유가증권 보유현황(기타포괄손익-공정가치측정증권),A8,외화증권,39455100194,39772790594,18137938955,17670526264,17881168299,0,0,0,0,0,0,0,0,0,0,0,0,0,0,0,0,0,0,0,0,0,0,0,0,0,0,0,0,0,0,0,0,0,0,0,0,0,0,0,0,0,0,0,0,0,0,0,0,0,0,0
219,국내증권사,10128,주식회사 아이엠증권,B,SF018,유가증권 보유현황(기타포괄손익-공정가치측정증권),A9,기타,0,0,0,0,0,0,0,0, , ,0, , ,0, ,0, , ,0, ,0, , ,0, ,0, , , , , , ,0, , , , , , , , , , , ,0, , , , , , , , , , , 
220,국내증권사,10129,한국투자증권,B,SF018,유가증권 보유현황(기타포괄손익-공정가치측정증권),A,기타포괄손익-공정가치측정증권,1141235165885,1136630000473,1126249433743,833862512727,821677409843,839074584010,655020090856,744984862855,687514271709,725388437690,769422681087,752343494141,722139323857,737977310044,753871583950,790026120638,973612158434,1153432003955,1878922255749,2760694463341,3089024200893,2815940211526,3937609761969,4102705854021,3233393524435,3297143388272,3475130591148,3145215872428,3451558408602,4125435455955,3575780129781,2748039114088,2841269864301,2769976481715,2610330535340,1953529959669,2210563997029,2137514967632,2184499072466,2289298011717,2336329983321,1875142208530,4896375846661,4241040927732,3565472451700,3509656878530,3822031371204,2667716609565,3991589515729,4962423289510,5070827640467,3039310176719,2334039426452,2434596966139,2280622920759,2427752401533
221,국내증권사,10129,한국투자증권,B,SF018,유가증권 보유현황(기타포괄손익-공정가치측정증권),A1,주식,739063548904,736237987376,726467892587,416560896700,405682215772,402411550682,402470182739,430849259624,411109087430,404133925469,410051687898,395417943509,371112361811,389416889867,385293980006,357694510243,354929001441,362217344052,367525246966,363672030564,303725543403,307851033205,682019256260,695521348851,776748129339,831808049122,702586130498,587969300950,630923521828,651019870311,597107182957,547606028355,566765261335,523365601287,496247873974,376520217540,424123418546,422585169654,493028415690,509479474971,554736242400,565036825896,592769102380,664407399929,647829984602,605776435099,689183882288,681626059372,698575037828,705560032436,727526141401,765388978050,779987138359,819361659555,714327103201,746866875928
222,국내증권사,10129,한국투자증권,B,SF018,유가증권 보유현황(기타포괄손익-공정가치측정증권),A2,출자금,19288391608,2786236001,2495337132,2561071984,2639404727,2320817740,3272079062,2970602465,52538300793,50792910000,50792910000,51014434000,50381718864,51226654650,55226666852,53372949503,56614288404,58516652321,59395126443,61120027998,88292906319,68949410279,77129588402,77468794953,84250702867,86291824252,88021044477,0,0,0,0,0,0,0,0,0,0,0,0,0,0,0,0,0,0,0,0,0,0,0,0,0,0,0,0,0
223,국내증권사,10129,한국투자증권,B,SF018,유가증권 보유현황(기타포괄손익-공정가치측정증권),A3,국채·지방채,0,0,0,0,0,0,0,0,0,0,0,0,0,0, ,0,0,0,0,0,0,0,130028795000,251531489615,100155902189,191709170367,363190973846,452559058103,432232545676,270455208533,310315144668,40323021088,271439143902,274136426341,232662449903,30665627555,154075677396,309163687238,309727028198,41103428044,40736589567,40591793815,129724465431,19793850990,19629371039,19680817815,19764641539,129617125301,129018546303,120120287727,49984619233,0,0,0,80918009284,62617446088
224,국내증권사,10129,한국투자증권,B,SF018,유가증권 보유현황(기타포괄손익-공정가치측정증권),A4,특수채,0,0,0,0,0,0,0,0,0,0,0,0,0,0, ,50228089888,200248823843,401219061960,780349317236,1422781885840,1857500417154,1543582732512,2125886591769,2049261239264,1409484087999,1357653969424,1205636600212,1386687177156,1909444404392,2843902725926,2277240044920,1717097843064,1598758648670,1758995543695,1635747327169,1229658050754,1272945495446,1076447735011,1024256540479,1253014692588,1218379023515,858290211310,2747500303839,1872019519151,1449288794002,1438267892934,1338624191890,630450211027,1287230005025,1902785300573,2055929259773,813127517561,621982578187,702655437332,572561790745,573086664098
225,국내증권사,10129,한국투자증권,B,SF018,유가증권 보유현황(기타포괄손익-공정가치측정증권),A5,회사채,100167360,100160527,9205300339,18625975990,19478339720,56179308325,56492841256,98033746441,20649616817,17729736817,18146819817,18410392317,18752662317,14464084817,16848228317,13667663817,14007165817,14501454817,194997337625,378102302295,422268650285,476276919574,443022855295,451198981050,410790838171,359567840856,468649472312,718000336219,478957936706,360057651185,391117757236,443012221581,404306810394,213478910392,245672884294,258128906265,359419405641,329318375729,357487088099,485700416114,522478127839,411223377509,1426381975011,1684820157662,1448724302057,1445931732682,1774458655487,1226023213865,1876765926573,2233957668774,2237387620060,1460793681108,932069709906,912579869252,912816017529,1045181415419
226,국내증권사,10129,한국투자증권,B,SF018,유가증권 보유현황(기타포괄손익-공정가치측정증권),A6,집합투자증권,165257839693,160064128019,155317053825,162783418893,156111806784,146687362627,192784987799,213131254325,203217266669,252731865404,290431263372,287500724315,281892580865,282869680710,296502708775,315062907187,347812878929,316977490805,447588350371,512014572342,394281047780,398890658231,457601561117,557282261340,430760707855,458145328231,634112060850,0,0,0,0,0,0,0,0,0,0,0,0,0,0,0,0,0,0,0,0,0,0,0,0,0,0,0,0,0
227,국내증권사,10129,한국투자증권,B,SF018,유가증권 보유현황(기타포괄손익-공정가치측정증권),A7,기업어음증권,0,0,0,0,0,0,0,0,0,0,0,0,0,0, ,0,0,0,0,0,0,0,0,0,0,0,0,0,0,0,0,0,0,0,0,0,0,0,0,0,0,0,0,0,0,0,0,0,0,0,0,0,0,0,0,0
228,국내증권사,10129,한국투자증권,B,SF018,유가증권 보유현황(기타포괄손익-공정가치측정증권),A8,외화증권,217525218320,237441488550,232763849860,233331149160,237765642840,231475544636,0,0,0,0,0,0,0,0,0,0,0,0,29066877108,23003644302,22955635952,20389457725,21921114126,20441738948,21203156015,11967206020,12934308953,0,0,0,0,0,0,0,0,58557157555,0,0,0,0,0,0,0,0,0,0,0,0,0,0,0,0,0,0,0,0
229,국내증권사,10129,한국투자증권,B,SF018,유가증권 보유현황(기타포괄손익-공정가치측정증권),A9,기타,0,0,0,0,0,0,0,0,0,0,0,0,0,0, ,0,0,0,0,0,0,0,0,0,0,0,0,0,0,0,0,0,0,0,0,0,0,0,0,0,0,0,0,0,0,0,0,0,0,0,0,0,0,0,0,0
230,국내증권사,10130,하나증권주식회사,B,SF018,유가증권 보유현황(기타포괄손익-공정가치측정증권),A,기타포괄손익-공정가치측정증권,176977320445,170740559506,151711191207,153249493126,166629571276,155047246297,152894362948,157800737640,151802265290,306237666839,399670174566,306363477933,357438111889,389483430365,451442821145,506936757559,696292983009,629261337192,658154226229,561573075881,606815222404,615575827632,804274888667,722788256841,822817626641,1147908755153,950276637370,723323561060,766415619101,854646620783,949018876191,794952316883,855337667645,1194260720319,1242348954409,1771384294092,2104644888939,1510060689428,1828196216120,1955147205167,1947020266679,2635137452887,2899123276000,3053246535956,2975123216955,2920065018428,2804352808703,3102168906340,3453109238073,3815863065505,3992429993627,4092421784254,4054876496057,3764991658619,4383932033053,4455576392767
231,국내증권사,10130,하나증권주식회사,B,SF018,유가증권 보유현황(기타포괄손익-공정가치측정증권),A1,주식,147788396101,143253359575,125299945643,136118025722,151052195587,139328955080,132716665900,137282493148,128753052317,128848687835,126120912389,125405797637,122446322663,138809956252,128399992926,126468106141,127631358529,130721703578,129225607108,123385080495,125259271415,133363027394,143316187137,142744959077,140788601642,140574909076,153968900436,118482189158,118630684290,120101612752,123311748889,122285611104,131823206640,133281508301,131125642311,130623925573,144456072330,146235451481,163730794123,168664814365,175817345131,180005262648,179796730746,178247912824,220445681290,220416427081,197152099192,196446426068,209702541194,202392124645,205345131702,208716084936,204466410642,197466174541,199060517606,196200457589
232,국내증권사,10130,하나증권주식회사,B,SF018,유가증권 보유현황(기타포괄손익-공정가치측정증권),A2,출자금,8867493381,8597021267,15896169681,8516004657,6320291408,6737291412,11872854961,12002014286,14341691625,16577049554,16651272439,16764325663,14650641177,15986591592,13821063194,17055198533,20600009159,25516989592,27033775625,27087086719,30628189766,31417053546,32511504267,32842321617,37458379935,36931000228,44023851856,125000000,125000000,125000000,125000000,125000000,125000000,125000000,125000000,125000000,125000000,125000000,125000000,125000000,125000000,125000000,125000000,125000000,125000000,125000000,125000000,125000000,125000000,125000000,125000000,125000000,125000000,125000000,125000000,125000000
233,국내증권사,10130,하나증권주식회사,B,SF018,유가증권 보유현황(기타포괄손익-공정가치측정증권),A3,국채·지방채, , , , , , , , , , , , , , , , ,20386945704,51525294423,51242496450, ,37377465574, ,0,0,0,0,0,0,0,0, ,0,0,0,100600062300,137781748965,393922617929,19928366995,237832966173,235735081120,231419260152,652004208467,778966513242,783733537997,763062216990,752051815053,767218901319,782477409997,778440296990,768521852014,490838407306,606627377600,582723722649,595639755007,291083273266,299789673653
234,국내증권사,10130,하나증권주식회사,B,SF018,유가증권 보유현황(기타포괄손익-공정가치측정증권),A4,특수채, , , , , , , , , ,10028694832,40091092846,10008207826,40113619783, , ,76593337401,200326473374,129067786798,108781294773,93801801822,51229232292,39437878252,96927606477,166722404679,149755128285,149540367472,188868662309,169748133421,139719249778,129849933318,90358001199,60433616788,80583036579,150731273700,160681682483,191299614617,182060884714,171205691111,170842478240,150660646252,149989092699,219071887963,258152691744,375185138877,340356299176,339174720348,262669243848,416337061082,476162793373,536200602188,834661089616,774475674666,815362585155,616381746691,624895742302,716361598965
235,국내증권사,10130,하나증권주식회사,B,SF018,유가증권 보유현황(기타포괄손익-공정가치측정증권),A5,회사채, , , , , , , , , ,144173058150,205366381929,142702262662,173026562448,226399084219,298242288799,255754844559,245745202826,206621680764,225186425194,238152654504,251061891696,251167233971,283542978973,241469888617,280643533875,328832658178,337570633647,408769804624,480438917342,582775975875,673825901920,595219023844,625359711426,796283611840,696395580442,727197619726,750267392291,819339857505,777084079635,936049999320,950695500916,1096363195521,1199898169672,1247597113565,1168454087875,1103238120150,1126219323307,1235468351499,1383013957627,1660206471000,1755253715660,1696995721360,1673871518989,1497677526682,2102171561957,1967137536003
236,국내증권사,10130,하나증권주식회사,B,SF018,유가증권 보유현황(기타포괄손익-공정가치측정증권),A6,집합투자증권,12959292977,12555951579,1934756194,1937209866,2689588047,2691960280,2232356035,2232415608,2220164386,2220187889,7134811313,7134834591,7134858051,8221680346,10920597099,13841245440,18627702954,19582309748,40004261509,39344456530,67105312735,135595933930,195142156287,91305557623,169328763938,460802677637,195002178912,0,0,0,0,0,0,0,0,0,0,0,0,0,0,0,0,0,0,0,0,0,0,0,0,0,0,0,0,0
237,국내증권사,10130,하나증권주식회사,B,SF018,유가증권 보유현황(기타포괄손익-공정가치측정증권),A7,기업어음증권, , , , , , , , , , , , , , , , , , , , , , ,0,0,0,0,0,0,0,0, ,0,0,0, , , , , , , , , , , , , , , , , , , , , , 
238,국내증권사,10130,하나증권주식회사,B,SF018,유가증권 보유현황(기타포괄손익-공정가치측정증권),A8,외화증권,6062127986,5034217085,7280309689,5378242881,5267486234,4989029525,4772476052,4983804598,5187346962,4389978579,4305693650,4348039554,66107767,66117956,58879127,17224025485,62975290463,66225572289,76680365570,39801995811,44153858926,24594700539,52834455526,47703125228,44843218966,31227142562,30842410210,26198433857,27501767691,21794098838,61398224183,16889065147,17446713000,113839326478,153420986873,584356385211,633812921675,353226322336,478580897949,463911664110,438974067781,487567898288,482184170596,468357832693,482679931624,505058935796,450968241037,471314657694,605664648889,648417015658,706206649343,805481925692,778327258622,857701455698,1166595937922,1275962126557
239,국내증권사,10130,하나증권주식회사,B,SF018,유가증권 보유현황(기타포괄손익-공정가치측정증권),A9,기타,1300010000,1300010000,1300010000,1300010000,1300010000,1300010000,1300010000,1300010000,1300010000,10000,10000,10000, , , , , , , , , , ,0,0,0,0,0,0,0,0, ,0,0,0, , , , , , , , , , , , , , , , , , , , , , 
240,국내증권사,10132,리딩투자증권주식회사,B,SF018,유가증권 보유현황(기타포괄손익-공정가치측정증권),A,기타포괄손익-공정가치측정증권,91674122474,91765860082,83123587110,82452514626,52163138350,46540276962,42626062015,36571469586,40755793460,40198267699,23512205332,23664082890,22754636500,24152088800,27413056448,32236564900,31914288200,30415268550,29641171500,31682937400,35276896750,36177097250,34047926700,34476736700,43977802400,18162579400,16553365850,1280047500,0,0,0,0,2155770000,0,0,0,0,0,0,0,0,0,0,0,0,66148605431,66987480000,5047220000,54013845318,93645430440,110175502568,0,422162559886,330614076716,402800118645,0
241,국내증권사,10132,리딩투자증권주식회사,B,SF018,유가증권 보유현황(기타포괄손익-공정가치측정증권),A1,주식,39909267000,37749101500,40574987000,41087308650,39516248080,37079092930,34077997050,28685031801,31596119143,31043076725,22495082750,22661253850,22054636500,23452088800,26713056448,31536564900,31214288200,29715268550,28121624000,30982937400,34576896750,35477097250,33347926700,33776736700,43277802400,17462579400,16353365850,1080047500,0,0,0,0,0,0,0, ,0,0,0, , ,0,0,0,0,0,0,0,0,0,0,0,0,0,0,0
242,국내증권사,10132,리딩투자증권주식회사,B,SF018,유가증권 보유현황(기타포괄손익-공정가치측정증권),A2,출자금,5401937755,4587454548,3216721350,3727620995,4089457655,948362172,0,0,8500000000,8500000000,500000000,500000000,500000000,500000000,500000000,500000000,500000000,500000000,1319547500,500000000,500000000,500000000,500000000,500000000,500000000,500000000,0,0,0,0,0,0,2155770000,0,0, ,0,0,0, , ,0,0,0,0,0,0,0,0,0,0,0,0,0,0,0
243,국내증권사,10132,리딩투자증권주식회사,B,SF018,유가증권 보유현황(기타포괄손익-공정가치측정증권),A3,국채·지방채,62278592,63108004,63840407,64380849,65068580,65834506,57339515,42565564,15040633,8776223,8875550,0,0,0,0,0,0,0,0,0,0,0,0,0,0,0,0,0,0,0,0,0,0,0,0, ,0,0,0, , ,0,0,0,0,66148605431,66987480000,5047220000,54013845318,93645430440,110175502568,0,182783252465,40462945803,50636199990,0
244,국내증권사,10132,리딩투자증권주식회사,B,SF018,유가증권 보유현황(기타포괄손익-공정가치측정증권),A4,특수채, , ,0,0,0,0,0,0,0,0,0,0,0,0,0,0,0,0,0,0,0,0,0,0,0,0,0,0,0,0,0,0,0,0,0, ,0,0,0, , ,0,0,0,0,0,0,0,0,0,0,0,159811192376,170405775680,141064790062,0
245,국내증권사,10132,리딩투자증권주식회사,B,SF018,유가증권 보유현황(기타포괄손익-공정가치측정증권),A5,회사채,30517835106,33232791242,32239997765,30548404091,1270874987,1228809299,1276069728,632527492,444633684,446414751,308247032,302829040,0,0,0,0,0,0,0,0,0,0,0,0,0,0,0,0,0,0,0,0,0,0,0, ,0,0,0, , ,0,0,0,0,0,0,0,0,0,0,0,79568115045,119745355233,211099128593,0
246,국내증권사,10132,리딩투자증권주식회사,B,SF018,유가증권 보유현황(기타포괄손익-공정가치측정증권),A6,집합투자증권,7034521680,7031281134,7028040588,7024800041,7021489048,7018178055,7014655722,7011344729,0,0,0,0,0,0,0,0,0,0,0,0,0,0,0,0,0,0,0,0,0,0,0,0,0,0,0,0,0,0,0,0,0,0,0,0,0,0,0,0,0,0,0,0,0,0,0,0
247,국내증권사,10132,리딩투자증권주식회사,B,SF018,유가증권 보유현황(기타포괄손익-공정가치측정증권),A7,기업어음증권, , ,0,0,0,0,0,0,0,0,0,0,0,0,0,0,0,0,0,0,0,0,0,0,0,0,0,0,0,0,0,0,0,0,0, ,0,0,0, , ,0,0,0,0,0,0,0,0,0,0,0,0,0,0,0
248,국내증권사,10132,리딩투자증권주식회사,B,SF018,유가증권 보유현황(기타포괄손익-공정가치측정증권),A8,외화증권,8748282341,9102123654,0,0,0,0,0,0,0,0,0,0,0,0,0,0,0,0,0,0,0,0,0,0,0,0,0,0,0,0,0,0,0,0,0,0,0,0,0,0,0,0,0,0,0,0,0,0,0,0,0,0,0,0,0,0
249,국내증권사,10132,리딩투자증권주식회사,B,SF018,유가증권 보유현황(기타포괄손익-공정가치측정증권),A9,기타, , ,0,0,200000000,200000000,200000000,200000000,200000000,200000000,200000000,200000000,200000000,200000000,200000000,200000000,200000000,200000000,200000000,200000000,200000000,200000000,200000000,200000000,200000000,200000000,200000000,200000000,0,0,0,0,0,0,0, ,0,0,0, , ,0,0,0,0,0,0,0,0,0,0,0,0,0,0,0
250,국내증권사,10136,키움증권(주),B,SF018,유가증권 보유현황(기타포괄손익-공정가치측정증권),A,기타포괄손익-공정가치측정증권,9966694223,11603087543,10333388313,15916253591,13932816621,15558260141,11729755371,13197135606,11900428461,13804844391,17676576761,20200938581,19163014461,20264983847,16346758404,24054641215,28013324354,36975239980,45270469238,57115377804,41849907664,47148963490,431069145960,433647472981,683720301257,677603624398,621528741959,432327442771,506620188015,542641098008,514540286992,465691112146,475044909003,432616816847,428623602391,303971727542,335591645469,328688880105,366491329599,387394221222,425495819673,435749708724,463280516335,538022800263,457013072034,420169531949,448666058093,443198335948,422075732508,410062457939,426573930361,460156396368,470031781696,492729443194,494014860314,524420932683
251,국내증권사,10136,키움증권(주),B,SF018,유가증권 보유현황(기타포괄손익-공정가치측정증권),A1,주식,3093929223,4693222543,6383388313,11713299621,9982816621,12858260141,9029755371,11497135606,10010956241,11897174051,15692453401,17951900281,16386885581,16628686971,12295876501,19661609691,23442594791,31945345631,38817162631,30618341618,30072199763,24783420423,371815846848,377046225148,523691310698,503997379023,461635175563,431127442771,475369114971,491144413961,462960236700,413940115800,423209129000,381000052800,350179432217,252802763289,284319803292,277220553496,314893097785,333154149275,373908295105,384240660303,409277160646,483954999750,403097399315,365850087019,394798424938,389086146044,398014443160,405937517939,422569485361,456027106368,465810271696,488659313194,489617610314,519937912863
252,국내증권사,10136,키움증권(주),B,SF018,유가증권 보유현황(기타포괄손익-공정가치측정증권),A2,출자금,0,0,0,0,0,0,0,0,0,0,0,300000000,550000000,550000000,950000000,1345000000,1545000000,1843000000,1835000000,1760000000,6985000000,8215000000,15073451401,15173451401,30897333567,69914738147,77488179865,0,0,0,0,0,0,0, ,0,0,0,0,2465362500,0,0,0,0,0,0,0,0,0,0,0,0,0,0,0,0
253,국내증권사,10136,키움증권(주),B,SF018,유가증권 보유현황(기타포괄손익-공정가치측정증권),A3,국채·지방채,0,0,0,0,0,0,0,0,0,0,0,0,0,0,0,0,0, ,0, ,0, , , , , ,0,0,0,0,0,0,0,0, ,0,0,0,0,0,0,0,0,0,0,0,0,0,0,0,0,0,0,0,0,0
254,국내증권사,10136,키움증권(주),B,SF018,유가증권 보유현황(기타포괄손익-공정가치측정증권),A4,특수채,0,0,0,0,0,0,0,0,0,0,0,0,0,0,0,0,0, ,0, ,0, , , , , ,0,0,0,0,0,0,0,0, ,0,0,0,0,0,0,0,0,0,0,0,0,0,0,0,0,0,0,0,0,0
255,국내증권사,10136,키움증권(주),B,SF018,유가증권 보유현황(기타포괄손익-공정가치측정증권),A5,회사채,0,0,0,0,0,0,0,0,0,0,0,0,0,0,0,0,0, ,0, ,0, , , , , ,0,0,30051073044,50296684047,50380050292,50550996346,50635780003,50416764047,77244170174,49968964253,50071842177,50268326609,50398231814,50574709447,50387524568,50309048421,50224893189,50234310513,49903615219,49998754930,49911255655,50076424904,20005949348,0,0,0,0,0,0,0
256,국내증권사,10136,키움증권(주),B,SF018,유가증권 보유현황(기타포괄손익-공정가치측정증권),A6,집합투자증권,3922765000,3959865000,0,0,0,0,0,0,0,0,0,0,10000000,1009998536,1010119183,1010271474,1010260713,1010226379,1010004327,21016874136,1016731662,10616972178,19049904062,14202064073,101441712111,60587120603,41532582434,0,0,0,0,0,0,0,0,0,0,0,0,0,0,0,0,0,0,0,0,0,0,0,0,0,0,0,0,0
257,국내증권사,10136,키움증권(주),B,SF018,유가증권 보유현황(기타포괄손익-공정가치측정증권),A7,기업어음증권,0,0,0,0,0,0,0,0,0,0,0,0,0,0,0,0,0, ,0, ,0, , , , , ,0,0,0,0,0,0,0,0, ,0,0,0,0,0,0,0,0,0,0,0,0,0,0,0,0,0,0,0,0,0
258,국내증권사,10136,키움증권(주),B,SF018,유가증권 보유현황(기타포괄손익-공정가치측정증권),A8,외화증권,0,0,1000000000,1000000000,1000000000,1000000000,1000000000,0,0,0,0,0,0,0,0,0,0,0,1669392000,1669392000,1553504199,1553504199,22980331479,25157082219,25613478771,41045915175,38849334747,0,0,0,0,0,0,0,0,0,0,0,0,0,0,0,2578462500,2633490000,2812057500,3120690000,2756377500,2835765000,2855340000,2924940000,2804445000,2929290000,3021510000,2870130000,3197250000,3283019820
259,국내증권사,10136,키움증권(주),B,SF018,유가증권 보유현황(기타포괄손익-공정가치측정증권),A9,기타,2950000000,2950000000,2950000000,3202953970,2950000000,1700000000,1700000000,1700000000,1889472220,1907670340,1984123360,1949038300,2216128880,2076298340,2090762720,2037760050,2015468850,2176667970,1938910280,2050770050,2222472040,1980066690,2149612170,2068650140,2076466110,2058471450,2023469350,1200000000,1200000000,1200000000,1200000000,1200000000,1200000000,1200000000,1200000000,1200000000,1200000000,1200000000,1200000000,1200000000,1200000000,1200000000,1200000000,1200000000,1200000000,1200000000,1200000000,1200000000,1200000000,1200000000,1200000000,1200000000,1200000000,1200000000,1200000000,1200000000
260,국내증권사,10137,LS증권,B,SF018,유가증권 보유현황(기타포괄손익-공정가치측정증권),A,기타포괄손익-공정가치측정증권,10350318199,9711320492,8066158742,8382309770,8748398418,8962139768,8307105055,8178388086,8354896745,8258091248,8459025865,8459025865,8497510077,8497510077,7388305407,7549219091,7364470640,11486867611,11477936069,12015284703,12631602223,14396110427,13451749058,13477591193,15027839837,14199734088,15338271689,1200000000,1200000000,1200000000,1200000000,1200000000,1200000000,1200000000,1200000000,1200000000,0,0,0,0,0,0,0,0,0,0,0,0,0,0,0,0,0,0,0,0
261,국내증권사,10137,LS증권,B,SF018,유가증권 보유현황(기타포괄손익-공정가치측정증권),A1,주식,6964102748,6314505041,5630439601,5696590629,5615279915,5527819763,5579782590,5558562399,5535086922,5432471409,5632371759,5632371759,5632371759,5632371759,4468342082,4629255766,4475465295,5597862266,5588930724,6126279358,6742596878,8454516574,7473213433,7199055568,8443904212,7928881330,8843092659,0, , ,0, , , , , , , , , , , ,0, , , ,0, , ,0,0,0,0,0,0,0
262,국내증권사,10137,LS증권,B,SF018,유가증권 보유현황(기타포괄손익-공정가치측정증권),A2,출자금,2265425451,2265425451,2435719141,2685719141,2781047936,2662009833,2727322465,2619825687,2819809823,2825619839,2826654106,2826654106,2865138318,2865138318,2919963325,2919963325,2889005345,5889005345,5889005345,5889005345,5889005345,5941593853,5978535625,6278535625,6583935625,6270852758,6495179030,1200000000,1200000000,1200000000,1200000000,1200000000,1200000000,1200000000,1200000000,1200000000, , , , , , ,0, , , ,0, , ,0,0,0,0,0,0,0
263,국내증권사,10137,LS증권,B,SF018,유가증권 보유현황(기타포괄손익-공정가치측정증권),A3,국채·지방채,0, , , , , , , , , , , , , , , , , , , , , ,0, , , ,0,0, , ,0, , , , , , , , , , , ,0, , , ,0, , ,0,0,0,0,0,0,0
264,국내증권사,10137,LS증권,B,SF018,유가증권 보유현황(기타포괄손익-공정가치측정증권),A4,특수채,0, , , , , , , , , , , , , , , , , , , , , ,0, , , ,0,0, , ,0, , , , , , , , , , , ,0, , , ,0, , ,0,0,0,0,0,0,0
265,국내증권사,10137,LS증권,B,SF018,유가증권 보유현황(기타포괄손익-공정가치측정증권),A5,회사채,0, , , , , , , , , , , , , , , , , , , , , ,0, , , ,0,0, , ,0, , , , , , , , , , , ,0, , , ,0, , ,0,0,0,0,0,0,0
266,국내증권사,10137,LS증권,B,SF018,유가증권 보유현황(기타포괄손익-공정가치측정증권),A6,집합투자증권,1120790000,1131390000,0,0,0,0,0,0,0,0,0,0,0,0,0,0,0,0,0,0,0,0,0,0,0,0,0,0,0,0,0,0,0,0,0,0,0,0,0,0,0,0,0,0,0,0,0,0,0,0,0,0,0,0,0,0
267,국내증권사,10137,LS증권,B,SF018,유가증권 보유현황(기타포괄손익-공정가치측정증권),A7,기업어음증권, , , , , , , , , , , , , , , , , , , , , , ,0, , , ,0,0, , ,0, , , , , , , , , , , ,0, , , ,0, , ,0,0,0,0,0,0,0
268,국내증권사,10137,LS증권,B,SF018,유가증권 보유현황(기타포괄손익-공정가치측정증권),A8,외화증권,0,0,0,0,0,0,0,0,0,0,0,0,0,0,0,0,0,0,0,0,0,0,0,0,0,0,0,0,0,0,0,0,0,0,0,0,0,0,0,0,0,0,0,0,0,0,0,0,0,0,0,0,0,0,0,0
269,국내증권사,10137,LS증권,B,SF018,유가증권 보유현황(기타포괄손익-공정가치측정증권),A9,기타,0, , , ,352070567,772310172, , , , , , , , , , , , , , , , ,0, , , ,0,0, , ,0, , , , , , , , , , , ,0, , , ,0, , ,0,0,0,0,0,0,0
270,국내증권사,10138,코리아에셋투자증권,B,SF018,유가증권 보유현황(기타포괄손익-공정가치측정증권),A,기타포괄손익-공정가치측정증권,562956000,356990650,362088100,260966050,282655200,332804900,319037000,243638680,163115000,473570100,2993367762,1310722623,2043370723,3964740123,3884317766,15301276786,15388935445,15214862295,14221861343,11465054432,12170629662,6516662854,6274819380,4820548909,4772733709,4481893575,5921544883,4312737380,0,4945300229,4945300229,3326492595,3326492595,3540649193,3537636535,2513714945,2460466792,3553068302,3067058222,2097688942,919639342,138439342,138439342,538439342,538439342,538439342,3493312298,3491312298,3491312298,3491312298,3491312298,3041345298,3039326858,3012480956,3012480956,3012480956
271,국내증권사,10138,코리아에셋투자증권,B,SF018,유가증권 보유현황(기타포괄손익-공정가치측정증권),A1,주식,562956000,356990650,362088100,260966050,282655200,332804900,319037000,243638680,163115000,163115000,163115000,1205752500,1938400600,3049770000,2719347643,3678895297,6266553956,14712332172,13819331220,10667494432,10869370712,4997104854,4643761380,4444050909,4396235709,3960395575,5405044883,3923737380,0,4945300229,4945300229,3326492595,3326492595,3540649193,3537636535,2513714945,2460466792,3553068302,3067058222,2097688942,919639342,138439342,138439342,538439342,538439342,538439342,3493312298,3491312298,3491312298,3491312298,3491312298,3041345298,3039326858,3012480956,3012480956,3012480956
272,국내증권사,10138,코리아에셋투자증권,B,SF018,유가증권 보유현황(기타포괄손익-공정가치측정증권),A2,출자금,0,0,0,0,0,0,0,0,0,0,0,0,0,0,250000000,250000000,250000000,250000000,250000000,250000000,250000000,260000000,371500000,371500000,371500000,516500000,516500000,389000000,0,0,0,0, , ,0,0,0,0,0, ,0,0,0, ,0,0,0, ,0,0,0,0,0,0,0,0
273,국내증권사,10138,코리아에셋투자증권,B,SF018,유가증권 보유현황(기타포괄손익-공정가치측정증권),A3,국채·지방채,0,0,0,0,0,0,0,0,0,0,0,0,0,0,0,0,0,0,0,0, , , , ,0,0,0,0,0,0,0,0, , ,0,0,0,0,0, ,0,0,0, ,0,0,0, ,0,0,0,0,0,0,0,0
274,국내증권사,10138,코리아에셋투자증권,B,SF018,유가증권 보유현황(기타포괄손익-공정가치측정증권),A4,특수채,0,0,0,0,0,0,0,0,0,0,0,0,0,0,0,0,0,0,0,0, , , , ,0,0,0,0,0,0,0,0, , ,0,0,0,0,0, ,0,0,0, ,0,0,0, ,0,0,0,0,0,0,0,0
275,국내증권사,10138,코리아에셋투자증권,B,SF018,유가증권 보유현황(기타포괄손익-공정가치측정증권),A5,회사채,0,0,0,0,0,0,0,0,0,310455100,2725282639,0,0,0,0,0,0,0,0,500000000,506998000,1211998000,1211998000,4998000,4998000,4998000,0,0,0,0,0,0, , ,0,0,0,0,0, ,0,0,0, ,0,0,0, ,0,0,0,0,0,0,0,0
276,국내증권사,10138,코리아에셋투자증권,B,SF018,유가증권 보유현황(기타포괄손익-공정가치측정증권),A6,집합투자증권,0,0,0,0,0,0,0,0,0,0,104970123,104970123,104970123,104970123,104970123,2704970123,204970123,252530123,152530123,47560000,47560000,47560000,47560000,0,0,0,0,0,0,0,0,0,0,0,0,0,0,0,0,0,0,0,0,0,0,0,0,0,0,0,0,0,0,0,0,0
277,국내증권사,10138,코리아에셋투자증권,B,SF018,유가증권 보유현황(기타포괄손익-공정가치측정증권),A7,기업어음증권,0,0,0,0,0,0,0,0,0,0,0,0,0,0,0,0,0,0,0,0, , , , ,0,0,0,0,0,0,0,0, , ,0,0,0,0,0, ,0,0,0, ,0,0,0, ,0,0,0,0,0,0,0,0
278,국내증권사,10138,코리아에셋투자증권,B,SF018,유가증권 보유현황(기타포괄손익-공정가치측정증권),A8,외화증권,0,0,0,0,0,0,0,0,0,0,0,0,0,0,0,0,0,0,0,0,0,0,0,0,0,0,0,0,0,0,0,0,0,0,0,0,0,0,0,0,0,0,0,0,0,0,0,0,0,0,0,0,0,0,0,0
279,국내증권사,10138,코리아에셋투자증권,B,SF018,유가증권 보유현황(기타포괄손익-공정가치측정증권),A9,기타,0,0,0,0,0,0,0,0,0,0,0,0,0,810000000,810000000,8667411366,8667411366,0,0,0,496700950, , , ,0,0,0,0,0,0,0,0, , ,0,0,0,0,0, ,0,0,0, ,0,0,0, ,0,0,0,0,0,0,0,0
280,국내증권사,10139,흥국증권주식회사,B,SF018,유가증권 보유현황(기타포괄손익-공정가치측정증권),A,기타포괄손익-공정가치측정증권,0,0,0,0,0,0,0,0,0,0,0,0,0,0,10000000,10000000,10000000,10000000,10000000,10000000,10000000,60000000,8216704,8216704,8216704,8216704,8216704,0,0,0,0,0,0,0,0,0,0,0,0,0,0,0,0,0,0,0,0,0,0,0,0,0,0,0,0,0
281,국내증권사,10139,흥국증권주식회사,B,SF018,유가증권 보유현황(기타포괄손익-공정가치측정증권),A1,주식,0,0,0,0,0,0,0,0,0,0,0,0,0,0,0,0,0,0,0,0,0,0,0,0,0,0,0,0,0,0,0, ,0,0,0,0,0,0,0,0, , , , , , , , , , , , , , , , 
282,국내증권사,10139,흥국증권주식회사,B,SF018,유가증권 보유현황(기타포괄손익-공정가치측정증권),A2,출자금,0,0,0,0,0,0,0,0,0,0,0,0,0,0,0,0,0,0,0,0,0,0,0,0,0,0,0,0,0,0,0, ,0,0,0,0,0,0,0,0, , , , , , , , , , , , , , , , 
283,국내증권사,10139,흥국증권주식회사,B,SF018,유가증권 보유현황(기타포괄손익-공정가치측정증권),A3,국채·지방채,0,0,0,0,0,0,0,0,0,0,0,0,0,0,0,0,0,0,0,0,0,0,0,0,0,0,0,0,0,0,0, ,0,0,0,0,0,0,0,0, , , , , , , , , , , , , , , , 
284,국내증권사,10139,흥국증권주식회사,B,SF018,유가증권 보유현황(기타포괄손익-공정가치측정증권),A4,특수채,0,0,0,0,0,0,0,0,0,0,0,0,0,0,0,0,0,0,0,0,0,0,0,0,0,0,0,0,0,0,0, ,0,0,0,0,0,0,0,0, , , , , , , , , , , , , , , , 
285,국내증권사,10139,흥국증권주식회사,B,SF018,유가증권 보유현황(기타포괄손익-공정가치측정증권),A5,회사채,0,0,0,0,0,0,0,0,0,0,0,0,0,0,0,0,0,0,0,0,0,0,0,0,0,0,0,0,0,0,0, ,0,0,0,0,0,0,0,0, , , , , , , , , , , , , , , , 
286,국내증권사,10139,흥국증권주식회사,B,SF018,유가증권 보유현황(기타포괄손익-공정가치측정증권),A6,집합투자증권,0,0,0,0,0,0,0,0,0,0,0,0,0,0,10000000,10000000,10000000,10000000,10000000,10000000,10000000,60000000,8216704,8216704,8216704,8216704,8216704,0,0,0,0,0,0,0,0,0,0,0,0,0,0,0,0,0,0,0,0,0,0,0,0,0,0,0,0,0
287,국내증권사,10139,흥국증권주식회사,B,SF018,유가증권 보유현황(기타포괄손익-공정가치측정증권),A7,기업어음증권,0,0,0,0,0,0,0,0,0,0,0,0,0,0,0,0,0,0,0,0,0,0,0,0,0,0,0,0,0,0,0, ,0,0,0,0,0,0,0,0, , , , , , , , , , , , , , , , 
288,국내증권사,10139,흥국증권주식회사,B,SF018,유가증권 보유현황(기타포괄손익-공정가치측정증권),A8,외화증권,0,0,0,0,0,0,0,0,0,0,0,0,0,0,0,0,0,0,0,0,0,0,0,0,0,0,0,0,0,0,0,0,0,0,0,0,0,0,0,0,0,0,0,0,0,0,0,0,0,0,0,0,0,0,0,0
289,국내증권사,10139,흥국증권주식회사,B,SF018,유가증권 보유현황(기타포괄손익-공정가치측정증권),A9,기타,0,0,0,0,0,0,0,0,0,0,0,0,0,0,0,0,0,0,0,0,0,0,0,0,0,0,0,0,0,0,0, ,0,0,0,0,0,0,0,0, , , , , , , , , , , , , , , , 
290,국내증권사,10169,도이치증권,B,SF018,유가증권 보유현황(기타포괄손익-공정가치측정증권),A,기타포괄손익-공정가치측정증권,2320790000,2331390000,1200000000,1847687530,1519326040,2029103260,1719789130,1891282480,1913202570,2293846930,1733266030,1922354860,2452509310,1499516170,1793891220,2310539840,1807816040,2076754130,2184004700,2350197810,2115391190,1798749260,1746857170,2344545330,2149809250,2337926930,1200002000,1200002000,1200002000,1200002000,1200002000,1200002000,1200002000,1200002000,1200002000,1200002000,1200002000,1200002000,1200002000,1200002000,1200002000,1200002000,1200002000,1200002000,1200002000,1200002000,1200002000,1200002000,1200002000,1200002000,1200002000,1200002000,1200002000,1200002000,1200002000,1200002000
291,국내증권사,10169,도이치증권,B,SF018,유가증권 보유현황(기타포괄손익-공정가치측정증권),A1,주식,0,0,0, ,0,0,0,0,0,0,0,0,0,1000,1000,1000,1000,1000,2000,2000,3000,3000,3000,2000,2000,2000,2000,2000,2000,2000,2000,2000,2000,2000,2000,2000,2000,2000,2000,2000,2000,2000,2000,2000,2000,2000,2000,2000,2000,2000,2000,2000,2000,2000,2000,2000
292,국내증권사,10169,도이치증권,B,SF018,유가증권 보유현황(기타포괄손익-공정가치측정증권),A2,출자금,0,0,0, ,0,0,0,0,0,0,0,0,0,0,0,0,0,0,0,0,0,0,0,0,0,0,0,0,0,0,0,0,0,0,0,0,0,0,0,0,0,0,0,0,0,0,0,0,0,0,0,0,0,0,0,0
293,국내증권사,10169,도이치증권,B,SF018,유가증권 보유현황(기타포괄손익-공정가치측정증권),A3,국채·지방채,0,0,0, ,0,0,0,0,0,0,0,0,0,0,0,0,0,0,0,0,0,0,0,0,0,0,0,0,0,0,0,0,0,0,0,0,0,0,0,0,0,0,0,0,0,0,0,0,0,0,0,0,0,0,0,0
294,국내증권사,10169,도이치증권,B,SF018,유가증권 보유현황(기타포괄손익-공정가치측정증권),A4,특수채,0,0,0, ,0,0,0,0,0,0,0,0,0,0,0,0,0,0,0,0,0,0,0,0,0,0,0,0,0,0,0,0,0,0,0,0,0,0,0,0,0,0,0,0,0,0,0,0,0,0,0,0,0,0,0,0
295,국내증권사,10169,도이치증권,B,SF018,유가증권 보유현황(기타포괄손익-공정가치측정증권),A5,회사채,0,0,0, ,0,0,0,0,0,0,0,0,0,0,0,0,0,0,0,0,0,0,0,0,0,0,0,0,0,0,0,0,0,0,0,0,0,0,0,0,0,0,0,0,0,0,0,0,0,0,0,0,0,0,0,0
296,국내증권사,10169,도이치증권,B,SF018,유가증권 보유현황(기타포괄손익-공정가치측정증권),A6,집합투자증권,1120790000,1131390000,0,0,0,0,0,0,0,0,0,0,0,0,0,0,0,0,0,0,0,0,0,0,0,0,0,0,0,0,0,0,0,0,0,0,0,0,0,0,0,0,0,0,0,0,0,0,0,0,0,0,0,0,0,0
297,국내증권사,10169,도이치증권,B,SF018,유가증권 보유현황(기타포괄손익-공정가치측정증권),A7,기업어음증권,0,0,0, ,0,0,0,0,0,0,0,0,0,0,0,0,0,0,0,0,0,0,0,0,0,0,0,0,0,0,0,0,0,0,0,0,0,0,0,0,0,0,0,0,0,0,0,0,0,0,0,0,0,0,0,0
298,국내증권사,10169,도이치증권,B,SF018,유가증권 보유현황(기타포괄손익-공정가치측정증권),A8,외화증권,0,0,0,0,0,0,0,0,0,0,0,0,0,0,0,0,0,0,0,0,0,0,0,0,0,0,0,0,0,0,0,0,0,0,0,0,0,0,0,0,0,0,0,0,0,0,0,0,0,0,0,0,0,0,0,0
299,국내증권사,10169,도이치증권,B,SF018,유가증권 보유현황(기타포괄손익-공정가치측정증권),A9,기타,1200000000,1200000000,1200000000,1847687530,1519326040,2029103260,1719789130,1891282480,1913202570,2293846930,1733266030,1922354860,2452509310,1499515170,1793890220,2310538840,1807815040,2076753130,2184002700,2350195810,2115388190,1798746260,1746854170,2344543330,2149807250,2337924930,1200000000,1200000000,1200000000,1200000000,1200000000,1200000000,1200000000,1200000000,1200000000,1200000000,1200000000,1200000000,1200000000,1200000000,1200000000,1200000000,1200000000,1200000000,1200000000,1200000000,1200000000,1200000000,1200000000,1200000000,1200000000,1200000000,1200000000,1200000000,1200000000,1200000000
300,국내증권사,10659,케이아이디비채권중개(주),B,SF018,유가증권 보유현황(기타포괄손익-공정가치측정증권),A,기타포괄손익-공정가치측정증권,1671368250,1919847250,1918911250,904746250,903761717,607888000,607888000,644176000,644176000,644176000,717424000,717424000,717424000,717424000,725968000,725968000,725968000,725968000,793264000,793264000,521632000,521632000,510640000,510640000,510640000,510640000,529408000,529408000,279408000,279408000,279408000,0,0,0,0,0,0,0,0,0,0,0,0,0,0,0,0,0,0,0,0,0,0,0,0,0
301,국내증권사,10659,케이아이디비채권중개(주),B,SF018,유가증권 보유현황(기타포괄손익-공정가치측정증권),A1,주식,1371000000,1371000000,1371000000,357888000,357888000,357888000,357888000,394176000,394176000,394176000,467424000,467424000,467424000,467424000,475968000,475968000,475968000,475968000,543264000,543264000,271632000,271632000,260640000,260640000,260640000,260640000,279408000,279408000,279408000,279408000,279408000, , , , , , , , , , , , , , , , , , , , , , , , , 
302,국내증권사,10659,케이아이디비채권중개(주),B,SF018,유가증권 보유현황(기타포괄손익-공정가치측정증권),A2,출자금,0,0,0,0,0,0,0,0,0,0,0,0,0,0,0,0,0,0,0,0,0,0, , , , , , , , , , , , , , , , , , , , , , , , , , , , , , , , , , 
303,국내증권사,10659,케이아이디비채권중개(주),B,SF018,유가증권 보유현황(기타포괄손익-공정가치측정증권),A3,국채·지방채,0,0,0,0,0,0,0,0,0,0,0,0,0,0,0,0,0,0,0,0,0,0, , , , , , , , , , , , , , , , , , , , , , , , , , , , , , , , , , 
304,국내증권사,10659,케이아이디비채권중개(주),B,SF018,유가증권 보유현황(기타포괄손익-공정가치측정증권),A4,특수채,0,0,0,0,0,0,0,0,0,0,0,0,0,0,0,0,0,0,0,0,0,0, , , , , , , , , , , , , , , , , , , , , , , , , , , , , , , , , , 
305,국내증권사,10659,케이아이디비채권중개(주),B,SF018,유가증권 보유현황(기타포괄손익-공정가치측정증권),A5,회사채,300368250,298847250,297911250,296858250,295873717,0,0,0,0,0,0,0,0,0,0,0,0,0,0,0,0,0, , , , , , , , , , , , , , , , , , , , , , , , , , , , , , , , , , 
306,국내증권사,10659,케이아이디비채권중개(주),B,SF018,유가증권 보유현황(기타포괄손익-공정가치측정증권),A6,집합투자증권,0,0,0,0,0,0,0,0,0,0,0,0,0,0,0,0,0,0,0,0,0,0,0,0,0,0,0,0,0,0,0,0,0,0,0,0,0,0,0,0,0,0,0,0,0,0,0,0,0,0,0,0,0,0,0,0
307,국내증권사,10659,케이아이디비채권중개(주),B,SF018,유가증권 보유현황(기타포괄손익-공정가치측정증권),A7,기업어음증권,0,0,0,0,0,0,0,0,0,0,0,0,0,0,0,0,0,0,0,0,0,0, , , , , , , , , , , , , , , , , , , , , , , , , , , , , , , , , , 
308,국내증권사,10659,케이아이디비채권중개(주),B,SF018,유가증권 보유현황(기타포괄손익-공정가치측정증권),A8,외화증권,0,0,0,0,0,0,0,0,0,0,0,0,0,0,0,0,0,0,0,0,0,0,0,0,0,0,0,0,0,0,0,0,0,0,0,0,0,0,0,0,0,0,0,0,0,0,0,0,0,0,0,0,0,0,0,0
309,국내증권사,10659,케이아이디비채권중개(주),B,SF018,유가증권 보유현황(기타포괄손익-공정가치측정증권),A9,기타,0,250000000,250000000,250000000,250000000,250000000,250000000,250000000,250000000,250000000,250000000,250000000,250000000,250000000,250000000,250000000,250000000,250000000,250000000,250000000,250000000,250000000,250000000,250000000,250000000,250000000,250000000,250000000, , , , , , , , , , , , , , , , , , , , , , , , , , , , 
310,국내증권사,10897,케이알투자증권주식회사,B,SF018,유가증권 보유현황(기타포괄손익-공정가치측정증권),A,기타포괄손익-공정가치측정증권,5610620029,6628957953,6500002738,5257664528,5295359386,4125840905,3107947348,2099899152,2077843248,2065903008,1936935000,1876589832,1787064864,1860369888,1911659256,1868728056,1892206056,1923223848,1913483832,1905259824,1936894752,1889818008,2042492088,2035569432,2026097736,2033167968,2038628280,1989539136,1999373064,2020100784,2068465464,2024273160,2197594464,2246388456,2229739200,2214136392,2537555904,2552461080,2734408872,2843051640,2966250768,3032002584,3033853992,2993954808,3868825584,3875345760,3333621096,3318984240,3622091928,3476233176,3514992000,3611868936,3522182976,3366637872,3380992992,3307137912
311,국내증권사,10897,케이알투자증권주식회사,B,SF018,유가증권 보유현황(기타포괄손익-공정가치측정증권),A1,주식,2015257608,2074529496,2004095496,2248548432,2272697232,2195394240,2155173072,2099899152,2077843248,2065903008,1936935000,1876589832,1787064864,1860369888,1911659256,1868728056,1892206056,1923223848,1913483832,1905259824,1936894752,1889818008,2042492088,2035569432,2026097736,2033167968,2038628280,1989539136,1999373064,2020100784,2068465464,2024273160,2197594464,2246388456,2229739200,2214136392,2537555904,2552461080,2734408872,2843051640,2966250768,3032002584,3033853992,2993954808,3868825584,3875345760,3333621096,3318984240,3622091928,3476233176,3514992000,3611868936,3522182976,3366637872,3380992992,3307137912
312,국내증권사,10897,케이알투자증권주식회사,B,SF018,유가증권 보유현황(기타포괄손익-공정가치측정증권),A2,출자금,0,0,0,0,0,0,0,0,0,0,0,0,0,0,0,0,0,0,0,0,0,0,0,0,0,0,0,0,0,0,0,0,0,0,0,0,0,0,0,0,0,0,0,0,0,0,0,0,0,0, , ,0,0, ,0
313,국내증권사,10897,케이알투자증권주식회사,B,SF018,유가증권 보유현황(기타포괄손익-공정가치측정증권),A3,국채·지방채,3004368841,3955991979,3968077615,3009116096,3022662154,1930446665,952774276,0,0,0,0,0,0,0,0,0,0,0,0,0,0,0,0,0,0,0,0,0,0,0,0,0,0,0,0,0,0,0,0,0,0,0,0,0,0,0,0,0,0,0, , ,0,0, ,0
314,국내증권사,10897,케이알투자증권주식회사,B,SF018,유가증권 보유현황(기타포괄손익-공정가치측정증권),A4,특수채,0,0,0,0,0,0,0,0,0,0,0,0,0,0,0,0,0,0,0,0,0,0,0,0,0,0,0,0,0,0,0,0,0,0,0,0,0,0,0,0,0,0,0,0,0,0,0,0,0,0, , ,0,0, ,0
315,국내증권사,10897,케이알투자증권주식회사,B,SF018,유가증권 보유현황(기타포괄손익-공정가치측정증권),A5,회사채,0,0,0,0,0,0,0,0,0,0,0,0,0,0,0,0,0,0,0,0,0,0,0,0,0,0,0,0,0,0,0,0,0,0,0,0,0,0,0,0,0,0,0,0,0,0,0,0,0,0, , ,0,0, ,0
316,국내증권사,10897,케이알투자증권주식회사,B,SF018,유가증권 보유현황(기타포괄손익-공정가치측정증권),A6,집합투자증권,590993580,598436478,527829627,0,0,0,0,0,0,0,0,0,0,0,0,0,0,0,0,0,0,0,0,0,0,0,0,0,0,0,0,0,0,0,0,0,0,0,0,0,0,0,0,0,0,0,0,0,0,0,0,0,0,0,0,0
317,국내증권사,10897,케이알투자증권주식회사,B,SF018,유가증권 보유현황(기타포괄손익-공정가치측정증권),A7,기업어음증권,0,0,0,0,0,0,0,0,0,0,0,0,0,0,0,0,0,0,0,0,0,0,0,0,0,0,0,0,0,0,0,0,0,0,0,0,0,0,0,0,0,0,0,0,0,0,0,0,0,0, , ,0,0, ,0
318,국내증권사,10897,케이알투자증권주식회사,B,SF018,유가증권 보유현황(기타포괄손익-공정가치측정증권),A8,외화증권,0,0,0,0,0,0,0,0,0,0,0,0,0,0,0,0,0,0,0,0,0,0,0,0,0,0,0,0,0,0,0,0,0,0,0,0,0,0,0,0,0,0,0,0,0,0,0,0,0,0,0,0,0,0,0,0
319,국내증권사,10897,케이알투자증권주식회사,B,SF018,유가증권 보유현황(기타포괄손익-공정가치측정증권),A9,기타,0,0,0,0,0,0,0,0,0,0,0,0,0,0,0,0,0,0,0,0,0,0,0,0,0,0,0,0,0,0,0,0,0,0,0,0,0,0,0,0,0,0,0,0,0,0,0,0,0,0, , ,0,0, ,0
320,국내증권사,10899,넥스트증권 주식회사,B,SF018,유가증권 보유현황(기타포괄손익-공정가치측정증권),A,기타포괄손익-공정가치측정증권,,,,,,,,,,,,,,,,,,,,,,,,,,,,,,,,,,,,,,,,,,,,,,,20002223538,19914400220,21733091534,20857917278,21090476000,21671752058,21133622928,20200329116,20286461976,19843320486
321,국내증권사,10899,넥스트증권 주식회사,B,SF018,유가증권 보유현황(기타포괄손익-공정가치측정증권),A1,주식,,,,,,,,,,,,,,,,,,,,,,,,,,,,,,,,,,,,,,,,,,,,,,,20002223538,19914400220,21733091534,20857917278,21090476000,21671752058,21133622928,20200329116,20286461976,19843320486
322,국내증권사,10899,넥스트증권 주식회사,B,SF018,유가증권 보유현황(기타포괄손익-공정가치측정증권),A2,출자금,,,,,,,,,,,,,,,,,,,,,,,,,,,,,,,,,,,,,,,,,,,,,,,0,0,0,0,0,0,0,0,0,0
323,국내증권사,10899,넥스트증권 주식회사,B,SF018,유가증권 보유현황(기타포괄손익-공정가치측정증권),A3,국채·지방채,,,,,,,,,,,,,,,,,,,,,,,,,,,,,,,,,,,,,,,,,,,,,,,0,0,0,0,0,0,0,0,0,0
324,국내증권사,10899,넥스트증권 주식회사,B,SF018,유가증권 보유현황(기타포괄손익-공정가치측정증권),A4,특수채,,,,,,,,,,,,,,,,,,,,,,,,,,,,,,,,,,,,,,,,,,,,,,,0,0,0,0,0,0,0,0,0,0
325,국내증권사,10899,넥스트증권 주식회사,B,SF018,유가증권 보유현황(기타포괄손익-공정가치측정증권),A5,회사채,,,,,,,,,,,,,,,,,,,,,,,,,,,,,,,,,,,,,,,,,,,,,,,0,0,0,0,0,0,0,0,0,0
326,국내증권사,10899,넥스트증권 주식회사,B,SF018,유가증권 보유현황(기타포괄손익-공정가치측정증권),A6,집합투자증권,,,,,,,,,,,,,,,,,,,,,,,,,,,,,,,,,,,,,,,,,,,,,,,0,0,0,0,0,0,0,0,0,0
327,국내증권사,10899,넥스트증권 주식회사,B,SF018,유가증권 보유현황(기타포괄손익-공정가치측정증권),A7,기업어음증권,,,,,,,,,,,,,,,,,,,,,,,,,,,,,,,,,,,,,,,,,,,,,,,0,0,0,0,0,0,0,0,0,0
328,국내증권사,10899,넥스트증권 주식회사,B,SF018,유가증권 보유현황(기타포괄손익-공정가치측정증권),A8,외화증권,,,,,,,,,,,,,,,,,,,,,,,,,,,,,,,,,,,,,,,,,,,,,,,0,0,0,0,0,0,0,0,0,0
329,국내증권사,10899,넥스트증권 주식회사,B,SF018,유가증권 보유현황(기타포괄손익-공정가치측정증권),A9,기타,,,,,,,,,,,,,,,,,,,,,,,,,,,,,,,,,,,,,,,,,,,,,,,0,0,0,0,0,0,0,0,0,0
330,국내증권사,11221,비엔피파리바증권주식회사,B,SF018,유가증권 보유현황(기타포괄손익-공정가치측정증권),A,기타포괄손익-공정가치측정증권,200000000,200000000,200000000,200000000,960848120,999416070,483407980,707138970,686317630,1005879880,1922146270,661675700,567879710,803196380,419872740,660613960,466272450,574378570,1222679500,511565450,461398770,422210890,771230500,461439020,483695600,262819290,375453510,0,0,0,0,0,0,0,0,0,0,0,0,0,0,0,0,0,0,0,0,0,0,0,0,0,0,0,0,0
331,국내증권사,11221,비엔피파리바증권주식회사,B,SF018,유가증권 보유현황(기타포괄손익-공정가치측정증권),A1,주식,0,0,0,0,0,0,0,0,0,0,0,0,0,0,0,0,0,0,0,0,0,0,0,0,0,0,0,0,0,0,0,0,0,0,0,0,0,0,0,0,0,0,0,0,0,0,0,0,0,0, ,0,0,0,0,0
332,국내증권사,11221,비엔피파리바증권주식회사,B,SF018,유가증권 보유현황(기타포괄손익-공정가치측정증권),A2,출자금,200000000,200000000,200000000,200000000,200000000,200000000,200000000,200000000,200000000,200000000,200000000,200000000,200000000,200000000,200000000,200000000,200000000,200000000,200000000,200000000,200000000,200000000,200000000,200000000,200000000,200000000,200000000,0,0,0,0,0,0,0,0,0,0,0,0,0,0,0,0,0,0,0,0,0,0,0, ,0,0,0,0,0
333,국내증권사,11221,비엔피파리바증권주식회사,B,SF018,유가증권 보유현황(기타포괄손익-공정가치측정증권),A3,국채·지방채,0,0,0,0,0,0,0,0,0,0,0,0,0,0,0,0,0,0,0,0,0,0,0,0,0,0,0,0,0,0,0,0,0,0,0,0,0,0,0,0,0,0,0,0,0,0,0,0,0,0, ,0,0,0,0,0
334,국내증권사,11221,비엔피파리바증권주식회사,B,SF018,유가증권 보유현황(기타포괄손익-공정가치측정증권),A4,특수채,0,0,0,0,0,0,0,0,0,0,0,0,0,0,0,0,0,0,0,0,0,0,0,0,0,0,0,0,0,0,0,0,0,0,0,0,0,0,0,0,0,0,0,0,0,0,0,0,0,0, ,0,0,0,0,0
335,국내증권사,11221,비엔피파리바증권주식회사,B,SF018,유가증권 보유현황(기타포괄손익-공정가치측정증권),A5,회사채,0,0,0,0,0,0,0,0,0,0,0,0,0,0,0,0,0,0,0,0,0,0,0,0,0,0,0,0,0,0,0,0,0,0,0,0,0,0,0,0,0,0,0,0,0,0,0,0,0,0, ,0,0,0,0,0
336,국내증권사,11221,비엔피파리바증권주식회사,B,SF018,유가증권 보유현황(기타포괄손익-공정가치측정증권),A6,집합투자증권,0,0,0,0,0,0,0,0,0,0,0,0,0,0,0,0,0,0,0,0,0,0,0,0,0,0,0,0,0,0,0,0,0,0,0,0,0,0,0,0,0,0,0,0,0,0,0,0,0,0,0,0,0,0,0,0
337,국내증권사,11221,비엔피파리바증권주식회사,B,SF018,유가증권 보유현황(기타포괄손익-공정가치측정증권),A7,기업어음증권,0,0,0,0,0,0,0,0,0,0,0,0,0,0,0,0,0,0,0,0,0,0,0,0,0,0,0,0,0,0,0,0,0,0,0,0,0,0,0,0,0,0,0,0,0,0,0,0,0,0, ,0,0,0,0,0
338,국내증권사,11221,비엔피파리바증권주식회사,B,SF018,유가증권 보유현황(기타포괄손익-공정가치측정증권),A8,외화증권,0,0,0,0,0,0,0,0,0,0,0,0,0,0,0,0,0,0,0,0,0,0,0,0,0,0,0,0,0,0,0,0,0,0,0,0,0,0,0,0,0,0,0,0,0,0,0,0,0,0,0,0,0,0,0,0
339,국내증권사,11221,비엔피파리바증권주식회사,B,SF018,유가증권 보유현황(기타포괄손익-공정가치측정증권),A9,기타,0,0,0,0,760848120,799416070,283407980,507138970,486317630,805879880,1722146270,461675700,367879710,603196380,219872740,460613960,266272450,374378570,1022679500,311565450,261398770,222210890,571230500,261439020,283695600,62819290,175453510,0,0,0,0,0,0,0,0,0,0,0,0,0,0,0,0,0,0,0,0,0,0,0, ,0,0,0,0,0
340,국내증권사,11238,씨엘에스에이코리아증권(주),B,SF018,유가증권 보유현황(기타포괄손익-공정가치측정증권),A,기타포괄손익-공정가치측정증권,780000,780000,780000,780000,780000,780000,780000,390000,390000,390000,390000,390000,390000,390000,390000,390000,390000,390000,390000,390000,390000,390000,0,0,0,0,0,0,0,0,0,0,0,0,0,0,0,0,3345902828,21637262987,21405229312,23994912524,23692447201,22214598389,26113601737,30107525635,26725443210,29540384345,29884841038,32024514677,32570438672,34246833765,35413987127,34219173207,35459732408,39134914557
341,국내증권사,11238,씨엘에스에이코리아증권(주),B,SF018,유가증권 보유현황(기타포괄손익-공정가치측정증권),A1,주식,0,0,0,0,0,0,0,0,0,0,0,0,0,0,0,0,0,0,0,0,0,0,0,0,0,0,0,0,0,0,0,0,0,0, ,0,0,0,0,0,0,0, , , , , , ,0,0, ,0,0,0, , 
342,국내증권사,11238,씨엘에스에이코리아증권(주),B,SF018,유가증권 보유현황(기타포괄손익-공정가치측정증권),A2,출자금,0,0,0,0,0,0,0,0,0,0,0,0,0,0,0,0,0,0,0,0,0,0,0,0,0,0,0,0,0,0,0,0,0,0, ,0,0,0,0,0,0,0, , , , , , ,0,0, ,0,0,0, , 
343,국내증권사,11238,씨엘에스에이코리아증권(주),B,SF018,유가증권 보유현황(기타포괄손익-공정가치측정증권),A3,국채·지방채,0,0,0,0,0,0,0,0,0,0,0,0,0,0,0,0,0,0,0,0,0,0,0,0,0,0,0,0,0,0,0,0,0,0, ,0,0,0,0,0,0,0, , , , , , ,0,0, ,0,0,0, , 
344,국내증권사,11238,씨엘에스에이코리아증권(주),B,SF018,유가증권 보유현황(기타포괄손익-공정가치측정증권),A4,특수채,0,0,0,0,0,0,0,0,0,0,0,0,0,0,0,0,0,0,0,0,0,0,0,0,0,0,0,0,0,0,0,0,0,0, ,0,0,0,0,0,0,0, , , , , , ,0,0, ,0,0,0, , 
345,국내증권사,11238,씨엘에스에이코리아증권(주),B,SF018,유가증권 보유현황(기타포괄손익-공정가치측정증권),A5,회사채,0,0,0,0,0,0,0,0,0,0,0,0,0,0,0,0,0,0,0,0,0,0,0,0,0,0,0,0,0,0,0,0,0,0, ,0,0,0,0,0,0,0, , , , , , ,0,0, ,0,0,0, , 
346,국내증권사,11238,씨엘에스에이코리아증권(주),B,SF018,유가증권 보유현황(기타포괄손익-공정가치측정증권),A6,집합투자증권,0,0,0,0,0,0,0,0,0,0,0,0,0,0,0,0,0,0,0,0,0,0,0,0,0,0,0,0,0,0,0,0,0,0,0,0,0,0,0,0,0,0,0,0,0,0,0,0,0,0,0,0,0,0,0,0
347,국내증권사,11238,씨엘에스에이코리아증권(주),B,SF018,유가증권 보유현황(기타포괄손익-공정가치측정증권),A7,기업어음증권,0,0,0,0,0,0,0,0,0,0,0,0,0,0,0,0,0,0,0,0,0,0,0,0,0,0,0,0,0,0,0,0,0,0, ,0,0,0,0,0,0,0, , , , , , ,0,0, ,0,0,0, , 
348,국내증권사,11238,씨엘에스에이코리아증권(주),B,SF018,유가증권 보유현황(기타포괄손익-공정가치측정증권),A8,외화증권,0,0,0,0,0,0,0,0,0,0,0,0,0,0,0,0,0,0,0,0,0,0,0,0,0,0,0,0,0,0,0,0,0,0,0,0,0,0,3345902828,21637262987,21405229312,23994912524,23692447201,22214598389,26113601737,30107525635,26725443210,29540384345,29884841038,32024514677,32570438672,34246833765,35413987127,34219173207,35459732408,39134914557
349,국내증권사,11238,씨엘에스에이코리아증권(주),B,SF018,유가증권 보유현황(기타포괄손익-공정가치측정증권),A9,기타,780000,780000,780000,780000,780000,780000,780000,390000,390000,390000,390000,390000,390000,390000,390000,390000,390000,390000,390000,390000,390000,390000,0,0,0,0,0,0,0,0,0,0,0,0, ,0,0,0,0,0,0,0, , , , , , ,0,0, ,0,0,0,0, 
350,국내증권사,11611,맥쿼리증권,B,SF018,유가증권 보유현황(기타포괄손익-공정가치측정증권),A,기타포괄손익-공정가치측정증권,0,0,0,0,0,0,0,0,0,0,0,0,0,0,0,0,0,0,0,0,0,0,0,0,0,0,0,0,0,0,0,0,0,0,0,0,0,0,0,0,0,0,0,0,0,0,0,0,0,0,0,0,0,0,0,0
351,국내증권사,11611,맥쿼리증권,B,SF018,유가증권 보유현황(기타포괄손익-공정가치측정증권),A1,주식,0,0,0,0,0,0,0,0,0,0,0,0,0,0,0,0,0,0,0,0,0,0,0,0,0,0,0,0,0,0,0,0,0,0,0,0,0,0,0,0,0,0,0,0,0,0,0,0,0,0,0,0,0,0,0,0
352,국내증권사,11611,맥쿼리증권,B,SF018,유가증권 보유현황(기타포괄손익-공정가치측정증권),A2,출자금,0,0,0,0,0,0,0,0,0,0,0,0,0,0,0,0,0,0,0,0,0,0,0,0,0,0,0,0,0,0,0,0,0,0,0,0,0,0,0,0,0,0,0,0,0,0,0,0,0,0,0,0,0,0,0,0
353,국내증권사,11611,맥쿼리증권,B,SF018,유가증권 보유현황(기타포괄손익-공정가치측정증권),A3,국채·지방채,0,0,0,0,0,0,0,0,0,0,0,0,0,0,0,0,0,0,0,0,0,0,0,0,0,0,0,0,0,0,0,0,0,0,0,0,0,0,0,0,0,0,0,0,0,0,0,0,0,0,0,0,0,0,0,0
354,국내증권사,11611,맥쿼리증권,B,SF018,유가증권 보유현황(기타포괄손익-공정가치측정증권),A4,특수채,0,0,0,0,0,0,0,0,0,0,0,0,0,0,0,0,0,0,0,0,0,0,0,0,0,0,0,0,0,0,0,0,0,0,0,0,0,0,0,0,0,0,0,0,0,0,0,0,0,0,0,0,0,0,0,0
355,국내증권사,11611,맥쿼리증권,B,SF018,유가증권 보유현황(기타포괄손익-공정가치측정증권),A5,회사채,0,0,0,0,0,0,0,0,0,0,0,0,0,0,0,0,0,0,0,0,0,0,0,0,0,0,0,0,0,0,0,0,0,0,0,0,0,0,0,0,0,0,0,0,0,0,0,0,0,0,0,0,0,0,0,0
356,국내증권사,11611,맥쿼리증권,B,SF018,유가증권 보유현황(기타포괄손익-공정가치측정증권),A6,집합투자증권,0,0,0,0,0,0,0,0,0,0,0,0,0,0,0,0,0,0,0,0,0,0,0,0,0,0,0,0,0,0,0,0,0,0,0,0,0,0,0,0,0,0,0,0,0,0,0,0,0,0,0,0,0,0,0,0
357,국내증권사,11611,맥쿼리증권,B,SF018,유가증권 보유현황(기타포괄손익-공정가치측정증권),A7,기업어음증권,0,0,0,0,0,0,0,0,0,0,0,0,0,0,0,0,0,0,0,0,0,0,0,0,0,0,0,0,0,0,0,0,0,0,0,0,0,0,0,0,0,0,0,0,0,0,0,0,0,0,0,0,0,0,0,0
358,국내증권사,11611,맥쿼리증권,B,SF018,유가증권 보유현황(기타포괄손익-공정가치측정증권),A8,외화증권,0,0,0,0,0,0,0,0,0,0,0,0,0,0,0,0,0,0,0,0,0,0,0,0,0,0,0,0,0,0,0,0,0,0,0,0,0,0,0,0,0,0,0,0,0,0,0,0,0,0,0,0,0,0,0,0
359,국내증권사,11611,맥쿼리증권,B,SF018,유가증권 보유현황(기타포괄손익-공정가치측정증권),A9,기타,0,0,0,0,0,0,0,0,0,0,0,0,0,0,0,0,0,0,0,0,0,0,0,0,0,0,0,0,0,0,0,0,0,0,0,0,0,0,0,0,0,0,0,0,0,0,0,0,0,0,0,0,0,0,0,0
360,국내증권사,11978,케이프투자증권,B,SF018,유가증권 보유현황(기타포괄손익-공정가치측정증권),A,기타포괄손익-공정가치측정증권,6641922794,3856568667,3767214539,6706342368,7688077641,9277113626,5273244351,5944854200,8972144200,9403011496,11279908285,13802978269,17811027685,17489735587,25891525889,23246293199,15692176932,18056661013,18143016870,18501152100,20687820881,23528844274,24250365760,22739984528,15748360875,25266677060,22576869901,0,0,0,0,0,0,0,0,0,0,0,0,0,0,0,0,0,0,0,2500000000,2500000000,2500000000,2500000000,2500000000,2500000000,2500000000,2500000000,2500000000,2500000000
361,국내증권사,11978,케이프투자증권,B,SF018,유가증권 보유현황(기타포괄손익-공정가치측정증권),A1,주식,4970000000,2170000000,2065000000,3310825000,3641032500,3169871900,1741180000,2476750000,5270480000,3600000000,5837960000,5170413400,9535213400,8875100000,16893730825,13874342195,7504232918,9341786773,10008340865,9192123960,14067670670,9861177425,15196388663,13085234671,5806038986,9008896986,10563685537,0,0,0,0,0,0,0,0,0,0,0,0,0,0,0,0,0,0,0,2500000000,2500000000,2500000000,2500000000,2500000000,2500000000,2500000000,2500000000,2500000000,2500000000
362,국내증권사,11978,케이프투자증권,B,SF018,유가증권 보유현황(기타포괄손익-공정가치측정증권),A2,출자금,1000000,0,0,0,99000000,0,299924200,299924200,549924200,549924200,549924200,549924200,299924200,299924200,299924200,299924200,299924200,398924200,0,0,198000000,599000000,599000000,599000000,658000000,599000000,501603990,0,0,0,0,0,0,0,0,0,0,0,0,0,0,0,0,0,0,0,0,0,0,0,0,0,0,0,0,0
363,국내증권사,11978,케이프투자증권,B,SF018,유가증권 보유현황(기타포괄손익-공정가치측정증권),A3,국채·지방채,0,0,0,0,2948045141,0,0,0,0,0,0,0,0,0,0,0,0,0, , ,0,0,0,0,0,0,0,0,0,0,0,0,0,0,0,0,0,0,0,0,0,0,0,0,0,0,0,0,0,0,0,0,0,0,0,0
364,국내증권사,11978,케이프투자증권,B,SF018,유가증권 보유현황(기타포괄손익-공정가치측정증권),A4,특수채,0,0,0,0,0,0,0,0,0,0,0,0,0,0,0,0,0,0, , ,0,0,0,0,0,0,0,0,0,0,0,0,0,0,0,0,0,0,0,0,0,0,0,0,0,0,0,0,0,0,0,0,0,0,0,0
365,국내증권사,11978,케이프투자증권,B,SF018,유가증권 보유현황(기타포괄손익-공정가치측정증권),A5,회사채,1170922794,1186568667,1202214539,2895517368,0,3093501726,0,0,0,0,0,0,0,0,403670716,407835703,810952443,1319068697,1840438613,2595151605,2621423963,4900795262,0,0,0,0,0,0,0,0,0,0,0,0,0,0,0,0,0,0,0,0,0,0,0,0,0,0,0,0,0,0,0,0,0,0
366,국내증권사,11978,케이프투자증권,B,SF018,유가증권 보유현황(기타포괄손익-공정가치측정증권),A6,집합투자증권,500000000,500000000,500000000,500000000,1000000000,3013740000,3232140151,3168180000,3151740000,3121300000,2774780000,5878422901,5907391488,6161600806,5854088774,6091173417,4365489886,4290862307,3770226257,4207739793,1243067130,5812499755,5960998112,6508140178,6657635002,12917576544,9007424888,0,0,0,0,0,0,0,0,0,0,0,0,0,0,0,0,0,0,0,0,0,0,0,0,0,0,0,0,0
367,국내증권사,11978,케이프투자증권,B,SF018,유가증권 보유현황(기타포괄손익-공정가치측정증권),A7,기업어음증권,0,0,0,0,0,0,0,0,0,0,0,0,0,0,0,0,0,0, , ,0,0,0,0,0,0,0,0,0,0,0,0,0,0,0,0,0,0,0,0,0,0,0,0,0,0,0,0,0,0,0,0,0,0,0,0
368,국내증권사,11978,케이프투자증권,B,SF018,유가증권 보유현황(기타포괄손익-공정가치측정증권),A8,외화증권,0,0,0,0,0,0,0,0,0,2131787296,2117244085,2204217768,2068498597,2153110581,2440111374,2573017684,2711577485,2706019036,2524011135,2506136742,2557659118,2355371832,2493978985,2547609679,2626686887,2741203530,2504155486,0,0,0,0,0,0,0,0,0,0,0,0,0,0,0,0,0,0,0,0,0,0,0,0,0,0,0,0,0
369,국내증권사,11978,케이프투자증권,B,SF018,유가증권 보유현황(기타포괄손익-공정가치측정증권),A9,기타,0,0,0,0,0,0,0,0,0,0,0,0,0,0,0,0,0,0, , ,0,0,0,0,0,0,0,0,0,0,0,0,0,0,0,0,0,0,0,0,0,0,0,0,0,0,0,0,0,0,0,0,0,0,0,0
370,국내증권사,11980,디에스투자증권,B,SF018,유가증권 보유현황(기타포괄손익-공정가치측정증권),A,기타포괄손익-공정가치측정증권,1277363570,1275700155,1271173914,1273452287,1270316344,1276001749,1273252156,1270662064,1274750727,1257709720,1245869620,2206396731,1204955044,1204074645,1203917889,1404899109,1403637968,1407530660,1404291462,1405049112,1386369349,382000000,202000000,202000000,597100000,685600000,685600000,0,0,0,0,0,0,0,0,0,0,0,0,0,0,0,0,0,0,0,0,0,0,0,0,0,0,0,0,0
371,국내증권사,11980,디에스투자증권,B,SF018,유가증권 보유현황(기타포괄손익-공정가치측정증권),A1,주식,0,0,0,0,0,0,0,0,0,0,0,0,0,0,0,200100000,200100000,200100000,200100000,200100000,180000000,180000000,0,0,395100000,483600000,483600000,0,0,0,0,0,0,0,0,0,0,0,0,0,0,0,0,0,0,0,0,0,0,0,0,0,0,0,0,0
372,국내증권사,11980,디에스투자증권,B,SF018,유가증권 보유현황(기타포괄손익-공정가치측정증권),A2,출자금,0,0,0,0,0,0,0,0,0,0,0,0,0,0,0,0,0,0,0,0,0,0,0,0,0,0,0,0,0,0,0,0,0,0,0,0,0,0,0,0,0,0,0,0,0,0,0,0,0,0,0,0,0,0,0,0
373,국내증권사,11980,디에스투자증권,B,SF018,유가증권 보유현황(기타포괄손익-공정가치측정증권),A3,국채·지방채,14207459,14308024,14374883,14382768,14440025,14519945,14522433,14528612,14511223,0,0,1004269286,1002955044,1002074645,0,0,0,0,0,0,0,0,0,0,0,0,0,0,0,0,0,0,0,0,0,0,0,0,0,0,0,0,0,0,0,0,0,0,0,0,0,0,0,0,0,0
374,국내증권사,11980,디에스투자증권,B,SF018,유가증권 보유현황(기타포괄손익-공정가치측정증권),A4,특수채,0,0,0,1003541968,1000414968,1006321693,1004256112,1002084957,1007006253,1004975109,993716109,1000127445,0,0,1001917889,1002799109,1001537968,1005430660,1002191462,1002949112,1004369349,0,0,0,0,0,0,0,0,0,0,0,0,0,0,0,0,0,0,0,0,0,0,0,0,0,0,0,0,0,0,0,0,0,0,0
375,국내증권사,11980,디에스투자증권,B,SF018,유가증권 보유현황(기타포괄손익-공정가치측정증권),A5,회사채,1061156111,1059392131,1054799031,53527551,53461351,53160111,52473611,52048495,51233251,50734611,50153511,0,0,0,0,0,0,0,0,0,0,0,0,0,0,0,0,0,0,0,0,0,0,0,0,0,0,0,0,0,0,0,0,0,0,0,0,0,0,0,0,0,0,0,0,0
376,국내증권사,11980,디에스투자증권,B,SF018,유가증권 보유현황(기타포괄손익-공정가치측정증권),A6,집합투자증권,0,0,0,0,0,0,0,0,0,0,0,0,0,0,0,0,0,0,0,0,0,0,0,0,0,0,0,0,0,0,0,0,0,0,0,0,0,0,0,0,0,0,0,0,0,0,0,0,0,0,0,0,0,0,0,0
377,국내증권사,11980,디에스투자증권,B,SF018,유가증권 보유현황(기타포괄손익-공정가치측정증권),A7,기업어음증권,0,0,0,0,0,0,0,0,0,0,0,0,0,0,0,0,0,0,0,0,0,0,0,0,0,0,0,0,0,0,0,0,0,0,0,0,0,0,0,0,0,0,0,0,0,0,0,0,0,0,0,0,0,0,0,0
378,국내증권사,11980,디에스투자증권,B,SF018,유가증권 보유현황(기타포괄손익-공정가치측정증권),A8,외화증권,0,0,0,0,0,0,0,0,0,0,0,0,0,0,0,0,0,0,0,0,0,0,0,0,0,0,0,0,0,0,0,0,0,0,0,0,0,0,0,0,0,0,0,0,0,0,0,0,0,0,0,0,0,0,0,0
379,국내증권사,11980,디에스투자증권,B,SF018,유가증권 보유현황(기타포괄손익-공정가치측정증권),A9,기타,202000000,202000000,202000000,202000000,202000000,202000000,202000000,202000000,202000000,202000000,202000000,202000000,202000000,202000000,202000000,202000000,202000000,202000000,202000000,202000000,202000000,202000000,202000000,202000000,202000000,202000000,202000000,0,0,0,0,0,0,0,0,0,0,0,0,0,0,0,0,0,0,0,0,0,0,0,0,0,0,0,0,0
380,국내증권사,11981,다올투자증권 주식회사,B,SF018,유가증권 보유현황(기타포괄손익-공정가치측정증권),A,기타포괄손익-공정가치측정증권,31824118123,31958043436,29279705112,28844014527,28107715707,25068486293,22349219053,17610528191,19543283535,19307438142,18573551692,15459545232,15556761836,15517436053,15181998739,13764464355,14041654139,13674882955,14913869775,16008047570,17025998461,24184075511,16420813921,14734438056,14828484154,15864198513,13936372905,2800000000,2800000000,2800000000,2800000000,2800000000,2800000000,2800000000,2800000000,2800000000,2800000000,2800000000,2800000000,2800000000,2800000000,2800000000,2800000000,2800000000,2800000000,2800000000,5300000000,5300000000,5300000000,5300000000,5300000000,5300000000,5300000000,165611362006,206440860465,25252789746
381,국내증권사,11981,다올투자증권 주식회사,B,SF018,유가증권 보유현황(기타포괄손익-공정가치측정증권),A1,주식,16463797152,16153211179,14556514585,14867349338,14288545754,17891741164,16717903710,12242113708,14091804608,13902615878,13570557993,11041617993,10752778393,10743634393,10407059465,8885275865,9008683265,8868896465,9795207336,10714401536,11873439122,11892160946,11083471501,9448257242,10210062594,10856059509,9005421500,0,0,0,0,0, ,0,0, ,0,0,0,0, ,0, ,0,0,0, ,0, , , , , ,0,0,0
382,국내증권사,11981,다올투자증권 주식회사,B,SF018,유가증권 보유현황(기타포괄손익-공정가치측정증권),A2,출자금,12010450527,12458458201,11384504471,10642704133,10089341453,3446741573,2306835731,2048598427,2140478427,2097328155,1701641090,1617927239,1503983443,1476078888,1476077888,1467822154,1572822154,1376481111,1706837187,1825516203,1702753327,1677920473,1908765828,1859349015,1818421560,2208139004,2130951405,0,0,0,0,0, ,0,0, ,0,0,0,0, ,0, ,0,0,0,2500000000,2500000000,2500000000,2500000000,2500000000,2500000000,2500000000,2500000000,2500000000,2500000000
383,국내증권사,11981,다올투자증권 주식회사,B,SF018,유가증권 보유현황(기타포괄손익-공정가치측정증권),A3,국채·지방채,0,0,0,0,0,0,0,0,0,0,0,0,0,0,0,0,0,0,0,0,0,0,0,0,0,0,0,0,0,0,0,0, ,0,0, ,0,0,0,0, ,0, ,0,0,0, ,0, , , , , ,9183408288,9281994634,9388437626
384,국내증권사,11981,다올투자증권 주식회사,B,SF018,유가증권 보유현황(기타포괄손익-공정가치측정증권),A4,특수채,0,0,0,0,0,0,0,0,0,0,0,0,0,0,0,0,0,0,0,0,0,0,0,0,0,0,0,0,0,0,0,0, ,0,0, ,0,0,0,0, ,0, ,0,0,0, ,0, , , , , ,0,10073612308,0
385,국내증권사,11981,다올투자증권 주식회사,B,SF018,유가증권 보유현황(기타포괄손익-공정가치측정증권),A5,회사채,549870444,546374056,538686056,533961056,929828500,930003556,524479612,519816056,511000500,507494109,501352609,0,0,0,0,0,0,0,0,0,0,0,0,0,0,0,0,0,0,0,0,0, ,0,0, ,0,0,0,0, ,0, ,0,0,0, ,0, , , , , ,151127953718,181785253523,10564352120
386,국내증권사,11981,다올투자증권 주식회사,B,SF018,유가증권 보유현황(기타포괄손익-공정가치측정증권),A6,집합투자증권,0,0,0,0,0,0,0,0,0,0,0,0,500000000,497722772,498861386,611366336,660148720,629505379,611825252,638129831,649806012,7813994092,628576592,626831799,0,0,0,0,0,0,0,0,0,0,0,0,0,0,0,0,0,0,0,0,0,0,0,0,0,0,0,0,0,0,0,0
387,국내증권사,11981,다올투자증권 주식회사,B,SF018,유가증권 보유현황(기타포괄손익-공정가치측정증권),A7,기업어음증권,0,0,0,0,0,0,0,0,0,0,0,0,0,0,0,0,0,0,0,0,0,0,0,0,0,0,0,0,0,0,0,0, ,0,0, ,0,0,0,0, ,0, ,0,0,0, ,0, , , , , ,0,0,0
388,국내증권사,11981,다올투자증권 주식회사,B,SF018,유가증권 보유현황(기타포괄손익-공정가치측정증권),A8,외화증권,0,0,0,0,0,0,0,0,0,0,0,0,0,0,0,0,0,0,0,0,0,0,0,0,0,0,0,0,0,0,0,0,0,0,0,0,0,0,0,0,0,0,0,0,0,0,0,0,0,0,0,0,0,0,0,0
389,국내증권사,11981,다올투자증권 주식회사,B,SF018,유가증권 보유현황(기타포괄손익-공정가치측정증권),A9,기타,2800000000,2800000000,2800000000,2800000000,2800000000,2800000000,2800000000,2800000000,2800000000,2800000000,2800000000,2800000000,2800000000,2800000000,2800000000,2800000000,2800000000,2800000000,2800000000,2830000000,2800000000,2800000000,2800000000,2800000000,2800000000,2800000000,2800000000,2800000000,2800000000,2800000000,2800000000,2800000000,2800000000,2800000000,2800000000,2800000000,2800000000,2800000000,2800000000,2800000000,2800000000,2800000000,2800000000,2800000000,2800000000,2800000000,2800000000,2800000000,2800000000,2800000000,2800000000,2800000000,2800000000,2800000000,2800000000,2800000000
390,국내증권사,11982,주식회사 카카오페이증권,B,SF018,유가증권 보유현황(기타포괄손익-공정가치측정증권),A,기타포괄손익-공정가치측정증권,650100000,652366577,652266577,402266577,0,0,0,14703000,0,560025000,560025000,593275000,593275000,593275000,594775000,594775000,1612445000,1621945000,1621945000,1612445000,1898585000,1898585000,1898585000,1799085000,2043890000,1493390000,1493390000,1493390000,0,0,200000000,200000000,200000000,200000000,200000000,200000000,200000000,0,0,0,0,0,0,0,0,0,0,0,0,0,0,0,0,0,0,0
391,국내증권사,11982,주식회사 카카오페이증권,B,SF018,유가증권 보유현황(기타포괄손익-공정가치측정증권),A1,주식,100000,100000,0,0,0,0,0,14703000,0,560025000,560025000,593275000,593275000,593275000,594775000,594775000,1612445000,1621945000,1621945000,1612445000,1898585000,1898585000,1898585000,1799085000,1743890000,1493390000,1493390000,1493390000,0, , , , , , ,0,0,0,0,0,0,0,0,0,0,0,0,0,0,0,0,0,0,0,0,0
392,국내증권사,11982,주식회사 카카오페이증권,B,SF018,유가증권 보유현황(기타포괄손익-공정가치측정증권),A2,출자금,0,0,0,0,0,0,0,0,0,0,0, , , , , , , , , , , , , , , ,0, , , , , , , , ,0,0,0,0,0,0,0,0,0,0,0,0,0,0,0,0,0,0,0,0,0
393,국내증권사,11982,주식회사 카카오페이증권,B,SF018,유가증권 보유현황(기타포괄손익-공정가치측정증권),A3,국채·지방채,0,0,0,0,0,0,0,0,0,0,0, , , , , , , , , , , , , , , ,0, , , , , , , , ,0,0,0,0,0,0,0,0,0,0,0,0,0,0,0,0,0,0,0,0,0
394,국내증권사,11982,주식회사 카카오페이증권,B,SF018,유가증권 보유현황(기타포괄손익-공정가치측정증권),A4,특수채,0,0,0,0,0,0,0,0,0,0,0, , , , , , , , , , , , , , , ,0, , , , , , , , ,0,0,0,0,0,0,0,0,0,0,0,0,0,0,0,0,0,0,0,0,0
395,국내증권사,11982,주식회사 카카오페이증권,B,SF018,유가증권 보유현황(기타포괄손익-공정가치측정증권),A5,회사채,0,0,0,0,0,0,0,0,0,0,0, , , , , , , , , , , , , ,300000000, ,0, , , , , , , , ,0,0,0,0,0,0,0,0,0,0,0,0,0,0,0,0,0,0,0,0,0
396,국내증권사,11982,주식회사 카카오페이증권,B,SF018,유가증권 보유현황(기타포괄손익-공정가치측정증권),A6,집합투자증권,650000000,652266577,652266577,402266577,0,0,0,0,0,0,0,0,0,0,0,0,0,0,0,0,0,0,0,0,0,0,0,0,0,0,0,0,0,0,0,0,0,0,0,0,0,0,0,0,0,0,0,0,0,0,0,0,0,0,0,0
397,국내증권사,11982,주식회사 카카오페이증권,B,SF018,유가증권 보유현황(기타포괄손익-공정가치측정증권),A7,기업어음증권,0,0,0,0,0,0,0,0,0,0,0, , , , , , , , , , , , , , , ,0, , , , , , , , ,0,0,0,0,0,0,0,0,0,0,0,0,0,0,0,0,0,0,0,0,0
398,국내증권사,11982,주식회사 카카오페이증권,B,SF018,유가증권 보유현황(기타포괄손익-공정가치측정증권),A8,외화증권,0,0,0,0,0,0,0,0,0,0,0,0,0,0,0,0,0,0,0,0,0,0,0,0,0,0,0,0,0,0,0,0,0,0,0,0,0,0,0,0,0,0,0,0,0,0,0,0,0,0,0,0,0,0,0,0
399,국내증권사,11982,주식회사 카카오페이증권,B,SF018,유가증권 보유현황(기타포괄손익-공정가치측정증권),A9,기타,0,0,0,0,0,0,0,0,0,0,0, , , , , , , , , , , , , , , ,0, , , ,200000000,200000000,200000000,200000000,200000000,200000000,200000000,0,0,0,0,0,0,0,0,0,0,0,0,0,0,0,0,0,0,0
400,국내증권사,12001,IBK투자증권,B,SF018,유가증권 보유현황(기타포괄손익-공정가치측정증권),A,기타포괄손익-공정가치측정증권,18806441168,17298838284,15677358989,15442028094,15582407574,14958434181,14301276410,14839610210,7889115137,44344753146,11241801920,11196458000,9611988675,8468250739,5559636775,6367101588,7001796677,7577663005,8209799994,9329288812,16390822987,17270299503,18128037975,19218764967,20283475245,19616671850,20071061405,0,0,0,0,0,0,0,0,0,0,0,0,0,0,0,0,0,0,0,288974035978,376067419429,303278391580,301987028882,302656505397,393826298246,353269434519,485110831428,415824775341,437541177402
401,국내증권사,12001,IBK투자증권,B,SF018,유가증권 보유현황(기타포괄손익-공정가치측정증권),A1,주식,5331976455,2720627740,2837344740,2211503740,2129964940,2001359740,1962401740,1891607740,1987787740,1053370000,1212400000,1096000000,2497679500,747279645,1728880000,360665000,888859930,1344720975,1973671250,3051604785,4904409041,5812185986,5792402621,5328395537,6557382055,6150606915,7362091457,0,0,0,0,0,0,0, ,0,0,0,0, ,0,0,0,0,0,0,2500000000,2500000000,2500000000,2500000000,2500000000,2500000000,2500000000,2500000000,2500000000,2500000000
402,국내증권사,12001,IBK투자증권,B,SF018,유가증권 보유현황(기타포괄손익-공정가치측정증권),A2,출자금,791169000,791169000,791169000,1063150000,1063150000,1063150000,1218695535,1218695535,1218695535,1218695535,1767294000,1767294000,1767294000,1767294000,2455741643,2455741643,2526961631,2526961631,2619993486,2619993486,3869993486,3869993486,4471595789,6296595789,5924052124,6154052124,6276673373,0,0,0,0,0,0,0, ,0,0,0,0, ,0,0,0,0,0,0,0, ,0,0,0,0,0,0,0,0
403,국내증권사,12001,IBK투자증권,B,SF018,유가증권 보유현황(기타포괄손익-공정가치측정증권),A3,국채·지방채, , , , , , , , , , , , ,0,0,0,0,0,0,0,0,0,0,0,0,0,0,0,0,0,0,0,0,0,0, ,0,0,0,0, ,0,0,0,0,0,0,0,50742741760,50381779783,0,0,0,69878224482,0,0,40815575166
404,국내증권사,12001,IBK투자증권,B,SF018,유가증권 보유현황(기타포괄손익-공정가치측정증권),A4,특수채, , , , , , , , , , , , ,0,0,0,0,0,0,0,0,0,0,0,0,0,0,0,0,0,0,0,0,0,0, ,0,0,0,0, ,0,0,0,0,0,0,286474035978,242344432250,180282205591,209589749451,161470489013,261899588765,180810032390,291602142707,211394152383,241474202397
405,국내증권사,12001,IBK투자증권,B,SF018,유가증권 보유현황(기타포괄손익-공정가치측정증권),A5,회사채, , , , , , , , , , , , ,0,0,0,0,0,0,0,0,0,0,0,0,0,0,0,0,0,0,0,0,0,0, ,0,0,0,0, ,0,0,0,0,0,0,0,80480245419,70114406206,89897279431,90745955729,80369328833,50175742036,140398208958,150606470254,100580518222
406,국내증권사,12001,IBK투자증권,B,SF018,유가증권 보유현황(기타포괄손익-공정가치측정증권),A6,집합투자증권,11481295713,12585041544,10846845249,10766476794,11100929714,10571958691,9797388545,10400695265,3386443902,0,6917380000,6990610000,4059018785,4610495444,10798782,2261752675,2261064806,2262480149,2263284108,2263944381,6219925640,6185858581,6285438115,6251357871,6427574666,5847763271,5084133145,0,0,0,0,0,0,0,0,0,0,0,0,0,0,0,0,0,0,0,0,0,0,0,0,0,0,0,0,0
407,국내증권사,12001,IBK투자증권,B,SF018,유가증권 보유현황(기타포괄손익-공정가치측정증권),A7,기업어음증권, , , , , , , , , ,40793400241, , ,0,0,0,0,0,0,0,0,0,0,0,0,0,0,0,0,0,0,0,0,0,0, ,0,0,0,0, ,0,0,0,0,0,0,0, ,0,0,47940060655,49057380648,49905435611,50610479763,51324152704,52170881617
408,국내증권사,12001,IBK투자증권,B,SF018,유가증권 보유현황(기타포괄손익-공정가치측정증권),A8,외화증권,0,0,0,0,0,0,0,0,0,0,0,0,0,0,0,0,0,0,0,0,0,0,0,0,0,0,0,0,0,0,0,0,0,0,0,0,0,0,0,0,0,0,0,0,0,0,0,0,0,0,0,0,0,0,0,0
409,국내증권사,12001,IBK투자증권,B,SF018,유가증권 보유현황(기타포괄손익-공정가치측정증권),A9,기타,1202000000,1202000000,1202000000,1400897560,1288362920,1321965750,1322790590,1328611670,1296187960,1279287370,1344727920,1342554000,1287996390,1343181650,1364216350,1288942270,1324910310,1443500250,1352851150,1393746160,1396494820,1402261450,1578601450,1342415770,1374466400,1464249540,1348163430,0,0,0,0,0,0,0, ,0,0,0,0, ,0,0,0,0,0,0,0, ,0,0,0,0,0,0,0,0
410,국내증권사,12002,한국스탠다드차타드증권,B,SF018,유가증권 보유현황(기타포괄손익-공정가치측정증권),A,기타포괄손익-공정가치측정증권,155679584473,142910525642,111461375432,162445646098,122809232523,153368116461,124009224420,112939791008,153578268314,152616280028,152301303406,190661235311,168213342212,136537295688,144957771415,131000130192,131187032922,151250562584,140810093347,131734357004,151783057136,171533800190,171009712620,171176121412,171228413760,71134610964,3210000000,1200000000,1200000000,1200000000,1200000000,1200000000,1200000000,1200000000,1200000000,1200000000,1200000000,1200000000,1200000000,1200000000,1200000000,1200000000,1200000000,1200000000,1200000000,1200000000,1200000000,1200000000,1200000000,1200000000,1200000000,1200000000,1200000000,1200000000,1200000000,1200000000
411,국내증권사,12002,한국스탠다드차타드증권,B,SF018,유가증권 보유현황(기타포괄손익-공정가치측정증권),A1,주식,0,0,0,0,0,0,0,0,0,0,0,0,0,0,0,0,0,0,0,0,0,0,0,0,0,0,0,0,0,0,0,0,0,0, , , , , , , , , , , , , , , , , , , , , , 
412,국내증권사,12002,한국스탠다드차타드증권,B,SF018,유가증권 보유현황(기타포괄손익-공정가치측정증권),A2,출자금,0,0,0,0,0,0,0,0,0,0,0,0,0,0,0,0,0,0,0,0,0,0,0,0,0,0,0,0,0,0,0,0,0,0, , , , , , , , , , , , , , , , , , , , , , 
413,국내증권사,12002,한국스탠다드차타드증권,B,SF018,유가증권 보유현황(기타포괄손익-공정가치측정증권),A3,국채·지방채,0,0,0,0,0,0,0,0,11069437500,30224639344,30195750000,49194236568,40462276262,5332669708,5066205445,13954686006,10417417494,30542735183,30386402269,30279251069,30162563079,10033196721,0,0,0,0,0,0,0,0,0,0,0,0, , , , , , , , , , , , , , , , , , , , , , 
414,국내증권사,12002,한국스탠다드차타드증권,B,SF018,유가증권 보유현황(기타포괄손익-공정가치측정증권),A4,특수채,155119189473,141135187792,110255105562,159998776888,120315172363,150911047271,121573059810,110536046438,140165199824,120045714674,119976965037,139047224876,125297657980,128751898170,137488766970,114707817226,118503032848,118480126171,108216890778,100255105935,120420494057,160300603469,169809712620,169976121412,170028413760,69934610964,0,0,0,0,0,0,0,0, , , , , , , , , , , , , , , , , , , , , , 
415,국내증권사,12002,한국스탠다드차타드증권,B,SF018,유가증권 보유현황(기타포괄손익-공정가치측정증권),A5,회사채,0,0,0,0,0,0,0,0,0,0,0,0,0,0,0,0,0,0,0,0,0,0,0,0,0,0,0,0,0,0,0,0,0,0, , , , , , , , , , , , , , , , , , , , , , 
416,국내증권사,12002,한국스탠다드차타드증권,B,SF018,유가증권 보유현황(기타포괄손익-공정가치측정증권),A6,집합투자증권,560395000,565695000,0,0,0,0,0,0,0,0,0,0,0,0,0,0,0,0,0,0,0,0,0,0,0,0,0,0,0,0,0,0,0,0,0,0,0,0,0,0,0,0,0,0,0,0,0,0,0,0,0,0,0,0,0,0
417,국내증권사,12002,한국스탠다드차타드증권,B,SF018,유가증권 보유현황(기타포괄손익-공정가치측정증권),A7,기업어음증권,0,0,0,0,0,0,0,0,0,0,0,0,0,0,0,0,0,0,0,0,0,0,0,0,0,0,0,0,0,0,0,0,0,0, , , , , , , , , , , , , , , , , , , , , , 
418,국내증권사,12002,한국스탠다드차타드증권,B,SF018,유가증권 보유현황(기타포괄손익-공정가치측정증권),A8,외화증권,0,0,0,0,0,0,0,0,0,0,0,0,0,0,0,0,0,0,0,0,0,0,0,0,0,0,0,0,0,0,0,0,0,0,0,0,0,0,0,0,0,0,0,0,0,0,0,0,0,0,0,0,0,0,0,0
419,국내증권사,12002,한국스탠다드차타드증권,B,SF018,유가증권 보유현황(기타포괄손익-공정가치측정증권),A9,기타,0,1209642850,1206269870,2446869210,2494060160,2457069190,2436164610,2403744570,2343630990,2345926010,2128588369,2419773867,2453407970,2452727810,2402799000,2337626960,2266582580,2227701230,2206800300,1200000000,1200000000,1200000000,1200000000,1200000000,1200000000,1200000000,3210000000,1200000000,1200000000,1200000000,1200000000,1200000000,1200000000,1200000000,1200000000,1200000000,1200000000,1200000000,1200000000,1200000000,1200000000,1200000000,1200000000,1200000000,1200000000,1200000000,1200000000,1200000000,1200000000,1200000000,1200000000,1200000000,1200000000,1200000000,1200000000,1200000000
420,국내증권사,12334,(주)비엔케이투자증권,B,SF018,유가증권 보유현황(기타포괄손익-공정가치측정증권),A,기타포괄손익-공정가치측정증권,12091846074,12447486238,12024871738,16491625796,16636927196,15873097720,16248166616,16402557233,15249598144,15265318621,14008678473,13646598469,12996560315,13436401387,13800017186,13229583586,13370455086,13939372928,13980421430,15052344942,16669909226,14442441744,14490256172,15098818401,20616964583,20126854689,18852434100,12257781408,12079566442,12203935852,12494131142,12228970730,13268924392,13561695618,13516922600,13393553426,15288743712,15378176990,16469890866,17121763670,17860976804,18255497502,18266606226,18027205174,23276560252,23315682280,22570159494,22502058186,24301027490,23425853234,401609395005,565350339874,1093124378765,1175210805312,1187025366990,1099476157979
421,국내증권사,12334,(주)비엔케이투자증권,B,SF018,유가증권 보유현황(기타포괄손익-공정가치측정증권),A1,주식,12091846074,12447486238,12024871738,13491625796,13636522196,13172692720,12931359716,12599707956,12467369244,12395726024,11621898750,11259818746,10722655592,11162496664,11470240518,11212646918,11353518418,11809629794,11850678296,11831333022,12096397306,11813929824,12012149252,12642320046,12587138458,12632860904,12660948590,12257781408,12079566442,12203935852,12494131142,12228970730,13268924392,13561695618,13516922600,13393553426,15288743712,15378176990,16469890866,17121763670,17860976804,18255497502,18266606226,18027205174,23276560252,23315682280,22570159494,22502058186,24301027490,23425853234,23658411956,24239688014,23701558884,22768265072,22854397932,22411256442
422,국내증권사,12334,(주)비엔케이투자증권,B,SF018,유가증권 보유현황(기타포괄손익-공정가치측정증권),A2,출자금,0,0,0,3000000000,3000405000,2700405000,3316806900,2696442527,2782228900,2869592597,2386779723,2386779723,2273904723,2273904723,2329776668,2016936668,2016936668,2129743134,2129743134,2221011920,2628511920,2628511920,2478106920,2456498355,2456498355,2556498355,1351000000,0,0,0,0,0,0,0,0,0,0,0,0,0,0,0,0,0,0,0,0,0,0,0,0,0,0,0,0,0
423,국내증권사,12334,(주)비엔케이투자증권,B,SF018,유가증권 보유현황(기타포괄손익-공정가치측정증권),A3,국채·지방채,0,0,0,0,0,0,0,0,0,0,0,0,0,0,0,0,0,0,0,0,0,0,0,0,0,0,0,0,0,0,0,0,0,0,0,0,0,0,0,0,0,0,0,0,0,0,0,0,0,0,266799715684,19721492897,40101945599,42341733336,85230010152,85963802301
424,국내증권사,12334,(주)비엔케이투자증권,B,SF018,유가증권 보유현황(기타포괄손익-공정가치측정증권),A4,특수채,0,0,0,0,0,0,0,0,0,0,0,0,0,0,0,0,0,0,0,0,0,0,0,0,0,0,0,0,0,0,0,0,0,0,0,0,0,0,0,0,0,0,0,0,0,0,0,0,0,0,111151267365,521389158963,959322744882,999836830502,978591668459,930635995273
425,국내증권사,12334,(주)비엔케이투자증권,B,SF018,유가증권 보유현황(기타포괄손익-공정가치측정증권),A5,회사채,0,0,0,0,0,0,0,1106406750,0,0,0,0,0,0,0,0,0,0,0,1000000000,1945000000,0,0,0,0,0,0,0,0,0,0,0,0,0,0,0,0,0,0,0,0,0,0,0,0,0,0,0,0,0,0,0,69998129400,110263976402,100349290447,60465103963
426,국내증권사,12334,(주)비엔케이투자증권,B,SF018,유가증권 보유현황(기타포괄손익-공정가치측정증권),A6,집합투자증권,0,0,0,0,0,0,0,0,0,0,0,0,0,0,0,0,0,0,0,0,0,0,0,0,0,0,0,0,0,0,0,0,0,0,0,0,0,0,0,0,0,0,0,0,0,0,0,0,0,0,0,0,0,0,0,0
427,국내증권사,12334,(주)비엔케이투자증권,B,SF018,유가증권 보유현황(기타포괄손익-공정가치측정증권),A7,기업어음증권,0,0,0,0,0,0,0,0,0,0,0,0,0,0,0,0,0,0,0,0,0,0,0,0,0,0,0,0,0,0,0,0,0,0,0,0,0,0,0,0,0,0,0,0,0,0,0,0,0,0,0,0,0,0,0,0
428,국내증권사,12334,(주)비엔케이투자증권,B,SF018,유가증권 보유현황(기타포괄손익-공정가치측정증권),A8,외화증권,0,0,0,0,0,0,0,0,0,0,0,0,0,0,0,0,0,0,0,0,0,0,0,0,0,0,0,0,0,0,0,0,0,0,0,0,0,0,0,0,0,0,0,0,0,0,0,0,0,0,0,0,0,0,0,0
429,국내증권사,12334,(주)비엔케이투자증권,B,SF018,유가증권 보유현황(기타포괄손익-공정가치측정증권),A9,기타,0,0,0,0,0,0,0,0,0,0,0,0,0,0,0,0,0,0,0,0,0,0,0,0,5573327770,4937495430,4840485510,0,0,0,0,0,0,0,0,0,0,0,0,0,0,0,0,0,0,0,0,0,0,0,0,0,0,0,0,0
430,국내증권사,12390,노무라금융투자주식회사,B,SF018,유가증권 보유현황(기타포괄손익-공정가치측정증권),A,기타포괄손익-공정가치측정증권,0,0,0,0,0,0,0,0,0,0,0,0,0,0,0,0,0,0,0,0,0,0,0,0,0,0,0,0,0,0,0,0,0,0,0,0,0,0,0,0,0,0,0,0,0,0,0,0,0,0,0,0,0,0,0,0
431,국내증권사,12390,노무라금융투자주식회사,B,SF018,유가증권 보유현황(기타포괄손익-공정가치측정증권),A1,주식,0,0,0,0,0,0,0,0,0,0,0,0,0,0,0,0,0,0,0,0,0,0,0,0,0,0,0,0,0,0,0, ,0,0,0, ,0,0,0, ,0,0,0, ,0,0,0, ,0,0,0,0,0,0,0,0
432,국내증권사,12390,노무라금융투자주식회사,B,SF018,유가증권 보유현황(기타포괄손익-공정가치측정증권),A2,출자금,0,0,0,0,0,0,0,0,0,0,0,0,0,0,0,0,0,0,0,0,0,0,0,0,0,0,0,0,0,0,0, ,0,0,0, ,0,0,0, ,0,0,0, ,0,0,0, ,0,0,0,0,0,0,0,0
433,국내증권사,12390,노무라금융투자주식회사,B,SF018,유가증권 보유현황(기타포괄손익-공정가치측정증권),A3,국채·지방채,0,0,0,0,0,0,0,0,0,0,0,0,0,0,0,0,0,0,0,0,0,0,0,0,0,0,0,0,0,0,0, ,0,0,0, ,0,0,0, ,0,0,0, ,0,0,0, ,0,0,0,0,0,0,0,0
434,국내증권사,12390,노무라금융투자주식회사,B,SF018,유가증권 보유현황(기타포괄손익-공정가치측정증권),A4,특수채,0,0,0,0,0,0,0,0,0,0,0,0,0,0,0,0,0,0,0,0,0,0,0,0,0,0,0,0,0,0,0, ,0,0,0, ,0,0,0, ,0,0,0, ,0,0,0, ,0,0,0,0,0,0,0,0
435,국내증권사,12390,노무라금융투자주식회사,B,SF018,유가증권 보유현황(기타포괄손익-공정가치측정증권),A5,회사채,0,0,0,0,0,0,0,0,0,0,0,0,0,0,0,0,0,0,0,0,0,0,0,0,0,0,0,0,0,0,0, ,0,0,0, ,0,0,0, ,0,0,0, ,0,0,0, ,0,0,0,0,0,0,0,0
436,국내증권사,12390,노무라금융투자주식회사,B,SF018,유가증권 보유현황(기타포괄손익-공정가치측정증권),A6,집합투자증권,0,0,0,0,0,0,0,0,0,0,0,0,0,0,0,0,0,0,0,0,0,0,0,0,0,0,0,0,0,0,0,0,0,0,0,0,0,0,0,0,0,0,0,0,0,0,0,0,0,0,0,0,0,0,0,0
437,국내증권사,12390,노무라금융투자주식회사,B,SF018,유가증권 보유현황(기타포괄손익-공정가치측정증권),A7,기업어음증권,0,0,0,0,0,0,0,0,0,0,0,0,0,0,0,0,0,0,0,0,0,0,0,0,0,0,0,0,0,0,0, ,0,0,0, ,0,0,0, ,0,0,0, ,0,0,0, ,0,0,0,0,0,0,0,0
438,국내증권사,12390,노무라금융투자주식회사,B,SF018,유가증권 보유현황(기타포괄손익-공정가치측정증권),A8,외화증권,0,0,0,0,0,0,0,0,0,0,0,0,0,0,0,0,0,0,0,0,0,0,0,0,0,0,0,0,0,0,0,0,0,0,0,0,0,0,0,0,0,0,0,0,0,0,0,0,0,0,0,0,0,0,0,0
439,국내증권사,12390,노무라금융투자주식회사,B,SF018,유가증권 보유현황(기타포괄손익-공정가치측정증권),A9,기타,0,0,0,0,0,0,0,0,0,0,0,0,0,0,0,0,0,0,0,0,0,0,0,0,0,0,0,0,0,0,0, ,0,0,0, ,0,0,0, ,0,0,0, ,0,0,0, ,0,0,0,0,0,0,0,0
440,국내증권사,13003,다이와증권캐피탈마켓코리아 주식회사,B,SF018,유가증권 보유현황(기타포괄손익-공정가치측정증권),A,기타포괄손익-공정가치측정증권,,,,200000000,200000000,200000000,200000000,200000000,200000000,200000000,200000000,200000000,200000000,200000000,200000000,200000000,200000000,200000000,200000000,200000000,200000000,200000000,200000000,200000000,200000000,200000000,200000000,200000000,200000000,200000000,200000000,200000000,200000000,200000000,200000000,200000000,200000000,200000000,200000000,200000000,200000000,200000000,200000000,200000000,200000000,200000000,200000000,200000000,200000000,200000000,200000000,200000000,200000000,200000000,200000000,200000000
441,국내증권사,13003,다이와증권캐피탈마켓코리아 주식회사,B,SF018,유가증권 보유현황(기타포괄손익-공정가치측정증권),A1,주식,,,, , , , , , , , , , , , , , , , , , , , , , , , ,0, , , , , , , , , , , , , , , , , , , , , , , , , , , , 
442,국내증권사,13003,다이와증권캐피탈마켓코리아 주식회사,B,SF018,유가증권 보유현황(기타포괄손익-공정가치측정증권),A2,출자금,,,,200000000,200000000,200000000,200000000,200000000,200000000,200000000,200000000,200000000,200000000,200000000,200000000,200000000,200000000,200000000,200000000,200000000,200000000,200000000,200000000,200000000,200000000,200000000,200000000,200000000,200000000,200000000,200000000,200000000,200000000,200000000,200000000,200000000,200000000,200000000,200000000,200000000,200000000,200000000,200000000,200000000,200000000,200000000,200000000,200000000,200000000,200000000,200000000,200000000,200000000,200000000,200000000,200000000
443,국내증권사,13003,다이와증권캐피탈마켓코리아 주식회사,B,SF018,유가증권 보유현황(기타포괄손익-공정가치측정증권),A3,국채·지방채,,,, , , , , , , , , , , , , , , , , , , , , , , , ,0, , , , , , , , , , , , , , , , , , , , , , , , , , , , 
444,국내증권사,13003,다이와증권캐피탈마켓코리아 주식회사,B,SF018,유가증권 보유현황(기타포괄손익-공정가치측정증권),A4,특수채,,,, , , , , , , , , , , , , , , , , , , , , , , , ,0, , , , , , , , , , , , , , , , , , , , , , , , , , , , 
445,국내증권사,13003,다이와증권캐피탈마켓코리아 주식회사,B,SF018,유가증권 보유현황(기타포괄손익-공정가치측정증권),A5,회사채,,,, , , , , , , , , , , , , , , , , , , , , , , , ,0, , , , , , , , , , , , , , , , , , , , , , , , , , , , 
446,국내증권사,13003,다이와증권캐피탈마켓코리아 주식회사,B,SF018,유가증권 보유현황(기타포괄손익-공정가치측정증권),A6,집합투자증권,,,,0,0,0,0,0,0,0,0,0,0,0,0,0,0,0,0,0,0,0,0,0,0,0,0,0,0,0,0,0,0,0,0,0,0,0,0,0,0,0,0,0,0,0,0,0,0,0,0,0,0,0,0,0
447,국내증권사,13003,다이와증권캐피탈마켓코리아 주식회사,B,SF018,유가증권 보유현황(기타포괄손익-공정가치측정증권),A7,기업어음증권,,,, , , , , , , , , , , , , , , , , , , , , , , , ,0, , , , , , , , , , , , , , , , , , , , , , , , , , , , 
448,국내증권사,13003,다이와증권캐피탈마켓코리아 주식회사,B,SF018,유가증권 보유현황(기타포괄손익-공정가치측정증권),A8,외화증권,,,,0,0,0,0,0,0,0,0,0,0,0,0,0,0,0,0,0,0,0,0,0,0,0,0,0,0,0,0,0,0,0,0,0,0,0,0,0,0,0,0,0,0,0,0,0,0,0,0,0,0,0,0,0
449,국내증권사,13003,다이와증권캐피탈마켓코리아 주식회사,B,SF018,유가증권 보유현황(기타포괄손익-공정가치측정증권),A9,기타,,,, , , , , , , , , , , , , , , , , , , , , , , , ,0, , , , , , , , , , , , , , , , , , , , , , , , , , , , 
450,국내증권사,13414,한국 에스지증권 주식회사,B,SF018,유가증권 보유현황(기타포괄손익-공정가치측정증권),A,기타포괄손익-공정가치측정증권,,,,,,,,,,164156040000,162723830000,163388850000,165763430000,188124473512,190067744385,194241900000,191603260000,214387220000,203094450000,215330170000,228599320000,217873630000,211311330000,240583840000,209660480000,187814240000,185765090000,184784990000,231732696000,233613072000,236693794000,307751405000,310637115000,312141729000,308079492000,310066744000,312238548000,311405652000,326558697000,334212361000,331642539000,328773343000,327391870000,316153533000,326159054000,319668743000,325828902000,334131661000,340298589000,337244533000,349130089000,346852993000,371100666000,376004919000,377299629000,380283381000
451,국내증권사,13414,한국 에스지증권 주식회사,B,SF018,유가증권 보유현황(기타포괄손익-공정가치측정증권),A1,주식,,,,,,,,,, , , , , , , , , , , , , , ,0,0,0,0,0,0, , , , , , , , , , , , , , , , , , , , , , , , , , , 
452,국내증권사,13414,한국 에스지증권 주식회사,B,SF018,유가증권 보유현황(기타포괄손익-공정가치측정증권),A2,출자금,,,,,,,,,, , , , , , , , , , , , , , ,0,0,0,0,0,0, , , , , , , , , , , , , , , , , , , , , , , , , , , 
453,국내증권사,13414,한국 에스지증권 주식회사,B,SF018,유가증권 보유현황(기타포괄손익-공정가치측정증권),A3,국채·지방채,,,,,,,,,,163956040000,162523830000,163188850000,165563430000,187924473512,189867744385,194041900000,191203260000,213987220000,202694450000,214930170000,228199320000,217473630000,210911330000,240183840000,209260480000,187414240000,185365090000,184384990000,231332696000,233213072000,236293794000,307351405000,310237115000,311741729000,307679492000,309666744000,311838548000,311005652000,326158697000,333812361000,331242539000,328373343000,326991870000,315753533000,325759054000,319268743000,325428902000,333731661000,339898589000,336844533000,348730089000,346452993000,370700666000,375604919000,376899629000,379883381000
454,국내증권사,13414,한국 에스지증권 주식회사,B,SF018,유가증권 보유현황(기타포괄손익-공정가치측정증권),A4,특수채,,,,,,,,,, , , , , , , , , , , , , , ,0,0,0,0,0,0, , , , , , , , , , , , , , , , , , , , , , , , , , , 
455,국내증권사,13414,한국 에스지증권 주식회사,B,SF018,유가증권 보유현황(기타포괄손익-공정가치측정증권),A5,회사채,,,,,,,,,, , , , , , , , , , , , , , ,0,0,0,0,0,0, , , , , , , , , , , , , , , , , , , , , , , , , , , 
456,국내증권사,13414,한국 에스지증권 주식회사,B,SF018,유가증권 보유현황(기타포괄손익-공정가치측정증권),A6,집합투자증권,,,,,,,,,,0,0,0,0,0,0,0,0,0,0,0,0,0,0,0,0,0,0,0,0,0,0,0,0,0,0,0,0,0,0,0,0,0,0,0,0,0,0,0,0,0,0,0,0,0,0,0
457,국내증권사,13414,한국 에스지증권 주식회사,B,SF018,유가증권 보유현황(기타포괄손익-공정가치측정증권),A7,기업어음증권,,,,,,,,,, , , , , , , , , , , , , , ,0,0,0,0,0,0, , , , , , , , , , , , , , , , , , , , , , , , , , , 
458,국내증권사,13414,한국 에스지증권 주식회사,B,SF018,유가증권 보유현황(기타포괄손익-공정가치측정증권),A8,외화증권,,,,,,,,,,0,0,0,0,0,0,0,0,0,0,0,0,0,0,0,0,0,0,0,0,0,0,0,0,0,0,0,0,0,0,0,0,0,0,0,0,0,0,0,0,0,0,0,0,0,0,0
459,국내증권사,13414,한국 에스지증권 주식회사,B,SF018,유가증권 보유현황(기타포괄손익-공정가치측정증권),A9,기타,,,,,,,,,,200000000,200000000,200000000,200000000,200000000,200000000,200000000,400000000,400000000,400000000,400000000,400000000,400000000,400000000,400000000,400000000,400000000,400000000,400000000,400000000,400000000,400000000,400000000,400000000,400000000,400000000,400000000,400000000,400000000,400000000,400000000,400000000,400000000,400000000,400000000,400000000,400000000,400000000,400000000,400000000,400000000,400000000,400000000,400000000,400000000,400000000,400000000
460,국내증권사,13515,주식회사 우리투자증권,B,SF018,유가증권 보유현황(기타포괄손익-공정가치측정증권),A,기타포괄손익-공정가치측정증권,,,,,,,,,,,,,,,,,,,,,,,,,,,,,,,,,,,,,,,,,,,,,,,,,,,,,,46938944500,56660584156,632923377452
461,국내증권사,13515,주식회사 우리투자증권,B,SF018,유가증권 보유현황(기타포괄손익-공정가치측정증권),A1,주식,,,,,,,,,,,,,,,,,,,,,,,,,,,,,,,,,,,,,,,,,,,,,,,,,,,,,,46938944500,46545447470,49967461500
462,국내증권사,13515,주식회사 우리투자증권,B,SF018,유가증권 보유현황(기타포괄손익-공정가치측정증권),A2,출자금,,,,,,,,,,,,,,,,,,,,,,,,,,,,,,,,,,,,,,,,,,,,,,,,,,,,,, , , 
463,국내증권사,13515,주식회사 우리투자증권,B,SF018,유가증권 보유현황(기타포괄손익-공정가치측정증권),A3,국채·지방채,,,,,,,,,,,,,,,,,,,,,,,,,,,,,,,,,,,,,,,,,,,,,,,,,,,,,, , , 
464,국내증권사,13515,주식회사 우리투자증권,B,SF018,유가증권 보유현황(기타포괄손익-공정가치측정증권),A4,특수채,,,,,,,,,,,,,,,,,,,,,,,,,,,,,,,,,,,,,,,,,,,,,,,,,,,,,, ,10115136686,301323550091
465,국내증권사,13515,주식회사 우리투자증권,B,SF018,유가증권 보유현황(기타포괄손익-공정가치측정증권),A5,회사채,,,,,,,,,,,,,,,,,,,,,,,,,,,,,,,,,,,,,,,,,,,,,,,,,,,,,, , ,281632365861
466,국내증권사,13515,주식회사 우리투자증권,B,SF018,유가증권 보유현황(기타포괄손익-공정가치측정증권),A6,집합투자증권,,,,,,,,,,,,,,,,,,,,,,,,,,,,,,,,,,,,,,,,,,,,,,,,,,,,,,0,0,0
467,국내증권사,13515,주식회사 우리투자증권,B,SF018,유가증권 보유현황(기타포괄손익-공정가치측정증권),A7,기업어음증권,,,,,,,,,,,,,,,,,,,,,,,,,,,,,,,,,,,,,,,,,,,,,,,,,,,,,, , , 
468,국내증권사,13515,주식회사 우리투자증권,B,SF018,유가증권 보유현황(기타포괄손익-공정가치측정증권),A8,외화증권,,,,,,,,,,,,,,,,,,,,,,,,,,,,,,,,,,,,,,,,,,,,,,,,,,,,,,0,0,0
469,국내증권사,13515,주식회사 우리투자증권,B,SF018,유가증권 보유현황(기타포괄손익-공정가치측정증권),A9,기타,,,,,,,,,,,,,,,,,,,,,,,,,,,,,,,,,,,,,,,,,,,,,,,,,,,,,, , , 
470,국내증권사,15363,CMS증권한국주식회사,B,SF018,유가증권 보유현황(기타포괄손익-공정가치측정증권),A,기타포괄손익-공정가치측정증권,,,,,,,,,,,,,,,,,,,,,,,,,,0,0,0,0,0,0,0,0,0,0,0,0,0,0,0,0,0,0,0,0,0,0,0,0,0,0,0,0,0,0,0
471,국내증권사,15363,CMS증권한국주식회사,B,SF018,유가증권 보유현황(기타포괄손익-공정가치측정증권),A1,주식,,,,,,,,,,,,,,,,,,,,,,,,,, , , , , , , , , , , , , , , , ,0, , , , , , , , , , , , , , 
472,국내증권사,15363,CMS증권한국주식회사,B,SF018,유가증권 보유현황(기타포괄손익-공정가치측정증권),A2,출자금,,,,,,,,,,,,,,,,,,,,,,,,,, , , , , , , , , , , , , , , , ,0, , , , , , , , , , , , , , 
473,국내증권사,15363,CMS증권한국주식회사,B,SF018,유가증권 보유현황(기타포괄손익-공정가치측정증권),A3,국채·지방채,,,,,,,,,,,,,,,,,,,,,,,,,, , , , , , , , , , , , , , , , ,0, , , , , , , , , , , , , , 
474,국내증권사,15363,CMS증권한국주식회사,B,SF018,유가증권 보유현황(기타포괄손익-공정가치측정증권),A4,특수채,,,,,,,,,,,,,,,,,,,,,,,,,, , , , , , , , , , , , , , , , ,0, , , , , , , , , , , , , , 
475,국내증권사,15363,CMS증권한국주식회사,B,SF018,유가증권 보유현황(기타포괄손익-공정가치측정증권),A5,회사채,,,,,,,,,,,,,,,,,,,,,,,,,, , , , , , , , , , , , , , , , ,0, , , , , , , , , , , , , , 
476,국내증권사,15363,CMS증권한국주식회사,B,SF018,유가증권 보유현황(기타포괄손익-공정가치측정증권),A6,집합투자증권,,,,,,,,,,,,,,,,,,,,,,,,,,0,0,0,0,0,0,0,0,0,0,0,0,0,0,0,0,0,0,0,0,0,0,0,0,0,0,0,0,0,0,0
477,국내증권사,15363,CMS증권한국주식회사,B,SF018,유가증권 보유현황(기타포괄손익-공정가치측정증권),A7,기업어음증권,,,,,,,,,,,,,,,,,,,,,,,,,, , , , , , , , , , , , , , , , ,0, , , , , , , , , , , , , , 
478,국내증권사,15363,CMS증권한국주식회사,B,SF018,유가증권 보유현황(기타포괄손익-공정가치측정증권),A8,외화증권,,,,,,,,,,,,,,,,,,,,,,,,,,0,0,0,0,0,0,0,0,0,0,0,0,0,0,0,0,0,0,0,0,0,0,0,0,0,0,0,0,0,0,0
479,국내증권사,15363,CMS증권한국주식회사,B,SF018,유가증권 보유현황(기타포괄손익-공정가치측정증권),A9,기타,,,,,,,,,,,,,,,,,,,,,,,,,, , , , , , , , , , , , , , , , ,0, , , , , , , , , , , , , , 
480,국내증권사,17713,토스증권 주식회사,B,SF018,유가증권 보유현황(기타포괄손익-공정가치측정증권),A,기타포괄손익-공정가치측정증권,,,,,,,,,,,,,,,,,,,,,,,,,,,,,,,,,,,,,,,0,0,0,0,0,0,0,0,0,0,0,0,0,0,0,0,0,0
481,국내증권사,17713,토스증권 주식회사,B,SF018,유가증권 보유현황(기타포괄손익-공정가치측정증권),A1,주식,,,,,,,,,,,,,,,,,,,,,,,,,,,,,,,,,,,,,,,0,0, ,0, ,0,0,0, ,0, ,0,0,0,0,0,0,0
482,국내증권사,17713,토스증권 주식회사,B,SF018,유가증권 보유현황(기타포괄손익-공정가치측정증권),A2,출자금,,,,,,,,,,,,,,,,,,,,,,,,,,,,,,,,,,,,,,,0,0, ,0, ,0,0,0, ,0, ,0,0,0,0,0,0,0
483,국내증권사,17713,토스증권 주식회사,B,SF018,유가증권 보유현황(기타포괄손익-공정가치측정증권),A3,국채·지방채,,,,,,,,,,,,,,,,,,,,,,,,,,,,,,,,,,,,,,,0,0, ,0, ,0,0,0, ,0, ,0,0,0,0,0,0,0
484,국내증권사,17713,토스증권 주식회사,B,SF018,유가증권 보유현황(기타포괄손익-공정가치측정증권),A4,특수채,,,,,,,,,,,,,,,,,,,,,,,,,,,,,,,,,,,,,,,0,0, ,0, ,0,0,0, ,0, ,0,0,0,0,0,0,0
485,국내증권사,17713,토스증권 주식회사,B,SF018,유가증권 보유현황(기타포괄손익-공정가치측정증권),A5,회사채,,,,,,,,,,,,,,,,,,,,,,,,,,,,,,,,,,,,,,,0,0, ,0, ,0,0,0, ,0, ,0,0,0,0,0,0,0
486,국내증권사,17713,토스증권 주식회사,B,SF018,유가증권 보유현황(기타포괄손익-공정가치측정증권),A6,집합투자증권,,,,,,,,,,,,,,,,,,,,,,,,,,,,,,,,,,,,,,,0,0,0,0,0,0,0,0,0,0,0,0,0,0,0,0,0,0
487,국내증권사,17713,토스증권 주식회사,B,SF018,유가증권 보유현황(기타포괄손익-공정가치측정증권),A7,기업어음증권,,,,,,,,,,,,,,,,,,,,,,,,,,,,,,,,,,,,,,,0,0, ,0, ,0,0,0, ,0, ,0,0,0,0,0,0,0
488,국내증권사,17713,토스증권 주식회사,B,SF018,유가증권 보유현황(기타포괄손익-공정가치측정증권),A8,외화증권,,,,,,,,,,,,,,,,,,,,,,,,,,,,,,,,,,,,,,,0,0,0,0,0,0,0,0,0,0,0,0,0,0,0,0,0,0
489,국내증권사,17713,토스증권 주식회사,B,SF018,유가증권 보유현황(기타포괄손익-공정가치측정증권),A9,기타,,,,,,,,,,,,,,,,,,,,,,,,,,,,,,,,,,,,,,,0,0, ,0, ,0,0,0, ,0, ,0,0,0,0,0,0,0
490,국내증권사,17993,한국아이엠씨증권 주식회사,B,SF018,유가증권 보유현황(기타포괄손익-공정가치측정증권),A,기타포괄손익-공정가치측정증권,,,,,,,,,,,,,,,,,,,,,,,,,,,,,,,,,,,,,,,,,0,0,0,0,0,0,0,0,0,0,0,0,0,0,0,0
491,국내증권사,17993,한국아이엠씨증권 주식회사,B,SF018,유가증권 보유현황(기타포괄손익-공정가치측정증권),A1,주식,,,,,,,,,,,,,,,,,,,,,,,,,,,,,,,,,,,,,,,,, ,0, , , , , , , , , , , , , , 
492,국내증권사,17993,한국아이엠씨증권 주식회사,B,SF018,유가증권 보유현황(기타포괄손익-공정가치측정증권),A2,출자금,,,,,,,,,,,,,,,,,,,,,,,,,,,,,,,,,,,,,,,,, ,0, , , , , , , , , , , , , , 
493,국내증권사,17993,한국아이엠씨증권 주식회사,B,SF018,유가증권 보유현황(기타포괄손익-공정가치측정증권),A3,국채·지방채,,,,,,,,,,,,,,,,,,,,,,,,,,,,,,,,,,,,,,,,, ,0, , , , , , , , , , , , , , 
494,국내증권사,17993,한국아이엠씨증권 주식회사,B,SF018,유가증권 보유현황(기타포괄손익-공정가치측정증권),A4,특수채,,,,,,,,,,,,,,,,,,,,,,,,,,,,,,,,,,,,,,,,, ,0, , , , , , , , , , , , , , 
495,국내증권사,17993,한국아이엠씨증권 주식회사,B,SF018,유가증권 보유현황(기타포괄손익-공정가치측정증권),A5,회사채,,,,,,,,,,,,,,,,,,,,,,,,,,,,,,,,,,,,,,,,, ,0, , , , , , , , , , , , , , 
496,국내증권사,17993,한국아이엠씨증권 주식회사,B,SF018,유가증권 보유현황(기타포괄손익-공정가치측정증권),A6,집합투자증권,,,,,,,,,,,,,,,,,,,,,,,,,,,,,,,,,,,,,,,,,0,0,0,0,0,0,0,0,0,0,0,0,0,0,0,0
497,국내증권사,17993,한국아이엠씨증권 주식회사,B,SF018,유가증권 보유현황(기타포괄손익-공정가치측정증권),A7,기업어음증권,,,,,,,,,,,,,,,,,,,,,,,,,,,,,,,,,,,,,,,,, ,0, , , , , , , , , , , , , , 
498,국내증권사,17993,한국아이엠씨증권 주식회사,B,SF018,유가증권 보유현황(기타포괄손익-공정가치측정증권),A8,외화증권,,,,,,,,,,,,,,,,,,,,,,,,,,,,,,,,,,,,,,,,,0,0,0,0,0,0,0,0,0,0,0,0,0,0,0,0
499,국내증권사,17993,한국아이엠씨증권 주식회사,B,SF018,유가증권 보유현황(기타포괄손익-공정가치측정증권),A9,기타,,,,,,,,,,,,,,,,,,,,,,,,,,,,,,,,,,,,,,,,, ,0, , , , , , , , , , , , , , 
500,외국계증권사,10145,크레디트스위스증권서울지점,B,SF018,유가증권 보유현황(기타포괄손익-공정가치측정증권),A,기타포괄손익-공정가치측정증권,200000000,200000000,200000000,200000000,200000000,200000000,200000000,200000000,200000000,200000000,200000000,200000000,200000000,200000000,200000000,200000000,200000000,200000000,200000000,200000000,200000000,200000000,200000000,,,,,,,,,,,,,,,,,,,,,,,,,,,,,,,,,
501,외국계증권사,10145,크레디트스위스증권서울지점,B,SF018,유가증권 보유현황(기타포괄손익-공정가치측정증권),A1,주식, , , , , , , ,0, , , , , , , , , , , , , , , ,,,,,,,,,,,,,,,,,,,,,,,,,,,,,,,,,
502,외국계증권사,10145,크레디트스위스증권서울지점,B,SF018,유가증권 보유현황(기타포괄손익-공정가치측정증권),A2,출자금,200000000,200000000,200000000,200000000,200000000,200000000,200000000,200000000,200000000,200000000,200000000,200000000,200000000,200000000,200000000,200000000,200000000,200000000,200000000,200000000,200000000,200000000,200000000,,,,,,,,,,,,,,,,,,,,,,,,,,,,,,,,,
503,외국계증권사,10145,크레디트스위스증권서울지점,B,SF018,유가증권 보유현황(기타포괄손익-공정가치측정증권),A3,국채·지방채, , , , , , , ,0, , , , , , , , , , , , , , , ,,,,,,,,,,,,,,,,,,,,,,,,,,,,,,,,,
504,외국계증권사,10145,크레디트스위스증권서울지점,B,SF018,유가증권 보유현황(기타포괄손익-공정가치측정증권),A4,특수채, , , , , , , ,0, , , , , , , , , , , , , , , ,,,,,,,,,,,,,,,,,,,,,,,,,,,,,,,,,
505,외국계증권사,10145,크레디트스위스증권서울지점,B,SF018,유가증권 보유현황(기타포괄손익-공정가치측정증권),A5,회사채, , , , , , , ,0, , , , , , , , , , , , , , , ,,,,,,,,,,,,,,,,,,,,,,,,,,,,,,,,,
506,외국계증권사,10145,크레디트스위스증권서울지점,B,SF018,유가증권 보유현황(기타포괄손익-공정가치측정증권),A6,집합투자증권,0,0,0,0,0,0,0,0,0,0,0,0,0,0,0,0,0,0,0,0,0,0,0,,,,,,,,,,,,,,,,,,,,,,,,,,,,,,,,,
507,외국계증권사,10145,크레디트스위스증권서울지점,B,SF018,유가증권 보유현황(기타포괄손익-공정가치측정증권),A7,기업어음증권, , , , , , , ,0, , , , , , , , , , , , , , , ,,,,,,,,,,,,,,,,,,,,,,,,,,,,,,,,,
508,외국계증권사,10145,크레디트스위스증권서울지점,B,SF018,유가증권 보유현황(기타포괄손익-공정가치측정증권),A8,외화증권,0,0,0,0,0,0,0,0,0,0,0,0,0,0,0,0,0,0,0,0,0,0,0,,,,,,,,,,,,,,,,,,,,,,,,,,,,,,,,,
509,외국계증권사,10145,크레디트스위스증권서울지점,B,SF018,유가증권 보유현황(기타포괄손익-공정가치측정증권),A9,기타, , , , , , , ,0, , , , , , , , , , , , , , , ,,,,,,,,,,,,,,,,,,,,,,,,,,,,,,,,,
510,외국계증권사,10149,골드만삭스증권회사서울지점,B,SF018,유가증권 보유현황(기타포괄손익-공정가치측정증권),A,기타포괄손익-공정가치측정증권,200000000,200000000,200000000,200000000,200000000,200000000,200000000,200000000,200000000,200000000,200000000,200000000,200000000,200000000,200000000,200000000,200000000,200000000,200000000,200000000,200000000,200000000,200000000,200000000,200000000,200000000,200000000,0,0,0,0,0,0,0,0,0,0,0,0,0,0,0,0,0,0,0,0,0,0,0,0,0,0,0,0,0
511,외국계증권사,10149,골드만삭스증권회사서울지점,B,SF018,유가증권 보유현황(기타포괄손익-공정가치측정증권),A1,주식, , , , , , , , , , , ,0, , ,0, , , ,0, , , ,0, , , ,0, , , ,0, , , ,0, , , , , , , , , , , ,0, , , , , , , ,0, 
512,외국계증권사,10149,골드만삭스증권회사서울지점,B,SF018,유가증권 보유현황(기타포괄손익-공정가치측정증권),A2,출자금,200000000,200000000,200000000,200000000,200000000,200000000,200000000,200000000,200000000,200000000,200000000,200000000,200000000,200000000,200000000,200000000,200000000,200000000,200000000,200000000,200000000,200000000,200000000,200000000,200000000,200000000,200000000,0,0,0,0,0,0,0,0,0,0,0,0,0,0,0,0,0,0,0,0,0,0,0,0,0,0,0,0,0
513,외국계증권사,10149,골드만삭스증권회사서울지점,B,SF018,유가증권 보유현황(기타포괄손익-공정가치측정증권),A3,국채·지방채, , , , , , , , , , , ,0, , ,0, , , ,0, , , ,0, , , ,0, , , ,0, , , ,0, , , , , , , , , , , ,0, , , , , , , ,0, 
514,외국계증권사,10149,골드만삭스증권회사서울지점,B,SF018,유가증권 보유현황(기타포괄손익-공정가치측정증권),A4,특수채, , , , , , , , , , , ,0, , ,0, , , ,0, , , ,0, , , ,0, , , ,0, , , ,0, , , , , , , , , , , ,0, , , , , , , ,0, 
515,외국계증권사,10149,골드만삭스증권회사서울지점,B,SF018,유가증권 보유현황(기타포괄손익-공정가치측정증권),A5,회사채, , , , , , , , , , , ,0, , ,0, , , ,0, , , ,0, , , ,0, , , ,0, , , ,0, , , , , , , , , , , ,0, , , , , , , ,0, 
516,외국계증권사,10149,골드만삭스증권회사서울지점,B,SF018,유가증권 보유현황(기타포괄손익-공정가치측정증권),A6,집합투자증권,0,0,0,0,0,0,0,0,0,0,0,0,0,0,0,0,0,0,0,0,0,0,0,0,0,0,0,0,0,0,0,0,0,0,0,0,0,0,0,0,0,0,0,0,0,0,0,0,0,0,0,0,0,0,0,0
517,외국계증권사,10149,골드만삭스증권회사서울지점,B,SF018,유가증권 보유현황(기타포괄손익-공정가치측정증권),A7,기업어음증권, , , , , , , , , , , ,0, , ,0, , , ,0, , , ,0, , , ,0, , , ,0, , , ,0, , , , , , , , , , , ,0, , , , , , , ,0, 
518,외국계증권사,10149,골드만삭스증권회사서울지점,B,SF018,유가증권 보유현황(기타포괄손익-공정가치측정증권),A8,외화증권,0,0,0,0,0,0,0,0,0,0,0,0,0,0,0,0,0,0,0,0,0,0,0,0,0,0,0,0,0,0,0,0,0,0,0,0,0,0,0,0,0,0,0,0,0,0,0,0,0,0,0,0,0,0,0,0
519,외국계증권사,10149,골드만삭스증권회사서울지점,B,SF018,유가증권 보유현황(기타포괄손익-공정가치측정증권),A9,기타, , , , , , , , , , , ,0, , ,0, , , ,0, , , ,0, , , ,0, , , ,0, , , ,0, , , , , , , , , , , ,0, , , , , , , ,0, 
520,외국계증권사,10153,메릴린치인터내셔날엘엘씨증권 서울지점,B,SF018,유가증권 보유현황(기타포괄손익-공정가치측정증권),A,기타포괄손익-공정가치측정증권,0,0,0,0,0,0,0,0,0,0,0,0,0,0,0,0,0,0,0,0,0,0,0,0,0,0,0,0,0,0,0,0,0,0,0,0,0,0,0,0,0,0,0,0,0,0,0,0,0,0,0,0,0,0,0,0
521,외국계증권사,10153,메릴린치인터내셔날엘엘씨증권 서울지점,B,SF018,유가증권 보유현황(기타포괄손익-공정가치측정증권),A1,주식,0,0,0,0,0,0,0,0, , , , , , , , , , , , , , , , , , , ,0, , , , ,0,0,0,0,0,0,0,0,0,0,0,0,0,0,0,0,0,0,0,0,0,0,0,0
522,외국계증권사,10153,메릴린치인터내셔날엘엘씨증권 서울지점,B,SF018,유가증권 보유현황(기타포괄손익-공정가치측정증권),A2,출자금,0,0,0,0,0,0,0,0, , , , , , , , , , , , , , , , , , , ,0, , , , ,0,0,0,0,0,0,0,0,0,0,0,0,0,0,0,0,0,0,0,0,0,0,0,0
523,외국계증권사,10153,메릴린치인터내셔날엘엘씨증권 서울지점,B,SF018,유가증권 보유현황(기타포괄손익-공정가치측정증권),A3,국채·지방채,0,0,0,0,0,0,0,0, , , , , , , , , , , , , , , , , , , ,0, , , , ,0,0,0,0,0,0,0,0,0,0,0,0,0,0,0,0,0,0,0,0,0,0,0,0
524,외국계증권사,10153,메릴린치인터내셔날엘엘씨증권 서울지점,B,SF018,유가증권 보유현황(기타포괄손익-공정가치측정증권),A4,특수채,0,0,0,0,0,0,0,0, , , , , , , , , , , , , , , , , , , ,0, , , , ,0,0,0,0,0,0,0,0,0,0,0,0,0,0,0,0,0,0,0,0,0,0,0,0
525,외국계증권사,10153,메릴린치인터내셔날엘엘씨증권 서울지점,B,SF018,유가증권 보유현황(기타포괄손익-공정가치측정증권),A5,회사채,0,0,0,0,0,0,0,0, , , , , , , , , , , , , , , , , , , ,0, , , , ,0,0,0,0,0,0,0,0,0,0,0,0,0,0,0,0,0,0,0,0,0,0,0,0
526,외국계증권사,10153,메릴린치인터내셔날엘엘씨증권 서울지점,B,SF018,유가증권 보유현황(기타포괄손익-공정가치측정증권),A6,집합투자증권,0,0,0,0,0,0,0,0,0,0,0,0,0,0,0,0,0,0,0,0,0,0,0,0,0,0,0,0,0,0,0,0,0,0,0,0,0,0,0,0,0,0,0,0,0,0,0,0,0,0,0,0,0,0,0,0
527,외국계증권사,10153,메릴린치인터내셔날엘엘씨증권 서울지점,B,SF018,유가증권 보유현황(기타포괄손익-공정가치측정증권),A7,기업어음증권,0,0,0,0,0,0,0,0, , , , , , , , , , , , , , , , , , , ,0, , , , ,0,0,0,0,0,0,0,0,0,0,0,0,0,0,0,0,0,0,0,0,0,0,0,0
528,외국계증권사,10153,메릴린치인터내셔날엘엘씨증권 서울지점,B,SF018,유가증권 보유현황(기타포괄손익-공정가치측정증권),A8,외화증권,0,0,0,0,0,0,0,0,0,0,0,0,0,0,0,0,0,0,0,0,0,0,0,0,0,0,0,0,0,0,0,0,0,0,0,0,0,0,0,0,0,0,0,0,0,0,0,0,0,0,0,0,0,0,0,0
529,외국계증권사,10153,메릴린치인터내셔날엘엘씨증권 서울지점,B,SF018,유가증권 보유현황(기타포괄손익-공정가치측정증권),A9,기타,0,0,0,0,0,0,0,0, , , , , , , , , , , , , , , , , , , ,0, , , , ,0,0,0,0,0,0,0,0,0,0,0,0,0,0,0,0,0,0,0,0,0,0,0,0
530,외국계증권사,10154,모간스탠리인터내셔날증권회사서울지점,B,SF018,유가증권 보유현황(기타포괄손익-공정가치측정증권),A,기타포괄손익-공정가치측정증권,936900000,936900000,936900000,936900000,936900000,831635000,831635000,717635000,717635000,717635000,637135000,513135000,450135000,450135000,200000000,200000000,200000000,200000000,200000000,200000000,200000000,200000000,200000000,200000000,200000000,200000000,200000000,0,0,0,0,0,0,0,0,0,0,0,0,0,0,0,0,0,0,0,0,0,0,0,0,0,0,0,0,0
531,외국계증권사,10154,모간스탠리인터내셔날증권회사서울지점,B,SF018,유가증권 보유현황(기타포괄손익-공정가치측정증권),A1,주식,736900000,736900000,736900000,736900000,736900000,631635000,631635000,517635000,517635000,517635000,437135000,313135000,250135000,250135000,0,0,0,0,0,0,0,0,0,0,0,0,0,0,0,0,0,0,0,0,0,0,0,0,0,0,0,0,0,0,0,0,0,0,0,0,0,0,0,0,0,0
532,외국계증권사,10154,모간스탠리인터내셔날증권회사서울지점,B,SF018,유가증권 보유현황(기타포괄손익-공정가치측정증권),A2,출자금,200000000,200000000,200000000,200000000,200000000,200000000,200000000,200000000,200000000,200000000,200000000,200000000,200000000,200000000,200000000,200000000,200000000,200000000,200000000,200000000,200000000,200000000,200000000,200000000,200000000,200000000,200000000,0,0,0,0,0,0,0,0,0,0,0,0,0,0,0,0,0,0,0,0,0,0,0,0,0,0,0,0,0
533,외국계증권사,10154,모간스탠리인터내셔날증권회사서울지점,B,SF018,유가증권 보유현황(기타포괄손익-공정가치측정증권),A3,국채·지방채,0,0,0,0,0,0,0,0,0,0,0,0,0,0,0,0,0,0,0,0,0,0,0,0,0,0,0,0,0,0,0,0,0,0,0,0,0,0,0,0,0,0,0,0,0,0,0,0,0,0,0,0,0,0,0,0
534,외국계증권사,10154,모간스탠리인터내셔날증권회사서울지점,B,SF018,유가증권 보유현황(기타포괄손익-공정가치측정증권),A4,특수채,0,0,0,0,0,0,0,0,0,0,0,0,0,0,0,0,0,0,0,0,0,0,0,0,0,0,0,0,0,0,0,0,0,0,0,0,0,0,0,0,0,0,0,0,0,0,0,0,0,0,0,0,0,0,0,0
535,외국계증권사,10154,모간스탠리인터내셔날증권회사서울지점,B,SF018,유가증권 보유현황(기타포괄손익-공정가치측정증권),A5,회사채,0,0,0,0,0,0,0,0,0,0,0,0,0,0,0,0,0,0,0,0,0,0,0,0,0,0,0,0,0,0,0,0,0,0,0,0,0,0,0,0,0,0,0,0,0,0,0,0,0,0,0,0,0,0,0,0
536,외국계증권사,10154,모간스탠리인터내셔날증권회사서울지점,B,SF018,유가증권 보유현황(기타포괄손익-공정가치측정증권),A6,집합투자증권,0,0,0,0,0,0,0,0,0,0,0,0,0,0,0,0,0,0,0,0,0,0,0,0,0,0,0,0,0,0,0,0,0,0,0,0,0,0,0,0,0,0,0,0,0,0,0,0,0,0,0,0,0,0,0,0
537,외국계증권사,10154,모간스탠리인터내셔날증권회사서울지점,B,SF018,유가증권 보유현황(기타포괄손익-공정가치측정증권),A7,기업어음증권,0,0,0,0,0,0,0,0,0,0,0,0,0,0,0,0,0,0,0,0,0,0,0,0,0,0,0,0,0,0,0,0,0,0,0,0,0,0,0,0,0,0,0,0,0,0,0,0,0,0,0,0,0,0,0,0
538,외국계증권사,10154,모간스탠리인터내셔날증권회사서울지점,B,SF018,유가증권 보유현황(기타포괄손익-공정가치측정증권),A8,외화증권,0,0,0,0,0,0,0,0,0,0,0,0,0,0,0,0,0,0,0,0,0,0,0,0,0,0,0,0,0,0,0,0,0,0,0,0,0,0,0,0,0,0,0,0,0,0,0,0,0,0,0,0,0,0,0,0
539,외국계증권사,10154,모간스탠리인터내셔날증권회사서울지점,B,SF018,유가증권 보유현황(기타포괄손익-공정가치측정증권),A9,기타,0,0,0,0,0,0,0,0,0,0,0,0,0,0,0,0,0,0,0,0,0,0,0,0,0,0,0,0,0,0,0,0,0,0,0,0,0,0,0,0,0,0,0,0,0,0,0,0,0,0,0,0,0,0,0,0
540,외국계증권사,10158,제이피모간증권회사서울지점,B,SF018,유가증권 보유현황(기타포괄손익-공정가치측정증권),A,기타포괄손익-공정가치측정증권,104017786362,99825753194,96436489694,108199493548,109361526748,105641729360,103706298508,101046533628,99985209972,99410649112,93204746250,90300954398,85993039096,89520455432,91988484834,89922648034,91052402534,92544969622,92076282898,91680546036,93202809528,90937490362,98284122482,97951006298,97495231054,97835448552,98098197170,95736041904,96209247646,97206659476,99533953746,97407432990,105747603496,108095556134,107294398800,106543596238,122106448656,122823681370,131578955958,136806814210,142735120252,145899078426,145988167638,144068230562,186166756676,186480505640,160412873094,159708551860,174294005242,167275324714,169140388000,173802077854,169486415664,162001630708,162692394888,159138510018
541,외국계증권사,10158,제이피모간증권회사서울지점,B,SF018,유가증권 보유현황(기타포괄손익-공정가치측정증권),A1,주식,96973607262,99825753194,96436489694,108199493548,109361526748,105641729360,103706298508,101046533628,99985209972,99410649112,93204746250,90300954398,85993039096,89520455432,91988484834,89922648034,91052402534,92544969622,92076282898,91680546036,93202809528,90937490362,98284122482,97951006298,97495231054,97835448552,98098197170,95736041904,96209247646,97206659476,99533953746,97407432990,105747603496,108095556134,107294398800,106543596238,122106448656,122823681370,131578955958,136806814210,142735120252,145899078426,145988167638,144068230562,186166756676,186480505640,160412873094,159708551860,174294005242,167275324714,169140388000,173802077854,169486415664,162001630708,162692394888,159138510018
542,외국계증권사,10158,제이피모간증권회사서울지점,B,SF018,유가증권 보유현황(기타포괄손익-공정가치측정증권),A2,출자금, , , , , , , , , , , , , , , ,0,0,0, , , , ,0, , ,0,0,0,0,0,0,0,0, , , , , , , , , , , , , , , , , , , , , , , 
543,외국계증권사,10158,제이피모간증권회사서울지점,B,SF018,유가증권 보유현황(기타포괄손익-공정가치측정증권),A3,국채·지방채, , , , , , , , , , , , , , , ,0,0,0, , , , ,0, , ,0,0,0,0,0,0,0,0, , , , , , , , , , , , , , , , , , , , , , , 
544,외국계증권사,10158,제이피모간증권회사서울지점,B,SF018,유가증권 보유현황(기타포괄손익-공정가치측정증권),A4,특수채, , , , , , , , , , , , , , , ,0,0,0, , , , ,0, , ,0,0,0,0,0,0,0,0, , , , , , , , , , , , , , , , , , , , , , , 
545,외국계증권사,10158,제이피모간증권회사서울지점,B,SF018,유가증권 보유현황(기타포괄손익-공정가치측정증권),A5,회사채, , , , , , , , , , , , , , , ,0,0,0, , , , ,0, , ,0,0,0,0,0,0,0,0, , , , , , , , , , , , , , , , , , , , , , , 
546,외국계증권사,10158,제이피모간증권회사서울지점,B,SF018,유가증권 보유현황(기타포괄손익-공정가치측정증권),A6,집합투자증권,0,0,0,0,0,0,0,0,0,0,0,0,0,0,0,0,0,0,0,0,0,0,0,0,0,0,0,0,0,0,0,0,0,0,0,0,0,0,0,0,0,0,0,0,0,0,0,0,0,0,0,0,0,0,0,0
547,외국계증권사,10158,제이피모간증권회사서울지점,B,SF018,유가증권 보유현황(기타포괄손익-공정가치측정증권),A7,기업어음증권, , , , , , , , , , , , , , , ,0,0,0, , , , ,0, , ,0,0,0,0,0,0,0,0, , , , , , , , , , , , , , , , , , , , , , , 
548,외국계증권사,10158,제이피모간증권회사서울지점,B,SF018,유가증권 보유현황(기타포괄손익-공정가치측정증권),A8,외화증권,0,0,0,0,0,0,0,0,0,0,0,0,0,0,0,0,0,0,0,0,0,0,0,0,0,0,0,0,0,0,0,0,0,0,0,0,0,0,0,0,0,0,0,0,0,0,0,0,0,0,0,0,0,0,0,0
549,외국계증권사,10158,제이피모간증권회사서울지점,B,SF018,유가증권 보유현황(기타포괄손익-공정가치측정증권),A9,기타,7044179100,0, , , , , , , , , , , , , ,0,0,0, , , , ,0, , ,0,0,0,0,0,0,0,0, , , , , , , , , , , , , , , , , , , , , , , 
550,외국계증권사,10162,크레디 아그리콜 아시아증권 서울지점,B,SF018,유가증권 보유현황(기타포괄손익-공정가치측정증권),A,기타포괄손익-공정가치측정증권,0,0,0,0,0,0,0,0,0,0,0,0,0,0,0,0,0,0,0,0,0,0,0,0,0,0,0,0,0,0,0,0,0,0,0,0,0,0,0,0,0,0,0,0,0,0,0,0,0,0,0,0,0,0,0,0
551,외국계증권사,10162,크레디 아그리콜 아시아증권 서울지점,B,SF018,유가증권 보유현황(기타포괄손익-공정가치측정증권),A1,주식,0,0,0,0,0,0,0,0,0,0,0,0,0,0,0,0,0,0,0,0,0,0,0,0,0,0,0,0,0,0,0,0, , , , , , , , , , , , , , , , , , , , , , , , 
552,외국계증권사,10162,크레디 아그리콜 아시아증권 서울지점,B,SF018,유가증권 보유현황(기타포괄손익-공정가치측정증권),A2,출자금,0,0,0,0,0,0,0,0,0,0,0,0,0,0,0,0,0,0,0,0,0,0,0,0,0,0,0,0,0,0,0,0, , , , , , , , , , , , , , , , , , , , , , , , 
553,외국계증권사,10162,크레디 아그리콜 아시아증권 서울지점,B,SF018,유가증권 보유현황(기타포괄손익-공정가치측정증권),A3,국채·지방채,0,0,0,0,0,0,0,0,0,0,0,0,0,0,0,0,0,0,0,0,0,0,0,0,0,0,0,0,0,0,0,0, , , , , , , , , , , , , , , , , , , , , , , , 
554,외국계증권사,10162,크레디 아그리콜 아시아증권 서울지점,B,SF018,유가증권 보유현황(기타포괄손익-공정가치측정증권),A4,특수채,0,0,0,0,0,0,0,0,0,0,0,0,0,0,0,0,0,0,0,0,0,0,0,0,0,0,0,0,0,0,0,0, , , , , , , , , , , , , , , , , , , , , , , , 
555,외국계증권사,10162,크레디 아그리콜 아시아증권 서울지점,B,SF018,유가증권 보유현황(기타포괄손익-공정가치측정증권),A5,회사채,0,0,0,0,0,0,0,0,0,0,0,0,0,0,0,0,0,0,0,0,0,0,0,0,0,0,0,0,0,0,0,0, , , , , , , , , , , , , , , , , , , , , , , , 
556,외국계증권사,10162,크레디 아그리콜 아시아증권 서울지점,B,SF018,유가증권 보유현황(기타포괄손익-공정가치측정증권),A6,집합투자증권,0,0,0,0,0,0,0,0,0,0,0,0,0,0,0,0,0,0,0,0,0,0,0,0,0,0,0,0,0,0,0,0,0,0,0,0,0,0,0,0,0,0,0,0,0,0,0,0,0,0,0,0,0,0,0,0
557,외국계증권사,10162,크레디 아그리콜 아시아증권 서울지점,B,SF018,유가증권 보유현황(기타포괄손익-공정가치측정증권),A7,기업어음증권,0,0,0,0,0,0,0,0,0,0,0,0,0,0,0,0,0,0,0,0,0,0,0,0,0,0,0,0,0,0,0,0, , , , , , , , , , , , , , , , , , , , , , , , 
558,외국계증권사,10162,크레디 아그리콜 아시아증권 서울지점,B,SF018,유가증권 보유현황(기타포괄손익-공정가치측정증권),A8,외화증권,0,0,0,0,0,0,0,0,0,0,0,0,0,0,0,0,0,0,0,0,0,0,0,0,0,0,0,0,0,0,0,0,0,0,0,0,0,0,0,0,0,0,0,0,0,0,0,0,0,0,0,0,0,0,0,0
559,외국계증권사,10162,크레디 아그리콜 아시아증권 서울지점,B,SF018,유가증권 보유현황(기타포괄손익-공정가치측정증권),A9,기타,0,0,0,0,0,0,0,0,0,0,0,0,0,0,0,0,0,0,0,0,0,0,0,0,0,0,0,0,0,0,0,0, , , , , , , , , , , , , , , , , , , , , , , , 
560,외국계증권사,11218,홍콩상하이증권서울지점,B,SF018,유가증권 보유현황(기타포괄손익-공정가치측정증권),A,기타포괄손익-공정가치측정증권,0,0,0,0,0,0,0,0,0,0,0,0,0,0,0,0,0,0,0,0,0,0,0,0,0,0,0,0,0,0,0,0,0,0,0,0,0,0,0,0,0,0,0,0,0,0,0,0,0,0,0,0,0,0,0,0
561,외국계증권사,11218,홍콩상하이증권서울지점,B,SF018,유가증권 보유현황(기타포괄손익-공정가치측정증권),A1,주식, , , , , , , , , , , , ,0, , , , , , , , , , , , , , , , , , , , , , , , , , , , , , , ,0, , , , , , , , , ,0, 
562,외국계증권사,11218,홍콩상하이증권서울지점,B,SF018,유가증권 보유현황(기타포괄손익-공정가치측정증권),A2,출자금, , , , , , , , , , , , ,0, , , , , , , , , , , , , , , , , , , , , , , , , , , , , , , ,0, , , , , , , , , ,0, 
563,외국계증권사,11218,홍콩상하이증권서울지점,B,SF018,유가증권 보유현황(기타포괄손익-공정가치측정증권),A3,국채·지방채, , , , , , , , , , , , ,0, , , , , , , , , , , , , , , , , , , , , , , , , , , , , , , ,0, , , , , , , , , ,0, 
564,외국계증권사,11218,홍콩상하이증권서울지점,B,SF018,유가증권 보유현황(기타포괄손익-공정가치측정증권),A4,특수채, , , , , , , , , , , , ,0, , , , , , , , , , , , , , , , , , , , , , , , , , , , , , , ,0, , , , , , , , , ,0, 
565,외국계증권사,11218,홍콩상하이증권서울지점,B,SF018,유가증권 보유현황(기타포괄손익-공정가치측정증권),A5,회사채, , , , , , , , , , , , ,0, , , , , , , , , , , , , , , , , , , , , , , , , , , , , , , ,0, , , , , , , , , ,0, 
566,외국계증권사,11218,홍콩상하이증권서울지점,B,SF018,유가증권 보유현황(기타포괄손익-공정가치측정증권),A6,집합투자증권,0,0,0,0,0,0,0,0,0,0,0,0,0,0,0,0,0,0,0,0,0,0,0,0,0,0,0,0,0,0,0,0,0,0,0,0,0,0,0,0,0,0,0,0,0,0,0,0,0,0,0,0,0,0,0,0
567,외국계증권사,11218,홍콩상하이증권서울지점,B,SF018,유가증권 보유현황(기타포괄손익-공정가치측정증권),A7,기업어음증권, , , , , , , , , , , , ,0, , , , , , , , , , , , , , , , , , , , , , , , , , , , , , , ,0, , , , , , , , , ,0, 
568,외국계증권사,11218,홍콩상하이증권서울지점,B,SF018,유가증권 보유현황(기타포괄손익-공정가치측정증권),A8,외화증권,0,0,0,0,0,0,0,0,0,0,0,0,0,0,0,0,0,0,0,0,0,0,0,0,0,0,0,0,0,0,0,0,0,0,0,0,0,0,0,0,0,0,0,0,0,0,0,0,0,0,0,0,0,0,0,0
569,외국계증권사,11218,홍콩상하이증권서울지점,B,SF018,유가증권 보유현황(기타포괄손익-공정가치측정증권),A9,기타, , , , , , , , , , , , ,0, , , , , , , , , , , , , , , , , , , , , , , , , , , , , , , ,0, , , , , , , , , ,0, 
570,외국계증권사,11612,유비에스증권리미티드서울지점,B,SF018,유가증권 보유현황(기타포괄손익-공정가치측정증권),A,기타포괄손익-공정가치측정증권,200000000,200000000,200000000,200000000,200000000,200000000,200000000,200000000,200000000,200000000,200000000,200000000,200000000,200000000,200000000,200000000,200000000,200000000,200000000,200000000,200000000,200000000,200000000,200000000,200000000,200000000,200000000,200000000,200000000,200000000,200000000,200000000,200000000,200000000,200000000,200000000,200000000,200000000,200000000,200000000,200000000,200000000,200000000,200000000,200000000,200000000,200000000,200000000,200000000,200000000,200000000,200000000,200000000,200000000,200000000,200000000
571,외국계증권사,11612,유비에스증권리미티드서울지점,B,SF018,유가증권 보유현황(기타포괄손익-공정가치측정증권),A1,주식,0,0,0,0,0,0,0,0,0,0,0,0,0,0,0,0,0,0,0,0,0,0,0,0,0,0,0,0,0,0,0,0,0,0,0,0,0,0,0,0,0,0,0,0,0,0,0,0, , , , , , , , 
572,외국계증권사,11612,유비에스증권리미티드서울지점,B,SF018,유가증권 보유현황(기타포괄손익-공정가치측정증권),A2,출자금,0,0,0,0,0,0,0,0,0,0,0,0,0,0,0,0,0,0,0,0,0,0,0,0,0,0,0,0,0,0,0,0,0,0,0,0,0,0,0,0,0,0,0,0,0,0,0,0, , , , , , , , 
573,외국계증권사,11612,유비에스증권리미티드서울지점,B,SF018,유가증권 보유현황(기타포괄손익-공정가치측정증권),A3,국채·지방채,0,0,0,0,0,0,0,0,0,0,0,0,0,0,0,0,0,0,0,0,0,0,0,0,0,0,0,0,0,0,0,0,0,0,0,0,0,0,0,0,0,0,0,0,0,0,0,0, , , , , , , , 
574,외국계증권사,11612,유비에스증권리미티드서울지점,B,SF018,유가증권 보유현황(기타포괄손익-공정가치측정증권),A4,특수채,0,0,0,0,0,0,0,0,0,0,0,0,0,0,0,0,0,0,0,0,0,0,0,0,0,0,0,0,0,0,0,0,0,0,0,0,0,0,0,0,0,0,0,0,0,0,0,0, , , , , , , , 
575,외국계증권사,11612,유비에스증권리미티드서울지점,B,SF018,유가증권 보유현황(기타포괄손익-공정가치측정증권),A5,회사채,0,0,0,0,0,0,0,0,0,0,0,0,0,0,0,0,0,0,0,0,0,0,0,0,0,0,0,0,0,0,0,0,0,0,0,0,0,0,0,0,0,0,0,0,0,0,0,0, , , , , , , , 
576,외국계증권사,11612,유비에스증권리미티드서울지점,B,SF018,유가증권 보유현황(기타포괄손익-공정가치측정증권),A6,집합투자증권,0,0,0,0,0,0,0,0,0,0,0,0,0,0,0,0,0,0,0,0,0,0,0,0,0,0,0,0,0,0,0,0,0,0,0,0,0,0,0,0,0,0,0,0,0,0,0,0,0,0,0,0,0,0,0,0
577,외국계증권사,11612,유비에스증권리미티드서울지점,B,SF018,유가증권 보유현황(기타포괄손익-공정가치측정증권),A7,기업어음증권,0,0,0,0,0,0,0,0,0,0,0,0,0,0,0,0,0,0,0,0,0,0,0,0,0,0,0,0,0,0,0,0,0,0,0,0,0,0,0,0,0,0,0,0,0,0,0,0, , , , , , , , 
578,외국계증권사,11612,유비에스증권리미티드서울지점,B,SF018,유가증권 보유현황(기타포괄손익-공정가치측정증권),A8,외화증권,0,0,0,0,0,0,0,0,0,0,0,0,0,0,0,0,0,0,0,0,0,0,0,0,0,0,0,0,0,0,0,0,0,0,0,0,0,0,0,0,0,0,0,0,0,0,0,0,0,0,0,0,0,0,0,0
579,외국계증권사,11612,유비에스증권리미티드서울지점,B,SF018,유가증권 보유현황(기타포괄손익-공정가치측정증권),A9,기타,200000000,200000000,200000000,200000000,200000000,200000000,200000000,200000000,200000000,200000000,200000000,200000000,200000000,200000000,200000000,200000000,200000000,200000000,200000000,200000000,200000000,200000000,200000000,200000000,200000000,200000000,200000000,200000000,200000000,200000000,200000000,200000000,200000000,200000000,200000000,200000000,200000000,200000000,200000000,200000000,200000000,200000000,200000000,200000000,200000000,200000000,200000000,200000000,200000000,200000000,200000000,200000000,200000000,200000000,200000000,200000000
580,외국계증권사,13352,씨지에스 인터내셔널증권 홍콩 한국지점,B,SF018,유가증권 보유현황(기타포괄손익-공정가치측정증권),A,기타포괄손익-공정가치측정증권,,,,,,,,0,0,0,0,0,0,0,0,0,0,0,0,0,0,0,0,0,0,0,0,0,0,0,0,0,0,0,0,0,0,0,0,0,0,0,0,0,0,0,0,0,0,0,0,0,0,0,0,0
581,외국계증권사,13352,씨지에스 인터내셔널증권 홍콩 한국지점,B,SF018,유가증권 보유현황(기타포괄손익-공정가치측정증권),A1,주식,,,,,,,,0,0,0,0,0,0,0,0,0,0,0,0,0,0,0,0,0,0,0,0,0,0,0, , , , , , , , , , , , , , , , , , , , , , , , , , 
582,외국계증권사,13352,씨지에스 인터내셔널증권 홍콩 한국지점,B,SF018,유가증권 보유현황(기타포괄손익-공정가치측정증권),A2,출자금,,,,,,,,0,0,0,0,0,0,0,0,0,0,0,0,0,0,0,0,0,0,0,0,0,0,0, , , , , , , , , , , , , , , , , , , , , , , , , , 
583,외국계증권사,13352,씨지에스 인터내셔널증권 홍콩 한국지점,B,SF018,유가증권 보유현황(기타포괄손익-공정가치측정증권),A3,국채·지방채,,,,,,,,0,0,0,0,0,0,0,0,0,0,0,0,0,0,0,0,0,0,0,0,0,0,0, , , , , , , , , , , , , , , , , , , , , , , , , , 
584,외국계증권사,13352,씨지에스 인터내셔널증권 홍콩 한국지점,B,SF018,유가증권 보유현황(기타포괄손익-공정가치측정증권),A4,특수채,,,,,,,,0,0,0,0,0,0,0,0,0,0,0,0,0,0,0,0,0,0,0,0,0,0,0, , , , , , , , , , , , , , , , , , , , , , , , , , 
585,외국계증권사,13352,씨지에스 인터내셔널증권 홍콩 한국지점,B,SF018,유가증권 보유현황(기타포괄손익-공정가치측정증권),A5,회사채,,,,,,,,0,0,0,0,0,0,0,0,0,0,0,0,0,0,0,0,0,0,0,0,0,0,0, , , , , , , , , , , , , , , , , , , , , , , , , , 
586,외국계증권사,13352,씨지에스 인터내셔널증권 홍콩 한국지점,B,SF018,유가증권 보유현황(기타포괄손익-공정가치측정증권),A6,집합투자증권,,,,,,,,0,0,0,0,0,0,0,0,0,0,0,0,0,0,0,0,0,0,0,0,0,0,0,0,0,0,0,0,0,0,0,0,0,0,0,0,0,0,0,0,0,0,0,0,0,0,0,0,0
587,외국계증권사,13352,씨지에스 인터내셔널증권 홍콩 한국지점,B,SF018,유가증권 보유현황(기타포괄손익-공정가치측정증권),A7,기업어음증권,,,,,,,,0,0,0,0,0,0,0,0,0,0,0,0,0,0,0,0,0,0,0,0,0,0,0, , , , , , , , , , , , , , , , , , , , , , , , , , 
588,외국계증권사,13352,씨지에스 인터내셔널증권 홍콩 한국지점,B,SF018,유가증권 보유현황(기타포괄손익-공정가치측정증권),A8,외화증권,,,,,,,,0,0,0,0,0,0,0,0,0,0,0,0,0,0,0,0,0,0,0,0,0,0,0,0,0,0,0,0,0,0,0,0,0,0,0,0,0,0,0,0,0,0,0,0,0,0,0,0,0
589,외국계증권사,13352,씨지에스 인터내셔널증권 홍콩 한국지점,B,SF018,유가증권 보유현황(기타포괄손익-공정가치측정증권),A9,기타,,,,,,,,0,0,0,0,0,0,0,0,0,0,0,0,0,0,0,0,0,0,0,0,0,0,0, , , , , , , , , , , , , , , , , , , , , , , , , , 
590,외국계증권사,14595,아이엔지증권 서울지점,B,SF018,유가증권 보유현황(기타포괄손익-공정가치측정증권),A,기타포괄손익-공정가치측정증권,,,,,,,,,,,,,,,,,,,,,,0,140030103744,140035826581,140071037253,159923636071,139782515760,0,0,0,0,0,0,0,0,0,0,0,0,0,0,0,0,0,0,0,0,0,0,0,0,0,0,0,0,0
591,외국계증권사,14595,아이엔지증권 서울지점,B,SF018,유가증권 보유현황(기타포괄손익-공정가치측정증권),A1,주식,,,,,,,,,,,,,,,,,,,,,, , , , ,0,0,0,0,0,0,0,0,0,0, , ,0,0,0, , , , , ,0,0,0,0,0,0,0,0,0,0,0
592,외국계증권사,14595,아이엔지증권 서울지점,B,SF018,유가증권 보유현황(기타포괄손익-공정가치측정증권),A2,출자금,,,,,,,,,,,,,,,,,,,,,, , , , ,0,0,0,0,0,0,0,0,0,0, , ,0,0,0, , , , , ,0,0,0,0,0,0,0,0,0,0,0
593,외국계증권사,14595,아이엔지증권 서울지점,B,SF018,유가증권 보유현황(기타포괄손익-공정가치측정증권),A3,국채·지방채,,,,,,,,,,,,,,,,,,,,,, , , ,30085360656,40042628416,0,0,0,0,0,0,0,0,0, , ,0,0,0, , , , , ,0,0,0,0,0,0,0,0,0,0,0
594,외국계증권사,14595,아이엔지증권 서울지점,B,SF018,유가증권 보유현황(기타포괄손익-공정가치측정증권),A4,특수채,,,,,,,,,,,,,,,,,,,,,, ,140030103744,140035826581,109985676597,119881007655,139782515760,0,0,0,0,0,0,0,0, , ,0,0,0, , , , , ,0,0,0,0,0,0,0,0,0,0,0
595,외국계증권사,14595,아이엔지증권 서울지점,B,SF018,유가증권 보유현황(기타포괄손익-공정가치측정증권),A5,회사채,,,,,,,,,,,,,,,,,,,,,, , , , ,0,0,0,0,0,0,0,0,0,0, , ,0,0,0, , , , , ,0,0,0,0,0,0,0,0,0,0,0
596,외국계증권사,14595,아이엔지증권 서울지점,B,SF018,유가증권 보유현황(기타포괄손익-공정가치측정증권),A6,집합투자증권,,,,,,,,,,,,,,,,,,,,,,0,0,0,0,0,0,0,0,0,0,0,0,0,0,0,0,0,0,0,0,0,0,0,0,0,0,0,0,0,0,0,0,0,0,0
597,외국계증권사,14595,아이엔지증권 서울지점,B,SF018,유가증권 보유현황(기타포괄손익-공정가치측정증권),A7,기업어음증권,,,,,,,,,,,,,,,,,,,,,, , , , ,0,0,0,0,0,0,0,0,0,0, , ,0,0,0, , , , , ,0,0,0,0,0,0,0,0,0,0,0
598,외국계증권사,14595,아이엔지증권 서울지점,B,SF018,유가증권 보유현황(기타포괄손익-공정가치측정증권),A8,외화증권,,,,,,,,,,,,,,,,,,,,,,0,0,0,0,0,0,0,0,0,0,0,0,0,0,0,0,0,0,0,0,0,0,0,0,0,0,0,0,0,0,0,0,0,0,0
599,외국계증권사,14595,아이엔지증권 서울지점,B,SF018,유가증권 보유현황(기타포괄손익-공정가치측정증권),A9,기타,,,,,,,,,,,,,,,,,,,,,, , , , ,0,0,0,0,0,0,0,0,0,0, , ,0,0,0, , , , , ,0,0,0,0,0,0,0,0,0,0,0
600,외국계증권사,15535,미즈호증권아시아리미티드 서울지점,B,SF018,유가증권 보유현황(기타포괄손익-공정가치측정증권),A,기타포괄손익-공정가치측정증권,,,,,,,,,,,,,,,,,,,,,,,,,,,0,0,0,0,0,0,0,0,0,0,0,0,0,0,0,0,0,0,0,0,0,0,0,0,0,0,0,0,0,0
601,외국계증권사,15535,미즈호증권아시아리미티드 서울지점,B,SF018,유가증권 보유현황(기타포괄손익-공정가치측정증권),A1,주식,,,,,,,,,,,,,,,,,,,,,,,,,,,0,0,0,0,0,0,0,0,0,0,0,0,0,0,0,0,0,0,0,0,0,0,0,0,0,0,0,0,0,0
602,외국계증권사,15535,미즈호증권아시아리미티드 서울지점,B,SF018,유가증권 보유현황(기타포괄손익-공정가치측정증권),A2,출자금,,,,,,,,,,,,,,,,,,,,,,,,,,,0,0,0,0,0,0,0,0,0,0,0,0,0,0,0,0,0,0,0,0,0,0,0,0,0,0,0,0,0,0
603,외국계증권사,15535,미즈호증권아시아리미티드 서울지점,B,SF018,유가증권 보유현황(기타포괄손익-공정가치측정증권),A3,국채·지방채,,,,,,,,,,,,,,,,,,,,,,,,,,,0,0,0,0,0,0,0,0,0,0,0,0,0,0,0,0,0,0,0,0,0,0,0,0,0,0,0,0,0,0
604,외국계증권사,15535,미즈호증권아시아리미티드 서울지점,B,SF018,유가증권 보유현황(기타포괄손익-공정가치측정증권),A4,특수채,,,,,,,,,,,,,,,,,,,,,,,,,,,0,0,0,0,0,0,0,0,0,0,0,0,0,0,0,0,0,0,0,0,0,0,0,0,0,0,0,0,0,0
605,외국계증권사,15535,미즈호증권아시아리미티드 서울지점,B,SF018,유가증권 보유현황(기타포괄손익-공정가치측정증권),A5,회사채,,,,,,,,,,,,,,,,,,,,,,,,,,,0,0,0,0,0,0,0,0,0,0,0,0,0,0,0,0,0,0,0,0,0,0,0,0,0,0,0,0,0,0
606,외국계증권사,15535,미즈호증권아시아리미티드 서울지점,B,SF018,유가증권 보유현황(기타포괄손익-공정가치측정증권),A6,집합투자증권,,,,,,,,,,,,,,,,,,,,,,,,,,,0,0,0,0,0,0,0,0,0,0,0,0,0,0,0,0,0,0,0,0,0,0,0,0,0,0,0,0,0,0
607,외국계증권사,15535,미즈호증권아시아리미티드 서울지점,B,SF018,유가증권 보유현황(기타포괄손익-공정가치측정증권),A7,기업어음증권,,,,,,,,,,,,,,,,,,,,,,,,,,,0,0,0,0,0,0,0,0,0,0,0,0,0,0,0,0,0,0,0,0,0,0,0,0,0,0,0,0,0,0
608,외국계증권사,15535,미즈호증권아시아리미티드 서울지점,B,SF018,유가증권 보유현황(기타포괄손익-공정가치측정증권),A8,외화증권,,,,,,,,,,,,,,,,,,,,,,,,,,,0,0,0,0,0,0,0,0,0,0,0,0,0,0,0,0,0,0,0,0,0,0,0,0,0,0,0,0,0,0
609,외국계증권사,15535,미즈호증권아시아리미티드 서울지점,B,SF018,유가증권 보유현황(기타포괄손익-공정가치측정증권),A9,기타,,,,,,,,,,,,,,,,,,,,,,,,,,,0,0,0,0,0,0,0,0,0,0,0,0,0,0,0,0,0,0,0,0,0,0,0,0,0,0,0,0,0,0
610,외국계증권사,20016,나틱시스증권 서울지점,B,SF018,유가증권 보유현황(기타포괄손익-공정가치측정증권),A,기타포괄손익-공정가치측정증권,,,,,,,,,,,,,,,,,,,,,,,,,,,,,,,,,,,,,,,,,,,,,,,,0,0,0,0,0,0,0,0,0
611,외국계증권사,20016,나틱시스증권 서울지점,B,SF018,유가증권 보유현황(기타포괄손익-공정가치측정증권),A1,주식,,,,,,,,,,,,,,,,,,,,,,,,,,,,,,,,,,,,,,,,,,,,,,,,0,0,0,0,0,0,0,0,0
612,외국계증권사,20016,나틱시스증권 서울지점,B,SF018,유가증권 보유현황(기타포괄손익-공정가치측정증권),A2,출자금,,,,,,,,,,,,,,,,,,,,,,,,,,,,,,,,,,,,,,,,,,,,,,,,0,0,0,0,0,0,0,0,0
613,외국계증권사,20016,나틱시스증권 서울지점,B,SF018,유가증권 보유현황(기타포괄손익-공정가치측정증권),A3,국채·지방채,,,,,,,,,,,,,,,,,,,,,,,,,,,,,,,,,,,,,,,,,,,,,,,,0,0,0,0,0,0,0,0,0
614,외국계증권사,20016,나틱시스증권 서울지점,B,SF018,유가증권 보유현황(기타포괄손익-공정가치측정증권),A4,특수채,,,,,,,,,,,,,,,,,,,,,,,,,,,,,,,,,,,,,,,,,,,,,,,,0,0,0,0,0,0,0,0,0
615,외국계증권사,20016,나틱시스증권 서울지점,B,SF018,유가증권 보유현황(기타포괄손익-공정가치측정증권),A5,회사채,,,,,,,,,,,,,,,,,,,,,,,,,,,,,,,,,,,,,,,,,,,,,,,,0,0,0,0,0,0,0,0,0
616,외국계증권사,20016,나틱시스증권 서울지점,B,SF018,유가증권 보유현황(기타포괄손익-공정가치측정증권),A6,집합투자증권,,,,,,,,,,,,,,,,,,,,,,,,,,,,,,,,,,,,,,,,,,,,,,,,0,0,0,0,0,0,0,0,0
617,외국계증권사,20016,나틱시스증권 서울지점,B,SF018,유가증권 보유현황(기타포괄손익-공정가치측정증권),A7,기업어음증권,,,,,,,,,,,,,,,,,,,,,,,,,,,,,,,,,,,,,,,,,,,,,,,,0,0,0,0,0,0,0,0,0
618,외국계증권사,20016,나틱시스증권 서울지점,B,SF018,유가증권 보유현황(기타포괄손익-공정가치측정증권),A8,외화증권,,,,,,,,,,,,,,,,,,,,,,,,,,,,,,,,,,,,,,,,,,,,,,,,0,0,0,0,0,0,0,0,0
619,외국계증권사,20016,나틱시스증권 서울지점,B,SF018,유가증권 보유현황(기타포괄손익-공정가치측정증권),A9,기타,,,,,,,,,,,,,,,,,,,,,,,,,,,,,,,,,,,,,,,,,,,,,,,,0,0,0,0,0,0,0,0,0
